block,eligible_packets,epoch,relative_energy_fraction_max_error,relative_energy_fraction_variance_mean,seed,variant
time.0,28,1,1.4901161193847656e-08,0.0002557035186327994,2026092701,energy_equivariant
time.1,28,1,7.450580596923828e-09,0.00015002480358816683,2026092701,energy_equivariant
time.2,28,1,1.4901161193847656e-08,0.00029410311253741384,2026092701,energy_equivariant
behavior.0,28,1,1.4901161193847656e-08,0.00012016497203148901,2026092701,energy_equivariant
behavior.1,28,1,1.4901161193847656e-08,0.00029214724781922996,2026092701,energy_equivariant
behavior.2,28,1,1.4901161193847656e-08,0.00018115878629032522,2026092701,energy_equivariant
time.0,28,2,1.4901161193847656e-08,0.00024363113334402442,2026092701,energy_equivariant
time.1,28,2,1.4901161193847656e-08,0.00013607788423541933,2026092701,energy_equivariant
time.2,28,2,1.4901161193847656e-08,0.0004165970894973725,2026092701,energy_equivariant
behavior.0,28,2,1.4901161193847656e-08,0.0001529346191091463,2026092701,energy_equivariant
behavior.1,28,2,1.4901161193847656e-08,0.00020418158965185285,2026092701,energy_equivariant
behavior.2,28,2,2.2351741790771484e-08,0.00015402193821500987,2026092701,energy_equivariant
time.0,28,3,1.4901161193847656e-08,0.00027711130678653717,2026092701,energy_equivariant
time.1,28,3,1.4901161193847656e-08,0.00015121357864700258,2026092701,energy_equivariant
time.2,28,3,1.4901161193847656e-08,0.00038307232898660004,2026092701,energy_equivariant
behavior.0,28,3,1.4901161193847656e-08,0.00014190818183124065,2026092701,energy_equivariant
behavior.1,28,3,1.4901161193847656e-08,0.00020973531354684383,2026092701,energy_equivariant
behavior.2,28,3,1.1175870895385742e-08,0.0001700734137557447,2026092701,energy_equivariant
time.0,28,4,1.4901161193847656e-08,0.0002564658934716135,2026092701,energy_equivariant
time.1,28,4,1.4901161193847656e-08,0.00015894618991296738,2026092701,energy_equivariant
time.2,28,4,1.4901161193847656e-08,0.00038307381328195333,2026092701,energy_equivariant
behavior.0,28,4,1.1175870895385742e-08,0.00015684706158936024,2026092701,energy_equivariant
behavior.1,28,4,1.4901161193847656e-08,0.00019377903663553298,2026092701,energy_equivariant
behavior.2,28,4,1.4901161193847656e-08,0.0001624630531296134,2026092701,energy_equivariant
time.0,28,5,2.2351741790771484e-08,0.00032392036519013345,2026092701,energy_equivariant
time.1,28,5,1.4901161193847656e-08,0.00018663462833501399,2026092701,energy_equivariant
time.2,28,5,2.2351741790771484e-08,0.0004319546278566122,2026092701,energy_equivariant
behavior.0,28,5,1.4901161193847656e-08,0.0001840269542299211,2026092701,energy_equivariant
behavior.1,28,5,1.1175870895385742e-08,0.00016424634668510407,2026092701,energy_equivariant
behavior.2,28,5,1.4901161193847656e-08,0.0001312584208790213,2026092701,energy_equivariant
time.0,28,6,1.4901161193847656e-08,0.00031947478419169784,2026092701,energy_equivariant
time.1,28,6,1.4901161193847656e-08,0.00018495750555302948,2026092701,energy_equivariant
time.2,28,6,2.2351741790771484e-08,0.0004042933869641274,2026092701,energy_equivariant
behavior.0,28,6,1.4901161193847656e-08,0.00017361683421768248,2026092701,energy_equivariant
behavior.1,28,6,1.1175870895385742e-08,0.0001550302404211834,2026092701,energy_equivariant
behavior.2,28,6,1.4901161193847656e-08,0.00013328317436389625,2026092701,energy_equivariant
time.0,28,7,2.2351741790771484e-08,0.00035966900759376585,2026092701,energy_equivariant
time.1,28,7,1.4901161193847656e-08,0.00020816676260437816,2026092701,energy_equivariant
time.2,28,7,1.4901161193847656e-08,0.0004565250710584223,2026092701,energy_equivariant
behavior.0,28,7,1.4901161193847656e-08,0.00018607155652716756,2026092701,energy_equivariant
behavior.1,28,7,1.4901161193847656e-08,0.00015472961240448058,2026092701,energy_equivariant
behavior.2,28,7,1.4901161193847656e-08,0.00013938867778051645,2026092701,energy_equivariant
time.0,28,8,1.4901161193847656e-08,0.0003276417264714837,2026092701,energy_equivariant
time.1,28,8,1.4901161193847656e-08,0.00018521178571972996,2026092701,energy_equivariant
time.2,28,8,1.4901161193847656e-08,0.0004229406185913831,2026092701,energy_equivariant
behavior.0,28,8,1.4901161193847656e-08,0.0001639962720219046,2026092701,energy_equivariant
behavior.1,28,8,1.4901161193847656e-08,0.0001459250779589638,2026092701,energy_equivariant
behavior.2,28,8,1.4901161193847656e-08,0.00016585146659053862,2026092701,energy_equivariant
time.0,28,9,2.2351741790771484e-08,0.0002667357330210507,2026092701,energy_equivariant
time.1,28,9,1.4901161193847656e-08,0.0001794926793081686,2026092701,energy_equivariant
time.2,28,9,2.2351741790771484e-08,0.00037577145849354565,2026092701,energy_equivariant
behavior.0,28,9,1.4901161193847656e-08,0.00018420266860630363,2026092701,energy_equivariant
behavior.1,28,9,1.4901161193847656e-08,0.0001621756237000227,2026092701,energy_equivariant
behavior.2,28,9,1.4901161193847656e-08,0.00014820513024460524,2026092701,energy_equivariant
time.0,28,10,1.4901161193847656e-08,0.00026962184347212315,2026092701,energy_equivariant
time.1,28,10,1.4901161193847656e-08,0.00017748255049809813,2026092701,energy_equivariant
time.2,28,10,1.4901161193847656e-08,0.00035464498796500266,2026092701,energy_equivariant
behavior.0,28,10,1.4901161193847656e-08,0.00018862109573092312,2026092701,energy_equivariant
behavior.1,28,10,1.4901161193847656e-08,0.0001524328690720722,2026092701,energy_equivariant
behavior.2,28,10,1.1175870895385742e-08,0.000141331969643943,2026092701,energy_equivariant
time.0,28,11,1.4901161193847656e-08,0.00032129790633916855,2026092701,energy_equivariant
time.1,28,11,1.4901161193847656e-08,0.0001763834006851539,2026092701,energy_equivariant
time.2,28,11,1.4901161193847656e-08,0.00042843850678764284,2026092701,energy_equivariant
behavior.0,28,11,1.4901161193847656e-08,0.00018381717381998897,2026092701,energy_equivariant
behavior.1,28,11,1.4901161193847656e-08,0.00014719078899361193,2026092701,energy_equivariant
behavior.2,28,11,1.4901161193847656e-08,0.00014080955588724464,2026092701,energy_equivariant
time.0,28,12,1.4901161193847656e-08,0.00027447016327641904,2026092701,energy_equivariant
time.1,28,12,1.1175870895385742e-08,0.00014480474055744708,2026092701,energy_equivariant
time.2,28,12,2.2351741790771484e-08,0.00037961520138196647,2026092701,energy_equivariant
behavior.0,28,12,1.4901161193847656e-08,0.00018952011305373162,2026092701,energy_equivariant
behavior.1,28,12,1.4901161193847656e-08,0.00014419386570807546,2026092701,energy_equivariant
behavior.2,28,12,1.1175870895385742e-08,0.00016501310165040195,2026092701,energy_equivariant
time.0,28,13,1.4901161193847656e-08,0.00026985295698978007,2026092701,energy_equivariant
time.1,28,13,1.4901161193847656e-08,0.00015369211905635893,2026092701,energy_equivariant
time.2,28,13,2.2351741790771484e-08,0.0004112710303161293,2026092701,energy_equivariant
behavior.0,28,13,1.4901161193847656e-08,0.0001659054250922054,2026092701,energy_equivariant
behavior.1,28,13,1.1175870895385742e-08,0.00014633970567956567,2026092701,energy_equivariant
behavior.2,28,13,1.4901161193847656e-08,0.00017839194333646446,2026092701,energy_equivariant
time.0,28,14,1.4901161193847656e-08,0.00032068617292679846,2026092701,energy_equivariant
time.1,28,14,1.4901161193847656e-08,0.0001831151166697964,2026092701,energy_equivariant
time.2,28,14,1.4901161193847656e-08,0.00043465945054776967,2026092701,energy_equivariant
behavior.0,28,14,1.4901161193847656e-08,0.0001883713121060282,2026092701,energy_equivariant
behavior.1,28,14,1.1175870895385742e-08,0.00015145896759349853,2026092701,energy_equivariant
behavior.2,28,14,1.4901161193847656e-08,0.00019153361790813506,2026092701,energy_equivariant
time.0,28,15,1.4901161193847656e-08,0.00030688056722283363,2026092701,energy_equivariant
time.1,28,15,1.4901161193847656e-08,0.00017816350737120956,2026092701,energy_equivariant
time.2,28,15,2.2351741790771484e-08,0.00048740822239778936,2026092701,energy_equivariant
behavior.0,28,15,1.4901161193847656e-08,0.00018047548655886203,2026092701,energy_equivariant
behavior.1,28,15,2.2351741790771484e-08,0.00014732980343978852,2026092701,energy_equivariant
behavior.2,28,15,1.4901161193847656e-08,0.0001631854975130409,2026092701,energy_equivariant
time.0,28,16,1.4901161193847656e-08,0.0003306124417576939,2026092701,energy_equivariant
time.1,28,16,1.4901161193847656e-08,0.0001792861585272476,2026092701,energy_equivariant
time.2,28,16,2.2351741790771484e-08,0.00048015036736615,2026092701,energy_equivariant
behavior.0,28,16,1.4901161193847656e-08,0.00022478635946754366,2026092701,energy_equivariant
behavior.1,28,16,1.4901161193847656e-08,0.00015405830345116556,2026092701,energy_equivariant
behavior.2,28,16,1.1175870895385742e-08,0.00016440822219010442,2026092701,energy_equivariant
time.0,28,17,1.4901161193847656e-08,0.0002927705645561218,2026092701,energy_equivariant
time.1,28,17,1.4901161193847656e-08,0.00017588048649486154,2026092701,energy_equivariant
time.2,28,17,1.4901161193847656e-08,0.0004238956607878208,2026092701,energy_equivariant
behavior.0,28,17,1.1175870895385742e-08,0.00017949593893717974,2026092701,energy_equivariant
behavior.1,28,17,1.4901161193847656e-08,0.00013949803542345762,2026092701,energy_equivariant
behavior.2,28,17,1.1175870895385742e-08,0.00015690112195443362,2026092701,energy_equivariant
time.0,28,18,1.4901161193847656e-08,0.0003493615658953786,2026092701,energy_equivariant
time.1,28,18,1.1175870895385742e-08,0.0001994780614040792,2026092701,energy_equivariant
time.2,28,18,2.9802322387695312e-08,0.0005202936008572578,2026092701,energy_equivariant
behavior.0,28,18,1.4901161193847656e-08,0.00020728871459141374,2026092701,energy_equivariant
behavior.1,28,18,1.4901161193847656e-08,0.00014976144302636385,2026092701,energy_equivariant
behavior.2,28,18,1.1175870895385742e-08,0.0001336040295427665,2026092701,energy_equivariant
time.0,28,19,1.4901161193847656e-08,0.00032205102615989745,2026092701,energy_equivariant
time.1,28,19,1.4901161193847656e-08,0.00018749669834505767,2026092701,energy_equivariant
time.2,28,19,2.2351741790771484e-08,0.0004813871637452394,2026092701,energy_equivariant
behavior.0,28,19,1.4901161193847656e-08,0.00020952295744791627,2026092701,energy_equivariant
behavior.1,28,19,1.4901161193847656e-08,0.00014517024101223797,2026092701,energy_equivariant
behavior.2,28,19,1.4901161193847656e-08,0.0001391713012708351,2026092701,energy_equivariant
time.0,28,20,2.2351741790771484e-08,0.0003723901463672519,2026092701,energy_equivariant
time.1,28,20,1.4901161193847656e-08,0.00023341196356341243,2026092701,energy_equivariant
time.2,28,20,1.4901161193847656e-08,0.0006014529499225318,2026092701,energy_equivariant
behavior.0,28,20,1.1175870895385742e-08,0.00021718388597946614,2026092701,energy_equivariant
behavior.1,28,20,1.4901161193847656e-08,0.00015314080519601703,2026092701,energy_equivariant
behavior.2,28,20,1.1175870895385742e-08,0.00014566638856194913,2026092701,energy_equivariant
time.0,28,21,1.4901161193847656e-08,0.0003325011348351836,2026092701,energy_equivariant
time.1,28,21,1.4901161193847656e-08,0.00020696547289844602,2026092701,energy_equivariant
time.2,28,21,2.2351741790771484e-08,0.0005722132627852261,2026092701,energy_equivariant
behavior.0,28,21,1.4901161193847656e-08,0.00018929883663076907,2026092701,energy_equivariant
behavior.1,28,21,1.4901161193847656e-08,0.00013865670189261436,2026092701,energy_equivariant
behavior.2,28,21,1.4901161193847656e-08,0.00014877434296067804,2026092701,energy_equivariant
time.0,28,22,1.4901161193847656e-08,0.0002971809881273657,2026092701,energy_equivariant
time.1,28,22,1.4901161193847656e-08,0.00018710839503910393,2026092701,energy_equivariant
time.2,28,22,1.4901161193847656e-08,0.000535707687959075,2026092701,energy_equivariant
behavior.0,28,22,1.4901161193847656e-08,0.00022403082402888685,2026092701,energy_equivariant
behavior.1,28,22,1.4901161193847656e-08,0.00015053637616802007,2026092701,energy_equivariant
behavior.2,28,22,1.4901161193847656e-08,0.00017907595611177385,2026092701,energy_equivariant
time.0,28,23,2.9802322387695312e-08,0.00026522050029598176,2026092701,energy_equivariant
time.1,28,23,1.1175870895385742e-08,0.00016900042828638107,2026092701,energy_equivariant
time.2,28,23,1.4901161193847656e-08,0.0005137872649356723,2026092701,energy_equivariant
behavior.0,28,23,1.4901161193847656e-08,0.0001916990295285359,2026092701,energy_equivariant
behavior.1,28,23,1.4901161193847656e-08,0.0001396220177412033,2026092701,energy_equivariant
behavior.2,28,23,1.1175870895385742e-08,0.0001632152561796829,2026092701,energy_equivariant
time.0,28,24,1.4901161193847656e-08,0.000318013655487448,2026092701,energy_equivariant
time.1,28,24,2.2351741790771484e-08,0.00019265171431470662,2026092701,energy_equivariant
time.2,28,24,1.4901161193847656e-08,0.0005609520594589412,2026092701,energy_equivariant
behavior.0,28,24,1.4901161193847656e-08,0.00020264908380340785,2026092701,energy_equivariant
behavior.1,28,24,1.4901161193847656e-08,0.00014490983448922634,2026092701,energy_equivariant
behavior.2,28,24,1.4901161193847656e-08,0.00018969738448504359,2026092701,energy_equivariant
time.0,28,25,1.862645149230957e-08,0.0003224155807401985,2026092701,energy_equivariant
time.1,28,25,1.4901161193847656e-08,0.0002109754568664357,2026092701,energy_equivariant
time.2,28,25,1.4901161193847656e-08,0.0005778850754722953,2026092701,energy_equivariant
behavior.0,28,25,1.4901161193847656e-08,0.00018096543499268591,2026092701,energy_equivariant
behavior.1,28,25,1.4901161193847656e-08,0.00013330267393030226,2026092701,energy_equivariant
behavior.2,28,25,1.4901161193847656e-08,0.0001568195002619177,2026092701,energy_equivariant
time.0,28,26,2.2351741790771484e-08,0.00037927835364826024,2026092701,energy_equivariant
time.1,28,26,2.2351741790771484e-08,0.00023192031949292868,2026092701,energy_equivariant
time.2,28,26,1.4901161193847656e-08,0.0006919848965480924,2026092701,energy_equivariant
behavior.0,28,26,1.4901161193847656e-08,0.00017942528938874602,2026092701,energy_equivariant
behavior.1,28,26,1.4901161193847656e-08,0.0001313903194386512,2026092701,energy_equivariant
behavior.2,28,26,1.1175870895385742e-08,0.00017726699297782034,2026092701,energy_equivariant
time.0,28,27,1.4901161193847656e-08,0.0004058860067743808,2026092701,energy_equivariant
time.1,28,27,1.4901161193847656e-08,0.00024025284801609814,2026092701,energy_equivariant
time.2,28,27,2.9802322387695312e-08,0.0007156616193242371,2026092701,energy_equivariant
behavior.0,28,27,1.4901161193847656e-08,0.00021013792138546705,2026092701,energy_equivariant
behavior.1,28,27,1.1175870895385742e-08,0.00012633872393053025,2026092701,energy_equivariant
behavior.2,28,27,1.4901161193847656e-08,0.0001323208853136748,2026092701,energy_equivariant
time.0,28,28,1.4901161193847656e-08,0.00028493214631453156,2026092701,energy_equivariant
time.1,28,28,1.4901161193847656e-08,0.0001689398632152006,2026092701,energy_equivariant
time.2,28,28,2.2351741790771484e-08,0.0005619990406557918,2026092701,energy_equivariant
behavior.0,28,28,1.4901161193847656e-08,0.0001786098728189245,2026092701,energy_equivariant
behavior.1,28,28,1.4901161193847656e-08,0.0001295551483053714,2026092701,energy_equivariant
behavior.2,28,28,1.4901161193847656e-08,0.00017196117551065981,2026092701,energy_equivariant
time.0,28,29,1.4901161193847656e-08,0.00034108880208805203,2026092701,energy_equivariant
time.1,28,29,2.2351741790771484e-08,0.0002136681869160384,2026092701,energy_equivariant
time.2,28,29,2.2351741790771484e-08,0.0006396797252818942,2026092701,energy_equivariant
behavior.0,28,29,1.4901161193847656e-08,0.00019165918638464063,2026092701,energy_equivariant
behavior.1,28,29,1.4901161193847656e-08,0.00013561343075707555,2026092701,energy_equivariant
behavior.2,28,29,1.4901161193847656e-08,0.0001352764229523018,2026092701,energy_equivariant
time.0,28,30,1.4901161193847656e-08,0.00030116905691102147,2026092701,energy_equivariant
time.1,28,30,1.4901161193847656e-08,0.00019141912343911827,2026092701,energy_equivariant
time.2,28,30,2.9802322387695312e-08,0.0006013262900523841,2026092701,energy_equivariant
behavior.0,28,30,1.4901161193847656e-08,0.00021150991960894316,2026092701,energy_equivariant
behavior.1,28,30,1.4901161193847656e-08,0.00014441604434978217,2026092701,energy_equivariant
behavior.2,28,30,1.4901161193847656e-08,0.00014444231055676937,2026092701,energy_equivariant
time.0,28,31,1.4901161193847656e-08,0.00030798884108662605,2026092701,energy_equivariant
time.1,28,31,1.4901161193847656e-08,0.0001946712436620146,2026092701,energy_equivariant
time.2,28,31,2.2351741790771484e-08,0.0005967802717350423,2026092701,energy_equivariant
behavior.0,28,31,1.4901161193847656e-08,0.0002269173855893314,2026092701,energy_equivariant
behavior.1,28,31,1.4901161193847656e-08,0.00014189910143613815,2026092701,energy_equivariant
behavior.2,28,31,1.1175870895385742e-08,0.00015369351604022086,2026092701,energy_equivariant
time.0,28,32,2.2351741790771484e-08,0.0003396742104087025,2026092701,energy_equivariant
time.1,28,32,1.4901161193847656e-08,0.00020373037841636688,2026092701,energy_equivariant
time.2,28,32,2.9802322387695312e-08,0.0006396828102879226,2026092701,energy_equivariant
behavior.0,28,32,2.2351741790771484e-08,0.00019044805958401412,2026092701,energy_equivariant
behavior.1,28,32,1.4901161193847656e-08,0.00013085202954243869,2026092701,energy_equivariant
behavior.2,28,32,2.2351741790771484e-08,0.00017710469546727836,2026092701,energy_equivariant
time.0,28,33,1.4901161193847656e-08,0.0002550996723584831,2026092701,energy_equivariant
time.1,28,33,1.4901161193847656e-08,0.00017036758072208613,2026092701,energy_equivariant
time.2,28,33,1.4901161193847656e-08,0.0005109402700327337,2026092701,energy_equivariant
behavior.0,28,33,1.4901161193847656e-08,0.00022263424762059003,2026092701,energy_equivariant
behavior.1,28,33,1.1175870895385742e-08,0.0001371044054394588,2026092701,energy_equivariant
behavior.2,28,33,1.1175870895385742e-08,0.00012755214993376285,2026092701,energy_equivariant
time.0,28,34,1.4901161193847656e-08,0.0002701779012568295,2026092701,energy_equivariant
time.1,28,34,1.4901161193847656e-08,0.00018148502567782998,2026092701,energy_equivariant
time.2,28,34,2.2351741790771484e-08,0.0005729086697101593,2026092701,energy_equivariant
behavior.0,28,34,1.4901161193847656e-08,0.00017871399177238345,2026092701,energy_equivariant
behavior.1,28,34,1.4901161193847656e-08,0.00013098778435960412,2026092701,energy_equivariant
behavior.2,28,34,1.4901161193847656e-08,0.00018116443243343383,2026092701,energy_equivariant
time.0,28,35,2.2351741790771484e-08,0.00037647629505954683,2026092701,energy_equivariant
time.1,28,35,1.4901161193847656e-08,0.00023899413645267487,2026092701,energy_equivariant
time.2,28,35,2.9802322387695312e-08,0.0007783912005834281,2026092701,energy_equivariant
behavior.0,28,35,1.4901161193847656e-08,0.00020488120208028704,2026092701,energy_equivariant
behavior.1,28,35,1.4901161193847656e-08,0.0001356710126856342,2026092701,energy_equivariant
behavior.2,28,35,1.4901161193847656e-08,0.00016495252202730626,2026092701,energy_equivariant
time.0,28,36,1.4901161193847656e-08,0.0002809037978295237,2026092701,energy_equivariant
time.1,28,36,1.4901161193847656e-08,0.0001915815082611516,2026092701,energy_equivariant
time.2,28,36,1.4901161193847656e-08,0.0005862961988896132,2026092701,energy_equivariant
behavior.0,28,36,1.4901161193847656e-08,0.00020958430832251906,2026092701,energy_equivariant
behavior.1,28,36,1.4901161193847656e-08,0.00013159126683603972,2026092701,energy_equivariant
behavior.2,28,36,1.4901161193847656e-08,0.00015851156786084175,2026092701,energy_equivariant
time.0,28,37,1.4901161193847656e-08,0.00033810941386036575,2026092701,energy_equivariant
time.1,28,37,1.4901161193847656e-08,0.00020361985662020743,2026092701,energy_equivariant
time.2,28,37,2.9802322387695312e-08,0.0007115860935300589,2026092701,energy_equivariant
behavior.0,28,37,1.4901161193847656e-08,0.00021601023036055267,2026092701,energy_equivariant
behavior.1,28,37,1.4901161193847656e-08,0.00013833935372531414,2026092701,energy_equivariant
behavior.2,28,37,7.450580596923828e-09,0.00017737975576892495,2026092701,energy_equivariant
time.0,28,38,2.2351741790771484e-08,0.00030934304231777787,2026092701,energy_equivariant
time.1,28,38,1.1175870895385742e-08,0.00019624544074758887,2026092701,energy_equivariant
time.2,28,38,2.9802322387695312e-08,0.0007174107013270259,2026092701,energy_equivariant
behavior.0,28,38,1.4901161193847656e-08,0.0002326575486222282,2026092701,energy_equivariant
behavior.1,28,38,1.4901161193847656e-08,0.00013871285773348063,2026092701,energy_equivariant
behavior.2,28,38,1.1175870895385742e-08,0.00015500065637752414,2026092701,energy_equivariant
time.0,28,39,2.2351741790771484e-08,0.0003030640655197203,2026092701,energy_equivariant
time.1,28,39,1.4901161193847656e-08,0.00018109401571564376,2026092701,energy_equivariant
time.2,28,39,2.9802322387695312e-08,0.0007205866859294474,2026092701,energy_equivariant
behavior.0,28,39,2.2351741790771484e-08,0.00018133902631234378,2026092701,energy_equivariant
behavior.1,28,39,1.1175870895385742e-08,0.0001235425879713148,2026092701,energy_equivariant
behavior.2,28,39,1.4901161193847656e-08,0.0001838492025854066,2026092701,energy_equivariant
time.0,28,40,1.4901161193847656e-08,0.00024406882585026324,2026092701,energy_equivariant
time.1,28,40,1.4901161193847656e-08,0.0001607597223483026,2026092701,energy_equivariant
time.2,28,40,1.4901161193847656e-08,0.0005548233748413622,2026092701,energy_equivariant
behavior.0,28,40,1.4901161193847656e-08,0.00020561656856443733,2026092701,energy_equivariant
behavior.1,28,40,1.4901161193847656e-08,0.00013687420869246125,2026092701,energy_equivariant
behavior.2,28,40,1.4901161193847656e-08,0.0001713552774162963,2026092701,energy_equivariant
time.0,28,41,1.4901161193847656e-08,0.000309748254949227,2026092701,energy_equivariant
time.1,28,41,1.4901161193847656e-08,0.0001946998090716079,2026092701,energy_equivariant
time.2,28,41,2.9802322387695312e-08,0.0007136001368053257,2026092701,energy_equivariant
behavior.0,28,41,1.4901161193847656e-08,0.00020837229385506362,2026092701,energy_equivariant
behavior.1,28,41,7.450580596923828e-09,0.00012799307296518236,2026092701,energy_equivariant
behavior.2,28,41,1.1175870895385742e-08,0.00014148523041512817,2026092701,energy_equivariant
time.0,28,42,2.2351741790771484e-08,0.00037598732160404325,2026092701,energy_equivariant
time.1,28,42,1.4901161193847656e-08,0.000235502069699578,2026092701,energy_equivariant
time.2,28,42,2.9802322387695312e-08,0.0008150688954629004,2026092701,energy_equivariant
behavior.0,28,42,1.4901161193847656e-08,0.000239632063312456,2026092701,energy_equivariant
behavior.1,28,42,1.4901161193847656e-08,0.0001323541800957173,2026092701,energy_equivariant
behavior.2,28,42,1.1175870895385742e-08,0.00014484560233540833,2026092701,energy_equivariant
time.0,28,43,1.4901161193847656e-08,0.0002767384867183864,2026092701,energy_equivariant
time.1,28,43,1.4901161193847656e-08,0.00017371604917570949,2026092701,energy_equivariant
time.2,28,43,2.2351741790771484e-08,0.0006315658101812005,2026092701,energy_equivariant
behavior.0,28,43,1.4901161193847656e-08,0.0001903648371808231,2026092701,energy_equivariant
behavior.1,28,43,1.4901161193847656e-08,0.00013004295760765672,2026092701,energy_equivariant
behavior.2,28,43,1.4901161193847656e-08,0.00017191583174280822,2026092701,energy_equivariant
time.0,28,44,1.4901161193847656e-08,0.00030543230241164565,2026092701,energy_equivariant
time.1,28,44,1.4901161193847656e-08,0.00019078720652032644,2026092701,energy_equivariant
time.2,28,44,1.4901161193847656e-08,0.0006806488963775337,2026092701,energy_equivariant
behavior.0,28,44,1.4901161193847656e-08,0.00021944673790130764,2026092701,energy_equivariant
behavior.1,28,44,1.4901161193847656e-08,0.00012971814430784434,2026092701,energy_equivariant
behavior.2,28,44,2.2351741790771484e-08,0.00015351237379945815,2026092701,energy_equivariant
time.0,28,45,1.4901161193847656e-08,0.000290915893856436,2026092701,energy_equivariant
time.1,28,45,1.4901161193847656e-08,0.00018023289158008993,2026092701,energy_equivariant
time.2,28,45,2.9802322387695312e-08,0.0007047753315418959,2026092701,energy_equivariant
behavior.0,28,45,1.4901161193847656e-08,0.00021183426724746823,2026092701,energy_equivariant
behavior.1,28,45,1.1175870895385742e-08,0.00013155794295016676,2026092701,energy_equivariant
behavior.2,28,45,1.4901161193847656e-08,0.00016604883421678096,2026092701,energy_equivariant
time.0,28,46,2.2351741790771484e-08,0.00034031138056889176,2026092701,energy_equivariant
time.1,28,46,1.4901161193847656e-08,0.00021617657330352813,2026092701,energy_equivariant
time.2,28,46,2.9802322387695312e-08,0.0007810096722096205,2026092701,energy_equivariant
behavior.0,28,46,1.4901161193847656e-08,0.00018645489763002843,2026092701,energy_equivariant
behavior.1,28,46,1.4901161193847656e-08,0.00012708394206129014,2026092701,energy_equivariant
behavior.2,28,46,1.4901161193847656e-08,0.00015601978520862758,2026092701,energy_equivariant
time.0,28,47,1.862645149230957e-08,0.00033764162799343467,2026092701,energy_equivariant
time.1,28,47,1.4901161193847656e-08,0.00022664331481792033,2026092701,energy_equivariant
time.2,28,47,2.9802322387695312e-08,0.0008714970899745822,2026092701,energy_equivariant
behavior.0,28,47,1.4901161193847656e-08,0.0002006855938816443,2026092701,energy_equivariant
behavior.1,28,47,1.1175870895385742e-08,0.00011812674347311258,2026092701,energy_equivariant
behavior.2,28,47,1.4901161193847656e-08,0.0001877337199402973,2026092701,energy_equivariant
time.0,28,48,1.4901161193847656e-08,0.0002692397974897176,2026092701,energy_equivariant
time.1,28,48,1.4901161193847656e-08,0.00018782935512717813,2026092701,energy_equivariant
time.2,28,48,2.9802322387695312e-08,0.0007004080689512193,2026092701,energy_equivariant
behavior.0,28,48,2.2351741790771484e-08,0.00021127922809682786,2026092701,energy_equivariant
behavior.1,28,48,1.4901161193847656e-08,0.00013267446774989367,2026092701,energy_equivariant
behavior.2,28,48,1.4901161193847656e-08,0.00017724059580359608,2026092701,energy_equivariant
time.0,28,49,1.4901161193847656e-08,0.00038876986945979297,2026092701,energy_equivariant
time.1,28,49,1.4901161193847656e-08,0.0002530049823690206,2026092701,energy_equivariant
time.2,28,49,2.9802322387695312e-08,0.0009223388624377549,2026092701,energy_equivariant
behavior.0,28,49,1.4901161193847656e-08,0.0002365869440836832,2026092701,energy_equivariant
behavior.1,28,49,1.4901161193847656e-08,0.00012726591376122087,2026092701,energy_equivariant
behavior.2,28,49,1.4901161193847656e-08,0.0001522526581538841,2026092701,energy_equivariant
time.0,28,50,1.4901161193847656e-08,0.0003249559667892754,2026092701,energy_equivariant
time.1,28,50,1.1175870895385742e-08,0.00020673070685006678,2026092701,energy_equivariant
time.2,28,50,1.4901161193847656e-08,0.0007785632624290884,2026092701,energy_equivariant
behavior.0,28,50,1.4901161193847656e-08,0.00018689069838728756,2026092701,energy_equivariant
behavior.1,28,50,1.4901161193847656e-08,0.00012250243162270635,2026092701,energy_equivariant
behavior.2,28,50,1.4901161193847656e-08,0.00016583366959821433,2026092701,energy_equivariant
time.0,28,51,1.4901161193847656e-08,0.00029488923610188067,2026092701,energy_equivariant
time.1,28,51,1.4901161193847656e-08,0.0001951962331077084,2026092701,energy_equivariant
time.2,28,51,4.470348358154297e-08,0.0007421307964250445,2026092701,energy_equivariant
behavior.0,28,51,1.4901161193847656e-08,0.00021257737535052001,2026092701,energy_equivariant
behavior.1,28,51,1.4901161193847656e-08,0.0001250385248567909,2026092701,energy_equivariant
behavior.2,28,51,1.4901161193847656e-08,0.00015352378250099719,2026092701,energy_equivariant
time.0,28,52,2.2351741790771484e-08,0.0002520838170312345,2026092701,energy_equivariant
time.1,28,52,1.1175870895385742e-08,0.00017223044415004551,2026092701,energy_equivariant
time.2,28,52,2.2351741790771484e-08,0.0006779563263989985,2026092701,energy_equivariant
behavior.0,28,52,1.4901161193847656e-08,0.0001891842548502609,2026092701,energy_equivariant
behavior.1,28,52,1.4901161193847656e-08,0.00012643609079532325,2026092701,energy_equivariant
behavior.2,28,52,7.450580596923828e-09,0.00016931621939875185,2026092701,energy_equivariant
time.0,28,53,2.2351741790771484e-08,0.0003082711191382259,2026092701,energy_equivariant
time.1,28,53,1.4901161193847656e-08,0.0001797941658878699,2026092701,energy_equivariant
time.2,28,53,2.9802322387695312e-08,0.0007490280549973249,2026092701,energy_equivariant
behavior.0,28,53,1.4901161193847656e-08,0.00021092874521855265,2026092701,energy_equivariant
behavior.1,28,53,1.1175870895385742e-08,0.00012710911687463522,2026092701,energy_equivariant
behavior.2,28,53,1.1175870895385742e-08,0.0001732185628497973,2026092701,energy_equivariant
time.0,28,54,1.4901161193847656e-08,0.00024798145750537515,2026092701,energy_equivariant
time.1,28,54,1.4901161193847656e-08,0.00016247299208771437,2026092701,energy_equivariant
time.2,28,54,2.9802322387695312e-08,0.000636367010883987,2026092701,energy_equivariant
behavior.0,28,54,1.4901161193847656e-08,0.00020054125343449414,2026092701,energy_equivariant
behavior.1,28,54,1.4901161193847656e-08,0.00012669744319282472,2026092701,energy_equivariant
behavior.2,28,54,1.4901161193847656e-08,0.00017535913502797484,2026092701,energy_equivariant
time.0,28,55,1.4901161193847656e-08,0.00024389220925513655,2026092701,energy_equivariant
time.1,28,55,1.1175870895385742e-08,0.00015589850954711437,2026092701,energy_equivariant
time.2,28,55,2.2351741790771484e-08,0.0006728137959726155,2026092701,energy_equivariant
behavior.0,28,55,1.4901161193847656e-08,0.00017239403678104281,2026092701,energy_equivariant
behavior.1,28,55,1.4901161193847656e-08,0.00012149225949542597,2026092701,energy_equivariant
behavior.2,28,55,1.4901161193847656e-08,0.00017795008898247033,2026092701,energy_equivariant
time.0,28,56,2.2351741790771484e-08,0.0003192182630300522,2026092701,energy_equivariant
time.1,28,56,1.4901161193847656e-08,0.00019612246251199394,2026092701,energy_equivariant
time.2,28,56,2.9802322387695312e-08,0.0008100493578240275,2026092701,energy_equivariant
behavior.0,28,56,1.4901161193847656e-08,0.00017976177332457155,2026092701,energy_equivariant
behavior.1,28,56,1.4901161193847656e-08,0.00012228020932525396,2026092701,energy_equivariant
behavior.2,28,56,1.1175870895385742e-08,0.0001828015665523708,2026092701,energy_equivariant
time.0,28,57,2.2351741790771484e-08,0.00023109727771952748,2026092701,energy_equivariant
time.1,28,57,7.450580596923828e-09,0.00015621434431523085,2026092701,energy_equivariant
time.2,28,57,2.9802322387695312e-08,0.0006070728413760662,2026092701,energy_equivariant
behavior.0,28,57,1.4901161193847656e-08,0.00022115559841040522,2026092701,energy_equivariant
behavior.1,28,57,1.4901161193847656e-08,0.00012956958380527794,2026092701,energy_equivariant
behavior.2,28,57,1.4901161193847656e-08,0.00015670107677578926,2026092701,energy_equivariant
time.0,28,58,2.2351741790771484e-08,0.00031152760493569076,2026092701,energy_equivariant
time.1,28,58,1.4901161193847656e-08,0.00021101298625580966,2026092701,energy_equivariant
time.2,28,58,2.9802322387695312e-08,0.0008471275214105844,2026092701,energy_equivariant
behavior.0,28,58,1.4901161193847656e-08,0.00018632205319590867,2026092701,energy_equivariant
behavior.1,28,58,1.1175870895385742e-08,0.00012342569243628532,2026092701,energy_equivariant
behavior.2,28,58,1.4901161193847656e-08,0.00017097308591473848,2026092701,energy_equivariant
time.0,28,59,1.4901161193847656e-08,0.0002433780173305422,2026092701,energy_equivariant
time.1,28,59,1.1175870895385742e-08,0.0001659124536672607,2026092701,energy_equivariant
time.2,28,59,2.2351741790771484e-08,0.0006814974476583302,2026092701,energy_equivariant
behavior.0,28,59,1.4901161193847656e-08,0.0001901306095533073,2026092701,energy_equivariant
behavior.1,28,59,1.4901161193847656e-08,0.00012432508810888976,2026092701,energy_equivariant
behavior.2,28,59,7.450580596923828e-09,0.0001941747759701684,2026092701,energy_equivariant
time.0,28,60,2.2351741790771484e-08,0.0002784033422358334,2026092701,energy_equivariant
time.1,28,60,1.4901161193847656e-08,0.00019444899226073176,2026092701,energy_equivariant
time.2,28,60,2.2351741790771484e-08,0.0007948426646180451,2026092701,energy_equivariant
behavior.0,28,60,1.4901161193847656e-08,0.0001874573208624497,2026092701,energy_equivariant
behavior.1,28,60,1.1175870895385742e-08,0.00011741581693058833,2026092701,energy_equivariant
behavior.2,28,60,1.1175870895385742e-08,0.00016003262135200202,2026092701,energy_equivariant
time.0,28,61,1.4901161193847656e-08,0.00029056594939902425,2026092701,energy_equivariant
time.1,28,61,1.1175870895385742e-08,0.00020297600713092834,2026092701,energy_equivariant
time.2,28,61,2.9802322387695312e-08,0.0007694790838286281,2026092701,energy_equivariant
behavior.0,28,61,1.4901161193847656e-08,0.0002097505348501727,2026092701,energy_equivariant
behavior.1,28,61,1.4901161193847656e-08,0.00012982536281924695,2026092701,energy_equivariant
behavior.2,28,61,1.4901161193847656e-08,0.0001627738238312304,2026092701,energy_equivariant
time.0,28,62,1.4901161193847656e-08,0.00028426499920897186,2026092701,energy_equivariant
time.1,28,62,1.4901161193847656e-08,0.0001765934139257297,2026092701,energy_equivariant
time.2,28,62,2.9802322387695312e-08,0.0006763017154298723,2026092701,energy_equivariant
behavior.0,28,62,1.4901161193847656e-08,0.0002079703554045409,2026092701,energy_equivariant
behavior.1,28,62,1.4901161193847656e-08,0.00012224812235217541,2026092701,energy_equivariant
behavior.2,28,62,1.4901161193847656e-08,0.00016329289064742625,2026092701,energy_equivariant
time.0,28,63,2.2351741790771484e-08,0.00026019083452410996,2026092701,energy_equivariant
time.1,28,63,1.4901161193847656e-08,0.000171255596796982,2026092701,energy_equivariant
time.2,28,63,2.9802322387695312e-08,0.0006729245069436729,2026092701,energy_equivariant
behavior.0,28,63,2.2351741790771484e-08,0.00020410247088875622,2026092701,energy_equivariant
behavior.1,28,63,1.4901161193847656e-08,0.00013220749679021537,2026092701,energy_equivariant
behavior.2,28,63,1.4901161193847656e-08,0.00020536511146929115,2026092701,energy_equivariant
time.0,28,64,2.2351741790771484e-08,0.00029898376669734716,2026092701,energy_equivariant
time.1,28,64,1.1175870895385742e-08,0.00018486690532881767,2026092701,energy_equivariant
time.2,28,64,2.9802322387695312e-08,0.0008488758467137814,2026092701,energy_equivariant
behavior.0,28,64,1.4901161193847656e-08,0.00019875522411894053,2026092701,energy_equivariant
behavior.1,28,64,1.4901161193847656e-08,0.00012524034536909312,2026092701,energy_equivariant
behavior.2,28,64,1.4901161193847656e-08,0.00018322320829611272,2026092701,energy_equivariant
time.0,28,65,2.2351741790771484e-08,0.00023966626031324267,2026092701,energy_equivariant
time.1,28,65,1.4901161193847656e-08,0.00016021546616684645,2026092701,energy_equivariant
time.2,28,65,2.9802322387695312e-08,0.0007021563360467553,2026092701,energy_equivariant
behavior.0,28,65,1.4901161193847656e-08,0.00019472169515211135,2026092701,energy_equivariant
behavior.1,28,65,1.4901161193847656e-08,0.00012860202696174383,2026092701,energy_equivariant
behavior.2,28,65,1.4901161193847656e-08,0.0001787548535503447,2026092701,energy_equivariant
time.0,28,66,1.4901161193847656e-08,0.0002579019055701792,2026092701,energy_equivariant
time.1,28,66,1.4901161193847656e-08,0.0001686396572040394,2026092701,energy_equivariant
time.2,28,66,2.9802322387695312e-08,0.0007094631437212229,2026092701,energy_equivariant
behavior.0,28,66,1.4901161193847656e-08,0.00019837899890262634,2026092701,energy_equivariant
behavior.1,28,66,1.4901161193847656e-08,0.00012593457358889282,2026092701,energy_equivariant
behavior.2,28,66,1.4901161193847656e-08,0.0001915947941597551,2026092701,energy_equivariant
time.0,28,67,2.9802322387695312e-08,0.0002874254423659295,2026092701,energy_equivariant
time.1,28,67,1.4901161193847656e-08,0.00018900037684943527,2026092701,energy_equivariant
time.2,28,67,2.9802322387695312e-08,0.0007663165451958776,2026092701,energy_equivariant
behavior.0,28,67,1.862645149230957e-08,0.0001936772168846801,2026092701,energy_equivariant
behavior.1,28,67,1.4901161193847656e-08,0.00011797930346801877,2026092701,energy_equivariant
behavior.2,28,67,1.4901161193847656e-08,0.00016891957784537226,2026092701,energy_equivariant
time.0,28,68,1.4901161193847656e-08,0.00027972774114459753,2026092701,energy_equivariant
time.1,28,68,1.4901161193847656e-08,0.00019453179265838116,2026092701,energy_equivariant
time.2,28,68,2.2351741790771484e-08,0.0007603627163916826,2026092701,energy_equivariant
behavior.0,28,68,1.4901161193847656e-08,0.00019598766812123358,2026092701,energy_equivariant
behavior.1,28,68,1.4901161193847656e-08,0.00012214538583066314,2026092701,energy_equivariant
behavior.2,28,68,1.1175870895385742e-08,0.00017044509877450764,2026092701,energy_equivariant
time.0,28,69,1.4901161193847656e-08,0.0002940641134046018,2026092701,energy_equivariant
time.1,28,69,1.4901161193847656e-08,0.0001974214392248541,2026092701,energy_equivariant
time.2,28,69,2.9802322387695312e-08,0.0008700556354597211,2026092701,energy_equivariant
behavior.0,28,69,1.4901161193847656e-08,0.00020815753669012338,2026092701,energy_equivariant
behavior.1,28,69,1.1175870895385742e-08,0.00012648678966797888,2026092701,energy_equivariant
behavior.2,28,69,1.4901161193847656e-08,0.00019132332818116993,2026092701,energy_equivariant
time.0,28,70,1.4901161193847656e-08,0.0002532606013119221,2026092701,energy_equivariant
time.1,28,70,1.4901161193847656e-08,0.00018082474707625806,2026092701,energy_equivariant
time.2,28,70,2.9802322387695312e-08,0.0007972214953042567,2026092701,energy_equivariant
behavior.0,28,70,2.2351741790771484e-08,0.00019573295139707625,2026092701,energy_equivariant
behavior.1,28,70,1.4901161193847656e-08,0.00012955354759469628,2026092701,energy_equivariant
behavior.2,28,70,1.1175870895385742e-08,0.00019551199511624873,2026092701,energy_equivariant
time.0,28,71,2.2351741790771484e-08,0.0003173056757077575,2026092701,energy_equivariant
time.1,28,71,1.4901161193847656e-08,0.00021225820819381624,2026092701,energy_equivariant
time.2,28,71,2.9802322387695312e-08,0.0008687243098393083,2026092701,energy_equivariant
behavior.0,28,71,1.4901161193847656e-08,0.0001948732096934691,2026092701,energy_equivariant
behavior.1,28,71,2.2351741790771484e-08,0.00012345427239779383,2026092701,energy_equivariant
behavior.2,28,71,1.4901161193847656e-08,0.00017599180864635855,2026092701,energy_equivariant
time.0,28,72,1.4901161193847656e-08,0.0003307121223770082,2026092701,energy_equivariant
time.1,28,72,1.4901161193847656e-08,0.0002046767040155828,2026092701,energy_equivariant
time.2,28,72,2.9802322387695312e-08,0.0008227902580983937,2026092701,energy_equivariant
behavior.0,28,72,1.4901161193847656e-08,0.00019282389257568866,2026092701,energy_equivariant
behavior.1,28,72,1.4901161193847656e-08,0.00012460356811061502,2026092701,energy_equivariant
behavior.2,28,72,1.4901161193847656e-08,0.00021193147404119372,2026092701,energy_equivariant
time.0,28,73,1.4901161193847656e-08,0.00040213699685409665,2026092701,energy_equivariant
time.1,28,73,1.4901161193847656e-08,0.00025530645507387817,2026092701,energy_equivariant
time.2,28,73,4.470348358154297e-08,0.0009792963974177837,2026092701,energy_equivariant
behavior.0,28,73,1.4901161193847656e-08,0.00023956832592375576,2026092701,energy_equivariant
behavior.1,28,73,2.2351741790771484e-08,0.00013273506192490458,2026092701,energy_equivariant
behavior.2,28,73,1.4901161193847656e-08,0.00018493147217668593,2026092701,energy_equivariant
time.0,28,74,1.4901161193847656e-08,0.00023776332091074437,2026092701,energy_equivariant
time.1,28,74,1.1175870895385742e-08,0.0001665179879637435,2026092701,energy_equivariant
time.2,28,74,1.4901161193847656e-08,0.0006828790064901114,2026092701,energy_equivariant
behavior.0,28,74,1.4901161193847656e-08,0.0001722495217109099,2026092701,energy_equivariant
behavior.1,28,74,1.4901161193847656e-08,0.0001204129948746413,2026092701,energy_equivariant
behavior.2,28,74,1.4901161193847656e-08,0.00019907619571313262,2026092701,energy_equivariant
time.0,28,75,2.2351741790771484e-08,0.00034007165231741965,2026092701,energy_equivariant
time.1,28,75,1.4901161193847656e-08,0.0002154282556148246,2026092701,energy_equivariant
time.2,28,75,2.9802322387695312e-08,0.0008317108731716871,2026092701,energy_equivariant
behavior.0,28,75,2.2351741790771484e-08,0.0002267779054818675,2026092701,energy_equivariant
behavior.1,28,75,1.1175870895385742e-08,0.00012238766066730022,2026092701,energy_equivariant
behavior.2,28,75,1.4901161193847656e-08,0.00020896435307804495,2026092701,energy_equivariant
time.0,28,76,1.4901161193847656e-08,0.00028889754321426153,2026092701,energy_equivariant
time.1,28,76,1.4901161193847656e-08,0.0001926969998748973,2026092701,energy_equivariant
time.2,28,76,2.9802322387695312e-08,0.000779367343056947,2026092701,energy_equivariant
behavior.0,28,76,1.4901161193847656e-08,0.00019841865287162364,2026092701,energy_equivariant
behavior.1,28,76,1.4901161193847656e-08,0.00012253897148184478,2026092701,energy_equivariant
behavior.2,28,76,1.4901161193847656e-08,0.0001899379276437685,2026092701,energy_equivariant
time.0,28,77,1.4901161193847656e-08,0.00028820300940424204,2026092701,energy_equivariant
time.1,28,77,1.4901161193847656e-08,0.0001902408985188231,2026092701,energy_equivariant
time.2,28,77,2.9802322387695312e-08,0.0007569520967081189,2026092701,energy_equivariant
behavior.0,28,77,2.2351741790771484e-08,0.00019044909276999533,2026092701,energy_equivariant
behavior.1,28,77,1.1175870895385742e-08,0.00012451587826944888,2026092701,energy_equivariant
behavior.2,28,77,1.4901161193847656e-08,0.0001743869943311438,2026092701,energy_equivariant
time.0,28,78,1.4901161193847656e-08,0.00024849918554537,2026092701,energy_equivariant
time.1,28,78,1.4901161193847656e-08,0.000162307100254111,2026092701,energy_equivariant
time.2,28,78,2.9802322387695312e-08,0.0007161410176195204,2026092701,energy_equivariant
behavior.0,28,78,1.4901161193847656e-08,0.00019523243827279657,2026092701,energy_equivariant
behavior.1,28,78,1.1175870895385742e-08,0.0001279777497984469,2026092701,energy_equivariant
behavior.2,28,78,1.1175870895385742e-08,0.0001823168422561139,2026092701,energy_equivariant
time.0,28,79,1.4901161193847656e-08,0.0002611132222227752,2026092701,energy_equivariant
time.1,28,79,1.4901161193847656e-08,0.00017729673709254712,2026092701,energy_equivariant
time.2,28,79,2.9802322387695312e-08,0.0006519135786220431,2026092701,energy_equivariant
behavior.0,28,79,1.4901161193847656e-08,0.00018462698790244758,2026092701,energy_equivariant
behavior.1,28,79,1.4901161193847656e-08,0.0001162162734544836,2026092701,energy_equivariant
behavior.2,28,79,1.4901161193847656e-08,0.0001873569708550349,2026092701,energy_equivariant
time.0,28,80,2.2351741790771484e-08,0.00029917032225057483,2026092701,energy_equivariant
time.1,28,80,1.4901161193847656e-08,0.0002058218524325639,2026092701,energy_equivariant
time.2,28,80,2.9802322387695312e-08,0.0008510202751494944,2026092701,energy_equivariant
behavior.0,28,80,2.2351741790771484e-08,0.00018853052461054176,2026092701,energy_equivariant
behavior.1,28,80,7.450580596923828e-09,0.00012596392480190843,2026092701,energy_equivariant
behavior.2,28,80,1.4901161193847656e-08,0.00022048271785024554,2026092701,energy_equivariant
time.0,28,81,2.2351741790771484e-08,0.00024224762455560267,2026092701,energy_equivariant
time.1,28,81,1.4901161193847656e-08,0.00016627584409434348,2026092701,energy_equivariant
time.2,28,81,4.470348358154297e-08,0.0007473331643268466,2026092701,energy_equivariant
behavior.0,28,81,1.4901161193847656e-08,0.00018622427887748927,2026092701,energy_equivariant
behavior.1,28,81,1.4901161193847656e-08,0.00012172823335276917,2026092701,energy_equivariant
behavior.2,28,81,1.4901161193847656e-08,0.0002006437280215323,2026092701,energy_equivariant
time.0,28,82,1.4901161193847656e-08,0.0002509528712835163,2026092701,energy_equivariant
time.1,28,82,1.4901161193847656e-08,0.00018154097779188305,2026092701,energy_equivariant
time.2,28,82,2.9802322387695312e-08,0.0007199132232926786,2026092701,energy_equivariant
behavior.0,28,82,1.4901161193847656e-08,0.000204542200663127,2026092701,energy_equivariant
behavior.1,28,82,1.1175870895385742e-08,0.00012484342732932419,2026092701,energy_equivariant
behavior.2,28,82,1.4901161193847656e-08,0.0001640765112824738,2026092701,energy_equivariant
time.0,28,83,1.4901161193847656e-08,0.0003367941244505346,2026092701,energy_equivariant
time.1,28,83,2.2351741790771484e-08,0.00023554512881673872,2026092701,energy_equivariant
time.2,28,83,2.2351741790771484e-08,0.0008694554562680423,2026092701,energy_equivariant
behavior.0,28,83,1.4901161193847656e-08,0.0002159858850063756,2026092701,energy_equivariant
behavior.1,28,83,1.1175870895385742e-08,0.00012235844042152166,2026092701,energy_equivariant
behavior.2,28,83,1.4901161193847656e-08,0.00019246965530328453,2026092701,energy_equivariant
time.0,28,84,1.4901161193847656e-08,0.00032762024784460664,2026092701,energy_equivariant
time.1,28,84,1.862645149230957e-08,0.00022272206842899323,2026092701,energy_equivariant
time.2,28,84,2.9802322387695312e-08,0.0008873511687852442,2026092701,energy_equivariant
behavior.0,28,84,1.4901161193847656e-08,0.00019715515372809023,2026092701,energy_equivariant
behavior.1,28,84,1.4901161193847656e-08,0.00012209320266265422,2026092701,energy_equivariant
behavior.2,28,84,1.1175870895385742e-08,0.00019880544277839363,2026092701,energy_equivariant
time.0,28,85,1.4901161193847656e-08,0.00027641389169730246,2026092701,energy_equivariant
time.1,28,85,1.4901161193847656e-08,0.00019686148152686656,2026092701,energy_equivariant
time.2,28,85,2.2351741790771484e-08,0.0008558456902392209,2026092701,energy_equivariant
behavior.0,28,85,1.4901161193847656e-08,0.00018524152983445674,2026092701,energy_equivariant
behavior.1,28,85,1.4901161193847656e-08,0.00012332132610026747,2026092701,energy_equivariant
behavior.2,28,85,1.4901161193847656e-08,0.00020685560593847185,2026092701,energy_equivariant
time.0,28,86,1.4901161193847656e-08,0.00024853774812072515,2026092701,energy_equivariant
time.1,28,86,1.4901161193847656e-08,0.00017855879559647292,2026092701,energy_equivariant
time.2,28,86,2.9802322387695312e-08,0.0007641881238669157,2026092701,energy_equivariant
behavior.0,28,86,2.2351741790771484e-08,0.000185632350621745,2026092701,energy_equivariant
behavior.1,28,86,1.4901161193847656e-08,0.00011969785555265844,2026092701,energy_equivariant
behavior.2,28,86,1.4901161193847656e-08,0.0001787619839888066,2026092701,energy_equivariant
time.0,28,87,1.4901161193847656e-08,0.0003201116051059216,2026092701,energy_equivariant
time.1,28,87,1.4901161193847656e-08,0.00022446821094490588,2026092701,energy_equivariant
time.2,28,87,2.9802322387695312e-08,0.0008463748963549733,2026092701,energy_equivariant
behavior.0,28,87,1.4901161193847656e-08,0.00018720798834692687,2026092701,energy_equivariant
behavior.1,28,87,1.4901161193847656e-08,0.00012090065865777433,2026092701,energy_equivariant
behavior.2,28,87,1.1175870895385742e-08,0.00017065471911337227,2026092701,energy_equivariant
time.0,28,88,1.4901161193847656e-08,0.00029211267246864736,2026092701,energy_equivariant
time.1,28,88,1.4901161193847656e-08,0.0002020119281951338,2026092701,energy_equivariant
time.2,28,88,2.9802322387695312e-08,0.0008636151906102896,2026092701,energy_equivariant
behavior.0,28,88,1.1175870895385742e-08,0.00016133028839249164,2026092701,energy_equivariant
behavior.1,28,88,1.1175870895385742e-08,0.00011423373507568613,2026092701,energy_equivariant
behavior.2,28,88,1.4901161193847656e-08,0.00019436705042608082,2026092701,energy_equivariant
time.0,28,89,1.4901161193847656e-08,0.00026314222486689687,2026092701,energy_equivariant
time.1,28,89,1.4901161193847656e-08,0.00017601510626263916,2026092701,energy_equivariant
time.2,28,89,1.4901161193847656e-08,0.0008110468043014407,2026092701,energy_equivariant
behavior.0,28,89,1.4901161193847656e-08,0.0001787620276445523,2026092701,energy_equivariant
behavior.1,28,89,1.4901161193847656e-08,0.00011863544932566583,2026092701,energy_equivariant
behavior.2,28,89,1.4901161193847656e-08,0.00018545641796663404,2026092701,energy_equivariant
time.0,28,90,1.4901161193847656e-08,0.0002440415119053796,2026092701,energy_equivariant
time.1,28,90,1.4901161193847656e-08,0.00016984784451778978,2026092701,energy_equivariant
time.2,28,90,2.2351741790771484e-08,0.000745429948437959,2026092701,energy_equivariant
behavior.0,28,90,1.4901161193847656e-08,0.00020375489839352667,2026092701,energy_equivariant
behavior.1,28,90,7.450580596923828e-09,0.0001228022010764107,2026092701,energy_equivariant
behavior.2,28,90,1.4901161193847656e-08,0.00021171373373363167,2026092701,energy_equivariant
time.0,28,91,1.4901161193847656e-08,0.00024762898101471364,2026092701,energy_equivariant
time.1,28,91,1.4901161193847656e-08,0.00016949398559518158,2026092701,energy_equivariant
time.2,28,91,2.9802322387695312e-08,0.0007276863907463849,2026092701,energy_equivariant
behavior.0,28,91,2.2351741790771484e-08,0.000193878062418662,2026092701,energy_equivariant
behavior.1,28,91,1.1175870895385742e-08,0.00011169062781846151,2026092701,energy_equivariant
behavior.2,28,91,1.4901161193847656e-08,0.00016116109327413142,2026092701,energy_equivariant
time.0,28,92,1.4901161193847656e-08,0.00028474588179960847,2026092701,energy_equivariant
time.1,28,92,1.4901161193847656e-08,0.0002129197819158435,2026092701,energy_equivariant
time.2,28,92,2.9802322387695312e-08,0.0008518410031683743,2026092701,energy_equivariant
behavior.0,28,92,1.4901161193847656e-08,0.0002088801411446184,2026092701,energy_equivariant
behavior.1,28,92,1.4901161193847656e-08,0.00012189963308628649,2026092701,energy_equivariant
behavior.2,28,92,1.4901161193847656e-08,0.00015974396956153214,2026092701,energy_equivariant
time.0,28,93,1.4901161193847656e-08,0.0002398325887043029,2026092701,energy_equivariant
time.1,28,93,1.4901161193847656e-08,0.00016464041254948825,2026092701,energy_equivariant
time.2,28,93,2.9802322387695312e-08,0.000710726308170706,2026092701,energy_equivariant
behavior.0,28,93,1.4901161193847656e-08,0.00019741724827326834,2026092701,energy_equivariant
behavior.1,28,93,1.4901161193847656e-08,0.00011961982818320394,2026092701,energy_equivariant
behavior.2,28,93,1.1175870895385742e-08,0.00017772213323041797,2026092701,energy_equivariant
time.0,28,94,1.4901161193847656e-08,0.00033786907442845404,2026092701,energy_equivariant
time.1,28,94,1.4901161193847656e-08,0.00023084988060873002,2026092701,energy_equivariant
time.2,28,94,2.9802322387695312e-08,0.0009496401180513203,2026092701,energy_equivariant
behavior.0,28,94,1.4901161193847656e-08,0.00018323493713978678,2026092701,energy_equivariant
behavior.1,28,94,1.1175870895385742e-08,0.00012118266749894246,2026092701,energy_equivariant
behavior.2,28,94,1.4901161193847656e-08,0.00018901756266131997,2026092701,energy_equivariant
time.0,28,95,1.4901161193847656e-08,0.0002817026397679001,2026092701,energy_equivariant
time.1,28,95,1.4901161193847656e-08,0.00019431962573435158,2026092701,energy_equivariant
time.2,28,95,2.9802322387695312e-08,0.0008397148922085762,2026092701,energy_equivariant
behavior.0,28,95,1.4901161193847656e-08,0.00017287666560150683,2026092701,energy_equivariant
behavior.1,28,95,1.4901161193847656e-08,0.00011589998757699504,2026092701,energy_equivariant
behavior.2,28,95,2.2351741790771484e-08,0.00018287105194758624,2026092701,energy_equivariant
time.0,28,96,1.4901161193847656e-08,0.0002802506205625832,2026092701,energy_equivariant
time.1,28,96,2.2351741790771484e-08,0.00018507377535570413,2026092701,energy_equivariant
time.2,28,96,2.9802322387695312e-08,0.0008328378316946328,2026092701,energy_equivariant
behavior.0,28,96,1.4901161193847656e-08,0.00018213536532130092,2026092701,energy_equivariant
behavior.1,28,96,1.4901161193847656e-08,0.00012606248492375016,2026092701,energy_equivariant
behavior.2,28,96,1.4901161193847656e-08,0.00022163856192491949,2026092701,energy_equivariant
time.0,28,97,1.4901161193847656e-08,0.0002519434492569417,2026092701,energy_equivariant
time.1,28,97,1.4901161193847656e-08,0.0001646791206439957,2026092701,energy_equivariant
time.2,28,97,2.9802322387695312e-08,0.0007066807011142373,2026092701,energy_equivariant
behavior.0,28,97,1.4901161193847656e-08,0.00017788115656003356,2026092701,energy_equivariant
behavior.1,28,97,1.1175870895385742e-08,0.00011486541188787669,2026092701,energy_equivariant
behavior.2,28,97,1.1175870895385742e-08,0.00019802333554252982,2026092701,energy_equivariant
time.0,28,98,1.4901161193847656e-08,0.0001899905182654038,2026092701,energy_equivariant
time.1,28,98,7.450580596923828e-09,0.00013747821503784508,2026092701,energy_equivariant
time.2,28,98,2.9802322387695312e-08,0.0006566068041138351,2026092701,energy_equivariant
behavior.0,28,98,1.4901161193847656e-08,0.00019108231936115772,2026092701,energy_equivariant
behavior.1,28,98,1.4901161193847656e-08,0.00012119497114326805,2026092701,energy_equivariant
behavior.2,28,98,1.4901161193847656e-08,0.0001915439061122015,2026092701,energy_equivariant
time.0,28,99,2.2351741790771484e-08,0.00028847306384705007,2026092701,energy_equivariant
time.1,28,99,1.4901161193847656e-08,0.0001957687345566228,2026092701,energy_equivariant
time.2,28,99,2.9802322387695312e-08,0.0008515270310454071,2026092701,energy_equivariant
behavior.0,28,99,1.4901161193847656e-08,0.00019796806736849248,2026092701,energy_equivariant
behavior.1,28,99,1.4901161193847656e-08,0.0001183913045679219,2026092701,energy_equivariant
behavior.2,28,99,1.4901161193847656e-08,0.00022985113901086152,2026092701,energy_equivariant
time.0,28,100,1.4901161193847656e-08,0.0002862700494006276,2026092701,energy_equivariant
time.1,28,100,1.1175870895385742e-08,0.00020139974367339164,2026092701,energy_equivariant
time.2,28,100,2.9802322387695312e-08,0.00084830226842314,2026092701,energy_equivariant
behavior.0,28,100,1.4901161193847656e-08,0.00020448450231924653,2026092701,energy_equivariant
behavior.1,28,100,1.4901161193847656e-08,0.00012290250742807984,2026092701,energy_equivariant
behavior.2,28,100,1.4901161193847656e-08,0.0001941141817951575,2026092701,energy_equivariant
time.0,28,101,2.2351741790771484e-08,0.00026066333521157503,2026092701,energy_equivariant
time.1,28,101,1.4901161193847656e-08,0.00017448884318582714,2026092701,energy_equivariant
time.2,28,101,1.4901161193847656e-08,0.0007018709438852966,2026092701,energy_equivariant
behavior.0,28,101,1.4901161193847656e-08,0.0001769664086168632,2026092701,energy_equivariant
behavior.1,28,101,1.1175870895385742e-08,0.00011702915071509778,2026092701,energy_equivariant
behavior.2,28,101,1.4901161193847656e-08,0.0002167323254980147,2026092701,energy_equivariant
time.0,28,102,1.4901161193847656e-08,0.00023369638074655086,2026092701,energy_equivariant
time.1,28,102,1.4901161193847656e-08,0.00016493444854859263,2026092701,energy_equivariant
time.2,28,102,2.9802322387695312e-08,0.0007156567880883813,2026092701,energy_equivariant
behavior.0,28,102,1.4901161193847656e-08,0.00017066947475541383,2026092701,energy_equivariant
behavior.1,28,102,1.4901161193847656e-08,0.00011659666779451072,2026092701,energy_equivariant
behavior.2,28,102,1.1175870895385742e-08,0.0001991626777453348,2026092701,energy_equivariant
time.0,28,103,1.4901161193847656e-08,0.00023271000827662647,2026092701,energy_equivariant
time.1,28,103,1.1175870895385742e-08,0.00016252577188424766,2026092701,energy_equivariant
time.2,28,103,2.9802322387695312e-08,0.0006765885627828538,2026092701,energy_equivariant
behavior.0,28,103,1.4901161193847656e-08,0.00019234330102335662,2026092701,energy_equivariant
behavior.1,28,103,2.2351741790771484e-08,0.00012381949636619538,2026092701,energy_equivariant
behavior.2,28,103,1.4901161193847656e-08,0.00020863785175606608,2026092701,energy_equivariant
time.0,28,104,1.4901161193847656e-08,0.00023719978344161063,2026092701,energy_equivariant
time.1,28,104,1.4901161193847656e-08,0.00016704268637113273,2026092701,energy_equivariant
time.2,28,104,2.9802322387695312e-08,0.0007379104499705136,2026092701,energy_equivariant
behavior.0,28,104,1.4901161193847656e-08,0.00019918072212021798,2026092701,energy_equivariant
behavior.1,28,104,1.4901161193847656e-08,0.00012377406528685242,2026092701,energy_equivariant
behavior.2,28,104,1.4901161193847656e-08,0.0001901275827549398,2026092701,energy_equivariant
time.0,28,105,1.862645149230957e-08,0.00022625492420047522,2026092701,energy_equivariant
time.1,28,105,1.1175870895385742e-08,0.000166146521223709,2026092701,energy_equivariant
time.2,28,105,2.9802322387695312e-08,0.0006968118832446635,2026092701,energy_equivariant
behavior.0,28,105,1.862645149230957e-08,0.00020588607003446668,2026092701,energy_equivariant
behavior.1,28,105,7.450580596923828e-09,0.00011924523278139532,2026092701,energy_equivariant
behavior.2,28,105,1.4901161193847656e-08,0.00018536798597779125,2026092701,energy_equivariant
time.0,28,106,1.4901161193847656e-08,0.00025331962388008833,2026092701,energy_equivariant
time.1,28,106,1.862645149230957e-08,0.00016437462181784213,2026092701,energy_equivariant
time.2,28,106,2.9802322387695312e-08,0.0007177467923611403,2026092701,energy_equivariant
behavior.0,28,106,1.4901161193847656e-08,0.00019514831365086138,2026092701,energy_equivariant
behavior.1,28,106,1.4901161193847656e-08,0.00012178583710920066,2026092701,energy_equivariant
behavior.2,28,106,1.4901161193847656e-08,0.00020348842372186482,2026092701,energy_equivariant
time.0,28,107,2.9802322387695312e-08,0.00033885109587572515,2026092701,energy_equivariant
time.1,28,107,1.4901161193847656e-08,0.00022024160716682673,2026092701,energy_equivariant
time.2,28,107,2.9802322387695312e-08,0.0008896844228729606,2026092701,energy_equivariant
behavior.0,28,107,1.4901161193847656e-08,0.0002190222730860114,2026092701,energy_equivariant
behavior.1,28,107,1.1175870895385742e-08,0.0001225474406965077,2026092701,energy_equivariant
behavior.2,28,107,1.4901161193847656e-08,0.0001632560306461528,2026092701,energy_equivariant
time.0,28,108,1.4901161193847656e-08,0.00025699412799440324,2026092701,energy_equivariant
time.1,28,108,1.4901161193847656e-08,0.00017300885519944131,2026092701,energy_equivariant
time.2,28,108,2.9802322387695312e-08,0.0006897050770930946,2026092701,energy_equivariant
behavior.0,28,108,1.4901161193847656e-08,0.00017846944683697075,2026092701,energy_equivariant
behavior.1,28,108,1.4901161193847656e-08,0.00011621123121585697,2026092701,energy_equivariant
behavior.2,28,108,2.2351741790771484e-08,0.00019355423864908516,2026092701,energy_equivariant
time.0,28,109,1.4901161193847656e-08,0.0002670068643055856,2026092701,energy_equivariant
time.1,28,109,1.4901161193847656e-08,0.00016202482220251113,2026092701,energy_equivariant
time.2,28,109,1.4901161193847656e-08,0.0005995014798827469,2026092701,energy_equivariant
behavior.0,28,109,1.4901161193847656e-08,0.00018618575995787978,2026092701,energy_equivariant
behavior.1,28,109,1.4901161193847656e-08,0.00011690738028846681,2026092701,energy_equivariant
behavior.2,28,109,1.4901161193847656e-08,0.00020220201986376196,2026092701,energy_equivariant
time.0,28,110,1.4901161193847656e-08,0.0002935460361186415,2026092701,energy_equivariant
time.1,28,110,1.4901161193847656e-08,0.00018884554447140545,2026092701,energy_equivariant
time.2,28,110,2.9802322387695312e-08,0.0007124798721633852,2026092701,energy_equivariant
behavior.0,28,110,1.4901161193847656e-08,0.00017883627151604742,2026092701,energy_equivariant
behavior.1,28,110,7.450580596923828e-09,0.00010803511395351961,2026092701,energy_equivariant
behavior.2,28,110,1.4901161193847656e-08,0.00018984971393365413,2026092701,energy_equivariant
time.0,28,111,2.2351741790771484e-08,0.00022900653129909188,2026092701,energy_equivariant
time.1,28,111,1.1175870895385742e-08,0.00015480833826586604,2026092701,energy_equivariant
time.2,28,111,1.4901161193847656e-08,0.0006438287091441453,2026092701,energy_equivariant
behavior.0,28,111,1.4901161193847656e-08,0.00019742768199648708,2026092701,energy_equivariant
behavior.1,28,111,1.1175870895385742e-08,0.00012418179539963603,2026092701,energy_equivariant
behavior.2,28,111,1.4901161193847656e-08,0.00021123078477103263,2026092701,energy_equivariant
time.0,28,112,1.4901161193847656e-08,0.0003178067854605615,2026092701,energy_equivariant
time.1,28,112,1.4901161193847656e-08,0.00020997386309318244,2026092701,energy_equivariant
time.2,28,112,2.9802322387695312e-08,0.0008320139604620636,2026092701,energy_equivariant
behavior.0,28,112,1.4901161193847656e-08,0.00019413400150369853,2026092701,energy_equivariant
behavior.1,28,112,1.4901161193847656e-08,0.00011781124339904636,2026092701,energy_equivariant
behavior.2,28,112,7.450580596923828e-09,0.0001854981092037633,2026092701,energy_equivariant
time.0,28,113,1.4901161193847656e-08,0.00029665324836969376,2026092701,energy_equivariant
time.1,28,113,1.4901161193847656e-08,0.0001874356239568442,2026092701,energy_equivariant
time.2,28,113,2.9802322387695312e-08,0.0007757318671792746,2026092701,energy_equivariant
behavior.0,28,113,1.4901161193847656e-08,0.00019349917420186102,2026092701,energy_equivariant
behavior.1,28,113,1.1175870895385742e-08,0.00012006597535219043,2026092701,energy_equivariant
behavior.2,28,113,1.4901161193847656e-08,0.00021108181681483984,2026092701,energy_equivariant
time.0,28,114,1.4901161193847656e-08,0.0002960119745694101,2026092701,energy_equivariant
time.1,28,114,1.4901161193847656e-08,0.00018992593686562032,2026092701,energy_equivariant
time.2,28,114,2.9802322387695312e-08,0.0007809709059074521,2026092701,energy_equivariant
behavior.0,28,114,1.4901161193847656e-08,0.0001869021652964875,2026092701,energy_equivariant
behavior.1,28,114,2.2351741790771484e-08,0.0001187870220746845,2026092701,energy_equivariant
behavior.2,28,114,1.4901161193847656e-08,0.0001831646222854033,2026092701,energy_equivariant
time.0,28,115,1.4901161193847656e-08,0.00025055775768123567,2026092701,energy_equivariant
time.1,28,115,2.9802322387695312e-08,0.00016547653649467975,2026092701,energy_equivariant
time.2,28,115,1.4901161193847656e-08,0.0007227302994579077,2026092701,energy_equivariant
behavior.0,28,115,2.2351741790771484e-08,0.00018613316933624446,2026092701,energy_equivariant
behavior.1,28,115,1.1175870895385742e-08,0.00011503382847877219,2026092701,energy_equivariant
behavior.2,28,115,1.4901161193847656e-08,0.00015995313879102468,2026092701,energy_equivariant
time.0,28,116,2.2351741790771484e-08,0.0002768960257526487,2026092701,energy_equivariant
time.1,28,116,1.4901161193847656e-08,0.00018271910084877163,2026092701,energy_equivariant
time.2,28,116,4.470348358154297e-08,0.0007534722099080682,2026092701,energy_equivariant
behavior.0,28,116,2.2351741790771484e-08,0.00018871061911340803,2026092701,energy_equivariant
behavior.1,28,116,1.1175870895385742e-08,0.00012404528388287872,2026092701,energy_equivariant
behavior.2,28,116,1.4901161193847656e-08,0.00020115173538215458,2026092701,energy_equivariant
time.0,28,117,1.4901161193847656e-08,0.0002695239381864667,2026092701,energy_equivariant
time.1,28,117,1.4901161193847656e-08,0.00017660499725025147,2026092701,energy_equivariant
time.2,28,117,1.4901161193847656e-08,0.0007433394202962518,2026092701,energy_equivariant
behavior.0,28,117,1.4901161193847656e-08,0.00015943501784931868,2026092701,energy_equivariant
behavior.1,28,117,1.1175870895385742e-08,0.00011981149145867676,2026092701,energy_equivariant
behavior.2,28,117,1.4901161193847656e-08,0.0002463473938405514,2026092701,energy_equivariant
time.0,28,118,1.4901161193847656e-08,0.0002384180115768686,2026092701,energy_equivariant
time.1,28,118,1.1175870895385742e-08,0.0001607595186214894,2026092701,energy_equivariant
time.2,28,118,2.2351741790771484e-08,0.0007466814713552594,2026092701,energy_equivariant
behavior.0,28,118,1.4901161193847656e-08,0.00018988312513101846,2026092701,energy_equivariant
behavior.1,28,118,1.1175870895385742e-08,0.00012490618973970413,2026092701,energy_equivariant
behavior.2,28,118,1.4901161193847656e-08,0.0002272616111440584,2026092701,energy_equivariant
time.0,28,119,1.4901161193847656e-08,0.00033945165341719985,2026092701,energy_equivariant
time.1,28,119,1.4901161193847656e-08,0.00022490471019409597,2026092701,energy_equivariant
time.2,28,119,2.9802322387695312e-08,0.0009422950097359717,2026092701,energy_equivariant
behavior.0,28,119,1.4901161193847656e-08,0.00018072203965857625,2026092701,energy_equivariant
behavior.1,28,119,1.1175870895385742e-08,0.00011010689922841266,2026092701,energy_equivariant
behavior.2,28,119,1.1175870895385742e-08,0.0001740383740980178,2026092701,energy_equivariant
time.0,28,120,2.2351741790771484e-08,0.00027369530289433897,2026092701,energy_equivariant
time.1,28,120,1.1175870895385742e-08,0.00018477744015399367,2026092701,energy_equivariant
time.2,28,120,1.4901161193847656e-08,0.0007900663767941296,2026092701,energy_equivariant
behavior.0,28,120,1.4901161193847656e-08,0.00015815436199773103,2026092701,energy_equivariant
behavior.1,28,120,1.1175870895385742e-08,0.00010981216473737732,2026092701,energy_equivariant
behavior.2,28,120,1.1175870895385742e-08,0.0001950878358911723,2026092701,energy_equivariant
time.0,28,121,2.2351741790771484e-08,0.0002634463016875088,2026092701,energy_equivariant
time.1,28,121,1.4901161193847656e-08,0.0001840128388721496,2026092701,energy_equivariant
time.2,28,121,2.9802322387695312e-08,0.000831125711556524,2026092701,energy_equivariant
behavior.0,28,121,1.4901161193847656e-08,0.00017985000158660114,2026092701,energy_equivariant
behavior.1,28,121,1.4901161193847656e-08,0.00011383198580006137,2026092701,energy_equivariant
behavior.2,28,121,1.1175870895385742e-08,0.00019916104793082923,2026092701,energy_equivariant
time.0,28,122,1.4901161193847656e-08,0.00030963675817474723,2026092701,energy_equivariant
time.1,28,122,1.4901161193847656e-08,0.00020845062681473792,2026092701,energy_equivariant
time.2,28,122,2.9802322387695312e-08,0.0008927069138735533,2026092701,energy_equivariant
behavior.0,28,122,1.4901161193847656e-08,0.0001968102587852627,2026092701,energy_equivariant
behavior.1,28,122,1.1175870895385742e-08,0.0001187640373245813,2026092701,energy_equivariant
behavior.2,28,122,1.4901161193847656e-08,0.00018518019351176918,2026092701,energy_equivariant
time.0,28,123,2.2351741790771484e-08,0.0002523927250877023,2026092701,energy_equivariant
time.1,28,123,1.4901161193847656e-08,0.000181071663973853,2026092701,energy_equivariant
time.2,28,123,2.9802322387695312e-08,0.0007644739816896617,2026092701,energy_equivariant
behavior.0,28,123,1.4901161193847656e-08,0.00019477138994261622,2026092701,energy_equivariant
behavior.1,28,123,1.4901161193847656e-08,0.00012002498260699213,2026092701,energy_equivariant
behavior.2,28,123,1.4901161193847656e-08,0.00019824701303150505,2026092701,energy_equivariant
time.0,28,124,1.4901161193847656e-08,0.00023059375234879553,2026092701,energy_equivariant
time.1,28,124,1.4901161193847656e-08,0.00016240248805843294,2026092701,energy_equivariant
time.2,28,124,1.4901161193847656e-08,0.0007457739557139575,2026092701,energy_equivariant
behavior.0,28,124,1.4901161193847656e-08,0.00019357382552698255,2026092701,energy_equivariant
behavior.1,28,124,1.1175870895385742e-08,0.00012350977340247482,2026092701,energy_equivariant
behavior.2,28,124,1.4901161193847656e-08,0.00020411868172232062,2026092701,energy_equivariant
time.0,28,125,1.4901161193847656e-08,0.0003259530058130622,2026092701,energy_equivariant
time.1,28,125,1.4901161193847656e-08,0.00022521604842040688,2026092701,energy_equivariant
time.2,28,125,2.9802322387695312e-08,0.0009062556782737374,2026092701,energy_equivariant
behavior.0,28,125,1.4901161193847656e-08,0.00019944910309277475,2026092701,energy_equivariant
behavior.1,28,125,7.450580596923828e-09,0.00011222154716961086,2026092701,energy_equivariant
behavior.2,28,125,1.1175870895385742e-08,0.00016444685752503574,2026092701,energy_equivariant
time.0,28,126,1.4901161193847656e-08,0.0002861006651073694,2026092701,energy_equivariant
time.1,28,126,1.4901161193847656e-08,0.00020593070075847208,2026092701,energy_equivariant
time.2,28,126,2.9802322387695312e-08,0.0008301686611957848,2026092701,energy_equivariant
behavior.0,28,126,1.4901161193847656e-08,0.00019519317720551044,2026092701,energy_equivariant
behavior.1,28,126,1.1175870895385742e-08,0.00012100755702704191,2026092701,energy_equivariant
behavior.2,28,126,1.1175870895385742e-08,0.00020879213116131723,2026092701,energy_equivariant
time.0,28,127,1.4901161193847656e-08,0.0002466173318680376,2026092701,energy_equivariant
time.1,28,127,1.4901161193847656e-08,0.0001751418603817001,2026092701,energy_equivariant
time.2,28,127,1.4901161193847656e-08,0.0007380288443528116,2026092701,energy_equivariant
behavior.0,28,127,1.1175870895385742e-08,0.00019318607519380748,2026092701,energy_equivariant
behavior.1,28,127,1.1175870895385742e-08,0.00011938948591705412,2026092701,energy_equivariant
behavior.2,28,127,2.2351741790771484e-08,0.0002242972987005487,2026092701,energy_equivariant
time.0,28,128,1.4901161193847656e-08,0.0002176281122956425,2026092701,energy_equivariant
time.1,28,128,1.1175870895385742e-08,0.00015130621613934636,2026092701,energy_equivariant
time.2,28,128,2.9802322387695312e-08,0.0006670292350463569,2026092701,energy_equivariant
behavior.0,28,128,1.4901161193847656e-08,0.00018255927716381848,2026092701,energy_equivariant
behavior.1,28,128,1.1175870895385742e-08,0.00011441446986282244,2026092701,energy_equivariant
behavior.2,28,128,1.4901161193847656e-08,0.0002014479978242889,2026092701,energy_equivariant
time.0,28,129,1.4901161193847656e-08,0.000359641999239102,2026092701,energy_equivariant
time.1,28,129,1.4901161193847656e-08,0.0002487381570972502,2026092701,energy_equivariant
time.2,28,129,2.9802322387695312e-08,0.0009701928356662393,2026092701,energy_equivariant
behavior.0,28,129,1.4901161193847656e-08,0.00017942076374311,2026092701,energy_equivariant
behavior.1,28,129,1.4901161193847656e-08,0.0001100266890716739,2026092701,energy_equivariant
behavior.2,28,129,1.4901161193847656e-08,0.00019283773144707084,2026092701,energy_equivariant
time.0,28,130,2.2351741790771484e-08,0.00029747505323030055,2026092701,energy_equivariant
time.1,28,130,1.4901161193847656e-08,0.000212288141483441,2026092701,energy_equivariant
time.2,28,130,2.9802322387695312e-08,0.0008494871435686946,2026092701,energy_equivariant
behavior.0,28,130,1.4901161193847656e-08,0.0002102335129166022,2026092701,energy_equivariant
behavior.1,28,130,1.4901161193847656e-08,0.00012188604159746319,2026092701,energy_equivariant
behavior.2,28,130,1.4901161193847656e-08,0.00017444083641748875,2026092701,energy_equivariant
time.0,28,131,1.4901161193847656e-08,0.00025437475414946675,2026092701,energy_equivariant
time.1,28,131,1.4901161193847656e-08,0.0001831337285693735,2026092701,energy_equivariant
time.2,28,131,2.9802322387695312e-08,0.0007712947553955019,2026092701,energy_equivariant
behavior.0,28,131,2.2351741790771484e-08,0.00018145007197745144,2026092701,energy_equivariant
behavior.1,28,131,1.1175870895385742e-08,0.0001165574649348855,2026092701,energy_equivariant
behavior.2,28,131,1.4901161193847656e-08,0.0001916556357173249,2026092701,energy_equivariant
time.0,28,132,1.4901161193847656e-08,0.00025051721604540944,2026092701,energy_equivariant
time.1,28,132,2.2351741790771484e-08,0.00017599154671188444,2026092701,energy_equivariant
time.2,28,132,2.9802322387695312e-08,0.0007303063175641,2026092701,energy_equivariant
behavior.0,28,132,2.2351741790771484e-08,0.00023277473519556224,2026092701,energy_equivariant
behavior.1,28,132,1.4901161193847656e-08,0.00014664893387816846,2026092701,energy_equivariant
behavior.2,28,132,1.4901161193847656e-08,0.0002104405575664714,2026092701,energy_equivariant
time.0,28,133,2.2351741790771484e-08,0.0002944969746749848,2026092701,energy_equivariant
time.1,28,133,1.4901161193847656e-08,0.0002105722378473729,2026092701,energy_equivariant
time.2,28,133,2.9802322387695312e-08,0.0008386223344132304,2026092701,energy_equivariant
behavior.0,28,133,1.4901161193847656e-08,0.00019594810146372765,2026092701,energy_equivariant
behavior.1,28,133,1.4901161193847656e-08,0.00011236428690608591,2026092701,energy_equivariant
behavior.2,28,133,7.450580596923828e-09,0.0001959644432645291,2026092701,energy_equivariant
time.0,28,134,1.4901161193847656e-08,0.00020173007214907557,2026092701,energy_equivariant
time.1,28,134,1.1175870895385742e-08,0.0001477296173106879,2026092701,energy_equivariant
time.2,28,134,2.9802322387695312e-08,0.000653947121463716,2026092701,energy_equivariant
behavior.0,28,134,1.4901161193847656e-08,0.00017048297740984708,2026092701,energy_equivariant
behavior.1,28,134,1.1175870895385742e-08,0.00011574169911909848,2026092701,energy_equivariant
behavior.2,28,134,1.1175870895385742e-08,0.00019925610104110092,2026092701,energy_equivariant
time.0,28,135,1.4901161193847656e-08,0.0002055731019936502,2026092701,energy_equivariant
time.1,28,135,1.4901161193847656e-08,0.0001544608239782974,2026092701,energy_equivariant
time.2,28,135,2.2351741790771484e-08,0.0007169667514972389,2026092701,energy_equivariant
behavior.0,28,135,1.4901161193847656e-08,0.0001840771292336285,2026092701,energy_equivariant
behavior.1,28,135,1.1175870895385742e-08,0.00012092717224732041,2026092701,energy_equivariant
behavior.2,28,135,1.4901161193847656e-08,0.00023246581258717924,2026092701,energy_equivariant
time.0,28,136,1.4901161193847656e-08,0.00021815337822772563,2026092701,energy_equivariant
time.1,28,136,1.4901161193847656e-08,0.0001481912622693926,2026092701,energy_equivariant
time.2,28,136,2.9802322387695312e-08,0.0006946659414097667,2026092701,energy_equivariant
behavior.0,28,136,1.4901161193847656e-08,0.00017242730245925486,2026092701,energy_equivariant
behavior.1,28,136,1.4901161193847656e-08,0.00011948937026318163,2026092701,energy_equivariant
behavior.2,28,136,1.4901161193847656e-08,0.00022444875503424555,2026092701,energy_equivariant
time.0,28,137,2.2351741790771484e-08,0.00023901363601908088,2026092701,energy_equivariant
time.1,28,137,1.1175870895385742e-08,0.00016690327902324498,2026092701,energy_equivariant
time.2,28,137,1.4901161193847656e-08,0.000750528706703335,2026092701,energy_equivariant
behavior.0,28,137,1.4901161193847656e-08,0.00017848252900876105,2026092701,energy_equivariant
behavior.1,28,137,1.4901161193847656e-08,0.00011981521674897522,2026092701,energy_equivariant
behavior.2,28,137,1.4901161193847656e-08,0.0002041294501395896,2026092701,energy_equivariant
time.0,28,138,1.4901161193847656e-08,0.00027215812588110566,2026092701,energy_equivariant
time.1,28,138,1.1175870895385742e-08,0.00018967078358400613,2026092701,energy_equivariant
time.2,28,138,1.4901161193847656e-08,0.0007672086940146983,2026092701,energy_equivariant
behavior.0,28,138,1.4901161193847656e-08,0.00017657727585174143,2026092701,energy_equivariant
behavior.1,28,138,7.450580596923828e-09,0.0001130256787291728,2026092701,energy_equivariant
behavior.2,28,138,1.4901161193847656e-08,0.00018663803348317742,2026092701,energy_equivariant
time.0,28,139,2.2351741790771484e-08,0.0003240829100832343,2026092701,energy_equivariant
time.1,28,139,1.4901161193847656e-08,0.00021342643594834954,2026092701,energy_equivariant
time.2,28,139,2.9802322387695312e-08,0.0009068741928786039,2026092701,energy_equivariant
behavior.0,28,139,1.4901161193847656e-08,0.00021458575793076307,2026092701,energy_equivariant
behavior.1,28,139,1.4901161193847656e-08,0.00011890760652022436,2026092701,energy_equivariant
behavior.2,28,139,1.4901161193847656e-08,0.00016681241686455905,2026092701,energy_equivariant
time.0,28,140,2.2351741790771484e-08,0.0002615908160805702,2026092701,energy_equivariant
time.1,28,140,1.4901161193847656e-08,0.00017979988479055464,2026092701,energy_equivariant
time.2,28,140,2.9802322387695312e-08,0.0007550385198555887,2026092701,energy_equivariant
behavior.0,28,140,1.4901161193847656e-08,0.0001954107719939202,2026092701,energy_equivariant
behavior.1,28,140,1.4901161193847656e-08,0.0001251627691090107,2026092701,energy_equivariant
behavior.2,28,140,1.4901161193847656e-08,0.0001992623001569882,2026092701,energy_equivariant
time.0,28,141,1.4901161193847656e-08,0.00029402755899354815,2026092701,energy_equivariant
time.1,28,141,1.4901161193847656e-08,0.0001721967273624614,2026092701,energy_equivariant
time.2,28,141,2.9802322387695312e-08,0.000794281018897891,2026092701,energy_equivariant
behavior.0,28,141,1.4901161193847656e-08,0.0001879705087048933,2026092701,energy_equivariant
behavior.1,28,141,1.1175870895385742e-08,0.00012122033513151109,2026092701,energy_equivariant
behavior.2,28,141,1.4901161193847656e-08,0.00020091186161153018,2026092701,energy_equivariant
time.0,28,142,2.2351741790771484e-08,0.00032684029429219663,2026092701,energy_equivariant
time.1,28,142,1.4901161193847656e-08,0.0001956530468305573,2026092701,energy_equivariant
time.2,28,142,2.9802322387695312e-08,0.0008465927676297724,2026092701,energy_equivariant
behavior.0,28,142,1.4901161193847656e-08,0.00018927270139101893,2026092701,energy_equivariant
behavior.1,28,142,1.4901161193847656e-08,0.00011234835255891085,2026092701,energy_equivariant
behavior.2,28,142,1.4901161193847656e-08,0.000179468363057822,2026092701,energy_equivariant
time.0,28,143,2.2351741790771484e-08,0.00022546376567333937,2026092701,energy_equivariant
time.1,28,143,1.1175870895385742e-08,0.00014510871551465243,2026092701,energy_equivariant
time.2,28,143,4.470348358154297e-08,0.0006458617281168699,2026092701,energy_equivariant
behavior.0,28,143,1.4901161193847656e-08,0.0001828329695854336,2026092701,energy_equivariant
behavior.1,28,143,1.1175870895385742e-08,0.00012451497605070472,2026092701,energy_equivariant
behavior.2,28,143,1.4901161193847656e-08,0.00022486982925329357,2026092701,energy_equivariant
time.0,28,144,2.2351741790771484e-08,0.0003295096685178578,2026092701,energy_equivariant
time.1,28,144,1.4901161193847656e-08,0.0002129108615918085,2026092701,energy_equivariant
time.2,28,144,2.9802322387695312e-08,0.0008387151756323874,2026092701,energy_equivariant
behavior.0,28,144,2.2351741790771484e-08,0.00019529192650225013,2026092701,energy_equivariant
behavior.1,28,144,1.1175870895385742e-08,0.00011148921475978568,2026092701,energy_equivariant
behavior.2,28,144,1.4901161193847656e-08,0.00017529650358483195,2026092701,energy_equivariant
time.0,28,145,2.2351741790771484e-08,0.00023888844589237124,2026092701,energy_equivariant
time.1,28,145,1.1175870895385742e-08,0.00015587265079375356,2026092701,energy_equivariant
time.2,28,145,2.9802322387695312e-08,0.0007153321639634669,2026092701,energy_equivariant
behavior.0,28,145,1.4901161193847656e-08,0.00016937342297751456,2026092701,energy_equivariant
behavior.1,28,145,1.1175870895385742e-08,0.00011600369907682762,2026092701,energy_equivariant
behavior.2,28,145,1.4901161193847656e-08,0.00020329472317826003,2026092701,energy_equivariant
time.0,28,146,1.4901161193847656e-08,0.00041991155012510717,2026092701,energy_equivariant
time.1,28,146,1.4901161193847656e-08,0.000258333922829479,2026092701,energy_equivariant
time.2,28,146,2.9802322387695312e-08,0.0010716465767472982,2026092701,energy_equivariant
behavior.0,28,146,1.4901161193847656e-08,0.0001748658687574789,2026092701,energy_equivariant
behavior.1,28,146,1.4901161193847656e-08,0.00011443069524830207,2026092701,energy_equivariant
behavior.2,28,146,1.1175870895385742e-08,0.00020215306722093374,2026092701,energy_equivariant
time.0,28,147,2.2351741790771484e-08,0.00032824574736878276,2026092701,energy_equivariant
time.1,28,147,1.4901161193847656e-08,0.0002009996387641877,2026092701,energy_equivariant
time.2,28,147,2.9802322387695312e-08,0.0008289896650239825,2026092701,energy_equivariant
behavior.0,28,147,1.4901161193847656e-08,0.0001770648523233831,2026092701,energy_equivariant
behavior.1,28,147,1.1175870895385742e-08,0.00011718779569491744,2026092701,energy_equivariant
behavior.2,28,147,1.4901161193847656e-08,0.0002169928775401786,2026092701,energy_equivariant
time.0,28,148,1.4901161193847656e-08,0.00026276183780282736,2026092701,energy_equivariant
time.1,28,148,1.4901161193847656e-08,0.00017535178631078452,2026092701,energy_equivariant
time.2,28,148,2.2351741790771484e-08,0.0007703978917561471,2026092701,energy_equivariant
behavior.0,28,148,1.4901161193847656e-08,0.00015126034850254655,2026092701,energy_equivariant
behavior.1,28,148,1.1175870895385742e-08,0.00011094531510025263,2026092701,energy_equivariant
behavior.2,28,148,1.4901161193847656e-08,0.0002187276550102979,2026092701,energy_equivariant
time.0,28,149,1.4901161193847656e-08,0.00025856459978967905,2026092701,energy_equivariant
time.1,28,149,1.4901161193847656e-08,0.00018317073408979923,2026092701,energy_equivariant
time.2,28,149,1.4901161193847656e-08,0.0007523727836087346,2026092701,energy_equivariant
behavior.0,28,149,1.4901161193847656e-08,0.00018457930127624422,2026092701,energy_equivariant
behavior.1,28,149,1.1175870895385742e-08,0.0001177835583803244,2026092701,energy_equivariant
behavior.2,28,149,1.4901161193847656e-08,0.0001979368826141581,2026092701,energy_equivariant
time.0,28,150,1.4901161193847656e-08,0.0002942125720437616,2026092701,energy_equivariant
time.1,28,150,1.4901161193847656e-08,0.0001858410978456959,2026092701,energy_equivariant
time.2,28,150,2.9802322387695312e-08,0.0007978131179697812,2026092701,energy_equivariant
behavior.0,28,150,1.4901161193847656e-08,0.0001852259592851624,2026092701,energy_equivariant
behavior.1,28,150,1.1175870895385742e-08,0.00011598989658523351,2026092701,energy_equivariant
behavior.2,28,150,1.4901161193847656e-08,0.00021863543952349573,2026092701,energy_equivariant
time.0,28,151,1.4901161193847656e-08,0.0002812438760884106,2026092701,energy_equivariant
time.1,28,151,1.4901161193847656e-08,0.00017992471111938357,2026092701,energy_equivariant
time.2,28,151,2.9802322387695312e-08,0.0007463922956958413,2026092701,energy_equivariant
behavior.0,28,151,1.4901161193847656e-08,0.0001764121261658147,2026092701,energy_equivariant
behavior.1,28,151,7.450580596923828e-09,0.00011111785715911537,2026092701,energy_equivariant
behavior.2,28,151,1.4901161193847656e-08,0.00019230788166169077,2026092701,energy_equivariant
time.0,28,152,1.4901161193847656e-08,0.00038943986874073744,2026092701,energy_equivariant
time.1,28,152,1.4901161193847656e-08,0.00023949352907948196,2026092701,energy_equivariant
time.2,28,152,2.9802322387695312e-08,0.0009337051887996495,2026092701,energy_equivariant
behavior.0,28,152,1.4901161193847656e-08,0.00018014080706052482,2026092701,energy_equivariant
behavior.1,28,152,1.1175870895385742e-08,0.00011491849727462977,2026092701,energy_equivariant
behavior.2,28,152,1.4901161193847656e-08,0.0002037617814494297,2026092701,energy_equivariant
time.0,28,153,1.4901161193847656e-08,0.00025034643476828933,2026092701,energy_equivariant
time.1,28,153,1.4901161193847656e-08,0.00015982365584932268,2026092701,energy_equivariant
time.2,28,153,1.4901161193847656e-08,0.0006775314104743302,2026092701,energy_equivariant
behavior.0,28,153,1.4901161193847656e-08,0.0001826984662329778,2026092701,energy_equivariant
behavior.1,28,153,1.1175870895385742e-08,0.0001150366006186232,2026092701,energy_equivariant
behavior.2,28,153,1.1175870895385742e-08,0.00019609004084486514,2026092701,energy_equivariant
time.0,28,154,2.2351741790771484e-08,0.00027100075385533273,2026092701,energy_equivariant
time.1,28,154,1.1175870895385742e-08,0.0001749786752043292,2026092701,energy_equivariant
time.2,28,154,2.9802322387695312e-08,0.0007554354378953576,2026092701,energy_equivariant
behavior.0,28,154,1.4901161193847656e-08,0.00017275269783567637,2026092701,energy_equivariant
behavior.1,28,154,7.450580596923828e-09,0.0001137540748459287,2026092701,energy_equivariant
behavior.2,28,154,1.4901161193847656e-08,0.00021272037702146918,2026092701,energy_equivariant
time.0,28,155,1.862645149230957e-08,0.00021210472914390266,2026092701,energy_equivariant
time.1,28,155,1.4901161193847656e-08,0.00014308153185993433,2026092701,energy_equivariant
time.2,28,155,2.9802322387695312e-08,0.0006273889448493719,2026092701,energy_equivariant
behavior.0,28,155,1.4901161193847656e-08,0.00021754034969490021,2026092701,energy_equivariant
behavior.1,28,155,1.1175870895385742e-08,0.00012089611846022308,2026092701,energy_equivariant
behavior.2,28,155,1.4901161193847656e-08,0.0001591644686413929,2026092701,energy_equivariant
time.0,28,156,1.4901161193847656e-08,0.00025740035925991833,2026092701,energy_equivariant
time.1,28,156,1.1175870895385742e-08,0.00017293334531132132,2026092701,energy_equivariant
time.2,28,156,2.9802322387695312e-08,0.0007407007506117225,2026092701,energy_equivariant
behavior.0,28,156,1.4901161193847656e-08,0.00020746163500007242,2026092701,energy_equivariant
behavior.1,28,156,1.4901161193847656e-08,0.00011663350596791133,2026092701,energy_equivariant
behavior.2,28,156,1.4901161193847656e-08,0.00014531982014887035,2026092701,energy_equivariant
time.0,28,157,1.4901161193847656e-08,0.0002355315227760002,2026092701,energy_equivariant
time.1,28,157,1.4901161193847656e-08,0.0001580521638970822,2026092701,energy_equivariant
time.2,28,157,1.4901161193847656e-08,0.0006659725913777947,2026092701,energy_equivariant
behavior.0,28,157,2.2351741790771484e-08,0.00021975864365231246,2026092701,energy_equivariant
behavior.1,28,157,1.4901161193847656e-08,0.00011068490130128339,2026092701,energy_equivariant
behavior.2,28,157,1.4901161193847656e-08,0.00017622343148104846,2026092701,energy_equivariant
time.0,28,158,1.862645149230957e-08,0.00026425422402098775,2026092701,energy_equivariant
time.1,28,158,1.4901161193847656e-08,0.00017516153457108885,2026092701,energy_equivariant
time.2,28,158,2.2351741790771484e-08,0.0007451341371051967,2026092701,energy_equivariant
behavior.0,28,158,1.1175870895385742e-08,0.00016995084297377616,2026092701,energy_equivariant
behavior.1,28,158,1.1175870895385742e-08,0.00011626849300228059,2026092701,energy_equivariant
behavior.2,28,158,1.4901161193847656e-08,0.00019932309805881232,2026092701,energy_equivariant
time.0,28,159,2.2351741790771484e-08,0.00028465758077800274,2026092701,energy_equivariant
time.1,28,159,2.2351741790771484e-08,0.00019436891307123005,2026092701,energy_equivariant
time.2,28,159,2.9802322387695312e-08,0.0008049040916375816,2026092701,energy_equivariant
behavior.0,28,159,2.2351741790771484e-08,0.00021805478900205344,2026092701,energy_equivariant
behavior.1,28,159,1.1175870895385742e-08,0.00012698194768745452,2026092701,energy_equivariant
behavior.2,28,159,1.4901161193847656e-08,0.0001654700026847422,2026092701,energy_equivariant
time.0,28,160,1.4901161193847656e-08,0.0002797617926262319,2026092701,energy_equivariant
time.1,28,160,1.4901161193847656e-08,0.00018926097254734486,2026092701,energy_equivariant
time.2,28,160,2.2351741790771484e-08,0.0007679022965021431,2026092701,energy_equivariant
behavior.0,28,160,1.4901161193847656e-08,0.00021747501159552485,2026092701,energy_equivariant
behavior.1,28,160,1.4901161193847656e-08,0.00012209528358653188,2026092701,energy_equivariant
behavior.2,28,160,1.4901161193847656e-08,0.00018024635210167617,2026092701,energy_equivariant
time.0,28,161,1.4901161193847656e-08,0.0002768259437289089,2026092701,energy_equivariant
time.1,28,161,1.4901161193847656e-08,0.0001811553811421618,2026092701,energy_equivariant
time.2,28,161,2.9802322387695312e-08,0.0007864818326197565,2026092701,energy_equivariant
behavior.0,28,161,1.862645149230957e-08,0.00020910224702674896,2026092701,energy_equivariant
behavior.1,28,161,1.4901161193847656e-08,0.0001293664681725204,2026092701,energy_equivariant
behavior.2,28,161,1.4901161193847656e-08,0.0001999780797632411,2026092701,energy_equivariant
time.0,28,162,2.2351741790771484e-08,0.00029528950108215213,2026092701,energy_equivariant
time.1,28,162,1.1175870895385742e-08,0.00019059775513596833,2026092701,energy_equivariant
time.2,28,162,2.2351741790771484e-08,0.0007851912523619831,2026092701,energy_equivariant
behavior.0,28,162,1.4901161193847656e-08,0.00016901396156754345,2026092701,energy_equivariant
behavior.1,28,162,1.4901161193847656e-08,0.0001135077909566462,2026092701,energy_equivariant
behavior.2,28,162,1.4901161193847656e-08,0.00020592923101503402,2026092701,energy_equivariant
time.0,28,163,1.4901161193847656e-08,0.0002784747339319438,2026092701,energy_equivariant
time.1,28,163,1.4901161193847656e-08,0.0001937444758368656,2026092701,energy_equivariant
time.2,28,163,2.9802322387695312e-08,0.0007857510354369879,2026092701,energy_equivariant
behavior.0,28,163,1.4901161193847656e-08,0.0001972066966118291,2026092701,energy_equivariant
behavior.1,28,163,1.4901161193847656e-08,0.00012520080781541765,2026092701,energy_equivariant
behavior.2,28,163,1.4901161193847656e-08,0.00021269953867886215,2026092701,energy_equivariant
time.0,28,164,1.4901161193847656e-08,0.00031478871824219823,2026092701,energy_equivariant
time.1,28,164,1.4901161193847656e-08,0.00020037275680806488,2026092701,energy_equivariant
time.2,28,164,2.9802322387695312e-08,0.0008141497382894158,2026092701,energy_equivariant
behavior.0,28,164,1.4901161193847656e-08,0.00018998089944943786,2026092701,energy_equivariant
behavior.1,28,164,1.4901161193847656e-08,0.00012740680540446192,2026092701,energy_equivariant
behavior.2,28,164,1.4901161193847656e-08,0.00020844709069933742,2026092701,energy_equivariant
time.0,28,165,2.2351741790771484e-08,0.0003394251107238233,2026092701,energy_equivariant
time.1,28,165,1.4901161193847656e-08,0.00022455492580775172,2026092701,energy_equivariant
time.2,28,165,2.2351741790771484e-08,0.0008716287557035685,2026092701,energy_equivariant
behavior.0,28,165,1.4901161193847656e-08,0.00019675509247463197,2026092701,energy_equivariant
behavior.1,28,165,1.1175870895385742e-08,0.00011462045949883759,2026092701,energy_equivariant
behavior.2,28,165,1.1175870895385742e-08,0.00016402114124502987,2026092701,energy_equivariant
time.0,28,166,1.4901161193847656e-08,0.0002811649756040424,2026092701,energy_equivariant
time.1,28,166,2.2351741790771484e-08,0.00018281996017321944,2026092701,energy_equivariant
time.2,28,166,2.9802322387695312e-08,0.0007402702467516065,2026092701,energy_equivariant
behavior.0,28,166,1.4901161193847656e-08,0.00019821565365418792,2026092701,energy_equivariant
behavior.1,28,166,1.4901161193847656e-08,0.00012419682752806693,2026092701,energy_equivariant
behavior.2,28,166,1.4901161193847656e-08,0.0002057949168374762,2026092701,energy_equivariant
time.0,28,167,1.4901161193847656e-08,0.0002319080667803064,2026092701,energy_equivariant
time.1,28,167,1.4901161193847656e-08,0.00015888088091742247,2026092701,energy_equivariant
time.2,28,167,2.9802322387695312e-08,0.0007042521028779447,2026092701,energy_equivariant
behavior.0,28,167,1.4901161193847656e-08,0.0001911003200802952,2026092701,energy_equivariant
behavior.1,28,167,1.1175870895385742e-08,0.00013219547690823674,2026092701,energy_equivariant
behavior.2,28,167,1.4901161193847656e-08,0.00020983690046705306,2026092701,energy_equivariant
time.0,28,168,2.2351741790771484e-08,0.0002569875796325505,2026092701,energy_equivariant
time.1,28,168,1.4901161193847656e-08,0.00017219585424754769,2026092701,energy_equivariant
time.2,28,168,2.9802322387695312e-08,0.0007188495364971459,2026092701,energy_equivariant
behavior.0,28,168,2.2351741790771484e-08,0.00018031758372671902,2026092701,energy_equivariant
behavior.1,28,168,1.1175870895385742e-08,0.00011574573727557436,2026092701,energy_equivariant
behavior.2,28,168,1.4901161193847656e-08,0.000220351226744242,2026092701,energy_equivariant
time.0,28,169,1.4901161193847656e-08,0.0002500645350664854,2026092701,energy_equivariant
time.1,28,169,1.4901161193847656e-08,0.00016975152539089322,2026092701,energy_equivariant
time.2,28,169,2.9802322387695312e-08,0.0006789947510696948,2026092701,energy_equivariant
behavior.0,28,169,1.4901161193847656e-08,0.00019870013056788594,2026092701,energy_equivariant
behavior.1,28,169,1.4901161193847656e-08,0.00011827275739051402,2026092701,energy_equivariant
behavior.2,28,169,1.1175870895385742e-08,0.0001474504533689469,2026092701,energy_equivariant
time.0,28,170,1.4901161193847656e-08,0.0002498854883015156,2026092701,energy_equivariant
time.1,28,170,1.4901161193847656e-08,0.00017400459910277277,2026092701,energy_equivariant
time.2,28,170,2.9802322387695312e-08,0.0007284785388037562,2026092701,energy_equivariant
behavior.0,28,170,1.4901161193847656e-08,0.0002164593170164153,2026092701,energy_equivariant
behavior.1,28,170,1.1175870895385742e-08,0.00012207434338051826,2026092701,energy_equivariant
behavior.2,28,170,1.4901161193847656e-08,0.0001903083611978218,2026092701,energy_equivariant
time.0,28,171,2.2351741790771484e-08,0.00032512645702809095,2026092701,energy_equivariant
time.1,28,171,1.1175870895385742e-08,0.00021166847727727145,2026092701,energy_equivariant
time.2,28,171,2.9802322387695312e-08,0.0008526137098670006,2026092701,energy_equivariant
behavior.0,28,171,1.4901161193847656e-08,0.00018409545009490103,2026092701,energy_equivariant
behavior.1,28,171,1.4901161193847656e-08,0.00011328634718665853,2026092701,energy_equivariant
behavior.2,28,171,1.4901161193847656e-08,0.00019296460959594697,2026092701,energy_equivariant
time.0,28,172,1.4901161193847656e-08,0.00019972618611063808,2026092701,energy_equivariant
time.1,28,172,1.1175870895385742e-08,0.00014385441318154335,2026092701,energy_equivariant
time.2,28,172,1.4901161193847656e-08,0.0006192453438416123,2026092701,energy_equivariant
behavior.0,28,172,1.4901161193847656e-08,0.00016695455997250974,2026092701,energy_equivariant
behavior.1,28,172,1.4901161193847656e-08,0.00011531142808962613,2026092701,energy_equivariant
behavior.2,28,172,1.4901161193847656e-08,0.0002024374989559874,2026092701,energy_equivariant
time.0,28,173,1.4901161193847656e-08,0.0002561652800068259,2026092701,energy_equivariant
time.1,28,173,2.2351741790771484e-08,0.0001830652472563088,2026092701,energy_equivariant
time.2,28,173,2.9802322387695312e-08,0.0007449111435562372,2026092701,energy_equivariant
behavior.0,28,173,1.4901161193847656e-08,0.00016813106776680797,2026092701,energy_equivariant
behavior.1,28,173,1.1175870895385742e-08,0.00011718682799255475,2026092701,energy_equivariant
behavior.2,28,173,1.4901161193847656e-08,0.00020805683743674308,2026092701,energy_equivariant
time.0,28,174,1.862645149230957e-08,0.00032761169131845236,2026092701,energy_equivariant
time.1,28,174,1.4901161193847656e-08,0.00020832901645917445,2026092701,energy_equivariant
time.2,28,174,1.4901161193847656e-08,0.000830982462503016,2026092701,energy_equivariant
behavior.0,28,174,1.4901161193847656e-08,0.00019655164214782417,2026092701,energy_equivariant
behavior.1,28,174,1.1175870895385742e-08,0.00011172868107678369,2026092701,energy_equivariant
behavior.2,28,174,1.4901161193847656e-08,0.00018030908540822566,2026092701,energy_equivariant
time.0,28,175,1.4901161193847656e-08,0.0002471954212523997,2026092701,energy_equivariant
time.1,28,175,1.1175870895385742e-08,0.00016509875422343612,2026092701,energy_equivariant
time.2,28,175,2.9802322387695312e-08,0.0006901266751810908,2026092701,energy_equivariant
behavior.0,28,175,1.4901161193847656e-08,0.00018059635476674885,2026092701,energy_equivariant
behavior.1,28,175,1.1175870895385742e-08,0.0001147313232650049,2026092701,energy_equivariant
behavior.2,28,175,1.4901161193847656e-08,0.00021431513596326113,2026092701,energy_equivariant
time.0,28,176,2.2351741790771484e-08,0.0003120564797427505,2026092701,energy_equivariant
time.1,28,176,1.4901161193847656e-08,0.00021337975340429693,2026092701,energy_equivariant
time.2,28,176,2.9802322387695312e-08,0.0008490402833558619,2026092701,energy_equivariant
behavior.0,28,176,2.2351741790771484e-08,0.0001749531802488491,2026092701,energy_equivariant
behavior.1,28,176,7.450580596923828e-09,0.00011768088734243065,2026092701,energy_equivariant
behavior.2,28,176,1.4901161193847656e-08,0.0002237712178612128,2026092701,energy_equivariant
time.0,28,177,1.4901161193847656e-08,0.0003348813916090876,2026092701,energy_equivariant
time.1,28,177,2.2351741790771484e-08,0.00022267302847467363,2026092701,energy_equivariant
time.2,28,177,2.9802322387695312e-08,0.0008849726873449981,2026092701,energy_equivariant
behavior.0,28,177,1.4901161193847656e-08,0.00016575523477513343,2026092701,energy_equivariant
behavior.1,28,177,1.4901161193847656e-08,0.00011730447295121849,2026092701,energy_equivariant
behavior.2,28,177,1.4901161193847656e-08,0.00022087579418439418,2026092701,energy_equivariant
time.0,28,178,1.4901161193847656e-08,0.00028583634411916137,2026092701,energy_equivariant
time.1,28,178,1.4901161193847656e-08,0.00019104602688457817,2026092701,energy_equivariant
time.2,28,178,2.9802322387695312e-08,0.0007405866635963321,2026092701,energy_equivariant
behavior.0,28,178,1.4901161193847656e-08,0.0001986589195439592,2026092701,energy_equivariant
behavior.1,28,178,1.4901161193847656e-08,0.00011624468606896698,2026092701,energy_equivariant
behavior.2,28,178,1.4901161193847656e-08,0.00017038846272043884,2026092701,energy_equivariant
time.0,28,179,1.4901161193847656e-08,0.00021079130237922072,2026092701,energy_equivariant
time.1,28,179,1.4901161193847656e-08,0.00015406988677568734,2026092701,energy_equivariant
time.2,28,179,2.9802322387695312e-08,0.0006355650257319212,2026092701,energy_equivariant
behavior.0,28,179,1.4901161193847656e-08,0.00020569117623381317,2026092701,energy_equivariant
behavior.1,28,179,1.4901161193847656e-08,0.00011936566443182528,2026092701,energy_equivariant
behavior.2,28,179,1.4901161193847656e-08,0.00016863849305082113,2026092701,energy_equivariant
time.0,28,180,1.4901161193847656e-08,0.0002979389391839504,2026092701,energy_equivariant
time.1,28,180,1.1175870895385742e-08,0.0002028083399636671,2026092701,energy_equivariant
time.2,28,180,2.9802322387695312e-08,0.0008260864415206015,2026092701,energy_equivariant
behavior.0,28,180,1.862645149230957e-08,0.000178809481440112,2026092701,energy_equivariant
behavior.1,28,180,1.1175870895385742e-08,0.00011882989929290488,2026092701,energy_equivariant
behavior.2,28,180,1.4901161193847656e-08,0.00018926168559119105,2026092701,energy_equivariant
time.0,28,181,1.4901161193847656e-08,0.00030405251891352236,2026092701,energy_equivariant
time.1,28,181,1.4901161193847656e-08,0.00019759262795560062,2026092701,energy_equivariant
time.2,28,181,2.9802322387695312e-08,0.0008087404421530664,2026092701,energy_equivariant
behavior.0,28,181,1.4901161193847656e-08,0.00021437666146084666,2026092701,energy_equivariant
behavior.1,28,181,1.1175870895385742e-08,0.00012558970774989575,2026092701,energy_equivariant
behavior.2,28,181,1.4901161193847656e-08,0.00022499440819956362,2026092701,energy_equivariant
time.0,28,182,1.4901161193847656e-08,0.0002976309915538877,2026092701,energy_equivariant
time.1,28,182,1.4901161193847656e-08,0.00021008029580116272,2026092701,energy_equivariant
time.2,28,182,2.9802322387695312e-08,0.0008390825823880732,2026092701,energy_equivariant
behavior.0,28,182,1.4901161193847656e-08,0.00019841968605760485,2026092701,energy_equivariant
behavior.1,28,182,1.4901161193847656e-08,0.0001236260577570647,2026092701,energy_equivariant
behavior.2,28,182,1.4901161193847656e-08,0.00018606749654281884,2026092701,energy_equivariant
time.0,28,183,1.4901161193847656e-08,0.0002360068028792739,2026092701,energy_equivariant
time.1,28,183,1.4901161193847656e-08,0.0001661655551288277,2026092701,energy_equivariant
time.2,28,183,1.4901161193847656e-08,0.0006946891080588102,2026092701,energy_equivariant
behavior.0,28,183,1.4901161193847656e-08,0.00017396891780663282,2026092701,energy_equivariant
behavior.1,28,183,1.4901161193847656e-08,0.00012930153752677143,2026092701,energy_equivariant
behavior.2,28,183,1.4901161193847656e-08,0.0002482893178239465,2026092701,energy_equivariant
time.0,28,184,1.4901161193847656e-08,0.0001886920363176614,2026092701,energy_equivariant
time.1,28,184,1.1175870895385742e-08,0.00013122450036462396,2026092701,energy_equivariant
time.2,28,184,2.2351741790771484e-08,0.0005966967437416315,2026092701,energy_equivariant
behavior.0,28,184,1.4901161193847656e-08,0.00017856800695881248,2026092701,energy_equivariant
behavior.1,28,184,1.4901161193847656e-08,0.00012481170415412635,2026092701,energy_equivariant
behavior.2,28,184,1.1175870895385742e-08,0.00022316380636766553,2026092701,energy_equivariant
time.0,28,185,1.4901161193847656e-08,0.0002228675875812769,2026092701,energy_equivariant
time.1,28,185,1.4901161193847656e-08,0.00015895516844466329,2026092701,energy_equivariant
time.2,28,185,2.9802322387695312e-08,0.0006767149898223579,2026092701,energy_equivariant
behavior.0,28,185,1.4901161193847656e-08,0.00018316217756364495,2026092701,energy_equivariant
behavior.1,28,185,1.1175870895385742e-08,0.00011836881458293647,2026092701,energy_equivariant
behavior.2,28,185,1.4901161193847656e-08,0.00019983077072538435,2026092701,energy_equivariant
time.0,28,186,2.2351741790771484e-08,0.0002900726394727826,2026092701,energy_equivariant
time.1,28,186,1.4901161193847656e-08,0.00019959037308581173,2026092701,energy_equivariant
time.2,28,186,1.4901161193847656e-08,0.0008141281432472169,2026092701,energy_equivariant
behavior.0,28,186,1.4901161193847656e-08,0.00017614879470784217,2026092701,energy_equivariant
behavior.1,28,186,1.4901161193847656e-08,0.00011854866897920147,2026092701,energy_equivariant
behavior.2,28,186,1.4901161193847656e-08,0.0002084370207739994,2026092701,energy_equivariant
time.0,28,187,1.4901161193847656e-08,0.00021795916836708784,2026092701,energy_equivariant
time.1,28,187,1.4901161193847656e-08,0.00016262962890323251,2026092701,energy_equivariant
time.2,28,187,2.9802322387695312e-08,0.0006820099661126733,2026092701,energy_equivariant
behavior.0,28,187,1.4901161193847656e-08,0.00018259572971146554,2026092701,energy_equivariant
behavior.1,28,187,9.313225746154785e-09,0.00012166882515884936,2026092701,energy_equivariant
behavior.2,28,187,2.2351741790771484e-08,0.00021414985531009734,2026092701,energy_equivariant
time.0,28,188,1.4901161193847656e-08,0.00028110211133025587,2026092701,energy_equivariant
time.1,28,188,1.4901161193847656e-08,0.00018940441077575088,2026092701,energy_equivariant
time.2,28,188,2.2351741790771484e-08,0.0007598713273182511,2026092701,energy_equivariant
behavior.0,28,188,2.2351741790771484e-08,0.0001789338857633993,2026092701,energy_equivariant
behavior.1,28,188,1.4901161193847656e-08,0.00011284503852948546,2026092701,energy_equivariant
behavior.2,28,188,1.4901161193847656e-08,0.00017138352268375456,2026092701,energy_equivariant
time.0,28,189,1.4901161193847656e-08,0.00030832982156425714,2026092701,energy_equivariant
time.1,28,189,1.4901161193847656e-08,0.00021314425976015627,2026092701,energy_equivariant
time.2,28,189,2.2351741790771484e-08,0.000846309878397733,2026092701,energy_equivariant
behavior.0,28,189,1.4901161193847656e-08,0.0001759660372044891,2026092701,energy_equivariant
behavior.1,28,189,1.4901161193847656e-08,0.00011086008453276008,2026092701,energy_equivariant
behavior.2,28,189,1.1175870895385742e-08,0.00016386501374654472,2026092701,energy_equivariant
time.0,28,190,2.2351741790771484e-08,0.000278565741609782,2026092701,energy_equivariant
time.1,28,190,1.4901161193847656e-08,0.00018685687973629683,2026092701,energy_equivariant
time.2,28,190,2.9802322387695312e-08,0.0007723438320681453,2026092701,energy_equivariant
behavior.0,28,190,2.2351741790771484e-08,0.00018964022456202656,2026092701,energy_equivariant
behavior.1,28,190,1.4901161193847656e-08,0.00012273383617866784,2026092701,energy_equivariant
behavior.2,28,190,1.4901161193847656e-08,0.000204298019525595,2026092701,energy_equivariant
time.0,28,191,1.4901161193847656e-08,0.00028066185768693686,2026092701,energy_equivariant
time.1,28,191,1.1175870895385742e-08,0.00018556859868112952,2026092701,energy_equivariant
time.2,28,191,2.9802322387695312e-08,0.0007561107631772757,2026092701,energy_equivariant
behavior.0,28,191,1.4901161193847656e-08,0.00019163153774570674,2026092701,energy_equivariant
behavior.1,28,191,1.1175870895385742e-08,0.00011858863581437618,2026092701,energy_equivariant
behavior.2,28,191,1.4901161193847656e-08,0.0001774346164893359,2026092701,energy_equivariant
time.0,28,192,1.4901161193847656e-08,0.0002587186172604561,2026092701,energy_equivariant
time.1,28,192,1.1175870895385742e-08,0.0001697492116363719,2026092701,energy_equivariant
time.2,28,192,2.9802322387695312e-08,0.000719092262443155,2026092701,energy_equivariant
behavior.0,28,192,1.4901161193847656e-08,0.00018380933033768088,2026092701,energy_equivariant
behavior.1,28,192,1.1175870895385742e-08,0.00011874710617121309,2026092701,energy_equivariant
behavior.2,28,192,1.1175870895385742e-08,0.0001912008156068623,2026092701,energy_equivariant
time.0,28,193,1.4901161193847656e-08,0.00032840477069839835,2026092701,energy_equivariant
time.1,28,193,1.4901161193847656e-08,0.0002060101251117885,2026092701,energy_equivariant
time.2,28,193,4.470348358154297e-08,0.0008338416810147464,2026092701,energy_equivariant
behavior.0,28,193,1.4901161193847656e-08,0.00018860171257983893,2026092701,energy_equivariant
behavior.1,28,193,7.450580596923828e-09,0.00012156120646977797,2026092701,energy_equivariant
behavior.2,28,193,1.1175870895385742e-08,0.00018195949087385088,2026092701,energy_equivariant
time.0,28,194,2.2351741790771484e-08,0.00025383036700077355,2026092701,energy_equivariant
time.1,28,194,1.4901161193847656e-08,0.00017207481141667813,2026092701,energy_equivariant
time.2,28,194,1.4901161193847656e-08,0.0007132137543521821,2026092701,energy_equivariant
behavior.0,28,194,1.4901161193847656e-08,0.00018584069039206952,2026092701,energy_equivariant
behavior.1,28,194,1.1175870895385742e-08,0.00011731548147508875,2026092701,energy_equivariant
behavior.2,28,194,1.4901161193847656e-08,0.0002011558535741642,2026092701,energy_equivariant
time.0,28,195,2.2351741790771484e-08,0.0002311239077243954,2026092701,energy_equivariant
time.1,28,195,1.4901161193847656e-08,0.00015364626597147435,2026092701,energy_equivariant
time.2,28,195,2.9802322387695312e-08,0.0006812538485974073,2026092701,energy_equivariant
behavior.0,28,195,1.4901161193847656e-08,0.00018996636208612472,2026092701,energy_equivariant
behavior.1,28,195,1.1175870895385742e-08,0.00012225122191011906,2026092701,energy_equivariant
behavior.2,28,195,1.4901161193847656e-08,0.0002066992165055126,2026092701,energy_equivariant
time.0,28,196,2.2351741790771484e-08,0.00027596851577982306,2026092701,energy_equivariant
time.1,28,196,1.4901161193847656e-08,0.00018666396499611437,2026092701,energy_equivariant
time.2,28,196,2.9802322387695312e-08,0.0007515696925111115,2026092701,energy_equivariant
behavior.0,28,196,2.2351741790771484e-08,0.00021506597113329917,2026092701,energy_equivariant
behavior.1,28,196,1.4901161193847656e-08,0.00011844888649648055,2026092701,energy_equivariant
behavior.2,28,196,1.4901161193847656e-08,0.00017929454043041915,2026092701,energy_equivariant
time.0,28,197,1.4901161193847656e-08,0.00030651205452159047,2026092701,energy_equivariant
time.1,28,197,1.4901161193847656e-08,0.00021652512077707797,2026092701,energy_equivariant
time.2,28,197,2.2351741790771484e-08,0.0008450195891782641,2026092701,energy_equivariant
behavior.0,28,197,2.2351741790771484e-08,0.00020217968267388642,2026092701,energy_equivariant
behavior.1,28,197,7.450580596923828e-09,0.0001176254590973258,2026092701,energy_equivariant
behavior.2,28,197,1.4901161193847656e-08,0.00020732615666929632,2026092701,energy_equivariant
time.0,28,198,1.4901161193847656e-08,0.0002836429630406201,2026092701,energy_equivariant
time.1,28,198,1.4901161193847656e-08,0.0001917461195262149,2026092701,energy_equivariant
time.2,28,198,2.9802322387695312e-08,0.00077817338751629,2026092701,energy_equivariant
behavior.0,28,198,1.4901161193847656e-08,0.00019299649284221232,2026092701,energy_equivariant
behavior.1,28,198,1.4901161193847656e-08,0.0001223382423631847,2026092701,energy_equivariant
behavior.2,28,198,1.4901161193847656e-08,0.00020683325419668108,2026092701,energy_equivariant
time.0,28,199,1.4901161193847656e-08,0.0002874423807952553,2026092701,energy_equivariant
time.1,28,199,1.4901161193847656e-08,0.00020186867914162576,2026092701,energy_equivariant
time.2,28,199,1.4901161193847656e-08,0.0008006498101167381,2026092701,energy_equivariant
behavior.0,28,199,2.2351741790771484e-08,0.0002003836998483166,2026092701,energy_equivariant
behavior.1,28,199,1.4901161193847656e-08,0.0001210230402648449,2026092701,energy_equivariant
behavior.2,28,199,1.4901161193847656e-08,0.00018147124501410872,2026092701,energy_equivariant
time.0,28,200,1.4901161193847656e-08,0.0002841181121766567,2026092701,energy_equivariant
time.1,28,200,1.4901161193847656e-08,0.00019650519243441522,2026092701,energy_equivariant
time.2,28,200,1.4901161193847656e-08,0.0007820759201422334,2026092701,energy_equivariant
behavior.0,28,200,1.1175870895385742e-08,0.00017733174900058657,2026092701,energy_equivariant
behavior.1,28,200,1.1175870895385742e-08,0.0001203143474413082,2026092701,energy_equivariant
behavior.2,28,200,1.4901161193847656e-08,0.00019864535715896636,2026092701,energy_equivariant
time.0,28,1,2.2351741790771484e-08,0.000252782367169857,2026092701,energy_half
time.1,28,1,1.4901161193847656e-08,0.00014657444262411445,2026092701,energy_half
time.2,28,1,1.4901161193847656e-08,0.00029668479692190886,2026092701,energy_half
behavior.0,28,1,1.4901161193847656e-08,0.00012077832070644945,2026092701,energy_half
behavior.1,28,1,2.2351741790771484e-08,0.00028678413946181536,2026092701,energy_half
behavior.2,28,1,1.4901161193847656e-08,0.00018741101666819304,2026092701,energy_half
time.0,28,2,1.4901161193847656e-08,0.00023105082800611854,2026092701,energy_half
time.1,28,2,1.1175870895385742e-08,0.00013795975246466696,2026092701,energy_half
time.2,28,2,2.2351741790771484e-08,0.00041903587407432497,2026092701,energy_half
behavior.0,28,2,1.4901161193847656e-08,0.0001507798006059602,2026092701,energy_half
behavior.1,28,2,1.4901161193847656e-08,0.00019450094259809703,2026092701,energy_half
behavior.2,28,2,1.4901161193847656e-08,0.00016032042913138866,2026092701,energy_half
time.0,28,3,1.4901161193847656e-08,0.0002639389713294804,2026092701,energy_half
time.1,28,3,1.1175870895385742e-08,0.0001472603325964883,2026092701,energy_half
time.2,28,3,2.2351741790771484e-08,0.00041787989903241396,2026092701,energy_half
behavior.0,28,3,1.4901161193847656e-08,0.00013765085896011442,2026092701,energy_half
behavior.1,28,3,1.4901161193847656e-08,0.00019169469305779785,2026092701,energy_half
behavior.2,28,3,1.4901161193847656e-08,0.00019313066150061786,2026092701,energy_half
time.0,28,4,2.2351741790771484e-08,0.00024878629483282566,2026092701,energy_half
time.1,28,4,1.4901161193847656e-08,0.00014502737030852586,2026092701,energy_half
time.2,28,4,1.4901161193847656e-08,0.000424154510255903,2026092701,energy_half
behavior.0,28,4,1.4901161193847656e-08,0.000151682979776524,2026092701,energy_half
behavior.1,28,4,1.4901161193847656e-08,0.00017640645091887563,2026092701,energy_half
behavior.2,28,4,1.1175870895385742e-08,0.0001889791019493714,2026092701,energy_half
time.0,28,5,1.4901161193847656e-08,0.0003065561759285629,2026092701,energy_half
time.1,28,5,1.1175870895385742e-08,0.00017041529645211995,2026092701,energy_half
time.2,28,5,1.4901161193847656e-08,0.00044251116923987865,2026092701,energy_half
behavior.0,28,5,1.4901161193847656e-08,0.0001768394431564957,2026092701,energy_half
behavior.1,28,5,1.4901161193847656e-08,0.0001527929853182286,2026092701,energy_half
behavior.2,28,5,1.4901161193847656e-08,0.00014936752268113196,2026092701,energy_half
time.0,28,6,1.4901161193847656e-08,0.00030710463761352,2026092701,energy_half
time.1,28,6,1.4901161193847656e-08,0.00017103026038967073,2026092701,energy_half
time.2,28,6,2.2351741790771484e-08,0.0004592652549035847,2026092701,energy_half
behavior.0,28,6,1.4901161193847656e-08,0.00016259349649772048,2026092701,energy_half
behavior.1,28,6,1.4901161193847656e-08,0.00014538712275680155,2026092701,energy_half
behavior.2,28,6,1.4901161193847656e-08,0.0001430523843737319,2026092701,energy_half
time.0,28,7,1.4901161193847656e-08,0.00037193839671090245,2026092701,energy_half
time.1,28,7,1.4901161193847656e-08,0.00018573102715890855,2026092701,energy_half
time.2,28,7,1.4901161193847656e-08,0.0005071896594017744,2026092701,energy_half
behavior.0,28,7,1.4901161193847656e-08,0.00017563327855896205,2026092701,energy_half
behavior.1,28,7,1.4901161193847656e-08,0.00014448590809479356,2026092701,energy_half
behavior.2,28,7,1.4901161193847656e-08,0.00014867458958178759,2026092701,energy_half
time.0,28,8,2.2351741790771484e-08,0.00032248342176899314,2026092701,energy_half
time.1,28,8,1.4901161193847656e-08,0.00016210245667025447,2026092701,energy_half
time.2,28,8,1.4901161193847656e-08,0.0004831172409467399,2026092701,energy_half
behavior.0,28,8,1.4901161193847656e-08,0.0001556288480060175,2026092701,energy_half
behavior.1,28,8,7.450580596923828e-09,0.0001330922677880153,2026092701,energy_half
behavior.2,28,8,1.4901161193847656e-08,0.0001790415117284283,2026092701,energy_half
time.0,28,9,2.2351741790771484e-08,0.000283305358607322,2026092701,energy_half
time.1,28,9,1.1175870895385742e-08,0.000161192991072312,2026092701,energy_half
time.2,28,9,1.4901161193847656e-08,0.00040990914567373693,2026092701,energy_half
behavior.0,28,9,1.4901161193847656e-08,0.00017637292330618948,2026092701,energy_half
behavior.1,28,9,1.4901161193847656e-08,0.00014797209587413818,2026092701,energy_half
behavior.2,28,9,1.4901161193847656e-08,0.0001493606250733137,2026092701,energy_half
time.0,28,10,1.4901161193847656e-08,0.00027610588585957885,2026092701,energy_half
time.1,28,10,1.1175870895385742e-08,0.00015746545977890491,2026092701,energy_half
time.2,28,10,1.4901161193847656e-08,0.0004151471657678485,2026092701,energy_half
behavior.0,28,10,1.4901161193847656e-08,0.00017668880173005164,2026092701,energy_half
behavior.1,28,10,1.1175870895385742e-08,0.00013957089686300606,2026092701,energy_half
behavior.2,28,10,1.4901161193847656e-08,0.00014769213157705963,2026092701,energy_half
time.0,28,11,2.2351741790771484e-08,0.0003242293023504317,2026092701,energy_half
time.1,28,11,1.4901161193847656e-08,0.00018849896150641143,2026092701,energy_half
time.2,28,11,2.9802322387695312e-08,0.0005477453814819455,2026092701,energy_half
behavior.0,28,11,1.4901161193847656e-08,0.00017124718578998,2026092701,energy_half
behavior.1,28,11,1.4901161193847656e-08,0.00013406467041932046,2026092701,energy_half
behavior.2,28,11,1.4901161193847656e-08,0.00014120101695880294,2026092701,energy_half
time.0,28,12,1.4901161193847656e-08,0.00028333987575024366,2026092701,energy_half
time.1,28,12,1.1175870895385742e-08,0.00015334898489527404,2026092701,energy_half
time.2,28,12,1.4901161193847656e-08,0.00048123043961822987,2026092701,energy_half
behavior.0,28,12,2.2351741790771484e-08,0.00017804771778173745,2026092701,energy_half
behavior.1,28,12,1.1175870895385742e-08,0.00012995324505027384,2026092701,energy_half
behavior.2,28,12,1.1175870895385742e-08,0.00016476069868076593,2026092701,energy_half
time.0,28,13,1.4901161193847656e-08,0.00027858393150381744,2026092701,energy_half
time.1,28,13,1.4901161193847656e-08,0.00016687801689840853,2026092701,energy_half
time.2,28,13,2.2351741790771484e-08,0.0005399737856350839,2026092701,energy_half
behavior.0,28,13,2.2351741790771484e-08,0.0001562164252391085,2026092701,energy_half
behavior.1,28,13,1.4901161193847656e-08,0.00012828063336201012,2026092701,energy_half
behavior.2,28,13,1.1175870895385742e-08,0.00017881418170873076,2026092701,energy_half
time.0,28,14,1.4901161193847656e-08,0.0003405037277843803,2026092701,energy_half
time.1,28,14,1.1175870895385742e-08,0.00020252141985110939,2026092701,energy_half
time.2,28,14,2.2351741790771484e-08,0.0005691172555088997,2026092701,energy_half
behavior.0,28,14,1.1175870895385742e-08,0.00017897937505040318,2026092701,energy_half
behavior.1,28,14,1.4901161193847656e-08,0.00013301096623763442,2026092701,energy_half
behavior.2,28,14,1.4901161193847656e-08,0.00019350340880919248,2026092701,energy_half
time.0,28,15,2.9802322387695312e-08,0.0003368189500179142,2026092701,energy_half
time.1,28,15,1.1175870895385742e-08,0.00019764275930356234,2026092701,energy_half
time.2,28,15,2.9802322387695312e-08,0.0006007749470882118,2026092701,energy_half
behavior.0,28,15,1.4901161193847656e-08,0.00016940354544203728,2026092701,energy_half
behavior.1,28,15,1.4901161193847656e-08,0.00013002158084418625,2026092701,energy_half
behavior.2,28,15,1.4901161193847656e-08,0.00016491093265358359,2026092701,energy_half
time.0,28,16,2.2351741790771484e-08,0.0003698831133078784,2026092701,energy_half
time.1,28,16,1.1175870895385742e-08,0.00019910874834749848,2026092701,energy_half
time.2,28,16,2.9802322387695312e-08,0.0006298028747551143,2026092701,energy_half
behavior.0,28,16,2.9802322387695312e-08,0.0002190791565226391,2026092701,energy_half
behavior.1,28,16,1.4901161193847656e-08,0.0001385409414069727,2026092701,energy_half
behavior.2,28,16,1.1175870895385742e-08,0.0001700716675259173,2026092701,energy_half
time.0,28,17,1.4901161193847656e-08,0.0003261253295931965,2026092701,energy_half
time.1,28,17,1.1175870895385742e-08,0.00019251479534432292,2026092701,energy_half
time.2,28,17,1.4901161193847656e-08,0.0005845025880262256,2026092701,energy_half
behavior.0,28,17,1.4901161193847656e-08,0.00016648492601234466,2026092701,energy_half
behavior.1,28,17,1.4901161193847656e-08,0.00012129639071645215,2026092701,energy_half
behavior.2,28,17,1.4901161193847656e-08,0.0001571949542267248,2026092701,energy_half
time.0,28,18,1.4901161193847656e-08,0.0003961901820730418,2026092701,energy_half
time.1,28,18,1.4901161193847656e-08,0.00020904341363348067,2026092701,energy_half
time.2,28,18,1.4901161193847656e-08,0.0006645604153163731,2026092701,energy_half
behavior.0,28,18,1.4901161193847656e-08,0.00019456580048426986,2026092701,energy_half
behavior.1,28,18,1.1175870895385742e-08,0.00012852308282162994,2026092701,energy_half
behavior.2,28,18,1.1175870895385742e-08,0.00013345378101803362,2026092701,energy_half
time.0,28,19,1.4901161193847656e-08,0.0003697854117490351,2026092701,energy_half
time.1,28,19,1.1175870895385742e-08,0.0001966430281754583,2026092701,energy_half
time.2,28,19,2.2351741790771484e-08,0.0006758802919648588,2026092701,energy_half
behavior.0,28,19,2.2351741790771484e-08,0.00019332062220200896,2026092701,energy_half
behavior.1,28,19,1.1175870895385742e-08,0.0001252692745765671,2026092701,energy_half
behavior.2,28,19,1.4901161193847656e-08,0.00014102306158747524,2026092701,energy_half
time.0,28,20,2.2351741790771484e-08,0.0004179398820269853,2026092701,energy_half
time.1,28,20,1.4901161193847656e-08,0.00023475632769986987,2026092701,energy_half
time.2,28,20,2.9802322387695312e-08,0.0008210364612750709,2026092701,energy_half
behavior.0,28,20,1.4901161193847656e-08,0.00020073684572707862,2026092701,energy_half
behavior.1,28,20,1.4901161193847656e-08,0.00013512752775568515,2026092701,energy_half
behavior.2,28,20,1.1175870895385742e-08,0.0001504100364400074,2026092701,energy_half
time.0,28,21,2.2351741790771484e-08,0.0003723861591424793,2026092701,energy_half
time.1,28,21,1.4901161193847656e-08,0.00021494067914318293,2026092701,energy_half
time.2,28,21,2.9802322387695312e-08,0.0007816579891368747,2026092701,energy_half
behavior.0,28,21,1.4901161193847656e-08,0.00017721920448821038,2026092701,energy_half
behavior.1,28,21,7.450580596923828e-09,0.00011587164044613019,2026092701,energy_half
behavior.2,28,21,1.4901161193847656e-08,0.00015893774980213493,2026092701,energy_half
time.0,28,22,1.4901161193847656e-08,0.00034561179927550256,2026092701,energy_half
time.1,28,22,1.4901161193847656e-08,0.00020115204097237438,2026092701,energy_half
time.2,28,22,2.9802322387695312e-08,0.0007559342193417251,2026092701,energy_half
behavior.0,28,22,1.4901161193847656e-08,0.00021741740056313574,2026092701,energy_half
behavior.1,28,22,1.4901161193847656e-08,0.00012860511196777225,2026092701,energy_half
behavior.2,28,22,1.4901161193847656e-08,0.00018551743414718658,2026092701,energy_half
time.0,28,23,1.4901161193847656e-08,0.0003116941952612251,2026092701,energy_half
time.1,28,23,1.4901161193847656e-08,0.00017898330406751484,2026092701,energy_half
time.2,28,23,2.9802322387695312e-08,0.0007067826227284968,2026092701,energy_half
behavior.0,28,23,1.4901161193847656e-08,0.00018133815319743007,2026092701,energy_half
behavior.1,28,23,1.4901161193847656e-08,0.00011816691403510049,2026092701,energy_half
behavior.2,28,23,1.4901161193847656e-08,0.00015788253222126514,2026092701,energy_half
time.0,28,24,2.2351741790771484e-08,0.00037332638748921454,2026092701,energy_half
time.1,28,24,1.4901161193847656e-08,0.00020462521933950484,2026092701,energy_half
time.2,28,24,2.2351741790771484e-08,0.0007620154065079987,2026092701,energy_half
behavior.0,28,24,1.4901161193847656e-08,0.00018699312931858003,2026092701,energy_half
behavior.1,28,24,1.4901161193847656e-08,0.00012564724602270871,2026092701,energy_half
behavior.2,28,24,1.4901161193847656e-08,0.00020060461247339845,2026092701,energy_half
time.0,28,25,1.4901161193847656e-08,0.00038043622043915093,2026092701,energy_half
time.1,28,25,1.1175870895385742e-08,0.00021738007490057498,2026092701,energy_half
time.2,28,25,2.2351741790771484e-08,0.0007298041018657386,2026092701,energy_half
behavior.0,28,25,1.4901161193847656e-08,0.00016981504450086504,2026092701,energy_half
behavior.1,28,25,1.4901161193847656e-08,0.00010980609658872709,2026092701,energy_half
behavior.2,28,25,1.1175870895385742e-08,0.00016313059313688427,2026092701,energy_half
time.0,28,26,1.4901161193847656e-08,0.00044419977348297834,2026092701,energy_half
time.1,28,26,2.2351741790771484e-08,0.000231565281865187,2026092701,energy_half
time.2,28,26,1.4901161193847656e-08,0.0007974475156515837,2026092701,energy_half
behavior.0,28,26,1.4901161193847656e-08,0.00016821669123601168,2026092701,energy_half
behavior.1,28,26,1.4901161193847656e-08,0.00011141286086058244,2026092701,energy_half
behavior.2,28,26,1.4901161193847656e-08,0.00017283349006902426,2026092701,energy_half
time.0,28,27,2.2351741790771484e-08,0.0004953333409503102,2026092701,energy_half
time.1,28,27,1.4901161193847656e-08,0.0002621159073896706,2026092701,energy_half
time.2,28,27,2.9802322387695312e-08,0.0008991179056465626,2026092701,energy_half
behavior.0,28,27,1.4901161193847656e-08,0.00020212639356032014,2026092701,energy_half
behavior.1,28,27,1.1175870895385742e-08,0.00011172863014508039,2026092701,energy_half
behavior.2,28,27,1.1175870895385742e-08,0.00013647339073941112,2026092701,energy_half
time.0,28,28,1.4901161193847656e-08,0.00033748961868695915,2026092701,energy_half
time.1,28,28,1.4901161193847656e-08,0.00019880820764228702,2026092701,energy_half
time.2,28,28,2.2351741790771484e-08,0.0007542734383605421,2026092701,energy_half
behavior.0,28,28,1.4901161193847656e-08,0.00016855062858667225,2026092701,energy_half
behavior.1,28,28,1.1175870895385742e-08,0.00010907308023888618,2026092701,energy_half
behavior.2,28,28,1.1175870895385742e-08,0.0001734270335873589,2026092701,energy_half
time.0,28,29,2.9802322387695312e-08,0.00039582321187481284,2026092701,energy_half
time.1,28,29,1.4901161193847656e-08,0.00021999806631356478,2026092701,energy_half
time.2,28,29,2.9802322387695312e-08,0.0007883915095590055,2026092701,energy_half
behavior.0,28,29,1.4901161193847656e-08,0.00017911898612510413,2026092701,energy_half
behavior.1,28,29,1.1175870895385742e-08,0.00011656518472591415,2026092701,energy_half
behavior.2,28,29,1.4901161193847656e-08,0.00014046063006389886,2026092701,energy_half
time.0,28,30,1.862645149230957e-08,0.0003664036630652845,2026092701,energy_half
time.1,28,30,1.1175870895385742e-08,0.0002089646295644343,2026092701,energy_half
time.2,28,30,2.9802322387695312e-08,0.0007962670642882586,2026092701,energy_half
behavior.0,28,30,1.4901161193847656e-08,0.0001981692184926942,2026092701,energy_half
behavior.1,28,30,1.1175870895385742e-08,0.0001285973412450403,2026092701,energy_half
behavior.2,28,30,7.450580596923828e-09,0.0001516613847343251,2026092701,energy_half
time.0,28,31,1.4901161193847656e-08,0.0003923759504687041,2026092701,energy_half
time.1,28,31,1.4901161193847656e-08,0.00021929710055701435,2026092701,energy_half
time.2,28,31,2.9802322387695312e-08,0.0008828879217617214,2026092701,energy_half
behavior.0,28,31,1.4901161193847656e-08,0.00020961057452950627,2026092701,energy_half
behavior.1,28,31,1.1175870895385742e-08,0.00012247225095052272,2026092701,energy_half
behavior.2,28,31,1.4901161193847656e-08,0.0001559543889015913,2026092701,energy_half
time.0,28,32,1.4901161193847656e-08,0.00040715353679843247,2026092701,energy_half
time.1,28,32,1.1175870895385742e-08,0.00020686679636128247,2026092701,energy_half
time.2,28,32,2.2351741790771484e-08,0.0008106637978926301,2026092701,energy_half
behavior.0,28,32,1.4901161193847656e-08,0.00017787484102882445,2026092701,energy_half
behavior.1,28,32,1.4901161193847656e-08,0.00010744038445409387,2026092701,energy_half
behavior.2,28,32,1.4901161193847656e-08,0.00017974253569263965,2026092701,energy_half
time.0,28,33,1.4901161193847656e-08,0.000301186868455261,2026092701,energy_half
time.1,28,33,1.4901161193847656e-08,0.00018517162243369967,2026092701,energy_half
time.2,28,33,2.9802322387695312e-08,0.000701610348187387,2026092701,energy_half
behavior.0,28,33,1.4901161193847656e-08,0.0002070661139441654,2026092701,energy_half
behavior.1,28,33,1.4901161193847656e-08,0.00012082778994226828,2026092701,energy_half
behavior.2,28,33,1.4901161193847656e-08,0.00013371491513680667,2026092701,energy_half
time.0,28,34,1.4901161193847656e-08,0.000331617338815704,2026092701,energy_half
time.1,28,34,1.4901161193847656e-08,0.00019772244559135288,2026092701,energy_half
time.2,28,34,2.9802322387695312e-08,0.0007736768457107246,2026092701,energy_half
behavior.0,28,34,1.4901161193847656e-08,0.00016593970940448344,2026092701,energy_half
behavior.1,28,34,1.4901161193847656e-08,0.00010052310244645923,2026092701,energy_half
behavior.2,28,34,1.4901161193847656e-08,0.00018703484965953976,2026092701,energy_half
time.0,28,35,2.2351741790771484e-08,0.0004427609092090279,2026092701,energy_half
time.1,28,35,1.4901161193847656e-08,0.0002464665740262717,2026092701,energy_half
time.2,28,35,2.9802322387695312e-08,0.0009801331907510757,2026092701,energy_half
behavior.0,28,35,1.4901161193847656e-08,0.00018901379371527582,2026092701,energy_half
behavior.1,28,35,1.1175870895385742e-08,0.00011203179019503295,2026092701,energy_half
behavior.2,28,35,1.1175870895385742e-08,0.00016841836622916162,2026092701,energy_half
time.0,28,36,1.4901161193847656e-08,0.0003305329300928861,2026092701,energy_half
time.1,28,36,1.4901161193847656e-08,0.00020414538448676467,2026092701,energy_half
time.2,28,36,2.9802322387695312e-08,0.0007462815847247839,2026092701,energy_half
behavior.0,28,36,1.4901161193847656e-08,0.0001946853444678709,2026092701,energy_half
behavior.1,28,36,1.4901161193847656e-08,0.00011063567944802344,2026092701,energy_half
behavior.2,28,36,1.4901161193847656e-08,0.00016036354645621032,2026092701,energy_half
time.0,28,37,1.4901161193847656e-08,0.0004165919672232121,2026092701,energy_half
time.1,28,37,1.4901161193847656e-08,0.00023950419563334435,2026092701,energy_half
time.2,28,37,4.470348358154297e-08,0.0009846054017543793,2026092701,energy_half
behavior.0,28,37,1.4901161193847656e-08,0.0002054215146927163,2026092701,energy_half
behavior.1,28,37,1.1175870895385742e-08,0.00011275069846305996,2026092701,energy_half
behavior.2,28,37,1.4901161193847656e-08,0.00019139914365950972,2026092701,energy_half
time.0,28,38,1.4901161193847656e-08,0.000359184603439644,2026092701,energy_half
time.1,28,38,1.4901161193847656e-08,0.00021340270177461207,2026092701,energy_half
time.2,28,38,2.9802322387695312e-08,0.0009099014569073915,2026092701,energy_half
behavior.0,28,38,1.4901161193847656e-08,0.00021798380475956947,2026092701,energy_half
behavior.1,28,38,1.4901161193847656e-08,0.00011829436698462814,2026092701,energy_half
behavior.2,28,38,1.4901161193847656e-08,0.00016666999727021903,2026092701,energy_half
time.0,28,39,1.4901161193847656e-08,0.0003584505175240338,2026092701,energy_half
time.1,28,39,1.4901161193847656e-08,0.00021386530715972185,2026092701,energy_half
time.2,28,39,2.9802322387695312e-08,0.0009150613914243877,2026092701,energy_half
behavior.0,28,39,1.4901161193847656e-08,0.00017010087321978062,2026092701,energy_half
behavior.1,28,39,1.4901161193847656e-08,0.00010058985208161175,2026092701,energy_half
behavior.2,28,39,1.1175870895385742e-08,0.00019420204625930637,2026092701,energy_half
time.0,28,40,1.4901161193847656e-08,0.0002981371944770217,2026092701,energy_half
time.1,28,40,1.4901161193847656e-08,0.0001838018506532535,2026092701,energy_half
time.2,28,40,2.2351741790771484e-08,0.0007176136714406312,2026092701,energy_half
behavior.0,28,40,1.4901161193847656e-08,0.00019498552137520164,2026092701,energy_half
behavior.1,28,40,1.4901161193847656e-08,0.00012069861986674368,2026092701,energy_half
behavior.2,28,40,1.4901161193847656e-08,0.00017939458484761417,2026092701,energy_half
time.0,28,41,1.4901161193847656e-08,0.0003901292511727661,2026092701,energy_half
time.1,28,41,1.4901161193847656e-08,0.00023320427862927318,2026092701,energy_half
time.2,28,41,2.9802322387695312e-08,0.000911450304556638,2026092701,energy_half
behavior.0,28,41,1.4901161193847656e-08,0.00019284262089058757,2026092701,energy_half
behavior.1,28,41,1.4901161193847656e-08,0.00011271064431639388,2026092701,energy_half
behavior.2,28,41,1.1175870895385742e-08,0.00015322913532145321,2026092701,energy_half
time.0,28,42,1.4901161193847656e-08,0.00044041540240868926,2026092701,energy_half
time.1,28,42,1.4901161193847656e-08,0.0002658345038071275,2026092701,energy_half
time.2,28,42,2.9802322387695312e-08,0.0009515066631138325,2026092701,energy_half
behavior.0,28,42,1.4901161193847656e-08,0.00022368869394995272,2026092701,energy_half
behavior.1,28,42,1.1175870895385742e-08,0.0001261348370462656,2026092701,energy_half
behavior.2,28,42,1.1175870895385742e-08,0.00015378712851088494,2026092701,energy_half
time.0,28,43,1.4901161193847656e-08,0.00032246479531750083,2026092701,energy_half
time.1,28,43,1.1175870895385742e-08,0.00020048904116265476,2026092701,energy_half
time.2,28,43,2.9802322387695312e-08,0.0007483002846129239,2026092701,energy_half
behavior.0,28,43,1.4901161193847656e-08,0.00018281310622114688,2026092701,energy_half
behavior.1,28,43,1.4901161193847656e-08,0.00010889758414123207,2026092701,energy_half
behavior.2,28,43,1.4901161193847656e-08,0.00018077391723636538,2026092701,energy_half
time.0,28,44,2.2351741790771484e-08,0.000386192201403901,2026092701,energy_half
time.1,28,44,1.4901161193847656e-08,0.00021004778682254255,2026092701,energy_half
time.2,28,44,1.4901161193847656e-08,0.0008008276927284896,2026092701,energy_half
behavior.0,28,44,1.4901161193847656e-08,0.0002002107648877427,2026092701,energy_half
behavior.1,28,44,1.4901161193847656e-08,0.00011051626643165946,2026092701,energy_half
behavior.2,28,44,1.4901161193847656e-08,0.00016750099894125015,2026092701,energy_half
time.0,28,45,1.4901161193847656e-08,0.0003527975350152701,2026092701,energy_half
time.1,28,45,1.4901161193847656e-08,0.0002066390443360433,2026092701,energy_half
time.2,28,45,2.9802322387695312e-08,0.0008844966650940478,2026092701,energy_half
behavior.0,28,45,1.4901161193847656e-08,0.00019349022477399558,2026092701,energy_half
behavior.1,28,45,1.1175870895385742e-08,0.00011172675294801593,2026092701,energy_half
behavior.2,28,45,1.1175870895385742e-08,0.00017601308354642242,2026092701,energy_half
time.0,28,46,2.2351741790771484e-08,0.00039859171374700963,2026092701,energy_half
time.1,28,46,1.4901161193847656e-08,0.00023838998458813876,2026092701,energy_half
time.2,28,46,2.9802322387695312e-08,0.0009758333908393979,2026092701,energy_half
behavior.0,28,46,1.4901161193847656e-08,0.00017630457296036184,2026092701,energy_half
behavior.1,28,46,1.1175870895385742e-08,0.00010589994781184942,2026092701,energy_half
behavior.2,28,46,1.4901161193847656e-08,0.00016613122716080397,2026092701,energy_half
time.0,28,47,2.2351741790771484e-08,0.0003927767975255847,2026092701,energy_half
time.1,28,47,1.4901161193847656e-08,0.00024357174697797745,2026092701,energy_half
time.2,28,47,1.4901161193847656e-08,0.0009216711623594165,2026092701,energy_half
behavior.0,28,47,1.4901161193847656e-08,0.0001902585499919951,2026092701,energy_half
behavior.1,28,47,1.4901161193847656e-08,0.00010009251127485186,2026092701,energy_half
behavior.2,28,47,1.4901161193847656e-08,0.00020533704082481563,2026092701,energy_half
time.0,28,48,1.4901161193847656e-08,0.0003171993012074381,2026092701,energy_half
time.1,28,48,1.1175870895385742e-08,0.00020223247702233493,2026092701,energy_half
time.2,28,48,2.9802322387695312e-08,0.0008825218537822366,2026092701,energy_half
behavior.0,28,48,2.9802322387695312e-08,0.00019846773648168892,2026092701,energy_half
behavior.1,28,48,7.450580596923828e-09,0.00010862041381187737,2026092701,energy_half
behavior.2,28,48,1.1175870895385742e-08,0.0001952328602783382,2026092701,energy_half
time.0,28,49,2.9802322387695312e-08,0.0004426293889991939,2026092701,energy_half
time.1,28,49,1.4901161193847656e-08,0.00027857310487888753,2026092701,energy_half
time.2,28,49,4.470348358154297e-08,0.001003849320113659,2026092701,energy_half
behavior.0,28,49,1.4901161193847656e-08,0.00021864674636162817,2026092701,energy_half
behavior.1,28,49,1.1175870895385742e-08,0.00010937148181255907,2026092701,energy_half
behavior.2,28,49,1.4901161193847656e-08,0.00016746085020713508,2026092701,energy_half
time.0,28,50,1.4901161193847656e-08,0.0003703946422319859,2026092701,energy_half
time.1,28,50,1.4901161193847656e-08,0.00022582357632927597,2026092701,energy_half
time.2,28,50,4.470348358154297e-08,0.0008950078045018017,2026092701,energy_half
behavior.0,28,50,1.4901161193847656e-08,0.00017726057558320463,2026092701,energy_half
behavior.1,28,50,1.4901161193847656e-08,0.00010230163024971262,2026092701,energy_half
behavior.2,28,50,1.4901161193847656e-08,0.0001885455276351422,2026092701,energy_half
time.0,28,51,2.9802322387695312e-08,0.00034310523187741637,2026092701,energy_half
time.1,28,51,1.4901161193847656e-08,0.00022640862152911723,2026092701,energy_half
time.2,28,51,1.4901161193847656e-08,0.0008917842642404139,2026092701,energy_half
behavior.0,28,51,1.4901161193847656e-08,0.00020069406309630722,2026092701,energy_half
behavior.1,28,51,1.4901161193847656e-08,0.00010423055937280878,2026092701,energy_half
behavior.2,28,51,1.4901161193847656e-08,0.0001701816072454676,2026092701,energy_half
time.0,28,52,2.2351741790771484e-08,0.0003018969437107444,2026092701,energy_half
time.1,28,52,1.4901161193847656e-08,0.0001991193857975304,2026092701,energy_half
time.2,28,52,1.4901161193847656e-08,0.0008164762984961271,2026092701,energy_half
behavior.0,28,52,1.4901161193847656e-08,0.00018072870443575084,2026092701,energy_half
behavior.1,28,52,1.1175870895385742e-08,0.00010241464769933373,2026092701,energy_half
behavior.2,28,52,1.1175870895385742e-08,0.0001822159974835813,2026092701,energy_half
time.0,28,53,2.2351741790771484e-08,0.0003549477842170745,2026092701,energy_half
time.1,28,53,1.4901161193847656e-08,0.00021587223454844207,2026092701,energy_half
time.2,28,53,2.9802322387695312e-08,0.0009185092058032751,2026092701,energy_half
behavior.0,28,53,1.4901161193847656e-08,0.0001975969789782539,2026092701,energy_half
behavior.1,28,53,7.450580596923828e-09,0.00010327432391932234,2026092701,energy_half
behavior.2,28,53,1.1175870895385742e-08,0.00018364873540122062,2026092701,energy_half
time.0,28,54,1.4901161193847656e-08,0.0002981273573823273,2026092701,energy_half
time.1,28,54,1.4901161193847656e-08,0.00019904531654901803,2026092701,energy_half
time.2,28,54,2.9802322387695312e-08,0.0008948743925429881,2026092701,energy_half
behavior.0,28,54,1.4901161193847656e-08,0.00019042448548134416,2026092701,energy_half
behavior.1,28,54,1.4901161193847656e-08,0.00010063123045256361,2026092701,energy_half
behavior.2,28,54,1.4901161193847656e-08,0.00018931231170427054,2026092701,energy_half
time.0,28,55,1.4901161193847656e-08,0.00028869789093732834,2026092701,energy_half
time.1,28,55,1.4901161193847656e-08,0.00018399485270492733,2026092701,energy_half
time.2,28,55,2.9802322387695312e-08,0.0007790933013893664,2026092701,energy_half
behavior.0,28,55,1.4901161193847656e-08,0.00016665850125718862,2026092701,energy_half
behavior.1,28,55,7.450580596923828e-09,9.074650733964518e-05,2026092701,energy_half
behavior.2,28,55,1.4901161193847656e-08,0.00019592554599512368,2026092701,energy_half
time.0,28,56,2.2351741790771484e-08,0.0003684275725390762,2026092701,energy_half
time.1,28,56,1.4901161193847656e-08,0.00023484604025725275,2026092701,energy_half
time.2,28,56,2.9802322387695312e-08,0.0009893453679978848,2026092701,energy_half
behavior.0,28,56,1.4901161193847656e-08,0.00017144698358606547,2026092701,energy_half
behavior.1,28,56,1.4901161193847656e-08,9.658063208917156e-05,2026092701,energy_half
behavior.2,28,56,1.4901161193847656e-08,0.00019723453442566097,2026092701,energy_half
time.0,28,57,1.862645149230957e-08,0.0002722481731325388,2026092701,energy_half
time.1,28,57,1.4901161193847656e-08,0.00017895585915539414,2026092701,energy_half
time.2,28,57,1.4901161193847656e-08,0.0008049483876675367,2026092701,energy_half
behavior.0,28,57,2.9802322387695312e-08,0.00021642303909175098,2026092701,energy_half
behavior.1,28,57,1.1175870895385742e-08,0.00011290944530628622,2026092701,energy_half
behavior.2,28,57,1.4901161193847656e-08,0.00017256064165849239,2026092701,energy_half
time.0,28,58,1.4901161193847656e-08,0.0003677834174595773,2026092701,energy_half
time.1,28,58,1.4901161193847656e-08,0.00024929881328716874,2026092701,energy_half
time.2,28,58,2.9802322387695312e-08,0.000959002529270947,2026092701,energy_half
behavior.0,28,58,1.4901161193847656e-08,0.00018022187578026205,2026092701,energy_half
behavior.1,28,58,1.4901161193847656e-08,0.00010100680083269253,2026092701,energy_half
behavior.2,28,58,1.1175870895385742e-08,0.00018251749861519784,2026092701,energy_half
time.0,28,59,1.862645149230957e-08,0.0002943894942291081,2026092701,energy_half
time.1,28,59,1.4901161193847656e-08,0.00020148397015873343,2026092701,energy_half
time.2,28,59,1.4901161193847656e-08,0.0009007727494463325,2026092701,energy_half
behavior.0,28,59,1.4901161193847656e-08,0.00018020111019723117,2026092701,energy_half
behavior.1,28,59,7.450580596923828e-09,9.510062955087051e-05,2026092701,energy_half
behavior.2,28,59,1.4901161193847656e-08,0.0002107372274622321,2026092701,energy_half
time.0,28,60,1.4901161193847656e-08,0.0003206597757525742,2026092701,energy_half
time.1,28,60,1.4901161193847656e-08,0.00022311109933070838,2026092701,energy_half
time.2,28,60,4.470348358154297e-08,0.0009188559488393366,2026092701,energy_half
behavior.0,28,60,1.1175870895385742e-08,0.00018039945280179381,2026092701,energy_half
behavior.1,28,60,1.1175870895385742e-08,9.713268809719011e-05,2026092701,energy_half
behavior.2,28,60,1.4901161193847656e-08,0.00017565226880833507,2026092701,energy_half
time.0,28,61,1.4901161193847656e-08,0.0003336553636472672,2026092701,energy_half
time.1,28,61,1.1175870895385742e-08,0.00022885034559294581,2026092701,energy_half
time.2,28,61,2.9802322387695312e-08,0.0008999989950098097,2026092701,energy_half
behavior.0,28,61,1.4901161193847656e-08,0.00019472446001600474,2026092701,energy_half
behavior.1,28,61,1.1175870895385742e-08,0.000107002560980618,2026092701,energy_half
behavior.2,28,61,1.1175870895385742e-08,0.0001809183304430917,2026092701,energy_half
time.0,28,62,2.9802322387695312e-08,0.0003231233567930758,2026092701,energy_half
time.1,28,62,1.4901161193847656e-08,0.00020328161190263927,2026092701,energy_half
time.2,28,62,2.9802322387695312e-08,0.0008271837141364813,2026092701,energy_half
behavior.0,28,62,1.4901161193847656e-08,0.0001972752361325547,2026092701,energy_half
behavior.1,28,62,1.4901161193847656e-08,0.0001013347355183214,2026092701,energy_half
behavior.2,28,62,2.2351741790771484e-08,0.00018582642951514572,2026092701,energy_half
time.0,28,63,1.4901161193847656e-08,0.00030315094045363367,2026092701,energy_half
time.1,28,63,1.4901161193847656e-08,0.0002013301564147696,2026092701,energy_half
time.2,28,63,2.2351741790771484e-08,0.0008067383896559477,2026092701,energy_half
behavior.0,28,63,1.4901161193847656e-08,0.0001923392410390079,2026092701,energy_half
behavior.1,28,63,1.1175870895385742e-08,0.00010248825128655881,2026092701,energy_half
behavior.2,28,63,1.4901161193847656e-08,0.0002341578947380185,2026092701,energy_half
time.0,28,64,1.4901161193847656e-08,0.00034427124774083495,2026092701,energy_half
time.1,28,64,1.1175870895385742e-08,0.0002192173124058172,2026092701,energy_half
time.2,28,64,2.9802322387695312e-08,0.000941503094509244,2026092701,energy_half
behavior.0,28,64,1.4901161193847656e-08,0.00018543953774496913,2026092701,energy_half
behavior.1,28,64,7.450580596923828e-09,9.865693573374301e-05,2026092701,energy_half
behavior.2,28,64,1.4901161193847656e-08,0.00019867312221322209,2026092701,energy_half
time.0,28,65,1.4901161193847656e-08,0.0002784024109132588,2026092701,energy_half
time.1,28,65,1.4901161193847656e-08,0.00020131299970671535,2026092701,energy_half
time.2,28,65,2.9802322387695312e-08,0.0007847322849556804,2026092701,energy_half
behavior.0,28,65,1.4901161193847656e-08,0.0001847524254117161,2026092701,energy_half
behavior.1,28,65,1.4901161193847656e-08,0.00010532655142014846,2026092701,energy_half
behavior.2,28,65,1.4901161193847656e-08,0.0001957001950358972,2026092701,energy_half
time.0,28,66,2.2351741790771484e-08,0.0003053431282751262,2026092701,energy_half
time.1,28,66,1.4901161193847656e-08,0.00020056639914400876,2026092701,energy_half
time.2,28,66,2.9802322387695312e-08,0.0008481028489768505,2026092701,energy_half
behavior.0,28,66,1.4901161193847656e-08,0.00018559925956651568,2026092701,energy_half
behavior.1,28,66,1.1175870895385742e-08,9.825878805713728e-05,2026092701,energy_half
behavior.2,28,66,1.4901161193847656e-08,0.00020978930115234107,2026092701,energy_half
time.0,28,67,2.2351741790771484e-08,0.00035125555587001145,2026092701,energy_half
time.1,28,67,1.4901161193847656e-08,0.0002290539414389059,2026092701,energy_half
time.2,28,67,2.9802322387695312e-08,0.0008845130796544254,2026092701,energy_half
behavior.0,28,67,1.4901161193847656e-08,0.00018298519717063755,2026092701,energy_half
behavior.1,28,67,1.1175870895385742e-08,9.645219688536599e-05,2026092701,energy_half
behavior.2,28,67,1.4901161193847656e-08,0.00018638110486790538,2026092701,energy_half
time.0,28,68,1.4901161193847656e-08,0.0003351842751726508,2026092701,energy_half
time.1,28,68,1.4901161193847656e-08,0.00023049578885547817,2026092701,energy_half
time.2,28,68,2.9802322387695312e-08,0.0009130197577178478,2026092701,energy_half
behavior.0,28,68,1.4901161193847656e-08,0.00018244313832838088,2026092701,energy_half
behavior.1,28,68,1.1175870895385742e-08,9.788321767700836e-05,2026092701,energy_half
behavior.2,28,68,1.4901161193847656e-08,0.00018608797108754516,2026092701,energy_half
time.0,28,69,2.2351741790771484e-08,0.0003384067094884813,2026092701,energy_half
time.1,28,69,1.4901161193847656e-08,0.00022467851522378623,2026092701,energy_half
time.2,28,69,2.9802322387695312e-08,0.0009181999485008419,2026092701,energy_half
behavior.0,28,69,1.4901161193847656e-08,0.0001965024566743523,2026092701,energy_half
behavior.1,28,69,1.1175870895385742e-08,0.00010044710506917909,2026092701,energy_half
behavior.2,28,69,2.2351741790771484e-08,0.00021184356592129916,2026092701,energy_half
time.0,28,70,1.862645149230957e-08,0.00029885160620324314,2026092701,energy_half
time.1,28,70,1.4901161193847656e-08,0.00020620877330657095,2026092701,energy_half
time.2,28,70,2.9802322387695312e-08,0.0008957115933299065,2026092701,energy_half
behavior.0,28,70,2.2351741790771484e-08,0.00018379642278887331,2026092701,energy_half
behavior.1,28,70,1.4901161193847656e-08,0.00010574633051874116,2026092701,energy_half
behavior.2,28,70,1.4901161193847656e-08,0.00021106684289406985,2026092701,energy_half
time.0,28,71,1.4901161193847656e-08,0.00036913403891958296,2026092701,energy_half
time.1,28,71,1.4901161193847656e-08,0.00024213874712586403,2026092701,energy_half
time.2,28,71,2.9802322387695312e-08,0.001054334337823093,2026092701,energy_half
behavior.0,28,71,1.4901161193847656e-08,0.00018651684513315558,2026092701,energy_half
behavior.1,28,71,1.1175870895385742e-08,0.00010610768367769197,2026092701,energy_half
behavior.2,28,71,1.4901161193847656e-08,0.00018786788859870285,2026092701,energy_half
time.0,28,72,2.2351741790771484e-08,0.00038579825195483863,2026092701,energy_half
time.1,28,72,1.4901161193847656e-08,0.00024076185945887119,2026092701,energy_half
time.2,28,72,2.9802322387695312e-08,0.000985215068794787,2026092701,energy_half
behavior.0,28,72,1.4901161193847656e-08,0.00018429926421958953,2026092701,energy_half
behavior.1,28,72,1.1175870895385742e-08,0.0001011814019875601,2026092701,energy_half
behavior.2,28,72,1.4901161193847656e-08,0.0002302518259966746,2026092701,energy_half
time.0,28,73,1.4901161193847656e-08,0.0004555766936391592,2026092701,energy_half
time.1,28,73,1.4901161193847656e-08,0.00030612898990511894,2026092701,energy_half
time.2,28,73,5.960464477539063e-08,0.001259800628758967,2026092701,energy_half
behavior.0,28,73,1.4901161193847656e-08,0.00022753988741897047,2026092701,energy_half
behavior.1,28,73,1.4901161193847656e-08,0.00011225541675230488,2026092701,energy_half
behavior.2,28,73,1.4901161193847656e-08,0.00020598486298695207,2026092701,energy_half
time.0,28,74,1.862645149230957e-08,0.0002781332586891949,2026092701,energy_half
time.1,28,74,1.4901161193847656e-08,0.00020730544929392636,2026092701,energy_half
time.2,28,74,2.9802322387695312e-08,0.0008436390780843794,2026092701,energy_half
behavior.0,28,74,1.862645149230957e-08,0.00016672833589836955,2026092701,energy_half
behavior.1,28,74,7.450580596923828e-09,9.11053575691767e-05,2026092701,energy_half
behavior.2,28,74,1.4901161193847656e-08,0.00020785137894563377,2026092701,energy_half
time.0,28,75,1.4901161193847656e-08,0.0003965823270846158,2026092701,energy_half
time.1,28,75,1.4901161193847656e-08,0.0002506917517166585,2026092701,energy_half
time.2,28,75,2.2351741790771484e-08,0.0009784471476450562,2026092701,energy_half
behavior.0,28,75,2.9802322387695312e-08,0.00021515079424716532,2026092701,energy_half
behavior.1,28,75,1.1175870895385742e-08,9.627683903090656e-05,2026092701,energy_half
behavior.2,28,75,1.4901161193847656e-08,0.0002317378093721345,2026092701,energy_half
time.0,28,76,2.2351741790771484e-08,0.0003249497967772186,2026092701,energy_half
time.1,28,76,1.4901161193847656e-08,0.00021554513659793884,2026092701,energy_half
time.2,28,76,2.9802322387695312e-08,0.0008748951950110495,2026092701,energy_half
behavior.0,28,76,1.4901161193847656e-08,0.00018880692368838936,2026092701,energy_half
behavior.1,28,76,1.4901161193847656e-08,0.00010132151510333642,2026092701,energy_half
behavior.2,28,76,1.4901161193847656e-08,0.00021242088405415416,2026092701,energy_half
time.0,28,77,1.4901161193847656e-08,0.0003350268816575408,2026092701,energy_half
time.1,28,77,1.4901161193847656e-08,0.00021876025130040944,2026092701,energy_half
time.2,28,77,2.9802322387695312e-08,0.000879429979249835,2026092701,energy_half
behavior.0,28,77,1.4901161193847656e-08,0.00017934087372850627,2026092701,energy_half
behavior.1,28,77,1.4901161193847656e-08,9.930438682204112e-05,2026092701,energy_half
behavior.2,28,77,1.4901161193847656e-08,0.0001920404174597934,2026092701,energy_half
time.0,28,78,2.2351741790771484e-08,0.00029760965844616294,2026092701,energy_half
time.1,28,78,1.1175870895385742e-08,0.00019749680359382182,2026092701,energy_half
time.2,28,78,2.9802322387695312e-08,0.00078003597445786,2026092701,energy_half
behavior.0,28,78,1.4901161193847656e-08,0.0001830338005675003,2026092701,energy_half
behavior.1,28,78,1.1175870895385742e-08,0.00010080644278787076,2026092701,energy_half
behavior.2,28,78,2.2351741790771484e-08,0.00020755136210937053,2026092701,energy_half
time.0,28,79,1.4901161193847656e-08,0.00030441617127507925,2026092701,energy_half
time.1,28,79,1.862645149230957e-08,0.0002085572195937857,2026092701,energy_half
time.2,28,79,2.9802322387695312e-08,0.0007625978323630989,2026092701,energy_half
behavior.0,28,79,1.4901161193847656e-08,0.0001814264978747815,2026092701,energy_half
behavior.1,28,79,7.450580596923828e-09,9.199893975164741e-05,2026092701,energy_half
behavior.2,28,79,2.2351741790771484e-08,0.00020263410988263786,2026092701,energy_half
time.0,28,80,1.4901161193847656e-08,0.00035295120324008167,2026092701,energy_half
time.1,28,80,1.4901161193847656e-08,0.0002460420364513993,2026092701,energy_half
time.2,28,80,4.470348358154297e-08,0.0009677616762928665,2026092701,energy_half
behavior.0,28,80,1.4901161193847656e-08,0.00017985646263696253,2026092701,energy_half
behavior.1,28,80,1.1175870895385742e-08,9.487523493589833e-05,2026092701,energy_half
behavior.2,28,80,1.4901161193847656e-08,0.00024182711786124855,2026092701,energy_half
time.0,28,81,2.2351741790771484e-08,0.00028315308736637235,2026092701,energy_half
time.1,28,81,1.4901161193847656e-08,0.00020317295275162905,2026092701,energy_half
time.2,28,81,2.9802322387695312e-08,0.0007984301773831248,2026092701,energy_half
behavior.0,28,81,1.4901161193847656e-08,0.0001795952266547829,2026092701,energy_half
behavior.1,28,81,1.1175870895385742e-08,9.474162652622908e-05,2026092701,energy_half
behavior.2,28,81,1.4901161193847656e-08,0.00022232958872336894,2026092701,energy_half
time.0,28,82,1.4901161193847656e-08,0.0002976418472826481,2026092701,energy_half
time.1,28,82,1.4901161193847656e-08,0.0002139182179234922,2026092701,energy_half
time.2,28,82,4.470348358154297e-08,0.0008514394285157323,2026092701,energy_half
behavior.0,28,82,1.4901161193847656e-08,0.0001930582511704415,2026092701,energy_half
behavior.1,28,82,7.450580596923828e-09,9.862741717370227e-05,2026092701,energy_half
behavior.2,28,82,1.4901161193847656e-08,0.0001838063617469743,2026092701,energy_half
time.0,28,83,2.2351741790771484e-08,0.00039808236761018634,2026092701,energy_half
time.1,28,83,1.4901161193847656e-08,0.0002695170696824789,2026092701,energy_half
time.2,28,83,2.9802322387695312e-08,0.0009806971065700054,2026092701,energy_half
behavior.0,28,83,1.4901161193847656e-08,0.0002122648584190756,2026092701,energy_half
behavior.1,28,83,1.1175870895385742e-08,0.00010474691953277215,2026092701,energy_half
behavior.2,28,83,1.4901161193847656e-08,0.00021454074885696173,2026092701,energy_half
time.0,28,84,2.2351741790771484e-08,0.00038035123725421727,2026092701,energy_half
time.1,28,84,1.4901161193847656e-08,0.0002557050029281527,2026092701,energy_half
time.2,28,84,2.9802322387695312e-08,0.0009949239902198315,2026092701,energy_half
behavior.0,28,84,1.4901161193847656e-08,0.00018604732758831233,2026092701,energy_half
behavior.1,28,84,1.1175870895385742e-08,9.476409468334168e-05,2026092701,energy_half
behavior.2,28,84,1.4901161193847656e-08,0.00021983255282975733,2026092701,energy_half
time.0,28,85,2.2351741790771484e-08,0.0003276908537372947,2026092701,energy_half
time.1,28,85,1.4901161193847656e-08,0.0002207683282904327,2026092701,energy_half
time.2,28,85,2.9802322387695312e-08,0.0009424854069948196,2026092701,energy_half
behavior.0,28,85,1.4901161193847656e-08,0.00018070863734465092,2026092701,energy_half
behavior.1,28,85,1.1175870895385742e-08,9.56012008828111e-05,2026092701,energy_half
behavior.2,28,85,1.4901161193847656e-08,0.0002285869704792276,2026092701,energy_half
time.0,28,86,1.4901161193847656e-08,0.00029735491261817515,2026092701,energy_half
time.1,28,86,1.4901161193847656e-08,0.0002024832065217197,2026092701,energy_half
time.2,28,86,2.9802322387695312e-08,0.0008462498080916703,2026092701,energy_half
behavior.0,28,86,1.4901161193847656e-08,0.00017826820840127766,2026092701,energy_half
behavior.1,28,86,1.4901161193847656e-08,9.511532698525116e-05,2026092701,energy_half
behavior.2,28,86,1.4901161193847656e-08,0.00020792668510694057,2026092701,energy_half
time.0,28,87,2.2351741790771484e-08,0.00038224851596169174,2026092701,energy_half
time.1,28,87,1.1175870895385742e-08,0.0002381635713391006,2026092701,energy_half
time.2,28,87,2.9802322387695312e-08,0.0009748409502208233,2026092701,energy_half
behavior.0,28,87,1.4901161193847656e-08,0.00017901613318827003,2026092701,energy_half
behavior.1,28,87,1.4901161193847656e-08,0.00010223801655229181,2026092701,energy_half
behavior.2,28,87,1.4901161193847656e-08,0.00018534915579948574,2026092701,energy_half
time.0,28,88,1.4901161193847656e-08,0.0003393542720004916,2026092701,energy_half
time.1,28,88,1.4901161193847656e-08,0.00022278544201981276,2026092701,energy_half
time.2,28,88,2.9802322387695312e-08,0.0009190023993141949,2026092701,energy_half
behavior.0,28,88,1.4901161193847656e-08,0.0001575309579493478,2026092701,energy_half
behavior.1,28,88,1.1175870895385742e-08,8.663319022161886e-05,2026092701,energy_half
behavior.2,28,88,1.4901161193847656e-08,0.00021066091721877456,2026092701,energy_half
time.0,28,89,2.2351741790771484e-08,0.0003090437385253608,2026092701,energy_half
time.1,28,89,1.4901161193847656e-08,0.0002109982306137681,2026092701,energy_half
time.2,28,89,2.9802322387695312e-08,0.0008670086972415447,2026092701,energy_half
behavior.0,28,89,2.2351741790771484e-08,0.00017501840193290263,2026092701,energy_half
behavior.1,28,89,1.1175870895385742e-08,9.399009286426008e-05,2026092701,energy_half
behavior.2,28,89,2.2351741790771484e-08,0.00020779068290721625,2026092701,energy_half
time.0,28,90,2.2351741790771484e-08,0.0002837221254594624,2026092701,energy_half
time.1,28,90,1.1175870895385742e-08,0.00019983960373792797,2026092701,energy_half
time.2,28,90,2.9802322387695312e-08,0.0008014453342184424,2026092701,energy_half
behavior.0,28,90,2.2351741790771484e-08,0.00019547526608221233,2026092701,energy_half
behavior.1,28,90,7.450580596923828e-09,9.711032180348411e-05,2026092701,energy_half
behavior.2,28,90,2.2351741790771484e-08,0.00023427062842529267,2026092701,energy_half
time.0,28,91,1.4901161193847656e-08,0.00029274533153511584,2026092701,energy_half
time.1,28,91,1.4901161193847656e-08,0.0002033345663221553,2026092701,energy_half
time.2,28,91,1.4901161193847656e-08,0.0008585692849010229,2026092701,energy_half
behavior.0,28,91,1.1175870895385742e-08,0.000189219688763842,2026092701,energy_half
behavior.1,28,91,1.1175870895385742e-08,9.386424062540755e-05,2026092701,energy_half
behavior.2,28,91,1.4901161193847656e-08,0.000181967145181261,2026092701,energy_half
time.0,28,92,1.4901161193847656e-08,0.0003310131432954222,2026092701,energy_half
time.1,28,92,1.4901161193847656e-08,0.00022815298871137202,2026092701,energy_half
time.2,28,92,2.9802322387695312e-08,0.0009582013008184731,2026092701,energy_half
behavior.0,28,92,1.4901161193847656e-08,0.0001981150999199599,2026092701,energy_half
behavior.1,28,92,1.4901161193847656e-08,0.00010004403156926855,2026092701,energy_half
behavior.2,28,92,1.1175870895385742e-08,0.00017524788563605398,2026092701,energy_half
time.0,28,93,1.4901161193847656e-08,0.0002801843802444637,2026092701,energy_half
time.1,28,93,1.4901161193847656e-08,0.00019486303790472448,2026092701,energy_half
time.2,28,93,2.9802322387695312e-08,0.0008131632930599153,2026092701,energy_half
behavior.0,28,93,1.4901161193847656e-08,0.00019156499183736742,2026092701,energy_half
behavior.1,28,93,1.4901161193847656e-08,9.610412962501869e-05,2026092701,energy_half
behavior.2,28,93,1.4901161193847656e-08,0.00020051196042913944,2026092701,energy_half
time.0,28,94,2.2351741790771484e-08,0.00039471234777010977,2026092701,energy_half
time.1,28,94,1.4901161193847656e-08,0.0002578636631369591,2026092701,energy_half
time.2,28,94,2.9802322387695312e-08,0.0010441194754093885,2026092701,energy_half
behavior.0,28,94,1.4901161193847656e-08,0.0001751215022522956,2026092701,energy_half
behavior.1,28,94,1.1175870895385742e-08,9.631356078898534e-05,2026092701,energy_half
behavior.2,28,94,1.4901161193847656e-08,0.00021418272808659822,2026092701,energy_half
time.0,28,95,1.4901161193847656e-08,0.0003407658950891346,2026092701,energy_half
time.1,28,95,1.1175870895385742e-08,0.00022500175691675395,2026092701,energy_half
time.2,28,95,1.4901161193847656e-08,0.0009266202105209231,2026092701,energy_half
behavior.0,28,95,1.4901161193847656e-08,0.00016648024029564112,2026092701,energy_half
behavior.1,28,95,1.1175870895385742e-08,9.23321204027161e-05,2026092701,energy_half
behavior.2,28,95,1.4901161193847656e-08,0.00020389826386235654,2026092701,energy_half
time.0,28,96,2.2351741790771484e-08,0.00032879208447411656,2026092701,energy_half
time.1,28,96,1.4901161193847656e-08,0.00021515495609492064,2026092701,energy_half
time.2,28,96,2.9802322387695312e-08,0.0009432143997400999,2026092701,energy_half
behavior.0,28,96,1.4901161193847656e-08,0.00017583514272700995,2026092701,energy_half
behavior.1,28,96,1.1175870895385742e-08,9.623340156394988e-05,2026092701,energy_half
behavior.2,28,96,2.2351741790771484e-08,0.00025125849060714245,2026092701,energy_half
time.0,28,97,1.4901161193847656e-08,0.00030344733386300504,2026092701,energy_half
time.1,28,97,1.4901161193847656e-08,0.00019624331616796553,2026092701,energy_half
time.2,28,97,2.9802322387695312e-08,0.000893913209438324,2026092701,energy_half
behavior.0,28,97,1.4901161193847656e-08,0.00017449473671149462,2026092701,energy_half
behavior.1,28,97,1.1175870895385742e-08,8.680694008944556e-05,2026092701,energy_half
behavior.2,28,97,1.4901161193847656e-08,0.00022163553512655199,2026092701,energy_half
time.0,28,98,1.4901161193847656e-08,0.00023142312420532107,2026092701,energy_half
time.1,28,98,1.4901161193847656e-08,0.0001600311661604792,2026092701,energy_half
time.2,28,98,2.9802322387695312e-08,0.0008551344508305192,2026092701,energy_half
behavior.0,28,98,1.4901161193847656e-08,0.00018199729674961418,2026092701,energy_half
behavior.1,28,98,7.450580596923828e-09,9.183809743262827e-05,2026092701,energy_half
behavior.2,28,98,1.4901161193847656e-08,0.0002139317075489089,2026092701,energy_half
time.0,28,99,1.4901161193847656e-08,0.0003412404621485621,2026092701,energy_half
time.1,28,99,1.1175870895385742e-08,0.0002231181861134246,2026092701,energy_half
time.2,28,99,2.9802322387695312e-08,0.0010086633265018463,2026092701,energy_half
behavior.0,28,99,1.4901161193847656e-08,0.00019406479259487242,2026092701,energy_half
behavior.1,28,99,1.1175870895385742e-08,9.040522127179429e-05,2026092701,energy_half
behavior.2,28,99,1.4901161193847656e-08,0.00025589679717086256,2026092701,energy_half
time.0,28,100,2.2351741790771484e-08,0.0003448626375757158,2026092701,energy_half
time.1,28,100,1.1175870895385742e-08,0.0002272675628773868,2026092701,energy_half
time.2,28,100,2.9802322387695312e-08,0.0009751903126016259,2026092701,energy_half
behavior.0,28,100,1.4901161193847656e-08,0.00019600495579652488,2026092701,energy_half
behavior.1,28,100,1.4901161193847656e-08,9.582118946127594e-05,2026092701,energy_half
behavior.2,28,100,1.4901161193847656e-08,0.0002153014502255246,2026092701,energy_half
time.0,28,101,1.4901161193847656e-08,0.0002998490526806563,2026092701,energy_half
time.1,28,101,1.4901161193847656e-08,0.00020807616238016635,2026092701,energy_half
time.2,28,101,2.9802322387695312e-08,0.0008136313990689814,2026092701,energy_half
behavior.0,28,101,1.4901161193847656e-08,0.0001724174799164757,2026092701,energy_half
behavior.1,28,101,1.4901161193847656e-08,9.066468919627368e-05,2026092701,energy_half
behavior.2,28,101,1.4901161193847656e-08,0.0002286106173414737,2026092701,energy_half
time.0,28,102,1.4901161193847656e-08,0.00027265454991720617,2026092701,energy_half
time.1,28,102,1.4901161193847656e-08,0.00019749038619920611,2026092701,energy_half
time.2,28,102,2.9802322387695312e-08,0.0008834831533022225,2026092701,energy_half
behavior.0,28,102,1.4901161193847656e-08,0.00016259326366707683,2026092701,energy_half
behavior.1,28,102,1.1175870895385742e-08,8.602838352089748e-05,2026092701,energy_half
behavior.2,28,102,1.4901161193847656e-08,0.0002245833893539384,2026092701,energy_half
time.0,28,103,1.4901161193847656e-08,0.00027958230930380523,2026092701,energy_half
time.1,28,103,1.1175870895385742e-08,0.00018849977641366422,2026092701,energy_half
time.2,28,103,2.9802322387695312e-08,0.0009205655660480261,2026092701,energy_half
behavior.0,28,103,1.4901161193847656e-08,0.0001886778190964833,2026092701,energy_half
behavior.1,28,103,1.1175870895385742e-08,9.561503247823566e-05,2026092701,energy_half
behavior.2,28,103,1.4901161193847656e-08,0.0002361673687119037,2026092701,energy_half
time.0,28,104,2.2351741790771484e-08,0.000292467069812119,2026092701,energy_half
time.1,28,104,1.4901161193847656e-08,0.00019598656217567623,2026092701,energy_half
time.2,28,104,2.9802322387695312e-08,0.0009242634405381978,2026092701,energy_half
behavior.0,28,104,1.4901161193847656e-08,0.00019402180623728782,2026092701,energy_half
behavior.1,28,104,1.1175870895385742e-08,0.00010082047811010852,2026092701,energy_half
behavior.2,28,104,1.4901161193847656e-08,0.00020794667943846434,2026092701,energy_half
time.0,28,105,1.4901161193847656e-08,0.00028044948703609407,2026092701,energy_half
time.1,28,105,1.4901161193847656e-08,0.00019799575966317207,2026092701,energy_half
time.2,28,105,2.2351741790771484e-08,0.0008752864669077098,2026092701,energy_half
behavior.0,28,105,1.4901161193847656e-08,0.0002015577774727717,2026092701,energy_half
behavior.1,28,105,1.1175870895385742e-08,9.762025729287416e-05,2026092701,energy_half
behavior.2,28,105,1.4901161193847656e-08,0.00021258329798001796,2026092701,energy_half
time.0,28,106,2.2351741790771484e-08,0.00030352495377883315,2026092701,energy_half
time.1,28,106,1.4901161193847656e-08,0.0001990092423511669,2026092701,energy_half
time.2,28,106,2.9802322387695312e-08,0.0009160630288533866,2026092701,energy_half
behavior.0,28,106,1.4901161193847656e-08,0.0001858911564340815,2026092701,energy_half
behavior.1,28,106,1.1175870895385742e-08,9.194807353196666e-05,2026092701,energy_half
behavior.2,28,106,1.4901161193847656e-08,0.0002328436094103381,2026092701,energy_half
time.0,28,107,2.2351741790771484e-08,0.0003922850009985268,2026092701,energy_half
time.1,28,107,1.4901161193847656e-08,0.00026303945924155414,2026092701,energy_half
time.2,28,107,2.9802322387695312e-08,0.0010720400605350733,2026092701,energy_half
behavior.0,28,107,1.4901161193847656e-08,0.00020524630963336676,2026092701,energy_half
behavior.1,28,107,1.1175870895385742e-08,0.00010227489110548049,2026092701,energy_half
behavior.2,28,107,1.4901161193847656e-08,0.00018535075651016086,2026092701,energy_half
time.0,28,108,2.2351741790771484e-08,0.0003092223487328738,2026092701,energy_half
time.1,28,108,1.4901161193847656e-08,0.00021683002705685794,2026092701,energy_half
time.2,28,108,2.9802322387695312e-08,0.000933082599658519,2026092701,energy_half
behavior.0,28,108,1.4901161193847656e-08,0.00017840413784142584,2026092701,energy_half
behavior.1,28,108,1.1175870895385742e-08,9.124704956775531e-05,2026092701,energy_half
behavior.2,28,108,1.4901161193847656e-08,0.00021455893875099719,2026092701,energy_half
time.0,28,109,1.4901161193847656e-08,0.0003139021573588252,2026092701,energy_half
time.1,28,109,1.4901161193847656e-08,0.00020193563250359148,2026092701,energy_half
time.2,28,109,2.9802322387695312e-08,0.0009043494355864823,2026092701,energy_half
behavior.0,28,109,1.4901161193847656e-08,0.00017710807151161134,2026092701,energy_half
behavior.1,28,109,1.1175870895385742e-08,8.704417996341363e-05,2026092701,energy_half
behavior.2,28,109,1.4901161193847656e-08,0.0002197753346990794,2026092701,energy_half
time.0,28,110,2.2351741790771484e-08,0.00034432197571732104,2026092701,energy_half
time.1,28,110,1.4901161193847656e-08,0.0002391894959146157,2026092701,energy_half
time.2,28,110,2.9802322387695312e-08,0.0009770485339686275,2026092701,energy_half
behavior.0,28,110,1.4901161193847656e-08,0.0001753300311975181,2026092701,energy_half
behavior.1,28,110,1.1175870895385742e-08,8.69030409376137e-05,2026092701,energy_half
behavior.2,28,110,1.4901161193847656e-08,0.00020928280719090253,2026092701,energy_half
time.0,28,111,1.4901161193847656e-08,0.00028143153758719563,2026092701,energy_half
time.1,28,111,1.4901161193847656e-08,0.00019906970555894077,2026092701,energy_half
time.2,28,111,2.9802322387695312e-08,0.0008249323582276702,2026092701,energy_half
behavior.0,28,111,1.4901161193847656e-08,0.00019063596846535802,2026092701,energy_half
behavior.1,28,111,1.1175870895385742e-08,9.202677028952166e-05,2026092701,energy_half
behavior.2,28,111,1.4901161193847656e-08,0.00023567806056234986,2026092701,energy_half
time.0,28,112,2.2351741790771484e-08,0.00037698185769841075,2026092701,energy_half
time.1,28,112,1.4901161193847656e-08,0.0002507453318685293,2026092701,energy_half
time.2,28,112,4.470348358154297e-08,0.0010438477620482445,2026092701,energy_half
behavior.0,28,112,1.4901161193847656e-08,0.00018915468535851687,2026092701,energy_half
behavior.1,28,112,1.1175870895385742e-08,9.134269203059375e-05,2026092701,energy_half
behavior.2,28,112,1.4901161193847656e-08,0.00020339663024060428,2026092701,energy_half
time.0,28,113,2.2351741790771484e-08,0.0003463047614786774,2026092701,energy_half
time.1,28,113,1.1175870895385742e-08,0.0002347125846426934,2026092701,energy_half
time.2,28,113,2.9802322387695312e-08,0.0010268240002915263,2026092701,energy_half
behavior.0,28,113,1.4901161193847656e-08,0.00018982295296154916,2026092701,energy_half
behavior.1,28,113,1.4901161193847656e-08,8.914987847674638e-05,2026092701,energy_half
behavior.2,28,113,1.4901161193847656e-08,0.0002360447106184438,2026092701,energy_half
time.0,28,114,1.4901161193847656e-08,0.0003442832385189831,2026092701,energy_half
time.1,28,114,1.4901161193847656e-08,0.00023134246293921024,2026092701,energy_half
time.2,28,114,2.9802322387695312e-08,0.0009572115377523005,2026092701,energy_half
behavior.0,28,114,1.4901161193847656e-08,0.00018091201491188258,2026092701,energy_half
behavior.1,28,114,1.1175870895385742e-08,9.651475556893274e-05,2026092701,energy_half
behavior.2,28,114,1.4901161193847656e-08,0.00020622610463760793,2026092701,energy_half
time.0,28,115,2.2351741790771484e-08,0.00029377953615039587,2026092701,energy_half
time.1,28,115,1.1175870895385742e-08,0.0002067868335871026,2026092701,energy_half
time.2,28,115,2.9802322387695312e-08,0.0008778378833085299,2026092701,energy_half
behavior.0,28,115,1.4901161193847656e-08,0.00018397330131847411,2026092701,energy_half
behavior.1,28,115,1.1175870895385742e-08,9.18409350560978e-05,2026092701,energy_half
behavior.2,28,115,1.4901161193847656e-08,0.00017665483755990863,2026092701,energy_half
time.0,28,116,1.4901161193847656e-08,0.00032937375362962484,2026092701,energy_half
time.1,28,116,1.1175870895385742e-08,0.00022614822955802083,2026092701,energy_half
time.2,28,116,2.9802322387695312e-08,0.0009244868415407836,2026092701,energy_half
behavior.0,28,116,1.4901161193847656e-08,0.00018177587480749935,2026092701,energy_half
behavior.1,28,116,1.4901161193847656e-08,9.474335092818365e-05,2026092701,energy_half
behavior.2,28,116,1.4901161193847656e-08,0.00023288981174118817,2026092701,energy_half
time.0,28,117,1.4901161193847656e-08,0.00032569473842158914,2026092701,energy_half
time.1,28,117,1.1175870895385742e-08,0.00021700961224269122,2026092701,energy_half
time.2,28,117,2.9802322387695312e-08,0.0009095786372199655,2026092701,energy_half
behavior.0,28,117,1.4901161193847656e-08,0.00015835813246667385,2026092701,energy_half
behavior.1,28,117,7.450580596923828e-09,8.370514115085825e-05,2026092701,energy_half
behavior.2,28,117,1.4901161193847656e-08,0.0002710236585699022,2026092701,energy_half
time.0,28,118,1.4901161193847656e-08,0.0002850497839972377,2026092701,energy_half
time.1,28,118,1.4901161193847656e-08,0.0002061782288365066,2026092701,energy_half
time.2,28,118,2.9802322387695312e-08,0.0009393510408699512,2026092701,energy_half
behavior.0,28,118,1.4901161193847656e-08,0.00018294475739821792,2026092701,energy_half
behavior.1,28,118,1.1175870895385742e-08,9.389760089106858e-05,2026092701,energy_half
behavior.2,28,118,1.1175870895385742e-08,0.0002646098146215081,2026092701,energy_half
time.0,28,119,1.4901161193847656e-08,0.00039795562042854726,2026092701,energy_half
time.1,28,119,1.4901161193847656e-08,0.00027873815270140767,2026092701,energy_half
time.2,28,119,2.9802322387695312e-08,0.0011039820965379477,2026092701,energy_half
behavior.0,28,119,1.4901161193847656e-08,0.00017808777920436114,2026092701,energy_half
behavior.1,28,119,1.1175870895385742e-08,8.866663119988516e-05,2026092701,energy_half
behavior.2,28,119,1.4901161193847656e-08,0.00019922312640119344,2026092701,energy_half
time.0,28,120,1.4901161193847656e-08,0.0003287453728262335,2026092701,energy_half
time.1,28,120,1.4901161193847656e-08,0.00023018711362965405,2026092701,energy_half
time.2,28,120,2.9802322387695312e-08,0.0009454789687879384,2026092701,energy_half
behavior.0,28,120,1.4901161193847656e-08,0.00015973947301972657,2026092701,energy_half
behavior.1,28,120,1.1175870895385742e-08,8.113925287034363e-05,2026092701,energy_half
behavior.2,28,120,1.4901161193847656e-08,0.000216470449231565,2026092701,energy_half
time.0,28,121,1.4901161193847656e-08,0.00031764304731041193,2026092701,energy_half
time.1,28,121,1.4901161193847656e-08,0.0002265342336613685,2026092701,energy_half
time.2,28,121,2.9802322387695312e-08,0.0009832083014771342,2026092701,energy_half
behavior.0,28,121,1.1175870895385742e-08,0.0001754707336658612,2026092701,energy_half
behavior.1,28,121,1.1175870895385742e-08,8.895514474716038e-05,2026092701,energy_half
behavior.2,28,121,1.4901161193847656e-08,0.0002276587183587253,2026092701,energy_half
time.0,28,122,2.2351741790771484e-08,0.00036366572021506727,2026092701,energy_half
time.1,28,122,1.4901161193847656e-08,0.0002438275405438617,2026092701,energy_half
time.2,28,122,2.9802322387695312e-08,0.001069089863449335,2026092701,energy_half
behavior.0,28,122,1.4901161193847656e-08,0.0001898451300803572,2026092701,energy_half
behavior.1,28,122,1.1175870895385742e-08,9.65255603659898e-05,2026092701,energy_half
behavior.2,28,122,1.4901161193847656e-08,0.00021317375649232417,2026092701,energy_half
time.0,28,123,2.2351741790771484e-08,0.0003029175568372011,2026092701,energy_half
time.1,28,123,2.9802322387695312e-08,0.0002216335415141657,2026092701,energy_half
time.2,28,123,2.9802322387695312e-08,0.000969387183431536,2026092701,energy_half
behavior.0,28,123,1.4901161193847656e-08,0.00018794012430589646,2026092701,energy_half
behavior.1,28,123,1.1175870895385742e-08,9.326204599346966e-05,2026092701,energy_half
behavior.2,28,123,1.4901161193847656e-08,0.000220665373490192,2026092701,energy_half
time.0,28,124,1.4901161193847656e-08,0.00027963367756456137,2026092701,energy_half
time.1,28,124,1.4901161193847656e-08,0.0001933531166287139,2026092701,energy_half
time.2,28,124,2.9802322387695312e-08,0.0009296229691244662,2026092701,energy_half
behavior.0,28,124,1.4901161193847656e-08,0.00018723779066931456,2026092701,energy_half
behavior.1,28,124,7.450580596923828e-09,9.268675785278901e-05,2026092701,energy_half
behavior.2,28,124,1.1175870895385742e-08,0.00023831997532397509,2026092701,energy_half
time.0,28,125,2.2351741790771484e-08,0.0003736598591785878,2026092701,energy_half
time.1,28,125,1.4901161193847656e-08,0.0002530788187868893,2026092701,energy_half
time.2,28,125,2.9802322387695312e-08,0.001044158823788166,2026092701,energy_half
behavior.0,28,125,1.4901161193847656e-08,0.00019483441428747028,2026092701,energy_half
behavior.1,28,125,1.1175870895385742e-08,9.607578977011144e-05,2026092701,energy_half
behavior.2,28,125,1.4901161193847656e-08,0.00018293371249455959,2026092701,energy_half
time.0,28,126,1.4901161193847656e-08,0.0003419490822125226,2026092701,energy_half
time.1,28,126,1.1175870895385742e-08,0.00023733002308290452,2026092701,energy_half
time.2,28,126,2.9802322387695312e-08,0.0010037670144811273,2026092701,energy_half
behavior.0,28,126,1.4901161193847656e-08,0.00018766945868264884,2026092701,energy_half
behavior.1,28,126,1.1175870895385742e-08,9.027627675095573e-05,2026092701,energy_half
behavior.2,28,126,1.4901161193847656e-08,0.0002391132729826495,2026092701,energy_half
time.0,28,127,1.4901161193847656e-08,0.0002981794241350144,2026092701,energy_half
time.1,28,127,1.862645149230957e-08,0.00020654084801208228,2026092701,energy_half
time.2,28,127,2.9802322387695312e-08,0.0008817293564788997,2026092701,energy_half
behavior.0,28,127,1.4901161193847656e-08,0.0001903862867038697,2026092701,energy_half
behavior.1,28,127,1.1175870895385742e-08,9.096054418478161e-05,2026092701,energy_half
behavior.2,28,127,2.9802322387695312e-08,0.0002501665148884058,2026092701,energy_half
time.0,28,128,1.4901161193847656e-08,0.0002614354598335922,2026092701,energy_half
time.1,28,128,1.4901161193847656e-08,0.00018435325182508677,2026092701,energy_half
time.2,28,128,2.9802322387695312e-08,0.0008239218150265515,2026092701,energy_half
behavior.0,28,128,1.4901161193847656e-08,0.0001780496968422085,2026092701,energy_half
behavior.1,28,128,1.1175870895385742e-08,8.636781421955675e-05,2026092701,energy_half
behavior.2,28,128,1.4901161193847656e-08,0.0002292443095939234,2026092701,energy_half
time.0,28,129,1.4901161193847656e-08,0.0004251229693181813,2026092701,energy_half
time.1,28,129,1.4901161193847656e-08,0.0002750600688159466,2026092701,energy_half
time.2,28,129,2.9802322387695312e-08,0.0010745379840955138,2026092701,energy_half
behavior.0,28,129,1.4901161193847656e-08,0.00017649155051913112,2026092701,energy_half
behavior.1,28,129,7.450580596923828e-09,8.4134386270307e-05,2026092701,energy_half
behavior.2,28,129,1.4901161193847656e-08,0.00021635013399645686,2026092701,energy_half
time.0,28,130,1.4901161193847656e-08,0.000362501188647002,2026092701,energy_half
time.1,28,130,1.4901161193847656e-08,0.0002440640819258988,2026092701,energy_half
time.2,28,130,2.9802322387695312e-08,0.0009747809381224215,2026092701,energy_half
behavior.0,28,130,1.4901161193847656e-08,0.00020614899403881282,2026092701,energy_half
behavior.1,28,130,1.4901161193847656e-08,0.00010202680277870968,2026092701,energy_half
behavior.2,28,130,1.4901161193847656e-08,0.000196724635316059,2026092701,energy_half
time.0,28,131,2.2351741790771484e-08,0.0003079153539147228,2026092701,energy_half
time.1,28,131,1.4901161193847656e-08,0.00021587064838968217,2026092701,energy_half
time.2,28,131,1.4901161193847656e-08,0.0008551247883588076,2026092701,energy_half
behavior.0,28,131,2.2351741790771484e-08,0.00018168719543609768,2026092701,energy_half
behavior.1,28,131,7.450580596923828e-09,9.308792505180463e-05,2026092701,energy_half
behavior.2,28,131,1.4901161193847656e-08,0.00021671787544619292,2026092701,energy_half
time.0,28,132,2.2351741790771484e-08,0.00029791780980303884,2026092701,energy_half
time.1,28,132,1.4901161193847656e-08,0.00020526898151729256,2026092701,energy_half
time.2,28,132,4.470348358154297e-08,0.0008312361896969378,2026092701,energy_half
behavior.0,28,132,1.4901161193847656e-08,0.00022398598957806826,2026092701,energy_half
behavior.1,28,132,1.1175870895385742e-08,0.00013046603999100626,2026092701,energy_half
behavior.2,28,132,1.4901161193847656e-08,0.00023720333410892636,2026092701,energy_half
time.0,28,133,2.2351741790771484e-08,0.000354981777491048,2026092701,energy_half
time.1,28,133,2.2351741790771484e-08,0.0002437036018818617,2026092701,energy_half
time.2,28,133,2.9802322387695312e-08,0.0009340840042568743,2026092701,energy_half
behavior.0,28,133,1.4901161193847656e-08,0.0001906910038087517,2026092701,energy_half
behavior.1,28,133,1.1175870895385742e-08,8.897741645341739e-05,2026092701,energy_half
behavior.2,28,133,2.2351741790771484e-08,0.00021950609516352415,2026092701,energy_half
time.0,28,134,1.4901161193847656e-08,0.00024576453142799437,2026092701,energy_half
time.1,28,134,7.450580596923828e-09,0.00018376110529061407,2026092701,energy_half
time.2,28,134,2.9802322387695312e-08,0.0007995248888619244,2026092701,energy_half
behavior.0,28,134,1.4901161193847656e-08,0.00017077413212973624,2026092701,energy_half
behavior.1,28,134,1.4901161193847656e-08,9.401557326782495e-05,2026092701,energy_half
behavior.2,28,134,1.4901161193847656e-08,0.0002206724020652473,2026092701,energy_half
time.0,28,135,1.4901161193847656e-08,0.0002491601917427033,2026092701,energy_half
time.1,28,135,1.4901161193847656e-08,0.00018852260836865753,2026092701,energy_half
time.2,28,135,2.9802322387695312e-08,0.0008404362597502768,2026092701,energy_half
behavior.0,28,135,1.4901161193847656e-08,0.00017782107170205563,2026092701,energy_half
behavior.1,28,135,1.4901161193847656e-08,9.187725663650781e-05,2026092701,energy_half
behavior.2,28,135,1.4901161193847656e-08,0.0002676502044778317,2026092701,energy_half
time.0,28,136,2.2351741790771484e-08,0.00026333925779908895,2026092701,energy_half
time.1,28,136,1.4901161193847656e-08,0.00017828964337240905,2026092701,energy_half
time.2,28,136,2.9802322387695312e-08,0.00082020292757079,2026092701,energy_half
behavior.0,28,136,1.4901161193847656e-08,0.00016839404997881502,2026092701,energy_half
behavior.1,28,136,7.450580596923828e-09,8.668002556078136e-05,2026092701,energy_half
behavior.2,28,136,2.2351741790771484e-08,0.0002524471201468259,2026092701,energy_half
time.0,28,137,1.862645149230957e-08,0.00028776394901797175,2026092701,energy_half
time.1,28,137,1.1175870895385742e-08,0.0001967137650353834,2026092701,energy_half
time.2,28,137,1.4901161193847656e-08,0.0008757315226830542,2026092701,energy_half
behavior.0,28,137,1.4901161193847656e-08,0.00017511050100438297,2026092701,energy_half
behavior.1,28,137,1.1175870895385742e-08,9.223377128364518e-05,2026092701,energy_half
behavior.2,28,137,1.4901161193847656e-08,0.00023206059995573014,2026092701,energy_half
time.0,28,138,2.2351741790771484e-08,0.00032924796687439084,2026092701,energy_half
time.1,28,138,1.4901161193847656e-08,0.0002196781279053539,2026092701,energy_half
time.2,28,138,2.9802322387695312e-08,0.0008725171792320907,2026092701,energy_half
behavior.0,28,138,1.4901161193847656e-08,0.0001731172960717231,2026092701,energy_half
behavior.1,28,138,1.1175870895385742e-08,8.945124136516824e-05,2026092701,energy_half
behavior.2,28,138,1.4901161193847656e-08,0.00020752425189130008,2026092701,energy_half
time.0,28,139,1.4901161193847656e-08,0.0003879865980707109,2026092701,energy_half
time.1,28,139,1.4901161193847656e-08,0.00024779036175459623,2026092701,energy_half
time.2,28,139,2.9802322387695312e-08,0.0009925145423039794,2026092701,energy_half
behavior.0,28,139,1.862645149230957e-08,0.0002063100109808147,2026092701,energy_half
behavior.1,28,139,1.4901161193847656e-08,9.671812586020678e-05,2026092701,energy_half
behavior.2,28,139,1.4901161193847656e-08,0.00019135877664666623,2026092701,energy_half
time.0,28,140,1.4901161193847656e-08,0.00031484925420954823,2026092701,energy_half
time.1,28,140,1.4901161193847656e-08,0.0002197835419792682,2026092701,energy_half
time.2,28,140,2.9802322387695312e-08,0.0008602292509749532,2026092701,energy_half
behavior.0,28,140,1.4901161193847656e-08,0.00018893518426921219,2026092701,energy_half
behavior.1,28,140,1.1175870895385742e-08,9.634725574869663e-05,2026092701,energy_half
behavior.2,28,140,1.4901161193847656e-08,0.0002280461194459349,2026092701,energy_half
time.0,28,141,1.4901161193847656e-08,0.00033908875775523484,2026092701,energy_half
time.1,28,141,1.4901161193847656e-08,0.00022053746215533465,2026092701,energy_half
time.2,28,141,2.9802322387695312e-08,0.0008928583119995892,2026092701,energy_half
behavior.0,28,141,1.4901161193847656e-08,0.00019146209524478763,2026092701,energy_half
behavior.1,28,141,1.1175870895385742e-08,9.972176485462114e-05,2026092701,energy_half
behavior.2,28,141,1.4901161193847656e-08,0.00022100216301623732,2026092701,energy_half
time.0,28,142,1.4901161193847656e-08,0.0003846619219984859,2026092701,energy_half
time.1,28,142,1.4901161193847656e-08,0.0002498106623534113,2026092701,energy_half
time.2,28,142,2.9802322387695312e-08,0.0009393913205713034,2026092701,energy_half
behavior.0,28,142,1.4901161193847656e-08,0.00018665980314835906,2026092701,energy_half
behavior.1,28,142,7.450580596923828e-09,8.844510011840612e-05,2026092701,energy_half
behavior.2,28,142,1.4901161193847656e-08,0.000202206036192365,2026092701,energy_half
time.0,28,143,2.2351741790771484e-08,0.0002735715825110674,2026092701,energy_half
time.1,28,143,1.1175870895385742e-08,0.00018981139874085784,2026092701,energy_half
time.2,28,143,2.9802322387695312e-08,0.000782341172453016,2026092701,energy_half
behavior.0,28,143,2.2351741790771484e-08,0.00018123950576409698,2026092701,energy_half
behavior.1,28,143,1.4901161193847656e-08,9.90543921943754e-05,2026092701,energy_half
behavior.2,28,143,1.4901161193847656e-08,0.0002481632982380688,2026092701,energy_half
time.0,28,144,2.2351741790771484e-08,0.00039421801920980215,2026092701,energy_half
time.1,28,144,1.4901161193847656e-08,0.00025499434559606016,2026092701,energy_half
time.2,28,144,1.4901161193847656e-08,0.0009745089919306338,2026092701,energy_half
behavior.0,28,144,1.4901161193847656e-08,0.0001899745111586526,2026092701,energy_half
behavior.1,28,144,1.4901161193847656e-08,9.120196045842022e-05,2026092701,energy_half
behavior.2,28,144,1.4901161193847656e-08,0.00020023647812195122,2026092701,energy_half
time.0,28,145,1.4901161193847656e-08,0.00028552269213832915,2026092701,energy_half
time.1,28,145,1.1175870895385742e-08,0.00019815035921055824,2026092701,energy_half
time.2,28,145,2.9802322387695312e-08,0.0008849394507706165,2026092701,energy_half
behavior.0,28,145,1.4901161193847656e-08,0.00017027628200594336,2026092701,energy_half
behavior.1,28,145,1.1175870895385742e-08,8.866768621373922e-05,2026092701,energy_half
behavior.2,28,145,1.4901161193847656e-08,0.0002318535407539457,2026092701,energy_half
time.0,28,146,2.2351741790771484e-08,0.00048766061081551015,2026092701,energy_half
time.1,28,146,1.4901161193847656e-08,0.00029845378594473004,2026092701,energy_half
time.2,28,146,2.9802322387695312e-08,0.0011775236343964934,2026092701,energy_half
behavior.0,28,146,2.2351741790771484e-08,0.00017411784210707992,2026092701,energy_half
behavior.1,28,146,1.1175870895385742e-08,9.164519724436104e-05,2026092701,energy_half
behavior.2,28,146,1.4901161193847656e-08,0.00023114451323635876,2026092701,energy_half
time.0,28,147,2.2351741790771484e-08,0.0003835141542367637,2026092701,energy_half
time.1,28,147,1.4901161193847656e-08,0.00023994545335881412,2026092701,energy_half
time.2,28,147,2.9802322387695312e-08,0.0009503487381152809,2026092701,energy_half
behavior.0,28,147,1.4901161193847656e-08,0.00017661304445937276,2026092701,energy_half
behavior.1,28,147,1.1175870895385742e-08,9.376263187732548e-05,2026092701,energy_half
behavior.2,28,147,2.2351741790771484e-08,0.00024386777658946812,2026092701,energy_half
time.0,28,148,2.2351741790771484e-08,0.0003060645831283182,2026092701,energy_half
time.1,28,148,1.4901161193847656e-08,0.0002105074527207762,2026092701,energy_half
time.2,28,148,2.9802322387695312e-08,0.0009144122595898807,2026092701,energy_half
behavior.0,28,148,1.4901161193847656e-08,0.00015444617019966245,2026092701,energy_half
behavior.1,28,148,1.1175870895385742e-08,8.492884080624208e-05,2026092701,energy_half
behavior.2,28,148,1.4901161193847656e-08,0.0002488098107278347,2026092701,energy_half
time.0,28,149,2.2351741790771484e-08,0.0003185494861099869,2026092701,energy_half
time.1,28,149,1.4901161193847656e-08,0.00021833943901583552,2026092701,energy_half
time.2,28,149,4.470348358154297e-08,0.0008903375128284097,2026092701,energy_half
behavior.0,28,149,1.4901161193847656e-08,0.00018150174582842737,2026092701,energy_half
behavior.1,28,149,1.1175870895385742e-08,9.147699893219396e-05,2026092701,energy_half
behavior.2,28,149,1.4901161193847656e-08,0.000220459362026304,2026092701,energy_half
time.0,28,150,1.4901161193847656e-08,0.0003431340155657381,2026092701,energy_half
time.1,28,150,1.4901161193847656e-08,0.0002251239202450961,2026092701,energy_half
time.2,28,150,2.9802322387695312e-08,0.0009387627942487597,2026092701,energy_half
behavior.0,28,150,2.2351741790771484e-08,0.00018541164172347635,2026092701,energy_half
behavior.1,28,150,1.1175870895385742e-08,9.581413905834779e-05,2026092701,energy_half
behavior.2,28,150,1.4901161193847656e-08,0.0002507359895389527,2026092701,energy_half
time.0,28,151,2.2351741790771484e-08,0.0003359742113389075,2026092701,energy_half
time.1,28,151,1.4901161193847656e-08,0.0002171408268623054,2026092701,energy_half
time.2,28,151,1.4901161193847656e-08,0.0008796296315267682,2026092701,energy_half
behavior.0,28,151,1.4901161193847656e-08,0.00017583058797754347,2026092701,energy_half
behavior.1,28,151,1.4901161193847656e-08,8.91864619916305e-05,2026092701,energy_half
behavior.2,28,151,2.2351741790771484e-08,0.00021970857051201165,2026092701,energy_half
time.0,28,152,2.9802322387695312e-08,0.0004563175607472658,2026092701,energy_half
time.1,28,152,1.4901161193847656e-08,0.00027856987435370684,2026092701,energy_half
time.2,28,152,2.9802322387695312e-08,0.0010333666577935219,2026092701,energy_half
behavior.0,28,152,1.4901161193847656e-08,0.00017844774993136525,2026092701,energy_half
behavior.1,28,152,1.1175870895385742e-08,9.429048077436164e-05,2026092701,energy_half
behavior.2,28,152,1.4901161193847656e-08,0.0002254559803986922,2026092701,energy_half
time.0,28,153,1.4901161193847656e-08,0.00029487517895177007,2026092701,energy_half
time.1,28,153,1.4901161193847656e-08,0.00019457923190202564,2026092701,energy_half
time.2,28,153,2.9802322387695312e-08,0.0008149374625645578,2026092701,energy_half
behavior.0,28,153,1.4901161193847656e-08,0.0001825050712795928,2026092701,energy_half
behavior.1,28,153,1.1175870895385742e-08,9.249631693819538e-05,2026092701,energy_half
behavior.2,28,153,1.4901161193847656e-08,0.00022210265160538256,2026092701,energy_half
time.0,28,154,1.4901161193847656e-08,0.0003248589637223631,2026092701,energy_half
time.1,28,154,1.4901161193847656e-08,0.0002190692030126229,2026092701,energy_half
time.2,28,154,2.9802322387695312e-08,0.0008962885476648808,2026092701,energy_half
behavior.0,28,154,1.4901161193847656e-08,0.00016968911222647876,2026092701,energy_half
behavior.1,28,154,1.1175870895385742e-08,8.449964661849663e-05,2026092701,energy_half
behavior.2,28,154,1.1175870895385742e-08,0.0002398421202087775,2026092701,energy_half
time.0,28,155,1.4901161193847656e-08,0.00026340229669585824,2026092701,energy_half
time.1,28,155,1.4901161193847656e-08,0.00018438643019180745,2026092701,energy_half
time.2,28,155,1.4901161193847656e-08,0.0008121098508127034,2026092701,energy_half
behavior.0,28,155,2.2351741790771484e-08,0.00021180471230763942,2026092701,energy_half
behavior.1,28,155,1.4901161193847656e-08,9.998380119213834e-05,2026092701,energy_half
behavior.2,28,155,1.4901161193847656e-08,0.00017845733964350075,2026092701,energy_half
time.0,28,156,1.4901161193847656e-08,0.0003113682323601097,2026092701,energy_half
time.1,28,156,1.4901161193847656e-08,0.0002086242166114971,2026092701,energy_half
time.2,28,156,2.9802322387695312e-08,0.0008964154403656721,2026092701,energy_half
behavior.0,28,156,1.4901161193847656e-08,0.00020223077444825321,2026092701,energy_half
behavior.1,28,156,1.1175870895385742e-08,9.52468762989156e-05,2026092701,energy_half
behavior.2,28,156,1.4901161193847656e-08,0.00017027644207701087,2026092701,energy_half
time.0,28,157,1.4901161193847656e-08,0.00028675032081082463,2026092701,energy_half
time.1,28,157,1.4901161193847656e-08,0.0001937407796503976,2026092701,energy_half
time.2,28,157,2.9802322387695312e-08,0.0007375322165898979,2026092701,energy_half
behavior.0,28,157,1.4901161193847656e-08,0.00021228421246632934,2026092701,energy_half
behavior.1,28,157,1.4901161193847656e-08,9.497669816482812e-05,2026092701,energy_half
behavior.2,28,157,1.4901161193847656e-08,0.0002022179978666827,2026092701,energy_half
time.0,28,158,1.4901161193847656e-08,0.00032077927608042955,2026092701,energy_half
time.1,28,158,7.450580596923828e-09,0.00021217299217823893,2026092701,energy_half
time.2,28,158,2.9802322387695312e-08,0.0008773496956564486,2026092701,energy_half
behavior.0,28,158,1.4901161193847656e-08,0.00017007025599014014,2026092701,energy_half
behavior.1,28,158,1.1175870895385742e-08,8.916727529140189e-05,2026092701,energy_half
behavior.2,28,158,2.2351741790771484e-08,0.00022929419355932623,2026092701,energy_half
time.0,28,159,2.2351741790771484e-08,0.00033156975405290723,2026092701,energy_half
time.1,28,159,1.4901161193847656e-08,0.0002355000760871917,2026092701,energy_half
time.2,28,159,4.470348358154297e-08,0.0009468724019825459,2026092701,energy_half
behavior.0,28,159,1.4901161193847656e-08,0.00021538724831771106,2026092701,energy_half
behavior.1,28,159,7.450580596923828e-09,0.00010384359484305605,2026092701,energy_half
behavior.2,28,159,1.4901161193847656e-08,0.00018946063937619328,2026092701,energy_half
time.0,28,160,1.4901161193847656e-08,0.00034348282497376204,2026092701,energy_half
time.1,28,160,1.1175870895385742e-08,0.00022857121075503528,2026092701,energy_half
time.2,28,160,2.9802322387695312e-08,0.0009316724026575685,2026092701,energy_half
behavior.0,28,160,1.4901161193847656e-08,0.0002119526034221053,2026092701,energy_half
behavior.1,28,160,1.1175870895385742e-08,9.968226368073374e-05,2026092701,energy_half
behavior.2,28,160,1.4901161193847656e-08,0.00019293780496809632,2026092701,energy_half
time.0,28,161,1.4901161193847656e-08,0.00032881941297091544,2026092701,energy_half
time.1,28,161,1.4901161193847656e-08,0.00021996772557031363,2026092701,energy_half
time.2,28,161,2.9802322387695312e-08,0.0009009047644212842,2026092701,energy_half
behavior.0,28,161,1.4901161193847656e-08,0.00020638479327317327,2026092701,energy_half
behavior.1,28,161,2.2351741790771484e-08,0.00010678998660296202,2026092701,energy_half
behavior.2,28,161,2.2351741790771484e-08,0.0002282217756146565,2026092701,energy_half
time.0,28,162,2.2351741790771484e-08,0.00035287922946736217,2026092701,energy_half
time.1,28,162,1.4901161193847656e-08,0.00023022947425488383,2026092701,energy_half
time.2,28,162,2.9802322387695312e-08,0.0008861489477567375,2026092701,energy_half
behavior.0,28,162,2.2351741790771484e-08,0.00016811580280773342,2026092701,energy_half
behavior.1,28,162,7.450580596923828e-09,8.669845556141809e-05,2026092701,energy_half
behavior.2,28,162,1.4901161193847656e-08,0.00022982263180892915,2026092701,energy_half
time.0,28,163,1.4901161193847656e-08,0.0003370149352122098,2026092701,energy_half
time.1,28,163,1.4901161193847656e-08,0.00023119505203794688,2026092701,energy_half
time.2,28,163,2.9802322387695312e-08,0.0008771193097345531,2026092701,energy_half
behavior.0,28,163,1.4901161193847656e-08,0.0001918188645504415,2026092701,energy_half
behavior.1,28,163,1.1175870895385742e-08,0.00010075039608636871,2026092701,energy_half
behavior.2,28,163,1.4901161193847656e-08,0.00023678908473812044,2026092701,energy_half
time.0,28,164,1.4901161193847656e-08,0.00037897919537499547,2026092701,energy_half
time.1,28,164,1.4901161193847656e-08,0.0002373236056882888,2026092701,energy_half
time.2,28,164,2.9802322387695312e-08,0.0009353657951578498,2026092701,energy_half
behavior.0,28,164,1.4901161193847656e-08,0.0001852214481914416,2026092701,energy_half
behavior.1,28,164,1.1175870895385742e-08,0.00010477881005499512,2026092701,energy_half
behavior.2,28,164,1.4901161193847656e-08,0.00023615645477548242,2026092701,energy_half
time.0,28,165,2.2351741790771484e-08,0.00040505905053578317,2026092701,energy_half
time.1,28,165,1.4901161193847656e-08,0.00026268765213899314,2026092701,energy_half
time.2,28,165,4.470348358154297e-08,0.0009905148763209581,2026092701,energy_half
behavior.0,28,165,1.4901161193847656e-08,0.00019147779676131904,2026092701,energy_half
behavior.1,28,165,1.1175870895385742e-08,9.730717283673584e-05,2026092701,energy_half
behavior.2,28,165,1.4901161193847656e-08,0.0001896172179840505,2026092701,energy_half
time.0,28,166,1.4901161193847656e-08,0.00033273076405748725,2026092701,energy_half
time.1,28,166,1.4901161193847656e-08,0.00022507086396217346,2026092701,energy_half
time.2,28,166,2.9802322387695312e-08,0.0008886262658052146,2026092701,energy_half
behavior.0,28,166,1.4901161193847656e-08,0.00019266489834990352,2026092701,energy_half
behavior.1,28,166,1.1175870895385742e-08,9.976498404284939e-05,2026092701,energy_half
behavior.2,28,166,1.1175870895385742e-08,0.00023643544409424067,2026092701,energy_half
time.0,28,167,1.4901161193847656e-08,0.00027430563932284713,2026092701,energy_half
time.1,28,167,2.2351741790771484e-08,0.0001953200699063018,2026092701,energy_half
time.2,28,167,2.9802322387695312e-08,0.0008664110209792852,2026092701,energy_half
behavior.0,28,167,1.4901161193847656e-08,0.000185507902642712,2026092701,energy_half
behavior.1,28,167,1.1175870895385742e-08,0.00010886426025535911,2026092701,energy_half
behavior.2,28,167,2.2351741790771484e-08,0.00024296579067595303,2026092701,energy_half
time.0,28,168,2.2351741790771484e-08,0.0003087287477683276,2026092701,energy_half
time.1,28,168,1.4901161193847656e-08,0.00021078146528452635,2026092701,energy_half
time.2,28,168,2.2351741790771484e-08,0.0008494846406392753,2026092701,energy_half
behavior.0,28,168,1.4901161193847656e-08,0.0001763969921739772,2026092701,energy_half
behavior.1,28,168,1.1175870895385742e-08,8.951959171099588e-05,2026092701,energy_half
behavior.2,28,168,1.4901161193847656e-08,0.0002545678289607167,2026092701,energy_half
time.0,28,169,1.1175870895385742e-08,0.0002940060803666711,2026092701,energy_half
time.1,28,169,1.4901161193847656e-08,0.0001992199249798432,2026092701,energy_half
time.2,28,169,2.9802322387695312e-08,0.0008290710975416005,2026092701,energy_half
behavior.0,28,169,1.4901161193847656e-08,0.0001939273497555405,2026092701,energy_half
behavior.1,28,169,1.1175870895385742e-08,0.00010511864820728078,2026092701,energy_half
behavior.2,28,169,1.4901161193847656e-08,0.00017093127826228738,2026092701,energy_half
time.0,28,170,1.862645149230957e-08,0.0002998577547259629,2026092701,energy_half
time.1,28,170,1.4901161193847656e-08,0.00021302168897818774,2026092701,energy_half
time.2,28,170,2.2351741790771484e-08,0.0008559984853491187,2026092701,energy_half
behavior.0,28,170,1.4901161193847656e-08,0.00020794212468899786,2026092701,energy_half
behavior.1,28,170,1.1175870895385742e-08,9.911288361763582e-05,2026092701,energy_half
behavior.2,28,170,1.4901161193847656e-08,0.00021574899437837303,2026092701,energy_half
time.0,28,171,2.2351741790771484e-08,0.0003861693840008229,2026092701,energy_half
time.1,28,171,1.4901161193847656e-08,0.0002508092438802123,2026092701,energy_half
time.2,28,171,2.9802322387695312e-08,0.0009359371615573764,2026092701,energy_half
behavior.0,28,171,1.4901161193847656e-08,0.00018072192324325442,2026092701,energy_half
behavior.1,28,171,1.1175870895385742e-08,9.203599620377645e-05,2026092701,energy_half
behavior.2,28,171,1.1175870895385742e-08,0.00021900389401707798,2026092701,energy_half
time.0,28,172,1.4901161193847656e-08,0.0002405050618108362,2026092701,energy_half
time.1,28,172,1.4901161193847656e-08,0.00018314352200832218,2026092701,energy_half
time.2,28,172,2.9802322387695312e-08,0.0007594818598590791,2026092701,energy_half
behavior.0,28,172,1.4901161193847656e-08,0.0001667164615355432,2026092701,energy_half
behavior.1,28,172,7.450580596923828e-09,9.030316869029775e-05,2026092701,energy_half
behavior.2,28,172,1.4901161193847656e-08,0.00023084635904524475,2026092701,energy_half
time.0,28,173,2.2351741790771484e-08,0.00030482531292364,2026092701,energy_half
time.1,28,173,7.450580596923828e-09,0.00022003862250130624,2026092701,energy_half
time.2,28,173,1.4901161193847656e-08,0.000862364424392581,2026092701,energy_half
behavior.0,28,173,2.2351741790771484e-08,0.00016708922339603305,2026092701,energy_half
behavior.1,28,173,7.450580596923828e-09,9.218496415996924e-05,2026092701,energy_half
behavior.2,28,173,1.4901161193847656e-08,0.00022937310859560966,2026092701,energy_half
time.0,28,174,1.4901161193847656e-08,0.0003871350490953773,2026092701,energy_half
time.1,28,174,1.4901161193847656e-08,0.00024152397236321121,2026092701,energy_half
time.2,28,174,2.9802322387695312e-08,0.0009024955797940493,2026092701,energy_half
behavior.0,28,174,1.4901161193847656e-08,0.00019127213454339653,2026092701,energy_half
behavior.1,28,174,1.1175870895385742e-08,8.960261766333133e-05,2026092701,energy_half
behavior.2,28,174,2.2351741790771484e-08,0.0002013780758716166,2026092701,energy_half
time.0,28,175,1.4901161193847656e-08,0.0003010618675034493,2026092701,energy_half
time.1,28,175,2.2351741790771484e-08,0.00020514492643997073,2026092701,energy_half
time.2,28,175,2.9802322387695312e-08,0.0008237503934651613,2026092701,energy_half
behavior.0,28,175,1.4901161193847656e-08,0.00017760750779416412,2026092701,energy_half
behavior.1,28,175,1.4901161193847656e-08,8.440644160145894e-05,2026092701,energy_half
behavior.2,28,175,1.4901161193847656e-08,0.0002515647793188691,2026092701,energy_half
time.0,28,176,1.4901161193847656e-08,0.0003723548143170774,2026092701,energy_half
time.1,28,176,2.2351741790771484e-08,0.0002518012188374996,2026092701,energy_half
time.2,28,176,2.9802322387695312e-08,0.0009080424206331372,2026092701,energy_half
behavior.0,28,176,1.4901161193847656e-08,0.00017062012921087444,2026092701,energy_half
behavior.1,28,176,7.450580596923828e-09,8.90953597263433e-05,2026092701,energy_half
behavior.2,28,176,1.4901161193847656e-08,0.0002555036044213921,2026092701,energy_half
time.0,28,177,2.2351741790771484e-08,0.0003981235495302826,2026092701,energy_half
time.1,28,177,2.2351741790771484e-08,0.00025753554655238986,2026092701,energy_half
time.2,28,177,2.9802322387695312e-08,0.000976908253505826,2026092701,energy_half
behavior.0,28,177,1.4901161193847656e-08,0.00016248866450041533,2026092701,energy_half
behavior.1,28,177,7.450580596923828e-09,8.553484076401219e-05,2026092701,energy_half
behavior.2,28,177,1.4901161193847656e-08,0.00025207773433066905,2026092701,energy_half
time.0,28,178,1.4901161193847656e-08,0.0003417417756281793,2026092701,energy_half
time.1,28,178,1.4901161193847656e-08,0.00022942462237551808,2026092701,energy_half
time.2,28,178,2.9802322387695312e-08,0.0008505170699208975,2026092701,energy_half
behavior.0,28,178,1.862645149230957e-08,0.00019352344679646194,2026092701,energy_half
behavior.1,28,178,1.1175870895385742e-08,9.828510519582778e-05,2026092701,energy_half
behavior.2,28,178,1.4901161193847656e-08,0.00018849385378416628,2026092701,energy_half
time.0,28,179,1.4901161193847656e-08,0.0002566149632912129,2026092701,energy_half
time.1,28,179,1.1175870895385742e-08,0.00018876147805713117,2026092701,energy_half
time.2,28,179,2.9802322387695312e-08,0.0007602561381645501,2026092701,energy_half
behavior.0,28,179,2.2351741790771484e-08,0.00019810021331068128,2026092701,energy_half
behavior.1,28,179,1.4901161193847656e-08,0.00010465611558174714,2026092701,energy_half
behavior.2,28,179,1.4901161193847656e-08,0.00018903653835877776,2026092701,energy_half
time.0,28,180,1.4901161193847656e-08,0.0003517243021633476,2026092701,energy_half
time.1,28,180,1.4901161193847656e-08,0.00024159150780178607,2026092701,energy_half
time.2,28,180,2.9802322387695312e-08,0.0009352220222353935,2026092701,energy_half
behavior.0,28,180,1.4901161193847656e-08,0.00017431963351555169,2026092701,energy_half
behavior.1,28,180,1.1175870895385742e-08,9.249279537471011e-05,2026092701,energy_half
behavior.2,28,180,1.4901161193847656e-08,0.00021967236534692347,2026092701,energy_half
time.0,28,181,2.2351741790771484e-08,0.00035823238431476057,2026092701,energy_half
time.1,28,181,1.4901161193847656e-08,0.00023273436818271875,2026092701,energy_half
time.2,28,181,2.9802322387695312e-08,0.0008829069556668401,2026092701,energy_half
behavior.0,28,181,1.4901161193847656e-08,0.00020942502305842936,2026092701,energy_half
behavior.1,28,181,1.4901161193847656e-08,9.918472642311826e-05,2026092701,energy_half
behavior.2,28,181,1.4901161193847656e-08,0.0002630581147968769,2026092701,energy_half
time.0,28,182,2.9802322387695312e-08,0.0003572224813979119,2026092701,energy_half
time.1,28,182,1.4901161193847656e-08,0.00024758739164099097,2026092701,energy_half
time.2,28,182,2.9802322387695312e-08,0.000942428654525429,2026092701,energy_half
behavior.0,28,182,1.862645149230957e-08,0.0001904975506477058,2026092701,energy_half
behavior.1,28,182,1.4901161193847656e-08,9.933165711117908e-05,2026092701,energy_half
behavior.2,28,182,1.4901161193847656e-08,0.0002205598575528711,2026092701,energy_half
time.0,28,183,1.4901161193847656e-08,0.0002871445321943611,2026092701,energy_half
time.1,28,183,1.4901161193847656e-08,0.00020395508909132332,2026092701,energy_half
time.2,28,183,2.9802322387695312e-08,0.0008045531576499343,2026092701,energy_half
behavior.0,28,183,1.4901161193847656e-08,0.00016831091488711536,2026092701,energy_half
behavior.1,28,183,1.1175870895385742e-08,9.58116797846742e-05,2026092701,energy_half
behavior.2,28,183,1.4901161193847656e-08,0.00028637313516810536,2026092701,energy_half
time.0,28,184,2.2351741790771484e-08,0.00022892242122907192,2026092701,energy_half
time.1,28,184,1.4901161193847656e-08,0.00016788608627393842,2026092701,energy_half
time.2,28,184,2.9802322387695312e-08,0.0007496767793782055,2026092701,energy_half
behavior.0,28,184,1.4901161193847656e-08,0.00017280614702031016,2026092701,energy_half
behavior.1,28,184,1.1175870895385742e-08,9.47627195273526e-05,2026092701,energy_half
behavior.2,28,184,1.4901161193847656e-08,0.0002611031522974372,2026092701,energy_half
time.0,28,185,1.4901161193847656e-08,0.0002668857341632247,2026092701,energy_half
time.1,28,185,1.4901161193847656e-08,0.00019908872491214424,2026092701,energy_half
time.2,28,185,2.9802322387695312e-08,0.0008049396565183997,2026092701,energy_half
behavior.0,28,185,1.4901161193847656e-08,0.00018007172911893576,2026092701,energy_half
behavior.1,28,185,1.1175870895385742e-08,9.544825297780335e-05,2026092701,energy_half
behavior.2,28,185,2.2351741790771484e-08,0.00022692480706609786,2026092701,energy_half
time.0,28,186,2.2351741790771484e-08,0.00034498676541261375,2026092701,energy_half
time.1,28,186,1.4901161193847656e-08,0.00023665308253839612,2026092701,energy_half
time.2,28,186,2.9802322387695312e-08,0.0009152403217740357,2026092701,energy_half
behavior.0,28,186,1.4901161193847656e-08,0.00017136699170805514,2026092701,energy_half
behavior.1,28,186,1.1175870895385742e-08,8.854472980601713e-05,2026092701,energy_half
behavior.2,28,186,1.4901161193847656e-08,0.0002362703235121444,2026092701,energy_half
time.0,28,187,1.4901161193847656e-08,0.00026588854962028563,2026092701,energy_half
time.1,28,187,1.1175870895385742e-08,0.0002002186665777117,2026092701,energy_half
time.2,28,187,1.4901161193847656e-08,0.0008036399958655238,2026092701,energy_half
behavior.0,28,187,1.4901161193847656e-08,0.00017940494581125677,2026092701,energy_half
behavior.1,28,187,1.1175870895385742e-08,9.471549128647894e-05,2026092701,energy_half
behavior.2,28,187,1.4901161193847656e-08,0.00024040999414864928,2026092701,energy_half
time.0,28,188,2.2351741790771484e-08,0.0003343568532727659,2026092701,energy_half
time.1,28,188,1.1175870895385742e-08,0.00021983482292853296,2026092701,energy_half
time.2,28,188,2.9802322387695312e-08,0.000855696969665587,2026092701,energy_half
behavior.0,28,188,1.4901161193847656e-08,0.00017861128435470164,2026092701,energy_half
behavior.1,28,188,1.1175870895385742e-08,9.160638728644699e-05,2026092701,energy_half
behavior.2,28,188,1.4901161193847656e-08,0.00018968114454764873,2026092701,energy_half
time.0,28,189,1.4901161193847656e-08,0.00036054852535016835,2026092701,energy_half
time.1,28,189,1.1175870895385742e-08,0.00025401185848750174,2026092701,energy_half
time.2,28,189,2.9802322387695312e-08,0.0009361442644149065,2026092701,energy_half
behavior.0,28,189,1.4901161193847656e-08,0.00017435333575122058,2026092701,energy_half
behavior.1,28,189,1.4901161193847656e-08,9.291504102293402e-05,2026092701,energy_half
behavior.2,28,189,1.1175870895385742e-08,0.00018375444051343948,2026092701,energy_half
time.0,28,190,1.4901161193847656e-08,0.00033624458592385054,2026092701,energy_half
time.1,28,190,1.4901161193847656e-08,0.00023018942738417536,2026092701,energy_half
time.2,28,190,2.9802322387695312e-08,0.0008883514674380422,2026092701,energy_half
behavior.0,28,190,1.4901161193847656e-08,0.00018197081226389855,2026092701,energy_half
behavior.1,28,190,1.1175870895385742e-08,9.376754314871505e-05,2026092701,energy_half
behavior.2,28,190,1.4901161193847656e-08,0.00023664883337914944,2026092701,energy_half
time.0,28,191,1.4901161193847656e-08,0.0003288161242380738,2026092701,energy_half
time.1,28,191,1.4901161193847656e-08,0.00021945140906609595,2026092701,energy_half
time.2,28,191,2.9802322387695312e-08,0.0008764017256908119,2026092701,energy_half
behavior.0,28,191,1.4901161193847656e-08,0.0001882143405964598,2026092701,energy_half
behavior.1,28,191,1.4901161193847656e-08,0.00010551527520874515,2026092701,energy_half
behavior.2,28,191,1.4901161193847656e-08,0.00020222875173203647,2026092701,energy_half
time.0,28,192,1.4901161193847656e-08,0.00030829646857455373,2026092701,energy_half
time.1,28,192,1.1175870895385742e-08,0.00020720720931421965,2026092701,energy_half
time.2,28,192,2.9802322387695312e-08,0.0008390879957005382,2026092701,energy_half
behavior.0,28,192,1.4901161193847656e-08,0.0001782021572580561,2026092701,energy_half
behavior.1,28,192,7.450580596923828e-09,9.041679732035846e-05,2026092701,energy_half
behavior.2,28,192,1.4901161193847656e-08,0.00022689795878250152,2026092701,energy_half
time.0,28,193,2.2351741790771484e-08,0.0003841602592729032,2026092701,energy_half
time.1,28,193,1.1175870895385742e-08,0.0002456809743307531,2026092701,energy_half
time.2,28,193,2.9802322387695312e-08,0.0009502830798737705,2026092701,energy_half
behavior.0,28,193,1.4901161193847656e-08,0.00018392202036920935,2026092701,energy_half
behavior.1,28,193,1.1175870895385742e-08,9.606502862880006e-05,2026092701,energy_half
behavior.2,28,193,1.4901161193847656e-08,0.0002111921348841861,2026092701,energy_half
time.0,28,194,1.4901161193847656e-08,0.0003007446357514709,2026092701,energy_half
time.1,28,194,1.4901161193847656e-08,0.0002067859168164432,2026092701,energy_half
time.2,28,194,4.470348358154297e-08,0.0008348048431798816,2026092701,energy_half
behavior.0,28,194,1.4901161193847656e-08,0.00018190468836110085,2026092701,energy_half
behavior.1,28,194,1.1175870895385742e-08,9.187277464661747e-05,2026092701,energy_half
behavior.2,28,194,1.4901161193847656e-08,0.0002320032799616456,2026092701,energy_half
time.0,28,195,1.4901161193847656e-08,0.0002765765821095556,2026092701,energy_half
time.1,28,195,1.4901161193847656e-08,0.00019365051412023604,2026092701,energy_half
time.2,28,195,1.4901161193847656e-08,0.0008211389067582786,2026092701,energy_half
behavior.0,28,195,1.4901161193847656e-08,0.00018266114057041705,2026092701,energy_half
behavior.1,28,195,1.4901161193847656e-08,9.340162068838254e-05,2026092701,energy_half
behavior.2,28,195,1.4901161193847656e-08,0.0002340330247534439,2026092701,energy_half
time.0,28,196,2.2351741790771484e-08,0.0003387221950106323,2026092701,energy_half
time.1,28,196,1.4901161193847656e-08,0.00022896869631949812,2026092701,energy_half
time.2,28,196,2.9802322387695312e-08,0.0008754367590881884,2026092701,energy_half
behavior.0,28,196,2.2351741790771484e-08,0.00021627653040923178,2026092701,energy_half
behavior.1,28,196,1.4901161193847656e-08,9.799673716770485e-05,2026092701,energy_half
behavior.2,28,196,7.450580596923828e-09,0.00020061434770468622,2026092701,energy_half
time.0,28,197,1.4901161193847656e-08,0.00036254324368201196,2026092701,energy_half
time.1,28,197,1.4901161193847656e-08,0.0002555271494202316,2026092701,energy_half
time.2,28,197,4.470348358154297e-08,0.0009113396517932415,2026092701,energy_half
behavior.0,28,197,1.4901161193847656e-08,0.00019784606411121786,2026092701,energy_half
behavior.1,28,197,7.450580596923828e-09,9.539532766211778e-05,2026092701,energy_half
behavior.2,28,197,1.4901161193847656e-08,0.0002447273291181773,2026092701,energy_half
time.0,28,198,2.2351741790771484e-08,0.00034335540840402246,2026092701,energy_half
time.1,28,198,1.4901161193847656e-08,0.00023155893723014742,2026092701,energy_half
time.2,28,198,2.9802322387695312e-08,0.0008864339906722307,2026092701,energy_half
behavior.0,28,198,1.4901161193847656e-08,0.00019240000983700156,2026092701,energy_half
behavior.1,28,198,1.1175870895385742e-08,9.654570749262348e-05,2026092701,energy_half
behavior.2,28,198,1.4901161193847656e-08,0.00024248345289379358,2026092701,energy_half
time.0,28,199,2.2351741790771484e-08,0.0003459111612755805,2026092701,energy_half
time.1,28,199,1.4901161193847656e-08,0.00023665236949454993,2026092701,energy_half
time.2,28,199,2.9802322387695312e-08,0.0008820416987873614,2026092701,energy_half
behavior.0,28,199,1.4901161193847656e-08,0.0001930593716679141,2026092701,energy_half
behavior.1,28,199,7.450580596923828e-09,9.916406270349398e-05,2026092701,energy_half
behavior.2,28,199,1.4901161193847656e-08,0.0002043165877694264,2026092701,energy_half
time.0,28,200,2.2351741790771484e-08,0.0003362466813996434,2026092701,energy_half
time.1,28,200,1.4901161193847656e-08,0.00023583976144436747,2026092701,energy_half
time.2,28,200,2.2351741790771484e-08,0.0008631536038592458,2026092701,energy_half
behavior.0,28,200,2.2351741790771484e-08,0.00017662458412814885,2026092701,energy_half
behavior.1,28,200,1.1175870895385742e-08,9.43753620958887e-05,2026092701,energy_half
behavior.2,28,200,1.4901161193847656e-08,0.00023192046501208097,2026092701,energy_half
time.0,28,1,2.9802322387695312e-08,0.0007356832502409816,2026092702,energy_equivariant
time.1,28,1,1.4901161193847656e-08,0.0002540849964134395,2026092702,energy_equivariant
time.2,28,1,2.2351741790771484e-08,0.0003516881843097508,2026092702,energy_equivariant
behavior.0,28,1,2.2351741790771484e-08,0.00031088563264347613,2026092702,energy_equivariant
behavior.1,28,1,1.4901161193847656e-08,0.00016525083628948778,2026092702,energy_equivariant
behavior.2,28,1,1.1175870895385742e-08,7.657673995709047e-05,2026092702,energy_equivariant
time.0,28,2,1.4901161193847656e-08,0.0007213501958176494,2026092702,energy_equivariant
time.1,28,2,2.2351741790771484e-08,0.0002590059593785554,2026092702,energy_equivariant
time.2,28,2,2.2351741790771484e-08,0.00034843041794374585,2026092702,energy_equivariant
behavior.0,28,2,1.4901161193847656e-08,0.000281653949059546,2026092702,energy_equivariant
behavior.1,28,2,1.4901161193847656e-08,0.00015509765944443643,2026092702,energy_equivariant
behavior.2,28,2,1.1175870895385742e-08,8.447201980743557e-05,2026092702,energy_equivariant
time.0,28,3,2.9802322387695312e-08,0.0006665641558356583,2026092702,energy_equivariant
time.1,28,3,1.4901161193847656e-08,0.0002272891579195857,2026092702,energy_equivariant
time.2,28,3,1.4901161193847656e-08,0.0003611465508583933,2026092702,energy_equivariant
behavior.0,28,3,2.2351741790771484e-08,0.00034250906901434064,2026092702,energy_equivariant
behavior.1,28,3,1.4901161193847656e-08,0.00016745462198741734,2026092702,energy_equivariant
behavior.2,28,3,1.4901161193847656e-08,0.00012375034566503018,2026092702,energy_equivariant
time.0,28,4,2.9802322387695312e-08,0.0007309073116630316,2026092702,energy_equivariant
time.1,28,4,1.4901161193847656e-08,0.00028061220655217767,2026092702,energy_equivariant
time.2,28,4,2.2351741790771484e-08,0.0004375852586235851,2026092702,energy_equivariant
behavior.0,28,4,1.4901161193847656e-08,0.00031316952663473785,2026092702,energy_equivariant
behavior.1,28,4,1.4901161193847656e-08,0.00015405050362460315,2026092702,energy_equivariant
behavior.2,28,4,1.1175870895385742e-08,0.00011684271157719195,2026092702,energy_equivariant
time.0,28,5,2.2351741790771484e-08,0.0006713547627441585,2026092702,energy_equivariant
time.1,28,5,1.4901161193847656e-08,0.00023756812151987106,2026092702,energy_equivariant
time.2,28,5,2.2351741790771484e-08,0.0003771470219362527,2026092702,energy_equivariant
behavior.0,28,5,1.4901161193847656e-08,0.0003098334709648043,2026092702,energy_equivariant
behavior.1,28,5,1.4901161193847656e-08,0.000153758839587681,2026092702,energy_equivariant
behavior.2,28,5,1.4901161193847656e-08,0.0001073047606041655,2026092702,energy_equivariant
time.0,28,6,1.4901161193847656e-08,0.0006370664923451841,2026092702,energy_equivariant
time.1,28,6,1.4901161193847656e-08,0.0002330330607946962,2026092702,energy_equivariant
time.2,28,6,2.2351741790771484e-08,0.0003740327665582299,2026092702,energy_equivariant
behavior.0,28,6,1.4901161193847656e-08,0.00033452597563154995,2026092702,energy_equivariant
behavior.1,28,6,1.4901161193847656e-08,0.00015485189214814454,2026092702,energy_equivariant
behavior.2,28,6,1.1175870895385742e-08,0.00010768842184916139,2026092702,energy_equivariant
time.0,28,7,2.2351741790771484e-08,0.0006402048747986555,2026092702,energy_equivariant
time.1,28,7,1.4901161193847656e-08,0.00021835265215486288,2026092702,energy_equivariant
time.2,28,7,2.2351741790771484e-08,0.00038669866626150906,2026092702,energy_equivariant
behavior.0,28,7,1.4901161193847656e-08,0.00030485805473290384,2026092702,energy_equivariant
behavior.1,28,7,1.1175870895385742e-08,0.00014211224333848804,2026092702,energy_equivariant
behavior.2,28,7,1.1175870895385742e-08,0.00011279521277174354,2026092702,energy_equivariant
time.0,28,8,2.2351741790771484e-08,0.0006322756526060402,2026092702,energy_equivariant
time.1,28,8,1.4901161193847656e-08,0.00022758990235161036,2026092702,energy_equivariant
time.2,28,8,2.2351741790771484e-08,0.00035606996971182525,2026092702,energy_equivariant
behavior.0,28,8,2.2351741790771484e-08,0.00032260455191135406,2026092702,energy_equivariant
behavior.1,28,8,1.4901161193847656e-08,0.00015864757006056607,2026092702,energy_equivariant
behavior.2,28,8,1.4901161193847656e-08,0.00011525321315275505,2026092702,energy_equivariant
time.0,28,9,2.2351741790771484e-08,0.0006435092655010521,2026092702,energy_equivariant
time.1,28,9,1.4901161193847656e-08,0.0002331947034690529,2026092702,energy_equivariant
time.2,28,9,2.2351741790771484e-08,0.00036368827568367124,2026092702,energy_equivariant
behavior.0,28,9,2.2351741790771484e-08,0.000311051873723045,2026092702,energy_equivariant
behavior.1,28,9,1.4901161193847656e-08,0.0001507101987954229,2026092702,energy_equivariant
behavior.2,28,9,1.1175870895385742e-08,0.00012550046085380018,2026092702,energy_equivariant
time.0,28,10,2.2351741790771484e-08,0.0007037565810605884,2026092702,energy_equivariant
time.1,28,10,1.4901161193847656e-08,0.00026107410667464137,2026092702,energy_equivariant
time.2,28,10,1.4901161193847656e-08,0.00042275534360669553,2026092702,energy_equivariant
behavior.0,28,10,2.2351741790771484e-08,0.00030167592922225595,2026092702,energy_equivariant
behavior.1,28,10,1.4901161193847656e-08,0.00014756701420992613,2026092702,energy_equivariant
behavior.2,28,10,7.450580596923828e-09,0.00011600709694903344,2026092702,energy_equivariant
time.0,28,11,1.4901161193847656e-08,0.0006239371723495424,2026092702,energy_equivariant
time.1,28,11,1.4901161193847656e-08,0.00023740484903100878,2026092702,energy_equivariant
time.2,28,11,2.9802322387695312e-08,0.0003898615832440555,2026092702,energy_equivariant
behavior.0,28,11,1.4901161193847656e-08,0.000306004862068221,2026092702,energy_equivariant
behavior.1,28,11,1.4901161193847656e-08,0.00014632703096140176,2026092702,energy_equivariant
behavior.2,28,11,1.4901161193847656e-08,0.00013237578968983144,2026092702,energy_equivariant
time.0,28,12,2.9802322387695312e-08,0.0006881991866976023,2026092702,energy_equivariant
time.1,28,12,2.2351741790771484e-08,0.000250077253440395,2026092702,energy_equivariant
time.2,28,12,2.9802322387695312e-08,0.00042246869998052716,2026092702,energy_equivariant
behavior.0,28,12,1.4901161193847656e-08,0.00025388941867277026,2026092702,energy_equivariant
behavior.1,28,12,1.1175870895385742e-08,0.00012156316370237619,2026092702,energy_equivariant
behavior.2,28,12,1.4901161193847656e-08,0.00010852663399418816,2026092702,energy_equivariant
time.0,28,13,2.2351741790771484e-08,0.0006004099850542843,2026092702,energy_equivariant
time.1,28,13,1.4901161193847656e-08,0.00024221038620453328,2026092702,energy_equivariant
time.2,28,13,2.9802322387695312e-08,0.0004160230455454439,2026092702,energy_equivariant
behavior.0,28,13,2.2351741790771484e-08,0.00031169073190540075,2026092702,energy_equivariant
behavior.1,28,13,2.2351741790771484e-08,0.00016672084166202694,2026092702,energy_equivariant
behavior.2,28,13,1.1175870895385742e-08,0.00012882646115031093,2026092702,energy_equivariant
time.0,28,14,2.2351741790771484e-08,0.000584377849008888,2026092702,energy_equivariant
time.1,28,14,1.4901161193847656e-08,0.00022158132924232632,2026092702,energy_equivariant
time.2,28,14,1.4901161193847656e-08,0.00033621344482526183,2026092702,energy_equivariant
behavior.0,28,14,1.4901161193847656e-08,0.0002841363602783531,2026092702,energy_equivariant
behavior.1,28,14,1.4901161193847656e-08,0.00015342162805609405,2026092702,energy_equivariant
behavior.2,28,14,7.450580596923828e-09,0.00012599403271451592,2026092702,energy_equivariant
time.0,28,15,2.2351741790771484e-08,0.0005922401323914528,2026092702,energy_equivariant
time.1,28,15,1.4901161193847656e-08,0.00022705495939590037,2026092702,energy_equivariant
time.2,28,15,1.4901161193847656e-08,0.0003521289909258485,2026092702,energy_equivariant
behavior.0,28,15,2.2351741790771484e-08,0.0003004582249559462,2026092702,energy_equivariant
behavior.1,28,15,1.1175870895385742e-08,0.00016442617925349623,2026092702,energy_equivariant
behavior.2,28,15,1.1175870895385742e-08,0.00013942031364422292,2026092702,energy_equivariant
time.0,28,16,1.4901161193847656e-08,0.000724172277841717,2026092702,energy_equivariant
time.1,28,16,1.4901161193847656e-08,0.0002684509090613574,2026092702,energy_equivariant
time.2,28,16,1.4901161193847656e-08,0.0005315790185704827,2026092702,energy_equivariant
behavior.0,28,16,2.2351741790771484e-08,0.00029230263317003846,2026092702,energy_equivariant
behavior.1,28,16,1.4901161193847656e-08,0.00015756145876366645,2026092702,energy_equivariant
behavior.2,28,16,1.4901161193847656e-08,0.0001183051717816852,2026092702,energy_equivariant
time.0,28,17,2.2351741790771484e-08,0.0006977466400712729,2026092702,energy_equivariant
time.1,28,17,1.4901161193847656e-08,0.0002667240332812071,2026092702,energy_equivariant
time.2,28,17,1.4901161193847656e-08,0.0004540372174233198,2026092702,energy_equivariant
behavior.0,28,17,2.2351741790771484e-08,0.00026475320919416845,2026092702,energy_equivariant
behavior.1,28,17,1.4901161193847656e-08,0.00014188078057486564,2026092702,energy_equivariant
behavior.2,28,17,7.450580596923828e-09,0.00010762044985312968,2026092702,energy_equivariant
time.0,28,18,1.4901161193847656e-08,0.0006390323396772146,2026092702,energy_equivariant
time.1,28,18,1.4901161193847656e-08,0.00025664237909950316,2026092702,energy_equivariant
time.2,28,18,1.4901161193847656e-08,0.00045584424515254796,2026092702,energy_equivariant
behavior.0,28,18,1.4901161193847656e-08,0.0002733664005063474,2026092702,energy_equivariant
behavior.1,28,18,2.2351741790771484e-08,0.00015486311167478561,2026092702,energy_equivariant
behavior.2,28,18,1.1175870895385742e-08,0.0001043250595103018,2026092702,energy_equivariant
time.0,28,19,1.4901161193847656e-08,0.0006468293722718954,2026092702,energy_equivariant
time.1,28,19,1.4901161193847656e-08,0.00025382154854014516,2026092702,energy_equivariant
time.2,28,19,1.4901161193847656e-08,0.00042472410132177174,2026092702,energy_equivariant
behavior.0,28,19,1.4901161193847656e-08,0.0002763458760455251,2026092702,energy_equivariant
behavior.1,28,19,1.4901161193847656e-08,0.0001506290427641943,2026092702,energy_equivariant
behavior.2,28,19,1.4901161193847656e-08,0.00012878977577202022,2026092702,energy_equivariant
time.0,28,20,2.9802322387695312e-08,0.0006207962869666517,2026092702,energy_equivariant
time.1,28,20,1.4901161193847656e-08,0.00024116243002936244,2026092702,energy_equivariant
time.2,28,20,1.4901161193847656e-08,0.00039014621870592237,2026092702,energy_equivariant
behavior.0,28,20,1.4901161193847656e-08,0.00026625581085681915,2026092702,energy_equivariant
behavior.1,28,20,1.4901161193847656e-08,0.00014798008487559855,2026092702,energy_equivariant
behavior.2,28,20,1.1175870895385742e-08,0.0001280158176086843,2026092702,energy_equivariant
time.0,28,21,1.4901161193847656e-08,0.0005727772368118167,2026092702,energy_equivariant
time.1,28,21,1.4901161193847656e-08,0.00023476174101233482,2026092702,energy_equivariant
time.2,28,21,1.4901161193847656e-08,0.0003816147509496659,2026092702,energy_equivariant
behavior.0,28,21,2.2351741790771484e-08,0.0002787300036288798,2026092702,energy_equivariant
behavior.1,28,21,1.4901161193847656e-08,0.00015919236466288567,2026092702,energy_equivariant
behavior.2,28,21,2.2351741790771484e-08,0.00013385136844590306,2026092702,energy_equivariant
time.0,28,22,2.9802322387695312e-08,0.0006798680406063795,2026092702,energy_equivariant
time.1,28,22,1.1175870895385742e-08,0.00026001836522482336,2026092702,energy_equivariant
time.2,28,22,1.4901161193847656e-08,0.0004546400741674006,2026092702,energy_equivariant
behavior.0,28,22,1.4901161193847656e-08,0.0002539301058277488,2026092702,energy_equivariant
behavior.1,28,22,1.4901161193847656e-08,0.00014589614875148982,2026092702,energy_equivariant
behavior.2,28,22,1.4901161193847656e-08,0.00011254487617406994,2026092702,energy_equivariant
time.0,28,23,2.2351741790771484e-08,0.0006843400769867003,2026092702,energy_equivariant
time.1,28,23,1.4901161193847656e-08,0.00025947685935534537,2026092702,energy_equivariant
time.2,28,23,2.9802322387695312e-08,0.0004632716008927673,2026092702,energy_equivariant
behavior.0,28,23,1.4901161193847656e-08,0.00026075562345795333,2026092702,energy_equivariant
behavior.1,28,23,1.4901161193847656e-08,0.00014468391600530595,2026092702,energy_equivariant
behavior.2,28,23,1.4901161193847656e-08,0.00011977586837019771,2026092702,energy_equivariant
time.0,28,24,2.2351741790771484e-08,0.0005985887255519629,2026092702,energy_equivariant
time.1,28,24,1.4901161193847656e-08,0.0002295256854267791,2026092702,energy_equivariant
time.2,28,24,2.2351741790771484e-08,0.0004220645932946354,2026092702,energy_equivariant
behavior.0,28,24,1.4901161193847656e-08,0.0002594600955490023,2026092702,energy_equivariant
behavior.1,28,24,7.450580596923828e-09,0.00015638390323147178,2026092702,energy_equivariant
behavior.2,28,24,1.4901161193847656e-08,0.00012279154907446355,2026092702,energy_equivariant
time.0,28,25,2.2351741790771484e-08,0.0007904086960479617,2026092702,energy_equivariant
time.1,28,25,1.4901161193847656e-08,0.0002993293455801904,2026092702,energy_equivariant
time.2,28,25,2.2351741790771484e-08,0.000593559059780091,2026092702,energy_equivariant
behavior.0,28,25,1.4901161193847656e-08,0.0002703470236156136,2026092702,energy_equivariant
behavior.1,28,25,1.4901161193847656e-08,0.00017007511632982641,2026092702,energy_equivariant
behavior.2,28,25,2.2351741790771484e-08,0.00015097767754923552,2026092702,energy_equivariant
time.0,28,26,2.9802322387695312e-08,0.0006835089297965169,2026092702,energy_equivariant
time.1,28,26,1.4901161193847656e-08,0.00025801314041018486,2026092702,energy_equivariant
time.2,28,26,1.4901161193847656e-08,0.0005225131171755493,2026092702,energy_equivariant
behavior.0,28,26,1.4901161193847656e-08,0.00026145411538891494,2026092702,energy_equivariant
behavior.1,28,26,1.4901161193847656e-08,0.00015290798910427839,2026092702,energy_equivariant
behavior.2,28,26,1.4901161193847656e-08,0.00011956767411902547,2026092702,energy_equivariant
time.0,28,27,2.9802322387695312e-08,0.0006856441032141447,2026092702,energy_equivariant
time.1,28,27,1.4901161193847656e-08,0.00025660620303824544,2026092702,energy_equivariant
time.2,28,27,2.2351741790771484e-08,0.0004994681803509593,2026092702,energy_equivariant
behavior.0,28,27,1.4901161193847656e-08,0.0002758311457000673,2026092702,energy_equivariant
behavior.1,28,27,2.2351741790771484e-08,0.00016891671111807227,2026092702,energy_equivariant
behavior.2,28,27,1.1175870895385742e-08,0.0001417817547917366,2026092702,energy_equivariant
time.0,28,28,2.2351741790771484e-08,0.0007047838298603892,2026092702,energy_equivariant
time.1,28,28,1.4901161193847656e-08,0.00026426638942211866,2026092702,energy_equivariant
time.2,28,28,1.4901161193847656e-08,0.0005553145310841501,2026092702,energy_equivariant
behavior.0,28,28,1.4901161193847656e-08,0.0002660862810444087,2026092702,energy_equivariant
behavior.1,28,28,1.4901161193847656e-08,0.00016570341540500522,2026092702,energy_equivariant
behavior.2,28,28,1.4901161193847656e-08,0.00013872337876819074,2026092702,energy_equivariant
time.0,28,29,2.2351741790771484e-08,0.0006150640547275543,2026092702,energy_equivariant
time.1,28,29,1.4901161193847656e-08,0.00021608307724818587,2026092702,energy_equivariant
time.2,28,29,1.4901161193847656e-08,0.00043605215614661574,2026092702,energy_equivariant
behavior.0,28,29,1.4901161193847656e-08,0.00026064179837703705,2026092702,energy_equivariant
behavior.1,28,29,1.4901161193847656e-08,0.0001634185464354232,2026092702,energy_equivariant
behavior.2,28,29,1.1175870895385742e-08,0.0001446296228095889,2026092702,energy_equivariant
time.0,28,30,2.2351741790771484e-08,0.0006640206556767225,2026092702,energy_equivariant
time.1,28,30,2.2351741790771484e-08,0.00024863245198503137,2026092702,energy_equivariant
time.2,28,30,2.9802322387695312e-08,0.0004494760651141405,2026092702,energy_equivariant
behavior.0,28,30,1.4901161193847656e-08,0.0002511306665837765,2026092702,energy_equivariant
behavior.1,28,30,1.4901161193847656e-08,0.00015516845451202244,2026092702,energy_equivariant
behavior.2,28,30,1.4901161193847656e-08,0.00012552147381938994,2026092702,energy_equivariant
time.0,28,31,1.4901161193847656e-08,0.0005743933725170791,2026092702,energy_equivariant
time.1,28,31,1.4901161193847656e-08,0.00021391161135397851,2026092702,energy_equivariant
time.2,28,31,2.9802322387695312e-08,0.0004178872623015195,2026092702,energy_equivariant
behavior.0,28,31,2.2351741790771484e-08,0.00028171215672045946,2026092702,energy_equivariant
behavior.1,28,31,2.2351741790771484e-08,0.0001629045873414725,2026092702,energy_equivariant
behavior.2,28,31,1.1175870895385742e-08,0.00015542430628556758,2026092702,energy_equivariant
time.0,28,32,2.2351741790771484e-08,0.0005413712351582944,2026092702,energy_equivariant
time.1,28,32,1.4901161193847656e-08,0.0002005838177865371,2026092702,energy_equivariant
time.2,28,32,1.4901161193847656e-08,0.00040596871986053884,2026092702,energy_equivariant
behavior.0,28,32,2.2351741790771484e-08,0.00026358000468462706,2026092702,energy_equivariant
behavior.1,28,32,1.4901161193847656e-08,0.0001484736130805686,2026092702,energy_equivariant
behavior.2,28,32,2.2351741790771484e-08,0.0001400563050992787,2026092702,energy_equivariant
time.0,28,33,2.2351741790771484e-08,0.0005859287339262664,2026092702,energy_equivariant
time.1,28,33,1.4901161193847656e-08,0.00021744167315773666,2026092702,energy_equivariant
time.2,28,33,1.4901161193847656e-08,0.00043757774983532727,2026092702,energy_equivariant
behavior.0,28,33,1.4901161193847656e-08,0.00025574956089258194,2026092702,energy_equivariant
behavior.1,28,33,1.1175870895385742e-08,0.00016036175657063723,2026092702,energy_equivariant
behavior.2,28,33,1.1175870895385742e-08,0.00014337731408886611,2026092702,energy_equivariant
time.0,28,34,1.4901161193847656e-08,0.0006337505183182657,2026092702,energy_equivariant
time.1,28,34,1.4901161193847656e-08,0.00022894966241437942,2026092702,energy_equivariant
time.2,28,34,1.4901161193847656e-08,0.0004695428360719234,2026092702,energy_equivariant
behavior.0,28,34,1.4901161193847656e-08,0.00025845234631560743,2026092702,energy_equivariant
behavior.1,28,34,1.4901161193847656e-08,0.00017858184583019465,2026092702,energy_equivariant
behavior.2,28,34,1.4901161193847656e-08,0.0001969299919437617,2026092702,energy_equivariant
time.0,28,35,2.2351741790771484e-08,0.0007098986534401774,2026092702,energy_equivariant
time.1,28,35,1.1175870895385742e-08,0.000266622198978439,2026092702,energy_equivariant
time.2,28,35,2.9802322387695312e-08,0.0005981881404295564,2026092702,energy_equivariant
behavior.0,28,35,1.4901161193847656e-08,0.00024332516477443278,2026092702,energy_equivariant
behavior.1,28,35,1.4901161193847656e-08,0.0001523917162558064,2026092702,energy_equivariant
behavior.2,28,35,1.4901161193847656e-08,0.00013674488582182676,2026092702,energy_equivariant
time.0,28,36,1.4901161193847656e-08,0.0006277175853028893,2026092702,energy_equivariant
time.1,28,36,1.4901161193847656e-08,0.00023283464543055743,2026092702,energy_equivariant
time.2,28,36,2.2351741790771484e-08,0.0005166097544133663,2026092702,energy_equivariant
behavior.0,28,36,1.4901161193847656e-08,0.0002598643768578768,2026092702,energy_equivariant
behavior.1,28,36,1.4901161193847656e-08,0.0001664009760133922,2026092702,energy_equivariant
behavior.2,28,36,1.4901161193847656e-08,0.00013756511907558888,2026092702,energy_equivariant
time.0,28,37,2.2351741790771484e-08,0.0006490846280939877,2026092702,energy_equivariant
time.1,28,37,1.4901161193847656e-08,0.00024096931156236678,2026092702,energy_equivariant
time.2,28,37,2.9802322387695312e-08,0.0005300815682858229,2026092702,energy_equivariant
behavior.0,28,37,2.2351741790771484e-08,0.0002465291472617537,2026092702,energy_equivariant
behavior.1,28,37,1.4901161193847656e-08,0.00014248921070247889,2026092702,energy_equivariant
behavior.2,28,37,1.1175870895385742e-08,0.00012101806350983679,2026092702,energy_equivariant
time.0,28,38,2.2351741790771484e-08,0.0006390942726284266,2026092702,energy_equivariant
time.1,28,38,1.4901161193847656e-08,0.00023089715978130698,2026092702,energy_equivariant
time.2,28,38,2.2351741790771484e-08,0.000557376304641366,2026092702,energy_equivariant
behavior.0,28,38,1.4901161193847656e-08,0.0002501043782103807,2026092702,energy_equivariant
behavior.1,28,38,1.1175870895385742e-08,0.0001564913400216028,2026092702,energy_equivariant
behavior.2,28,38,2.2351741790771484e-08,0.0001510037836851552,2026092702,energy_equivariant
time.0,28,39,2.9802322387695312e-08,0.0006455420516431332,2026092702,energy_equivariant
time.1,28,39,1.4901161193847656e-08,0.00024406697775702924,2026092702,energy_equivariant
time.2,28,39,2.9802322387695312e-08,0.0005897225346416235,2026092702,energy_equivariant
behavior.0,28,39,1.4901161193847656e-08,0.0002497728855814785,2026092702,energy_equivariant
behavior.1,28,39,1.4901161193847656e-08,0.0001573383779032156,2026092702,energy_equivariant
behavior.2,28,39,1.1175870895385742e-08,0.00013030988338869065,2026092702,energy_equivariant
time.0,28,40,2.2351741790771484e-08,0.0006539277965202928,2026092702,energy_equivariant
time.1,28,40,2.2351741790771484e-08,0.00024220540944952518,2026092702,energy_equivariant
time.2,28,40,2.9802322387695312e-08,0.0005464418209157884,2026092702,energy_equivariant
behavior.0,28,40,1.4901161193847656e-08,0.0002724208461586386,2026092702,energy_equivariant
behavior.1,28,40,1.4901161193847656e-08,0.00018059711146634072,2026092702,energy_equivariant
behavior.2,28,40,1.4901161193847656e-08,0.00014951925550121814,2026092702,energy_equivariant
time.0,28,41,2.2351741790771484e-08,0.0005883080302737653,2026092702,energy_equivariant
time.1,28,41,1.4901161193847656e-08,0.00020901694369968027,2026092702,energy_equivariant
time.2,28,41,2.9802322387695312e-08,0.0004550162120722234,2026092702,energy_equivariant
behavior.0,28,41,1.4901161193847656e-08,0.0002449324238114059,2026092702,energy_equivariant
behavior.1,28,41,1.4901161193847656e-08,0.00016429723473265767,2026092702,energy_equivariant
behavior.2,28,41,1.4901161193847656e-08,0.0001300964067922905,2026092702,energy_equivariant
time.0,28,42,2.2351741790771484e-08,0.0007007870590314269,2026092702,energy_equivariant
time.1,28,42,1.4901161193847656e-08,0.00025633646873757243,2026092702,energy_equivariant
time.2,28,42,2.9802322387695312e-08,0.0006485995254479349,2026092702,energy_equivariant
behavior.0,28,42,2.2351741790771484e-08,0.00025818424182944,2026092702,energy_equivariant
behavior.1,28,42,1.4901161193847656e-08,0.00016306604084093124,2026092702,energy_equivariant
behavior.2,28,42,1.4901161193847656e-08,0.00018132661352865398,2026092702,energy_equivariant
time.0,28,43,1.4901161193847656e-08,0.0006166421808302402,2026092702,energy_equivariant
time.1,28,43,1.4901161193847656e-08,0.0002145380130968988,2026092702,energy_equivariant
time.2,28,43,2.9802322387695312e-08,0.0005140735302120447,2026092702,energy_equivariant
behavior.0,28,43,2.2351741790771484e-08,0.00024968100478872657,2026092702,energy_equivariant
behavior.1,28,43,1.4901161193847656e-08,0.0001669944467721507,2026092702,energy_equivariant
behavior.2,28,43,1.1175870895385742e-08,0.00013243027206044644,2026092702,energy_equivariant
time.0,28,44,2.2351741790771484e-08,0.0005612615495920181,2026092702,energy_equivariant
time.1,28,44,1.1175870895385742e-08,0.0001869958796305582,2026092702,energy_equivariant
time.2,28,44,1.4901161193847656e-08,0.00037032965337857604,2026092702,energy_equivariant
behavior.0,28,44,1.4901161193847656e-08,0.0002581370063126087,2026092702,energy_equivariant
behavior.1,28,44,1.4901161193847656e-08,0.00017164828022941947,2026092702,energy_equivariant
behavior.2,28,44,1.1175870895385742e-08,0.00015471447841264307,2026092702,energy_equivariant
time.0,28,45,2.2351741790771484e-08,0.0005768740666098893,2026092702,energy_equivariant
time.1,28,45,1.1175870895385742e-08,0.00020286619837861508,2026092702,energy_equivariant
time.2,28,45,2.9802322387695312e-08,0.0004415224539116025,2026092702,energy_equivariant
behavior.0,28,45,1.4901161193847656e-08,0.00023202998272608966,2026092702,energy_equivariant
behavior.1,28,45,1.4901161193847656e-08,0.000160899362526834,2026092702,energy_equivariant
behavior.2,28,45,7.450580596923828e-09,0.00011871281458297744,2026092702,energy_equivariant
time.0,28,46,2.9802322387695312e-08,0.0006479987059719861,2026092702,energy_equivariant
time.1,28,46,1.4901161193847656e-08,0.00022530513524543494,2026092702,energy_equivariant
time.2,28,46,1.4901161193847656e-08,0.000515537045430392,2026092702,energy_equivariant
behavior.0,28,46,1.4901161193847656e-08,0.00026302129845134914,2026092702,energy_equivariant
behavior.1,28,46,1.4901161193847656e-08,0.0001633997162571177,2026092702,energy_equivariant
behavior.2,28,46,7.450580596923828e-09,0.00014786944666411728,2026092702,energy_equivariant
time.0,28,47,2.2351741790771484e-08,0.0006255204789340496,2026092702,energy_equivariant
time.1,28,47,1.4901161193847656e-08,0.000222286835196428,2026092702,energy_equivariant
time.2,28,47,1.4901161193847656e-08,0.0005056154332123697,2026092702,energy_equivariant
behavior.0,28,47,2.2351741790771484e-08,0.0002459105453453958,2026092702,energy_equivariant
behavior.1,28,47,1.4901161193847656e-08,0.00017434140318073332,2026092702,energy_equivariant
behavior.2,28,47,1.4901161193847656e-08,0.00013898599718231708,2026092702,energy_equivariant
time.0,28,48,2.2351741790771484e-08,0.0006669283611699939,2026092702,energy_equivariant
time.1,28,48,1.4901161193847656e-08,0.00022658299712929875,2026092702,energy_equivariant
time.2,28,48,2.9802322387695312e-08,0.0005271757836453617,2026092702,energy_equivariant
behavior.0,28,48,2.2351741790771484e-08,0.0002692781272344291,2026092702,energy_equivariant
behavior.1,28,48,1.4901161193847656e-08,0.00017319743346888572,2026092702,energy_equivariant
behavior.2,28,48,1.1175870895385742e-08,0.0001755307021085173,2026092702,energy_equivariant
time.0,28,49,2.9802322387695312e-08,0.0006954904529266059,2026092702,energy_equivariant
time.1,28,49,1.4901161193847656e-08,0.00024467415641993284,2026092702,energy_equivariant
time.2,28,49,2.2351741790771484e-08,0.0006067308131605387,2026092702,energy_equivariant
behavior.0,28,49,1.4901161193847656e-08,0.00025096474564634264,2026092702,energy_equivariant
behavior.1,28,49,1.4901161193847656e-08,0.00016448930546175689,2026092702,energy_equivariant
behavior.2,28,49,1.1175870895385742e-08,0.00015101293683983386,2026092702,energy_equivariant
time.0,28,50,1.4901161193847656e-08,0.0007515468751080334,2026092702,energy_equivariant
time.1,28,50,7.450580596923828e-09,0.00025913401623256505,2026092702,energy_equivariant
time.2,28,50,2.9802322387695312e-08,0.0006925558554939926,2026092702,energy_equivariant
behavior.0,28,50,1.4901161193847656e-08,0.0002439029631204903,2026092702,energy_equivariant
behavior.1,28,50,1.4901161193847656e-08,0.00014804776583332568,2026092702,energy_equivariant
behavior.2,28,50,1.4901161193847656e-08,0.0001535721094114706,2026092702,energy_equivariant
time.0,28,51,2.2351741790771484e-08,0.0006863230955787003,2026092702,energy_equivariant
time.1,28,51,1.4901161193847656e-08,0.00022922377684153616,2026092702,energy_equivariant
time.2,28,51,2.2351741790771484e-08,0.0006334696663543582,2026092702,energy_equivariant
behavior.0,28,51,2.2351741790771484e-08,0.00024288007989525795,2026092702,energy_equivariant
behavior.1,28,51,1.4901161193847656e-08,0.0001457574253436178,2026092702,energy_equivariant
behavior.2,28,51,2.9802322387695312e-08,0.000174803237314336,2026092702,energy_equivariant
time.0,28,52,2.2351741790771484e-08,0.0006281797541305423,2026092702,energy_equivariant
time.1,28,52,1.4901161193847656e-08,0.00021657871548086405,2026092702,energy_equivariant
time.2,28,52,2.9802322387695312e-08,0.0005727919051423669,2026092702,energy_equivariant
behavior.0,28,52,1.4901161193847656e-08,0.00025512996944598854,2026092702,energy_equivariant
behavior.1,28,52,1.4901161193847656e-08,0.00016887360834516585,2026092702,energy_equivariant
behavior.2,28,52,1.1175870895385742e-08,0.00015476233966182917,2026092702,energy_equivariant
time.0,28,53,2.2351741790771484e-08,0.0006962332990951836,2026092702,energy_equivariant
time.1,28,53,1.4901161193847656e-08,0.0002440818352624774,2026092702,energy_equivariant
time.2,28,53,2.9802322387695312e-08,0.000651053967885673,2026092702,energy_equivariant
behavior.0,28,53,2.9802322387695312e-08,0.00022280609118752182,2026092702,energy_equivariant
behavior.1,28,53,1.4901161193847656e-08,0.00013568902795668691,2026092702,energy_equivariant
behavior.2,28,53,1.1175870895385742e-08,0.00013910848065279424,2026092702,energy_equivariant
time.0,28,54,2.2351741790771484e-08,0.00060563551960513,2026092702,energy_equivariant
time.1,28,54,2.2351741790771484e-08,0.00022586213890463114,2026092702,energy_equivariant
time.2,28,54,2.2351741790771484e-08,0.0005524233565665781,2026092702,energy_equivariant
behavior.0,28,54,1.4901161193847656e-08,0.0002438104129396379,2026092702,energy_equivariant
behavior.1,28,54,1.4901161193847656e-08,0.00014645633928012103,2026092702,energy_equivariant
behavior.2,28,54,1.4901161193847656e-08,0.0001480143837397918,2026092702,energy_equivariant
time.0,28,55,1.4901161193847656e-08,0.0006564045906998217,2026092702,energy_equivariant
time.1,28,55,1.4901161193847656e-08,0.0002447703736834228,2026092702,energy_equivariant
time.2,28,55,2.9802322387695312e-08,0.0006104425410740077,2026092702,energy_equivariant
behavior.0,28,55,1.4901161193847656e-08,0.00023734261048957705,2026092702,energy_equivariant
behavior.1,28,55,1.4901161193847656e-08,0.00014680014282930642,2026092702,energy_equivariant
behavior.2,28,55,1.4901161193847656e-08,0.00014281223411671817,2026092702,energy_equivariant
time.0,28,56,1.4901161193847656e-08,0.0006668689311482012,2026092702,energy_equivariant
time.1,28,56,2.2351741790771484e-08,0.00022977718617767096,2026092702,energy_equivariant
time.2,28,56,2.2351741790771484e-08,0.0005769531708210707,2026092702,energy_equivariant
behavior.0,28,56,1.4901161193847656e-08,0.0002348179987166077,2026092702,energy_equivariant
behavior.1,28,56,1.4901161193847656e-08,0.0001479526108596474,2026092702,energy_equivariant
behavior.2,28,56,1.4901161193847656e-08,0.00014637676940765232,2026092702,energy_equivariant
time.0,28,57,2.2351741790771484e-08,0.0005641638417728245,2026092702,energy_equivariant
time.1,28,57,1.4901161193847656e-08,0.00019548661657609046,2026092702,energy_equivariant
time.2,28,57,1.4901161193847656e-08,0.0004712663358077407,2026092702,energy_equivariant
behavior.0,28,57,1.4901161193847656e-08,0.00023879471700638533,2026092702,energy_equivariant
behavior.1,28,57,1.4901161193847656e-08,0.0001562100660521537,2026092702,energy_equivariant
behavior.2,28,57,1.4901161193847656e-08,0.00014793514856137335,2026092702,energy_equivariant
time.0,28,58,2.2351741790771484e-08,0.0006075671408325434,2026092702,energy_equivariant
time.1,28,58,1.4901161193847656e-08,0.0002073129144264385,2026092702,energy_equivariant
time.2,28,58,2.2351741790771484e-08,0.0005327310645952821,2026092702,energy_equivariant
behavior.0,28,58,1.4901161193847656e-08,0.00023922542459331453,2026092702,energy_equivariant
behavior.1,28,58,1.4901161193847656e-08,0.00015008605259936303,2026092702,energy_equivariant
behavior.2,28,58,1.1175870895385742e-08,0.00016034537111409009,2026092702,energy_equivariant
time.0,28,59,1.4901161193847656e-08,0.0006272969185374677,2026092702,energy_equivariant
time.1,28,59,1.4901161193847656e-08,0.00021353198098950088,2026092702,energy_equivariant
time.2,28,59,2.9802322387695312e-08,0.0004979941295459867,2026092702,energy_equivariant
behavior.0,28,59,1.4901161193847656e-08,0.0002503145660739392,2026092702,energy_equivariant
behavior.1,28,59,1.4901161193847656e-08,0.00015713162429165095,2026092702,energy_equivariant
behavior.2,28,59,1.4901161193847656e-08,0.0001725687470752746,2026092702,energy_equivariant
time.0,28,60,1.4901161193847656e-08,0.0005584903992712498,2026092702,energy_equivariant
time.1,28,60,1.1175870895385742e-08,0.00019795128901023418,2026092702,energy_equivariant
time.2,28,60,1.4901161193847656e-08,0.00042453291825950146,2026092702,energy_equivariant
behavior.0,28,60,1.4901161193847656e-08,0.00022846068895887583,2026092702,energy_equivariant
behavior.1,28,60,1.4901161193847656e-08,0.00014575064415112138,2026092702,energy_equivariant
behavior.2,28,60,1.1175870895385742e-08,0.0001281321601709351,2026092702,energy_equivariant
time.0,28,61,2.2351741790771484e-08,0.0007389477104879916,2026092702,energy_equivariant
time.1,28,61,2.2351741790771484e-08,0.00024160325119737536,2026092702,energy_equivariant
time.2,28,61,2.9802322387695312e-08,0.0005819521029479802,2026092702,energy_equivariant
behavior.0,28,61,1.4901161193847656e-08,0.0002453424967825413,2026092702,energy_equivariant
behavior.1,28,61,1.4901161193847656e-08,0.0001552305620862171,2026092702,energy_equivariant
behavior.2,28,61,2.2351741790771484e-08,0.00018814104259945452,2026092702,energy_equivariant
time.0,28,62,2.2351741790771484e-08,0.0005869470769539475,2026092702,energy_equivariant
time.1,28,62,1.4901161193847656e-08,0.00018717409693636,2026092702,energy_equivariant
time.2,28,62,2.2351741790771484e-08,0.00044848877587355673,2026092702,energy_equivariant
behavior.0,28,62,1.4901161193847656e-08,0.0002508282195776701,2026092702,energy_equivariant
behavior.1,28,62,1.4901161193847656e-08,0.0001652102655498311,2026092702,energy_equivariant
behavior.2,28,62,1.4901161193847656e-08,0.00015788366727065295,2026092702,energy_equivariant
time.0,28,63,1.4901161193847656e-08,0.0005775829777121544,2026092702,energy_equivariant
time.1,28,63,1.4901161193847656e-08,0.0002029403840424493,2026092702,energy_equivariant
time.2,28,63,2.2351741790771484e-08,0.0005142934969626367,2026092702,energy_equivariant
behavior.0,28,63,1.4901161193847656e-08,0.0002519151312299073,2026092702,energy_equivariant
behavior.1,28,63,1.4901161193847656e-08,0.0001564939448144287,2026092702,energy_equivariant
behavior.2,28,63,1.1175870895385742e-08,0.00016490762936882675,2026092702,energy_equivariant
time.0,28,64,2.9802322387695312e-08,0.0006519819726236165,2026092702,energy_equivariant
time.1,28,64,1.4901161193847656e-08,0.0002299308544024825,2026092702,energy_equivariant
time.2,28,64,2.9802322387695312e-08,0.0005884210695512593,2026092702,energy_equivariant
behavior.0,28,64,2.2351741790771484e-08,0.00025235034991055727,2026092702,energy_equivariant
behavior.1,28,64,2.2351741790771484e-08,0.00017148646293208003,2026092702,energy_equivariant
behavior.2,28,64,1.1175870895385742e-08,0.00016220913676079363,2026092702,energy_equivariant
time.0,28,65,1.4901161193847656e-08,0.0006316081853583455,2026092702,energy_equivariant
time.1,28,65,1.4901161193847656e-08,0.00021681448561139405,2026092702,energy_equivariant
time.2,28,65,1.4901161193847656e-08,0.0005679877358488739,2026092702,energy_equivariant
behavior.0,28,65,1.4901161193847656e-08,0.00023405424144584686,2026092702,energy_equivariant
behavior.1,28,65,1.1175870895385742e-08,0.00015267488197423518,2026092702,energy_equivariant
behavior.2,28,65,1.4901161193847656e-08,0.00014507322339341044,2026092702,energy_equivariant
time.0,28,66,2.2351741790771484e-08,0.0006555194268003106,2026092702,energy_equivariant
time.1,28,66,1.4901161193847656e-08,0.00023019337095320225,2026092702,energy_equivariant
time.2,28,66,2.9802322387695312e-08,0.0005922424024902284,2026092702,energy_equivariant
behavior.0,28,66,1.4901161193847656e-08,0.0002570686338003725,2026092702,energy_equivariant
behavior.1,28,66,1.4901161193847656e-08,0.00016544575919397175,2026092702,energy_equivariant
behavior.2,28,66,1.4901161193847656e-08,0.0001634368090890348,2026092702,energy_equivariant
time.0,28,67,2.9802322387695312e-08,0.0005797040066681802,2026092702,energy_equivariant
time.1,28,67,1.4901161193847656e-08,0.00019874903955496848,2026092702,energy_equivariant
time.2,28,67,1.4901161193847656e-08,0.0004926676629111171,2026092702,energy_equivariant
behavior.0,28,67,1.4901161193847656e-08,0.000231343467021361,2026092702,energy_equivariant
behavior.1,28,67,1.4901161193847656e-08,0.00014610290236305445,2026092702,energy_equivariant
behavior.2,28,67,1.1175870895385742e-08,0.00014563706645276397,2026092702,energy_equivariant
time.0,28,68,1.4901161193847656e-08,0.000730698520783335,2026092702,energy_equivariant
time.1,28,68,1.4901161193847656e-08,0.000248355878284201,2026092702,energy_equivariant
time.2,28,68,2.2351741790771484e-08,0.0006277658976614475,2026092702,energy_equivariant
behavior.0,28,68,1.4901161193847656e-08,0.00026009202701970935,2026092702,energy_equivariant
behavior.1,28,68,1.4901161193847656e-08,0.00015996349975466728,2026092702,energy_equivariant
behavior.2,28,68,1.4901161193847656e-08,0.00019405251077841967,2026092702,energy_equivariant
time.0,28,69,2.2351741790771484e-08,0.0005153397796675563,2026092702,energy_equivariant
time.1,28,69,1.4901161193847656e-08,0.00017456927162129432,2026092702,energy_equivariant
time.2,28,69,1.4901161193847656e-08,0.0004171522450633347,2026092702,energy_equivariant
behavior.0,28,69,1.4901161193847656e-08,0.0002290478878421709,2026092702,energy_equivariant
behavior.1,28,69,1.4901161193847656e-08,0.00014384620590135455,2026092702,energy_equivariant
behavior.2,28,69,2.2351741790771484e-08,0.0001745389454299584,2026092702,energy_equivariant
time.0,28,70,2.2351741790771484e-08,0.0006280008819885552,2026092702,energy_equivariant
time.1,28,70,1.4901161193847656e-08,0.00021261746587697417,2026092702,energy_equivariant
time.2,28,70,1.4901161193847656e-08,0.0005306215025484562,2026092702,energy_equivariant
behavior.0,28,70,2.2351741790771484e-08,0.00023398346093017608,2026092702,energy_equivariant
behavior.1,28,70,1.4901161193847656e-08,0.0001513900060672313,2026092702,energy_equivariant
behavior.2,28,70,1.4901161193847656e-08,0.00015834213991183788,2026092702,energy_equivariant
time.0,28,71,2.2351741790771484e-08,0.0005793142481707036,2026092702,energy_equivariant
time.1,28,71,1.1175870895385742e-08,0.00019858861924149096,2026092702,energy_equivariant
time.2,28,71,1.4901161193847656e-08,0.0004361933679319918,2026092702,energy_equivariant
behavior.0,28,71,1.4901161193847656e-08,0.00025970954447984695,2026092702,energy_equivariant
behavior.1,28,71,1.4901161193847656e-08,0.0001819875615183264,2026092702,energy_equivariant
behavior.2,28,71,1.4901161193847656e-08,0.00019525285460986197,2026092702,energy_equivariant
time.0,28,72,2.2351741790771484e-08,0.0006637576734647155,2026092702,energy_equivariant
time.1,28,72,1.1175870895385742e-08,0.00023310228425543755,2026092702,energy_equivariant
time.2,28,72,2.9802322387695312e-08,0.0006219545612111688,2026092702,energy_equivariant
behavior.0,28,72,1.4901161193847656e-08,0.0002403206453891471,2026092702,energy_equivariant
behavior.1,28,72,1.4901161193847656e-08,0.00015914731193333864,2026092702,energy_equivariant
behavior.2,28,72,2.2351741790771484e-08,0.00014814814494457096,2026092702,energy_equivariant
time.0,28,73,2.2351741790771484e-08,0.0006870374782010913,2026092702,energy_equivariant
time.1,28,73,1.4901161193847656e-08,0.00023617222905158997,2026092702,energy_equivariant
time.2,28,73,2.2351741790771484e-08,0.0006875235121697187,2026092702,energy_equivariant
behavior.0,28,73,1.4901161193847656e-08,0.00024847916211001575,2026092702,energy_equivariant
behavior.1,28,73,1.4901161193847656e-08,0.00015890142822172493,2026092702,energy_equivariant
behavior.2,28,73,1.1175870895385742e-08,0.00013956162729300559,2026092702,energy_equivariant
time.0,28,74,2.2351741790771484e-08,0.0006546686054207385,2026092702,energy_equivariant
time.1,28,74,1.4901161193847656e-08,0.0002209093072451651,2026092702,energy_equivariant
time.2,28,74,1.4901161193847656e-08,0.0005937741370871663,2026092702,energy_equivariant
behavior.0,28,74,1.4901161193847656e-08,0.000260531174717471,2026092702,energy_equivariant
behavior.1,28,74,1.4901161193847656e-08,0.0001744332112139091,2026092702,energy_equivariant
behavior.2,28,74,1.4901161193847656e-08,0.00016549088468309492,2026092702,energy_equivariant
time.0,28,75,2.2351741790771484e-08,0.000593880657106638,2026092702,energy_equivariant
time.1,28,75,1.4901161193847656e-08,0.00019151126616634429,2026092702,energy_equivariant
time.2,28,75,1.4901161193847656e-08,0.0005032130284234881,2026092702,energy_equivariant
behavior.0,28,75,1.4901161193847656e-08,0.000269031006610021,2026092702,energy_equivariant
behavior.1,28,75,1.4901161193847656e-08,0.00017139309784397483,2026092702,energy_equivariant
behavior.2,28,75,1.4901161193847656e-08,0.0001862047502072528,2026092702,energy_equivariant
time.0,28,76,2.2351741790771484e-08,0.0006329363095574081,2026092702,energy_equivariant
time.1,28,76,1.4901161193847656e-08,0.00021134960115887225,2026092702,energy_equivariant
time.2,28,76,2.9802322387695312e-08,0.0005763701046817005,2026092702,energy_equivariant
behavior.0,28,76,1.4901161193847656e-08,0.0002604162727948278,2026092702,energy_equivariant
behavior.1,28,76,1.4901161193847656e-08,0.0001794946874724701,2026092702,energy_equivariant
behavior.2,28,76,1.4901161193847656e-08,0.00016860007599461824,2026092702,energy_equivariant
time.0,28,77,2.9802322387695312e-08,0.0006217233021743596,2026092702,energy_equivariant
time.1,28,77,1.1175870895385742e-08,0.00019000224710907787,2026092702,energy_equivariant
time.2,28,77,2.9802322387695312e-08,0.0004905939567834139,2026092702,energy_equivariant
behavior.0,28,77,1.4901161193847656e-08,0.00025307570467703044,2026092702,energy_equivariant
behavior.1,28,77,1.4901161193847656e-08,0.00016410640091635287,2026092702,energy_equivariant
behavior.2,28,77,1.4901161193847656e-08,0.00020070567552465945,2026092702,energy_equivariant
time.0,28,78,2.9802322387695312e-08,0.000732283282559365,2026092702,energy_equivariant
time.1,28,78,1.4901161193847656e-08,0.00022419511515181512,2026092702,energy_equivariant
time.2,28,78,4.470348358154297e-08,0.0006723804981447756,2026092702,energy_equivariant
behavior.0,28,78,1.4901161193847656e-08,0.00024384578864555806,2026092702,energy_equivariant
behavior.1,28,78,1.4901161193847656e-08,0.00014538106916006655,2026092702,energy_equivariant
behavior.2,28,78,1.4901161193847656e-08,0.00018950915546156466,2026092702,energy_equivariant
time.0,28,79,2.2351741790771484e-08,0.0006004557944834232,2026092702,energy_equivariant
time.1,28,79,2.2351741790771484e-08,0.00020210073853377253,2026092702,energy_equivariant
time.2,28,79,2.2351741790771484e-08,0.0004992454778403044,2026092702,energy_equivariant
behavior.0,28,79,1.4901161193847656e-08,0.00024092060630209744,2026092702,energy_equivariant
behavior.1,28,79,1.4901161193847656e-08,0.00016143725952133536,2026092702,energy_equivariant
behavior.2,28,79,1.4901161193847656e-08,0.00017624242173042148,2026092702,energy_equivariant
time.0,28,80,2.2351741790771484e-08,0.0006989176035858691,2026092702,energy_equivariant
time.1,28,80,1.4901161193847656e-08,0.00023944175336509943,2026092702,energy_equivariant
time.2,28,80,1.4901161193847656e-08,0.0006520604947581887,2026092702,energy_equivariant
behavior.0,28,80,2.2351741790771484e-08,0.0002449967141728848,2026092702,energy_equivariant
behavior.1,28,80,1.4901161193847656e-08,0.00017751724226400256,2026092702,energy_equivariant
behavior.2,28,80,1.4901161193847656e-08,0.000155727902892977,2026092702,energy_equivariant
time.0,28,81,4.470348358154297e-08,0.0006942116306163371,2026092702,energy_equivariant
time.1,28,81,1.4901161193847656e-08,0.0002279909822391346,2026092702,energy_equivariant
time.2,28,81,2.2351741790771484e-08,0.000642546743620187,2026092702,energy_equivariant
behavior.0,28,81,1.4901161193847656e-08,0.00023366420646198094,2026092702,energy_equivariant
behavior.1,28,81,1.4901161193847656e-08,0.0001579791569383815,2026092702,energy_equivariant
behavior.2,28,81,1.1175870895385742e-08,0.00015395860827993602,2026092702,energy_equivariant
time.0,28,82,1.4901161193847656e-08,0.0006871094228699803,2026092702,energy_equivariant
time.1,28,82,1.4901161193847656e-08,0.00022498844191432,2026092702,energy_equivariant
time.2,28,82,2.9802322387695312e-08,0.0005938176764175296,2026092702,energy_equivariant
behavior.0,28,82,1.4901161193847656e-08,0.00022031534172128886,2026092702,energy_equivariant
behavior.1,28,82,1.1175870895385742e-08,0.00013734037929680198,2026092702,energy_equivariant
behavior.2,28,82,1.4901161193847656e-08,0.00014798302436247468,2026092702,energy_equivariant
time.0,28,83,2.2351741790771484e-08,0.0006358449463732541,2026092702,energy_equivariant
time.1,28,83,1.4901161193847656e-08,0.00020796248281840235,2026092702,energy_equivariant
time.2,28,83,2.9802322387695312e-08,0.0005888272426091135,2026092702,energy_equivariant
behavior.0,28,83,1.4901161193847656e-08,0.0002465443394612521,2026092702,energy_equivariant
behavior.1,28,83,2.2351741790771484e-08,0.00016855458670761436,2026092702,energy_equivariant
behavior.2,28,83,1.4901161193847656e-08,0.00018107412324752659,2026092702,energy_equivariant
time.0,28,84,2.9802322387695312e-08,0.0006130540859885514,2026092702,energy_equivariant
time.1,28,84,1.4901161193847656e-08,0.0001972936006495729,2026092702,energy_equivariant
time.2,28,84,1.4901161193847656e-08,0.0005380408838391304,2026092702,energy_equivariant
behavior.0,28,84,1.4901161193847656e-08,0.0002466095902491361,2026092702,energy_equivariant
behavior.1,28,84,1.4901161193847656e-08,0.00016266139573417604,2026092702,energy_equivariant
behavior.2,28,84,1.4901161193847656e-08,0.00021002630819566548,2026092702,energy_equivariant
time.0,28,85,2.2351741790771484e-08,0.0007129113655537367,2026092702,energy_equivariant
time.1,28,85,1.4901161193847656e-08,0.00024208895047195256,2026092702,energy_equivariant
time.2,28,85,2.2351741790771484e-08,0.0007371660904027522,2026092702,energy_equivariant
behavior.0,28,85,1.862645149230957e-08,0.0002435576607240364,2026092702,energy_equivariant
behavior.1,28,85,1.4901161193847656e-08,0.00016188733570743352,2026092702,energy_equivariant
behavior.2,28,85,1.4901161193847656e-08,0.0001577746297698468,2026092702,energy_equivariant
time.0,28,86,2.9802322387695312e-08,0.0007714782259427011,2026092702,energy_equivariant
time.1,28,86,1.1175870895385742e-08,0.0002569350472185761,2026092702,energy_equivariant
time.2,28,86,1.4901161193847656e-08,0.0007197916856966913,2026092702,energy_equivariant
behavior.0,28,86,1.4901161193847656e-08,0.00022913030989002436,2026092702,energy_equivariant
behavior.1,28,86,1.1175870895385742e-08,0.00015358533710241318,2026092702,energy_equivariant
behavior.2,28,86,1.4901161193847656e-08,0.00015547389921266586,2026092702,energy_equivariant
time.0,28,87,2.9802322387695312e-08,0.0006861116271466017,2026092702,energy_equivariant
time.1,28,87,1.4901161193847656e-08,0.00023525272263213992,2026092702,energy_equivariant
time.2,28,87,2.9802322387695312e-08,0.0007111871964298189,2026092702,energy_equivariant
behavior.0,28,87,1.4901161193847656e-08,0.00022951289429329336,2026092702,energy_equivariant
behavior.1,28,87,1.4901161193847656e-08,0.00015076459385454655,2026092702,energy_equivariant
behavior.2,28,87,1.4901161193847656e-08,0.0001436857710359618,2026092702,energy_equivariant
time.0,28,88,2.2351741790771484e-08,0.0007492771255783737,2026092702,energy_equivariant
time.1,28,88,1.4901161193847656e-08,0.00023586566385347396,2026092702,energy_equivariant
time.2,28,88,2.2351741790771484e-08,0.0007654010551050305,2026092702,energy_equivariant
behavior.0,28,88,1.4901161193847656e-08,0.00024250801652669907,2026092702,energy_equivariant
behavior.1,28,88,1.1175870895385742e-08,0.00015440791321452707,2026092702,energy_equivariant
behavior.2,28,88,1.4901161193847656e-08,0.0001510812871856615,2026092702,energy_equivariant
time.0,28,89,4.470348358154297e-08,0.000643820792902261,2026092702,energy_equivariant
time.1,28,89,1.4901161193847656e-08,0.00021268038835842162,2026092702,energy_equivariant
time.2,28,89,2.2351741790771484e-08,0.0006443170714192092,2026092702,energy_equivariant
behavior.0,28,89,1.4901161193847656e-08,0.00026215866091661155,2026092702,energy_equivariant
behavior.1,28,89,1.4901161193847656e-08,0.00017343067156616598,2026092702,energy_equivariant
behavior.2,28,89,1.4901161193847656e-08,0.00021257036132737994,2026092702,energy_equivariant
time.0,28,90,2.2351741790771484e-08,0.0006454890826717019,2026092702,energy_equivariant
time.1,28,90,1.1175870895385742e-08,0.0002110583009198308,2026092702,energy_equivariant
time.2,28,90,2.9802322387695312e-08,0.0006814976804889739,2026092702,energy_equivariant
behavior.0,28,90,1.4901161193847656e-08,0.0002526943280827254,2026092702,energy_equivariant
behavior.1,28,90,1.4901161193847656e-08,0.00016834454436320812,2026092702,energy_equivariant
behavior.2,28,90,2.2351741790771484e-08,0.00018650815763976425,2026092702,energy_equivariant
time.0,28,91,1.4901161193847656e-08,0.0005812227609567344,2026092702,energy_equivariant
time.1,28,91,1.4901161193847656e-08,0.00018683532834984362,2026092702,energy_equivariant
time.2,28,91,2.2351741790771484e-08,0.00047727511264383793,2026092702,energy_equivariant
behavior.0,28,91,1.4901161193847656e-08,0.0002446475555188954,2026092702,energy_equivariant
behavior.1,28,91,1.4901161193847656e-08,0.00016447021334897727,2026092702,energy_equivariant
behavior.2,28,91,1.4901161193847656e-08,0.00018442053988110274,2026092702,energy_equivariant
time.0,28,92,2.2351741790771484e-08,0.0006511326064355671,2026092702,energy_equivariant
time.1,28,92,2.2351741790771484e-08,0.0002241091278847307,2026092702,energy_equivariant
time.2,28,92,2.2351741790771484e-08,0.0006217192858457565,2026092702,energy_equivariant
behavior.0,28,92,1.4901161193847656e-08,0.0002468164311721921,2026092702,energy_equivariant
behavior.1,28,92,1.4901161193847656e-08,0.00015964216436259449,2026092702,energy_equivariant
behavior.2,28,92,1.4901161193847656e-08,0.00021864405425731093,2026092702,energy_equivariant
time.0,28,93,2.2351741790771484e-08,0.0005620967713184655,2026092702,energy_equivariant
time.1,28,93,1.4901161193847656e-08,0.00018799999088514596,2026092702,energy_equivariant
time.2,28,93,1.4901161193847656e-08,0.0004937071353197098,2026092702,energy_equivariant
behavior.0,28,93,1.4901161193847656e-08,0.000264656642684713,2026092702,energy_equivariant
behavior.1,28,93,1.4901161193847656e-08,0.0001730099756969139,2026092702,energy_equivariant
behavior.2,28,93,1.4901161193847656e-08,0.0002046068402705714,2026092702,energy_equivariant
time.0,28,94,2.2351741790771484e-08,0.0006044720066711307,2026092702,energy_equivariant
time.1,28,94,1.4901161193847656e-08,0.00020512627088464797,2026092702,energy_equivariant
time.2,28,94,2.9802322387695312e-08,0.0005479684332385659,2026092702,energy_equivariant
behavior.0,28,94,1.4901161193847656e-08,0.00022658132365904748,2026092702,energy_equivariant
behavior.1,28,94,2.2351741790771484e-08,0.00015863051521591842,2026092702,energy_equivariant
behavior.2,28,94,1.4901161193847656e-08,0.00015034497482702136,2026092702,energy_equivariant
time.0,28,95,2.2351741790771484e-08,0.0006177000468596816,2026092702,energy_equivariant
time.1,28,95,1.1175870895385742e-08,0.00019830740347970277,2026092702,energy_equivariant
time.2,28,95,2.9802322387695312e-08,0.0005590105429291725,2026092702,energy_equivariant
behavior.0,28,95,1.4901161193847656e-08,0.00024402298731729388,2026092702,energy_equivariant
behavior.1,28,95,1.4901161193847656e-08,0.00015332980547100306,2026092702,energy_equivariant
behavior.2,28,95,1.4901161193847656e-08,0.0001820874458644539,2026092702,energy_equivariant
time.0,28,96,2.2351741790771484e-08,0.0006324725691229105,2026092702,energy_equivariant
time.1,28,96,1.4901161193847656e-08,0.00019972566224168986,2026092702,energy_equivariant
time.2,28,96,2.9802322387695312e-08,0.0005293608410283923,2026092702,energy_equivariant
behavior.0,28,96,1.4901161193847656e-08,0.0002489272446837276,2026092702,energy_equivariant
behavior.1,28,96,1.4901161193847656e-08,0.00016622015391476452,2026092702,energy_equivariant
behavior.2,28,96,1.4901161193847656e-08,0.00018850721244234592,2026092702,energy_equivariant
time.0,28,97,2.2351741790771484e-08,0.0007254524389281869,2026092702,energy_equivariant
time.1,28,97,1.4901161193847656e-08,0.0002362351369811222,2026092702,energy_equivariant
time.2,28,97,2.9802322387695312e-08,0.0006372247589752078,2026092702,energy_equivariant
behavior.0,28,97,1.4901161193847656e-08,0.00023535446962341666,2026092702,energy_equivariant
behavior.1,28,97,1.4901161193847656e-08,0.00014937850937712938,2026092702,energy_equivariant
behavior.2,28,97,1.4901161193847656e-08,0.0001765797787811607,2026092702,energy_equivariant
time.0,28,98,2.9802322387695312e-08,0.0006289816810749471,2026092702,energy_equivariant
time.1,28,98,1.4901161193847656e-08,0.0002140779688488692,2026092702,energy_equivariant
time.2,28,98,2.9802322387695312e-08,0.0005775149911642075,2026092702,energy_equivariant
behavior.0,28,98,1.4901161193847656e-08,0.000240924273384735,2026092702,energy_equivariant
behavior.1,28,98,1.4901161193847656e-08,0.00015405511658173054,2026092702,energy_equivariant
behavior.2,28,98,1.1175870895385742e-08,0.00014953615027479827,2026092702,energy_equivariant
time.0,28,99,1.4901161193847656e-08,0.0005880664102733135,2026092702,energy_equivariant
time.1,28,99,1.4901161193847656e-08,0.00019702216377481818,2026092702,energy_equivariant
time.2,28,99,2.9802322387695312e-08,0.0005445944843813777,2026092702,energy_equivariant
behavior.0,28,99,2.2351741790771484e-08,0.00024007777392398566,2026092702,energy_equivariant
behavior.1,28,99,1.4901161193847656e-08,0.00015671113214921206,2026092702,energy_equivariant
behavior.2,28,99,1.4901161193847656e-08,0.00016899238107725978,2026092702,energy_equivariant
time.0,28,100,2.9802322387695312e-08,0.000729481631424278,2026092702,energy_equivariant
time.1,28,100,1.4901161193847656e-08,0.00023862220405135304,2026092702,energy_equivariant
time.2,28,100,2.9802322387695312e-08,0.0006816044333390892,2026092702,energy_equivariant
behavior.0,28,100,1.4901161193847656e-08,0.00023115779913496226,2026092702,energy_equivariant
behavior.1,28,100,1.4901161193847656e-08,0.00015145400539040565,2026092702,energy_equivariant
behavior.2,28,100,1.4901161193847656e-08,0.00017524698341730982,2026092702,energy_equivariant
time.0,28,101,1.4901161193847656e-08,0.000654535717330873,2026092702,energy_equivariant
time.1,28,101,1.4901161193847656e-08,0.00021425036538857967,2026092702,energy_equivariant
time.2,28,101,2.9802322387695312e-08,0.0006126735243014991,2026092702,energy_equivariant
behavior.0,28,101,1.4901161193847656e-08,0.0002093177754431963,2026092702,energy_equivariant
behavior.1,28,101,2.2351741790771484e-08,0.00014776774332858622,2026092702,energy_equivariant
behavior.2,28,101,1.4901161193847656e-08,0.00013300990394782275,2026092702,energy_equivariant
time.0,28,102,2.2351741790771484e-08,0.0005863913102075458,2026092702,energy_equivariant
time.1,28,102,1.1175870895385742e-08,0.00019596549100242555,2026092702,energy_equivariant
time.2,28,102,2.9802322387695312e-08,0.0005218425067141652,2026092702,energy_equivariant
behavior.0,28,102,1.4901161193847656e-08,0.00023759833129588515,2026092702,energy_equivariant
behavior.1,28,102,1.4901161193847656e-08,0.00016563870303798467,2026092702,energy_equivariant
behavior.2,28,102,1.4901161193847656e-08,0.00016194219642784446,2026092702,energy_equivariant
time.0,28,103,4.470348358154297e-08,0.0007038632174953818,2026092702,energy_equivariant
time.1,28,103,1.4901161193847656e-08,0.0002266649971716106,2026092702,energy_equivariant
time.2,28,103,2.9802322387695312e-08,0.0006216467591002584,2026092702,energy_equivariant
behavior.0,28,103,1.4901161193847656e-08,0.00022191667812876403,2026092702,energy_equivariant
behavior.1,28,103,1.4901161193847656e-08,0.00014888070290908217,2026092702,energy_equivariant
behavior.2,28,103,2.2351741790771484e-08,0.00013648258754983544,2026092702,energy_equivariant
time.0,28,104,1.4901161193847656e-08,0.0006478002178482711,2026092702,energy_equivariant
time.1,28,104,1.4901161193847656e-08,0.00021446705795824528,2026092702,energy_equivariant
time.2,28,104,2.9802322387695312e-08,0.0006359477411024272,2026092702,energy_equivariant
behavior.0,28,104,1.4901161193847656e-08,0.00024219347687903792,2026092702,energy_equivariant
behavior.1,28,104,1.4901161193847656e-08,0.00015891397197265178,2026092702,energy_equivariant
behavior.2,28,104,1.4901161193847656e-08,0.00016150179726537317,2026092702,energy_equivariant
time.0,28,105,2.2351741790771484e-08,0.0005362384836189449,2026092702,energy_equivariant
time.1,28,105,1.4901161193847656e-08,0.00017446429410483688,2026092702,energy_equivariant
time.2,28,105,2.2351741790771484e-08,0.000464871758595109,2026092702,energy_equivariant
behavior.0,28,105,2.2351741790771484e-08,0.00021371048933360726,2026092702,energy_equivariant
behavior.1,28,105,1.4901161193847656e-08,0.00014706635556649417,2026092702,energy_equivariant
behavior.2,28,105,2.2351741790771484e-08,0.00017850367294158787,2026092702,energy_equivariant
time.0,28,106,2.2351741790771484e-08,0.0006280241650529206,2026092702,energy_equivariant
time.1,28,106,1.4901161193847656e-08,0.00020403975213412195,2026092702,energy_equivariant
time.2,28,106,2.9802322387695312e-08,0.0005680526373907924,2026092702,energy_equivariant
behavior.0,28,106,1.4901161193847656e-08,0.00024353248591069132,2026092702,energy_equivariant
behavior.1,28,106,1.4901161193847656e-08,0.00015392880595754832,2026092702,energy_equivariant
behavior.2,28,106,1.4901161193847656e-08,0.0001714838290354237,2026092702,energy_equivariant
time.0,28,107,2.2351741790771484e-08,0.0006936612189747393,2026092702,energy_equivariant
time.1,28,107,1.4901161193847656e-08,0.00022654247004538774,2026092702,energy_equivariant
time.2,28,107,2.2351741790771484e-08,0.0006591170676983893,2026092702,energy_equivariant
behavior.0,28,107,1.4901161193847656e-08,0.0002474093053024262,2026092702,energy_equivariant
behavior.1,28,107,1.4901161193847656e-08,0.00015452429943252355,2026092702,energy_equivariant
behavior.2,28,107,1.1175870895385742e-08,0.00016921573842409998,2026092702,energy_equivariant
time.0,28,108,2.2351741790771484e-08,0.0005793433520011604,2026092702,energy_equivariant
time.1,28,108,1.1175870895385742e-08,0.00018713281315285712,2026092702,energy_equivariant
time.2,28,108,2.9802322387695312e-08,0.0004957116325385869,2026092702,energy_equivariant
behavior.0,28,108,1.4901161193847656e-08,0.00021835247753188014,2026092702,energy_equivariant
behavior.1,28,108,1.4901161193847656e-08,0.00014094433572608978,2026092702,energy_equivariant
behavior.2,28,108,1.4901161193847656e-08,0.0001676715473877266,2026092702,energy_equivariant
time.0,28,109,1.4901161193847656e-08,0.0006105360807850957,2026092702,energy_equivariant
time.1,28,109,1.4901161193847656e-08,0.00019059464102610946,2026092702,energy_equivariant
time.2,28,109,2.9802322387695312e-08,0.0005371829029172659,2026092702,energy_equivariant
behavior.0,28,109,2.2351741790771484e-08,0.0002532887738198042,2026092702,energy_equivariant
behavior.1,28,109,1.4901161193847656e-08,0.00016034714644774795,2026092702,energy_equivariant
behavior.2,28,109,1.4901161193847656e-08,0.00014834113244432956,2026092702,energy_equivariant
time.0,28,110,2.2351741790771484e-08,0.0007256796816363931,2026092702,energy_equivariant
time.1,28,110,1.4901161193847656e-08,0.00024209757975768298,2026092702,energy_equivariant
time.2,28,110,2.9802322387695312e-08,0.0006977309822104871,2026092702,energy_equivariant
behavior.0,28,110,1.4901161193847656e-08,0.00023506316938437521,2026092702,energy_equivariant
behavior.1,28,110,1.4901161193847656e-08,0.00015402375720441341,2026092702,energy_equivariant
behavior.2,28,110,2.9802322387695312e-08,0.00020321337797213346,2026092702,energy_equivariant
time.0,28,111,1.4901161193847656e-08,0.0006090471870265901,2026092702,energy_equivariant
time.1,28,111,1.1175870895385742e-08,0.00020333869906608015,2026092702,energy_equivariant
time.2,28,111,2.9802322387695312e-08,0.0005362741067074239,2026092702,energy_equivariant
behavior.0,28,111,1.4901161193847656e-08,0.00023942010011523962,2026092702,energy_equivariant
behavior.1,28,111,1.4901161193847656e-08,0.00016739970305934548,2026092702,energy_equivariant
behavior.2,28,111,1.4901161193847656e-08,0.00021997040312271565,2026092702,energy_equivariant
time.0,28,112,2.2351741790771484e-08,0.0005540839047171175,2026092702,energy_equivariant
time.1,28,112,1.4901161193847656e-08,0.00018347326840739697,2026092702,energy_equivariant
time.2,28,112,1.4901161193847656e-08,0.0004504536045715213,2026092702,energy_equivariant
behavior.0,28,112,1.4901161193847656e-08,0.0002536080137360841,2026092702,energy_equivariant
behavior.1,28,112,1.4901161193847656e-08,0.00017043926345650107,2026092702,energy_equivariant
behavior.2,28,112,1.4901161193847656e-08,0.00018032161460723728,2026092702,energy_equivariant
time.0,28,113,1.4901161193847656e-08,0.0006654705503024161,2026092702,energy_equivariant
time.1,28,113,1.4901161193847656e-08,0.00022322809672914445,2026092702,energy_equivariant
time.2,28,113,4.470348358154297e-08,0.0006507330690510571,2026092702,energy_equivariant
behavior.0,28,113,1.4901161193847656e-08,0.0002531513455323875,2026092702,energy_equivariant
behavior.1,28,113,1.4901161193847656e-08,0.0001707573828753084,2026092702,energy_equivariant
behavior.2,28,113,1.4901161193847656e-08,0.00016965129179880023,2026092702,energy_equivariant
time.0,28,114,2.9802322387695312e-08,0.0006778599927201867,2026092702,energy_equivariant
time.1,28,114,1.4901161193847656e-08,0.0002229927631560713,2026092702,energy_equivariant
time.2,28,114,1.4901161193847656e-08,0.0006083909538574517,2026092702,energy_equivariant
behavior.0,28,114,2.2351741790771484e-08,0.0002147702471120283,2026092702,energy_equivariant
behavior.1,28,114,7.450580596923828e-09,0.00015357646043412387,2026092702,energy_equivariant
behavior.2,28,114,1.1175870895385742e-08,0.0001399375032633543,2026092702,energy_equivariant
time.0,28,115,2.2351741790771484e-08,0.0006337511586025357,2026092702,energy_equivariant
time.1,28,115,1.4901161193847656e-08,0.00020682845206465572,2026092702,energy_equivariant
time.2,28,115,2.2351741790771484e-08,0.000641179271042347,2026092702,energy_equivariant
behavior.0,28,115,1.4901161193847656e-08,0.00023924963898025453,2026092702,energy_equivariant
behavior.1,28,115,1.4901161193847656e-08,0.00016010343097150326,2026092702,energy_equivariant
behavior.2,28,115,1.4901161193847656e-08,0.00019335738033987582,2026092702,energy_equivariant
time.0,28,116,2.2351741790771484e-08,0.0005984322051517665,2026092702,energy_equivariant
time.1,28,116,1.4901161193847656e-08,0.00019445391080807894,2026092702,energy_equivariant
time.2,28,116,2.9802322387695312e-08,0.000612482544966042,2026092702,energy_equivariant
behavior.0,28,116,1.4901161193847656e-08,0.00023792989668436348,2026092702,energy_equivariant
behavior.1,28,116,1.4901161193847656e-08,0.00016058768960647285,2026092702,energy_equivariant
behavior.2,28,116,1.4901161193847656e-08,0.00015280209481716156,2026092702,energy_equivariant
time.0,28,117,2.9802322387695312e-08,0.000642464030534029,2026092702,energy_equivariant
time.1,28,117,1.4901161193847656e-08,0.00020583003060892224,2026092702,energy_equivariant
time.2,28,117,2.9802322387695312e-08,0.0006569267716258764,2026092702,energy_equivariant
behavior.0,28,117,2.2351741790771484e-08,0.00024673063308000565,2026092702,energy_equivariant
behavior.1,28,117,1.4901161193847656e-08,0.00016183772822842002,2026092702,energy_equivariant
behavior.2,28,117,1.1175870895385742e-08,0.00017328753892797977,2026092702,energy_equivariant
time.0,28,118,1.4901161193847656e-08,0.000616875127889216,2026092702,energy_equivariant
time.1,28,118,1.4901161193847656e-08,0.00020188682537991554,2026092702,energy_equivariant
time.2,28,118,1.4901161193847656e-08,0.0005931881605647504,2026092702,energy_equivariant
behavior.0,28,118,1.4901161193847656e-08,0.00022600623196922243,2026092702,energy_equivariant
behavior.1,28,118,1.4901161193847656e-08,0.00015266129048541188,2026092702,energy_equivariant
behavior.2,28,118,1.1175870895385742e-08,0.00015852377691771835,2026092702,energy_equivariant
time.0,28,119,1.4901161193847656e-08,0.0006034927209839225,2026092702,energy_equivariant
time.1,28,119,1.4901161193847656e-08,0.0001985518611036241,2026092702,energy_equivariant
time.2,28,119,2.9802322387695312e-08,0.000588341907132417,2026092702,energy_equivariant
behavior.0,28,119,1.4901161193847656e-08,0.0002227852528449148,2026092702,energy_equivariant
behavior.1,28,119,1.4901161193847656e-08,0.00014274747809395194,2026092702,energy_equivariant
behavior.2,28,119,1.4901161193847656e-08,0.00017448520520702004,2026092702,energy_equivariant
time.0,28,120,2.9802322387695312e-08,0.000592106836847961,2026092702,energy_equivariant
time.1,28,120,1.4901161193847656e-08,0.00019973474263679236,2026092702,energy_equivariant
time.2,28,120,2.9802322387695312e-08,0.0005854262271896005,2026092702,energy_equivariant
behavior.0,28,120,2.2351741790771484e-08,0.0002580867731012404,2026092702,energy_equivariant
behavior.1,28,120,1.4901161193847656e-08,0.00017375200695823878,2026092702,energy_equivariant
behavior.2,28,120,1.1175870895385742e-08,0.00018941327289212495,2026092702,energy_equivariant
time.0,28,121,2.2351741790771484e-08,0.0006480725714936852,2026092702,energy_equivariant
time.1,28,121,1.4901161193847656e-08,0.00020779600890818983,2026092702,energy_equivariant
time.2,28,121,2.9802322387695312e-08,0.0006069288938306272,2026092702,energy_equivariant
behavior.0,28,121,1.4901161193847656e-08,0.00024449339252896607,2026092702,energy_equivariant
behavior.1,28,121,1.1175870895385742e-08,0.00015984143828973174,2026092702,energy_equivariant
behavior.2,28,121,1.4901161193847656e-08,0.00016501960635650903,2026092702,energy_equivariant
time.0,28,122,1.4901161193847656e-08,0.0005836535710841417,2026092702,energy_equivariant
time.1,28,122,1.1175870895385742e-08,0.00019239095854572952,2026092702,energy_equivariant
time.2,28,122,2.9802322387695312e-08,0.0005404282128438354,2026092702,energy_equivariant
behavior.0,28,122,1.4901161193847656e-08,0.00024612058768980205,2026092702,energy_equivariant
behavior.1,28,122,1.4901161193847656e-08,0.000163409931701608,2026092702,energy_equivariant
behavior.2,28,122,2.2351741790771484e-08,0.0001907962723635137,2026092702,energy_equivariant
time.0,28,123,2.2351741790771484e-08,0.0006398604018613696,2026092702,energy_equivariant
time.1,28,123,1.4901161193847656e-08,0.000210271988180466,2026092702,energy_equivariant
time.2,28,123,2.9802322387695312e-08,0.0006085422355681658,2026092702,energy_equivariant
behavior.0,28,123,1.4901161193847656e-08,0.00024962861789390445,2026092702,energy_equivariant
behavior.1,28,123,1.4901161193847656e-08,0.00015988828090485185,2026092702,energy_equivariant
behavior.2,28,123,1.4901161193847656e-08,0.00018766870198305696,2026092702,energy_equivariant
time.0,28,124,1.4901161193847656e-08,0.0006619802443310618,2026092702,energy_equivariant
time.1,28,124,1.4901161193847656e-08,0.00021658348850905895,2026092702,energy_equivariant
time.2,28,124,2.2351741790771484e-08,0.0006101707695052028,2026092702,energy_equivariant
behavior.0,28,124,2.2351741790771484e-08,0.00024058531562332064,2026092702,energy_equivariant
behavior.1,28,124,1.4901161193847656e-08,0.00015785636787768453,2026092702,energy_equivariant
behavior.2,28,124,1.1175870895385742e-08,0.00018449948402121663,2026092702,energy_equivariant
time.0,28,125,2.2351741790771484e-08,0.0005681956536136568,2026092702,energy_equivariant
time.1,28,125,1.4901161193847656e-08,0.0001943404640769586,2026092702,energy_equivariant
time.2,28,125,2.9802322387695312e-08,0.000499242334626615,2026092702,energy_equivariant
behavior.0,28,125,2.2351741790771484e-08,0.0002408555883448571,2026092702,energy_equivariant
behavior.1,28,125,1.4901161193847656e-08,0.00015744075062684715,2026092702,energy_equivariant
behavior.2,28,125,1.4901161193847656e-08,0.00017549029143992811,2026092702,energy_equivariant
time.0,28,126,2.9802322387695312e-08,0.0005507676396518946,2026092702,energy_equivariant
time.1,28,126,1.1175870895385742e-08,0.0001837940508266911,2026092702,energy_equivariant
time.2,28,126,2.2351741790771484e-08,0.00046167525579221547,2026092702,energy_equivariant
behavior.0,28,126,1.4901161193847656e-08,0.0002510446938686073,2026092702,energy_equivariant
behavior.1,28,126,1.4901161193847656e-08,0.0001694614184089005,2026092702,energy_equivariant
behavior.2,28,126,1.4901161193847656e-08,0.00023838532797526568,2026092702,energy_equivariant
time.0,28,127,2.2351741790771484e-08,0.0005642740288749337,2026092702,energy_equivariant
time.1,28,127,1.1175870895385742e-08,0.00018558937881607562,2026092702,energy_equivariant
time.2,28,127,1.4901161193847656e-08,0.0004991285386495292,2026092702,energy_equivariant
behavior.0,28,127,1.4901161193847656e-08,0.00022440603061113507,2026092702,energy_equivariant
behavior.1,28,127,1.4901161193847656e-08,0.00015277756028808653,2026092702,energy_equivariant
behavior.2,28,127,1.4901161193847656e-08,0.00016740121645852923,2026092702,energy_equivariant
time.0,28,128,1.4901161193847656e-08,0.0007428664248436689,2026092702,energy_equivariant
time.1,28,128,1.4901161193847656e-08,0.00025378086138516665,2026092702,energy_equivariant
time.2,28,128,4.470348358154297e-08,0.0007688071927987039,2026092702,energy_equivariant
behavior.0,28,128,1.4901161193847656e-08,0.0002281456399941817,2026092702,energy_equivariant
behavior.1,28,128,1.4901161193847656e-08,0.0001613220665603876,2026092702,energy_equivariant
behavior.2,28,128,1.4901161193847656e-08,0.00018229066336061805,2026092702,energy_equivariant
time.0,28,129,2.9802322387695312e-08,0.0006123079219833016,2026092702,energy_equivariant
time.1,28,129,1.1175870895385742e-08,0.00021018499683123082,2026092702,energy_equivariant
time.2,28,129,2.9802322387695312e-08,0.0006021933513693511,2026092702,energy_equivariant
behavior.0,28,129,1.4901161193847656e-08,0.00024811236653476954,2026092702,energy_equivariant
behavior.1,28,129,2.2351741790771484e-08,0.0001711561781121418,2026092702,energy_equivariant
behavior.2,28,129,1.1175870895385742e-08,0.00018322399409953505,2026092702,energy_equivariant
time.0,28,130,2.2351741790771484e-08,0.0005835116608068347,2026092702,energy_equivariant
time.1,28,130,1.4901161193847656e-08,0.0001976514613488689,2026092702,energy_equivariant
time.2,28,130,2.9802322387695312e-08,0.0005549928173422813,2026092702,energy_equivariant
behavior.0,28,130,1.862645149230957e-08,0.0002393460599705577,2026092702,energy_equivariant
behavior.1,28,130,1.4901161193847656e-08,0.00016914687876123935,2026092702,energy_equivariant
behavior.2,28,130,1.4901161193847656e-08,0.00018375617219135165,2026092702,energy_equivariant
time.0,28,131,2.9802322387695312e-08,0.0005742250941693783,2026092702,energy_equivariant
time.1,28,131,1.1175870895385742e-08,0.0001868871331680566,2026092702,energy_equivariant
time.2,28,131,2.9802322387695312e-08,0.0004839414032176137,2026092702,energy_equivariant
behavior.0,28,131,2.2351741790771484e-08,0.00022324101882986724,2026092702,energy_equivariant
behavior.1,28,131,1.4901161193847656e-08,0.0001424583315383643,2026092702,energy_equivariant
behavior.2,28,131,1.4901161193847656e-08,0.0001437195751350373,2026092702,energy_equivariant
time.0,28,132,2.9802322387695312e-08,0.0006120739853940904,2026092702,energy_equivariant
time.1,28,132,1.4901161193847656e-08,0.0002056555968010798,2026092702,energy_equivariant
time.2,28,132,2.2351741790771484e-08,0.0005561797297559679,2026092702,energy_equivariant
behavior.0,28,132,1.862645149230957e-08,0.00026161051937378943,2026092702,energy_equivariant
behavior.1,28,132,1.4901161193847656e-08,0.0001624238648219034,2026092702,energy_equivariant
behavior.2,28,132,1.4901161193847656e-08,0.00020426120318006724,2026092702,energy_equivariant
time.0,28,133,1.4901161193847656e-08,0.0006295910570770502,2026092702,energy_equivariant
time.1,28,133,1.4901161193847656e-08,0.00021594084682874382,2026092702,energy_equivariant
time.2,28,133,2.9802322387695312e-08,0.0006036131526343524,2026092702,energy_equivariant
behavior.0,28,133,1.4901161193847656e-08,0.0002385490370215848,2026092702,energy_equivariant
behavior.1,28,133,2.2351741790771484e-08,0.00015133530541788787,2026092702,energy_equivariant
behavior.2,28,133,1.1175870895385742e-08,0.00017900516104418784,2026092702,energy_equivariant
time.0,28,134,2.9802322387695312e-08,0.0006308628944680095,2026092702,energy_equivariant
time.1,28,134,1.4901161193847656e-08,0.00020556779054459184,2026092702,energy_equivariant
time.2,28,134,2.9802322387695312e-08,0.0005901118856854737,2026092702,energy_equivariant
behavior.0,28,134,1.4901161193847656e-08,0.00024036939430516213,2026092702,energy_equivariant
behavior.1,28,134,1.4901161193847656e-08,0.00015506186173297465,2026092702,energy_equivariant
behavior.2,28,134,1.4901161193847656e-08,0.00017229343939106911,2026092702,energy_equivariant
time.0,28,135,2.2351741790771484e-08,0.0005836201598867774,2026092702,energy_equivariant
time.1,28,135,1.1175870895385742e-08,0.00019217397493775934,2026092702,energy_equivariant
time.2,28,135,2.9802322387695312e-08,0.0005168358329683542,2026092702,energy_equivariant
behavior.0,28,135,1.4901161193847656e-08,0.0002459176175761968,2026092702,energy_equivariant
behavior.1,28,135,1.4901161193847656e-08,0.00016677702660672367,2026092702,energy_equivariant
behavior.2,28,135,2.2351741790771484e-08,0.00017967871099244803,2026092702,energy_equivariant
time.0,28,136,4.470348358154297e-08,0.0006286480347625911,2026092702,energy_equivariant
time.1,28,136,1.4901161193847656e-08,0.00020816846517845988,2026092702,energy_equivariant
time.2,28,136,2.9802322387695312e-08,0.0005664562340825796,2026092702,energy_equivariant
behavior.0,28,136,1.4901161193847656e-08,0.00021551697864197195,2026092702,energy_equivariant
behavior.1,28,136,1.4901161193847656e-08,0.00014298195310402662,2026092702,energy_equivariant
behavior.2,28,136,1.4901161193847656e-08,0.00013891966955270618,2026092702,energy_equivariant
time.0,28,137,2.2351741790771484e-08,0.0005816438351757824,2026092702,energy_equivariant
time.1,28,137,1.4901161193847656e-08,0.0001953834726009518,2026092702,energy_equivariant
time.2,28,137,2.2351741790771484e-08,0.0005187722854316235,2026092702,energy_equivariant
behavior.0,28,137,2.2351741790771484e-08,0.00026264728512614965,2026092702,energy_equivariant
behavior.1,28,137,1.4901161193847656e-08,0.00019019952742382884,2026092702,energy_equivariant
behavior.2,28,137,1.4901161193847656e-08,0.00019843321933876723,2026092702,energy_equivariant
time.0,28,138,1.4901161193847656e-08,0.0006599139305762947,2026092702,energy_equivariant
time.1,28,138,1.4901161193847656e-08,0.00022811746748629957,2026092702,energy_equivariant
time.2,28,138,2.9802322387695312e-08,0.00063918880186975,2026092702,energy_equivariant
behavior.0,28,138,1.4901161193847656e-08,0.0002647447108756751,2026092702,energy_equivariant
behavior.1,28,138,2.2351741790771484e-08,0.00018206139793619514,2026092702,energy_equivariant
behavior.2,28,138,1.4901161193847656e-08,0.00023827352561056614,2026092702,energy_equivariant
time.0,28,139,1.4901161193847656e-08,0.0005663499468937516,2026092702,energy_equivariant
time.1,28,139,1.1175870895385742e-08,0.00018806986918207258,2026092702,energy_equivariant
time.2,28,139,2.2351741790771484e-08,0.00047178813838399947,2026092702,energy_equivariant
behavior.0,28,139,1.1175870895385742e-08,0.0002433817571727559,2026092702,energy_equivariant
behavior.1,28,139,2.2351741790771484e-08,0.0001701388682704419,2026092702,energy_equivariant
behavior.2,28,139,1.4901161193847656e-08,0.0001835361763369292,2026092702,energy_equivariant
time.0,28,140,1.4901161193847656e-08,0.0006679680664092302,2026092702,energy_equivariant
time.1,28,140,1.4901161193847656e-08,0.000232431004405953,2026092702,energy_equivariant
time.2,28,140,2.9802322387695312e-08,0.0006811696221120656,2026092702,energy_equivariant
behavior.0,28,140,1.4901161193847656e-08,0.0002149130596080795,2026092702,energy_equivariant
behavior.1,28,140,1.4901161193847656e-08,0.0001438168837921694,2026092702,energy_equivariant
behavior.2,28,140,1.4901161193847656e-08,0.00015516401617787778,2026092702,energy_equivariant
time.0,28,141,2.2351741790771484e-08,0.0006879494176246226,2026092702,energy_equivariant
time.1,28,141,1.4901161193847656e-08,0.00023552784114144742,2026092702,energy_equivariant
time.2,28,141,2.9802322387695312e-08,0.0006820122362114489,2026092702,energy_equivariant
behavior.0,28,141,1.4901161193847656e-08,0.00022935692686587572,2026092702,energy_equivariant
behavior.1,28,141,1.4901161193847656e-08,0.00015837028331588954,2026092702,energy_equivariant
behavior.2,28,141,1.4901161193847656e-08,0.0001584817364346236,2026092702,energy_equivariant
time.0,28,142,1.4901161193847656e-08,0.0006149347173050046,2026092702,energy_equivariant
time.1,28,142,1.4901161193847656e-08,0.00021386347361840308,2026092702,energy_equivariant
time.2,28,142,2.2351741790771484e-08,0.0005901012918911874,2026092702,energy_equivariant
behavior.0,28,142,2.2351741790771484e-08,0.0002526835596654564,2026092702,energy_equivariant
behavior.1,28,142,1.4901161193847656e-08,0.00017694088455755264,2026092702,energy_equivariant
behavior.2,28,142,1.4901161193847656e-08,0.000204462994588539,2026092702,energy_equivariant
time.0,28,143,2.9802322387695312e-08,0.0007329161744564772,2026092702,energy_equivariant
time.1,28,143,1.4901161193847656e-08,0.0002464816498104483,2026092702,energy_equivariant
time.2,28,143,4.470348358154297e-08,0.000711778353434056,2026092702,energy_equivariant
behavior.0,28,143,1.4901161193847656e-08,0.00022325190366245806,2026092702,energy_equivariant
behavior.1,28,143,2.2351741790771484e-08,0.00014736522280145437,2026092702,energy_equivariant
behavior.2,28,143,1.1175870895385742e-08,0.00013949460117146373,2026092702,energy_equivariant
time.0,28,144,2.2351741790771484e-08,0.0006992046837694943,2026092702,energy_equivariant
time.1,28,144,1.4901161193847656e-08,0.00023284528288058937,2026092702,energy_equivariant
time.2,28,144,2.9802322387695312e-08,0.0006377153331413865,2026092702,energy_equivariant
behavior.0,28,144,1.4901161193847656e-08,0.00022281183919403702,2026092702,energy_equivariant
behavior.1,28,144,1.1175870895385742e-08,0.00015560095198452473,2026092702,energy_equivariant
behavior.2,28,144,1.4901161193847656e-08,0.00016868628154043108,2026092702,energy_equivariant
time.0,28,145,2.2351741790771484e-08,0.0005587352206930518,2026092702,energy_equivariant
time.1,28,145,1.4901161193847656e-08,0.00018628804537001997,2026092702,energy_equivariant
time.2,28,145,2.2351741790771484e-08,0.00048122904263436794,2026092702,energy_equivariant
behavior.0,28,145,1.4901161193847656e-08,0.00023779907496646047,2026092702,energy_equivariant
behavior.1,28,145,1.4901161193847656e-08,0.0001548394066048786,2026092702,energy_equivariant
behavior.2,28,145,1.4901161193847656e-08,0.00019443497876636684,2026092702,energy_equivariant
time.0,28,146,2.9802322387695312e-08,0.0007026331732049584,2026092702,energy_equivariant
time.1,28,146,1.4901161193847656e-08,0.00023203869932331145,2026092702,energy_equivariant
time.2,28,146,2.9802322387695312e-08,0.0006338923703879118,2026092702,energy_equivariant
behavior.0,28,146,1.4901161193847656e-08,0.000221514274016954,2026092702,energy_equivariant
behavior.1,28,146,1.4901161193847656e-08,0.00014447601279243827,2026092702,energy_equivariant
behavior.2,28,146,1.4901161193847656e-08,0.00019808087381534278,2026092702,energy_equivariant
time.0,28,147,2.2351741790771484e-08,0.0005643849726766348,2026092702,energy_equivariant
time.1,28,147,1.4901161193847656e-08,0.00019480191986076534,2026092702,energy_equivariant
time.2,28,147,1.4901161193847656e-08,0.0005432380130514503,2026092702,energy_equivariant
behavior.0,28,147,2.2351741790771484e-08,0.0002367566921748221,2026092702,energy_equivariant
behavior.1,28,147,1.4901161193847656e-08,0.0001672733633313328,2026092702,energy_equivariant
behavior.2,28,147,1.1175870895385742e-08,0.00017279798339586705,2026092702,energy_equivariant
time.0,28,148,1.4901161193847656e-08,0.0006652544834651053,2026092702,energy_equivariant
time.1,28,148,1.4901161193847656e-08,0.00023075679200701416,2026092702,energy_equivariant
time.2,28,148,2.9802322387695312e-08,0.000642909319140017,2026092702,energy_equivariant
behavior.0,28,148,1.4901161193847656e-08,0.00023585515737067908,2026092702,energy_equivariant
behavior.1,28,148,2.2351741790771484e-08,0.00015938770957291126,2026092702,energy_equivariant
behavior.2,28,148,1.1175870895385742e-08,0.00016153711476363242,2026092702,energy_equivariant
time.0,28,149,2.2351741790771484e-08,0.0006441258592531085,2026092702,energy_equivariant
time.1,28,149,2.2351741790771484e-08,0.00021717848721891642,2026092702,energy_equivariant
time.2,28,149,2.9802322387695312e-08,0.0005838979850523174,2026092702,energy_equivariant
behavior.0,28,149,1.4901161193847656e-08,0.0002602993918117136,2026092702,energy_equivariant
behavior.1,28,149,2.9802322387695312e-08,0.00016376693383790553,2026092702,energy_equivariant
behavior.2,28,149,1.4901161193847656e-08,0.00016566891281399876,2026092702,energy_equivariant
time.0,28,150,2.9802322387695312e-08,0.0006651137373410165,2026092702,energy_equivariant
time.1,28,150,1.4901161193847656e-08,0.0002213368861703202,2026092702,energy_equivariant
time.2,28,150,2.9802322387695312e-08,0.0006116253207437694,2026092702,energy_equivariant
behavior.0,28,150,1.4901161193847656e-08,0.0002532934013288468,2026092702,energy_equivariant
behavior.1,28,150,1.4901161193847656e-08,0.00016210890316870064,2026092702,energy_equivariant
behavior.2,28,150,1.1175870895385742e-08,0.00018258803174830973,2026092702,energy_equivariant
time.0,28,151,2.2351741790771484e-08,0.0005460840184241533,2026092702,energy_equivariant
time.1,28,151,1.1175870895385742e-08,0.00018788965826388448,2026092702,energy_equivariant
time.2,28,151,2.2351741790771484e-08,0.0005213993135839701,2026092702,energy_equivariant
behavior.0,28,151,1.4901161193847656e-08,0.00025873861159197986,2026092702,energy_equivariant
behavior.1,28,151,1.1175870895385742e-08,0.00017589106573723257,2026092702,energy_equivariant
behavior.2,28,151,1.1175870895385742e-08,0.00019329563656356186,2026092702,energy_equivariant
time.0,28,152,2.2351741790771484e-08,0.0006142166675999761,2026092702,energy_equivariant
time.1,28,152,1.4901161193847656e-08,0.00021095119882375002,2026092702,energy_equivariant
time.2,28,152,2.9802322387695312e-08,0.0005536195822060108,2026092702,energy_equivariant
behavior.0,28,152,1.4901161193847656e-08,0.00023704551858827472,2026092702,energy_equivariant
behavior.1,28,152,1.4901161193847656e-08,0.000166836500284262,2026092702,energy_equivariant
behavior.2,28,152,1.4901161193847656e-08,0.00019886695372406393,2026092702,energy_equivariant
time.0,28,153,2.2351741790771484e-08,0.0006268889410421252,2026092702,energy_equivariant
time.1,28,153,1.4901161193847656e-08,0.00020706414943560958,2026092702,energy_equivariant
time.2,28,153,1.4901161193847656e-08,0.0005485194851644337,2026092702,energy_equivariant
behavior.0,28,153,1.4901161193847656e-08,0.00022553397866431624,2026092702,energy_equivariant
behavior.1,28,153,1.4901161193847656e-08,0.00015134303248487413,2026092702,energy_equivariant
behavior.2,28,153,1.4901161193847656e-08,0.00019158879877068102,2026092702,energy_equivariant
time.0,28,154,2.9802322387695312e-08,0.0006768697639927268,2026092702,energy_equivariant
time.1,28,154,1.4901161193847656e-08,0.00023141861311160028,2026092702,energy_equivariant
time.2,28,154,2.2351741790771484e-08,0.000638335186522454,2026092702,energy_equivariant
behavior.0,28,154,1.4901161193847656e-08,0.00022336083929985762,2026092702,energy_equivariant
behavior.1,28,154,2.2351741790771484e-08,0.00014548104081768543,2026092702,energy_equivariant
behavior.2,28,154,1.4901161193847656e-08,0.00015917861310299486,2026092702,energy_equivariant
time.0,28,155,2.9802322387695312e-08,0.0005905482685193419,2026092702,energy_equivariant
time.1,28,155,1.4901161193847656e-08,0.00020437428611330688,2026092702,energy_equivariant
time.2,28,155,2.9802322387695312e-08,0.0005349600105546415,2026092702,energy_equivariant
behavior.0,28,155,1.4901161193847656e-08,0.00023464849800802767,2026092702,energy_equivariant
behavior.1,28,155,7.450580596923828e-09,0.0001607088779564947,2026092702,energy_equivariant
behavior.2,28,155,1.1175870895385742e-08,0.00017033958283718675,2026092702,energy_equivariant
time.0,28,156,1.4901161193847656e-08,0.0005586096085608006,2026092702,energy_equivariant
time.1,28,156,1.1175870895385742e-08,0.00018906936747953296,2026092702,energy_equivariant
time.2,28,156,2.9802322387695312e-08,0.0004923021188005805,2026092702,energy_equivariant
behavior.0,28,156,1.4901161193847656e-08,0.00024938100250437856,2026092702,energy_equivariant
behavior.1,28,156,1.4901161193847656e-08,0.00016221571422647685,2026092702,energy_equivariant
behavior.2,28,156,1.4901161193847656e-08,0.0001904773380374536,2026092702,energy_equivariant
time.0,28,157,1.4901161193847656e-08,0.0005923956632614136,2026092702,energy_equivariant
time.1,28,157,1.1175870895385742e-08,0.0002042161941062659,2026092702,energy_equivariant
time.2,28,157,2.9802322387695312e-08,0.0005450650351122022,2026092702,energy_equivariant
behavior.0,28,157,1.862645149230957e-08,0.0002484458382241428,2026092702,energy_equivariant
behavior.1,28,157,2.2351741790771484e-08,0.00016479301848448813,2026092702,energy_equivariant
behavior.2,28,157,4.470348358154297e-08,0.0002427023573545739,2026092702,energy_equivariant
time.0,28,158,2.9802322387695312e-08,0.0006435649702325463,2026092702,energy_equivariant
time.1,28,158,1.1175870895385742e-08,0.0002132114750565961,2026092702,energy_equivariant
time.2,28,158,1.4901161193847656e-08,0.0006438371492549777,2026092702,energy_equivariant
behavior.0,28,158,1.4901161193847656e-08,0.00022436601284425706,2026092702,energy_equivariant
behavior.1,28,158,1.4901161193847656e-08,0.00014972334611229599,2026092702,energy_equivariant
behavior.2,28,158,1.4901161193847656e-08,0.0001658304681768641,2026092702,energy_equivariant
time.0,28,159,1.4901161193847656e-08,0.0006017863634042442,2026092702,energy_equivariant
time.1,28,159,1.4901161193847656e-08,0.00020545707957353443,2026092702,energy_equivariant
time.2,28,159,2.2351741790771484e-08,0.0005059815011918545,2026092702,energy_equivariant
behavior.0,28,159,1.4901161193847656e-08,0.00024608412059023976,2026092702,energy_equivariant
behavior.1,28,159,2.2351741790771484e-08,0.0001663939474383369,2026092702,energy_equivariant
behavior.2,28,159,1.1175870895385742e-08,0.00018309360893908888,2026092702,energy_equivariant
time.0,28,160,2.2351741790771484e-08,0.0005810845177620649,2026092702,energy_equivariant
time.1,28,160,1.4901161193847656e-08,0.00019379769219085574,2026092702,energy_equivariant
time.2,28,160,2.2351741790771484e-08,0.0004965366679243743,2026092702,energy_equivariant
behavior.0,28,160,2.2351741790771484e-08,0.0002433624176774174,2026092702,energy_equivariant
behavior.1,28,160,1.4901161193847656e-08,0.00016380866873078048,2026092702,energy_equivariant
behavior.2,28,160,1.4901161193847656e-08,0.0001897608453873545,2026092702,energy_equivariant
time.0,28,161,2.2351741790771484e-08,0.0005358767230063677,2026092702,energy_equivariant
time.1,28,161,1.1175870895385742e-08,0.0001793787960195914,2026092702,energy_equivariant
time.2,28,161,1.4901161193847656e-08,0.0004392879782244563,2026092702,energy_equivariant
behavior.0,28,161,1.1175870895385742e-08,0.00023504735145252198,2026092702,energy_equivariant
behavior.1,28,161,1.4901161193847656e-08,0.0001665051531745121,2026092702,energy_equivariant
behavior.2,28,161,1.4901161193847656e-08,0.00017273632693104446,2026092702,energy_equivariant
time.0,28,162,1.4901161193847656e-08,0.00063346914248541,2026092702,energy_equivariant
time.1,28,162,1.4901161193847656e-08,0.00020954853971488774,2026092702,energy_equivariant
time.2,28,162,1.4901161193847656e-08,0.0005808289279229939,2026092702,energy_equivariant
behavior.0,28,162,1.4901161193847656e-08,0.00022074941080063581,2026092702,energy_equivariant
behavior.1,28,162,1.4901161193847656e-08,0.00015334815543610603,2026092702,energy_equivariant
behavior.2,28,162,1.4901161193847656e-08,0.0001676101965131238,2026092702,energy_equivariant
time.0,28,163,2.9802322387695312e-08,0.0006526122451759875,2026092702,energy_equivariant
time.1,28,163,1.4901161193847656e-08,0.00021862259018234909,2026092702,energy_equivariant
time.2,28,163,2.9802322387695312e-08,0.0006215706816874444,2026092702,energy_equivariant
behavior.0,28,163,1.4901161193847656e-08,0.00022036366863176227,2026092702,energy_equivariant
behavior.1,28,163,2.2351741790771484e-08,0.0001491451694164425,2026092702,energy_equivariant
behavior.2,28,163,1.4901161193847656e-08,0.0001954621693585068,2026092702,energy_equivariant
time.0,28,164,2.9802322387695312e-08,0.0005936105735599995,2026092702,energy_equivariant
time.1,28,164,1.4901161193847656e-08,0.00019627870642580092,2026092702,energy_equivariant
time.2,28,164,2.9802322387695312e-08,0.0005017866496928036,2026092702,energy_equivariant
behavior.0,28,164,1.4901161193847656e-08,0.00026785695808939636,2026092702,energy_equivariant
behavior.1,28,164,1.4901161193847656e-08,0.00016756582772359252,2026092702,energy_equivariant
behavior.2,28,164,1.4901161193847656e-08,0.00019695583614520729,2026092702,energy_equivariant
time.0,28,165,2.2351741790771484e-08,0.0005866957362741232,2026092702,energy_equivariant
time.1,28,165,1.1175870895385742e-08,0.00020181071886327118,2026092702,energy_equivariant
time.2,28,165,4.470348358154297e-08,0.0005314071895554662,2026092702,energy_equivariant
behavior.0,28,165,1.4901161193847656e-08,0.00026500626699998975,2026092702,energy_equivariant
behavior.1,28,165,1.4901161193847656e-08,0.0001619391841813922,2026092702,energy_equivariant
behavior.2,28,165,1.1175870895385742e-08,0.00018813401402439922,2026092702,energy_equivariant
time.0,28,166,2.2351741790771484e-08,0.0006016988190822303,2026092702,energy_equivariant
time.1,28,166,1.1175870895385742e-08,0.00020729299285449088,2026092702,energy_equivariant
time.2,28,166,2.2351741790771484e-08,0.0005397261120378971,2026092702,energy_equivariant
behavior.0,28,166,1.4901161193847656e-08,0.0002537098480388522,2026092702,energy_equivariant
behavior.1,28,166,1.4901161193847656e-08,0.00017240681336261332,2026092702,energy_equivariant
behavior.2,28,166,2.2351741790771484e-08,0.0001964500843314454,2026092702,energy_equivariant
time.0,28,167,2.2351741790771484e-08,0.0006371540948748589,2026092702,energy_equivariant
time.1,28,167,1.4901161193847656e-08,0.00021926833142060786,2026092702,energy_equivariant
time.2,28,167,2.2351741790771484e-08,0.0005893449415452778,2026092702,energy_equivariant
behavior.0,28,167,1.4901161193847656e-08,0.00023380157654173672,2026092702,energy_equivariant
behavior.1,28,167,1.4901161193847656e-08,0.00014852445747237653,2026092702,energy_equivariant
behavior.2,28,167,1.4901161193847656e-08,0.00018608328537084162,2026092702,energy_equivariant
time.0,28,168,2.9802322387695312e-08,0.0006336219375953078,2026092702,energy_equivariant
time.1,28,168,1.1175870895385742e-08,0.00021381754777394235,2026092702,energy_equivariant
time.2,28,168,2.9802322387695312e-08,0.0005758710904046893,2026092702,energy_equivariant
behavior.0,28,168,1.4901161193847656e-08,0.00023099970712792128,2026092702,energy_equivariant
behavior.1,28,168,1.4901161193847656e-08,0.00016318501729983836,2026092702,energy_equivariant
behavior.2,28,168,1.4901161193847656e-08,0.00017311015108134598,2026092702,energy_equivariant
time.0,28,169,2.2351741790771484e-08,0.0006897522835060954,2026092702,energy_equivariant
time.1,28,169,1.4901161193847656e-08,0.00022670890029985458,2026092702,energy_equivariant
time.2,28,169,4.470348358154297e-08,0.0006565010407939553,2026092702,energy_equivariant
behavior.0,28,169,1.4901161193847656e-08,0.0002618496655486524,2026092702,energy_equivariant
behavior.1,28,169,2.2351741790771484e-08,0.00015856845129746944,2026092702,energy_equivariant
behavior.2,28,169,1.4901161193847656e-08,0.0001701832952676341,2026092702,energy_equivariant
time.0,28,170,2.9802322387695312e-08,0.0005593007663264871,2026092702,energy_equivariant
time.1,28,170,1.1175870895385742e-08,0.0001906431425595656,2026092702,energy_equivariant
time.2,28,170,2.9802322387695312e-08,0.0004772212414536625,2026092702,energy_equivariant
behavior.0,28,170,1.4901161193847656e-08,0.00023849638819228858,2026092702,energy_equivariant
behavior.1,28,170,2.2351741790771484e-08,0.0001599366805749014,2026092702,energy_equivariant
behavior.2,28,170,1.4901161193847656e-08,0.00020564657461363822,2026092702,energy_equivariant
time.0,28,171,2.2351741790771484e-08,0.000579972576815635,2026092702,energy_equivariant
time.1,28,171,1.4901161193847656e-08,0.00019709371554199606,2026092702,energy_equivariant
time.2,28,171,2.9802322387695312e-08,0.0005162360030226409,2026092702,energy_equivariant
behavior.0,28,171,1.4901161193847656e-08,0.00024790599127300084,2026092702,energy_equivariant
behavior.1,28,171,1.4901161193847656e-08,0.00017294248391408473,2026092702,energy_equivariant
behavior.2,28,171,1.4901161193847656e-08,0.00020315647998359054,2026092702,energy_equivariant
time.0,28,172,2.2351741790771484e-08,0.0005873219342902303,2026092702,energy_equivariant
time.1,28,172,1.1175870895385742e-08,0.0001974015322048217,2026092702,energy_equivariant
time.2,28,172,1.4901161193847656e-08,0.0004960008664056659,2026092702,energy_equivariant
behavior.0,28,172,1.4901161193847656e-08,0.00024076085537672043,2026092702,energy_equivariant
behavior.1,28,172,1.4901161193847656e-08,0.0001642566785449162,2026092702,energy_equivariant
behavior.2,28,172,1.4901161193847656e-08,0.0001849412074079737,2026092702,energy_equivariant
time.0,28,173,2.9802322387695312e-08,0.0007082249503582716,2026092702,energy_equivariant
time.1,28,173,2.2351741790771484e-08,0.00024047534679993987,2026092702,energy_equivariant
time.2,28,173,2.9802322387695312e-08,0.0006707111606374383,2026092702,energy_equivariant
behavior.0,28,173,1.4901161193847656e-08,0.00024281945661641657,2026092702,energy_equivariant
behavior.1,28,173,1.4901161193847656e-08,0.0001620254188310355,2026092702,energy_equivariant
behavior.2,28,173,1.1175870895385742e-08,0.00017491616017650813,2026092702,energy_equivariant
time.0,28,174,2.2351741790771484e-08,0.0005408143042586744,2026092702,energy_equivariant
time.1,28,174,1.1175870895385742e-08,0.00018112627731170505,2026092702,energy_equivariant
time.2,28,174,1.4901161193847656e-08,0.00045832793693989515,2026092702,energy_equivariant
behavior.0,28,174,1.862645149230957e-08,0.00025162711972370744,2026092702,energy_equivariant
behavior.1,28,174,1.4901161193847656e-08,0.0001595088397152722,2026092702,energy_equivariant
behavior.2,28,174,1.4901161193847656e-08,0.00018994236597791314,2026092702,energy_equivariant
time.0,28,175,1.4901161193847656e-08,0.0005606776103377342,2026092702,energy_equivariant
time.1,28,175,1.4901161193847656e-08,0.0001920362119562924,2026092702,energy_equivariant
time.2,28,175,2.9802322387695312e-08,0.00048648627125658095,2026092702,energy_equivariant
behavior.0,28,175,1.4901161193847656e-08,0.00023559761757496744,2026092702,energy_equivariant
behavior.1,28,175,1.4901161193847656e-08,0.00016529833374079317,2026092702,energy_equivariant
behavior.2,28,175,1.4901161193847656e-08,0.00016979376960080117,2026092702,energy_equivariant
time.0,28,176,1.4901161193847656e-08,0.0006400243146345019,2026092702,energy_equivariant
time.1,28,176,1.4901161193847656e-08,0.00021066374029032886,2026092702,energy_equivariant
time.2,28,176,1.4901161193847656e-08,0.0005733421421609819,2026092702,energy_equivariant
behavior.0,28,176,2.2351741790771484e-08,0.00024017985560931265,2026092702,energy_equivariant
behavior.1,28,176,1.4901161193847656e-08,0.0001589235180290416,2026092702,energy_equivariant
behavior.2,28,176,1.4901161193847656e-08,0.00017567950999364257,2026092702,energy_equivariant
time.0,28,177,2.9802322387695312e-08,0.0006627723341807723,2026092702,energy_equivariant
time.1,28,177,1.4901161193847656e-08,0.00021481075964402407,2026092702,energy_equivariant
time.2,28,177,1.4901161193847656e-08,0.0005701610352844,2026092702,energy_equivariant
behavior.0,28,177,1.4901161193847656e-08,0.00023132441856432706,2026092702,energy_equivariant
behavior.1,28,177,1.4901161193847656e-08,0.00015736889326944947,2026092702,energy_equivariant
behavior.2,28,177,1.4901161193847656e-08,0.00016285791934933513,2026092702,energy_equivariant
time.0,28,178,2.9802322387695312e-08,0.0006096807774156332,2026092702,energy_equivariant
time.1,28,178,1.4901161193847656e-08,0.00020330939150881022,2026092702,energy_equivariant
time.2,28,178,2.2351741790771484e-08,0.000544379698112607,2026092702,energy_equivariant
behavior.0,28,178,1.4901161193847656e-08,0.00024439787375740707,2026092702,energy_equivariant
behavior.1,28,178,1.4901161193847656e-08,0.00015921524027362466,2026092702,energy_equivariant
behavior.2,28,178,1.4901161193847656e-08,0.00021925245528109372,2026092702,energy_equivariant
time.0,28,179,2.2351741790771484e-08,0.0006877599516883492,2026092702,energy_equivariant
time.1,28,179,1.4901161193847656e-08,0.00022404256742447615,2026092702,energy_equivariant
time.2,28,179,2.9802322387695312e-08,0.0006182425422593951,2026092702,energy_equivariant
behavior.0,28,179,1.4901161193847656e-08,0.000257387146120891,2026092702,energy_equivariant
behavior.1,28,179,1.4901161193847656e-08,0.00017015943012665957,2026092702,energy_equivariant
behavior.2,28,179,1.4901161193847656e-08,0.00020491429313551635,2026092702,energy_equivariant
time.0,28,180,1.4901161193847656e-08,0.0006453768583014607,2026092702,energy_equivariant
time.1,28,180,1.4901161193847656e-08,0.00021755753550678492,2026092702,energy_equivariant
time.2,28,180,1.4901161193847656e-08,0.0006009405478835106,2026092702,energy_equivariant
behavior.0,28,180,1.4901161193847656e-08,0.00023906190472189337,2026092702,energy_equivariant
behavior.1,28,180,2.2351741790771484e-08,0.00016738787235226482,2026092702,energy_equivariant
behavior.2,28,180,1.1175870895385742e-08,0.00015973648987710476,2026092702,energy_equivariant
time.0,28,181,2.2351741790771484e-08,0.0006068688235245645,2026092702,energy_equivariant
time.1,28,181,1.4901161193847656e-08,0.00020612477965187281,2026092702,energy_equivariant
time.2,28,181,2.9802322387695312e-08,0.0005571926012635231,2026092702,energy_equivariant
behavior.0,28,181,2.2351741790771484e-08,0.0002383004903094843,2026092702,energy_equivariant
behavior.1,28,181,1.4901161193847656e-08,0.00017025538545567542,2026092702,energy_equivariant
behavior.2,28,181,1.4901161193847656e-08,0.0001823074126150459,2026092702,energy_equivariant
time.0,28,182,2.2351741790771484e-08,0.0006049509393051267,2026092702,energy_equivariant
time.1,28,182,1.4901161193847656e-08,0.00020117957319598645,2026092702,energy_equivariant
time.2,28,182,2.9802322387695312e-08,0.0005513755022548139,2026092702,energy_equivariant
behavior.0,28,182,2.2351741790771484e-08,0.00024143425980582833,2026092702,energy_equivariant
behavior.1,28,182,1.4901161193847656e-08,0.0001472363801440224,2026092702,energy_equivariant
behavior.2,28,182,2.2351741790771484e-08,0.00015843271103221923,2026092702,energy_equivariant
time.0,28,183,2.9802322387695312e-08,0.0006265031406655908,2026092702,energy_equivariant
time.1,28,183,1.4901161193847656e-08,0.00021233248116914183,2026092702,energy_equivariant
time.2,28,183,2.9802322387695312e-08,0.0005717076128348708,2026092702,energy_equivariant
behavior.0,28,183,1.4901161193847656e-08,0.00022741605062037706,2026092702,energy_equivariant
behavior.1,28,183,1.4901161193847656e-08,0.00014390464639291167,2026092702,energy_equivariant
behavior.2,28,183,1.1175870895385742e-08,0.0001758055732352659,2026092702,energy_equivariant
time.0,28,184,2.9802322387695312e-08,0.0005906703299842775,2026092702,energy_equivariant
time.1,28,184,1.1175870895385742e-08,0.00020014408801216632,2026092702,energy_equivariant
time.2,28,184,2.9802322387695312e-08,0.0005327393300831318,2026092702,energy_equivariant
behavior.0,28,184,2.2351741790771484e-08,0.00023062352556735277,2026092702,energy_equivariant
behavior.1,28,184,7.450580596923828e-09,0.00016291934298351407,2026092702,energy_equivariant
behavior.2,28,184,1.4901161193847656e-08,0.00017993926303461194,2026092702,energy_equivariant
time.0,28,185,2.9802322387695312e-08,0.0005335683817975223,2026092702,energy_equivariant
time.1,28,185,1.4901161193847656e-08,0.00017715217836666852,2026092702,energy_equivariant
time.2,28,185,2.9802322387695312e-08,0.0004543313116300851,2026092702,energy_equivariant
behavior.0,28,185,1.4901161193847656e-08,0.00025201155222021043,2026092702,energy_equivariant
behavior.1,28,185,1.4901161193847656e-08,0.00015792643534950912,2026092702,energy_equivariant
behavior.2,28,185,2.9802322387695312e-08,0.00021087961795274168,2026092702,energy_equivariant
time.0,28,186,2.2351741790771484e-08,0.0006399242556653917,2026092702,energy_equivariant
time.1,28,186,1.4901161193847656e-08,0.0002131785440724343,2026092702,energy_equivariant
time.2,28,186,2.9802322387695312e-08,0.0005814866162836552,2026092702,energy_equivariant
behavior.0,28,186,1.4901161193847656e-08,0.0002131334476871416,2026092702,energy_equivariant
behavior.1,28,186,1.4901161193847656e-08,0.0001446763490093872,2026092702,energy_equivariant
behavior.2,28,186,1.1175870895385742e-08,0.00013837420556228608,2026092702,energy_equivariant
time.0,28,187,2.2351741790771484e-08,0.0006454077665694058,2026092702,energy_equivariant
time.1,28,187,1.4901161193847656e-08,0.00021303622634150088,2026092702,energy_equivariant
time.2,28,187,2.9802322387695312e-08,0.0006208079284988344,2026092702,energy_equivariant
behavior.0,28,187,2.2351741790771484e-08,0.0002296792808920145,2026092702,energy_equivariant
behavior.1,28,187,1.4901161193847656e-08,0.00013957891496829689,2026092702,energy_equivariant
behavior.2,28,187,1.4901161193847656e-08,0.0001690801582299173,2026092702,energy_equivariant
time.0,28,188,2.2351741790771484e-08,0.0006454101530835032,2026092702,energy_equivariant
time.1,28,188,1.4901161193847656e-08,0.00021822199050802737,2026092702,energy_equivariant
time.2,28,188,1.4901161193847656e-08,0.0006322774570435286,2026092702,energy_equivariant
behavior.0,28,188,1.4901161193847656e-08,0.00025634298799559474,2026092702,energy_equivariant
behavior.1,28,188,2.2351741790771484e-08,0.0001781204337021336,2026092702,energy_equivariant
behavior.2,28,188,1.4901161193847656e-08,0.00016653402417432517,2026092702,energy_equivariant
time.0,28,189,1.862645149230957e-08,0.0005426986608654261,2026092702,energy_equivariant
time.1,28,189,1.1175870895385742e-08,0.00018473724776413292,2026092702,energy_equivariant
time.2,28,189,2.2351741790771484e-08,0.00047509721480309963,2026092702,energy_equivariant
behavior.0,28,189,1.1175870895385742e-08,0.00024042383302003145,2026092702,energy_equivariant
behavior.1,28,189,1.4901161193847656e-08,0.00016488162509631366,2026092702,energy_equivariant
behavior.2,28,189,1.4901161193847656e-08,0.00018456479301676154,2026092702,energy_equivariant
time.0,28,190,1.4901161193847656e-08,0.0006168154068291187,2026092702,energy_equivariant
time.1,28,190,1.4901161193847656e-08,0.00020596843387465924,2026092702,energy_equivariant
time.2,28,190,2.2351741790771484e-08,0.0006076156278140843,2026092702,energy_equivariant
behavior.0,28,190,1.4901161193847656e-08,0.00023487204452976584,2026092702,energy_equivariant
behavior.1,28,190,1.4901161193847656e-08,0.0001487046101829037,2026092702,energy_equivariant
behavior.2,28,190,1.4901161193847656e-08,0.00019862137560267001,2026092702,energy_equivariant
time.0,28,191,2.2351741790771484e-08,0.0006102758343331516,2026092702,energy_equivariant
time.1,28,191,1.4901161193847656e-08,0.00020392196893226355,2026092702,energy_equivariant
time.2,28,191,1.4901161193847656e-08,0.0005515668308362365,2026092702,energy_equivariant
behavior.0,28,191,1.4901161193847656e-08,0.0002388028660789132,2026092702,energy_equivariant
behavior.1,28,191,1.4901161193847656e-08,0.00015928699576761574,2026092702,energy_equivariant
behavior.2,28,191,1.4901161193847656e-08,0.00017078353266697377,2026092702,energy_equivariant
time.0,28,192,1.4901161193847656e-08,0.0005487491143867373,2026092702,energy_equivariant
time.1,28,192,1.4901161193847656e-08,0.00019021189655177295,2026092702,energy_equivariant
time.2,28,192,2.9802322387695312e-08,0.00047641751007176936,2026092702,energy_equivariant
behavior.0,28,192,1.4901161193847656e-08,0.0002490769256837666,2026092702,energy_equivariant
behavior.1,28,192,7.450580596923828e-09,0.00017309522081632167,2026092702,energy_equivariant
behavior.2,28,192,1.4901161193847656e-08,0.00020338987815193832,2026092702,energy_equivariant
time.0,28,193,1.4901161193847656e-08,0.0006235009059309959,2026092702,energy_equivariant
time.1,28,193,1.4901161193847656e-08,0.00021319424558896571,2026092702,energy_equivariant
time.2,28,193,2.9802322387695312e-08,0.0005928759928792715,2026092702,energy_equivariant
behavior.0,28,193,1.4901161193847656e-08,0.0002219514426542446,2026092702,energy_equivariant
behavior.1,28,193,1.4901161193847656e-08,0.00013927387772127986,2026092702,energy_equivariant
behavior.2,28,193,1.4901161193847656e-08,0.00016312232764903456,2026092702,energy_equivariant
time.0,28,194,2.9802322387695312e-08,0.0005674254498444498,2026092702,energy_equivariant
time.1,28,194,1.4901161193847656e-08,0.00019381182210054249,2026092702,energy_equivariant
time.2,28,194,2.2351741790771484e-08,0.0005204424960538745,2026092702,energy_equivariant
behavior.0,28,194,2.2351741790771484e-08,0.00024513984681107104,2026092702,energy_equivariant
behavior.1,28,194,1.4901161193847656e-08,0.0001608291349839419,2026092702,energy_equivariant
behavior.2,28,194,1.1175870895385742e-08,0.00018154944700654596,2026092702,energy_equivariant
time.0,28,195,1.4901161193847656e-08,0.0005911798216402531,2026092702,energy_equivariant
time.1,28,195,7.450580596923828e-09,0.0002024164132308215,2026092702,energy_equivariant
time.2,28,195,2.9802322387695312e-08,0.0005429858574643731,2026092702,energy_equivariant
behavior.0,28,195,2.2351741790771484e-08,0.00024863926228135824,2026092702,energy_equivariant
behavior.1,28,195,1.4901161193847656e-08,0.00015234659076668322,2026092702,energy_equivariant
behavior.2,28,195,1.4901161193847656e-08,0.00019754134700633585,2026092702,energy_equivariant
time.0,28,196,1.4901161193847656e-08,0.0006029994692653418,2026092702,energy_equivariant
time.1,28,196,1.1175870895385742e-08,0.00020627865160349756,2026092702,energy_equivariant
time.2,28,196,2.9802322387695312e-08,0.000557580147869885,2026092702,energy_equivariant
behavior.0,28,196,2.2351741790771484e-08,0.00023991698981262743,2026092702,energy_equivariant
behavior.1,28,196,1.4901161193847656e-08,0.0001646909659029916,2026092702,energy_equivariant
behavior.2,28,196,1.4901161193847656e-08,0.0001645404554437846,2026092702,energy_equivariant
time.0,28,197,2.9802322387695312e-08,0.0006167060928419232,2026092702,energy_equivariant
time.1,28,197,1.4901161193847656e-08,0.00020569484331645072,2026092702,energy_equivariant
time.2,28,197,2.2351741790771484e-08,0.0005533486837521195,2026092702,energy_equivariant
behavior.0,28,197,1.4901161193847656e-08,0.00023928425798658282,2026092702,energy_equivariant
behavior.1,28,197,1.4901161193847656e-08,0.00016093597514554858,2026092702,energy_equivariant
behavior.2,28,197,1.4901161193847656e-08,0.00019171179155819118,2026092702,energy_equivariant
time.0,28,198,1.4901161193847656e-08,0.0005800202488899231,2026092702,energy_equivariant
time.1,28,198,1.1175870895385742e-08,0.00018750906747300178,2026092702,energy_equivariant
time.2,28,198,1.4901161193847656e-08,0.0004894451121799648,2026092702,energy_equivariant
behavior.0,28,198,1.4901161193847656e-08,0.00020238562137819827,2026092702,energy_equivariant
behavior.1,28,198,1.4901161193847656e-08,0.00014997387188486755,2026092702,energy_equivariant
behavior.2,28,198,7.450580596923828e-09,0.00013356220733840019,2026092702,energy_equivariant
time.0,28,199,1.4901161193847656e-08,0.0006461049197241664,2026092702,energy_equivariant
time.1,28,199,1.4901161193847656e-08,0.0002152307133655995,2026092702,energy_equivariant
time.2,28,199,2.2351741790771484e-08,0.0005987880867905915,2026092702,energy_equivariant
behavior.0,28,199,1.4901161193847656e-08,0.00024329678853973746,2026092702,energy_equivariant
behavior.1,28,199,2.2351741790771484e-08,0.0001683467417024076,2026092702,energy_equivariant
behavior.2,28,199,1.4901161193847656e-08,0.0002383861574344337,2026092702,energy_equivariant
time.0,28,200,2.9802322387695312e-08,0.0007137024658732116,2026092702,energy_equivariant
time.1,28,200,1.4901161193847656e-08,0.00023813138250261545,2026092702,energy_equivariant
time.2,28,200,2.9802322387695312e-08,0.0006604836089536548,2026092702,energy_equivariant
behavior.0,28,200,1.4901161193847656e-08,0.00022642458498012275,2026092702,energy_equivariant
behavior.1,28,200,1.4901161193847656e-08,0.00015935055853333324,2026092702,energy_equivariant
behavior.2,28,200,1.1175870895385742e-08,0.00015614611038472503,2026092702,energy_equivariant
time.0,28,1,2.2351741790771484e-08,0.0007343853358179331,2026092702,energy_half
time.1,28,1,2.2351741790771484e-08,0.00024140677123796195,2026092702,energy_half
time.2,28,1,1.4901161193847656e-08,0.00034517617314122617,2026092702,energy_half
behavior.0,28,1,1.4901161193847656e-08,0.00030933934613130987,2026092702,energy_half
behavior.1,28,1,1.4901161193847656e-08,0.00016544196114409715,2026092702,energy_half
behavior.2,28,1,1.1175870895385742e-08,7.800740422680974e-05,2026092702,energy_half
time.0,28,2,2.9802322387695312e-08,0.0007317807176150382,2026092702,energy_half
time.1,28,2,1.4901161193847656e-08,0.00024918641429394484,2026092702,energy_half
time.2,28,2,2.9802322387695312e-08,0.0004126915882807225,2026092702,energy_half
behavior.0,28,2,1.4901161193847656e-08,0.0002806191914714873,2026092702,energy_half
behavior.1,28,2,1.4901161193847656e-08,0.0001540596567792818,2026092702,energy_half
behavior.2,28,2,1.1175870895385742e-08,8.62532906467095e-05,2026092702,energy_half
time.0,28,3,1.4901161193847656e-08,0.0006764674908481538,2026092702,energy_half
time.1,28,3,1.4901161193847656e-08,0.0002225131611339748,2026092702,energy_half
time.2,28,3,1.4901161193847656e-08,0.0004723448073491454,2026092702,energy_half
behavior.0,28,3,1.4901161193847656e-08,0.00034180463990196586,2026092702,energy_half
behavior.1,28,3,1.4901161193847656e-08,0.00016535101167391986,2026092702,energy_half
behavior.2,28,3,1.4901161193847656e-08,0.0001281997247133404,2026092702,energy_half
time.0,28,4,2.9802322387695312e-08,0.0007352312677539885,2026092702,energy_half
time.1,28,4,2.2351741790771484e-08,0.00026133022038266063,2026092702,energy_half
time.2,28,4,1.4901161193847656e-08,0.0006130194524303079,2026092702,energy_half
behavior.0,28,4,1.4901161193847656e-08,0.00030986344791017473,2026092702,energy_half
behavior.1,28,4,1.4901161193847656e-08,0.0001528319698991254,2026092702,energy_half
behavior.2,28,4,1.4901161193847656e-08,0.00011581445869524032,2026092702,energy_half
time.0,28,5,2.2351741790771484e-08,0.0006688934518024325,2026092702,energy_half
time.1,28,5,1.4901161193847656e-08,0.0002265340881422162,2026092702,energy_half
time.2,28,5,2.9802322387695312e-08,0.0005776698235422373,2026092702,energy_half
behavior.0,28,5,2.2351741790771484e-08,0.0003042271710000932,2026092702,energy_half
behavior.1,28,5,1.4901161193847656e-08,0.00015249817806761712,2026092702,energy_half
behavior.2,28,5,1.4901161193847656e-08,0.00011149921920150518,2026092702,energy_half
time.0,28,6,2.9802322387695312e-08,0.0006648281123489141,2026092702,energy_half
time.1,28,6,2.2351741790771484e-08,0.00022860162425786257,2026092702,energy_half
time.2,28,6,2.2351741790771484e-08,0.0005571891670115292,2026092702,energy_half
behavior.0,28,6,2.2351741790771484e-08,0.00032743567135185003,2026092702,energy_half
behavior.1,28,6,1.4901161193847656e-08,0.0001530694862594828,2026092702,energy_half
behavior.2,28,6,1.1175870895385742e-08,0.00011375688336556777,2026092702,energy_half
time.0,28,7,2.2351741790771484e-08,0.0006569034303538501,2026092702,energy_half
time.1,28,7,1.4901161193847656e-08,0.00021314076730050147,2026092702,energy_half
time.2,28,7,1.4901161193847656e-08,0.0005953717045485973,2026092702,energy_half
behavior.0,28,7,1.4901161193847656e-08,0.0003000391589011997,2026092702,energy_half
behavior.1,28,7,1.4901161193847656e-08,0.00013935071183368564,2026092702,energy_half
behavior.2,28,7,1.1175870895385742e-08,0.00011980386625509709,2026092702,energy_half
time.0,28,8,2.2351741790771484e-08,0.0006434879614971578,2026092702,energy_half
time.1,28,8,1.4901161193847656e-08,0.0002302637294633314,2026092702,energy_half
time.2,28,8,2.2351741790771484e-08,0.0004496531910263002,2026092702,energy_half
behavior.0,28,8,1.4901161193847656e-08,0.00031963305082172155,2026092702,energy_half
behavior.1,28,8,1.4901161193847656e-08,0.00015513993275817484,2026092702,energy_half
behavior.2,28,8,1.1175870895385742e-08,0.00012515003618318588,2026092702,energy_half
time.0,28,9,2.2351741790771484e-08,0.0006609261617995799,2026092702,energy_half
time.1,28,9,1.4901161193847656e-08,0.00023015089391265064,2026092702,energy_half
time.2,28,9,2.9802322387695312e-08,0.0005378530477173626,2026092702,energy_half
behavior.0,28,9,1.4901161193847656e-08,0.00030609421082772315,2026092702,energy_half
behavior.1,28,9,1.4901161193847656e-08,0.00015069794608280063,2026092702,energy_half
behavior.2,28,9,1.1175870895385742e-08,0.00013241831038612872,2026092702,energy_half
time.0,28,10,2.9802322387695312e-08,0.0007485257810913026,2026092702,energy_half
time.1,28,10,1.4901161193847656e-08,0.0002664052590262145,2026092702,energy_half
time.2,28,10,2.2351741790771484e-08,0.000594603712670505,2026092702,energy_half
behavior.0,28,10,1.4901161193847656e-08,0.0002979803830385208,2026092702,energy_half
behavior.1,28,10,2.2351741790771484e-08,0.0001494861498940736,2026092702,energy_half
behavior.2,28,10,1.4901161193847656e-08,0.00013027239765506238,2026092702,energy_half
time.0,28,11,1.4901161193847656e-08,0.0006469087675213814,2026092702,energy_half
time.1,28,11,1.4901161193847656e-08,0.00024336519709322602,2026092702,energy_half
time.2,28,11,1.4901161193847656e-08,0.0004731647204607725,2026092702,energy_half
behavior.0,28,11,1.4901161193847656e-08,0.00029524098499678075,2026092702,energy_half
behavior.1,28,11,1.4901161193847656e-08,0.00014792775618843734,2026092702,energy_half
behavior.2,28,11,1.1175870895385742e-08,0.00014676866703666747,2026092702,energy_half
time.0,28,12,2.2351741790771484e-08,0.0007045524544082582,2026092702,energy_half
time.1,28,12,1.4901161193847656e-08,0.0002514910011086613,2026092702,energy_half
time.2,28,12,1.4901161193847656e-08,0.0005575287505052984,2026092702,energy_half
behavior.0,28,12,1.4901161193847656e-08,0.0002493754727765918,2026092702,energy_half
behavior.1,28,12,1.4901161193847656e-08,0.00011921835539396852,2026092702,energy_half
behavior.2,28,12,1.4901161193847656e-08,0.0001153678895207122,2026092702,energy_half
time.0,28,13,2.2351741790771484e-08,0.0006150049157440662,2026092702,energy_half
time.1,28,13,2.2351741790771484e-08,0.00023354191216640174,2026092702,energy_half
time.2,28,13,1.4901161193847656e-08,0.00044696300756186247,2026092702,energy_half
behavior.0,28,13,2.2351741790771484e-08,0.00030927927582524717,2026092702,energy_half
behavior.1,28,13,1.4901161193847656e-08,0.0001627110905246809,2026092702,energy_half
behavior.2,28,13,1.4901161193847656e-08,0.00013665787992067635,2026092702,energy_half
time.0,28,14,2.2351741790771484e-08,0.0006072921096347272,2026092702,energy_half
time.1,28,14,1.4901161193847656e-08,0.0002314939338248223,2026092702,energy_half
time.2,28,14,2.2351741790771484e-08,0.00048141941078938544,2026092702,energy_half
behavior.0,28,14,1.4901161193847656e-08,0.00028122225194238126,2026092702,energy_half
behavior.1,28,14,1.4901161193847656e-08,0.00014989035844337195,2026092702,energy_half
behavior.2,28,14,1.4901161193847656e-08,0.0001336960558546707,2026092702,energy_half
time.0,28,15,2.2351741790771484e-08,0.000617478450294584,2026092702,energy_half
time.1,28,15,1.4901161193847656e-08,0.00024042982840910554,2026092702,energy_half
time.2,28,15,2.2351741790771484e-08,0.0005240016616880894,2026092702,energy_half
behavior.0,28,15,1.4901161193847656e-08,0.0002953883376903832,2026092702,energy_half
behavior.1,28,15,2.2351741790771484e-08,0.00016385606431867927,2026092702,energy_half
behavior.2,28,15,1.4901161193847656e-08,0.0001480620849179104,2026092702,energy_half
time.0,28,16,2.9802322387695312e-08,0.0007691975915804505,2026092702,energy_half
time.1,28,16,2.9802322387695312e-08,0.0003216410696040839,2026092702,energy_half
time.2,28,16,2.9802322387695312e-08,0.0007392779225483537,2026092702,energy_half
behavior.0,28,16,1.4901161193847656e-08,0.0002879793173633516,2026092702,energy_half
behavior.1,28,16,1.4901161193847656e-08,0.00015477801207453012,2026092702,energy_half
behavior.2,28,16,1.1175870895385742e-08,0.00013076052709948272,2026092702,energy_half
time.0,28,17,2.9802322387695312e-08,0.000742499076295644,2026092702,energy_half
time.1,28,17,1.4901161193847656e-08,0.00030227305251173675,2026092702,energy_half
time.2,28,17,2.2351741790771484e-08,0.000627079454716295,2026092702,energy_half
behavior.0,28,17,1.4901161193847656e-08,0.00025997753255069256,2026092702,energy_half
behavior.1,28,17,1.4901161193847656e-08,0.0001363587798550725,2026092702,energy_half
behavior.2,28,17,1.4901161193847656e-08,0.0001225116866407916,2026092702,energy_half
time.0,28,18,1.4901161193847656e-08,0.0006662432570010424,2026092702,energy_half
time.1,28,18,1.4901161193847656e-08,0.0002697693125810474,2026092702,energy_half
time.2,28,18,2.9802322387695312e-08,0.0006071969401091337,2026092702,energy_half
behavior.0,28,18,1.4901161193847656e-08,0.00026519724633544683,2026092702,energy_half
behavior.1,28,18,1.4901161193847656e-08,0.00014541360724251717,2026092702,energy_half
behavior.2,28,18,1.1175870895385742e-08,0.0001225817686645314,2026092702,energy_half
time.0,28,19,2.2351741790771484e-08,0.0006915145204402506,2026092702,energy_half
time.1,28,19,1.4901161193847656e-08,0.0002847614814527333,2026092702,energy_half
time.2,28,19,2.2351741790771484e-08,0.0006288967560976744,2026092702,energy_half
behavior.0,28,19,2.2351741790771484e-08,0.0002743156219366938,2026092702,energy_half
behavior.1,28,19,1.4901161193847656e-08,0.00014912088226992637,2026092702,energy_half
behavior.2,28,19,1.1175870895385742e-08,0.00014037387154530734,2026092702,energy_half
time.0,28,20,2.2351741790771484e-08,0.000672278692945838,2026092702,energy_half
time.1,28,20,1.4901161193847656e-08,0.0002866029681172222,2026092702,energy_half
time.2,28,20,2.9802322387695312e-08,0.0005995063111186028,2026092702,energy_half
behavior.0,28,20,1.4901161193847656e-08,0.00025871253455989063,2026092702,energy_half
behavior.1,28,20,1.4901161193847656e-08,0.00014870025916025043,2026092702,energy_half
behavior.2,28,20,1.4901161193847656e-08,0.000136820730403997,2026092702,energy_half
time.0,28,21,2.2351741790771484e-08,0.0006249485304579139,2026092702,energy_half
time.1,28,21,1.4901161193847656e-08,0.0002481617557350546,2026092702,energy_half
time.2,28,21,2.9802322387695312e-08,0.00057063321582973,2026092702,energy_half
behavior.0,28,21,2.2351741790771484e-08,0.0002757470356300473,2026092702,energy_half
behavior.1,28,21,2.2351741790771484e-08,0.00016044509538915008,2026092702,energy_half
behavior.2,28,21,1.4901161193847656e-08,0.00014433954493142664,2026092702,energy_half
time.0,28,22,2.9802322387695312e-08,0.000749812985304743,2026092702,energy_half
time.1,28,22,1.4901161193847656e-08,0.0003083196352235973,2026092702,energy_half
time.2,28,22,2.2351741790771484e-08,0.0006129748653620481,2026092702,energy_half
behavior.0,28,22,1.4901161193847656e-08,0.00024608965031802654,2026092702,energy_half
behavior.1,28,22,1.4901161193847656e-08,0.00014424997789319605,2026092702,energy_half
behavior.2,28,22,1.1175870895385742e-08,0.0001232625509146601,2026092702,energy_half
time.0,28,23,2.2351741790771484e-08,0.0007206678274087608,2026092702,energy_half
time.1,28,23,1.4901161193847656e-08,0.00030526419868692756,2026092702,energy_half
time.2,28,23,2.2351741790771484e-08,0.0007371391984634101,2026092702,energy_half
behavior.0,28,23,2.2351741790771484e-08,0.0002568895579315722,2026092702,energy_half
behavior.1,28,23,1.4901161193847656e-08,0.00014549480692949146,2026092702,energy_half
behavior.2,28,23,2.2351741790771484e-08,0.00013458674948196858,2026092702,energy_half
time.0,28,24,2.2351741790771484e-08,0.0006398374098353088,2026092702,energy_half
time.1,28,24,1.4901161193847656e-08,0.0002569661883171648,2026092702,energy_half
time.2,28,24,4.470348358154297e-08,0.0005946711171418428,2026092702,energy_half
behavior.0,28,24,2.2351741790771484e-08,0.0002593622193671763,2026092702,energy_half
behavior.1,28,24,1.4901161193847656e-08,0.00015166988305281848,2026092702,energy_half
behavior.2,28,24,1.4901161193847656e-08,0.00013806685456074774,2026092702,energy_half
time.0,28,25,2.9802322387695312e-08,0.0008500605472363532,2026092702,energy_half
time.1,28,25,2.9802322387695312e-08,0.00036344651016406715,2026092702,energy_half
time.2,28,25,2.9802322387695312e-08,0.000994312111288309,2026092702,energy_half
behavior.0,28,25,1.4901161193847656e-08,0.0002680508478078991,2026092702,energy_half
behavior.1,28,25,1.4901161193847656e-08,0.0001672076032264158,2026092702,energy_half
behavior.2,28,25,1.1175870895385742e-08,0.00016054751176852733,2026092702,energy_half
time.0,28,26,2.9802322387695312e-08,0.0007444603252224624,2026092702,energy_half
time.1,28,26,1.4901161193847656e-08,0.0003105264331679791,2026092702,energy_half
time.2,28,26,2.9802322387695312e-08,0.0007516705663874745,2026092702,energy_half
behavior.0,28,26,1.4901161193847656e-08,0.0002624187618494034,2026092702,energy_half
behavior.1,28,26,1.1175870895385742e-08,0.00015204062219709158,2026092702,energy_half
behavior.2,28,26,1.4901161193847656e-08,0.0001298178540309891,2026092702,energy_half
time.0,28,27,2.9802322387695312e-08,0.0007342316093854606,2026092702,energy_half
time.1,28,27,2.9802322387695312e-08,0.00029018239001743495,2026092702,energy_half
time.2,28,27,2.2351741790771484e-08,0.0007250491180457175,2026092702,energy_half
behavior.0,28,27,2.2351741790771484e-08,0.0002750225830823183,2026092702,energy_half
behavior.1,28,27,1.4901161193847656e-08,0.00015489800716750324,2026092702,energy_half
behavior.2,28,27,2.2351741790771484e-08,0.00015875855751801282,2026092702,energy_half
time.0,28,28,4.470348358154297e-08,0.0007661780109629035,2026092702,energy_half
time.1,28,28,1.4901161193847656e-08,0.00030694250017404556,2026092702,energy_half
time.2,28,28,2.2351741790771484e-08,0.0007654401124455035,2026092702,energy_half
behavior.0,28,28,1.4901161193847656e-08,0.00026435605832375586,2026092702,energy_half
behavior.1,28,28,2.2351741790771484e-08,0.00016247628082055598,2026092702,energy_half
behavior.2,28,28,1.4901161193847656e-08,0.00015044870087876916,2026092702,energy_half
time.0,28,29,2.9802322387695312e-08,0.0006595494924113154,2026092702,energy_half
time.1,28,29,1.4901161193847656e-08,0.00025067967362701893,2026092702,energy_half
time.2,28,29,2.9802322387695312e-08,0.0006069922237657011,2026092702,energy_half
behavior.0,28,29,1.1175870895385742e-08,0.00025841090246103704,2026092702,energy_half
behavior.1,28,29,1.4901161193847656e-08,0.00015902180166449398,2026092702,energy_half
behavior.2,28,29,1.1175870895385742e-08,0.00015661516226828098,2026092702,energy_half
time.0,28,30,2.2351741790771484e-08,0.000705121667124331,2026092702,energy_half
time.1,28,30,1.4901161193847656e-08,0.0002701008052099496,2026092702,energy_half
time.2,28,30,2.2351741790771484e-08,0.000701730721630156,2026092702,energy_half
behavior.0,28,30,1.4901161193847656e-08,0.0002483447315171361,2026092702,energy_half
behavior.1,28,30,1.4901161193847656e-08,0.00014842927339486778,2026092702,energy_half
behavior.2,28,30,1.4901161193847656e-08,0.00014550761261489242,2026092702,energy_half
time.0,28,31,2.9802322387695312e-08,0.0005902149132452905,2026092702,energy_half
time.1,28,31,1.4901161193847656e-08,0.0002306185633642599,2026092702,energy_half
time.2,28,31,2.9802322387695312e-08,0.0005828821449540555,2026092702,energy_half
behavior.0,28,31,1.4901161193847656e-08,0.0002737798204179853,2026092702,energy_half
behavior.1,28,31,1.4901161193847656e-08,0.000163623844855465,2026092702,energy_half
behavior.2,28,31,1.4901161193847656e-08,0.00017918543017003685,2026092702,energy_half
time.0,28,32,4.470348358154297e-08,0.0005543060833588243,2026092702,energy_half
time.1,28,32,1.4901161193847656e-08,0.0002208065998274833,2026092702,energy_half
time.2,28,32,2.2351741790771484e-08,0.00044820818584412336,2026092702,energy_half
behavior.0,28,32,1.4901161193847656e-08,0.0002572649100329727,2026092702,energy_half
behavior.1,28,32,1.4901161193847656e-08,0.00014323380310088396,2026092702,energy_half
behavior.2,28,32,2.2351741790771484e-08,0.0001577329821884632,2026092702,energy_half
time.0,28,33,1.4901161193847656e-08,0.0006286225980147719,2026092702,energy_half
time.1,28,33,1.4901161193847656e-08,0.00023730054090265185,2026092702,energy_half
time.2,28,33,2.9802322387695312e-08,0.0005842691753059626,2026092702,energy_half
behavior.0,28,33,1.4901161193847656e-08,0.0002577198320068419,2026092702,energy_half
behavior.1,28,33,1.1175870895385742e-08,0.00014961797569412738,2026092702,energy_half
behavior.2,28,33,1.1175870895385742e-08,0.00015414888912346214,2026092702,energy_half
time.0,28,34,1.4901161193847656e-08,0.000672399764880538,2026092702,energy_half
time.1,28,34,1.4901161193847656e-08,0.00025168395950458944,2026092702,energy_half
time.2,28,34,2.2351741790771484e-08,0.0006025435286574066,2026092702,energy_half
behavior.0,28,34,1.4901161193847656e-08,0.00025947063113562763,2026092702,energy_half
behavior.1,28,34,1.4901161193847656e-08,0.00016539235366508365,2026092702,energy_half
behavior.2,28,34,1.4901161193847656e-08,0.00020159262930974364,2026092702,energy_half
time.0,28,35,2.2351741790771484e-08,0.0007647969177924097,2026092702,energy_half
time.1,28,35,2.2351741790771484e-08,0.00031920825131237507,2026092702,energy_half
time.2,28,35,2.9802322387695312e-08,0.0007282918668352067,2026092702,energy_half
behavior.0,28,35,1.4901161193847656e-08,0.00024062063312157989,2026092702,energy_half
behavior.1,28,35,1.4901161193847656e-08,0.0001445448724552989,2026092702,energy_half
behavior.2,28,35,1.1175870895385742e-08,0.00014783086953684688,2026092702,energy_half
time.0,28,36,1.4901161193847656e-08,0.0006656029727309942,2026092702,energy_half
time.1,28,36,1.4901161193847656e-08,0.00028101535281166434,2026092702,energy_half
time.2,28,36,1.4901161193847656e-08,0.0006905061309225857,2026092702,energy_half
behavior.0,28,36,1.4901161193847656e-08,0.0002594835823401809,2026092702,energy_half
behavior.1,28,36,1.4901161193847656e-08,0.0001547699503134936,2026092702,energy_half
behavior.2,28,36,1.1175870895385742e-08,0.00015357151278294623,2026092702,energy_half
time.0,28,37,2.2351741790771484e-08,0.0006734055350534618,2026092702,energy_half
time.1,28,37,1.4901161193847656e-08,0.0002820013032760471,2026092702,energy_half
time.2,28,37,2.9802322387695312e-08,0.0007495597237721086,2026092702,energy_half
behavior.0,28,37,1.4901161193847656e-08,0.00023673016403336078,2026092702,energy_half
behavior.1,28,37,1.4901161193847656e-08,0.000138751624035649,2026092702,energy_half
behavior.2,28,37,1.4901161193847656e-08,0.0001376689033349976,2026092702,energy_half
time.0,28,38,4.470348358154297e-08,0.0006585161900147796,2026092702,energy_half
time.1,28,38,1.4901161193847656e-08,0.0002654189884196967,2026092702,energy_half
time.2,28,38,1.4901161193847656e-08,0.0006912221433594823,2026092702,energy_half
behavior.0,28,38,2.2351741790771484e-08,0.00025217945221811533,2026092702,energy_half
behavior.1,28,38,2.2351741790771484e-08,0.00014469526649918407,2026092702,energy_half
behavior.2,28,38,1.4901161193847656e-08,0.0001661920250626281,2026092702,energy_half
time.0,28,39,2.2351741790771484e-08,0.0006921164458617568,2026092702,energy_half
time.1,28,39,1.4901161193847656e-08,0.00028184050461277366,2026092702,energy_half
time.2,28,39,2.2351741790771484e-08,0.0007088204729370773,2026092702,energy_half
behavior.0,28,39,1.4901161193847656e-08,0.0002516927197575569,2026092702,energy_half
behavior.1,28,39,1.862645149230957e-08,0.00014807730622123927,2026092702,energy_half
behavior.2,28,39,1.4901161193847656e-08,0.000141177762998268,2026092702,energy_half
time.0,28,40,1.4901161193847656e-08,0.0006917339051142335,2026092702,energy_half
time.1,28,40,1.4901161193847656e-08,0.0002784439129754901,2026092702,energy_half
time.2,28,40,2.9802322387695312e-08,0.0007430559489876032,2026092702,energy_half
behavior.0,28,40,1.862645149230957e-08,0.00027154837152920663,2026092702,energy_half
behavior.1,28,40,1.4901161193847656e-08,0.00016704801237210631,2026092702,energy_half
behavior.2,28,40,1.4901161193847656e-08,0.00016389913798775524,2026092702,energy_half
time.0,28,41,1.4901161193847656e-08,0.0006163305952213705,2026092702,energy_half
time.1,28,41,1.1175870895385742e-08,0.0002461487893015146,2026092702,energy_half
time.2,28,41,1.4901161193847656e-08,0.000600663130171597,2026092702,energy_half
behavior.0,28,41,1.862645149230957e-08,0.0002504079311620444,2026092702,energy_half
behavior.1,28,41,1.4901161193847656e-08,0.00015046444605104625,2026092702,energy_half
behavior.2,28,41,1.1175870895385742e-08,0.0001455225865356624,2026092702,energy_half
time.0,28,42,2.9802322387695312e-08,0.0007345121703110635,2026092702,energy_half
time.1,28,42,1.4901161193847656e-08,0.00030191458063200116,2026092702,energy_half
time.2,28,42,2.9802322387695312e-08,0.0007906178361736238,2026092702,energy_half
behavior.0,28,42,2.2351741790771484e-08,0.00025209892191924155,2026092702,energy_half
behavior.1,28,42,1.4901161193847656e-08,0.0001510788279119879,2026092702,energy_half
behavior.2,28,42,2.2351741790771484e-08,0.00019412062829360366,2026092702,energy_half
time.0,28,43,2.2351741790771484e-08,0.0006484610494226217,2026092702,energy_half
time.1,28,43,1.4901161193847656e-08,0.0002583409077487886,2026092702,energy_half
time.2,28,43,2.9802322387695312e-08,0.0007540358928963542,2026092702,energy_half
behavior.0,28,43,1.4901161193847656e-08,0.00024965195916593075,2026092702,energy_half
behavior.1,28,43,1.4901161193847656e-08,0.00015046638145577163,2026092702,energy_half
behavior.2,28,43,1.4901161193847656e-08,0.00014857013593427837,2026092702,energy_half
time.0,28,44,2.9802322387695312e-08,0.0005848168511874974,2026092702,energy_half
time.1,28,44,1.4901161193847656e-08,0.00022527883993461728,2026092702,energy_half
time.2,28,44,2.9802322387695312e-08,0.000598121143411845,2026092702,energy_half
behavior.0,28,44,1.4901161193847656e-08,0.0002588643692433834,2026092702,energy_half
behavior.1,28,44,1.4901161193847656e-08,0.00016030430560931563,2026092702,energy_half
behavior.2,28,44,1.4901161193847656e-08,0.00017200791626237333,2026092702,energy_half
time.0,28,45,1.4901161193847656e-08,0.0006221205112524331,2026092702,energy_half
time.1,28,45,1.4901161193847656e-08,0.00023809114645700902,2026092702,energy_half
time.2,28,45,2.9802322387695312e-08,0.0006539686000905931,2026092702,energy_half
behavior.0,28,45,1.4901161193847656e-08,0.0002346713445149362,2026092702,energy_half
behavior.1,28,45,1.4901161193847656e-08,0.0001451614807592705,2026092702,energy_half
behavior.2,28,45,1.1175870895385742e-08,0.00013489053526427597,2026092702,energy_half
time.0,28,46,2.9802322387695312e-08,0.0006970037939026952,2026092702,energy_half
time.1,28,46,2.2351741790771484e-08,0.00027049408527091146,2026092702,energy_half
time.2,28,46,2.2351741790771484e-08,0.0006887239287607372,2026092702,energy_half
behavior.0,28,46,1.4901161193847656e-08,0.00026622568839229643,2026092702,energy_half
behavior.1,28,46,1.4901161193847656e-08,0.000154727473272942,2026092702,energy_half
behavior.2,28,46,2.2351741790771484e-08,0.00016151601448655128,2026092702,energy_half
time.0,28,47,2.2351741790771484e-08,0.0006826380849815905,2026092702,energy_half
time.1,28,47,1.4901161193847656e-08,0.00026090219034813344,2026092702,energy_half
time.2,28,47,2.9802322387695312e-08,0.0006324235582724214,2026092702,energy_half
behavior.0,28,47,1.4901161193847656e-08,0.0002465873258188367,2026092702,energy_half
behavior.1,28,47,1.4901161193847656e-08,0.00016176648205146194,2026092702,energy_half
behavior.2,28,47,1.4901161193847656e-08,0.00015906026237644255,2026092702,energy_half
time.0,28,48,4.470348358154297e-08,0.0006885841721668839,2026092702,energy_half
time.1,28,48,1.4901161193847656e-08,0.0002522867580410093,2026092702,energy_half
time.2,28,48,2.9802322387695312e-08,0.0005923135904595256,2026092702,energy_half
behavior.0,28,48,1.4901161193847656e-08,0.00027027129544876516,2026092702,energy_half
behavior.1,28,48,1.4901161193847656e-08,0.00016698954277671874,2026092702,energy_half
behavior.2,28,48,1.4901161193847656e-08,0.00018538415315560997,2026092702,energy_half
time.0,28,49,2.2351741790771484e-08,0.0007401735056191683,2026092702,energy_half
time.1,28,49,2.9802322387695312e-08,0.0002862472028937191,2026092702,energy_half
time.2,28,49,2.2351741790771484e-08,0.0007794012781232595,2026092702,energy_half
behavior.0,28,49,1.4901161193847656e-08,0.000253241159953177,2026092702,energy_half
behavior.1,28,49,1.4901161193847656e-08,0.00015535025158897042,2026092702,energy_half
behavior.2,28,49,1.4901161193847656e-08,0.00016334097017534077,2026092702,energy_half
time.0,28,50,2.2351741790771484e-08,0.0007904989179223776,2026092702,energy_half
time.1,28,50,1.4901161193847656e-08,0.00029091292526572943,2026092702,energy_half
time.2,28,50,2.9802322387695312e-08,0.0007707582553848624,2026092702,energy_half
behavior.0,28,50,1.4901161193847656e-08,0.0002512540086172521,2026092702,energy_half
behavior.1,28,50,1.4901161193847656e-08,0.0001427536190021783,2026092702,energy_half
behavior.2,28,50,1.4901161193847656e-08,0.00016732150106690824,2026092702,energy_half
time.0,28,51,2.2351741790771484e-08,0.000738398521207273,2026092702,energy_half
time.1,28,51,1.4901161193847656e-08,0.00029427147819660604,2026092702,energy_half
time.2,28,51,1.4901161193847656e-08,0.0006923105102032423,2026092702,energy_half
behavior.0,28,51,1.4901161193847656e-08,0.0002428366569802165,2026092702,energy_half
behavior.1,28,51,1.4901161193847656e-08,0.000135190348373726,2026092702,energy_half
behavior.2,28,51,1.4901161193847656e-08,0.0001866591046564281,2026092702,energy_half
time.0,28,52,2.2351741790771484e-08,0.0006541495677083731,2026092702,energy_half
time.1,28,52,1.4901161193847656e-08,0.00025087196263484657,2026092702,energy_half
time.2,28,52,2.9802322387695312e-08,0.0006225702818483114,2026092702,energy_half
behavior.0,28,52,2.2351741790771484e-08,0.0002578821440692991,2026092702,energy_half
behavior.1,28,52,1.4901161193847656e-08,0.00016159247024916112,2026092702,energy_half
behavior.2,28,52,1.4901161193847656e-08,0.00015956955030560493,2026092702,energy_half
time.0,28,53,2.9802322387695312e-08,0.0007719980203546584,2026092702,energy_half
time.1,28,53,1.4901161193847656e-08,0.00029721352620981634,2026092702,energy_half
time.2,28,53,2.2351741790771484e-08,0.0008061883854679763,2026092702,energy_half
behavior.0,28,53,1.4901161193847656e-08,0.00021885611931793392,2026092702,energy_half
behavior.1,28,53,1.4901161193847656e-08,0.0001270493376068771,2026092702,energy_half
behavior.2,28,53,1.4901161193847656e-08,0.00014269771054387093,2026092702,energy_half
time.0,28,54,2.9802322387695312e-08,0.0006513549597002566,2026092702,energy_half
time.1,28,54,1.4901161193847656e-08,0.0002462043194100261,2026092702,energy_half
time.2,28,54,2.9802322387695312e-08,0.0006084764609113336,2026092702,energy_half
behavior.0,28,54,1.4901161193847656e-08,0.00024302478414028883,2026092702,energy_half
behavior.1,28,54,1.4901161193847656e-08,0.00014681625179946423,2026092702,energy_half
behavior.2,28,54,1.4901161193847656e-08,0.0001673477963777259,2026092702,energy_half
time.0,28,55,2.9802322387695312e-08,0.0007177467923611403,2026092702,energy_half
time.1,28,55,1.4901161193847656e-08,0.0002760334173217416,2026092702,energy_half
time.2,28,55,2.9802322387695312e-08,0.0007666409364901483,2026092702,energy_half
behavior.0,28,55,1.4901161193847656e-08,0.00024032565124798566,2026092702,energy_half
behavior.1,28,55,1.4901161193847656e-08,0.0001411996054230258,2026092702,energy_half
behavior.2,28,55,1.4901161193847656e-08,0.00015414213703479618,2026092702,energy_half
time.0,28,56,2.9802322387695312e-08,0.000714815454557538,2026092702,energy_half
time.1,28,56,2.2351741790771484e-08,0.00026881846133619547,2026092702,energy_half
time.2,28,56,2.9802322387695312e-08,0.000699659576639533,2026092702,energy_half
behavior.0,28,56,1.862645149230957e-08,0.0002375748154008761,2026092702,energy_half
behavior.1,28,56,1.4901161193847656e-08,0.0001411109697073698,2026092702,energy_half
behavior.2,28,56,1.1175870895385742e-08,0.00015388763858936727,2026092702,energy_half
time.0,28,57,2.2351741790771484e-08,0.0006120462203398347,2026092702,energy_half
time.1,28,57,1.4901161193847656e-08,0.00021522138558793813,2026092702,energy_half
time.2,28,57,2.9802322387695312e-08,0.0006185834063217044,2026092702,energy_half
behavior.0,28,57,1.4901161193847656e-08,0.0002477816888131201,2026092702,energy_half
behavior.1,28,57,1.1175870895385742e-08,0.00014571186329703778,2026092702,energy_half
behavior.2,28,57,1.4901161193847656e-08,0.00015975844871718436,2026092702,energy_half
time.0,28,58,2.9802322387695312e-08,0.0006689170259051025,2026092702,energy_half
time.1,28,58,1.4901161193847656e-08,0.00023918684746604413,2026092702,energy_half
time.2,28,58,4.470348358154297e-08,0.0006806941819377244,2026092702,energy_half
behavior.0,28,58,1.862645149230957e-08,0.00024367748119402677,2026092702,energy_half
behavior.1,28,58,1.4901161193847656e-08,0.00014338662731461227,2026092702,energy_half
behavior.2,28,58,1.4901161193847656e-08,0.00017049127200152725,2026092702,energy_half
time.0,28,59,2.2351741790771484e-08,0.0006878033163957298,2026092702,energy_half
time.1,28,59,2.2351741790771484e-08,0.00025543442461639643,2026092702,energy_half
time.2,28,59,2.2351741790771484e-08,0.0006745096179656684,2026092702,energy_half
behavior.0,28,59,1.4901161193847656e-08,0.000259073858615011,2026092702,energy_half
behavior.1,28,59,2.2351741790771484e-08,0.0001490165595896542,2026092702,energy_half
behavior.2,28,59,1.4901161193847656e-08,0.00018173559510614723,2026092702,energy_half
time.0,28,60,2.2351741790771484e-08,0.0006182183278724551,2026092702,energy_half
time.1,28,60,1.4901161193847656e-08,0.00022654817439615726,2026092702,energy_half
time.2,28,60,2.2351741790771484e-08,0.0005904942518100142,2026092702,energy_half
behavior.0,28,60,1.4901161193847656e-08,0.00023557496024295688,2026092702,energy_half
behavior.1,28,60,1.4901161193847656e-08,0.00013106204278301448,2026092702,energy_half
behavior.2,28,60,1.4901161193847656e-08,0.0001495712494943291,2026092702,energy_half
time.0,28,61,2.2351741790771484e-08,0.0008119975100271404,2026092702,energy_half
time.1,28,61,2.9802322387695312e-08,0.000315684184897691,2026092702,energy_half
time.2,28,61,2.9802322387695312e-08,0.0008299205801449716,2026092702,energy_half
behavior.0,28,61,1.4901161193847656e-08,0.0002550256613176316,2026092702,energy_half
behavior.1,28,61,1.4901161193847656e-08,0.00014339774497784674,2026092702,energy_half
behavior.2,28,61,1.4901161193847656e-08,0.00019278090621810406,2026092702,energy_half
time.0,28,62,2.2351741790771484e-08,0.0006467296043410897,2026092702,energy_half
time.1,28,62,2.2351741790771484e-08,0.00023391854483634233,2026092702,energy_half
time.2,28,62,1.4901161193847656e-08,0.0005775479949079454,2026092702,energy_half
behavior.0,28,62,1.4901161193847656e-08,0.00026064220583066344,2026092702,energy_half
behavior.1,28,62,1.4901161193847656e-08,0.00015622582577634603,2026092702,energy_half
behavior.2,28,62,1.4901161193847656e-08,0.00017172661318909377,2026092702,energy_half
time.0,28,63,1.4901161193847656e-08,0.0006368139293044806,2026092702,energy_half
time.1,28,63,1.4901161193847656e-08,0.0002342346269870177,2026092702,energy_half
time.2,28,63,1.4901161193847656e-08,0.0005692586419172585,2026092702,energy_half
behavior.0,28,63,1.4901161193847656e-08,0.0002642918552737683,2026092702,energy_half
behavior.1,28,63,1.4901161193847656e-08,0.00014789658598601818,2026092702,energy_half
behavior.2,28,63,1.1175870895385742e-08,0.00017536597442813218,2026092702,energy_half
time.0,28,64,2.2351741790771484e-08,0.0007001826888881624,2026092702,energy_half
time.1,28,64,1.4901161193847656e-08,0.00026990880724042654,2026092702,energy_half
time.2,28,64,2.9802322387695312e-08,0.0007504604873247445,2026092702,energy_half
behavior.0,28,64,1.4901161193847656e-08,0.0002630275266710669,2026092702,energy_half
behavior.1,28,64,2.2351741790771484e-08,0.00015899141726549715,2026092702,energy_half
behavior.2,28,64,1.4901161193847656e-08,0.00017306215886492282,2026092702,energy_half
time.0,28,65,2.2351741790771484e-08,0.0006947056972421706,2026092702,energy_half
time.1,28,65,1.4901161193847656e-08,0.0002633656549733132,2026092702,energy_half
time.2,28,65,2.9802322387695312e-08,0.0007375123677775264,2026092702,energy_half
behavior.0,28,65,1.4901161193847656e-08,0.00024302085512317717,2026092702,energy_half
behavior.1,28,65,2.2351741790771484e-08,0.00014900411770213395,2026092702,energy_half
behavior.2,28,65,1.1175870895385742e-08,0.00016243146092165262,2026092702,energy_half
time.0,28,66,1.4901161193847656e-08,0.0007296075928024948,2026092702,energy_half
time.1,28,66,1.4901161193847656e-08,0.0002987503248732537,2026092702,energy_half
time.2,28,66,2.9802322387695312e-08,0.0007566058775410056,2026092702,energy_half
behavior.0,28,66,1.4901161193847656e-08,0.000268952629994601,2026092702,energy_half
behavior.1,28,66,2.2351741790771484e-08,0.00015659068594686687,2026092702,energy_half
behavior.2,28,66,2.2351741790771484e-08,0.00017656122508924454,2026092702,energy_half
time.0,28,67,2.9802322387695312e-08,0.0006334928912110627,2026092702,energy_half
time.1,28,67,1.4901161193847656e-08,0.000218872883124277,2026092702,energy_half
time.2,28,67,2.9802322387695312e-08,0.0005829394212923944,2026092702,energy_half
behavior.0,28,67,1.4901161193847656e-08,0.00024220366321969777,2026092702,energy_half
behavior.1,28,67,1.4901161193847656e-08,0.0001367171498714015,2026092702,energy_half
behavior.2,28,67,1.4901161193847656e-08,0.00015360803809016943,2026092702,energy_half
time.0,28,68,2.2351741790771484e-08,0.0007928254781290889,2026092702,energy_half
time.1,28,68,1.4901161193847656e-08,0.00030963224708102643,2026092702,energy_half
time.2,28,68,4.470348358154297e-08,0.0007879413897171617,2026092702,energy_half
behavior.0,28,68,1.4901161193847656e-08,0.00026275060372427106,2026092702,energy_half
behavior.1,28,68,1.4901161193847656e-08,0.0001547746069263667,2026092702,energy_half
behavior.2,28,68,1.4901161193847656e-08,0.00020527660672087222,2026092702,energy_half
time.0,28,69,2.9802322387695312e-08,0.0005567015614360571,2026092702,energy_half
time.1,28,69,1.1175870895385742e-08,0.00019345707551110536,2026092702,energy_half
time.2,28,69,2.2351741790771484e-08,0.00048062484711408615,2026092702,energy_half
behavior.0,28,69,1.4901161193847656e-08,0.00023665293701924384,2026092702,energy_half
behavior.1,28,69,1.4901161193847656e-08,0.000135886570205912,2026092702,energy_half
behavior.2,28,69,1.4901161193847656e-08,0.0001814458955777809,2026092702,energy_half
time.0,28,70,2.2351741790771484e-08,0.0006954109412617981,2026092702,energy_half
time.1,28,70,1.4901161193847656e-08,0.00026530190370976925,2026092702,energy_half
time.2,28,70,1.4901161193847656e-08,0.0007087786798365414,2026092702,energy_half
behavior.0,28,70,1.4901161193847656e-08,0.00024148577358573675,2026092702,energy_half
behavior.1,28,70,1.4901161193847656e-08,0.00014803200610913336,2026092702,energy_half
behavior.2,28,70,1.4901161193847656e-08,0.00017575774108991027,2026092702,energy_half
time.0,28,71,2.2351741790771484e-08,0.0006384641746990383,2026092702,energy_half
time.1,28,71,1.4901161193847656e-08,0.0002412458707112819,2026092702,energy_half
time.2,28,71,2.9802322387695312e-08,0.0006228293641470373,2026092702,energy_half
behavior.0,28,71,1.4901161193847656e-08,0.0002712624554987997,2026092702,energy_half
behavior.1,28,71,1.4901161193847656e-08,0.00016119943757075816,2026092702,energy_half
behavior.2,28,71,1.4901161193847656e-08,0.00020737937302328646,2026092702,energy_half
time.0,28,72,1.4901161193847656e-08,0.0007392768166027963,2026092702,energy_half
time.1,28,72,1.4901161193847656e-08,0.00029871248989365995,2026092702,energy_half
time.2,28,72,2.2351741790771484e-08,0.0008794331224635243,2026092702,energy_half
behavior.0,28,72,1.4901161193847656e-08,0.0002540813875384629,2026092702,energy_half
behavior.1,28,72,1.4901161193847656e-08,0.00014008684956934303,2026092702,energy_half
behavior.2,28,72,1.4901161193847656e-08,0.00015820206317584962,2026092702,energy_half
time.0,28,73,2.2351741790771484e-08,0.0007544092368334532,2026092702,energy_half
time.1,28,73,2.2351741790771484e-08,0.0003015306720044464,2026092702,energy_half
time.2,28,73,2.2351741790771484e-08,0.0008978729019872844,2026092702,energy_half
behavior.0,28,73,1.4901161193847656e-08,0.00025852196267805994,2026092702,energy_half
behavior.1,28,73,7.450580596923828e-09,0.00014911316975485533,2026092702,energy_half
behavior.2,28,73,1.4901161193847656e-08,0.00015491212252527475,2026092702,energy_half
time.0,28,74,2.9802322387695312e-08,0.0006964587955735624,2026092702,energy_half
time.1,28,74,2.2351741790771484e-08,0.000273205921985209,2026092702,energy_half
time.2,28,74,2.9802322387695312e-08,0.0007871008128859103,2026092702,energy_half
behavior.0,28,74,1.4901161193847656e-08,0.0002743626828305423,2026092702,energy_half
behavior.1,28,74,1.4901161193847656e-08,0.00015399220865219831,2026092702,energy_half
behavior.2,28,74,1.4901161193847656e-08,0.000175816283444874,2026092702,energy_half
time.0,28,75,2.2351741790771484e-08,0.0006319627282209694,2026092702,energy_half
time.1,28,75,1.4901161193847656e-08,0.00024237744219135493,2026092702,energy_half
time.2,28,75,1.4901161193847656e-08,0.0007082914817146957,2026092702,energy_half
behavior.0,28,75,1.4901161193847656e-08,0.0002762656076811254,2026092702,energy_half
behavior.1,28,75,1.4901161193847656e-08,0.00016391155077144504,2026092702,energy_half
behavior.2,28,75,1.4901161193847656e-08,0.0002066857268800959,2026092702,energy_half
time.0,28,76,1.4901161193847656e-08,0.000672816124279052,2026092702,energy_half
time.1,28,76,1.4901161193847656e-08,0.0002544526942074299,2026092702,energy_half
time.2,28,76,2.9802322387695312e-08,0.0008053946075960994,2026092702,energy_half
behavior.0,28,76,1.4901161193847656e-08,0.00027659040642902255,2026092702,energy_half
behavior.1,28,76,2.2351741790771484e-08,0.00016376566782128066,2026092702,energy_half
behavior.2,28,76,1.4901161193847656e-08,0.00017883206601254642,2026092702,energy_half
time.0,28,77,2.2351741790771484e-08,0.0006728272419422865,2026092702,energy_half
time.1,28,77,1.4901161193847656e-08,0.00023961454280652106,2026092702,energy_half
time.2,28,77,2.9802322387695312e-08,0.0006898199790157378,2026092702,energy_half
behavior.0,28,77,1.4901161193847656e-08,0.00027012149803340435,2026092702,energy_half
behavior.1,28,77,1.4901161193847656e-08,0.0001555930939503014,2026092702,energy_half
behavior.2,28,77,1.4901161193847656e-08,0.00020319853501860052,2026092702,energy_half
time.0,28,78,2.9802322387695312e-08,0.0007929268758744001,2026092702,energy_half
time.1,28,78,1.4901161193847656e-08,0.00029897401691414416,2026092702,energy_half
time.2,28,78,2.9802322387695312e-08,0.0008406362612731755,2026092702,energy_half
behavior.0,28,78,2.2351741790771484e-08,0.0002469540049787611,2026092702,energy_half
behavior.1,28,78,1.4901161193847656e-08,0.00014011948951520026,2026092702,energy_half
behavior.2,28,78,1.4901161193847656e-08,0.00019762400188483298,2026092702,energy_half
time.0,28,79,1.4901161193847656e-08,0.0006392709910869598,2026092702,energy_half
time.1,28,79,1.4901161193847656e-08,0.00021315496996976435,2026092702,energy_half
time.2,28,79,2.9802322387695312e-08,0.0006371924537234008,2026092702,energy_half
behavior.0,28,79,1.1175870895385742e-08,0.00024848475004546344,2026092702,energy_half
behavior.1,28,79,1.4901161193847656e-08,0.00014133733930066228,2026092702,energy_half
behavior.2,28,79,1.4901161193847656e-08,0.00018245472165290266,2026092702,energy_half
time.0,28,80,1.4901161193847656e-08,0.0007479902706108987,2026092702,energy_half
time.1,28,80,1.4901161193847656e-08,0.00027352740289643407,2026092702,energy_half
time.2,28,80,1.4901161193847656e-08,0.0008115218370221555,2026092702,energy_half
behavior.0,28,80,1.4901161193847656e-08,0.0002559308777563274,2026092702,energy_half
behavior.1,28,80,2.2351741790771484e-08,0.00015340064419433475,2026092702,energy_half
behavior.2,28,80,1.4901161193847656e-08,0.00016547043924219906,2026092702,energy_half
time.0,28,81,1.4901161193847656e-08,0.0007676953682675958,2026092702,energy_half
time.1,28,81,1.4901161193847656e-08,0.0002874027704820037,2026092702,energy_half
time.2,28,81,2.9802322387695312e-08,0.000777477165684104,2026092702,energy_half
behavior.0,28,81,1.4901161193847656e-08,0.00024206428497564048,2026092702,energy_half
behavior.1,28,81,2.2351741790771484e-08,0.0001392758422298357,2026092702,energy_half
behavior.2,28,81,1.4901161193847656e-08,0.00016851277905516326,2026092702,energy_half
time.0,28,82,1.4901161193847656e-08,0.0007758392603136599,2026092702,energy_half
time.1,28,82,1.4901161193847656e-08,0.00029958979575894773,2026092702,energy_half
time.2,28,82,2.2351741790771484e-08,0.0007321318844333291,2026092702,energy_half
behavior.0,28,82,1.4901161193847656e-08,0.00022573287424165756,2026092702,energy_half
behavior.1,28,82,1.4901161193847656e-08,0.0001224474690388888,2026092702,energy_half
behavior.2,28,82,1.4901161193847656e-08,0.0001595516223460436,2026092702,energy_half
time.0,28,83,1.4901161193847656e-08,0.0007009764667600393,2026092702,energy_half
time.1,28,83,1.4901161193847656e-08,0.00024179283354897052,2026092702,energy_half
time.2,28,83,2.2351741790771484e-08,0.0006917792488820851,2026092702,energy_half
behavior.0,28,83,1.4901161193847656e-08,0.00026162349968217313,2026092702,energy_half
behavior.1,28,83,1.4901161193847656e-08,0.00015828371397219598,2026092702,energy_half
behavior.2,28,83,1.4901161193847656e-08,0.00019314132805448025,2026092702,energy_half
time.0,28,84,1.4901161193847656e-08,0.0006833417573943734,2026092702,energy_half
time.1,28,84,4.470348358154297e-08,0.00023112774943001568,2026092702,energy_half
time.2,28,84,2.9802322387695312e-08,0.0006755174254067242,2026092702,energy_half
behavior.0,28,84,1.4901161193847656e-08,0.0002587136114016175,2026092702,energy_half
behavior.1,28,84,1.4901161193847656e-08,0.00014435662887990475,2026092702,energy_half
behavior.2,28,84,1.4901161193847656e-08,0.00021193237625993788,2026092702,energy_half
time.0,28,85,1.4901161193847656e-08,0.0007779283332638443,2026092702,energy_half
time.1,28,85,1.4901161193847656e-08,0.0003009033389389515,2026092702,energy_half
time.2,28,85,3.725290298461914e-08,0.0009320136741735041,2026092702,energy_half
behavior.0,28,85,1.862645149230957e-08,0.0002539334527682513,2026092702,energy_half
behavior.1,28,85,7.450580596923828e-09,0.0001468599948566407,2026092702,energy_half
behavior.2,28,85,1.4901161193847656e-08,0.00017608297639526427,2026092702,energy_half
time.0,28,86,2.9802322387695312e-08,0.0008430599118582904,2026092702,energy_half
time.1,28,86,1.4901161193847656e-08,0.00031048161326907575,2026092702,energy_half
time.2,28,86,2.9802322387695312e-08,0.0009618780459277332,2026092702,energy_half
behavior.0,28,86,2.2351741790771484e-08,0.00023550169134978205,2026092702,energy_half
behavior.1,28,86,2.2351741790771484e-08,0.0001366685755783692,2026092702,energy_half
behavior.2,28,86,1.4901161193847656e-08,0.00016864476492628455,2026092702,energy_half
time.0,28,87,1.4901161193847656e-08,0.0007400844478979707,2026092702,energy_half
time.1,28,87,1.4901161193847656e-08,0.00027498742565512657,2026092702,energy_half
time.2,28,87,2.9802322387695312e-08,0.0008382740197703242,2026092702,energy_half
behavior.0,28,87,1.4901161193847656e-08,0.00023832006263546646,2026092702,energy_half
behavior.1,28,87,1.4901161193847656e-08,0.00012861557479482144,2026092702,energy_half
behavior.2,28,87,1.4901161193847656e-08,0.00015827175229787827,2026092702,energy_half
time.0,28,88,2.9802322387695312e-08,0.0008182820165529847,2026092702,energy_half
time.1,28,88,2.2351741790771484e-08,0.0003181960782967508,2026092702,energy_half
time.2,28,88,2.9802322387695312e-08,0.0009427379700355232,2026092702,energy_half
behavior.0,28,88,1.4901161193847656e-08,0.000249693839577958,2026092702,energy_half
behavior.1,28,88,1.4901161193847656e-08,0.00014357602049130946,2026092702,energy_half
behavior.2,28,88,1.1175870895385742e-08,0.00015647857799194753,2026092702,energy_half
time.0,28,89,1.4901161193847656e-08,0.0006723012193106115,2026092702,energy_half
time.1,28,89,1.4901161193847656e-08,0.0002466297009959817,2026092702,energy_half
time.2,28,89,2.9802322387695312e-08,0.0006728327134624124,2026092702,energy_half
behavior.0,28,89,1.4901161193847656e-08,0.0002783671079669148,2026092702,energy_half
behavior.1,28,89,1.4901161193847656e-08,0.00015677987539675087,2026092702,energy_half
behavior.2,28,89,1.4901161193847656e-08,0.000218819739529863,2026092702,energy_half
time.0,28,90,2.9802322387695312e-08,0.0006829291232861578,2026092702,energy_half
time.1,28,90,1.4901161193847656e-08,0.0002422709367237985,2026092702,energy_half
time.2,28,90,2.2351741790771484e-08,0.0007274247473105788,2026092702,energy_half
behavior.0,28,90,1.4901161193847656e-08,0.0002670532267075032,2026092702,energy_half
behavior.1,28,90,1.4901161193847656e-08,0.00015600028564222157,2026092702,energy_half
behavior.2,28,90,1.1175870895385742e-08,0.0001983168040169403,2026092702,energy_half
time.0,28,91,2.9802322387695312e-08,0.0006202239892445505,2026092702,energy_half
time.1,28,91,1.1175870895385742e-08,0.00020286483049858361,2026092702,energy_half
time.2,28,91,2.9802322387695312e-08,0.0005917725502513349,2026092702,energy_half
behavior.0,28,91,1.4901161193847656e-08,0.00025366878253407776,2026092702,energy_half
behavior.1,28,91,1.4901161193847656e-08,0.00013932296133134514,2026092702,energy_half
behavior.2,28,91,1.4901161193847656e-08,0.00019569524738471955,2026092702,energy_half
time.0,28,92,2.9802322387695312e-08,0.0007086138939484954,2026092702,energy_half
time.1,28,92,1.4901161193847656e-08,0.00024511231458745897,2026092702,energy_half
time.2,28,92,1.4901161193847656e-08,0.0007704600575380027,2026092702,energy_half
behavior.0,28,92,1.4901161193847656e-08,0.00025570564321242273,2026092702,energy_half
behavior.1,28,92,1.4901161193847656e-08,0.0001396011793985963,2026092702,energy_half
behavior.2,28,92,1.4901161193847656e-08,0.00022888678358867764,2026092702,energy_half
time.0,28,93,3.725290298461914e-08,0.000603452674113214,2026092702,energy_half
time.1,28,93,1.4901161193847656e-08,0.00020110236073378474,2026092702,energy_half
time.2,28,93,2.2351741790771484e-08,0.0006935411365702748,2026092702,energy_half
behavior.0,28,93,1.4901161193847656e-08,0.00027587899239733815,2026092702,energy_half
behavior.1,28,93,1.4901161193847656e-08,0.0001572220353409648,2026092702,energy_half
behavior.2,28,93,2.9802322387695312e-08,0.00021043654123786837,2026092702,energy_half
time.0,28,94,2.9802322387695312e-08,0.0006558724562637508,2026092702,energy_half
time.1,28,94,1.4901161193847656e-08,0.0002391201414866373,2026092702,energy_half
time.2,28,94,2.9802322387695312e-08,0.0006676235934719443,2026092702,energy_half
behavior.0,28,94,2.2351741790771484e-08,0.00024058777489699423,2026092702,energy_half
behavior.1,28,94,1.4901161193847656e-08,0.0001394253777107224,2026092702,energy_half
behavior.2,28,94,1.1175870895385742e-08,0.00016277696704491973,2026092702,energy_half
time.0,28,95,2.9802322387695312e-08,0.0006696627824567258,2026092702,energy_half
time.1,28,95,1.4901161193847656e-08,0.00023724652419332415,2026092702,energy_half
time.2,28,95,2.9802322387695312e-08,0.0007404157659038901,2026092702,energy_half
behavior.0,28,95,1.4901161193847656e-08,0.0002585147158242762,2026092702,energy_half
behavior.1,28,95,1.4901161193847656e-08,0.00014041444228496403,2026092702,energy_half
behavior.2,28,95,2.2351741790771484e-08,0.00019873722339980304,2026092702,energy_half
time.0,28,96,2.9802322387695312e-08,0.000689736451022327,2026092702,energy_half
time.1,28,96,2.2351741790771484e-08,0.0002452923799864948,2026092702,energy_half
time.2,28,96,2.9802322387695312e-08,0.0007132753962650895,2026092702,energy_half
behavior.0,28,96,1.862645149230957e-08,0.00025968876434490085,2026092702,energy_half
behavior.1,28,96,1.4901161193847656e-08,0.00014918259694240987,2026092702,energy_half
behavior.2,28,96,1.1175870895385742e-08,0.00020585725724231452,2026092702,energy_half
time.0,28,97,2.9802322387695312e-08,0.0007919162744656205,2026092702,energy_half
time.1,28,97,1.4901161193847656e-08,0.00030248743132688105,2026092702,energy_half
time.2,28,97,2.9802322387695312e-08,0.0008362061926163733,2026092702,energy_half
behavior.0,28,97,2.2351741790771484e-08,0.00024348610895685852,2026092702,energy_half
behavior.1,28,97,1.4901161193847656e-08,0.00013126312114764005,2026092702,energy_half
behavior.2,28,97,1.4901161193847656e-08,0.00019074637384619564,2026092702,energy_half
time.0,28,98,2.9802322387695312e-08,0.0006775152287445962,2026092702,energy_half
time.1,28,98,1.4901161193847656e-08,0.00025015155551955104,2026092702,energy_half
time.2,28,98,2.9802322387695312e-08,0.0007341066957451403,2026092702,energy_half
behavior.0,28,98,1.4901161193847656e-08,0.0002545563329476863,2026092702,energy_half
behavior.1,28,98,1.4901161193847656e-08,0.0001392513222526759,2026092702,energy_half
behavior.2,28,98,1.4901161193847656e-08,0.00015953747788444161,2026092702,energy_half
time.0,28,99,2.2351741790771484e-08,0.0006312441546469927,2026092702,energy_half
time.1,28,99,1.4901161193847656e-08,0.00021982996258884668,2026092702,energy_half
time.2,28,99,2.2351741790771484e-08,0.0006938130827620625,2026092702,energy_half
behavior.0,28,99,1.4901161193847656e-08,0.00025132912560366094,2026092702,energy_half
behavior.1,28,99,1.4901161193847656e-08,0.00014779501361772418,2026092702,energy_half
behavior.2,28,99,2.2351741790771484e-08,0.00017993665824178606,2026092702,energy_half
time.0,28,100,2.9802322387695312e-08,0.0007914163870736957,2026092702,energy_half
time.1,28,100,1.4901161193847656e-08,0.00029789903783239424,2026092702,energy_half
time.2,28,100,2.9802322387695312e-08,0.0008904623100534081,2026092702,energy_half
behavior.0,28,100,1.4901161193847656e-08,0.00024158174346666783,2026092702,energy_half
behavior.1,28,100,1.4901161193847656e-08,0.00014226214261725545,2026092702,energy_half
behavior.2,28,100,1.4901161193847656e-08,0.00018463024753145874,2026092702,energy_half
time.0,28,101,2.9802322387695312e-08,0.0006920762825757265,2026092702,energy_half
time.1,28,101,1.4901161193847656e-08,0.00024118699366226792,2026092702,energy_half
time.2,28,101,1.4901161193847656e-08,0.0008232287364080548,2026092702,energy_half
behavior.0,28,101,1.4901161193847656e-08,0.00022042164346203208,2026092702,energy_half
behavior.1,28,101,1.1175870895385742e-08,0.00012489897198975086,2026092702,energy_half
behavior.2,28,101,1.4901161193847656e-08,0.00015454221284016967,2026092702,energy_half
time.0,28,102,2.2351741790771484e-08,0.0006159866461530328,2026092702,energy_half
time.1,28,102,1.4901161193847656e-08,0.0002076550736092031,2026092702,energy_half
time.2,28,102,2.9802322387695312e-08,0.0006853918312117457,2026092702,energy_half
behavior.0,28,102,1.4901161193847656e-08,0.00024887447943910956,2026092702,energy_half
behavior.1,28,102,1.4901161193847656e-08,0.000143270444823429,2026092702,energy_half
behavior.2,28,102,1.4901161193847656e-08,0.00017478443623986095,2026092702,energy_half
time.0,28,103,2.9802322387695312e-08,0.000756423978600651,2026092702,energy_half
time.1,28,103,2.2351741790771484e-08,0.0002708326210267842,2026092702,energy_half
time.2,28,103,2.9802322387695312e-08,0.0008154737297445536,2026092702,energy_half
behavior.0,28,103,1.4901161193847656e-08,0.0002360500075155869,2026092702,energy_half
behavior.1,28,103,2.2351741790771484e-08,0.00012350040196906775,2026092702,energy_half
behavior.2,28,103,1.4901161193847656e-08,0.0001513368042651564,2026092702,energy_half
time.0,28,104,2.2351741790771484e-08,0.0006845291354693472,2026092702,energy_half
time.1,28,104,1.4901161193847656e-08,0.00023951141338329762,2026092702,energy_half
time.2,28,104,2.9802322387695312e-08,0.0007701038848608732,2026092702,energy_half
behavior.0,28,104,1.4901161193847656e-08,0.00025741683202795684,2026092702,energy_half
behavior.1,28,104,1.4901161193847656e-08,0.00014543630823027343,2026092702,energy_half
behavior.2,28,104,1.4901161193847656e-08,0.00017235543054994196,2026092702,energy_half
time.0,28,105,1.4901161193847656e-08,0.0005670831305906177,2026092702,energy_half
time.1,28,105,2.2351741790771484e-08,0.0001830223191063851,2026092702,energy_half
time.2,28,105,2.2351741790771484e-08,0.0005658495938405395,2026092702,energy_half
behavior.0,28,105,2.2351741790771484e-08,0.00022870938119012862,2026092702,energy_half
behavior.1,28,105,7.450580596923828e-09,0.00013154435146134347,2026092702,energy_half
behavior.2,28,105,1.4901161193847656e-08,0.00018967172945849597,2026092702,energy_half
time.0,28,106,2.2351741790771484e-08,0.0006670519942417741,2026092702,energy_half
time.1,28,106,1.4901161193847656e-08,0.00023795285960659385,2026092702,energy_half
time.2,28,106,2.9802322387695312e-08,0.0007209867471829057,2026092702,energy_half
behavior.0,28,106,2.2351741790771484e-08,0.000258983694948256,2026092702,energy_half
behavior.1,28,106,1.4901161193847656e-08,0.00014654439291916788,2026092702,energy_half
behavior.2,28,106,1.1175870895385742e-08,0.0001722162269288674,2026092702,energy_half
time.0,28,107,1.4901161193847656e-08,0.0007533316966146231,2026092702,energy_half
time.1,28,107,1.4901161193847656e-08,0.00028132955776527524,2026092702,energy_half
time.2,28,107,2.9802322387695312e-08,0.0008458230295218527,2026092702,energy_half
behavior.0,28,107,1.4901161193847656e-08,0.000260196189628914,2026092702,energy_half
behavior.1,28,107,1.4901161193847656e-08,0.00013906019739806652,2026092702,energy_half
behavior.2,28,107,2.2351741790771484e-08,0.00018221719074063003,2026092702,energy_half
time.0,28,108,2.9802322387695312e-08,0.0006237474153749645,2026092702,energy_half
time.1,28,108,2.2351741790771484e-08,0.00021098654542583972,2026092702,energy_half
time.2,28,108,2.2351741790771484e-08,0.0006051160744391382,2026092702,energy_half
behavior.0,28,108,1.4901161193847656e-08,0.00022504676599055529,2026092702,energy_half
behavior.1,28,108,1.1175870895385742e-08,0.00012601808703038841,2026092702,energy_half
behavior.2,28,108,1.4901161193847656e-08,0.00017558316176291555,2026092702,energy_half
time.0,28,109,2.2351741790771484e-08,0.0006538415909744799,2026092702,energy_half
time.1,28,109,2.2351741790771484e-08,0.0002298703184351325,2026092702,energy_half
time.2,28,109,2.9802322387695312e-08,0.0006726572173647583,2026092702,energy_half
behavior.0,28,109,1.4901161193847656e-08,0.0002569430507719517,2026092702,energy_half
behavior.1,28,109,2.2351741790771484e-08,0.00014503137208521366,2026092702,energy_half
behavior.2,28,109,1.1175870895385742e-08,0.0001640255213715136,2026092702,energy_half
time.0,28,110,1.4901161193847656e-08,0.0007732162484899163,2026092702,energy_half
time.1,28,110,1.4901161193847656e-08,0.0003114696010015905,2026092702,energy_half
time.2,28,110,2.9802322387695312e-08,0.0008165643666870892,2026092702,energy_half
behavior.0,28,110,1.4901161193847656e-08,0.00024304719408974051,2026092702,energy_half
behavior.1,28,110,1.4901161193847656e-08,0.00013619025412481278,2026092702,energy_half
behavior.2,28,110,1.4901161193847656e-08,0.0002059758990071714,2026092702,energy_half
time.0,28,111,1.4901161193847656e-08,0.0006471807137131691,2026092702,energy_half
time.1,28,111,2.9802322387695312e-08,0.00023004763352219015,2026092702,energy_half
time.2,28,111,2.9802322387695312e-08,0.0007270703790709376,2026092702,energy_half
behavior.0,28,111,1.4901161193847656e-08,0.0002433250774629414,2026092702,energy_half
behavior.1,28,111,2.2351741790771484e-08,0.0001466583926230669,2026092702,energy_half
behavior.2,28,111,1.4901161193847656e-08,0.00023147142201196402,2026092702,energy_half
time.0,28,112,2.2351741790771484e-08,0.0005883310805074871,2026092702,energy_half
time.1,28,112,1.1175870895385742e-08,0.00020799969206564128,2026092702,energy_half
time.2,28,112,2.2351741790771484e-08,0.0006119889440014958,2026092702,energy_half
behavior.0,28,112,1.4901161193847656e-08,0.00026055669877678156,2026092702,energy_half
behavior.1,28,112,2.2351741790771484e-08,0.0001477131008869037,2026092702,energy_half
behavior.2,28,112,1.4901161193847656e-08,0.00018316981731913984,2026092702,energy_half
time.0,28,113,2.2351741790771484e-08,0.0007093424792401493,2026092702,energy_half
time.1,28,113,2.9802322387695312e-08,0.00027457388932816684,2026092702,energy_half
time.2,28,113,1.4901161193847656e-08,0.0007667664322070777,2026092702,energy_half
behavior.0,28,113,2.9802322387695312e-08,0.0002650964306667447,2026092702,energy_half
behavior.1,28,113,1.1175870895385742e-08,0.00014886321150697768,2026092702,energy_half
behavior.2,28,113,1.1175870895385742e-08,0.00017701137403491884,2026092702,energy_half
time.0,28,114,2.9802322387695312e-08,0.0007321487064473331,2026092702,energy_half
time.1,28,114,1.4901161193847656e-08,0.00028123860829509795,2026092702,energy_half
time.2,28,114,2.9802322387695312e-08,0.0007526914123445749,2026092702,energy_half
behavior.0,28,114,1.4901161193847656e-08,0.00022611903841607273,2026092702,energy_half
behavior.1,28,114,1.1175870895385742e-08,0.00013166780991014093,2026092702,energy_half
behavior.2,28,114,1.1175870895385742e-08,0.00015142415941227227,2026092702,energy_half
time.0,28,115,2.2351741790771484e-08,0.0006847043987363577,2026092702,energy_half
time.1,28,115,1.1175870895385742e-08,0.00023959022655617446,2026092702,energy_half
time.2,28,115,2.9802322387695312e-08,0.0007396661094389856,2026092702,energy_half
behavior.0,28,115,2.2351741790771484e-08,0.00024695516913197935,2026092702,energy_half
behavior.1,28,115,1.4901161193847656e-08,0.00013983184180688113,2026092702,energy_half
behavior.2,28,115,1.4901161193847656e-08,0.0001992837351281196,2026092702,energy_half
time.0,28,116,2.2351741790771484e-08,0.0006745239370502532,2026092702,energy_half
time.1,28,116,1.4901161193847656e-08,0.0002365730470046401,2026092702,energy_half
time.2,28,116,1.4901161193847656e-08,0.0007050354615785182,2026092702,energy_half
behavior.0,28,116,1.4901161193847656e-08,0.0002480389375705272,2026092702,energy_half
behavior.1,28,116,1.1175870895385742e-08,0.00013990109437145293,2026092702,energy_half
behavior.2,28,116,1.4901161193847656e-08,0.00016382435569539666,2026092702,energy_half
time.0,28,117,2.2351741790771484e-08,0.0007018959731794894,2026092702,energy_half
time.1,28,117,1.4901161193847656e-08,0.00025416744756512344,2026092702,energy_half
time.2,28,117,1.4901161193847656e-08,0.0007345601334236562,2026092702,energy_half
behavior.0,28,117,1.4901161193847656e-08,0.00025510272826068103,2026092702,energy_half
behavior.1,28,117,1.4901161193847656e-08,0.00014595445827580988,2026092702,energy_half
behavior.2,28,117,1.4901161193847656e-08,0.00018277516937814653,2026092702,energy_half
time.0,28,118,2.2351741790771484e-08,0.000673883652780205,2026092702,energy_half
time.1,28,118,1.4901161193847656e-08,0.00023774031433276832,2026092702,energy_half
time.2,28,118,2.9802322387695312e-08,0.000684143218677491,2026092702,energy_half
behavior.0,28,118,1.4901161193847656e-08,0.00024076196132227778,2026092702,energy_half
behavior.1,28,118,1.4901161193847656e-08,0.00013428115926217288,2026092702,energy_half
behavior.2,28,118,7.450580596923828e-09,0.00016884240903891623,2026092702,energy_half
time.0,28,119,2.2351741790771484e-08,0.0006509394734166563,2026092702,energy_half
time.1,28,119,1.4901161193847656e-08,0.00022887976956553757,2026092702,energy_half
time.2,28,119,2.9802322387695312e-08,0.0006614750600419939,2026092702,energy_half
behavior.0,28,119,1.4901161193847656e-08,0.00023628247436136007,2026092702,energy_half
behavior.1,28,119,1.4901161193847656e-08,0.00013106716505717486,2026092702,energy_half
behavior.2,28,119,1.4901161193847656e-08,0.00017993479559663683,2026092702,energy_half
time.0,28,120,2.9802322387695312e-08,0.0006443985039368272,2026092702,energy_half
time.1,28,120,1.4901161193847656e-08,0.00022847032232675701,2026092702,energy_half
time.2,28,120,1.4901161193847656e-08,0.0006612895522266626,2026092702,energy_half
behavior.0,28,120,1.4901161193847656e-08,0.0002711829438339919,2026092702,energy_half
behavior.1,28,120,2.2351741790771484e-08,0.00015689975407440215,2026092702,energy_half
behavior.2,28,120,1.4901161193847656e-08,0.00019541756773833185,2026092702,energy_half
time.0,28,121,1.4901161193847656e-08,0.0007179140229709446,2026092702,energy_half
time.1,28,121,1.4901161193847656e-08,0.0002609972725622356,2026092702,energy_half
time.2,28,121,2.2351741790771484e-08,0.0007381305913440883,2026092702,energy_half
behavior.0,28,121,2.2351741790771484e-08,0.00025213981280103326,2026092702,energy_half
behavior.1,28,121,1.1175870895385742e-08,0.00013787242642138153,2026092702,energy_half
behavior.2,28,121,2.9802322387695312e-08,0.00017521946574561298,2026092702,energy_half
time.0,28,122,2.2351741790771484e-08,0.000648697663564235,2026092702,energy_half
time.1,28,122,1.4901161193847656e-08,0.00022584287216886878,2026092702,energy_half
time.2,28,122,1.4901161193847656e-08,0.0006556201842613518,2026092702,energy_half
behavior.0,28,122,1.4901161193847656e-08,0.0002580207074061036,2026092702,energy_half
behavior.1,28,122,1.4901161193847656e-08,0.0001479166530771181,2026092702,energy_half
behavior.2,28,122,1.4901161193847656e-08,0.00020435712940525264,2026092702,energy_half
time.0,28,123,2.2351741790771484e-08,0.0007219026447273791,2026092702,energy_half
time.1,28,123,1.4901161193847656e-08,0.0002650567330420017,2026092702,energy_half
time.2,28,123,2.2351741790771484e-08,0.0007300706347450614,2026092702,energy_half
behavior.0,28,123,1.4901161193847656e-08,0.0002583526656962931,2026092702,energy_half
behavior.1,28,123,1.4901161193847656e-08,0.0001478041522204876,2026092702,energy_half
behavior.2,28,123,1.4901161193847656e-08,0.00019299742416478693,2026092702,energy_half
time.0,28,124,2.2351741790771484e-08,0.0007459011976607144,2026092702,energy_half
time.1,28,124,2.9802322387695312e-08,0.0002769925631582737,2026092702,energy_half
time.2,28,124,2.9802322387695312e-08,0.0007399774622172117,2026092702,energy_half
behavior.0,28,124,1.862645149230957e-08,0.000250749260885641,2026092702,energy_half
behavior.1,28,124,1.4901161193847656e-08,0.0001474696910008788,2026092702,energy_half
behavior.2,28,124,1.4901161193847656e-08,0.0001984360278584063,2026092702,energy_half
time.0,28,125,2.2351741790771484e-08,0.0006332070333883166,2026092702,energy_half
time.1,28,125,1.4901161193847656e-08,0.00022811110829934478,2026092702,energy_half
time.2,28,125,2.9802322387695312e-08,0.0006288899458013475,2026092702,energy_half
behavior.0,28,125,1.4901161193847656e-08,0.0002509092737454921,2026092702,energy_half
behavior.1,28,125,1.4901161193847656e-08,0.00014423346146941185,2026092702,energy_half
behavior.2,28,125,1.4901161193847656e-08,0.000183008101885207,2026092702,energy_half
time.0,28,126,2.2351741790771484e-08,0.0006102790939621627,2026092702,energy_half
time.1,28,126,1.4901161193847656e-08,0.00021700526122003794,2026092702,energy_half
time.2,28,126,2.9802322387695312e-08,0.0005780465435236692,2026092702,energy_half
behavior.0,28,126,1.4901161193847656e-08,0.0002576212864369154,2026092702,energy_half
behavior.1,28,126,1.4901161193847656e-08,0.0001524880062788725,2026092702,energy_half
behavior.2,28,126,1.4901161193847656e-08,0.0002386251144343987,2026092702,energy_half
time.0,28,127,2.9802322387695312e-08,0.0006173779256641865,2026092702,energy_half
time.1,28,127,2.2351741790771484e-08,0.0002137877745553851,2026092702,energy_half
time.2,28,127,2.9802322387695312e-08,0.0006108374218456447,2026092702,energy_half
behavior.0,28,127,1.4901161193847656e-08,0.00023223999596666545,2026092702,energy_half
behavior.1,28,127,1.4901161193847656e-08,0.00012930830416735262,2026092702,energy_half
behavior.2,28,127,7.450580596923828e-09,0.00017429649597033858,2026092702,energy_half
time.0,28,128,2.9802322387695312e-08,0.0008302634232677519,2026092702,energy_half
time.1,28,128,1.4901161193847656e-08,0.0003269926819484681,2026092702,energy_half
time.2,28,128,2.9802322387695312e-08,0.0008510107290931046,2026092702,energy_half
behavior.0,28,128,1.4901161193847656e-08,0.00023997115204110742,2026092702,energy_half
behavior.1,28,128,1.1175870895385742e-08,0.00013453391147777438,2026092702,energy_half
behavior.2,28,128,1.1175870895385742e-08,0.00019061756029259413,2026092702,energy_half
time.0,28,129,2.9802322387695312e-08,0.0006715804920531809,2026092702,energy_half
time.1,28,129,1.4901161193847656e-08,0.0002412503818050027,2026092702,energy_half
time.2,28,129,2.2351741790771484e-08,0.0007234942750073969,2026092702,energy_half
behavior.0,28,129,1.4901161193847656e-08,0.00026214297395199537,2026092702,energy_half
behavior.1,28,129,1.4901161193847656e-08,0.0001456812024116516,2026092702,energy_half
behavior.2,28,129,1.4901161193847656e-08,0.00019762650481425226,2026092702,energy_half
time.0,28,130,2.2351741790771484e-08,0.0006562540656886995,2026092702,energy_half
time.1,28,130,1.4901161193847656e-08,0.00022057507885619998,2026092702,energy_half
time.2,28,130,2.9802322387695312e-08,0.0006501926109194756,2026092702,energy_half
behavior.0,28,130,1.4901161193847656e-08,0.0002489082107786089,2026092702,energy_half
behavior.1,28,130,1.4901161193847656e-08,0.00015041079313959926,2026092702,energy_half
behavior.2,28,130,1.4901161193847656e-08,0.00019549774879124016,2026092702,energy_half
time.0,28,131,1.4901161193847656e-08,0.0006399241392500699,2026092702,energy_half
time.1,28,131,1.4901161193847656e-08,0.0002032932243309915,2026092702,energy_half
time.2,28,131,2.2351741790771484e-08,0.0005890093161724508,2026092702,energy_half
behavior.0,28,131,2.2351741790771484e-08,0.0002257421874674037,2026092702,energy_half
behavior.1,28,131,1.4901161193847656e-08,0.000135679729282856,2026092702,energy_half
behavior.2,28,131,1.4901161193847656e-08,0.00015965347120072693,2026092702,energy_half
time.0,28,132,2.2351741790771484e-08,0.0006745432619936764,2026092702,energy_half
time.1,28,132,1.4901161193847656e-08,0.00024375437351409346,2026092702,energy_half
time.2,28,132,2.9802322387695312e-08,0.0006834037485532463,2026092702,energy_half
behavior.0,28,132,1.4901161193847656e-08,0.00026931322645395994,2026092702,energy_half
behavior.1,28,132,1.4901161193847656e-08,0.00014991589705459774,2026092702,energy_half
behavior.2,28,132,1.4901161193847656e-08,0.0002062105486402288,2026092702,energy_half
time.0,28,133,2.9802322387695312e-08,0.0006973171839490533,2026092702,energy_half
time.1,28,133,1.4901161193847656e-08,0.00025647596339695156,2026092702,energy_half
time.2,28,133,2.9802322387695312e-08,0.0007278289995156229,2026092702,energy_half
behavior.0,28,133,1.4901161193847656e-08,0.0002489430771674961,2026092702,energy_half
behavior.1,28,133,2.2351741790771484e-08,0.00013666470476891845,2026092702,energy_half
behavior.2,28,133,1.4901161193847656e-08,0.00019115506438538432,2026092702,energy_half
time.0,28,134,2.2351741790771484e-08,0.0007021584315225482,2026092702,energy_half
time.1,28,134,1.4901161193847656e-08,0.0002505863085389137,2026092702,energy_half
time.2,28,134,2.2351741790771484e-08,0.0006941942265257239,2026092702,energy_half
behavior.0,28,134,1.4901161193847656e-08,0.00024973470135591924,2026092702,energy_half
behavior.1,28,134,1.4901161193847656e-08,0.00014741331688128412,2026092702,energy_half
behavior.2,28,134,1.4901161193847656e-08,0.00018228174303658307,2026092702,energy_half
time.0,28,135,2.2351741790771484e-08,0.0006377966492436826,2026092702,energy_half
time.1,28,135,1.4901161193847656e-08,0.00021297915372997522,2026092702,energy_half
time.2,28,135,2.2351741790771484e-08,0.0006428771885111928,2026092702,energy_half
behavior.0,28,135,1.4901161193847656e-08,0.0002541402936913073,2026092702,energy_half
behavior.1,28,135,1.1175870895385742e-08,0.00015409661864396185,2026092702,energy_half
behavior.2,28,135,1.4901161193847656e-08,0.00018336866924073547,2026092702,energy_half
time.0,28,136,2.9802322387695312e-08,0.0006984773208387196,2026092702,energy_half
time.1,28,136,1.4901161193847656e-08,0.00025155587354674935,2026092702,energy_half
time.2,28,136,2.9802322387695312e-08,0.0006629519048146904,2026092702,energy_half
behavior.0,28,136,1.4901161193847656e-08,0.00022602500393986702,2026092702,energy_half
behavior.1,28,136,1.4901161193847656e-08,0.00012884086754638702,2026092702,energy_half
behavior.2,28,136,1.4901161193847656e-08,0.00014316019951365888,2026092702,energy_half
time.0,28,137,2.2351741790771484e-08,0.0006412523216567934,2026092702,energy_half
time.1,28,137,1.4901161193847656e-08,0.00022614700719714165,2026092702,energy_half
time.2,28,137,2.2351741790771484e-08,0.0006413469091057777,2026092702,energy_half
behavior.0,28,137,1.4901161193847656e-08,0.00027721963124349713,2026092702,energy_half
behavior.1,28,137,2.2351741790771484e-08,0.00016490650887135416,2026092702,energy_half
behavior.2,28,137,1.4901161193847656e-08,0.00020794202282559127,2026092702,energy_half
time.0,28,138,2.9802322387695312e-08,0.0007376371650025249,2026092702,energy_half
time.1,28,138,2.2351741790771484e-08,0.00028044445207342505,2026092702,energy_half
time.2,28,138,2.9802322387695312e-08,0.0007652358617633581,2026092702,energy_half
behavior.0,28,138,1.4901161193847656e-08,0.0002741656207945198,2026092702,energy_half
behavior.1,28,138,1.4901161193847656e-08,0.00016425880312453955,2026092702,energy_half
behavior.2,28,138,1.4901161193847656e-08,0.0002303784858668223,2026092702,energy_half
time.0,28,139,1.4901161193847656e-08,0.0006225252291187644,2026092702,energy_half
time.1,28,139,1.4901161193847656e-08,0.0002063632564386353,2026092702,energy_half
time.2,28,139,2.2351741790771484e-08,0.0006040161824785173,2026092702,energy_half
behavior.0,28,139,1.4901161193847656e-08,0.0002534643281251192,2026092702,energy_half
behavior.1,28,139,1.4901161193847656e-08,0.0001499749778304249,2026092702,energy_half
behavior.2,28,139,1.4901161193847656e-08,0.00019062726642005146,2026092702,energy_half
time.0,28,140,2.9802322387695312e-08,0.0007474594167433679,2026092702,energy_half
time.1,28,140,2.9802322387695312e-08,0.0002988794294651598,2026092702,energy_half
time.2,28,140,1.4901161193847656e-08,0.00074916856829077,2026092702,energy_half
behavior.0,28,140,2.2351741790771484e-08,0.00022554107999894768,2026092702,energy_half
behavior.1,28,140,1.4901161193847656e-08,0.00012438205885700881,2026092702,energy_half
behavior.2,28,140,1.4901161193847656e-08,0.00016235462680924684,2026092702,energy_half
time.0,28,141,2.2351741790771484e-08,0.0007643437711521983,2026092702,energy_half
time.1,28,141,1.4901161193847656e-08,0.0002984983439091593,2026092702,energy_half
time.2,28,141,2.9802322387695312e-08,0.0007864044746384025,2026092702,energy_half
behavior.0,28,141,2.2351741790771484e-08,0.00023981809499673545,2026092702,energy_half
behavior.1,28,141,1.4901161193847656e-08,0.00014318927424028516,2026092702,energy_half
behavior.2,28,141,1.4901161193847656e-08,0.00017193473468068987,2026092702,energy_half
time.0,28,142,1.4901161193847656e-08,0.0006879986613057554,2026092702,energy_half
time.1,28,142,1.4901161193847656e-08,0.00025780097348615527,2026092702,energy_half
time.2,28,142,2.9802322387695312e-08,0.0007179121603257954,2026092702,energy_half
behavior.0,28,142,1.4901161193847656e-08,0.00025972267030738294,2026092702,energy_half
behavior.1,28,142,1.4901161193847656e-08,0.00015567615628242493,2026092702,energy_half
behavior.2,28,142,1.4901161193847656e-08,0.00021035774261690676,2026092702,energy_half
time.0,28,143,1.4901161193847656e-08,0.0008227704674936831,2026092702,energy_half
time.1,28,143,1.4901161193847656e-08,0.0003229281574022025,2026092702,energy_half
time.2,28,143,2.9802322387695312e-08,0.0008931576157920063,2026092702,energy_half
behavior.0,28,143,1.4901161193847656e-08,0.00023057282669469714,2026092702,energy_half
behavior.1,28,143,1.4901161193847656e-08,0.00013529177522286773,2026092702,energy_half
behavior.2,28,143,1.1175870895385742e-08,0.000152163440361619,2026092702,energy_half
time.0,28,144,2.2351741790771484e-08,0.0007776116253808141,2026092702,energy_half
time.1,28,144,1.4901161193847656e-08,0.00029268208891153336,2026092702,energy_half
time.2,28,144,2.9802322387695312e-08,0.0008173406822606921,2026092702,energy_half
behavior.0,28,144,2.2351741790771484e-08,0.000230711666517891,2026092702,energy_half
behavior.1,28,144,1.4901161193847656e-08,0.0001376793661620468,2026092702,energy_half
behavior.2,28,144,1.4901161193847656e-08,0.0001750257215462625,2026092702,energy_half
time.0,28,145,1.4901161193847656e-08,0.0006194162415340543,2026092702,energy_half
time.1,28,145,1.4901161193847656e-08,0.000218212662730366,2026092702,energy_half
time.2,28,145,2.9802322387695312e-08,0.0006048948271200061,2026092702,energy_half
behavior.0,28,145,2.2351741790771484e-08,0.00024905119789764285,2026092702,energy_half
behavior.1,28,145,1.4901161193847656e-08,0.00014486645522993058,2026092702,energy_half
behavior.2,28,145,1.4901161193847656e-08,0.00020444281108211726,2026092702,energy_half
time.0,28,146,2.9802322387695312e-08,0.0007815744611434639,2026092702,energy_half
time.1,28,146,1.4901161193847656e-08,0.0003005023463629186,2026092702,energy_half
time.2,28,146,2.9802322387695312e-08,0.0007257118122652173,2026092702,energy_half
behavior.0,28,146,2.2351741790771484e-08,0.00023105302534531802,2026092702,energy_half
behavior.1,28,146,1.4901161193847656e-08,0.00012849421182181686,2026092702,energy_half
behavior.2,28,146,1.4901161193847656e-08,0.00019589471048675478,2026092702,energy_half
time.0,28,147,2.9802322387695312e-08,0.0006215444300323725,2026092702,energy_half
time.1,28,147,1.4901161193847656e-08,0.00021889476920478046,2026092702,energy_half
time.2,28,147,2.9802322387695312e-08,0.0006668779533356428,2026092702,energy_half
behavior.0,28,147,1.4901161193847656e-08,0.0002470285107847303,2026092702,energy_half
behavior.1,28,147,1.4901161193847656e-08,0.00014253141125664115,2026092702,energy_half
behavior.2,28,147,1.4901161193847656e-08,0.00018043005547951907,2026092702,energy_half
time.0,28,148,1.4901161193847656e-08,0.0007434784201905131,2026092702,energy_half
time.1,28,148,1.4901161193847656e-08,0.0002841477398760617,2026092702,energy_half
time.2,28,148,2.9802322387695312e-08,0.000771020189858973,2026092702,energy_half
behavior.0,28,148,1.4901161193847656e-08,0.00024862412828952074,2026092702,energy_half
behavior.1,28,148,2.2351741790771484e-08,0.000140854885103181,2026092702,energy_half
behavior.2,28,148,1.1175870895385742e-08,0.0001697712141321972,2026092702,energy_half
time.0,28,149,1.4901161193847656e-08,0.0007122820825316012,2026092702,energy_half
time.1,28,149,1.4901161193847656e-08,0.0002590350923128426,2026092702,energy_half
time.2,28,149,2.9802322387695312e-08,0.0007070449646562338,2026092702,energy_half
behavior.0,28,149,1.4901161193847656e-08,0.0002650841197464615,2026092702,energy_half
behavior.1,28,149,1.1175870895385742e-08,0.00014108183677308261,2026092702,energy_half
behavior.2,28,149,1.4901161193847656e-08,0.00017593799566384405,2026092702,energy_half
time.0,28,150,1.4901161193847656e-08,0.0007304277969524264,2026092702,energy_half
time.1,28,150,1.4901161193847656e-08,0.0002661222533788532,2026092702,energy_half
time.2,28,150,1.4901161193847656e-08,0.000753346539568156,2026092702,energy_half
behavior.0,28,150,1.4901161193847656e-08,0.0002619197766762227,2026092702,energy_half
behavior.1,28,150,1.4901161193847656e-08,0.00015263001841958612,2026092702,energy_half
behavior.2,28,150,1.4901161193847656e-08,0.0001938431232701987,2026092702,energy_half
time.0,28,151,2.2351741790771484e-08,0.000594348122831434,2026092702,energy_half
time.1,28,151,1.4901161193847656e-08,0.00020243777544237673,2026092702,energy_half
time.2,28,151,1.4901161193847656e-08,0.0006060858722776175,2026092702,energy_half
behavior.0,28,151,1.4901161193847656e-08,0.0002669103560037911,2026092702,energy_half
behavior.1,28,151,2.2351741790771484e-08,0.00016042064817156643,2026092702,energy_half
behavior.2,28,151,1.4901161193847656e-08,0.00020436484192032367,2026092702,energy_half
time.0,28,152,2.9802322387695312e-08,0.0006769777392037213,2026092702,energy_half
time.1,28,152,1.4901161193847656e-08,0.00024501828011125326,2026092702,energy_half
time.2,28,152,2.9802322387695312e-08,0.0006374663207679987,2026092702,energy_half
behavior.0,28,152,1.4901161193847656e-08,0.0002462842967361212,2026092702,energy_half
behavior.1,28,152,1.4901161193847656e-08,0.00014622390153817832,2026092702,energy_half
behavior.2,28,152,1.4901161193847656e-08,0.00020782966748811305,2026092702,energy_half
time.0,28,153,2.2351741790771484e-08,0.000695504539180547,2026092702,energy_half
time.1,28,153,1.4901161193847656e-08,0.0002502191055100411,2026092702,energy_half
time.2,28,153,2.2351741790771484e-08,0.0006671230075880885,2026092702,energy_half
behavior.0,28,153,1.4901161193847656e-08,0.0002323951484868303,2026092702,energy_half
behavior.1,28,153,1.4901161193847656e-08,0.00012838499969802797,2026092702,energy_half
behavior.2,28,153,1.4901161193847656e-08,0.00020286691142246127,2026092702,energy_half
time.0,28,154,1.4901161193847656e-08,0.0007497746264562011,2026092702,energy_half
time.1,28,154,1.4901161193847656e-08,0.00028171908343210816,2026092702,energy_half
time.2,28,154,2.9802322387695312e-08,0.0007481154170818627,2026092702,energy_half
behavior.0,28,154,1.4901161193847656e-08,0.0002314518642378971,2026092702,energy_half
behavior.1,28,154,1.4901161193847656e-08,0.0001358668232569471,2026092702,energy_half
behavior.2,28,154,1.1175870895385742e-08,0.0001798597222659737,2026092702,energy_half
time.0,28,155,1.4901161193847656e-08,0.000645036285277456,2026092702,energy_half
time.1,28,155,1.4901161193847656e-08,0.00022539526980835944,2026092702,energy_half
time.2,28,155,2.2351741790771484e-08,0.0006198236951604486,2026092702,energy_half
behavior.0,28,155,1.4901161193847656e-08,0.00024342371034435928,2026092702,energy_half
behavior.1,28,155,2.2351741790771484e-08,0.00014642297173850238,2026092702,energy_half
behavior.2,28,155,1.4901161193847656e-08,0.00018660318164620548,2026092702,energy_half
time.0,28,156,1.4901161193847656e-08,0.000608137168455869,2026092702,energy_half
time.1,28,156,1.4901161193847656e-08,0.0002060914848698303,2026092702,energy_half
time.2,28,156,4.470348358154297e-08,0.0005691529368050396,2026092702,energy_half
behavior.0,28,156,1.4901161193847656e-08,0.0002602700551506132,2026092702,energy_half
behavior.1,28,156,1.4901161193847656e-08,0.0001492634619353339,2026092702,energy_half
behavior.2,28,156,1.1175870895385742e-08,0.00019068937399424613,2026092702,energy_half
time.0,28,157,2.2351741790771484e-08,0.0006438253330998123,2026092702,energy_half
time.1,28,157,1.4901161193847656e-08,0.00022472342243418097,2026092702,energy_half
time.2,28,157,2.2351741790771484e-08,0.0006408652407117188,2026092702,energy_half
behavior.0,28,157,1.4901161193847656e-08,0.00025817850837484,2026092702,energy_half
behavior.1,28,157,1.4901161193847656e-08,0.00015285586414393038,2026092702,energy_half
behavior.2,28,157,1.4901161193847656e-08,0.00024392764316871762,2026092702,energy_half
time.0,28,158,2.9802322387695312e-08,0.000700287229847163,2026092702,energy_half
time.1,28,158,7.450580596923828e-09,0.0002551019424572587,2026092702,energy_half
time.2,28,158,2.9802322387695312e-08,0.0007571926107630134,2026092702,energy_half
behavior.0,28,158,2.2351741790771484e-08,0.0002368457498960197,2026092702,energy_half
behavior.1,28,158,1.4901161193847656e-08,0.00013574911281466484,2026092702,energy_half
behavior.2,28,158,1.4901161193847656e-08,0.00016929475532379001,2026092702,energy_half
time.0,28,159,1.4901161193847656e-08,0.0006557342712767422,2026092702,energy_half
time.1,28,159,2.2351741790771484e-08,0.00023885459813755006,2026092702,energy_half
time.2,28,159,2.9802322387695312e-08,0.0006466134218499064,2026092702,energy_half
behavior.0,28,159,1.4901161193847656e-08,0.0002579964348115027,2026092702,energy_half
behavior.1,28,159,1.4901161193847656e-08,0.0001445366069674492,2026092702,energy_half
behavior.2,28,159,1.1175870895385742e-08,0.00019357517885509878,2026092702,energy_half
time.0,28,160,2.2351741790771484e-08,0.0006317683728411794,2026092702,energy_half
time.1,28,160,1.4901161193847656e-08,0.00022528134286403656,2026092702,energy_half
time.2,28,160,2.2351741790771484e-08,0.0006212423904798925,2026092702,energy_half
behavior.0,28,160,1.862645149230957e-08,0.0002543948357924819,2026092702,energy_half
behavior.1,28,160,1.4901161193847656e-08,0.00014717323938384652,2026092702,energy_half
behavior.2,28,160,1.4901161193847656e-08,0.00019244769646320492,2026092702,energy_half
time.0,28,161,2.2351741790771484e-08,0.0005845445557497442,2026092702,energy_half
time.1,28,161,1.1175870895385742e-08,0.00019767794583458453,2026092702,energy_half
time.2,28,161,1.4901161193847656e-08,0.0005424938281066716,2026092702,energy_half
behavior.0,28,161,1.4901161193847656e-08,0.00025080941850319505,2026092702,energy_half
behavior.1,28,161,1.4901161193847656e-08,0.00014986454334575683,2026092702,energy_half
behavior.2,28,161,1.4901161193847656e-08,0.00018193792493548244,2026092702,energy_half
time.0,28,162,1.4901161193847656e-08,0.0007111327140592039,2026092702,energy_half
time.1,28,162,1.4901161193847656e-08,0.00025773289962671697,2026092702,energy_half
time.2,28,162,2.9802322387695312e-08,0.0007354274857789278,2026092702,energy_half
behavior.0,28,162,1.4901161193847656e-08,0.00022429022646974772,2026092702,energy_half
behavior.1,28,162,1.4901161193847656e-08,0.00013094604946672916,2026092702,energy_half
behavior.2,28,162,1.4901161193847656e-08,0.00017932403716258705,2026092702,energy_half
time.0,28,163,1.4901161193847656e-08,0.000713813176844269,2026092702,energy_half
time.1,28,163,1.4901161193847656e-08,0.0002697722229640931,2026092702,energy_half
time.2,28,163,2.9802322387695312e-08,0.0007528189453296363,2026092702,energy_half
behavior.0,28,163,1.4901161193847656e-08,0.00022911625273991376,2026092702,energy_half
behavior.1,28,163,1.4901161193847656e-08,0.00013205519644543529,2026092702,energy_half
behavior.2,28,163,1.4901161193847656e-08,0.00020048805163241923,2026092702,energy_half
time.0,28,164,2.9802322387695312e-08,0.0006469685467891395,2026092702,energy_half
time.1,28,164,1.4901161193847656e-08,0.000231437967158854,2026092702,energy_half
time.2,28,164,1.4901161193847656e-08,0.0006300256354734302,2026092702,energy_half
behavior.0,28,164,1.4901161193847656e-08,0.0002758440386969596,2026092702,energy_half
behavior.1,28,164,1.4901161193847656e-08,0.00015199987683445215,2026092702,energy_half
behavior.2,28,164,1.4901161193847656e-08,0.000202805720618926,2026092702,energy_half
time.0,28,165,2.9802322387695312e-08,0.0006446492043323815,2026092702,energy_half
time.1,28,165,1.4901161193847656e-08,0.0002366946719121188,2026092702,energy_half
time.2,28,165,2.9802322387695312e-08,0.0006603788933716714,2026092702,energy_half
behavior.0,28,165,1.4901161193847656e-08,0.0002751020365394652,2026092702,energy_half
behavior.1,28,165,1.4901161193847656e-08,0.0001522957463748753,2026092702,energy_half
behavior.2,28,165,1.4901161193847656e-08,0.00019394709670450538,2026092702,energy_half
time.0,28,166,2.2351741790771484e-08,0.0006532812840305269,2026092702,energy_half
time.1,28,166,2.2351741790771484e-08,0.00023541453992947936,2026092702,energy_half
time.2,28,166,1.4901161193847656e-08,0.0006532471161335707,2026092702,energy_half
behavior.0,28,166,1.4901161193847656e-08,0.00027225102530792356,2026092702,energy_half
behavior.1,28,166,1.4901161193847656e-08,0.0001552743633510545,2026092702,energy_half
behavior.2,28,166,1.4901161193847656e-08,0.00020786779350601137,2026092702,energy_half
time.0,28,167,2.2351741790771484e-08,0.00069898966467008,2026092702,energy_half
time.1,28,167,1.4901161193847656e-08,0.0002660623285919428,2026092702,energy_half
time.2,28,167,2.9802322387695312e-08,0.0006842874572612345,2026092702,energy_half
behavior.0,28,167,1.4901161193847656e-08,0.0002421569370198995,2026092702,energy_half
behavior.1,28,167,1.1175870895385742e-08,0.00013286323519423604,2026092702,energy_half
behavior.2,28,167,1.4901161193847656e-08,0.00019077787874266505,2026092702,energy_half
time.0,28,168,2.9802322387695312e-08,0.0006937601719982922,2026092702,energy_half
time.1,28,168,2.2351741790771484e-08,0.0002556012477725744,2026092702,energy_half
time.2,28,168,2.9802322387695312e-08,0.0006788858445361257,2026092702,energy_half
behavior.0,28,168,1.4901161193847656e-08,0.00024591528926976025,2026092702,energy_half
behavior.1,28,168,1.4901161193847656e-08,0.0001417436869814992,2026092702,energy_half
behavior.2,28,168,1.4901161193847656e-08,0.0001810966496123001,2026092702,energy_half
time.0,28,169,2.2351741790771484e-08,0.0007544901454821229,2026092702,energy_half
time.1,28,169,1.4901161193847656e-08,0.00027816544752568007,2026092702,energy_half
time.2,28,169,2.9802322387695312e-08,0.0007584949489682913,2026092702,energy_half
behavior.0,28,169,1.4901161193847656e-08,0.0002608167415019125,2026092702,energy_half
behavior.1,28,169,1.4901161193847656e-08,0.0001545407867524773,2026092702,energy_half
behavior.2,28,169,1.4901161193847656e-08,0.00017846170521806926,2026092702,energy_half
time.0,28,170,2.2351741790771484e-08,0.00060793332522735,2026092702,energy_half
time.1,28,170,1.4901161193847656e-08,0.00021196687885094434,2026092702,energy_half
time.2,28,170,2.2351741790771484e-08,0.0005867567961104214,2026092702,energy_half
behavior.0,28,170,1.4901161193847656e-08,0.00025046762311831117,2026092702,energy_half
behavior.1,28,170,1.4901161193847656e-08,0.00013921826030127704,2026092702,energy_half
behavior.2,28,170,1.4901161193847656e-08,0.0002098539989674464,2026092702,energy_half
time.0,28,171,2.9802322387695312e-08,0.0006296314531937242,2026092702,energy_half
time.1,28,171,1.4901161193847656e-08,0.00022096607426647097,2026092702,energy_half
time.2,28,171,2.9802322387695312e-08,0.0006394772208295763,2026092702,energy_half
behavior.0,28,171,2.2351741790771484e-08,0.00026125062140636146,2026092702,energy_half
behavior.1,28,171,2.2351741790771484e-08,0.00014987179019954056,2026092702,energy_half
behavior.2,28,171,1.1175870895385742e-08,0.00021262254449538887,2026092702,energy_half
time.0,28,172,2.9802322387695312e-08,0.0006360031547956169,2026092702,energy_half
time.1,28,172,2.9802322387695312e-08,0.00021837471285834908,2026092702,energy_half
time.2,28,172,2.9802322387695312e-08,0.0006011119112372398,2026092702,energy_half
behavior.0,28,172,1.4901161193847656e-08,0.00025716927484609187,2026092702,energy_half
behavior.1,28,172,1.4901161193847656e-08,0.00014633692626375705,2026092702,energy_half
behavior.2,28,172,1.4901161193847656e-08,0.00019660060934256762,2026092702,energy_half
time.0,28,173,2.2351741790771484e-08,0.0007779112784191966,2026092702,energy_half
time.1,28,173,1.4901161193847656e-08,0.00030154819251038134,2026092702,energy_half
time.2,28,173,2.9802322387695312e-08,0.0007781217573210597,2026092702,energy_half
behavior.0,28,173,2.2351741790771484e-08,0.00025544330128468573,2026092702,energy_half
behavior.1,28,173,1.4901161193847656e-08,0.00014717754675075412,2026092702,energy_half
behavior.2,28,173,1.4901161193847656e-08,0.00017878369544632733,2026092702,energy_half
time.0,28,174,2.2351741790771484e-08,0.0005828143912367523,2026092702,energy_half
time.1,28,174,1.4901161193847656e-08,0.00019471434643492103,2026092702,energy_half
time.2,28,174,2.2351741790771484e-08,0.000550739117898047,2026092702,energy_half
behavior.0,28,174,2.2351741790771484e-08,0.0002669303794391453,2026092702,energy_half
behavior.1,28,174,1.4901161193847656e-08,0.00015047758643049747,2026092702,energy_half
behavior.2,28,174,1.4901161193847656e-08,0.0001933631137944758,2026092702,energy_half
time.0,28,175,2.9802322387695312e-08,0.0006076623685657978,2026092702,energy_half
time.1,28,175,2.2351741790771484e-08,0.00021211488638073206,2026092702,energy_half
time.2,28,175,1.4901161193847656e-08,0.0005795970791950822,2026092702,energy_half
behavior.0,28,175,1.4901161193847656e-08,0.0002488329482730478,2026092702,energy_half
behavior.1,28,175,1.1175870895385742e-08,0.00014277963782660663,2026092702,energy_half
behavior.2,28,175,1.4901161193847656e-08,0.00017521349946036935,2026092702,energy_half
time.0,28,176,2.9802322387695312e-08,0.0007175643113441765,2026092702,energy_half
time.1,28,176,1.4901161193847656e-08,0.0002642512263264507,2026092702,energy_half
time.2,28,176,2.9802322387695312e-08,0.0006596524035558105,2026092702,energy_half
behavior.0,28,176,1.4901161193847656e-08,0.00025471614208072424,2026092702,energy_half
behavior.1,28,176,1.4901161193847656e-08,0.00014712339907418936,2026092702,energy_half
behavior.2,28,176,1.4901161193847656e-08,0.00018635456217452884,2026092702,energy_half
time.0,28,177,2.2351741790771484e-08,0.0007255688542500138,2026092702,energy_half
time.1,28,177,1.4901161193847656e-08,0.0002743830846156925,2026092702,energy_half
time.2,28,177,1.4901161193847656e-08,0.0006671622977592051,2026092702,energy_half
behavior.0,28,177,1.4901161193847656e-08,0.00024591476540081203,2026092702,energy_half
behavior.1,28,177,1.4901161193847656e-08,0.00013644335558637977,2026092702,energy_half
behavior.2,28,177,1.1175870895385742e-08,0.0001732391829136759,2026092702,energy_half
time.0,28,178,1.4901161193847656e-08,0.0006603241199627519,2026092702,energy_half
time.1,28,178,1.4901161193847656e-08,0.00023980249534361064,2026092702,energy_half
time.2,28,178,2.2351741790771484e-08,0.0006367879686877131,2026092702,energy_half
behavior.0,28,178,2.2351741790771484e-08,0.0002575859834905714,2026092702,energy_half
behavior.1,28,178,1.4901161193847656e-08,0.00014548130275215954,2026092702,energy_half
behavior.2,28,178,1.4901161193847656e-08,0.0002225135249318555,2026092702,energy_half
time.0,28,179,1.4901161193847656e-08,0.0007479823543690145,2026092702,energy_half
time.1,28,179,1.4901161193847656e-08,0.00028250887407921255,2026092702,energy_half
time.2,28,179,2.2351741790771484e-08,0.0007247911999002099,2026092702,energy_half
behavior.0,28,179,1.4901161193847656e-08,0.00026693157269619405,2026092702,energy_half
behavior.1,28,179,1.4901161193847656e-08,0.00015313751646317542,2026092702,energy_half
behavior.2,28,179,1.4901161193847656e-08,0.0002102532598655671,2026092702,energy_half
time.0,28,180,2.2351741790771484e-08,0.0007069729035720229,2026092702,energy_half
time.1,28,180,1.4901161193847656e-08,0.00027078294078819454,2026092702,energy_half
time.2,28,180,2.2351741790771484e-08,0.0006817698013037443,2026092702,energy_half
behavior.0,28,180,1.4901161193847656e-08,0.0002524387964513153,2026092702,energy_half
behavior.1,28,180,1.4901161193847656e-08,0.0001435112935723737,2026092702,energy_half
behavior.2,28,180,1.4901161193847656e-08,0.00016996551130432636,2026092702,energy_half
time.0,28,181,2.2351741790771484e-08,0.000659010314848274,2026092702,energy_half
time.1,28,181,1.4901161193847656e-08,0.0002389697328908369,2026092702,energy_half
time.2,28,181,2.2351741790771484e-08,0.000670536479447037,2026092702,energy_half
behavior.0,28,181,1.4901161193847656e-08,0.00025237153749912977,2026092702,energy_half
behavior.1,28,181,1.1175870895385742e-08,0.0001489229907747358,2026092702,energy_half
behavior.2,28,181,1.4901161193847656e-08,0.00019223944400437176,2026092702,energy_half
time.0,28,182,2.9802322387695312e-08,0.0006583429058082402,2026092702,energy_half
time.1,28,182,1.4901161193847656e-08,0.00023886161216069013,2026092702,energy_half
time.2,28,182,2.2351741790771484e-08,0.0006418257835321128,2026092702,energy_half
behavior.0,28,182,1.4901161193847656e-08,0.0002515127998776734,2026092702,energy_half
behavior.1,28,182,1.4901161193847656e-08,0.0001342407922493294,2026092702,energy_half
behavior.2,28,182,1.4901161193847656e-08,0.00015985584468580782,2026092702,energy_half
time.0,28,183,2.9802322387695312e-08,0.0006854747189208865,2026092702,energy_half
time.1,28,183,1.4901161193847656e-08,0.00026154363877139986,2026092702,energy_half
time.2,28,183,1.4901161193847656e-08,0.0006619890336878598,2026092702,energy_half
behavior.0,28,183,2.2351741790771484e-08,0.00023711651738267392,2026092702,energy_half
behavior.1,28,183,7.450580596923828e-09,0.00012911255180370063,2026092702,energy_half
behavior.2,28,183,1.4901161193847656e-08,0.0001803748746169731,2026092702,energy_half
time.0,28,184,1.4901161193847656e-08,0.0006434734095819294,2026092702,energy_half
time.1,28,184,1.4901161193847656e-08,0.00023515932844020426,2026092702,energy_half
time.2,28,184,2.9802322387695312e-08,0.0006260735681280494,2026092702,energy_half
behavior.0,28,184,1.4901161193847656e-08,0.0002384783438174054,2026092702,energy_half
behavior.1,28,184,1.4901161193847656e-08,0.0001445670786779374,2026092702,energy_half
behavior.2,28,184,1.4901161193847656e-08,0.00019330036593601108,2026092702,energy_half
time.0,28,185,2.2351741790771484e-08,0.000577571801841259,2026092702,energy_half
time.1,28,185,1.4901161193847656e-08,0.00019825629715342075,2026092702,energy_half
time.2,28,185,2.9802322387695312e-08,0.0005301398923620582,2026092702,energy_half
behavior.0,28,185,1.4901161193847656e-08,0.0002645078639034182,2026092702,energy_half
behavior.1,28,185,1.4901161193847656e-08,0.000146578109706752,2026092702,energy_half
behavior.2,28,185,1.4901161193847656e-08,0.00021184125216677785,2026092702,energy_half
time.0,28,186,2.2351741790771484e-08,0.0006961023900657892,2026092702,energy_half
time.1,28,186,2.9802322387695312e-08,0.00025916536105796695,2026092702,energy_half
time.2,28,186,2.9802322387695312e-08,0.0007093416061252356,2026092702,energy_half
behavior.0,28,186,1.4901161193847656e-08,0.0002257945016026497,2026092702,energy_half
behavior.1,28,186,2.2351741790771484e-08,0.0001213652067235671,2026092702,energy_half
behavior.2,28,186,1.4901161193847656e-08,0.00015027319022919983,2026092702,energy_half
time.0,28,187,1.4901161193847656e-08,0.0006906698108650744,2026092702,energy_half
time.1,28,187,1.4901161193847656e-08,0.00025272113271057606,2026092702,energy_half
time.2,28,187,2.9802322387695312e-08,0.0007083347300067544,2026092702,energy_half
behavior.0,28,187,1.862645149230957e-08,0.00024075205146800727,2026092702,energy_half
behavior.1,28,187,1.4901161193847656e-08,0.00013441625924315304,2026092702,energy_half
behavior.2,28,187,1.4901161193847656e-08,0.0001767468056641519,2026092702,energy_half
time.0,28,188,2.2351741790771484e-08,0.00073103082831949,2026092702,energy_half
time.1,28,188,2.2351741790771484e-08,0.0002868711017072201,2026092702,energy_half
time.2,28,188,2.9802322387695312e-08,0.000756371533498168,2026092702,energy_half
behavior.0,28,188,1.4901161193847656e-08,0.0002681343466974795,2026092702,energy_half
behavior.1,28,188,2.9802322387695312e-08,0.000156799636897631,2026092702,energy_half
behavior.2,28,188,1.4901161193847656e-08,0.0001734433026285842,2026092702,energy_half
time.0,28,189,2.2351741790771484e-08,0.0005932053900323808,2026092702,energy_half
time.1,28,189,1.4901161193847656e-08,0.0002098507684422657,2026092702,energy_half
time.2,28,189,2.2351741790771484e-08,0.0005788985872641206,2026092702,energy_half
behavior.0,28,189,1.4901161193847656e-08,0.0002526135358493775,2026092702,energy_half
behavior.1,28,189,2.2351741790771484e-08,0.0001483745436416939,2026092702,energy_half
behavior.2,28,189,1.4901161193847656e-08,0.00019379277364350855,2026092702,energy_half
time.0,28,190,2.2351741790771484e-08,0.0006646390538662672,2026092702,energy_half
time.1,28,190,1.4901161193847656e-08,0.00023581252025905997,2026092702,energy_half
time.2,28,190,2.9802322387695312e-08,0.0007118596113286912,2026092702,energy_half
behavior.0,28,190,1.4901161193847656e-08,0.00024209731782320887,2026092702,energy_half
behavior.1,28,190,1.4901161193847656e-08,0.0001335338456556201,2026092702,energy_half
behavior.2,28,190,1.4901161193847656e-08,0.0002053506759693846,2026092702,energy_half
time.0,28,191,2.9802322387695312e-08,0.0006660553044639528,2026092702,energy_half
time.1,28,191,1.4901161193847656e-08,0.0002461154363118112,2026092702,energy_half
time.2,28,191,2.9802322387695312e-08,0.0006296766805462539,2026092702,energy_half
behavior.0,28,191,1.4901161193847656e-08,0.0002488592581357807,2026092702,energy_half
behavior.1,28,191,1.4901161193847656e-08,0.00013766609481535852,2026092702,energy_half
behavior.2,28,191,1.1175870895385742e-08,0.0001719161809887737,2026092702,energy_half
time.0,28,192,1.4901161193847656e-08,0.0005901682307012379,2026092702,energy_half
time.1,28,192,1.4901161193847656e-08,0.00020619323186110705,2026092702,energy_half
time.2,28,192,2.9802322387695312e-08,0.0005644006887450814,2026092702,energy_half
behavior.0,28,192,2.2351741790771484e-08,0.0002621890162117779,2026092702,energy_half
behavior.1,28,192,1.4901161193847656e-08,0.00015813991194590926,2026092702,energy_half
behavior.2,28,192,1.4901161193847656e-08,0.00020607974147424102,2026092702,energy_half
time.0,28,193,1.4901161193847656e-08,0.0006816697423346341,2026092702,energy_half
time.1,28,193,2.9802322387695312e-08,0.0002574239915702492,2026092702,energy_half
time.2,28,193,1.4901161193847656e-08,0.0006785310688428581,2026092702,energy_half
behavior.0,28,193,1.4901161193847656e-08,0.00023521686671301723,2026092702,energy_half
behavior.1,28,193,1.4901161193847656e-08,0.00013132405001670122,2026092702,energy_half
behavior.2,28,193,1.4901161193847656e-08,0.0001738831342663616,2026092702,energy_half
time.0,28,194,2.2351741790771484e-08,0.0006147543317638338,2026092702,energy_half
time.1,28,194,2.2351741790771484e-08,0.0002194768749177456,2026092702,energy_half
time.2,28,194,1.4901161193847656e-08,0.0006188377737998962,2026092702,energy_half
behavior.0,28,194,1.4901161193847656e-08,0.0002590934745967388,2026092702,energy_half
behavior.1,28,194,1.4901161193847656e-08,0.00014438886137213558,2026092702,energy_half
behavior.2,28,194,1.1175870895385742e-08,0.0001834909780882299,2026092702,energy_half
time.0,28,195,2.9802322387695312e-08,0.0006407169857993722,2026092702,energy_half
time.1,28,195,1.4901161193847656e-08,0.00023643160238862038,2026092702,energy_half
time.2,28,195,1.4901161193847656e-08,0.000610066344961524,2026092702,energy_half
behavior.0,28,195,2.2351741790771484e-08,0.0002627229841891676,2026092702,energy_half
behavior.1,28,195,1.4901161193847656e-08,0.00014851339801680297,2026092702,energy_half
behavior.2,28,195,1.4901161193847656e-08,0.00019582225650083274,2026092702,energy_half
time.0,28,196,2.2351741790771484e-08,0.0006532244151458144,2026092702,energy_half
time.1,28,196,1.4901161193847656e-08,0.00023782537027727813,2026092702,energy_half
time.2,28,196,2.9802322387695312e-08,0.000671903311740607,2026092702,energy_half
behavior.0,28,196,2.2351741790771484e-08,0.0002540341520216316,2026092702,energy_half
behavior.1,28,196,1.4901161193847656e-08,0.00014393065066542476,2026092702,energy_half
behavior.2,28,196,1.1175870895385742e-08,0.00017337844474241138,2026092702,energy_half
time.0,28,197,1.4901161193847656e-08,0.0006683791289106011,2026092702,energy_half
time.1,28,197,2.2351741790771484e-08,0.00024298341304529458,2026092702,energy_half
time.2,28,197,1.4901161193847656e-08,0.0006535126594826579,2026092702,energy_half
behavior.0,28,197,1.4901161193847656e-08,0.000254916085395962,2026092702,energy_half
behavior.1,28,197,1.1175870895385742e-08,0.0001468692789785564,2026092702,energy_half
behavior.2,28,197,1.4901161193847656e-08,0.00018883234588429332,2026092702,energy_half
time.0,28,198,2.9802322387695312e-08,0.0006311465403996408,2026092702,energy_half
time.1,28,198,1.4901161193847656e-08,0.00021376302174758166,2026092702,energy_half
time.2,28,198,2.2351741790771484e-08,0.0005875422502867877,2026092702,energy_half
behavior.0,28,198,1.4901161193847656e-08,0.00021039994317106903,2026092702,energy_half
behavior.1,28,198,1.1175870895385742e-08,0.0001239442208316177,2026092702,energy_half
behavior.2,28,198,2.2351741790771484e-08,0.00014722980267833918,2026092702,energy_half
time.0,28,199,2.2351741790771484e-08,0.0007034111185930669,2026092702,energy_half
time.1,28,199,2.9802322387695312e-08,0.0002674204297363758,2026092702,energy_half
time.2,28,199,2.2351741790771484e-08,0.00067940290318802,2026092702,energy_half
behavior.0,28,199,1.4901161193847656e-08,0.0002500193368177861,2026092702,energy_half
behavior.1,28,199,1.4901161193847656e-08,0.00015224375238176435,2026092702,energy_half
behavior.2,28,199,1.4901161193847656e-08,0.0002388347202213481,2026092702,energy_half
time.0,28,200,2.9802322387695312e-08,0.000780001690145582,2026092702,energy_half
time.1,28,200,1.4901161193847656e-08,0.0003033975081052631,2026092702,energy_half
time.2,28,200,2.9802322387695312e-08,0.0008035252103582025,2026092702,energy_half
behavior.0,28,200,1.4901161193847656e-08,0.00023993791546672583,2026092702,energy_half
behavior.1,28,200,1.1175870895385742e-08,0.00013876355660613626,2026092702,energy_half
behavior.2,28,200,1.4901161193847656e-08,0.00016173704352695495,2026092702,energy_half
time.0,28,1,2.9802322387695312e-08,0.0007107571000233293,2026092703,energy_equivariant
time.1,28,1,2.2351741790771484e-08,0.0003035393310710788,2026092703,energy_equivariant
time.2,28,1,2.2351741790771484e-08,0.0004002241767011583,2026092703,energy_equivariant
behavior.0,28,1,1.4901161193847656e-08,0.00027344137197360396,2026092703,energy_equivariant
behavior.1,28,1,1.4901161193847656e-08,0.00011299304605927318,2026092703,energy_equivariant
behavior.2,28,1,1.1175870895385742e-08,8.72645978233777e-05,2026092703,energy_equivariant
time.0,28,2,1.4901161193847656e-08,0.0007560435915365815,2026092703,energy_equivariant
time.1,28,2,1.4901161193847656e-08,0.0003698085783980787,2026092703,energy_equivariant
time.2,28,2,2.9802322387695312e-08,0.0006003986345604062,2026092703,energy_equivariant
behavior.0,28,2,1.4901161193847656e-08,0.00029878102941438556,2026092703,energy_equivariant
behavior.1,28,2,2.2351741790771484e-08,0.00010888844553846866,2026092703,energy_equivariant
behavior.2,28,2,1.4901161193847656e-08,0.00010562833631411195,2026092703,energy_equivariant
time.0,28,3,1.4901161193847656e-08,0.0007567394059151411,2026092703,energy_equivariant
time.1,28,3,1.4901161193847656e-08,0.0003258701763115823,2026092703,energy_equivariant
time.2,28,3,1.4901161193847656e-08,0.0007480337517336011,2026092703,energy_equivariant
behavior.0,28,3,1.4901161193847656e-08,0.0002747915859799832,2026092703,energy_equivariant
behavior.1,28,3,1.4901161193847656e-08,0.0001049123820848763,2026092703,energy_equivariant
behavior.2,28,3,1.4901161193847656e-08,0.00010750350338639691,2026092703,energy_equivariant
time.0,28,4,1.4901161193847656e-08,0.0006191490683704615,2026092703,energy_equivariant
time.1,28,4,1.4901161193847656e-08,0.00029375229496508837,2026092703,energy_equivariant
time.2,28,4,2.2351741790771484e-08,0.0006434715469367802,2026092703,energy_equivariant
behavior.0,28,4,1.4901161193847656e-08,0.000303635053569451,2026092703,energy_equivariant
behavior.1,28,4,1.4901161193847656e-08,0.00011794167949119583,2026092703,energy_equivariant
behavior.2,28,4,1.4901161193847656e-08,0.00011989449558313936,2026092703,energy_equivariant
time.0,28,5,2.9802322387695312e-08,0.0006584887742064893,2026092703,energy_equivariant
time.1,28,5,1.4901161193847656e-08,0.0003014530520886183,2026092703,energy_equivariant
time.2,28,5,2.9802322387695312e-08,0.0007127811550162733,2026092703,energy_equivariant
behavior.0,28,5,1.4901161193847656e-08,0.00026117495144717395,2026092703,energy_equivariant
behavior.1,28,5,1.1175870895385742e-08,9.073869296116754e-05,2026092703,energy_equivariant
behavior.2,28,5,1.1175870895385742e-08,0.00010112961172126234,2026092703,energy_equivariant
time.0,28,6,2.2351741790771484e-08,0.0006047307979315519,2026092703,energy_equivariant
time.1,28,6,1.4901161193847656e-08,0.00024671212304383516,2026092703,energy_equivariant
time.2,28,6,2.2351741790771484e-08,0.0005823629326187074,2026092703,energy_equivariant
behavior.0,28,6,1.4901161193847656e-08,0.00026778626488521695,2026092703,energy_equivariant
behavior.1,28,6,1.1175870895385742e-08,9.699399379314855e-05,2026092703,energy_equivariant
behavior.2,28,6,1.4901161193847656e-08,0.00012377712118905038,2026092703,energy_equivariant
time.0,28,7,2.2351741790771484e-08,0.0006564970244653523,2026092703,energy_equivariant
time.1,28,7,1.4901161193847656e-08,0.0002631198149174452,2026092703,energy_equivariant
time.2,28,7,2.2351741790771484e-08,0.0007514521712437272,2026092703,energy_equivariant
behavior.0,28,7,2.2351741790771484e-08,0.00026711399550549686,2026092703,energy_equivariant
behavior.1,28,7,1.4901161193847656e-08,9.20629026950337e-05,2026092703,energy_equivariant
behavior.2,28,7,1.4901161193847656e-08,0.00011822763190139085,2026092703,energy_equivariant
time.0,28,8,1.4901161193847656e-08,0.0006407665205188096,2026092703,energy_equivariant
time.1,28,8,1.4901161193847656e-08,0.0002655358402989805,2026092703,energy_equivariant
time.2,28,8,2.2351741790771484e-08,0.0006034726975485682,2026092703,energy_equivariant
behavior.0,28,8,1.4901161193847656e-08,0.00025562933296896517,2026092703,energy_equivariant
behavior.1,28,8,1.1175870895385742e-08,9.38034791033715e-05,2026092703,energy_equivariant
behavior.2,28,8,1.1175870895385742e-08,0.00010612906044116244,2026092703,energy_equivariant
time.0,28,9,1.4901161193847656e-08,0.0006685346597805619,2026092703,energy_equivariant
time.1,28,9,1.4901161193847656e-08,0.00027431739727035165,2026092703,energy_equivariant
time.2,28,9,4.470348358154297e-08,0.0006916301208548248,2026092703,energy_equivariant
behavior.0,28,9,1.4901161193847656e-08,0.000269843905698508,2026092703,energy_equivariant
behavior.1,28,9,1.4901161193847656e-08,9.149272955255583e-05,2026092703,energy_equivariant
behavior.2,28,9,1.4901161193847656e-08,0.00011567919136723503,2026092703,energy_equivariant
time.0,28,10,2.2351741790771484e-08,0.0007242589490488172,2026092703,energy_equivariant
time.1,28,10,1.4901161193847656e-08,0.0002826205163728446,2026092703,energy_equivariant
time.2,28,10,2.2351741790771484e-08,0.00084727443754673,2026092703,energy_equivariant
behavior.0,28,10,1.4901161193847656e-08,0.0002702892816159874,2026092703,energy_equivariant
behavior.1,28,10,1.4901161193847656e-08,0.00010404960630694404,2026092703,energy_equivariant
behavior.2,28,10,1.1175870895385742e-08,0.00012003946903860196,2026092703,energy_equivariant
time.0,28,11,2.2351741790771484e-08,0.0006071007228456438,2026092703,energy_equivariant
time.1,28,11,1.4901161193847656e-08,0.00023308236268348992,2026092703,energy_equivariant
time.2,28,11,2.2351741790771484e-08,0.0005815092590637505,2026092703,energy_equivariant
behavior.0,28,11,1.4901161193847656e-08,0.00025364605244249105,2026092703,energy_equivariant
behavior.1,28,11,1.4901161193847656e-08,9.93929133983329e-05,2026092703,energy_equivariant
behavior.2,28,11,1.4901161193847656e-08,0.00011986846948275343,2026092703,energy_equivariant
time.0,28,12,2.2351741790771484e-08,0.0006013393285684288,2026092703,energy_equivariant
time.1,28,12,1.4901161193847656e-08,0.00023035259800963104,2026092703,energy_equivariant
time.2,28,12,1.4901161193847656e-08,0.0005916489753872156,2026092703,energy_equivariant
behavior.0,28,12,1.4901161193847656e-08,0.00027904671151190996,2026092703,energy_equivariant
behavior.1,28,12,1.4901161193847656e-08,0.00010673617362044752,2026092703,energy_equivariant
behavior.2,28,12,1.4901161193847656e-08,0.00013992527965456247,2026092703,energy_equivariant
time.0,28,13,1.4901161193847656e-08,0.0006648262497037649,2026092703,energy_equivariant
time.1,28,13,1.4901161193847656e-08,0.0002772658772300929,2026092703,energy_equivariant
time.2,28,13,2.9802322387695312e-08,0.0007834192947484553,2026092703,energy_equivariant
behavior.0,28,13,1.4901161193847656e-08,0.00026028926367871463,2026092703,energy_equivariant
behavior.1,28,13,1.1175870895385742e-08,8.297555177705362e-05,2026092703,energy_equivariant
behavior.2,28,13,1.4901161193847656e-08,0.00012900026922579855,2026092703,energy_equivariant
time.0,28,14,1.4901161193847656e-08,0.0005839036894030869,2026092703,energy_equivariant
time.1,28,14,1.4901161193847656e-08,0.00022802181774750352,2026092703,energy_equivariant
time.2,28,14,2.2351741790771484e-08,0.0005255654687061906,2026092703,energy_equivariant
behavior.0,28,14,2.2351741790771484e-08,0.00027486481121741235,2026092703,energy_equivariant
behavior.1,28,14,7.450580596923828e-09,9.35259522520937e-05,2026092703,energy_equivariant
behavior.2,28,14,1.4901161193847656e-08,0.000133571244077757,2026092703,energy_equivariant
time.0,28,15,2.2351741790771484e-08,0.0006466910126619041,2026092703,energy_equivariant
time.1,28,15,1.1175870895385742e-08,0.000235979983699508,2026092703,energy_equivariant
time.2,28,15,2.2351741790771484e-08,0.0006362084532156587,2026092703,energy_equivariant
behavior.0,28,15,1.4901161193847656e-08,0.0002512973442208022,2026092703,energy_equivariant
behavior.1,28,15,1.1175870895385742e-08,8.691578113939613e-05,2026092703,energy_equivariant
behavior.2,28,15,1.1175870895385742e-08,0.00011964515579165891,2026092703,energy_equivariant
time.0,28,16,2.2351741790771484e-08,0.0006839718553237617,2026092703,energy_equivariant
time.1,28,16,1.4901161193847656e-08,0.00025479140458628535,2026092703,energy_equivariant
time.2,28,16,1.4901161193847656e-08,0.0006723765982314944,2026092703,energy_equivariant
behavior.0,28,16,1.4901161193847656e-08,0.0002730178239289671,2026092703,energy_equivariant
behavior.1,28,16,1.1175870895385742e-08,8.039464592002332e-05,2026092703,energy_equivariant
behavior.2,28,16,1.4901161193847656e-08,0.0001609560422366485,2026092703,energy_equivariant
time.0,28,17,1.4901161193847656e-08,0.0006136241718195379,2026092703,energy_equivariant
time.1,28,17,1.4901161193847656e-08,0.0002234017156297341,2026092703,energy_equivariant
time.2,28,17,2.9802322387695312e-08,0.0005474439240060747,2026092703,energy_equivariant
behavior.0,28,17,1.4901161193847656e-08,0.00025021270266734064,2026092703,energy_equivariant
behavior.1,28,17,1.4901161193847656e-08,8.23942173155956e-05,2026092703,energy_equivariant
behavior.2,28,17,1.4901161193847656e-08,0.00012967834481969476,2026092703,energy_equivariant
time.0,28,18,1.4901161193847656e-08,0.0006568730459548533,2026092703,energy_equivariant
time.1,28,18,1.4901161193847656e-08,0.00023922465334180743,2026092703,energy_equivariant
time.2,28,18,1.4901161193847656e-08,0.0006115299183875322,2026092703,energy_equivariant
behavior.0,28,18,1.4901161193847656e-08,0.00027373386546969414,2026092703,energy_equivariant
behavior.1,28,18,1.1175870895385742e-08,8.230718231061473e-05,2026092703,energy_equivariant
behavior.2,28,18,1.1175870895385742e-08,0.00015695187903475016,2026092703,energy_equivariant
time.0,28,19,2.9802322387695312e-08,0.0007142499671317637,2026092703,energy_equivariant
time.1,28,19,1.1175870895385742e-08,0.00026490737218409777,2026092703,energy_equivariant
time.2,28,19,2.2351741790771484e-08,0.0006936845020391047,2026092703,energy_equivariant
behavior.0,28,19,1.4901161193847656e-08,0.0002391299494775012,2026092703,energy_equivariant
behavior.1,28,19,1.1175870895385742e-08,8.418606012128294e-05,2026092703,energy_equivariant
behavior.2,28,19,1.1175870895385742e-08,0.00013985432451590896,2026092703,energy_equivariant
time.0,28,20,1.4901161193847656e-08,0.0006261349190026522,2026092703,energy_equivariant
time.1,28,20,1.1175870895385742e-08,0.00023516517831012607,2026092703,energy_equivariant
time.2,28,20,2.9802322387695312e-08,0.0005847717402502894,2026092703,energy_equivariant
behavior.0,28,20,1.4901161193847656e-08,0.00024793072952888906,2026092703,energy_equivariant
behavior.1,28,20,1.1175870895385742e-08,8.124236774165183e-05,2026092703,energy_equivariant
behavior.2,28,20,1.4901161193847656e-08,0.0001509922876721248,2026092703,energy_equivariant
time.0,28,21,1.4901161193847656e-08,0.0006309213349595666,2026092703,energy_equivariant
time.1,28,21,1.1175870895385742e-08,0.0002221727918367833,2026092703,energy_equivariant
time.2,28,21,2.2351741790771484e-08,0.0006396032404154539,2026092703,energy_equivariant
behavior.0,28,21,2.2351741790771484e-08,0.00027025211602449417,2026092703,energy_equivariant
behavior.1,28,21,1.1175870895385742e-08,8.539773261873052e-05,2026092703,energy_equivariant
behavior.2,28,21,1.4901161193847656e-08,0.0001723630994092673,2026092703,energy_equivariant
time.0,28,22,1.4901161193847656e-08,0.0006062586908228695,2026092703,energy_equivariant
time.1,28,22,1.4901161193847656e-08,0.00021279850625433028,2026092703,energy_equivariant
time.2,28,22,2.2351741790771484e-08,0.0005367245175875723,2026092703,energy_equivariant
behavior.0,28,22,1.4901161193847656e-08,0.0002573563833720982,2026092703,energy_equivariant
behavior.1,28,22,1.1175870895385742e-08,7.916205504443496e-05,2026092703,energy_equivariant
behavior.2,28,22,1.4901161193847656e-08,0.00015357453958131373,2026092703,energy_equivariant
time.0,28,23,1.4901161193847656e-08,0.0006268315482884645,2026092703,energy_equivariant
time.1,28,23,1.1175870895385742e-08,0.00022004841594025493,2026092703,energy_equivariant
time.2,28,23,1.4901161193847656e-08,0.0006421123398467898,2026092703,energy_equivariant
behavior.0,28,23,2.2351741790771484e-08,0.00024421268608421087,2026092703,energy_equivariant
behavior.1,28,23,7.450580596923828e-09,7.876411837060004e-05,2026092703,energy_equivariant
behavior.2,28,23,1.4901161193847656e-08,0.00015374587383121252,2026092703,energy_equivariant
time.0,28,24,2.2351741790771484e-08,0.0006474608089774847,2026092703,energy_equivariant
time.1,28,24,1.4901161193847656e-08,0.00023108418099582195,2026092703,energy_equivariant
time.2,28,24,2.2351741790771484e-08,0.0005671035614795983,2026092703,energy_equivariant
behavior.0,28,24,1.4901161193847656e-08,0.0002426787541480735,2026092703,energy_equivariant
behavior.1,28,24,1.1175870895385742e-08,7.715923857176676e-05,2026092703,energy_equivariant
behavior.2,28,24,1.4901161193847656e-08,0.00013514654710888863,2026092703,energy_equivariant
time.0,28,25,1.4901161193847656e-08,0.0005986159667372704,2026092703,energy_equivariant
time.1,28,25,1.1175870895385742e-08,0.0002118209085892886,2026092703,energy_equivariant
time.2,28,25,2.2351741790771484e-08,0.0005259854951873422,2026092703,energy_equivariant
behavior.0,28,25,1.4901161193847656e-08,0.0002495982334949076,2026092703,energy_equivariant
behavior.1,28,25,1.1175870895385742e-08,8.595470717409626e-05,2026092703,energy_equivariant
behavior.2,28,25,7.450580596923828e-09,0.00013517045590560883,2026092703,energy_equivariant
time.0,28,26,2.9802322387695312e-08,0.0005948010366410017,2026092703,energy_equivariant
time.1,28,26,1.4901161193847656e-08,0.00021669229317922145,2026092703,energy_equivariant
time.2,28,26,2.9802322387695312e-08,0.0005922513082623482,2026092703,energy_equivariant
behavior.0,28,26,1.4901161193847656e-08,0.00023790080740582198,2026092703,energy_equivariant
behavior.1,28,26,1.1175870895385742e-08,8.048995368881151e-05,2026092703,energy_equivariant
behavior.2,28,26,1.4901161193847656e-08,0.00015902511950116605,2026092703,energy_equivariant
time.0,28,27,2.2351741790771484e-08,0.0006167157553136349,2026092703,energy_equivariant
time.1,28,27,1.4901161193847656e-08,0.00023008209245745093,2026092703,energy_equivariant
time.2,28,27,2.9802322387695312e-08,0.0006567448726855218,2026092703,energy_equivariant
behavior.0,28,27,1.4901161193847656e-08,0.00024832820054143667,2026092703,energy_equivariant
behavior.1,28,27,1.1175870895385742e-08,8.733368304092437e-05,2026092703,energy_equivariant
behavior.2,28,27,2.2351741790771484e-08,0.00016334613610524684,2026092703,energy_equivariant
time.0,28,28,2.9802322387695312e-08,0.0006406173924915493,2026092703,energy_equivariant
time.1,28,28,1.1175870895385742e-08,0.0002140695578418672,2026092703,energy_equivariant
time.2,28,28,2.9802322387695312e-08,0.0005627813516184688,2026092703,energy_equivariant
behavior.0,28,28,1.4901161193847656e-08,0.00024096350534819067,2026092703,energy_equivariant
behavior.1,28,28,7.450580596923828e-09,7.712141814408824e-05,2026092703,energy_equivariant
behavior.2,28,28,1.4901161193847656e-08,0.0001513120805611834,2026092703,energy_equivariant
time.0,28,29,2.2351741790771484e-08,0.0006066402420401573,2026092703,energy_equivariant
time.1,28,29,1.4901161193847656e-08,0.00020509693422354758,2026092703,energy_equivariant
time.2,28,29,2.2351741790771484e-08,0.000585324945859611,2026092703,energy_equivariant
behavior.0,28,29,2.2351741790771484e-08,0.00023678997240494937,2026092703,energy_equivariant
behavior.1,28,29,1.1175870895385742e-08,8.456480281893164e-05,2026092703,energy_equivariant
behavior.2,28,29,1.1175870895385742e-08,0.000131332766613923,2026092703,energy_equivariant
time.0,28,30,2.2351741790771484e-08,0.0007576314965263009,2026092703,energy_equivariant
time.1,28,30,1.4901161193847656e-08,0.00024119496811181307,2026092703,energy_equivariant
time.2,28,30,2.9802322387695312e-08,0.0007705126772634685,2026092703,energy_equivariant
behavior.0,28,30,1.4901161193847656e-08,0.00021823591669090092,2026092703,energy_equivariant
behavior.1,28,30,1.1175870895385742e-08,7.276160613400862e-05,2026092703,energy_equivariant
behavior.2,28,30,1.1175870895385742e-08,0.0001288947241846472,2026092703,energy_equivariant
time.0,28,31,1.4901161193847656e-08,0.0006403925945051014,2026092703,energy_equivariant
time.1,28,31,1.1175870895385742e-08,0.00021303481480572373,2026092703,energy_equivariant
time.2,28,31,2.9802322387695312e-08,0.0005869820015504956,2026092703,energy_equivariant
behavior.0,28,31,1.4901161193847656e-08,0.00023832828446757048,2026092703,energy_equivariant
behavior.1,28,31,1.1175870895385742e-08,8.107289613690227e-05,2026092703,energy_equivariant
behavior.2,28,31,1.4901161193847656e-08,0.00015805743169039488,2026092703,energy_equivariant
time.0,28,32,2.2351741790771484e-08,0.000582700886297971,2026092703,energy_equivariant
time.1,28,32,1.4901161193847656e-08,0.0002208319929195568,2026092703,energy_equivariant
time.2,28,32,2.2351741790771484e-08,0.0005510591436177492,2026092703,energy_equivariant
behavior.0,28,32,1.4901161193847656e-08,0.000239224944380112,2026092703,energy_equivariant
behavior.1,28,32,7.450580596923828e-09,7.553272735094652e-05,2026092703,energy_equivariant
behavior.2,28,32,1.1175870895385742e-08,0.00016218677046708763,2026092703,energy_equivariant
time.0,28,33,2.2351741790771484e-08,0.0006235369946807623,2026092703,energy_equivariant
time.1,28,33,1.1175870895385742e-08,0.00021985138300806284,2026092703,energy_equivariant
time.2,28,33,2.9802322387695312e-08,0.0006545127835124731,2026092703,energy_equivariant
behavior.0,28,33,1.4901161193847656e-08,0.00022918879403732717,2026092703,energy_equivariant
behavior.1,28,33,1.1175870895385742e-08,8.138089469866827e-05,2026092703,energy_equivariant
behavior.2,28,33,1.1175870895385742e-08,0.0001482839579693973,2026092703,energy_equivariant
time.0,28,34,2.2351741790771484e-08,0.0006177984178066254,2026092703,energy_equivariant
time.1,28,34,1.4901161193847656e-08,0.00021978684526402503,2026092703,energy_equivariant
time.2,28,34,2.2351741790771484e-08,0.0006657527410425246,2026092703,energy_equivariant
behavior.0,28,34,1.4901161193847656e-08,0.00025453403941355646,2026092703,energy_equivariant
behavior.1,28,34,1.1175870895385742e-08,8.44998357933946e-05,2026092703,energy_equivariant
behavior.2,28,34,1.4901161193847656e-08,0.00015923423052299768,2026092703,energy_equivariant
time.0,28,35,2.2351741790771484e-08,0.0005700116162188351,2026092703,energy_equivariant
time.1,28,35,1.4901161193847656e-08,0.00019563123350962996,2026092703,energy_equivariant
time.2,28,35,2.9802322387695312e-08,0.000587694754358381,2026092703,energy_equivariant
behavior.0,28,35,1.4901161193847656e-08,0.00023127911845222116,2026092703,energy_equivariant
behavior.1,28,35,1.1175870895385742e-08,8.462750702165067e-05,2026092703,energy_equivariant
behavior.2,28,35,1.4901161193847656e-08,0.0001380337489536032,2026092703,energy_equivariant
time.0,28,36,2.9802322387695312e-08,0.0006138126482255757,2026092703,energy_equivariant
time.1,28,36,1.1175870895385742e-08,0.00021099703735671937,2026092703,energy_equivariant
time.2,28,36,2.2351741790771484e-08,0.0005987625918351114,2026092703,energy_equivariant
behavior.0,28,36,1.4901161193847656e-08,0.0002186361962230876,2026092703,energy_equivariant
behavior.1,28,36,1.1175870895385742e-08,7.938823546282947e-05,2026092703,energy_equivariant
behavior.2,28,36,1.4901161193847656e-08,0.00013138039503246546,2026092703,energy_equivariant
time.0,28,37,2.2351741790771484e-08,0.0006185405654832721,2026092703,energy_equivariant
time.1,28,37,1.1175870895385742e-08,0.00020755095465574414,2026092703,energy_equivariant
time.2,28,37,2.2351741790771484e-08,0.0005922381533309817,2026092703,energy_equivariant
behavior.0,28,37,1.4901161193847656e-08,0.0002557617553975433,2026092703,energy_equivariant
behavior.1,28,37,1.4901161193847656e-08,8.879468805389479e-05,2026092703,energy_equivariant
behavior.2,28,37,1.4901161193847656e-08,0.00016190623864531517,2026092703,energy_equivariant
time.0,28,38,2.2351741790771484e-08,0.0006438188720494509,2026092703,energy_equivariant
time.1,28,38,1.4901161193847656e-08,0.0002156914706574753,2026092703,energy_equivariant
time.2,28,38,2.9802322387695312e-08,0.0006407669861800969,2026092703,energy_equivariant
behavior.0,28,38,1.4901161193847656e-08,0.000248406664468348,2026092703,energy_equivariant
behavior.1,28,38,7.450580596923828e-09,8.08146214694716e-05,2026092703,energy_equivariant
behavior.2,28,38,1.4901161193847656e-08,0.0001726764312479645,2026092703,energy_equivariant
time.0,28,39,1.4901161193847656e-08,0.0006325809517875314,2026092703,energy_equivariant
time.1,28,39,1.1175870895385742e-08,0.00021514904801733792,2026092703,energy_equivariant
time.2,28,39,2.2351741790771484e-08,0.0005814455216750503,2026092703,energy_equivariant
behavior.0,28,39,1.4901161193847656e-08,0.0002345972170587629,2026092703,energy_equivariant
behavior.1,28,39,1.1175870895385742e-08,7.807221845723689e-05,2026092703,energy_equivariant
behavior.2,28,39,1.4901161193847656e-08,0.00013757386477664113,2026092703,energy_equivariant
time.0,28,40,3.725290298461914e-08,0.000599176506511867,2026092703,energy_equivariant
time.1,28,40,1.1175870895385742e-08,0.00019568124844226986,2026092703,energy_equivariant
time.2,28,40,2.9802322387695312e-08,0.0006064646295271814,2026092703,energy_equivariant
behavior.0,28,40,1.4901161193847656e-08,0.00025881658075377345,2026092703,energy_equivariant
behavior.1,28,40,1.1175870895385742e-08,8.104814332909882e-05,2026092703,energy_equivariant
behavior.2,28,40,1.4901161193847656e-08,0.00019439977768342942,2026092703,energy_equivariant
time.0,28,41,1.4901161193847656e-08,0.000569578493013978,2026092703,energy_equivariant
time.1,28,41,1.1175870895385742e-08,0.0001886959362309426,2026092703,energy_equivariant
time.2,28,41,2.9802322387695312e-08,0.0005639078444801271,2026092703,energy_equivariant
behavior.0,28,41,1.4901161193847656e-08,0.00024186764494515955,2026092703,energy_equivariant
behavior.1,28,41,1.4901161193847656e-08,8.609516953583807e-05,2026092703,energy_equivariant
behavior.2,28,41,1.4901161193847656e-08,0.00015156978042796254,2026092703,energy_equivariant
time.0,28,42,2.2351741790771484e-08,0.0006816805107519031,2026092703,energy_equivariant
time.1,28,42,1.4901161193847656e-08,0.0002260973706142977,2026092703,energy_equivariant
time.2,28,42,1.4901161193847656e-08,0.000705451297108084,2026092703,energy_equivariant
behavior.0,28,42,1.4901161193847656e-08,0.00023827336553949863,2026092703,energy_equivariant
behavior.1,28,42,1.1175870895385742e-08,7.339397416217253e-05,2026092703,energy_equivariant
behavior.2,28,42,1.1175870895385742e-08,0.00015964082558639348,2026092703,energy_equivariant
time.0,28,43,2.9802322387695312e-08,0.0006234528846107423,2026092703,energy_equivariant
time.1,28,43,1.4901161193847656e-08,0.000207625373150222,2026092703,energy_equivariant
time.2,28,43,1.4901161193847656e-08,0.0006225835531949997,2026092703,energy_equivariant
behavior.0,28,43,1.4901161193847656e-08,0.00026572984643280506,2026092703,energy_equivariant
behavior.1,28,43,1.4901161193847656e-08,7.291597285075113e-05,2026092703,energy_equivariant
behavior.2,28,43,1.4901161193847656e-08,0.00019335518300067633,2026092703,energy_equivariant
time.0,28,44,2.2351741790771484e-08,0.0006094136624597013,2026092703,energy_equivariant
time.1,28,44,1.4901161193847656e-08,0.00021266336261760443,2026092703,energy_equivariant
time.2,28,44,2.2351741790771484e-08,0.0005868140142410994,2026092703,energy_equivariant
behavior.0,28,44,1.4901161193847656e-08,0.00021745654521510005,2026092703,energy_equivariant
behavior.1,28,44,1.1175870895385742e-08,8.301072375616059e-05,2026092703,energy_equivariant
behavior.2,28,44,1.4901161193847656e-08,0.00014092789206188172,2026092703,energy_equivariant
time.0,28,45,1.4901161193847656e-08,0.0006425849278457463,2026092703,energy_equivariant
time.1,28,45,1.4901161193847656e-08,0.00021917618869338185,2026092703,energy_equivariant
time.2,28,45,2.2351741790771484e-08,0.0006653409218415618,2026092703,energy_equivariant
behavior.0,28,45,1.4901161193847656e-08,0.0002454953792039305,2026092703,energy_equivariant
behavior.1,28,45,7.450580596923828e-09,8.499978866893798e-05,2026092703,energy_equivariant
behavior.2,28,45,1.1175870895385742e-08,0.0001486522814957425,2026092703,energy_equivariant
time.0,28,46,1.4901161193847656e-08,0.0006346746813505888,2026092703,energy_equivariant
time.1,28,46,1.4901161193847656e-08,0.00021251675207167864,2026092703,energy_equivariant
time.2,28,46,2.2351741790771484e-08,0.0006581576308235526,2026092703,energy_equivariant
behavior.0,28,46,1.4901161193847656e-08,0.00025372006348334253,2026092703,energy_equivariant
behavior.1,28,46,1.1175870895385742e-08,8.591487858211622e-05,2026092703,energy_equivariant
behavior.2,28,46,1.4901161193847656e-08,0.0001629662438062951,2026092703,energy_equivariant
time.0,28,47,2.2351741790771484e-08,0.0006122651975601912,2026092703,energy_equivariant
time.1,28,47,1.1175870895385742e-08,0.00019925874948967248,2026092703,energy_equivariant
time.2,28,47,1.4901161193847656e-08,0.0006764481076970696,2026092703,energy_equivariant
behavior.0,28,47,1.4901161193847656e-08,0.00025110223214142025,2026092703,energy_equivariant
behavior.1,28,47,1.1175870895385742e-08,8.376315963687375e-05,2026092703,energy_equivariant
behavior.2,28,47,7.450580596923828e-09,0.00017218248103745282,2026092703,energy_equivariant
time.0,28,48,1.4901161193847656e-08,0.0006207520491443574,2026092703,energy_equivariant
time.1,28,48,1.4901161193847656e-08,0.00020748487440869212,2026092703,energy_equivariant
time.2,28,48,2.9802322387695312e-08,0.0006292850594036281,2026092703,energy_equivariant
behavior.0,28,48,2.2351741790771484e-08,0.00023452716413885355,2026092703,energy_equivariant
behavior.1,28,48,1.4901161193847656e-08,7.668513717362657e-05,2026092703,energy_equivariant
behavior.2,28,48,1.1175870895385742e-08,0.0001542425452498719,2026092703,energy_equivariant
time.0,28,49,2.2351741790771484e-08,0.000603744643740356,2026092703,energy_equivariant
time.1,28,49,1.4901161193847656e-08,0.00020089182362426072,2026092703,energy_equivariant
time.2,28,49,2.2351741790771484e-08,0.0006425734027288854,2026092703,energy_equivariant
behavior.0,28,49,1.4901161193847656e-08,0.00024137173022609204,2026092703,energy_equivariant
behavior.1,28,49,1.1175870895385742e-08,8.104505832307041e-05,2026092703,energy_equivariant
behavior.2,28,49,1.4901161193847656e-08,0.00015707789862062782,2026092703,energy_equivariant
time.0,28,50,1.4901161193847656e-08,0.0005159312859177589,2026092703,energy_equivariant
time.1,28,50,1.4901161193847656e-08,0.00018260984506923705,2026092703,energy_equivariant
time.2,28,50,1.4901161193847656e-08,0.0005678717279806733,2026092703,energy_equivariant
behavior.0,28,50,2.2351741790771484e-08,0.00023542462440673262,2026092703,energy_equivariant
behavior.1,28,50,1.1175870895385742e-08,8.27418698463589e-05,2026092703,energy_equivariant
behavior.2,28,50,2.2351741790771484e-08,0.00015934878319967538,2026092703,energy_equivariant
time.0,28,51,1.4901161193847656e-08,0.0006044801557436585,2026092703,energy_equivariant
time.1,28,51,2.2351741790771484e-08,0.00021939563157502562,2026092703,energy_equivariant
time.2,28,51,2.2351741790771484e-08,0.000653172261081636,2026092703,energy_equivariant
behavior.0,28,51,1.4901161193847656e-08,0.00023990229237824678,2026092703,energy_equivariant
behavior.1,28,51,2.2351741790771484e-08,8.214355329982936e-05,2026092703,energy_equivariant
behavior.2,28,51,1.1175870895385742e-08,0.0001515274925623089,2026092703,energy_equivariant
time.0,28,52,1.4901161193847656e-08,0.0006078763981349766,2026092703,energy_equivariant
time.1,28,52,1.1175870895385742e-08,0.0002044392458628863,2026092703,energy_equivariant
time.2,28,52,1.4901161193847656e-08,0.000624898704700172,2026092703,energy_equivariant
behavior.0,28,52,1.4901161193847656e-08,0.0002563715388532728,2026092703,energy_equivariant
behavior.1,28,52,1.1175870895385742e-08,8.149518544087186e-05,2026092703,energy_equivariant
behavior.2,28,52,1.4901161193847656e-08,0.00017902409308589995,2026092703,energy_equivariant
time.0,28,53,2.9802322387695312e-08,0.0005595569964498281,2026092703,energy_equivariant
time.1,28,53,1.1175870895385742e-08,0.00018873382941819727,2026092703,energy_equivariant
time.2,28,53,2.9802322387695312e-08,0.0005753552541136742,2026092703,energy_equivariant
behavior.0,28,53,1.1175870895385742e-08,0.00023886423150543123,2026092703,energy_equivariant
behavior.1,28,53,1.4901161193847656e-08,8.530163177056238e-05,2026092703,energy_equivariant
behavior.2,28,53,1.4901161193847656e-08,0.00015083963808137923,2026092703,energy_equivariant
time.0,28,54,1.4901161193847656e-08,0.0005711048725061119,2026092703,energy_equivariant
time.1,28,54,1.4901161193847656e-08,0.00019196500943508,2026092703,energy_equivariant
time.2,28,54,2.2351741790771484e-08,0.0005843044491484761,2026092703,energy_equivariant
behavior.0,28,54,1.4901161193847656e-08,0.0002686158986762166,2026092703,energy_equivariant
behavior.1,28,54,1.4901161193847656e-08,8.39035928947851e-05,2026092703,energy_equivariant
behavior.2,28,54,1.1175870895385742e-08,0.00018337828805670142,2026092703,energy_equivariant
time.0,28,55,2.2351741790771484e-08,0.0005754055455327034,2026092703,energy_equivariant
time.1,28,55,1.4901161193847656e-08,0.0001916928740683943,2026092703,energy_equivariant
time.2,28,55,2.2351741790771484e-08,0.0006392722716554999,2026092703,energy_equivariant
behavior.0,28,55,1.4901161193847656e-08,0.0002330276620341465,2026092703,energy_equivariant
behavior.1,28,55,1.1175870895385742e-08,8.305877418024465e-05,2026092703,energy_equivariant
behavior.2,28,55,1.1175870895385742e-08,0.00015257461927831173,2026092703,energy_equivariant
time.0,28,56,2.9802322387695312e-08,0.0006240172660909593,2026092703,energy_equivariant
time.1,28,56,1.1175870895385742e-08,0.000198240828467533,2026092703,energy_equivariant
time.2,28,56,1.4901161193847656e-08,0.000656374148093164,2026092703,energy_equivariant
behavior.0,28,56,1.4901161193847656e-08,0.000239855726249516,2026092703,energy_equivariant
behavior.1,28,56,1.4901161193847656e-08,8.087801688816398e-05,2026092703,energy_equivariant
behavior.2,28,56,1.4901161193847656e-08,0.0001518598000984639,2026092703,energy_equivariant
time.0,28,57,1.4901161193847656e-08,0.0006321640685200691,2026092703,energy_equivariant
time.1,28,57,1.4901161193847656e-08,0.00022310615167953074,2026092703,energy_equivariant
time.2,28,57,2.2351741790771484e-08,0.0007896738243289292,2026092703,energy_equivariant
behavior.0,28,57,1.4901161193847656e-08,0.00023892466560937464,2026092703,energy_equivariant
behavior.1,28,57,1.4901161193847656e-08,8.271566912299022e-05,2026092703,energy_equivariant
behavior.2,28,57,1.4901161193847656e-08,0.0001635891676414758,2026092703,energy_equivariant
time.0,28,58,1.4901161193847656e-08,0.0005666782381013036,2026092703,energy_equivariant
time.1,28,58,1.4901161193847656e-08,0.00018437666585668921,2026092703,energy_equivariant
time.2,28,58,2.9802322387695312e-08,0.0006068176589906216,2026092703,energy_equivariant
behavior.0,28,58,2.2351741790771484e-08,0.00027041143039241433,2026092703,energy_equivariant
behavior.1,28,58,1.1175870895385742e-08,8.383980457438156e-05,2026092703,energy_equivariant
behavior.2,28,58,1.1175870895385742e-08,0.00018369035387877375,2026092703,energy_equivariant
time.0,28,59,2.2351741790771484e-08,0.0005947594763711095,2026092703,energy_equivariant
time.1,28,59,1.4901161193847656e-08,0.00019871741824317724,2026092703,energy_equivariant
time.2,28,59,1.4901161193847656e-08,0.000648893415927887,2026092703,energy_equivariant
behavior.0,28,59,1.4901161193847656e-08,0.00022996048210188746,2026092703,energy_equivariant
behavior.1,28,59,1.1175870895385742e-08,8.025934221222997e-05,2026092703,energy_equivariant
behavior.2,28,59,1.1175870895385742e-08,0.00015446159522980452,2026092703,energy_equivariant
time.0,28,60,2.9802322387695312e-08,0.0006300897803157568,2026092703,energy_equivariant
time.1,28,60,1.4901161193847656e-08,0.00021104438928887248,2026092703,energy_equivariant
time.2,28,60,2.9802322387695312e-08,0.0007185140857473016,2026092703,energy_equivariant
behavior.0,28,60,1.4901161193847656e-08,0.00024167945957742631,2026092703,energy_equivariant
behavior.1,28,60,1.1175870895385742e-08,8.634365076432005e-05,2026092703,energy_equivariant
behavior.2,28,60,1.4901161193847656e-08,0.0001414754515280947,2026092703,energy_equivariant
time.0,28,61,2.2351741790771484e-08,0.0005893949419260025,2026092703,energy_equivariant
time.1,28,61,1.4901161193847656e-08,0.00019284208246972412,2026092703,energy_equivariant
time.2,28,61,2.9802322387695312e-08,0.0006329885800369084,2026092703,energy_equivariant
behavior.0,28,61,1.4901161193847656e-08,0.00024028783082030714,2026092703,energy_equivariant
behavior.1,28,61,1.1175870895385742e-08,7.975332118803635e-05,2026092703,energy_equivariant
behavior.2,28,61,1.4901161193847656e-08,0.00015996226284187287,2026092703,energy_equivariant
time.0,28,62,1.4901161193847656e-08,0.0006060966406948864,2026092703,energy_equivariant
time.1,28,62,1.1175870895385742e-08,0.00019913665892090648,2026092703,energy_equivariant
time.2,28,62,1.4901161193847656e-08,0.0006821815622970462,2026092703,energy_equivariant
behavior.0,28,62,1.4901161193847656e-08,0.0002353814779780805,2026092703,energy_equivariant
behavior.1,28,62,1.4901161193847656e-08,8.557872206438333e-05,2026092703,energy_equivariant
behavior.2,28,62,1.4901161193847656e-08,0.00015904210158623755,2026092703,energy_equivariant
time.0,28,63,2.2351741790771484e-08,0.0006322305998764932,2026092703,energy_equivariant
time.1,28,63,1.1175870895385742e-08,0.00019936091848649085,2026092703,energy_equivariant
time.2,28,63,2.2351741790771484e-08,0.000716840906534344,2026092703,energy_equivariant
behavior.0,28,63,1.4901161193847656e-08,0.0002489651960786432,2026092703,energy_equivariant
behavior.1,28,63,1.1175870895385742e-08,8.4574734501075e-05,2026092703,energy_equivariant
behavior.2,28,63,1.1175870895385742e-08,0.0001565322163514793,2026092703,energy_equivariant
time.0,28,64,1.4901161193847656e-08,0.0007091477164067328,2026092703,energy_equivariant
time.1,28,64,1.4901161193847656e-08,0.00022335085668601096,2026092703,energy_equivariant
time.2,28,64,2.2351741790771484e-08,0.000823485548608005,2026092703,energy_equivariant
behavior.0,28,64,1.4901161193847656e-08,0.00025310221826657653,2026092703,energy_equivariant
behavior.1,28,64,1.1175870895385742e-08,8.961947605712339e-05,2026092703,energy_equivariant
behavior.2,28,64,1.4901161193847656e-08,0.00016997838974930346,2026092703,energy_equivariant
time.0,28,65,2.2351741790771484e-08,0.0005966792232356966,2026092703,energy_equivariant
time.1,28,65,1.1175870895385742e-08,0.00019641168182715774,2026092703,energy_equivariant
time.2,28,65,2.9802322387695312e-08,0.0007157076615840197,2026092703,energy_equivariant
behavior.0,28,65,1.4901161193847656e-08,0.00024796719662845135,2026092703,energy_equivariant
behavior.1,28,65,7.450580596923828e-09,8.587967022322118e-05,2026092703,energy_equivariant
behavior.2,28,65,1.1175870895385742e-08,0.00016521106590516865,2026092703,energy_equivariant
time.0,28,66,2.2351741790771484e-08,0.0006723589031025767,2026092703,energy_equivariant
time.1,28,66,1.4901161193847656e-08,0.00022431014804169536,2026092703,energy_equivariant
time.2,28,66,2.9802322387695312e-08,0.0007898620096966624,2026092703,energy_equivariant
behavior.0,28,66,1.4901161193847656e-08,0.00025664729764685035,2026092703,energy_equivariant
behavior.1,28,66,1.4901161193847656e-08,7.333484245464206e-05,2026092703,energy_equivariant
behavior.2,28,66,1.4901161193847656e-08,0.0001669337070779875,2026092703,energy_equivariant
time.0,28,67,2.2351741790771484e-08,0.0005759618943557143,2026092703,energy_equivariant
time.1,28,67,1.4901161193847656e-08,0.00019987073028460145,2026092703,energy_equivariant
time.2,28,67,2.2351741790771484e-08,0.0006187878898344934,2026092703,energy_equivariant
behavior.0,28,67,1.4901161193847656e-08,0.00023532570048701018,2026092703,energy_equivariant
behavior.1,28,67,1.1175870895385742e-08,8.11595527920872e-05,2026092703,energy_equivariant
behavior.2,28,67,1.4901161193847656e-08,0.00015367828018497676,2026092703,energy_equivariant
time.0,28,68,1.4901161193847656e-08,0.0006654473254457116,2026092703,energy_equivariant
time.1,28,68,1.4901161193847656e-08,0.000220784597331658,2026092703,energy_equivariant
time.2,28,68,2.9802322387695312e-08,0.0007685100426897407,2026092703,energy_equivariant
behavior.0,28,68,1.4901161193847656e-08,0.00021890872449148446,2026092703,energy_equivariant
behavior.1,28,68,1.1175870895385742e-08,9.350010077469051e-05,2026092703,energy_equivariant
behavior.2,28,68,1.4901161193847656e-08,0.00013737202971242368,2026092703,energy_equivariant
time.0,28,69,1.862645149230957e-08,0.0006394388037733734,2026092703,energy_equivariant
time.1,28,69,1.4901161193847656e-08,0.00022282084682956338,2026092703,energy_equivariant
time.2,28,69,2.9802322387695312e-08,0.0006794978980906308,2026092703,energy_equivariant
behavior.0,28,69,2.2351741790771484e-08,0.0002446226426400244,2026092703,energy_equivariant
behavior.1,28,69,1.1175870895385742e-08,7.814837590558454e-05,2026092703,energy_equivariant
behavior.2,28,69,1.1175870895385742e-08,0.00015887508925516158,2026092703,energy_equivariant
time.0,28,70,2.2351741790771484e-08,0.0006664514075964689,2026092703,energy_equivariant
time.1,28,70,1.1175870895385742e-08,0.00022075875313021243,2026092703,energy_equivariant
time.2,28,70,2.9802322387695312e-08,0.000767093210015446,2026092703,energy_equivariant
behavior.0,28,70,1.4901161193847656e-08,0.00022906392405275255,2026092703,energy_equivariant
behavior.1,28,70,1.1175870895385742e-08,7.832981646060944e-05,2026092703,energy_equivariant
behavior.2,28,70,1.4901161193847656e-08,0.00014441552048083395,2026092703,energy_equivariant
time.0,28,71,2.2351741790771484e-08,0.0005481063271872699,2026092703,energy_equivariant
time.1,28,71,1.1175870895385742e-08,0.00018213606381323189,2026092703,energy_equivariant
time.2,28,71,2.9802322387695312e-08,0.0005733066354878247,2026092703,energy_equivariant
behavior.0,28,71,1.4901161193847656e-08,0.00024273598683066666,2026092703,energy_equivariant
behavior.1,28,71,1.1175870895385742e-08,8.098458783933893e-05,2026092703,energy_equivariant
behavior.2,28,71,1.4901161193847656e-08,0.00017054345516953617,2026092703,energy_equivariant
time.0,28,72,1.4901161193847656e-08,0.0005735208396799862,2026092703,energy_equivariant
time.1,28,72,1.4901161193847656e-08,0.00018960497982334346,2026092703,energy_equivariant
time.2,28,72,2.2351741790771484e-08,0.0005959902191534638,2026092703,energy_equivariant
behavior.0,28,72,2.2351741790771484e-08,0.00025340242427773774,2026092703,energy_equivariant
behavior.1,28,72,1.1175870895385742e-08,7.907396502560005e-05,2026092703,energy_equivariant
behavior.2,28,72,1.4901161193847656e-08,0.0001726131304167211,2026092703,energy_equivariant
time.0,28,73,1.4901161193847656e-08,0.0006230021244846284,2026092703,energy_equivariant
time.1,28,73,1.1175870895385742e-08,0.00020959934045094997,2026092703,energy_equivariant
time.2,28,73,1.4901161193847656e-08,0.0006756701623089612,2026092703,energy_equivariant
behavior.0,28,73,1.4901161193847656e-08,0.00023548949684482068,2026092703,energy_equivariant
behavior.1,28,73,1.1175870895385742e-08,8.531070488970727e-05,2026092703,energy_equivariant
behavior.2,28,73,1.1175870895385742e-08,0.00013999138900544494,2026092703,energy_equivariant
time.0,28,74,1.4901161193847656e-08,0.0006236705812625587,2026092703,energy_equivariant
time.1,28,74,1.4901161193847656e-08,0.00022450287360697985,2026092703,energy_equivariant
time.2,28,74,2.9802322387695312e-08,0.0007297917036339641,2026092703,energy_equivariant
behavior.0,28,74,1.4901161193847656e-08,0.0002341509098187089,2026092703,energy_equivariant
behavior.1,28,74,1.1175870895385742e-08,8.727943350095302e-05,2026092703,energy_equivariant
behavior.2,28,74,1.4901161193847656e-08,0.00013874848082195967,2026092703,energy_equivariant
time.0,28,75,1.4901161193847656e-08,0.0006323668640106916,2026092703,energy_equivariant
time.1,28,75,1.4901161193847656e-08,0.0002231207472505048,2026092703,energy_equivariant
time.2,28,75,2.2351741790771484e-08,0.0007953589665703475,2026092703,energy_equivariant
behavior.0,28,75,2.2351741790771484e-08,0.0002332622098037973,2026092703,energy_equivariant
behavior.1,28,75,7.450580596923828e-09,8.77165439305827e-05,2026092703,energy_equivariant
behavior.2,28,75,1.1175870895385742e-08,0.00016398449952248484,2026092703,energy_equivariant
time.0,28,76,2.9802322387695312e-08,0.0006626671529375017,2026092703,energy_equivariant
time.1,28,76,1.1175870895385742e-08,0.00021784055570606142,2026092703,energy_equivariant
time.2,28,76,2.9802322387695312e-08,0.0007743437890894711,2026092703,energy_equivariant
behavior.0,28,76,1.4901161193847656e-08,0.00023424139362759888,2026092703,energy_equivariant
behavior.1,28,76,1.4901161193847656e-08,8.394282485824078e-05,2026092703,energy_equivariant
behavior.2,28,76,1.4901161193847656e-08,0.000162548923981376,2026092703,energy_equivariant
time.0,28,77,1.4901161193847656e-08,0.0006269839941523969,2026092703,energy_equivariant
time.1,28,77,1.1175870895385742e-08,0.00020403075905051082,2026092703,energy_equivariant
time.2,28,77,2.9802322387695312e-08,0.0007291028159670532,2026092703,energy_equivariant
behavior.0,28,77,1.4901161193847656e-08,0.0002656258293427527,2026092703,energy_equivariant
behavior.1,28,77,1.1175870895385742e-08,9.934631816577166e-05,2026092703,energy_equivariant
behavior.2,28,77,1.1175870895385742e-08,0.000194423264474608,2026092703,energy_equivariant
time.0,28,78,2.2351741790771484e-08,0.0006012272788211703,2026092703,energy_equivariant
time.1,28,78,1.4901161193847656e-08,0.00018970639212056994,2026092703,energy_equivariant
time.2,28,78,2.2351741790771484e-08,0.0006893167737871408,2026092703,energy_equivariant
behavior.0,28,78,1.4901161193847656e-08,0.00025806832127273083,2026092703,energy_equivariant
behavior.1,28,78,1.4901161193847656e-08,7.3826769948937e-05,2026092703,energy_equivariant
behavior.2,28,78,1.4901161193847656e-08,0.00017102576384786516,2026092703,energy_equivariant
time.0,28,79,1.4901161193847656e-08,0.0005540658021345735,2026092703,energy_equivariant
time.1,28,79,1.4901161193847656e-08,0.0001768460642779246,2026092703,energy_equivariant
time.2,28,79,1.4901161193847656e-08,0.0005921971751376987,2026092703,energy_equivariant
behavior.0,28,79,1.4901161193847656e-08,0.00023623979359399527,2026092703,energy_equivariant
behavior.1,28,79,1.4901161193847656e-08,8.058388630161062e-05,2026092703,energy_equivariant
behavior.2,28,79,1.4901161193847656e-08,0.00016271552885882556,2026092703,energy_equivariant
time.0,28,80,1.4901161193847656e-08,0.0006725062849000096,2026092703,energy_equivariant
time.1,28,80,1.4901161193847656e-08,0.00020948566088918597,2026092703,energy_equivariant
time.2,28,80,1.4901161193847656e-08,0.00076767842983827,2026092703,energy_equivariant
behavior.0,28,80,1.4901161193847656e-08,0.0002684420323930681,2026092703,energy_equivariant
behavior.1,28,80,1.1175870895385742e-08,8.519794209860265e-05,2026092703,energy_equivariant
behavior.2,28,80,1.4901161193847656e-08,0.00019108885317109525,2026092703,energy_equivariant
time.0,28,81,1.4901161193847656e-08,0.0006526422803290188,2026092703,energy_equivariant
time.1,28,81,1.4901161193847656e-08,0.00022073906438890845,2026092703,energy_equivariant
time.2,28,81,2.9802322387695312e-08,0.000762681127525866,2026092703,energy_equivariant
behavior.0,28,81,1.4901161193847656e-08,0.00024562442558817565,2026092703,energy_equivariant
behavior.1,28,81,1.1175870895385742e-08,8.557688852306455e-05,2026092703,energy_equivariant
behavior.2,28,81,1.1175870895385742e-08,0.00015267683193087578,2026092703,energy_equivariant
time.0,28,82,2.9802322387695312e-08,0.0005925024161115289,2026092703,energy_equivariant
time.1,28,82,1.4901161193847656e-08,0.0002015406353166327,2026092703,energy_equivariant
time.2,28,82,2.9802322387695312e-08,0.0007342916214838624,2026092703,energy_equivariant
behavior.0,28,82,1.4901161193847656e-08,0.00024228997062891722,2026092703,energy_equivariant
behavior.1,28,82,1.4901161193847656e-08,8.456372597720474e-05,2026092703,energy_equivariant
behavior.2,28,82,1.4901161193847656e-08,0.00016375862469431013,2026092703,energy_equivariant
time.0,28,83,2.2351741790771484e-08,0.0007075432222336531,2026092703,energy_equivariant
time.1,28,83,1.4901161193847656e-08,0.00023058713122736663,2026092703,energy_equivariant
time.2,28,83,2.9802322387695312e-08,0.0009474903927184641,2026092703,energy_equivariant
behavior.0,28,83,1.4901161193847656e-08,0.0002499291440472007,2026092703,energy_equivariant
behavior.1,28,83,1.1175870895385742e-08,8.275020081782714e-05,2026092703,energy_equivariant
behavior.2,28,83,1.1175870895385742e-08,0.00017121814016718417,2026092703,energy_equivariant
time.0,28,84,1.4901161193847656e-08,0.0006364876753650606,2026092703,energy_equivariant
time.1,28,84,1.1175870895385742e-08,0.00020435851183719933,2026092703,energy_equivariant
time.2,28,84,2.2351741790771484e-08,0.0007586815045215189,2026092703,energy_equivariant
behavior.0,28,84,1.4901161193847656e-08,0.0002412176108919084,2026092703,energy_equivariant
behavior.1,28,84,1.1175870895385742e-08,8.934085053624585e-05,2026092703,energy_equivariant
behavior.2,28,84,1.4901161193847656e-08,0.0001567370054544881,2026092703,energy_equivariant
time.0,28,85,1.4901161193847656e-08,0.0005859889788553119,2026092703,energy_equivariant
time.1,28,85,1.4901161193847656e-08,0.00019330934446770698,2026092703,energy_equivariant
time.2,28,85,1.4901161193847656e-08,0.0007588386069983244,2026092703,energy_equivariant
behavior.0,28,85,2.2351741790771484e-08,0.00024964555632323027,2026092703,energy_equivariant
behavior.1,28,85,1.1175870895385742e-08,9.253362804884091e-05,2026092703,energy_equivariant
behavior.2,28,85,1.4901161193847656e-08,0.00015369213360827416,2026092703,energy_equivariant
time.0,28,86,2.9802322387695312e-08,0.0006106904475018382,2026092703,energy_equivariant
time.1,28,86,1.4901161193847656e-08,0.00019885928486473858,2026092703,energy_equivariant
time.2,28,86,2.9802322387695312e-08,0.0007749164360575378,2026092703,energy_equivariant
behavior.0,28,86,2.2351741790771484e-08,0.00027031684294342995,2026092703,energy_equivariant
behavior.1,28,86,1.1175870895385742e-08,7.857675518607721e-05,2026092703,energy_equivariant
behavior.2,28,86,1.1175870895385742e-08,0.0001861833006842062,2026092703,energy_equivariant
time.0,28,87,2.2351741790771484e-08,0.0006118668243288994,2026092703,energy_equivariant
time.1,28,87,1.4901161193847656e-08,0.00019008034723810852,2026092703,energy_equivariant
time.2,28,87,2.9802322387695312e-08,0.0007052982109598815,2026092703,energy_equivariant
behavior.0,28,87,1.4901161193847656e-08,0.0002556612016633153,2026092703,energy_equivariant
behavior.1,28,87,1.1175870895385742e-08,7.547661516582593e-05,2026092703,energy_equivariant
behavior.2,28,87,1.4901161193847656e-08,0.0001652269420446828,2026092703,energy_equivariant
time.0,28,88,1.4901161193847656e-08,0.000577929662540555,2026092703,energy_equivariant
time.1,28,88,1.4901161193847656e-08,0.00018206221284344792,2026092703,energy_equivariant
time.2,28,88,1.4901161193847656e-08,0.0006169310072436929,2026092703,energy_equivariant
behavior.0,28,88,2.2351741790771484e-08,0.0002568828349467367,2026092703,energy_equivariant
behavior.1,28,88,1.1175870895385742e-08,8.290660480270162e-05,2026092703,energy_equivariant
behavior.2,28,88,1.4901161193847656e-08,0.00017859517538454384,2026092703,energy_equivariant
time.0,28,89,1.4901161193847656e-08,0.0005638815928250551,2026092703,energy_equivariant
time.1,28,89,1.4901161193847656e-08,0.00017818252672441304,2026092703,energy_equivariant
time.2,28,89,2.2351741790771484e-08,0.0006122187478467822,2026092703,energy_equivariant
behavior.0,28,89,1.4901161193847656e-08,0.00024194428988266736,2026092703,energy_equivariant
behavior.1,28,89,1.1175870895385742e-08,8.700355101609603e-05,2026092703,energy_equivariant
behavior.2,28,89,1.4901161193847656e-08,0.00014462215767707676,2026092703,energy_equivariant
time.0,28,90,2.9802322387695312e-08,0.0006196882459335029,2026092703,energy_equivariant
time.1,28,90,1.4901161193847656e-08,0.00020563190628308803,2026092703,energy_equivariant
time.2,28,90,2.9802322387695312e-08,0.0006956200231797993,2026092703,energy_equivariant
behavior.0,28,90,2.2351741790771484e-08,0.00025800600997172296,2026092703,energy_equivariant
behavior.1,28,90,1.1175870895385742e-08,7.706965698162094e-05,2026092703,energy_equivariant
behavior.2,28,90,7.450580596923828e-09,0.000184129094122909,2026092703,energy_equivariant
time.0,28,91,1.4901161193847656e-08,0.000523280818015337,2026092703,energy_equivariant
time.1,28,91,1.4901161193847656e-08,0.00016574269102420658,2026092703,energy_equivariant
time.2,28,91,2.2351741790771484e-08,0.0005320910713635385,2026092703,energy_equivariant
behavior.0,28,91,1.4901161193847656e-08,0.0002510452759452164,2026092703,energy_equivariant
behavior.1,28,91,1.1175870895385742e-08,8.357330807484686e-05,2026092703,energy_equivariant
behavior.2,28,91,1.4901161193847656e-08,0.0001648116740398109,2026092703,energy_equivariant
time.0,28,92,1.4901161193847656e-08,0.0005706188385374844,2026092703,energy_equivariant
time.1,28,92,1.1175870895385742e-08,0.00018625700613483787,2026092703,energy_equivariant
time.2,28,92,2.9802322387695312e-08,0.0006560684996657073,2026092703,energy_equivariant
behavior.0,28,92,1.4901161193847656e-08,0.00025989615824073553,2026092703,energy_equivariant
behavior.1,28,92,1.1175870895385742e-08,7.811604154994711e-05,2026092703,energy_equivariant
behavior.2,28,92,1.1175870895385742e-08,0.000183372016181238,2026092703,energy_equivariant
time.0,28,93,1.4901161193847656e-08,0.000608951086178422,2026092703,energy_equivariant
time.1,28,93,1.4901161193847656e-08,0.00020080363901797682,2026092703,energy_equivariant
time.2,28,93,2.9802322387695312e-08,0.0007922227960079908,2026092703,energy_equivariant
behavior.0,28,93,1.4901161193847656e-08,0.0002622305473778397,2026092703,energy_equivariant
behavior.1,28,93,1.4901161193847656e-08,8.494999201502651e-05,2026092703,energy_equivariant
behavior.2,28,93,1.4901161193847656e-08,0.0001743334432831034,2026092703,energy_equivariant
time.0,28,94,1.4901161193847656e-08,0.0005246200016699731,2026092703,energy_equivariant
time.1,28,94,7.450580596923828e-09,0.00017593610391486436,2026092703,energy_equivariant
time.2,28,94,2.9802322387695312e-08,0.0005864628474228084,2026092703,energy_equivariant
behavior.0,28,94,1.4901161193847656e-08,0.000246624113060534,2026092703,energy_equivariant
behavior.1,28,94,1.1175870895385742e-08,7.917713810456917e-05,2026092703,energy_equivariant
behavior.2,28,94,1.4901161193847656e-08,0.00017339839541818947,2026092703,energy_equivariant
time.0,28,95,2.2351741790771484e-08,0.0006578233442269266,2026092703,energy_equivariant
time.1,28,95,1.4901161193847656e-08,0.0002177746209781617,2026092703,energy_equivariant
time.2,28,95,2.9802322387695312e-08,0.0008275239379145205,2026092703,energy_equivariant
behavior.0,28,95,1.4901161193847656e-08,0.00024171538825612515,2026092703,energy_equivariant
behavior.1,28,95,1.1175870895385742e-08,8.453710324829444e-05,2026092703,energy_equivariant
behavior.2,28,95,1.4901161193847656e-08,0.00015631777932867408,2026092703,energy_equivariant
time.0,28,96,1.4901161193847656e-08,0.0006121696787886322,2026092703,energy_equivariant
time.1,28,96,1.1175870895385742e-08,0.0001991165045183152,2026092703,energy_equivariant
time.2,28,96,2.9802322387695312e-08,0.0007010476547293365,2026092703,energy_equivariant
behavior.0,28,96,1.4901161193847656e-08,0.00025292852660641074,2026092703,energy_equivariant
behavior.1,28,96,1.4901161193847656e-08,8.858084038365632e-05,2026092703,energy_equivariant
behavior.2,28,96,7.450580596923828e-09,0.00016306460020132363,2026092703,energy_equivariant
time.0,28,97,2.2351741790771484e-08,0.0006258295034058392,2026092703,energy_equivariant
time.1,28,97,2.2351741790771484e-08,0.00021101806487422436,2026092703,energy_equivariant
time.2,28,97,2.9802322387695312e-08,0.0007547053974121809,2026092703,energy_equivariant
behavior.0,28,97,1.4901161193847656e-08,0.0002646803332027048,2026092703,energy_equivariant
behavior.1,28,97,1.1175870895385742e-08,9.279348159907386e-05,2026092703,energy_equivariant
behavior.2,28,97,1.4901161193847656e-08,0.0001877668109955266,2026092703,energy_equivariant
time.0,28,98,2.2351741790771484e-08,0.0005570254288613796,2026092703,energy_equivariant
time.1,28,98,1.4901161193847656e-08,0.0001908715785248205,2026092703,energy_equivariant
time.2,28,98,1.4901161193847656e-08,0.0006308004958555102,2026092703,energy_equivariant
behavior.0,28,98,1.4901161193847656e-08,0.0002343577943975106,2026092703,energy_equivariant
behavior.1,28,98,1.1175870895385742e-08,8.368722046725452e-05,2026092703,energy_equivariant
behavior.2,28,98,1.4901161193847656e-08,0.00015845359303057194,2026092703,energy_equivariant
time.0,28,99,2.2351741790771484e-08,0.0005856382194906473,2026092703,energy_equivariant
time.1,28,99,1.4901161193847656e-08,0.00018969325174111873,2026092703,energy_equivariant
time.2,28,99,2.9802322387695312e-08,0.000666856940370053,2026092703,energy_equivariant
behavior.0,28,99,1.4901161193847656e-08,0.00026163505390286446,2026092703,energy_equivariant
behavior.1,28,99,9.313225746154785e-09,8.403482934227213e-05,2026092703,energy_equivariant
behavior.2,28,99,1.1175870895385742e-08,0.0001554682821733877,2026092703,energy_equivariant
time.0,28,100,2.2351741790771484e-08,0.0005994427483528852,2026092703,energy_equivariant
time.1,28,100,1.1175870895385742e-08,0.0001985649869311601,2026092703,energy_equivariant
time.2,28,100,1.4901161193847656e-08,0.0007037491886876523,2026092703,energy_equivariant
behavior.0,28,100,1.4901161193847656e-08,0.0002473567146807909,2026092703,energy_equivariant
behavior.1,28,100,1.1175870895385742e-08,8.240126044256613e-05,2026092703,energy_equivariant
behavior.2,28,100,1.4901161193847656e-08,0.00016328766650985926,2026092703,energy_equivariant
time.0,28,101,2.2351741790771484e-08,0.0005924477009102702,2026092703,energy_equivariant
time.1,28,101,1.1175870895385742e-08,0.00019553120364435017,2026092703,energy_equivariant
time.2,28,101,2.9802322387695312e-08,0.0006720182136632502,2026092703,energy_equivariant
behavior.0,28,101,1.4901161193847656e-08,0.0002300553023815155,2026092703,energy_equivariant
behavior.1,28,101,1.1175870895385742e-08,8.046736184041947e-05,2026092703,energy_equivariant
behavior.2,28,101,1.1175870895385742e-08,0.00015916686970740557,2026092703,energy_equivariant
time.0,28,102,1.4901161193847656e-08,0.0006139110773801804,2026092703,energy_equivariant
time.1,28,102,1.4901161193847656e-08,0.00020268101070541888,2026092703,energy_equivariant
time.2,28,102,1.4901161193847656e-08,0.0006886122864671052,2026092703,energy_equivariant
behavior.0,28,102,1.4901161193847656e-08,0.00024295544426422566,2026092703,energy_equivariant
behavior.1,28,102,7.450580596923828e-09,7.945987454149872e-05,2026092703,energy_equivariant
behavior.2,28,102,1.4901161193847656e-08,0.00015239222557283938,2026092703,energy_equivariant
time.0,28,103,2.2351741790771484e-08,0.0005700097535736859,2026092703,energy_equivariant
time.1,28,103,1.1175870895385742e-08,0.0001875036978162825,2026092703,energy_equivariant
time.2,28,103,1.4901161193847656e-08,0.0005954164080321789,2026092703,energy_equivariant
behavior.0,28,103,1.4901161193847656e-08,0.00026307249208912253,2026092703,energy_equivariant
behavior.1,28,103,1.1175870895385742e-08,8.426096610492095e-05,2026092703,energy_equivariant
behavior.2,28,103,1.1175870895385742e-08,0.0001512574526714161,2026092703,energy_equivariant
time.0,28,104,2.2351741790771484e-08,0.0005525805172510445,2026092703,energy_equivariant
time.1,28,104,1.1175870895385742e-08,0.0001772348041413352,2026092703,energy_equivariant
time.2,28,104,1.4901161193847656e-08,0.0005557512631639838,2026092703,energy_equivariant
behavior.0,28,104,1.4901161193847656e-08,0.00023255185806192458,2026092703,energy_equivariant
behavior.1,28,104,1.1175870895385742e-08,8.269532554550096e-05,2026092703,energy_equivariant
behavior.2,28,104,1.1175870895385742e-08,0.00015186656673904508,2026092703,energy_equivariant
time.0,28,105,2.2351741790771484e-08,0.0005917696398682892,2026092703,energy_equivariant
time.1,28,105,1.4901161193847656e-08,0.00019213967607356608,2026092703,energy_equivariant
time.2,28,105,2.9802322387695312e-08,0.0007717192056588829,2026092703,energy_equivariant
behavior.0,28,105,1.4901161193847656e-08,0.0002555659448262304,2026092703,energy_equivariant
behavior.1,28,105,1.1175870895385742e-08,7.610332977492362e-05,2026092703,energy_equivariant
behavior.2,28,105,1.4901161193847656e-08,0.00020373686857055873,2026092703,energy_equivariant
time.0,28,106,1.4901161193847656e-08,0.0005571568035520613,2026092703,energy_equivariant
time.1,28,106,1.4901161193847656e-08,0.0001838239113567397,2026092703,energy_equivariant
time.2,28,106,2.9802322387695312e-08,0.0007040189811959863,2026092703,energy_equivariant
behavior.0,28,106,1.4901161193847656e-08,0.00026449255528859794,2026092703,energy_equivariant
behavior.1,28,106,1.1175870895385742e-08,8.921233529690653e-05,2026092703,energy_equivariant
behavior.2,28,106,1.4901161193847656e-08,0.00018710324366111308,2026092703,energy_equivariant
time.0,28,107,1.4901161193847656e-08,0.0006033626268617809,2026092703,energy_equivariant
time.1,28,107,1.4901161193847656e-08,0.00019552100275177509,2026092703,energy_equivariant
time.2,28,107,2.2351741790771484e-08,0.000776661210693419,2026092703,energy_equivariant
behavior.0,28,107,1.4901161193847656e-08,0.0002521962160244584,2026092703,energy_equivariant
behavior.1,28,107,1.1175870895385742e-08,9.439887071494013e-05,2026092703,energy_equivariant
behavior.2,28,107,1.1175870895385742e-08,0.00015577281010337174,2026092703,energy_equivariant
time.0,28,108,2.2351741790771484e-08,0.0005515049560926855,2026092703,energy_equivariant
time.1,28,108,1.1175870895385742e-08,0.00018330381135456264,2026092703,energy_equivariant
time.2,28,108,2.2351741790771484e-08,0.0006779044633731246,2026092703,energy_equivariant
behavior.0,28,108,1.4901161193847656e-08,0.0002650259411893785,2026092703,energy_equivariant
behavior.1,28,108,7.450580596923828e-09,8.271152182715014e-05,2026092703,energy_equivariant
behavior.2,28,108,1.1175870895385742e-08,0.00018329596787225455,2026092703,energy_equivariant
time.0,28,109,2.2351741790771484e-08,0.0005960652488283813,2026092703,energy_equivariant
time.1,28,109,1.4901161193847656e-08,0.0001937803899636492,2026092703,energy_equivariant
time.2,28,109,2.9802322387695312e-08,0.000776096130721271,2026092703,energy_equivariant
behavior.0,28,109,2.2351741790771484e-08,0.00026698040892370045,2026092703,energy_equivariant
behavior.1,28,109,1.1175870895385742e-08,8.206816710298881e-05,2026092703,energy_equivariant
behavior.2,28,109,1.4901161193847656e-08,0.00018240131612401456,2026092703,energy_equivariant
time.0,28,110,1.4901161193847656e-08,0.0006389215122908354,2026092703,energy_equivariant
time.1,28,110,1.4901161193847656e-08,0.00020655528351198882,2026092703,energy_equivariant
time.2,28,110,1.4901161193847656e-08,0.0008125228923745453,2026092703,energy_equivariant
behavior.0,28,110,1.4901161193847656e-08,0.00025339899002574384,2026092703,energy_equivariant
behavior.1,28,110,1.1175870895385742e-08,7.691278005950153e-05,2026092703,energy_equivariant
behavior.2,28,110,1.1175870895385742e-08,0.00014550398918800056,2026092703,energy_equivariant
time.0,28,111,2.9802322387695312e-08,0.0006063374457880855,2026092703,energy_equivariant
time.1,28,111,1.4901161193847656e-08,0.0001993958867387846,2026092703,energy_equivariant
time.2,28,111,2.9802322387695312e-08,0.000789367244578898,2026092703,energy_equivariant
behavior.0,28,111,1.4901161193847656e-08,0.000251427962211892,2026092703,energy_equivariant
behavior.1,28,111,7.450580596923828e-09,8.135796815622598e-05,2026092703,energy_equivariant
behavior.2,28,111,1.4901161193847656e-08,0.00015138961316552013,2026092703,energy_equivariant
time.0,28,112,2.2351741790771484e-08,0.0006145342485979199,2026092703,energy_equivariant
time.1,28,112,1.1175870895385742e-08,0.00019330944633111358,2026092703,energy_equivariant
time.2,28,112,2.9802322387695312e-08,0.0007336263661272824,2026092703,energy_equivariant
behavior.0,28,112,2.2351741790771484e-08,0.00024712865706533194,2026092703,energy_equivariant
behavior.1,28,112,1.4901161193847656e-08,7.901732169557363e-05,2026092703,energy_equivariant
behavior.2,28,112,1.1175870895385742e-08,0.0001680265850154683,2026092703,energy_equivariant
time.0,28,113,1.4901161193847656e-08,0.000619972706772387,2026092703,energy_equivariant
time.1,28,113,1.4901161193847656e-08,0.00020063699048478156,2026092703,energy_equivariant
time.2,28,113,2.2351741790771484e-08,0.0008018385269679129,2026092703,energy_equivariant
behavior.0,28,113,1.4901161193847656e-08,0.0002483793068677187,2026092703,energy_equivariant
behavior.1,28,113,1.1175870895385742e-08,8.808954589767382e-05,2026092703,energy_equivariant
behavior.2,28,113,1.4901161193847656e-08,0.00016975153994280845,2026092703,energy_equivariant
time.0,28,114,1.4901161193847656e-08,0.0005761547363363206,2026092703,energy_equivariant
time.1,28,114,1.1175870895385742e-08,0.00019206356955692172,2026092703,energy_equivariant
time.2,28,114,4.470348358154297e-08,0.0007042473880574107,2026092703,energy_equivariant
behavior.0,28,114,1.4901161193847656e-08,0.00025686738081276417,2026092703,energy_equivariant
behavior.1,28,114,1.4901161193847656e-08,7.974659092724323e-05,2026092703,energy_equivariant
behavior.2,28,114,1.4901161193847656e-08,0.00016974534082692116,2026092703,energy_equivariant
time.0,28,115,1.4901161193847656e-08,0.0005776871694251895,2026092703,energy_equivariant
time.1,28,115,1.1175870895385742e-08,0.000190689621376805,2026092703,energy_equivariant
time.2,28,115,1.4901161193847656e-08,0.0006318141822703183,2026092703,energy_equivariant
behavior.0,28,115,1.4901161193847656e-08,0.00025754389935173094,2026092703,energy_equivariant
behavior.1,28,115,1.1175870895385742e-08,7.695073145441711e-05,2026092703,energy_equivariant
behavior.2,28,115,1.4901161193847656e-08,0.0001875760208349675,2026092703,energy_equivariant
time.0,28,116,2.2351741790771484e-08,0.0005226453067734838,2026092703,energy_equivariant
time.1,28,116,1.4901161193847656e-08,0.00017449418373871595,2026092703,energy_equivariant
time.2,28,116,1.4901161193847656e-08,0.0005858942749910057,2026092703,energy_equivariant
behavior.0,28,116,1.4901161193847656e-08,0.0002553824451752007,2026092703,energy_equivariant
behavior.1,28,116,1.1175870895385742e-08,8.331741992151365e-05,2026092703,energy_equivariant
behavior.2,28,116,1.4901161193847656e-08,0.00016367154603358358,2026092703,energy_equivariant
time.0,28,117,2.2351741790771484e-08,0.0005895041394978762,2026092703,energy_equivariant
time.1,28,117,1.4901161193847656e-08,0.0001938387576956302,2026092703,energy_equivariant
time.2,28,117,2.9802322387695312e-08,0.0007041727658361197,2026092703,energy_equivariant
behavior.0,28,117,1.4901161193847656e-08,0.0002690908149816096,2026092703,energy_equivariant
behavior.1,28,117,1.1175870895385742e-08,7.592749898321927e-05,2026092703,energy_equivariant
behavior.2,28,117,1.1175870895385742e-08,0.00017852970631793141,2026092703,energy_equivariant
time.0,28,118,1.4901161193847656e-08,0.0006001641741022468,2026092703,energy_equivariant
time.1,28,118,1.1175870895385742e-08,0.00019465388322714716,2026092703,energy_equivariant
time.2,28,118,2.9802322387695312e-08,0.00070785271236673,2026092703,energy_equivariant
behavior.0,28,118,2.2351741790771484e-08,0.00025976946926675737,2026092703,energy_equivariant
behavior.1,28,118,7.450580596923828e-09,8.496926602674648e-05,2026092703,energy_equivariant
behavior.2,28,118,1.1175870895385742e-08,0.00017380266217514873,2026092703,energy_equivariant
time.0,28,119,2.2351741790771484e-08,0.00069273984991014,2026092703,energy_equivariant
time.1,28,119,1.4901161193847656e-08,0.00022607017308473587,2026092703,energy_equivariant
time.2,28,119,2.9802322387695312e-08,0.000799488159827888,2026092703,energy_equivariant
behavior.0,28,119,2.2351741790771484e-08,0.0002544269373174757,2026092703,energy_equivariant
behavior.1,28,119,1.1175870895385742e-08,8.318242180394009e-05,2026092703,energy_equivariant
behavior.2,28,119,1.1175870895385742e-08,0.00016464419604744762,2026092703,energy_equivariant
time.0,28,120,2.2351741790771484e-08,0.0005566309555433691,2026092703,energy_equivariant
time.1,28,120,1.4901161193847656e-08,0.00017805422248784453,2026092703,energy_equivariant
time.2,28,120,2.9802322387695312e-08,0.0006285932613536716,2026092703,energy_equivariant
behavior.0,28,120,1.4901161193847656e-08,0.0002593742683529854,2026092703,energy_equivariant
behavior.1,28,120,7.450580596923828e-09,8.840791997499764e-05,2026092703,energy_equivariant
behavior.2,28,120,1.4901161193847656e-08,0.00017994228983297944,2026092703,energy_equivariant
time.0,28,121,2.2351741790771484e-08,0.0006524165510199964,2026092703,energy_equivariant
time.1,28,121,1.1175870895385742e-08,0.00020590491476468742,2026092703,energy_equivariant
time.2,28,121,2.9802322387695312e-08,0.0007562579121440649,2026092703,energy_equivariant
behavior.0,28,121,1.4901161193847656e-08,0.0002618887519929558,2026092703,energy_equivariant
behavior.1,28,121,1.1175870895385742e-08,8.027972944546491e-05,2026092703,energy_equivariant
behavior.2,28,121,1.4901161193847656e-08,0.00017950563051272184,2026092703,energy_equivariant
time.0,28,122,1.4901161193847656e-08,0.0006105551728978753,2026092703,energy_equivariant
time.1,28,122,1.1175870895385742e-08,0.00019977222837042063,2026092703,energy_equivariant
time.2,28,122,2.9802322387695312e-08,0.0007003037608228624,2026092703,energy_equivariant
behavior.0,28,122,2.9802322387695312e-08,0.0002836762578226626,2026092703,energy_equivariant
behavior.1,28,122,1.1175870895385742e-08,7.70177721278742e-05,2026092703,energy_equivariant
behavior.2,28,122,1.4901161193847656e-08,0.00018889874627348036,2026092703,energy_equivariant
time.0,28,123,2.9802322387695312e-08,0.000644455139990896,2026092703,energy_equivariant
time.1,28,123,2.2351741790771484e-08,0.0002133341768058017,2026092703,energy_equivariant
time.2,28,123,2.2351741790771484e-08,0.0007428761455230415,2026092703,energy_equivariant
behavior.0,28,123,1.4901161193847656e-08,0.0002514552033971995,2026092703,energy_equivariant
behavior.1,28,123,1.1175870895385742e-08,7.990726589923725e-05,2026092703,energy_equivariant
behavior.2,28,123,1.1175870895385742e-08,0.0001659039844525978,2026092703,energy_equivariant
time.0,28,124,2.2351741790771484e-08,0.0005852843751199543,2026092703,energy_equivariant
time.1,28,124,1.1175870895385742e-08,0.00019532133592292666,2026092703,energy_equivariant
time.2,28,124,2.9802322387695312e-08,0.000709113955963403,2026092703,energy_equivariant
behavior.0,28,124,1.4901161193847656e-08,0.0002577496925368905,2026092703,energy_equivariant
behavior.1,28,124,7.450580596923828e-09,7.929854473331943e-05,2026092703,energy_equivariant
behavior.2,28,124,1.1175870895385742e-08,0.00016451832198072225,2026092703,energy_equivariant
time.0,28,125,1.4901161193847656e-08,0.0005647185607813299,2026092703,energy_equivariant
time.1,28,125,1.4901161193847656e-08,0.00018183091015089303,2026092703,energy_equivariant
time.2,28,125,2.9802322387695312e-08,0.0007160899695008993,2026092703,energy_equivariant
behavior.0,28,125,1.4901161193847656e-08,0.00025084399385377765,2026092703,energy_equivariant
behavior.1,28,125,1.1175870895385742e-08,8.926790178520605e-05,2026092703,energy_equivariant
behavior.2,28,125,1.4901161193847656e-08,0.00015961521421559155,2026092703,energy_equivariant
time.0,28,126,2.9802322387695312e-08,0.0006138744065538049,2026092703,energy_equivariant
time.1,28,126,1.1175870895385742e-08,0.00019821691967081279,2026092703,energy_equivariant
time.2,28,126,2.9802322387695312e-08,0.0007335584959946573,2026092703,energy_equivariant
behavior.0,28,126,1.4901161193847656e-08,0.00024724527611397207,2026092703,energy_equivariant
behavior.1,28,126,1.1175870895385742e-08,7.672739593544975e-05,2026092703,energy_equivariant
behavior.2,28,126,1.4901161193847656e-08,0.00016340713773388416,2026092703,energy_equivariant
time.0,28,127,1.4901161193847656e-08,0.0005774856545031071,2026092703,energy_equivariant
time.1,28,127,1.1175870895385742e-08,0.00019405761850066483,2026092703,energy_equivariant
time.2,28,127,2.9802322387695312e-08,0.0007377933943644166,2026092703,energy_equivariant
behavior.0,28,127,2.2351741790771484e-08,0.00025388054200448096,2026092703,energy_equivariant
behavior.1,28,127,1.1175870895385742e-08,8.305599476443604e-05,2026092703,energy_equivariant
behavior.2,28,127,1.1175870895385742e-08,0.00016678102838341147,2026092703,energy_equivariant
time.0,28,128,1.4901161193847656e-08,0.0005432192119769752,2026092703,energy_equivariant
time.1,28,128,1.4901161193847656e-08,0.00017260767344851047,2026092703,energy_equivariant
time.2,28,128,2.9802322387695312e-08,0.0006311672041192651,2026092703,energy_equivariant
behavior.0,28,128,2.2351741790771484e-08,0.00027286988915875554,2026092703,energy_equivariant
behavior.1,28,128,1.1175870895385742e-08,8.804933895589784e-05,2026092703,energy_equivariant
behavior.2,28,128,1.4901161193847656e-08,0.00018147619266528636,2026092703,energy_equivariant
time.0,28,129,2.9802322387695312e-08,0.0006180211203172803,2026092703,energy_equivariant
time.1,28,129,1.1175870895385742e-08,0.00019952030561398715,2026092703,energy_equivariant
time.2,28,129,1.4901161193847656e-08,0.0007889930857345462,2026092703,energy_equivariant
behavior.0,28,129,1.4901161193847656e-08,0.00027407490415498614,2026092703,energy_equivariant
behavior.1,28,129,7.450580596923828e-09,8.260456525022164e-05,2026092703,energy_equivariant
behavior.2,28,129,1.4901161193847656e-08,0.0001782958279363811,2026092703,energy_equivariant
time.0,28,130,2.9802322387695312e-08,0.0006121644983068109,2026092703,energy_equivariant
time.1,28,130,1.4901161193847656e-08,0.00019482284551486373,2026092703,energy_equivariant
time.2,28,130,1.4901161193847656e-08,0.0007191022159531713,2026092703,energy_equivariant
behavior.0,28,130,1.4901161193847656e-08,0.00024849356850609183,2026092703,energy_equivariant
behavior.1,28,130,1.1175870895385742e-08,9.274557669414207e-05,2026092703,energy_equivariant
behavior.2,28,130,1.4901161193847656e-08,0.0001701261062407866,2026092703,energy_equivariant
time.0,28,131,2.2351741790771484e-08,0.0006308763986453414,2026092703,energy_equivariant
time.1,28,131,1.4901161193847656e-08,0.00020903459517285228,2026092703,energy_equivariant
time.2,28,131,2.9802322387695312e-08,0.0007588466978631914,2026092703,energy_equivariant
behavior.0,28,131,1.4901161193847656e-08,0.00026650071959011257,2026092703,energy_equivariant
behavior.1,28,131,1.1175870895385742e-08,9.400992712471634e-05,2026092703,energy_equivariant
behavior.2,28,131,1.1175870895385742e-08,0.00016697925457265228,2026092703,energy_equivariant
time.0,28,132,1.4901161193847656e-08,0.0006606048555113375,2026092703,energy_equivariant
time.1,28,132,1.4901161193847656e-08,0.00021562573965638876,2026092703,energy_equivariant
time.2,28,132,2.9802322387695312e-08,0.0008434837800450623,2026092703,energy_equivariant
behavior.0,28,132,1.4901161193847656e-08,0.00024322906392626464,2026092703,energy_equivariant
behavior.1,28,132,1.1175870895385742e-08,9.91274428088218e-05,2026092703,energy_equivariant
behavior.2,28,132,1.4901161193847656e-08,0.00015331010217778385,2026092703,energy_equivariant
time.0,28,133,2.2351741790771484e-08,0.0005619225557893515,2026092703,energy_equivariant
time.1,28,133,1.1175870895385742e-08,0.00018549013475421816,2026092703,energy_equivariant
time.2,28,133,2.9802322387695312e-08,0.00063733832212165,2026092703,energy_equivariant
behavior.0,28,133,1.4901161193847656e-08,0.0002561190340202302,2026092703,energy_equivariant
behavior.1,28,133,1.4901161193847656e-08,8.418782090302557e-05,2026092703,energy_equivariant
behavior.2,28,133,1.1175870895385742e-08,0.0001679375855019316,2026092703,energy_equivariant
time.0,28,134,1.4901161193847656e-08,0.0005900514079257846,2026092703,energy_equivariant
time.1,28,134,1.4901161193847656e-08,0.00019006086222361773,2026092703,energy_equivariant
time.2,28,134,1.4901161193847656e-08,0.000678449752740562,2026092703,energy_equivariant
behavior.0,28,134,1.4901161193847656e-08,0.00024695871979929507,2026092703,energy_equivariant
behavior.1,28,134,1.1175870895385742e-08,8.519626135239378e-05,2026092703,energy_equivariant
behavior.2,28,134,1.4901161193847656e-08,0.00016483556828461587,2026092703,energy_equivariant
time.0,28,135,2.2351741790771484e-08,0.0006436966359615326,2026092703,energy_equivariant
time.1,28,135,1.4901161193847656e-08,0.00021409362670965493,2026092703,energy_equivariant
time.2,28,135,1.4901161193847656e-08,0.0008044124697335064,2026092703,energy_equivariant
behavior.0,28,135,1.4901161193847656e-08,0.0002536290849093348,2026092703,energy_equivariant
behavior.1,28,135,1.4901161193847656e-08,7.790616655256599e-05,2026092703,energy_equivariant
behavior.2,28,135,1.4901161193847656e-08,0.00017210822261404246,2026092703,energy_equivariant
time.0,28,136,2.2351741790771484e-08,0.0006115198484621942,2026092703,energy_equivariant
time.1,28,136,1.4901161193847656e-08,0.0001989216689253226,2026092703,energy_equivariant
time.2,28,136,1.4901161193847656e-08,0.000805171555839479,2026092703,energy_equivariant
behavior.0,28,136,1.4901161193847656e-08,0.00027769652660936117,2026092703,energy_equivariant
behavior.1,28,136,7.450580596923828e-09,8.682523184688762e-05,2026092703,energy_equivariant
behavior.2,28,136,2.2351741790771484e-08,0.00017915392527356744,2026092703,energy_equivariant
time.0,28,137,1.4901161193847656e-08,0.0005085931625217199,2026092703,energy_equivariant
time.1,28,137,1.4901161193847656e-08,0.00016685572336427867,2026092703,energy_equivariant
time.2,28,137,2.9802322387695312e-08,0.0005275368457660079,2026092703,energy_equivariant
behavior.0,28,137,1.4901161193847656e-08,0.0002469270257279277,2026092703,energy_equivariant
behavior.1,28,137,1.1175870895385742e-08,8.343117224285379e-05,2026092703,energy_equivariant
behavior.2,28,137,1.4901161193847656e-08,0.00017034112534020096,2026092703,energy_equivariant
time.0,28,138,2.2351741790771484e-08,0.0005486474256031215,2026092703,energy_equivariant
time.1,28,138,1.1175870895385742e-08,0.00018497496785130352,2026092703,energy_equivariant
time.2,28,138,4.470348358154297e-08,0.0006523883785121143,2026092703,energy_equivariant
behavior.0,28,138,2.2351741790771484e-08,0.0002858549414668232,2026092703,energy_equivariant
behavior.1,28,138,1.1175870895385742e-08,8.285979129141197e-05,2026092703,energy_equivariant
behavior.2,28,138,1.4901161193847656e-08,0.00019134831381961703,2026092703,energy_equivariant
time.0,28,139,1.4901161193847656e-08,0.0006265940028242767,2026092703,energy_equivariant
time.1,28,139,1.4901161193847656e-08,0.0002119566488545388,2026092703,energy_equivariant
time.2,28,139,2.2351741790771484e-08,0.000739947019610554,2026092703,energy_equivariant
behavior.0,28,139,1.4901161193847656e-08,0.00024517247220501304,2026092703,energy_equivariant
behavior.1,28,139,1.1175870895385742e-08,8.543867443222553e-05,2026092703,energy_equivariant
behavior.2,28,139,1.1175870895385742e-08,0.00014853414904791862,2026092703,energy_equivariant
time.0,28,140,2.2351741790771484e-08,0.0005238348967395723,2026092703,energy_equivariant
time.1,28,140,1.1175870895385742e-08,0.00017151367501355708,2026092703,energy_equivariant
time.2,28,140,2.2351741790771484e-08,0.0005947206518612802,2026092703,energy_equivariant
behavior.0,28,140,1.4901161193847656e-08,0.00026907731080427766,2026092703,energy_equivariant
behavior.1,28,140,1.1175870895385742e-08,8.080690167844296e-05,2026092703,energy_equivariant
behavior.2,28,140,1.4901161193847656e-08,0.00018479082791600376,2026092703,energy_equivariant
time.0,28,141,2.9802322387695312e-08,0.0005890151369385421,2026092703,energy_equivariant
time.1,28,141,1.4901161193847656e-08,0.00018990114040207118,2026092703,energy_equivariant
time.2,28,141,2.2351741790771484e-08,0.000680857861880213,2026092703,energy_equivariant
behavior.0,28,141,1.4901161193847656e-08,0.00024541455786675215,2026092703,energy_equivariant
behavior.1,28,141,1.1175870895385742e-08,8.040531974984333e-05,2026092703,energy_equivariant
behavior.2,28,141,1.4901161193847656e-08,0.00015472635277546942,2026092703,energy_equivariant
time.0,28,142,2.2351741790771484e-08,0.0005728391115553677,2026092703,energy_equivariant
time.1,28,142,1.4901161193847656e-08,0.00018491684750188142,2026092703,energy_equivariant
time.2,28,142,4.470348358154297e-08,0.0006645765388384461,2026092703,energy_equivariant
behavior.0,28,142,1.4901161193847656e-08,0.00027065823087468743,2026092703,energy_equivariant
behavior.1,28,142,1.1175870895385742e-08,7.817853474989533e-05,2026092703,energy_equivariant
behavior.2,28,142,1.4901161193847656e-08,0.00018469170026946813,2026092703,energy_equivariant
time.0,28,143,1.4901161193847656e-08,0.0005482315900735557,2026092703,energy_equivariant
time.1,28,143,1.1175870895385742e-08,0.000176609682966955,2026092703,energy_equivariant
time.2,28,143,2.9802322387695312e-08,0.0006368038011714816,2026092703,energy_equivariant
behavior.0,28,143,1.4901161193847656e-08,0.00027057487750425935,2026092703,energy_equivariant
behavior.1,28,143,1.1175870895385742e-08,7.621932309120893e-05,2026092703,energy_equivariant
behavior.2,28,143,1.4901161193847656e-08,0.0001958389620995149,2026092703,energy_equivariant
time.0,28,144,2.2351741790771484e-08,0.0006550991092808545,2026092703,energy_equivariant
time.1,28,144,1.1175870895385742e-08,0.0002067384048132226,2026092703,energy_equivariant
time.2,28,144,2.9802322387695312e-08,0.0007910110289230943,2026092703,energy_equivariant
behavior.0,28,144,1.4901161193847656e-08,0.000267326133325696,2026092703,energy_equivariant
behavior.1,28,144,1.1175870895385742e-08,9.122449409915134e-05,2026092703,energy_equivariant
behavior.2,28,144,1.4901161193847656e-08,0.00016022977069951594,2026092703,energy_equivariant
time.0,28,145,2.2351741790771484e-08,0.000568397983442992,2026092703,energy_equivariant
time.1,28,145,1.4901161193847656e-08,0.00018027538317255676,2026092703,energy_equivariant
time.2,28,145,2.9802322387695312e-08,0.0006433005328290164,2026092703,energy_equivariant
behavior.0,28,145,1.4901161193847656e-08,0.0002723557408899069,2026092703,energy_equivariant
behavior.1,28,145,7.450580596923828e-09,8.821090159472078e-05,2026092703,energy_equivariant
behavior.2,28,145,1.4901161193847656e-08,0.00018732782336883247,2026092703,energy_equivariant
time.0,28,146,2.9802322387695312e-08,0.0006707238499075174,2026092703,energy_equivariant
time.1,28,146,1.4901161193847656e-08,0.00021425116574391723,2026092703,energy_equivariant
time.2,28,146,2.9802322387695312e-08,0.0008130472851917148,2026092703,energy_equivariant
behavior.0,28,146,1.4901161193847656e-08,0.0002596355334389955,2026092703,energy_equivariant
behavior.1,28,146,1.1175870895385742e-08,8.903112757252529e-05,2026092703,energy_equivariant
behavior.2,28,146,1.1175870895385742e-08,0.00015984990750439465,2026092703,energy_equivariant
time.0,28,147,1.4901161193847656e-08,0.0006457385024987161,2026092703,energy_equivariant
time.1,28,147,1.4901161193847656e-08,0.0002056622615782544,2026092703,energy_equivariant
time.2,28,147,2.9802322387695312e-08,0.0007849062094464898,2026092703,energy_equivariant
behavior.0,28,147,2.2351741790771484e-08,0.0002554086095187813,2026092703,energy_equivariant
behavior.1,28,147,7.450580596923828e-09,9.201355715049431e-05,2026092703,energy_equivariant
behavior.2,28,147,1.4901161193847656e-08,0.00015653195441700518,2026092703,energy_equivariant
time.0,28,148,2.2351741790771484e-08,0.0006092906696721911,2026092703,energy_equivariant
time.1,28,148,1.4901161193847656e-08,0.00019907645764760673,2026092703,energy_equivariant
time.2,28,148,1.4901161193847656e-08,0.0006880431901663542,2026092703,energy_equivariant
behavior.0,28,148,1.4901161193847656e-08,0.0002581895678304136,2026092703,energy_equivariant
behavior.1,28,148,1.4901161193847656e-08,9.558263991493732e-05,2026092703,energy_equivariant
behavior.2,28,148,1.1175870895385742e-08,0.00015897424600552768,2026092703,energy_equivariant
time.0,28,149,1.4901161193847656e-08,0.0005779414204880595,2026092703,energy_equivariant
time.1,28,149,1.4901161193847656e-08,0.00019307390903122723,2026092703,energy_equivariant
time.2,28,149,2.9802322387695312e-08,0.0006218345370143652,2026092703,energy_equivariant
behavior.0,28,149,1.4901161193847656e-08,0.00026997108943760395,2026092703,energy_equivariant
behavior.1,28,149,1.1175870895385742e-08,9.504707850283012e-05,2026092703,energy_equivariant
behavior.2,28,149,1.1175870895385742e-08,0.00017604809545446187,2026092703,energy_equivariant
time.0,28,150,2.2351741790771484e-08,0.0006469234358519316,2026092703,energy_equivariant
time.1,28,150,1.4901161193847656e-08,0.00021718998323194683,2026092703,energy_equivariant
time.2,28,150,1.4901161193847656e-08,0.0006792295025661588,2026092703,energy_equivariant
behavior.0,28,150,1.4901161193847656e-08,0.0002450845786370337,2026092703,energy_equivariant
behavior.1,28,150,1.1175870895385742e-08,7.597848889417946e-05,2026092703,energy_equivariant
behavior.2,28,150,1.4901161193847656e-08,0.0001532269234303385,2026092703,energy_equivariant
time.0,28,151,2.9802322387695312e-08,0.0005926477024331689,2026092703,energy_equivariant
time.1,28,151,1.4901161193847656e-08,0.00019055027223657817,2026092703,energy_equivariant
time.2,28,151,2.9802322387695312e-08,0.0006207507103681564,2026092703,energy_equivariant
behavior.0,28,151,1.4901161193847656e-08,0.00024163660418707877,2026092703,energy_equivariant
behavior.1,28,151,1.1175870895385742e-08,7.70127444411628e-05,2026092703,energy_equivariant
behavior.2,28,151,1.4901161193847656e-08,0.0001677297113928944,2026092703,energy_equivariant
time.0,28,152,2.2351741790771484e-08,0.000577404338400811,2026092703,energy_equivariant
time.1,28,152,1.1175870895385742e-08,0.00018891181389335543,2026092703,energy_equivariant
time.2,28,152,1.4901161193847656e-08,0.0006177009781822562,2026092703,energy_equivariant
behavior.0,28,152,1.4901161193847656e-08,0.0002371836017118767,2026092703,energy_equivariant
behavior.1,28,152,1.1175870895385742e-08,9.176541061606258e-05,2026092703,energy_equivariant
behavior.2,28,152,1.4901161193847656e-08,0.00014165614265948534,2026092703,energy_equivariant
time.0,28,153,2.2351741790771484e-08,0.0005913119530305266,2026092703,energy_equivariant
time.1,28,153,1.4901161193847656e-08,0.00019356935808900744,2026092703,energy_equivariant
time.2,28,153,2.9802322387695312e-08,0.0006739507080055773,2026092703,energy_equivariant
behavior.0,28,153,1.4901161193847656e-08,0.00025321796420030296,2026092703,energy_equivariant
behavior.1,28,153,1.1175870895385742e-08,8.029952005017549e-05,2026092703,energy_equivariant
behavior.2,28,153,1.4901161193847656e-08,0.00016200976097024977,2026092703,energy_equivariant
time.0,28,154,2.2351741790771484e-08,0.0006476659327745438,2026092703,energy_equivariant
time.1,28,154,1.4901161193847656e-08,0.0002113167429342866,2026092703,energy_equivariant
time.2,28,154,2.9802322387695312e-08,0.000710135034751147,2026092703,energy_equivariant
behavior.0,28,154,2.2351741790771484e-08,0.00026314379647374153,2026092703,energy_equivariant
behavior.1,28,154,1.1175870895385742e-08,7.838784222258255e-05,2026092703,energy_equivariant
behavior.2,28,154,1.4901161193847656e-08,0.00016340294678229839,2026092703,energy_equivariant
time.0,28,155,2.2351741790771484e-08,0.0005925427540205419,2026092703,energy_equivariant
time.1,28,155,1.4901161193847656e-08,0.00019130560394842178,2026092703,energy_equivariant
time.2,28,155,2.9802322387695312e-08,0.0006722924881614745,2026092703,energy_equivariant
behavior.0,28,155,1.4901161193847656e-08,0.00024223208311013877,2026092703,energy_equivariant
behavior.1,28,155,1.1175870895385742e-08,7.98395776655525e-05,2026092703,energy_equivariant
behavior.2,28,155,7.450580596923828e-09,0.00016264924488496035,2026092703,energy_equivariant
time.0,28,156,2.2351741790771484e-08,0.0005754343001171947,2026092703,energy_equivariant
time.1,28,156,1.1175870895385742e-08,0.00018806158914230764,2026092703,energy_equivariant
time.2,28,156,2.9802322387695312e-08,0.0006003503804095089,2026092703,energy_equivariant
behavior.0,28,156,1.4901161193847656e-08,0.00025887973606586456,2026092703,energy_equivariant
behavior.1,28,156,1.1175870895385742e-08,9.633546142140403e-05,2026092703,energy_equivariant
behavior.2,28,156,1.4901161193847656e-08,0.0001609378377906978,2026092703,energy_equivariant
time.0,28,157,1.4901161193847656e-08,0.0006017237901687622,2026092703,energy_equivariant
time.1,28,157,1.4901161193847656e-08,0.00019958047778345644,2026092703,energy_equivariant
time.2,28,157,2.9802322387695312e-08,0.0006968910456635058,2026092703,energy_equivariant
behavior.0,28,157,1.4901161193847656e-08,0.00026762427296489477,2026092703,energy_equivariant
behavior.1,28,157,1.1175870895385742e-08,7.844786159694195e-05,2026092703,energy_equivariant
behavior.2,28,157,1.1175870895385742e-08,0.0001809324458008632,2026092703,energy_equivariant
time.0,28,158,2.2351741790771484e-08,0.0006426328327506781,2026092703,energy_equivariant
time.1,28,158,1.4901161193847656e-08,0.0002067744208034128,2026092703,energy_equivariant
time.2,28,158,1.4901161193847656e-08,0.0007237027166411281,2026092703,energy_equivariant
behavior.0,28,158,1.4901161193847656e-08,0.00023553770733997226,2026092703,energy_equivariant
behavior.1,28,158,1.1175870895385742e-08,8.661828906042501e-05,2026092703,energy_equivariant
behavior.2,28,158,1.4901161193847656e-08,0.00013750842481385916,2026092703,energy_equivariant
time.0,28,159,1.4901161193847656e-08,0.000622290768660605,2026092703,energy_equivariant
time.1,28,159,1.4901161193847656e-08,0.00020167199545539916,2026092703,energy_equivariant
time.2,28,159,2.9802322387695312e-08,0.000683203455992043,2026092703,energy_equivariant
behavior.0,28,159,2.2351741790771484e-08,0.00024857820244506,2026092703,energy_equivariant
behavior.1,28,159,7.450580596923828e-09,7.906840619398281e-05,2026092703,energy_equivariant
behavior.2,28,159,1.4901161193847656e-08,0.0001705158647382632,2026092703,energy_equivariant
time.0,28,160,2.2351741790771484e-08,0.0005331782740540802,2026092703,energy_equivariant
time.1,28,160,1.4901161193847656e-08,0.0001691235083853826,2026092703,energy_equivariant
time.2,28,160,2.9802322387695312e-08,0.0005784736713394523,2026092703,energy_equivariant
behavior.0,28,160,1.862645149230957e-08,0.00024301701341755688,2026092703,energy_equivariant
behavior.1,28,160,7.450580596923828e-09,7.724469469394535e-05,2026092703,energy_equivariant
behavior.2,28,160,1.4901161193847656e-08,0.00014926590665709227,2026092703,energy_equivariant
time.0,28,161,2.2351741790771484e-08,0.0006492881802842021,2026092703,energy_equivariant
time.1,28,161,1.4901161193847656e-08,0.00021020451094955206,2026092703,energy_equivariant
time.2,28,161,1.4901161193847656e-08,0.0007877660100348294,2026092703,energy_equivariant
behavior.0,28,161,1.4901161193847656e-08,0.0002593894605524838,2026092703,energy_equivariant
behavior.1,28,161,7.450580596923828e-09,8.617883577244356e-05,2026092703,energy_equivariant
behavior.2,28,161,1.4901161193847656e-08,0.00015829263429623097,2026092703,energy_equivariant
time.0,28,162,2.2351741790771484e-08,0.0005626134807243943,2026092703,energy_equivariant
time.1,28,162,1.1175870895385742e-08,0.00018130263197235763,2026092703,energy_equivariant
time.2,28,162,2.9802322387695312e-08,0.0006274747429415584,2026092703,energy_equivariant
behavior.0,28,162,1.4901161193847656e-08,0.0002588773495517671,2026092703,energy_equivariant
behavior.1,28,162,1.1175870895385742e-08,7.527100387960672e-05,2026092703,energy_equivariant
behavior.2,28,162,1.1175870895385742e-08,0.00018397455278318375,2026092703,energy_equivariant
time.0,28,163,2.9802322387695312e-08,0.0005845156265422702,2026092703,energy_equivariant
time.1,28,163,1.4901161193847656e-08,0.00019046578381676227,2026092703,energy_equivariant
time.2,28,163,2.9802322387695312e-08,0.0006195863825269043,2026092703,energy_equivariant
behavior.0,28,163,1.4901161193847656e-08,0.0002501683484297246,2026092703,energy_equivariant
behavior.1,28,163,1.1175870895385742e-08,8.355380123248324e-05,2026092703,energy_equivariant
behavior.2,28,163,1.4901161193847656e-08,0.00015544978668913245,2026092703,energy_equivariant
time.0,28,164,2.2351741790771484e-08,0.0005462000845000148,2026092703,energy_equivariant
time.1,28,164,1.4901161193847656e-08,0.00017742571071721613,2026092703,energy_equivariant
time.2,28,164,2.9802322387695312e-08,0.0005645999917760491,2026092703,energy_equivariant
behavior.0,28,164,1.4901161193847656e-08,0.00024467462208122015,2026092703,energy_equivariant
behavior.1,28,164,1.1175870895385742e-08,7.74069776525721e-05,2026092703,energy_equivariant
behavior.2,28,164,1.1175870895385742e-08,0.000169556267792359,2026092703,energy_equivariant
time.0,28,165,1.4901161193847656e-08,0.0006719749071635306,2026092703,energy_equivariant
time.1,28,165,1.4901161193847656e-08,0.0002120774006471038,2026092703,energy_equivariant
time.2,28,165,1.4901161193847656e-08,0.0007561066304333508,2026092703,energy_equivariant
behavior.0,28,165,1.4901161193847656e-08,0.0002725012309383601,2026092703,energy_equivariant
behavior.1,28,165,1.4901161193847656e-08,8.983674342744052e-05,2026092703,energy_equivariant
behavior.2,28,165,1.1175870895385742e-08,0.00017855393525678664,2026092703,energy_equivariant
time.0,28,166,1.4901161193847656e-08,0.0006045122863724828,2026092703,energy_equivariant
time.1,28,166,1.1175870895385742e-08,0.00019813918333966285,2026092703,energy_equivariant
time.2,28,166,2.9802322387695312e-08,0.0006274384213611484,2026092703,energy_equivariant
behavior.0,28,166,1.4901161193847656e-08,0.00023058915394358337,2026092703,energy_equivariant
behavior.1,28,166,1.1175870895385742e-08,7.917887705843896e-05,2026092703,energy_equivariant
behavior.2,28,166,1.4901161193847656e-08,0.00014769859262742102,2026092703,energy_equivariant
time.0,28,167,2.9802322387695312e-08,0.0006670306902378798,2026092703,energy_equivariant
time.1,28,167,1.1175870895385742e-08,0.00021347877918742597,2026092703,energy_equivariant
time.2,28,167,2.9802322387695312e-08,0.0007424032082781196,2026092703,energy_equivariant
behavior.0,28,167,1.4901161193847656e-08,0.00024972448591142893,2026092703,energy_equivariant
behavior.1,28,167,1.4901161193847656e-08,8.268684905488044e-05,2026092703,energy_equivariant
behavior.2,28,167,2.2351741790771484e-08,0.0001723780733300373,2026092703,energy_equivariant
time.0,28,168,2.2351741790771484e-08,0.000609958020504564,2026092703,energy_equivariant
time.1,28,168,1.4901161193847656e-08,0.00019881829211954027,2026092703,energy_equivariant
time.2,28,168,2.9802322387695312e-08,0.0006303759291768074,2026092703,energy_equivariant
behavior.0,28,168,1.4901161193847656e-08,0.0002273676363984123,2026092703,energy_equivariant
behavior.1,28,168,1.4901161193847656e-08,7.975791959324852e-05,2026092703,energy_equivariant
behavior.2,28,168,1.1175870895385742e-08,0.00013556901831179857,2026092703,energy_equivariant
time.0,28,169,2.2351741790771484e-08,0.0005688771489076316,2026092703,energy_equivariant
time.1,28,169,1.4901161193847656e-08,0.00018670233839657158,2026092703,energy_equivariant
time.2,28,169,2.9802322387695312e-08,0.0006342435372062027,2026092703,energy_equivariant
behavior.0,28,169,1.4901161193847656e-08,0.000267260882537812,2026092703,energy_equivariant
behavior.1,28,169,7.450580596923828e-09,8.06539028417319e-05,2026092703,energy_equivariant
behavior.2,28,169,1.4901161193847656e-08,0.00017235333507414907,2026092703,energy_equivariant
time.0,28,170,2.2351741790771484e-08,0.0005261393962427974,2026092703,energy_equivariant
time.1,28,170,1.4901161193847656e-08,0.00016720655548851937,2026092703,energy_equivariant
time.2,28,170,1.4901161193847656e-08,0.000539393920917064,2026092703,energy_equivariant
behavior.0,28,170,1.4901161193847656e-08,0.00025402934988960624,2026092703,energy_equivariant
behavior.1,28,170,1.1175870895385742e-08,8.008988515939564e-05,2026092703,energy_equivariant
behavior.2,28,170,1.4901161193847656e-08,0.0001668645127210766,2026092703,energy_equivariant
time.0,28,171,1.4901161193847656e-08,0.0006597792962566018,2026092703,energy_equivariant
time.1,28,171,1.1175870895385742e-08,0.00021355354692786932,2026092703,energy_equivariant
time.2,28,171,1.4901161193847656e-08,0.0006862298469059169,2026092703,energy_equivariant
behavior.0,28,171,1.4901161193847656e-08,0.00022989779245108366,2026092703,energy_equivariant
behavior.1,28,171,1.1175870895385742e-08,8.374024037038907e-05,2026092703,energy_equivariant
behavior.2,28,171,1.1175870895385742e-08,0.00012491008965298533,2026092703,energy_equivariant
time.0,28,172,2.2351741790771484e-08,0.0005703448550775647,2026092703,energy_equivariant
time.1,28,172,1.1175870895385742e-08,0.00017984140140470117,2026092703,energy_equivariant
time.2,28,172,2.9802322387695312e-08,0.0006483736215159297,2026092703,energy_equivariant
behavior.0,28,172,1.4901161193847656e-08,0.00027074888930656016,2026092703,energy_equivariant
behavior.1,28,172,1.1175870895385742e-08,7.882322097430006e-05,2026092703,energy_equivariant
behavior.2,28,172,1.1175870895385742e-08,0.00019131432054564357,2026092703,energy_equivariant
time.0,28,173,2.2351741790771484e-08,0.0007097566849552095,2026092703,energy_equivariant
time.1,28,173,1.4901161193847656e-08,0.00022548514243680984,2026092703,energy_equivariant
time.2,28,173,2.9802322387695312e-08,0.0007771083619445562,2026092703,energy_equivariant
behavior.0,28,173,1.4901161193847656e-08,0.00022337054542731494,2026092703,energy_equivariant
behavior.1,28,173,1.1175870895385742e-08,8.257510489784181e-05,2026092703,energy_equivariant
behavior.2,28,173,1.4901161193847656e-08,0.00014184432802721858,2026092703,energy_equivariant
time.0,28,174,1.4901161193847656e-08,0.0006089831585995853,2026092703,energy_equivariant
time.1,28,174,1.4901161193847656e-08,0.00019404153863433748,2026092703,energy_equivariant
time.2,28,174,2.9802322387695312e-08,0.0006849846104159951,2026092703,energy_equivariant
behavior.0,28,174,1.4901161193847656e-08,0.00024405130534432828,2026092703,energy_equivariant
behavior.1,28,174,1.1175870895385742e-08,8.055671787587926e-05,2026092703,energy_equivariant
behavior.2,28,174,1.1175870895385742e-08,0.00015953453839756548,2026092703,energy_equivariant
time.0,28,175,2.2351741790771484e-08,0.0005933759966865182,2026092703,energy_equivariant
time.1,28,175,1.4901161193847656e-08,0.00019089884881395847,2026092703,energy_equivariant
time.2,28,175,2.2351741790771484e-08,0.0006270690937526524,2026092703,energy_equivariant
behavior.0,28,175,1.4901161193847656e-08,0.00027508416678756475,2026092703,energy_equivariant
behavior.1,28,175,7.450580596923828e-09,7.352452666964382e-05,2026092703,energy_equivariant
behavior.2,28,175,1.1175870895385742e-08,0.00020441463857423514,2026092703,energy_equivariant
time.0,28,176,1.4901161193847656e-08,0.0006194242741912603,2026092703,energy_equivariant
time.1,28,176,1.4901161193847656e-08,0.00020346564997453243,2026092703,energy_equivariant
time.2,28,176,2.9802322387695312e-08,0.000670897716190666,2026092703,energy_equivariant
behavior.0,28,176,1.4901161193847656e-08,0.0002673149574548006,2026092703,energy_equivariant
behavior.1,28,176,1.1175870895385742e-08,7.911860302556306e-05,2026092703,energy_equivariant
behavior.2,28,176,1.862645149230957e-08,0.00018134857236873358,2026092703,energy_equivariant
time.0,28,177,2.2351741790771484e-08,0.0005805836408399045,2026092703,energy_equivariant
time.1,28,177,1.1175870895385742e-08,0.00018348233425058424,2026092703,energy_equivariant
time.2,28,177,2.9802322387695312e-08,0.0005889854510314763,2026092703,energy_equivariant
behavior.0,28,177,2.2351741790771484e-08,0.00025435813586227596,2026092703,energy_equivariant
behavior.1,28,177,7.450580596923828e-09,9.221563959727064e-05,2026092703,energy_equivariant
behavior.2,28,177,1.4901161193847656e-08,0.00015890219947323203,2026092703,energy_equivariant
time.0,28,178,1.4901161193847656e-08,0.0006060358136892319,2026092703,energy_equivariant
time.1,28,178,1.862645149230957e-08,0.00018818680837284774,2026092703,energy_equivariant
time.2,28,178,2.9802322387695312e-08,0.000681524456012994,2026092703,energy_equivariant
behavior.0,28,178,2.2351741790771484e-08,0.0002560516295488924,2026092703,energy_equivariant
behavior.1,28,178,7.450580596923828e-09,7.690236816415563e-05,2026092703,energy_equivariant
behavior.2,28,178,1.4901161193847656e-08,0.00016332294035237283,2026092703,energy_equivariant
time.0,28,179,1.4901161193847656e-08,0.0006248393910937011,2026092703,energy_equivariant
time.1,28,179,1.4901161193847656e-08,0.00019789414363913238,2026092703,energy_equivariant
time.2,28,179,2.9802322387695312e-08,0.0006277755601331592,2026092703,energy_equivariant
behavior.0,28,179,1.4901161193847656e-08,0.00026766673545353115,2026092703,energy_equivariant
behavior.1,28,179,1.1175870895385742e-08,9.2697526270058e-05,2026092703,energy_equivariant
behavior.2,28,179,1.4901161193847656e-08,0.00015480871661566198,2026092703,energy_equivariant
time.0,28,180,1.4901161193847656e-08,0.0006109062815085053,2026092703,energy_equivariant
time.1,28,180,1.4901161193847656e-08,0.0001922669034684077,2026092703,energy_equivariant
time.2,28,180,2.9802322387695312e-08,0.0006279213121160865,2026092703,energy_equivariant
behavior.0,28,180,1.4901161193847656e-08,0.00025185823324136436,2026092703,energy_equivariant
behavior.1,28,180,1.1175870895385742e-08,8.006717689568177e-05,2026092703,energy_equivariant
behavior.2,28,180,1.4901161193847656e-08,0.0001640219852561131,2026092703,energy_equivariant
time.0,28,181,1.4901161193847656e-08,0.0005906345322728157,2026092703,energy_equivariant
time.1,28,181,1.1175870895385742e-08,0.00018626326345838606,2026092703,energy_equivariant
time.2,28,181,2.9802322387695312e-08,0.0006157008465379477,2026092703,energy_equivariant
behavior.0,28,181,1.4901161193847656e-08,0.0002541295252740383,2026092703,energy_equivariant
behavior.1,28,181,1.4901161193847656e-08,8.007697033463046e-05,2026092703,energy_equivariant
behavior.2,28,181,1.4901161193847656e-08,0.0001700605353107676,2026092703,energy_equivariant
time.0,28,182,1.4901161193847656e-08,0.0006973350537009537,2026092703,energy_equivariant
time.1,28,182,1.4901161193847656e-08,0.00021883283625356853,2026092703,energy_equivariant
time.2,28,182,2.2351741790771484e-08,0.0007796459249220788,2026092703,energy_equivariant
behavior.0,28,182,1.4901161193847656e-08,0.00024807732552289963,2026092703,energy_equivariant
behavior.1,28,182,1.1175870895385742e-08,8.389556751353666e-05,2026092703,energy_equivariant
behavior.2,28,182,1.4901161193847656e-08,0.00014815972826909274,2026092703,energy_equivariant
time.0,28,183,1.4901161193847656e-08,0.0005348978447727859,2026092703,energy_equivariant
time.1,28,183,1.4901161193847656e-08,0.00017244280024897307,2026092703,energy_equivariant
time.2,28,183,2.9802322387695312e-08,0.0005593769019469619,2026092703,energy_equivariant
behavior.0,28,183,1.4901161193847656e-08,0.0002694941940717399,2026092703,energy_equivariant
behavior.1,28,183,1.4901161193847656e-08,8.799553324934095e-05,2026092703,energy_equivariant
behavior.2,28,183,1.1175870895385742e-08,0.0001826524530770257,2026092703,energy_equivariant
time.0,28,184,1.4901161193847656e-08,0.0005979781271889806,2026092703,energy_equivariant
time.1,28,184,1.4901161193847656e-08,0.0001884946395875886,2026092703,energy_equivariant
time.2,28,184,2.9802322387695312e-08,0.000630399095825851,2026092703,energy_equivariant
behavior.0,28,184,2.2351741790771484e-08,0.00024521342129446566,2026092703,energy_equivariant
behavior.1,28,184,1.1175870895385742e-08,7.931135769467801e-05,2026092703,energy_equivariant
behavior.2,28,184,1.4901161193847656e-08,0.0001669395132921636,2026092703,energy_equivariant
time.0,28,185,2.2351741790771484e-08,0.0005842578830197453,2026092703,energy_equivariant
time.1,28,185,1.1175870895385742e-08,0.00018160339095629752,2026092703,energy_equivariant
time.2,28,185,2.9802322387695312e-08,0.0006698795477859676,2026092703,energy_equivariant
behavior.0,28,185,1.4901161193847656e-08,0.0002640153397805989,2026092703,energy_equivariant
behavior.1,28,185,7.450580596923828e-09,8.941621490521356e-05,2026092703,energy_equivariant
behavior.2,28,185,1.4901161193847656e-08,0.00016878166934475303,2026092703,energy_equivariant
time.0,28,186,2.9802322387695312e-08,0.0006648473208770156,2026092703,energy_equivariant
time.1,28,186,1.1175870895385742e-08,0.00020895403577014804,2026092703,energy_equivariant
time.2,28,186,2.2351741790771484e-08,0.0007007941021583974,2026092703,energy_equivariant
behavior.0,28,186,1.4901161193847656e-08,0.0002304630761500448,2026092703,energy_equivariant
behavior.1,28,186,1.1175870895385742e-08,7.35478097340092e-05,2026092703,energy_equivariant
behavior.2,28,186,1.4901161193847656e-08,0.00015916906704660505,2026092703,energy_equivariant
time.0,28,187,2.2351741790771484e-08,0.0006109699606895447,2026092703,energy_equivariant
time.1,28,187,1.4901161193847656e-08,0.00019214735948480666,2026092703,energy_equivariant
time.2,28,187,2.9802322387695312e-08,0.0006605401868000627,2026092703,energy_equivariant
behavior.0,28,187,2.2351741790771484e-08,0.0002673302951734513,2026092703,energy_equivariant
behavior.1,28,187,1.1175870895385742e-08,7.805936911609024e-05,2026092703,energy_equivariant
behavior.2,28,187,1.4901161193847656e-08,0.0001770908129401505,2026092703,energy_equivariant
time.0,28,188,2.2351741790771484e-08,0.0005584013415500522,2026092703,energy_equivariant
time.1,28,188,1.1175870895385742e-08,0.00017832206503953785,2026092703,energy_equivariant
time.2,28,188,1.4901161193847656e-08,0.0005705536459572613,2026092703,energy_equivariant
behavior.0,28,188,1.4901161193847656e-08,0.00026478615473024547,2026092703,energy_equivariant
behavior.1,28,188,1.1175870895385742e-08,8.014542981982231e-05,2026092703,energy_equivariant
behavior.2,28,188,1.1175870895385742e-08,0.00018400678527541459,2026092703,energy_equivariant
time.0,28,189,2.2351741790771484e-08,0.0005718317115679383,2026092703,energy_equivariant
time.1,28,189,1.4901161193847656e-08,0.00018012789951171726,2026092703,energy_equivariant
time.2,28,189,1.4901161193847656e-08,0.0006001738365739584,2026092703,energy_equivariant
behavior.0,28,189,1.4901161193847656e-08,0.00026109893224202096,2026092703,energy_equivariant
behavior.1,28,189,1.1175870895385742e-08,8.439171506324783e-05,2026092703,energy_equivariant
behavior.2,28,189,1.1175870895385742e-08,0.00017799092165660113,2026092703,energy_equivariant
time.0,28,190,2.2351741790771484e-08,0.0005994270322844386,2026092703,energy_equivariant
time.1,28,190,1.4901161193847656e-08,0.00019249455363024026,2026092703,energy_equivariant
time.2,28,190,1.4901161193847656e-08,0.0006545024807564914,2026092703,energy_equivariant
behavior.0,28,190,1.4901161193847656e-08,0.0002642388571985066,2026092703,energy_equivariant
behavior.1,28,190,7.450580596923828e-09,7.20341777196154e-05,2026092703,energy_equivariant
behavior.2,28,190,1.4901161193847656e-08,0.00017651209782343358,2026092703,energy_equivariant
time.0,28,191,1.4901161193847656e-08,0.0005742621142417192,2026092703,energy_equivariant
time.1,28,191,1.1175870895385742e-08,0.00017683449550531805,2026092703,energy_equivariant
time.2,28,191,2.9802322387695312e-08,0.0006271227030083537,2026092703,energy_equivariant
behavior.0,28,191,1.4901161193847656e-08,0.00025812690728344023,2026092703,energy_equivariant
behavior.1,28,191,1.1175870895385742e-08,7.81457347329706e-05,2026092703,energy_equivariant
behavior.2,28,191,1.1175870895385742e-08,0.00017687024956103414,2026092703,energy_equivariant
time.0,28,192,2.2351741790771484e-08,0.0006710554589517415,2026092703,energy_equivariant
time.1,28,192,1.4901161193847656e-08,0.00021033412485849112,2026092703,energy_equivariant
time.2,28,192,2.9802322387695312e-08,0.0007606528233736753,2026092703,energy_equivariant
behavior.0,28,192,1.4901161193847656e-08,0.00026349248946644366,2026092703,energy_equivariant
behavior.1,28,192,1.1175870895385742e-08,7.822404586477205e-05,2026092703,energy_equivariant
behavior.2,28,192,1.1175870895385742e-08,0.00018269139400217682,2026092703,energy_equivariant
time.0,28,193,2.2351741790771484e-08,0.0005857094656676054,2026092703,energy_equivariant
time.1,28,193,1.4901161193847656e-08,0.0001849586406024173,2026092703,energy_equivariant
time.2,28,193,2.9802322387695312e-08,0.0006259313086047769,2026092703,energy_equivariant
behavior.0,28,193,2.2351741790771484e-08,0.00025769806234166026,2026092703,energy_equivariant
behavior.1,28,193,1.1175870895385742e-08,7.540976366726682e-05,2026092703,energy_equivariant
behavior.2,28,193,1.4901161193847656e-08,0.0001885651727207005,2026092703,energy_equivariant
time.0,28,194,1.4901161193847656e-08,0.0005542972357943654,2026092703,energy_equivariant
time.1,28,194,1.4901161193847656e-08,0.00017051055328920484,2026092703,energy_equivariant
time.2,28,194,2.9802322387695312e-08,0.0005654714186675847,2026092703,energy_equivariant
behavior.0,28,194,1.4901161193847656e-08,0.0002504668664187193,2026092703,energy_equivariant
behavior.1,28,194,1.4901161193847656e-08,7.924145029392093e-05,2026092703,energy_equivariant
behavior.2,28,194,1.4901161193847656e-08,0.00017673621186986566,2026092703,energy_equivariant
time.0,28,195,1.4901161193847656e-08,0.0005743054207414389,2026092703,energy_equivariant
time.1,28,195,1.4901161193847656e-08,0.00017906184075400233,2026092703,energy_equivariant
time.2,28,195,2.9802322387695312e-08,0.0005509928450919688,2026092703,energy_equivariant
behavior.0,28,195,1.4901161193847656e-08,0.00026964745484292507,2026092703,energy_equivariant
behavior.1,28,195,1.1175870895385742e-08,9.810954361455515e-05,2026092703,energy_equivariant
behavior.2,28,195,1.4901161193847656e-08,0.00017343115177936852,2026092703,energy_equivariant
time.0,28,196,2.2351741790771484e-08,0.0005645913770422339,2026092703,energy_equivariant
time.1,28,196,1.1175870895385742e-08,0.00018316578643862158,2026092703,energy_equivariant
time.2,28,196,1.4901161193847656e-08,0.0006097884033806622,2026092703,energy_equivariant
behavior.0,28,196,1.4901161193847656e-08,0.00026468164287507534,2026092703,energy_equivariant
behavior.1,28,196,7.450580596923828e-09,0.00011214421829208732,2026092703,energy_equivariant
behavior.2,28,196,1.4901161193847656e-08,0.0001701891014818102,2026092703,energy_equivariant
time.0,28,197,1.4901161193847656e-08,0.0006399391568265855,2026092703,energy_equivariant
time.1,28,197,1.4901161193847656e-08,0.0002006530703511089,2026092703,energy_equivariant
time.2,28,197,2.9802322387695312e-08,0.0006558027816936374,2026092703,energy_equivariant
behavior.0,28,197,1.4901161193847656e-08,0.00022576261835638434,2026092703,energy_equivariant
behavior.1,28,197,1.1175870895385742e-08,7.827472290955484e-05,2026092703,energy_equivariant
behavior.2,28,197,1.1175870895385742e-08,0.0001456488244002685,2026092703,energy_equivariant
time.0,28,198,2.2351741790771484e-08,0.0005452907062135637,2026092703,energy_equivariant
time.1,28,198,1.1175870895385742e-08,0.00017551663040649146,2026092703,energy_equivariant
time.2,28,198,2.9802322387695312e-08,0.0005513466894626617,2026092703,energy_equivariant
behavior.0,28,198,1.4901161193847656e-08,0.00028460792964324355,2026092703,energy_equivariant
behavior.1,28,198,7.450580596923828e-09,9.380387200508267e-05,2026092703,energy_equivariant
behavior.2,28,198,1.1175870895385742e-08,0.0001840815384639427,2026092703,energy_equivariant
time.0,28,199,2.2351741790771484e-08,0.0005767941474914551,2026092703,energy_equivariant
time.1,28,199,1.4901161193847656e-08,0.0001832938432926312,2026092703,energy_equivariant
time.2,28,199,2.9802322387695312e-08,0.0005898340605199337,2026092703,energy_equivariant
behavior.0,28,199,1.4901161193847656e-08,0.00026780396001413465,2026092703,energy_equivariant
behavior.1,28,199,1.1175870895385742e-08,8.109281770884991e-05,2026092703,energy_equivariant
behavior.2,28,199,1.4901161193847656e-08,0.0001770468516042456,2026092703,energy_equivariant
time.0,28,200,1.4901161193847656e-08,0.0005674210842698812,2026092703,energy_equivariant
time.1,28,200,1.1175870895385742e-08,0.00018051834194920957,2026092703,energy_equivariant
time.2,28,200,2.2351741790771484e-08,0.0006061309832148254,2026092703,energy_equivariant
behavior.0,28,200,2.2351741790771484e-08,0.0002644643827807158,2026092703,energy_equivariant
behavior.1,28,200,1.1175870895385742e-08,7.17061702744104e-05,2026092703,energy_equivariant
behavior.2,28,200,1.1175870895385742e-08,0.00017391092842444777,2026092703,energy_equivariant
time.0,28,1,2.2351741790771484e-08,0.0006860842113383114,2026092703,energy_half
time.1,28,1,1.4901161193847656e-08,0.00032210396602749825,2026092703,energy_half
time.2,28,1,1.4901161193847656e-08,0.0004376984725240618,2026092703,energy_half
behavior.0,28,1,1.4901161193847656e-08,0.000275768106803298,2026092703,energy_half
behavior.1,28,1,1.4901161193847656e-08,0.00011073639325331897,2026092703,energy_half
behavior.2,28,1,7.450580596923828e-09,8.447099389741197e-05,2026092703,energy_half
time.0,28,2,1.4901161193847656e-08,0.0007203086861409247,2026092703,energy_half
time.1,28,2,1.4901161193847656e-08,0.00039265616214834154,2026092703,energy_half
time.2,28,2,4.470348358154297e-08,0.000771534105297178,2026092703,energy_half
behavior.0,28,2,1.4901161193847656e-08,0.00030008991598151624,2026092703,energy_half
behavior.1,28,2,1.1175870895385742e-08,0.00010627034498611465,2026092703,energy_half
behavior.2,28,2,1.1175870895385742e-08,0.00011121755233034492,2026092703,energy_half
time.0,28,3,2.2351741790771484e-08,0.000704802165273577,2026092703,energy_half
time.1,28,3,1.4901161193847656e-08,0.00035253234091214836,2026092703,energy_half
time.2,28,3,2.9802322387695312e-08,0.0008332667639479041,2026092703,energy_half
behavior.0,28,3,1.4901161193847656e-08,0.0002771623549051583,2026092703,energy_half
behavior.1,28,3,1.4901161193847656e-08,0.00010585727432044223,2026092703,energy_half
behavior.2,28,3,1.1175870895385742e-08,0.0001118298459914513,2026092703,energy_half
time.0,28,4,1.4901161193847656e-08,0.0006127769011072814,2026092703,energy_half
time.1,28,4,1.4901161193847656e-08,0.0003028780338354409,2026092703,energy_half
time.2,28,4,2.2351741790771484e-08,0.0007443538052029908,2026092703,energy_half
behavior.0,28,4,1.4901161193847656e-08,0.0003041375894099474,2026092703,energy_half
behavior.1,28,4,1.4901161193847656e-08,0.00011924246791750193,2026092703,energy_half
behavior.2,28,4,1.1175870895385742e-08,0.00012203647202113643,2026092703,energy_half
time.0,28,5,2.9802322387695312e-08,0.0006147383828647435,2026092703,energy_half
time.1,28,5,1.4901161193847656e-08,0.0003232080489397049,2026092703,energy_half
time.2,28,5,2.9802322387695312e-08,0.000994042493402958,2026092703,energy_half
behavior.0,28,5,1.4901161193847656e-08,0.00026108784368261695,2026092703,energy_half
behavior.1,28,5,1.4901161193847656e-08,9.153327846433967e-05,2026092703,energy_half
behavior.2,28,5,7.450580596923828e-09,0.0001026167519739829,2026092703,energy_half
time.0,28,6,1.4901161193847656e-08,0.0005509741022251546,2026092703,energy_half
time.1,28,6,1.4901161193847656e-08,0.0002667278749868274,2026092703,energy_half
time.2,28,6,2.9802322387695312e-08,0.0008161579025909305,2026092703,energy_half
behavior.0,28,6,1.4901161193847656e-08,0.0002642007893882692,2026092703,energy_half
behavior.1,28,6,1.1175870895385742e-08,9.785396105144173e-05,2026092703,energy_half
behavior.2,28,6,1.4901161193847656e-08,0.0001243641454493627,2026092703,energy_half
time.0,28,7,1.4901161193847656e-08,0.0006076444406062365,2026092703,energy_half
time.1,28,7,1.4901161193847656e-08,0.00028641565586440265,2026092703,energy_half
time.2,28,7,2.9802322387695312e-08,0.0010103206150233746,2026092703,energy_half
behavior.0,28,7,1.4901161193847656e-08,0.00026220339350402355,2026092703,energy_half
behavior.1,28,7,1.4901161193847656e-08,8.993739174911752e-05,2026092703,energy_half
behavior.2,28,7,1.1175870895385742e-08,0.00012274165055714548,2026092703,energy_half
time.0,28,8,1.4901161193847656e-08,0.0005990619538351893,2026092703,energy_half
time.1,28,8,1.4901161193847656e-08,0.00027298397617414594,2026092703,energy_half
time.2,28,8,2.2351741790771484e-08,0.000887302216142416,2026092703,energy_half
behavior.0,28,8,1.4901161193847656e-08,0.0002490651677362621,2026092703,energy_half
behavior.1,28,8,1.1175870895385742e-08,9.137332381214947e-05,2026092703,energy_half
behavior.2,28,8,1.1175870895385742e-08,0.00011054347123717889,2026092703,energy_half
time.0,28,9,2.9802322387695312e-08,0.0006363883148878813,2026092703,energy_half
time.1,28,9,1.4901161193847656e-08,0.0002737904724199325,2026092703,energy_half
time.2,28,9,2.9802322387695312e-08,0.0010449037654325366,2026092703,energy_half
behavior.0,28,9,1.4901161193847656e-08,0.00025931489653885365,2026092703,energy_half
behavior.1,28,9,1.4901161193847656e-08,9.042838064488024e-05,2026092703,energy_half
behavior.2,28,9,1.4901161193847656e-08,0.00012060879089403898,2026092703,energy_half
time.0,28,10,2.2351741790771484e-08,0.0006855666288174689,2026092703,energy_half
time.1,28,10,2.2351741790771484e-08,0.0002877761726267636,2026092703,energy_half
time.2,28,10,2.9802322387695312e-08,0.0011312946444377303,2026092703,energy_half
behavior.0,28,10,1.4901161193847656e-08,0.0002619239967316389,2026092703,energy_half
behavior.1,28,10,1.4901161193847656e-08,0.00010059589840238914,2026092703,energy_half
behavior.2,28,10,1.1175870895385742e-08,0.000130521206301637,2026092703,energy_half
time.0,28,11,2.2351741790771484e-08,0.0005606581689789891,2026092703,energy_half
time.1,28,11,1.4901161193847656e-08,0.0002327485999558121,2026092703,energy_half
time.2,28,11,2.2351741790771484e-08,0.0007470675045624375,2026092703,energy_half
behavior.0,28,11,1.4901161193847656e-08,0.00025043709320016205,2026092703,energy_half
behavior.1,28,11,1.4901161193847656e-08,9.723893163027242e-05,2026092703,energy_half
behavior.2,28,11,1.4901161193847656e-08,0.0001220648264279589,2026092703,energy_half
time.0,28,12,2.2351741790771484e-08,0.000562937930226326,2026092703,energy_half
time.1,28,12,1.4901161193847656e-08,0.00024146372743416578,2026092703,energy_half
time.2,28,12,2.9802322387695312e-08,0.000831668556202203,2026092703,energy_half
behavior.0,28,12,1.4901161193847656e-08,0.00026999565307050943,2026092703,energy_half
behavior.1,28,12,7.450580596923828e-09,0.00010334722173865885,2026092703,energy_half
behavior.2,28,12,2.2351741790771484e-08,0.00015030946815386415,2026092703,energy_half
time.0,28,13,2.2351741790771484e-08,0.0006409164052456617,2026092703,energy_half
time.1,28,13,1.4901161193847656e-08,0.0002610639203339815,2026092703,energy_half
time.2,28,13,1.4901161193847656e-08,0.001029524253681302,2026092703,energy_half
behavior.0,28,13,1.4901161193847656e-08,0.0002474765933584422,2026092703,energy_half
behavior.1,28,13,7.450580596923828e-09,8.075107325566933e-05,2026092703,energy_half
behavior.2,28,13,1.1175870895385742e-08,0.00013494346057996154,2026092703,energy_half
time.0,28,14,1.4901161193847656e-08,0.0005367519916035235,2026092703,energy_half
time.1,28,14,1.4901161193847656e-08,0.00021837578970007598,2026092703,energy_half
time.2,28,14,2.9802322387695312e-08,0.0007671312196180224,2026092703,energy_half
behavior.0,28,14,1.4901161193847656e-08,0.0002600910665933043,2026092703,energy_half
behavior.1,28,14,2.2351741790771484e-08,9.239902283297852e-05,2026092703,energy_half
behavior.2,28,14,1.4901161193847656e-08,0.000140612231916748,2026092703,energy_half
time.0,28,15,2.2351741790771484e-08,0.0006035867845639586,2026092703,energy_half
time.1,28,15,1.4901161193847656e-08,0.00023615734244231135,2026092703,energy_half
time.2,28,15,2.9802322387695312e-08,0.0009392271749675274,2026092703,energy_half
behavior.0,28,15,1.4901161193847656e-08,0.00024043041048571467,2026092703,energy_half
behavior.1,28,15,1.1175870895385742e-08,8.535564847989008e-05,2026092703,energy_half
behavior.2,28,15,1.4901161193847656e-08,0.00011921371333301067,2026092703,energy_half
time.0,28,16,2.9802322387695312e-08,0.0006272910395637155,2026092703,energy_half
time.1,28,16,1.4901161193847656e-08,0.00024290506553370506,2026092703,energy_half
time.2,28,16,2.9802322387695312e-08,0.0009691604063846171,2026092703,energy_half
behavior.0,28,16,1.4901161193847656e-08,0.0002624889020808041,2026092703,energy_half
behavior.1,28,16,1.1175870895385742e-08,8.382851228816435e-05,2026092703,energy_half
behavior.2,28,16,1.4901161193847656e-08,0.00016766917542554438,2026092703,energy_half
time.0,28,17,1.4901161193847656e-08,0.000556318205781281,2026092703,energy_half
time.1,28,17,1.4901161193847656e-08,0.00022206557332538068,2026092703,energy_half
time.2,28,17,1.4901161193847656e-08,0.0007976292399689555,2026092703,energy_half
behavior.0,28,17,1.4901161193847656e-08,0.00023987195163499564,2026092703,energy_half
behavior.1,28,17,1.4901161193847656e-08,7.918135088402778e-05,2026092703,energy_half
behavior.2,28,17,1.1175870895385742e-08,0.0001311936357524246,2026092703,energy_half
time.0,28,18,2.9802322387695312e-08,0.0005960040143691003,2026092703,energy_half
time.1,28,18,1.4901161193847656e-08,0.00024454176309518516,2026092703,energy_half
time.2,28,18,2.9802322387695312e-08,0.0009479232830926776,2026092703,energy_half
behavior.0,28,18,1.4901161193847656e-08,0.00026571316993795335,2026092703,energy_half
behavior.1,28,18,1.1175870895385742e-08,8.250600512837991e-05,2026092703,energy_half
behavior.2,28,18,1.4901161193847656e-08,0.00016219518147408962,2026092703,energy_half
time.0,28,19,1.4901161193847656e-08,0.0006417470867745578,2026092703,energy_half
time.1,28,19,1.1175870895385742e-08,0.000274931633612141,2026092703,energy_half
time.2,28,19,2.9802322387695312e-08,0.0011967405444011092,2026092703,energy_half
behavior.0,28,19,1.4901161193847656e-08,0.00023188120394479483,2026092703,energy_half
behavior.1,28,19,1.1175870895385742e-08,8.140093996189535e-05,2026092703,energy_half
behavior.2,28,19,1.1175870895385742e-08,0.00014470411406364292,2026092703,energy_half
time.0,28,20,2.9802322387695312e-08,0.0005780842038802803,2026092703,energy_half
time.1,28,20,1.4901161193847656e-08,0.00022959650959819555,2026092703,energy_half
time.2,28,20,2.9802322387695312e-08,0.0008926233858801425,2026092703,energy_half
behavior.0,28,20,1.4901161193847656e-08,0.0002382794627919793,2026092703,energy_half
behavior.1,28,20,1.4901161193847656e-08,8.211295789806172e-05,2026092703,energy_half
behavior.2,28,20,1.4901161193847656e-08,0.0001584510027896613,2026092703,energy_half
time.0,28,21,2.2351741790771484e-08,0.0005744894151575863,2026092703,energy_half
time.1,28,21,1.4901161193847656e-08,0.0002339935745112598,2026092703,energy_half
time.2,28,21,2.2351741790771484e-08,0.0009823336731642485,2026092703,energy_half
behavior.0,28,21,2.2351741790771484e-08,0.0002578757703304291,2026092703,energy_half
behavior.1,28,21,1.1175870895385742e-08,8.326697570737451e-05,2026092703,energy_half
behavior.2,28,21,1.4901161193847656e-08,0.00017674932314548641,2026092703,energy_half
time.0,28,22,1.4901161193847656e-08,0.0005792457959614694,2026092703,energy_half
time.1,28,22,1.4901161193847656e-08,0.00022890073887538165,2026092703,energy_half
time.2,28,22,2.9802322387695312e-08,0.0009271984454244375,2026092703,energy_half
behavior.0,28,22,1.4901161193847656e-08,0.00024476804537698627,2026092703,energy_half
behavior.1,28,22,1.1175870895385742e-08,7.92574865045026e-05,2026092703,energy_half
behavior.2,28,22,1.4901161193847656e-08,0.00014992780052125454,2026092703,energy_half
time.0,28,23,1.4901161193847656e-08,0.0005787956761196256,2026092703,energy_half
time.1,28,23,1.4901161193847656e-08,0.00022847819491289556,2026092703,energy_half
time.2,28,23,2.9802322387695312e-08,0.0009782714769244194,2026092703,energy_half
behavior.0,28,23,1.4901161193847656e-08,0.00023559544933959842,2026092703,energy_half
behavior.1,28,23,1.4901161193847656e-08,7.736426050541922e-05,2026092703,energy_half
behavior.2,28,23,1.1175870895385742e-08,0.0001511876325821504,2026092703,energy_half
time.0,28,24,2.9802322387695312e-08,0.0005855908384546638,2026092703,energy_half
time.1,28,24,1.4901161193847656e-08,0.00023145854356698692,2026092703,energy_half
time.2,28,24,2.9802322387695312e-08,0.0008494535577483475,2026092703,energy_half
behavior.0,28,24,1.4901161193847656e-08,0.00023229719954542816,2026092703,energy_half
behavior.1,28,24,1.1175870895385742e-08,7.856341835577041e-05,2026092703,energy_half
behavior.2,28,24,1.1175870895385742e-08,0.00013288237096276134,2026092703,energy_half
time.0,28,25,1.4901161193847656e-08,0.0005549459019675851,2026092703,energy_half
time.1,28,25,1.1175870895385742e-08,0.0002065931330434978,2026092703,energy_half
time.2,28,25,2.9802322387695312e-08,0.0008802435477264225,2026092703,energy_half
behavior.0,28,25,1.4901161193847656e-08,0.00023791231797076762,2026092703,energy_half
behavior.1,28,25,1.1175870895385742e-08,8.201367018045858e-05,2026092703,energy_half
behavior.2,28,25,1.1175870895385742e-08,0.00013307674089446664,2026092703,energy_half
time.0,28,26,1.4901161193847656e-08,0.0005534071824513376,2026092703,energy_half
time.1,28,26,1.4901161193847656e-08,0.00021651334827765822,2026092703,energy_half
time.2,28,26,2.9802322387695312e-08,0.0009088960941880941,2026092703,energy_half
behavior.0,28,26,1.4901161193847656e-08,0.00023326787049882114,2026092703,energy_half
behavior.1,28,26,1.1175870895385742e-08,7.908742554718629e-05,2026092703,energy_half
behavior.2,28,26,1.4901161193847656e-08,0.00016794857219792902,2026092703,energy_half
time.0,28,27,1.4901161193847656e-08,0.0005773020093329251,2026092703,energy_half
time.1,28,27,1.1175870895385742e-08,0.00021959302830509841,2026092703,energy_half
time.2,28,27,2.9802322387695312e-08,0.0008640617015771568,2026092703,energy_half
behavior.0,28,27,1.4901161193847656e-08,0.0002458456438034773,2026092703,energy_half
behavior.1,28,27,1.4901161193847656e-08,8.860192610882223e-05,2026092703,energy_half
behavior.2,28,27,1.4901161193847656e-08,0.00017240313172806054,2026092703,energy_half
time.0,28,28,2.2351741790771484e-08,0.0005925496225245297,2026092703,energy_half
time.1,28,28,1.4901161193847656e-08,0.0002187407371820882,2026092703,energy_half
time.2,28,28,2.2351741790771484e-08,0.0009515827405266464,2026092703,energy_half
behavior.0,28,28,1.4901161193847656e-08,0.00023563213471788913,2026092703,energy_half
behavior.1,28,28,1.4901161193847656e-08,7.739842112641782e-05,2026092703,energy_half
behavior.2,28,28,1.4901161193847656e-08,0.00015849729243200272,2026092703,energy_half
time.0,28,29,2.2351741790771484e-08,0.0005671074031852186,2026092703,energy_half
time.1,28,29,1.4901161193847656e-08,0.0002069756737910211,2026092703,energy_half
time.2,28,29,2.9802322387695312e-08,0.0007875596638768911,2026092703,energy_half
behavior.0,28,29,1.4901161193847656e-08,0.00023237713321577758,2026092703,energy_half
behavior.1,28,29,1.4901161193847656e-08,8.134788367897272e-05,2026092703,energy_half
behavior.2,28,29,1.1175870895385742e-08,0.0001338710862910375,2026092703,energy_half
time.0,28,30,1.4901161193847656e-08,0.0006794400396756828,2026092703,energy_half
time.1,28,30,2.2351741790771484e-08,0.0002688003296498209,2026092703,energy_half
time.2,28,30,2.9802322387695312e-08,0.0011575360549613833,2026092703,energy_half
behavior.0,28,30,1.4901161193847656e-08,0.00020891541498713195,2026092703,energy_half
behavior.1,28,30,1.1175870895385742e-08,7.190063479356468e-05,2026092703,energy_half
behavior.2,28,30,1.4901161193847656e-08,0.0001315533008892089,2026092703,energy_half
time.0,28,31,2.9802322387695312e-08,0.0005729744443669915,2026092703,energy_half
time.1,28,31,1.4901161193847656e-08,0.00021908681083004922,2026092703,energy_half
time.2,28,31,2.9802322387695312e-08,0.0008674274431541562,2026092703,energy_half
behavior.0,28,31,1.4901161193847656e-08,0.00023216127010527998,2026092703,energy_half
behavior.1,28,31,1.1175870895385742e-08,7.61919654905796e-05,2026092703,energy_half
behavior.2,28,31,1.4901161193847656e-08,0.00015497501590289176,2026092703,energy_half
time.0,28,32,2.2351741790771484e-08,0.0005582788726314902,2026092703,energy_half
time.1,28,32,1.4901161193847656e-08,0.00020192239026073366,2026092703,energy_half
time.2,28,32,2.9802322387695312e-08,0.0008631525561213493,2026092703,energy_half
behavior.0,28,32,2.2351741790771484e-08,0.00023744715144857764,2026092703,energy_half
behavior.1,28,32,1.4901161193847656e-08,7.720124267507344e-05,2026092703,energy_half
behavior.2,28,32,1.4901161193847656e-08,0.0001595328067196533,2026092703,energy_half
time.0,28,33,1.4901161193847656e-08,0.0005794892786070704,2026092703,energy_half
time.1,28,33,1.4901161193847656e-08,0.00020987915922887623,2026092703,energy_half
time.2,28,33,2.2351741790771484e-08,0.0009556220029480755,2026092703,energy_half
behavior.0,28,33,1.4901161193847656e-08,0.00022067423560656607,2026092703,energy_half
behavior.1,28,33,1.4901161193847656e-08,7.789031224092469e-05,2026092703,energy_half
behavior.2,28,33,7.450580596923828e-09,0.00014854715846013278,2026092703,energy_half
time.0,28,34,2.2351741790771484e-08,0.000587429734878242,2026092703,energy_half
time.1,28,34,1.1175870895385742e-08,0.00022372149396687746,2026092703,energy_half
time.2,28,34,2.9802322387695312e-08,0.0010093672899529338,2026092703,energy_half
behavior.0,28,34,1.4901161193847656e-08,0.0002518478431738913,2026092703,energy_half
behavior.1,28,34,1.1175870895385742e-08,8.070933108683676e-05,2026092703,energy_half
behavior.2,28,34,1.4901161193847656e-08,0.00015540827007498592,2026092703,energy_half
time.0,28,35,2.2351741790771484e-08,0.0005340926581993699,2026092703,energy_half
time.1,28,35,1.4901161193847656e-08,0.00021985553030390292,2026092703,energy_half
time.2,28,35,2.2351741790771484e-08,0.0009055061382241547,2026092703,energy_half
behavior.0,28,35,1.4901161193847656e-08,0.00022724871814716607,2026092703,energy_half
behavior.1,28,35,1.1175870895385742e-08,8.374585013370961e-05,2026092703,energy_half
behavior.2,28,35,1.4901161193847656e-08,0.00013607768050860614,2026092703,energy_half
time.0,28,36,1.4901161193847656e-08,0.0005660758470185101,2026092703,energy_half
time.1,28,36,1.4901161193847656e-08,0.00024115298583637923,2026092703,energy_half
time.2,28,36,1.4901161193847656e-08,0.0009654996683821082,2026092703,energy_half
behavior.0,28,36,1.4901161193847656e-08,0.00021149830718059093,2026092703,energy_half
behavior.1,28,36,1.4901161193847656e-08,7.987963908817619e-05,2026092703,energy_half
behavior.2,28,36,1.1175870895385742e-08,0.00012884120224043727,2026092703,energy_half
time.0,28,37,1.4901161193847656e-08,0.0005742029752582312,2026092703,energy_half
time.1,28,37,1.4901161193847656e-08,0.00023225793847814202,2026092703,energy_half
time.2,28,37,2.2351741790771484e-08,0.0009326317813247442,2026092703,energy_half
behavior.0,28,37,2.2351741790771484e-08,0.00024799961829558015,2026092703,energy_half
behavior.1,28,37,7.450580596923828e-09,8.37643674458377e-05,2026092703,energy_half
behavior.2,28,37,1.4901161193847656e-08,0.00015602930216118693,2026092703,energy_half
time.0,28,38,2.2351741790771484e-08,0.0006264440598897636,2026092703,energy_half
time.1,28,38,1.4901161193847656e-08,0.00024170466349460185,2026092703,energy_half
time.2,28,38,2.9802322387695312e-08,0.0010955051984637976,2026092703,energy_half
behavior.0,28,38,2.2351741790771484e-08,0.000245000293944031,2026092703,energy_half
behavior.1,28,38,1.4901161193847656e-08,7.915994501672685e-05,2026092703,energy_half
behavior.2,28,38,7.450580596923828e-09,0.0001749938091961667,2026092703,energy_half
time.0,28,39,2.2351741790771484e-08,0.0006062167813070118,2026092703,energy_half
time.1,28,39,1.4901161193847656e-08,0.00024062598822638392,2026092703,energy_half
time.2,28,39,2.2351741790771484e-08,0.0009651459404267371,2026092703,energy_half
behavior.0,28,39,1.4901161193847656e-08,0.00022641397663392127,2026092703,energy_half
behavior.1,28,39,7.450580596923828e-09,7.922759687062353e-05,2026092703,energy_half
behavior.2,28,39,1.4901161193847656e-08,0.0001355139393126592,2026092703,energy_half
time.0,28,40,2.2351741790771484e-08,0.0005628642975352705,2026092703,energy_half
time.1,28,40,1.4901161193847656e-08,0.00020971805497538298,2026092703,energy_half
time.2,28,40,2.9802322387695312e-08,0.0009531272808089852,2026092703,energy_half
behavior.0,28,40,1.4901161193847656e-08,0.000255569233559072,2026092703,energy_half
behavior.1,28,40,7.450580596923828e-09,7.699258276261389e-05,2026092703,energy_half
behavior.2,28,40,1.4901161193847656e-08,0.00018159887986257672,2026092703,energy_half
time.0,28,41,1.4901161193847656e-08,0.0005351882427930832,2026092703,energy_half
time.1,28,41,1.1175870895385742e-08,0.00020862223755102605,2026092703,energy_half
time.2,28,41,2.9802322387695312e-08,0.0009227592381648719,2026092703,energy_half
behavior.0,28,41,1.4901161193847656e-08,0.00023159891134127975,2026092703,energy_half
behavior.1,28,41,1.1175870895385742e-08,8.274021820398048e-05,2026092703,energy_half
behavior.2,28,41,1.4901161193847656e-08,0.0001601327385287732,2026092703,energy_half
time.0,28,42,1.4901161193847656e-08,0.0006511307437904179,2026092703,energy_half
time.1,28,42,1.4901161193847656e-08,0.00025837693829089403,2026092703,energy_half
time.2,28,42,2.9802322387695312e-08,0.0011463682167232037,2026092703,energy_half
behavior.0,28,42,2.2351741790771484e-08,0.0002348799171159044,2026092703,energy_half
behavior.1,28,42,1.1175870895385742e-08,7.409092359011993e-05,2026092703,energy_half
behavior.2,28,42,1.4901161193847656e-08,0.00015608660760335624,2026092703,energy_half
time.0,28,43,2.2351741790771484e-08,0.0005886745057068765,2026092703,energy_half
time.1,28,43,1.4901161193847656e-08,0.00022541034559253603,2026092703,energy_half
time.2,28,43,2.9802322387695312e-08,0.0010144294938072562,2026092703,energy_half
behavior.0,28,43,1.4901161193847656e-08,0.0002630359958857298,2026092703,energy_half
behavior.1,28,43,1.1175870895385742e-08,7.368309161392972e-05,2026092703,energy_half
behavior.2,28,43,1.4901161193847656e-08,0.00020033349574077874,2026092703,energy_half
time.0,28,44,2.9802322387695312e-08,0.0006022656452842057,2026092703,energy_half
time.1,28,44,1.1175870895385742e-08,0.00023069146845955402,2026092703,energy_half
time.2,28,44,2.9802322387695312e-08,0.0010696296812966466,2026092703,energy_half
behavior.0,28,44,1.4901161193847656e-08,0.00020781821513082832,2026092703,energy_half
behavior.1,28,44,1.1175870895385742e-08,7.757078128634021e-05,2026092703,energy_half
behavior.2,28,44,1.4901161193847656e-08,0.00013746960030402988,2026092703,energy_half
time.0,28,45,1.4901161193847656e-08,0.0006234986940398812,2026092703,energy_half
time.1,28,45,7.450580596923828e-09,0.0002345202665310353,2026092703,energy_half
time.2,28,45,4.470348358154297e-08,0.0010731436777859926,2026092703,energy_half
behavior.0,28,45,1.4901161193847656e-08,0.00023697696451563388,2026092703,energy_half
behavior.1,28,45,1.1175870895385742e-08,8.346433605765924e-05,2026092703,energy_half
behavior.2,28,45,1.4901161193847656e-08,0.00015298085054382682,2026092703,energy_half
time.0,28,46,2.2351741790771484e-08,0.0006038743304088712,2026092703,energy_half
time.1,28,46,1.4901161193847656e-08,0.00023341845371760428,2026092703,energy_half
time.2,28,46,2.9802322387695312e-08,0.0011598957935348153,2026092703,energy_half
behavior.0,28,46,1.4901161193847656e-08,0.00024782560649327934,2026092703,energy_half
behavior.1,28,46,7.450580596923828e-09,8.267527300631627e-05,2026092703,energy_half
behavior.2,28,46,1.4901161193847656e-08,0.00015890153008513153,2026092703,energy_half
time.0,28,47,2.9802322387695312e-08,0.0005881063407287002,2026092703,energy_half
time.1,28,47,1.1175870895385742e-08,0.0002283304202137515,2026092703,energy_half
time.2,28,47,2.2351741790771484e-08,0.0011122459545731544,2026092703,energy_half
behavior.0,28,47,1.4901161193847656e-08,0.00024247064720839262,2026092703,energy_half
behavior.1,28,47,1.1175870895385742e-08,7.570729940198362e-05,2026092703,energy_half
behavior.2,28,47,1.4901161193847656e-08,0.00016234231588896364,2026092703,energy_half
time.0,28,48,1.4901161193847656e-08,0.0006248114514164627,2026092703,energy_half
time.1,28,48,1.4901161193847656e-08,0.00023233017418533564,2026092703,energy_half
time.2,28,48,2.9802322387695312e-08,0.0011148240882903337,2026092703,energy_half
behavior.0,28,48,1.4901161193847656e-08,0.00022939920017961413,2026092703,energy_half
behavior.1,28,48,1.1175870895385742e-08,7.450146222254261e-05,2026092703,energy_half
behavior.2,28,48,1.4901161193847656e-08,0.0001473009615438059,2026092703,energy_half
time.0,28,49,1.4901161193847656e-08,0.0005878920783288777,2026092703,energy_half
time.1,28,49,1.4901161193847656e-08,0.0002259874891024083,2026092703,energy_half
time.2,28,49,2.9802322387695312e-08,0.0010754904942587018,2026092703,energy_half
behavior.0,28,49,1.862645149230957e-08,0.0002369704016018659,2026092703,energy_half
behavior.1,28,49,1.4901161193847656e-08,7.771593664074317e-05,2026092703,energy_half
behavior.2,28,49,1.1175870895385742e-08,0.00014725403161719441,2026092703,energy_half
time.0,28,50,1.4901161193847656e-08,0.0005038940580561757,2026092703,energy_half
time.1,28,50,1.4901161193847656e-08,0.0001880509516922757,2026092703,energy_half
time.2,28,50,2.9802322387695312e-08,0.0008893809863366187,2026092703,energy_half
behavior.0,28,50,1.4901161193847656e-08,0.00023445498663932085,2026092703,energy_half
behavior.1,28,50,1.1175870895385742e-08,7.740767614450306e-05,2026092703,energy_half
behavior.2,28,50,1.4901161193847656e-08,0.0001547245483379811,2026092703,energy_half
time.0,28,51,2.9802322387695312e-08,0.0005951020866632462,2026092703,energy_half
time.1,28,51,1.4901161193847656e-08,0.00023037774371914566,2026092703,energy_half
time.2,28,51,2.9802322387695312e-08,0.0010080370120704174,2026092703,energy_half
behavior.0,28,51,2.2351741790771484e-08,0.00023469065490644425,2026092703,energy_half
behavior.1,28,51,1.1175870895385742e-08,8.234185952460393e-05,2026092703,energy_half
behavior.2,28,51,1.1175870895385742e-08,0.0001481359067838639,2026092703,energy_half
time.0,28,52,2.2351741790771484e-08,0.0005685770884156227,2026092703,energy_half
time.1,28,52,1.4901161193847656e-08,0.0002279694890603423,2026092703,energy_half
time.2,28,52,2.9802322387695312e-08,0.001059837406501174,2026092703,energy_half
behavior.0,28,52,2.2351741790771484e-08,0.0002509199839551002,2026092703,energy_half
behavior.1,28,52,7.450580596923828e-09,7.801569881848991e-05,2026092703,energy_half
behavior.2,28,52,1.1175870895385742e-08,0.0001781237660907209,2026092703,energy_half
time.0,28,53,2.2351741790771484e-08,0.0005346895195543766,2026092703,energy_half
time.1,28,53,1.4901161193847656e-08,0.0002100226265611127,2026092703,energy_half
time.2,28,53,2.9802322387695312e-08,0.0009582662023603916,2026092703,energy_half
behavior.0,28,53,1.4901161193847656e-08,0.0002327122783754021,2026092703,energy_half
behavior.1,28,53,1.4901161193847656e-08,8.481756231049076e-05,2026092703,energy_half
behavior.2,28,53,1.1175870895385742e-08,0.000149257350130938,2026092703,energy_half
time.0,28,54,1.4901161193847656e-08,0.0005344294477254152,2026092703,energy_half
time.1,28,54,1.4901161193847656e-08,0.00020497512014117092,2026092703,energy_half
time.2,28,54,2.9802322387695312e-08,0.0009515673737041652,2026092703,energy_half
behavior.0,28,54,1.4901161193847656e-08,0.0002704110520426184,2026092703,energy_half
behavior.1,28,54,1.1175870895385742e-08,8.41429500724189e-05,2026092703,energy_half
behavior.2,28,54,1.4901161193847656e-08,0.0001774025586200878,2026092703,energy_half
time.0,28,55,2.2351741790771484e-08,0.0005516129313036799,2026092703,energy_half
time.1,28,55,1.4901161193847656e-08,0.00020678128930740058,2026092703,energy_half
time.2,28,55,2.9802322387695312e-08,0.0009774183854460716,2026092703,energy_half
behavior.0,28,55,1.4901161193847656e-08,0.00022826464555691928,2026092703,energy_half
behavior.1,28,55,1.1175870895385742e-08,7.639055547770113e-05,2026092703,energy_half
behavior.2,28,55,1.1175870895385742e-08,0.00013810386008117348,2026092703,energy_half
time.0,28,56,2.2351741790771484e-08,0.0005954545340500772,2026092703,energy_half
time.1,28,56,1.4901161193847656e-08,0.0002282017085235566,2026092703,energy_half
time.2,28,56,2.9802322387695312e-08,0.0010637578088790178,2026092703,energy_half
behavior.0,28,56,1.4901161193847656e-08,0.00023500077077187598,2026092703,energy_half
behavior.1,28,56,1.1175870895385742e-08,8.132979564834386e-05,2026092703,energy_half
behavior.2,28,56,1.4901161193847656e-08,0.0001454056182410568,2026092703,energy_half
time.0,28,57,2.2351741790771484e-08,0.000604498665779829,2026092703,energy_half
time.1,28,57,1.4901161193847656e-08,0.0002437429502606392,2026092703,energy_half
time.2,28,57,1.4901161193847656e-08,0.0011524189030751586,2026092703,energy_half
behavior.0,28,57,1.4901161193847656e-08,0.00023341068299487233,2026092703,energy_half
behavior.1,28,57,1.1175870895385742e-08,8.116835670080036e-05,2026092703,energy_half
behavior.2,28,57,1.4901161193847656e-08,0.00015710809384472668,2026092703,energy_half
time.0,28,58,1.4901161193847656e-08,0.0005393091705627739,2026092703,energy_half
time.1,28,58,1.4901161193847656e-08,0.00020599263370968401,2026092703,energy_half
time.2,28,58,2.9802322387695312e-08,0.0010177507065236568,2026092703,energy_half
behavior.0,28,58,1.4901161193847656e-08,0.00025697145611047745,2026092703,energy_half
behavior.1,28,58,1.1175870895385742e-08,7.366515637841076e-05,2026092703,energy_half
behavior.2,28,58,1.4901161193847656e-08,0.0001740835577948019,2026092703,energy_half
time.0,28,59,1.4901161193847656e-08,0.0005706198862753808,2026092703,energy_half
time.1,28,59,1.1175870895385742e-08,0.0002056966332020238,2026092703,energy_half
time.2,28,59,2.9802322387695312e-08,0.001031187828630209,2026092703,energy_half
behavior.0,28,59,1.4901161193847656e-08,0.0002237746666651219,2026092703,energy_half
behavior.1,28,59,1.1175870895385742e-08,7.468913099728525e-05,2026092703,energy_half
behavior.2,28,59,1.4901161193847656e-08,0.00014722012565471232,2026092703,energy_half
time.0,28,60,2.9802322387695312e-08,0.0006340313702821732,2026092703,energy_half
time.1,28,60,1.1175870895385742e-08,0.00021598937746603042,2026092703,energy_half
time.2,28,60,2.9802322387695312e-08,0.0010856816079467535,2026092703,energy_half
behavior.0,28,60,1.4901161193847656e-08,0.0002401103702140972,2026092703,energy_half
behavior.1,28,60,7.450580596923828e-09,7.925940735731274e-05,2026092703,energy_half
behavior.2,28,60,1.4901161193847656e-08,0.00013063481310382485,2026092703,energy_half
time.0,28,61,2.2351741790771484e-08,0.0005799524951726198,2026092703,energy_half
time.1,28,61,1.4901161193847656e-08,0.0002008238952839747,2026092703,energy_half
time.2,28,61,2.9802322387695312e-08,0.0010758695425465703,2026092703,energy_half
behavior.0,28,61,1.4901161193847656e-08,0.00023573351791128516,2026092703,energy_half
behavior.1,28,61,7.450580596923828e-09,7.618001836817712e-05,2026092703,energy_half
behavior.2,28,61,1.1175870895385742e-08,0.00014774098235648125,2026092703,energy_half
time.0,28,62,1.4901161193847656e-08,0.0005803292151540518,2026092703,energy_half
time.1,28,62,1.4901161193847656e-08,0.00021213688887655735,2026092703,energy_half
time.2,28,62,2.9802322387695312e-08,0.0010830499231815338,2026092703,energy_half
behavior.0,28,62,1.4901161193847656e-08,0.0002296866150572896,2026092703,energy_half
behavior.1,28,62,1.1175870895385742e-08,8.008033910300583e-05,2026092703,energy_half
behavior.2,28,62,1.1175870895385742e-08,0.0001497352059232071,2026092703,energy_half
time.0,28,63,1.4901161193847656e-08,0.0006025409675203264,2026092703,energy_half
time.1,28,63,2.2351741790771484e-08,0.00022195362544152886,2026092703,energy_half
time.2,28,63,4.470348358154297e-08,0.0011487007141113281,2026092703,energy_half
behavior.0,28,63,1.4901161193847656e-08,0.00025192389148287475,2026092703,energy_half
behavior.1,28,63,7.450580596923828e-09,8.070270996540785e-05,2026092703,energy_half
behavior.2,28,63,1.4901161193847656e-08,0.00014279712922871113,2026092703,energy_half
time.0,28,64,1.4901161193847656e-08,0.0006936675636097789,2026092703,energy_half
time.1,28,64,1.1175870895385742e-08,0.0002442027616780251,2026092703,energy_half
time.2,28,64,4.470348358154297e-08,0.0012204197701066732,2026092703,energy_half
behavior.0,28,64,1.4901161193847656e-08,0.0002512418432161212,2026092703,energy_half
behavior.1,28,64,1.1175870895385742e-08,8.702972263563424e-05,2026092703,energy_half
behavior.2,28,64,1.1175870895385742e-08,0.00016233969654422253,2026092703,energy_half
time.0,28,65,2.2351741790771484e-08,0.0005879037780687213,2026092703,energy_half
time.1,28,65,1.1175870895385742e-08,0.00020158207917120308,2026092703,energy_half
time.2,28,65,2.9802322387695312e-08,0.001041919575072825,2026092703,energy_half
behavior.0,28,65,1.4901161193847656e-08,0.00024878885596990585,2026092703,energy_half
behavior.1,28,65,7.450580596923828e-09,8.171056106220931e-05,2026092703,energy_half
behavior.2,28,65,1.1175870895385742e-08,0.00015738437650725245,2026092703,energy_half
time.0,28,66,2.9802322387695312e-08,0.000653144670650363,2026092703,energy_half
time.1,28,66,1.4901161193847656e-08,0.00023204466560855508,2026092703,energy_half
time.2,28,66,2.9802322387695312e-08,0.001151679432950914,2026092703,energy_half
behavior.0,28,66,1.4901161193847656e-08,0.00025559935602359474,2026092703,energy_half
behavior.1,28,66,7.450580596923828e-09,7.353993714787066e-05,2026092703,energy_half
behavior.2,28,66,1.1175870895385742e-08,0.00015169079415500164,2026092703,energy_half
time.0,28,67,2.2351741790771484e-08,0.000567216775380075,2026092703,energy_half
time.1,28,67,1.4901161193847656e-08,0.0002111700887326151,2026092703,energy_half
time.2,28,67,2.9802322387695312e-08,0.0009877390693873167,2026092703,energy_half
behavior.0,28,67,1.4901161193847656e-08,0.00023405933461617678,2026092703,energy_half
behavior.1,28,67,1.1175870895385742e-08,7.38839662517421e-05,2026092703,energy_half
behavior.2,28,67,1.4901161193847656e-08,0.0001433948054909706,2026092703,energy_half
time.0,28,68,1.4901161193847656e-08,0.0006324343848973513,2026092703,energy_half
time.1,28,68,1.1175870895385742e-08,0.0002417019713902846,2026092703,energy_half
time.2,28,68,2.9802322387695312e-08,0.00117125129327178,2026092703,energy_half
behavior.0,28,68,1.4901161193847656e-08,0.00022050805273465812,2026092703,energy_half
behavior.1,28,68,1.4901161193847656e-08,8.856730710249394e-05,2026092703,energy_half
behavior.2,28,68,1.4901161193847656e-08,0.00012812638306058943,2026092703,energy_half
time.0,28,69,2.2351741790771484e-08,0.0006262929528020322,2026092703,energy_half
time.1,28,69,1.4901161193847656e-08,0.00024312747700605541,2026092703,energy_half
time.2,28,69,2.9802322387695312e-08,0.0012024862226098776,2026092703,energy_half
behavior.0,28,69,1.4901161193847656e-08,0.00024414443760178983,2026092703,energy_half
behavior.1,28,69,1.1175870895385742e-08,7.955565524753183e-05,2026092703,energy_half
behavior.2,28,69,1.4901161193847656e-08,0.0001546704297652468,2026092703,energy_half
time.0,28,70,1.4901161193847656e-08,0.0006407241453416646,2026092703,energy_half
time.1,28,70,1.4901161193847656e-08,0.0002612796379253268,2026092703,energy_half
time.2,28,70,2.9802322387695312e-08,0.0013037953758612275,2026092703,energy_half
behavior.0,28,70,1.4901161193847656e-08,0.0002266840892843902,2026092703,energy_half
behavior.1,28,70,1.1175870895385742e-08,7.902641664259136e-05,2026092703,energy_half
behavior.2,28,70,2.2351741790771484e-08,0.00013364703045226634,2026092703,energy_half
time.0,28,71,2.2351741790771484e-08,0.0005238067824393511,2026092703,energy_half
time.1,28,71,1.4901161193847656e-08,0.00021119689336046576,2026092703,energy_half
time.2,28,71,2.9802322387695312e-08,0.0009725804557092488,2026092703,energy_half
behavior.0,28,71,2.2351741790771484e-08,0.00024580155150033534,2026092703,energy_half
behavior.1,28,71,1.1175870895385742e-08,8.068172610364854e-05,2026092703,energy_half
behavior.2,28,71,1.4901161193847656e-08,0.00016278945258818567,2026092703,energy_half
time.0,28,72,2.2351741790771484e-08,0.0005624974146485329,2026092703,energy_half
time.1,28,72,1.4901161193847656e-08,0.00021963745530229062,2026092703,energy_half
time.2,28,72,2.9802322387695312e-08,0.0010294652311131358,2026092703,energy_half
behavior.0,28,72,1.4901161193847656e-08,0.00025447740335948765,2026092703,energy_half
behavior.1,28,72,1.4901161193847656e-08,7.813969568815082e-05,2026092703,energy_half
behavior.2,28,72,1.4901161193847656e-08,0.00016162151587195694,2026092703,energy_half
time.0,28,73,2.2351741790771484e-08,0.0006243367097340524,2026092703,energy_half
time.1,28,73,1.4901161193847656e-08,0.00023215827241074294,2026092703,energy_half
time.2,28,73,2.9802322387695312e-08,0.0010855671716853976,2026092703,energy_half
behavior.0,28,73,1.4901161193847656e-08,0.00023534908541478217,2026092703,energy_half
behavior.1,28,73,1.4901161193847656e-08,8.256019646069035e-05,2026092703,energy_half
behavior.2,28,73,1.1175870895385742e-08,0.00013489715638570487,2026092703,energy_half
time.0,28,74,2.2351741790771484e-08,0.0006144027574919164,2026092703,energy_half
time.1,28,74,1.4901161193847656e-08,0.00022566462575923651,2026092703,energy_half
time.2,28,74,2.2351741790771484e-08,0.0010727327316999435,2026092703,energy_half
behavior.0,28,74,1.1175870895385742e-08,0.00023327156668528914,2026092703,energy_half
behavior.1,28,74,1.1175870895385742e-08,8.282296766992658e-05,2026092703,energy_half
behavior.2,28,74,1.1175870895385742e-08,0.00013370480155572295,2026092703,energy_half
time.0,28,75,2.9802322387695312e-08,0.0006184490630403161,2026092703,energy_half
time.1,28,75,1.4901161193847656e-08,0.00024487223709002137,2026092703,energy_half
time.2,28,75,2.9802322387695312e-08,0.001132044242694974,2026092703,energy_half
behavior.0,28,75,1.4901161193847656e-08,0.00023321832122746855,2026092703,energy_half
behavior.1,28,75,7.450580596923828e-09,8.063309360295534e-05,2026092703,energy_half
behavior.2,28,75,1.4901161193847656e-08,0.0001528655702713877,2026092703,energy_half
time.0,28,76,2.2351741790771484e-08,0.0006482230382971466,2026092703,energy_half
time.1,28,76,1.4901161193847656e-08,0.0002525860909372568,2026092703,energy_half
time.2,28,76,2.2351741790771484e-08,0.0011329998960718513,2026092703,energy_half
behavior.0,28,76,1.4901161193847656e-08,0.0002342468942515552,2026092703,energy_half
behavior.1,28,76,1.4901161193847656e-08,7.82795759732835e-05,2026092703,energy_half
behavior.2,28,76,1.4901161193847656e-08,0.00015056288975756615,2026092703,energy_half
time.0,28,77,2.2351741790771484e-08,0.0005948709440417588,2026092703,energy_half
time.1,28,77,1.1175870895385742e-08,0.0002225085045211017,2026092703,energy_half
time.2,28,77,3.725290298461914e-08,0.001053857384249568,2026092703,energy_half
behavior.0,28,77,1.4901161193847656e-08,0.00026746539515443146,2026092703,energy_half
behavior.1,28,77,2.2351741790771484e-08,9.449703065911308e-05,2026092703,energy_half
behavior.2,28,77,1.4901161193847656e-08,0.00017679546726867557,2026092703,energy_half
time.0,28,78,1.4901161193847656e-08,0.0005617761053144932,2026092703,energy_half
time.1,28,78,1.1175870895385742e-08,0.00021407907479442656,2026092703,energy_half
time.2,28,78,2.9802322387695312e-08,0.0010312970262020826,2026092703,energy_half
behavior.0,28,78,1.4901161193847656e-08,0.0002609917428344488,2026092703,energy_half
behavior.1,28,78,1.1175870895385742e-08,7.407483644783497e-05,2026092703,energy_half
behavior.2,28,78,1.1175870895385742e-08,0.00015939507284201682,2026092703,energy_half
time.0,28,79,1.4901161193847656e-08,0.0005242740153335035,2026092703,energy_half
time.1,28,79,2.2351741790771484e-08,0.00019311471260152757,2026092703,energy_half
time.2,28,79,2.9802322387695312e-08,0.0009156623855233192,2026092703,energy_half
behavior.0,28,79,1.4901161193847656e-08,0.00023799805785529315,2026092703,energy_half
behavior.1,28,79,1.1175870895385742e-08,7.509798160754144e-05,2026092703,energy_half
behavior.2,28,79,1.1175870895385742e-08,0.0001474343880545348,2026092703,energy_half
time.0,28,80,2.2351741790771484e-08,0.0006639806088060141,2026092703,energy_half
time.1,28,80,2.2351741790771484e-08,0.00022890853870194405,2026092703,energy_half
time.2,28,80,2.9802322387695312e-08,0.0011807986302301288,2026092703,energy_half
behavior.0,28,80,1.4901161193847656e-08,0.0002722135977819562,2026092703,energy_half
behavior.1,28,80,1.1175870895385742e-08,8.674243872519583e-05,2026092703,energy_half
behavior.2,28,80,1.4901161193847656e-08,0.0001839429751271382,2026092703,energy_half
time.0,28,81,2.2351741790771484e-08,0.0006522458279505372,2026092703,energy_half
time.1,28,81,1.4901161193847656e-08,0.00023839420464355499,2026092703,energy_half
time.2,28,81,2.9802322387695312e-08,0.0011295442236587405,2026092703,energy_half
behavior.0,28,81,2.2351741790771484e-08,0.00024715770268812776,2026092703,energy_half
behavior.1,28,81,2.2351741790771484e-08,8.210982923628762e-05,2026092703,energy_half
behavior.2,28,81,1.1175870895385742e-08,0.00014320193440653384,2026092703,energy_half
time.0,28,82,1.4901161193847656e-08,0.0005823780666105449,2026092703,energy_half
time.1,28,82,1.1175870895385742e-08,0.0002099815901601687,2026092703,energy_half
time.2,28,82,2.9802322387695312e-08,0.0009825089946389198,2026092703,energy_half
behavior.0,28,82,1.4901161193847656e-08,0.0002436801587464288,2026092703,energy_half
behavior.1,28,82,1.1175870895385742e-08,8.122510189423338e-05,2026092703,energy_half
behavior.2,28,82,1.1175870895385742e-08,0.00014875494525767863,2026092703,energy_half
time.0,28,83,1.4901161193847656e-08,0.0006923967157490551,2026092703,energy_half
time.1,28,83,1.4901161193847656e-08,0.0002576684346422553,2026092703,energy_half
time.2,28,83,2.9802322387695312e-08,0.0012012140359729528,2026092703,energy_half
behavior.0,28,83,1.4901161193847656e-08,0.00024730261065997183,2026092703,energy_half
behavior.1,28,83,7.450580596923828e-09,8.15901585156098e-05,2026092703,energy_half
behavior.2,28,83,7.450580596923828e-09,0.0001524777471786365,2026092703,energy_half
time.0,28,84,1.4901161193847656e-08,0.0006220304640009999,2026092703,energy_half
time.1,28,84,1.4901161193847656e-08,0.0002314158045919612,2026092703,energy_half
time.2,28,84,2.9802322387695312e-08,0.001034642569720745,2026092703,energy_half
behavior.0,28,84,1.4901161193847656e-08,0.0002360397920710966,2026092703,energy_half
behavior.1,28,84,1.1175870895385742e-08,8.497221278958023e-05,2026092703,energy_half
behavior.2,28,84,1.4901161193847656e-08,0.00013753071834798902,2026092703,energy_half
time.0,28,85,2.9802322387695312e-08,0.0005548149347305298,2026092703,energy_half
time.1,28,85,1.4901161193847656e-08,0.00021304267283994704,2026092703,energy_half
time.2,28,85,2.2351741790771484e-08,0.0009615126764401793,2026092703,energy_half
behavior.0,28,85,1.4901161193847656e-08,0.0002460636314935982,2026092703,energy_half
behavior.1,28,85,1.1175870895385742e-08,8.721691119717434e-05,2026092703,energy_half
behavior.2,28,85,1.4901161193847656e-08,0.00014062230184208602,2026092703,energy_half
time.0,28,86,1.4901161193847656e-08,0.0005918644601479173,2026092703,energy_half
time.1,28,86,1.4901161193847656e-08,0.00021946956985630095,2026092703,energy_half
time.2,28,86,2.9802322387695312e-08,0.000972687266767025,2026092703,energy_half
behavior.0,28,86,1.4901161193847656e-08,0.00027049696655012667,2026092703,energy_half
behavior.1,28,86,1.4901161193847656e-08,7.579277735203505e-05,2026092703,energy_half
behavior.2,28,86,1.4901161193847656e-08,0.00016212643822655082,2026092703,energy_half
time.0,28,87,2.2351741790771484e-08,0.0005776170874014497,2026092703,energy_half
time.1,28,87,1.4901161193847656e-08,0.00021648617985192686,2026092703,energy_half
time.2,28,87,2.9802322387695312e-08,0.0009301655227318406,2026092703,energy_half
behavior.0,28,87,2.2351741790771484e-08,0.000255403108894825,2026092703,energy_half
behavior.1,28,87,1.1175870895385742e-08,7.45869183447212e-05,2026092703,energy_half
behavior.2,28,87,1.4901161193847656e-08,0.00015667080879211426,2026092703,energy_half
time.0,28,88,1.4901161193847656e-08,0.0005508753820322454,2026092703,energy_half
time.1,28,88,1.4901161193847656e-08,0.00020331903942860663,2026092703,energy_half
time.2,28,88,2.2351741790771484e-08,0.0009075534180738032,2026092703,energy_half
behavior.0,28,88,1.4901161193847656e-08,0.00025656018988229334,2026092703,energy_half
behavior.1,28,88,7.450580596923828e-09,8.05171366664581e-05,2026092703,energy_half
behavior.2,28,88,1.4901161193847656e-08,0.00015968420484568924,2026092703,energy_half
time.0,28,89,1.4901161193847656e-08,0.0005412001628428698,2026092703,energy_half
time.1,28,89,1.4901161193847656e-08,0.0001975883060367778,2026092703,energy_half
time.2,28,89,4.470348358154297e-08,0.0009426751639693975,2026092703,energy_half
behavior.0,28,89,2.2351741790771484e-08,0.00024207725073210895,2026092703,energy_half
behavior.1,28,89,1.1175870895385742e-08,8.003625407582149e-05,2026092703,energy_half
behavior.2,28,89,1.1175870895385742e-08,0.0001368487428408116,2026092703,energy_half
time.0,28,90,2.2351741790771484e-08,0.0005998413544148207,2026092703,energy_half
time.1,28,90,1.4901161193847656e-08,0.00022832810645923018,2026092703,energy_half
time.2,28,90,2.9802322387695312e-08,0.0010247442405670881,2026092703,energy_half
behavior.0,28,90,2.2351741790771484e-08,0.0002547232143115252,2026092703,energy_half
behavior.1,28,90,7.450580596923828e-09,7.186441507656127e-05,2026092703,energy_half
behavior.2,28,90,1.4901161193847656e-08,0.00017190033395309,2026092703,energy_half
time.0,28,91,1.4901161193847656e-08,0.00048485066508874297,2026092703,energy_half
time.1,28,91,1.4901161193847656e-08,0.0001903813681565225,2026092703,energy_half
time.2,28,91,2.2351741790771484e-08,0.0008383315289393067,2026092703,energy_half
behavior.0,28,91,1.4901161193847656e-08,0.00024894988746382296,2026092703,energy_half
behavior.1,28,91,1.1175870895385742e-08,8.134714153129607e-05,2026092703,energy_half
behavior.2,28,91,1.4901161193847656e-08,0.0001528321736259386,2026092703,energy_half
time.0,28,92,2.2351741790771484e-08,0.0005523830186575651,2026092703,energy_half
time.1,28,92,1.4901161193847656e-08,0.00020073264022357762,2026092703,energy_half
time.2,28,92,2.9802322387695312e-08,0.0009314651251770556,2026092703,energy_half
behavior.0,28,92,1.4901161193847656e-08,0.00026345779770053923,2026092703,energy_half
behavior.1,28,92,1.1175870895385742e-08,7.869103137636557e-05,2026092703,energy_half
behavior.2,28,92,1.1175870895385742e-08,0.00016183331899810582,2026092703,energy_half
time.0,28,93,2.2351741790771484e-08,0.0005846495623700321,2026092703,energy_half
time.1,28,93,1.1175870895385742e-08,0.00021979054145049304,2026092703,energy_half
time.2,28,93,2.9802322387695312e-08,0.0010688983602449298,2026092703,energy_half
behavior.0,28,93,1.4901161193847656e-08,0.0002574915415607393,2026092703,energy_half
behavior.1,28,93,1.1175870895385742e-08,8.063183486228809e-05,2026092703,energy_half
behavior.2,28,93,1.4901161193847656e-08,0.00015977458679117262,2026092703,energy_half
time.0,28,94,2.2351741790771484e-08,0.0004989950684830546,2026092703,energy_half
time.1,28,94,1.4901161193847656e-08,0.00018971439567394555,2026092703,energy_half
time.2,28,94,2.9802322387695312e-08,0.0009214335586875677,2026092703,energy_half
behavior.0,28,94,1.4901161193847656e-08,0.00024504130124114454,2026092703,energy_half
behavior.1,28,94,1.1175870895385742e-08,7.654679211555049e-05,2026092703,energy_half
behavior.2,28,94,1.1175870895385742e-08,0.00015468188212253153,2026092703,energy_half
time.0,28,95,2.2351741790771484e-08,0.0006356153753586113,2026092703,energy_half
time.1,28,95,2.2351741790771484e-08,0.0002454372588545084,2026092703,energy_half
time.2,28,95,2.9802322387695312e-08,0.001164944376796484,2026092703,energy_half
behavior.0,28,95,1.4901161193847656e-08,0.000235525265452452,2026092703,energy_half
behavior.1,28,95,1.1175870895385742e-08,7.855651347199455e-05,2026092703,energy_half
behavior.2,28,95,1.4901161193847656e-08,0.00014389539137482643,2026092703,energy_half
time.0,28,96,1.4901161193847656e-08,0.0005943839787505567,2026092703,energy_half
time.1,28,96,1.4901161193847656e-08,0.00022437027655541897,2026092703,energy_half
time.2,28,96,2.9802322387695312e-08,0.0010511628352105618,2026092703,energy_half
behavior.0,28,96,2.2351741790771484e-08,0.0002483639109414071,2026092703,energy_half
behavior.1,28,96,1.1175870895385742e-08,8.190741209546104e-05,2026092703,energy_half
behavior.2,28,96,7.450580596923828e-09,0.0001468926202505827,2026092703,energy_half
time.0,28,97,2.2351741790771484e-08,0.0006127533270046115,2026092703,energy_half
time.1,28,97,1.4901161193847656e-08,0.000231111393077299,2026092703,energy_half
time.2,28,97,2.9802322387695312e-08,0.0010191657347604632,2026092703,energy_half
behavior.0,28,97,1.4901161193847656e-08,0.0002537677646614611,2026092703,energy_half
behavior.1,28,97,1.4901161193847656e-08,8.405062544625252e-05,2026092703,energy_half
behavior.2,28,97,1.4901161193847656e-08,0.0001722156594041735,2026092703,energy_half
time.0,28,98,2.2351741790771484e-08,0.0005467766313813627,2026092703,energy_half
time.1,28,98,1.4901161193847656e-08,0.0002077523822663352,2026092703,energy_half
time.2,28,98,2.9802322387695312e-08,0.0009412725339643657,2026092703,energy_half
behavior.0,28,98,1.4901161193847656e-08,0.0002320872590644285,2026092703,energy_half
behavior.1,28,98,1.1175870895385742e-08,8.122365397866815e-05,2026092703,energy_half
behavior.2,28,98,1.4901161193847656e-08,0.00014044708223082125,2026092703,energy_half
time.0,28,99,1.4901161193847656e-08,0.000581375090405345,2026092703,energy_half
time.1,28,99,1.4901161193847656e-08,0.00020768860122188926,2026092703,energy_half
time.2,28,99,2.9802322387695312e-08,0.0009854253148660064,2026092703,energy_half
behavior.0,28,99,1.4901161193847656e-08,0.000264803966274485,2026092703,energy_half
behavior.1,28,99,1.1175870895385742e-08,8.16670071799308e-05,2026092703,energy_half
behavior.2,28,99,1.4901161193847656e-08,0.00014201861631590873,2026092703,energy_half
time.0,28,100,2.2351741790771484e-08,0.0005977865075692534,2026092703,energy_half
time.1,28,100,1.4901161193847656e-08,0.00021550976089201868,2026092703,energy_half
time.2,28,100,2.9802322387695312e-08,0.0009709069272503257,2026092703,energy_half
behavior.0,28,100,1.4901161193847656e-08,0.000249219941906631,2026092703,energy_half
behavior.1,28,100,1.1175870895385742e-08,8.334868471138179e-05,2026092703,energy_half
behavior.2,28,100,1.1175870895385742e-08,0.00014781772915739566,2026092703,energy_half
time.0,28,101,1.4901161193847656e-08,0.0005951616913080215,2026092703,energy_half
time.1,28,101,1.4901161193847656e-08,0.00021406321320682764,2026092703,energy_half
time.2,28,101,2.9802322387695312e-08,0.0010026701493188739,2026092703,energy_half
behavior.0,28,101,1.4901161193847656e-08,0.00022570222790818661,2026092703,energy_half
behavior.1,28,101,1.1175870895385742e-08,7.655839726794511e-05,2026092703,energy_half
behavior.2,28,101,1.4901161193847656e-08,0.00013914413284510374,2026092703,energy_half
time.0,28,102,1.4901161193847656e-08,0.0006154945585876703,2026092703,energy_half
time.1,28,102,1.4901161193847656e-08,0.0002288344840053469,2026092703,energy_half
time.2,28,102,2.9802322387695312e-08,0.0010267709149047732,2026092703,energy_half
behavior.0,28,102,1.4901161193847656e-08,0.00023977950331754982,2026092703,energy_half
behavior.1,28,102,1.1175870895385742e-08,7.793444819981232e-05,2026092703,energy_half
behavior.2,28,102,1.1175870895385742e-08,0.0001345320779364556,2026092703,energy_half
time.0,28,103,2.2351741790771484e-08,0.0005690017715096474,2026092703,energy_half
time.1,28,103,1.4901161193847656e-08,0.000210379104828462,2026092703,energy_half
time.2,28,103,2.9802322387695312e-08,0.000926937791518867,2026092703,energy_half
behavior.0,28,103,1.4901161193847656e-08,0.0002577397972345352,2026092703,energy_half
behavior.1,28,103,1.1175870895385742e-08,7.756809645798057e-05,2026092703,energy_half
behavior.2,28,103,1.4901161193847656e-08,0.0001384035567753017,2026092703,energy_half
time.0,28,104,2.2351741790771484e-08,0.0005421185051091015,2026092703,energy_half
time.1,28,104,1.1175870895385742e-08,0.00019552638696040958,2026092703,energy_half
time.2,28,104,2.2351741790771484e-08,0.0008765749516896904,2026092703,energy_half
behavior.0,28,104,1.4901161193847656e-08,0.00022828324290458113,2026092703,energy_half
behavior.1,28,104,1.4901161193847656e-08,7.81804119469598e-05,2026092703,energy_half
behavior.2,28,104,1.4901161193847656e-08,0.00013432577543426305,2026092703,energy_half
time.0,28,105,1.4901161193847656e-08,0.0005606668419204652,2026092703,energy_half
time.1,28,105,1.1175870895385742e-08,0.00023126477026380599,2026092703,energy_half
time.2,28,105,4.470348358154297e-08,0.0010820666793733835,2026092703,energy_half
behavior.0,28,105,1.4901161193847656e-08,0.0002569998032413423,2026092703,energy_half
behavior.1,28,105,1.1175870895385742e-08,7.29417079128325e-05,2026092703,energy_half
behavior.2,28,105,1.4901161193847656e-08,0.00017800102068576962,2026092703,energy_half
time.0,28,106,2.2351741790771484e-08,0.0005465022986754775,2026092703,energy_half
time.1,28,106,1.4901161193847656e-08,0.0002182225725846365,2026092703,energy_half
time.2,28,106,2.9802322387695312e-08,0.0009764268761500716,2026092703,energy_half
behavior.0,28,106,1.4901161193847656e-08,0.0002571256773080677,2026092703,energy_half
behavior.1,28,106,1.1175870895385742e-08,8.335409074788913e-05,2026092703,energy_half
behavior.2,28,106,1.4901161193847656e-08,0.00015942027675919235,2026092703,energy_half
time.0,28,107,2.9802322387695312e-08,0.0005940053379163146,2026092703,energy_half
time.1,28,107,1.4901161193847656e-08,0.0002381689555477351,2026092703,energy_half
time.2,28,107,2.9802322387695312e-08,0.0010424545034766197,2026092703,energy_half
behavior.0,28,107,1.4901161193847656e-08,0.00023986116866581142,2026092703,energy_half
behavior.1,28,107,1.4901161193847656e-08,8.188158244593069e-05,2026092703,energy_half
behavior.2,28,107,1.4901161193847656e-08,0.0001373093546135351,2026092703,energy_half
time.0,28,108,2.2351741790771484e-08,0.0005535173113457859,2026092703,energy_half
time.1,28,108,1.1175870895385742e-08,0.00021128753724042326,2026092703,energy_half
time.2,28,108,2.9802322387695312e-08,0.0009681580122560263,2026092703,energy_half
behavior.0,28,108,1.4901161193847656e-08,0.0002590704243630171,2026092703,energy_half
behavior.1,28,108,7.450580596923828e-09,7.72946877987124e-05,2026092703,energy_half
behavior.2,28,108,1.1175870895385742e-08,0.00016114857862703502,2026092703,energy_half
time.0,28,109,1.4901161193847656e-08,0.0005894626956433058,2026092703,energy_half
time.1,28,109,1.4901161193847656e-08,0.00023230903025250882,2026092703,energy_half
time.2,28,109,2.9802322387695312e-08,0.0010546112898737192,2026092703,energy_half
behavior.0,28,109,1.4901161193847656e-08,0.00026439432986080647,2026092703,energy_half
behavior.1,28,109,7.450580596923828e-09,7.84756412031129e-05,2026092703,energy_half
behavior.2,28,109,1.4901161193847656e-08,0.00016140786465257406,2026092703,energy_half
time.0,28,110,2.2351741790771484e-08,0.0006367007154040039,2026092703,energy_half
time.1,28,110,1.4901161193847656e-08,0.00024460707209073007,2026092703,energy_half
time.2,28,110,2.9802322387695312e-08,0.0011006726417690516,2026092703,energy_half
behavior.0,28,110,1.4901161193847656e-08,0.00024235964519903064,2026092703,energy_half
behavior.1,28,110,7.450580596923828e-09,7.440263289026916e-05,2026092703,energy_half
behavior.2,28,110,1.4901161193847656e-08,0.0001226176682393998,2026092703,energy_half
time.0,28,111,2.9802322387695312e-08,0.0006097020814195275,2026092703,energy_half
time.1,28,111,1.4901161193847656e-08,0.0002399674558546394,2026092703,energy_half
time.2,28,111,2.9802322387695312e-08,0.001120150787755847,2026092703,energy_half
behavior.0,28,111,1.4901161193847656e-08,0.00024401537666562945,2026092703,energy_half
behavior.1,28,111,1.1175870895385742e-08,7.797667058184743e-05,2026092703,energy_half
behavior.2,28,111,1.4901161193847656e-08,0.0001268907799385488,2026092703,energy_half
time.0,28,112,1.4901161193847656e-08,0.0006294928607530892,2026092703,energy_half
time.1,28,112,1.4901161193847656e-08,0.00024455448146909475,2026092703,energy_half
time.2,28,112,2.9802322387695312e-08,0.0010811256943270564,2026092703,energy_half
behavior.0,28,112,1.4901161193847656e-08,0.00024066826154012233,2026092703,energy_half
behavior.1,28,112,1.1175870895385742e-08,7.602952973684296e-05,2026092703,energy_half
behavior.2,28,112,1.4901161193847656e-08,0.00015131389955058694,2026092703,energy_half
time.0,28,113,1.4901161193847656e-08,0.0006282200920395553,2026092703,energy_half
time.1,28,113,2.2351741790771484e-08,0.0002524633891880512,2026092703,energy_half
time.2,28,113,2.9802322387695312e-08,0.0011706905206665397,2026092703,energy_half
behavior.0,28,113,1.4901161193847656e-08,0.00023568364849779755,2026092703,energy_half
behavior.1,28,113,1.1175870895385742e-08,8.374200842808932e-05,2026092703,energy_half
behavior.2,28,113,1.4901161193847656e-08,0.0001517529017291963,2026092703,energy_half
time.0,28,114,1.4901161193847656e-08,0.0005819537909701467,2026092703,energy_half
time.1,28,114,1.4901161193847656e-08,0.00023258288274519145,2026092703,energy_half
time.2,28,114,2.9802322387695312e-08,0.0011218538274988532,2026092703,energy_half
behavior.0,28,114,1.4901161193847656e-08,0.00024244721862487495,2026092703,energy_half
behavior.1,28,114,1.1175870895385742e-08,7.283336890395731e-05,2026092703,energy_half
behavior.2,28,114,1.1175870895385742e-08,0.00014706063666380942,2026092703,energy_half
time.0,28,115,1.4901161193847656e-08,0.0005763646331615746,2026092703,energy_half
time.1,28,115,1.4901161193847656e-08,0.00023514730855822563,2026092703,energy_half
time.2,28,115,4.470348358154297e-08,0.0010151255410164595,2026092703,energy_half
behavior.0,28,115,1.4901161193847656e-08,0.00025604781694710255,2026092703,energy_half
behavior.1,28,115,1.1175870895385742e-08,7.598197407787666e-05,2026092703,energy_half
behavior.2,28,115,1.4901161193847656e-08,0.00016943755326792598,2026092703,energy_half
time.0,28,116,1.4901161193847656e-08,0.0005208882503211498,2026092703,energy_half
time.1,28,116,1.4901161193847656e-08,0.00021034195378888398,2026092703,energy_half
time.2,28,116,2.9802322387695312e-08,0.0009370428742840886,2026092703,energy_half
behavior.0,28,116,1.4901161193847656e-08,0.000252563098911196,2026092703,energy_half
behavior.1,28,116,1.1175870895385742e-08,8.00384659669362e-05,2026092703,energy_half
behavior.2,28,116,1.4901161193847656e-08,0.00014863097749184817,2026092703,energy_half
time.0,28,117,2.9802322387695312e-08,0.0005835032789036632,2026092703,energy_half
time.1,28,117,1.4901161193847656e-08,0.00022805636399425566,2026092703,energy_half
time.2,28,117,2.9802322387695312e-08,0.001001128926873207,2026092703,energy_half
behavior.0,28,117,1.4901161193847656e-08,0.0002728942781686783,2026092703,energy_half
behavior.1,28,117,1.1175870895385742e-08,7.570868183393031e-05,2026092703,energy_half
behavior.2,28,117,1.4901161193847656e-08,0.00015244900714606047,2026092703,energy_half
time.0,28,118,2.9802322387695312e-08,0.0005968211335130036,2026092703,energy_half
time.1,28,118,1.4901161193847656e-08,0.0002273693826282397,2026092703,energy_half
time.2,28,118,2.9802322387695312e-08,0.0010015054140239954,2026092703,energy_half
behavior.0,28,118,1.4901161193847656e-08,0.00025308632757514715,2026092703,energy_half
behavior.1,28,118,1.1175870895385742e-08,7.887786341598257e-05,2026092703,energy_half
behavior.2,28,118,1.4901161193847656e-08,0.00015570432879030704,2026092703,energy_half
time.0,28,119,2.2351741790771484e-08,0.0006944826454855502,2026092703,energy_half
time.1,28,119,2.2351741790771484e-08,0.00026431132573634386,2026092703,energy_half
time.2,28,119,2.9802322387695312e-08,0.0011191950179636478,2026092703,energy_half
behavior.0,28,119,1.4901161193847656e-08,0.00024757138453423977,2026092703,energy_half
behavior.1,28,119,1.1175870895385742e-08,7.942538650240749e-05,2026092703,energy_half
behavior.2,28,119,1.4901161193847656e-08,0.0001500837825005874,2026092703,energy_half
time.0,28,120,1.4901161193847656e-08,0.0005406862474046648,2026092703,energy_half
time.1,28,120,1.4901161193847656e-08,0.00020842179947067052,2026092703,energy_half
time.2,28,120,2.9802322387695312e-08,0.0009577891905792058,2026092703,energy_half
behavior.0,28,120,1.4901161193847656e-08,0.00025515726883895695,2026092703,energy_half
behavior.1,28,120,7.450580596923828e-09,8.083178545348346e-05,2026092703,energy_half
behavior.2,28,120,1.4901161193847656e-08,0.00015502456517424434,2026092703,energy_half
time.0,28,121,2.2351741790771484e-08,0.0006367045571096241,2026092703,energy_half
time.1,28,121,2.2351741790771484e-08,0.00024733494501560926,2026092703,energy_half
time.2,28,121,2.9802322387695312e-08,0.001056775450706482,2026092703,energy_half
behavior.0,28,121,1.4901161193847656e-08,0.00026365547091700137,2026092703,energy_half
behavior.1,28,121,1.1175870895385742e-08,8.243026968557388e-05,2026092703,energy_half
behavior.2,28,121,1.1175870895385742e-08,0.0001624141150387004,2026092703,energy_half
time.0,28,122,1.4901161193847656e-08,0.0005962477880530059,2026092703,energy_half
time.1,28,122,1.1175870895385742e-08,0.00023598347615916282,2026092703,energy_half
time.2,28,122,2.9802322387695312e-08,0.0010334240505471826,2026092703,energy_half
behavior.0,28,122,1.4901161193847656e-08,0.0002803221868816763,2026092703,energy_half
behavior.1,28,122,1.4901161193847656e-08,7.421211194014177e-05,2026092703,energy_half
behavior.2,28,122,1.1175870895385742e-08,0.00016535453323740512,2026092703,energy_half
time.0,28,123,2.9802322387695312e-08,0.0006298910011537373,2026092703,energy_half
time.1,28,123,2.2351741790771484e-08,0.0002530545461922884,2026092703,energy_half
time.2,28,123,2.9802322387695312e-08,0.0010660223197191954,2026092703,energy_half
behavior.0,28,123,1.4901161193847656e-08,0.000243760907324031,2026092703,energy_half
behavior.1,28,123,1.1175870895385742e-08,7.667495810892433e-05,2026092703,energy_half
behavior.2,28,123,1.1175870895385742e-08,0.0001422361092409119,2026092703,energy_half
time.0,28,124,2.2351741790771484e-08,0.0005675001302734017,2026092703,energy_half
time.1,28,124,1.4901161193847656e-08,0.00023304953356273472,2026092703,energy_half
time.2,28,124,2.9802322387695312e-08,0.0010056889150291681,2026092703,energy_half
behavior.0,28,124,1.4901161193847656e-08,0.0002488569589331746,2026092703,energy_half
behavior.1,28,124,1.1175870895385742e-08,7.573332550236955e-05,2026092703,energy_half
behavior.2,28,124,1.4901161193847656e-08,0.00014728504174854606,2026092703,energy_half
time.0,28,125,1.4901161193847656e-08,0.0005431920289993286,2026092703,energy_half
time.1,28,125,1.4901161193847656e-08,0.00021947473578620702,2026092703,energy_half
time.2,28,125,2.9802322387695312e-08,0.0010046014795079827,2026092703,energy_half
behavior.0,28,125,1.4901161193847656e-08,0.00024543103063479066,2026092703,energy_half
behavior.1,28,125,1.1175870895385742e-08,8.399169746553525e-05,2026092703,energy_half
behavior.2,28,125,1.1175870895385742e-08,0.000139462121296674,2026092703,energy_half
time.0,28,126,2.9802322387695312e-08,0.0005940437549725175,2026092703,energy_half
time.1,28,126,1.4901161193847656e-08,0.00023656495613977313,2026092703,energy_half
time.2,28,126,2.9802322387695312e-08,0.00106686947401613,2026092703,energy_half
behavior.0,28,126,1.4901161193847656e-08,0.0002474873326718807,2026092703,energy_half
behavior.1,28,126,7.450580596923828e-09,7.882629870437086e-05,2026092703,energy_half
behavior.2,28,126,1.1175870895385742e-08,0.00014646464842371643,2026092703,energy_half
time.0,28,127,2.2351741790771484e-08,0.00056641356786713,2026092703,energy_half
time.1,28,127,1.4901161193847656e-08,0.00023341669293586165,2026092703,energy_half
time.2,28,127,2.9802322387695312e-08,0.0010738823330029845,2026092703,energy_half
behavior.0,28,127,2.2351741790771484e-08,0.0002482820418663323,2026092703,energy_half
behavior.1,28,127,1.1175870895385742e-08,7.994454790605232e-05,2026092703,energy_half
behavior.2,28,127,1.4901161193847656e-08,0.00014779157936573029,2026092703,energy_half
time.0,28,128,1.4901161193847656e-08,0.0005302773206494749,2026092703,energy_half
time.1,28,128,7.450580596923828e-09,0.00020825534011237323,2026092703,energy_half
time.2,28,128,2.2351741790771484e-08,0.0009493379620835185,2026092703,energy_half
behavior.0,28,128,1.4901161193847656e-08,0.00026029429864138365,2026092703,energy_half
behavior.1,28,128,1.1175870895385742e-08,8.190327935153618e-05,2026092703,energy_half
behavior.2,28,128,7.450580596923828e-09,0.00016157871868927032,2026092703,energy_half
time.0,28,129,2.2351741790771484e-08,0.0006101701292209327,2026092703,energy_half
time.1,28,129,1.4901161193847656e-08,0.0002458245726302266,2026092703,energy_half
time.2,28,129,2.9802322387695312e-08,0.0011010614689439535,2026092703,energy_half
behavior.0,28,129,1.4901161193847656e-08,0.0002702638739719987,2026092703,energy_half
behavior.1,28,129,7.450580596923828e-09,7.679565896978602e-05,2026092703,energy_half
behavior.2,28,129,1.4901161193847656e-08,0.00015447125770151615,2026092703,energy_half
time.0,28,130,2.2351741790771484e-08,0.0006174730369821191,2026092703,energy_half
time.1,28,130,1.4901161193847656e-08,0.00024150859098881483,2026092703,energy_half
time.2,28,130,2.9802322387695312e-08,0.001044158823788166,2026092703,energy_half
behavior.0,28,130,1.4901161193847656e-08,0.00024509517243131995,2026092703,energy_half
behavior.1,28,130,1.1175870895385742e-08,8.411564340349287e-05,2026092703,energy_half
behavior.2,28,130,1.4901161193847656e-08,0.00015235584578476846,2026092703,energy_half
time.0,28,131,2.2351741790771484e-08,0.0006199543131515384,2026092703,energy_half
time.1,28,131,1.4901161193847656e-08,0.00025703865685500205,2026092703,energy_half
time.2,28,131,2.9802322387695312e-08,0.0010885664960369468,2026092703,energy_half
behavior.0,28,131,1.4901161193847656e-08,0.00026396202156320214,2026092703,energy_half
behavior.1,28,131,1.4901161193847656e-08,9.142226917902008e-05,2026092703,energy_half
behavior.2,28,131,1.1175870895385742e-08,0.0001461908977944404,2026092703,energy_half
time.0,28,132,1.4901161193847656e-08,0.0006514605483971536,2026092703,energy_half
time.1,28,132,1.4901161193847656e-08,0.00027314675389789045,2026092703,energy_half
time.2,28,132,2.9802322387695312e-08,0.0011842412641271949,2026092703,energy_half
behavior.0,28,132,2.2351741790771484e-08,0.00024009865592233837,2026092703,energy_half
behavior.1,28,132,1.1175870895385742e-08,9.256524936063215e-05,2026092703,energy_half
behavior.2,28,132,7.450580596923828e-09,0.00013764246250502765,2026092703,energy_half
time.0,28,133,2.2351741790771484e-08,0.0005309699918143451,2026092703,energy_half
time.1,28,133,1.4901161193847656e-08,0.00021267992269713432,2026092703,energy_half
time.2,28,133,2.2351741790771484e-08,0.0009661217336542904,2026092703,energy_half
behavior.0,28,133,1.4901161193847656e-08,0.00025261411792598665,2026092703,energy_half
behavior.1,28,133,1.4901161193847656e-08,8.053412602748722e-05,2026092703,energy_half
behavior.2,28,133,1.4901161193847656e-08,0.00014861507224850357,2026092703,energy_half
time.0,28,134,1.4901161193847656e-08,0.0005736193852499127,2026092703,energy_half
time.1,28,134,1.4901161193847656e-08,0.00022801492013968527,2026092703,energy_half
time.2,28,134,2.2351741790771484e-08,0.001041827374137938,2026092703,energy_half
behavior.0,28,134,1.4901161193847656e-08,0.00023942574625834823,2026092703,energy_half
behavior.1,28,134,1.1175870895385742e-08,7.932461448945105e-05,2026092703,energy_half
behavior.2,28,134,7.450580596923828e-09,0.00014084222493693233,2026092703,energy_half
time.0,28,135,2.9802322387695312e-08,0.0006353933713398874,2026092703,energy_half
time.1,28,135,1.4901161193847656e-08,0.00025529309641569853,2026092703,energy_half
time.2,28,135,2.9802322387695312e-08,0.0011836551129817963,2026092703,energy_half
behavior.0,28,135,1.4901161193847656e-08,0.000253166479524225,2026092703,energy_half
behavior.1,28,135,1.4901161193847656e-08,7.739234570180997e-05,2026092703,energy_half
behavior.2,28,135,1.1175870895385742e-08,0.00014648408978246152,2026092703,energy_half
time.0,28,136,2.9802322387695312e-08,0.0006048654904589057,2026092703,energy_half
time.1,28,136,1.1175870895385742e-08,0.00024136764113791287,2026092703,energy_half
time.2,28,136,2.9802322387695312e-08,0.0011648634681478143,2026092703,energy_half
behavior.0,28,136,1.4901161193847656e-08,0.00027405822766013443,2026092703,energy_half
behavior.1,28,136,1.4901161193847656e-08,8.18765111034736e-05,2026092703,energy_half
behavior.2,28,136,1.1175870895385742e-08,0.00015573004202451557,2026092703,energy_half
time.0,28,137,1.4901161193847656e-08,0.0004928989219479263,2026092703,energy_half
time.1,28,137,1.4901161193847656e-08,0.00019595082267187536,2026092703,energy_half
time.2,28,137,2.9802322387695312e-08,0.0008422252722084522,2026092703,energy_half
behavior.0,28,137,1.4901161193847656e-08,0.0002438284718664363,2026092703,energy_half
behavior.1,28,137,1.1175870895385742e-08,8.011958561837673e-05,2026092703,energy_half
behavior.2,28,137,1.4901161193847656e-08,0.00015506039198953658,2026092703,energy_half
time.0,28,138,2.2351741790771484e-08,0.0005375649780035019,2026092703,energy_half
time.1,28,138,1.4901161193847656e-08,0.00021559689776040614,2026092703,energy_half
time.2,28,138,2.9802322387695312e-08,0.0009567744564265013,2026092703,energy_half
behavior.0,28,138,1.4901161193847656e-08,0.00027916469844058156,2026092703,energy_half
behavior.1,28,138,1.1175870895385742e-08,7.910457497928292e-05,2026092703,energy_half
behavior.2,28,138,1.4901161193847656e-08,0.00017393856251146644,2026092703,energy_half
time.0,28,139,2.2351741790771484e-08,0.0006176719325594604,2026092703,energy_half
time.1,28,139,1.4901161193847656e-08,0.0002485512231942266,2026092703,energy_half
time.2,28,139,2.9802322387695312e-08,0.0010910403216257691,2026092703,energy_half
behavior.0,28,139,1.4901161193847656e-08,0.0002434735361021012,2026092703,energy_half
behavior.1,28,139,1.1175870895385742e-08,8.261849143309519e-05,2026092703,energy_half
behavior.2,28,139,1.4901161193847656e-08,0.00013288657646626234,2026092703,energy_half
time.0,28,140,1.4901161193847656e-08,0.0004927049740217626,2026092703,energy_half
time.1,28,140,1.4901161193847656e-08,0.0001955827756319195,2026092703,energy_half
time.2,28,140,2.9802322387695312e-08,0.0009226624388247728,2026092703,energy_half
behavior.0,28,140,1.4901161193847656e-08,0.00026817602338269353,2026092703,energy_half
behavior.1,28,140,1.4901161193847656e-08,7.647368329344317e-05,2026092703,energy_half
behavior.2,28,140,1.4901161193847656e-08,0.00016354312538169324,2026092703,energy_half
time.0,28,141,2.9802322387695312e-08,0.0005651898682117462,2026092703,energy_half
time.1,28,141,1.4901161193847656e-08,0.00022996954794507474,2026092703,energy_half
time.2,28,141,2.9802322387695312e-08,0.001035749213770032,2026092703,energy_half
behavior.0,28,141,1.4901161193847656e-08,0.00023692035756539553,2026092703,energy_half
behavior.1,28,141,1.1175870895385742e-08,7.820325845386833e-05,2026092703,energy_half
behavior.2,28,141,1.1175870895385742e-08,0.000136239716084674,2026092703,energy_half
time.0,28,142,2.2351741790771484e-08,0.0005556309479288757,2026092703,energy_half
time.1,28,142,1.4901161193847656e-08,0.00022279891709331423,2026092703,energy_half
time.2,28,142,2.9802322387695312e-08,0.0010524219833314419,2026092703,energy_half
behavior.0,28,142,1.4901161193847656e-08,0.0002702803467400372,2026092703,energy_half
behavior.1,28,142,1.1175870895385742e-08,7.813194679329172e-05,2026092703,energy_half
behavior.2,28,142,1.1175870895385742e-08,0.00016154898912645876,2026092703,energy_half
time.0,28,143,1.4901161193847656e-08,0.0005257848533801734,2026092703,energy_half
time.1,28,143,1.4901161193847656e-08,0.00020807098189834505,2026092703,energy_half
time.2,28,143,3.725290298461914e-08,0.0010140824597328901,2026092703,energy_half
behavior.0,28,143,1.4901161193847656e-08,0.000268048228463158,2026092703,energy_half
behavior.1,28,143,7.450580596923828e-09,7.213621574919671e-05,2026092703,energy_half
behavior.2,28,143,1.4901161193847656e-08,0.0001688281336100772,2026092703,energy_half
time.0,28,144,1.4901161193847656e-08,0.0006516660214401782,2026092703,energy_half
time.1,28,144,1.4901161193847656e-08,0.00025424984050914645,2026092703,energy_half
time.2,28,144,2.9802322387695312e-08,0.0012363737914711237,2026092703,energy_half
behavior.0,28,144,1.4901161193847656e-08,0.000258450279943645,2026092703,energy_half
behavior.1,28,144,7.450580596923828e-09,8.930068725021556e-05,2026092703,energy_half
behavior.2,28,144,1.4901161193847656e-08,0.00013544636021833867,2026092703,energy_half
time.0,28,145,2.9802322387695312e-08,0.0005506918532773852,2026092703,energy_half
time.1,28,145,1.4901161193847656e-08,0.00021469111379701644,2026092703,energy_half
time.2,28,145,2.9802322387695312e-08,0.0010443771025165915,2026092703,energy_half
behavior.0,28,145,1.4901161193847656e-08,0.00026371757849119604,2026092703,energy_half
behavior.1,28,145,1.1175870895385742e-08,8.141576108755544e-05,2026092703,energy_half
behavior.2,28,145,1.1175870895385742e-08,0.00016104076348710805,2026092703,energy_half
time.0,28,146,2.9802322387695312e-08,0.0006558040040545166,2026092703,energy_half
time.1,28,146,1.4901161193847656e-08,0.0002551747893448919,2026092703,energy_half
time.2,28,146,2.9802322387695312e-08,0.0012253796448931098,2026092703,energy_half
behavior.0,28,146,1.4901161193847656e-08,0.0002536242827773094,2026092703,energy_half
behavior.1,28,146,1.1175870895385742e-08,8.324715599883348e-05,2026092703,energy_half
behavior.2,28,146,1.1175870895385742e-08,0.0001413357531419024,2026092703,energy_half
time.0,28,147,2.2351741790771484e-08,0.0006339827668853104,2026092703,energy_half
time.1,28,147,2.2351741790771484e-08,0.0002462969277985394,2026092703,energy_half
time.2,28,147,2.2351741790771484e-08,0.0011761370114982128,2026092703,energy_half
behavior.0,28,147,1.4901161193847656e-08,0.00025959627237170935,2026092703,energy_half
behavior.1,28,147,1.4901161193847656e-08,9.311280155088753e-05,2026092703,energy_half
behavior.2,28,147,1.4901161193847656e-08,0.00013628110173158348,2026092703,energy_half
time.0,28,148,1.4901161193847656e-08,0.0005892415647394955,2026092703,energy_half
time.1,28,148,1.4901161193847656e-08,0.00022781488951295614,2026092703,energy_half
time.2,28,148,2.9802322387695312e-08,0.0011355516035109758,2026092703,energy_half
behavior.0,28,148,1.4901161193847656e-08,0.00025377978454343975,2026092703,energy_half
behavior.1,28,148,1.1175870895385742e-08,8.940116822486743e-05,2026092703,energy_half
behavior.2,28,148,1.4901161193847656e-08,0.00015106052160263062,2026092703,energy_half
time.0,28,149,2.2351741790771484e-08,0.0005641299649141729,2026092703,energy_half
time.1,28,149,1.4901161193847656e-08,0.00022079760674387217,2026092703,energy_half
time.2,28,149,2.9802322387695312e-08,0.0010652740020304918,2026092703,energy_half
behavior.0,28,149,1.4901161193847656e-08,0.0002668470551725477,2026092703,energy_half
behavior.1,28,149,1.4901161193847656e-08,9.024611063068733e-05,2026092703,energy_half
behavior.2,28,149,7.450580596923828e-09,0.00015678361523896456,2026092703,energy_half
time.0,28,150,2.9802322387695312e-08,0.0006358958780765533,2026092703,energy_half
time.1,28,150,1.4901161193847656e-08,0.00024873483926057816,2026092703,energy_half
time.2,28,150,2.9802322387695312e-08,0.0011354348389431834,2026092703,energy_half
behavior.0,28,150,1.4901161193847656e-08,0.00024164027126971632,2026092703,energy_half
behavior.1,28,150,1.1175870895385742e-08,7.428354729199782e-05,2026092703,energy_half
behavior.2,28,150,1.4901161193847656e-08,0.00014273790293373168,2026092703,energy_half
time.0,28,151,1.4901161193847656e-08,0.0005797428893856704,2026092703,energy_half
time.1,28,151,1.4901161193847656e-08,0.0002217592700617388,2026092703,energy_half
time.2,28,151,2.9802322387695312e-08,0.0010476335883140564,2026092703,energy_half
behavior.0,28,151,1.4901161193847656e-08,0.00023773488646838814,2026092703,energy_half
behavior.1,28,151,1.4901161193847656e-08,7.375005952781066e-05,2026092703,energy_half
behavior.2,28,151,1.4901161193847656e-08,0.00014708060189150274,2026092703,energy_half
time.0,28,152,2.2351741790771484e-08,0.0005651171668432653,2026092703,energy_half
time.1,28,152,1.4901161193847656e-08,0.00022014723799657077,2026092703,energy_half
time.2,28,152,2.9802322387695312e-08,0.0010369978845119476,2026092703,energy_half
behavior.0,28,152,1.4901161193847656e-08,0.00023036767379380763,2026092703,energy_half
behavior.1,28,152,1.1175870895385742e-08,8.399763464694843e-05,2026092703,energy_half
behavior.2,28,152,1.1175870895385742e-08,0.0001298709394177422,2026092703,energy_half
time.0,28,153,2.2351741790771484e-08,0.0005756625323556364,2026092703,energy_half
time.1,28,153,1.4901161193847656e-08,0.00022337913105729967,2026092703,energy_half
time.2,28,153,2.9802322387695312e-08,0.0010956485057249665,2026092703,energy_half
behavior.0,28,153,1.4901161193847656e-08,0.00024651404237374663,2026092703,energy_half
behavior.1,28,153,1.4901161193847656e-08,7.967650890350342e-05,2026092703,energy_half
behavior.2,28,153,1.4901161193847656e-08,0.000144763762364164,2026092703,energy_half
time.0,28,154,1.4901161193847656e-08,0.0006341862608678639,2026092703,energy_half
time.1,28,154,1.4901161193847656e-08,0.00024562879116274416,2026092703,energy_half
time.2,28,154,2.9802322387695312e-08,0.0011526865419000387,2026092703,energy_half
behavior.0,28,154,1.4901161193847656e-08,0.0002588010102044791,2026092703,energy_half
behavior.1,28,154,1.1175870895385742e-08,7.59158210712485e-05,2026092703,energy_half
behavior.2,28,154,1.4901161193847656e-08,0.00013958320778328925,2026092703,energy_half
time.0,28,155,1.4901161193847656e-08,0.000572896795347333,2026092703,energy_half
time.1,28,155,1.4901161193847656e-08,0.0002224325726274401,2026092703,energy_half
time.2,28,155,2.9802322387695312e-08,0.0010353806428611279,2026092703,energy_half
behavior.0,28,155,1.4901161193847656e-08,0.00023922492982819676,2026092703,energy_half
behavior.1,28,155,1.1175870895385742e-08,7.470903801731765e-05,2026092703,energy_half
behavior.2,28,155,1.1175870895385742e-08,0.00014708368689753115,2026092703,energy_half
time.0,28,156,2.9802322387695312e-08,0.000557495339307934,2026092703,energy_half
time.1,28,156,1.1175870895385742e-08,0.00021457523689605296,2026092703,energy_half
time.2,28,156,4.470348358154297e-08,0.0009609237895347178,2026092703,energy_half
behavior.0,28,156,1.4901161193847656e-08,0.00025161440134979784,2026092703,energy_half
behavior.1,28,156,1.1175870895385742e-08,8.804017124930397e-05,2026092703,energy_half
behavior.2,28,156,1.1175870895385742e-08,0.00014236930292099714,2026092703,energy_half
time.0,28,157,2.9802322387695312e-08,0.0005852504982613027,2026092703,energy_half
time.1,28,157,1.4901161193847656e-08,0.00022947027173358947,2026092703,energy_half
time.2,28,157,2.9802322387695312e-08,0.0010473118163645267,2026092703,energy_half
behavior.0,28,157,1.4901161193847656e-08,0.00026333602727390826,2026092703,energy_half
behavior.1,28,157,1.1175870895385742e-08,7.666526653338224e-05,2026092703,energy_half
behavior.2,28,157,1.4901161193847656e-08,0.00015543964400421828,2026092703,energy_half
time.0,28,158,2.2351741790771484e-08,0.0006313470075838268,2026092703,energy_half
time.1,28,158,1.4901161193847656e-08,0.00023875552869867533,2026092703,energy_half
time.2,28,158,2.9802322387695312e-08,0.001091458834707737,2026092703,energy_half
behavior.0,28,158,1.4901161193847656e-08,0.00022658365196548402,2026092703,energy_half
behavior.1,28,158,1.1175870895385742e-08,7.958222704473883e-05,2026092703,energy_half
behavior.2,28,158,1.4901161193847656e-08,0.00012404186418280005,2026092703,energy_half
time.0,28,159,2.9802322387695312e-08,0.0006048078066669405,2026092703,energy_half
time.1,28,159,1.4901161193847656e-08,0.0002337507321499288,2026092703,energy_half
time.2,28,159,2.9802322387695312e-08,0.001046726363711059,2026092703,energy_half
behavior.0,28,159,1.4901161193847656e-08,0.0002464654971845448,2026092703,energy_half
behavior.1,28,159,1.1175870895385742e-08,7.833237759768963e-05,2026092703,energy_half
behavior.2,28,159,1.4901161193847656e-08,0.00015120238822419196,2026092703,energy_half
time.0,28,160,1.4901161193847656e-08,0.0005071428022347391,2026092703,energy_half
time.1,28,160,1.1175870895385742e-08,0.00019659989629872143,2026092703,energy_half
time.2,28,160,2.9802322387695312e-08,0.0009002572624012828,2026092703,energy_half
behavior.0,28,160,1.4901161193847656e-08,0.00024335546186193824,2026092703,energy_half
behavior.1,28,160,1.4901161193847656e-08,7.566779822809622e-05,2026092703,energy_half
behavior.2,28,160,1.1175870895385742e-08,0.0001326716592302546,2026092703,energy_half
time.0,28,161,1.4901161193847656e-08,0.0006293043843470514,2026092703,energy_half
time.1,28,161,1.4901161193847656e-08,0.000240756940911524,2026092703,energy_half
time.2,28,161,2.9802322387695312e-08,0.001138865714892745,2026092703,energy_half
behavior.0,28,161,1.4901161193847656e-08,0.0002571799559518695,2026092703,energy_half
behavior.1,28,161,1.4901161193847656e-08,8.176321716746315e-05,2026092703,energy_half
behavior.2,28,161,1.4901161193847656e-08,0.0001383293274557218,2026092703,energy_half
time.0,28,162,1.4901161193847656e-08,0.000541202665772289,2026092703,energy_half
time.1,28,162,1.4901161193847656e-08,0.00020294790738262236,2026092703,energy_half
time.2,28,162,2.9802322387695312e-08,0.0009782223496586084,2026092703,energy_half
behavior.0,28,162,1.4901161193847656e-08,0.00025523852673359215,2026092703,energy_half
behavior.1,28,162,1.1175870895385742e-08,7.389490929199383e-05,2026092703,energy_half
behavior.2,28,162,1.4901161193847656e-08,0.0001604312565177679,2026092703,energy_half
time.0,28,163,1.4901161193847656e-08,0.0005662324256263673,2026092703,energy_half
time.1,28,163,1.4901161193847656e-08,0.00021295486658345908,2026092703,energy_half
time.2,28,163,2.9802322387695312e-08,0.0009810178307816386,2026092703,energy_half
behavior.0,28,163,1.4901161193847656e-08,0.0002450348692946136,2026092703,energy_half
behavior.1,28,163,1.1175870895385742e-08,8.057713421294466e-05,2026092703,energy_half
behavior.2,28,163,1.4901161193847656e-08,0.0001425222581019625,2026092703,energy_half
time.0,28,164,1.4901161193847656e-08,0.00052497792057693,2026092703,energy_half
time.1,28,164,1.4901161193847656e-08,0.0001989768206840381,2026092703,energy_half
time.2,28,164,2.9802322387695312e-08,0.0009241487714461982,2026092703,energy_half
behavior.0,28,164,1.4901161193847656e-08,0.0002457801892887801,2026092703,energy_half
behavior.1,28,164,1.4901161193847656e-08,7.487856782972813e-05,2026092703,energy_half
behavior.2,28,164,1.4901161193847656e-08,0.0001489204150857404,2026092703,energy_half
time.0,28,165,1.4901161193847656e-08,0.000669527449645102,2026092703,energy_half
time.1,28,165,1.4901161193847656e-08,0.0002484598371665925,2026092703,energy_half
time.2,28,165,2.9802322387695312e-08,0.0011760257184505463,2026092703,energy_half
behavior.0,28,165,1.4901161193847656e-08,0.0002677312004379928,2026092703,energy_half
behavior.1,28,165,1.1175870895385742e-08,8.806295954855159e-05,2026092703,energy_half
behavior.2,28,165,1.4901161193847656e-08,0.00015875263488851488,2026092703,energy_half
time.0,28,166,2.9802322387695312e-08,0.0005899366806261241,2026092703,energy_half
time.1,28,166,1.4901161193847656e-08,0.0002250966354040429,2026092703,energy_half
time.2,28,166,2.9802322387695312e-08,0.00102067063562572,2026092703,energy_half
behavior.0,28,166,2.2351741790771484e-08,0.00022527041437570006,2026092703,energy_half
behavior.1,28,166,1.1175870895385742e-08,8.089908806141466e-05,2026092703,energy_half
behavior.2,28,166,1.4901161193847656e-08,0.00013502201181836426,2026092703,energy_half
time.0,28,167,2.2351741790771484e-08,0.0006557561573572457,2026092703,energy_half
time.1,28,167,1.4901161193847656e-08,0.0002468493767082691,2026092703,energy_half
time.2,28,167,2.9802322387695312e-08,0.0011442373506724834,2026092703,energy_half
behavior.0,28,167,1.4901161193847656e-08,0.0002481697592884302,2026092703,energy_half
behavior.1,28,167,7.450580596923828e-09,7.82530041760765e-05,2026092703,energy_half
behavior.2,28,167,1.4901161193847656e-08,0.00015557439473923296,2026092703,energy_half
time.0,28,168,2.9802322387695312e-08,0.000593308825045824,2026092703,energy_half
time.1,28,168,1.4901161193847656e-08,0.00022439700842369348,2026092703,energy_half
time.2,28,168,2.9802322387695312e-08,0.000977883581072092,2026092703,energy_half
behavior.0,28,168,1.862645149230957e-08,0.00022530951537191868,2026092703,energy_half
behavior.1,28,168,1.4901161193847656e-08,7.803917105775326e-05,2026092703,energy_half
behavior.2,28,168,1.1175870895385742e-08,0.00011810937576228753,2026092703,energy_half
time.0,28,169,2.2351741790771484e-08,0.0005409290897659957,2026092703,energy_half
time.1,28,169,1.4901161193847656e-08,0.00020529789617285132,2026092703,energy_half
time.2,28,169,2.9802322387695312e-08,0.0009479380678385496,2026092703,energy_half
behavior.0,28,169,1.4901161193847656e-08,0.0002623243199195713,2026092703,energy_half
behavior.1,28,169,1.1175870895385742e-08,7.853106944821775e-05,2026092703,energy_half
behavior.2,28,169,1.4901161193847656e-08,0.0001611866318853572,2026092703,energy_half
time.0,28,170,2.2351741790771484e-08,0.0005008644075132906,2026092703,energy_half
time.1,28,170,1.4901161193847656e-08,0.0001871466520242393,2026092703,energy_half
time.2,28,170,2.2351741790771484e-08,0.000864401226863265,2026092703,energy_half
behavior.0,28,170,1.4901161193847656e-08,0.00025193876354023814,2026092703,energy_half
behavior.1,28,170,7.450580596923828e-09,7.63709977036342e-05,2026092703,energy_half
behavior.2,28,170,1.4901161193847656e-08,0.00014303605712484568,2026092703,energy_half
time.0,28,171,2.9802322387695312e-08,0.0006439120625145733,2026092703,energy_half
time.1,28,171,1.4901161193847656e-08,0.00024103157920762897,2026092703,energy_half
time.2,28,171,2.9802322387695312e-08,0.0010499288327991962,2026092703,energy_half
behavior.0,28,171,2.2351741790771484e-08,0.00022647301375400275,2026092703,energy_half
behavior.1,28,171,1.1175870895385742e-08,8.156129479175434e-05,2026092703,energy_half
behavior.2,28,171,1.4901161193847656e-08,0.0001123555121012032,2026092703,energy_half
time.0,28,172,2.2351741790771484e-08,0.0005433795158751309,2026092703,energy_half
time.1,28,172,1.4901161193847656e-08,0.00020602645236067474,2026092703,energy_half
time.2,28,172,2.9802322387695312e-08,0.0009808848844841123,2026092703,energy_half
behavior.0,28,172,1.4901161193847656e-08,0.00027013540966436267,2026092703,energy_half
behavior.1,28,172,1.1175870895385742e-08,7.643346179975197e-05,2026092703,energy_half
behavior.2,28,172,1.4901161193847656e-08,0.00016718838014639914,2026092703,energy_half
time.0,28,173,2.9802322387695312e-08,0.000691479945089668,2026092703,energy_half
time.1,28,173,1.4901161193847656e-08,0.00025893584825098515,2026092703,energy_half
time.2,28,173,2.9802322387695312e-08,0.0011084175202995539,2026092703,energy_half
behavior.0,28,173,1.4901161193847656e-08,0.0002170980878872797,2026092703,energy_half
behavior.1,28,173,1.4901161193847656e-08,8.125342719722539e-05,2026092703,energy_half
behavior.2,28,173,1.4901161193847656e-08,0.00013243555440567434,2026092703,energy_half
time.0,28,174,2.9802322387695312e-08,0.0005864666891284287,2026092703,energy_half
time.1,28,174,1.4901161193847656e-08,0.00022081892529968172,2026092703,energy_half
time.2,28,174,2.9802322387695312e-08,0.001028571859933436,2026092703,energy_half
behavior.0,28,174,1.4901161193847656e-08,0.0002439892996335402,2026092703,energy_half
behavior.1,28,174,1.4901161193847656e-08,7.712079968769103e-05,2026092703,energy_half
behavior.2,28,174,1.4901161193847656e-08,0.0001374598650727421,2026092703,energy_half
time.0,28,175,2.2351741790771484e-08,0.0005683121271431446,2026092703,energy_half
time.1,28,175,1.4901161193847656e-08,0.00021387182641774416,2026092703,energy_half
time.2,28,175,2.9802322387695312e-08,0.0009827326284721494,2026092703,energy_half
behavior.0,28,175,1.4901161193847656e-08,0.0002714159491006285,2026092703,energy_half
behavior.1,28,175,7.450580596923828e-09,7.151855970732868e-05,2026092703,energy_half
behavior.2,28,175,1.4901161193847656e-08,0.000175984445377253,2026092703,energy_half
time.0,28,176,1.4901161193847656e-08,0.0005913794739171863,2026092703,energy_half
time.1,28,176,1.1175870895385742e-08,0.00022544676903635263,2026092703,energy_half
time.2,28,176,2.9802322387695312e-08,0.0010049149859696627,2026092703,energy_half
behavior.0,28,176,1.4901161193847656e-08,0.0002629727532621473,2026092703,energy_half
behavior.1,28,176,1.1175870895385742e-08,7.906418613856658e-05,2026092703,energy_half
behavior.2,28,176,2.2351741790771484e-08,0.0001578133669681847,2026092703,energy_half
time.0,28,177,2.2351741790771484e-08,0.0005528532201424241,2026092703,energy_half
time.1,28,177,1.4901161193847656e-08,0.0002032328920904547,2026092703,energy_half
time.2,28,177,2.9802322387695312e-08,0.0009019862627610564,2026092703,energy_half
behavior.0,28,177,1.862645149230957e-08,0.0002502073475625366,2026092703,energy_half
behavior.1,28,177,1.4901161193847656e-08,8.694831922184676e-05,2026092703,energy_half
behavior.2,28,177,1.1175870895385742e-08,0.0001460161729482934,2026092703,energy_half
time.0,28,178,2.2351741790771484e-08,0.0005815598415210843,2026092703,energy_half
time.1,28,178,2.2351741790771484e-08,0.00021860453125555068,2026092703,energy_half
time.2,28,178,2.9802322387695312e-08,0.0010265279561281204,2026092703,energy_half
behavior.0,28,178,1.4901161193847656e-08,0.0002545384631957859,2026092703,energy_half
behavior.1,28,178,1.1175870895385742e-08,7.526213448727503e-05,2026092703,energy_half
behavior.2,28,178,1.1175870895385742e-08,0.00013764451432507485,2026092703,energy_half
time.0,28,179,1.4901161193847656e-08,0.0005980098503641784,2026092703,energy_half
time.1,28,179,1.4901161193847656e-08,0.00022326235193759203,2026092703,energy_half
time.2,28,179,2.9802322387695312e-08,0.0009712305618450046,2026092703,energy_half
behavior.0,28,179,1.4901161193847656e-08,0.0002637224970385432,2026092703,energy_half
behavior.1,28,179,1.1175870895385742e-08,8.992468792712316e-05,2026092703,energy_half
behavior.2,28,179,1.4901161193847656e-08,0.000137558308779262,2026092703,energy_half
time.0,28,180,1.4901161193847656e-08,0.0005862156394869089,2026092703,energy_half
time.1,28,180,2.2351741790771484e-08,0.00022096610337030143,2026092703,energy_half
time.2,28,180,2.9802322387695312e-08,0.0009788096649572253,2026092703,energy_half
behavior.0,28,180,1.4901161193847656e-08,0.0002486819284968078,2026092703,energy_half
behavior.1,28,180,1.1175870895385742e-08,7.722367445239797e-05,2026092703,energy_half
behavior.2,28,180,1.4901161193847656e-08,0.00014900822134222835,2026092703,energy_half
time.0,28,181,1.4901161193847656e-08,0.0005674589774571359,2026092703,energy_half
time.1,28,181,1.4901161193847656e-08,0.00021205605298746377,2026092703,energy_half
time.2,28,181,4.470348358154297e-08,0.0009586300002411008,2026092703,energy_half
behavior.0,28,181,1.4901161193847656e-08,0.0002526342577766627,2026092703,energy_half
behavior.1,28,181,1.4901161193847656e-08,7.811945397406816e-05,2026092703,energy_half
behavior.2,28,181,1.4901161193847656e-08,0.00015030776557978243,2026092703,energy_half
time.0,28,182,2.9802322387695312e-08,0.000683188671246171,2026092703,energy_half
time.1,28,182,1.4901161193847656e-08,0.00025558972265571356,2026092703,energy_half
time.2,28,182,2.9802322387695312e-08,0.00116649828851223,2026092703,energy_half
behavior.0,28,182,1.4901161193847656e-08,0.00024132072576321661,2026092703,energy_half
behavior.1,28,182,1.1175870895385742e-08,7.86706805229187e-05,2026092703,energy_half
behavior.2,28,182,1.1175870895385742e-08,0.00013008611858822405,2026092703,energy_half
time.0,28,183,1.4901161193847656e-08,0.0005107347969897091,2026092703,energy_half
time.1,28,183,1.4901161193847656e-08,0.00019548645650502294,2026092703,energy_half
time.2,28,183,2.9802322387695312e-08,0.000905297405552119,2026092703,energy_half
behavior.0,28,183,1.4901161193847656e-08,0.00026332479319535196,2026092703,energy_half
behavior.1,28,183,1.1175870895385742e-08,8.396895282203332e-05,2026092703,energy_half
behavior.2,28,183,1.4901161193847656e-08,0.0001630728947930038,2026092703,energy_half
time.0,28,184,2.2351741790771484e-08,0.0005756738828495145,2026092703,energy_half
time.1,28,184,1.4901161193847656e-08,0.0002156250411644578,2026092703,energy_half
time.2,28,184,2.9802322387695312e-08,0.0009810401825234294,2026092703,energy_half
behavior.0,28,184,1.4901161193847656e-08,0.00024173925339709967,2026092703,energy_half
behavior.1,28,184,7.450580596923828e-09,7.700276182731614e-05,2026092703,energy_half
behavior.2,28,184,1.4901161193847656e-08,0.0001503905514255166,2026092703,energy_half
time.0,28,185,2.2351741790771484e-08,0.000578228966332972,2026092703,energy_half
time.1,28,185,1.4901161193847656e-08,0.00021915146498940885,2026092703,energy_half
time.2,28,185,2.9802322387695312e-08,0.0010464598890393972,2026092703,energy_half
behavior.0,28,185,1.4901161193847656e-08,0.0002658638986758888,2026092703,energy_half
behavior.1,28,185,1.1175870895385742e-08,8.67082126205787e-05,2026092703,energy_half
behavior.2,28,185,1.4901161193847656e-08,0.00014879548689350486,2026092703,energy_half
time.0,28,186,2.2351741790771484e-08,0.0006463494501076639,2026092703,energy_half
time.1,28,186,2.2351741790771484e-08,0.00024322638637386262,2026092703,energy_half
time.2,28,186,4.470348358154297e-08,0.0010552937164902687,2026092703,energy_half
behavior.0,28,186,2.2351741790771484e-08,0.0002319081249879673,2026092703,energy_half
behavior.1,28,186,1.1175870895385742e-08,7.28237209841609e-05,2026092703,energy_half
behavior.2,28,186,1.4901161193847656e-08,0.00013878248864784837,2026092703,energy_half
time.0,28,187,1.4901161193847656e-08,0.0005884323618374765,2026092703,energy_half
time.1,28,187,1.4901161193847656e-08,0.0002243870112579316,2026092703,energy_half
time.2,28,187,2.9802322387695312e-08,0.0010143662802875042,2026092703,energy_half
behavior.0,28,187,1.4901161193847656e-08,0.0002626608475111425,2026092703,energy_half
behavior.1,28,187,1.1175870895385742e-08,7.464151713065803e-05,2026092703,energy_half
behavior.2,28,187,1.4901161193847656e-08,0.00016179525118786842,2026092703,energy_half
time.0,28,188,1.4901161193847656e-08,0.0005332712316885591,2026092703,energy_half
time.1,28,188,1.4901161193847656e-08,0.00020259717712178826,2026092703,energy_half
time.2,28,188,2.9802322387695312e-08,0.0009206818649545312,2026092703,energy_half
behavior.0,28,188,2.2351741790771484e-08,0.0002676245057955384,2026092703,energy_half
behavior.1,28,188,1.4901161193847656e-08,7.87787139415741e-05,2026092703,energy_half
behavior.2,28,188,1.4901161193847656e-08,0.00016265882004518062,2026092703,energy_half
time.0,28,189,2.9802322387695312e-08,0.0005484179127961397,2026092703,energy_half
time.1,28,189,1.4901161193847656e-08,0.00020547145686578006,2026092703,energy_half
time.2,28,189,2.9802322387695312e-08,0.0009608335676603019,2026092703,energy_half
behavior.0,28,189,1.4901161193847656e-08,0.00025577773340046406,2026092703,energy_half
behavior.1,28,189,7.450580596923828e-09,7.847823144402355e-05,2026092703,energy_half
behavior.2,28,189,1.4901161193847656e-08,0.00015506980707868934,2026092703,energy_half
time.0,28,190,1.4901161193847656e-08,0.0005742749199271202,2026092703,energy_half
time.1,28,190,1.4901161193847656e-08,0.0002228817029390484,2026092703,energy_half
time.2,28,190,1.4901161193847656e-08,0.0009993806015700102,2026092703,energy_half
behavior.0,28,190,1.4901161193847656e-08,0.000261576846241951,2026092703,energy_half
behavior.1,28,190,1.1175870895385742e-08,7.202547567430884e-05,2026092703,energy_half
behavior.2,28,190,1.4901161193847656e-08,0.00015592282579746097,2026092703,energy_half
time.0,28,191,1.4901161193847656e-08,0.0005477379891090095,2026092703,energy_half
time.1,28,191,1.4901161193847656e-08,0.0002087499451590702,2026092703,energy_half
time.2,28,191,2.9802322387695312e-08,0.000952955917455256,2026092703,energy_half
behavior.0,28,191,1.4901161193847656e-08,0.0002538780099712312,2026092703,energy_half
behavior.1,28,191,1.1175870895385742e-08,7.565976557089016e-05,2026092703,energy_half
behavior.2,28,191,1.4901161193847656e-08,0.00014877993089612573,2026092703,energy_half
time.0,28,192,1.4901161193847656e-08,0.0006475536501966417,2026092703,energy_half
time.1,28,192,1.4901161193847656e-08,0.00024400280381087214,2026092703,energy_half
time.2,28,192,2.9802322387695312e-08,0.0011096271919086576,2026092703,energy_half
behavior.0,28,192,1.4901161193847656e-08,0.00026289510424248874,2026092703,energy_half
behavior.1,28,192,1.4901161193847656e-08,7.835571886971593e-05,2026092703,energy_half
behavior.2,28,192,1.4901161193847656e-08,0.0001601367985131219,2026092703,energy_half
time.0,28,193,2.9802322387695312e-08,0.0005607379716821015,2026092703,energy_half
time.1,28,193,1.4901161193847656e-08,0.00021188177925068885,2026092703,energy_half
time.2,28,193,2.9802322387695312e-08,0.0009802425047382712,2026092703,energy_half
behavior.0,28,193,1.4901161193847656e-08,0.00025064495275728405,2026092703,energy_half
behavior.1,28,193,1.1175870895385742e-08,7.367915532086045e-05,2026092703,energy_half
behavior.2,28,193,2.2351741790771484e-08,0.0001647629396757111,2026092703,energy_half
time.0,28,194,2.2351741790771484e-08,0.0005386521224863827,2026092703,energy_half
time.1,28,194,1.4901161193847656e-08,0.0002017159276874736,2026092703,energy_half
time.2,28,194,2.9802322387695312e-08,0.0009260334772989154,2026092703,energy_half
behavior.0,28,194,2.2351741790771484e-08,0.0002463398268446326,2026092703,energy_half
behavior.1,28,194,1.862645149230957e-08,7.364615885308012e-05,2026092703,energy_half
behavior.2,28,194,1.4901161193847656e-08,0.00015679067291785032,2026092703,energy_half
time.0,28,195,2.2351741790771484e-08,0.0005489873583428562,2026092703,energy_half
time.1,28,195,2.2351741790771484e-08,0.00020439975196495652,2026092703,energy_half
time.2,28,195,2.9802322387695312e-08,0.0008956972742453218,2026092703,energy_half
behavior.0,28,195,1.4901161193847656e-08,0.0002582216984592378,2026092703,energy_half
behavior.1,28,195,1.4901161193847656e-08,9.131095430348068e-05,2026092703,energy_half
behavior.2,28,195,1.1175870895385742e-08,0.00015500695735681802,2026092703,energy_half
time.0,28,196,1.4901161193847656e-08,0.0005367342964746058,2026092703,energy_half
time.1,28,196,1.4901161193847656e-08,0.00020655995467677712,2026092703,energy_half
time.2,28,196,2.2351741790771484e-08,0.0009261737577617168,2026092703,energy_half
behavior.0,28,196,1.4901161193847656e-08,0.00025880333851091564,2026092703,energy_half
behavior.1,28,196,1.4901161193847656e-08,0.00010419011960038915,2026092703,energy_half
behavior.2,28,196,1.1175870895385742e-08,0.00014982825086917728,2026092703,energy_half
time.0,28,197,1.4901161193847656e-08,0.000618673802819103,2026092703,energy_half
time.1,28,197,1.4901161193847656e-08,0.00023179815616458654,2026092703,energy_half
time.2,28,197,2.9802322387695312e-08,0.001005107769742608,2026092703,energy_half
behavior.0,28,197,1.862645149230957e-08,0.00022286819876171649,2026092703,energy_half
behavior.1,28,197,1.1175870895385742e-08,7.922042277641594e-05,2026092703,energy_half
behavior.2,28,197,1.4901161193847656e-08,0.0001349326194031164,2026092703,energy_half
time.0,28,198,2.2351741790771484e-08,0.0005255717551335692,2026092703,energy_half
time.1,28,198,1.1175870895385742e-08,0.0001992010948015377,2026092703,energy_half
time.2,28,198,2.9802322387695312e-08,0.0008913497440516949,2026092703,energy_half
behavior.0,28,198,1.4901161193847656e-08,0.0002724193036556244,2026092703,energy_half
behavior.1,28,198,7.450580596923828e-09,8.886468276614323e-05,2026092703,energy_half
behavior.2,28,198,2.2351741790771484e-08,0.00017605822358746082,2026092703,energy_half
time.0,28,199,2.9802322387695312e-08,0.0005521675338968635,2026092703,energy_half
time.1,28,199,1.4901161193847656e-08,0.00020958126697223634,2026092703,energy_half
time.2,28,199,2.9802322387695312e-08,0.000934625044465065,2026092703,energy_half
behavior.0,28,199,1.4901161193847656e-08,0.00026598689146339893,2026092703,energy_half
behavior.1,28,199,1.1175870895385742e-08,7.563796680187806e-05,2026092703,energy_half
behavior.2,28,199,2.2351741790771484e-08,0.00015477175475098193,2026092703,energy_half
time.0,28,200,1.4901161193847656e-08,0.000542633468285203,2026092703,energy_half
time.1,28,200,1.4901161193847656e-08,0.00020710862008854747,2026092703,energy_half
time.2,28,200,2.2351741790771484e-08,0.000949081324506551,2026092703,energy_half
behavior.0,28,200,2.2351741790771484e-08,0.0002595282858237624,2026092703,energy_half
behavior.1,28,200,7.450580596923828e-09,7.01482204021886e-05,2026092703,energy_half
behavior.2,28,200,1.1175870895385742e-08,0.0001498129277024418,2026092703,energy_half
time.0,28,1,2.9802322387695312e-08,0.0008021863759495318,2026092704,energy_equivariant
time.1,28,1,2.2351741790771484e-08,0.0003104826610069722,2026092704,energy_equivariant
time.2,28,1,1.4901161193847656e-08,0.00033939906279556453,2026092704,energy_equivariant
behavior.0,28,1,2.2351741790771484e-08,0.0003150101692881435,2026092704,energy_equivariant
behavior.1,28,1,1.4901161193847656e-08,0.00013517343904823065,2026092704,energy_equivariant
behavior.2,28,1,1.4901161193847656e-08,0.00010841353650903329,2026092704,energy_equivariant
time.0,28,2,2.2351741790771484e-08,0.0005226688808761537,2026092704,energy_equivariant
time.1,28,2,1.4901161193847656e-08,0.0002525534073356539,2026092704,energy_equivariant
time.2,28,2,1.4901161193847656e-08,0.0002726060338318348,2026092704,energy_equivariant
behavior.0,28,2,1.4901161193847656e-08,0.00025799585273489356,2026092704,energy_equivariant
behavior.1,28,2,1.1175870895385742e-08,0.00013882419443689287,2026092704,energy_equivariant
behavior.2,28,2,1.1175870895385742e-08,0.00011388319398975,2026092704,energy_equivariant
time.0,28,3,1.4901161193847656e-08,0.0005535325035452843,2026092704,energy_equivariant
time.1,28,3,1.4901161193847656e-08,0.00026609504129737616,2026092704,energy_equivariant
time.2,28,3,1.4901161193847656e-08,0.0002913883072324097,2026092704,energy_equivariant
behavior.0,28,3,1.4901161193847656e-08,0.00026132218772545457,2026092704,energy_equivariant
behavior.1,28,3,1.4901161193847656e-08,0.00012358803360257298,2026092704,energy_equivariant
behavior.2,28,3,1.1175870895385742e-08,9.751382458489388e-05,2026092704,energy_equivariant
time.0,28,4,2.2351741790771484e-08,0.0006456098635680974,2026092704,energy_equivariant
time.1,28,4,1.4901161193847656e-08,0.0003020677831955254,2026092704,energy_equivariant
time.2,28,4,2.2351741790771484e-08,0.000409513566410169,2026092704,energy_equivariant
behavior.0,28,4,1.4901161193847656e-08,0.00025896631996147335,2026092704,energy_equivariant
behavior.1,28,4,1.1175870895385742e-08,0.0001293088571401313,2026092704,energy_equivariant
behavior.2,28,4,1.1175870895385742e-08,0.0001058357665897347,2026092704,energy_equivariant
time.0,28,5,1.4901161193847656e-08,0.0005449923919513822,2026092704,energy_equivariant
time.1,28,5,1.4901161193847656e-08,0.00024598694290034473,2026092704,energy_equivariant
time.2,28,5,1.4901161193847656e-08,0.00034148720442317426,2026092704,energy_equivariant
behavior.0,28,5,2.9802322387695312e-08,0.0003329398750793189,2026092704,energy_equivariant
behavior.1,28,5,1.4901161193847656e-08,0.00013950836728326976,2026092704,energy_equivariant
behavior.2,28,5,1.1175870895385742e-08,9.873019007500261e-05,2026092704,energy_equivariant
time.0,28,6,2.9802322387695312e-08,0.0006059764418751001,2026092704,energy_equivariant
time.1,28,6,1.4901161193847656e-08,0.0002985966857522726,2026092704,energy_equivariant
time.2,28,6,2.2351741790771484e-08,0.0003672395250760019,2026092704,energy_equivariant
behavior.0,28,6,2.2351741790771484e-08,0.0002576354891061783,2026092704,energy_equivariant
behavior.1,28,6,1.1175870895385742e-08,0.00012338666419964284,2026092704,energy_equivariant
behavior.2,28,6,1.1175870895385742e-08,0.00012369589239824563,2026092704,energy_equivariant
time.0,28,7,1.4901161193847656e-08,0.0006031565717421472,2026092704,energy_equivariant
time.1,28,7,1.4901161193847656e-08,0.00030258222250267863,2026092704,energy_equivariant
time.2,28,7,2.2351741790771484e-08,0.00042178272269666195,2026092704,energy_equivariant
behavior.0,28,7,2.2351741790771484e-08,0.0002518242399673909,2026092704,energy_equivariant
behavior.1,28,7,1.4901161193847656e-08,0.00011915004870388657,2026092704,energy_equivariant
behavior.2,28,7,1.1175870895385742e-08,0.00013270831550471485,2026092704,energy_equivariant
time.0,28,8,1.4901161193847656e-08,0.0004919334314763546,2026092704,energy_equivariant
time.1,28,8,2.2351741790771484e-08,0.00028041345649398863,2026092704,energy_equivariant
time.2,28,8,1.4901161193847656e-08,0.0003911561507266015,2026092704,energy_equivariant
behavior.0,28,8,1.4901161193847656e-08,0.0002311141142854467,2026092704,energy_equivariant
behavior.1,28,8,7.450580596923828e-09,0.00011810549767687917,2026092704,energy_equivariant
behavior.2,28,8,1.1175870895385742e-08,0.00012672890443354845,2026092704,energy_equivariant
time.0,28,9,1.4901161193847656e-08,0.0004898332990705967,2026092704,energy_equivariant
time.1,28,9,1.4901161193847656e-08,0.00025559531059116125,2026092704,energy_equivariant
time.2,28,9,2.2351741790771484e-08,0.00035718854633159935,2026092704,energy_equivariant
behavior.0,28,9,2.2351741790771484e-08,0.0002823506947606802,2026092704,energy_equivariant
behavior.1,28,9,1.4901161193847656e-08,0.00013242124987300485,2026092704,energy_equivariant
behavior.2,28,9,1.4901161193847656e-08,0.00015873825759626925,2026092704,energy_equivariant
time.0,28,10,1.4901161193847656e-08,0.0006799536058679223,2026092704,energy_equivariant
time.1,28,10,1.4901161193847656e-08,0.0003319768002256751,2026092704,energy_equivariant
time.2,28,10,1.4901161193847656e-08,0.0005717038293369114,2026092704,energy_equivariant
behavior.0,28,10,1.4901161193847656e-08,0.0002561542787589133,2026092704,energy_equivariant
behavior.1,28,10,1.1175870895385742e-08,0.00012056343985022977,2026092704,energy_equivariant
behavior.2,28,10,1.1175870895385742e-08,0.00012826608144678175,2026092704,energy_equivariant
time.0,28,11,1.4901161193847656e-08,0.0005220129387453198,2026092704,energy_equivariant
time.1,28,11,1.4901161193847656e-08,0.0002586615737527609,2026092704,energy_equivariant
time.2,28,11,1.4901161193847656e-08,0.00042705837404355407,2026092704,energy_equivariant
behavior.0,28,11,1.4901161193847656e-08,0.00023489343584515154,2026092704,energy_equivariant
behavior.1,28,11,1.1175870895385742e-08,0.00012049862561980262,2026092704,energy_equivariant
behavior.2,28,11,1.1175870895385742e-08,0.0001334733096882701,2026092704,energy_equivariant
time.0,28,12,1.4901161193847656e-08,0.0004980211961083114,2026092704,energy_equivariant
time.1,28,12,1.4901161193847656e-08,0.00026019380311481655,2026092704,energy_equivariant
time.2,28,12,2.9802322387695312e-08,0.0004513396415859461,2026092704,energy_equivariant
behavior.0,28,12,1.4901161193847656e-08,0.0002383299288339913,2026092704,energy_equivariant
behavior.1,28,12,1.1175870895385742e-08,0.00010437335731694475,2026092704,energy_equivariant
behavior.2,28,12,1.4901161193847656e-08,0.00012930596130900085,2026092704,energy_equivariant
time.0,28,13,1.4901161193847656e-08,0.0004668820183724165,2026092704,energy_equivariant
time.1,28,13,1.4901161193847656e-08,0.00023377241450361907,2026092704,energy_equivariant
time.2,28,13,1.4901161193847656e-08,0.00041977892396971583,2026092704,energy_equivariant
behavior.0,28,13,1.4901161193847656e-08,0.0002294316655024886,2026092704,energy_equivariant
behavior.1,28,13,1.1175870895385742e-08,0.00011699233436957002,2026092704,energy_equivariant
behavior.2,28,13,7.450580596923828e-09,0.0001473163574701175,2026092704,energy_equivariant
time.0,28,14,1.4901161193847656e-08,0.0004128906293772161,2026092704,energy_equivariant
time.1,28,14,1.4901161193847656e-08,0.0002252660196973011,2026092704,energy_equivariant
time.2,28,14,1.4901161193847656e-08,0.0003483444743324071,2026092704,energy_equivariant
behavior.0,28,14,1.4901161193847656e-08,0.00022641921532340348,2026092704,energy_equivariant
behavior.1,28,14,1.1175870895385742e-08,0.00010934853344224393,2026092704,energy_equivariant
behavior.2,28,14,1.4901161193847656e-08,0.0001329565275227651,2026092704,energy_equivariant
time.0,28,15,2.2351741790771484e-08,0.0005740142660215497,2026092704,energy_equivariant
time.1,28,15,1.4901161193847656e-08,0.00029826341778971255,2026092704,energy_equivariant
time.2,28,15,2.2351741790771484e-08,0.0004798173322342336,2026092704,energy_equivariant
behavior.0,28,15,1.4901161193847656e-08,0.00022622817778028548,2026092704,energy_equivariant
behavior.1,28,15,7.450580596923828e-09,0.00011335323506500572,2026092704,energy_equivariant
behavior.2,28,15,1.4901161193847656e-08,0.0001431292184861377,2026092704,energy_equivariant
time.0,28,16,2.9802322387695312e-08,0.0004646653833333403,2026092704,energy_equivariant
time.1,28,16,1.4901161193847656e-08,0.00023848831187933683,2026092704,energy_equivariant
time.2,28,16,2.2351741790771484e-08,0.00040267902659252286,2026092704,energy_equivariant
behavior.0,28,16,2.2351741790771484e-08,0.00023198346025310457,2026092704,energy_equivariant
behavior.1,28,16,1.1175870895385742e-08,0.00011132333747809753,2026092704,energy_equivariant
behavior.2,28,16,1.4901161193847656e-08,0.00016840295575093478,2026092704,energy_equivariant
time.0,28,17,2.2351741790771484e-08,0.0005352325970306993,2026092704,energy_equivariant
time.1,28,17,1.4901161193847656e-08,0.00028371912776492536,2026092704,energy_equivariant
time.2,28,17,2.2351741790771484e-08,0.000518019194714725,2026092704,energy_equivariant
behavior.0,28,17,2.2351741790771484e-08,0.00021614371507894248,2026092704,energy_equivariant
behavior.1,28,17,1.4901161193847656e-08,0.00011435682245064527,2026092704,energy_equivariant
behavior.2,28,17,1.4901161193847656e-08,0.00016879233589861542,2026092704,energy_equivariant
time.0,28,18,2.2351741790771484e-08,0.0004235442611388862,2026092704,energy_equivariant
time.1,28,18,1.4901161193847656e-08,0.0002306821261299774,2026092704,energy_equivariant
time.2,28,18,2.9802322387695312e-08,0.00039116566767916083,2026092704,energy_equivariant
behavior.0,28,18,1.4901161193847656e-08,0.00023013264581095427,2026092704,energy_equivariant
behavior.1,28,18,1.1175870895385742e-08,0.00010315018153050914,2026092704,energy_equivariant
behavior.2,28,18,1.1175870895385742e-08,0.0001382080081384629,2026092704,energy_equivariant
time.0,28,19,1.4901161193847656e-08,0.00048313650768250227,2026092704,energy_equivariant
time.1,28,19,1.4901161193847656e-08,0.0002465446596033871,2026092704,energy_equivariant
time.2,28,19,2.9802322387695312e-08,0.0004851939738728106,2026092704,energy_equivariant
behavior.0,28,19,1.4901161193847656e-08,0.0002064264554064721,2026092704,energy_equivariant
behavior.1,28,19,1.1175870895385742e-08,0.00010868797835428268,2026092704,energy_equivariant
behavior.2,28,19,1.4901161193847656e-08,0.00015847402391955256,2026092704,energy_equivariant
time.0,28,20,2.2351741790771484e-08,0.0005646923673339188,2026092704,energy_equivariant
time.1,28,20,1.4901161193847656e-08,0.00028727506287395954,2026092704,energy_equivariant
time.2,28,20,2.9802322387695312e-08,0.0005937556852586567,2026092704,energy_equivariant
behavior.0,28,20,1.4901161193847656e-08,0.0002137831470463425,2026092704,energy_equivariant
behavior.1,28,20,1.1175870895385742e-08,0.00010538021888351068,2026092704,energy_equivariant
behavior.2,28,20,1.4901161193847656e-08,0.00014986659516580403,2026092704,energy_equivariant
time.0,28,21,1.4901161193847656e-08,0.00048807941493578255,2026092704,energy_equivariant
time.1,28,21,1.4901161193847656e-08,0.0002457656373735517,2026092704,energy_equivariant
time.2,28,21,1.4901161193847656e-08,0.0004749688087031245,2026092704,energy_equivariant
behavior.0,28,21,1.4901161193847656e-08,0.00020288259838707745,2026092704,energy_equivariant
behavior.1,28,21,1.1175870895385742e-08,0.00010616736835800111,2026092704,energy_equivariant
behavior.2,28,21,1.4901161193847656e-08,0.0001512608432676643,2026092704,energy_equivariant
time.0,28,22,1.4901161193847656e-08,0.00044532364699989557,2026092704,energy_equivariant
time.1,28,22,1.4901161193847656e-08,0.00023002142552286386,2026092704,energy_equivariant
time.2,28,22,2.2351741790771484e-08,0.00047250610077753663,2026092704,energy_equivariant
behavior.0,28,22,1.4901161193847656e-08,0.00022497918689623475,2026092704,energy_equivariant
behavior.1,28,22,1.1175870895385742e-08,0.00011035998613806441,2026092704,energy_equivariant
behavior.2,28,22,1.1175870895385742e-08,0.0001433499128324911,2026092704,energy_equivariant
time.0,28,23,1.4901161193847656e-08,0.000485205149743706,2026092704,energy_equivariant
time.1,28,23,1.4901161193847656e-08,0.000257031962973997,2026092704,energy_equivariant
time.2,28,23,2.2351741790771484e-08,0.0005274171126075089,2026092704,energy_equivariant
behavior.0,28,23,1.4901161193847656e-08,0.0002196115965489298,2026092704,energy_equivariant
behavior.1,28,23,1.4901161193847656e-08,0.00010912265861406922,2026092704,energy_equivariant
behavior.2,28,23,1.1175870895385742e-08,0.00017098225362133235,2026092704,energy_equivariant
time.0,28,24,1.4901161193847656e-08,0.00046664042747579515,2026092704,energy_equivariant
time.1,28,24,1.4901161193847656e-08,0.0002485100703779608,2026092704,energy_equivariant
time.2,28,24,2.9802322387695312e-08,0.0005311855347827077,2026092704,energy_equivariant
behavior.0,28,24,1.4901161193847656e-08,0.00020866452541667968,2026092704,energy_equivariant
behavior.1,28,24,1.1175870895385742e-08,0.00011131868814118207,2026092704,energy_equivariant
behavior.2,28,24,1.4901161193847656e-08,0.00019058046746067703,2026092704,energy_equivariant
time.0,28,25,1.4901161193847656e-08,0.0004817516601178795,2026092704,energy_equivariant
time.1,28,25,1.4901161193847656e-08,0.00024215804296545684,2026092704,energy_equivariant
time.2,28,25,2.2351741790771484e-08,0.0005412173923105001,2026092704,energy_equivariant
behavior.0,28,25,1.4901161193847656e-08,0.00020860176300629973,2026092704,energy_equivariant
behavior.1,28,25,1.1175870895385742e-08,0.00010281575669068843,2026092704,energy_equivariant
behavior.2,28,25,1.4901161193847656e-08,0.0001537329808343202,2026092704,energy_equivariant
time.0,28,26,1.4901161193847656e-08,0.00045449621393345296,2026092704,energy_equivariant
time.1,28,26,1.4901161193847656e-08,0.00022396643180400133,2026092704,energy_equivariant
time.2,28,26,2.9802322387695312e-08,0.0004876255989074707,2026092704,energy_equivariant
behavior.0,28,26,1.4901161193847656e-08,0.00021760925301350653,2026092704,energy_equivariant
behavior.1,28,26,1.4901161193847656e-08,0.00011230868403799832,2026092704,energy_equivariant
behavior.2,28,26,1.4901161193847656e-08,0.00017942796694114804,2026092704,energy_equivariant
time.0,28,27,2.2351741790771484e-08,0.0005999800050631166,2026092704,energy_equivariant
time.1,28,27,1.4901161193847656e-08,0.0002712720597628504,2026092704,energy_equivariant
time.2,28,27,1.4901161193847656e-08,0.0006222347728908062,2026092704,energy_equivariant
behavior.0,28,27,1.4901161193847656e-08,0.0002280547487316653,2026092704,energy_equivariant
behavior.1,28,27,1.1175870895385742e-08,0.00010114715405507013,2026092704,energy_equivariant
behavior.2,28,27,1.1175870895385742e-08,0.00014494765491690487,2026092704,energy_equivariant
time.0,28,28,1.4901161193847656e-08,0.000382327038096264,2026092704,energy_equivariant
time.1,28,28,7.450580596923828e-09,0.0001974051701836288,2026092704,energy_equivariant
time.2,28,28,2.2351741790771484e-08,0.0003917167487088591,2026092704,energy_equivariant
behavior.0,28,28,1.4901161193847656e-08,0.0002197550202254206,2026092704,energy_equivariant
behavior.1,28,28,1.4901161193847656e-08,0.00010804232442751527,2026092704,energy_equivariant
behavior.2,28,28,1.1175870895385742e-08,0.00016427792434114963,2026092704,energy_equivariant
time.0,28,29,2.2351741790771484e-08,0.0005489526083692908,2026092704,energy_equivariant
time.1,28,29,2.2351741790771484e-08,0.0002629253431223333,2026092704,energy_equivariant
time.2,28,29,1.4901161193847656e-08,0.0006080048042349517,2026092704,energy_equivariant
behavior.0,28,29,2.2351741790771484e-08,0.0002044394495896995,2026092704,energy_equivariant
behavior.1,28,29,1.1175870895385742e-08,0.00010696544632082805,2026092704,energy_equivariant
behavior.2,28,29,2.2351741790771484e-08,0.00015224103117361665,2026092704,energy_equivariant
time.0,28,30,2.2351741790771484e-08,0.00044632190838456154,2026092704,energy_equivariant
time.1,28,30,1.4901161193847656e-08,0.0002200702001573518,2026092704,energy_equivariant
time.2,28,30,2.9802322387695312e-08,0.0005365004763007164,2026092704,energy_equivariant
behavior.0,28,30,1.4901161193847656e-08,0.00022052360873203725,2026092704,energy_equivariant
behavior.1,28,30,1.1175870895385742e-08,0.00011170640937052667,2026092704,energy_equivariant
behavior.2,28,30,1.4901161193847656e-08,0.00018818168609868735,2026092704,energy_equivariant
time.0,28,31,1.4901161193847656e-08,0.0004432075656950474,2026092704,energy_equivariant
time.1,28,31,1.4901161193847656e-08,0.00020355444576125592,2026092704,energy_equivariant
time.2,28,31,2.2351741790771484e-08,0.0005275474977679551,2026092704,energy_equivariant
behavior.0,28,31,1.4901161193847656e-08,0.00021507879137061536,2026092704,energy_equivariant
behavior.1,28,31,7.450580596923828e-09,0.00012068002979503945,2026092704,energy_equivariant
behavior.2,28,31,1.4901161193847656e-08,0.00019224600691813976,2026092704,energy_equivariant
time.0,28,32,1.4901161193847656e-08,0.0006030693184584379,2026092704,energy_equivariant
time.1,28,32,1.4901161193847656e-08,0.0002639821614138782,2026092704,energy_equivariant
time.2,28,32,2.2351741790771484e-08,0.000664119201246649,2026092704,energy_equivariant
behavior.0,28,32,2.2351741790771484e-08,0.00019953594892285764,2026092704,energy_equivariant
behavior.1,28,32,1.1175870895385742e-08,0.00010373716213507578,2026092704,energy_equivariant
behavior.2,28,32,1.1175870895385742e-08,0.0001512478629592806,2026092704,energy_equivariant
time.0,28,33,2.2351741790771484e-08,0.00048266685917042196,2026092704,energy_equivariant
time.1,28,33,1.4901161193847656e-08,0.00023337212041951716,2026092704,energy_equivariant
time.2,28,33,2.9802322387695312e-08,0.0005821561790071428,2026092704,energy_equivariant
behavior.0,28,33,1.4901161193847656e-08,0.00020179353305138648,2026092704,energy_equivariant
behavior.1,28,33,1.1175870895385742e-08,0.00011574091331567615,2026092704,energy_equivariant
behavior.2,28,33,1.4901161193847656e-08,0.0001735545665724203,2026092704,energy_equivariant
time.0,28,34,2.2351741790771484e-08,0.0005745341186411679,2026092704,energy_equivariant
time.1,28,34,1.4901161193847656e-08,0.00028334505623206496,2026092704,energy_equivariant
time.2,28,34,2.9802322387695312e-08,0.000677023665048182,2026092704,energy_equivariant
behavior.0,28,34,1.4901161193847656e-08,0.00021396025840658695,2026092704,energy_equivariant
behavior.1,28,34,1.1175870895385742e-08,0.00010326413757866248,2026092704,energy_equivariant
behavior.2,28,34,1.4901161193847656e-08,0.00016947436961345375,2026092704,energy_equivariant
time.0,28,35,2.2351741790771484e-08,0.0004086660919710994,2026092704,energy_equivariant
time.1,28,35,1.4901161193847656e-08,0.0001976403727894649,2026092704,energy_equivariant
time.2,28,35,1.4901161193847656e-08,0.0005239436868578196,2026092704,energy_equivariant
behavior.0,28,35,1.4901161193847656e-08,0.00020002083329018205,2026092704,energy_equivariant
behavior.1,28,35,1.1175870895385742e-08,0.00010337330604670569,2026092704,energy_equivariant
behavior.2,28,35,1.1175870895385742e-08,0.00014601374277845025,2026092704,energy_equivariant
time.0,28,36,1.4901161193847656e-08,0.0004139120865147561,2026092704,energy_equivariant
time.1,28,36,1.4901161193847656e-08,0.0002065655280603096,2026092704,energy_equivariant
time.2,28,36,2.2351741790771484e-08,0.00047268555499613285,2026092704,energy_equivariant
behavior.0,28,36,1.4901161193847656e-08,0.00019766388868447393,2026092704,energy_equivariant
behavior.1,28,36,1.1175870895385742e-08,0.00010155267955269665,2026092704,energy_equivariant
behavior.2,28,36,1.4901161193847656e-08,0.00015355521463789046,2026092704,energy_equivariant
time.0,28,37,1.4901161193847656e-08,0.0004282821901142597,2026092704,energy_equivariant
time.1,28,37,1.1175870895385742e-08,0.00022067924146540463,2026092704,energy_equivariant
time.2,28,37,1.4901161193847656e-08,0.0005176856066100299,2026092704,energy_equivariant
behavior.0,28,37,1.4901161193847656e-08,0.00021016845130361617,2026092704,energy_equivariant
behavior.1,28,37,7.450580596923828e-09,0.00010138667857972905,2026092704,energy_equivariant
behavior.2,28,37,1.4901161193847656e-08,0.00016492341819684952,2026092704,energy_equivariant
time.0,28,38,1.4901161193847656e-08,0.0004318860301282257,2026092704,energy_equivariant
time.1,28,38,1.4901161193847656e-08,0.00021868699695914984,2026092704,energy_equivariant
time.2,28,38,1.4901161193847656e-08,0.0005473089404404163,2026092704,energy_equivariant
behavior.0,28,38,1.4901161193847656e-08,0.00022648416052106768,2026092704,energy_equivariant
behavior.1,28,38,1.1175870895385742e-08,0.00010875723091885448,2026092704,energy_equivariant
behavior.2,28,38,1.4901161193847656e-08,0.00015247716510202736,2026092704,energy_equivariant
time.0,28,39,2.2351741790771484e-08,0.0005309786647558212,2026092704,energy_equivariant
time.1,28,39,1.4901161193847656e-08,0.0002540586283430457,2026092704,energy_equivariant
time.2,28,39,2.9802322387695312e-08,0.0006209114799275994,2026092704,energy_equivariant
behavior.0,28,39,1.4901161193847656e-08,0.0002274946018587798,2026092704,energy_equivariant
behavior.1,28,39,1.1175870895385742e-08,0.00010692175419535488,2026092704,energy_equivariant
behavior.2,28,39,1.4901161193847656e-08,0.0001642765273572877,2026092704,energy_equivariant
time.0,28,40,2.9802322387695312e-08,0.0005560688441619277,2026092704,energy_equivariant
time.1,28,40,1.4901161193847656e-08,0.00027181749464944005,2026092704,energy_equivariant
time.2,28,40,2.2351741790771484e-08,0.0006674050819128752,2026092704,energy_equivariant
behavior.0,28,40,1.4901161193847656e-08,0.00020282177138142288,2026092704,energy_equivariant
behavior.1,28,40,1.1175870895385742e-08,0.00010174054477829486,2026092704,energy_equivariant
behavior.2,28,40,1.1175870895385742e-08,0.0001658741821302101,2026092704,energy_equivariant
time.0,28,41,1.4901161193847656e-08,0.0005644630873575807,2026092704,energy_equivariant
time.1,28,41,2.2351741790771484e-08,0.0002731321728788316,2026092704,energy_equivariant
time.2,28,41,2.9802322387695312e-08,0.0007485106470994651,2026092704,energy_equivariant
behavior.0,28,41,1.4901161193847656e-08,0.00020246907661203295,2026092704,energy_equivariant
behavior.1,28,41,7.450580596923828e-09,0.00011681848991429433,2026092704,energy_equivariant
behavior.2,28,41,1.4901161193847656e-08,0.00017518999811727554,2026092704,energy_equivariant
time.0,28,42,1.4901161193847656e-08,0.000475430948426947,2026092704,energy_equivariant
time.1,28,42,1.4901161193847656e-08,0.0002290057745995,2026092704,energy_equivariant
time.2,28,42,2.9802322387695312e-08,0.0006370136979967356,2026092704,energy_equivariant
behavior.0,28,42,1.4901161193847656e-08,0.000220092770177871,2026092704,energy_equivariant
behavior.1,28,42,1.1175870895385742e-08,0.00010399727034382522,2026092704,energy_equivariant
behavior.2,28,42,1.4901161193847656e-08,0.0001597537484485656,2026092704,energy_equivariant
time.0,28,43,1.4901161193847656e-08,0.0005174643592908978,2026092704,energy_equivariant
time.1,28,43,2.2351741790771484e-08,0.00025558177730999887,2026092704,energy_equivariant
time.2,28,43,2.9802322387695312e-08,0.0006902766181156039,2026092704,energy_equivariant
behavior.0,28,43,2.2351741790771484e-08,0.00021531533275265247,2026092704,energy_equivariant
behavior.1,28,43,1.1175870895385742e-08,9.885365579975769e-05,2026092704,energy_equivariant
behavior.2,28,43,1.4901161193847656e-08,0.00015067210188135505,2026092704,energy_equivariant
time.0,28,44,1.4901161193847656e-08,0.00045843623229302466,2026092704,energy_equivariant
time.1,28,44,1.4901161193847656e-08,0.00022460079344455153,2026092704,energy_equivariant
time.2,28,44,2.9802322387695312e-08,0.0006242649396881461,2026092704,energy_equivariant
behavior.0,28,44,2.2351741790771484e-08,0.00021507273777388036,2026092704,energy_equivariant
behavior.1,28,44,1.1175870895385742e-08,0.00010505272075533867,2026092704,energy_equivariant
behavior.2,28,44,1.4901161193847656e-08,0.00016945047536864877,2026092704,energy_equivariant
time.0,28,45,2.9802322387695312e-08,0.0004457142495084554,2026092704,energy_equivariant
time.1,28,45,1.4901161193847656e-08,0.00021039166313130409,2026092704,energy_equivariant
time.2,28,45,1.4901161193847656e-08,0.0006232661544345319,2026092704,energy_equivariant
behavior.0,28,45,2.2351741790771484e-08,0.0002012213517446071,2026092704,energy_equivariant
behavior.1,28,45,7.450580596923828e-09,0.00010298804409103468,2026092704,energy_equivariant
behavior.2,28,45,1.4901161193847656e-08,0.00014731628471054137,2026092704,energy_equivariant
time.0,28,46,1.4901161193847656e-08,0.000500352238304913,2026092704,energy_equivariant
time.1,28,46,1.4901161193847656e-08,0.00022782552696298808,2026092704,energy_equivariant
time.2,28,46,2.2351741790771484e-08,0.0006498581496998668,2026092704,energy_equivariant
behavior.0,28,46,1.4901161193847656e-08,0.00020538624085020274,2026092704,energy_equivariant
behavior.1,28,46,1.1175870895385742e-08,0.0001054806707543321,2026092704,energy_equivariant
behavior.2,28,46,1.4901161193847656e-08,0.00017787140677683055,2026092704,energy_equivariant
time.0,28,47,1.4901161193847656e-08,0.0004307201597839594,2026092704,energy_equivariant
time.1,28,47,1.4901161193847656e-08,0.00021646004461217672,2026092704,energy_equivariant
time.2,28,47,2.9802322387695312e-08,0.0005389838479459286,2026092704,energy_equivariant
behavior.0,28,47,1.4901161193847656e-08,0.00019904023793060333,2026092704,energy_equivariant
behavior.1,28,47,1.4901161193847656e-08,0.00010209788888460025,2026092704,energy_equivariant
behavior.2,28,47,1.4901161193847656e-08,0.0001648262987146154,2026092704,energy_equivariant
time.0,28,48,2.2351741790771484e-08,0.000543992209713906,2026092704,energy_equivariant
time.1,28,48,1.4901161193847656e-08,0.00026158062973991036,2026092704,energy_equivariant
time.2,28,48,2.9802322387695312e-08,0.0006600117194466293,2026092704,energy_equivariant
behavior.0,28,48,1.4901161193847656e-08,0.00019886084191966802,2026092704,energy_equivariant
behavior.1,28,48,1.4901161193847656e-08,0.00010181291872868314,2026092704,energy_equivariant
behavior.2,28,48,1.1175870895385742e-08,0.00013679752009920776,2026092704,energy_equivariant
time.0,28,49,2.9802322387695312e-08,0.000538271851837635,2026092704,energy_equivariant
time.1,28,49,1.4901161193847656e-08,0.0002648487570695579,2026092704,energy_equivariant
time.2,28,49,1.4901161193847656e-08,0.0007018779288046062,2026092704,energy_equivariant
behavior.0,28,49,1.4901161193847656e-08,0.00018934767285827547,2026092704,energy_equivariant
behavior.1,28,49,1.4901161193847656e-08,0.0001074300380423665,2026092704,energy_equivariant
behavior.2,28,49,1.4901161193847656e-08,0.00015139245078898966,2026092704,energy_equivariant
time.0,28,50,2.2351741790771484e-08,0.0004339292645454407,2026092704,energy_equivariant
time.1,28,50,1.4901161193847656e-08,0.00019843768677674234,2026092704,energy_equivariant
time.2,28,50,2.2351741790771484e-08,0.0005869692540727556,2026092704,energy_equivariant
behavior.0,28,50,2.2351741790771484e-08,0.0002039248211076483,2026092704,energy_equivariant
behavior.1,28,50,1.1175870895385742e-08,0.00010291710350429639,2026092704,energy_equivariant
behavior.2,28,50,1.4901161193847656e-08,0.00013793184189125896,2026092704,energy_equivariant
time.0,28,51,1.4901161193847656e-08,0.0004586188879329711,2026092704,energy_equivariant
time.1,28,51,1.4901161193847656e-08,0.0002078016404993832,2026092704,energy_equivariant
time.2,28,51,2.9802322387695312e-08,0.0006259852088987827,2026092704,energy_equivariant
behavior.0,28,51,1.4901161193847656e-08,0.00020265093189664185,2026092704,energy_equivariant
behavior.1,28,51,1.4901161193847656e-08,0.00011502265260787681,2026092704,energy_equivariant
behavior.2,28,51,1.4901161193847656e-08,0.0001884849916677922,2026092704,energy_equivariant
time.0,28,52,2.9802322387695312e-08,0.00042287647374905646,2026092704,energy_equivariant
time.1,28,52,1.4901161193847656e-08,0.00020279460295569152,2026092704,energy_equivariant
time.2,28,52,1.4901161193847656e-08,0.0006022173911333084,2026092704,energy_equivariant
behavior.0,28,52,1.4901161193847656e-08,0.00019138879724778235,2026092704,energy_equivariant
behavior.1,28,52,1.1175870895385742e-08,0.0001071069564204663,2026092704,energy_equivariant
behavior.2,28,52,1.1175870895385742e-08,0.0001706852635834366,2026092704,energy_equivariant
time.0,28,53,2.2351741790771484e-08,0.0006141199846751988,2026092704,energy_equivariant
time.1,28,53,1.4901161193847656e-08,0.0002662723418325186,2026092704,energy_equivariant
time.2,28,53,2.9802322387695312e-08,0.0008439350058324635,2026092704,energy_equivariant
behavior.0,28,53,1.4901161193847656e-08,0.00020070686878170818,2026092704,energy_equivariant
behavior.1,28,53,7.450580596923828e-09,0.0001034680608427152,2026092704,energy_equivariant
behavior.2,28,53,1.4901161193847656e-08,0.00016100701759569347,2026092704,energy_equivariant
time.0,28,54,1.4901161193847656e-08,0.0004520058282651007,2026092704,energy_equivariant
time.1,28,54,1.4901161193847656e-08,0.0002014093624893576,2026092704,energy_equivariant
time.2,28,54,2.9802322387695312e-08,0.0006437480333261192,2026092704,energy_equivariant
behavior.0,28,54,1.4901161193847656e-08,0.00020323674834799021,2026092704,energy_equivariant
behavior.1,28,54,1.1175870895385742e-08,0.0001093777027563192,2026092704,energy_equivariant
behavior.2,28,54,1.4901161193847656e-08,0.00015941746823955327,2026092704,energy_equivariant
time.0,28,55,2.9802322387695312e-08,0.0005120602436363697,2026092704,energy_equivariant
time.1,28,55,1.1175870895385742e-08,0.00023365137167274952,2026092704,energy_equivariant
time.2,28,55,1.4901161193847656e-08,0.0006986011285334826,2026092704,energy_equivariant
behavior.0,28,55,1.4901161193847656e-08,0.0001857784081948921,2026092704,energy_equivariant
behavior.1,28,55,1.1175870895385742e-08,9.932539978763089e-05,2026092704,energy_equivariant
behavior.2,28,55,1.1175870895385742e-08,0.0001656001986702904,2026092704,energy_equivariant
time.0,28,56,2.2351741790771484e-08,0.0005187721108086407,2026092704,energy_equivariant
time.1,28,56,1.1175870895385742e-08,0.00023873351165093482,2026092704,energy_equivariant
time.2,28,56,2.9802322387695312e-08,0.0007384805358015001,2026092704,energy_equivariant
behavior.0,28,56,1.4901161193847656e-08,0.00019452013657428324,2026092704,energy_equivariant
behavior.1,28,56,1.4901161193847656e-08,0.00011069928586948663,2026092704,energy_equivariant
behavior.2,28,56,1.4901161193847656e-08,0.00015912612434476614,2026092704,energy_equivariant
time.0,28,57,2.2351741790771484e-08,0.00043907598592340946,2026092704,energy_equivariant
time.1,28,57,1.4901161193847656e-08,0.0001957257918547839,2026092704,energy_equivariant
time.2,28,57,2.9802322387695312e-08,0.0006304231937974691,2026092704,energy_equivariant
behavior.0,28,57,1.4901161193847656e-08,0.00018705817637965083,2026092704,energy_equivariant
behavior.1,28,57,1.1175870895385742e-08,9.881685400614515e-05,2026092704,energy_equivariant
behavior.2,28,57,1.4901161193847656e-08,0.0001612607011338696,2026092704,energy_equivariant
time.0,28,58,1.4901161193847656e-08,0.0005362452357076108,2026092704,energy_equivariant
time.1,28,58,1.1175870895385742e-08,0.00023409693676512688,2026092704,energy_equivariant
time.2,28,58,2.9802322387695312e-08,0.0007320501608774066,2026092704,energy_equivariant
behavior.0,28,58,1.4901161193847656e-08,0.00023643963504582644,2026092704,energy_equivariant
behavior.1,28,58,1.4901161193847656e-08,0.00010904202645178884,2026092704,energy_equivariant
behavior.2,28,58,1.4901161193847656e-08,0.00016974324535112828,2026092704,energy_equivariant
time.0,28,59,2.2351741790771484e-08,0.00048115343088284135,2026092704,energy_equivariant
time.1,28,59,1.4901161193847656e-08,0.0002242605696665123,2026092704,energy_equivariant
time.2,28,59,8.940696716308594e-08,0.0007074848399497569,2026092704,energy_equivariant
behavior.0,28,59,2.2351741790771484e-08,0.00019320021965540946,2026092704,energy_equivariant
behavior.1,28,59,1.1175870895385742e-08,0.0001098088250728324,2026092704,energy_equivariant
behavior.2,28,59,1.4901161193847656e-08,0.00017756012675818056,2026092704,energy_equivariant
time.0,28,60,2.9802322387695312e-08,0.0004802700423169881,2026092704,energy_equivariant
time.1,28,60,2.2351741790771484e-08,0.00022215483477339149,2026092704,energy_equivariant
time.2,28,60,2.9802322387695312e-08,0.0006476747803390026,2026092704,energy_equivariant
behavior.0,28,60,1.4901161193847656e-08,0.0001839186588767916,2026092704,energy_equivariant
behavior.1,28,60,1.1175870895385742e-08,9.976404544431716e-05,2026092704,energy_equivariant
behavior.2,28,60,1.4901161193847656e-08,0.0001657147950027138,2026092704,energy_equivariant
time.0,28,61,1.4901161193847656e-08,0.00045175375998951495,2026092704,energy_equivariant
time.1,28,61,1.4901161193847656e-08,0.0002005692367674783,2026092704,energy_equivariant
time.2,28,61,1.4901161193847656e-08,0.0006124897627159953,2026092704,energy_equivariant
behavior.0,28,61,1.4901161193847656e-08,0.00020023639081045985,2026092704,energy_equivariant
behavior.1,28,61,1.1175870895385742e-08,9.619510092306882e-05,2026092704,energy_equivariant
behavior.2,28,61,1.4901161193847656e-08,0.00014285747602116317,2026092704,energy_equivariant
time.0,28,62,1.4901161193847656e-08,0.0005065565346740186,2026092704,energy_equivariant
time.1,28,62,1.4901161193847656e-08,0.00023206174955703318,2026092704,energy_equivariant
time.2,28,62,2.9802322387695312e-08,0.0006521135801449418,2026092704,energy_equivariant
behavior.0,28,62,1.4901161193847656e-08,0.00018509953224565834,2026092704,energy_equivariant
behavior.1,28,62,7.450580596923828e-09,9.349502943223342e-05,2026092704,energy_equivariant
behavior.2,28,62,1.1175870895385742e-08,0.0001566732389619574,2026092704,energy_equivariant
time.0,28,63,1.4901161193847656e-08,0.0004941921215504408,2026092704,energy_equivariant
time.1,28,63,1.4901161193847656e-08,0.00024108360230457038,2026092704,energy_equivariant
time.2,28,63,2.9802322387695312e-08,0.0006652472075074911,2026092704,energy_equivariant
behavior.0,28,63,2.2351741790771484e-08,0.00019415166752878577,2026092704,energy_equivariant
behavior.1,28,63,1.1175870895385742e-08,0.00011123860167572275,2026092704,energy_equivariant
behavior.2,28,63,1.4901161193847656e-08,0.00019224781135562807,2026092704,energy_equivariant
time.0,28,64,2.9802322387695312e-08,0.0005570062203332782,2026092704,energy_equivariant
time.1,28,64,2.2351741790771484e-08,0.00024717740598134696,2026092704,energy_equivariant
time.2,28,64,2.9802322387695312e-08,0.0007763865869492292,2026092704,energy_equivariant
behavior.0,28,64,1.4901161193847656e-08,0.0001931684819282964,2026092704,energy_equivariant
behavior.1,28,64,1.1175870895385742e-08,0.00010213186760665849,2026092704,energy_equivariant
behavior.2,28,64,1.4901161193847656e-08,0.00017000998195726424,2026092704,energy_equivariant
time.0,28,65,2.2351741790771484e-08,0.0004392502596601844,2026092704,energy_equivariant
time.1,28,65,1.4901161193847656e-08,0.00019577595230657607,2026092704,energy_equivariant
time.2,28,65,2.9802322387695312e-08,0.0005914953071624041,2026092704,energy_equivariant
behavior.0,28,65,1.4901161193847656e-08,0.00020480522653087974,2026092704,energy_equivariant
behavior.1,28,65,1.1175870895385742e-08,0.00010258054680889472,2026092704,energy_equivariant
behavior.2,28,65,1.1175870895385742e-08,0.00018766862922348082,2026092704,energy_equivariant
time.0,28,66,2.2351741790771484e-08,0.0004993369220755994,2026092704,energy_equivariant
time.1,28,66,1.4901161193847656e-08,0.000219630979700014,2026092704,energy_equivariant
time.2,28,66,2.9802322387695312e-08,0.0007467294344678521,2026092704,energy_equivariant
behavior.0,28,66,1.4901161193847656e-08,0.00019985534891020507,2026092704,energy_equivariant
behavior.1,28,66,1.1175870895385742e-08,0.00010537019261391833,2026092704,energy_equivariant
behavior.2,28,66,1.4901161193847656e-08,0.0001799743331503123,2026092704,energy_equivariant
time.0,28,67,1.4901161193847656e-08,0.0006429668865166605,2026092704,energy_equivariant
time.1,28,67,1.4901161193847656e-08,0.0002719823969528079,2026092704,energy_equivariant
time.2,28,67,5.960464477539063e-08,0.000852753990329802,2026092704,energy_equivariant
behavior.0,28,67,1.4901161193847656e-08,0.00018780321988742799,2026092704,energy_equivariant
behavior.1,28,67,1.1175870895385742e-08,9.504361514700577e-05,2026092704,energy_equivariant
behavior.2,28,67,1.4901161193847656e-08,0.00016771357331890613,2026092704,energy_equivariant
time.0,28,68,1.4901161193847656e-08,0.00044037456973455846,2026092704,energy_equivariant
time.1,28,68,1.4901161193847656e-08,0.00018897732661571354,2026092704,energy_equivariant
time.2,28,68,2.9802322387695312e-08,0.0006477230344898999,2026092704,energy_equivariant
behavior.0,28,68,1.4901161193847656e-08,0.0002053349162451923,2026092704,energy_equivariant
behavior.1,28,68,1.4901161193847656e-08,9.573347051627934e-05,2026092704,energy_equivariant
behavior.2,28,68,1.4901161193847656e-08,0.00015249727584887296,2026092704,energy_equivariant
time.0,28,69,2.9802322387695312e-08,0.0006107309018261731,2026092704,energy_equivariant
time.1,28,69,1.4901161193847656e-08,0.00025157479103654623,2026092704,energy_equivariant
time.2,28,69,4.470348358154297e-08,0.0009017509291879833,2026092704,energy_equivariant
behavior.0,28,69,1.4901161193847656e-08,0.00021481653675436974,2026092704,energy_equivariant
behavior.1,28,69,1.1175870895385742e-08,0.00010770536755444482,2026092704,energy_equivariant
behavior.2,28,69,1.1175870895385742e-08,0.00014914786152075976,2026092704,energy_equivariant
time.0,28,70,2.9802322387695312e-08,0.0005291865090839565,2026092704,energy_equivariant
time.1,28,70,2.2351741790771484e-08,0.00023685414635110646,2026092704,energy_equivariant
time.2,28,70,2.9802322387695312e-08,0.0007357361610047519,2026092704,energy_equivariant
behavior.0,28,70,1.4901161193847656e-08,0.0002203689655289054,2026092704,energy_equivariant
behavior.1,28,70,1.1175870895385742e-08,9.977964509744197e-05,2026092704,energy_equivariant
behavior.2,28,70,1.4901161193847656e-08,0.00016439340834040195,2026092704,energy_equivariant
time.0,28,71,2.9802322387695312e-08,0.0005180040607228875,2026092704,energy_equivariant
time.1,28,71,1.4901161193847656e-08,0.0002462697448208928,2026092704,energy_equivariant
time.2,28,71,4.470348358154297e-08,0.0007311000372283161,2026092704,energy_equivariant
behavior.0,28,71,1.4901161193847656e-08,0.00019688707834575325,2026092704,energy_equivariant
behavior.1,28,71,1.1175870895385742e-08,9.834042430156842e-05,2026092704,energy_equivariant
behavior.2,28,71,1.1175870895385742e-08,0.0001795062853489071,2026092704,energy_equivariant
time.0,28,72,2.9802322387695312e-08,0.0006514507113024592,2026092704,energy_equivariant
time.1,28,72,2.2351741790771484e-08,0.00027715577743947506,2026092704,energy_equivariant
time.2,28,72,2.9802322387695312e-08,0.0009569008834660053,2026092704,energy_equivariant
behavior.0,28,72,1.4901161193847656e-08,0.00018250981520395726,2026092704,energy_equivariant
behavior.1,28,72,1.1175870895385742e-08,9.563309868099168e-05,2026092704,energy_equivariant
behavior.2,28,72,1.4901161193847656e-08,0.0001583755947649479,2026092704,energy_equivariant
time.0,28,73,2.9802322387695312e-08,0.0007271842914633453,2026092704,energy_equivariant
time.1,28,73,1.4901161193847656e-08,0.00029936127248220146,2026092704,energy_equivariant
time.2,28,73,2.9802322387695312e-08,0.001066878903657198,2026092704,energy_equivariant
behavior.0,28,73,2.2351741790771484e-08,0.00018910964718088508,2026092704,energy_equivariant
behavior.1,28,73,1.1175870895385742e-08,9.519613377051428e-05,2026092704,energy_equivariant
behavior.2,28,73,1.1175870895385742e-08,0.00017047494475264102,2026092704,energy_equivariant
time.0,28,74,2.2351741790771484e-08,0.0004844282811973244,2026092704,energy_equivariant
time.1,28,74,1.4901161193847656e-08,0.00020027610298711807,2026092704,energy_equivariant
time.2,28,74,2.9802322387695312e-08,0.0007226750603877008,2026092704,energy_equivariant
behavior.0,28,74,1.4901161193847656e-08,0.00020312384003773332,2026092704,energy_equivariant
behavior.1,28,74,1.4901161193847656e-08,9.562855848344043e-05,2026092704,energy_equivariant
behavior.2,28,74,1.1175870895385742e-08,0.00016391807002946734,2026092704,energy_equivariant
time.0,28,75,2.9802322387695312e-08,0.0004706160689238459,2026092704,energy_equivariant
time.1,28,75,1.4901161193847656e-08,0.00020386175310704857,2026092704,energy_equivariant
time.2,28,75,1.4901161193847656e-08,0.0006858924753032625,2026092704,energy_equivariant
behavior.0,28,75,1.4901161193847656e-08,0.00022475661535281688,2026092704,energy_equivariant
behavior.1,28,75,1.1175870895385742e-08,0.00010215963993687183,2026092704,energy_equivariant
behavior.2,28,75,1.4901161193847656e-08,0.00017305786604993045,2026092704,energy_equivariant
time.0,28,76,1.4901161193847656e-08,0.0004092980525456369,2026092704,energy_equivariant
time.1,28,76,2.2351741790771484e-08,0.0001978049403987825,2026092704,energy_equivariant
time.2,28,76,1.4901161193847656e-08,0.0006806136225350201,2026092704,energy_equivariant
behavior.0,28,76,1.4901161193847656e-08,0.0002024449349846691,2026092704,energy_equivariant
behavior.1,28,76,1.4901161193847656e-08,0.00010561667295405641,2026092704,energy_equivariant
behavior.2,28,76,1.4901161193847656e-08,0.0001911745930556208,2026092704,energy_equivariant
time.0,28,77,1.4901161193847656e-08,0.0005651413812302053,2026092704,energy_equivariant
time.1,28,77,1.4901161193847656e-08,0.00026524654822424054,2026092704,energy_equivariant
time.2,28,77,2.9802322387695312e-08,0.0009042333695106208,2026092704,energy_equivariant
behavior.0,28,77,1.4901161193847656e-08,0.00019883221830241382,2026092704,energy_equivariant
behavior.1,28,77,1.1175870895385742e-08,0.00010004952491726726,2026092704,energy_equivariant
behavior.2,28,77,1.1175870895385742e-08,0.00019939179765060544,2026092704,energy_equivariant
time.0,28,78,2.2351741790771484e-08,0.0004910298157483339,2026092704,energy_equivariant
time.1,28,78,1.4901161193847656e-08,0.0002227785298600793,2026092704,energy_equivariant
time.2,28,78,1.4901161193847656e-08,0.0007435227162204683,2026092704,energy_equivariant
behavior.0,28,78,1.4901161193847656e-08,0.0001924359385157004,2026092704,energy_equivariant
behavior.1,28,78,1.1175870895385742e-08,9.437748667551205e-05,2026092704,energy_equivariant
behavior.2,28,78,1.4901161193847656e-08,0.00017236877465620637,2026092704,energy_equivariant
time.0,28,79,2.9802322387695312e-08,0.0005796537734568119,2026092704,energy_equivariant
time.1,28,79,1.4901161193847656e-08,0.00025989790447056293,2026092704,energy_equivariant
time.2,28,79,2.9802322387695312e-08,0.0008458411903120577,2026092704,energy_equivariant
behavior.0,28,79,1.4901161193847656e-08,0.0001950580335687846,2026092704,energy_equivariant
behavior.1,28,79,1.4901161193847656e-08,0.00010350568481953815,2026092704,energy_equivariant
behavior.2,28,79,1.4901161193847656e-08,0.00018982433539349586,2026092704,energy_equivariant
time.0,28,80,2.2351741790771484e-08,0.0005169258220121264,2026092704,energy_equivariant
time.1,28,80,1.4901161193847656e-08,0.00022206956055015326,2026092704,energy_equivariant
time.2,28,80,2.9802322387695312e-08,0.0006902943714521825,2026092704,energy_equivariant
behavior.0,28,80,2.2351741790771484e-08,0.00023006656556390226,2026092704,energy_equivariant
behavior.1,28,80,1.1175870895385742e-08,0.00010505628597456962,2026092704,energy_equivariant
behavior.2,28,80,1.4901161193847656e-08,0.00017217388085555285,2026092704,energy_equivariant
time.0,28,81,1.4901161193847656e-08,0.0005460886168293655,2026092704,energy_equivariant
time.1,28,81,1.1175870895385742e-08,0.00023998103279154748,2026092704,energy_equivariant
time.2,28,81,2.9802322387695312e-08,0.0007145096315070987,2026092704,energy_equivariant
behavior.0,28,81,1.4901161193847656e-08,0.00018786531290970743,2026092704,energy_equivariant
behavior.1,28,81,7.450580596923828e-09,9.599999611964449e-05,2026092704,energy_equivariant
behavior.2,28,81,1.1175870895385742e-08,0.00015380406694021076,2026092704,energy_equivariant
time.0,28,82,1.4901161193847656e-08,0.0005035371286794543,2026092704,energy_equivariant
time.1,28,82,1.4901161193847656e-08,0.00021280588407535106,2026092704,energy_equivariant
time.2,28,82,2.9802322387695312e-08,0.0007436881423927844,2026092704,energy_equivariant
behavior.0,28,82,1.4901161193847656e-08,0.00019178360525984317,2026092704,energy_equivariant
behavior.1,28,82,1.1175870895385742e-08,9.410642815055326e-05,2026092704,energy_equivariant
behavior.2,28,82,2.2351741790771484e-08,0.0001640432165004313,2026092704,energy_equivariant
time.0,28,83,2.9802322387695312e-08,0.000582811189815402,2026092704,energy_equivariant
time.1,28,83,1.4901161193847656e-08,0.0002498920657671988,2026092704,energy_equivariant
time.2,28,83,2.9802322387695312e-08,0.000844634952954948,2026092704,energy_equivariant
behavior.0,28,83,1.4901161193847656e-08,0.00018897147674579173,2026092704,energy_equivariant
behavior.1,28,83,1.1175870895385742e-08,9.722255344968289e-05,2026092704,energy_equivariant
behavior.2,28,83,1.4901161193847656e-08,0.0001678360567893833,2026092704,energy_equivariant
time.0,28,84,2.2351741790771484e-08,0.0004315798287279904,2026092704,energy_equivariant
time.1,28,84,1.4901161193847656e-08,0.00020069206948392093,2026092704,energy_equivariant
time.2,28,84,1.4901161193847656e-08,0.0006523609044961631,2026092704,energy_equivariant
behavior.0,28,84,1.4901161193847656e-08,0.00019113511370960623,2026092704,energy_equivariant
behavior.1,28,84,1.1175870895385742e-08,9.321902325609699e-05,2026092704,energy_equivariant
behavior.2,28,84,1.4901161193847656e-08,0.00016987721028272063,2026092704,energy_equivariant
time.0,28,85,2.9802322387695312e-08,0.00042880966793745756,2026092704,energy_equivariant
time.1,28,85,1.4901161193847656e-08,0.00019154399342369288,2026092704,energy_equivariant
time.2,28,85,2.9802322387695312e-08,0.0006482466123998165,2026092704,energy_equivariant
behavior.0,28,85,1.4901161193847656e-08,0.00019479777256492525,2026092704,energy_equivariant
behavior.1,28,85,1.1175870895385742e-08,9.860753925750032e-05,2026092704,energy_equivariant
behavior.2,28,85,1.1175870895385742e-08,0.0001666222815401852,2026092704,energy_equivariant
time.0,28,86,1.4901161193847656e-08,0.0004941750667057931,2026092704,energy_equivariant
time.1,28,86,1.4901161193847656e-08,0.00021195925364736468,2026092704,energy_equivariant
time.2,28,86,1.4901161193847656e-08,0.0007355866837315261,2026092704,energy_equivariant
behavior.0,28,86,1.4901161193847656e-08,0.00021493787062354386,2026092704,energy_equivariant
behavior.1,28,86,1.1175870895385742e-08,0.00011023532715626061,2026092704,energy_equivariant
behavior.2,28,86,1.4901161193847656e-08,0.00016290975327137858,2026092704,energy_equivariant
time.0,28,87,1.4901161193847656e-08,0.0005307716783136129,2026092704,energy_equivariant
time.1,28,87,1.4901161193847656e-08,0.00023431648151017725,2026092704,energy_equivariant
time.2,28,87,2.9802322387695312e-08,0.000780413334723562,2026092704,energy_equivariant
behavior.0,28,87,1.4901161193847656e-08,0.00018826959421858191,2026092704,energy_equivariant
behavior.1,28,87,1.1175870895385742e-08,0.00010471545101609081,2026092704,energy_equivariant
behavior.2,28,87,1.4901161193847656e-08,0.0001688954944256693,2026092704,energy_equivariant
time.0,28,88,1.4901161193847656e-08,0.0005514697986654937,2026092704,energy_equivariant
time.1,28,88,1.4901161193847656e-08,0.0002503748401068151,2026092704,energy_equivariant
time.2,28,88,2.9802322387695312e-08,0.0008480452233925462,2026092704,energy_equivariant
behavior.0,28,88,1.4901161193847656e-08,0.0001854717411333695,2026092704,energy_equivariant
behavior.1,28,88,1.1175870895385742e-08,9.890382352750748e-05,2026092704,energy_equivariant
behavior.2,28,88,1.4901161193847656e-08,0.00017271524120587856,2026092704,energy_equivariant
time.0,28,89,2.2351741790771484e-08,0.0004525693948380649,2026092704,energy_equivariant
time.1,28,89,1.1175870895385742e-08,0.00019475219596643,2026092704,energy_equivariant
time.2,28,89,2.2351741790771484e-08,0.0006756002549082041,2026092704,energy_equivariant
behavior.0,28,89,1.4901161193847656e-08,0.0002100507408613339,2026092704,energy_equivariant
behavior.1,28,89,1.1175870895385742e-08,9.655689063947648e-05,2026092704,energy_equivariant
behavior.2,28,89,1.4901161193847656e-08,0.0001482836523791775,2026092704,energy_equivariant
time.0,28,90,2.2351741790771484e-08,0.0004672007926274091,2026092704,energy_equivariant
time.1,28,90,1.4901161193847656e-08,0.00020954152569174767,2026092704,energy_equivariant
time.2,28,90,2.9802322387695312e-08,0.0007355234120041132,2026092704,energy_equivariant
behavior.0,28,90,1.4901161193847656e-08,0.00020737551676575094,2026092704,energy_equivariant
behavior.1,28,90,1.1175870895385742e-08,9.670318831922486e-05,2026092704,energy_equivariant
behavior.2,28,90,1.1175870895385742e-08,0.00015872149378992617,2026092704,energy_equivariant
time.0,28,91,2.2351741790771484e-08,0.0006809507613070309,2026092704,energy_equivariant
time.1,28,91,2.2351741790771484e-08,0.000303621229249984,2026092704,energy_equivariant
time.2,28,91,4.470348358154297e-08,0.0010225627338513732,2026092704,energy_equivariant
behavior.0,28,91,1.4901161193847656e-08,0.00018501088197808713,2026092704,energy_equivariant
behavior.1,28,91,1.1175870895385742e-08,0.00010099344945047051,2026092704,energy_equivariant
behavior.2,28,91,1.4901161193847656e-08,0.00015948071086313576,2026092704,energy_equivariant
time.0,28,92,1.4901161193847656e-08,0.0006292813923209906,2026092704,energy_equivariant
time.1,28,92,1.4901161193847656e-08,0.00028580581420101225,2026092704,energy_equivariant
time.2,28,92,2.9802322387695312e-08,0.0009725770796649158,2026092704,energy_equivariant
behavior.0,28,92,1.4901161193847656e-08,0.0001861361670307815,2026092704,energy_equivariant
behavior.1,28,92,1.4901161193847656e-08,9.943269833456725e-05,2026092704,energy_equivariant
behavior.2,28,92,1.1175870895385742e-08,0.00017055236094165593,2026092704,energy_equivariant
time.0,28,93,1.4901161193847656e-08,0.0004250438651069999,2026092704,energy_equivariant
time.1,28,93,1.4901161193847656e-08,0.00019029622490052134,2026092704,energy_equivariant
time.2,28,93,2.9802322387695312e-08,0.0006570731638930738,2026092704,energy_equivariant
behavior.0,28,93,1.4901161193847656e-08,0.00020291793043725193,2026092704,energy_equivariant
behavior.1,28,93,1.1175870895385742e-08,9.514213161310181e-05,2026092704,energy_equivariant
behavior.2,28,93,1.4901161193847656e-08,0.0001684838643996045,2026092704,energy_equivariant
time.0,28,94,2.9802322387695312e-08,0.000488953897729516,2026092704,energy_equivariant
time.1,28,94,1.4901161193847656e-08,0.00022996217012405396,2026092704,energy_equivariant
time.2,28,94,1.4901161193847656e-08,0.0007520712679252028,2026092704,energy_equivariant
behavior.0,28,94,1.862645149230957e-08,0.00022708486358169466,2026092704,energy_equivariant
behavior.1,28,94,1.1175870895385742e-08,0.00010220782860415056,2026092704,energy_equivariant
behavior.2,28,94,1.4901161193847656e-08,0.00015603120846208185,2026092704,energy_equivariant
time.0,28,95,1.4901161193847656e-08,0.0004075615725014359,2026092704,energy_equivariant
time.1,28,95,1.4901161193847656e-08,0.00018362530681770295,2026092704,energy_equivariant
time.2,28,95,2.9802322387695312e-08,0.0005976961110718548,2026092704,energy_equivariant
behavior.0,28,95,1.4901161193847656e-08,0.00020759533799719065,2026092704,energy_equivariant
behavior.1,28,95,1.1175870895385742e-08,9.089260856853798e-05,2026092704,energy_equivariant
behavior.2,28,95,1.4901161193847656e-08,0.00015297892969101667,2026092704,energy_equivariant
time.0,28,96,2.2351741790771484e-08,0.0004747575439978391,2026092704,energy_equivariant
time.1,28,96,1.4901161193847656e-08,0.00021600975014735013,2026092704,energy_equivariant
time.2,28,96,2.9802322387695312e-08,0.000695808557793498,2026092704,energy_equivariant
behavior.0,28,96,1.4901161193847656e-08,0.00019612364121712744,2026092704,energy_equivariant
behavior.1,28,96,1.4901161193847656e-08,9.921348100760952e-05,2026092704,energy_equivariant
behavior.2,28,96,1.4901161193847656e-08,0.00016412079276051372,2026092704,energy_equivariant
time.0,28,97,1.4901161193847656e-08,0.00044094951590523124,2026092704,energy_equivariant
time.1,28,97,1.4901161193847656e-08,0.00020373091683723032,2026092704,energy_equivariant
time.2,28,97,2.9802322387695312e-08,0.0006796063971705735,2026092704,energy_equivariant
behavior.0,28,97,1.4901161193847656e-08,0.00019424958736635745,2026092704,energy_equivariant
behavior.1,28,97,1.4901161193847656e-08,0.00010157928772969171,2026092704,energy_equivariant
behavior.2,28,97,1.4901161193847656e-08,0.00016866886289790273,2026092704,energy_equivariant
time.0,28,98,2.9802322387695312e-08,0.0006444096798077226,2026092704,energy_equivariant
time.1,28,98,1.4901161193847656e-08,0.0002868139708880335,2026092704,energy_equivariant
time.2,28,98,2.9802322387695312e-08,0.000936624244786799,2026092704,energy_equivariant
behavior.0,28,98,2.2351741790771484e-08,0.0001838038006098941,2026092704,energy_equivariant
behavior.1,28,98,1.1175870895385742e-08,9.155681618722156e-05,2026092704,energy_equivariant
behavior.2,28,98,1.1175870895385742e-08,0.00014838010247331113,2026092704,energy_equivariant
time.0,28,99,2.2351741790771484e-08,0.00043753476347774267,2026092704,energy_equivariant
time.1,28,99,1.4901161193847656e-08,0.00019877323938999325,2026092704,energy_equivariant
time.2,28,99,2.9802322387695312e-08,0.0006832797662355006,2026092704,energy_equivariant
behavior.0,28,99,1.4901161193847656e-08,0.00018690417346078902,2026092704,energy_equivariant
behavior.1,28,99,1.1175870895385742e-08,0.0001041269933921285,2026092704,energy_equivariant
behavior.2,28,99,1.4901161193847656e-08,0.00016937121108639985,2026092704,energy_equivariant
time.0,28,100,2.9802322387695312e-08,0.0006887266063131392,2026092704,energy_equivariant
time.1,28,100,1.4901161193847656e-08,0.00030313339084386826,2026092704,energy_equivariant
time.2,28,100,2.9802322387695312e-08,0.0010157842189073563,2026092704,energy_equivariant
behavior.0,28,100,1.4901161193847656e-08,0.00019016377336811274,2026092704,energy_equivariant
behavior.1,28,100,1.1175870895385742e-08,0.00010201456461800262,2026092704,energy_equivariant
behavior.2,28,100,1.4901161193847656e-08,0.00017857113562058657,2026092704,energy_equivariant
time.0,28,101,2.2351741790771484e-08,0.0004552010796032846,2026092704,energy_equivariant
time.1,28,101,1.4901161193847656e-08,0.00021050336363259703,2026092704,energy_equivariant
time.2,28,101,2.9802322387695312e-08,0.0006781623815186322,2026092704,energy_equivariant
behavior.0,28,101,2.2351741790771484e-08,0.00019170837185811251,2026092704,energy_equivariant
behavior.1,28,101,1.4901161193847656e-08,9.793908975552768e-05,2026092704,energy_equivariant
behavior.2,28,101,1.1175870895385742e-08,0.00017894068150781095,2026092704,energy_equivariant
time.0,28,102,1.4901161193847656e-08,0.000413426459999755,2026092704,energy_equivariant
time.1,28,102,1.4901161193847656e-08,0.00018281949451193213,2026092704,energy_equivariant
time.2,28,102,1.4901161193847656e-08,0.0005810846341773868,2026092704,energy_equivariant
behavior.0,28,102,1.4901161193847656e-08,0.00019579840591177344,2026092704,energy_equivariant
behavior.1,28,102,1.1175870895385742e-08,9.722018876345828e-05,2026092704,energy_equivariant
behavior.2,28,102,1.4901161193847656e-08,0.00016303783922921866,2026092704,energy_equivariant
time.0,28,103,2.2351741790771484e-08,0.00047562134568579495,2026092704,energy_equivariant
time.1,28,103,1.4901161193847656e-08,0.00021432364883366972,2026092704,energy_equivariant
time.2,28,103,2.9802322387695312e-08,0.0006786297890357673,2026092704,energy_equivariant
behavior.0,28,103,1.4901161193847656e-08,0.00023984245490282774,2026092704,energy_equivariant
behavior.1,28,103,1.4901161193847656e-08,0.00011813577293651178,2026092704,energy_equivariant
behavior.2,28,103,1.1175870895385742e-08,0.000176353394635953,2026092704,energy_equivariant
time.0,28,104,2.2351741790771484e-08,0.0004160782846156508,2026092704,energy_equivariant
time.1,28,104,1.4901161193847656e-08,0.0001942459202837199,2026092704,energy_equivariant
time.2,28,104,2.9802322387695312e-08,0.0006297829677350819,2026092704,energy_equivariant
behavior.0,28,104,1.4901161193847656e-08,0.00018336967332288623,2026092704,energy_equivariant
behavior.1,28,104,1.1175870895385742e-08,9.887313353829086e-05,2026092704,energy_equivariant
behavior.2,28,104,1.1175870895385742e-08,0.00017552633653394878,2026092704,energy_equivariant
time.0,28,105,2.2351741790771484e-08,0.0005916121299378574,2026092704,energy_equivariant
time.1,28,105,1.4901161193847656e-08,0.00026372235151939094,2026092704,energy_equivariant
time.2,28,105,2.9802322387695312e-08,0.0008487478480674326,2026092704,energy_equivariant
behavior.0,28,105,1.4901161193847656e-08,0.0001806814834708348,2026092704,energy_equivariant
behavior.1,28,105,1.1175870895385742e-08,9.855011740000919e-05,2026092704,energy_equivariant
behavior.2,28,105,1.4901161193847656e-08,0.00017087784362956882,2026092704,energy_equivariant
time.0,28,106,2.2351741790771484e-08,0.0007160504464991391,2026092704,energy_equivariant
time.1,28,106,1.4901161193847656e-08,0.00033287066617049277,2026092704,energy_equivariant
time.2,28,106,2.9802322387695312e-08,0.0010651297634467483,2026092704,energy_equivariant
behavior.0,28,106,1.4901161193847656e-08,0.0001867426763055846,2026092704,energy_equivariant
behavior.1,28,106,1.1175870895385742e-08,9.50672838371247e-05,2026092704,energy_equivariant
behavior.2,28,106,2.2351741790771484e-08,0.00017511604528408498,2026092704,energy_equivariant
time.0,28,107,2.9802322387695312e-08,0.0005461222026497126,2026092704,energy_equivariant
time.1,28,107,1.4901161193847656e-08,0.00024602276971563697,2026092704,energy_equivariant
time.2,28,107,2.2351741790771484e-08,0.0008507339516654611,2026092704,energy_equivariant
behavior.0,28,107,1.4901161193847656e-08,0.00019159886869601905,2026092704,energy_equivariant
behavior.1,28,107,1.1175870895385742e-08,9.390796913066879e-05,2026092704,energy_equivariant
behavior.2,28,107,1.1175870895385742e-08,0.0001546289277030155,2026092704,energy_equivariant
time.0,28,108,2.2351741790771484e-08,0.0005031446344219148,2026092704,energy_equivariant
time.1,28,108,2.2351741790771484e-08,0.00023211615916807204,2026092704,energy_equivariant
time.2,28,108,2.9802322387695312e-08,0.0007390595856122673,2026092704,energy_equivariant
behavior.0,28,108,1.4901161193847656e-08,0.00019858025189023465,2026092704,energy_equivariant
behavior.1,28,108,1.1175870895385742e-08,0.00010192697664024308,2026092704,energy_equivariant
behavior.2,28,108,1.1175870895385742e-08,0.0001626465527806431,2026092704,energy_equivariant
time.0,28,109,1.4901161193847656e-08,0.00044281291775405407,2026092704,energy_equivariant
time.1,28,109,1.4901161193847656e-08,0.00019955036987084895,2026092704,energy_equivariant
time.2,28,109,2.9802322387695312e-08,0.0006558492896147072,2026092704,energy_equivariant
behavior.0,28,109,1.4901161193847656e-08,0.00019610609160736203,2026092704,energy_equivariant
behavior.1,28,109,1.1175870895385742e-08,0.0001061050861608237,2026092704,energy_equivariant
behavior.2,28,109,1.4901161193847656e-08,0.00018588113016448915,2026092704,energy_equivariant
time.0,28,110,1.4901161193847656e-08,0.00043777964310720563,2026092704,energy_equivariant
time.1,28,110,1.1175870895385742e-08,0.00020294585556257516,2026092704,energy_equivariant
time.2,28,110,2.2351741790771484e-08,0.0006550573161803186,2026092704,energy_equivariant
behavior.0,28,110,2.2351741790771484e-08,0.00018016881949733943,2026092704,energy_equivariant
behavior.1,28,110,7.450580596923828e-09,9.991366096073762e-05,2026092704,energy_equivariant
behavior.2,28,110,1.4901161193847656e-08,0.00019026720838155597,2026092704,energy_equivariant
time.0,28,111,1.4901161193847656e-08,0.0004894767771475017,2026092704,energy_equivariant
time.1,28,111,2.2351741790771484e-08,0.00020776086603291333,2026092704,energy_equivariant
time.2,28,111,2.2351741790771484e-08,0.000658510543871671,2026092704,energy_equivariant
behavior.0,28,111,1.4901161193847656e-08,0.0001957178465090692,2026092704,energy_equivariant
behavior.1,28,111,1.1175870895385742e-08,8.837807399686426e-05,2026092704,energy_equivariant
behavior.2,28,111,1.4901161193847656e-08,0.0001401930785505101,2026092704,energy_equivariant
time.0,28,112,1.4901161193847656e-08,0.0006066409405320883,2026092704,energy_equivariant
time.1,28,112,2.2351741790771484e-08,0.0002600896987132728,2026092704,energy_equivariant
time.2,28,112,4.470348358154297e-08,0.0008893809281289577,2026092704,energy_equivariant
behavior.0,28,112,1.4901161193847656e-08,0.00018992989498656243,2026092704,energy_equivariant
behavior.1,28,112,1.1175870895385742e-08,0.00010462368663866073,2026092704,energy_equivariant
behavior.2,28,112,1.4901161193847656e-08,0.00017189457139465958,2026092704,energy_equivariant
time.0,28,113,2.2351741790771484e-08,0.000435660476796329,2026092704,energy_equivariant
time.1,28,113,1.4901161193847656e-08,0.00019273428188171238,2026092704,energy_equivariant
time.2,28,113,1.4901161193847656e-08,0.0006463911267928779,2026092704,energy_equivariant
behavior.0,28,113,1.4901161193847656e-08,0.000189914382644929,2026092704,energy_equivariant
behavior.1,28,113,1.1175870895385742e-08,9.154903091257438e-05,2026092704,energy_equivariant
behavior.2,28,113,1.1175870895385742e-08,0.00014488716260530055,2026092704,energy_equivariant
time.0,28,114,2.9802322387695312e-08,0.0005068065947853029,2026092704,energy_equivariant
time.1,28,114,1.4901161193847656e-08,0.0002248541422886774,2026092704,energy_equivariant
time.2,28,114,2.9802322387695312e-08,0.0007258325349539518,2026092704,energy_equivariant
behavior.0,28,114,1.4901161193847656e-08,0.00021440527052618563,2026092704,energy_equivariant
behavior.1,28,114,1.1175870895385742e-08,9.952750406228006e-05,2026092704,energy_equivariant
behavior.2,28,114,2.2351741790771484e-08,0.00014968412870075554,2026092704,energy_equivariant
time.0,28,115,1.4901161193847656e-08,0.0005108442273922265,2026092704,energy_equivariant
time.1,28,115,1.4901161193847656e-08,0.00023869422147981822,2026092704,energy_equivariant
time.2,28,115,2.9802322387695312e-08,0.0008367364061996341,2026092704,energy_equivariant
behavior.0,28,115,1.4901161193847656e-08,0.00019408357911743224,2026092704,energy_equivariant
behavior.1,28,115,1.1175870895385742e-08,9.616056195227429e-05,2026092704,energy_equivariant
behavior.2,28,115,1.4901161193847656e-08,0.00017187507182825357,2026092704,energy_equivariant
time.0,28,116,2.2351741790771484e-08,0.0004356762219686061,2026092704,energy_equivariant
time.1,28,116,1.4901161193847656e-08,0.0002007712027989328,2026092704,energy_equivariant
time.2,28,116,2.9802322387695312e-08,0.0007210450130514801,2026092704,energy_equivariant
behavior.0,28,116,1.4901161193847656e-08,0.00019829311349894851,2026092704,energy_equivariant
behavior.1,28,116,1.1175870895385742e-08,9.734338527778164e-05,2026092704,energy_equivariant
behavior.2,28,116,1.4901161193847656e-08,0.00017667871725279838,2026092704,energy_equivariant
time.0,28,117,2.2351741790771484e-08,0.000509353936649859,2026092704,energy_equivariant
time.1,28,117,1.4901161193847656e-08,0.00022938119946047664,2026092704,energy_equivariant
time.2,28,117,2.9802322387695312e-08,0.0007736767292954028,2026092704,energy_equivariant
behavior.0,28,117,1.4901161193847656e-08,0.00019790617807302624,2026092704,energy_equivariant
behavior.1,28,117,1.1175870895385742e-08,9.563108324073255e-05,2026092704,energy_equivariant
behavior.2,28,117,1.1175870895385742e-08,0.00016754177340772003,2026092704,energy_equivariant
time.0,28,118,1.4901161193847656e-08,0.00043135907617397606,2026092704,energy_equivariant
time.1,28,118,1.4901161193847656e-08,0.00020432154997251928,2026092704,energy_equivariant
time.2,28,118,1.4901161193847656e-08,0.0006545859505422413,2026092704,energy_equivariant
behavior.0,28,118,1.4901161193847656e-08,0.00018475702381692827,2026092704,energy_equivariant
behavior.1,28,118,1.1175870895385742e-08,9.491303353570402e-05,2026092704,energy_equivariant
behavior.2,28,118,1.4901161193847656e-08,0.00015431884094141424,2026092704,energy_equivariant
time.0,28,119,1.4901161193847656e-08,0.0005112015642225742,2026092704,energy_equivariant
time.1,28,119,1.4901161193847656e-08,0.00023877035710029304,2026092704,energy_equivariant
time.2,28,119,2.9802322387695312e-08,0.0006772406050004065,2026092704,energy_equivariant
behavior.0,28,119,1.4901161193847656e-08,0.0001945077528944239,2026092704,energy_equivariant
behavior.1,28,119,1.4901161193847656e-08,9.832568321144208e-05,2026092704,energy_equivariant
behavior.2,28,119,1.1175870895385742e-08,0.0001641699200263247,2026092704,energy_equivariant
time.0,28,120,1.4901161193847656e-08,0.0005661688628606498,2026092704,energy_equivariant
time.1,28,120,1.4901161193847656e-08,0.0002457109512761235,2026092704,energy_equivariant
time.2,28,120,2.9802322387695312e-08,0.0007693116785958409,2026092704,energy_equivariant
behavior.0,28,120,1.4901161193847656e-08,0.00021278855274431407,2026092704,energy_equivariant
behavior.1,28,120,1.1175870895385742e-08,9.768163727130741e-05,2026092704,energy_equivariant
behavior.2,28,120,1.1175870895385742e-08,0.00014210336667019874,2026092704,energy_equivariant
time.0,28,121,1.4901161193847656e-08,0.0003905136836692691,2026092704,energy_equivariant
time.1,28,121,1.4901161193847656e-08,0.00018286683189217,2026092704,energy_equivariant
time.2,28,121,2.9802322387695312e-08,0.0005477908998727798,2026092704,energy_equivariant
behavior.0,28,121,2.2351741790771484e-08,0.0002039397950284183,2026092704,energy_equivariant
behavior.1,28,121,1.1175870895385742e-08,0.00010118550562765449,2026092704,energy_equivariant
behavior.2,28,121,1.4901161193847656e-08,0.00018368072051089257,2026092704,energy_equivariant
time.0,28,122,1.4901161193847656e-08,0.0005002640536986291,2026092704,energy_equivariant
time.1,28,122,1.4901161193847656e-08,0.00022159784566611052,2026092704,energy_equivariant
time.2,28,122,2.2351741790771484e-08,0.0006485598860308528,2026092704,energy_equivariant
behavior.0,28,122,1.4901161193847656e-08,0.00021108998043928295,2026092704,energy_equivariant
behavior.1,28,122,1.4901161193847656e-08,9.477663115831092e-05,2026092704,energy_equivariant
behavior.2,28,122,1.4901161193847656e-08,0.0001454720477340743,2026092704,energy_equivariant
time.0,28,123,2.9802322387695312e-08,0.0004978766664862633,2026092704,energy_equivariant
time.1,28,123,1.4901161193847656e-08,0.00022330015781335533,2026092704,energy_equivariant
time.2,28,123,2.9802322387695312e-08,0.0007233622018247843,2026092704,energy_equivariant
behavior.0,28,123,1.4901161193847656e-08,0.00019108525884803385,2026092704,energy_equivariant
behavior.1,28,123,1.4901161193847656e-08,0.00010709821071941406,2026092704,energy_equivariant
behavior.2,28,123,1.4901161193847656e-08,0.00017826152907218784,2026092704,energy_equivariant
time.0,28,124,1.4901161193847656e-08,0.00044220854761078954,2026092704,energy_equivariant
time.1,28,124,1.4901161193847656e-08,0.0001948502176674083,2026092704,energy_equivariant
time.2,28,124,2.9802322387695312e-08,0.0005937969544902444,2026092704,energy_equivariant
behavior.0,28,124,1.4901161193847656e-08,0.00019394308037590235,2026092704,energy_equivariant
behavior.1,28,124,1.1175870895385742e-08,0.00010026123345596716,2026092704,energy_equivariant
behavior.2,28,124,1.1175870895385742e-08,0.0001787979999789968,2026092704,energy_equivariant
time.0,28,125,2.2351741790771484e-08,0.0005014167400076985,2026092704,energy_equivariant
time.1,28,125,1.4901161193847656e-08,0.00022784860630054027,2026092704,energy_equivariant
time.2,28,125,1.4901161193847656e-08,0.000727276608813554,2026092704,energy_equivariant
behavior.0,28,125,1.4901161193847656e-08,0.00018912389350589365,2026092704,energy_equivariant
behavior.1,28,125,1.1175870895385742e-08,8.743627404328436e-05,2026092704,energy_equivariant
behavior.2,28,125,1.4901161193847656e-08,0.00015607666864525527,2026092704,energy_equivariant
time.0,28,126,2.2351741790771484e-08,0.00039989923243410885,2026092704,energy_equivariant
time.1,28,126,1.4901161193847656e-08,0.0001896109024528414,2026092704,energy_equivariant
time.2,28,126,1.4901161193847656e-08,0.0006221843068487942,2026092704,energy_equivariant
behavior.0,28,126,1.4901161193847656e-08,0.0001933788589667529,2026092704,energy_equivariant
behavior.1,28,126,1.1175870895385742e-08,9.912779933074489e-05,2026092704,energy_equivariant
behavior.2,28,126,1.1175870895385742e-08,0.00018146254296880215,2026092704,energy_equivariant
time.0,28,127,2.9802322387695312e-08,0.0005105336313135922,2026092704,energy_equivariant
time.1,28,127,1.4901161193847656e-08,0.00023095065262168646,2026092704,energy_equivariant
time.2,28,127,2.9802322387695312e-08,0.0007136882049962878,2026092704,energy_equivariant
behavior.0,28,127,1.4901161193847656e-08,0.00018817117961589247,2026092704,energy_equivariant
behavior.1,28,127,1.4901161193847656e-08,9.707416757009923e-05,2026092704,energy_equivariant
behavior.2,28,127,1.1175870895385742e-08,0.00016117571794893593,2026092704,energy_equivariant
time.0,28,128,2.9802322387695312e-08,0.0006183268851600587,2026092704,energy_equivariant
time.1,28,128,2.2351741790771484e-08,0.00027907249750569463,2026092704,energy_equivariant
time.2,28,128,4.470348358154297e-08,0.0008384944521822035,2026092704,energy_equivariant
behavior.0,28,128,1.4901161193847656e-08,0.00018266256665810943,2026092704,energy_equivariant
behavior.1,28,128,1.1175870895385742e-08,9.233977471012622e-05,2026092704,energy_equivariant
behavior.2,28,128,1.4901161193847656e-08,0.000180019938852638,2026092704,energy_equivariant
time.0,28,129,1.4901161193847656e-08,0.0004884977242909372,2026092704,energy_equivariant
time.1,28,129,1.4901161193847656e-08,0.0002189738443121314,2026092704,energy_equivariant
time.2,28,129,2.9802322387695312e-08,0.0006739136879332364,2026092704,energy_equivariant
behavior.0,28,129,1.4901161193847656e-08,0.00019358826102688909,2026092704,energy_equivariant
behavior.1,28,129,1.4901161193847656e-08,9.36335782171227e-05,2026092704,energy_equivariant
behavior.2,28,129,1.4901161193847656e-08,0.00015522295143455267,2026092704,energy_equivariant
time.0,28,130,2.9802322387695312e-08,0.0005158255808055401,2026092704,energy_equivariant
time.1,28,130,1.4901161193847656e-08,0.00023018030333332717,2026092704,energy_equivariant
time.2,28,130,2.9802322387695312e-08,0.0006956669967621565,2026092704,energy_equivariant
behavior.0,28,130,1.4901161193847656e-08,0.00021058728452771902,2026092704,energy_equivariant
behavior.1,28,130,1.1175870895385742e-08,9.911884262692183e-05,2026092704,energy_equivariant
behavior.2,28,130,1.4901161193847656e-08,0.0001963642134796828,2026092704,energy_equivariant
time.0,28,131,1.4901161193847656e-08,0.0004341267340350896,2026092704,energy_equivariant
time.1,28,131,1.4901161193847656e-08,0.0001934931642608717,2026092704,energy_equivariant
time.2,28,131,1.4901161193847656e-08,0.000596659432630986,2026092704,energy_equivariant
behavior.0,28,131,1.4901161193847656e-08,0.00019210622122045606,2026092704,energy_equivariant
behavior.1,28,131,1.1175870895385742e-08,9.793618664843962e-05,2026092704,energy_equivariant
behavior.2,28,131,7.450580596923828e-09,0.00016881112242117524,2026092704,energy_equivariant
time.0,28,132,2.2351741790771484e-08,0.0004194561915937811,2026092704,energy_equivariant
time.1,28,132,1.4901161193847656e-08,0.00019033890566788614,2026092704,energy_equivariant
time.2,28,132,2.9802322387695312e-08,0.0006082298932597041,2026092704,energy_equivariant
behavior.0,28,132,1.4901161193847656e-08,0.00019498342589940876,2026092704,energy_equivariant
behavior.1,28,132,1.1175870895385742e-08,9.337247320218012e-05,2026092704,energy_equivariant
behavior.2,28,132,1.4901161193847656e-08,0.000156775422510691,2026092704,energy_equivariant
time.0,28,133,3.725290298461914e-08,0.0004955793265253305,2026092704,energy_equivariant
time.1,28,133,1.4901161193847656e-08,0.00023320925538428128,2026092704,energy_equivariant
time.2,28,133,2.2351741790771484e-08,0.0006982298218645155,2026092704,energy_equivariant
behavior.0,28,133,1.4901161193847656e-08,0.00020255977869965136,2026092704,energy_equivariant
behavior.1,28,133,1.1175870895385742e-08,0.00010062372166430578,2026092704,energy_equivariant
behavior.2,28,133,1.4901161193847656e-08,0.00019041882478632033,2026092704,energy_equivariant
time.0,28,134,1.4901161193847656e-08,0.0004692328511737287,2026092704,energy_equivariant
time.1,28,134,1.4901161193847656e-08,0.0002194622065871954,2026092704,energy_equivariant
time.2,28,134,2.9802322387695312e-08,0.0006770408363081515,2026092704,energy_equivariant
behavior.0,28,134,1.4901161193847656e-08,0.00018670382269192487,2026092704,energy_equivariant
behavior.1,28,134,7.450580596923828e-09,9.588171087671071e-05,2026092704,energy_equivariant
behavior.2,28,134,1.4901161193847656e-08,0.0001765389897627756,2026092704,energy_equivariant
time.0,28,135,1.4901161193847656e-08,0.00043468171497806907,2026092704,energy_equivariant
time.1,28,135,1.4901161193847656e-08,0.00019288407929707319,2026092704,energy_equivariant
time.2,28,135,2.9802322387695312e-08,0.0006139591569080949,2026092704,energy_equivariant
behavior.0,28,135,1.4901161193847656e-08,0.0001985151757253334,2026092704,energy_equivariant
behavior.1,28,135,1.1175870895385742e-08,0.00010512091830605641,2026092704,energy_equivariant
behavior.2,28,135,1.4901161193847656e-08,0.0001705125323496759,2026092704,energy_equivariant
time.0,28,136,1.4901161193847656e-08,0.0005239307065494359,2026092704,energy_equivariant
time.1,28,136,1.1175870895385742e-08,0.00023393300944007933,2026092704,energy_equivariant
time.2,28,136,2.9802322387695312e-08,0.0006641850341111422,2026092704,energy_equivariant
behavior.0,28,136,1.4901161193847656e-08,0.00021448339975904673,2026092704,energy_equivariant
behavior.1,28,136,1.1175870895385742e-08,0.0001097253552870825,2026092704,energy_equivariant
behavior.2,28,136,1.4901161193847656e-08,0.00015441671712324023,2026092704,energy_equivariant
time.0,28,137,2.9802322387695312e-08,0.0005667470395565033,2026092704,energy_equivariant
time.1,28,137,1.4901161193847656e-08,0.000242163660004735,2026092704,energy_equivariant
time.2,28,137,2.2351741790771484e-08,0.0007428395329043269,2026092704,energy_equivariant
behavior.0,28,137,1.4901161193847656e-08,0.0002021269901888445,2026092704,energy_equivariant
behavior.1,28,137,1.4901161193847656e-08,9.563398634782061e-05,2026092704,energy_equivariant
behavior.2,28,137,1.1175870895385742e-08,0.00017527547606732696,2026092704,energy_equivariant
time.0,28,138,2.2351741790771484e-08,0.000409038009820506,2026092704,energy_equivariant
time.1,28,138,1.4901161193847656e-08,0.00019001116743311286,2026092704,energy_equivariant
time.2,28,138,2.9802322387695312e-08,0.0005740574561059475,2026092704,energy_equivariant
behavior.0,28,138,1.4901161193847656e-08,0.00019119346688967198,2026092704,energy_equivariant
behavior.1,28,138,1.4901161193847656e-08,0.00011021506361430511,2026092704,energy_equivariant
behavior.2,28,138,1.4901161193847656e-08,0.00018460223509464413,2026092704,energy_equivariant
time.0,28,139,2.2351741790771484e-08,0.000588993716519326,2026092704,energy_equivariant
time.1,28,139,1.4901161193847656e-08,0.0002576022525317967,2026092704,energy_equivariant
time.2,28,139,2.9802322387695312e-08,0.0007760728476569057,2026092704,energy_equivariant
behavior.0,28,139,1.4901161193847656e-08,0.00018885775352828205,2026092704,energy_equivariant
behavior.1,28,139,1.1175870895385742e-08,9.444946772418916e-05,2026092704,energy_equivariant
behavior.2,28,139,1.4901161193847656e-08,0.0001605580619070679,2026092704,energy_equivariant
time.0,28,140,2.2351741790771484e-08,0.0005497859674505889,2026092704,energy_equivariant
time.1,28,140,1.4901161193847656e-08,0.00023942432017065585,2026092704,energy_equivariant
time.2,28,140,2.9802322387695312e-08,0.0007264026789925992,2026092704,energy_equivariant
behavior.0,28,140,1.4901161193847656e-08,0.00018981147150043398,2026092704,energy_equivariant
behavior.1,28,140,7.450580596923828e-09,9.613581642042845e-05,2026092704,energy_equivariant
behavior.2,28,140,1.4901161193847656e-08,0.00017732226115185767,2026092704,energy_equivariant
time.0,28,141,2.2351741790771484e-08,0.0004250273632351309,2026092704,energy_equivariant
time.1,28,141,1.4901161193847656e-08,0.0001938919594977051,2026092704,energy_equivariant
time.2,28,141,2.9802322387695312e-08,0.0005392571911215782,2026092704,energy_equivariant
behavior.0,28,141,2.2351741790771484e-08,0.00019647904264274985,2026092704,energy_equivariant
behavior.1,28,141,1.1175870895385742e-08,9.631031571188942e-05,2026092704,energy_equivariant
behavior.2,28,141,1.1175870895385742e-08,0.00017789265257306397,2026092704,energy_equivariant
time.0,28,142,1.4901161193847656e-08,0.0004425403894856572,2026092704,energy_equivariant
time.1,28,142,1.4901161193847656e-08,0.00018971433746628463,2026092704,energy_equivariant
time.2,28,142,2.9802322387695312e-08,0.0006037665880285203,2026092704,energy_equivariant
behavior.0,28,142,1.4901161193847656e-08,0.00018114956037607044,2026092704,energy_equivariant
behavior.1,28,142,1.1175870895385742e-08,9.257526107830927e-05,2026092704,energy_equivariant
behavior.2,28,142,1.4901161193847656e-08,0.00016852222324814647,2026092704,energy_equivariant
time.0,28,143,2.2351741790771484e-08,0.000570078962482512,2026092704,energy_equivariant
time.1,28,143,1.4901161193847656e-08,0.00023725822393316776,2026092704,energy_equivariant
time.2,28,143,2.9802322387695312e-08,0.0008273127605207264,2026092704,energy_equivariant
behavior.0,28,143,1.1175870895385742e-08,0.00018008249753620476,2026092704,energy_equivariant
behavior.1,28,143,1.1175870895385742e-08,9.272176248487085e-05,2026092704,energy_equivariant
behavior.2,28,143,1.4901161193847656e-08,0.00017575347737874836,2026092704,energy_equivariant
time.0,28,144,2.2351741790771484e-08,0.00046083860797807574,2026092704,energy_equivariant
time.1,28,144,1.1175870895385742e-08,0.00019369817164260894,2026092704,energy_equivariant
time.2,28,144,2.9802322387695312e-08,0.0006644751993007958,2026092704,energy_equivariant
behavior.0,28,144,1.4901161193847656e-08,0.0001868095132522285,2026092704,energy_equivariant
behavior.1,28,144,1.1175870895385742e-08,9.831490024225786e-05,2026092704,energy_equivariant
behavior.2,28,144,1.4901161193847656e-08,0.0001719546562526375,2026092704,energy_equivariant
time.0,28,145,2.9802322387695312e-08,0.0004972034366801381,2026092704,energy_equivariant
time.1,28,145,1.4901161193847656e-08,0.00021046254551038146,2026092704,energy_equivariant
time.2,28,145,1.4901161193847656e-08,0.0006864922470413148,2026092704,energy_equivariant
behavior.0,28,145,1.4901161193847656e-08,0.00019843388872686774,2026092704,energy_equivariant
behavior.1,28,145,1.1175870895385742e-08,9.354127541882917e-05,2026092704,energy_equivariant
behavior.2,28,145,1.4901161193847656e-08,0.00016817449068184942,2026092704,energy_equivariant
time.0,28,146,1.4901161193847656e-08,0.00043152726721018553,2026092704,energy_equivariant
time.1,28,146,1.4901161193847656e-08,0.00018201491911895573,2026092704,energy_equivariant
time.2,28,146,2.9802322387695312e-08,0.0006109102396294475,2026092704,energy_equivariant
behavior.0,28,146,1.4901161193847656e-08,0.00018863916920963675,2026092704,energy_equivariant
behavior.1,28,146,7.450580596923828e-09,9.419789421372116e-05,2026092704,energy_equivariant
behavior.2,28,146,1.1175870895385742e-08,0.00017171241051983088,2026092704,energy_equivariant
time.0,28,147,1.4901161193847656e-08,0.0004927841946482658,2026092704,energy_equivariant
time.1,28,147,1.1175870895385742e-08,0.00021478714188560843,2026092704,energy_equivariant
time.2,28,147,2.9802322387695312e-08,0.0006964221829548478,2026092704,energy_equivariant
behavior.0,28,147,1.4901161193847656e-08,0.00019233807688578963,2026092704,energy_equivariant
behavior.1,28,147,7.450580596923828e-09,9.816883539315313e-05,2026092704,energy_equivariant
behavior.2,28,147,1.1175870895385742e-08,0.0001845188526203856,2026092704,energy_equivariant
time.0,28,148,2.9802322387695312e-08,0.000581450411118567,2026092704,energy_equivariant
time.1,28,148,1.4901161193847656e-08,0.00025213108165189624,2026092704,energy_equivariant
time.2,28,148,2.9802322387695312e-08,0.0008355130557902157,2026092704,energy_equivariant
behavior.0,28,148,1.4901161193847656e-08,0.0001867846876848489,2026092704,energy_equivariant
behavior.1,28,148,1.1175870895385742e-08,9.575710282661021e-05,2026092704,energy_equivariant
behavior.2,28,148,2.2351741790771484e-08,0.00017039544763974845,2026092704,energy_equivariant
time.0,28,149,2.2351741790771484e-08,0.000517378794029355,2026092704,energy_equivariant
time.1,28,149,1.4901161193847656e-08,0.0002152549714082852,2026092704,energy_equivariant
time.2,28,149,2.9802322387695312e-08,0.0007398825837299228,2026092704,energy_equivariant
behavior.0,28,149,2.2351741790771484e-08,0.00018419846310280263,2026092704,energy_equivariant
behavior.1,28,149,7.450580596923828e-09,8.934356446843594e-05,2026092704,energy_equivariant
behavior.2,28,149,1.1175870895385742e-08,0.00015056222036946565,2026092704,energy_equivariant
time.0,28,150,2.2351741790771484e-08,0.0005635396810248494,2026092704,energy_equivariant
time.1,28,150,1.4901161193847656e-08,0.00025211292086169124,2026092704,energy_equivariant
time.2,28,150,4.470348358154297e-08,0.000783261435572058,2026092704,energy_equivariant
behavior.0,28,150,2.2351741790771484e-08,0.00019237423839513212,2026092704,energy_equivariant
behavior.1,28,150,1.1175870895385742e-08,0.00010220131662208587,2026092704,energy_equivariant
behavior.2,28,150,1.1175870895385742e-08,0.00020876983762718737,2026092704,energy_equivariant
time.0,28,151,2.2351741790771484e-08,0.0005099200643599033,2026092704,energy_equivariant
time.1,28,151,2.2351741790771484e-08,0.0002279568579979241,2026092704,energy_equivariant
time.2,28,151,2.9802322387695312e-08,0.0007386616198346019,2026092704,energy_equivariant
behavior.0,28,151,1.862645149230957e-08,0.00018539732263889164,2026092704,energy_equivariant
behavior.1,28,151,1.1175870895385742e-08,9.927239443641156e-05,2026092704,energy_equivariant
behavior.2,28,151,1.4901161193847656e-08,0.00018129173258785158,2026092704,energy_equivariant
time.0,28,152,2.2351741790771484e-08,0.00037415174301713705,2026092704,energy_equivariant
time.1,28,152,2.2351741790771484e-08,0.00016692531062290072,2026092704,energy_equivariant
time.2,28,152,1.4901161193847656e-08,0.0005280252080410719,2026092704,energy_equivariant
behavior.0,28,152,1.4901161193847656e-08,0.00019433727720752358,2026092704,energy_equivariant
behavior.1,28,152,7.450580596923828e-09,8.979413541965187e-05,2026092704,energy_equivariant
behavior.2,28,152,1.4901161193847656e-08,0.00016568654973525554,2026092704,energy_equivariant
time.0,28,153,1.4901161193847656e-08,0.0004193430650047958,2026092704,energy_equivariant
time.1,28,153,1.4901161193847656e-08,0.00019731296924874187,2026092704,energy_equivariant
time.2,28,153,2.9802322387695312e-08,0.0005895411595702171,2026092704,energy_equivariant
behavior.0,28,153,1.4901161193847656e-08,0.0002072212955681607,2026092704,energy_equivariant
behavior.1,28,153,7.450580596923828e-09,0.0001009472252917476,2026092704,energy_equivariant
behavior.2,28,153,1.1175870895385742e-08,0.00016222376143559813,2026092704,energy_equivariant
time.0,28,154,2.9802322387695312e-08,0.0005476341466419399,2026092704,energy_equivariant
time.1,28,154,1.4901161193847656e-08,0.0002604980254545808,2026092704,energy_equivariant
time.2,28,154,2.9802322387695312e-08,0.0007772704702802002,2026092704,energy_equivariant
behavior.0,28,154,1.4901161193847656e-08,0.00018023686425294727,2026092704,energy_equivariant
behavior.1,28,154,1.1175870895385742e-08,9.268456051358953e-05,2026092704,energy_equivariant
behavior.2,28,154,1.4901161193847656e-08,0.00016433473501820117,2026092704,energy_equivariant
time.0,28,155,1.4901161193847656e-08,0.00047443166840821505,2026092704,energy_equivariant
time.1,28,155,1.4901161193847656e-08,0.00022107113909441978,2026092704,energy_equivariant
time.2,28,155,2.9802322387695312e-08,0.0006842974107712507,2026092704,energy_equivariant
behavior.0,28,155,1.4901161193847656e-08,0.00018787261797115207,2026092704,energy_equivariant
behavior.1,28,155,1.1175870895385742e-08,8.706250810064375e-05,2026092704,energy_equivariant
behavior.2,28,155,1.4901161193847656e-08,0.00013904590741731226,2026092704,energy_equivariant
time.0,28,156,2.9802322387695312e-08,0.0006322599947452545,2026092704,energy_equivariant
time.1,28,156,1.4901161193847656e-08,0.0002860196109395474,2026092704,energy_equivariant
time.2,28,156,2.9802322387695312e-08,0.0008610536460764706,2026092704,energy_equivariant
behavior.0,28,156,1.4901161193847656e-08,0.00019225345749873668,2026092704,energy_equivariant
behavior.1,28,156,1.4901161193847656e-08,9.662290540290996e-05,2026092704,energy_equivariant
behavior.2,28,156,1.1175870895385742e-08,0.00015480954607483,2026092704,energy_equivariant
time.0,28,157,1.4901161193847656e-08,0.00048709462862461805,2026092704,energy_equivariant
time.1,28,157,1.4901161193847656e-08,0.0002199475420638919,2026092704,energy_equivariant
time.2,28,157,4.470348358154297e-08,0.0006481925956904888,2026092704,energy_equivariant
behavior.0,28,157,2.9802322387695312e-08,0.00023555729421786964,2026092704,energy_equivariant
behavior.1,28,157,1.1175870895385742e-08,0.00010635255603119731,2026092704,energy_equivariant
behavior.2,28,157,1.4901161193847656e-08,0.00018280587391927838,2026092704,energy_equivariant
time.0,28,158,2.2351741790771484e-08,0.0004566260613501072,2026092704,energy_equivariant
time.1,28,158,1.4901161193847656e-08,0.00021212927822489291,2026092704,energy_equivariant
time.2,28,158,2.9802322387695312e-08,0.0006581168854609132,2026092704,energy_equivariant
behavior.0,28,158,1.4901161193847656e-08,0.00019030888506677002,2026092704,energy_equivariant
behavior.1,28,158,1.1175870895385742e-08,8.91236777533777e-05,2026092704,energy_equivariant
behavior.2,28,158,1.1175870895385742e-08,0.00015294963668566197,2026092704,energy_equivariant
time.0,28,159,1.4901161193847656e-08,0.000434695219155401,2026092704,energy_equivariant
time.1,28,159,1.4901161193847656e-08,0.00019642345432657748,2026092704,energy_equivariant
time.2,28,159,2.9802322387695312e-08,0.0006027240306138992,2026092704,energy_equivariant
behavior.0,28,159,1.4901161193847656e-08,0.000185442142537795,2026092704,energy_equivariant
behavior.1,28,159,7.450580596923828e-09,9.128925739787519e-05,2026092704,energy_equivariant
behavior.2,28,159,1.4901161193847656e-08,0.00015406403690576553,2026092704,energy_equivariant
time.0,28,160,2.9802322387695312e-08,0.0006302664405666292,2026092704,energy_equivariant
time.1,28,160,2.2351741790771484e-08,0.00026974512729793787,2026092704,energy_equivariant
time.2,28,160,2.9802322387695312e-08,0.0008504182915203273,2026092704,energy_equivariant
behavior.0,28,160,1.4901161193847656e-08,0.00020521643455140293,2026092704,energy_equivariant
behavior.1,28,160,1.4901161193847656e-08,0.00010179470700677484,2026092704,energy_equivariant
behavior.2,28,160,1.4901161193847656e-08,0.00016110853175632656,2026092704,energy_equivariant
time.0,28,161,1.4901161193847656e-08,0.0005632990505546331,2026092704,energy_equivariant
time.1,28,161,1.4901161193847656e-08,0.000244155409745872,2026092704,energy_equivariant
time.2,28,161,2.9802322387695312e-08,0.0007746394840069115,2026092704,energy_equivariant
behavior.0,28,161,1.4901161193847656e-08,0.00018113054102286696,2026092704,energy_equivariant
behavior.1,28,161,1.1175870895385742e-08,9.400411363458261e-05,2026092704,energy_equivariant
behavior.2,28,161,1.4901161193847656e-08,0.00016182649414986372,2026092704,energy_equivariant
time.0,28,162,1.4901161193847656e-08,0.00036785827251151204,2026092704,energy_equivariant
time.1,28,162,1.1175870895385742e-08,0.0001687161420704797,2026092704,energy_equivariant
time.2,28,162,2.9802322387695312e-08,0.0005120170535519719,2026092704,energy_equivariant
behavior.0,28,162,1.4901161193847656e-08,0.00017253047553822398,2026092704,energy_equivariant
behavior.1,28,162,1.1175870895385742e-08,9.513742406852543e-05,2026092704,energy_equivariant
behavior.2,28,162,1.1175870895385742e-08,0.00015957053983584046,2026092704,energy_equivariant
time.0,28,163,1.4901161193847656e-08,0.000524083327036351,2026092704,energy_equivariant
time.1,28,163,1.4901161193847656e-08,0.00022285885643213987,2026092704,energy_equivariant
time.2,28,163,2.9802322387695312e-08,0.0007233813521452248,2026092704,energy_equivariant
behavior.0,28,163,1.4901161193847656e-08,0.0001885172532638535,2026092704,energy_equivariant
behavior.1,28,163,1.1175870895385742e-08,8.816639456199482e-05,2026092704,energy_equivariant
behavior.2,28,163,1.4901161193847656e-08,0.00016833984409458935,2026092704,energy_equivariant
time.0,28,164,1.4901161193847656e-08,0.0005222266190685332,2026092704,energy_equivariant
time.1,28,164,1.4901161193847656e-08,0.0002254996943520382,2026092704,energy_equivariant
time.2,28,164,1.4901161193847656e-08,0.0007203706190921366,2026092704,energy_equivariant
behavior.0,28,164,1.4901161193847656e-08,0.000189721497008577,2026092704,energy_equivariant
behavior.1,28,164,7.450580596923828e-09,0.00010120744263986126,2026092704,energy_equivariant
behavior.2,28,164,1.1175870895385742e-08,0.00018807339074555784,2026092704,energy_equivariant
time.0,28,165,2.2351741790771484e-08,0.000490969221573323,2026092704,energy_equivariant
time.1,28,165,2.2351741790771484e-08,0.00021875722450204194,2026092704,energy_equivariant
time.2,28,165,2.9802322387695312e-08,0.000707015220541507,2026092704,energy_equivariant
behavior.0,28,165,1.1175870895385742e-08,0.00018576852744445205,2026092704,energy_equivariant
behavior.1,28,165,1.1175870895385742e-08,9.550824324833229e-05,2026092704,energy_equivariant
behavior.2,28,165,1.4901161193847656e-08,0.0001904251694213599,2026092704,energy_equivariant
time.0,28,166,1.4901161193847656e-08,0.0004232226638123393,2026092704,energy_equivariant
time.1,28,166,1.4901161193847656e-08,0.00018803893181029707,2026092704,energy_equivariant
time.2,28,166,2.9802322387695312e-08,0.000613644951954484,2026092704,energy_equivariant
behavior.0,28,166,1.4901161193847656e-08,0.00019087370310444385,2026092704,energy_equivariant
behavior.1,28,166,1.1175870895385742e-08,0.00010183207632508129,2026092704,energy_equivariant
behavior.2,28,166,2.2351741790771484e-08,0.00017073607887141407,2026092704,energy_equivariant
time.0,28,167,2.2351741790771484e-08,0.0005717165768146515,2026092704,energy_equivariant
time.1,28,167,2.2351741790771484e-08,0.00026383972726762295,2026092704,energy_equivariant
time.2,28,167,2.9802322387695312e-08,0.0008071553311310709,2026092704,energy_equivariant
behavior.0,28,167,1.4901161193847656e-08,0.00025468412786722183,2026092704,energy_equivariant
behavior.1,28,167,1.1175870895385742e-08,0.000122631317935884,2026092704,energy_equivariant
behavior.2,28,167,1.4901161193847656e-08,0.00019227138545829803,2026092704,energy_equivariant
time.0,28,168,1.4901161193847656e-08,0.0004097283526789397,2026092704,energy_equivariant
time.1,28,168,1.4901161193847656e-08,0.00017718758317641914,2026092704,energy_equivariant
time.2,28,168,1.4901161193847656e-08,0.0005711870035156608,2026092704,energy_equivariant
behavior.0,28,168,1.4901161193847656e-08,0.0001976704952539876,2026092704,energy_equivariant
behavior.1,28,168,1.1175870895385742e-08,0.00010054810263682157,2026092704,energy_equivariant
behavior.2,28,168,1.4901161193847656e-08,0.0001776188873918727,2026092704,energy_equivariant
time.0,28,169,1.4901161193847656e-08,0.0005163880414329469,2026092704,energy_equivariant
time.1,28,169,1.4901161193847656e-08,0.00023016722116153687,2026092704,energy_equivariant
time.2,28,169,2.9802322387695312e-08,0.0007448032265529037,2026092704,energy_equivariant
behavior.0,28,169,1.4901161193847656e-08,0.00018965058552566916,2026092704,energy_equivariant
behavior.1,28,169,1.1175870895385742e-08,0.00010045087401522323,2026092704,energy_equivariant
behavior.2,28,169,1.1175870895385742e-08,0.0001953859900822863,2026092704,energy_equivariant
time.0,28,170,1.4901161193847656e-08,0.0004747743660118431,2026092704,energy_equivariant
time.1,28,170,1.4901161193847656e-08,0.00020497009973041713,2026092704,energy_equivariant
time.2,28,170,2.9802322387695312e-08,0.0006495772977359593,2026092704,energy_equivariant
behavior.0,28,170,1.4901161193847656e-08,0.00020328929531387985,2026092704,energy_equivariant
behavior.1,28,170,1.1175870895385742e-08,9.322049299953505e-05,2026092704,energy_equivariant
behavior.2,28,170,1.4901161193847656e-08,0.00016525261162314564,2026092704,energy_equivariant
time.0,28,171,2.9802322387695312e-08,0.0005701560876332223,2026092704,energy_equivariant
time.1,28,171,1.4901161193847656e-08,0.00023895720369182527,2026092704,energy_equivariant
time.2,28,171,2.2351741790771484e-08,0.0007768238428980112,2026092704,energy_equivariant
behavior.0,28,171,1.4901161193847656e-08,0.00023552277707494795,2026092704,energy_equivariant
behavior.1,28,171,1.1175870895385742e-08,0.00010446200030855834,2026092704,energy_equivariant
behavior.2,28,171,1.4901161193847656e-08,0.00017818385094869882,2026092704,energy_equivariant
time.0,28,172,1.4901161193847656e-08,0.0005180754233151674,2026092704,energy_equivariant
time.1,28,172,1.4901161193847656e-08,0.00022186301066540182,2026092704,energy_equivariant
time.2,28,172,4.470348358154297e-08,0.0007218795944936574,2026092704,energy_equivariant
behavior.0,28,172,1.4901161193847656e-08,0.00018960294255521148,2026092704,energy_equivariant
behavior.1,28,172,1.1175870895385742e-08,8.99074220797047e-05,2026092704,energy_equivariant
behavior.2,28,172,1.4901161193847656e-08,0.00017055563512258232,2026092704,energy_equivariant
time.0,28,173,2.2351741790771484e-08,0.0004234093939885497,2026092704,energy_equivariant
time.1,28,173,1.4901161193847656e-08,0.0001908932172227651,2026092704,energy_equivariant
time.2,28,173,1.4901161193847656e-08,0.0006150943227112293,2026092704,energy_equivariant
behavior.0,28,173,1.4901161193847656e-08,0.0001796029828255996,2026092704,energy_equivariant
behavior.1,28,173,7.450580596923828e-09,9.212992881657556e-05,2026092704,energy_equivariant
behavior.2,28,173,1.1175870895385742e-08,0.0001637029054109007,2026092704,energy_equivariant
time.0,28,174,2.2351741790771484e-08,0.00045205585774965584,2026092704,energy_equivariant
time.1,28,174,1.4901161193847656e-08,0.00020324267097748816,2026092704,energy_equivariant
time.2,28,174,2.9802322387695312e-08,0.0006068404763936996,2026092704,energy_equivariant
behavior.0,28,174,1.4901161193847656e-08,0.00023295804567169398,2026092704,energy_equivariant
behavior.1,28,174,1.4901161193847656e-08,0.00010301017027813941,2026092704,energy_equivariant
behavior.2,28,174,1.1175870895385742e-08,0.00015863128646742553,2026092704,energy_equivariant
time.0,28,175,2.9802322387695312e-08,0.0005004684207960963,2026092704,energy_equivariant
time.1,28,175,1.4901161193847656e-08,0.0002247090160381049,2026092704,energy_equivariant
time.2,28,175,2.9802322387695312e-08,0.0006974612479098141,2026092704,energy_equivariant
behavior.0,28,175,1.4901161193847656e-08,0.00018082013411913067,2026092704,energy_equivariant
behavior.1,28,175,1.1175870895385742e-08,9.842911822488531e-05,2026092704,energy_equivariant
behavior.2,28,175,1.4901161193847656e-08,0.00015823320427443832,2026092704,energy_equivariant
time.0,28,176,2.9802322387695312e-08,0.0006481515010818839,2026092704,energy_equivariant
time.1,28,176,1.4901161193847656e-08,0.00027197381132282317,2026092704,energy_equivariant
time.2,28,176,2.9802322387695312e-08,0.0008935310179367661,2026092704,energy_equivariant
behavior.0,28,176,1.4901161193847656e-08,0.00019456649897620082,2026092704,energy_equivariant
behavior.1,28,176,7.450580596923828e-09,8.771017019171268e-05,2026092704,energy_equivariant
behavior.2,28,176,1.1175870895385742e-08,0.00014151928189676255,2026092704,energy_equivariant
time.0,28,177,1.4901161193847656e-08,0.0005059229442849755,2026092704,energy_equivariant
time.1,28,177,1.1175870895385742e-08,0.0002165502664865926,2026092704,energy_equivariant
time.2,28,177,1.4901161193847656e-08,0.0007041568169370294,2026092704,energy_equivariant
behavior.0,28,177,1.1175870895385742e-08,0.0001934497122419998,2026092704,energy_equivariant
behavior.1,28,177,1.1175870895385742e-08,9.025660256156698e-05,2026092704,energy_equivariant
behavior.2,28,177,1.4901161193847656e-08,0.0001616822264622897,2026092704,energy_equivariant
time.0,28,178,2.2351741790771484e-08,0.0005104477750137448,2026092704,energy_equivariant
time.1,28,178,1.1175870895385742e-08,0.0002270902186864987,2026092704,energy_equivariant
time.2,28,178,2.9802322387695312e-08,0.0006951108807697892,2026092704,energy_equivariant
behavior.0,28,178,1.4901161193847656e-08,0.00019359843281563371,2026092704,energy_equivariant
behavior.1,28,178,1.4901161193847656e-08,9.540394239593297e-05,2026092704,energy_equivariant
behavior.2,28,178,1.1175870895385742e-08,0.000186893084901385,2026092704,energy_equivariant
time.0,28,179,2.2351741790771484e-08,0.0006442673038691282,2026092704,energy_equivariant
time.1,28,179,2.2351741790771484e-08,0.00026968945167027414,2026092704,energy_equivariant
time.2,28,179,2.9802322387695312e-08,0.0008695699507370591,2026092704,energy_equivariant
behavior.0,28,179,1.4901161193847656e-08,0.0001973152975551784,2026092704,energy_equivariant
behavior.1,28,179,1.1175870895385742e-08,8.679954771650955e-05,2026092704,energy_equivariant
behavior.2,28,179,1.1175870895385742e-08,0.00015274382894858718,2026092704,energy_equivariant
time.0,28,180,1.4901161193847656e-08,0.00047215522499755025,2026092704,energy_equivariant
time.1,28,180,1.4901161193847656e-08,0.00020177304395474494,2026092704,energy_equivariant
time.2,28,180,2.9802322387695312e-08,0.0006557578453794122,2026092704,energy_equivariant
behavior.0,28,180,1.4901161193847656e-08,0.00019731972133740783,2026092704,energy_equivariant
behavior.1,28,180,1.1175870895385742e-08,9.550458344165236e-05,2026092704,energy_equivariant
behavior.2,28,180,1.4901161193847656e-08,0.00018215282761957496,2026092704,energy_equivariant
time.0,28,181,2.2351741790771484e-08,0.0004992590984329581,2026092704,energy_equivariant
time.1,28,181,1.4901161193847656e-08,0.00022179145889822394,2026092704,energy_equivariant
time.2,28,181,2.9802322387695312e-08,0.0007077212212607265,2026092704,energy_equivariant
behavior.0,28,181,1.4901161193847656e-08,0.00018931407248601317,2026092704,energy_equivariant
behavior.1,28,181,1.4901161193847656e-08,0.00011005076521541923,2026092704,energy_equivariant
behavior.2,28,181,1.1175870895385742e-08,0.000206904107471928,2026092704,energy_equivariant
time.0,28,182,1.4901161193847656e-08,0.0003642032970674336,2026092704,energy_equivariant
time.1,28,182,1.4901161193847656e-08,0.00016642120317555964,2026092704,energy_equivariant
time.2,28,182,1.4901161193847656e-08,0.0005226655048318207,2026092704,energy_equivariant
behavior.0,28,182,1.4901161193847656e-08,0.00018520155572332442,2026092704,energy_equivariant
behavior.1,28,182,1.1175870895385742e-08,9.949236118700355e-05,2026092704,energy_equivariant
behavior.2,28,182,1.1175870895385742e-08,0.00015792675549164414,2026092704,energy_equivariant
time.0,28,183,2.2351741790771484e-08,0.0005558758275583386,2026092704,energy_equivariant
time.1,28,183,1.4901161193847656e-08,0.00024880931596271694,2026092704,energy_equivariant
time.2,28,183,2.9802322387695312e-08,0.0007551439921371639,2026092704,energy_equivariant
behavior.0,28,183,1.4901161193847656e-08,0.0001877757313195616,2026092704,energy_equivariant
behavior.1,28,183,1.1175870895385742e-08,0.00010099942301167175,2026092704,energy_equivariant
behavior.2,28,183,1.4901161193847656e-08,0.0001623321877559647,2026092704,energy_equivariant
time.0,28,184,2.2351741790771484e-08,0.0004718897689599544,2026092704,energy_equivariant
time.1,28,184,1.4901161193847656e-08,0.00020941108232364058,2026092704,energy_equivariant
time.2,28,184,2.2351741790771484e-08,0.000642798317130655,2026092704,energy_equivariant
behavior.0,28,184,1.4901161193847656e-08,0.00018601230112835765,2026092704,energy_equivariant
behavior.1,28,184,1.1175870895385742e-08,9.755766222951934e-05,2026092704,energy_equivariant
behavior.2,28,184,1.4901161193847656e-08,0.0001969997101696208,2026092704,energy_equivariant
time.0,28,185,1.4901161193847656e-08,0.0003662717645056546,2026092704,energy_equivariant
time.1,28,185,1.4901161193847656e-08,0.00017021932580973953,2026092704,energy_equivariant
time.2,28,185,2.9802322387695312e-08,0.0005101103452034295,2026092704,energy_equivariant
behavior.0,28,185,1.4901161193847656e-08,0.0001912533480208367,2026092704,energy_equivariant
behavior.1,28,185,1.1175870895385742e-08,9.682695235824212e-05,2026092704,energy_equivariant
behavior.2,28,185,1.4901161193847656e-08,0.00016740367573220283,2026092704,energy_equivariant
time.0,28,186,1.4901161193847656e-08,0.0005855697672814131,2026092704,energy_equivariant
time.1,28,186,1.4901161193847656e-08,0.00025742786237969995,2026092704,energy_equivariant
time.2,28,186,2.2351741790771484e-08,0.0007660515839233994,2026092704,energy_equivariant
behavior.0,28,186,1.4901161193847656e-08,0.00019439685274846852,2026092704,energy_equivariant
behavior.1,28,186,1.1175870895385742e-08,9.611946006771177e-05,2026092704,energy_equivariant
behavior.2,28,186,1.4901161193847656e-08,0.0001854376750998199,2026092704,energy_equivariant
time.0,28,187,2.9802322387695312e-08,0.0006942006293684244,2026092704,energy_equivariant
time.1,28,187,1.4901161193847656e-08,0.0003005879698321223,2026092704,energy_equivariant
time.2,28,187,2.9802322387695312e-08,0.0009007405024021864,2026092704,energy_equivariant
behavior.0,28,187,1.4901161193847656e-08,0.00018607519450597465,2026092704,energy_equivariant
behavior.1,28,187,1.1175870895385742e-08,9.553852578392252e-05,2026092704,energy_equivariant
behavior.2,28,187,1.4901161193847656e-08,0.0001528816355857998,2026092704,energy_equivariant
time.0,28,188,2.2351741790771484e-08,0.00041947170393541455,2026092704,energy_equivariant
time.1,28,188,1.1175870895385742e-08,0.000186613600817509,2026092704,energy_equivariant
time.2,28,188,1.4901161193847656e-08,0.0005915647489018738,2026092704,energy_equivariant
behavior.0,28,188,1.4901161193847656e-08,0.00020856544142588973,2026092704,energy_equivariant
behavior.1,28,188,1.1175870895385742e-08,8.793750021141022e-05,2026092704,energy_equivariant
behavior.2,28,188,1.4901161193847656e-08,0.00014416748308576643,2026092704,energy_equivariant
time.0,28,189,2.9802322387695312e-08,0.0005245585343800485,2026092704,energy_equivariant
time.1,28,189,1.4901161193847656e-08,0.00023208162747323513,2026092704,energy_equivariant
time.2,28,189,2.9802322387695312e-08,0.0007165638380683959,2026092704,energy_equivariant
behavior.0,28,189,1.4901161193847656e-08,0.00018639623885974288,2026092704,energy_equivariant
behavior.1,28,189,1.1175870895385742e-08,9.208363917423412e-05,2026092704,energy_equivariant
behavior.2,28,189,1.1175870895385742e-08,0.00015285385597962886,2026092704,energy_equivariant
time.0,28,190,1.4901161193847656e-08,0.0005231995019130409,2026092704,energy_equivariant
time.1,28,190,1.4901161193847656e-08,0.0002317011239938438,2026092704,energy_equivariant
time.2,28,190,2.9802322387695312e-08,0.0006841473514214158,2026092704,energy_equivariant
behavior.0,28,190,1.4901161193847656e-08,0.00018880846619140357,2026092704,energy_equivariant
behavior.1,28,190,1.1175870895385742e-08,9.454079554416239e-05,2026092704,energy_equivariant
behavior.2,28,190,1.4901161193847656e-08,0.00014823615492787212,2026092704,energy_equivariant
time.0,28,191,2.2351741790771484e-08,0.000372968235751614,2026092704,energy_equivariant
time.1,28,191,1.1175870895385742e-08,0.00016724964370951056,2026092704,energy_equivariant
time.2,28,191,1.4901161193847656e-08,0.0005285656079649925,2026092704,energy_equivariant
behavior.0,28,191,1.4901161193847656e-08,0.0001871950807981193,2026092704,energy_equivariant
behavior.1,28,191,1.4901161193847656e-08,9.179544576909393e-05,2026092704,energy_equivariant
behavior.2,28,191,1.4901161193847656e-08,0.0001502255763625726,2026092704,energy_equivariant
time.0,28,192,1.4901161193847656e-08,0.0004379894526209682,2026092704,energy_equivariant
time.1,28,192,1.4901161193847656e-08,0.0002014449128182605,2026092704,energy_equivariant
time.2,28,192,1.4901161193847656e-08,0.0006261978996917605,2026092704,energy_equivariant
behavior.0,28,192,1.4901161193847656e-08,0.00018654159794095904,2026092704,energy_equivariant
behavior.1,28,192,1.1175870895385742e-08,9.815962403081357e-05,2026092704,energy_equivariant
behavior.2,28,192,1.4901161193847656e-08,0.00018035950779449195,2026092704,energy_equivariant
time.0,28,193,2.2351741790771484e-08,0.00042044074507430196,2026092704,energy_equivariant
time.1,28,193,1.1175870895385742e-08,0.00018952050595544279,2026092704,energy_equivariant
time.2,28,193,2.9802322387695312e-08,0.0005936951492913067,2026092704,energy_equivariant
behavior.0,28,193,1.4901161193847656e-08,0.0001934842875925824,2026092704,energy_equivariant
behavior.1,28,193,1.1175870895385742e-08,0.00010091216245200485,2026092704,energy_equivariant
behavior.2,28,193,1.1175870895385742e-08,0.0001950735750142485,2026092704,energy_equivariant
time.0,28,194,2.2351741790771484e-08,0.000483024021377787,2026092704,energy_equivariant
time.1,28,194,1.4901161193847656e-08,0.00020933344785589725,2026092704,energy_equivariant
time.2,28,194,2.2351741790771484e-08,0.0006571810808964074,2026092704,energy_equivariant
behavior.0,28,194,1.4901161193847656e-08,0.00021636567544192076,2026092704,energy_equivariant
behavior.1,28,194,1.1175870895385742e-08,9.981466428143904e-05,2026092704,energy_equivariant
behavior.2,28,194,1.1175870895385742e-08,0.00017428843420930207,2026092704,energy_equivariant
time.0,28,195,1.4901161193847656e-08,0.0004885571543127298,2026092704,energy_equivariant
time.1,28,195,1.4901161193847656e-08,0.00022774349781684577,2026092704,energy_equivariant
time.2,28,195,2.9802322387695312e-08,0.000689593842253089,2026092704,energy_equivariant
behavior.0,28,195,1.4901161193847656e-08,0.0001876998576335609,2026092704,energy_equivariant
behavior.1,28,195,1.4901161193847656e-08,0.0001056803303072229,2026092704,energy_equivariant
behavior.2,28,195,1.4901161193847656e-08,0.00019415849237702787,2026092704,energy_equivariant
time.0,28,196,1.4901161193847656e-08,0.0004662922874558717,2026092704,energy_equivariant
time.1,28,196,1.1175870895385742e-08,0.0002061145059997216,2026092704,energy_equivariant
time.2,28,196,2.2351741790771484e-08,0.0006381886778399348,2026092704,energy_equivariant
behavior.0,28,196,1.4901161193847656e-08,0.00018735557387117296,2026092704,energy_equivariant
behavior.1,28,196,7.450580596923828e-09,9.590225818101317e-05,2026092704,energy_equivariant
behavior.2,28,196,1.4901161193847656e-08,0.0001869571569841355,2026092704,energy_equivariant
time.0,28,197,1.4901161193847656e-08,0.0003762515843845904,2026092704,energy_equivariant
time.1,28,197,1.1175870895385742e-08,0.0001771258539520204,2026092704,energy_equivariant
time.2,28,197,1.4901161193847656e-08,0.000552973710000515,2026092704,energy_equivariant
behavior.0,28,197,1.4901161193847656e-08,0.00018849629850592464,2026092704,energy_equivariant
behavior.1,28,197,1.1175870895385742e-08,9.83010686468333e-05,2026092704,energy_equivariant
behavior.2,28,197,1.1175870895385742e-08,0.00018109954544343054,2026092704,energy_equivariant
time.0,28,198,1.4901161193847656e-08,0.00041774174314923584,2026092704,energy_equivariant
time.1,28,198,1.4901161193847656e-08,0.0001945567491929978,2026092704,energy_equivariant
time.2,28,198,2.9802322387695312e-08,0.0005723400390706956,2026092704,energy_equivariant
behavior.0,28,198,1.4901161193847656e-08,0.0001869398693088442,2026092704,energy_equivariant
behavior.1,28,198,1.1175870895385742e-08,9.359303658129647e-05,2026092704,energy_equivariant
behavior.2,28,198,1.1175870895385742e-08,0.0001600203540874645,2026092704,energy_equivariant
time.0,28,199,1.4901161193847656e-08,0.00048673752462491393,2026092704,energy_equivariant
time.1,28,199,1.4901161193847656e-08,0.00020835778559558094,2026092704,energy_equivariant
time.2,28,199,2.9802322387695312e-08,0.0006502241594716907,2026092704,energy_equivariant
behavior.0,28,199,2.2351741790771484e-08,0.0002452415938023478,2026092704,energy_equivariant
behavior.1,28,199,1.1175870895385742e-08,9.891310037346557e-05,2026092704,energy_equivariant
behavior.2,28,199,1.4901161193847656e-08,0.00018526005442254245,2026092704,energy_equivariant
time.0,28,200,2.2351741790771484e-08,0.0005238025914877653,2026092704,energy_equivariant
time.1,28,200,1.4901161193847656e-08,0.00023194888490252197,2026092704,energy_equivariant
time.2,28,200,2.9802322387695312e-08,0.000709477171767503,2026092704,energy_equivariant
behavior.0,28,200,2.2351741790771484e-08,0.00019152715685777366,2026092704,energy_equivariant
behavior.1,28,200,1.1175870895385742e-08,9.590846457285807e-05,2026092704,energy_equivariant
behavior.2,28,200,1.4901161193847656e-08,0.0001701374421827495,2026092704,energy_equivariant
time.0,28,1,2.9802322387695312e-08,0.0008093226933851838,2026092704,energy_half
time.1,28,1,1.4901161193847656e-08,0.0003005541511811316,2026092704,energy_half
time.2,28,1,1.4901161193847656e-08,0.0003522146726027131,2026092704,energy_half
behavior.0,28,1,1.4901161193847656e-08,0.0003011841035913676,2026092704,energy_half
behavior.1,28,1,1.4901161193847656e-08,0.00013850168033968657,2026092704,energy_half
behavior.2,28,1,1.1175870895385742e-08,0.00011058659583795816,2026092704,energy_half
time.0,28,2,1.4901161193847656e-08,0.0005370888975448906,2026092704,energy_half
time.1,28,2,1.4901161193847656e-08,0.00024163899070117623,2026092704,energy_half
time.2,28,2,2.2351741790771484e-08,0.0003107766970060766,2026092704,energy_half
behavior.0,28,2,1.4901161193847656e-08,0.0002537976542953402,2026092704,energy_half
behavior.1,28,2,1.4901161193847656e-08,0.00013849807146470994,2026092704,energy_half
behavior.2,28,2,7.450580596923828e-09,0.00011969869956374168,2026092704,energy_half
time.0,28,3,1.4901161193847656e-08,0.0005451258621178567,2026092704,energy_half
time.1,28,3,2.2351741790771484e-08,0.00025272578932344913,2026092704,energy_half
time.2,28,3,1.4901161193847656e-08,0.00031971861608326435,2026092704,energy_half
behavior.0,28,3,1.4901161193847656e-08,0.000256728264503181,2026092704,energy_half
behavior.1,28,3,1.1175870895385742e-08,0.00012458593118935823,2026092704,energy_half
behavior.2,28,3,1.1175870895385742e-08,0.00010589104931568727,2026092704,energy_half
time.0,28,4,1.4901161193847656e-08,0.0006498234579339623,2026092704,energy_half
time.1,28,4,1.4901161193847656e-08,0.00028993369778618217,2026092704,energy_half
time.2,28,4,1.4901161193847656e-08,0.00046367108006961644,2026092704,energy_half
behavior.0,28,4,1.4901161193847656e-08,0.0002516701933927834,2026092704,energy_half
behavior.1,28,4,1.1175870895385742e-08,0.00012575664732139558,2026092704,energy_half
behavior.2,28,4,7.450580596923828e-09,0.00011752566206268966,2026092704,energy_half
time.0,28,5,2.2351741790771484e-08,0.0005446019349619746,2026092704,energy_half
time.1,28,5,7.450580596923828e-09,0.00023914811026770622,2026092704,energy_half
time.2,28,5,1.4901161193847656e-08,0.00040405322215519845,2026092704,energy_half
behavior.0,28,5,1.4901161193847656e-08,0.0003193289157934487,2026092704,energy_half
behavior.1,28,5,1.4901161193847656e-08,0.00012909757788293064,2026092704,energy_half
behavior.2,28,5,1.1175870895385742e-08,0.00010152779577765614,2026092704,energy_half
time.0,28,6,1.4901161193847656e-08,0.0005843827966600657,2026092704,energy_half
time.1,28,6,2.2351741790771484e-08,0.0003053517430089414,2026092704,energy_half
time.2,28,6,2.2351741790771484e-08,0.0005325275706127286,2026092704,energy_half
behavior.0,28,6,2.2351741790771484e-08,0.0002486799785401672,2026092704,energy_half
behavior.1,28,6,7.450580596923828e-09,0.00012110442185075954,2026092704,energy_half
behavior.2,28,6,1.4901161193847656e-08,0.00014073276543058455,2026092704,energy_half
time.0,28,7,2.9802322387695312e-08,0.0005987199838273227,2026092704,energy_half
time.1,28,7,1.4901161193847656e-08,0.00030579062877222896,2026092704,energy_half
time.2,28,7,2.2351741790771484e-08,0.0004969103611074388,2026092704,energy_half
behavior.0,28,7,1.4901161193847656e-08,0.00024231485440395772,2026092704,energy_half
behavior.1,28,7,1.1175870895385742e-08,0.00011663905752357095,2026092704,energy_half
behavior.2,28,7,1.1175870895385742e-08,0.00015309956506825984,2026092704,energy_half
time.0,28,8,1.4901161193847656e-08,0.0004959587240591645,2026092704,energy_half
time.1,28,8,1.4901161193847656e-08,0.00026253098621964455,2026092704,energy_half
time.2,28,8,1.4901161193847656e-08,0.00055756198707968,2026092704,energy_half
behavior.0,28,8,1.4901161193847656e-08,0.00022019489551894367,2026092704,energy_half
behavior.1,28,8,1.1175870895385742e-08,0.00011160782014485449,2026092704,energy_half
behavior.2,28,8,1.1175870895385742e-08,0.00014327163808047771,2026092704,energy_half
time.0,28,9,2.2351741790771484e-08,0.0004969103611074388,2026092704,energy_half
time.1,28,9,1.4901161193847656e-08,0.0002523651928640902,2026092704,energy_half
time.2,28,9,2.9802322387695312e-08,0.0005222639883868396,2026092704,energy_half
behavior.0,28,9,1.4901161193847656e-08,0.0002747748512774706,2026092704,energy_half
behavior.1,28,9,1.1175870895385742e-08,0.0001277256233152002,2026092704,energy_half
behavior.2,28,9,1.4901161193847656e-08,0.0001760568266035989,2026092704,energy_half
time.0,28,10,2.9802322387695312e-08,0.0007148282020352781,2026092704,energy_half
time.1,28,10,1.4901161193847656e-08,0.00034628104185685515,2026092704,energy_half
time.2,28,10,2.2351741790771484e-08,0.0007306636543944478,2026092704,energy_half
behavior.0,28,10,1.4901161193847656e-08,0.00024259086058009416,2026092704,energy_half
behavior.1,28,10,1.1175870895385742e-08,0.00011464315321063623,2026092704,energy_half
behavior.2,28,10,1.1175870895385742e-08,0.00014642244786955416,2026092704,energy_half
time.0,28,11,1.4901161193847656e-08,0.0005130341160111129,2026092704,energy_half
time.1,28,11,1.4901161193847656e-08,0.00025000807363539934,2026092704,energy_half
time.2,28,11,2.2351741790771484e-08,0.0005366522818803787,2026092704,energy_half
behavior.0,28,11,1.4901161193847656e-08,0.00022313097724691033,2026092704,energy_half
behavior.1,28,11,1.4901161193847656e-08,0.00011035846546292305,2026092704,energy_half
behavior.2,28,11,1.4901161193847656e-08,0.00014637311687693,2026092704,energy_half
time.0,28,12,1.4901161193847656e-08,0.0004892327706329525,2026092704,energy_half
time.1,28,12,1.4901161193847656e-08,0.0002601988089736551,2026092704,energy_half
time.2,28,12,2.2351741790771484e-08,0.0005701251211576164,2026092704,energy_half
behavior.0,28,12,2.2351741790771484e-08,0.0002292114368174225,2026092704,energy_half
behavior.1,28,12,1.1175870895385742e-08,9.818957914831117e-05,2026092704,energy_half
behavior.2,28,12,7.450580596923828e-09,0.00013470108387991786,2026092704,energy_half
time.0,28,13,2.2351741790771484e-08,0.00046623972593806684,2026092704,energy_half
time.1,28,13,1.4901161193847656e-08,0.00024286392726935446,2026092704,energy_half
time.2,28,13,2.2351741790771484e-08,0.0005819205543957651,2026092704,energy_half
behavior.0,28,13,1.4901161193847656e-08,0.00021865492453798652,2026092704,energy_half
behavior.1,28,13,1.1175870895385742e-08,0.00010710454807849601,2026092704,energy_half
behavior.2,28,13,1.4901161193847656e-08,0.00015894051466602832,2026092704,energy_half
time.0,28,14,2.9802322387695312e-08,0.00043446343624964356,2026092704,energy_half
time.1,28,14,1.4901161193847656e-08,0.00022206596622709185,2026092704,energy_half
time.2,28,14,1.4901161193847656e-08,0.0004903253866359591,2026092704,energy_half
behavior.0,28,14,2.2351741790771484e-08,0.0002176261623390019,2026092704,energy_half
behavior.1,28,14,1.1175870895385742e-08,0.00010010301775764674,2026092704,energy_half
behavior.2,28,14,1.4901161193847656e-08,0.0001445084053557366,2026092704,energy_half
time.0,28,15,2.9802322387695312e-08,0.0006038574501872063,2026092704,energy_half
time.1,28,15,2.2351741790771484e-08,0.00030466169118881226,2026092704,energy_half
time.2,28,15,2.9802322387695312e-08,0.0006335598882287741,2026092704,energy_half
behavior.0,28,15,1.4901161193847656e-08,0.00021420014672912657,2026092704,energy_half
behavior.1,28,15,1.1175870895385742e-08,0.00010406727233203128,2026092704,energy_half
behavior.2,28,15,1.4901161193847656e-08,0.0001515147159807384,2026092704,energy_half
time.0,28,16,1.4901161193847656e-08,0.00047864875523373485,2026092704,energy_half
time.1,28,16,1.4901161193847656e-08,0.00026174294180236757,2026092704,energy_half
time.2,28,16,2.9802322387695312e-08,0.0005923834978602827,2026092704,energy_half
behavior.0,28,16,1.4901161193847656e-08,0.0002240246394649148,2026092704,energy_half
behavior.1,28,16,1.1175870895385742e-08,9.970556857297197e-05,2026092704,energy_half
behavior.2,28,16,1.4901161193847656e-08,0.00018150389951188117,2026092704,energy_half
time.0,28,17,2.9802322387695312e-08,0.0005716269370168447,2026092704,energy_half
time.1,28,17,1.4901161193847656e-08,0.00029711585375480354,2026092704,energy_half
time.2,28,17,2.2351741790771484e-08,0.0007139392546378076,2026092704,energy_half
behavior.0,28,17,1.4901161193847656e-08,0.00020582863362506032,2026092704,energy_half
behavior.1,28,17,2.2351741790771484e-08,0.00010572668543318287,2026092704,energy_half
behavior.2,28,17,1.4901161193847656e-08,0.00017644754552748054,2026092704,energy_half
time.0,28,18,2.2351741790771484e-08,0.0004544395487755537,2026092704,energy_half
time.1,28,18,2.2351741790771484e-08,0.00023915777273941785,2026092704,energy_half
time.2,28,18,2.2351741790771484e-08,0.0005504671717062593,2026092704,energy_half
behavior.0,28,18,2.2351741790771484e-08,0.00022240253747440875,2026092704,energy_half
behavior.1,28,18,7.450580596923828e-09,9.406283061252907e-05,2026092704,energy_half
behavior.2,28,18,1.4901161193847656e-08,0.00014281550829764456,2026092704,energy_half
time.0,28,19,2.2351741790771484e-08,0.0004906069952994585,2026092704,energy_half
time.1,28,19,1.4901161193847656e-08,0.0002597689162939787,2026092704,energy_half
time.2,28,19,2.2351741790771484e-08,0.0006075536948628724,2026092704,energy_half
behavior.0,28,19,1.4901161193847656e-08,0.00019806346972472966,2026092704,energy_half
behavior.1,28,19,1.1175870895385742e-08,9.851864888332784e-05,2026092704,energy_half
behavior.2,28,19,1.4901161193847656e-08,0.00016278853581752628,2026092704,energy_half
time.0,28,20,2.9802322387695312e-08,0.0005926653975620866,2026092704,energy_half
time.1,28,20,1.4901161193847656e-08,0.0003189569979440421,2026092704,energy_half
time.2,28,20,2.9802322387695312e-08,0.0007316963165067136,2026092704,energy_half
behavior.0,28,20,1.4901161193847656e-08,0.0002076974924420938,2026092704,energy_half
behavior.1,28,20,7.450580596923828e-09,9.515263809589669e-05,2026092704,energy_half
behavior.2,28,20,1.4901161193847656e-08,0.0001559220254421234,2026092704,energy_half
time.0,28,21,2.9802322387695312e-08,0.0004958841018378735,2026092704,energy_half
time.1,28,21,1.4901161193847656e-08,0.00025407076464034617,2026092704,energy_half
time.2,28,21,1.4901161193847656e-08,0.0006407934706658125,2026092704,energy_half
behavior.0,28,21,1.4901161193847656e-08,0.00019393918046262115,2026092704,energy_half
behavior.1,28,21,1.1175870895385742e-08,9.374492219649255e-05,2026092704,energy_half
behavior.2,28,21,1.4901161193847656e-08,0.00014978910621721298,2026092704,energy_half
time.0,28,22,2.2351741790771484e-08,0.00046668131835758686,2026092704,energy_half
time.1,28,22,1.4901161193847656e-08,0.00025496637681499124,2026092704,energy_half
time.2,28,22,2.2351741790771484e-08,0.0006588779506273568,2026092704,energy_half
behavior.0,28,22,1.4901161193847656e-08,0.0002178263384848833,2026092704,energy_half
behavior.1,28,22,1.1175870895385742e-08,9.863470040727407e-05,2026092704,energy_half
behavior.2,28,22,1.4901161193847656e-08,0.00014580439892597497,2026092704,energy_half
time.0,28,23,1.4901161193847656e-08,0.0005178166902624071,2026092704,energy_half
time.1,28,23,2.2351741790771484e-08,0.00027629584656096995,2026092704,energy_half
time.2,28,23,1.4901161193847656e-08,0.0006830018246546388,2026092704,energy_half
behavior.0,28,23,1.4901161193847656e-08,0.00021516687411349267,2026092704,energy_half
behavior.1,28,23,7.450580596923828e-09,9.806508751353249e-05,2026092704,energy_half
behavior.2,28,23,1.1175870895385742e-08,0.00017253373516723514,2026092704,energy_half
time.0,28,24,1.4901161193847656e-08,0.0005007172585465014,2026092704,energy_half
time.1,28,24,1.4901161193847656e-08,0.0002713562862481922,2026092704,energy_half
time.2,28,24,1.4901161193847656e-08,0.0006959167658351362,2026092704,energy_half
behavior.0,28,24,1.4901161193847656e-08,0.00020089038298465312,2026092704,energy_half
behavior.1,28,24,1.1175870895385742e-08,9.939157462213188e-05,2026092704,energy_half
behavior.2,28,24,1.1175870895385742e-08,0.00019853668345604092,2026092704,energy_half
time.0,28,25,2.2351741790771484e-08,0.000504406460095197,2026092704,energy_half
time.1,28,25,1.1175870895385742e-08,0.0002486119628883898,2026092704,energy_half
time.2,28,25,2.9802322387695312e-08,0.0006685134721919894,2026092704,energy_half
behavior.0,28,25,2.2351741790771484e-08,0.0002005700080189854,2026092704,energy_half
behavior.1,28,25,1.1175870895385742e-08,8.904987771529704e-05,2026092704,energy_half
behavior.2,28,25,1.1175870895385742e-08,0.00015464829630218446,2026092704,energy_half
time.0,28,26,1.4901161193847656e-08,0.0004998765070922673,2026092704,energy_half
time.1,28,26,1.4901161193847656e-08,0.0002406429557595402,2026092704,energy_half
time.2,28,26,2.2351741790771484e-08,0.000667077605612576,2026092704,energy_half
behavior.0,28,26,1.4901161193847656e-08,0.00020685343770310283,2026092704,energy_half
behavior.1,28,26,1.1175870895385742e-08,9.75245056906715e-05,2026092704,energy_half
behavior.2,28,26,1.4901161193847656e-08,0.0001913398300530389,2026092704,energy_half
time.0,28,27,2.9802322387695312e-08,0.0006452435627579689,2026092704,energy_half
time.1,28,27,1.4901161193847656e-08,0.0002979525306727737,2026092704,energy_half
time.2,28,27,1.4901161193847656e-08,0.0008517541573382914,2026092704,energy_half
behavior.0,28,27,2.2351741790771484e-08,0.00021659067715518177,2026092704,energy_half
behavior.1,28,27,1.4901161193847656e-08,9.060373849933967e-05,2026092704,energy_half
behavior.2,28,27,1.4901161193847656e-08,0.0001491229486418888,2026092704,energy_half
time.0,28,28,1.4901161193847656e-08,0.0003969892277382314,2026092704,energy_half
time.1,28,28,1.4901161193847656e-08,0.00021460653806570917,2026092704,energy_half
time.2,28,28,2.2351741790771484e-08,0.0005967281758785248,2026092704,energy_half
behavior.0,28,28,2.2351741790771484e-08,0.00021023188310209662,2026092704,energy_half
behavior.1,28,28,1.1175870895385742e-08,9.562582999933511e-05,2026092704,energy_half
behavior.2,28,28,1.4901161193847656e-08,0.00017146339814644307,2026092704,energy_half
time.0,28,29,2.2351741790771484e-08,0.0005664796335622668,2026092704,energy_half
time.1,28,29,1.4901161193847656e-08,0.00028538992046378553,2026092704,energy_half
time.2,28,29,2.2351741790771484e-08,0.0007654557703062892,2026092704,energy_half
behavior.0,28,29,1.4901161193847656e-08,0.00019642598635982722,2026092704,energy_half
behavior.1,28,29,1.1175870895385742e-08,8.930479089030996e-05,2026092704,energy_half
behavior.2,28,29,1.4901161193847656e-08,0.00015701958909630775,2026092704,energy_half
time.0,28,30,2.2351741790771484e-08,0.00046592572471126914,2026092704,energy_half
time.1,28,30,1.4901161193847656e-08,0.00023356926976703107,2026092704,energy_half
time.2,28,30,2.9802322387695312e-08,0.0007032143184915185,2026092704,energy_half
behavior.0,28,30,1.4901161193847656e-08,0.00021442229626700282,2026092704,energy_half
behavior.1,28,30,1.1175870895385742e-08,9.624163794796914e-05,2026092704,energy_half
behavior.2,28,30,1.4901161193847656e-08,0.00019763835007324815,2026092704,energy_half
time.0,28,31,2.9802322387695312e-08,0.000458415161119774,2026092704,energy_half
time.1,28,31,1.4901161193847656e-08,0.00023347303795162588,2026092704,energy_half
time.2,28,31,1.4901161193847656e-08,0.0007061876240186393,2026092704,energy_half
behavior.0,28,31,1.4901161193847656e-08,0.00021220448252279311,2026092704,energy_half
behavior.1,28,31,1.4901161193847656e-08,0.0001049880520440638,2026092704,energy_half
behavior.2,28,31,1.1175870895385742e-08,0.00020118716929573566,2026092704,energy_half
time.0,28,32,2.9802322387695312e-08,0.0006359437247738242,2026092704,energy_half
time.1,28,32,1.4901161193847656e-08,0.0003023103345185518,2026092704,energy_half
time.2,28,32,2.9802322387695312e-08,0.0008499205578118563,2026092704,energy_half
behavior.0,28,32,2.2351741790771484e-08,0.0001904810342239216,2026092704,energy_half
behavior.1,28,32,1.1175870895385742e-08,8.740423800190911e-05,2026092704,energy_half
behavior.2,28,32,1.4901161193847656e-08,0.00016285608580801636,2026092704,energy_half
time.0,28,33,2.9802322387695312e-08,0.0005269474349915981,2026092704,energy_half
time.1,28,33,7.450580596923828e-09,0.0002584912581369281,2026092704,energy_half
time.2,28,33,4.470348358154297e-08,0.0007856309530325234,2026092704,energy_half
behavior.0,28,33,1.4901161193847656e-08,0.00019345137116033584,2026092704,energy_half
behavior.1,28,33,1.4901161193847656e-08,9.906152990879491e-05,2026092704,energy_half
behavior.2,28,33,1.4901161193847656e-08,0.0001838578755268827,2026092704,energy_half
time.0,28,34,1.4901161193847656e-08,0.0006097451550886035,2026092704,energy_half
time.1,28,34,1.4901161193847656e-08,0.00029708081274293363,2026092704,energy_half
time.2,28,34,2.9802322387695312e-08,0.0008338735206052661,2026092704,energy_half
behavior.0,28,34,1.4901161193847656e-08,0.0002102081198245287,2026092704,energy_half
behavior.1,28,34,1.1175870895385742e-08,8.858311775838956e-05,2026092704,energy_half
behavior.2,28,34,1.4901161193847656e-08,0.00018274199101142585,2026092704,energy_half
time.0,28,35,1.4901161193847656e-08,0.0004279597196727991,2026092704,energy_half
time.1,28,35,1.4901161193847656e-08,0.0002192737883888185,2026092704,energy_half
time.2,28,35,2.9802322387695312e-08,0.0007286012405529618,2026092704,energy_half
behavior.0,28,35,1.4901161193847656e-08,0.00019551155855879188,2026092704,energy_half
behavior.1,28,35,1.1175870895385742e-08,8.908198651624843e-05,2026092704,energy_half
behavior.2,28,35,1.4901161193847656e-08,0.00015336736396420747,2026092704,energy_half
time.0,28,36,1.4901161193847656e-08,0.0004394258139654994,2026092704,energy_half
time.1,28,36,1.4901161193847656e-08,0.00024123831826727837,2026092704,energy_half
time.2,28,36,2.2351741790771484e-08,0.000686115468852222,2026092704,energy_half
behavior.0,28,36,1.4901161193847656e-08,0.00019321852596476674,2026092704,energy_half
behavior.1,28,36,1.1175870895385742e-08,8.814175089355558e-05,2026092704,energy_half
behavior.2,28,36,1.1175870895385742e-08,0.00016286598111037165,2026092704,energy_half
time.0,28,37,2.2351741790771484e-08,0.0004646203597076237,2026092704,energy_half
time.1,28,37,1.4901161193847656e-08,0.000247253046836704,2026092704,energy_half
time.2,28,37,2.2351741790771484e-08,0.0007099967333488166,2026092704,energy_half
behavior.0,28,37,1.4901161193847656e-08,0.00020393649174366146,2026092704,energy_half
behavior.1,28,37,1.4901161193847656e-08,8.678794256411493e-05,2026092704,energy_half
behavior.2,28,37,7.450580596923828e-09,0.00017065701831597835,2026092704,energy_half
time.0,28,38,1.4901161193847656e-08,0.0004279904824215919,2026092704,energy_half
time.1,28,38,1.1175870895385742e-08,0.00023981551930774003,2026092704,energy_half
time.2,28,38,2.9802322387695312e-08,0.0006474156980402768,2026092704,energy_half
behavior.0,28,38,2.2351741790771484e-08,0.00022121408255770802,2026092704,energy_half
behavior.1,28,38,1.1175870895385742e-08,9.985720680560917e-05,2026092704,energy_half
behavior.2,28,38,1.1175870895385742e-08,0.0001578035589773208,2026092704,energy_half
time.0,28,39,2.2351741790771484e-08,0.0005564050516113639,2026092704,energy_half
time.1,28,39,1.4901161193847656e-08,0.00029744236962869763,2026092704,energy_half
time.2,28,39,2.9802322387695312e-08,0.0007990642916411161,2026092704,energy_half
behavior.0,28,39,1.4901161193847656e-08,0.0002152997039956972,2026092704,energy_half
behavior.1,28,39,1.1175870895385742e-08,9.168624819722027e-05,2026092704,energy_half
behavior.2,28,39,1.4901161193847656e-08,0.00017106244922615588,2026092704,energy_half
time.0,28,40,1.4901161193847656e-08,0.0005776853067800403,2026092704,energy_half
time.1,28,40,1.4901161193847656e-08,0.00030111768865026534,2026092704,energy_half
time.2,28,40,2.2351741790771484e-08,0.0008747331448830664,2026092704,energy_half
behavior.0,28,40,1.4901161193847656e-08,0.00019384428742341697,2026092704,energy_half
behavior.1,28,40,1.4901161193847656e-08,8.694760617800057e-05,2026092704,energy_half
behavior.2,28,40,2.2351741790771484e-08,0.00017205302719958127,2026092704,energy_half
time.0,28,41,1.4901161193847656e-08,0.0005957052926532924,2026092704,energy_half
time.1,28,41,1.4901161193847656e-08,0.0002960839483421296,2026092704,energy_half
time.2,28,41,2.9802322387695312e-08,0.0008848959114402533,2026092704,energy_half
behavior.0,28,41,1.4901161193847656e-08,0.00019964676175732166,2026092704,energy_half
behavior.1,28,41,1.4901161193847656e-08,0.0001011758649838157,2026092704,energy_half
behavior.2,28,41,1.4901161193847656e-08,0.00018582487246021628,2026092704,energy_half
time.0,28,42,2.2351741790771484e-08,0.0005138724809512496,2026092704,energy_half
time.1,28,42,1.4901161193847656e-08,0.0002582147135399282,2026092704,energy_half
time.2,28,42,2.9802322387695312e-08,0.0008040751563385129,2026092704,energy_half
behavior.0,28,42,1.862645149230957e-08,0.00021505224867723882,2026092704,energy_half
behavior.1,28,42,1.1175870895385742e-08,8.686607179697603e-05,2026092704,energy_half
behavior.2,28,42,1.4901161193847656e-08,0.00017407596169505268,2026092704,energy_half
time.0,28,43,2.9802322387695312e-08,0.0005403425311669707,2026092704,energy_half
time.1,28,43,1.4901161193847656e-08,0.00029466216801665723,2026092704,energy_half
time.2,28,43,2.9802322387695312e-08,0.0007992476457729936,2026092704,energy_half
behavior.0,28,43,1.4901161193847656e-08,0.00021191620908211917,2026092704,energy_half
behavior.1,28,43,1.1175870895385742e-08,9.019606659421697e-05,2026092704,energy_half
behavior.2,28,43,1.1175870895385742e-08,0.00016326109471265227,2026092704,energy_half
time.0,28,44,1.4901161193847656e-08,0.00046775818918831646,2026092704,energy_half
time.1,28,44,1.4901161193847656e-08,0.00023805908858776093,2026092704,energy_half
time.2,28,44,2.9802322387695312e-08,0.0007329180953092873,2026092704,energy_half
behavior.0,28,44,1.4901161193847656e-08,0.00020779397164005786,2026092704,energy_half
behavior.1,28,44,1.1175870895385742e-08,9.018152923090383e-05,2026092704,energy_half
behavior.2,28,44,1.4901161193847656e-08,0.00018039393762592226,2026092704,energy_half
time.0,28,45,1.4901161193847656e-08,0.0004563085676636547,2026092704,energy_half
time.1,28,45,1.4901161193847656e-08,0.0002369546127738431,2026092704,energy_half
time.2,28,45,2.9802322387695312e-08,0.0007996464846655726,2026092704,energy_half
behavior.0,28,45,1.4901161193847656e-08,0.0001936505432240665,2026092704,energy_half
behavior.1,28,45,1.1175870895385742e-08,9.09328882698901e-05,2026092704,energy_half
behavior.2,28,45,1.4901161193847656e-08,0.00015083109610714018,2026092704,energy_half
time.0,28,46,2.2351741790771484e-08,0.0005211677635088563,2026092704,energy_half
time.1,28,46,2.2351741790771484e-08,0.0002778611669782549,2026092704,energy_half
time.2,28,46,1.4901161193847656e-08,0.0008557697292417288,2026092704,energy_half
behavior.0,28,46,1.4901161193847656e-08,0.0001987558207474649,2026092704,energy_half
behavior.1,28,46,1.4901161193847656e-08,8.730684203328565e-05,2026092704,energy_half
behavior.2,28,46,1.1175870895385742e-08,0.00019562331726774573,2026092704,energy_half
time.0,28,47,2.2351741790771484e-08,0.0004550464218482375,2026092704,energy_half
time.1,28,47,1.1175870895385742e-08,0.0002488549507688731,2026092704,energy_half
time.2,28,47,1.4901161193847656e-08,0.0007213347707875073,2026092704,energy_half
behavior.0,28,47,1.4901161193847656e-08,0.00019472319399937987,2026092704,energy_half
behavior.1,28,47,1.1175870895385742e-08,8.98807993507944e-05,2026092704,energy_half
behavior.2,28,47,1.1175870895385742e-08,0.00017446905258111656,2026092704,energy_half
time.0,28,48,2.2351741790771484e-08,0.0005710572004318237,2026092704,energy_half
time.1,28,48,1.4901161193847656e-08,0.00026711815735325217,2026092704,energy_half
time.2,28,48,2.9802322387695312e-08,0.0008387915440835059,2026092704,energy_half
behavior.0,28,48,1.4901161193847656e-08,0.0001927585544763133,2026092704,energy_half
behavior.1,28,48,7.450580596923828e-09,9.121327457251027e-05,2026092704,energy_half
behavior.2,28,48,1.4901161193847656e-08,0.00015444320160895586,2026092704,energy_half
time.0,28,49,1.4901161193847656e-08,0.000539652886800468,2026092704,energy_half
time.1,28,49,1.4901161193847656e-08,0.000290738302282989,2026092704,energy_half
time.2,28,49,2.2351741790771484e-08,0.0008776369504630566,2026092704,energy_half
behavior.0,28,49,2.2351741790771484e-08,0.00018053139501716942,2026092704,energy_half
behavior.1,28,49,1.4901161193847656e-08,9.747576405061409e-05,2026092704,energy_half
behavior.2,28,49,1.4901161193847656e-08,0.00016381779278162867,2026092704,energy_half
time.0,28,50,2.2351741790771484e-08,0.00043859926518052816,2026092704,energy_half
time.1,28,50,1.4901161193847656e-08,0.000234228020417504,2026092704,energy_half
time.2,28,50,2.2351741790771484e-08,0.0006866235635243356,2026092704,energy_half
behavior.0,28,50,1.4901161193847656e-08,0.00019887903181370348,2026092704,energy_half
behavior.1,28,50,1.1175870895385742e-08,9.07413923414424e-05,2026092704,energy_half
behavior.2,28,50,1.1175870895385742e-08,0.0001470698625780642,2026092704,energy_half
time.0,28,51,2.9802322387695312e-08,0.0004734384419862181,2026092704,energy_half
time.1,28,51,1.4901161193847656e-08,0.0002417740470264107,2026092704,energy_half
time.2,28,51,2.9802322387695312e-08,0.0007617550436407328,2026092704,energy_half
behavior.0,28,51,2.2351741790771484e-08,0.00019674825307447463,2026092704,energy_half
behavior.1,28,51,1.1175870895385742e-08,9.703954128781334e-05,2026092704,energy_half
behavior.2,28,51,1.1175870895385742e-08,0.0002057224337477237,2026092704,energy_half
time.0,28,52,2.2351741790771484e-08,0.0004456242604646832,2026092704,energy_half
time.1,28,52,1.4901161193847656e-08,0.0002335721510462463,2026092704,energy_half
time.2,28,52,2.9802322387695312e-08,0.0007498090271838009,2026092704,energy_half
behavior.0,28,52,1.4901161193847656e-08,0.00018656028260011226,2026092704,energy_half
behavior.1,28,52,1.4901161193847656e-08,9.177710307994857e-05,2026092704,energy_half
behavior.2,28,52,1.4901161193847656e-08,0.00018082775932271034,2026092704,energy_half
time.0,28,53,2.9802322387695312e-08,0.0006408029003068805,2026092704,energy_half
time.1,28,53,1.4901161193847656e-08,0.0003044414333999157,2026092704,energy_half
time.2,28,53,2.2351741790771484e-08,0.0009307592990808189,2026092704,energy_half
behavior.0,28,53,2.2351741790771484e-08,0.0001988318545045331,2026092704,energy_half
behavior.1,28,53,1.1175870895385742e-08,8.844684634823352e-05,2026092704,energy_half
behavior.2,28,53,1.4901161193847656e-08,0.0001703379093669355,2026092704,energy_half
time.0,28,54,1.4901161193847656e-08,0.00046656752238050103,2026092704,energy_half
time.1,28,54,1.4901161193847656e-08,0.00024324892729055136,2026092704,energy_half
time.2,28,54,2.2351741790771484e-08,0.0008056347141973674,2026092704,energy_half
behavior.0,28,54,1.4901161193847656e-08,0.0002022729313466698,2026092704,energy_half
behavior.1,28,54,1.1175870895385742e-08,9.626892278902233e-05,2026092704,energy_half
behavior.2,28,54,1.4901161193847656e-08,0.0001691438810667023,2026092704,energy_half
time.0,28,55,2.9802322387695312e-08,0.0005540223210118711,2026092704,energy_half
time.1,28,55,1.4901161193847656e-08,0.000266941700829193,2026092704,energy_half
time.2,28,55,2.9802322387695312e-08,0.0008105600718408823,2026092704,energy_half
behavior.0,28,55,1.4901161193847656e-08,0.0001810180547181517,2026092704,energy_half
behavior.1,28,55,1.1175870895385742e-08,8.752221037866548e-05,2026092704,energy_half
behavior.2,28,55,1.1175870895385742e-08,0.00017571882926858962,2026092704,energy_half
time.0,28,56,2.2351741790771484e-08,0.0005632194224745035,2026092704,energy_half
time.1,28,56,1.4901161193847656e-08,0.00026811868883669376,2026092704,energy_half
time.2,28,56,2.9802322387695312e-08,0.0008860244415700436,2026092704,energy_half
behavior.0,28,56,1.4901161193847656e-08,0.00018888000340666622,2026092704,energy_half
behavior.1,28,56,1.4901161193847656e-08,9.707392018754035e-05,2026092704,energy_half
behavior.2,28,56,1.1175870895385742e-08,0.00016966901603154838,2026092704,energy_half
time.0,28,57,2.2351741790771484e-08,0.00045969331404194236,2026092704,energy_half
time.1,28,57,1.1175870895385742e-08,0.00022662234550807625,2026092704,energy_half
time.2,28,57,1.4901161193847656e-08,0.0007689917110837996,2026092704,energy_half
behavior.0,28,57,1.4901161193847656e-08,0.00017913269402924925,2026092704,energy_half
behavior.1,28,57,1.1175870895385742e-08,8.64887551870197e-05,2026092704,energy_half
behavior.2,28,57,1.1175870895385742e-08,0.00016800254525151104,2026092704,energy_half
time.0,28,58,2.2351741790771484e-08,0.0005689005483873188,2026092704,energy_half
time.1,28,58,1.4901161193847656e-08,0.00028923721401952207,2026092704,energy_half
time.2,28,58,2.9802322387695312e-08,0.0009289513109251857,2026092704,energy_half
behavior.0,28,58,1.4901161193847656e-08,0.0002468666061758995,2026092704,energy_half
behavior.1,28,58,1.1175870895385742e-08,9.578219760442153e-05,2026092704,energy_half
behavior.2,28,58,1.1175870895385742e-08,0.00016938948829192668,2026092704,energy_half
time.0,28,59,2.2351741790771484e-08,0.0005266967928037047,2026092704,energy_half
time.1,28,59,1.4901161193847656e-08,0.00026523327687755227,2026092704,energy_half
time.2,28,59,2.9802322387695312e-08,0.0009120323811657727,2026092704,energy_half
behavior.0,28,59,1.4901161193847656e-08,0.00019854112179018557,2026092704,energy_half
behavior.1,28,59,1.1175870895385742e-08,8.807340054772794e-05,2026092704,energy_half
behavior.2,28,59,1.4901161193847656e-08,0.00017741981719154865,2026092704,energy_half
time.0,28,60,2.2351741790771484e-08,0.0005162029410712421,2026092704,energy_half
time.1,28,60,1.4901161193847656e-08,0.00027430630871094763,2026092704,energy_half
time.2,28,60,2.9802322387695312e-08,0.0009030608925968409,2026092704,energy_half
behavior.0,28,60,1.4901161193847656e-08,0.00018370769976172596,2026092704,energy_half
behavior.1,28,60,1.1175870895385742e-08,8.102643914753571e-05,2026092704,energy_half
behavior.2,28,60,1.4901161193847656e-08,0.00017481697432231158,2026092704,energy_half
time.0,28,61,2.2351741790771484e-08,0.0004791173560079187,2026092704,energy_half
time.1,28,61,1.4901161193847656e-08,0.00023161587887443602,2026092704,energy_half
time.2,28,61,2.9802322387695312e-08,0.0007893535075709224,2026092704,energy_half
behavior.0,28,61,1.4901161193847656e-08,0.00019853093544952571,2026092704,energy_half
behavior.1,28,61,1.4901161193847656e-08,7.739998545730487e-05,2026092704,energy_half
behavior.2,28,61,1.1175870895385742e-08,0.00015324055857490748,2026092704,energy_half
time.0,28,62,2.2351741790771484e-08,0.0005557175609283149,2026092704,energy_half
time.1,28,62,1.1175870895385742e-08,0.00027428512112237513,2026092704,energy_half
time.2,28,62,2.9802322387695312e-08,0.000873053737450391,2026092704,energy_half
behavior.0,28,62,1.4901161193847656e-08,0.00018479868595022708,2026092704,energy_half
behavior.1,28,62,1.1175870895385742e-08,7.994468614924699e-05,2026092704,energy_half
behavior.2,28,62,1.1175870895385742e-08,0.0001666056487010792,2026092704,energy_half
time.0,28,63,1.4901161193847656e-08,0.0005364692187868059,2026092704,energy_half
time.1,28,63,1.4901161193847656e-08,0.00026071685715578496,2026092704,energy_half
time.2,28,63,2.2351741790771484e-08,0.0008379063219763339,2026092704,energy_half
behavior.0,28,63,1.4901161193847656e-08,0.0001937294437084347,2026092704,energy_half
behavior.1,28,63,1.1175870895385742e-08,8.661299216328189e-05,2026092704,energy_half
behavior.2,28,63,1.1175870895385742e-08,0.00020176554971840233,2026092704,energy_half
time.0,28,64,1.4901161193847656e-08,0.000600383966229856,2026092704,energy_half
time.1,28,64,1.4901161193847656e-08,0.00028446383657865226,2026092704,energy_half
time.2,28,64,2.9802322387695312e-08,0.0009303307742811739,2026092704,energy_half
behavior.0,28,64,1.4901161193847656e-08,0.00019580042862799019,2026092704,energy_half
behavior.1,28,64,7.450580596923828e-09,8.257692388724536e-05,2026092704,energy_half
behavior.2,28,64,1.4901161193847656e-08,0.00018200112390331924,2026092704,energy_half
time.0,28,65,2.2351741790771484e-08,0.00047955027548596263,2026092704,energy_half
time.1,28,65,1.4901161193847656e-08,0.00023707060609012842,2026092704,energy_half
time.2,28,65,2.9802322387695312e-08,0.0007959713111631572,2026092704,energy_half
behavior.0,28,65,2.2351741790771484e-08,0.00020679007866419852,2026092704,energy_half
behavior.1,28,65,1.1175870895385742e-08,8.22509900899604e-05,2026092704,energy_half
behavior.2,28,65,1.4901161193847656e-08,0.00020040971867274493,2026092704,energy_half
time.0,28,66,1.4901161193847656e-08,0.0005282379570417106,2026092704,energy_half
time.1,28,66,1.4901161193847656e-08,0.0002459496899973601,2026092704,energy_half
time.2,28,66,2.9802322387695312e-08,0.0008180108270607889,2026092704,energy_half
behavior.0,28,66,1.4901161193847656e-08,0.00020128001051489264,2026092704,energy_half
behavior.1,28,66,7.450580596923828e-09,8.355514000868425e-05,2026092704,energy_half
behavior.2,28,66,1.4901161193847656e-08,0.00020546201267279685,2026092704,energy_half
time.0,28,67,2.2351741790771484e-08,0.0006772450287826359,2026092704,energy_half
time.1,28,67,1.4901161193847656e-08,0.0003080343594774604,2026092704,energy_half
time.2,28,67,2.9802322387695312e-08,0.0009610856650397182,2026092704,energy_half
behavior.0,28,67,1.4901161193847656e-08,0.00018622487550601363,2026092704,energy_half
behavior.1,28,67,1.1175870895385742e-08,8.500081457896158e-05,2026092704,energy_half
behavior.2,28,67,1.1175870895385742e-08,0.00017987066530622542,2026092704,energy_half
time.0,28,68,1.4901161193847656e-08,0.0004639494000002742,2026092704,energy_half
time.1,28,68,1.4901161193847656e-08,0.00022449978860095143,2026092704,energy_half
time.2,28,68,5.960464477539063e-08,0.0007995662745088339,2026092704,energy_half
behavior.0,28,68,2.2351741790771484e-08,0.00020258392032701522,2026092704,energy_half
behavior.1,28,68,1.1175870895385742e-08,8.18461921880953e-05,2026092704,energy_half
behavior.2,28,68,1.4901161193847656e-08,0.0001687163457972929,2026092704,energy_half
time.0,28,69,1.4901161193847656e-08,0.0006453855894505978,2026092704,energy_half
time.1,28,69,1.4901161193847656e-08,0.00030611909460276365,2026092704,energy_half
time.2,28,69,2.9802322387695312e-08,0.000966216903179884,2026092704,energy_half
behavior.0,28,69,1.4901161193847656e-08,0.00021101528545841575,2026092704,energy_half
behavior.1,28,69,1.1175870895385742e-08,9.217371552949771e-05,2026092704,energy_half
behavior.2,28,69,1.4901161193847656e-08,0.00015177976456470788,2026092704,energy_half
time.0,28,70,1.4901161193847656e-08,0.0005700053879991174,2026092704,energy_half
time.1,28,70,2.2351741790771484e-08,0.0002555683604441583,2026092704,energy_half
time.2,28,70,2.9802322387695312e-08,0.0008399788057431579,2026092704,energy_half
behavior.0,28,70,1.4901161193847656e-08,0.0002218475565314293,2026092704,energy_half
behavior.1,28,70,1.1175870895385742e-08,9.132705599768087e-05,2026092704,energy_half
behavior.2,28,70,1.4901161193847656e-08,0.00016007373051252216,2026092704,energy_half
time.0,28,71,1.4901161193847656e-08,0.0005412149475887418,2026092704,energy_half
time.1,28,71,1.4901161193847656e-08,0.0002601655723992735,2026092704,energy_half
time.2,28,71,2.9802322387695312e-08,0.000815373205114156,2026092704,energy_half
behavior.0,28,71,1.4901161193847656e-08,0.00019694160437211394,2026092704,energy_half
behavior.1,28,71,1.1175870895385742e-08,8.390534640057012e-05,2026092704,energy_half
behavior.2,28,71,1.4901161193847656e-08,0.00019637543300632387,2026092704,energy_half
time.0,28,72,2.9802322387695312e-08,0.000688009662553668,2026092704,energy_half
time.1,28,72,1.4901161193847656e-08,0.000289498915662989,2026092704,energy_half
time.2,28,72,4.470348358154297e-08,0.0010132016614079475,2026092704,energy_half
behavior.0,28,72,1.4901161193847656e-08,0.00017968492466025054,2026092704,energy_half
behavior.1,28,72,1.1175870895385742e-08,8.370736031793058e-05,2026092704,energy_half
behavior.2,28,72,1.1175870895385742e-08,0.00016179408703465015,2026092704,energy_half
time.0,28,73,1.4901161193847656e-08,0.0007911589345894754,2026092704,energy_half
time.1,28,73,1.4901161193847656e-08,0.0003199672792106867,2026092704,energy_half
time.2,28,73,2.9802322387695312e-08,0.0011506456648930907,2026092704,energy_half
behavior.0,28,73,1.4901161193847656e-08,0.00018396246014162898,2026092704,energy_half
behavior.1,28,73,1.1175870895385742e-08,8.050822361838073e-05,2026092704,energy_half
behavior.2,28,73,1.4901161193847656e-08,0.0001906228280859068,2026092704,energy_half
time.0,28,74,2.9802322387695312e-08,0.0005390822771005332,2026092704,energy_half
time.1,28,74,1.4901161193847656e-08,0.00023638192215003073,2026092704,energy_half
time.2,28,74,2.9802322387695312e-08,0.0008818608475849032,2026092704,energy_half
behavior.0,28,74,1.4901161193847656e-08,0.00020044911070726812,2026092704,energy_half
behavior.1,28,74,1.1175870895385742e-08,8.243611955549568e-05,2026092704,energy_half
behavior.2,28,74,1.4901161193847656e-08,0.00017018736980389804,2026092704,energy_half
time.0,28,75,2.2351741790771484e-08,0.0005443503614515066,2026092704,energy_half
time.1,28,75,1.4901161193847656e-08,0.00023700593737885356,2026092704,energy_half
time.2,28,75,2.9802322387695312e-08,0.0008460108074359596,2026092704,energy_half
behavior.0,28,75,2.2351741790771484e-08,0.0002119947166647762,2026092704,energy_half
behavior.1,28,75,1.1175870895385742e-08,8.4559855167754e-05,2026092704,energy_half
behavior.2,28,75,1.4901161193847656e-08,0.00017921302060130984,2026092704,energy_half
time.0,28,76,2.2351741790771484e-08,0.00046508415834978223,2026092704,energy_half
time.1,28,76,1.4901161193847656e-08,0.00023513859196100384,2026092704,energy_half
time.2,28,76,2.9802322387695312e-08,0.0008822074742056429,2026092704,energy_half
behavior.0,28,76,2.2351741790771484e-08,0.00020066161232534796,2026092704,energy_half
behavior.1,28,76,1.1175870895385742e-08,8.842682291287929e-05,2026092704,energy_half
behavior.2,28,76,1.4901161193847656e-08,0.00020388980919960886,2026092704,energy_half
time.0,28,77,2.9802322387695312e-08,0.0006451295921579003,2026092704,energy_half
time.1,28,77,1.4901161193847656e-08,0.0002896635851357132,2026092704,energy_half
time.2,28,77,2.9802322387695312e-08,0.0010143499821424484,2026092704,energy_half
behavior.0,28,77,1.4901161193847656e-08,0.00019338149286340922,2026092704,energy_half
behavior.1,28,77,1.1175870895385742e-08,8.240239549195394e-05,2026092704,energy_half
behavior.2,28,77,1.4901161193847656e-08,0.0002084291190840304,2026092704,energy_half
time.0,28,78,2.9802322387695312e-08,0.0005535202799364924,2026092704,energy_half
time.1,28,78,1.4901161193847656e-08,0.000256976461969316,2026092704,energy_half
time.2,28,78,2.9802322387695312e-08,0.0008943593711592257,2026092704,energy_half
behavior.0,28,78,1.4901161193847656e-08,0.0001919253554660827,2026092704,energy_half
behavior.1,28,78,1.1175870895385742e-08,8.254135173046961e-05,2026092704,energy_half
behavior.2,28,78,7.450580596923828e-09,0.00017492576444055885,2026092704,energy_half
time.0,28,79,2.2351741790771484e-08,0.0006354448269121349,2026092704,energy_half
time.1,28,79,1.4901161193847656e-08,0.0002855101483874023,2026092704,energy_half
time.2,28,79,2.9802322387695312e-08,0.0010196489747613668,2026092704,energy_half
behavior.0,28,79,1.4901161193847656e-08,0.00018915861437562853,2026092704,energy_half
behavior.1,28,79,1.1175870895385742e-08,8.737469033803791e-05,2026092704,energy_half
behavior.2,28,79,1.4901161193847656e-08,0.0001997666695388034,2026092704,energy_half
time.0,28,80,2.9802322387695312e-08,0.0005722756613977253,2026092704,energy_half
time.1,28,80,2.2351741790771484e-08,0.000250565935857594,2026092704,energy_half
time.2,28,80,2.2351741790771484e-08,0.0009248544229194522,2026092704,energy_half
behavior.0,28,80,1.4901161193847656e-08,0.00021113351976964623,2026092704,energy_half
behavior.1,28,80,1.1175870895385742e-08,9.560146281728521e-05,2026092704,energy_half
behavior.2,28,80,1.1175870895385742e-08,0.00018792982154991478,2026092704,energy_half
time.0,28,81,2.2351741790771484e-08,0.0005899093812331557,2026092704,energy_half
time.1,28,81,1.4901161193847656e-08,0.0002610224764794111,2026092704,energy_half
time.2,28,81,2.9802322387695312e-08,0.0008614908438175917,2026092704,energy_half
behavior.0,28,81,1.4901161193847656e-08,0.00018429251213092357,2026092704,energy_half
behavior.1,28,81,1.1175870895385742e-08,8.498514216626063e-05,2026092704,energy_half
behavior.2,28,81,1.1175870895385742e-08,0.0001664032752159983,2026092704,energy_half
time.0,28,82,2.9802322387695312e-08,0.0005379356443881989,2026092704,energy_half
time.1,28,82,1.4901161193847656e-08,0.00023933460761327296,2026092704,energy_half
time.2,28,82,2.9802322387695312e-08,0.0008985237800516188,2026092704,energy_half
behavior.0,28,82,1.4901161193847656e-08,0.00019094326125923544,2026092704,energy_half
behavior.1,28,82,1.1175870895385742e-08,8.376219193451107e-05,2026092704,energy_half
behavior.2,28,82,1.4901161193847656e-08,0.00017416388436686248,2026092704,energy_half
time.0,28,83,2.2351741790771484e-08,0.0006219024071469903,2026092704,energy_half
time.1,28,83,1.4901161193847656e-08,0.00028257849044166505,2026092704,energy_half
time.2,28,83,2.9802322387695312e-08,0.0009807556634768844,2026092704,energy_half
behavior.0,28,83,1.4901161193847656e-08,0.0001888784026959911,2026092704,energy_half
behavior.1,28,83,1.4901161193847656e-08,8.506367157679051e-05,2026092704,energy_half
behavior.2,28,83,1.1175870895385742e-08,0.0001786889770301059,2026092704,energy_half
time.0,28,84,2.9802322387695312e-08,0.00046010914957150817,2026092704,energy_half
time.1,28,84,1.4901161193847656e-08,0.00022797990823164582,2026092704,energy_half
time.2,28,84,2.2351741790771484e-08,0.0008015927160158753,2026092704,energy_half
behavior.0,28,84,1.4901161193847656e-08,0.00019151791639160365,2026092704,energy_half
behavior.1,28,84,1.1175870895385742e-08,8.162989252014086e-05,2026092704,energy_half
behavior.2,28,84,1.4901161193847656e-08,0.00017517693049740046,2026092704,energy_half
time.0,28,85,2.9802322387695312e-08,0.00045139555004425347,2026092704,energy_half
time.1,28,85,1.4901161193847656e-08,0.00021654630836565048,2026092704,energy_half
time.2,28,85,2.9802322387695312e-08,0.0008235870045609772,2026092704,energy_half
behavior.0,28,85,1.4901161193847656e-08,0.00019764245371334255,2026092704,energy_half
behavior.1,28,85,1.1175870895385742e-08,8.420603262493387e-05,2026092704,energy_half
behavior.2,28,85,1.1175870895385742e-08,0.00017828679119702429,2026092704,energy_half
time.0,28,86,1.4901161193847656e-08,0.0005310250562615693,2026092704,energy_half
time.1,28,86,1.4901161193847656e-08,0.00023973986390046775,2026092704,energy_half
time.2,28,86,2.9802322387695312e-08,0.0009045891347341239,2026092704,energy_half
behavior.0,28,86,1.4901161193847656e-08,0.00021046597976237535,2026092704,energy_half
behavior.1,28,86,1.1175870895385742e-08,9.68394597293809e-05,2026092704,energy_half
behavior.2,28,86,1.4901161193847656e-08,0.00017776557069737464,2026092704,energy_half
time.0,28,87,1.4901161193847656e-08,0.0005856339121237397,2026092704,energy_half
time.1,28,87,1.4901161193847656e-08,0.0002686667430680245,2026092704,energy_half
time.2,28,87,2.2351741790771484e-08,0.0008945921435952187,2026092704,energy_half
behavior.0,28,87,1.4901161193847656e-08,0.0001867679675342515,2026092704,energy_half
behavior.1,28,87,1.1175870895385742e-08,9.211224823957309e-05,2026092704,energy_half
behavior.2,28,87,1.4901161193847656e-08,0.00018009491031989455,2026092704,energy_half
time.0,28,88,1.4901161193847656e-08,0.0006039523868821561,2026092704,energy_half
time.1,28,88,1.4901161193847656e-08,0.00029207367333583534,2026092704,energy_half
time.2,28,88,2.9802322387695312e-08,0.0009337635710835457,2026092704,energy_half
behavior.0,28,88,1.4901161193847656e-08,0.00018522523168940097,2026092704,energy_half
behavior.1,28,88,1.1175870895385742e-08,8.622971654403955e-05,2026092704,energy_half
behavior.2,28,88,2.2351741790771484e-08,0.00018580173491500318,2026092704,energy_half
time.0,28,89,1.4901161193847656e-08,0.0004777910653501749,2026092704,energy_half
time.1,28,89,1.1175870895385742e-08,0.000220705900574103,2026092704,energy_half
time.2,28,89,2.9802322387695312e-08,0.0007799391169101,2026092704,energy_half
behavior.0,28,89,1.4901161193847656e-08,0.00020772923016920686,2026092704,energy_half
behavior.1,28,89,7.450580596923828e-09,8.017632353585213e-05,2026092704,energy_half
behavior.2,28,89,1.4901161193847656e-08,0.00016380437591578811,2026092704,energy_half
time.0,28,90,1.4901161193847656e-08,0.0004589562595356256,2026092704,energy_half
time.1,28,90,1.4901161193847656e-08,0.00022119880304671824,2026092704,energy_half
time.2,28,90,2.9802322387695312e-08,0.0007955184555612504,2026092704,energy_half
behavior.0,28,90,1.4901161193847656e-08,0.00020391940779518336,2026092704,energy_half
behavior.1,28,90,1.1175870895385742e-08,8.2273458247073e-05,2026092704,energy_half
behavior.2,28,90,1.4901161193847656e-08,0.0001741838495945558,2026092704,energy_half
time.0,28,91,2.2351741790771484e-08,0.0006941244355402887,2026092704,energy_half
time.1,28,91,2.9802322387695312e-08,0.0003101050097029656,2026092704,energy_half
time.2,28,91,2.9802322387695312e-08,0.0009534549899399281,2026092704,energy_half
behavior.0,28,91,1.4901161193847656e-08,0.00018320513481739908,2026092704,energy_half
behavior.1,28,91,1.4901161193847656e-08,8.883580449037254e-05,2026092704,energy_half
behavior.2,28,91,1.4901161193847656e-08,0.00016620822134427726,2026092704,energy_half
time.0,28,92,1.4901161193847656e-08,0.0006326292641460896,2026092704,energy_half
time.1,28,92,1.4901161193847656e-08,0.00029841630021110177,2026092704,energy_half
time.2,28,92,2.9802322387695312e-08,0.001007182989269495,2026092704,energy_half
behavior.0,28,92,1.4901161193847656e-08,0.00018477208504918963,2026092704,energy_half
behavior.1,28,92,1.1175870895385742e-08,8.826285193208605e-05,2026092704,energy_half
behavior.2,28,92,1.4901161193847656e-08,0.00018149397510569543,2026092704,energy_half
time.0,28,93,1.4901161193847656e-08,0.00043831142829731107,2026092704,energy_half
time.1,28,93,1.4901161193847656e-08,0.00020961512927897274,2026092704,energy_half
time.2,28,93,2.9802322387695312e-08,0.0007628503371961415,2026092704,energy_half
behavior.0,28,93,1.4901161193847656e-08,0.00019701584824360907,2026092704,energy_half
behavior.1,28,93,1.1175870895385742e-08,8.080748375505209e-05,2026092704,energy_half
behavior.2,28,93,1.1175870895385742e-08,0.00018635114247445017,2026092704,energy_half
time.0,28,94,2.2351741790771484e-08,0.0005493068019859493,2026092704,energy_half
time.1,28,94,1.4901161193847656e-08,0.0002640878956299275,2026092704,energy_half
time.2,28,94,2.9802322387695312e-08,0.0008372661541216075,2026092704,energy_half
behavior.0,28,94,1.4901161193847656e-08,0.0002227420045528561,2026092704,energy_half
behavior.1,28,94,1.1175870895385742e-08,9.197737381327897e-05,2026092704,energy_half
behavior.2,28,94,1.4901161193847656e-08,0.0001763727777870372,2026092704,energy_half
time.0,28,95,2.2351741790771484e-08,0.00045013814815320075,2026092704,energy_half
time.1,28,95,7.450580596923828e-09,0.00022363268362823874,2026092704,energy_half
time.2,28,95,2.2351741790771484e-08,0.0007599437376484275,2026092704,energy_half
behavior.0,28,95,1.4901161193847656e-08,0.00020803205552510917,2026092704,energy_half
behavior.1,28,95,1.4901161193847656e-08,8.146493200911209e-05,2026092704,energy_half
behavior.2,28,95,1.4901161193847656e-08,0.00017556642706040293,2026092704,energy_half
time.0,28,96,1.4901161193847656e-08,0.0004962979000993073,2026092704,energy_half
time.1,28,96,1.4901161193847656e-08,0.0002433422632748261,2026092704,energy_half
time.2,28,96,2.9802322387695312e-08,0.0008592733647674322,2026092704,energy_half
behavior.0,28,96,1.4901161193847656e-08,0.0001963944232556969,2026092704,energy_half
behavior.1,28,96,1.1175870895385742e-08,8.279539906652644e-05,2026092704,energy_half
behavior.2,28,96,1.4901161193847656e-08,0.0001752996031427756,2026092704,energy_half
time.0,28,97,2.2351741790771484e-08,0.0004457290633581579,2026092704,energy_half
time.1,28,97,1.4901161193847656e-08,0.00022457139857579023,2026092704,energy_half
time.2,28,97,2.9802322387695312e-08,0.0008285381481982768,2026092704,energy_half
behavior.0,28,97,1.4901161193847656e-08,0.00019464033539406955,2026092704,energy_half
behavior.1,28,97,1.1175870895385742e-08,9.03495674720034e-05,2026092704,energy_half
behavior.2,28,97,1.4901161193847656e-08,0.00017667465726844966,2026092704,energy_half
time.0,28,98,2.9802322387695312e-08,0.000667446234729141,2026092704,energy_half
time.1,28,98,1.4901161193847656e-08,0.0003042376774828881,2026092704,energy_half
time.2,28,98,2.9802322387695312e-08,0.001047454890795052,2026092704,energy_half
behavior.0,28,98,1.4901161193847656e-08,0.00018600896873977035,2026092704,energy_half
behavior.1,28,98,1.4901161193847656e-08,8.562819857615978e-05,2026092704,energy_half
behavior.2,28,98,1.4901161193847656e-08,0.0001613011845620349,2026092704,energy_half
time.0,28,99,1.4901161193847656e-08,0.0004409263492561877,2026092704,energy_half
time.1,28,99,1.1175870895385742e-08,0.00020771670097019523,2026092704,energy_half
time.2,28,99,1.4901161193847656e-08,0.0007578234653919935,2026092704,energy_half
behavior.0,28,99,1.4901161193847656e-08,0.00018927200289908797,2026092704,energy_half
behavior.1,28,99,1.4901161193847656e-08,9.279824735131115e-05,2026092704,energy_half
behavior.2,28,99,1.4901161193847656e-08,0.0001769055670592934,2026092704,energy_half
time.0,28,100,2.9802322387695312e-08,0.0007106647244654596,2026092704,energy_half
time.1,28,100,1.4901161193847656e-08,0.00030141655588522553,2026092704,energy_half
time.2,28,100,4.470348358154297e-08,0.001137864077463746,2026092704,energy_half
behavior.0,28,100,1.4901161193847656e-08,0.00019418337615206838,2026092704,energy_half
behavior.1,28,100,1.4901161193847656e-08,9.218072955263779e-05,2026092704,energy_half
behavior.2,28,100,1.4901161193847656e-08,0.00019280253036413342,2026092704,energy_half
time.0,28,101,1.4901161193847656e-08,0.0004720280412584543,2026092704,energy_half
time.1,28,101,1.4901161193847656e-08,0.00022718579566571862,2026092704,energy_half
time.2,28,101,2.9802322387695312e-08,0.0008333690348081291,2026092704,energy_half
behavior.0,28,101,1.4901161193847656e-08,0.0001915814500534907,2026092704,energy_half
behavior.1,28,101,1.1175870895385742e-08,8.464803249808028e-05,2026092704,energy_half
behavior.2,28,101,1.4901161193847656e-08,0.00019326296751387417,2026092704,energy_half
time.0,28,102,2.2351741790771484e-08,0.0004006339586339891,2026092704,energy_half
time.1,28,102,1.1175870895385742e-08,0.00019409005471970886,2026092704,energy_half
time.2,28,102,2.2351741790771484e-08,0.0007095226901583374,2026092704,energy_half
behavior.0,28,102,2.2351741790771484e-08,0.00019518303452059627,2026092704,energy_half
behavior.1,28,102,1.1175870895385742e-08,8.224807243095711e-05,2026092704,energy_half
behavior.2,28,102,1.4901161193847656e-08,0.0001772830873960629,2026092704,energy_half
time.0,28,103,1.4901161193847656e-08,0.0004985411651432514,2026092704,energy_half
time.1,28,103,1.1175870895385742e-08,0.00023834264720790088,2026092704,energy_half
time.2,28,103,2.9802322387695312e-08,0.0008778986521065235,2026092704,energy_half
behavior.0,28,103,2.2351741790771484e-08,0.00023526187578681856,2026092704,energy_half
behavior.1,28,103,1.1175870895385742e-08,0.00010155552445212379,2026092704,energy_half
behavior.2,28,103,1.4901161193847656e-08,0.000189137615961954,2026092704,energy_half
time.0,28,104,2.2351741790771484e-08,0.00042200786992907524,2026092704,energy_half
time.1,28,104,1.4901161193847656e-08,0.00021374579227995127,2026092704,energy_half
time.2,28,104,2.9802322387695312e-08,0.000760888506192714,2026092704,energy_half
behavior.0,28,104,1.4901161193847656e-08,0.00017900094098877162,2026092704,energy_half
behavior.1,28,104,1.4901161193847656e-08,8.597834676038474e-05,2026092704,energy_half
behavior.2,28,104,1.4901161193847656e-08,0.00018246738181915134,2026092704,energy_half
time.0,28,105,2.9802322387695312e-08,0.0005988567136228085,2026092704,energy_half
time.1,28,105,1.4901161193847656e-08,0.000287576112896204,2026092704,energy_half
time.2,28,105,2.9802322387695312e-08,0.0009746989817358553,2026092704,energy_half
behavior.0,28,105,1.4901161193847656e-08,0.00018474280659575015,2026092704,energy_half
behavior.1,28,105,1.4901161193847656e-08,9.087766375159845e-05,2026092704,energy_half
behavior.2,28,105,1.1175870895385742e-08,0.00018558086594566703,2026092704,energy_half
time.0,28,106,2.9802322387695312e-08,0.0007366630015894771,2026092704,energy_half
time.1,28,106,1.4901161193847656e-08,0.0003561594639904797,2026092704,energy_half
time.2,28,106,2.9802322387695312e-08,0.0011337165487930179,2026092704,energy_half
behavior.0,28,106,1.4901161193847656e-08,0.00018333745538257062,2026092704,energy_half
behavior.1,28,106,1.1175870895385742e-08,8.034158236114308e-05,2026092704,energy_half
behavior.2,28,106,1.4901161193847656e-08,0.0001926896075019613,2026092704,energy_half
time.0,28,107,1.4901161193847656e-08,0.0005585558246821165,2026092704,energy_half
time.1,28,107,1.4901161193847656e-08,0.0002704114594962448,2026092704,energy_half
time.2,28,107,4.470348358154297e-08,0.0009714027401059866,2026092704,energy_half
behavior.0,28,107,1.4901161193847656e-08,0.0001934851607074961,2026092704,energy_half
behavior.1,28,107,1.1175870895385742e-08,7.950011786306277e-05,2026092704,energy_half
behavior.2,28,107,1.4901161193847656e-08,0.00016898954345379025,2026092704,energy_half
time.0,28,108,2.9802322387695312e-08,0.0005285632214508951,2026092704,energy_half
time.1,28,108,1.4901161193847656e-08,0.00025334922247566283,2026092704,energy_half
time.2,28,108,2.9802322387695312e-08,0.0008535648812539876,2026092704,energy_half
behavior.0,28,108,1.4901161193847656e-08,0.0002015153004322201,2026092704,energy_half
behavior.1,28,108,1.1175870895385742e-08,9.365482401335612e-05,2026092704,energy_half
behavior.2,28,108,1.1175870895385742e-08,0.0001819179015001282,2026092704,energy_half
time.0,28,109,2.9802322387695312e-08,0.00047927070409059525,2026092704,energy_half
time.1,28,109,1.4901161193847656e-08,0.0002165082551073283,2026092704,energy_half
time.2,28,109,2.9802322387695312e-08,0.0008242298499681056,2026092704,energy_half
behavior.0,28,109,1.4901161193847656e-08,0.0001946225092979148,2026092704,energy_half
behavior.1,28,109,1.4901161193847656e-08,9.313149348599836e-05,2026092704,energy_half
behavior.2,28,109,1.4901161193847656e-08,0.00019996963965240866,2026092704,energy_half
time.0,28,110,2.2351741790771484e-08,0.0004538793582469225,2026092704,energy_half
time.1,28,110,1.4901161193847656e-08,0.00023105103173293173,2026092704,energy_half
time.2,28,110,2.9802322387695312e-08,0.0008305605733767152,2026092704,energy_half
behavior.0,28,110,1.4901161193847656e-08,0.00018372155318502337,2026092704,energy_half
behavior.1,28,110,1.4901161193847656e-08,8.522962889401242e-05,2026092704,energy_half
behavior.2,28,110,1.4901161193847656e-08,0.0002146883198292926,2026092704,energy_half
time.0,28,111,2.2351741790771484e-08,0.0005056159570813179,2026092704,energy_half
time.1,28,111,1.1175870895385742e-08,0.0002307928807567805,2026092704,energy_half
time.2,28,111,2.9802322387695312e-08,0.0008488636231049895,2026092704,energy_half
behavior.0,28,111,1.4901161193847656e-08,0.00019433037959970534,2026092704,energy_half
behavior.1,28,111,1.4901161193847656e-08,7.734755490673706e-05,2026092704,energy_half
behavior.2,28,111,1.1175870895385742e-08,0.00015274957695510238,2026092704,energy_half
time.0,28,112,2.9802322387695312e-08,0.0006217480986379087,2026092704,energy_half
time.1,28,112,1.1175870895385742e-08,0.00027729562134481966,2026092704,energy_half
time.2,28,112,1.4901161193847656e-08,0.0009956492576748133,2026092704,energy_half
behavior.0,28,112,1.4901161193847656e-08,0.00018713214376475662,2026092704,energy_half
behavior.1,28,112,1.4901161193847656e-08,9.205005335388705e-05,2026092704,energy_half
behavior.2,28,112,1.4901161193847656e-08,0.00018415007798466831,2026092704,energy_half
time.0,28,113,1.4901161193847656e-08,0.00046690416638739407,2026092704,energy_half
time.1,28,113,1.1175870895385742e-08,0.0002240697358502075,2026092704,energy_half
time.2,28,113,2.9802322387695312e-08,0.0007940238574519753,2026092704,energy_half
behavior.0,28,113,1.4901161193847656e-08,0.00018975701823364943,2026092704,energy_half
behavior.1,28,113,7.450580596923828e-09,7.789703522576019e-05,2026092704,energy_half
behavior.2,28,113,1.1175870895385742e-08,0.00016109166608657688,2026092704,energy_half
time.0,28,114,2.2351741790771484e-08,0.0005364692769944668,2026092704,energy_half
time.1,28,114,1.4901161193847656e-08,0.0002485179284121841,2026092704,energy_half
time.2,28,114,2.9802322387695312e-08,0.0009228172712028027,2026092704,energy_half
behavior.0,28,114,1.4901161193847656e-08,0.0002235879364889115,2026092704,energy_half
behavior.1,28,114,1.4901161193847656e-08,9.463004244025797e-05,2026092704,energy_half
behavior.2,28,114,1.862645149230957e-08,0.00016421508917119354,2026092704,energy_half
time.0,28,115,2.2351741790771484e-08,0.0005427699070423841,2026092704,energy_half
time.1,28,115,1.4901161193847656e-08,0.00025640573585405946,2026092704,energy_half
time.2,28,115,2.2351741790771484e-08,0.0009314166381955147,2026092704,energy_half
behavior.0,28,115,1.4901161193847656e-08,0.0001994334888877347,2026092704,energy_half
behavior.1,28,115,1.1175870895385742e-08,8.411777525907382e-05,2026092704,energy_half
behavior.2,28,115,1.4901161193847656e-08,0.00019187606812920421,2026092704,energy_half
time.0,28,116,1.4901161193847656e-08,0.0004420021141413599,2026092704,energy_half
time.1,28,116,1.4901161193847656e-08,0.00021347275469452143,2026092704,energy_half
time.2,28,116,2.9802322387695312e-08,0.000819660781417042,2026092704,energy_half
behavior.0,28,116,1.4901161193847656e-08,0.00020193072850815952,2026092704,energy_half
behavior.1,28,116,1.1175870895385742e-08,7.981203816598281e-05,2026092704,energy_half
behavior.2,28,116,1.1175870895385742e-08,0.00020020479860249907,2026092704,energy_half
time.0,28,117,2.2351741790771484e-08,0.0005221755709499121,2026092704,energy_half
time.1,28,117,1.4901161193847656e-08,0.0002325348905287683,2026092704,energy_half
time.2,28,117,2.2351741790771484e-08,0.0008468932937830687,2026092704,energy_half
behavior.0,28,117,1.1175870895385742e-08,0.00020051018509548157,2026092704,energy_half
behavior.1,28,117,1.1175870895385742e-08,8.130735659506172e-05,2026092704,energy_half
behavior.2,28,117,1.1175870895385742e-08,0.00018669840937945992,2026092704,energy_half
time.0,28,118,1.4901161193847656e-08,0.0004466040409170091,2026092704,energy_half
time.1,28,118,1.4901161193847656e-08,0.00022190011804923415,2026092704,energy_half
time.2,28,118,1.4901161193847656e-08,0.0007996090571396053,2026092704,energy_half
behavior.0,28,118,1.4901161193847656e-08,0.00018664619710762054,2026092704,energy_half
behavior.1,28,118,1.1175870895385742e-08,8.116173557937145e-05,2026092704,energy_half
behavior.2,28,118,1.4901161193847656e-08,0.00017372758884448558,2026092704,energy_half
time.0,28,119,1.4901161193847656e-08,0.0005276332958601415,2026092704,energy_half
time.1,28,119,1.4901161193847656e-08,0.00026291547692380846,2026092704,energy_half
time.2,28,119,4.470348358154297e-08,0.0008158428827300668,2026092704,energy_half
behavior.0,28,119,1.4901161193847656e-08,0.00019291762146167457,2026092704,energy_half
behavior.1,28,119,1.1175870895385742e-08,8.443288243142888e-05,2026092704,energy_half
behavior.2,28,119,1.4901161193847656e-08,0.00017583378939889371,2026092704,energy_half
time.0,28,120,2.9802322387695312e-08,0.0005792523152194917,2026092704,energy_half
time.1,28,120,1.4901161193847656e-08,0.0002606360358186066,2026092704,energy_half
time.2,28,120,2.9802322387695312e-08,0.0009620495839044452,2026092704,energy_half
behavior.0,28,120,1.4901161193847656e-08,0.0002069291367661208,2026092704,energy_half
behavior.1,28,120,1.1175870895385742e-08,8.476724906358868e-05,2026092704,energy_half
behavior.2,28,120,1.1175870895385742e-08,0.00014364071830641478,2026092704,energy_half
time.0,28,121,1.4901161193847656e-08,0.00039114319952204823,2026092704,energy_half
time.1,28,121,1.1175870895385742e-08,0.0001982447865884751,2026092704,energy_half
time.2,28,121,2.9802322387695312e-08,0.0006999327451921999,2026092704,energy_half
behavior.0,28,121,1.4901161193847656e-08,0.00020517817756626755,2026092704,energy_half
behavior.1,28,121,1.1175870895385742e-08,9.144381328951567e-05,2026092704,energy_half
behavior.2,28,121,1.4901161193847656e-08,0.0001935529726324603,2026092704,energy_half
time.0,28,122,2.9802322387695312e-08,0.0005164024769328535,2026092704,energy_half
time.1,28,122,2.2351741790771484e-08,0.00023364780645351857,2026092704,energy_half
time.2,28,122,2.9802322387695312e-08,0.0008106468594633043,2026092704,energy_half
behavior.0,28,122,2.2351741790771484e-08,0.00021539765293709934,2026092704,energy_half
behavior.1,28,122,1.1175870895385742e-08,8.943034481490031e-05,2026092704,energy_half
behavior.2,28,122,1.4901161193847656e-08,0.00016079543274827302,2026092704,energy_half
time.0,28,123,1.4901161193847656e-08,0.0005246837972663343,2026092704,energy_half
time.1,28,123,1.4901161193847656e-08,0.00025004608323797584,2026092704,energy_half
time.2,28,123,2.9802322387695312e-08,0.0009086127392947674,2026092704,energy_half
behavior.0,28,123,1.862645149230957e-08,0.00019127999257761985,2026092704,energy_half
behavior.1,28,123,1.1175870895385742e-08,8.994686504593119e-05,2026092704,energy_half
behavior.2,28,123,1.4901161193847656e-08,0.00019066322420258075,2026092704,energy_half
time.0,28,124,2.2351741790771484e-08,0.00046143127838149667,2026092704,energy_half
time.1,28,124,1.4901161193847656e-08,0.00022982415976002812,2026092704,energy_half
time.2,28,124,2.2351741790771484e-08,0.0008053395431488752,2026092704,energy_half
behavior.0,28,124,2.2351741790771484e-08,0.00019568212155718356,2026092704,energy_half
behavior.1,28,124,1.1175870895385742e-08,8.480612450512126e-05,2026092704,energy_half
behavior.2,28,124,1.4901161193847656e-08,0.00020343488722573966,2026092704,energy_half
time.0,28,125,2.2351741790771484e-08,0.0005366864497773349,2026092704,energy_half
time.1,28,125,1.4901161193847656e-08,0.0002559700224082917,2026092704,energy_half
time.2,28,125,2.2351741790771484e-08,0.0009036628762260079,2026092704,energy_half
behavior.0,28,125,1.4901161193847656e-08,0.00018605009245220572,2026092704,energy_half
behavior.1,28,125,1.1175870895385742e-08,7.459377229679376e-05,2026092704,energy_half
behavior.2,28,125,1.4901161193847656e-08,0.00016281371063087136,2026092704,energy_half
time.0,28,126,1.4901161193847656e-08,0.0004237757530063391,2026092704,energy_half
time.1,28,126,1.4901161193847656e-08,0.0002126279432559386,2026092704,energy_half
time.2,28,126,2.9802322387695312e-08,0.000833099358715117,2026092704,energy_half
behavior.0,28,126,1.4901161193847656e-08,0.00019226681615691632,2026092704,energy_half
behavior.1,28,126,1.4901161193847656e-08,8.260579488705844e-05,2026092704,energy_half
behavior.2,28,126,1.4901161193847656e-08,0.00019816226267721504,2026092704,energy_half
time.0,28,127,2.9802322387695312e-08,0.0005574606475420296,2026092704,energy_half
time.1,28,127,1.4901161193847656e-08,0.0002568668860476464,2026092704,energy_half
time.2,28,127,2.2351741790771484e-08,0.0009158935281448066,2026092704,energy_half
behavior.0,28,127,1.4901161193847656e-08,0.00019099861674476415,2026092704,energy_half
behavior.1,28,127,1.1175870895385742e-08,8.721795893507078e-05,2026092704,energy_half
behavior.2,28,127,1.4901161193847656e-08,0.00017073175695259124,2026092704,energy_half
time.0,28,128,2.9802322387695312e-08,0.0006558754830621183,2026092704,energy_half
time.1,28,128,1.4901161193847656e-08,0.0002935150405392051,2026092704,energy_half
time.2,28,128,2.9802322387695312e-08,0.0009699746151454747,2026092704,energy_half
behavior.0,28,128,1.4901161193847656e-08,0.0001829550019465387,2026092704,energy_half
behavior.1,28,128,1.1175870895385742e-08,8.003480616025627e-05,2026092704,energy_half
behavior.2,28,128,1.4901161193847656e-08,0.00018648729019332677,2026092704,energy_half
time.0,28,129,1.4901161193847656e-08,0.0005133505910634995,2026092704,energy_half
time.1,28,129,1.4901161193847656e-08,0.00024054027744568884,2026092704,energy_half
time.2,28,129,2.9802322387695312e-08,0.0008473849156871438,2026092704,energy_half
behavior.0,28,129,1.4901161193847656e-08,0.0001924039825098589,2026092704,energy_half
behavior.1,28,129,1.1175870895385742e-08,7.880760676926002e-05,2026092704,energy_half
behavior.2,28,129,1.4901161193847656e-08,0.00017148975166492164,2026092704,energy_half
time.0,28,130,2.2351741790771484e-08,0.0005571764777414501,2026092704,energy_half
time.1,28,130,2.2351741790771484e-08,0.0002601824817247689,2026092704,energy_half
time.2,28,130,2.9802322387695312e-08,0.0008723951759748161,2026092704,energy_half
behavior.0,28,130,1.4901161193847656e-08,0.00020523573039099574,2026092704,energy_half
behavior.1,28,130,1.1175870895385742e-08,8.539152622688562e-05,2026092704,energy_half
behavior.2,28,130,1.4901161193847656e-08,0.00021173653658479452,2026092704,energy_half
time.0,28,131,2.2351741790771484e-08,0.00045527811744250357,2026092704,energy_half
time.1,28,131,1.4901161193847656e-08,0.00021267095871735364,2026092704,energy_half
time.2,28,131,2.9802322387695312e-08,0.000819950015284121,2026092704,energy_half
behavior.0,28,131,1.4901161193847656e-08,0.00019296533719170839,2026092704,energy_half
behavior.1,28,131,1.4901161193847656e-08,8.724338113097474e-05,2026092704,energy_half
behavior.2,28,131,1.4901161193847656e-08,0.0001942571543622762,2026092704,energy_half
time.0,28,132,1.4901161193847656e-08,0.00043698580702766776,2026092704,energy_half
time.1,28,132,1.4901161193847656e-08,0.00021244720846880227,2026092704,energy_half
time.2,28,132,2.9802322387695312e-08,0.0007816733559593558,2026092704,energy_half
behavior.0,28,132,1.4901161193847656e-08,0.00019886835070792586,2026092704,energy_half
behavior.1,28,132,7.450580596923828e-09,8.270865509985015e-05,2026092704,energy_half
behavior.2,28,132,1.1175870895385742e-08,0.00017034292977768928,2026092704,energy_half
time.0,28,133,2.2351741790771484e-08,0.0005383694660849869,2026092704,energy_half
time.1,28,133,1.4901161193847656e-08,0.00026689530932344496,2026092704,energy_half
time.2,28,133,2.9802322387695312e-08,0.0008981990395113826,2026092704,energy_half
behavior.0,28,133,1.4901161193847656e-08,0.00019917720055673271,2026092704,energy_half
behavior.1,28,133,2.2351741790771484e-08,8.550231723347679e-05,2026092704,energy_half
behavior.2,28,133,1.4901161193847656e-08,0.00020830627181567252,2026092704,energy_half
time.0,28,134,1.4901161193847656e-08,0.0004959309590049088,2026092704,energy_half
time.1,28,134,1.4901161193847656e-08,0.00024499191204085946,2026092704,energy_half
time.2,28,134,2.9802322387695312e-08,0.0008922429988160729,2026092704,energy_half
behavior.0,28,134,1.4901161193847656e-08,0.00018696872575674206,2026092704,energy_half
behavior.1,28,134,1.1175870895385742e-08,8.581481233704835e-05,2026092704,energy_half
behavior.2,28,134,1.4901161193847656e-08,0.00019037091988138855,2026092704,energy_half
time.0,28,135,2.9802322387695312e-08,0.00045175832929089665,2026092704,energy_half
time.1,28,135,1.1175870895385742e-08,0.00021024847228545696,2026092704,energy_half
time.2,28,135,2.2351741790771484e-08,0.0008330942946486175,2026092704,energy_half
behavior.0,28,135,1.4901161193847656e-08,0.0001995411148527637,2026092704,energy_half
behavior.1,28,135,1.1175870895385742e-08,8.852905011735857e-05,2026092704,energy_half
behavior.2,28,135,1.4901161193847656e-08,0.00018965749768540263,2026092704,energy_half
time.0,28,136,2.2351741790771484e-08,0.0005599365686066449,2026092704,energy_half
time.1,28,136,1.4901161193847656e-08,0.0002730187261477113,2026092704,energy_half
time.2,28,136,2.9802322387695312e-08,0.000879120547324419,2026092704,energy_half
behavior.0,28,136,1.4901161193847656e-08,0.0002057980018435046,2026092704,energy_half
behavior.1,28,136,1.1175870895385742e-08,9.740722452988848e-05,2026092704,energy_half
behavior.2,28,136,7.450580596923828e-09,0.00015898366109468043,2026092704,energy_half
time.0,28,137,1.4901161193847656e-08,0.000595373974647373,2026092704,energy_half
time.1,28,137,1.4901161193847656e-08,0.00027846937882713974,2026092704,energy_half
time.2,28,137,2.9802322387695312e-08,0.0009586390806362033,2026092704,energy_half
behavior.0,28,137,1.4901161193847656e-08,0.000199051050003618,2026092704,energy_half
behavior.1,28,137,7.450580596923828e-09,8.450132008874789e-05,2026092704,energy_half
behavior.2,28,137,1.4901161193847656e-08,0.00019666930893436074,2026092704,energy_half
time.0,28,138,1.4901161193847656e-08,0.0004303886671550572,2026092704,energy_half
time.1,28,138,1.4901161193847656e-08,0.00022379867732524872,2026092704,energy_half
time.2,28,138,1.4901161193847656e-08,0.0008036202052608132,2026092704,energy_half
behavior.0,28,138,2.2351741790771484e-08,0.00019226112635806203,2026092704,energy_half
behavior.1,28,138,2.2351741790771484e-08,9.665363177191466e-05,2026092704,energy_half
behavior.2,28,138,1.4901161193847656e-08,0.00019435802823863924,2026092704,energy_half
time.0,28,139,2.9802322387695312e-08,0.0006235273904167116,2026092704,energy_half
time.1,28,139,1.4901161193847656e-08,0.0002752710715867579,2026092704,energy_half
time.2,28,139,2.9802322387695312e-08,0.000991308013908565,2026092704,energy_half
behavior.0,28,139,1.4901161193847656e-08,0.00018964232003781945,2026092704,energy_half
behavior.1,28,139,1.1175870895385742e-08,8.197622810257599e-05,2026092704,energy_half
behavior.2,28,139,1.4901161193847656e-08,0.000174184882780537,2026092704,energy_half
time.0,28,140,2.9802322387695312e-08,0.0005870738532394171,2026092704,energy_half
time.1,28,140,1.4901161193847656e-08,0.00026948272716253996,2026092704,energy_half
time.2,28,140,2.9802322387695312e-08,0.0009673573658801615,2026092704,energy_half
behavior.0,28,140,1.4901161193847656e-08,0.0001900265197036788,2026092704,energy_half
behavior.1,28,140,1.1175870895385742e-08,8.143383456626907e-05,2026092704,energy_half
behavior.2,28,140,1.1175870895385742e-08,0.00019311417418066412,2026092704,energy_half
time.0,28,141,1.4901161193847656e-08,0.0004478307964745909,2026092704,energy_half
time.1,28,141,1.1175870895385742e-08,0.00022623037511948496,2026092704,energy_half
time.2,28,141,2.2351741790771484e-08,0.0007535351323895156,2026092704,energy_half
behavior.0,28,141,1.4901161193847656e-08,0.0001975141349248588,2026092704,energy_half
behavior.1,28,141,1.1175870895385742e-08,8.028305455809459e-05,2026092704,energy_half
behavior.2,28,141,1.4901161193847656e-08,0.0001917420158861205,2026092704,energy_half
time.0,28,142,1.4901161193847656e-08,0.00047209305921569467,2026092704,energy_half
time.1,28,142,1.4901161193847656e-08,0.00021856748207937926,2026092704,energy_half
time.2,28,142,1.4901161193847656e-08,0.0008271323749795556,2026092704,energy_half
behavior.0,28,142,1.4901161193847656e-08,0.0001820509205572307,2026092704,energy_half
behavior.1,28,142,1.4901161193847656e-08,8.016382344067097e-05,2026092704,energy_half
behavior.2,28,142,1.1175870895385742e-08,0.00018065756012219936,2026092704,energy_half
time.0,28,143,2.9802322387695312e-08,0.0005963585572317243,2026092704,energy_half
time.1,28,143,1.4901161193847656e-08,0.00027338042855262756,2026092704,energy_half
time.2,28,143,4.470348358154297e-08,0.000930081179831177,2026092704,energy_half
behavior.0,28,143,1.4901161193847656e-08,0.00017994992958847433,2026092704,energy_half
behavior.1,28,143,1.4901161193847656e-08,8.095439989119768e-05,2026092704,energy_half
behavior.2,28,143,1.4901161193847656e-08,0.0001782585313776508,2026092704,energy_half
time.0,28,144,2.9802322387695312e-08,0.00046779922558926046,2026092704,energy_half
time.1,28,144,1.4901161193847656e-08,0.00022621004609391093,2026092704,energy_half
time.2,28,144,2.2351741790771484e-08,0.00080703548155725,2026092704,energy_half
behavior.0,28,144,1.4901161193847656e-08,0.00018874787201639265,2026092704,energy_half
behavior.1,28,144,7.450580596923828e-09,8.453989721601829e-05,2026092704,energy_half
behavior.2,28,144,1.4901161193847656e-08,0.00018119995365850627,2026092704,energy_half
time.0,28,145,1.4901161193847656e-08,0.000505699950736016,2026092704,energy_half
time.1,28,145,1.4901161193847656e-08,0.0002438899246044457,2026092704,energy_half
time.2,28,145,2.9802322387695312e-08,0.0008570132777094841,2026092704,energy_half
behavior.0,28,145,1.4901161193847656e-08,0.00019949577108491212,2026092704,energy_half
behavior.1,28,145,1.1175870895385742e-08,7.890225242590532e-05,2026092704,energy_half
behavior.2,28,145,1.4901161193847656e-08,0.00018000220006797463,2026092704,energy_half
time.0,28,146,1.4901161193847656e-08,0.0004319731378927827,2026092704,energy_half
time.1,28,146,1.1175870895385742e-08,0.00021259165077935904,2026092704,energy_half
time.2,28,146,2.2351741790771484e-08,0.0007700376445427537,2026092704,energy_half
behavior.0,28,146,1.4901161193847656e-08,0.00019082809740211815,2026092704,energy_half
behavior.1,28,146,1.1175870895385742e-08,8.420234371442348e-05,2026092704,energy_half
behavior.2,28,146,1.1175870895385742e-08,0.0001896508183563128,2026092704,energy_half
time.0,28,147,2.9802322387695312e-08,0.0005024547572247684,2026092704,energy_half
time.1,28,147,1.4901161193847656e-08,0.0002447512815706432,2026092704,energy_half
time.2,28,147,2.2351741790771484e-08,0.0008179423166438937,2026092704,energy_half
behavior.0,28,147,1.4901161193847656e-08,0.00019353812967892736,2026092704,energy_half
behavior.1,28,147,1.1175870895385742e-08,8.23744703666307e-05,2026092704,energy_half
behavior.2,28,147,1.4901161193847656e-08,0.0001969931327039376,2026092704,energy_half
time.0,28,148,2.9802322387695312e-08,0.0005919259856455028,2026092704,energy_half
time.1,28,148,1.4901161193847656e-08,0.00027684957603923976,2026092704,energy_half
time.2,28,148,1.4901161193847656e-08,0.0009499180596321821,2026092704,energy_half
behavior.0,28,148,1.4901161193847656e-08,0.00018852508219424635,2026092704,energy_half
behavior.1,28,148,1.1175870895385742e-08,8.799113857094198e-05,2026092704,energy_half
behavior.2,28,148,1.4901161193847656e-08,0.00018341794202569872,2026092704,energy_half
time.0,28,149,1.4901161193847656e-08,0.0005433589103631675,2026092704,energy_half
time.1,28,149,1.4901161193847656e-08,0.00024695246247574687,2026092704,energy_half
time.2,28,149,2.9802322387695312e-08,0.0008856100030243397,2026092704,energy_half
behavior.0,28,149,1.4901161193847656e-08,0.00018556174472905695,2026092704,energy_half
behavior.1,28,149,1.1175870895385742e-08,8.098279067780823e-05,2026092704,energy_half
behavior.2,28,149,1.1175870895385742e-08,0.00016107683768495917,2026092704,energy_half
time.0,28,150,2.9802322387695312e-08,0.0005821272497996688,2026092704,energy_half
time.1,28,150,2.2351741790771484e-08,0.0002749414707068354,2026092704,energy_half
time.2,28,150,2.9802322387695312e-08,0.0009554618154652417,2026092704,energy_half
behavior.0,28,150,1.4901161193847656e-08,0.0001948009303305298,2026092704,energy_half
behavior.1,28,150,1.1175870895385742e-08,9.217203478328884e-05,2026092704,energy_half
behavior.2,28,150,1.4901161193847656e-08,0.00022742446162737906,2026092704,energy_half
time.0,28,151,2.2351741790771484e-08,0.000529808399733156,2026092704,energy_half
time.1,28,151,1.4901161193847656e-08,0.00025729264598339796,2026092704,energy_half
time.2,28,151,2.9802322387695312e-08,0.000900898186955601,2026092704,energy_half
behavior.0,28,151,1.4901161193847656e-08,0.0001856403541751206,2026092704,energy_half
behavior.1,28,151,1.1175870895385742e-08,8.549235644750297e-05,2026092704,energy_half
behavior.2,28,151,1.1175870895385742e-08,0.0001965908450074494,2026092704,energy_half
time.0,28,152,1.4901161193847656e-08,0.00037888658698648214,2026092704,energy_half
time.1,28,152,1.1175870895385742e-08,0.00019394209084566683,2026092704,energy_half
time.2,28,152,2.9802322387695312e-08,0.0007006606319919229,2026092704,energy_half
behavior.0,28,152,2.2351741790771484e-08,0.00019772499217651784,2026092704,energy_half
behavior.1,28,152,1.1175870895385742e-08,7.904614176368341e-05,2026092704,energy_half
behavior.2,28,152,1.4901161193847656e-08,0.0001820415782276541,2026092704,energy_half
time.0,28,153,2.2351741790771484e-08,0.0004266300529707223,2026092704,energy_half
time.1,28,153,1.4901161193847656e-08,0.00022305571474134922,2026092704,energy_half
time.2,28,153,1.4901161193847656e-08,0.0007739457068964839,2026092704,energy_half
behavior.0,28,153,1.4901161193847656e-08,0.00020678176952060312,2026092704,energy_half
behavior.1,28,153,1.4901161193847656e-08,8.846339187584817e-05,2026092704,energy_half
behavior.2,28,153,1.4901161193847656e-08,0.00017654438852332532,2026092704,energy_half
time.0,28,154,1.4901161193847656e-08,0.0005784276290796697,2026092704,energy_half
time.1,28,154,1.4901161193847656e-08,0.0002759370836429298,2026092704,energy_half
time.2,28,154,2.2351741790771484e-08,0.0009428394259884953,2026092704,energy_half
behavior.0,28,154,1.4901161193847656e-08,0.00017996398673858494,2026092704,energy_half
behavior.1,28,154,1.1175870895385742e-08,8.274232823168859e-05,2026092704,energy_half
behavior.2,28,154,1.1175870895385742e-08,0.00016871826665010303,2026092704,energy_half
time.0,28,155,2.9802322387695312e-08,0.000495409534778446,2026092704,energy_half
time.1,28,155,2.2351741790771484e-08,0.000240829584072344,2026092704,energy_half
time.2,28,155,2.9802322387695312e-08,0.0008561374852433801,2026092704,energy_half
behavior.0,28,155,1.4901161193847656e-08,0.00018805339641403407,2026092704,energy_half
behavior.1,28,155,1.1175870895385742e-08,7.968170393723994e-05,2026092704,energy_half
behavior.2,28,155,1.4901161193847656e-08,0.00015299160440918058,2026092704,energy_half
time.0,28,156,2.9802322387695312e-08,0.0006568600074388087,2026092704,energy_half
time.1,28,156,2.2351741790771484e-08,0.0003040526935365051,2026092704,energy_half
time.2,28,156,2.9802322387695312e-08,0.0009845690801739693,2026092704,energy_half
behavior.0,28,156,1.4901161193847656e-08,0.00019115503528155386,2026092704,energy_half
behavior.1,28,156,1.1175870895385742e-08,8.766492101131007e-05,2026092704,energy_half
behavior.2,28,156,1.4901161193847656e-08,0.00016949679411482066,2026092704,energy_half
time.0,28,157,2.2351741790771484e-08,0.0005073036882095039,2026092704,energy_half
time.1,28,157,1.4901161193847656e-08,0.00024220232444349676,2026092704,energy_half
time.2,28,157,2.9802322387695312e-08,0.0008231646497733891,2026092704,energy_half
behavior.0,28,157,1.4901161193847656e-08,0.00022264948347583413,2026092704,energy_half
behavior.1,28,157,1.1175870895385742e-08,9.621866774978116e-05,2026092704,energy_half
behavior.2,28,157,1.4901161193847656e-08,0.0001960239460458979,2026092704,energy_half
time.0,28,158,2.2351741790771484e-08,0.0004782752657774836,2026092704,energy_half
time.1,28,158,1.4901161193847656e-08,0.00023882511595729738,2026092704,energy_half
time.2,28,158,2.2351741790771484e-08,0.0008611910743638873,2026092704,energy_half
behavior.0,28,158,1.4901161193847656e-08,0.00019412428082432598,2026092704,energy_half
behavior.1,28,158,1.4901161193847656e-08,7.728442142251879e-05,2026092704,energy_half
behavior.2,28,158,1.4901161193847656e-08,0.0001612379855941981,2026092704,energy_half
time.0,28,159,2.2351741790771484e-08,0.0004522420058492571,2026092704,energy_half
time.1,28,159,1.4901161193847656e-08,0.00022782396990805864,2026092704,energy_half
time.2,28,159,2.9802322387695312e-08,0.0008282814524136484,2026092704,energy_half
behavior.0,28,159,1.4901161193847656e-08,0.00018511989037506282,2026092704,energy_half
behavior.1,28,159,1.4901161193847656e-08,7.88061079219915e-05,2026092704,energy_half
behavior.2,28,159,1.1175870895385742e-08,0.00016668150783516467,2026092704,energy_half
time.0,28,160,2.2351741790771484e-08,0.000654978328384459,2026092704,energy_half
time.1,28,160,1.4901161193847656e-08,0.0003035081608686596,2026092704,energy_half
time.2,28,160,2.9802322387695312e-08,0.0010264500742778182,2026092704,energy_half
behavior.0,28,160,1.4901161193847656e-08,0.0002127341431332752,2026092704,energy_half
behavior.1,28,160,1.4901161193847656e-08,8.806864934740588e-05,2026092704,energy_half
behavior.2,28,160,1.4901161193847656e-08,0.00017103312711697072,2026092704,energy_half
time.0,28,161,2.9802322387695312e-08,0.0005797820631414652,2026092704,energy_half
time.1,28,161,1.4901161193847656e-08,0.0002732551656663418,2026092704,energy_half
time.2,28,161,2.9802322387695312e-08,0.0009470228687860072,2026092704,energy_half
behavior.0,28,161,1.4901161193847656e-08,0.00018371037731412798,2026092704,energy_half
behavior.1,28,161,1.4901161193847656e-08,8.307937969220802e-05,2026092704,energy_half
behavior.2,28,161,2.2351741790771484e-08,0.0001743183092912659,2026092704,energy_half
time.0,28,162,2.2351741790771484e-08,0.0003831938956864178,2026092704,energy_half
time.1,28,162,1.4901161193847656e-08,0.00019994837930426002,2026092704,energy_half
time.2,28,162,2.2351741790771484e-08,0.0006786920712329447,2026092704,energy_half
behavior.0,28,162,1.4901161193847656e-08,0.00017446228594053537,2026092704,energy_half
behavior.1,28,162,1.1175870895385742e-08,8.555908425478265e-05,2026092704,energy_half
behavior.2,28,162,1.4901161193847656e-08,0.0001732634991640225,2026092704,energy_half
time.0,28,163,1.4901161193847656e-08,0.0005493767675943673,2026092704,energy_half
time.1,28,163,1.4901161193847656e-08,0.0002542025758884847,2026092704,energy_half
time.2,28,163,1.4901161193847656e-08,0.0009349759202450514,2026092704,energy_half
behavior.0,28,163,1.4901161193847656e-08,0.00018950669618789107,2026092704,energy_half
behavior.1,28,163,7.450580596923828e-09,7.511248259106651e-05,2026092704,energy_half
behavior.2,28,163,1.4901161193847656e-08,0.00018641279893927276,2026092704,energy_half
time.0,28,164,2.2351741790771484e-08,0.0005594823742285371,2026092704,energy_half
time.1,28,164,1.4901161193847656e-08,0.0002670644607860595,2026092704,energy_half
time.2,28,164,2.9802322387695312e-08,0.0009355241199955344,2026092704,energy_half
behavior.0,28,164,1.4901161193847656e-08,0.0001921122457133606,2026092704,energy_half
behavior.1,28,164,1.1175870895385742e-08,8.988745685201138e-05,2026092704,energy_half
behavior.2,28,164,2.2351741790771484e-08,0.00020415018661879003,2026092704,energy_half
time.0,28,165,1.4901161193847656e-08,0.000521528476383537,2026092704,energy_half
time.1,28,165,1.1175870895385742e-08,0.0002490909828338772,2026092704,energy_half
time.2,28,165,1.4901161193847656e-08,0.0008983636507764459,2026092704,energy_half
behavior.0,28,165,1.4901161193847656e-08,0.00018603159696795046,2026092704,energy_half
behavior.1,28,165,1.4901161193847656e-08,8.403566607739776e-05,2026092704,energy_half
behavior.2,28,165,1.4901161193847656e-08,0.00020180434512440115,2026092704,energy_half
time.0,28,166,1.4901161193847656e-08,0.00044313492253422737,2026092704,energy_half
time.1,28,166,1.4901161193847656e-08,0.00021747677237726748,2026092704,energy_half
time.2,28,166,2.9802322387695312e-08,0.0007867090753279626,2026092704,energy_half
behavior.0,28,166,1.4901161193847656e-08,0.00019300870189908892,2026092704,energy_half
behavior.1,28,166,7.450580596923828e-09,8.694097050465643e-05,2026092704,energy_half
behavior.2,28,166,1.4901161193847656e-08,0.00018266579718329012,2026092704,energy_half
time.0,28,167,2.2351741790771484e-08,0.0006117452285252512,2026092704,energy_half
time.1,28,167,1.4901161193847656e-08,0.0002917163074016571,2026092704,energy_half
time.2,28,167,2.2351741790771484e-08,0.0009534963173791766,2026092704,energy_half
behavior.0,28,167,2.9802322387695312e-08,0.00024453827063553035,2026092704,energy_half
behavior.1,28,167,1.4901161193847656e-08,0.00010682523134164512,2026092704,energy_half
behavior.2,28,167,1.4901161193847656e-08,0.00019713469373527914,2026092704,energy_half
time.0,28,168,1.4901161193847656e-08,0.00042931060306727886,2026092704,energy_half
time.1,28,168,1.4901161193847656e-08,0.0002060185797745362,2026092704,energy_half
time.2,28,168,2.9802322387695312e-08,0.000776790315285325,2026092704,energy_half
behavior.0,28,168,1.4901161193847656e-08,0.00019869428069796413,2026092704,energy_half
behavior.1,28,168,1.4901161193847656e-08,8.550395432393998e-05,2026092704,energy_half
behavior.2,28,168,1.1175870895385742e-08,0.00019551298464648426,2026092704,energy_half
time.0,28,169,2.9802322387695312e-08,0.0005441937828436494,2026092704,energy_half
time.1,28,169,1.4901161193847656e-08,0.0002565285249147564,2026092704,energy_half
time.2,28,169,2.9802322387695312e-08,0.0009124220814555883,2026092704,energy_half
behavior.0,28,169,1.4901161193847656e-08,0.00019580594380386174,2026092704,energy_half
behavior.1,28,169,1.1175870895385742e-08,8.865171548677608e-05,2026092704,energy_half
behavior.2,28,169,1.4901161193847656e-08,0.00020564437727443874,2026092704,energy_half
time.0,28,170,1.4901161193847656e-08,0.000505753792822361,2026092704,energy_half
time.1,28,170,1.4901161193847656e-08,0.0002345139509998262,2026092704,energy_half
time.2,28,170,2.9802322387695312e-08,0.000843470566906035,2026092704,energy_half
behavior.0,28,170,1.4901161193847656e-08,0.00020486321591306478,2026092704,energy_half
behavior.1,28,170,1.1175870895385742e-08,8.043206617003307e-05,2026092704,energy_half
behavior.2,28,170,1.4901161193847656e-08,0.00017608942289371043,2026092704,energy_half
time.0,28,171,2.9802322387695312e-08,0.0005952696083113551,2026092704,energy_half
time.1,28,171,1.4901161193847656e-08,0.00026521243853494525,2026092704,energy_half
time.2,28,171,2.9802322387695312e-08,0.0009472612291574478,2026092704,energy_half
behavior.0,28,171,2.2351741790771484e-08,0.00023790763225406408,2026092704,energy_half
behavior.1,28,171,1.4901161193847656e-08,9.502979810349643e-05,2026092704,energy_half
behavior.2,28,171,1.4901161193847656e-08,0.0001890472776722163,2026092704,energy_half
time.0,28,172,1.4901161193847656e-08,0.0005495380028150976,2026092704,energy_half
time.1,28,172,1.4901161193847656e-08,0.0002505834272596985,2026092704,energy_half
time.2,28,172,2.9802322387695312e-08,0.0009238890488632023,2026092704,energy_half
behavior.0,28,172,1.4901161193847656e-08,0.00018874443776439875,2026092704,energy_half
behavior.1,28,172,1.1175870895385742e-08,7.99626432126388e-05,2026092704,energy_half
behavior.2,28,172,1.4901161193847656e-08,0.00017895233759190887,2026092704,energy_half
time.0,28,173,1.4901161193847656e-08,0.00044799226452596486,2026092704,energy_half
time.1,28,173,1.4901161193847656e-08,0.00022237403027247638,2026092704,energy_half
time.2,28,173,4.470348358154297e-08,0.0008231642423197627,2026092704,energy_half
behavior.0,28,173,1.4901161193847656e-08,0.00017997316899709404,2026092704,energy_half
behavior.1,28,173,1.1175870895385742e-08,8.35148457554169e-05,2026092704,energy_half
behavior.2,28,173,1.4901161193847656e-08,0.00017024209955707192,2026092704,energy_half
time.0,28,174,2.2351741790771484e-08,0.0005147077026776969,2026092704,energy_half
time.1,28,174,1.4901161193847656e-08,0.00024543789913877845,2026092704,energy_half
time.2,28,174,2.9802322387695312e-08,0.000785229611210525,2026092704,energy_half
behavior.0,28,174,1.4901161193847656e-08,0.00023356320161838084,2026092704,energy_half
behavior.1,28,174,1.1175870895385742e-08,8.867563883541152e-05,2026092704,energy_half
behavior.2,28,174,1.4901161193847656e-08,0.0001623845164431259,2026092704,energy_half
time.0,28,175,1.4901161193847656e-08,0.0005238133599050343,2026092704,energy_half
time.1,28,175,1.4901161193847656e-08,0.0002493100182618946,2026092704,energy_half
time.2,28,175,2.2351741790771484e-08,0.0008523010765202343,2026092704,energy_half
behavior.0,28,175,1.4901161193847656e-08,0.00018260035722050816,2026092704,energy_half
behavior.1,28,175,7.450580596923828e-09,8.95441189641133e-05,2026092704,energy_half
behavior.2,28,175,1.1175870895385742e-08,0.00017067701264750212,2026092704,energy_half
time.0,28,176,2.2351741790771484e-08,0.0006897698622196913,2026092704,energy_half
time.1,28,176,2.2351741790771484e-08,0.0003025786718353629,2026092704,energy_half
time.2,28,176,4.470348358154297e-08,0.0010859699686989188,2026092704,energy_half
behavior.0,28,176,1.4901161193847656e-08,0.00019670418987516314,2026092704,energy_half
behavior.1,28,176,1.1175870895385742e-08,7.855975854909047e-05,2026092704,energy_half
behavior.2,28,176,1.4901161193847656e-08,0.00015834761143196374,2026092704,energy_half
time.0,28,177,1.4901161193847656e-08,0.0005309329135343432,2026092704,energy_half
time.1,28,177,1.4901161193847656e-08,0.0002448506420478225,2026092704,energy_half
time.2,28,177,2.9802322387695312e-08,0.0008930284529924393,2026092704,energy_half
behavior.0,28,177,1.4901161193847656e-08,0.00019624634296633303,2026092704,energy_half
behavior.1,28,177,7.450580596923828e-09,7.79720357968472e-05,2026092704,energy_half
behavior.2,28,177,1.1175870895385742e-08,0.0001796877186279744,2026092704,energy_half
time.0,28,178,1.4901161193847656e-08,0.0005401451489888132,2026092704,energy_half
time.1,28,178,1.4901161193847656e-08,0.00025830388767644763,2026092704,energy_half
time.2,28,178,1.4901161193847656e-08,0.0009081352036446333,2026092704,energy_half
behavior.0,28,178,1.4901161193847656e-08,0.00019545118266250938,2026092704,energy_half
behavior.1,28,178,1.1175870895385742e-08,8.553210500394925e-05,2026092704,energy_half
behavior.2,28,178,1.4901161193847656e-08,0.00020482025865931064,2026092704,energy_half
time.0,28,179,2.9802322387695312e-08,0.0006834629457443953,2026092704,energy_half
time.1,28,179,1.4901161193847656e-08,0.0003014557296410203,2026092704,energy_half
time.2,28,179,2.9802322387695312e-08,0.0010352192912250757,2026092704,energy_half
behavior.0,28,179,1.4901161193847656e-08,0.00019769078062381595,2026092704,energy_half
behavior.1,28,179,1.1175870895385742e-08,7.657326204935089e-05,2026092704,energy_half
behavior.2,28,179,1.4901161193847656e-08,0.00016506134124938399,2026092704,energy_half
time.0,28,180,2.2351741790771484e-08,0.0004936595796607435,2026092704,energy_half
time.1,28,180,1.1175870895385742e-08,0.0002323917724424973,2026092704,energy_half
time.2,28,180,2.2351741790771484e-08,0.000838465231936425,2026092704,energy_half
behavior.0,28,180,2.2351741790771484e-08,0.0002001347456825897,2026092704,energy_half
behavior.1,28,180,1.4901161193847656e-08,8.480359247187153e-05,2026092704,energy_half
behavior.2,28,180,1.4901161193847656e-08,0.00019750342471525073,2026092704,energy_half
time.0,28,181,1.4901161193847656e-08,0.0005213254480622709,2026092704,energy_half
time.1,28,181,1.4901161193847656e-08,0.0002491929044481367,2026092704,energy_half
time.2,28,181,2.9802322387695312e-08,0.0008954998338595033,2026092704,energy_half
behavior.0,28,181,1.4901161193847656e-08,0.0001916355249704793,2026092704,energy_half
behavior.1,28,181,1.4901161193847656e-08,9.405992750544101e-05,2026092704,energy_half
behavior.2,28,181,1.4901161193847656e-08,0.00022353179519996047,2026092704,energy_half
time.0,28,182,2.2351741790771484e-08,0.0003758953826036304,2026092704,energy_half
time.1,28,182,1.1175870895385742e-08,0.00019159626390319318,2026092704,energy_half
time.2,28,182,2.2351741790771484e-08,0.0006850833306089044,2026092704,energy_half
behavior.0,28,182,1.4901161193847656e-08,0.00018667703261598945,2026092704,energy_half
behavior.1,28,182,1.4901161193847656e-08,8.720173354959115e-05,2026092704,energy_half
behavior.2,28,182,1.4901161193847656e-08,0.00016685649461578578,2026092704,energy_half
time.0,28,183,1.4901161193847656e-08,0.0005851628957316279,2026092704,energy_half
time.1,28,183,1.4901161193847656e-08,0.000278518651612103,2026092704,energy_half
time.2,28,183,2.9802322387695312e-08,0.0009199611376971006,2026092704,energy_half
behavior.0,28,183,1.4901161193847656e-08,0.00019009030074812472,2026092704,energy_half
behavior.1,28,183,1.1175870895385742e-08,9.298769145971164e-05,2026092704,energy_half
behavior.2,28,183,1.1175870895385742e-08,0.00017193112580571324,2026092704,energy_half
time.0,28,184,2.9802322387695312e-08,0.000495846092235297,2026092704,energy_half
time.1,28,184,1.4901161193847656e-08,0.0002378899953328073,2026092704,energy_half
time.2,28,184,2.2351741790771484e-08,0.0008208212093450129,2026092704,energy_half
behavior.0,28,184,1.4901161193847656e-08,0.00019007563241757452,2026092704,energy_half
behavior.1,28,184,1.1175870895385742e-08,8.621921733720228e-05,2026092704,energy_half
behavior.2,28,184,1.4901161193847656e-08,0.00020797162142116576,2026092704,energy_half
time.0,28,185,1.4901161193847656e-08,0.0003783394058700651,2026092704,energy_half
time.1,28,185,1.4901161193847656e-08,0.00019665069703478366,2026092704,energy_half
time.2,28,185,1.4901161193847656e-08,0.0006673099123872817,2026092704,energy_half
behavior.0,28,185,1.4901161193847656e-08,0.00019024706853087991,2026092704,energy_half
behavior.1,28,185,7.450580596923828e-09,8.284799696411937e-05,2026092704,energy_half
behavior.2,28,185,1.4901161193847656e-08,0.0001786235807230696,2026092704,energy_half
time.0,28,186,2.2351741790771484e-08,0.0006183036020956933,2026092704,energy_half
time.1,28,186,1.4901161193847656e-08,0.00028278198442421854,2026092704,energy_half
time.2,28,186,2.9802322387695312e-08,0.0009561136248521507,2026092704,energy_half
behavior.0,28,186,1.4901161193847656e-08,0.0001955568150151521,2026092704,energy_half
behavior.1,28,186,1.1175870895385742e-08,8.036964572966099e-05,2026092704,energy_half
behavior.2,28,186,1.4901161193847656e-08,0.00019990178407169878,2026092704,energy_half
time.0,28,187,2.9802322387695312e-08,0.0007477367180399597,2026092704,energy_half
time.1,28,187,1.4901161193847656e-08,0.0003271364839747548,2026092704,energy_half
time.2,28,187,2.9802322387695312e-08,0.0010711763752624393,2026092704,energy_half
behavior.0,28,187,1.4901161193847656e-08,0.00018755275232251734,2026092704,energy_half
behavior.1,28,187,1.4901161193847656e-08,8.911178883863613e-05,2026092704,energy_half
behavior.2,28,187,1.1175870895385742e-08,0.0001569424057379365,2026092704,energy_half
time.0,28,188,1.4901161193847656e-08,0.0004431901325006038,2026092704,energy_half
time.1,28,188,1.4901161193847656e-08,0.00021712377201765776,2026092704,energy_half
time.2,28,188,2.9802322387695312e-08,0.0007987191784195602,2026092704,energy_half
behavior.0,28,188,2.9802322387695312e-08,0.00021163983910810202,2026092704,energy_half
behavior.1,28,188,1.1175870895385742e-08,7.520124927395955e-05,2026092704,energy_half
behavior.2,28,188,7.450580596923828e-09,0.00015248797717504203,2026092704,energy_half
time.0,28,189,1.4901161193847656e-08,0.000554234953597188,2026092704,energy_half
time.1,28,189,1.4901161193847656e-08,0.00025819960865192115,2026092704,energy_half
time.2,28,189,2.9802322387695312e-08,0.0008840880473144352,2026092704,energy_half
behavior.0,28,189,1.1175870895385742e-08,0.00018639657355379313,2026092704,energy_half
behavior.1,28,189,2.2351741790771484e-08,7.967172132339329e-05,2026092704,energy_half
behavior.2,28,189,1.4901161193847656e-08,0.00015846092719584703,2026092704,energy_half
time.0,28,190,1.4901161193847656e-08,0.0005539550329558551,2026092704,energy_half
time.1,28,190,1.4901161193847656e-08,0.0002596516569610685,2026092704,energy_half
time.2,28,190,2.9802322387695312e-08,0.0008194908732548356,2026092704,energy_half
behavior.0,28,190,1.4901161193847656e-08,0.00018512873793952167,2026092704,energy_half
behavior.1,28,190,7.450580596923828e-09,8.421320671914145e-05,2026092704,energy_half
behavior.2,28,190,1.4901161193847656e-08,0.0001548957807244733,2026092704,energy_half
time.0,28,191,2.2351741790771484e-08,0.00038928716094233096,2026092704,energy_half
time.1,28,191,1.4901161193847656e-08,0.000190751685295254,2026092704,energy_half
time.2,28,191,2.9802322387695312e-08,0.0006898917490616441,2026092704,energy_half
behavior.0,28,191,1.4901161193847656e-08,0.00018733787874225527,2026092704,energy_half
behavior.1,28,191,1.1175870895385742e-08,8.233914559241384e-05,2026092704,energy_half
behavior.2,28,191,1.4901161193847656e-08,0.0001622270210646093,2026092704,energy_half
time.0,28,192,2.2351741790771484e-08,0.0004610105534084141,2026092704,energy_half
time.1,28,192,1.4901161193847656e-08,0.00022907700622454286,2026092704,energy_half
time.2,28,192,2.9802322387695312e-08,0.0007985768024809659,2026092704,energy_half
behavior.0,28,192,1.4901161193847656e-08,0.00018875920795835555,2026092704,energy_half
behavior.1,28,192,1.1175870895385742e-08,8.298780448967591e-05,2026092704,energy_half
behavior.2,28,192,1.4901161193847656e-08,0.0001879974006442353,2026092704,energy_half
time.0,28,193,1.4901161193847656e-08,0.00044030678691342473,2026092704,energy_half
time.1,28,193,1.4901161193847656e-08,0.00021453056251630187,2026092704,energy_half
time.2,28,193,2.9802322387695312e-08,0.0007737796986475587,2026092704,energy_half
behavior.0,28,193,1.4901161193847656e-08,0.00019629141024779528,2026092704,energy_half
behavior.1,28,193,1.1175870895385742e-08,8.806802361505106e-05,2026092704,energy_half
behavior.2,28,193,1.4901161193847656e-08,0.00020726019283756614,2026092704,energy_half
time.0,28,194,1.4901161193847656e-08,0.0005053129279986024,2026092704,energy_half
time.1,28,194,1.4901161193847656e-08,0.00023407573462463915,2026092704,energy_half
time.2,28,194,2.9802322387695312e-08,0.0008122156141325831,2026092704,energy_half
behavior.0,28,194,1.4901161193847656e-08,0.00020455422054510564,2026092704,energy_half
behavior.1,28,194,1.1175870895385742e-08,9.228751878254116e-05,2026092704,energy_half
behavior.2,28,194,1.4901161193847656e-08,0.00018281045777257532,2026092704,energy_half
time.0,28,195,1.4901161193847656e-08,0.0005143887829035521,2026092704,energy_half
time.1,28,195,2.2351741790771484e-08,0.0002551346842665225,2026092704,energy_half
time.2,28,195,2.2351741790771484e-08,0.0008630163501948118,2026092704,energy_half
behavior.0,28,195,1.4901161193847656e-08,0.0001881279022200033,2026092704,energy_half
behavior.1,28,195,1.1175870895385742e-08,9.31479808059521e-05,2026092704,energy_half
behavior.2,28,195,1.4901161193847656e-08,0.000207125412998721,2026092704,energy_half
time.0,28,196,1.4901161193847656e-08,0.0004957779310643673,2026092704,energy_half
time.1,28,196,1.4901161193847656e-08,0.00023275130661204457,2026092704,energy_half
time.2,28,196,2.9802322387695312e-08,0.0008198011200875044,2026092704,energy_half
behavior.0,28,196,1.4901161193847656e-08,0.00018715871556196362,2026092704,energy_half
behavior.1,28,196,1.1175870895385742e-08,8.439906378043815e-05,2026092704,energy_half
behavior.2,28,196,1.4901161193847656e-08,0.00020212943491060287,2026092704,energy_half
time.0,28,197,1.4901161193847656e-08,0.0003934292763005942,2026092704,energy_half
time.1,28,197,1.4901161193847656e-08,0.00020352711726445705,2026092704,energy_half
time.2,28,197,2.2351741790771484e-08,0.0007229832117445767,2026092704,energy_half
behavior.0,28,197,2.2351741790771484e-08,0.0001900054921861738,2026092704,energy_half
behavior.1,28,197,1.4901161193847656e-08,8.509237522957847e-05,2026092704,energy_half
behavior.2,28,197,1.4901161193847656e-08,0.00019249896286055446,2026092704,energy_half
time.0,28,198,1.4901161193847656e-08,0.0004377583973109722,2026092704,energy_half
time.1,28,198,1.4901161193847656e-08,0.00022486854868475348,2026092704,energy_half
time.2,28,198,2.2351741790771484e-08,0.0007723316084593534,2026092704,energy_half
behavior.0,28,198,1.4901161193847656e-08,0.0001869409898063168,2026092704,energy_half
behavior.1,28,198,1.1175870895385742e-08,8.886489376891404e-05,2026092704,energy_half
behavior.2,28,198,1.1175870895385742e-08,0.00017287532682530582,2026092704,energy_half
time.0,28,199,2.9802322387695312e-08,0.000506869750097394,2026092704,energy_half
time.1,28,199,1.4901161193847656e-08,0.00023238167341332883,2026092704,energy_half
time.2,28,199,2.9802322387695312e-08,0.0008332409197464585,2026092704,energy_half
behavior.0,28,199,1.4901161193847656e-08,0.00023804606462363154,2026092704,energy_half
behavior.1,28,199,1.1175870895385742e-08,8.383351087104529e-05,2026092704,energy_half
behavior.2,28,199,1.4901161193847656e-08,0.0001980827801162377,2026092704,energy_half
time.0,28,200,2.9802322387695312e-08,0.0005459296517074108,2026092704,energy_half
time.1,28,200,1.4901161193847656e-08,0.00025845682830549777,2026092704,energy_half
time.2,28,200,2.2351741790771484e-08,0.0008989615016616881,2026092704,energy_half
behavior.0,28,200,1.4901161193847656e-08,0.00019329275528434664,2026092704,energy_half
behavior.1,28,200,1.4901161193847656e-08,8.176116534741595e-05,2026092704,energy_half
behavior.2,28,200,1.4901161193847656e-08,0.0001770628005033359,2026092704,energy_half
