Starting Training at 2026-05-07 16:57:11
Device: cuda:0 | AMP: True | use_aug=True
[EXP] s3_rxrobust_no_dac | S3 RX-robust no-DAC: PA-only aux + hard-domain CE for weak unseen receivers | no_dac->disable_dac_aux
[SLIM] group=rxrobust_lite_b_no_dac_mix015 | R05 conservative MixStyle: lower p/strength for no-stats-sensitive domains.
[SAT-EVAL] enabled scenarios=clear_leo,low_elev_leo,rain_leo,storm_mp,mixed_orbit on=test_unseen_day_unseen_rx max_batches=-1
[SAT-TRAIN] scenario=mixed_orbit view_source=main lambda_cons=0.0200 lambda_cls=0.0500 start_epoch=20
[EXP] pa_main=True pa_aux=True dac_aux=False | aug_p_pa=0.140 aug_p_dac=0.000
[EXP] pure_views: dac_only(channel=False, anti=False) | pa_only(channel=False, anti=False)
[EXP] stage schedule: stage1<=E16, stage2<=E80, stage3 ramp=20
[EXP] pure_views: dac_only(channel=False, anti=False) pa_only(channel=False, anti=False) | defect_strength_mode=tiered
[WISIG] overriding num_classes 16 -> 6
[WISIG] pkl=./Dataset_WigSig/ManySig.pkl eq=1 out_len=256 domain=rx_day
[WISIG] TRAIN DAYS: ['2021_03_01', '2021_03_08'] | TRAIN RXS: [0, 1, 2, 3, 4, 5, 6]
[WISIG] TEST  DAYS: ['2021_03_15', '2021_03_23'] | TEST  RXS: [7, 8, 9, 10, 11]
[WISIG] VAL   source: same train_days x train_rxs tail (guard_gap=8)
[WISIG-SPLIT] train_ratio=0.200 requested_val_ratio=0.800 effective_train=0.200 effective_val=0.792
[WISIG] named_test_sizes={'test_unseen_day_seen_rx': 84000, 'test_day_2': 42000, 'test_day_3': 42000, 'test_seen_day_unseen_rx': 60000, 'test_rx_7': 12000, 'test_rx_8': 12000, 'test_rx_9': 12000, 'test_rx_10': 12000, 'test_rx_11': 12000, 'test_unseen_day_unseen_rx': 60000}
[WISIG] split_info={'mode': 'contiguous_trainval_with_explicit_day_rx_isolation', 'train_days_idx': [0, 1], 'train_days_label': ['2021_03_01', '2021_03_08'], 'test_days_idx': [2, 3], 'test_days_label': ['2021_03_15', '2021_03_23'], 'train_rxs_idx': [0, 1, 2, 3, 4, 5, 6], 'train_rxs_label': ['1-1', '1-19', '14-7', '18-2', '19-2', '2-1', '2-19'], 'test_rxs_idx': [7, 8, 9, 10, 11], 'test_rxs_label': ['20-1', '3-19', '7-14', '7-7', '8-8'], 'train_ratio': 0.2, 'requested_val_ratio': 0.8, 'guard_gap': 8, 'trainval_pool_size': 84000, 'train_size': 16800, 'val_size': 66528, 'effective_train_ratio': 0.2, 'effective_val_ratio': 0.792, 'test_size': 204000, 'dropped_gap_size': 672, 'max_samples_per_combo_day123': None, 'max_samples_per_combo_train': None, 'max_samples_per_combo_val': None, 'max_samples_per_combo_test': None, 'named_test_sizes': {'test_unseen_day_seen_rx': 84000, 'test_day_2': 42000, 'test_day_3': 42000, 'test_seen_day_unseen_rx': 60000, 'test_rx_7': 12000, 'test_rx_8': 12000, 'test_rx_9': 12000, 'test_rx_10': 12000, 'test_rx_11': 12000, 'test_unseen_day_unseen_rx': 60000}}
[SAMPLES] train=16800 | val=66528
[SAMPLES-RX][TRAIN] rx[0]=1-1:2400 | rx[1]=1-19:2400 | rx[2]=14-7:2400 | rx[3]=18-2:2400 | rx[4]=19-2:2400 | rx[5]=2-1:2400 | rx[6]=2-19:2400
[SAMPLES-RX][VAL]   rx[0]=1-1:9504 | rx[1]=1-19:9504 | rx[2]=14-7:9504 | rx[3]=18-2:9504 | rx[4]=19-2:9504 | rx[5]=2-1:9504 | rx[6]=2-19:9504
========================================================================================================================
[DOMAIN-MODE] wisig_domain=rx_day | target=JOINT RECEIVER × DATE domain | 中文=接收机×日期联合域
[DOMAIN-MODE] num_train_domains=14
[DOMAIN-LOSS] loss_dom  : 让 z_dom 分类每一个 RX×day 组合域，显式捕捉接收机与日期的耦合偏置。
[DOMAIN-LOSS] loss_adv  : 通过 GRL 让 z_id 同时去除 RX 与 day 的联合域信息。
[DOMAIN-LOSS] loss_cons : 约束同一发射机跨 RX×day 组合域的 ID 特征中心更接近。
[DOMAIN-RISK] 域数最多，域分类更难；batch 内域覆盖不足时 cons/adv 可能不稳定。
[DOMAIN-SPLIT] train_days=['2021_03_01', '2021_03_08'] | train_rxs_idx=[0, 1, 2, 3, 4, 5, 6] | test_days=['2021_03_15', '2021_03_23'] | test_rxs_idx=[7, 8, 9, 10, 11]
[DOMAIN-LABELS] raw_domain -> mapped_domain -> readable_label
  raw=   0 -> mapped=  0 -> rx_day[0]=rx[0]=1-1 × day[0]=2021_03_01
  raw=   1 -> mapped=  1 -> rx_day[1]=rx[0]=1-1 × day[1]=2021_03_08
  raw=   4 -> mapped=  2 -> rx_day[4]=rx[1]=1-19 × day[0]=2021_03_01
  raw=   5 -> mapped=  3 -> rx_day[5]=rx[1]=1-19 × day[1]=2021_03_08
  raw=   8 -> mapped=  4 -> rx_day[8]=rx[2]=14-7 × day[0]=2021_03_01
  raw=   9 -> mapped=  5 -> rx_day[9]=rx[2]=14-7 × day[1]=2021_03_08
  raw=  12 -> mapped=  6 -> rx_day[12]=rx[3]=18-2 × day[0]=2021_03_01
  raw=  13 -> mapped=  7 -> rx_day[13]=rx[3]=18-2 × day[1]=2021_03_08
  raw=  16 -> mapped=  8 -> rx_day[16]=rx[4]=19-2 × day[0]=2021_03_01
  raw=  17 -> mapped=  9 -> rx_day[17]=rx[4]=19-2 × day[1]=2021_03_08
  raw=  20 -> mapped= 10 -> rx_day[20]=rx[5]=2-1 × day[0]=2021_03_01
  raw=  21 -> mapped= 11 -> rx_day[21]=rx[5]=2-1 × day[1]=2021_03_08
  raw=  24 -> mapped= 12 -> rx_day[24]=rx[6]=2-19 × day[0]=2021_03_01
  raw=  25 -> mapped= 13 -> rx_day[25]=rx[6]=2-19 × day[1]=2021_03_08
========================================================================================================================
[MODEL] DualCVSincNetDisentangle variant=lite_b branch_ablation=no_dac emb_dim=192 num_domains=14 params=1,672,409 trainable=1,672,409
[SGC-ADAPTER] enabled=False stage=source
[MIXSTYLE] on=1 p=0.150 alpha=0.100 eps=1.0e-06 layers=time_down,t1 use_domain=1 mix=same_tx_crossdomain strength=0.65 fallback=skip
[MIXSTYLE-SCHEDULE] late_start=110 ramp=35 min_p=0.050 min_strength=0.35 stop_epoch=0
[DOMAIN-BACKBONE] branch_ablation=no_stats enhancer=rcn_stats enhancer_strength=0.35 fast_infer_no_aux=1
[AUG-INIT] enabled | scale:[0.10->0.35] warmup=3 ramp=15 curve=1.25 | base_p_dac=0.00 base_p_pa=0.14
[CKPT-PATHS]
  latest                       -> finalist_runs/B2_A2_light_seed1337/latest_model.pth
  best_by_val                  -> finalist_runs/B2_A2_light_seed1337/best_model_val.pth
  best_by_test_overall         -> finalist_runs/B2_A2_light_seed1337/best_model_test_overall.pth
  best_by_primary_ood         -> finalist_runs/B2_A2_light_seed1337/best_model_primary_ood.pth (udu_weight=0.65)
  best_by_unseen_day_unseen_rx -> finalist_runs/B2_A2_light_seed1337/best_model_strict_udu.pth
  best_by_unseen_day_seen_rx   -> finalist_runs/B2_A2_light_seed1337/best_model_val_test_unseen_day_seen_rx.pth
  best_by_seen_day_unseen_rx   -> finalist_runs/B2_A2_light_seed1337/best_model_val_test_seen_day_unseen_rx.pth
  best_by_worst_rx             -> finalist_runs/B2_A2_light_seed1337/best_model_worst_rx.pth
[WARN][E001] unsafe backward/step skipped #1
====================================================================================================================================
[Epoch 001/200] time=86.1s | lr=2.00e-04 | aux_scale=0.000
[STAGE] phase=S1_core | use_aux=0.0 cons=0.00 cls_aux=0.00 reg=0.00 joint_inv=0.00 kl=0.00 group_ce=0.50
[MIXSTYLE-EPOCH] phase=base enabled=1 p=0.150 strength=0.650 anneal_t=0.000
[AUG] scale=0.100 | p_dac=0.000 p_pa=0.014 p_shift=0.035 p_cfo=0.035 p_awgn=0.040 p_mp=0.018 | max_shift=3 cfo_max=4e-05 pn_max=0.0006
------------------------------------------------------------------------------------------------------------------------------------
[LOSS-CORE] total=15.6179 cls=11.5622 dom=2.6178 adv=2.6396 orth=0.0002 cons=0.1930 group_ce=12.1239
[LOSS-AUX]  cls_pa=0.0000 cls_dac=0.0000 pa_joint_inv=0.0000 pa_kl=0.0000 dac_reg=0.0000 pa_reg=0.0000 gap_dac=0.0000 gap_pa=0.0000 cos_joint_pa=nan cos_imp_pa=nan
[LOSS-SAT]  cls_sat=0.0000 sat_cons=0.0000 sat_cos=nan
[LOSS-DG]   proto=0.0000 proto_cos=nan supcon=0.0000 fishr=0.0069 sgc_res=0.0000
[LOSS-CAL]  ecc=0.0000 ecc_w=0.0000 ecc_tau=0.6500 ecc_maxp=nan
[TRAIN] tx=0.78% dom=9.83% cons_cos=0.8059
[GRAD]  total=1.188 backbone=1.000 aux=0.484 domain=0.411
[VAL]   tx=56.57% dom=21.05%
[TEST]  overall_tx=52.46% (107017/204000)
[TEST-SPLIT]
          unseen_day_seen_rx(days=['2021_03_15', '2021_03_23'], rxs=[0, 1, 2, 3, 4, 5, 6]): tx=53.86% (45244/84000)
          seen_day_unseen_rx(days=['2021_03_01', '2021_03_08'], rxs=[7, 8, 9, 10, 11]): tx=51.78% (31071/60000)
          unseen_day_unseen_rx(days=['2021_03_15', '2021_03_23'], rxs=[7, 8, 9, 10, 11]): tx=51.17% (30702/60000)
          day=2021_03_15 on seen_rxs=[0, 1, 2, 3, 4, 5, 6]: tx=53.91% (22643/42000)
          day=2021_03_23 on seen_rxs=[0, 1, 2, 3, 4, 5, 6]: tx=53.81% (22601/42000)
          rx=7 on seen_days=['2021_03_01', '2021_03_08']: tx=51.08% (6130/12000)
          rx=8 on seen_days=['2021_03_01', '2021_03_08']: tx=34.21% (4105/12000)
          rx=9 on seen_days=['2021_03_01', '2021_03_08']: tx=57.85% (6942/12000)
          rx=10 on seen_days=['2021_03_01', '2021_03_08']: tx=60.50% (7260/12000)
          rx=11 on seen_days=['2021_03_01', '2021_03_08']: tx=55.28% (6634/12000)
[BEST-JOINT]  val_tx=56.57% & test_tx=52.46% @ E001
[CKPT]  latest -> finalist_runs/B2_A2_light_seed1337/latest_model.pth (saved) | best -> finalist_runs/B2_A2_light_seed1337/best_model_val.pth (updated: val improved)
====================================================================================================================================
[SAT-TEST] scenario=clear_leo selected=test_unseen_day_unseen_rx overall_tx=34.80% strict_udu=34.80% (20877/60000)
[SAT-TEST] scenario=low_elev_leo selected=test_unseen_day_unseen_rx overall_tx=35.16% strict_udu=35.16% (21093/60000)
[SAT-TEST] scenario=rain_leo selected=test_unseen_day_unseen_rx overall_tx=34.50% strict_udu=34.50% (20700/60000)
[SAT-TEST] scenario=storm_mp selected=test_unseen_day_unseen_rx overall_tx=32.39% strict_udu=32.39% (19432/60000)
[SAT-TEST] scenario=mixed_orbit selected=test_unseen_day_unseen_rx overall_tx=32.70% strict_udu=32.70% (19621/60000)
[BEST-TEST] overall=52.46% @ E001 -> finalist_runs/B2_A2_light_seed1337/best_model_test_overall.pth | unseen_day_unseen_rx=51.17% @ E001 -> finalist_runs/B2_A2_light_seed1337/best_model_strict_udu.pth | unseen_day_seen_rx=53.86% @ E001 | seen_day_unseen_rx=51.78% @ E001
[BEST-PRIMARY] score=51.62 @ E001 -> finalist_runs/B2_A2_light_seed1337/best_model_primary_ood.pth | overall=52.46% strict_udu=51.17%
[BEST-WORST-RX] worst_rx=34.21% (test_rx_8) @ E001 -> finalist_runs/B2_A2_light_seed1337/best_model_worst_rx.pth
[WARN][E002] unsafe backward/step skipped #2
====================================================================================================================================
[Epoch 002/200] time=79.6s | lr=2.00e-04 | aux_scale=0.000
[STAGE] phase=S1_core | use_aux=0.0 cons=0.00 cls_aux=0.00 reg=0.00 joint_inv=0.00 kl=0.00 group_ce=0.50
[MIXSTYLE-EPOCH] phase=base enabled=1 p=0.150 strength=0.650 anneal_t=0.000
[AUG] scale=0.100 | p_dac=0.000 p_pa=0.014 p_shift=0.035 p_cfo=0.035 p_awgn=0.040 p_mp=0.018 | max_shift=3 cfo_max=4e-05 pn_max=0.0006
------------------------------------------------------------------------------------------------------------------------------------
[LOSS-CORE] total=11.0177 cls=7.4878 dom=2.2412 adv=2.6357 orth=0.0003 cons=0.2323 group_ce=9.1641
[LOSS-AUX]  cls_pa=0.0000 cls_dac=0.0000 pa_joint_inv=0.0000 pa_kl=0.0000 dac_reg=0.0000 pa_reg=0.0000 gap_dac=0.0000 gap_pa=0.0000 cos_joint_pa=nan cos_imp_pa=nan
[LOSS-SAT]  cls_sat=0.0000 sat_cons=0.0000 sat_cos=nan
[LOSS-DG]   proto=0.0000 proto_cos=nan supcon=0.0000 fishr=0.0069 sgc_res=0.0000
[LOSS-CAL]  ecc=0.0000 ecc_w=0.0000 ecc_tau=0.6502 ecc_maxp=nan
[TRAIN] tx=25.98% dom=24.92% cons_cos=0.7669
[GRAD]  total=1.347 backbone=1.000 aux=0.732 domain=0.498
[VAL]   tx=80.35% dom=45.14%
[TEST]  overall_tx=71.67% (146215/204000)
[TEST-SPLIT]
          unseen_day_seen_rx(days=['2021_03_15', '2021_03_23'], rxs=[0, 1, 2, 3, 4, 5, 6]): tx=75.60% (63501/84000)
          seen_day_unseen_rx(days=['2021_03_01', '2021_03_08'], rxs=[7, 8, 9, 10, 11]): tx=69.19% (41517/60000)
          unseen_day_unseen_rx(days=['2021_03_15', '2021_03_23'], rxs=[7, 8, 9, 10, 11]): tx=68.66% (41197/60000)
          day=2021_03_15 on seen_rxs=[0, 1, 2, 3, 4, 5, 6]: tx=76.95% (32318/42000)
          day=2021_03_23 on seen_rxs=[0, 1, 2, 3, 4, 5, 6]: tx=74.25% (31183/42000)
          rx=7 on seen_days=['2021_03_01', '2021_03_08']: tx=67.98% (8158/12000)
          rx=8 on seen_days=['2021_03_01', '2021_03_08']: tx=49.99% (5999/12000)
          rx=9 on seen_days=['2021_03_01', '2021_03_08']: tx=76.47% (9177/12000)
          rx=10 on seen_days=['2021_03_01', '2021_03_08']: tx=70.97% (8517/12000)
          rx=11 on seen_days=['2021_03_01', '2021_03_08']: tx=80.55% (9666/12000)
[BEST-JOINT]  val_tx=80.35% & test_tx=71.67% @ E002
[CKPT]  latest -> finalist_runs/B2_A2_light_seed1337/latest_model.pth (saved) | best -> finalist_runs/B2_A2_light_seed1337/best_model_val.pth (updated: val improved)
====================================================================================================================================
[SAT-TEST] scenario=clear_leo selected=test_unseen_day_unseen_rx overall_tx=37.09% strict_udu=37.09% (22254/60000)
[SAT-TEST] scenario=low_elev_leo selected=test_unseen_day_unseen_rx overall_tx=36.78% strict_udu=36.78% (22067/60000)
[SAT-TEST] scenario=rain_leo selected=test_unseen_day_unseen_rx overall_tx=36.50% strict_udu=36.50% (21899/60000)
[SAT-TEST] scenario=storm_mp selected=test_unseen_day_unseen_rx overall_tx=32.25% strict_udu=32.25% (19349/60000)
[SAT-TEST] scenario=mixed_orbit selected=test_unseen_day_unseen_rx overall_tx=33.97% strict_udu=33.97% (20381/60000)
[BEST-TEST] overall=71.67% @ E002 -> finalist_runs/B2_A2_light_seed1337/best_model_test_overall.pth | unseen_day_unseen_rx=68.66% @ E002 -> finalist_runs/B2_A2_light_seed1337/best_model_strict_udu.pth | unseen_day_seen_rx=75.60% @ E002 | seen_day_unseen_rx=69.19% @ E002
[BEST-PRIMARY] score=69.72 @ E002 -> finalist_runs/B2_A2_light_seed1337/best_model_primary_ood.pth | overall=71.67% strict_udu=68.66%
[BEST-WORST-RX] worst_rx=49.99% (test_rx_8) @ E002 -> finalist_runs/B2_A2_light_seed1337/best_model_worst_rx.pth
====================================================================================================================================
[Epoch 003/200] time=80.3s | lr=2.00e-04 | aux_scale=0.000
[STAGE] phase=S1_core | use_aux=0.0 cons=0.00 cls_aux=0.00 reg=0.00 joint_inv=0.00 kl=0.00 group_ce=0.50
[MIXSTYLE-EPOCH] phase=base enabled=1 p=0.150 strength=0.650 anneal_t=0.000
[AUG] scale=0.100 | p_dac=0.000 p_pa=0.014 p_shift=0.035 p_cfo=0.035 p_awgn=0.040 p_mp=0.018 | max_shift=3 cfo_max=4e-05 pn_max=0.0006
------------------------------------------------------------------------------------------------------------------------------------
[LOSS-CORE] total=7.8374 cls=4.8918 dom=1.7667 adv=2.6341 orth=0.0002 cons=0.2884 group_ce=6.9824
[LOSS-AUX]  cls_pa=0.0000 cls_dac=0.0000 pa_joint_inv=0.0000 pa_kl=0.0000 dac_reg=0.0000 pa_reg=0.0000 gap_dac=0.0000 gap_pa=0.0000 cos_joint_pa=nan cos_imp_pa=nan
[LOSS-SAT]  cls_sat=0.0000 sat_cons=0.0000 sat_cos=nan
[LOSS-DG]   proto=0.0000 proto_cos=nan supcon=0.0000 fishr=0.0066 sgc_res=0.0000
[LOSS-CAL]  ecc=0.0000 ecc_w=0.0000 ecc_tau=0.6508 ecc_maxp=nan
[TRAIN] tx=51.07% dom=41.99% cons_cos=0.7116
[GRAD]  total=1.371 backbone=1.000 aux=0.750 domain=0.500
[VAL]   tx=89.73% dom=57.58%
[TEST]  overall_tx=79.67% (162537/204000)
[TEST-SPLIT]
          unseen_day_seen_rx(days=['2021_03_15', '2021_03_23'], rxs=[0, 1, 2, 3, 4, 5, 6]): tx=84.92% (71332/84000)
          seen_day_unseen_rx(days=['2021_03_01', '2021_03_08'], rxs=[7, 8, 9, 10, 11]): tx=78.22% (46929/60000)
          unseen_day_unseen_rx(days=['2021_03_15', '2021_03_23'], rxs=[7, 8, 9, 10, 11]): tx=73.79% (44276/60000)
          day=2021_03_15 on seen_rxs=[0, 1, 2, 3, 4, 5, 6]: tx=87.46% (36735/42000)
          day=2021_03_23 on seen_rxs=[0, 1, 2, 3, 4, 5, 6]: tx=82.37% (34597/42000)
          rx=7 on seen_days=['2021_03_01', '2021_03_08']: tx=74.72% (8967/12000)
          rx=8 on seen_days=['2021_03_01', '2021_03_08']: tx=58.77% (7053/12000)
          rx=9 on seen_days=['2021_03_01', '2021_03_08']: tx=84.07% (10088/12000)
          rx=10 on seen_days=['2021_03_01', '2021_03_08']: tx=81.88% (9825/12000)
          rx=11 on seen_days=['2021_03_01', '2021_03_08']: tx=91.63% (10996/12000)
[BEST-JOINT]  val_tx=89.73% & test_tx=79.67% @ E003
[CKPT]  latest -> finalist_runs/B2_A2_light_seed1337/latest_model.pth (saved) | best -> finalist_runs/B2_A2_light_seed1337/best_model_val.pth (updated: val improved)
====================================================================================================================================
[SAT-TEST] scenario=clear_leo selected=test_unseen_day_unseen_rx overall_tx=33.76% strict_udu=33.76% (20255/60000)
[SAT-TEST] scenario=low_elev_leo selected=test_unseen_day_unseen_rx overall_tx=33.87% strict_udu=33.87% (20320/60000)
[SAT-TEST] scenario=rain_leo selected=test_unseen_day_unseen_rx overall_tx=32.86% strict_udu=32.86% (19717/60000)
[SAT-TEST] scenario=storm_mp selected=test_unseen_day_unseen_rx overall_tx=29.56% strict_udu=29.56% (17738/60000)
[SAT-TEST] scenario=mixed_orbit selected=test_unseen_day_unseen_rx overall_tx=31.42% strict_udu=31.42% (18853/60000)
[BEST-TEST] overall=79.67% @ E003 -> finalist_runs/B2_A2_light_seed1337/best_model_test_overall.pth | unseen_day_unseen_rx=73.79% @ E003 -> finalist_runs/B2_A2_light_seed1337/best_model_strict_udu.pth | unseen_day_seen_rx=84.92% @ E003 | seen_day_unseen_rx=78.22% @ E003
[BEST-PRIMARY] score=75.85 @ E003 -> finalist_runs/B2_A2_light_seed1337/best_model_primary_ood.pth | overall=79.67% strict_udu=73.79%
[BEST-WORST-RX] worst_rx=58.77% (test_rx_8) @ E003 -> finalist_runs/B2_A2_light_seed1337/best_model_worst_rx.pth
====================================================================================================================================
[Epoch 004/200] time=80.0s | lr=2.00e-04 | aux_scale=0.067
[STAGE] phase=S1_core | use_aux=0.0 cons=0.00 cls_aux=0.00 reg=0.00 joint_inv=0.00 kl=0.00 group_ce=0.50
[MIXSTYLE-EPOCH] phase=base enabled=1 p=0.150 strength=0.650 anneal_t=0.000
[AUG] scale=0.108 | p_dac=0.000 p_pa=0.015 p_shift=0.038 p_cfo=0.038 p_awgn=0.043 p_mp=0.020 | max_shift=3 cfo_max=4.339e-05 pn_max=0.0006508
------------------------------------------------------------------------------------------------------------------------------------
[LOSS-CORE] total=6.9915 cls=4.3381 dom=1.4994 adv=2.6318 orth=0.0002 cons=0.3191 group_ce=6.4959
[LOSS-AUX]  cls_pa=0.0000 cls_dac=0.0000 pa_joint_inv=0.0000 pa_kl=0.0000 dac_reg=0.0000 pa_reg=0.0000 gap_dac=0.0000 gap_pa=0.0000 cos_joint_pa=nan cos_imp_pa=nan
[LOSS-SAT]  cls_sat=0.0000 sat_cons=0.0000 sat_cos=nan
[LOSS-DG]   proto=0.0000 proto_cos=nan supcon=0.0000 fishr=0.0051 sgc_res=0.0000
[LOSS-CAL]  ecc=0.0000 ecc_w=0.0000 ecc_tau=0.6518 ecc_maxp=nan
[TRAIN] tx=60.44% dom=49.46% cons_cos=0.6809
[GRAD]  total=1.405 backbone=1.000 aux=0.750 domain=0.500
[VAL]   tx=90.54% dom=62.30%
[TEST]  overall_tx=77.26% (157620/204000)
[TEST-SPLIT]
          unseen_day_seen_rx(days=['2021_03_15', '2021_03_23'], rxs=[0, 1, 2, 3, 4, 5, 6]): tx=84.33% (70835/84000)
          seen_day_unseen_rx(days=['2021_03_01', '2021_03_08'], rxs=[7, 8, 9, 10, 11]): tx=77.68% (46609/60000)
          unseen_day_unseen_rx(days=['2021_03_15', '2021_03_23'], rxs=[7, 8, 9, 10, 11]): tx=66.96% (40176/60000)
          day=2021_03_15 on seen_rxs=[0, 1, 2, 3, 4, 5, 6]: tx=86.32% (36256/42000)
          day=2021_03_23 on seen_rxs=[0, 1, 2, 3, 4, 5, 6]: tx=82.33% (34579/42000)
          rx=7 on seen_days=['2021_03_01', '2021_03_08']: tx=72.27% (8672/12000)
          rx=8 on seen_days=['2021_03_01', '2021_03_08']: tx=53.28% (6394/12000)
          rx=9 on seen_days=['2021_03_01', '2021_03_08']: tx=85.50% (10260/12000)
          rx=10 on seen_days=['2021_03_01', '2021_03_08']: tx=90.83% (10900/12000)
          rx=11 on seen_days=['2021_03_01', '2021_03_08']: tx=86.53% (10383/12000)
[BEST-JOINT]  val_tx=90.54% & test_tx=77.26% @ E004
[CKPT]  latest -> finalist_runs/B2_A2_light_seed1337/latest_model.pth (saved) | best -> finalist_runs/B2_A2_light_seed1337/best_model_val.pth (updated: val improved)
====================================================================================================================================
[SAT-TEST] scenario=clear_leo selected=test_unseen_day_unseen_rx overall_tx=32.02% strict_udu=32.02% (19215/60000)
[SAT-TEST] scenario=low_elev_leo selected=test_unseen_day_unseen_rx overall_tx=32.42% strict_udu=32.42% (19451/60000)
[SAT-TEST] scenario=rain_leo selected=test_unseen_day_unseen_rx overall_tx=31.42% strict_udu=31.42% (18851/60000)
[SAT-TEST] scenario=storm_mp selected=test_unseen_day_unseen_rx overall_tx=28.89% strict_udu=28.89% (17331/60000)
[SAT-TEST] scenario=mixed_orbit selected=test_unseen_day_unseen_rx overall_tx=29.80% strict_udu=29.80% (17880/60000)
[BEST-TEST] overall=79.67% @ E003 -> finalist_runs/B2_A2_light_seed1337/best_model_test_overall.pth | unseen_day_unseen_rx=73.79% @ E003 -> finalist_runs/B2_A2_light_seed1337/best_model_strict_udu.pth | unseen_day_seen_rx=84.92% @ E003 | seen_day_unseen_rx=78.22% @ E003
[BEST-PRIMARY] score=75.85 @ E003 -> finalist_runs/B2_A2_light_seed1337/best_model_primary_ood.pth | overall=79.67% strict_udu=73.79%
[BEST-WORST-RX] worst_rx=58.77% (test_rx_8) @ E003 -> finalist_runs/B2_A2_light_seed1337/best_model_worst_rx.pth
====================================================================================================================================
[Epoch 005/200] time=82.0s | lr=2.00e-04 | aux_scale=0.133
[STAGE] phase=S1_core | use_aux=0.0 cons=0.00 cls_aux=0.00 reg=0.00 joint_inv=0.00 kl=0.00 group_ce=0.50
[MIXSTYLE-EPOCH] phase=base enabled=1 p=0.150 strength=0.650 anneal_t=0.000
[AUG] scale=0.120 | p_dac=0.000 p_pa=0.017 p_shift=0.042 p_cfo=0.042 p_awgn=0.048 p_mp=0.022 | max_shift=4 cfo_max=4.806e-05 pn_max=0.0007209
------------------------------------------------------------------------------------------------------------------------------------
[LOSS-CORE] total=5.9640 cls=3.5795 dom=1.2687 adv=2.6289 orth=0.0002 cons=0.3089 group_ce=5.7518
[LOSS-AUX]  cls_pa=0.0000 cls_dac=0.0000 pa_joint_inv=0.0000 pa_kl=0.0000 dac_reg=0.0000 pa_reg=0.0000 gap_dac=0.0000 gap_pa=0.0000 cos_joint_pa=nan cos_imp_pa=nan
[LOSS-SAT]  cls_sat=0.0000 sat_cons=0.0000 sat_cos=nan
[LOSS-DG]   proto=0.0000 proto_cos=nan supcon=0.0000 fishr=0.0046 sgc_res=0.0000
[LOSS-CAL]  ecc=0.0000 ecc_w=0.0000 ecc_tau=0.6533 ecc_maxp=nan
[TRAIN] tx=68.23% dom=56.80% cons_cos=0.6911
[GRAD]  total=1.438 backbone=1.000 aux=0.750 domain=0.500
[VAL]   tx=92.22% dom=69.20%
[TEST]  overall_tx=81.83% (166923/204000)
[TEST-SPLIT]
          unseen_day_seen_rx(days=['2021_03_15', '2021_03_23'], rxs=[0, 1, 2, 3, 4, 5, 6]): tx=86.81% (72920/84000)
          seen_day_unseen_rx(days=['2021_03_01', '2021_03_08'], rxs=[7, 8, 9, 10, 11]): tx=79.68% (47807/60000)
          unseen_day_unseen_rx(days=['2021_03_15', '2021_03_23'], rxs=[7, 8, 9, 10, 11]): tx=76.99% (46196/60000)
          day=2021_03_15 on seen_rxs=[0, 1, 2, 3, 4, 5, 6]: tx=91.03% (38232/42000)
          day=2021_03_23 on seen_rxs=[0, 1, 2, 3, 4, 5, 6]: tx=82.59% (34688/42000)
          rx=7 on seen_days=['2021_03_01', '2021_03_08']: tx=75.94% (9113/12000)
          rx=8 on seen_days=['2021_03_01', '2021_03_08']: tx=69.16% (8299/12000)
          rx=9 on seen_days=['2021_03_01', '2021_03_08']: tx=78.12% (9374/12000)
          rx=10 on seen_days=['2021_03_01', '2021_03_08']: tx=84.82% (10178/12000)
          rx=11 on seen_days=['2021_03_01', '2021_03_08']: tx=90.36% (10843/12000)
[BEST-JOINT]  val_tx=92.22% & test_tx=81.83% @ E005
[CKPT]  latest -> finalist_runs/B2_A2_light_seed1337/latest_model.pth (saved) | best -> finalist_runs/B2_A2_light_seed1337/best_model_val.pth (updated: val improved)
====================================================================================================================================
[SAT-TEST] scenario=clear_leo selected=test_unseen_day_unseen_rx overall_tx=34.88% strict_udu=34.88% (20926/60000)
[SAT-TEST] scenario=low_elev_leo selected=test_unseen_day_unseen_rx overall_tx=34.43% strict_udu=34.43% (20656/60000)
[SAT-TEST] scenario=rain_leo selected=test_unseen_day_unseen_rx overall_tx=33.99% strict_udu=33.99% (20392/60000)
[SAT-TEST] scenario=storm_mp selected=test_unseen_day_unseen_rx overall_tx=30.09% strict_udu=30.09% (18055/60000)
[SAT-TEST] scenario=mixed_orbit selected=test_unseen_day_unseen_rx overall_tx=31.74% strict_udu=31.74% (19045/60000)
[BEST-TEST] overall=81.83% @ E005 -> finalist_runs/B2_A2_light_seed1337/best_model_test_overall.pth | unseen_day_unseen_rx=76.99% @ E005 -> finalist_runs/B2_A2_light_seed1337/best_model_strict_udu.pth | unseen_day_seen_rx=86.81% @ E005 | seen_day_unseen_rx=79.68% @ E005
[BEST-PRIMARY] score=78.68 @ E005 -> finalist_runs/B2_A2_light_seed1337/best_model_primary_ood.pth | overall=81.83% strict_udu=76.99%
[BEST-WORST-RX] worst_rx=69.16% (test_rx_8) @ E005 -> finalist_runs/B2_A2_light_seed1337/best_model_worst_rx.pth
====================================================================================================================================
[Epoch 006/200] time=81.7s | lr=2.00e-04 | aux_scale=0.200
[STAGE] phase=S1_core | use_aux=0.0 cons=0.00 cls_aux=0.00 reg=0.00 joint_inv=0.00 kl=0.00 group_ce=0.50
[MIXSTYLE-EPOCH] phase=base enabled=1 p=0.150 strength=0.650 anneal_t=0.000
[AUG] scale=0.133 | p_dac=0.000 p_pa=0.019 p_shift=0.047 p_cfo=0.047 p_awgn=0.053 p_mp=0.024 | max_shift=4 cfo_max=5.337e-05 pn_max=0.0008006
------------------------------------------------------------------------------------------------------------------------------------
[LOSS-CORE] total=5.8101 cls=3.5556 dom=1.1476 adv=2.6265 orth=0.0002 cons=0.3080 group_ce=5.5888
[LOSS-AUX]  cls_pa=0.0000 cls_dac=0.0000 pa_joint_inv=0.0000 pa_kl=0.0000 dac_reg=0.0000 pa_reg=0.0000 gap_dac=0.0000 gap_pa=0.0000 cos_joint_pa=nan cos_imp_pa=nan
[LOSS-SAT]  cls_sat=0.0000 sat_cons=0.0000 sat_cos=nan
[LOSS-DG]   proto=0.0000 proto_cos=nan supcon=0.0000 fishr=0.0045 sgc_res=0.0000
[LOSS-CAL]  ecc=0.0000 ecc_w=0.0000 ecc_tau=0.6551 ecc_maxp=nan
[TRAIN] tx=70.27% dom=60.38% cons_cos=0.6920
[GRAD]  total=1.492 backbone=1.000 aux=0.750 domain=0.500
[VAL]   tx=95.16% dom=74.78%
[TEST]  overall_tx=83.53% (170407/204000)
[TEST-SPLIT]
          unseen_day_seen_rx(days=['2021_03_15', '2021_03_23'], rxs=[0, 1, 2, 3, 4, 5, 6]): tx=89.38% (75081/84000)
          seen_day_unseen_rx(days=['2021_03_01', '2021_03_08'], rxs=[7, 8, 9, 10, 11]): tx=81.93% (49159/60000)
          unseen_day_unseen_rx(days=['2021_03_15', '2021_03_23'], rxs=[7, 8, 9, 10, 11]): tx=76.94% (46167/60000)
          day=2021_03_15 on seen_rxs=[0, 1, 2, 3, 4, 5, 6]: tx=92.27% (38753/42000)
          day=2021_03_23 on seen_rxs=[0, 1, 2, 3, 4, 5, 6]: tx=86.50% (36328/42000)
          rx=7 on seen_days=['2021_03_01', '2021_03_08']: tx=73.26% (8791/12000)
          rx=8 on seen_days=['2021_03_01', '2021_03_08']: tx=64.52% (7742/12000)
          rx=9 on seen_days=['2021_03_01', '2021_03_08']: tx=87.11% (10453/12000)
          rx=10 on seen_days=['2021_03_01', '2021_03_08']: tx=90.31% (10837/12000)
          rx=11 on seen_days=['2021_03_01', '2021_03_08']: tx=94.47% (11336/12000)
[BEST-JOINT]  val_tx=95.16% & test_tx=83.53% @ E006
[CKPT]  latest -> finalist_runs/B2_A2_light_seed1337/latest_model.pth (saved) | best -> finalist_runs/B2_A2_light_seed1337/best_model_val.pth (updated: val improved)
====================================================================================================================================
[SAT-TEST] scenario=clear_leo selected=test_unseen_day_unseen_rx overall_tx=35.06% strict_udu=35.06% (21038/60000)
[SAT-TEST] scenario=low_elev_leo selected=test_unseen_day_unseen_rx overall_tx=34.25% strict_udu=34.25% (20548/60000)
[SAT-TEST] scenario=rain_leo selected=test_unseen_day_unseen_rx overall_tx=34.20% strict_udu=34.20% (20522/60000)
[SAT-TEST] scenario=storm_mp selected=test_unseen_day_unseen_rx overall_tx=29.69% strict_udu=29.69% (17813/60000)
[SAT-TEST] scenario=mixed_orbit selected=test_unseen_day_unseen_rx overall_tx=31.20% strict_udu=31.20% (18719/60000)
[BEST-TEST] overall=83.53% @ E006 -> finalist_runs/B2_A2_light_seed1337/best_model_test_overall.pth | unseen_day_unseen_rx=76.99% @ E005 -> finalist_runs/B2_A2_light_seed1337/best_model_strict_udu.pth | unseen_day_seen_rx=89.38% @ E006 | seen_day_unseen_rx=81.93% @ E006
[BEST-PRIMARY] score=79.25 @ E006 -> finalist_runs/B2_A2_light_seed1337/best_model_primary_ood.pth | overall=83.53% strict_udu=76.94%
[BEST-WORST-RX] worst_rx=69.16% (test_rx_8) @ E005 -> finalist_runs/B2_A2_light_seed1337/best_model_worst_rx.pth
====================================================================================================================================
[Epoch 007/200] time=84.9s | lr=1.99e-04 | aux_scale=0.267
[STAGE] phase=S1_core | use_aux=0.0 cons=0.00 cls_aux=0.00 reg=0.00 joint_inv=0.00 kl=0.00 group_ce=0.50
[MIXSTYLE-EPOCH] phase=base enabled=1 p=0.150 strength=0.650 anneal_t=0.000
[AUG] scale=0.148 | p_dac=0.000 p_pa=0.021 p_shift=0.052 p_cfo=0.052 p_awgn=0.059 p_mp=0.027 | max_shift=5 cfo_max=5.916e-05 pn_max=0.0008874
------------------------------------------------------------------------------------------------------------------------------------
[LOSS-CORE] total=4.8436 cls=2.8199 dom=0.9582 adv=2.6226 orth=0.0003 cons=0.2886 group_ce=4.7869
[LOSS-AUX]  cls_pa=0.0000 cls_dac=0.0000 pa_joint_inv=0.0000 pa_kl=0.0000 dac_reg=0.0000 pa_reg=0.0000 gap_dac=0.0000 gap_pa=0.0000 cos_joint_pa=nan cos_imp_pa=nan
[LOSS-SAT]  cls_sat=0.0000 sat_cons=0.0000 sat_cos=nan
[LOSS-DG]   proto=0.0000 proto_cos=nan supcon=0.0000 fishr=0.0037 sgc_res=0.0000
[LOSS-CAL]  ecc=0.0000 ecc_w=0.0000 ecc_tau=0.6573 ecc_maxp=nan
[TRAIN] tx=76.03% dom=66.22% cons_cos=0.7114
[GRAD]  total=1.502 backbone=1.000 aux=0.750 domain=0.500
[VAL]   tx=95.55% dom=76.33%
[TEST]  overall_tx=83.71% (170773/204000)
[TEST-SPLIT]
          unseen_day_seen_rx(days=['2021_03_15', '2021_03_23'], rxs=[0, 1, 2, 3, 4, 5, 6]): tx=89.94% (75550/84000)
          seen_day_unseen_rx(days=['2021_03_01', '2021_03_08'], rxs=[7, 8, 9, 10, 11]): tx=81.92% (49152/60000)
          unseen_day_unseen_rx(days=['2021_03_15', '2021_03_23'], rxs=[7, 8, 9, 10, 11]): tx=76.78% (46071/60000)
          day=2021_03_15 on seen_rxs=[0, 1, 2, 3, 4, 5, 6]: tx=93.08% (39092/42000)
          day=2021_03_23 on seen_rxs=[0, 1, 2, 3, 4, 5, 6]: tx=86.80% (36458/42000)
          rx=7 on seen_days=['2021_03_01', '2021_03_08']: tx=74.20% (8904/12000)
          rx=8 on seen_days=['2021_03_01', '2021_03_08']: tx=67.25% (8070/12000)
          rx=9 on seen_days=['2021_03_01', '2021_03_08']: tx=80.89% (9707/12000)
          rx=10 on seen_days=['2021_03_01', '2021_03_08']: tx=95.22% (11427/12000)
          rx=11 on seen_days=['2021_03_01', '2021_03_08']: tx=92.03% (11044/12000)
[BEST-JOINT]  val_tx=95.55% & test_tx=83.71% @ E007
[CKPT]  latest -> finalist_runs/B2_A2_light_seed1337/latest_model.pth (saved) | best -> finalist_runs/B2_A2_light_seed1337/best_model_val.pth (updated: val improved)
====================================================================================================================================
[SAT-TEST] scenario=clear_leo selected=test_unseen_day_unseen_rx overall_tx=35.73% strict_udu=35.73% (21435/60000)
[SAT-TEST] scenario=low_elev_leo selected=test_unseen_day_unseen_rx overall_tx=34.45% strict_udu=34.45% (20668/60000)
[SAT-TEST] scenario=rain_leo selected=test_unseen_day_unseen_rx overall_tx=34.57% strict_udu=34.57% (20740/60000)
[SAT-TEST] scenario=storm_mp selected=test_unseen_day_unseen_rx overall_tx=30.15% strict_udu=30.15% (18089/60000)
[SAT-TEST] scenario=mixed_orbit selected=test_unseen_day_unseen_rx overall_tx=31.70% strict_udu=31.70% (19020/60000)
[BEST-TEST] overall=83.71% @ E007 -> finalist_runs/B2_A2_light_seed1337/best_model_test_overall.pth | unseen_day_unseen_rx=76.99% @ E005 -> finalist_runs/B2_A2_light_seed1337/best_model_strict_udu.pth | unseen_day_seen_rx=89.94% @ E007 | seen_day_unseen_rx=81.93% @ E006
[BEST-PRIMARY] score=79.25 @ E006 -> finalist_runs/B2_A2_light_seed1337/best_model_primary_ood.pth | overall=83.53% strict_udu=76.94%
[BEST-WORST-RX] worst_rx=69.16% (test_rx_8) @ E005 -> finalist_runs/B2_A2_light_seed1337/best_model_worst_rx.pth
====================================================================================================================================
[Epoch 008/200] time=80.3s | lr=1.99e-04 | aux_scale=0.333
[STAGE] phase=S1_core | use_aux=0.0 cons=0.00 cls_aux=0.00 reg=0.00 joint_inv=0.00 kl=0.00 group_ce=0.50
[MIXSTYLE-EPOCH] phase=base enabled=1 p=0.150 strength=0.650 anneal_t=0.000
[AUG] scale=0.163 | p_dac=0.000 p_pa=0.023 p_shift=0.057 p_cfo=0.057 p_awgn=0.065 p_mp=0.029 | max_shift=5 cfo_max=6.533e-05 pn_max=0.0009799
------------------------------------------------------------------------------------------------------------------------------------
[LOSS-CORE] total=5.9216 cls=3.7720 dom=1.0386 adv=2.6199 orth=0.0002 cons=0.3065 group_ce=5.7136
[LOSS-AUX]  cls_pa=0.0000 cls_dac=0.0000 pa_joint_inv=0.0000 pa_kl=0.0000 dac_reg=0.0000 pa_reg=0.0000 gap_dac=0.0000 gap_pa=0.0000 cos_joint_pa=nan cos_imp_pa=nan
[LOSS-SAT]  cls_sat=0.0000 sat_cons=0.0000 sat_cos=nan
[LOSS-DG]   proto=0.0000 proto_cos=nan supcon=0.0000 fishr=0.0041 sgc_res=0.0000
[LOSS-CAL]  ecc=0.0000 ecc_w=0.0000 ecc_tau=0.6600 ecc_maxp=nan
[TRAIN] tx=69.74% dom=63.62% cons_cos=0.6935
[GRAD]  total=1.536 backbone=1.000 aux=0.750 domain=0.500
[VAL]   tx=96.02% dom=79.69%
[TEST]  overall_tx=85.27% (173957/204000)
[TEST-SPLIT]
          unseen_day_seen_rx(days=['2021_03_15', '2021_03_23'], rxs=[0, 1, 2, 3, 4, 5, 6]): tx=91.73% (77054/84000)
          seen_day_unseen_rx(days=['2021_03_01', '2021_03_08'], rxs=[7, 8, 9, 10, 11]): tx=84.03% (50421/60000)
          unseen_day_unseen_rx(days=['2021_03_15', '2021_03_23'], rxs=[7, 8, 9, 10, 11]): tx=77.47% (46482/60000)
          day=2021_03_15 on seen_rxs=[0, 1, 2, 3, 4, 5, 6]: tx=93.85% (39416/42000)
          day=2021_03_23 on seen_rxs=[0, 1, 2, 3, 4, 5, 6]: tx=89.61% (37638/42000)
          rx=7 on seen_days=['2021_03_01', '2021_03_08']: tx=75.96% (9115/12000)
          rx=8 on seen_days=['2021_03_01', '2021_03_08']: tx=68.00% (8160/12000)
          rx=9 on seen_days=['2021_03_01', '2021_03_08']: tx=87.10% (10452/12000)
          rx=10 on seen_days=['2021_03_01', '2021_03_08']: tx=94.90% (11388/12000)
          rx=11 on seen_days=['2021_03_01', '2021_03_08']: tx=94.22% (11306/12000)
[BEST-JOINT]  val_tx=96.02% & test_tx=85.27% @ E008
[CKPT]  latest -> finalist_runs/B2_A2_light_seed1337/latest_model.pth (saved) | best -> finalist_runs/B2_A2_light_seed1337/best_model_val.pth (updated: val improved)
====================================================================================================================================
[SAT-TEST] scenario=clear_leo selected=test_unseen_day_unseen_rx overall_tx=35.75% strict_udu=35.75% (21450/60000)
[SAT-TEST] scenario=low_elev_leo selected=test_unseen_day_unseen_rx overall_tx=34.90% strict_udu=34.90% (20940/60000)
[SAT-TEST] scenario=rain_leo selected=test_unseen_day_unseen_rx overall_tx=34.68% strict_udu=34.68% (20806/60000)
[SAT-TEST] scenario=storm_mp selected=test_unseen_day_unseen_rx overall_tx=30.51% strict_udu=30.51% (18308/60000)
[SAT-TEST] scenario=mixed_orbit selected=test_unseen_day_unseen_rx overall_tx=31.94% strict_udu=31.94% (19163/60000)
[BEST-TEST] overall=85.27% @ E008 -> finalist_runs/B2_A2_light_seed1337/best_model_test_overall.pth | unseen_day_unseen_rx=77.47% @ E008 -> finalist_runs/B2_A2_light_seed1337/best_model_strict_udu.pth | unseen_day_seen_rx=91.73% @ E008 | seen_day_unseen_rx=84.03% @ E008
[BEST-PRIMARY] score=80.20 @ E008 -> finalist_runs/B2_A2_light_seed1337/best_model_primary_ood.pth | overall=85.27% strict_udu=77.47%
[BEST-WORST-RX] worst_rx=69.16% (test_rx_8) @ E005 -> finalist_runs/B2_A2_light_seed1337/best_model_worst_rx.pth
====================================================================================================================================
[Epoch 009/200] time=79.4s | lr=1.99e-04 | aux_scale=0.400
[STAGE] phase=S1_core | use_aux=0.0 cons=0.00 cls_aux=0.00 reg=0.00 joint_inv=0.00 kl=0.00 group_ce=0.50
[MIXSTYLE-EPOCH] phase=base enabled=1 p=0.150 strength=0.650 anneal_t=0.000
[AUG] scale=0.180 | p_dac=0.000 p_pa=0.025 p_shift=0.063 p_cfo=0.063 p_awgn=0.072 p_mp=0.032 | max_shift=6 cfo_max=7.181e-05 pn_max=0.001077
------------------------------------------------------------------------------------------------------------------------------------
[LOSS-CORE] total=4.6888 cls=2.7605 dom=0.8778 adv=2.6164 orth=0.0003 cons=0.2775 group_ce=4.5273
[LOSS-AUX]  cls_pa=0.0000 cls_dac=0.0000 pa_joint_inv=0.0000 pa_kl=0.0000 dac_reg=0.0000 pa_reg=0.0000 gap_dac=0.0000 gap_pa=0.0000 cos_joint_pa=nan cos_imp_pa=nan
[LOSS-SAT]  cls_sat=0.0000 sat_cons=0.0000 sat_cos=nan
[LOSS-DG]   proto=0.0000 proto_cos=nan supcon=0.0000 fishr=0.0034 sgc_res=0.0000
[LOSS-CAL]  ecc=0.0000 ecc_w=0.0000 ecc_tau=0.6630 ecc_maxp=nan
[TRAIN] tx=76.71% dom=68.52% cons_cos=0.7226
[GRAD]  total=1.560 backbone=1.000 aux=0.750 domain=0.500
[VAL]   tx=95.32% dom=81.93%
[TEST]  overall_tx=83.46% (170259/204000)
[TEST-SPLIT]
          unseen_day_seen_rx(days=['2021_03_15', '2021_03_23'], rxs=[0, 1, 2, 3, 4, 5, 6]): tx=89.36% (75061/84000)
          seen_day_unseen_rx(days=['2021_03_01', '2021_03_08'], rxs=[7, 8, 9, 10, 11]): tx=82.07% (49240/60000)
          unseen_day_unseen_rx(days=['2021_03_15', '2021_03_23'], rxs=[7, 8, 9, 10, 11]): tx=76.60% (45958/60000)
          day=2021_03_15 on seen_rxs=[0, 1, 2, 3, 4, 5, 6]: tx=93.17% (39130/42000)
          day=2021_03_23 on seen_rxs=[0, 1, 2, 3, 4, 5, 6]: tx=85.55% (35931/42000)
          rx=7 on seen_days=['2021_03_01', '2021_03_08']: tx=77.30% (9276/12000)
          rx=8 on seen_days=['2021_03_01', '2021_03_08']: tx=68.71% (8245/12000)
          rx=9 on seen_days=['2021_03_01', '2021_03_08']: tx=79.97% (9596/12000)
          rx=10 on seen_days=['2021_03_01', '2021_03_08']: tx=93.51% (11221/12000)
          rx=11 on seen_days=['2021_03_01', '2021_03_08']: tx=90.85% (10902/12000)
[BEST-JOINT]  val_tx=96.02% & test_tx=85.27% @ E008
[CKPT]  latest -> finalist_runs/B2_A2_light_seed1337/latest_model.pth (saved) | best -> finalist_runs/B2_A2_light_seed1337/best_model_val.pth
====================================================================================================================================
[SAT-TEST] scenario=clear_leo selected=test_unseen_day_unseen_rx overall_tx=35.27% strict_udu=35.27% (21162/60000)
[SAT-TEST] scenario=low_elev_leo selected=test_unseen_day_unseen_rx overall_tx=34.25% strict_udu=34.25% (20549/60000)
[SAT-TEST] scenario=rain_leo selected=test_unseen_day_unseen_rx overall_tx=34.12% strict_udu=34.12% (20474/60000)
[SAT-TEST] scenario=storm_mp selected=test_unseen_day_unseen_rx overall_tx=29.75% strict_udu=29.75% (17847/60000)
[SAT-TEST] scenario=mixed_orbit selected=test_unseen_day_unseen_rx overall_tx=31.46% strict_udu=31.46% (18874/60000)
[BEST-TEST] overall=85.27% @ E008 -> finalist_runs/B2_A2_light_seed1337/best_model_test_overall.pth | unseen_day_unseen_rx=77.47% @ E008 -> finalist_runs/B2_A2_light_seed1337/best_model_strict_udu.pth | unseen_day_seen_rx=91.73% @ E008 | seen_day_unseen_rx=84.03% @ E008
[BEST-PRIMARY] score=80.20 @ E008 -> finalist_runs/B2_A2_light_seed1337/best_model_primary_ood.pth | overall=85.27% strict_udu=77.47%
[BEST-WORST-RX] worst_rx=69.16% (test_rx_8) @ E005 -> finalist_runs/B2_A2_light_seed1337/best_model_worst_rx.pth
[WARN][E010] unsafe backward/step skipped #3
====================================================================================================================================
[Epoch 010/200] time=79.5s | lr=1.99e-04 | aux_scale=0.467
[STAGE] phase=S1_core | use_aux=0.0 cons=0.00 cls_aux=0.00 reg=0.00 joint_inv=0.00 kl=0.00 group_ce=0.50
[MIXSTYLE-EPOCH] phase=base enabled=1 p=0.150 strength=0.650 anneal_t=0.000
[AUG] scale=0.196 | p_dac=0.000 p_pa=0.027 p_shift=0.069 p_cfo=0.069 p_awgn=0.079 p_mp=0.035 | max_shift=6 cfo_max=7.857e-05 pn_max=0.001179
------------------------------------------------------------------------------------------------------------------------------------
[LOSS-CORE] total=4.9904 cls=3.0321 dom=0.9020 adv=2.6124 orth=0.0003 cons=0.2857 group_ce=4.6657
[LOSS-AUX]  cls_pa=0.0000 cls_dac=0.0000 pa_joint_inv=0.0000 pa_kl=0.0000 dac_reg=0.0000 pa_reg=0.0000 gap_dac=0.0000 gap_pa=0.0000 cos_joint_pa=nan cos_imp_pa=nan
[LOSS-SAT]  cls_sat=0.0000 sat_cons=0.0000 sat_cos=nan
[LOSS-DG]   proto=0.0000 proto_cos=nan supcon=0.0000 fishr=0.0033 sgc_res=0.0000
[LOSS-CAL]  ecc=0.0000 ecc_w=0.0000 ecc_tau=0.6663 ecc_maxp=nan
[TRAIN] tx=75.57% dom=69.24% cons_cos=0.7148
[GRAD]  total=1.586 backbone=1.000 aux=0.750 domain=0.500
[VAL]   tx=95.65% dom=83.00%
[TEST]  overall_tx=84.42% (172218/204000)
[TEST-SPLIT]
          unseen_day_seen_rx(days=['2021_03_15', '2021_03_23'], rxs=[0, 1, 2, 3, 4, 5, 6]): tx=89.76% (75402/84000)
          seen_day_unseen_rx(days=['2021_03_01', '2021_03_08'], rxs=[7, 8, 9, 10, 11]): tx=83.25% (49953/60000)
          unseen_day_unseen_rx(days=['2021_03_15', '2021_03_23'], rxs=[7, 8, 9, 10, 11]): tx=78.11% (46863/60000)
          day=2021_03_15 on seen_rxs=[0, 1, 2, 3, 4, 5, 6]: tx=92.81% (38981/42000)
          day=2021_03_23 on seen_rxs=[0, 1, 2, 3, 4, 5, 6]: tx=86.72% (36421/42000)
          rx=7 on seen_days=['2021_03_01', '2021_03_08']: tx=76.69% (9203/12000)
          rx=8 on seen_days=['2021_03_01', '2021_03_08']: tx=76.96% (9235/12000)
          rx=9 on seen_days=['2021_03_01', '2021_03_08']: tx=80.51% (9661/12000)
          rx=10 on seen_days=['2021_03_01', '2021_03_08']: tx=89.38% (10726/12000)
          rx=11 on seen_days=['2021_03_01', '2021_03_08']: tx=92.73% (11128/12000)
[BEST-JOINT]  val_tx=96.02% & test_tx=85.27% @ E008
[CKPT]  latest -> finalist_runs/B2_A2_light_seed1337/latest_model.pth (saved) | best -> finalist_runs/B2_A2_light_seed1337/best_model_val.pth
====================================================================================================================================
[SAT-TEST] scenario=clear_leo selected=test_unseen_day_unseen_rx overall_tx=34.50% strict_udu=34.50% (20702/60000)
[SAT-TEST] scenario=low_elev_leo selected=test_unseen_day_unseen_rx overall_tx=33.91% strict_udu=33.91% (20348/60000)
[SAT-TEST] scenario=rain_leo selected=test_unseen_day_unseen_rx overall_tx=33.12% strict_udu=33.12% (19872/60000)
[SAT-TEST] scenario=storm_mp selected=test_unseen_day_unseen_rx overall_tx=29.54% strict_udu=29.54% (17723/60000)
[SAT-TEST] scenario=mixed_orbit selected=test_unseen_day_unseen_rx overall_tx=31.30% strict_udu=31.30% (18781/60000)
[BEST-TEST] overall=85.27% @ E008 -> finalist_runs/B2_A2_light_seed1337/best_model_test_overall.pth | unseen_day_unseen_rx=78.11% @ E010 -> finalist_runs/B2_A2_light_seed1337/best_model_strict_udu.pth | unseen_day_seen_rx=91.73% @ E008 | seen_day_unseen_rx=84.03% @ E008
[BEST-PRIMARY] score=80.32 @ E010 -> finalist_runs/B2_A2_light_seed1337/best_model_primary_ood.pth | overall=84.42% strict_udu=78.11%
[BEST-WORST-RX] worst_rx=76.69% (test_rx_7) @ E010 -> finalist_runs/B2_A2_light_seed1337/best_model_worst_rx.pth
====================================================================================================================================
[Epoch 011/200] time=78.9s | lr=1.99e-04 | aux_scale=0.533
[STAGE] phase=S1_core | use_aux=0.0 cons=0.00 cls_aux=0.00 reg=0.00 joint_inv=0.00 kl=0.00 group_ce=0.50
[MIXSTYLE-EPOCH] phase=base enabled=1 p=0.150 strength=0.650 anneal_t=0.000
[AUG] scale=0.214 | p_dac=0.000 p_pa=0.030 p_shift=0.075 p_cfo=0.075 p_awgn=0.086 p_mp=0.039 | max_shift=7 cfo_max=8.558e-05 pn_max=0.001284
------------------------------------------------------------------------------------------------------------------------------------
[LOSS-CORE] total=5.6941 cls=3.6413 dom=0.9614 adv=2.6089 orth=0.0003 cons=0.2926 group_ce=5.3906
[LOSS-AUX]  cls_pa=0.0000 cls_dac=0.0000 pa_joint_inv=0.0000 pa_kl=0.0000 dac_reg=0.0000 pa_reg=0.0000 gap_dac=0.0000 gap_pa=0.0000 cos_joint_pa=nan cos_imp_pa=nan
[LOSS-SAT]  cls_sat=0.0000 sat_cons=0.0000 sat_cos=nan
[LOSS-DG]   proto=0.0000 proto_cos=nan supcon=0.0000 fishr=0.0035 sgc_res=0.0000
[LOSS-CAL]  ecc=0.0000 ecc_w=0.0000 ecc_tau=0.6701 ecc_maxp=nan
[TRAIN] tx=71.39% dom=66.40% cons_cos=0.7074
[GRAD]  total=1.660 backbone=1.000 aux=0.750 domain=0.500
[VAL]   tx=95.22% dom=82.55%
[TEST]  overall_tx=83.24% (169812/204000)
[TEST-SPLIT]
          unseen_day_seen_rx(days=['2021_03_15', '2021_03_23'], rxs=[0, 1, 2, 3, 4, 5, 6]): tx=88.31% (74179/84000)
          seen_day_unseen_rx(days=['2021_03_01', '2021_03_08'], rxs=[7, 8, 9, 10, 11]): tx=81.83% (49100/60000)
          unseen_day_unseen_rx(days=['2021_03_15', '2021_03_23'], rxs=[7, 8, 9, 10, 11]): tx=77.56% (46533/60000)
          day=2021_03_15 on seen_rxs=[0, 1, 2, 3, 4, 5, 6]: tx=92.12% (38691/42000)
          day=2021_03_23 on seen_rxs=[0, 1, 2, 3, 4, 5, 6]: tx=84.50% (35488/42000)
          rx=7 on seen_days=['2021_03_01', '2021_03_08']: tx=77.08% (9250/12000)
          rx=8 on seen_days=['2021_03_01', '2021_03_08']: tx=74.23% (8908/12000)
          rx=9 on seen_days=['2021_03_01', '2021_03_08']: tx=78.46% (9415/12000)
          rx=10 on seen_days=['2021_03_01', '2021_03_08']: tx=89.22% (10706/12000)
          rx=11 on seen_days=['2021_03_01', '2021_03_08']: tx=90.17% (10821/12000)
[BEST-JOINT]  val_tx=96.02% & test_tx=85.27% @ E008
[CKPT]  latest -> finalist_runs/B2_A2_light_seed1337/latest_model.pth (saved) | best -> finalist_runs/B2_A2_light_seed1337/best_model_val.pth
====================================================================================================================================
[SAT-TEST] scenario=clear_leo selected=test_unseen_day_unseen_rx overall_tx=34.92% strict_udu=34.92% (20955/60000)
[SAT-TEST] scenario=low_elev_leo selected=test_unseen_day_unseen_rx overall_tx=34.20% strict_udu=34.20% (20518/60000)
[SAT-TEST] scenario=rain_leo selected=test_unseen_day_unseen_rx overall_tx=33.66% strict_udu=33.66% (20193/60000)
[SAT-TEST] scenario=storm_mp selected=test_unseen_day_unseen_rx overall_tx=29.54% strict_udu=29.54% (17722/60000)
[SAT-TEST] scenario=mixed_orbit selected=test_unseen_day_unseen_rx overall_tx=31.50% strict_udu=31.50% (18899/60000)
[BEST-TEST] overall=85.27% @ E008 -> finalist_runs/B2_A2_light_seed1337/best_model_test_overall.pth | unseen_day_unseen_rx=78.11% @ E010 -> finalist_runs/B2_A2_light_seed1337/best_model_strict_udu.pth | unseen_day_seen_rx=91.73% @ E008 | seen_day_unseen_rx=84.03% @ E008
[BEST-PRIMARY] score=80.32 @ E010 -> finalist_runs/B2_A2_light_seed1337/best_model_primary_ood.pth | overall=84.42% strict_udu=78.11%
[BEST-WORST-RX] worst_rx=76.69% (test_rx_7) @ E010 -> finalist_runs/B2_A2_light_seed1337/best_model_worst_rx.pth
====================================================================================================================================
[Epoch 012/200] time=88.6s | lr=1.98e-04 | aux_scale=0.600
[STAGE] phase=S1_core | use_aux=0.0 cons=0.00 cls_aux=0.00 reg=0.00 joint_inv=0.00 kl=0.00 group_ce=0.50
[MIXSTYLE-EPOCH] phase=base enabled=1 p=0.150 strength=0.650 anneal_t=0.000
[AUG] scale=0.232 | p_dac=0.000 p_pa=0.032 p_shift=0.081 p_cfo=0.081 p_awgn=0.093 p_mp=0.042 | max_shift=7 cfo_max=9.281e-05 pn_max=0.001392
------------------------------------------------------------------------------------------------------------------------------------
[LOSS-CORE] total=5.9870 cls=3.8589 dom=1.0299 adv=2.6049 orth=0.0003 cons=0.2816 group_ce=5.5530
[LOSS-AUX]  cls_pa=0.0000 cls_dac=0.0000 pa_joint_inv=0.0000 pa_kl=0.0000 dac_reg=0.0000 pa_reg=0.0000 gap_dac=0.0000 gap_pa=0.0000 cos_joint_pa=nan cos_imp_pa=nan
[LOSS-SAT]  cls_sat=0.0000 sat_cons=0.0000 sat_cos=nan
[LOSS-DG]   proto=0.0000 proto_cos=nan supcon=0.0000 fishr=0.0038 sgc_res=0.0000
[LOSS-CAL]  ecc=0.0000 ecc_w=0.0000 ecc_tau=0.6742 ecc_maxp=nan
[TRAIN] tx=69.03% dom=65.09% cons_cos=0.7184
[GRAD]  total=1.659 backbone=1.000 aux=0.750 domain=0.500
[VAL]   tx=96.73% dom=85.80%
[TEST]  overall_tx=85.45% (174324/204000)
[TEST-SPLIT]
          unseen_day_seen_rx(days=['2021_03_15', '2021_03_23'], rxs=[0, 1, 2, 3, 4, 5, 6]): tx=91.21% (76617/84000)
          seen_day_unseen_rx(days=['2021_03_01', '2021_03_08'], rxs=[7, 8, 9, 10, 11]): tx=83.44% (50067/60000)
          unseen_day_unseen_rx(days=['2021_03_15', '2021_03_23'], rxs=[7, 8, 9, 10, 11]): tx=79.40% (47640/60000)
          day=2021_03_15 on seen_rxs=[0, 1, 2, 3, 4, 5, 6]: tx=93.82% (39403/42000)
          day=2021_03_23 on seen_rxs=[0, 1, 2, 3, 4, 5, 6]: tx=88.60% (37214/42000)
          rx=7 on seen_days=['2021_03_01', '2021_03_08']: tx=71.31% (8557/12000)
          rx=8 on seen_days=['2021_03_01', '2021_03_08']: tx=73.35% (8802/12000)
          rx=9 on seen_days=['2021_03_01', '2021_03_08']: tx=86.64% (10397/12000)
          rx=10 on seen_days=['2021_03_01', '2021_03_08']: tx=89.15% (10698/12000)
          rx=11 on seen_days=['2021_03_01', '2021_03_08']: tx=96.78% (11613/12000)
[BEST-JOINT]  val_tx=96.73% & test_tx=85.45% @ E012
[CKPT]  latest -> finalist_runs/B2_A2_light_seed1337/latest_model.pth (saved) | best -> finalist_runs/B2_A2_light_seed1337/best_model_val.pth (updated: val improved)
====================================================================================================================================
[SAT-TEST] scenario=clear_leo selected=test_unseen_day_unseen_rx overall_tx=34.79% strict_udu=34.79% (20872/60000)
[SAT-TEST] scenario=low_elev_leo selected=test_unseen_day_unseen_rx overall_tx=33.20% strict_udu=33.20% (19923/60000)
[SAT-TEST] scenario=rain_leo selected=test_unseen_day_unseen_rx overall_tx=33.42% strict_udu=33.42% (20053/60000)
[SAT-TEST] scenario=storm_mp selected=test_unseen_day_unseen_rx overall_tx=28.99% strict_udu=28.99% (17392/60000)
[SAT-TEST] scenario=mixed_orbit selected=test_unseen_day_unseen_rx overall_tx=31.23% strict_udu=31.23% (18737/60000)
[BEST-TEST] overall=85.45% @ E012 -> finalist_runs/B2_A2_light_seed1337/best_model_test_overall.pth | unseen_day_unseen_rx=79.40% @ E012 -> finalist_runs/B2_A2_light_seed1337/best_model_strict_udu.pth | unseen_day_seen_rx=91.73% @ E008 | seen_day_unseen_rx=84.03% @ E008
[BEST-PRIMARY] score=81.52 @ E012 -> finalist_runs/B2_A2_light_seed1337/best_model_primary_ood.pth | overall=85.45% strict_udu=79.40%
[BEST-WORST-RX] worst_rx=76.69% (test_rx_7) @ E010 -> finalist_runs/B2_A2_light_seed1337/best_model_worst_rx.pth
====================================================================================================================================
[Epoch 013/200] time=82.3s | lr=1.98e-04 | aux_scale=0.667
[STAGE] phase=S1_core | use_aux=0.0 cons=0.00 cls_aux=0.00 reg=0.00 joint_inv=0.00 kl=0.00 group_ce=0.50
[MIXSTYLE-EPOCH] phase=base enabled=1 p=0.150 strength=0.650 anneal_t=0.000
[AUG] scale=0.251 | p_dac=0.000 p_pa=0.035 p_shift=0.088 p_cfo=0.088 p_awgn=0.100 p_mp=0.045 | max_shift=8 cfo_max=0.0001002 pn_max=0.001504
------------------------------------------------------------------------------------------------------------------------------------
[LOSS-CORE] total=5.7015 cls=3.6810 dom=0.9344 adv=2.6050 orth=0.0003 cons=0.2798 group_ce=5.3093
[LOSS-AUX]  cls_pa=0.0000 cls_dac=0.0000 pa_joint_inv=0.0000 pa_kl=0.0000 dac_reg=0.0000 pa_reg=0.0000 gap_dac=0.0000 gap_pa=0.0000 cos_joint_pa=nan cos_imp_pa=nan
[LOSS-SAT]  cls_sat=0.0000 sat_cons=0.0000 sat_cos=nan
[LOSS-DG]   proto=0.0000 proto_cos=nan supcon=0.0000 fishr=0.0035 sgc_res=0.0000
[LOSS-CAL]  ecc=0.0000 ecc_w=0.0000 ecc_tau=0.6786 ecc_maxp=nan
[TRAIN] tx=70.28% dom=66.33% cons_cos=0.7202
[GRAD]  total=1.574 backbone=1.000 aux=0.750 domain=0.499
[VAL]   tx=92.11% dom=86.54%
[TEST]  overall_tx=80.83% (164897/204000)
[TEST-SPLIT]
          unseen_day_seen_rx(days=['2021_03_15', '2021_03_23'], rxs=[0, 1, 2, 3, 4, 5, 6]): tx=84.92% (71337/84000)
          seen_day_unseen_rx(days=['2021_03_01', '2021_03_08'], rxs=[7, 8, 9, 10, 11]): tx=79.00% (47403/60000)
          unseen_day_unseen_rx(days=['2021_03_15', '2021_03_23'], rxs=[7, 8, 9, 10, 11]): tx=76.93% (46157/60000)
          day=2021_03_15 on seen_rxs=[0, 1, 2, 3, 4, 5, 6]: tx=89.62% (37642/42000)
          day=2021_03_23 on seen_rxs=[0, 1, 2, 3, 4, 5, 6]: tx=80.23% (33695/42000)
          rx=7 on seen_days=['2021_03_01', '2021_03_08']: tx=76.45% (9174/12000)
          rx=8 on seen_days=['2021_03_01', '2021_03_08']: tx=67.74% (8129/12000)
          rx=9 on seen_days=['2021_03_01', '2021_03_08']: tx=77.55% (9306/12000)
          rx=10 on seen_days=['2021_03_01', '2021_03_08']: tx=87.36% (10483/12000)
          rx=11 on seen_days=['2021_03_01', '2021_03_08']: tx=85.92% (10311/12000)
[BEST-JOINT]  val_tx=96.73% & test_tx=85.45% @ E012
[CKPT]  latest -> finalist_runs/B2_A2_light_seed1337/latest_model.pth (saved) | best -> finalist_runs/B2_A2_light_seed1337/best_model_val.pth
====================================================================================================================================
[SAT-TEST] scenario=clear_leo selected=test_unseen_day_unseen_rx overall_tx=37.35% strict_udu=37.35% (22408/60000)
[SAT-TEST] scenario=low_elev_leo selected=test_unseen_day_unseen_rx overall_tx=34.92% strict_udu=34.92% (20953/60000)
[SAT-TEST] scenario=rain_leo selected=test_unseen_day_unseen_rx overall_tx=35.53% strict_udu=35.53% (21317/60000)
[SAT-TEST] scenario=storm_mp selected=test_unseen_day_unseen_rx overall_tx=30.54% strict_udu=30.54% (18325/60000)
[SAT-TEST] scenario=mixed_orbit selected=test_unseen_day_unseen_rx overall_tx=32.93% strict_udu=32.93% (19760/60000)
[BEST-TEST] overall=85.45% @ E012 -> finalist_runs/B2_A2_light_seed1337/best_model_test_overall.pth | unseen_day_unseen_rx=79.40% @ E012 -> finalist_runs/B2_A2_light_seed1337/best_model_strict_udu.pth | unseen_day_seen_rx=91.73% @ E008 | seen_day_unseen_rx=84.03% @ E008
[BEST-PRIMARY] score=81.52 @ E012 -> finalist_runs/B2_A2_light_seed1337/best_model_primary_ood.pth | overall=85.45% strict_udu=79.40%
[BEST-WORST-RX] worst_rx=76.69% (test_rx_7) @ E010 -> finalist_runs/B2_A2_light_seed1337/best_model_worst_rx.pth
====================================================================================================================================
[Epoch 014/200] time=78.2s | lr=1.98e-04 | aux_scale=0.733
[STAGE] phase=S1_core | use_aux=0.0 cons=0.00 cls_aux=0.00 reg=0.00 joint_inv=0.00 kl=0.00 group_ce=0.50
[MIXSTYLE-EPOCH] phase=base enabled=1 p=0.150 strength=0.650 anneal_t=0.000
[AUG] scale=0.270 | p_dac=0.000 p_pa=0.038 p_shift=0.094 p_cfo=0.094 p_awgn=0.108 p_mp=0.049 | max_shift=9 cfo_max=0.0001079 pn_max=0.001618
------------------------------------------------------------------------------------------------------------------------------------
[LOSS-CORE] total=4.6403 cls=2.8184 dom=0.7791 adv=2.5980 orth=0.0003 cons=0.2692 group_ce=4.4880
[LOSS-AUX]  cls_pa=0.0000 cls_dac=0.0000 pa_joint_inv=0.0000 pa_kl=0.0000 dac_reg=0.0000 pa_reg=0.0000 gap_dac=0.0000 gap_pa=0.0000 cos_joint_pa=nan cos_imp_pa=nan
[LOSS-SAT]  cls_sat=0.0000 sat_cons=0.0000 sat_cos=nan
[LOSS-DG]   proto=0.0000 proto_cos=nan supcon=0.0000 fishr=0.0030 sgc_res=0.0000
[LOSS-CAL]  ecc=0.0000 ecc_w=0.0000 ecc_tau=0.6834 ecc_maxp=nan
[TRAIN] tx=76.62% dom=71.83% cons_cos=0.7308
[GRAD]  total=1.602 backbone=1.000 aux=0.750 domain=0.500
[VAL]   tx=96.59% dom=85.52%
[TEST]  overall_tx=84.91% (173222/204000)
[TEST-SPLIT]
          unseen_day_seen_rx(days=['2021_03_15', '2021_03_23'], rxs=[0, 1, 2, 3, 4, 5, 6]): tx=89.91% (75527/84000)
          seen_day_unseen_rx(days=['2021_03_01', '2021_03_08'], rxs=[7, 8, 9, 10, 11]): tx=83.73% (50237/60000)
          unseen_day_unseen_rx(days=['2021_03_15', '2021_03_23'], rxs=[7, 8, 9, 10, 11]): tx=79.10% (47458/60000)
          day=2021_03_15 on seen_rxs=[0, 1, 2, 3, 4, 5, 6]: tx=93.35% (39205/42000)
          day=2021_03_23 on seen_rxs=[0, 1, 2, 3, 4, 5, 6]: tx=86.48% (36322/42000)
          rx=7 on seen_days=['2021_03_01', '2021_03_08']: tx=77.72% (9326/12000)
          rx=8 on seen_days=['2021_03_01', '2021_03_08']: tx=72.55% (8706/12000)
          rx=9 on seen_days=['2021_03_01', '2021_03_08']: tx=83.53% (10024/12000)
          rx=10 on seen_days=['2021_03_01', '2021_03_08']: tx=90.44% (10853/12000)
          rx=11 on seen_days=['2021_03_01', '2021_03_08']: tx=94.40% (11328/12000)
[BEST-JOINT]  val_tx=96.73% & test_tx=85.45% @ E012
[CKPT]  latest -> finalist_runs/B2_A2_light_seed1337/latest_model.pth (saved) | best -> finalist_runs/B2_A2_light_seed1337/best_model_val.pth
====================================================================================================================================
[SAT-TEST] scenario=clear_leo selected=test_unseen_day_unseen_rx overall_tx=37.19% strict_udu=37.19% (22314/60000)
[SAT-TEST] scenario=low_elev_leo selected=test_unseen_day_unseen_rx overall_tx=35.73% strict_udu=35.73% (21440/60000)
[SAT-TEST] scenario=rain_leo selected=test_unseen_day_unseen_rx overall_tx=35.60% strict_udu=35.60% (21360/60000)
[SAT-TEST] scenario=storm_mp selected=test_unseen_day_unseen_rx overall_tx=31.00% strict_udu=31.00% (18601/60000)
[SAT-TEST] scenario=mixed_orbit selected=test_unseen_day_unseen_rx overall_tx=33.29% strict_udu=33.29% (19972/60000)
[BEST-TEST] overall=85.45% @ E012 -> finalist_runs/B2_A2_light_seed1337/best_model_test_overall.pth | unseen_day_unseen_rx=79.40% @ E012 -> finalist_runs/B2_A2_light_seed1337/best_model_strict_udu.pth | unseen_day_seen_rx=91.73% @ E008 | seen_day_unseen_rx=84.03% @ E008
[BEST-PRIMARY] score=81.52 @ E012 -> finalist_runs/B2_A2_light_seed1337/best_model_primary_ood.pth | overall=85.45% strict_udu=79.40%
[BEST-WORST-RX] worst_rx=76.69% (test_rx_7) @ E010 -> finalist_runs/B2_A2_light_seed1337/best_model_worst_rx.pth
====================================================================================================================================
[Epoch 015/200] time=80.9s | lr=1.97e-04 | aux_scale=0.800
[STAGE] phase=S1_core | use_aux=0.0 cons=0.00 cls_aux=0.00 reg=0.00 joint_inv=0.00 kl=0.00 group_ce=0.50
[MIXSTYLE-EPOCH] phase=base enabled=1 p=0.150 strength=0.650 anneal_t=0.000
[AUG] scale=0.289 | p_dac=0.000 p_pa=0.040 p_shift=0.101 p_cfo=0.101 p_awgn=0.116 p_mp=0.052 | max_shift=9 cfo_max=0.0001157 pn_max=0.001735
------------------------------------------------------------------------------------------------------------------------------------
[LOSS-CORE] total=5.3110 cls=3.3691 dom=0.8773 adv=2.5969 orth=0.0003 cons=0.2772 group_ce=4.9306
[LOSS-AUX]  cls_pa=0.0000 cls_dac=0.0000 pa_joint_inv=0.0000 pa_kl=0.0000 dac_reg=0.0000 pa_reg=0.0000 gap_dac=0.0000 gap_pa=0.0000 cos_joint_pa=nan cos_imp_pa=nan
[LOSS-SAT]  cls_sat=0.0000 sat_cons=0.0000 sat_cos=nan
[LOSS-DG]   proto=0.0000 proto_cos=nan supcon=0.0000 fishr=0.0033 sgc_res=0.0000
[LOSS-CAL]  ecc=0.0000 ecc_w=0.0000 ecc_tau=0.6885 ecc_maxp=nan
[TRAIN] tx=72.88% dom=68.62% cons_cos=0.7228
[GRAD]  total=1.634 backbone=1.000 aux=0.750 domain=0.500
[VAL]   tx=96.29% dom=87.10%
[TEST]  overall_tx=84.32% (172012/204000)
[TEST-SPLIT]
          unseen_day_seen_rx(days=['2021_03_15', '2021_03_23'], rxs=[0, 1, 2, 3, 4, 5, 6]): tx=89.40% (75093/84000)
          seen_day_unseen_rx(days=['2021_03_01', '2021_03_08'], rxs=[7, 8, 9, 10, 11]): tx=82.04% (49222/60000)
          unseen_day_unseen_rx(days=['2021_03_15', '2021_03_23'], rxs=[7, 8, 9, 10, 11]): tx=79.50% (47697/60000)
          day=2021_03_15 on seen_rxs=[0, 1, 2, 3, 4, 5, 6]: tx=93.34% (39201/42000)
          day=2021_03_23 on seen_rxs=[0, 1, 2, 3, 4, 5, 6]: tx=85.46% (35892/42000)
          rx=7 on seen_days=['2021_03_01', '2021_03_08']: tx=76.24% (9149/12000)
          rx=8 on seen_days=['2021_03_01', '2021_03_08']: tx=66.63% (7996/12000)
          rx=9 on seen_days=['2021_03_01', '2021_03_08']: tx=86.27% (10352/12000)
          rx=10 on seen_days=['2021_03_01', '2021_03_08']: tx=90.41% (10849/12000)
          rx=11 on seen_days=['2021_03_01', '2021_03_08']: tx=90.63% (10876/12000)
[BEST-JOINT]  val_tx=96.73% & test_tx=85.45% @ E012
[CKPT]  latest -> finalist_runs/B2_A2_light_seed1337/latest_model.pth (saved) | best -> finalist_runs/B2_A2_light_seed1337/best_model_val.pth
====================================================================================================================================
[SAT-TEST] scenario=clear_leo selected=test_unseen_day_unseen_rx overall_tx=39.85% strict_udu=39.85% (23909/60000)
[SAT-TEST] scenario=low_elev_leo selected=test_unseen_day_unseen_rx overall_tx=37.97% strict_udu=37.97% (22782/60000)
[SAT-TEST] scenario=rain_leo selected=test_unseen_day_unseen_rx overall_tx=38.45% strict_udu=38.45% (23071/60000)
[SAT-TEST] scenario=storm_mp selected=test_unseen_day_unseen_rx overall_tx=32.50% strict_udu=32.50% (19498/60000)
[SAT-TEST] scenario=mixed_orbit selected=test_unseen_day_unseen_rx overall_tx=34.13% strict_udu=34.13% (20477/60000)
[BEST-TEST] overall=85.45% @ E012 -> finalist_runs/B2_A2_light_seed1337/best_model_test_overall.pth | unseen_day_unseen_rx=79.50% @ E015 -> finalist_runs/B2_A2_light_seed1337/best_model_strict_udu.pth | unseen_day_seen_rx=91.73% @ E008 | seen_day_unseen_rx=84.03% @ E008
[BEST-PRIMARY] score=81.52 @ E012 -> finalist_runs/B2_A2_light_seed1337/best_model_primary_ood.pth | overall=85.45% strict_udu=79.40%
[BEST-WORST-RX] worst_rx=76.69% (test_rx_7) @ E010 -> finalist_runs/B2_A2_light_seed1337/best_model_worst_rx.pth
====================================================================================================================================
[Epoch 016/200] time=79.3s | lr=1.97e-04 | aux_scale=0.867
[STAGE] phase=S1_core | use_aux=0.0 cons=0.00 cls_aux=0.00 reg=0.00 joint_inv=0.00 kl=0.00 group_ce=0.50
[MIXSTYLE-EPOCH] phase=base enabled=1 p=0.150 strength=0.650 anneal_t=0.000
[AUG] scale=0.309 | p_dac=0.000 p_pa=0.043 p_shift=0.108 p_cfo=0.108 p_awgn=0.124 p_mp=0.056 | max_shift=10 cfo_max=0.0001236 pn_max=0.001854
------------------------------------------------------------------------------------------------------------------------------------
[LOSS-CORE] total=5.5954 cls=3.5911 dom=0.9247 adv=2.5985 orth=0.0003 cons=0.2722 group_ce=5.2215
[LOSS-AUX]  cls_pa=0.0000 cls_dac=0.0000 pa_joint_inv=0.0000 pa_kl=0.0000 dac_reg=0.0000 pa_reg=0.0000 gap_dac=0.0000 gap_pa=0.0000 cos_joint_pa=nan cos_imp_pa=nan
[LOSS-SAT]  cls_sat=0.0000 sat_cons=0.0000 sat_cos=nan
[LOSS-DG]   proto=0.0000 proto_cos=nan supcon=0.0000 fishr=0.0034 sgc_res=0.0000
[LOSS-CAL]  ecc=0.0000 ecc_w=0.0000 ecc_tau=0.6939 ecc_maxp=nan
[TRAIN] tx=69.90% dom=67.43% cons_cos=0.7277
[GRAD]  total=1.646 backbone=1.000 aux=0.750 domain=0.498
[VAL]   tx=97.40% dom=87.54%
[TEST]  overall_tx=87.80% (179111/204000)
[TEST-SPLIT]
          unseen_day_seen_rx(days=['2021_03_15', '2021_03_23'], rxs=[0, 1, 2, 3, 4, 5, 6]): tx=92.22% (77465/84000)
          seen_day_unseen_rx(days=['2021_03_01', '2021_03_08'], rxs=[7, 8, 9, 10, 11]): tx=86.97% (52184/60000)
          unseen_day_unseen_rx(days=['2021_03_15', '2021_03_23'], rxs=[7, 8, 9, 10, 11]): tx=82.44% (49462/60000)
          day=2021_03_15 on seen_rxs=[0, 1, 2, 3, 4, 5, 6]: tx=94.92% (39865/42000)
          day=2021_03_23 on seen_rxs=[0, 1, 2, 3, 4, 5, 6]: tx=89.52% (37600/42000)
          rx=7 on seen_days=['2021_03_01', '2021_03_08']: tx=79.66% (9559/12000)
          rx=8 on seen_days=['2021_03_01', '2021_03_08']: tx=72.97% (8757/12000)
          rx=9 on seen_days=['2021_03_01', '2021_03_08']: tx=90.28% (10834/12000)
          rx=10 on seen_days=['2021_03_01', '2021_03_08']: tx=95.27% (11432/12000)
          rx=11 on seen_days=['2021_03_01', '2021_03_08']: tx=96.68% (11602/12000)
[BEST-JOINT]  val_tx=97.40% & test_tx=87.80% @ E016
[CKPT]  latest -> finalist_runs/B2_A2_light_seed1337/latest_model.pth (saved) | best -> finalist_runs/B2_A2_light_seed1337/best_model_val.pth (updated: val improved)
====================================================================================================================================
[SAT-TEST] scenario=clear_leo selected=test_unseen_day_unseen_rx overall_tx=38.76% strict_udu=38.76% (23255/60000)
[SAT-TEST] scenario=low_elev_leo selected=test_unseen_day_unseen_rx overall_tx=36.97% strict_udu=36.97% (22179/60000)
[SAT-TEST] scenario=rain_leo selected=test_unseen_day_unseen_rx overall_tx=37.20% strict_udu=37.20% (22319/60000)
[SAT-TEST] scenario=storm_mp selected=test_unseen_day_unseen_rx overall_tx=32.20% strict_udu=32.20% (19323/60000)
[SAT-TEST] scenario=mixed_orbit selected=test_unseen_day_unseen_rx overall_tx=34.27% strict_udu=34.27% (20565/60000)
[BEST-TEST] overall=87.80% @ E016 -> finalist_runs/B2_A2_light_seed1337/best_model_test_overall.pth | unseen_day_unseen_rx=82.44% @ E016 -> finalist_runs/B2_A2_light_seed1337/best_model_strict_udu.pth | unseen_day_seen_rx=92.22% @ E016 | seen_day_unseen_rx=86.97% @ E016
[BEST-PRIMARY] score=84.31 @ E016 -> finalist_runs/B2_A2_light_seed1337/best_model_primary_ood.pth | overall=87.80% strict_udu=82.44%
[BEST-WORST-RX] worst_rx=76.69% (test_rx_7) @ E010 -> finalist_runs/B2_A2_light_seed1337/best_model_worst_rx.pth
====================================================================================================================================
[Epoch 017/200] time=88.4s | lr=1.96e-04 | aux_scale=0.933
[STAGE] phase=S2_stabilize_aux | use_aux=1.0 cons=0.20 cls_aux=0.15 reg=0.35 joint_inv=0.15 kl=0.15 group_ce=0.70
[MIXSTYLE-EPOCH] phase=base enabled=1 p=0.150 strength=0.650 anneal_t=0.000
[AUG] scale=0.329 | p_dac=0.000 p_pa=0.046 p_shift=0.115 p_cfo=0.115 p_awgn=0.132 p_mp=0.059 | max_shift=11 cfo_max=0.0001317 pn_max=0.001976
------------------------------------------------------------------------------------------------------------------------------------
[LOSS-CORE] total=5.5321 cls=3.2552 dom=0.8562 adv=2.5970 orth=0.0003 cons=0.2676 group_ce=4.7423
[LOSS-AUX]  cls_pa=8.4533 cls_dac=0.0000 pa_joint_inv=0.6766 pa_kl=7.9598 dac_reg=0.0000 pa_reg=0.0219 gap_dac=0.0000 gap_pa=0.2023 cos_joint_pa=0.3234 cos_imp_pa=nan
[LOSS-SAT]  cls_sat=0.0000 sat_cons=0.0000 sat_cos=nan
[LOSS-DG]   proto=0.0000 proto_cos=nan supcon=0.0000 fishr=0.0032 sgc_res=0.0000
[LOSS-CAL]  ecc=0.0000 ecc_w=0.0000 ecc_tau=0.6996 ecc_maxp=nan
[TRAIN] tx=72.60% dom=69.26% cons_cos=0.7324
[GRAD]  total=1.634 backbone=1.000 aux=0.750 domain=0.498
[VAL]   tx=97.00% dom=86.84%
[TEST]  overall_tx=85.69% (174799/204000)
[TEST-SPLIT]
          unseen_day_seen_rx(days=['2021_03_15', '2021_03_23'], rxs=[0, 1, 2, 3, 4, 5, 6]): tx=91.45% (76819/84000)
          seen_day_unseen_rx(days=['2021_03_01', '2021_03_08'], rxs=[7, 8, 9, 10, 11]): tx=85.28% (51167/60000)
          unseen_day_unseen_rx(days=['2021_03_15', '2021_03_23'], rxs=[7, 8, 9, 10, 11]): tx=78.02% (46813/60000)
          day=2021_03_15 on seen_rxs=[0, 1, 2, 3, 4, 5, 6]: tx=94.80% (39814/42000)
          day=2021_03_23 on seen_rxs=[0, 1, 2, 3, 4, 5, 6]: tx=88.11% (37005/42000)
          rx=7 on seen_days=['2021_03_01', '2021_03_08']: tx=78.83% (9459/12000)
          rx=8 on seen_days=['2021_03_01', '2021_03_08']: tx=73.46% (8815/12000)
          rx=9 on seen_days=['2021_03_01', '2021_03_08']: tx=85.58% (10269/12000)
          rx=10 on seen_days=['2021_03_01', '2021_03_08']: tx=95.15% (11418/12000)
          rx=11 on seen_days=['2021_03_01', '2021_03_08']: tx=93.38% (11206/12000)
[BEST-JOINT]  val_tx=97.40% & test_tx=87.80% @ E016
[CKPT]  latest -> finalist_runs/B2_A2_light_seed1337/latest_model.pth (saved) | best -> finalist_runs/B2_A2_light_seed1337/best_model_val.pth
====================================================================================================================================
[SAT-TEST] scenario=clear_leo selected=test_unseen_day_unseen_rx overall_tx=39.19% strict_udu=39.19% (23512/60000)
[SAT-TEST] scenario=low_elev_leo selected=test_unseen_day_unseen_rx overall_tx=36.81% strict_udu=36.81% (22086/60000)
[SAT-TEST] scenario=rain_leo selected=test_unseen_day_unseen_rx overall_tx=37.42% strict_udu=37.42% (22455/60000)
[SAT-TEST] scenario=storm_mp selected=test_unseen_day_unseen_rx overall_tx=31.68% strict_udu=31.68% (19008/60000)
[SAT-TEST] scenario=mixed_orbit selected=test_unseen_day_unseen_rx overall_tx=33.50% strict_udu=33.50% (20101/60000)
[BEST-TEST] overall=87.80% @ E016 -> finalist_runs/B2_A2_light_seed1337/best_model_test_overall.pth | unseen_day_unseen_rx=82.44% @ E016 -> finalist_runs/B2_A2_light_seed1337/best_model_strict_udu.pth | unseen_day_seen_rx=92.22% @ E016 | seen_day_unseen_rx=86.97% @ E016
[BEST-PRIMARY] score=84.31 @ E016 -> finalist_runs/B2_A2_light_seed1337/best_model_primary_ood.pth | overall=87.80% strict_udu=82.44%
[BEST-WORST-RX] worst_rx=76.69% (test_rx_7) @ E010 -> finalist_runs/B2_A2_light_seed1337/best_model_worst_rx.pth
====================================================================================================================================
[Epoch 018/200] time=82.7s | lr=1.96e-04 | aux_scale=1.000
[STAGE] phase=S2_stabilize_aux | use_aux=1.0 cons=0.20 cls_aux=0.15 reg=0.35 joint_inv=0.15 kl=0.15 group_ce=0.70
[MIXSTYLE-EPOCH] phase=base enabled=1 p=0.150 strength=0.650 anneal_t=0.000
[AUG] scale=0.350 | p_dac=0.000 p_pa=0.049 p_shift=0.122 p_cfo=0.122 p_awgn=0.140 p_mp=0.063 | max_shift=11 cfo_max=0.00014 pn_max=0.0021
------------------------------------------------------------------------------------------------------------------------------------
[LOSS-CORE] total=5.9874 cls=3.6477 dom=0.8657 adv=2.6004 orth=0.0003 cons=0.2726 group_ce=5.3186
[LOSS-AUX]  cls_pa=8.1797 cls_dac=0.0000 pa_joint_inv=0.6525 pa_kl=7.6060 dac_reg=0.0000 pa_reg=0.0190 gap_dac=0.0000 gap_pa=0.2043 cos_joint_pa=0.3475 cos_imp_pa=nan
[LOSS-SAT]  cls_sat=0.0000 sat_cons=0.0000 sat_cos=nan
[LOSS-DG]   proto=0.0000 proto_cos=nan supcon=0.0000 fishr=0.0034 sgc_res=0.0000
[LOSS-CAL]  ecc=0.0000 ecc_w=0.0000 ecc_tau=0.7056 ecc_maxp=nan
[TRAIN] tx=70.61% dom=68.46% cons_cos=0.7274
[GRAD]  total=1.734 backbone=1.000 aux=0.750 domain=0.500
[VAL]   tx=96.39% dom=88.64%
[TEST]  overall_tx=84.43% (172244/204000)
[TEST-SPLIT]
          unseen_day_seen_rx(days=['2021_03_15', '2021_03_23'], rxs=[0, 1, 2, 3, 4, 5, 6]): tx=90.82% (76287/84000)
          seen_day_unseen_rx(days=['2021_03_01', '2021_03_08'], rxs=[7, 8, 9, 10, 11]): tx=83.09% (49856/60000)
          unseen_day_unseen_rx(days=['2021_03_15', '2021_03_23'], rxs=[7, 8, 9, 10, 11]): tx=76.83% (46101/60000)
          day=2021_03_15 on seen_rxs=[0, 1, 2, 3, 4, 5, 6]: tx=93.86% (39422/42000)
          day=2021_03_23 on seen_rxs=[0, 1, 2, 3, 4, 5, 6]: tx=87.77% (36865/42000)
          rx=7 on seen_days=['2021_03_01', '2021_03_08']: tx=77.14% (9257/12000)
          rx=8 on seen_days=['2021_03_01', '2021_03_08']: tx=74.42% (8930/12000)
          rx=9 on seen_days=['2021_03_01', '2021_03_08']: tx=81.41% (9769/12000)
          rx=10 on seen_days=['2021_03_01', '2021_03_08']: tx=92.34% (11081/12000)
          rx=11 on seen_days=['2021_03_01', '2021_03_08']: tx=90.16% (10819/12000)
[BEST-JOINT]  val_tx=97.40% & test_tx=87.80% @ E016
[CKPT]  latest -> finalist_runs/B2_A2_light_seed1337/latest_model.pth (saved) | best -> finalist_runs/B2_A2_light_seed1337/best_model_val.pth
====================================================================================================================================
[SAT-TEST] scenario=clear_leo selected=test_unseen_day_unseen_rx overall_tx=37.50% strict_udu=37.50% (22499/60000)
[SAT-TEST] scenario=low_elev_leo selected=test_unseen_day_unseen_rx overall_tx=35.64% strict_udu=35.64% (21382/60000)
[SAT-TEST] scenario=rain_leo selected=test_unseen_day_unseen_rx overall_tx=35.70% strict_udu=35.70% (21417/60000)
[SAT-TEST] scenario=storm_mp selected=test_unseen_day_unseen_rx overall_tx=30.62% strict_udu=30.62% (18371/60000)
[SAT-TEST] scenario=mixed_orbit selected=test_unseen_day_unseen_rx overall_tx=33.02% strict_udu=33.02% (19813/60000)
[BEST-TEST] overall=87.80% @ E016 -> finalist_runs/B2_A2_light_seed1337/best_model_test_overall.pth | unseen_day_unseen_rx=82.44% @ E016 -> finalist_runs/B2_A2_light_seed1337/best_model_strict_udu.pth | unseen_day_seen_rx=92.22% @ E016 | seen_day_unseen_rx=86.97% @ E016
[BEST-PRIMARY] score=84.31 @ E016 -> finalist_runs/B2_A2_light_seed1337/best_model_primary_ood.pth | overall=87.80% strict_udu=82.44%
[BEST-WORST-RX] worst_rx=76.69% (test_rx_7) @ E010 -> finalist_runs/B2_A2_light_seed1337/best_model_worst_rx.pth
====================================================================================================================================
[Epoch 019/200] time=83.6s | lr=1.96e-04 | aux_scale=1.000
[STAGE] phase=S2_stabilize_aux | use_aux=1.0 cons=0.20 cls_aux=0.15 reg=0.35 joint_inv=0.15 kl=0.15 group_ce=0.70
[MIXSTYLE-EPOCH] phase=base enabled=1 p=0.150 strength=0.650 anneal_t=0.000
[AUG] scale=0.350 | p_dac=0.000 p_pa=0.049 p_shift=0.122 p_cfo=0.122 p_awgn=0.140 p_mp=0.063 | max_shift=11 cfo_max=0.00014 pn_max=0.0021
------------------------------------------------------------------------------------------------------------------------------------
[LOSS-CORE] total=5.7345 cls=3.4558 dom=0.8490 adv=2.5984 orth=0.0004 cons=0.2683 group_ce=5.0477
[LOSS-AUX]  cls_pa=7.3470 cls_dac=0.0000 pa_joint_inv=0.6103 pa_kl=6.8436 dac_reg=0.0000 pa_reg=0.0179 gap_dac=0.0000 gap_pa=0.2047 cos_joint_pa=0.3897 cos_imp_pa=nan
[LOSS-SAT]  cls_sat=0.0000 sat_cons=0.0000 sat_cos=nan
[LOSS-DG]   proto=0.0000 proto_cos=nan supcon=0.0000 fishr=0.0034 sgc_res=0.0000
[LOSS-CAL]  ecc=0.0000 ecc_w=0.0000 ecc_tau=0.7118 ecc_maxp=nan
[TRAIN] tx=71.15% dom=69.01% cons_cos=0.7317
[GRAD]  total=1.599 backbone=1.000 aux=0.750 domain=0.499
[VAL]   tx=96.22% dom=87.66%
[TEST]  overall_tx=84.17% (171704/204000)
[TEST-SPLIT]
          unseen_day_seen_rx(days=['2021_03_15', '2021_03_23'], rxs=[0, 1, 2, 3, 4, 5, 6]): tx=89.70% (75347/84000)
          seen_day_unseen_rx(days=['2021_03_01', '2021_03_08'], rxs=[7, 8, 9, 10, 11]): tx=83.48% (50087/60000)
          unseen_day_unseen_rx(days=['2021_03_15', '2021_03_23'], rxs=[7, 8, 9, 10, 11]): tx=77.12% (46270/60000)
          day=2021_03_15 on seen_rxs=[0, 1, 2, 3, 4, 5, 6]: tx=92.86% (39003/42000)
          day=2021_03_23 on seen_rxs=[0, 1, 2, 3, 4, 5, 6]: tx=86.53% (36344/42000)
          rx=7 on seen_days=['2021_03_01', '2021_03_08']: tx=77.69% (9323/12000)
          rx=8 on seen_days=['2021_03_01', '2021_03_08']: tx=74.74% (8969/12000)
          rx=9 on seen_days=['2021_03_01', '2021_03_08']: tx=83.28% (9994/12000)
          rx=10 on seen_days=['2021_03_01', '2021_03_08']: tx=91.34% (10961/12000)
          rx=11 on seen_days=['2021_03_01', '2021_03_08']: tx=90.33% (10840/12000)
[BEST-JOINT]  val_tx=97.40% & test_tx=87.80% @ E016
[CKPT]  latest -> finalist_runs/B2_A2_light_seed1337/latest_model.pth (saved) | best -> finalist_runs/B2_A2_light_seed1337/best_model_val.pth
====================================================================================================================================
[SAT-TEST] scenario=clear_leo selected=test_unseen_day_unseen_rx overall_tx=36.69% strict_udu=36.69% (22013/60000)
[SAT-TEST] scenario=low_elev_leo selected=test_unseen_day_unseen_rx overall_tx=35.16% strict_udu=35.16% (21097/60000)
[SAT-TEST] scenario=rain_leo selected=test_unseen_day_unseen_rx overall_tx=34.91% strict_udu=34.91% (20944/60000)
[SAT-TEST] scenario=storm_mp selected=test_unseen_day_unseen_rx overall_tx=30.63% strict_udu=30.63% (18377/60000)
[SAT-TEST] scenario=mixed_orbit selected=test_unseen_day_unseen_rx overall_tx=32.66% strict_udu=32.66% (19599/60000)
[BEST-TEST] overall=87.80% @ E016 -> finalist_runs/B2_A2_light_seed1337/best_model_test_overall.pth | unseen_day_unseen_rx=82.44% @ E016 -> finalist_runs/B2_A2_light_seed1337/best_model_strict_udu.pth | unseen_day_seen_rx=92.22% @ E016 | seen_day_unseen_rx=86.97% @ E016
[BEST-PRIMARY] score=84.31 @ E016 -> finalist_runs/B2_A2_light_seed1337/best_model_primary_ood.pth | overall=87.80% strict_udu=82.44%
[BEST-WORST-RX] worst_rx=76.69% (test_rx_7) @ E010 -> finalist_runs/B2_A2_light_seed1337/best_model_worst_rx.pth
====================================================================================================================================
[Epoch 020/200] time=94.4s | lr=1.95e-04 | aux_scale=1.000
[STAGE] phase=S2_stabilize_aux | use_aux=1.0 cons=0.20 cls_aux=0.15 reg=0.35 joint_inv=0.15 kl=0.15 group_ce=0.70
[MIXSTYLE-EPOCH] phase=base enabled=1 p=0.150 strength=0.650 anneal_t=0.000
[AUG] scale=0.350 | p_dac=0.000 p_pa=0.049 p_shift=0.122 p_cfo=0.122 p_awgn=0.140 p_mp=0.063 | max_shift=11 cfo_max=0.00014 pn_max=0.0021
------------------------------------------------------------------------------------------------------------------------------------
[LOSS-CORE] total=6.6616 cls=3.6990 dom=0.9283 adv=2.5969 orth=0.0004 cons=0.2519 group_ce=5.2418
[LOSS-AUX]  cls_pa=7.7670 cls_dac=0.0000 pa_joint_inv=0.6293 pa_kl=7.2018 dac_reg=0.0000 pa_reg=0.0174 gap_dac=0.0000 gap_pa=0.2155 cos_joint_pa=0.3707 cos_imp_pa=nan
[LOSS-SAT]  cls_sat=11.1791 sat_cons=0.7114 sat_cos=0.2886
[LOSS-DG]   proto=0.0000 proto_cos=nan supcon=0.0000 fishr=0.0031 sgc_res=0.0000
[LOSS-CAL]  ecc=0.0000 ecc_w=0.0000 ecc_tau=0.7183 ecc_maxp=nan
[TRAIN] tx=70.04% dom=68.13% cons_cos=0.7481
[GRAD]  total=1.754 backbone=1.000 aux=0.750 domain=0.495
[VAL]   tx=95.23% dom=88.31%
[TEST]  overall_tx=82.84% (168986/204000)
[TEST-SPLIT]
          unseen_day_seen_rx(days=['2021_03_15', '2021_03_23'], rxs=[0, 1, 2, 3, 4, 5, 6]): tx=88.29% (74160/84000)
          seen_day_unseen_rx(days=['2021_03_01', '2021_03_08'], rxs=[7, 8, 9, 10, 11]): tx=81.48% (48888/60000)
          unseen_day_unseen_rx(days=['2021_03_15', '2021_03_23'], rxs=[7, 8, 9, 10, 11]): tx=76.56% (45938/60000)
          day=2021_03_15 on seen_rxs=[0, 1, 2, 3, 4, 5, 6]: tx=92.54% (38866/42000)
          day=2021_03_23 on seen_rxs=[0, 1, 2, 3, 4, 5, 6]: tx=84.03% (35294/42000)
          rx=7 on seen_days=['2021_03_01', '2021_03_08']: tx=76.38% (9166/12000)
          rx=8 on seen_days=['2021_03_01', '2021_03_08']: tx=73.22% (8787/12000)
          rx=9 on seen_days=['2021_03_01', '2021_03_08']: tx=80.23% (9628/12000)
          rx=10 on seen_days=['2021_03_01', '2021_03_08']: tx=89.18% (10702/12000)
          rx=11 on seen_days=['2021_03_01', '2021_03_08']: tx=88.38% (10605/12000)
[BEST-JOINT]  val_tx=97.40% & test_tx=87.80% @ E016
[CKPT]  latest -> finalist_runs/B2_A2_light_seed1337/latest_model.pth (saved) | best -> finalist_runs/B2_A2_light_seed1337/best_model_val.pth
====================================================================================================================================
[SAT-TEST] scenario=clear_leo selected=test_unseen_day_unseen_rx overall_tx=37.41% strict_udu=37.41% (22449/60000)
[SAT-TEST] scenario=low_elev_leo selected=test_unseen_day_unseen_rx overall_tx=35.41% strict_udu=35.41% (21248/60000)
[SAT-TEST] scenario=rain_leo selected=test_unseen_day_unseen_rx overall_tx=35.70% strict_udu=35.70% (21419/60000)
[SAT-TEST] scenario=storm_mp selected=test_unseen_day_unseen_rx overall_tx=31.71% strict_udu=31.71% (19026/60000)
[SAT-TEST] scenario=mixed_orbit selected=test_unseen_day_unseen_rx overall_tx=33.86% strict_udu=33.86% (20317/60000)
[BEST-TEST] overall=87.80% @ E016 -> finalist_runs/B2_A2_light_seed1337/best_model_test_overall.pth | unseen_day_unseen_rx=82.44% @ E016 -> finalist_runs/B2_A2_light_seed1337/best_model_strict_udu.pth | unseen_day_seen_rx=92.22% @ E016 | seen_day_unseen_rx=86.97% @ E016
[BEST-PRIMARY] score=84.31 @ E016 -> finalist_runs/B2_A2_light_seed1337/best_model_primary_ood.pth | overall=87.80% strict_udu=82.44%
[BEST-WORST-RX] worst_rx=76.69% (test_rx_7) @ E010 -> finalist_runs/B2_A2_light_seed1337/best_model_worst_rx.pth
====================================================================================================================================
[Epoch 021/200] time=87.0s | lr=1.95e-04 | aux_scale=1.000
[STAGE] phase=S2_stabilize_aux | use_aux=1.0 cons=0.21 cls_aux=0.16 reg=0.36 joint_inv=0.15 kl=0.15 group_ce=0.70
[MIXSTYLE-EPOCH] phase=base enabled=1 p=0.150 strength=0.650 anneal_t=0.000
[AUG] scale=0.350 | p_dac=0.000 p_pa=0.049 p_shift=0.122 p_cfo=0.122 p_awgn=0.140 p_mp=0.063 | max_shift=11 cfo_max=0.00014 pn_max=0.0021
------------------------------------------------------------------------------------------------------------------------------------
[LOSS-CORE] total=7.0808 cls=4.0871 dom=0.9594 adv=2.5969 orth=0.0004 cons=0.2603 group_ce=5.5819
[LOSS-AUX]  cls_pa=7.1121 cls_dac=0.0000 pa_joint_inv=0.6033 pa_kl=6.5994 dac_reg=0.0000 pa_reg=0.0166 gap_dac=0.0000 gap_pa=0.2097 cos_joint_pa=0.3967 cos_imp_pa=nan
[LOSS-SAT]  cls_sat=11.0597 sat_cons=0.6685 sat_cos=0.3315
[LOSS-DG]   proto=0.0000 proto_cos=nan supcon=0.0000 fishr=0.0036 sgc_res=0.0000
[LOSS-CAL]  ecc=0.0000 ecc_w=0.0000 ecc_tau=0.7250 ecc_maxp=nan
[TRAIN] tx=65.44% dom=65.68% cons_cos=0.7397
[GRAD]  total=1.659 backbone=1.000 aux=0.750 domain=0.497
[VAL]   tx=97.91% dom=86.67%
[TEST]  overall_tx=88.13% (179776/204000)
[TEST-SPLIT]
          unseen_day_seen_rx(days=['2021_03_15', '2021_03_23'], rxs=[0, 1, 2, 3, 4, 5, 6]): tx=93.56% (78588/84000)
          seen_day_unseen_rx(days=['2021_03_01', '2021_03_08'], rxs=[7, 8, 9, 10, 11]): tx=86.92% (52154/60000)
          unseen_day_unseen_rx(days=['2021_03_15', '2021_03_23'], rxs=[7, 8, 9, 10, 11]): tx=81.72% (49034/60000)
          day=2021_03_15 on seen_rxs=[0, 1, 2, 3, 4, 5, 6]: tx=95.30% (40028/42000)
          day=2021_03_23 on seen_rxs=[0, 1, 2, 3, 4, 5, 6]: tx=91.81% (38560/42000)
          rx=7 on seen_days=['2021_03_01', '2021_03_08']: tx=75.82% (9098/12000)
          rx=8 on seen_days=['2021_03_01', '2021_03_08']: tx=76.32% (9158/12000)
          rx=9 on seen_days=['2021_03_01', '2021_03_08']: tx=89.69% (10763/12000)
          rx=10 on seen_days=['2021_03_01', '2021_03_08']: tx=96.36% (11563/12000)
          rx=11 on seen_days=['2021_03_01', '2021_03_08']: tx=96.43% (11572/12000)
[BEST-JOINT]  val_tx=97.91% & test_tx=88.13% @ E021
[CKPT]  latest -> finalist_runs/B2_A2_light_seed1337/latest_model.pth (saved) | best -> finalist_runs/B2_A2_light_seed1337/best_model_val.pth (updated: val improved)
====================================================================================================================================
[SAT-TEST] scenario=clear_leo selected=test_unseen_day_unseen_rx overall_tx=39.65% strict_udu=39.65% (23791/60000)
[SAT-TEST] scenario=low_elev_leo selected=test_unseen_day_unseen_rx overall_tx=37.93% strict_udu=37.93% (22756/60000)
[SAT-TEST] scenario=rain_leo selected=test_unseen_day_unseen_rx overall_tx=38.11% strict_udu=38.11% (22865/60000)
[SAT-TEST] scenario=storm_mp selected=test_unseen_day_unseen_rx overall_tx=32.54% strict_udu=32.54% (19523/60000)
[SAT-TEST] scenario=mixed_orbit selected=test_unseen_day_unseen_rx overall_tx=34.87% strict_udu=34.87% (20922/60000)
[BEST-TEST] overall=88.13% @ E021 -> finalist_runs/B2_A2_light_seed1337/best_model_test_overall.pth | unseen_day_unseen_rx=82.44% @ E016 -> finalist_runs/B2_A2_light_seed1337/best_model_strict_udu.pth | unseen_day_seen_rx=93.56% @ E021 | seen_day_unseen_rx=86.97% @ E016
[BEST-PRIMARY] score=84.31 @ E016 -> finalist_runs/B2_A2_light_seed1337/best_model_primary_ood.pth | overall=87.80% strict_udu=82.44%
[BEST-WORST-RX] worst_rx=76.69% (test_rx_7) @ E010 -> finalist_runs/B2_A2_light_seed1337/best_model_worst_rx.pth
====================================================================================================================================
[Epoch 022/200] time=86.0s | lr=1.94e-04 | aux_scale=1.000
[STAGE] phase=S2_stabilize_aux | use_aux=1.0 cons=0.21 cls_aux=0.16 reg=0.36 joint_inv=0.15 kl=0.16 group_ce=0.70
[MIXSTYLE-EPOCH] phase=base enabled=1 p=0.150 strength=0.650 anneal_t=0.000
[AUG] scale=0.350 | p_dac=0.000 p_pa=0.049 p_shift=0.122 p_cfo=0.122 p_awgn=0.140 p_mp=0.063 | max_shift=11 cfo_max=0.00014 pn_max=0.0021
------------------------------------------------------------------------------------------------------------------------------------
[LOSS-CORE] total=5.7072 cls=2.9072 dom=0.8622 adv=2.5901 orth=0.0004 cons=0.2382 group_ce=4.3583
[LOSS-AUX]  cls_pa=6.9906 cls_dac=0.0000 pa_joint_inv=0.6010 pa_kl=6.5412 dac_reg=0.0000 pa_reg=0.0165 gap_dac=0.0000 gap_pa=0.2142 cos_joint_pa=0.3990 cos_imp_pa=nan
[LOSS-SAT]  cls_sat=10.8509 sat_cons=0.7052 sat_cos=0.2948
[LOSS-DG]   proto=0.0000 proto_cos=nan supcon=0.0000 fishr=0.0029 sgc_res=0.0000
[LOSS-CAL]  ecc=0.0000 ecc_w=0.0000 ecc_tau=0.7319 ecc_maxp=nan
[TRAIN] tx=75.41% dom=71.04% cons_cos=0.7618
[GRAD]  total=1.804 backbone=1.000 aux=0.750 domain=0.496
[VAL]   tx=97.80% dom=89.33%
[TEST]  overall_tx=85.85% (175128/204000)
[TEST-SPLIT]
          unseen_day_seen_rx(days=['2021_03_15', '2021_03_23'], rxs=[0, 1, 2, 3, 4, 5, 6]): tx=90.88% (76336/84000)
          seen_day_unseen_rx(days=['2021_03_01', '2021_03_08'], rxs=[7, 8, 9, 10, 11]): tx=86.72% (52031/60000)
          unseen_day_unseen_rx(days=['2021_03_15', '2021_03_23'], rxs=[7, 8, 9, 10, 11]): tx=77.94% (46761/60000)
          day=2021_03_15 on seen_rxs=[0, 1, 2, 3, 4, 5, 6]: tx=92.26% (38750/42000)
          day=2021_03_23 on seen_rxs=[0, 1, 2, 3, 4, 5, 6]: tx=89.49% (37586/42000)
          rx=7 on seen_days=['2021_03_01', '2021_03_08']: tx=78.24% (9389/12000)
          rx=8 on seen_days=['2021_03_01', '2021_03_08']: tx=78.62% (9434/12000)
          rx=9 on seen_days=['2021_03_01', '2021_03_08']: tx=88.17% (10580/12000)
          rx=10 on seen_days=['2021_03_01', '2021_03_08']: tx=93.61% (11233/12000)
          rx=11 on seen_days=['2021_03_01', '2021_03_08']: tx=94.96% (11395/12000)
[BEST-JOINT]  val_tx=97.91% & test_tx=88.13% @ E021
[CKPT]  latest -> finalist_runs/B2_A2_light_seed1337/latest_model.pth (saved) | best -> finalist_runs/B2_A2_light_seed1337/best_model_val.pth
====================================================================================================================================
[SAT-TEST] scenario=clear_leo selected=test_unseen_day_unseen_rx overall_tx=36.73% strict_udu=36.73% (22037/60000)
[SAT-TEST] scenario=low_elev_leo selected=test_unseen_day_unseen_rx overall_tx=35.66% strict_udu=35.66% (21396/60000)
[SAT-TEST] scenario=rain_leo selected=test_unseen_day_unseen_rx overall_tx=35.11% strict_udu=35.11% (21068/60000)
[SAT-TEST] scenario=storm_mp selected=test_unseen_day_unseen_rx overall_tx=31.83% strict_udu=31.83% (19100/60000)
[SAT-TEST] scenario=mixed_orbit selected=test_unseen_day_unseen_rx overall_tx=33.12% strict_udu=33.12% (19871/60000)
[BEST-TEST] overall=88.13% @ E021 -> finalist_runs/B2_A2_light_seed1337/best_model_test_overall.pth | unseen_day_unseen_rx=82.44% @ E016 -> finalist_runs/B2_A2_light_seed1337/best_model_strict_udu.pth | unseen_day_seen_rx=93.56% @ E021 | seen_day_unseen_rx=86.97% @ E016
[BEST-PRIMARY] score=84.31 @ E016 -> finalist_runs/B2_A2_light_seed1337/best_model_primary_ood.pth | overall=87.80% strict_udu=82.44%
[BEST-WORST-RX] worst_rx=78.24% (test_rx_7) @ E022 -> finalist_runs/B2_A2_light_seed1337/best_model_worst_rx.pth
====================================================================================================================================
[Epoch 023/200] time=88.4s | lr=1.94e-04 | aux_scale=1.000
[STAGE] phase=S2_stabilize_aux | use_aux=1.0 cons=0.21 cls_aux=0.16 reg=0.36 joint_inv=0.15 kl=0.16 group_ce=0.71
[MIXSTYLE-EPOCH] phase=base enabled=1 p=0.150 strength=0.650 anneal_t=0.000
[AUG] scale=0.350 | p_dac=0.000 p_pa=0.049 p_shift=0.122 p_cfo=0.122 p_awgn=0.140 p_mp=0.063 | max_shift=11 cfo_max=0.00014 pn_max=0.0021
------------------------------------------------------------------------------------------------------------------------------------
[LOSS-CORE] total=6.6821 cls=3.6917 dom=1.0136 adv=2.5947 orth=0.0004 cons=0.2400 group_ce=5.0845
[LOSS-AUX]  cls_pa=6.5373 cls_dac=0.0000 pa_joint_inv=0.5611 pa_kl=6.0888 dac_reg=0.0000 pa_reg=0.0160 gap_dac=0.0000 gap_pa=0.2171 cos_joint_pa=0.4389 cos_imp_pa=nan
[LOSS-SAT]  cls_sat=10.7878 sat_cons=0.6772 sat_cos=0.3228
[LOSS-DG]   proto=0.0000 proto_cos=nan supcon=0.0000 fishr=0.0031 sgc_res=0.0000
[LOSS-CAL]  ecc=0.0000 ecc_w=0.0000 ecc_tau=0.7390 ecc_maxp=nan
[TRAIN] tx=68.71% dom=66.00% cons_cos=0.7600
[GRAD]  total=1.855 backbone=1.000 aux=0.750 domain=0.497
[VAL]   tx=98.03% dom=90.02%
[TEST]  overall_tx=86.90% (177286/204000)
[TEST-SPLIT]
          unseen_day_seen_rx(days=['2021_03_15', '2021_03_23'], rxs=[0, 1, 2, 3, 4, 5, 6]): tx=91.97% (77257/84000)
          seen_day_unseen_rx(days=['2021_03_01', '2021_03_08'], rxs=[7, 8, 9, 10, 11]): tx=86.66% (51994/60000)
          unseen_day_unseen_rx(days=['2021_03_15', '2021_03_23'], rxs=[7, 8, 9, 10, 11]): tx=80.06% (48035/60000)
          day=2021_03_15 on seen_rxs=[0, 1, 2, 3, 4, 5, 6]: tx=93.75% (39374/42000)
          day=2021_03_23 on seen_rxs=[0, 1, 2, 3, 4, 5, 6]: tx=90.20% (37883/42000)
          rx=7 on seen_days=['2021_03_01', '2021_03_08']: tx=76.25% (9150/12000)
          rx=8 on seen_days=['2021_03_01', '2021_03_08']: tx=78.05% (9366/12000)
          rx=9 on seen_days=['2021_03_01', '2021_03_08']: tx=88.92% (10670/12000)
          rx=10 on seen_days=['2021_03_01', '2021_03_08']: tx=93.92% (11271/12000)
          rx=11 on seen_days=['2021_03_01', '2021_03_08']: tx=96.14% (11537/12000)
[BEST-JOINT]  val_tx=98.03% & test_tx=86.90% @ E023
[CKPT]  latest -> finalist_runs/B2_A2_light_seed1337/latest_model.pth (saved) | best -> finalist_runs/B2_A2_light_seed1337/best_model_val.pth (updated: val improved)
====================================================================================================================================
[SAT-TEST] scenario=clear_leo selected=test_unseen_day_unseen_rx overall_tx=38.45% strict_udu=38.45% (23067/60000)
[SAT-TEST] scenario=low_elev_leo selected=test_unseen_day_unseen_rx overall_tx=37.23% strict_udu=37.23% (22341/60000)
[SAT-TEST] scenario=rain_leo selected=test_unseen_day_unseen_rx overall_tx=36.52% strict_udu=36.52% (21914/60000)
[SAT-TEST] scenario=storm_mp selected=test_unseen_day_unseen_rx overall_tx=32.85% strict_udu=32.85% (19708/60000)
[SAT-TEST] scenario=mixed_orbit selected=test_unseen_day_unseen_rx overall_tx=35.15% strict_udu=35.15% (21088/60000)
[BEST-TEST] overall=88.13% @ E021 -> finalist_runs/B2_A2_light_seed1337/best_model_test_overall.pth | unseen_day_unseen_rx=82.44% @ E016 -> finalist_runs/B2_A2_light_seed1337/best_model_strict_udu.pth | unseen_day_seen_rx=93.56% @ E021 | seen_day_unseen_rx=86.97% @ E016
[BEST-PRIMARY] score=84.31 @ E016 -> finalist_runs/B2_A2_light_seed1337/best_model_primary_ood.pth | overall=87.80% strict_udu=82.44%
[BEST-WORST-RX] worst_rx=78.24% (test_rx_7) @ E022 -> finalist_runs/B2_A2_light_seed1337/best_model_worst_rx.pth
====================================================================================================================================
[Epoch 024/200] time=87.0s | lr=1.93e-04 | aux_scale=1.000
[STAGE] phase=S2_stabilize_aux | use_aux=1.0 cons=0.21 cls_aux=0.16 reg=0.36 joint_inv=0.16 kl=0.16 group_ce=0.71
[MIXSTYLE-EPOCH] phase=base enabled=1 p=0.150 strength=0.650 anneal_t=0.000
[AUG] scale=0.350 | p_dac=0.000 p_pa=0.049 p_shift=0.122 p_cfo=0.122 p_awgn=0.140 p_mp=0.063 | max_shift=11 cfo_max=0.00014 pn_max=0.0021
------------------------------------------------------------------------------------------------------------------------------------
[LOSS-CORE] total=6.5176 cls=3.6193 dom=0.9338 adv=2.5919 orth=0.0005 cons=0.2483 group_ce=5.0796
[LOSS-AUX]  cls_pa=6.1864 cls_dac=0.0000 pa_joint_inv=0.5419 pa_kl=5.7384 dac_reg=0.0000 pa_reg=0.0158 gap_dac=0.0000 gap_pa=0.2172 cos_joint_pa=0.4581 cos_imp_pa=nan
[LOSS-SAT]  cls_sat=10.6766 sat_cons=0.6877 sat_cos=0.3123
[LOSS-DG]   proto=0.0000 proto_cos=nan supcon=0.0000 fishr=0.0032 sgc_res=0.0000
[LOSS-CAL]  ecc=0.0000 ecc_w=0.0000 ecc_tau=0.7462 ecc_maxp=nan
[TRAIN] tx=69.57% dom=67.09% cons_cos=0.7517
[GRAD]  total=1.726 backbone=1.000 aux=0.750 domain=0.498
[VAL]   tx=97.13% dom=88.63%
[TEST]  overall_tx=85.06% (173525/204000)
[TEST-SPLIT]
          unseen_day_seen_rx(days=['2021_03_15', '2021_03_23'], rxs=[0, 1, 2, 3, 4, 5, 6]): tx=90.56% (76072/84000)
          seen_day_unseen_rx(days=['2021_03_01', '2021_03_08'], rxs=[7, 8, 9, 10, 11]): tx=84.55% (50727/60000)
          unseen_day_unseen_rx(days=['2021_03_15', '2021_03_23'], rxs=[7, 8, 9, 10, 11]): tx=77.88% (46726/60000)
          day=2021_03_15 on seen_rxs=[0, 1, 2, 3, 4, 5, 6]: tx=93.81% (39400/42000)
          day=2021_03_23 on seen_rxs=[0, 1, 2, 3, 4, 5, 6]: tx=87.31% (36672/42000)
          rx=7 on seen_days=['2021_03_01', '2021_03_08']: tx=77.18% (9262/12000)
          rx=8 on seen_days=['2021_03_01', '2021_03_08']: tx=71.86% (8623/12000)
          rx=9 on seen_days=['2021_03_01', '2021_03_08']: tx=86.30% (10356/12000)
          rx=10 on seen_days=['2021_03_01', '2021_03_08']: tx=96.12% (11535/12000)
          rx=11 on seen_days=['2021_03_01', '2021_03_08']: tx=91.26% (10951/12000)
[BEST-JOINT]  val_tx=98.03% & test_tx=86.90% @ E023
[CKPT]  latest -> finalist_runs/B2_A2_light_seed1337/latest_model.pth (saved) | best -> finalist_runs/B2_A2_light_seed1337/best_model_val.pth
====================================================================================================================================
[SAT-TEST] scenario=clear_leo selected=test_unseen_day_unseen_rx overall_tx=41.06% strict_udu=41.06% (24639/60000)
[SAT-TEST] scenario=low_elev_leo selected=test_unseen_day_unseen_rx overall_tx=40.43% strict_udu=40.43% (24260/60000)
[SAT-TEST] scenario=rain_leo selected=test_unseen_day_unseen_rx overall_tx=39.84% strict_udu=39.84% (23905/60000)
[SAT-TEST] scenario=storm_mp selected=test_unseen_day_unseen_rx overall_tx=34.70% strict_udu=34.70% (20821/60000)
[SAT-TEST] scenario=mixed_orbit selected=test_unseen_day_unseen_rx overall_tx=36.62% strict_udu=36.62% (21973/60000)
[BEST-TEST] overall=88.13% @ E021 -> finalist_runs/B2_A2_light_seed1337/best_model_test_overall.pth | unseen_day_unseen_rx=82.44% @ E016 -> finalist_runs/B2_A2_light_seed1337/best_model_strict_udu.pth | unseen_day_seen_rx=93.56% @ E021 | seen_day_unseen_rx=86.97% @ E016
[BEST-PRIMARY] score=84.31 @ E016 -> finalist_runs/B2_A2_light_seed1337/best_model_primary_ood.pth | overall=87.80% strict_udu=82.44%
[BEST-WORST-RX] worst_rx=78.24% (test_rx_7) @ E022 -> finalist_runs/B2_A2_light_seed1337/best_model_worst_rx.pth
====================================================================================================================================
[Epoch 025/200] time=85.7s | lr=1.92e-04 | aux_scale=1.000
[STAGE] phase=S2_stabilize_aux | use_aux=1.0 cons=0.22 cls_aux=0.17 reg=0.36 joint_inv=0.16 kl=0.16 group_ce=0.71
[MIXSTYLE-EPOCH] phase=base enabled=1 p=0.150 strength=0.650 anneal_t=0.000
[AUG] scale=0.350 | p_dac=0.000 p_pa=0.049 p_shift=0.122 p_cfo=0.122 p_awgn=0.140 p_mp=0.063 | max_shift=11 cfo_max=0.00014 pn_max=0.0021
------------------------------------------------------------------------------------------------------------------------------------
[LOSS-CORE] total=5.4583 cls=2.8326 dom=0.7289 adv=2.5897 orth=0.0005 cons=0.2409 group_ce=4.2274
[LOSS-AUX]  cls_pa=5.8536 cls_dac=0.0000 pa_joint_inv=0.5191 pa_kl=5.4568 dac_reg=0.0000 pa_reg=0.0162 gap_dac=0.0000 gap_pa=0.2141 cos_joint_pa=0.4809 cos_imp_pa=nan
[LOSS-SAT]  cls_sat=10.6263 sat_cons=0.7316 sat_cos=0.2684
[LOSS-DG]   proto=0.0000 proto_cos=nan supcon=0.0000 fishr=0.0025 sgc_res=0.0000
[LOSS-CAL]  ecc=0.0000 ecc_w=0.0000 ecc_tau=0.7536 ecc_maxp=nan
[TRAIN] tx=76.65% dom=73.11% cons_cos=0.7591
[GRAD]  total=1.560 backbone=1.000 aux=0.750 domain=0.492
[VAL]   tx=98.32% dom=89.51%
[TEST]  overall_tx=88.70% (180956/204000)
[TEST-SPLIT]
          unseen_day_seen_rx(days=['2021_03_15', '2021_03_23'], rxs=[0, 1, 2, 3, 4, 5, 6]): tx=93.49% (78532/84000)
          seen_day_unseen_rx(days=['2021_03_01', '2021_03_08'], rxs=[7, 8, 9, 10, 11]): tx=87.65% (52588/60000)
          unseen_day_unseen_rx(days=['2021_03_15', '2021_03_23'], rxs=[7, 8, 9, 10, 11]): tx=83.06% (49836/60000)
          day=2021_03_15 on seen_rxs=[0, 1, 2, 3, 4, 5, 6]: tx=95.41% (40071/42000)
          day=2021_03_23 on seen_rxs=[0, 1, 2, 3, 4, 5, 6]: tx=91.57% (38461/42000)
          rx=7 on seen_days=['2021_03_01', '2021_03_08']: tx=74.84% (8981/12000)
          rx=8 on seen_days=['2021_03_01', '2021_03_08']: tx=78.52% (9422/12000)
          rx=9 on seen_days=['2021_03_01', '2021_03_08']: tx=92.15% (11058/12000)
          rx=10 on seen_days=['2021_03_01', '2021_03_08']: tx=95.58% (11469/12000)
          rx=11 on seen_days=['2021_03_01', '2021_03_08']: tx=97.15% (11658/12000)
[BEST-JOINT]  val_tx=98.32% & test_tx=88.70% @ E025
[CKPT]  latest -> finalist_runs/B2_A2_light_seed1337/latest_model.pth (saved) | best -> finalist_runs/B2_A2_light_seed1337/best_model_val.pth (updated: val improved)
====================================================================================================================================
[SAT-TEST] scenario=clear_leo selected=test_unseen_day_unseen_rx overall_tx=41.34% strict_udu=41.34% (24803/60000)
[SAT-TEST] scenario=low_elev_leo selected=test_unseen_day_unseen_rx overall_tx=41.21% strict_udu=41.21% (24725/60000)
[SAT-TEST] scenario=rain_leo selected=test_unseen_day_unseen_rx overall_tx=40.54% strict_udu=40.54% (24323/60000)
[SAT-TEST] scenario=storm_mp selected=test_unseen_day_unseen_rx overall_tx=35.05% strict_udu=35.05% (21031/60000)
[SAT-TEST] scenario=mixed_orbit selected=test_unseen_day_unseen_rx overall_tx=36.57% strict_udu=36.57% (21942/60000)
[BEST-TEST] overall=88.70% @ E025 -> finalist_runs/B2_A2_light_seed1337/best_model_test_overall.pth | unseen_day_unseen_rx=83.06% @ E025 -> finalist_runs/B2_A2_light_seed1337/best_model_strict_udu.pth | unseen_day_seen_rx=93.56% @ E021 | seen_day_unseen_rx=87.65% @ E025
[BEST-PRIMARY] score=85.04 @ E025 -> finalist_runs/B2_A2_light_seed1337/best_model_primary_ood.pth | overall=88.70% strict_udu=83.06%
[BEST-WORST-RX] worst_rx=78.24% (test_rx_7) @ E022 -> finalist_runs/B2_A2_light_seed1337/best_model_worst_rx.pth
====================================================================================================================================
[Epoch 026/200] time=87.1s | lr=1.92e-04 | aux_scale=1.000
[STAGE] phase=S2_stabilize_aux | use_aux=1.0 cons=0.22 cls_aux=0.17 reg=0.37 joint_inv=0.16 kl=0.16 group_ce=0.71
[MIXSTYLE-EPOCH] phase=base enabled=1 p=0.150 strength=0.650 anneal_t=0.000
[AUG] scale=0.350 | p_dac=0.000 p_pa=0.049 p_shift=0.122 p_cfo=0.122 p_awgn=0.140 p_mp=0.063 | max_shift=11 cfo_max=0.00014 pn_max=0.0021
------------------------------------------------------------------------------------------------------------------------------------
[LOSS-CORE] total=5.4296 cls=2.8177 dom=0.7329 adv=2.5916 orth=0.0005 cons=0.2354 group_ce=4.1248
[LOSS-AUX]  cls_pa=5.5407 cls_dac=0.0000 pa_joint_inv=0.5022 pa_kl=5.1863 dac_reg=0.0000 pa_reg=0.0162 gap_dac=0.0000 gap_pa=0.2152 cos_joint_pa=0.4978 cos_imp_pa=nan
[LOSS-SAT]  cls_sat=10.4905 sat_cons=0.7215 sat_cos=0.2785
[LOSS-DG]   proto=0.0000 proto_cos=nan supcon=0.0000 fishr=0.0025 sgc_res=0.0000
[LOSS-CAL]  ecc=0.0000 ecc_w=0.0000 ecc_tau=0.7612 ecc_maxp=nan
[TRAIN] tx=76.11% dom=72.90% cons_cos=0.7646
[GRAD]  total=1.587 backbone=1.000 aux=0.750 domain=0.494
[VAL]   tx=97.73% dom=90.83%
[TEST]  overall_tx=85.20% (173813/204000)
[TEST-SPLIT]
          unseen_day_seen_rx(days=['2021_03_15', '2021_03_23'], rxs=[0, 1, 2, 3, 4, 5, 6]): tx=91.08% (76505/84000)
          seen_day_unseen_rx(days=['2021_03_01', '2021_03_08'], rxs=[7, 8, 9, 10, 11]): tx=85.25% (51149/60000)
          unseen_day_unseen_rx(days=['2021_03_15', '2021_03_23'], rxs=[7, 8, 9, 10, 11]): tx=76.93% (46159/60000)
          day=2021_03_15 on seen_rxs=[0, 1, 2, 3, 4, 5, 6]: tx=93.62% (39321/42000)
          day=2021_03_23 on seen_rxs=[0, 1, 2, 3, 4, 5, 6]: tx=88.53% (37184/42000)
          rx=7 on seen_days=['2021_03_01', '2021_03_08']: tx=76.53% (9184/12000)
          rx=8 on seen_days=['2021_03_01', '2021_03_08']: tx=80.09% (9611/12000)
          rx=9 on seen_days=['2021_03_01', '2021_03_08']: tx=87.14% (10457/12000)
          rx=10 on seen_days=['2021_03_01', '2021_03_08']: tx=91.22% (10946/12000)
          rx=11 on seen_days=['2021_03_01', '2021_03_08']: tx=91.26% (10951/12000)
[BEST-JOINT]  val_tx=98.32% & test_tx=88.70% @ E025
[CKPT]  latest -> finalist_runs/B2_A2_light_seed1337/latest_model.pth (saved) | best -> finalist_runs/B2_A2_light_seed1337/best_model_val.pth
====================================================================================================================================
[SAT-TEST] scenario=clear_leo selected=test_unseen_day_unseen_rx overall_tx=39.26% strict_udu=39.26% (23553/60000)
[SAT-TEST] scenario=low_elev_leo selected=test_unseen_day_unseen_rx overall_tx=37.55% strict_udu=37.55% (22527/60000)
[SAT-TEST] scenario=rain_leo selected=test_unseen_day_unseen_rx overall_tx=37.22% strict_udu=37.22% (22331/60000)
[SAT-TEST] scenario=storm_mp selected=test_unseen_day_unseen_rx overall_tx=32.89% strict_udu=32.89% (19735/60000)
[SAT-TEST] scenario=mixed_orbit selected=test_unseen_day_unseen_rx overall_tx=35.40% strict_udu=35.40% (21240/60000)
[BEST-TEST] overall=88.70% @ E025 -> finalist_runs/B2_A2_light_seed1337/best_model_test_overall.pth | unseen_day_unseen_rx=83.06% @ E025 -> finalist_runs/B2_A2_light_seed1337/best_model_strict_udu.pth | unseen_day_seen_rx=93.56% @ E021 | seen_day_unseen_rx=87.65% @ E025
[BEST-PRIMARY] score=85.04 @ E025 -> finalist_runs/B2_A2_light_seed1337/best_model_primary_ood.pth | overall=88.70% strict_udu=83.06%
[BEST-WORST-RX] worst_rx=78.24% (test_rx_7) @ E022 -> finalist_runs/B2_A2_light_seed1337/best_model_worst_rx.pth
[WARN][E027] unsafe backward/step skipped #4
====================================================================================================================================
[Epoch 027/200] time=87.2s | lr=1.91e-04 | aux_scale=1.000
[STAGE] phase=S2_stabilize_aux | use_aux=1.0 cons=0.23 cls_aux=0.18 reg=0.37 joint_inv=0.16 kl=0.17 group_ce=0.71
[MIXSTYLE-EPOCH] phase=base enabled=1 p=0.150 strength=0.650 anneal_t=0.000
[AUG] scale=0.350 | p_dac=0.000 p_pa=0.049 p_shift=0.122 p_cfo=0.122 p_awgn=0.140 p_mp=0.063 | max_shift=11 cfo_max=0.00014 pn_max=0.0021
------------------------------------------------------------------------------------------------------------------------------------
[LOSS-CORE] total=5.6809 cls=2.9974 dom=0.7635 adv=2.5929 orth=0.0005 cons=0.2285 group_ce=4.3494
[LOSS-AUX]  cls_pa=5.7091 cls_dac=0.0000 pa_joint_inv=0.5171 pa_kl=5.2745 dac_reg=0.0000 pa_reg=0.0162 gap_dac=0.0000 gap_pa=0.2199 cos_joint_pa=0.4829 cos_imp_pa=nan
[LOSS-SAT]  cls_sat=10.7035 sat_cons=0.7129 sat_cos=0.2871
[LOSS-DG]   proto=0.0000 proto_cos=nan supcon=0.0000 fishr=0.0026 sgc_res=0.0000
[LOSS-CAL]  ecc=0.0000 ecc_w=0.0000 ecc_tau=0.7688 ecc_maxp=nan
[TRAIN] tx=75.02% dom=71.26% cons_cos=0.7696
[GRAD]  total=1.653 backbone=1.000 aux=0.750 domain=0.492
[VAL]   tx=97.85% dom=88.01%
[TEST]  overall_tx=86.17% (175794/204000)
[TEST-SPLIT]
          unseen_day_seen_rx(days=['2021_03_15', '2021_03_23'], rxs=[0, 1, 2, 3, 4, 5, 6]): tx=91.71% (77038/84000)
          seen_day_unseen_rx(days=['2021_03_01', '2021_03_08'], rxs=[7, 8, 9, 10, 11]): tx=85.91% (51545/60000)
          unseen_day_unseen_rx(days=['2021_03_15', '2021_03_23'], rxs=[7, 8, 9, 10, 11]): tx=78.69% (47211/60000)
          day=2021_03_15 on seen_rxs=[0, 1, 2, 3, 4, 5, 6]: tx=94.74% (39790/42000)
          day=2021_03_23 on seen_rxs=[0, 1, 2, 3, 4, 5, 6]: tx=88.69% (37248/42000)
          rx=7 on seen_days=['2021_03_01', '2021_03_08']: tx=78.05% (9366/12000)
          rx=8 on seen_days=['2021_03_01', '2021_03_08']: tx=77.06% (9247/12000)
          rx=9 on seen_days=['2021_03_01', '2021_03_08']: tx=88.39% (10607/12000)
          rx=10 on seen_days=['2021_03_01', '2021_03_08']: tx=96.10% (11532/12000)
          rx=11 on seen_days=['2021_03_01', '2021_03_08']: tx=89.94% (10793/12000)
[BEST-JOINT]  val_tx=98.32% & test_tx=88.70% @ E025
[CKPT]  latest -> finalist_runs/B2_A2_light_seed1337/latest_model.pth (saved) | best -> finalist_runs/B2_A2_light_seed1337/best_model_val.pth
====================================================================================================================================
[SAT-TEST] scenario=clear_leo selected=test_unseen_day_unseen_rx overall_tx=39.50% strict_udu=39.50% (23700/60000)
[SAT-TEST] scenario=low_elev_leo selected=test_unseen_day_unseen_rx overall_tx=38.80% strict_udu=38.80% (23277/60000)
[SAT-TEST] scenario=rain_leo selected=test_unseen_day_unseen_rx overall_tx=38.02% strict_udu=38.02% (22813/60000)
[SAT-TEST] scenario=storm_mp selected=test_unseen_day_unseen_rx overall_tx=34.12% strict_udu=34.12% (20470/60000)
[SAT-TEST] scenario=mixed_orbit selected=test_unseen_day_unseen_rx overall_tx=35.87% strict_udu=35.87% (21520/60000)
[BEST-TEST] overall=88.70% @ E025 -> finalist_runs/B2_A2_light_seed1337/best_model_test_overall.pth | unseen_day_unseen_rx=83.06% @ E025 -> finalist_runs/B2_A2_light_seed1337/best_model_strict_udu.pth | unseen_day_seen_rx=93.56% @ E021 | seen_day_unseen_rx=87.65% @ E025
[BEST-PRIMARY] score=85.04 @ E025 -> finalist_runs/B2_A2_light_seed1337/best_model_primary_ood.pth | overall=88.70% strict_udu=83.06%
[BEST-WORST-RX] worst_rx=78.24% (test_rx_7) @ E022 -> finalist_runs/B2_A2_light_seed1337/best_model_worst_rx.pth
====================================================================================================================================
[Epoch 028/200] time=87.8s | lr=1.91e-04 | aux_scale=1.000
[STAGE] phase=S2_stabilize_aux | use_aux=1.0 cons=0.23 cls_aux=0.18 reg=0.37 joint_inv=0.16 kl=0.17 group_ce=0.72
[MIXSTYLE-EPOCH] phase=base enabled=1 p=0.150 strength=0.650 anneal_t=0.000
[AUG] scale=0.350 | p_dac=0.000 p_pa=0.049 p_shift=0.122 p_cfo=0.122 p_awgn=0.140 p_mp=0.063 | max_shift=11 cfo_max=0.00014 pn_max=0.0021
------------------------------------------------------------------------------------------------------------------------------------
[LOSS-CORE] total=6.3892 cls=3.5299 dom=0.8948 adv=2.5965 orth=0.0005 cons=0.2410 group_ce=5.0348
[LOSS-AUX]  cls_pa=5.5691 cls_dac=0.0000 pa_joint_inv=0.4975 pa_kl=5.1806 dac_reg=0.0000 pa_reg=0.0163 gap_dac=0.0000 gap_pa=0.2165 cos_joint_pa=0.5025 cos_imp_pa=nan
[LOSS-SAT]  cls_sat=10.5255 sat_cons=0.6915 sat_cos=0.3085
[LOSS-DG]   proto=0.0000 proto_cos=nan supcon=0.0000 fishr=0.0029 sgc_res=0.0000
[LOSS-CAL]  ecc=0.0000 ecc_w=0.0000 ecc_tau=0.7765 ecc_maxp=nan
[TRAIN] tx=70.25% dom=68.67% cons_cos=0.7590
[GRAD]  total=1.752 backbone=1.000 aux=0.750 domain=0.497
[VAL]   tx=97.91% dom=90.05%
[TEST]  overall_tx=88.02% (179561/204000)
[TEST-SPLIT]
          unseen_day_seen_rx(days=['2021_03_15', '2021_03_23'], rxs=[0, 1, 2, 3, 4, 5, 6]): tx=92.53% (77723/84000)
          seen_day_unseen_rx(days=['2021_03_01', '2021_03_08'], rxs=[7, 8, 9, 10, 11]): tx=86.82% (52094/60000)
          unseen_day_unseen_rx(days=['2021_03_15', '2021_03_23'], rxs=[7, 8, 9, 10, 11]): tx=82.91% (49744/60000)
          day=2021_03_15 on seen_rxs=[0, 1, 2, 3, 4, 5, 6]: tx=95.36% (40052/42000)
          day=2021_03_23 on seen_rxs=[0, 1, 2, 3, 4, 5, 6]: tx=89.69% (37671/42000)
          rx=7 on seen_days=['2021_03_01', '2021_03_08']: tx=78.49% (9419/12000)
          rx=8 on seen_days=['2021_03_01', '2021_03_08']: tx=79.17% (9501/12000)
          rx=9 on seen_days=['2021_03_01', '2021_03_08']: tx=90.47% (10856/12000)
          rx=10 on seen_days=['2021_03_01', '2021_03_08']: tx=91.59% (10991/12000)
          rx=11 on seen_days=['2021_03_01', '2021_03_08']: tx=94.39% (11327/12000)
[BEST-JOINT]  val_tx=98.32% & test_tx=88.70% @ E025
[CKPT]  latest -> finalist_runs/B2_A2_light_seed1337/latest_model.pth (saved) | best -> finalist_runs/B2_A2_light_seed1337/best_model_val.pth
====================================================================================================================================
[SAT-TEST] scenario=clear_leo selected=test_unseen_day_unseen_rx overall_tx=42.64% strict_udu=42.64% (25583/60000)
[SAT-TEST] scenario=low_elev_leo selected=test_unseen_day_unseen_rx overall_tx=41.41% strict_udu=41.41% (24844/60000)
[SAT-TEST] scenario=rain_leo selected=test_unseen_day_unseen_rx overall_tx=40.96% strict_udu=40.96% (24575/60000)
[SAT-TEST] scenario=storm_mp selected=test_unseen_day_unseen_rx overall_tx=34.13% strict_udu=34.13% (20477/60000)
[SAT-TEST] scenario=mixed_orbit selected=test_unseen_day_unseen_rx overall_tx=37.19% strict_udu=37.19% (22311/60000)
[BEST-TEST] overall=88.70% @ E025 -> finalist_runs/B2_A2_light_seed1337/best_model_test_overall.pth | unseen_day_unseen_rx=83.06% @ E025 -> finalist_runs/B2_A2_light_seed1337/best_model_strict_udu.pth | unseen_day_seen_rx=93.56% @ E021 | seen_day_unseen_rx=87.65% @ E025
[BEST-PRIMARY] score=85.04 @ E025 -> finalist_runs/B2_A2_light_seed1337/best_model_primary_ood.pth | overall=88.70% strict_udu=83.06%
[BEST-WORST-RX] worst_rx=78.49% (test_rx_7) @ E028 -> finalist_runs/B2_A2_light_seed1337/best_model_worst_rx.pth
====================================================================================================================================
[Epoch 029/200] time=86.7s | lr=1.90e-04 | aux_scale=1.000
[STAGE] phase=S2_stabilize_aux | use_aux=1.0 cons=0.23 cls_aux=0.18 reg=0.38 joint_inv=0.16 kl=0.17 group_ce=0.72
[MIXSTYLE-EPOCH] phase=base enabled=1 p=0.150 strength=0.650 anneal_t=0.000
[AUG] scale=0.350 | p_dac=0.000 p_pa=0.049 p_shift=0.122 p_cfo=0.122 p_awgn=0.140 p_mp=0.063 | max_shift=11 cfo_max=0.00014 pn_max=0.0021
------------------------------------------------------------------------------------------------------------------------------------
[LOSS-CORE] total=5.9417 cls=3.2322 dom=0.7753 adv=2.5959 orth=0.0005 cons=0.2348 group_ce=4.6116
[LOSS-AUX]  cls_pa=5.4194 cls_dac=0.0000 pa_joint_inv=0.5002 pa_kl=4.9784 dac_reg=0.0000 pa_reg=0.0157 gap_dac=0.0000 gap_pa=0.2217 cos_joint_pa=0.4998 cos_imp_pa=nan
[LOSS-SAT]  cls_sat=10.4709 sat_cons=0.6955 sat_cos=0.3045
[LOSS-DG]   proto=0.0000 proto_cos=nan supcon=0.0000 fishr=0.0028 sgc_res=0.0000
[LOSS-CAL]  ecc=0.0000 ecc_w=0.0000 ecc_tau=0.7843 ecc_maxp=nan
[TRAIN] tx=72.87% dom=72.03% cons_cos=0.7652
[GRAD]  total=1.647 backbone=1.000 aux=0.750 domain=0.493
[VAL]   tx=98.07% dom=90.64%
[TEST]  overall_tx=88.45% (180445/204000)
[TEST-SPLIT]
          unseen_day_seen_rx(days=['2021_03_15', '2021_03_23'], rxs=[0, 1, 2, 3, 4, 5, 6]): tx=92.68% (77849/84000)
          seen_day_unseen_rx(days=['2021_03_01', '2021_03_08'], rxs=[7, 8, 9, 10, 11]): tx=88.41% (53043/60000)
          unseen_day_unseen_rx(days=['2021_03_15', '2021_03_23'], rxs=[7, 8, 9, 10, 11]): tx=82.59% (49553/60000)
          day=2021_03_15 on seen_rxs=[0, 1, 2, 3, 4, 5, 6]: tx=95.38% (40058/42000)
          day=2021_03_23 on seen_rxs=[0, 1, 2, 3, 4, 5, 6]: tx=89.98% (37791/42000)
          rx=7 on seen_days=['2021_03_01', '2021_03_08']: tx=80.55% (9666/12000)
          rx=8 on seen_days=['2021_03_01', '2021_03_08']: tx=79.61% (9553/12000)
          rx=9 on seen_days=['2021_03_01', '2021_03_08']: tx=91.92% (11031/12000)
          rx=10 on seen_days=['2021_03_01', '2021_03_08']: tx=95.03% (11403/12000)
          rx=11 on seen_days=['2021_03_01', '2021_03_08']: tx=94.92% (11390/12000)
[BEST-JOINT]  val_tx=98.32% & test_tx=88.70% @ E025
[CKPT]  latest -> finalist_runs/B2_A2_light_seed1337/latest_model.pth (saved) | best -> finalist_runs/B2_A2_light_seed1337/best_model_val.pth
====================================================================================================================================
[SAT-TEST] scenario=clear_leo selected=test_unseen_day_unseen_rx overall_tx=42.07% strict_udu=42.07% (25244/60000)
[SAT-TEST] scenario=low_elev_leo selected=test_unseen_day_unseen_rx overall_tx=39.82% strict_udu=39.82% (23894/60000)
[SAT-TEST] scenario=rain_leo selected=test_unseen_day_unseen_rx overall_tx=39.71% strict_udu=39.71% (23828/60000)
[SAT-TEST] scenario=storm_mp selected=test_unseen_day_unseen_rx overall_tx=33.99% strict_udu=33.99% (20396/60000)
[SAT-TEST] scenario=mixed_orbit selected=test_unseen_day_unseen_rx overall_tx=36.91% strict_udu=36.91% (22143/60000)
[BEST-TEST] overall=88.70% @ E025 -> finalist_runs/B2_A2_light_seed1337/best_model_test_overall.pth | unseen_day_unseen_rx=83.06% @ E025 -> finalist_runs/B2_A2_light_seed1337/best_model_strict_udu.pth | unseen_day_seen_rx=93.56% @ E021 | seen_day_unseen_rx=88.41% @ E029
[BEST-PRIMARY] score=85.04 @ E025 -> finalist_runs/B2_A2_light_seed1337/best_model_primary_ood.pth | overall=88.70% strict_udu=83.06%
[BEST-WORST-RX] worst_rx=79.61% (test_rx_8) @ E029 -> finalist_runs/B2_A2_light_seed1337/best_model_worst_rx.pth
====================================================================================================================================
[Epoch 030/200] time=87.4s | lr=1.89e-04 | aux_scale=1.000
[STAGE] phase=S2_stabilize_aux | use_aux=1.0 cons=0.24 cls_aux=0.19 reg=0.38 joint_inv=0.16 kl=0.17 group_ce=0.72
[MIXSTYLE-EPOCH] phase=base enabled=1 p=0.150 strength=0.650 anneal_t=0.000
[AUG] scale=0.350 | p_dac=0.000 p_pa=0.049 p_shift=0.122 p_cfo=0.122 p_awgn=0.140 p_mp=0.063 | max_shift=11 cfo_max=0.00014 pn_max=0.0021
------------------------------------------------------------------------------------------------------------------------------------
[LOSS-CORE] total=5.6124 cls=2.9217 dom=0.7754 adv=2.5909 orth=0.0005 cons=0.2277 group_ce=4.2724
[LOSS-AUX]  cls_pa=5.3559 cls_dac=0.0000 pa_joint_inv=0.4973 pa_kl=4.9853 dac_reg=0.0000 pa_reg=0.0158 gap_dac=0.0000 gap_pa=0.2237 cos_joint_pa=0.5027 cos_imp_pa=nan
[LOSS-SAT]  cls_sat=10.4679 sat_cons=0.7010 sat_cos=0.2990
[LOSS-DG]   proto=0.0000 proto_cos=nan supcon=0.0000 fishr=0.0027 sgc_res=0.0000
[LOSS-CAL]  ecc=0.0000 ecc_w=0.0000 ecc_tau=0.7921 ecc_maxp=nan
[TRAIN] tx=74.72% dom=71.92% cons_cos=0.7723
[GRAD]  total=1.691 backbone=1.000 aux=0.750 domain=0.488
[VAL]   tx=97.01% dom=90.22%
[TEST]  overall_tx=83.55% (170444/204000)
[TEST-SPLIT]
          unseen_day_seen_rx(days=['2021_03_15', '2021_03_23'], rxs=[0, 1, 2, 3, 4, 5, 6]): tx=90.00% (75603/84000)
          seen_day_unseen_rx(days=['2021_03_01', '2021_03_08'], rxs=[7, 8, 9, 10, 11]): tx=81.52% (48910/60000)
          unseen_day_unseen_rx(days=['2021_03_15', '2021_03_23'], rxs=[7, 8, 9, 10, 11]): tx=76.55% (45931/60000)
          day=2021_03_15 on seen_rxs=[0, 1, 2, 3, 4, 5, 6]: tx=92.45% (38828/42000)
          day=2021_03_23 on seen_rxs=[0, 1, 2, 3, 4, 5, 6]: tx=87.56% (36775/42000)
          rx=7 on seen_days=['2021_03_01', '2021_03_08']: tx=72.23% (8668/12000)
          rx=8 on seen_days=['2021_03_01', '2021_03_08']: tx=73.96% (8875/12000)
          rx=9 on seen_days=['2021_03_01', '2021_03_08']: tx=86.05% (10326/12000)
          rx=10 on seen_days=['2021_03_01', '2021_03_08']: tx=84.29% (10115/12000)
          rx=11 on seen_days=['2021_03_01', '2021_03_08']: tx=91.05% (10926/12000)
[BEST-JOINT]  val_tx=98.32% & test_tx=88.70% @ E025
[CKPT]  latest -> finalist_runs/B2_A2_light_seed1337/latest_model.pth (saved) | best -> finalist_runs/B2_A2_light_seed1337/best_model_val.pth
====================================================================================================================================
[SAT-TEST] scenario=clear_leo selected=test_unseen_day_unseen_rx overall_tx=39.23% strict_udu=39.23% (23538/60000)
[SAT-TEST] scenario=low_elev_leo selected=test_unseen_day_unseen_rx overall_tx=38.01% strict_udu=38.01% (22806/60000)
[SAT-TEST] scenario=rain_leo selected=test_unseen_day_unseen_rx overall_tx=37.28% strict_udu=37.28% (22370/60000)
[SAT-TEST] scenario=storm_mp selected=test_unseen_day_unseen_rx overall_tx=33.11% strict_udu=33.11% (19866/60000)
[SAT-TEST] scenario=mixed_orbit selected=test_unseen_day_unseen_rx overall_tx=35.45% strict_udu=35.45% (21270/60000)
[BEST-TEST] overall=88.70% @ E025 -> finalist_runs/B2_A2_light_seed1337/best_model_test_overall.pth | unseen_day_unseen_rx=83.06% @ E025 -> finalist_runs/B2_A2_light_seed1337/best_model_strict_udu.pth | unseen_day_seen_rx=93.56% @ E021 | seen_day_unseen_rx=88.41% @ E029
[BEST-PRIMARY] score=85.04 @ E025 -> finalist_runs/B2_A2_light_seed1337/best_model_primary_ood.pth | overall=88.70% strict_udu=83.06%
[BEST-WORST-RX] worst_rx=79.61% (test_rx_8) @ E029 -> finalist_runs/B2_A2_light_seed1337/best_model_worst_rx.pth
====================================================================================================================================
[Epoch 031/200] time=86.0s | lr=1.88e-04 | aux_scale=1.000
[STAGE] phase=S2_stabilize_aux | use_aux=1.0 cons=0.24 cls_aux=0.19 reg=0.39 joint_inv=0.17 kl=0.18 group_ce=0.72
[MIXSTYLE-EPOCH] phase=base enabled=1 p=0.150 strength=0.650 anneal_t=0.000
[AUG] scale=0.350 | p_dac=0.000 p_pa=0.049 p_shift=0.122 p_cfo=0.122 p_awgn=0.140 p_mp=0.063 | max_shift=11 cfo_max=0.00014 pn_max=0.0021
------------------------------------------------------------------------------------------------------------------------------------
[LOSS-CORE] total=4.5153 cls=2.0954 dom=0.5749 adv=2.5915 orth=0.0007 cons=0.2122 group_ce=3.3477
[LOSS-AUX]  cls_pa=5.1281 cls_dac=0.0000 pa_joint_inv=0.4765 pa_kl=4.8075 dac_reg=0.0000 pa_reg=0.0157 gap_dac=0.0000 gap_pa=0.2278 cos_joint_pa=0.5235 cos_imp_pa=nan
[LOSS-SAT]  cls_sat=10.3811 sat_cons=0.7391 sat_cos=0.2609
[LOSS-DG]   proto=0.0000 proto_cos=nan supcon=0.0000 fishr=0.0019 sgc_res=0.0000
[LOSS-CAL]  ecc=0.0000 ecc_w=0.0000 ecc_tau=0.8000 ecc_maxp=nan
[TRAIN] tx=82.72% dom=78.38% cons_cos=0.7878
[GRAD]  total=1.538 backbone=1.000 aux=0.750 domain=0.482
[VAL]   tx=97.48% dom=91.11%
[TEST]  overall_tx=86.20% (175854/204000)
[TEST-SPLIT]
          unseen_day_seen_rx(days=['2021_03_15', '2021_03_23'], rxs=[0, 1, 2, 3, 4, 5, 6]): tx=92.03% (77306/84000)
          seen_day_unseen_rx(days=['2021_03_01', '2021_03_08'], rxs=[7, 8, 9, 10, 11]): tx=85.09% (51056/60000)
          unseen_day_unseen_rx(days=['2021_03_15', '2021_03_23'], rxs=[7, 8, 9, 10, 11]): tx=79.15% (47492/60000)
          day=2021_03_15 on seen_rxs=[0, 1, 2, 3, 4, 5, 6]: tx=94.56% (39716/42000)
          day=2021_03_23 on seen_rxs=[0, 1, 2, 3, 4, 5, 6]: tx=89.50% (37590/42000)
          rx=7 on seen_days=['2021_03_01', '2021_03_08']: tx=78.01% (9361/12000)
          rx=8 on seen_days=['2021_03_01', '2021_03_08']: tx=79.01% (9481/12000)
          rx=9 on seen_days=['2021_03_01', '2021_03_08']: tx=85.95% (10314/12000)
          rx=10 on seen_days=['2021_03_01', '2021_03_08']: tx=93.49% (11219/12000)
          rx=11 on seen_days=['2021_03_01', '2021_03_08']: tx=89.01% (10681/12000)
[BEST-JOINT]  val_tx=98.32% & test_tx=88.70% @ E025
[CKPT]  latest -> finalist_runs/B2_A2_light_seed1337/latest_model.pth (saved) | best -> finalist_runs/B2_A2_light_seed1337/best_model_val.pth
====================================================================================================================================
[SAT-TEST] scenario=clear_leo selected=test_unseen_day_unseen_rx overall_tx=40.47% strict_udu=40.47% (24283/60000)
[SAT-TEST] scenario=low_elev_leo selected=test_unseen_day_unseen_rx overall_tx=39.59% strict_udu=39.59% (23752/60000)
[SAT-TEST] scenario=rain_leo selected=test_unseen_day_unseen_rx overall_tx=38.74% strict_udu=38.74% (23247/60000)
[SAT-TEST] scenario=storm_mp selected=test_unseen_day_unseen_rx overall_tx=34.03% strict_udu=34.03% (20416/60000)
[SAT-TEST] scenario=mixed_orbit selected=test_unseen_day_unseen_rx overall_tx=36.35% strict_udu=36.35% (21812/60000)
[BEST-TEST] overall=88.70% @ E025 -> finalist_runs/B2_A2_light_seed1337/best_model_test_overall.pth | unseen_day_unseen_rx=83.06% @ E025 -> finalist_runs/B2_A2_light_seed1337/best_model_strict_udu.pth | unseen_day_seen_rx=93.56% @ E021 | seen_day_unseen_rx=88.41% @ E029
[BEST-PRIMARY] score=85.04 @ E025 -> finalist_runs/B2_A2_light_seed1337/best_model_primary_ood.pth | overall=88.70% strict_udu=83.06%
[BEST-WORST-RX] worst_rx=79.61% (test_rx_8) @ E029 -> finalist_runs/B2_A2_light_seed1337/best_model_worst_rx.pth
====================================================================================================================================
[Epoch 032/200] time=88.9s | lr=1.88e-04 | aux_scale=1.000
[STAGE] phase=S2_stabilize_aux | use_aux=1.0 cons=0.25 cls_aux=0.20 reg=0.39 joint_inv=0.17 kl=0.18 group_ce=0.73
[MIXSTYLE-EPOCH] phase=base enabled=1 p=0.150 strength=0.650 anneal_t=0.000
[AUG] scale=0.350 | p_dac=0.000 p_pa=0.049 p_shift=0.122 p_cfo=0.122 p_awgn=0.140 p_mp=0.063 | max_shift=11 cfo_max=0.00014 pn_max=0.0021
------------------------------------------------------------------------------------------------------------------------------------
[LOSS-CORE] total=5.2123 cls=2.6446 dom=0.6857 adv=2.5973 orth=0.0006 cons=0.2203 group_ce=3.9803
[LOSS-AUX]  cls_pa=4.6417 cls_dac=0.0000 pa_joint_inv=0.4454 pa_kl=4.3065 dac_reg=0.0000 pa_reg=0.0158 gap_dac=0.0000 gap_pa=0.2293 cos_joint_pa=0.5546 cos_imp_pa=nan
[LOSS-SAT]  cls_sat=10.4003 sat_cons=0.7095 sat_cos=0.2905
[LOSS-DG]   proto=0.0000 proto_cos=nan supcon=0.0000 fishr=0.0024 sgc_res=0.0000
[LOSS-CAL]  ecc=0.0000 ecc_w=0.0000 ecc_tau=0.8079 ecc_maxp=nan
[TRAIN] tx=78.25% dom=74.62% cons_cos=0.7797
[GRAD]  total=1.654 backbone=1.000 aux=0.750 domain=0.489
[VAL]   tx=97.67% dom=90.32%
[TEST]  overall_tx=86.22% (175888/204000)
[TEST-SPLIT]
          unseen_day_seen_rx(days=['2021_03_15', '2021_03_23'], rxs=[0, 1, 2, 3, 4, 5, 6]): tx=91.91% (77203/84000)
          seen_day_unseen_rx(days=['2021_03_01', '2021_03_08'], rxs=[7, 8, 9, 10, 11]): tx=85.16% (51095/60000)
          unseen_day_unseen_rx(days=['2021_03_15', '2021_03_23'], rxs=[7, 8, 9, 10, 11]): tx=79.32% (47590/60000)
          day=2021_03_15 on seen_rxs=[0, 1, 2, 3, 4, 5, 6]: tx=94.56% (39716/42000)
          day=2021_03_23 on seen_rxs=[0, 1, 2, 3, 4, 5, 6]: tx=89.25% (37487/42000)
          rx=7 on seen_days=['2021_03_01', '2021_03_08']: tx=77.15% (9258/12000)
          rx=8 on seen_days=['2021_03_01', '2021_03_08']: tx=74.29% (8915/12000)
          rx=9 on seen_days=['2021_03_01', '2021_03_08']: tx=87.03% (10443/12000)
          rx=10 on seen_days=['2021_03_01', '2021_03_08']: tx=95.94% (11513/12000)
          rx=11 on seen_days=['2021_03_01', '2021_03_08']: tx=91.38% (10966/12000)
[BEST-JOINT]  val_tx=98.32% & test_tx=88.70% @ E025
[CKPT]  latest -> finalist_runs/B2_A2_light_seed1337/latest_model.pth (saved) | best -> finalist_runs/B2_A2_light_seed1337/best_model_val.pth
====================================================================================================================================
[SAT-TEST] scenario=clear_leo selected=test_unseen_day_unseen_rx overall_tx=41.59% strict_udu=41.59% (24952/60000)
[SAT-TEST] scenario=low_elev_leo selected=test_unseen_day_unseen_rx overall_tx=40.49% strict_udu=40.49% (24292/60000)
[SAT-TEST] scenario=rain_leo selected=test_unseen_day_unseen_rx overall_tx=39.70% strict_udu=39.70% (23823/60000)
[SAT-TEST] scenario=storm_mp selected=test_unseen_day_unseen_rx overall_tx=35.08% strict_udu=35.08% (21049/60000)
[SAT-TEST] scenario=mixed_orbit selected=test_unseen_day_unseen_rx overall_tx=37.23% strict_udu=37.23% (22340/60000)
[BEST-TEST] overall=88.70% @ E025 -> finalist_runs/B2_A2_light_seed1337/best_model_test_overall.pth | unseen_day_unseen_rx=83.06% @ E025 -> finalist_runs/B2_A2_light_seed1337/best_model_strict_udu.pth | unseen_day_seen_rx=93.56% @ E021 | seen_day_unseen_rx=88.41% @ E029
[BEST-PRIMARY] score=85.04 @ E025 -> finalist_runs/B2_A2_light_seed1337/best_model_primary_ood.pth | overall=88.70% strict_udu=83.06%
[BEST-WORST-RX] worst_rx=79.61% (test_rx_8) @ E029 -> finalist_runs/B2_A2_light_seed1337/best_model_worst_rx.pth
====================================================================================================================================
[Epoch 033/200] time=87.1s | lr=1.87e-04 | aux_scale=1.000
[STAGE] phase=S2_stabilize_aux | use_aux=1.0 cons=0.25 cls_aux=0.20 reg=0.39 joint_inv=0.17 kl=0.18 group_ce=0.73
[MIXSTYLE-EPOCH] phase=base enabled=1 p=0.150 strength=0.650 anneal_t=0.000
[AUG] scale=0.350 | p_dac=0.000 p_pa=0.049 p_shift=0.122 p_cfo=0.122 p_awgn=0.140 p_mp=0.063 | max_shift=11 cfo_max=0.00014 pn_max=0.0021
------------------------------------------------------------------------------------------------------------------------------------
[LOSS-CORE] total=5.7197 cls=3.0508 dom=0.7293 adv=2.6013 orth=0.0006 cons=0.2330 group_ce=4.4681
[LOSS-AUX]  cls_pa=4.8130 cls_dac=0.0000 pa_joint_inv=0.4451 pa_kl=4.3804 dac_reg=0.0000 pa_reg=0.0154 gap_dac=0.0000 gap_pa=0.2242 cos_joint_pa=0.5549 cos_imp_pa=nan
[LOSS-SAT]  cls_sat=10.4668 sat_cons=0.6988 sat_cos=0.3012
[LOSS-DG]   proto=0.0000 proto_cos=nan supcon=0.0000 fishr=0.0026 sgc_res=0.0000
[LOSS-CAL]  ecc=0.0000 ecc_w=0.0000 ecc_tau=0.8157 ecc_maxp=nan
[TRAIN] tx=74.78% dom=73.67% cons_cos=0.7670
[GRAD]  total=1.741 backbone=1.000 aux=0.750 domain=0.490
[VAL]   tx=98.47% dom=90.53%
[TEST]  overall_tx=89.55% (182677/204000)
[TEST-SPLIT]
          unseen_day_seen_rx(days=['2021_03_15', '2021_03_23'], rxs=[0, 1, 2, 3, 4, 5, 6]): tx=93.77% (78768/84000)
          seen_day_unseen_rx(days=['2021_03_01', '2021_03_08'], rxs=[7, 8, 9, 10, 11]): tx=89.59% (53755/60000)
          unseen_day_unseen_rx(days=['2021_03_15', '2021_03_23'], rxs=[7, 8, 9, 10, 11]): tx=83.59% (50154/60000)
          day=2021_03_15 on seen_rxs=[0, 1, 2, 3, 4, 5, 6]: tx=95.78% (40227/42000)
          day=2021_03_23 on seen_rxs=[0, 1, 2, 3, 4, 5, 6]: tx=91.76% (38541/42000)
          rx=7 on seen_days=['2021_03_01', '2021_03_08']: tx=80.21% (9625/12000)
          rx=8 on seen_days=['2021_03_01', '2021_03_08']: tx=81.72% (9806/12000)
          rx=9 on seen_days=['2021_03_01', '2021_03_08']: tx=92.42% (11091/12000)
          rx=10 on seen_days=['2021_03_01', '2021_03_08']: tx=96.63% (11596/12000)
          rx=11 on seen_days=['2021_03_01', '2021_03_08']: tx=96.97% (11637/12000)
[BEST-JOINT]  val_tx=98.47% & test_tx=89.55% @ E033
[CKPT]  latest -> finalist_runs/B2_A2_light_seed1337/latest_model.pth (saved) | best -> finalist_runs/B2_A2_light_seed1337/best_model_val.pth (updated: val improved)
====================================================================================================================================
[SAT-TEST] scenario=clear_leo selected=test_unseen_day_unseen_rx overall_tx=43.08% strict_udu=43.08% (25847/60000)
[SAT-TEST] scenario=low_elev_leo selected=test_unseen_day_unseen_rx overall_tx=41.44% strict_udu=41.44% (24865/60000)
[SAT-TEST] scenario=rain_leo selected=test_unseen_day_unseen_rx overall_tx=40.70% strict_udu=40.70% (24422/60000)
[SAT-TEST] scenario=storm_mp selected=test_unseen_day_unseen_rx overall_tx=34.87% strict_udu=34.87% (20921/60000)
[SAT-TEST] scenario=mixed_orbit selected=test_unseen_day_unseen_rx overall_tx=37.51% strict_udu=37.51% (22503/60000)
[BEST-TEST] overall=89.55% @ E033 -> finalist_runs/B2_A2_light_seed1337/best_model_test_overall.pth | unseen_day_unseen_rx=83.59% @ E033 -> finalist_runs/B2_A2_light_seed1337/best_model_strict_udu.pth | unseen_day_seen_rx=93.77% @ E033 | seen_day_unseen_rx=89.59% @ E033
[BEST-PRIMARY] score=85.68 @ E033 -> finalist_runs/B2_A2_light_seed1337/best_model_primary_ood.pth | overall=89.55% strict_udu=83.59%
[BEST-WORST-RX] worst_rx=80.21% (test_rx_7) @ E033 -> finalist_runs/B2_A2_light_seed1337/best_model_worst_rx.pth
====================================================================================================================================
[Epoch 034/200] time=85.1s | lr=1.86e-04 | aux_scale=1.000
[STAGE] phase=S2_stabilize_aux | use_aux=1.0 cons=0.26 cls_aux=0.21 reg=0.40 joint_inv=0.17 kl=0.19 group_ce=0.73
[MIXSTYLE-EPOCH] phase=base enabled=1 p=0.150 strength=0.650 anneal_t=0.000
[AUG] scale=0.350 | p_dac=0.000 p_pa=0.049 p_shift=0.122 p_cfo=0.122 p_awgn=0.140 p_mp=0.063 | max_shift=11 cfo_max=0.00014 pn_max=0.0021
------------------------------------------------------------------------------------------------------------------------------------
[LOSS-CORE] total=4.5557 cls=2.0426 dom=0.6549 adv=2.5996 orth=0.0008 cons=0.2014 group_ce=3.3364
[LOSS-AUX]  cls_pa=4.6719 cls_dac=0.0000 pa_joint_inv=0.4398 pa_kl=4.3185 dac_reg=0.0000 pa_reg=0.0158 gap_dac=0.0000 gap_pa=0.2276 cos_joint_pa=0.5602 cos_imp_pa=nan
[LOSS-SAT]  cls_sat=10.4115 sat_cons=0.7286 sat_cos=0.2714
[LOSS-DG]   proto=0.0000 proto_cos=nan supcon=0.0000 fishr=0.0019 sgc_res=0.0000
[LOSS-CAL]  ecc=0.0000 ecc_w=0.0000 ecc_tau=0.8235 ecc_maxp=nan
[TRAIN] tx=82.91% dom=77.08% cons_cos=0.7986
[GRAD]  total=1.754 backbone=1.000 aux=0.750 domain=0.486
[VAL]   tx=98.35% dom=91.54%
[TEST]  overall_tx=88.25% (180037/204000)
[TEST-SPLIT]
          unseen_day_seen_rx(days=['2021_03_15', '2021_03_23'], rxs=[0, 1, 2, 3, 4, 5, 6]): tx=92.75% (77914/84000)
          seen_day_unseen_rx(days=['2021_03_01', '2021_03_08'], rxs=[7, 8, 9, 10, 11]): tx=87.98% (52789/60000)
          unseen_day_unseen_rx(days=['2021_03_15', '2021_03_23'], rxs=[7, 8, 9, 10, 11]): tx=82.22% (49334/60000)
          day=2021_03_15 on seen_rxs=[0, 1, 2, 3, 4, 5, 6]: tx=95.13% (39955/42000)
          day=2021_03_23 on seen_rxs=[0, 1, 2, 3, 4, 5, 6]: tx=90.38% (37959/42000)
          rx=7 on seen_days=['2021_03_01', '2021_03_08']: tx=79.70% (9564/12000)
          rx=8 on seen_days=['2021_03_01', '2021_03_08']: tx=79.54% (9545/12000)
          rx=9 on seen_days=['2021_03_01', '2021_03_08']: tx=91.49% (10979/12000)
          rx=10 on seen_days=['2021_03_01', '2021_03_08']: tx=92.18% (11062/12000)
          rx=11 on seen_days=['2021_03_01', '2021_03_08']: tx=96.99% (11639/12000)
[BEST-JOINT]  val_tx=98.47% & test_tx=89.55% @ E033
[CKPT]  latest -> finalist_runs/B2_A2_light_seed1337/latest_model.pth (saved) | best -> finalist_runs/B2_A2_light_seed1337/best_model_val.pth
====================================================================================================================================
[SAT-TEST] scenario=clear_leo selected=test_unseen_day_unseen_rx overall_tx=41.54% strict_udu=41.54% (24926/60000)
[SAT-TEST] scenario=low_elev_leo selected=test_unseen_day_unseen_rx overall_tx=39.55% strict_udu=39.55% (23733/60000)
[SAT-TEST] scenario=rain_leo selected=test_unseen_day_unseen_rx overall_tx=39.27% strict_udu=39.27% (23564/60000)
[SAT-TEST] scenario=storm_mp selected=test_unseen_day_unseen_rx overall_tx=33.30% strict_udu=33.30% (19980/60000)
[SAT-TEST] scenario=mixed_orbit selected=test_unseen_day_unseen_rx overall_tx=36.38% strict_udu=36.38% (21830/60000)
[BEST-TEST] overall=89.55% @ E033 -> finalist_runs/B2_A2_light_seed1337/best_model_test_overall.pth | unseen_day_unseen_rx=83.59% @ E033 -> finalist_runs/B2_A2_light_seed1337/best_model_strict_udu.pth | unseen_day_seen_rx=93.77% @ E033 | seen_day_unseen_rx=89.59% @ E033
[BEST-PRIMARY] score=85.68 @ E033 -> finalist_runs/B2_A2_light_seed1337/best_model_primary_ood.pth | overall=89.55% strict_udu=83.59%
[BEST-WORST-RX] worst_rx=80.21% (test_rx_7) @ E033 -> finalist_runs/B2_A2_light_seed1337/best_model_worst_rx.pth
====================================================================================================================================
[Epoch 035/200] time=88.0s | lr=1.85e-04 | aux_scale=1.000
[STAGE] phase=S2_stabilize_aux | use_aux=1.0 cons=0.27 cls_aux=0.22 reg=0.40 joint_inv=0.17 kl=0.19 group_ce=0.74
[MIXSTYLE-EPOCH] phase=base enabled=1 p=0.150 strength=0.650 anneal_t=0.000
[AUG] scale=0.350 | p_dac=0.000 p_pa=0.049 p_shift=0.122 p_cfo=0.122 p_awgn=0.140 p_mp=0.063 | max_shift=11 cfo_max=0.00014 pn_max=0.0021
------------------------------------------------------------------------------------------------------------------------------------
[LOSS-CORE] total=5.0389 cls=2.5162 dom=0.6299 adv=2.6012 orth=0.0008 cons=0.2086 group_ce=3.7426
[LOSS-AUX]  cls_pa=4.5537 cls_dac=0.0000 pa_joint_inv=0.4318 pa_kl=4.2193 dac_reg=0.0000 pa_reg=0.0155 gap_dac=0.0000 gap_pa=0.2288 cos_joint_pa=0.5682 cos_imp_pa=nan
[LOSS-SAT]  cls_sat=10.3843 sat_cons=0.7358 sat_cos=0.2642
[LOSS-DG]   proto=0.0000 proto_cos=nan supcon=0.0000 fishr=0.0020 sgc_res=0.0000
[LOSS-CAL]  ecc=0.0000 ecc_w=0.0000 ecc_tau=0.8312 ecc_maxp=nan
[TRAIN] tx=79.91% dom=76.54% cons_cos=0.7914
[GRAD]  total=1.622 backbone=1.000 aux=0.750 domain=0.475
[VAL]   tx=97.84% dom=91.29%
[TEST]  overall_tx=86.87% (177224/204000)
[TEST-SPLIT]
          unseen_day_seen_rx(days=['2021_03_15', '2021_03_23'], rxs=[0, 1, 2, 3, 4, 5, 6]): tx=92.07% (77342/84000)
          seen_day_unseen_rx(days=['2021_03_01', '2021_03_08'], rxs=[7, 8, 9, 10, 11]): tx=85.85% (51508/60000)
          unseen_day_unseen_rx(days=['2021_03_15', '2021_03_23'], rxs=[7, 8, 9, 10, 11]): tx=80.62% (48374/60000)
          day=2021_03_15 on seen_rxs=[0, 1, 2, 3, 4, 5, 6]: tx=94.37% (39634/42000)
          day=2021_03_23 on seen_rxs=[0, 1, 2, 3, 4, 5, 6]: tx=89.78% (37708/42000)
          rx=7 on seen_days=['2021_03_01', '2021_03_08']: tx=77.76% (9331/12000)
          rx=8 on seen_days=['2021_03_01', '2021_03_08']: tx=80.49% (9659/12000)
          rx=9 on seen_days=['2021_03_01', '2021_03_08']: tx=87.72% (10526/12000)
          rx=10 on seen_days=['2021_03_01', '2021_03_08']: tx=92.58% (11110/12000)
          rx=11 on seen_days=['2021_03_01', '2021_03_08']: tx=90.68% (10882/12000)
[BEST-JOINT]  val_tx=98.47% & test_tx=89.55% @ E033
[CKPT]  latest -> finalist_runs/B2_A2_light_seed1337/latest_model.pth (saved) | best -> finalist_runs/B2_A2_light_seed1337/best_model_val.pth
====================================================================================================================================
[SAT-TEST] scenario=clear_leo selected=test_unseen_day_unseen_rx overall_tx=40.70% strict_udu=40.70% (24420/60000)
[SAT-TEST] scenario=low_elev_leo selected=test_unseen_day_unseen_rx overall_tx=39.15% strict_udu=39.15% (23489/60000)
[SAT-TEST] scenario=rain_leo selected=test_unseen_day_unseen_rx overall_tx=38.97% strict_udu=38.97% (23379/60000)
[SAT-TEST] scenario=storm_mp selected=test_unseen_day_unseen_rx overall_tx=34.93% strict_udu=34.93% (20959/60000)
[SAT-TEST] scenario=mixed_orbit selected=test_unseen_day_unseen_rx overall_tx=37.60% strict_udu=37.60% (22559/60000)
[BEST-TEST] overall=89.55% @ E033 -> finalist_runs/B2_A2_light_seed1337/best_model_test_overall.pth | unseen_day_unseen_rx=83.59% @ E033 -> finalist_runs/B2_A2_light_seed1337/best_model_strict_udu.pth | unseen_day_seen_rx=93.77% @ E033 | seen_day_unseen_rx=89.59% @ E033
[BEST-PRIMARY] score=85.68 @ E033 -> finalist_runs/B2_A2_light_seed1337/best_model_primary_ood.pth | overall=89.55% strict_udu=83.59%
[BEST-WORST-RX] worst_rx=80.21% (test_rx_7) @ E033 -> finalist_runs/B2_A2_light_seed1337/best_model_worst_rx.pth
====================================================================================================================================
[Epoch 036/200] time=86.3s | lr=1.85e-04 | aux_scale=1.000
[STAGE] phase=S2_stabilize_aux | use_aux=1.0 cons=0.27 cls_aux=0.22 reg=0.41 joint_inv=0.18 kl=0.20 group_ce=0.74
[MIXSTYLE-EPOCH] phase=base enabled=1 p=0.150 strength=0.650 anneal_t=0.000
[AUG] scale=0.350 | p_dac=0.000 p_pa=0.049 p_shift=0.122 p_cfo=0.122 p_awgn=0.140 p_mp=0.063 | max_shift=11 cfo_max=0.00014 pn_max=0.0021
------------------------------------------------------------------------------------------------------------------------------------
[LOSS-CORE] total=5.3968 cls=2.7740 dom=0.7021 adv=2.6031 orth=0.0007 cons=0.2146 group_ce=4.1049
[LOSS-AUX]  cls_pa=4.3916 cls_dac=0.0000 pa_joint_inv=0.4239 pa_kl=4.0891 dac_reg=0.0000 pa_reg=0.0156 gap_dac=0.0000 gap_pa=0.2313 cos_joint_pa=0.5761 cos_imp_pa=nan
[LOSS-SAT]  cls_sat=10.3260 sat_cons=0.7164 sat_cos=0.2836
[LOSS-DG]   proto=0.0000 proto_cos=nan supcon=0.0000 fishr=0.0025 sgc_res=0.0000
[LOSS-CAL]  ecc=0.0000 ecc_w=0.0000 ecc_tau=0.8388 ecc_maxp=nan
[TRAIN] tx=77.18% dom=74.70% cons_cos=0.7854
[GRAD]  total=1.710 backbone=1.000 aux=0.750 domain=0.469
[VAL]   tx=98.10% dom=91.53%
[TEST]  overall_tx=86.56% (176583/204000)
[TEST-SPLIT]
          unseen_day_seen_rx(days=['2021_03_15', '2021_03_23'], rxs=[0, 1, 2, 3, 4, 5, 6]): tx=91.85% (77155/84000)
          seen_day_unseen_rx(days=['2021_03_01', '2021_03_08'], rxs=[7, 8, 9, 10, 11]): tx=85.16% (51098/60000)
          unseen_day_unseen_rx(days=['2021_03_15', '2021_03_23'], rxs=[7, 8, 9, 10, 11]): tx=80.55% (48330/60000)
          day=2021_03_15 on seen_rxs=[0, 1, 2, 3, 4, 5, 6]: tx=93.90% (39438/42000)
          day=2021_03_23 on seen_rxs=[0, 1, 2, 3, 4, 5, 6]: tx=89.80% (37717/42000)
          rx=7 on seen_days=['2021_03_01', '2021_03_08']: tx=75.10% (9012/12000)
          rx=8 on seen_days=['2021_03_01', '2021_03_08']: tx=81.08% (9729/12000)
          rx=9 on seen_days=['2021_03_01', '2021_03_08']: tx=88.83% (10660/12000)
          rx=10 on seen_days=['2021_03_01', '2021_03_08']: tx=89.31% (10717/12000)
          rx=11 on seen_days=['2021_03_01', '2021_03_08']: tx=91.50% (10980/12000)
[BEST-JOINT]  val_tx=98.47% & test_tx=89.55% @ E033
[CKPT]  latest -> finalist_runs/B2_A2_light_seed1337/latest_model.pth (saved) | best -> finalist_runs/B2_A2_light_seed1337/best_model_val.pth
====================================================================================================================================
[SAT-TEST] scenario=clear_leo selected=test_unseen_day_unseen_rx overall_tx=40.90% strict_udu=40.90% (24538/60000)
[SAT-TEST] scenario=low_elev_leo selected=test_unseen_day_unseen_rx overall_tx=38.87% strict_udu=38.87% (23324/60000)
[SAT-TEST] scenario=rain_leo selected=test_unseen_day_unseen_rx overall_tx=38.76% strict_udu=38.76% (23254/60000)
[SAT-TEST] scenario=storm_mp selected=test_unseen_day_unseen_rx overall_tx=34.22% strict_udu=34.22% (20530/60000)
[SAT-TEST] scenario=mixed_orbit selected=test_unseen_day_unseen_rx overall_tx=36.69% strict_udu=36.69% (22012/60000)
[BEST-TEST] overall=89.55% @ E033 -> finalist_runs/B2_A2_light_seed1337/best_model_test_overall.pth | unseen_day_unseen_rx=83.59% @ E033 -> finalist_runs/B2_A2_light_seed1337/best_model_strict_udu.pth | unseen_day_seen_rx=93.77% @ E033 | seen_day_unseen_rx=89.59% @ E033
[BEST-PRIMARY] score=85.68 @ E033 -> finalist_runs/B2_A2_light_seed1337/best_model_primary_ood.pth | overall=89.55% strict_udu=83.59%
[BEST-WORST-RX] worst_rx=80.21% (test_rx_7) @ E033 -> finalist_runs/B2_A2_light_seed1337/best_model_worst_rx.pth
====================================================================================================================================
[Epoch 037/200] time=89.6s | lr=1.84e-04 | aux_scale=1.000
[STAGE] phase=S2_stabilize_aux | use_aux=1.0 cons=0.28 cls_aux=0.23 reg=0.41 joint_inv=0.18 kl=0.20 group_ce=0.74
[MIXSTYLE-EPOCH] phase=base enabled=1 p=0.150 strength=0.650 anneal_t=0.000
[AUG] scale=0.350 | p_dac=0.000 p_pa=0.049 p_shift=0.122 p_cfo=0.122 p_awgn=0.140 p_mp=0.063 | max_shift=11 cfo_max=0.00014 pn_max=0.0021
------------------------------------------------------------------------------------------------------------------------------------
[LOSS-CORE] total=6.3840 cls=3.5261 dom=0.8803 adv=2.6082 orth=0.0007 cons=0.2360 group_ce=4.9084
[LOSS-AUX]  cls_pa=4.0000 cls_dac=0.0000 pa_joint_inv=0.4048 pa_kl=3.6751 dac_reg=0.0000 pa_reg=0.0157 gap_dac=0.0000 gap_pa=0.2240 cos_joint_pa=0.5952 cos_imp_pa=nan
[LOSS-SAT]  cls_sat=10.3998 sat_cons=0.6891 sat_cos=0.3109
[LOSS-DG]   proto=0.0000 proto_cos=nan supcon=0.0000 fishr=0.0030 sgc_res=0.0000
[LOSS-CAL]  ecc=0.0000 ecc_w=0.0000 ecc_tau=0.8464 ecc_maxp=nan
[TRAIN] tx=70.23% dom=69.04% cons_cos=0.7640
[GRAD]  total=1.784 backbone=1.000 aux=0.750 domain=0.490
[VAL]   tx=98.35% dom=91.37%
[TEST]  overall_tx=87.49% (178486/204000)
[TEST-SPLIT]
          unseen_day_seen_rx(days=['2021_03_15', '2021_03_23'], rxs=[0, 1, 2, 3, 4, 5, 6]): tx=91.98% (77264/84000)
          seen_day_unseen_rx(days=['2021_03_01', '2021_03_08'], rxs=[7, 8, 9, 10, 11]): tx=86.95% (52173/60000)
          unseen_day_unseen_rx(days=['2021_03_15', '2021_03_23'], rxs=[7, 8, 9, 10, 11]): tx=81.75% (49049/60000)
          day=2021_03_15 on seen_rxs=[0, 1, 2, 3, 4, 5, 6]: tx=95.57% (40139/42000)
          day=2021_03_23 on seen_rxs=[0, 1, 2, 3, 4, 5, 6]: tx=88.39% (37125/42000)
          rx=7 on seen_days=['2021_03_01', '2021_03_08']: tx=78.59% (9431/12000)
          rx=8 on seen_days=['2021_03_01', '2021_03_08']: tx=78.03% (9363/12000)
          rx=9 on seen_days=['2021_03_01', '2021_03_08']: tx=93.47% (11216/12000)
          rx=10 on seen_days=['2021_03_01', '2021_03_08']: tx=90.99% (10919/12000)
          rx=11 on seen_days=['2021_03_01', '2021_03_08']: tx=93.70% (11244/12000)
[BEST-JOINT]  val_tx=98.47% & test_tx=89.55% @ E033
[CKPT]  latest -> finalist_runs/B2_A2_light_seed1337/latest_model.pth (saved) | best -> finalist_runs/B2_A2_light_seed1337/best_model_val.pth
====================================================================================================================================
[SAT-TEST] scenario=clear_leo selected=test_unseen_day_unseen_rx overall_tx=42.27% strict_udu=42.27% (25365/60000)
[SAT-TEST] scenario=low_elev_leo selected=test_unseen_day_unseen_rx overall_tx=39.97% strict_udu=39.97% (23982/60000)
[SAT-TEST] scenario=rain_leo selected=test_unseen_day_unseen_rx overall_tx=39.64% strict_udu=39.64% (23782/60000)
[SAT-TEST] scenario=storm_mp selected=test_unseen_day_unseen_rx overall_tx=33.47% strict_udu=33.47% (20081/60000)
[SAT-TEST] scenario=mixed_orbit selected=test_unseen_day_unseen_rx overall_tx=37.14% strict_udu=37.14% (22284/60000)
[BEST-TEST] overall=89.55% @ E033 -> finalist_runs/B2_A2_light_seed1337/best_model_test_overall.pth | unseen_day_unseen_rx=83.59% @ E033 -> finalist_runs/B2_A2_light_seed1337/best_model_strict_udu.pth | unseen_day_seen_rx=93.77% @ E033 | seen_day_unseen_rx=89.59% @ E033
[BEST-PRIMARY] score=85.68 @ E033 -> finalist_runs/B2_A2_light_seed1337/best_model_primary_ood.pth | overall=89.55% strict_udu=83.59%
[BEST-WORST-RX] worst_rx=80.21% (test_rx_7) @ E033 -> finalist_runs/B2_A2_light_seed1337/best_model_worst_rx.pth
====================================================================================================================================
[Epoch 038/200] time=85.5s | lr=1.83e-04 | aux_scale=1.000
[STAGE] phase=S2_stabilize_aux | use_aux=1.0 cons=0.28 cls_aux=0.23 reg=0.42 joint_inv=0.18 kl=0.20 group_ce=0.75
[MIXSTYLE-EPOCH] phase=base enabled=1 p=0.150 strength=0.650 anneal_t=0.000
[AUG] scale=0.350 | p_dac=0.000 p_pa=0.049 p_shift=0.122 p_cfo=0.122 p_awgn=0.140 p_mp=0.063 | max_shift=11 cfo_max=0.00014 pn_max=0.0021
------------------------------------------------------------------------------------------------------------------------------------
[LOSS-CORE] total=5.1235 cls=2.5264 dom=0.6811 adv=2.6012 orth=0.0007 cons=0.2115 group_ce=3.8617
[LOSS-AUX]  cls_pa=4.1366 cls_dac=0.0000 pa_joint_inv=0.4088 pa_kl=3.8317 dac_reg=0.0000 pa_reg=0.0155 gap_dac=0.0000 gap_pa=0.2329 cos_joint_pa=0.5912 cos_imp_pa=nan
[LOSS-SAT]  cls_sat=10.3985 sat_cons=0.7178 sat_cos=0.2822
[LOSS-DG]   proto=0.0000 proto_cos=nan supcon=0.0000 fishr=0.0024 sgc_res=0.0000
[LOSS-CAL]  ecc=0.0000 ecc_w=0.0000 ecc_tau=0.8538 ecc_maxp=nan
[TRAIN] tx=78.62% dom=75.45% cons_cos=0.7885
[GRAD]  total=1.670 backbone=1.000 aux=0.750 domain=0.472
[VAL]   tx=98.47% dom=92.09%
[TEST]  overall_tx=88.39% (180320/204000)
[TEST-SPLIT]
          unseen_day_seen_rx(days=['2021_03_15', '2021_03_23'], rxs=[0, 1, 2, 3, 4, 5, 6]): tx=93.71% (78717/84000)
          seen_day_unseen_rx(days=['2021_03_01', '2021_03_08'], rxs=[7, 8, 9, 10, 11]): tx=86.85% (52110/60000)
          unseen_day_unseen_rx(days=['2021_03_15', '2021_03_23'], rxs=[7, 8, 9, 10, 11]): tx=82.49% (49493/60000)
          day=2021_03_15 on seen_rxs=[0, 1, 2, 3, 4, 5, 6]: tx=95.31% (40029/42000)
          day=2021_03_23 on seen_rxs=[0, 1, 2, 3, 4, 5, 6]: tx=92.11% (38688/42000)
          rx=7 on seen_days=['2021_03_01', '2021_03_08']: tx=76.36% (9163/12000)
          rx=8 on seen_days=['2021_03_01', '2021_03_08']: tx=79.53% (9544/12000)
          rx=9 on seen_days=['2021_03_01', '2021_03_08']: tx=91.52% (10982/12000)
          rx=10 on seen_days=['2021_03_01', '2021_03_08']: tx=94.40% (11328/12000)
          rx=11 on seen_days=['2021_03_01', '2021_03_08']: tx=92.44% (11093/12000)
[BEST-JOINT]  val_tx=98.47% & test_tx=89.55% @ E033
[CKPT]  latest -> finalist_runs/B2_A2_light_seed1337/latest_model.pth (saved) | best -> finalist_runs/B2_A2_light_seed1337/best_model_val.pth
====================================================================================================================================
[SAT-TEST] scenario=clear_leo selected=test_unseen_day_unseen_rx overall_tx=41.31% strict_udu=41.31% (24787/60000)
[SAT-TEST] scenario=low_elev_leo selected=test_unseen_day_unseen_rx overall_tx=40.33% strict_udu=40.33% (24200/60000)
[SAT-TEST] scenario=rain_leo selected=test_unseen_day_unseen_rx overall_tx=39.15% strict_udu=39.15% (23487/60000)
[SAT-TEST] scenario=storm_mp selected=test_unseen_day_unseen_rx overall_tx=34.82% strict_udu=34.82% (20892/60000)
[SAT-TEST] scenario=mixed_orbit selected=test_unseen_day_unseen_rx overall_tx=36.70% strict_udu=36.70% (22023/60000)
[BEST-TEST] overall=89.55% @ E033 -> finalist_runs/B2_A2_light_seed1337/best_model_test_overall.pth | unseen_day_unseen_rx=83.59% @ E033 -> finalist_runs/B2_A2_light_seed1337/best_model_strict_udu.pth | unseen_day_seen_rx=93.77% @ E033 | seen_day_unseen_rx=89.59% @ E033
[BEST-PRIMARY] score=85.68 @ E033 -> finalist_runs/B2_A2_light_seed1337/best_model_primary_ood.pth | overall=89.55% strict_udu=83.59%
[BEST-WORST-RX] worst_rx=80.21% (test_rx_7) @ E033 -> finalist_runs/B2_A2_light_seed1337/best_model_worst_rx.pth
====================================================================================================================================
[Epoch 039/200] time=88.6s | lr=1.82e-04 | aux_scale=1.000
[STAGE] phase=S2_stabilize_aux | use_aux=1.0 cons=0.29 cls_aux=0.24 reg=0.43 joint_inv=0.18 kl=0.21 group_ce=0.75
[MIXSTYLE-EPOCH] phase=base enabled=1 p=0.150 strength=0.650 anneal_t=0.000
[AUG] scale=0.350 | p_dac=0.000 p_pa=0.049 p_shift=0.122 p_cfo=0.122 p_awgn=0.140 p_mp=0.063 | max_shift=11 cfo_max=0.00014 pn_max=0.0021
------------------------------------------------------------------------------------------------------------------------------------
[LOSS-CORE] total=4.7045 cls=2.2082 dom=0.6164 adv=2.6034 orth=0.0008 cons=0.2034 group_ce=3.3838
[LOSS-AUX]  cls_pa=3.8985 cls_dac=0.0000 pa_joint_inv=0.3931 pa_kl=3.6253 dac_reg=0.0000 pa_reg=0.0156 gap_dac=0.0000 gap_pa=0.2313 cos_joint_pa=0.6069 cos_imp_pa=nan
[LOSS-SAT]  cls_sat=10.3882 sat_cons=0.7320 sat_cos=0.2680
[LOSS-DG]   proto=0.0000 proto_cos=nan supcon=0.0000 fishr=0.0021 sgc_res=0.0000
[LOSS-CAL]  ecc=0.0000 ecc_w=0.0000 ecc_tau=0.8610 ecc_maxp=nan
[TRAIN] tx=81.29% dom=77.39% cons_cos=0.7966
[GRAD]  total=1.645 backbone=1.000 aux=0.750 domain=0.487
[VAL]   tx=98.04% dom=92.02%
[TEST]  overall_tx=86.70% (176868/204000)
[TEST-SPLIT]
          unseen_day_seen_rx(days=['2021_03_15', '2021_03_23'], rxs=[0, 1, 2, 3, 4, 5, 6]): tx=92.04% (77311/84000)
          seen_day_unseen_rx(days=['2021_03_01', '2021_03_08'], rxs=[7, 8, 9, 10, 11]): tx=86.10% (51659/60000)
          unseen_day_unseen_rx(days=['2021_03_15', '2021_03_23'], rxs=[7, 8, 9, 10, 11]): tx=79.83% (47898/60000)
          day=2021_03_15 on seen_rxs=[0, 1, 2, 3, 4, 5, 6]: tx=94.32% (39614/42000)
          day=2021_03_23 on seen_rxs=[0, 1, 2, 3, 4, 5, 6]: tx=89.75% (37697/42000)
          rx=7 on seen_days=['2021_03_01', '2021_03_08']: tx=77.07% (9248/12000)
          rx=8 on seen_days=['2021_03_01', '2021_03_08']: tx=81.50% (9780/12000)
          rx=9 on seen_days=['2021_03_01', '2021_03_08']: tx=87.97% (10557/12000)
          rx=10 on seen_days=['2021_03_01', '2021_03_08']: tx=94.33% (11320/12000)
          rx=11 on seen_days=['2021_03_01', '2021_03_08']: tx=89.62% (10754/12000)
[BEST-JOINT]  val_tx=98.47% & test_tx=89.55% @ E033
[CKPT]  latest -> finalist_runs/B2_A2_light_seed1337/latest_model.pth (saved) | best -> finalist_runs/B2_A2_light_seed1337/best_model_val.pth
====================================================================================================================================
[SAT-TEST] scenario=clear_leo selected=test_unseen_day_unseen_rx overall_tx=41.62% strict_udu=41.62% (24972/60000)
[SAT-TEST] scenario=low_elev_leo selected=test_unseen_day_unseen_rx overall_tx=40.82% strict_udu=40.82% (24491/60000)
[SAT-TEST] scenario=rain_leo selected=test_unseen_day_unseen_rx overall_tx=39.80% strict_udu=39.80% (23879/60000)
[SAT-TEST] scenario=storm_mp selected=test_unseen_day_unseen_rx overall_tx=34.98% strict_udu=34.98% (20991/60000)
[SAT-TEST] scenario=mixed_orbit selected=test_unseen_day_unseen_rx overall_tx=37.51% strict_udu=37.51% (22504/60000)
[BEST-TEST] overall=89.55% @ E033 -> finalist_runs/B2_A2_light_seed1337/best_model_test_overall.pth | unseen_day_unseen_rx=83.59% @ E033 -> finalist_runs/B2_A2_light_seed1337/best_model_strict_udu.pth | unseen_day_seen_rx=93.77% @ E033 | seen_day_unseen_rx=89.59% @ E033
[BEST-PRIMARY] score=85.68 @ E033 -> finalist_runs/B2_A2_light_seed1337/best_model_primary_ood.pth | overall=89.55% strict_udu=83.59%
[BEST-WORST-RX] worst_rx=80.21% (test_rx_7) @ E033 -> finalist_runs/B2_A2_light_seed1337/best_model_worst_rx.pth
[WARN][E040] unsafe backward/step skipped #5
====================================================================================================================================
[Epoch 040/200] time=89.4s | lr=1.81e-04 | aux_scale=1.000
[STAGE] phase=S2_stabilize_aux | use_aux=1.0 cons=0.30 cls_aux=0.25 reg=0.43 joint_inv=0.19 kl=0.21 group_ce=0.75
[MIXSTYLE-EPOCH] phase=base enabled=1 p=0.150 strength=0.650 anneal_t=0.000
[AUG] scale=0.350 | p_dac=0.000 p_pa=0.049 p_shift=0.122 p_cfo=0.122 p_awgn=0.140 p_mp=0.063 | max_shift=11 cfo_max=0.00014 pn_max=0.0021
------------------------------------------------------------------------------------------------------------------------------------
[LOSS-CORE] total=4.8432 cls=2.3356 dom=0.6120 adv=2.6030 orth=0.0010 cons=0.2135 group_ce=3.6209
[LOSS-AUX]  cls_pa=3.7895 cls_dac=0.0000 pa_joint_inv=0.3882 pa_kl=3.4755 dac_reg=0.0000 pa_reg=0.0156 gap_dac=0.0000 gap_pa=0.2332 cos_joint_pa=0.6118 cos_imp_pa=nan
[LOSS-SAT]  cls_sat=10.2259 sat_cons=0.7324 sat_cos=0.2676
[LOSS-DG]   proto=0.0000 proto_cos=nan supcon=0.0000 fishr=0.0021 sgc_res=0.0000
[LOSS-CAL]  ecc=0.0000 ecc_w=0.0000 ecc_tau=0.8681 ecc_maxp=nan
[TRAIN] tx=80.78% dom=77.37% cons_cos=0.7874
[GRAD]  total=1.653 backbone=1.000 aux=0.750 domain=0.480
[VAL]   tx=98.65% dom=92.18%
[TEST]  overall_tx=89.13% (181824/204000)
[TEST-SPLIT]
          unseen_day_seen_rx(days=['2021_03_15', '2021_03_23'], rxs=[0, 1, 2, 3, 4, 5, 6]): tx=93.53% (78565/84000)
          seen_day_unseen_rx(days=['2021_03_01', '2021_03_08'], rxs=[7, 8, 9, 10, 11]): tx=88.99% (53394/60000)
          unseen_day_unseen_rx(days=['2021_03_15', '2021_03_23'], rxs=[7, 8, 9, 10, 11]): tx=83.11% (49865/60000)
          day=2021_03_15 on seen_rxs=[0, 1, 2, 3, 4, 5, 6]: tx=94.85% (39837/42000)
          day=2021_03_23 on seen_rxs=[0, 1, 2, 3, 4, 5, 6]: tx=92.21% (38728/42000)
          rx=7 on seen_days=['2021_03_01', '2021_03_08']: tx=79.37% (9524/12000)
          rx=8 on seen_days=['2021_03_01', '2021_03_08']: tx=83.12% (9975/12000)
          rx=9 on seen_days=['2021_03_01', '2021_03_08']: tx=91.76% (11011/12000)
          rx=10 on seen_days=['2021_03_01', '2021_03_08']: tx=94.97% (11396/12000)
          rx=11 on seen_days=['2021_03_01', '2021_03_08']: tx=95.73% (11488/12000)
[BEST-JOINT]  val_tx=98.65% & test_tx=89.13% @ E040
[CKPT]  latest -> finalist_runs/B2_A2_light_seed1337/latest_model.pth (saved) | best -> finalist_runs/B2_A2_light_seed1337/best_model_val.pth (updated: val improved)
====================================================================================================================================
[SAT-TEST] scenario=clear_leo selected=test_unseen_day_unseen_rx overall_tx=41.14% strict_udu=41.14% (24682/60000)
[SAT-TEST] scenario=low_elev_leo selected=test_unseen_day_unseen_rx overall_tx=39.87% strict_udu=39.87% (23919/60000)
[SAT-TEST] scenario=rain_leo selected=test_unseen_day_unseen_rx overall_tx=38.70% strict_udu=38.70% (23220/60000)
[SAT-TEST] scenario=storm_mp selected=test_unseen_day_unseen_rx overall_tx=34.84% strict_udu=34.84% (20905/60000)
[SAT-TEST] scenario=mixed_orbit selected=test_unseen_day_unseen_rx overall_tx=37.38% strict_udu=37.38% (22431/60000)
[BEST-TEST] overall=89.55% @ E033 -> finalist_runs/B2_A2_light_seed1337/best_model_test_overall.pth | unseen_day_unseen_rx=83.59% @ E033 -> finalist_runs/B2_A2_light_seed1337/best_model_strict_udu.pth | unseen_day_seen_rx=93.77% @ E033 | seen_day_unseen_rx=89.59% @ E033
[BEST-PRIMARY] score=85.68 @ E033 -> finalist_runs/B2_A2_light_seed1337/best_model_primary_ood.pth | overall=89.55% strict_udu=83.59%
[BEST-WORST-RX] worst_rx=80.21% (test_rx_7) @ E033 -> finalist_runs/B2_A2_light_seed1337/best_model_worst_rx.pth
====================================================================================================================================
[Epoch 041/200] time=91.9s | lr=1.80e-04 | aux_scale=1.000
[STAGE] phase=S2_stabilize_aux | use_aux=1.0 cons=0.31 cls_aux=0.26 reg=0.44 joint_inv=0.19 kl=0.22 group_ce=0.76
[MIXSTYLE-EPOCH] phase=base enabled=1 p=0.150 strength=0.650 anneal_t=0.000
[AUG] scale=0.350 | p_dac=0.000 p_pa=0.049 p_shift=0.122 p_cfo=0.122 p_awgn=0.140 p_mp=0.063 | max_shift=11 cfo_max=0.00014 pn_max=0.0021
------------------------------------------------------------------------------------------------------------------------------------
[LOSS-CORE] total=5.1110 cls=2.4549 dom=0.7192 adv=2.6055 orth=0.0009 cons=0.2117 group_ce=3.6536
[LOSS-AUX]  cls_pa=4.0067 cls_dac=0.0000 pa_joint_inv=0.3985 pa_kl=3.7215 dac_reg=0.0000 pa_reg=0.0159 gap_dac=0.0000 gap_pa=0.2412 cos_joint_pa=0.6015 cos_imp_pa=nan
[LOSS-SAT]  cls_sat=10.4960 sat_cons=0.7323 sat_cos=0.2677
[LOSS-DG]   proto=0.0000 proto_cos=nan supcon=0.0000 fishr=0.0022 sgc_res=0.0000
[LOSS-CAL]  ecc=0.0000 ecc_w=0.0000 ecc_tau=0.8750 ecc_maxp=nan
[TRAIN] tx=79.39% dom=74.83% cons_cos=0.7883
[GRAD]  total=1.868 backbone=1.000 aux=0.750 domain=0.487
[VAL]   tx=98.39% dom=91.99%
[TEST]  overall_tx=87.33% (178154/204000)
[TEST-SPLIT]
          unseen_day_seen_rx(days=['2021_03_15', '2021_03_23'], rxs=[0, 1, 2, 3, 4, 5, 6]): tx=92.26% (77498/84000)
          seen_day_unseen_rx(days=['2021_03_01', '2021_03_08'], rxs=[7, 8, 9, 10, 11]): tx=86.95% (52169/60000)
          unseen_day_unseen_rx(days=['2021_03_15', '2021_03_23'], rxs=[7, 8, 9, 10, 11]): tx=80.81% (48487/60000)
          day=2021_03_15 on seen_rxs=[0, 1, 2, 3, 4, 5, 6]: tx=93.67% (39340/42000)
          day=2021_03_23 on seen_rxs=[0, 1, 2, 3, 4, 5, 6]: tx=90.85% (38158/42000)
          rx=7 on seen_days=['2021_03_01', '2021_03_08']: tx=77.15% (9258/12000)
          rx=8 on seen_days=['2021_03_01', '2021_03_08']: tx=79.02% (9482/12000)
          rx=9 on seen_days=['2021_03_01', '2021_03_08']: tx=89.75% (10770/12000)
          rx=10 on seen_days=['2021_03_01', '2021_03_08']: tx=94.57% (11348/12000)
          rx=11 on seen_days=['2021_03_01', '2021_03_08']: tx=94.26% (11311/12000)
[BEST-JOINT]  val_tx=98.65% & test_tx=89.13% @ E040
[CKPT]  latest -> finalist_runs/B2_A2_light_seed1337/latest_model.pth (saved) | best -> finalist_runs/B2_A2_light_seed1337/best_model_val.pth
====================================================================================================================================
[SAT-TEST] scenario=clear_leo selected=test_unseen_day_unseen_rx overall_tx=37.99% strict_udu=37.99% (22793/60000)
[SAT-TEST] scenario=low_elev_leo selected=test_unseen_day_unseen_rx overall_tx=37.70% strict_udu=37.70% (22621/60000)
[SAT-TEST] scenario=rain_leo selected=test_unseen_day_unseen_rx overall_tx=36.77% strict_udu=36.77% (22061/60000)
[SAT-TEST] scenario=storm_mp selected=test_unseen_day_unseen_rx overall_tx=33.18% strict_udu=33.18% (19907/60000)
[SAT-TEST] scenario=mixed_orbit selected=test_unseen_day_unseen_rx overall_tx=34.86% strict_udu=34.86% (20914/60000)
[BEST-TEST] overall=89.55% @ E033 -> finalist_runs/B2_A2_light_seed1337/best_model_test_overall.pth | unseen_day_unseen_rx=83.59% @ E033 -> finalist_runs/B2_A2_light_seed1337/best_model_strict_udu.pth | unseen_day_seen_rx=93.77% @ E033 | seen_day_unseen_rx=89.59% @ E033
[BEST-PRIMARY] score=85.68 @ E033 -> finalist_runs/B2_A2_light_seed1337/best_model_primary_ood.pth | overall=89.55% strict_udu=83.59%
[BEST-WORST-RX] worst_rx=80.21% (test_rx_7) @ E033 -> finalist_runs/B2_A2_light_seed1337/best_model_worst_rx.pth
====================================================================================================================================
[Epoch 042/200] time=85.1s | lr=1.79e-04 | aux_scale=1.000
[STAGE] phase=S2_stabilize_aux | use_aux=1.0 cons=0.31 cls_aux=0.26 reg=0.44 joint_inv=0.19 kl=0.22 group_ce=0.76
[MIXSTYLE-EPOCH] phase=base enabled=1 p=0.150 strength=0.650 anneal_t=0.000
[AUG] scale=0.350 | p_dac=0.000 p_pa=0.049 p_shift=0.122 p_cfo=0.122 p_awgn=0.140 p_mp=0.063 | max_shift=11 cfo_max=0.00014 pn_max=0.0021
------------------------------------------------------------------------------------------------------------------------------------
[LOSS-CORE] total=5.3510 cls=2.6861 dom=0.7209 adv=2.6066 orth=0.0009 cons=0.2085 group_ce=3.9583
[LOSS-AUX]  cls_pa=3.5796 cls_dac=0.0000 pa_joint_inv=0.3734 pa_kl=3.3116 dac_reg=0.0000 pa_reg=0.0156 gap_dac=0.0000 gap_pa=0.2336 cos_joint_pa=0.6266 cos_imp_pa=nan
[LOSS-SAT]  cls_sat=10.4041 sat_cons=0.7229 sat_cos=0.2771
[LOSS-DG]   proto=0.0000 proto_cos=nan supcon=0.0000 fishr=0.0023 sgc_res=0.0000
[LOSS-CAL]  ecc=0.0000 ecc_w=0.0000 ecc_tau=0.8817 ecc_maxp=nan
[TRAIN] tx=77.56% dom=74.25% cons_cos=0.7915
[GRAD]  total=1.712 backbone=1.000 aux=0.750 domain=0.482
[VAL]   tx=98.52% dom=92.60%
[TEST]  overall_tx=88.11% (179753/204000)
[TEST-SPLIT]
          unseen_day_seen_rx(days=['2021_03_15', '2021_03_23'], rxs=[0, 1, 2, 3, 4, 5, 6]): tx=92.91% (78048/84000)
          seen_day_unseen_rx(days=['2021_03_01', '2021_03_08'], rxs=[7, 8, 9, 10, 11]): tx=86.64% (51987/60000)
          unseen_day_unseen_rx(days=['2021_03_15', '2021_03_23'], rxs=[7, 8, 9, 10, 11]): tx=82.86% (49718/60000)
          day=2021_03_15 on seen_rxs=[0, 1, 2, 3, 4, 5, 6]: tx=95.58% (40144/42000)
          day=2021_03_23 on seen_rxs=[0, 1, 2, 3, 4, 5, 6]: tx=90.25% (37904/42000)
          rx=7 on seen_days=['2021_03_01', '2021_03_08']: tx=75.58% (9069/12000)
          rx=8 on seen_days=['2021_03_01', '2021_03_08']: tx=81.00% (9720/12000)
          rx=9 on seen_days=['2021_03_01', '2021_03_08']: tx=91.42% (10971/12000)
          rx=10 on seen_days=['2021_03_01', '2021_03_08']: tx=93.07% (11168/12000)
          rx=11 on seen_days=['2021_03_01', '2021_03_08']: tx=92.16% (11059/12000)
[BEST-JOINT]  val_tx=98.65% & test_tx=89.13% @ E040
[CKPT]  latest -> finalist_runs/B2_A2_light_seed1337/latest_model.pth (saved) | best -> finalist_runs/B2_A2_light_seed1337/best_model_val.pth
====================================================================================================================================
[SAT-TEST] scenario=clear_leo selected=test_unseen_day_unseen_rx overall_tx=40.46% strict_udu=40.46% (24275/60000)
[SAT-TEST] scenario=low_elev_leo selected=test_unseen_day_unseen_rx overall_tx=39.16% strict_udu=39.16% (23495/60000)
[SAT-TEST] scenario=rain_leo selected=test_unseen_day_unseen_rx overall_tx=38.26% strict_udu=38.26% (22957/60000)
[SAT-TEST] scenario=storm_mp selected=test_unseen_day_unseen_rx overall_tx=34.71% strict_udu=34.71% (20828/60000)
[SAT-TEST] scenario=mixed_orbit selected=test_unseen_day_unseen_rx overall_tx=36.18% strict_udu=36.18% (21709/60000)
[BEST-TEST] overall=89.55% @ E033 -> finalist_runs/B2_A2_light_seed1337/best_model_test_overall.pth | unseen_day_unseen_rx=83.59% @ E033 -> finalist_runs/B2_A2_light_seed1337/best_model_strict_udu.pth | unseen_day_seen_rx=93.77% @ E033 | seen_day_unseen_rx=89.59% @ E033
[BEST-PRIMARY] score=85.68 @ E033 -> finalist_runs/B2_A2_light_seed1337/best_model_primary_ood.pth | overall=89.55% strict_udu=83.59%
[BEST-WORST-RX] worst_rx=80.21% (test_rx_7) @ E033 -> finalist_runs/B2_A2_light_seed1337/best_model_worst_rx.pth
====================================================================================================================================
[Epoch 043/200] time=89.1s | lr=1.78e-04 | aux_scale=1.000
[STAGE] phase=S2_stabilize_aux | use_aux=1.0 cons=0.32 cls_aux=0.27 reg=0.45 joint_inv=0.19 kl=0.23 group_ce=0.77
[MIXSTYLE-EPOCH] phase=base enabled=1 p=0.150 strength=0.650 anneal_t=0.000
[AUG] scale=0.350 | p_dac=0.000 p_pa=0.049 p_shift=0.122 p_cfo=0.122 p_awgn=0.140 p_mp=0.063 | max_shift=11 cfo_max=0.00014 pn_max=0.0021
------------------------------------------------------------------------------------------------------------------------------------
[LOSS-CORE] total=4.2380 cls=1.8319 dom=0.5386 adv=2.6097 orth=0.0010 cons=0.1856 group_ce=2.9874
[LOSS-AUX]  cls_pa=3.4177 cls_dac=0.0000 pa_joint_inv=0.3686 pa_kl=3.1474 dac_reg=0.0000 pa_reg=0.0157 gap_dac=0.0000 gap_pa=0.2346 cos_joint_pa=0.6314 cos_imp_pa=nan
[LOSS-SAT]  cls_sat=10.2814 sat_cons=0.7468 sat_cos=0.2532
[LOSS-DG]   proto=0.0000 proto_cos=nan supcon=0.0000 fishr=0.0017 sgc_res=0.0000
[LOSS-CAL]  ecc=0.0000 ecc_w=0.0000 ecc_tau=0.8882 ecc_maxp=nan
[TRAIN] tx=84.68% dom=80.26% cons_cos=0.8144
[GRAD]  total=1.642 backbone=1.000 aux=0.750 domain=0.483
[VAL]   tx=98.66% dom=92.06%
[TEST]  overall_tx=89.13% (181833/204000)
[TEST-SPLIT]
          unseen_day_seen_rx(days=['2021_03_15', '2021_03_23'], rxs=[0, 1, 2, 3, 4, 5, 6]): tx=93.79% (78780/84000)
          seen_day_unseen_rx(days=['2021_03_01', '2021_03_08'], rxs=[7, 8, 9, 10, 11]): tx=89.03% (53421/60000)
          unseen_day_unseen_rx(days=['2021_03_15', '2021_03_23'], rxs=[7, 8, 9, 10, 11]): tx=82.72% (49632/60000)
          day=2021_03_15 on seen_rxs=[0, 1, 2, 3, 4, 5, 6]: tx=95.50% (40111/42000)
          day=2021_03_23 on seen_rxs=[0, 1, 2, 3, 4, 5, 6]: tx=92.07% (38669/42000)
          rx=7 on seen_days=['2021_03_01', '2021_03_08']: tx=82.35% (9882/12000)
          rx=8 on seen_days=['2021_03_01', '2021_03_08']: tx=80.62% (9675/12000)
          rx=9 on seen_days=['2021_03_01', '2021_03_08']: tx=92.24% (11069/12000)
          rx=10 on seen_days=['2021_03_01', '2021_03_08']: tx=96.64% (11597/12000)
          rx=11 on seen_days=['2021_03_01', '2021_03_08']: tx=93.32% (11198/12000)
[BEST-JOINT]  val_tx=98.66% & test_tx=89.13% @ E043
[CKPT]  latest -> finalist_runs/B2_A2_light_seed1337/latest_model.pth (saved) | best -> finalist_runs/B2_A2_light_seed1337/best_model_val.pth (updated: val improved)
====================================================================================================================================
[SAT-TEST] scenario=clear_leo selected=test_unseen_day_unseen_rx overall_tx=40.07% strict_udu=40.07% (24042/60000)
[SAT-TEST] scenario=low_elev_leo selected=test_unseen_day_unseen_rx overall_tx=39.75% strict_udu=39.75% (23848/60000)
[SAT-TEST] scenario=rain_leo selected=test_unseen_day_unseen_rx overall_tx=38.51% strict_udu=38.51% (23105/60000)
[SAT-TEST] scenario=storm_mp selected=test_unseen_day_unseen_rx overall_tx=34.48% strict_udu=34.48% (20687/60000)
[SAT-TEST] scenario=mixed_orbit selected=test_unseen_day_unseen_rx overall_tx=36.26% strict_udu=36.26% (21757/60000)
[BEST-TEST] overall=89.55% @ E033 -> finalist_runs/B2_A2_light_seed1337/best_model_test_overall.pth | unseen_day_unseen_rx=83.59% @ E033 -> finalist_runs/B2_A2_light_seed1337/best_model_strict_udu.pth | unseen_day_seen_rx=93.79% @ E043 | seen_day_unseen_rx=89.59% @ E033
[BEST-PRIMARY] score=85.68 @ E033 -> finalist_runs/B2_A2_light_seed1337/best_model_primary_ood.pth | overall=89.55% strict_udu=83.59%
[BEST-WORST-RX] worst_rx=80.62% (test_rx_8) @ E043 -> finalist_runs/B2_A2_light_seed1337/best_model_worst_rx.pth
====================================================================================================================================
[Epoch 044/200] time=91.3s | lr=1.77e-04 | aux_scale=1.000
[STAGE] phase=S2_stabilize_aux | use_aux=1.0 cons=0.33 cls_aux=0.28 reg=0.46 joint_inv=0.20 kl=0.23 group_ce=0.77
[MIXSTYLE-EPOCH] phase=base enabled=1 p=0.150 strength=0.650 anneal_t=0.000
[AUG] scale=0.350 | p_dac=0.000 p_pa=0.049 p_shift=0.122 p_cfo=0.122 p_awgn=0.140 p_mp=0.063 | max_shift=11 cfo_max=0.00014 pn_max=0.0021
------------------------------------------------------------------------------------------------------------------------------------
[LOSS-CORE] total=4.7161 cls=2.2137 dom=0.5797 adv=2.6138 orth=0.0011 cons=0.2056 group_ce=3.4611
[LOSS-AUX]  cls_pa=3.4813 cls_dac=0.0000 pa_joint_inv=0.3658 pa_kl=3.1949 dac_reg=0.0000 pa_reg=0.0171 gap_dac=0.0000 gap_pa=0.2416 cos_joint_pa=0.6342 cos_imp_pa=nan
[LOSS-SAT]  cls_sat=10.2895 sat_cons=0.7490 sat_cos=0.2510
[LOSS-DG]   proto=0.0000 proto_cos=nan supcon=0.0000 fishr=0.0019 sgc_res=0.0000
[LOSS-CAL]  ecc=0.0000 ecc_w=0.0000 ecc_tau=0.8944 ecc_maxp=nan
[TRAIN] tx=82.18% dom=79.06% cons_cos=0.7945
[GRAD]  total=1.600 backbone=1.000 aux=0.750 domain=0.471
[VAL]   tx=98.64% dom=92.57%
[TEST]  overall_tx=87.42% (178337/204000)
[TEST-SPLIT]
          unseen_day_seen_rx(days=['2021_03_15', '2021_03_23'], rxs=[0, 1, 2, 3, 4, 5, 6]): tx=92.81% (77964/84000)
          seen_day_unseen_rx(days=['2021_03_01', '2021_03_08'], rxs=[7, 8, 9, 10, 11]): tx=86.54% (51925/60000)
          unseen_day_unseen_rx(days=['2021_03_15', '2021_03_23'], rxs=[7, 8, 9, 10, 11]): tx=80.75% (48448/60000)
          day=2021_03_15 on seen_rxs=[0, 1, 2, 3, 4, 5, 6]: tx=93.88% (39431/42000)
          day=2021_03_23 on seen_rxs=[0, 1, 2, 3, 4, 5, 6]: tx=91.75% (38533/42000)
          rx=7 on seen_days=['2021_03_01', '2021_03_08']: tx=78.87% (9464/12000)
          rx=8 on seen_days=['2021_03_01', '2021_03_08']: tx=79.89% (9587/12000)
          rx=9 on seen_days=['2021_03_01', '2021_03_08']: tx=90.13% (10816/12000)
          rx=10 on seen_days=['2021_03_01', '2021_03_08']: tx=92.07% (11048/12000)
          rx=11 on seen_days=['2021_03_01', '2021_03_08']: tx=91.75% (11010/12000)
[BEST-JOINT]  val_tx=98.66% & test_tx=89.13% @ E043
[CKPT]  latest -> finalist_runs/B2_A2_light_seed1337/latest_model.pth (saved) | best -> finalist_runs/B2_A2_light_seed1337/best_model_val.pth
====================================================================================================================================
[SAT-TEST] scenario=clear_leo selected=test_unseen_day_unseen_rx overall_tx=39.21% strict_udu=39.21% (23525/60000)
[SAT-TEST] scenario=low_elev_leo selected=test_unseen_day_unseen_rx overall_tx=39.57% strict_udu=39.57% (23744/60000)
[SAT-TEST] scenario=rain_leo selected=test_unseen_day_unseen_rx overall_tx=37.40% strict_udu=37.40% (22442/60000)
[SAT-TEST] scenario=storm_mp selected=test_unseen_day_unseen_rx overall_tx=33.90% strict_udu=33.90% (20341/60000)
[SAT-TEST] scenario=mixed_orbit selected=test_unseen_day_unseen_rx overall_tx=34.57% strict_udu=34.57% (20744/60000)
[BEST-TEST] overall=89.55% @ E033 -> finalist_runs/B2_A2_light_seed1337/best_model_test_overall.pth | unseen_day_unseen_rx=83.59% @ E033 -> finalist_runs/B2_A2_light_seed1337/best_model_strict_udu.pth | unseen_day_seen_rx=93.79% @ E043 | seen_day_unseen_rx=89.59% @ E033
[BEST-PRIMARY] score=85.68 @ E033 -> finalist_runs/B2_A2_light_seed1337/best_model_primary_ood.pth | overall=89.55% strict_udu=83.59%
[BEST-WORST-RX] worst_rx=80.62% (test_rx_8) @ E043 -> finalist_runs/B2_A2_light_seed1337/best_model_worst_rx.pth
====================================================================================================================================
[Epoch 045/200] time=86.9s | lr=1.76e-04 | aux_scale=1.000
[STAGE] phase=S2_stabilize_aux | use_aux=1.0 cons=0.34 cls_aux=0.29 reg=0.46 joint_inv=0.20 kl=0.24 group_ce=0.78
[MIXSTYLE-EPOCH] phase=base enabled=1 p=0.150 strength=0.650 anneal_t=0.000
[AUG] scale=0.350 | p_dac=0.000 p_pa=0.049 p_shift=0.122 p_cfo=0.122 p_awgn=0.140 p_mp=0.063 | max_shift=11 cfo_max=0.00014 pn_max=0.0021
------------------------------------------------------------------------------------------------------------------------------------
[LOSS-CORE] total=5.3728 cls=2.7517 dom=0.6269 adv=2.6149 orth=0.0010 cons=0.2242 group_ce=4.1005
[LOSS-AUX]  cls_pa=3.6592 cls_dac=0.0000 pa_joint_inv=0.3760 pa_kl=3.3628 dac_reg=0.0000 pa_reg=0.0153 gap_dac=0.0000 gap_pa=0.2393 cos_joint_pa=0.6240 cos_imp_pa=nan
[LOSS-SAT]  cls_sat=10.2380 sat_cons=0.7282 sat_cos=0.2718
[LOSS-DG]   proto=0.0000 proto_cos=nan supcon=0.0000 fishr=0.0024 sgc_res=0.0000
[LOSS-CAL]  ecc=0.0000 ecc_w=0.0000 ecc_tau=0.9004 ecc_maxp=nan
[TRAIN] tx=77.36% dom=76.98% cons_cos=0.7758
[GRAD]  total=1.614 backbone=1.000 aux=0.750 domain=0.476
[VAL]   tx=98.33% dom=92.40%
[TEST]  overall_tx=86.39% (176244/204000)
[TEST-SPLIT]
          unseen_day_seen_rx(days=['2021_03_15', '2021_03_23'], rxs=[0, 1, 2, 3, 4, 5, 6]): tx=92.57% (77762/84000)
          seen_day_unseen_rx(days=['2021_03_01', '2021_03_08'], rxs=[7, 8, 9, 10, 11]): tx=84.60% (50760/60000)
          unseen_day_unseen_rx(days=['2021_03_15', '2021_03_23'], rxs=[7, 8, 9, 10, 11]): tx=79.54% (47722/60000)
          day=2021_03_15 on seen_rxs=[0, 1, 2, 3, 4, 5, 6]: tx=95.05% (39920/42000)
          day=2021_03_23 on seen_rxs=[0, 1, 2, 3, 4, 5, 6]: tx=90.10% (37842/42000)
          rx=7 on seen_days=['2021_03_01', '2021_03_08']: tx=73.67% (8840/12000)
          rx=8 on seen_days=['2021_03_01', '2021_03_08']: tx=81.12% (9734/12000)
          rx=9 on seen_days=['2021_03_01', '2021_03_08']: tx=90.05% (10806/12000)
          rx=10 on seen_days=['2021_03_01', '2021_03_08']: tx=86.66% (10399/12000)
          rx=11 on seen_days=['2021_03_01', '2021_03_08']: tx=91.51% (10981/12000)
[BEST-JOINT]  val_tx=98.66% & test_tx=89.13% @ E043
[CKPT]  latest -> finalist_runs/B2_A2_light_seed1337/latest_model.pth (saved) | best -> finalist_runs/B2_A2_light_seed1337/best_model_val.pth
====================================================================================================================================
[SAT-TEST] scenario=clear_leo selected=test_unseen_day_unseen_rx overall_tx=41.58% strict_udu=41.58% (24949/60000)
[SAT-TEST] scenario=low_elev_leo selected=test_unseen_day_unseen_rx overall_tx=41.25% strict_udu=41.25% (24750/60000)
[SAT-TEST] scenario=rain_leo selected=test_unseen_day_unseen_rx overall_tx=39.55% strict_udu=39.55% (23732/60000)
[SAT-TEST] scenario=storm_mp selected=test_unseen_day_unseen_rx overall_tx=35.49% strict_udu=35.49% (21294/60000)
[SAT-TEST] scenario=mixed_orbit selected=test_unseen_day_unseen_rx overall_tx=37.31% strict_udu=37.31% (22388/60000)
[BEST-TEST] overall=89.55% @ E033 -> finalist_runs/B2_A2_light_seed1337/best_model_test_overall.pth | unseen_day_unseen_rx=83.59% @ E033 -> finalist_runs/B2_A2_light_seed1337/best_model_strict_udu.pth | unseen_day_seen_rx=93.79% @ E043 | seen_day_unseen_rx=89.59% @ E033
[BEST-PRIMARY] score=85.68 @ E033 -> finalist_runs/B2_A2_light_seed1337/best_model_primary_ood.pth | overall=89.55% strict_udu=83.59%
[BEST-WORST-RX] worst_rx=80.62% (test_rx_8) @ E043 -> finalist_runs/B2_A2_light_seed1337/best_model_worst_rx.pth
====================================================================================================================================
[Epoch 046/200] time=87.5s | lr=1.75e-04 | aux_scale=1.000
[STAGE] phase=S2_stabilize_aux | use_aux=1.0 cons=0.35 cls_aux=0.30 reg=0.47 joint_inv=0.20 kl=0.24 group_ce=0.78
[MIXSTYLE-EPOCH] phase=base enabled=1 p=0.150 strength=0.650 anneal_t=0.000
[AUG] scale=0.350 | p_dac=0.000 p_pa=0.049 p_shift=0.122 p_cfo=0.122 p_awgn=0.140 p_mp=0.063 | max_shift=11 cfo_max=0.00014 pn_max=0.0021
------------------------------------------------------------------------------------------------------------------------------------
[LOSS-CORE] total=4.4826 cls=2.0233 dom=0.5553 adv=2.6128 orth=0.0013 cons=0.1971 group_ce=3.1637
[LOSS-AUX]  cls_pa=3.2595 cls_dac=0.0000 pa_joint_inv=0.3562 pa_kl=2.9674 dac_reg=0.0000 pa_reg=0.0154 gap_dac=0.0000 gap_pa=0.2412 cos_joint_pa=0.6438 cos_imp_pa=nan
[LOSS-SAT]  cls_sat=10.1523 sat_cons=0.7453 sat_cos=0.2547
[LOSS-DG]   proto=0.0000 proto_cos=nan supcon=0.0000 fishr=0.0018 sgc_res=0.0000
[LOSS-CAL]  ecc=0.0000 ecc_w=0.0000 ecc_tau=0.9061 ecc_maxp=nan
[TRAIN] tx=83.38% dom=79.23% cons_cos=0.8029
[GRAD]  total=1.680 backbone=1.000 aux=0.750 domain=0.480
[VAL]   tx=98.73% dom=92.75%
[TEST]  overall_tx=87.50% (178494/204000)
[TEST-SPLIT]
          unseen_day_seen_rx(days=['2021_03_15', '2021_03_23'], rxs=[0, 1, 2, 3, 4, 5, 6]): tx=92.47% (77671/84000)
          seen_day_unseen_rx(days=['2021_03_01', '2021_03_08'], rxs=[7, 8, 9, 10, 11]): tx=87.72% (52631/60000)
          unseen_day_unseen_rx(days=['2021_03_15', '2021_03_23'], rxs=[7, 8, 9, 10, 11]): tx=80.32% (48192/60000)
          day=2021_03_15 on seen_rxs=[0, 1, 2, 3, 4, 5, 6]: tx=93.62% (39321/42000)
          day=2021_03_23 on seen_rxs=[0, 1, 2, 3, 4, 5, 6]: tx=91.31% (38350/42000)
          rx=7 on seen_days=['2021_03_01', '2021_03_08']: tx=80.65% (9678/12000)
          rx=8 on seen_days=['2021_03_01', '2021_03_08']: tx=82.32% (9878/12000)
          rx=9 on seen_days=['2021_03_01', '2021_03_08']: tx=90.64% (10877/12000)
          rx=10 on seen_days=['2021_03_01', '2021_03_08']: tx=92.57% (11108/12000)
          rx=11 on seen_days=['2021_03_01', '2021_03_08']: tx=92.42% (11090/12000)
[BEST-JOINT]  val_tx=98.73% & test_tx=87.50% @ E046
[CKPT]  latest -> finalist_runs/B2_A2_light_seed1337/latest_model.pth (saved) | best -> finalist_runs/B2_A2_light_seed1337/best_model_val.pth (updated: val improved)
====================================================================================================================================
[SAT-TEST] scenario=clear_leo selected=test_unseen_day_unseen_rx overall_tx=40.14% strict_udu=40.14% (24085/60000)
[SAT-TEST] scenario=low_elev_leo selected=test_unseen_day_unseen_rx overall_tx=38.85% strict_udu=38.85% (23310/60000)
[SAT-TEST] scenario=rain_leo selected=test_unseen_day_unseen_rx overall_tx=38.27% strict_udu=38.27% (22960/60000)
[SAT-TEST] scenario=storm_mp selected=test_unseen_day_unseen_rx overall_tx=36.08% strict_udu=36.08% (21645/60000)
[SAT-TEST] scenario=mixed_orbit selected=test_unseen_day_unseen_rx overall_tx=37.40% strict_udu=37.40% (22438/60000)
[BEST-TEST] overall=89.55% @ E033 -> finalist_runs/B2_A2_light_seed1337/best_model_test_overall.pth | unseen_day_unseen_rx=83.59% @ E033 -> finalist_runs/B2_A2_light_seed1337/best_model_strict_udu.pth | unseen_day_seen_rx=93.79% @ E043 | seen_day_unseen_rx=89.59% @ E033
[BEST-PRIMARY] score=85.68 @ E033 -> finalist_runs/B2_A2_light_seed1337/best_model_primary_ood.pth | overall=89.55% strict_udu=83.59%
[BEST-WORST-RX] worst_rx=80.65% (test_rx_7) @ E046 -> finalist_runs/B2_A2_light_seed1337/best_model_worst_rx.pth
====================================================================================================================================
[Epoch 047/200] time=88.3s | lr=1.74e-04 | aux_scale=1.000
[STAGE] phase=S2_stabilize_aux | use_aux=1.0 cons=0.35 cls_aux=0.30 reg=0.48 joint_inv=0.21 kl=0.25 group_ce=0.78
[MIXSTYLE-EPOCH] phase=base enabled=1 p=0.150 strength=0.650 anneal_t=0.000
[AUG] scale=0.350 | p_dac=0.000 p_pa=0.049 p_shift=0.122 p_cfo=0.122 p_awgn=0.140 p_mp=0.063 | max_shift=11 cfo_max=0.00014 pn_max=0.0021
------------------------------------------------------------------------------------------------------------------------------------
[LOSS-CORE] total=5.0831 cls=2.4628 dom=0.6484 adv=2.6165 orth=0.0012 cons=0.2084 group_ce=3.7462
[LOSS-AUX]  cls_pa=3.2902 cls_dac=0.0000 pa_joint_inv=0.3566 pa_kl=3.0423 dac_reg=0.0000 pa_reg=0.0155 gap_dac=0.0000 gap_pa=0.2413 cos_joint_pa=0.6434 cos_imp_pa=nan
[LOSS-SAT]  cls_sat=10.2591 sat_cons=0.7419 sat_cos=0.2581
[LOSS-DG]   proto=0.0000 proto_cos=nan supcon=0.0000 fishr=0.0021 sgc_res=0.0000
[LOSS-CAL]  ecc=0.0000 ecc_w=0.0000 ecc_tau=0.9115 ecc_maxp=nan
[TRAIN] tx=80.23% dom=77.16% cons_cos=0.7916
[GRAD]  total=1.743 backbone=1.000 aux=0.750 domain=0.482
[VAL]   tx=98.69% dom=92.38%
[TEST]  overall_tx=87.82% (179156/204000)
[TEST-SPLIT]
          unseen_day_seen_rx(days=['2021_03_15', '2021_03_23'], rxs=[0, 1, 2, 3, 4, 5, 6]): tx=92.33% (77557/84000)
          seen_day_unseen_rx(days=['2021_03_01', '2021_03_08'], rxs=[7, 8, 9, 10, 11]): tx=88.02% (52814/60000)
          unseen_day_unseen_rx(days=['2021_03_15', '2021_03_23'], rxs=[7, 8, 9, 10, 11]): tx=81.31% (48785/60000)
          day=2021_03_15 on seen_rxs=[0, 1, 2, 3, 4, 5, 6]: tx=93.95% (39461/42000)
          day=2021_03_23 on seen_rxs=[0, 1, 2, 3, 4, 5, 6]: tx=90.70% (38096/42000)
          rx=7 on seen_days=['2021_03_01', '2021_03_08']: tx=80.78% (9694/12000)
          rx=8 on seen_days=['2021_03_01', '2021_03_08']: tx=82.34% (9881/12000)
          rx=9 on seen_days=['2021_03_01', '2021_03_08']: tx=90.25% (10830/12000)
          rx=10 on seen_days=['2021_03_01', '2021_03_08']: tx=93.51% (11221/12000)
          rx=11 on seen_days=['2021_03_01', '2021_03_08']: tx=93.23% (11188/12000)
[BEST-JOINT]  val_tx=98.73% & test_tx=87.50% @ E046
[CKPT]  latest -> finalist_runs/B2_A2_light_seed1337/latest_model.pth (saved) | best -> finalist_runs/B2_A2_light_seed1337/best_model_val.pth
====================================================================================================================================
[SAT-TEST] scenario=clear_leo selected=test_unseen_day_unseen_rx overall_tx=40.54% strict_udu=40.54% (24325/60000)
[SAT-TEST] scenario=low_elev_leo selected=test_unseen_day_unseen_rx overall_tx=40.28% strict_udu=40.28% (24170/60000)
[SAT-TEST] scenario=rain_leo selected=test_unseen_day_unseen_rx overall_tx=38.55% strict_udu=38.55% (23131/60000)
[SAT-TEST] scenario=storm_mp selected=test_unseen_day_unseen_rx overall_tx=35.37% strict_udu=35.37% (21224/60000)
[SAT-TEST] scenario=mixed_orbit selected=test_unseen_day_unseen_rx overall_tx=37.04% strict_udu=37.04% (22223/60000)
[BEST-TEST] overall=89.55% @ E033 -> finalist_runs/B2_A2_light_seed1337/best_model_test_overall.pth | unseen_day_unseen_rx=83.59% @ E033 -> finalist_runs/B2_A2_light_seed1337/best_model_strict_udu.pth | unseen_day_seen_rx=93.79% @ E043 | seen_day_unseen_rx=89.59% @ E033
[BEST-PRIMARY] score=85.68 @ E033 -> finalist_runs/B2_A2_light_seed1337/best_model_primary_ood.pth | overall=89.55% strict_udu=83.59%
[BEST-WORST-RX] worst_rx=80.78% (test_rx_7) @ E047 -> finalist_runs/B2_A2_light_seed1337/best_model_worst_rx.pth
====================================================================================================================================
[Epoch 048/200] time=88.3s | lr=1.73e-04 | aux_scale=1.000
[STAGE] phase=S2_stabilize_aux | use_aux=1.0 cons=0.36 cls_aux=0.31 reg=0.48 joint_inv=0.21 kl=0.25 group_ce=0.79
[MIXSTYLE-EPOCH] phase=base enabled=1 p=0.150 strength=0.650 anneal_t=0.000
[AUG] scale=0.350 | p_dac=0.000 p_pa=0.049 p_shift=0.122 p_cfo=0.122 p_awgn=0.140 p_mp=0.063 | max_shift=11 cfo_max=0.00014 pn_max=0.0021
------------------------------------------------------------------------------------------------------------------------------------
[LOSS-CORE] total=5.2308 cls=2.5656 dom=0.6792 adv=2.6203 orth=0.0011 cons=0.2128 group_ce=3.7873
[LOSS-AUX]  cls_pa=3.2109 cls_dac=0.0000 pa_joint_inv=0.3481 pa_kl=2.9406 dac_reg=0.0000 pa_reg=0.0154 gap_dac=0.0000 gap_pa=0.2471 cos_joint_pa=0.6519 cos_imp_pa=nan
[LOSS-SAT]  cls_sat=10.2861 sat_cons=0.7286 sat_cos=0.2714
[LOSS-DG]   proto=0.0000 proto_cos=nan supcon=0.0000 fishr=0.0022 sgc_res=0.0000
[LOSS-CAL]  ecc=0.0000 ecc_w=0.0000 ecc_tau=0.9166 ecc_maxp=nan
[TRAIN] tx=78.32% dom=75.58% cons_cos=0.7872
[GRAD]  total=1.707 backbone=1.000 aux=0.750 domain=0.466
[VAL]   tx=98.44% dom=93.07%
[TEST]  overall_tx=88.37% (180276/204000)
[TEST-SPLIT]
          unseen_day_seen_rx(days=['2021_03_15', '2021_03_23'], rxs=[0, 1, 2, 3, 4, 5, 6]): tx=92.94% (78070/84000)
          seen_day_unseen_rx(days=['2021_03_01', '2021_03_08'], rxs=[7, 8, 9, 10, 11]): tx=88.05% (52830/60000)
          unseen_day_unseen_rx(days=['2021_03_15', '2021_03_23'], rxs=[7, 8, 9, 10, 11]): tx=82.29% (49376/60000)
          day=2021_03_15 on seen_rxs=[0, 1, 2, 3, 4, 5, 6]: tx=95.31% (40030/42000)
          day=2021_03_23 on seen_rxs=[0, 1, 2, 3, 4, 5, 6]: tx=90.57% (38040/42000)
          rx=7 on seen_days=['2021_03_01', '2021_03_08']: tx=80.36% (9643/12000)
          rx=8 on seen_days=['2021_03_01', '2021_03_08']: tx=81.59% (9791/12000)
          rx=9 on seen_days=['2021_03_01', '2021_03_08']: tx=90.03% (10804/12000)
          rx=10 on seen_days=['2021_03_01', '2021_03_08']: tx=95.28% (11433/12000)
          rx=11 on seen_days=['2021_03_01', '2021_03_08']: tx=92.99% (11159/12000)
[BEST-JOINT]  val_tx=98.73% & test_tx=87.50% @ E046
[CKPT]  latest -> finalist_runs/B2_A2_light_seed1337/latest_model.pth (saved) | best -> finalist_runs/B2_A2_light_seed1337/best_model_val.pth
====================================================================================================================================
[SAT-TEST] scenario=clear_leo selected=test_unseen_day_unseen_rx overall_tx=42.34% strict_udu=42.34% (25406/60000)
[SAT-TEST] scenario=low_elev_leo selected=test_unseen_day_unseen_rx overall_tx=40.73% strict_udu=40.73% (24439/60000)
[SAT-TEST] scenario=rain_leo selected=test_unseen_day_unseen_rx overall_tx=39.55% strict_udu=39.55% (23728/60000)
[SAT-TEST] scenario=storm_mp selected=test_unseen_day_unseen_rx overall_tx=34.74% strict_udu=34.74% (20843/60000)
[SAT-TEST] scenario=mixed_orbit selected=test_unseen_day_unseen_rx overall_tx=37.90% strict_udu=37.90% (22740/60000)
[BEST-TEST] overall=89.55% @ E033 -> finalist_runs/B2_A2_light_seed1337/best_model_test_overall.pth | unseen_day_unseen_rx=83.59% @ E033 -> finalist_runs/B2_A2_light_seed1337/best_model_strict_udu.pth | unseen_day_seen_rx=93.79% @ E043 | seen_day_unseen_rx=89.59% @ E033
[BEST-PRIMARY] score=85.68 @ E033 -> finalist_runs/B2_A2_light_seed1337/best_model_primary_ood.pth | overall=89.55% strict_udu=83.59%
[BEST-WORST-RX] worst_rx=80.78% (test_rx_7) @ E047 -> finalist_runs/B2_A2_light_seed1337/best_model_worst_rx.pth
====================================================================================================================================
[Epoch 049/200] time=85.8s | lr=1.72e-04 | aux_scale=1.000
[STAGE] phase=S2_stabilize_aux | use_aux=1.0 cons=0.37 cls_aux=0.32 reg=0.49 joint_inv=0.21 kl=0.26 group_ce=0.79
[MIXSTYLE-EPOCH] phase=base enabled=1 p=0.150 strength=0.650 anneal_t=0.000
[AUG] scale=0.350 | p_dac=0.000 p_pa=0.049 p_shift=0.122 p_cfo=0.122 p_awgn=0.140 p_mp=0.063 | max_shift=11 cfo_max=0.00014 pn_max=0.0021
------------------------------------------------------------------------------------------------------------------------------------
[LOSS-CORE] total=4.4829 cls=2.0077 dom=0.5266 adv=2.6210 orth=0.0012 cons=0.2000 group_ce=3.1983
[LOSS-AUX]  cls_pa=3.2080 cls_dac=0.0000 pa_joint_inv=0.3405 pa_kl=2.9421 dac_reg=0.0000 pa_reg=0.0154 gap_dac=0.0000 gap_pa=0.2491 cos_joint_pa=0.6595 cos_imp_pa=nan
[LOSS-SAT]  cls_sat=10.1959 sat_cons=0.7438 sat_cos=0.2562
[LOSS-DG]   proto=0.0000 proto_cos=nan supcon=0.0000 fishr=0.0019 sgc_res=0.0000
[LOSS-CAL]  ecc=0.0000 ecc_w=0.0000 ecc_tau=0.9214 ecc_maxp=nan
[TRAIN] tx=83.34% dom=80.29% cons_cos=0.8000
[GRAD]  total=1.555 backbone=1.000 aux=0.750 domain=0.461
[VAL]   tx=98.68% dom=92.69%
[TEST]  overall_tx=89.19% (181953/204000)
[TEST-SPLIT]
          unseen_day_seen_rx(days=['2021_03_15', '2021_03_23'], rxs=[0, 1, 2, 3, 4, 5, 6]): tx=93.48% (78525/84000)
          seen_day_unseen_rx(days=['2021_03_01', '2021_03_08'], rxs=[7, 8, 9, 10, 11]): tx=88.61% (53168/60000)
          unseen_day_unseen_rx(days=['2021_03_15', '2021_03_23'], rxs=[7, 8, 9, 10, 11]): tx=83.77% (50260/60000)
          day=2021_03_15 on seen_rxs=[0, 1, 2, 3, 4, 5, 6]: tx=95.92% (40287/42000)
          day=2021_03_23 on seen_rxs=[0, 1, 2, 3, 4, 5, 6]: tx=91.04% (38238/42000)
          rx=7 on seen_days=['2021_03_01', '2021_03_08']: tx=82.72% (9926/12000)
          rx=8 on seen_days=['2021_03_01', '2021_03_08']: tx=81.48% (9778/12000)
          rx=9 on seen_days=['2021_03_01', '2021_03_08']: tx=91.16% (10939/12000)
          rx=10 on seen_days=['2021_03_01', '2021_03_08']: tx=94.45% (11334/12000)
          rx=11 on seen_days=['2021_03_01', '2021_03_08']: tx=93.26% (11191/12000)
[BEST-JOINT]  val_tx=98.73% & test_tx=87.50% @ E046
[CKPT]  latest -> finalist_runs/B2_A2_light_seed1337/latest_model.pth (saved) | best -> finalist_runs/B2_A2_light_seed1337/best_model_val.pth
====================================================================================================================================
[SAT-TEST] scenario=clear_leo selected=test_unseen_day_unseen_rx overall_tx=43.31% strict_udu=43.31% (25986/60000)
[SAT-TEST] scenario=low_elev_leo selected=test_unseen_day_unseen_rx overall_tx=42.84% strict_udu=42.84% (25701/60000)
[SAT-TEST] scenario=rain_leo selected=test_unseen_day_unseen_rx overall_tx=41.46% strict_udu=41.46% (24877/60000)
[SAT-TEST] scenario=storm_mp selected=test_unseen_day_unseen_rx overall_tx=36.32% strict_udu=36.32% (21791/60000)
[SAT-TEST] scenario=mixed_orbit selected=test_unseen_day_unseen_rx overall_tx=38.58% strict_udu=38.58% (23145/60000)
[BEST-TEST] overall=89.55% @ E033 -> finalist_runs/B2_A2_light_seed1337/best_model_test_overall.pth | unseen_day_unseen_rx=83.77% @ E049 -> finalist_runs/B2_A2_light_seed1337/best_model_strict_udu.pth | unseen_day_seen_rx=93.79% @ E043 | seen_day_unseen_rx=89.59% @ E033
[BEST-PRIMARY] score=85.68 @ E033 -> finalist_runs/B2_A2_light_seed1337/best_model_primary_ood.pth | overall=89.55% strict_udu=83.59%
[BEST-WORST-RX] worst_rx=81.48% (test_rx_8) @ E049 -> finalist_runs/B2_A2_light_seed1337/best_model_worst_rx.pth
====================================================================================================================================
[Epoch 050/200] time=86.2s | lr=1.71e-04 | aux_scale=1.000
[STAGE] phase=S2_stabilize_aux | use_aux=1.0 cons=0.38 cls_aux=0.33 reg=0.50 joint_inv=0.22 kl=0.27 group_ce=0.80
[MIXSTYLE-EPOCH] phase=base enabled=1 p=0.150 strength=0.650 anneal_t=0.000
[AUG] scale=0.350 | p_dac=0.000 p_pa=0.049 p_shift=0.122 p_cfo=0.122 p_awgn=0.140 p_mp=0.063 | max_shift=11 cfo_max=0.00014 pn_max=0.0021
------------------------------------------------------------------------------------------------------------------------------------
[LOSS-CORE] total=4.8901 cls=2.2867 dom=0.6381 adv=2.6209 orth=0.0014 cons=0.2047 group_ce=3.4690
[LOSS-AUX]  cls_pa=2.8934 cls_dac=0.0000 pa_joint_inv=0.3211 pa_kl=2.6505 dac_reg=0.0000 pa_reg=0.0156 gap_dac=0.0000 gap_pa=0.2488 cos_joint_pa=0.6789 cos_imp_pa=nan
[LOSS-SAT]  cls_sat=10.2667 sat_cons=0.7383 sat_cos=0.2617
[LOSS-DG]   proto=0.0000 proto_cos=nan supcon=0.0000 fishr=0.0019 sgc_res=0.0000
[LOSS-CAL]  ecc=0.0000 ecc_w=0.0000 ecc_tau=0.9258 ecc_maxp=nan
[TRAIN] tx=81.01% dom=77.57% cons_cos=0.7953
[GRAD]  total=1.769 backbone=1.000 aux=0.750 domain=0.472
[VAL]   tx=98.73% dom=92.97%
[TEST]  overall_tx=88.17% (179871/204000)
[TEST-SPLIT]
          unseen_day_seen_rx(days=['2021_03_15', '2021_03_23'], rxs=[0, 1, 2, 3, 4, 5, 6]): tx=93.38% (78442/84000)
          seen_day_unseen_rx(days=['2021_03_01', '2021_03_08'], rxs=[7, 8, 9, 10, 11]): tx=86.04% (51625/60000)
          unseen_day_unseen_rx(days=['2021_03_15', '2021_03_23'], rxs=[7, 8, 9, 10, 11]): tx=83.01% (49804/60000)
          day=2021_03_15 on seen_rxs=[0, 1, 2, 3, 4, 5, 6]: tx=96.07% (40350/42000)
          day=2021_03_23 on seen_rxs=[0, 1, 2, 3, 4, 5, 6]: tx=90.70% (38092/42000)
          rx=7 on seen_days=['2021_03_01', '2021_03_08']: tx=77.47% (9296/12000)
          rx=8 on seen_days=['2021_03_01', '2021_03_08']: tx=80.30% (9636/12000)
          rx=9 on seen_days=['2021_03_01', '2021_03_08']: tx=91.63% (10996/12000)
          rx=10 on seen_days=['2021_03_01', '2021_03_08']: tx=88.23% (10588/12000)
          rx=11 on seen_days=['2021_03_01', '2021_03_08']: tx=92.58% (11109/12000)
[BEST-JOINT]  val_tx=98.73% & test_tx=88.17% @ E050
[CKPT]  latest -> finalist_runs/B2_A2_light_seed1337/latest_model.pth (saved) | best -> finalist_runs/B2_A2_light_seed1337/best_model_val.pth (updated: val improved)
====================================================================================================================================
[SAT-TEST] scenario=clear_leo selected=test_unseen_day_unseen_rx overall_tx=42.30% strict_udu=42.30% (25378/60000)
[SAT-TEST] scenario=low_elev_leo selected=test_unseen_day_unseen_rx overall_tx=42.08% strict_udu=42.08% (25246/60000)
[SAT-TEST] scenario=rain_leo selected=test_unseen_day_unseen_rx overall_tx=40.27% strict_udu=40.27% (24162/60000)
[SAT-TEST] scenario=storm_mp selected=test_unseen_day_unseen_rx overall_tx=35.29% strict_udu=35.29% (21172/60000)
[SAT-TEST] scenario=mixed_orbit selected=test_unseen_day_unseen_rx overall_tx=37.35% strict_udu=37.35% (22409/60000)
[BEST-TEST] overall=89.55% @ E033 -> finalist_runs/B2_A2_light_seed1337/best_model_test_overall.pth | unseen_day_unseen_rx=83.77% @ E049 -> finalist_runs/B2_A2_light_seed1337/best_model_strict_udu.pth | unseen_day_seen_rx=93.79% @ E043 | seen_day_unseen_rx=89.59% @ E033
[BEST-PRIMARY] score=85.68 @ E033 -> finalist_runs/B2_A2_light_seed1337/best_model_primary_ood.pth | overall=89.55% strict_udu=83.59%
[BEST-WORST-RX] worst_rx=81.48% (test_rx_8) @ E049 -> finalist_runs/B2_A2_light_seed1337/best_model_worst_rx.pth
====================================================================================================================================
[Epoch 051/200] time=86.7s | lr=1.70e-04 | aux_scale=1.000
[STAGE] phase=S2_stabilize_aux | use_aux=1.0 cons=0.39 cls_aux=0.34 reg=0.51 joint_inv=0.22 kl=0.27 group_ce=0.80
[MIXSTYLE-EPOCH] phase=base enabled=1 p=0.150 strength=0.650 anneal_t=0.000
[AUG] scale=0.350 | p_dac=0.000 p_pa=0.049 p_shift=0.122 p_cfo=0.122 p_awgn=0.140 p_mp=0.063 | max_shift=11 cfo_max=0.00014 pn_max=0.0021
------------------------------------------------------------------------------------------------------------------------------------
[LOSS-CORE] total=3.7765 cls=1.4570 dom=0.4259 adv=2.6206 orth=0.0016 cons=0.1812 group_ce=2.5236
[LOSS-AUX]  cls_pa=2.9286 cls_dac=0.0000 pa_joint_inv=0.3293 pa_kl=2.6638 dac_reg=0.0000 pa_reg=0.0153 gap_dac=0.0000 gap_pa=0.2423 cos_joint_pa=0.6707 cos_imp_pa=nan
[LOSS-SAT]  cls_sat=10.0332 sat_cons=0.7614 sat_cos=0.2386
[LOSS-DG]   proto=0.0000 proto_cos=nan supcon=0.0000 fishr=0.0013 sgc_res=0.0000
[LOSS-CAL]  ecc=0.0000 ecc_w=0.0000 ecc_tau=0.9299 ecc_maxp=nan
[TRAIN] tx=88.02% dom=83.68% cons_cos=0.8188
[GRAD]  total=1.611 backbone=1.000 aux=0.750 domain=0.471
[VAL]   tx=98.66% dom=92.78%
[TEST]  overall_tx=88.80% (181155/204000)
[TEST-SPLIT]
          unseen_day_seen_rx(days=['2021_03_15', '2021_03_23'], rxs=[0, 1, 2, 3, 4, 5, 6]): tx=93.01% (78125/84000)
          seen_day_unseen_rx(days=['2021_03_01', '2021_03_08'], rxs=[7, 8, 9, 10, 11]): tx=87.80% (52680/60000)
          unseen_day_unseen_rx(days=['2021_03_15', '2021_03_23'], rxs=[7, 8, 9, 10, 11]): tx=83.92% (50350/60000)
          day=2021_03_15 on seen_rxs=[0, 1, 2, 3, 4, 5, 6]: tx=95.59% (40147/42000)
          day=2021_03_23 on seen_rxs=[0, 1, 2, 3, 4, 5, 6]: tx=90.42% (37978/42000)
          rx=7 on seen_days=['2021_03_01', '2021_03_08']: tx=81.27% (9752/12000)
          rx=8 on seen_days=['2021_03_01', '2021_03_08']: tx=81.13% (9736/12000)
          rx=9 on seen_days=['2021_03_01', '2021_03_08']: tx=91.62% (10994/12000)
          rx=10 on seen_days=['2021_03_01', '2021_03_08']: tx=91.49% (10979/12000)
          rx=11 on seen_days=['2021_03_01', '2021_03_08']: tx=93.49% (11219/12000)
[BEST-JOINT]  val_tx=98.73% & test_tx=88.17% @ E050
[CKPT]  latest -> finalist_runs/B2_A2_light_seed1337/latest_model.pth (saved) | best -> finalist_runs/B2_A2_light_seed1337/best_model_val.pth
====================================================================================================================================
[SAT-TEST] scenario=clear_leo selected=test_unseen_day_unseen_rx overall_tx=42.53% strict_udu=42.53% (25520/60000)
[SAT-TEST] scenario=low_elev_leo selected=test_unseen_day_unseen_rx overall_tx=43.01% strict_udu=43.01% (25804/60000)
[SAT-TEST] scenario=rain_leo selected=test_unseen_day_unseen_rx overall_tx=40.83% strict_udu=40.83% (24496/60000)
[SAT-TEST] scenario=storm_mp selected=test_unseen_day_unseen_rx overall_tx=36.24% strict_udu=36.24% (21747/60000)
[SAT-TEST] scenario=mixed_orbit selected=test_unseen_day_unseen_rx overall_tx=38.30% strict_udu=38.30% (22978/60000)
[BEST-TEST] overall=89.55% @ E033 -> finalist_runs/B2_A2_light_seed1337/best_model_test_overall.pth | unseen_day_unseen_rx=83.92% @ E051 -> finalist_runs/B2_A2_light_seed1337/best_model_strict_udu.pth | unseen_day_seen_rx=93.79% @ E043 | seen_day_unseen_rx=89.59% @ E033
[BEST-PRIMARY] score=85.68 @ E033 -> finalist_runs/B2_A2_light_seed1337/best_model_primary_ood.pth | overall=89.55% strict_udu=83.59%
[BEST-WORST-RX] worst_rx=81.48% (test_rx_8) @ E049 -> finalist_runs/B2_A2_light_seed1337/best_model_worst_rx.pth
====================================================================================================================================
[Epoch 052/200] time=86.7s | lr=1.69e-04 | aux_scale=1.000
[STAGE] phase=S2_stabilize_aux | use_aux=1.0 cons=0.40 cls_aux=0.35 reg=0.51 joint_inv=0.22 kl=0.28 group_ce=0.81
[MIXSTYLE-EPOCH] phase=base enabled=1 p=0.150 strength=0.650 anneal_t=0.000
[AUG] scale=0.350 | p_dac=0.000 p_pa=0.049 p_shift=0.122 p_cfo=0.122 p_awgn=0.140 p_mp=0.063 | max_shift=11 cfo_max=0.00014 pn_max=0.0021
------------------------------------------------------------------------------------------------------------------------------------
[LOSS-CORE] total=4.8484 cls=2.2785 dom=0.5877 adv=2.6195 orth=0.0014 cons=0.2128 group_ce=3.5079
[LOSS-AUX]  cls_pa=2.8010 cls_dac=0.0000 pa_joint_inv=0.3322 pa_kl=2.5702 dac_reg=0.0000 pa_reg=0.0152 gap_dac=0.0000 gap_pa=0.2482 cos_joint_pa=0.6678 cos_imp_pa=nan
[LOSS-SAT]  cls_sat=10.1225 sat_cons=0.7355 sat_cos=0.2645
[LOSS-DG]   proto=0.0000 proto_cos=nan supcon=0.0000 fishr=0.0021 sgc_res=0.0000
[LOSS-CAL]  ecc=0.0000 ecc_w=0.0000 ecc_tau=0.9337 ecc_maxp=nan
[TRAIN] tx=81.24% dom=78.86% cons_cos=0.7872
[GRAD]  total=1.818 backbone=1.000 aux=0.750 domain=0.471
[VAL]   tx=98.37% dom=92.43%
[TEST]  overall_tx=88.14% (179806/204000)
[TEST-SPLIT]
          unseen_day_seen_rx(days=['2021_03_15', '2021_03_23'], rxs=[0, 1, 2, 3, 4, 5, 6]): tx=92.77% (77928/84000)
          seen_day_unseen_rx(days=['2021_03_01', '2021_03_08'], rxs=[7, 8, 9, 10, 11]): tx=87.33% (52396/60000)
          unseen_day_unseen_rx(days=['2021_03_15', '2021_03_23'], rxs=[7, 8, 9, 10, 11]): tx=82.47% (49482/60000)
          day=2021_03_15 on seen_rxs=[0, 1, 2, 3, 4, 5, 6]: tx=95.59% (40148/42000)
          day=2021_03_23 on seen_rxs=[0, 1, 2, 3, 4, 5, 6]: tx=89.95% (37780/42000)
          rx=7 on seen_days=['2021_03_01', '2021_03_08']: tx=80.97% (9716/12000)
          rx=8 on seen_days=['2021_03_01', '2021_03_08']: tx=81.25% (9750/12000)
          rx=9 on seen_days=['2021_03_01', '2021_03_08']: tx=89.98% (10798/12000)
          rx=10 on seen_days=['2021_03_01', '2021_03_08']: tx=94.63% (11356/12000)
          rx=11 on seen_days=['2021_03_01', '2021_03_08']: tx=89.80% (10776/12000)
[BEST-JOINT]  val_tx=98.73% & test_tx=88.17% @ E050
[CKPT]  latest -> finalist_runs/B2_A2_light_seed1337/latest_model.pth (saved) | best -> finalist_runs/B2_A2_light_seed1337/best_model_val.pth
====================================================================================================================================
[SAT-TEST] scenario=clear_leo selected=test_unseen_day_unseen_rx overall_tx=44.59% strict_udu=44.59% (26753/60000)
[SAT-TEST] scenario=low_elev_leo selected=test_unseen_day_unseen_rx overall_tx=44.45% strict_udu=44.45% (26673/60000)
[SAT-TEST] scenario=rain_leo selected=test_unseen_day_unseen_rx overall_tx=42.24% strict_udu=42.24% (25346/60000)
[SAT-TEST] scenario=storm_mp selected=test_unseen_day_unseen_rx overall_tx=36.58% strict_udu=36.58% (21945/60000)
[SAT-TEST] scenario=mixed_orbit selected=test_unseen_day_unseen_rx overall_tx=39.18% strict_udu=39.18% (23509/60000)
[BEST-TEST] overall=89.55% @ E033 -> finalist_runs/B2_A2_light_seed1337/best_model_test_overall.pth | unseen_day_unseen_rx=83.92% @ E051 -> finalist_runs/B2_A2_light_seed1337/best_model_strict_udu.pth | unseen_day_seen_rx=93.79% @ E043 | seen_day_unseen_rx=89.59% @ E033
[BEST-PRIMARY] score=85.68 @ E033 -> finalist_runs/B2_A2_light_seed1337/best_model_primary_ood.pth | overall=89.55% strict_udu=83.59%
[BEST-WORST-RX] worst_rx=81.48% (test_rx_8) @ E049 -> finalist_runs/B2_A2_light_seed1337/best_model_worst_rx.pth
====================================================================================================================================
[Epoch 053/200] time=85.7s | lr=1.67e-04 | aux_scale=1.000
[STAGE] phase=S2_stabilize_aux | use_aux=1.0 cons=0.41 cls_aux=0.36 reg=0.52 joint_inv=0.23 kl=0.28 group_ce=0.81
[MIXSTYLE-EPOCH] phase=base enabled=1 p=0.150 strength=0.650 anneal_t=0.000
[AUG] scale=0.350 | p_dac=0.000 p_pa=0.049 p_shift=0.122 p_cfo=0.122 p_awgn=0.140 p_mp=0.063 | max_shift=11 cfo_max=0.00014 pn_max=0.0021
------------------------------------------------------------------------------------------------------------------------------------
[LOSS-CORE] total=4.4183 cls=1.9020 dom=0.5571 adv=2.6241 orth=0.0015 cons=0.1903 group_ce=3.0337
[LOSS-AUX]  cls_pa=2.8026 cls_dac=0.0000 pa_joint_inv=0.3243 pa_kl=2.5767 dac_reg=0.0000 pa_reg=0.0154 gap_dac=0.0000 gap_pa=0.2473 cos_joint_pa=0.6757 cos_imp_pa=nan
[LOSS-SAT]  cls_sat=10.1233 sat_cons=0.7471 sat_cos=0.2529
[LOSS-DG]   proto=0.0000 proto_cos=nan supcon=0.0000 fishr=0.0019 sgc_res=0.0000
[LOSS-CAL]  ecc=0.0000 ecc_w=0.0000 ecc_tau=0.9370 ecc_maxp=nan
[TRAIN] tx=84.11% dom=79.69% cons_cos=0.8097
[GRAD]  total=1.754 backbone=1.000 aux=0.750 domain=0.465
[VAL]   tx=98.75% dom=92.71%
[TEST]  overall_tx=89.16% (181883/204000)
[TEST-SPLIT]
          unseen_day_seen_rx(days=['2021_03_15', '2021_03_23'], rxs=[0, 1, 2, 3, 4, 5, 6]): tx=93.27% (78345/84000)
          seen_day_unseen_rx(days=['2021_03_01', '2021_03_08'], rxs=[7, 8, 9, 10, 11]): tx=88.75% (53250/60000)
          unseen_day_unseen_rx(days=['2021_03_15', '2021_03_23'], rxs=[7, 8, 9, 10, 11]): tx=83.81% (50288/60000)
          day=2021_03_15 on seen_rxs=[0, 1, 2, 3, 4, 5, 6]: tx=95.16% (39966/42000)
          day=2021_03_23 on seen_rxs=[0, 1, 2, 3, 4, 5, 6]: tx=91.38% (38379/42000)
          rx=7 on seen_days=['2021_03_01', '2021_03_08']: tx=81.85% (9822/12000)
          rx=8 on seen_days=['2021_03_01', '2021_03_08']: tx=85.01% (10201/12000)
          rx=9 on seen_days=['2021_03_01', '2021_03_08']: tx=90.76% (10891/12000)
          rx=10 on seen_days=['2021_03_01', '2021_03_08']: tx=92.42% (11090/12000)
          rx=11 on seen_days=['2021_03_01', '2021_03_08']: tx=93.72% (11246/12000)
[BEST-JOINT]  val_tx=98.75% & test_tx=89.16% @ E053
[CKPT]  latest -> finalist_runs/B2_A2_light_seed1337/latest_model.pth (saved) | best -> finalist_runs/B2_A2_light_seed1337/best_model_val.pth (updated: val improved)
====================================================================================================================================
[SAT-TEST] scenario=clear_leo selected=test_unseen_day_unseen_rx overall_tx=43.01% strict_udu=43.01% (25807/60000)
[SAT-TEST] scenario=low_elev_leo selected=test_unseen_day_unseen_rx overall_tx=43.01% strict_udu=43.01% (25803/60000)
[SAT-TEST] scenario=rain_leo selected=test_unseen_day_unseen_rx overall_tx=41.26% strict_udu=41.26% (24755/60000)
[SAT-TEST] scenario=storm_mp selected=test_unseen_day_unseen_rx overall_tx=36.49% strict_udu=36.49% (21894/60000)
[SAT-TEST] scenario=mixed_orbit selected=test_unseen_day_unseen_rx overall_tx=38.57% strict_udu=38.57% (23144/60000)
[BEST-TEST] overall=89.55% @ E033 -> finalist_runs/B2_A2_light_seed1337/best_model_test_overall.pth | unseen_day_unseen_rx=83.92% @ E051 -> finalist_runs/B2_A2_light_seed1337/best_model_strict_udu.pth | unseen_day_seen_rx=93.79% @ E043 | seen_day_unseen_rx=89.59% @ E033
[BEST-PRIMARY] score=85.68 @ E053 -> finalist_runs/B2_A2_light_seed1337/best_model_primary_ood.pth | overall=89.16% strict_udu=83.81%
[BEST-WORST-RX] worst_rx=81.85% (test_rx_7) @ E053 -> finalist_runs/B2_A2_light_seed1337/best_model_worst_rx.pth
====================================================================================================================================
[Epoch 054/200] time=86.7s | lr=1.66e-04 | aux_scale=1.000
[STAGE] phase=S2_stabilize_aux | use_aux=1.0 cons=0.42 cls_aux=0.37 reg=0.53 joint_inv=0.23 kl=0.29 group_ce=0.82
[MIXSTYLE-EPOCH] phase=base enabled=1 p=0.150 strength=0.650 anneal_t=0.000
[AUG] scale=0.350 | p_dac=0.000 p_pa=0.049 p_shift=0.122 p_cfo=0.122 p_awgn=0.140 p_mp=0.063 | max_shift=11 cfo_max=0.00014 pn_max=0.0021
------------------------------------------------------------------------------------------------------------------------------------
[LOSS-CORE] total=5.1974 cls=2.4874 dom=0.6568 adv=2.6218 orth=0.0015 cons=0.2117 group_ce=3.7680
[LOSS-AUX]  cls_pa=2.9868 cls_dac=0.0000 pa_joint_inv=0.3294 pa_kl=2.7472 dac_reg=0.0000 pa_reg=0.0150 gap_dac=0.0000 gap_pa=0.2601 cos_joint_pa=0.6706 cos_imp_pa=nan
[LOSS-SAT]  cls_sat=10.2242 sat_cons=0.7341 sat_cos=0.2659
[LOSS-DG]   proto=0.0000 proto_cos=nan supcon=0.0000 fishr=0.0022 sgc_res=0.0000
[LOSS-CAL]  ecc=0.0000 ecc_w=0.0000 ecc_tau=0.9400 ecc_maxp=nan
[TRAIN] tx=79.42% dom=76.86% cons_cos=0.7883
[GRAD]  total=1.826 backbone=1.000 aux=0.750 domain=0.459
[VAL]   tx=98.75% dom=93.66%
[TEST]  overall_tx=87.99% (179503/204000)
[TEST-SPLIT]
          unseen_day_seen_rx(days=['2021_03_15', '2021_03_23'], rxs=[0, 1, 2, 3, 4, 5, 6]): tx=93.18% (78272/84000)
          seen_day_unseen_rx(days=['2021_03_01', '2021_03_08'], rxs=[7, 8, 9, 10, 11]): tx=86.95% (52171/60000)
          unseen_day_unseen_rx(days=['2021_03_15', '2021_03_23'], rxs=[7, 8, 9, 10, 11]): tx=81.77% (49060/60000)
          day=2021_03_15 on seen_rxs=[0, 1, 2, 3, 4, 5, 6]: tx=95.88% (40270/42000)
          day=2021_03_23 on seen_rxs=[0, 1, 2, 3, 4, 5, 6]: tx=90.48% (38002/42000)
          rx=7 on seen_days=['2021_03_01', '2021_03_08']: tx=77.05% (9246/12000)
          rx=8 on seen_days=['2021_03_01', '2021_03_08']: tx=80.23% (9628/12000)
          rx=9 on seen_days=['2021_03_01', '2021_03_08']: tx=94.08% (11290/12000)
          rx=10 on seen_days=['2021_03_01', '2021_03_08']: tx=91.65% (10998/12000)
          rx=11 on seen_days=['2021_03_01', '2021_03_08']: tx=91.74% (11009/12000)
[BEST-JOINT]  val_tx=98.75% & test_tx=89.16% @ E053
[CKPT]  latest -> finalist_runs/B2_A2_light_seed1337/latest_model.pth (saved) | best -> finalist_runs/B2_A2_light_seed1337/best_model_val.pth
====================================================================================================================================
[SAT-TEST] scenario=clear_leo selected=test_unseen_day_unseen_rx overall_tx=42.81% strict_udu=42.81% (25684/60000)
[SAT-TEST] scenario=low_elev_leo selected=test_unseen_day_unseen_rx overall_tx=43.01% strict_udu=43.01% (25807/60000)
[SAT-TEST] scenario=rain_leo selected=test_unseen_day_unseen_rx overall_tx=41.37% strict_udu=41.37% (24823/60000)
[SAT-TEST] scenario=storm_mp selected=test_unseen_day_unseen_rx overall_tx=36.70% strict_udu=36.70% (22019/60000)
[SAT-TEST] scenario=mixed_orbit selected=test_unseen_day_unseen_rx overall_tx=38.33% strict_udu=38.33% (22996/60000)
[BEST-TEST] overall=89.55% @ E033 -> finalist_runs/B2_A2_light_seed1337/best_model_test_overall.pth | unseen_day_unseen_rx=83.92% @ E051 -> finalist_runs/B2_A2_light_seed1337/best_model_strict_udu.pth | unseen_day_seen_rx=93.79% @ E043 | seen_day_unseen_rx=89.59% @ E033
[BEST-PRIMARY] score=85.68 @ E053 -> finalist_runs/B2_A2_light_seed1337/best_model_primary_ood.pth | overall=89.16% strict_udu=83.81%
[BEST-WORST-RX] worst_rx=81.85% (test_rx_7) @ E053 -> finalist_runs/B2_A2_light_seed1337/best_model_worst_rx.pth
====================================================================================================================================
[Epoch 055/200] time=87.0s | lr=1.65e-04 | aux_scale=1.000
[STAGE] phase=S2_stabilize_aux | use_aux=1.0 cons=0.43 cls_aux=0.38 reg=0.54 joint_inv=0.23 kl=0.30 group_ce=0.83
[MIXSTYLE-EPOCH] phase=base enabled=1 p=0.150 strength=0.650 anneal_t=0.000
[AUG] scale=0.350 | p_dac=0.000 p_pa=0.049 p_shift=0.122 p_cfo=0.122 p_awgn=0.140 p_mp=0.063 | max_shift=11 cfo_max=0.00014 pn_max=0.0021
------------------------------------------------------------------------------------------------------------------------------------
[LOSS-CORE] total=5.1083 cls=2.4222 dom=0.6547 adv=2.6194 orth=0.0014 cons=0.2171 group_ce=3.6680
[LOSS-AUX]  cls_pa=2.7266 cls_dac=0.0000 pa_joint_inv=0.3228 pa_kl=2.5087 dac_reg=0.0000 pa_reg=0.0150 gap_dac=0.0000 gap_pa=0.2567 cos_joint_pa=0.6772 cos_imp_pa=nan
[LOSS-SAT]  cls_sat=10.0922 sat_cons=0.7202 sat_cos=0.2798
[LOSS-DG]   proto=0.0000 proto_cos=nan supcon=0.0000 fishr=0.0022 sgc_res=0.0000
[LOSS-CAL]  ecc=0.0000 ecc_w=0.0000 ecc_tau=0.9427 ecc_maxp=nan
[TRAIN] tx=79.84% dom=76.89% cons_cos=0.7829
[GRAD]  total=1.739 backbone=1.000 aux=0.750 domain=0.467
[VAL]   tx=98.52% dom=93.41%
[TEST]  overall_tx=87.97% (179465/204000)
[TEST-SPLIT]
          unseen_day_seen_rx(days=['2021_03_15', '2021_03_23'], rxs=[0, 1, 2, 3, 4, 5, 6]): tx=92.71% (77878/84000)
          seen_day_unseen_rx(days=['2021_03_01', '2021_03_08'], rxs=[7, 8, 9, 10, 11]): tx=86.83% (52099/60000)
          unseen_day_unseen_rx(days=['2021_03_15', '2021_03_23'], rxs=[7, 8, 9, 10, 11]): tx=82.48% (49488/60000)
          day=2021_03_15 on seen_rxs=[0, 1, 2, 3, 4, 5, 6]: tx=95.00% (39900/42000)
          day=2021_03_23 on seen_rxs=[0, 1, 2, 3, 4, 5, 6]: tx=90.42% (37978/42000)
          rx=7 on seen_days=['2021_03_01', '2021_03_08']: tx=80.86% (9703/12000)
          rx=8 on seen_days=['2021_03_01', '2021_03_08']: tx=80.11% (9613/12000)
          rx=9 on seen_days=['2021_03_01', '2021_03_08']: tx=90.12% (10815/12000)
          rx=10 on seen_days=['2021_03_01', '2021_03_08']: tx=92.85% (11142/12000)
          rx=11 on seen_days=['2021_03_01', '2021_03_08']: tx=90.22% (10826/12000)
[BEST-JOINT]  val_tx=98.75% & test_tx=89.16% @ E053
[CKPT]  latest -> finalist_runs/B2_A2_light_seed1337/latest_model.pth (saved) | best -> finalist_runs/B2_A2_light_seed1337/best_model_val.pth
====================================================================================================================================
[SAT-TEST] scenario=clear_leo selected=test_unseen_day_unseen_rx overall_tx=40.77% strict_udu=40.77% (24463/60000)
[SAT-TEST] scenario=low_elev_leo selected=test_unseen_day_unseen_rx overall_tx=41.25% strict_udu=41.25% (24752/60000)
[SAT-TEST] scenario=rain_leo selected=test_unseen_day_unseen_rx overall_tx=39.65% strict_udu=39.65% (23788/60000)
[SAT-TEST] scenario=storm_mp selected=test_unseen_day_unseen_rx overall_tx=35.55% strict_udu=35.55% (21328/60000)
[SAT-TEST] scenario=mixed_orbit selected=test_unseen_day_unseen_rx overall_tx=37.30% strict_udu=37.30% (22377/60000)
[BEST-TEST] overall=89.55% @ E033 -> finalist_runs/B2_A2_light_seed1337/best_model_test_overall.pth | unseen_day_unseen_rx=83.92% @ E051 -> finalist_runs/B2_A2_light_seed1337/best_model_strict_udu.pth | unseen_day_seen_rx=93.79% @ E043 | seen_day_unseen_rx=89.59% @ E033
[BEST-PRIMARY] score=85.68 @ E053 -> finalist_runs/B2_A2_light_seed1337/best_model_primary_ood.pth | overall=89.16% strict_udu=83.81%
[BEST-WORST-RX] worst_rx=81.85% (test_rx_7) @ E053 -> finalist_runs/B2_A2_light_seed1337/best_model_worst_rx.pth
====================================================================================================================================
[Epoch 056/200] time=87.8s | lr=1.64e-04 | aux_scale=1.000
[STAGE] phase=S2_stabilize_aux | use_aux=1.0 cons=0.44 cls_aux=0.39 reg=0.55 joint_inv=0.24 kl=0.30 group_ce=0.83
[MIXSTYLE-EPOCH] phase=base enabled=1 p=0.150 strength=0.650 anneal_t=0.000
[AUG] scale=0.350 | p_dac=0.000 p_pa=0.049 p_shift=0.122 p_cfo=0.122 p_awgn=0.140 p_mp=0.063 | max_shift=11 cfo_max=0.00014 pn_max=0.0021
------------------------------------------------------------------------------------------------------------------------------------
[LOSS-CORE] total=4.7078 cls=2.1415 dom=0.5368 adv=2.6196 orth=0.0014 cons=0.2099 group_ce=3.4741
[LOSS-AUX]  cls_pa=2.6961 cls_dac=0.0000 pa_joint_inv=0.3281 pa_kl=2.4647 dac_reg=0.0000 pa_reg=0.0152 gap_dac=0.0000 gap_pa=0.2521 cos_joint_pa=0.6719 cos_imp_pa=nan
[LOSS-SAT]  cls_sat=10.1210 sat_cons=0.7397 sat_cos=0.2603
[LOSS-DG]   proto=0.0000 proto_cos=nan supcon=0.0000 fishr=0.0019 sgc_res=0.0000
[LOSS-CAL]  ecc=0.0000 ecc_w=0.0000 ecc_tau=0.9449 ecc_maxp=nan
[TRAIN] tx=82.81% dom=80.39% cons_cos=0.7901
[GRAD]  total=1.630 backbone=1.000 aux=0.750 domain=0.465
[VAL]   tx=98.75% dom=93.20%
[TEST]  overall_tx=89.33% (182233/204000)
[TEST-SPLIT]
          unseen_day_seen_rx(days=['2021_03_15', '2021_03_23'], rxs=[0, 1, 2, 3, 4, 5, 6]): tx=93.84% (78823/84000)
          seen_day_unseen_rx(days=['2021_03_01', '2021_03_08'], rxs=[7, 8, 9, 10, 11]): tx=88.75% (53248/60000)
          unseen_day_unseen_rx(days=['2021_03_15', '2021_03_23'], rxs=[7, 8, 9, 10, 11]): tx=83.60% (50162/60000)
          day=2021_03_15 on seen_rxs=[0, 1, 2, 3, 4, 5, 6]: tx=95.90% (40277/42000)
          day=2021_03_23 on seen_rxs=[0, 1, 2, 3, 4, 5, 6]: tx=91.78% (38546/42000)
          rx=7 on seen_days=['2021_03_01', '2021_03_08']: tx=81.16% (9739/12000)
          rx=8 on seen_days=['2021_03_01', '2021_03_08']: tx=82.66% (9919/12000)
          rx=9 on seen_days=['2021_03_01', '2021_03_08']: tx=92.21% (11065/12000)
          rx=10 on seen_days=['2021_03_01', '2021_03_08']: tx=91.07% (10928/12000)
          rx=11 on seen_days=['2021_03_01', '2021_03_08']: tx=96.64% (11597/12000)
[BEST-JOINT]  val_tx=98.75% & test_tx=89.16% @ E053
[CKPT]  latest -> finalist_runs/B2_A2_light_seed1337/latest_model.pth (saved) | best -> finalist_runs/B2_A2_light_seed1337/best_model_val.pth
====================================================================================================================================
[SAT-TEST] scenario=clear_leo selected=test_unseen_day_unseen_rx overall_tx=43.49% strict_udu=43.49% (26096/60000)
[SAT-TEST] scenario=low_elev_leo selected=test_unseen_day_unseen_rx overall_tx=43.15% strict_udu=43.15% (25889/60000)
[SAT-TEST] scenario=rain_leo selected=test_unseen_day_unseen_rx overall_tx=41.33% strict_udu=41.33% (24795/60000)
[SAT-TEST] scenario=storm_mp selected=test_unseen_day_unseen_rx overall_tx=36.32% strict_udu=36.32% (21790/60000)
[SAT-TEST] scenario=mixed_orbit selected=test_unseen_day_unseen_rx overall_tx=39.45% strict_udu=39.45% (23673/60000)
[BEST-TEST] overall=89.55% @ E033 -> finalist_runs/B2_A2_light_seed1337/best_model_test_overall.pth | unseen_day_unseen_rx=83.92% @ E051 -> finalist_runs/B2_A2_light_seed1337/best_model_strict_udu.pth | unseen_day_seen_rx=93.84% @ E056 | seen_day_unseen_rx=89.59% @ E033
[BEST-PRIMARY] score=85.68 @ E053 -> finalist_runs/B2_A2_light_seed1337/best_model_primary_ood.pth | overall=89.16% strict_udu=83.81%
[BEST-WORST-RX] worst_rx=81.85% (test_rx_7) @ E053 -> finalist_runs/B2_A2_light_seed1337/best_model_worst_rx.pth
[WARN][E057] unsafe backward/step skipped #6
====================================================================================================================================
[Epoch 057/200] time=86.9s | lr=1.63e-04 | aux_scale=1.000
[STAGE] phase=S2_stabilize_aux | use_aux=1.0 cons=0.45 cls_aux=0.40 reg=0.56 joint_inv=0.24 kl=0.31 group_ce=0.84
[MIXSTYLE-EPOCH] phase=base enabled=1 p=0.150 strength=0.650 anneal_t=0.000
[AUG] scale=0.350 | p_dac=0.000 p_pa=0.049 p_shift=0.122 p_cfo=0.122 p_awgn=0.140 p_mp=0.063 | max_shift=11 cfo_max=0.00014 pn_max=0.0021
------------------------------------------------------------------------------------------------------------------------------------
[LOSS-CORE] total=5.0742 cls=2.4021 dom=0.6369 adv=2.6208 orth=0.0016 cons=0.2048 group_ce=3.5947
[LOSS-AUX]  cls_pa=2.5350 cls_dac=0.0000 pa_joint_inv=0.3137 pa_kl=2.2984 dac_reg=0.0000 pa_reg=0.0152 gap_dac=0.0000 gap_pa=0.2540 cos_joint_pa=0.6863 cos_imp_pa=nan
[LOSS-SAT]  cls_sat=10.0154 sat_cons=0.7168 sat_cos=0.2832
[LOSS-DG]   proto=0.0000 proto_cos=nan supcon=0.0000 fishr=0.0021 sgc_res=0.0000
[LOSS-CAL]  ecc=0.0000 ecc_w=0.0000 ecc_tau=0.9467 ecc_maxp=nan
[TRAIN] tx=79.85% dom=77.12% cons_cos=0.7955
[GRAD]  total=1.745 backbone=1.000 aux=0.750 domain=0.464
[VAL]   tx=98.51% dom=91.66%
[TEST]  overall_tx=88.27% (180063/204000)
[TEST-SPLIT]
          unseen_day_seen_rx(days=['2021_03_15', '2021_03_23'], rxs=[0, 1, 2, 3, 4, 5, 6]): tx=92.80% (77954/84000)
          seen_day_unseen_rx(days=['2021_03_01', '2021_03_08'], rxs=[7, 8, 9, 10, 11]): tx=87.90% (52742/60000)
          unseen_day_unseen_rx(days=['2021_03_15', '2021_03_23'], rxs=[7, 8, 9, 10, 11]): tx=82.28% (49367/60000)
          day=2021_03_15 on seen_rxs=[0, 1, 2, 3, 4, 5, 6]: tx=95.59% (40146/42000)
          day=2021_03_23 on seen_rxs=[0, 1, 2, 3, 4, 5, 6]: tx=90.02% (37808/42000)
          rx=7 on seen_days=['2021_03_01', '2021_03_08']: tx=80.23% (9628/12000)
          rx=8 on seen_days=['2021_03_01', '2021_03_08']: tx=82.22% (9867/12000)
          rx=9 on seen_days=['2021_03_01', '2021_03_08']: tx=90.20% (10824/12000)
          rx=10 on seen_days=['2021_03_01', '2021_03_08']: tx=94.66% (11359/12000)
          rx=11 on seen_days=['2021_03_01', '2021_03_08']: tx=92.19% (11063/12000)
[BEST-JOINT]  val_tx=98.75% & test_tx=89.16% @ E053
[CKPT]  latest -> finalist_runs/B2_A2_light_seed1337/latest_model.pth (saved) | best -> finalist_runs/B2_A2_light_seed1337/best_model_val.pth
====================================================================================================================================
[SAT-TEST] scenario=clear_leo selected=test_unseen_day_unseen_rx overall_tx=42.77% strict_udu=42.77% (25662/60000)
[SAT-TEST] scenario=low_elev_leo selected=test_unseen_day_unseen_rx overall_tx=42.13% strict_udu=42.13% (25278/60000)
[SAT-TEST] scenario=rain_leo selected=test_unseen_day_unseen_rx overall_tx=40.73% strict_udu=40.73% (24436/60000)
[SAT-TEST] scenario=storm_mp selected=test_unseen_day_unseen_rx overall_tx=35.57% strict_udu=35.57% (21341/60000)
[SAT-TEST] scenario=mixed_orbit selected=test_unseen_day_unseen_rx overall_tx=38.88% strict_udu=38.88% (23327/60000)
[BEST-TEST] overall=89.55% @ E033 -> finalist_runs/B2_A2_light_seed1337/best_model_test_overall.pth | unseen_day_unseen_rx=83.92% @ E051 -> finalist_runs/B2_A2_light_seed1337/best_model_strict_udu.pth | unseen_day_seen_rx=93.84% @ E056 | seen_day_unseen_rx=89.59% @ E033
[BEST-PRIMARY] score=85.68 @ E053 -> finalist_runs/B2_A2_light_seed1337/best_model_primary_ood.pth | overall=89.16% strict_udu=83.81%
[BEST-WORST-RX] worst_rx=81.85% (test_rx_7) @ E053 -> finalist_runs/B2_A2_light_seed1337/best_model_worst_rx.pth
====================================================================================================================================
[Epoch 058/200] time=87.0s | lr=1.61e-04 | aux_scale=1.000
[STAGE] phase=S2_stabilize_aux | use_aux=1.0 cons=0.46 cls_aux=0.41 reg=0.57 joint_inv=0.25 kl=0.32 group_ce=0.84
[MIXSTYLE-EPOCH] phase=base enabled=1 p=0.150 strength=0.650 anneal_t=0.000
[AUG] scale=0.350 | p_dac=0.000 p_pa=0.049 p_shift=0.122 p_cfo=0.122 p_awgn=0.140 p_mp=0.063 | max_shift=11 cfo_max=0.00014 pn_max=0.0021
------------------------------------------------------------------------------------------------------------------------------------
[LOSS-CORE] total=4.3472 cls=1.7989 dom=0.5328 adv=2.6210 orth=0.0018 cons=0.1907 group_ce=2.9378
[LOSS-AUX]  cls_pa=2.7147 cls_dac=0.0000 pa_joint_inv=0.3137 pa_kl=2.4875 dac_reg=0.0000 pa_reg=0.0147 gap_dac=0.0000 gap_pa=0.2625 cos_joint_pa=0.6863 cos_imp_pa=nan
[LOSS-SAT]  cls_sat=10.1037 sat_cons=0.7380 sat_cos=0.2620
[LOSS-DG]   proto=0.0000 proto_cos=nan supcon=0.0000 fishr=0.0016 sgc_res=0.0000
[LOSS-CAL]  ecc=0.0000 ecc_w=0.0000 ecc_tau=0.9482 ecc_maxp=nan
[TRAIN] tx=85.24% dom=80.96% cons_cos=0.8093
[GRAD]  total=1.702 backbone=1.000 aux=0.750 domain=0.457
[VAL]   tx=98.50% dom=93.88%
[TEST]  overall_tx=87.66% (178835/204000)
[TEST-SPLIT]
          unseen_day_seen_rx(days=['2021_03_15', '2021_03_23'], rxs=[0, 1, 2, 3, 4, 5, 6]): tx=92.67% (77839/84000)
          seen_day_unseen_rx(days=['2021_03_01', '2021_03_08'], rxs=[7, 8, 9, 10, 11]): tx=86.25% (51750/60000)
          unseen_day_unseen_rx(days=['2021_03_15', '2021_03_23'], rxs=[7, 8, 9, 10, 11]): tx=82.08% (49246/60000)
          day=2021_03_15 on seen_rxs=[0, 1, 2, 3, 4, 5, 6]: tx=95.83% (40250/42000)
          day=2021_03_23 on seen_rxs=[0, 1, 2, 3, 4, 5, 6]: tx=89.50% (37589/42000)
          rx=7 on seen_days=['2021_03_01', '2021_03_08']: tx=77.83% (9339/12000)
          rx=8 on seen_days=['2021_03_01', '2021_03_08']: tx=80.63% (9676/12000)
          rx=9 on seen_days=['2021_03_01', '2021_03_08']: tx=91.35% (10962/12000)
          rx=10 on seen_days=['2021_03_01', '2021_03_08']: tx=92.60% (11112/12000)
          rx=11 on seen_days=['2021_03_01', '2021_03_08']: tx=88.84% (10661/12000)
[BEST-JOINT]  val_tx=98.75% & test_tx=89.16% @ E053
[CKPT]  latest -> finalist_runs/B2_A2_light_seed1337/latest_model.pth (saved) | best -> finalist_runs/B2_A2_light_seed1337/best_model_val.pth
====================================================================================================================================
[SAT-TEST] scenario=clear_leo selected=test_unseen_day_unseen_rx overall_tx=42.91% strict_udu=42.91% (25743/60000)
[SAT-TEST] scenario=low_elev_leo selected=test_unseen_day_unseen_rx overall_tx=41.56% strict_udu=41.56% (24939/60000)
[SAT-TEST] scenario=rain_leo selected=test_unseen_day_unseen_rx overall_tx=41.23% strict_udu=41.23% (24740/60000)
[SAT-TEST] scenario=storm_mp selected=test_unseen_day_unseen_rx overall_tx=36.40% strict_udu=36.40% (21841/60000)
[SAT-TEST] scenario=mixed_orbit selected=test_unseen_day_unseen_rx overall_tx=39.02% strict_udu=39.02% (23411/60000)
[BEST-TEST] overall=89.55% @ E033 -> finalist_runs/B2_A2_light_seed1337/best_model_test_overall.pth | unseen_day_unseen_rx=83.92% @ E051 -> finalist_runs/B2_A2_light_seed1337/best_model_strict_udu.pth | unseen_day_seen_rx=93.84% @ E056 | seen_day_unseen_rx=89.59% @ E033
[BEST-PRIMARY] score=85.68 @ E053 -> finalist_runs/B2_A2_light_seed1337/best_model_primary_ood.pth | overall=89.16% strict_udu=83.81%
[BEST-WORST-RX] worst_rx=81.85% (test_rx_7) @ E053 -> finalist_runs/B2_A2_light_seed1337/best_model_worst_rx.pth
[WARN][E059] unsafe backward/step skipped #7
====================================================================================================================================
[Epoch 059/200] time=85.8s | lr=1.60e-04 | aux_scale=1.000
[STAGE] phase=S2_stabilize_aux | use_aux=1.0 cons=0.47 cls_aux=0.42 reg=0.57 joint_inv=0.25 kl=0.32 group_ce=0.85
[MIXSTYLE-EPOCH] phase=base enabled=1 p=0.150 strength=0.650 anneal_t=0.000
[AUG] scale=0.350 | p_dac=0.000 p_pa=0.049 p_shift=0.122 p_cfo=0.122 p_awgn=0.140 p_mp=0.063 | max_shift=11 cfo_max=0.00014 pn_max=0.0021
------------------------------------------------------------------------------------------------------------------------------------
[LOSS-CORE] total=5.0616 cls=2.3922 dom=0.5916 adv=2.6157 orth=0.0014 cons=0.2283 group_ce=3.7566
[LOSS-AUX]  cls_pa=2.5246 cls_dac=0.0000 pa_joint_inv=0.3096 pa_kl=2.3007 dac_reg=0.0000 pa_reg=0.0151 gap_dac=0.0000 gap_pa=0.2588 cos_joint_pa=0.6904 cos_imp_pa=nan
[LOSS-SAT]  cls_sat=10.0147 sat_cons=0.7244 sat_cos=0.2756
[LOSS-DG]   proto=0.0000 proto_cos=nan supcon=0.0000 fishr=0.0024 sgc_res=0.0000
[LOSS-CAL]  ecc=0.0000 ecc_w=0.0000 ecc_tau=0.9492 ecc_maxp=nan
[TRAIN] tx=79.90% dom=77.95% cons_cos=0.7687
[GRAD]  total=1.607 backbone=1.000 aux=0.750 domain=0.461
[VAL]   tx=98.25% dom=93.33%
[TEST]  overall_tx=86.86% (177198/204000)
[TEST-SPLIT]
          unseen_day_seen_rx(days=['2021_03_15', '2021_03_23'], rxs=[0, 1, 2, 3, 4, 5, 6]): tx=92.40% (77614/84000)
          seen_day_unseen_rx(days=['2021_03_01', '2021_03_08'], rxs=[7, 8, 9, 10, 11]): tx=85.23% (51139/60000)
          unseen_day_unseen_rx(days=['2021_03_15', '2021_03_23'], rxs=[7, 8, 9, 10, 11]): tx=80.74% (48445/60000)
          day=2021_03_15 on seen_rxs=[0, 1, 2, 3, 4, 5, 6]: tx=95.37% (40054/42000)
          day=2021_03_23 on seen_rxs=[0, 1, 2, 3, 4, 5, 6]: tx=89.43% (37560/42000)
          rx=7 on seen_days=['2021_03_01', '2021_03_08']: tx=78.19% (9383/12000)
          rx=8 on seen_days=['2021_03_01', '2021_03_08']: tx=82.45% (9894/12000)
          rx=9 on seen_days=['2021_03_01', '2021_03_08']: tx=90.08% (10809/12000)
          rx=10 on seen_days=['2021_03_01', '2021_03_08']: tx=90.48% (10858/12000)
          rx=11 on seen_days=['2021_03_01', '2021_03_08']: tx=84.96% (10195/12000)
[BEST-JOINT]  val_tx=98.75% & test_tx=89.16% @ E053
[CKPT]  latest -> finalist_runs/B2_A2_light_seed1337/latest_model.pth (saved) | best -> finalist_runs/B2_A2_light_seed1337/best_model_val.pth
====================================================================================================================================
[SAT-TEST] scenario=clear_leo selected=test_unseen_day_unseen_rx overall_tx=41.64% strict_udu=41.64% (24982/60000)
[SAT-TEST] scenario=low_elev_leo selected=test_unseen_day_unseen_rx overall_tx=41.02% strict_udu=41.02% (24612/60000)
[SAT-TEST] scenario=rain_leo selected=test_unseen_day_unseen_rx overall_tx=40.45% strict_udu=40.45% (24272/60000)
[SAT-TEST] scenario=storm_mp selected=test_unseen_day_unseen_rx overall_tx=35.97% strict_udu=35.97% (21581/60000)
[SAT-TEST] scenario=mixed_orbit selected=test_unseen_day_unseen_rx overall_tx=38.23% strict_udu=38.23% (22939/60000)
[BEST-TEST] overall=89.55% @ E033 -> finalist_runs/B2_A2_light_seed1337/best_model_test_overall.pth | unseen_day_unseen_rx=83.92% @ E051 -> finalist_runs/B2_A2_light_seed1337/best_model_strict_udu.pth | unseen_day_seen_rx=93.84% @ E056 | seen_day_unseen_rx=89.59% @ E033
[BEST-PRIMARY] score=85.68 @ E053 -> finalist_runs/B2_A2_light_seed1337/best_model_primary_ood.pth | overall=89.16% strict_udu=83.81%
[BEST-WORST-RX] worst_rx=81.85% (test_rx_7) @ E053 -> finalist_runs/B2_A2_light_seed1337/best_model_worst_rx.pth
====================================================================================================================================
[Epoch 060/200] time=89.1s | lr=1.59e-04 | aux_scale=1.000
[STAGE] phase=S2_stabilize_aux | use_aux=1.0 cons=0.49 cls_aux=0.44 reg=0.58 joint_inv=0.25 kl=0.33 group_ce=0.86
[MIXSTYLE-EPOCH] phase=base enabled=1 p=0.150 strength=0.650 anneal_t=0.000
[AUG] scale=0.350 | p_dac=0.000 p_pa=0.049 p_shift=0.122 p_cfo=0.122 p_awgn=0.140 p_mp=0.063 | max_shift=11 cfo_max=0.00014 pn_max=0.0021
------------------------------------------------------------------------------------------------------------------------------------
[LOSS-CORE] total=5.0667 cls=2.4069 dom=0.5898 adv=2.6139 orth=0.0014 cons=0.2177 group_ce=3.6113
[LOSS-AUX]  cls_pa=2.4550 cls_dac=0.0000 pa_joint_inv=0.3007 pa_kl=2.2237 dac_reg=0.0000 pa_reg=0.0151 gap_dac=0.0000 gap_pa=0.2586 cos_joint_pa=0.6993 cos_imp_pa=nan
[LOSS-SAT]  cls_sat=9.9447 sat_cons=0.7244 sat_cos=0.2756
[LOSS-DG]   proto=0.0000 proto_cos=nan supcon=0.0000 fishr=0.0021 sgc_res=0.0000
[LOSS-CAL]  ecc=0.0000 ecc_w=0.0000 ecc_tau=0.9498 ecc_maxp=nan
[TRAIN] tx=80.31% dom=78.46% cons_cos=0.7823
[GRAD]  total=1.680 backbone=1.000 aux=0.750 domain=0.456
[VAL]   tx=98.78% dom=93.46%
[TEST]  overall_tx=89.03% (181629/204000)
[TEST-SPLIT]
          unseen_day_seen_rx(days=['2021_03_15', '2021_03_23'], rxs=[0, 1, 2, 3, 4, 5, 6]): tx=93.32% (78391/84000)
          seen_day_unseen_rx(days=['2021_03_01', '2021_03_08'], rxs=[7, 8, 9, 10, 11]): tx=88.56% (53133/60000)
          unseen_day_unseen_rx(days=['2021_03_15', '2021_03_23'], rxs=[7, 8, 9, 10, 11]): tx=83.51% (50105/60000)
          day=2021_03_15 on seen_rxs=[0, 1, 2, 3, 4, 5, 6]: tx=94.17% (39553/42000)
          day=2021_03_23 on seen_rxs=[0, 1, 2, 3, 4, 5, 6]: tx=92.47% (38838/42000)
          rx=7 on seen_days=['2021_03_01', '2021_03_08']: tx=79.45% (9534/12000)
          rx=8 on seen_days=['2021_03_01', '2021_03_08']: tx=83.82% (10058/12000)
          rx=9 on seen_days=['2021_03_01', '2021_03_08']: tx=91.08% (10929/12000)
          rx=10 on seen_days=['2021_03_01', '2021_03_08']: tx=91.47% (10976/12000)
          rx=11 on seen_days=['2021_03_01', '2021_03_08']: tx=96.97% (11636/12000)
[BEST-JOINT]  val_tx=98.78% & test_tx=89.03% @ E060
[CKPT]  latest -> finalist_runs/B2_A2_light_seed1337/latest_model.pth (saved) | best -> finalist_runs/B2_A2_light_seed1337/best_model_val.pth (updated: val improved)
====================================================================================================================================
[SAT-TEST] scenario=clear_leo selected=test_unseen_day_unseen_rx overall_tx=42.48% strict_udu=42.48% (25486/60000)
[SAT-TEST] scenario=low_elev_leo selected=test_unseen_day_unseen_rx overall_tx=41.84% strict_udu=41.84% (25101/60000)
[SAT-TEST] scenario=rain_leo selected=test_unseen_day_unseen_rx overall_tx=40.29% strict_udu=40.29% (24175/60000)
[SAT-TEST] scenario=storm_mp selected=test_unseen_day_unseen_rx overall_tx=35.16% strict_udu=35.16% (21095/60000)
[SAT-TEST] scenario=mixed_orbit selected=test_unseen_day_unseen_rx overall_tx=38.49% strict_udu=38.49% (23097/60000)
[BEST-TEST] overall=89.55% @ E033 -> finalist_runs/B2_A2_light_seed1337/best_model_test_overall.pth | unseen_day_unseen_rx=83.92% @ E051 -> finalist_runs/B2_A2_light_seed1337/best_model_strict_udu.pth | unseen_day_seen_rx=93.84% @ E056 | seen_day_unseen_rx=89.59% @ E033
[BEST-PRIMARY] score=85.68 @ E053 -> finalist_runs/B2_A2_light_seed1337/best_model_primary_ood.pth | overall=89.16% strict_udu=83.81%
[BEST-WORST-RX] worst_rx=81.85% (test_rx_7) @ E053 -> finalist_runs/B2_A2_light_seed1337/best_model_worst_rx.pth
====================================================================================================================================
[Epoch 061/200] time=86.2s | lr=1.58e-04 | aux_scale=1.000
[STAGE] phase=S2_stabilize_aux | use_aux=1.0 cons=0.50 cls_aux=0.45 reg=0.59 joint_inv=0.26 kl=0.34 group_ce=0.86
[MIXSTYLE-EPOCH] phase=base enabled=1 p=0.150 strength=0.650 anneal_t=0.000
[AUG] scale=0.350 | p_dac=0.000 p_pa=0.049 p_shift=0.122 p_cfo=0.122 p_awgn=0.140 p_mp=0.063 | max_shift=11 cfo_max=0.00014 pn_max=0.0021
------------------------------------------------------------------------------------------------------------------------------------
[LOSS-CORE] total=4.2119 cls=1.7048 dom=0.4817 adv=2.6197 orth=0.0018 cons=0.1844 group_ce=2.7791
[LOSS-AUX]  cls_pa=2.4261 cls_dac=0.0000 pa_joint_inv=0.3039 pa_kl=2.2044 dac_reg=0.0000 pa_reg=0.0147 gap_dac=0.0000 gap_pa=0.2636 cos_joint_pa=0.6961 cos_imp_pa=nan
[LOSS-SAT]  cls_sat=10.1981 sat_cons=0.7517 sat_cos=0.2483
[LOSS-DG]   proto=0.0000 proto_cos=nan supcon=0.0000 fishr=0.0014 sgc_res=0.0000
[LOSS-CAL]  ecc=0.0000 ecc_w=0.0000 ecc_tau=0.9500 ecc_maxp=nan
[TRAIN] tx=86.67% dom=82.45% cons_cos=0.8156
[GRAD]  total=1.618 backbone=1.000 aux=0.750 domain=0.461
[VAL]   tx=98.82% dom=93.82%
[TEST]  overall_tx=88.81% (181172/204000)
[TEST-SPLIT]
          unseen_day_seen_rx(days=['2021_03_15', '2021_03_23'], rxs=[0, 1, 2, 3, 4, 5, 6]): tx=93.58% (78605/84000)
          seen_day_unseen_rx(days=['2021_03_01', '2021_03_08'], rxs=[7, 8, 9, 10, 11]): tx=88.32% (52991/60000)
          unseen_day_unseen_rx(days=['2021_03_15', '2021_03_23'], rxs=[7, 8, 9, 10, 11]): tx=82.63% (49576/60000)
          day=2021_03_15 on seen_rxs=[0, 1, 2, 3, 4, 5, 6]: tx=94.28% (39598/42000)
          day=2021_03_23 on seen_rxs=[0, 1, 2, 3, 4, 5, 6]: tx=92.87% (39007/42000)
          rx=7 on seen_days=['2021_03_01', '2021_03_08']: tx=84.01% (10081/12000)
          rx=8 on seen_days=['2021_03_01', '2021_03_08']: tx=83.56% (10027/12000)
          rx=9 on seen_days=['2021_03_01', '2021_03_08']: tx=90.92% (10910/12000)
          rx=10 on seen_days=['2021_03_01', '2021_03_08']: tx=91.06% (10927/12000)
          rx=11 on seen_days=['2021_03_01', '2021_03_08']: tx=92.05% (11046/12000)
[BEST-JOINT]  val_tx=98.82% & test_tx=88.81% @ E061
[CKPT]  latest -> finalist_runs/B2_A2_light_seed1337/latest_model.pth (saved) | best -> finalist_runs/B2_A2_light_seed1337/best_model_val.pth (updated: val improved)
====================================================================================================================================
[SAT-TEST] scenario=clear_leo selected=test_unseen_day_unseen_rx overall_tx=41.88% strict_udu=41.88% (25125/60000)
[SAT-TEST] scenario=low_elev_leo selected=test_unseen_day_unseen_rx overall_tx=41.87% strict_udu=41.87% (25124/60000)
[SAT-TEST] scenario=rain_leo selected=test_unseen_day_unseen_rx overall_tx=40.30% strict_udu=40.30% (24178/60000)
[SAT-TEST] scenario=storm_mp selected=test_unseen_day_unseen_rx overall_tx=36.74% strict_udu=36.74% (22047/60000)
[SAT-TEST] scenario=mixed_orbit selected=test_unseen_day_unseen_rx overall_tx=38.24% strict_udu=38.24% (22943/60000)
[BEST-TEST] overall=89.55% @ E033 -> finalist_runs/B2_A2_light_seed1337/best_model_test_overall.pth | unseen_day_unseen_rx=83.92% @ E051 -> finalist_runs/B2_A2_light_seed1337/best_model_strict_udu.pth | unseen_day_seen_rx=93.84% @ E056 | seen_day_unseen_rx=89.59% @ E033
[BEST-PRIMARY] score=85.68 @ E053 -> finalist_runs/B2_A2_light_seed1337/best_model_primary_ood.pth | overall=89.16% strict_udu=83.81%
[BEST-WORST-RX] worst_rx=83.56% (test_rx_8) @ E061 -> finalist_runs/B2_A2_light_seed1337/best_model_worst_rx.pth
====================================================================================================================================
[Epoch 062/200] time=86.1s | lr=1.56e-04 | aux_scale=1.000
[STAGE] phase=S2_stabilize_aux | use_aux=1.0 cons=0.51 cls_aux=0.46 reg=0.60 joint_inv=0.26 kl=0.35 group_ce=0.87
[MIXSTYLE-EPOCH] phase=base enabled=1 p=0.150 strength=0.650 anneal_t=0.000
[AUG] scale=0.350 | p_dac=0.000 p_pa=0.049 p_shift=0.122 p_cfo=0.122 p_awgn=0.140 p_mp=0.063 | max_shift=11 cfo_max=0.00014 pn_max=0.0021
------------------------------------------------------------------------------------------------------------------------------------
[LOSS-CORE] total=5.4217 cls=2.6030 dom=0.6573 adv=2.6208 orth=0.0016 cons=0.2293 group_ce=4.0225
[LOSS-AUX]  cls_pa=2.5808 cls_dac=0.0000 pa_joint_inv=0.3101 pa_kl=2.3400 dac_reg=0.0000 pa_reg=0.0150 gap_dac=0.0000 gap_pa=0.2639 cos_joint_pa=0.6899 cos_imp_pa=nan
[LOSS-SAT]  cls_sat=10.1103 sat_cons=0.7223 sat_cos=0.2777
[LOSS-DG]   proto=0.0000 proto_cos=nan supcon=0.0000 fishr=0.0023 sgc_res=0.0000
[LOSS-CAL]  ecc=0.0000 ecc_w=0.0000 ecc_tau=0.9500 ecc_maxp=nan
[TRAIN] tx=78.59% dom=76.17% cons_cos=0.7708
[GRAD]  total=1.820 backbone=1.000 aux=0.750 domain=0.465
[VAL]   tx=98.85% dom=93.42%
[TEST]  overall_tx=87.35% (178191/204000)
[TEST-SPLIT]
          unseen_day_seen_rx(days=['2021_03_15', '2021_03_23'], rxs=[0, 1, 2, 3, 4, 5, 6]): tx=92.67% (77844/84000)
          seen_day_unseen_rx(days=['2021_03_01', '2021_03_08'], rxs=[7, 8, 9, 10, 11]): tx=86.88% (52129/60000)
          unseen_day_unseen_rx(days=['2021_03_15', '2021_03_23'], rxs=[7, 8, 9, 10, 11]): tx=80.36% (48218/60000)
          day=2021_03_15 on seen_rxs=[0, 1, 2, 3, 4, 5, 6]: tx=93.80% (39396/42000)
          day=2021_03_23 on seen_rxs=[0, 1, 2, 3, 4, 5, 6]: tx=91.54% (38448/42000)
          rx=7 on seen_days=['2021_03_01', '2021_03_08']: tx=79.81% (9577/12000)
          rx=8 on seen_days=['2021_03_01', '2021_03_08']: tx=79.64% (9557/12000)
          rx=9 on seen_days=['2021_03_01', '2021_03_08']: tx=90.80% (10896/12000)
          rx=10 on seen_days=['2021_03_01', '2021_03_08']: tx=91.83% (11019/12000)
          rx=11 on seen_days=['2021_03_01', '2021_03_08']: tx=92.33% (11080/12000)
[BEST-JOINT]  val_tx=98.85% & test_tx=87.35% @ E062
[CKPT]  latest -> finalist_runs/B2_A2_light_seed1337/latest_model.pth (saved) | best -> finalist_runs/B2_A2_light_seed1337/best_model_val.pth (updated: val improved)
====================================================================================================================================
[SAT-TEST] scenario=clear_leo selected=test_unseen_day_unseen_rx overall_tx=38.96% strict_udu=38.96% (23378/60000)
[SAT-TEST] scenario=low_elev_leo selected=test_unseen_day_unseen_rx overall_tx=39.18% strict_udu=39.18% (23506/60000)
[SAT-TEST] scenario=rain_leo selected=test_unseen_day_unseen_rx overall_tx=37.33% strict_udu=37.33% (22400/60000)
[SAT-TEST] scenario=storm_mp selected=test_unseen_day_unseen_rx overall_tx=33.89% strict_udu=33.89% (20333/60000)
[SAT-TEST] scenario=mixed_orbit selected=test_unseen_day_unseen_rx overall_tx=35.24% strict_udu=35.24% (21147/60000)
[BEST-TEST] overall=89.55% @ E033 -> finalist_runs/B2_A2_light_seed1337/best_model_test_overall.pth | unseen_day_unseen_rx=83.92% @ E051 -> finalist_runs/B2_A2_light_seed1337/best_model_strict_udu.pth | unseen_day_seen_rx=93.84% @ E056 | seen_day_unseen_rx=89.59% @ E033
[BEST-PRIMARY] score=85.68 @ E053 -> finalist_runs/B2_A2_light_seed1337/best_model_primary_ood.pth | overall=89.16% strict_udu=83.81%
[BEST-WORST-RX] worst_rx=83.56% (test_rx_8) @ E061 -> finalist_runs/B2_A2_light_seed1337/best_model_worst_rx.pth
====================================================================================================================================
[Epoch 063/200] time=86.9s | lr=1.55e-04 | aux_scale=1.000
[STAGE] phase=S2_stabilize_aux | use_aux=1.0 cons=0.52 cls_aux=0.47 reg=0.61 joint_inv=0.27 kl=0.35 group_ce=0.87
[MIXSTYLE-EPOCH] phase=base enabled=1 p=0.150 strength=0.650 anneal_t=0.000
[AUG] scale=0.350 | p_dac=0.000 p_pa=0.049 p_shift=0.122 p_cfo=0.122 p_awgn=0.140 p_mp=0.063 | max_shift=11 cfo_max=0.00014 pn_max=0.0021
------------------------------------------------------------------------------------------------------------------------------------
[LOSS-CORE] total=5.0008 cls=2.2948 dom=0.5971 adv=2.6190 orth=0.0018 cons=0.2043 group_ce=3.4380
[LOSS-AUX]  cls_pa=2.4476 cls_dac=0.0000 pa_joint_inv=0.2990 pa_kl=2.2237 dac_reg=0.0000 pa_reg=0.0150 gap_dac=0.0000 gap_pa=0.2630 cos_joint_pa=0.7010 cos_imp_pa=nan
[LOSS-SAT]  cls_sat=10.0376 sat_cons=0.7399 sat_cos=0.2601
[LOSS-DG]   proto=0.0000 proto_cos=nan supcon=0.0000 fishr=0.0019 sgc_res=0.0000
[LOSS-CAL]  ecc=0.0000 ecc_w=0.0000 ecc_tau=0.9500 ecc_maxp=nan
[TRAIN] tx=81.83% dom=78.44% cons_cos=0.7957
[GRAD]  total=1.731 backbone=1.000 aux=0.750 domain=0.458
[VAL]   tx=98.76% dom=93.87%
[TEST]  overall_tx=89.00% (181561/204000)
[TEST-SPLIT]
          unseen_day_seen_rx(days=['2021_03_15', '2021_03_23'], rxs=[0, 1, 2, 3, 4, 5, 6]): tx=93.03% (78141/84000)
          seen_day_unseen_rx(days=['2021_03_01', '2021_03_08'], rxs=[7, 8, 9, 10, 11]): tx=88.24% (52946/60000)
          unseen_day_unseen_rx(days=['2021_03_15', '2021_03_23'], rxs=[7, 8, 9, 10, 11]): tx=84.12% (50474/60000)
          day=2021_03_15 on seen_rxs=[0, 1, 2, 3, 4, 5, 6]: tx=95.11% (39946/42000)
          day=2021_03_23 on seen_rxs=[0, 1, 2, 3, 4, 5, 6]: tx=90.94% (38195/42000)
          rx=7 on seen_days=['2021_03_01', '2021_03_08']: tx=81.38% (9766/12000)
          rx=8 on seen_days=['2021_03_01', '2021_03_08']: tx=83.75% (10050/12000)
          rx=9 on seen_days=['2021_03_01', '2021_03_08']: tx=91.10% (10932/12000)
          rx=10 on seen_days=['2021_03_01', '2021_03_08']: tx=93.04% (11165/12000)
          rx=11 on seen_days=['2021_03_01', '2021_03_08']: tx=91.94% (11033/12000)
[BEST-JOINT]  val_tx=98.85% & test_tx=87.35% @ E062
[CKPT]  latest -> finalist_runs/B2_A2_light_seed1337/latest_model.pth (saved) | best -> finalist_runs/B2_A2_light_seed1337/best_model_val.pth
====================================================================================================================================
[SAT-TEST] scenario=clear_leo selected=test_unseen_day_unseen_rx overall_tx=42.10% strict_udu=42.10% (25258/60000)
[SAT-TEST] scenario=low_elev_leo selected=test_unseen_day_unseen_rx overall_tx=41.70% strict_udu=41.70% (25023/60000)
[SAT-TEST] scenario=rain_leo selected=test_unseen_day_unseen_rx overall_tx=40.60% strict_udu=40.60% (24361/60000)
[SAT-TEST] scenario=storm_mp selected=test_unseen_day_unseen_rx overall_tx=36.27% strict_udu=36.27% (21759/60000)
[SAT-TEST] scenario=mixed_orbit selected=test_unseen_day_unseen_rx overall_tx=38.45% strict_udu=38.45% (23069/60000)
[BEST-TEST] overall=89.55% @ E033 -> finalist_runs/B2_A2_light_seed1337/best_model_test_overall.pth | unseen_day_unseen_rx=84.12% @ E063 -> finalist_runs/B2_A2_light_seed1337/best_model_strict_udu.pth | unseen_day_seen_rx=93.84% @ E056 | seen_day_unseen_rx=89.59% @ E033
[BEST-PRIMARY] score=85.83 @ E063 -> finalist_runs/B2_A2_light_seed1337/best_model_primary_ood.pth | overall=89.00% strict_udu=84.12%
[BEST-WORST-RX] worst_rx=83.56% (test_rx_8) @ E061 -> finalist_runs/B2_A2_light_seed1337/best_model_worst_rx.pth
====================================================================================================================================
[Epoch 064/200] time=85.6s | lr=1.54e-04 | aux_scale=1.000
[STAGE] phase=S2_stabilize_aux | use_aux=1.0 cons=0.53 cls_aux=0.48 reg=0.62 joint_inv=0.27 kl=0.36 group_ce=0.88
[MIXSTYLE-EPOCH] phase=base enabled=1 p=0.150 strength=0.650 anneal_t=0.000
[AUG] scale=0.350 | p_dac=0.000 p_pa=0.049 p_shift=0.122 p_cfo=0.122 p_awgn=0.140 p_mp=0.063 | max_shift=11 cfo_max=0.00014 pn_max=0.0021
------------------------------------------------------------------------------------------------------------------------------------
[LOSS-CORE] total=4.5091 cls=1.9116 dom=0.5261 adv=2.6164 orth=0.0018 cons=0.1973 group_ce=3.0747
[LOSS-AUX]  cls_pa=2.2471 cls_dac=0.0000 pa_joint_inv=0.2859 pa_kl=2.0133 dac_reg=0.0000 pa_reg=0.0151 gap_dac=0.0000 gap_pa=0.2600 cos_joint_pa=0.7141 cos_imp_pa=nan
[LOSS-SAT]  cls_sat=10.0502 sat_cons=0.7406 sat_cos=0.2594
[LOSS-DG]   proto=0.0000 proto_cos=nan supcon=0.0000 fishr=0.0018 sgc_res=0.0000
[LOSS-CAL]  ecc=0.0000 ecc_w=0.0000 ecc_tau=0.9500 ecc_maxp=nan
[TRAIN] tx=84.36% dom=80.95% cons_cos=0.8026
[GRAD]  total=1.713 backbone=1.000 aux=0.750 domain=0.458
[VAL]   tx=98.71% dom=93.57%
[TEST]  overall_tx=89.48% (182536/204000)
[TEST-SPLIT]
          unseen_day_seen_rx(days=['2021_03_15', '2021_03_23'], rxs=[0, 1, 2, 3, 4, 5, 6]): tx=94.07% (79021/84000)
          seen_day_unseen_rx(days=['2021_03_01', '2021_03_08'], rxs=[7, 8, 9, 10, 11]): tx=89.89% (53935/60000)
          unseen_day_unseen_rx(days=['2021_03_15', '2021_03_23'], rxs=[7, 8, 9, 10, 11]): tx=82.63% (49580/60000)
          day=2021_03_15 on seen_rxs=[0, 1, 2, 3, 4, 5, 6]: tx=95.50% (40112/42000)
          day=2021_03_23 on seen_rxs=[0, 1, 2, 3, 4, 5, 6]: tx=92.64% (38909/42000)
          rx=7 on seen_days=['2021_03_01', '2021_03_08']: tx=84.58% (10150/12000)
          rx=8 on seen_days=['2021_03_01', '2021_03_08']: tx=80.78% (9693/12000)
          rx=9 on seen_days=['2021_03_01', '2021_03_08']: tx=93.33% (11200/12000)
          rx=10 on seen_days=['2021_03_01', '2021_03_08']: tx=95.16% (11419/12000)
          rx=11 on seen_days=['2021_03_01', '2021_03_08']: tx=95.61% (11473/12000)
[BEST-JOINT]  val_tx=98.85% & test_tx=87.35% @ E062
[CKPT]  latest -> finalist_runs/B2_A2_light_seed1337/latest_model.pth (saved) | best -> finalist_runs/B2_A2_light_seed1337/best_model_val.pth
====================================================================================================================================
[SAT-TEST] scenario=clear_leo selected=test_unseen_day_unseen_rx overall_tx=42.94% strict_udu=42.94% (25761/60000)
[SAT-TEST] scenario=low_elev_leo selected=test_unseen_day_unseen_rx overall_tx=42.80% strict_udu=42.80% (25682/60000)
[SAT-TEST] scenario=rain_leo selected=test_unseen_day_unseen_rx overall_tx=41.26% strict_udu=41.26% (24756/60000)
[SAT-TEST] scenario=storm_mp selected=test_unseen_day_unseen_rx overall_tx=36.43% strict_udu=36.43% (21859/60000)
[SAT-TEST] scenario=mixed_orbit selected=test_unseen_day_unseen_rx overall_tx=38.91% strict_udu=38.91% (23348/60000)
[BEST-TEST] overall=89.55% @ E033 -> finalist_runs/B2_A2_light_seed1337/best_model_test_overall.pth | unseen_day_unseen_rx=84.12% @ E063 -> finalist_runs/B2_A2_light_seed1337/best_model_strict_udu.pth | unseen_day_seen_rx=94.07% @ E064 | seen_day_unseen_rx=89.89% @ E064
[BEST-PRIMARY] score=85.83 @ E063 -> finalist_runs/B2_A2_light_seed1337/best_model_primary_ood.pth | overall=89.00% strict_udu=84.12%
[BEST-WORST-RX] worst_rx=83.56% (test_rx_8) @ E061 -> finalist_runs/B2_A2_light_seed1337/best_model_worst_rx.pth
====================================================================================================================================
[Epoch 065/200] time=87.0s | lr=1.52e-04 | aux_scale=1.000
[STAGE] phase=S2_stabilize_aux | use_aux=1.0 cons=0.54 cls_aux=0.49 reg=0.63 joint_inv=0.28 kl=0.37 group_ce=0.89
[MIXSTYLE-EPOCH] phase=base enabled=1 p=0.150 strength=0.650 anneal_t=0.000
[AUG] scale=0.350 | p_dac=0.000 p_pa=0.049 p_shift=0.122 p_cfo=0.122 p_awgn=0.140 p_mp=0.063 | max_shift=11 cfo_max=0.00014 pn_max=0.0021
------------------------------------------------------------------------------------------------------------------------------------
[LOSS-CORE] total=4.4674 cls=1.8730 dom=0.4944 adv=2.6152 orth=0.0018 cons=0.1959 group_ce=3.0785
[LOSS-AUX]  cls_pa=2.3857 cls_dac=0.0000 pa_joint_inv=0.2970 pa_kl=2.1293 dac_reg=0.0000 pa_reg=0.0153 gap_dac=0.0000 gap_pa=0.2632 cos_joint_pa=0.7030 cos_imp_pa=nan
[LOSS-SAT]  cls_sat=10.0063 sat_cons=0.7465 sat_cos=0.2535
[LOSS-DG]   proto=0.0000 proto_cos=nan supcon=0.0000 fishr=0.0017 sgc_res=0.0000
[LOSS-CAL]  ecc=0.0000 ecc_w=0.0000 ecc_tau=0.9500 ecc_maxp=nan
[TRAIN] tx=84.71% dom=81.86% cons_cos=0.8041
[GRAD]  total=1.613 backbone=1.000 aux=0.750 domain=0.448
[VAL]   tx=98.75% dom=93.98%
[TEST]  overall_tx=89.18% (181937/204000)
[TEST-SPLIT]
          unseen_day_seen_rx(days=['2021_03_15', '2021_03_23'], rxs=[0, 1, 2, 3, 4, 5, 6]): tx=93.10% (78208/84000)
          seen_day_unseen_rx(days=['2021_03_01', '2021_03_08'], rxs=[7, 8, 9, 10, 11]): tx=88.90% (53340/60000)
          unseen_day_unseen_rx(days=['2021_03_15', '2021_03_23'], rxs=[7, 8, 9, 10, 11]): tx=83.98% (50389/60000)
          day=2021_03_15 on seen_rxs=[0, 1, 2, 3, 4, 5, 6]: tx=95.05% (39923/42000)
          day=2021_03_23 on seen_rxs=[0, 1, 2, 3, 4, 5, 6]: tx=91.15% (38285/42000)
          rx=7 on seen_days=['2021_03_01', '2021_03_08']: tx=83.84% (10061/12000)
          rx=8 on seen_days=['2021_03_01', '2021_03_08']: tx=82.62% (9914/12000)
          rx=9 on seen_days=['2021_03_01', '2021_03_08']: tx=90.62% (10874/12000)
          rx=10 on seen_days=['2021_03_01', '2021_03_08']: tx=93.50% (11220/12000)
          rx=11 on seen_days=['2021_03_01', '2021_03_08']: tx=93.92% (11271/12000)
[BEST-JOINT]  val_tx=98.85% & test_tx=87.35% @ E062
[CKPT]  latest -> finalist_runs/B2_A2_light_seed1337/latest_model.pth (saved) | best -> finalist_runs/B2_A2_light_seed1337/best_model_val.pth
====================================================================================================================================
[SAT-TEST] scenario=clear_leo selected=test_unseen_day_unseen_rx overall_tx=42.55% strict_udu=42.55% (25533/60000)
[SAT-TEST] scenario=low_elev_leo selected=test_unseen_day_unseen_rx overall_tx=41.37% strict_udu=41.37% (24820/60000)
[SAT-TEST] scenario=rain_leo selected=test_unseen_day_unseen_rx overall_tx=40.29% strict_udu=40.29% (24174/60000)
[SAT-TEST] scenario=storm_mp selected=test_unseen_day_unseen_rx overall_tx=35.51% strict_udu=35.51% (21303/60000)
[SAT-TEST] scenario=mixed_orbit selected=test_unseen_day_unseen_rx overall_tx=38.34% strict_udu=38.34% (23006/60000)
[BEST-TEST] overall=89.55% @ E033 -> finalist_runs/B2_A2_light_seed1337/best_model_test_overall.pth | unseen_day_unseen_rx=84.12% @ E063 -> finalist_runs/B2_A2_light_seed1337/best_model_strict_udu.pth | unseen_day_seen_rx=94.07% @ E064 | seen_day_unseen_rx=89.89% @ E064
[BEST-PRIMARY] score=85.83 @ E063 -> finalist_runs/B2_A2_light_seed1337/best_model_primary_ood.pth | overall=89.00% strict_udu=84.12%
[BEST-WORST-RX] worst_rx=83.56% (test_rx_8) @ E061 -> finalist_runs/B2_A2_light_seed1337/best_model_worst_rx.pth
====================================================================================================================================
[Epoch 066/200] time=86.6s | lr=1.51e-04 | aux_scale=1.000
[STAGE] phase=S2_stabilize_aux | use_aux=1.0 cons=0.56 cls_aux=0.51 reg=0.64 joint_inv=0.28 kl=0.38 group_ce=0.89
[MIXSTYLE-EPOCH] phase=base enabled=1 p=0.150 strength=0.650 anneal_t=0.000
[AUG] scale=0.350 | p_dac=0.000 p_pa=0.049 p_shift=0.122 p_cfo=0.122 p_awgn=0.140 p_mp=0.063 | max_shift=11 cfo_max=0.00014 pn_max=0.0021
------------------------------------------------------------------------------------------------------------------------------------
[LOSS-CORE] total=5.0105 cls=2.2519 dom=0.5983 adv=2.6176 orth=0.0017 cons=0.2024 group_ce=3.5388
[LOSS-AUX]  cls_pa=2.3406 cls_dac=0.0000 pa_joint_inv=0.2892 pa_kl=2.1074 dac_reg=0.0000 pa_reg=0.0153 gap_dac=0.0000 gap_pa=0.2668 cos_joint_pa=0.7108 cos_imp_pa=nan
[LOSS-SAT]  cls_sat=10.1349 sat_cons=0.7336 sat_cos=0.2664
[LOSS-DG]   proto=0.0000 proto_cos=nan supcon=0.0000 fishr=0.0022 sgc_res=0.0000
[LOSS-CAL]  ecc=0.0000 ecc_w=0.0000 ecc_tau=0.9500 ecc_maxp=nan
[TRAIN] tx=81.71% dom=78.89% cons_cos=0.7976
[GRAD]  total=1.830 backbone=1.000 aux=0.750 domain=0.473
[VAL]   tx=98.64% dom=94.04%
[TEST]  overall_tx=88.42% (180385/204000)
[TEST-SPLIT]
          unseen_day_seen_rx(days=['2021_03_15', '2021_03_23'], rxs=[0, 1, 2, 3, 4, 5, 6]): tx=92.61% (77790/84000)
          seen_day_unseen_rx(days=['2021_03_01', '2021_03_08'], rxs=[7, 8, 9, 10, 11]): tx=87.90% (52738/60000)
          unseen_day_unseen_rx(days=['2021_03_15', '2021_03_23'], rxs=[7, 8, 9, 10, 11]): tx=83.09% (49857/60000)
          day=2021_03_15 on seen_rxs=[0, 1, 2, 3, 4, 5, 6]: tx=95.08% (39935/42000)
          day=2021_03_23 on seen_rxs=[0, 1, 2, 3, 4, 5, 6]: tx=90.13% (37855/42000)
          rx=7 on seen_days=['2021_03_01', '2021_03_08']: tx=82.31% (9877/12000)
          rx=8 on seen_days=['2021_03_01', '2021_03_08']: tx=84.79% (10175/12000)
          rx=9 on seen_days=['2021_03_01', '2021_03_08']: tx=90.06% (10807/12000)
          rx=10 on seen_days=['2021_03_01', '2021_03_08']: tx=89.13% (10696/12000)
          rx=11 on seen_days=['2021_03_01', '2021_03_08']: tx=93.19% (11183/12000)
[BEST-JOINT]  val_tx=98.85% & test_tx=87.35% @ E062
[CKPT]  latest -> finalist_runs/B2_A2_light_seed1337/latest_model.pth (saved) | best -> finalist_runs/B2_A2_light_seed1337/best_model_val.pth
====================================================================================================================================
[SAT-TEST] scenario=clear_leo selected=test_unseen_day_unseen_rx overall_tx=43.02% strict_udu=43.02% (25810/60000)
[SAT-TEST] scenario=low_elev_leo selected=test_unseen_day_unseen_rx overall_tx=41.28% strict_udu=41.28% (24771/60000)
[SAT-TEST] scenario=rain_leo selected=test_unseen_day_unseen_rx overall_tx=40.16% strict_udu=40.16% (24093/60000)
[SAT-TEST] scenario=storm_mp selected=test_unseen_day_unseen_rx overall_tx=35.13% strict_udu=35.13% (21080/60000)
[SAT-TEST] scenario=mixed_orbit selected=test_unseen_day_unseen_rx overall_tx=38.73% strict_udu=38.73% (23237/60000)
[BEST-TEST] overall=89.55% @ E033 -> finalist_runs/B2_A2_light_seed1337/best_model_test_overall.pth | unseen_day_unseen_rx=84.12% @ E063 -> finalist_runs/B2_A2_light_seed1337/best_model_strict_udu.pth | unseen_day_seen_rx=94.07% @ E064 | seen_day_unseen_rx=89.89% @ E064
[BEST-PRIMARY] score=85.83 @ E063 -> finalist_runs/B2_A2_light_seed1337/best_model_primary_ood.pth | overall=89.00% strict_udu=84.12%
[BEST-WORST-RX] worst_rx=83.56% (test_rx_8) @ E061 -> finalist_runs/B2_A2_light_seed1337/best_model_worst_rx.pth
====================================================================================================================================
[Epoch 067/200] time=88.2s | lr=1.50e-04 | aux_scale=1.000
[STAGE] phase=S2_stabilize_aux | use_aux=1.0 cons=0.57 cls_aux=0.52 reg=0.65 joint_inv=0.28 kl=0.39 group_ce=0.90
[MIXSTYLE-EPOCH] phase=base enabled=1 p=0.150 strength=0.650 anneal_t=0.000
[AUG] scale=0.350 | p_dac=0.000 p_pa=0.049 p_shift=0.122 p_cfo=0.122 p_awgn=0.140 p_mp=0.063 | max_shift=11 cfo_max=0.00014 pn_max=0.0021
------------------------------------------------------------------------------------------------------------------------------------
[LOSS-CORE] total=4.6760 cls=2.0323 dom=0.5205 adv=2.6138 orth=0.0016 cons=0.2135 group_ce=3.2608
[LOSS-AUX]  cls_pa=2.2126 cls_dac=0.0000 pa_joint_inv=0.2831 pa_kl=1.9864 dac_reg=0.0000 pa_reg=0.0149 gap_dac=0.0000 gap_pa=0.2583 cos_joint_pa=0.7169 cos_imp_pa=nan
[LOSS-SAT]  cls_sat=9.8645 sat_cons=0.7298 sat_cos=0.2702
[LOSS-DG]   proto=0.0000 proto_cos=nan supcon=0.0000 fishr=0.0020 sgc_res=0.0000
[LOSS-CAL]  ecc=0.0000 ecc_w=0.0000 ecc_tau=0.9500 ecc_maxp=nan
[TRAIN] tx=83.29% dom=80.70% cons_cos=0.7865
[GRAD]  total=1.622 backbone=1.000 aux=0.750 domain=0.452
[VAL]   tx=98.62% dom=94.20%
[TEST]  overall_tx=88.14% (179805/204000)
[TEST-SPLIT]
          unseen_day_seen_rx(days=['2021_03_15', '2021_03_23'], rxs=[0, 1, 2, 3, 4, 5, 6]): tx=93.11% (78211/84000)
          seen_day_unseen_rx(days=['2021_03_01', '2021_03_08'], rxs=[7, 8, 9, 10, 11]): tx=87.11% (52269/60000)
          unseen_day_unseen_rx(days=['2021_03_15', '2021_03_23'], rxs=[7, 8, 9, 10, 11]): tx=82.21% (49325/60000)
          day=2021_03_15 on seen_rxs=[0, 1, 2, 3, 4, 5, 6]: tx=94.99% (39896/42000)
          day=2021_03_23 on seen_rxs=[0, 1, 2, 3, 4, 5, 6]: tx=91.23% (38315/42000)
          rx=7 on seen_days=['2021_03_01', '2021_03_08']: tx=82.30% (9876/12000)
          rx=8 on seen_days=['2021_03_01', '2021_03_08']: tx=81.63% (9796/12000)
          rx=9 on seen_days=['2021_03_01', '2021_03_08']: tx=89.38% (10725/12000)
          rx=10 on seen_days=['2021_03_01', '2021_03_08']: tx=94.50% (11340/12000)
          rx=11 on seen_days=['2021_03_01', '2021_03_08']: tx=87.77% (10532/12000)
[BEST-JOINT]  val_tx=98.85% & test_tx=87.35% @ E062
[CKPT]  latest -> finalist_runs/B2_A2_light_seed1337/latest_model.pth (saved) | best -> finalist_runs/B2_A2_light_seed1337/best_model_val.pth
====================================================================================================================================
[SAT-TEST] scenario=clear_leo selected=test_unseen_day_unseen_rx overall_tx=42.79% strict_udu=42.79% (25674/60000)
[SAT-TEST] scenario=low_elev_leo selected=test_unseen_day_unseen_rx overall_tx=42.03% strict_udu=42.03% (25217/60000)
[SAT-TEST] scenario=rain_leo selected=test_unseen_day_unseen_rx overall_tx=40.42% strict_udu=40.42% (24255/60000)
[SAT-TEST] scenario=storm_mp selected=test_unseen_day_unseen_rx overall_tx=36.62% strict_udu=36.62% (21973/60000)
[SAT-TEST] scenario=mixed_orbit selected=test_unseen_day_unseen_rx overall_tx=38.80% strict_udu=38.80% (23279/60000)
[BEST-TEST] overall=89.55% @ E033 -> finalist_runs/B2_A2_light_seed1337/best_model_test_overall.pth | unseen_day_unseen_rx=84.12% @ E063 -> finalist_runs/B2_A2_light_seed1337/best_model_strict_udu.pth | unseen_day_seen_rx=94.07% @ E064 | seen_day_unseen_rx=89.89% @ E064
[BEST-PRIMARY] score=85.83 @ E063 -> finalist_runs/B2_A2_light_seed1337/best_model_primary_ood.pth | overall=89.00% strict_udu=84.12%
[BEST-WORST-RX] worst_rx=83.56% (test_rx_8) @ E061 -> finalist_runs/B2_A2_light_seed1337/best_model_worst_rx.pth
====================================================================================================================================
[Epoch 068/200] time=90.2s | lr=1.48e-04 | aux_scale=1.000
[STAGE] phase=S2_stabilize_aux | use_aux=1.0 cons=0.58 cls_aux=0.53 reg=0.66 joint_inv=0.29 kl=0.39 group_ce=0.91
[MIXSTYLE-EPOCH] phase=base enabled=1 p=0.150 strength=0.650 anneal_t=0.000
[AUG] scale=0.350 | p_dac=0.000 p_pa=0.049 p_shift=0.122 p_cfo=0.122 p_awgn=0.140 p_mp=0.063 | max_shift=11 cfo_max=0.00014 pn_max=0.0021
------------------------------------------------------------------------------------------------------------------------------------
[LOSS-CORE] total=4.5189 cls=1.8880 dom=0.5136 adv=2.6130 orth=0.0017 cons=0.1956 group_ce=3.0544
[LOSS-AUX]  cls_pa=2.1181 cls_dac=0.0000 pa_joint_inv=0.2747 pa_kl=1.9115 dac_reg=0.0000 pa_reg=0.0150 gap_dac=0.0000 gap_pa=0.2623 cos_joint_pa=0.7253 cos_imp_pa=nan
[LOSS-SAT]  cls_sat=10.0194 sat_cons=0.7400 sat_cos=0.2600
[LOSS-DG]   proto=0.0000 proto_cos=nan supcon=0.0000 fishr=0.0018 sgc_res=0.0000
[LOSS-CAL]  ecc=0.0000 ecc_w=0.0000 ecc_tau=0.9500 ecc_maxp=nan
[TRAIN] tx=84.21% dom=81.31% cons_cos=0.8044
[GRAD]  total=1.691 backbone=1.000 aux=0.750 domain=0.448
[VAL]   tx=98.80% dom=93.66%
[TEST]  overall_tx=87.10% (177687/204000)
[TEST-SPLIT]
          unseen_day_seen_rx(days=['2021_03_15', '2021_03_23'], rxs=[0, 1, 2, 3, 4, 5, 6]): tx=92.25% (77486/84000)
          seen_day_unseen_rx(days=['2021_03_01', '2021_03_08'], rxs=[7, 8, 9, 10, 11]): tx=85.50% (51297/60000)
          unseen_day_unseen_rx(days=['2021_03_15', '2021_03_23'], rxs=[7, 8, 9, 10, 11]): tx=81.51% (48904/60000)
          day=2021_03_15 on seen_rxs=[0, 1, 2, 3, 4, 5, 6]: tx=94.02% (39489/42000)
          day=2021_03_23 on seen_rxs=[0, 1, 2, 3, 4, 5, 6]: tx=90.47% (37997/42000)
          rx=7 on seen_days=['2021_03_01', '2021_03_08']: tx=75.97% (9117/12000)
          rx=8 on seen_days=['2021_03_01', '2021_03_08']: tx=78.62% (9434/12000)
          rx=9 on seen_days=['2021_03_01', '2021_03_08']: tx=90.32% (10838/12000)
          rx=10 on seen_days=['2021_03_01', '2021_03_08']: tx=89.33% (10719/12000)
          rx=11 on seen_days=['2021_03_01', '2021_03_08']: tx=93.24% (11189/12000)
[BEST-JOINT]  val_tx=98.85% & test_tx=87.35% @ E062
[CKPT]  latest -> finalist_runs/B2_A2_light_seed1337/latest_model.pth (saved) | best -> finalist_runs/B2_A2_light_seed1337/best_model_val.pth
====================================================================================================================================
[SAT-TEST] scenario=clear_leo selected=test_unseen_day_unseen_rx overall_tx=41.86% strict_udu=41.86% (25116/60000)
[SAT-TEST] scenario=low_elev_leo selected=test_unseen_day_unseen_rx overall_tx=42.30% strict_udu=42.30% (25377/60000)
[SAT-TEST] scenario=rain_leo selected=test_unseen_day_unseen_rx overall_tx=40.02% strict_udu=40.02% (24012/60000)
[SAT-TEST] scenario=storm_mp selected=test_unseen_day_unseen_rx overall_tx=36.00% strict_udu=36.00% (21601/60000)
[SAT-TEST] scenario=mixed_orbit selected=test_unseen_day_unseen_rx overall_tx=37.64% strict_udu=37.64% (22584/60000)
[BEST-TEST] overall=89.55% @ E033 -> finalist_runs/B2_A2_light_seed1337/best_model_test_overall.pth | unseen_day_unseen_rx=84.12% @ E063 -> finalist_runs/B2_A2_light_seed1337/best_model_strict_udu.pth | unseen_day_seen_rx=94.07% @ E064 | seen_day_unseen_rx=89.89% @ E064
[BEST-PRIMARY] score=85.83 @ E063 -> finalist_runs/B2_A2_light_seed1337/best_model_primary_ood.pth | overall=89.00% strict_udu=84.12%
[BEST-WORST-RX] worst_rx=83.56% (test_rx_8) @ E061 -> finalist_runs/B2_A2_light_seed1337/best_model_worst_rx.pth
====================================================================================================================================
[Epoch 069/200] time=85.8s | lr=1.47e-04 | aux_scale=1.000
[STAGE] phase=S2_stabilize_aux | use_aux=1.0 cons=0.60 cls_aux=0.55 reg=0.67 joint_inv=0.29 kl=0.40 group_ce=0.92
[MIXSTYLE-EPOCH] phase=base enabled=1 p=0.150 strength=0.650 anneal_t=0.000
[AUG] scale=0.350 | p_dac=0.000 p_pa=0.049 p_shift=0.122 p_cfo=0.122 p_awgn=0.140 p_mp=0.063 | max_shift=11 cfo_max=0.00014 pn_max=0.0021
------------------------------------------------------------------------------------------------------------------------------------
[LOSS-CORE] total=4.1501 cls=1.6073 dom=0.4594 adv=2.6150 orth=0.0019 cons=0.1838 group_ce=2.6904
[LOSS-AUX]  cls_pa=2.0924 cls_dac=0.0000 pa_joint_inv=0.2828 pa_kl=1.8860 dac_reg=0.0000 pa_reg=0.0148 gap_dac=0.0000 gap_pa=0.2675 cos_joint_pa=0.7172 cos_imp_pa=nan
[LOSS-SAT]  cls_sat=9.7282 sat_cons=0.7449 sat_cos=0.2551
[LOSS-DG]   proto=0.0000 proto_cos=nan supcon=0.0000 fishr=0.0014 sgc_res=0.0000
[LOSS-CAL]  ecc=0.0000 ecc_w=0.0000 ecc_tau=0.9500 ecc_maxp=nan
[TRAIN] tx=87.54% dom=83.17% cons_cos=0.8162
[GRAD]  total=1.653 backbone=1.000 aux=0.750 domain=0.455
[VAL]   tx=98.70% dom=94.13%
[TEST]  overall_tx=86.92% (177326/204000)
[TEST-SPLIT]
          unseen_day_seen_rx(days=['2021_03_15', '2021_03_23'], rxs=[0, 1, 2, 3, 4, 5, 6]): tx=92.91% (78041/84000)
          seen_day_unseen_rx(days=['2021_03_01', '2021_03_08'], rxs=[7, 8, 9, 10, 11]): tx=84.97% (50985/60000)
          unseen_day_unseen_rx(days=['2021_03_15', '2021_03_23'], rxs=[7, 8, 9, 10, 11]): tx=80.50% (48300/60000)
          day=2021_03_15 on seen_rxs=[0, 1, 2, 3, 4, 5, 6]: tx=94.40% (39649/42000)
          day=2021_03_23 on seen_rxs=[0, 1, 2, 3, 4, 5, 6]: tx=91.41% (38392/42000)
          rx=7 on seen_days=['2021_03_01', '2021_03_08']: tx=80.94% (9713/12000)
          rx=8 on seen_days=['2021_03_01', '2021_03_08']: tx=75.99% (9119/12000)
          rx=9 on seen_days=['2021_03_01', '2021_03_08']: tx=89.59% (10751/12000)
          rx=10 on seen_days=['2021_03_01', '2021_03_08']: tx=92.23% (11068/12000)
          rx=11 on seen_days=['2021_03_01', '2021_03_08']: tx=86.12% (10334/12000)
[BEST-JOINT]  val_tx=98.85% & test_tx=87.35% @ E062
[CKPT]  latest -> finalist_runs/B2_A2_light_seed1337/latest_model.pth (saved) | best -> finalist_runs/B2_A2_light_seed1337/best_model_val.pth
====================================================================================================================================
[SAT-TEST] scenario=clear_leo selected=test_unseen_day_unseen_rx overall_tx=41.20% strict_udu=41.20% (24722/60000)
[SAT-TEST] scenario=low_elev_leo selected=test_unseen_day_unseen_rx overall_tx=39.87% strict_udu=39.87% (23923/60000)
[SAT-TEST] scenario=rain_leo selected=test_unseen_day_unseen_rx overall_tx=38.69% strict_udu=38.69% (23213/60000)
[SAT-TEST] scenario=storm_mp selected=test_unseen_day_unseen_rx overall_tx=35.38% strict_udu=35.38% (21226/60000)
[SAT-TEST] scenario=mixed_orbit selected=test_unseen_day_unseen_rx overall_tx=37.17% strict_udu=37.17% (22304/60000)
[BEST-TEST] overall=89.55% @ E033 -> finalist_runs/B2_A2_light_seed1337/best_model_test_overall.pth | unseen_day_unseen_rx=84.12% @ E063 -> finalist_runs/B2_A2_light_seed1337/best_model_strict_udu.pth | unseen_day_seen_rx=94.07% @ E064 | seen_day_unseen_rx=89.89% @ E064
[BEST-PRIMARY] score=85.83 @ E063 -> finalist_runs/B2_A2_light_seed1337/best_model_primary_ood.pth | overall=89.00% strict_udu=84.12%
[BEST-WORST-RX] worst_rx=83.56% (test_rx_8) @ E061 -> finalist_runs/B2_A2_light_seed1337/best_model_worst_rx.pth
====================================================================================================================================
[Epoch 070/200] time=85.1s | lr=1.46e-04 | aux_scale=1.000
[STAGE] phase=S2_stabilize_aux | use_aux=1.0 cons=0.61 cls_aux=0.56 reg=0.68 joint_inv=0.30 kl=0.41 group_ce=0.92
[MIXSTYLE-EPOCH] phase=base enabled=1 p=0.150 strength=0.650 anneal_t=0.000
[AUG] scale=0.350 | p_dac=0.000 p_pa=0.049 p_shift=0.122 p_cfo=0.122 p_awgn=0.140 p_mp=0.063 | max_shift=11 cfo_max=0.00014 pn_max=0.0021
------------------------------------------------------------------------------------------------------------------------------------
[LOSS-CORE] total=4.5124 cls=1.8780 dom=0.4957 adv=2.6182 orth=0.0018 cons=0.1929 group_ce=2.9677
[LOSS-AUX]  cls_pa=2.1217 cls_dac=0.0000 pa_joint_inv=0.2789 pa_kl=1.8958 dac_reg=0.0000 pa_reg=0.0150 gap_dac=0.0000 gap_pa=0.2674 cos_joint_pa=0.7211 cos_imp_pa=nan
[LOSS-SAT]  cls_sat=9.8941 sat_cons=0.7379 sat_cos=0.2621
[LOSS-DG]   proto=0.0000 proto_cos=nan supcon=0.0000 fishr=0.0017 sgc_res=0.0000
[LOSS-CAL]  ecc=0.0000 ecc_w=0.0000 ecc_tau=0.9500 ecc_maxp=nan
[TRAIN] tx=84.72% dom=81.84% cons_cos=0.8071
[GRAD]  total=1.660 backbone=1.000 aux=0.750 domain=0.444
[VAL]   tx=98.52% dom=94.22%
[TEST]  overall_tx=87.32% (178142/204000)
[TEST-SPLIT]
          unseen_day_seen_rx(days=['2021_03_15', '2021_03_23'], rxs=[0, 1, 2, 3, 4, 5, 6]): tx=92.54% (77736/84000)
          seen_day_unseen_rx(days=['2021_03_01', '2021_03_08'], rxs=[7, 8, 9, 10, 11]): tx=85.81% (51487/60000)
          unseen_day_unseen_rx(days=['2021_03_15', '2021_03_23'], rxs=[7, 8, 9, 10, 11]): tx=81.53% (48919/60000)
          day=2021_03_15 on seen_rxs=[0, 1, 2, 3, 4, 5, 6]: tx=95.06% (39925/42000)
          day=2021_03_23 on seen_rxs=[0, 1, 2, 3, 4, 5, 6]: tx=90.03% (37811/42000)
          rx=7 on seen_days=['2021_03_01', '2021_03_08']: tx=80.28% (9634/12000)
          rx=8 on seen_days=['2021_03_01', '2021_03_08']: tx=75.79% (9095/12000)
          rx=9 on seen_days=['2021_03_01', '2021_03_08']: tx=89.27% (10712/12000)
          rx=10 on seen_days=['2021_03_01', '2021_03_08']: tx=93.12% (11174/12000)
          rx=11 on seen_days=['2021_03_01', '2021_03_08']: tx=90.60% (10872/12000)
[BEST-JOINT]  val_tx=98.85% & test_tx=87.35% @ E062
[CKPT]  latest -> finalist_runs/B2_A2_light_seed1337/latest_model.pth (saved) | best -> finalist_runs/B2_A2_light_seed1337/best_model_val.pth
====================================================================================================================================
[SAT-TEST] scenario=clear_leo selected=test_unseen_day_unseen_rx overall_tx=42.34% strict_udu=42.34% (25406/60000)
[SAT-TEST] scenario=low_elev_leo selected=test_unseen_day_unseen_rx overall_tx=42.32% strict_udu=42.32% (25393/60000)
[SAT-TEST] scenario=rain_leo selected=test_unseen_day_unseen_rx overall_tx=40.68% strict_udu=40.68% (24408/60000)
[SAT-TEST] scenario=storm_mp selected=test_unseen_day_unseen_rx overall_tx=35.84% strict_udu=35.84% (21501/60000)
[SAT-TEST] scenario=mixed_orbit selected=test_unseen_day_unseen_rx overall_tx=38.23% strict_udu=38.23% (22940/60000)
[BEST-TEST] overall=89.55% @ E033 -> finalist_runs/B2_A2_light_seed1337/best_model_test_overall.pth | unseen_day_unseen_rx=84.12% @ E063 -> finalist_runs/B2_A2_light_seed1337/best_model_strict_udu.pth | unseen_day_seen_rx=94.07% @ E064 | seen_day_unseen_rx=89.89% @ E064
[BEST-PRIMARY] score=85.83 @ E063 -> finalist_runs/B2_A2_light_seed1337/best_model_primary_ood.pth | overall=89.00% strict_udu=84.12%
[BEST-WORST-RX] worst_rx=83.56% (test_rx_8) @ E061 -> finalist_runs/B2_A2_light_seed1337/best_model_worst_rx.pth
====================================================================================================================================
[Epoch 071/200] time=86.7s | lr=1.44e-04 | aux_scale=1.000
[STAGE] phase=S2_stabilize_aux | use_aux=1.0 cons=0.62 cls_aux=0.57 reg=0.70 joint_inv=0.30 kl=0.42 group_ce=0.93
[MIXSTYLE-EPOCH] phase=base enabled=1 p=0.150 strength=0.650 anneal_t=0.000
[AUG] scale=0.350 | p_dac=0.000 p_pa=0.049 p_shift=0.122 p_cfo=0.122 p_awgn=0.140 p_mp=0.063 | max_shift=11 cfo_max=0.00014 pn_max=0.0021
------------------------------------------------------------------------------------------------------------------------------------
[LOSS-CORE] total=4.2908 cls=1.6803 dom=0.4719 adv=2.6180 orth=0.0020 cons=0.1902 group_ce=2.8645
[LOSS-AUX]  cls_pa=2.0746 cls_dac=0.0000 pa_joint_inv=0.2725 pa_kl=1.8650 dac_reg=0.0000 pa_reg=0.0148 gap_dac=0.0000 gap_pa=0.2655 cos_joint_pa=0.7275 cos_imp_pa=nan
[LOSS-SAT]  cls_sat=9.8634 sat_cons=0.7369 sat_cos=0.2631
[LOSS-DG]   proto=0.0000 proto_cos=nan supcon=0.0000 fishr=0.0016 sgc_res=0.0000
[LOSS-CAL]  ecc=0.0000 ecc_w=0.0000 ecc_tau=0.9500 ecc_maxp=nan
[TRAIN] tx=86.59% dom=82.54% cons_cos=0.8098
[GRAD]  total=1.752 backbone=1.000 aux=0.750 domain=0.448
[VAL]   tx=98.73% dom=94.17%
[TEST]  overall_tx=88.74% (181029/204000)
[TEST-SPLIT]
          unseen_day_seen_rx(days=['2021_03_15', '2021_03_23'], rxs=[0, 1, 2, 3, 4, 5, 6]): tx=93.12% (78219/84000)
          seen_day_unseen_rx(days=['2021_03_01', '2021_03_08'], rxs=[7, 8, 9, 10, 11]): tx=87.66% (52593/60000)
          unseen_day_unseen_rx(days=['2021_03_15', '2021_03_23'], rxs=[7, 8, 9, 10, 11]): tx=83.69% (50217/60000)
          day=2021_03_15 on seen_rxs=[0, 1, 2, 3, 4, 5, 6]: tx=94.58% (39725/42000)
          day=2021_03_23 on seen_rxs=[0, 1, 2, 3, 4, 5, 6]: tx=91.65% (38494/42000)
          rx=7 on seen_days=['2021_03_01', '2021_03_08']: tx=81.92% (9830/12000)
          rx=8 on seen_days=['2021_03_01', '2021_03_08']: tx=81.41% (9769/12000)
          rx=9 on seen_days=['2021_03_01', '2021_03_08']: tx=90.68% (10882/12000)
          rx=10 on seen_days=['2021_03_01', '2021_03_08']: tx=91.12% (10934/12000)
          rx=11 on seen_days=['2021_03_01', '2021_03_08']: tx=93.15% (11178/12000)
[BEST-JOINT]  val_tx=98.85% & test_tx=87.35% @ E062
[CKPT]  latest -> finalist_runs/B2_A2_light_seed1337/latest_model.pth (saved) | best -> finalist_runs/B2_A2_light_seed1337/best_model_val.pth
====================================================================================================================================
[SAT-TEST] scenario=clear_leo selected=test_unseen_day_unseen_rx overall_tx=42.61% strict_udu=42.61% (25565/60000)
[SAT-TEST] scenario=low_elev_leo selected=test_unseen_day_unseen_rx overall_tx=42.15% strict_udu=42.15% (25292/60000)
[SAT-TEST] scenario=rain_leo selected=test_unseen_day_unseen_rx overall_tx=40.11% strict_udu=40.11% (24066/60000)
[SAT-TEST] scenario=storm_mp selected=test_unseen_day_unseen_rx overall_tx=35.67% strict_udu=35.67% (21403/60000)
[SAT-TEST] scenario=mixed_orbit selected=test_unseen_day_unseen_rx overall_tx=38.86% strict_udu=38.86% (23314/60000)
[BEST-TEST] overall=89.55% @ E033 -> finalist_runs/B2_A2_light_seed1337/best_model_test_overall.pth | unseen_day_unseen_rx=84.12% @ E063 -> finalist_runs/B2_A2_light_seed1337/best_model_strict_udu.pth | unseen_day_seen_rx=94.07% @ E064 | seen_day_unseen_rx=89.89% @ E064
[BEST-PRIMARY] score=85.83 @ E063 -> finalist_runs/B2_A2_light_seed1337/best_model_primary_ood.pth | overall=89.00% strict_udu=84.12%
[BEST-WORST-RX] worst_rx=83.56% (test_rx_8) @ E061 -> finalist_runs/B2_A2_light_seed1337/best_model_worst_rx.pth
====================================================================================================================================
[Epoch 072/200] time=86.5s | lr=1.43e-04 | aux_scale=1.000
[STAGE] phase=S2_stabilize_aux | use_aux=1.0 cons=0.64 cls_aux=0.59 reg=0.71 joint_inv=0.31 kl=0.43 group_ce=0.94
[MIXSTYLE-EPOCH] phase=base enabled=1 p=0.150 strength=0.650 anneal_t=0.000
[AUG] scale=0.350 | p_dac=0.000 p_pa=0.049 p_shift=0.122 p_cfo=0.122 p_awgn=0.140 p_mp=0.063 | max_shift=11 cfo_max=0.00014 pn_max=0.0021
------------------------------------------------------------------------------------------------------------------------------------
[LOSS-CORE] total=4.9502 cls=2.1829 dom=0.5677 adv=2.6171 orth=0.0018 cons=0.2078 group_ce=3.4132
[LOSS-AUX]  cls_pa=2.0325 cls_dac=0.0000 pa_joint_inv=0.2671 pa_kl=1.8080 dac_reg=0.0000 pa_reg=0.0150 gap_dac=0.0000 gap_pa=0.2575 cos_joint_pa=0.7329 cos_imp_pa=nan
[LOSS-SAT]  cls_sat=9.8264 sat_cons=0.7083 sat_cos=0.2917
[LOSS-DG]   proto=0.0000 proto_cos=nan supcon=0.0000 fishr=0.0021 sgc_res=0.0000
[LOSS-CAL]  ecc=0.0000 ecc_w=0.0000 ecc_tau=0.9500 ecc_maxp=nan
[TRAIN] tx=82.36% dom=79.87% cons_cos=0.7922
[GRAD]  total=1.829 backbone=1.000 aux=0.750 domain=0.450
[VAL]   tx=98.88% dom=94.07%
[TEST]  overall_tx=88.09% (179695/204000)
[TEST-SPLIT]
          unseen_day_seen_rx(days=['2021_03_15', '2021_03_23'], rxs=[0, 1, 2, 3, 4, 5, 6]): tx=93.39% (78444/84000)
          seen_day_unseen_rx(days=['2021_03_01', '2021_03_08'], rxs=[7, 8, 9, 10, 11]): tx=86.94% (52161/60000)
          unseen_day_unseen_rx(days=['2021_03_15', '2021_03_23'], rxs=[7, 8, 9, 10, 11]): tx=81.82% (49090/60000)
          day=2021_03_15 on seen_rxs=[0, 1, 2, 3, 4, 5, 6]: tx=94.95% (39877/42000)
          day=2021_03_23 on seen_rxs=[0, 1, 2, 3, 4, 5, 6]: tx=91.83% (38567/42000)
          rx=7 on seen_days=['2021_03_01', '2021_03_08']: tx=80.26% (9631/12000)
          rx=8 on seen_days=['2021_03_01', '2021_03_08']: tx=79.25% (9510/12000)
          rx=9 on seen_days=['2021_03_01', '2021_03_08']: tx=90.97% (10916/12000)
          rx=10 on seen_days=['2021_03_01', '2021_03_08']: tx=93.91% (11269/12000)
          rx=11 on seen_days=['2021_03_01', '2021_03_08']: tx=90.29% (10835/12000)
[BEST-JOINT]  val_tx=98.88% & test_tx=88.09% @ E072
[CKPT]  latest -> finalist_runs/B2_A2_light_seed1337/latest_model.pth (saved) | best -> finalist_runs/B2_A2_light_seed1337/best_model_val.pth (updated: val improved)
====================================================================================================================================
[SAT-TEST] scenario=clear_leo selected=test_unseen_day_unseen_rx overall_tx=41.56% strict_udu=41.56% (24939/60000)
[SAT-TEST] scenario=low_elev_leo selected=test_unseen_day_unseen_rx overall_tx=41.23% strict_udu=41.23% (24741/60000)
[SAT-TEST] scenario=rain_leo selected=test_unseen_day_unseen_rx overall_tx=39.85% strict_udu=39.85% (23908/60000)
[SAT-TEST] scenario=storm_mp selected=test_unseen_day_unseen_rx overall_tx=36.00% strict_udu=36.00% (21602/60000)
[SAT-TEST] scenario=mixed_orbit selected=test_unseen_day_unseen_rx overall_tx=36.86% strict_udu=36.86% (22114/60000)
[BEST-TEST] overall=89.55% @ E033 -> finalist_runs/B2_A2_light_seed1337/best_model_test_overall.pth | unseen_day_unseen_rx=84.12% @ E063 -> finalist_runs/B2_A2_light_seed1337/best_model_strict_udu.pth | unseen_day_seen_rx=94.07% @ E064 | seen_day_unseen_rx=89.89% @ E064
[BEST-PRIMARY] score=85.83 @ E063 -> finalist_runs/B2_A2_light_seed1337/best_model_primary_ood.pth | overall=89.00% strict_udu=84.12%
[BEST-WORST-RX] worst_rx=83.56% (test_rx_8) @ E061 -> finalist_runs/B2_A2_light_seed1337/best_model_worst_rx.pth
====================================================================================================================================
[Epoch 073/200] time=86.8s | lr=1.41e-04 | aux_scale=1.000
[STAGE] phase=S2_stabilize_aux | use_aux=1.0 cons=0.65 cls_aux=0.60 reg=0.72 joint_inv=0.31 kl=0.44 group_ce=0.94
[MIXSTYLE-EPOCH] phase=base enabled=1 p=0.150 strength=0.650 anneal_t=0.000
[AUG] scale=0.350 | p_dac=0.000 p_pa=0.049 p_shift=0.122 p_cfo=0.122 p_awgn=0.140 p_mp=0.063 | max_shift=11 cfo_max=0.00014 pn_max=0.0021
------------------------------------------------------------------------------------------------------------------------------------
[LOSS-CORE] total=5.0607 cls=2.2728 dom=0.5651 adv=2.6181 orth=0.0017 cons=0.2123 group_ce=3.4673
[LOSS-AUX]  cls_pa=1.9854 cls_dac=0.0000 pa_joint_inv=0.2695 pa_kl=1.7764 dac_reg=0.0000 pa_reg=0.0149 gap_dac=0.0000 gap_pa=0.2654 cos_joint_pa=0.7305 cos_imp_pa=nan
[LOSS-SAT]  cls_sat=9.9313 sat_cons=0.7357 sat_cos=0.2643
[LOSS-DG]   proto=0.0000 proto_cos=nan supcon=0.0000 fishr=0.0020 sgc_res=0.0000
[LOSS-CAL]  ecc=0.0000 ecc_w=0.0000 ecc_tau=0.9500 ecc_maxp=nan
[TRAIN] tx=81.27% dom=79.16% cons_cos=0.7877
[GRAD]  total=1.608 backbone=1.000 aux=0.750 domain=0.456
[VAL]   tx=98.25% dom=94.26%
[TEST]  overall_tx=87.10% (177685/204000)
[TEST-SPLIT]
          unseen_day_seen_rx(days=['2021_03_15', '2021_03_23'], rxs=[0, 1, 2, 3, 4, 5, 6]): tx=92.68% (77849/84000)
          seen_day_unseen_rx(days=['2021_03_01', '2021_03_08'], rxs=[7, 8, 9, 10, 11]): tx=85.16% (51094/60000)
          unseen_day_unseen_rx(days=['2021_03_15', '2021_03_23'], rxs=[7, 8, 9, 10, 11]): tx=81.24% (48742/60000)
          day=2021_03_15 on seen_rxs=[0, 1, 2, 3, 4, 5, 6]: tx=94.73% (39785/42000)
          day=2021_03_23 on seen_rxs=[0, 1, 2, 3, 4, 5, 6]: tx=90.63% (38064/42000)
          rx=7 on seen_days=['2021_03_01', '2021_03_08']: tx=79.81% (9577/12000)
          rx=8 on seen_days=['2021_03_01', '2021_03_08']: tx=80.55% (9666/12000)
          rx=9 on seen_days=['2021_03_01', '2021_03_08']: tx=88.52% (10622/12000)
          rx=10 on seen_days=['2021_03_01', '2021_03_08']: tx=89.92% (10790/12000)
          rx=11 on seen_days=['2021_03_01', '2021_03_08']: tx=86.99% (10439/12000)
[BEST-JOINT]  val_tx=98.88% & test_tx=88.09% @ E072
[CKPT]  latest -> finalist_runs/B2_A2_light_seed1337/latest_model.pth (saved) | best -> finalist_runs/B2_A2_light_seed1337/best_model_val.pth
====================================================================================================================================
[SAT-TEST] scenario=clear_leo selected=test_unseen_day_unseen_rx overall_tx=43.09% strict_udu=43.09% (25854/60000)
[SAT-TEST] scenario=low_elev_leo selected=test_unseen_day_unseen_rx overall_tx=41.85% strict_udu=41.85% (25111/60000)
[SAT-TEST] scenario=rain_leo selected=test_unseen_day_unseen_rx overall_tx=40.50% strict_udu=40.50% (24302/60000)
[SAT-TEST] scenario=storm_mp selected=test_unseen_day_unseen_rx overall_tx=35.78% strict_udu=35.78% (21470/60000)
[SAT-TEST] scenario=mixed_orbit selected=test_unseen_day_unseen_rx overall_tx=38.57% strict_udu=38.57% (23142/60000)
[BEST-TEST] overall=89.55% @ E033 -> finalist_runs/B2_A2_light_seed1337/best_model_test_overall.pth | unseen_day_unseen_rx=84.12% @ E063 -> finalist_runs/B2_A2_light_seed1337/best_model_strict_udu.pth | unseen_day_seen_rx=94.07% @ E064 | seen_day_unseen_rx=89.89% @ E064
[BEST-PRIMARY] score=85.83 @ E063 -> finalist_runs/B2_A2_light_seed1337/best_model_primary_ood.pth | overall=89.00% strict_udu=84.12%
[BEST-WORST-RX] worst_rx=83.56% (test_rx_8) @ E061 -> finalist_runs/B2_A2_light_seed1337/best_model_worst_rx.pth
====================================================================================================================================
[Epoch 074/200] time=91.4s | lr=1.40e-04 | aux_scale=1.000
[STAGE] phase=S2_stabilize_aux | use_aux=1.0 cons=0.66 cls_aux=0.61 reg=0.73 joint_inv=0.32 kl=0.44 group_ce=0.95
[MIXSTYLE-EPOCH] phase=base enabled=1 p=0.150 strength=0.650 anneal_t=0.000
[AUG] scale=0.350 | p_dac=0.000 p_pa=0.049 p_shift=0.122 p_cfo=0.122 p_awgn=0.140 p_mp=0.063 | max_shift=11 cfo_max=0.00014 pn_max=0.0021
------------------------------------------------------------------------------------------------------------------------------------
[LOSS-CORE] total=4.1699 cls=1.5650 dom=0.4348 adv=2.6180 orth=0.0022 cons=0.1863 group_ce=2.7141
[LOSS-AUX]  cls_pa=2.0432 cls_dac=0.0000 pa_joint_inv=0.2706 pa_kl=1.8349 dac_reg=0.0000 pa_reg=0.0146 gap_dac=0.0000 gap_pa=0.2631 cos_joint_pa=0.7294 cos_imp_pa=nan
[LOSS-SAT]  cls_sat=9.8331 sat_cons=0.7358 sat_cos=0.2642
[LOSS-DG]   proto=0.0000 proto_cos=nan supcon=0.0000 fishr=0.0015 sgc_res=0.0000
[LOSS-CAL]  ecc=0.0000 ecc_w=0.0000 ecc_tau=0.9500 ecc_maxp=nan
[TRAIN] tx=87.65% dom=83.84% cons_cos=0.8137
[GRAD]  total=1.728 backbone=1.000 aux=0.750 domain=0.449
[VAL]   tx=98.54% dom=92.44%
[TEST]  overall_tx=87.67% (178842/204000)
[TEST-SPLIT]
          unseen_day_seen_rx(days=['2021_03_15', '2021_03_23'], rxs=[0, 1, 2, 3, 4, 5, 6]): tx=92.71% (77879/84000)
          seen_day_unseen_rx(days=['2021_03_01', '2021_03_08'], rxs=[7, 8, 9, 10, 11]): tx=86.10% (51661/60000)
          unseen_day_unseen_rx(days=['2021_03_15', '2021_03_23'], rxs=[7, 8, 9, 10, 11]): tx=82.17% (49302/60000)
          day=2021_03_15 on seen_rxs=[0, 1, 2, 3, 4, 5, 6]: tx=95.52% (40118/42000)
          day=2021_03_23 on seen_rxs=[0, 1, 2, 3, 4, 5, 6]: tx=89.91% (37761/42000)
          rx=7 on seen_days=['2021_03_01', '2021_03_08']: tx=78.99% (9479/12000)
          rx=8 on seen_days=['2021_03_01', '2021_03_08']: tx=81.75% (9810/12000)
          rx=9 on seen_days=['2021_03_01', '2021_03_08']: tx=90.48% (10858/12000)
          rx=10 on seen_days=['2021_03_01', '2021_03_08']: tx=89.76% (10771/12000)
          rx=11 on seen_days=['2021_03_01', '2021_03_08']: tx=89.53% (10743/12000)
[BEST-JOINT]  val_tx=98.88% & test_tx=88.09% @ E072
[CKPT]  latest -> finalist_runs/B2_A2_light_seed1337/latest_model.pth (saved) | best -> finalist_runs/B2_A2_light_seed1337/best_model_val.pth
====================================================================================================================================
[SAT-TEST] scenario=clear_leo selected=test_unseen_day_unseen_rx overall_tx=42.72% strict_udu=42.72% (25630/60000)
[SAT-TEST] scenario=low_elev_leo selected=test_unseen_day_unseen_rx overall_tx=42.63% strict_udu=42.63% (25578/60000)
[SAT-TEST] scenario=rain_leo selected=test_unseen_day_unseen_rx overall_tx=41.05% strict_udu=41.05% (24633/60000)
[SAT-TEST] scenario=storm_mp selected=test_unseen_day_unseen_rx overall_tx=36.21% strict_udu=36.21% (21725/60000)
[SAT-TEST] scenario=mixed_orbit selected=test_unseen_day_unseen_rx overall_tx=39.29% strict_udu=39.29% (23575/60000)
[BEST-TEST] overall=89.55% @ E033 -> finalist_runs/B2_A2_light_seed1337/best_model_test_overall.pth | unseen_day_unseen_rx=84.12% @ E063 -> finalist_runs/B2_A2_light_seed1337/best_model_strict_udu.pth | unseen_day_seen_rx=94.07% @ E064 | seen_day_unseen_rx=89.89% @ E064
[BEST-PRIMARY] score=85.83 @ E063 -> finalist_runs/B2_A2_light_seed1337/best_model_primary_ood.pth | overall=89.00% strict_udu=84.12%
[BEST-WORST-RX] worst_rx=83.56% (test_rx_8) @ E061 -> finalist_runs/B2_A2_light_seed1337/best_model_worst_rx.pth
====================================================================================================================================
[Epoch 075/200] time=86.3s | lr=1.39e-04 | aux_scale=1.000
[STAGE] phase=S2_stabilize_aux | use_aux=1.0 cons=0.68 cls_aux=0.63 reg=0.74 joint_inv=0.32 kl=0.45 group_ce=0.96
[MIXSTYLE-EPOCH] phase=base enabled=1 p=0.150 strength=0.650 anneal_t=0.000
[AUG] scale=0.350 | p_dac=0.000 p_pa=0.049 p_shift=0.122 p_cfo=0.122 p_awgn=0.140 p_mp=0.063 | max_shift=11 cfo_max=0.00014 pn_max=0.0021
------------------------------------------------------------------------------------------------------------------------------------
[LOSS-CORE] total=4.3416 cls=1.6782 dom=0.4755 adv=2.6164 orth=0.0020 cons=0.2005 group_ce=2.8449
[LOSS-AUX]  cls_pa=1.9225 cls_dac=0.0000 pa_joint_inv=0.2648 pa_kl=1.7099 dac_reg=0.0000 pa_reg=0.0147 gap_dac=0.0000 gap_pa=0.2649 cos_joint_pa=0.7352 cos_imp_pa=nan
[LOSS-SAT]  cls_sat=9.9107 sat_cons=0.7377 sat_cos=0.2623
[LOSS-DG]   proto=0.0000 proto_cos=nan supcon=0.0000 fishr=0.0016 sgc_res=0.0000
[LOSS-CAL]  ecc=0.0000 ecc_w=0.0000 ecc_tau=0.9500 ecc_maxp=nan
[TRAIN] tx=86.45% dom=82.13% cons_cos=0.7995
[GRAD]  total=1.691 backbone=1.000 aux=0.750 domain=0.463
[VAL]   tx=98.91% dom=94.55%
[TEST]  overall_tx=88.98% (181523/204000)
[TEST-SPLIT]
          unseen_day_seen_rx(days=['2021_03_15', '2021_03_23'], rxs=[0, 1, 2, 3, 4, 5, 6]): tx=93.27% (78347/84000)
          seen_day_unseen_rx(days=['2021_03_01', '2021_03_08'], rxs=[7, 8, 9, 10, 11]): tx=87.88% (52729/60000)
          unseen_day_unseen_rx(days=['2021_03_15', '2021_03_23'], rxs=[7, 8, 9, 10, 11]): tx=84.08% (50447/60000)
          day=2021_03_15 on seen_rxs=[0, 1, 2, 3, 4, 5, 6]: tx=95.60% (40152/42000)
          day=2021_03_23 on seen_rxs=[0, 1, 2, 3, 4, 5, 6]: tx=90.94% (38195/42000)
          rx=7 on seen_days=['2021_03_01', '2021_03_08']: tx=79.43% (9532/12000)
          rx=8 on seen_days=['2021_03_01', '2021_03_08']: tx=83.30% (9996/12000)
          rx=9 on seen_days=['2021_03_01', '2021_03_08']: tx=91.12% (10934/12000)
          rx=10 on seen_days=['2021_03_01', '2021_03_08']: tx=91.73% (11008/12000)
          rx=11 on seen_days=['2021_03_01', '2021_03_08']: tx=93.83% (11259/12000)
[BEST-JOINT]  val_tx=98.91% & test_tx=88.98% @ E075
[CKPT]  latest -> finalist_runs/B2_A2_light_seed1337/latest_model.pth (saved) | best -> finalist_runs/B2_A2_light_seed1337/best_model_val.pth (updated: val improved)
====================================================================================================================================
[SAT-TEST] scenario=clear_leo selected=test_unseen_day_unseen_rx overall_tx=43.44% strict_udu=43.44% (26066/60000)
[SAT-TEST] scenario=low_elev_leo selected=test_unseen_day_unseen_rx overall_tx=43.46% strict_udu=43.46% (26076/60000)
[SAT-TEST] scenario=rain_leo selected=test_unseen_day_unseen_rx overall_tx=41.50% strict_udu=41.50% (24900/60000)
[SAT-TEST] scenario=storm_mp selected=test_unseen_day_unseen_rx overall_tx=36.84% strict_udu=36.84% (22106/60000)
[SAT-TEST] scenario=mixed_orbit selected=test_unseen_day_unseen_rx overall_tx=39.41% strict_udu=39.41% (23648/60000)
[BEST-TEST] overall=89.55% @ E033 -> finalist_runs/B2_A2_light_seed1337/best_model_test_overall.pth | unseen_day_unseen_rx=84.12% @ E063 -> finalist_runs/B2_A2_light_seed1337/best_model_strict_udu.pth | unseen_day_seen_rx=94.07% @ E064 | seen_day_unseen_rx=89.89% @ E064
[BEST-PRIMARY] score=85.83 @ E063 -> finalist_runs/B2_A2_light_seed1337/best_model_primary_ood.pth | overall=89.00% strict_udu=84.12%
[BEST-WORST-RX] worst_rx=83.56% (test_rx_8) @ E061 -> finalist_runs/B2_A2_light_seed1337/best_model_worst_rx.pth
====================================================================================================================================
[Epoch 076/200] time=87.0s | lr=1.37e-04 | aux_scale=1.000
[STAGE] phase=S2_stabilize_aux | use_aux=1.0 cons=0.69 cls_aux=0.64 reg=0.75 joint_inv=0.33 kl=0.46 group_ce=0.97
[MIXSTYLE-EPOCH] phase=base enabled=1 p=0.150 strength=0.650 anneal_t=0.000
[AUG] scale=0.350 | p_dac=0.000 p_pa=0.049 p_shift=0.122 p_cfo=0.122 p_awgn=0.140 p_mp=0.063 | max_shift=11 cfo_max=0.00014 pn_max=0.0021
------------------------------------------------------------------------------------------------------------------------------------
[LOSS-CORE] total=4.4697 cls=1.7541 dom=0.5165 adv=2.6229 orth=0.0020 cons=0.1963 group_ce=2.9424
[LOSS-AUX]  cls_pa=1.8124 cls_dac=0.0000 pa_joint_inv=0.2586 pa_kl=1.6176 dac_reg=0.0000 pa_reg=0.0150 gap_dac=0.0000 gap_pa=0.2665 cos_joint_pa=0.7414 cos_imp_pa=nan
[LOSS-SAT]  cls_sat=9.8505 sat_cons=0.7380 sat_cos=0.2620
[LOSS-DG]   proto=0.0000 proto_cos=nan supcon=0.0000 fishr=0.0017 sgc_res=0.0000
[LOSS-CAL]  ecc=0.0000 ecc_w=0.0000 ecc_tau=0.9500 ecc_maxp=nan
[TRAIN] tx=85.62% dom=81.80% cons_cos=0.8037
[GRAD]  total=1.751 backbone=1.000 aux=0.750 domain=0.456
[VAL]   tx=98.61% dom=94.31%
[TEST]  overall_tx=88.72% (180980/204000)
[TEST-SPLIT]
          unseen_day_seen_rx(days=['2021_03_15', '2021_03_23'], rxs=[0, 1, 2, 3, 4, 5, 6]): tx=93.49% (78528/84000)
          seen_day_unseen_rx(days=['2021_03_01', '2021_03_08'], rxs=[7, 8, 9, 10, 11]): tx=88.06% (52838/60000)
          unseen_day_unseen_rx(days=['2021_03_15', '2021_03_23'], rxs=[7, 8, 9, 10, 11]): tx=82.69% (49614/60000)
          day=2021_03_15 on seen_rxs=[0, 1, 2, 3, 4, 5, 6]: tx=96.05% (40339/42000)
          day=2021_03_23 on seen_rxs=[0, 1, 2, 3, 4, 5, 6]: tx=90.93% (38189/42000)
          rx=7 on seen_days=['2021_03_01', '2021_03_08']: tx=81.88% (9825/12000)
          rx=8 on seen_days=['2021_03_01', '2021_03_08']: tx=83.09% (9971/12000)
          rx=9 on seen_days=['2021_03_01', '2021_03_08']: tx=90.97% (10916/12000)
          rx=10 on seen_days=['2021_03_01', '2021_03_08']: tx=94.08% (11290/12000)
          rx=11 on seen_days=['2021_03_01', '2021_03_08']: tx=90.30% (10836/12000)
[BEST-JOINT]  val_tx=98.91% & test_tx=88.98% @ E075
[CKPT]  latest -> finalist_runs/B2_A2_light_seed1337/latest_model.pth (saved) | best -> finalist_runs/B2_A2_light_seed1337/best_model_val.pth
====================================================================================================================================
[SAT-TEST] scenario=clear_leo selected=test_unseen_day_unseen_rx overall_tx=44.98% strict_udu=44.98% (26985/60000)
[SAT-TEST] scenario=low_elev_leo selected=test_unseen_day_unseen_rx overall_tx=44.51% strict_udu=44.51% (26705/60000)
[SAT-TEST] scenario=rain_leo selected=test_unseen_day_unseen_rx overall_tx=42.40% strict_udu=42.40% (25438/60000)
[SAT-TEST] scenario=storm_mp selected=test_unseen_day_unseen_rx overall_tx=37.27% strict_udu=37.27% (22360/60000)
[SAT-TEST] scenario=mixed_orbit selected=test_unseen_day_unseen_rx overall_tx=40.55% strict_udu=40.55% (24333/60000)
[BEST-TEST] overall=89.55% @ E033 -> finalist_runs/B2_A2_light_seed1337/best_model_test_overall.pth | unseen_day_unseen_rx=84.12% @ E063 -> finalist_runs/B2_A2_light_seed1337/best_model_strict_udu.pth | unseen_day_seen_rx=94.07% @ E064 | seen_day_unseen_rx=89.89% @ E064
[BEST-PRIMARY] score=85.83 @ E063 -> finalist_runs/B2_A2_light_seed1337/best_model_primary_ood.pth | overall=89.00% strict_udu=84.12%
[BEST-WORST-RX] worst_rx=83.56% (test_rx_8) @ E061 -> finalist_runs/B2_A2_light_seed1337/best_model_worst_rx.pth
====================================================================================================================================
[Epoch 077/200] time=86.8s | lr=1.36e-04 | aux_scale=1.000
[STAGE] phase=S2_stabilize_aux | use_aux=1.0 cons=0.71 cls_aux=0.66 reg=0.76 joint_inv=0.33 kl=0.47 group_ce=0.98
[MIXSTYLE-EPOCH] phase=base enabled=1 p=0.150 strength=0.650 anneal_t=0.000
[AUG] scale=0.350 | p_dac=0.000 p_pa=0.049 p_shift=0.122 p_cfo=0.122 p_awgn=0.140 p_mp=0.063 | max_shift=11 cfo_max=0.00014 pn_max=0.0021
------------------------------------------------------------------------------------------------------------------------------------
[LOSS-CORE] total=4.6054 cls=1.8956 dom=0.4785 adv=2.6151 orth=0.0020 cons=0.1988 group_ce=3.0610
[LOSS-AUX]  cls_pa=1.8706 cls_dac=0.0000 pa_joint_inv=0.2645 pa_kl=1.6721 dac_reg=0.0000 pa_reg=0.0150 gap_dac=0.0000 gap_pa=0.2702 cos_joint_pa=0.7355 cos_imp_pa=nan
[LOSS-SAT]  cls_sat=9.8142 sat_cons=0.7303 sat_cos=0.2697
[LOSS-DG]   proto=0.0000 proto_cos=nan supcon=0.0000 fishr=0.0018 sgc_res=0.0000
[LOSS-CAL]  ecc=0.0000 ecc_w=0.0000 ecc_tau=0.9500 ecc_maxp=nan
[TRAIN] tx=84.69% dom=82.36% cons_cos=0.8012
[GRAD]  total=1.677 backbone=1.000 aux=0.750 domain=0.447
[VAL]   tx=98.68% dom=94.40%
[TEST]  overall_tx=87.79% (179094/204000)
[TEST-SPLIT]
          unseen_day_seen_rx(days=['2021_03_15', '2021_03_23'], rxs=[0, 1, 2, 3, 4, 5, 6]): tx=92.78% (77931/84000)
          seen_day_unseen_rx(days=['2021_03_01', '2021_03_08'], rxs=[7, 8, 9, 10, 11]): tx=86.43% (51859/60000)
          unseen_day_unseen_rx(days=['2021_03_15', '2021_03_23'], rxs=[7, 8, 9, 10, 11]): tx=82.17% (49304/60000)
          day=2021_03_15 on seen_rxs=[0, 1, 2, 3, 4, 5, 6]: tx=94.82% (39824/42000)
          day=2021_03_23 on seen_rxs=[0, 1, 2, 3, 4, 5, 6]: tx=90.73% (38107/42000)
          rx=7 on seen_days=['2021_03_01', '2021_03_08']: tx=79.45% (9534/12000)
          rx=8 on seen_days=['2021_03_01', '2021_03_08']: tx=82.27% (9872/12000)
          rx=9 on seen_days=['2021_03_01', '2021_03_08']: tx=90.62% (10875/12000)
          rx=10 on seen_days=['2021_03_01', '2021_03_08']: tx=91.21% (10945/12000)
          rx=11 on seen_days=['2021_03_01', '2021_03_08']: tx=88.61% (10633/12000)
[BEST-JOINT]  val_tx=98.91% & test_tx=88.98% @ E075
[CKPT]  latest -> finalist_runs/B2_A2_light_seed1337/latest_model.pth (saved) | best -> finalist_runs/B2_A2_light_seed1337/best_model_val.pth
====================================================================================================================================
[SAT-TEST] scenario=clear_leo selected=test_unseen_day_unseen_rx overall_tx=41.45% strict_udu=41.45% (24869/60000)
[SAT-TEST] scenario=low_elev_leo selected=test_unseen_day_unseen_rx overall_tx=41.20% strict_udu=41.20% (24717/60000)
[SAT-TEST] scenario=rain_leo selected=test_unseen_day_unseen_rx overall_tx=39.51% strict_udu=39.51% (23705/60000)
[SAT-TEST] scenario=storm_mp selected=test_unseen_day_unseen_rx overall_tx=35.61% strict_udu=35.61% (21365/60000)
[SAT-TEST] scenario=mixed_orbit selected=test_unseen_day_unseen_rx overall_tx=36.70% strict_udu=36.70% (22020/60000)
[BEST-TEST] overall=89.55% @ E033 -> finalist_runs/B2_A2_light_seed1337/best_model_test_overall.pth | unseen_day_unseen_rx=84.12% @ E063 -> finalist_runs/B2_A2_light_seed1337/best_model_strict_udu.pth | unseen_day_seen_rx=94.07% @ E064 | seen_day_unseen_rx=89.89% @ E064
[BEST-PRIMARY] score=85.83 @ E063 -> finalist_runs/B2_A2_light_seed1337/best_model_primary_ood.pth | overall=89.00% strict_udu=84.12%
[BEST-WORST-RX] worst_rx=83.56% (test_rx_8) @ E061 -> finalist_runs/B2_A2_light_seed1337/best_model_worst_rx.pth
====================================================================================================================================
[Epoch 078/200] time=86.4s | lr=1.34e-04 | aux_scale=1.000
[STAGE] phase=S2_stabilize_aux | use_aux=1.0 cons=0.72 cls_aux=0.67 reg=0.78 joint_inv=0.34 kl=0.48 group_ce=0.98
[MIXSTYLE-EPOCH] phase=base enabled=1 p=0.150 strength=0.650 anneal_t=0.000
[AUG] scale=0.350 | p_dac=0.000 p_pa=0.049 p_shift=0.122 p_cfo=0.122 p_awgn=0.140 p_mp=0.063 | max_shift=11 cfo_max=0.00014 pn_max=0.0021
------------------------------------------------------------------------------------------------------------------------------------
[LOSS-CORE] total=4.4880 cls=1.7567 dom=0.4835 adv=2.6211 orth=0.0017 cons=0.1967 group_ce=3.0229
[LOSS-AUX]  cls_pa=1.8366 cls_dac=0.0000 pa_joint_inv=0.2629 pa_kl=1.6326 dac_reg=0.0000 pa_reg=0.0145 gap_dac=0.0000 gap_pa=0.2671 cos_joint_pa=0.7371 cos_imp_pa=nan
[LOSS-SAT]  cls_sat=9.9108 sat_cons=0.7349 sat_cos=0.2651
[LOSS-DG]   proto=0.0000 proto_cos=nan supcon=0.0000 fishr=0.0016 sgc_res=0.0000
[LOSS-CAL]  ecc=0.0000 ecc_w=0.0000 ecc_tau=0.9500 ecc_maxp=nan
[TRAIN] tx=85.61% dom=82.58% cons_cos=0.8033
[GRAD]  total=1.797 backbone=1.000 aux=0.750 domain=0.443
[VAL]   tx=98.86% dom=94.47%
[TEST]  overall_tx=87.93% (179377/204000)
[TEST-SPLIT]
          unseen_day_seen_rx(days=['2021_03_15', '2021_03_23'], rxs=[0, 1, 2, 3, 4, 5, 6]): tx=93.13% (78227/84000)
          seen_day_unseen_rx(days=['2021_03_01', '2021_03_08'], rxs=[7, 8, 9, 10, 11]): tx=87.03% (52221/60000)
          unseen_day_unseen_rx(days=['2021_03_15', '2021_03_23'], rxs=[7, 8, 9, 10, 11]): tx=81.55% (48929/60000)
          day=2021_03_15 on seen_rxs=[0, 1, 2, 3, 4, 5, 6]: tx=94.29% (39601/42000)
          day=2021_03_23 on seen_rxs=[0, 1, 2, 3, 4, 5, 6]: tx=91.97% (38626/42000)
          rx=7 on seen_days=['2021_03_01', '2021_03_08']: tx=82.22% (9867/12000)
          rx=8 on seen_days=['2021_03_01', '2021_03_08']: tx=79.91% (9589/12000)
          rx=9 on seen_days=['2021_03_01', '2021_03_08']: tx=90.36% (10843/12000)
          rx=10 on seen_days=['2021_03_01', '2021_03_08']: tx=93.76% (11251/12000)
          rx=11 on seen_days=['2021_03_01', '2021_03_08']: tx=88.92% (10671/12000)
[BEST-JOINT]  val_tx=98.91% & test_tx=88.98% @ E075
[CKPT]  latest -> finalist_runs/B2_A2_light_seed1337/latest_model.pth (saved) | best -> finalist_runs/B2_A2_light_seed1337/best_model_val.pth
====================================================================================================================================
[SAT-TEST] scenario=clear_leo selected=test_unseen_day_unseen_rx overall_tx=40.67% strict_udu=40.67% (24404/60000)
[SAT-TEST] scenario=low_elev_leo selected=test_unseen_day_unseen_rx overall_tx=40.70% strict_udu=40.70% (24422/60000)
[SAT-TEST] scenario=rain_leo selected=test_unseen_day_unseen_rx overall_tx=38.83% strict_udu=38.83% (23296/60000)
[SAT-TEST] scenario=storm_mp selected=test_unseen_day_unseen_rx overall_tx=35.46% strict_udu=35.46% (21277/60000)
[SAT-TEST] scenario=mixed_orbit selected=test_unseen_day_unseen_rx overall_tx=36.77% strict_udu=36.77% (22062/60000)
[BEST-TEST] overall=89.55% @ E033 -> finalist_runs/B2_A2_light_seed1337/best_model_test_overall.pth | unseen_day_unseen_rx=84.12% @ E063 -> finalist_runs/B2_A2_light_seed1337/best_model_strict_udu.pth | unseen_day_seen_rx=94.07% @ E064 | seen_day_unseen_rx=89.89% @ E064
[BEST-PRIMARY] score=85.83 @ E063 -> finalist_runs/B2_A2_light_seed1337/best_model_primary_ood.pth | overall=89.00% strict_udu=84.12%
[BEST-WORST-RX] worst_rx=83.56% (test_rx_8) @ E061 -> finalist_runs/B2_A2_light_seed1337/best_model_worst_rx.pth
====================================================================================================================================
[Epoch 079/200] time=85.2s | lr=1.33e-04 | aux_scale=1.000
[STAGE] phase=S2_stabilize_aux | use_aux=1.0 cons=0.74 cls_aux=0.69 reg=0.79 joint_inv=0.34 kl=0.49 group_ce=0.99
[MIXSTYLE-EPOCH] phase=base enabled=1 p=0.150 strength=0.650 anneal_t=0.000
[AUG] scale=0.350 | p_dac=0.000 p_pa=0.049 p_shift=0.122 p_cfo=0.122 p_awgn=0.140 p_mp=0.063 | max_shift=11 cfo_max=0.00014 pn_max=0.0021
------------------------------------------------------------------------------------------------------------------------------------
[LOSS-CORE] total=4.7492 cls=1.9312 dom=0.5387 adv=2.6207 orth=0.0017 cons=0.1988 group_ce=3.1199
[LOSS-AUX]  cls_pa=1.8526 cls_dac=0.0000 pa_joint_inv=0.2622 pa_kl=1.6342 dac_reg=0.0000 pa_reg=0.0148 gap_dac=0.0000 gap_pa=0.2625 cos_joint_pa=0.7378 cos_imp_pa=nan
[LOSS-SAT]  cls_sat=9.9428 sat_cons=0.7403 sat_cos=0.2597
[LOSS-DG]   proto=0.0000 proto_cos=nan supcon=0.0000 fishr=0.0018 sgc_res=0.0000
[LOSS-CAL]  ecc=0.0000 ecc_w=0.0000 ecc_tau=0.9500 ecc_maxp=nan
[TRAIN] tx=84.39% dom=81.02% cons_cos=0.8012
[GRAD]  total=1.821 backbone=1.000 aux=0.750 domain=0.438
[VAL]   tx=98.67% dom=93.56%
[TEST]  overall_tx=89.11% (181785/204000)
[TEST-SPLIT]
          unseen_day_seen_rx(days=['2021_03_15', '2021_03_23'], rxs=[0, 1, 2, 3, 4, 5, 6]): tx=93.57% (78599/84000)
          seen_day_unseen_rx(days=['2021_03_01', '2021_03_08'], rxs=[7, 8, 9, 10, 11]): tx=88.13% (52880/60000)
          unseen_day_unseen_rx(days=['2021_03_15', '2021_03_23'], rxs=[7, 8, 9, 10, 11]): tx=83.84% (50306/60000)
          day=2021_03_15 on seen_rxs=[0, 1, 2, 3, 4, 5, 6]: tx=96.07% (40349/42000)
          day=2021_03_23 on seen_rxs=[0, 1, 2, 3, 4, 5, 6]: tx=91.07% (38250/42000)
          rx=7 on seen_days=['2021_03_01', '2021_03_08']: tx=83.50% (10020/12000)
          rx=8 on seen_days=['2021_03_01', '2021_03_08']: tx=81.59% (9791/12000)
          rx=9 on seen_days=['2021_03_01', '2021_03_08']: tx=91.31% (10957/12000)
          rx=10 on seen_days=['2021_03_01', '2021_03_08']: tx=93.72% (11246/12000)
          rx=11 on seen_days=['2021_03_01', '2021_03_08']: tx=90.55% (10866/12000)
[BEST-JOINT]  val_tx=98.91% & test_tx=88.98% @ E075
[CKPT]  latest -> finalist_runs/B2_A2_light_seed1337/latest_model.pth (saved) | best -> finalist_runs/B2_A2_light_seed1337/best_model_val.pth
====================================================================================================================================
[SAT-TEST] scenario=clear_leo selected=test_unseen_day_unseen_rx overall_tx=44.12% strict_udu=44.12% (26471/60000)
[SAT-TEST] scenario=low_elev_leo selected=test_unseen_day_unseen_rx overall_tx=43.36% strict_udu=43.36% (26016/60000)
[SAT-TEST] scenario=rain_leo selected=test_unseen_day_unseen_rx overall_tx=41.59% strict_udu=41.59% (24956/60000)
[SAT-TEST] scenario=storm_mp selected=test_unseen_day_unseen_rx overall_tx=36.41% strict_udu=36.41% (21845/60000)
[SAT-TEST] scenario=mixed_orbit selected=test_unseen_day_unseen_rx overall_tx=39.21% strict_udu=39.21% (23526/60000)
[BEST-TEST] overall=89.55% @ E033 -> finalist_runs/B2_A2_light_seed1337/best_model_test_overall.pth | unseen_day_unseen_rx=84.12% @ E063 -> finalist_runs/B2_A2_light_seed1337/best_model_strict_udu.pth | unseen_day_seen_rx=94.07% @ E064 | seen_day_unseen_rx=89.89% @ E064
[BEST-PRIMARY] score=85.83 @ E063 -> finalist_runs/B2_A2_light_seed1337/best_model_primary_ood.pth | overall=89.00% strict_udu=84.12%
[BEST-WORST-RX] worst_rx=83.56% (test_rx_8) @ E061 -> finalist_runs/B2_A2_light_seed1337/best_model_worst_rx.pth
====================================================================================================================================
[Epoch 080/200] time=88.7s | lr=1.31e-04 | aux_scale=1.000
[STAGE] phase=S2_stabilize_aux | use_aux=1.0 cons=0.75 cls_aux=0.70 reg=0.80 joint_inv=0.35 kl=0.50 group_ce=1.00
[MIXSTYLE-EPOCH] phase=base enabled=1 p=0.150 strength=0.650 anneal_t=0.000
[AUG] scale=0.350 | p_dac=0.000 p_pa=0.049 p_shift=0.122 p_cfo=0.122 p_awgn=0.140 p_mp=0.063 | max_shift=11 cfo_max=0.00014 pn_max=0.0021
------------------------------------------------------------------------------------------------------------------------------------
[LOSS-CORE] total=4.1752 cls=1.5049 dom=0.4285 adv=2.6187 orth=0.0020 cons=0.1869 group_ce=2.5628
[LOSS-AUX]  cls_pa=1.8962 cls_dac=0.0000 pa_joint_inv=0.2620 pa_kl=1.6922 dac_reg=0.0000 pa_reg=0.0147 gap_dac=0.0000 gap_pa=0.2658 cos_joint_pa=0.7380 cos_imp_pa=nan
[LOSS-SAT]  cls_sat=9.8327 sat_cons=0.7488 sat_cos=0.2512
[LOSS-DG]   proto=0.0000 proto_cos=nan supcon=0.0000 fishr=0.0014 sgc_res=0.0000
[LOSS-CAL]  ecc=0.0000 ecc_w=0.0000 ecc_tau=0.9500 ecc_maxp=nan
[TRAIN] tx=88.07% dom=84.23% cons_cos=0.8131
[GRAD]  total=1.624 backbone=1.000 aux=0.750 domain=0.440
[VAL]   tx=98.92% dom=94.35%
[TEST]  overall_tx=89.83% (183254/204000)
[TEST-SPLIT]
          unseen_day_seen_rx(days=['2021_03_15', '2021_03_23'], rxs=[0, 1, 2, 3, 4, 5, 6]): tx=94.24% (79159/84000)
          seen_day_unseen_rx(days=['2021_03_01', '2021_03_08'], rxs=[7, 8, 9, 10, 11]): tx=89.37% (53622/60000)
          unseen_day_unseen_rx(days=['2021_03_15', '2021_03_23'], rxs=[7, 8, 9, 10, 11]): tx=84.12% (50473/60000)
          day=2021_03_15 on seen_rxs=[0, 1, 2, 3, 4, 5, 6]: tx=96.24% (40420/42000)
          day=2021_03_23 on seen_rxs=[0, 1, 2, 3, 4, 5, 6]: tx=92.24% (38739/42000)
          rx=7 on seen_days=['2021_03_01', '2021_03_08']: tx=85.11% (10213/12000)
          rx=8 on seen_days=['2021_03_01', '2021_03_08']: tx=82.88% (9945/12000)
          rx=9 on seen_days=['2021_03_01', '2021_03_08']: tx=92.37% (11084/12000)
          rx=10 on seen_days=['2021_03_01', '2021_03_08']: tx=93.79% (11255/12000)
          rx=11 on seen_days=['2021_03_01', '2021_03_08']: tx=92.71% (11125/12000)
[BEST-JOINT]  val_tx=98.92% & test_tx=89.83% @ E080
[CKPT]  latest -> finalist_runs/B2_A2_light_seed1337/latest_model.pth (saved) | best -> finalist_runs/B2_A2_light_seed1337/best_model_val.pth (updated: val improved)
====================================================================================================================================
[SAT-TEST] scenario=clear_leo selected=test_unseen_day_unseen_rx overall_tx=43.65% strict_udu=43.65% (26189/60000)
[SAT-TEST] scenario=low_elev_leo selected=test_unseen_day_unseen_rx overall_tx=43.95% strict_udu=43.95% (26371/60000)
[SAT-TEST] scenario=rain_leo selected=test_unseen_day_unseen_rx overall_tx=41.89% strict_udu=41.89% (25136/60000)
[SAT-TEST] scenario=storm_mp selected=test_unseen_day_unseen_rx overall_tx=37.42% strict_udu=37.42% (22455/60000)
[SAT-TEST] scenario=mixed_orbit selected=test_unseen_day_unseen_rx overall_tx=39.70% strict_udu=39.70% (23819/60000)
[BEST-TEST] overall=89.83% @ E080 -> finalist_runs/B2_A2_light_seed1337/best_model_test_overall.pth | unseen_day_unseen_rx=84.12% @ E063 -> finalist_runs/B2_A2_light_seed1337/best_model_strict_udu.pth | unseen_day_seen_rx=94.24% @ E080 | seen_day_unseen_rx=89.89% @ E064
[BEST-PRIMARY] score=86.12 @ E080 -> finalist_runs/B2_A2_light_seed1337/best_model_primary_ood.pth | overall=89.83% strict_udu=84.12%
[BEST-WORST-RX] worst_rx=83.56% (test_rx_8) @ E061 -> finalist_runs/B2_A2_light_seed1337/best_model_worst_rx.pth
====================================================================================================================================
[Epoch 081/200] time=84.9s | lr=1.30e-04 | aux_scale=1.000
[STAGE] phase=S3_refine_aux | use_aux=1.0 cons=0.85 cls_aux=0.80 reg=0.85 joint_inv=0.25 kl=0.50 group_ce=1.00
[MIXSTYLE-EPOCH] phase=base enabled=1 p=0.150 strength=0.650 anneal_t=0.000
[AUG] scale=0.350 | p_dac=0.000 p_pa=0.049 p_shift=0.122 p_cfo=0.122 p_awgn=0.140 p_mp=0.063 | max_shift=11 cfo_max=0.00014 pn_max=0.0021
------------------------------------------------------------------------------------------------------------------------------------
[LOSS-CORE] total=4.2985 cls=1.5986 dom=0.4206 adv=2.6194 orth=0.0023 cons=0.1848 group_ce=2.6570
[LOSS-AUX]  cls_pa=1.8398 cls_dac=0.0000 pa_joint_inv=0.2554 pa_kl=1.6335 dac_reg=0.0000 pa_reg=0.0158 gap_dac=0.0000 gap_pa=0.2680 cos_joint_pa=0.7446 cos_imp_pa=nan
[LOSS-SAT]  cls_sat=9.8185 sat_cons=0.7446 sat_cos=0.2554
[LOSS-DG]   proto=0.0000 proto_cos=nan supcon=0.0000 fishr=0.0014 sgc_res=0.0000
[LOSS-CAL]  ecc=0.0000 ecc_w=0.0000 ecc_tau=0.9500 ecc_maxp=nan
[TRAIN] tx=87.47% dom=84.59% cons_cos=0.8152
[GRAD]  total=1.671 backbone=1.000 aux=0.750 domain=0.443
[VAL]   tx=98.92% dom=94.38%
[TEST]  overall_tx=88.85% (181251/204000)
[TEST-SPLIT]
          unseen_day_seen_rx(days=['2021_03_15', '2021_03_23'], rxs=[0, 1, 2, 3, 4, 5, 6]): tx=93.55% (78582/84000)
          seen_day_unseen_rx(days=['2021_03_01', '2021_03_08'], rxs=[7, 8, 9, 10, 11]): tx=88.37% (53020/60000)
          unseen_day_unseen_rx(days=['2021_03_15', '2021_03_23'], rxs=[7, 8, 9, 10, 11]): tx=82.75% (49649/60000)
          day=2021_03_15 on seen_rxs=[0, 1, 2, 3, 4, 5, 6]: tx=94.39% (39643/42000)
          day=2021_03_23 on seen_rxs=[0, 1, 2, 3, 4, 5, 6]: tx=92.71% (38939/42000)
          rx=7 on seen_days=['2021_03_01', '2021_03_08']: tx=83.29% (9995/12000)
          rx=8 on seen_days=['2021_03_01', '2021_03_08']: tx=81.81% (9817/12000)
          rx=9 on seen_days=['2021_03_01', '2021_03_08']: tx=90.97% (10917/12000)
          rx=10 on seen_days=['2021_03_01', '2021_03_08']: tx=92.42% (11090/12000)
          rx=11 on seen_days=['2021_03_01', '2021_03_08']: tx=93.34% (11201/12000)
[BEST-JOINT]  val_tx=98.92% & test_tx=88.85% @ E081
[CKPT]  latest -> finalist_runs/B2_A2_light_seed1337/latest_model.pth (saved) | best -> finalist_runs/B2_A2_light_seed1337/best_model_val.pth (updated: val improved)
====================================================================================================================================
[SAT-TEST] scenario=clear_leo selected=test_unseen_day_unseen_rx overall_tx=42.10% strict_udu=42.10% (25262/60000)
[SAT-TEST] scenario=low_elev_leo selected=test_unseen_day_unseen_rx overall_tx=41.85% strict_udu=41.85% (25110/60000)
[SAT-TEST] scenario=rain_leo selected=test_unseen_day_unseen_rx overall_tx=40.04% strict_udu=40.04% (24022/60000)
[SAT-TEST] scenario=storm_mp selected=test_unseen_day_unseen_rx overall_tx=36.52% strict_udu=36.52% (21909/60000)
[SAT-TEST] scenario=mixed_orbit selected=test_unseen_day_unseen_rx overall_tx=38.97% strict_udu=38.97% (23382/60000)
[BEST-TEST] overall=89.83% @ E080 -> finalist_runs/B2_A2_light_seed1337/best_model_test_overall.pth | unseen_day_unseen_rx=84.12% @ E063 -> finalist_runs/B2_A2_light_seed1337/best_model_strict_udu.pth | unseen_day_seen_rx=94.24% @ E080 | seen_day_unseen_rx=89.89% @ E064
[BEST-PRIMARY] score=86.12 @ E080 -> finalist_runs/B2_A2_light_seed1337/best_model_primary_ood.pth | overall=89.83% strict_udu=84.12%
[BEST-WORST-RX] worst_rx=83.56% (test_rx_8) @ E061 -> finalist_runs/B2_A2_light_seed1337/best_model_worst_rx.pth
====================================================================================================================================
[Epoch 082/200] time=86.9s | lr=1.28e-04 | aux_scale=1.000
[STAGE] phase=S3_refine_aux | use_aux=1.0 cons=0.85 cls_aux=0.80 reg=0.85 joint_inv=0.25 kl=0.50 group_ce=1.00
[MIXSTYLE-EPOCH] phase=base enabled=1 p=0.150 strength=0.650 anneal_t=0.000
[AUG] scale=0.350 | p_dac=0.000 p_pa=0.049 p_shift=0.122 p_cfo=0.122 p_awgn=0.140 p_mp=0.063 | max_shift=11 cfo_max=0.00014 pn_max=0.0021
------------------------------------------------------------------------------------------------------------------------------------
[LOSS-CORE] total=4.9817 cls=2.1262 dom=0.5379 adv=2.6181 orth=0.0019 cons=0.2072 group_ce=3.3019
[LOSS-AUX]  cls_pa=1.6980 cls_dac=0.0000 pa_joint_inv=0.2518 pa_kl=1.5069 dac_reg=0.0000 pa_reg=0.0146 gap_dac=0.0000 gap_pa=0.2725 cos_joint_pa=0.7482 cos_imp_pa=nan
[LOSS-SAT]  cls_sat=9.7499 sat_cons=0.7223 sat_cos=0.2777
[LOSS-DG]   proto=0.0000 proto_cos=nan supcon=0.0000 fishr=0.0020 sgc_res=0.0000
[LOSS-CAL]  ecc=0.0000 ecc_w=0.0000 ecc_tau=0.9500 ecc_maxp=nan
[TRAIN] tx=82.95% dom=80.20% cons_cos=0.7928
[GRAD]  total=1.769 backbone=1.000 aux=0.750 domain=0.450
[VAL]   tx=98.92% dom=94.81%
[TEST]  overall_tx=88.42% (180372/204000)
[TEST-SPLIT]
          unseen_day_seen_rx(days=['2021_03_15', '2021_03_23'], rxs=[0, 1, 2, 3, 4, 5, 6]): tx=93.01% (78129/84000)
          seen_day_unseen_rx(days=['2021_03_01', '2021_03_08'], rxs=[7, 8, 9, 10, 11]): tx=87.60% (52559/60000)
          unseen_day_unseen_rx(days=['2021_03_15', '2021_03_23'], rxs=[7, 8, 9, 10, 11]): tx=82.81% (49684/60000)
          day=2021_03_15 on seen_rxs=[0, 1, 2, 3, 4, 5, 6]: tx=94.43% (39662/42000)
          day=2021_03_23 on seen_rxs=[0, 1, 2, 3, 4, 5, 6]: tx=91.59% (38467/42000)
          rx=7 on seen_days=['2021_03_01', '2021_03_08']: tx=82.70% (9924/12000)
          rx=8 on seen_days=['2021_03_01', '2021_03_08']: tx=81.22% (9747/12000)
          rx=9 on seen_days=['2021_03_01', '2021_03_08']: tx=90.25% (10830/12000)
          rx=10 on seen_days=['2021_03_01', '2021_03_08']: tx=93.58% (11229/12000)
          rx=11 on seen_days=['2021_03_01', '2021_03_08']: tx=90.24% (10829/12000)
[BEST-JOINT]  val_tx=98.92% & test_tx=88.85% @ E081
[CKPT]  latest -> finalist_runs/B2_A2_light_seed1337/latest_model.pth (saved) | best -> finalist_runs/B2_A2_light_seed1337/best_model_val.pth
====================================================================================================================================
[SAT-TEST] scenario=clear_leo selected=test_unseen_day_unseen_rx overall_tx=42.29% strict_udu=42.29% (25374/60000)
[SAT-TEST] scenario=low_elev_leo selected=test_unseen_day_unseen_rx overall_tx=42.91% strict_udu=42.91% (25746/60000)
[SAT-TEST] scenario=rain_leo selected=test_unseen_day_unseen_rx overall_tx=40.34% strict_udu=40.34% (24207/60000)
[SAT-TEST] scenario=storm_mp selected=test_unseen_day_unseen_rx overall_tx=36.56% strict_udu=36.56% (21934/60000)
[SAT-TEST] scenario=mixed_orbit selected=test_unseen_day_unseen_rx overall_tx=38.25% strict_udu=38.25% (22951/60000)
[BEST-TEST] overall=89.83% @ E080 -> finalist_runs/B2_A2_light_seed1337/best_model_test_overall.pth | unseen_day_unseen_rx=84.12% @ E063 -> finalist_runs/B2_A2_light_seed1337/best_model_strict_udu.pth | unseen_day_seen_rx=94.24% @ E080 | seen_day_unseen_rx=89.89% @ E064
[BEST-PRIMARY] score=86.12 @ E080 -> finalist_runs/B2_A2_light_seed1337/best_model_primary_ood.pth | overall=89.83% strict_udu=84.12%
[BEST-WORST-RX] worst_rx=83.56% (test_rx_8) @ E061 -> finalist_runs/B2_A2_light_seed1337/best_model_worst_rx.pth
====================================================================================================================================
[Epoch 083/200] time=87.2s | lr=1.27e-04 | aux_scale=1.000
[STAGE] phase=S3_refine_aux | use_aux=1.0 cons=0.86 cls_aux=0.81 reg=0.86 joint_inv=0.25 kl=0.50 group_ce=1.00
[MIXSTYLE-EPOCH] phase=base enabled=1 p=0.150 strength=0.650 anneal_t=0.000
[AUG] scale=0.350 | p_dac=0.000 p_pa=0.049 p_shift=0.122 p_cfo=0.122 p_awgn=0.140 p_mp=0.063 | max_shift=11 cfo_max=0.00014 pn_max=0.0021
------------------------------------------------------------------------------------------------------------------------------------
[LOSS-CORE] total=4.3275 cls=1.6212 dom=0.4307 adv=2.6176 orth=0.0021 cons=0.1886 group_ce=2.7594
[LOSS-AUX]  cls_pa=1.7605 cls_dac=0.0000 pa_joint_inv=0.2525 pa_kl=1.5693 dac_reg=0.0000 pa_reg=0.0147 gap_dac=0.0000 gap_pa=0.2650 cos_joint_pa=0.7475 cos_imp_pa=nan
[LOSS-SAT]  cls_sat=9.7823 sat_cons=0.7251 sat_cos=0.2749
[LOSS-DG]   proto=0.0000 proto_cos=nan supcon=0.0000 fishr=0.0015 sgc_res=0.0000
[LOSS-CAL]  ecc=0.0000 ecc_w=0.0000 ecc_tau=0.9500 ecc_maxp=nan
[TRAIN] tx=87.15% dom=84.15% cons_cos=0.8115
[GRAD]  total=1.588 backbone=1.000 aux=0.750 domain=0.442
[VAL]   tx=98.91% dom=94.62%
[TEST]  overall_tx=89.01% (181572/204000)
[TEST-SPLIT]
          unseen_day_seen_rx(days=['2021_03_15', '2021_03_23'], rxs=[0, 1, 2, 3, 4, 5, 6]): tx=93.17% (78261/84000)
          seen_day_unseen_rx(days=['2021_03_01', '2021_03_08'], rxs=[7, 8, 9, 10, 11]): tx=88.15% (52890/60000)
          unseen_day_unseen_rx(days=['2021_03_15', '2021_03_23'], rxs=[7, 8, 9, 10, 11]): tx=84.03% (50421/60000)
          day=2021_03_15 on seen_rxs=[0, 1, 2, 3, 4, 5, 6]: tx=94.80% (39817/42000)
          day=2021_03_23 on seen_rxs=[0, 1, 2, 3, 4, 5, 6]: tx=91.53% (38444/42000)
          rx=7 on seen_days=['2021_03_01', '2021_03_08']: tx=79.67% (9561/12000)
          rx=8 on seen_days=['2021_03_01', '2021_03_08']: tx=84.78% (10173/12000)
          rx=9 on seen_days=['2021_03_01', '2021_03_08']: tx=90.19% (10823/12000)
          rx=10 on seen_days=['2021_03_01', '2021_03_08']: tx=93.25% (11190/12000)
          rx=11 on seen_days=['2021_03_01', '2021_03_08']: tx=92.86% (11143/12000)
[BEST-JOINT]  val_tx=98.92% & test_tx=88.85% @ E081
[CKPT]  latest -> finalist_runs/B2_A2_light_seed1337/latest_model.pth (saved) | best -> finalist_runs/B2_A2_light_seed1337/best_model_val.pth
====================================================================================================================================
[SAT-TEST] scenario=clear_leo selected=test_unseen_day_unseen_rx overall_tx=42.84% strict_udu=42.84% (25705/60000)
[SAT-TEST] scenario=low_elev_leo selected=test_unseen_day_unseen_rx overall_tx=42.10% strict_udu=42.10% (25261/60000)
[SAT-TEST] scenario=rain_leo selected=test_unseen_day_unseen_rx overall_tx=40.38% strict_udu=40.38% (24229/60000)
[SAT-TEST] scenario=storm_mp selected=test_unseen_day_unseen_rx overall_tx=35.86% strict_udu=35.86% (21516/60000)
[SAT-TEST] scenario=mixed_orbit selected=test_unseen_day_unseen_rx overall_tx=38.57% strict_udu=38.57% (23141/60000)
[BEST-TEST] overall=89.83% @ E080 -> finalist_runs/B2_A2_light_seed1337/best_model_test_overall.pth | unseen_day_unseen_rx=84.12% @ E063 -> finalist_runs/B2_A2_light_seed1337/best_model_strict_udu.pth | unseen_day_seen_rx=94.24% @ E080 | seen_day_unseen_rx=89.89% @ E064
[BEST-PRIMARY] score=86.12 @ E080 -> finalist_runs/B2_A2_light_seed1337/best_model_primary_ood.pth | overall=89.83% strict_udu=84.12%
[BEST-WORST-RX] worst_rx=83.56% (test_rx_8) @ E061 -> finalist_runs/B2_A2_light_seed1337/best_model_worst_rx.pth
====================================================================================================================================
[Epoch 084/200] time=87.8s | lr=1.25e-04 | aux_scale=1.000
[STAGE] phase=S3_refine_aux | use_aux=1.0 cons=0.86 cls_aux=0.81 reg=0.86 joint_inv=0.25 kl=0.51 group_ce=1.00
[MIXSTYLE-EPOCH] phase=base enabled=1 p=0.150 strength=0.650 anneal_t=0.000
[AUG] scale=0.350 | p_dac=0.000 p_pa=0.049 p_shift=0.122 p_cfo=0.122 p_awgn=0.140 p_mp=0.063 | max_shift=11 cfo_max=0.00014 pn_max=0.0021
------------------------------------------------------------------------------------------------------------------------------------
[LOSS-CORE] total=3.7695 cls=1.2096 dom=0.3533 adv=2.6225 orth=0.0023 cons=0.1701 group_ce=2.1727
[LOSS-AUX]  cls_pa=1.6471 cls_dac=0.0000 pa_joint_inv=0.2452 pa_kl=1.4486 dac_reg=0.0000 pa_reg=0.0149 gap_dac=0.0000 gap_pa=0.2644 cos_joint_pa=0.7548 cos_imp_pa=nan
[LOSS-SAT]  cls_sat=9.9019 sat_cons=0.7555 sat_cos=0.2445
[LOSS-DG]   proto=0.0000 proto_cos=nan supcon=0.0000 fishr=0.0012 sgc_res=0.0000
[LOSS-CAL]  ecc=0.0000 ecc_w=0.0000 ecc_tau=0.9500 ecc_maxp=nan
[TRAIN] tx=90.53% dom=86.51% cons_cos=0.8299
[GRAD]  total=1.591 backbone=1.000 aux=0.750 domain=0.444
[VAL]   tx=98.71% dom=94.75%
[TEST]  overall_tx=88.81% (181173/204000)
[TEST-SPLIT]
          unseen_day_seen_rx(days=['2021_03_15', '2021_03_23'], rxs=[0, 1, 2, 3, 4, 5, 6]): tx=93.16% (78255/84000)
          seen_day_unseen_rx(days=['2021_03_01', '2021_03_08'], rxs=[7, 8, 9, 10, 11]): tx=87.66% (52596/60000)
          unseen_day_unseen_rx(days=['2021_03_15', '2021_03_23'], rxs=[7, 8, 9, 10, 11]): tx=83.87% (50322/60000)
          day=2021_03_15 on seen_rxs=[0, 1, 2, 3, 4, 5, 6]: tx=94.77% (39802/42000)
          day=2021_03_23 on seen_rxs=[0, 1, 2, 3, 4, 5, 6]: tx=91.55% (38453/42000)
          rx=7 on seen_days=['2021_03_01', '2021_03_08']: tx=80.50% (9660/12000)
          rx=8 on seen_days=['2021_03_01', '2021_03_08']: tx=84.06% (10087/12000)
          rx=9 on seen_days=['2021_03_01', '2021_03_08']: tx=89.86% (10783/12000)
          rx=10 on seen_days=['2021_03_01', '2021_03_08']: tx=90.90% (10908/12000)
          rx=11 on seen_days=['2021_03_01', '2021_03_08']: tx=92.98% (11158/12000)
[BEST-JOINT]  val_tx=98.92% & test_tx=88.85% @ E081
[CKPT]  latest -> finalist_runs/B2_A2_light_seed1337/latest_model.pth (saved) | best -> finalist_runs/B2_A2_light_seed1337/best_model_val.pth
====================================================================================================================================
[SAT-TEST] scenario=clear_leo selected=test_unseen_day_unseen_rx overall_tx=43.19% strict_udu=43.19% (25913/60000)
[SAT-TEST] scenario=low_elev_leo selected=test_unseen_day_unseen_rx overall_tx=42.75% strict_udu=42.75% (25652/60000)
[SAT-TEST] scenario=rain_leo selected=test_unseen_day_unseen_rx overall_tx=40.88% strict_udu=40.88% (24531/60000)
[SAT-TEST] scenario=storm_mp selected=test_unseen_day_unseen_rx overall_tx=36.82% strict_udu=36.82% (22093/60000)
[SAT-TEST] scenario=mixed_orbit selected=test_unseen_day_unseen_rx overall_tx=39.30% strict_udu=39.30% (23581/60000)
[BEST-TEST] overall=89.83% @ E080 -> finalist_runs/B2_A2_light_seed1337/best_model_test_overall.pth | unseen_day_unseen_rx=84.12% @ E063 -> finalist_runs/B2_A2_light_seed1337/best_model_strict_udu.pth | unseen_day_seen_rx=94.24% @ E080 | seen_day_unseen_rx=89.89% @ E064
[BEST-PRIMARY] score=86.12 @ E080 -> finalist_runs/B2_A2_light_seed1337/best_model_primary_ood.pth | overall=89.83% strict_udu=84.12%
[BEST-WORST-RX] worst_rx=83.56% (test_rx_8) @ E061 -> finalist_runs/B2_A2_light_seed1337/best_model_worst_rx.pth
====================================================================================================================================
[Epoch 085/200] time=85.8s | lr=1.24e-04 | aux_scale=1.000
[STAGE] phase=S3_refine_aux | use_aux=1.0 cons=0.86 cls_aux=0.82 reg=0.86 joint_inv=0.25 kl=0.51 group_ce=1.00
[MIXSTYLE-EPOCH] phase=base enabled=1 p=0.150 strength=0.650 anneal_t=0.000
[AUG] scale=0.350 | p_dac=0.000 p_pa=0.049 p_shift=0.122 p_cfo=0.122 p_awgn=0.140 p_mp=0.063 | max_shift=11 cfo_max=0.00014 pn_max=0.0021
------------------------------------------------------------------------------------------------------------------------------------
[LOSS-CORE] total=4.4125 cls=1.7015 dom=0.4316 adv=2.6258 orth=0.0020 cons=0.1836 group_ce=2.7733
[LOSS-AUX]  cls_pa=1.7631 cls_dac=0.0000 pa_joint_inv=0.2481 pa_kl=1.5487 dac_reg=0.0000 pa_reg=0.0144 gap_dac=0.0000 gap_pa=0.2722 cos_joint_pa=0.7519 cos_imp_pa=nan
[LOSS-SAT]  cls_sat=9.6765 sat_cons=0.7331 sat_cos=0.2669
[LOSS-DG]   proto=0.0000 proto_cos=nan supcon=0.0000 fishr=0.0015 sgc_res=0.0000
[LOSS-CAL]  ecc=0.0000 ecc_w=0.0000 ecc_tau=0.9500 ecc_maxp=nan
[TRAIN] tx=86.50% dom=83.72% cons_cos=0.8164
[GRAD]  total=1.619 backbone=1.000 aux=0.750 domain=0.433
[VAL]   tx=98.44% dom=94.80%
[TEST]  overall_tx=88.77% (181084/204000)
[TEST-SPLIT]
          unseen_day_seen_rx(days=['2021_03_15', '2021_03_23'], rxs=[0, 1, 2, 3, 4, 5, 6]): tx=92.88% (78020/84000)
          seen_day_unseen_rx(days=['2021_03_01', '2021_03_08'], rxs=[7, 8, 9, 10, 11]): tx=88.24% (52945/60000)
          unseen_day_unseen_rx(days=['2021_03_15', '2021_03_23'], rxs=[7, 8, 9, 10, 11]): tx=83.53% (50119/60000)
          day=2021_03_15 on seen_rxs=[0, 1, 2, 3, 4, 5, 6]: tx=95.35% (40047/42000)
          day=2021_03_23 on seen_rxs=[0, 1, 2, 3, 4, 5, 6]: tx=90.41% (37973/42000)
          rx=7 on seen_days=['2021_03_01', '2021_03_08']: tx=83.17% (9980/12000)
          rx=8 on seen_days=['2021_03_01', '2021_03_08']: tx=83.63% (10036/12000)
          rx=9 on seen_days=['2021_03_01', '2021_03_08']: tx=89.97% (10796/12000)
          rx=10 on seen_days=['2021_03_01', '2021_03_08']: tx=92.65% (11118/12000)
          rx=11 on seen_days=['2021_03_01', '2021_03_08']: tx=91.79% (11015/12000)
[BEST-JOINT]  val_tx=98.92% & test_tx=88.85% @ E081
[CKPT]  latest -> finalist_runs/B2_A2_light_seed1337/latest_model.pth (saved) | best -> finalist_runs/B2_A2_light_seed1337/best_model_val.pth
====================================================================================================================================
[SAT-TEST] scenario=clear_leo selected=test_unseen_day_unseen_rx overall_tx=44.55% strict_udu=44.55% (26729/60000)
[SAT-TEST] scenario=low_elev_leo selected=test_unseen_day_unseen_rx overall_tx=43.44% strict_udu=43.44% (26061/60000)
[SAT-TEST] scenario=rain_leo selected=test_unseen_day_unseen_rx overall_tx=41.94% strict_udu=41.94% (25166/60000)
[SAT-TEST] scenario=storm_mp selected=test_unseen_day_unseen_rx overall_tx=36.81% strict_udu=36.81% (22087/60000)
[SAT-TEST] scenario=mixed_orbit selected=test_unseen_day_unseen_rx overall_tx=40.35% strict_udu=40.35% (24208/60000)
[BEST-TEST] overall=89.83% @ E080 -> finalist_runs/B2_A2_light_seed1337/best_model_test_overall.pth | unseen_day_unseen_rx=84.12% @ E063 -> finalist_runs/B2_A2_light_seed1337/best_model_strict_udu.pth | unseen_day_seen_rx=94.24% @ E080 | seen_day_unseen_rx=89.89% @ E064
[BEST-PRIMARY] score=86.12 @ E080 -> finalist_runs/B2_A2_light_seed1337/best_model_primary_ood.pth | overall=89.83% strict_udu=84.12%
[BEST-WORST-RX] worst_rx=83.56% (test_rx_8) @ E061 -> finalist_runs/B2_A2_light_seed1337/best_model_worst_rx.pth
====================================================================================================================================
[Epoch 086/200] time=86.5s | lr=1.22e-04 | aux_scale=1.000
[STAGE] phase=S3_refine_aux | use_aux=1.0 cons=0.87 cls_aux=0.82 reg=0.87 joint_inv=0.26 kl=0.51 group_ce=1.00
[MIXSTYLE-EPOCH] phase=base enabled=1 p=0.150 strength=0.650 anneal_t=0.000
[AUG] scale=0.350 | p_dac=0.000 p_pa=0.049 p_shift=0.122 p_cfo=0.122 p_awgn=0.140 p_mp=0.063 | max_shift=11 cfo_max=0.00014 pn_max=0.0021
------------------------------------------------------------------------------------------------------------------------------------
[LOSS-CORE] total=4.3759 cls=1.6510 dom=0.4471 adv=2.6231 orth=0.0025 cons=0.1779 group_ce=2.7379
[LOSS-AUX]  cls_pa=1.7218 cls_dac=0.0000 pa_joint_inv=0.2409 pa_kl=1.5182 dac_reg=0.0000 pa_reg=0.0148 gap_dac=0.0000 gap_pa=0.2688 cos_joint_pa=0.7591 cos_imp_pa=nan
[LOSS-SAT]  cls_sat=9.8427 sat_cons=0.7294 sat_cos=0.2706
[LOSS-DG]   proto=0.0000 proto_cos=nan supcon=0.0000 fishr=0.0015 sgc_res=0.0000
[LOSS-CAL]  ecc=0.0000 ecc_w=0.0000 ecc_tau=0.9500 ecc_maxp=nan
[TRAIN] tx=86.69% dom=83.49% cons_cos=0.8221
[GRAD]  total=1.802 backbone=1.000 aux=0.750 domain=0.440
[VAL]   tx=98.88% dom=94.67%
[TEST]  overall_tx=89.87% (183326/204000)
[TEST-SPLIT]
          unseen_day_seen_rx(days=['2021_03_15', '2021_03_23'], rxs=[0, 1, 2, 3, 4, 5, 6]): tx=93.45% (78498/84000)
          seen_day_unseen_rx(days=['2021_03_01', '2021_03_08'], rxs=[7, 8, 9, 10, 11]): tx=89.32% (53592/60000)
          unseen_day_unseen_rx(days=['2021_03_15', '2021_03_23'], rxs=[7, 8, 9, 10, 11]): tx=85.39% (51236/60000)
          day=2021_03_15 on seen_rxs=[0, 1, 2, 3, 4, 5, 6]: tx=96.13% (40376/42000)
          day=2021_03_23 on seen_rxs=[0, 1, 2, 3, 4, 5, 6]: tx=90.77% (38122/42000)
          rx=7 on seen_days=['2021_03_01', '2021_03_08']: tx=82.87% (9944/12000)
          rx=8 on seen_days=['2021_03_01', '2021_03_08']: tx=84.05% (10086/12000)
          rx=9 on seen_days=['2021_03_01', '2021_03_08']: tx=92.38% (11085/12000)
          rx=10 on seen_days=['2021_03_01', '2021_03_08']: tx=91.18% (10942/12000)
          rx=11 on seen_days=['2021_03_01', '2021_03_08']: tx=96.12% (11535/12000)
[BEST-JOINT]  val_tx=98.92% & test_tx=88.85% @ E081
[CKPT]  latest -> finalist_runs/B2_A2_light_seed1337/latest_model.pth (saved) | best -> finalist_runs/B2_A2_light_seed1337/best_model_val.pth
====================================================================================================================================
[SAT-TEST] scenario=clear_leo selected=test_unseen_day_unseen_rx overall_tx=44.81% strict_udu=44.81% (26887/60000)
[SAT-TEST] scenario=low_elev_leo selected=test_unseen_day_unseen_rx overall_tx=44.19% strict_udu=44.19% (26515/60000)
[SAT-TEST] scenario=rain_leo selected=test_unseen_day_unseen_rx overall_tx=42.04% strict_udu=42.04% (25226/60000)
[SAT-TEST] scenario=storm_mp selected=test_unseen_day_unseen_rx overall_tx=36.62% strict_udu=36.62% (21970/60000)
[SAT-TEST] scenario=mixed_orbit selected=test_unseen_day_unseen_rx overall_tx=40.76% strict_udu=40.76% (24453/60000)
[BEST-TEST] overall=89.87% @ E086 -> finalist_runs/B2_A2_light_seed1337/best_model_test_overall.pth | unseen_day_unseen_rx=85.39% @ E086 -> finalist_runs/B2_A2_light_seed1337/best_model_strict_udu.pth | unseen_day_seen_rx=94.24% @ E080 | seen_day_unseen_rx=89.89% @ E064
[BEST-PRIMARY] score=86.96 @ E086 -> finalist_runs/B2_A2_light_seed1337/best_model_primary_ood.pth | overall=89.87% strict_udu=85.39%
[BEST-WORST-RX] worst_rx=83.56% (test_rx_8) @ E061 -> finalist_runs/B2_A2_light_seed1337/best_model_worst_rx.pth
====================================================================================================================================
[Epoch 087/200] time=86.7s | lr=1.21e-04 | aux_scale=1.000
[STAGE] phase=S3_refine_aux | use_aux=1.0 cons=0.87 cls_aux=0.83 reg=0.87 joint_inv=0.26 kl=0.52 group_ce=1.00
[MIXSTYLE-EPOCH] phase=base enabled=1 p=0.150 strength=0.650 anneal_t=0.000
[AUG] scale=0.350 | p_dac=0.000 p_pa=0.049 p_shift=0.122 p_cfo=0.122 p_awgn=0.140 p_mp=0.063 | max_shift=11 cfo_max=0.00014 pn_max=0.0021
------------------------------------------------------------------------------------------------------------------------------------
[LOSS-CORE] total=4.4665 cls=1.7323 dom=0.4674 adv=2.6207 orth=0.0021 cons=0.1929 group_ce=2.9111
[LOSS-AUX]  cls_pa=1.5753 cls_dac=0.0000 pa_joint_inv=0.2378 pa_kl=1.3782 dac_reg=0.0000 pa_reg=0.0146 gap_dac=0.0000 gap_pa=0.2624 cos_joint_pa=0.7622 cos_imp_pa=nan
[LOSS-SAT]  cls_sat=9.7396 sat_cons=0.7261 sat_cos=0.2739
[LOSS-DG]   proto=0.0000 proto_cos=nan supcon=0.0000 fishr=0.0018 sgc_res=0.0000
[LOSS-CAL]  ecc=0.0000 ecc_w=0.0000 ecc_tau=0.9500 ecc_maxp=nan
[TRAIN] tx=85.64% dom=83.08% cons_cos=0.8071
[GRAD]  total=1.650 backbone=1.000 aux=0.750 domain=0.443
[VAL]   tx=98.89% dom=94.59%
[TEST]  overall_tx=89.15% (181865/204000)
[TEST-SPLIT]
          unseen_day_seen_rx(days=['2021_03_15', '2021_03_23'], rxs=[0, 1, 2, 3, 4, 5, 6]): tx=93.17% (78265/84000)
          seen_day_unseen_rx(days=['2021_03_01', '2021_03_08'], rxs=[7, 8, 9, 10, 11]): tx=88.72% (53233/60000)
          unseen_day_unseen_rx(days=['2021_03_15', '2021_03_23'], rxs=[7, 8, 9, 10, 11]): tx=83.94% (50367/60000)
          day=2021_03_15 on seen_rxs=[0, 1, 2, 3, 4, 5, 6]: tx=94.66% (39757/42000)
          day=2021_03_23 on seen_rxs=[0, 1, 2, 3, 4, 5, 6]: tx=91.69% (38508/42000)
          rx=7 on seen_days=['2021_03_01', '2021_03_08']: tx=83.32% (9998/12000)
          rx=8 on seen_days=['2021_03_01', '2021_03_08']: tx=83.66% (10039/12000)
          rx=9 on seen_days=['2021_03_01', '2021_03_08']: tx=89.90% (10788/12000)
          rx=10 on seen_days=['2021_03_01', '2021_03_08']: tx=92.47% (11097/12000)
          rx=11 on seen_days=['2021_03_01', '2021_03_08']: tx=94.26% (11311/12000)
[BEST-JOINT]  val_tx=98.92% & test_tx=88.85% @ E081
[CKPT]  latest -> finalist_runs/B2_A2_light_seed1337/latest_model.pth (saved) | best -> finalist_runs/B2_A2_light_seed1337/best_model_val.pth
====================================================================================================================================
[SAT-TEST] scenario=clear_leo selected=test_unseen_day_unseen_rx overall_tx=41.35% strict_udu=41.35% (24810/60000)
[SAT-TEST] scenario=low_elev_leo selected=test_unseen_day_unseen_rx overall_tx=40.98% strict_udu=40.98% (24587/60000)
[SAT-TEST] scenario=rain_leo selected=test_unseen_day_unseen_rx overall_tx=39.31% strict_udu=39.31% (23585/60000)
[SAT-TEST] scenario=storm_mp selected=test_unseen_day_unseen_rx overall_tx=35.52% strict_udu=35.52% (21315/60000)
[SAT-TEST] scenario=mixed_orbit selected=test_unseen_day_unseen_rx overall_tx=38.21% strict_udu=38.21% (22924/60000)
[BEST-TEST] overall=89.87% @ E086 -> finalist_runs/B2_A2_light_seed1337/best_model_test_overall.pth | unseen_day_unseen_rx=85.39% @ E086 -> finalist_runs/B2_A2_light_seed1337/best_model_strict_udu.pth | unseen_day_seen_rx=94.24% @ E080 | seen_day_unseen_rx=89.89% @ E064
[BEST-PRIMARY] score=86.96 @ E086 -> finalist_runs/B2_A2_light_seed1337/best_model_primary_ood.pth | overall=89.87% strict_udu=85.39%
[BEST-WORST-RX] worst_rx=83.56% (test_rx_8) @ E061 -> finalist_runs/B2_A2_light_seed1337/best_model_worst_rx.pth
====================================================================================================================================
[Epoch 088/200] time=87.0s | lr=1.19e-04 | aux_scale=1.000
[STAGE] phase=S3_refine_aux | use_aux=1.0 cons=0.88 cls_aux=0.84 reg=0.88 joint_inv=0.26 kl=0.52 group_ce=1.00
[MIXSTYLE-EPOCH] phase=base enabled=1 p=0.150 strength=0.650 anneal_t=0.000
[AUG] scale=0.350 | p_dac=0.000 p_pa=0.049 p_shift=0.122 p_cfo=0.122 p_awgn=0.140 p_mp=0.063 | max_shift=11 cfo_max=0.00014 pn_max=0.0021
------------------------------------------------------------------------------------------------------------------------------------
[LOSS-CORE] total=4.4540 cls=1.7331 dom=0.4429 adv=2.6175 orth=0.0024 cons=0.2003 group_ce=2.9189
[LOSS-AUX]  cls_pa=1.6365 cls_dac=0.0000 pa_joint_inv=0.2418 pa_kl=1.4455 dac_reg=0.0000 pa_reg=0.0147 gap_dac=0.0000 gap_pa=0.2718 cos_joint_pa=0.7582 cos_imp_pa=nan
[LOSS-SAT]  cls_sat=9.6837 sat_cons=0.7342 sat_cos=0.2658
[LOSS-DG]   proto=0.0000 proto_cos=nan supcon=0.0000 fishr=0.0017 sgc_res=0.0000
[LOSS-CAL]  ecc=0.0000 ecc_w=0.0000 ecc_tau=0.9500 ecc_maxp=nan
[TRAIN] tx=86.23% dom=83.34% cons_cos=0.7997
[GRAD]  total=1.682 backbone=1.000 aux=0.750 domain=0.446
[VAL]   tx=98.89% dom=95.19%
[TEST]  overall_tx=88.05% (179618/204000)
[TEST-SPLIT]
          unseen_day_seen_rx(days=['2021_03_15', '2021_03_23'], rxs=[0, 1, 2, 3, 4, 5, 6]): tx=93.17% (78259/84000)
          seen_day_unseen_rx(days=['2021_03_01', '2021_03_08'], rxs=[7, 8, 9, 10, 11]): tx=86.90% (52142/60000)
          unseen_day_unseen_rx(days=['2021_03_15', '2021_03_23'], rxs=[7, 8, 9, 10, 11]): tx=82.03% (49217/60000)
          day=2021_03_15 on seen_rxs=[0, 1, 2, 3, 4, 5, 6]: tx=94.73% (39785/42000)
          day=2021_03_23 on seen_rxs=[0, 1, 2, 3, 4, 5, 6]: tx=91.60% (38474/42000)
          rx=7 on seen_days=['2021_03_01', '2021_03_08']: tx=80.53% (9664/12000)
          rx=8 on seen_days=['2021_03_01', '2021_03_08']: tx=80.03% (9603/12000)
          rx=9 on seen_days=['2021_03_01', '2021_03_08']: tx=90.02% (10802/12000)
          rx=10 on seen_days=['2021_03_01', '2021_03_08']: tx=93.11% (11173/12000)
          rx=11 on seen_days=['2021_03_01', '2021_03_08']: tx=90.83% (10900/12000)
[BEST-JOINT]  val_tx=98.92% & test_tx=88.85% @ E081
[CKPT]  latest -> finalist_runs/B2_A2_light_seed1337/latest_model.pth (saved) | best -> finalist_runs/B2_A2_light_seed1337/best_model_val.pth
====================================================================================================================================
[SAT-TEST] scenario=clear_leo selected=test_unseen_day_unseen_rx overall_tx=43.06% strict_udu=43.06% (25836/60000)
[SAT-TEST] scenario=low_elev_leo selected=test_unseen_day_unseen_rx overall_tx=43.16% strict_udu=43.16% (25894/60000)
[SAT-TEST] scenario=rain_leo selected=test_unseen_day_unseen_rx overall_tx=40.80% strict_udu=40.80% (24483/60000)
[SAT-TEST] scenario=storm_mp selected=test_unseen_day_unseen_rx overall_tx=36.91% strict_udu=36.91% (22148/60000)
[SAT-TEST] scenario=mixed_orbit selected=test_unseen_day_unseen_rx overall_tx=38.73% strict_udu=38.73% (23235/60000)
[BEST-TEST] overall=89.87% @ E086 -> finalist_runs/B2_A2_light_seed1337/best_model_test_overall.pth | unseen_day_unseen_rx=85.39% @ E086 -> finalist_runs/B2_A2_light_seed1337/best_model_strict_udu.pth | unseen_day_seen_rx=94.24% @ E080 | seen_day_unseen_rx=89.89% @ E064
[BEST-PRIMARY] score=86.96 @ E086 -> finalist_runs/B2_A2_light_seed1337/best_model_primary_ood.pth | overall=89.87% strict_udu=85.39%
[BEST-WORST-RX] worst_rx=83.56% (test_rx_8) @ E061 -> finalist_runs/B2_A2_light_seed1337/best_model_worst_rx.pth
====================================================================================================================================
[Epoch 089/200] time=86.6s | lr=1.18e-04 | aux_scale=1.000
[STAGE] phase=S3_refine_aux | use_aux=1.0 cons=0.89 cls_aux=0.85 reg=0.89 joint_inv=0.26 kl=0.52 group_ce=1.00
[MIXSTYLE-EPOCH] phase=base enabled=1 p=0.150 strength=0.650 anneal_t=0.000
[AUG] scale=0.350 | p_dac=0.000 p_pa=0.049 p_shift=0.122 p_cfo=0.122 p_awgn=0.140 p_mp=0.063 | max_shift=11 cfo_max=0.00014 pn_max=0.0021
------------------------------------------------------------------------------------------------------------------------------------
[LOSS-CORE] total=3.6722 cls=1.1580 dom=0.3273 adv=2.6178 orth=0.0024 cons=0.1709 group_ce=2.1558
[LOSS-AUX]  cls_pa=1.5708 cls_dac=0.0000 pa_joint_inv=0.2418 pa_kl=1.3857 dac_reg=0.0000 pa_reg=0.0147 gap_dac=0.0000 gap_pa=0.2639 cos_joint_pa=0.7582 cos_imp_pa=nan
[LOSS-SAT]  cls_sat=9.5910 sat_cons=0.7494 sat_cos=0.2506
[LOSS-DG]   proto=0.0000 proto_cos=nan supcon=0.0000 fishr=0.0011 sgc_res=0.0000
[LOSS-CAL]  ecc=0.0000 ecc_w=0.0000 ecc_tau=0.9500 ecc_maxp=nan
[TRAIN] tx=91.05% dom=87.71% cons_cos=0.8291
[GRAD]  total=1.548 backbone=1.000 aux=0.750 domain=0.424
[VAL]   tx=98.91% dom=94.46%
[TEST]  overall_tx=89.05% (181662/204000)
[TEST-SPLIT]
          unseen_day_seen_rx(days=['2021_03_15', '2021_03_23'], rxs=[0, 1, 2, 3, 4, 5, 6]): tx=93.04% (78155/84000)
          seen_day_unseen_rx(days=['2021_03_01', '2021_03_08'], rxs=[7, 8, 9, 10, 11]): tx=88.04% (52823/60000)
          unseen_day_unseen_rx(days=['2021_03_15', '2021_03_23'], rxs=[7, 8, 9, 10, 11]): tx=84.47% (50684/60000)
          day=2021_03_15 on seen_rxs=[0, 1, 2, 3, 4, 5, 6]: tx=95.20% (39985/42000)
          day=2021_03_23 on seen_rxs=[0, 1, 2, 3, 4, 5, 6]: tx=90.88% (38170/42000)
          rx=7 on seen_days=['2021_03_01', '2021_03_08']: tx=81.03% (9724/12000)
          rx=8 on seen_days=['2021_03_01', '2021_03_08']: tx=83.54% (10025/12000)
          rx=9 on seen_days=['2021_03_01', '2021_03_08']: tx=90.72% (10887/12000)
          rx=10 on seen_days=['2021_03_01', '2021_03_08']: tx=90.41% (10849/12000)
          rx=11 on seen_days=['2021_03_01', '2021_03_08']: tx=94.48% (11338/12000)
[BEST-JOINT]  val_tx=98.92% & test_tx=88.85% @ E081
[CKPT]  latest -> finalist_runs/B2_A2_light_seed1337/latest_model.pth (saved) | best -> finalist_runs/B2_A2_light_seed1337/best_model_val.pth
====================================================================================================================================
[SAT-TEST] scenario=clear_leo selected=test_unseen_day_unseen_rx overall_tx=43.52% strict_udu=43.52% (26113/60000)
[SAT-TEST] scenario=low_elev_leo selected=test_unseen_day_unseen_rx overall_tx=43.16% strict_udu=43.16% (25895/60000)
[SAT-TEST] scenario=rain_leo selected=test_unseen_day_unseen_rx overall_tx=40.86% strict_udu=40.86% (24514/60000)
[SAT-TEST] scenario=storm_mp selected=test_unseen_day_unseen_rx overall_tx=36.59% strict_udu=36.59% (21952/60000)
[SAT-TEST] scenario=mixed_orbit selected=test_unseen_day_unseen_rx overall_tx=39.12% strict_udu=39.12% (23472/60000)
[BEST-TEST] overall=89.87% @ E086 -> finalist_runs/B2_A2_light_seed1337/best_model_test_overall.pth | unseen_day_unseen_rx=85.39% @ E086 -> finalist_runs/B2_A2_light_seed1337/best_model_strict_udu.pth | unseen_day_seen_rx=94.24% @ E080 | seen_day_unseen_rx=89.89% @ E064
[BEST-PRIMARY] score=86.96 @ E086 -> finalist_runs/B2_A2_light_seed1337/best_model_primary_ood.pth | overall=89.87% strict_udu=85.39%
[BEST-WORST-RX] worst_rx=83.56% (test_rx_8) @ E061 -> finalist_runs/B2_A2_light_seed1337/best_model_worst_rx.pth
[WARN][E090] unsafe backward/step skipped #8
====================================================================================================================================
[Epoch 090/200] time=86.3s | lr=1.16e-04 | aux_scale=1.000
[STAGE] phase=S3_refine_aux | use_aux=1.0 cons=0.89 cls_aux=0.86 reg=0.89 joint_inv=0.26 kl=0.53 group_ce=1.00
[MIXSTYLE-EPOCH] phase=base enabled=1 p=0.150 strength=0.650 anneal_t=0.000
[AUG] scale=0.350 | p_dac=0.000 p_pa=0.049 p_shift=0.122 p_cfo=0.122 p_awgn=0.140 p_mp=0.063 | max_shift=11 cfo_max=0.00014 pn_max=0.0021
------------------------------------------------------------------------------------------------------------------------------------
[LOSS-CORE] total=4.1055 cls=1.4762 dom=0.3961 adv=2.6197 orth=0.0022 cons=0.1873 group_ce=2.5431
[LOSS-AUX]  cls_pa=1.5569 cls_dac=0.0000 pa_joint_inv=0.2453 pa_kl=1.3652 dac_reg=0.0000 pa_reg=0.0146 gap_dac=0.0000 gap_pa=0.2703 cos_joint_pa=0.7547 cos_imp_pa=nan
[LOSS-SAT]  cls_sat=9.6874 sat_cons=0.7409 sat_cos=0.2591
[LOSS-DG]   proto=0.0000 proto_cos=nan supcon=0.0000 fishr=0.0013 sgc_res=0.0000
[LOSS-CAL]  ecc=0.0000 ecc_w=0.0000 ecc_tau=0.9500 ecc_maxp=nan
[TRAIN] tx=88.57% dom=84.92% cons_cos=0.8088
[GRAD]  total=1.742 backbone=1.000 aux=0.750 domain=0.448
[VAL]   tx=98.86% dom=95.10%
[TEST]  overall_tx=89.52% (182611/204000)
[TEST-SPLIT]
          unseen_day_seen_rx(days=['2021_03_15', '2021_03_23'], rxs=[0, 1, 2, 3, 4, 5, 6]): tx=93.70% (78705/84000)
          seen_day_unseen_rx(days=['2021_03_01', '2021_03_08'], rxs=[7, 8, 9, 10, 11]): tx=88.17% (52904/60000)
          unseen_day_unseen_rx(days=['2021_03_15', '2021_03_23'], rxs=[7, 8, 9, 10, 11]): tx=85.00% (51002/60000)
          day=2021_03_15 on seen_rxs=[0, 1, 2, 3, 4, 5, 6]: tx=95.50% (40111/42000)
          day=2021_03_23 on seen_rxs=[0, 1, 2, 3, 4, 5, 6]: tx=91.89% (38594/42000)
          rx=7 on seen_days=['2021_03_01', '2021_03_08']: tx=79.34% (9521/12000)
          rx=8 on seen_days=['2021_03_01', '2021_03_08']: tx=82.78% (9934/12000)
          rx=9 on seen_days=['2021_03_01', '2021_03_08']: tx=91.22% (10946/12000)
          rx=10 on seen_days=['2021_03_01', '2021_03_08']: tx=91.97% (11036/12000)
          rx=11 on seen_days=['2021_03_01', '2021_03_08']: tx=95.56% (11467/12000)
[BEST-JOINT]  val_tx=98.92% & test_tx=88.85% @ E081
[CKPT]  latest -> finalist_runs/B2_A2_light_seed1337/latest_model.pth (saved) | best -> finalist_runs/B2_A2_light_seed1337/best_model_val.pth
====================================================================================================================================
[SAT-TEST] scenario=clear_leo selected=test_unseen_day_unseen_rx overall_tx=43.26% strict_udu=43.26% (25953/60000)
[SAT-TEST] scenario=low_elev_leo selected=test_unseen_day_unseen_rx overall_tx=43.10% strict_udu=43.10% (25862/60000)
[SAT-TEST] scenario=rain_leo selected=test_unseen_day_unseen_rx overall_tx=40.62% strict_udu=40.62% (24373/60000)
[SAT-TEST] scenario=storm_mp selected=test_unseen_day_unseen_rx overall_tx=37.10% strict_udu=37.10% (22258/60000)
[SAT-TEST] scenario=mixed_orbit selected=test_unseen_day_unseen_rx overall_tx=39.62% strict_udu=39.62% (23773/60000)
[BEST-TEST] overall=89.87% @ E086 -> finalist_runs/B2_A2_light_seed1337/best_model_test_overall.pth | unseen_day_unseen_rx=85.39% @ E086 -> finalist_runs/B2_A2_light_seed1337/best_model_strict_udu.pth | unseen_day_seen_rx=94.24% @ E080 | seen_day_unseen_rx=89.89% @ E064
[BEST-PRIMARY] score=86.96 @ E086 -> finalist_runs/B2_A2_light_seed1337/best_model_primary_ood.pth | overall=89.87% strict_udu=85.39%
[BEST-WORST-RX] worst_rx=83.56% (test_rx_8) @ E061 -> finalist_runs/B2_A2_light_seed1337/best_model_worst_rx.pth
====================================================================================================================================
[Epoch 091/200] time=84.8s | lr=1.15e-04 | aux_scale=1.000
[STAGE] phase=S3_refine_aux | use_aux=1.0 cons=0.90 cls_aux=0.87 reg=0.90 joint_inv=0.27 kl=0.54 group_ce=1.00
[MIXSTYLE-EPOCH] phase=base enabled=1 p=0.150 strength=0.650 anneal_t=0.000
[AUG] scale=0.350 | p_dac=0.000 p_pa=0.049 p_shift=0.122 p_cfo=0.122 p_awgn=0.140 p_mp=0.063 | max_shift=11 cfo_max=0.00014 pn_max=0.0021
------------------------------------------------------------------------------------------------------------------------------------
[LOSS-CORE] total=4.7631 cls=1.9678 dom=0.4818 adv=2.6173 orth=0.0022 cons=0.2074 group_ce=3.1717
[LOSS-AUX]  cls_pa=1.6021 cls_dac=0.0000 pa_joint_inv=0.2408 pa_kl=1.4102 dac_reg=0.0000 pa_reg=0.0146 gap_dac=0.0000 gap_pa=0.2686 cos_joint_pa=0.7592 cos_imp_pa=nan
[LOSS-SAT]  cls_sat=9.7912 sat_cons=0.7361 sat_cos=0.2639
[LOSS-DG]   proto=0.0000 proto_cos=nan supcon=0.0000 fishr=0.0018 sgc_res=0.0000
[LOSS-CAL]  ecc=0.0000 ecc_w=0.0000 ecc_tau=0.9500 ecc_maxp=nan
[TRAIN] tx=83.98% dom=82.07% cons_cos=0.7926
[GRAD]  total=1.683 backbone=1.000 aux=0.750 domain=0.450
[VAL]   tx=98.71% dom=94.87%
[TEST]  overall_tx=88.85% (181252/204000)
[TEST-SPLIT]
          unseen_day_seen_rx(days=['2021_03_15', '2021_03_23'], rxs=[0, 1, 2, 3, 4, 5, 6]): tx=93.05% (78159/84000)
          seen_day_unseen_rx(days=['2021_03_01', '2021_03_08'], rxs=[7, 8, 9, 10, 11]): tx=87.97% (52782/60000)
          unseen_day_unseen_rx(days=['2021_03_15', '2021_03_23'], rxs=[7, 8, 9, 10, 11]): tx=83.85% (50311/60000)
          day=2021_03_15 on seen_rxs=[0, 1, 2, 3, 4, 5, 6]: tx=95.21% (39987/42000)
          day=2021_03_23 on seen_rxs=[0, 1, 2, 3, 4, 5, 6]: tx=90.89% (38172/42000)
          rx=7 on seen_days=['2021_03_01', '2021_03_08']: tx=80.03% (9604/12000)
          rx=8 on seen_days=['2021_03_01', '2021_03_08']: tx=84.90% (10188/12000)
          rx=9 on seen_days=['2021_03_01', '2021_03_08']: tx=91.28% (10954/12000)
          rx=10 on seen_days=['2021_03_01', '2021_03_08']: tx=92.78% (11133/12000)
          rx=11 on seen_days=['2021_03_01', '2021_03_08']: tx=90.86% (10903/12000)
[BEST-JOINT]  val_tx=98.92% & test_tx=88.85% @ E081
[CKPT]  latest -> finalist_runs/B2_A2_light_seed1337/latest_model.pth (saved) | best -> finalist_runs/B2_A2_light_seed1337/best_model_val.pth
====================================================================================================================================
[SAT-TEST] scenario=clear_leo selected=test_unseen_day_unseen_rx overall_tx=43.17% strict_udu=43.17% (25901/60000)
[SAT-TEST] scenario=low_elev_leo selected=test_unseen_day_unseen_rx overall_tx=42.58% strict_udu=42.58% (25550/60000)
[SAT-TEST] scenario=rain_leo selected=test_unseen_day_unseen_rx overall_tx=40.66% strict_udu=40.66% (24399/60000)
[SAT-TEST] scenario=storm_mp selected=test_unseen_day_unseen_rx overall_tx=36.08% strict_udu=36.08% (21649/60000)
[SAT-TEST] scenario=mixed_orbit selected=test_unseen_day_unseen_rx overall_tx=38.86% strict_udu=38.86% (23317/60000)
[BEST-TEST] overall=89.87% @ E086 -> finalist_runs/B2_A2_light_seed1337/best_model_test_overall.pth | unseen_day_unseen_rx=85.39% @ E086 -> finalist_runs/B2_A2_light_seed1337/best_model_strict_udu.pth | unseen_day_seen_rx=94.24% @ E080 | seen_day_unseen_rx=89.89% @ E064
[BEST-PRIMARY] score=86.96 @ E086 -> finalist_runs/B2_A2_light_seed1337/best_model_primary_ood.pth | overall=89.87% strict_udu=85.39%
[BEST-WORST-RX] worst_rx=83.56% (test_rx_8) @ E061 -> finalist_runs/B2_A2_light_seed1337/best_model_worst_rx.pth
====================================================================================================================================
[Epoch 092/200] time=85.8s | lr=1.13e-04 | aux_scale=1.000
[STAGE] phase=S3_refine_aux | use_aux=1.0 cons=0.91 cls_aux=0.88 reg=0.91 joint_inv=0.27 kl=0.54 group_ce=1.00
[MIXSTYLE-EPOCH] phase=base enabled=1 p=0.150 strength=0.650 anneal_t=0.000
[AUG] scale=0.350 | p_dac=0.000 p_pa=0.049 p_shift=0.122 p_cfo=0.122 p_awgn=0.140 p_mp=0.063 | max_shift=11 cfo_max=0.00014 pn_max=0.0021
------------------------------------------------------------------------------------------------------------------------------------
[LOSS-CORE] total=4.1706 cls=1.5323 dom=0.4027 adv=2.6210 orth=0.0022 cons=0.1878 group_ce=2.5380
[LOSS-AUX]  cls_pa=1.5146 cls_dac=0.0000 pa_joint_inv=0.2368 pa_kl=1.3298 dac_reg=0.0000 pa_reg=0.0148 gap_dac=0.0000 gap_pa=0.2667 cos_joint_pa=0.7632 cos_imp_pa=nan
[LOSS-SAT]  cls_sat=9.7382 sat_cons=0.7452 sat_cos=0.2548
[LOSS-DG]   proto=0.0000 proto_cos=nan supcon=0.0000 fishr=0.0014 sgc_res=0.0000
[LOSS-CAL]  ecc=0.0000 ecc_w=0.0000 ecc_tau=0.9500 ecc_maxp=nan
[TRAIN] tx=87.82% dom=85.08% cons_cos=0.8122
[GRAD]  total=1.575 backbone=1.000 aux=0.750 domain=0.442
[VAL]   tx=98.91% dom=94.36%
[TEST]  overall_tx=87.88% (179285/204000)
[TEST-SPLIT]
          unseen_day_seen_rx(days=['2021_03_15', '2021_03_23'], rxs=[0, 1, 2, 3, 4, 5, 6]): tx=92.71% (77874/84000)
          seen_day_unseen_rx(days=['2021_03_01', '2021_03_08'], rxs=[7, 8, 9, 10, 11]): tx=86.93% (52156/60000)
          unseen_day_unseen_rx(days=['2021_03_15', '2021_03_23'], rxs=[7, 8, 9, 10, 11]): tx=82.09% (49255/60000)
          day=2021_03_15 on seen_rxs=[0, 1, 2, 3, 4, 5, 6]: tx=95.11% (39948/42000)
          day=2021_03_23 on seen_rxs=[0, 1, 2, 3, 4, 5, 6]: tx=90.30% (37926/42000)
          rx=7 on seen_days=['2021_03_01', '2021_03_08']: tx=77.18% (9262/12000)
          rx=8 on seen_days=['2021_03_01', '2021_03_08']: tx=82.62% (9914/12000)
          rx=9 on seen_days=['2021_03_01', '2021_03_08']: tx=91.27% (10952/12000)
          rx=10 on seen_days=['2021_03_01', '2021_03_08']: tx=92.94% (11153/12000)
          rx=11 on seen_days=['2021_03_01', '2021_03_08']: tx=90.62% (10875/12000)
[BEST-JOINT]  val_tx=98.92% & test_tx=88.85% @ E081
[CKPT]  latest -> finalist_runs/B2_A2_light_seed1337/latest_model.pth (saved) | best -> finalist_runs/B2_A2_light_seed1337/best_model_val.pth
====================================================================================================================================
[SAT-TEST] scenario=clear_leo selected=test_unseen_day_unseen_rx overall_tx=41.98% strict_udu=41.98% (25187/60000)
[SAT-TEST] scenario=low_elev_leo selected=test_unseen_day_unseen_rx overall_tx=42.06% strict_udu=42.06% (25237/60000)
[SAT-TEST] scenario=rain_leo selected=test_unseen_day_unseen_rx overall_tx=39.98% strict_udu=39.98% (23988/60000)
[SAT-TEST] scenario=storm_mp selected=test_unseen_day_unseen_rx overall_tx=35.75% strict_udu=35.75% (21452/60000)
[SAT-TEST] scenario=mixed_orbit selected=test_unseen_day_unseen_rx overall_tx=38.34% strict_udu=38.34% (23002/60000)
[BEST-TEST] overall=89.87% @ E086 -> finalist_runs/B2_A2_light_seed1337/best_model_test_overall.pth | unseen_day_unseen_rx=85.39% @ E086 -> finalist_runs/B2_A2_light_seed1337/best_model_strict_udu.pth | unseen_day_seen_rx=94.24% @ E080 | seen_day_unseen_rx=89.89% @ E064
[BEST-PRIMARY] score=86.96 @ E086 -> finalist_runs/B2_A2_light_seed1337/best_model_primary_ood.pth | overall=89.87% strict_udu=85.39%
[BEST-WORST-RX] worst_rx=83.56% (test_rx_8) @ E061 -> finalist_runs/B2_A2_light_seed1337/best_model_worst_rx.pth
====================================================================================================================================
[Epoch 093/200] time=89.0s | lr=1.11e-04 | aux_scale=1.000
[STAGE] phase=S3_refine_aux | use_aux=1.0 cons=0.92 cls_aux=0.89 reg=0.92 joint_inv=0.27 kl=0.55 group_ce=1.00
[MIXSTYLE-EPOCH] phase=base enabled=1 p=0.150 strength=0.650 anneal_t=0.000
[AUG] scale=0.350 | p_dac=0.000 p_pa=0.049 p_shift=0.122 p_cfo=0.122 p_awgn=0.140 p_mp=0.063 | max_shift=11 cfo_max=0.00014 pn_max=0.0021
------------------------------------------------------------------------------------------------------------------------------------
[LOSS-CORE] total=4.4963 cls=1.7578 dom=0.4721 adv=2.6200 orth=0.0020 cons=0.2003 group_ce=2.9126
[LOSS-AUX]  cls_pa=1.4962 cls_dac=0.0000 pa_joint_inv=0.2363 pa_kl=1.3118 dac_reg=0.0000 pa_reg=0.0150 gap_dac=0.0000 gap_pa=0.2580 cos_joint_pa=0.7637 cos_imp_pa=nan
[LOSS-SAT]  cls_sat=9.5888 sat_cons=0.7296 sat_cos=0.2704
[LOSS-DG]   proto=0.0000 proto_cos=nan supcon=0.0000 fishr=0.0017 sgc_res=0.0000
[LOSS-CAL]  ecc=0.0000 ecc_w=0.0000 ecc_tau=0.9500 ecc_maxp=nan
[TRAIN] tx=86.54% dom=82.96% cons_cos=0.7997
[GRAD]  total=1.948 backbone=1.000 aux=0.750 domain=0.427
[VAL]   tx=98.88% dom=94.54%
[TEST]  overall_tx=89.10% (181767/204000)
[TEST-SPLIT]
          unseen_day_seen_rx(days=['2021_03_15', '2021_03_23'], rxs=[0, 1, 2, 3, 4, 5, 6]): tx=93.07% (78181/84000)
          seen_day_unseen_rx(days=['2021_03_01', '2021_03_08'], rxs=[7, 8, 9, 10, 11]): tx=88.49% (53094/60000)
          unseen_day_unseen_rx(days=['2021_03_15', '2021_03_23'], rxs=[7, 8, 9, 10, 11]): tx=84.15% (50492/60000)
          day=2021_03_15 on seen_rxs=[0, 1, 2, 3, 4, 5, 6]: tx=95.55% (40133/42000)
          day=2021_03_23 on seen_rxs=[0, 1, 2, 3, 4, 5, 6]: tx=90.59% (38048/42000)
          rx=7 on seen_days=['2021_03_01', '2021_03_08']: tx=81.14% (9737/12000)
          rx=8 on seen_days=['2021_03_01', '2021_03_08']: tx=84.80% (10176/12000)
          rx=9 on seen_days=['2021_03_01', '2021_03_08']: tx=91.03% (10924/12000)
          rx=10 on seen_days=['2021_03_01', '2021_03_08']: tx=91.95% (11034/12000)
          rx=11 on seen_days=['2021_03_01', '2021_03_08']: tx=93.53% (11223/12000)
[BEST-JOINT]  val_tx=98.92% & test_tx=88.85% @ E081
[CKPT]  latest -> finalist_runs/B2_A2_light_seed1337/latest_model.pth (saved) | best -> finalist_runs/B2_A2_light_seed1337/best_model_val.pth
====================================================================================================================================
[SAT-TEST] scenario=clear_leo selected=test_unseen_day_unseen_rx overall_tx=43.87% strict_udu=43.87% (26321/60000)
[SAT-TEST] scenario=low_elev_leo selected=test_unseen_day_unseen_rx overall_tx=43.87% strict_udu=43.87% (26319/60000)
[SAT-TEST] scenario=rain_leo selected=test_unseen_day_unseen_rx overall_tx=41.41% strict_udu=41.41% (24847/60000)
[SAT-TEST] scenario=storm_mp selected=test_unseen_day_unseen_rx overall_tx=37.47% strict_udu=37.47% (22483/60000)
[SAT-TEST] scenario=mixed_orbit selected=test_unseen_day_unseen_rx overall_tx=39.82% strict_udu=39.82% (23892/60000)
[BEST-TEST] overall=89.87% @ E086 -> finalist_runs/B2_A2_light_seed1337/best_model_test_overall.pth | unseen_day_unseen_rx=85.39% @ E086 -> finalist_runs/B2_A2_light_seed1337/best_model_strict_udu.pth | unseen_day_seen_rx=94.24% @ E080 | seen_day_unseen_rx=89.89% @ E064
[BEST-PRIMARY] score=86.96 @ E086 -> finalist_runs/B2_A2_light_seed1337/best_model_primary_ood.pth | overall=89.87% strict_udu=85.39%
[BEST-WORST-RX] worst_rx=83.56% (test_rx_8) @ E061 -> finalist_runs/B2_A2_light_seed1337/best_model_worst_rx.pth
====================================================================================================================================
[Epoch 094/200] time=86.2s | lr=1.10e-04 | aux_scale=1.000
[STAGE] phase=S3_refine_aux | use_aux=1.0 cons=0.93 cls_aux=0.91 reg=0.93 joint_inv=0.28 kl=0.55 group_ce=1.00
[MIXSTYLE-EPOCH] phase=base enabled=1 p=0.150 strength=0.650 anneal_t=0.000
[AUG] scale=0.350 | p_dac=0.000 p_pa=0.049 p_shift=0.122 p_cfo=0.122 p_awgn=0.140 p_mp=0.063 | max_shift=11 cfo_max=0.00014 pn_max=0.0021
------------------------------------------------------------------------------------------------------------------------------------
[LOSS-CORE] total=4.7263 cls=1.9315 dom=0.4962 adv=2.6213 orth=0.0020 cons=0.2009 group_ce=3.1118
[LOSS-AUX]  cls_pa=1.5143 cls_dac=0.0000 pa_joint_inv=0.2394 pa_kl=1.3210 dac_reg=0.0000 pa_reg=0.0146 gap_dac=0.0000 gap_pa=0.2685 cos_joint_pa=0.7606 cos_imp_pa=nan
[LOSS-SAT]  cls_sat=9.6655 sat_cons=0.7383 sat_cos=0.2617
[LOSS-DG]   proto=0.0000 proto_cos=nan supcon=0.0000 fishr=0.0018 sgc_res=0.0000
[LOSS-CAL]  ecc=0.0000 ecc_w=0.0000 ecc_tau=0.9500 ecc_maxp=nan
[TRAIN] tx=84.87% dom=81.86% cons_cos=0.7991
[GRAD]  total=1.700 backbone=1.000 aux=0.750 domain=0.437
[VAL]   tx=98.97% dom=95.09%
[TEST]  overall_tx=89.80% (183187/204000)
[TEST-SPLIT]
          unseen_day_seen_rx(days=['2021_03_15', '2021_03_23'], rxs=[0, 1, 2, 3, 4, 5, 6]): tx=93.21% (78294/84000)
          seen_day_unseen_rx(days=['2021_03_01', '2021_03_08'], rxs=[7, 8, 9, 10, 11]): tx=89.80% (53880/60000)
          unseen_day_unseen_rx(days=['2021_03_15', '2021_03_23'], rxs=[7, 8, 9, 10, 11]): tx=85.02% (51013/60000)
          day=2021_03_15 on seen_rxs=[0, 1, 2, 3, 4, 5, 6]: tx=95.40% (40070/42000)
          day=2021_03_23 on seen_rxs=[0, 1, 2, 3, 4, 5, 6]: tx=91.01% (38224/42000)
          rx=7 on seen_days=['2021_03_01', '2021_03_08']: tx=82.66% (9919/12000)
          rx=8 on seen_days=['2021_03_01', '2021_03_08']: tx=85.55% (10266/12000)
          rx=9 on seen_days=['2021_03_01', '2021_03_08']: tx=91.75% (11010/12000)
          rx=10 on seen_days=['2021_03_01', '2021_03_08']: tx=92.42% (11091/12000)
          rx=11 on seen_days=['2021_03_01', '2021_03_08']: tx=96.62% (11594/12000)
[BEST-JOINT]  val_tx=98.97% & test_tx=89.80% @ E094
[CKPT]  latest -> finalist_runs/B2_A2_light_seed1337/latest_model.pth (saved) | best -> finalist_runs/B2_A2_light_seed1337/best_model_val.pth (updated: val improved)
====================================================================================================================================
[SAT-TEST] scenario=clear_leo selected=test_unseen_day_unseen_rx overall_tx=43.57% strict_udu=43.57% (26140/60000)
[SAT-TEST] scenario=low_elev_leo selected=test_unseen_day_unseen_rx overall_tx=43.73% strict_udu=43.73% (26238/60000)
[SAT-TEST] scenario=rain_leo selected=test_unseen_day_unseen_rx overall_tx=41.09% strict_udu=41.09% (24655/60000)
[SAT-TEST] scenario=storm_mp selected=test_unseen_day_unseen_rx overall_tx=36.77% strict_udu=36.77% (22059/60000)
[SAT-TEST] scenario=mixed_orbit selected=test_unseen_day_unseen_rx overall_tx=39.96% strict_udu=39.96% (23974/60000)
[BEST-TEST] overall=89.87% @ E086 -> finalist_runs/B2_A2_light_seed1337/best_model_test_overall.pth | unseen_day_unseen_rx=85.39% @ E086 -> finalist_runs/B2_A2_light_seed1337/best_model_strict_udu.pth | unseen_day_seen_rx=94.24% @ E080 | seen_day_unseen_rx=89.89% @ E064
[BEST-PRIMARY] score=86.96 @ E086 -> finalist_runs/B2_A2_light_seed1337/best_model_primary_ood.pth | overall=89.87% strict_udu=85.39%
[BEST-WORST-RX] worst_rx=83.56% (test_rx_8) @ E061 -> finalist_runs/B2_A2_light_seed1337/best_model_worst_rx.pth
====================================================================================================================================
[Epoch 095/200] time=86.3s | lr=1.08e-04 | aux_scale=1.000
[STAGE] phase=S3_refine_aux | use_aux=1.0 cons=0.94 cls_aux=0.92 reg=0.94 joint_inv=0.28 kl=0.56 group_ce=1.00
[MIXSTYLE-EPOCH] phase=base enabled=1 p=0.150 strength=0.650 anneal_t=0.000
[AUG] scale=0.350 | p_dac=0.000 p_pa=0.049 p_shift=0.122 p_cfo=0.122 p_awgn=0.140 p_mp=0.063 | max_shift=11 cfo_max=0.00014 pn_max=0.0021
------------------------------------------------------------------------------------------------------------------------------------
[LOSS-CORE] total=4.1452 cls=1.5169 dom=0.4028 adv=2.6200 orth=0.0024 cons=0.1829 group_ce=2.5413
[LOSS-AUX]  cls_pa=1.4142 cls_dac=0.0000 pa_joint_inv=0.2335 pa_kl=1.2225 dac_reg=0.0000 pa_reg=0.0146 gap_dac=0.0000 gap_pa=0.2712 cos_joint_pa=0.7665 cos_imp_pa=nan
[LOSS-SAT]  cls_sat=9.6835 sat_cons=0.7385 sat_cos=0.2615
[LOSS-DG]   proto=0.0000 proto_cos=nan supcon=0.0000 fishr=0.0014 sgc_res=0.0000
[LOSS-CAL]  ecc=0.0000 ecc_w=0.0000 ecc_tau=0.9500 ecc_maxp=nan
[TRAIN] tx=87.75% dom=85.25% cons_cos=0.8171
[GRAD]  total=1.658 backbone=1.000 aux=0.750 domain=0.438
[VAL]   tx=98.70% dom=95.04%
[TEST]  overall_tx=88.56% (180671/204000)
[TEST-SPLIT]
          unseen_day_seen_rx(days=['2021_03_15', '2021_03_23'], rxs=[0, 1, 2, 3, 4, 5, 6]): tx=92.83% (77976/84000)
          seen_day_unseen_rx(days=['2021_03_01', '2021_03_08'], rxs=[7, 8, 9, 10, 11]): tx=87.78% (52671/60000)
          unseen_day_unseen_rx(days=['2021_03_15', '2021_03_23'], rxs=[7, 8, 9, 10, 11]): tx=83.37% (50024/60000)
          day=2021_03_15 on seen_rxs=[0, 1, 2, 3, 4, 5, 6]: tx=94.90% (39858/42000)
          day=2021_03_23 on seen_rxs=[0, 1, 2, 3, 4, 5, 6]: tx=90.76% (38118/42000)
          rx=7 on seen_days=['2021_03_01', '2021_03_08']: tx=82.50% (9900/12000)
          rx=8 on seen_days=['2021_03_01', '2021_03_08']: tx=81.41% (9769/12000)
          rx=9 on seen_days=['2021_03_01', '2021_03_08']: tx=89.70% (10764/12000)
          rx=10 on seen_days=['2021_03_01', '2021_03_08']: tx=94.19% (11303/12000)
          rx=11 on seen_days=['2021_03_01', '2021_03_08']: tx=91.12% (10935/12000)
[BEST-JOINT]  val_tx=98.97% & test_tx=89.80% @ E094
[CKPT]  latest -> finalist_runs/B2_A2_light_seed1337/latest_model.pth (saved) | best -> finalist_runs/B2_A2_light_seed1337/best_model_val.pth
====================================================================================================================================
[SAT-TEST] scenario=clear_leo selected=test_unseen_day_unseen_rx overall_tx=42.44% strict_udu=42.44% (25466/60000)
[SAT-TEST] scenario=low_elev_leo selected=test_unseen_day_unseen_rx overall_tx=42.34% strict_udu=42.34% (25406/60000)
[SAT-TEST] scenario=rain_leo selected=test_unseen_day_unseen_rx overall_tx=39.93% strict_udu=39.93% (23956/60000)
[SAT-TEST] scenario=storm_mp selected=test_unseen_day_unseen_rx overall_tx=36.16% strict_udu=36.16% (21698/60000)
[SAT-TEST] scenario=mixed_orbit selected=test_unseen_day_unseen_rx overall_tx=38.58% strict_udu=38.58% (23145/60000)
[BEST-TEST] overall=89.87% @ E086 -> finalist_runs/B2_A2_light_seed1337/best_model_test_overall.pth | unseen_day_unseen_rx=85.39% @ E086 -> finalist_runs/B2_A2_light_seed1337/best_model_strict_udu.pth | unseen_day_seen_rx=94.24% @ E080 | seen_day_unseen_rx=89.89% @ E064
[BEST-PRIMARY] score=86.96 @ E086 -> finalist_runs/B2_A2_light_seed1337/best_model_primary_ood.pth | overall=89.87% strict_udu=85.39%
[BEST-WORST-RX] worst_rx=83.56% (test_rx_8) @ E061 -> finalist_runs/B2_A2_light_seed1337/best_model_worst_rx.pth
====================================================================================================================================
[Epoch 096/200] time=88.0s | lr=1.07e-04 | aux_scale=1.000
[STAGE] phase=S3_refine_aux | use_aux=1.0 cons=0.95 cls_aux=0.94 reg=0.95 joint_inv=0.28 kl=0.57 group_ce=1.00
[MIXSTYLE-EPOCH] phase=base enabled=1 p=0.150 strength=0.650 anneal_t=0.000
[AUG] scale=0.350 | p_dac=0.000 p_pa=0.049 p_shift=0.122 p_cfo=0.122 p_awgn=0.140 p_mp=0.063 | max_shift=11 cfo_max=0.00014 pn_max=0.0021
------------------------------------------------------------------------------------------------------------------------------------
[LOSS-CORE] total=4.5612 cls=1.8049 dom=0.4723 adv=2.6214 orth=0.0023 cons=0.1971 group_ce=3.0521
[LOSS-AUX]  cls_pa=1.4681 cls_dac=0.0000 pa_joint_inv=0.2335 pa_kl=1.2795 dac_reg=0.0000 pa_reg=0.0146 gap_dac=0.0000 gap_pa=0.2662 cos_joint_pa=0.7665 cos_imp_pa=nan
[LOSS-SAT]  cls_sat=9.5021 sat_cons=0.7140 sat_cos=0.2860
[LOSS-DG]   proto=0.0000 proto_cos=nan supcon=0.0000 fishr=0.0018 sgc_res=0.0000
[LOSS-CAL]  ecc=0.0000 ecc_w=0.0000 ecc_tau=0.9500 ecc_maxp=nan
[TRAIN] tx=85.53% dom=82.83% cons_cos=0.8029
[GRAD]  total=1.635 backbone=1.000 aux=0.750 domain=0.435
[VAL]   tx=98.83% dom=95.00%
[TEST]  overall_tx=89.20% (181958/204000)
[TEST-SPLIT]
          unseen_day_seen_rx(days=['2021_03_15', '2021_03_23'], rxs=[0, 1, 2, 3, 4, 5, 6]): tx=93.07% (78179/84000)
          seen_day_unseen_rx(days=['2021_03_01', '2021_03_08'], rxs=[7, 8, 9, 10, 11]): tx=88.60% (53158/60000)
          unseen_day_unseen_rx(days=['2021_03_15', '2021_03_23'], rxs=[7, 8, 9, 10, 11]): tx=84.37% (50621/60000)
          day=2021_03_15 on seen_rxs=[0, 1, 2, 3, 4, 5, 6]: tx=95.36% (40050/42000)
          day=2021_03_23 on seen_rxs=[0, 1, 2, 3, 4, 5, 6]: tx=90.78% (38129/42000)
          rx=7 on seen_days=['2021_03_01', '2021_03_08']: tx=80.75% (9690/12000)
          rx=8 on seen_days=['2021_03_01', '2021_03_08']: tx=84.00% (10080/12000)
          rx=9 on seen_days=['2021_03_01', '2021_03_08']: tx=90.12% (10815/12000)
          rx=10 on seen_days=['2021_03_01', '2021_03_08']: tx=93.31% (11197/12000)
          rx=11 on seen_days=['2021_03_01', '2021_03_08']: tx=94.80% (11376/12000)
[BEST-JOINT]  val_tx=98.97% & test_tx=89.80% @ E094
[CKPT]  latest -> finalist_runs/B2_A2_light_seed1337/latest_model.pth (saved) | best -> finalist_runs/B2_A2_light_seed1337/best_model_val.pth
====================================================================================================================================
[SAT-TEST] scenario=clear_leo selected=test_unseen_day_unseen_rx overall_tx=43.74% strict_udu=43.74% (26244/60000)
[SAT-TEST] scenario=low_elev_leo selected=test_unseen_day_unseen_rx overall_tx=44.22% strict_udu=44.22% (26534/60000)
[SAT-TEST] scenario=rain_leo selected=test_unseen_day_unseen_rx overall_tx=41.60% strict_udu=41.60% (24960/60000)
[SAT-TEST] scenario=storm_mp selected=test_unseen_day_unseen_rx overall_tx=37.32% strict_udu=37.32% (22394/60000)
[SAT-TEST] scenario=mixed_orbit selected=test_unseen_day_unseen_rx overall_tx=39.64% strict_udu=39.64% (23785/60000)
[BEST-TEST] overall=89.87% @ E086 -> finalist_runs/B2_A2_light_seed1337/best_model_test_overall.pth | unseen_day_unseen_rx=85.39% @ E086 -> finalist_runs/B2_A2_light_seed1337/best_model_strict_udu.pth | unseen_day_seen_rx=94.24% @ E080 | seen_day_unseen_rx=89.89% @ E064
[BEST-PRIMARY] score=86.96 @ E086 -> finalist_runs/B2_A2_light_seed1337/best_model_primary_ood.pth | overall=89.87% strict_udu=85.39%
[BEST-WORST-RX] worst_rx=83.56% (test_rx_8) @ E061 -> finalist_runs/B2_A2_light_seed1337/best_model_worst_rx.pth
====================================================================================================================================
[Epoch 097/200] time=86.3s | lr=1.05e-04 | aux_scale=1.000
[STAGE] phase=S3_refine_aux | use_aux=1.0 cons=0.96 cls_aux=0.95 reg=0.96 joint_inv=0.29 kl=0.58 group_ce=1.00
[MIXSTYLE-EPOCH] phase=base enabled=1 p=0.150 strength=0.650 anneal_t=0.000
[AUG] scale=0.350 | p_dac=0.000 p_pa=0.049 p_shift=0.122 p_cfo=0.122 p_awgn=0.140 p_mp=0.063 | max_shift=11 cfo_max=0.00014 pn_max=0.0021
------------------------------------------------------------------------------------------------------------------------------------
[LOSS-CORE] total=4.0655 cls=1.4432 dom=0.3862 adv=2.6199 orth=0.0022 cons=0.1877 group_ce=2.5009
[LOSS-AUX]  cls_pa=1.4730 cls_dac=0.0000 pa_joint_inv=0.2333 pa_kl=1.2885 dac_reg=0.0000 pa_reg=0.0143 gap_dac=0.0000 gap_pa=0.2729 cos_joint_pa=0.7667 cos_imp_pa=nan
[LOSS-SAT]  cls_sat=9.5503 sat_cons=0.7328 sat_cos=0.2672
[LOSS-DG]   proto=0.0000 proto_cos=nan supcon=0.0000 fishr=0.0014 sgc_res=0.0000
[LOSS-CAL]  ecc=0.0000 ecc_w=0.0000 ecc_tau=0.9500 ecc_maxp=nan
[TRAIN] tx=88.53% dom=85.62% cons_cos=0.8123
[GRAD]  total=1.595 backbone=1.000 aux=0.750 domain=0.431
[VAL]   tx=98.15% dom=95.10%
[TEST]  overall_tx=88.08% (179675/204000)
[TEST-SPLIT]
          unseen_day_seen_rx(days=['2021_03_15', '2021_03_23'], rxs=[0, 1, 2, 3, 4, 5, 6]): tx=92.60% (77786/84000)
          seen_day_unseen_rx(days=['2021_03_01', '2021_03_08'], rxs=[7, 8, 9, 10, 11]): tx=87.27% (52362/60000)
          unseen_day_unseen_rx(days=['2021_03_15', '2021_03_23'], rxs=[7, 8, 9, 10, 11]): tx=82.55% (49527/60000)
          day=2021_03_15 on seen_rxs=[0, 1, 2, 3, 4, 5, 6]: tx=94.14% (39540/42000)
          day=2021_03_23 on seen_rxs=[0, 1, 2, 3, 4, 5, 6]: tx=91.06% (38246/42000)
          rx=7 on seen_days=['2021_03_01', '2021_03_08']: tx=83.03% (9964/12000)
          rx=8 on seen_days=['2021_03_01', '2021_03_08']: tx=81.76% (9811/12000)
          rx=9 on seen_days=['2021_03_01', '2021_03_08']: tx=88.46% (10615/12000)
          rx=10 on seen_days=['2021_03_01', '2021_03_08']: tx=94.04% (11285/12000)
          rx=11 on seen_days=['2021_03_01', '2021_03_08']: tx=89.06% (10687/12000)
[BEST-JOINT]  val_tx=98.97% & test_tx=89.80% @ E094
[CKPT]  latest -> finalist_runs/B2_A2_light_seed1337/latest_model.pth (saved) | best -> finalist_runs/B2_A2_light_seed1337/best_model_val.pth
====================================================================================================================================
[SAT-TEST] scenario=clear_leo selected=test_unseen_day_unseen_rx overall_tx=42.78% strict_udu=42.78% (25671/60000)
[SAT-TEST] scenario=low_elev_leo selected=test_unseen_day_unseen_rx overall_tx=42.56% strict_udu=42.56% (25537/60000)
[SAT-TEST] scenario=rain_leo selected=test_unseen_day_unseen_rx overall_tx=40.55% strict_udu=40.55% (24333/60000)
[SAT-TEST] scenario=storm_mp selected=test_unseen_day_unseen_rx overall_tx=36.60% strict_udu=36.60% (21959/60000)
[SAT-TEST] scenario=mixed_orbit selected=test_unseen_day_unseen_rx overall_tx=39.31% strict_udu=39.31% (23585/60000)
[BEST-TEST] overall=89.87% @ E086 -> finalist_runs/B2_A2_light_seed1337/best_model_test_overall.pth | unseen_day_unseen_rx=85.39% @ E086 -> finalist_runs/B2_A2_light_seed1337/best_model_strict_udu.pth | unseen_day_seen_rx=94.24% @ E080 | seen_day_unseen_rx=89.89% @ E064
[BEST-PRIMARY] score=86.96 @ E086 -> finalist_runs/B2_A2_light_seed1337/best_model_primary_ood.pth | overall=89.87% strict_udu=85.39%
[BEST-WORST-RX] worst_rx=83.56% (test_rx_8) @ E061 -> finalist_runs/B2_A2_light_seed1337/best_model_worst_rx.pth
====================================================================================================================================
[Epoch 098/200] time=89.5s | lr=1.04e-04 | aux_scale=1.000
[STAGE] phase=S3_refine_aux | use_aux=1.0 cons=0.97 cls_aux=0.97 reg=0.97 joint_inv=0.29 kl=0.58 group_ce=1.00
[MIXSTYLE-EPOCH] phase=base enabled=1 p=0.150 strength=0.650 anneal_t=0.000
[AUG] scale=0.350 | p_dac=0.000 p_pa=0.049 p_shift=0.122 p_cfo=0.122 p_awgn=0.140 p_mp=0.063 | max_shift=11 cfo_max=0.00014 pn_max=0.0021
------------------------------------------------------------------------------------------------------------------------------------
[LOSS-CORE] total=3.8094 cls=1.2509 dom=0.3575 adv=2.6225 orth=0.0023 cons=0.1767 group_ce=2.2153
[LOSS-AUX]  cls_pa=1.4139 cls_dac=0.0000 pa_joint_inv=0.2269 pa_kl=1.2185 dac_reg=0.0000 pa_reg=0.0146 gap_dac=0.0000 gap_pa=0.2690 cos_joint_pa=0.7731 cos_imp_pa=nan
[LOSS-SAT]  cls_sat=9.5579 sat_cons=0.7320 sat_cos=0.2680
[LOSS-DG]   proto=0.0000 proto_cos=nan supcon=0.0000 fishr=0.0014 sgc_res=0.0000
[LOSS-CAL]  ecc=0.0000 ecc_w=0.0000 ecc_tau=0.9500 ecc_maxp=nan
[TRAIN] tx=90.23% dom=86.86% cons_cos=0.8233
[GRAD]  total=1.620 backbone=1.000 aux=0.750 domain=0.432
[VAL]   tx=98.88% dom=95.01%
[TEST]  overall_tx=88.80% (181144/204000)
[TEST-SPLIT]
          unseen_day_seen_rx(days=['2021_03_15', '2021_03_23'], rxs=[0, 1, 2, 3, 4, 5, 6]): tx=93.03% (78141/84000)
          seen_day_unseen_rx(days=['2021_03_01', '2021_03_08'], rxs=[7, 8, 9, 10, 11]): tx=87.21% (52324/60000)
          unseen_day_unseen_rx(days=['2021_03_15', '2021_03_23'], rxs=[7, 8, 9, 10, 11]): tx=84.47% (50679/60000)
          day=2021_03_15 on seen_rxs=[0, 1, 2, 3, 4, 5, 6]: tx=96.18% (40396/42000)
          day=2021_03_23 on seen_rxs=[0, 1, 2, 3, 4, 5, 6]: tx=89.87% (37745/42000)
          rx=7 on seen_days=['2021_03_01', '2021_03_08']: tx=78.73% (9448/12000)
          rx=8 on seen_days=['2021_03_01', '2021_03_08']: tx=81.00% (9720/12000)
          rx=9 on seen_days=['2021_03_01', '2021_03_08']: tx=92.59% (11111/12000)
          rx=10 on seen_days=['2021_03_01', '2021_03_08']: tx=89.34% (10721/12000)
          rx=11 on seen_days=['2021_03_01', '2021_03_08']: tx=94.37% (11324/12000)
[BEST-JOINT]  val_tx=98.97% & test_tx=89.80% @ E094
[CKPT]  latest -> finalist_runs/B2_A2_light_seed1337/latest_model.pth (saved) | best -> finalist_runs/B2_A2_light_seed1337/best_model_val.pth
====================================================================================================================================
[SAT-TEST] scenario=clear_leo selected=test_unseen_day_unseen_rx overall_tx=45.18% strict_udu=45.18% (27107/60000)
[SAT-TEST] scenario=low_elev_leo selected=test_unseen_day_unseen_rx overall_tx=45.52% strict_udu=45.52% (27315/60000)
[SAT-TEST] scenario=rain_leo selected=test_unseen_day_unseen_rx overall_tx=42.70% strict_udu=42.70% (25620/60000)
[SAT-TEST] scenario=storm_mp selected=test_unseen_day_unseen_rx overall_tx=38.23% strict_udu=38.23% (22939/60000)
[SAT-TEST] scenario=mixed_orbit selected=test_unseen_day_unseen_rx overall_tx=40.71% strict_udu=40.71% (24426/60000)
[BEST-TEST] overall=89.87% @ E086 -> finalist_runs/B2_A2_light_seed1337/best_model_test_overall.pth | unseen_day_unseen_rx=85.39% @ E086 -> finalist_runs/B2_A2_light_seed1337/best_model_strict_udu.pth | unseen_day_seen_rx=94.24% @ E080 | seen_day_unseen_rx=89.89% @ E064
[BEST-PRIMARY] score=86.96 @ E086 -> finalist_runs/B2_A2_light_seed1337/best_model_primary_ood.pth | overall=89.87% strict_udu=85.39%
[BEST-WORST-RX] worst_rx=83.56% (test_rx_8) @ E061 -> finalist_runs/B2_A2_light_seed1337/best_model_worst_rx.pth
====================================================================================================================================
[Epoch 099/200] time=86.3s | lr=1.02e-04 | aux_scale=1.000
[STAGE] phase=S3_refine_aux | use_aux=1.0 cons=0.99 cls_aux=0.98 reg=0.99 joint_inv=0.30 kl=0.59 group_ce=1.00
[MIXSTYLE-EPOCH] phase=base enabled=1 p=0.150 strength=0.650 anneal_t=0.000
[AUG] scale=0.350 | p_dac=0.000 p_pa=0.049 p_shift=0.122 p_cfo=0.122 p_awgn=0.140 p_mp=0.063 | max_shift=11 cfo_max=0.00014 pn_max=0.0021
------------------------------------------------------------------------------------------------------------------------------------
[LOSS-CORE] total=4.4714 cls=1.7322 dom=0.4624 adv=2.6274 orth=0.0022 cons=0.1869 group_ce=2.8364
[LOSS-AUX]  cls_pa=1.4165 cls_dac=0.0000 pa_joint_inv=0.2245 pa_kl=1.2144 dac_reg=0.0000 pa_reg=0.0146 gap_dac=0.0000 gap_pa=0.2665 cos_joint_pa=0.7755 cos_imp_pa=nan
[LOSS-SAT]  cls_sat=9.6600 sat_cons=0.7355 sat_cos=0.2645
[LOSS-DG]   proto=0.0000 proto_cos=nan supcon=0.0000 fishr=0.0016 sgc_res=0.0000
[LOSS-CAL]  ecc=0.0000 ecc_w=0.0000 ecc_tau=0.9500 ecc_maxp=nan
[TRAIN] tx=86.15% dom=83.27% cons_cos=0.8131
[GRAD]  total=1.774 backbone=1.000 aux=0.750 domain=0.421
[VAL]   tx=98.92% dom=95.15%
[TEST]  overall_tx=89.29% (182153/204000)
[TEST-SPLIT]
          unseen_day_seen_rx(days=['2021_03_15', '2021_03_23'], rxs=[0, 1, 2, 3, 4, 5, 6]): tx=93.67% (78681/84000)
          seen_day_unseen_rx(days=['2021_03_01', '2021_03_08'], rxs=[7, 8, 9, 10, 11]): tx=88.70% (53220/60000)
          unseen_day_unseen_rx(days=['2021_03_15', '2021_03_23'], rxs=[7, 8, 9, 10, 11]): tx=83.75% (50252/60000)
          day=2021_03_15 on seen_rxs=[0, 1, 2, 3, 4, 5, 6]: tx=96.27% (40435/42000)
          day=2021_03_23 on seen_rxs=[0, 1, 2, 3, 4, 5, 6]: tx=91.06% (38246/42000)
          rx=7 on seen_days=['2021_03_01', '2021_03_08']: tx=82.73% (9928/12000)
          rx=8 on seen_days=['2021_03_01', '2021_03_08']: tx=83.05% (9966/12000)
          rx=9 on seen_days=['2021_03_01', '2021_03_08']: tx=91.70% (11004/12000)
          rx=10 on seen_days=['2021_03_01', '2021_03_08']: tx=92.97% (11157/12000)
          rx=11 on seen_days=['2021_03_01', '2021_03_08']: tx=93.04% (11165/12000)
[BEST-JOINT]  val_tx=98.97% & test_tx=89.80% @ E094
[CKPT]  latest -> finalist_runs/B2_A2_light_seed1337/latest_model.pth (saved) | best -> finalist_runs/B2_A2_light_seed1337/best_model_val.pth
====================================================================================================================================
[SAT-TEST] scenario=clear_leo selected=test_unseen_day_unseen_rx overall_tx=43.88% strict_udu=43.88% (26327/60000)
[SAT-TEST] scenario=low_elev_leo selected=test_unseen_day_unseen_rx overall_tx=43.53% strict_udu=43.53% (26118/60000)
[SAT-TEST] scenario=rain_leo selected=test_unseen_day_unseen_rx overall_tx=41.25% strict_udu=41.25% (24751/60000)
[SAT-TEST] scenario=storm_mp selected=test_unseen_day_unseen_rx overall_tx=36.99% strict_udu=36.99% (22196/60000)
[SAT-TEST] scenario=mixed_orbit selected=test_unseen_day_unseen_rx overall_tx=40.13% strict_udu=40.13% (24077/60000)
[BEST-TEST] overall=89.87% @ E086 -> finalist_runs/B2_A2_light_seed1337/best_model_test_overall.pth | unseen_day_unseen_rx=85.39% @ E086 -> finalist_runs/B2_A2_light_seed1337/best_model_strict_udu.pth | unseen_day_seen_rx=94.24% @ E080 | seen_day_unseen_rx=89.89% @ E064
[BEST-PRIMARY] score=86.96 @ E086 -> finalist_runs/B2_A2_light_seed1337/best_model_primary_ood.pth | overall=89.87% strict_udu=85.39%
[BEST-WORST-RX] worst_rx=83.56% (test_rx_8) @ E061 -> finalist_runs/B2_A2_light_seed1337/best_model_worst_rx.pth
====================================================================================================================================
[Epoch 100/200] time=90.5s | lr=1.00e-04 | aux_scale=1.000
[STAGE] phase=S3_refine_aux | use_aux=1.0 cons=1.00 cls_aux=1.00 reg=1.00 joint_inv=0.30 kl=0.60 group_ce=1.00
[MIXSTYLE-EPOCH] phase=base enabled=1 p=0.150 strength=0.650 anneal_t=0.000
[AUG] scale=0.350 | p_dac=0.000 p_pa=0.049 p_shift=0.122 p_cfo=0.122 p_awgn=0.140 p_mp=0.063 | max_shift=11 cfo_max=0.00014 pn_max=0.0021
------------------------------------------------------------------------------------------------------------------------------------
[LOSS-CORE] total=4.7965 cls=1.9770 dom=0.5081 adv=2.6213 orth=0.0022 cons=0.2009 group_ce=3.1705
[LOSS-AUX]  cls_pa=1.4166 cls_dac=0.0000 pa_joint_inv=0.2297 pa_kl=1.2153 dac_reg=0.0000 pa_reg=0.0142 gap_dac=0.0000 gap_pa=0.2755 cos_joint_pa=0.7703 cos_imp_pa=nan
[LOSS-SAT]  cls_sat=9.6178 sat_cons=0.7132 sat_cos=0.2868
[LOSS-DG]   proto=0.0000 proto_cos=nan supcon=0.0000 fishr=0.0019 sgc_res=0.0000
[LOSS-CAL]  ecc=0.0000 ecc_w=0.0000 ecc_tau=0.9500 ecc_maxp=nan
[TRAIN] tx=83.95% dom=81.20% cons_cos=0.7991
[GRAD]  total=1.831 backbone=1.000 aux=0.750 domain=0.454
[VAL]   tx=98.96% dom=94.74%
[TEST]  overall_tx=89.07% (181705/204000)
[TEST-SPLIT]
          unseen_day_seen_rx(days=['2021_03_15', '2021_03_23'], rxs=[0, 1, 2, 3, 4, 5, 6]): tx=93.81% (78804/84000)
          seen_day_unseen_rx(days=['2021_03_01', '2021_03_08'], rxs=[7, 8, 9, 10, 11]): tx=88.32% (52992/60000)
          unseen_day_unseen_rx(days=['2021_03_15', '2021_03_23'], rxs=[7, 8, 9, 10, 11]): tx=83.18% (49909/60000)
          day=2021_03_15 on seen_rxs=[0, 1, 2, 3, 4, 5, 6]: tx=95.59% (40147/42000)
          day=2021_03_23 on seen_rxs=[0, 1, 2, 3, 4, 5, 6]: tx=92.04% (38657/42000)
          rx=7 on seen_days=['2021_03_01', '2021_03_08']: tx=82.24% (9869/12000)
          rx=8 on seen_days=['2021_03_01', '2021_03_08']: tx=83.53% (10023/12000)
          rx=9 on seen_days=['2021_03_01', '2021_03_08']: tx=91.42% (10971/12000)
          rx=10 on seen_days=['2021_03_01', '2021_03_08']: tx=91.99% (11039/12000)
          rx=11 on seen_days=['2021_03_01', '2021_03_08']: tx=92.42% (11090/12000)
[BEST-JOINT]  val_tx=98.97% & test_tx=89.80% @ E094
[CKPT]  latest -> finalist_runs/B2_A2_light_seed1337/latest_model.pth (saved) | best -> finalist_runs/B2_A2_light_seed1337/best_model_val.pth
====================================================================================================================================
[SAT-TEST] scenario=clear_leo selected=test_unseen_day_unseen_rx overall_tx=42.81% strict_udu=42.81% (25686/60000)
[SAT-TEST] scenario=low_elev_leo selected=test_unseen_day_unseen_rx overall_tx=43.41% strict_udu=43.41% (26043/60000)
[SAT-TEST] scenario=rain_leo selected=test_unseen_day_unseen_rx overall_tx=40.76% strict_udu=40.76% (24454/60000)
[SAT-TEST] scenario=storm_mp selected=test_unseen_day_unseen_rx overall_tx=37.44% strict_udu=37.44% (22464/60000)
[SAT-TEST] scenario=mixed_orbit selected=test_unseen_day_unseen_rx overall_tx=39.35% strict_udu=39.35% (23610/60000)
[BEST-TEST] overall=89.87% @ E086 -> finalist_runs/B2_A2_light_seed1337/best_model_test_overall.pth | unseen_day_unseen_rx=85.39% @ E086 -> finalist_runs/B2_A2_light_seed1337/best_model_strict_udu.pth | unseen_day_seen_rx=94.24% @ E080 | seen_day_unseen_rx=89.89% @ E064
[BEST-PRIMARY] score=86.96 @ E086 -> finalist_runs/B2_A2_light_seed1337/best_model_primary_ood.pth | overall=89.87% strict_udu=85.39%
[BEST-WORST-RX] worst_rx=83.56% (test_rx_8) @ E061 -> finalist_runs/B2_A2_light_seed1337/best_model_worst_rx.pth
====================================================================================================================================
[Epoch 101/200] time=87.7s | lr=9.89e-05 | aux_scale=1.000
[STAGE] phase=S3_refine_aux | use_aux=1.0 cons=1.00 cls_aux=1.00 reg=1.00 joint_inv=0.30 kl=0.60 group_ce=1.00
[MIXSTYLE-EPOCH] phase=base enabled=1 p=0.150 strength=0.650 anneal_t=0.000
[AUG] scale=0.350 | p_dac=0.000 p_pa=0.049 p_shift=0.122 p_cfo=0.122 p_awgn=0.140 p_mp=0.063 | max_shift=11 cfo_max=0.00014 pn_max=0.0021
------------------------------------------------------------------------------------------------------------------------------------
[LOSS-CORE] total=4.6326 cls=1.8302 dom=0.4784 adv=2.6260 orth=0.0024 cons=0.1826 group_ce=2.9556
[LOSS-AUX]  cls_pa=1.5287 cls_dac=0.0000 pa_joint_inv=0.2335 pa_kl=1.3336 dac_reg=0.0000 pa_reg=0.0145 gap_dac=0.0000 gap_pa=0.2727 cos_joint_pa=0.7665 cos_imp_pa=nan
[LOSS-SAT]  cls_sat=9.8024 sat_cons=0.7246 sat_cos=0.2754
[LOSS-DG]   proto=0.0000 proto_cos=nan supcon=0.0000 fishr=0.0016 sgc_res=0.0000
[LOSS-CAL]  ecc=0.0000 ecc_w=0.0000 ecc_tau=0.9500 ecc_maxp=nan
[TRAIN] tx=85.26% dom=83.19% cons_cos=0.8173
[GRAD]  total=1.782 backbone=1.000 aux=0.750 domain=0.429
[VAL]   tx=98.95% dom=94.69%
[TEST]  overall_tx=89.57% (182730/204000)
[TEST-SPLIT]
          unseen_day_seen_rx(days=['2021_03_15', '2021_03_23'], rxs=[0, 1, 2, 3, 4, 5, 6]): tx=93.91% (78882/84000)
          seen_day_unseen_rx(days=['2021_03_01', '2021_03_08'], rxs=[7, 8, 9, 10, 11]): tx=88.65% (53190/60000)
          unseen_day_unseen_rx(days=['2021_03_15', '2021_03_23'], rxs=[7, 8, 9, 10, 11]): tx=84.43% (50658/60000)
          day=2021_03_15 on seen_rxs=[0, 1, 2, 3, 4, 5, 6]: tx=96.15% (40385/42000)
          day=2021_03_23 on seen_rxs=[0, 1, 2, 3, 4, 5, 6]: tx=91.66% (38497/42000)
          rx=7 on seen_days=['2021_03_01', '2021_03_08']: tx=82.76% (9931/12000)
          rx=8 on seen_days=['2021_03_01', '2021_03_08']: tx=84.02% (10082/12000)
          rx=9 on seen_days=['2021_03_01', '2021_03_08']: tx=91.03% (10924/12000)
          rx=10 on seen_days=['2021_03_01', '2021_03_08']: tx=92.22% (11066/12000)
          rx=11 on seen_days=['2021_03_01', '2021_03_08']: tx=93.22% (11187/12000)
[BEST-JOINT]  val_tx=98.97% & test_tx=89.80% @ E094
[CKPT]  latest -> finalist_runs/B2_A2_light_seed1337/latest_model.pth (saved) | best -> finalist_runs/B2_A2_light_seed1337/best_model_val.pth
====================================================================================================================================
[SAT-TEST] scenario=clear_leo selected=test_unseen_day_unseen_rx overall_tx=43.11% strict_udu=43.11% (25866/60000)
[SAT-TEST] scenario=low_elev_leo selected=test_unseen_day_unseen_rx overall_tx=43.98% strict_udu=43.98% (26387/60000)
[SAT-TEST] scenario=rain_leo selected=test_unseen_day_unseen_rx overall_tx=41.02% strict_udu=41.02% (24614/60000)
[SAT-TEST] scenario=storm_mp selected=test_unseen_day_unseen_rx overall_tx=37.59% strict_udu=37.59% (22557/60000)
[SAT-TEST] scenario=mixed_orbit selected=test_unseen_day_unseen_rx overall_tx=38.89% strict_udu=38.89% (23334/60000)
[BEST-TEST] overall=89.87% @ E086 -> finalist_runs/B2_A2_light_seed1337/best_model_test_overall.pth | unseen_day_unseen_rx=85.39% @ E086 -> finalist_runs/B2_A2_light_seed1337/best_model_strict_udu.pth | unseen_day_seen_rx=94.24% @ E080 | seen_day_unseen_rx=89.89% @ E064
[BEST-PRIMARY] score=86.96 @ E086 -> finalist_runs/B2_A2_light_seed1337/best_model_primary_ood.pth | overall=89.87% strict_udu=85.39%
[BEST-WORST-RX] worst_rx=83.56% (test_rx_8) @ E061 -> finalist_runs/B2_A2_light_seed1337/best_model_worst_rx.pth
====================================================================================================================================
[Epoch 102/200] time=88.7s | lr=9.74e-05 | aux_scale=1.000
[STAGE] phase=S3_refine_aux | use_aux=1.0 cons=1.00 cls_aux=1.00 reg=1.00 joint_inv=0.30 kl=0.60 group_ce=1.00
[MIXSTYLE-EPOCH] phase=base enabled=1 p=0.150 strength=0.650 anneal_t=0.000
[AUG] scale=0.350 | p_dac=0.000 p_pa=0.049 p_shift=0.122 p_cfo=0.122 p_awgn=0.140 p_mp=0.063 | max_shift=11 cfo_max=0.00014 pn_max=0.0021
------------------------------------------------------------------------------------------------------------------------------------
[LOSS-CORE] total=3.8753 cls=1.3083 dom=0.3523 adv=2.6199 orth=0.0026 cons=0.1786 group_ce=2.3356
[LOSS-AUX]  cls_pa=1.3689 cls_dac=0.0000 pa_joint_inv=0.2253 pa_kl=1.1876 dac_reg=0.0000 pa_reg=0.0149 gap_dac=0.0000 gap_pa=0.2744 cos_joint_pa=0.7747 cos_imp_pa=nan
[LOSS-SAT]  cls_sat=9.5922 sat_cons=0.7274 sat_cos=0.2726
[LOSS-DG]   proto=0.0000 proto_cos=nan supcon=0.0000 fishr=0.0013 sgc_res=0.0000
[LOSS-CAL]  ecc=0.0000 ecc_w=0.0000 ecc_tau=0.9500 ecc_maxp=nan
[TRAIN] tx=89.60% dom=86.94% cons_cos=0.8214
[GRAD]  total=1.642 backbone=1.000 aux=0.750 domain=0.426
[VAL]   tx=98.85% dom=95.13%
[TEST]  overall_tx=89.23% (182029/204000)
[TEST-SPLIT]
          unseen_day_seen_rx(days=['2021_03_15', '2021_03_23'], rxs=[0, 1, 2, 3, 4, 5, 6]): tx=93.24% (78322/84000)
          seen_day_unseen_rx(days=['2021_03_01', '2021_03_08'], rxs=[7, 8, 9, 10, 11]): tx=88.26% (52957/60000)
          unseen_day_unseen_rx(days=['2021_03_15', '2021_03_23'], rxs=[7, 8, 9, 10, 11]): tx=84.58% (50750/60000)
          day=2021_03_15 on seen_rxs=[0, 1, 2, 3, 4, 5, 6]: tx=95.28% (40017/42000)
          day=2021_03_23 on seen_rxs=[0, 1, 2, 3, 4, 5, 6]: tx=91.20% (38305/42000)
          rx=7 on seen_days=['2021_03_01', '2021_03_08']: tx=82.38% (9885/12000)
          rx=8 on seen_days=['2021_03_01', '2021_03_08']: tx=83.92% (10071/12000)
          rx=9 on seen_days=['2021_03_01', '2021_03_08']: tx=90.55% (10866/12000)
          rx=10 on seen_days=['2021_03_01', '2021_03_08']: tx=92.40% (11088/12000)
          rx=11 on seen_days=['2021_03_01', '2021_03_08']: tx=92.06% (11047/12000)
[BEST-JOINT]  val_tx=98.97% & test_tx=89.80% @ E094
[CKPT]  latest -> finalist_runs/B2_A2_light_seed1337/latest_model.pth (saved) | best -> finalist_runs/B2_A2_light_seed1337/best_model_val.pth
====================================================================================================================================
[SAT-TEST] scenario=clear_leo selected=test_unseen_day_unseen_rx overall_tx=43.09% strict_udu=43.09% (25855/60000)
[SAT-TEST] scenario=low_elev_leo selected=test_unseen_day_unseen_rx overall_tx=43.43% strict_udu=43.43% (26057/60000)
[SAT-TEST] scenario=rain_leo selected=test_unseen_day_unseen_rx overall_tx=40.94% strict_udu=40.94% (24561/60000)
[SAT-TEST] scenario=storm_mp selected=test_unseen_day_unseen_rx overall_tx=36.90% strict_udu=36.90% (22138/60000)
[SAT-TEST] scenario=mixed_orbit selected=test_unseen_day_unseen_rx overall_tx=39.18% strict_udu=39.18% (23509/60000)
[BEST-TEST] overall=89.87% @ E086 -> finalist_runs/B2_A2_light_seed1337/best_model_test_overall.pth | unseen_day_unseen_rx=85.39% @ E086 -> finalist_runs/B2_A2_light_seed1337/best_model_strict_udu.pth | unseen_day_seen_rx=94.24% @ E080 | seen_day_unseen_rx=89.89% @ E064
[BEST-PRIMARY] score=86.96 @ E086 -> finalist_runs/B2_A2_light_seed1337/best_model_primary_ood.pth | overall=89.87% strict_udu=85.39%
[BEST-WORST-RX] worst_rx=83.56% (test_rx_8) @ E061 -> finalist_runs/B2_A2_light_seed1337/best_model_worst_rx.pth
====================================================================================================================================
[Epoch 103/200] time=85.6s | lr=9.58e-05 | aux_scale=1.000
[STAGE] phase=S3_refine_aux | use_aux=1.0 cons=1.00 cls_aux=1.00 reg=1.00 joint_inv=0.30 kl=0.60 group_ce=1.00
[MIXSTYLE-EPOCH] phase=base enabled=1 p=0.150 strength=0.650 anneal_t=0.000
[AUG] scale=0.350 | p_dac=0.000 p_pa=0.049 p_shift=0.122 p_cfo=0.122 p_awgn=0.140 p_mp=0.063 | max_shift=11 cfo_max=0.00014 pn_max=0.0021
------------------------------------------------------------------------------------------------------------------------------------
[LOSS-CORE] total=3.9893 cls=1.4265 dom=0.3585 adv=2.6257 orth=0.0023 cons=0.1759 group_ce=2.3985
[LOSS-AUX]  cls_pa=1.3061 cls_dac=0.0000 pa_joint_inv=0.2252 pa_kl=1.1213 dac_reg=0.0000 pa_reg=0.0145 gap_dac=0.0000 gap_pa=0.2798 cos_joint_pa=0.7748 cos_imp_pa=nan
[LOSS-SAT]  cls_sat=9.4765 sat_cons=0.7320 sat_cos=0.2680
[LOSS-DG]   proto=0.0000 proto_cos=nan supcon=0.0000 fishr=0.0014 sgc_res=0.0000
[LOSS-CAL]  ecc=0.0000 ecc_w=0.0000 ecc_tau=0.9500 ecc_maxp=nan
[TRAIN] tx=88.70% dom=86.77% cons_cos=0.8241
[GRAD]  total=1.573 backbone=1.000 aux=0.750 domain=0.408
[VAL]   tx=98.88% dom=95.42%
[TEST]  overall_tx=88.84% (181237/204000)
[TEST-SPLIT]
          unseen_day_seen_rx(days=['2021_03_15', '2021_03_23'], rxs=[0, 1, 2, 3, 4, 5, 6]): tx=92.98% (78100/84000)
          seen_day_unseen_rx(days=['2021_03_01', '2021_03_08'], rxs=[7, 8, 9, 10, 11]): tx=87.69% (52614/60000)
          unseen_day_unseen_rx(days=['2021_03_15', '2021_03_23'], rxs=[7, 8, 9, 10, 11]): tx=84.20% (50523/60000)
          day=2021_03_15 on seen_rxs=[0, 1, 2, 3, 4, 5, 6]: tx=95.03% (39914/42000)
          day=2021_03_23 on seen_rxs=[0, 1, 2, 3, 4, 5, 6]: tx=90.92% (38186/42000)
          rx=7 on seen_days=['2021_03_01', '2021_03_08']: tx=80.85% (9702/12000)
          rx=8 on seen_days=['2021_03_01', '2021_03_08']: tx=81.73% (9808/12000)
          rx=9 on seen_days=['2021_03_01', '2021_03_08']: tx=90.29% (10835/12000)
          rx=10 on seen_days=['2021_03_01', '2021_03_08']: tx=92.77% (11132/12000)
          rx=11 on seen_days=['2021_03_01', '2021_03_08']: tx=92.81% (11137/12000)
[BEST-JOINT]  val_tx=98.97% & test_tx=89.80% @ E094
[CKPT]  latest -> finalist_runs/B2_A2_light_seed1337/latest_model.pth (saved) | best -> finalist_runs/B2_A2_light_seed1337/best_model_val.pth
====================================================================================================================================
[SAT-TEST] scenario=clear_leo selected=test_unseen_day_unseen_rx overall_tx=43.23% strict_udu=43.23% (25939/60000)
[SAT-TEST] scenario=low_elev_leo selected=test_unseen_day_unseen_rx overall_tx=43.57% strict_udu=43.57% (26141/60000)
[SAT-TEST] scenario=rain_leo selected=test_unseen_day_unseen_rx overall_tx=41.12% strict_udu=41.12% (24672/60000)
[SAT-TEST] scenario=storm_mp selected=test_unseen_day_unseen_rx overall_tx=37.27% strict_udu=37.27% (22359/60000)
[SAT-TEST] scenario=mixed_orbit selected=test_unseen_day_unseen_rx overall_tx=39.66% strict_udu=39.66% (23794/60000)
[BEST-TEST] overall=89.87% @ E086 -> finalist_runs/B2_A2_light_seed1337/best_model_test_overall.pth | unseen_day_unseen_rx=85.39% @ E086 -> finalist_runs/B2_A2_light_seed1337/best_model_strict_udu.pth | unseen_day_seen_rx=94.24% @ E080 | seen_day_unseen_rx=89.89% @ E064
[BEST-PRIMARY] score=86.96 @ E086 -> finalist_runs/B2_A2_light_seed1337/best_model_primary_ood.pth | overall=89.87% strict_udu=85.39%
[BEST-WORST-RX] worst_rx=83.56% (test_rx_8) @ E061 -> finalist_runs/B2_A2_light_seed1337/best_model_worst_rx.pth
====================================================================================================================================
[Epoch 104/200] time=86.3s | lr=9.43e-05 | aux_scale=1.000
[STAGE] phase=S3_refine_aux | use_aux=1.0 cons=1.00 cls_aux=1.00 reg=1.00 joint_inv=0.30 kl=0.60 group_ce=1.00
[MIXSTYLE-EPOCH] phase=base enabled=1 p=0.150 strength=0.650 anneal_t=0.000
[AUG] scale=0.350 | p_dac=0.000 p_pa=0.049 p_shift=0.122 p_cfo=0.122 p_awgn=0.140 p_mp=0.063 | max_shift=11 cfo_max=0.00014 pn_max=0.0021
------------------------------------------------------------------------------------------------------------------------------------
[LOSS-CORE] total=4.2793 cls=1.6176 dom=0.4005 adv=2.6212 orth=0.0023 cons=0.1905 group_ce=2.7182
[LOSS-AUX]  cls_pa=1.3975 cls_dac=0.0000 pa_joint_inv=0.2256 pa_kl=1.2120 dac_reg=0.0000 pa_reg=0.0147 gap_dac=0.0000 gap_pa=0.2745 cos_joint_pa=0.7744 cos_imp_pa=nan
[LOSS-SAT]  cls_sat=9.6084 sat_cons=0.7239 sat_cos=0.2761
[LOSS-DG]   proto=0.0000 proto_cos=nan supcon=0.0000 fishr=0.0015 sgc_res=0.0000
[LOSS-CAL]  ecc=0.0000 ecc_w=0.0000 ecc_tau=0.9500 ecc_maxp=nan
[TRAIN] tx=87.18% dom=85.40% cons_cos=0.8095
[GRAD]  total=1.656 backbone=1.000 aux=0.750 domain=0.419
[VAL]   tx=98.92% dom=95.40%
[TEST]  overall_tx=88.98% (181513/204000)
[TEST-SPLIT]
          unseen_day_seen_rx(days=['2021_03_15', '2021_03_23'], rxs=[0, 1, 2, 3, 4, 5, 6]): tx=92.82% (77972/84000)
          seen_day_unseen_rx(days=['2021_03_01', '2021_03_08'], rxs=[7, 8, 9, 10, 11]): tx=87.71% (52627/60000)
          unseen_day_unseen_rx(days=['2021_03_15', '2021_03_23'], rxs=[7, 8, 9, 10, 11]): tx=84.86% (50914/60000)
          day=2021_03_15 on seen_rxs=[0, 1, 2, 3, 4, 5, 6]: tx=95.29% (40021/42000)
          day=2021_03_23 on seen_rxs=[0, 1, 2, 3, 4, 5, 6]: tx=90.36% (37951/42000)
          rx=7 on seen_days=['2021_03_01', '2021_03_08']: tx=78.99% (9479/12000)
          rx=8 on seen_days=['2021_03_01', '2021_03_08']: tx=82.66% (9919/12000)
          rx=9 on seen_days=['2021_03_01', '2021_03_08']: tx=90.69% (10883/12000)
          rx=10 on seen_days=['2021_03_01', '2021_03_08']: tx=91.06% (10927/12000)
          rx=11 on seen_days=['2021_03_01', '2021_03_08']: tx=95.16% (11419/12000)
[BEST-JOINT]  val_tx=98.97% & test_tx=89.80% @ E094
[CKPT]  latest -> finalist_runs/B2_A2_light_seed1337/latest_model.pth (saved) | best -> finalist_runs/B2_A2_light_seed1337/best_model_val.pth
====================================================================================================================================
[SAT-TEST] scenario=clear_leo selected=test_unseen_day_unseen_rx overall_tx=42.86% strict_udu=42.86% (25716/60000)
[SAT-TEST] scenario=low_elev_leo selected=test_unseen_day_unseen_rx overall_tx=43.23% strict_udu=43.23% (25941/60000)
[SAT-TEST] scenario=rain_leo selected=test_unseen_day_unseen_rx overall_tx=40.54% strict_udu=40.54% (24326/60000)
[SAT-TEST] scenario=storm_mp selected=test_unseen_day_unseen_rx overall_tx=36.86% strict_udu=36.86% (22117/60000)
[SAT-TEST] scenario=mixed_orbit selected=test_unseen_day_unseen_rx overall_tx=39.20% strict_udu=39.20% (23518/60000)
[BEST-TEST] overall=89.87% @ E086 -> finalist_runs/B2_A2_light_seed1337/best_model_test_overall.pth | unseen_day_unseen_rx=85.39% @ E086 -> finalist_runs/B2_A2_light_seed1337/best_model_strict_udu.pth | unseen_day_seen_rx=94.24% @ E080 | seen_day_unseen_rx=89.89% @ E064
[BEST-PRIMARY] score=86.96 @ E086 -> finalist_runs/B2_A2_light_seed1337/best_model_primary_ood.pth | overall=89.87% strict_udu=85.39%
[BEST-WORST-RX] worst_rx=83.56% (test_rx_8) @ E061 -> finalist_runs/B2_A2_light_seed1337/best_model_worst_rx.pth
[WARN][E105] unsafe backward/step skipped #9
====================================================================================================================================
[Epoch 105/200] time=86.4s | lr=9.27e-05 | aux_scale=1.000
[STAGE] phase=S3_refine_aux | use_aux=1.0 cons=1.00 cls_aux=1.00 reg=1.00 joint_inv=0.30 kl=0.60 group_ce=1.00
[MIXSTYLE-EPOCH] phase=base enabled=1 p=0.150 strength=0.650 anneal_t=0.000
[AUG] scale=0.350 | p_dac=0.000 p_pa=0.049 p_shift=0.122 p_cfo=0.122 p_awgn=0.140 p_mp=0.063 | max_shift=11 cfo_max=0.00014 pn_max=0.0021
------------------------------------------------------------------------------------------------------------------------------------
[LOSS-CORE] total=3.7041 cls=1.2032 dom=0.3403 adv=2.6216 orth=0.0024 cons=0.1668 group_ce=2.0570
[LOSS-AUX]  cls_pa=1.2622 cls_dac=0.0000 pa_joint_inv=0.2215 pa_kl=1.0737 dac_reg=0.0000 pa_reg=0.0146 gap_dac=0.0000 gap_pa=0.2713 cos_joint_pa=0.7785 cos_imp_pa=nan
[LOSS-SAT]  cls_sat=9.5244 sat_cons=0.7325 sat_cos=0.2675
[LOSS-DG]   proto=0.0000 proto_cos=nan supcon=0.0000 fishr=0.0011 sgc_res=0.0000
[LOSS-CAL]  ecc=0.0000 ecc_w=0.0000 ecc_tau=0.9500 ecc_maxp=nan
[TRAIN] tx=90.44% dom=86.95% cons_cos=0.8311
[GRAD]  total=1.612 backbone=1.000 aux=0.750 domain=0.427
[VAL]   tx=98.53% dom=95.47%
[TEST]  overall_tx=88.23% (179987/204000)
[TEST-SPLIT]
          unseen_day_seen_rx(days=['2021_03_15', '2021_03_23'], rxs=[0, 1, 2, 3, 4, 5, 6]): tx=92.84% (77984/84000)
          seen_day_unseen_rx(days=['2021_03_01', '2021_03_08'], rxs=[7, 8, 9, 10, 11]): tx=87.11% (52268/60000)
          unseen_day_unseen_rx(days=['2021_03_15', '2021_03_23'], rxs=[7, 8, 9, 10, 11]): tx=82.89% (49735/60000)
          day=2021_03_15 on seen_rxs=[0, 1, 2, 3, 4, 5, 6]: tx=94.70% (39773/42000)
          day=2021_03_23 on seen_rxs=[0, 1, 2, 3, 4, 5, 6]: tx=90.98% (38211/42000)
          rx=7 on seen_days=['2021_03_01', '2021_03_08']: tx=81.69% (9803/12000)
          rx=8 on seen_days=['2021_03_01', '2021_03_08']: tx=82.22% (9866/12000)
          rx=9 on seen_days=['2021_03_01', '2021_03_08']: tx=88.58% (10630/12000)
          rx=10 on seen_days=['2021_03_01', '2021_03_08']: tx=93.28% (11194/12000)
          rx=11 on seen_days=['2021_03_01', '2021_03_08']: tx=89.79% (10775/12000)
[BEST-JOINT]  val_tx=98.97% & test_tx=89.80% @ E094
[CKPT]  latest -> finalist_runs/B2_A2_light_seed1337/latest_model.pth (saved) | best -> finalist_runs/B2_A2_light_seed1337/best_model_val.pth
====================================================================================================================================
[SAT-TEST] scenario=clear_leo selected=test_unseen_day_unseen_rx overall_tx=43.42% strict_udu=43.42% (26051/60000)
[SAT-TEST] scenario=low_elev_leo selected=test_unseen_day_unseen_rx overall_tx=43.84% strict_udu=43.84% (26305/60000)
[SAT-TEST] scenario=rain_leo selected=test_unseen_day_unseen_rx overall_tx=41.23% strict_udu=41.23% (24740/60000)
[SAT-TEST] scenario=storm_mp selected=test_unseen_day_unseen_rx overall_tx=37.35% strict_udu=37.35% (22413/60000)
[SAT-TEST] scenario=mixed_orbit selected=test_unseen_day_unseen_rx overall_tx=39.47% strict_udu=39.47% (23679/60000)
[BEST-TEST] overall=89.87% @ E086 -> finalist_runs/B2_A2_light_seed1337/best_model_test_overall.pth | unseen_day_unseen_rx=85.39% @ E086 -> finalist_runs/B2_A2_light_seed1337/best_model_strict_udu.pth | unseen_day_seen_rx=94.24% @ E080 | seen_day_unseen_rx=89.89% @ E064
[BEST-PRIMARY] score=86.96 @ E086 -> finalist_runs/B2_A2_light_seed1337/best_model_primary_ood.pth | overall=89.87% strict_udu=85.39%
[BEST-WORST-RX] worst_rx=83.56% (test_rx_8) @ E061 -> finalist_runs/B2_A2_light_seed1337/best_model_worst_rx.pth
====================================================================================================================================
[Epoch 106/200] time=88.3s | lr=9.11e-05 | aux_scale=1.000
[STAGE] phase=S3_refine_aux | use_aux=1.0 cons=1.00 cls_aux=1.00 reg=1.00 joint_inv=0.30 kl=0.60 group_ce=1.00
[MIXSTYLE-EPOCH] phase=base enabled=1 p=0.150 strength=0.650 anneal_t=0.000
[AUG] scale=0.350 | p_dac=0.000 p_pa=0.049 p_shift=0.122 p_cfo=0.122 p_awgn=0.140 p_mp=0.063 | max_shift=11 cfo_max=0.00014 pn_max=0.0021
------------------------------------------------------------------------------------------------------------------------------------
[LOSS-CORE] total=4.2564 cls=1.6009 dom=0.4148 adv=2.6252 orth=0.0022 cons=0.1824 group_ce=2.6823
[LOSS-AUX]  cls_pa=1.3149 cls_dac=0.0000 pa_joint_inv=0.2227 pa_kl=1.1223 dac_reg=0.0000 pa_reg=0.0144 gap_dac=0.0000 gap_pa=0.2696 cos_joint_pa=0.7773 cos_imp_pa=nan
[LOSS-SAT]  cls_sat=9.5999 sat_cons=0.7268 sat_cos=0.2732
[LOSS-DG]   proto=0.0000 proto_cos=nan supcon=0.0000 fishr=0.0015 sgc_res=0.0000
[LOSS-CAL]  ecc=0.0000 ecc_w=0.0000 ecc_tau=0.9500 ecc_maxp=nan
[TRAIN] tx=87.22% dom=84.82% cons_cos=0.8176
[GRAD]  total=1.737 backbone=1.000 aux=0.750 domain=0.440
[VAL]   tx=98.82% dom=94.74%
[TEST]  overall_tx=89.03% (181621/204000)
[TEST-SPLIT]
          unseen_day_seen_rx(days=['2021_03_15', '2021_03_23'], rxs=[0, 1, 2, 3, 4, 5, 6]): tx=92.72% (77888/84000)
          seen_day_unseen_rx(days=['2021_03_01', '2021_03_08'], rxs=[7, 8, 9, 10, 11]): tx=88.24% (52942/60000)
          unseen_day_unseen_rx(days=['2021_03_15', '2021_03_23'], rxs=[7, 8, 9, 10, 11]): tx=84.65% (50791/60000)
          day=2021_03_15 on seen_rxs=[0, 1, 2, 3, 4, 5, 6]: tx=95.21% (39990/42000)
          day=2021_03_23 on seen_rxs=[0, 1, 2, 3, 4, 5, 6]: tx=90.23% (37898/42000)
          rx=7 on seen_days=['2021_03_01', '2021_03_08']: tx=79.49% (9539/12000)
          rx=8 on seen_days=['2021_03_01', '2021_03_08']: tx=84.69% (10163/12000)
          rx=9 on seen_days=['2021_03_01', '2021_03_08']: tx=90.22% (10827/12000)
          rx=10 on seen_days=['2021_03_01', '2021_03_08']: tx=92.01% (11041/12000)
          rx=11 on seen_days=['2021_03_01', '2021_03_08']: tx=94.77% (11372/12000)
[BEST-JOINT]  val_tx=98.97% & test_tx=89.80% @ E094
[CKPT]  latest -> finalist_runs/B2_A2_light_seed1337/latest_model.pth (saved) | best -> finalist_runs/B2_A2_light_seed1337/best_model_val.pth
====================================================================================================================================
[SAT-TEST] scenario=clear_leo selected=test_unseen_day_unseen_rx overall_tx=43.69% strict_udu=43.69% (26213/60000)
[SAT-TEST] scenario=low_elev_leo selected=test_unseen_day_unseen_rx overall_tx=44.42% strict_udu=44.42% (26655/60000)
[SAT-TEST] scenario=rain_leo selected=test_unseen_day_unseen_rx overall_tx=41.51% strict_udu=41.51% (24905/60000)
[SAT-TEST] scenario=storm_mp selected=test_unseen_day_unseen_rx overall_tx=37.29% strict_udu=37.29% (22375/60000)
[SAT-TEST] scenario=mixed_orbit selected=test_unseen_day_unseen_rx overall_tx=40.33% strict_udu=40.33% (24195/60000)
[BEST-TEST] overall=89.87% @ E086 -> finalist_runs/B2_A2_light_seed1337/best_model_test_overall.pth | unseen_day_unseen_rx=85.39% @ E086 -> finalist_runs/B2_A2_light_seed1337/best_model_strict_udu.pth | unseen_day_seen_rx=94.24% @ E080 | seen_day_unseen_rx=89.89% @ E064
[BEST-PRIMARY] score=86.96 @ E086 -> finalist_runs/B2_A2_light_seed1337/best_model_primary_ood.pth | overall=89.87% strict_udu=85.39%
[BEST-WORST-RX] worst_rx=83.56% (test_rx_8) @ E061 -> finalist_runs/B2_A2_light_seed1337/best_model_worst_rx.pth
====================================================================================================================================
[Epoch 107/200] time=86.4s | lr=8.96e-05 | aux_scale=1.000
[STAGE] phase=S3_refine_aux | use_aux=1.0 cons=1.00 cls_aux=1.00 reg=1.00 joint_inv=0.30 kl=0.60 group_ce=1.00
[MIXSTYLE-EPOCH] phase=base enabled=1 p=0.150 strength=0.650 anneal_t=0.000
[AUG] scale=0.350 | p_dac=0.000 p_pa=0.049 p_shift=0.122 p_cfo=0.122 p_awgn=0.140 p_mp=0.063 | max_shift=11 cfo_max=0.00014 pn_max=0.0021
------------------------------------------------------------------------------------------------------------------------------------
[LOSS-CORE] total=4.5776 cls=1.8405 dom=0.4505 adv=2.6217 orth=0.0021 cons=0.1967 group_ce=3.0130
[LOSS-AUX]  cls_pa=1.3796 cls_dac=0.0000 pa_joint_inv=0.2237 pa_kl=1.1724 dac_reg=0.0000 pa_reg=0.0143 gap_dac=0.0000 gap_pa=0.2740 cos_joint_pa=0.7763 cos_imp_pa=nan
[LOSS-SAT]  cls_sat=9.5952 sat_cons=0.7182 sat_cos=0.2818
[LOSS-DG]   proto=0.0000 proto_cos=nan supcon=0.0000 fishr=0.0018 sgc_res=0.0000
[LOSS-CAL]  ecc=0.0000 ecc_w=0.0000 ecc_tau=0.9500 ecc_maxp=nan
[TRAIN] tx=85.70% dom=83.70% cons_cos=0.8033
[GRAD]  total=1.623 backbone=1.000 aux=0.750 domain=0.429
[VAL]   tx=98.72% dom=95.44%
[TEST]  overall_tx=88.61% (180768/204000)
[TEST-SPLIT]
          unseen_day_seen_rx(days=['2021_03_15', '2021_03_23'], rxs=[0, 1, 2, 3, 4, 5, 6]): tx=92.70% (77870/84000)
          seen_day_unseen_rx(days=['2021_03_01', '2021_03_08'], rxs=[7, 8, 9, 10, 11]): tx=87.53% (52519/60000)
          unseen_day_unseen_rx(days=['2021_03_15', '2021_03_23'], rxs=[7, 8, 9, 10, 11]): tx=83.97% (50379/60000)
          day=2021_03_15 on seen_rxs=[0, 1, 2, 3, 4, 5, 6]: tx=95.40% (40066/42000)
          day=2021_03_23 on seen_rxs=[0, 1, 2, 3, 4, 5, 6]: tx=90.01% (37804/42000)
          rx=7 on seen_days=['2021_03_01', '2021_03_08']: tx=80.24% (9629/12000)
          rx=8 on seen_days=['2021_03_01', '2021_03_08']: tx=82.59% (9911/12000)
          rx=9 on seen_days=['2021_03_01', '2021_03_08']: tx=89.51% (10741/12000)
          rx=10 on seen_days=['2021_03_01', '2021_03_08']: tx=93.67% (11241/12000)
          rx=11 on seen_days=['2021_03_01', '2021_03_08']: tx=91.64% (10997/12000)
[BEST-JOINT]  val_tx=98.97% & test_tx=89.80% @ E094
[CKPT]  latest -> finalist_runs/B2_A2_light_seed1337/latest_model.pth (saved) | best -> finalist_runs/B2_A2_light_seed1337/best_model_val.pth
====================================================================================================================================
[SAT-TEST] scenario=clear_leo selected=test_unseen_day_unseen_rx overall_tx=42.87% strict_udu=42.87% (25724/60000)
[SAT-TEST] scenario=low_elev_leo selected=test_unseen_day_unseen_rx overall_tx=43.57% strict_udu=43.57% (26141/60000)
[SAT-TEST] scenario=rain_leo selected=test_unseen_day_unseen_rx overall_tx=40.89% strict_udu=40.89% (24534/60000)
[SAT-TEST] scenario=storm_mp selected=test_unseen_day_unseen_rx overall_tx=36.56% strict_udu=36.56% (21936/60000)
[SAT-TEST] scenario=mixed_orbit selected=test_unseen_day_unseen_rx overall_tx=38.72% strict_udu=38.72% (23229/60000)
[BEST-TEST] overall=89.87% @ E086 -> finalist_runs/B2_A2_light_seed1337/best_model_test_overall.pth | unseen_day_unseen_rx=85.39% @ E086 -> finalist_runs/B2_A2_light_seed1337/best_model_strict_udu.pth | unseen_day_seen_rx=94.24% @ E080 | seen_day_unseen_rx=89.89% @ E064
[BEST-PRIMARY] score=86.96 @ E086 -> finalist_runs/B2_A2_light_seed1337/best_model_primary_ood.pth | overall=89.87% strict_udu=85.39%
[BEST-WORST-RX] worst_rx=83.56% (test_rx_8) @ E061 -> finalist_runs/B2_A2_light_seed1337/best_model_worst_rx.pth
====================================================================================================================================
[Epoch 108/200] time=86.9s | lr=8.80e-05 | aux_scale=1.000
[STAGE] phase=S3_refine_aux | use_aux=1.0 cons=1.00 cls_aux=1.00 reg=1.00 joint_inv=0.30 kl=0.60 group_ce=1.00
[MIXSTYLE-EPOCH] phase=base enabled=1 p=0.150 strength=0.650 anneal_t=0.000
[AUG] scale=0.350 | p_dac=0.000 p_pa=0.049 p_shift=0.122 p_cfo=0.122 p_awgn=0.140 p_mp=0.063 | max_shift=11 cfo_max=0.00014 pn_max=0.0021
------------------------------------------------------------------------------------------------------------------------------------
[LOSS-CORE] total=3.8075 cls=1.2746 dom=0.3336 adv=2.6190 orth=0.0022 cons=0.1797 group_ce=2.3197
[LOSS-AUX]  cls_pa=1.3166 cls_dac=0.0000 pa_joint_inv=0.2252 pa_kl=1.1322 dac_reg=0.0000 pa_reg=0.0145 gap_dac=0.0000 gap_pa=0.2767 cos_joint_pa=0.7748 cos_imp_pa=nan
[LOSS-SAT]  cls_sat=9.5442 sat_cons=0.7330 sat_cos=0.2670
[LOSS-DG]   proto=0.0000 proto_cos=nan supcon=0.0000 fishr=0.0013 sgc_res=0.0000
[LOSS-CAL]  ecc=0.0000 ecc_w=0.0000 ecc_tau=0.9500 ecc_maxp=nan
[TRAIN] tx=89.89% dom=87.49% cons_cos=0.8203
[GRAD]  total=1.613 backbone=1.000 aux=0.750 domain=0.413
[VAL]   tx=98.84% dom=95.32%
[TEST]  overall_tx=89.42% (182420/204000)
[TEST-SPLIT]
          unseen_day_seen_rx(days=['2021_03_15', '2021_03_23'], rxs=[0, 1, 2, 3, 4, 5, 6]): tx=93.17% (78264/84000)
          seen_day_unseen_rx(days=['2021_03_01', '2021_03_08'], rxs=[7, 8, 9, 10, 11]): tx=88.64% (53187/60000)
          unseen_day_unseen_rx(days=['2021_03_15', '2021_03_23'], rxs=[7, 8, 9, 10, 11]): tx=84.95% (50969/60000)
          day=2021_03_15 on seen_rxs=[0, 1, 2, 3, 4, 5, 6]: tx=95.65% (40171/42000)
          day=2021_03_23 on seen_rxs=[0, 1, 2, 3, 4, 5, 6]: tx=90.70% (38093/42000)
          rx=7 on seen_days=['2021_03_01', '2021_03_08']: tx=81.12% (9735/12000)
          rx=8 on seen_days=['2021_03_01', '2021_03_08']: tx=84.17% (10100/12000)
          rx=9 on seen_days=['2021_03_01', '2021_03_08']: tx=89.83% (10779/12000)
          rx=10 on seen_days=['2021_03_01', '2021_03_08']: tx=94.04% (11285/12000)
          rx=11 on seen_days=['2021_03_01', '2021_03_08']: tx=94.07% (11288/12000)
[BEST-JOINT]  val_tx=98.97% & test_tx=89.80% @ E094
[CKPT]  latest -> finalist_runs/B2_A2_light_seed1337/latest_model.pth (saved) | best -> finalist_runs/B2_A2_light_seed1337/best_model_val.pth
====================================================================================================================================
[SAT-TEST] scenario=clear_leo selected=test_unseen_day_unseen_rx overall_tx=43.90% strict_udu=43.90% (26338/60000)
[SAT-TEST] scenario=low_elev_leo selected=test_unseen_day_unseen_rx overall_tx=44.40% strict_udu=44.40% (26640/60000)
[SAT-TEST] scenario=rain_leo selected=test_unseen_day_unseen_rx overall_tx=41.66% strict_udu=41.66% (24994/60000)
[SAT-TEST] scenario=storm_mp selected=test_unseen_day_unseen_rx overall_tx=37.51% strict_udu=37.51% (22507/60000)
[SAT-TEST] scenario=mixed_orbit selected=test_unseen_day_unseen_rx overall_tx=39.98% strict_udu=39.98% (23990/60000)
[BEST-TEST] overall=89.87% @ E086 -> finalist_runs/B2_A2_light_seed1337/best_model_test_overall.pth | unseen_day_unseen_rx=85.39% @ E086 -> finalist_runs/B2_A2_light_seed1337/best_model_strict_udu.pth | unseen_day_seen_rx=94.24% @ E080 | seen_day_unseen_rx=89.89% @ E064
[BEST-PRIMARY] score=86.96 @ E086 -> finalist_runs/B2_A2_light_seed1337/best_model_primary_ood.pth | overall=89.87% strict_udu=85.39%
[BEST-WORST-RX] worst_rx=83.56% (test_rx_8) @ E061 -> finalist_runs/B2_A2_light_seed1337/best_model_worst_rx.pth
====================================================================================================================================
[Epoch 109/200] time=86.2s | lr=8.65e-05 | aux_scale=1.000
[STAGE] phase=S3_refine_aux | use_aux=1.0 cons=1.00 cls_aux=1.00 reg=1.00 joint_inv=0.30 kl=0.60 group_ce=1.00
[MIXSTYLE-EPOCH] phase=base enabled=1 p=0.150 strength=0.650 anneal_t=0.000
[AUG] scale=0.350 | p_dac=0.000 p_pa=0.049 p_shift=0.122 p_cfo=0.122 p_awgn=0.140 p_mp=0.063 | max_shift=11 cfo_max=0.00014 pn_max=0.0021
------------------------------------------------------------------------------------------------------------------------------------
[LOSS-CORE] total=3.8885 cls=1.3579 dom=0.3513 adv=2.6204 orth=0.0022 cons=0.1784 group_ce=2.3368
[LOSS-AUX]  cls_pa=1.2435 cls_dac=0.0000 pa_joint_inv=0.2229 pa_kl=1.0649 dac_reg=0.0000 pa_reg=0.0143 gap_dac=0.0000 gap_pa=0.2768 cos_joint_pa=0.7771 cos_imp_pa=nan
[LOSS-SAT]  cls_sat=9.4121 sat_cons=0.7234 sat_cos=0.2766
[LOSS-DG]   proto=0.0000 proto_cos=nan supcon=0.0000 fishr=0.0014 sgc_res=0.0000
[LOSS-CAL]  ecc=0.0000 ecc_w=0.0000 ecc_tau=0.9500 ecc_maxp=nan
[TRAIN] tx=89.38% dom=87.03% cons_cos=0.8216
[GRAD]  total=1.578 backbone=1.000 aux=0.750 domain=0.416
[VAL]   tx=98.46% dom=95.58%
[TEST]  overall_tx=88.68% (180900/204000)
[TEST-SPLIT]
          unseen_day_seen_rx(days=['2021_03_15', '2021_03_23'], rxs=[0, 1, 2, 3, 4, 5, 6]): tx=92.91% (78047/84000)
          seen_day_unseen_rx(days=['2021_03_01', '2021_03_08'], rxs=[7, 8, 9, 10, 11]): tx=87.66% (52596/60000)
          unseen_day_unseen_rx(days=['2021_03_15', '2021_03_23'], rxs=[7, 8, 9, 10, 11]): tx=83.76% (50257/60000)
          day=2021_03_15 on seen_rxs=[0, 1, 2, 3, 4, 5, 6]: tx=95.36% (40053/42000)
          day=2021_03_23 on seen_rxs=[0, 1, 2, 3, 4, 5, 6]: tx=90.46% (37994/42000)
          rx=7 on seen_days=['2021_03_01', '2021_03_08']: tx=82.60% (9912/12000)
          rx=8 on seen_days=['2021_03_01', '2021_03_08']: tx=80.93% (9712/12000)
          rx=9 on seen_days=['2021_03_01', '2021_03_08']: tx=89.40% (10728/12000)
          rx=10 on seen_days=['2021_03_01', '2021_03_08']: tx=93.64% (11237/12000)
          rx=11 on seen_days=['2021_03_01', '2021_03_08']: tx=91.72% (11007/12000)
[BEST-JOINT]  val_tx=98.97% & test_tx=89.80% @ E094
[CKPT]  latest -> finalist_runs/B2_A2_light_seed1337/latest_model.pth (saved) | best -> finalist_runs/B2_A2_light_seed1337/best_model_val.pth
====================================================================================================================================
[SAT-TEST] scenario=clear_leo selected=test_unseen_day_unseen_rx overall_tx=43.70% strict_udu=43.70% (26219/60000)
[SAT-TEST] scenario=low_elev_leo selected=test_unseen_day_unseen_rx overall_tx=44.42% strict_udu=44.42% (26652/60000)
[SAT-TEST] scenario=rain_leo selected=test_unseen_day_unseen_rx overall_tx=41.52% strict_udu=41.52% (24910/60000)
[SAT-TEST] scenario=storm_mp selected=test_unseen_day_unseen_rx overall_tx=37.55% strict_udu=37.55% (22529/60000)
[SAT-TEST] scenario=mixed_orbit selected=test_unseen_day_unseen_rx overall_tx=39.82% strict_udu=39.82% (23892/60000)
[BEST-TEST] overall=89.87% @ E086 -> finalist_runs/B2_A2_light_seed1337/best_model_test_overall.pth | unseen_day_unseen_rx=85.39% @ E086 -> finalist_runs/B2_A2_light_seed1337/best_model_strict_udu.pth | unseen_day_seen_rx=94.24% @ E080 | seen_day_unseen_rx=89.89% @ E064
[BEST-PRIMARY] score=86.96 @ E086 -> finalist_runs/B2_A2_light_seed1337/best_model_primary_ood.pth | overall=89.87% strict_udu=85.39%
[BEST-WORST-RX] worst_rx=83.56% (test_rx_8) @ E061 -> finalist_runs/B2_A2_light_seed1337/best_model_worst_rx.pth
====================================================================================================================================
[Epoch 110/200] time=86.0s | lr=8.49e-05 | aux_scale=1.000
[STAGE] phase=S3_refine_aux | use_aux=1.0 cons=1.00 cls_aux=1.00 reg=1.00 joint_inv=0.30 kl=0.60 group_ce=1.00
[MIXSTYLE-EPOCH] phase=base enabled=1 p=0.150 strength=0.650 anneal_t=0.000
[AUG] scale=0.350 | p_dac=0.000 p_pa=0.049 p_shift=0.122 p_cfo=0.122 p_awgn=0.140 p_mp=0.063 | max_shift=11 cfo_max=0.00014 pn_max=0.0021
------------------------------------------------------------------------------------------------------------------------------------
[LOSS-CORE] total=4.1178 cls=1.5086 dom=0.3932 adv=2.6205 orth=0.0023 cons=0.1906 group_ce=2.6591
[LOSS-AUX]  cls_pa=1.2580 cls_dac=0.0000 pa_joint_inv=0.2177 pa_kl=1.0763 dac_reg=0.0000 pa_reg=0.0146 gap_dac=0.0000 gap_pa=0.2753 cos_joint_pa=0.7823 cos_imp_pa=nan
[LOSS-SAT]  cls_sat=9.4261 sat_cons=0.7178 sat_cos=0.2822
[LOSS-DG]   proto=0.0000 proto_cos=nan supcon=0.0000 fishr=0.0015 sgc_res=0.0000
[LOSS-CAL]  ecc=0.0000 ecc_w=0.0000 ecc_tau=0.9500 ecc_maxp=nan
[TRAIN] tx=88.05% dom=85.69% cons_cos=0.8094
[GRAD]  total=1.684 backbone=1.000 aux=0.750 domain=0.431
[VAL]   tx=98.82% dom=95.47%
[TEST]  overall_tx=89.23% (182035/204000)
[TEST-SPLIT]
          unseen_day_seen_rx(days=['2021_03_15', '2021_03_23'], rxs=[0, 1, 2, 3, 4, 5, 6]): tx=93.53% (78565/84000)
          seen_day_unseen_rx(days=['2021_03_01', '2021_03_08'], rxs=[7, 8, 9, 10, 11]): tx=88.89% (53337/60000)
          unseen_day_unseen_rx(days=['2021_03_15', '2021_03_23'], rxs=[7, 8, 9, 10, 11]): tx=83.56% (50133/60000)
          day=2021_03_15 on seen_rxs=[0, 1, 2, 3, 4, 5, 6]: tx=96.00% (40320/42000)
          day=2021_03_23 on seen_rxs=[0, 1, 2, 3, 4, 5, 6]: tx=91.06% (38245/42000)
          rx=7 on seen_days=['2021_03_01', '2021_03_08']: tx=83.12% (9975/12000)
          rx=8 on seen_days=['2021_03_01', '2021_03_08']: tx=84.83% (10179/12000)
          rx=9 on seen_days=['2021_03_01', '2021_03_08']: tx=90.90% (10908/12000)
          rx=10 on seen_days=['2021_03_01', '2021_03_08']: tx=94.08% (11289/12000)
          rx=11 on seen_days=['2021_03_01', '2021_03_08']: tx=91.55% (10986/12000)
[BEST-JOINT]  val_tx=98.97% & test_tx=89.80% @ E094
[CKPT]  latest -> finalist_runs/B2_A2_light_seed1337/latest_model.pth (saved) | best -> finalist_runs/B2_A2_light_seed1337/best_model_val.pth
====================================================================================================================================
[SAT-TEST] scenario=clear_leo selected=test_unseen_day_unseen_rx overall_tx=44.50% strict_udu=44.50% (26702/60000)
[SAT-TEST] scenario=low_elev_leo selected=test_unseen_day_unseen_rx overall_tx=45.08% strict_udu=45.08% (27047/60000)
[SAT-TEST] scenario=rain_leo selected=test_unseen_day_unseen_rx overall_tx=42.34% strict_udu=42.34% (25406/60000)
[SAT-TEST] scenario=storm_mp selected=test_unseen_day_unseen_rx overall_tx=37.94% strict_udu=37.94% (22761/60000)
[SAT-TEST] scenario=mixed_orbit selected=test_unseen_day_unseen_rx overall_tx=39.93% strict_udu=39.93% (23956/60000)
[BEST-TEST] overall=89.87% @ E086 -> finalist_runs/B2_A2_light_seed1337/best_model_test_overall.pth | unseen_day_unseen_rx=85.39% @ E086 -> finalist_runs/B2_A2_light_seed1337/best_model_strict_udu.pth | unseen_day_seen_rx=94.24% @ E080 | seen_day_unseen_rx=89.89% @ E064
[BEST-PRIMARY] score=86.96 @ E086 -> finalist_runs/B2_A2_light_seed1337/best_model_primary_ood.pth | overall=89.87% strict_udu=85.39%
[BEST-WORST-RX] worst_rx=83.56% (test_rx_8) @ E061 -> finalist_runs/B2_A2_light_seed1337/best_model_worst_rx.pth
====================================================================================================================================
[Epoch 111/200] time=86.3s | lr=8.34e-05 | aux_scale=1.000
[STAGE] phase=S3_refine_aux | use_aux=1.0 cons=1.00 cls_aux=1.00 reg=1.00 joint_inv=0.30 kl=0.60 group_ce=1.00
[MIXSTYLE-EPOCH] phase=late_anneal enabled=1 p=0.147 strength=0.641 anneal_t=0.029
[AUG] scale=0.350 | p_dac=0.000 p_pa=0.049 p_shift=0.122 p_cfo=0.122 p_awgn=0.140 p_mp=0.063 | max_shift=11 cfo_max=0.00014 pn_max=0.0021
------------------------------------------------------------------------------------------------------------------------------------
[LOSS-CORE] total=4.4378 cls=1.7558 dom=0.4477 adv=2.6151 orth=0.0022 cons=0.1941 group_ce=2.9558
[LOSS-AUX]  cls_pa=1.2095 cls_dac=0.0000 pa_joint_inv=0.2182 pa_kl=1.0296 dac_reg=0.0000 pa_reg=0.0143 gap_dac=0.0000 gap_pa=0.2792 cos_joint_pa=0.7818 cos_imp_pa=nan
[LOSS-SAT]  cls_sat=9.4468 sat_cons=0.7157 sat_cos=0.2843
[LOSS-DG]   proto=0.0000 proto_cos=nan supcon=0.0000 fishr=0.0016 sgc_res=0.0000
[LOSS-CAL]  ecc=0.0000 ecc_w=0.0000 ecc_tau=0.9500 ecc_maxp=nan
[TRAIN] tx=85.99% dom=83.45% cons_cos=0.8059
[GRAD]  total=1.793 backbone=1.000 aux=0.750 domain=0.432
[VAL]   tx=98.81% dom=95.47%
[TEST]  overall_tx=89.11% (181791/204000)
[TEST-SPLIT]
          unseen_day_seen_rx(days=['2021_03_15', '2021_03_23'], rxs=[0, 1, 2, 3, 4, 5, 6]): tx=92.75% (77910/84000)
          seen_day_unseen_rx(days=['2021_03_01', '2021_03_08'], rxs=[7, 8, 9, 10, 11]): tx=88.63% (53176/60000)
          unseen_day_unseen_rx(days=['2021_03_15', '2021_03_23'], rxs=[7, 8, 9, 10, 11]): tx=84.51% (50705/60000)
          day=2021_03_15 on seen_rxs=[0, 1, 2, 3, 4, 5, 6]: tx=95.38% (40058/42000)
          day=2021_03_23 on seen_rxs=[0, 1, 2, 3, 4, 5, 6]: tx=90.12% (37852/42000)
          rx=7 on seen_days=['2021_03_01', '2021_03_08']: tx=81.31% (9757/12000)
          rx=8 on seen_days=['2021_03_01', '2021_03_08']: tx=84.56% (10147/12000)
          rx=9 on seen_days=['2021_03_01', '2021_03_08']: tx=90.24% (10829/12000)
          rx=10 on seen_days=['2021_03_01', '2021_03_08']: tx=92.77% (11132/12000)
          rx=11 on seen_days=['2021_03_01', '2021_03_08']: tx=94.26% (11311/12000)
[BEST-JOINT]  val_tx=98.97% & test_tx=89.80% @ E094
[CKPT]  latest -> finalist_runs/B2_A2_light_seed1337/latest_model.pth (saved) | best -> finalist_runs/B2_A2_light_seed1337/best_model_val.pth
====================================================================================================================================
[SAT-TEST] scenario=clear_leo selected=test_unseen_day_unseen_rx overall_tx=43.86% strict_udu=43.86% (26317/60000)
[SAT-TEST] scenario=low_elev_leo selected=test_unseen_day_unseen_rx overall_tx=44.58% strict_udu=44.58% (26747/60000)
[SAT-TEST] scenario=rain_leo selected=test_unseen_day_unseen_rx overall_tx=42.03% strict_udu=42.03% (25220/60000)
[SAT-TEST] scenario=storm_mp selected=test_unseen_day_unseen_rx overall_tx=37.68% strict_udu=37.68% (22608/60000)
[SAT-TEST] scenario=mixed_orbit selected=test_unseen_day_unseen_rx overall_tx=40.92% strict_udu=40.92% (24555/60000)
[BEST-TEST] overall=89.87% @ E086 -> finalist_runs/B2_A2_light_seed1337/best_model_test_overall.pth | unseen_day_unseen_rx=85.39% @ E086 -> finalist_runs/B2_A2_light_seed1337/best_model_strict_udu.pth | unseen_day_seen_rx=94.24% @ E080 | seen_day_unseen_rx=89.89% @ E064
[BEST-PRIMARY] score=86.96 @ E086 -> finalist_runs/B2_A2_light_seed1337/best_model_primary_ood.pth | overall=89.87% strict_udu=85.39%
[BEST-WORST-RX] worst_rx=83.56% (test_rx_8) @ E061 -> finalist_runs/B2_A2_light_seed1337/best_model_worst_rx.pth
====================================================================================================================================
[Epoch 112/200] time=85.7s | lr=8.19e-05 | aux_scale=1.000
[STAGE] phase=S3_refine_aux | use_aux=1.0 cons=1.00 cls_aux=1.00 reg=1.00 joint_inv=0.30 kl=0.60 group_ce=1.00
[MIXSTYLE-EPOCH] phase=late_anneal enabled=1 p=0.144 strength=0.633 anneal_t=0.057
[AUG] scale=0.350 | p_dac=0.000 p_pa=0.049 p_shift=0.122 p_cfo=0.122 p_awgn=0.140 p_mp=0.063 | max_shift=11 cfo_max=0.00014 pn_max=0.0021
------------------------------------------------------------------------------------------------------------------------------------
[LOSS-CORE] total=3.7254 cls=1.2165 dom=0.3407 adv=2.6211 orth=0.0022 cons=0.1738 group_ce=2.2022
[LOSS-AUX]  cls_pa=1.2502 cls_dac=0.0000 pa_joint_inv=0.2213 pa_kl=1.0611 dac_reg=0.0000 pa_reg=0.0144 gap_dac=0.0000 gap_pa=0.2755 cos_joint_pa=0.7787 cos_imp_pa=nan
[LOSS-SAT]  cls_sat=9.4326 sat_cons=0.7298 sat_cos=0.2702
[LOSS-DG]   proto=0.0000 proto_cos=nan supcon=0.0000 fishr=0.0012 sgc_res=0.0000
[LOSS-CAL]  ecc=0.0000 ecc_w=0.0000 ecc_tau=0.9500 ecc_maxp=nan
[TRAIN] tx=90.48% dom=87.39% cons_cos=0.8262
[GRAD]  total=1.696 backbone=1.000 aux=0.750 domain=0.415
[VAL]   tx=98.88% dom=95.58%
[TEST]  overall_tx=89.22% (182019/204000)
[TEST-SPLIT]
          unseen_day_seen_rx(days=['2021_03_15', '2021_03_23'], rxs=[0, 1, 2, 3, 4, 5, 6]): tx=93.05% (78160/84000)
          seen_day_unseen_rx(days=['2021_03_01', '2021_03_08'], rxs=[7, 8, 9, 10, 11]): tx=88.62% (53175/60000)
          unseen_day_unseen_rx(days=['2021_03_15', '2021_03_23'], rxs=[7, 8, 9, 10, 11]): tx=84.47% (50684/60000)
          day=2021_03_15 on seen_rxs=[0, 1, 2, 3, 4, 5, 6]: tx=95.58% (40144/42000)
          day=2021_03_23 on seen_rxs=[0, 1, 2, 3, 4, 5, 6]: tx=90.51% (38016/42000)
          rx=7 on seen_days=['2021_03_01', '2021_03_08']: tx=81.98% (9838/12000)
          rx=8 on seen_days=['2021_03_01', '2021_03_08']: tx=82.62% (9914/12000)
          rx=9 on seen_days=['2021_03_01', '2021_03_08']: tx=90.49% (10859/12000)
          rx=10 on seen_days=['2021_03_01', '2021_03_08']: tx=93.62% (11235/12000)
          rx=11 on seen_days=['2021_03_01', '2021_03_08']: tx=94.41% (11329/12000)
[BEST-JOINT]  val_tx=98.97% & test_tx=89.80% @ E094
[CKPT]  latest -> finalist_runs/B2_A2_light_seed1337/latest_model.pth (saved) | best -> finalist_runs/B2_A2_light_seed1337/best_model_val.pth
====================================================================================================================================
[SAT-TEST] scenario=clear_leo selected=test_unseen_day_unseen_rx overall_tx=44.08% strict_udu=44.08% (26450/60000)
[SAT-TEST] scenario=low_elev_leo selected=test_unseen_day_unseen_rx overall_tx=44.47% strict_udu=44.47% (26680/60000)
[SAT-TEST] scenario=rain_leo selected=test_unseen_day_unseen_rx overall_tx=42.02% strict_udu=42.02% (25215/60000)
[SAT-TEST] scenario=storm_mp selected=test_unseen_day_unseen_rx overall_tx=37.81% strict_udu=37.81% (22686/60000)
[SAT-TEST] scenario=mixed_orbit selected=test_unseen_day_unseen_rx overall_tx=40.77% strict_udu=40.77% (24464/60000)
[BEST-TEST] overall=89.87% @ E086 -> finalist_runs/B2_A2_light_seed1337/best_model_test_overall.pth | unseen_day_unseen_rx=85.39% @ E086 -> finalist_runs/B2_A2_light_seed1337/best_model_strict_udu.pth | unseen_day_seen_rx=94.24% @ E080 | seen_day_unseen_rx=89.89% @ E064
[BEST-PRIMARY] score=86.96 @ E086 -> finalist_runs/B2_A2_light_seed1337/best_model_primary_ood.pth | overall=89.87% strict_udu=85.39%
[BEST-WORST-RX] worst_rx=83.56% (test_rx_8) @ E061 -> finalist_runs/B2_A2_light_seed1337/best_model_worst_rx.pth
====================================================================================================================================
[Epoch 113/200] time=85.8s | lr=8.03e-05 | aux_scale=1.000
[STAGE] phase=S3_refine_aux | use_aux=1.0 cons=1.00 cls_aux=1.00 reg=1.00 joint_inv=0.30 kl=0.60 group_ce=1.00
[MIXSTYLE-EPOCH] phase=late_anneal enabled=1 p=0.141 strength=0.624 anneal_t=0.086
[AUG] scale=0.350 | p_dac=0.000 p_pa=0.049 p_shift=0.122 p_cfo=0.122 p_awgn=0.140 p_mp=0.063 | max_shift=11 cfo_max=0.00014 pn_max=0.0021
------------------------------------------------------------------------------------------------------------------------------------
[LOSS-CORE] total=3.9373 cls=1.3803 dom=0.3617 adv=2.6257 orth=0.0022 cons=0.1689 group_ce=2.3182
[LOSS-AUX]  cls_pa=1.2827 cls_dac=0.0000 pa_joint_inv=0.2199 pa_kl=1.0961 dac_reg=0.0000 pa_reg=0.0145 gap_dac=0.0000 gap_pa=0.2726 cos_joint_pa=0.7801 cos_imp_pa=nan
[LOSS-SAT]  cls_sat=9.5661 sat_cons=0.7414 sat_cos=0.2586
[LOSS-DG]   proto=0.0000 proto_cos=nan supcon=0.0000 fishr=0.0013 sgc_res=0.0000
[LOSS-CAL]  ecc=0.0000 ecc_w=0.0000 ecc_tau=0.9500 ecc_maxp=nan
[TRAIN] tx=89.33% dom=86.84% cons_cos=0.8311
[GRAD]  total=1.591 backbone=1.000 aux=0.750 domain=0.417
[VAL]   tx=98.96% dom=95.53%
[TEST]  overall_tx=88.52% (180571/204000)
[TEST-SPLIT]
          unseen_day_seen_rx(days=['2021_03_15', '2021_03_23'], rxs=[0, 1, 2, 3, 4, 5, 6]): tx=93.13% (78227/84000)
          seen_day_unseen_rx(days=['2021_03_01', '2021_03_08'], rxs=[7, 8, 9, 10, 11]): tx=87.89% (52731/60000)
          unseen_day_unseen_rx(days=['2021_03_15', '2021_03_23'], rxs=[7, 8, 9, 10, 11]): tx=82.69% (49613/60000)
          day=2021_03_15 on seen_rxs=[0, 1, 2, 3, 4, 5, 6]: tx=95.51% (40116/42000)
          day=2021_03_23 on seen_rxs=[0, 1, 2, 3, 4, 5, 6]: tx=90.74% (38111/42000)
          rx=7 on seen_days=['2021_03_01', '2021_03_08']: tx=81.16% (9739/12000)
          rx=8 on seen_days=['2021_03_01', '2021_03_08']: tx=83.12% (9974/12000)
          rx=9 on seen_days=['2021_03_01', '2021_03_08']: tx=90.78% (10893/12000)
          rx=10 on seen_days=['2021_03_01', '2021_03_08']: tx=93.11% (11173/12000)
          rx=11 on seen_days=['2021_03_01', '2021_03_08']: tx=91.27% (10952/12000)
[BEST-JOINT]  val_tx=98.97% & test_tx=89.80% @ E094
[CKPT]  latest -> finalist_runs/B2_A2_light_seed1337/latest_model.pth (saved) | best -> finalist_runs/B2_A2_light_seed1337/best_model_val.pth
====================================================================================================================================
[SAT-TEST] scenario=clear_leo selected=test_unseen_day_unseen_rx overall_tx=43.95% strict_udu=43.95% (26372/60000)
[SAT-TEST] scenario=low_elev_leo selected=test_unseen_day_unseen_rx overall_tx=44.46% strict_udu=44.46% (26674/60000)
[SAT-TEST] scenario=rain_leo selected=test_unseen_day_unseen_rx overall_tx=42.12% strict_udu=42.12% (25269/60000)
[SAT-TEST] scenario=storm_mp selected=test_unseen_day_unseen_rx overall_tx=37.96% strict_udu=37.96% (22774/60000)
[SAT-TEST] scenario=mixed_orbit selected=test_unseen_day_unseen_rx overall_tx=39.44% strict_udu=39.44% (23663/60000)
[BEST-TEST] overall=89.87% @ E086 -> finalist_runs/B2_A2_light_seed1337/best_model_test_overall.pth | unseen_day_unseen_rx=85.39% @ E086 -> finalist_runs/B2_A2_light_seed1337/best_model_strict_udu.pth | unseen_day_seen_rx=94.24% @ E080 | seen_day_unseen_rx=89.89% @ E064
[BEST-PRIMARY] score=86.96 @ E086 -> finalist_runs/B2_A2_light_seed1337/best_model_primary_ood.pth | overall=89.87% strict_udu=85.39%
[BEST-WORST-RX] worst_rx=83.56% (test_rx_8) @ E061 -> finalist_runs/B2_A2_light_seed1337/best_model_worst_rx.pth
====================================================================================================================================
[Epoch 114/200] time=91.2s | lr=7.88e-05 | aux_scale=1.000
[STAGE] phase=S3_refine_aux | use_aux=1.0 cons=1.00 cls_aux=1.00 reg=1.00 joint_inv=0.30 kl=0.60 group_ce=1.00
[MIXSTYLE-EPOCH] phase=late_anneal enabled=1 p=0.139 strength=0.616 anneal_t=0.114
[AUG] scale=0.350 | p_dac=0.000 p_pa=0.049 p_shift=0.122 p_cfo=0.122 p_awgn=0.140 p_mp=0.063 | max_shift=11 cfo_max=0.00014 pn_max=0.0021
------------------------------------------------------------------------------------------------------------------------------------
[LOSS-CORE] total=3.7474 cls=1.2305 dom=0.3349 adv=2.6176 orth=0.0024 cons=0.1767 group_ce=2.2324
[LOSS-AUX]  cls_pa=1.2922 cls_dac=0.0000 pa_joint_inv=0.2185 pa_kl=1.1092 dac_reg=0.0000 pa_reg=0.0146 gap_dac=0.0000 gap_pa=0.2730 cos_joint_pa=0.7815 cos_imp_pa=nan
[LOSS-SAT]  cls_sat=9.4948 sat_cons=0.7344 sat_cos=0.2656
[LOSS-DG]   proto=0.0000 proto_cos=nan supcon=0.0000 fishr=0.0013 sgc_res=0.0000
[LOSS-CAL]  ecc=0.0000 ecc_w=0.0000 ecc_tau=0.9500 ecc_maxp=nan
[TRAIN] tx=90.38% dom=87.55% cons_cos=0.8233
[GRAD]  total=1.613 backbone=1.000 aux=0.750 domain=0.420
[VAL]   tx=98.78% dom=95.60%
[TEST]  overall_tx=88.41% (180366/204000)
[TEST-SPLIT]
          unseen_day_seen_rx(days=['2021_03_15', '2021_03_23'], rxs=[0, 1, 2, 3, 4, 5, 6]): tx=92.20% (77448/84000)
          seen_day_unseen_rx(days=['2021_03_01', '2021_03_08'], rxs=[7, 8, 9, 10, 11]): tx=87.59% (52554/60000)
          unseen_day_unseen_rx(days=['2021_03_15', '2021_03_23'], rxs=[7, 8, 9, 10, 11]): tx=83.94% (50364/60000)
          day=2021_03_15 on seen_rxs=[0, 1, 2, 3, 4, 5, 6]: tx=93.85% (39419/42000)
          day=2021_03_23 on seen_rxs=[0, 1, 2, 3, 4, 5, 6]: tx=90.55% (38029/42000)
          rx=7 on seen_days=['2021_03_01', '2021_03_08']: tx=80.32% (9638/12000)
          rx=8 on seen_days=['2021_03_01', '2021_03_08']: tx=82.93% (9952/12000)
          rx=9 on seen_days=['2021_03_01', '2021_03_08']: tx=89.72% (10767/12000)
          rx=10 on seen_days=['2021_03_01', '2021_03_08']: tx=92.72% (11127/12000)
          rx=11 on seen_days=['2021_03_01', '2021_03_08']: tx=92.25% (11070/12000)
[BEST-JOINT]  val_tx=98.97% & test_tx=89.80% @ E094
[CKPT]  latest -> finalist_runs/B2_A2_light_seed1337/latest_model.pth (saved) | best -> finalist_runs/B2_A2_light_seed1337/best_model_val.pth
====================================================================================================================================
[SAT-TEST] scenario=clear_leo selected=test_unseen_day_unseen_rx overall_tx=42.32% strict_udu=42.32% (25394/60000)
[SAT-TEST] scenario=low_elev_leo selected=test_unseen_day_unseen_rx overall_tx=42.73% strict_udu=42.73% (25639/60000)
[SAT-TEST] scenario=rain_leo selected=test_unseen_day_unseen_rx overall_tx=40.37% strict_udu=40.37% (24221/60000)
[SAT-TEST] scenario=storm_mp selected=test_unseen_day_unseen_rx overall_tx=36.51% strict_udu=36.51% (21904/60000)
[SAT-TEST] scenario=mixed_orbit selected=test_unseen_day_unseen_rx overall_tx=38.92% strict_udu=38.92% (23350/60000)
[BEST-TEST] overall=89.87% @ E086 -> finalist_runs/B2_A2_light_seed1337/best_model_test_overall.pth | unseen_day_unseen_rx=85.39% @ E086 -> finalist_runs/B2_A2_light_seed1337/best_model_strict_udu.pth | unseen_day_seen_rx=94.24% @ E080 | seen_day_unseen_rx=89.89% @ E064
[BEST-PRIMARY] score=86.96 @ E086 -> finalist_runs/B2_A2_light_seed1337/best_model_primary_ood.pth | overall=89.87% strict_udu=85.39%
[BEST-WORST-RX] worst_rx=83.56% (test_rx_8) @ E061 -> finalist_runs/B2_A2_light_seed1337/best_model_worst_rx.pth
====================================================================================================================================
[Epoch 115/200] time=87.2s | lr=7.73e-05 | aux_scale=1.000
[STAGE] phase=S3_refine_aux | use_aux=1.0 cons=1.00 cls_aux=1.00 reg=1.00 joint_inv=0.30 kl=0.60 group_ce=1.00
[MIXSTYLE-EPOCH] phase=late_anneal enabled=1 p=0.136 strength=0.607 anneal_t=0.143
[AUG] scale=0.350 | p_dac=0.000 p_pa=0.049 p_shift=0.122 p_cfo=0.122 p_awgn=0.140 p_mp=0.063 | max_shift=11 cfo_max=0.00014 pn_max=0.0021
------------------------------------------------------------------------------------------------------------------------------------
[LOSS-CORE] total=4.2418 cls=1.5910 dom=0.4333 adv=2.6202 orth=0.0025 cons=0.1880 group_ce=2.6540
[LOSS-AUX]  cls_pa=1.2732 cls_dac=0.0000 pa_joint_inv=0.2204 pa_kl=1.0993 dac_reg=0.0000 pa_reg=0.0146 gap_dac=0.0000 gap_pa=0.2774 cos_joint_pa=0.7796 cos_imp_pa=nan
[LOSS-SAT]  cls_sat=9.4027 sat_cons=0.7209 sat_cos=0.2791
[LOSS-DG]   proto=0.0000 proto_cos=nan supcon=0.0000 fishr=0.0015 sgc_res=0.0000
[LOSS-CAL]  ecc=0.0000 ecc_w=0.0000 ecc_tau=0.9500 ecc_maxp=nan
[TRAIN] tx=87.59% dom=84.42% cons_cos=0.8120
[GRAD]  total=1.892 backbone=1.000 aux=0.750 domain=0.427
[VAL]   tx=98.88% dom=95.53%
[TEST]  overall_tx=89.77% (183124/204000)
[TEST-SPLIT]
          unseen_day_seen_rx(days=['2021_03_15', '2021_03_23'], rxs=[0, 1, 2, 3, 4, 5, 6]): tx=93.28% (78357/84000)
          seen_day_unseen_rx(days=['2021_03_01', '2021_03_08'], rxs=[7, 8, 9, 10, 11]): tx=89.36% (53617/60000)
          unseen_day_unseen_rx(days=['2021_03_15', '2021_03_23'], rxs=[7, 8, 9, 10, 11]): tx=85.25% (51150/60000)
          day=2021_03_15 on seen_rxs=[0, 1, 2, 3, 4, 5, 6]: tx=94.72% (39781/42000)
          day=2021_03_23 on seen_rxs=[0, 1, 2, 3, 4, 5, 6]: tx=91.85% (38576/42000)
          rx=7 on seen_days=['2021_03_01', '2021_03_08']: tx=83.35% (10002/12000)
          rx=8 on seen_days=['2021_03_01', '2021_03_08']: tx=84.75% (10170/12000)
          rx=9 on seen_days=['2021_03_01', '2021_03_08']: tx=89.88% (10785/12000)
          rx=10 on seen_days=['2021_03_01', '2021_03_08']: tx=92.62% (11114/12000)
          rx=11 on seen_days=['2021_03_01', '2021_03_08']: tx=96.22% (11546/12000)
[BEST-JOINT]  val_tx=98.97% & test_tx=89.80% @ E094
[CKPT]  latest -> finalist_runs/B2_A2_light_seed1337/latest_model.pth (saved) | best -> finalist_runs/B2_A2_light_seed1337/best_model_val.pth
====================================================================================================================================
[SAT-TEST] scenario=clear_leo selected=test_unseen_day_unseen_rx overall_tx=43.15% strict_udu=43.15% (25889/60000)
[SAT-TEST] scenario=low_elev_leo selected=test_unseen_day_unseen_rx overall_tx=43.12% strict_udu=43.12% (25874/60000)
[SAT-TEST] scenario=rain_leo selected=test_unseen_day_unseen_rx overall_tx=40.51% strict_udu=40.51% (24307/60000)
[SAT-TEST] scenario=storm_mp selected=test_unseen_day_unseen_rx overall_tx=36.97% strict_udu=36.97% (22184/60000)
[SAT-TEST] scenario=mixed_orbit selected=test_unseen_day_unseen_rx overall_tx=39.78% strict_udu=39.78% (23869/60000)
[BEST-TEST] overall=89.87% @ E086 -> finalist_runs/B2_A2_light_seed1337/best_model_test_overall.pth | unseen_day_unseen_rx=85.39% @ E086 -> finalist_runs/B2_A2_light_seed1337/best_model_strict_udu.pth | unseen_day_seen_rx=94.24% @ E080 | seen_day_unseen_rx=89.89% @ E064
[BEST-PRIMARY] score=86.96 @ E086 -> finalist_runs/B2_A2_light_seed1337/best_model_primary_ood.pth | overall=89.87% strict_udu=85.39%
[BEST-WORST-RX] worst_rx=83.56% (test_rx_8) @ E061 -> finalist_runs/B2_A2_light_seed1337/best_model_worst_rx.pth
====================================================================================================================================
[Epoch 116/200] time=87.9s | lr=7.58e-05 | aux_scale=1.000
[STAGE] phase=S3_refine_aux | use_aux=1.0 cons=1.00 cls_aux=1.00 reg=1.00 joint_inv=0.30 kl=0.60 group_ce=1.00
[MIXSTYLE-EPOCH] phase=late_anneal enabled=1 p=0.133 strength=0.599 anneal_t=0.171
[AUG] scale=0.350 | p_dac=0.000 p_pa=0.049 p_shift=0.122 p_cfo=0.122 p_awgn=0.140 p_mp=0.063 | max_shift=11 cfo_max=0.00014 pn_max=0.0021
------------------------------------------------------------------------------------------------------------------------------------
[LOSS-CORE] total=4.3486 cls=1.6955 dom=0.4291 adv=2.6258 orth=0.0025 cons=0.1800 group_ce=2.6851
[LOSS-AUX]  cls_pa=1.2756 cls_dac=0.0000 pa_joint_inv=0.2126 pa_kl=1.0820 dac_reg=0.0000 pa_reg=0.0145 gap_dac=0.0000 gap_pa=0.2744 cos_joint_pa=0.7874 cos_imp_pa=nan
[LOSS-SAT]  cls_sat=9.4301 sat_cons=0.7181 sat_cos=0.2819
[LOSS-DG]   proto=0.0000 proto_cos=nan supcon=0.0000 fishr=0.0015 sgc_res=0.0000
[LOSS-CAL]  ecc=0.0000 ecc_w=0.0000 ecc_tau=0.9500 ecc_maxp=nan
[TRAIN] tx=85.87% dom=84.58% cons_cos=0.8199
[GRAD]  total=1.648 backbone=1.000 aux=0.750 domain=0.427
[VAL]   tx=98.73% dom=95.62%
[TEST]  overall_tx=88.64% (180827/204000)
[TEST-SPLIT]
          unseen_day_seen_rx(days=['2021_03_15', '2021_03_23'], rxs=[0, 1, 2, 3, 4, 5, 6]): tx=92.89% (78024/84000)
          seen_day_unseen_rx(days=['2021_03_01', '2021_03_08'], rxs=[7, 8, 9, 10, 11]): tx=88.10% (52861/60000)
          unseen_day_unseen_rx(days=['2021_03_15', '2021_03_23'], rxs=[7, 8, 9, 10, 11]): tx=83.24% (49942/60000)
          day=2021_03_15 on seen_rxs=[0, 1, 2, 3, 4, 5, 6]: tx=95.13% (39955/42000)
          day=2021_03_23 on seen_rxs=[0, 1, 2, 3, 4, 5, 6]: tx=90.64% (38069/42000)
          rx=7 on seen_days=['2021_03_01', '2021_03_08']: tx=83.62% (10034/12000)
          rx=8 on seen_days=['2021_03_01', '2021_03_08']: tx=83.58% (10029/12000)
          rx=9 on seen_days=['2021_03_01', '2021_03_08']: tx=89.91% (10789/12000)
          rx=10 on seen_days=['2021_03_01', '2021_03_08']: tx=93.08% (11170/12000)
          rx=11 on seen_days=['2021_03_01', '2021_03_08']: tx=90.33% (10839/12000)
[BEST-JOINT]  val_tx=98.97% & test_tx=89.80% @ E094
[CKPT]  latest -> finalist_runs/B2_A2_light_seed1337/latest_model.pth (saved) | best -> finalist_runs/B2_A2_light_seed1337/best_model_val.pth
====================================================================================================================================
[SAT-TEST] scenario=clear_leo selected=test_unseen_day_unseen_rx overall_tx=43.39% strict_udu=43.39% (26036/60000)
[SAT-TEST] scenario=low_elev_leo selected=test_unseen_day_unseen_rx overall_tx=44.05% strict_udu=44.05% (26430/60000)
[SAT-TEST] scenario=rain_leo selected=test_unseen_day_unseen_rx overall_tx=41.29% strict_udu=41.29% (24772/60000)
[SAT-TEST] scenario=storm_mp selected=test_unseen_day_unseen_rx overall_tx=37.52% strict_udu=37.52% (22513/60000)
[SAT-TEST] scenario=mixed_orbit selected=test_unseen_day_unseen_rx overall_tx=39.98% strict_udu=39.98% (23990/60000)
[BEST-TEST] overall=89.87% @ E086 -> finalist_runs/B2_A2_light_seed1337/best_model_test_overall.pth | unseen_day_unseen_rx=85.39% @ E086 -> finalist_runs/B2_A2_light_seed1337/best_model_strict_udu.pth | unseen_day_seen_rx=94.24% @ E080 | seen_day_unseen_rx=89.89% @ E064
[BEST-PRIMARY] score=86.96 @ E086 -> finalist_runs/B2_A2_light_seed1337/best_model_primary_ood.pth | overall=89.87% strict_udu=85.39%
[BEST-WORST-RX] worst_rx=83.58% (test_rx_8) @ E116 -> finalist_runs/B2_A2_light_seed1337/best_model_worst_rx.pth
====================================================================================================================================
[Epoch 117/200] time=87.7s | lr=7.42e-05 | aux_scale=1.000
[STAGE] phase=S3_refine_aux | use_aux=1.0 cons=1.00 cls_aux=1.00 reg=1.00 joint_inv=0.30 kl=0.60 group_ce=1.00
[MIXSTYLE-EPOCH] phase=late_anneal enabled=1 p=0.130 strength=0.590 anneal_t=0.200
[AUG] scale=0.350 | p_dac=0.000 p_pa=0.049 p_shift=0.122 p_cfo=0.122 p_awgn=0.140 p_mp=0.063 | max_shift=11 cfo_max=0.00014 pn_max=0.0021
------------------------------------------------------------------------------------------------------------------------------------
[LOSS-CORE] total=4.0216 cls=1.4659 dom=0.3843 adv=2.6221 orth=0.0024 cons=0.1769 group_ce=2.4928
[LOSS-AUX]  cls_pa=1.1635 cls_dac=0.0000 pa_joint_inv=0.2085 pa_kl=0.9792 dac_reg=0.0000 pa_reg=0.0144 gap_dac=0.0000 gap_pa=0.2771 cos_joint_pa=0.7915 cos_imp_pa=nan
[LOSS-SAT]  cls_sat=9.2793 sat_cons=0.7109 sat_cos=0.2891
[LOSS-DG]   proto=0.0000 proto_cos=nan supcon=0.0000 fishr=0.0014 sgc_res=0.0000
[LOSS-CAL]  ecc=0.0000 ecc_w=0.0000 ecc_tau=0.9500 ecc_maxp=nan
[TRAIN] tx=88.18% dom=85.91% cons_cos=0.8231
[GRAD]  total=1.616 backbone=1.000 aux=0.750 domain=0.419
[VAL]   tx=98.25% dom=95.60%
[TEST]  overall_tx=87.47% (178437/204000)
[TEST-SPLIT]
          unseen_day_seen_rx(days=['2021_03_15', '2021_03_23'], rxs=[0, 1, 2, 3, 4, 5, 6]): tx=92.40% (77620/84000)
          seen_day_unseen_rx(days=['2021_03_01', '2021_03_08'], rxs=[7, 8, 9, 10, 11]): tx=85.84% (51505/60000)
          unseen_day_unseen_rx(days=['2021_03_15', '2021_03_23'], rxs=[7, 8, 9, 10, 11]): tx=82.19% (49312/60000)
          day=2021_03_15 on seen_rxs=[0, 1, 2, 3, 4, 5, 6]: tx=94.08% (39515/42000)
          day=2021_03_23 on seen_rxs=[0, 1, 2, 3, 4, 5, 6]: tx=90.73% (38105/42000)
          rx=7 on seen_days=['2021_03_01', '2021_03_08']: tx=80.58% (9670/12000)
          rx=8 on seen_days=['2021_03_01', '2021_03_08']: tx=82.05% (9846/12000)
          rx=9 on seen_days=['2021_03_01', '2021_03_08']: tx=87.92% (10550/12000)
          rx=10 on seen_days=['2021_03_01', '2021_03_08']: tx=91.81% (11017/12000)
          rx=11 on seen_days=['2021_03_01', '2021_03_08']: tx=86.85% (10422/12000)
[BEST-JOINT]  val_tx=98.97% & test_tx=89.80% @ E094
[CKPT]  latest -> finalist_runs/B2_A2_light_seed1337/latest_model.pth (saved) | best -> finalist_runs/B2_A2_light_seed1337/best_model_val.pth
====================================================================================================================================
[SAT-TEST] scenario=clear_leo selected=test_unseen_day_unseen_rx overall_tx=43.21% strict_udu=43.21% (25925/60000)
[SAT-TEST] scenario=low_elev_leo selected=test_unseen_day_unseen_rx overall_tx=44.37% strict_udu=44.37% (26621/60000)
[SAT-TEST] scenario=rain_leo selected=test_unseen_day_unseen_rx overall_tx=41.40% strict_udu=41.40% (24839/60000)
[SAT-TEST] scenario=storm_mp selected=test_unseen_day_unseen_rx overall_tx=37.16% strict_udu=37.16% (22297/60000)
[SAT-TEST] scenario=mixed_orbit selected=test_unseen_day_unseen_rx overall_tx=39.30% strict_udu=39.30% (23580/60000)
[BEST-TEST] overall=89.87% @ E086 -> finalist_runs/B2_A2_light_seed1337/best_model_test_overall.pth | unseen_day_unseen_rx=85.39% @ E086 -> finalist_runs/B2_A2_light_seed1337/best_model_strict_udu.pth | unseen_day_seen_rx=94.24% @ E080 | seen_day_unseen_rx=89.89% @ E064
[BEST-PRIMARY] score=86.96 @ E086 -> finalist_runs/B2_A2_light_seed1337/best_model_primary_ood.pth | overall=89.87% strict_udu=85.39%
[BEST-WORST-RX] worst_rx=83.58% (test_rx_8) @ E116 -> finalist_runs/B2_A2_light_seed1337/best_model_worst_rx.pth
====================================================================================================================================
[Epoch 118/200] time=89.9s | lr=7.27e-05 | aux_scale=1.000
[STAGE] phase=S3_refine_aux | use_aux=1.0 cons=1.00 cls_aux=1.00 reg=1.00 joint_inv=0.30 kl=0.60 group_ce=1.00
[MIXSTYLE-EPOCH] phase=late_anneal enabled=1 p=0.127 strength=0.581 anneal_t=0.229
[AUG] scale=0.350 | p_dac=0.000 p_pa=0.049 p_shift=0.122 p_cfo=0.122 p_awgn=0.140 p_mp=0.063 | max_shift=11 cfo_max=0.00014 pn_max=0.0021
------------------------------------------------------------------------------------------------------------------------------------
[LOSS-CORE] total=3.5790 cls=1.1276 dom=0.3175 adv=2.6213 orth=0.0026 cons=0.1693 group_ce=2.0060
[LOSS-AUX]  cls_pa=1.1766 cls_dac=0.0000 pa_joint_inv=0.2063 pa_kl=1.0010 dac_reg=0.0000 pa_reg=0.0152 gap_dac=0.0000 gap_pa=0.2671 cos_joint_pa=0.7937 cos_imp_pa=nan
[LOSS-SAT]  cls_sat=9.4561 sat_cons=0.7337 sat_cos=0.2663
[LOSS-DG]   proto=0.0000 proto_cos=nan supcon=0.0000 fishr=0.0011 sgc_res=0.0000
[LOSS-CAL]  ecc=0.0000 ecc_w=0.0000 ecc_tau=0.9500 ecc_maxp=nan
[TRAIN] tx=91.13% dom=88.17% cons_cos=0.8307
[GRAD]  total=1.601 backbone=1.000 aux=0.750 domain=0.416
[VAL]   tx=98.96% dom=95.30%
[TEST]  overall_tx=90.23% (184075/204000)
[TEST-SPLIT]
          unseen_day_seen_rx(days=['2021_03_15', '2021_03_23'], rxs=[0, 1, 2, 3, 4, 5, 6]): tx=93.91% (78887/84000)
          seen_day_unseen_rx(days=['2021_03_01', '2021_03_08'], rxs=[7, 8, 9, 10, 11]): tx=90.24% (54146/60000)
          unseen_day_unseen_rx(days=['2021_03_15', '2021_03_23'], rxs=[7, 8, 9, 10, 11]): tx=85.07% (51042/60000)
          day=2021_03_15 on seen_rxs=[0, 1, 2, 3, 4, 5, 6]: tx=95.23% (39996/42000)
          day=2021_03_23 on seen_rxs=[0, 1, 2, 3, 4, 5, 6]: tx=92.60% (38891/42000)
          rx=7 on seen_days=['2021_03_01', '2021_03_08']: tx=86.29% (10355/12000)
          rx=8 on seen_days=['2021_03_01', '2021_03_08']: tx=85.09% (10211/12000)
          rx=9 on seen_days=['2021_03_01', '2021_03_08']: tx=90.53% (10864/12000)
          rx=10 on seen_days=['2021_03_01', '2021_03_08']: tx=93.41% (11209/12000)
          rx=11 on seen_days=['2021_03_01', '2021_03_08']: tx=95.89% (11507/12000)
[BEST-JOINT]  val_tx=98.97% & test_tx=89.80% @ E094
[CKPT]  latest -> finalist_runs/B2_A2_light_seed1337/latest_model.pth (saved) | best -> finalist_runs/B2_A2_light_seed1337/best_model_val.pth
====================================================================================================================================
[SAT-TEST] scenario=clear_leo selected=test_unseen_day_unseen_rx overall_tx=43.45% strict_udu=43.45% (26068/60000)
[SAT-TEST] scenario=low_elev_leo selected=test_unseen_day_unseen_rx overall_tx=43.72% strict_udu=43.72% (26229/60000)
[SAT-TEST] scenario=rain_leo selected=test_unseen_day_unseen_rx overall_tx=40.85% strict_udu=40.85% (24510/60000)
[SAT-TEST] scenario=storm_mp selected=test_unseen_day_unseen_rx overall_tx=37.29% strict_udu=37.29% (22376/60000)
[SAT-TEST] scenario=mixed_orbit selected=test_unseen_day_unseen_rx overall_tx=40.19% strict_udu=40.19% (24114/60000)
[BEST-TEST] overall=90.23% @ E118 -> finalist_runs/B2_A2_light_seed1337/best_model_test_overall.pth | unseen_day_unseen_rx=85.39% @ E086 -> finalist_runs/B2_A2_light_seed1337/best_model_strict_udu.pth | unseen_day_seen_rx=94.24% @ E080 | seen_day_unseen_rx=90.24% @ E118
[BEST-PRIMARY] score=86.96 @ E086 -> finalist_runs/B2_A2_light_seed1337/best_model_primary_ood.pth | overall=89.87% strict_udu=85.39%
[BEST-WORST-RX] worst_rx=85.09% (test_rx_8) @ E118 -> finalist_runs/B2_A2_light_seed1337/best_model_worst_rx.pth
====================================================================================================================================
[Epoch 119/200] time=85.9s | lr=7.12e-05 | aux_scale=1.000
[STAGE] phase=S3_refine_aux | use_aux=1.0 cons=1.00 cls_aux=1.00 reg=1.00 joint_inv=0.30 kl=0.60 group_ce=1.00
[MIXSTYLE-EPOCH] phase=late_anneal enabled=1 p=0.124 strength=0.573 anneal_t=0.257
[AUG] scale=0.350 | p_dac=0.000 p_pa=0.049 p_shift=0.122 p_cfo=0.122 p_awgn=0.140 p_mp=0.063 | max_shift=11 cfo_max=0.00014 pn_max=0.0021
------------------------------------------------------------------------------------------------------------------------------------
[LOSS-CORE] total=3.5872 cls=1.1380 dom=0.3059 adv=2.6186 orth=0.0024 cons=0.1726 group_ce=2.1525
[LOSS-AUX]  cls_pa=1.1670 cls_dac=0.0000 pa_joint_inv=0.2114 pa_kl=0.9821 dac_reg=0.0000 pa_reg=0.0143 gap_dac=0.0000 gap_pa=0.2836 cos_joint_pa=0.7886 cos_imp_pa=nan
[LOSS-SAT]  cls_sat=9.4137 sat_cons=0.7314 sat_cos=0.2686
[LOSS-DG]   proto=0.0000 proto_cos=nan supcon=0.0000 fishr=0.0013 sgc_res=0.0000
[LOSS-CAL]  ecc=0.0000 ecc_w=0.0000 ecc_tau=0.9500 ecc_maxp=nan
[TRAIN] tx=91.02% dom=88.74% cons_cos=0.8274
[GRAD]  total=1.615 backbone=1.000 aux=0.750 domain=0.400
[VAL]   tx=98.77% dom=95.57%
[TEST]  overall_tx=87.82% (179156/204000)
[TEST-SPLIT]
          unseen_day_seen_rx(days=['2021_03_15', '2021_03_23'], rxs=[0, 1, 2, 3, 4, 5, 6]): tx=92.16% (77417/84000)
          seen_day_unseen_rx(days=['2021_03_01', '2021_03_08'], rxs=[7, 8, 9, 10, 11]): tx=86.11% (51664/60000)
          unseen_day_unseen_rx(days=['2021_03_15', '2021_03_23'], rxs=[7, 8, 9, 10, 11]): tx=83.46% (50075/60000)
          day=2021_03_15 on seen_rxs=[0, 1, 2, 3, 4, 5, 6]: tx=94.22% (39573/42000)
          day=2021_03_23 on seen_rxs=[0, 1, 2, 3, 4, 5, 6]: tx=90.10% (37844/42000)
          rx=7 on seen_days=['2021_03_01', '2021_03_08']: tx=78.52% (9422/12000)
          rx=8 on seen_days=['2021_03_01', '2021_03_08']: tx=79.82% (9578/12000)
          rx=9 on seen_days=['2021_03_01', '2021_03_08']: tx=89.37% (10724/12000)
          rx=10 on seen_days=['2021_03_01', '2021_03_08']: tx=92.20% (11064/12000)
          rx=11 on seen_days=['2021_03_01', '2021_03_08']: tx=90.63% (10876/12000)
[BEST-JOINT]  val_tx=98.97% & test_tx=89.80% @ E094
[CKPT]  latest -> finalist_runs/B2_A2_light_seed1337/latest_model.pth (saved) | best -> finalist_runs/B2_A2_light_seed1337/best_model_val.pth
====================================================================================================================================
[SAT-TEST] scenario=clear_leo selected=test_unseen_day_unseen_rx overall_tx=42.24% strict_udu=42.24% (25346/60000)
[SAT-TEST] scenario=low_elev_leo selected=test_unseen_day_unseen_rx overall_tx=42.56% strict_udu=42.56% (25537/60000)
[SAT-TEST] scenario=rain_leo selected=test_unseen_day_unseen_rx overall_tx=39.82% strict_udu=39.82% (23893/60000)
[SAT-TEST] scenario=storm_mp selected=test_unseen_day_unseen_rx overall_tx=36.44% strict_udu=36.44% (21865/60000)
[SAT-TEST] scenario=mixed_orbit selected=test_unseen_day_unseen_rx overall_tx=38.47% strict_udu=38.47% (23079/60000)
[BEST-TEST] overall=90.23% @ E118 -> finalist_runs/B2_A2_light_seed1337/best_model_test_overall.pth | unseen_day_unseen_rx=85.39% @ E086 -> finalist_runs/B2_A2_light_seed1337/best_model_strict_udu.pth | unseen_day_seen_rx=94.24% @ E080 | seen_day_unseen_rx=90.24% @ E118
[BEST-PRIMARY] score=86.96 @ E086 -> finalist_runs/B2_A2_light_seed1337/best_model_primary_ood.pth | overall=89.87% strict_udu=85.39%
[BEST-WORST-RX] worst_rx=85.09% (test_rx_8) @ E118 -> finalist_runs/B2_A2_light_seed1337/best_model_worst_rx.pth
====================================================================================================================================
[Epoch 120/200] time=85.3s | lr=6.98e-05 | aux_scale=1.000
[STAGE] phase=S3_refine_aux | use_aux=1.0 cons=1.00 cls_aux=1.00 reg=1.00 joint_inv=0.30 kl=0.60 group_ce=1.00
[MIXSTYLE-EPOCH] phase=late_anneal enabled=1 p=0.121 strength=0.564 anneal_t=0.286
[AUG] scale=0.350 | p_dac=0.000 p_pa=0.049 p_shift=0.122 p_cfo=0.122 p_awgn=0.140 p_mp=0.063 | max_shift=11 cfo_max=0.00014 pn_max=0.0021
------------------------------------------------------------------------------------------------------------------------------------
[LOSS-CORE] total=3.3352 cls=0.9478 dom=0.2667 adv=2.6203 orth=0.0025 cons=0.1556 group_ce=1.8015
[LOSS-AUX]  cls_pa=1.2162 cls_dac=0.0000 pa_joint_inv=0.2146 pa_kl=1.0426 dac_reg=0.0000 pa_reg=0.0142 gap_dac=0.0000 gap_pa=0.2818 cos_joint_pa=0.7854 cos_imp_pa=nan
[LOSS-SAT]  cls_sat=9.4589 sat_cons=0.7401 sat_cos=0.2599
[LOSS-DG]   proto=0.0000 proto_cos=nan supcon=0.0000 fishr=0.0010 sgc_res=0.0000
[LOSS-CAL]  ecc=0.0000 ecc_w=0.0000 ecc_tau=0.9500 ecc_maxp=nan
[TRAIN] tx=92.82% dom=90.00% cons_cos=0.8444
[GRAD]  total=1.525 backbone=1.000 aux=0.750 domain=0.393
[VAL]   tx=98.74% dom=95.61%
[TEST]  overall_tx=89.27% (182101/204000)
[TEST-SPLIT]
          unseen_day_seen_rx(days=['2021_03_15', '2021_03_23'], rxs=[0, 1, 2, 3, 4, 5, 6]): tx=93.06% (78167/84000)
          seen_day_unseen_rx(days=['2021_03_01', '2021_03_08'], rxs=[7, 8, 9, 10, 11]): tx=88.27% (52961/60000)
          unseen_day_unseen_rx(days=['2021_03_15', '2021_03_23'], rxs=[7, 8, 9, 10, 11]): tx=84.95% (50973/60000)
          day=2021_03_15 on seen_rxs=[0, 1, 2, 3, 4, 5, 6]: tx=95.40% (40066/42000)
          day=2021_03_23 on seen_rxs=[0, 1, 2, 3, 4, 5, 6]: tx=90.72% (38101/42000)
          rx=7 on seen_days=['2021_03_01', '2021_03_08']: tx=81.81% (9817/12000)
          rx=8 on seen_days=['2021_03_01', '2021_03_08']: tx=84.02% (10082/12000)
          rx=9 on seen_days=['2021_03_01', '2021_03_08']: tx=90.35% (10842/12000)
          rx=10 on seen_days=['2021_03_01', '2021_03_08']: tx=92.92% (11151/12000)
          rx=11 on seen_days=['2021_03_01', '2021_03_08']: tx=92.24% (11069/12000)
[BEST-JOINT]  val_tx=98.97% & test_tx=89.80% @ E094
[CKPT]  latest -> finalist_runs/B2_A2_light_seed1337/latest_model.pth (saved) | best -> finalist_runs/B2_A2_light_seed1337/best_model_val.pth
====================================================================================================================================
[SAT-TEST] scenario=clear_leo selected=test_unseen_day_unseen_rx overall_tx=44.23% strict_udu=44.23% (26539/60000)
[SAT-TEST] scenario=low_elev_leo selected=test_unseen_day_unseen_rx overall_tx=45.01% strict_udu=45.01% (27008/60000)
[SAT-TEST] scenario=rain_leo selected=test_unseen_day_unseen_rx overall_tx=41.89% strict_udu=41.89% (25132/60000)
[SAT-TEST] scenario=storm_mp selected=test_unseen_day_unseen_rx overall_tx=37.59% strict_udu=37.59% (22551/60000)
[SAT-TEST] scenario=mixed_orbit selected=test_unseen_day_unseen_rx overall_tx=40.28% strict_udu=40.28% (24169/60000)
[BEST-TEST] overall=90.23% @ E118 -> finalist_runs/B2_A2_light_seed1337/best_model_test_overall.pth | unseen_day_unseen_rx=85.39% @ E086 -> finalist_runs/B2_A2_light_seed1337/best_model_strict_udu.pth | unseen_day_seen_rx=94.24% @ E080 | seen_day_unseen_rx=90.24% @ E118
[BEST-PRIMARY] score=86.96 @ E086 -> finalist_runs/B2_A2_light_seed1337/best_model_primary_ood.pth | overall=89.87% strict_udu=85.39%
[BEST-WORST-RX] worst_rx=85.09% (test_rx_8) @ E118 -> finalist_runs/B2_A2_light_seed1337/best_model_worst_rx.pth
====================================================================================================================================
[Epoch 121/200] time=89.3s | lr=6.83e-05 | aux_scale=1.000
[STAGE] phase=S3_refine_aux | use_aux=1.0 cons=1.00 cls_aux=1.00 reg=1.00 joint_inv=0.30 kl=0.60 group_ce=1.00
[MIXSTYLE-EPOCH] phase=late_anneal enabled=1 p=0.119 strength=0.556 anneal_t=0.314
[AUG] scale=0.350 | p_dac=0.000 p_pa=0.049 p_shift=0.122 p_cfo=0.122 p_awgn=0.140 p_mp=0.063 | max_shift=11 cfo_max=0.00014 pn_max=0.0021
------------------------------------------------------------------------------------------------------------------------------------
[LOSS-CORE] total=4.5264 cls=1.8348 dom=0.4470 adv=2.6184 orth=0.0023 cons=0.1995 group_ce=3.0450
[LOSS-AUX]  cls_pa=1.2032 cls_dac=0.0000 pa_joint_inv=0.2103 pa_kl=1.0176 dac_reg=0.0000 pa_reg=0.0144 gap_dac=0.0000 gap_pa=0.2769 cos_joint_pa=0.7897 cos_imp_pa=nan
[LOSS-SAT]  cls_sat=9.4661 sat_cons=0.7198 sat_cos=0.2802
[LOSS-DG]   proto=0.0000 proto_cos=nan supcon=0.0000 fishr=0.0018 sgc_res=0.0000
[LOSS-CAL]  ecc=0.0000 ecc_w=0.0000 ecc_tau=0.9500 ecc_maxp=nan
[TRAIN] tx=85.60% dom=83.50% cons_cos=0.8005
[GRAD]  total=1.795 backbone=1.000 aux=0.750 domain=0.428
[VAL]   tx=98.93% dom=95.58%
[TEST]  overall_tx=89.38% (182341/204000)
[TEST-SPLIT]
          unseen_day_seen_rx(days=['2021_03_15', '2021_03_23'], rxs=[0, 1, 2, 3, 4, 5, 6]): tx=92.98% (78105/84000)
          seen_day_unseen_rx(days=['2021_03_01', '2021_03_08'], rxs=[7, 8, 9, 10, 11]): tx=88.95% (53373/60000)
          unseen_day_unseen_rx(days=['2021_03_15', '2021_03_23'], rxs=[7, 8, 9, 10, 11]): tx=84.77% (50863/60000)
          day=2021_03_15 on seen_rxs=[0, 1, 2, 3, 4, 5, 6]: tx=94.86% (39843/42000)
          day=2021_03_23 on seen_rxs=[0, 1, 2, 3, 4, 5, 6]: tx=91.10% (38262/42000)
          rx=7 on seen_days=['2021_03_01', '2021_03_08']: tx=81.38% (9765/12000)
          rx=8 on seen_days=['2021_03_01', '2021_03_08']: tx=84.27% (10112/12000)
          rx=9 on seen_days=['2021_03_01', '2021_03_08']: tx=90.19% (10823/12000)
          rx=10 on seen_days=['2021_03_01', '2021_03_08']: tx=92.58% (11109/12000)
          rx=11 on seen_days=['2021_03_01', '2021_03_08']: tx=96.37% (11564/12000)
[BEST-JOINT]  val_tx=98.97% & test_tx=89.80% @ E094
[CKPT]  latest -> finalist_runs/B2_A2_light_seed1337/latest_model.pth (saved) | best -> finalist_runs/B2_A2_light_seed1337/best_model_val.pth
====================================================================================================================================
[SAT-TEST] scenario=clear_leo selected=test_unseen_day_unseen_rx overall_tx=42.60% strict_udu=42.60% (25560/60000)
[SAT-TEST] scenario=low_elev_leo selected=test_unseen_day_unseen_rx overall_tx=43.00% strict_udu=43.00% (25799/60000)
[SAT-TEST] scenario=rain_leo selected=test_unseen_day_unseen_rx overall_tx=40.41% strict_udu=40.41% (24248/60000)
[SAT-TEST] scenario=storm_mp selected=test_unseen_day_unseen_rx overall_tx=36.87% strict_udu=36.87% (22123/60000)
[SAT-TEST] scenario=mixed_orbit selected=test_unseen_day_unseen_rx overall_tx=39.44% strict_udu=39.44% (23664/60000)
[BEST-TEST] overall=90.23% @ E118 -> finalist_runs/B2_A2_light_seed1337/best_model_test_overall.pth | unseen_day_unseen_rx=85.39% @ E086 -> finalist_runs/B2_A2_light_seed1337/best_model_strict_udu.pth | unseen_day_seen_rx=94.24% @ E080 | seen_day_unseen_rx=90.24% @ E118
[BEST-PRIMARY] score=86.96 @ E086 -> finalist_runs/B2_A2_light_seed1337/best_model_primary_ood.pth | overall=89.87% strict_udu=85.39%
[BEST-WORST-RX] worst_rx=85.09% (test_rx_8) @ E118 -> finalist_runs/B2_A2_light_seed1337/best_model_worst_rx.pth
====================================================================================================================================
[Epoch 122/200] time=89.6s | lr=6.68e-05 | aux_scale=1.000
[STAGE] phase=S3_refine_aux | use_aux=1.0 cons=1.00 cls_aux=1.00 reg=1.00 joint_inv=0.30 kl=0.60 group_ce=1.00
[MIXSTYLE-EPOCH] phase=late_anneal enabled=1 p=0.116 strength=0.547 anneal_t=0.343
[AUG] scale=0.350 | p_dac=0.000 p_pa=0.049 p_shift=0.122 p_cfo=0.122 p_awgn=0.140 p_mp=0.063 | max_shift=11 cfo_max=0.00014 pn_max=0.0021
------------------------------------------------------------------------------------------------------------------------------------
[LOSS-CORE] total=4.0490 cls=1.4735 dom=0.3944 adv=2.6212 orth=0.0024 cons=0.1804 group_ce=2.5208
[LOSS-AUX]  cls_pa=1.1453 cls_dac=0.0000 pa_joint_inv=0.2082 pa_kl=0.9704 dac_reg=0.0000 pa_reg=0.0143 gap_dac=0.0000 gap_pa=0.2812 cos_joint_pa=0.7918 cos_imp_pa=nan
[LOSS-SAT]  cls_sat=9.4909 sat_cons=0.7277 sat_cos=0.2723
[LOSS-DG]   proto=0.0000 proto_cos=nan supcon=0.0000 fishr=0.0015 sgc_res=0.0000
[LOSS-CAL]  ecc=0.0000 ecc_w=0.0000 ecc_tau=0.9500 ecc_maxp=nan
[TRAIN] tx=88.35% dom=85.85% cons_cos=0.8196
[GRAD]  total=1.783 backbone=1.000 aux=0.750 domain=0.422
[VAL]   tx=98.80% dom=95.67%
[TEST]  overall_tx=89.23% (182037/204000)
[TEST-SPLIT]
          unseen_day_seen_rx(days=['2021_03_15', '2021_03_23'], rxs=[0, 1, 2, 3, 4, 5, 6]): tx=93.18% (78272/84000)
          seen_day_unseen_rx(days=['2021_03_01', '2021_03_08'], rxs=[7, 8, 9, 10, 11]): tx=88.95% (53373/60000)
          unseen_day_unseen_rx(days=['2021_03_15', '2021_03_23'], rxs=[7, 8, 9, 10, 11]): tx=83.99% (50392/60000)
          day=2021_03_15 on seen_rxs=[0, 1, 2, 3, 4, 5, 6]: tx=94.67% (39762/42000)
          day=2021_03_23 on seen_rxs=[0, 1, 2, 3, 4, 5, 6]: tx=91.69% (38510/42000)
          rx=7 on seen_days=['2021_03_01', '2021_03_08']: tx=83.04% (9965/12000)
          rx=8 on seen_days=['2021_03_01', '2021_03_08']: tx=84.24% (10109/12000)
          rx=9 on seen_days=['2021_03_01', '2021_03_08']: tx=89.93% (10792/12000)
          rx=10 on seen_days=['2021_03_01', '2021_03_08']: tx=93.84% (11261/12000)
          rx=11 on seen_days=['2021_03_01', '2021_03_08']: tx=93.72% (11246/12000)
[BEST-JOINT]  val_tx=98.97% & test_tx=89.80% @ E094
[CKPT]  latest -> finalist_runs/B2_A2_light_seed1337/latest_model.pth (saved) | best -> finalist_runs/B2_A2_light_seed1337/best_model_val.pth
====================================================================================================================================
[SAT-TEST] scenario=clear_leo selected=test_unseen_day_unseen_rx overall_tx=43.92% strict_udu=43.92% (26350/60000)
[SAT-TEST] scenario=low_elev_leo selected=test_unseen_day_unseen_rx overall_tx=44.94% strict_udu=44.94% (26966/60000)
[SAT-TEST] scenario=rain_leo selected=test_unseen_day_unseen_rx overall_tx=41.89% strict_udu=41.89% (25135/60000)
[SAT-TEST] scenario=storm_mp selected=test_unseen_day_unseen_rx overall_tx=37.95% strict_udu=37.95% (22767/60000)
[SAT-TEST] scenario=mixed_orbit selected=test_unseen_day_unseen_rx overall_tx=40.08% strict_udu=40.08% (24049/60000)
[BEST-TEST] overall=90.23% @ E118 -> finalist_runs/B2_A2_light_seed1337/best_model_test_overall.pth | unseen_day_unseen_rx=85.39% @ E086 -> finalist_runs/B2_A2_light_seed1337/best_model_strict_udu.pth | unseen_day_seen_rx=94.24% @ E080 | seen_day_unseen_rx=90.24% @ E118
[BEST-PRIMARY] score=86.96 @ E086 -> finalist_runs/B2_A2_light_seed1337/best_model_primary_ood.pth | overall=89.87% strict_udu=85.39%
[BEST-WORST-RX] worst_rx=85.09% (test_rx_8) @ E118 -> finalist_runs/B2_A2_light_seed1337/best_model_worst_rx.pth
====================================================================================================================================
[Epoch 123/200] time=86.1s | lr=6.53e-05 | aux_scale=1.000
[STAGE] phase=S3_refine_aux | use_aux=1.0 cons=1.00 cls_aux=1.00 reg=1.00 joint_inv=0.30 kl=0.60 group_ce=1.00
[MIXSTYLE-EPOCH] phase=late_anneal enabled=1 p=0.113 strength=0.539 anneal_t=0.371
[AUG] scale=0.350 | p_dac=0.000 p_pa=0.049 p_shift=0.122 p_cfo=0.122 p_awgn=0.140 p_mp=0.063 | max_shift=11 cfo_max=0.00014 pn_max=0.0021
------------------------------------------------------------------------------------------------------------------------------------
[LOSS-CORE] total=3.5293 cls=1.0892 dom=0.3023 adv=2.6233 orth=0.0026 cons=0.1595 group_ce=1.9581
[LOSS-AUX]  cls_pa=1.2371 cls_dac=0.0000 pa_joint_inv=0.2107 pa_kl=1.0537 dac_reg=0.0000 pa_reg=0.0144 gap_dac=0.0000 gap_pa=0.2843 cos_joint_pa=0.7893 cos_imp_pa=nan
[LOSS-SAT]  cls_sat=9.3723 sat_cons=0.7333 sat_cos=0.2667
[LOSS-DG]   proto=0.0000 proto_cos=nan supcon=0.0000 fishr=0.0011 sgc_res=0.0000
[LOSS-CAL]  ecc=0.0000 ecc_w=0.0000 ecc_tau=0.9500 ecc_maxp=nan
[TRAIN] tx=91.49% dom=88.85% cons_cos=0.8404
[GRAD]  total=1.586 backbone=1.000 aux=0.750 domain=0.393
[VAL]   tx=98.88% dom=95.47%
[TEST]  overall_tx=89.82% (183242/204000)
[TEST-SPLIT]
          unseen_day_seen_rx(days=['2021_03_15', '2021_03_23'], rxs=[0, 1, 2, 3, 4, 5, 6]): tx=92.95% (78077/84000)
          seen_day_unseen_rx(days=['2021_03_01', '2021_03_08'], rxs=[7, 8, 9, 10, 11]): tx=89.44% (53663/60000)
          unseen_day_unseen_rx(days=['2021_03_15', '2021_03_23'], rxs=[7, 8, 9, 10, 11]): tx=85.84% (51502/60000)
          day=2021_03_15 on seen_rxs=[0, 1, 2, 3, 4, 5, 6]: tx=95.18% (39976/42000)
          day=2021_03_23 on seen_rxs=[0, 1, 2, 3, 4, 5, 6]: tx=90.72% (38101/42000)
          rx=7 on seen_days=['2021_03_01', '2021_03_08']: tx=82.01% (9841/12000)
          rx=8 on seen_days=['2021_03_01', '2021_03_08']: tx=84.96% (10195/12000)
          rx=9 on seen_days=['2021_03_01', '2021_03_08']: tx=90.66% (10879/12000)
          rx=10 on seen_days=['2021_03_01', '2021_03_08']: tx=93.50% (11220/12000)
          rx=11 on seen_days=['2021_03_01', '2021_03_08']: tx=96.07% (11528/12000)
[BEST-JOINT]  val_tx=98.97% & test_tx=89.80% @ E094
[CKPT]  latest -> finalist_runs/B2_A2_light_seed1337/latest_model.pth (saved) | best -> finalist_runs/B2_A2_light_seed1337/best_model_val.pth
====================================================================================================================================
[SAT-TEST] scenario=clear_leo selected=test_unseen_day_unseen_rx overall_tx=44.45% strict_udu=44.45% (26670/60000)
[SAT-TEST] scenario=low_elev_leo selected=test_unseen_day_unseen_rx overall_tx=45.16% strict_udu=45.16% (27097/60000)
[SAT-TEST] scenario=rain_leo selected=test_unseen_day_unseen_rx overall_tx=42.27% strict_udu=42.27% (25364/60000)
[SAT-TEST] scenario=storm_mp selected=test_unseen_day_unseen_rx overall_tx=38.20% strict_udu=38.20% (22918/60000)
[SAT-TEST] scenario=mixed_orbit selected=test_unseen_day_unseen_rx overall_tx=40.85% strict_udu=40.85% (24511/60000)
[BEST-TEST] overall=90.23% @ E118 -> finalist_runs/B2_A2_light_seed1337/best_model_test_overall.pth | unseen_day_unseen_rx=85.84% @ E123 -> finalist_runs/B2_A2_light_seed1337/best_model_strict_udu.pth | unseen_day_seen_rx=94.24% @ E080 | seen_day_unseen_rx=90.24% @ E118
[BEST-PRIMARY] score=87.23 @ E123 -> finalist_runs/B2_A2_light_seed1337/best_model_primary_ood.pth | overall=89.82% strict_udu=85.84%
[BEST-WORST-RX] worst_rx=85.09% (test_rx_8) @ E118 -> finalist_runs/B2_A2_light_seed1337/best_model_worst_rx.pth
====================================================================================================================================
[Epoch 124/200] time=85.4s | lr=6.39e-05 | aux_scale=1.000
[STAGE] phase=S3_refine_aux | use_aux=1.0 cons=1.00 cls_aux=1.00 reg=1.00 joint_inv=0.30 kl=0.60 group_ce=1.00
[MIXSTYLE-EPOCH] phase=late_anneal enabled=1 p=0.110 strength=0.530 anneal_t=0.400
[AUG] scale=0.350 | p_dac=0.000 p_pa=0.049 p_shift=0.122 p_cfo=0.122 p_awgn=0.140 p_mp=0.063 | max_shift=11 cfo_max=0.00014 pn_max=0.0021
------------------------------------------------------------------------------------------------------------------------------------
[LOSS-CORE] total=3.7607 cls=1.2948 dom=0.3297 adv=2.6186 orth=0.0024 cons=0.1778 group_ce=2.2643
[LOSS-AUX]  cls_pa=1.1030 cls_dac=0.0000 pa_joint_inv=0.2052 pa_kl=0.9192 dac_reg=0.0000 pa_reg=0.0145 gap_dac=0.0000 gap_pa=0.2822 cos_joint_pa=0.7948 cos_imp_pa=nan
[LOSS-SAT]  cls_sat=9.3145 sat_cons=0.7228 sat_cos=0.2772
[LOSS-DG]   proto=0.0000 proto_cos=nan supcon=0.0000 fishr=0.0013 sgc_res=0.0000
[LOSS-CAL]  ecc=0.0000 ecc_w=0.0000 ecc_tau=0.9500 ecc_maxp=nan
[TRAIN] tx=89.96% dom=87.80% cons_cos=0.8222
[GRAD]  total=1.602 backbone=1.000 aux=0.750 domain=0.398
[VAL]   tx=98.96% dom=95.63%
[TEST]  overall_tx=88.49% (180526/204000)
[TEST-SPLIT]
          unseen_day_seen_rx(days=['2021_03_15', '2021_03_23'], rxs=[0, 1, 2, 3, 4, 5, 6]): tx=93.08% (78184/84000)
          seen_day_unseen_rx(days=['2021_03_01', '2021_03_08'], rxs=[7, 8, 9, 10, 11]): tx=87.82% (52694/60000)
          unseen_day_unseen_rx(days=['2021_03_15', '2021_03_23'], rxs=[7, 8, 9, 10, 11]): tx=82.75% (49648/60000)
          day=2021_03_15 on seen_rxs=[0, 1, 2, 3, 4, 5, 6]: tx=94.54% (39708/42000)
          day=2021_03_23 on seen_rxs=[0, 1, 2, 3, 4, 5, 6]: tx=91.61% (38476/42000)
          rx=7 on seen_days=['2021_03_01', '2021_03_08']: tx=80.61% (9673/12000)
          rx=8 on seen_days=['2021_03_01', '2021_03_08']: tx=82.16% (9859/12000)
          rx=9 on seen_days=['2021_03_01', '2021_03_08']: tx=90.12% (10814/12000)
          rx=10 on seen_days=['2021_03_01', '2021_03_08']: tx=94.54% (11345/12000)
          rx=11 on seen_days=['2021_03_01', '2021_03_08']: tx=91.69% (11003/12000)
[BEST-JOINT]  val_tx=98.97% & test_tx=89.80% @ E094
[CKPT]  latest -> finalist_runs/B2_A2_light_seed1337/latest_model.pth (saved) | best -> finalist_runs/B2_A2_light_seed1337/best_model_val.pth
====================================================================================================================================
[SAT-TEST] scenario=clear_leo selected=test_unseen_day_unseen_rx overall_tx=43.12% strict_udu=43.12% (25874/60000)
[SAT-TEST] scenario=low_elev_leo selected=test_unseen_day_unseen_rx overall_tx=43.88% strict_udu=43.88% (26330/60000)
[SAT-TEST] scenario=rain_leo selected=test_unseen_day_unseen_rx overall_tx=41.41% strict_udu=41.41% (24849/60000)
[SAT-TEST] scenario=storm_mp selected=test_unseen_day_unseen_rx overall_tx=37.67% strict_udu=37.67% (22604/60000)
[SAT-TEST] scenario=mixed_orbit selected=test_unseen_day_unseen_rx overall_tx=39.01% strict_udu=39.01% (23407/60000)
[BEST-TEST] overall=90.23% @ E118 -> finalist_runs/B2_A2_light_seed1337/best_model_test_overall.pth | unseen_day_unseen_rx=85.84% @ E123 -> finalist_runs/B2_A2_light_seed1337/best_model_strict_udu.pth | unseen_day_seen_rx=94.24% @ E080 | seen_day_unseen_rx=90.24% @ E118
[BEST-PRIMARY] score=87.23 @ E123 -> finalist_runs/B2_A2_light_seed1337/best_model_primary_ood.pth | overall=89.82% strict_udu=85.84%
[BEST-WORST-RX] worst_rx=85.09% (test_rx_8) @ E118 -> finalist_runs/B2_A2_light_seed1337/best_model_worst_rx.pth
====================================================================================================================================
[Epoch 125/200] time=84.7s | lr=6.24e-05 | aux_scale=1.000
[STAGE] phase=S3_refine_aux | use_aux=1.0 cons=1.00 cls_aux=1.00 reg=1.00 joint_inv=0.30 kl=0.60 group_ce=1.00
[MIXSTYLE-EPOCH] phase=late_anneal enabled=1 p=0.107 strength=0.521 anneal_t=0.429
[AUG] scale=0.350 | p_dac=0.000 p_pa=0.049 p_shift=0.122 p_cfo=0.122 p_awgn=0.140 p_mp=0.063 | max_shift=11 cfo_max=0.00014 pn_max=0.0021
------------------------------------------------------------------------------------------------------------------------------------
[LOSS-CORE] total=3.8877 cls=1.3835 dom=0.3401 adv=2.6176 orth=0.0025 cons=0.1819 group_ce=2.4819
[LOSS-AUX]  cls_pa=1.1356 cls_dac=0.0000 pa_joint_inv=0.2054 pa_kl=0.9542 dac_reg=0.0000 pa_reg=0.0143 gap_dac=0.0000 gap_pa=0.2799 cos_joint_pa=0.7946 cos_imp_pa=nan
[LOSS-SAT]  cls_sat=9.3031 sat_cons=0.7232 sat_cos=0.2768
[LOSS-DG]   proto=0.0000 proto_cos=nan supcon=0.0000 fishr=0.0014 sgc_res=0.0000
[LOSS-CAL]  ecc=0.0000 ecc_w=0.0000 ecc_tau=0.9500 ecc_maxp=nan
[TRAIN] tx=89.54% dom=87.39% cons_cos=0.8181
[GRAD]  total=1.669 backbone=1.000 aux=0.750 domain=0.400
[VAL]   tx=98.93% dom=95.59%
[TEST]  overall_tx=89.47% (182518/204000)
[TEST-SPLIT]
          unseen_day_seen_rx(days=['2021_03_15', '2021_03_23'], rxs=[0, 1, 2, 3, 4, 5, 6]): tx=93.26% (78342/84000)
          seen_day_unseen_rx(days=['2021_03_01', '2021_03_08'], rxs=[7, 8, 9, 10, 11]): tx=88.98% (53388/60000)
          unseen_day_unseen_rx(days=['2021_03_15', '2021_03_23'], rxs=[7, 8, 9, 10, 11]): tx=84.65% (50788/60000)
          day=2021_03_15 on seen_rxs=[0, 1, 2, 3, 4, 5, 6]: tx=95.13% (39955/42000)
          day=2021_03_23 on seen_rxs=[0, 1, 2, 3, 4, 5, 6]: tx=91.40% (38387/42000)
          rx=7 on seen_days=['2021_03_01', '2021_03_08']: tx=82.76% (9931/12000)
          rx=8 on seen_days=['2021_03_01', '2021_03_08']: tx=84.61% (10153/12000)
          rx=9 on seen_days=['2021_03_01', '2021_03_08']: tx=90.12% (10815/12000)
          rx=10 on seen_days=['2021_03_01', '2021_03_08']: tx=93.70% (11244/12000)
          rx=11 on seen_days=['2021_03_01', '2021_03_08']: tx=93.71% (11245/12000)
[BEST-JOINT]  val_tx=98.97% & test_tx=89.80% @ E094
[CKPT]  latest -> finalist_runs/B2_A2_light_seed1337/latest_model.pth (saved) | best -> finalist_runs/B2_A2_light_seed1337/best_model_val.pth
====================================================================================================================================
[SAT-TEST] scenario=clear_leo selected=test_unseen_day_unseen_rx overall_tx=43.11% strict_udu=43.11% (25866/60000)
[SAT-TEST] scenario=low_elev_leo selected=test_unseen_day_unseen_rx overall_tx=43.79% strict_udu=43.79% (26275/60000)
[SAT-TEST] scenario=rain_leo selected=test_unseen_day_unseen_rx overall_tx=41.11% strict_udu=41.11% (24664/60000)
[SAT-TEST] scenario=storm_mp selected=test_unseen_day_unseen_rx overall_tx=37.53% strict_udu=37.53% (22520/60000)
[SAT-TEST] scenario=mixed_orbit selected=test_unseen_day_unseen_rx overall_tx=39.78% strict_udu=39.78% (23871/60000)
[BEST-TEST] overall=90.23% @ E118 -> finalist_runs/B2_A2_light_seed1337/best_model_test_overall.pth | unseen_day_unseen_rx=85.84% @ E123 -> finalist_runs/B2_A2_light_seed1337/best_model_strict_udu.pth | unseen_day_seen_rx=94.24% @ E080 | seen_day_unseen_rx=90.24% @ E118
[BEST-PRIMARY] score=87.23 @ E123 -> finalist_runs/B2_A2_light_seed1337/best_model_primary_ood.pth | overall=89.82% strict_udu=85.84%
[BEST-WORST-RX] worst_rx=85.09% (test_rx_8) @ E118 -> finalist_runs/B2_A2_light_seed1337/best_model_worst_rx.pth
====================================================================================================================================
[Epoch 126/200] time=89.5s | lr=6.10e-05 | aux_scale=1.000
[STAGE] phase=S3_refine_aux | use_aux=1.0 cons=1.00 cls_aux=1.00 reg=1.00 joint_inv=0.30 kl=0.60 group_ce=1.00
[MIXSTYLE-EPOCH] phase=late_anneal enabled=1 p=0.104 strength=0.513 anneal_t=0.457
[AUG] scale=0.350 | p_dac=0.000 p_pa=0.049 p_shift=0.122 p_cfo=0.122 p_awgn=0.140 p_mp=0.063 | max_shift=11 cfo_max=0.00014 pn_max=0.0021
------------------------------------------------------------------------------------------------------------------------------------
[LOSS-CORE] total=4.2608 cls=1.6499 dom=0.4093 adv=2.6205 orth=0.0024 cons=0.1949 group_ce=2.7917
[LOSS-AUX]  cls_pa=1.1297 cls_dac=0.0000 pa_joint_inv=0.2056 pa_kl=0.9498 dac_reg=0.0000 pa_reg=0.0144 gap_dac=0.0000 gap_pa=0.2769 cos_joint_pa=0.7944 cos_imp_pa=nan
[LOSS-SAT]  cls_sat=9.4098 sat_cons=0.7251 sat_cos=0.2749
[LOSS-DG]   proto=0.0000 proto_cos=nan supcon=0.0000 fishr=0.0017 sgc_res=0.0000
[LOSS-CAL]  ecc=0.0000 ecc_w=0.0000 ecc_tau=0.9500 ecc_maxp=nan
[TRAIN] tx=86.53% dom=85.14% cons_cos=0.8051
[GRAD]  total=1.808 backbone=1.000 aux=0.750 domain=0.411
[VAL]   tx=98.91% dom=95.55%
[TEST]  overall_tx=89.88% (183355/204000)
[TEST-SPLIT]
          unseen_day_seen_rx(days=['2021_03_15', '2021_03_23'], rxs=[0, 1, 2, 3, 4, 5, 6]): tx=93.66% (78677/84000)
          seen_day_unseen_rx(days=['2021_03_01', '2021_03_08'], rxs=[7, 8, 9, 10, 11]): tx=89.17% (53501/60000)
          unseen_day_unseen_rx(days=['2021_03_15', '2021_03_23'], rxs=[7, 8, 9, 10, 11]): tx=85.30% (51177/60000)
          day=2021_03_15 on seen_rxs=[0, 1, 2, 3, 4, 5, 6]: tx=95.50% (40112/42000)
          day=2021_03_23 on seen_rxs=[0, 1, 2, 3, 4, 5, 6]: tx=91.82% (38565/42000)
          rx=7 on seen_days=['2021_03_01', '2021_03_08']: tx=81.76% (9811/12000)
          rx=8 on seen_days=['2021_03_01', '2021_03_08']: tx=85.18% (10222/12000)
          rx=9 on seen_days=['2021_03_01', '2021_03_08']: tx=89.86% (10783/12000)
          rx=10 on seen_days=['2021_03_01', '2021_03_08']: tx=94.17% (11300/12000)
          rx=11 on seen_days=['2021_03_01', '2021_03_08']: tx=94.88% (11385/12000)
[BEST-JOINT]  val_tx=98.97% & test_tx=89.80% @ E094
[CKPT]  latest -> finalist_runs/B2_A2_light_seed1337/latest_model.pth (saved) | best -> finalist_runs/B2_A2_light_seed1337/best_model_val.pth
====================================================================================================================================
[SAT-TEST] scenario=clear_leo selected=test_unseen_day_unseen_rx overall_tx=43.41% strict_udu=43.41% (26044/60000)
[SAT-TEST] scenario=low_elev_leo selected=test_unseen_day_unseen_rx overall_tx=43.83% strict_udu=43.83% (26295/60000)
[SAT-TEST] scenario=rain_leo selected=test_unseen_day_unseen_rx overall_tx=41.28% strict_udu=41.28% (24768/60000)
[SAT-TEST] scenario=storm_mp selected=test_unseen_day_unseen_rx overall_tx=37.53% strict_udu=37.53% (22520/60000)
[SAT-TEST] scenario=mixed_orbit selected=test_unseen_day_unseen_rx overall_tx=40.39% strict_udu=40.39% (24235/60000)
[BEST-TEST] overall=90.23% @ E118 -> finalist_runs/B2_A2_light_seed1337/best_model_test_overall.pth | unseen_day_unseen_rx=85.84% @ E123 -> finalist_runs/B2_A2_light_seed1337/best_model_strict_udu.pth | unseen_day_seen_rx=94.24% @ E080 | seen_day_unseen_rx=90.24% @ E118
[BEST-PRIMARY] score=87.23 @ E123 -> finalist_runs/B2_A2_light_seed1337/best_model_primary_ood.pth | overall=89.82% strict_udu=85.84%
[BEST-WORST-RX] worst_rx=85.09% (test_rx_8) @ E118 -> finalist_runs/B2_A2_light_seed1337/best_model_worst_rx.pth
====================================================================================================================================
[Epoch 127/200] time=86.2s | lr=5.96e-05 | aux_scale=1.000
[STAGE] phase=S3_refine_aux | use_aux=1.0 cons=1.00 cls_aux=1.00 reg=1.00 joint_inv=0.30 kl=0.60 group_ce=1.00
[MIXSTYLE-EPOCH] phase=late_anneal enabled=1 p=0.101 strength=0.504 anneal_t=0.486
[AUG] scale=0.350 | p_dac=0.000 p_pa=0.049 p_shift=0.122 p_cfo=0.122 p_awgn=0.140 p_mp=0.063 | max_shift=11 cfo_max=0.00014 pn_max=0.0021
------------------------------------------------------------------------------------------------------------------------------------
[LOSS-CORE] total=4.1583 cls=1.5781 dom=0.4014 adv=2.6191 orth=0.0022 cons=0.1882 group_ce=2.6664
[LOSS-AUX]  cls_pa=1.1063 cls_dac=0.0000 pa_joint_inv=0.2068 pa_kl=0.9258 dac_reg=0.0000 pa_reg=0.0144 gap_dac=0.0000 gap_pa=0.2768 cos_joint_pa=0.7932 cos_imp_pa=nan
[LOSS-SAT]  cls_sat=9.3276 sat_cons=0.7211 sat_cos=0.2789
[LOSS-DG]   proto=0.0000 proto_cos=nan supcon=0.0000 fishr=0.0016 sgc_res=0.0000
[LOSS-CAL]  ecc=0.0000 ecc_w=0.0000 ecc_tau=0.9500 ecc_maxp=nan
[TRAIN] tx=87.37% dom=85.32% cons_cos=0.8118
[GRAD]  total=1.658 backbone=1.000 aux=0.750 domain=0.423
[VAL]   tx=98.91% dom=95.48%
[TEST]  overall_tx=89.23% (182026/204000)
[TEST-SPLIT]
          unseen_day_seen_rx(days=['2021_03_15', '2021_03_23'], rxs=[0, 1, 2, 3, 4, 5, 6]): tx=93.10% (78204/84000)
          seen_day_unseen_rx(days=['2021_03_01', '2021_03_08'], rxs=[7, 8, 9, 10, 11]): tx=87.94% (52764/60000)
          unseen_day_unseen_rx(days=['2021_03_15', '2021_03_23'], rxs=[7, 8, 9, 10, 11]): tx=85.10% (51058/60000)
          day=2021_03_15 on seen_rxs=[0, 1, 2, 3, 4, 5, 6]: tx=95.63% (40165/42000)
          day=2021_03_23 on seen_rxs=[0, 1, 2, 3, 4, 5, 6]: tx=90.57% (38039/42000)
          rx=7 on seen_days=['2021_03_01', '2021_03_08']: tx=78.25% (9390/12000)
          rx=8 on seen_days=['2021_03_01', '2021_03_08']: tx=84.61% (10153/12000)
          rx=9 on seen_days=['2021_03_01', '2021_03_08']: tx=90.09% (10811/12000)
          rx=10 on seen_days=['2021_03_01', '2021_03_08']: tx=92.67% (11121/12000)
          rx=11 on seen_days=['2021_03_01', '2021_03_08']: tx=94.08% (11289/12000)
[BEST-JOINT]  val_tx=98.97% & test_tx=89.80% @ E094
[CKPT]  latest -> finalist_runs/B2_A2_light_seed1337/latest_model.pth (saved) | best -> finalist_runs/B2_A2_light_seed1337/best_model_val.pth
====================================================================================================================================
[SAT-TEST] scenario=clear_leo selected=test_unseen_day_unseen_rx overall_tx=43.89% strict_udu=43.89% (26333/60000)
[SAT-TEST] scenario=low_elev_leo selected=test_unseen_day_unseen_rx overall_tx=44.80% strict_udu=44.80% (26877/60000)
[SAT-TEST] scenario=rain_leo selected=test_unseen_day_unseen_rx overall_tx=41.75% strict_udu=41.75% (25048/60000)
[SAT-TEST] scenario=storm_mp selected=test_unseen_day_unseen_rx overall_tx=38.23% strict_udu=38.23% (22938/60000)
[SAT-TEST] scenario=mixed_orbit selected=test_unseen_day_unseen_rx overall_tx=40.65% strict_udu=40.65% (24391/60000)
[BEST-TEST] overall=90.23% @ E118 -> finalist_runs/B2_A2_light_seed1337/best_model_test_overall.pth | unseen_day_unseen_rx=85.84% @ E123 -> finalist_runs/B2_A2_light_seed1337/best_model_strict_udu.pth | unseen_day_seen_rx=94.24% @ E080 | seen_day_unseen_rx=90.24% @ E118
[BEST-PRIMARY] score=87.23 @ E123 -> finalist_runs/B2_A2_light_seed1337/best_model_primary_ood.pth | overall=89.82% strict_udu=85.84%
[BEST-WORST-RX] worst_rx=85.09% (test_rx_8) @ E118 -> finalist_runs/B2_A2_light_seed1337/best_model_worst_rx.pth
====================================================================================================================================
[Epoch 128/200] time=93.0s | lr=5.81e-05 | aux_scale=1.000
[STAGE] phase=S3_refine_aux | use_aux=1.0 cons=1.00 cls_aux=1.00 reg=1.00 joint_inv=0.30 kl=0.60 group_ce=1.00
[MIXSTYLE-EPOCH] phase=late_anneal enabled=1 p=0.099 strength=0.496 anneal_t=0.514
[AUG] scale=0.350 | p_dac=0.000 p_pa=0.049 p_shift=0.122 p_cfo=0.122 p_awgn=0.140 p_mp=0.063 | max_shift=11 cfo_max=0.00014 pn_max=0.0021
------------------------------------------------------------------------------------------------------------------------------------
[LOSS-CORE] total=3.9220 cls=1.3993 dom=0.3561 adv=2.6193 orth=0.0022 cons=0.1794 group_ce=2.4908
[LOSS-AUX]  cls_pa=1.1289 cls_dac=0.0000 pa_joint_inv=0.2072 pa_kl=0.9583 dac_reg=0.0000 pa_reg=0.0144 gap_dac=0.0000 gap_pa=0.2787 cos_joint_pa=0.7928 cos_imp_pa=nan
[LOSS-SAT]  cls_sat=9.3479 sat_cons=0.7240 sat_cos=0.2760
[LOSS-DG]   proto=0.0000 proto_cos=nan supcon=0.0000 fishr=0.0015 sgc_res=0.0000
[LOSS-CAL]  ecc=0.0000 ecc_w=0.0000 ecc_tau=0.9500 ecc_maxp=nan
[TRAIN] tx=89.07% dom=86.96% cons_cos=0.8206
[GRAD]  total=1.671 backbone=1.000 aux=0.750 domain=0.414
[VAL]   tx=98.94% dom=95.22%
[TEST]  overall_tx=88.96% (181471/204000)
[TEST-SPLIT]
          unseen_day_seen_rx(days=['2021_03_15', '2021_03_23'], rxs=[0, 1, 2, 3, 4, 5, 6]): tx=93.15% (78250/84000)
          seen_day_unseen_rx(days=['2021_03_01', '2021_03_08'], rxs=[7, 8, 9, 10, 11]): tx=87.99% (52792/60000)
          unseen_day_unseen_rx(days=['2021_03_15', '2021_03_23'], rxs=[7, 8, 9, 10, 11]): tx=84.05% (50429/60000)
          day=2021_03_15 on seen_rxs=[0, 1, 2, 3, 4, 5, 6]: tx=95.26% (40008/42000)
          day=2021_03_23 on seen_rxs=[0, 1, 2, 3, 4, 5, 6]: tx=91.05% (38242/42000)
          rx=7 on seen_days=['2021_03_01', '2021_03_08']: tx=78.95% (9474/12000)
          rx=8 on seen_days=['2021_03_01', '2021_03_08']: tx=83.68% (10042/12000)
          rx=9 on seen_days=['2021_03_01', '2021_03_08']: tx=90.06% (10807/12000)
          rx=10 on seen_days=['2021_03_01', '2021_03_08']: tx=92.77% (11132/12000)
          rx=11 on seen_days=['2021_03_01', '2021_03_08']: tx=94.47% (11337/12000)
[BEST-JOINT]  val_tx=98.97% & test_tx=89.80% @ E094
[CKPT]  latest -> finalist_runs/B2_A2_light_seed1337/latest_model.pth (saved) | best -> finalist_runs/B2_A2_light_seed1337/best_model_val.pth
====================================================================================================================================
[SAT-TEST] scenario=clear_leo selected=test_unseen_day_unseen_rx overall_tx=43.59% strict_udu=43.59% (26152/60000)
[SAT-TEST] scenario=low_elev_leo selected=test_unseen_day_unseen_rx overall_tx=44.03% strict_udu=44.03% (26420/60000)
[SAT-TEST] scenario=rain_leo selected=test_unseen_day_unseen_rx overall_tx=41.06% strict_udu=41.06% (24636/60000)
[SAT-TEST] scenario=storm_mp selected=test_unseen_day_unseen_rx overall_tx=37.56% strict_udu=37.56% (22539/60000)
[SAT-TEST] scenario=mixed_orbit selected=test_unseen_day_unseen_rx overall_tx=40.35% strict_udu=40.35% (24212/60000)
[BEST-TEST] overall=90.23% @ E118 -> finalist_runs/B2_A2_light_seed1337/best_model_test_overall.pth | unseen_day_unseen_rx=85.84% @ E123 -> finalist_runs/B2_A2_light_seed1337/best_model_strict_udu.pth | unseen_day_seen_rx=94.24% @ E080 | seen_day_unseen_rx=90.24% @ E118
[BEST-PRIMARY] score=87.23 @ E123 -> finalist_runs/B2_A2_light_seed1337/best_model_primary_ood.pth | overall=89.82% strict_udu=85.84%
[BEST-WORST-RX] worst_rx=85.09% (test_rx_8) @ E118 -> finalist_runs/B2_A2_light_seed1337/best_model_worst_rx.pth
====================================================================================================================================
[Epoch 129/200] time=87.7s | lr=5.67e-05 | aux_scale=1.000
[STAGE] phase=S3_refine_aux | use_aux=1.0 cons=1.00 cls_aux=1.00 reg=1.00 joint_inv=0.30 kl=0.60 group_ce=1.00
[MIXSTYLE-EPOCH] phase=late_anneal enabled=1 p=0.096 strength=0.487 anneal_t=0.543
[AUG] scale=0.350 | p_dac=0.000 p_pa=0.049 p_shift=0.122 p_cfo=0.122 p_awgn=0.140 p_mp=0.063 | max_shift=11 cfo_max=0.00014 pn_max=0.0021
------------------------------------------------------------------------------------------------------------------------------------
[LOSS-CORE] total=4.0807 cls=1.5058 dom=0.4225 adv=2.6186 orth=0.0023 cons=0.1838 group_ce=2.4774
[LOSS-AUX]  cls_pa=1.0703 cls_dac=0.0000 pa_joint_inv=0.2069 pa_kl=0.8977 dac_reg=0.0000 pa_reg=0.0143 gap_dac=0.0000 gap_pa=0.2840 cos_joint_pa=0.7931 cos_imp_pa=nan
[LOSS-SAT]  cls_sat=9.3442 sat_cons=0.7140 sat_cos=0.2860
[LOSS-DG]   proto=0.0000 proto_cos=nan supcon=0.0000 fishr=0.0015 sgc_res=0.0000
[LOSS-CAL]  ecc=0.0000 ecc_w=0.0000 ecc_tau=0.9500 ecc_maxp=nan
[TRAIN] tx=87.78% dom=85.66% cons_cos=0.8162
[GRAD]  total=1.847 backbone=1.000 aux=0.750 domain=0.409
[VAL]   tx=99.01% dom=95.64%
[TEST]  overall_tx=89.11% (181785/204000)
[TEST-SPLIT]
          unseen_day_seen_rx(days=['2021_03_15', '2021_03_23'], rxs=[0, 1, 2, 3, 4, 5, 6]): tx=93.00% (78123/84000)
          seen_day_unseen_rx(days=['2021_03_01', '2021_03_08'], rxs=[7, 8, 9, 10, 11]): tx=88.50% (53098/60000)
          unseen_day_unseen_rx(days=['2021_03_15', '2021_03_23'], rxs=[7, 8, 9, 10, 11]): tx=84.27% (50564/60000)
          day=2021_03_15 on seen_rxs=[0, 1, 2, 3, 4, 5, 6]: tx=95.18% (39976/42000)
          day=2021_03_23 on seen_rxs=[0, 1, 2, 3, 4, 5, 6]: tx=90.83% (38147/42000)
          rx=7 on seen_days=['2021_03_01', '2021_03_08']: tx=79.79% (9575/12000)
          rx=8 on seen_days=['2021_03_01', '2021_03_08']: tx=84.37% (10124/12000)
          rx=9 on seen_days=['2021_03_01', '2021_03_08']: tx=90.44% (10853/12000)
          rx=10 on seen_days=['2021_03_01', '2021_03_08']: tx=92.75% (11130/12000)
          rx=11 on seen_days=['2021_03_01', '2021_03_08']: tx=95.13% (11416/12000)
[BEST-JOINT]  val_tx=99.01% & test_tx=89.11% @ E129
[CKPT]  latest -> finalist_runs/B2_A2_light_seed1337/latest_model.pth (saved) | best -> finalist_runs/B2_A2_light_seed1337/best_model_val.pth (updated: val improved)
====================================================================================================================================
[SAT-TEST] scenario=clear_leo selected=test_unseen_day_unseen_rx overall_tx=43.55% strict_udu=43.55% (26131/60000)
[SAT-TEST] scenario=low_elev_leo selected=test_unseen_day_unseen_rx overall_tx=43.95% strict_udu=43.95% (26367/60000)
[SAT-TEST] scenario=rain_leo selected=test_unseen_day_unseen_rx overall_tx=40.79% strict_udu=40.79% (24475/60000)
[SAT-TEST] scenario=storm_mp selected=test_unseen_day_unseen_rx overall_tx=37.57% strict_udu=37.57% (22543/60000)
[SAT-TEST] scenario=mixed_orbit selected=test_unseen_day_unseen_rx overall_tx=40.09% strict_udu=40.09% (24056/60000)
[BEST-TEST] overall=90.23% @ E118 -> finalist_runs/B2_A2_light_seed1337/best_model_test_overall.pth | unseen_day_unseen_rx=85.84% @ E123 -> finalist_runs/B2_A2_light_seed1337/best_model_strict_udu.pth | unseen_day_seen_rx=94.24% @ E080 | seen_day_unseen_rx=90.24% @ E118
[BEST-PRIMARY] score=87.23 @ E123 -> finalist_runs/B2_A2_light_seed1337/best_model_primary_ood.pth | overall=89.82% strict_udu=85.84%
[BEST-WORST-RX] worst_rx=85.09% (test_rx_8) @ E118 -> finalist_runs/B2_A2_light_seed1337/best_model_worst_rx.pth
====================================================================================================================================
[Epoch 130/200] time=86.8s | lr=5.53e-05 | aux_scale=1.000
[STAGE] phase=S3_refine_aux | use_aux=1.0 cons=1.00 cls_aux=1.00 reg=1.00 joint_inv=0.30 kl=0.60 group_ce=1.00
[MIXSTYLE-EPOCH] phase=late_anneal enabled=1 p=0.093 strength=0.479 anneal_t=0.571
[AUG] scale=0.350 | p_dac=0.000 p_pa=0.049 p_shift=0.122 p_cfo=0.122 p_awgn=0.140 p_mp=0.063 | max_shift=11 cfo_max=0.00014 pn_max=0.0021
------------------------------------------------------------------------------------------------------------------------------------
[LOSS-CORE] total=3.9953 cls=1.4507 dom=0.3869 adv=2.6210 orth=0.0024 cons=0.1823 group_ce=2.4597
[LOSS-AUX]  cls_pa=1.0866 cls_dac=0.0000 pa_joint_inv=0.2063 pa_kl=0.9197 dac_reg=0.0000 pa_reg=0.0144 gap_dac=0.0000 gap_pa=0.2810 cos_joint_pa=0.7937 cos_imp_pa=nan
[LOSS-SAT]  cls_sat=9.3952 sat_cons=0.7136 sat_cos=0.2864
[LOSS-DG]   proto=0.0000 proto_cos=nan supcon=0.0000 fishr=0.0014 sgc_res=0.0000
[LOSS-CAL]  ecc=0.0000 ecc_w=0.0000 ecc_tau=0.9500 ecc_maxp=nan
[TRAIN] tx=88.51% dom=86.17% cons_cos=0.8177
[GRAD]  total=1.697 backbone=1.000 aux=0.750 domain=0.393
[VAL]   tx=98.91% dom=95.59%
[TEST]  overall_tx=89.34% (182258/204000)
[TEST-SPLIT]
          unseen_day_seen_rx(days=['2021_03_15', '2021_03_23'], rxs=[0, 1, 2, 3, 4, 5, 6]): tx=92.97% (78099/84000)
          seen_day_unseen_rx(days=['2021_03_01', '2021_03_08'], rxs=[7, 8, 9, 10, 11]): tx=88.66% (53196/60000)
          unseen_day_unseen_rx(days=['2021_03_15', '2021_03_23'], rxs=[7, 8, 9, 10, 11]): tx=84.94% (50963/60000)
          day=2021_03_15 on seen_rxs=[0, 1, 2, 3, 4, 5, 6]: tx=95.50% (40108/42000)
          day=2021_03_23 on seen_rxs=[0, 1, 2, 3, 4, 5, 6]: tx=90.45% (37991/42000)
          rx=7 on seen_days=['2021_03_01', '2021_03_08']: tx=79.45% (9534/12000)
          rx=8 on seen_days=['2021_03_01', '2021_03_08']: tx=85.49% (10259/12000)
          rx=9 on seen_days=['2021_03_01', '2021_03_08']: tx=90.34% (10841/12000)
          rx=10 on seen_days=['2021_03_01', '2021_03_08']: tx=92.78% (11134/12000)
          rx=11 on seen_days=['2021_03_01', '2021_03_08']: tx=95.23% (11428/12000)
[BEST-JOINT]  val_tx=99.01% & test_tx=89.11% @ E129
[CKPT]  latest -> finalist_runs/B2_A2_light_seed1337/latest_model.pth (saved) | best -> finalist_runs/B2_A2_light_seed1337/best_model_val.pth
====================================================================================================================================
[SAT-TEST] scenario=clear_leo selected=test_unseen_day_unseen_rx overall_tx=43.68% strict_udu=43.68% (26209/60000)
[SAT-TEST] scenario=low_elev_leo selected=test_unseen_day_unseen_rx overall_tx=44.56% strict_udu=44.56% (26739/60000)
[SAT-TEST] scenario=rain_leo selected=test_unseen_day_unseen_rx overall_tx=41.70% strict_udu=41.70% (25020/60000)
[SAT-TEST] scenario=storm_mp selected=test_unseen_day_unseen_rx overall_tx=37.95% strict_udu=37.95% (22767/60000)
[SAT-TEST] scenario=mixed_orbit selected=test_unseen_day_unseen_rx overall_tx=40.63% strict_udu=40.63% (24376/60000)
[BEST-TEST] overall=90.23% @ E118 -> finalist_runs/B2_A2_light_seed1337/best_model_test_overall.pth | unseen_day_unseen_rx=85.84% @ E123 -> finalist_runs/B2_A2_light_seed1337/best_model_strict_udu.pth | unseen_day_seen_rx=94.24% @ E080 | seen_day_unseen_rx=90.24% @ E118
[BEST-PRIMARY] score=87.23 @ E123 -> finalist_runs/B2_A2_light_seed1337/best_model_primary_ood.pth | overall=89.82% strict_udu=85.84%
[BEST-WORST-RX] worst_rx=85.09% (test_rx_8) @ E118 -> finalist_runs/B2_A2_light_seed1337/best_model_worst_rx.pth
====================================================================================================================================
[Epoch 131/200] time=87.1s | lr=5.39e-05 | aux_scale=1.000
[STAGE] phase=S3_refine_aux | use_aux=1.0 cons=1.00 cls_aux=1.00 reg=1.00 joint_inv=0.30 kl=0.60 group_ce=1.00
[MIXSTYLE-EPOCH] phase=late_anneal enabled=1 p=0.090 strength=0.470 anneal_t=0.600
[AUG] scale=0.350 | p_dac=0.000 p_pa=0.049 p_shift=0.122 p_cfo=0.122 p_awgn=0.140 p_mp=0.063 | max_shift=11 cfo_max=0.00014 pn_max=0.0021
------------------------------------------------------------------------------------------------------------------------------------
[LOSS-CORE] total=3.6651 cls=1.2161 dom=0.3241 adv=2.6216 orth=0.0026 cons=0.1676 group_ce=2.1166
[LOSS-AUX]  cls_pa=1.1001 cls_dac=0.0000 pa_joint_inv=0.2051 pa_kl=0.9309 dac_reg=0.0000 pa_reg=0.0144 gap_dac=0.0000 gap_pa=0.2759 cos_joint_pa=0.7949 cos_imp_pa=nan
[LOSS-SAT]  cls_sat=9.3829 sat_cons=0.7244 sat_cos=0.2756
[LOSS-DG]   proto=0.0000 proto_cos=nan supcon=0.0000 fishr=0.0012 sgc_res=0.0000
[LOSS-CAL]  ecc=0.0000 ecc_w=0.0000 ecc_tau=0.9500 ecc_maxp=nan
[TRAIN] tx=90.41% dom=88.09% cons_cos=0.8324
[GRAD]  total=1.640 backbone=1.000 aux=0.750 domain=0.403
[VAL]   tx=98.94% dom=95.25%
[TEST]  overall_tx=89.04% (181650/204000)
[TEST-SPLIT]
          unseen_day_seen_rx(days=['2021_03_15', '2021_03_23'], rxs=[0, 1, 2, 3, 4, 5, 6]): tx=93.12% (78222/84000)
          seen_day_unseen_rx(days=['2021_03_01', '2021_03_08'], rxs=[7, 8, 9, 10, 11]): tx=88.29% (52973/60000)
          unseen_day_unseen_rx(days=['2021_03_15', '2021_03_23'], rxs=[7, 8, 9, 10, 11]): tx=84.09% (50455/60000)
          day=2021_03_15 on seen_rxs=[0, 1, 2, 3, 4, 5, 6]: tx=95.10% (39940/42000)
          day=2021_03_23 on seen_rxs=[0, 1, 2, 3, 4, 5, 6]: tx=91.15% (38282/42000)
          rx=7 on seen_days=['2021_03_01', '2021_03_08']: tx=80.44% (9653/12000)
          rx=8 on seen_days=['2021_03_01', '2021_03_08']: tx=84.02% (10082/12000)
          rx=9 on seen_days=['2021_03_01', '2021_03_08']: tx=90.00% (10800/12000)
          rx=10 on seen_days=['2021_03_01', '2021_03_08']: tx=93.66% (11239/12000)
          rx=11 on seen_days=['2021_03_01', '2021_03_08']: tx=93.33% (11199/12000)
[BEST-JOINT]  val_tx=99.01% & test_tx=89.11% @ E129
[CKPT]  latest -> finalist_runs/B2_A2_light_seed1337/latest_model.pth (saved) | best -> finalist_runs/B2_A2_light_seed1337/best_model_val.pth
====================================================================================================================================
[SAT-TEST] scenario=clear_leo selected=test_unseen_day_unseen_rx overall_tx=43.91% strict_udu=43.91% (26346/60000)
[SAT-TEST] scenario=low_elev_leo selected=test_unseen_day_unseen_rx overall_tx=44.77% strict_udu=44.77% (26859/60000)
[SAT-TEST] scenario=rain_leo selected=test_unseen_day_unseen_rx overall_tx=41.70% strict_udu=41.70% (25020/60000)
[SAT-TEST] scenario=storm_mp selected=test_unseen_day_unseen_rx overall_tx=38.25% strict_udu=38.25% (22952/60000)
[SAT-TEST] scenario=mixed_orbit selected=test_unseen_day_unseen_rx overall_tx=40.47% strict_udu=40.47% (24282/60000)
[BEST-TEST] overall=90.23% @ E118 -> finalist_runs/B2_A2_light_seed1337/best_model_test_overall.pth | unseen_day_unseen_rx=85.84% @ E123 -> finalist_runs/B2_A2_light_seed1337/best_model_strict_udu.pth | unseen_day_seen_rx=94.24% @ E080 | seen_day_unseen_rx=90.24% @ E118
[BEST-PRIMARY] score=87.23 @ E123 -> finalist_runs/B2_A2_light_seed1337/best_model_primary_ood.pth | overall=89.82% strict_udu=85.84%
[BEST-WORST-RX] worst_rx=85.09% (test_rx_8) @ E118 -> finalist_runs/B2_A2_light_seed1337/best_model_worst_rx.pth
====================================================================================================================================
[Epoch 132/200] time=85.5s | lr=5.26e-05 | aux_scale=1.000
[STAGE] phase=S3_refine_aux | use_aux=1.0 cons=1.00 cls_aux=1.00 reg=1.00 joint_inv=0.30 kl=0.60 group_ce=1.00
[MIXSTYLE-EPOCH] phase=late_anneal enabled=1 p=0.087 strength=0.461 anneal_t=0.629
[AUG] scale=0.350 | p_dac=0.000 p_pa=0.049 p_shift=0.122 p_cfo=0.122 p_awgn=0.140 p_mp=0.063 | max_shift=11 cfo_max=0.00014 pn_max=0.0021
------------------------------------------------------------------------------------------------------------------------------------
[LOSS-CORE] total=3.6733 cls=1.2156 dom=0.3291 adv=2.6208 orth=0.0026 cons=0.1712 group_ce=2.2215
[LOSS-AUX]  cls_pa=1.0564 cls_dac=0.0000 pa_joint_inv=0.2037 pa_kl=0.8802 dac_reg=0.0000 pa_reg=0.0144 gap_dac=0.0000 gap_pa=0.2820 cos_joint_pa=0.7963 cos_imp_pa=nan
[LOSS-SAT]  cls_sat=9.4327 sat_cons=0.7297 sat_cos=0.2703
[LOSS-DG]   proto=0.0000 proto_cos=nan supcon=0.0000 fishr=0.0012 sgc_res=0.0000
[LOSS-CAL]  ecc=0.0000 ecc_w=0.0000 ecc_tau=0.9500 ecc_maxp=nan
[TRAIN] tx=90.43% dom=87.90% cons_cos=0.8289
[GRAD]  total=1.532 backbone=1.000 aux=0.750 domain=0.404
[VAL]   tx=98.84% dom=95.80%
[TEST]  overall_tx=88.80% (181154/204000)
[TEST-SPLIT]
          unseen_day_seen_rx(days=['2021_03_15', '2021_03_23'], rxs=[0, 1, 2, 3, 4, 5, 6]): tx=92.91% (78048/84000)
          seen_day_unseen_rx(days=['2021_03_01', '2021_03_08'], rxs=[7, 8, 9, 10, 11]): tx=88.00% (52798/60000)
          unseen_day_unseen_rx(days=['2021_03_15', '2021_03_23'], rxs=[7, 8, 9, 10, 11]): tx=83.85% (50308/60000)
          day=2021_03_15 on seen_rxs=[0, 1, 2, 3, 4, 5, 6]: tx=95.10% (39944/42000)
          day=2021_03_23 on seen_rxs=[0, 1, 2, 3, 4, 5, 6]: tx=90.72% (38104/42000)
          rx=7 on seen_days=['2021_03_01', '2021_03_08']: tx=81.88% (9826/12000)
          rx=8 on seen_days=['2021_03_01', '2021_03_08']: tx=84.38% (10126/12000)
          rx=9 on seen_days=['2021_03_01', '2021_03_08']: tx=89.62% (10754/12000)
          rx=10 on seen_days=['2021_03_01', '2021_03_08']: tx=92.96% (11155/12000)
          rx=11 on seen_days=['2021_03_01', '2021_03_08']: tx=91.14% (10937/12000)
[BEST-JOINT]  val_tx=99.01% & test_tx=89.11% @ E129
[CKPT]  latest -> finalist_runs/B2_A2_light_seed1337/latest_model.pth (saved) | best -> finalist_runs/B2_A2_light_seed1337/best_model_val.pth
====================================================================================================================================
[SAT-TEST] scenario=clear_leo selected=test_unseen_day_unseen_rx overall_tx=43.45% strict_udu=43.45% (26071/60000)
[SAT-TEST] scenario=low_elev_leo selected=test_unseen_day_unseen_rx overall_tx=44.59% strict_udu=44.59% (26757/60000)
[SAT-TEST] scenario=rain_leo selected=test_unseen_day_unseen_rx overall_tx=41.58% strict_udu=41.58% (24948/60000)
[SAT-TEST] scenario=storm_mp selected=test_unseen_day_unseen_rx overall_tx=37.62% strict_udu=37.62% (22572/60000)
[SAT-TEST] scenario=mixed_orbit selected=test_unseen_day_unseen_rx overall_tx=39.81% strict_udu=39.81% (23887/60000)
[BEST-TEST] overall=90.23% @ E118 -> finalist_runs/B2_A2_light_seed1337/best_model_test_overall.pth | unseen_day_unseen_rx=85.84% @ E123 -> finalist_runs/B2_A2_light_seed1337/best_model_strict_udu.pth | unseen_day_seen_rx=94.24% @ E080 | seen_day_unseen_rx=90.24% @ E118
[BEST-PRIMARY] score=87.23 @ E123 -> finalist_runs/B2_A2_light_seed1337/best_model_primary_ood.pth | overall=89.82% strict_udu=85.84%
[BEST-WORST-RX] worst_rx=85.09% (test_rx_8) @ E118 -> finalist_runs/B2_A2_light_seed1337/best_model_worst_rx.pth
====================================================================================================================================
[Epoch 133/200] time=85.3s | lr=5.12e-05 | aux_scale=1.000
[STAGE] phase=S3_refine_aux | use_aux=1.0 cons=1.00 cls_aux=1.00 reg=1.00 joint_inv=0.30 kl=0.60 group_ce=1.00
[MIXSTYLE-EPOCH] phase=late_anneal enabled=1 p=0.084 strength=0.453 anneal_t=0.657
[AUG] scale=0.350 | p_dac=0.000 p_pa=0.049 p_shift=0.122 p_cfo=0.122 p_awgn=0.140 p_mp=0.063 | max_shift=11 cfo_max=0.00014 pn_max=0.0021
------------------------------------------------------------------------------------------------------------------------------------
[LOSS-CORE] total=3.7041 cls=1.2408 dom=0.3332 adv=2.6254 orth=0.0025 cons=0.1682 group_ce=2.1852
[LOSS-AUX]  cls_pa=1.0729 cls_dac=0.0000 pa_joint_inv=0.2047 pa_kl=0.9004 dac_reg=0.0000 pa_reg=0.0141 gap_dac=0.0000 gap_pa=0.2835 cos_joint_pa=0.7953 cos_imp_pa=nan
[LOSS-SAT]  cls_sat=9.4297 sat_cons=0.7318 sat_cos=0.2682
[LOSS-DG]   proto=0.0000 proto_cos=nan supcon=0.0000 fishr=0.0013 sgc_res=0.0000
[LOSS-CAL]  ecc=0.0000 ecc_w=0.0000 ecc_tau=0.9500 ecc_maxp=nan
[TRAIN] tx=90.13% dom=87.73% cons_cos=0.8318
[GRAD]  total=1.560 backbone=1.000 aux=0.750 domain=0.393
[VAL]   tx=98.72% dom=95.68%
[TEST]  overall_tx=87.97% (179458/204000)
[TEST-SPLIT]
          unseen_day_seen_rx(days=['2021_03_15', '2021_03_23'], rxs=[0, 1, 2, 3, 4, 5, 6]): tx=92.90% (78038/84000)
          seen_day_unseen_rx(days=['2021_03_01', '2021_03_08'], rxs=[7, 8, 9, 10, 11]): tx=86.83% (52096/60000)
          unseen_day_unseen_rx(days=['2021_03_15', '2021_03_23'], rxs=[7, 8, 9, 10, 11]): tx=82.21% (49324/60000)
          day=2021_03_15 on seen_rxs=[0, 1, 2, 3, 4, 5, 6]: tx=96.05% (40342/42000)
          day=2021_03_23 on seen_rxs=[0, 1, 2, 3, 4, 5, 6]: tx=89.75% (37696/42000)
          rx=7 on seen_days=['2021_03_01', '2021_03_08']: tx=80.42% (9651/12000)
          rx=8 on seen_days=['2021_03_01', '2021_03_08']: tx=82.62% (9915/12000)
          rx=9 on seen_days=['2021_03_01', '2021_03_08']: tx=90.80% (10896/12000)
          rx=10 on seen_days=['2021_03_01', '2021_03_08']: tx=91.78% (11013/12000)
          rx=11 on seen_days=['2021_03_01', '2021_03_08']: tx=88.51% (10621/12000)
[BEST-JOINT]  val_tx=99.01% & test_tx=89.11% @ E129
[CKPT]  latest -> finalist_runs/B2_A2_light_seed1337/latest_model.pth (saved) | best -> finalist_runs/B2_A2_light_seed1337/best_model_val.pth
====================================================================================================================================
[SAT-TEST] scenario=clear_leo selected=test_unseen_day_unseen_rx overall_tx=44.92% strict_udu=44.92% (26951/60000)
[SAT-TEST] scenario=low_elev_leo selected=test_unseen_day_unseen_rx overall_tx=45.69% strict_udu=45.69% (27412/60000)
[SAT-TEST] scenario=rain_leo selected=test_unseen_day_unseen_rx overall_tx=42.76% strict_udu=42.76% (25655/60000)
[SAT-TEST] scenario=storm_mp selected=test_unseen_day_unseen_rx overall_tx=38.41% strict_udu=38.41% (23047/60000)
[SAT-TEST] scenario=mixed_orbit selected=test_unseen_day_unseen_rx overall_tx=40.69% strict_udu=40.69% (24415/60000)
[BEST-TEST] overall=90.23% @ E118 -> finalist_runs/B2_A2_light_seed1337/best_model_test_overall.pth | unseen_day_unseen_rx=85.84% @ E123 -> finalist_runs/B2_A2_light_seed1337/best_model_strict_udu.pth | unseen_day_seen_rx=94.24% @ E080 | seen_day_unseen_rx=90.24% @ E118
[BEST-PRIMARY] score=87.23 @ E123 -> finalist_runs/B2_A2_light_seed1337/best_model_primary_ood.pth | overall=89.82% strict_udu=85.84%
[BEST-WORST-RX] worst_rx=85.09% (test_rx_8) @ E118 -> finalist_runs/B2_A2_light_seed1337/best_model_worst_rx.pth
====================================================================================================================================
[Epoch 134/200] time=85.6s | lr=4.99e-05 | aux_scale=1.000
[STAGE] phase=S3_refine_aux | use_aux=1.0 cons=1.00 cls_aux=1.00 reg=1.00 joint_inv=0.30 kl=0.60 group_ce=1.00
[MIXSTYLE-EPOCH] phase=late_anneal enabled=1 p=0.081 strength=0.444 anneal_t=0.686
[AUG] scale=0.350 | p_dac=0.000 p_pa=0.049 p_shift=0.122 p_cfo=0.122 p_awgn=0.140 p_mp=0.063 | max_shift=11 cfo_max=0.00014 pn_max=0.0021
------------------------------------------------------------------------------------------------------------------------------------
[LOSS-CORE] total=3.5286 cls=1.1242 dom=0.2859 adv=2.6197 orth=0.0024 cons=0.1667 group_ce=2.0581
[LOSS-AUX]  cls_pa=1.1079 cls_dac=0.0000 pa_joint_inv=0.2053 pa_kl=0.9309 dac_reg=0.0000 pa_reg=0.0142 gap_dac=0.0000 gap_pa=0.2724 cos_joint_pa=0.7947 cos_imp_pa=nan
[LOSS-SAT]  cls_sat=9.3547 sat_cons=0.7367 sat_cos=0.2633
[LOSS-DG]   proto=0.0000 proto_cos=nan supcon=0.0000 fishr=0.0011 sgc_res=0.0000
[LOSS-CAL]  ecc=0.0000 ecc_w=0.0000 ecc_tau=0.9500 ecc_maxp=nan
[TRAIN] tx=91.53% dom=89.24% cons_cos=0.8333
[GRAD]  total=1.597 backbone=1.000 aux=0.750 domain=0.403
[VAL]   tx=99.00% dom=95.70%
[TEST]  overall_tx=89.14% (181836/204000)
[TEST-SPLIT]
          unseen_day_seen_rx(days=['2021_03_15', '2021_03_23'], rxs=[0, 1, 2, 3, 4, 5, 6]): tx=93.42% (78470/84000)
          seen_day_unseen_rx(days=['2021_03_01', '2021_03_08'], rxs=[7, 8, 9, 10, 11]): tx=88.44% (53062/60000)
          unseen_day_unseen_rx(days=['2021_03_15', '2021_03_23'], rxs=[7, 8, 9, 10, 11]): tx=83.84% (50304/60000)
          day=2021_03_15 on seen_rxs=[0, 1, 2, 3, 4, 5, 6]: tx=95.87% (40264/42000)
          day=2021_03_23 on seen_rxs=[0, 1, 2, 3, 4, 5, 6]: tx=90.97% (38206/42000)
          rx=7 on seen_days=['2021_03_01', '2021_03_08']: tx=82.18% (9862/12000)
          rx=8 on seen_days=['2021_03_01', '2021_03_08']: tx=83.23% (9988/12000)
          rx=9 on seen_days=['2021_03_01', '2021_03_08']: tx=90.68% (10882/12000)
          rx=10 on seen_days=['2021_03_01', '2021_03_08']: tx=93.28% (11193/12000)
          rx=11 on seen_days=['2021_03_01', '2021_03_08']: tx=92.81% (11137/12000)
[BEST-JOINT]  val_tx=99.01% & test_tx=89.11% @ E129
[CKPT]  latest -> finalist_runs/B2_A2_light_seed1337/latest_model.pth (saved) | best -> finalist_runs/B2_A2_light_seed1337/best_model_val.pth
====================================================================================================================================
[SAT-TEST] scenario=clear_leo selected=test_unseen_day_unseen_rx overall_tx=43.81% strict_udu=43.81% (26288/60000)
[SAT-TEST] scenario=low_elev_leo selected=test_unseen_day_unseen_rx overall_tx=44.42% strict_udu=44.42% (26652/60000)
[SAT-TEST] scenario=rain_leo selected=test_unseen_day_unseen_rx overall_tx=41.40% strict_udu=41.40% (24839/60000)
[SAT-TEST] scenario=storm_mp selected=test_unseen_day_unseen_rx overall_tx=37.80% strict_udu=37.80% (22681/60000)
[SAT-TEST] scenario=mixed_orbit selected=test_unseen_day_unseen_rx overall_tx=40.37% strict_udu=40.37% (24219/60000)
[BEST-TEST] overall=90.23% @ E118 -> finalist_runs/B2_A2_light_seed1337/best_model_test_overall.pth | unseen_day_unseen_rx=85.84% @ E123 -> finalist_runs/B2_A2_light_seed1337/best_model_strict_udu.pth | unseen_day_seen_rx=94.24% @ E080 | seen_day_unseen_rx=90.24% @ E118
[BEST-PRIMARY] score=87.23 @ E123 -> finalist_runs/B2_A2_light_seed1337/best_model_primary_ood.pth | overall=89.82% strict_udu=85.84%
[BEST-WORST-RX] worst_rx=85.09% (test_rx_8) @ E118 -> finalist_runs/B2_A2_light_seed1337/best_model_worst_rx.pth
====================================================================================================================================
[Epoch 135/200] time=85.5s | lr=4.85e-05 | aux_scale=1.000
[STAGE] phase=S3_refine_aux | use_aux=1.0 cons=1.00 cls_aux=1.00 reg=1.00 joint_inv=0.30 kl=0.60 group_ce=1.00
[MIXSTYLE-EPOCH] phase=late_anneal enabled=1 p=0.079 strength=0.436 anneal_t=0.714
[AUG] scale=0.350 | p_dac=0.000 p_pa=0.049 p_shift=0.122 p_cfo=0.122 p_awgn=0.140 p_mp=0.063 | max_shift=11 cfo_max=0.00014 pn_max=0.0021
------------------------------------------------------------------------------------------------------------------------------------
[LOSS-CORE] total=4.2421 cls=1.6061 dom=0.4572 adv=2.6258 orth=0.0023 cons=0.1810 group_ce=2.6838
[LOSS-AUX]  cls_pa=1.0481 cls_dac=0.0000 pa_joint_inv=0.2027 pa_kl=0.8790 dac_reg=0.0000 pa_reg=0.0142 gap_dac=0.0000 gap_pa=0.2811 cos_joint_pa=0.7973 cos_imp_pa=nan
[LOSS-SAT]  cls_sat=9.4920 sat_cons=0.7220 sat_cos=0.2780
[LOSS-DG]   proto=0.0000 proto_cos=nan supcon=0.0000 fishr=0.0015 sgc_res=0.0000
[LOSS-CAL]  ecc=0.0000 ecc_w=0.0000 ecc_tau=0.9500 ecc_maxp=nan
[TRAIN] tx=87.08% dom=83.69% cons_cos=0.8190
[GRAD]  total=1.754 backbone=1.000 aux=0.750 domain=0.403
[VAL]   tx=98.99% dom=95.52%
[TEST]  overall_tx=89.72% (183026/204000)
[TEST-SPLIT]
          unseen_day_seen_rx(days=['2021_03_15', '2021_03_23'], rxs=[0, 1, 2, 3, 4, 5, 6]): tx=93.57% (78602/84000)
          seen_day_unseen_rx(days=['2021_03_01', '2021_03_08'], rxs=[7, 8, 9, 10, 11]): tx=89.03% (53418/60000)
          unseen_day_unseen_rx(days=['2021_03_15', '2021_03_23'], rxs=[7, 8, 9, 10, 11]): tx=85.01% (51006/60000)
          day=2021_03_15 on seen_rxs=[0, 1, 2, 3, 4, 5, 6]: tx=95.76% (40220/42000)
          day=2021_03_23 on seen_rxs=[0, 1, 2, 3, 4, 5, 6]: tx=91.39% (38382/42000)
          rx=7 on seen_days=['2021_03_01', '2021_03_08']: tx=81.95% (9834/12000)
          rx=8 on seen_days=['2021_03_01', '2021_03_08']: tx=84.22% (10107/12000)
          rx=9 on seen_days=['2021_03_01', '2021_03_08']: tx=90.53% (10863/12000)
          rx=10 on seen_days=['2021_03_01', '2021_03_08']: tx=93.84% (11261/12000)
          rx=11 on seen_days=['2021_03_01', '2021_03_08']: tx=94.61% (11353/12000)
[BEST-JOINT]  val_tx=99.01% & test_tx=89.11% @ E129
[CKPT]  latest -> finalist_runs/B2_A2_light_seed1337/latest_model.pth (saved) | best -> finalist_runs/B2_A2_light_seed1337/best_model_val.pth
====================================================================================================================================
[SAT-TEST] scenario=clear_leo selected=test_unseen_day_unseen_rx overall_tx=44.08% strict_udu=44.08% (26446/60000)
[SAT-TEST] scenario=low_elev_leo selected=test_unseen_day_unseen_rx overall_tx=45.08% strict_udu=45.08% (27050/60000)
[SAT-TEST] scenario=rain_leo selected=test_unseen_day_unseen_rx overall_tx=41.95% strict_udu=41.95% (25171/60000)
[SAT-TEST] scenario=storm_mp selected=test_unseen_day_unseen_rx overall_tx=38.08% strict_udu=38.08% (22849/60000)
[SAT-TEST] scenario=mixed_orbit selected=test_unseen_day_unseen_rx overall_tx=40.28% strict_udu=40.28% (24170/60000)
[BEST-TEST] overall=90.23% @ E118 -> finalist_runs/B2_A2_light_seed1337/best_model_test_overall.pth | unseen_day_unseen_rx=85.84% @ E123 -> finalist_runs/B2_A2_light_seed1337/best_model_strict_udu.pth | unseen_day_seen_rx=94.24% @ E080 | seen_day_unseen_rx=90.24% @ E118
[BEST-PRIMARY] score=87.23 @ E123 -> finalist_runs/B2_A2_light_seed1337/best_model_primary_ood.pth | overall=89.82% strict_udu=85.84%
[BEST-WORST-RX] worst_rx=85.09% (test_rx_8) @ E118 -> finalist_runs/B2_A2_light_seed1337/best_model_worst_rx.pth
====================================================================================================================================
[Epoch 136/200] time=88.6s | lr=4.72e-05 | aux_scale=1.000
[STAGE] phase=S3_refine_aux_late_stable | use_aux=1.0 cons=1.00 cls_aux=1.00 reg=1.00 joint_inv=0.30 kl=0.60 group_ce=1.00
[MIXSTYLE-EPOCH] phase=late_anneal enabled=1 p=0.076 strength=0.427 anneal_t=0.743
[AUG] scale=0.350 | p_dac=0.000 p_pa=0.049 p_shift=0.122 p_cfo=0.122 p_awgn=0.140 p_mp=0.063 | max_shift=11 cfo_max=0.00014 pn_max=0.0021
------------------------------------------------------------------------------------------------------------------------------------
[LOSS-CORE] total=3.5024 cls=1.1107 dom=0.2937 adv=2.6236 orth=0.0025 cons=0.1662 group_ce=2.0144
[LOSS-AUX]  cls_pa=1.0505 cls_dac=0.0000 pa_joint_inv=0.1998 pa_kl=0.8813 dac_reg=0.0000 pa_reg=0.0144 gap_dac=0.0000 gap_pa=0.2787 cos_joint_pa=0.8002 cos_imp_pa=nan
[LOSS-SAT]  cls_sat=9.2493 sat_cons=0.7192 sat_cos=0.2808
[LOSS-DG]   proto=0.0000 proto_cos=nan supcon=0.0000 fishr=0.0012 sgc_res=0.0000
[LOSS-CAL]  ecc=0.0000 ecc_w=0.0000 ecc_tau=0.9500 ecc_maxp=nan
[TRAIN] tx=91.26% dom=89.03% cons_cos=0.8338
[GRAD]  total=1.518 backbone=1.000 aux=0.750 domain=0.401
[VAL]   tx=98.97% dom=95.91%
[TEST]  overall_tx=89.07% (181697/204000)
[TEST-SPLIT]
          unseen_day_seen_rx(days=['2021_03_15', '2021_03_23'], rxs=[0, 1, 2, 3, 4, 5, 6]): tx=93.37% (78429/84000)
          seen_day_unseen_rx(days=['2021_03_01', '2021_03_08'], rxs=[7, 8, 9, 10, 11]): tx=88.48% (53089/60000)
          unseen_day_unseen_rx(days=['2021_03_15', '2021_03_23'], rxs=[7, 8, 9, 10, 11]): tx=83.63% (50179/60000)
          day=2021_03_15 on seen_rxs=[0, 1, 2, 3, 4, 5, 6]: tx=95.20% (39983/42000)
          day=2021_03_23 on seen_rxs=[0, 1, 2, 3, 4, 5, 6]: tx=91.54% (38446/42000)
          rx=7 on seen_days=['2021_03_01', '2021_03_08']: tx=83.10% (9972/12000)
          rx=8 on seen_days=['2021_03_01', '2021_03_08']: tx=83.05% (9966/12000)
          rx=9 on seen_days=['2021_03_01', '2021_03_08']: tx=89.95% (10794/12000)
          rx=10 on seen_days=['2021_03_01', '2021_03_08']: tx=93.30% (11196/12000)
          rx=11 on seen_days=['2021_03_01', '2021_03_08']: tx=93.01% (11161/12000)
[BEST-JOINT]  val_tx=99.01% & test_tx=89.11% @ E129
[CKPT]  latest -> finalist_runs/B2_A2_light_seed1337/latest_model.pth (saved) | best -> finalist_runs/B2_A2_light_seed1337/best_model_val.pth
====================================================================================================================================
[SAT-TEST] scenario=clear_leo selected=test_unseen_day_unseen_rx overall_tx=43.10% strict_udu=43.10% (25860/60000)
[SAT-TEST] scenario=low_elev_leo selected=test_unseen_day_unseen_rx overall_tx=43.77% strict_udu=43.77% (26264/60000)
[SAT-TEST] scenario=rain_leo selected=test_unseen_day_unseen_rx overall_tx=40.98% strict_udu=40.98% (24588/60000)
[SAT-TEST] scenario=storm_mp selected=test_unseen_day_unseen_rx overall_tx=37.46% strict_udu=37.46% (22474/60000)
[SAT-TEST] scenario=mixed_orbit selected=test_unseen_day_unseen_rx overall_tx=39.73% strict_udu=39.73% (23837/60000)
[BEST-TEST] overall=90.23% @ E118 -> finalist_runs/B2_A2_light_seed1337/best_model_test_overall.pth | unseen_day_unseen_rx=85.84% @ E123 -> finalist_runs/B2_A2_light_seed1337/best_model_strict_udu.pth | unseen_day_seen_rx=94.24% @ E080 | seen_day_unseen_rx=90.24% @ E118
[BEST-PRIMARY] score=87.23 @ E123 -> finalist_runs/B2_A2_light_seed1337/best_model_primary_ood.pth | overall=89.82% strict_udu=85.84%
[BEST-WORST-RX] worst_rx=85.09% (test_rx_8) @ E118 -> finalist_runs/B2_A2_light_seed1337/best_model_worst_rx.pth
====================================================================================================================================
[Epoch 137/200] time=85.3s | lr=4.59e-05 | aux_scale=1.000
[STAGE] phase=S3_refine_aux_late_stable | use_aux=1.0 cons=0.99 cls_aux=0.99 reg=0.99 joint_inv=0.30 kl=0.60 group_ce=1.00
[MIXSTYLE-EPOCH] phase=late_anneal enabled=1 p=0.073 strength=0.419 anneal_t=0.771
[AUG] scale=0.348 | p_dac=0.000 p_pa=0.049 p_shift=0.122 p_cfo=0.122 p_awgn=0.139 p_mp=0.063 | max_shift=11 cfo_max=0.0001393 pn_max=0.00209
------------------------------------------------------------------------------------------------------------------------------------
[LOSS-CORE] total=3.5788 cls=1.1505 dom=0.3166 adv=2.6177 orth=0.0024 cons=0.1710 group_ce=2.0711
[LOSS-AUX]  cls_pa=1.0895 cls_dac=0.0000 pa_joint_inv=0.2017 pa_kl=0.9183 dac_reg=0.0000 pa_reg=0.0145 gap_dac=0.0000 gap_pa=0.2722 cos_joint_pa=0.7983 cos_imp_pa=nan
[LOSS-SAT]  cls_sat=9.4133 sat_cons=0.7329 sat_cos=0.2671
[LOSS-DG]   proto=0.0000 proto_cos=nan supcon=0.0000 fishr=0.0012 sgc_res=0.0000
[LOSS-CAL]  ecc=0.0000 ecc_w=0.0000 ecc_tau=0.9500 ecc_maxp=nan
[TRAIN] tx=90.98% dom=88.14% cons_cos=0.8290
[GRAD]  total=1.654 backbone=1.000 aux=0.750 domain=0.410
[VAL]   tx=98.99% dom=95.59%
[TEST]  overall_tx=89.33% (182243/204000)
[TEST-SPLIT]
          unseen_day_seen_rx(days=['2021_03_15', '2021_03_23'], rxs=[0, 1, 2, 3, 4, 5, 6]): tx=93.46% (78504/84000)
          seen_day_unseen_rx(days=['2021_03_01', '2021_03_08'], rxs=[7, 8, 9, 10, 11]): tx=88.41% (53045/60000)
          unseen_day_unseen_rx(days=['2021_03_15', '2021_03_23'], rxs=[7, 8, 9, 10, 11]): tx=84.49% (50694/60000)
          day=2021_03_15 on seen_rxs=[0, 1, 2, 3, 4, 5, 6]: tx=96.03% (40331/42000)
          day=2021_03_23 on seen_rxs=[0, 1, 2, 3, 4, 5, 6]: tx=90.89% (38173/42000)
          rx=7 on seen_days=['2021_03_01', '2021_03_08']: tx=80.69% (9683/12000)
          rx=8 on seen_days=['2021_03_01', '2021_03_08']: tx=84.53% (10144/12000)
          rx=9 on seen_days=['2021_03_01', '2021_03_08']: tx=90.51% (10861/12000)
          rx=10 on seen_days=['2021_03_01', '2021_03_08']: tx=93.26% (11191/12000)
          rx=11 on seen_days=['2021_03_01', '2021_03_08']: tx=93.05% (11166/12000)
[BEST-JOINT]  val_tx=99.01% & test_tx=89.11% @ E129
[CKPT]  latest -> finalist_runs/B2_A2_light_seed1337/latest_model.pth (saved) | best -> finalist_runs/B2_A2_light_seed1337/best_model_val.pth
====================================================================================================================================
[SAT-TEST] scenario=clear_leo selected=test_unseen_day_unseen_rx overall_tx=44.32% strict_udu=44.32% (26593/60000)
[SAT-TEST] scenario=low_elev_leo selected=test_unseen_day_unseen_rx overall_tx=44.75% strict_udu=44.75% (26848/60000)
[SAT-TEST] scenario=rain_leo selected=test_unseen_day_unseen_rx overall_tx=41.77% strict_udu=41.77% (25059/60000)
[SAT-TEST] scenario=storm_mp selected=test_unseen_day_unseen_rx overall_tx=38.11% strict_udu=38.11% (22866/60000)
[SAT-TEST] scenario=mixed_orbit selected=test_unseen_day_unseen_rx overall_tx=40.67% strict_udu=40.67% (24404/60000)
[BEST-TEST] overall=90.23% @ E118 -> finalist_runs/B2_A2_light_seed1337/best_model_test_overall.pth | unseen_day_unseen_rx=85.84% @ E123 -> finalist_runs/B2_A2_light_seed1337/best_model_strict_udu.pth | unseen_day_seen_rx=94.24% @ E080 | seen_day_unseen_rx=90.24% @ E118
[BEST-PRIMARY] score=87.23 @ E123 -> finalist_runs/B2_A2_light_seed1337/best_model_primary_ood.pth | overall=89.82% strict_udu=85.84%
[BEST-WORST-RX] worst_rx=85.09% (test_rx_8) @ E118 -> finalist_runs/B2_A2_light_seed1337/best_model_worst_rx.pth
====================================================================================================================================
[Epoch 138/200] time=90.2s | lr=4.46e-05 | aux_scale=1.000
[STAGE] phase=S3_refine_aux_late_stable | use_aux=1.0 cons=0.99 cls_aux=0.98 reg=0.98 joint_inv=0.29 kl=0.59 group_ce=0.99
[MIXSTYLE-EPOCH] phase=late_anneal enabled=1 p=0.070 strength=0.410 anneal_t=0.800
[AUG] scale=0.346 | p_dac=0.000 p_pa=0.048 p_shift=0.121 p_cfo=0.121 p_awgn=0.138 p_mp=0.062 | max_shift=11 cfo_max=0.0001384 pn_max=0.002076
------------------------------------------------------------------------------------------------------------------------------------
[LOSS-CORE] total=4.0453 cls=1.5249 dom=0.3786 adv=2.6190 orth=0.0020 cons=0.1888 group_ce=2.6002
[LOSS-AUX]  cls_pa=1.0363 cls_dac=0.0000 pa_joint_inv=0.2047 pa_kl=0.8631 dac_reg=0.0000 pa_reg=0.0144 gap_dac=0.0000 gap_pa=0.2831 cos_joint_pa=0.7953 cos_imp_pa=nan
[LOSS-SAT]  cls_sat=9.3267 sat_cons=0.7276 sat_cos=0.2724
[LOSS-DG]   proto=0.0000 proto_cos=nan supcon=0.0000 fishr=0.0015 sgc_res=0.0000
[LOSS-CAL]  ecc=0.0000 ecc_w=0.0000 ecc_tau=0.9500 ecc_maxp=nan
[TRAIN] tx=87.64% dom=86.17% cons_cos=0.8112
[GRAD]  total=1.602 backbone=1.000 aux=0.750 domain=0.414
[VAL]   tx=98.99% dom=95.72%
[TEST]  overall_tx=89.93% (183454/204000)
[TEST-SPLIT]
          unseen_day_seen_rx(days=['2021_03_15', '2021_03_23'], rxs=[0, 1, 2, 3, 4, 5, 6]): tx=93.71% (78713/84000)
          seen_day_unseen_rx(days=['2021_03_01', '2021_03_08'], rxs=[7, 8, 9, 10, 11]): tx=89.08% (53448/60000)
          unseen_day_unseen_rx(days=['2021_03_15', '2021_03_23'], rxs=[7, 8, 9, 10, 11]): tx=85.49% (51293/60000)
          day=2021_03_15 on seen_rxs=[0, 1, 2, 3, 4, 5, 6]: tx=96.41% (40493/42000)
          day=2021_03_23 on seen_rxs=[0, 1, 2, 3, 4, 5, 6]: tx=91.00% (38220/42000)
          rx=7 on seen_days=['2021_03_01', '2021_03_08']: tx=81.00% (9720/12000)
          rx=8 on seen_days=['2021_03_01', '2021_03_08']: tx=85.68% (10282/12000)
          rx=9 on seen_days=['2021_03_01', '2021_03_08']: tx=90.77% (10892/12000)
          rx=10 on seen_days=['2021_03_01', '2021_03_08']: tx=93.33% (11200/12000)
          rx=11 on seen_days=['2021_03_01', '2021_03_08']: tx=94.62% (11354/12000)
[BEST-JOINT]  val_tx=99.01% & test_tx=89.11% @ E129
[CKPT]  latest -> finalist_runs/B2_A2_light_seed1337/latest_model.pth (saved) | best -> finalist_runs/B2_A2_light_seed1337/best_model_val.pth
====================================================================================================================================
[SAT-TEST] scenario=clear_leo selected=test_unseen_day_unseen_rx overall_tx=44.74% strict_udu=44.74% (26844/60000)
[SAT-TEST] scenario=low_elev_leo selected=test_unseen_day_unseen_rx overall_tx=45.08% strict_udu=45.08% (27050/60000)
[SAT-TEST] scenario=rain_leo selected=test_unseen_day_unseen_rx overall_tx=42.14% strict_udu=42.14% (25284/60000)
[SAT-TEST] scenario=storm_mp selected=test_unseen_day_unseen_rx overall_tx=38.44% strict_udu=38.44% (23066/60000)
[SAT-TEST] scenario=mixed_orbit selected=test_unseen_day_unseen_rx overall_tx=40.98% strict_udu=40.98% (24588/60000)
[BEST-TEST] overall=90.23% @ E118 -> finalist_runs/B2_A2_light_seed1337/best_model_test_overall.pth | unseen_day_unseen_rx=85.84% @ E123 -> finalist_runs/B2_A2_light_seed1337/best_model_strict_udu.pth | unseen_day_seen_rx=94.24% @ E080 | seen_day_unseen_rx=90.24% @ E118
[BEST-PRIMARY] score=87.23 @ E123 -> finalist_runs/B2_A2_light_seed1337/best_model_primary_ood.pth | overall=89.82% strict_udu=85.84%
[BEST-WORST-RX] worst_rx=85.09% (test_rx_8) @ E118 -> finalist_runs/B2_A2_light_seed1337/best_model_worst_rx.pth
====================================================================================================================================
[Epoch 139/200] time=88.6s | lr=4.33e-05 | aux_scale=1.000
[STAGE] phase=S3_refine_aux_late_stable | use_aux=1.0 cons=0.98 cls_aux=0.97 reg=0.97 joint_inv=0.29 kl=0.58 group_ce=0.99
[MIXSTYLE-EPOCH] phase=late_anneal enabled=1 p=0.067 strength=0.401 anneal_t=0.829
[AUG] scale=0.343 | p_dac=0.000 p_pa=0.048 p_shift=0.120 p_cfo=0.120 p_awgn=0.137 p_mp=0.062 | max_shift=11 cfo_max=0.0001373 pn_max=0.00206
------------------------------------------------------------------------------------------------------------------------------------
[LOSS-CORE] total=3.4644 cls=1.0725 dom=0.3267 adv=2.6239 orth=0.0026 cons=0.1646 group_ce=1.8995
[LOSS-AUX]  cls_pa=1.0539 cls_dac=0.0000 pa_joint_inv=0.2020 pa_kl=0.8795 dac_reg=0.0000 pa_reg=0.0141 gap_dac=0.0000 gap_pa=0.2785 cos_joint_pa=0.7980 cos_imp_pa=nan
[LOSS-SAT]  cls_sat=9.3147 sat_cons=0.7264 sat_cos=0.2736
[LOSS-DG]   proto=0.0000 proto_cos=nan supcon=0.0000 fishr=0.0011 sgc_res=0.0000
[LOSS-CAL]  ecc=0.0000 ecc_w=0.0000 ecc_tau=0.9500 ecc_maxp=nan
[TRAIN] tx=91.46% dom=87.96% cons_cos=0.8354
[GRAD]  total=1.665 backbone=1.000 aux=0.750 domain=0.406
[VAL]   tx=98.99% dom=95.73%
[TEST]  overall_tx=89.46% (182499/204000)
[TEST-SPLIT]
          unseen_day_seen_rx(days=['2021_03_15', '2021_03_23'], rxs=[0, 1, 2, 3, 4, 5, 6]): tx=93.51% (78552/84000)
          seen_day_unseen_rx(days=['2021_03_01', '2021_03_08'], rxs=[7, 8, 9, 10, 11]): tx=88.59% (53156/60000)
          unseen_day_unseen_rx(days=['2021_03_15', '2021_03_23'], rxs=[7, 8, 9, 10, 11]): tx=84.65% (50791/60000)
          day=2021_03_15 on seen_rxs=[0, 1, 2, 3, 4, 5, 6]: tx=96.16% (40388/42000)
          day=2021_03_23 on seen_rxs=[0, 1, 2, 3, 4, 5, 6]: tx=90.87% (38164/42000)
          rx=7 on seen_days=['2021_03_01', '2021_03_08']: tx=81.56% (9787/12000)
          rx=8 on seen_days=['2021_03_01', '2021_03_08']: tx=84.83% (10180/12000)
          rx=9 on seen_days=['2021_03_01', '2021_03_08']: tx=91.14% (10937/12000)
          rx=10 on seen_days=['2021_03_01', '2021_03_08']: tx=92.96% (11155/12000)
          rx=11 on seen_days=['2021_03_01', '2021_03_08']: tx=92.47% (11097/12000)
[BEST-JOINT]  val_tx=99.01% & test_tx=89.11% @ E129
[CKPT]  latest -> finalist_runs/B2_A2_light_seed1337/latest_model.pth (saved) | best -> finalist_runs/B2_A2_light_seed1337/best_model_val.pth
====================================================================================================================================
[SAT-TEST] scenario=clear_leo selected=test_unseen_day_unseen_rx overall_tx=44.49% strict_udu=44.49% (26696/60000)
[SAT-TEST] scenario=low_elev_leo selected=test_unseen_day_unseen_rx overall_tx=44.84% strict_udu=44.84% (26905/60000)
[SAT-TEST] scenario=rain_leo selected=test_unseen_day_unseen_rx overall_tx=41.96% strict_udu=41.96% (25175/60000)
[SAT-TEST] scenario=storm_mp selected=test_unseen_day_unseen_rx overall_tx=38.04% strict_udu=38.04% (22825/60000)
[SAT-TEST] scenario=mixed_orbit selected=test_unseen_day_unseen_rx overall_tx=40.48% strict_udu=40.48% (24285/60000)
[BEST-TEST] overall=90.23% @ E118 -> finalist_runs/B2_A2_light_seed1337/best_model_test_overall.pth | unseen_day_unseen_rx=85.84% @ E123 -> finalist_runs/B2_A2_light_seed1337/best_model_strict_udu.pth | unseen_day_seen_rx=94.24% @ E080 | seen_day_unseen_rx=90.24% @ E118
[BEST-PRIMARY] score=87.23 @ E123 -> finalist_runs/B2_A2_light_seed1337/best_model_primary_ood.pth | overall=89.82% strict_udu=85.84%
[BEST-WORST-RX] worst_rx=85.09% (test_rx_8) @ E118 -> finalist_runs/B2_A2_light_seed1337/best_model_worst_rx.pth
====================================================================================================================================
[Epoch 140/200] time=84.6s | lr=4.20e-05 | aux_scale=1.000
[STAGE] phase=S3_refine_aux_late_stable | use_aux=1.0 cons=0.96 cls_aux=0.95 reg=0.95 joint_inv=0.29 kl=0.57 group_ce=0.99
[MIXSTYLE-EPOCH] phase=late_anneal enabled=1 p=0.064 strength=0.393 anneal_t=0.857
[AUG] scale=0.340 | p_dac=0.000 p_pa=0.048 p_shift=0.119 p_cfo=0.119 p_awgn=0.136 p_mp=0.061 | max_shift=11 cfo_max=0.0001362 pn_max=0.002042
------------------------------------------------------------------------------------------------------------------------------------
[LOSS-CORE] total=3.8530 cls=1.3955 dom=0.3569 adv=2.6239 orth=0.0026 cons=0.1753 group_ce=2.3000
[LOSS-AUX]  cls_pa=1.0984 cls_dac=0.0000 pa_joint_inv=0.2019 pa_kl=0.9200 dac_reg=0.0000 pa_reg=0.0142 gap_dac=0.0000 gap_pa=0.2806 cos_joint_pa=0.7981 cos_imp_pa=nan
[LOSS-SAT]  cls_sat=9.2568 sat_cons=0.7265 sat_cos=0.2735
[LOSS-DG]   proto=0.0000 proto_cos=nan supcon=0.0000 fishr=0.0013 sgc_res=0.0000
[LOSS-CAL]  ecc=0.0000 ecc_w=0.0000 ecc_tau=0.9500 ecc_maxp=nan
[TRAIN] tx=88.80% dom=86.89% cons_cos=0.8247
[GRAD]  total=1.565 backbone=1.000 aux=0.750 domain=0.383
[VAL]   tx=98.78% dom=95.63%
[TEST]  overall_tx=88.22% (179977/204000)
[TEST-SPLIT]
          unseen_day_seen_rx(days=['2021_03_15', '2021_03_23'], rxs=[0, 1, 2, 3, 4, 5, 6]): tx=92.67% (77842/84000)
          seen_day_unseen_rx(days=['2021_03_01', '2021_03_08'], rxs=[7, 8, 9, 10, 11]): tx=86.66% (51998/60000)
          unseen_day_unseen_rx(days=['2021_03_15', '2021_03_23'], rxs=[7, 8, 9, 10, 11]): tx=83.56% (50137/60000)
          day=2021_03_15 on seen_rxs=[0, 1, 2, 3, 4, 5, 6]: tx=94.95% (39877/42000)
          day=2021_03_23 on seen_rxs=[0, 1, 2, 3, 4, 5, 6]: tx=90.39% (37965/42000)
          rx=7 on seen_days=['2021_03_01', '2021_03_08']: tx=78.56% (9427/12000)
          rx=8 on seen_days=['2021_03_01', '2021_03_08']: tx=82.93% (9952/12000)
          rx=9 on seen_days=['2021_03_01', '2021_03_08']: tx=89.78% (10773/12000)
          rx=10 on seen_days=['2021_03_01', '2021_03_08']: tx=91.85% (11022/12000)
          rx=11 on seen_days=['2021_03_01', '2021_03_08']: tx=90.20% (10824/12000)
[BEST-JOINT]  val_tx=99.01% & test_tx=89.11% @ E129
[CKPT]  latest -> finalist_runs/B2_A2_light_seed1337/latest_model.pth (saved) | best -> finalist_runs/B2_A2_light_seed1337/best_model_val.pth
====================================================================================================================================
[SAT-TEST] scenario=clear_leo selected=test_unseen_day_unseen_rx overall_tx=43.41% strict_udu=43.41% (26048/60000)
[SAT-TEST] scenario=low_elev_leo selected=test_unseen_day_unseen_rx overall_tx=44.64% strict_udu=44.64% (26785/60000)
[SAT-TEST] scenario=rain_leo selected=test_unseen_day_unseen_rx overall_tx=41.48% strict_udu=41.48% (24891/60000)
[SAT-TEST] scenario=storm_mp selected=test_unseen_day_unseen_rx overall_tx=37.69% strict_udu=37.69% (22612/60000)
[SAT-TEST] scenario=mixed_orbit selected=test_unseen_day_unseen_rx overall_tx=39.58% strict_udu=39.58% (23745/60000)
[BEST-TEST] overall=90.23% @ E118 -> finalist_runs/B2_A2_light_seed1337/best_model_test_overall.pth | unseen_day_unseen_rx=85.84% @ E123 -> finalist_runs/B2_A2_light_seed1337/best_model_strict_udu.pth | unseen_day_seen_rx=94.24% @ E080 | seen_day_unseen_rx=90.24% @ E118
[BEST-PRIMARY] score=87.23 @ E123 -> finalist_runs/B2_A2_light_seed1337/best_model_primary_ood.pth | overall=89.82% strict_udu=85.84%
[BEST-WORST-RX] worst_rx=85.09% (test_rx_8) @ E118 -> finalist_runs/B2_A2_light_seed1337/best_model_worst_rx.pth
====================================================================================================================================
[Epoch 141/200] time=86.1s | lr=4.08e-05 | aux_scale=1.000
[STAGE] phase=S3_refine_aux_late_stable | use_aux=1.0 cons=0.95 cls_aux=0.94 reg=0.94 joint_inv=0.28 kl=0.56 group_ce=0.98
[MIXSTYLE-EPOCH] phase=late_anneal enabled=1 p=0.061 strength=0.384 anneal_t=0.886
[AUG] scale=0.337 | p_dac=0.000 p_pa=0.047 p_shift=0.118 p_cfo=0.118 p_awgn=0.135 p_mp=0.061 | max_shift=11 cfo_max=0.0001349 pn_max=0.002024
------------------------------------------------------------------------------------------------------------------------------------
[LOSS-CORE] total=3.7978 cls=1.3451 dom=0.3786 adv=2.6240 orth=0.0025 cons=0.1759 group_ce=2.2901
[LOSS-AUX]  cls_pa=1.0413 cls_dac=0.0000 pa_joint_inv=0.2005 pa_kl=0.8617 dac_reg=0.0000 pa_reg=0.0144 gap_dac=0.0000 gap_pa=0.2749 cos_joint_pa=0.7995 cos_imp_pa=nan
[LOSS-SAT]  cls_sat=9.2131 sat_cons=0.7282 sat_cos=0.2718
[LOSS-DG]   proto=0.0000 proto_cos=nan supcon=0.0000 fishr=0.0013 sgc_res=0.0000
[LOSS-CAL]  ecc=0.0000 ecc_w=0.0000 ecc_tau=0.9500 ecc_maxp=nan
[TRAIN] tx=89.07% dom=86.37% cons_cos=0.8241
[GRAD]  total=1.699 backbone=1.000 aux=0.750 domain=0.416
[VAL]   tx=98.83% dom=95.91%
[TEST]  overall_tx=89.52% (182617/204000)
[TEST-SPLIT]
          unseen_day_seen_rx(days=['2021_03_15', '2021_03_23'], rxs=[0, 1, 2, 3, 4, 5, 6]): tx=93.19% (78277/84000)
          seen_day_unseen_rx(days=['2021_03_01', '2021_03_08'], rxs=[7, 8, 9, 10, 11]): tx=88.82% (53294/60000)
          unseen_day_unseen_rx(days=['2021_03_15', '2021_03_23'], rxs=[7, 8, 9, 10, 11]): tx=85.08% (51046/60000)
          day=2021_03_15 on seen_rxs=[0, 1, 2, 3, 4, 5, 6]: tx=95.71% (40200/42000)
          day=2021_03_23 on seen_rxs=[0, 1, 2, 3, 4, 5, 6]: tx=90.66% (38077/42000)
          rx=7 on seen_days=['2021_03_01', '2021_03_08']: tx=82.27% (9872/12000)
          rx=8 on seen_days=['2021_03_01', '2021_03_08']: tx=84.50% (10140/12000)
          rx=9 on seen_days=['2021_03_01', '2021_03_08']: tx=90.31% (10837/12000)
          rx=10 on seen_days=['2021_03_01', '2021_03_08']: tx=93.85% (11262/12000)
          rx=11 on seen_days=['2021_03_01', '2021_03_08']: tx=93.19% (11183/12000)
[BEST-JOINT]  val_tx=99.01% & test_tx=89.11% @ E129
[CKPT]  latest -> finalist_runs/B2_A2_light_seed1337/latest_model.pth (saved) | best -> finalist_runs/B2_A2_light_seed1337/best_model_val.pth
====================================================================================================================================
[SAT-TEST] scenario=clear_leo selected=test_unseen_day_unseen_rx overall_tx=45.06% strict_udu=45.06% (27039/60000)
[SAT-TEST] scenario=low_elev_leo selected=test_unseen_day_unseen_rx overall_tx=45.70% strict_udu=45.70% (27417/60000)
[SAT-TEST] scenario=rain_leo selected=test_unseen_day_unseen_rx overall_tx=42.78% strict_udu=42.78% (25669/60000)
[SAT-TEST] scenario=storm_mp selected=test_unseen_day_unseen_rx overall_tx=38.57% strict_udu=38.57% (23142/60000)
[SAT-TEST] scenario=mixed_orbit selected=test_unseen_day_unseen_rx overall_tx=41.17% strict_udu=41.17% (24701/60000)
[BEST-TEST] overall=90.23% @ E118 -> finalist_runs/B2_A2_light_seed1337/best_model_test_overall.pth | unseen_day_unseen_rx=85.84% @ E123 -> finalist_runs/B2_A2_light_seed1337/best_model_strict_udu.pth | unseen_day_seen_rx=94.24% @ E080 | seen_day_unseen_rx=90.24% @ E118
[BEST-PRIMARY] score=87.23 @ E123 -> finalist_runs/B2_A2_light_seed1337/best_model_primary_ood.pth | overall=89.82% strict_udu=85.84%
[BEST-WORST-RX] worst_rx=85.09% (test_rx_8) @ E118 -> finalist_runs/B2_A2_light_seed1337/best_model_worst_rx.pth
====================================================================================================================================
[Epoch 142/200] time=87.1s | lr=3.95e-05 | aux_scale=1.000
[STAGE] phase=S3_refine_aux_late_stable | use_aux=1.0 cons=0.94 cls_aux=0.92 reg=0.92 joint_inv=0.28 kl=0.55 group_ce=0.98
[MIXSTYLE-EPOCH] phase=late_anneal enabled=1 p=0.059 strength=0.376 anneal_t=0.914
[AUG] scale=0.334 | p_dac=0.000 p_pa=0.047 p_shift=0.117 p_cfo=0.117 p_awgn=0.134 p_mp=0.060 | max_shift=11 cfo_max=0.0001336 pn_max=0.002004
------------------------------------------------------------------------------------------------------------------------------------
[LOSS-CORE] total=3.7190 cls=1.3130 dom=0.3417 adv=2.6202 orth=0.0023 cons=0.1823 group_ce=2.3588
[LOSS-AUX]  cls_pa=1.0184 cls_dac=0.0000 pa_joint_inv=0.1991 pa_kl=0.8415 dac_reg=0.0000 pa_reg=0.0142 gap_dac=0.0000 gap_pa=0.2796 cos_joint_pa=0.8009 cos_imp_pa=nan
[LOSS-SAT]  cls_sat=9.2473 sat_cons=0.7245 sat_cos=0.2755
[LOSS-DG]   proto=0.0000 proto_cos=nan supcon=0.0000 fishr=0.0014 sgc_res=0.0000
[LOSS-CAL]  ecc=0.0000 ecc_w=0.0000 ecc_tau=0.9500 ecc_maxp=nan
[TRAIN] tx=89.65% dom=87.36% cons_cos=0.8177
[GRAD]  total=1.606 backbone=1.000 aux=0.750 domain=0.395
[VAL]   tx=98.90% dom=95.78%
[TEST]  overall_tx=89.08% (181727/204000)
[TEST-SPLIT]
          unseen_day_seen_rx(days=['2021_03_15', '2021_03_23'], rxs=[0, 1, 2, 3, 4, 5, 6]): tx=93.01% (78131/84000)
          seen_day_unseen_rx(days=['2021_03_01', '2021_03_08'], rxs=[7, 8, 9, 10, 11]): tx=87.86% (52713/60000)
          unseen_day_unseen_rx(days=['2021_03_15', '2021_03_23'], rxs=[7, 8, 9, 10, 11]): tx=84.81% (50883/60000)
          day=2021_03_15 on seen_rxs=[0, 1, 2, 3, 4, 5, 6]: tx=95.33% (40037/42000)
          day=2021_03_23 on seen_rxs=[0, 1, 2, 3, 4, 5, 6]: tx=90.70% (38094/42000)
          rx=7 on seen_days=['2021_03_01', '2021_03_08']: tx=80.03% (9603/12000)
          rx=8 on seen_days=['2021_03_01', '2021_03_08']: tx=84.20% (10104/12000)
          rx=9 on seen_days=['2021_03_01', '2021_03_08']: tx=90.00% (10800/12000)
          rx=10 on seen_days=['2021_03_01', '2021_03_08']: tx=93.33% (11199/12000)
          rx=11 on seen_days=['2021_03_01', '2021_03_08']: tx=91.72% (11007/12000)
[BEST-JOINT]  val_tx=99.01% & test_tx=89.11% @ E129
[CKPT]  latest -> finalist_runs/B2_A2_light_seed1337/latest_model.pth (saved) | best -> finalist_runs/B2_A2_light_seed1337/best_model_val.pth
====================================================================================================================================
[SAT-TEST] scenario=clear_leo selected=test_unseen_day_unseen_rx overall_tx=43.82% strict_udu=43.82% (26292/60000)
[SAT-TEST] scenario=low_elev_leo selected=test_unseen_day_unseen_rx overall_tx=44.59% strict_udu=44.59% (26756/60000)
[SAT-TEST] scenario=rain_leo selected=test_unseen_day_unseen_rx overall_tx=41.81% strict_udu=41.81% (25084/60000)
[SAT-TEST] scenario=storm_mp selected=test_unseen_day_unseen_rx overall_tx=37.95% strict_udu=37.95% (22769/60000)
[SAT-TEST] scenario=mixed_orbit selected=test_unseen_day_unseen_rx overall_tx=40.00% strict_udu=40.00% (23999/60000)
[BEST-TEST] overall=90.23% @ E118 -> finalist_runs/B2_A2_light_seed1337/best_model_test_overall.pth | unseen_day_unseen_rx=85.84% @ E123 -> finalist_runs/B2_A2_light_seed1337/best_model_strict_udu.pth | unseen_day_seen_rx=94.24% @ E080 | seen_day_unseen_rx=90.24% @ E118
[BEST-PRIMARY] score=87.23 @ E123 -> finalist_runs/B2_A2_light_seed1337/best_model_primary_ood.pth | overall=89.82% strict_udu=85.84%
[BEST-WORST-RX] worst_rx=85.09% (test_rx_8) @ E118 -> finalist_runs/B2_A2_light_seed1337/best_model_worst_rx.pth
[WARN][E143] unsafe backward/step skipped #10
====================================================================================================================================
[Epoch 143/200] time=87.0s | lr=3.83e-05 | aux_scale=1.000
[STAGE] phase=S3_refine_aux_late_stable | use_aux=1.0 cons=0.93 cls_aux=0.90 reg=0.90 joint_inv=0.27 kl=0.54 group_ce=0.97
[MIXSTYLE-EPOCH] phase=late_anneal enabled=1 p=0.056 strength=0.367 anneal_t=0.943
[AUG] scale=0.331 | p_dac=0.000 p_pa=0.046 p_shift=0.116 p_cfo=0.116 p_awgn=0.132 p_mp=0.060 | max_shift=11 cfo_max=0.0001323 pn_max=0.001984
------------------------------------------------------------------------------------------------------------------------------------
[LOSS-CORE] total=3.8152 cls=1.4091 dom=0.3510 adv=2.6220 orth=0.0022 cons=0.1889 group_ce=2.3939
[LOSS-AUX]  cls_pa=1.0079 cls_dac=0.0000 pa_joint_inv=0.2004 pa_kl=0.8370 dac_reg=0.0000 pa_reg=0.0146 gap_dac=0.0000 gap_pa=0.2746 cos_joint_pa=0.7996 cos_imp_pa=nan
[LOSS-SAT]  cls_sat=9.2672 sat_cons=0.7238 sat_cos=0.2762
[LOSS-DG]   proto=0.0000 proto_cos=nan supcon=0.0000 fishr=0.0014 sgc_res=0.0000
[LOSS-CAL]  ecc=0.0000 ecc_w=0.0000 ecc_tau=0.9500 ecc_maxp=nan
[TRAIN] tx=88.94% dom=87.09% cons_cos=0.8118
[GRAD]  total=1.602 backbone=1.000 aux=0.750 domain=0.403
[VAL]   tx=98.85% dom=95.76%
[TEST]  overall_tx=89.27% (182110/204000)
[TEST-SPLIT]
          unseen_day_seen_rx(days=['2021_03_15', '2021_03_23'], rxs=[0, 1, 2, 3, 4, 5, 6]): tx=93.17% (78261/84000)
          seen_day_unseen_rx(days=['2021_03_01', '2021_03_08'], rxs=[7, 8, 9, 10, 11]): tx=88.56% (53133/60000)
          unseen_day_unseen_rx(days=['2021_03_15', '2021_03_23'], rxs=[7, 8, 9, 10, 11]): tx=84.53% (50716/60000)
          day=2021_03_15 on seen_rxs=[0, 1, 2, 3, 4, 5, 6]: tx=95.62% (40160/42000)
          day=2021_03_23 on seen_rxs=[0, 1, 2, 3, 4, 5, 6]: tx=90.72% (38101/42000)
          rx=7 on seen_days=['2021_03_01', '2021_03_08']: tx=82.88% (9946/12000)
          rx=8 on seen_days=['2021_03_01', '2021_03_08']: tx=84.21% (10105/12000)
          rx=9 on seen_days=['2021_03_01', '2021_03_08']: tx=90.39% (10847/12000)
          rx=10 on seen_days=['2021_03_01', '2021_03_08']: tx=93.39% (11207/12000)
          rx=11 on seen_days=['2021_03_01', '2021_03_08']: tx=91.90% (11028/12000)
[BEST-JOINT]  val_tx=99.01% & test_tx=89.11% @ E129
[CKPT]  latest -> finalist_runs/B2_A2_light_seed1337/latest_model.pth (saved) | best -> finalist_runs/B2_A2_light_seed1337/best_model_val.pth
====================================================================================================================================
[SAT-TEST] scenario=clear_leo selected=test_unseen_day_unseen_rx overall_tx=44.17% strict_udu=44.17% (26503/60000)
[SAT-TEST] scenario=low_elev_leo selected=test_unseen_day_unseen_rx overall_tx=44.96% strict_udu=44.96% (26975/60000)
[SAT-TEST] scenario=rain_leo selected=test_unseen_day_unseen_rx overall_tx=42.09% strict_udu=42.09% (25253/60000)
[SAT-TEST] scenario=storm_mp selected=test_unseen_day_unseen_rx overall_tx=38.00% strict_udu=38.00% (22801/60000)
[SAT-TEST] scenario=mixed_orbit selected=test_unseen_day_unseen_rx overall_tx=40.75% strict_udu=40.75% (24451/60000)
[BEST-TEST] overall=90.23% @ E118 -> finalist_runs/B2_A2_light_seed1337/best_model_test_overall.pth | unseen_day_unseen_rx=85.84% @ E123 -> finalist_runs/B2_A2_light_seed1337/best_model_strict_udu.pth | unseen_day_seen_rx=94.24% @ E080 | seen_day_unseen_rx=90.24% @ E118
[BEST-PRIMARY] score=87.23 @ E123 -> finalist_runs/B2_A2_light_seed1337/best_model_primary_ood.pth | overall=89.82% strict_udu=85.84%
[BEST-WORST-RX] worst_rx=85.09% (test_rx_8) @ E118 -> finalist_runs/B2_A2_light_seed1337/best_model_worst_rx.pth
====================================================================================================================================
[Epoch 144/200] time=85.0s | lr=3.71e-05 | aux_scale=1.000
[STAGE] phase=S3_refine_aux_late_stable | use_aux=1.0 cons=0.92 cls_aux=0.89 reg=0.89 joint_inv=0.27 kl=0.53 group_ce=0.97
[MIXSTYLE-EPOCH] phase=late_anneal enabled=1 p=0.053 strength=0.359 anneal_t=0.971
[AUG] scale=0.327 | p_dac=0.000 p_pa=0.046 p_shift=0.114 p_cfo=0.114 p_awgn=0.131 p_mp=0.059 | max_shift=10 cfo_max=0.0001308 pn_max=0.001963
------------------------------------------------------------------------------------------------------------------------------------
[LOSS-CORE] total=3.9076 cls=1.5061 dom=0.3441 adv=2.6184 orth=0.0022 cons=0.1967 group_ce=2.6297
[LOSS-AUX]  cls_pa=0.9859 cls_dac=0.0000 pa_joint_inv=0.1978 pa_kl=0.8146 dac_reg=0.0000 pa_reg=0.0145 gap_dac=0.0000 gap_pa=0.2768 cos_joint_pa=0.8022 cos_imp_pa=nan
[LOSS-SAT]  cls_sat=9.2283 sat_cons=0.7190 sat_cos=0.2810
[LOSS-DG]   proto=0.0000 proto_cos=nan supcon=0.0000 fishr=0.0016 sgc_res=0.0000
[LOSS-CAL]  ecc=0.0000 ecc_w=0.0000 ecc_tau=0.9500 ecc_maxp=nan
[TRAIN] tx=87.88% dom=87.28% cons_cos=0.8033
[GRAD]  total=1.665 backbone=1.000 aux=0.750 domain=0.411
[VAL]   tx=98.98% dom=95.83%
[TEST]  overall_tx=89.80% (183200/204000)
[TEST-SPLIT]
          unseen_day_seen_rx(days=['2021_03_15', '2021_03_23'], rxs=[0, 1, 2, 3, 4, 5, 6]): tx=93.40% (78453/84000)
          seen_day_unseen_rx(days=['2021_03_01', '2021_03_08'], rxs=[7, 8, 9, 10, 11]): tx=89.16% (53498/60000)
          unseen_day_unseen_rx(days=['2021_03_15', '2021_03_23'], rxs=[7, 8, 9, 10, 11]): tx=85.42% (51249/60000)
          day=2021_03_15 on seen_rxs=[0, 1, 2, 3, 4, 5, 6]: tx=96.03% (40333/42000)
          day=2021_03_23 on seen_rxs=[0, 1, 2, 3, 4, 5, 6]: tx=90.76% (38120/42000)
          rx=7 on seen_days=['2021_03_01', '2021_03_08']: tx=82.12% (9855/12000)
          rx=8 on seen_days=['2021_03_01', '2021_03_08']: tx=84.34% (10121/12000)
          rx=9 on seen_days=['2021_03_01', '2021_03_08']: tx=91.29% (10955/12000)
          rx=10 on seen_days=['2021_03_01', '2021_03_08']: tx=93.00% (11160/12000)
          rx=11 on seen_days=['2021_03_01', '2021_03_08']: tx=95.06% (11407/12000)
[BEST-JOINT]  val_tx=99.01% & test_tx=89.11% @ E129
[CKPT]  latest -> finalist_runs/B2_A2_light_seed1337/latest_model.pth (saved) | best -> finalist_runs/B2_A2_light_seed1337/best_model_val.pth
====================================================================================================================================
[SAT-TEST] scenario=clear_leo selected=test_unseen_day_unseen_rx overall_tx=44.83% strict_udu=44.83% (26896/60000)
[SAT-TEST] scenario=low_elev_leo selected=test_unseen_day_unseen_rx overall_tx=45.35% strict_udu=45.35% (27211/60000)
[SAT-TEST] scenario=rain_leo selected=test_unseen_day_unseen_rx overall_tx=42.27% strict_udu=42.27% (25361/60000)
[SAT-TEST] scenario=storm_mp selected=test_unseen_day_unseen_rx overall_tx=38.18% strict_udu=38.18% (22909/60000)
[SAT-TEST] scenario=mixed_orbit selected=test_unseen_day_unseen_rx overall_tx=41.27% strict_udu=41.27% (24760/60000)
[BEST-TEST] overall=90.23% @ E118 -> finalist_runs/B2_A2_light_seed1337/best_model_test_overall.pth | unseen_day_unseen_rx=85.84% @ E123 -> finalist_runs/B2_A2_light_seed1337/best_model_strict_udu.pth | unseen_day_seen_rx=94.24% @ E080 | seen_day_unseen_rx=90.24% @ E118
[BEST-PRIMARY] score=87.23 @ E123 -> finalist_runs/B2_A2_light_seed1337/best_model_primary_ood.pth | overall=89.82% strict_udu=85.84%
[BEST-WORST-RX] worst_rx=85.09% (test_rx_8) @ E118 -> finalist_runs/B2_A2_light_seed1337/best_model_worst_rx.pth
====================================================================================================================================
[Epoch 145/200] time=85.6s | lr=3.59e-05 | aux_scale=1.000
[STAGE] phase=S3_refine_aux_late_stable | use_aux=1.0 cons=0.90 cls_aux=0.87 reg=0.87 joint_inv=0.26 kl=0.52 group_ce=0.96
[MIXSTYLE-EPOCH] phase=late_anneal enabled=1 p=0.050 strength=0.350 anneal_t=1.000
[AUG] scale=0.323 | p_dac=0.000 p_pa=0.045 p_shift=0.113 p_cfo=0.113 p_awgn=0.129 p_mp=0.058 | max_shift=10 cfo_max=0.0001294 pn_max=0.001941
------------------------------------------------------------------------------------------------------------------------------------
[LOSS-CORE] total=3.8328 cls=1.4295 dom=0.3738 adv=2.6263 orth=0.0024 cons=0.1733 group_ce=2.3555
[LOSS-AUX]  cls_pa=0.9938 cls_dac=0.0000 pa_joint_inv=0.1978 pa_kl=0.8232 dac_reg=0.0000 pa_reg=0.0147 gap_dac=0.0000 gap_pa=0.2729 cos_joint_pa=0.8022 cos_imp_pa=nan
[LOSS-SAT]  cls_sat=9.4087 sat_cons=0.7355 sat_cos=0.2645
[LOSS-DG]   proto=0.0000 proto_cos=nan supcon=0.0000 fishr=0.0014 sgc_res=0.0000
[LOSS-CAL]  ecc=0.0000 ecc_w=0.0000 ecc_tau=0.9500 ecc_maxp=nan
[TRAIN] tx=88.87% dom=86.45% cons_cos=0.8267
[GRAD]  total=1.722 backbone=1.000 aux=0.750 domain=0.396
[VAL]   tx=98.98% dom=95.86%
[TEST]  overall_tx=88.99% (181545/204000)
[TEST-SPLIT]
          unseen_day_seen_rx(days=['2021_03_15', '2021_03_23'], rxs=[0, 1, 2, 3, 4, 5, 6]): tx=93.15% (78243/84000)
          seen_day_unseen_rx(days=['2021_03_01', '2021_03_08'], rxs=[7, 8, 9, 10, 11]): tx=88.06% (52837/60000)
          unseen_day_unseen_rx(days=['2021_03_15', '2021_03_23'], rxs=[7, 8, 9, 10, 11]): tx=84.11% (50465/60000)
          day=2021_03_15 on seen_rxs=[0, 1, 2, 3, 4, 5, 6]: tx=95.03% (39914/42000)
          day=2021_03_23 on seen_rxs=[0, 1, 2, 3, 4, 5, 6]: tx=91.26% (38329/42000)
          rx=7 on seen_days=['2021_03_01', '2021_03_08']: tx=80.83% (9699/12000)
          rx=8 on seen_days=['2021_03_01', '2021_03_08']: tx=83.42% (10011/12000)
          rx=9 on seen_days=['2021_03_01', '2021_03_08']: tx=89.84% (10781/12000)
          rx=10 on seen_days=['2021_03_01', '2021_03_08']: tx=92.83% (11139/12000)
          rx=11 on seen_days=['2021_03_01', '2021_03_08']: tx=93.39% (11207/12000)
[BEST-JOINT]  val_tx=99.01% & test_tx=89.11% @ E129
[CKPT]  latest -> finalist_runs/B2_A2_light_seed1337/latest_model.pth (saved) | best -> finalist_runs/B2_A2_light_seed1337/best_model_val.pth
====================================================================================================================================
[SAT-TEST] scenario=clear_leo selected=test_unseen_day_unseen_rx overall_tx=43.30% strict_udu=43.30% (25981/60000)
[SAT-TEST] scenario=low_elev_leo selected=test_unseen_day_unseen_rx overall_tx=43.88% strict_udu=43.88% (26328/60000)
[SAT-TEST] scenario=rain_leo selected=test_unseen_day_unseen_rx overall_tx=41.09% strict_udu=41.09% (24656/60000)
[SAT-TEST] scenario=storm_mp selected=test_unseen_day_unseen_rx overall_tx=37.86% strict_udu=37.86% (22714/60000)
[SAT-TEST] scenario=mixed_orbit selected=test_unseen_day_unseen_rx overall_tx=40.04% strict_udu=40.04% (24025/60000)
[BEST-TEST] overall=90.23% @ E118 -> finalist_runs/B2_A2_light_seed1337/best_model_test_overall.pth | unseen_day_unseen_rx=85.84% @ E123 -> finalist_runs/B2_A2_light_seed1337/best_model_strict_udu.pth | unseen_day_seen_rx=94.24% @ E080 | seen_day_unseen_rx=90.24% @ E118
[BEST-PRIMARY] score=87.23 @ E123 -> finalist_runs/B2_A2_light_seed1337/best_model_primary_ood.pth | overall=89.82% strict_udu=85.84%
[BEST-WORST-RX] worst_rx=85.09% (test_rx_8) @ E118 -> finalist_runs/B2_A2_light_seed1337/best_model_worst_rx.pth
====================================================================================================================================
[Epoch 146/200] time=85.6s | lr=3.47e-05 | aux_scale=1.000
[STAGE] phase=S3_refine_aux_late_stable | use_aux=1.0 cons=0.89 cls_aux=0.85 reg=0.85 joint_inv=0.26 kl=0.51 group_ce=0.96
[MIXSTYLE-EPOCH] phase=late_anneal enabled=1 p=0.050 strength=0.350 anneal_t=1.000
[AUG] scale=0.320 | p_dac=0.000 p_pa=0.045 p_shift=0.112 p_cfo=0.112 p_awgn=0.128 p_mp=0.058 | max_shift=10 cfo_max=0.0001279 pn_max=0.001919
------------------------------------------------------------------------------------------------------------------------------------
[LOSS-CORE] total=3.1796 cls=0.9694 dom=0.2681 adv=2.6234 orth=0.0026 cons=0.1554 group_ce=1.7218
[LOSS-AUX]  cls_pa=0.9755 cls_dac=0.0000 pa_joint_inv=0.2005 pa_kl=0.8048 dac_reg=0.0000 pa_reg=0.0144 gap_dac=0.0000 gap_pa=0.2752 cos_joint_pa=0.7995 cos_imp_pa=nan
[LOSS-SAT]  cls_sat=9.2748 sat_cons=0.7337 sat_cos=0.2663
[LOSS-DG]   proto=0.0000 proto_cos=nan supcon=0.0000 fishr=0.0009 sgc_res=0.0000
[LOSS-CAL]  ecc=0.0000 ecc_w=0.0000 ecc_tau=0.9500 ecc_maxp=nan
[TRAIN] tx=92.40% dom=90.11% cons_cos=0.8446
[GRAD]  total=1.535 backbone=1.000 aux=0.750 domain=0.358
[VAL]   tx=98.88% dom=95.98%
[TEST]  overall_tx=89.12% (181812/204000)
[TEST-SPLIT]
          unseen_day_seen_rx(days=['2021_03_15', '2021_03_23'], rxs=[0, 1, 2, 3, 4, 5, 6]): tx=93.28% (78354/84000)
          seen_day_unseen_rx(days=['2021_03_01', '2021_03_08'], rxs=[7, 8, 9, 10, 11]): tx=88.14% (52882/60000)
          unseen_day_unseen_rx(days=['2021_03_15', '2021_03_23'], rxs=[7, 8, 9, 10, 11]): tx=84.29% (50576/60000)
          day=2021_03_15 on seen_rxs=[0, 1, 2, 3, 4, 5, 6]: tx=96.03% (40332/42000)
          day=2021_03_23 on seen_rxs=[0, 1, 2, 3, 4, 5, 6]: tx=90.53% (38022/42000)
          rx=7 on seen_days=['2021_03_01', '2021_03_08']: tx=81.82% (9818/12000)
          rx=8 on seen_days=['2021_03_01', '2021_03_08']: tx=83.99% (10079/12000)
          rx=9 on seen_days=['2021_03_01', '2021_03_08']: tx=90.53% (10863/12000)
          rx=10 on seen_days=['2021_03_01', '2021_03_08']: tx=93.10% (11172/12000)
          rx=11 on seen_days=['2021_03_01', '2021_03_08']: tx=91.25% (10950/12000)
[BEST-JOINT]  val_tx=99.01% & test_tx=89.11% @ E129
[CKPT]  latest -> finalist_runs/B2_A2_light_seed1337/latest_model.pth (saved) | best -> finalist_runs/B2_A2_light_seed1337/best_model_val.pth
====================================================================================================================================
[SAT-TEST] scenario=clear_leo selected=test_unseen_day_unseen_rx overall_tx=44.84% strict_udu=44.84% (26901/60000)
[SAT-TEST] scenario=low_elev_leo selected=test_unseen_day_unseen_rx overall_tx=45.71% strict_udu=45.71% (27428/60000)
[SAT-TEST] scenario=rain_leo selected=test_unseen_day_unseen_rx overall_tx=42.73% strict_udu=42.73% (25639/60000)
[SAT-TEST] scenario=storm_mp selected=test_unseen_day_unseen_rx overall_tx=38.34% strict_udu=38.34% (23004/60000)
[SAT-TEST] scenario=mixed_orbit selected=test_unseen_day_unseen_rx overall_tx=41.08% strict_udu=41.08% (24645/60000)
[BEST-TEST] overall=90.23% @ E118 -> finalist_runs/B2_A2_light_seed1337/best_model_test_overall.pth | unseen_day_unseen_rx=85.84% @ E123 -> finalist_runs/B2_A2_light_seed1337/best_model_strict_udu.pth | unseen_day_seen_rx=94.24% @ E080 | seen_day_unseen_rx=90.24% @ E118
[BEST-PRIMARY] score=87.23 @ E123 -> finalist_runs/B2_A2_light_seed1337/best_model_primary_ood.pth | overall=89.82% strict_udu=85.84%
[BEST-WORST-RX] worst_rx=85.09% (test_rx_8) @ E118 -> finalist_runs/B2_A2_light_seed1337/best_model_worst_rx.pth
====================================================================================================================================
[Epoch 147/200] time=84.9s | lr=3.35e-05 | aux_scale=1.000
[STAGE] phase=S3_refine_aux_late_stable | use_aux=1.0 cons=0.88 cls_aux=0.83 reg=0.83 joint_inv=0.25 kl=0.50 group_ce=0.95
[MIXSTYLE-EPOCH] phase=late_anneal enabled=1 p=0.050 strength=0.350 anneal_t=1.000
[AUG] scale=0.316 | p_dac=0.000 p_pa=0.044 p_shift=0.111 p_cfo=0.111 p_awgn=0.126 p_mp=0.057 | max_shift=10 cfo_max=0.0001264 pn_max=0.001896
------------------------------------------------------------------------------------------------------------------------------------
[LOSS-CORE] total=3.3045 cls=1.0564 dom=0.3034 adv=2.6251 orth=0.0025 cons=0.1634 group_ce=1.8178
[LOSS-AUX]  cls_pa=1.0065 cls_dac=0.0000 pa_joint_inv=0.2020 pa_kl=0.8301 dac_reg=0.0000 pa_reg=0.0143 gap_dac=0.0000 gap_pa=0.2792 cos_joint_pa=0.7980 cos_imp_pa=nan
[LOSS-SAT]  cls_sat=9.2935 sat_cons=0.7295 sat_cos=0.2705
[LOSS-DG]   proto=0.0000 proto_cos=nan supcon=0.0000 fishr=0.0009 sgc_res=0.0000
[LOSS-CAL]  ecc=0.0000 ecc_w=0.0000 ecc_tau=0.9500 ecc_maxp=nan
[TRAIN] tx=91.69% dom=88.55% cons_cos=0.8366
[GRAD]  total=1.568 backbone=1.000 aux=0.750 domain=0.392
[VAL]   tx=99.01% dom=95.73%
[TEST]  overall_tx=89.83% (183252/204000)
[TEST-SPLIT]
          unseen_day_seen_rx(days=['2021_03_15', '2021_03_23'], rxs=[0, 1, 2, 3, 4, 5, 6]): tx=93.65% (78667/84000)
          seen_day_unseen_rx(days=['2021_03_01', '2021_03_08'], rxs=[7, 8, 9, 10, 11]): tx=89.02% (53412/60000)
          unseen_day_unseen_rx(days=['2021_03_15', '2021_03_23'], rxs=[7, 8, 9, 10, 11]): tx=85.29% (51173/60000)
          day=2021_03_15 on seen_rxs=[0, 1, 2, 3, 4, 5, 6]: tx=96.10% (40362/42000)
          day=2021_03_23 on seen_rxs=[0, 1, 2, 3, 4, 5, 6]: tx=91.20% (38305/42000)
          rx=7 on seen_days=['2021_03_01', '2021_03_08']: tx=82.30% (9876/12000)
          rx=8 on seen_days=['2021_03_01', '2021_03_08']: tx=85.33% (10239/12000)
          rx=9 on seen_days=['2021_03_01', '2021_03_08']: tx=90.90% (10908/12000)
          rx=10 on seen_days=['2021_03_01', '2021_03_08']: tx=93.00% (11160/12000)
          rx=11 on seen_days=['2021_03_01', '2021_03_08']: tx=93.58% (11229/12000)
[BEST-JOINT]  val_tx=99.01% & test_tx=89.11% @ E129
[CKPT]  latest -> finalist_runs/B2_A2_light_seed1337/latest_model.pth (saved) | best -> finalist_runs/B2_A2_light_seed1337/best_model_val.pth
====================================================================================================================================
[SAT-TEST] scenario=clear_leo selected=test_unseen_day_unseen_rx overall_tx=45.05% strict_udu=45.05% (27031/60000)
[SAT-TEST] scenario=low_elev_leo selected=test_unseen_day_unseen_rx overall_tx=45.69% strict_udu=45.69% (27413/60000)
[SAT-TEST] scenario=rain_leo selected=test_unseen_day_unseen_rx overall_tx=42.94% strict_udu=42.94% (25763/60000)
[SAT-TEST] scenario=storm_mp selected=test_unseen_day_unseen_rx overall_tx=38.87% strict_udu=38.87% (23319/60000)
[SAT-TEST] scenario=mixed_orbit selected=test_unseen_day_unseen_rx overall_tx=41.16% strict_udu=41.16% (24694/60000)
[BEST-TEST] overall=90.23% @ E118 -> finalist_runs/B2_A2_light_seed1337/best_model_test_overall.pth | unseen_day_unseen_rx=85.84% @ E123 -> finalist_runs/B2_A2_light_seed1337/best_model_strict_udu.pth | unseen_day_seen_rx=94.24% @ E080 | seen_day_unseen_rx=90.24% @ E118
[BEST-PRIMARY] score=87.23 @ E123 -> finalist_runs/B2_A2_light_seed1337/best_model_primary_ood.pth | overall=89.82% strict_udu=85.84%
[BEST-WORST-RX] worst_rx=85.09% (test_rx_8) @ E118 -> finalist_runs/B2_A2_light_seed1337/best_model_worst_rx.pth
====================================================================================================================================
[Epoch 148/200] time=85.4s | lr=3.24e-05 | aux_scale=1.000
[STAGE] phase=S3_refine_aux_late_stable | use_aux=1.0 cons=0.86 cls_aux=0.81 reg=0.81 joint_inv=0.24 kl=0.49 group_ce=0.95
[MIXSTYLE-EPOCH] phase=late_anneal enabled=1 p=0.050 strength=0.350 anneal_t=1.000
[AUG] scale=0.312 | p_dac=0.000 p_pa=0.044 p_shift=0.109 p_cfo=0.109 p_awgn=0.125 p_mp=0.056 | max_shift=10 cfo_max=0.0001248 pn_max=0.001872
------------------------------------------------------------------------------------------------------------------------------------
[LOSS-CORE] total=2.9107 cls=0.7845 dom=0.2424 adv=2.6251 orth=0.0026 cons=0.1515 group_ce=1.5021
[LOSS-AUX]  cls_pa=0.9848 cls_dac=0.0000 pa_joint_inv=0.1991 pa_kl=0.8084 dac_reg=0.0000 pa_reg=0.0148 gap_dac=0.0000 gap_pa=0.2710 cos_joint_pa=0.8009 cos_imp_pa=nan
[LOSS-SAT]  cls_sat=9.0580 sat_cons=0.7285 sat_cos=0.2715
[LOSS-DG]   proto=0.0000 proto_cos=nan supcon=0.0000 fishr=0.0008 sgc_res=0.0000
[LOSS-CAL]  ecc=0.0000 ecc_w=0.0000 ecc_tau=0.9500 ecc_maxp=nan
[TRAIN] tx=93.92% dom=90.88% cons_cos=0.8485
[GRAD]  total=1.585 backbone=1.000 aux=0.749 domain=0.367
[VAL]   tx=99.01% dom=95.89%
[TEST]  overall_tx=89.67% (182929/204000)
[TEST-SPLIT]
          unseen_day_seen_rx(days=['2021_03_15', '2021_03_23'], rxs=[0, 1, 2, 3, 4, 5, 6]): tx=93.49% (78533/84000)
          seen_day_unseen_rx(days=['2021_03_01', '2021_03_08'], rxs=[7, 8, 9, 10, 11]): tx=88.70% (53219/60000)
          unseen_day_unseen_rx(days=['2021_03_15', '2021_03_23'], rxs=[7, 8, 9, 10, 11]): tx=85.30% (51177/60000)
          day=2021_03_15 on seen_rxs=[0, 1, 2, 3, 4, 5, 6]: tx=95.71% (40198/42000)
          day=2021_03_23 on seen_rxs=[0, 1, 2, 3, 4, 5, 6]: tx=91.27% (38335/42000)
          rx=7 on seen_days=['2021_03_01', '2021_03_08']: tx=81.19% (9743/12000)
          rx=8 on seen_days=['2021_03_01', '2021_03_08']: tx=85.20% (10224/12000)
          rx=9 on seen_days=['2021_03_01', '2021_03_08']: tx=90.39% (10847/12000)
          rx=10 on seen_days=['2021_03_01', '2021_03_08']: tx=93.26% (11191/12000)
          rx=11 on seen_days=['2021_03_01', '2021_03_08']: tx=93.45% (11214/12000)
[BEST-JOINT]  val_tx=99.01% & test_tx=89.67% @ E148
[CKPT]  latest -> finalist_runs/B2_A2_light_seed1337/latest_model.pth (saved) | best -> finalist_runs/B2_A2_light_seed1337/best_model_val.pth (updated: val improved)
====================================================================================================================================
[SAT-TEST] scenario=clear_leo selected=test_unseen_day_unseen_rx overall_tx=44.41% strict_udu=44.41% (26643/60000)
[SAT-TEST] scenario=low_elev_leo selected=test_unseen_day_unseen_rx overall_tx=44.72% strict_udu=44.72% (26829/60000)
[SAT-TEST] scenario=rain_leo selected=test_unseen_day_unseen_rx overall_tx=42.21% strict_udu=42.21% (25325/60000)
[SAT-TEST] scenario=storm_mp selected=test_unseen_day_unseen_rx overall_tx=38.11% strict_udu=38.11% (22866/60000)
[SAT-TEST] scenario=mixed_orbit selected=test_unseen_day_unseen_rx overall_tx=40.61% strict_udu=40.61% (24366/60000)
[BEST-TEST] overall=90.23% @ E118 -> finalist_runs/B2_A2_light_seed1337/best_model_test_overall.pth | unseen_day_unseen_rx=85.84% @ E123 -> finalist_runs/B2_A2_light_seed1337/best_model_strict_udu.pth | unseen_day_seen_rx=94.24% @ E080 | seen_day_unseen_rx=90.24% @ E118
[BEST-PRIMARY] score=87.23 @ E123 -> finalist_runs/B2_A2_light_seed1337/best_model_primary_ood.pth | overall=89.82% strict_udu=85.84%
[BEST-WORST-RX] worst_rx=85.09% (test_rx_8) @ E118 -> finalist_runs/B2_A2_light_seed1337/best_model_worst_rx.pth
====================================================================================================================================
[Epoch 149/200] time=85.6s | lr=3.13e-05 | aux_scale=1.000
[STAGE] phase=S3_refine_aux_late_stable | use_aux=1.0 cons=0.85 cls_aux=0.79 reg=0.79 joint_inv=0.24 kl=0.48 group_ce=0.94
[MIXSTYLE-EPOCH] phase=late_anneal enabled=1 p=0.050 strength=0.350 anneal_t=1.000
[AUG] scale=0.308 | p_dac=0.000 p_pa=0.043 p_shift=0.108 p_cfo=0.108 p_awgn=0.123 p_mp=0.055 | max_shift=10 cfo_max=0.0001232 pn_max=0.001848
------------------------------------------------------------------------------------------------------------------------------------
[LOSS-CORE] total=3.0198 cls=0.8939 dom=0.2448 adv=2.6228 orth=0.0028 cons=0.1553 group_ce=1.6581
[LOSS-AUX]  cls_pa=0.9304 cls_dac=0.0000 pa_joint_inv=0.1972 pa_kl=0.7552 dac_reg=0.0000 pa_reg=0.0145 gap_dac=0.0000 gap_pa=0.2719 cos_joint_pa=0.8028 cos_imp_pa=nan
[LOSS-SAT]  cls_sat=9.1981 sat_cons=0.7290 sat_cos=0.2710
[LOSS-DG]   proto=0.0000 proto_cos=nan supcon=0.0000 fishr=0.0009 sgc_res=0.0000
[LOSS-CAL]  ecc=0.0000 ecc_w=0.0000 ecc_tau=0.9500 ecc_maxp=nan
[TRAIN] tx=92.93% dom=90.61% cons_cos=0.8447
[GRAD]  total=1.475 backbone=1.000 aux=0.750 domain=0.381
[VAL]   tx=98.89% dom=95.81%
[TEST]  overall_tx=89.45% (182474/204000)
[TEST-SPLIT]
          unseen_day_seen_rx(days=['2021_03_15', '2021_03_23'], rxs=[0, 1, 2, 3, 4, 5, 6]): tx=93.17% (78259/84000)
          seen_day_unseen_rx(days=['2021_03_01', '2021_03_08'], rxs=[7, 8, 9, 10, 11]): tx=88.64% (53184/60000)
          unseen_day_unseen_rx(days=['2021_03_15', '2021_03_23'], rxs=[7, 8, 9, 10, 11]): tx=85.05% (51031/60000)
          day=2021_03_15 on seen_rxs=[0, 1, 2, 3, 4, 5, 6]: tx=95.99% (40314/42000)
          day=2021_03_23 on seen_rxs=[0, 1, 2, 3, 4, 5, 6]: tx=90.35% (37945/42000)
          rx=7 on seen_days=['2021_03_01', '2021_03_08']: tx=81.51% (9781/12000)
          rx=8 on seen_days=['2021_03_01', '2021_03_08']: tx=84.62% (10155/12000)
          rx=9 on seen_days=['2021_03_01', '2021_03_08']: tx=90.81% (10897/12000)
          rx=10 on seen_days=['2021_03_01', '2021_03_08']: tx=92.91% (11149/12000)
          rx=11 on seen_days=['2021_03_01', '2021_03_08']: tx=93.35% (11202/12000)
[BEST-JOINT]  val_tx=99.01% & test_tx=89.67% @ E148
[CKPT]  latest -> finalist_runs/B2_A2_light_seed1337/latest_model.pth (saved) | best -> finalist_runs/B2_A2_light_seed1337/best_model_val.pth
====================================================================================================================================
[SAT-TEST] scenario=clear_leo selected=test_unseen_day_unseen_rx overall_tx=45.20% strict_udu=45.20% (27120/60000)
[SAT-TEST] scenario=low_elev_leo selected=test_unseen_day_unseen_rx overall_tx=45.43% strict_udu=45.43% (27259/60000)
[SAT-TEST] scenario=rain_leo selected=test_unseen_day_unseen_rx overall_tx=42.72% strict_udu=42.72% (25629/60000)
[SAT-TEST] scenario=storm_mp selected=test_unseen_day_unseen_rx overall_tx=38.50% strict_udu=38.50% (23102/60000)
[SAT-TEST] scenario=mixed_orbit selected=test_unseen_day_unseen_rx overall_tx=40.96% strict_udu=40.96% (24577/60000)
[BEST-TEST] overall=90.23% @ E118 -> finalist_runs/B2_A2_light_seed1337/best_model_test_overall.pth | unseen_day_unseen_rx=85.84% @ E123 -> finalist_runs/B2_A2_light_seed1337/best_model_strict_udu.pth | unseen_day_seen_rx=94.24% @ E080 | seen_day_unseen_rx=90.24% @ E118
[BEST-PRIMARY] score=87.23 @ E123 -> finalist_runs/B2_A2_light_seed1337/best_model_primary_ood.pth | overall=89.82% strict_udu=85.84%
[BEST-WORST-RX] worst_rx=85.09% (test_rx_8) @ E118 -> finalist_runs/B2_A2_light_seed1337/best_model_worst_rx.pth
====================================================================================================================================
[Epoch 150/200] time=85.9s | lr=3.01e-05 | aux_scale=1.000
[STAGE] phase=S3_refine_aux_late_stable | use_aux=1.0 cons=0.83 cls_aux=0.77 reg=0.77 joint_inv=0.23 kl=0.46 group_ce=0.94
[MIXSTYLE-EPOCH] phase=late_anneal enabled=1 p=0.050 strength=0.350 anneal_t=1.000
[AUG] scale=0.304 | p_dac=0.000 p_pa=0.043 p_shift=0.106 p_cfo=0.106 p_awgn=0.122 p_mp=0.055 | max_shift=10 cfo_max=0.0001216 pn_max=0.001824
------------------------------------------------------------------------------------------------------------------------------------
[LOSS-CORE] total=3.2601 cls=1.0533 dom=0.2952 adv=2.6206 orth=0.0023 cons=0.1705 group_ce=1.9509
[LOSS-AUX]  cls_pa=1.0039 cls_dac=0.0000 pa_joint_inv=0.1994 pa_kl=0.8361 dac_reg=0.0000 pa_reg=0.0145 gap_dac=0.0000 gap_pa=0.2742 cos_joint_pa=0.8006 cos_imp_pa=nan
[LOSS-SAT]  cls_sat=9.3087 sat_cons=0.7362 sat_cos=0.2638
[LOSS-DG]   proto=0.0000 proto_cos=nan supcon=0.0000 fishr=0.0011 sgc_res=0.0000
[LOSS-CAL]  ecc=0.0000 ecc_w=0.0000 ecc_tau=0.9500 ecc_maxp=nan
[TRAIN] tx=91.77% dom=88.98% cons_cos=0.8295
[GRAD]  total=1.672 backbone=1.000 aux=0.750 domain=0.386
[VAL]   tx=99.05% dom=95.83%
[TEST]  overall_tx=89.18% (181930/204000)
[TEST-SPLIT]
          unseen_day_seen_rx(days=['2021_03_15', '2021_03_23'], rxs=[0, 1, 2, 3, 4, 5, 6]): tx=93.78% (78779/84000)
          seen_day_unseen_rx(days=['2021_03_01', '2021_03_08'], rxs=[7, 8, 9, 10, 11]): tx=88.41% (53048/60000)
          unseen_day_unseen_rx(days=['2021_03_15', '2021_03_23'], rxs=[7, 8, 9, 10, 11]): tx=83.50% (50103/60000)
          day=2021_03_15 on seen_rxs=[0, 1, 2, 3, 4, 5, 6]: tx=95.82% (40243/42000)
          day=2021_03_23 on seen_rxs=[0, 1, 2, 3, 4, 5, 6]: tx=91.75% (38536/42000)
          rx=7 on seen_days=['2021_03_01', '2021_03_08']: tx=82.67% (9920/12000)
          rx=8 on seen_days=['2021_03_01', '2021_03_08']: tx=83.94% (10073/12000)
          rx=9 on seen_days=['2021_03_01', '2021_03_08']: tx=90.72% (10887/12000)
          rx=10 on seen_days=['2021_03_01', '2021_03_08']: tx=92.13% (11056/12000)
          rx=11 on seen_days=['2021_03_01', '2021_03_08']: tx=92.60% (11112/12000)
[BEST-JOINT]  val_tx=99.05% & test_tx=89.18% @ E150
[CKPT]  latest -> finalist_runs/B2_A2_light_seed1337/latest_model.pth (saved) | best -> finalist_runs/B2_A2_light_seed1337/best_model_val.pth (updated: val improved)
====================================================================================================================================
[SAT-TEST] scenario=clear_leo selected=test_unseen_day_unseen_rx overall_tx=43.85% strict_udu=43.85% (26308/60000)
[SAT-TEST] scenario=low_elev_leo selected=test_unseen_day_unseen_rx overall_tx=44.16% strict_udu=44.16% (26498/60000)
[SAT-TEST] scenario=rain_leo selected=test_unseen_day_unseen_rx overall_tx=41.60% strict_udu=41.60% (24959/60000)
[SAT-TEST] scenario=storm_mp selected=test_unseen_day_unseen_rx overall_tx=38.27% strict_udu=38.27% (22960/60000)
[SAT-TEST] scenario=mixed_orbit selected=test_unseen_day_unseen_rx overall_tx=39.92% strict_udu=39.92% (23951/60000)
[BEST-TEST] overall=90.23% @ E118 -> finalist_runs/B2_A2_light_seed1337/best_model_test_overall.pth | unseen_day_unseen_rx=85.84% @ E123 -> finalist_runs/B2_A2_light_seed1337/best_model_strict_udu.pth | unseen_day_seen_rx=94.24% @ E080 | seen_day_unseen_rx=90.24% @ E118
[BEST-PRIMARY] score=87.23 @ E123 -> finalist_runs/B2_A2_light_seed1337/best_model_primary_ood.pth | overall=89.82% strict_udu=85.84%
[BEST-WORST-RX] worst_rx=85.09% (test_rx_8) @ E118 -> finalist_runs/B2_A2_light_seed1337/best_model_worst_rx.pth
====================================================================================================================================
[Epoch 151/200] time=84.9s | lr=2.90e-05 | aux_scale=1.000
[STAGE] phase=S3_refine_aux_late_stable | use_aux=1.0 cons=0.82 cls_aux=0.75 reg=0.75 joint_inv=0.23 kl=0.45 group_ce=0.93
[MIXSTYLE-EPOCH] phase=late_anneal enabled=1 p=0.050 strength=0.350 anneal_t=1.000
[AUG] scale=0.300 | p_dac=0.000 p_pa=0.042 p_shift=0.105 p_cfo=0.105 p_awgn=0.120 p_mp=0.054 | max_shift=10 cfo_max=0.0001199 pn_max=0.001799
------------------------------------------------------------------------------------------------------------------------------------
[LOSS-CORE] total=3.3368 cls=1.1510 dom=0.3021 adv=2.6255 orth=0.0027 cons=0.1635 group_ce=1.9937
[LOSS-AUX]  cls_pa=0.9409 cls_dac=0.0000 pa_joint_inv=0.1948 pa_kl=0.7661 dac_reg=0.0000 pa_reg=0.0145 gap_dac=0.0000 gap_pa=0.2706 cos_joint_pa=0.8052 cos_imp_pa=nan
[LOSS-SAT]  cls_sat=9.1619 sat_cons=0.7151 sat_cos=0.2849
[LOSS-DG]   proto=0.0000 proto_cos=nan supcon=0.0000 fishr=0.0011 sgc_res=0.0000
[LOSS-CAL]  ecc=0.0000 ecc_w=0.0000 ecc_tau=0.9500 ecc_maxp=nan
[TRAIN] tx=90.87% dom=88.86% cons_cos=0.8365
[GRAD]  total=1.707 backbone=1.000 aux=0.750 domain=0.382
[VAL]   tx=98.88% dom=95.76%
[TEST]  overall_tx=89.61% (182811/204000)
[TEST-SPLIT]
          unseen_day_seen_rx(days=['2021_03_15', '2021_03_23'], rxs=[0, 1, 2, 3, 4, 5, 6]): tx=93.36% (78426/84000)
          seen_day_unseen_rx(days=['2021_03_01', '2021_03_08'], rxs=[7, 8, 9, 10, 11]): tx=88.78% (53267/60000)
          unseen_day_unseen_rx(days=['2021_03_15', '2021_03_23'], rxs=[7, 8, 9, 10, 11]): tx=85.20% (51118/60000)
          day=2021_03_15 on seen_rxs=[0, 1, 2, 3, 4, 5, 6]: tx=95.63% (40163/42000)
          day=2021_03_23 on seen_rxs=[0, 1, 2, 3, 4, 5, 6]: tx=91.10% (38263/42000)
          rx=7 on seen_days=['2021_03_01', '2021_03_08']: tx=82.78% (9933/12000)
          rx=8 on seen_days=['2021_03_01', '2021_03_08']: tx=84.66% (10159/12000)
          rx=9 on seen_days=['2021_03_01', '2021_03_08']: tx=90.02% (10802/12000)
          rx=10 on seen_days=['2021_03_01', '2021_03_08']: tx=93.38% (11206/12000)
          rx=11 on seen_days=['2021_03_01', '2021_03_08']: tx=93.06% (11167/12000)
[BEST-JOINT]  val_tx=99.05% & test_tx=89.18% @ E150
[CKPT]  latest -> finalist_runs/B2_A2_light_seed1337/latest_model.pth (saved) | best -> finalist_runs/B2_A2_light_seed1337/best_model_val.pth
====================================================================================================================================
[SAT-TEST] scenario=clear_leo selected=test_unseen_day_unseen_rx overall_tx=44.59% strict_udu=44.59% (26757/60000)
[SAT-TEST] scenario=low_elev_leo selected=test_unseen_day_unseen_rx overall_tx=45.10% strict_udu=45.10% (27061/60000)
[SAT-TEST] scenario=rain_leo selected=test_unseen_day_unseen_rx overall_tx=42.17% strict_udu=42.17% (25300/60000)
[SAT-TEST] scenario=storm_mp selected=test_unseen_day_unseen_rx overall_tx=38.49% strict_udu=38.49% (23093/60000)
[SAT-TEST] scenario=mixed_orbit selected=test_unseen_day_unseen_rx overall_tx=41.14% strict_udu=41.14% (24685/60000)
[BEST-TEST] overall=90.23% @ E118 -> finalist_runs/B2_A2_light_seed1337/best_model_test_overall.pth | unseen_day_unseen_rx=85.84% @ E123 -> finalist_runs/B2_A2_light_seed1337/best_model_strict_udu.pth | unseen_day_seen_rx=94.24% @ E080 | seen_day_unseen_rx=90.24% @ E118
[BEST-PRIMARY] score=87.23 @ E123 -> finalist_runs/B2_A2_light_seed1337/best_model_primary_ood.pth | overall=89.82% strict_udu=85.84%
[BEST-WORST-RX] worst_rx=85.09% (test_rx_8) @ E118 -> finalist_runs/B2_A2_light_seed1337/best_model_worst_rx.pth
====================================================================================================================================
[Epoch 152/200] time=86.7s | lr=2.80e-05 | aux_scale=1.000
[STAGE] phase=S3_refine_aux_late_stable | use_aux=1.0 cons=0.80 cls_aux=0.73 reg=0.73 joint_inv=0.22 kl=0.44 group_ce=0.93
[MIXSTYLE-EPOCH] phase=late_anneal enabled=1 p=0.050 strength=0.350 anneal_t=1.000
[AUG] scale=0.296 | p_dac=0.000 p_pa=0.041 p_shift=0.103 p_cfo=0.103 p_awgn=0.118 p_mp=0.053 | max_shift=9 cfo_max=0.0001182 pn_max=0.001773
------------------------------------------------------------------------------------------------------------------------------------
[LOSS-CORE] total=3.0378 cls=0.9290 dom=0.2678 adv=2.6250 orth=0.0027 cons=0.1586 group_ce=1.6335
[LOSS-AUX]  cls_pa=0.9735 cls_dac=0.0000 pa_joint_inv=0.1983 pa_kl=0.7990 dac_reg=0.0000 pa_reg=0.0144 gap_dac=0.0000 gap_pa=0.2772 cos_joint_pa=0.8017 cos_imp_pa=nan
[LOSS-SAT]  cls_sat=9.1909 sat_cons=0.7291 sat_cos=0.2709
[LOSS-DG]   proto=0.0000 proto_cos=nan supcon=0.0000 fishr=0.0009 sgc_res=0.0000
[LOSS-CAL]  ecc=0.0000 ecc_w=0.0000 ecc_tau=0.9500 ecc_maxp=nan
[TRAIN] tx=92.55% dom=90.35% cons_cos=0.8414
[GRAD]  total=1.610 backbone=1.000 aux=0.750 domain=0.359
[VAL]   tx=98.99% dom=95.93%
[TEST]  overall_tx=89.87% (183331/204000)
[TEST-SPLIT]
          unseen_day_seen_rx(days=['2021_03_15', '2021_03_23'], rxs=[0, 1, 2, 3, 4, 5, 6]): tx=93.56% (78589/84000)
          seen_day_unseen_rx(days=['2021_03_01', '2021_03_08'], rxs=[7, 8, 9, 10, 11]): tx=89.11% (53467/60000)
          unseen_day_unseen_rx(days=['2021_03_15', '2021_03_23'], rxs=[7, 8, 9, 10, 11]): tx=85.46% (51275/60000)
          day=2021_03_15 on seen_rxs=[0, 1, 2, 3, 4, 5, 6]: tx=95.87% (40264/42000)
          day=2021_03_23 on seen_rxs=[0, 1, 2, 3, 4, 5, 6]: tx=91.25% (38325/42000)
          rx=7 on seen_days=['2021_03_01', '2021_03_08']: tx=82.21% (9865/12000)
          rx=8 on seen_days=['2021_03_01', '2021_03_08']: tx=85.44% (10253/12000)
          rx=9 on seen_days=['2021_03_01', '2021_03_08']: tx=90.19% (10823/12000)
          rx=10 on seen_days=['2021_03_01', '2021_03_08']: tx=93.31% (11197/12000)
          rx=11 on seen_days=['2021_03_01', '2021_03_08']: tx=94.41% (11329/12000)
[BEST-JOINT]  val_tx=99.05% & test_tx=89.18% @ E150
[CKPT]  latest -> finalist_runs/B2_A2_light_seed1337/latest_model.pth (saved) | best -> finalist_runs/B2_A2_light_seed1337/best_model_val.pth
====================================================================================================================================
[SAT-TEST] scenario=clear_leo selected=test_unseen_day_unseen_rx overall_tx=44.63% strict_udu=44.63% (26779/60000)
[SAT-TEST] scenario=low_elev_leo selected=test_unseen_day_unseen_rx overall_tx=45.13% strict_udu=45.13% (27079/60000)
[SAT-TEST] scenario=rain_leo selected=test_unseen_day_unseen_rx overall_tx=42.41% strict_udu=42.41% (25448/60000)
[SAT-TEST] scenario=storm_mp selected=test_unseen_day_unseen_rx overall_tx=38.44% strict_udu=38.44% (23063/60000)
[SAT-TEST] scenario=mixed_orbit selected=test_unseen_day_unseen_rx overall_tx=41.08% strict_udu=41.08% (24646/60000)
[BEST-TEST] overall=90.23% @ E118 -> finalist_runs/B2_A2_light_seed1337/best_model_test_overall.pth | unseen_day_unseen_rx=85.84% @ E123 -> finalist_runs/B2_A2_light_seed1337/best_model_strict_udu.pth | unseen_day_seen_rx=94.24% @ E080 | seen_day_unseen_rx=90.24% @ E118
[BEST-PRIMARY] score=87.23 @ E123 -> finalist_runs/B2_A2_light_seed1337/best_model_primary_ood.pth | overall=89.82% strict_udu=85.84%
[BEST-WORST-RX] worst_rx=85.09% (test_rx_8) @ E118 -> finalist_runs/B2_A2_light_seed1337/best_model_worst_rx.pth
====================================================================================================================================
[Epoch 153/200] time=84.8s | lr=2.69e-05 | aux_scale=1.000
[STAGE] phase=S3_refine_aux_late_stable | use_aux=1.0 cons=0.78 cls_aux=0.71 reg=0.71 joint_inv=0.21 kl=0.43 group_ce=0.92
[MIXSTYLE-EPOCH] phase=late_anneal enabled=1 p=0.050 strength=0.350 anneal_t=1.000
[AUG] scale=0.291 | p_dac=0.000 p_pa=0.041 p_shift=0.102 p_cfo=0.102 p_awgn=0.117 p_mp=0.052 | max_shift=9 cfo_max=0.0001165 pn_max=0.001748
------------------------------------------------------------------------------------------------------------------------------------
[LOSS-CORE] total=2.9580 cls=0.8832 dom=0.2522 adv=2.6217 orth=0.0025 cons=0.1561 group_ce=1.6682
[LOSS-AUX]  cls_pa=0.9276 cls_dac=0.0000 pa_joint_inv=0.1931 pa_kl=0.7545 dac_reg=0.0000 pa_reg=0.0146 gap_dac=0.0000 gap_pa=0.2729 cos_joint_pa=0.8069 cos_imp_pa=nan
[LOSS-SAT]  cls_sat=9.2394 sat_cons=0.7347 sat_cos=0.2653
[LOSS-DG]   proto=0.0000 proto_cos=nan supcon=0.0000 fishr=0.0010 sgc_res=0.0000
[LOSS-CAL]  ecc=0.0000 ecc_w=0.0000 ecc_tau=0.9500 ecc_maxp=nan
[TRAIN] tx=93.31% dom=90.68% cons_cos=0.8439
[GRAD]  total=1.607 backbone=1.000 aux=0.750 domain=0.361
[VAL]   tx=98.87% dom=95.87%
[TEST]  overall_tx=89.46% (182493/204000)
[TEST-SPLIT]
          unseen_day_seen_rx(days=['2021_03_15', '2021_03_23'], rxs=[0, 1, 2, 3, 4, 5, 6]): tx=93.17% (78261/84000)
          seen_day_unseen_rx(days=['2021_03_01', '2021_03_08'], rxs=[7, 8, 9, 10, 11]): tx=88.63% (53179/60000)
          unseen_day_unseen_rx(days=['2021_03_15', '2021_03_23'], rxs=[7, 8, 9, 10, 11]): tx=85.09% (51053/60000)
          day=2021_03_15 on seen_rxs=[0, 1, 2, 3, 4, 5, 6]: tx=95.61% (40158/42000)
          day=2021_03_23 on seen_rxs=[0, 1, 2, 3, 4, 5, 6]: tx=90.72% (38103/42000)
          rx=7 on seen_days=['2021_03_01', '2021_03_08']: tx=81.92% (9830/12000)
          rx=8 on seen_days=['2021_03_01', '2021_03_08']: tx=85.29% (10235/12000)
          rx=9 on seen_days=['2021_03_01', '2021_03_08']: tx=89.72% (10767/12000)
          rx=10 on seen_days=['2021_03_01', '2021_03_08']: tx=92.89% (11147/12000)
          rx=11 on seen_days=['2021_03_01', '2021_03_08']: tx=93.33% (11200/12000)
[BEST-JOINT]  val_tx=99.05% & test_tx=89.18% @ E150
[CKPT]  latest -> finalist_runs/B2_A2_light_seed1337/latest_model.pth (saved) | best -> finalist_runs/B2_A2_light_seed1337/best_model_val.pth
====================================================================================================================================
[SAT-TEST] scenario=clear_leo selected=test_unseen_day_unseen_rx overall_tx=43.76% strict_udu=43.76% (26253/60000)
[SAT-TEST] scenario=low_elev_leo selected=test_unseen_day_unseen_rx overall_tx=44.29% strict_udu=44.29% (26574/60000)
[SAT-TEST] scenario=rain_leo selected=test_unseen_day_unseen_rx overall_tx=41.68% strict_udu=41.68% (25010/60000)
[SAT-TEST] scenario=storm_mp selected=test_unseen_day_unseen_rx overall_tx=37.86% strict_udu=37.86% (22714/60000)
[SAT-TEST] scenario=mixed_orbit selected=test_unseen_day_unseen_rx overall_tx=40.65% strict_udu=40.65% (24390/60000)
[BEST-TEST] overall=90.23% @ E118 -> finalist_runs/B2_A2_light_seed1337/best_model_test_overall.pth | unseen_day_unseen_rx=85.84% @ E123 -> finalist_runs/B2_A2_light_seed1337/best_model_strict_udu.pth | unseen_day_seen_rx=94.24% @ E080 | seen_day_unseen_rx=90.24% @ E118
[BEST-PRIMARY] score=87.23 @ E123 -> finalist_runs/B2_A2_light_seed1337/best_model_primary_ood.pth | overall=89.82% strict_udu=85.84%
[BEST-WORST-RX] worst_rx=85.09% (test_rx_8) @ E118 -> finalist_runs/B2_A2_light_seed1337/best_model_worst_rx.pth
====================================================================================================================================
[Epoch 154/200] time=85.2s | lr=2.59e-05 | aux_scale=1.000
[STAGE] phase=S3_refine_aux_late_stable | use_aux=1.0 cons=0.77 cls_aux=0.68 reg=0.68 joint_inv=0.21 kl=0.42 group_ce=0.92
[MIXSTYLE-EPOCH] phase=late_anneal enabled=1 p=0.050 strength=0.350 anneal_t=1.000
[AUG] scale=0.287 | p_dac=0.000 p_pa=0.040 p_shift=0.100 p_cfo=0.100 p_awgn=0.115 p_mp=0.052 | max_shift=9 cfo_max=0.0001148 pn_max=0.001722
------------------------------------------------------------------------------------------------------------------------------------
[LOSS-CORE] total=3.5921 cls=1.3727 dom=0.3374 adv=2.6233 orth=0.0023 cons=0.1797 group_ce=2.3634
[LOSS-AUX]  cls_pa=0.9792 cls_dac=0.0000 pa_joint_inv=0.1963 pa_kl=0.8054 dac_reg=0.0000 pa_reg=0.0146 gap_dac=0.0000 gap_pa=0.2686 cos_joint_pa=0.8037 cos_imp_pa=nan
[LOSS-SAT]  cls_sat=9.2780 sat_cons=0.7300 sat_cos=0.2700
[LOSS-DG]   proto=0.0000 proto_cos=nan supcon=0.0000 fishr=0.0015 sgc_res=0.0000
[LOSS-CAL]  ecc=0.0000 ecc_w=0.0000 ecc_tau=0.9500 ecc_maxp=nan
[TRAIN] tx=88.71% dom=87.52% cons_cos=0.8204
[GRAD]  total=1.564 backbone=1.000 aux=0.750 domain=0.386
[VAL]   tx=98.85% dom=95.68%
[TEST]  overall_tx=88.95% (181450/204000)
[TEST-SPLIT]
          unseen_day_seen_rx(days=['2021_03_15', '2021_03_23'], rxs=[0, 1, 2, 3, 4, 5, 6]): tx=92.99% (78114/84000)
          seen_day_unseen_rx(days=['2021_03_01', '2021_03_08'], rxs=[7, 8, 9, 10, 11]): tx=87.81% (52684/60000)
          unseen_day_unseen_rx(days=['2021_03_15', '2021_03_23'], rxs=[7, 8, 9, 10, 11]): tx=84.42% (50652/60000)
          day=2021_03_15 on seen_rxs=[0, 1, 2, 3, 4, 5, 6]: tx=95.11% (39946/42000)
          day=2021_03_23 on seen_rxs=[0, 1, 2, 3, 4, 5, 6]: tx=90.88% (38168/42000)
          rx=7 on seen_days=['2021_03_01', '2021_03_08']: tx=80.51% (9661/12000)
          rx=8 on seen_days=['2021_03_01', '2021_03_08']: tx=84.30% (10116/12000)
          rx=9 on seen_days=['2021_03_01', '2021_03_08']: tx=89.32% (10718/12000)
          rx=10 on seen_days=['2021_03_01', '2021_03_08']: tx=93.03% (11164/12000)
          rx=11 on seen_days=['2021_03_01', '2021_03_08']: tx=91.88% (11025/12000)
[BEST-JOINT]  val_tx=99.05% & test_tx=89.18% @ E150
[CKPT]  latest -> finalist_runs/B2_A2_light_seed1337/latest_model.pth (saved) | best -> finalist_runs/B2_A2_light_seed1337/best_model_val.pth
====================================================================================================================================
[SAT-TEST] scenario=clear_leo selected=test_unseen_day_unseen_rx overall_tx=43.64% strict_udu=43.64% (26185/60000)
[SAT-TEST] scenario=low_elev_leo selected=test_unseen_day_unseen_rx overall_tx=44.62% strict_udu=44.62% (26773/60000)
[SAT-TEST] scenario=rain_leo selected=test_unseen_day_unseen_rx overall_tx=41.63% strict_udu=41.63% (24977/60000)
[SAT-TEST] scenario=storm_mp selected=test_unseen_day_unseen_rx overall_tx=38.14% strict_udu=38.14% (22883/60000)
[SAT-TEST] scenario=mixed_orbit selected=test_unseen_day_unseen_rx overall_tx=39.98% strict_udu=39.98% (23988/60000)
[BEST-TEST] overall=90.23% @ E118 -> finalist_runs/B2_A2_light_seed1337/best_model_test_overall.pth | unseen_day_unseen_rx=85.84% @ E123 -> finalist_runs/B2_A2_light_seed1337/best_model_strict_udu.pth | unseen_day_seen_rx=94.24% @ E080 | seen_day_unseen_rx=90.24% @ E118
[BEST-PRIMARY] score=87.23 @ E123 -> finalist_runs/B2_A2_light_seed1337/best_model_primary_ood.pth | overall=89.82% strict_udu=85.84%
[BEST-WORST-RX] worst_rx=85.09% (test_rx_8) @ E118 -> finalist_runs/B2_A2_light_seed1337/best_model_worst_rx.pth
====================================================================================================================================
[Epoch 155/200] time=85.4s | lr=2.48e-05 | aux_scale=1.000
[STAGE] phase=S3_refine_aux_late_stable | use_aux=1.0 cons=0.75 cls_aux=0.66 reg=0.66 joint_inv=0.20 kl=0.40 group_ce=0.91
[MIXSTYLE-EPOCH] phase=late_anneal enabled=1 p=0.050 strength=0.350 anneal_t=1.000
[AUG] scale=0.283 | p_dac=0.000 p_pa=0.040 p_shift=0.099 p_cfo=0.099 p_awgn=0.113 p_mp=0.051 | max_shift=9 cfo_max=0.000113 pn_max=0.001695
------------------------------------------------------------------------------------------------------------------------------------
[LOSS-CORE] total=3.7799 cls=1.5331 dom=0.3866 adv=2.6242 orth=0.0022 cons=0.1884 group_ce=2.4883
[LOSS-AUX]  cls_pa=0.8982 cls_dac=0.0000 pa_joint_inv=0.1957 pa_kl=0.7300 dac_reg=0.0000 pa_reg=0.0142 gap_dac=0.0000 gap_pa=0.2829 cos_joint_pa=0.8043 cos_imp_pa=nan
[LOSS-SAT]  cls_sat=9.1631 sat_cons=0.7195 sat_cos=0.2805
[LOSS-DG]   proto=0.0000 proto_cos=nan supcon=0.0000 fishr=0.0016 sgc_res=0.0000
[LOSS-CAL]  ecc=0.0000 ecc_w=0.0000 ecc_tau=0.9500 ecc_maxp=nan
[TRAIN] tx=87.63% dom=85.84% cons_cos=0.8116
[GRAD]  total=1.659 backbone=1.000 aux=0.750 domain=0.400
[VAL]   tx=98.97% dom=95.79%
[TEST]  overall_tx=89.58% (182741/204000)
[TEST-SPLIT]
          unseen_day_seen_rx(days=['2021_03_15', '2021_03_23'], rxs=[0, 1, 2, 3, 4, 5, 6]): tx=93.43% (78480/84000)
          seen_day_unseen_rx(days=['2021_03_01', '2021_03_08'], rxs=[7, 8, 9, 10, 11]): tx=88.60% (53161/60000)
          unseen_day_unseen_rx(days=['2021_03_15', '2021_03_23'], rxs=[7, 8, 9, 10, 11]): tx=85.17% (51100/60000)
          day=2021_03_15 on seen_rxs=[0, 1, 2, 3, 4, 5, 6]: tx=95.75% (40214/42000)
          day=2021_03_23 on seen_rxs=[0, 1, 2, 3, 4, 5, 6]: tx=91.11% (38266/42000)
          rx=7 on seen_days=['2021_03_01', '2021_03_08']: tx=81.61% (9793/12000)
          rx=8 on seen_days=['2021_03_01', '2021_03_08']: tx=84.90% (10188/12000)
          rx=9 on seen_days=['2021_03_01', '2021_03_08']: tx=90.06% (10807/12000)
          rx=10 on seen_days=['2021_03_01', '2021_03_08']: tx=93.19% (11183/12000)
          rx=11 on seen_days=['2021_03_01', '2021_03_08']: tx=93.25% (11190/12000)
[BEST-JOINT]  val_tx=99.05% & test_tx=89.18% @ E150
[CKPT]  latest -> finalist_runs/B2_A2_light_seed1337/latest_model.pth (saved) | best -> finalist_runs/B2_A2_light_seed1337/best_model_val.pth
====================================================================================================================================
[SAT-TEST] scenario=clear_leo selected=test_unseen_day_unseen_rx overall_tx=44.44% strict_udu=44.44% (26663/60000)
[SAT-TEST] scenario=low_elev_leo selected=test_unseen_day_unseen_rx overall_tx=44.90% strict_udu=44.90% (26942/60000)
[SAT-TEST] scenario=rain_leo selected=test_unseen_day_unseen_rx overall_tx=42.09% strict_udu=42.09% (25255/60000)
[SAT-TEST] scenario=storm_mp selected=test_unseen_day_unseen_rx overall_tx=38.54% strict_udu=38.54% (23123/60000)
[SAT-TEST] scenario=mixed_orbit selected=test_unseen_day_unseen_rx overall_tx=40.68% strict_udu=40.68% (24408/60000)
[BEST-TEST] overall=90.23% @ E118 -> finalist_runs/B2_A2_light_seed1337/best_model_test_overall.pth | unseen_day_unseen_rx=85.84% @ E123 -> finalist_runs/B2_A2_light_seed1337/best_model_strict_udu.pth | unseen_day_seen_rx=94.24% @ E080 | seen_day_unseen_rx=90.24% @ E118
[BEST-PRIMARY] score=87.23 @ E123 -> finalist_runs/B2_A2_light_seed1337/best_model_primary_ood.pth | overall=89.82% strict_udu=85.84%
[BEST-WORST-RX] worst_rx=85.09% (test_rx_8) @ E118 -> finalist_runs/B2_A2_light_seed1337/best_model_worst_rx.pth
====================================================================================================================================
[Epoch 156/200] time=84.7s | lr=2.38e-05 | aux_scale=1.000
[STAGE] phase=S3_refine_aux_late_stable | use_aux=1.0 cons=0.74 cls_aux=0.64 reg=0.64 joint_inv=0.19 kl=0.39 group_ce=0.90
[MIXSTYLE-EPOCH] phase=late_anneal enabled=1 p=0.050 strength=0.350 anneal_t=1.000
[AUG] scale=0.278 | p_dac=0.000 p_pa=0.039 p_shift=0.097 p_cfo=0.097 p_awgn=0.111 p_mp=0.050 | max_shift=9 cfo_max=0.0001112 pn_max=0.001668
------------------------------------------------------------------------------------------------------------------------------------
[LOSS-CORE] total=3.6347 cls=1.4475 dom=0.3521 adv=2.6274 orth=0.0022 cons=0.1738 group_ce=2.3628
[LOSS-AUX]  cls_pa=0.9277 cls_dac=0.0000 pa_joint_inv=0.1957 pa_kl=0.7588 dac_reg=0.0000 pa_reg=0.0140 gap_dac=0.0000 gap_pa=0.2808 cos_joint_pa=0.8043 cos_imp_pa=nan
[LOSS-SAT]  cls_sat=9.1345 sat_cons=0.7141 sat_cos=0.2859
[LOSS-DG]   proto=0.0000 proto_cos=nan supcon=0.0000 fishr=0.0014 sgc_res=0.0000
[LOSS-CAL]  ecc=0.0000 ecc_w=0.0000 ecc_tau=0.9500 ecc_maxp=nan
[TRAIN] tx=88.31% dom=87.10% cons_cos=0.8262
[GRAD]  total=1.531 backbone=1.000 aux=0.750 domain=0.376
[VAL]   tx=98.99% dom=95.94%
[TEST]  overall_tx=89.71% (183005/204000)
[TEST-SPLIT]
          unseen_day_seen_rx(days=['2021_03_15', '2021_03_23'], rxs=[0, 1, 2, 3, 4, 5, 6]): tx=93.38% (78438/84000)
          seen_day_unseen_rx(days=['2021_03_01', '2021_03_08'], rxs=[7, 8, 9, 10, 11]): tx=88.98% (53387/60000)
          unseen_day_unseen_rx(days=['2021_03_15', '2021_03_23'], rxs=[7, 8, 9, 10, 11]): tx=85.30% (51180/60000)
          day=2021_03_15 on seen_rxs=[0, 1, 2, 3, 4, 5, 6]: tx=96.17% (40392/42000)
          day=2021_03_23 on seen_rxs=[0, 1, 2, 3, 4, 5, 6]: tx=90.59% (38046/42000)
          rx=7 on seen_days=['2021_03_01', '2021_03_08']: tx=82.03% (9843/12000)
          rx=8 on seen_days=['2021_03_01', '2021_03_08']: tx=85.42% (10250/12000)
          rx=9 on seen_days=['2021_03_01', '2021_03_08']: tx=90.82% (10898/12000)
          rx=10 on seen_days=['2021_03_01', '2021_03_08']: tx=93.11% (11173/12000)
          rx=11 on seen_days=['2021_03_01', '2021_03_08']: tx=93.53% (11223/12000)
[BEST-JOINT]  val_tx=99.05% & test_tx=89.18% @ E150
[CKPT]  latest -> finalist_runs/B2_A2_light_seed1337/latest_model.pth (saved) | best -> finalist_runs/B2_A2_light_seed1337/best_model_val.pth
====================================================================================================================================
[SAT-TEST] scenario=clear_leo selected=test_unseen_day_unseen_rx overall_tx=45.27% strict_udu=45.27% (27165/60000)
[SAT-TEST] scenario=low_elev_leo selected=test_unseen_day_unseen_rx overall_tx=45.45% strict_udu=45.45% (27268/60000)
[SAT-TEST] scenario=rain_leo selected=test_unseen_day_unseen_rx overall_tx=42.85% strict_udu=42.85% (25711/60000)
[SAT-TEST] scenario=storm_mp selected=test_unseen_day_unseen_rx overall_tx=38.67% strict_udu=38.67% (23205/60000)
[SAT-TEST] scenario=mixed_orbit selected=test_unseen_day_unseen_rx overall_tx=41.34% strict_udu=41.34% (24801/60000)
[BEST-TEST] overall=90.23% @ E118 -> finalist_runs/B2_A2_light_seed1337/best_model_test_overall.pth | unseen_day_unseen_rx=85.84% @ E123 -> finalist_runs/B2_A2_light_seed1337/best_model_strict_udu.pth | unseen_day_seen_rx=94.24% @ E080 | seen_day_unseen_rx=90.24% @ E118
[BEST-PRIMARY] score=87.23 @ E123 -> finalist_runs/B2_A2_light_seed1337/best_model_primary_ood.pth | overall=89.82% strict_udu=85.84%
[BEST-WORST-RX] worst_rx=85.09% (test_rx_8) @ E118 -> finalist_runs/B2_A2_light_seed1337/best_model_worst_rx.pth
====================================================================================================================================
[Epoch 157/200] time=83.4s | lr=2.28e-05 | aux_scale=1.000
[STAGE] phase=S3_refine_aux_late_stable | use_aux=1.0 cons=0.72 cls_aux=0.62 reg=0.62 joint_inv=0.19 kl=0.38 group_ce=0.90
[MIXSTYLE-EPOCH] phase=late_anneal enabled=1 p=0.050 strength=0.350 anneal_t=1.000
[AUG] scale=0.274 | p_dac=0.000 p_pa=0.038 p_shift=0.096 p_cfo=0.096 p_awgn=0.109 p_mp=0.049 | max_shift=9 cfo_max=0.0001094 pn_max=0.001641
------------------------------------------------------------------------------------------------------------------------------------
[LOSS-CORE] total=3.2997 cls=1.1948 dom=0.3220 adv=2.6255 orth=0.0024 cons=0.1615 group_ce=1.9698
[LOSS-AUX]  cls_pa=0.9580 cls_dac=0.0000 pa_joint_inv=0.1972 pa_kl=0.7851 dac_reg=0.0000 pa_reg=0.0140 gap_dac=0.0000 gap_pa=0.2822 cos_joint_pa=0.8028 cos_imp_pa=nan
[LOSS-SAT]  cls_sat=9.0837 sat_cons=0.7171 sat_cos=0.2829
[LOSS-DG]   proto=0.0000 proto_cos=nan supcon=0.0000 fishr=0.0011 sgc_res=0.0000
[LOSS-CAL]  ecc=0.0000 ecc_w=0.0000 ecc_tau=0.9500 ecc_maxp=nan
[TRAIN] tx=90.01% dom=88.09% cons_cos=0.8385
[GRAD]  total=1.581 backbone=1.000 aux=0.750 domain=0.377
[VAL]   tx=98.97% dom=95.85%
[TEST]  overall_tx=89.57% (182721/204000)
[TEST-SPLIT]
          unseen_day_seen_rx(days=['2021_03_15', '2021_03_23'], rxs=[0, 1, 2, 3, 4, 5, 6]): tx=93.27% (78344/84000)
          seen_day_unseen_rx(days=['2021_03_01', '2021_03_08'], rxs=[7, 8, 9, 10, 11]): tx=88.68% (53206/60000)
          unseen_day_unseen_rx(days=['2021_03_15', '2021_03_23'], rxs=[7, 8, 9, 10, 11]): tx=85.28% (51171/60000)
          day=2021_03_15 on seen_rxs=[0, 1, 2, 3, 4, 5, 6]: tx=95.33% (40038/42000)
          day=2021_03_23 on seen_rxs=[0, 1, 2, 3, 4, 5, 6]: tx=91.20% (38306/42000)
          rx=7 on seen_days=['2021_03_01', '2021_03_08']: tx=81.03% (9724/12000)
          rx=8 on seen_days=['2021_03_01', '2021_03_08']: tx=85.50% (10260/12000)
          rx=9 on seen_days=['2021_03_01', '2021_03_08']: tx=89.86% (10783/12000)
          rx=10 on seen_days=['2021_03_01', '2021_03_08']: tx=93.03% (11164/12000)
          rx=11 on seen_days=['2021_03_01', '2021_03_08']: tx=93.96% (11275/12000)
[BEST-JOINT]  val_tx=99.05% & test_tx=89.18% @ E150
[CKPT]  latest -> finalist_runs/B2_A2_light_seed1337/latest_model.pth (saved) | best -> finalist_runs/B2_A2_light_seed1337/best_model_val.pth
====================================================================================================================================
[SAT-TEST] scenario=clear_leo selected=test_unseen_day_unseen_rx overall_tx=44.13% strict_udu=44.13% (26477/60000)
[SAT-TEST] scenario=low_elev_leo selected=test_unseen_day_unseen_rx overall_tx=44.50% strict_udu=44.50% (26698/60000)
[SAT-TEST] scenario=rain_leo selected=test_unseen_day_unseen_rx overall_tx=41.82% strict_udu=41.82% (25094/60000)
[SAT-TEST] scenario=storm_mp selected=test_unseen_day_unseen_rx overall_tx=38.34% strict_udu=38.34% (23006/60000)
[SAT-TEST] scenario=mixed_orbit selected=test_unseen_day_unseen_rx overall_tx=40.58% strict_udu=40.58% (24345/60000)
[BEST-TEST] overall=90.23% @ E118 -> finalist_runs/B2_A2_light_seed1337/best_model_test_overall.pth | unseen_day_unseen_rx=85.84% @ E123 -> finalist_runs/B2_A2_light_seed1337/best_model_strict_udu.pth | unseen_day_seen_rx=94.24% @ E080 | seen_day_unseen_rx=90.24% @ E118
[BEST-PRIMARY] score=87.23 @ E123 -> finalist_runs/B2_A2_light_seed1337/best_model_primary_ood.pth | overall=89.82% strict_udu=85.84%
[BEST-WORST-RX] worst_rx=85.09% (test_rx_8) @ E118 -> finalist_runs/B2_A2_light_seed1337/best_model_worst_rx.pth
====================================================================================================================================
[Epoch 158/200] time=84.4s | lr=2.19e-05 | aux_scale=1.000
[STAGE] phase=S3_refine_aux_late_stable | use_aux=1.0 cons=0.70 cls_aux=0.59 reg=0.59 joint_inv=0.18 kl=0.36 group_ce=0.89
[MIXSTYLE-EPOCH] phase=late_anneal enabled=1 p=0.050 strength=0.350 anneal_t=1.000
[AUG] scale=0.269 | p_dac=0.000 p_pa=0.038 p_shift=0.094 p_cfo=0.094 p_awgn=0.108 p_mp=0.048 | max_shift=9 cfo_max=0.0001076 pn_max=0.001614
------------------------------------------------------------------------------------------------------------------------------------
[LOSS-CORE] total=2.9849 cls=0.9862 dom=0.2539 adv=2.6215 orth=0.0025 cons=0.1632 group_ce=1.8251
[LOSS-AUX]  cls_pa=0.8978 cls_dac=0.0000 pa_joint_inv=0.1945 pa_kl=0.7336 dac_reg=0.0000 pa_reg=0.0143 gap_dac=0.0000 gap_pa=0.2782 cos_joint_pa=0.8055 cos_imp_pa=nan
[LOSS-SAT]  cls_sat=9.0907 sat_cons=0.7269 sat_cos=0.2731
[LOSS-DG]   proto=0.0000 proto_cos=nan supcon=0.0000 fishr=0.0010 sgc_res=0.0000
[LOSS-CAL]  ecc=0.0000 ecc_w=0.0000 ecc_tau=0.9500 ecc_maxp=nan
[TRAIN] tx=92.45% dom=90.33% cons_cos=0.8368
[GRAD]  total=1.560 backbone=1.000 aux=0.750 domain=0.373
[VAL]   tx=99.02% dom=95.94%
[TEST]  overall_tx=89.40% (182367/204000)
[TEST-SPLIT]
          unseen_day_seen_rx(days=['2021_03_15', '2021_03_23'], rxs=[0, 1, 2, 3, 4, 5, 6]): tx=93.05% (78159/84000)
          seen_day_unseen_rx(days=['2021_03_01', '2021_03_08'], rxs=[7, 8, 9, 10, 11]): tx=88.46% (53074/60000)
          unseen_day_unseen_rx(days=['2021_03_15', '2021_03_23'], rxs=[7, 8, 9, 10, 11]): tx=85.22% (51134/60000)
          day=2021_03_15 on seen_rxs=[0, 1, 2, 3, 4, 5, 6]: tx=95.36% (40052/42000)
          day=2021_03_23 on seen_rxs=[0, 1, 2, 3, 4, 5, 6]: tx=90.73% (38107/42000)
          rx=7 on seen_days=['2021_03_01', '2021_03_08']: tx=79.83% (9580/12000)
          rx=8 on seen_days=['2021_03_01', '2021_03_08']: tx=85.32% (10238/12000)
          rx=9 on seen_days=['2021_03_01', '2021_03_08']: tx=90.09% (10811/12000)
          rx=10 on seen_days=['2021_03_01', '2021_03_08']: tx=93.26% (11191/12000)
          rx=11 on seen_days=['2021_03_01', '2021_03_08']: tx=93.78% (11254/12000)
[BEST-JOINT]  val_tx=99.05% & test_tx=89.18% @ E150
[CKPT]  latest -> finalist_runs/B2_A2_light_seed1337/latest_model.pth (saved) | best -> finalist_runs/B2_A2_light_seed1337/best_model_val.pth
====================================================================================================================================
[SAT-TEST] scenario=clear_leo selected=test_unseen_day_unseen_rx overall_tx=44.19% strict_udu=44.19% (26513/60000)
[SAT-TEST] scenario=low_elev_leo selected=test_unseen_day_unseen_rx overall_tx=45.11% strict_udu=45.11% (27064/60000)
[SAT-TEST] scenario=rain_leo selected=test_unseen_day_unseen_rx overall_tx=42.36% strict_udu=42.36% (25418/60000)
[SAT-TEST] scenario=storm_mp selected=test_unseen_day_unseen_rx overall_tx=38.43% strict_udu=38.43% (23059/60000)
[SAT-TEST] scenario=mixed_orbit selected=test_unseen_day_unseen_rx overall_tx=40.63% strict_udu=40.63% (24381/60000)
[BEST-TEST] overall=90.23% @ E118 -> finalist_runs/B2_A2_light_seed1337/best_model_test_overall.pth | unseen_day_unseen_rx=85.84% @ E123 -> finalist_runs/B2_A2_light_seed1337/best_model_strict_udu.pth | unseen_day_seen_rx=94.24% @ E080 | seen_day_unseen_rx=90.24% @ E118
[BEST-PRIMARY] score=87.23 @ E123 -> finalist_runs/B2_A2_light_seed1337/best_model_primary_ood.pth | overall=89.82% strict_udu=85.84%
[BEST-WORST-RX] worst_rx=85.09% (test_rx_8) @ E118 -> finalist_runs/B2_A2_light_seed1337/best_model_worst_rx.pth
====================================================================================================================================
[Epoch 159/200] time=83.6s | lr=2.09e-05 | aux_scale=1.000
[STAGE] phase=S3_refine_aux_late_stable | use_aux=1.0 cons=0.69 cls_aux=0.57 reg=0.57 joint_inv=0.17 kl=0.35 group_ce=0.89
[MIXSTYLE-EPOCH] phase=late_anneal enabled=1 p=0.050 strength=0.350 anneal_t=1.000
[AUG] scale=0.264 | p_dac=0.000 p_pa=0.037 p_shift=0.093 p_cfo=0.093 p_awgn=0.106 p_mp=0.048 | max_shift=8 cfo_max=0.0001057 pn_max=0.001586
------------------------------------------------------------------------------------------------------------------------------------
[LOSS-CORE] total=2.8967 cls=0.9387 dom=0.2396 adv=2.6252 orth=0.0026 cons=0.1582 group_ce=1.6932
[LOSS-AUX]  cls_pa=0.8860 cls_dac=0.0000 pa_joint_inv=0.1918 pa_kl=0.7245 dac_reg=0.0000 pa_reg=0.0143 gap_dac=0.0000 gap_pa=0.2725 cos_joint_pa=0.8082 cos_imp_pa=nan
[LOSS-SAT]  cls_sat=9.1403 sat_cons=0.7279 sat_cos=0.2721
[LOSS-DG]   proto=0.0000 proto_cos=nan supcon=0.0000 fishr=0.0010 sgc_res=0.0000
[LOSS-CAL]  ecc=0.0000 ecc_w=0.0000 ecc_tau=0.9500 ecc_maxp=nan
[TRAIN] tx=92.72% dom=90.90% cons_cos=0.8418
[GRAD]  total=1.476 backbone=1.000 aux=0.750 domain=0.355
[VAL]   tx=99.02% dom=95.95%
[TEST]  overall_tx=89.83% (183252/204000)
[TEST-SPLIT]
          unseen_day_seen_rx(days=['2021_03_15', '2021_03_23'], rxs=[0, 1, 2, 3, 4, 5, 6]): tx=93.36% (78420/84000)
          seen_day_unseen_rx(days=['2021_03_01', '2021_03_08'], rxs=[7, 8, 9, 10, 11]): tx=88.89% (53337/60000)
          unseen_day_unseen_rx(days=['2021_03_15', '2021_03_23'], rxs=[7, 8, 9, 10, 11]): tx=85.83% (51495/60000)
          day=2021_03_15 on seen_rxs=[0, 1, 2, 3, 4, 5, 6]: tx=95.87% (40266/42000)
          day=2021_03_23 on seen_rxs=[0, 1, 2, 3, 4, 5, 6]: tx=90.84% (38154/42000)
          rx=7 on seen_days=['2021_03_01', '2021_03_08']: tx=80.50% (9660/12000)
          rx=8 on seen_days=['2021_03_01', '2021_03_08']: tx=86.12% (10334/12000)
          rx=9 on seen_days=['2021_03_01', '2021_03_08']: tx=90.52% (10862/12000)
          rx=10 on seen_days=['2021_03_01', '2021_03_08']: tx=92.52% (11102/12000)
          rx=11 on seen_days=['2021_03_01', '2021_03_08']: tx=94.83% (11379/12000)
[BEST-JOINT]  val_tx=99.05% & test_tx=89.18% @ E150
[CKPT]  latest -> finalist_runs/B2_A2_light_seed1337/latest_model.pth (saved) | best -> finalist_runs/B2_A2_light_seed1337/best_model_val.pth
====================================================================================================================================
[SAT-TEST] scenario=clear_leo selected=test_unseen_day_unseen_rx overall_tx=44.76% strict_udu=44.76% (26858/60000)
[SAT-TEST] scenario=low_elev_leo selected=test_unseen_day_unseen_rx overall_tx=45.38% strict_udu=45.38% (27228/60000)
[SAT-TEST] scenario=rain_leo selected=test_unseen_day_unseen_rx overall_tx=42.37% strict_udu=42.37% (25423/60000)
[SAT-TEST] scenario=storm_mp selected=test_unseen_day_unseen_rx overall_tx=38.45% strict_udu=38.45% (23068/60000)
[SAT-TEST] scenario=mixed_orbit selected=test_unseen_day_unseen_rx overall_tx=41.03% strict_udu=41.03% (24617/60000)
[BEST-TEST] overall=90.23% @ E118 -> finalist_runs/B2_A2_light_seed1337/best_model_test_overall.pth | unseen_day_unseen_rx=85.84% @ E123 -> finalist_runs/B2_A2_light_seed1337/best_model_strict_udu.pth | unseen_day_seen_rx=94.24% @ E080 | seen_day_unseen_rx=90.24% @ E118
[BEST-PRIMARY] score=87.23 @ E123 -> finalist_runs/B2_A2_light_seed1337/best_model_primary_ood.pth | overall=89.82% strict_udu=85.84%
[BEST-WORST-RX] worst_rx=85.09% (test_rx_8) @ E118 -> finalist_runs/B2_A2_light_seed1337/best_model_worst_rx.pth
====================================================================================================================================
[Epoch 160/200] time=88.9s | lr=2.00e-05 | aux_scale=1.000
[STAGE] phase=S3_refine_aux_late_stable | use_aux=1.0 cons=0.67 cls_aux=0.55 reg=0.55 joint_inv=0.17 kl=0.33 group_ce=0.88
[MIXSTYLE-EPOCH] phase=late_anneal enabled=1 p=0.050 strength=0.350 anneal_t=1.000
[AUG] scale=0.260 | p_dac=0.000 p_pa=0.036 p_shift=0.091 p_cfo=0.091 p_awgn=0.104 p_mp=0.047 | max_shift=8 cfo_max=0.0001039 pn_max=0.001558
------------------------------------------------------------------------------------------------------------------------------------
[LOSS-CORE] total=2.9966 cls=1.0192 dom=0.2705 adv=2.6254 orth=0.0026 cons=0.1606 group_ce=1.7666
[LOSS-AUX]  cls_pa=0.8494 cls_dac=0.0000 pa_joint_inv=0.1901 pa_kl=0.6863 dac_reg=0.0000 pa_reg=0.0143 gap_dac=0.0000 gap_pa=0.2765 cos_joint_pa=0.8099 cos_imp_pa=nan
[LOSS-SAT]  cls_sat=9.1934 sat_cons=0.7364 sat_cos=0.2636
[LOSS-DG]   proto=0.0000 proto_cos=nan supcon=0.0000 fishr=0.0010 sgc_res=0.0000
[LOSS-CAL]  ecc=0.0000 ecc_w=0.0000 ecc_tau=0.9500 ecc_maxp=nan
[TRAIN] tx=92.01% dom=89.86% cons_cos=0.8394
[GRAD]  total=1.486 backbone=1.000 aux=0.750 domain=0.353
[VAL]   tx=98.95% dom=96.01%
[TEST]  overall_tx=89.72% (183028/204000)
[TEST-SPLIT]
          unseen_day_seen_rx(days=['2021_03_15', '2021_03_23'], rxs=[0, 1, 2, 3, 4, 5, 6]): tx=93.51% (78551/84000)
          seen_day_unseen_rx(days=['2021_03_01', '2021_03_08'], rxs=[7, 8, 9, 10, 11]): tx=89.03% (53418/60000)
          unseen_day_unseen_rx(days=['2021_03_15', '2021_03_23'], rxs=[7, 8, 9, 10, 11]): tx=85.10% (51059/60000)
          day=2021_03_15 on seen_rxs=[0, 1, 2, 3, 4, 5, 6]: tx=95.52% (40118/42000)
          day=2021_03_23 on seen_rxs=[0, 1, 2, 3, 4, 5, 6]: tx=91.51% (38433/42000)
          rx=7 on seen_days=['2021_03_01', '2021_03_08']: tx=83.97% (10076/12000)
          rx=8 on seen_days=['2021_03_01', '2021_03_08']: tx=85.53% (10264/12000)
          rx=9 on seen_days=['2021_03_01', '2021_03_08']: tx=90.00% (10800/12000)
          rx=10 on seen_days=['2021_03_01', '2021_03_08']: tx=93.63% (11236/12000)
          rx=11 on seen_days=['2021_03_01', '2021_03_08']: tx=92.02% (11042/12000)
[BEST-JOINT]  val_tx=99.05% & test_tx=89.18% @ E150
[CKPT]  latest -> finalist_runs/B2_A2_light_seed1337/latest_model.pth (saved) | best -> finalist_runs/B2_A2_light_seed1337/best_model_val.pth
====================================================================================================================================
[SAT-TEST] scenario=clear_leo selected=test_unseen_day_unseen_rx overall_tx=44.01% strict_udu=44.01% (26406/60000)
[SAT-TEST] scenario=low_elev_leo selected=test_unseen_day_unseen_rx overall_tx=45.10% strict_udu=45.10% (27063/60000)
[SAT-TEST] scenario=rain_leo selected=test_unseen_day_unseen_rx overall_tx=41.98% strict_udu=41.98% (25186/60000)
[SAT-TEST] scenario=storm_mp selected=test_unseen_day_unseen_rx overall_tx=38.28% strict_udu=38.28% (22969/60000)
[SAT-TEST] scenario=mixed_orbit selected=test_unseen_day_unseen_rx overall_tx=40.32% strict_udu=40.32% (24191/60000)
[BEST-TEST] overall=90.23% @ E118 -> finalist_runs/B2_A2_light_seed1337/best_model_test_overall.pth | unseen_day_unseen_rx=85.84% @ E123 -> finalist_runs/B2_A2_light_seed1337/best_model_strict_udu.pth | unseen_day_seen_rx=94.24% @ E080 | seen_day_unseen_rx=90.24% @ E118
[BEST-PRIMARY] score=87.23 @ E123 -> finalist_runs/B2_A2_light_seed1337/best_model_primary_ood.pth | overall=89.82% strict_udu=85.84%
[BEST-WORST-RX] worst_rx=85.09% (test_rx_8) @ E118 -> finalist_runs/B2_A2_light_seed1337/best_model_worst_rx.pth
====================================================================================================================================
[Epoch 161/200] time=84.3s | lr=1.91e-05 | aux_scale=1.000
[STAGE] phase=S3_refine_aux_late_stable | use_aux=1.0 cons=0.65 cls_aux=0.52 reg=0.52 joint_inv=0.16 kl=0.32 group_ce=0.87
[MIXSTYLE-EPOCH] phase=late_anneal enabled=1 p=0.050 strength=0.350 anneal_t=1.000
[AUG] scale=0.255 | p_dac=0.000 p_pa=0.036 p_shift=0.089 p_cfo=0.089 p_awgn=0.102 p_mp=0.046 | max_shift=8 cfo_max=0.000102 pn_max=0.001529
------------------------------------------------------------------------------------------------------------------------------------
[LOSS-CORE] total=2.9023 cls=0.9691 dom=0.2509 adv=2.6262 orth=0.0026 cons=0.1537 group_ce=1.6707
[LOSS-AUX]  cls_pa=0.8943 cls_dac=0.0000 pa_joint_inv=0.1904 pa_kl=0.7273 dac_reg=0.0000 pa_reg=0.0144 gap_dac=0.0000 gap_pa=0.2724 cos_joint_pa=0.8096 cos_imp_pa=nan
[LOSS-SAT]  cls_sat=9.1114 sat_cons=0.7274 sat_cos=0.2726
[LOSS-DG]   proto=0.0000 proto_cos=nan supcon=0.0000 fishr=0.0009 sgc_res=0.0000
[LOSS-CAL]  ecc=0.0000 ecc_w=0.0000 ecc_tau=0.9500 ecc_maxp=nan
[TRAIN] tx=92.46% dom=90.63% cons_cos=0.8463
[GRAD]  total=1.553 backbone=1.000 aux=0.750 domain=0.357
[VAL]   tx=99.01% dom=96.02%
[TEST]  overall_tx=89.62% (182835/204000)
[TEST-SPLIT]
          unseen_day_seen_rx(days=['2021_03_15', '2021_03_23'], rxs=[0, 1, 2, 3, 4, 5, 6]): tx=93.36% (78426/84000)
          seen_day_unseen_rx(days=['2021_03_01', '2021_03_08'], rxs=[7, 8, 9, 10, 11]): tx=88.73% (53236/60000)
          unseen_day_unseen_rx(days=['2021_03_15', '2021_03_23'], rxs=[7, 8, 9, 10, 11]): tx=85.29% (51173/60000)
          day=2021_03_15 on seen_rxs=[0, 1, 2, 3, 4, 5, 6]: tx=95.59% (40149/42000)
          day=2021_03_23 on seen_rxs=[0, 1, 2, 3, 4, 5, 6]: tx=91.14% (38277/42000)
          rx=7 on seen_days=['2021_03_01', '2021_03_08']: tx=81.64% (9797/12000)
          rx=8 on seen_days=['2021_03_01', '2021_03_08']: tx=85.80% (10296/12000)
          rx=9 on seen_days=['2021_03_01', '2021_03_08']: tx=90.17% (10820/12000)
          rx=10 on seen_days=['2021_03_01', '2021_03_08']: tx=93.43% (11212/12000)
          rx=11 on seen_days=['2021_03_01', '2021_03_08']: tx=92.59% (11111/12000)
[BEST-JOINT]  val_tx=99.05% & test_tx=89.18% @ E150
[CKPT]  latest -> finalist_runs/B2_A2_light_seed1337/latest_model.pth (saved) | best -> finalist_runs/B2_A2_light_seed1337/best_model_val.pth
====================================================================================================================================
[SAT-TEST] scenario=clear_leo selected=test_unseen_day_unseen_rx overall_tx=44.39% strict_udu=44.39% (26636/60000)
[SAT-TEST] scenario=low_elev_leo selected=test_unseen_day_unseen_rx overall_tx=45.35% strict_udu=45.35% (27209/60000)
[SAT-TEST] scenario=rain_leo selected=test_unseen_day_unseen_rx overall_tx=42.23% strict_udu=42.23% (25338/60000)
[SAT-TEST] scenario=storm_mp selected=test_unseen_day_unseen_rx overall_tx=38.49% strict_udu=38.49% (23095/60000)
[SAT-TEST] scenario=mixed_orbit selected=test_unseen_day_unseen_rx overall_tx=40.59% strict_udu=40.59% (24354/60000)
[BEST-TEST] overall=90.23% @ E118 -> finalist_runs/B2_A2_light_seed1337/best_model_test_overall.pth | unseen_day_unseen_rx=85.84% @ E123 -> finalist_runs/B2_A2_light_seed1337/best_model_strict_udu.pth | unseen_day_seen_rx=94.24% @ E080 | seen_day_unseen_rx=90.24% @ E118
[BEST-PRIMARY] score=87.23 @ E123 -> finalist_runs/B2_A2_light_seed1337/best_model_primary_ood.pth | overall=89.82% strict_udu=85.84%
[BEST-WORST-RX] worst_rx=85.09% (test_rx_8) @ E118 -> finalist_runs/B2_A2_light_seed1337/best_model_worst_rx.pth
====================================================================================================================================
[Epoch 162/200] time=84.2s | lr=1.82e-05 | aux_scale=1.000
[STAGE] phase=S3_refine_aux_late_stable | use_aux=1.0 cons=0.63 cls_aux=0.50 reg=0.50 joint_inv=0.15 kl=0.31 group_ce=0.87
[MIXSTYLE-EPOCH] phase=late_anneal enabled=1 p=0.050 strength=0.350 anneal_t=1.000
[AUG] scale=0.250 | p_dac=0.000 p_pa=0.035 p_shift=0.088 p_cfo=0.088 p_awgn=0.100 p_mp=0.045 | max_shift=8 cfo_max=0.0001001 pn_max=0.001501
------------------------------------------------------------------------------------------------------------------------------------
[LOSS-CORE] total=2.7284 cls=0.8305 dom=0.2441 adv=2.6243 orth=0.0026 cons=0.1512 group_ce=1.5564
[LOSS-AUX]  cls_pa=0.8761 cls_dac=0.0000 pa_joint_inv=0.1920 pa_kl=0.7051 dac_reg=0.0000 pa_reg=0.0143 gap_dac=0.0000 gap_pa=0.2792 cos_joint_pa=0.8080 cos_imp_pa=nan
[LOSS-SAT]  cls_sat=9.1341 sat_cons=0.7341 sat_cos=0.2659
[LOSS-DG]   proto=0.0000 proto_cos=nan supcon=0.0000 fishr=0.0008 sgc_res=0.0000
[LOSS-CAL]  ecc=0.0000 ecc_w=0.0000 ecc_tau=0.9500 ecc_maxp=nan
[TRAIN] tx=93.66% dom=91.12% cons_cos=0.8488
[GRAD]  total=1.576 backbone=1.000 aux=0.750 domain=0.381
[VAL]   tx=98.92% dom=95.90%
[TEST]  overall_tx=89.81% (183215/204000)
[TEST-SPLIT]
          unseen_day_seen_rx(days=['2021_03_15', '2021_03_23'], rxs=[0, 1, 2, 3, 4, 5, 6]): tx=93.30% (78371/84000)
          seen_day_unseen_rx(days=['2021_03_01', '2021_03_08'], rxs=[7, 8, 9, 10, 11]): tx=89.08% (53450/60000)
          unseen_day_unseen_rx(days=['2021_03_15', '2021_03_23'], rxs=[7, 8, 9, 10, 11]): tx=85.66% (51394/60000)
          day=2021_03_15 on seen_rxs=[0, 1, 2, 3, 4, 5, 6]: tx=95.97% (40306/42000)
          day=2021_03_23 on seen_rxs=[0, 1, 2, 3, 4, 5, 6]: tx=90.63% (38065/42000)
          rx=7 on seen_days=['2021_03_01', '2021_03_08']: tx=82.48% (9898/12000)
          rx=8 on seen_days=['2021_03_01', '2021_03_08']: tx=85.42% (10251/12000)
          rx=9 on seen_days=['2021_03_01', '2021_03_08']: tx=90.29% (10835/12000)
          rx=10 on seen_days=['2021_03_01', '2021_03_08']: tx=93.63% (11236/12000)
          rx=11 on seen_days=['2021_03_01', '2021_03_08']: tx=93.58% (11230/12000)
[BEST-JOINT]  val_tx=99.05% & test_tx=89.18% @ E150
[CKPT]  latest -> finalist_runs/B2_A2_light_seed1337/latest_model.pth (saved) | best -> finalist_runs/B2_A2_light_seed1337/best_model_val.pth
====================================================================================================================================
[SAT-TEST] scenario=clear_leo selected=test_unseen_day_unseen_rx overall_tx=45.27% strict_udu=45.27% (27163/60000)
[SAT-TEST] scenario=low_elev_leo selected=test_unseen_day_unseen_rx overall_tx=45.96% strict_udu=45.96% (27578/60000)
[SAT-TEST] scenario=rain_leo selected=test_unseen_day_unseen_rx overall_tx=42.92% strict_udu=42.92% (25751/60000)
[SAT-TEST] scenario=storm_mp selected=test_unseen_day_unseen_rx overall_tx=38.75% strict_udu=38.75% (23251/60000)
[SAT-TEST] scenario=mixed_orbit selected=test_unseen_day_unseen_rx overall_tx=41.64% strict_udu=41.64% (24986/60000)
[BEST-TEST] overall=90.23% @ E118 -> finalist_runs/B2_A2_light_seed1337/best_model_test_overall.pth | unseen_day_unseen_rx=85.84% @ E123 -> finalist_runs/B2_A2_light_seed1337/best_model_strict_udu.pth | unseen_day_seen_rx=94.24% @ E080 | seen_day_unseen_rx=90.24% @ E118
[BEST-PRIMARY] score=87.23 @ E123 -> finalist_runs/B2_A2_light_seed1337/best_model_primary_ood.pth | overall=89.82% strict_udu=85.84%
[BEST-WORST-RX] worst_rx=85.09% (test_rx_8) @ E118 -> finalist_runs/B2_A2_light_seed1337/best_model_worst_rx.pth
====================================================================================================================================
[Epoch 163/200] time=84.8s | lr=1.73e-05 | aux_scale=1.000
[STAGE] phase=S3_refine_aux_late_stable | use_aux=1.0 cons=0.62 cls_aux=0.48 reg=0.48 joint_inv=0.15 kl=0.29 group_ce=0.86
[MIXSTYLE-EPOCH] phase=late_anneal enabled=1 p=0.050 strength=0.350 anneal_t=1.000
[AUG] scale=0.245 | p_dac=0.000 p_pa=0.034 p_shift=0.086 p_cfo=0.086 p_awgn=0.098 p_mp=0.044 | max_shift=8 cfo_max=9.812e-05 pn_max=0.001472
------------------------------------------------------------------------------------------------------------------------------------
[LOSS-CORE] total=2.5337 cls=0.7077 dom=0.2078 adv=2.6226 orth=0.0028 cons=0.1431 group_ce=1.3987
[LOSS-AUX]  cls_pa=0.8771 cls_dac=0.0000 pa_joint_inv=0.1893 pa_kl=0.7065 dac_reg=0.0000 pa_reg=0.0147 gap_dac=0.0000 gap_pa=0.2665 cos_joint_pa=0.8107 cos_imp_pa=nan
[LOSS-SAT]  cls_sat=9.0568 sat_cons=0.7302 sat_cos=0.2698
[LOSS-DG]   proto=0.0000 proto_cos=nan supcon=0.0000 fishr=0.0008 sgc_res=0.0000
[LOSS-CAL]  ecc=0.0000 ecc_w=0.0000 ecc_tau=0.9500 ecc_maxp=nan
[TRAIN] tx=94.86% dom=92.04% cons_cos=0.8569
[GRAD]  total=1.448 backbone=1.000 aux=0.750 domain=0.357
[VAL]   tx=99.01% dom=96.02%
[TEST]  overall_tx=89.84% (183265/204000)
[TEST-SPLIT]
          unseen_day_seen_rx(days=['2021_03_15', '2021_03_23'], rxs=[0, 1, 2, 3, 4, 5, 6]): tx=93.57% (78599/84000)
          seen_day_unseen_rx(days=['2021_03_01', '2021_03_08'], rxs=[7, 8, 9, 10, 11]): tx=89.35% (53608/60000)
          unseen_day_unseen_rx(days=['2021_03_15', '2021_03_23'], rxs=[7, 8, 9, 10, 11]): tx=85.10% (51058/60000)
          day=2021_03_15 on seen_rxs=[0, 1, 2, 3, 4, 5, 6]: tx=96.14% (40380/42000)
          day=2021_03_23 on seen_rxs=[0, 1, 2, 3, 4, 5, 6]: tx=91.00% (38219/42000)
          rx=7 on seen_days=['2021_03_01', '2021_03_08']: tx=83.87% (10064/12000)
          rx=8 on seen_days=['2021_03_01', '2021_03_08']: tx=85.40% (10248/12000)
          rx=9 on seen_days=['2021_03_01', '2021_03_08']: tx=90.68% (10882/12000)
          rx=10 on seen_days=['2021_03_01', '2021_03_08']: tx=93.86% (11263/12000)
          rx=11 on seen_days=['2021_03_01', '2021_03_08']: tx=92.92% (11151/12000)
[BEST-JOINT]  val_tx=99.05% & test_tx=89.18% @ E150
[CKPT]  latest -> finalist_runs/B2_A2_light_seed1337/latest_model.pth (saved) | best -> finalist_runs/B2_A2_light_seed1337/best_model_val.pth
====================================================================================================================================
[SAT-TEST] scenario=clear_leo selected=test_unseen_day_unseen_rx overall_tx=45.37% strict_udu=45.37% (27223/60000)
[SAT-TEST] scenario=low_elev_leo selected=test_unseen_day_unseen_rx overall_tx=45.98% strict_udu=45.98% (27586/60000)
[SAT-TEST] scenario=rain_leo selected=test_unseen_day_unseen_rx overall_tx=43.03% strict_udu=43.03% (25816/60000)
[SAT-TEST] scenario=storm_mp selected=test_unseen_day_unseen_rx overall_tx=39.04% strict_udu=39.04% (23424/60000)
[SAT-TEST] scenario=mixed_orbit selected=test_unseen_day_unseen_rx overall_tx=41.33% strict_udu=41.33% (24800/60000)
[BEST-TEST] overall=90.23% @ E118 -> finalist_runs/B2_A2_light_seed1337/best_model_test_overall.pth | unseen_day_unseen_rx=85.84% @ E123 -> finalist_runs/B2_A2_light_seed1337/best_model_strict_udu.pth | unseen_day_seen_rx=94.24% @ E080 | seen_day_unseen_rx=90.24% @ E118
[BEST-PRIMARY] score=87.23 @ E123 -> finalist_runs/B2_A2_light_seed1337/best_model_primary_ood.pth | overall=89.82% strict_udu=85.84%
[BEST-WORST-RX] worst_rx=85.09% (test_rx_8) @ E118 -> finalist_runs/B2_A2_light_seed1337/best_model_worst_rx.pth
====================================================================================================================================
[Epoch 164/200] time=85.5s | lr=1.65e-05 | aux_scale=1.000
[STAGE] phase=S3_refine_aux_late_stable | use_aux=1.0 cons=0.60 cls_aux=0.45 reg=0.45 joint_inv=0.14 kl=0.28 group_ce=0.85
[MIXSTYLE-EPOCH] phase=late_anneal enabled=1 p=0.050 strength=0.350 anneal_t=1.000
[AUG] scale=0.240 | p_dac=0.000 p_pa=0.034 p_shift=0.084 p_cfo=0.084 p_awgn=0.096 p_mp=0.043 | max_shift=8 cfo_max=9.618e-05 pn_max=0.001443
------------------------------------------------------------------------------------------------------------------------------------
[LOSS-CORE] total=2.7889 cls=0.9108 dom=0.2591 adv=2.6245 orth=0.0026 cons=0.1536 group_ce=1.6453
[LOSS-AUX]  cls_pa=0.8125 cls_dac=0.0000 pa_joint_inv=0.1922 pa_kl=0.6461 dac_reg=0.0000 pa_reg=0.0145 gap_dac=0.0000 gap_pa=0.2786 cos_joint_pa=0.8078 cos_imp_pa=nan
[LOSS-SAT]  cls_sat=9.0993 sat_cons=0.7239 sat_cos=0.2761
[LOSS-DG]   proto=0.0000 proto_cos=nan supcon=0.0000 fishr=0.0009 sgc_res=0.0000
[LOSS-CAL]  ecc=0.0000 ecc_w=0.0000 ecc_tau=0.9500 ecc_maxp=nan
[TRAIN] tx=92.73% dom=90.49% cons_cos=0.8464
[GRAD]  total=1.525 backbone=1.000 aux=0.750 domain=0.364
[VAL]   tx=98.95% dom=96.11%
[TEST]  overall_tx=89.32% (182207/204000)
[TEST-SPLIT]
          unseen_day_seen_rx(days=['2021_03_15', '2021_03_23'], rxs=[0, 1, 2, 3, 4, 5, 6]): tx=93.00% (78124/84000)
          seen_day_unseen_rx(days=['2021_03_01', '2021_03_08'], rxs=[7, 8, 9, 10, 11]): tx=88.31% (52988/60000)
          unseen_day_unseen_rx(days=['2021_03_15', '2021_03_23'], rxs=[7, 8, 9, 10, 11]): tx=85.16% (51095/60000)
          day=2021_03_15 on seen_rxs=[0, 1, 2, 3, 4, 5, 6]: tx=95.35% (40045/42000)
          day=2021_03_23 on seen_rxs=[0, 1, 2, 3, 4, 5, 6]: tx=90.66% (38079/42000)
          rx=7 on seen_days=['2021_03_01', '2021_03_08']: tx=80.80% (9696/12000)
          rx=8 on seen_days=['2021_03_01', '2021_03_08']: tx=85.26% (10231/12000)
          rx=9 on seen_days=['2021_03_01', '2021_03_08']: tx=89.97% (10797/12000)
          rx=10 on seen_days=['2021_03_01', '2021_03_08']: tx=93.26% (11191/12000)
          rx=11 on seen_days=['2021_03_01', '2021_03_08']: tx=92.28% (11073/12000)
[BEST-JOINT]  val_tx=99.05% & test_tx=89.18% @ E150
[CKPT]  latest -> finalist_runs/B2_A2_light_seed1337/latest_model.pth (saved) | best -> finalist_runs/B2_A2_light_seed1337/best_model_val.pth
====================================================================================================================================
[SAT-TEST] scenario=clear_leo selected=test_unseen_day_unseen_rx overall_tx=43.90% strict_udu=43.90% (26342/60000)
[SAT-TEST] scenario=low_elev_leo selected=test_unseen_day_unseen_rx overall_tx=44.88% strict_udu=44.88% (26930/60000)
[SAT-TEST] scenario=rain_leo selected=test_unseen_day_unseen_rx overall_tx=42.11% strict_udu=42.11% (25265/60000)
[SAT-TEST] scenario=storm_mp selected=test_unseen_day_unseen_rx overall_tx=38.29% strict_udu=38.29% (22972/60000)
[SAT-TEST] scenario=mixed_orbit selected=test_unseen_day_unseen_rx overall_tx=40.24% strict_udu=40.24% (24142/60000)
[BEST-TEST] overall=90.23% @ E118 -> finalist_runs/B2_A2_light_seed1337/best_model_test_overall.pth | unseen_day_unseen_rx=85.84% @ E123 -> finalist_runs/B2_A2_light_seed1337/best_model_strict_udu.pth | unseen_day_seen_rx=94.24% @ E080 | seen_day_unseen_rx=90.24% @ E118
[BEST-PRIMARY] score=87.23 @ E123 -> finalist_runs/B2_A2_light_seed1337/best_model_primary_ood.pth | overall=89.82% strict_udu=85.84%
[BEST-WORST-RX] worst_rx=85.09% (test_rx_8) @ E118 -> finalist_runs/B2_A2_light_seed1337/best_model_worst_rx.pth
====================================================================================================================================
[Epoch 165/200] time=86.8s | lr=1.57e-05 | aux_scale=1.000
[STAGE] phase=S3_refine_aux_late_stable | use_aux=1.0 cons=0.58 cls_aux=0.43 reg=0.43 joint_inv=0.13 kl=0.26 group_ce=0.85
[MIXSTYLE-EPOCH] phase=late_anneal enabled=1 p=0.050 strength=0.350 anneal_t=1.000
[AUG] scale=0.236 | p_dac=0.000 p_pa=0.033 p_shift=0.082 p_cfo=0.082 p_awgn=0.094 p_mp=0.042 | max_shift=8 cfo_max=9.421e-05 pn_max=0.001413
------------------------------------------------------------------------------------------------------------------------------------
[LOSS-CORE] total=3.0122 cls=1.0980 dom=0.2818 adv=2.6212 orth=0.0026 cons=0.1651 group_ce=1.9257
[LOSS-AUX]  cls_pa=0.9066 cls_dac=0.0000 pa_joint_inv=0.1926 pa_kl=0.7408 dac_reg=0.0000 pa_reg=0.0143 gap_dac=0.0000 gap_pa=0.2766 cos_joint_pa=0.8074 cos_imp_pa=nan
[LOSS-SAT]  cls_sat=9.0805 sat_cons=0.7179 sat_cos=0.2821
[LOSS-DG]   proto=0.0000 proto_cos=nan supcon=0.0000 fishr=0.0011 sgc_res=0.0000
[LOSS-CAL]  ecc=0.0000 ecc_w=0.0000 ecc_tau=0.9500 ecc_maxp=nan
[TRAIN] tx=91.42% dom=89.61% cons_cos=0.8349
[GRAD]  total=1.556 backbone=1.000 aux=0.750 domain=0.345
[VAL]   tx=98.95% dom=96.04%
[TEST]  overall_tx=89.82% (183238/204000)
[TEST-SPLIT]
          unseen_day_seen_rx(days=['2021_03_15', '2021_03_23'], rxs=[0, 1, 2, 3, 4, 5, 6]): tx=93.42% (78475/84000)
          seen_day_unseen_rx(days=['2021_03_01', '2021_03_08'], rxs=[7, 8, 9, 10, 11]): tx=89.08% (53445/60000)
          unseen_day_unseen_rx(days=['2021_03_15', '2021_03_23'], rxs=[7, 8, 9, 10, 11]): tx=85.53% (51318/60000)
          day=2021_03_15 on seen_rxs=[0, 1, 2, 3, 4, 5, 6]: tx=95.89% (40273/42000)
          day=2021_03_23 on seen_rxs=[0, 1, 2, 3, 4, 5, 6]: tx=90.96% (38202/42000)
          rx=7 on seen_days=['2021_03_01', '2021_03_08']: tx=82.70% (9924/12000)
          rx=8 on seen_days=['2021_03_01', '2021_03_08']: tx=86.11% (10333/12000)
          rx=9 on seen_days=['2021_03_01', '2021_03_08']: tx=90.27% (10832/12000)
          rx=10 on seen_days=['2021_03_01', '2021_03_08']: tx=93.60% (11232/12000)
          rx=11 on seen_days=['2021_03_01', '2021_03_08']: tx=92.70% (11124/12000)
[BEST-JOINT]  val_tx=99.05% & test_tx=89.18% @ E150
[CKPT]  latest -> finalist_runs/B2_A2_light_seed1337/latest_model.pth (saved) | best -> finalist_runs/B2_A2_light_seed1337/best_model_val.pth
====================================================================================================================================
[SAT-TEST] scenario=clear_leo selected=test_unseen_day_unseen_rx overall_tx=44.86% strict_udu=44.86% (26914/60000)
[SAT-TEST] scenario=low_elev_leo selected=test_unseen_day_unseen_rx overall_tx=45.67% strict_udu=45.67% (27401/60000)
[SAT-TEST] scenario=rain_leo selected=test_unseen_day_unseen_rx overall_tx=42.81% strict_udu=42.81% (25685/60000)
[SAT-TEST] scenario=storm_mp selected=test_unseen_day_unseen_rx overall_tx=38.75% strict_udu=38.75% (23249/60000)
[SAT-TEST] scenario=mixed_orbit selected=test_unseen_day_unseen_rx overall_tx=41.10% strict_udu=41.10% (24661/60000)
[BEST-TEST] overall=90.23% @ E118 -> finalist_runs/B2_A2_light_seed1337/best_model_test_overall.pth | unseen_day_unseen_rx=85.84% @ E123 -> finalist_runs/B2_A2_light_seed1337/best_model_strict_udu.pth | unseen_day_seen_rx=94.24% @ E080 | seen_day_unseen_rx=90.24% @ E118
[BEST-PRIMARY] score=87.23 @ E123 -> finalist_runs/B2_A2_light_seed1337/best_model_primary_ood.pth | overall=89.82% strict_udu=85.84%
[BEST-WORST-RX] worst_rx=85.09% (test_rx_8) @ E118 -> finalist_runs/B2_A2_light_seed1337/best_model_worst_rx.pth
====================================================================================================================================
[Epoch 166/200] time=87.8s | lr=1.49e-05 | aux_scale=1.000
[STAGE] phase=S3_refine_aux_late_stable | use_aux=1.0 cons=0.56 cls_aux=0.40 reg=0.40 joint_inv=0.12 kl=0.25 group_ce=0.84
[MIXSTYLE-EPOCH] phase=late_anneal enabled=1 p=0.050 strength=0.350 anneal_t=1.000
[AUG] scale=0.231 | p_dac=0.000 p_pa=0.032 p_shift=0.081 p_cfo=0.081 p_awgn=0.092 p_mp=0.042 | max_shift=7 cfo_max=9.223e-05 pn_max=0.001383
------------------------------------------------------------------------------------------------------------------------------------
[LOSS-CORE] total=2.3971 cls=0.6490 dom=0.2062 adv=2.6262 orth=0.0028 cons=0.1369 group_ce=1.2212
[LOSS-AUX]  cls_pa=0.8050 cls_dac=0.0000 pa_joint_inv=0.1881 pa_kl=0.6394 dac_reg=0.0000 pa_reg=0.0144 gap_dac=0.0000 gap_pa=0.2763 cos_joint_pa=0.8119 cos_imp_pa=nan
[LOSS-SAT]  cls_sat=8.9771 sat_cons=0.7231 sat_cos=0.2769
[LOSS-DG]   proto=0.0000 proto_cos=nan supcon=0.0000 fishr=0.0007 sgc_res=0.0000
[LOSS-CAL]  ecc=0.0000 ecc_w=0.0000 ecc_tau=0.9500 ecc_maxp=nan
[TRAIN] tx=95.20% dom=92.25% cons_cos=0.8631
[GRAD]  total=1.530 backbone=1.000 aux=0.750 domain=0.348
[VAL]   tx=98.98% dom=95.99%
[TEST]  overall_tx=89.99% (183586/204000)
[TEST-SPLIT]
          unseen_day_seen_rx(days=['2021_03_15', '2021_03_23'], rxs=[0, 1, 2, 3, 4, 5, 6]): tx=93.55% (78582/84000)
          seen_day_unseen_rx(days=['2021_03_01', '2021_03_08'], rxs=[7, 8, 9, 10, 11]): tx=89.47% (53682/60000)
          unseen_day_unseen_rx(days=['2021_03_15', '2021_03_23'], rxs=[7, 8, 9, 10, 11]): tx=85.54% (51322/60000)
          day=2021_03_15 on seen_rxs=[0, 1, 2, 3, 4, 5, 6]: tx=95.89% (40273/42000)
          day=2021_03_23 on seen_rxs=[0, 1, 2, 3, 4, 5, 6]: tx=91.21% (38309/42000)
          rx=7 on seen_days=['2021_03_01', '2021_03_08']: tx=83.29% (9995/12000)
          rx=8 on seen_days=['2021_03_01', '2021_03_08']: tx=86.23% (10348/12000)
          rx=9 on seen_days=['2021_03_01', '2021_03_08']: tx=90.33% (10840/12000)
          rx=10 on seen_days=['2021_03_01', '2021_03_08']: tx=93.36% (11203/12000)
          rx=11 on seen_days=['2021_03_01', '2021_03_08']: tx=94.13% (11296/12000)
[BEST-JOINT]  val_tx=99.05% & test_tx=89.18% @ E150
[CKPT]  latest -> finalist_runs/B2_A2_light_seed1337/latest_model.pth (saved) | best -> finalist_runs/B2_A2_light_seed1337/best_model_val.pth
====================================================================================================================================
[SAT-TEST] scenario=clear_leo selected=test_unseen_day_unseen_rx overall_tx=44.61% strict_udu=44.61% (26764/60000)
[SAT-TEST] scenario=low_elev_leo selected=test_unseen_day_unseen_rx overall_tx=45.24% strict_udu=45.24% (27145/60000)
[SAT-TEST] scenario=rain_leo selected=test_unseen_day_unseen_rx overall_tx=42.45% strict_udu=42.45% (25472/60000)
[SAT-TEST] scenario=storm_mp selected=test_unseen_day_unseen_rx overall_tx=38.56% strict_udu=38.56% (23135/60000)
[SAT-TEST] scenario=mixed_orbit selected=test_unseen_day_unseen_rx overall_tx=41.07% strict_udu=41.07% (24644/60000)
[BEST-TEST] overall=90.23% @ E118 -> finalist_runs/B2_A2_light_seed1337/best_model_test_overall.pth | unseen_day_unseen_rx=85.84% @ E123 -> finalist_runs/B2_A2_light_seed1337/best_model_strict_udu.pth | unseen_day_seen_rx=94.24% @ E080 | seen_day_unseen_rx=90.24% @ E118
[BEST-PRIMARY] score=87.23 @ E123 -> finalist_runs/B2_A2_light_seed1337/best_model_primary_ood.pth | overall=89.82% strict_udu=85.84%
[BEST-WORST-RX] worst_rx=85.09% (test_rx_8) @ E118 -> finalist_runs/B2_A2_light_seed1337/best_model_worst_rx.pth
====================================================================================================================================
[Epoch 167/200] time=85.3s | lr=1.41e-05 | aux_scale=1.000
[STAGE] phase=S3_refine_aux_late_stable | use_aux=1.0 cons=0.54 cls_aux=0.38 reg=0.38 joint_inv=0.12 kl=0.24 group_ce=0.83
[MIXSTYLE-EPOCH] phase=late_anneal enabled=1 p=0.050 strength=0.350 anneal_t=1.000
[AUG] scale=0.226 | p_dac=0.000 p_pa=0.032 p_shift=0.079 p_cfo=0.079 p_awgn=0.090 p_mp=0.041 | max_shift=7 cfo_max=9.023e-05 pn_max=0.001353
------------------------------------------------------------------------------------------------------------------------------------
[LOSS-CORE] total=2.4999 cls=0.7549 dom=0.2103 adv=2.6257 orth=0.0029 cons=0.1396 group_ce=1.3316
[LOSS-AUX]  cls_pa=0.8142 cls_dac=0.0000 pa_joint_inv=0.1887 pa_kl=0.6477 dac_reg=0.0000 pa_reg=0.0146 gap_dac=0.0000 gap_pa=0.2751 cos_joint_pa=0.8113 cos_imp_pa=nan
[LOSS-SAT]  cls_sat=8.9788 sat_cons=0.7209 sat_cos=0.2791
[LOSS-DG]   proto=0.0000 proto_cos=nan supcon=0.0000 fishr=0.0006 sgc_res=0.0000
[LOSS-CAL]  ecc=0.0000 ecc_w=0.0000 ecc_tau=0.9500 ecc_maxp=nan
[TRAIN] tx=94.18% dom=92.22% cons_cos=0.8604
[GRAD]  total=1.473 backbone=1.000 aux=0.750 domain=0.332
[VAL]   tx=98.93% dom=95.98%
[TEST]  overall_tx=89.74% (183063/204000)
[TEST-SPLIT]
          unseen_day_seen_rx(days=['2021_03_15', '2021_03_23'], rxs=[0, 1, 2, 3, 4, 5, 6]): tx=93.35% (78415/84000)
          seen_day_unseen_rx(days=['2021_03_01', '2021_03_08'], rxs=[7, 8, 9, 10, 11]): tx=88.98% (53390/60000)
          unseen_day_unseen_rx(days=['2021_03_15', '2021_03_23'], rxs=[7, 8, 9, 10, 11]): tx=85.43% (51258/60000)
          day=2021_03_15 on seen_rxs=[0, 1, 2, 3, 4, 5, 6]: tx=95.70% (40192/42000)
          day=2021_03_23 on seen_rxs=[0, 1, 2, 3, 4, 5, 6]: tx=91.01% (38223/42000)
          rx=7 on seen_days=['2021_03_01', '2021_03_08']: tx=82.42% (9890/12000)
          rx=8 on seen_days=['2021_03_01', '2021_03_08']: tx=85.52% (10262/12000)
          rx=9 on seen_days=['2021_03_01', '2021_03_08']: tx=90.20% (10824/12000)
          rx=10 on seen_days=['2021_03_01', '2021_03_08']: tx=93.69% (11243/12000)
          rx=11 on seen_days=['2021_03_01', '2021_03_08']: tx=93.09% (11171/12000)
[BEST-JOINT]  val_tx=99.05% & test_tx=89.18% @ E150
[CKPT]  latest -> finalist_runs/B2_A2_light_seed1337/latest_model.pth (saved) | best -> finalist_runs/B2_A2_light_seed1337/best_model_val.pth
====================================================================================================================================
[SAT-TEST] scenario=clear_leo selected=test_unseen_day_unseen_rx overall_tx=44.81% strict_udu=44.81% (26884/60000)
[SAT-TEST] scenario=low_elev_leo selected=test_unseen_day_unseen_rx overall_tx=45.76% strict_udu=45.76% (27455/60000)
[SAT-TEST] scenario=rain_leo selected=test_unseen_day_unseen_rx overall_tx=42.77% strict_udu=42.77% (25663/60000)
[SAT-TEST] scenario=storm_mp selected=test_unseen_day_unseen_rx overall_tx=38.86% strict_udu=38.86% (23314/60000)
[SAT-TEST] scenario=mixed_orbit selected=test_unseen_day_unseen_rx overall_tx=40.93% strict_udu=40.93% (24559/60000)
[BEST-TEST] overall=90.23% @ E118 -> finalist_runs/B2_A2_light_seed1337/best_model_test_overall.pth | unseen_day_unseen_rx=85.84% @ E123 -> finalist_runs/B2_A2_light_seed1337/best_model_strict_udu.pth | unseen_day_seen_rx=94.24% @ E080 | seen_day_unseen_rx=90.24% @ E118
[BEST-PRIMARY] score=87.23 @ E123 -> finalist_runs/B2_A2_light_seed1337/best_model_primary_ood.pth | overall=89.82% strict_udu=85.84%
[BEST-WORST-RX] worst_rx=85.09% (test_rx_8) @ E118 -> finalist_runs/B2_A2_light_seed1337/best_model_worst_rx.pth
====================================================================================================================================
[Epoch 168/200] time=91.0s | lr=1.33e-05 | aux_scale=1.000
[STAGE] phase=S3_refine_aux_late_stable | use_aux=1.0 cons=0.53 cls_aux=0.35 reg=0.35 joint_inv=0.11 kl=0.22 group_ce=0.83
[MIXSTYLE-EPOCH] phase=late_anneal enabled=1 p=0.050 strength=0.350 anneal_t=1.000
[AUG] scale=0.221 | p_dac=0.000 p_pa=0.031 p_shift=0.077 p_cfo=0.077 p_awgn=0.088 p_mp=0.040 | max_shift=7 cfo_max=8.821e-05 pn_max=0.001323
------------------------------------------------------------------------------------------------------------------------------------
[LOSS-CORE] total=2.8177 cls=1.0017 dom=0.2608 adv=2.6265 orth=0.0027 cons=0.1522 group_ce=1.6775
[LOSS-AUX]  cls_pa=0.8230 cls_dac=0.0000 pa_joint_inv=0.1889 pa_kl=0.6567 dac_reg=0.0000 pa_reg=0.0145 gap_dac=0.0000 gap_pa=0.2765 cos_joint_pa=0.8111 cos_imp_pa=nan
[LOSS-SAT]  cls_sat=9.1350 sat_cons=0.7257 sat_cos=0.2743
[LOSS-DG]   proto=0.0000 proto_cos=nan supcon=0.0000 fishr=0.0010 sgc_res=0.0000
[LOSS-CAL]  ecc=0.0000 ecc_w=0.0000 ecc_tau=0.9500 ecc_maxp=nan
[TRAIN] tx=91.81% dom=90.35% cons_cos=0.8479
[GRAD]  total=1.499 backbone=1.000 aux=0.750 domain=0.345
[VAL]   tx=98.96% dom=95.92%
[TEST]  overall_tx=89.93% (183452/204000)
[TEST-SPLIT]
          unseen_day_seen_rx(days=['2021_03_15', '2021_03_23'], rxs=[0, 1, 2, 3, 4, 5, 6]): tx=93.42% (78473/84000)
          seen_day_unseen_rx(days=['2021_03_01', '2021_03_08'], rxs=[7, 8, 9, 10, 11]): tx=89.32% (53593/60000)
          unseen_day_unseen_rx(days=['2021_03_15', '2021_03_23'], rxs=[7, 8, 9, 10, 11]): tx=85.64% (51386/60000)
          day=2021_03_15 on seen_rxs=[0, 1, 2, 3, 4, 5, 6]: tx=96.03% (40333/42000)
          day=2021_03_23 on seen_rxs=[0, 1, 2, 3, 4, 5, 6]: tx=90.81% (38140/42000)
          rx=7 on seen_days=['2021_03_01', '2021_03_08']: tx=82.83% (9940/12000)
          rx=8 on seen_days=['2021_03_01', '2021_03_08']: tx=85.47% (10257/12000)
          rx=9 on seen_days=['2021_03_01', '2021_03_08']: tx=90.77% (10892/12000)
          rx=10 on seen_days=['2021_03_01', '2021_03_08']: tx=93.76% (11251/12000)
          rx=11 on seen_days=['2021_03_01', '2021_03_08']: tx=93.78% (11253/12000)
[BEST-JOINT]  val_tx=99.05% & test_tx=89.18% @ E150
[CKPT]  latest -> finalist_runs/B2_A2_light_seed1337/latest_model.pth (saved) | best -> finalist_runs/B2_A2_light_seed1337/best_model_val.pth
====================================================================================================================================
[SAT-TEST] scenario=clear_leo selected=test_unseen_day_unseen_rx overall_tx=45.28% strict_udu=45.28% (27170/60000)
[SAT-TEST] scenario=low_elev_leo selected=test_unseen_day_unseen_rx overall_tx=46.20% strict_udu=46.20% (27720/60000)
[SAT-TEST] scenario=rain_leo selected=test_unseen_day_unseen_rx overall_tx=43.21% strict_udu=43.21% (25924/60000)
[SAT-TEST] scenario=storm_mp selected=test_unseen_day_unseen_rx overall_tx=38.97% strict_udu=38.97% (23381/60000)
[SAT-TEST] scenario=mixed_orbit selected=test_unseen_day_unseen_rx overall_tx=41.60% strict_udu=41.60% (24960/60000)
[BEST-TEST] overall=90.23% @ E118 -> finalist_runs/B2_A2_light_seed1337/best_model_test_overall.pth | unseen_day_unseen_rx=85.84% @ E123 -> finalist_runs/B2_A2_light_seed1337/best_model_strict_udu.pth | unseen_day_seen_rx=94.24% @ E080 | seen_day_unseen_rx=90.24% @ E118
[BEST-PRIMARY] score=87.23 @ E123 -> finalist_runs/B2_A2_light_seed1337/best_model_primary_ood.pth | overall=89.82% strict_udu=85.84%
[BEST-WORST-RX] worst_rx=85.09% (test_rx_8) @ E118 -> finalist_runs/B2_A2_light_seed1337/best_model_worst_rx.pth
====================================================================================================================================
[Epoch 169/200] time=86.3s | lr=1.26e-05 | aux_scale=1.000
[STAGE] phase=S3_refine_aux_late_stable | use_aux=1.0 cons=0.51 cls_aux=0.33 reg=0.33 joint_inv=0.10 kl=0.21 group_ce=0.82
[MIXSTYLE-EPOCH] phase=late_anneal enabled=1 p=0.050 strength=0.350 anneal_t=1.000
[AUG] scale=0.215 | p_dac=0.000 p_pa=0.030 p_shift=0.075 p_cfo=0.075 p_awgn=0.086 p_mp=0.039 | max_shift=7 cfo_max=8.618e-05 pn_max=0.001293
------------------------------------------------------------------------------------------------------------------------------------
[LOSS-CORE] total=2.4367 cls=0.7197 dom=0.2129 adv=2.6263 orth=0.0026 cons=0.1430 group_ce=1.3913
[LOSS-AUX]  cls_pa=0.8235 cls_dac=0.0000 pa_joint_inv=0.1874 pa_kl=0.6612 dac_reg=0.0000 pa_reg=0.0143 gap_dac=0.0000 gap_pa=0.2727 cos_joint_pa=0.8126 cos_imp_pa=nan
[LOSS-SAT]  cls_sat=8.9506 sat_cons=0.7142 sat_cos=0.2858
[LOSS-DG]   proto=0.0000 proto_cos=nan supcon=0.0000 fishr=0.0008 sgc_res=0.0000
[LOSS-CAL]  ecc=0.0000 ecc_w=0.0000 ecc_tau=0.9500 ecc_maxp=nan
[TRAIN] tx=94.44% dom=92.18% cons_cos=0.8570
[GRAD]  total=1.483 backbone=1.000 aux=0.750 domain=0.328
[VAL]   tx=99.01% dom=95.79%
[TEST]  overall_tx=89.74% (183063/204000)
[TEST-SPLIT]
          unseen_day_seen_rx(days=['2021_03_15', '2021_03_23'], rxs=[0, 1, 2, 3, 4, 5, 6]): tx=93.28% (78356/84000)
          seen_day_unseen_rx(days=['2021_03_01', '2021_03_08'], rxs=[7, 8, 9, 10, 11]): tx=88.84% (53304/60000)
          unseen_day_unseen_rx(days=['2021_03_15', '2021_03_23'], rxs=[7, 8, 9, 10, 11]): tx=85.67% (51403/60000)
          day=2021_03_15 on seen_rxs=[0, 1, 2, 3, 4, 5, 6]: tx=95.62% (40162/42000)
          day=2021_03_23 on seen_rxs=[0, 1, 2, 3, 4, 5, 6]: tx=90.94% (38194/42000)
          rx=7 on seen_days=['2021_03_01', '2021_03_08']: tx=80.99% (9719/12000)
          rx=8 on seen_days=['2021_03_01', '2021_03_08']: tx=85.80% (10296/12000)
          rx=9 on seen_days=['2021_03_01', '2021_03_08']: tx=90.40% (10848/12000)
          rx=10 on seen_days=['2021_03_01', '2021_03_08']: tx=93.09% (11171/12000)
          rx=11 on seen_days=['2021_03_01', '2021_03_08']: tx=93.92% (11270/12000)
[BEST-JOINT]  val_tx=99.05% & test_tx=89.18% @ E150
[CKPT]  latest -> finalist_runs/B2_A2_light_seed1337/latest_model.pth (saved) | best -> finalist_runs/B2_A2_light_seed1337/best_model_val.pth
====================================================================================================================================
[SAT-TEST] scenario=clear_leo selected=test_unseen_day_unseen_rx overall_tx=44.51% strict_udu=44.51% (26707/60000)
[SAT-TEST] scenario=low_elev_leo selected=test_unseen_day_unseen_rx overall_tx=45.44% strict_udu=45.44% (27264/60000)
[SAT-TEST] scenario=rain_leo selected=test_unseen_day_unseen_rx overall_tx=42.54% strict_udu=42.54% (25524/60000)
[SAT-TEST] scenario=storm_mp selected=test_unseen_day_unseen_rx overall_tx=38.59% strict_udu=38.59% (23153/60000)
[SAT-TEST] scenario=mixed_orbit selected=test_unseen_day_unseen_rx overall_tx=40.92% strict_udu=40.92% (24552/60000)
[BEST-TEST] overall=90.23% @ E118 -> finalist_runs/B2_A2_light_seed1337/best_model_test_overall.pth | unseen_day_unseen_rx=85.84% @ E123 -> finalist_runs/B2_A2_light_seed1337/best_model_strict_udu.pth | unseen_day_seen_rx=94.24% @ E080 | seen_day_unseen_rx=90.24% @ E118
[BEST-PRIMARY] score=87.23 @ E123 -> finalist_runs/B2_A2_light_seed1337/best_model_primary_ood.pth | overall=89.82% strict_udu=85.84%
[BEST-WORST-RX] worst_rx=85.09% (test_rx_8) @ E118 -> finalist_runs/B2_A2_light_seed1337/best_model_worst_rx.pth
====================================================================================================================================
[Epoch 170/200] time=87.0s | lr=1.18e-05 | aux_scale=1.000
[STAGE] phase=S3_refine_aux_late_stable | use_aux=1.0 cons=0.49 cls_aux=0.30 reg=0.30 joint_inv=0.10 kl=0.19 group_ce=0.81
[MIXSTYLE-EPOCH] phase=late_anneal enabled=1 p=0.050 strength=0.350 anneal_t=1.000
[AUG] scale=0.210 | p_dac=0.000 p_pa=0.029 p_shift=0.074 p_cfo=0.074 p_awgn=0.084 p_mp=0.038 | max_shift=7 cfo_max=8.414e-05 pn_max=0.001262
------------------------------------------------------------------------------------------------------------------------------------
[LOSS-CORE] total=2.1664 cls=0.5356 dom=0.1729 adv=2.6266 orth=0.0027 cons=0.1310 group_ce=1.0259
[LOSS-AUX]  cls_pa=0.8454 cls_dac=0.0000 pa_joint_inv=0.1895 pa_kl=0.6801 dac_reg=0.0000 pa_reg=0.0144 gap_dac=0.0000 gap_pa=0.2789 cos_joint_pa=0.8105 cos_imp_pa=nan
[LOSS-SAT]  cls_sat=8.9539 sat_cons=0.7260 sat_cos=0.2740
[LOSS-DG]   proto=0.0000 proto_cos=nan supcon=0.0000 fishr=0.0005 sgc_res=0.0000
[LOSS-CAL]  ecc=0.0000 ecc_w=0.0000 ecc_tau=0.9500 ecc_maxp=nan
[TRAIN] tx=96.14% dom=93.56% cons_cos=0.8690
[GRAD]  total=1.472 backbone=1.000 aux=0.750 domain=0.347
[VAL]   tx=98.98% dom=96.06%
[TEST]  overall_tx=89.73% (183053/204000)
[TEST-SPLIT]
          unseen_day_seen_rx(days=['2021_03_15', '2021_03_23'], rxs=[0, 1, 2, 3, 4, 5, 6]): tx=93.33% (78397/84000)
          seen_day_unseen_rx(days=['2021_03_01', '2021_03_08'], rxs=[7, 8, 9, 10, 11]): tx=88.87% (53322/60000)
          unseen_day_unseen_rx(days=['2021_03_15', '2021_03_23'], rxs=[7, 8, 9, 10, 11]): tx=85.56% (51334/60000)
          day=2021_03_15 on seen_rxs=[0, 1, 2, 3, 4, 5, 6]: tx=95.60% (40153/42000)
          day=2021_03_23 on seen_rxs=[0, 1, 2, 3, 4, 5, 6]: tx=91.06% (38244/42000)
          rx=7 on seen_days=['2021_03_01', '2021_03_08']: tx=81.86% (9823/12000)
          rx=8 on seen_days=['2021_03_01', '2021_03_08']: tx=85.63% (10276/12000)
          rx=9 on seen_days=['2021_03_01', '2021_03_08']: tx=90.22% (10826/12000)
          rx=10 on seen_days=['2021_03_01', '2021_03_08']: tx=93.38% (11205/12000)
          rx=11 on seen_days=['2021_03_01', '2021_03_08']: tx=93.27% (11192/12000)
[BEST-JOINT]  val_tx=99.05% & test_tx=89.18% @ E150
[CKPT]  latest -> finalist_runs/B2_A2_light_seed1337/latest_model.pth (saved) | best -> finalist_runs/B2_A2_light_seed1337/best_model_val.pth
====================================================================================================================================
[SAT-TEST] scenario=clear_leo selected=test_unseen_day_unseen_rx overall_tx=44.77% strict_udu=44.77% (26863/60000)
[SAT-TEST] scenario=low_elev_leo selected=test_unseen_day_unseen_rx overall_tx=45.73% strict_udu=45.73% (27436/60000)
[SAT-TEST] scenario=rain_leo selected=test_unseen_day_unseen_rx overall_tx=43.08% strict_udu=43.08% (25850/60000)
[SAT-TEST] scenario=storm_mp selected=test_unseen_day_unseen_rx overall_tx=38.78% strict_udu=38.78% (23269/60000)
[SAT-TEST] scenario=mixed_orbit selected=test_unseen_day_unseen_rx overall_tx=40.90% strict_udu=40.90% (24541/60000)
[BEST-TEST] overall=90.23% @ E118 -> finalist_runs/B2_A2_light_seed1337/best_model_test_overall.pth | unseen_day_unseen_rx=85.84% @ E123 -> finalist_runs/B2_A2_light_seed1337/best_model_strict_udu.pth | unseen_day_seen_rx=94.24% @ E080 | seen_day_unseen_rx=90.24% @ E118
[BEST-PRIMARY] score=87.23 @ E123 -> finalist_runs/B2_A2_light_seed1337/best_model_primary_ood.pth | overall=89.82% strict_udu=85.84%
[BEST-WORST-RX] worst_rx=85.09% (test_rx_8) @ E118 -> finalist_runs/B2_A2_light_seed1337/best_model_worst_rx.pth
====================================================================================================================================
[Epoch 171/200] time=84.4s | lr=1.11e-05 | aux_scale=1.000
[STAGE] phase=S3_refine_aux_late_stable | use_aux=1.0 cons=0.47 cls_aux=0.28 reg=0.28 joint_inv=0.09 kl=0.18 group_ce=0.81
[MIXSTYLE-EPOCH] phase=late_anneal enabled=1 p=0.050 strength=0.350 anneal_t=1.000
[AUG] scale=0.205 | p_dac=0.000 p_pa=0.029 p_shift=0.072 p_cfo=0.072 p_awgn=0.082 p_mp=0.037 | max_shift=7 cfo_max=8.208e-05 pn_max=0.001231
------------------------------------------------------------------------------------------------------------------------------------
[LOSS-CORE] total=2.4020 cls=0.7367 dom=0.2028 adv=2.6245 orth=0.0028 cons=0.1430 group_ce=1.3370
[LOSS-AUX]  cls_pa=0.7669 cls_dac=0.0000 pa_joint_inv=0.1830 pa_kl=0.6012 dac_reg=0.0000 pa_reg=0.0148 gap_dac=0.0000 gap_pa=0.2683 cos_joint_pa=0.8170 cos_imp_pa=nan
[LOSS-SAT]  cls_sat=8.9950 sat_cons=0.7294 sat_cos=0.2706
[LOSS-DG]   proto=0.0000 proto_cos=nan supcon=0.0000 fishr=0.0007 sgc_res=0.0000
[LOSS-CAL]  ecc=0.0000 ecc_w=0.0000 ecc_tau=0.9500 ecc_maxp=nan
[TRAIN] tx=94.24% dom=92.10% cons_cos=0.8570
[GRAD]  total=1.456 backbone=1.000 aux=0.750 domain=0.337
[VAL]   tx=99.00% dom=96.03%
[TEST]  overall_tx=89.72% (183034/204000)
[TEST-SPLIT]
          unseen_day_seen_rx(days=['2021_03_15', '2021_03_23'], rxs=[0, 1, 2, 3, 4, 5, 6]): tx=93.34% (78405/84000)
          seen_day_unseen_rx(days=['2021_03_01', '2021_03_08'], rxs=[7, 8, 9, 10, 11]): tx=89.08% (53451/60000)
          unseen_day_unseen_rx(days=['2021_03_15', '2021_03_23'], rxs=[7, 8, 9, 10, 11]): tx=85.30% (51178/60000)
          day=2021_03_15 on seen_rxs=[0, 1, 2, 3, 4, 5, 6]: tx=95.52% (40117/42000)
          day=2021_03_23 on seen_rxs=[0, 1, 2, 3, 4, 5, 6]: tx=91.16% (38288/42000)
          rx=7 on seen_days=['2021_03_01', '2021_03_08']: tx=82.90% (9948/12000)
          rx=8 on seen_days=['2021_03_01', '2021_03_08']: tx=85.89% (10307/12000)
          rx=9 on seen_days=['2021_03_01', '2021_03_08']: tx=90.32% (10838/12000)
          rx=10 on seen_days=['2021_03_01', '2021_03_08']: tx=93.38% (11206/12000)
          rx=11 on seen_days=['2021_03_01', '2021_03_08']: tx=92.93% (11152/12000)
[BEST-JOINT]  val_tx=99.05% & test_tx=89.18% @ E150
[CKPT]  latest -> finalist_runs/B2_A2_light_seed1337/latest_model.pth (saved) | best -> finalist_runs/B2_A2_light_seed1337/best_model_val.pth
====================================================================================================================================
[SAT-TEST] scenario=clear_leo selected=test_unseen_day_unseen_rx overall_tx=44.57% strict_udu=44.57% (26744/60000)
[SAT-TEST] scenario=low_elev_leo selected=test_unseen_day_unseen_rx overall_tx=45.26% strict_udu=45.26% (27156/60000)
[SAT-TEST] scenario=rain_leo selected=test_unseen_day_unseen_rx overall_tx=42.56% strict_udu=42.56% (25538/60000)
[SAT-TEST] scenario=storm_mp selected=test_unseen_day_unseen_rx overall_tx=38.69% strict_udu=38.69% (23213/60000)
[SAT-TEST] scenario=mixed_orbit selected=test_unseen_day_unseen_rx overall_tx=40.94% strict_udu=40.94% (24565/60000)
[BEST-TEST] overall=90.23% @ E118 -> finalist_runs/B2_A2_light_seed1337/best_model_test_overall.pth | unseen_day_unseen_rx=85.84% @ E123 -> finalist_runs/B2_A2_light_seed1337/best_model_strict_udu.pth | unseen_day_seen_rx=94.24% @ E080 | seen_day_unseen_rx=90.24% @ E118
[BEST-PRIMARY] score=87.23 @ E123 -> finalist_runs/B2_A2_light_seed1337/best_model_primary_ood.pth | overall=89.82% strict_udu=85.84%
[BEST-WORST-RX] worst_rx=85.09% (test_rx_8) @ E118 -> finalist_runs/B2_A2_light_seed1337/best_model_worst_rx.pth
====================================================================================================================================
[Epoch 172/200] time=86.2s | lr=1.05e-05 | aux_scale=1.000
[STAGE] phase=S3_refine_aux_late_stable | use_aux=1.0 cons=0.45 cls_aux=0.25 reg=0.25 joint_inv=0.08 kl=0.16 group_ce=0.80
[MIXSTYLE-EPOCH] phase=late_anneal enabled=1 p=0.050 strength=0.350 anneal_t=1.000
[AUG] scale=0.200 | p_dac=0.000 p_pa=0.028 p_shift=0.070 p_cfo=0.070 p_awgn=0.080 p_mp=0.036 | max_shift=6 cfo_max=8e-05 pn_max=0.0012
------------------------------------------------------------------------------------------------------------------------------------
[LOSS-CORE] total=2.3793 cls=0.7281 dom=0.1997 adv=2.6248 orth=0.0028 cons=0.1488 group_ce=1.3891
[LOSS-AUX]  cls_pa=0.8650 cls_dac=0.0000 pa_joint_inv=0.1895 pa_kl=0.6973 dac_reg=0.0000 pa_reg=0.0144 gap_dac=0.0000 gap_pa=0.2777 cos_joint_pa=0.8105 cos_imp_pa=nan
[LOSS-SAT]  cls_sat=8.9367 sat_cons=0.7217 sat_cos=0.2783
[LOSS-DG]   proto=0.0000 proto_cos=nan supcon=0.0000 fishr=0.0008 sgc_res=0.0000
[LOSS-CAL]  ecc=0.0000 ecc_w=0.0000 ecc_tau=0.9500 ecc_maxp=nan
[TRAIN] tx=94.40% dom=92.58% cons_cos=0.8512
[GRAD]  total=1.496 backbone=1.000 aux=0.749 domain=0.347
[VAL]   tx=99.00% dom=96.03%
[TEST]  overall_tx=89.37% (182309/204000)
[TEST-SPLIT]
          unseen_day_seen_rx(days=['2021_03_15', '2021_03_23'], rxs=[0, 1, 2, 3, 4, 5, 6]): tx=93.12% (78222/84000)
          seen_day_unseen_rx(days=['2021_03_01', '2021_03_08'], rxs=[7, 8, 9, 10, 11]): tx=88.47% (53085/60000)
          unseen_day_unseen_rx(days=['2021_03_15', '2021_03_23'], rxs=[7, 8, 9, 10, 11]): tx=85.00% (51002/60000)
          day=2021_03_15 on seen_rxs=[0, 1, 2, 3, 4, 5, 6]: tx=95.30% (40024/42000)
          day=2021_03_23 on seen_rxs=[0, 1, 2, 3, 4, 5, 6]: tx=90.95% (38198/42000)
          rx=7 on seen_days=['2021_03_01', '2021_03_08']: tx=81.64% (9797/12000)
          rx=8 on seen_days=['2021_03_01', '2021_03_08']: tx=85.16% (10219/12000)
          rx=9 on seen_days=['2021_03_01', '2021_03_08']: tx=90.20% (10824/12000)
          rx=10 on seen_days=['2021_03_01', '2021_03_08']: tx=93.28% (11193/12000)
          rx=11 on seen_days=['2021_03_01', '2021_03_08']: tx=92.10% (11052/12000)
[BEST-JOINT]  val_tx=99.05% & test_tx=89.18% @ E150
[CKPT]  latest -> finalist_runs/B2_A2_light_seed1337/latest_model.pth (saved) | best -> finalist_runs/B2_A2_light_seed1337/best_model_val.pth
====================================================================================================================================
[SAT-TEST] scenario=clear_leo selected=test_unseen_day_unseen_rx overall_tx=44.03% strict_udu=44.03% (26417/60000)
[SAT-TEST] scenario=low_elev_leo selected=test_unseen_day_unseen_rx overall_tx=45.18% strict_udu=45.18% (27106/60000)
[SAT-TEST] scenario=rain_leo selected=test_unseen_day_unseen_rx overall_tx=42.20% strict_udu=42.20% (25323/60000)
[SAT-TEST] scenario=storm_mp selected=test_unseen_day_unseen_rx overall_tx=38.31% strict_udu=38.31% (22986/60000)
[SAT-TEST] scenario=mixed_orbit selected=test_unseen_day_unseen_rx overall_tx=40.33% strict_udu=40.33% (24197/60000)
[BEST-TEST] overall=90.23% @ E118 -> finalist_runs/B2_A2_light_seed1337/best_model_test_overall.pth | unseen_day_unseen_rx=85.84% @ E123 -> finalist_runs/B2_A2_light_seed1337/best_model_strict_udu.pth | unseen_day_seen_rx=94.24% @ E080 | seen_day_unseen_rx=90.24% @ E118
[BEST-PRIMARY] score=87.23 @ E123 -> finalist_runs/B2_A2_light_seed1337/best_model_primary_ood.pth | overall=89.82% strict_udu=85.84%
[BEST-WORST-RX] worst_rx=85.09% (test_rx_8) @ E118 -> finalist_runs/B2_A2_light_seed1337/best_model_worst_rx.pth
====================================================================================================================================
[Epoch 173/200] time=87.0s | lr=9.82e-06 | aux_scale=1.000
[STAGE] phase=S3_refine_aux_late_stable | use_aux=1.0 cons=0.45 cls_aux=0.25 reg=0.25 joint_inv=0.08 kl=0.16 group_ce=0.80
[MIXSTYLE-EPOCH] phase=late_anneal enabled=1 p=0.050 strength=0.350 anneal_t=1.000
[AUG] scale=0.200 | p_dac=0.000 p_pa=0.028 p_shift=0.070 p_cfo=0.070 p_awgn=0.080 p_mp=0.036 | max_shift=6 cfo_max=8e-05 pn_max=0.0012
------------------------------------------------------------------------------------------------------------------------------------
[LOSS-CORE] total=2.3698 cls=0.7232 dom=0.1938 adv=2.6241 orth=0.0031 cons=0.1481 group_ce=1.3773
[LOSS-AUX]  cls_pa=0.8431 cls_dac=0.0000 pa_joint_inv=0.1893 pa_kl=0.6776 dac_reg=0.0000 pa_reg=0.0144 gap_dac=0.0000 gap_pa=0.2796 cos_joint_pa=0.8107 cos_imp_pa=nan
[LOSS-SAT]  cls_sat=9.0117 sat_cons=0.7228 sat_cos=0.2772
[LOSS-DG]   proto=0.0000 proto_cos=nan supcon=0.0000 fishr=0.0007 sgc_res=0.0000
[LOSS-CAL]  ecc=0.0000 ecc_w=0.0000 ecc_tau=0.9500 ecc_maxp=nan
[TRAIN] tx=94.32% dom=92.55% cons_cos=0.8519
[GRAD]  total=1.471 backbone=1.000 aux=0.750 domain=0.328
[VAL]   tx=99.02% dom=96.00%
[TEST]  overall_tx=90.03% (183651/204000)
[TEST-SPLIT]
          unseen_day_seen_rx(days=['2021_03_15', '2021_03_23'], rxs=[0, 1, 2, 3, 4, 5, 6]): tx=93.49% (78535/84000)
          seen_day_unseen_rx(days=['2021_03_01', '2021_03_08'], rxs=[7, 8, 9, 10, 11]): tx=89.47% (53685/60000)
          unseen_day_unseen_rx(days=['2021_03_15', '2021_03_23'], rxs=[7, 8, 9, 10, 11]): tx=85.72% (51431/60000)
          day=2021_03_15 on seen_rxs=[0, 1, 2, 3, 4, 5, 6]: tx=95.79% (40233/42000)
          day=2021_03_23 on seen_rxs=[0, 1, 2, 3, 4, 5, 6]: tx=91.20% (38302/42000)
          rx=7 on seen_days=['2021_03_01', '2021_03_08']: tx=83.21% (9985/12000)
          rx=8 on seen_days=['2021_03_01', '2021_03_08']: tx=85.99% (10319/12000)
          rx=9 on seen_days=['2021_03_01', '2021_03_08']: tx=90.54% (10865/12000)
          rx=10 on seen_days=['2021_03_01', '2021_03_08']: tx=93.55% (11226/12000)
          rx=11 on seen_days=['2021_03_01', '2021_03_08']: tx=94.08% (11290/12000)
[BEST-JOINT]  val_tx=99.05% & test_tx=89.18% @ E150
[CKPT]  latest -> finalist_runs/B2_A2_light_seed1337/latest_model.pth (saved) | best -> finalist_runs/B2_A2_light_seed1337/best_model_val.pth
====================================================================================================================================
[SAT-TEST] scenario=clear_leo selected=test_unseen_day_unseen_rx overall_tx=44.91% strict_udu=44.91% (26949/60000)
[SAT-TEST] scenario=low_elev_leo selected=test_unseen_day_unseen_rx overall_tx=45.58% strict_udu=45.58% (27350/60000)
[SAT-TEST] scenario=rain_leo selected=test_unseen_day_unseen_rx overall_tx=42.69% strict_udu=42.69% (25616/60000)
[SAT-TEST] scenario=storm_mp selected=test_unseen_day_unseen_rx overall_tx=38.82% strict_udu=38.82% (23292/60000)
[SAT-TEST] scenario=mixed_orbit selected=test_unseen_day_unseen_rx overall_tx=41.22% strict_udu=41.22% (24731/60000)
[BEST-TEST] overall=90.23% @ E118 -> finalist_runs/B2_A2_light_seed1337/best_model_test_overall.pth | unseen_day_unseen_rx=85.84% @ E123 -> finalist_runs/B2_A2_light_seed1337/best_model_strict_udu.pth | unseen_day_seen_rx=94.24% @ E080 | seen_day_unseen_rx=90.24% @ E118
[BEST-PRIMARY] score=87.23 @ E123 -> finalist_runs/B2_A2_light_seed1337/best_model_primary_ood.pth | overall=89.82% strict_udu=85.84%
[BEST-WORST-RX] worst_rx=85.09% (test_rx_8) @ E118 -> finalist_runs/B2_A2_light_seed1337/best_model_worst_rx.pth
====================================================================================================================================
[Epoch 174/200] time=85.9s | lr=9.18e-06 | aux_scale=1.000
[STAGE] phase=S3_refine_aux_late_stable | use_aux=1.0 cons=0.45 cls_aux=0.25 reg=0.25 joint_inv=0.08 kl=0.16 group_ce=0.80
[MIXSTYLE-EPOCH] phase=late_anneal enabled=1 p=0.050 strength=0.350 anneal_t=1.000
[AUG] scale=0.200 | p_dac=0.000 p_pa=0.028 p_shift=0.070 p_cfo=0.070 p_awgn=0.080 p_mp=0.036 | max_shift=6 cfo_max=8e-05 pn_max=0.0012
------------------------------------------------------------------------------------------------------------------------------------
[LOSS-CORE] total=2.1546 cls=0.5524 dom=0.1703 adv=2.6249 orth=0.0030 cons=0.1385 group_ce=1.1171
[LOSS-AUX]  cls_pa=0.8246 cls_dac=0.0000 pa_joint_inv=0.1890 pa_kl=0.6600 dac_reg=0.0000 pa_reg=0.0142 gap_dac=0.0000 gap_pa=0.2790 cos_joint_pa=0.8110 cos_imp_pa=nan
[LOSS-SAT]  cls_sat=9.0274 sat_cons=0.7311 sat_cos=0.2689
[LOSS-DG]   proto=0.0000 proto_cos=nan supcon=0.0000 fishr=0.0006 sgc_res=0.0000
[LOSS-CAL]  ecc=0.0000 ecc_w=0.0000 ecc_tau=0.9500 ecc_maxp=nan
[TRAIN] tx=95.67% dom=93.33% cons_cos=0.8615
[GRAD]  total=1.423 backbone=1.000 aux=0.750 domain=0.336
[VAL]   tx=98.99% dom=96.10%
[TEST]  overall_tx=89.79% (183176/204000)
[TEST-SPLIT]
          unseen_day_seen_rx(days=['2021_03_15', '2021_03_23'], rxs=[0, 1, 2, 3, 4, 5, 6]): tx=93.29% (78365/84000)
          seen_day_unseen_rx(days=['2021_03_01', '2021_03_08'], rxs=[7, 8, 9, 10, 11]): tx=89.16% (53497/60000)
          unseen_day_unseen_rx(days=['2021_03_15', '2021_03_23'], rxs=[7, 8, 9, 10, 11]): tx=85.52% (51314/60000)
          day=2021_03_15 on seen_rxs=[0, 1, 2, 3, 4, 5, 6]: tx=95.41% (40072/42000)
          day=2021_03_23 on seen_rxs=[0, 1, 2, 3, 4, 5, 6]: tx=91.17% (38293/42000)
          rx=7 on seen_days=['2021_03_01', '2021_03_08']: tx=83.36% (10003/12000)
          rx=8 on seen_days=['2021_03_01', '2021_03_08']: tx=85.66% (10279/12000)
          rx=9 on seen_days=['2021_03_01', '2021_03_08']: tx=90.21% (10825/12000)
          rx=10 on seen_days=['2021_03_01', '2021_03_08']: tx=93.43% (11212/12000)
          rx=11 on seen_days=['2021_03_01', '2021_03_08']: tx=93.15% (11178/12000)
[BEST-JOINT]  val_tx=99.05% & test_tx=89.18% @ E150
[CKPT]  latest -> finalist_runs/B2_A2_light_seed1337/latest_model.pth (saved) | best -> finalist_runs/B2_A2_light_seed1337/best_model_val.pth
====================================================================================================================================
[SAT-TEST] scenario=clear_leo selected=test_unseen_day_unseen_rx overall_tx=44.48% strict_udu=44.48% (26685/60000)
[SAT-TEST] scenario=low_elev_leo selected=test_unseen_day_unseen_rx overall_tx=45.27% strict_udu=45.27% (27162/60000)
[SAT-TEST] scenario=rain_leo selected=test_unseen_day_unseen_rx overall_tx=42.47% strict_udu=42.47% (25482/60000)
[SAT-TEST] scenario=storm_mp selected=test_unseen_day_unseen_rx overall_tx=38.54% strict_udu=38.54% (23123/60000)
[SAT-TEST] scenario=mixed_orbit selected=test_unseen_day_unseen_rx overall_tx=40.84% strict_udu=40.84% (24506/60000)
[BEST-TEST] overall=90.23% @ E118 -> finalist_runs/B2_A2_light_seed1337/best_model_test_overall.pth | unseen_day_unseen_rx=85.84% @ E123 -> finalist_runs/B2_A2_light_seed1337/best_model_strict_udu.pth | unseen_day_seen_rx=94.24% @ E080 | seen_day_unseen_rx=90.24% @ E118
[BEST-PRIMARY] score=87.23 @ E123 -> finalist_runs/B2_A2_light_seed1337/best_model_primary_ood.pth | overall=89.82% strict_udu=85.84%
[BEST-WORST-RX] worst_rx=85.09% (test_rx_8) @ E118 -> finalist_runs/B2_A2_light_seed1337/best_model_worst_rx.pth
====================================================================================================================================
[Epoch 175/200] time=85.6s | lr=8.57e-06 | aux_scale=1.000
[STAGE] phase=S3_refine_aux_late_stable | use_aux=1.0 cons=0.45 cls_aux=0.25 reg=0.25 joint_inv=0.08 kl=0.16 group_ce=0.80
[MIXSTYLE-EPOCH] phase=late_anneal enabled=1 p=0.050 strength=0.350 anneal_t=1.000
[AUG] scale=0.200 | p_dac=0.000 p_pa=0.028 p_shift=0.070 p_cfo=0.070 p_awgn=0.080 p_mp=0.036 | max_shift=6 cfo_max=8e-05 pn_max=0.0012
------------------------------------------------------------------------------------------------------------------------------------
[LOSS-CORE] total=2.4584 cls=0.7838 dom=0.2143 adv=2.6263 orth=0.0029 cons=0.1442 group_ce=1.4017
[LOSS-AUX]  cls_pa=0.8745 cls_dac=0.0000 pa_joint_inv=0.1914 pa_kl=0.7048 dac_reg=0.0000 pa_reg=0.0143 gap_dac=0.0000 gap_pa=0.2814 cos_joint_pa=0.8086 cos_imp_pa=nan
[LOSS-SAT]  cls_sat=9.0741 sat_cons=0.7315 sat_cos=0.2685
[LOSS-DG]   proto=0.0000 proto_cos=nan supcon=0.0000 fishr=0.0008 sgc_res=0.0000
[LOSS-CAL]  ecc=0.0000 ecc_w=0.0000 ecc_tau=0.9500 ecc_maxp=nan
[TRAIN] tx=93.91% dom=92.00% cons_cos=0.8558
[GRAD]  total=1.463 backbone=1.000 aux=0.750 domain=0.338
[VAL]   tx=99.01% dom=95.93%
[TEST]  overall_tx=89.87% (183342/204000)
[TEST-SPLIT]
          unseen_day_seen_rx(days=['2021_03_15', '2021_03_23'], rxs=[0, 1, 2, 3, 4, 5, 6]): tx=93.38% (78441/84000)
          seen_day_unseen_rx(days=['2021_03_01', '2021_03_08'], rxs=[7, 8, 9, 10, 11]): tx=89.41% (53647/60000)
          unseen_day_unseen_rx(days=['2021_03_15', '2021_03_23'], rxs=[7, 8, 9, 10, 11]): tx=85.42% (51254/60000)
          day=2021_03_15 on seen_rxs=[0, 1, 2, 3, 4, 5, 6]: tx=95.62% (40159/42000)
          day=2021_03_23 on seen_rxs=[0, 1, 2, 3, 4, 5, 6]: tx=91.15% (38282/42000)
          rx=7 on seen_days=['2021_03_01', '2021_03_08']: tx=83.57% (10028/12000)
          rx=8 on seen_days=['2021_03_01', '2021_03_08']: tx=85.57% (10268/12000)
          rx=9 on seen_days=['2021_03_01', '2021_03_08']: tx=90.47% (10856/12000)
          rx=10 on seen_days=['2021_03_01', '2021_03_08']: tx=93.47% (11217/12000)
          rx=11 on seen_days=['2021_03_01', '2021_03_08']: tx=93.98% (11278/12000)
[BEST-JOINT]  val_tx=99.05% & test_tx=89.18% @ E150
[CKPT]  latest -> finalist_runs/B2_A2_light_seed1337/latest_model.pth (saved) | best -> finalist_runs/B2_A2_light_seed1337/best_model_val.pth
====================================================================================================================================
[SAT-TEST] scenario=clear_leo selected=test_unseen_day_unseen_rx overall_tx=44.84% strict_udu=44.84% (26906/60000)
[SAT-TEST] scenario=low_elev_leo selected=test_unseen_day_unseen_rx overall_tx=45.45% strict_udu=45.45% (27268/60000)
[SAT-TEST] scenario=rain_leo selected=test_unseen_day_unseen_rx overall_tx=42.73% strict_udu=42.73% (25640/60000)
[SAT-TEST] scenario=storm_mp selected=test_unseen_day_unseen_rx overall_tx=38.84% strict_udu=38.84% (23305/60000)
[SAT-TEST] scenario=mixed_orbit selected=test_unseen_day_unseen_rx overall_tx=41.25% strict_udu=41.25% (24750/60000)
[BEST-TEST] overall=90.23% @ E118 -> finalist_runs/B2_A2_light_seed1337/best_model_test_overall.pth | unseen_day_unseen_rx=85.84% @ E123 -> finalist_runs/B2_A2_light_seed1337/best_model_strict_udu.pth | unseen_day_seen_rx=94.24% @ E080 | seen_day_unseen_rx=90.24% @ E118
[BEST-PRIMARY] score=87.23 @ E123 -> finalist_runs/B2_A2_light_seed1337/best_model_primary_ood.pth | overall=89.82% strict_udu=85.84%
[BEST-WORST-RX] worst_rx=85.09% (test_rx_8) @ E118 -> finalist_runs/B2_A2_light_seed1337/best_model_worst_rx.pth
====================================================================================================================================
[Epoch 176/200] time=85.7s | lr=7.99e-06 | aux_scale=1.000
[STAGE] phase=S3_refine_aux_late_stable | use_aux=1.0 cons=0.45 cls_aux=0.25 reg=0.25 joint_inv=0.08 kl=0.16 group_ce=0.80
[MIXSTYLE-EPOCH] phase=late_anneal enabled=1 p=0.050 strength=0.350 anneal_t=1.000
[AUG] scale=0.200 | p_dac=0.000 p_pa=0.028 p_shift=0.070 p_cfo=0.070 p_awgn=0.080 p_mp=0.036 | max_shift=6 cfo_max=8e-05 pn_max=0.0012
------------------------------------------------------------------------------------------------------------------------------------
[LOSS-CORE] total=2.6292 cls=0.9192 dom=0.2382 adv=2.6223 orth=0.0028 cons=0.1551 group_ce=1.6561
[LOSS-AUX]  cls_pa=0.8198 cls_dac=0.0000 pa_joint_inv=0.1884 pa_kl=0.6618 dac_reg=0.0000 pa_reg=0.0145 gap_dac=0.0000 gap_pa=0.2739 cos_joint_pa=0.8116 cos_imp_pa=nan
[LOSS-SAT]  cls_sat=8.9742 sat_cons=0.7270 sat_cos=0.2730
[LOSS-DG]   proto=0.0000 proto_cos=nan supcon=0.0000 fishr=0.0010 sgc_res=0.0000
[LOSS-CAL]  ecc=0.0000 ecc_w=0.0000 ecc_tau=0.9500 ecc_maxp=nan
[TRAIN] tx=92.51% dom=91.06% cons_cos=0.8449
[GRAD]  total=1.455 backbone=1.000 aux=0.749 domain=0.327
[VAL]   tx=98.97% dom=95.91%
[TEST]  overall_tx=89.54% (182660/204000)
[TEST-SPLIT]
          unseen_day_seen_rx(days=['2021_03_15', '2021_03_23'], rxs=[0, 1, 2, 3, 4, 5, 6]): tx=93.21% (78294/84000)
          seen_day_unseen_rx(days=['2021_03_01', '2021_03_08'], rxs=[7, 8, 9, 10, 11]): tx=88.83% (53297/60000)
          unseen_day_unseen_rx(days=['2021_03_15', '2021_03_23'], rxs=[7, 8, 9, 10, 11]): tx=85.11% (51069/60000)
          day=2021_03_15 on seen_rxs=[0, 1, 2, 3, 4, 5, 6]: tx=95.45% (40089/42000)
          day=2021_03_23 on seen_rxs=[0, 1, 2, 3, 4, 5, 6]: tx=90.96% (38205/42000)
          rx=7 on seen_days=['2021_03_01', '2021_03_08']: tx=82.94% (9953/12000)
          rx=8 on seen_days=['2021_03_01', '2021_03_08']: tx=85.22% (10227/12000)
          rx=9 on seen_days=['2021_03_01', '2021_03_08']: tx=90.19% (10823/12000)
          rx=10 on seen_days=['2021_03_01', '2021_03_08']: tx=93.46% (11215/12000)
          rx=11 on seen_days=['2021_03_01', '2021_03_08']: tx=92.33% (11079/12000)
[BEST-JOINT]  val_tx=99.05% & test_tx=89.18% @ E150
[CKPT]  latest -> finalist_runs/B2_A2_light_seed1337/latest_model.pth (saved) | best -> finalist_runs/B2_A2_light_seed1337/best_model_val.pth
====================================================================================================================================
[SAT-TEST] scenario=clear_leo selected=test_unseen_day_unseen_rx overall_tx=44.47% strict_udu=44.47% (26679/60000)
[SAT-TEST] scenario=low_elev_leo selected=test_unseen_day_unseen_rx overall_tx=45.39% strict_udu=45.39% (27236/60000)
[SAT-TEST] scenario=rain_leo selected=test_unseen_day_unseen_rx overall_tx=42.60% strict_udu=42.60% (25559/60000)
[SAT-TEST] scenario=storm_mp selected=test_unseen_day_unseen_rx overall_tx=38.68% strict_udu=38.68% (23207/60000)
[SAT-TEST] scenario=mixed_orbit selected=test_unseen_day_unseen_rx overall_tx=40.76% strict_udu=40.76% (24457/60000)
[BEST-TEST] overall=90.23% @ E118 -> finalist_runs/B2_A2_light_seed1337/best_model_test_overall.pth | unseen_day_unseen_rx=85.84% @ E123 -> finalist_runs/B2_A2_light_seed1337/best_model_strict_udu.pth | unseen_day_seen_rx=94.24% @ E080 | seen_day_unseen_rx=90.24% @ E118
[BEST-PRIMARY] score=87.23 @ E123 -> finalist_runs/B2_A2_light_seed1337/best_model_primary_ood.pth | overall=89.82% strict_udu=85.84%
[BEST-WORST-RX] worst_rx=85.09% (test_rx_8) @ E118 -> finalist_runs/B2_A2_light_seed1337/best_model_worst_rx.pth
====================================================================================================================================
[Epoch 177/200] time=83.6s | lr=7.42e-06 | aux_scale=1.000
[STAGE] phase=S3_refine_aux_late_stable | use_aux=1.0 cons=0.45 cls_aux=0.25 reg=0.25 joint_inv=0.08 kl=0.16 group_ce=0.80
[MIXSTYLE-EPOCH] phase=late_anneal enabled=1 p=0.050 strength=0.350 anneal_t=1.000
[AUG] scale=0.200 | p_dac=0.000 p_pa=0.028 p_shift=0.070 p_cfo=0.070 p_awgn=0.080 p_mp=0.036 | max_shift=6 cfo_max=8e-05 pn_max=0.0012
------------------------------------------------------------------------------------------------------------------------------------
[LOSS-CORE] total=3.1642 cls=1.3239 dom=0.3292 adv=2.6277 orth=0.0026 cons=0.1651 group_ce=2.1645
[LOSS-AUX]  cls_pa=0.8023 cls_dac=0.0000 pa_joint_inv=0.1886 pa_kl=0.6428 dac_reg=0.0000 pa_reg=0.0141 gap_dac=0.0000 gap_pa=0.2802 cos_joint_pa=0.8114 cos_imp_pa=nan
[LOSS-SAT]  cls_sat=8.9298 sat_cons=0.7137 sat_cos=0.2863
[LOSS-DG]   proto=0.0000 proto_cos=nan supcon=0.0000 fishr=0.0013 sgc_res=0.0000
[LOSS-CAL]  ecc=0.0000 ecc_w=0.0000 ecc_tau=0.9500 ecc_maxp=nan
[TRAIN] tx=89.80% dom=88.38% cons_cos=0.8349
[GRAD]  total=1.718 backbone=1.000 aux=0.750 domain=0.357
[VAL]   tx=98.96% dom=95.99%
[TEST]  overall_tx=89.46% (182504/204000)
[TEST-SPLIT]
          unseen_day_seen_rx(days=['2021_03_15', '2021_03_23'], rxs=[0, 1, 2, 3, 4, 5, 6]): tx=92.93% (78060/84000)
          seen_day_unseen_rx(days=['2021_03_01', '2021_03_08'], rxs=[7, 8, 9, 10, 11]): tx=88.68% (53207/60000)
          unseen_day_unseen_rx(days=['2021_03_15', '2021_03_23'], rxs=[7, 8, 9, 10, 11]): tx=85.39% (51237/60000)
          day=2021_03_15 on seen_rxs=[0, 1, 2, 3, 4, 5, 6]: tx=95.37% (40054/42000)
          day=2021_03_23 on seen_rxs=[0, 1, 2, 3, 4, 5, 6]: tx=90.49% (38006/42000)
          rx=7 on seen_days=['2021_03_01', '2021_03_08']: tx=81.17% (9740/12000)
          rx=8 on seen_days=['2021_03_01', '2021_03_08']: tx=85.03% (10203/12000)
          rx=9 on seen_days=['2021_03_01', '2021_03_08']: tx=90.17% (10820/12000)
          rx=10 on seen_days=['2021_03_01', '2021_03_08']: tx=92.93% (11152/12000)
          rx=11 on seen_days=['2021_03_01', '2021_03_08']: tx=94.10% (11292/12000)
[BEST-JOINT]  val_tx=99.05% & test_tx=89.18% @ E150
[CKPT]  latest -> finalist_runs/B2_A2_light_seed1337/latest_model.pth (saved) | best -> finalist_runs/B2_A2_light_seed1337/best_model_val.pth
====================================================================================================================================
[SAT-TEST] scenario=clear_leo selected=test_unseen_day_unseen_rx overall_tx=44.57% strict_udu=44.57% (26740/60000)
[SAT-TEST] scenario=low_elev_leo selected=test_unseen_day_unseen_rx overall_tx=45.55% strict_udu=45.55% (27330/60000)
[SAT-TEST] scenario=rain_leo selected=test_unseen_day_unseen_rx overall_tx=42.80% strict_udu=42.80% (25680/60000)
[SAT-TEST] scenario=storm_mp selected=test_unseen_day_unseen_rx overall_tx=38.62% strict_udu=38.62% (23172/60000)
[SAT-TEST] scenario=mixed_orbit selected=test_unseen_day_unseen_rx overall_tx=41.41% strict_udu=41.41% (24849/60000)
[BEST-TEST] overall=90.23% @ E118 -> finalist_runs/B2_A2_light_seed1337/best_model_test_overall.pth | unseen_day_unseen_rx=85.84% @ E123 -> finalist_runs/B2_A2_light_seed1337/best_model_strict_udu.pth | unseen_day_seen_rx=94.24% @ E080 | seen_day_unseen_rx=90.24% @ E118
[BEST-PRIMARY] score=87.23 @ E123 -> finalist_runs/B2_A2_light_seed1337/best_model_primary_ood.pth | overall=89.82% strict_udu=85.84%
[BEST-WORST-RX] worst_rx=85.09% (test_rx_8) @ E118 -> finalist_runs/B2_A2_light_seed1337/best_model_worst_rx.pth
====================================================================================================================================
[Epoch 178/200] time=84.6s | lr=6.88e-06 | aux_scale=1.000
[STAGE] phase=S3_refine_aux_late_stable | use_aux=1.0 cons=0.45 cls_aux=0.25 reg=0.25 joint_inv=0.08 kl=0.16 group_ce=0.80
[MIXSTYLE-EPOCH] phase=late_anneal enabled=1 p=0.050 strength=0.350 anneal_t=1.000
[AUG] scale=0.200 | p_dac=0.000 p_pa=0.028 p_shift=0.070 p_cfo=0.070 p_awgn=0.080 p_mp=0.036 | max_shift=6 cfo_max=8e-05 pn_max=0.0012
------------------------------------------------------------------------------------------------------------------------------------
[LOSS-CORE] total=2.1395 cls=0.5600 dom=0.1594 adv=2.6251 orth=0.0028 cons=0.1366 group_ce=1.1065
[LOSS-AUX]  cls_pa=0.7686 cls_dac=0.0000 pa_joint_inv=0.1889 pa_kl=0.6122 dac_reg=0.0000 pa_reg=0.0142 gap_dac=0.0000 gap_pa=0.2787 cos_joint_pa=0.8111 cos_imp_pa=nan
[LOSS-SAT]  cls_sat=8.8707 sat_cons=0.7229 sat_cos=0.2771
[LOSS-DG]   proto=0.0000 proto_cos=nan supcon=0.0000 fishr=0.0005 sgc_res=0.0000
[LOSS-CAL]  ecc=0.0000 ecc_w=0.0000 ecc_tau=0.9500 ecc_maxp=nan
[TRAIN] tx=95.97% dom=93.97% cons_cos=0.8634
[GRAD]  total=1.425 backbone=1.000 aux=0.750 domain=0.333
[VAL]   tx=99.01% dom=96.05%
[TEST]  overall_tx=89.55% (182675/204000)
[TEST-SPLIT]
          unseen_day_seen_rx(days=['2021_03_15', '2021_03_23'], rxs=[0, 1, 2, 3, 4, 5, 6]): tx=93.21% (78299/84000)
          seen_day_unseen_rx(days=['2021_03_01', '2021_03_08'], rxs=[7, 8, 9, 10, 11]): tx=88.83% (53296/60000)
          unseen_day_unseen_rx(days=['2021_03_15', '2021_03_23'], rxs=[7, 8, 9, 10, 11]): tx=85.13% (51080/60000)
          day=2021_03_15 on seen_rxs=[0, 1, 2, 3, 4, 5, 6]: tx=95.09% (39938/42000)
          day=2021_03_23 on seen_rxs=[0, 1, 2, 3, 4, 5, 6]: tx=91.34% (38361/42000)
          rx=7 on seen_days=['2021_03_01', '2021_03_08']: tx=82.51% (9901/12000)
          rx=8 on seen_days=['2021_03_01', '2021_03_08']: tx=84.85% (10182/12000)
          rx=9 on seen_days=['2021_03_01', '2021_03_08']: tx=90.08% (10809/12000)
          rx=10 on seen_days=['2021_03_01', '2021_03_08']: tx=93.65% (11238/12000)
          rx=11 on seen_days=['2021_03_01', '2021_03_08']: tx=93.05% (11166/12000)
[BEST-JOINT]  val_tx=99.05% & test_tx=89.18% @ E150
[CKPT]  latest -> finalist_runs/B2_A2_light_seed1337/latest_model.pth (saved) | best -> finalist_runs/B2_A2_light_seed1337/best_model_val.pth
====================================================================================================================================
[SAT-TEST] scenario=clear_leo selected=test_unseen_day_unseen_rx overall_tx=44.27% strict_udu=44.27% (26559/60000)
[SAT-TEST] scenario=low_elev_leo selected=test_unseen_day_unseen_rx overall_tx=45.04% strict_udu=45.04% (27022/60000)
[SAT-TEST] scenario=rain_leo selected=test_unseen_day_unseen_rx overall_tx=42.31% strict_udu=42.31% (25385/60000)
[SAT-TEST] scenario=storm_mp selected=test_unseen_day_unseen_rx overall_tx=38.68% strict_udu=38.68% (23209/60000)
[SAT-TEST] scenario=mixed_orbit selected=test_unseen_day_unseen_rx overall_tx=40.72% strict_udu=40.72% (24434/60000)
[BEST-TEST] overall=90.23% @ E118 -> finalist_runs/B2_A2_light_seed1337/best_model_test_overall.pth | unseen_day_unseen_rx=85.84% @ E123 -> finalist_runs/B2_A2_light_seed1337/best_model_strict_udu.pth | unseen_day_seen_rx=94.24% @ E080 | seen_day_unseen_rx=90.24% @ E118
[BEST-PRIMARY] score=87.23 @ E123 -> finalist_runs/B2_A2_light_seed1337/best_model_primary_ood.pth | overall=89.82% strict_udu=85.84%
[BEST-WORST-RX] worst_rx=85.09% (test_rx_8) @ E118 -> finalist_runs/B2_A2_light_seed1337/best_model_worst_rx.pth
====================================================================================================================================
[Epoch 179/200] time=84.7s | lr=6.36e-06 | aux_scale=1.000
[STAGE] phase=S3_refine_aux_late_stable | use_aux=1.0 cons=0.45 cls_aux=0.25 reg=0.25 joint_inv=0.08 kl=0.16 group_ce=0.80
[MIXSTYLE-EPOCH] phase=late_anneal enabled=1 p=0.050 strength=0.350 anneal_t=1.000
[AUG] scale=0.200 | p_dac=0.000 p_pa=0.028 p_shift=0.070 p_cfo=0.070 p_awgn=0.080 p_mp=0.036 | max_shift=6 cfo_max=8e-05 pn_max=0.0012
------------------------------------------------------------------------------------------------------------------------------------
[LOSS-CORE] total=2.1320 cls=0.5456 dom=0.1691 adv=2.6261 orth=0.0028 cons=0.1355 group_ce=1.0500
[LOSS-AUX]  cls_pa=0.8011 cls_dac=0.0000 pa_joint_inv=0.1901 pa_kl=0.6385 dac_reg=0.0000 pa_reg=0.0141 gap_dac=0.0000 gap_pa=0.2842 cos_joint_pa=0.8099 cos_imp_pa=nan
[LOSS-SAT]  cls_sat=8.8623 sat_cons=0.7250 sat_cos=0.2750
[LOSS-DG]   proto=0.0000 proto_cos=nan supcon=0.0000 fishr=0.0005 sgc_res=0.0000
[LOSS-CAL]  ecc=0.0000 ecc_w=0.0000 ecc_tau=0.9500 ecc_maxp=nan
[TRAIN] tx=95.96% dom=93.49% cons_cos=0.8645
[GRAD]  total=1.439 backbone=1.000 aux=0.750 domain=0.320
[VAL]   tx=99.02% dom=96.07%
[TEST]  overall_tx=89.73% (183045/204000)
[TEST-SPLIT]
          unseen_day_seen_rx(days=['2021_03_15', '2021_03_23'], rxs=[0, 1, 2, 3, 4, 5, 6]): tx=93.29% (78367/84000)
          seen_day_unseen_rx(days=['2021_03_01', '2021_03_08'], rxs=[7, 8, 9, 10, 11]): tx=89.09% (53454/60000)
          unseen_day_unseen_rx(days=['2021_03_15', '2021_03_23'], rxs=[7, 8, 9, 10, 11]): tx=85.37% (51224/60000)
          day=2021_03_15 on seen_rxs=[0, 1, 2, 3, 4, 5, 6]: tx=95.75% (40214/42000)
          day=2021_03_23 on seen_rxs=[0, 1, 2, 3, 4, 5, 6]: tx=90.84% (38153/42000)
          rx=7 on seen_days=['2021_03_01', '2021_03_08']: tx=82.51% (9901/12000)
          rx=8 on seen_days=['2021_03_01', '2021_03_08']: tx=85.37% (10244/12000)
          rx=9 on seen_days=['2021_03_01', '2021_03_08']: tx=90.64% (10877/12000)
          rx=10 on seen_days=['2021_03_01', '2021_03_08']: tx=93.32% (11198/12000)
          rx=11 on seen_days=['2021_03_01', '2021_03_08']: tx=93.62% (11234/12000)
[BEST-JOINT]  val_tx=99.05% & test_tx=89.18% @ E150
[CKPT]  latest -> finalist_runs/B2_A2_light_seed1337/latest_model.pth (saved) | best -> finalist_runs/B2_A2_light_seed1337/best_model_val.pth
====================================================================================================================================
[SAT-TEST] scenario=clear_leo selected=test_unseen_day_unseen_rx overall_tx=44.99% strict_udu=44.99% (26993/60000)
[SAT-TEST] scenario=low_elev_leo selected=test_unseen_day_unseen_rx overall_tx=45.89% strict_udu=45.89% (27533/60000)
[SAT-TEST] scenario=rain_leo selected=test_unseen_day_unseen_rx overall_tx=43.08% strict_udu=43.08% (25845/60000)
[SAT-TEST] scenario=storm_mp selected=test_unseen_day_unseen_rx overall_tx=39.01% strict_udu=39.01% (23403/60000)
[SAT-TEST] scenario=mixed_orbit selected=test_unseen_day_unseen_rx overall_tx=41.26% strict_udu=41.26% (24756/60000)
[BEST-TEST] overall=90.23% @ E118 -> finalist_runs/B2_A2_light_seed1337/best_model_test_overall.pth | unseen_day_unseen_rx=85.84% @ E123 -> finalist_runs/B2_A2_light_seed1337/best_model_strict_udu.pth | unseen_day_seen_rx=94.24% @ E080 | seen_day_unseen_rx=90.24% @ E118
[BEST-PRIMARY] score=87.23 @ E123 -> finalist_runs/B2_A2_light_seed1337/best_model_primary_ood.pth | overall=89.82% strict_udu=85.84%
[BEST-WORST-RX] worst_rx=85.09% (test_rx_8) @ E118 -> finalist_runs/B2_A2_light_seed1337/best_model_worst_rx.pth
====================================================================================================================================
[Epoch 180/200] time=83.6s | lr=5.87e-06 | aux_scale=1.000
[STAGE] phase=S3_refine_aux_late_stable | use_aux=1.0 cons=0.45 cls_aux=0.25 reg=0.25 joint_inv=0.08 kl=0.16 group_ce=0.80
[MIXSTYLE-EPOCH] phase=late_anneal enabled=1 p=0.050 strength=0.350 anneal_t=1.000
[AUG] scale=0.200 | p_dac=0.000 p_pa=0.028 p_shift=0.070 p_cfo=0.070 p_awgn=0.080 p_mp=0.036 | max_shift=6 cfo_max=8e-05 pn_max=0.0012
------------------------------------------------------------------------------------------------------------------------------------
[LOSS-CORE] total=2.2175 cls=0.6142 dom=0.1690 adv=2.6247 orth=0.0027 cons=0.1417 group_ce=1.2115
[LOSS-AUX]  cls_pa=0.7865 cls_dac=0.0000 pa_joint_inv=0.1880 pa_kl=0.6241 dac_reg=0.0000 pa_reg=0.0145 gap_dac=0.0000 gap_pa=0.2747 cos_joint_pa=0.8120 cos_imp_pa=nan
[LOSS-SAT]  cls_sat=8.9601 sat_cons=0.7335 sat_cos=0.2665
[LOSS-DG]   proto=0.0000 proto_cos=nan supcon=0.0000 fishr=0.0006 sgc_res=0.0000
[LOSS-CAL]  ecc=0.0000 ecc_w=0.0000 ecc_tau=0.9500 ecc_maxp=nan
[TRAIN] tx=95.40% dom=93.57% cons_cos=0.8583
[GRAD]  total=1.434 backbone=1.000 aux=0.750 domain=0.332
[VAL]   tx=98.96% dom=95.96%
[TEST]  overall_tx=89.57% (182717/204000)
[TEST-SPLIT]
          unseen_day_seen_rx(days=['2021_03_15', '2021_03_23'], rxs=[0, 1, 2, 3, 4, 5, 6]): tx=93.15% (78246/84000)
          seen_day_unseen_rx(days=['2021_03_01', '2021_03_08'], rxs=[7, 8, 9, 10, 11]): tx=88.69% (53215/60000)
          unseen_day_unseen_rx(days=['2021_03_15', '2021_03_23'], rxs=[7, 8, 9, 10, 11]): tx=85.43% (51256/60000)
          day=2021_03_15 on seen_rxs=[0, 1, 2, 3, 4, 5, 6]: tx=95.60% (40151/42000)
          day=2021_03_23 on seen_rxs=[0, 1, 2, 3, 4, 5, 6]: tx=90.70% (38095/42000)
          rx=7 on seen_days=['2021_03_01', '2021_03_08']: tx=82.17% (9860/12000)
          rx=8 on seen_days=['2021_03_01', '2021_03_08']: tx=84.92% (10190/12000)
          rx=9 on seen_days=['2021_03_01', '2021_03_08']: tx=90.33% (10839/12000)
          rx=10 on seen_days=['2021_03_01', '2021_03_08']: tx=93.29% (11195/12000)
          rx=11 on seen_days=['2021_03_01', '2021_03_08']: tx=92.76% (11131/12000)
[BEST-JOINT]  val_tx=99.05% & test_tx=89.18% @ E150
[CKPT]  latest -> finalist_runs/B2_A2_light_seed1337/latest_model.pth (saved) | best -> finalist_runs/B2_A2_light_seed1337/best_model_val.pth
====================================================================================================================================
[SAT-TEST] scenario=clear_leo selected=test_unseen_day_unseen_rx overall_tx=44.87% strict_udu=44.87% (26923/60000)
[SAT-TEST] scenario=low_elev_leo selected=test_unseen_day_unseen_rx overall_tx=45.96% strict_udu=45.96% (27577/60000)
[SAT-TEST] scenario=rain_leo selected=test_unseen_day_unseen_rx overall_tx=43.18% strict_udu=43.18% (25910/60000)
[SAT-TEST] scenario=storm_mp selected=test_unseen_day_unseen_rx overall_tx=38.90% strict_udu=38.90% (23340/60000)
[SAT-TEST] scenario=mixed_orbit selected=test_unseen_day_unseen_rx overall_tx=41.17% strict_udu=41.17% (24700/60000)
[BEST-TEST] overall=90.23% @ E118 -> finalist_runs/B2_A2_light_seed1337/best_model_test_overall.pth | unseen_day_unseen_rx=85.84% @ E123 -> finalist_runs/B2_A2_light_seed1337/best_model_strict_udu.pth | unseen_day_seen_rx=94.24% @ E080 | seen_day_unseen_rx=90.24% @ E118
[BEST-PRIMARY] score=87.23 @ E123 -> finalist_runs/B2_A2_light_seed1337/best_model_primary_ood.pth | overall=89.82% strict_udu=85.84%
[BEST-WORST-RX] worst_rx=85.09% (test_rx_8) @ E118 -> finalist_runs/B2_A2_light_seed1337/best_model_worst_rx.pth
====================================================================================================================================
[Epoch 181/200] time=85.4s | lr=5.40e-06 | aux_scale=1.000
[STAGE] phase=S3_refine_aux_late_stable | use_aux=1.0 cons=0.45 cls_aux=0.25 reg=0.25 joint_inv=0.08 kl=0.16 group_ce=0.80
[MIXSTYLE-EPOCH] phase=late_anneal enabled=1 p=0.050 strength=0.350 anneal_t=1.000
[AUG] scale=0.200 | p_dac=0.000 p_pa=0.028 p_shift=0.070 p_cfo=0.070 p_awgn=0.080 p_mp=0.036 | max_shift=6 cfo_max=8e-05 pn_max=0.0012
------------------------------------------------------------------------------------------------------------------------------------
[LOSS-CORE] total=2.2771 cls=0.6605 dom=0.1800 adv=2.6286 orth=0.0028 cons=0.1381 group_ce=1.2374
[LOSS-AUX]  cls_pa=0.8206 cls_dac=0.0000 pa_joint_inv=0.1897 pa_kl=0.6522 dac_reg=0.0000 pa_reg=0.0143 gap_dac=0.0000 gap_pa=0.2789 cos_joint_pa=0.8103 cos_imp_pa=nan
[LOSS-SAT]  cls_sat=8.9123 sat_cons=0.7285 sat_cos=0.2715
[LOSS-DG]   proto=0.0000 proto_cos=nan supcon=0.0000 fishr=0.0006 sgc_res=0.0000
[LOSS-CAL]  ecc=0.0000 ecc_w=0.0000 ecc_tau=0.9500 ecc_maxp=nan
[TRAIN] tx=95.19% dom=93.35% cons_cos=0.8619
[GRAD]  total=1.410 backbone=1.000 aux=0.748 domain=0.329
[VAL]   tx=99.00% dom=96.01%
[TEST]  overall_tx=89.61% (182813/204000)
[TEST-SPLIT]
          unseen_day_seen_rx(days=['2021_03_15', '2021_03_23'], rxs=[0, 1, 2, 3, 4, 5, 6]): tx=93.17% (78260/84000)
          seen_day_unseen_rx(days=['2021_03_01', '2021_03_08'], rxs=[7, 8, 9, 10, 11]): tx=88.81% (53289/60000)
          unseen_day_unseen_rx(days=['2021_03_15', '2021_03_23'], rxs=[7, 8, 9, 10, 11]): tx=85.44% (51264/60000)
          day=2021_03_15 on seen_rxs=[0, 1, 2, 3, 4, 5, 6]: tx=95.49% (40105/42000)
          day=2021_03_23 on seen_rxs=[0, 1, 2, 3, 4, 5, 6]: tx=90.85% (38155/42000)
          rx=7 on seen_days=['2021_03_01', '2021_03_08']: tx=82.12% (9855/12000)
          rx=8 on seen_days=['2021_03_01', '2021_03_08']: tx=85.03% (10203/12000)
          rx=9 on seen_days=['2021_03_01', '2021_03_08']: tx=90.30% (10836/12000)
          rx=10 on seen_days=['2021_03_01', '2021_03_08']: tx=93.20% (11184/12000)
          rx=11 on seen_days=['2021_03_01', '2021_03_08']: tx=93.42% (11211/12000)
[BEST-JOINT]  val_tx=99.05% & test_tx=89.18% @ E150
[CKPT]  latest -> finalist_runs/B2_A2_light_seed1337/latest_model.pth (saved) | best -> finalist_runs/B2_A2_light_seed1337/best_model_val.pth
====================================================================================================================================
[SAT-TEST] scenario=clear_leo selected=test_unseen_day_unseen_rx overall_tx=44.76% strict_udu=44.76% (26855/60000)
[SAT-TEST] scenario=low_elev_leo selected=test_unseen_day_unseen_rx overall_tx=45.66% strict_udu=45.66% (27393/60000)
[SAT-TEST] scenario=rain_leo selected=test_unseen_day_unseen_rx overall_tx=42.90% strict_udu=42.90% (25742/60000)
[SAT-TEST] scenario=storm_mp selected=test_unseen_day_unseen_rx overall_tx=38.87% strict_udu=38.87% (23321/60000)
[SAT-TEST] scenario=mixed_orbit selected=test_unseen_day_unseen_rx overall_tx=41.23% strict_udu=41.23% (24737/60000)
[BEST-TEST] overall=90.23% @ E118 -> finalist_runs/B2_A2_light_seed1337/best_model_test_overall.pth | unseen_day_unseen_rx=85.84% @ E123 -> finalist_runs/B2_A2_light_seed1337/best_model_strict_udu.pth | unseen_day_seen_rx=94.24% @ E080 | seen_day_unseen_rx=90.24% @ E118
[BEST-PRIMARY] score=87.23 @ E123 -> finalist_runs/B2_A2_light_seed1337/best_model_primary_ood.pth | overall=89.82% strict_udu=85.84%
[BEST-WORST-RX] worst_rx=85.09% (test_rx_8) @ E118 -> finalist_runs/B2_A2_light_seed1337/best_model_worst_rx.pth
====================================================================================================================================
[Epoch 182/200] time=84.6s | lr=4.95e-06 | aux_scale=1.000
[STAGE] phase=S3_refine_aux_late_stable | use_aux=1.0 cons=0.45 cls_aux=0.25 reg=0.25 joint_inv=0.08 kl=0.16 group_ce=0.80
[MIXSTYLE-EPOCH] phase=late_anneal enabled=1 p=0.050 strength=0.350 anneal_t=1.000
[AUG] scale=0.200 | p_dac=0.000 p_pa=0.028 p_shift=0.070 p_cfo=0.070 p_awgn=0.080 p_mp=0.036 | max_shift=6 cfo_max=8e-05 pn_max=0.0012
------------------------------------------------------------------------------------------------------------------------------------
[LOSS-CORE] total=2.4582 cls=0.7893 dom=0.2218 adv=2.6248 orth=0.0027 cons=0.1482 group_ce=1.3979
[LOSS-AUX]  cls_pa=0.7926 cls_dac=0.0000 pa_joint_inv=0.1874 pa_kl=0.6333 dac_reg=0.0000 pa_reg=0.0145 gap_dac=0.0000 gap_pa=0.2713 cos_joint_pa=0.8126 cos_imp_pa=nan
[LOSS-SAT]  cls_sat=8.9097 sat_cons=0.7257 sat_cos=0.2743
[LOSS-DG]   proto=0.0000 proto_cos=nan supcon=0.0000 fishr=0.0008 sgc_res=0.0000
[LOSS-CAL]  ecc=0.0000 ecc_w=0.0000 ecc_tau=0.9500 ecc_maxp=nan
[TRAIN] tx=93.78% dom=91.84% cons_cos=0.8518
[GRAD]  total=1.492 backbone=1.000 aux=0.750 domain=0.340
[VAL]   tx=99.01% dom=96.03%
[TEST]  overall_tx=89.49% (182550/204000)
[TEST-SPLIT]
          unseen_day_seen_rx(days=['2021_03_15', '2021_03_23'], rxs=[0, 1, 2, 3, 4, 5, 6]): tx=93.20% (78285/84000)
          seen_day_unseen_rx(days=['2021_03_01', '2021_03_08'], rxs=[7, 8, 9, 10, 11]): tx=88.66% (53198/60000)
          unseen_day_unseen_rx(days=['2021_03_15', '2021_03_23'], rxs=[7, 8, 9, 10, 11]): tx=85.11% (51067/60000)
          day=2021_03_15 on seen_rxs=[0, 1, 2, 3, 4, 5, 6]: tx=95.45% (40089/42000)
          day=2021_03_23 on seen_rxs=[0, 1, 2, 3, 4, 5, 6]: tx=90.94% (38196/42000)
          rx=7 on seen_days=['2021_03_01', '2021_03_08']: tx=82.62% (9914/12000)
          rx=8 on seen_days=['2021_03_01', '2021_03_08']: tx=84.68% (10162/12000)
          rx=9 on seen_days=['2021_03_01', '2021_03_08']: tx=90.34% (10841/12000)
          rx=10 on seen_days=['2021_03_01', '2021_03_08']: tx=93.37% (11204/12000)
          rx=11 on seen_days=['2021_03_01', '2021_03_08']: tx=92.31% (11077/12000)
[BEST-JOINT]  val_tx=99.05% & test_tx=89.18% @ E150
[CKPT]  latest -> finalist_runs/B2_A2_light_seed1337/latest_model.pth (saved) | best -> finalist_runs/B2_A2_light_seed1337/best_model_val.pth
====================================================================================================================================
[SAT-TEST] scenario=clear_leo selected=test_unseen_day_unseen_rx overall_tx=44.67% strict_udu=44.67% (26804/60000)
[SAT-TEST] scenario=low_elev_leo selected=test_unseen_day_unseen_rx overall_tx=45.62% strict_udu=45.62% (27374/60000)
[SAT-TEST] scenario=rain_leo selected=test_unseen_day_unseen_rx overall_tx=42.76% strict_udu=42.76% (25656/60000)
[SAT-TEST] scenario=storm_mp selected=test_unseen_day_unseen_rx overall_tx=38.86% strict_udu=38.86% (23314/60000)
[SAT-TEST] scenario=mixed_orbit selected=test_unseen_day_unseen_rx overall_tx=40.82% strict_udu=40.82% (24491/60000)
[BEST-TEST] overall=90.23% @ E118 -> finalist_runs/B2_A2_light_seed1337/best_model_test_overall.pth | unseen_day_unseen_rx=85.84% @ E123 -> finalist_runs/B2_A2_light_seed1337/best_model_strict_udu.pth | unseen_day_seen_rx=94.24% @ E080 | seen_day_unseen_rx=90.24% @ E118
[BEST-PRIMARY] score=87.23 @ E123 -> finalist_runs/B2_A2_light_seed1337/best_model_primary_ood.pth | overall=89.82% strict_udu=85.84%
[BEST-WORST-RX] worst_rx=85.09% (test_rx_8) @ E118 -> finalist_runs/B2_A2_light_seed1337/best_model_worst_rx.pth
====================================================================================================================================
[Epoch 183/200] time=89.5s | lr=4.53e-06 | aux_scale=1.000
[STAGE] phase=S3_refine_aux_late_stable | use_aux=1.0 cons=0.45 cls_aux=0.25 reg=0.25 joint_inv=0.08 kl=0.16 group_ce=0.80
[MIXSTYLE-EPOCH] phase=late_anneal enabled=1 p=0.050 strength=0.350 anneal_t=1.000
[AUG] scale=0.200 | p_dac=0.000 p_pa=0.028 p_shift=0.070 p_cfo=0.070 p_awgn=0.080 p_mp=0.036 | max_shift=6 cfo_max=8e-05 pn_max=0.0012
------------------------------------------------------------------------------------------------------------------------------------
[LOSS-CORE] total=2.2179 cls=0.6067 dom=0.1810 adv=2.6255 orth=0.0029 cons=0.1405 group_ce=1.1510
[LOSS-AUX]  cls_pa=0.7918 cls_dac=0.0000 pa_joint_inv=0.1893 pa_kl=0.6296 dac_reg=0.0000 pa_reg=0.0144 gap_dac=0.0000 gap_pa=0.2775 cos_joint_pa=0.8107 cos_imp_pa=nan
[LOSS-SAT]  cls_sat=8.9657 sat_cons=0.7312 sat_cos=0.2688
[LOSS-DG]   proto=0.0000 proto_cos=nan supcon=0.0000 fishr=0.0006 sgc_res=0.0000
[LOSS-CAL]  ecc=0.0000 ecc_w=0.0000 ecc_tau=0.9500 ecc_maxp=nan
[TRAIN] tx=95.33% dom=93.23% cons_cos=0.8595
[GRAD]  total=1.397 backbone=1.000 aux=0.748 domain=0.306
[VAL]   tx=99.01% dom=96.03%
[TEST]  overall_tx=89.66% (182897/204000)
[TEST-SPLIT]
          unseen_day_seen_rx(days=['2021_03_15', '2021_03_23'], rxs=[0, 1, 2, 3, 4, 5, 6]): tx=93.32% (78387/84000)
          seen_day_unseen_rx(days=['2021_03_01', '2021_03_08'], rxs=[7, 8, 9, 10, 11]): tx=88.91% (53346/60000)
          unseen_day_unseen_rx(days=['2021_03_15', '2021_03_23'], rxs=[7, 8, 9, 10, 11]): tx=85.27% (51164/60000)
          day=2021_03_15 on seen_rxs=[0, 1, 2, 3, 4, 5, 6]: tx=95.66% (40176/42000)
          day=2021_03_23 on seen_rxs=[0, 1, 2, 3, 4, 5, 6]: tx=90.98% (38211/42000)
          rx=7 on seen_days=['2021_03_01', '2021_03_08']: tx=82.90% (9948/12000)
          rx=8 on seen_days=['2021_03_01', '2021_03_08']: tx=85.07% (10208/12000)
          rx=9 on seen_days=['2021_03_01', '2021_03_08']: tx=90.42% (10850/12000)
          rx=10 on seen_days=['2021_03_01', '2021_03_08']: tx=93.46% (11215/12000)
          rx=11 on seen_days=['2021_03_01', '2021_03_08']: tx=92.71% (11125/12000)
[BEST-JOINT]  val_tx=99.05% & test_tx=89.18% @ E150
[CKPT]  latest -> finalist_runs/B2_A2_light_seed1337/latest_model.pth (saved) | best -> finalist_runs/B2_A2_light_seed1337/best_model_val.pth
====================================================================================================================================
[SAT-TEST] scenario=clear_leo selected=test_unseen_day_unseen_rx overall_tx=44.95% strict_udu=44.95% (26971/60000)
[SAT-TEST] scenario=low_elev_leo selected=test_unseen_day_unseen_rx overall_tx=45.80% strict_udu=45.80% (27482/60000)
[SAT-TEST] scenario=rain_leo selected=test_unseen_day_unseen_rx overall_tx=42.97% strict_udu=42.97% (25780/60000)
[SAT-TEST] scenario=storm_mp selected=test_unseen_day_unseen_rx overall_tx=39.00% strict_udu=39.00% (23399/60000)
[SAT-TEST] scenario=mixed_orbit selected=test_unseen_day_unseen_rx overall_tx=41.20% strict_udu=41.20% (24717/60000)
[BEST-TEST] overall=90.23% @ E118 -> finalist_runs/B2_A2_light_seed1337/best_model_test_overall.pth | unseen_day_unseen_rx=85.84% @ E123 -> finalist_runs/B2_A2_light_seed1337/best_model_strict_udu.pth | unseen_day_seen_rx=94.24% @ E080 | seen_day_unseen_rx=90.24% @ E118
[BEST-PRIMARY] score=87.23 @ E123 -> finalist_runs/B2_A2_light_seed1337/best_model_primary_ood.pth | overall=89.82% strict_udu=85.84%
[BEST-WORST-RX] worst_rx=85.09% (test_rx_8) @ E118 -> finalist_runs/B2_A2_light_seed1337/best_model_worst_rx.pth
====================================================================================================================================
[Epoch 184/200] time=85.1s | lr=4.13e-06 | aux_scale=1.000
[STAGE] phase=S3_refine_aux_late_stable | use_aux=1.0 cons=0.45 cls_aux=0.25 reg=0.25 joint_inv=0.08 kl=0.16 group_ce=0.80
[MIXSTYLE-EPOCH] phase=late_anneal enabled=1 p=0.050 strength=0.350 anneal_t=1.000
[AUG] scale=0.200 | p_dac=0.000 p_pa=0.028 p_shift=0.070 p_cfo=0.070 p_awgn=0.080 p_mp=0.036 | max_shift=6 cfo_max=8e-05 pn_max=0.0012
------------------------------------------------------------------------------------------------------------------------------------
[LOSS-CORE] total=2.3552 cls=0.7075 dom=0.2136 adv=2.6243 orth=0.0028 cons=0.1415 group_ce=1.2944
[LOSS-AUX]  cls_pa=0.8158 cls_dac=0.0000 pa_joint_inv=0.1881 pa_kl=0.6505 dac_reg=0.0000 pa_reg=0.0144 gap_dac=0.0000 gap_pa=0.2736 cos_joint_pa=0.8119 cos_imp_pa=nan
[LOSS-SAT]  cls_sat=8.8049 sat_cons=0.7112 sat_cos=0.2888
[LOSS-DG]   proto=0.0000 proto_cos=nan supcon=0.0000 fishr=0.0007 sgc_res=0.0000
[LOSS-CAL]  ecc=0.0000 ecc_w=0.0000 ecc_tau=0.9500 ecc_maxp=nan
[TRAIN] tx=94.51% dom=92.34% cons_cos=0.8585
[GRAD]  total=1.529 backbone=1.000 aux=0.748 domain=0.320
[VAL]   tx=99.02% dom=96.05%
[TEST]  overall_tx=89.63% (182852/204000)
[TEST-SPLIT]
          unseen_day_seen_rx(days=['2021_03_15', '2021_03_23'], rxs=[0, 1, 2, 3, 4, 5, 6]): tx=93.23% (78311/84000)
          seen_day_unseen_rx(days=['2021_03_01', '2021_03_08'], rxs=[7, 8, 9, 10, 11]): tx=88.96% (53375/60000)
          unseen_day_unseen_rx(days=['2021_03_15', '2021_03_23'], rxs=[7, 8, 9, 10, 11]): tx=85.28% (51166/60000)
          day=2021_03_15 on seen_rxs=[0, 1, 2, 3, 4, 5, 6]: tx=95.58% (40145/42000)
          day=2021_03_23 on seen_rxs=[0, 1, 2, 3, 4, 5, 6]: tx=90.87% (38166/42000)
          rx=7 on seen_days=['2021_03_01', '2021_03_08']: tx=82.48% (9898/12000)
          rx=8 on seen_days=['2021_03_01', '2021_03_08']: tx=85.28% (10233/12000)
          rx=9 on seen_days=['2021_03_01', '2021_03_08']: tx=90.50% (10860/12000)
          rx=10 on seen_days=['2021_03_01', '2021_03_08']: tx=93.33% (11200/12000)
          rx=11 on seen_days=['2021_03_01', '2021_03_08']: tx=93.20% (11184/12000)
[BEST-JOINT]  val_tx=99.05% & test_tx=89.18% @ E150
[CKPT]  latest -> finalist_runs/B2_A2_light_seed1337/latest_model.pth (saved) | best -> finalist_runs/B2_A2_light_seed1337/best_model_val.pth
====================================================================================================================================
[SAT-TEST] scenario=clear_leo selected=test_unseen_day_unseen_rx overall_tx=44.97% strict_udu=44.97% (26981/60000)
[SAT-TEST] scenario=low_elev_leo selected=test_unseen_day_unseen_rx overall_tx=45.85% strict_udu=45.85% (27510/60000)
[SAT-TEST] scenario=rain_leo selected=test_unseen_day_unseen_rx overall_tx=43.01% strict_udu=43.01% (25806/60000)
[SAT-TEST] scenario=storm_mp selected=test_unseen_day_unseen_rx overall_tx=39.02% strict_udu=39.02% (23409/60000)
[SAT-TEST] scenario=mixed_orbit selected=test_unseen_day_unseen_rx overall_tx=41.33% strict_udu=41.33% (24797/60000)
[BEST-TEST] overall=90.23% @ E118 -> finalist_runs/B2_A2_light_seed1337/best_model_test_overall.pth | unseen_day_unseen_rx=85.84% @ E123 -> finalist_runs/B2_A2_light_seed1337/best_model_strict_udu.pth | unseen_day_seen_rx=94.24% @ E080 | seen_day_unseen_rx=90.24% @ E118
[BEST-PRIMARY] score=87.23 @ E123 -> finalist_runs/B2_A2_light_seed1337/best_model_primary_ood.pth | overall=89.82% strict_udu=85.84%
[BEST-WORST-RX] worst_rx=85.09% (test_rx_8) @ E118 -> finalist_runs/B2_A2_light_seed1337/best_model_worst_rx.pth
====================================================================================================================================
[Epoch 185/200] time=85.5s | lr=3.75e-06 | aux_scale=1.000
[STAGE] phase=S3_refine_aux_late_stable | use_aux=1.0 cons=0.45 cls_aux=0.25 reg=0.25 joint_inv=0.08 kl=0.16 group_ce=0.80
[MIXSTYLE-EPOCH] phase=late_anneal enabled=1 p=0.050 strength=0.350 anneal_t=1.000
[AUG] scale=0.200 | p_dac=0.000 p_pa=0.028 p_shift=0.070 p_cfo=0.070 p_awgn=0.080 p_mp=0.036 | max_shift=6 cfo_max=8e-05 pn_max=0.0012
------------------------------------------------------------------------------------------------------------------------------------
[LOSS-CORE] total=2.0354 cls=0.4590 dom=0.1659 adv=2.6268 orth=0.0029 cons=0.1322 group_ce=0.9362
[LOSS-AUX]  cls_pa=0.7741 cls_dac=0.0000 pa_joint_inv=0.1857 pa_kl=0.6154 dac_reg=0.0000 pa_reg=0.0147 gap_dac=0.0000 gap_pa=0.2704 cos_joint_pa=0.8143 cos_imp_pa=nan
[LOSS-SAT]  cls_sat=8.9353 sat_cons=0.7292 sat_cos=0.2708
[LOSS-DG]   proto=0.0000 proto_cos=nan supcon=0.0000 fishr=0.0005 sgc_res=0.0000
[LOSS-CAL]  ecc=0.0000 ecc_w=0.0000 ecc_tau=0.9500 ecc_maxp=nan
[TRAIN] tx=96.59% dom=93.67% cons_cos=0.8678
[GRAD]  total=1.405 backbone=1.000 aux=0.750 domain=0.316
[VAL]   tx=99.00% dom=96.05%
[TEST]  overall_tx=89.49% (182552/204000)
[TEST-SPLIT]
          unseen_day_seen_rx(days=['2021_03_15', '2021_03_23'], rxs=[0, 1, 2, 3, 4, 5, 6]): tx=93.10% (78208/84000)
          seen_day_unseen_rx(days=['2021_03_01', '2021_03_08'], rxs=[7, 8, 9, 10, 11]): tx=88.66% (53193/60000)
          unseen_day_unseen_rx(days=['2021_03_15', '2021_03_23'], rxs=[7, 8, 9, 10, 11]): tx=85.25% (51151/60000)
          day=2021_03_15 on seen_rxs=[0, 1, 2, 3, 4, 5, 6]: tx=95.25% (40007/42000)
          day=2021_03_23 on seen_rxs=[0, 1, 2, 3, 4, 5, 6]: tx=90.95% (38201/42000)
          rx=7 on seen_days=['2021_03_01', '2021_03_08']: tx=81.92% (9830/12000)
          rx=8 on seen_days=['2021_03_01', '2021_03_08']: tx=85.08% (10209/12000)
          rx=9 on seen_days=['2021_03_01', '2021_03_08']: tx=90.19% (10823/12000)
          rx=10 on seen_days=['2021_03_01', '2021_03_08']: tx=93.25% (11190/12000)
          rx=11 on seen_days=['2021_03_01', '2021_03_08']: tx=92.84% (11141/12000)
[BEST-JOINT]  val_tx=99.05% & test_tx=89.18% @ E150
[CKPT]  latest -> finalist_runs/B2_A2_light_seed1337/latest_model.pth (saved) | best -> finalist_runs/B2_A2_light_seed1337/best_model_val.pth
====================================================================================================================================
[SAT-TEST] scenario=clear_leo selected=test_unseen_day_unseen_rx overall_tx=44.69% strict_udu=44.69% (26812/60000)
[SAT-TEST] scenario=low_elev_leo selected=test_unseen_day_unseen_rx overall_tx=45.56% strict_udu=45.56% (27336/60000)
[SAT-TEST] scenario=rain_leo selected=test_unseen_day_unseen_rx overall_tx=42.80% strict_udu=42.80% (25678/60000)
[SAT-TEST] scenario=storm_mp selected=test_unseen_day_unseen_rx overall_tx=38.90% strict_udu=38.90% (23337/60000)
[SAT-TEST] scenario=mixed_orbit selected=test_unseen_day_unseen_rx overall_tx=40.96% strict_udu=40.96% (24576/60000)
[BEST-TEST] overall=90.23% @ E118 -> finalist_runs/B2_A2_light_seed1337/best_model_test_overall.pth | unseen_day_unseen_rx=85.84% @ E123 -> finalist_runs/B2_A2_light_seed1337/best_model_strict_udu.pth | unseen_day_seen_rx=94.24% @ E080 | seen_day_unseen_rx=90.24% @ E118
[BEST-PRIMARY] score=87.23 @ E123 -> finalist_runs/B2_A2_light_seed1337/best_model_primary_ood.pth | overall=89.82% strict_udu=85.84%
[BEST-WORST-RX] worst_rx=85.09% (test_rx_8) @ E118 -> finalist_runs/B2_A2_light_seed1337/best_model_worst_rx.pth
====================================================================================================================================
[Epoch 186/200] time=85.3s | lr=3.40e-06 | aux_scale=1.000
[STAGE] phase=S3_refine_aux_late_stable | use_aux=1.0 cons=0.45 cls_aux=0.25 reg=0.25 joint_inv=0.08 kl=0.16 group_ce=0.80
[MIXSTYLE-EPOCH] phase=late_anneal enabled=1 p=0.050 strength=0.350 anneal_t=1.000
[AUG] scale=0.200 | p_dac=0.000 p_pa=0.028 p_shift=0.070 p_cfo=0.070 p_awgn=0.080 p_mp=0.036 | max_shift=6 cfo_max=8e-05 pn_max=0.0012
------------------------------------------------------------------------------------------------------------------------------------
[LOSS-CORE] total=2.0653 cls=0.4947 dom=0.1534 adv=2.6247 orth=0.0028 cons=0.1316 group_ce=1.0170
[LOSS-AUX]  cls_pa=0.7703 cls_dac=0.0000 pa_joint_inv=0.1840 pa_kl=0.6072 dac_reg=0.0000 pa_reg=0.0146 gap_dac=0.0000 gap_pa=0.2691 cos_joint_pa=0.8160 cos_imp_pa=nan
[LOSS-SAT]  cls_sat=8.9587 sat_cons=0.7284 sat_cos=0.2716
[LOSS-DG]   proto=0.0000 proto_cos=nan supcon=0.0000 fishr=0.0005 sgc_res=0.0000
[LOSS-CAL]  ecc=0.0000 ecc_w=0.0000 ecc_tau=0.9500 ecc_maxp=nan
[TRAIN] tx=96.67% dom=94.21% cons_cos=0.8684
[GRAD]  total=1.449 backbone=1.000 aux=0.750 domain=0.324
[VAL]   tx=98.99% dom=96.06%
[TEST]  overall_tx=89.66% (182897/204000)
[TEST-SPLIT]
          unseen_day_seen_rx(days=['2021_03_15', '2021_03_23'], rxs=[0, 1, 2, 3, 4, 5, 6]): tx=93.25% (78332/84000)
          seen_day_unseen_rx(days=['2021_03_01', '2021_03_08'], rxs=[7, 8, 9, 10, 11]): tx=88.85% (53312/60000)
          unseen_day_unseen_rx(days=['2021_03_15', '2021_03_23'], rxs=[7, 8, 9, 10, 11]): tx=85.42% (51253/60000)
          day=2021_03_15 on seen_rxs=[0, 1, 2, 3, 4, 5, 6]: tx=95.51% (40114/42000)
          day=2021_03_23 on seen_rxs=[0, 1, 2, 3, 4, 5, 6]: tx=91.00% (38218/42000)
          rx=7 on seen_days=['2021_03_01', '2021_03_08']: tx=82.58% (9909/12000)
          rx=8 on seen_days=['2021_03_01', '2021_03_08']: tx=85.09% (10211/12000)
          rx=9 on seen_days=['2021_03_01', '2021_03_08']: tx=90.27% (10832/12000)
          rx=10 on seen_days=['2021_03_01', '2021_03_08']: tx=93.37% (11204/12000)
          rx=11 on seen_days=['2021_03_01', '2021_03_08']: tx=92.97% (11156/12000)
[BEST-JOINT]  val_tx=99.05% & test_tx=89.18% @ E150
[CKPT]  latest -> finalist_runs/B2_A2_light_seed1337/latest_model.pth (saved) | best -> finalist_runs/B2_A2_light_seed1337/best_model_val.pth
====================================================================================================================================
[SAT-TEST] scenario=clear_leo selected=test_unseen_day_unseen_rx overall_tx=45.04% strict_udu=45.04% (27023/60000)
[SAT-TEST] scenario=low_elev_leo selected=test_unseen_day_unseen_rx overall_tx=45.81% strict_udu=45.81% (27484/60000)
[SAT-TEST] scenario=rain_leo selected=test_unseen_day_unseen_rx overall_tx=43.11% strict_udu=43.11% (25866/60000)
[SAT-TEST] scenario=storm_mp selected=test_unseen_day_unseen_rx overall_tx=39.07% strict_udu=39.07% (23443/60000)
[SAT-TEST] scenario=mixed_orbit selected=test_unseen_day_unseen_rx overall_tx=41.36% strict_udu=41.36% (24818/60000)
[BEST-TEST] overall=90.23% @ E118 -> finalist_runs/B2_A2_light_seed1337/best_model_test_overall.pth | unseen_day_unseen_rx=85.84% @ E123 -> finalist_runs/B2_A2_light_seed1337/best_model_strict_udu.pth | unseen_day_seen_rx=94.24% @ E080 | seen_day_unseen_rx=90.24% @ E118
[BEST-PRIMARY] score=87.23 @ E123 -> finalist_runs/B2_A2_light_seed1337/best_model_primary_ood.pth | overall=89.82% strict_udu=85.84%
[BEST-WORST-RX] worst_rx=85.09% (test_rx_8) @ E118 -> finalist_runs/B2_A2_light_seed1337/best_model_worst_rx.pth
====================================================================================================================================
[Epoch 187/200] time=90.7s | lr=3.07e-06 | aux_scale=1.000
[STAGE] phase=S3_refine_aux_late_stable | use_aux=1.0 cons=0.45 cls_aux=0.25 reg=0.25 joint_inv=0.08 kl=0.16 group_ce=0.80
[MIXSTYLE-EPOCH] phase=late_anneal enabled=1 p=0.050 strength=0.350 anneal_t=1.000
[AUG] scale=0.200 | p_dac=0.000 p_pa=0.028 p_shift=0.070 p_cfo=0.070 p_awgn=0.080 p_mp=0.036 | max_shift=6 cfo_max=8e-05 pn_max=0.0012
------------------------------------------------------------------------------------------------------------------------------------
[LOSS-CORE] total=2.5261 cls=0.8373 dom=0.2360 adv=2.6268 orth=0.0027 cons=0.1496 group_ce=1.4732
[LOSS-AUX]  cls_pa=0.7744 cls_dac=0.0000 pa_joint_inv=0.1882 pa_kl=0.6156 dac_reg=0.0000 pa_reg=0.0143 gap_dac=0.0000 gap_pa=0.2788 cos_joint_pa=0.8118 cos_imp_pa=nan
[LOSS-SAT]  cls_sat=8.9082 sat_cons=0.7280 sat_cos=0.2720
[LOSS-DG]   proto=0.0000 proto_cos=nan supcon=0.0000 fishr=0.0008 sgc_res=0.0000
[LOSS-CAL]  ecc=0.0000 ecc_w=0.0000 ecc_tau=0.9500 ecc_maxp=nan
[TRAIN] tx=93.96% dom=91.57% cons_cos=0.8504
[GRAD]  total=1.588 backbone=1.000 aux=0.750 domain=0.346
[VAL]   tx=99.04% dom=96.02%
[TEST]  overall_tx=89.52% (182620/204000)
[TEST-SPLIT]
          unseen_day_seen_rx(days=['2021_03_15', '2021_03_23'], rxs=[0, 1, 2, 3, 4, 5, 6]): tx=93.27% (78349/84000)
          seen_day_unseen_rx(days=['2021_03_01', '2021_03_08'], rxs=[7, 8, 9, 10, 11]): tx=88.77% (53260/60000)
          unseen_day_unseen_rx(days=['2021_03_15', '2021_03_23'], rxs=[7, 8, 9, 10, 11]): tx=85.02% (51011/60000)
          day=2021_03_15 on seen_rxs=[0, 1, 2, 3, 4, 5, 6]: tx=95.40% (40069/42000)
          day=2021_03_23 on seen_rxs=[0, 1, 2, 3, 4, 5, 6]: tx=91.14% (38280/42000)
          rx=7 on seen_days=['2021_03_01', '2021_03_08']: tx=82.46% (9895/12000)
          rx=8 on seen_days=['2021_03_01', '2021_03_08']: tx=85.01% (10201/12000)
          rx=9 on seen_days=['2021_03_01', '2021_03_08']: tx=90.33% (10839/12000)
          rx=10 on seen_days=['2021_03_01', '2021_03_08']: tx=93.38% (11205/12000)
          rx=11 on seen_days=['2021_03_01', '2021_03_08']: tx=92.67% (11120/12000)
[BEST-JOINT]  val_tx=99.05% & test_tx=89.18% @ E150
[CKPT]  latest -> finalist_runs/B2_A2_light_seed1337/latest_model.pth (saved) | best -> finalist_runs/B2_A2_light_seed1337/best_model_val.pth
====================================================================================================================================
[SAT-TEST] scenario=clear_leo selected=test_unseen_day_unseen_rx overall_tx=44.63% strict_udu=44.63% (26777/60000)
[SAT-TEST] scenario=low_elev_leo selected=test_unseen_day_unseen_rx overall_tx=45.48% strict_udu=45.48% (27286/60000)
[SAT-TEST] scenario=rain_leo selected=test_unseen_day_unseen_rx overall_tx=42.66% strict_udu=42.66% (25599/60000)
[SAT-TEST] scenario=storm_mp selected=test_unseen_day_unseen_rx overall_tx=38.92% strict_udu=38.92% (23351/60000)
[SAT-TEST] scenario=mixed_orbit selected=test_unseen_day_unseen_rx overall_tx=40.82% strict_udu=40.82% (24490/60000)
[BEST-TEST] overall=90.23% @ E118 -> finalist_runs/B2_A2_light_seed1337/best_model_test_overall.pth | unseen_day_unseen_rx=85.84% @ E123 -> finalist_runs/B2_A2_light_seed1337/best_model_strict_udu.pth | unseen_day_seen_rx=94.24% @ E080 | seen_day_unseen_rx=90.24% @ E118
[BEST-PRIMARY] score=87.23 @ E123 -> finalist_runs/B2_A2_light_seed1337/best_model_primary_ood.pth | overall=89.82% strict_udu=85.84%
[BEST-WORST-RX] worst_rx=85.09% (test_rx_8) @ E118 -> finalist_runs/B2_A2_light_seed1337/best_model_worst_rx.pth
====================================================================================================================================
[Epoch 188/200] time=84.9s | lr=2.76e-06 | aux_scale=1.000
[STAGE] phase=S3_refine_aux_late_stable | use_aux=1.0 cons=0.45 cls_aux=0.25 reg=0.25 joint_inv=0.08 kl=0.16 group_ce=0.80
[MIXSTYLE-EPOCH] phase=late_anneal enabled=1 p=0.050 strength=0.350 anneal_t=1.000
[AUG] scale=0.200 | p_dac=0.000 p_pa=0.028 p_shift=0.070 p_cfo=0.070 p_awgn=0.080 p_mp=0.036 | max_shift=6 cfo_max=8e-05 pn_max=0.0012
------------------------------------------------------------------------------------------------------------------------------------
[LOSS-CORE] total=2.3617 cls=0.7015 dom=0.2295 adv=2.6242 orth=0.0028 cons=0.1384 group_ce=1.2539
[LOSS-AUX]  cls_pa=0.7762 cls_dac=0.0000 pa_joint_inv=0.1872 pa_kl=0.6156 dac_reg=0.0000 pa_reg=0.0145 gap_dac=0.0000 gap_pa=0.2738 cos_joint_pa=0.8128 cos_imp_pa=nan
[LOSS-SAT]  cls_sat=8.8419 sat_cons=0.7227 sat_cos=0.2773
[LOSS-DG]   proto=0.0000 proto_cos=nan supcon=0.0000 fishr=0.0006 sgc_res=0.0000
[LOSS-CAL]  ecc=0.0000 ecc_w=0.0000 ecc_tau=0.9500 ecc_maxp=nan
[TRAIN] tx=94.96% dom=92.55% cons_cos=0.8616
[GRAD]  total=1.558 backbone=1.000 aux=0.750 domain=0.330
[VAL]   tx=99.03% dom=96.07%
[TEST]  overall_tx=89.57% (182732/204000)
[TEST-SPLIT]
          unseen_day_seen_rx(days=['2021_03_15', '2021_03_23'], rxs=[0, 1, 2, 3, 4, 5, 6]): tx=93.27% (78348/84000)
          seen_day_unseen_rx(days=['2021_03_01', '2021_03_08'], rxs=[7, 8, 9, 10, 11]): tx=88.81% (53286/60000)
          unseen_day_unseen_rx(days=['2021_03_15', '2021_03_23'], rxs=[7, 8, 9, 10, 11]): tx=85.16% (51098/60000)
          day=2021_03_15 on seen_rxs=[0, 1, 2, 3, 4, 5, 6]: tx=95.56% (40134/42000)
          day=2021_03_23 on seen_rxs=[0, 1, 2, 3, 4, 5, 6]: tx=90.99% (38214/42000)
          rx=7 on seen_days=['2021_03_01', '2021_03_08']: tx=82.33% (9880/12000)
          rx=8 on seen_days=['2021_03_01', '2021_03_08']: tx=85.22% (10227/12000)
          rx=9 on seen_days=['2021_03_01', '2021_03_08']: tx=90.47% (10856/12000)
          rx=10 on seen_days=['2021_03_01', '2021_03_08']: tx=93.28% (11193/12000)
          rx=11 on seen_days=['2021_03_01', '2021_03_08']: tx=92.75% (11130/12000)
[BEST-JOINT]  val_tx=99.05% & test_tx=89.18% @ E150
[CKPT]  latest -> finalist_runs/B2_A2_light_seed1337/latest_model.pth (saved) | best -> finalist_runs/B2_A2_light_seed1337/best_model_val.pth
====================================================================================================================================
[SAT-TEST] scenario=clear_leo selected=test_unseen_day_unseen_rx overall_tx=44.86% strict_udu=44.86% (26918/60000)
[SAT-TEST] scenario=low_elev_leo selected=test_unseen_day_unseen_rx overall_tx=45.73% strict_udu=45.73% (27441/60000)
[SAT-TEST] scenario=rain_leo selected=test_unseen_day_unseen_rx overall_tx=42.91% strict_udu=42.91% (25748/60000)
[SAT-TEST] scenario=storm_mp selected=test_unseen_day_unseen_rx overall_tx=39.03% strict_udu=39.03% (23416/60000)
[SAT-TEST] scenario=mixed_orbit selected=test_unseen_day_unseen_rx overall_tx=41.01% strict_udu=41.01% (24607/60000)
[BEST-TEST] overall=90.23% @ E118 -> finalist_runs/B2_A2_light_seed1337/best_model_test_overall.pth | unseen_day_unseen_rx=85.84% @ E123 -> finalist_runs/B2_A2_light_seed1337/best_model_strict_udu.pth | unseen_day_seen_rx=94.24% @ E080 | seen_day_unseen_rx=90.24% @ E118
[BEST-PRIMARY] score=87.23 @ E123 -> finalist_runs/B2_A2_light_seed1337/best_model_primary_ood.pth | overall=89.82% strict_udu=85.84%
[BEST-WORST-RX] worst_rx=85.09% (test_rx_8) @ E118 -> finalist_runs/B2_A2_light_seed1337/best_model_worst_rx.pth
====================================================================================================================================
[Epoch 189/200] time=87.9s | lr=2.48e-06 | aux_scale=1.000
[STAGE] phase=S3_refine_aux_late_stable | use_aux=1.0 cons=0.45 cls_aux=0.25 reg=0.25 joint_inv=0.08 kl=0.16 group_ce=0.80
[MIXSTYLE-EPOCH] phase=late_anneal enabled=1 p=0.050 strength=0.350 anneal_t=1.000
[AUG] scale=0.200 | p_dac=0.000 p_pa=0.028 p_shift=0.070 p_cfo=0.070 p_awgn=0.080 p_mp=0.036 | max_shift=6 cfo_max=8e-05 pn_max=0.0012
------------------------------------------------------------------------------------------------------------------------------------
[LOSS-CORE] total=2.6347 cls=0.9336 dom=0.2344 adv=2.6228 orth=0.0026 cons=0.1576 group_ce=1.6210
[LOSS-AUX]  cls_pa=0.7699 cls_dac=0.0000 pa_joint_inv=0.1903 pa_kl=0.6074 dac_reg=0.0000 pa_reg=0.0141 gap_dac=0.0000 gap_pa=0.2807 cos_joint_pa=0.8097 cos_imp_pa=nan
[LOSS-SAT]  cls_sat=8.9778 sat_cons=0.7258 sat_cos=0.2742
[LOSS-DG]   proto=0.0000 proto_cos=nan supcon=0.0000 fishr=0.0009 sgc_res=0.0000
[LOSS-CAL]  ecc=0.0000 ecc_w=0.0000 ecc_tau=0.9500 ecc_maxp=nan
[TRAIN] tx=92.69% dom=91.14% cons_cos=0.8424
[GRAD]  total=1.519 backbone=1.000 aux=0.750 domain=0.347
[VAL]   tx=99.02% dom=96.10%
[TEST]  overall_tx=89.55% (182688/204000)
[TEST-SPLIT]
          unseen_day_seen_rx(days=['2021_03_15', '2021_03_23'], rxs=[0, 1, 2, 3, 4, 5, 6]): tx=93.21% (78296/84000)
          seen_day_unseen_rx(days=['2021_03_01', '2021_03_08'], rxs=[7, 8, 9, 10, 11]): tx=88.77% (53261/60000)
          unseen_day_unseen_rx(days=['2021_03_15', '2021_03_23'], rxs=[7, 8, 9, 10, 11]): tx=85.22% (51131/60000)
          day=2021_03_15 on seen_rxs=[0, 1, 2, 3, 4, 5, 6]: tx=95.41% (40073/42000)
          day=2021_03_23 on seen_rxs=[0, 1, 2, 3, 4, 5, 6]: tx=91.01% (38223/42000)
          rx=7 on seen_days=['2021_03_01', '2021_03_08']: tx=82.17% (9861/12000)
          rx=8 on seen_days=['2021_03_01', '2021_03_08']: tx=85.24% (10229/12000)
          rx=9 on seen_days=['2021_03_01', '2021_03_08']: tx=90.37% (10844/12000)
          rx=10 on seen_days=['2021_03_01', '2021_03_08']: tx=93.17% (11181/12000)
          rx=11 on seen_days=['2021_03_01', '2021_03_08']: tx=92.88% (11146/12000)
[BEST-JOINT]  val_tx=99.05% & test_tx=89.18% @ E150
[CKPT]  latest -> finalist_runs/B2_A2_light_seed1337/latest_model.pth (saved) | best -> finalist_runs/B2_A2_light_seed1337/best_model_val.pth
====================================================================================================================================
[SAT-TEST] scenario=clear_leo selected=test_unseen_day_unseen_rx overall_tx=44.69% strict_udu=44.69% (26814/60000)
[SAT-TEST] scenario=low_elev_leo selected=test_unseen_day_unseen_rx overall_tx=45.57% strict_udu=45.57% (27344/60000)
[SAT-TEST] scenario=rain_leo selected=test_unseen_day_unseen_rx overall_tx=42.71% strict_udu=42.71% (25628/60000)
[SAT-TEST] scenario=storm_mp selected=test_unseen_day_unseen_rx overall_tx=38.91% strict_udu=38.91% (23347/60000)
[SAT-TEST] scenario=mixed_orbit selected=test_unseen_day_unseen_rx overall_tx=41.02% strict_udu=41.02% (24609/60000)
[BEST-TEST] overall=90.23% @ E118 -> finalist_runs/B2_A2_light_seed1337/best_model_test_overall.pth | unseen_day_unseen_rx=85.84% @ E123 -> finalist_runs/B2_A2_light_seed1337/best_model_strict_udu.pth | unseen_day_seen_rx=94.24% @ E080 | seen_day_unseen_rx=90.24% @ E118
[BEST-PRIMARY] score=87.23 @ E123 -> finalist_runs/B2_A2_light_seed1337/best_model_primary_ood.pth | overall=89.82% strict_udu=85.84%
[BEST-WORST-RX] worst_rx=85.09% (test_rx_8) @ E118 -> finalist_runs/B2_A2_light_seed1337/best_model_worst_rx.pth
====================================================================================================================================
[Epoch 190/200] time=82.5s | lr=2.23e-06 | aux_scale=1.000
[STAGE] phase=S3_refine_aux_late_stable | use_aux=1.0 cons=0.45 cls_aux=0.25 reg=0.25 joint_inv=0.08 kl=0.16 group_ce=0.80
[MIXSTYLE-EPOCH] phase=late_anneal enabled=1 p=0.050 strength=0.350 anneal_t=1.000
[AUG] scale=0.200 | p_dac=0.000 p_pa=0.028 p_shift=0.070 p_cfo=0.070 p_awgn=0.080 p_mp=0.036 | max_shift=6 cfo_max=8e-05 pn_max=0.0012
------------------------------------------------------------------------------------------------------------------------------------
[LOSS-CORE] total=2.3510 cls=0.7104 dom=0.1954 adv=2.6231 orth=0.0028 cons=0.1465 group_ce=1.3053
[LOSS-AUX]  cls_pa=0.7960 cls_dac=0.0000 pa_joint_inv=0.1866 pa_kl=0.6333 dac_reg=0.0000 pa_reg=0.0144 gap_dac=0.0000 gap_pa=0.2738 cos_joint_pa=0.8134 cos_imp_pa=nan
[LOSS-SAT]  cls_sat=9.0265 sat_cons=0.7329 sat_cos=0.2671
[LOSS-DG]   proto=0.0000 proto_cos=nan supcon=0.0000 fishr=0.0007 sgc_res=0.0000
[LOSS-CAL]  ecc=0.0000 ecc_w=0.0000 ecc_tau=0.9500 ecc_maxp=nan
[TRAIN] tx=94.41% dom=92.73% cons_cos=0.8535
[GRAD]  total=1.460 backbone=1.000 aux=0.750 domain=0.332
[VAL]   tx=98.98% dom=96.05%
[TEST]  overall_tx=89.58% (182738/204000)
[TEST-SPLIT]
          unseen_day_seen_rx(days=['2021_03_15', '2021_03_23'], rxs=[0, 1, 2, 3, 4, 5, 6]): tx=93.20% (78290/84000)
          seen_day_unseen_rx(days=['2021_03_01', '2021_03_08'], rxs=[7, 8, 9, 10, 11]): tx=88.71% (53228/60000)
          unseen_day_unseen_rx(days=['2021_03_15', '2021_03_23'], rxs=[7, 8, 9, 10, 11]): tx=85.37% (51220/60000)
          day=2021_03_15 on seen_rxs=[0, 1, 2, 3, 4, 5, 6]: tx=95.45% (40089/42000)
          day=2021_03_23 on seen_rxs=[0, 1, 2, 3, 4, 5, 6]: tx=90.95% (38201/42000)
          rx=7 on seen_days=['2021_03_01', '2021_03_08']: tx=82.30% (9876/12000)
          rx=8 on seen_days=['2021_03_01', '2021_03_08']: tx=85.30% (10236/12000)
          rx=9 on seen_days=['2021_03_01', '2021_03_08']: tx=90.21% (10825/12000)
          rx=10 on seen_days=['2021_03_01', '2021_03_08']: tx=93.03% (11164/12000)
          rx=11 on seen_days=['2021_03_01', '2021_03_08']: tx=92.72% (11127/12000)
[BEST-JOINT]  val_tx=99.05% & test_tx=89.18% @ E150
[CKPT]  latest -> finalist_runs/B2_A2_light_seed1337/latest_model.pth (saved) | best -> finalist_runs/B2_A2_light_seed1337/best_model_val.pth
====================================================================================================================================
[SAT-TEST] scenario=clear_leo selected=test_unseen_day_unseen_rx overall_tx=44.76% strict_udu=44.76% (26857/60000)
[SAT-TEST] scenario=low_elev_leo selected=test_unseen_day_unseen_rx overall_tx=45.60% strict_udu=45.60% (27358/60000)
[SAT-TEST] scenario=rain_leo selected=test_unseen_day_unseen_rx overall_tx=42.94% strict_udu=42.94% (25762/60000)
[SAT-TEST] scenario=storm_mp selected=test_unseen_day_unseen_rx overall_tx=38.92% strict_udu=38.92% (23355/60000)
[SAT-TEST] scenario=mixed_orbit selected=test_unseen_day_unseen_rx overall_tx=41.15% strict_udu=41.15% (24687/60000)
[BEST-TEST] overall=90.23% @ E118 -> finalist_runs/B2_A2_light_seed1337/best_model_test_overall.pth | unseen_day_unseen_rx=85.84% @ E123 -> finalist_runs/B2_A2_light_seed1337/best_model_strict_udu.pth | unseen_day_seen_rx=94.24% @ E080 | seen_day_unseen_rx=90.24% @ E118
[BEST-PRIMARY] score=87.23 @ E123 -> finalist_runs/B2_A2_light_seed1337/best_model_primary_ood.pth | overall=89.82% strict_udu=85.84%
[BEST-WORST-RX] worst_rx=85.09% (test_rx_8) @ E118 -> finalist_runs/B2_A2_light_seed1337/best_model_worst_rx.pth
====================================================================================================================================
[Epoch 191/200] time=86.6s | lr=1.99e-06 | aux_scale=1.000
[STAGE] phase=S3_refine_aux_late_stable | use_aux=1.0 cons=0.45 cls_aux=0.25 reg=0.25 joint_inv=0.08 kl=0.16 group_ce=0.80
[MIXSTYLE-EPOCH] phase=late_anneal enabled=1 p=0.050 strength=0.350 anneal_t=1.000
[AUG] scale=0.200 | p_dac=0.000 p_pa=0.028 p_shift=0.070 p_cfo=0.070 p_awgn=0.080 p_mp=0.036 | max_shift=6 cfo_max=8e-05 pn_max=0.0012
------------------------------------------------------------------------------------------------------------------------------------
[LOSS-CORE] total=2.9667 cls=1.1719 dom=0.3006 adv=2.6266 orth=0.0025 cons=0.1637 group_ce=1.9347
[LOSS-AUX]  cls_pa=0.7945 cls_dac=0.0000 pa_joint_inv=0.1884 pa_kl=0.6338 dac_reg=0.0000 pa_reg=0.0141 gap_dac=0.0000 gap_pa=0.2818 cos_joint_pa=0.8116 cos_imp_pa=nan
[LOSS-SAT]  cls_sat=8.9710 sat_cons=0.7235 sat_cos=0.2765
[LOSS-DG]   proto=0.0000 proto_cos=nan supcon=0.0000 fishr=0.0011 sgc_res=0.0000
[LOSS-CAL]  ecc=0.0000 ecc_w=0.0000 ecc_tau=0.9500 ecc_maxp=nan
[TRAIN] tx=90.17% dom=89.01% cons_cos=0.8363
[GRAD]  total=1.572 backbone=1.000 aux=0.750 domain=0.353
[VAL]   tx=99.00% dom=96.03%
[TEST]  overall_tx=89.64% (182863/204000)
[TEST-SPLIT]
          unseen_day_seen_rx(days=['2021_03_15', '2021_03_23'], rxs=[0, 1, 2, 3, 4, 5, 6]): tx=93.23% (78317/84000)
          seen_day_unseen_rx(days=['2021_03_01', '2021_03_08'], rxs=[7, 8, 9, 10, 11]): tx=88.82% (53292/60000)
          unseen_day_unseen_rx(days=['2021_03_15', '2021_03_23'], rxs=[7, 8, 9, 10, 11]): tx=85.42% (51254/60000)
          day=2021_03_15 on seen_rxs=[0, 1, 2, 3, 4, 5, 6]: tx=95.50% (40112/42000)
          day=2021_03_23 on seen_rxs=[0, 1, 2, 3, 4, 5, 6]: tx=90.96% (38205/42000)
          rx=7 on seen_days=['2021_03_01', '2021_03_08']: tx=82.31% (9877/12000)
          rx=8 on seen_days=['2021_03_01', '2021_03_08']: tx=85.38% (10245/12000)
          rx=9 on seen_days=['2021_03_01', '2021_03_08']: tx=90.24% (10829/12000)
          rx=10 on seen_days=['2021_03_01', '2021_03_08']: tx=93.19% (11183/12000)
          rx=11 on seen_days=['2021_03_01', '2021_03_08']: tx=92.98% (11158/12000)
[BEST-JOINT]  val_tx=99.05% & test_tx=89.18% @ E150
[CKPT]  latest -> finalist_runs/B2_A2_light_seed1337/latest_model.pth (saved) | best -> finalist_runs/B2_A2_light_seed1337/best_model_val.pth
====================================================================================================================================
[SAT-TEST] scenario=clear_leo selected=test_unseen_day_unseen_rx overall_tx=44.92% strict_udu=44.92% (26952/60000)
[SAT-TEST] scenario=low_elev_leo selected=test_unseen_day_unseen_rx overall_tx=45.68% strict_udu=45.68% (27408/60000)
[SAT-TEST] scenario=rain_leo selected=test_unseen_day_unseen_rx overall_tx=42.97% strict_udu=42.97% (25779/60000)
[SAT-TEST] scenario=storm_mp selected=test_unseen_day_unseen_rx overall_tx=39.02% strict_udu=39.02% (23411/60000)
[SAT-TEST] scenario=mixed_orbit selected=test_unseen_day_unseen_rx overall_tx=41.23% strict_udu=41.23% (24740/60000)
[BEST-TEST] overall=90.23% @ E118 -> finalist_runs/B2_A2_light_seed1337/best_model_test_overall.pth | unseen_day_unseen_rx=85.84% @ E123 -> finalist_runs/B2_A2_light_seed1337/best_model_strict_udu.pth | unseen_day_seen_rx=94.24% @ E080 | seen_day_unseen_rx=90.24% @ E118
[BEST-PRIMARY] score=87.23 @ E123 -> finalist_runs/B2_A2_light_seed1337/best_model_primary_ood.pth | overall=89.82% strict_udu=85.84%
[BEST-WORST-RX] worst_rx=85.09% (test_rx_8) @ E118 -> finalist_runs/B2_A2_light_seed1337/best_model_worst_rx.pth
====================================================================================================================================
[Epoch 192/200] time=85.5s | lr=1.78e-06 | aux_scale=1.000
[STAGE] phase=S3_refine_aux_late_stable | use_aux=1.0 cons=0.45 cls_aux=0.25 reg=0.25 joint_inv=0.08 kl=0.16 group_ce=0.80
[MIXSTYLE-EPOCH] phase=late_anneal enabled=1 p=0.050 strength=0.350 anneal_t=1.000
[AUG] scale=0.200 | p_dac=0.000 p_pa=0.028 p_shift=0.070 p_cfo=0.070 p_awgn=0.080 p_mp=0.036 | max_shift=6 cfo_max=8e-05 pn_max=0.0012
------------------------------------------------------------------------------------------------------------------------------------
[LOSS-CORE] total=2.5521 cls=0.8620 dom=0.2169 adv=2.6217 orth=0.0026 cons=0.1569 group_ce=1.6354
[LOSS-AUX]  cls_pa=0.8406 cls_dac=0.0000 pa_joint_inv=0.1894 pa_kl=0.6807 dac_reg=0.0000 pa_reg=0.0141 gap_dac=0.0000 gap_pa=0.2790 cos_joint_pa=0.8106 cos_imp_pa=nan
[LOSS-SAT]  cls_sat=9.0153 sat_cons=0.7231 sat_cos=0.2769
[LOSS-DG]   proto=0.0000 proto_cos=nan supcon=0.0000 fishr=0.0010 sgc_res=0.0000
[LOSS-CAL]  ecc=0.0000 ecc_w=0.0000 ecc_tau=0.9500 ecc_maxp=nan
[TRAIN] tx=93.28% dom=91.93% cons_cos=0.8431
[GRAD]  total=1.507 backbone=1.000 aux=0.750 domain=0.340
[VAL]   tx=99.01% dom=96.02%
[TEST]  overall_tx=89.66% (182901/204000)
[TEST-SPLIT]
          unseen_day_seen_rx(days=['2021_03_15', '2021_03_23'], rxs=[0, 1, 2, 3, 4, 5, 6]): tx=93.23% (78314/84000)
          seen_day_unseen_rx(days=['2021_03_01', '2021_03_08'], rxs=[7, 8, 9, 10, 11]): tx=88.90% (53338/60000)
          unseen_day_unseen_rx(days=['2021_03_15', '2021_03_23'], rxs=[7, 8, 9, 10, 11]): tx=85.42% (51249/60000)
          day=2021_03_15 on seen_rxs=[0, 1, 2, 3, 4, 5, 6]: tx=95.48% (40103/42000)
          day=2021_03_23 on seen_rxs=[0, 1, 2, 3, 4, 5, 6]: tx=90.98% (38211/42000)
          rx=7 on seen_days=['2021_03_01', '2021_03_08']: tx=82.36% (9883/12000)
          rx=8 on seen_days=['2021_03_01', '2021_03_08']: tx=85.31% (10237/12000)
          rx=9 on seen_days=['2021_03_01', '2021_03_08']: tx=90.41% (10849/12000)
          rx=10 on seen_days=['2021_03_01', '2021_03_08']: tx=93.28% (11194/12000)
          rx=11 on seen_days=['2021_03_01', '2021_03_08']: tx=93.12% (11175/12000)
[BEST-JOINT]  val_tx=99.05% & test_tx=89.18% @ E150
[CKPT]  latest -> finalist_runs/B2_A2_light_seed1337/latest_model.pth (saved) | best -> finalist_runs/B2_A2_light_seed1337/best_model_val.pth
====================================================================================================================================
[SAT-TEST] scenario=clear_leo selected=test_unseen_day_unseen_rx overall_tx=44.88% strict_udu=44.88% (26927/60000)
[SAT-TEST] scenario=low_elev_leo selected=test_unseen_day_unseen_rx overall_tx=45.68% strict_udu=45.68% (27408/60000)
[SAT-TEST] scenario=rain_leo selected=test_unseen_day_unseen_rx overall_tx=42.91% strict_udu=42.91% (25744/60000)
[SAT-TEST] scenario=storm_mp selected=test_unseen_day_unseen_rx overall_tx=38.96% strict_udu=38.96% (23376/60000)
[SAT-TEST] scenario=mixed_orbit selected=test_unseen_day_unseen_rx overall_tx=41.16% strict_udu=41.16% (24694/60000)
[BEST-TEST] overall=90.23% @ E118 -> finalist_runs/B2_A2_light_seed1337/best_model_test_overall.pth | unseen_day_unseen_rx=85.84% @ E123 -> finalist_runs/B2_A2_light_seed1337/best_model_strict_udu.pth | unseen_day_seen_rx=94.24% @ E080 | seen_day_unseen_rx=90.24% @ E118
[BEST-PRIMARY] score=87.23 @ E123 -> finalist_runs/B2_A2_light_seed1337/best_model_primary_ood.pth | overall=89.82% strict_udu=85.84%
[BEST-WORST-RX] worst_rx=85.09% (test_rx_8) @ E118 -> finalist_runs/B2_A2_light_seed1337/best_model_worst_rx.pth
====================================================================================================================================
[Epoch 193/200] time=93.8s | lr=1.60e-06 | aux_scale=1.000
[STAGE] phase=S3_refine_aux_late_stable | use_aux=1.0 cons=0.45 cls_aux=0.25 reg=0.25 joint_inv=0.08 kl=0.16 group_ce=0.80
[MIXSTYLE-EPOCH] phase=late_anneal enabled=1 p=0.050 strength=0.350 anneal_t=1.000
[AUG] scale=0.200 | p_dac=0.000 p_pa=0.028 p_shift=0.070 p_cfo=0.070 p_awgn=0.080 p_mp=0.036 | max_shift=6 cfo_max=8e-05 pn_max=0.0012
------------------------------------------------------------------------------------------------------------------------------------
[LOSS-CORE] total=2.2699 cls=0.6455 dom=0.1874 adv=2.6257 orth=0.0028 cons=0.1425 group_ce=1.2300
[LOSS-AUX]  cls_pa=0.8276 cls_dac=0.0000 pa_joint_inv=0.1877 pa_kl=0.6686 dac_reg=0.0000 pa_reg=0.0144 gap_dac=0.0000 gap_pa=0.2749 cos_joint_pa=0.8123 cos_imp_pa=nan
[LOSS-SAT]  cls_sat=8.9359 sat_cons=0.7307 sat_cos=0.2693
[LOSS-DG]   proto=0.0000 proto_cos=nan supcon=0.0000 fishr=0.0007 sgc_res=0.0000
[LOSS-CAL]  ecc=0.0000 ecc_w=0.0000 ecc_tau=0.9500 ecc_maxp=nan
[TRAIN] tx=95.21% dom=92.94% cons_cos=0.8575
[GRAD]  total=1.441 backbone=1.000 aux=0.750 domain=0.339
[VAL]   tx=98.96% dom=96.04%
[TEST]  overall_tx=89.42% (182414/204000)
[TEST-SPLIT]
          unseen_day_seen_rx(days=['2021_03_15', '2021_03_23'], rxs=[0, 1, 2, 3, 4, 5, 6]): tx=93.11% (78213/84000)
          seen_day_unseen_rx(days=['2021_03_01', '2021_03_08'], rxs=[7, 8, 9, 10, 11]): tx=88.53% (53120/60000)
          unseen_day_unseen_rx(days=['2021_03_15', '2021_03_23'], rxs=[7, 8, 9, 10, 11]): tx=85.14% (51081/60000)
          day=2021_03_15 on seen_rxs=[0, 1, 2, 3, 4, 5, 6]: tx=95.42% (40075/42000)
          day=2021_03_23 on seen_rxs=[0, 1, 2, 3, 4, 5, 6]: tx=90.80% (38138/42000)
          rx=7 on seen_days=['2021_03_01', '2021_03_08']: tx=82.37% (9884/12000)
          rx=8 on seen_days=['2021_03_01', '2021_03_08']: tx=84.88% (10185/12000)
          rx=9 on seen_days=['2021_03_01', '2021_03_08']: tx=90.17% (10821/12000)
          rx=10 on seen_days=['2021_03_01', '2021_03_08']: tx=93.27% (11192/12000)
          rx=11 on seen_days=['2021_03_01', '2021_03_08']: tx=91.98% (11038/12000)
[BEST-JOINT]  val_tx=99.05% & test_tx=89.18% @ E150
[CKPT]  latest -> finalist_runs/B2_A2_light_seed1337/latest_model.pth (saved) | best -> finalist_runs/B2_A2_light_seed1337/best_model_val.pth
====================================================================================================================================
[SAT-TEST] scenario=clear_leo selected=test_unseen_day_unseen_rx overall_tx=44.79% strict_udu=44.79% (26876/60000)
[SAT-TEST] scenario=low_elev_leo selected=test_unseen_day_unseen_rx overall_tx=45.76% strict_udu=45.76% (27455/60000)
[SAT-TEST] scenario=rain_leo selected=test_unseen_day_unseen_rx overall_tx=43.02% strict_udu=43.02% (25811/60000)
[SAT-TEST] scenario=storm_mp selected=test_unseen_day_unseen_rx overall_tx=38.94% strict_udu=38.94% (23361/60000)
[SAT-TEST] scenario=mixed_orbit selected=test_unseen_day_unseen_rx overall_tx=41.09% strict_udu=41.09% (24654/60000)
[BEST-TEST] overall=90.23% @ E118 -> finalist_runs/B2_A2_light_seed1337/best_model_test_overall.pth | unseen_day_unseen_rx=85.84% @ E123 -> finalist_runs/B2_A2_light_seed1337/best_model_strict_udu.pth | unseen_day_seen_rx=94.24% @ E080 | seen_day_unseen_rx=90.24% @ E118
[BEST-PRIMARY] score=87.23 @ E123 -> finalist_runs/B2_A2_light_seed1337/best_model_primary_ood.pth | overall=89.82% strict_udu=85.84%
[BEST-WORST-RX] worst_rx=85.09% (test_rx_8) @ E118 -> finalist_runs/B2_A2_light_seed1337/best_model_worst_rx.pth
====================================================================================================================================
[Epoch 194/200] time=88.0s | lr=1.44e-06 | aux_scale=1.000
[STAGE] phase=S3_refine_aux_late_stable | use_aux=1.0 cons=0.45 cls_aux=0.25 reg=0.25 joint_inv=0.08 kl=0.16 group_ce=0.80
[MIXSTYLE-EPOCH] phase=late_anneal enabled=1 p=0.050 strength=0.350 anneal_t=1.000
[AUG] scale=0.200 | p_dac=0.000 p_pa=0.028 p_shift=0.070 p_cfo=0.070 p_awgn=0.080 p_mp=0.036 | max_shift=6 cfo_max=8e-05 pn_max=0.0012
------------------------------------------------------------------------------------------------------------------------------------
[LOSS-CORE] total=2.5172 cls=0.8494 dom=0.2139 adv=2.6237 orth=0.0027 cons=0.1510 group_ce=1.5246
[LOSS-AUX]  cls_pa=0.7916 cls_dac=0.0000 pa_joint_inv=0.1888 pa_kl=0.6305 dac_reg=0.0000 pa_reg=0.0143 gap_dac=0.0000 gap_pa=0.2826 cos_joint_pa=0.8112 cos_imp_pa=nan
[LOSS-SAT]  cls_sat=8.8541 sat_cons=0.7178 sat_cos=0.2822
[LOSS-DG]   proto=0.0000 proto_cos=nan supcon=0.0000 fishr=0.0009 sgc_res=0.0000
[LOSS-CAL]  ecc=0.0000 ecc_w=0.0000 ecc_tau=0.9500 ecc_maxp=nan
[TRAIN] tx=93.62% dom=91.88% cons_cos=0.8491
[GRAD]  total=1.448 backbone=1.000 aux=0.750 domain=0.329
[VAL]   tx=98.97% dom=96.06%
[TEST]  overall_tx=89.50% (182580/204000)
[TEST-SPLIT]
          unseen_day_seen_rx(days=['2021_03_15', '2021_03_23'], rxs=[0, 1, 2, 3, 4, 5, 6]): tx=93.18% (78268/84000)
          seen_day_unseen_rx(days=['2021_03_01', '2021_03_08'], rxs=[7, 8, 9, 10, 11]): tx=88.64% (53187/60000)
          unseen_day_unseen_rx(days=['2021_03_15', '2021_03_23'], rxs=[7, 8, 9, 10, 11]): tx=85.21% (51125/60000)
          day=2021_03_15 on seen_rxs=[0, 1, 2, 3, 4, 5, 6]: tx=95.45% (40091/42000)
          day=2021_03_23 on seen_rxs=[0, 1, 2, 3, 4, 5, 6]: tx=90.90% (38177/42000)
          rx=7 on seen_days=['2021_03_01', '2021_03_08']: tx=82.40% (9888/12000)
          rx=8 on seen_days=['2021_03_01', '2021_03_08']: tx=85.00% (10200/12000)
          rx=9 on seen_days=['2021_03_01', '2021_03_08']: tx=90.18% (10822/12000)
          rx=10 on seen_days=['2021_03_01', '2021_03_08']: tx=93.32% (11198/12000)
          rx=11 on seen_days=['2021_03_01', '2021_03_08']: tx=92.33% (11079/12000)
[BEST-JOINT]  val_tx=99.05% & test_tx=89.18% @ E150
[CKPT]  latest -> finalist_runs/B2_A2_light_seed1337/latest_model.pth (saved) | best -> finalist_runs/B2_A2_light_seed1337/best_model_val.pth
====================================================================================================================================
[SAT-TEST] scenario=clear_leo selected=test_unseen_day_unseen_rx overall_tx=44.76% strict_udu=44.76% (26854/60000)
[SAT-TEST] scenario=low_elev_leo selected=test_unseen_day_unseen_rx overall_tx=45.67% strict_udu=45.67% (27403/60000)
[SAT-TEST] scenario=rain_leo selected=test_unseen_day_unseen_rx overall_tx=42.90% strict_udu=42.90% (25742/60000)
[SAT-TEST] scenario=storm_mp selected=test_unseen_day_unseen_rx overall_tx=38.98% strict_udu=38.98% (23390/60000)
[SAT-TEST] scenario=mixed_orbit selected=test_unseen_day_unseen_rx overall_tx=41.02% strict_udu=41.02% (24614/60000)
[BEST-TEST] overall=90.23% @ E118 -> finalist_runs/B2_A2_light_seed1337/best_model_test_overall.pth | unseen_day_unseen_rx=85.84% @ E123 -> finalist_runs/B2_A2_light_seed1337/best_model_strict_udu.pth | unseen_day_seen_rx=94.24% @ E080 | seen_day_unseen_rx=90.24% @ E118
[BEST-PRIMARY] score=87.23 @ E123 -> finalist_runs/B2_A2_light_seed1337/best_model_primary_ood.pth | overall=89.82% strict_udu=85.84%
[BEST-WORST-RX] worst_rx=85.09% (test_rx_8) @ E118 -> finalist_runs/B2_A2_light_seed1337/best_model_worst_rx.pth
====================================================================================================================================
[Epoch 195/200] time=84.5s | lr=1.31e-06 | aux_scale=1.000
[STAGE] phase=S3_refine_aux_late_stable | use_aux=1.0 cons=0.45 cls_aux=0.25 reg=0.25 joint_inv=0.08 kl=0.16 group_ce=0.80
[MIXSTYLE-EPOCH] phase=late_anneal enabled=1 p=0.050 strength=0.350 anneal_t=1.000
[AUG] scale=0.200 | p_dac=0.000 p_pa=0.028 p_shift=0.070 p_cfo=0.070 p_awgn=0.080 p_mp=0.036 | max_shift=6 cfo_max=8e-05 pn_max=0.0012
------------------------------------------------------------------------------------------------------------------------------------
[LOSS-CORE] total=2.5921 cls=0.9034 dom=0.2242 adv=2.6221 orth=0.0027 cons=0.1542 group_ce=1.5927
[LOSS-AUX]  cls_pa=0.7963 cls_dac=0.0000 pa_joint_inv=0.1860 pa_kl=0.6378 dac_reg=0.0000 pa_reg=0.0146 gap_dac=0.0000 gap_pa=0.2704 cos_joint_pa=0.8140 cos_imp_pa=nan
[LOSS-SAT]  cls_sat=8.9546 sat_cons=0.7271 sat_cos=0.2729
[LOSS-DG]   proto=0.0000 proto_cos=nan supcon=0.0000 fishr=0.0010 sgc_res=0.0000
[LOSS-CAL]  ecc=0.0000 ecc_w=0.0000 ecc_tau=0.9500 ecc_maxp=nan
[TRAIN] tx=92.71% dom=91.59% cons_cos=0.8458
[GRAD]  total=1.476 backbone=1.000 aux=0.749 domain=0.338
[VAL]   tx=98.99% dom=96.03%
[TEST]  overall_tx=89.49% (182550/204000)
[TEST-SPLIT]
          unseen_day_seen_rx(days=['2021_03_15', '2021_03_23'], rxs=[0, 1, 2, 3, 4, 5, 6]): tx=93.14% (78237/84000)
          seen_day_unseen_rx(days=['2021_03_01', '2021_03_08'], rxs=[7, 8, 9, 10, 11]): tx=88.62% (53172/60000)
          unseen_day_unseen_rx(days=['2021_03_15', '2021_03_23'], rxs=[7, 8, 9, 10, 11]): tx=85.23% (51141/60000)
          day=2021_03_15 on seen_rxs=[0, 1, 2, 3, 4, 5, 6]: tx=95.35% (40049/42000)
          day=2021_03_23 on seen_rxs=[0, 1, 2, 3, 4, 5, 6]: tx=90.92% (38188/42000)
          rx=7 on seen_days=['2021_03_01', '2021_03_08']: tx=82.22% (9867/12000)
          rx=8 on seen_days=['2021_03_01', '2021_03_08']: tx=85.12% (10215/12000)
          rx=9 on seen_days=['2021_03_01', '2021_03_08']: tx=90.13% (10816/12000)
          rx=10 on seen_days=['2021_03_01', '2021_03_08']: tx=93.16% (11179/12000)
          rx=11 on seen_days=['2021_03_01', '2021_03_08']: tx=92.46% (11095/12000)
[BEST-JOINT]  val_tx=99.05% & test_tx=89.18% @ E150
[CKPT]  latest -> finalist_runs/B2_A2_light_seed1337/latest_model.pth (saved) | best -> finalist_runs/B2_A2_light_seed1337/best_model_val.pth
====================================================================================================================================
[SAT-TEST] scenario=clear_leo selected=test_unseen_day_unseen_rx overall_tx=44.68% strict_udu=44.68% (26809/60000)
[SAT-TEST] scenario=low_elev_leo selected=test_unseen_day_unseen_rx overall_tx=45.51% strict_udu=45.51% (27308/60000)
[SAT-TEST] scenario=rain_leo selected=test_unseen_day_unseen_rx overall_tx=42.75% strict_udu=42.75% (25651/60000)
[SAT-TEST] scenario=storm_mp selected=test_unseen_day_unseen_rx overall_tx=38.90% strict_udu=38.90% (23342/60000)
[SAT-TEST] scenario=mixed_orbit selected=test_unseen_day_unseen_rx overall_tx=40.95% strict_udu=40.95% (24573/60000)
[BEST-TEST] overall=90.23% @ E118 -> finalist_runs/B2_A2_light_seed1337/best_model_test_overall.pth | unseen_day_unseen_rx=85.84% @ E123 -> finalist_runs/B2_A2_light_seed1337/best_model_strict_udu.pth | unseen_day_seen_rx=94.24% @ E080 | seen_day_unseen_rx=90.24% @ E118
[BEST-PRIMARY] score=87.23 @ E123 -> finalist_runs/B2_A2_light_seed1337/best_model_primary_ood.pth | overall=89.82% strict_udu=85.84%
[BEST-WORST-RX] worst_rx=85.09% (test_rx_8) @ E118 -> finalist_runs/B2_A2_light_seed1337/best_model_worst_rx.pth
====================================================================================================================================
[Epoch 196/200] time=84.8s | lr=1.20e-06 | aux_scale=1.000
[STAGE] phase=S3_refine_aux_late_stable | use_aux=1.0 cons=0.45 cls_aux=0.25 reg=0.25 joint_inv=0.08 kl=0.16 group_ce=0.80
[MIXSTYLE-EPOCH] phase=late_anneal enabled=1 p=0.050 strength=0.350 anneal_t=1.000
[AUG] scale=0.200 | p_dac=0.000 p_pa=0.028 p_shift=0.070 p_cfo=0.070 p_awgn=0.080 p_mp=0.036 | max_shift=6 cfo_max=8e-05 pn_max=0.0012
------------------------------------------------------------------------------------------------------------------------------------
[LOSS-CORE] total=2.3954 cls=0.7351 dom=0.2168 adv=2.6251 orth=0.0026 cons=0.1453 group_ce=1.3464
[LOSS-AUX]  cls_pa=0.8169 cls_dac=0.0000 pa_joint_inv=0.1879 pa_kl=0.6551 dac_reg=0.0000 pa_reg=0.0143 gap_dac=0.0000 gap_pa=0.2756 cos_joint_pa=0.8121 cos_imp_pa=nan
[LOSS-SAT]  cls_sat=8.8965 sat_cons=0.7176 sat_cos=0.2824
[LOSS-DG]   proto=0.0000 proto_cos=nan supcon=0.0000 fishr=0.0008 sgc_res=0.0000
[LOSS-CAL]  ecc=0.0000 ecc_w=0.0000 ecc_tau=0.9500 ecc_maxp=nan
[TRAIN] tx=94.36% dom=91.89% cons_cos=0.8547
[GRAD]  total=1.561 backbone=1.000 aux=0.747 domain=0.347
[VAL]   tx=99.01% dom=96.04%
[TEST]  overall_tx=89.57% (182729/204000)
[TEST-SPLIT]
          unseen_day_seen_rx(days=['2021_03_15', '2021_03_23'], rxs=[0, 1, 2, 3, 4, 5, 6]): tx=93.21% (78293/84000)
          seen_day_unseen_rx(days=['2021_03_01', '2021_03_08'], rxs=[7, 8, 9, 10, 11]): tx=88.80% (53281/60000)
          unseen_day_unseen_rx(days=['2021_03_15', '2021_03_23'], rxs=[7, 8, 9, 10, 11]): tx=85.26% (51155/60000)
          day=2021_03_15 on seen_rxs=[0, 1, 2, 3, 4, 5, 6]: tx=95.42% (40076/42000)
          day=2021_03_23 on seen_rxs=[0, 1, 2, 3, 4, 5, 6]: tx=90.99% (38217/42000)
          rx=7 on seen_days=['2021_03_01', '2021_03_08']: tx=82.31% (9877/12000)
          rx=8 on seen_days=['2021_03_01', '2021_03_08']: tx=85.22% (10227/12000)
          rx=9 on seen_days=['2021_03_01', '2021_03_08']: tx=90.30% (10836/12000)
          rx=10 on seen_days=['2021_03_01', '2021_03_08']: tx=93.26% (11191/12000)
          rx=11 on seen_days=['2021_03_01', '2021_03_08']: tx=92.92% (11150/12000)
[BEST-JOINT]  val_tx=99.05% & test_tx=89.18% @ E150
[CKPT]  latest -> finalist_runs/B2_A2_light_seed1337/latest_model.pth (saved) | best -> finalist_runs/B2_A2_light_seed1337/best_model_val.pth
====================================================================================================================================
[SAT-TEST] scenario=clear_leo selected=test_unseen_day_unseen_rx overall_tx=44.77% strict_udu=44.77% (26863/60000)
[SAT-TEST] scenario=low_elev_leo selected=test_unseen_day_unseen_rx overall_tx=45.52% strict_udu=45.52% (27309/60000)
[SAT-TEST] scenario=rain_leo selected=test_unseen_day_unseen_rx overall_tx=42.74% strict_udu=42.74% (25643/60000)
[SAT-TEST] scenario=storm_mp selected=test_unseen_day_unseen_rx overall_tx=38.98% strict_udu=38.98% (23389/60000)
[SAT-TEST] scenario=mixed_orbit selected=test_unseen_day_unseen_rx overall_tx=41.03% strict_udu=41.03% (24617/60000)
[BEST-TEST] overall=90.23% @ E118 -> finalist_runs/B2_A2_light_seed1337/best_model_test_overall.pth | unseen_day_unseen_rx=85.84% @ E123 -> finalist_runs/B2_A2_light_seed1337/best_model_strict_udu.pth | unseen_day_seen_rx=94.24% @ E080 | seen_day_unseen_rx=90.24% @ E118
[BEST-PRIMARY] score=87.23 @ E123 -> finalist_runs/B2_A2_light_seed1337/best_model_primary_ood.pth | overall=89.82% strict_udu=85.84%
[BEST-WORST-RX] worst_rx=85.09% (test_rx_8) @ E118 -> finalist_runs/B2_A2_light_seed1337/best_model_worst_rx.pth
====================================================================================================================================
[Epoch 197/200] time=87.1s | lr=1.11e-06 | aux_scale=1.000
[STAGE] phase=S3_refine_aux_late_stable | use_aux=1.0 cons=0.45 cls_aux=0.25 reg=0.25 joint_inv=0.08 kl=0.16 group_ce=0.80
[MIXSTYLE-EPOCH] phase=late_anneal enabled=1 p=0.050 strength=0.350 anneal_t=1.000
[AUG] scale=0.200 | p_dac=0.000 p_pa=0.028 p_shift=0.070 p_cfo=0.070 p_awgn=0.080 p_mp=0.036 | max_shift=6 cfo_max=8e-05 pn_max=0.0012
------------------------------------------------------------------------------------------------------------------------------------
[LOSS-CORE] total=2.0891 cls=0.5163 dom=0.1577 adv=2.6265 orth=0.0028 cons=0.1308 group_ce=1.0264
[LOSS-AUX]  cls_pa=0.7893 cls_dac=0.0000 pa_joint_inv=0.1878 pa_kl=0.6376 dac_reg=0.0000 pa_reg=0.0142 gap_dac=0.0000 gap_pa=0.2759 cos_joint_pa=0.8122 cos_imp_pa=nan
[LOSS-SAT]  cls_sat=8.8687 sat_cons=0.7275 sat_cos=0.2725
[LOSS-DG]   proto=0.0000 proto_cos=nan supcon=0.0000 fishr=0.0004 sgc_res=0.0000
[LOSS-CAL]  ecc=0.0000 ecc_w=0.0000 ecc_tau=0.9500 ecc_maxp=nan
[TRAIN] tx=96.32% dom=93.95% cons_cos=0.8692
[GRAD]  total=1.422 backbone=1.000 aux=0.750 domain=0.323
[VAL]   tx=98.99% dom=96.03%
[TEST]  overall_tx=89.49% (182559/204000)
[TEST-SPLIT]
          unseen_day_seen_rx(days=['2021_03_15', '2021_03_23'], rxs=[0, 1, 2, 3, 4, 5, 6]): tx=93.18% (78268/84000)
          seen_day_unseen_rx(days=['2021_03_01', '2021_03_08'], rxs=[7, 8, 9, 10, 11]): tx=88.65% (53188/60000)
          unseen_day_unseen_rx(days=['2021_03_15', '2021_03_23'], rxs=[7, 8, 9, 10, 11]): tx=85.17% (51103/60000)
          day=2021_03_15 on seen_rxs=[0, 1, 2, 3, 4, 5, 6]: tx=95.42% (40077/42000)
          day=2021_03_23 on seen_rxs=[0, 1, 2, 3, 4, 5, 6]: tx=90.93% (38191/42000)
          rx=7 on seen_days=['2021_03_01', '2021_03_08']: tx=82.29% (9875/12000)
          rx=8 on seen_days=['2021_03_01', '2021_03_08']: tx=84.99% (10199/12000)
          rx=9 on seen_days=['2021_03_01', '2021_03_08']: tx=90.21% (10825/12000)
          rx=10 on seen_days=['2021_03_01', '2021_03_08']: tx=93.31% (11197/12000)
          rx=11 on seen_days=['2021_03_01', '2021_03_08']: tx=92.43% (11092/12000)
[BEST-JOINT]  val_tx=99.05% & test_tx=89.18% @ E150
[CKPT]  latest -> finalist_runs/B2_A2_light_seed1337/latest_model.pth (saved) | best -> finalist_runs/B2_A2_light_seed1337/best_model_val.pth
====================================================================================================================================
[SAT-TEST] scenario=clear_leo selected=test_unseen_day_unseen_rx overall_tx=44.77% strict_udu=44.77% (26860/60000)
[SAT-TEST] scenario=low_elev_leo selected=test_unseen_day_unseen_rx overall_tx=45.62% strict_udu=45.62% (27374/60000)
[SAT-TEST] scenario=rain_leo selected=test_unseen_day_unseen_rx overall_tx=42.84% strict_udu=42.84% (25707/60000)
[SAT-TEST] scenario=storm_mp selected=test_unseen_day_unseen_rx overall_tx=38.96% strict_udu=38.96% (23376/60000)
[SAT-TEST] scenario=mixed_orbit selected=test_unseen_day_unseen_rx overall_tx=40.98% strict_udu=40.98% (24589/60000)
[BEST-TEST] overall=90.23% @ E118 -> finalist_runs/B2_A2_light_seed1337/best_model_test_overall.pth | unseen_day_unseen_rx=85.84% @ E123 -> finalist_runs/B2_A2_light_seed1337/best_model_strict_udu.pth | unseen_day_seen_rx=94.24% @ E080 | seen_day_unseen_rx=90.24% @ E118
[BEST-PRIMARY] score=87.23 @ E123 -> finalist_runs/B2_A2_light_seed1337/best_model_primary_ood.pth | overall=89.82% strict_udu=85.84%
[BEST-WORST-RX] worst_rx=85.09% (test_rx_8) @ E118 -> finalist_runs/B2_A2_light_seed1337/best_model_worst_rx.pth
====================================================================================================================================
[Epoch 198/200] time=85.3s | lr=1.05e-06 | aux_scale=1.000
[STAGE] phase=S3_refine_aux_late_stable | use_aux=1.0 cons=0.45 cls_aux=0.25 reg=0.25 joint_inv=0.08 kl=0.16 group_ce=0.80
[MIXSTYLE-EPOCH] phase=late_anneal enabled=1 p=0.050 strength=0.350 anneal_t=1.000
[AUG] scale=0.200 | p_dac=0.000 p_pa=0.028 p_shift=0.070 p_cfo=0.070 p_awgn=0.080 p_mp=0.036 | max_shift=6 cfo_max=8e-05 pn_max=0.0012
------------------------------------------------------------------------------------------------------------------------------------
[LOSS-CORE] total=2.4091 cls=0.7604 dom=0.2037 adv=2.6293 orth=0.0026 cons=0.1374 group_ce=1.3127
[LOSS-AUX]  cls_pa=0.7524 cls_dac=0.0000 pa_joint_inv=0.1852 pa_kl=0.5930 dac_reg=0.0000 pa_reg=0.0145 gap_dac=0.0000 gap_pa=0.2716 cos_joint_pa=0.8148 cos_imp_pa=nan
[LOSS-SAT]  cls_sat=9.0238 sat_cons=0.7320 sat_cos=0.2680
[LOSS-DG]   proto=0.0000 proto_cos=nan supcon=0.0000 fishr=0.0007 sgc_res=0.0000
[LOSS-CAL]  ecc=0.0000 ecc_w=0.0000 ecc_tau=0.9500 ecc_maxp=nan
[TRAIN] tx=94.20% dom=92.26% cons_cos=0.8626
[GRAD]  total=1.422 backbone=1.000 aux=0.750 domain=0.307
[VAL]   tx=98.99% dom=96.08%
[TEST]  overall_tx=89.55% (182679/204000)
[TEST-SPLIT]
          unseen_day_seen_rx(days=['2021_03_15', '2021_03_23'], rxs=[0, 1, 2, 3, 4, 5, 6]): tx=93.21% (78297/84000)
          seen_day_unseen_rx(days=['2021_03_01', '2021_03_08'], rxs=[7, 8, 9, 10, 11]): tx=88.72% (53232/60000)
          unseen_day_unseen_rx(days=['2021_03_15', '2021_03_23'], rxs=[7, 8, 9, 10, 11]): tx=85.25% (51150/60000)
          day=2021_03_15 on seen_rxs=[0, 1, 2, 3, 4, 5, 6]: tx=95.50% (40108/42000)
          day=2021_03_23 on seen_rxs=[0, 1, 2, 3, 4, 5, 6]: tx=90.93% (38189/42000)
          rx=7 on seen_days=['2021_03_01', '2021_03_08']: tx=82.33% (9880/12000)
          rx=8 on seen_days=['2021_03_01', '2021_03_08']: tx=85.16% (10219/12000)
          rx=9 on seen_days=['2021_03_01', '2021_03_08']: tx=90.22% (10827/12000)
          rx=10 on seen_days=['2021_03_01', '2021_03_08']: tx=93.27% (11192/12000)
          rx=11 on seen_days=['2021_03_01', '2021_03_08']: tx=92.62% (11114/12000)
[BEST-JOINT]  val_tx=99.05% & test_tx=89.18% @ E150
[CKPT]  latest -> finalist_runs/B2_A2_light_seed1337/latest_model.pth (saved) | best -> finalist_runs/B2_A2_light_seed1337/best_model_val.pth
====================================================================================================================================
[SAT-TEST] scenario=clear_leo selected=test_unseen_day_unseen_rx overall_tx=44.86% strict_udu=44.86% (26915/60000)
[SAT-TEST] scenario=low_elev_leo selected=test_unseen_day_unseen_rx overall_tx=45.71% strict_udu=45.71% (27427/60000)
[SAT-TEST] scenario=rain_leo selected=test_unseen_day_unseen_rx overall_tx=42.94% strict_udu=42.94% (25763/60000)
[SAT-TEST] scenario=storm_mp selected=test_unseen_day_unseen_rx overall_tx=39.01% strict_udu=39.01% (23404/60000)
[SAT-TEST] scenario=mixed_orbit selected=test_unseen_day_unseen_rx overall_tx=41.16% strict_udu=41.16% (24697/60000)
[BEST-TEST] overall=90.23% @ E118 -> finalist_runs/B2_A2_light_seed1337/best_model_test_overall.pth | unseen_day_unseen_rx=85.84% @ E123 -> finalist_runs/B2_A2_light_seed1337/best_model_strict_udu.pth | unseen_day_seen_rx=94.24% @ E080 | seen_day_unseen_rx=90.24% @ E118
[BEST-PRIMARY] score=87.23 @ E123 -> finalist_runs/B2_A2_light_seed1337/best_model_primary_ood.pth | overall=89.82% strict_udu=85.84%
[BEST-WORST-RX] worst_rx=85.09% (test_rx_8) @ E118 -> finalist_runs/B2_A2_light_seed1337/best_model_worst_rx.pth
====================================================================================================================================
[Epoch 199/200] time=84.4s | lr=1.01e-06 | aux_scale=1.000
[STAGE] phase=S3_refine_aux_late_stable | use_aux=1.0 cons=0.45 cls_aux=0.25 reg=0.25 joint_inv=0.08 kl=0.16 group_ce=0.80
[MIXSTYLE-EPOCH] phase=late_anneal enabled=1 p=0.050 strength=0.350 anneal_t=1.000
[AUG] scale=0.200 | p_dac=0.000 p_pa=0.028 p_shift=0.070 p_cfo=0.070 p_awgn=0.080 p_mp=0.036 | max_shift=6 cfo_max=8e-05 pn_max=0.0012
------------------------------------------------------------------------------------------------------------------------------------
[LOSS-CORE] total=2.8197 cls=1.0406 dom=0.2960 adv=2.6268 orth=0.0025 cons=0.1582 group_ce=1.7591
[LOSS-AUX]  cls_pa=0.8299 cls_dac=0.0000 pa_joint_inv=0.1881 pa_kl=0.6641 dac_reg=0.0000 pa_reg=0.0144 gap_dac=0.0000 gap_pa=0.2757 cos_joint_pa=0.8119 cos_imp_pa=nan
[LOSS-SAT]  cls_sat=8.9952 sat_cons=0.7178 sat_cos=0.2822
[LOSS-DG]   proto=0.0000 proto_cos=nan supcon=0.0000 fishr=0.0010 sgc_res=0.0000
[LOSS-CAL]  ecc=0.0000 ecc_w=0.0000 ecc_tau=0.9500 ecc_maxp=nan
[TRAIN] tx=91.71% dom=89.22% cons_cos=0.8418
[GRAD]  total=1.488 backbone=1.000 aux=0.750 domain=0.342
[VAL]   tx=98.98% dom=96.07%
[TEST]  overall_tx=89.56% (182712/204000)
[TEST-SPLIT]
          unseen_day_seen_rx(days=['2021_03_15', '2021_03_23'], rxs=[0, 1, 2, 3, 4, 5, 6]): tx=93.21% (78300/84000)
          seen_day_unseen_rx(days=['2021_03_01', '2021_03_08'], rxs=[7, 8, 9, 10, 11]): tx=88.74% (53242/60000)
          unseen_day_unseen_rx(days=['2021_03_15', '2021_03_23'], rxs=[7, 8, 9, 10, 11]): tx=85.28% (51170/60000)
          day=2021_03_15 on seen_rxs=[0, 1, 2, 3, 4, 5, 6]: tx=95.54% (40125/42000)
          day=2021_03_23 on seen_rxs=[0, 1, 2, 3, 4, 5, 6]: tx=90.89% (38175/42000)
          rx=7 on seen_days=['2021_03_01', '2021_03_08']: tx=82.36% (9883/12000)
          rx=8 on seen_days=['2021_03_01', '2021_03_08']: tx=85.19% (10223/12000)
          rx=9 on seen_days=['2021_03_01', '2021_03_08']: tx=90.27% (10832/12000)
          rx=10 on seen_days=['2021_03_01', '2021_03_08']: tx=93.24% (11189/12000)
          rx=11 on seen_days=['2021_03_01', '2021_03_08']: tx=92.62% (11115/12000)
[BEST-JOINT]  val_tx=99.05% & test_tx=89.18% @ E150
[CKPT]  latest -> finalist_runs/B2_A2_light_seed1337/latest_model.pth (saved) | best -> finalist_runs/B2_A2_light_seed1337/best_model_val.pth
====================================================================================================================================
[SAT-TEST] scenario=clear_leo selected=test_unseen_day_unseen_rx overall_tx=44.90% strict_udu=44.90% (26937/60000)
[SAT-TEST] scenario=low_elev_leo selected=test_unseen_day_unseen_rx overall_tx=45.81% strict_udu=45.81% (27484/60000)
[SAT-TEST] scenario=rain_leo selected=test_unseen_day_unseen_rx overall_tx=43.00% strict_udu=43.00% (25799/60000)
[SAT-TEST] scenario=storm_mp selected=test_unseen_day_unseen_rx overall_tx=39.03% strict_udu=39.03% (23419/60000)
[SAT-TEST] scenario=mixed_orbit selected=test_unseen_day_unseen_rx overall_tx=41.23% strict_udu=41.23% (24736/60000)
[BEST-TEST] overall=90.23% @ E118 -> finalist_runs/B2_A2_light_seed1337/best_model_test_overall.pth | unseen_day_unseen_rx=85.84% @ E123 -> finalist_runs/B2_A2_light_seed1337/best_model_strict_udu.pth | unseen_day_seen_rx=94.24% @ E080 | seen_day_unseen_rx=90.24% @ E118
[BEST-PRIMARY] score=87.23 @ E123 -> finalist_runs/B2_A2_light_seed1337/best_model_primary_ood.pth | overall=89.82% strict_udu=85.84%
[BEST-WORST-RX] worst_rx=85.09% (test_rx_8) @ E118 -> finalist_runs/B2_A2_light_seed1337/best_model_worst_rx.pth
====================================================================================================================================
[Epoch 200/200] time=85.6s | lr=1.00e-06 | aux_scale=1.000
[STAGE] phase=S3_refine_aux_late_stable | use_aux=1.0 cons=0.45 cls_aux=0.25 reg=0.25 joint_inv=0.08 kl=0.16 group_ce=0.80
[MIXSTYLE-EPOCH] phase=late_anneal enabled=1 p=0.050 strength=0.350 anneal_t=1.000
[AUG] scale=0.200 | p_dac=0.000 p_pa=0.028 p_shift=0.070 p_cfo=0.070 p_awgn=0.080 p_mp=0.036 | max_shift=6 cfo_max=8e-05 pn_max=0.0012
------------------------------------------------------------------------------------------------------------------------------------
[LOSS-CORE] total=2.4886 cls=0.8087 dom=0.2240 adv=2.6249 orth=0.0025 cons=0.1548 group_ce=1.5323
[LOSS-AUX]  cls_pa=0.7742 cls_dac=0.0000 pa_joint_inv=0.1876 pa_kl=0.6198 dac_reg=0.0000 pa_reg=0.0142 gap_dac=0.0000 gap_pa=0.2753 cos_joint_pa=0.8124 cos_imp_pa=nan
[LOSS-SAT]  cls_sat=8.8892 sat_cons=0.7168 sat_cos=0.2832
[LOSS-DG]   proto=0.0000 proto_cos=nan supcon=0.0000 fishr=0.0009 sgc_res=0.0000
[LOSS-CAL]  ecc=0.0000 ecc_w=0.0000 ecc_tau=0.9500 ecc_maxp=nan
[TRAIN] tx=93.72% dom=91.62% cons_cos=0.8452
[GRAD]  total=1.490 backbone=1.000 aux=0.750 domain=0.354
[VAL]   tx=98.98% dom=96.08%
[TEST]  overall_tx=89.59% (182770/204000)
[TEST-SPLIT]
          unseen_day_seen_rx(days=['2021_03_15', '2021_03_23'], rxs=[0, 1, 2, 3, 4, 5, 6]): tx=93.22% (78308/84000)
          seen_day_unseen_rx(days=['2021_03_01', '2021_03_08'], rxs=[7, 8, 9, 10, 11]): tx=88.78% (53265/60000)
          unseen_day_unseen_rx(days=['2021_03_15', '2021_03_23'], rxs=[7, 8, 9, 10, 11]): tx=85.33% (51197/60000)
          day=2021_03_15 on seen_rxs=[0, 1, 2, 3, 4, 5, 6]: tx=95.59% (40149/42000)
          day=2021_03_23 on seen_rxs=[0, 1, 2, 3, 4, 5, 6]: tx=90.85% (38159/42000)
          rx=7 on seen_days=['2021_03_01', '2021_03_08']: tx=82.46% (9895/12000)
          rx=8 on seen_days=['2021_03_01', '2021_03_08']: tx=85.26% (10231/12000)
          rx=9 on seen_days=['2021_03_01', '2021_03_08']: tx=90.32% (10838/12000)
          rx=10 on seen_days=['2021_03_01', '2021_03_08']: tx=93.21% (11185/12000)
          rx=11 on seen_days=['2021_03_01', '2021_03_08']: tx=92.62% (11115/12000)
[BEST-JOINT]  val_tx=99.05% & test_tx=89.18% @ E150
[CKPT]  latest -> finalist_runs/B2_A2_light_seed1337/latest_model.pth (saved) | best -> finalist_runs/B2_A2_light_seed1337/best_model_val.pth
====================================================================================================================================
[SAT-TEST] scenario=clear_leo selected=test_unseen_day_unseen_rx overall_tx=44.91% strict_udu=44.91% (26945/60000)
[SAT-TEST] scenario=low_elev_leo selected=test_unseen_day_unseen_rx overall_tx=45.84% strict_udu=45.84% (27501/60000)
[SAT-TEST] scenario=rain_leo selected=test_unseen_day_unseen_rx overall_tx=43.05% strict_udu=43.05% (25829/60000)
[SAT-TEST] scenario=storm_mp selected=test_unseen_day_unseen_rx overall_tx=39.03% strict_udu=39.03% (23420/60000)
[SAT-TEST] scenario=mixed_orbit selected=test_unseen_day_unseen_rx overall_tx=41.33% strict_udu=41.33% (24796/60000)
[BEST-TEST] overall=90.23% @ E118 -> finalist_runs/B2_A2_light_seed1337/best_model_test_overall.pth | unseen_day_unseen_rx=85.84% @ E123 -> finalist_runs/B2_A2_light_seed1337/best_model_strict_udu.pth | unseen_day_seen_rx=94.24% @ E080 | seen_day_unseen_rx=90.24% @ E118
[BEST-PRIMARY] score=87.23 @ E123 -> finalist_runs/B2_A2_light_seed1337/best_model_primary_ood.pth | overall=89.82% strict_udu=85.84%
[BEST-WORST-RX] worst_rx=85.09% (test_rx_8) @ E118 -> finalist_runs/B2_A2_light_seed1337/best_model_worst_rx.pth
Training finished. best_joint_val_tx_acc=99.05% & best_joint_test_tx_acc=89.18% at epoch 150
Training finished. best_test_overall_tx_acc=90.23% at epoch 118 -> finalist_runs/B2_A2_light_seed1337/best_model_test_overall.pth
Training finished. best_primary_ood_score=87.23 at epoch 123 -> finalist_runs/B2_A2_light_seed1337/best_model_primary_ood.pth
Training finished. best_unseen_day_unseen_rx_tx_acc=85.84% at epoch 123 -> finalist_runs/B2_A2_light_seed1337/best_model_strict_udu.pth
Training finished. best_worst_rx_tx_acc=85.09% (test_rx_8) at epoch 118 -> finalist_runs/B2_A2_light_seed1337/best_model_worst_rx.pth
Training finished. skipped_backward_batches=10
Final split info: {'mode': 'contiguous_trainval_with_explicit_day_rx_isolation', 'train_days_idx': [0, 1], 'train_days_label': ['2021_03_01', '2021_03_08'], 'test_days_idx': [2, 3], 'test_days_label': ['2021_03_15', '2021_03_23'], 'train_rxs_idx': [0, 1, 2, 3, 4, 5, 6], 'train_rxs_label': ['1-1', '1-19', '14-7', '18-2', '19-2', '2-1', '2-19'], 'test_rxs_idx': [7, 8, 9, 10, 11], 'test_rxs_label': ['20-1', '3-19', '7-14', '7-7', '8-8'], 'train_ratio': 0.2, 'requested_val_ratio': 0.8, 'guard_gap': 8, 'trainval_pool_size': 84000, 'train_size': 16800, 'val_size': 66528, 'effective_train_ratio': 0.2, 'effective_val_ratio': 0.792, 'test_size': 204000, 'dropped_gap_size': 672, 'max_samples_per_combo_day123': None, 'max_samples_per_combo_train': None, 'max_samples_per_combo_val': None, 'max_samples_per_combo_test': None, 'named_test_sizes': {'test_unseen_day_seen_rx': 84000, 'test_day_2': 42000, 'test_day_3': 42000, 'test_seen_day_unseen_rx': 60000, 'test_rx_7': 12000, 'test_rx_8': 12000, 'test_rx_9': 12000, 'test_rx_10': 12000, 'test_rx_11': 12000, 'test_unseen_day_unseen_rx': 60000}}
[FINAL-BEST] val_tx=99.05% | test_overall_tx=89.18%
[FINAL-BEST] unseen_day_seen_rx(days=['2021_03_15', '2021_03_23'], rxs=[0, 1, 2, 3, 4, 5, 6]): tx=93.78% (78779/84000)
[FINAL-BEST] seen_day_unseen_rx(days=['2021_03_01', '2021_03_08'], rxs=[7, 8, 9, 10, 11]): tx=88.41% (53048/60000)
[FINAL-BEST] unseen_day_unseen_rx(days=['2021_03_15', '2021_03_23'], rxs=[7, 8, 9, 10, 11]): tx=83.50% (50103/60000)
[FINAL-BEST] day=2021_03_15 on seen_rxs=[0, 1, 2, 3, 4, 5, 6]: tx=95.82% (40243/42000)
[FINAL-BEST] day=2021_03_23 on seen_rxs=[0, 1, 2, 3, 4, 5, 6]: tx=91.75% (38536/42000)
[FINAL-BEST] rx=7 on seen_days=['2021_03_01', '2021_03_08']: tx=82.67% (9920/12000)
[FINAL-BEST] rx=8 on seen_days=['2021_03_01', '2021_03_08']: tx=83.94% (10073/12000)
[FINAL-BEST] rx=9 on seen_days=['2021_03_01', '2021_03_08']: tx=90.72% (10887/12000)
[FINAL-BEST] rx=10 on seen_days=['2021_03_01', '2021_03_08']: tx=92.13% (11056/12000)
[FINAL-BEST] rx=11 on seen_days=['2021_03_01', '2021_03_08']: tx=92.60% (11112/12000)
[FINAL-BEST] [SAT-TEST] scenario=clear_leo selected=test_unseen_day_unseen_rx overall_tx=43.85% strict_udu=43.85% (26308/60000)
[FINAL-BEST] [SAT-TEST] scenario=low_elev_leo selected=test_unseen_day_unseen_rx overall_tx=44.16% strict_udu=44.16% (26498/60000)
[FINAL-BEST] [SAT-TEST] scenario=rain_leo selected=test_unseen_day_unseen_rx overall_tx=41.60% strict_udu=41.60% (24959/60000)
[FINAL-BEST] [SAT-TEST] scenario=storm_mp selected=test_unseen_day_unseen_rx overall_tx=38.27% strict_udu=38.27% (22960/60000)
[FINAL-BEST] [SAT-TEST] scenario=mixed_orbit selected=test_unseen_day_unseen_rx overall_tx=39.92% strict_udu=39.92% (23951/60000)
[FINAL-PRIMARY] val_tx=98.88% | test_overall_tx=89.82% | strict_udu=85.84% | score=87.23
[FINAL-PRIMARY] unseen_day_seen_rx(days=['2021_03_15', '2021_03_23'], rxs=[0, 1, 2, 3, 4, 5, 6]): tx=92.95% (78077/84000)
[FINAL-PRIMARY] seen_day_unseen_rx(days=['2021_03_01', '2021_03_08'], rxs=[7, 8, 9, 10, 11]): tx=89.44% (53663/60000)
[FINAL-PRIMARY] unseen_day_unseen_rx(days=['2021_03_15', '2021_03_23'], rxs=[7, 8, 9, 10, 11]): tx=85.84% (51502/60000)
[FINAL-PRIMARY] day=2021_03_15 on seen_rxs=[0, 1, 2, 3, 4, 5, 6]: tx=95.18% (39976/42000)
[FINAL-PRIMARY] day=2021_03_23 on seen_rxs=[0, 1, 2, 3, 4, 5, 6]: tx=90.72% (38101/42000)
[FINAL-PRIMARY] rx=7 on seen_days=['2021_03_01', '2021_03_08']: tx=82.01% (9841/12000)
[FINAL-PRIMARY] rx=8 on seen_days=['2021_03_01', '2021_03_08']: tx=84.96% (10195/12000)
[FINAL-PRIMARY] rx=9 on seen_days=['2021_03_01', '2021_03_08']: tx=90.66% (10879/12000)
[FINAL-PRIMARY] rx=10 on seen_days=['2021_03_01', '2021_03_08']: tx=93.50% (11220/12000)
[FINAL-PRIMARY] rx=11 on seen_days=['2021_03_01', '2021_03_08']: tx=96.07% (11528/12000)
[FINAL-PRIMARY] [SAT-TEST] scenario=clear_leo selected=test_unseen_day_unseen_rx overall_tx=44.45% strict_udu=44.45% (26670/60000)
[FINAL-PRIMARY] [SAT-TEST] scenario=low_elev_leo selected=test_unseen_day_unseen_rx overall_tx=45.16% strict_udu=45.16% (27097/60000)
[FINAL-PRIMARY] [SAT-TEST] scenario=rain_leo selected=test_unseen_day_unseen_rx overall_tx=42.27% strict_udu=42.27% (25364/60000)
[FINAL-PRIMARY] [SAT-TEST] scenario=storm_mp selected=test_unseen_day_unseen_rx overall_tx=38.20% strict_udu=38.20% (22918/60000)
[FINAL-PRIMARY] [SAT-TEST] scenario=mixed_orbit selected=test_unseen_day_unseen_rx overall_tx=40.85% strict_udu=40.85% (24511/60000)
