Starting Training at 2026-05-07 16:57:11
Device: cuda:0 | AMP: True | use_aug=True
[EXP] s3_rxrobust_no_dac | S3 RX-robust no-DAC: PA-only aux + hard-domain CE for weak unseen receivers | no_dac->disable_dac_aux
[SLIM] group=rxrobust_lite_b_no_dac_mix015 | R05 conservative MixStyle: lower p/strength for no-stats-sensitive domains.
[SAT-EVAL] enabled scenarios=clear_leo,low_elev_leo,rain_leo,storm_mp,mixed_orbit on=test_unseen_day_unseen_rx max_batches=-1
[SAT-TRAIN] scenario=mixed_orbit view_source=main lambda_cons=0.0200 lambda_cls=0.0500 start_epoch=20
[ECC] lambda=0.0300 apply_to=sat_main tau=0.650->0.950 start_epoch=1 epochs=60 schedule=cosine
[EXP] pa_main=True pa_aux=True dac_aux=False | aug_p_pa=0.140 aug_p_dac=0.000
[EXP] pure_views: dac_only(channel=False, anti=False) | pa_only(channel=False, anti=False)
[EXP] stage schedule: stage1<=E16, stage2<=E80, stage3 ramp=20
[EXP] pure_views: dac_only(channel=False, anti=False) pa_only(channel=False, anti=False) | defect_strength_mode=tiered
[WISIG] overriding num_classes 16 -> 6
[WISIG] pkl=./Dataset_WigSig/ManySig.pkl eq=1 out_len=256 domain=rx_day
[WISIG] TRAIN DAYS: ['2021_03_01', '2021_03_08'] | TRAIN RXS: [0, 1, 2, 3, 4, 5, 6]
[WISIG] TEST  DAYS: ['2021_03_15', '2021_03_23'] | TEST  RXS: [7, 8, 9, 10, 11]
[WISIG] VAL   source: same train_days x train_rxs tail (guard_gap=8)
[WISIG-SPLIT] train_ratio=0.200 requested_val_ratio=0.800 effective_train=0.200 effective_val=0.792
[WISIG] named_test_sizes={'test_unseen_day_seen_rx': 84000, 'test_day_2': 42000, 'test_day_3': 42000, 'test_seen_day_unseen_rx': 60000, 'test_rx_7': 12000, 'test_rx_8': 12000, 'test_rx_9': 12000, 'test_rx_10': 12000, 'test_rx_11': 12000, 'test_unseen_day_unseen_rx': 60000}
[WISIG] split_info={'mode': 'contiguous_trainval_with_explicit_day_rx_isolation', 'train_days_idx': [0, 1], 'train_days_label': ['2021_03_01', '2021_03_08'], 'test_days_idx': [2, 3], 'test_days_label': ['2021_03_15', '2021_03_23'], 'train_rxs_idx': [0, 1, 2, 3, 4, 5, 6], 'train_rxs_label': ['1-1', '1-19', '14-7', '18-2', '19-2', '2-1', '2-19'], 'test_rxs_idx': [7, 8, 9, 10, 11], 'test_rxs_label': ['20-1', '3-19', '7-14', '7-7', '8-8'], 'train_ratio': 0.2, 'requested_val_ratio': 0.8, 'guard_gap': 8, 'trainval_pool_size': 84000, 'train_size': 16800, 'val_size': 66528, 'effective_train_ratio': 0.2, 'effective_val_ratio': 0.792, 'test_size': 204000, 'dropped_gap_size': 672, 'max_samples_per_combo_day123': None, 'max_samples_per_combo_train': None, 'max_samples_per_combo_val': None, 'max_samples_per_combo_test': None, 'named_test_sizes': {'test_unseen_day_seen_rx': 84000, 'test_day_2': 42000, 'test_day_3': 42000, 'test_seen_day_unseen_rx': 60000, 'test_rx_7': 12000, 'test_rx_8': 12000, 'test_rx_9': 12000, 'test_rx_10': 12000, 'test_rx_11': 12000, 'test_unseen_day_unseen_rx': 60000}}
[SAMPLES] train=16800 | val=66528
[SAMPLES-RX][TRAIN] rx[0]=1-1:2400 | rx[1]=1-19:2400 | rx[2]=14-7:2400 | rx[3]=18-2:2400 | rx[4]=19-2:2400 | rx[5]=2-1:2400 | rx[6]=2-19:2400
[SAMPLES-RX][VAL]   rx[0]=1-1:9504 | rx[1]=1-19:9504 | rx[2]=14-7:9504 | rx[3]=18-2:9504 | rx[4]=19-2:9504 | rx[5]=2-1:9504 | rx[6]=2-19:9504
========================================================================================================================
[DOMAIN-MODE] wisig_domain=rx_day | target=JOINT RECEIVER × DATE domain | 中文=接收机×日期联合域
[DOMAIN-MODE] num_train_domains=14
[DOMAIN-LOSS] loss_dom  : 让 z_dom 分类每一个 RX×day 组合域，显式捕捉接收机与日期的耦合偏置。
[DOMAIN-LOSS] loss_adv  : 通过 GRL 让 z_id 同时去除 RX 与 day 的联合域信息。
[DOMAIN-LOSS] loss_cons : 约束同一发射机跨 RX×day 组合域的 ID 特征中心更接近。
[DOMAIN-RISK] 域数最多，域分类更难；batch 内域覆盖不足时 cons/adv 可能不稳定。
[DOMAIN-SPLIT] train_days=['2021_03_01', '2021_03_08'] | train_rxs_idx=[0, 1, 2, 3, 4, 5, 6] | test_days=['2021_03_15', '2021_03_23'] | test_rxs_idx=[7, 8, 9, 10, 11]
[DOMAIN-LABELS] raw_domain -> mapped_domain -> readable_label
  raw=   0 -> mapped=  0 -> rx_day[0]=rx[0]=1-1 × day[0]=2021_03_01
  raw=   1 -> mapped=  1 -> rx_day[1]=rx[0]=1-1 × day[1]=2021_03_08
  raw=   4 -> mapped=  2 -> rx_day[4]=rx[1]=1-19 × day[0]=2021_03_01
  raw=   5 -> mapped=  3 -> rx_day[5]=rx[1]=1-19 × day[1]=2021_03_08
  raw=   8 -> mapped=  4 -> rx_day[8]=rx[2]=14-7 × day[0]=2021_03_01
  raw=   9 -> mapped=  5 -> rx_day[9]=rx[2]=14-7 × day[1]=2021_03_08
  raw=  12 -> mapped=  6 -> rx_day[12]=rx[3]=18-2 × day[0]=2021_03_01
  raw=  13 -> mapped=  7 -> rx_day[13]=rx[3]=18-2 × day[1]=2021_03_08
  raw=  16 -> mapped=  8 -> rx_day[16]=rx[4]=19-2 × day[0]=2021_03_01
  raw=  17 -> mapped=  9 -> rx_day[17]=rx[4]=19-2 × day[1]=2021_03_08
  raw=  20 -> mapped= 10 -> rx_day[20]=rx[5]=2-1 × day[0]=2021_03_01
  raw=  21 -> mapped= 11 -> rx_day[21]=rx[5]=2-1 × day[1]=2021_03_08
  raw=  24 -> mapped= 12 -> rx_day[24]=rx[6]=2-19 × day[0]=2021_03_01
  raw=  25 -> mapped= 13 -> rx_day[25]=rx[6]=2-19 × day[1]=2021_03_08
========================================================================================================================
[MODEL] DualCVSincNetDisentangle variant=lite_b branch_ablation=no_dac emb_dim=192 num_domains=14 params=1,672,409 trainable=1,672,409
[SGC-ADAPTER] enabled=False stage=source
[MIXSTYLE] on=1 p=0.150 alpha=0.100 eps=1.0e-06 layers=time_down,t1 use_domain=1 mix=same_tx_crossdomain strength=0.65 fallback=skip
[MIXSTYLE-SCHEDULE] late_start=110 ramp=35 min_p=0.050 min_strength=0.35 stop_epoch=0
[DOMAIN-BACKBONE] branch_ablation=no_stats enhancer=rcn_stats enhancer_strength=0.35 fast_infer_no_aux=1
[AUG-INIT] enabled | scale:[0.10->0.35] warmup=3 ramp=15 curve=1.25 | base_p_dac=0.00 base_p_pa=0.14
[CKPT-PATHS]
  latest                       -> finalist_runs/C4_A2_ecc003_satmain_seed1337/latest_model.pth
  best_by_val                  -> finalist_runs/C4_A2_ecc003_satmain_seed1337/best_model_val.pth
  best_by_test_overall         -> finalist_runs/C4_A2_ecc003_satmain_seed1337/best_model_test_overall.pth
  best_by_primary_ood         -> finalist_runs/C4_A2_ecc003_satmain_seed1337/best_model_primary_ood.pth (udu_weight=0.65)
  best_by_unseen_day_unseen_rx -> finalist_runs/C4_A2_ecc003_satmain_seed1337/best_model_strict_udu.pth
  best_by_unseen_day_seen_rx   -> finalist_runs/C4_A2_ecc003_satmain_seed1337/best_model_val_test_unseen_day_seen_rx.pth
  best_by_seen_day_unseen_rx   -> finalist_runs/C4_A2_ecc003_satmain_seed1337/best_model_val_test_seen_day_unseen_rx.pth
  best_by_worst_rx             -> finalist_runs/C4_A2_ecc003_satmain_seed1337/best_model_worst_rx.pth
[WARN][E001] unsafe backward/step skipped #1
====================================================================================================================================
[Epoch 001/200] time=86.0s | lr=2.00e-04 | aux_scale=0.000
[STAGE] phase=S1_core | use_aux=0.0 cons=0.00 cls_aux=0.00 reg=0.00 joint_inv=0.00 kl=0.00 group_ce=0.50
[MIXSTYLE-EPOCH] phase=base enabled=1 p=0.150 strength=0.650 anneal_t=0.000
[AUG] scale=0.100 | p_dac=0.000 p_pa=0.014 p_shift=0.035 p_cfo=0.035 p_awgn=0.040 p_mp=0.018 | max_shift=3 cfo_max=4e-05 pn_max=0.0006
------------------------------------------------------------------------------------------------------------------------------------
[LOSS-CORE] total=15.6312 cls=11.5751 dom=2.6176 adv=2.6396 orth=0.0002 cons=0.1924 group_ce=12.1320
[LOSS-AUX]  cls_pa=0.0000 cls_dac=0.0000 pa_joint_inv=0.0000 pa_kl=0.0000 dac_reg=0.0000 pa_reg=0.0000 gap_dac=0.0000 gap_pa=0.0000 cos_joint_pa=nan cos_imp_pa=nan
[LOSS-SAT]  cls_sat=0.0000 sat_cons=0.0000 sat_cos=nan
[LOSS-DG]   proto=0.0000 proto_cos=nan supcon=0.0000 fishr=0.0070 sgc_res=0.0000
[LOSS-CAL]  ecc=0.0066 ecc_w=0.0300 ecc_tau=0.6500 ecc_maxp=0.5406
[TRAIN] tx=0.69% dom=9.74% cons_cos=0.8065
[GRAD]  total=1.192 backbone=1.000 aux=0.489 domain=0.416
[VAL]   tx=56.31% dom=18.90%
[TEST]  overall_tx=51.09% (104225/204000)
[TEST-SPLIT]
          unseen_day_seen_rx(days=['2021_03_15', '2021_03_23'], rxs=[0, 1, 2, 3, 4, 5, 6]): tx=52.63% (44211/84000)
          seen_day_unseen_rx(days=['2021_03_01', '2021_03_08'], rxs=[7, 8, 9, 10, 11]): tx=50.17% (30100/60000)
          unseen_day_unseen_rx(days=['2021_03_15', '2021_03_23'], rxs=[7, 8, 9, 10, 11]): tx=49.86% (29914/60000)
          day=2021_03_15 on seen_rxs=[0, 1, 2, 3, 4, 5, 6]: tx=53.37% (22417/42000)
          day=2021_03_23 on seen_rxs=[0, 1, 2, 3, 4, 5, 6]: tx=51.89% (21794/42000)
          rx=7 on seen_days=['2021_03_01', '2021_03_08']: tx=50.23% (6027/12000)
          rx=8 on seen_days=['2021_03_01', '2021_03_08']: tx=32.59% (3911/12000)
          rx=9 on seen_days=['2021_03_01', '2021_03_08']: tx=58.03% (6964/12000)
          rx=10 on seen_days=['2021_03_01', '2021_03_08']: tx=55.89% (6707/12000)
          rx=11 on seen_days=['2021_03_01', '2021_03_08']: tx=54.09% (6491/12000)
[BEST-JOINT]  val_tx=56.31% & test_tx=51.09% @ E001
[CKPT]  latest -> finalist_runs/C4_A2_ecc003_satmain_seed1337/latest_model.pth (saved) | best -> finalist_runs/C4_A2_ecc003_satmain_seed1337/best_model_val.pth (updated: val improved)
====================================================================================================================================
[SAT-TEST] scenario=clear_leo selected=test_unseen_day_unseen_rx overall_tx=33.10% strict_udu=33.10% (19860/60000)
[SAT-TEST] scenario=low_elev_leo selected=test_unseen_day_unseen_rx overall_tx=33.26% strict_udu=33.26% (19954/60000)
[SAT-TEST] scenario=rain_leo selected=test_unseen_day_unseen_rx overall_tx=32.77% strict_udu=32.77% (19663/60000)
[SAT-TEST] scenario=storm_mp selected=test_unseen_day_unseen_rx overall_tx=31.41% strict_udu=31.41% (18846/60000)
[SAT-TEST] scenario=mixed_orbit selected=test_unseen_day_unseen_rx overall_tx=32.05% strict_udu=32.05% (19232/60000)
[BEST-TEST] overall=51.09% @ E001 -> finalist_runs/C4_A2_ecc003_satmain_seed1337/best_model_test_overall.pth | unseen_day_unseen_rx=49.86% @ E001 -> finalist_runs/C4_A2_ecc003_satmain_seed1337/best_model_strict_udu.pth | unseen_day_seen_rx=52.63% @ E001 | seen_day_unseen_rx=50.17% @ E001
[BEST-PRIMARY] score=50.29 @ E001 -> finalist_runs/C4_A2_ecc003_satmain_seed1337/best_model_primary_ood.pth | overall=51.09% strict_udu=49.86%
[BEST-WORST-RX] worst_rx=32.59% (test_rx_8) @ E001 -> finalist_runs/C4_A2_ecc003_satmain_seed1337/best_model_worst_rx.pth
[WARN][E002] unsafe backward/step skipped #2
====================================================================================================================================
[Epoch 002/200] time=80.2s | lr=2.00e-04 | aux_scale=0.000
[STAGE] phase=S1_core | use_aux=0.0 cons=0.00 cls_aux=0.00 reg=0.00 joint_inv=0.00 kl=0.00 group_ce=0.50
[MIXSTYLE-EPOCH] phase=base enabled=1 p=0.150 strength=0.650 anneal_t=0.000
[AUG] scale=0.100 | p_dac=0.000 p_pa=0.014 p_shift=0.035 p_cfo=0.035 p_awgn=0.040 p_mp=0.018 | max_shift=3 cfo_max=4e-05 pn_max=0.0006
------------------------------------------------------------------------------------------------------------------------------------
[LOSS-CORE] total=11.0615 cls=7.5361 dom=2.2333 adv=2.6354 orth=0.0003 cons=0.2336 group_ce=9.2125
[LOSS-AUX]  cls_pa=0.0000 cls_dac=0.0000 pa_joint_inv=0.0000 pa_kl=0.0000 dac_reg=0.0000 pa_reg=0.0000 gap_dac=0.0000 gap_pa=0.0000 cos_joint_pa=nan cos_imp_pa=nan
[LOSS-SAT]  cls_sat=0.0000 sat_cons=0.0000 sat_cos=nan
[LOSS-DG]   proto=0.0000 proto_cos=nan supcon=0.0000 fishr=0.0068 sgc_res=0.0000
[LOSS-CAL]  ecc=0.0406 ecc_w=0.0300 ecc_tau=0.6502 ecc_maxp=0.7434
[TRAIN] tx=25.54% dom=25.36% cons_cos=0.7656
[GRAD]  total=1.347 backbone=1.000 aux=0.729 domain=0.499
[VAL]   tx=79.47% dom=44.78%
[TEST]  overall_tx=71.60% (146072/204000)
[TEST-SPLIT]
          unseen_day_seen_rx(days=['2021_03_15', '2021_03_23'], rxs=[0, 1, 2, 3, 4, 5, 6]): tx=74.99% (62991/84000)
          seen_day_unseen_rx(days=['2021_03_01', '2021_03_08'], rxs=[7, 8, 9, 10, 11]): tx=69.33% (41597/60000)
          unseen_day_unseen_rx(days=['2021_03_15', '2021_03_23'], rxs=[7, 8, 9, 10, 11]): tx=69.14% (41484/60000)
          day=2021_03_15 on seen_rxs=[0, 1, 2, 3, 4, 5, 6]: tx=76.45% (32109/42000)
          day=2021_03_23 on seen_rxs=[0, 1, 2, 3, 4, 5, 6]: tx=73.53% (30882/42000)
          rx=7 on seen_days=['2021_03_01', '2021_03_08']: tx=68.74% (8249/12000)
          rx=8 on seen_days=['2021_03_01', '2021_03_08']: tx=52.18% (6262/12000)
          rx=9 on seen_days=['2021_03_01', '2021_03_08']: tx=75.01% (9001/12000)
          rx=10 on seen_days=['2021_03_01', '2021_03_08']: tx=70.80% (8496/12000)
          rx=11 on seen_days=['2021_03_01', '2021_03_08']: tx=79.91% (9589/12000)
[BEST-JOINT]  val_tx=79.47% & test_tx=71.60% @ E002
[CKPT]  latest -> finalist_runs/C4_A2_ecc003_satmain_seed1337/latest_model.pth (saved) | best -> finalist_runs/C4_A2_ecc003_satmain_seed1337/best_model_val.pth (updated: val improved)
====================================================================================================================================
[SAT-TEST] scenario=clear_leo selected=test_unseen_day_unseen_rx overall_tx=36.38% strict_udu=36.38% (21829/60000)
[SAT-TEST] scenario=low_elev_leo selected=test_unseen_day_unseen_rx overall_tx=36.30% strict_udu=36.30% (21777/60000)
[SAT-TEST] scenario=rain_leo selected=test_unseen_day_unseen_rx overall_tx=35.74% strict_udu=35.74% (21445/60000)
[SAT-TEST] scenario=storm_mp selected=test_unseen_day_unseen_rx overall_tx=32.01% strict_udu=32.01% (19207/60000)
[SAT-TEST] scenario=mixed_orbit selected=test_unseen_day_unseen_rx overall_tx=33.59% strict_udu=33.59% (20157/60000)
[BEST-TEST] overall=71.60% @ E002 -> finalist_runs/C4_A2_ecc003_satmain_seed1337/best_model_test_overall.pth | unseen_day_unseen_rx=69.14% @ E002 -> finalist_runs/C4_A2_ecc003_satmain_seed1337/best_model_strict_udu.pth | unseen_day_seen_rx=74.99% @ E002 | seen_day_unseen_rx=69.33% @ E002
[BEST-PRIMARY] score=70.00 @ E002 -> finalist_runs/C4_A2_ecc003_satmain_seed1337/best_model_primary_ood.pth | overall=71.60% strict_udu=69.14%
[BEST-WORST-RX] worst_rx=52.18% (test_rx_8) @ E002 -> finalist_runs/C4_A2_ecc003_satmain_seed1337/best_model_worst_rx.pth
[WARN][E003] unsafe backward/step skipped #3
====================================================================================================================================
[Epoch 003/200] time=78.7s | lr=2.00e-04 | aux_scale=0.000
[STAGE] phase=S1_core | use_aux=0.0 cons=0.00 cls_aux=0.00 reg=0.00 joint_inv=0.00 kl=0.00 group_ce=0.50
[MIXSTYLE-EPOCH] phase=base enabled=1 p=0.150 strength=0.650 anneal_t=0.000
[AUG] scale=0.100 | p_dac=0.000 p_pa=0.014 p_shift=0.035 p_cfo=0.035 p_awgn=0.040 p_mp=0.018 | max_shift=3 cfo_max=4e-05 pn_max=0.0006
------------------------------------------------------------------------------------------------------------------------------------
[LOSS-CORE] total=7.6809 cls=4.7596 dom=1.7459 adv=2.6338 orth=0.0002 cons=0.2863 group_ce=6.8622
[LOSS-AUX]  cls_pa=0.0000 cls_dac=0.0000 pa_joint_inv=0.0000 pa_kl=0.0000 dac_reg=0.0000 pa_reg=0.0000 gap_dac=0.0000 gap_pa=0.0000 cos_joint_pa=nan cos_imp_pa=nan
[LOSS-SAT]  cls_sat=0.0000 sat_cons=0.0000 sat_cos=nan
[LOSS-DG]   proto=0.0000 proto_cos=nan supcon=0.0000 fishr=0.0065 sgc_res=0.0000
[LOSS-CAL]  ecc=0.0838 ecc_w=0.0299 ecc_tau=0.6508 ecc_maxp=0.9022
[TRAIN] tx=51.70% dom=41.62% cons_cos=0.7134
[GRAD]  total=1.369 backbone=1.000 aux=0.750 domain=0.500
[VAL]   tx=88.62% dom=58.00%
[TEST]  overall_tx=77.81% (158730/204000)
[TEST-SPLIT]
          unseen_day_seen_rx(days=['2021_03_15', '2021_03_23'], rxs=[0, 1, 2, 3, 4, 5, 6]): tx=83.32% (69990/84000)
          seen_day_unseen_rx(days=['2021_03_01', '2021_03_08'], rxs=[7, 8, 9, 10, 11]): tx=76.29% (45773/60000)
          unseen_day_unseen_rx(days=['2021_03_15', '2021_03_23'], rxs=[7, 8, 9, 10, 11]): tx=71.61% (42967/60000)
          day=2021_03_15 on seen_rxs=[0, 1, 2, 3, 4, 5, 6]: tx=85.62% (35959/42000)
          day=2021_03_23 on seen_rxs=[0, 1, 2, 3, 4, 5, 6]: tx=81.03% (34031/42000)
          rx=7 on seen_days=['2021_03_01', '2021_03_08']: tx=72.24% (8669/12000)
          rx=8 on seen_days=['2021_03_01', '2021_03_08']: tx=58.41% (7009/12000)
          rx=9 on seen_days=['2021_03_01', '2021_03_08']: tx=82.83% (9940/12000)
          rx=10 on seen_days=['2021_03_01', '2021_03_08']: tx=76.44% (9173/12000)
          rx=11 on seen_days=['2021_03_01', '2021_03_08']: tx=91.52% (10982/12000)
[BEST-JOINT]  val_tx=88.62% & test_tx=77.81% @ E003
[CKPT]  latest -> finalist_runs/C4_A2_ecc003_satmain_seed1337/latest_model.pth (saved) | best -> finalist_runs/C4_A2_ecc003_satmain_seed1337/best_model_val.pth (updated: val improved)
====================================================================================================================================
[SAT-TEST] scenario=clear_leo selected=test_unseen_day_unseen_rx overall_tx=31.94% strict_udu=31.94% (19164/60000)
[SAT-TEST] scenario=low_elev_leo selected=test_unseen_day_unseen_rx overall_tx=32.47% strict_udu=32.47% (19482/60000)
[SAT-TEST] scenario=rain_leo selected=test_unseen_day_unseen_rx overall_tx=31.11% strict_udu=31.11% (18665/60000)
[SAT-TEST] scenario=storm_mp selected=test_unseen_day_unseen_rx overall_tx=28.41% strict_udu=28.41% (17046/60000)
[SAT-TEST] scenario=mixed_orbit selected=test_unseen_day_unseen_rx overall_tx=29.59% strict_udu=29.59% (17754/60000)
[BEST-TEST] overall=77.81% @ E003 -> finalist_runs/C4_A2_ecc003_satmain_seed1337/best_model_test_overall.pth | unseen_day_unseen_rx=71.61% @ E003 -> finalist_runs/C4_A2_ecc003_satmain_seed1337/best_model_strict_udu.pth | unseen_day_seen_rx=83.32% @ E003 | seen_day_unseen_rx=76.29% @ E003
[BEST-PRIMARY] score=73.78 @ E003 -> finalist_runs/C4_A2_ecc003_satmain_seed1337/best_model_primary_ood.pth | overall=77.81% strict_udu=71.61%
[BEST-WORST-RX] worst_rx=58.41% (test_rx_8) @ E003 -> finalist_runs/C4_A2_ecc003_satmain_seed1337/best_model_worst_rx.pth
====================================================================================================================================
[Epoch 004/200] time=79.5s | lr=2.00e-04 | aux_scale=0.067
[STAGE] phase=S1_core | use_aux=0.0 cons=0.00 cls_aux=0.00 reg=0.00 joint_inv=0.00 kl=0.00 group_ce=0.50
[MIXSTYLE-EPOCH] phase=base enabled=1 p=0.150 strength=0.650 anneal_t=0.000
[AUG] scale=0.108 | p_dac=0.000 p_pa=0.015 p_shift=0.038 p_cfo=0.038 p_awgn=0.043 p_mp=0.020 | max_shift=3 cfo_max=4.339e-05 pn_max=0.0006508
------------------------------------------------------------------------------------------------------------------------------------
[LOSS-CORE] total=6.9560 cls=4.3062 dom=1.4960 adv=2.6313 orth=0.0002 cons=0.3121 group_ce=6.4426
[LOSS-AUX]  cls_pa=0.0000 cls_dac=0.0000 pa_joint_inv=0.0000 pa_kl=0.0000 dac_reg=0.0000 pa_reg=0.0000 gap_dac=0.0000 gap_pa=0.0000 cos_joint_pa=nan cos_imp_pa=nan
[LOSS-SAT]  cls_sat=0.0000 sat_cons=0.0000 sat_cos=nan
[LOSS-DG]   proto=0.0000 proto_cos=nan supcon=0.0000 fishr=0.0052 sgc_res=0.0000
[LOSS-CAL]  ecc=0.0899 ecc_w=0.0298 ecc_tau=0.6518 ecc_maxp=0.9208
[TRAIN] tx=60.06% dom=49.93% cons_cos=0.6879
[GRAD]  total=1.393 backbone=1.000 aux=0.750 domain=0.500
[VAL]   tx=92.52% dom=63.80%
[TEST]  overall_tx=79.83% (162852/204000)
[TEST-SPLIT]
          unseen_day_seen_rx(days=['2021_03_15', '2021_03_23'], rxs=[0, 1, 2, 3, 4, 5, 6]): tx=87.48% (73481/84000)
          seen_day_unseen_rx(days=['2021_03_01', '2021_03_08'], rxs=[7, 8, 9, 10, 11]): tx=77.99% (46796/60000)
          unseen_day_unseen_rx(days=['2021_03_15', '2021_03_23'], rxs=[7, 8, 9, 10, 11]): tx=70.96% (42575/60000)
          day=2021_03_15 on seen_rxs=[0, 1, 2, 3, 4, 5, 6]: tx=89.70% (37676/42000)
          day=2021_03_23 on seen_rxs=[0, 1, 2, 3, 4, 5, 6]: tx=85.25% (35805/42000)
          rx=7 on seen_days=['2021_03_01', '2021_03_08']: tx=71.62% (8595/12000)
          rx=8 on seen_days=['2021_03_01', '2021_03_08']: tx=54.04% (6485/12000)
          rx=9 on seen_days=['2021_03_01', '2021_03_08']: tx=84.38% (10125/12000)
          rx=10 on seen_days=['2021_03_01', '2021_03_08']: tx=88.72% (10646/12000)
          rx=11 on seen_days=['2021_03_01', '2021_03_08']: tx=91.21% (10945/12000)
[BEST-JOINT]  val_tx=92.52% & test_tx=79.83% @ E004
[CKPT]  latest -> finalist_runs/C4_A2_ecc003_satmain_seed1337/latest_model.pth (saved) | best -> finalist_runs/C4_A2_ecc003_satmain_seed1337/best_model_val.pth (updated: val improved)
====================================================================================================================================
[SAT-TEST] scenario=clear_leo selected=test_unseen_day_unseen_rx overall_tx=32.39% strict_udu=32.39% (19436/60000)
[SAT-TEST] scenario=low_elev_leo selected=test_unseen_day_unseen_rx overall_tx=33.05% strict_udu=33.05% (19833/60000)
[SAT-TEST] scenario=rain_leo selected=test_unseen_day_unseen_rx overall_tx=31.65% strict_udu=31.65% (18992/60000)
[SAT-TEST] scenario=storm_mp selected=test_unseen_day_unseen_rx overall_tx=28.80% strict_udu=28.80% (17279/60000)
[SAT-TEST] scenario=mixed_orbit selected=test_unseen_day_unseen_rx overall_tx=30.26% strict_udu=30.26% (18156/60000)
[BEST-TEST] overall=79.83% @ E004 -> finalist_runs/C4_A2_ecc003_satmain_seed1337/best_model_test_overall.pth | unseen_day_unseen_rx=71.61% @ E003 -> finalist_runs/C4_A2_ecc003_satmain_seed1337/best_model_strict_udu.pth | unseen_day_seen_rx=87.48% @ E004 | seen_day_unseen_rx=77.99% @ E004
[BEST-PRIMARY] score=74.06 @ E004 -> finalist_runs/C4_A2_ecc003_satmain_seed1337/best_model_primary_ood.pth | overall=79.83% strict_udu=70.96%
[BEST-WORST-RX] worst_rx=58.41% (test_rx_8) @ E003 -> finalist_runs/C4_A2_ecc003_satmain_seed1337/best_model_worst_rx.pth
====================================================================================================================================
[Epoch 005/200] time=79.8s | lr=2.00e-04 | aux_scale=0.133
[STAGE] phase=S1_core | use_aux=0.0 cons=0.00 cls_aux=0.00 reg=0.00 joint_inv=0.00 kl=0.00 group_ce=0.50
[MIXSTYLE-EPOCH] phase=base enabled=1 p=0.150 strength=0.650 anneal_t=0.000
[AUG] scale=0.120 | p_dac=0.000 p_pa=0.017 p_shift=0.042 p_cfo=0.042 p_awgn=0.048 p_mp=0.022 | max_shift=4 cfo_max=4.806e-05 pn_max=0.0007209
------------------------------------------------------------------------------------------------------------------------------------
[LOSS-CORE] total=6.0652 cls=3.6705 dom=1.2701 adv=2.6286 orth=0.0002 cons=0.3007 group_ce=5.8738
[LOSS-AUX]  cls_pa=0.0000 cls_dac=0.0000 pa_joint_inv=0.0000 pa_kl=0.0000 dac_reg=0.0000 pa_reg=0.0000 gap_dac=0.0000 gap_pa=0.0000 cos_joint_pa=nan cos_imp_pa=nan
[LOSS-SAT]  cls_sat=0.0000 sat_cons=0.0000 sat_cos=nan
[LOSS-DG]   proto=0.0000 proto_cos=nan supcon=0.0000 fishr=0.0045 sgc_res=0.0000
[LOSS-CAL]  ecc=0.0939 ecc_w=0.0297 ecc_tau=0.6533 ecc_maxp=0.9343
[TRAIN] tx=68.23% dom=57.07% cons_cos=0.6993
[GRAD]  total=1.454 backbone=1.000 aux=0.750 domain=0.500
[VAL]   tx=93.50% dom=67.60%
[TEST]  overall_tx=81.71% (166698/204000)
[TEST-SPLIT]
          unseen_day_seen_rx(days=['2021_03_15', '2021_03_23'], rxs=[0, 1, 2, 3, 4, 5, 6]): tx=88.46% (74303/84000)
          seen_day_unseen_rx(days=['2021_03_01', '2021_03_08'], rxs=[7, 8, 9, 10, 11]): tx=79.81% (47888/60000)
          unseen_day_unseen_rx(days=['2021_03_15', '2021_03_23'], rxs=[7, 8, 9, 10, 11]): tx=74.18% (44507/60000)
          day=2021_03_15 on seen_rxs=[0, 1, 2, 3, 4, 5, 6]: tx=90.71% (38100/42000)
          day=2021_03_23 on seen_rxs=[0, 1, 2, 3, 4, 5, 6]: tx=86.20% (36203/42000)
          rx=7 on seen_days=['2021_03_01', '2021_03_08']: tx=71.98% (8638/12000)
          rx=8 on seen_days=['2021_03_01', '2021_03_08']: tx=57.83% (6940/12000)
          rx=9 on seen_days=['2021_03_01', '2021_03_08']: tx=86.87% (10424/12000)
          rx=10 on seen_days=['2021_03_01', '2021_03_08']: tx=89.72% (10766/12000)
          rx=11 on seen_days=['2021_03_01', '2021_03_08']: tx=92.67% (11120/12000)
[BEST-JOINT]  val_tx=93.50% & test_tx=81.71% @ E005
[CKPT]  latest -> finalist_runs/C4_A2_ecc003_satmain_seed1337/latest_model.pth (saved) | best -> finalist_runs/C4_A2_ecc003_satmain_seed1337/best_model_val.pth (updated: val improved)
====================================================================================================================================
[SAT-TEST] scenario=clear_leo selected=test_unseen_day_unseen_rx overall_tx=34.64% strict_udu=34.64% (20785/60000)
[SAT-TEST] scenario=low_elev_leo selected=test_unseen_day_unseen_rx overall_tx=34.70% strict_udu=34.70% (20820/60000)
[SAT-TEST] scenario=rain_leo selected=test_unseen_day_unseen_rx overall_tx=33.55% strict_udu=33.55% (20130/60000)
[SAT-TEST] scenario=storm_mp selected=test_unseen_day_unseen_rx overall_tx=30.10% strict_udu=30.10% (18060/60000)
[SAT-TEST] scenario=mixed_orbit selected=test_unseen_day_unseen_rx overall_tx=31.54% strict_udu=31.54% (18924/60000)
[BEST-TEST] overall=81.71% @ E005 -> finalist_runs/C4_A2_ecc003_satmain_seed1337/best_model_test_overall.pth | unseen_day_unseen_rx=74.18% @ E005 -> finalist_runs/C4_A2_ecc003_satmain_seed1337/best_model_strict_udu.pth | unseen_day_seen_rx=88.46% @ E005 | seen_day_unseen_rx=79.81% @ E005
[BEST-PRIMARY] score=76.82 @ E005 -> finalist_runs/C4_A2_ecc003_satmain_seed1337/best_model_primary_ood.pth | overall=81.71% strict_udu=74.18%
[BEST-WORST-RX] worst_rx=58.41% (test_rx_8) @ E003 -> finalist_runs/C4_A2_ecc003_satmain_seed1337/best_model_worst_rx.pth
====================================================================================================================================
[Epoch 006/200] time=80.7s | lr=2.00e-04 | aux_scale=0.200
[STAGE] phase=S1_core | use_aux=0.0 cons=0.00 cls_aux=0.00 reg=0.00 joint_inv=0.00 kl=0.00 group_ce=0.50
[MIXSTYLE-EPOCH] phase=base enabled=1 p=0.150 strength=0.650 anneal_t=0.000
[AUG] scale=0.133 | p_dac=0.000 p_pa=0.019 p_shift=0.047 p_cfo=0.047 p_awgn=0.053 p_mp=0.024 | max_shift=4 cfo_max=5.337e-05 pn_max=0.0008006
------------------------------------------------------------------------------------------------------------------------------------
[LOSS-CORE] total=5.7913 cls=3.5332 dom=1.1515 adv=2.6256 orth=0.0003 cons=0.2978 group_ce=5.5347
[LOSS-AUX]  cls_pa=0.0000 cls_dac=0.0000 pa_joint_inv=0.0000 pa_kl=0.0000 dac_reg=0.0000 pa_reg=0.0000 gap_dac=0.0000 gap_pa=0.0000 cos_joint_pa=nan cos_imp_pa=nan
[LOSS-SAT]  cls_sat=0.0000 sat_cons=0.0000 sat_cos=nan
[LOSS-DG]   proto=0.0000 proto_cos=nan supcon=0.0000 fishr=0.0044 sgc_res=0.0000
[LOSS-CAL]  ecc=0.0934 ecc_w=0.0295 ecc_tau=0.6551 ecc_maxp=0.9353
[TRAIN] tx=70.22% dom=60.29% cons_cos=0.7022
[GRAD]  total=1.482 backbone=1.000 aux=0.750 domain=0.500
[VAL]   tx=94.76% dom=75.07%
[TEST]  overall_tx=82.45% (168203/204000)
[TEST-SPLIT]
          unseen_day_seen_rx(days=['2021_03_15', '2021_03_23'], rxs=[0, 1, 2, 3, 4, 5, 6]): tx=88.52% (74353/84000)
          seen_day_unseen_rx(days=['2021_03_01', '2021_03_08'], rxs=[7, 8, 9, 10, 11]): tx=80.86% (48516/60000)
          unseen_day_unseen_rx(days=['2021_03_15', '2021_03_23'], rxs=[7, 8, 9, 10, 11]): tx=75.56% (45334/60000)
          day=2021_03_15 on seen_rxs=[0, 1, 2, 3, 4, 5, 6]: tx=91.63% (38486/42000)
          day=2021_03_23 on seen_rxs=[0, 1, 2, 3, 4, 5, 6]: tx=85.40% (35867/42000)
          rx=7 on seen_days=['2021_03_01', '2021_03_08']: tx=72.16% (8659/12000)
          rx=8 on seen_days=['2021_03_01', '2021_03_08']: tx=66.15% (7938/12000)
          rx=9 on seen_days=['2021_03_01', '2021_03_08']: tx=81.26% (9751/12000)
          rx=10 on seen_days=['2021_03_01', '2021_03_08']: tx=93.38% (11206/12000)
          rx=11 on seen_days=['2021_03_01', '2021_03_08']: tx=91.35% (10962/12000)
[BEST-JOINT]  val_tx=94.76% & test_tx=82.45% @ E006
[CKPT]  latest -> finalist_runs/C4_A2_ecc003_satmain_seed1337/latest_model.pth (saved) | best -> finalist_runs/C4_A2_ecc003_satmain_seed1337/best_model_val.pth (updated: val improved)
====================================================================================================================================
[SAT-TEST] scenario=clear_leo selected=test_unseen_day_unseen_rx overall_tx=33.79% strict_udu=33.79% (20272/60000)
[SAT-TEST] scenario=low_elev_leo selected=test_unseen_day_unseen_rx overall_tx=33.48% strict_udu=33.48% (20085/60000)
[SAT-TEST] scenario=rain_leo selected=test_unseen_day_unseen_rx overall_tx=32.81% strict_udu=32.81% (19688/60000)
[SAT-TEST] scenario=storm_mp selected=test_unseen_day_unseen_rx overall_tx=28.83% strict_udu=28.83% (17297/60000)
[SAT-TEST] scenario=mixed_orbit selected=test_unseen_day_unseen_rx overall_tx=30.28% strict_udu=30.28% (18169/60000)
[BEST-TEST] overall=82.45% @ E006 -> finalist_runs/C4_A2_ecc003_satmain_seed1337/best_model_test_overall.pth | unseen_day_unseen_rx=75.56% @ E006 -> finalist_runs/C4_A2_ecc003_satmain_seed1337/best_model_strict_udu.pth | unseen_day_seen_rx=88.52% @ E006 | seen_day_unseen_rx=80.86% @ E006
[BEST-PRIMARY] score=77.97 @ E006 -> finalist_runs/C4_A2_ecc003_satmain_seed1337/best_model_primary_ood.pth | overall=82.45% strict_udu=75.56%
[BEST-WORST-RX] worst_rx=66.15% (test_rx_8) @ E006 -> finalist_runs/C4_A2_ecc003_satmain_seed1337/best_model_worst_rx.pth
====================================================================================================================================
[Epoch 007/200] time=79.4s | lr=1.99e-04 | aux_scale=0.267
[STAGE] phase=S1_core | use_aux=0.0 cons=0.00 cls_aux=0.00 reg=0.00 joint_inv=0.00 kl=0.00 group_ce=0.50
[MIXSTYLE-EPOCH] phase=base enabled=1 p=0.150 strength=0.650 anneal_t=0.000
[AUG] scale=0.148 | p_dac=0.000 p_pa=0.021 p_shift=0.052 p_cfo=0.052 p_awgn=0.059 p_mp=0.027 | max_shift=5 cfo_max=5.916e-05 pn_max=0.0008874
------------------------------------------------------------------------------------------------------------------------------------
[LOSS-CORE] total=4.7395 cls=2.7210 dom=0.9568 adv=2.6218 orth=0.0003 cons=0.2851 group_ce=4.6584
[LOSS-AUX]  cls_pa=0.0000 cls_dac=0.0000 pa_joint_inv=0.0000 pa_kl=0.0000 dac_reg=0.0000 pa_reg=0.0000 gap_dac=0.0000 gap_pa=0.0000 cos_joint_pa=nan cos_imp_pa=nan
[LOSS-SAT]  cls_sat=0.0000 sat_cons=0.0000 sat_cos=nan
[LOSS-DG]   proto=0.0000 proto_cos=nan supcon=0.0000 fishr=0.0037 sgc_res=0.0000
[LOSS-CAL]  ecc=0.0967 ecc_w=0.0293 ecc_tau=0.6573 ecc_maxp=0.9471
[TRAIN] tx=76.65% dom=66.36% cons_cos=0.7149
[GRAD]  total=1.504 backbone=1.000 aux=0.750 domain=0.500
[VAL]   tx=93.41% dom=77.12%
[TEST]  overall_tx=82.55% (168398/204000)
[TEST-SPLIT]
          unseen_day_seen_rx(days=['2021_03_15', '2021_03_23'], rxs=[0, 1, 2, 3, 4, 5, 6]): tx=87.08% (73147/84000)
          seen_day_unseen_rx(days=['2021_03_01', '2021_03_08'], rxs=[7, 8, 9, 10, 11]): tx=80.90% (48538/60000)
          unseen_day_unseen_rx(days=['2021_03_15', '2021_03_23'], rxs=[7, 8, 9, 10, 11]): tx=77.86% (46713/60000)
          day=2021_03_15 on seen_rxs=[0, 1, 2, 3, 4, 5, 6]: tx=91.16% (38288/42000)
          day=2021_03_23 on seen_rxs=[0, 1, 2, 3, 4, 5, 6]: tx=83.00% (34859/42000)
          rx=7 on seen_days=['2021_03_01', '2021_03_08']: tx=75.32% (9038/12000)
          rx=8 on seen_days=['2021_03_01', '2021_03_08']: tx=68.93% (8272/12000)
          rx=9 on seen_days=['2021_03_01', '2021_03_08']: tx=79.57% (9548/12000)
          rx=10 on seen_days=['2021_03_01', '2021_03_08']: tx=91.24% (10949/12000)
          rx=11 on seen_days=['2021_03_01', '2021_03_08']: tx=89.42% (10731/12000)
[BEST-JOINT]  val_tx=94.76% & test_tx=82.45% @ E006
[CKPT]  latest -> finalist_runs/C4_A2_ecc003_satmain_seed1337/latest_model.pth (saved) | best -> finalist_runs/C4_A2_ecc003_satmain_seed1337/best_model_val.pth
====================================================================================================================================
[SAT-TEST] scenario=clear_leo selected=test_unseen_day_unseen_rx overall_tx=35.16% strict_udu=35.16% (21096/60000)
[SAT-TEST] scenario=low_elev_leo selected=test_unseen_day_unseen_rx overall_tx=34.37% strict_udu=34.37% (20619/60000)
[SAT-TEST] scenario=rain_leo selected=test_unseen_day_unseen_rx overall_tx=33.98% strict_udu=33.98% (20390/60000)
[SAT-TEST] scenario=storm_mp selected=test_unseen_day_unseen_rx overall_tx=29.61% strict_udu=29.61% (17764/60000)
[SAT-TEST] scenario=mixed_orbit selected=test_unseen_day_unseen_rx overall_tx=31.50% strict_udu=31.50% (18899/60000)
[BEST-TEST] overall=82.55% @ E007 -> finalist_runs/C4_A2_ecc003_satmain_seed1337/best_model_test_overall.pth | unseen_day_unseen_rx=77.86% @ E007 -> finalist_runs/C4_A2_ecc003_satmain_seed1337/best_model_strict_udu.pth | unseen_day_seen_rx=88.52% @ E006 | seen_day_unseen_rx=80.90% @ E007
[BEST-PRIMARY] score=79.50 @ E007 -> finalist_runs/C4_A2_ecc003_satmain_seed1337/best_model_primary_ood.pth | overall=82.55% strict_udu=77.86%
[BEST-WORST-RX] worst_rx=68.93% (test_rx_8) @ E007 -> finalist_runs/C4_A2_ecc003_satmain_seed1337/best_model_worst_rx.pth
====================================================================================================================================
[Epoch 008/200] time=78.7s | lr=1.99e-04 | aux_scale=0.333
[STAGE] phase=S1_core | use_aux=0.0 cons=0.00 cls_aux=0.00 reg=0.00 joint_inv=0.00 kl=0.00 group_ce=0.50
[MIXSTYLE-EPOCH] phase=base enabled=1 p=0.150 strength=0.650 anneal_t=0.000
[AUG] scale=0.163 | p_dac=0.000 p_pa=0.023 p_shift=0.057 p_cfo=0.057 p_awgn=0.065 p_mp=0.029 | max_shift=5 cfo_max=6.533e-05 pn_max=0.0009799
------------------------------------------------------------------------------------------------------------------------------------
[LOSS-CORE] total=5.7512 cls=3.6155 dom=1.0319 adv=2.6202 orth=0.0003 cons=0.2970 group_ce=5.5138
[LOSS-AUX]  cls_pa=0.0000 cls_dac=0.0000 pa_joint_inv=0.0000 pa_kl=0.0000 dac_reg=0.0000 pa_reg=0.0000 gap_dac=0.0000 gap_pa=0.0000 cos_joint_pa=nan cos_imp_pa=nan
[LOSS-SAT]  cls_sat=0.0000 sat_cons=0.0000 sat_cos=nan
[LOSS-DG]   proto=0.0000 proto_cos=nan supcon=0.0000 fishr=0.0040 sgc_res=0.0000
[LOSS-CAL]  ecc=0.0916 ecc_w=0.0290 ecc_tau=0.6600 ecc_maxp=0.9365
[TRAIN] tx=71.64% dom=63.77% cons_cos=0.7030
[GRAD]  total=1.533 backbone=1.000 aux=0.750 domain=0.500
[VAL]   tx=94.62% dom=81.48%
[TEST]  overall_tx=83.62% (170590/204000)
[TEST-SPLIT]
          unseen_day_seen_rx(days=['2021_03_15', '2021_03_23'], rxs=[0, 1, 2, 3, 4, 5, 6]): tx=88.37% (74228/84000)
          seen_day_unseen_rx(days=['2021_03_01', '2021_03_08'], rxs=[7, 8, 9, 10, 11]): tx=81.68% (49007/60000)
          unseen_day_unseen_rx(days=['2021_03_15', '2021_03_23'], rxs=[7, 8, 9, 10, 11]): tx=78.92% (47355/60000)
          day=2021_03_15 on seen_rxs=[0, 1, 2, 3, 4, 5, 6]: tx=92.37% (38797/42000)
          day=2021_03_23 on seen_rxs=[0, 1, 2, 3, 4, 5, 6]: tx=84.36% (35431/42000)
          rx=7 on seen_days=['2021_03_01', '2021_03_08']: tx=77.12% (9254/12000)
          rx=8 on seen_days=['2021_03_01', '2021_03_08']: tx=72.88% (8746/12000)
          rx=9 on seen_days=['2021_03_01', '2021_03_08']: tx=79.60% (9552/12000)
          rx=10 on seen_days=['2021_03_01', '2021_03_08']: tx=87.03% (10444/12000)
          rx=11 on seen_days=['2021_03_01', '2021_03_08']: tx=91.76% (11011/12000)
[BEST-JOINT]  val_tx=94.76% & test_tx=82.45% @ E006
[CKPT]  latest -> finalist_runs/C4_A2_ecc003_satmain_seed1337/latest_model.pth (saved) | best -> finalist_runs/C4_A2_ecc003_satmain_seed1337/best_model_val.pth
====================================================================================================================================
[SAT-TEST] scenario=clear_leo selected=test_unseen_day_unseen_rx overall_tx=36.78% strict_udu=36.78% (22066/60000)
[SAT-TEST] scenario=low_elev_leo selected=test_unseen_day_unseen_rx overall_tx=35.70% strict_udu=35.70% (21418/60000)
[SAT-TEST] scenario=rain_leo selected=test_unseen_day_unseen_rx overall_tx=35.46% strict_udu=35.46% (21277/60000)
[SAT-TEST] scenario=storm_mp selected=test_unseen_day_unseen_rx overall_tx=30.28% strict_udu=30.28% (18167/60000)
[SAT-TEST] scenario=mixed_orbit selected=test_unseen_day_unseen_rx overall_tx=32.23% strict_udu=32.23% (19335/60000)
[BEST-TEST] overall=83.62% @ E008 -> finalist_runs/C4_A2_ecc003_satmain_seed1337/best_model_test_overall.pth | unseen_day_unseen_rx=78.92% @ E008 -> finalist_runs/C4_A2_ecc003_satmain_seed1337/best_model_strict_udu.pth | unseen_day_seen_rx=88.52% @ E006 | seen_day_unseen_rx=81.68% @ E008
[BEST-PRIMARY] score=80.57 @ E008 -> finalist_runs/C4_A2_ecc003_satmain_seed1337/best_model_primary_ood.pth | overall=83.62% strict_udu=78.92%
[BEST-WORST-RX] worst_rx=72.88% (test_rx_8) @ E008 -> finalist_runs/C4_A2_ecc003_satmain_seed1337/best_model_worst_rx.pth
====================================================================================================================================
[Epoch 009/200] time=79.0s | lr=1.99e-04 | aux_scale=0.400
[STAGE] phase=S1_core | use_aux=0.0 cons=0.00 cls_aux=0.00 reg=0.00 joint_inv=0.00 kl=0.00 group_ce=0.50
[MIXSTYLE-EPOCH] phase=base enabled=1 p=0.150 strength=0.650 anneal_t=0.000
[AUG] scale=0.180 | p_dac=0.000 p_pa=0.025 p_shift=0.063 p_cfo=0.063 p_awgn=0.072 p_mp=0.032 | max_shift=6 cfo_max=7.181e-05 pn_max=0.001077
------------------------------------------------------------------------------------------------------------------------------------
[LOSS-CORE] total=4.7830 cls=2.8539 dom=0.8708 adv=2.6163 orth=0.0003 cons=0.2680 group_ce=4.6283
[LOSS-AUX]  cls_pa=0.0000 cls_dac=0.0000 pa_joint_inv=0.0000 pa_kl=0.0000 dac_reg=0.0000 pa_reg=0.0000 gap_dac=0.0000 gap_pa=0.0000 cos_joint_pa=nan cos_imp_pa=nan
[LOSS-SAT]  cls_sat=0.0000 sat_cons=0.0000 sat_cos=nan
[LOSS-DG]   proto=0.0000 proto_cos=nan supcon=0.0000 fishr=0.0035 sgc_res=0.0000
[LOSS-CAL]  ecc=0.0927 ecc_w=0.0287 ecc_tau=0.6630 ecc_maxp=0.9440
[TRAIN] tx=76.57% dom=68.52% cons_cos=0.7320
[GRAD]  total=1.553 backbone=1.000 aux=0.750 domain=0.500
[VAL]   tx=96.68% dom=80.58%
[TEST]  overall_tx=85.36% (174139/204000)
[TEST-SPLIT]
          unseen_day_seen_rx(days=['2021_03_15', '2021_03_23'], rxs=[0, 1, 2, 3, 4, 5, 6]): tx=91.81% (77117/84000)
          seen_day_unseen_rx(days=['2021_03_01', '2021_03_08'], rxs=[7, 8, 9, 10, 11]): tx=84.30% (50579/60000)
          unseen_day_unseen_rx(days=['2021_03_15', '2021_03_23'], rxs=[7, 8, 9, 10, 11]): tx=77.41% (46443/60000)
          day=2021_03_15 on seen_rxs=[0, 1, 2, 3, 4, 5, 6]: tx=94.35% (39627/42000)
          day=2021_03_23 on seen_rxs=[0, 1, 2, 3, 4, 5, 6]: tx=89.26% (37490/42000)
          rx=7 on seen_days=['2021_03_01', '2021_03_08']: tx=76.83% (9220/12000)
          rx=8 on seen_days=['2021_03_01', '2021_03_08']: tx=69.69% (8363/12000)
          rx=9 on seen_days=['2021_03_01', '2021_03_08']: tx=84.80% (10176/12000)
          rx=10 on seen_days=['2021_03_01', '2021_03_08']: tx=94.95% (11394/12000)
          rx=11 on seen_days=['2021_03_01', '2021_03_08']: tx=95.22% (11426/12000)
[BEST-JOINT]  val_tx=96.68% & test_tx=85.36% @ E009
[CKPT]  latest -> finalist_runs/C4_A2_ecc003_satmain_seed1337/latest_model.pth (saved) | best -> finalist_runs/C4_A2_ecc003_satmain_seed1337/best_model_val.pth (updated: val improved)
====================================================================================================================================
[SAT-TEST] scenario=clear_leo selected=test_unseen_day_unseen_rx overall_tx=34.21% strict_udu=34.21% (20527/60000)
[SAT-TEST] scenario=low_elev_leo selected=test_unseen_day_unseen_rx overall_tx=33.72% strict_udu=33.72% (20234/60000)
[SAT-TEST] scenario=rain_leo selected=test_unseen_day_unseen_rx overall_tx=32.85% strict_udu=32.85% (19713/60000)
[SAT-TEST] scenario=storm_mp selected=test_unseen_day_unseen_rx overall_tx=29.19% strict_udu=29.19% (17513/60000)
[SAT-TEST] scenario=mixed_orbit selected=test_unseen_day_unseen_rx overall_tx=30.74% strict_udu=30.74% (18445/60000)
[BEST-TEST] overall=85.36% @ E009 -> finalist_runs/C4_A2_ecc003_satmain_seed1337/best_model_test_overall.pth | unseen_day_unseen_rx=78.92% @ E008 -> finalist_runs/C4_A2_ecc003_satmain_seed1337/best_model_strict_udu.pth | unseen_day_seen_rx=91.81% @ E009 | seen_day_unseen_rx=84.30% @ E009
[BEST-PRIMARY] score=80.57 @ E008 -> finalist_runs/C4_A2_ecc003_satmain_seed1337/best_model_primary_ood.pth | overall=83.62% strict_udu=78.92%
[BEST-WORST-RX] worst_rx=72.88% (test_rx_8) @ E008 -> finalist_runs/C4_A2_ecc003_satmain_seed1337/best_model_worst_rx.pth
====================================================================================================================================
[Epoch 010/200] time=79.5s | lr=1.99e-04 | aux_scale=0.467
[STAGE] phase=S1_core | use_aux=0.0 cons=0.00 cls_aux=0.00 reg=0.00 joint_inv=0.00 kl=0.00 group_ce=0.50
[MIXSTYLE-EPOCH] phase=base enabled=1 p=0.150 strength=0.650 anneal_t=0.000
[AUG] scale=0.196 | p_dac=0.000 p_pa=0.027 p_shift=0.069 p_cfo=0.069 p_awgn=0.079 p_mp=0.035 | max_shift=6 cfo_max=7.857e-05 pn_max=0.001179
------------------------------------------------------------------------------------------------------------------------------------
[LOSS-CORE] total=5.0987 cls=3.1433 dom=0.8872 adv=2.6119 orth=0.0003 cons=0.2740 group_ce=4.8564
[LOSS-AUX]  cls_pa=0.0000 cls_dac=0.0000 pa_joint_inv=0.0000 pa_kl=0.0000 dac_reg=0.0000 pa_reg=0.0000 gap_dac=0.0000 gap_pa=0.0000 cos_joint_pa=nan cos_imp_pa=nan
[LOSS-SAT]  cls_sat=0.0000 sat_cons=0.0000 sat_cos=nan
[LOSS-DG]   proto=0.0000 proto_cos=nan supcon=0.0000 fishr=0.0032 sgc_res=0.0000
[LOSS-CAL]  ecc=0.0888 ecc_w=0.0284 ecc_tau=0.6663 ecc_maxp=0.9362
[TRAIN] tx=75.17% dom=69.00% cons_cos=0.7260
[GRAD]  total=1.594 backbone=1.000 aux=0.750 domain=0.500
[VAL]   tx=96.48% dom=85.38%
[TEST]  overall_tx=85.02% (173432/204000)
[TEST-SPLIT]
          unseen_day_seen_rx(days=['2021_03_15', '2021_03_23'], rxs=[0, 1, 2, 3, 4, 5, 6]): tx=90.86% (76320/84000)
          seen_day_unseen_rx(days=['2021_03_01', '2021_03_08'], rxs=[7, 8, 9, 10, 11]): tx=83.83% (50298/60000)
          unseen_day_unseen_rx(days=['2021_03_15', '2021_03_23'], rxs=[7, 8, 9, 10, 11]): tx=78.02% (46814/60000)
          day=2021_03_15 on seen_rxs=[0, 1, 2, 3, 4, 5, 6]: tx=93.98% (39472/42000)
          day=2021_03_23 on seen_rxs=[0, 1, 2, 3, 4, 5, 6]: tx=87.73% (36848/42000)
          rx=7 on seen_days=['2021_03_01', '2021_03_08']: tx=76.57% (9188/12000)
          rx=8 on seen_days=['2021_03_01', '2021_03_08']: tx=69.86% (8383/12000)
          rx=9 on seen_days=['2021_03_01', '2021_03_08']: tx=84.26% (10111/12000)
          rx=10 on seen_days=['2021_03_01', '2021_03_08']: tx=95.88% (11505/12000)
          rx=11 on seen_days=['2021_03_01', '2021_03_08']: tx=92.59% (11111/12000)
[BEST-JOINT]  val_tx=96.68% & test_tx=85.36% @ E009
[CKPT]  latest -> finalist_runs/C4_A2_ecc003_satmain_seed1337/latest_model.pth (saved) | best -> finalist_runs/C4_A2_ecc003_satmain_seed1337/best_model_val.pth
====================================================================================================================================
[SAT-TEST] scenario=clear_leo selected=test_unseen_day_unseen_rx overall_tx=35.61% strict_udu=35.61% (21366/60000)
[SAT-TEST] scenario=low_elev_leo selected=test_unseen_day_unseen_rx overall_tx=34.81% strict_udu=34.81% (20884/60000)
[SAT-TEST] scenario=rain_leo selected=test_unseen_day_unseen_rx overall_tx=34.49% strict_udu=34.49% (20693/60000)
[SAT-TEST] scenario=storm_mp selected=test_unseen_day_unseen_rx overall_tx=29.88% strict_udu=29.88% (17927/60000)
[SAT-TEST] scenario=mixed_orbit selected=test_unseen_day_unseen_rx overall_tx=31.66% strict_udu=31.66% (18995/60000)
[BEST-TEST] overall=85.36% @ E009 -> finalist_runs/C4_A2_ecc003_satmain_seed1337/best_model_test_overall.pth | unseen_day_unseen_rx=78.92% @ E008 -> finalist_runs/C4_A2_ecc003_satmain_seed1337/best_model_strict_udu.pth | unseen_day_seen_rx=91.81% @ E009 | seen_day_unseen_rx=84.30% @ E009
[BEST-PRIMARY] score=80.57 @ E008 -> finalist_runs/C4_A2_ecc003_satmain_seed1337/best_model_primary_ood.pth | overall=83.62% strict_udu=78.92%
[BEST-WORST-RX] worst_rx=72.88% (test_rx_8) @ E008 -> finalist_runs/C4_A2_ecc003_satmain_seed1337/best_model_worst_rx.pth
====================================================================================================================================
[Epoch 011/200] time=78.9s | lr=1.99e-04 | aux_scale=0.533
[STAGE] phase=S1_core | use_aux=0.0 cons=0.00 cls_aux=0.00 reg=0.00 joint_inv=0.00 kl=0.00 group_ce=0.50
[MIXSTYLE-EPOCH] phase=base enabled=1 p=0.150 strength=0.650 anneal_t=0.000
[AUG] scale=0.214 | p_dac=0.000 p_pa=0.030 p_shift=0.075 p_cfo=0.075 p_awgn=0.086 p_mp=0.039 | max_shift=7 cfo_max=8.558e-05 pn_max=0.001284
------------------------------------------------------------------------------------------------------------------------------------
[LOSS-CORE] total=5.6890 cls=3.6370 dom=0.9557 adv=2.6075 orth=0.0003 cons=0.2858 group_ce=5.4506
[LOSS-AUX]  cls_pa=0.0000 cls_dac=0.0000 pa_joint_inv=0.0000 pa_kl=0.0000 dac_reg=0.0000 pa_reg=0.0000 gap_dac=0.0000 gap_pa=0.0000 cos_joint_pa=nan cos_imp_pa=nan
[LOSS-SAT]  cls_sat=0.0000 sat_cons=0.0000 sat_cos=nan
[LOSS-DG]   proto=0.0000 proto_cos=nan supcon=0.0000 fishr=0.0036 sgc_res=0.0000
[LOSS-CAL]  ecc=0.0851 ecc_w=0.0280 ecc_tau=0.6701 ecc_maxp=0.9292
[TRAIN] tx=72.15% dom=66.27% cons_cos=0.7142
[GRAD]  total=1.686 backbone=1.000 aux=0.750 domain=0.500
[VAL]   tx=96.89% dom=82.13%
[TEST]  overall_tx=86.14% (175730/204000)
[TEST-SPLIT]
          unseen_day_seen_rx(days=['2021_03_15', '2021_03_23'], rxs=[0, 1, 2, 3, 4, 5, 6]): tx=91.63% (76968/84000)
          seen_day_unseen_rx(days=['2021_03_01', '2021_03_08'], rxs=[7, 8, 9, 10, 11]): tx=84.92% (50951/60000)
          unseen_day_unseen_rx(days=['2021_03_15', '2021_03_23'], rxs=[7, 8, 9, 10, 11]): tx=79.69% (47811/60000)
          day=2021_03_15 on seen_rxs=[0, 1, 2, 3, 4, 5, 6]: tx=94.63% (39746/42000)
          day=2021_03_23 on seen_rxs=[0, 1, 2, 3, 4, 5, 6]: tx=88.62% (37222/42000)
          rx=7 on seen_days=['2021_03_01', '2021_03_08']: tx=77.63% (9316/12000)
          rx=8 on seen_days=['2021_03_01', '2021_03_08']: tx=71.08% (8529/12000)
          rx=9 on seen_days=['2021_03_01', '2021_03_08']: tx=86.16% (10339/12000)
          rx=10 on seen_days=['2021_03_01', '2021_03_08']: tx=95.11% (11413/12000)
          rx=11 on seen_days=['2021_03_01', '2021_03_08']: tx=94.62% (11354/12000)
[BEST-JOINT]  val_tx=96.89% & test_tx=86.14% @ E011
[CKPT]  latest -> finalist_runs/C4_A2_ecc003_satmain_seed1337/latest_model.pth (saved) | best -> finalist_runs/C4_A2_ecc003_satmain_seed1337/best_model_val.pth (updated: val improved)
====================================================================================================================================
[SAT-TEST] scenario=clear_leo selected=test_unseen_day_unseen_rx overall_tx=35.28% strict_udu=35.28% (21170/60000)
[SAT-TEST] scenario=low_elev_leo selected=test_unseen_day_unseen_rx overall_tx=34.51% strict_udu=34.51% (20705/60000)
[SAT-TEST] scenario=rain_leo selected=test_unseen_day_unseen_rx overall_tx=33.74% strict_udu=33.74% (20245/60000)
[SAT-TEST] scenario=storm_mp selected=test_unseen_day_unseen_rx overall_tx=29.49% strict_udu=29.49% (17695/60000)
[SAT-TEST] scenario=mixed_orbit selected=test_unseen_day_unseen_rx overall_tx=31.53% strict_udu=31.53% (18916/60000)
[BEST-TEST] overall=86.14% @ E011 -> finalist_runs/C4_A2_ecc003_satmain_seed1337/best_model_test_overall.pth | unseen_day_unseen_rx=79.69% @ E011 -> finalist_runs/C4_A2_ecc003_satmain_seed1337/best_model_strict_udu.pth | unseen_day_seen_rx=91.81% @ E009 | seen_day_unseen_rx=84.92% @ E011
[BEST-PRIMARY] score=81.95 @ E011 -> finalist_runs/C4_A2_ecc003_satmain_seed1337/best_model_primary_ood.pth | overall=86.14% strict_udu=79.69%
[BEST-WORST-RX] worst_rx=72.88% (test_rx_8) @ E008 -> finalist_runs/C4_A2_ecc003_satmain_seed1337/best_model_worst_rx.pth
====================================================================================================================================
[Epoch 012/200] time=80.3s | lr=1.98e-04 | aux_scale=0.600
[STAGE] phase=S1_core | use_aux=0.0 cons=0.00 cls_aux=0.00 reg=0.00 joint_inv=0.00 kl=0.00 group_ce=0.50
[MIXSTYLE-EPOCH] phase=base enabled=1 p=0.150 strength=0.650 anneal_t=0.000
[AUG] scale=0.232 | p_dac=0.000 p_pa=0.032 p_shift=0.081 p_cfo=0.081 p_awgn=0.093 p_mp=0.042 | max_shift=7 cfo_max=9.281e-05 pn_max=0.001392
------------------------------------------------------------------------------------------------------------------------------------
[LOSS-CORE] total=5.9926 cls=3.8763 dom=1.0154 adv=2.6043 orth=0.0003 cons=0.2791 group_ce=5.5676
[LOSS-AUX]  cls_pa=0.0000 cls_dac=0.0000 pa_joint_inv=0.0000 pa_kl=0.0000 dac_reg=0.0000 pa_reg=0.0000 gap_dac=0.0000 gap_pa=0.0000 cos_joint_pa=nan cos_imp_pa=nan
[LOSS-SAT]  cls_sat=0.0000 sat_cons=0.0000 sat_cos=nan
[LOSS-DG]   proto=0.0000 proto_cos=nan supcon=0.0000 fishr=0.0039 sgc_res=0.0000
[LOSS-CAL]  ecc=0.0779 ecc_w=0.0276 ecc_tau=0.6742 ecc_maxp=0.9102
[TRAIN] tx=68.65% dom=65.49% cons_cos=0.7209
[GRAD]  total=1.628 backbone=1.000 aux=0.750 domain=0.500
[VAL]   tx=97.01% dom=84.09%
[TEST]  overall_tx=85.23% (173869/204000)
[TEST-SPLIT]
          unseen_day_seen_rx(days=['2021_03_15', '2021_03_23'], rxs=[0, 1, 2, 3, 4, 5, 6]): tx=92.12% (77380/84000)
          seen_day_unseen_rx(days=['2021_03_01', '2021_03_08'], rxs=[7, 8, 9, 10, 11]): tx=83.53% (50121/60000)
          unseen_day_unseen_rx(days=['2021_03_15', '2021_03_23'], rxs=[7, 8, 9, 10, 11]): tx=77.28% (46368/60000)
          day=2021_03_15 on seen_rxs=[0, 1, 2, 3, 4, 5, 6]: tx=94.19% (39561/42000)
          day=2021_03_23 on seen_rxs=[0, 1, 2, 3, 4, 5, 6]: tx=90.05% (37819/42000)
          rx=7 on seen_days=['2021_03_01', '2021_03_08']: tx=70.78% (8494/12000)
          rx=8 on seen_days=['2021_03_01', '2021_03_08']: tx=70.58% (8470/12000)
          rx=9 on seen_days=['2021_03_01', '2021_03_08']: tx=85.91% (10309/12000)
          rx=10 on seen_days=['2021_03_01', '2021_03_08']: tx=93.67% (11240/12000)
          rx=11 on seen_days=['2021_03_01', '2021_03_08']: tx=96.73% (11608/12000)
[BEST-JOINT]  val_tx=97.01% & test_tx=85.23% @ E012
[CKPT]  latest -> finalist_runs/C4_A2_ecc003_satmain_seed1337/latest_model.pth (saved) | best -> finalist_runs/C4_A2_ecc003_satmain_seed1337/best_model_val.pth (updated: val improved)
====================================================================================================================================
[SAT-TEST] scenario=clear_leo selected=test_unseen_day_unseen_rx overall_tx=33.92% strict_udu=33.92% (20354/60000)
[SAT-TEST] scenario=low_elev_leo selected=test_unseen_day_unseen_rx overall_tx=32.80% strict_udu=32.80% (19682/60000)
[SAT-TEST] scenario=rain_leo selected=test_unseen_day_unseen_rx overall_tx=32.57% strict_udu=32.57% (19540/60000)
[SAT-TEST] scenario=storm_mp selected=test_unseen_day_unseen_rx overall_tx=28.46% strict_udu=28.46% (17079/60000)
[SAT-TEST] scenario=mixed_orbit selected=test_unseen_day_unseen_rx overall_tx=30.45% strict_udu=30.45% (18269/60000)
[BEST-TEST] overall=86.14% @ E011 -> finalist_runs/C4_A2_ecc003_satmain_seed1337/best_model_test_overall.pth | unseen_day_unseen_rx=79.69% @ E011 -> finalist_runs/C4_A2_ecc003_satmain_seed1337/best_model_strict_udu.pth | unseen_day_seen_rx=92.12% @ E012 | seen_day_unseen_rx=84.92% @ E011
[BEST-PRIMARY] score=81.95 @ E011 -> finalist_runs/C4_A2_ecc003_satmain_seed1337/best_model_primary_ood.pth | overall=86.14% strict_udu=79.69%
[BEST-WORST-RX] worst_rx=72.88% (test_rx_8) @ E008 -> finalist_runs/C4_A2_ecc003_satmain_seed1337/best_model_worst_rx.pth
====================================================================================================================================
[Epoch 013/200] time=79.3s | lr=1.98e-04 | aux_scale=0.667
[STAGE] phase=S1_core | use_aux=0.0 cons=0.00 cls_aux=0.00 reg=0.00 joint_inv=0.00 kl=0.00 group_ce=0.50
[MIXSTYLE-EPOCH] phase=base enabled=1 p=0.150 strength=0.650 anneal_t=0.000
[AUG] scale=0.251 | p_dac=0.000 p_pa=0.035 p_shift=0.088 p_cfo=0.088 p_awgn=0.100 p_mp=0.045 | max_shift=8 cfo_max=0.0001002 pn_max=0.001504
------------------------------------------------------------------------------------------------------------------------------------
[LOSS-CORE] total=5.5650 cls=3.5568 dom=0.9281 adv=2.6025 orth=0.0003 cons=0.2744 group_ce=5.1617
[LOSS-AUX]  cls_pa=0.0000 cls_dac=0.0000 pa_joint_inv=0.0000 pa_kl=0.0000 dac_reg=0.0000 pa_reg=0.0000 gap_dac=0.0000 gap_pa=0.0000 cos_joint_pa=nan cos_imp_pa=nan
[LOSS-SAT]  cls_sat=0.0000 sat_cons=0.0000 sat_cos=nan
[LOSS-DG]   proto=0.0000 proto_cos=nan supcon=0.0000 fishr=0.0036 sgc_res=0.0000
[LOSS-CAL]  ecc=0.0782 ecc_w=0.0271 ecc_tau=0.6786 ecc_maxp=0.9158
[TRAIN] tx=71.02% dom=66.66% cons_cos=0.7256
[GRAD]  total=1.599 backbone=1.000 aux=0.750 domain=0.500
[VAL]   tx=94.68% dom=87.58%
[TEST]  overall_tx=82.81% (168942/204000)
[TEST-SPLIT]
          unseen_day_seen_rx(days=['2021_03_15', '2021_03_23'], rxs=[0, 1, 2, 3, 4, 5, 6]): tx=87.80% (73752/84000)
          seen_day_unseen_rx(days=['2021_03_01', '2021_03_08'], rxs=[7, 8, 9, 10, 11]): tx=80.89% (48532/60000)
          unseen_day_unseen_rx(days=['2021_03_15', '2021_03_23'], rxs=[7, 8, 9, 10, 11]): tx=77.76% (46658/60000)
          day=2021_03_15 on seen_rxs=[0, 1, 2, 3, 4, 5, 6]: tx=91.72% (38524/42000)
          day=2021_03_23 on seen_rxs=[0, 1, 2, 3, 4, 5, 6]: tx=83.88% (35228/42000)
          rx=7 on seen_days=['2021_03_01', '2021_03_08']: tx=76.62% (9195/12000)
          rx=8 on seen_days=['2021_03_01', '2021_03_08']: tx=70.11% (8413/12000)
          rx=9 on seen_days=['2021_03_01', '2021_03_08']: tx=79.06% (9487/12000)
          rx=10 on seen_days=['2021_03_01', '2021_03_08']: tx=90.11% (10813/12000)
          rx=11 on seen_days=['2021_03_01', '2021_03_08']: tx=88.53% (10624/12000)
[BEST-JOINT]  val_tx=97.01% & test_tx=85.23% @ E012
[CKPT]  latest -> finalist_runs/C4_A2_ecc003_satmain_seed1337/latest_model.pth (saved) | best -> finalist_runs/C4_A2_ecc003_satmain_seed1337/best_model_val.pth
====================================================================================================================================
[SAT-TEST] scenario=clear_leo selected=test_unseen_day_unseen_rx overall_tx=38.07% strict_udu=38.07% (22844/60000)
[SAT-TEST] scenario=low_elev_leo selected=test_unseen_day_unseen_rx overall_tx=35.48% strict_udu=35.48% (21288/60000)
[SAT-TEST] scenario=rain_leo selected=test_unseen_day_unseen_rx overall_tx=36.28% strict_udu=36.28% (21769/60000)
[SAT-TEST] scenario=storm_mp selected=test_unseen_day_unseen_rx overall_tx=30.42% strict_udu=30.42% (18251/60000)
[SAT-TEST] scenario=mixed_orbit selected=test_unseen_day_unseen_rx overall_tx=32.44% strict_udu=32.44% (19466/60000)
[BEST-TEST] overall=86.14% @ E011 -> finalist_runs/C4_A2_ecc003_satmain_seed1337/best_model_test_overall.pth | unseen_day_unseen_rx=79.69% @ E011 -> finalist_runs/C4_A2_ecc003_satmain_seed1337/best_model_strict_udu.pth | unseen_day_seen_rx=92.12% @ E012 | seen_day_unseen_rx=84.92% @ E011
[BEST-PRIMARY] score=81.95 @ E011 -> finalist_runs/C4_A2_ecc003_satmain_seed1337/best_model_primary_ood.pth | overall=86.14% strict_udu=79.69%
[BEST-WORST-RX] worst_rx=72.88% (test_rx_8) @ E008 -> finalist_runs/C4_A2_ecc003_satmain_seed1337/best_model_worst_rx.pth
====================================================================================================================================
[Epoch 014/200] time=80.2s | lr=1.98e-04 | aux_scale=0.733
[STAGE] phase=S1_core | use_aux=0.0 cons=0.00 cls_aux=0.00 reg=0.00 joint_inv=0.00 kl=0.00 group_ce=0.50
[MIXSTYLE-EPOCH] phase=base enabled=1 p=0.150 strength=0.650 anneal_t=0.000
[AUG] scale=0.270 | p_dac=0.000 p_pa=0.038 p_shift=0.094 p_cfo=0.094 p_awgn=0.108 p_mp=0.049 | max_shift=9 cfo_max=0.0001079 pn_max=0.001618
------------------------------------------------------------------------------------------------------------------------------------
[LOSS-CORE] total=4.6098 cls=2.8003 dom=0.7665 adv=2.5960 orth=0.0003 cons=0.2624 group_ce=4.4612
[LOSS-AUX]  cls_pa=0.0000 cls_dac=0.0000 pa_joint_inv=0.0000 pa_kl=0.0000 dac_reg=0.0000 pa_reg=0.0000 gap_dac=0.0000 gap_pa=0.0000 cos_joint_pa=nan cos_imp_pa=nan
[LOSS-SAT]  cls_sat=0.0000 sat_cons=0.0000 sat_cos=nan
[LOSS-DG]   proto=0.0000 proto_cos=nan supcon=0.0000 fishr=0.0030 sgc_res=0.0000
[LOSS-CAL]  ecc=0.0796 ecc_w=0.0267 ecc_tau=0.6834 ecc_maxp=0.9313
[TRAIN] tx=76.97% dom=71.87% cons_cos=0.7376
[GRAD]  total=1.601 backbone=1.000 aux=0.750 domain=0.499
[VAL]   tx=96.24% dom=85.44%
[TEST]  overall_tx=83.32% (169979/204000)
[TEST-SPLIT]
          unseen_day_seen_rx(days=['2021_03_15', '2021_03_23'], rxs=[0, 1, 2, 3, 4, 5, 6]): tx=88.98% (74741/84000)
          seen_day_unseen_rx(days=['2021_03_01', '2021_03_08'], rxs=[7, 8, 9, 10, 11]): tx=82.13% (49278/60000)
          unseen_day_unseen_rx(days=['2021_03_15', '2021_03_23'], rxs=[7, 8, 9, 10, 11]): tx=76.60% (45960/60000)
          day=2021_03_15 on seen_rxs=[0, 1, 2, 3, 4, 5, 6]: tx=91.98% (38630/42000)
          day=2021_03_23 on seen_rxs=[0, 1, 2, 3, 4, 5, 6]: tx=85.98% (36111/42000)
          rx=7 on seen_days=['2021_03_01', '2021_03_08']: tx=76.24% (9149/12000)
          rx=8 on seen_days=['2021_03_01', '2021_03_08']: tx=71.73% (8608/12000)
          rx=9 on seen_days=['2021_03_01', '2021_03_08']: tx=81.33% (9760/12000)
          rx=10 on seen_days=['2021_03_01', '2021_03_08']: tx=90.19% (10823/12000)
          rx=11 on seen_days=['2021_03_01', '2021_03_08']: tx=91.15% (10938/12000)
[BEST-JOINT]  val_tx=97.01% & test_tx=85.23% @ E012
[CKPT]  latest -> finalist_runs/C4_A2_ecc003_satmain_seed1337/latest_model.pth (saved) | best -> finalist_runs/C4_A2_ecc003_satmain_seed1337/best_model_val.pth
====================================================================================================================================
[SAT-TEST] scenario=clear_leo selected=test_unseen_day_unseen_rx overall_tx=37.07% strict_udu=37.07% (22240/60000)
[SAT-TEST] scenario=low_elev_leo selected=test_unseen_day_unseen_rx overall_tx=35.16% strict_udu=35.16% (21098/60000)
[SAT-TEST] scenario=rain_leo selected=test_unseen_day_unseen_rx overall_tx=35.32% strict_udu=35.32% (21194/60000)
[SAT-TEST] scenario=storm_mp selected=test_unseen_day_unseen_rx overall_tx=30.80% strict_udu=30.80% (18480/60000)
[SAT-TEST] scenario=mixed_orbit selected=test_unseen_day_unseen_rx overall_tx=32.44% strict_udu=32.44% (19465/60000)
[BEST-TEST] overall=86.14% @ E011 -> finalist_runs/C4_A2_ecc003_satmain_seed1337/best_model_test_overall.pth | unseen_day_unseen_rx=79.69% @ E011 -> finalist_runs/C4_A2_ecc003_satmain_seed1337/best_model_strict_udu.pth | unseen_day_seen_rx=92.12% @ E012 | seen_day_unseen_rx=84.92% @ E011
[BEST-PRIMARY] score=81.95 @ E011 -> finalist_runs/C4_A2_ecc003_satmain_seed1337/best_model_primary_ood.pth | overall=86.14% strict_udu=79.69%
[BEST-WORST-RX] worst_rx=72.88% (test_rx_8) @ E008 -> finalist_runs/C4_A2_ecc003_satmain_seed1337/best_model_worst_rx.pth
====================================================================================================================================
[Epoch 015/200] time=78.7s | lr=1.97e-04 | aux_scale=0.800
[STAGE] phase=S1_core | use_aux=0.0 cons=0.00 cls_aux=0.00 reg=0.00 joint_inv=0.00 kl=0.00 group_ce=0.50
[MIXSTYLE-EPOCH] phase=base enabled=1 p=0.150 strength=0.650 anneal_t=0.000
[AUG] scale=0.289 | p_dac=0.000 p_pa=0.040 p_shift=0.101 p_cfo=0.101 p_awgn=0.116 p_mp=0.052 | max_shift=9 cfo_max=0.0001157 pn_max=0.001735
------------------------------------------------------------------------------------------------------------------------------------
[LOSS-CORE] total=5.3265 cls=3.3850 dom=0.8735 adv=2.5963 orth=0.0003 cons=0.2718 group_ce=4.9613
[LOSS-AUX]  cls_pa=0.0000 cls_dac=0.0000 pa_joint_inv=0.0000 pa_kl=0.0000 dac_reg=0.0000 pa_reg=0.0000 gap_dac=0.0000 gap_pa=0.0000 cos_joint_pa=nan cos_imp_pa=nan
[LOSS-SAT]  cls_sat=0.0000 sat_cons=0.0000 sat_cos=nan
[LOSS-DG]   proto=0.0000 proto_cos=nan supcon=0.0000 fishr=0.0034 sgc_res=0.0000
[LOSS-CAL]  ecc=0.0759 ecc_w=0.0261 ecc_tau=0.6885 ecc_maxp=0.9264
[TRAIN] tx=72.69% dom=68.74% cons_cos=0.7282
[GRAD]  total=1.656 backbone=1.000 aux=0.750 domain=0.500
[VAL]   tx=96.51% dom=87.62%
[TEST]  overall_tx=85.33% (174068/204000)
[TEST-SPLIT]
          unseen_day_seen_rx(days=['2021_03_15', '2021_03_23'], rxs=[0, 1, 2, 3, 4, 5, 6]): tx=89.86% (75486/84000)
          seen_day_unseen_rx(days=['2021_03_01', '2021_03_08'], rxs=[7, 8, 9, 10, 11]): tx=83.81% (50286/60000)
          unseen_day_unseen_rx(days=['2021_03_15', '2021_03_23'], rxs=[7, 8, 9, 10, 11]): tx=80.49% (48296/60000)
          day=2021_03_15 on seen_rxs=[0, 1, 2, 3, 4, 5, 6]: tx=93.01% (39065/42000)
          day=2021_03_23 on seen_rxs=[0, 1, 2, 3, 4, 5, 6]: tx=86.72% (36421/42000)
          rx=7 on seen_days=['2021_03_01', '2021_03_08']: tx=77.54% (9305/12000)
          rx=8 on seen_days=['2021_03_01', '2021_03_08']: tx=68.18% (8182/12000)
          rx=9 on seen_days=['2021_03_01', '2021_03_08']: tx=95.06% (11407/12000)
          rx=10 on seen_days=['2021_03_01', '2021_03_08']: tx=88.61% (10633/12000)
          rx=11 on seen_days=['2021_03_01', '2021_03_08']: tx=89.66% (10759/12000)
[BEST-JOINT]  val_tx=97.01% & test_tx=85.23% @ E012
[CKPT]  latest -> finalist_runs/C4_A2_ecc003_satmain_seed1337/latest_model.pth (saved) | best -> finalist_runs/C4_A2_ecc003_satmain_seed1337/best_model_val.pth
====================================================================================================================================
[SAT-TEST] scenario=clear_leo selected=test_unseen_day_unseen_rx overall_tx=39.80% strict_udu=39.80% (23883/60000)
[SAT-TEST] scenario=low_elev_leo selected=test_unseen_day_unseen_rx overall_tx=37.92% strict_udu=37.92% (22750/60000)
[SAT-TEST] scenario=rain_leo selected=test_unseen_day_unseen_rx overall_tx=38.04% strict_udu=38.04% (22825/60000)
[SAT-TEST] scenario=storm_mp selected=test_unseen_day_unseen_rx overall_tx=31.72% strict_udu=31.72% (19032/60000)
[SAT-TEST] scenario=mixed_orbit selected=test_unseen_day_unseen_rx overall_tx=33.59% strict_udu=33.59% (20153/60000)
[BEST-TEST] overall=86.14% @ E011 -> finalist_runs/C4_A2_ecc003_satmain_seed1337/best_model_test_overall.pth | unseen_day_unseen_rx=80.49% @ E015 -> finalist_runs/C4_A2_ecc003_satmain_seed1337/best_model_strict_udu.pth | unseen_day_seen_rx=92.12% @ E012 | seen_day_unseen_rx=84.92% @ E011
[BEST-PRIMARY] score=82.19 @ E015 -> finalist_runs/C4_A2_ecc003_satmain_seed1337/best_model_primary_ood.pth | overall=85.33% strict_udu=80.49%
[BEST-WORST-RX] worst_rx=72.88% (test_rx_8) @ E008 -> finalist_runs/C4_A2_ecc003_satmain_seed1337/best_model_worst_rx.pth
====================================================================================================================================
[Epoch 016/200] time=78.9s | lr=1.97e-04 | aux_scale=0.867
[STAGE] phase=S1_core | use_aux=0.0 cons=0.00 cls_aux=0.00 reg=0.00 joint_inv=0.00 kl=0.00 group_ce=0.50
[MIXSTYLE-EPOCH] phase=base enabled=1 p=0.150 strength=0.650 anneal_t=0.000
[AUG] scale=0.309 | p_dac=0.000 p_pa=0.043 p_shift=0.108 p_cfo=0.108 p_awgn=0.124 p_mp=0.056 | max_shift=10 cfo_max=0.0001236 pn_max=0.001854
------------------------------------------------------------------------------------------------------------------------------------
[LOSS-CORE] total=5.6108 cls=3.6050 dom=0.9255 adv=2.5966 orth=0.0003 cons=0.2738 group_ce=5.2094
[LOSS-AUX]  cls_pa=0.0000 cls_dac=0.0000 pa_joint_inv=0.0000 pa_kl=0.0000 dac_reg=0.0000 pa_reg=0.0000 gap_dac=0.0000 gap_pa=0.0000 cos_joint_pa=nan cos_imp_pa=nan
[LOSS-SAT]  cls_sat=0.0000 sat_cons=0.0000 sat_cos=nan
[LOSS-DG]   proto=0.0000 proto_cos=nan supcon=0.0000 fishr=0.0034 sgc_res=0.0000
[LOSS-CAL]  ecc=0.0694 ecc_w=0.0256 ecc_tau=0.6939 ecc_maxp=0.9068
[TRAIN] tx=70.20% dom=67.30% cons_cos=0.7262
[GRAD]  total=1.631 backbone=1.000 aux=0.750 domain=0.499
[VAL]   tx=97.76% dom=89.39%
[TEST]  overall_tx=87.92% (179347/204000)
[TEST-SPLIT]
          unseen_day_seen_rx(days=['2021_03_15', '2021_03_23'], rxs=[0, 1, 2, 3, 4, 5, 6]): tx=93.65% (78666/84000)
          seen_day_unseen_rx(days=['2021_03_01', '2021_03_08'], rxs=[7, 8, 9, 10, 11]): tx=86.61% (51969/60000)
          unseen_day_unseen_rx(days=['2021_03_15', '2021_03_23'], rxs=[7, 8, 9, 10, 11]): tx=81.19% (48712/60000)
          day=2021_03_15 on seen_rxs=[0, 1, 2, 3, 4, 5, 6]: tx=95.42% (40077/42000)
          day=2021_03_23 on seen_rxs=[0, 1, 2, 3, 4, 5, 6]: tx=91.88% (38589/42000)
          rx=7 on seen_days=['2021_03_01', '2021_03_08']: tx=77.43% (9292/12000)
          rx=8 on seen_days=['2021_03_01', '2021_03_08']: tx=74.73% (8968/12000)
          rx=9 on seen_days=['2021_03_01', '2021_03_08']: tx=88.92% (10670/12000)
          rx=10 on seen_days=['2021_03_01', '2021_03_08']: tx=95.11% (11413/12000)
          rx=11 on seen_days=['2021_03_01', '2021_03_08']: tx=96.88% (11626/12000)
[BEST-JOINT]  val_tx=97.76% & test_tx=87.92% @ E016
[CKPT]  latest -> finalist_runs/C4_A2_ecc003_satmain_seed1337/latest_model.pth (saved) | best -> finalist_runs/C4_A2_ecc003_satmain_seed1337/best_model_val.pth (updated: val improved)
====================================================================================================================================
[SAT-TEST] scenario=clear_leo selected=test_unseen_day_unseen_rx overall_tx=36.93% strict_udu=36.93% (22159/60000)
[SAT-TEST] scenario=low_elev_leo selected=test_unseen_day_unseen_rx overall_tx=34.41% strict_udu=34.41% (20647/60000)
[SAT-TEST] scenario=rain_leo selected=test_unseen_day_unseen_rx overall_tx=34.97% strict_udu=34.97% (20980/60000)
[SAT-TEST] scenario=storm_mp selected=test_unseen_day_unseen_rx overall_tx=30.17% strict_udu=30.17% (18102/60000)
[SAT-TEST] scenario=mixed_orbit selected=test_unseen_day_unseen_rx overall_tx=32.23% strict_udu=32.23% (19340/60000)
[BEST-TEST] overall=87.92% @ E016 -> finalist_runs/C4_A2_ecc003_satmain_seed1337/best_model_test_overall.pth | unseen_day_unseen_rx=81.19% @ E016 -> finalist_runs/C4_A2_ecc003_satmain_seed1337/best_model_strict_udu.pth | unseen_day_seen_rx=93.65% @ E016 | seen_day_unseen_rx=86.61% @ E016
[BEST-PRIMARY] score=83.54 @ E016 -> finalist_runs/C4_A2_ecc003_satmain_seed1337/best_model_primary_ood.pth | overall=87.92% strict_udu=81.19%
[BEST-WORST-RX] worst_rx=74.73% (test_rx_8) @ E016 -> finalist_runs/C4_A2_ecc003_satmain_seed1337/best_model_worst_rx.pth
====================================================================================================================================
[Epoch 017/200] time=82.3s | lr=1.96e-04 | aux_scale=0.933
[STAGE] phase=S2_stabilize_aux | use_aux=1.0 cons=0.20 cls_aux=0.15 reg=0.35 joint_inv=0.15 kl=0.15 group_ce=0.70
[MIXSTYLE-EPOCH] phase=base enabled=1 p=0.150 strength=0.650 anneal_t=0.000
[AUG] scale=0.329 | p_dac=0.000 p_pa=0.046 p_shift=0.115 p_cfo=0.115 p_awgn=0.132 p_mp=0.059 | max_shift=11 cfo_max=0.0001317 pn_max=0.001976
------------------------------------------------------------------------------------------------------------------------------------
[LOSS-CORE] total=5.5351 cls=3.2506 dom=0.8610 adv=2.5965 orth=0.0003 cons=0.2695 group_ce=4.7230
[LOSS-AUX]  cls_pa=8.5340 cls_dac=0.0000 pa_joint_inv=0.6644 pa_kl=8.0877 dac_reg=0.0000 pa_reg=0.0213 gap_dac=0.0000 gap_pa=0.2023 cos_joint_pa=0.3356 cos_imp_pa=nan
[LOSS-SAT]  cls_sat=0.0000 sat_cons=0.0000 sat_cos=nan
[LOSS-DG]   proto=0.0000 proto_cos=nan supcon=0.0000 fishr=0.0032 sgc_res=0.0000
[LOSS-CAL]  ecc=0.0678 ecc_w=0.0250 ecc_tau=0.6996 ecc_maxp=0.9122
[TRAIN] tx=72.63% dom=68.83% cons_cos=0.7305
[GRAD]  total=1.652 backbone=1.000 aux=0.750 domain=0.496
[VAL]   tx=97.54% dom=86.24%
[TEST]  overall_tx=85.74% (174909/204000)
[TEST-SPLIT]
          unseen_day_seen_rx(days=['2021_03_15', '2021_03_23'], rxs=[0, 1, 2, 3, 4, 5, 6]): tx=92.05% (77326/84000)
          seen_day_unseen_rx(days=['2021_03_01', '2021_03_08'], rxs=[7, 8, 9, 10, 11]): tx=84.97% (50985/60000)
          unseen_day_unseen_rx(days=['2021_03_15', '2021_03_23'], rxs=[7, 8, 9, 10, 11]): tx=77.66% (46598/60000)
          day=2021_03_15 on seen_rxs=[0, 1, 2, 3, 4, 5, 6]: tx=94.62% (39740/42000)
          day=2021_03_23 on seen_rxs=[0, 1, 2, 3, 4, 5, 6]: tx=89.49% (37586/42000)
          rx=7 on seen_days=['2021_03_01', '2021_03_08']: tx=76.15% (9138/12000)
          rx=8 on seen_days=['2021_03_01', '2021_03_08']: tx=71.42% (8570/12000)
          rx=9 on seen_days=['2021_03_01', '2021_03_08']: tx=86.66% (10399/12000)
          rx=10 on seen_days=['2021_03_01', '2021_03_08']: tx=96.75% (11610/12000)
          rx=11 on seen_days=['2021_03_01', '2021_03_08']: tx=93.90% (11268/12000)
[BEST-JOINT]  val_tx=97.76% & test_tx=87.92% @ E016
[CKPT]  latest -> finalist_runs/C4_A2_ecc003_satmain_seed1337/latest_model.pth (saved) | best -> finalist_runs/C4_A2_ecc003_satmain_seed1337/best_model_val.pth
====================================================================================================================================
[SAT-TEST] scenario=clear_leo selected=test_unseen_day_unseen_rx overall_tx=37.84% strict_udu=37.84% (22706/60000)
[SAT-TEST] scenario=low_elev_leo selected=test_unseen_day_unseen_rx overall_tx=36.10% strict_udu=36.10% (21661/60000)
[SAT-TEST] scenario=rain_leo selected=test_unseen_day_unseen_rx overall_tx=36.06% strict_udu=36.06% (21638/60000)
[SAT-TEST] scenario=storm_mp selected=test_unseen_day_unseen_rx overall_tx=31.14% strict_udu=31.14% (18682/60000)
[SAT-TEST] scenario=mixed_orbit selected=test_unseen_day_unseen_rx overall_tx=33.11% strict_udu=33.11% (19866/60000)
[BEST-TEST] overall=87.92% @ E016 -> finalist_runs/C4_A2_ecc003_satmain_seed1337/best_model_test_overall.pth | unseen_day_unseen_rx=81.19% @ E016 -> finalist_runs/C4_A2_ecc003_satmain_seed1337/best_model_strict_udu.pth | unseen_day_seen_rx=93.65% @ E016 | seen_day_unseen_rx=86.61% @ E016
[BEST-PRIMARY] score=83.54 @ E016 -> finalist_runs/C4_A2_ecc003_satmain_seed1337/best_model_primary_ood.pth | overall=87.92% strict_udu=81.19%
[BEST-WORST-RX] worst_rx=74.73% (test_rx_8) @ E016 -> finalist_runs/C4_A2_ecc003_satmain_seed1337/best_model_worst_rx.pth
====================================================================================================================================
[Epoch 018/200] time=83.8s | lr=1.96e-04 | aux_scale=1.000
[STAGE] phase=S2_stabilize_aux | use_aux=1.0 cons=0.20 cls_aux=0.15 reg=0.35 joint_inv=0.15 kl=0.15 group_ce=0.70
[MIXSTYLE-EPOCH] phase=base enabled=1 p=0.150 strength=0.650 anneal_t=0.000
[AUG] scale=0.350 | p_dac=0.000 p_pa=0.049 p_shift=0.122 p_cfo=0.122 p_awgn=0.140 p_mp=0.063 | max_shift=11 cfo_max=0.00014 pn_max=0.0021
------------------------------------------------------------------------------------------------------------------------------------
[LOSS-CORE] total=6.1204 cls=3.7732 dom=0.8609 adv=2.5962 orth=0.0004 cons=0.2739 group_ce=5.4567
[LOSS-AUX]  cls_pa=8.2597 cls_dac=0.0000 pa_joint_inv=0.6491 pa_kl=7.5769 dac_reg=0.0000 pa_reg=0.0187 gap_dac=0.0000 gap_pa=0.2056 cos_joint_pa=0.3509 cos_imp_pa=nan
[LOSS-SAT]  cls_sat=0.0000 sat_cons=0.0000 sat_cos=nan
[LOSS-DG]   proto=0.0000 proto_cos=nan supcon=0.0000 fishr=0.0034 sgc_res=0.0000
[LOSS-CAL]  ecc=0.0642 ecc_w=0.0244 ecc_tau=0.7056 ecc_maxp=0.9077
[TRAIN] tx=69.78% dom=69.12% cons_cos=0.7260
[GRAD]  total=1.694 backbone=1.000 aux=0.750 domain=0.500
[VAL]   tx=97.73% dom=88.68%
[TEST]  overall_tx=86.50% (176457/204000)
[TEST-SPLIT]
          unseen_day_seen_rx(days=['2021_03_15', '2021_03_23'], rxs=[0, 1, 2, 3, 4, 5, 6]): tx=92.76% (77920/84000)
          seen_day_unseen_rx(days=['2021_03_01', '2021_03_08'], rxs=[7, 8, 9, 10, 11]): tx=85.77% (51463/60000)
          unseen_day_unseen_rx(days=['2021_03_15', '2021_03_23'], rxs=[7, 8, 9, 10, 11]): tx=78.46% (47074/60000)
          day=2021_03_15 on seen_rxs=[0, 1, 2, 3, 4, 5, 6]: tx=93.93% (39449/42000)
          day=2021_03_23 on seen_rxs=[0, 1, 2, 3, 4, 5, 6]: tx=91.60% (38471/42000)
          rx=7 on seen_days=['2021_03_01', '2021_03_08']: tx=74.83% (8979/12000)
          rx=8 on seen_days=['2021_03_01', '2021_03_08']: tx=75.74% (9089/12000)
          rx=9 on seen_days=['2021_03_01', '2021_03_08']: tx=87.58% (10510/12000)
          rx=10 on seen_days=['2021_03_01', '2021_03_08']: tx=94.91% (11389/12000)
          rx=11 on seen_days=['2021_03_01', '2021_03_08']: tx=95.80% (11496/12000)
[BEST-JOINT]  val_tx=97.76% & test_tx=87.92% @ E016
[CKPT]  latest -> finalist_runs/C4_A2_ecc003_satmain_seed1337/latest_model.pth (saved) | best -> finalist_runs/C4_A2_ecc003_satmain_seed1337/best_model_val.pth
====================================================================================================================================
[SAT-TEST] scenario=clear_leo selected=test_unseen_day_unseen_rx overall_tx=36.75% strict_udu=36.75% (22048/60000)
[SAT-TEST] scenario=low_elev_leo selected=test_unseen_day_unseen_rx overall_tx=34.54% strict_udu=34.54% (20722/60000)
[SAT-TEST] scenario=rain_leo selected=test_unseen_day_unseen_rx overall_tx=34.70% strict_udu=34.70% (20820/60000)
[SAT-TEST] scenario=storm_mp selected=test_unseen_day_unseen_rx overall_tx=29.92% strict_udu=29.92% (17954/60000)
[SAT-TEST] scenario=mixed_orbit selected=test_unseen_day_unseen_rx overall_tx=32.18% strict_udu=32.18% (19306/60000)
[BEST-TEST] overall=87.92% @ E016 -> finalist_runs/C4_A2_ecc003_satmain_seed1337/best_model_test_overall.pth | unseen_day_unseen_rx=81.19% @ E016 -> finalist_runs/C4_A2_ecc003_satmain_seed1337/best_model_strict_udu.pth | unseen_day_seen_rx=93.65% @ E016 | seen_day_unseen_rx=86.61% @ E016
[BEST-PRIMARY] score=83.54 @ E016 -> finalist_runs/C4_A2_ecc003_satmain_seed1337/best_model_primary_ood.pth | overall=87.92% strict_udu=81.19%
[BEST-WORST-RX] worst_rx=74.83% (test_rx_7) @ E018 -> finalist_runs/C4_A2_ecc003_satmain_seed1337/best_model_worst_rx.pth
====================================================================================================================================
[Epoch 019/200] time=84.0s | lr=1.96e-04 | aux_scale=1.000
[STAGE] phase=S2_stabilize_aux | use_aux=1.0 cons=0.20 cls_aux=0.15 reg=0.35 joint_inv=0.15 kl=0.15 group_ce=0.70
[MIXSTYLE-EPOCH] phase=base enabled=1 p=0.150 strength=0.650 anneal_t=0.000
[AUG] scale=0.350 | p_dac=0.000 p_pa=0.049 p_shift=0.122 p_cfo=0.122 p_awgn=0.140 p_mp=0.063 | max_shift=11 cfo_max=0.00014 pn_max=0.0021
------------------------------------------------------------------------------------------------------------------------------------
[LOSS-CORE] total=5.8084 cls=3.5093 dom=0.8541 adv=2.5967 orth=0.0004 cons=0.2699 group_ce=5.1167
[LOSS-AUX]  cls_pa=7.6259 cls_dac=0.0000 pa_joint_inv=0.6162 pa_kl=7.1119 dac_reg=0.0000 pa_reg=0.0183 gap_dac=0.0000 gap_pa=0.2029 cos_joint_pa=0.3838 cos_imp_pa=nan
[LOSS-SAT]  cls_sat=0.0000 sat_cons=0.0000 sat_cos=nan
[LOSS-DG]   proto=0.0000 proto_cos=nan supcon=0.0000 fishr=0.0035 sgc_res=0.0000
[LOSS-CAL]  ecc=0.0608 ecc_w=0.0238 ecc_tau=0.7118 ecc_maxp=0.9030
[TRAIN] tx=70.73% dom=69.09% cons_cos=0.7301
[GRAD]  total=1.651 backbone=1.000 aux=0.750 domain=0.498
[VAL]   tx=96.47% dom=87.67%
[TEST]  overall_tx=84.23% (171832/204000)
[TEST-SPLIT]
          unseen_day_seen_rx(days=['2021_03_15', '2021_03_23'], rxs=[0, 1, 2, 3, 4, 5, 6]): tx=90.05% (75646/84000)
          seen_day_unseen_rx(days=['2021_03_01', '2021_03_08'], rxs=[7, 8, 9, 10, 11]): tx=81.05% (48627/60000)
          unseen_day_unseen_rx(days=['2021_03_15', '2021_03_23'], rxs=[7, 8, 9, 10, 11]): tx=79.27% (47559/60000)
          day=2021_03_15 on seen_rxs=[0, 1, 2, 3, 4, 5, 6]: tx=94.25% (39587/42000)
          day=2021_03_23 on seen_rxs=[0, 1, 2, 3, 4, 5, 6]: tx=85.85% (36059/42000)
          rx=7 on seen_days=['2021_03_01', '2021_03_08']: tx=71.85% (8622/12000)
          rx=8 on seen_days=['2021_03_01', '2021_03_08']: tx=73.93% (8872/12000)
          rx=9 on seen_days=['2021_03_01', '2021_03_08']: tx=86.35% (10362/12000)
          rx=10 on seen_days=['2021_03_01', '2021_03_08']: tx=78.35% (9402/12000)
          rx=11 on seen_days=['2021_03_01', '2021_03_08']: tx=94.74% (11369/12000)
[BEST-JOINT]  val_tx=97.76% & test_tx=87.92% @ E016
[CKPT]  latest -> finalist_runs/C4_A2_ecc003_satmain_seed1337/latest_model.pth (saved) | best -> finalist_runs/C4_A2_ecc003_satmain_seed1337/best_model_val.pth
====================================================================================================================================
[SAT-TEST] scenario=clear_leo selected=test_unseen_day_unseen_rx overall_tx=39.35% strict_udu=39.35% (23608/60000)
[SAT-TEST] scenario=low_elev_leo selected=test_unseen_day_unseen_rx overall_tx=37.23% strict_udu=37.23% (22337/60000)
[SAT-TEST] scenario=rain_leo selected=test_unseen_day_unseen_rx overall_tx=37.08% strict_udu=37.08% (22248/60000)
[SAT-TEST] scenario=storm_mp selected=test_unseen_day_unseen_rx overall_tx=31.32% strict_udu=31.32% (18792/60000)
[SAT-TEST] scenario=mixed_orbit selected=test_unseen_day_unseen_rx overall_tx=33.76% strict_udu=33.76% (20255/60000)
[BEST-TEST] overall=87.92% @ E016 -> finalist_runs/C4_A2_ecc003_satmain_seed1337/best_model_test_overall.pth | unseen_day_unseen_rx=81.19% @ E016 -> finalist_runs/C4_A2_ecc003_satmain_seed1337/best_model_strict_udu.pth | unseen_day_seen_rx=93.65% @ E016 | seen_day_unseen_rx=86.61% @ E016
[BEST-PRIMARY] score=83.54 @ E016 -> finalist_runs/C4_A2_ecc003_satmain_seed1337/best_model_primary_ood.pth | overall=87.92% strict_udu=81.19%
[BEST-WORST-RX] worst_rx=74.83% (test_rx_7) @ E018 -> finalist_runs/C4_A2_ecc003_satmain_seed1337/best_model_worst_rx.pth
====================================================================================================================================
[Epoch 020/200] time=87.1s | lr=1.95e-04 | aux_scale=1.000
[STAGE] phase=S2_stabilize_aux | use_aux=1.0 cons=0.20 cls_aux=0.15 reg=0.35 joint_inv=0.15 kl=0.15 group_ce=0.70
[MIXSTYLE-EPOCH] phase=base enabled=1 p=0.150 strength=0.650 anneal_t=0.000
[AUG] scale=0.350 | p_dac=0.000 p_pa=0.049 p_shift=0.122 p_cfo=0.122 p_awgn=0.140 p_mp=0.063 | max_shift=11 cfo_max=0.00014 pn_max=0.0021
------------------------------------------------------------------------------------------------------------------------------------
[LOSS-CORE] total=6.6521 cls=3.6804 dom=0.9301 adv=2.5952 orth=0.0004 cons=0.2531 group_ce=5.2118
[LOSS-AUX]  cls_pa=7.9008 cls_dac=0.0000 pa_joint_inv=0.6313 pa_kl=7.4191 dac_reg=0.0000 pa_reg=0.0175 gap_dac=0.0000 gap_pa=0.2162 cos_joint_pa=0.3687 cos_imp_pa=nan
[LOSS-SAT]  cls_sat=11.2649 sat_cons=0.7040 sat_cos=0.2960
[LOSS-DG]   proto=0.0000 proto_cos=nan supcon=0.0000 fishr=0.0032 sgc_res=0.0000
[LOSS-CAL]  ecc=0.0418 ecc_w=0.0232 ecc_tau=0.7183 ecc_maxp=0.8046
[TRAIN] tx=70.01% dom=68.35% cons_cos=0.7469
[GRAD]  total=1.746 backbone=1.000 aux=0.750 domain=0.494
[VAL]   tx=95.16% dom=87.65%
[TEST]  overall_tx=81.40% (166055/204000)
[TEST-SPLIT]
          unseen_day_seen_rx(days=['2021_03_15', '2021_03_23'], rxs=[0, 1, 2, 3, 4, 5, 6]): tx=87.44% (73451/84000)
          seen_day_unseen_rx(days=['2021_03_01', '2021_03_08'], rxs=[7, 8, 9, 10, 11]): tx=80.34% (48202/60000)
          unseen_day_unseen_rx(days=['2021_03_15', '2021_03_23'], rxs=[7, 8, 9, 10, 11]): tx=74.00% (44402/60000)
          day=2021_03_15 on seen_rxs=[0, 1, 2, 3, 4, 5, 6]: tx=90.36% (37951/42000)
          day=2021_03_23 on seen_rxs=[0, 1, 2, 3, 4, 5, 6]: tx=84.52% (35500/42000)
          rx=7 on seen_days=['2021_03_01', '2021_03_08']: tx=75.53% (9064/12000)
          rx=8 on seen_days=['2021_03_01', '2021_03_08']: tx=72.22% (8666/12000)
          rx=9 on seen_days=['2021_03_01', '2021_03_08']: tx=78.92% (9470/12000)
          rx=10 on seen_days=['2021_03_01', '2021_03_08']: tx=89.13% (10696/12000)
          rx=11 on seen_days=['2021_03_01', '2021_03_08']: tx=85.88% (10306/12000)
[BEST-JOINT]  val_tx=97.76% & test_tx=87.92% @ E016
[CKPT]  latest -> finalist_runs/C4_A2_ecc003_satmain_seed1337/latest_model.pth (saved) | best -> finalist_runs/C4_A2_ecc003_satmain_seed1337/best_model_val.pth
====================================================================================================================================
[SAT-TEST] scenario=clear_leo selected=test_unseen_day_unseen_rx overall_tx=37.41% strict_udu=37.41% (22447/60000)
[SAT-TEST] scenario=low_elev_leo selected=test_unseen_day_unseen_rx overall_tx=35.53% strict_udu=35.53% (21317/60000)
[SAT-TEST] scenario=rain_leo selected=test_unseen_day_unseen_rx overall_tx=35.50% strict_udu=35.50% (21302/60000)
[SAT-TEST] scenario=storm_mp selected=test_unseen_day_unseen_rx overall_tx=31.18% strict_udu=31.18% (18705/60000)
[SAT-TEST] scenario=mixed_orbit selected=test_unseen_day_unseen_rx overall_tx=33.53% strict_udu=33.53% (20118/60000)
[BEST-TEST] overall=87.92% @ E016 -> finalist_runs/C4_A2_ecc003_satmain_seed1337/best_model_test_overall.pth | unseen_day_unseen_rx=81.19% @ E016 -> finalist_runs/C4_A2_ecc003_satmain_seed1337/best_model_strict_udu.pth | unseen_day_seen_rx=93.65% @ E016 | seen_day_unseen_rx=86.61% @ E016
[BEST-PRIMARY] score=83.54 @ E016 -> finalist_runs/C4_A2_ecc003_satmain_seed1337/best_model_primary_ood.pth | overall=87.92% strict_udu=81.19%
[BEST-WORST-RX] worst_rx=74.83% (test_rx_7) @ E018 -> finalist_runs/C4_A2_ecc003_satmain_seed1337/best_model_worst_rx.pth
====================================================================================================================================
[Epoch 021/200] time=86.7s | lr=1.95e-04 | aux_scale=1.000
[STAGE] phase=S2_stabilize_aux | use_aux=1.0 cons=0.21 cls_aux=0.16 reg=0.36 joint_inv=0.15 kl=0.15 group_ce=0.70
[MIXSTYLE-EPOCH] phase=base enabled=1 p=0.150 strength=0.650 anneal_t=0.000
[AUG] scale=0.350 | p_dac=0.000 p_pa=0.049 p_shift=0.122 p_cfo=0.122 p_awgn=0.140 p_mp=0.063 | max_shift=11 cfo_max=0.00014 pn_max=0.0021
------------------------------------------------------------------------------------------------------------------------------------
[LOSS-CORE] total=7.2076 cls=4.1770 dom=0.9736 adv=2.5972 orth=0.0004 cons=0.2595 group_ce=5.6701
[LOSS-AUX]  cls_pa=7.4349 cls_dac=0.0000 pa_joint_inv=0.6102 pa_kl=6.8939 dac_reg=0.0000 pa_reg=0.0167 gap_dac=0.0000 gap_pa=0.2110 cos_joint_pa=0.3898 cos_imp_pa=nan
[LOSS-SAT]  cls_sat=11.1533 sat_cons=0.6641 sat_cos=0.3359
[LOSS-DG]   proto=0.0000 proto_cos=nan supcon=0.0000 fishr=0.0036 sgc_res=0.0000
[LOSS-CAL]  ecc=0.0367 ecc_w=0.0225 ecc_tau=0.7250 ecc_maxp=0.7815
[TRAIN] tx=64.78% dom=65.60% cons_cos=0.7405
[GRAD]  total=1.695 backbone=1.000 aux=0.750 domain=0.496
[VAL]   tx=97.81% dom=87.64%
[TEST]  overall_tx=87.98% (179489/204000)
[TEST-SPLIT]
          unseen_day_seen_rx(days=['2021_03_15', '2021_03_23'], rxs=[0, 1, 2, 3, 4, 5, 6]): tx=93.22% (78306/84000)
          seen_day_unseen_rx(days=['2021_03_01', '2021_03_08'], rxs=[7, 8, 9, 10, 11]): tx=86.57% (51942/60000)
          unseen_day_unseen_rx(days=['2021_03_15', '2021_03_23'], rxs=[7, 8, 9, 10, 11]): tx=82.07% (49241/60000)
          day=2021_03_15 on seen_rxs=[0, 1, 2, 3, 4, 5, 6]: tx=95.39% (40062/42000)
          day=2021_03_23 on seen_rxs=[0, 1, 2, 3, 4, 5, 6]: tx=91.06% (38244/42000)
          rx=7 on seen_days=['2021_03_01', '2021_03_08']: tx=74.70% (8964/12000)
          rx=8 on seen_days=['2021_03_01', '2021_03_08']: tx=75.38% (9045/12000)
          rx=9 on seen_days=['2021_03_01', '2021_03_08']: tx=90.62% (10874/12000)
          rx=10 on seen_days=['2021_03_01', '2021_03_08']: tx=96.61% (11593/12000)
          rx=11 on seen_days=['2021_03_01', '2021_03_08']: tx=95.55% (11466/12000)
[BEST-JOINT]  val_tx=97.81% & test_tx=87.98% @ E021
[CKPT]  latest -> finalist_runs/C4_A2_ecc003_satmain_seed1337/latest_model.pth (saved) | best -> finalist_runs/C4_A2_ecc003_satmain_seed1337/best_model_val.pth (updated: val improved)
====================================================================================================================================
[SAT-TEST] scenario=clear_leo selected=test_unseen_day_unseen_rx overall_tx=40.38% strict_udu=40.38% (24230/60000)
[SAT-TEST] scenario=low_elev_leo selected=test_unseen_day_unseen_rx overall_tx=38.11% strict_udu=38.11% (22868/60000)
[SAT-TEST] scenario=rain_leo selected=test_unseen_day_unseen_rx overall_tx=38.80% strict_udu=38.80% (23282/60000)
[SAT-TEST] scenario=storm_mp selected=test_unseen_day_unseen_rx overall_tx=33.35% strict_udu=33.35% (20012/60000)
[SAT-TEST] scenario=mixed_orbit selected=test_unseen_day_unseen_rx overall_tx=35.98% strict_udu=35.98% (21589/60000)
[BEST-TEST] overall=87.98% @ E021 -> finalist_runs/C4_A2_ecc003_satmain_seed1337/best_model_test_overall.pth | unseen_day_unseen_rx=82.07% @ E021 -> finalist_runs/C4_A2_ecc003_satmain_seed1337/best_model_strict_udu.pth | unseen_day_seen_rx=93.65% @ E016 | seen_day_unseen_rx=86.61% @ E016
[BEST-PRIMARY] score=84.14 @ E021 -> finalist_runs/C4_A2_ecc003_satmain_seed1337/best_model_primary_ood.pth | overall=87.98% strict_udu=82.07%
[BEST-WORST-RX] worst_rx=74.83% (test_rx_7) @ E018 -> finalist_runs/C4_A2_ecc003_satmain_seed1337/best_model_worst_rx.pth
====================================================================================================================================
[Epoch 022/200] time=86.9s | lr=1.94e-04 | aux_scale=1.000
[STAGE] phase=S2_stabilize_aux | use_aux=1.0 cons=0.21 cls_aux=0.16 reg=0.36 joint_inv=0.15 kl=0.16 group_ce=0.70
[MIXSTYLE-EPOCH] phase=base enabled=1 p=0.150 strength=0.650 anneal_t=0.000
[AUG] scale=0.350 | p_dac=0.000 p_pa=0.049 p_shift=0.122 p_cfo=0.122 p_awgn=0.140 p_mp=0.063 | max_shift=11 cfo_max=0.00014 pn_max=0.0021
------------------------------------------------------------------------------------------------------------------------------------
[LOSS-CORE] total=5.6753 cls=2.8869 dom=0.8520 adv=2.5901 orth=0.0004 cons=0.2371 group_ce=4.3042
[LOSS-AUX]  cls_pa=7.0008 cls_dac=0.0000 pa_joint_inv=0.5944 pa_kl=6.5893 dac_reg=0.0000 pa_reg=0.0170 gap_dac=0.0000 gap_pa=0.2127 cos_joint_pa=0.4056 cos_imp_pa=nan
[LOSS-SAT]  cls_sat=10.8769 sat_cons=0.7041 sat_cos=0.2959
[LOSS-DG]   proto=0.0000 proto_cos=nan supcon=0.0000 fishr=0.0029 sgc_res=0.0000
[LOSS-CAL]  ecc=0.0371 ecc_w=0.0218 ecc_tau=0.7319 ecc_maxp=0.7917
[TRAIN] tx=75.38% dom=71.28% cons_cos=0.7629
[GRAD]  total=1.726 backbone=1.000 aux=0.750 domain=0.495
[VAL]   tx=98.05% dom=89.06%
[TEST]  overall_tx=88.10% (179734/204000)
[TEST-SPLIT]
          unseen_day_seen_rx(days=['2021_03_15', '2021_03_23'], rxs=[0, 1, 2, 3, 4, 5, 6]): tx=93.11% (78209/84000)
          seen_day_unseen_rx(days=['2021_03_01', '2021_03_08'], rxs=[7, 8, 9, 10, 11]): tx=87.65% (52592/60000)
          unseen_day_unseen_rx(days=['2021_03_15', '2021_03_23'], rxs=[7, 8, 9, 10, 11]): tx=81.56% (48933/60000)
          day=2021_03_15 on seen_rxs=[0, 1, 2, 3, 4, 5, 6]: tx=94.90% (39856/42000)
          day=2021_03_23 on seen_rxs=[0, 1, 2, 3, 4, 5, 6]: tx=91.32% (38353/42000)
          rx=7 on seen_days=['2021_03_01', '2021_03_08']: tx=79.81% (9577/12000)
          rx=8 on seen_days=['2021_03_01', '2021_03_08']: tx=76.78% (9213/12000)
          rx=9 on seen_days=['2021_03_01', '2021_03_08']: tx=91.03% (10924/12000)
          rx=10 on seen_days=['2021_03_01', '2021_03_08']: tx=93.74% (11249/12000)
          rx=11 on seen_days=['2021_03_01', '2021_03_08']: tx=96.91% (11629/12000)
[BEST-JOINT]  val_tx=98.05% & test_tx=88.10% @ E022
[CKPT]  latest -> finalist_runs/C4_A2_ecc003_satmain_seed1337/latest_model.pth (saved) | best -> finalist_runs/C4_A2_ecc003_satmain_seed1337/best_model_val.pth (updated: val improved)
====================================================================================================================================
[SAT-TEST] scenario=clear_leo selected=test_unseen_day_unseen_rx overall_tx=38.30% strict_udu=38.30% (22981/60000)
[SAT-TEST] scenario=low_elev_leo selected=test_unseen_day_unseen_rx overall_tx=36.74% strict_udu=36.74% (22043/60000)
[SAT-TEST] scenario=rain_leo selected=test_unseen_day_unseen_rx overall_tx=36.84% strict_udu=36.84% (22106/60000)
[SAT-TEST] scenario=storm_mp selected=test_unseen_day_unseen_rx overall_tx=32.53% strict_udu=32.53% (19519/60000)
[SAT-TEST] scenario=mixed_orbit selected=test_unseen_day_unseen_rx overall_tx=34.63% strict_udu=34.63% (20779/60000)
[BEST-TEST] overall=88.10% @ E022 -> finalist_runs/C4_A2_ecc003_satmain_seed1337/best_model_test_overall.pth | unseen_day_unseen_rx=82.07% @ E021 -> finalist_runs/C4_A2_ecc003_satmain_seed1337/best_model_strict_udu.pth | unseen_day_seen_rx=93.65% @ E016 | seen_day_unseen_rx=87.65% @ E022
[BEST-PRIMARY] score=84.14 @ E021 -> finalist_runs/C4_A2_ecc003_satmain_seed1337/best_model_primary_ood.pth | overall=87.98% strict_udu=82.07%
[BEST-WORST-RX] worst_rx=76.78% (test_rx_8) @ E022 -> finalist_runs/C4_A2_ecc003_satmain_seed1337/best_model_worst_rx.pth
====================================================================================================================================
[Epoch 023/200] time=86.7s | lr=1.94e-04 | aux_scale=1.000
[STAGE] phase=S2_stabilize_aux | use_aux=1.0 cons=0.21 cls_aux=0.16 reg=0.36 joint_inv=0.15 kl=0.16 group_ce=0.71
[MIXSTYLE-EPOCH] phase=base enabled=1 p=0.150 strength=0.650 anneal_t=0.000
[AUG] scale=0.350 | p_dac=0.000 p_pa=0.049 p_shift=0.122 p_cfo=0.122 p_awgn=0.140 p_mp=0.063 | max_shift=11 cfo_max=0.00014 pn_max=0.0021
------------------------------------------------------------------------------------------------------------------------------------
[LOSS-CORE] total=6.7340 cls=3.7433 dom=0.9924 adv=2.5927 orth=0.0004 cons=0.2445 group_ce=5.1433
[LOSS-AUX]  cls_pa=6.7913 cls_dac=0.0000 pa_joint_inv=0.5696 pa_kl=6.3174 dac_reg=0.0000 pa_reg=0.0169 gap_dac=0.0000 gap_pa=0.2194 cos_joint_pa=0.4304 cos_imp_pa=nan
[LOSS-SAT]  cls_sat=10.9526 sat_cons=0.6790 sat_cos=0.3210
[LOSS-DG]   proto=0.0000 proto_cos=nan supcon=0.0000 fishr=0.0031 sgc_res=0.0000
[LOSS-CAL]  ecc=0.0329 ecc_w=0.0211 ecc_tau=0.7390 ecc_maxp=0.7700
[TRAIN] tx=68.43% dom=66.47% cons_cos=0.7555
[GRAD]  total=1.821 backbone=1.000 aux=0.750 domain=0.496
[VAL]   tx=98.23% dom=89.77%
[TEST]  overall_tx=87.68% (178865/204000)
[TEST-SPLIT]
          unseen_day_seen_rx(days=['2021_03_15', '2021_03_23'], rxs=[0, 1, 2, 3, 4, 5, 6]): tx=92.62% (77799/84000)
          seen_day_unseen_rx(days=['2021_03_01', '2021_03_08'], rxs=[7, 8, 9, 10, 11]): tx=86.78% (52071/60000)
          unseen_day_unseen_rx(days=['2021_03_15', '2021_03_23'], rxs=[7, 8, 9, 10, 11]): tx=81.66% (48995/60000)
          day=2021_03_15 on seen_rxs=[0, 1, 2, 3, 4, 5, 6]: tx=93.96% (39464/42000)
          day=2021_03_23 on seen_rxs=[0, 1, 2, 3, 4, 5, 6]: tx=91.27% (38335/42000)
          rx=7 on seen_days=['2021_03_01', '2021_03_08']: tx=73.51% (8821/12000)
          rx=8 on seen_days=['2021_03_01', '2021_03_08']: tx=75.62% (9075/12000)
          rx=9 on seen_days=['2021_03_01', '2021_03_08']: tx=91.74% (11009/12000)
          rx=10 on seen_days=['2021_03_01', '2021_03_08']: tx=95.31% (11437/12000)
          rx=11 on seen_days=['2021_03_01', '2021_03_08']: tx=97.74% (11729/12000)
[BEST-JOINT]  val_tx=98.23% & test_tx=87.68% @ E023
[CKPT]  latest -> finalist_runs/C4_A2_ecc003_satmain_seed1337/latest_model.pth (saved) | best -> finalist_runs/C4_A2_ecc003_satmain_seed1337/best_model_val.pth (updated: val improved)
====================================================================================================================================
[SAT-TEST] scenario=clear_leo selected=test_unseen_day_unseen_rx overall_tx=37.77% strict_udu=37.77% (22665/60000)
[SAT-TEST] scenario=low_elev_leo selected=test_unseen_day_unseen_rx overall_tx=36.39% strict_udu=36.39% (21834/60000)
[SAT-TEST] scenario=rain_leo selected=test_unseen_day_unseen_rx overall_tx=36.24% strict_udu=36.24% (21743/60000)
[SAT-TEST] scenario=storm_mp selected=test_unseen_day_unseen_rx overall_tx=32.23% strict_udu=32.23% (19335/60000)
[SAT-TEST] scenario=mixed_orbit selected=test_unseen_day_unseen_rx overall_tx=34.44% strict_udu=34.44% (20661/60000)
[BEST-TEST] overall=88.10% @ E022 -> finalist_runs/C4_A2_ecc003_satmain_seed1337/best_model_test_overall.pth | unseen_day_unseen_rx=82.07% @ E021 -> finalist_runs/C4_A2_ecc003_satmain_seed1337/best_model_strict_udu.pth | unseen_day_seen_rx=93.65% @ E016 | seen_day_unseen_rx=87.65% @ E022
[BEST-PRIMARY] score=84.14 @ E021 -> finalist_runs/C4_A2_ecc003_satmain_seed1337/best_model_primary_ood.pth | overall=87.98% strict_udu=82.07%
[BEST-WORST-RX] worst_rx=76.78% (test_rx_8) @ E022 -> finalist_runs/C4_A2_ecc003_satmain_seed1337/best_model_worst_rx.pth
====================================================================================================================================
[Epoch 024/200] time=86.6s | lr=1.93e-04 | aux_scale=1.000
[STAGE] phase=S2_stabilize_aux | use_aux=1.0 cons=0.21 cls_aux=0.16 reg=0.36 joint_inv=0.16 kl=0.16 group_ce=0.71
[MIXSTYLE-EPOCH] phase=base enabled=1 p=0.150 strength=0.650 anneal_t=0.000
[AUG] scale=0.350 | p_dac=0.000 p_pa=0.049 p_shift=0.122 p_cfo=0.122 p_awgn=0.140 p_mp=0.063 | max_shift=11 cfo_max=0.00014 pn_max=0.0021
------------------------------------------------------------------------------------------------------------------------------------
[LOSS-CORE] total=6.6100 cls=3.7045 dom=0.9171 adv=2.5913 orth=0.0005 cons=0.2526 group_ce=5.2053
[LOSS-AUX]  cls_pa=6.4638 cls_dac=0.0000 pa_joint_inv=0.5543 pa_kl=6.0408 dac_reg=0.0000 pa_reg=0.0164 gap_dac=0.0000 gap_pa=0.2167 cos_joint_pa=0.4457 cos_imp_pa=nan
[LOSS-SAT]  cls_sat=10.7601 sat_cons=0.6872 sat_cos=0.3128
[LOSS-DG]   proto=0.0000 proto_cos=nan supcon=0.0000 fishr=0.0032 sgc_res=0.0000
[LOSS-CAL]  ecc=0.0314 ecc_w=0.0204 ecc_tau=0.7462 ecc_maxp=0.7757
[TRAIN] tx=69.30% dom=67.38% cons_cos=0.7474
[GRAD]  total=1.746 backbone=1.000 aux=0.750 domain=0.498
[VAL]   tx=97.59% dom=89.77%
[TEST]  overall_tx=86.88% (177242/204000)
[TEST-SPLIT]
          unseen_day_seen_rx(days=['2021_03_15', '2021_03_23'], rxs=[0, 1, 2, 3, 4, 5, 6]): tx=91.87% (77171/84000)
          seen_day_unseen_rx(days=['2021_03_01', '2021_03_08'], rxs=[7, 8, 9, 10, 11]): tx=85.61% (51368/60000)
          unseen_day_unseen_rx(days=['2021_03_15', '2021_03_23'], rxs=[7, 8, 9, 10, 11]): tx=81.17% (48703/60000)
          day=2021_03_15 on seen_rxs=[0, 1, 2, 3, 4, 5, 6]: tx=94.90% (39859/42000)
          day=2021_03_23 on seen_rxs=[0, 1, 2, 3, 4, 5, 6]: tx=88.84% (37312/42000)
          rx=7 on seen_days=['2021_03_01', '2021_03_08']: tx=78.22% (9386/12000)
          rx=8 on seen_days=['2021_03_01', '2021_03_08']: tx=73.33% (8799/12000)
          rx=9 on seen_days=['2021_03_01', '2021_03_08']: tx=88.95% (10674/12000)
          rx=10 on seen_days=['2021_03_01', '2021_03_08']: tx=94.74% (11369/12000)
          rx=11 on seen_days=['2021_03_01', '2021_03_08']: tx=92.83% (11140/12000)
[BEST-JOINT]  val_tx=98.23% & test_tx=87.68% @ E023
[CKPT]  latest -> finalist_runs/C4_A2_ecc003_satmain_seed1337/latest_model.pth (saved) | best -> finalist_runs/C4_A2_ecc003_satmain_seed1337/best_model_val.pth
====================================================================================================================================
[SAT-TEST] scenario=clear_leo selected=test_unseen_day_unseen_rx overall_tx=41.95% strict_udu=41.95% (25167/60000)
[SAT-TEST] scenario=low_elev_leo selected=test_unseen_day_unseen_rx overall_tx=38.85% strict_udu=38.85% (23312/60000)
[SAT-TEST] scenario=rain_leo selected=test_unseen_day_unseen_rx overall_tx=39.69% strict_udu=39.69% (23814/60000)
[SAT-TEST] scenario=storm_mp selected=test_unseen_day_unseen_rx overall_tx=33.24% strict_udu=33.24% (19946/60000)
[SAT-TEST] scenario=mixed_orbit selected=test_unseen_day_unseen_rx overall_tx=36.62% strict_udu=36.62% (21970/60000)
[BEST-TEST] overall=88.10% @ E022 -> finalist_runs/C4_A2_ecc003_satmain_seed1337/best_model_test_overall.pth | unseen_day_unseen_rx=82.07% @ E021 -> finalist_runs/C4_A2_ecc003_satmain_seed1337/best_model_strict_udu.pth | unseen_day_seen_rx=93.65% @ E016 | seen_day_unseen_rx=87.65% @ E022
[BEST-PRIMARY] score=84.14 @ E021 -> finalist_runs/C4_A2_ecc003_satmain_seed1337/best_model_primary_ood.pth | overall=87.98% strict_udu=82.07%
[BEST-WORST-RX] worst_rx=76.78% (test_rx_8) @ E022 -> finalist_runs/C4_A2_ecc003_satmain_seed1337/best_model_worst_rx.pth
====================================================================================================================================
[Epoch 025/200] time=87.4s | lr=1.92e-04 | aux_scale=1.000
[STAGE] phase=S2_stabilize_aux | use_aux=1.0 cons=0.22 cls_aux=0.17 reg=0.36 joint_inv=0.16 kl=0.16 group_ce=0.71
[MIXSTYLE-EPOCH] phase=base enabled=1 p=0.150 strength=0.650 anneal_t=0.000
[AUG] scale=0.350 | p_dac=0.000 p_pa=0.049 p_shift=0.122 p_cfo=0.122 p_awgn=0.140 p_mp=0.063 | max_shift=11 cfo_max=0.00014 pn_max=0.0021
------------------------------------------------------------------------------------------------------------------------------------
[LOSS-CORE] total=5.4314 cls=2.8015 dom=0.7259 adv=2.5884 orth=0.0005 cons=0.2399 group_ce=4.1468
[LOSS-AUX]  cls_pa=6.0017 cls_dac=0.0000 pa_joint_inv=0.5346 pa_kl=5.6200 dac_reg=0.0000 pa_reg=0.0169 gap_dac=0.0000 gap_pa=0.2164 cos_joint_pa=0.4654 cos_imp_pa=nan
[LOSS-SAT]  cls_sat=10.7718 sat_cons=0.7203 sat_cos=0.2797
[LOSS-DG]   proto=0.0000 proto_cos=nan supcon=0.0000 fishr=0.0024 sgc_res=0.0000
[LOSS-CAL]  ecc=0.0319 ecc_w=0.0196 ecc_tau=0.7536 ecc_maxp=0.7984
[TRAIN] tx=76.68% dom=73.04% cons_cos=0.7601
[GRAD]  total=1.554 backbone=1.000 aux=0.750 domain=0.495
[VAL]   tx=98.00% dom=90.24%
[TEST]  overall_tx=88.05% (179622/204000)
[TEST-SPLIT]
          unseen_day_seen_rx(days=['2021_03_15', '2021_03_23'], rxs=[0, 1, 2, 3, 4, 5, 6]): tx=92.82% (77971/84000)
          seen_day_unseen_rx(days=['2021_03_01', '2021_03_08'], rxs=[7, 8, 9, 10, 11]): tx=87.05% (52230/60000)
          unseen_day_unseen_rx(days=['2021_03_15', '2021_03_23'], rxs=[7, 8, 9, 10, 11]): tx=82.37% (49421/60000)
          day=2021_03_15 on seen_rxs=[0, 1, 2, 3, 4, 5, 6]: tx=94.85% (39838/42000)
          day=2021_03_23 on seen_rxs=[0, 1, 2, 3, 4, 5, 6]: tx=90.79% (38133/42000)
          rx=7 on seen_days=['2021_03_01', '2021_03_08']: tx=77.09% (9251/12000)
          rx=8 on seen_days=['2021_03_01', '2021_03_08']: tx=79.32% (9518/12000)
          rx=9 on seen_days=['2021_03_01', '2021_03_08']: tx=90.02% (10802/12000)
          rx=10 on seen_days=['2021_03_01', '2021_03_08']: tx=93.91% (11269/12000)
          rx=11 on seen_days=['2021_03_01', '2021_03_08']: tx=94.92% (11390/12000)
[BEST-JOINT]  val_tx=98.23% & test_tx=87.68% @ E023
[CKPT]  latest -> finalist_runs/C4_A2_ecc003_satmain_seed1337/latest_model.pth (saved) | best -> finalist_runs/C4_A2_ecc003_satmain_seed1337/best_model_val.pth
====================================================================================================================================
[SAT-TEST] scenario=clear_leo selected=test_unseen_day_unseen_rx overall_tx=41.49% strict_udu=41.49% (24895/60000)
[SAT-TEST] scenario=low_elev_leo selected=test_unseen_day_unseen_rx overall_tx=40.51% strict_udu=40.51% (24308/60000)
[SAT-TEST] scenario=rain_leo selected=test_unseen_day_unseen_rx overall_tx=40.24% strict_udu=40.24% (24145/60000)
[SAT-TEST] scenario=storm_mp selected=test_unseen_day_unseen_rx overall_tx=34.79% strict_udu=34.79% (20875/60000)
[SAT-TEST] scenario=mixed_orbit selected=test_unseen_day_unseen_rx overall_tx=36.34% strict_udu=36.34% (21802/60000)
[BEST-TEST] overall=88.10% @ E022 -> finalist_runs/C4_A2_ecc003_satmain_seed1337/best_model_test_overall.pth | unseen_day_unseen_rx=82.37% @ E025 -> finalist_runs/C4_A2_ecc003_satmain_seed1337/best_model_strict_udu.pth | unseen_day_seen_rx=93.65% @ E016 | seen_day_unseen_rx=87.65% @ E022
[BEST-PRIMARY] score=84.36 @ E025 -> finalist_runs/C4_A2_ecc003_satmain_seed1337/best_model_primary_ood.pth | overall=88.05% strict_udu=82.37%
[BEST-WORST-RX] worst_rx=77.09% (test_rx_7) @ E025 -> finalist_runs/C4_A2_ecc003_satmain_seed1337/best_model_worst_rx.pth
====================================================================================================================================
[Epoch 026/200] time=87.2s | lr=1.92e-04 | aux_scale=1.000
[STAGE] phase=S2_stabilize_aux | use_aux=1.0 cons=0.22 cls_aux=0.17 reg=0.37 joint_inv=0.16 kl=0.16 group_ce=0.71
[MIXSTYLE-EPOCH] phase=base enabled=1 p=0.150 strength=0.650 anneal_t=0.000
[AUG] scale=0.350 | p_dac=0.000 p_pa=0.049 p_shift=0.122 p_cfo=0.122 p_awgn=0.140 p_mp=0.063 | max_shift=11 cfo_max=0.00014 pn_max=0.0021
------------------------------------------------------------------------------------------------------------------------------------
[LOSS-CORE] total=5.4908 cls=2.8616 dom=0.7408 adv=2.5903 orth=0.0005 cons=0.2344 group_ce=4.1789
[LOSS-AUX]  cls_pa=5.6255 cls_dac=0.0000 pa_joint_inv=0.5078 pa_kl=5.2432 dac_reg=0.0000 pa_reg=0.0163 gap_dac=0.0000 gap_pa=0.2143 cos_joint_pa=0.4922 cos_imp_pa=nan
[LOSS-SAT]  cls_sat=10.5426 sat_cons=0.7095 sat_cos=0.2905
[LOSS-DG]   proto=0.0000 proto_cos=nan supcon=0.0000 fishr=0.0026 sgc_res=0.0000
[LOSS-CAL]  ecc=0.0297 ecc_w=0.0189 ecc_tau=0.7612 ecc_maxp=0.7944
[TRAIN] tx=75.94% dom=72.81% cons_cos=0.7656
[GRAD]  total=1.599 backbone=1.000 aux=0.750 domain=0.498
[VAL]   tx=98.05% dom=90.80%
[TEST]  overall_tx=88.10% (179720/204000)
[TEST-SPLIT]
          unseen_day_seen_rx(days=['2021_03_15', '2021_03_23'], rxs=[0, 1, 2, 3, 4, 5, 6]): tx=92.90% (78040/84000)
          seen_day_unseen_rx(days=['2021_03_01', '2021_03_08'], rxs=[7, 8, 9, 10, 11]): tx=87.67% (52603/60000)
          unseen_day_unseen_rx(days=['2021_03_15', '2021_03_23'], rxs=[7, 8, 9, 10, 11]): tx=81.80% (49077/60000)
          day=2021_03_15 on seen_rxs=[0, 1, 2, 3, 4, 5, 6]: tx=95.15% (39961/42000)
          day=2021_03_23 on seen_rxs=[0, 1, 2, 3, 4, 5, 6]: tx=90.66% (38079/42000)
          rx=7 on seen_days=['2021_03_01', '2021_03_08']: tx=78.48% (9418/12000)
          rx=8 on seen_days=['2021_03_01', '2021_03_08']: tx=82.28% (9873/12000)
          rx=9 on seen_days=['2021_03_01', '2021_03_08']: tx=89.82% (10778/12000)
          rx=10 on seen_days=['2021_03_01', '2021_03_08']: tx=92.62% (11115/12000)
          rx=11 on seen_days=['2021_03_01', '2021_03_08']: tx=95.16% (11419/12000)
[BEST-JOINT]  val_tx=98.23% & test_tx=87.68% @ E023
[CKPT]  latest -> finalist_runs/C4_A2_ecc003_satmain_seed1337/latest_model.pth (saved) | best -> finalist_runs/C4_A2_ecc003_satmain_seed1337/best_model_val.pth
====================================================================================================================================
[SAT-TEST] scenario=clear_leo selected=test_unseen_day_unseen_rx overall_tx=41.78% strict_udu=41.78% (25071/60000)
[SAT-TEST] scenario=low_elev_leo selected=test_unseen_day_unseen_rx overall_tx=39.86% strict_udu=39.86% (23916/60000)
[SAT-TEST] scenario=rain_leo selected=test_unseen_day_unseen_rx overall_tx=40.21% strict_udu=40.21% (24128/60000)
[SAT-TEST] scenario=storm_mp selected=test_unseen_day_unseen_rx overall_tx=34.48% strict_udu=34.48% (20685/60000)
[SAT-TEST] scenario=mixed_orbit selected=test_unseen_day_unseen_rx overall_tx=37.01% strict_udu=37.01% (22207/60000)
[BEST-TEST] overall=88.10% @ E022 -> finalist_runs/C4_A2_ecc003_satmain_seed1337/best_model_test_overall.pth | unseen_day_unseen_rx=82.37% @ E025 -> finalist_runs/C4_A2_ecc003_satmain_seed1337/best_model_strict_udu.pth | unseen_day_seen_rx=93.65% @ E016 | seen_day_unseen_rx=87.67% @ E026
[BEST-PRIMARY] score=84.36 @ E025 -> finalist_runs/C4_A2_ecc003_satmain_seed1337/best_model_primary_ood.pth | overall=88.05% strict_udu=82.37%
[BEST-WORST-RX] worst_rx=78.48% (test_rx_7) @ E026 -> finalist_runs/C4_A2_ecc003_satmain_seed1337/best_model_worst_rx.pth
====================================================================================================================================
[Epoch 027/200] time=86.2s | lr=1.91e-04 | aux_scale=1.000
[STAGE] phase=S2_stabilize_aux | use_aux=1.0 cons=0.23 cls_aux=0.18 reg=0.37 joint_inv=0.16 kl=0.17 group_ce=0.71
[MIXSTYLE-EPOCH] phase=base enabled=1 p=0.150 strength=0.650 anneal_t=0.000
[AUG] scale=0.350 | p_dac=0.000 p_pa=0.049 p_shift=0.122 p_cfo=0.122 p_awgn=0.140 p_mp=0.063 | max_shift=11 cfo_max=0.00014 pn_max=0.0021
------------------------------------------------------------------------------------------------------------------------------------
[LOSS-CORE] total=5.8549 cls=3.1334 dom=0.7953 adv=2.5939 orth=0.0006 cons=0.2288 group_ce=4.4545
[LOSS-AUX]  cls_pa=5.6735 cls_dac=0.0000 pa_joint_inv=0.5056 pa_kl=5.2911 dac_reg=0.0000 pa_reg=0.0165 gap_dac=0.0000 gap_pa=0.2222 cos_joint_pa=0.4944 cos_imp_pa=nan
[LOSS-SAT]  cls_sat=10.6925 sat_cons=0.7007 sat_cos=0.2993
[LOSS-DG]   proto=0.0000 proto_cos=nan supcon=0.0000 fishr=0.0026 sgc_res=0.0000
[LOSS-CAL]  ecc=0.0274 ecc_w=0.0181 ecc_tau=0.7688 ecc_maxp=0.7870
[TRAIN] tx=74.25% dom=71.18% cons_cos=0.7712
[GRAD]  total=1.734 backbone=1.000 aux=0.750 domain=0.493
[VAL]   tx=98.14% dom=89.19%
[TEST]  overall_tx=87.23% (177955/204000)
[TEST-SPLIT]
          unseen_day_seen_rx(days=['2021_03_15', '2021_03_23'], rxs=[0, 1, 2, 3, 4, 5, 6]): tx=92.47% (77679/84000)
          seen_day_unseen_rx(days=['2021_03_01', '2021_03_08'], rxs=[7, 8, 9, 10, 11]): tx=86.96% (52178/60000)
          unseen_day_unseen_rx(days=['2021_03_15', '2021_03_23'], rxs=[7, 8, 9, 10, 11]): tx=80.16% (48098/60000)
          day=2021_03_15 on seen_rxs=[0, 1, 2, 3, 4, 5, 6]: tx=94.38% (39638/42000)
          day=2021_03_23 on seen_rxs=[0, 1, 2, 3, 4, 5, 6]: tx=90.57% (38041/42000)
          rx=7 on seen_days=['2021_03_01', '2021_03_08']: tx=77.93% (9352/12000)
          rx=8 on seen_days=['2021_03_01', '2021_03_08']: tx=76.88% (9225/12000)
          rx=9 on seen_days=['2021_03_01', '2021_03_08']: tx=90.34% (10841/12000)
          rx=10 on seen_days=['2021_03_01', '2021_03_08']: tx=96.83% (11619/12000)
          rx=11 on seen_days=['2021_03_01', '2021_03_08']: tx=92.84% (11141/12000)
[BEST-JOINT]  val_tx=98.23% & test_tx=87.68% @ E023
[CKPT]  latest -> finalist_runs/C4_A2_ecc003_satmain_seed1337/latest_model.pth (saved) | best -> finalist_runs/C4_A2_ecc003_satmain_seed1337/best_model_val.pth
====================================================================================================================================
[SAT-TEST] scenario=clear_leo selected=test_unseen_day_unseen_rx overall_tx=38.91% strict_udu=38.91% (23348/60000)
[SAT-TEST] scenario=low_elev_leo selected=test_unseen_day_unseen_rx overall_tx=38.20% strict_udu=38.20% (22917/60000)
[SAT-TEST] scenario=rain_leo selected=test_unseen_day_unseen_rx overall_tx=37.79% strict_udu=37.79% (22673/60000)
[SAT-TEST] scenario=storm_mp selected=test_unseen_day_unseen_rx overall_tx=34.23% strict_udu=34.23% (20538/60000)
[SAT-TEST] scenario=mixed_orbit selected=test_unseen_day_unseen_rx overall_tx=35.49% strict_udu=35.49% (21294/60000)
[BEST-TEST] overall=88.10% @ E022 -> finalist_runs/C4_A2_ecc003_satmain_seed1337/best_model_test_overall.pth | unseen_day_unseen_rx=82.37% @ E025 -> finalist_runs/C4_A2_ecc003_satmain_seed1337/best_model_strict_udu.pth | unseen_day_seen_rx=93.65% @ E016 | seen_day_unseen_rx=87.67% @ E026
[BEST-PRIMARY] score=84.36 @ E025 -> finalist_runs/C4_A2_ecc003_satmain_seed1337/best_model_primary_ood.pth | overall=88.05% strict_udu=82.37%
[BEST-WORST-RX] worst_rx=78.48% (test_rx_7) @ E026 -> finalist_runs/C4_A2_ecc003_satmain_seed1337/best_model_worst_rx.pth
====================================================================================================================================
[Epoch 028/200] time=85.7s | lr=1.91e-04 | aux_scale=1.000
[STAGE] phase=S2_stabilize_aux | use_aux=1.0 cons=0.23 cls_aux=0.18 reg=0.37 joint_inv=0.16 kl=0.17 group_ce=0.72
[MIXSTYLE-EPOCH] phase=base enabled=1 p=0.150 strength=0.650 anneal_t=0.000
[AUG] scale=0.350 | p_dac=0.000 p_pa=0.049 p_shift=0.122 p_cfo=0.122 p_awgn=0.140 p_mp=0.063 | max_shift=11 cfo_max=0.00014 pn_max=0.0021
------------------------------------------------------------------------------------------------------------------------------------
[LOSS-CORE] total=6.3335 cls=3.4961 dom=0.8857 adv=2.5924 orth=0.0005 cons=0.2394 group_ce=4.9572
[LOSS-AUX]  cls_pa=5.5035 cls_dac=0.0000 pa_joint_inv=0.4994 pa_kl=5.1235 dac_reg=0.0000 pa_reg=0.0164 gap_dac=0.0000 gap_pa=0.2184 cos_joint_pa=0.5006 cos_imp_pa=nan
[LOSS-SAT]  cls_sat=10.4539 sat_cons=0.6811 sat_cos=0.3189
[LOSS-DG]   proto=0.0000 proto_cos=nan supcon=0.0000 fishr=0.0030 sgc_res=0.0000
[LOSS-CAL]  ecc=0.0245 ecc_w=0.0173 ecc_tau=0.7765 ecc_maxp=0.7806
[TRAIN] tx=70.40% dom=69.04% cons_cos=0.7606
[GRAD]  total=1.777 backbone=1.000 aux=0.750 domain=0.496
[VAL]   tx=98.20% dom=91.05%
[TEST]  overall_tx=88.02% (179557/204000)
[TEST-SPLIT]
          unseen_day_seen_rx(days=['2021_03_15', '2021_03_23'], rxs=[0, 1, 2, 3, 4, 5, 6]): tx=92.82% (77972/84000)
          seen_day_unseen_rx(days=['2021_03_01', '2021_03_08'], rxs=[7, 8, 9, 10, 11]): tx=86.80% (52077/60000)
          unseen_day_unseen_rx(days=['2021_03_15', '2021_03_23'], rxs=[7, 8, 9, 10, 11]): tx=82.51% (49508/60000)
          day=2021_03_15 on seen_rxs=[0, 1, 2, 3, 4, 5, 6]: tx=94.50% (39689/42000)
          day=2021_03_23 on seen_rxs=[0, 1, 2, 3, 4, 5, 6]: tx=91.15% (38283/42000)
          rx=7 on seen_days=['2021_03_01', '2021_03_08']: tx=74.83% (8980/12000)
          rx=8 on seen_days=['2021_03_01', '2021_03_08']: tx=77.09% (9251/12000)
          rx=9 on seen_days=['2021_03_01', '2021_03_08']: tx=92.09% (11051/12000)
          rx=10 on seen_days=['2021_03_01', '2021_03_08']: tx=92.84% (11141/12000)
          rx=11 on seen_days=['2021_03_01', '2021_03_08']: tx=97.12% (11654/12000)
[BEST-JOINT]  val_tx=98.23% & test_tx=87.68% @ E023
[CKPT]  latest -> finalist_runs/C4_A2_ecc003_satmain_seed1337/latest_model.pth (saved) | best -> finalist_runs/C4_A2_ecc003_satmain_seed1337/best_model_val.pth
====================================================================================================================================
[SAT-TEST] scenario=clear_leo selected=test_unseen_day_unseen_rx overall_tx=41.81% strict_udu=41.81% (25089/60000)
[SAT-TEST] scenario=low_elev_leo selected=test_unseen_day_unseen_rx overall_tx=40.72% strict_udu=40.72% (24432/60000)
[SAT-TEST] scenario=rain_leo selected=test_unseen_day_unseen_rx overall_tx=40.28% strict_udu=40.28% (24170/60000)
[SAT-TEST] scenario=storm_mp selected=test_unseen_day_unseen_rx overall_tx=34.89% strict_udu=34.89% (20936/60000)
[SAT-TEST] scenario=mixed_orbit selected=test_unseen_day_unseen_rx overall_tx=36.66% strict_udu=36.66% (21996/60000)
[BEST-TEST] overall=88.10% @ E022 -> finalist_runs/C4_A2_ecc003_satmain_seed1337/best_model_test_overall.pth | unseen_day_unseen_rx=82.51% @ E028 -> finalist_runs/C4_A2_ecc003_satmain_seed1337/best_model_strict_udu.pth | unseen_day_seen_rx=93.65% @ E016 | seen_day_unseen_rx=87.67% @ E026
[BEST-PRIMARY] score=84.44 @ E028 -> finalist_runs/C4_A2_ecc003_satmain_seed1337/best_model_primary_ood.pth | overall=88.02% strict_udu=82.51%
[BEST-WORST-RX] worst_rx=78.48% (test_rx_7) @ E026 -> finalist_runs/C4_A2_ecc003_satmain_seed1337/best_model_worst_rx.pth
====================================================================================================================================
[Epoch 029/200] time=86.0s | lr=1.90e-04 | aux_scale=1.000
[STAGE] phase=S2_stabilize_aux | use_aux=1.0 cons=0.23 cls_aux=0.18 reg=0.38 joint_inv=0.16 kl=0.17 group_ce=0.72
[MIXSTYLE-EPOCH] phase=base enabled=1 p=0.150 strength=0.650 anneal_t=0.000
[AUG] scale=0.350 | p_dac=0.000 p_pa=0.049 p_shift=0.122 p_cfo=0.122 p_awgn=0.140 p_mp=0.063 | max_shift=11 cfo_max=0.00014 pn_max=0.0021
------------------------------------------------------------------------------------------------------------------------------------
[LOSS-CORE] total=5.9228 cls=3.2177 dom=0.7689 adv=2.5942 orth=0.0005 cons=0.2438 group_ce=4.5713
[LOSS-AUX]  cls_pa=5.4923 cls_dac=0.0000 pa_joint_inv=0.5021 pa_kl=5.1451 dac_reg=0.0000 pa_reg=0.0160 gap_dac=0.0000 gap_pa=0.2230 cos_joint_pa=0.4979 cos_imp_pa=nan
[LOSS-SAT]  cls_sat=10.4983 sat_cons=0.7059 sat_cos=0.2941
[LOSS-DG]   proto=0.0000 proto_cos=nan supcon=0.0000 fishr=0.0028 sgc_res=0.0000
[LOSS-CAL]  ecc=0.0233 ecc_w=0.0166 ecc_tau=0.7843 ecc_maxp=0.7806
[TRAIN] tx=73.23% dom=72.14% cons_cos=0.7562
[GRAD]  total=1.628 backbone=1.000 aux=0.750 domain=0.491
[VAL]   tx=98.33% dom=91.30%
[TEST]  overall_tx=88.60% (180737/204000)
[TEST-SPLIT]
          unseen_day_seen_rx(days=['2021_03_15', '2021_03_23'], rxs=[0, 1, 2, 3, 4, 5, 6]): tx=92.81% (77960/84000)
          seen_day_unseen_rx(days=['2021_03_01', '2021_03_08'], rxs=[7, 8, 9, 10, 11]): tx=88.63% (53176/60000)
          unseen_day_unseen_rx(days=['2021_03_15', '2021_03_23'], rxs=[7, 8, 9, 10, 11]): tx=82.67% (49601/60000)
          day=2021_03_15 on seen_rxs=[0, 1, 2, 3, 4, 5, 6]: tx=95.63% (40163/42000)
          day=2021_03_23 on seen_rxs=[0, 1, 2, 3, 4, 5, 6]: tx=89.99% (37797/42000)
          rx=7 on seen_days=['2021_03_01', '2021_03_08']: tx=78.18% (9382/12000)
          rx=8 on seen_days=['2021_03_01', '2021_03_08']: tx=78.51% (9421/12000)
          rx=9 on seen_days=['2021_03_01', '2021_03_08']: tx=94.86% (11383/12000)
          rx=10 on seen_days=['2021_03_01', '2021_03_08']: tx=96.33% (11559/12000)
          rx=11 on seen_days=['2021_03_01', '2021_03_08']: tx=95.26% (11431/12000)
[BEST-JOINT]  val_tx=98.33% & test_tx=88.60% @ E029
[CKPT]  latest -> finalist_runs/C4_A2_ecc003_satmain_seed1337/latest_model.pth (saved) | best -> finalist_runs/C4_A2_ecc003_satmain_seed1337/best_model_val.pth (updated: val improved)
====================================================================================================================================
[SAT-TEST] scenario=clear_leo selected=test_unseen_day_unseen_rx overall_tx=41.10% strict_udu=41.10% (24659/60000)
[SAT-TEST] scenario=low_elev_leo selected=test_unseen_day_unseen_rx overall_tx=39.79% strict_udu=39.79% (23876/60000)
[SAT-TEST] scenario=rain_leo selected=test_unseen_day_unseen_rx overall_tx=39.58% strict_udu=39.58% (23750/60000)
[SAT-TEST] scenario=storm_mp selected=test_unseen_day_unseen_rx overall_tx=34.80% strict_udu=34.80% (20878/60000)
[SAT-TEST] scenario=mixed_orbit selected=test_unseen_day_unseen_rx overall_tx=36.62% strict_udu=36.62% (21970/60000)
[BEST-TEST] overall=88.60% @ E029 -> finalist_runs/C4_A2_ecc003_satmain_seed1337/best_model_test_overall.pth | unseen_day_unseen_rx=82.67% @ E029 -> finalist_runs/C4_A2_ecc003_satmain_seed1337/best_model_strict_udu.pth | unseen_day_seen_rx=93.65% @ E016 | seen_day_unseen_rx=88.63% @ E029
[BEST-PRIMARY] score=84.74 @ E029 -> finalist_runs/C4_A2_ecc003_satmain_seed1337/best_model_primary_ood.pth | overall=88.60% strict_udu=82.67%
[BEST-WORST-RX] worst_rx=78.48% (test_rx_7) @ E026 -> finalist_runs/C4_A2_ecc003_satmain_seed1337/best_model_worst_rx.pth
====================================================================================================================================
[Epoch 030/200] time=86.6s | lr=1.89e-04 | aux_scale=1.000
[STAGE] phase=S2_stabilize_aux | use_aux=1.0 cons=0.24 cls_aux=0.19 reg=0.38 joint_inv=0.16 kl=0.17 group_ce=0.72
[MIXSTYLE-EPOCH] phase=base enabled=1 p=0.150 strength=0.650 anneal_t=0.000
[AUG] scale=0.350 | p_dac=0.000 p_pa=0.049 p_shift=0.122 p_cfo=0.122 p_awgn=0.140 p_mp=0.063 | max_shift=11 cfo_max=0.00014 pn_max=0.0021
------------------------------------------------------------------------------------------------------------------------------------
[LOSS-CORE] total=5.6704 cls=2.9724 dom=0.7713 adv=2.5924 orth=0.0006 cons=0.2292 group_ce=4.3943
[LOSS-AUX]  cls_pa=5.2478 cls_dac=0.0000 pa_joint_inv=0.4778 pa_kl=4.9176 dac_reg=0.0000 pa_reg=0.0164 gap_dac=0.0000 gap_pa=0.2231 cos_joint_pa=0.5222 cos_imp_pa=nan
[LOSS-SAT]  cls_sat=10.5877 sat_cons=0.7129 sat_cos=0.2871
[LOSS-DG]   proto=0.0000 proto_cos=nan supcon=0.0000 fishr=0.0027 sgc_res=0.0000
[LOSS-CAL]  ecc=0.0215 ecc_w=0.0158 ecc_tau=0.7921 ecc_maxp=0.7834
[TRAIN] tx=74.77% dom=71.72% cons_cos=0.7707
[GRAD]  total=1.718 backbone=1.000 aux=0.750 domain=0.493
[VAL]   tx=97.58% dom=90.29%
[TEST]  overall_tx=85.83% (175085/204000)
[TEST-SPLIT]
          unseen_day_seen_rx(days=['2021_03_15', '2021_03_23'], rxs=[0, 1, 2, 3, 4, 5, 6]): tx=91.56% (76913/84000)
          seen_day_unseen_rx(days=['2021_03_01', '2021_03_08'], rxs=[7, 8, 9, 10, 11]): tx=85.64% (51386/60000)
          unseen_day_unseen_rx(days=['2021_03_15', '2021_03_23'], rxs=[7, 8, 9, 10, 11]): tx=77.98% (46786/60000)
          day=2021_03_15 on seen_rxs=[0, 1, 2, 3, 4, 5, 6]: tx=93.03% (39072/42000)
          day=2021_03_23 on seen_rxs=[0, 1, 2, 3, 4, 5, 6]: tx=90.10% (37841/42000)
          rx=7 on seen_days=['2021_03_01', '2021_03_08']: tx=78.45% (9414/12000)
          rx=8 on seen_days=['2021_03_01', '2021_03_08']: tx=80.41% (9649/12000)
          rx=9 on seen_days=['2021_03_01', '2021_03_08']: tx=87.53% (10503/12000)
          rx=10 on seen_days=['2021_03_01', '2021_03_08']: tx=92.58% (11110/12000)
          rx=11 on seen_days=['2021_03_01', '2021_03_08']: tx=89.25% (10710/12000)
[BEST-JOINT]  val_tx=98.33% & test_tx=88.60% @ E029
[CKPT]  latest -> finalist_runs/C4_A2_ecc003_satmain_seed1337/latest_model.pth (saved) | best -> finalist_runs/C4_A2_ecc003_satmain_seed1337/best_model_val.pth
====================================================================================================================================
[SAT-TEST] scenario=clear_leo selected=test_unseen_day_unseen_rx overall_tx=39.02% strict_udu=39.02% (23410/60000)
[SAT-TEST] scenario=low_elev_leo selected=test_unseen_day_unseen_rx overall_tx=37.88% strict_udu=37.88% (22725/60000)
[SAT-TEST] scenario=rain_leo selected=test_unseen_day_unseen_rx overall_tx=37.30% strict_udu=37.30% (22382/60000)
[SAT-TEST] scenario=storm_mp selected=test_unseen_day_unseen_rx overall_tx=33.45% strict_udu=33.45% (20072/60000)
[SAT-TEST] scenario=mixed_orbit selected=test_unseen_day_unseen_rx overall_tx=35.24% strict_udu=35.24% (21145/60000)
[BEST-TEST] overall=88.60% @ E029 -> finalist_runs/C4_A2_ecc003_satmain_seed1337/best_model_test_overall.pth | unseen_day_unseen_rx=82.67% @ E029 -> finalist_runs/C4_A2_ecc003_satmain_seed1337/best_model_strict_udu.pth | unseen_day_seen_rx=93.65% @ E016 | seen_day_unseen_rx=88.63% @ E029
[BEST-PRIMARY] score=84.74 @ E029 -> finalist_runs/C4_A2_ecc003_satmain_seed1337/best_model_primary_ood.pth | overall=88.60% strict_udu=82.67%
[BEST-WORST-RX] worst_rx=78.48% (test_rx_7) @ E026 -> finalist_runs/C4_A2_ecc003_satmain_seed1337/best_model_worst_rx.pth
====================================================================================================================================
[Epoch 031/200] time=85.4s | lr=1.88e-04 | aux_scale=1.000
[STAGE] phase=S2_stabilize_aux | use_aux=1.0 cons=0.24 cls_aux=0.19 reg=0.39 joint_inv=0.17 kl=0.18 group_ce=0.72
[MIXSTYLE-EPOCH] phase=base enabled=1 p=0.150 strength=0.650 anneal_t=0.000
[AUG] scale=0.350 | p_dac=0.000 p_pa=0.049 p_shift=0.122 p_cfo=0.122 p_awgn=0.140 p_mp=0.063 | max_shift=11 cfo_max=0.00014 pn_max=0.0021
------------------------------------------------------------------------------------------------------------------------------------
[LOSS-CORE] total=4.4930 cls=2.0757 dom=0.5786 adv=2.5961 orth=0.0007 cons=0.2110 group_ce=3.2921
[LOSS-AUX]  cls_pa=4.9988 cls_dac=0.0000 pa_joint_inv=0.4721 pa_kl=4.6752 dac_reg=0.0000 pa_reg=0.0159 gap_dac=0.0000 gap_pa=0.2274 cos_joint_pa=0.5279 cos_imp_pa=nan
[LOSS-SAT]  cls_sat=10.4060 sat_cons=0.7429 sat_cos=0.2571
[LOSS-DG]   proto=0.0000 proto_cos=nan supcon=0.0000 fishr=0.0019 sgc_res=0.0000
[LOSS-CAL]  ecc=0.0215 ecc_w=0.0150 ecc_tau=0.8000 ecc_maxp=0.7996
[TRAIN] tx=82.73% dom=78.29% cons_cos=0.7890
[GRAD]  total=1.574 backbone=1.000 aux=0.750 domain=0.490
[VAL]   tx=98.24% dom=91.82%
[TEST]  overall_tx=87.80% (179113/204000)
[TEST-SPLIT]
          unseen_day_seen_rx(days=['2021_03_15', '2021_03_23'], rxs=[0, 1, 2, 3, 4, 5, 6]): tx=92.20% (77452/84000)
          seen_day_unseen_rx(days=['2021_03_01', '2021_03_08'], rxs=[7, 8, 9, 10, 11]): tx=87.86% (52713/60000)
          unseen_day_unseen_rx(days=['2021_03_15', '2021_03_23'], rxs=[7, 8, 9, 10, 11]): tx=81.58% (48948/60000)
          day=2021_03_15 on seen_rxs=[0, 1, 2, 3, 4, 5, 6]: tx=93.84% (39412/42000)
          day=2021_03_23 on seen_rxs=[0, 1, 2, 3, 4, 5, 6]: tx=90.57% (38040/42000)
          rx=7 on seen_days=['2021_03_01', '2021_03_08']: tx=79.78% (9574/12000)
          rx=8 on seen_days=['2021_03_01', '2021_03_08']: tx=82.80% (9936/12000)
          rx=9 on seen_days=['2021_03_01', '2021_03_08']: tx=90.19% (10823/12000)
          rx=10 on seen_days=['2021_03_01', '2021_03_08']: tx=93.12% (11174/12000)
          rx=11 on seen_days=['2021_03_01', '2021_03_08']: tx=93.38% (11206/12000)
[BEST-JOINT]  val_tx=98.33% & test_tx=88.60% @ E029
[CKPT]  latest -> finalist_runs/C4_A2_ecc003_satmain_seed1337/latest_model.pth (saved) | best -> finalist_runs/C4_A2_ecc003_satmain_seed1337/best_model_val.pth
====================================================================================================================================
[SAT-TEST] scenario=clear_leo selected=test_unseen_day_unseen_rx overall_tx=39.92% strict_udu=39.92% (23954/60000)
[SAT-TEST] scenario=low_elev_leo selected=test_unseen_day_unseen_rx overall_tx=39.37% strict_udu=39.37% (23622/60000)
[SAT-TEST] scenario=rain_leo selected=test_unseen_day_unseen_rx overall_tx=38.94% strict_udu=38.94% (23365/60000)
[SAT-TEST] scenario=storm_mp selected=test_unseen_day_unseen_rx overall_tx=34.74% strict_udu=34.74% (20847/60000)
[SAT-TEST] scenario=mixed_orbit selected=test_unseen_day_unseen_rx overall_tx=36.23% strict_udu=36.23% (21739/60000)
[BEST-TEST] overall=88.60% @ E029 -> finalist_runs/C4_A2_ecc003_satmain_seed1337/best_model_test_overall.pth | unseen_day_unseen_rx=82.67% @ E029 -> finalist_runs/C4_A2_ecc003_satmain_seed1337/best_model_strict_udu.pth | unseen_day_seen_rx=93.65% @ E016 | seen_day_unseen_rx=88.63% @ E029
[BEST-PRIMARY] score=84.74 @ E029 -> finalist_runs/C4_A2_ecc003_satmain_seed1337/best_model_primary_ood.pth | overall=88.60% strict_udu=82.67%
[BEST-WORST-RX] worst_rx=79.78% (test_rx_7) @ E031 -> finalist_runs/C4_A2_ecc003_satmain_seed1337/best_model_worst_rx.pth
====================================================================================================================================
[Epoch 032/200] time=87.1s | lr=1.88e-04 | aux_scale=1.000
[STAGE] phase=S2_stabilize_aux | use_aux=1.0 cons=0.25 cls_aux=0.20 reg=0.39 joint_inv=0.17 kl=0.18 group_ce=0.73
[MIXSTYLE-EPOCH] phase=base enabled=1 p=0.150 strength=0.650 anneal_t=0.000
[AUG] scale=0.350 | p_dac=0.000 p_pa=0.049 p_shift=0.122 p_cfo=0.122 p_awgn=0.140 p_mp=0.063 | max_shift=11 cfo_max=0.00014 pn_max=0.0021
------------------------------------------------------------------------------------------------------------------------------------
[LOSS-CORE] total=5.2438 cls=2.6740 dom=0.6737 adv=2.6018 orth=0.0007 cons=0.2313 group_ce=3.9921
[LOSS-AUX]  cls_pa=4.8247 cls_dac=0.0000 pa_joint_inv=0.4655 pa_kl=4.5048 dac_reg=0.0000 pa_reg=0.0161 gap_dac=0.0000 gap_pa=0.2272 cos_joint_pa=0.5345 cos_imp_pa=nan
[LOSS-SAT]  cls_sat=10.4519 sat_cons=0.7286 sat_cos=0.2714
[LOSS-DG]   proto=0.0000 proto_cos=nan supcon=0.0000 fishr=0.0024 sgc_res=0.0000
[LOSS-CAL]  ecc=0.0191 ecc_w=0.0142 ecc_tau=0.8079 ecc_maxp=0.7911
[TRAIN] tx=78.02% dom=75.43% cons_cos=0.7687
[GRAD]  total=1.673 backbone=1.000 aux=0.750 domain=0.486
[VAL]   tx=97.85% dom=91.12%
[TEST]  overall_tx=87.40% (178295/204000)
[TEST-SPLIT]
          unseen_day_seen_rx(days=['2021_03_15', '2021_03_23'], rxs=[0, 1, 2, 3, 4, 5, 6]): tx=92.13% (77388/84000)
          seen_day_unseen_rx(days=['2021_03_01', '2021_03_08'], rxs=[7, 8, 9, 10, 11]): tx=86.74% (52042/60000)
          unseen_day_unseen_rx(days=['2021_03_15', '2021_03_23'], rxs=[7, 8, 9, 10, 11]): tx=81.44% (48865/60000)
          day=2021_03_15 on seen_rxs=[0, 1, 2, 3, 4, 5, 6]: tx=94.63% (39746/42000)
          day=2021_03_23 on seen_rxs=[0, 1, 2, 3, 4, 5, 6]: tx=89.62% (37642/42000)
          rx=7 on seen_days=['2021_03_01', '2021_03_08']: tx=78.58% (9430/12000)
          rx=8 on seen_days=['2021_03_01', '2021_03_08']: tx=77.61% (9313/12000)
          rx=9 on seen_days=['2021_03_01', '2021_03_08']: tx=89.42% (10730/12000)
          rx=10 on seen_days=['2021_03_01', '2021_03_08']: tx=95.66% (11479/12000)
          rx=11 on seen_days=['2021_03_01', '2021_03_08']: tx=92.42% (11090/12000)
[BEST-JOINT]  val_tx=98.33% & test_tx=88.60% @ E029
[CKPT]  latest -> finalist_runs/C4_A2_ecc003_satmain_seed1337/latest_model.pth (saved) | best -> finalist_runs/C4_A2_ecc003_satmain_seed1337/best_model_val.pth
====================================================================================================================================
[SAT-TEST] scenario=clear_leo selected=test_unseen_day_unseen_rx overall_tx=42.11% strict_udu=42.11% (25268/60000)
[SAT-TEST] scenario=low_elev_leo selected=test_unseen_day_unseen_rx overall_tx=40.02% strict_udu=40.02% (24011/60000)
[SAT-TEST] scenario=rain_leo selected=test_unseen_day_unseen_rx overall_tx=40.05% strict_udu=40.05% (24031/60000)
[SAT-TEST] scenario=storm_mp selected=test_unseen_day_unseen_rx overall_tx=33.80% strict_udu=33.80% (20283/60000)
[SAT-TEST] scenario=mixed_orbit selected=test_unseen_day_unseen_rx overall_tx=37.20% strict_udu=37.20% (22322/60000)
[BEST-TEST] overall=88.60% @ E029 -> finalist_runs/C4_A2_ecc003_satmain_seed1337/best_model_test_overall.pth | unseen_day_unseen_rx=82.67% @ E029 -> finalist_runs/C4_A2_ecc003_satmain_seed1337/best_model_strict_udu.pth | unseen_day_seen_rx=93.65% @ E016 | seen_day_unseen_rx=88.63% @ E029
[BEST-PRIMARY] score=84.74 @ E029 -> finalist_runs/C4_A2_ecc003_satmain_seed1337/best_model_primary_ood.pth | overall=88.60% strict_udu=82.67%
[BEST-WORST-RX] worst_rx=79.78% (test_rx_7) @ E031 -> finalist_runs/C4_A2_ecc003_satmain_seed1337/best_model_worst_rx.pth
====================================================================================================================================
[Epoch 033/200] time=86.7s | lr=1.87e-04 | aux_scale=1.000
[STAGE] phase=S2_stabilize_aux | use_aux=1.0 cons=0.25 cls_aux=0.20 reg=0.39 joint_inv=0.17 kl=0.18 group_ce=0.73
[MIXSTYLE-EPOCH] phase=base enabled=1 p=0.150 strength=0.650 anneal_t=0.000
[AUG] scale=0.350 | p_dac=0.000 p_pa=0.049 p_shift=0.122 p_cfo=0.122 p_awgn=0.140 p_mp=0.063 | max_shift=11 cfo_max=0.00014 pn_max=0.0021
------------------------------------------------------------------------------------------------------------------------------------
[LOSS-CORE] total=5.7001 cls=3.0385 dom=0.7194 adv=2.6023 orth=0.0007 cons=0.2415 group_ce=4.4053
[LOSS-AUX]  cls_pa=4.7832 cls_dac=0.0000 pa_joint_inv=0.4539 pa_kl=4.4085 dac_reg=0.0000 pa_reg=0.0160 gap_dac=0.0000 gap_pa=0.2261 cos_joint_pa=0.5461 cos_imp_pa=nan
[LOSS-SAT]  cls_sat=10.6034 sat_cons=0.7206 sat_cos=0.2794
[LOSS-DG]   proto=0.0000 proto_cos=nan supcon=0.0000 fishr=0.0025 sgc_res=0.0000
[LOSS-CAL]  ecc=0.0173 ecc_w=0.0134 ecc_tau=0.8157 ecc_maxp=0.7984
[TRAIN] tx=74.96% dom=73.83% cons_cos=0.7585
[GRAD]  total=1.673 backbone=1.000 aux=0.750 domain=0.491
[VAL]   tx=98.10% dom=90.84%
[TEST]  overall_tx=87.70% (178908/204000)
[TEST-SPLIT]
          unseen_day_seen_rx(days=['2021_03_15', '2021_03_23'], rxs=[0, 1, 2, 3, 4, 5, 6]): tx=92.81% (77962/84000)
          seen_day_unseen_rx(days=['2021_03_01', '2021_03_08'], rxs=[7, 8, 9, 10, 11]): tx=87.67% (52599/60000)
          unseen_day_unseen_rx(days=['2021_03_15', '2021_03_23'], rxs=[7, 8, 9, 10, 11]): tx=80.58% (48347/60000)
          day=2021_03_15 on seen_rxs=[0, 1, 2, 3, 4, 5, 6]: tx=94.56% (39714/42000)
          day=2021_03_23 on seen_rxs=[0, 1, 2, 3, 4, 5, 6]: tx=91.07% (38248/42000)
          rx=7 on seen_days=['2021_03_01', '2021_03_08']: tx=81.92% (9830/12000)
          rx=8 on seen_days=['2021_03_01', '2021_03_08']: tx=75.05% (9006/12000)
          rx=9 on seen_days=['2021_03_01', '2021_03_08']: tx=93.44% (11213/12000)
          rx=10 on seen_days=['2021_03_01', '2021_03_08']: tx=97.01% (11641/12000)
          rx=11 on seen_days=['2021_03_01', '2021_03_08']: tx=90.91% (10909/12000)
[BEST-JOINT]  val_tx=98.33% & test_tx=88.60% @ E029
[CKPT]  latest -> finalist_runs/C4_A2_ecc003_satmain_seed1337/latest_model.pth (saved) | best -> finalist_runs/C4_A2_ecc003_satmain_seed1337/best_model_val.pth
====================================================================================================================================
[SAT-TEST] scenario=clear_leo selected=test_unseen_day_unseen_rx overall_tx=39.84% strict_udu=39.84% (23905/60000)
[SAT-TEST] scenario=low_elev_leo selected=test_unseen_day_unseen_rx overall_tx=39.31% strict_udu=39.31% (23589/60000)
[SAT-TEST] scenario=rain_leo selected=test_unseen_day_unseen_rx overall_tx=38.47% strict_udu=38.47% (23084/60000)
[SAT-TEST] scenario=storm_mp selected=test_unseen_day_unseen_rx overall_tx=34.52% strict_udu=34.52% (20715/60000)
[SAT-TEST] scenario=mixed_orbit selected=test_unseen_day_unseen_rx overall_tx=35.48% strict_udu=35.48% (21286/60000)
[BEST-TEST] overall=88.60% @ E029 -> finalist_runs/C4_A2_ecc003_satmain_seed1337/best_model_test_overall.pth | unseen_day_unseen_rx=82.67% @ E029 -> finalist_runs/C4_A2_ecc003_satmain_seed1337/best_model_strict_udu.pth | unseen_day_seen_rx=93.65% @ E016 | seen_day_unseen_rx=88.63% @ E029
[BEST-PRIMARY] score=84.74 @ E029 -> finalist_runs/C4_A2_ecc003_satmain_seed1337/best_model_primary_ood.pth | overall=88.60% strict_udu=82.67%
[BEST-WORST-RX] worst_rx=79.78% (test_rx_7) @ E031 -> finalist_runs/C4_A2_ecc003_satmain_seed1337/best_model_worst_rx.pth
====================================================================================================================================
[Epoch 034/200] time=86.9s | lr=1.86e-04 | aux_scale=1.000
[STAGE] phase=S2_stabilize_aux | use_aux=1.0 cons=0.26 cls_aux=0.21 reg=0.40 joint_inv=0.17 kl=0.19 group_ce=0.73
[MIXSTYLE-EPOCH] phase=base enabled=1 p=0.150 strength=0.650 anneal_t=0.000
[AUG] scale=0.350 | p_dac=0.000 p_pa=0.049 p_shift=0.122 p_cfo=0.122 p_awgn=0.140 p_mp=0.063 | max_shift=11 cfo_max=0.00014 pn_max=0.0021
------------------------------------------------------------------------------------------------------------------------------------
[LOSS-CORE] total=4.4973 cls=2.0023 dom=0.6424 adv=2.5993 orth=0.0008 cons=0.2029 group_ce=3.2845
[LOSS-AUX]  cls_pa=4.5997 cls_dac=0.0000 pa_joint_inv=0.4410 pa_kl=4.3040 dac_reg=0.0000 pa_reg=0.0160 gap_dac=0.0000 gap_pa=0.2302 cos_joint_pa=0.5590 cos_imp_pa=nan
[LOSS-SAT]  cls_sat=10.4275 sat_cons=0.7447 sat_cos=0.2553
[LOSS-DG]   proto=0.0000 proto_cos=nan supcon=0.0000 fishr=0.0019 sgc_res=0.0000
[LOSS-CAL]  ecc=0.0165 ecc_w=0.0127 ecc_tau=0.8235 ecc_maxp=0.8033
[TRAIN] tx=82.93% dom=77.14% cons_cos=0.7971
[GRAD]  total=1.740 backbone=1.000 aux=0.750 domain=0.489
[VAL]   tx=97.09% dom=91.09%
[TEST]  overall_tx=85.82% (175079/204000)
[TEST-SPLIT]
          unseen_day_seen_rx(days=['2021_03_15', '2021_03_23'], rxs=[0, 1, 2, 3, 4, 5, 6]): tx=91.57% (76915/84000)
          seen_day_unseen_rx(days=['2021_03_01', '2021_03_08'], rxs=[7, 8, 9, 10, 11]): tx=84.64% (50782/60000)
          unseen_day_unseen_rx(days=['2021_03_15', '2021_03_23'], rxs=[7, 8, 9, 10, 11]): tx=78.97% (47382/60000)
          day=2021_03_15 on seen_rxs=[0, 1, 2, 3, 4, 5, 6]: tx=94.12% (39529/42000)
          day=2021_03_23 on seen_rxs=[0, 1, 2, 3, 4, 5, 6]: tx=89.01% (37386/42000)
          rx=7 on seen_days=['2021_03_01', '2021_03_08']: tx=78.88% (9466/12000)
          rx=8 on seen_days=['2021_03_01', '2021_03_08']: tx=74.56% (8947/12000)
          rx=9 on seen_days=['2021_03_01', '2021_03_08']: tx=87.18% (10462/12000)
          rx=10 on seen_days=['2021_03_01', '2021_03_08']: tx=94.28% (11313/12000)
          rx=11 on seen_days=['2021_03_01', '2021_03_08']: tx=88.28% (10594/12000)
[BEST-JOINT]  val_tx=98.33% & test_tx=88.60% @ E029
[CKPT]  latest -> finalist_runs/C4_A2_ecc003_satmain_seed1337/latest_model.pth (saved) | best -> finalist_runs/C4_A2_ecc003_satmain_seed1337/best_model_val.pth
====================================================================================================================================
[SAT-TEST] scenario=clear_leo selected=test_unseen_day_unseen_rx overall_tx=42.45% strict_udu=42.45% (25470/60000)
[SAT-TEST] scenario=low_elev_leo selected=test_unseen_day_unseen_rx overall_tx=41.16% strict_udu=41.16% (24698/60000)
[SAT-TEST] scenario=rain_leo selected=test_unseen_day_unseen_rx overall_tx=40.72% strict_udu=40.72% (24431/60000)
[SAT-TEST] scenario=storm_mp selected=test_unseen_day_unseen_rx overall_tx=34.95% strict_udu=34.95% (20969/60000)
[SAT-TEST] scenario=mixed_orbit selected=test_unseen_day_unseen_rx overall_tx=37.91% strict_udu=37.91% (22743/60000)
[BEST-TEST] overall=88.60% @ E029 -> finalist_runs/C4_A2_ecc003_satmain_seed1337/best_model_test_overall.pth | unseen_day_unseen_rx=82.67% @ E029 -> finalist_runs/C4_A2_ecc003_satmain_seed1337/best_model_strict_udu.pth | unseen_day_seen_rx=93.65% @ E016 | seen_day_unseen_rx=88.63% @ E029
[BEST-PRIMARY] score=84.74 @ E029 -> finalist_runs/C4_A2_ecc003_satmain_seed1337/best_model_primary_ood.pth | overall=88.60% strict_udu=82.67%
[BEST-WORST-RX] worst_rx=79.78% (test_rx_7) @ E031 -> finalist_runs/C4_A2_ecc003_satmain_seed1337/best_model_worst_rx.pth
[WARN][E035] unsafe backward/step skipped #4
====================================================================================================================================
[Epoch 035/200] time=86.5s | lr=1.85e-04 | aux_scale=1.000
[STAGE] phase=S2_stabilize_aux | use_aux=1.0 cons=0.27 cls_aux=0.22 reg=0.40 joint_inv=0.17 kl=0.19 group_ce=0.74
[MIXSTYLE-EPOCH] phase=base enabled=1 p=0.150 strength=0.650 anneal_t=0.000
[AUG] scale=0.350 | p_dac=0.000 p_pa=0.049 p_shift=0.122 p_cfo=0.122 p_awgn=0.140 p_mp=0.063 | max_shift=11 cfo_max=0.00014 pn_max=0.0021
------------------------------------------------------------------------------------------------------------------------------------
[LOSS-CORE] total=4.6984 cls=2.2487 dom=0.5968 adv=2.6060 orth=0.0008 cons=0.2101 group_ce=3.3802
[LOSS-AUX]  cls_pa=4.2659 cls_dac=0.0000 pa_joint_inv=0.4277 pa_kl=3.9698 dac_reg=0.0000 pa_reg=0.0158 gap_dac=0.0000 gap_pa=0.2294 cos_joint_pa=0.5723 cos_imp_pa=nan
[LOSS-SAT]  cls_sat=10.3463 sat_cons=0.7481 sat_cos=0.2519
[LOSS-DG]   proto=0.0000 proto_cos=nan supcon=0.0000 fishr=0.0020 sgc_res=0.0000
[LOSS-CAL]  ecc=0.0147 ecc_w=0.0119 ecc_tau=0.8312 ecc_maxp=0.7900
[TRAIN] tx=81.21% dom=77.19% cons_cos=0.7865
[GRAD]  total=1.596 backbone=1.000 aux=0.750 domain=0.475
[VAL]   tx=98.05% dom=90.33%
[TEST]  overall_tx=87.37% (178244/204000)
[TEST-SPLIT]
          unseen_day_seen_rx(days=['2021_03_15', '2021_03_23'], rxs=[0, 1, 2, 3, 4, 5, 6]): tx=92.72% (77884/84000)
          seen_day_unseen_rx(days=['2021_03_01', '2021_03_08'], rxs=[7, 8, 9, 10, 11]): tx=86.21% (51728/60000)
          unseen_day_unseen_rx(days=['2021_03_15', '2021_03_23'], rxs=[7, 8, 9, 10, 11]): tx=81.05% (48632/60000)
          day=2021_03_15 on seen_rxs=[0, 1, 2, 3, 4, 5, 6]: tx=95.55% (40133/42000)
          day=2021_03_23 on seen_rxs=[0, 1, 2, 3, 4, 5, 6]: tx=89.88% (37751/42000)
          rx=7 on seen_days=['2021_03_01', '2021_03_08']: tx=78.14% (9377/12000)
          rx=8 on seen_days=['2021_03_01', '2021_03_08']: tx=79.46% (9535/12000)
          rx=9 on seen_days=['2021_03_01', '2021_03_08']: tx=91.03% (10924/12000)
          rx=10 on seen_days=['2021_03_01', '2021_03_08']: tx=92.07% (11048/12000)
          rx=11 on seen_days=['2021_03_01', '2021_03_08']: tx=90.37% (10844/12000)
[BEST-JOINT]  val_tx=98.33% & test_tx=88.60% @ E029
[CKPT]  latest -> finalist_runs/C4_A2_ecc003_satmain_seed1337/latest_model.pth (saved) | best -> finalist_runs/C4_A2_ecc003_satmain_seed1337/best_model_val.pth
====================================================================================================================================
[SAT-TEST] scenario=clear_leo selected=test_unseen_day_unseen_rx overall_tx=41.42% strict_udu=41.42% (24851/60000)
[SAT-TEST] scenario=low_elev_leo selected=test_unseen_day_unseen_rx overall_tx=40.29% strict_udu=40.29% (24173/60000)
[SAT-TEST] scenario=rain_leo selected=test_unseen_day_unseen_rx overall_tx=40.16% strict_udu=40.16% (24096/60000)
[SAT-TEST] scenario=storm_mp selected=test_unseen_day_unseen_rx overall_tx=35.37% strict_udu=35.37% (21219/60000)
[SAT-TEST] scenario=mixed_orbit selected=test_unseen_day_unseen_rx overall_tx=37.36% strict_udu=37.36% (22415/60000)
[BEST-TEST] overall=88.60% @ E029 -> finalist_runs/C4_A2_ecc003_satmain_seed1337/best_model_test_overall.pth | unseen_day_unseen_rx=82.67% @ E029 -> finalist_runs/C4_A2_ecc003_satmain_seed1337/best_model_strict_udu.pth | unseen_day_seen_rx=93.65% @ E016 | seen_day_unseen_rx=88.63% @ E029
[BEST-PRIMARY] score=84.74 @ E029 -> finalist_runs/C4_A2_ecc003_satmain_seed1337/best_model_primary_ood.pth | overall=88.60% strict_udu=82.67%
[BEST-WORST-RX] worst_rx=79.78% (test_rx_7) @ E031 -> finalist_runs/C4_A2_ecc003_satmain_seed1337/best_model_worst_rx.pth
====================================================================================================================================
[Epoch 036/200] time=88.1s | lr=1.85e-04 | aux_scale=1.000
[STAGE] phase=S2_stabilize_aux | use_aux=1.0 cons=0.27 cls_aux=0.22 reg=0.41 joint_inv=0.18 kl=0.20 group_ce=0.74
[MIXSTYLE-EPOCH] phase=base enabled=1 p=0.150 strength=0.650 anneal_t=0.000
[AUG] scale=0.350 | p_dac=0.000 p_pa=0.049 p_shift=0.122 p_cfo=0.122 p_awgn=0.140 p_mp=0.063 | max_shift=11 cfo_max=0.00014 pn_max=0.0021
------------------------------------------------------------------------------------------------------------------------------------
[LOSS-CORE] total=5.4411 cls=2.8202 dom=0.6961 adv=2.6066 orth=0.0008 cons=0.2163 group_ce=4.1370
[LOSS-AUX]  cls_pa=4.3784 cls_dac=0.0000 pa_joint_inv=0.4294 pa_kl=4.0766 dac_reg=0.0000 pa_reg=0.0157 gap_dac=0.0000 gap_pa=0.2323 cos_joint_pa=0.5706 cos_imp_pa=nan
[LOSS-SAT]  cls_sat=10.3431 sat_cons=0.7211 sat_cos=0.2789
[LOSS-DG]   proto=0.0000 proto_cos=nan supcon=0.0000 fishr=0.0024 sgc_res=0.0000
[LOSS-CAL]  ecc=0.0128 ecc_w=0.0111 ecc_tau=0.8388 ecc_maxp=0.7853
[TRAIN] tx=77.03% dom=74.81% cons_cos=0.7837
[GRAD]  total=1.743 backbone=1.000 aux=0.750 domain=0.473
[VAL]   tx=98.26% dom=91.82%
[TEST]  overall_tx=84.77% (172921/204000)
[TEST-SPLIT]
          unseen_day_seen_rx(days=['2021_03_15', '2021_03_23'], rxs=[0, 1, 2, 3, 4, 5, 6]): tx=90.25% (75810/84000)
          seen_day_unseen_rx(days=['2021_03_01', '2021_03_08'], rxs=[7, 8, 9, 10, 11]): tx=84.50% (50700/60000)
          unseen_day_unseen_rx(days=['2021_03_15', '2021_03_23'], rxs=[7, 8, 9, 10, 11]): tx=77.35% (46411/60000)
          day=2021_03_15 on seen_rxs=[0, 1, 2, 3, 4, 5, 6]: tx=91.66% (38496/42000)
          day=2021_03_23 on seen_rxs=[0, 1, 2, 3, 4, 5, 6]: tx=88.84% (37314/42000)
          rx=7 on seen_days=['2021_03_01', '2021_03_08']: tx=78.11% (9373/12000)
          rx=8 on seen_days=['2021_03_01', '2021_03_08']: tx=77.12% (9255/12000)
          rx=9 on seen_days=['2021_03_01', '2021_03_08']: tx=89.59% (10751/12000)
          rx=10 on seen_days=['2021_03_01', '2021_03_08']: tx=92.97% (11157/12000)
          rx=11 on seen_days=['2021_03_01', '2021_03_08']: tx=84.70% (10164/12000)
[BEST-JOINT]  val_tx=98.33% & test_tx=88.60% @ E029
[CKPT]  latest -> finalist_runs/C4_A2_ecc003_satmain_seed1337/latest_model.pth (saved) | best -> finalist_runs/C4_A2_ecc003_satmain_seed1337/best_model_val.pth
====================================================================================================================================
[SAT-TEST] scenario=clear_leo selected=test_unseen_day_unseen_rx overall_tx=37.67% strict_udu=37.67% (22604/60000)
[SAT-TEST] scenario=low_elev_leo selected=test_unseen_day_unseen_rx overall_tx=36.94% strict_udu=36.94% (22163/60000)
[SAT-TEST] scenario=rain_leo selected=test_unseen_day_unseen_rx overall_tx=36.19% strict_udu=36.19% (21714/60000)
[SAT-TEST] scenario=storm_mp selected=test_unseen_day_unseen_rx overall_tx=33.31% strict_udu=33.31% (19987/60000)
[SAT-TEST] scenario=mixed_orbit selected=test_unseen_day_unseen_rx overall_tx=33.80% strict_udu=33.80% (20280/60000)
[BEST-TEST] overall=88.60% @ E029 -> finalist_runs/C4_A2_ecc003_satmain_seed1337/best_model_test_overall.pth | unseen_day_unseen_rx=82.67% @ E029 -> finalist_runs/C4_A2_ecc003_satmain_seed1337/best_model_strict_udu.pth | unseen_day_seen_rx=93.65% @ E016 | seen_day_unseen_rx=88.63% @ E029
[BEST-PRIMARY] score=84.74 @ E029 -> finalist_runs/C4_A2_ecc003_satmain_seed1337/best_model_primary_ood.pth | overall=88.60% strict_udu=82.67%
[BEST-WORST-RX] worst_rx=79.78% (test_rx_7) @ E031 -> finalist_runs/C4_A2_ecc003_satmain_seed1337/best_model_worst_rx.pth
====================================================================================================================================
[Epoch 037/200] time=88.2s | lr=1.84e-04 | aux_scale=1.000
[STAGE] phase=S2_stabilize_aux | use_aux=1.0 cons=0.28 cls_aux=0.23 reg=0.41 joint_inv=0.18 kl=0.20 group_ce=0.74
[MIXSTYLE-EPOCH] phase=base enabled=1 p=0.150 strength=0.650 anneal_t=0.000
[AUG] scale=0.350 | p_dac=0.000 p_pa=0.049 p_shift=0.122 p_cfo=0.122 p_awgn=0.140 p_mp=0.063 | max_shift=11 cfo_max=0.00014 pn_max=0.0021
------------------------------------------------------------------------------------------------------------------------------------
[LOSS-CORE] total=6.4733 cls=3.6097 dom=0.8699 adv=2.6090 orth=0.0007 cons=0.2362 group_ce=5.0146
[LOSS-AUX]  cls_pa=4.1145 cls_dac=0.0000 pa_joint_inv=0.4191 pa_kl=3.7814 dac_reg=0.0000 pa_reg=0.0157 gap_dac=0.0000 gap_pa=0.2256 cos_joint_pa=0.5809 cos_imp_pa=nan
[LOSS-SAT]  cls_sat=10.4380 sat_cons=0.6959 sat_cos=0.3041
[LOSS-DG]   proto=0.0000 proto_cos=nan supcon=0.0000 fishr=0.0030 sgc_res=0.0000
[LOSS-CAL]  ecc=0.0108 ecc_w=0.0104 ecc_tau=0.8464 ecc_maxp=0.7749
[TRAIN] tx=69.36% dom=69.56% cons_cos=0.7638
[GRAD]  total=1.759 backbone=1.000 aux=0.750 domain=0.488
[VAL]   tx=98.36% dom=91.43%
[TEST]  overall_tx=87.56% (178615/204000)
[TEST-SPLIT]
          unseen_day_seen_rx(days=['2021_03_15', '2021_03_23'], rxs=[0, 1, 2, 3, 4, 5, 6]): tx=91.79% (77101/84000)
          seen_day_unseen_rx(days=['2021_03_01', '2021_03_08'], rxs=[7, 8, 9, 10, 11]): tx=86.90% (52142/60000)
          unseen_day_unseen_rx(days=['2021_03_15', '2021_03_23'], rxs=[7, 8, 9, 10, 11]): tx=82.29% (49372/60000)
          day=2021_03_15 on seen_rxs=[0, 1, 2, 3, 4, 5, 6]: tx=95.38% (40059/42000)
          day=2021_03_23 on seen_rxs=[0, 1, 2, 3, 4, 5, 6]: tx=88.20% (37042/42000)
          rx=7 on seen_days=['2021_03_01', '2021_03_08']: tx=78.53% (9424/12000)
          rx=8 on seen_days=['2021_03_01', '2021_03_08']: tx=77.47% (9297/12000)
          rx=9 on seen_days=['2021_03_01', '2021_03_08']: tx=92.28% (11074/12000)
          rx=10 on seen_days=['2021_03_01', '2021_03_08']: tx=92.05% (11046/12000)
          rx=11 on seen_days=['2021_03_01', '2021_03_08']: tx=94.17% (11301/12000)
[BEST-JOINT]  val_tx=98.36% & test_tx=87.56% @ E037
[CKPT]  latest -> finalist_runs/C4_A2_ecc003_satmain_seed1337/latest_model.pth (saved) | best -> finalist_runs/C4_A2_ecc003_satmain_seed1337/best_model_val.pth (updated: val improved)
====================================================================================================================================
[SAT-TEST] scenario=clear_leo selected=test_unseen_day_unseen_rx overall_tx=42.36% strict_udu=42.36% (25414/60000)
[SAT-TEST] scenario=low_elev_leo selected=test_unseen_day_unseen_rx overall_tx=40.30% strict_udu=40.30% (24181/60000)
[SAT-TEST] scenario=rain_leo selected=test_unseen_day_unseen_rx overall_tx=40.13% strict_udu=40.13% (24078/60000)
[SAT-TEST] scenario=storm_mp selected=test_unseen_day_unseen_rx overall_tx=34.42% strict_udu=34.42% (20654/60000)
[SAT-TEST] scenario=mixed_orbit selected=test_unseen_day_unseen_rx overall_tx=37.79% strict_udu=37.79% (22673/60000)
[BEST-TEST] overall=88.60% @ E029 -> finalist_runs/C4_A2_ecc003_satmain_seed1337/best_model_test_overall.pth | unseen_day_unseen_rx=82.67% @ E029 -> finalist_runs/C4_A2_ecc003_satmain_seed1337/best_model_strict_udu.pth | unseen_day_seen_rx=93.65% @ E016 | seen_day_unseen_rx=88.63% @ E029
[BEST-PRIMARY] score=84.74 @ E029 -> finalist_runs/C4_A2_ecc003_satmain_seed1337/best_model_primary_ood.pth | overall=88.60% strict_udu=82.67%
[BEST-WORST-RX] worst_rx=79.78% (test_rx_7) @ E031 -> finalist_runs/C4_A2_ecc003_satmain_seed1337/best_model_worst_rx.pth
====================================================================================================================================
[Epoch 038/200] time=86.7s | lr=1.83e-04 | aux_scale=1.000
[STAGE] phase=S2_stabilize_aux | use_aux=1.0 cons=0.28 cls_aux=0.23 reg=0.42 joint_inv=0.18 kl=0.20 group_ce=0.75
[MIXSTYLE-EPOCH] phase=base enabled=1 p=0.150 strength=0.650 anneal_t=0.000
[AUG] scale=0.350 | p_dac=0.000 p_pa=0.049 p_shift=0.122 p_cfo=0.122 p_awgn=0.140 p_mp=0.063 | max_shift=11 cfo_max=0.00014 pn_max=0.0021
------------------------------------------------------------------------------------------------------------------------------------
[LOSS-CORE] total=5.1429 cls=2.5517 dom=0.6800 adv=2.6025 orth=0.0008 cons=0.2147 group_ce=3.8350
[LOSS-AUX]  cls_pa=4.0840 cls_dac=0.0000 pa_joint_inv=0.4212 pa_kl=3.8034 dac_reg=0.0000 pa_reg=0.0156 gap_dac=0.0000 gap_pa=0.2383 cos_joint_pa=0.5788 cos_imp_pa=nan
[LOSS-SAT]  cls_sat=10.3764 sat_cons=0.7256 sat_cos=0.2744
[LOSS-DG]   proto=0.0000 proto_cos=nan supcon=0.0000 fishr=0.0025 sgc_res=0.0000
[LOSS-CAL]  ecc=0.0109 ecc_w=0.0096 ecc_tau=0.8538 ecc_maxp=0.8075
[TRAIN] tx=78.58% dom=75.61% cons_cos=0.7852
[GRAD]  total=1.726 backbone=1.000 aux=0.750 domain=0.478
[VAL]   tx=98.24% dom=92.13%
[TEST]  overall_tx=87.49% (178479/204000)
[TEST-SPLIT]
          unseen_day_seen_rx(days=['2021_03_15', '2021_03_23'], rxs=[0, 1, 2, 3, 4, 5, 6]): tx=92.68% (77849/84000)
          seen_day_unseen_rx(days=['2021_03_01', '2021_03_08'], rxs=[7, 8, 9, 10, 11]): tx=86.49% (51896/60000)
          unseen_day_unseen_rx(days=['2021_03_15', '2021_03_23'], rxs=[7, 8, 9, 10, 11]): tx=81.22% (48734/60000)
          day=2021_03_15 on seen_rxs=[0, 1, 2, 3, 4, 5, 6]: tx=93.51% (39273/42000)
          day=2021_03_23 on seen_rxs=[0, 1, 2, 3, 4, 5, 6]: tx=91.85% (38576/42000)
          rx=7 on seen_days=['2021_03_01', '2021_03_08']: tx=74.85% (8982/12000)
          rx=8 on seen_days=['2021_03_01', '2021_03_08']: tx=82.12% (9855/12000)
          rx=9 on seen_days=['2021_03_01', '2021_03_08']: tx=89.76% (10771/12000)
          rx=10 on seen_days=['2021_03_01', '2021_03_08']: tx=91.19% (10943/12000)
          rx=11 on seen_days=['2021_03_01', '2021_03_08']: tx=94.54% (11345/12000)
[BEST-JOINT]  val_tx=98.36% & test_tx=87.56% @ E037
[CKPT]  latest -> finalist_runs/C4_A2_ecc003_satmain_seed1337/latest_model.pth (saved) | best -> finalist_runs/C4_A2_ecc003_satmain_seed1337/best_model_val.pth
====================================================================================================================================
[SAT-TEST] scenario=clear_leo selected=test_unseen_day_unseen_rx overall_tx=40.51% strict_udu=40.51% (24305/60000)
[SAT-TEST] scenario=low_elev_leo selected=test_unseen_day_unseen_rx overall_tx=39.87% strict_udu=39.87% (23921/60000)
[SAT-TEST] scenario=rain_leo selected=test_unseen_day_unseen_rx overall_tx=39.15% strict_udu=39.15% (23489/60000)
[SAT-TEST] scenario=storm_mp selected=test_unseen_day_unseen_rx overall_tx=34.86% strict_udu=34.86% (20915/60000)
[SAT-TEST] scenario=mixed_orbit selected=test_unseen_day_unseen_rx overall_tx=37.22% strict_udu=37.22% (22329/60000)
[BEST-TEST] overall=88.60% @ E029 -> finalist_runs/C4_A2_ecc003_satmain_seed1337/best_model_test_overall.pth | unseen_day_unseen_rx=82.67% @ E029 -> finalist_runs/C4_A2_ecc003_satmain_seed1337/best_model_strict_udu.pth | unseen_day_seen_rx=93.65% @ E016 | seen_day_unseen_rx=88.63% @ E029
[BEST-PRIMARY] score=84.74 @ E029 -> finalist_runs/C4_A2_ecc003_satmain_seed1337/best_model_primary_ood.pth | overall=88.60% strict_udu=82.67%
[BEST-WORST-RX] worst_rx=79.78% (test_rx_7) @ E031 -> finalist_runs/C4_A2_ecc003_satmain_seed1337/best_model_worst_rx.pth
====================================================================================================================================
[Epoch 039/200] time=87.6s | lr=1.82e-04 | aux_scale=1.000
[STAGE] phase=S2_stabilize_aux | use_aux=1.0 cons=0.29 cls_aux=0.24 reg=0.43 joint_inv=0.18 kl=0.21 group_ce=0.75
[MIXSTYLE-EPOCH] phase=base enabled=1 p=0.150 strength=0.650 anneal_t=0.000
[AUG] scale=0.350 | p_dac=0.000 p_pa=0.049 p_shift=0.122 p_cfo=0.122 p_awgn=0.140 p_mp=0.063 | max_shift=11 cfo_max=0.00014 pn_max=0.0021
------------------------------------------------------------------------------------------------------------------------------------
[LOSS-CORE] total=4.7465 cls=2.2446 dom=0.6228 adv=2.6045 orth=0.0010 cons=0.2064 group_ce=3.4270
[LOSS-AUX]  cls_pa=3.8589 cls_dac=0.0000 pa_joint_inv=0.3999 pa_kl=3.5739 dac_reg=0.0000 pa_reg=0.0159 gap_dac=0.0000 gap_pa=0.2346 cos_joint_pa=0.6001 cos_imp_pa=nan
[LOSS-SAT]  cls_sat=10.3353 sat_cons=0.7407 sat_cos=0.2593
[LOSS-DG]   proto=0.0000 proto_cos=nan supcon=0.0000 fishr=0.0020 sgc_res=0.0000
[LOSS-CAL]  ecc=0.0097 ecc_w=0.0089 ecc_tau=0.8610 ecc_maxp=0.7989
[TRAIN] tx=81.34% dom=77.25% cons_cos=0.7935
[GRAD]  total=1.682 backbone=1.000 aux=0.750 domain=0.485
[VAL]   tx=97.82% dom=91.83%
[TEST]  overall_tx=86.15% (175753/204000)
[TEST-SPLIT]
          unseen_day_seen_rx(days=['2021_03_15', '2021_03_23'], rxs=[0, 1, 2, 3, 4, 5, 6]): tx=91.46% (76829/84000)
          seen_day_unseen_rx(days=['2021_03_01', '2021_03_08'], rxs=[7, 8, 9, 10, 11]): tx=85.77% (51462/60000)
          unseen_day_unseen_rx(days=['2021_03_15', '2021_03_23'], rxs=[7, 8, 9, 10, 11]): tx=79.10% (47462/60000)
          day=2021_03_15 on seen_rxs=[0, 1, 2, 3, 4, 5, 6]: tx=93.73% (39368/42000)
          day=2021_03_23 on seen_rxs=[0, 1, 2, 3, 4, 5, 6]: tx=89.19% (37461/42000)
          rx=7 on seen_days=['2021_03_01', '2021_03_08']: tx=78.75% (9450/12000)
          rx=8 on seen_days=['2021_03_01', '2021_03_08']: tx=80.45% (9654/12000)
          rx=9 on seen_days=['2021_03_01', '2021_03_08']: tx=87.86% (10543/12000)
          rx=10 on seen_days=['2021_03_01', '2021_03_08']: tx=92.72% (11126/12000)
          rx=11 on seen_days=['2021_03_01', '2021_03_08']: tx=89.08% (10689/12000)
[BEST-JOINT]  val_tx=98.36% & test_tx=87.56% @ E037
[CKPT]  latest -> finalist_runs/C4_A2_ecc003_satmain_seed1337/latest_model.pth (saved) | best -> finalist_runs/C4_A2_ecc003_satmain_seed1337/best_model_val.pth
====================================================================================================================================
[SAT-TEST] scenario=clear_leo selected=test_unseen_day_unseen_rx overall_tx=42.29% strict_udu=42.29% (25372/60000)
[SAT-TEST] scenario=low_elev_leo selected=test_unseen_day_unseen_rx overall_tx=41.12% strict_udu=41.12% (24670/60000)
[SAT-TEST] scenario=rain_leo selected=test_unseen_day_unseen_rx overall_tx=40.48% strict_udu=40.48% (24290/60000)
[SAT-TEST] scenario=storm_mp selected=test_unseen_day_unseen_rx overall_tx=35.45% strict_udu=35.45% (21271/60000)
[SAT-TEST] scenario=mixed_orbit selected=test_unseen_day_unseen_rx overall_tx=37.53% strict_udu=37.53% (22521/60000)
[BEST-TEST] overall=88.60% @ E029 -> finalist_runs/C4_A2_ecc003_satmain_seed1337/best_model_test_overall.pth | unseen_day_unseen_rx=82.67% @ E029 -> finalist_runs/C4_A2_ecc003_satmain_seed1337/best_model_strict_udu.pth | unseen_day_seen_rx=93.65% @ E016 | seen_day_unseen_rx=88.63% @ E029
[BEST-PRIMARY] score=84.74 @ E029 -> finalist_runs/C4_A2_ecc003_satmain_seed1337/best_model_primary_ood.pth | overall=88.60% strict_udu=82.67%
[BEST-WORST-RX] worst_rx=79.78% (test_rx_7) @ E031 -> finalist_runs/C4_A2_ecc003_satmain_seed1337/best_model_worst_rx.pth
====================================================================================================================================
[Epoch 040/200] time=86.3s | lr=1.81e-04 | aux_scale=1.000
[STAGE] phase=S2_stabilize_aux | use_aux=1.0 cons=0.30 cls_aux=0.25 reg=0.43 joint_inv=0.19 kl=0.21 group_ce=0.75
[MIXSTYLE-EPOCH] phase=base enabled=1 p=0.150 strength=0.650 anneal_t=0.000
[AUG] scale=0.350 | p_dac=0.000 p_pa=0.049 p_shift=0.122 p_cfo=0.122 p_awgn=0.140 p_mp=0.063 | max_shift=11 cfo_max=0.00014 pn_max=0.0021
------------------------------------------------------------------------------------------------------------------------------------
[LOSS-CORE] total=4.7517 cls=2.2587 dom=0.6012 adv=2.6070 orth=0.0010 cons=0.2129 group_ce=3.4600
[LOSS-AUX]  cls_pa=3.8251 cls_dac=0.0000 pa_joint_inv=0.3973 pa_kl=3.5417 dac_reg=0.0000 pa_reg=0.0159 gap_dac=0.0000 gap_pa=0.2353 cos_joint_pa=0.6027 cos_imp_pa=nan
[LOSS-SAT]  cls_sat=10.3201 sat_cons=0.7351 sat_cos=0.2649
[LOSS-DG]   proto=0.0000 proto_cos=nan supcon=0.0000 fishr=0.0020 sgc_res=0.0000
[LOSS-CAL]  ecc=0.0087 ecc_w=0.0082 ecc_tau=0.8681 ecc_maxp=0.8019
[TRAIN] tx=81.23% dom=77.79% cons_cos=0.7872
[GRAD]  total=1.693 backbone=1.000 aux=0.750 domain=0.479
[VAL]   tx=98.39% dom=91.33%
[TEST]  overall_tx=87.46% (178413/204000)
[TEST-SPLIT]
          unseen_day_seen_rx(days=['2021_03_15', '2021_03_23'], rxs=[0, 1, 2, 3, 4, 5, 6]): tx=92.09% (77353/84000)
          seen_day_unseen_rx(days=['2021_03_01', '2021_03_08'], rxs=[7, 8, 9, 10, 11]): tx=87.31% (52385/60000)
          unseen_day_unseen_rx(days=['2021_03_15', '2021_03_23'], rxs=[7, 8, 9, 10, 11]): tx=81.12% (48675/60000)
          day=2021_03_15 on seen_rxs=[0, 1, 2, 3, 4, 5, 6]: tx=94.46% (39672/42000)
          day=2021_03_23 on seen_rxs=[0, 1, 2, 3, 4, 5, 6]: tx=89.72% (37681/42000)
          rx=7 on seen_days=['2021_03_01', '2021_03_08']: tx=77.57% (9308/12000)
          rx=8 on seen_days=['2021_03_01', '2021_03_08']: tx=80.53% (9664/12000)
          rx=9 on seen_days=['2021_03_01', '2021_03_08']: tx=91.19% (10943/12000)
          rx=10 on seen_days=['2021_03_01', '2021_03_08']: tx=94.17% (11301/12000)
          rx=11 on seen_days=['2021_03_01', '2021_03_08']: tx=93.08% (11169/12000)
[BEST-JOINT]  val_tx=98.39% & test_tx=87.46% @ E040
[CKPT]  latest -> finalist_runs/C4_A2_ecc003_satmain_seed1337/latest_model.pth (saved) | best -> finalist_runs/C4_A2_ecc003_satmain_seed1337/best_model_val.pth (updated: val improved)
====================================================================================================================================
[SAT-TEST] scenario=clear_leo selected=test_unseen_day_unseen_rx overall_tx=40.27% strict_udu=40.27% (24164/60000)
[SAT-TEST] scenario=low_elev_leo selected=test_unseen_day_unseen_rx overall_tx=38.80% strict_udu=38.80% (23280/60000)
[SAT-TEST] scenario=rain_leo selected=test_unseen_day_unseen_rx overall_tx=38.38% strict_udu=38.38% (23029/60000)
[SAT-TEST] scenario=storm_mp selected=test_unseen_day_unseen_rx overall_tx=34.41% strict_udu=34.41% (20644/60000)
[SAT-TEST] scenario=mixed_orbit selected=test_unseen_day_unseen_rx overall_tx=36.36% strict_udu=36.36% (21815/60000)
[BEST-TEST] overall=88.60% @ E029 -> finalist_runs/C4_A2_ecc003_satmain_seed1337/best_model_test_overall.pth | unseen_day_unseen_rx=82.67% @ E029 -> finalist_runs/C4_A2_ecc003_satmain_seed1337/best_model_strict_udu.pth | unseen_day_seen_rx=93.65% @ E016 | seen_day_unseen_rx=88.63% @ E029
[BEST-PRIMARY] score=84.74 @ E029 -> finalist_runs/C4_A2_ecc003_satmain_seed1337/best_model_primary_ood.pth | overall=88.60% strict_udu=82.67%
[BEST-WORST-RX] worst_rx=79.78% (test_rx_7) @ E031 -> finalist_runs/C4_A2_ecc003_satmain_seed1337/best_model_worst_rx.pth
====================================================================================================================================
[Epoch 041/200] time=87.2s | lr=1.80e-04 | aux_scale=1.000
[STAGE] phase=S2_stabilize_aux | use_aux=1.0 cons=0.31 cls_aux=0.26 reg=0.44 joint_inv=0.19 kl=0.22 group_ce=0.76
[MIXSTYLE-EPOCH] phase=base enabled=1 p=0.150 strength=0.650 anneal_t=0.000
[AUG] scale=0.350 | p_dac=0.000 p_pa=0.049 p_shift=0.122 p_cfo=0.122 p_awgn=0.140 p_mp=0.063 | max_shift=11 cfo_max=0.00014 pn_max=0.0021
------------------------------------------------------------------------------------------------------------------------------------
[LOSS-CORE] total=5.0755 cls=2.4489 dom=0.6956 adv=2.6085 orth=0.0010 cons=0.2073 group_ce=3.6328
[LOSS-AUX]  cls_pa=3.8782 cls_dac=0.0000 pa_joint_inv=0.4028 pa_kl=3.6242 dac_reg=0.0000 pa_reg=0.0160 gap_dac=0.0000 gap_pa=0.2411 cos_joint_pa=0.5972 cos_imp_pa=nan
[LOSS-SAT]  cls_sat=10.5315 sat_cons=0.7271 sat_cos=0.2729
[LOSS-DG]   proto=0.0000 proto_cos=nan supcon=0.0000 fishr=0.0023 sgc_res=0.0000
[LOSS-CAL]  ecc=0.0078 ecc_w=0.0075 ecc_tau=0.8750 ecc_maxp=0.7990
[TRAIN] tx=79.24% dom=75.52% cons_cos=0.7926
[GRAD]  total=1.783 backbone=1.000 aux=0.750 domain=0.484
[VAL]   tx=98.43% dom=92.64%
[TEST]  overall_tx=86.48% (176428/204000)
[TEST-SPLIT]
          unseen_day_seen_rx(days=['2021_03_15', '2021_03_23'], rxs=[0, 1, 2, 3, 4, 5, 6]): tx=91.35% (76732/84000)
          seen_day_unseen_rx(days=['2021_03_01', '2021_03_08'], rxs=[7, 8, 9, 10, 11]): tx=85.92% (51549/60000)
          unseen_day_unseen_rx(days=['2021_03_15', '2021_03_23'], rxs=[7, 8, 9, 10, 11]): tx=80.25% (48147/60000)
          day=2021_03_15 on seen_rxs=[0, 1, 2, 3, 4, 5, 6]: tx=93.64% (39328/42000)
          day=2021_03_23 on seen_rxs=[0, 1, 2, 3, 4, 5, 6]: tx=89.06% (37404/42000)
          rx=7 on seen_days=['2021_03_01', '2021_03_08']: tx=74.11% (8893/12000)
          rx=8 on seen_days=['2021_03_01', '2021_03_08']: tx=75.51% (9061/12000)
          rx=9 on seen_days=['2021_03_01', '2021_03_08']: tx=90.94% (10913/12000)
          rx=10 on seen_days=['2021_03_01', '2021_03_08']: tx=91.92% (11031/12000)
          rx=11 on seen_days=['2021_03_01', '2021_03_08']: tx=97.09% (11651/12000)
[BEST-JOINT]  val_tx=98.43% & test_tx=86.48% @ E041
[CKPT]  latest -> finalist_runs/C4_A2_ecc003_satmain_seed1337/latest_model.pth (saved) | best -> finalist_runs/C4_A2_ecc003_satmain_seed1337/best_model_val.pth (updated: val improved)
====================================================================================================================================
[SAT-TEST] scenario=clear_leo selected=test_unseen_day_unseen_rx overall_tx=40.02% strict_udu=40.02% (24011/60000)
[SAT-TEST] scenario=low_elev_leo selected=test_unseen_day_unseen_rx overall_tx=38.87% strict_udu=38.87% (23320/60000)
[SAT-TEST] scenario=rain_leo selected=test_unseen_day_unseen_rx overall_tx=37.68% strict_udu=37.68% (22608/60000)
[SAT-TEST] scenario=storm_mp selected=test_unseen_day_unseen_rx overall_tx=32.35% strict_udu=32.35% (19410/60000)
[SAT-TEST] scenario=mixed_orbit selected=test_unseen_day_unseen_rx overall_tx=35.50% strict_udu=35.50% (21298/60000)
[BEST-TEST] overall=88.60% @ E029 -> finalist_runs/C4_A2_ecc003_satmain_seed1337/best_model_test_overall.pth | unseen_day_unseen_rx=82.67% @ E029 -> finalist_runs/C4_A2_ecc003_satmain_seed1337/best_model_strict_udu.pth | unseen_day_seen_rx=93.65% @ E016 | seen_day_unseen_rx=88.63% @ E029
[BEST-PRIMARY] score=84.74 @ E029 -> finalist_runs/C4_A2_ecc003_satmain_seed1337/best_model_primary_ood.pth | overall=88.60% strict_udu=82.67%
[BEST-WORST-RX] worst_rx=79.78% (test_rx_7) @ E031 -> finalist_runs/C4_A2_ecc003_satmain_seed1337/best_model_worst_rx.pth
[WARN][E042] unsafe backward/step skipped #5
====================================================================================================================================
[Epoch 042/200] time=86.1s | lr=1.79e-04 | aux_scale=1.000
[STAGE] phase=S2_stabilize_aux | use_aux=1.0 cons=0.31 cls_aux=0.26 reg=0.44 joint_inv=0.19 kl=0.22 group_ce=0.76
[MIXSTYLE-EPOCH] phase=base enabled=1 p=0.150 strength=0.650 anneal_t=0.000
[AUG] scale=0.350 | p_dac=0.000 p_pa=0.049 p_shift=0.122 p_cfo=0.122 p_awgn=0.140 p_mp=0.063 | max_shift=11 cfo_max=0.00014 pn_max=0.0021
------------------------------------------------------------------------------------------------------------------------------------
[LOSS-CORE] total=5.3595 cls=2.6982 dom=0.7100 adv=2.6086 orth=0.0011 cons=0.2105 group_ce=4.0156
[LOSS-AUX]  cls_pa=3.6116 cls_dac=0.0000 pa_joint_inv=0.3768 pa_kl=3.3377 dac_reg=0.0000 pa_reg=0.0158 gap_dac=0.0000 gap_pa=0.2328 cos_joint_pa=0.6232 cos_imp_pa=nan
[LOSS-SAT]  cls_sat=10.4107 sat_cons=0.7234 sat_cos=0.2766
[LOSS-DG]   proto=0.0000 proto_cos=nan supcon=0.0000 fishr=0.0023 sgc_res=0.0000
[LOSS-CAL]  ecc=0.0066 ecc_w=0.0068 ecc_tau=0.8817 ecc_maxp=0.7877
[TRAIN] tx=77.64% dom=74.55% cons_cos=0.7864
[GRAD]  total=1.701 backbone=1.000 aux=0.750 domain=0.473
[VAL]   tx=98.09% dom=92.62%
[TEST]  overall_tx=86.45% (176358/204000)
[TEST-SPLIT]
          unseen_day_seen_rx(days=['2021_03_15', '2021_03_23'], rxs=[0, 1, 2, 3, 4, 5, 6]): tx=92.21% (77459/84000)
          seen_day_unseen_rx(days=['2021_03_01', '2021_03_08'], rxs=[7, 8, 9, 10, 11]): tx=85.19% (51116/60000)
          unseen_day_unseen_rx(days=['2021_03_15', '2021_03_23'], rxs=[7, 8, 9, 10, 11]): tx=79.64% (47783/60000)
          day=2021_03_15 on seen_rxs=[0, 1, 2, 3, 4, 5, 6]: tx=93.91% (39441/42000)
          day=2021_03_23 on seen_rxs=[0, 1, 2, 3, 4, 5, 6]: tx=90.52% (38018/42000)
          rx=7 on seen_days=['2021_03_01', '2021_03_08']: tx=74.35% (8922/12000)
          rx=8 on seen_days=['2021_03_01', '2021_03_08']: tx=79.17% (9500/12000)
          rx=9 on seen_days=['2021_03_01', '2021_03_08']: tx=91.20% (10944/12000)
          rx=10 on seen_days=['2021_03_01', '2021_03_08']: tx=85.78% (10293/12000)
          rx=11 on seen_days=['2021_03_01', '2021_03_08']: tx=95.47% (11457/12000)
[BEST-JOINT]  val_tx=98.43% & test_tx=86.48% @ E041
[CKPT]  latest -> finalist_runs/C4_A2_ecc003_satmain_seed1337/latest_model.pth (saved) | best -> finalist_runs/C4_A2_ecc003_satmain_seed1337/best_model_val.pth
====================================================================================================================================
[SAT-TEST] scenario=clear_leo selected=test_unseen_day_unseen_rx overall_tx=38.76% strict_udu=38.76% (23255/60000)
[SAT-TEST] scenario=low_elev_leo selected=test_unseen_day_unseen_rx overall_tx=37.55% strict_udu=37.55% (22528/60000)
[SAT-TEST] scenario=rain_leo selected=test_unseen_day_unseen_rx overall_tx=37.01% strict_udu=37.01% (22207/60000)
[SAT-TEST] scenario=storm_mp selected=test_unseen_day_unseen_rx overall_tx=33.83% strict_udu=33.83% (20299/60000)
[SAT-TEST] scenario=mixed_orbit selected=test_unseen_day_unseen_rx overall_tx=35.82% strict_udu=35.82% (21494/60000)
[BEST-TEST] overall=88.60% @ E029 -> finalist_runs/C4_A2_ecc003_satmain_seed1337/best_model_test_overall.pth | unseen_day_unseen_rx=82.67% @ E029 -> finalist_runs/C4_A2_ecc003_satmain_seed1337/best_model_strict_udu.pth | unseen_day_seen_rx=93.65% @ E016 | seen_day_unseen_rx=88.63% @ E029
[BEST-PRIMARY] score=84.74 @ E029 -> finalist_runs/C4_A2_ecc003_satmain_seed1337/best_model_primary_ood.pth | overall=88.60% strict_udu=82.67%
[BEST-WORST-RX] worst_rx=79.78% (test_rx_7) @ E031 -> finalist_runs/C4_A2_ecc003_satmain_seed1337/best_model_worst_rx.pth
====================================================================================================================================
[Epoch 043/200] time=87.0s | lr=1.78e-04 | aux_scale=1.000
[STAGE] phase=S2_stabilize_aux | use_aux=1.0 cons=0.32 cls_aux=0.27 reg=0.45 joint_inv=0.19 kl=0.23 group_ce=0.77
[MIXSTYLE-EPOCH] phase=base enabled=1 p=0.150 strength=0.650 anneal_t=0.000
[AUG] scale=0.350 | p_dac=0.000 p_pa=0.049 p_shift=0.122 p_cfo=0.122 p_awgn=0.140 p_mp=0.063 | max_shift=11 cfo_max=0.00014 pn_max=0.0021
------------------------------------------------------------------------------------------------------------------------------------
[LOSS-CORE] total=4.2947 cls=1.8795 dom=0.5382 adv=2.6148 orth=0.0013 cons=0.1903 group_ce=3.0361
[LOSS-AUX]  cls_pa=3.4040 cls_dac=0.0000 pa_joint_inv=0.3723 pa_kl=3.1178 dac_reg=0.0000 pa_reg=0.0159 gap_dac=0.0000 gap_pa=0.2358 cos_joint_pa=0.6277 cos_imp_pa=nan
[LOSS-SAT]  cls_sat=10.3758 sat_cons=0.7477 sat_cos=0.2523
[LOSS-DG]   proto=0.0000 proto_cos=nan supcon=0.0000 fishr=0.0016 sgc_res=0.0000
[LOSS-CAL]  ecc=0.0063 ecc_w=0.0062 ecc_tau=0.8882 ecc_maxp=0.8024
[TRAIN] tx=84.59% dom=80.07% cons_cos=0.8097
[GRAD]  total=1.652 backbone=1.000 aux=0.750 domain=0.479
[VAL]   tx=98.64% dom=91.98%
[TEST]  overall_tx=89.45% (182481/204000)
[TEST-SPLIT]
          unseen_day_seen_rx(days=['2021_03_15', '2021_03_23'], rxs=[0, 1, 2, 3, 4, 5, 6]): tx=93.84% (78823/84000)
          seen_day_unseen_rx(days=['2021_03_01', '2021_03_08'], rxs=[7, 8, 9, 10, 11]): tx=89.91% (53944/60000)
          unseen_day_unseen_rx(days=['2021_03_15', '2021_03_23'], rxs=[7, 8, 9, 10, 11]): tx=82.86% (49714/60000)
          day=2021_03_15 on seen_rxs=[0, 1, 2, 3, 4, 5, 6]: tx=95.02% (39908/42000)
          day=2021_03_23 on seen_rxs=[0, 1, 2, 3, 4, 5, 6]: tx=92.65% (38915/42000)
          rx=7 on seen_days=['2021_03_01', '2021_03_08']: tx=83.14% (9977/12000)
          rx=8 on seen_days=['2021_03_01', '2021_03_08']: tx=81.94% (9833/12000)
          rx=9 on seen_days=['2021_03_01', '2021_03_08']: tx=93.02% (11162/12000)
          rx=10 on seen_days=['2021_03_01', '2021_03_08']: tx=94.33% (11319/12000)
          rx=11 on seen_days=['2021_03_01', '2021_03_08']: tx=97.11% (11653/12000)
[BEST-JOINT]  val_tx=98.64% & test_tx=89.45% @ E043
[CKPT]  latest -> finalist_runs/C4_A2_ecc003_satmain_seed1337/latest_model.pth (saved) | best -> finalist_runs/C4_A2_ecc003_satmain_seed1337/best_model_val.pth (updated: val improved)
====================================================================================================================================
[SAT-TEST] scenario=clear_leo selected=test_unseen_day_unseen_rx overall_tx=40.60% strict_udu=40.60% (24362/60000)
[SAT-TEST] scenario=low_elev_leo selected=test_unseen_day_unseen_rx overall_tx=40.51% strict_udu=40.51% (24308/60000)
[SAT-TEST] scenario=rain_leo selected=test_unseen_day_unseen_rx overall_tx=39.35% strict_udu=39.35% (23612/60000)
[SAT-TEST] scenario=storm_mp selected=test_unseen_day_unseen_rx overall_tx=34.74% strict_udu=34.74% (20842/60000)
[SAT-TEST] scenario=mixed_orbit selected=test_unseen_day_unseen_rx overall_tx=37.21% strict_udu=37.21% (22325/60000)
[BEST-TEST] overall=89.45% @ E043 -> finalist_runs/C4_A2_ecc003_satmain_seed1337/best_model_test_overall.pth | unseen_day_unseen_rx=82.86% @ E043 -> finalist_runs/C4_A2_ecc003_satmain_seed1337/best_model_strict_udu.pth | unseen_day_seen_rx=93.84% @ E043 | seen_day_unseen_rx=89.91% @ E043
[BEST-PRIMARY] score=85.16 @ E043 -> finalist_runs/C4_A2_ecc003_satmain_seed1337/best_model_primary_ood.pth | overall=89.45% strict_udu=82.86%
[BEST-WORST-RX] worst_rx=81.94% (test_rx_8) @ E043 -> finalist_runs/C4_A2_ecc003_satmain_seed1337/best_model_worst_rx.pth
====================================================================================================================================
[Epoch 044/200] time=87.0s | lr=1.77e-04 | aux_scale=1.000
[STAGE] phase=S2_stabilize_aux | use_aux=1.0 cons=0.33 cls_aux=0.28 reg=0.46 joint_inv=0.20 kl=0.23 group_ce=0.77
[MIXSTYLE-EPOCH] phase=base enabled=1 p=0.150 strength=0.650 anneal_t=0.000
[AUG] scale=0.350 | p_dac=0.000 p_pa=0.049 p_shift=0.122 p_cfo=0.122 p_awgn=0.140 p_mp=0.063 | max_shift=11 cfo_max=0.00014 pn_max=0.0021
------------------------------------------------------------------------------------------------------------------------------------
[LOSS-CORE] total=4.7459 cls=2.2419 dom=0.5845 adv=2.6137 orth=0.0012 cons=0.2065 group_ce=3.4702
[LOSS-AUX]  cls_pa=3.3985 cls_dac=0.0000 pa_joint_inv=0.3641 pa_kl=3.1107 dac_reg=0.0000 pa_reg=0.0160 gap_dac=0.0000 gap_pa=0.2411 cos_joint_pa=0.6359 cos_imp_pa=nan
[LOSS-SAT]  cls_sat=10.3180 sat_cons=0.7450 sat_cos=0.2550
[LOSS-DG]   proto=0.0000 proto_cos=nan supcon=0.0000 fishr=0.0020 sgc_res=0.0000
[LOSS-CAL]  ecc=0.0054 ecc_w=0.0056 ecc_tau=0.8944 ecc_maxp=0.7976
[TRAIN] tx=81.98% dom=78.73% cons_cos=0.7935
[GRAD]  total=1.673 backbone=1.000 aux=0.750 domain=0.476
[VAL]   tx=98.64% dom=92.51%
[TEST]  overall_tx=88.58% (180713/204000)
[TEST-SPLIT]
          unseen_day_seen_rx(days=['2021_03_15', '2021_03_23'], rxs=[0, 1, 2, 3, 4, 5, 6]): tx=92.76% (77915/84000)
          seen_day_unseen_rx(days=['2021_03_01', '2021_03_08'], rxs=[7, 8, 9, 10, 11]): tx=88.21% (52925/60000)
          unseen_day_unseen_rx(days=['2021_03_15', '2021_03_23'], rxs=[7, 8, 9, 10, 11]): tx=83.12% (49873/60000)
          day=2021_03_15 on seen_rxs=[0, 1, 2, 3, 4, 5, 6]: tx=94.03% (39493/42000)
          day=2021_03_23 on seen_rxs=[0, 1, 2, 3, 4, 5, 6]: tx=91.48% (38422/42000)
          rx=7 on seen_days=['2021_03_01', '2021_03_08']: tx=82.12% (9855/12000)
          rx=8 on seen_days=['2021_03_01', '2021_03_08']: tx=83.16% (9979/12000)
          rx=9 on seen_days=['2021_03_01', '2021_03_08']: tx=91.85% (11022/12000)
          rx=10 on seen_days=['2021_03_01', '2021_03_08']: tx=87.68% (10522/12000)
          rx=11 on seen_days=['2021_03_01', '2021_03_08']: tx=96.22% (11547/12000)
[BEST-JOINT]  val_tx=98.64% & test_tx=89.45% @ E043
[CKPT]  latest -> finalist_runs/C4_A2_ecc003_satmain_seed1337/latest_model.pth (saved) | best -> finalist_runs/C4_A2_ecc003_satmain_seed1337/best_model_val.pth
====================================================================================================================================
[SAT-TEST] scenario=clear_leo selected=test_unseen_day_unseen_rx overall_tx=40.60% strict_udu=40.60% (24359/60000)
[SAT-TEST] scenario=low_elev_leo selected=test_unseen_day_unseen_rx overall_tx=41.12% strict_udu=41.12% (24669/60000)
[SAT-TEST] scenario=rain_leo selected=test_unseen_day_unseen_rx overall_tx=39.33% strict_udu=39.33% (23598/60000)
[SAT-TEST] scenario=storm_mp selected=test_unseen_day_unseen_rx overall_tx=34.93% strict_udu=34.93% (20958/60000)
[SAT-TEST] scenario=mixed_orbit selected=test_unseen_day_unseen_rx overall_tx=36.64% strict_udu=36.64% (21984/60000)
[BEST-TEST] overall=89.45% @ E043 -> finalist_runs/C4_A2_ecc003_satmain_seed1337/best_model_test_overall.pth | unseen_day_unseen_rx=83.12% @ E044 -> finalist_runs/C4_A2_ecc003_satmain_seed1337/best_model_strict_udu.pth | unseen_day_seen_rx=93.84% @ E043 | seen_day_unseen_rx=89.91% @ E043
[BEST-PRIMARY] score=85.16 @ E043 -> finalist_runs/C4_A2_ecc003_satmain_seed1337/best_model_primary_ood.pth | overall=89.45% strict_udu=82.86%
[BEST-WORST-RX] worst_rx=82.12% (test_rx_7) @ E044 -> finalist_runs/C4_A2_ecc003_satmain_seed1337/best_model_worst_rx.pth
====================================================================================================================================
[Epoch 045/200] time=86.6s | lr=1.76e-04 | aux_scale=1.000
[STAGE] phase=S2_stabilize_aux | use_aux=1.0 cons=0.34 cls_aux=0.29 reg=0.46 joint_inv=0.20 kl=0.24 group_ce=0.78
[MIXSTYLE-EPOCH] phase=base enabled=1 p=0.150 strength=0.650 anneal_t=0.000
[AUG] scale=0.350 | p_dac=0.000 p_pa=0.049 p_shift=0.122 p_cfo=0.122 p_awgn=0.140 p_mp=0.063 | max_shift=11 cfo_max=0.00014 pn_max=0.0021
------------------------------------------------------------------------------------------------------------------------------------
[LOSS-CORE] total=5.2775 cls=2.6796 dom=0.6321 adv=2.6150 orth=0.0012 cons=0.2191 group_ce=3.9943
[LOSS-AUX]  cls_pa=3.3459 cls_dac=0.0000 pa_joint_inv=0.3611 pa_kl=3.0905 dac_reg=0.0000 pa_reg=0.0154 gap_dac=0.0000 gap_pa=0.2403 cos_joint_pa=0.6389 cos_imp_pa=nan
[LOSS-SAT]  cls_sat=10.2282 sat_cons=0.7228 sat_cos=0.2772
[LOSS-DG]   proto=0.0000 proto_cos=nan supcon=0.0000 fishr=0.0024 sgc_res=0.0000
[LOSS-CAL]  ecc=0.0045 ecc_w=0.0050 ecc_tau=0.9004 ecc_maxp=0.7874
[TRAIN] tx=77.49% dom=76.82% cons_cos=0.7809
[GRAD]  total=1.637 backbone=1.000 aux=0.750 domain=0.477
[VAL]   tx=98.64% dom=92.29%
[TEST]  overall_tx=88.69% (180930/204000)
[TEST-SPLIT]
          unseen_day_seen_rx(days=['2021_03_15', '2021_03_23'], rxs=[0, 1, 2, 3, 4, 5, 6]): tx=92.81% (77957/84000)
          seen_day_unseen_rx(days=['2021_03_01', '2021_03_08'], rxs=[7, 8, 9, 10, 11]): tx=88.31% (52987/60000)
          unseen_day_unseen_rx(days=['2021_03_15', '2021_03_23'], rxs=[7, 8, 9, 10, 11]): tx=83.31% (49986/60000)
          day=2021_03_15 on seen_rxs=[0, 1, 2, 3, 4, 5, 6]: tx=95.45% (40090/42000)
          day=2021_03_23 on seen_rxs=[0, 1, 2, 3, 4, 5, 6]: tx=90.16% (37867/42000)
          rx=7 on seen_days=['2021_03_01', '2021_03_08']: tx=81.47% (9776/12000)
          rx=8 on seen_days=['2021_03_01', '2021_03_08']: tx=84.59% (10151/12000)
          rx=9 on seen_days=['2021_03_01', '2021_03_08']: tx=92.68% (11122/12000)
          rx=10 on seen_days=['2021_03_01', '2021_03_08']: tx=86.05% (10326/12000)
          rx=11 on seen_days=['2021_03_01', '2021_03_08']: tx=96.77% (11612/12000)
[BEST-JOINT]  val_tx=98.64% & test_tx=89.45% @ E043
[CKPT]  latest -> finalist_runs/C4_A2_ecc003_satmain_seed1337/latest_model.pth (saved) | best -> finalist_runs/C4_A2_ecc003_satmain_seed1337/best_model_val.pth
====================================================================================================================================
[SAT-TEST] scenario=clear_leo selected=test_unseen_day_unseen_rx overall_tx=42.42% strict_udu=42.42% (25451/60000)
[SAT-TEST] scenario=low_elev_leo selected=test_unseen_day_unseen_rx overall_tx=41.07% strict_udu=41.07% (24642/60000)
[SAT-TEST] scenario=rain_leo selected=test_unseen_day_unseen_rx overall_tx=40.25% strict_udu=40.25% (24151/60000)
[SAT-TEST] scenario=storm_mp selected=test_unseen_day_unseen_rx overall_tx=34.71% strict_udu=34.71% (20825/60000)
[SAT-TEST] scenario=mixed_orbit selected=test_unseen_day_unseen_rx overall_tx=38.12% strict_udu=38.12% (22873/60000)
[BEST-TEST] overall=89.45% @ E043 -> finalist_runs/C4_A2_ecc003_satmain_seed1337/best_model_test_overall.pth | unseen_day_unseen_rx=83.31% @ E045 -> finalist_runs/C4_A2_ecc003_satmain_seed1337/best_model_strict_udu.pth | unseen_day_seen_rx=93.84% @ E043 | seen_day_unseen_rx=89.91% @ E043
[BEST-PRIMARY] score=85.19 @ E045 -> finalist_runs/C4_A2_ecc003_satmain_seed1337/best_model_primary_ood.pth | overall=88.69% strict_udu=83.31%
[BEST-WORST-RX] worst_rx=82.12% (test_rx_7) @ E044 -> finalist_runs/C4_A2_ecc003_satmain_seed1337/best_model_worst_rx.pth
====================================================================================================================================
[Epoch 046/200] time=86.7s | lr=1.75e-04 | aux_scale=1.000
[STAGE] phase=S2_stabilize_aux | use_aux=1.0 cons=0.35 cls_aux=0.30 reg=0.47 joint_inv=0.20 kl=0.24 group_ce=0.78
[MIXSTYLE-EPOCH] phase=base enabled=1 p=0.150 strength=0.650 anneal_t=0.000
[AUG] scale=0.350 | p_dac=0.000 p_pa=0.049 p_shift=0.122 p_cfo=0.122 p_awgn=0.140 p_mp=0.063 | max_shift=11 cfo_max=0.00014 pn_max=0.0021
------------------------------------------------------------------------------------------------------------------------------------
[LOSS-CORE] total=4.5787 cls=2.1026 dom=0.5500 adv=2.6132 orth=0.0013 cons=0.2005 group_ce=3.3260
[LOSS-AUX]  cls_pa=3.3323 cls_dac=0.0000 pa_joint_inv=0.3527 pa_kl=2.9879 dac_reg=0.0000 pa_reg=0.0154 gap_dac=0.0000 gap_pa=0.2417 cos_joint_pa=0.6473 cos_imp_pa=nan
[LOSS-SAT]  cls_sat=10.2497 sat_cons=0.7480 sat_cos=0.2520
[LOSS-DG]   proto=0.0000 proto_cos=nan supcon=0.0000 fishr=0.0018 sgc_res=0.0000
[LOSS-CAL]  ecc=0.0042 ecc_w=0.0044 ecc_tau=0.9061 ecc_maxp=0.7985
[TRAIN] tx=82.65% dom=79.39% cons_cos=0.7995
[GRAD]  total=1.684 backbone=1.000 aux=0.750 domain=0.476
[VAL]   tx=98.22% dom=92.96%
[TEST]  overall_tx=87.24% (177970/204000)
[TEST-SPLIT]
          unseen_day_seen_rx(days=['2021_03_15', '2021_03_23'], rxs=[0, 1, 2, 3, 4, 5, 6]): tx=92.40% (77614/84000)
          seen_day_unseen_rx(days=['2021_03_01', '2021_03_08'], rxs=[7, 8, 9, 10, 11]): tx=86.55% (51928/60000)
          unseen_day_unseen_rx(days=['2021_03_15', '2021_03_23'], rxs=[7, 8, 9, 10, 11]): tx=80.71% (48428/60000)
          day=2021_03_15 on seen_rxs=[0, 1, 2, 3, 4, 5, 6]: tx=93.59% (39306/42000)
          day=2021_03_23 on seen_rxs=[0, 1, 2, 3, 4, 5, 6]: tx=91.21% (38308/42000)
          rx=7 on seen_days=['2021_03_01', '2021_03_08']: tx=82.17% (9861/12000)
          rx=8 on seen_days=['2021_03_01', '2021_03_08']: tx=78.97% (9477/12000)
          rx=9 on seen_days=['2021_03_01', '2021_03_08']: tx=89.11% (10693/12000)
          rx=10 on seen_days=['2021_03_01', '2021_03_08']: tx=90.96% (10915/12000)
          rx=11 on seen_days=['2021_03_01', '2021_03_08']: tx=91.52% (10982/12000)
[BEST-JOINT]  val_tx=98.64% & test_tx=89.45% @ E043
[CKPT]  latest -> finalist_runs/C4_A2_ecc003_satmain_seed1337/latest_model.pth (saved) | best -> finalist_runs/C4_A2_ecc003_satmain_seed1337/best_model_val.pth
====================================================================================================================================
[SAT-TEST] scenario=clear_leo selected=test_unseen_day_unseen_rx overall_tx=40.91% strict_udu=40.91% (24548/60000)
[SAT-TEST] scenario=low_elev_leo selected=test_unseen_day_unseen_rx overall_tx=40.18% strict_udu=40.18% (24110/60000)
[SAT-TEST] scenario=rain_leo selected=test_unseen_day_unseen_rx overall_tx=38.99% strict_udu=38.99% (23394/60000)
[SAT-TEST] scenario=storm_mp selected=test_unseen_day_unseen_rx overall_tx=35.61% strict_udu=35.61% (21364/60000)
[SAT-TEST] scenario=mixed_orbit selected=test_unseen_day_unseen_rx overall_tx=37.30% strict_udu=37.30% (22379/60000)
[BEST-TEST] overall=89.45% @ E043 -> finalist_runs/C4_A2_ecc003_satmain_seed1337/best_model_test_overall.pth | unseen_day_unseen_rx=83.31% @ E045 -> finalist_runs/C4_A2_ecc003_satmain_seed1337/best_model_strict_udu.pth | unseen_day_seen_rx=93.84% @ E043 | seen_day_unseen_rx=89.91% @ E043
[BEST-PRIMARY] score=85.19 @ E045 -> finalist_runs/C4_A2_ecc003_satmain_seed1337/best_model_primary_ood.pth | overall=88.69% strict_udu=83.31%
[BEST-WORST-RX] worst_rx=82.12% (test_rx_7) @ E044 -> finalist_runs/C4_A2_ecc003_satmain_seed1337/best_model_worst_rx.pth
====================================================================================================================================
[Epoch 047/200] time=85.7s | lr=1.74e-04 | aux_scale=1.000
[STAGE] phase=S2_stabilize_aux | use_aux=1.0 cons=0.35 cls_aux=0.30 reg=0.48 joint_inv=0.21 kl=0.25 group_ce=0.78
[MIXSTYLE-EPOCH] phase=base enabled=1 p=0.150 strength=0.650 anneal_t=0.000
[AUG] scale=0.350 | p_dac=0.000 p_pa=0.049 p_shift=0.122 p_cfo=0.122 p_awgn=0.140 p_mp=0.063 | max_shift=11 cfo_max=0.00014 pn_max=0.0021
------------------------------------------------------------------------------------------------------------------------------------
[LOSS-CORE] total=5.1594 cls=2.5373 dom=0.6402 adv=2.6132 orth=0.0013 cons=0.2114 group_ce=3.8653
[LOSS-AUX]  cls_pa=3.3023 cls_dac=0.0000 pa_joint_inv=0.3539 pa_kl=3.0156 dac_reg=0.0000 pa_reg=0.0155 gap_dac=0.0000 gap_pa=0.2439 cos_joint_pa=0.6461 cos_imp_pa=nan
[LOSS-SAT]  cls_sat=10.2787 sat_cons=0.7487 sat_cos=0.2513
[LOSS-DG]   proto=0.0000 proto_cos=nan supcon=0.0000 fishr=0.0022 sgc_res=0.0000
[LOSS-CAL]  ecc=0.0035 ecc_w=0.0039 ecc_tau=0.9115 ecc_maxp=0.7839
[TRAIN] tx=79.41% dom=77.03% cons_cos=0.7886
[GRAD]  total=1.728 backbone=1.000 aux=0.750 domain=0.477
[VAL]   tx=98.52% dom=92.04%
[TEST]  overall_tx=87.89% (179300/204000)
[TEST-SPLIT]
          unseen_day_seen_rx(days=['2021_03_15', '2021_03_23'], rxs=[0, 1, 2, 3, 4, 5, 6]): tx=92.17% (77426/84000)
          seen_day_unseen_rx(days=['2021_03_01', '2021_03_08'], rxs=[7, 8, 9, 10, 11]): tx=87.26% (52357/60000)
          unseen_day_unseen_rx(days=['2021_03_15', '2021_03_23'], rxs=[7, 8, 9, 10, 11]): tx=82.53% (49517/60000)
          day=2021_03_15 on seen_rxs=[0, 1, 2, 3, 4, 5, 6]: tx=94.28% (39599/42000)
          day=2021_03_23 on seen_rxs=[0, 1, 2, 3, 4, 5, 6]: tx=90.06% (37827/42000)
          rx=7 on seen_days=['2021_03_01', '2021_03_08']: tx=80.55% (9666/12000)
          rx=8 on seen_days=['2021_03_01', '2021_03_08']: tx=82.49% (9899/12000)
          rx=9 on seen_days=['2021_03_01', '2021_03_08']: tx=91.10% (10932/12000)
          rx=10 on seen_days=['2021_03_01', '2021_03_08']: tx=87.68% (10522/12000)
          rx=11 on seen_days=['2021_03_01', '2021_03_08']: tx=94.48% (11338/12000)
[BEST-JOINT]  val_tx=98.64% & test_tx=89.45% @ E043
[CKPT]  latest -> finalist_runs/C4_A2_ecc003_satmain_seed1337/latest_model.pth (saved) | best -> finalist_runs/C4_A2_ecc003_satmain_seed1337/best_model_val.pth
====================================================================================================================================
[SAT-TEST] scenario=clear_leo selected=test_unseen_day_unseen_rx overall_tx=42.45% strict_udu=42.45% (25471/60000)
[SAT-TEST] scenario=low_elev_leo selected=test_unseen_day_unseen_rx overall_tx=42.26% strict_udu=42.26% (25354/60000)
[SAT-TEST] scenario=rain_leo selected=test_unseen_day_unseen_rx overall_tx=40.94% strict_udu=40.94% (24565/60000)
[SAT-TEST] scenario=storm_mp selected=test_unseen_day_unseen_rx overall_tx=36.73% strict_udu=36.73% (22035/60000)
[SAT-TEST] scenario=mixed_orbit selected=test_unseen_day_unseen_rx overall_tx=38.47% strict_udu=38.47% (23082/60000)
[BEST-TEST] overall=89.45% @ E043 -> finalist_runs/C4_A2_ecc003_satmain_seed1337/best_model_test_overall.pth | unseen_day_unseen_rx=83.31% @ E045 -> finalist_runs/C4_A2_ecc003_satmain_seed1337/best_model_strict_udu.pth | unseen_day_seen_rx=93.84% @ E043 | seen_day_unseen_rx=89.91% @ E043
[BEST-PRIMARY] score=85.19 @ E045 -> finalist_runs/C4_A2_ecc003_satmain_seed1337/best_model_primary_ood.pth | overall=88.69% strict_udu=83.31%
[BEST-WORST-RX] worst_rx=82.12% (test_rx_7) @ E044 -> finalist_runs/C4_A2_ecc003_satmain_seed1337/best_model_worst_rx.pth
====================================================================================================================================
[Epoch 048/200] time=90.3s | lr=1.73e-04 | aux_scale=1.000
[STAGE] phase=S2_stabilize_aux | use_aux=1.0 cons=0.36 cls_aux=0.31 reg=0.48 joint_inv=0.21 kl=0.25 group_ce=0.79
[MIXSTYLE-EPOCH] phase=base enabled=1 p=0.150 strength=0.650 anneal_t=0.000
[AUG] scale=0.350 | p_dac=0.000 p_pa=0.049 p_shift=0.122 p_cfo=0.122 p_awgn=0.140 p_mp=0.063 | max_shift=11 cfo_max=0.00014 pn_max=0.0021
------------------------------------------------------------------------------------------------------------------------------------
[LOSS-CORE] total=5.2232 cls=2.5693 dom=0.6678 adv=2.6200 orth=0.0010 cons=0.2208 group_ce=3.8388
[LOSS-AUX]  cls_pa=3.1363 cls_dac=0.0000 pa_joint_inv=0.3516 pa_kl=2.8837 dac_reg=0.0000 pa_reg=0.0154 gap_dac=0.0000 gap_pa=0.2458 cos_joint_pa=0.6484 cos_imp_pa=nan
[LOSS-SAT]  cls_sat=10.2995 sat_cons=0.7365 sat_cos=0.2635
[LOSS-DG]   proto=0.0000 proto_cos=nan supcon=0.0000 fishr=0.0022 sgc_res=0.0000
[LOSS-CAL]  ecc=0.0032 ecc_w=0.0033 ecc_tau=0.9166 ecc_maxp=0.8028
[TRAIN] tx=78.34% dom=75.81% cons_cos=0.7792
[GRAD]  total=1.685 backbone=1.000 aux=0.750 domain=0.464
[VAL]   tx=97.88% dom=93.20%
[TEST]  overall_tx=85.22% (173851/204000)
[TEST-SPLIT]
          unseen_day_seen_rx(days=['2021_03_15', '2021_03_23'], rxs=[0, 1, 2, 3, 4, 5, 6]): tx=90.18% (75754/84000)
          seen_day_unseen_rx(days=['2021_03_01', '2021_03_08'], rxs=[7, 8, 9, 10, 11]): tx=84.92% (50954/60000)
          unseen_day_unseen_rx(days=['2021_03_15', '2021_03_23'], rxs=[7, 8, 9, 10, 11]): tx=78.57% (47143/60000)
          day=2021_03_15 on seen_rxs=[0, 1, 2, 3, 4, 5, 6]: tx=92.23% (38736/42000)
          day=2021_03_23 on seen_rxs=[0, 1, 2, 3, 4, 5, 6]: tx=88.14% (37018/42000)
          rx=7 on seen_days=['2021_03_01', '2021_03_08']: tx=77.30% (9276/12000)
          rx=8 on seen_days=['2021_03_01', '2021_03_08']: tx=77.00% (9240/12000)
          rx=9 on seen_days=['2021_03_01', '2021_03_08']: tx=88.24% (10589/12000)
          rx=10 on seen_days=['2021_03_01', '2021_03_08']: tx=93.01% (11161/12000)
          rx=11 on seen_days=['2021_03_01', '2021_03_08']: tx=89.07% (10688/12000)
[BEST-JOINT]  val_tx=98.64% & test_tx=89.45% @ E043
[CKPT]  latest -> finalist_runs/C4_A2_ecc003_satmain_seed1337/latest_model.pth (saved) | best -> finalist_runs/C4_A2_ecc003_satmain_seed1337/best_model_val.pth
====================================================================================================================================
[SAT-TEST] scenario=clear_leo selected=test_unseen_day_unseen_rx overall_tx=39.63% strict_udu=39.63% (23776/60000)
[SAT-TEST] scenario=low_elev_leo selected=test_unseen_day_unseen_rx overall_tx=39.51% strict_udu=39.51% (23704/60000)
[SAT-TEST] scenario=rain_leo selected=test_unseen_day_unseen_rx overall_tx=38.06% strict_udu=38.06% (22839/60000)
[SAT-TEST] scenario=storm_mp selected=test_unseen_day_unseen_rx overall_tx=34.36% strict_udu=34.36% (20617/60000)
[SAT-TEST] scenario=mixed_orbit selected=test_unseen_day_unseen_rx overall_tx=35.98% strict_udu=35.98% (21589/60000)
[BEST-TEST] overall=89.45% @ E043 -> finalist_runs/C4_A2_ecc003_satmain_seed1337/best_model_test_overall.pth | unseen_day_unseen_rx=83.31% @ E045 -> finalist_runs/C4_A2_ecc003_satmain_seed1337/best_model_strict_udu.pth | unseen_day_seen_rx=93.84% @ E043 | seen_day_unseen_rx=89.91% @ E043
[BEST-PRIMARY] score=85.19 @ E045 -> finalist_runs/C4_A2_ecc003_satmain_seed1337/best_model_primary_ood.pth | overall=88.69% strict_udu=83.31%
[BEST-WORST-RX] worst_rx=82.12% (test_rx_7) @ E044 -> finalist_runs/C4_A2_ecc003_satmain_seed1337/best_model_worst_rx.pth
====================================================================================================================================
[Epoch 049/200] time=88.3s | lr=1.72e-04 | aux_scale=1.000
[STAGE] phase=S2_stabilize_aux | use_aux=1.0 cons=0.37 cls_aux=0.32 reg=0.49 joint_inv=0.21 kl=0.26 group_ce=0.79
[MIXSTYLE-EPOCH] phase=base enabled=1 p=0.150 strength=0.650 anneal_t=0.000
[AUG] scale=0.350 | p_dac=0.000 p_pa=0.049 p_shift=0.122 p_cfo=0.122 p_awgn=0.140 p_mp=0.063 | max_shift=11 cfo_max=0.00014 pn_max=0.0021
------------------------------------------------------------------------------------------------------------------------------------
[LOSS-CORE] total=4.4327 cls=1.9677 dom=0.5269 adv=2.6187 orth=0.0012 cons=0.2003 group_ce=3.1202
[LOSS-AUX]  cls_pa=3.1457 cls_dac=0.0000 pa_joint_inv=0.3490 pa_kl=2.9014 dac_reg=0.0000 pa_reg=0.0156 gap_dac=0.0000 gap_pa=0.2454 cos_joint_pa=0.6510 cos_imp_pa=nan
[LOSS-SAT]  cls_sat=10.2060 sat_cons=0.7447 sat_cos=0.2553
[LOSS-DG]   proto=0.0000 proto_cos=nan supcon=0.0000 fishr=0.0018 sgc_res=0.0000
[LOSS-CAL]  ecc=0.0030 ecc_w=0.0029 ecc_tau=0.9214 ecc_maxp=0.8003
[TRAIN] tx=83.37% dom=80.71% cons_cos=0.7997
[GRAD]  total=1.592 backbone=1.000 aux=0.750 domain=0.465
[VAL]   tx=98.74% dom=92.66%
[TEST]  overall_tx=89.37% (182305/204000)
[TEST-SPLIT]
          unseen_day_seen_rx(days=['2021_03_15', '2021_03_23'], rxs=[0, 1, 2, 3, 4, 5, 6]): tx=93.25% (78328/84000)
          seen_day_unseen_rx(days=['2021_03_01', '2021_03_08'], rxs=[7, 8, 9, 10, 11]): tx=89.12% (53470/60000)
          unseen_day_unseen_rx(days=['2021_03_15', '2021_03_23'], rxs=[7, 8, 9, 10, 11]): tx=84.18% (50507/60000)
          day=2021_03_15 on seen_rxs=[0, 1, 2, 3, 4, 5, 6]: tx=95.49% (40106/42000)
          day=2021_03_23 on seen_rxs=[0, 1, 2, 3, 4, 5, 6]: tx=91.00% (38222/42000)
          rx=7 on seen_days=['2021_03_01', '2021_03_08']: tx=82.34% (9881/12000)
          rx=8 on seen_days=['2021_03_01', '2021_03_08']: tx=82.90% (9948/12000)
          rx=9 on seen_days=['2021_03_01', '2021_03_08']: tx=93.42% (11211/12000)
          rx=10 on seen_days=['2021_03_01', '2021_03_08']: tx=90.92% (10910/12000)
          rx=11 on seen_days=['2021_03_01', '2021_03_08']: tx=96.00% (11520/12000)
[BEST-JOINT]  val_tx=98.74% & test_tx=89.37% @ E049
[CKPT]  latest -> finalist_runs/C4_A2_ecc003_satmain_seed1337/latest_model.pth (saved) | best -> finalist_runs/C4_A2_ecc003_satmain_seed1337/best_model_val.pth (updated: val improved)
====================================================================================================================================
[SAT-TEST] scenario=clear_leo selected=test_unseen_day_unseen_rx overall_tx=42.22% strict_udu=42.22% (25333/60000)
[SAT-TEST] scenario=low_elev_leo selected=test_unseen_day_unseen_rx overall_tx=42.30% strict_udu=42.30% (25380/60000)
[SAT-TEST] scenario=rain_leo selected=test_unseen_day_unseen_rx overall_tx=40.93% strict_udu=40.93% (24560/60000)
[SAT-TEST] scenario=storm_mp selected=test_unseen_day_unseen_rx overall_tx=36.47% strict_udu=36.47% (21884/60000)
[SAT-TEST] scenario=mixed_orbit selected=test_unseen_day_unseen_rx overall_tx=37.81% strict_udu=37.81% (22686/60000)
[BEST-TEST] overall=89.45% @ E043 -> finalist_runs/C4_A2_ecc003_satmain_seed1337/best_model_test_overall.pth | unseen_day_unseen_rx=84.18% @ E049 -> finalist_runs/C4_A2_ecc003_satmain_seed1337/best_model_strict_udu.pth | unseen_day_seen_rx=93.84% @ E043 | seen_day_unseen_rx=89.91% @ E043
[BEST-PRIMARY] score=85.99 @ E049 -> finalist_runs/C4_A2_ecc003_satmain_seed1337/best_model_primary_ood.pth | overall=89.37% strict_udu=84.18%
[BEST-WORST-RX] worst_rx=82.34% (test_rx_7) @ E049 -> finalist_runs/C4_A2_ecc003_satmain_seed1337/best_model_worst_rx.pth
====================================================================================================================================
[Epoch 050/200] time=87.1s | lr=1.71e-04 | aux_scale=1.000
[STAGE] phase=S2_stabilize_aux | use_aux=1.0 cons=0.38 cls_aux=0.33 reg=0.50 joint_inv=0.22 kl=0.27 group_ce=0.80
[MIXSTYLE-EPOCH] phase=base enabled=1 p=0.150 strength=0.650 anneal_t=0.000
[AUG] scale=0.350 | p_dac=0.000 p_pa=0.049 p_shift=0.122 p_cfo=0.122 p_awgn=0.140 p_mp=0.063 | max_shift=11 cfo_max=0.00014 pn_max=0.0021
------------------------------------------------------------------------------------------------------------------------------------
[LOSS-CORE] total=4.9146 cls=2.3208 dom=0.6190 adv=2.6179 orth=0.0014 cons=0.2091 group_ce=3.5140
[LOSS-AUX]  cls_pa=2.9991 cls_dac=0.0000 pa_joint_inv=0.3287 pa_kl=2.7487 dac_reg=0.0000 pa_reg=0.0156 gap_dac=0.0000 gap_pa=0.2410 cos_joint_pa=0.6713 cos_imp_pa=nan
[LOSS-SAT]  cls_sat=10.2529 sat_cons=0.7349 sat_cos=0.2651
[LOSS-DG]   proto=0.0000 proto_cos=nan supcon=0.0000 fishr=0.0019 sgc_res=0.0000
[LOSS-CAL]  ecc=0.0026 ecc_w=0.0024 ecc_tau=0.9258 ecc_maxp=0.7946
[TRAIN] tx=80.76% dom=77.90% cons_cos=0.7909
[GRAD]  total=1.724 backbone=1.000 aux=0.750 domain=0.475
[VAL]   tx=98.73% dom=93.17%
[TEST]  overall_tx=88.20% (179927/204000)
[TEST-SPLIT]
          unseen_day_seen_rx(days=['2021_03_15', '2021_03_23'], rxs=[0, 1, 2, 3, 4, 5, 6]): tx=92.66% (77833/84000)
          seen_day_unseen_rx(days=['2021_03_01', '2021_03_08'], rxs=[7, 8, 9, 10, 11]): tx=86.92% (52151/60000)
          unseen_day_unseen_rx(days=['2021_03_15', '2021_03_23'], rxs=[7, 8, 9, 10, 11]): tx=83.24% (49943/60000)
          day=2021_03_15 on seen_rxs=[0, 1, 2, 3, 4, 5, 6]: tx=95.46% (40093/42000)
          day=2021_03_23 on seen_rxs=[0, 1, 2, 3, 4, 5, 6]: tx=89.86% (37740/42000)
          rx=7 on seen_days=['2021_03_01', '2021_03_08']: tx=78.54% (9425/12000)
          rx=8 on seen_days=['2021_03_01', '2021_03_08']: tx=80.36% (9643/12000)
          rx=9 on seen_days=['2021_03_01', '2021_03_08']: tx=93.65% (11238/12000)
          rx=10 on seen_days=['2021_03_01', '2021_03_08']: tx=87.28% (10473/12000)
          rx=11 on seen_days=['2021_03_01', '2021_03_08']: tx=94.77% (11372/12000)
[BEST-JOINT]  val_tx=98.74% & test_tx=89.37% @ E049
[CKPT]  latest -> finalist_runs/C4_A2_ecc003_satmain_seed1337/latest_model.pth (saved) | best -> finalist_runs/C4_A2_ecc003_satmain_seed1337/best_model_val.pth
====================================================================================================================================
[SAT-TEST] scenario=clear_leo selected=test_unseen_day_unseen_rx overall_tx=43.02% strict_udu=43.02% (25813/60000)
[SAT-TEST] scenario=low_elev_leo selected=test_unseen_day_unseen_rx overall_tx=42.36% strict_udu=42.36% (25418/60000)
[SAT-TEST] scenario=rain_leo selected=test_unseen_day_unseen_rx overall_tx=41.20% strict_udu=41.20% (24719/60000)
[SAT-TEST] scenario=storm_mp selected=test_unseen_day_unseen_rx overall_tx=36.10% strict_udu=36.10% (21662/60000)
[SAT-TEST] scenario=mixed_orbit selected=test_unseen_day_unseen_rx overall_tx=38.24% strict_udu=38.24% (22945/60000)
[BEST-TEST] overall=89.45% @ E043 -> finalist_runs/C4_A2_ecc003_satmain_seed1337/best_model_test_overall.pth | unseen_day_unseen_rx=84.18% @ E049 -> finalist_runs/C4_A2_ecc003_satmain_seed1337/best_model_strict_udu.pth | unseen_day_seen_rx=93.84% @ E043 | seen_day_unseen_rx=89.91% @ E043
[BEST-PRIMARY] score=85.99 @ E049 -> finalist_runs/C4_A2_ecc003_satmain_seed1337/best_model_primary_ood.pth | overall=89.37% strict_udu=84.18%
[BEST-WORST-RX] worst_rx=82.34% (test_rx_7) @ E049 -> finalist_runs/C4_A2_ecc003_satmain_seed1337/best_model_worst_rx.pth
====================================================================================================================================
[Epoch 051/200] time=88.1s | lr=1.70e-04 | aux_scale=1.000
[STAGE] phase=S2_stabilize_aux | use_aux=1.0 cons=0.39 cls_aux=0.34 reg=0.51 joint_inv=0.22 kl=0.27 group_ce=0.80
[MIXSTYLE-EPOCH] phase=base enabled=1 p=0.150 strength=0.650 anneal_t=0.000
[AUG] scale=0.350 | p_dac=0.000 p_pa=0.049 p_shift=0.122 p_cfo=0.122 p_awgn=0.140 p_mp=0.063 | max_shift=11 cfo_max=0.00014 pn_max=0.0021
------------------------------------------------------------------------------------------------------------------------------------
[LOSS-CORE] total=3.7481 cls=1.4243 dom=0.4263 adv=2.6174 orth=0.0017 cons=0.1822 group_ce=2.4901
[LOSS-AUX]  cls_pa=2.9907 cls_dac=0.0000 pa_joint_inv=0.3253 pa_kl=2.7320 dac_reg=0.0000 pa_reg=0.0153 gap_dac=0.0000 gap_pa=0.2401 cos_joint_pa=0.6747 cos_imp_pa=nan
[LOSS-SAT]  cls_sat=10.0945 sat_cons=0.7576 sat_cos=0.2424
[LOSS-DG]   proto=0.0000 proto_cos=nan supcon=0.0000 fishr=0.0014 sgc_res=0.0000
[LOSS-CAL]  ecc=0.0023 ecc_w=0.0020 ecc_tau=0.9299 ecc_maxp=0.8037
[TRAIN] tx=88.23% dom=84.04% cons_cos=0.8178
[GRAD]  total=1.651 backbone=1.000 aux=0.750 domain=0.475
[VAL]   tx=98.56% dom=93.55%
[TEST]  overall_tx=88.31% (180159/204000)
[TEST-SPLIT]
          unseen_day_seen_rx(days=['2021_03_15', '2021_03_23'], rxs=[0, 1, 2, 3, 4, 5, 6]): tx=92.80% (77952/84000)
          seen_day_unseen_rx(days=['2021_03_01', '2021_03_08'], rxs=[7, 8, 9, 10, 11]): tx=87.15% (52290/60000)
          unseen_day_unseen_rx(days=['2021_03_15', '2021_03_23'], rxs=[7, 8, 9, 10, 11]): tx=83.19% (49917/60000)
          day=2021_03_15 on seen_rxs=[0, 1, 2, 3, 4, 5, 6]: tx=95.26% (40008/42000)
          day=2021_03_23 on seen_rxs=[0, 1, 2, 3, 4, 5, 6]: tx=90.34% (37944/42000)
          rx=7 on seen_days=['2021_03_01', '2021_03_08']: tx=79.21% (9505/12000)
          rx=8 on seen_days=['2021_03_01', '2021_03_08']: tx=81.65% (9798/12000)
          rx=9 on seen_days=['2021_03_01', '2021_03_08']: tx=92.03% (11044/12000)
          rx=10 on seen_days=['2021_03_01', '2021_03_08']: tx=90.24% (10829/12000)
          rx=11 on seen_days=['2021_03_01', '2021_03_08']: tx=92.62% (11114/12000)
[BEST-JOINT]  val_tx=98.74% & test_tx=89.37% @ E049
[CKPT]  latest -> finalist_runs/C4_A2_ecc003_satmain_seed1337/latest_model.pth (saved) | best -> finalist_runs/C4_A2_ecc003_satmain_seed1337/best_model_val.pth
====================================================================================================================================
[SAT-TEST] scenario=clear_leo selected=test_unseen_day_unseen_rx overall_tx=41.71% strict_udu=41.71% (25025/60000)
[SAT-TEST] scenario=low_elev_leo selected=test_unseen_day_unseen_rx overall_tx=41.01% strict_udu=41.01% (24606/60000)
[SAT-TEST] scenario=rain_leo selected=test_unseen_day_unseen_rx overall_tx=39.78% strict_udu=39.78% (23870/60000)
[SAT-TEST] scenario=storm_mp selected=test_unseen_day_unseen_rx overall_tx=35.51% strict_udu=35.51% (21308/60000)
[SAT-TEST] scenario=mixed_orbit selected=test_unseen_day_unseen_rx overall_tx=37.02% strict_udu=37.02% (22213/60000)
[BEST-TEST] overall=89.45% @ E043 -> finalist_runs/C4_A2_ecc003_satmain_seed1337/best_model_test_overall.pth | unseen_day_unseen_rx=84.18% @ E049 -> finalist_runs/C4_A2_ecc003_satmain_seed1337/best_model_strict_udu.pth | unseen_day_seen_rx=93.84% @ E043 | seen_day_unseen_rx=89.91% @ E043
[BEST-PRIMARY] score=85.99 @ E049 -> finalist_runs/C4_A2_ecc003_satmain_seed1337/best_model_primary_ood.pth | overall=89.37% strict_udu=84.18%
[BEST-WORST-RX] worst_rx=82.34% (test_rx_7) @ E049 -> finalist_runs/C4_A2_ecc003_satmain_seed1337/best_model_worst_rx.pth
====================================================================================================================================
[Epoch 052/200] time=86.7s | lr=1.69e-04 | aux_scale=1.000
[STAGE] phase=S2_stabilize_aux | use_aux=1.0 cons=0.40 cls_aux=0.35 reg=0.51 joint_inv=0.22 kl=0.28 group_ce=0.81
[MIXSTYLE-EPOCH] phase=base enabled=1 p=0.150 strength=0.650 anneal_t=0.000
[AUG] scale=0.350 | p_dac=0.000 p_pa=0.049 p_shift=0.122 p_cfo=0.122 p_awgn=0.140 p_mp=0.063 | max_shift=11 cfo_max=0.00014 pn_max=0.0021
------------------------------------------------------------------------------------------------------------------------------------
[LOSS-CORE] total=4.8503 cls=2.2895 dom=0.5798 adv=2.6163 orth=0.0015 cons=0.2134 group_ce=3.5098
[LOSS-AUX]  cls_pa=2.7522 cls_dac=0.0000 pa_joint_inv=0.3228 pa_kl=2.5249 dac_reg=0.0000 pa_reg=0.0153 gap_dac=0.0000 gap_pa=0.2511 cos_joint_pa=0.6772 cos_imp_pa=nan
[LOSS-SAT]  cls_sat=10.1913 sat_cons=0.7393 sat_cos=0.2607
[LOSS-DG]   proto=0.0000 proto_cos=nan supcon=0.0000 fishr=0.0022 sgc_res=0.0000
[LOSS-CAL]  ecc=0.0020 ecc_w=0.0016 ecc_tau=0.9337 ecc_maxp=0.8027
[TRAIN] tx=81.15% dom=78.88% cons_cos=0.7866
[GRAD]  total=1.745 backbone=1.000 aux=0.750 domain=0.473
[VAL]   tx=97.98% dom=92.92%
[TEST]  overall_tx=87.16% (177797/204000)
[TEST-SPLIT]
          unseen_day_seen_rx(days=['2021_03_15', '2021_03_23'], rxs=[0, 1, 2, 3, 4, 5, 6]): tx=92.20% (77445/84000)
          seen_day_unseen_rx(days=['2021_03_01', '2021_03_08'], rxs=[7, 8, 9, 10, 11]): tx=86.67% (52001/60000)
          unseen_day_unseen_rx(days=['2021_03_15', '2021_03_23'], rxs=[7, 8, 9, 10, 11]): tx=80.58% (48351/60000)
          day=2021_03_15 on seen_rxs=[0, 1, 2, 3, 4, 5, 6]: tx=95.16% (39967/42000)
          day=2021_03_23 on seen_rxs=[0, 1, 2, 3, 4, 5, 6]: tx=89.23% (37478/42000)
          rx=7 on seen_days=['2021_03_01', '2021_03_08']: tx=80.53% (9664/12000)
          rx=8 on seen_days=['2021_03_01', '2021_03_08']: tx=79.45% (9534/12000)
          rx=9 on seen_days=['2021_03_01', '2021_03_08']: tx=91.38% (10966/12000)
          rx=10 on seen_days=['2021_03_01', '2021_03_08']: tx=92.42% (11090/12000)
          rx=11 on seen_days=['2021_03_01', '2021_03_08']: tx=89.56% (10747/12000)
[BEST-JOINT]  val_tx=98.74% & test_tx=89.37% @ E049
[CKPT]  latest -> finalist_runs/C4_A2_ecc003_satmain_seed1337/latest_model.pth (saved) | best -> finalist_runs/C4_A2_ecc003_satmain_seed1337/best_model_val.pth
====================================================================================================================================
[SAT-TEST] scenario=clear_leo selected=test_unseen_day_unseen_rx overall_tx=44.40% strict_udu=44.40% (26641/60000)
[SAT-TEST] scenario=low_elev_leo selected=test_unseen_day_unseen_rx overall_tx=43.08% strict_udu=43.08% (25847/60000)
[SAT-TEST] scenario=rain_leo selected=test_unseen_day_unseen_rx overall_tx=42.35% strict_udu=42.35% (25408/60000)
[SAT-TEST] scenario=storm_mp selected=test_unseen_day_unseen_rx overall_tx=36.28% strict_udu=36.28% (21769/60000)
[SAT-TEST] scenario=mixed_orbit selected=test_unseen_day_unseen_rx overall_tx=38.96% strict_udu=38.96% (23376/60000)
[BEST-TEST] overall=89.45% @ E043 -> finalist_runs/C4_A2_ecc003_satmain_seed1337/best_model_test_overall.pth | unseen_day_unseen_rx=84.18% @ E049 -> finalist_runs/C4_A2_ecc003_satmain_seed1337/best_model_strict_udu.pth | unseen_day_seen_rx=93.84% @ E043 | seen_day_unseen_rx=89.91% @ E043
[BEST-PRIMARY] score=85.99 @ E049 -> finalist_runs/C4_A2_ecc003_satmain_seed1337/best_model_primary_ood.pth | overall=89.37% strict_udu=84.18%
[BEST-WORST-RX] worst_rx=82.34% (test_rx_7) @ E049 -> finalist_runs/C4_A2_ecc003_satmain_seed1337/best_model_worst_rx.pth
====================================================================================================================================
[Epoch 053/200] time=86.5s | lr=1.67e-04 | aux_scale=1.000
[STAGE] phase=S2_stabilize_aux | use_aux=1.0 cons=0.41 cls_aux=0.36 reg=0.52 joint_inv=0.23 kl=0.28 group_ce=0.81
[MIXSTYLE-EPOCH] phase=base enabled=1 p=0.150 strength=0.650 anneal_t=0.000
[AUG] scale=0.350 | p_dac=0.000 p_pa=0.049 p_shift=0.122 p_cfo=0.122 p_awgn=0.140 p_mp=0.063 | max_shift=11 cfo_max=0.00014 pn_max=0.0021
------------------------------------------------------------------------------------------------------------------------------------
[LOSS-CORE] total=4.4202 cls=1.9173 dom=0.5434 adv=2.6199 orth=0.0017 cons=0.1919 group_ce=3.0868
[LOSS-AUX]  cls_pa=2.7728 cls_dac=0.0000 pa_joint_inv=0.3158 pa_kl=2.5348 dac_reg=0.0000 pa_reg=0.0155 gap_dac=0.0000 gap_pa=0.2500 cos_joint_pa=0.6842 cos_imp_pa=nan
[LOSS-SAT]  cls_sat=10.1238 sat_cons=0.7417 sat_cos=0.2583
[LOSS-DG]   proto=0.0000 proto_cos=nan supcon=0.0000 fishr=0.0019 sgc_res=0.0000
[LOSS-CAL]  ecc=0.0018 ecc_w=0.0013 ecc_tau=0.9370 ecc_maxp=0.8014
[TRAIN] tx=83.95% dom=79.88% cons_cos=0.8081
[GRAD]  total=1.747 backbone=1.000 aux=0.750 domain=0.470
[VAL]   tx=98.46% dom=93.05%
[TEST]  overall_tx=87.52% (178535/204000)
[TEST-SPLIT]
          unseen_day_seen_rx(days=['2021_03_15', '2021_03_23'], rxs=[0, 1, 2, 3, 4, 5, 6]): tx=91.91% (77208/84000)
          seen_day_unseen_rx(days=['2021_03_01', '2021_03_08'], rxs=[7, 8, 9, 10, 11]): tx=87.31% (52387/60000)
          unseen_day_unseen_rx(days=['2021_03_15', '2021_03_23'], rxs=[7, 8, 9, 10, 11]): tx=81.57% (48940/60000)
          day=2021_03_15 on seen_rxs=[0, 1, 2, 3, 4, 5, 6]: tx=93.69% (39348/42000)
          day=2021_03_23 on seen_rxs=[0, 1, 2, 3, 4, 5, 6]: tx=90.14% (37860/42000)
          rx=7 on seen_days=['2021_03_01', '2021_03_08']: tx=80.89% (9707/12000)
          rx=8 on seen_days=['2021_03_01', '2021_03_08']: tx=83.08% (9970/12000)
          rx=9 on seen_days=['2021_03_01', '2021_03_08']: tx=90.57% (10868/12000)
          rx=10 on seen_days=['2021_03_01', '2021_03_08']: tx=91.66% (10999/12000)
          rx=11 on seen_days=['2021_03_01', '2021_03_08']: tx=90.36% (10843/12000)
[BEST-JOINT]  val_tx=98.74% & test_tx=89.37% @ E049
[CKPT]  latest -> finalist_runs/C4_A2_ecc003_satmain_seed1337/latest_model.pth (saved) | best -> finalist_runs/C4_A2_ecc003_satmain_seed1337/best_model_val.pth
====================================================================================================================================
[SAT-TEST] scenario=clear_leo selected=test_unseen_day_unseen_rx overall_tx=42.06% strict_udu=42.06% (25236/60000)
[SAT-TEST] scenario=low_elev_leo selected=test_unseen_day_unseen_rx overall_tx=42.01% strict_udu=42.01% (25206/60000)
[SAT-TEST] scenario=rain_leo selected=test_unseen_day_unseen_rx overall_tx=40.65% strict_udu=40.65% (24390/60000)
[SAT-TEST] scenario=storm_mp selected=test_unseen_day_unseen_rx overall_tx=35.65% strict_udu=35.65% (21388/60000)
[SAT-TEST] scenario=mixed_orbit selected=test_unseen_day_unseen_rx overall_tx=37.57% strict_udu=37.57% (22543/60000)
[BEST-TEST] overall=89.45% @ E043 -> finalist_runs/C4_A2_ecc003_satmain_seed1337/best_model_test_overall.pth | unseen_day_unseen_rx=84.18% @ E049 -> finalist_runs/C4_A2_ecc003_satmain_seed1337/best_model_strict_udu.pth | unseen_day_seen_rx=93.84% @ E043 | seen_day_unseen_rx=89.91% @ E043
[BEST-PRIMARY] score=85.99 @ E049 -> finalist_runs/C4_A2_ecc003_satmain_seed1337/best_model_primary_ood.pth | overall=89.37% strict_udu=84.18%
[BEST-WORST-RX] worst_rx=82.34% (test_rx_7) @ E049 -> finalist_runs/C4_A2_ecc003_satmain_seed1337/best_model_worst_rx.pth
====================================================================================================================================
[Epoch 054/200] time=85.9s | lr=1.66e-04 | aux_scale=1.000
[STAGE] phase=S2_stabilize_aux | use_aux=1.0 cons=0.42 cls_aux=0.37 reg=0.53 joint_inv=0.23 kl=0.29 group_ce=0.82
[MIXSTYLE-EPOCH] phase=base enabled=1 p=0.150 strength=0.650 anneal_t=0.000
[AUG] scale=0.350 | p_dac=0.000 p_pa=0.049 p_shift=0.122 p_cfo=0.122 p_awgn=0.140 p_mp=0.063 | max_shift=11 cfo_max=0.00014 pn_max=0.0021
------------------------------------------------------------------------------------------------------------------------------------
[LOSS-CORE] total=5.0199 cls=2.3607 dom=0.6414 adv=2.6195 orth=0.0015 cons=0.2047 group_ce=3.5268
[LOSS-AUX]  cls_pa=2.8090 cls_dac=0.0000 pa_joint_inv=0.3248 pa_kl=2.5939 dac_reg=0.0000 pa_reg=0.0151 gap_dac=0.0000 gap_pa=0.2558 cos_joint_pa=0.6752 cos_imp_pa=nan
[LOSS-SAT]  cls_sat=10.2178 sat_cons=0.7307 sat_cos=0.2693
[LOSS-DG]   proto=0.0000 proto_cos=nan supcon=0.0000 fishr=0.0022 sgc_res=0.0000
[LOSS-CAL]  ecc=0.0016 ecc_w=0.0010 ecc_tau=0.9400 ecc_maxp=0.7921
[TRAIN] tx=79.87% dom=76.89% cons_cos=0.7953
[GRAD]  total=1.797 backbone=1.000 aux=0.750 domain=0.470
[VAL]   tx=98.64% dom=93.42%
[TEST]  overall_tx=87.42% (178335/204000)
[TEST-SPLIT]
          unseen_day_seen_rx(days=['2021_03_15', '2021_03_23'], rxs=[0, 1, 2, 3, 4, 5, 6]): tx=92.61% (77795/84000)
          seen_day_unseen_rx(days=['2021_03_01', '2021_03_08'], rxs=[7, 8, 9, 10, 11]): tx=86.25% (51753/60000)
          unseen_day_unseen_rx(days=['2021_03_15', '2021_03_23'], rxs=[7, 8, 9, 10, 11]): tx=81.31% (48787/60000)
          day=2021_03_15 on seen_rxs=[0, 1, 2, 3, 4, 5, 6]: tx=94.38% (39640/42000)
          day=2021_03_23 on seen_rxs=[0, 1, 2, 3, 4, 5, 6]: tx=90.85% (38155/42000)
          rx=7 on seen_days=['2021_03_01', '2021_03_08']: tx=77.00% (9240/12000)
          rx=8 on seen_days=['2021_03_01', '2021_03_08']: tx=79.78% (9574/12000)
          rx=9 on seen_days=['2021_03_01', '2021_03_08']: tx=91.72% (11006/12000)
          rx=10 on seen_days=['2021_03_01', '2021_03_08']: tx=93.08% (11170/12000)
          rx=11 on seen_days=['2021_03_01', '2021_03_08']: tx=89.69% (10763/12000)
[BEST-JOINT]  val_tx=98.74% & test_tx=89.37% @ E049
[CKPT]  latest -> finalist_runs/C4_A2_ecc003_satmain_seed1337/latest_model.pth (saved) | best -> finalist_runs/C4_A2_ecc003_satmain_seed1337/best_model_val.pth
====================================================================================================================================
[SAT-TEST] scenario=clear_leo selected=test_unseen_day_unseen_rx overall_tx=41.59% strict_udu=41.59% (24956/60000)
[SAT-TEST] scenario=low_elev_leo selected=test_unseen_day_unseen_rx overall_tx=41.72% strict_udu=41.72% (25031/60000)
[SAT-TEST] scenario=rain_leo selected=test_unseen_day_unseen_rx overall_tx=40.40% strict_udu=40.40% (24237/60000)
[SAT-TEST] scenario=storm_mp selected=test_unseen_day_unseen_rx overall_tx=35.59% strict_udu=35.59% (21351/60000)
[SAT-TEST] scenario=mixed_orbit selected=test_unseen_day_unseen_rx overall_tx=37.06% strict_udu=37.06% (22238/60000)
[BEST-TEST] overall=89.45% @ E043 -> finalist_runs/C4_A2_ecc003_satmain_seed1337/best_model_test_overall.pth | unseen_day_unseen_rx=84.18% @ E049 -> finalist_runs/C4_A2_ecc003_satmain_seed1337/best_model_strict_udu.pth | unseen_day_seen_rx=93.84% @ E043 | seen_day_unseen_rx=89.91% @ E043
[BEST-PRIMARY] score=85.99 @ E049 -> finalist_runs/C4_A2_ecc003_satmain_seed1337/best_model_primary_ood.pth | overall=89.37% strict_udu=84.18%
[BEST-WORST-RX] worst_rx=82.34% (test_rx_7) @ E049 -> finalist_runs/C4_A2_ecc003_satmain_seed1337/best_model_worst_rx.pth
====================================================================================================================================
[Epoch 055/200] time=86.4s | lr=1.65e-04 | aux_scale=1.000
[STAGE] phase=S2_stabilize_aux | use_aux=1.0 cons=0.43 cls_aux=0.38 reg=0.54 joint_inv=0.23 kl=0.30 group_ce=0.83
[MIXSTYLE-EPOCH] phase=base enabled=1 p=0.150 strength=0.650 anneal_t=0.000
[AUG] scale=0.350 | p_dac=0.000 p_pa=0.049 p_shift=0.122 p_cfo=0.122 p_awgn=0.140 p_mp=0.063 | max_shift=11 cfo_max=0.00014 pn_max=0.0021
------------------------------------------------------------------------------------------------------------------------------------
[LOSS-CORE] total=5.1006 cls=2.4285 dom=0.6481 adv=2.6191 orth=0.0014 cons=0.2138 group_ce=3.6834
[LOSS-AUX]  cls_pa=2.6418 cls_dac=0.0000 pa_joint_inv=0.3158 pa_kl=2.4158 dac_reg=0.0000 pa_reg=0.0150 gap_dac=0.0000 gap_pa=0.2549 cos_joint_pa=0.6842 cos_imp_pa=nan
[LOSS-SAT]  cls_sat=10.0667 sat_cons=0.7118 sat_cos=0.2882
[LOSS-DG]   proto=0.0000 proto_cos=nan supcon=0.0000 fishr=0.0022 sgc_res=0.0000
[LOSS-CAL]  ecc=0.0015 ecc_w=0.0007 ecc_tau=0.9427 ecc_maxp=0.8083
[TRAIN] tx=79.71% dom=77.00% cons_cos=0.7862
[GRAD]  total=1.762 backbone=1.000 aux=0.750 domain=0.467
[VAL]   tx=98.81% dom=93.67%
[TEST]  overall_tx=88.68% (180916/204000)
[TEST-SPLIT]
          unseen_day_seen_rx(days=['2021_03_15', '2021_03_23'], rxs=[0, 1, 2, 3, 4, 5, 6]): tx=92.41% (77626/84000)
          seen_day_unseen_rx(days=['2021_03_01', '2021_03_08'], rxs=[7, 8, 9, 10, 11]): tx=88.55% (53131/60000)
          unseen_day_unseen_rx(days=['2021_03_15', '2021_03_23'], rxs=[7, 8, 9, 10, 11]): tx=83.60% (50159/60000)
          day=2021_03_15 on seen_rxs=[0, 1, 2, 3, 4, 5, 6]: tx=94.47% (39676/42000)
          day=2021_03_23 on seen_rxs=[0, 1, 2, 3, 4, 5, 6]: tx=90.36% (37950/42000)
          rx=7 on seen_days=['2021_03_01', '2021_03_08']: tx=81.53% (9783/12000)
          rx=8 on seen_days=['2021_03_01', '2021_03_08']: tx=83.33% (10000/12000)
          rx=9 on seen_days=['2021_03_01', '2021_03_08']: tx=91.83% (11020/12000)
          rx=10 on seen_days=['2021_03_01', '2021_03_08']: tx=91.36% (10963/12000)
          rx=11 on seen_days=['2021_03_01', '2021_03_08']: tx=94.71% (11365/12000)
[BEST-JOINT]  val_tx=98.81% & test_tx=88.68% @ E055
[CKPT]  latest -> finalist_runs/C4_A2_ecc003_satmain_seed1337/latest_model.pth (saved) | best -> finalist_runs/C4_A2_ecc003_satmain_seed1337/best_model_val.pth (updated: val improved)
====================================================================================================================================
[SAT-TEST] scenario=clear_leo selected=test_unseen_day_unseen_rx overall_tx=41.01% strict_udu=41.01% (24603/60000)
[SAT-TEST] scenario=low_elev_leo selected=test_unseen_day_unseen_rx overall_tx=40.86% strict_udu=40.86% (24514/60000)
[SAT-TEST] scenario=rain_leo selected=test_unseen_day_unseen_rx overall_tx=39.34% strict_udu=39.34% (23607/60000)
[SAT-TEST] scenario=storm_mp selected=test_unseen_day_unseen_rx overall_tx=35.54% strict_udu=35.54% (21324/60000)
[SAT-TEST] scenario=mixed_orbit selected=test_unseen_day_unseen_rx overall_tx=37.24% strict_udu=37.24% (22345/60000)
[BEST-TEST] overall=89.45% @ E043 -> finalist_runs/C4_A2_ecc003_satmain_seed1337/best_model_test_overall.pth | unseen_day_unseen_rx=84.18% @ E049 -> finalist_runs/C4_A2_ecc003_satmain_seed1337/best_model_strict_udu.pth | unseen_day_seen_rx=93.84% @ E043 | seen_day_unseen_rx=89.91% @ E043
[BEST-PRIMARY] score=85.99 @ E049 -> finalist_runs/C4_A2_ecc003_satmain_seed1337/best_model_primary_ood.pth | overall=89.37% strict_udu=84.18%
[BEST-WORST-RX] worst_rx=82.34% (test_rx_7) @ E049 -> finalist_runs/C4_A2_ecc003_satmain_seed1337/best_model_worst_rx.pth
====================================================================================================================================
[Epoch 056/200] time=87.0s | lr=1.64e-04 | aux_scale=1.000
[STAGE] phase=S2_stabilize_aux | use_aux=1.0 cons=0.44 cls_aux=0.39 reg=0.55 joint_inv=0.24 kl=0.30 group_ce=0.83
[MIXSTYLE-EPOCH] phase=base enabled=1 p=0.150 strength=0.650 anneal_t=0.000
[AUG] scale=0.350 | p_dac=0.000 p_pa=0.049 p_shift=0.122 p_cfo=0.122 p_awgn=0.140 p_mp=0.063 | max_shift=11 cfo_max=0.00014 pn_max=0.0021
------------------------------------------------------------------------------------------------------------------------------------
[LOSS-CORE] total=4.6871 cls=2.1322 dom=0.5411 adv=2.6188 orth=0.0015 cons=0.2053 group_ce=3.4602
[LOSS-AUX]  cls_pa=2.5320 cls_dac=0.0000 pa_joint_inv=0.3115 pa_kl=2.3110 dac_reg=0.0000 pa_reg=0.0153 gap_dac=0.0000 gap_pa=0.2528 cos_joint_pa=0.6885 cos_imp_pa=nan
[LOSS-SAT]  cls_sat=10.1181 sat_cons=0.7391 sat_cos=0.2609
[LOSS-DG]   proto=0.0000 proto_cos=nan supcon=0.0000 fishr=0.0019 sgc_res=0.0000
[LOSS-CAL]  ecc=0.0014 ecc_w=0.0005 ecc_tau=0.9449 ecc_maxp=0.8106
[TRAIN] tx=83.14% dom=80.22% cons_cos=0.7947
[GRAD]  total=1.689 backbone=1.000 aux=0.750 domain=0.468
[VAL]   tx=98.81% dom=92.79%
[TEST]  overall_tx=89.94% (183479/204000)
[TEST-SPLIT]
          unseen_day_seen_rx(days=['2021_03_15', '2021_03_23'], rxs=[0, 1, 2, 3, 4, 5, 6]): tx=93.54% (78574/84000)
          seen_day_unseen_rx(days=['2021_03_01', '2021_03_08'], rxs=[7, 8, 9, 10, 11]): tx=90.12% (54073/60000)
          unseen_day_unseen_rx(days=['2021_03_15', '2021_03_23'], rxs=[7, 8, 9, 10, 11]): tx=84.72% (50832/60000)
          day=2021_03_15 on seen_rxs=[0, 1, 2, 3, 4, 5, 6]: tx=96.01% (40326/42000)
          day=2021_03_23 on seen_rxs=[0, 1, 2, 3, 4, 5, 6]: tx=91.07% (38248/42000)
          rx=7 on seen_days=['2021_03_01', '2021_03_08']: tx=83.99% (10079/12000)
          rx=8 on seen_days=['2021_03_01', '2021_03_08']: tx=84.81% (10177/12000)
          rx=9 on seen_days=['2021_03_01', '2021_03_08']: tx=93.08% (11169/12000)
          rx=10 on seen_days=['2021_03_01', '2021_03_08']: tx=92.20% (11064/12000)
          rx=11 on seen_days=['2021_03_01', '2021_03_08']: tx=96.53% (11584/12000)
[BEST-JOINT]  val_tx=98.81% & test_tx=88.68% @ E055
[CKPT]  latest -> finalist_runs/C4_A2_ecc003_satmain_seed1337/latest_model.pth (saved) | best -> finalist_runs/C4_A2_ecc003_satmain_seed1337/best_model_val.pth
====================================================================================================================================
[SAT-TEST] scenario=clear_leo selected=test_unseen_day_unseen_rx overall_tx=43.18% strict_udu=43.18% (25910/60000)
[SAT-TEST] scenario=low_elev_leo selected=test_unseen_day_unseen_rx overall_tx=43.16% strict_udu=43.16% (25895/60000)
[SAT-TEST] scenario=rain_leo selected=test_unseen_day_unseen_rx overall_tx=41.38% strict_udu=41.38% (24830/60000)
[SAT-TEST] scenario=storm_mp selected=test_unseen_day_unseen_rx overall_tx=36.30% strict_udu=36.30% (21783/60000)
[SAT-TEST] scenario=mixed_orbit selected=test_unseen_day_unseen_rx overall_tx=39.34% strict_udu=39.34% (23606/60000)
[BEST-TEST] overall=89.94% @ E056 -> finalist_runs/C4_A2_ecc003_satmain_seed1337/best_model_test_overall.pth | unseen_day_unseen_rx=84.72% @ E056 -> finalist_runs/C4_A2_ecc003_satmain_seed1337/best_model_strict_udu.pth | unseen_day_seen_rx=93.84% @ E043 | seen_day_unseen_rx=90.12% @ E056
[BEST-PRIMARY] score=86.55 @ E056 -> finalist_runs/C4_A2_ecc003_satmain_seed1337/best_model_primary_ood.pth | overall=89.94% strict_udu=84.72%
[BEST-WORST-RX] worst_rx=83.99% (test_rx_7) @ E056 -> finalist_runs/C4_A2_ecc003_satmain_seed1337/best_model_worst_rx.pth
[WARN][E057] unsafe backward/step skipped #6
====================================================================================================================================
[Epoch 057/200] time=86.7s | lr=1.63e-04 | aux_scale=1.000
[STAGE] phase=S2_stabilize_aux | use_aux=1.0 cons=0.45 cls_aux=0.40 reg=0.56 joint_inv=0.24 kl=0.31 group_ce=0.84
[MIXSTYLE-EPOCH] phase=base enabled=1 p=0.150 strength=0.650 anneal_t=0.000
[AUG] scale=0.350 | p_dac=0.000 p_pa=0.049 p_shift=0.122 p_cfo=0.122 p_awgn=0.140 p_mp=0.063 | max_shift=11 cfo_max=0.00014 pn_max=0.0021
------------------------------------------------------------------------------------------------------------------------------------
[LOSS-CORE] total=4.9902 cls=2.3405 dom=0.6203 adv=2.6226 orth=0.0017 cons=0.1980 group_ce=3.5169
[LOSS-AUX]  cls_pa=2.5276 cls_dac=0.0000 pa_joint_inv=0.3056 pa_kl=2.2969 dac_reg=0.0000 pa_reg=0.0151 gap_dac=0.0000 gap_pa=0.2525 cos_joint_pa=0.6944 cos_imp_pa=nan
[LOSS-SAT]  cls_sat=10.0349 sat_cons=0.7159 sat_cos=0.2841
[LOSS-DG]   proto=0.0000 proto_cos=nan supcon=0.0000 fishr=0.0020 sgc_res=0.0000
[LOSS-CAL]  ecc=0.0012 ecc_w=0.0003 ecc_tau=0.9467 ecc_maxp=0.7858
[TRAIN] tx=80.57% dom=77.26% cons_cos=0.7994
[GRAD]  total=1.772 backbone=1.000 aux=0.750 domain=0.465
[VAL]   tx=98.41% dom=93.05%
[TEST]  overall_tx=88.88% (181323/204000)
[TEST-SPLIT]
          unseen_day_seen_rx(days=['2021_03_15', '2021_03_23'], rxs=[0, 1, 2, 3, 4, 5, 6]): tx=93.13% (78231/84000)
          seen_day_unseen_rx(days=['2021_03_01', '2021_03_08'], rxs=[7, 8, 9, 10, 11]): tx=88.65% (53190/60000)
          unseen_day_unseen_rx(days=['2021_03_15', '2021_03_23'], rxs=[7, 8, 9, 10, 11]): tx=83.17% (49902/60000)
          day=2021_03_15 on seen_rxs=[0, 1, 2, 3, 4, 5, 6]: tx=95.51% (40116/42000)
          day=2021_03_23 on seen_rxs=[0, 1, 2, 3, 4, 5, 6]: tx=90.75% (38115/42000)
          rx=7 on seen_days=['2021_03_01', '2021_03_08']: tx=82.11% (9853/12000)
          rx=8 on seen_days=['2021_03_01', '2021_03_08']: tx=83.11% (9973/12000)
          rx=9 on seen_days=['2021_03_01', '2021_03_08']: tx=91.62% (10995/12000)
          rx=10 on seen_days=['2021_03_01', '2021_03_08']: tx=94.41% (11329/12000)
          rx=11 on seen_days=['2021_03_01', '2021_03_08']: tx=92.00% (11040/12000)
[BEST-JOINT]  val_tx=98.81% & test_tx=88.68% @ E055
[CKPT]  latest -> finalist_runs/C4_A2_ecc003_satmain_seed1337/latest_model.pth (saved) | best -> finalist_runs/C4_A2_ecc003_satmain_seed1337/best_model_val.pth
====================================================================================================================================
[SAT-TEST] scenario=clear_leo selected=test_unseen_day_unseen_rx overall_tx=43.70% strict_udu=43.70% (26222/60000)
[SAT-TEST] scenario=low_elev_leo selected=test_unseen_day_unseen_rx overall_tx=43.69% strict_udu=43.69% (26214/60000)
[SAT-TEST] scenario=rain_leo selected=test_unseen_day_unseen_rx overall_tx=41.74% strict_udu=41.74% (25044/60000)
[SAT-TEST] scenario=storm_mp selected=test_unseen_day_unseen_rx overall_tx=35.89% strict_udu=35.89% (21532/60000)
[SAT-TEST] scenario=mixed_orbit selected=test_unseen_day_unseen_rx overall_tx=39.22% strict_udu=39.22% (23532/60000)
[BEST-TEST] overall=89.94% @ E056 -> finalist_runs/C4_A2_ecc003_satmain_seed1337/best_model_test_overall.pth | unseen_day_unseen_rx=84.72% @ E056 -> finalist_runs/C4_A2_ecc003_satmain_seed1337/best_model_strict_udu.pth | unseen_day_seen_rx=93.84% @ E043 | seen_day_unseen_rx=90.12% @ E056
[BEST-PRIMARY] score=86.55 @ E056 -> finalist_runs/C4_A2_ecc003_satmain_seed1337/best_model_primary_ood.pth | overall=89.94% strict_udu=84.72%
[BEST-WORST-RX] worst_rx=83.99% (test_rx_7) @ E056 -> finalist_runs/C4_A2_ecc003_satmain_seed1337/best_model_worst_rx.pth
====================================================================================================================================
[Epoch 058/200] time=86.9s | lr=1.61e-04 | aux_scale=1.000
[STAGE] phase=S2_stabilize_aux | use_aux=1.0 cons=0.46 cls_aux=0.41 reg=0.57 joint_inv=0.25 kl=0.32 group_ce=0.84
[MIXSTYLE-EPOCH] phase=base enabled=1 p=0.150 strength=0.650 anneal_t=0.000
[AUG] scale=0.350 | p_dac=0.000 p_pa=0.049 p_shift=0.122 p_cfo=0.122 p_awgn=0.140 p_mp=0.063 | max_shift=11 cfo_max=0.00014 pn_max=0.0021
------------------------------------------------------------------------------------------------------------------------------------
[LOSS-CORE] total=4.4155 cls=1.8707 dom=0.5210 adv=2.6191 orth=0.0018 cons=0.1896 group_ce=3.1201
[LOSS-AUX]  cls_pa=2.6278 cls_dac=0.0000 pa_joint_inv=0.3110 pa_kl=2.3648 dac_reg=0.0000 pa_reg=0.0150 gap_dac=0.0000 gap_pa=0.2593 cos_joint_pa=0.6890 cos_imp_pa=nan
[LOSS-SAT]  cls_sat=10.1391 sat_cons=0.7366 sat_cos=0.2634
[LOSS-DG]   proto=0.0000 proto_cos=nan supcon=0.0000 fishr=0.0017 sgc_res=0.0000
[LOSS-CAL]  ecc=0.0012 ecc_w=0.0002 ecc_tau=0.9482 ecc_maxp=0.7975
[TRAIN] tx=84.62% dom=81.25% cons_cos=0.8104
[GRAD]  total=1.694 backbone=1.000 aux=0.750 domain=0.459
[VAL]   tx=98.66% dom=93.99%
[TEST]  overall_tx=88.80% (181145/204000)
[TEST-SPLIT]
          unseen_day_seen_rx(days=['2021_03_15', '2021_03_23'], rxs=[0, 1, 2, 3, 4, 5, 6]): tx=92.79% (77947/84000)
          seen_day_unseen_rx(days=['2021_03_01', '2021_03_08'], rxs=[7, 8, 9, 10, 11]): tx=88.10% (52861/60000)
          unseen_day_unseen_rx(days=['2021_03_15', '2021_03_23'], rxs=[7, 8, 9, 10, 11]): tx=83.89% (50337/60000)
          day=2021_03_15 on seen_rxs=[0, 1, 2, 3, 4, 5, 6]: tx=95.46% (40094/42000)
          day=2021_03_23 on seen_rxs=[0, 1, 2, 3, 4, 5, 6]: tx=90.13% (37853/42000)
          rx=7 on seen_days=['2021_03_01', '2021_03_08']: tx=82.59% (9911/12000)
          rx=8 on seen_days=['2021_03_01', '2021_03_08']: tx=80.19% (9623/12000)
          rx=9 on seen_days=['2021_03_01', '2021_03_08']: tx=92.59% (11111/12000)
          rx=10 on seen_days=['2021_03_01', '2021_03_08']: tx=90.05% (10806/12000)
          rx=11 on seen_days=['2021_03_01', '2021_03_08']: tx=95.08% (11410/12000)
[BEST-JOINT]  val_tx=98.81% & test_tx=88.68% @ E055
[CKPT]  latest -> finalist_runs/C4_A2_ecc003_satmain_seed1337/latest_model.pth (saved) | best -> finalist_runs/C4_A2_ecc003_satmain_seed1337/best_model_val.pth
====================================================================================================================================
[SAT-TEST] scenario=clear_leo selected=test_unseen_day_unseen_rx overall_tx=43.37% strict_udu=43.37% (26022/60000)
[SAT-TEST] scenario=low_elev_leo selected=test_unseen_day_unseen_rx overall_tx=42.21% strict_udu=42.21% (25326/60000)
[SAT-TEST] scenario=rain_leo selected=test_unseen_day_unseen_rx overall_tx=40.93% strict_udu=40.93% (24557/60000)
[SAT-TEST] scenario=storm_mp selected=test_unseen_day_unseen_rx overall_tx=35.62% strict_udu=35.62% (21371/60000)
[SAT-TEST] scenario=mixed_orbit selected=test_unseen_day_unseen_rx overall_tx=38.56% strict_udu=38.56% (23136/60000)
[BEST-TEST] overall=89.94% @ E056 -> finalist_runs/C4_A2_ecc003_satmain_seed1337/best_model_test_overall.pth | unseen_day_unseen_rx=84.72% @ E056 -> finalist_runs/C4_A2_ecc003_satmain_seed1337/best_model_strict_udu.pth | unseen_day_seen_rx=93.84% @ E043 | seen_day_unseen_rx=90.12% @ E056
[BEST-PRIMARY] score=86.55 @ E056 -> finalist_runs/C4_A2_ecc003_satmain_seed1337/best_model_primary_ood.pth | overall=89.94% strict_udu=84.72%
[BEST-WORST-RX] worst_rx=83.99% (test_rx_7) @ E056 -> finalist_runs/C4_A2_ecc003_satmain_seed1337/best_model_worst_rx.pth
====================================================================================================================================
[Epoch 059/200] time=87.0s | lr=1.60e-04 | aux_scale=1.000
[STAGE] phase=S2_stabilize_aux | use_aux=1.0 cons=0.47 cls_aux=0.42 reg=0.57 joint_inv=0.25 kl=0.32 group_ce=0.85
[MIXSTYLE-EPOCH] phase=base enabled=1 p=0.150 strength=0.650 anneal_t=0.000
[AUG] scale=0.350 | p_dac=0.000 p_pa=0.049 p_shift=0.122 p_cfo=0.122 p_awgn=0.140 p_mp=0.063 | max_shift=11 cfo_max=0.00014 pn_max=0.0021
------------------------------------------------------------------------------------------------------------------------------------
[LOSS-CORE] total=5.1499 cls=2.4756 dom=0.5981 adv=2.6155 orth=0.0015 cons=0.2298 group_ce=3.8306
[LOSS-AUX]  cls_pa=2.4164 cls_dac=0.0000 pa_joint_inv=0.3050 pa_kl=2.2073 dac_reg=0.0000 pa_reg=0.0152 gap_dac=0.0000 gap_pa=0.2569 cos_joint_pa=0.6950 cos_imp_pa=nan
[LOSS-SAT]  cls_sat=10.0563 sat_cons=0.7200 sat_cos=0.2800
[LOSS-DG]   proto=0.0000 proto_cos=nan supcon=0.0000 fishr=0.0024 sgc_res=0.0000
[LOSS-CAL]  ecc=0.0011 ecc_w=0.0001 ecc_tau=0.9492 ecc_maxp=0.8033
[TRAIN] tx=79.16% dom=78.03% cons_cos=0.7702
[GRAD]  total=1.693 backbone=1.000 aux=0.750 domain=0.470
[VAL]   tx=97.99% dom=93.63%
[TEST]  overall_tx=87.45% (178393/204000)
[TEST-SPLIT]
          unseen_day_seen_rx(days=['2021_03_15', '2021_03_23'], rxs=[0, 1, 2, 3, 4, 5, 6]): tx=92.62% (77800/84000)
          seen_day_unseen_rx(days=['2021_03_01', '2021_03_08'], rxs=[7, 8, 9, 10, 11]): tx=86.39% (51831/60000)
          unseen_day_unseen_rx(days=['2021_03_15', '2021_03_23'], rxs=[7, 8, 9, 10, 11]): tx=81.27% (48762/60000)
          day=2021_03_15 on seen_rxs=[0, 1, 2, 3, 4, 5, 6]: tx=95.40% (40066/42000)
          day=2021_03_23 on seen_rxs=[0, 1, 2, 3, 4, 5, 6]: tx=89.84% (37734/42000)
          rx=7 on seen_days=['2021_03_01', '2021_03_08']: tx=80.29% (9635/12000)
          rx=8 on seen_days=['2021_03_01', '2021_03_08']: tx=82.24% (9869/12000)
          rx=9 on seen_days=['2021_03_01', '2021_03_08']: tx=90.62% (10874/12000)
          rx=10 on seen_days=['2021_03_01', '2021_03_08']: tx=89.97% (10797/12000)
          rx=11 on seen_days=['2021_03_01', '2021_03_08']: tx=88.80% (10656/12000)
[BEST-JOINT]  val_tx=98.81% & test_tx=88.68% @ E055
[CKPT]  latest -> finalist_runs/C4_A2_ecc003_satmain_seed1337/latest_model.pth (saved) | best -> finalist_runs/C4_A2_ecc003_satmain_seed1337/best_model_val.pth
====================================================================================================================================
[SAT-TEST] scenario=clear_leo selected=test_unseen_day_unseen_rx overall_tx=43.90% strict_udu=43.90% (26340/60000)
[SAT-TEST] scenario=low_elev_leo selected=test_unseen_day_unseen_rx overall_tx=42.44% strict_udu=42.44% (25461/60000)
[SAT-TEST] scenario=rain_leo selected=test_unseen_day_unseen_rx overall_tx=41.57% strict_udu=41.57% (24940/60000)
[SAT-TEST] scenario=storm_mp selected=test_unseen_day_unseen_rx overall_tx=35.74% strict_udu=35.74% (21443/60000)
[SAT-TEST] scenario=mixed_orbit selected=test_unseen_day_unseen_rx overall_tx=38.90% strict_udu=38.90% (23342/60000)
[BEST-TEST] overall=89.94% @ E056 -> finalist_runs/C4_A2_ecc003_satmain_seed1337/best_model_test_overall.pth | unseen_day_unseen_rx=84.72% @ E056 -> finalist_runs/C4_A2_ecc003_satmain_seed1337/best_model_strict_udu.pth | unseen_day_seen_rx=93.84% @ E043 | seen_day_unseen_rx=90.12% @ E056
[BEST-PRIMARY] score=86.55 @ E056 -> finalist_runs/C4_A2_ecc003_satmain_seed1337/best_model_primary_ood.pth | overall=89.94% strict_udu=84.72%
[BEST-WORST-RX] worst_rx=83.99% (test_rx_7) @ E056 -> finalist_runs/C4_A2_ecc003_satmain_seed1337/best_model_worst_rx.pth
====================================================================================================================================
[Epoch 060/200] time=87.3s | lr=1.59e-04 | aux_scale=1.000
[STAGE] phase=S2_stabilize_aux | use_aux=1.0 cons=0.49 cls_aux=0.44 reg=0.58 joint_inv=0.25 kl=0.33 group_ce=0.86
[MIXSTYLE-EPOCH] phase=base enabled=1 p=0.150 strength=0.650 anneal_t=0.000
[AUG] scale=0.350 | p_dac=0.000 p_pa=0.049 p_shift=0.122 p_cfo=0.122 p_awgn=0.140 p_mp=0.063 | max_shift=11 cfo_max=0.00014 pn_max=0.0021
------------------------------------------------------------------------------------------------------------------------------------
[LOSS-CORE] total=5.0686 cls=2.3991 dom=0.5928 adv=2.6136 orth=0.0015 cons=0.2149 group_ce=3.6045
[LOSS-AUX]  cls_pa=2.5272 cls_dac=0.0000 pa_joint_inv=0.3102 pa_kl=2.2993 dac_reg=0.0000 pa_reg=0.0153 gap_dac=0.0000 gap_pa=0.2526 cos_joint_pa=0.6898 cos_imp_pa=nan
[LOSS-SAT]  cls_sat=9.9601 sat_cons=0.7169 sat_cos=0.2831
[LOSS-DG]   proto=0.0000 proto_cos=nan supcon=0.0000 fishr=0.0020 sgc_res=0.0000
[LOSS-CAL]  ecc=0.0010 ecc_w=0.0000 ecc_tau=0.9498 ecc_maxp=0.7946
[TRAIN] tx=79.92% dom=78.56% cons_cos=0.7851
[GRAD]  total=1.718 backbone=1.000 aux=0.750 domain=0.458
[VAL]   tx=98.86% dom=93.83%
[TEST]  overall_tx=89.01% (181590/204000)
[TEST-SPLIT]
          unseen_day_seen_rx(days=['2021_03_15', '2021_03_23'], rxs=[0, 1, 2, 3, 4, 5, 6]): tx=92.83% (77974/84000)
          seen_day_unseen_rx(days=['2021_03_01', '2021_03_08'], rxs=[7, 8, 9, 10, 11]): tx=88.58% (53147/60000)
          unseen_day_unseen_rx(days=['2021_03_15', '2021_03_23'], rxs=[7, 8, 9, 10, 11]): tx=84.11% (50469/60000)
          day=2021_03_15 on seen_rxs=[0, 1, 2, 3, 4, 5, 6]: tx=95.06% (39925/42000)
          day=2021_03_23 on seen_rxs=[0, 1, 2, 3, 4, 5, 6]: tx=90.59% (38049/42000)
          rx=7 on seen_days=['2021_03_01', '2021_03_08']: tx=82.91% (9949/12000)
          rx=8 on seen_days=['2021_03_01', '2021_03_08']: tx=83.82% (10058/12000)
          rx=9 on seen_days=['2021_03_01', '2021_03_08']: tx=92.96% (11155/12000)
          rx=10 on seen_days=['2021_03_01', '2021_03_08']: tx=86.14% (10337/12000)
          rx=11 on seen_days=['2021_03_01', '2021_03_08']: tx=97.07% (11648/12000)
[BEST-JOINT]  val_tx=98.86% & test_tx=89.01% @ E060
[CKPT]  latest -> finalist_runs/C4_A2_ecc003_satmain_seed1337/latest_model.pth (saved) | best -> finalist_runs/C4_A2_ecc003_satmain_seed1337/best_model_val.pth (updated: val improved)
====================================================================================================================================
[SAT-TEST] scenario=clear_leo selected=test_unseen_day_unseen_rx overall_tx=43.86% strict_udu=43.86% (26316/60000)
[SAT-TEST] scenario=low_elev_leo selected=test_unseen_day_unseen_rx overall_tx=43.56% strict_udu=43.56% (26137/60000)
[SAT-TEST] scenario=rain_leo selected=test_unseen_day_unseen_rx overall_tx=41.42% strict_udu=41.42% (24851/60000)
[SAT-TEST] scenario=storm_mp selected=test_unseen_day_unseen_rx overall_tx=35.37% strict_udu=35.37% (21219/60000)
[SAT-TEST] scenario=mixed_orbit selected=test_unseen_day_unseen_rx overall_tx=38.72% strict_udu=38.72% (23232/60000)
[BEST-TEST] overall=89.94% @ E056 -> finalist_runs/C4_A2_ecc003_satmain_seed1337/best_model_test_overall.pth | unseen_day_unseen_rx=84.72% @ E056 -> finalist_runs/C4_A2_ecc003_satmain_seed1337/best_model_strict_udu.pth | unseen_day_seen_rx=93.84% @ E043 | seen_day_unseen_rx=90.12% @ E056
[BEST-PRIMARY] score=86.55 @ E056 -> finalist_runs/C4_A2_ecc003_satmain_seed1337/best_model_primary_ood.pth | overall=89.94% strict_udu=84.72%
[BEST-WORST-RX] worst_rx=83.99% (test_rx_7) @ E056 -> finalist_runs/C4_A2_ecc003_satmain_seed1337/best_model_worst_rx.pth
====================================================================================================================================
[Epoch 061/200] time=87.1s | lr=1.58e-04 | aux_scale=1.000
[STAGE] phase=S2_stabilize_aux | use_aux=1.0 cons=0.50 cls_aux=0.45 reg=0.59 joint_inv=0.26 kl=0.34 group_ce=0.86
[MIXSTYLE-EPOCH] phase=base enabled=1 p=0.150 strength=0.650 anneal_t=0.000
[AUG] scale=0.350 | p_dac=0.000 p_pa=0.049 p_shift=0.122 p_cfo=0.122 p_awgn=0.140 p_mp=0.063 | max_shift=11 cfo_max=0.00014 pn_max=0.0021
------------------------------------------------------------------------------------------------------------------------------------
[LOSS-CORE] total=4.1571 cls=1.6588 dom=0.4850 adv=2.6196 orth=0.0018 cons=0.1835 group_ce=2.7188
[LOSS-AUX]  cls_pa=2.3603 cls_dac=0.0000 pa_joint_inv=0.3008 pa_kl=2.1636 dac_reg=0.0000 pa_reg=0.0148 gap_dac=0.0000 gap_pa=0.2593 cos_joint_pa=0.6992 cos_imp_pa=nan
[LOSS-SAT]  cls_sat=10.1877 sat_cons=0.7447 sat_cos=0.2553
[LOSS-DG]   proto=0.0000 proto_cos=nan supcon=0.0000 fishr=0.0014 sgc_res=0.0000
[LOSS-CAL]  ecc=0.0000 ecc_w=0.0000 ecc_tau=0.9500 ecc_maxp=nan
[TRAIN] tx=86.94% dom=82.12% cons_cos=0.8165
[GRAD]  total=1.650 backbone=1.000 aux=0.750 domain=0.456
[VAL]   tx=98.72% dom=93.54%
[TEST]  overall_tx=89.37% (182311/204000)
[TEST-SPLIT]
          unseen_day_seen_rx(days=['2021_03_15', '2021_03_23'], rxs=[0, 1, 2, 3, 4, 5, 6]): tx=92.82% (77968/84000)
          seen_day_unseen_rx(days=['2021_03_01', '2021_03_08'], rxs=[7, 8, 9, 10, 11]): tx=89.69% (53814/60000)
          unseen_day_unseen_rx(days=['2021_03_15', '2021_03_23'], rxs=[7, 8, 9, 10, 11]): tx=84.22% (50529/60000)
          day=2021_03_15 on seen_rxs=[0, 1, 2, 3, 4, 5, 6]: tx=94.18% (39557/42000)
          day=2021_03_23 on seen_rxs=[0, 1, 2, 3, 4, 5, 6]: tx=91.45% (38411/42000)
          rx=7 on seen_days=['2021_03_01', '2021_03_08']: tx=84.14% (10097/12000)
          rx=8 on seen_days=['2021_03_01', '2021_03_08']: tx=84.61% (10153/12000)
          rx=9 on seen_days=['2021_03_01', '2021_03_08']: tx=91.18% (10942/12000)
          rx=10 on seen_days=['2021_03_01', '2021_03_08']: tx=92.97% (11157/12000)
          rx=11 on seen_days=['2021_03_01', '2021_03_08']: tx=95.54% (11465/12000)
[BEST-JOINT]  val_tx=98.86% & test_tx=89.01% @ E060
[CKPT]  latest -> finalist_runs/C4_A2_ecc003_satmain_seed1337/latest_model.pth (saved) | best -> finalist_runs/C4_A2_ecc003_satmain_seed1337/best_model_val.pth
====================================================================================================================================
[SAT-TEST] scenario=clear_leo selected=test_unseen_day_unseen_rx overall_tx=43.07% strict_udu=43.07% (25842/60000)
[SAT-TEST] scenario=low_elev_leo selected=test_unseen_day_unseen_rx overall_tx=42.55% strict_udu=42.55% (25527/60000)
[SAT-TEST] scenario=rain_leo selected=test_unseen_day_unseen_rx overall_tx=41.32% strict_udu=41.32% (24791/60000)
[SAT-TEST] scenario=storm_mp selected=test_unseen_day_unseen_rx overall_tx=36.09% strict_udu=36.09% (21653/60000)
[SAT-TEST] scenario=mixed_orbit selected=test_unseen_day_unseen_rx overall_tx=38.57% strict_udu=38.57% (23144/60000)
[BEST-TEST] overall=89.94% @ E056 -> finalist_runs/C4_A2_ecc003_satmain_seed1337/best_model_test_overall.pth | unseen_day_unseen_rx=84.72% @ E056 -> finalist_runs/C4_A2_ecc003_satmain_seed1337/best_model_strict_udu.pth | unseen_day_seen_rx=93.84% @ E043 | seen_day_unseen_rx=90.12% @ E056
[BEST-PRIMARY] score=86.55 @ E056 -> finalist_runs/C4_A2_ecc003_satmain_seed1337/best_model_primary_ood.pth | overall=89.94% strict_udu=84.72%
[BEST-WORST-RX] worst_rx=84.14% (test_rx_7) @ E061 -> finalist_runs/C4_A2_ecc003_satmain_seed1337/best_model_worst_rx.pth
====================================================================================================================================
[Epoch 062/200] time=86.5s | lr=1.56e-04 | aux_scale=1.000
[STAGE] phase=S2_stabilize_aux | use_aux=1.0 cons=0.51 cls_aux=0.46 reg=0.60 joint_inv=0.26 kl=0.35 group_ce=0.87
[MIXSTYLE-EPOCH] phase=base enabled=1 p=0.150 strength=0.650 anneal_t=0.000
[AUG] scale=0.350 | p_dac=0.000 p_pa=0.049 p_shift=0.122 p_cfo=0.122 p_awgn=0.140 p_mp=0.063 | max_shift=11 cfo_max=0.00014 pn_max=0.0021
------------------------------------------------------------------------------------------------------------------------------------
[LOSS-CORE] total=5.3129 cls=2.5339 dom=0.6548 adv=2.6221 orth=0.0016 cons=0.2201 group_ce=3.8492
[LOSS-AUX]  cls_pa=2.4132 cls_dac=0.0000 pa_joint_inv=0.3020 pa_kl=2.1938 dac_reg=0.0000 pa_reg=0.0147 gap_dac=0.0000 gap_pa=0.2624 cos_joint_pa=0.6980 cos_imp_pa=nan
[LOSS-SAT]  cls_sat=9.9994 sat_cons=0.7090 sat_cos=0.2910
[LOSS-DG]   proto=0.0000 proto_cos=nan supcon=0.0000 fishr=0.0022 sgc_res=0.0000
[LOSS-CAL]  ecc=0.0000 ecc_w=0.0000 ecc_tau=0.9500 ecc_maxp=nan
[TRAIN] tx=78.85% dom=76.39% cons_cos=0.7798
[GRAD]  total=1.877 backbone=1.000 aux=0.750 domain=0.465
[VAL]   tx=98.86% dom=93.89%
[TEST]  overall_tx=88.58% (180694/204000)
[TEST-SPLIT]
          unseen_day_seen_rx(days=['2021_03_15', '2021_03_23'], rxs=[0, 1, 2, 3, 4, 5, 6]): tx=92.53% (77724/84000)
          seen_day_unseen_rx(days=['2021_03_01', '2021_03_08'], rxs=[7, 8, 9, 10, 11]): tx=88.37% (53024/60000)
          unseen_day_unseen_rx(days=['2021_03_15', '2021_03_23'], rxs=[7, 8, 9, 10, 11]): tx=83.24% (49946/60000)
          day=2021_03_15 on seen_rxs=[0, 1, 2, 3, 4, 5, 6]: tx=94.00% (39480/42000)
          day=2021_03_23 on seen_rxs=[0, 1, 2, 3, 4, 5, 6]: tx=91.06% (38244/42000)
          rx=7 on seen_days=['2021_03_01', '2021_03_08']: tx=82.15% (9858/12000)
          rx=8 on seen_days=['2021_03_01', '2021_03_08']: tx=83.86% (10063/12000)
          rx=9 on seen_days=['2021_03_01', '2021_03_08']: tx=91.77% (11012/12000)
          rx=10 on seen_days=['2021_03_01', '2021_03_08']: tx=87.53% (10504/12000)
          rx=11 on seen_days=['2021_03_01', '2021_03_08']: tx=96.56% (11587/12000)
[BEST-JOINT]  val_tx=98.86% & test_tx=89.01% @ E060
[CKPT]  latest -> finalist_runs/C4_A2_ecc003_satmain_seed1337/latest_model.pth (saved) | best -> finalist_runs/C4_A2_ecc003_satmain_seed1337/best_model_val.pth
====================================================================================================================================
[SAT-TEST] scenario=clear_leo selected=test_unseen_day_unseen_rx overall_tx=40.81% strict_udu=40.81% (24484/60000)
[SAT-TEST] scenario=low_elev_leo selected=test_unseen_day_unseen_rx overall_tx=40.25% strict_udu=40.25% (24150/60000)
[SAT-TEST] scenario=rain_leo selected=test_unseen_day_unseen_rx overall_tx=38.52% strict_udu=38.52% (23114/60000)
[SAT-TEST] scenario=storm_mp selected=test_unseen_day_unseen_rx overall_tx=34.93% strict_udu=34.93% (20957/60000)
[SAT-TEST] scenario=mixed_orbit selected=test_unseen_day_unseen_rx overall_tx=36.85% strict_udu=36.85% (22111/60000)
[BEST-TEST] overall=89.94% @ E056 -> finalist_runs/C4_A2_ecc003_satmain_seed1337/best_model_test_overall.pth | unseen_day_unseen_rx=84.72% @ E056 -> finalist_runs/C4_A2_ecc003_satmain_seed1337/best_model_strict_udu.pth | unseen_day_seen_rx=93.84% @ E043 | seen_day_unseen_rx=90.12% @ E056
[BEST-PRIMARY] score=86.55 @ E056 -> finalist_runs/C4_A2_ecc003_satmain_seed1337/best_model_primary_ood.pth | overall=89.94% strict_udu=84.72%
[BEST-WORST-RX] worst_rx=84.14% (test_rx_7) @ E061 -> finalist_runs/C4_A2_ecc003_satmain_seed1337/best_model_worst_rx.pth
====================================================================================================================================
[Epoch 063/200] time=85.3s | lr=1.55e-04 | aux_scale=1.000
[STAGE] phase=S2_stabilize_aux | use_aux=1.0 cons=0.52 cls_aux=0.47 reg=0.61 joint_inv=0.27 kl=0.35 group_ce=0.87
[MIXSTYLE-EPOCH] phase=base enabled=1 p=0.150 strength=0.650 anneal_t=0.000
[AUG] scale=0.350 | p_dac=0.000 p_pa=0.049 p_shift=0.122 p_cfo=0.122 p_awgn=0.140 p_mp=0.063 | max_shift=11 cfo_max=0.00014 pn_max=0.0021
------------------------------------------------------------------------------------------------------------------------------------
[LOSS-CORE] total=5.0823 cls=2.3627 dom=0.5988 adv=2.6219 orth=0.0018 cons=0.1974 group_ce=3.5278
[LOSS-AUX]  cls_pa=2.4530 cls_dac=0.0000 pa_joint_inv=0.2957 pa_kl=2.2275 dac_reg=0.0000 pa_reg=0.0149 gap_dac=0.0000 gap_pa=0.2571 cos_joint_pa=0.7043 cos_imp_pa=nan
[LOSS-SAT]  cls_sat=10.1062 sat_cons=0.7165 sat_cos=0.2835
[LOSS-DG]   proto=0.0000 proto_cos=nan supcon=0.0000 fishr=0.0020 sgc_res=0.0000
[LOSS-CAL]  ecc=0.0000 ecc_w=0.0000 ecc_tau=0.9500 ecc_maxp=nan
[TRAIN] tx=80.88% dom=78.39% cons_cos=0.8026
[GRAD]  total=1.739 backbone=1.000 aux=0.750 domain=0.469
[VAL]   tx=98.71% dom=93.94%
[TEST]  overall_tx=89.50% (182575/204000)
[TEST-SPLIT]
          unseen_day_seen_rx(days=['2021_03_15', '2021_03_23'], rxs=[0, 1, 2, 3, 4, 5, 6]): tx=92.82% (77970/84000)
          seen_day_unseen_rx(days=['2021_03_01', '2021_03_08'], rxs=[7, 8, 9, 10, 11]): tx=89.46% (53675/60000)
          unseen_day_unseen_rx(days=['2021_03_15', '2021_03_23'], rxs=[7, 8, 9, 10, 11]): tx=84.88% (50930/60000)
          day=2021_03_15 on seen_rxs=[0, 1, 2, 3, 4, 5, 6]: tx=94.50% (39690/42000)
          day=2021_03_23 on seen_rxs=[0, 1, 2, 3, 4, 5, 6]: tx=91.14% (38280/42000)
          rx=7 on seen_days=['2021_03_01', '2021_03_08']: tx=82.75% (9930/12000)
          rx=8 on seen_days=['2021_03_01', '2021_03_08']: tx=85.45% (10254/12000)
          rx=9 on seen_days=['2021_03_01', '2021_03_08']: tx=92.03% (11043/12000)
          rx=10 on seen_days=['2021_03_01', '2021_03_08']: tx=92.23% (11068/12000)
          rx=11 on seen_days=['2021_03_01', '2021_03_08']: tx=94.83% (11380/12000)
[BEST-JOINT]  val_tx=98.86% & test_tx=89.01% @ E060
[CKPT]  latest -> finalist_runs/C4_A2_ecc003_satmain_seed1337/latest_model.pth (saved) | best -> finalist_runs/C4_A2_ecc003_satmain_seed1337/best_model_val.pth
====================================================================================================================================
[SAT-TEST] scenario=clear_leo selected=test_unseen_day_unseen_rx overall_tx=42.64% strict_udu=42.64% (25584/60000)
[SAT-TEST] scenario=low_elev_leo selected=test_unseen_day_unseen_rx overall_tx=42.38% strict_udu=42.38% (25430/60000)
[SAT-TEST] scenario=rain_leo selected=test_unseen_day_unseen_rx overall_tx=40.74% strict_udu=40.74% (24443/60000)
[SAT-TEST] scenario=storm_mp selected=test_unseen_day_unseen_rx overall_tx=36.20% strict_udu=36.20% (21719/60000)
[SAT-TEST] scenario=mixed_orbit selected=test_unseen_day_unseen_rx overall_tx=38.30% strict_udu=38.30% (22982/60000)
[BEST-TEST] overall=89.94% @ E056 -> finalist_runs/C4_A2_ecc003_satmain_seed1337/best_model_test_overall.pth | unseen_day_unseen_rx=84.88% @ E063 -> finalist_runs/C4_A2_ecc003_satmain_seed1337/best_model_strict_udu.pth | unseen_day_seen_rx=93.84% @ E043 | seen_day_unseen_rx=90.12% @ E056
[BEST-PRIMARY] score=86.55 @ E056 -> finalist_runs/C4_A2_ecc003_satmain_seed1337/best_model_primary_ood.pth | overall=89.94% strict_udu=84.72%
[BEST-WORST-RX] worst_rx=84.14% (test_rx_7) @ E061 -> finalist_runs/C4_A2_ecc003_satmain_seed1337/best_model_worst_rx.pth
====================================================================================================================================
[Epoch 064/200] time=86.5s | lr=1.54e-04 | aux_scale=1.000
[STAGE] phase=S2_stabilize_aux | use_aux=1.0 cons=0.53 cls_aux=0.48 reg=0.62 joint_inv=0.27 kl=0.36 group_ce=0.88
[MIXSTYLE-EPOCH] phase=base enabled=1 p=0.150 strength=0.650 anneal_t=0.000
[AUG] scale=0.350 | p_dac=0.000 p_pa=0.049 p_shift=0.122 p_cfo=0.122 p_awgn=0.140 p_mp=0.063 | max_shift=11 cfo_max=0.00014 pn_max=0.0021
------------------------------------------------------------------------------------------------------------------------------------
[LOSS-CORE] total=4.4801 cls=1.8964 dom=0.5149 adv=2.6174 orth=0.0018 cons=0.1944 group_ce=3.0467
[LOSS-AUX]  cls_pa=2.2156 cls_dac=0.0000 pa_joint_inv=0.2778 pa_kl=1.9789 dac_reg=0.0000 pa_reg=0.0151 gap_dac=0.0000 gap_pa=0.2557 cos_joint_pa=0.7222 cos_imp_pa=nan
[LOSS-SAT]  cls_sat=10.1121 sat_cons=0.7284 sat_cos=0.2716
[LOSS-DG]   proto=0.0000 proto_cos=nan supcon=0.0000 fishr=0.0018 sgc_res=0.0000
[LOSS-CAL]  ecc=0.0000 ecc_w=0.0000 ecc_tau=0.9500 ecc_maxp=nan
[TRAIN] tx=84.34% dom=81.11% cons_cos=0.8056
[GRAD]  total=1.666 backbone=1.000 aux=0.750 domain=0.454
[VAL]   tx=98.74% dom=93.26%
[TEST]  overall_tx=88.83% (181223/204000)
[TEST-SPLIT]
          unseen_day_seen_rx(days=['2021_03_15', '2021_03_23'], rxs=[0, 1, 2, 3, 4, 5, 6]): tx=92.94% (78069/84000)
          seen_day_unseen_rx(days=['2021_03_01', '2021_03_08'], rxs=[7, 8, 9, 10, 11]): tx=88.60% (53162/60000)
          unseen_day_unseen_rx(days=['2021_03_15', '2021_03_23'], rxs=[7, 8, 9, 10, 11]): tx=83.32% (49992/60000)
          day=2021_03_15 on seen_rxs=[0, 1, 2, 3, 4, 5, 6]: tx=94.45% (39671/42000)
          day=2021_03_23 on seen_rxs=[0, 1, 2, 3, 4, 5, 6]: tx=91.42% (38398/42000)
          rx=7 on seen_days=['2021_03_01', '2021_03_08']: tx=79.78% (9573/12000)
          rx=8 on seen_days=['2021_03_01', '2021_03_08']: tx=83.55% (10026/12000)
          rx=9 on seen_days=['2021_03_01', '2021_03_08']: tx=91.70% (11004/12000)
          rx=10 on seen_days=['2021_03_01', '2021_03_08']: tx=91.00% (10920/12000)
          rx=11 on seen_days=['2021_03_01', '2021_03_08']: tx=96.99% (11639/12000)
[BEST-JOINT]  val_tx=98.86% & test_tx=89.01% @ E060
[CKPT]  latest -> finalist_runs/C4_A2_ecc003_satmain_seed1337/latest_model.pth (saved) | best -> finalist_runs/C4_A2_ecc003_satmain_seed1337/best_model_val.pth
====================================================================================================================================
[SAT-TEST] scenario=clear_leo selected=test_unseen_day_unseen_rx overall_tx=41.34% strict_udu=41.34% (24806/60000)
[SAT-TEST] scenario=low_elev_leo selected=test_unseen_day_unseen_rx overall_tx=41.15% strict_udu=41.15% (24692/60000)
[SAT-TEST] scenario=rain_leo selected=test_unseen_day_unseen_rx overall_tx=39.56% strict_udu=39.56% (23735/60000)
[SAT-TEST] scenario=storm_mp selected=test_unseen_day_unseen_rx overall_tx=35.09% strict_udu=35.09% (21053/60000)
[SAT-TEST] scenario=mixed_orbit selected=test_unseen_day_unseen_rx overall_tx=37.57% strict_udu=37.57% (22540/60000)
[BEST-TEST] overall=89.94% @ E056 -> finalist_runs/C4_A2_ecc003_satmain_seed1337/best_model_test_overall.pth | unseen_day_unseen_rx=84.88% @ E063 -> finalist_runs/C4_A2_ecc003_satmain_seed1337/best_model_strict_udu.pth | unseen_day_seen_rx=93.84% @ E043 | seen_day_unseen_rx=90.12% @ E056
[BEST-PRIMARY] score=86.55 @ E056 -> finalist_runs/C4_A2_ecc003_satmain_seed1337/best_model_primary_ood.pth | overall=89.94% strict_udu=84.72%
[BEST-WORST-RX] worst_rx=84.14% (test_rx_7) @ E061 -> finalist_runs/C4_A2_ecc003_satmain_seed1337/best_model_worst_rx.pth
====================================================================================================================================
[Epoch 065/200] time=87.2s | lr=1.52e-04 | aux_scale=1.000
[STAGE] phase=S2_stabilize_aux | use_aux=1.0 cons=0.54 cls_aux=0.49 reg=0.63 joint_inv=0.28 kl=0.37 group_ce=0.89
[MIXSTYLE-EPOCH] phase=base enabled=1 p=0.150 strength=0.650 anneal_t=0.000
[AUG] scale=0.350 | p_dac=0.000 p_pa=0.049 p_shift=0.122 p_cfo=0.122 p_awgn=0.140 p_mp=0.063 | max_shift=11 cfo_max=0.00014 pn_max=0.0021
------------------------------------------------------------------------------------------------------------------------------------
[LOSS-CORE] total=4.4409 cls=1.8551 dom=0.4888 adv=2.6148 orth=0.0019 cons=0.1939 group_ce=3.0870
[LOSS-AUX]  cls_pa=2.3313 cls_dac=0.0000 pa_joint_inv=0.2872 pa_kl=2.0465 dac_reg=0.0000 pa_reg=0.0153 gap_dac=0.0000 gap_pa=0.2596 cos_joint_pa=0.7128 cos_imp_pa=nan
[LOSS-SAT]  cls_sat=10.0634 sat_cons=0.7363 sat_cos=0.2637
[LOSS-DG]   proto=0.0000 proto_cos=nan supcon=0.0000 fishr=0.0017 sgc_res=0.0000
[LOSS-CAL]  ecc=0.0000 ecc_w=0.0000 ecc_tau=0.9500 ecc_maxp=nan
[TRAIN] tx=84.84% dom=82.26% cons_cos=0.8061
[GRAD]  total=1.585 backbone=1.000 aux=0.750 domain=0.459
[VAL]   tx=98.51% dom=93.97%
[TEST]  overall_tx=87.63% (178771/204000)
[TEST-SPLIT]
          unseen_day_seen_rx(days=['2021_03_15', '2021_03_23'], rxs=[0, 1, 2, 3, 4, 5, 6]): tx=91.94% (77227/84000)
          seen_day_unseen_rx(days=['2021_03_01', '2021_03_08'], rxs=[7, 8, 9, 10, 11]): tx=87.11% (52268/60000)
          unseen_day_unseen_rx(days=['2021_03_15', '2021_03_23'], rxs=[7, 8, 9, 10, 11]): tx=82.13% (49276/60000)
          day=2021_03_15 on seen_rxs=[0, 1, 2, 3, 4, 5, 6]: tx=93.33% (39200/42000)
          day=2021_03_23 on seen_rxs=[0, 1, 2, 3, 4, 5, 6]: tx=90.54% (38027/42000)
          rx=7 on seen_days=['2021_03_01', '2021_03_08']: tx=80.07% (9608/12000)
          rx=8 on seen_days=['2021_03_01', '2021_03_08']: tx=82.36% (9883/12000)
          rx=9 on seen_days=['2021_03_01', '2021_03_08']: tx=90.38% (10846/12000)
          rx=10 on seen_days=['2021_03_01', '2021_03_08']: tx=90.54% (10865/12000)
          rx=11 on seen_days=['2021_03_01', '2021_03_08']: tx=92.22% (11066/12000)
[BEST-JOINT]  val_tx=98.86% & test_tx=89.01% @ E060
[CKPT]  latest -> finalist_runs/C4_A2_ecc003_satmain_seed1337/latest_model.pth (saved) | best -> finalist_runs/C4_A2_ecc003_satmain_seed1337/best_model_val.pth
====================================================================================================================================
[SAT-TEST] scenario=clear_leo selected=test_unseen_day_unseen_rx overall_tx=41.42% strict_udu=41.42% (24855/60000)
[SAT-TEST] scenario=low_elev_leo selected=test_unseen_day_unseen_rx overall_tx=41.66% strict_udu=41.66% (24997/60000)
[SAT-TEST] scenario=rain_leo selected=test_unseen_day_unseen_rx overall_tx=40.01% strict_udu=40.01% (24004/60000)
[SAT-TEST] scenario=storm_mp selected=test_unseen_day_unseen_rx overall_tx=35.34% strict_udu=35.34% (21206/60000)
[SAT-TEST] scenario=mixed_orbit selected=test_unseen_day_unseen_rx overall_tx=37.15% strict_udu=37.15% (22288/60000)
[BEST-TEST] overall=89.94% @ E056 -> finalist_runs/C4_A2_ecc003_satmain_seed1337/best_model_test_overall.pth | unseen_day_unseen_rx=84.88% @ E063 -> finalist_runs/C4_A2_ecc003_satmain_seed1337/best_model_strict_udu.pth | unseen_day_seen_rx=93.84% @ E043 | seen_day_unseen_rx=90.12% @ E056
[BEST-PRIMARY] score=86.55 @ E056 -> finalist_runs/C4_A2_ecc003_satmain_seed1337/best_model_primary_ood.pth | overall=89.94% strict_udu=84.72%
[BEST-WORST-RX] worst_rx=84.14% (test_rx_7) @ E061 -> finalist_runs/C4_A2_ecc003_satmain_seed1337/best_model_worst_rx.pth
====================================================================================================================================
[Epoch 066/200] time=87.7s | lr=1.51e-04 | aux_scale=1.000
[STAGE] phase=S2_stabilize_aux | use_aux=1.0 cons=0.56 cls_aux=0.51 reg=0.64 joint_inv=0.28 kl=0.38 group_ce=0.89
[MIXSTYLE-EPOCH] phase=base enabled=1 p=0.150 strength=0.650 anneal_t=0.000
[AUG] scale=0.350 | p_dac=0.000 p_pa=0.049 p_shift=0.122 p_cfo=0.122 p_awgn=0.140 p_mp=0.063 | max_shift=11 cfo_max=0.00014 pn_max=0.0021
------------------------------------------------------------------------------------------------------------------------------------
[LOSS-CORE] total=5.0947 cls=2.3365 dom=0.5910 adv=2.6166 orth=0.0021 cons=0.2012 group_ce=3.6301
[LOSS-AUX]  cls_pa=2.3147 cls_dac=0.0000 pa_joint_inv=0.2882 pa_kl=2.0859 dac_reg=0.0000 pa_reg=0.0158 gap_dac=0.0000 gap_pa=0.2655 cos_joint_pa=0.7118 cos_imp_pa=nan
[LOSS-SAT]  cls_sat=10.1756 sat_cons=0.7307 sat_cos=0.2693
[LOSS-DG]   proto=0.0000 proto_cos=nan supcon=0.0000 fishr=0.0022 sgc_res=0.0000
[LOSS-CAL]  ecc=0.0000 ecc_w=0.0000 ecc_tau=0.9500 ecc_maxp=nan
[TRAIN] tx=81.00% dom=78.62% cons_cos=0.7988
[GRAD]  total=1.817 backbone=1.000 aux=0.750 domain=0.470
[VAL]   tx=98.18% dom=93.90%
[TEST]  overall_tx=86.93% (177345/204000)
[TEST-SPLIT]
          unseen_day_seen_rx(days=['2021_03_15', '2021_03_23'], rxs=[0, 1, 2, 3, 4, 5, 6]): tx=91.34% (76728/84000)
          seen_day_unseen_rx(days=['2021_03_01', '2021_03_08'], rxs=[7, 8, 9, 10, 11]): tx=86.16% (51694/60000)
          unseen_day_unseen_rx(days=['2021_03_15', '2021_03_23'], rxs=[7, 8, 9, 10, 11]): tx=81.54% (48923/60000)
          day=2021_03_15 on seen_rxs=[0, 1, 2, 3, 4, 5, 6]: tx=93.53% (39281/42000)
          day=2021_03_23 on seen_rxs=[0, 1, 2, 3, 4, 5, 6]: tx=89.16% (37447/42000)
          rx=7 on seen_days=['2021_03_01', '2021_03_08']: tx=79.76% (9571/12000)
          rx=8 on seen_days=['2021_03_01', '2021_03_08']: tx=84.89% (10187/12000)
          rx=9 on seen_days=['2021_03_01', '2021_03_08']: tx=89.53% (10744/12000)
          rx=10 on seen_days=['2021_03_01', '2021_03_08']: tx=86.20% (10344/12000)
          rx=11 on seen_days=['2021_03_01', '2021_03_08']: tx=90.40% (10848/12000)
[BEST-JOINT]  val_tx=98.86% & test_tx=89.01% @ E060
[CKPT]  latest -> finalist_runs/C4_A2_ecc003_satmain_seed1337/latest_model.pth (saved) | best -> finalist_runs/C4_A2_ecc003_satmain_seed1337/best_model_val.pth
====================================================================================================================================
[SAT-TEST] scenario=clear_leo selected=test_unseen_day_unseen_rx overall_tx=43.20% strict_udu=43.20% (25918/60000)
[SAT-TEST] scenario=low_elev_leo selected=test_unseen_day_unseen_rx overall_tx=41.45% strict_udu=41.45% (24871/60000)
[SAT-TEST] scenario=rain_leo selected=test_unseen_day_unseen_rx overall_tx=40.24% strict_udu=40.24% (24143/60000)
[SAT-TEST] scenario=storm_mp selected=test_unseen_day_unseen_rx overall_tx=34.47% strict_udu=34.47% (20682/60000)
[SAT-TEST] scenario=mixed_orbit selected=test_unseen_day_unseen_rx overall_tx=38.58% strict_udu=38.58% (23148/60000)
[BEST-TEST] overall=89.94% @ E056 -> finalist_runs/C4_A2_ecc003_satmain_seed1337/best_model_test_overall.pth | unseen_day_unseen_rx=84.88% @ E063 -> finalist_runs/C4_A2_ecc003_satmain_seed1337/best_model_strict_udu.pth | unseen_day_seen_rx=93.84% @ E043 | seen_day_unseen_rx=90.12% @ E056
[BEST-PRIMARY] score=86.55 @ E056 -> finalist_runs/C4_A2_ecc003_satmain_seed1337/best_model_primary_ood.pth | overall=89.94% strict_udu=84.72%
[BEST-WORST-RX] worst_rx=84.14% (test_rx_7) @ E061 -> finalist_runs/C4_A2_ecc003_satmain_seed1337/best_model_worst_rx.pth
====================================================================================================================================
[Epoch 067/200] time=86.4s | lr=1.50e-04 | aux_scale=1.000
[STAGE] phase=S2_stabilize_aux | use_aux=1.0 cons=0.57 cls_aux=0.52 reg=0.65 joint_inv=0.28 kl=0.39 group_ce=0.90
[MIXSTYLE-EPOCH] phase=base enabled=1 p=0.150 strength=0.650 anneal_t=0.000
[AUG] scale=0.350 | p_dac=0.000 p_pa=0.049 p_shift=0.122 p_cfo=0.122 p_awgn=0.140 p_mp=0.063 | max_shift=11 cfo_max=0.00014 pn_max=0.0021
------------------------------------------------------------------------------------------------------------------------------------
[LOSS-CORE] total=4.6789 cls=2.0483 dom=0.5154 adv=2.6145 orth=0.0018 cons=0.2123 group_ce=3.3045
[LOSS-AUX]  cls_pa=2.1200 cls_dac=0.0000 pa_joint_inv=0.2756 pa_kl=1.8919 dac_reg=0.0000 pa_reg=0.0150 gap_dac=0.0000 gap_pa=0.2584 cos_joint_pa=0.7244 cos_imp_pa=nan
[LOSS-SAT]  cls_sat=9.8334 sat_cons=0.7181 sat_cos=0.2819
[LOSS-DG]   proto=0.0000 proto_cos=nan supcon=0.0000 fishr=0.0019 sgc_res=0.0000
[LOSS-CAL]  ecc=0.0000 ecc_w=0.0000 ecc_tau=0.9500 ecc_maxp=nan
[TRAIN] tx=83.08% dom=80.84% cons_cos=0.7877
[GRAD]  total=1.618 backbone=1.000 aux=0.750 domain=0.454
[VAL]   tx=98.75% dom=94.18%
[TEST]  overall_tx=88.34% (180223/204000)
[TEST-SPLIT]
          unseen_day_seen_rx(days=['2021_03_15', '2021_03_23'], rxs=[0, 1, 2, 3, 4, 5, 6]): tx=93.17% (78259/84000)
          seen_day_unseen_rx(days=['2021_03_01', '2021_03_08'], rxs=[7, 8, 9, 10, 11]): tx=87.44% (52463/60000)
          unseen_day_unseen_rx(days=['2021_03_15', '2021_03_23'], rxs=[7, 8, 9, 10, 11]): tx=82.50% (49501/60000)
          day=2021_03_15 on seen_rxs=[0, 1, 2, 3, 4, 5, 6]: tx=93.69% (39349/42000)
          day=2021_03_23 on seen_rxs=[0, 1, 2, 3, 4, 5, 6]: tx=92.64% (38910/42000)
          rx=7 on seen_days=['2021_03_01', '2021_03_08']: tx=80.66% (9679/12000)
          rx=8 on seen_days=['2021_03_01', '2021_03_08']: tx=80.76% (9691/12000)
          rx=9 on seen_days=['2021_03_01', '2021_03_08']: tx=90.31% (10837/12000)
          rx=10 on seen_days=['2021_03_01', '2021_03_08']: tx=91.17% (10940/12000)
          rx=11 on seen_days=['2021_03_01', '2021_03_08']: tx=94.30% (11316/12000)
[BEST-JOINT]  val_tx=98.86% & test_tx=89.01% @ E060
[CKPT]  latest -> finalist_runs/C4_A2_ecc003_satmain_seed1337/latest_model.pth (saved) | best -> finalist_runs/C4_A2_ecc003_satmain_seed1337/best_model_val.pth
====================================================================================================================================
[SAT-TEST] scenario=clear_leo selected=test_unseen_day_unseen_rx overall_tx=39.95% strict_udu=39.95% (23969/60000)
[SAT-TEST] scenario=low_elev_leo selected=test_unseen_day_unseen_rx overall_tx=39.65% strict_udu=39.65% (23792/60000)
[SAT-TEST] scenario=rain_leo selected=test_unseen_day_unseen_rx overall_tx=38.22% strict_udu=38.22% (22934/60000)
[SAT-TEST] scenario=storm_mp selected=test_unseen_day_unseen_rx overall_tx=34.91% strict_udu=34.91% (20943/60000)
[SAT-TEST] scenario=mixed_orbit selected=test_unseen_day_unseen_rx overall_tx=37.49% strict_udu=37.49% (22493/60000)
[BEST-TEST] overall=89.94% @ E056 -> finalist_runs/C4_A2_ecc003_satmain_seed1337/best_model_test_overall.pth | unseen_day_unseen_rx=84.88% @ E063 -> finalist_runs/C4_A2_ecc003_satmain_seed1337/best_model_strict_udu.pth | unseen_day_seen_rx=93.84% @ E043 | seen_day_unseen_rx=90.12% @ E056
[BEST-PRIMARY] score=86.55 @ E056 -> finalist_runs/C4_A2_ecc003_satmain_seed1337/best_model_primary_ood.pth | overall=89.94% strict_udu=84.72%
[BEST-WORST-RX] worst_rx=84.14% (test_rx_7) @ E061 -> finalist_runs/C4_A2_ecc003_satmain_seed1337/best_model_worst_rx.pth
====================================================================================================================================
[Epoch 068/200] time=87.3s | lr=1.48e-04 | aux_scale=1.000
[STAGE] phase=S2_stabilize_aux | use_aux=1.0 cons=0.58 cls_aux=0.53 reg=0.66 joint_inv=0.29 kl=0.39 group_ce=0.91
[MIXSTYLE-EPOCH] phase=base enabled=1 p=0.150 strength=0.650 anneal_t=0.000
[AUG] scale=0.350 | p_dac=0.000 p_pa=0.049 p_shift=0.122 p_cfo=0.122 p_awgn=0.140 p_mp=0.063 | max_shift=11 cfo_max=0.00014 pn_max=0.0021
------------------------------------------------------------------------------------------------------------------------------------
[LOSS-CORE] total=4.5099 cls=1.8844 dom=0.5083 adv=2.6152 orth=0.0020 cons=0.1962 group_ce=3.0644
[LOSS-AUX]  cls_pa=2.0686 cls_dac=0.0000 pa_joint_inv=0.2739 pa_kl=1.8657 dac_reg=0.0000 pa_reg=0.0150 gap_dac=0.0000 gap_pa=0.2656 cos_joint_pa=0.7261 cos_imp_pa=nan
[LOSS-SAT]  cls_sat=10.0976 sat_cons=0.7340 sat_cos=0.2660
[LOSS-DG]   proto=0.0000 proto_cos=nan supcon=0.0000 fishr=0.0018 sgc_res=0.0000
[LOSS-CAL]  ecc=0.0000 ecc_w=0.0000 ecc_tau=0.9500 ecc_maxp=nan
[TRAIN] tx=84.25% dom=81.45% cons_cos=0.8038
[GRAD]  total=1.660 backbone=1.000 aux=0.750 domain=0.452
[VAL]   tx=98.85% dom=93.51%
[TEST]  overall_tx=88.49% (180513/204000)
[TEST-SPLIT]
          unseen_day_seen_rx(days=['2021_03_15', '2021_03_23'], rxs=[0, 1, 2, 3, 4, 5, 6]): tx=92.61% (77791/84000)
          seen_day_unseen_rx(days=['2021_03_01', '2021_03_08'], rxs=[7, 8, 9, 10, 11]): tx=87.89% (52733/60000)
          unseen_day_unseen_rx(days=['2021_03_15', '2021_03_23'], rxs=[7, 8, 9, 10, 11]): tx=83.31% (49989/60000)
          day=2021_03_15 on seen_rxs=[0, 1, 2, 3, 4, 5, 6]: tx=94.58% (39723/42000)
          day=2021_03_23 on seen_rxs=[0, 1, 2, 3, 4, 5, 6]: tx=90.64% (38068/42000)
          rx=7 on seen_days=['2021_03_01', '2021_03_08']: tx=80.03% (9604/12000)
          rx=8 on seen_days=['2021_03_01', '2021_03_08']: tx=83.00% (9960/12000)
          rx=9 on seen_days=['2021_03_01', '2021_03_08']: tx=92.33% (11080/12000)
          rx=10 on seen_days=['2021_03_01', '2021_03_08']: tx=87.31% (10477/12000)
          rx=11 on seen_days=['2021_03_01', '2021_03_08']: tx=96.77% (11612/12000)
[BEST-JOINT]  val_tx=98.86% & test_tx=89.01% @ E060
[CKPT]  latest -> finalist_runs/C4_A2_ecc003_satmain_seed1337/latest_model.pth (saved) | best -> finalist_runs/C4_A2_ecc003_satmain_seed1337/best_model_val.pth
====================================================================================================================================
[SAT-TEST] scenario=clear_leo selected=test_unseen_day_unseen_rx overall_tx=42.92% strict_udu=42.92% (25752/60000)
[SAT-TEST] scenario=low_elev_leo selected=test_unseen_day_unseen_rx overall_tx=42.17% strict_udu=42.17% (25300/60000)
[SAT-TEST] scenario=rain_leo selected=test_unseen_day_unseen_rx overall_tx=40.79% strict_udu=40.79% (24473/60000)
[SAT-TEST] scenario=storm_mp selected=test_unseen_day_unseen_rx overall_tx=36.25% strict_udu=36.25% (21749/60000)
[SAT-TEST] scenario=mixed_orbit selected=test_unseen_day_unseen_rx overall_tx=38.44% strict_udu=38.44% (23065/60000)
[BEST-TEST] overall=89.94% @ E056 -> finalist_runs/C4_A2_ecc003_satmain_seed1337/best_model_test_overall.pth | unseen_day_unseen_rx=84.88% @ E063 -> finalist_runs/C4_A2_ecc003_satmain_seed1337/best_model_strict_udu.pth | unseen_day_seen_rx=93.84% @ E043 | seen_day_unseen_rx=90.12% @ E056
[BEST-PRIMARY] score=86.55 @ E056 -> finalist_runs/C4_A2_ecc003_satmain_seed1337/best_model_primary_ood.pth | overall=89.94% strict_udu=84.72%
[BEST-WORST-RX] worst_rx=84.14% (test_rx_7) @ E061 -> finalist_runs/C4_A2_ecc003_satmain_seed1337/best_model_worst_rx.pth
====================================================================================================================================
[Epoch 069/200] time=87.8s | lr=1.47e-04 | aux_scale=1.000
[STAGE] phase=S2_stabilize_aux | use_aux=1.0 cons=0.60 cls_aux=0.55 reg=0.67 joint_inv=0.29 kl=0.40 group_ce=0.92
[MIXSTYLE-EPOCH] phase=base enabled=1 p=0.150 strength=0.650 anneal_t=0.000
[AUG] scale=0.350 | p_dac=0.000 p_pa=0.049 p_shift=0.122 p_cfo=0.122 p_awgn=0.140 p_mp=0.063 | max_shift=11 cfo_max=0.00014 pn_max=0.0021
------------------------------------------------------------------------------------------------------------------------------------
[LOSS-CORE] total=4.2263 cls=1.6573 dom=0.4562 adv=2.6160 orth=0.0020 cons=0.1853 group_ce=2.8107
[LOSS-AUX]  cls_pa=2.2267 cls_dac=0.0000 pa_joint_inv=0.2902 pa_kl=2.0134 dac_reg=0.0000 pa_reg=0.0148 gap_dac=0.0000 gap_pa=0.2645 cos_joint_pa=0.7098 cos_imp_pa=nan
[LOSS-SAT]  cls_sat=9.7727 sat_cons=0.7370 sat_cos=0.2630
[LOSS-DG]   proto=0.0000 proto_cos=nan supcon=0.0000 fishr=0.0014 sgc_res=0.0000
[LOSS-CAL]  ecc=0.0000 ecc_w=0.0000 ecc_tau=0.9500 ecc_maxp=nan
[TRAIN] tx=87.10% dom=83.29% cons_cos=0.8147
[GRAD]  total=1.661 backbone=1.000 aux=0.750 domain=0.463
[VAL]   tx=98.88% dom=94.34%
[TEST]  overall_tx=88.56% (180663/204000)
[TEST-SPLIT]
          unseen_day_seen_rx(days=['2021_03_15', '2021_03_23'], rxs=[0, 1, 2, 3, 4, 5, 6]): tx=92.50% (77696/84000)
          seen_day_unseen_rx(days=['2021_03_01', '2021_03_08'], rxs=[7, 8, 9, 10, 11]): tx=88.82% (53292/60000)
          unseen_day_unseen_rx(days=['2021_03_15', '2021_03_23'], rxs=[7, 8, 9, 10, 11]): tx=82.79% (49675/60000)
          day=2021_03_15 on seen_rxs=[0, 1, 2, 3, 4, 5, 6]: tx=94.13% (39535/42000)
          day=2021_03_23 on seen_rxs=[0, 1, 2, 3, 4, 5, 6]: tx=90.86% (38161/42000)
          rx=7 on seen_days=['2021_03_01', '2021_03_08']: tx=83.17% (9980/12000)
          rx=8 on seen_days=['2021_03_01', '2021_03_08']: tx=82.85% (9942/12000)
          rx=9 on seen_days=['2021_03_01', '2021_03_08']: tx=91.84% (11021/12000)
          rx=10 on seen_days=['2021_03_01', '2021_03_08']: tx=90.72% (10886/12000)
          rx=11 on seen_days=['2021_03_01', '2021_03_08']: tx=95.53% (11463/12000)
[BEST-JOINT]  val_tx=98.88% & test_tx=88.56% @ E069
[CKPT]  latest -> finalist_runs/C4_A2_ecc003_satmain_seed1337/latest_model.pth (saved) | best -> finalist_runs/C4_A2_ecc003_satmain_seed1337/best_model_val.pth (updated: val improved)
====================================================================================================================================
[SAT-TEST] scenario=clear_leo selected=test_unseen_day_unseen_rx overall_tx=41.17% strict_udu=41.17% (24704/60000)
[SAT-TEST] scenario=low_elev_leo selected=test_unseen_day_unseen_rx overall_tx=39.58% strict_udu=39.58% (23748/60000)
[SAT-TEST] scenario=rain_leo selected=test_unseen_day_unseen_rx overall_tx=38.42% strict_udu=38.42% (23054/60000)
[SAT-TEST] scenario=storm_mp selected=test_unseen_day_unseen_rx overall_tx=34.18% strict_udu=34.18% (20508/60000)
[SAT-TEST] scenario=mixed_orbit selected=test_unseen_day_unseen_rx overall_tx=36.63% strict_udu=36.63% (21980/60000)
[BEST-TEST] overall=89.94% @ E056 -> finalist_runs/C4_A2_ecc003_satmain_seed1337/best_model_test_overall.pth | unseen_day_unseen_rx=84.88% @ E063 -> finalist_runs/C4_A2_ecc003_satmain_seed1337/best_model_strict_udu.pth | unseen_day_seen_rx=93.84% @ E043 | seen_day_unseen_rx=90.12% @ E056
[BEST-PRIMARY] score=86.55 @ E056 -> finalist_runs/C4_A2_ecc003_satmain_seed1337/best_model_primary_ood.pth | overall=89.94% strict_udu=84.72%
[BEST-WORST-RX] worst_rx=84.14% (test_rx_7) @ E061 -> finalist_runs/C4_A2_ecc003_satmain_seed1337/best_model_worst_rx.pth
====================================================================================================================================
[Epoch 070/200] time=86.7s | lr=1.46e-04 | aux_scale=1.000
[STAGE] phase=S2_stabilize_aux | use_aux=1.0 cons=0.61 cls_aux=0.56 reg=0.68 joint_inv=0.30 kl=0.41 group_ce=0.92
[MIXSTYLE-EPOCH] phase=base enabled=1 p=0.150 strength=0.650 anneal_t=0.000
[AUG] scale=0.350 | p_dac=0.000 p_pa=0.049 p_shift=0.122 p_cfo=0.122 p_awgn=0.140 p_mp=0.063 | max_shift=11 cfo_max=0.00014 pn_max=0.0021
------------------------------------------------------------------------------------------------------------------------------------
[LOSS-CORE] total=4.4660 cls=1.8399 dom=0.4891 adv=2.6175 orth=0.0021 cons=0.1943 group_ce=2.8974
[LOSS-AUX]  cls_pa=2.1279 cls_dac=0.0000 pa_joint_inv=0.2777 pa_kl=1.9218 dac_reg=0.0000 pa_reg=0.0147 gap_dac=0.0000 gap_pa=0.2673 cos_joint_pa=0.7223 cos_imp_pa=nan
[LOSS-SAT]  cls_sat=9.9761 sat_cons=0.7419 sat_cos=0.2581
[LOSS-DG]   proto=0.0000 proto_cos=nan supcon=0.0000 fishr=0.0016 sgc_res=0.0000
[LOSS-CAL]  ecc=0.0000 ecc_w=0.0000 ecc_tau=0.9500 ecc_maxp=nan
[TRAIN] tx=84.81% dom=82.20% cons_cos=0.8056
[GRAD]  total=1.677 backbone=1.000 aux=0.750 domain=0.451
[VAL]   tx=98.76% dom=94.39%
[TEST]  overall_tx=88.11% (179752/204000)
[TEST-SPLIT]
          unseen_day_seen_rx(days=['2021_03_15', '2021_03_23'], rxs=[0, 1, 2, 3, 4, 5, 6]): tx=92.55% (77743/84000)
          seen_day_unseen_rx(days=['2021_03_01', '2021_03_08'], rxs=[7, 8, 9, 10, 11]): tx=87.99% (52795/60000)
          unseen_day_unseen_rx(days=['2021_03_15', '2021_03_23'], rxs=[7, 8, 9, 10, 11]): tx=82.02% (49214/60000)
          day=2021_03_15 on seen_rxs=[0, 1, 2, 3, 4, 5, 6]: tx=93.74% (39371/42000)
          day=2021_03_23 on seen_rxs=[0, 1, 2, 3, 4, 5, 6]: tx=91.36% (38372/42000)
          rx=7 on seen_days=['2021_03_01', '2021_03_08']: tx=82.21% (9865/12000)
          rx=8 on seen_days=['2021_03_01', '2021_03_08']: tx=81.16% (9739/12000)
          rx=9 on seen_days=['2021_03_01', '2021_03_08']: tx=90.58% (10869/12000)
          rx=10 on seen_days=['2021_03_01', '2021_03_08']: tx=92.41% (11089/12000)
          rx=11 on seen_days=['2021_03_01', '2021_03_08']: tx=93.61% (11233/12000)
[BEST-JOINT]  val_tx=98.88% & test_tx=88.56% @ E069
[CKPT]  latest -> finalist_runs/C4_A2_ecc003_satmain_seed1337/latest_model.pth (saved) | best -> finalist_runs/C4_A2_ecc003_satmain_seed1337/best_model_val.pth
====================================================================================================================================
[SAT-TEST] scenario=clear_leo selected=test_unseen_day_unseen_rx overall_tx=41.60% strict_udu=41.60% (24962/60000)
[SAT-TEST] scenario=low_elev_leo selected=test_unseen_day_unseen_rx overall_tx=41.53% strict_udu=41.53% (24919/60000)
[SAT-TEST] scenario=rain_leo selected=test_unseen_day_unseen_rx overall_tx=39.80% strict_udu=39.80% (23880/60000)
[SAT-TEST] scenario=storm_mp selected=test_unseen_day_unseen_rx overall_tx=35.23% strict_udu=35.23% (21137/60000)
[SAT-TEST] scenario=mixed_orbit selected=test_unseen_day_unseen_rx overall_tx=37.56% strict_udu=37.56% (22534/60000)
[BEST-TEST] overall=89.94% @ E056 -> finalist_runs/C4_A2_ecc003_satmain_seed1337/best_model_test_overall.pth | unseen_day_unseen_rx=84.88% @ E063 -> finalist_runs/C4_A2_ecc003_satmain_seed1337/best_model_strict_udu.pth | unseen_day_seen_rx=93.84% @ E043 | seen_day_unseen_rx=90.12% @ E056
[BEST-PRIMARY] score=86.55 @ E056 -> finalist_runs/C4_A2_ecc003_satmain_seed1337/best_model_primary_ood.pth | overall=89.94% strict_udu=84.72%
[BEST-WORST-RX] worst_rx=84.14% (test_rx_7) @ E061 -> finalist_runs/C4_A2_ecc003_satmain_seed1337/best_model_worst_rx.pth
====================================================================================================================================
[Epoch 071/200] time=86.7s | lr=1.44e-04 | aux_scale=1.000
[STAGE] phase=S2_stabilize_aux | use_aux=1.0 cons=0.62 cls_aux=0.57 reg=0.70 joint_inv=0.30 kl=0.42 group_ce=0.93
[MIXSTYLE-EPOCH] phase=base enabled=1 p=0.150 strength=0.650 anneal_t=0.000
[AUG] scale=0.350 | p_dac=0.000 p_pa=0.049 p_shift=0.122 p_cfo=0.122 p_awgn=0.140 p_mp=0.063 | max_shift=11 cfo_max=0.00014 pn_max=0.0021
------------------------------------------------------------------------------------------------------------------------------------
[LOSS-CORE] total=4.2092 cls=1.6225 dom=0.4630 adv=2.6150 orth=0.0019 cons=0.1873 group_ce=2.7570
[LOSS-AUX]  cls_pa=2.0337 cls_dac=0.0000 pa_joint_inv=0.2658 pa_kl=1.8258 dac_reg=0.0000 pa_reg=0.0148 gap_dac=0.0000 gap_pa=0.2603 cos_joint_pa=0.7342 cos_imp_pa=nan
[LOSS-SAT]  cls_sat=9.8969 sat_cons=0.7327 sat_cos=0.2673
[LOSS-DG]   proto=0.0000 proto_cos=nan supcon=0.0000 fishr=0.0016 sgc_res=0.0000
[LOSS-CAL]  ecc=0.0000 ecc_w=0.0000 ecc_tau=0.9500 ecc_maxp=nan
[TRAIN] tx=86.66% dom=82.67% cons_cos=0.8127
[GRAD]  total=1.739 backbone=1.000 aux=0.750 domain=0.447
[VAL]   tx=98.93% dom=94.28%
[TEST]  overall_tx=88.64% (180822/204000)
[TEST-SPLIT]
          unseen_day_seen_rx(days=['2021_03_15', '2021_03_23'], rxs=[0, 1, 2, 3, 4, 5, 6]): tx=92.59% (77777/84000)
          seen_day_unseen_rx(days=['2021_03_01', '2021_03_08'], rxs=[7, 8, 9, 10, 11]): tx=87.99% (52794/60000)
          unseen_day_unseen_rx(days=['2021_03_15', '2021_03_23'], rxs=[7, 8, 9, 10, 11]): tx=83.75% (50251/60000)
          day=2021_03_15 on seen_rxs=[0, 1, 2, 3, 4, 5, 6]: tx=94.20% (39564/42000)
          day=2021_03_23 on seen_rxs=[0, 1, 2, 3, 4, 5, 6]: tx=90.98% (38213/42000)
          rx=7 on seen_days=['2021_03_01', '2021_03_08']: tx=78.85% (9462/12000)
          rx=8 on seen_days=['2021_03_01', '2021_03_08']: tx=83.80% (10056/12000)
          rx=9 on seen_days=['2021_03_01', '2021_03_08']: tx=92.59% (11111/12000)
          rx=10 on seen_days=['2021_03_01', '2021_03_08']: tx=89.72% (10766/12000)
          rx=11 on seen_days=['2021_03_01', '2021_03_08']: tx=94.99% (11399/12000)
[BEST-JOINT]  val_tx=98.93% & test_tx=88.64% @ E071
[CKPT]  latest -> finalist_runs/C4_A2_ecc003_satmain_seed1337/latest_model.pth (saved) | best -> finalist_runs/C4_A2_ecc003_satmain_seed1337/best_model_val.pth (updated: val improved)
====================================================================================================================================
[SAT-TEST] scenario=clear_leo selected=test_unseen_day_unseen_rx overall_tx=42.52% strict_udu=42.52% (25510/60000)
[SAT-TEST] scenario=low_elev_leo selected=test_unseen_day_unseen_rx overall_tx=41.48% strict_udu=41.48% (24888/60000)
[SAT-TEST] scenario=rain_leo selected=test_unseen_day_unseen_rx overall_tx=39.75% strict_udu=39.75% (23851/60000)
[SAT-TEST] scenario=storm_mp selected=test_unseen_day_unseen_rx overall_tx=35.41% strict_udu=35.41% (21245/60000)
[SAT-TEST] scenario=mixed_orbit selected=test_unseen_day_unseen_rx overall_tx=38.04% strict_udu=38.04% (22823/60000)
[BEST-TEST] overall=89.94% @ E056 -> finalist_runs/C4_A2_ecc003_satmain_seed1337/best_model_test_overall.pth | unseen_day_unseen_rx=84.88% @ E063 -> finalist_runs/C4_A2_ecc003_satmain_seed1337/best_model_strict_udu.pth | unseen_day_seen_rx=93.84% @ E043 | seen_day_unseen_rx=90.12% @ E056
[BEST-PRIMARY] score=86.55 @ E056 -> finalist_runs/C4_A2_ecc003_satmain_seed1337/best_model_primary_ood.pth | overall=89.94% strict_udu=84.72%
[BEST-WORST-RX] worst_rx=84.14% (test_rx_7) @ E061 -> finalist_runs/C4_A2_ecc003_satmain_seed1337/best_model_worst_rx.pth
====================================================================================================================================
[Epoch 072/200] time=86.8s | lr=1.43e-04 | aux_scale=1.000
[STAGE] phase=S2_stabilize_aux | use_aux=1.0 cons=0.64 cls_aux=0.59 reg=0.71 joint_inv=0.31 kl=0.43 group_ce=0.94
[MIXSTYLE-EPOCH] phase=base enabled=1 p=0.150 strength=0.650 anneal_t=0.000
[AUG] scale=0.350 | p_dac=0.000 p_pa=0.049 p_shift=0.122 p_cfo=0.122 p_awgn=0.140 p_mp=0.063 | max_shift=11 cfo_max=0.00014 pn_max=0.0021
------------------------------------------------------------------------------------------------------------------------------------
[LOSS-CORE] total=4.9213 cls=2.1689 dom=0.5574 adv=2.6214 orth=0.0019 cons=0.2058 group_ce=3.3899
[LOSS-AUX]  cls_pa=1.9921 cls_dac=0.0000 pa_joint_inv=0.2604 pa_kl=1.7870 dac_reg=0.0000 pa_reg=0.0148 gap_dac=0.0000 gap_pa=0.2566 cos_joint_pa=0.7396 cos_imp_pa=nan
[LOSS-SAT]  cls_sat=9.8417 sat_cons=0.7101 sat_cos=0.2899
[LOSS-DG]   proto=0.0000 proto_cos=nan supcon=0.0000 fishr=0.0020 sgc_res=0.0000
[LOSS-CAL]  ecc=0.0000 ecc_w=0.0000 ecc_tau=0.9500 ecc_maxp=nan
[TRAIN] tx=82.21% dom=80.13% cons_cos=0.7942
[GRAD]  total=1.803 backbone=1.000 aux=0.750 domain=0.454
[VAL]   tx=98.91% dom=94.21%
[TEST]  overall_tx=88.46% (180451/204000)
[TEST-SPLIT]
          unseen_day_seen_rx(days=['2021_03_15', '2021_03_23'], rxs=[0, 1, 2, 3, 4, 5, 6]): tx=92.42% (77637/84000)
          seen_day_unseen_rx(days=['2021_03_01', '2021_03_08'], rxs=[7, 8, 9, 10, 11]): tx=88.45% (53071/60000)
          unseen_day_unseen_rx(days=['2021_03_15', '2021_03_23'], rxs=[7, 8, 9, 10, 11]): tx=82.91% (49743/60000)
          day=2021_03_15 on seen_rxs=[0, 1, 2, 3, 4, 5, 6]: tx=94.19% (39558/42000)
          day=2021_03_23 on seen_rxs=[0, 1, 2, 3, 4, 5, 6]: tx=90.66% (38079/42000)
          rx=7 on seen_days=['2021_03_01', '2021_03_08']: tx=80.58% (9670/12000)
          rx=8 on seen_days=['2021_03_01', '2021_03_08']: tx=81.80% (9816/12000)
          rx=9 on seen_days=['2021_03_01', '2021_03_08']: tx=92.84% (11141/12000)
          rx=10 on seen_days=['2021_03_01', '2021_03_08']: tx=92.38% (11085/12000)
          rx=11 on seen_days=['2021_03_01', '2021_03_08']: tx=94.66% (11359/12000)
[BEST-JOINT]  val_tx=98.93% & test_tx=88.64% @ E071
[CKPT]  latest -> finalist_runs/C4_A2_ecc003_satmain_seed1337/latest_model.pth (saved) | best -> finalist_runs/C4_A2_ecc003_satmain_seed1337/best_model_val.pth
====================================================================================================================================
[SAT-TEST] scenario=clear_leo selected=test_unseen_day_unseen_rx overall_tx=41.85% strict_udu=41.85% (25112/60000)
[SAT-TEST] scenario=low_elev_leo selected=test_unseen_day_unseen_rx overall_tx=41.39% strict_udu=41.39% (24835/60000)
[SAT-TEST] scenario=rain_leo selected=test_unseen_day_unseen_rx overall_tx=39.78% strict_udu=39.78% (23866/60000)
[SAT-TEST] scenario=storm_mp selected=test_unseen_day_unseen_rx overall_tx=35.61% strict_udu=35.61% (21364/60000)
[SAT-TEST] scenario=mixed_orbit selected=test_unseen_day_unseen_rx overall_tx=36.85% strict_udu=36.85% (22109/60000)
[BEST-TEST] overall=89.94% @ E056 -> finalist_runs/C4_A2_ecc003_satmain_seed1337/best_model_test_overall.pth | unseen_day_unseen_rx=84.88% @ E063 -> finalist_runs/C4_A2_ecc003_satmain_seed1337/best_model_strict_udu.pth | unseen_day_seen_rx=93.84% @ E043 | seen_day_unseen_rx=90.12% @ E056
[BEST-PRIMARY] score=86.55 @ E056 -> finalist_runs/C4_A2_ecc003_satmain_seed1337/best_model_primary_ood.pth | overall=89.94% strict_udu=84.72%
[BEST-WORST-RX] worst_rx=84.14% (test_rx_7) @ E061 -> finalist_runs/C4_A2_ecc003_satmain_seed1337/best_model_worst_rx.pth
====================================================================================================================================
[Epoch 073/200] time=86.2s | lr=1.41e-04 | aux_scale=1.000
[STAGE] phase=S2_stabilize_aux | use_aux=1.0 cons=0.65 cls_aux=0.60 reg=0.72 joint_inv=0.31 kl=0.44 group_ce=0.94
[MIXSTYLE-EPOCH] phase=base enabled=1 p=0.150 strength=0.650 anneal_t=0.000
[AUG] scale=0.350 | p_dac=0.000 p_pa=0.049 p_shift=0.122 p_cfo=0.122 p_awgn=0.140 p_mp=0.063 | max_shift=11 cfo_max=0.00014 pn_max=0.0021
------------------------------------------------------------------------------------------------------------------------------------
[LOSS-CORE] total=5.0712 cls=2.2903 dom=0.5565 adv=2.6176 orth=0.0021 cons=0.2102 group_ce=3.5087
[LOSS-AUX]  cls_pa=1.9610 cls_dac=0.0000 pa_joint_inv=0.2641 pa_kl=1.7586 dac_reg=0.0000 pa_reg=0.0149 gap_dac=0.0000 gap_pa=0.2661 cos_joint_pa=0.7359 cos_imp_pa=nan
[LOSS-SAT]  cls_sat=9.9528 sat_cons=0.7315 sat_cos=0.2685
[LOSS-DG]   proto=0.0000 proto_cos=nan supcon=0.0000 fishr=0.0020 sgc_res=0.0000
[LOSS-CAL]  ecc=0.0000 ecc_w=0.0000 ecc_tau=0.9500 ecc_maxp=nan
[TRAIN] tx=81.36% dom=79.35% cons_cos=0.7898
[GRAD]  total=1.598 backbone=1.000 aux=0.750 domain=0.467
[VAL]   tx=98.77% dom=94.33%
[TEST]  overall_tx=88.99% (181537/204000)
[TEST-SPLIT]
          unseen_day_seen_rx(days=['2021_03_15', '2021_03_23'], rxs=[0, 1, 2, 3, 4, 5, 6]): tx=92.63% (77810/84000)
          seen_day_unseen_rx(days=['2021_03_01', '2021_03_08'], rxs=[7, 8, 9, 10, 11]): tx=88.92% (53351/60000)
          unseen_day_unseen_rx(days=['2021_03_15', '2021_03_23'], rxs=[7, 8, 9, 10, 11]): tx=83.96% (50376/60000)
          day=2021_03_15 on seen_rxs=[0, 1, 2, 3, 4, 5, 6]: tx=94.43% (39659/42000)
          day=2021_03_23 on seen_rxs=[0, 1, 2, 3, 4, 5, 6]: tx=90.84% (38151/42000)
          rx=7 on seen_days=['2021_03_01', '2021_03_08']: tx=83.28% (9994/12000)
          rx=8 on seen_days=['2021_03_01', '2021_03_08']: tx=84.62% (10154/12000)
          rx=9 on seen_days=['2021_03_01', '2021_03_08']: tx=90.88% (10906/12000)
          rx=10 on seen_days=['2021_03_01', '2021_03_08']: tx=93.02% (11162/12000)
          rx=11 on seen_days=['2021_03_01', '2021_03_08']: tx=92.79% (11135/12000)
[BEST-JOINT]  val_tx=98.93% & test_tx=88.64% @ E071
[CKPT]  latest -> finalist_runs/C4_A2_ecc003_satmain_seed1337/latest_model.pth (saved) | best -> finalist_runs/C4_A2_ecc003_satmain_seed1337/best_model_val.pth
====================================================================================================================================
[SAT-TEST] scenario=clear_leo selected=test_unseen_day_unseen_rx overall_tx=42.78% strict_udu=42.78% (25668/60000)
[SAT-TEST] scenario=low_elev_leo selected=test_unseen_day_unseen_rx overall_tx=42.55% strict_udu=42.55% (25530/60000)
[SAT-TEST] scenario=rain_leo selected=test_unseen_day_unseen_rx overall_tx=40.68% strict_udu=40.68% (24407/60000)
[SAT-TEST] scenario=storm_mp selected=test_unseen_day_unseen_rx overall_tx=36.35% strict_udu=36.35% (21808/60000)
[SAT-TEST] scenario=mixed_orbit selected=test_unseen_day_unseen_rx overall_tx=38.27% strict_udu=38.27% (22965/60000)
[BEST-TEST] overall=89.94% @ E056 -> finalist_runs/C4_A2_ecc003_satmain_seed1337/best_model_test_overall.pth | unseen_day_unseen_rx=84.88% @ E063 -> finalist_runs/C4_A2_ecc003_satmain_seed1337/best_model_strict_udu.pth | unseen_day_seen_rx=93.84% @ E043 | seen_day_unseen_rx=90.12% @ E056
[BEST-PRIMARY] score=86.55 @ E056 -> finalist_runs/C4_A2_ecc003_satmain_seed1337/best_model_primary_ood.pth | overall=89.94% strict_udu=84.72%
[BEST-WORST-RX] worst_rx=84.14% (test_rx_7) @ E061 -> finalist_runs/C4_A2_ecc003_satmain_seed1337/best_model_worst_rx.pth
====================================================================================================================================
[Epoch 074/200] time=86.5s | lr=1.40e-04 | aux_scale=1.000
[STAGE] phase=S2_stabilize_aux | use_aux=1.0 cons=0.66 cls_aux=0.61 reg=0.73 joint_inv=0.32 kl=0.44 group_ce=0.95
[MIXSTYLE-EPOCH] phase=base enabled=1 p=0.150 strength=0.650 anneal_t=0.000
[AUG] scale=0.350 | p_dac=0.000 p_pa=0.049 p_shift=0.122 p_cfo=0.122 p_awgn=0.140 p_mp=0.063 | max_shift=11 cfo_max=0.00014 pn_max=0.0021
------------------------------------------------------------------------------------------------------------------------------------
[LOSS-CORE] total=4.1372 cls=1.5473 dom=0.4382 adv=2.6180 orth=0.0022 cons=0.1829 group_ce=2.6826
[LOSS-AUX]  cls_pa=1.9204 cls_dac=0.0000 pa_joint_inv=0.2617 pa_kl=1.7206 dac_reg=0.0000 pa_reg=0.0146 gap_dac=0.0000 gap_pa=0.2621 cos_joint_pa=0.7383 cos_imp_pa=nan
[LOSS-SAT]  cls_sat=9.8548 sat_cons=0.7282 sat_cos=0.2718
[LOSS-DG]   proto=0.0000 proto_cos=nan supcon=0.0000 fishr=0.0015 sgc_res=0.0000
[LOSS-CAL]  ecc=0.0000 ecc_w=0.0000 ecc_tau=0.9500 ecc_maxp=nan
[TRAIN] tx=87.63% dom=83.91% cons_cos=0.8171
[GRAD]  total=1.748 backbone=1.000 aux=0.750 domain=0.446
[VAL]   tx=98.95% dom=92.13%
[TEST]  overall_tx=89.48% (182531/204000)
[TEST-SPLIT]
          unseen_day_seen_rx(days=['2021_03_15', '2021_03_23'], rxs=[0, 1, 2, 3, 4, 5, 6]): tx=92.96% (78089/84000)
          seen_day_unseen_rx(days=['2021_03_01', '2021_03_08'], rxs=[7, 8, 9, 10, 11]): tx=89.58% (53750/60000)
          unseen_day_unseen_rx(days=['2021_03_15', '2021_03_23'], rxs=[7, 8, 9, 10, 11]): tx=84.49% (50692/60000)
          day=2021_03_15 on seen_rxs=[0, 1, 2, 3, 4, 5, 6]: tx=95.27% (40013/42000)
          day=2021_03_23 on seen_rxs=[0, 1, 2, 3, 4, 5, 6]: tx=90.66% (38076/42000)
          rx=7 on seen_days=['2021_03_01', '2021_03_08']: tx=82.79% (9935/12000)
          rx=8 on seen_days=['2021_03_01', '2021_03_08']: tx=84.39% (10127/12000)
          rx=9 on seen_days=['2021_03_01', '2021_03_08']: tx=93.19% (11183/12000)
          rx=10 on seen_days=['2021_03_01', '2021_03_08']: tx=91.15% (10938/12000)
          rx=11 on seen_days=['2021_03_01', '2021_03_08']: tx=96.39% (11567/12000)
[BEST-JOINT]  val_tx=98.95% & test_tx=89.48% @ E074
[CKPT]  latest -> finalist_runs/C4_A2_ecc003_satmain_seed1337/latest_model.pth (saved) | best -> finalist_runs/C4_A2_ecc003_satmain_seed1337/best_model_val.pth (updated: val improved)
====================================================================================================================================
[SAT-TEST] scenario=clear_leo selected=test_unseen_day_unseen_rx overall_tx=44.52% strict_udu=44.52% (26712/60000)
[SAT-TEST] scenario=low_elev_leo selected=test_unseen_day_unseen_rx overall_tx=43.81% strict_udu=43.81% (26289/60000)
[SAT-TEST] scenario=rain_leo selected=test_unseen_day_unseen_rx overall_tx=41.81% strict_udu=41.81% (25088/60000)
[SAT-TEST] scenario=storm_mp selected=test_unseen_day_unseen_rx overall_tx=36.45% strict_udu=36.45% (21870/60000)
[SAT-TEST] scenario=mixed_orbit selected=test_unseen_day_unseen_rx overall_tx=39.74% strict_udu=39.74% (23847/60000)
[BEST-TEST] overall=89.94% @ E056 -> finalist_runs/C4_A2_ecc003_satmain_seed1337/best_model_test_overall.pth | unseen_day_unseen_rx=84.88% @ E063 -> finalist_runs/C4_A2_ecc003_satmain_seed1337/best_model_strict_udu.pth | unseen_day_seen_rx=93.84% @ E043 | seen_day_unseen_rx=90.12% @ E056
[BEST-PRIMARY] score=86.55 @ E056 -> finalist_runs/C4_A2_ecc003_satmain_seed1337/best_model_primary_ood.pth | overall=89.94% strict_udu=84.72%
[BEST-WORST-RX] worst_rx=84.14% (test_rx_7) @ E061 -> finalist_runs/C4_A2_ecc003_satmain_seed1337/best_model_worst_rx.pth
====================================================================================================================================
[Epoch 075/200] time=86.1s | lr=1.39e-04 | aux_scale=1.000
[STAGE] phase=S2_stabilize_aux | use_aux=1.0 cons=0.68 cls_aux=0.63 reg=0.74 joint_inv=0.32 kl=0.45 group_ce=0.96
[MIXSTYLE-EPOCH] phase=base enabled=1 p=0.150 strength=0.650 anneal_t=0.000
[AUG] scale=0.350 | p_dac=0.000 p_pa=0.049 p_shift=0.122 p_cfo=0.122 p_awgn=0.140 p_mp=0.063 | max_shift=11 cfo_max=0.00014 pn_max=0.0021
------------------------------------------------------------------------------------------------------------------------------------
[LOSS-CORE] total=4.3918 cls=1.7147 dom=0.4720 adv=2.6208 orth=0.0022 cons=0.1951 group_ce=2.9661
[LOSS-AUX]  cls_pa=1.9369 cls_dac=0.0000 pa_joint_inv=0.2560 pa_kl=1.7151 dac_reg=0.0000 pa_reg=0.0150 gap_dac=0.0000 gap_pa=0.2636 cos_joint_pa=0.7440 cos_imp_pa=nan
[LOSS-SAT]  cls_sat=9.9591 sat_cons=0.7349 sat_cos=0.2651
[LOSS-DG]   proto=0.0000 proto_cos=nan supcon=0.0000 fishr=0.0016 sgc_res=0.0000
[LOSS-CAL]  ecc=0.0000 ecc_w=0.0000 ecc_tau=0.9500 ecc_maxp=nan
[TRAIN] tx=86.27% dom=82.27% cons_cos=0.8049
[GRAD]  total=1.677 backbone=1.000 aux=0.750 domain=0.465
[VAL]   tx=98.89% dom=94.30%
[TEST]  overall_tx=88.20% (179934/204000)
[TEST-SPLIT]
          unseen_day_seen_rx(days=['2021_03_15', '2021_03_23'], rxs=[0, 1, 2, 3, 4, 5, 6]): tx=92.86% (78004/84000)
          seen_day_unseen_rx(days=['2021_03_01', '2021_03_08'], rxs=[7, 8, 9, 10, 11]): tx=87.01% (52207/60000)
          unseen_day_unseen_rx(days=['2021_03_15', '2021_03_23'], rxs=[7, 8, 9, 10, 11]): tx=82.87% (49723/60000)
          day=2021_03_15 on seen_rxs=[0, 1, 2, 3, 4, 5, 6]: tx=94.02% (39488/42000)
          day=2021_03_23 on seen_rxs=[0, 1, 2, 3, 4, 5, 6]: tx=91.70% (38516/42000)
          rx=7 on seen_days=['2021_03_01', '2021_03_08']: tx=78.35% (9402/12000)
          rx=8 on seen_days=['2021_03_01', '2021_03_08']: tx=81.82% (9818/12000)
          rx=9 on seen_days=['2021_03_01', '2021_03_08']: tx=91.09% (10931/12000)
          rx=10 on seen_days=['2021_03_01', '2021_03_08']: tx=90.03% (10804/12000)
          rx=11 on seen_days=['2021_03_01', '2021_03_08']: tx=93.77% (11252/12000)
[BEST-JOINT]  val_tx=98.95% & test_tx=89.48% @ E074
[CKPT]  latest -> finalist_runs/C4_A2_ecc003_satmain_seed1337/latest_model.pth (saved) | best -> finalist_runs/C4_A2_ecc003_satmain_seed1337/best_model_val.pth
====================================================================================================================================
[SAT-TEST] scenario=clear_leo selected=test_unseen_day_unseen_rx overall_tx=42.12% strict_udu=42.12% (25274/60000)
[SAT-TEST] scenario=low_elev_leo selected=test_unseen_day_unseen_rx overall_tx=42.15% strict_udu=42.15% (25292/60000)
[SAT-TEST] scenario=rain_leo selected=test_unseen_day_unseen_rx overall_tx=40.54% strict_udu=40.54% (24325/60000)
[SAT-TEST] scenario=storm_mp selected=test_unseen_day_unseen_rx overall_tx=35.98% strict_udu=35.98% (21587/60000)
[SAT-TEST] scenario=mixed_orbit selected=test_unseen_day_unseen_rx overall_tx=38.01% strict_udu=38.01% (22805/60000)
[BEST-TEST] overall=89.94% @ E056 -> finalist_runs/C4_A2_ecc003_satmain_seed1337/best_model_test_overall.pth | unseen_day_unseen_rx=84.88% @ E063 -> finalist_runs/C4_A2_ecc003_satmain_seed1337/best_model_strict_udu.pth | unseen_day_seen_rx=93.84% @ E043 | seen_day_unseen_rx=90.12% @ E056
[BEST-PRIMARY] score=86.55 @ E056 -> finalist_runs/C4_A2_ecc003_satmain_seed1337/best_model_primary_ood.pth | overall=89.94% strict_udu=84.72%
[BEST-WORST-RX] worst_rx=84.14% (test_rx_7) @ E061 -> finalist_runs/C4_A2_ecc003_satmain_seed1337/best_model_worst_rx.pth
====================================================================================================================================
[Epoch 076/200] time=87.0s | lr=1.37e-04 | aux_scale=1.000
[STAGE] phase=S2_stabilize_aux | use_aux=1.0 cons=0.69 cls_aux=0.64 reg=0.75 joint_inv=0.33 kl=0.46 group_ce=0.97
[MIXSTYLE-EPOCH] phase=base enabled=1 p=0.150 strength=0.650 anneal_t=0.000
[AUG] scale=0.350 | p_dac=0.000 p_pa=0.049 p_shift=0.122 p_cfo=0.122 p_awgn=0.140 p_mp=0.063 | max_shift=11 cfo_max=0.00014 pn_max=0.0021
------------------------------------------------------------------------------------------------------------------------------------
[LOSS-CORE] total=4.5167 cls=1.8072 dom=0.5006 adv=2.6234 orth=0.0022 cons=0.1920 group_ce=3.0155
[LOSS-AUX]  cls_pa=1.8329 cls_dac=0.0000 pa_joint_inv=0.2524 pa_kl=1.6253 dac_reg=0.0000 pa_reg=0.0149 gap_dac=0.0000 gap_pa=0.2633 cos_joint_pa=0.7476 cos_imp_pa=nan
[LOSS-SAT]  cls_sat=9.8554 sat_cons=0.7301 sat_cos=0.2699
[LOSS-DG]   proto=0.0000 proto_cos=nan supcon=0.0000 fishr=0.0017 sgc_res=0.0000
[LOSS-CAL]  ecc=0.0000 ecc_w=0.0000 ecc_tau=0.9500 ecc_maxp=nan
[TRAIN] tx=85.29% dom=82.39% cons_cos=0.8080
[GRAD]  total=1.740 backbone=1.000 aux=0.750 domain=0.459
[VAL]   tx=98.85% dom=94.27%
[TEST]  overall_tx=89.35% (182281/204000)
[TEST-SPLIT]
          unseen_day_seen_rx(days=['2021_03_15', '2021_03_23'], rxs=[0, 1, 2, 3, 4, 5, 6]): tx=92.96% (78089/84000)
          seen_day_unseen_rx(days=['2021_03_01', '2021_03_08'], rxs=[7, 8, 9, 10, 11]): tx=89.48% (53690/60000)
          unseen_day_unseen_rx(days=['2021_03_15', '2021_03_23'], rxs=[7, 8, 9, 10, 11]): tx=84.17% (50502/60000)
          day=2021_03_15 on seen_rxs=[0, 1, 2, 3, 4, 5, 6]: tx=94.90% (39858/42000)
          day=2021_03_23 on seen_rxs=[0, 1, 2, 3, 4, 5, 6]: tx=91.03% (38231/42000)
          rx=7 on seen_days=['2021_03_01', '2021_03_08']: tx=84.03% (10083/12000)
          rx=8 on seen_days=['2021_03_01', '2021_03_08']: tx=84.78% (10173/12000)
          rx=9 on seen_days=['2021_03_01', '2021_03_08']: tx=91.74% (11009/12000)
          rx=10 on seen_days=['2021_03_01', '2021_03_08']: tx=92.28% (11074/12000)
          rx=11 on seen_days=['2021_03_01', '2021_03_08']: tx=94.59% (11351/12000)
[BEST-JOINT]  val_tx=98.95% & test_tx=89.48% @ E074
[CKPT]  latest -> finalist_runs/C4_A2_ecc003_satmain_seed1337/latest_model.pth (saved) | best -> finalist_runs/C4_A2_ecc003_satmain_seed1337/best_model_val.pth
====================================================================================================================================
[SAT-TEST] scenario=clear_leo selected=test_unseen_day_unseen_rx overall_tx=44.29% strict_udu=44.29% (26576/60000)
[SAT-TEST] scenario=low_elev_leo selected=test_unseen_day_unseen_rx overall_tx=43.97% strict_udu=43.97% (26384/60000)
[SAT-TEST] scenario=rain_leo selected=test_unseen_day_unseen_rx overall_tx=41.54% strict_udu=41.54% (24925/60000)
[SAT-TEST] scenario=storm_mp selected=test_unseen_day_unseen_rx overall_tx=36.53% strict_udu=36.53% (21917/60000)
[SAT-TEST] scenario=mixed_orbit selected=test_unseen_day_unseen_rx overall_tx=40.04% strict_udu=40.04% (24023/60000)
[BEST-TEST] overall=89.94% @ E056 -> finalist_runs/C4_A2_ecc003_satmain_seed1337/best_model_test_overall.pth | unseen_day_unseen_rx=84.88% @ E063 -> finalist_runs/C4_A2_ecc003_satmain_seed1337/best_model_strict_udu.pth | unseen_day_seen_rx=93.84% @ E043 | seen_day_unseen_rx=90.12% @ E056
[BEST-PRIMARY] score=86.55 @ E056 -> finalist_runs/C4_A2_ecc003_satmain_seed1337/best_model_primary_ood.pth | overall=89.94% strict_udu=84.72%
[BEST-WORST-RX] worst_rx=84.14% (test_rx_7) @ E061 -> finalist_runs/C4_A2_ecc003_satmain_seed1337/best_model_worst_rx.pth
====================================================================================================================================
[Epoch 077/200] time=86.4s | lr=1.36e-04 | aux_scale=1.000
[STAGE] phase=S2_stabilize_aux | use_aux=1.0 cons=0.71 cls_aux=0.66 reg=0.76 joint_inv=0.33 kl=0.47 group_ce=0.98
[MIXSTYLE-EPOCH] phase=base enabled=1 p=0.150 strength=0.650 anneal_t=0.000
[AUG] scale=0.350 | p_dac=0.000 p_pa=0.049 p_shift=0.122 p_cfo=0.122 p_awgn=0.140 p_mp=0.063 | max_shift=11 cfo_max=0.00014 pn_max=0.0021
------------------------------------------------------------------------------------------------------------------------------------
[LOSS-CORE] total=4.6775 cls=1.9497 dom=0.4726 adv=2.6178 orth=0.0021 cons=0.1968 group_ce=3.1113
[LOSS-AUX]  cls_pa=1.9716 cls_dac=0.0000 pa_joint_inv=0.2620 pa_kl=1.7591 dac_reg=0.0000 pa_reg=0.0146 gap_dac=0.0000 gap_pa=0.2639 cos_joint_pa=0.7380 cos_imp_pa=nan
[LOSS-SAT]  cls_sat=9.8954 sat_cons=0.7269 sat_cos=0.2731
[LOSS-DG]   proto=0.0000 proto_cos=nan supcon=0.0000 fishr=0.0018 sgc_res=0.0000
[LOSS-CAL]  ecc=0.0000 ecc_w=0.0000 ecc_tau=0.9500 ecc_maxp=nan
[TRAIN] tx=84.11% dom=82.69% cons_cos=0.8032
[GRAD]  total=1.710 backbone=1.000 aux=0.750 domain=0.445
[VAL]   tx=98.85% dom=94.36%
[TEST]  overall_tx=88.12% (179774/204000)
[TEST-SPLIT]
          unseen_day_seen_rx(days=['2021_03_15', '2021_03_23'], rxs=[0, 1, 2, 3, 4, 5, 6]): tx=92.67% (77842/84000)
          seen_day_unseen_rx(days=['2021_03_01', '2021_03_08'], rxs=[7, 8, 9, 10, 11]): tx=88.02% (52811/60000)
          unseen_day_unseen_rx(days=['2021_03_15', '2021_03_23'], rxs=[7, 8, 9, 10, 11]): tx=81.87% (49121/60000)
          day=2021_03_15 on seen_rxs=[0, 1, 2, 3, 4, 5, 6]: tx=94.70% (39774/42000)
          day=2021_03_23 on seen_rxs=[0, 1, 2, 3, 4, 5, 6]: tx=90.64% (38068/42000)
          rx=7 on seen_days=['2021_03_01', '2021_03_08']: tx=81.78% (9814/12000)
          rx=8 on seen_days=['2021_03_01', '2021_03_08']: tx=81.30% (9756/12000)
          rx=9 on seen_days=['2021_03_01', '2021_03_08']: tx=93.26% (11191/12000)
          rx=10 on seen_days=['2021_03_01', '2021_03_08']: tx=90.48% (10858/12000)
          rx=11 on seen_days=['2021_03_01', '2021_03_08']: tx=93.27% (11192/12000)
[BEST-JOINT]  val_tx=98.95% & test_tx=89.48% @ E074
[CKPT]  latest -> finalist_runs/C4_A2_ecc003_satmain_seed1337/latest_model.pth (saved) | best -> finalist_runs/C4_A2_ecc003_satmain_seed1337/best_model_val.pth
====================================================================================================================================
[SAT-TEST] scenario=clear_leo selected=test_unseen_day_unseen_rx overall_tx=42.51% strict_udu=42.51% (25506/60000)
[SAT-TEST] scenario=low_elev_leo selected=test_unseen_day_unseen_rx overall_tx=41.81% strict_udu=41.81% (25084/60000)
[SAT-TEST] scenario=rain_leo selected=test_unseen_day_unseen_rx overall_tx=39.75% strict_udu=39.75% (23850/60000)
[SAT-TEST] scenario=storm_mp selected=test_unseen_day_unseen_rx overall_tx=35.55% strict_udu=35.55% (21331/60000)
[SAT-TEST] scenario=mixed_orbit selected=test_unseen_day_unseen_rx overall_tx=37.92% strict_udu=37.92% (22750/60000)
[BEST-TEST] overall=89.94% @ E056 -> finalist_runs/C4_A2_ecc003_satmain_seed1337/best_model_test_overall.pth | unseen_day_unseen_rx=84.88% @ E063 -> finalist_runs/C4_A2_ecc003_satmain_seed1337/best_model_strict_udu.pth | unseen_day_seen_rx=93.84% @ E043 | seen_day_unseen_rx=90.12% @ E056
[BEST-PRIMARY] score=86.55 @ E056 -> finalist_runs/C4_A2_ecc003_satmain_seed1337/best_model_primary_ood.pth | overall=89.94% strict_udu=84.72%
[BEST-WORST-RX] worst_rx=84.14% (test_rx_7) @ E061 -> finalist_runs/C4_A2_ecc003_satmain_seed1337/best_model_worst_rx.pth
====================================================================================================================================
[Epoch 078/200] time=85.9s | lr=1.34e-04 | aux_scale=1.000
[STAGE] phase=S2_stabilize_aux | use_aux=1.0 cons=0.72 cls_aux=0.67 reg=0.78 joint_inv=0.34 kl=0.48 group_ce=0.98
[MIXSTYLE-EPOCH] phase=base enabled=1 p=0.150 strength=0.650 anneal_t=0.000
[AUG] scale=0.350 | p_dac=0.000 p_pa=0.049 p_shift=0.122 p_cfo=0.122 p_awgn=0.140 p_mp=0.063 | max_shift=11 cfo_max=0.00014 pn_max=0.0021
------------------------------------------------------------------------------------------------------------------------------------
[LOSS-CORE] total=4.4976 cls=1.7768 dom=0.4738 adv=2.6213 orth=0.0020 cons=0.1924 group_ce=2.9650
[LOSS-AUX]  cls_pa=1.8653 cls_dac=0.0000 pa_joint_inv=0.2547 pa_kl=1.6583 dac_reg=0.0000 pa_reg=0.0144 gap_dac=0.0000 gap_pa=0.2608 cos_joint_pa=0.7453 cos_imp_pa=nan
[LOSS-SAT]  cls_sat=9.9349 sat_cons=0.7258 sat_cos=0.2742
[LOSS-DG]   proto=0.0000 proto_cos=nan supcon=0.0000 fishr=0.0016 sgc_res=0.0000
[LOSS-CAL]  ecc=0.0000 ecc_w=0.0000 ecc_tau=0.9500 ecc_maxp=nan
[TRAIN] tx=85.72% dom=82.88% cons_cos=0.8076
[GRAD]  total=1.809 backbone=1.000 aux=0.750 domain=0.451
[VAL]   tx=98.91% dom=94.24%
[TEST]  overall_tx=88.38% (180292/204000)
[TEST-SPLIT]
          unseen_day_seen_rx(days=['2021_03_15', '2021_03_23'], rxs=[0, 1, 2, 3, 4, 5, 6]): tx=92.79% (77942/84000)
          seen_day_unseen_rx(days=['2021_03_01', '2021_03_08'], rxs=[7, 8, 9, 10, 11]): tx=88.14% (52886/60000)
          unseen_day_unseen_rx(days=['2021_03_15', '2021_03_23'], rxs=[7, 8, 9, 10, 11]): tx=82.44% (49464/60000)
          day=2021_03_15 on seen_rxs=[0, 1, 2, 3, 4, 5, 6]: tx=94.16% (39549/42000)
          day=2021_03_23 on seen_rxs=[0, 1, 2, 3, 4, 5, 6]: tx=91.41% (38393/42000)
          rx=7 on seen_days=['2021_03_01', '2021_03_08']: tx=80.71% (9685/12000)
          rx=8 on seen_days=['2021_03_01', '2021_03_08']: tx=81.58% (9789/12000)
          rx=9 on seen_days=['2021_03_01', '2021_03_08']: tx=91.47% (10976/12000)
          rx=10 on seen_days=['2021_03_01', '2021_03_08']: tx=91.61% (10993/12000)
          rx=11 on seen_days=['2021_03_01', '2021_03_08']: tx=95.36% (11443/12000)
[BEST-JOINT]  val_tx=98.95% & test_tx=89.48% @ E074
[CKPT]  latest -> finalist_runs/C4_A2_ecc003_satmain_seed1337/latest_model.pth (saved) | best -> finalist_runs/C4_A2_ecc003_satmain_seed1337/best_model_val.pth
====================================================================================================================================
[SAT-TEST] scenario=clear_leo selected=test_unseen_day_unseen_rx overall_tx=40.91% strict_udu=40.91% (24549/60000)
[SAT-TEST] scenario=low_elev_leo selected=test_unseen_day_unseen_rx overall_tx=40.83% strict_udu=40.83% (24495/60000)
[SAT-TEST] scenario=rain_leo selected=test_unseen_day_unseen_rx overall_tx=38.97% strict_udu=38.97% (23384/60000)
[SAT-TEST] scenario=storm_mp selected=test_unseen_day_unseen_rx overall_tx=35.56% strict_udu=35.56% (21338/60000)
[SAT-TEST] scenario=mixed_orbit selected=test_unseen_day_unseen_rx overall_tx=37.73% strict_udu=37.73% (22636/60000)
[BEST-TEST] overall=89.94% @ E056 -> finalist_runs/C4_A2_ecc003_satmain_seed1337/best_model_test_overall.pth | unseen_day_unseen_rx=84.88% @ E063 -> finalist_runs/C4_A2_ecc003_satmain_seed1337/best_model_strict_udu.pth | unseen_day_seen_rx=93.84% @ E043 | seen_day_unseen_rx=90.12% @ E056
[BEST-PRIMARY] score=86.55 @ E056 -> finalist_runs/C4_A2_ecc003_satmain_seed1337/best_model_primary_ood.pth | overall=89.94% strict_udu=84.72%
[BEST-WORST-RX] worst_rx=84.14% (test_rx_7) @ E061 -> finalist_runs/C4_A2_ecc003_satmain_seed1337/best_model_worst_rx.pth
[WARN][E079] unsafe backward/step skipped #7
====================================================================================================================================
[Epoch 079/200] time=86.1s | lr=1.33e-04 | aux_scale=1.000
[STAGE] phase=S2_stabilize_aux | use_aux=1.0 cons=0.74 cls_aux=0.69 reg=0.79 joint_inv=0.34 kl=0.49 group_ce=0.99
[MIXSTYLE-EPOCH] phase=base enabled=1 p=0.150 strength=0.650 anneal_t=0.000
[AUG] scale=0.350 | p_dac=0.000 p_pa=0.049 p_shift=0.122 p_cfo=0.122 p_awgn=0.140 p_mp=0.063 | max_shift=11 cfo_max=0.00014 pn_max=0.0021
------------------------------------------------------------------------------------------------------------------------------------
[LOSS-CORE] total=4.7592 cls=1.9480 dom=0.5198 adv=2.6258 orth=0.0020 cons=0.1938 group_ce=3.1260
[LOSS-AUX]  cls_pa=1.8995 cls_dac=0.0000 pa_joint_inv=0.2545 pa_kl=1.6792 dac_reg=0.0000 pa_reg=0.0149 gap_dac=0.0000 gap_pa=0.2588 cos_joint_pa=0.7455 cos_imp_pa=nan
[LOSS-SAT]  cls_sat=10.0019 sat_cons=0.7291 sat_cos=0.2709
[LOSS-DG]   proto=0.0000 proto_cos=nan supcon=0.0000 fishr=0.0018 sgc_res=0.0000
[LOSS-CAL]  ecc=0.0000 ecc_w=0.0000 ecc_tau=0.9500 ecc_maxp=nan
[TRAIN] tx=84.41% dom=81.37% cons_cos=0.8034
[GRAD]  total=1.788 backbone=1.000 aux=0.750 domain=0.433
[VAL]   tx=98.77% dom=94.29%
[TEST]  overall_tx=89.22% (181999/204000)
[TEST-SPLIT]
          unseen_day_seen_rx(days=['2021_03_15', '2021_03_23'], rxs=[0, 1, 2, 3, 4, 5, 6]): tx=93.38% (78436/84000)
          seen_day_unseen_rx(days=['2021_03_01', '2021_03_08'], rxs=[7, 8, 9, 10, 11]): tx=89.09% (53455/60000)
          unseen_day_unseen_rx(days=['2021_03_15', '2021_03_23'], rxs=[7, 8, 9, 10, 11]): tx=83.51% (50108/60000)
          day=2021_03_15 on seen_rxs=[0, 1, 2, 3, 4, 5, 6]: tx=95.60% (40150/42000)
          day=2021_03_23 on seen_rxs=[0, 1, 2, 3, 4, 5, 6]: tx=91.16% (38286/42000)
          rx=7 on seen_days=['2021_03_01', '2021_03_08']: tx=83.53% (10023/12000)
          rx=8 on seen_days=['2021_03_01', '2021_03_08']: tx=84.08% (10090/12000)
          rx=9 on seen_days=['2021_03_01', '2021_03_08']: tx=92.78% (11134/12000)
          rx=10 on seen_days=['2021_03_01', '2021_03_08']: tx=90.86% (10903/12000)
          rx=11 on seen_days=['2021_03_01', '2021_03_08']: tx=94.21% (11305/12000)
[BEST-JOINT]  val_tx=98.95% & test_tx=89.48% @ E074
[CKPT]  latest -> finalist_runs/C4_A2_ecc003_satmain_seed1337/latest_model.pth (saved) | best -> finalist_runs/C4_A2_ecc003_satmain_seed1337/best_model_val.pth
====================================================================================================================================
[SAT-TEST] scenario=clear_leo selected=test_unseen_day_unseen_rx overall_tx=44.22% strict_udu=44.22% (26530/60000)
[SAT-TEST] scenario=low_elev_leo selected=test_unseen_day_unseen_rx overall_tx=43.70% strict_udu=43.70% (26217/60000)
[SAT-TEST] scenario=rain_leo selected=test_unseen_day_unseen_rx overall_tx=41.74% strict_udu=41.74% (25044/60000)
[SAT-TEST] scenario=storm_mp selected=test_unseen_day_unseen_rx overall_tx=36.43% strict_udu=36.43% (21857/60000)
[SAT-TEST] scenario=mixed_orbit selected=test_unseen_day_unseen_rx overall_tx=39.54% strict_udu=39.54% (23723/60000)
[BEST-TEST] overall=89.94% @ E056 -> finalist_runs/C4_A2_ecc003_satmain_seed1337/best_model_test_overall.pth | unseen_day_unseen_rx=84.88% @ E063 -> finalist_runs/C4_A2_ecc003_satmain_seed1337/best_model_strict_udu.pth | unseen_day_seen_rx=93.84% @ E043 | seen_day_unseen_rx=90.12% @ E056
[BEST-PRIMARY] score=86.55 @ E056 -> finalist_runs/C4_A2_ecc003_satmain_seed1337/best_model_primary_ood.pth | overall=89.94% strict_udu=84.72%
[BEST-WORST-RX] worst_rx=84.14% (test_rx_7) @ E061 -> finalist_runs/C4_A2_ecc003_satmain_seed1337/best_model_worst_rx.pth
====================================================================================================================================
[Epoch 080/200] time=86.4s | lr=1.31e-04 | aux_scale=1.000
[STAGE] phase=S2_stabilize_aux | use_aux=1.0 cons=0.75 cls_aux=0.70 reg=0.80 joint_inv=0.35 kl=0.50 group_ce=1.00
[MIXSTYLE-EPOCH] phase=base enabled=1 p=0.150 strength=0.650 anneal_t=0.000
[AUG] scale=0.350 | p_dac=0.000 p_pa=0.049 p_shift=0.122 p_cfo=0.122 p_awgn=0.140 p_mp=0.063 | max_shift=11 cfo_max=0.00014 pn_max=0.0021
------------------------------------------------------------------------------------------------------------------------------------
[LOSS-CORE] total=4.1482 cls=1.4995 dom=0.4226 adv=2.6205 orth=0.0024 cons=0.1788 group_ce=2.5497
[LOSS-AUX]  cls_pa=1.8269 cls_dac=0.0000 pa_joint_inv=0.2534 pa_kl=1.6299 dac_reg=0.0000 pa_reg=0.0147 gap_dac=0.0000 gap_pa=0.2647 cos_joint_pa=0.7466 cos_imp_pa=nan
[LOSS-SAT]  cls_sat=9.7565 sat_cons=0.7303 sat_cos=0.2697
[LOSS-DG]   proto=0.0000 proto_cos=nan supcon=0.0000 fishr=0.0014 sgc_res=0.0000
[LOSS-CAL]  ecc=0.0000 ecc_w=0.0000 ecc_tau=0.9500 ecc_maxp=nan
[TRAIN] tx=88.03% dom=84.37% cons_cos=0.8212
[GRAD]  total=1.605 backbone=1.000 aux=0.750 domain=0.429
[VAL]   tx=98.74% dom=94.32%
[TEST]  overall_tx=88.39% (180321/204000)
[TEST-SPLIT]
          unseen_day_seen_rx(days=['2021_03_15', '2021_03_23'], rxs=[0, 1, 2, 3, 4, 5, 6]): tx=92.55% (77740/84000)
          seen_day_unseen_rx(days=['2021_03_01', '2021_03_08'], rxs=[7, 8, 9, 10, 11]): tx=88.10% (52862/60000)
          unseen_day_unseen_rx(days=['2021_03_15', '2021_03_23'], rxs=[7, 8, 9, 10, 11]): tx=82.86% (49719/60000)
          day=2021_03_15 on seen_rxs=[0, 1, 2, 3, 4, 5, 6]: tx=93.96% (39464/42000)
          day=2021_03_23 on seen_rxs=[0, 1, 2, 3, 4, 5, 6]: tx=91.13% (38276/42000)
          rx=7 on seen_days=['2021_03_01', '2021_03_08']: tx=83.55% (10026/12000)
          rx=8 on seen_days=['2021_03_01', '2021_03_08']: tx=80.68% (9682/12000)
          rx=9 on seen_days=['2021_03_01', '2021_03_08']: tx=91.18% (10942/12000)
          rx=10 on seen_days=['2021_03_01', '2021_03_08']: tx=91.84% (11021/12000)
          rx=11 on seen_days=['2021_03_01', '2021_03_08']: tx=93.26% (11191/12000)
[BEST-JOINT]  val_tx=98.95% & test_tx=89.48% @ E074
[CKPT]  latest -> finalist_runs/C4_A2_ecc003_satmain_seed1337/latest_model.pth (saved) | best -> finalist_runs/C4_A2_ecc003_satmain_seed1337/best_model_val.pth
====================================================================================================================================
[SAT-TEST] scenario=clear_leo selected=test_unseen_day_unseen_rx overall_tx=42.85% strict_udu=42.85% (25712/60000)
[SAT-TEST] scenario=low_elev_leo selected=test_unseen_day_unseen_rx overall_tx=42.33% strict_udu=42.33% (25400/60000)
[SAT-TEST] scenario=rain_leo selected=test_unseen_day_unseen_rx overall_tx=40.49% strict_udu=40.49% (24294/60000)
[SAT-TEST] scenario=storm_mp selected=test_unseen_day_unseen_rx overall_tx=36.05% strict_udu=36.05% (21630/60000)
[SAT-TEST] scenario=mixed_orbit selected=test_unseen_day_unseen_rx overall_tx=38.37% strict_udu=38.37% (23023/60000)
[BEST-TEST] overall=89.94% @ E056 -> finalist_runs/C4_A2_ecc003_satmain_seed1337/best_model_test_overall.pth | unseen_day_unseen_rx=84.88% @ E063 -> finalist_runs/C4_A2_ecc003_satmain_seed1337/best_model_strict_udu.pth | unseen_day_seen_rx=93.84% @ E043 | seen_day_unseen_rx=90.12% @ E056
[BEST-PRIMARY] score=86.55 @ E056 -> finalist_runs/C4_A2_ecc003_satmain_seed1337/best_model_primary_ood.pth | overall=89.94% strict_udu=84.72%
[BEST-WORST-RX] worst_rx=84.14% (test_rx_7) @ E061 -> finalist_runs/C4_A2_ecc003_satmain_seed1337/best_model_worst_rx.pth
====================================================================================================================================
[Epoch 081/200] time=86.5s | lr=1.30e-04 | aux_scale=1.000
[STAGE] phase=S3_refine_aux | use_aux=1.0 cons=0.85 cls_aux=0.80 reg=0.85 joint_inv=0.25 kl=0.50 group_ce=1.00
[MIXSTYLE-EPOCH] phase=base enabled=1 p=0.150 strength=0.650 anneal_t=0.000
[AUG] scale=0.350 | p_dac=0.000 p_pa=0.049 p_shift=0.122 p_cfo=0.122 p_awgn=0.140 p_mp=0.063 | max_shift=11 cfo_max=0.00014 pn_max=0.0021
------------------------------------------------------------------------------------------------------------------------------------
[LOSS-CORE] total=4.2200 cls=1.5402 dom=0.4152 adv=2.6195 orth=0.0025 cons=0.1780 group_ce=2.5429
[LOSS-AUX]  cls_pa=1.8263 cls_dac=0.0000 pa_joint_inv=0.2521 pa_kl=1.6190 dac_reg=0.0000 pa_reg=0.0153 gap_dac=0.0000 gap_pa=0.2630 cos_joint_pa=0.7479 cos_imp_pa=nan
[LOSS-SAT]  cls_sat=9.8170 sat_cons=0.7263 sat_cos=0.2737
[LOSS-DG]   proto=0.0000 proto_cos=nan supcon=0.0000 fishr=0.0014 sgc_res=0.0000
[LOSS-CAL]  ecc=0.0000 ecc_w=0.0000 ecc_tau=0.9500 ecc_maxp=nan
[TRAIN] tx=87.63% dom=84.44% cons_cos=0.8220
[GRAD]  total=1.644 backbone=1.000 aux=0.750 domain=0.444
[VAL]   tx=98.94% dom=94.42%
[TEST]  overall_tx=89.49% (182555/204000)
[TEST-SPLIT]
          unseen_day_seen_rx(days=['2021_03_15', '2021_03_23'], rxs=[0, 1, 2, 3, 4, 5, 6]): tx=93.29% (78364/84000)
          seen_day_unseen_rx(days=['2021_03_01', '2021_03_08'], rxs=[7, 8, 9, 10, 11]): tx=89.60% (53758/60000)
          unseen_day_unseen_rx(days=['2021_03_15', '2021_03_23'], rxs=[7, 8, 9, 10, 11]): tx=84.06% (50433/60000)
          day=2021_03_15 on seen_rxs=[0, 1, 2, 3, 4, 5, 6]: tx=94.80% (39817/42000)
          day=2021_03_23 on seen_rxs=[0, 1, 2, 3, 4, 5, 6]: tx=91.78% (38547/42000)
          rx=7 on seen_days=['2021_03_01', '2021_03_08']: tx=87.21% (10465/12000)
          rx=8 on seen_days=['2021_03_01', '2021_03_08']: tx=82.74% (9929/12000)
          rx=9 on seen_days=['2021_03_01', '2021_03_08']: tx=92.78% (11133/12000)
          rx=10 on seen_days=['2021_03_01', '2021_03_08']: tx=90.83% (10899/12000)
          rx=11 on seen_days=['2021_03_01', '2021_03_08']: tx=94.43% (11332/12000)
[BEST-JOINT]  val_tx=98.95% & test_tx=89.48% @ E074
[CKPT]  latest -> finalist_runs/C4_A2_ecc003_satmain_seed1337/latest_model.pth (saved) | best -> finalist_runs/C4_A2_ecc003_satmain_seed1337/best_model_val.pth
====================================================================================================================================
[SAT-TEST] scenario=clear_leo selected=test_unseen_day_unseen_rx overall_tx=42.50% strict_udu=42.50% (25502/60000)
[SAT-TEST] scenario=low_elev_leo selected=test_unseen_day_unseen_rx overall_tx=41.54% strict_udu=41.54% (24924/60000)
[SAT-TEST] scenario=rain_leo selected=test_unseen_day_unseen_rx overall_tx=39.52% strict_udu=39.52% (23715/60000)
[SAT-TEST] scenario=storm_mp selected=test_unseen_day_unseen_rx overall_tx=35.40% strict_udu=35.40% (21238/60000)
[SAT-TEST] scenario=mixed_orbit selected=test_unseen_day_unseen_rx overall_tx=38.15% strict_udu=38.15% (22887/60000)
[BEST-TEST] overall=89.94% @ E056 -> finalist_runs/C4_A2_ecc003_satmain_seed1337/best_model_test_overall.pth | unseen_day_unseen_rx=84.88% @ E063 -> finalist_runs/C4_A2_ecc003_satmain_seed1337/best_model_strict_udu.pth | unseen_day_seen_rx=93.84% @ E043 | seen_day_unseen_rx=90.12% @ E056
[BEST-PRIMARY] score=86.55 @ E056 -> finalist_runs/C4_A2_ecc003_satmain_seed1337/best_model_primary_ood.pth | overall=89.94% strict_udu=84.72%
[BEST-WORST-RX] worst_rx=84.14% (test_rx_7) @ E061 -> finalist_runs/C4_A2_ecc003_satmain_seed1337/best_model_worst_rx.pth
====================================================================================================================================
[Epoch 082/200] time=86.3s | lr=1.28e-04 | aux_scale=1.000
[STAGE] phase=S3_refine_aux | use_aux=1.0 cons=0.85 cls_aux=0.80 reg=0.85 joint_inv=0.25 kl=0.50 group_ce=1.00
[MIXSTYLE-EPOCH] phase=base enabled=1 p=0.150 strength=0.650 anneal_t=0.000
[AUG] scale=0.350 | p_dac=0.000 p_pa=0.049 p_shift=0.122 p_cfo=0.122 p_awgn=0.140 p_mp=0.063 | max_shift=11 cfo_max=0.00014 pn_max=0.0021
------------------------------------------------------------------------------------------------------------------------------------
[LOSS-CORE] total=4.9897 cls=2.1322 dom=0.5387 adv=2.6179 orth=0.0020 cons=0.2031 group_ce=3.3234
[LOSS-AUX]  cls_pa=1.6602 cls_dac=0.0000 pa_joint_inv=0.2519 pa_kl=1.4770 dac_reg=0.0000 pa_reg=0.0145 gap_dac=0.0000 gap_pa=0.2679 cos_joint_pa=0.7481 cos_imp_pa=nan
[LOSS-SAT]  cls_sat=9.8750 sat_cons=0.7031 sat_cos=0.2969
[LOSS-DG]   proto=0.0000 proto_cos=nan supcon=0.0000 fishr=0.0019 sgc_res=0.0000
[LOSS-CAL]  ecc=0.0000 ecc_w=0.0000 ecc_tau=0.9500 ecc_maxp=nan
[TRAIN] tx=82.92% dom=80.21% cons_cos=0.7969
[GRAD]  total=1.741 backbone=1.000 aux=0.750 domain=0.442
[VAL]   tx=98.92% dom=94.32%
[TEST]  overall_tx=89.63% (182836/204000)
[TEST-SPLIT]
          unseen_day_seen_rx(days=['2021_03_15', '2021_03_23'], rxs=[0, 1, 2, 3, 4, 5, 6]): tx=93.28% (78359/84000)
          seen_day_unseen_rx(days=['2021_03_01', '2021_03_08'], rxs=[7, 8, 9, 10, 11]): tx=89.92% (53949/60000)
          unseen_day_unseen_rx(days=['2021_03_15', '2021_03_23'], rxs=[7, 8, 9, 10, 11]): tx=84.21% (50528/60000)
          day=2021_03_15 on seen_rxs=[0, 1, 2, 3, 4, 5, 6]: tx=94.88% (39849/42000)
          day=2021_03_23 on seen_rxs=[0, 1, 2, 3, 4, 5, 6]: tx=91.69% (38510/42000)
          rx=7 on seen_days=['2021_03_01', '2021_03_08']: tx=86.68% (10402/12000)
          rx=8 on seen_days=['2021_03_01', '2021_03_08']: tx=83.55% (10026/12000)
          rx=9 on seen_days=['2021_03_01', '2021_03_08']: tx=92.26% (11071/12000)
          rx=10 on seen_days=['2021_03_01', '2021_03_08']: tx=92.14% (11057/12000)
          rx=11 on seen_days=['2021_03_01', '2021_03_08']: tx=94.94% (11393/12000)
[BEST-JOINT]  val_tx=98.95% & test_tx=89.48% @ E074
[CKPT]  latest -> finalist_runs/C4_A2_ecc003_satmain_seed1337/latest_model.pth (saved) | best -> finalist_runs/C4_A2_ecc003_satmain_seed1337/best_model_val.pth
====================================================================================================================================
[SAT-TEST] scenario=clear_leo selected=test_unseen_day_unseen_rx overall_tx=42.68% strict_udu=42.68% (25610/60000)
[SAT-TEST] scenario=low_elev_leo selected=test_unseen_day_unseen_rx overall_tx=42.33% strict_udu=42.33% (25398/60000)
[SAT-TEST] scenario=rain_leo selected=test_unseen_day_unseen_rx overall_tx=40.11% strict_udu=40.11% (24065/60000)
[SAT-TEST] scenario=storm_mp selected=test_unseen_day_unseen_rx overall_tx=36.09% strict_udu=36.09% (21654/60000)
[SAT-TEST] scenario=mixed_orbit selected=test_unseen_day_unseen_rx overall_tx=38.63% strict_udu=38.63% (23178/60000)
[BEST-TEST] overall=89.94% @ E056 -> finalist_runs/C4_A2_ecc003_satmain_seed1337/best_model_test_overall.pth | unseen_day_unseen_rx=84.88% @ E063 -> finalist_runs/C4_A2_ecc003_satmain_seed1337/best_model_strict_udu.pth | unseen_day_seen_rx=93.84% @ E043 | seen_day_unseen_rx=90.12% @ E056
[BEST-PRIMARY] score=86.55 @ E056 -> finalist_runs/C4_A2_ecc003_satmain_seed1337/best_model_primary_ood.pth | overall=89.94% strict_udu=84.72%
[BEST-WORST-RX] worst_rx=84.14% (test_rx_7) @ E061 -> finalist_runs/C4_A2_ecc003_satmain_seed1337/best_model_worst_rx.pth
====================================================================================================================================
[Epoch 083/200] time=86.9s | lr=1.27e-04 | aux_scale=1.000
[STAGE] phase=S3_refine_aux | use_aux=1.0 cons=0.86 cls_aux=0.81 reg=0.86 joint_inv=0.25 kl=0.50 group_ce=1.00
[MIXSTYLE-EPOCH] phase=base enabled=1 p=0.150 strength=0.650 anneal_t=0.000
[AUG] scale=0.350 | p_dac=0.000 p_pa=0.049 p_shift=0.122 p_cfo=0.122 p_awgn=0.140 p_mp=0.063 | max_shift=11 cfo_max=0.00014 pn_max=0.0021
------------------------------------------------------------------------------------------------------------------------------------
[LOSS-CORE] total=4.3452 cls=1.6491 dom=0.4333 adv=2.6189 orth=0.0023 cons=0.1881 group_ce=2.7765
[LOSS-AUX]  cls_pa=1.6721 cls_dac=0.0000 pa_joint_inv=0.2495 pa_kl=1.4692 dac_reg=0.0000 pa_reg=0.0149 gap_dac=0.0000 gap_pa=0.2628 cos_joint_pa=0.7505 cos_imp_pa=nan
[LOSS-SAT]  cls_sat=9.7905 sat_cons=0.7137 sat_cos=0.2863
[LOSS-DG]   proto=0.0000 proto_cos=nan supcon=0.0000 fishr=0.0016 sgc_res=0.0000
[LOSS-CAL]  ecc=0.0000 ecc_w=0.0000 ecc_tau=0.9500 ecc_maxp=nan
[TRAIN] tx=86.89% dom=84.01% cons_cos=0.8119
[GRAD]  total=1.642 backbone=1.000 aux=0.750 domain=0.438
[VAL]   tx=98.92% dom=94.49%
[TEST]  overall_tx=88.83% (181217/204000)
[TEST-SPLIT]
          unseen_day_seen_rx(days=['2021_03_15', '2021_03_23'], rxs=[0, 1, 2, 3, 4, 5, 6]): tx=92.59% (77772/84000)
          seen_day_unseen_rx(days=['2021_03_01', '2021_03_08'], rxs=[7, 8, 9, 10, 11]): tx=88.15% (52889/60000)
          unseen_day_unseen_rx(days=['2021_03_15', '2021_03_23'], rxs=[7, 8, 9, 10, 11]): tx=84.26% (50556/60000)
          day=2021_03_15 on seen_rxs=[0, 1, 2, 3, 4, 5, 6]: tx=94.55% (39713/42000)
          day=2021_03_23 on seen_rxs=[0, 1, 2, 3, 4, 5, 6]: tx=90.62% (38059/42000)
          rx=7 on seen_days=['2021_03_01', '2021_03_08']: tx=79.15% (9498/12000)
          rx=8 on seen_days=['2021_03_01', '2021_03_08']: tx=83.84% (10061/12000)
          rx=9 on seen_days=['2021_03_01', '2021_03_08']: tx=92.17% (11061/12000)
          rx=10 on seen_days=['2021_03_01', '2021_03_08']: tx=90.10% (10812/12000)
          rx=11 on seen_days=['2021_03_01', '2021_03_08']: tx=95.47% (11457/12000)
[BEST-JOINT]  val_tx=98.95% & test_tx=89.48% @ E074
[CKPT]  latest -> finalist_runs/C4_A2_ecc003_satmain_seed1337/latest_model.pth (saved) | best -> finalist_runs/C4_A2_ecc003_satmain_seed1337/best_model_val.pth
====================================================================================================================================
[SAT-TEST] scenario=clear_leo selected=test_unseen_day_unseen_rx overall_tx=42.44% strict_udu=42.44% (25466/60000)
[SAT-TEST] scenario=low_elev_leo selected=test_unseen_day_unseen_rx overall_tx=42.15% strict_udu=42.15% (25292/60000)
[SAT-TEST] scenario=rain_leo selected=test_unseen_day_unseen_rx overall_tx=40.25% strict_udu=40.25% (24149/60000)
[SAT-TEST] scenario=storm_mp selected=test_unseen_day_unseen_rx overall_tx=35.86% strict_udu=35.86% (21515/60000)
[SAT-TEST] scenario=mixed_orbit selected=test_unseen_day_unseen_rx overall_tx=38.41% strict_udu=38.41% (23047/60000)
[BEST-TEST] overall=89.94% @ E056 -> finalist_runs/C4_A2_ecc003_satmain_seed1337/best_model_test_overall.pth | unseen_day_unseen_rx=84.88% @ E063 -> finalist_runs/C4_A2_ecc003_satmain_seed1337/best_model_strict_udu.pth | unseen_day_seen_rx=93.84% @ E043 | seen_day_unseen_rx=90.12% @ E056
[BEST-PRIMARY] score=86.55 @ E056 -> finalist_runs/C4_A2_ecc003_satmain_seed1337/best_model_primary_ood.pth | overall=89.94% strict_udu=84.72%
[BEST-WORST-RX] worst_rx=84.14% (test_rx_7) @ E061 -> finalist_runs/C4_A2_ecc003_satmain_seed1337/best_model_worst_rx.pth
====================================================================================================================================
[Epoch 084/200] time=86.4s | lr=1.25e-04 | aux_scale=1.000
[STAGE] phase=S3_refine_aux | use_aux=1.0 cons=0.86 cls_aux=0.81 reg=0.86 joint_inv=0.25 kl=0.51 group_ce=1.00
[MIXSTYLE-EPOCH] phase=base enabled=1 p=0.150 strength=0.650 anneal_t=0.000
[AUG] scale=0.350 | p_dac=0.000 p_pa=0.049 p_shift=0.122 p_cfo=0.122 p_awgn=0.140 p_mp=0.063 | max_shift=11 cfo_max=0.00014 pn_max=0.0021
------------------------------------------------------------------------------------------------------------------------------------
[LOSS-CORE] total=3.7717 cls=1.2276 dom=0.3469 adv=2.6233 orth=0.0027 cons=0.1712 group_ce=2.1886
[LOSS-AUX]  cls_pa=1.5926 cls_dac=0.0000 pa_joint_inv=0.2421 pa_kl=1.3947 dac_reg=0.0000 pa_reg=0.0150 gap_dac=0.0000 gap_pa=0.2632 cos_joint_pa=0.7579 cos_imp_pa=nan
[LOSS-SAT]  cls_sat=9.8683 sat_cons=0.7389 sat_cos=0.2611
[LOSS-DG]   proto=0.0000 proto_cos=nan supcon=0.0000 fishr=0.0012 sgc_res=0.0000
[LOSS-CAL]  ecc=0.0000 ecc_w=0.0000 ecc_tau=0.9500 ecc_maxp=nan
[TRAIN] tx=90.52% dom=86.68% cons_cos=0.8288
[GRAD]  total=1.580 backbone=1.000 aux=0.750 domain=0.441
[VAL]   tx=98.77% dom=94.65%
[TEST]  overall_tx=89.55% (182684/204000)
[TEST-SPLIT]
          unseen_day_seen_rx(days=['2021_03_15', '2021_03_23'], rxs=[0, 1, 2, 3, 4, 5, 6]): tx=93.51% (78550/84000)
          seen_day_unseen_rx(days=['2021_03_01', '2021_03_08'], rxs=[7, 8, 9, 10, 11]): tx=89.39% (53632/60000)
          unseen_day_unseen_rx(days=['2021_03_15', '2021_03_23'], rxs=[7, 8, 9, 10, 11]): tx=84.17% (50502/60000)
          day=2021_03_15 on seen_rxs=[0, 1, 2, 3, 4, 5, 6]: tx=94.74% (39789/42000)
          day=2021_03_23 on seen_rxs=[0, 1, 2, 3, 4, 5, 6]: tx=92.29% (38761/42000)
          rx=7 on seen_days=['2021_03_01', '2021_03_08']: tx=83.96% (10075/12000)
          rx=8 on seen_days=['2021_03_01', '2021_03_08']: tx=84.56% (10147/12000)
          rx=9 on seen_days=['2021_03_01', '2021_03_08']: tx=92.13% (11056/12000)
          rx=10 on seen_days=['2021_03_01', '2021_03_08']: tx=91.28% (10953/12000)
          rx=11 on seen_days=['2021_03_01', '2021_03_08']: tx=95.01% (11401/12000)
[BEST-JOINT]  val_tx=98.95% & test_tx=89.48% @ E074
[CKPT]  latest -> finalist_runs/C4_A2_ecc003_satmain_seed1337/latest_model.pth (saved) | best -> finalist_runs/C4_A2_ecc003_satmain_seed1337/best_model_val.pth
====================================================================================================================================
[SAT-TEST] scenario=clear_leo selected=test_unseen_day_unseen_rx overall_tx=42.03% strict_udu=42.03% (25218/60000)
[SAT-TEST] scenario=low_elev_leo selected=test_unseen_day_unseen_rx overall_tx=41.87% strict_udu=41.87% (25123/60000)
[SAT-TEST] scenario=rain_leo selected=test_unseen_day_unseen_rx overall_tx=40.22% strict_udu=40.22% (24133/60000)
[SAT-TEST] scenario=storm_mp selected=test_unseen_day_unseen_rx overall_tx=36.01% strict_udu=36.01% (21605/60000)
[SAT-TEST] scenario=mixed_orbit selected=test_unseen_day_unseen_rx overall_tx=38.23% strict_udu=38.23% (22935/60000)
[BEST-TEST] overall=89.94% @ E056 -> finalist_runs/C4_A2_ecc003_satmain_seed1337/best_model_test_overall.pth | unseen_day_unseen_rx=84.88% @ E063 -> finalist_runs/C4_A2_ecc003_satmain_seed1337/best_model_strict_udu.pth | unseen_day_seen_rx=93.84% @ E043 | seen_day_unseen_rx=90.12% @ E056
[BEST-PRIMARY] score=86.55 @ E056 -> finalist_runs/C4_A2_ecc003_satmain_seed1337/best_model_primary_ood.pth | overall=89.94% strict_udu=84.72%
[BEST-WORST-RX] worst_rx=84.14% (test_rx_7) @ E061 -> finalist_runs/C4_A2_ecc003_satmain_seed1337/best_model_worst_rx.pth
====================================================================================================================================
[Epoch 085/200] time=85.8s | lr=1.24e-04 | aux_scale=1.000
[STAGE] phase=S3_refine_aux | use_aux=1.0 cons=0.86 cls_aux=0.82 reg=0.86 joint_inv=0.25 kl=0.51 group_ce=1.00
[MIXSTYLE-EPOCH] phase=base enabled=1 p=0.150 strength=0.650 anneal_t=0.000
[AUG] scale=0.350 | p_dac=0.000 p_pa=0.049 p_shift=0.122 p_cfo=0.122 p_awgn=0.140 p_mp=0.063 | max_shift=11 cfo_max=0.00014 pn_max=0.0021
------------------------------------------------------------------------------------------------------------------------------------
[LOSS-CORE] total=4.3382 cls=1.6517 dom=0.4260 adv=2.6294 orth=0.0024 cons=0.1792 group_ce=2.6938
[LOSS-AUX]  cls_pa=1.6845 cls_dac=0.0000 pa_joint_inv=0.2460 pa_kl=1.4830 dac_reg=0.0000 pa_reg=0.0145 gap_dac=0.0000 gap_pa=0.2725 cos_joint_pa=0.7540 cos_imp_pa=nan
[LOSS-SAT]  cls_sat=9.7100 sat_cons=0.7164 sat_cos=0.2836
[LOSS-DG]   proto=0.0000 proto_cos=nan supcon=0.0000 fishr=0.0015 sgc_res=0.0000
[LOSS-CAL]  ecc=0.0000 ecc_w=0.0000 ecc_tau=0.9500 ecc_maxp=nan
[TRAIN] tx=86.34% dom=84.05% cons_cos=0.8208
[GRAD]  total=1.631 backbone=1.000 aux=0.750 domain=0.433
[VAL]   tx=98.52% dom=94.19%
[TEST]  overall_tx=88.31% (180156/204000)
[TEST-SPLIT]
          unseen_day_seen_rx(days=['2021_03_15', '2021_03_23'], rxs=[0, 1, 2, 3, 4, 5, 6]): tx=92.45% (77658/84000)
          seen_day_unseen_rx(days=['2021_03_01', '2021_03_08'], rxs=[7, 8, 9, 10, 11]): tx=87.78% (52665/60000)
          unseen_day_unseen_rx(days=['2021_03_15', '2021_03_23'], rxs=[7, 8, 9, 10, 11]): tx=83.06% (49833/60000)
          day=2021_03_15 on seen_rxs=[0, 1, 2, 3, 4, 5, 6]: tx=93.72% (39364/42000)
          day=2021_03_23 on seen_rxs=[0, 1, 2, 3, 4, 5, 6]: tx=91.18% (38294/42000)
          rx=7 on seen_days=['2021_03_01', '2021_03_08']: tx=81.29% (9755/12000)
          rx=8 on seen_days=['2021_03_01', '2021_03_08']: tx=82.11% (9853/12000)
          rx=9 on seen_days=['2021_03_01', '2021_03_08']: tx=90.80% (10896/12000)
          rx=10 on seen_days=['2021_03_01', '2021_03_08']: tx=91.58% (10990/12000)
          rx=11 on seen_days=['2021_03_01', '2021_03_08']: tx=93.09% (11171/12000)
[BEST-JOINT]  val_tx=98.95% & test_tx=89.48% @ E074
[CKPT]  latest -> finalist_runs/C4_A2_ecc003_satmain_seed1337/latest_model.pth (saved) | best -> finalist_runs/C4_A2_ecc003_satmain_seed1337/best_model_val.pth
====================================================================================================================================
[SAT-TEST] scenario=clear_leo selected=test_unseen_day_unseen_rx overall_tx=42.83% strict_udu=42.83% (25695/60000)
[SAT-TEST] scenario=low_elev_leo selected=test_unseen_day_unseen_rx overall_tx=41.45% strict_udu=41.45% (24869/60000)
[SAT-TEST] scenario=rain_leo selected=test_unseen_day_unseen_rx overall_tx=40.23% strict_udu=40.23% (24139/60000)
[SAT-TEST] scenario=storm_mp selected=test_unseen_day_unseen_rx overall_tx=35.88% strict_udu=35.88% (21531/60000)
[SAT-TEST] scenario=mixed_orbit selected=test_unseen_day_unseen_rx overall_tx=38.82% strict_udu=38.82% (23291/60000)
[BEST-TEST] overall=89.94% @ E056 -> finalist_runs/C4_A2_ecc003_satmain_seed1337/best_model_test_overall.pth | unseen_day_unseen_rx=84.88% @ E063 -> finalist_runs/C4_A2_ecc003_satmain_seed1337/best_model_strict_udu.pth | unseen_day_seen_rx=93.84% @ E043 | seen_day_unseen_rx=90.12% @ E056
[BEST-PRIMARY] score=86.55 @ E056 -> finalist_runs/C4_A2_ecc003_satmain_seed1337/best_model_primary_ood.pth | overall=89.94% strict_udu=84.72%
[BEST-WORST-RX] worst_rx=84.14% (test_rx_7) @ E061 -> finalist_runs/C4_A2_ecc003_satmain_seed1337/best_model_worst_rx.pth
====================================================================================================================================
[Epoch 086/200] time=86.5s | lr=1.22e-04 | aux_scale=1.000
[STAGE] phase=S3_refine_aux | use_aux=1.0 cons=0.87 cls_aux=0.82 reg=0.87 joint_inv=0.26 kl=0.51 group_ce=1.00
[MIXSTYLE-EPOCH] phase=base enabled=1 p=0.150 strength=0.650 anneal_t=0.000
[AUG] scale=0.350 | p_dac=0.000 p_pa=0.049 p_shift=0.122 p_cfo=0.122 p_awgn=0.140 p_mp=0.063 | max_shift=11 cfo_max=0.00014 pn_max=0.0021
------------------------------------------------------------------------------------------------------------------------------------
[LOSS-CORE] total=4.4376 cls=1.6959 dom=0.4483 adv=2.6231 orth=0.0025 cons=0.1817 group_ce=2.8118
[LOSS-AUX]  cls_pa=1.7534 cls_dac=0.0000 pa_joint_inv=0.2438 pa_kl=1.5384 dac_reg=0.0000 pa_reg=0.0148 gap_dac=0.0000 gap_pa=0.2696 cos_joint_pa=0.7562 cos_imp_pa=nan
[LOSS-SAT]  cls_sat=9.8967 sat_cons=0.7179 sat_cos=0.2821
[LOSS-DG]   proto=0.0000 proto_cos=nan supcon=0.0000 fishr=0.0016 sgc_res=0.0000
[LOSS-CAL]  ecc=0.0000 ecc_w=0.0000 ecc_tau=0.9500 ecc_maxp=nan
[TRAIN] tx=86.59% dom=83.81% cons_cos=0.8183
[GRAD]  total=1.808 backbone=1.000 aux=0.750 domain=0.438
[VAL]   tx=98.84% dom=94.67%
[TEST]  overall_tx=88.99% (181530/204000)
[TEST-SPLIT]
          unseen_day_seen_rx(days=['2021_03_15', '2021_03_23'], rxs=[0, 1, 2, 3, 4, 5, 6]): tx=93.26% (78342/84000)
          seen_day_unseen_rx(days=['2021_03_01', '2021_03_08'], rxs=[7, 8, 9, 10, 11]): tx=89.30% (53581/60000)
          unseen_day_unseen_rx(days=['2021_03_15', '2021_03_23'], rxs=[7, 8, 9, 10, 11]): tx=82.68% (49607/60000)
          day=2021_03_15 on seen_rxs=[0, 1, 2, 3, 4, 5, 6]: tx=96.22% (40412/42000)
          day=2021_03_23 on seen_rxs=[0, 1, 2, 3, 4, 5, 6]: tx=90.31% (37930/42000)
          rx=7 on seen_days=['2021_03_01', '2021_03_08']: tx=81.46% (9775/12000)
          rx=8 on seen_days=['2021_03_01', '2021_03_08']: tx=82.99% (9959/12000)
          rx=9 on seen_days=['2021_03_01', '2021_03_08']: tx=94.18% (11302/12000)
          rx=10 on seen_days=['2021_03_01', '2021_03_08']: tx=93.26% (11191/12000)
          rx=11 on seen_days=['2021_03_01', '2021_03_08']: tx=94.62% (11354/12000)
[BEST-JOINT]  val_tx=98.95% & test_tx=89.48% @ E074
[CKPT]  latest -> finalist_runs/C4_A2_ecc003_satmain_seed1337/latest_model.pth (saved) | best -> finalist_runs/C4_A2_ecc003_satmain_seed1337/best_model_val.pth
====================================================================================================================================
[SAT-TEST] scenario=clear_leo selected=test_unseen_day_unseen_rx overall_tx=44.63% strict_udu=44.63% (26778/60000)
[SAT-TEST] scenario=low_elev_leo selected=test_unseen_day_unseen_rx overall_tx=44.06% strict_udu=44.06% (26436/60000)
[SAT-TEST] scenario=rain_leo selected=test_unseen_day_unseen_rx overall_tx=41.96% strict_udu=41.96% (25175/60000)
[SAT-TEST] scenario=storm_mp selected=test_unseen_day_unseen_rx overall_tx=36.53% strict_udu=36.53% (21918/60000)
[SAT-TEST] scenario=mixed_orbit selected=test_unseen_day_unseen_rx overall_tx=39.83% strict_udu=39.83% (23896/60000)
[BEST-TEST] overall=89.94% @ E056 -> finalist_runs/C4_A2_ecc003_satmain_seed1337/best_model_test_overall.pth | unseen_day_unseen_rx=84.88% @ E063 -> finalist_runs/C4_A2_ecc003_satmain_seed1337/best_model_strict_udu.pth | unseen_day_seen_rx=93.84% @ E043 | seen_day_unseen_rx=90.12% @ E056
[BEST-PRIMARY] score=86.55 @ E056 -> finalist_runs/C4_A2_ecc003_satmain_seed1337/best_model_primary_ood.pth | overall=89.94% strict_udu=84.72%
[BEST-WORST-RX] worst_rx=84.14% (test_rx_7) @ E061 -> finalist_runs/C4_A2_ecc003_satmain_seed1337/best_model_worst_rx.pth
====================================================================================================================================
[Epoch 087/200] time=86.2s | lr=1.21e-04 | aux_scale=1.000
[STAGE] phase=S3_refine_aux | use_aux=1.0 cons=0.87 cls_aux=0.83 reg=0.87 joint_inv=0.26 kl=0.52 group_ce=1.00
[MIXSTYLE-EPOCH] phase=base enabled=1 p=0.150 strength=0.650 anneal_t=0.000
[AUG] scale=0.350 | p_dac=0.000 p_pa=0.049 p_shift=0.122 p_cfo=0.122 p_awgn=0.140 p_mp=0.063 | max_shift=11 cfo_max=0.00014 pn_max=0.0021
------------------------------------------------------------------------------------------------------------------------------------
[LOSS-CORE] total=4.4939 cls=1.7683 dom=0.4585 adv=2.6201 orth=0.0023 cons=0.1954 group_ce=2.9309
[LOSS-AUX]  cls_pa=1.5587 cls_dac=0.0000 pa_joint_inv=0.2379 pa_kl=1.3612 dac_reg=0.0000 pa_reg=0.0148 gap_dac=0.0000 gap_pa=0.2674 cos_joint_pa=0.7621 cos_imp_pa=nan
[LOSS-SAT]  cls_sat=9.7712 sat_cons=0.7155 sat_cos=0.2845
[LOSS-DG]   proto=0.0000 proto_cos=nan supcon=0.0000 fishr=0.0017 sgc_res=0.0000
[LOSS-CAL]  ecc=0.0000 ecc_w=0.0000 ecc_tau=0.9500 ecc_maxp=nan
[TRAIN] tx=85.61% dom=83.34% cons_cos=0.8046
[GRAD]  total=1.640 backbone=1.000 aux=0.750 domain=0.446
[VAL]   tx=98.88% dom=94.71%
[TEST]  overall_tx=88.83% (181219/204000)
[TEST-SPLIT]
          unseen_day_seen_rx(days=['2021_03_15', '2021_03_23'], rxs=[0, 1, 2, 3, 4, 5, 6]): tx=92.69% (77858/84000)
          seen_day_unseen_rx(days=['2021_03_01', '2021_03_08'], rxs=[7, 8, 9, 10, 11]): tx=88.70% (53221/60000)
          unseen_day_unseen_rx(days=['2021_03_15', '2021_03_23'], rxs=[7, 8, 9, 10, 11]): tx=83.57% (50140/60000)
          day=2021_03_15 on seen_rxs=[0, 1, 2, 3, 4, 5, 6]: tx=94.32% (39615/42000)
          day=2021_03_23 on seen_rxs=[0, 1, 2, 3, 4, 5, 6]: tx=91.05% (38243/42000)
          rx=7 on seen_days=['2021_03_01', '2021_03_08']: tx=81.47% (9776/12000)
          rx=8 on seen_days=['2021_03_01', '2021_03_08']: tx=83.42% (10010/12000)
          rx=9 on seen_days=['2021_03_01', '2021_03_08']: tx=90.94% (10913/12000)
          rx=10 on seen_days=['2021_03_01', '2021_03_08']: tx=92.42% (11091/12000)
          rx=11 on seen_days=['2021_03_01', '2021_03_08']: tx=95.26% (11431/12000)
[BEST-JOINT]  val_tx=98.95% & test_tx=89.48% @ E074
[CKPT]  latest -> finalist_runs/C4_A2_ecc003_satmain_seed1337/latest_model.pth (saved) | best -> finalist_runs/C4_A2_ecc003_satmain_seed1337/best_model_val.pth
====================================================================================================================================
[SAT-TEST] scenario=clear_leo selected=test_unseen_day_unseen_rx overall_tx=42.09% strict_udu=42.09% (25257/60000)
[SAT-TEST] scenario=low_elev_leo selected=test_unseen_day_unseen_rx overall_tx=41.52% strict_udu=41.52% (24912/60000)
[SAT-TEST] scenario=rain_leo selected=test_unseen_day_unseen_rx overall_tx=39.81% strict_udu=39.81% (23885/60000)
[SAT-TEST] scenario=storm_mp selected=test_unseen_day_unseen_rx overall_tx=35.56% strict_udu=35.56% (21337/60000)
[SAT-TEST] scenario=mixed_orbit selected=test_unseen_day_unseen_rx overall_tx=38.29% strict_udu=38.29% (22974/60000)
[BEST-TEST] overall=89.94% @ E056 -> finalist_runs/C4_A2_ecc003_satmain_seed1337/best_model_test_overall.pth | unseen_day_unseen_rx=84.88% @ E063 -> finalist_runs/C4_A2_ecc003_satmain_seed1337/best_model_strict_udu.pth | unseen_day_seen_rx=93.84% @ E043 | seen_day_unseen_rx=90.12% @ E056
[BEST-PRIMARY] score=86.55 @ E056 -> finalist_runs/C4_A2_ecc003_satmain_seed1337/best_model_primary_ood.pth | overall=89.94% strict_udu=84.72%
[BEST-WORST-RX] worst_rx=84.14% (test_rx_7) @ E061 -> finalist_runs/C4_A2_ecc003_satmain_seed1337/best_model_worst_rx.pth
====================================================================================================================================
[Epoch 088/200] time=86.7s | lr=1.19e-04 | aux_scale=1.000
[STAGE] phase=S3_refine_aux | use_aux=1.0 cons=0.88 cls_aux=0.84 reg=0.88 joint_inv=0.26 kl=0.52 group_ce=1.00
[MIXSTYLE-EPOCH] phase=base enabled=1 p=0.150 strength=0.650 anneal_t=0.000
[AUG] scale=0.350 | p_dac=0.000 p_pa=0.049 p_shift=0.122 p_cfo=0.122 p_awgn=0.140 p_mp=0.063 | max_shift=11 cfo_max=0.00014 pn_max=0.0021
------------------------------------------------------------------------------------------------------------------------------------
[LOSS-CORE] total=4.4295 cls=1.7041 dom=0.4431 adv=2.6154 orth=0.0025 cons=0.1989 group_ce=2.9006
[LOSS-AUX]  cls_pa=1.6796 cls_dac=0.0000 pa_joint_inv=0.2410 pa_kl=1.4923 dac_reg=0.0000 pa_reg=0.0146 gap_dac=0.0000 gap_pa=0.2748 cos_joint_pa=0.7590 cos_imp_pa=nan
[LOSS-SAT]  cls_sat=9.6770 sat_cons=0.7227 sat_cos=0.2773
[LOSS-DG]   proto=0.0000 proto_cos=nan supcon=0.0000 fishr=0.0017 sgc_res=0.0000
[LOSS-CAL]  ecc=0.0000 ecc_w=0.0000 ecc_tau=0.9500 ecc_maxp=nan
[TRAIN] tx=86.46% dom=83.68% cons_cos=0.8011
[GRAD]  total=1.680 backbone=1.000 aux=0.750 domain=0.438
[VAL]   tx=98.95% dom=94.90%
[TEST]  overall_tx=89.22% (182015/204000)
[TEST-SPLIT]
          unseen_day_seen_rx(days=['2021_03_15', '2021_03_23'], rxs=[0, 1, 2, 3, 4, 5, 6]): tx=93.33% (78397/84000)
          seen_day_unseen_rx(days=['2021_03_01', '2021_03_08'], rxs=[7, 8, 9, 10, 11]): tx=89.40% (53640/60000)
          unseen_day_unseen_rx(days=['2021_03_15', '2021_03_23'], rxs=[7, 8, 9, 10, 11]): tx=83.30% (49978/60000)
          day=2021_03_15 on seen_rxs=[0, 1, 2, 3, 4, 5, 6]: tx=95.22% (39992/42000)
          day=2021_03_23 on seen_rxs=[0, 1, 2, 3, 4, 5, 6]: tx=91.44% (38405/42000)
          rx=7 on seen_days=['2021_03_01', '2021_03_08']: tx=82.58% (9910/12000)
          rx=8 on seen_days=['2021_03_01', '2021_03_08']: tx=83.77% (10052/12000)
          rx=9 on seen_days=['2021_03_01', '2021_03_08']: tx=93.25% (11190/12000)
          rx=10 on seen_days=['2021_03_01', '2021_03_08']: tx=91.90% (11028/12000)
          rx=11 on seen_days=['2021_03_01', '2021_03_08']: tx=95.50% (11460/12000)
[BEST-JOINT]  val_tx=98.95% & test_tx=89.48% @ E074
[CKPT]  latest -> finalist_runs/C4_A2_ecc003_satmain_seed1337/latest_model.pth (saved) | best -> finalist_runs/C4_A2_ecc003_satmain_seed1337/best_model_val.pth
====================================================================================================================================
[SAT-TEST] scenario=clear_leo selected=test_unseen_day_unseen_rx overall_tx=43.37% strict_udu=43.37% (26024/60000)
[SAT-TEST] scenario=low_elev_leo selected=test_unseen_day_unseen_rx overall_tx=42.80% strict_udu=42.80% (25677/60000)
[SAT-TEST] scenario=rain_leo selected=test_unseen_day_unseen_rx overall_tx=40.92% strict_udu=40.92% (24554/60000)
[SAT-TEST] scenario=storm_mp selected=test_unseen_day_unseen_rx overall_tx=35.81% strict_udu=35.81% (21484/60000)
[SAT-TEST] scenario=mixed_orbit selected=test_unseen_day_unseen_rx overall_tx=38.76% strict_udu=38.76% (23253/60000)
[BEST-TEST] overall=89.94% @ E056 -> finalist_runs/C4_A2_ecc003_satmain_seed1337/best_model_test_overall.pth | unseen_day_unseen_rx=84.88% @ E063 -> finalist_runs/C4_A2_ecc003_satmain_seed1337/best_model_strict_udu.pth | unseen_day_seen_rx=93.84% @ E043 | seen_day_unseen_rx=90.12% @ E056
[BEST-PRIMARY] score=86.55 @ E056 -> finalist_runs/C4_A2_ecc003_satmain_seed1337/best_model_primary_ood.pth | overall=89.94% strict_udu=84.72%
[BEST-WORST-RX] worst_rx=84.14% (test_rx_7) @ E061 -> finalist_runs/C4_A2_ecc003_satmain_seed1337/best_model_worst_rx.pth
====================================================================================================================================
[Epoch 089/200] time=87.8s | lr=1.18e-04 | aux_scale=1.000
[STAGE] phase=S3_refine_aux | use_aux=1.0 cons=0.89 cls_aux=0.85 reg=0.89 joint_inv=0.26 kl=0.52 group_ce=1.00
[MIXSTYLE-EPOCH] phase=base enabled=1 p=0.150 strength=0.650 anneal_t=0.000
[AUG] scale=0.350 | p_dac=0.000 p_pa=0.049 p_shift=0.122 p_cfo=0.122 p_awgn=0.140 p_mp=0.063 | max_shift=11 cfo_max=0.00014 pn_max=0.0021
------------------------------------------------------------------------------------------------------------------------------------
[LOSS-CORE] total=3.7562 cls=1.2151 dom=0.3288 adv=2.6155 orth=0.0027 cons=0.1714 group_ce=2.2145
[LOSS-AUX]  cls_pa=1.6686 cls_dac=0.0000 pa_joint_inv=0.2415 pa_kl=1.4716 dac_reg=0.0000 pa_reg=0.0147 gap_dac=0.0000 gap_pa=0.2633 cos_joint_pa=0.7585 cos_imp_pa=nan
[LOSS-SAT]  cls_sat=9.6573 sat_cons=0.7336 sat_cos=0.2664
[LOSS-DG]   proto=0.0000 proto_cos=nan supcon=0.0000 fishr=0.0012 sgc_res=0.0000
[LOSS-CAL]  ecc=0.0000 ecc_w=0.0000 ecc_tau=0.9500 ecc_maxp=nan
[TRAIN] tx=91.00% dom=87.42% cons_cos=0.8286
[GRAD]  total=1.587 backbone=1.000 aux=0.750 domain=0.424
[VAL]   tx=98.72% dom=95.01%
[TEST]  overall_tx=88.20% (179925/204000)
[TEST-SPLIT]
          unseen_day_seen_rx(days=['2021_03_15', '2021_03_23'], rxs=[0, 1, 2, 3, 4, 5, 6]): tx=92.43% (77642/84000)
          seen_day_unseen_rx(days=['2021_03_01', '2021_03_08'], rxs=[7, 8, 9, 10, 11]): tx=87.73% (52639/60000)
          unseen_day_unseen_rx(days=['2021_03_15', '2021_03_23'], rxs=[7, 8, 9, 10, 11]): tx=82.74% (49644/60000)
          day=2021_03_15 on seen_rxs=[0, 1, 2, 3, 4, 5, 6]: tx=94.31% (39609/42000)
          day=2021_03_23 on seen_rxs=[0, 1, 2, 3, 4, 5, 6]: tx=90.55% (38033/42000)
          rx=7 on seen_days=['2021_03_01', '2021_03_08']: tx=81.42% (9771/12000)
          rx=8 on seen_days=['2021_03_01', '2021_03_08']: tx=81.89% (9827/12000)
          rx=9 on seen_days=['2021_03_01', '2021_03_08']: tx=91.33% (10959/12000)
          rx=10 on seen_days=['2021_03_01', '2021_03_08']: tx=90.65% (10878/12000)
          rx=11 on seen_days=['2021_03_01', '2021_03_08']: tx=93.37% (11204/12000)
[BEST-JOINT]  val_tx=98.95% & test_tx=89.48% @ E074
[CKPT]  latest -> finalist_runs/C4_A2_ecc003_satmain_seed1337/latest_model.pth (saved) | best -> finalist_runs/C4_A2_ecc003_satmain_seed1337/best_model_val.pth
====================================================================================================================================
[SAT-TEST] scenario=clear_leo selected=test_unseen_day_unseen_rx overall_tx=42.49% strict_udu=42.49% (25496/60000)
[SAT-TEST] scenario=low_elev_leo selected=test_unseen_day_unseen_rx overall_tx=42.73% strict_udu=42.73% (25640/60000)
[SAT-TEST] scenario=rain_leo selected=test_unseen_day_unseen_rx overall_tx=40.60% strict_udu=40.60% (24358/60000)
[SAT-TEST] scenario=storm_mp selected=test_unseen_day_unseen_rx overall_tx=36.30% strict_udu=36.30% (21783/60000)
[SAT-TEST] scenario=mixed_orbit selected=test_unseen_day_unseen_rx overall_tx=38.17% strict_udu=38.17% (22904/60000)
[BEST-TEST] overall=89.94% @ E056 -> finalist_runs/C4_A2_ecc003_satmain_seed1337/best_model_test_overall.pth | unseen_day_unseen_rx=84.88% @ E063 -> finalist_runs/C4_A2_ecc003_satmain_seed1337/best_model_strict_udu.pth | unseen_day_seen_rx=93.84% @ E043 | seen_day_unseen_rx=90.12% @ E056
[BEST-PRIMARY] score=86.55 @ E056 -> finalist_runs/C4_A2_ecc003_satmain_seed1337/best_model_primary_ood.pth | overall=89.94% strict_udu=84.72%
[BEST-WORST-RX] worst_rx=84.14% (test_rx_7) @ E061 -> finalist_runs/C4_A2_ecc003_satmain_seed1337/best_model_worst_rx.pth
====================================================================================================================================
[Epoch 090/200] time=86.9s | lr=1.16e-04 | aux_scale=1.000
[STAGE] phase=S3_refine_aux | use_aux=1.0 cons=0.89 cls_aux=0.86 reg=0.89 joint_inv=0.26 kl=0.53 group_ce=1.00
[MIXSTYLE-EPOCH] phase=base enabled=1 p=0.150 strength=0.650 anneal_t=0.000
[AUG] scale=0.350 | p_dac=0.000 p_pa=0.049 p_shift=0.122 p_cfo=0.122 p_awgn=0.140 p_mp=0.063 | max_shift=11 cfo_max=0.00014 pn_max=0.0021
------------------------------------------------------------------------------------------------------------------------------------
[LOSS-CORE] total=4.2508 cls=1.5879 dom=0.4014 adv=2.6163 orth=0.0024 cons=0.1909 group_ce=2.7334
[LOSS-AUX]  cls_pa=1.6005 cls_dac=0.0000 pa_joint_inv=0.2394 pa_kl=1.4105 dac_reg=0.0000 pa_reg=0.0147 gap_dac=0.0000 gap_pa=0.2678 cos_joint_pa=0.7606 cos_imp_pa=nan
[LOSS-SAT]  cls_sat=9.7478 sat_cons=0.7253 sat_cos=0.2747
[LOSS-DG]   proto=0.0000 proto_cos=nan supcon=0.0000 fishr=0.0015 sgc_res=0.0000
[LOSS-CAL]  ecc=0.0000 ecc_w=0.0000 ecc_tau=0.9500 ecc_maxp=nan
[TRAIN] tx=87.67% dom=85.35% cons_cos=0.8091
[GRAD]  total=1.752 backbone=1.000 aux=0.750 domain=0.449
[VAL]   tx=98.56% dom=94.90%
[TEST]  overall_tx=88.90% (181362/204000)
[TEST-SPLIT]
          unseen_day_seen_rx(days=['2021_03_15', '2021_03_23'], rxs=[0, 1, 2, 3, 4, 5, 6]): tx=92.96% (78086/84000)
          seen_day_unseen_rx(days=['2021_03_01', '2021_03_08'], rxs=[7, 8, 9, 10, 11]): tx=88.47% (53084/60000)
          unseen_day_unseen_rx(days=['2021_03_15', '2021_03_23'], rxs=[7, 8, 9, 10, 11]): tx=83.65% (50192/60000)
          day=2021_03_15 on seen_rxs=[0, 1, 2, 3, 4, 5, 6]: tx=94.52% (39698/42000)
          day=2021_03_23 on seen_rxs=[0, 1, 2, 3, 4, 5, 6]: tx=91.40% (38388/42000)
          rx=7 on seen_days=['2021_03_01', '2021_03_08']: tx=83.26% (9991/12000)
          rx=8 on seen_days=['2021_03_01', '2021_03_08']: tx=82.24% (9869/12000)
          rx=9 on seen_days=['2021_03_01', '2021_03_08']: tx=91.32% (10958/12000)
          rx=10 on seen_days=['2021_03_01', '2021_03_08']: tx=92.78% (11134/12000)
          rx=11 on seen_days=['2021_03_01', '2021_03_08']: tx=92.77% (11132/12000)
[BEST-JOINT]  val_tx=98.95% & test_tx=89.48% @ E074
[CKPT]  latest -> finalist_runs/C4_A2_ecc003_satmain_seed1337/latest_model.pth (saved) | best -> finalist_runs/C4_A2_ecc003_satmain_seed1337/best_model_val.pth
====================================================================================================================================
[SAT-TEST] scenario=clear_leo selected=test_unseen_day_unseen_rx overall_tx=43.68% strict_udu=43.68% (26209/60000)
[SAT-TEST] scenario=low_elev_leo selected=test_unseen_day_unseen_rx overall_tx=43.32% strict_udu=43.32% (25993/60000)
[SAT-TEST] scenario=rain_leo selected=test_unseen_day_unseen_rx overall_tx=41.35% strict_udu=41.35% (24809/60000)
[SAT-TEST] scenario=storm_mp selected=test_unseen_day_unseen_rx overall_tx=36.77% strict_udu=36.77% (22065/60000)
[SAT-TEST] scenario=mixed_orbit selected=test_unseen_day_unseen_rx overall_tx=39.50% strict_udu=39.50% (23699/60000)
[BEST-TEST] overall=89.94% @ E056 -> finalist_runs/C4_A2_ecc003_satmain_seed1337/best_model_test_overall.pth | unseen_day_unseen_rx=84.88% @ E063 -> finalist_runs/C4_A2_ecc003_satmain_seed1337/best_model_strict_udu.pth | unseen_day_seen_rx=93.84% @ E043 | seen_day_unseen_rx=90.12% @ E056
[BEST-PRIMARY] score=86.55 @ E056 -> finalist_runs/C4_A2_ecc003_satmain_seed1337/best_model_primary_ood.pth | overall=89.94% strict_udu=84.72%
[BEST-WORST-RX] worst_rx=84.14% (test_rx_7) @ E061 -> finalist_runs/C4_A2_ecc003_satmain_seed1337/best_model_worst_rx.pth
====================================================================================================================================
[Epoch 091/200] time=87.0s | lr=1.15e-04 | aux_scale=1.000
[STAGE] phase=S3_refine_aux | use_aux=1.0 cons=0.90 cls_aux=0.87 reg=0.90 joint_inv=0.27 kl=0.54 group_ce=1.00
[MIXSTYLE-EPOCH] phase=base enabled=1 p=0.150 strength=0.650 anneal_t=0.000
[AUG] scale=0.350 | p_dac=0.000 p_pa=0.049 p_shift=0.122 p_cfo=0.122 p_awgn=0.140 p_mp=0.063 | max_shift=11 cfo_max=0.00014 pn_max=0.0021
------------------------------------------------------------------------------------------------------------------------------------
[LOSS-CORE] total=4.6833 cls=1.9168 dom=0.4721 adv=2.6143 orth=0.0024 cons=0.2048 group_ce=3.1080
[LOSS-AUX]  cls_pa=1.5495 cls_dac=0.0000 pa_joint_inv=0.2325 pa_kl=1.3541 dac_reg=0.0000 pa_reg=0.0147 gap_dac=0.0000 gap_pa=0.2699 cos_joint_pa=0.7675 cos_imp_pa=nan
[LOSS-SAT]  cls_sat=9.7693 sat_cons=0.7209 sat_cos=0.2791
[LOSS-DG]   proto=0.0000 proto_cos=nan supcon=0.0000 fishr=0.0019 sgc_res=0.0000
[LOSS-CAL]  ecc=0.0000 ecc_w=0.0000 ecc_tau=0.9500 ecc_maxp=nan
[TRAIN] tx=84.24% dom=82.55% cons_cos=0.7952
[GRAD]  total=1.719 backbone=1.000 aux=0.750 domain=0.439
[VAL]   tx=98.73% dom=94.92%
[TEST]  overall_tx=88.71% (180968/204000)
[TEST-SPLIT]
          unseen_day_seen_rx(days=['2021_03_15', '2021_03_23'], rxs=[0, 1, 2, 3, 4, 5, 6]): tx=92.88% (78016/84000)
          seen_day_unseen_rx(days=['2021_03_01', '2021_03_08'], rxs=[7, 8, 9, 10, 11]): tx=88.06% (52839/60000)
          unseen_day_unseen_rx(days=['2021_03_15', '2021_03_23'], rxs=[7, 8, 9, 10, 11]): tx=83.52% (50113/60000)
          day=2021_03_15 on seen_rxs=[0, 1, 2, 3, 4, 5, 6]: tx=94.32% (39613/42000)
          day=2021_03_23 on seen_rxs=[0, 1, 2, 3, 4, 5, 6]: tx=91.44% (38403/42000)
          rx=7 on seen_days=['2021_03_01', '2021_03_08']: tx=80.56% (9667/12000)
          rx=8 on seen_days=['2021_03_01', '2021_03_08']: tx=83.51% (10021/12000)
          rx=9 on seen_days=['2021_03_01', '2021_03_08']: tx=91.88% (11025/12000)
          rx=10 on seen_days=['2021_03_01', '2021_03_08']: tx=92.10% (11052/12000)
          rx=11 on seen_days=['2021_03_01', '2021_03_08']: tx=92.28% (11074/12000)
[BEST-JOINT]  val_tx=98.95% & test_tx=89.48% @ E074
[CKPT]  latest -> finalist_runs/C4_A2_ecc003_satmain_seed1337/latest_model.pth (saved) | best -> finalist_runs/C4_A2_ecc003_satmain_seed1337/best_model_val.pth
====================================================================================================================================
[SAT-TEST] scenario=clear_leo selected=test_unseen_day_unseen_rx overall_tx=42.23% strict_udu=42.23% (25335/60000)
[SAT-TEST] scenario=low_elev_leo selected=test_unseen_day_unseen_rx overall_tx=41.89% strict_udu=41.89% (25133/60000)
[SAT-TEST] scenario=rain_leo selected=test_unseen_day_unseen_rx overall_tx=39.82% strict_udu=39.82% (23892/60000)
[SAT-TEST] scenario=storm_mp selected=test_unseen_day_unseen_rx overall_tx=35.69% strict_udu=35.69% (21413/60000)
[SAT-TEST] scenario=mixed_orbit selected=test_unseen_day_unseen_rx overall_tx=38.17% strict_udu=38.17% (22905/60000)
[BEST-TEST] overall=89.94% @ E056 -> finalist_runs/C4_A2_ecc003_satmain_seed1337/best_model_test_overall.pth | unseen_day_unseen_rx=84.88% @ E063 -> finalist_runs/C4_A2_ecc003_satmain_seed1337/best_model_strict_udu.pth | unseen_day_seen_rx=93.84% @ E043 | seen_day_unseen_rx=90.12% @ E056
[BEST-PRIMARY] score=86.55 @ E056 -> finalist_runs/C4_A2_ecc003_satmain_seed1337/best_model_primary_ood.pth | overall=89.94% strict_udu=84.72%
[BEST-WORST-RX] worst_rx=84.14% (test_rx_7) @ E061 -> finalist_runs/C4_A2_ecc003_satmain_seed1337/best_model_worst_rx.pth
====================================================================================================================================
[Epoch 092/200] time=87.3s | lr=1.13e-04 | aux_scale=1.000
[STAGE] phase=S3_refine_aux | use_aux=1.0 cons=0.91 cls_aux=0.88 reg=0.91 joint_inv=0.27 kl=0.54 group_ce=1.00
[MIXSTYLE-EPOCH] phase=base enabled=1 p=0.150 strength=0.650 anneal_t=0.000
[AUG] scale=0.350 | p_dac=0.000 p_pa=0.049 p_shift=0.122 p_cfo=0.122 p_awgn=0.140 p_mp=0.063 | max_shift=11 cfo_max=0.00014 pn_max=0.0021
------------------------------------------------------------------------------------------------------------------------------------
[LOSS-CORE] total=4.2092 cls=1.5618 dom=0.3971 adv=2.6198 orth=0.0026 cons=0.1882 group_ce=2.6320
[LOSS-AUX]  cls_pa=1.5386 cls_dac=0.0000 pa_joint_inv=0.2332 pa_kl=1.3571 dac_reg=0.0000 pa_reg=0.0150 gap_dac=0.0000 gap_pa=0.2694 cos_joint_pa=0.7668 cos_imp_pa=nan
[LOSS-SAT]  cls_sat=9.7684 sat_cons=0.7319 sat_cos=0.2681
[LOSS-DG]   proto=0.0000 proto_cos=nan supcon=0.0000 fishr=0.0014 sgc_res=0.0000
[LOSS-CAL]  ecc=0.0000 ecc_w=0.0000 ecc_tau=0.9500 ecc_maxp=nan
[TRAIN] tx=87.99% dom=84.90% cons_cos=0.8118
[GRAD]  total=1.594 backbone=1.000 aux=0.750 domain=0.442
[VAL]   tx=98.67% dom=94.76%
[TEST]  overall_tx=88.22% (179971/204000)
[TEST-SPLIT]
          unseen_day_seen_rx(days=['2021_03_15', '2021_03_23'], rxs=[0, 1, 2, 3, 4, 5, 6]): tx=92.37% (77594/84000)
          seen_day_unseen_rx(days=['2021_03_01', '2021_03_08'], rxs=[7, 8, 9, 10, 11]): tx=87.80% (52678/60000)
          unseen_day_unseen_rx(days=['2021_03_15', '2021_03_23'], rxs=[7, 8, 9, 10, 11]): tx=82.83% (49699/60000)
          day=2021_03_15 on seen_rxs=[0, 1, 2, 3, 4, 5, 6]: tx=94.56% (39715/42000)
          day=2021_03_23 on seen_rxs=[0, 1, 2, 3, 4, 5, 6]: tx=90.19% (37879/42000)
          rx=7 on seen_days=['2021_03_01', '2021_03_08']: tx=80.72% (9686/12000)
          rx=8 on seen_days=['2021_03_01', '2021_03_08']: tx=81.47% (9777/12000)
          rx=9 on seen_days=['2021_03_01', '2021_03_08']: tx=91.84% (11021/12000)
          rx=10 on seen_days=['2021_03_01', '2021_03_08']: tx=92.37% (11084/12000)
          rx=11 on seen_days=['2021_03_01', '2021_03_08']: tx=92.58% (11110/12000)
[BEST-JOINT]  val_tx=98.95% & test_tx=89.48% @ E074
[CKPT]  latest -> finalist_runs/C4_A2_ecc003_satmain_seed1337/latest_model.pth (saved) | best -> finalist_runs/C4_A2_ecc003_satmain_seed1337/best_model_val.pth
====================================================================================================================================
[SAT-TEST] scenario=clear_leo selected=test_unseen_day_unseen_rx overall_tx=42.31% strict_udu=42.31% (25387/60000)
[SAT-TEST] scenario=low_elev_leo selected=test_unseen_day_unseen_rx overall_tx=41.45% strict_udu=41.45% (24868/60000)
[SAT-TEST] scenario=rain_leo selected=test_unseen_day_unseen_rx overall_tx=39.55% strict_udu=39.55% (23732/60000)
[SAT-TEST] scenario=storm_mp selected=test_unseen_day_unseen_rx overall_tx=34.93% strict_udu=34.93% (20958/60000)
[SAT-TEST] scenario=mixed_orbit selected=test_unseen_day_unseen_rx overall_tx=37.93% strict_udu=37.93% (22757/60000)
[BEST-TEST] overall=89.94% @ E056 -> finalist_runs/C4_A2_ecc003_satmain_seed1337/best_model_test_overall.pth | unseen_day_unseen_rx=84.88% @ E063 -> finalist_runs/C4_A2_ecc003_satmain_seed1337/best_model_strict_udu.pth | unseen_day_seen_rx=93.84% @ E043 | seen_day_unseen_rx=90.12% @ E056
[BEST-PRIMARY] score=86.55 @ E056 -> finalist_runs/C4_A2_ecc003_satmain_seed1337/best_model_primary_ood.pth | overall=89.94% strict_udu=84.72%
[BEST-WORST-RX] worst_rx=84.14% (test_rx_7) @ E061 -> finalist_runs/C4_A2_ecc003_satmain_seed1337/best_model_worst_rx.pth
====================================================================================================================================
[Epoch 093/200] time=87.8s | lr=1.11e-04 | aux_scale=1.000
[STAGE] phase=S3_refine_aux | use_aux=1.0 cons=0.92 cls_aux=0.89 reg=0.92 joint_inv=0.27 kl=0.55 group_ce=1.00
[MIXSTYLE-EPOCH] phase=base enabled=1 p=0.150 strength=0.650 anneal_t=0.000
[AUG] scale=0.350 | p_dac=0.000 p_pa=0.049 p_shift=0.122 p_cfo=0.122 p_awgn=0.140 p_mp=0.063 | max_shift=11 cfo_max=0.00014 pn_max=0.0021
------------------------------------------------------------------------------------------------------------------------------------
[LOSS-CORE] total=4.5148 cls=1.7798 dom=0.4553 adv=2.6185 orth=0.0023 cons=0.1974 group_ce=2.9604
[LOSS-AUX]  cls_pa=1.5157 cls_dac=0.0000 pa_joint_inv=0.2307 pa_kl=1.3306 dac_reg=0.0000 pa_reg=0.0149 gap_dac=0.0000 gap_pa=0.2626 cos_joint_pa=0.7693 cos_imp_pa=nan
[LOSS-SAT]  cls_sat=9.7127 sat_cons=0.7156 sat_cos=0.2844
[LOSS-DG]   proto=0.0000 proto_cos=nan supcon=0.0000 fishr=0.0016 sgc_res=0.0000
[LOSS-CAL]  ecc=0.0000 ecc_w=0.0000 ecc_tau=0.9500 ecc_maxp=nan
[TRAIN] tx=86.18% dom=83.59% cons_cos=0.8025
[GRAD]  total=1.853 backbone=1.000 aux=0.750 domain=0.425
[VAL]   tx=98.79% dom=94.75%
[TEST]  overall_tx=88.73% (181013/204000)
[TEST-SPLIT]
          unseen_day_seen_rx(days=['2021_03_15', '2021_03_23'], rxs=[0, 1, 2, 3, 4, 5, 6]): tx=92.81% (77964/84000)
          seen_day_unseen_rx(days=['2021_03_01', '2021_03_08'], rxs=[7, 8, 9, 10, 11]): tx=88.02% (52811/60000)
          unseen_day_unseen_rx(days=['2021_03_15', '2021_03_23'], rxs=[7, 8, 9, 10, 11]): tx=83.73% (50238/60000)
          day=2021_03_15 on seen_rxs=[0, 1, 2, 3, 4, 5, 6]: tx=94.83% (39827/42000)
          day=2021_03_23 on seen_rxs=[0, 1, 2, 3, 4, 5, 6]: tx=90.80% (38137/42000)
          rx=7 on seen_days=['2021_03_01', '2021_03_08']: tx=79.22% (9507/12000)
          rx=8 on seen_days=['2021_03_01', '2021_03_08']: tx=85.08% (10209/12000)
          rx=9 on seen_days=['2021_03_01', '2021_03_08']: tx=91.48% (10978/12000)
          rx=10 on seen_days=['2021_03_01', '2021_03_08']: tx=90.09% (10811/12000)
          rx=11 on seen_days=['2021_03_01', '2021_03_08']: tx=94.22% (11306/12000)
[BEST-JOINT]  val_tx=98.95% & test_tx=89.48% @ E074
[CKPT]  latest -> finalist_runs/C4_A2_ecc003_satmain_seed1337/latest_model.pth (saved) | best -> finalist_runs/C4_A2_ecc003_satmain_seed1337/best_model_val.pth
====================================================================================================================================
[SAT-TEST] scenario=clear_leo selected=test_unseen_day_unseen_rx overall_tx=42.20% strict_udu=42.20% (25322/60000)
[SAT-TEST] scenario=low_elev_leo selected=test_unseen_day_unseen_rx overall_tx=41.88% strict_udu=41.88% (25130/60000)
[SAT-TEST] scenario=rain_leo selected=test_unseen_day_unseen_rx overall_tx=39.71% strict_udu=39.71% (23825/60000)
[SAT-TEST] scenario=storm_mp selected=test_unseen_day_unseen_rx overall_tx=35.95% strict_udu=35.95% (21569/60000)
[SAT-TEST] scenario=mixed_orbit selected=test_unseen_day_unseen_rx overall_tx=38.37% strict_udu=38.37% (23020/60000)
[BEST-TEST] overall=89.94% @ E056 -> finalist_runs/C4_A2_ecc003_satmain_seed1337/best_model_test_overall.pth | unseen_day_unseen_rx=84.88% @ E063 -> finalist_runs/C4_A2_ecc003_satmain_seed1337/best_model_strict_udu.pth | unseen_day_seen_rx=93.84% @ E043 | seen_day_unseen_rx=90.12% @ E056
[BEST-PRIMARY] score=86.55 @ E056 -> finalist_runs/C4_A2_ecc003_satmain_seed1337/best_model_primary_ood.pth | overall=89.94% strict_udu=84.72%
[BEST-WORST-RX] worst_rx=84.14% (test_rx_7) @ E061 -> finalist_runs/C4_A2_ecc003_satmain_seed1337/best_model_worst_rx.pth
====================================================================================================================================
[Epoch 094/200] time=85.6s | lr=1.10e-04 | aux_scale=1.000
[STAGE] phase=S3_refine_aux | use_aux=1.0 cons=0.93 cls_aux=0.91 reg=0.93 joint_inv=0.28 kl=0.55 group_ce=1.00
[MIXSTYLE-EPOCH] phase=base enabled=1 p=0.150 strength=0.650 anneal_t=0.000
[AUG] scale=0.350 | p_dac=0.000 p_pa=0.049 p_shift=0.122 p_cfo=0.122 p_awgn=0.140 p_mp=0.063 | max_shift=11 cfo_max=0.00014 pn_max=0.0021
------------------------------------------------------------------------------------------------------------------------------------
[LOSS-CORE] total=4.7242 cls=1.9351 dom=0.4920 adv=2.6199 orth=0.0025 cons=0.1971 group_ce=3.1224
[LOSS-AUX]  cls_pa=1.5027 cls_dac=0.0000 pa_joint_inv=0.2352 pa_kl=1.3120 dac_reg=0.0000 pa_reg=0.0146 gap_dac=0.0000 gap_pa=0.2709 cos_joint_pa=0.7648 cos_imp_pa=nan
[LOSS-SAT]  cls_sat=9.6847 sat_cons=0.7232 sat_cos=0.2768
[LOSS-DG]   proto=0.0000 proto_cos=nan supcon=0.0000 fishr=0.0018 sgc_res=0.0000
[LOSS-CAL]  ecc=0.0000 ecc_w=0.0000 ecc_tau=0.9500 ecc_maxp=nan
[TRAIN] tx=84.65% dom=82.27% cons_cos=0.8029
[GRAD]  total=1.685 backbone=1.000 aux=0.750 domain=0.430
[VAL]   tx=98.95% dom=94.68%
[TEST]  overall_tx=89.60% (182780/204000)
[TEST-SPLIT]
          unseen_day_seen_rx(days=['2021_03_15', '2021_03_23'], rxs=[0, 1, 2, 3, 4, 5, 6]): tx=93.23% (78310/84000)
          seen_day_unseen_rx(days=['2021_03_01', '2021_03_08'], rxs=[7, 8, 9, 10, 11]): tx=89.52% (53714/60000)
          unseen_day_unseen_rx(days=['2021_03_15', '2021_03_23'], rxs=[7, 8, 9, 10, 11]): tx=84.59% (50756/60000)
          day=2021_03_15 on seen_rxs=[0, 1, 2, 3, 4, 5, 6]: tx=95.24% (39999/42000)
          day=2021_03_23 on seen_rxs=[0, 1, 2, 3, 4, 5, 6]: tx=91.22% (38311/42000)
          rx=7 on seen_days=['2021_03_01', '2021_03_08']: tx=82.12% (9854/12000)
          rx=8 on seen_days=['2021_03_01', '2021_03_08']: tx=85.09% (10211/12000)
          rx=9 on seen_days=['2021_03_01', '2021_03_08']: tx=92.60% (11112/12000)
          rx=10 on seen_days=['2021_03_01', '2021_03_08']: tx=91.42% (10971/12000)
          rx=11 on seen_days=['2021_03_01', '2021_03_08']: tx=96.38% (11566/12000)
[BEST-JOINT]  val_tx=98.95% & test_tx=89.48% @ E074
[CKPT]  latest -> finalist_runs/C4_A2_ecc003_satmain_seed1337/latest_model.pth (saved) | best -> finalist_runs/C4_A2_ecc003_satmain_seed1337/best_model_val.pth
====================================================================================================================================
[SAT-TEST] scenario=clear_leo selected=test_unseen_day_unseen_rx overall_tx=42.84% strict_udu=42.84% (25707/60000)
[SAT-TEST] scenario=low_elev_leo selected=test_unseen_day_unseen_rx overall_tx=42.62% strict_udu=42.62% (25572/60000)
[SAT-TEST] scenario=rain_leo selected=test_unseen_day_unseen_rx overall_tx=40.40% strict_udu=40.40% (24239/60000)
[SAT-TEST] scenario=storm_mp selected=test_unseen_day_unseen_rx overall_tx=36.62% strict_udu=36.62% (21975/60000)
[SAT-TEST] scenario=mixed_orbit selected=test_unseen_day_unseen_rx overall_tx=39.15% strict_udu=39.15% (23491/60000)
[BEST-TEST] overall=89.94% @ E056 -> finalist_runs/C4_A2_ecc003_satmain_seed1337/best_model_test_overall.pth | unseen_day_unseen_rx=84.88% @ E063 -> finalist_runs/C4_A2_ecc003_satmain_seed1337/best_model_strict_udu.pth | unseen_day_seen_rx=93.84% @ E043 | seen_day_unseen_rx=90.12% @ E056
[BEST-PRIMARY] score=86.55 @ E056 -> finalist_runs/C4_A2_ecc003_satmain_seed1337/best_model_primary_ood.pth | overall=89.94% strict_udu=84.72%
[BEST-WORST-RX] worst_rx=84.14% (test_rx_7) @ E061 -> finalist_runs/C4_A2_ecc003_satmain_seed1337/best_model_worst_rx.pth
====================================================================================================================================
[Epoch 095/200] time=86.4s | lr=1.08e-04 | aux_scale=1.000
[STAGE] phase=S3_refine_aux | use_aux=1.0 cons=0.94 cls_aux=0.92 reg=0.94 joint_inv=0.28 kl=0.56 group_ce=1.00
[MIXSTYLE-EPOCH] phase=base enabled=1 p=0.150 strength=0.650 anneal_t=0.000
[AUG] scale=0.350 | p_dac=0.000 p_pa=0.049 p_shift=0.122 p_cfo=0.122 p_awgn=0.140 p_mp=0.063 | max_shift=11 cfo_max=0.00014 pn_max=0.0021
------------------------------------------------------------------------------------------------------------------------------------
[LOSS-CORE] total=4.1257 cls=1.4942 dom=0.3985 adv=2.6157 orth=0.0029 cons=0.1805 group_ce=2.5226
[LOSS-AUX]  cls_pa=1.4451 cls_dac=0.0000 pa_joint_inv=0.2285 pa_kl=1.2457 dac_reg=0.0000 pa_reg=0.0146 gap_dac=0.0000 gap_pa=0.2714 cos_joint_pa=0.7715 cos_imp_pa=nan
[LOSS-SAT]  cls_sat=9.8018 sat_cons=0.7226 sat_cos=0.2774
[LOSS-DG]   proto=0.0000 proto_cos=nan supcon=0.0000 fishr=0.0014 sgc_res=0.0000
[LOSS-CAL]  ecc=0.0000 ecc_w=0.0000 ecc_tau=0.9500 ecc_maxp=nan
[TRAIN] tx=88.06% dom=85.34% cons_cos=0.8195
[GRAD]  total=1.674 backbone=1.000 aux=0.750 domain=0.436
[VAL]   tx=98.58% dom=94.96%
[TEST]  overall_tx=88.38% (180305/204000)
[TEST-SPLIT]
          unseen_day_seen_rx(days=['2021_03_15', '2021_03_23'], rxs=[0, 1, 2, 3, 4, 5, 6]): tx=92.85% (77997/84000)
          seen_day_unseen_rx(days=['2021_03_01', '2021_03_08'], rxs=[7, 8, 9, 10, 11]): tx=87.75% (52648/60000)
          unseen_day_unseen_rx(days=['2021_03_15', '2021_03_23'], rxs=[7, 8, 9, 10, 11]): tx=82.77% (49660/60000)
          day=2021_03_15 on seen_rxs=[0, 1, 2, 3, 4, 5, 6]: tx=95.06% (39924/42000)
          day=2021_03_23 on seen_rxs=[0, 1, 2, 3, 4, 5, 6]: tx=90.65% (38073/42000)
          rx=7 on seen_days=['2021_03_01', '2021_03_08']: tx=81.01% (9721/12000)
          rx=8 on seen_days=['2021_03_01', '2021_03_08']: tx=84.07% (10088/12000)
          rx=9 on seen_days=['2021_03_01', '2021_03_08']: tx=91.43% (10972/12000)
          rx=10 on seen_days=['2021_03_01', '2021_03_08']: tx=92.17% (11061/12000)
          rx=11 on seen_days=['2021_03_01', '2021_03_08']: tx=90.05% (10806/12000)
[BEST-JOINT]  val_tx=98.95% & test_tx=89.48% @ E074
[CKPT]  latest -> finalist_runs/C4_A2_ecc003_satmain_seed1337/latest_model.pth (saved) | best -> finalist_runs/C4_A2_ecc003_satmain_seed1337/best_model_val.pth
====================================================================================================================================
[SAT-TEST] scenario=clear_leo selected=test_unseen_day_unseen_rx overall_tx=42.14% strict_udu=42.14% (25283/60000)
[SAT-TEST] scenario=low_elev_leo selected=test_unseen_day_unseen_rx overall_tx=42.22% strict_udu=42.22% (25329/60000)
[SAT-TEST] scenario=rain_leo selected=test_unseen_day_unseen_rx overall_tx=40.23% strict_udu=40.23% (24140/60000)
[SAT-TEST] scenario=storm_mp selected=test_unseen_day_unseen_rx overall_tx=35.96% strict_udu=35.96% (21574/60000)
[SAT-TEST] scenario=mixed_orbit selected=test_unseen_day_unseen_rx overall_tx=37.97% strict_udu=37.97% (22782/60000)
[BEST-TEST] overall=89.94% @ E056 -> finalist_runs/C4_A2_ecc003_satmain_seed1337/best_model_test_overall.pth | unseen_day_unseen_rx=84.88% @ E063 -> finalist_runs/C4_A2_ecc003_satmain_seed1337/best_model_strict_udu.pth | unseen_day_seen_rx=93.84% @ E043 | seen_day_unseen_rx=90.12% @ E056
[BEST-PRIMARY] score=86.55 @ E056 -> finalist_runs/C4_A2_ecc003_satmain_seed1337/best_model_primary_ood.pth | overall=89.94% strict_udu=84.72%
[BEST-WORST-RX] worst_rx=84.14% (test_rx_7) @ E061 -> finalist_runs/C4_A2_ecc003_satmain_seed1337/best_model_worst_rx.pth
====================================================================================================================================
[Epoch 096/200] time=87.9s | lr=1.07e-04 | aux_scale=1.000
[STAGE] phase=S3_refine_aux | use_aux=1.0 cons=0.95 cls_aux=0.94 reg=0.95 joint_inv=0.28 kl=0.57 group_ce=1.00
[MIXSTYLE-EPOCH] phase=base enabled=1 p=0.150 strength=0.650 anneal_t=0.000
[AUG] scale=0.350 | p_dac=0.000 p_pa=0.049 p_shift=0.122 p_cfo=0.122 p_awgn=0.140 p_mp=0.063 | max_shift=11 cfo_max=0.00014 pn_max=0.0021
------------------------------------------------------------------------------------------------------------------------------------
[LOSS-CORE] total=4.5591 cls=1.8183 dom=0.4663 adv=2.6195 orth=0.0025 cons=0.1938 group_ce=3.0416
[LOSS-AUX]  cls_pa=1.4195 cls_dac=0.0000 pa_joint_inv=0.2265 pa_kl=1.2333 dac_reg=0.0000 pa_reg=0.0146 gap_dac=0.0000 gap_pa=0.2708 cos_joint_pa=0.7735 cos_imp_pa=nan
[LOSS-SAT]  cls_sat=9.5564 sat_cons=0.7054 sat_cos=0.2946
[LOSS-DG]   proto=0.0000 proto_cos=nan supcon=0.0000 fishr=0.0019 sgc_res=0.0000
[LOSS-CAL]  ecc=0.0000 ecc_w=0.0000 ecc_tau=0.9500 ecc_maxp=nan
[TRAIN] tx=85.43% dom=82.73% cons_cos=0.8062
[GRAD]  total=1.644 backbone=1.000 aux=0.750 domain=0.438
[VAL]   tx=98.88% dom=94.82%
[TEST]  overall_tx=89.95% (183505/204000)
[TEST-SPLIT]
          unseen_day_seen_rx(days=['2021_03_15', '2021_03_23'], rxs=[0, 1, 2, 3, 4, 5, 6]): tx=93.47% (78512/84000)
          seen_day_unseen_rx(days=['2021_03_01', '2021_03_08'], rxs=[7, 8, 9, 10, 11]): tx=89.88% (53925/60000)
          unseen_day_unseen_rx(days=['2021_03_15', '2021_03_23'], rxs=[7, 8, 9, 10, 11]): tx=85.11% (51068/60000)
          day=2021_03_15 on seen_rxs=[0, 1, 2, 3, 4, 5, 6]: tx=95.28% (40019/42000)
          day=2021_03_23 on seen_rxs=[0, 1, 2, 3, 4, 5, 6]: tx=91.65% (38493/42000)
          rx=7 on seen_days=['2021_03_01', '2021_03_08']: tx=82.69% (9923/12000)
          rx=8 on seen_days=['2021_03_01', '2021_03_08']: tx=85.33% (10240/12000)
          rx=9 on seen_days=['2021_03_01', '2021_03_08']: tx=92.15% (11058/12000)
          rx=10 on seen_days=['2021_03_01', '2021_03_08']: tx=92.83% (11140/12000)
          rx=11 on seen_days=['2021_03_01', '2021_03_08']: tx=96.37% (11564/12000)
[BEST-JOINT]  val_tx=98.95% & test_tx=89.48% @ E074
[CKPT]  latest -> finalist_runs/C4_A2_ecc003_satmain_seed1337/latest_model.pth (saved) | best -> finalist_runs/C4_A2_ecc003_satmain_seed1337/best_model_val.pth
====================================================================================================================================
[SAT-TEST] scenario=clear_leo selected=test_unseen_day_unseen_rx overall_tx=42.77% strict_udu=42.77% (25659/60000)
[SAT-TEST] scenario=low_elev_leo selected=test_unseen_day_unseen_rx overall_tx=41.88% strict_udu=41.88% (25128/60000)
[SAT-TEST] scenario=rain_leo selected=test_unseen_day_unseen_rx overall_tx=40.23% strict_udu=40.23% (24140/60000)
[SAT-TEST] scenario=storm_mp selected=test_unseen_day_unseen_rx overall_tx=36.26% strict_udu=36.26% (21757/60000)
[SAT-TEST] scenario=mixed_orbit selected=test_unseen_day_unseen_rx overall_tx=39.21% strict_udu=39.21% (23526/60000)
[BEST-TEST] overall=89.95% @ E096 -> finalist_runs/C4_A2_ecc003_satmain_seed1337/best_model_test_overall.pth | unseen_day_unseen_rx=85.11% @ E096 -> finalist_runs/C4_A2_ecc003_satmain_seed1337/best_model_strict_udu.pth | unseen_day_seen_rx=93.84% @ E043 | seen_day_unseen_rx=90.12% @ E056
[BEST-PRIMARY] score=86.81 @ E096 -> finalist_runs/C4_A2_ecc003_satmain_seed1337/best_model_primary_ood.pth | overall=89.95% strict_udu=85.11%
[BEST-WORST-RX] worst_rx=84.14% (test_rx_7) @ E061 -> finalist_runs/C4_A2_ecc003_satmain_seed1337/best_model_worst_rx.pth
====================================================================================================================================
[Epoch 097/200] time=87.3s | lr=1.05e-04 | aux_scale=1.000
[STAGE] phase=S3_refine_aux | use_aux=1.0 cons=0.96 cls_aux=0.95 reg=0.96 joint_inv=0.29 kl=0.58 group_ce=1.00
[MIXSTYLE-EPOCH] phase=base enabled=1 p=0.150 strength=0.650 anneal_t=0.000
[AUG] scale=0.350 | p_dac=0.000 p_pa=0.049 p_shift=0.122 p_cfo=0.122 p_awgn=0.140 p_mp=0.063 | max_shift=11 cfo_max=0.00014 pn_max=0.0021
------------------------------------------------------------------------------------------------------------------------------------
[LOSS-CORE] total=4.0213 cls=1.4117 dom=0.3854 adv=2.6191 orth=0.0028 cons=0.1824 group_ce=2.4374
[LOSS-AUX]  cls_pa=1.4306 cls_dac=0.0000 pa_joint_inv=0.2276 pa_kl=1.2484 dac_reg=0.0000 pa_reg=0.0143 gap_dac=0.0000 gap_pa=0.2773 cos_joint_pa=0.7724 cos_imp_pa=nan
[LOSS-SAT]  cls_sat=9.6322 sat_cons=0.7227 sat_cos=0.2773
[LOSS-DG]   proto=0.0000 proto_cos=nan supcon=0.0000 fishr=0.0014 sgc_res=0.0000
[LOSS-CAL]  ecc=0.0000 ecc_w=0.0000 ecc_tau=0.9500 ecc_maxp=nan
[TRAIN] tx=88.74% dom=85.73% cons_cos=0.8176
[GRAD]  total=1.656 backbone=1.000 aux=0.750 domain=0.435
[VAL]   tx=98.38% dom=95.12%
[TEST]  overall_tx=88.63% (180808/204000)
[TEST-SPLIT]
          unseen_day_seen_rx(days=['2021_03_15', '2021_03_23'], rxs=[0, 1, 2, 3, 4, 5, 6]): tx=93.19% (78282/84000)
          seen_day_unseen_rx(days=['2021_03_01', '2021_03_08'], rxs=[7, 8, 9, 10, 11]): tx=88.09% (52852/60000)
          unseen_day_unseen_rx(days=['2021_03_15', '2021_03_23'], rxs=[7, 8, 9, 10, 11]): tx=82.79% (49674/60000)
          day=2021_03_15 on seen_rxs=[0, 1, 2, 3, 4, 5, 6]: tx=95.50% (40110/42000)
          day=2021_03_23 on seen_rxs=[0, 1, 2, 3, 4, 5, 6]: tx=90.89% (38172/42000)
          rx=7 on seen_days=['2021_03_01', '2021_03_08']: tx=82.28% (9873/12000)
          rx=8 on seen_days=['2021_03_01', '2021_03_08']: tx=84.28% (10113/12000)
          rx=9 on seen_days=['2021_03_01', '2021_03_08']: tx=91.22% (10947/12000)
          rx=10 on seen_days=['2021_03_01', '2021_03_08']: tx=92.91% (11149/12000)
          rx=11 on seen_days=['2021_03_01', '2021_03_08']: tx=89.75% (10770/12000)
[BEST-JOINT]  val_tx=98.95% & test_tx=89.48% @ E074
[CKPT]  latest -> finalist_runs/C4_A2_ecc003_satmain_seed1337/latest_model.pth (saved) | best -> finalist_runs/C4_A2_ecc003_satmain_seed1337/best_model_val.pth
====================================================================================================================================
[SAT-TEST] scenario=clear_leo selected=test_unseen_day_unseen_rx overall_tx=43.82% strict_udu=43.82% (26293/60000)
[SAT-TEST] scenario=low_elev_leo selected=test_unseen_day_unseen_rx overall_tx=44.12% strict_udu=44.12% (26469/60000)
[SAT-TEST] scenario=rain_leo selected=test_unseen_day_unseen_rx overall_tx=41.91% strict_udu=41.91% (25146/60000)
[SAT-TEST] scenario=storm_mp selected=test_unseen_day_unseen_rx overall_tx=36.86% strict_udu=36.86% (22118/60000)
[SAT-TEST] scenario=mixed_orbit selected=test_unseen_day_unseen_rx overall_tx=39.38% strict_udu=39.38% (23627/60000)
[BEST-TEST] overall=89.95% @ E096 -> finalist_runs/C4_A2_ecc003_satmain_seed1337/best_model_test_overall.pth | unseen_day_unseen_rx=85.11% @ E096 -> finalist_runs/C4_A2_ecc003_satmain_seed1337/best_model_strict_udu.pth | unseen_day_seen_rx=93.84% @ E043 | seen_day_unseen_rx=90.12% @ E056
[BEST-PRIMARY] score=86.81 @ E096 -> finalist_runs/C4_A2_ecc003_satmain_seed1337/best_model_primary_ood.pth | overall=89.95% strict_udu=85.11%
[BEST-WORST-RX] worst_rx=84.14% (test_rx_7) @ E061 -> finalist_runs/C4_A2_ecc003_satmain_seed1337/best_model_worst_rx.pth
====================================================================================================================================
[Epoch 098/200] time=85.6s | lr=1.04e-04 | aux_scale=1.000
[STAGE] phase=S3_refine_aux | use_aux=1.0 cons=0.97 cls_aux=0.97 reg=0.97 joint_inv=0.29 kl=0.58 group_ce=1.00
[MIXSTYLE-EPOCH] phase=base enabled=1 p=0.150 strength=0.650 anneal_t=0.000
[AUG] scale=0.350 | p_dac=0.000 p_pa=0.049 p_shift=0.122 p_cfo=0.122 p_awgn=0.140 p_mp=0.063 | max_shift=11 cfo_max=0.00014 pn_max=0.0021
------------------------------------------------------------------------------------------------------------------------------------
[LOSS-CORE] total=3.8084 cls=1.2717 dom=0.3488 adv=2.6199 orth=0.0024 cons=0.1727 group_ce=2.1944
[LOSS-AUX]  cls_pa=1.3723 cls_dac=0.0000 pa_joint_inv=0.2242 pa_kl=1.1813 dac_reg=0.0000 pa_reg=0.0147 gap_dac=0.0000 gap_pa=0.2706 cos_joint_pa=0.7758 cos_imp_pa=nan
[LOSS-SAT]  cls_sat=9.5416 sat_cons=0.7235 sat_cos=0.2765
[LOSS-DG]   proto=0.0000 proto_cos=nan supcon=0.0000 fishr=0.0014 sgc_res=0.0000
[LOSS-CAL]  ecc=0.0000 ecc_w=0.0000 ecc_tau=0.9500 ecc_maxp=nan
[TRAIN] tx=90.02% dom=86.94% cons_cos=0.8273
[GRAD]  total=1.613 backbone=1.000 aux=0.750 domain=0.421
[VAL]   tx=98.86% dom=94.64%
[TEST]  overall_tx=89.39% (182354/204000)
[TEST-SPLIT]
          unseen_day_seen_rx(days=['2021_03_15', '2021_03_23'], rxs=[0, 1, 2, 3, 4, 5, 6]): tx=93.34% (78407/84000)
          seen_day_unseen_rx(days=['2021_03_01', '2021_03_08'], rxs=[7, 8, 9, 10, 11]): tx=89.41% (53645/60000)
          unseen_day_unseen_rx(days=['2021_03_15', '2021_03_23'], rxs=[7, 8, 9, 10, 11]): tx=83.84% (50302/60000)
          day=2021_03_15 on seen_rxs=[0, 1, 2, 3, 4, 5, 6]: tx=95.99% (40317/42000)
          day=2021_03_23 on seen_rxs=[0, 1, 2, 3, 4, 5, 6]: tx=90.69% (38090/42000)
          rx=7 on seen_days=['2021_03_01', '2021_03_08']: tx=83.76% (10051/12000)
          rx=8 on seen_days=['2021_03_01', '2021_03_08']: tx=80.53% (9663/12000)
          rx=9 on seen_days=['2021_03_01', '2021_03_08']: tx=93.88% (11265/12000)
          rx=10 on seen_days=['2021_03_01', '2021_03_08']: tx=93.33% (11199/12000)
          rx=11 on seen_days=['2021_03_01', '2021_03_08']: tx=95.56% (11467/12000)
[BEST-JOINT]  val_tx=98.95% & test_tx=89.48% @ E074
[CKPT]  latest -> finalist_runs/C4_A2_ecc003_satmain_seed1337/latest_model.pth (saved) | best -> finalist_runs/C4_A2_ecc003_satmain_seed1337/best_model_val.pth
====================================================================================================================================
[SAT-TEST] scenario=clear_leo selected=test_unseen_day_unseen_rx overall_tx=44.15% strict_udu=44.15% (26487/60000)
[SAT-TEST] scenario=low_elev_leo selected=test_unseen_day_unseen_rx overall_tx=44.49% strict_udu=44.49% (26694/60000)
[SAT-TEST] scenario=rain_leo selected=test_unseen_day_unseen_rx overall_tx=42.23% strict_udu=42.23% (25337/60000)
[SAT-TEST] scenario=storm_mp selected=test_unseen_day_unseen_rx overall_tx=37.07% strict_udu=37.07% (22240/60000)
[SAT-TEST] scenario=mixed_orbit selected=test_unseen_day_unseen_rx overall_tx=39.96% strict_udu=39.96% (23975/60000)
[BEST-TEST] overall=89.95% @ E096 -> finalist_runs/C4_A2_ecc003_satmain_seed1337/best_model_test_overall.pth | unseen_day_unseen_rx=85.11% @ E096 -> finalist_runs/C4_A2_ecc003_satmain_seed1337/best_model_strict_udu.pth | unseen_day_seen_rx=93.84% @ E043 | seen_day_unseen_rx=90.12% @ E056
[BEST-PRIMARY] score=86.81 @ E096 -> finalist_runs/C4_A2_ecc003_satmain_seed1337/best_model_primary_ood.pth | overall=89.95% strict_udu=85.11%
[BEST-WORST-RX] worst_rx=84.14% (test_rx_7) @ E061 -> finalist_runs/C4_A2_ecc003_satmain_seed1337/best_model_worst_rx.pth
====================================================================================================================================
[Epoch 099/200] time=87.3s | lr=1.02e-04 | aux_scale=1.000
[STAGE] phase=S3_refine_aux | use_aux=1.0 cons=0.99 cls_aux=0.98 reg=0.99 joint_inv=0.30 kl=0.59 group_ce=1.00
[MIXSTYLE-EPOCH] phase=base enabled=1 p=0.150 strength=0.650 anneal_t=0.000
[AUG] scale=0.350 | p_dac=0.000 p_pa=0.049 p_shift=0.122 p_cfo=0.122 p_awgn=0.140 p_mp=0.063 | max_shift=11 cfo_max=0.00014 pn_max=0.0021
------------------------------------------------------------------------------------------------------------------------------------
[LOSS-CORE] total=4.4560 cls=1.7239 dom=0.4637 adv=2.6251 orth=0.0024 cons=0.1834 group_ce=2.8037
[LOSS-AUX]  cls_pa=1.3998 cls_dac=0.0000 pa_joint_inv=0.2231 pa_kl=1.2065 dac_reg=0.0000 pa_reg=0.0146 gap_dac=0.0000 gap_pa=0.2658 cos_joint_pa=0.7769 cos_imp_pa=nan
[LOSS-SAT]  cls_sat=9.6553 sat_cons=0.7255 sat_cos=0.2745
[LOSS-DG]   proto=0.0000 proto_cos=nan supcon=0.0000 fishr=0.0016 sgc_res=0.0000
[LOSS-CAL]  ecc=0.0000 ecc_w=0.0000 ecc_tau=0.9500 ecc_maxp=nan
[TRAIN] tx=85.91% dom=83.37% cons_cos=0.8166
[GRAD]  total=1.792 backbone=1.000 aux=0.750 domain=0.427
[VAL]   tx=98.93% dom=95.04%
[TEST]  overall_tx=88.17% (179862/204000)
[TEST-SPLIT]
          unseen_day_seen_rx(days=['2021_03_15', '2021_03_23'], rxs=[0, 1, 2, 3, 4, 5, 6]): tx=92.56% (77750/84000)
          seen_day_unseen_rx(days=['2021_03_01', '2021_03_08'], rxs=[7, 8, 9, 10, 11]): tx=87.40% (52442/60000)
          unseen_day_unseen_rx(days=['2021_03_15', '2021_03_23'], rxs=[7, 8, 9, 10, 11]): tx=82.78% (49670/60000)
          day=2021_03_15 on seen_rxs=[0, 1, 2, 3, 4, 5, 6]: tx=94.26% (39589/42000)
          day=2021_03_23 on seen_rxs=[0, 1, 2, 3, 4, 5, 6]: tx=90.86% (38161/42000)
          rx=7 on seen_days=['2021_03_01', '2021_03_08']: tx=80.20% (9624/12000)
          rx=8 on seen_days=['2021_03_01', '2021_03_08']: tx=80.15% (9618/12000)
          rx=9 on seen_days=['2021_03_01', '2021_03_08']: tx=91.77% (11012/12000)
          rx=10 on seen_days=['2021_03_01', '2021_03_08']: tx=91.53% (10984/12000)
          rx=11 on seen_days=['2021_03_01', '2021_03_08']: tx=93.37% (11204/12000)
[BEST-JOINT]  val_tx=98.95% & test_tx=89.48% @ E074
[CKPT]  latest -> finalist_runs/C4_A2_ecc003_satmain_seed1337/latest_model.pth (saved) | best -> finalist_runs/C4_A2_ecc003_satmain_seed1337/best_model_val.pth
====================================================================================================================================
[SAT-TEST] scenario=clear_leo selected=test_unseen_day_unseen_rx overall_tx=41.48% strict_udu=41.48% (24886/60000)
[SAT-TEST] scenario=low_elev_leo selected=test_unseen_day_unseen_rx overall_tx=41.55% strict_udu=41.55% (24930/60000)
[SAT-TEST] scenario=rain_leo selected=test_unseen_day_unseen_rx overall_tx=39.55% strict_udu=39.55% (23728/60000)
[SAT-TEST] scenario=storm_mp selected=test_unseen_day_unseen_rx overall_tx=35.84% strict_udu=35.84% (21503/60000)
[SAT-TEST] scenario=mixed_orbit selected=test_unseen_day_unseen_rx overall_tx=37.91% strict_udu=37.91% (22748/60000)
[BEST-TEST] overall=89.95% @ E096 -> finalist_runs/C4_A2_ecc003_satmain_seed1337/best_model_test_overall.pth | unseen_day_unseen_rx=85.11% @ E096 -> finalist_runs/C4_A2_ecc003_satmain_seed1337/best_model_strict_udu.pth | unseen_day_seen_rx=93.84% @ E043 | seen_day_unseen_rx=90.12% @ E056
[BEST-PRIMARY] score=86.81 @ E096 -> finalist_runs/C4_A2_ecc003_satmain_seed1337/best_model_primary_ood.pth | overall=89.95% strict_udu=85.11%
[BEST-WORST-RX] worst_rx=84.14% (test_rx_7) @ E061 -> finalist_runs/C4_A2_ecc003_satmain_seed1337/best_model_worst_rx.pth
====================================================================================================================================
[Epoch 100/200] time=87.5s | lr=1.00e-04 | aux_scale=1.000
[STAGE] phase=S3_refine_aux | use_aux=1.0 cons=1.00 cls_aux=1.00 reg=1.00 joint_inv=0.30 kl=0.60 group_ce=1.00
[MIXSTYLE-EPOCH] phase=base enabled=1 p=0.150 strength=0.650 anneal_t=0.000
[AUG] scale=0.350 | p_dac=0.000 p_pa=0.049 p_shift=0.122 p_cfo=0.122 p_awgn=0.140 p_mp=0.063 | max_shift=11 cfo_max=0.00014 pn_max=0.0021
------------------------------------------------------------------------------------------------------------------------------------
[LOSS-CORE] total=4.7825 cls=1.9697 dom=0.4940 adv=2.6200 orth=0.0023 cons=0.1989 group_ce=3.1952
[LOSS-AUX]  cls_pa=1.4389 cls_dac=0.0000 pa_joint_inv=0.2248 pa_kl=1.2464 dac_reg=0.0000 pa_reg=0.0144 gap_dac=0.0000 gap_pa=0.2793 cos_joint_pa=0.7752 cos_imp_pa=nan
[LOSS-SAT]  cls_sat=9.6374 sat_cons=0.7049 sat_cos=0.2951
[LOSS-DG]   proto=0.0000 proto_cos=nan supcon=0.0000 fishr=0.0019 sgc_res=0.0000
[LOSS-CAL]  ecc=0.0000 ecc_w=0.0000 ecc_tau=0.9500 ecc_maxp=nan
[TRAIN] tx=83.72% dom=81.86% cons_cos=0.8011
[GRAD]  total=1.807 backbone=1.000 aux=0.750 domain=0.444
[VAL]   tx=98.93% dom=94.82%
[TEST]  overall_tx=88.67% (180894/204000)
[TEST-SPLIT]
          unseen_day_seen_rx(days=['2021_03_15', '2021_03_23'], rxs=[0, 1, 2, 3, 4, 5, 6]): tx=93.47% (78517/84000)
          seen_day_unseen_rx(days=['2021_03_01', '2021_03_08'], rxs=[7, 8, 9, 10, 11]): tx=88.22% (52934/60000)
          unseen_day_unseen_rx(days=['2021_03_15', '2021_03_23'], rxs=[7, 8, 9, 10, 11]): tx=82.41% (49443/60000)
          day=2021_03_15 on seen_rxs=[0, 1, 2, 3, 4, 5, 6]: tx=95.98% (40313/42000)
          day=2021_03_23 on seen_rxs=[0, 1, 2, 3, 4, 5, 6]: tx=90.96% (38204/42000)
          rx=7 on seen_days=['2021_03_01', '2021_03_08']: tx=79.78% (9573/12000)
          rx=8 on seen_days=['2021_03_01', '2021_03_08']: tx=81.39% (9767/12000)
          rx=9 on seen_days=['2021_03_01', '2021_03_08']: tx=93.73% (11248/12000)
          rx=10 on seen_days=['2021_03_01', '2021_03_08']: tx=93.12% (11175/12000)
          rx=11 on seen_days=['2021_03_01', '2021_03_08']: tx=93.09% (11171/12000)
[BEST-JOINT]  val_tx=98.95% & test_tx=89.48% @ E074
[CKPT]  latest -> finalist_runs/C4_A2_ecc003_satmain_seed1337/latest_model.pth (saved) | best -> finalist_runs/C4_A2_ecc003_satmain_seed1337/best_model_val.pth
====================================================================================================================================
[SAT-TEST] scenario=clear_leo selected=test_unseen_day_unseen_rx overall_tx=43.48% strict_udu=43.48% (26087/60000)
[SAT-TEST] scenario=low_elev_leo selected=test_unseen_day_unseen_rx overall_tx=43.93% strict_udu=43.93% (26360/60000)
[SAT-TEST] scenario=rain_leo selected=test_unseen_day_unseen_rx overall_tx=41.36% strict_udu=41.36% (24814/60000)
[SAT-TEST] scenario=storm_mp selected=test_unseen_day_unseen_rx overall_tx=37.21% strict_udu=37.21% (22325/60000)
[SAT-TEST] scenario=mixed_orbit selected=test_unseen_day_unseen_rx overall_tx=39.17% strict_udu=39.17% (23505/60000)
[BEST-TEST] overall=89.95% @ E096 -> finalist_runs/C4_A2_ecc003_satmain_seed1337/best_model_test_overall.pth | unseen_day_unseen_rx=85.11% @ E096 -> finalist_runs/C4_A2_ecc003_satmain_seed1337/best_model_strict_udu.pth | unseen_day_seen_rx=93.84% @ E043 | seen_day_unseen_rx=90.12% @ E056
[BEST-PRIMARY] score=86.81 @ E096 -> finalist_runs/C4_A2_ecc003_satmain_seed1337/best_model_primary_ood.pth | overall=89.95% strict_udu=85.11%
[BEST-WORST-RX] worst_rx=84.14% (test_rx_7) @ E061 -> finalist_runs/C4_A2_ecc003_satmain_seed1337/best_model_worst_rx.pth
====================================================================================================================================
[Epoch 101/200] time=87.7s | lr=9.89e-05 | aux_scale=1.000
[STAGE] phase=S3_refine_aux | use_aux=1.0 cons=1.00 cls_aux=1.00 reg=1.00 joint_inv=0.30 kl=0.60 group_ce=1.00
[MIXSTYLE-EPOCH] phase=base enabled=1 p=0.150 strength=0.650 anneal_t=0.000
[AUG] scale=0.350 | p_dac=0.000 p_pa=0.049 p_shift=0.122 p_cfo=0.122 p_awgn=0.140 p_mp=0.063 | max_shift=11 cfo_max=0.00014 pn_max=0.0021
------------------------------------------------------------------------------------------------------------------------------------
[LOSS-CORE] total=4.4796 cls=1.7309 dom=0.4694 adv=2.6249 orth=0.0023 cons=0.1781 group_ce=2.7987
[LOSS-AUX]  cls_pa=1.3888 cls_dac=0.0000 pa_joint_inv=0.2240 pa_kl=1.2013 dac_reg=0.0000 pa_reg=0.0145 gap_dac=0.0000 gap_pa=0.2785 cos_joint_pa=0.7760 cos_imp_pa=nan
[LOSS-SAT]  cls_sat=9.8367 sat_cons=0.7154 sat_cos=0.2846
[LOSS-DG]   proto=0.0000 proto_cos=nan supcon=0.0000 fishr=0.0015 sgc_res=0.0000
[LOSS-CAL]  ecc=0.0000 ecc_w=0.0000 ecc_tau=0.9500 ecc_maxp=nan
[TRAIN] tx=85.93% dom=83.32% cons_cos=0.8219
[GRAD]  total=1.760 backbone=1.000 aux=0.750 domain=0.427
[VAL]   tx=98.93% dom=94.43%
[TEST]  overall_tx=89.12% (181815/204000)
[TEST-SPLIT]
          unseen_day_seen_rx(days=['2021_03_15', '2021_03_23'], rxs=[0, 1, 2, 3, 4, 5, 6]): tx=93.73% (78736/84000)
          seen_day_unseen_rx(days=['2021_03_01', '2021_03_08'], rxs=[7, 8, 9, 10, 11]): tx=88.48% (53089/60000)
          unseen_day_unseen_rx(days=['2021_03_15', '2021_03_23'], rxs=[7, 8, 9, 10, 11]): tx=83.32% (49990/60000)
          day=2021_03_15 on seen_rxs=[0, 1, 2, 3, 4, 5, 6]: tx=94.80% (39817/42000)
          day=2021_03_23 on seen_rxs=[0, 1, 2, 3, 4, 5, 6]: tx=92.66% (38919/42000)
          rx=7 on seen_days=['2021_03_01', '2021_03_08']: tx=83.66% (10039/12000)
          rx=8 on seen_days=['2021_03_01', '2021_03_08']: tx=80.97% (9716/12000)
          rx=9 on seen_days=['2021_03_01', '2021_03_08']: tx=92.33% (11079/12000)
          rx=10 on seen_days=['2021_03_01', '2021_03_08']: tx=91.97% (11036/12000)
          rx=11 on seen_days=['2021_03_01', '2021_03_08']: tx=93.49% (11219/12000)
[BEST-JOINT]  val_tx=98.95% & test_tx=89.48% @ E074
[CKPT]  latest -> finalist_runs/C4_A2_ecc003_satmain_seed1337/latest_model.pth (saved) | best -> finalist_runs/C4_A2_ecc003_satmain_seed1337/best_model_val.pth
====================================================================================================================================
[SAT-TEST] scenario=clear_leo selected=test_unseen_day_unseen_rx overall_tx=41.56% strict_udu=41.56% (24938/60000)
[SAT-TEST] scenario=low_elev_leo selected=test_unseen_day_unseen_rx overall_tx=41.66% strict_udu=41.66% (24997/60000)
[SAT-TEST] scenario=rain_leo selected=test_unseen_day_unseen_rx overall_tx=39.48% strict_udu=39.48% (23690/60000)
[SAT-TEST] scenario=storm_mp selected=test_unseen_day_unseen_rx overall_tx=36.21% strict_udu=36.21% (21727/60000)
[SAT-TEST] scenario=mixed_orbit selected=test_unseen_day_unseen_rx overall_tx=38.22% strict_udu=38.22% (22931/60000)
[BEST-TEST] overall=89.95% @ E096 -> finalist_runs/C4_A2_ecc003_satmain_seed1337/best_model_test_overall.pth | unseen_day_unseen_rx=85.11% @ E096 -> finalist_runs/C4_A2_ecc003_satmain_seed1337/best_model_strict_udu.pth | unseen_day_seen_rx=93.84% @ E043 | seen_day_unseen_rx=90.12% @ E056
[BEST-PRIMARY] score=86.81 @ E096 -> finalist_runs/C4_A2_ecc003_satmain_seed1337/best_model_primary_ood.pth | overall=89.95% strict_udu=85.11%
[BEST-WORST-RX] worst_rx=84.14% (test_rx_7) @ E061 -> finalist_runs/C4_A2_ecc003_satmain_seed1337/best_model_worst_rx.pth
====================================================================================================================================
[Epoch 102/200] time=88.2s | lr=9.74e-05 | aux_scale=1.000
[STAGE] phase=S3_refine_aux | use_aux=1.0 cons=1.00 cls_aux=1.00 reg=1.00 joint_inv=0.30 kl=0.60 group_ce=1.00
[MIXSTYLE-EPOCH] phase=base enabled=1 p=0.150 strength=0.650 anneal_t=0.000
[AUG] scale=0.350 | p_dac=0.000 p_pa=0.049 p_shift=0.122 p_cfo=0.122 p_awgn=0.140 p_mp=0.063 | max_shift=11 cfo_max=0.00014 pn_max=0.0021
------------------------------------------------------------------------------------------------------------------------------------
[LOSS-CORE] total=3.8654 cls=1.2999 dom=0.3435 adv=2.6165 orth=0.0026 cons=0.1771 group_ce=2.3092
[LOSS-AUX]  cls_pa=1.4120 cls_dac=0.0000 pa_joint_inv=0.2265 pa_kl=1.2294 dac_reg=0.0000 pa_reg=0.0148 gap_dac=0.0000 gap_pa=0.2746 cos_joint_pa=0.7735 cos_imp_pa=nan
[LOSS-SAT]  cls_sat=9.6416 sat_cons=0.7219 sat_cos=0.2781
[LOSS-DG]   proto=0.0000 proto_cos=nan supcon=0.0000 fishr=0.0012 sgc_res=0.0000
[LOSS-CAL]  ecc=0.0000 ecc_w=0.0000 ecc_tau=0.9500 ecc_maxp=nan
[TRAIN] tx=89.65% dom=87.23% cons_cos=0.8229
[GRAD]  total=1.631 backbone=1.000 aux=0.750 domain=0.418
[VAL]   tx=98.77% dom=95.15%
[TEST]  overall_tx=89.33% (182227/204000)
[TEST-SPLIT]
          unseen_day_seen_rx(days=['2021_03_15', '2021_03_23'], rxs=[0, 1, 2, 3, 4, 5, 6]): tx=93.17% (78267/84000)
          seen_day_unseen_rx(days=['2021_03_01', '2021_03_08'], rxs=[7, 8, 9, 10, 11]): tx=88.95% (53372/60000)
          unseen_day_unseen_rx(days=['2021_03_15', '2021_03_23'], rxs=[7, 8, 9, 10, 11]): tx=84.31% (50588/60000)
          day=2021_03_15 on seen_rxs=[0, 1, 2, 3, 4, 5, 6]: tx=95.31% (40031/42000)
          day=2021_03_23 on seen_rxs=[0, 1, 2, 3, 4, 5, 6]: tx=91.04% (38236/42000)
          rx=7 on seen_days=['2021_03_01', '2021_03_08']: tx=84.06% (10087/12000)
          rx=8 on seen_days=['2021_03_01', '2021_03_08']: tx=84.23% (10108/12000)
          rx=9 on seen_days=['2021_03_01', '2021_03_08']: tx=92.08% (11050/12000)
          rx=10 on seen_days=['2021_03_01', '2021_03_08']: tx=91.33% (10959/12000)
          rx=11 on seen_days=['2021_03_01', '2021_03_08']: tx=93.07% (11168/12000)
[BEST-JOINT]  val_tx=98.95% & test_tx=89.48% @ E074
[CKPT]  latest -> finalist_runs/C4_A2_ecc003_satmain_seed1337/latest_model.pth (saved) | best -> finalist_runs/C4_A2_ecc003_satmain_seed1337/best_model_val.pth
====================================================================================================================================
[SAT-TEST] scenario=clear_leo selected=test_unseen_day_unseen_rx overall_tx=42.87% strict_udu=42.87% (25722/60000)
[SAT-TEST] scenario=low_elev_leo selected=test_unseen_day_unseen_rx overall_tx=42.66% strict_udu=42.66% (25595/60000)
[SAT-TEST] scenario=rain_leo selected=test_unseen_day_unseen_rx overall_tx=40.51% strict_udu=40.51% (24306/60000)
[SAT-TEST] scenario=storm_mp selected=test_unseen_day_unseen_rx overall_tx=35.69% strict_udu=35.69% (21413/60000)
[SAT-TEST] scenario=mixed_orbit selected=test_unseen_day_unseen_rx overall_tx=39.09% strict_udu=39.09% (23454/60000)
[BEST-TEST] overall=89.95% @ E096 -> finalist_runs/C4_A2_ecc003_satmain_seed1337/best_model_test_overall.pth | unseen_day_unseen_rx=85.11% @ E096 -> finalist_runs/C4_A2_ecc003_satmain_seed1337/best_model_strict_udu.pth | unseen_day_seen_rx=93.84% @ E043 | seen_day_unseen_rx=90.12% @ E056
[BEST-PRIMARY] score=86.81 @ E096 -> finalist_runs/C4_A2_ecc003_satmain_seed1337/best_model_primary_ood.pth | overall=89.95% strict_udu=85.11%
[BEST-WORST-RX] worst_rx=84.14% (test_rx_7) @ E061 -> finalist_runs/C4_A2_ecc003_satmain_seed1337/best_model_worst_rx.pth
====================================================================================================================================
[Epoch 103/200] time=86.5s | lr=9.58e-05 | aux_scale=1.000
[STAGE] phase=S3_refine_aux | use_aux=1.0 cons=1.00 cls_aux=1.00 reg=1.00 joint_inv=0.30 kl=0.60 group_ce=1.00
[MIXSTYLE-EPOCH] phase=base enabled=1 p=0.150 strength=0.650 anneal_t=0.000
[AUG] scale=0.350 | p_dac=0.000 p_pa=0.049 p_shift=0.122 p_cfo=0.122 p_awgn=0.140 p_mp=0.063 | max_shift=11 cfo_max=0.00014 pn_max=0.0021
------------------------------------------------------------------------------------------------------------------------------------
[LOSS-CORE] total=4.0427 cls=1.4721 dom=0.3587 adv=2.6225 orth=0.0028 cons=0.1763 group_ce=2.4571
[LOSS-AUX]  cls_pa=1.3003 cls_dac=0.0000 pa_joint_inv=0.2204 pa_kl=1.1160 dac_reg=0.0000 pa_reg=0.0144 gap_dac=0.0000 gap_pa=0.2817 cos_joint_pa=0.7796 cos_imp_pa=nan
[LOSS-SAT]  cls_sat=9.5681 sat_cons=0.7250 sat_cos=0.2750
[LOSS-DG]   proto=0.0000 proto_cos=nan supcon=0.0000 fishr=0.0014 sgc_res=0.0000
[LOSS-CAL]  ecc=0.0000 ecc_w=0.0000 ecc_tau=0.9500 ecc_maxp=nan
[TRAIN] tx=88.51% dom=86.51% cons_cos=0.8237
[GRAD]  total=1.585 backbone=1.000 aux=0.750 domain=0.415
[VAL]   tx=98.86% dom=94.98%
[TEST]  overall_tx=89.07% (181701/204000)
[TEST-SPLIT]
          unseen_day_seen_rx(days=['2021_03_15', '2021_03_23'], rxs=[0, 1, 2, 3, 4, 5, 6]): tx=93.44% (78493/84000)
          seen_day_unseen_rx(days=['2021_03_01', '2021_03_08'], rxs=[7, 8, 9, 10, 11]): tx=88.22% (52935/60000)
          unseen_day_unseen_rx(days=['2021_03_15', '2021_03_23'], rxs=[7, 8, 9, 10, 11]): tx=83.79% (50273/60000)
          day=2021_03_15 on seen_rxs=[0, 1, 2, 3, 4, 5, 6]: tx=95.30% (40024/42000)
          day=2021_03_23 on seen_rxs=[0, 1, 2, 3, 4, 5, 6]: tx=91.59% (38469/42000)
          rx=7 on seen_days=['2021_03_01', '2021_03_08']: tx=83.15% (9978/12000)
          rx=8 on seen_days=['2021_03_01', '2021_03_08']: tx=81.54% (9785/12000)
          rx=9 on seen_days=['2021_03_01', '2021_03_08']: tx=91.94% (11033/12000)
          rx=10 on seen_days=['2021_03_01', '2021_03_08']: tx=92.64% (11117/12000)
          rx=11 on seen_days=['2021_03_01', '2021_03_08']: tx=91.85% (11022/12000)
[BEST-JOINT]  val_tx=98.95% & test_tx=89.48% @ E074
[CKPT]  latest -> finalist_runs/C4_A2_ecc003_satmain_seed1337/latest_model.pth (saved) | best -> finalist_runs/C4_A2_ecc003_satmain_seed1337/best_model_val.pth
====================================================================================================================================
[SAT-TEST] scenario=clear_leo selected=test_unseen_day_unseen_rx overall_tx=42.47% strict_udu=42.47% (25479/60000)
[SAT-TEST] scenario=low_elev_leo selected=test_unseen_day_unseen_rx overall_tx=42.56% strict_udu=42.56% (25537/60000)
[SAT-TEST] scenario=rain_leo selected=test_unseen_day_unseen_rx overall_tx=40.03% strict_udu=40.03% (24019/60000)
[SAT-TEST] scenario=storm_mp selected=test_unseen_day_unseen_rx overall_tx=36.35% strict_udu=36.35% (21812/60000)
[SAT-TEST] scenario=mixed_orbit selected=test_unseen_day_unseen_rx overall_tx=38.86% strict_udu=38.86% (23317/60000)
[BEST-TEST] overall=89.95% @ E096 -> finalist_runs/C4_A2_ecc003_satmain_seed1337/best_model_test_overall.pth | unseen_day_unseen_rx=85.11% @ E096 -> finalist_runs/C4_A2_ecc003_satmain_seed1337/best_model_strict_udu.pth | unseen_day_seen_rx=93.84% @ E043 | seen_day_unseen_rx=90.12% @ E056
[BEST-PRIMARY] score=86.81 @ E096 -> finalist_runs/C4_A2_ecc003_satmain_seed1337/best_model_primary_ood.pth | overall=89.95% strict_udu=85.11%
[BEST-WORST-RX] worst_rx=84.14% (test_rx_7) @ E061 -> finalist_runs/C4_A2_ecc003_satmain_seed1337/best_model_worst_rx.pth
====================================================================================================================================
[Epoch 104/200] time=87.0s | lr=9.43e-05 | aux_scale=1.000
[STAGE] phase=S3_refine_aux | use_aux=1.0 cons=1.00 cls_aux=1.00 reg=1.00 joint_inv=0.30 kl=0.60 group_ce=1.00
[MIXSTYLE-EPOCH] phase=base enabled=1 p=0.150 strength=0.650 anneal_t=0.000
[AUG] scale=0.350 | p_dac=0.000 p_pa=0.049 p_shift=0.122 p_cfo=0.122 p_awgn=0.140 p_mp=0.063 | max_shift=11 cfo_max=0.00014 pn_max=0.0021
------------------------------------------------------------------------------------------------------------------------------------
[LOSS-CORE] total=4.2287 cls=1.5866 dom=0.4023 adv=2.6198 orth=0.0026 cons=0.1856 group_ce=2.6654
[LOSS-AUX]  cls_pa=1.3307 cls_dac=0.0000 pa_joint_inv=0.2176 pa_kl=1.1470 dac_reg=0.0000 pa_reg=0.0147 gap_dac=0.0000 gap_pa=0.2752 cos_joint_pa=0.7824 cos_imp_pa=nan
[LOSS-SAT]  cls_sat=9.5960 sat_cons=0.7159 sat_cos=0.2841
[LOSS-DG]   proto=0.0000 proto_cos=nan supcon=0.0000 fishr=0.0016 sgc_res=0.0000
[LOSS-CAL]  ecc=0.0000 ecc_w=0.0000 ecc_tau=0.9500 ecc_maxp=nan
[TRAIN] tx=87.39% dom=85.31% cons_cos=0.8144
[GRAD]  total=1.664 backbone=1.000 aux=0.750 domain=0.416
[VAL]   tx=98.87% dom=95.18%
[TEST]  overall_tx=88.80% (181161/204000)
[TEST-SPLIT]
          unseen_day_seen_rx(days=['2021_03_15', '2021_03_23'], rxs=[0, 1, 2, 3, 4, 5, 6]): tx=92.48% (77680/84000)
          seen_day_unseen_rx(days=['2021_03_01', '2021_03_08'], rxs=[7, 8, 9, 10, 11]): tx=88.05% (52829/60000)
          unseen_day_unseen_rx(days=['2021_03_15', '2021_03_23'], rxs=[7, 8, 9, 10, 11]): tx=84.42% (50652/60000)
          day=2021_03_15 on seen_rxs=[0, 1, 2, 3, 4, 5, 6]: tx=94.77% (39802/42000)
          day=2021_03_23 on seen_rxs=[0, 1, 2, 3, 4, 5, 6]: tx=90.19% (37878/42000)
          rx=7 on seen_days=['2021_03_01', '2021_03_08']: tx=79.21% (9505/12000)
          rx=8 on seen_days=['2021_03_01', '2021_03_08']: tx=84.24% (10109/12000)
          rx=9 on seen_days=['2021_03_01', '2021_03_08']: tx=91.62% (10994/12000)
          rx=10 on seen_days=['2021_03_01', '2021_03_08']: tx=89.94% (10793/12000)
          rx=11 on seen_days=['2021_03_01', '2021_03_08']: tx=95.23% (11428/12000)
[BEST-JOINT]  val_tx=98.95% & test_tx=89.48% @ E074
[CKPT]  latest -> finalist_runs/C4_A2_ecc003_satmain_seed1337/latest_model.pth (saved) | best -> finalist_runs/C4_A2_ecc003_satmain_seed1337/best_model_val.pth
====================================================================================================================================
[SAT-TEST] scenario=clear_leo selected=test_unseen_day_unseen_rx overall_tx=41.84% strict_udu=41.84% (25104/60000)
[SAT-TEST] scenario=low_elev_leo selected=test_unseen_day_unseen_rx overall_tx=41.77% strict_udu=41.77% (25064/60000)
[SAT-TEST] scenario=rain_leo selected=test_unseen_day_unseen_rx overall_tx=39.50% strict_udu=39.50% (23700/60000)
[SAT-TEST] scenario=storm_mp selected=test_unseen_day_unseen_rx overall_tx=35.73% strict_udu=35.73% (21438/60000)
[SAT-TEST] scenario=mixed_orbit selected=test_unseen_day_unseen_rx overall_tx=38.77% strict_udu=38.77% (23260/60000)
[BEST-TEST] overall=89.95% @ E096 -> finalist_runs/C4_A2_ecc003_satmain_seed1337/best_model_test_overall.pth | unseen_day_unseen_rx=85.11% @ E096 -> finalist_runs/C4_A2_ecc003_satmain_seed1337/best_model_strict_udu.pth | unseen_day_seen_rx=93.84% @ E043 | seen_day_unseen_rx=90.12% @ E056
[BEST-PRIMARY] score=86.81 @ E096 -> finalist_runs/C4_A2_ecc003_satmain_seed1337/best_model_primary_ood.pth | overall=89.95% strict_udu=85.11%
[BEST-WORST-RX] worst_rx=84.14% (test_rx_7) @ E061 -> finalist_runs/C4_A2_ecc003_satmain_seed1337/best_model_worst_rx.pth
====================================================================================================================================
[Epoch 105/200] time=88.0s | lr=9.27e-05 | aux_scale=1.000
[STAGE] phase=S3_refine_aux | use_aux=1.0 cons=1.00 cls_aux=1.00 reg=1.00 joint_inv=0.30 kl=0.60 group_ce=1.00
[MIXSTYLE-EPOCH] phase=base enabled=1 p=0.150 strength=0.650 anneal_t=0.000
[AUG] scale=0.350 | p_dac=0.000 p_pa=0.049 p_shift=0.122 p_cfo=0.122 p_awgn=0.140 p_mp=0.063 | max_shift=11 cfo_max=0.00014 pn_max=0.0021
------------------------------------------------------------------------------------------------------------------------------------
[LOSS-CORE] total=3.7683 cls=1.2400 dom=0.3487 adv=2.6204 orth=0.0026 cons=0.1679 group_ce=2.1490
[LOSS-AUX]  cls_pa=1.3188 cls_dac=0.0000 pa_joint_inv=0.2179 pa_kl=1.1325 dac_reg=0.0000 pa_reg=0.0146 gap_dac=0.0000 gap_pa=0.2746 cos_joint_pa=0.7821 cos_imp_pa=nan
[LOSS-SAT]  cls_sat=9.4957 sat_cons=0.7206 sat_cos=0.2794
[LOSS-DG]   proto=0.0000 proto_cos=nan supcon=0.0000 fishr=0.0011 sgc_res=0.0000
[LOSS-CAL]  ecc=0.0000 ecc_w=0.0000 ecc_tau=0.9500 ecc_maxp=nan
[TRAIN] tx=90.13% dom=86.91% cons_cos=0.8321
[GRAD]  total=1.619 backbone=1.000 aux=0.750 domain=0.423
[VAL]   tx=98.90% dom=95.20%
[TEST]  overall_tx=89.11% (181778/204000)
[TEST-SPLIT]
          unseen_day_seen_rx(days=['2021_03_15', '2021_03_23'], rxs=[0, 1, 2, 3, 4, 5, 6]): tx=93.00% (78124/84000)
          seen_day_unseen_rx(days=['2021_03_01', '2021_03_08'], rxs=[7, 8, 9, 10, 11]): tx=88.16% (52897/60000)
          unseen_day_unseen_rx(days=['2021_03_15', '2021_03_23'], rxs=[7, 8, 9, 10, 11]): tx=84.59% (50757/60000)
          day=2021_03_15 on seen_rxs=[0, 1, 2, 3, 4, 5, 6]: tx=94.82% (39824/42000)
          day=2021_03_23 on seen_rxs=[0, 1, 2, 3, 4, 5, 6]: tx=91.19% (38300/42000)
          rx=7 on seen_days=['2021_03_01', '2021_03_08']: tx=79.71% (9565/12000)
          rx=8 on seen_days=['2021_03_01', '2021_03_08']: tx=83.83% (10059/12000)
          rx=9 on seen_days=['2021_03_01', '2021_03_08']: tx=91.62% (10995/12000)
          rx=10 on seen_days=['2021_03_01', '2021_03_08']: tx=90.78% (10893/12000)
          rx=11 on seen_days=['2021_03_01', '2021_03_08']: tx=94.88% (11385/12000)
[BEST-JOINT]  val_tx=98.95% & test_tx=89.48% @ E074
[CKPT]  latest -> finalist_runs/C4_A2_ecc003_satmain_seed1337/latest_model.pth (saved) | best -> finalist_runs/C4_A2_ecc003_satmain_seed1337/best_model_val.pth
====================================================================================================================================
[SAT-TEST] scenario=clear_leo selected=test_unseen_day_unseen_rx overall_tx=43.08% strict_udu=43.08% (25848/60000)
[SAT-TEST] scenario=low_elev_leo selected=test_unseen_day_unseen_rx overall_tx=43.40% strict_udu=43.40% (26037/60000)
[SAT-TEST] scenario=rain_leo selected=test_unseen_day_unseen_rx overall_tx=40.95% strict_udu=40.95% (24573/60000)
[SAT-TEST] scenario=storm_mp selected=test_unseen_day_unseen_rx overall_tx=36.94% strict_udu=36.94% (22165/60000)
[SAT-TEST] scenario=mixed_orbit selected=test_unseen_day_unseen_rx overall_tx=39.51% strict_udu=39.51% (23705/60000)
[BEST-TEST] overall=89.95% @ E096 -> finalist_runs/C4_A2_ecc003_satmain_seed1337/best_model_test_overall.pth | unseen_day_unseen_rx=85.11% @ E096 -> finalist_runs/C4_A2_ecc003_satmain_seed1337/best_model_strict_udu.pth | unseen_day_seen_rx=93.84% @ E043 | seen_day_unseen_rx=90.12% @ E056
[BEST-PRIMARY] score=86.81 @ E096 -> finalist_runs/C4_A2_ecc003_satmain_seed1337/best_model_primary_ood.pth | overall=89.95% strict_udu=85.11%
[BEST-WORST-RX] worst_rx=84.14% (test_rx_7) @ E061 -> finalist_runs/C4_A2_ecc003_satmain_seed1337/best_model_worst_rx.pth
====================================================================================================================================
[Epoch 106/200] time=87.3s | lr=9.11e-05 | aux_scale=1.000
[STAGE] phase=S3_refine_aux | use_aux=1.0 cons=1.00 cls_aux=1.00 reg=1.00 joint_inv=0.30 kl=0.60 group_ce=1.00
[MIXSTYLE-EPOCH] phase=base enabled=1 p=0.150 strength=0.650 anneal_t=0.000
[AUG] scale=0.350 | p_dac=0.000 p_pa=0.049 p_shift=0.122 p_cfo=0.122 p_awgn=0.140 p_mp=0.063 | max_shift=11 cfo_max=0.00014 pn_max=0.0021
------------------------------------------------------------------------------------------------------------------------------------
[LOSS-CORE] total=4.3704 cls=1.6934 dom=0.4153 adv=2.6225 orth=0.0026 cons=0.1823 group_ce=2.8085
[LOSS-AUX]  cls_pa=1.3441 cls_dac=0.0000 pa_joint_inv=0.2220 pa_kl=1.1532 dac_reg=0.0000 pa_reg=0.0146 gap_dac=0.0000 gap_pa=0.2725 cos_joint_pa=0.7780 cos_imp_pa=nan
[LOSS-SAT]  cls_sat=9.6716 sat_cons=0.7140 sat_cos=0.2860
[LOSS-DG]   proto=0.0000 proto_cos=nan supcon=0.0000 fishr=0.0017 sgc_res=0.0000
[LOSS-CAL]  ecc=0.0000 ecc_w=0.0000 ecc_tau=0.9500 ecc_maxp=nan
[TRAIN] tx=86.51% dom=84.67% cons_cos=0.8177
[GRAD]  total=1.785 backbone=1.000 aux=0.750 domain=0.440
[VAL]   tx=98.74% dom=94.51%
[TEST]  overall_tx=88.47% (180474/204000)
[TEST-SPLIT]
          unseen_day_seen_rx(days=['2021_03_15', '2021_03_23'], rxs=[0, 1, 2, 3, 4, 5, 6]): tx=92.62% (77801/84000)
          seen_day_unseen_rx(days=['2021_03_01', '2021_03_08'], rxs=[7, 8, 9, 10, 11]): tx=87.81% (52687/60000)
          unseen_day_unseen_rx(days=['2021_03_15', '2021_03_23'], rxs=[7, 8, 9, 10, 11]): tx=83.31% (49986/60000)
          day=2021_03_15 on seen_rxs=[0, 1, 2, 3, 4, 5, 6]: tx=94.36% (39632/42000)
          day=2021_03_23 on seen_rxs=[0, 1, 2, 3, 4, 5, 6]: tx=90.88% (38169/42000)
          rx=7 on seen_days=['2021_03_01', '2021_03_08']: tx=81.96% (9835/12000)
          rx=8 on seen_days=['2021_03_01', '2021_03_08']: tx=82.05% (9846/12000)
          rx=9 on seen_days=['2021_03_01', '2021_03_08']: tx=90.78% (10893/12000)
          rx=10 on seen_days=['2021_03_01', '2021_03_08']: tx=92.39% (11087/12000)
          rx=11 on seen_days=['2021_03_01', '2021_03_08']: tx=91.88% (11026/12000)
[BEST-JOINT]  val_tx=98.95% & test_tx=89.48% @ E074
[CKPT]  latest -> finalist_runs/C4_A2_ecc003_satmain_seed1337/latest_model.pth (saved) | best -> finalist_runs/C4_A2_ecc003_satmain_seed1337/best_model_val.pth
====================================================================================================================================
[SAT-TEST] scenario=clear_leo selected=test_unseen_day_unseen_rx overall_tx=43.38% strict_udu=43.38% (26025/60000)
[SAT-TEST] scenario=low_elev_leo selected=test_unseen_day_unseen_rx overall_tx=43.43% strict_udu=43.43% (26060/60000)
[SAT-TEST] scenario=rain_leo selected=test_unseen_day_unseen_rx overall_tx=40.90% strict_udu=40.90% (24541/60000)
[SAT-TEST] scenario=storm_mp selected=test_unseen_day_unseen_rx overall_tx=36.86% strict_udu=36.86% (22117/60000)
[SAT-TEST] scenario=mixed_orbit selected=test_unseen_day_unseen_rx overall_tx=39.56% strict_udu=39.56% (23739/60000)
[BEST-TEST] overall=89.95% @ E096 -> finalist_runs/C4_A2_ecc003_satmain_seed1337/best_model_test_overall.pth | unseen_day_unseen_rx=85.11% @ E096 -> finalist_runs/C4_A2_ecc003_satmain_seed1337/best_model_strict_udu.pth | unseen_day_seen_rx=93.84% @ E043 | seen_day_unseen_rx=90.12% @ E056
[BEST-PRIMARY] score=86.81 @ E096 -> finalist_runs/C4_A2_ecc003_satmain_seed1337/best_model_primary_ood.pth | overall=89.95% strict_udu=85.11%
[BEST-WORST-RX] worst_rx=84.14% (test_rx_7) @ E061 -> finalist_runs/C4_A2_ecc003_satmain_seed1337/best_model_worst_rx.pth
====================================================================================================================================
[Epoch 107/200] time=86.6s | lr=8.96e-05 | aux_scale=1.000
[STAGE] phase=S3_refine_aux | use_aux=1.0 cons=1.00 cls_aux=1.00 reg=1.00 joint_inv=0.30 kl=0.60 group_ce=1.00
[MIXSTYLE-EPOCH] phase=base enabled=1 p=0.150 strength=0.650 anneal_t=0.000
[AUG] scale=0.350 | p_dac=0.000 p_pa=0.049 p_shift=0.122 p_cfo=0.122 p_awgn=0.140 p_mp=0.063 | max_shift=11 cfo_max=0.00014 pn_max=0.0021
------------------------------------------------------------------------------------------------------------------------------------
[LOSS-CORE] total=4.5732 cls=1.8395 dom=0.4436 adv=2.6211 orth=0.0023 cons=0.1924 group_ce=3.0288
[LOSS-AUX]  cls_pa=1.3780 cls_dac=0.0000 pa_joint_inv=0.2266 pa_kl=1.1861 dac_reg=0.0000 pa_reg=0.0144 gap_dac=0.0000 gap_pa=0.2759 cos_joint_pa=0.7734 cos_imp_pa=nan
[LOSS-SAT]  cls_sat=9.6537 sat_cons=0.7059 sat_cos=0.2941
[LOSS-DG]   proto=0.0000 proto_cos=nan supcon=0.0000 fishr=0.0018 sgc_res=0.0000
[LOSS-CAL]  ecc=0.0000 ecc_w=0.0000 ecc_tau=0.9500 ecc_maxp=nan
[TRAIN] tx=85.28% dom=83.95% cons_cos=0.8076
[GRAD]  total=1.608 backbone=1.000 aux=0.750 domain=0.429
[VAL]   tx=98.91% dom=94.78%
[TEST]  overall_tx=88.09% (179699/204000)
[TEST-SPLIT]
          unseen_day_seen_rx(days=['2021_03_15', '2021_03_23'], rxs=[0, 1, 2, 3, 4, 5, 6]): tx=92.52% (77713/84000)
          seen_day_unseen_rx(days=['2021_03_01', '2021_03_08'], rxs=[7, 8, 9, 10, 11]): tx=86.96% (52174/60000)
          unseen_day_unseen_rx(days=['2021_03_15', '2021_03_23'], rxs=[7, 8, 9, 10, 11]): tx=83.02% (49812/60000)
          day=2021_03_15 on seen_rxs=[0, 1, 2, 3, 4, 5, 6]: tx=94.05% (39502/42000)
          day=2021_03_23 on seen_rxs=[0, 1, 2, 3, 4, 5, 6]: tx=90.98% (38211/42000)
          rx=7 on seen_days=['2021_03_01', '2021_03_08']: tx=77.34% (9281/12000)
          rx=8 on seen_days=['2021_03_01', '2021_03_08']: tx=81.29% (9755/12000)
          rx=9 on seen_days=['2021_03_01', '2021_03_08']: tx=90.62% (10875/12000)
          rx=10 on seen_days=['2021_03_01', '2021_03_08']: tx=92.21% (11065/12000)
          rx=11 on seen_days=['2021_03_01', '2021_03_08']: tx=93.32% (11198/12000)
[BEST-JOINT]  val_tx=98.95% & test_tx=89.48% @ E074
[CKPT]  latest -> finalist_runs/C4_A2_ecc003_satmain_seed1337/latest_model.pth (saved) | best -> finalist_runs/C4_A2_ecc003_satmain_seed1337/best_model_val.pth
====================================================================================================================================
[SAT-TEST] scenario=clear_leo selected=test_unseen_day_unseen_rx overall_tx=41.10% strict_udu=41.10% (24660/60000)
[SAT-TEST] scenario=low_elev_leo selected=test_unseen_day_unseen_rx overall_tx=41.90% strict_udu=41.90% (25142/60000)
[SAT-TEST] scenario=rain_leo selected=test_unseen_day_unseen_rx overall_tx=39.29% strict_udu=39.29% (23573/60000)
[SAT-TEST] scenario=storm_mp selected=test_unseen_day_unseen_rx overall_tx=35.72% strict_udu=35.72% (21434/60000)
[SAT-TEST] scenario=mixed_orbit selected=test_unseen_day_unseen_rx overall_tx=37.34% strict_udu=37.34% (22407/60000)
[BEST-TEST] overall=89.95% @ E096 -> finalist_runs/C4_A2_ecc003_satmain_seed1337/best_model_test_overall.pth | unseen_day_unseen_rx=85.11% @ E096 -> finalist_runs/C4_A2_ecc003_satmain_seed1337/best_model_strict_udu.pth | unseen_day_seen_rx=93.84% @ E043 | seen_day_unseen_rx=90.12% @ E056
[BEST-PRIMARY] score=86.81 @ E096 -> finalist_runs/C4_A2_ecc003_satmain_seed1337/best_model_primary_ood.pth | overall=89.95% strict_udu=85.11%
[BEST-WORST-RX] worst_rx=84.14% (test_rx_7) @ E061 -> finalist_runs/C4_A2_ecc003_satmain_seed1337/best_model_worst_rx.pth
====================================================================================================================================
[Epoch 108/200] time=87.2s | lr=8.80e-05 | aux_scale=1.000
[STAGE] phase=S3_refine_aux | use_aux=1.0 cons=1.00 cls_aux=1.00 reg=1.00 joint_inv=0.30 kl=0.60 group_ce=1.00
[MIXSTYLE-EPOCH] phase=base enabled=1 p=0.150 strength=0.650 anneal_t=0.000
[AUG] scale=0.350 | p_dac=0.000 p_pa=0.049 p_shift=0.122 p_cfo=0.122 p_awgn=0.140 p_mp=0.063 | max_shift=11 cfo_max=0.00014 pn_max=0.0021
------------------------------------------------------------------------------------------------------------------------------------
[LOSS-CORE] total=3.7966 cls=1.2622 dom=0.3365 adv=2.6188 orth=0.0023 cons=0.1773 group_ce=2.2805
[LOSS-AUX]  cls_pa=1.3257 cls_dac=0.0000 pa_joint_inv=0.2225 pa_kl=1.1389 dac_reg=0.0000 pa_reg=0.0144 gap_dac=0.0000 gap_pa=0.2754 cos_joint_pa=0.7775 cos_imp_pa=nan
[LOSS-SAT]  cls_sat=9.5678 sat_cons=0.7241 sat_cos=0.2759
[LOSS-DG]   proto=0.0000 proto_cos=nan supcon=0.0000 fishr=0.0013 sgc_res=0.0000
[LOSS-CAL]  ecc=0.0000 ecc_w=0.0000 ecc_tau=0.9500 ecc_maxp=nan
[TRAIN] tx=90.02% dom=87.00% cons_cos=0.8227
[GRAD]  total=1.704 backbone=1.000 aux=0.750 domain=0.421
[VAL]   tx=98.60% dom=94.86%
[TEST]  overall_tx=88.52% (180581/204000)
[TEST-SPLIT]
          unseen_day_seen_rx(days=['2021_03_15', '2021_03_23'], rxs=[0, 1, 2, 3, 4, 5, 6]): tx=93.21% (78296/84000)
          seen_day_unseen_rx(days=['2021_03_01', '2021_03_08'], rxs=[7, 8, 9, 10, 11]): tx=87.36% (52416/60000)
          unseen_day_unseen_rx(days=['2021_03_15', '2021_03_23'], rxs=[7, 8, 9, 10, 11]): tx=83.11% (49869/60000)
          day=2021_03_15 on seen_rxs=[0, 1, 2, 3, 4, 5, 6]: tx=95.19% (39979/42000)
          day=2021_03_23 on seen_rxs=[0, 1, 2, 3, 4, 5, 6]: tx=91.23% (38317/42000)
          rx=7 on seen_days=['2021_03_01', '2021_03_08']: tx=82.18% (9862/12000)
          rx=8 on seen_days=['2021_03_01', '2021_03_08']: tx=79.69% (9563/12000)
          rx=9 on seen_days=['2021_03_01', '2021_03_08']: tx=90.28% (10834/12000)
          rx=10 on seen_days=['2021_03_01', '2021_03_08']: tx=93.78% (11253/12000)
          rx=11 on seen_days=['2021_03_01', '2021_03_08']: tx=90.87% (10904/12000)
[BEST-JOINT]  val_tx=98.95% & test_tx=89.48% @ E074
[CKPT]  latest -> finalist_runs/C4_A2_ecc003_satmain_seed1337/latest_model.pth (saved) | best -> finalist_runs/C4_A2_ecc003_satmain_seed1337/best_model_val.pth
====================================================================================================================================
[SAT-TEST] scenario=clear_leo selected=test_unseen_day_unseen_rx overall_tx=43.42% strict_udu=43.42% (26054/60000)
[SAT-TEST] scenario=low_elev_leo selected=test_unseen_day_unseen_rx overall_tx=44.01% strict_udu=44.01% (26405/60000)
[SAT-TEST] scenario=rain_leo selected=test_unseen_day_unseen_rx overall_tx=41.54% strict_udu=41.54% (24922/60000)
[SAT-TEST] scenario=storm_mp selected=test_unseen_day_unseen_rx overall_tx=37.11% strict_udu=37.11% (22266/60000)
[SAT-TEST] scenario=mixed_orbit selected=test_unseen_day_unseen_rx overall_tx=39.56% strict_udu=39.56% (23739/60000)
[BEST-TEST] overall=89.95% @ E096 -> finalist_runs/C4_A2_ecc003_satmain_seed1337/best_model_test_overall.pth | unseen_day_unseen_rx=85.11% @ E096 -> finalist_runs/C4_A2_ecc003_satmain_seed1337/best_model_strict_udu.pth | unseen_day_seen_rx=93.84% @ E043 | seen_day_unseen_rx=90.12% @ E056
[BEST-PRIMARY] score=86.81 @ E096 -> finalist_runs/C4_A2_ecc003_satmain_seed1337/best_model_primary_ood.pth | overall=89.95% strict_udu=85.11%
[BEST-WORST-RX] worst_rx=84.14% (test_rx_7) @ E061 -> finalist_runs/C4_A2_ecc003_satmain_seed1337/best_model_worst_rx.pth
====================================================================================================================================
[Epoch 109/200] time=86.8s | lr=8.65e-05 | aux_scale=1.000
[STAGE] phase=S3_refine_aux | use_aux=1.0 cons=1.00 cls_aux=1.00 reg=1.00 joint_inv=0.30 kl=0.60 group_ce=1.00
[MIXSTYLE-EPOCH] phase=base enabled=1 p=0.150 strength=0.650 anneal_t=0.000
[AUG] scale=0.350 | p_dac=0.000 p_pa=0.049 p_shift=0.122 p_cfo=0.122 p_awgn=0.140 p_mp=0.063 | max_shift=11 cfo_max=0.00014 pn_max=0.0021
------------------------------------------------------------------------------------------------------------------------------------
[LOSS-CORE] total=3.9809 cls=1.4170 dom=0.3499 adv=2.6198 orth=0.0024 cons=0.1762 group_ce=2.4462
[LOSS-AUX]  cls_pa=1.3368 cls_dac=0.0000 pa_joint_inv=0.2203 pa_kl=1.1582 dac_reg=0.0000 pa_reg=0.0144 gap_dac=0.0000 gap_pa=0.2766 cos_joint_pa=0.7797 cos_imp_pa=nan
[LOSS-SAT]  cls_sat=9.5063 sat_cons=0.7118 sat_cos=0.2882
[LOSS-DG]   proto=0.0000 proto_cos=nan supcon=0.0000 fishr=0.0014 sgc_res=0.0000
[LOSS-CAL]  ecc=0.0000 ecc_w=0.0000 ecc_tau=0.9500 ecc_maxp=nan
[TRAIN] tx=88.85% dom=86.71% cons_cos=0.8238
[GRAD]  total=1.558 backbone=1.000 aux=0.750 domain=0.424
[VAL]   tx=98.58% dom=95.31%
[TEST]  overall_tx=87.83% (179169/204000)
[TEST-SPLIT]
          unseen_day_seen_rx(days=['2021_03_15', '2021_03_23'], rxs=[0, 1, 2, 3, 4, 5, 6]): tx=92.55% (77743/84000)
          seen_day_unseen_rx(days=['2021_03_01', '2021_03_08'], rxs=[7, 8, 9, 10, 11]): tx=86.79% (52073/60000)
          unseen_day_unseen_rx(days=['2021_03_15', '2021_03_23'], rxs=[7, 8, 9, 10, 11]): tx=82.25% (49353/60000)
          day=2021_03_15 on seen_rxs=[0, 1, 2, 3, 4, 5, 6]: tx=94.20% (39562/42000)
          day=2021_03_23 on seen_rxs=[0, 1, 2, 3, 4, 5, 6]: tx=90.91% (38181/42000)
          rx=7 on seen_days=['2021_03_01', '2021_03_08']: tx=81.31% (9757/12000)
          rx=8 on seen_days=['2021_03_01', '2021_03_08']: tx=79.21% (9505/12000)
          rx=9 on seen_days=['2021_03_01', '2021_03_08']: tx=90.12% (10815/12000)
          rx=10 on seen_days=['2021_03_01', '2021_03_08']: tx=92.14% (11057/12000)
          rx=11 on seen_days=['2021_03_01', '2021_03_08']: tx=91.16% (10939/12000)
[BEST-JOINT]  val_tx=98.95% & test_tx=89.48% @ E074
[CKPT]  latest -> finalist_runs/C4_A2_ecc003_satmain_seed1337/latest_model.pth (saved) | best -> finalist_runs/C4_A2_ecc003_satmain_seed1337/best_model_val.pth
====================================================================================================================================
[SAT-TEST] scenario=clear_leo selected=test_unseen_day_unseen_rx overall_tx=42.69% strict_udu=42.69% (25611/60000)
[SAT-TEST] scenario=low_elev_leo selected=test_unseen_day_unseen_rx overall_tx=43.51% strict_udu=43.51% (26108/60000)
[SAT-TEST] scenario=rain_leo selected=test_unseen_day_unseen_rx overall_tx=41.03% strict_udu=41.03% (24621/60000)
[SAT-TEST] scenario=storm_mp selected=test_unseen_day_unseen_rx overall_tx=36.97% strict_udu=36.97% (22183/60000)
[SAT-TEST] scenario=mixed_orbit selected=test_unseen_day_unseen_rx overall_tx=38.48% strict_udu=38.48% (23086/60000)
[BEST-TEST] overall=89.95% @ E096 -> finalist_runs/C4_A2_ecc003_satmain_seed1337/best_model_test_overall.pth | unseen_day_unseen_rx=85.11% @ E096 -> finalist_runs/C4_A2_ecc003_satmain_seed1337/best_model_strict_udu.pth | unseen_day_seen_rx=93.84% @ E043 | seen_day_unseen_rx=90.12% @ E056
[BEST-PRIMARY] score=86.81 @ E096 -> finalist_runs/C4_A2_ecc003_satmain_seed1337/best_model_primary_ood.pth | overall=89.95% strict_udu=85.11%
[BEST-WORST-RX] worst_rx=84.14% (test_rx_7) @ E061 -> finalist_runs/C4_A2_ecc003_satmain_seed1337/best_model_worst_rx.pth
====================================================================================================================================
[Epoch 110/200] time=85.5s | lr=8.49e-05 | aux_scale=1.000
[STAGE] phase=S3_refine_aux | use_aux=1.0 cons=1.00 cls_aux=1.00 reg=1.00 joint_inv=0.30 kl=0.60 group_ce=1.00
[MIXSTYLE-EPOCH] phase=base enabled=1 p=0.150 strength=0.650 anneal_t=0.000
[AUG] scale=0.350 | p_dac=0.000 p_pa=0.049 p_shift=0.122 p_cfo=0.122 p_awgn=0.140 p_mp=0.063 | max_shift=11 cfo_max=0.00014 pn_max=0.0021
------------------------------------------------------------------------------------------------------------------------------------
[LOSS-CORE] total=4.1301 cls=1.5254 dom=0.3896 adv=2.6193 orth=0.0026 cons=0.1860 group_ce=2.6496
[LOSS-AUX]  cls_pa=1.2571 cls_dac=0.0000 pa_joint_inv=0.2143 pa_kl=1.0754 dac_reg=0.0000 pa_reg=0.0146 gap_dac=0.0000 gap_pa=0.2754 cos_joint_pa=0.7857 cos_imp_pa=nan
[LOSS-SAT]  cls_sat=9.4509 sat_cons=0.7099 sat_cos=0.2901
[LOSS-DG]   proto=0.0000 proto_cos=nan supcon=0.0000 fishr=0.0015 sgc_res=0.0000
[LOSS-CAL]  ecc=0.0000 ecc_w=0.0000 ecc_tau=0.9500 ecc_maxp=nan
[TRAIN] tx=88.06% dom=85.62% cons_cos=0.8140
[GRAD]  total=1.736 backbone=1.000 aux=0.750 domain=0.440
[VAL]   tx=98.86% dom=95.25%
[TEST]  overall_tx=89.15% (181862/204000)
[TEST-SPLIT]
          unseen_day_seen_rx(days=['2021_03_15', '2021_03_23'], rxs=[0, 1, 2, 3, 4, 5, 6]): tx=93.18% (78270/84000)
          seen_day_unseen_rx(days=['2021_03_01', '2021_03_08'], rxs=[7, 8, 9, 10, 11]): tx=88.98% (53387/60000)
          unseen_day_unseen_rx(days=['2021_03_15', '2021_03_23'], rxs=[7, 8, 9, 10, 11]): tx=83.67% (50205/60000)
          day=2021_03_15 on seen_rxs=[0, 1, 2, 3, 4, 5, 6]: tx=94.91% (39864/42000)
          day=2021_03_23 on seen_rxs=[0, 1, 2, 3, 4, 5, 6]: tx=91.44% (38406/42000)
          rx=7 on seen_days=['2021_03_01', '2021_03_08']: tx=83.87% (10064/12000)
          rx=8 on seen_days=['2021_03_01', '2021_03_08']: tx=82.76% (9931/12000)
          rx=9 on seen_days=['2021_03_01', '2021_03_08']: tx=91.77% (11012/12000)
          rx=10 on seen_days=['2021_03_01', '2021_03_08']: tx=93.16% (11179/12000)
          rx=11 on seen_days=['2021_03_01', '2021_03_08']: tx=93.34% (11201/12000)
[BEST-JOINT]  val_tx=98.95% & test_tx=89.48% @ E074
[CKPT]  latest -> finalist_runs/C4_A2_ecc003_satmain_seed1337/latest_model.pth (saved) | best -> finalist_runs/C4_A2_ecc003_satmain_seed1337/best_model_val.pth
====================================================================================================================================
[SAT-TEST] scenario=clear_leo selected=test_unseen_day_unseen_rx overall_tx=43.59% strict_udu=43.59% (26152/60000)
[SAT-TEST] scenario=low_elev_leo selected=test_unseen_day_unseen_rx overall_tx=44.04% strict_udu=44.04% (26425/60000)
[SAT-TEST] scenario=rain_leo selected=test_unseen_day_unseen_rx overall_tx=41.48% strict_udu=41.48% (24890/60000)
[SAT-TEST] scenario=storm_mp selected=test_unseen_day_unseen_rx overall_tx=37.29% strict_udu=37.29% (22376/60000)
[SAT-TEST] scenario=mixed_orbit selected=test_unseen_day_unseen_rx overall_tx=39.16% strict_udu=39.16% (23496/60000)
[BEST-TEST] overall=89.95% @ E096 -> finalist_runs/C4_A2_ecc003_satmain_seed1337/best_model_test_overall.pth | unseen_day_unseen_rx=85.11% @ E096 -> finalist_runs/C4_A2_ecc003_satmain_seed1337/best_model_strict_udu.pth | unseen_day_seen_rx=93.84% @ E043 | seen_day_unseen_rx=90.12% @ E056
[BEST-PRIMARY] score=86.81 @ E096 -> finalist_runs/C4_A2_ecc003_satmain_seed1337/best_model_primary_ood.pth | overall=89.95% strict_udu=85.11%
[BEST-WORST-RX] worst_rx=84.14% (test_rx_7) @ E061 -> finalist_runs/C4_A2_ecc003_satmain_seed1337/best_model_worst_rx.pth
====================================================================================================================================
[Epoch 111/200] time=87.5s | lr=8.34e-05 | aux_scale=1.000
[STAGE] phase=S3_refine_aux | use_aux=1.0 cons=1.00 cls_aux=1.00 reg=1.00 joint_inv=0.30 kl=0.60 group_ce=1.00
[MIXSTYLE-EPOCH] phase=late_anneal enabled=1 p=0.147 strength=0.641 anneal_t=0.029
[AUG] scale=0.350 | p_dac=0.000 p_pa=0.049 p_shift=0.122 p_cfo=0.122 p_awgn=0.140 p_mp=0.063 | max_shift=11 cfo_max=0.00014 pn_max=0.0021
------------------------------------------------------------------------------------------------------------------------------------
[LOSS-CORE] total=4.4936 cls=1.7944 dom=0.4438 adv=2.6141 orth=0.0024 cons=0.1932 group_ce=3.0471
[LOSS-AUX]  cls_pa=1.2523 cls_dac=0.0000 pa_joint_inv=0.2193 pa_kl=1.0725 dac_reg=0.0000 pa_reg=0.0143 gap_dac=0.0000 gap_pa=0.2818 cos_joint_pa=0.7807 cos_imp_pa=nan
[LOSS-SAT]  cls_sat=9.5150 sat_cons=0.7112 sat_cos=0.2888
[LOSS-DG]   proto=0.0000 proto_cos=nan supcon=0.0000 fishr=0.0017 sgc_res=0.0000
[LOSS-CAL]  ecc=0.0000 ecc_w=0.0000 ecc_tau=0.9500 ecc_maxp=nan
[TRAIN] tx=85.75% dom=83.82% cons_cos=0.8068
[GRAD]  total=1.828 backbone=1.000 aux=0.750 domain=0.420
[VAL]   tx=98.78% dom=95.30%
[TEST]  overall_tx=88.19% (179900/204000)
[TEST-SPLIT]
          unseen_day_seen_rx(days=['2021_03_15', '2021_03_23'], rxs=[0, 1, 2, 3, 4, 5, 6]): tx=92.01% (77290/84000)
          seen_day_unseen_rx(days=['2021_03_01', '2021_03_08'], rxs=[7, 8, 9, 10, 11]): tx=87.27% (52363/60000)
          unseen_day_unseen_rx(days=['2021_03_15', '2021_03_23'], rxs=[7, 8, 9, 10, 11]): tx=83.75% (50247/60000)
          day=2021_03_15 on seen_rxs=[0, 1, 2, 3, 4, 5, 6]: tx=94.01% (39485/42000)
          day=2021_03_23 on seen_rxs=[0, 1, 2, 3, 4, 5, 6]: tx=90.01% (37805/42000)
          rx=7 on seen_days=['2021_03_01', '2021_03_08']: tx=78.11% (9373/12000)
          rx=8 on seen_days=['2021_03_01', '2021_03_08']: tx=83.41% (10009/12000)
          rx=9 on seen_days=['2021_03_01', '2021_03_08']: tx=90.98% (10918/12000)
          rx=10 on seen_days=['2021_03_01', '2021_03_08']: tx=88.66% (10639/12000)
          rx=11 on seen_days=['2021_03_01', '2021_03_08']: tx=95.20% (11424/12000)
[BEST-JOINT]  val_tx=98.95% & test_tx=89.48% @ E074
[CKPT]  latest -> finalist_runs/C4_A2_ecc003_satmain_seed1337/latest_model.pth (saved) | best -> finalist_runs/C4_A2_ecc003_satmain_seed1337/best_model_val.pth
====================================================================================================================================
[SAT-TEST] scenario=clear_leo selected=test_unseen_day_unseen_rx overall_tx=42.21% strict_udu=42.21% (25326/60000)
[SAT-TEST] scenario=low_elev_leo selected=test_unseen_day_unseen_rx overall_tx=42.68% strict_udu=42.68% (25608/60000)
[SAT-TEST] scenario=rain_leo selected=test_unseen_day_unseen_rx overall_tx=40.32% strict_udu=40.32% (24191/60000)
[SAT-TEST] scenario=storm_mp selected=test_unseen_day_unseen_rx overall_tx=36.73% strict_udu=36.73% (22040/60000)
[SAT-TEST] scenario=mixed_orbit selected=test_unseen_day_unseen_rx overall_tx=39.02% strict_udu=39.02% (23412/60000)
[BEST-TEST] overall=89.95% @ E096 -> finalist_runs/C4_A2_ecc003_satmain_seed1337/best_model_test_overall.pth | unseen_day_unseen_rx=85.11% @ E096 -> finalist_runs/C4_A2_ecc003_satmain_seed1337/best_model_strict_udu.pth | unseen_day_seen_rx=93.84% @ E043 | seen_day_unseen_rx=90.12% @ E056
[BEST-PRIMARY] score=86.81 @ E096 -> finalist_runs/C4_A2_ecc003_satmain_seed1337/best_model_primary_ood.pth | overall=89.95% strict_udu=85.11%
[BEST-WORST-RX] worst_rx=84.14% (test_rx_7) @ E061 -> finalist_runs/C4_A2_ecc003_satmain_seed1337/best_model_worst_rx.pth
====================================================================================================================================
[Epoch 112/200] time=85.9s | lr=8.19e-05 | aux_scale=1.000
[STAGE] phase=S3_refine_aux | use_aux=1.0 cons=1.00 cls_aux=1.00 reg=1.00 joint_inv=0.30 kl=0.60 group_ce=1.00
[MIXSTYLE-EPOCH] phase=late_anneal enabled=1 p=0.144 strength=0.633 anneal_t=0.057
[AUG] scale=0.350 | p_dac=0.000 p_pa=0.049 p_shift=0.122 p_cfo=0.122 p_awgn=0.140 p_mp=0.063 | max_shift=11 cfo_max=0.00014 pn_max=0.0021
------------------------------------------------------------------------------------------------------------------------------------
[LOSS-CORE] total=3.7455 cls=1.2445 dom=0.3365 adv=2.6200 orth=0.0026 cons=0.1706 group_ce=2.1939
[LOSS-AUX]  cls_pa=1.2295 cls_dac=0.0000 pa_joint_inv=0.2183 pa_kl=1.0465 dac_reg=0.0000 pa_reg=0.0143 gap_dac=0.0000 gap_pa=0.2823 cos_joint_pa=0.7817 cos_imp_pa=nan
[LOSS-SAT]  cls_sat=9.4807 sat_cons=0.7238 sat_cos=0.2762
[LOSS-DG]   proto=0.0000 proto_cos=nan supcon=0.0000 fishr=0.0012 sgc_res=0.0000
[LOSS-CAL]  ecc=0.0000 ecc_w=0.0000 ecc_tau=0.9500 ecc_maxp=nan
[TRAIN] tx=90.38% dom=87.75% cons_cos=0.8294
[GRAD]  total=1.667 backbone=1.000 aux=0.750 domain=0.416
[VAL]   tx=98.88% dom=95.25%
[TEST]  overall_tx=89.41% (182394/204000)
[TEST-SPLIT]
          unseen_day_seen_rx(days=['2021_03_15', '2021_03_23'], rxs=[0, 1, 2, 3, 4, 5, 6]): tx=93.23% (78313/84000)
          seen_day_unseen_rx(days=['2021_03_01', '2021_03_08'], rxs=[7, 8, 9, 10, 11]): tx=88.91% (53345/60000)
          unseen_day_unseen_rx(days=['2021_03_15', '2021_03_23'], rxs=[7, 8, 9, 10, 11]): tx=84.56% (50736/60000)
          day=2021_03_15 on seen_rxs=[0, 1, 2, 3, 4, 5, 6]: tx=94.21% (39567/42000)
          day=2021_03_23 on seen_rxs=[0, 1, 2, 3, 4, 5, 6]: tx=92.25% (38746/42000)
          rx=7 on seen_days=['2021_03_01', '2021_03_08']: tx=82.92% (9950/12000)
          rx=8 on seen_days=['2021_03_01', '2021_03_08']: tx=82.37% (9884/12000)
          rx=9 on seen_days=['2021_03_01', '2021_03_08']: tx=91.17% (10941/12000)
          rx=10 on seen_days=['2021_03_01', '2021_03_08']: tx=93.07% (11168/12000)
          rx=11 on seen_days=['2021_03_01', '2021_03_08']: tx=95.02% (11402/12000)
[BEST-JOINT]  val_tx=98.95% & test_tx=89.48% @ E074
[CKPT]  latest -> finalist_runs/C4_A2_ecc003_satmain_seed1337/latest_model.pth (saved) | best -> finalist_runs/C4_A2_ecc003_satmain_seed1337/best_model_val.pth
====================================================================================================================================
[SAT-TEST] scenario=clear_leo selected=test_unseen_day_unseen_rx overall_tx=42.90% strict_udu=42.90% (25738/60000)
[SAT-TEST] scenario=low_elev_leo selected=test_unseen_day_unseen_rx overall_tx=42.82% strict_udu=42.82% (25694/60000)
[SAT-TEST] scenario=rain_leo selected=test_unseen_day_unseen_rx overall_tx=40.90% strict_udu=40.90% (24538/60000)
[SAT-TEST] scenario=storm_mp selected=test_unseen_day_unseen_rx overall_tx=37.03% strict_udu=37.03% (22220/60000)
[SAT-TEST] scenario=mixed_orbit selected=test_unseen_day_unseen_rx overall_tx=39.39% strict_udu=39.39% (23636/60000)
[BEST-TEST] overall=89.95% @ E096 -> finalist_runs/C4_A2_ecc003_satmain_seed1337/best_model_test_overall.pth | unseen_day_unseen_rx=85.11% @ E096 -> finalist_runs/C4_A2_ecc003_satmain_seed1337/best_model_strict_udu.pth | unseen_day_seen_rx=93.84% @ E043 | seen_day_unseen_rx=90.12% @ E056
[BEST-PRIMARY] score=86.81 @ E096 -> finalist_runs/C4_A2_ecc003_satmain_seed1337/best_model_primary_ood.pth | overall=89.95% strict_udu=85.11%
[BEST-WORST-RX] worst_rx=84.14% (test_rx_7) @ E061 -> finalist_runs/C4_A2_ecc003_satmain_seed1337/best_model_worst_rx.pth
====================================================================================================================================
[Epoch 113/200] time=86.5s | lr=8.03e-05 | aux_scale=1.000
[STAGE] phase=S3_refine_aux | use_aux=1.0 cons=1.00 cls_aux=1.00 reg=1.00 joint_inv=0.30 kl=0.60 group_ce=1.00
[MIXSTYLE-EPOCH] phase=late_anneal enabled=1 p=0.141 strength=0.624 anneal_t=0.086
[AUG] scale=0.350 | p_dac=0.000 p_pa=0.049 p_shift=0.122 p_cfo=0.122 p_awgn=0.140 p_mp=0.063 | max_shift=11 cfo_max=0.00014 pn_max=0.0021
------------------------------------------------------------------------------------------------------------------------------------
[LOSS-CORE] total=3.9399 cls=1.3882 dom=0.3573 adv=2.6253 orth=0.0025 cons=0.1689 group_ce=2.3269
[LOSS-AUX]  cls_pa=1.2616 cls_dac=0.0000 pa_joint_inv=0.2209 pa_kl=1.0796 dac_reg=0.0000 pa_reg=0.0144 gap_dac=0.0000 gap_pa=0.2780 cos_joint_pa=0.7791 cos_imp_pa=nan
[LOSS-SAT]  cls_sat=9.6236 sat_cons=0.7349 sat_cos=0.2651
[LOSS-DG]   proto=0.0000 proto_cos=nan supcon=0.0000 fishr=0.0012 sgc_res=0.0000
[LOSS-CAL]  ecc=0.0000 ecc_w=0.0000 ecc_tau=0.9500 ecc_maxp=nan
[TRAIN] tx=89.26% dom=86.93% cons_cos=0.8311
[GRAD]  total=1.586 backbone=1.000 aux=0.750 domain=0.420
[VAL]   tx=98.88% dom=95.41%
[TEST]  overall_tx=89.45% (182474/204000)
[TEST-SPLIT]
          unseen_day_seen_rx(days=['2021_03_15', '2021_03_23'], rxs=[0, 1, 2, 3, 4, 5, 6]): tx=93.54% (78575/84000)
          seen_day_unseen_rx(days=['2021_03_01', '2021_03_08'], rxs=[7, 8, 9, 10, 11]): tx=89.17% (53499/60000)
          unseen_day_unseen_rx(days=['2021_03_15', '2021_03_23'], rxs=[7, 8, 9, 10, 11]): tx=84.00% (50400/60000)
          day=2021_03_15 on seen_rxs=[0, 1, 2, 3, 4, 5, 6]: tx=95.25% (40003/42000)
          day=2021_03_23 on seen_rxs=[0, 1, 2, 3, 4, 5, 6]: tx=91.84% (38572/42000)
          rx=7 on seen_days=['2021_03_01', '2021_03_08']: tx=83.58% (10029/12000)
          rx=8 on seen_days=['2021_03_01', '2021_03_08']: tx=82.72% (9926/12000)
          rx=9 on seen_days=['2021_03_01', '2021_03_08']: tx=92.44% (11093/12000)
          rx=10 on seen_days=['2021_03_01', '2021_03_08']: tx=93.72% (11246/12000)
          rx=11 on seen_days=['2021_03_01', '2021_03_08']: tx=93.38% (11205/12000)
[BEST-JOINT]  val_tx=98.95% & test_tx=89.48% @ E074
[CKPT]  latest -> finalist_runs/C4_A2_ecc003_satmain_seed1337/latest_model.pth (saved) | best -> finalist_runs/C4_A2_ecc003_satmain_seed1337/best_model_val.pth
====================================================================================================================================
[SAT-TEST] scenario=clear_leo selected=test_unseen_day_unseen_rx overall_tx=43.65% strict_udu=43.65% (26189/60000)
[SAT-TEST] scenario=low_elev_leo selected=test_unseen_day_unseen_rx overall_tx=44.10% strict_udu=44.10% (26459/60000)
[SAT-TEST] scenario=rain_leo selected=test_unseen_day_unseen_rx overall_tx=41.84% strict_udu=41.84% (25106/60000)
[SAT-TEST] scenario=storm_mp selected=test_unseen_day_unseen_rx overall_tx=37.24% strict_udu=37.24% (22347/60000)
[SAT-TEST] scenario=mixed_orbit selected=test_unseen_day_unseen_rx overall_tx=39.19% strict_udu=39.19% (23513/60000)
[BEST-TEST] overall=89.95% @ E096 -> finalist_runs/C4_A2_ecc003_satmain_seed1337/best_model_test_overall.pth | unseen_day_unseen_rx=85.11% @ E096 -> finalist_runs/C4_A2_ecc003_satmain_seed1337/best_model_strict_udu.pth | unseen_day_seen_rx=93.84% @ E043 | seen_day_unseen_rx=90.12% @ E056
[BEST-PRIMARY] score=86.81 @ E096 -> finalist_runs/C4_A2_ecc003_satmain_seed1337/best_model_primary_ood.pth | overall=89.95% strict_udu=85.11%
[BEST-WORST-RX] worst_rx=84.14% (test_rx_7) @ E061 -> finalist_runs/C4_A2_ecc003_satmain_seed1337/best_model_worst_rx.pth
[WARN][E114] unsafe backward/step skipped #8
====================================================================================================================================
[Epoch 114/200] time=87.0s | lr=7.88e-05 | aux_scale=1.000
[STAGE] phase=S3_refine_aux | use_aux=1.0 cons=1.00 cls_aux=1.00 reg=1.00 joint_inv=0.30 kl=0.60 group_ce=1.00
[MIXSTYLE-EPOCH] phase=late_anneal enabled=1 p=0.139 strength=0.616 anneal_t=0.114
[AUG] scale=0.350 | p_dac=0.000 p_pa=0.049 p_shift=0.122 p_cfo=0.122 p_awgn=0.140 p_mp=0.063 | max_shift=11 cfo_max=0.00014 pn_max=0.0021
------------------------------------------------------------------------------------------------------------------------------------
[LOSS-CORE] total=3.7496 cls=1.2430 dom=0.3301 adv=2.6188 orth=0.0028 cons=0.1773 group_ce=2.2110
[LOSS-AUX]  cls_pa=1.2629 cls_dac=0.0000 pa_joint_inv=0.2160 pa_kl=1.0791 dac_reg=0.0000 pa_reg=0.0145 gap_dac=0.0000 gap_pa=0.2785 cos_joint_pa=0.7840 cos_imp_pa=nan
[LOSS-SAT]  cls_sat=9.5454 sat_cons=0.7262 sat_cos=0.2738
[LOSS-DG]   proto=0.0000 proto_cos=nan supcon=0.0000 fishr=0.0013 sgc_res=0.0000
[LOSS-CAL]  ecc=0.0000 ecc_w=0.0000 ecc_tau=0.9500 ecc_maxp=nan
[TRAIN] tx=90.18% dom=87.91% cons_cos=0.8231
[GRAD]  total=1.598 backbone=1.000 aux=0.750 domain=0.414
[VAL]   tx=98.91% dom=95.43%
[TEST]  overall_tx=89.98% (183552/204000)
[TEST-SPLIT]
          unseen_day_seen_rx(days=['2021_03_15', '2021_03_23'], rxs=[0, 1, 2, 3, 4, 5, 6]): tx=93.22% (78306/84000)
          seen_day_unseen_rx(days=['2021_03_01', '2021_03_08'], rxs=[7, 8, 9, 10, 11]): tx=90.42% (54253/60000)
          unseen_day_unseen_rx(days=['2021_03_15', '2021_03_23'], rxs=[7, 8, 9, 10, 11]): tx=84.99% (50993/60000)
          day=2021_03_15 on seen_rxs=[0, 1, 2, 3, 4, 5, 6]: tx=94.30% (39607/42000)
          day=2021_03_23 on seen_rxs=[0, 1, 2, 3, 4, 5, 6]: tx=92.14% (38699/42000)
          rx=7 on seen_days=['2021_03_01', '2021_03_08']: tx=86.46% (10375/12000)
          rx=8 on seen_days=['2021_03_01', '2021_03_08']: tx=83.67% (10041/12000)
          rx=9 on seen_days=['2021_03_01', '2021_03_08']: tx=91.68% (11002/12000)
          rx=10 on seen_days=['2021_03_01', '2021_03_08']: tx=94.04% (11285/12000)
          rx=11 on seen_days=['2021_03_01', '2021_03_08']: tx=96.25% (11550/12000)
[BEST-JOINT]  val_tx=98.95% & test_tx=89.48% @ E074
[CKPT]  latest -> finalist_runs/C4_A2_ecc003_satmain_seed1337/latest_model.pth (saved) | best -> finalist_runs/C4_A2_ecc003_satmain_seed1337/best_model_val.pth
====================================================================================================================================
[SAT-TEST] scenario=clear_leo selected=test_unseen_day_unseen_rx overall_tx=42.98% strict_udu=42.98% (25788/60000)
[SAT-TEST] scenario=low_elev_leo selected=test_unseen_day_unseen_rx overall_tx=42.58% strict_udu=42.58% (25550/60000)
[SAT-TEST] scenario=rain_leo selected=test_unseen_day_unseen_rx overall_tx=40.35% strict_udu=40.35% (24210/60000)
[SAT-TEST] scenario=storm_mp selected=test_unseen_day_unseen_rx overall_tx=36.28% strict_udu=36.28% (21770/60000)
[SAT-TEST] scenario=mixed_orbit selected=test_unseen_day_unseen_rx overall_tx=39.37% strict_udu=39.37% (23623/60000)
[BEST-TEST] overall=89.98% @ E114 -> finalist_runs/C4_A2_ecc003_satmain_seed1337/best_model_test_overall.pth | unseen_day_unseen_rx=85.11% @ E096 -> finalist_runs/C4_A2_ecc003_satmain_seed1337/best_model_strict_udu.pth | unseen_day_seen_rx=93.84% @ E043 | seen_day_unseen_rx=90.42% @ E114
[BEST-PRIMARY] score=86.81 @ E096 -> finalist_runs/C4_A2_ecc003_satmain_seed1337/best_model_primary_ood.pth | overall=89.95% strict_udu=85.11%
[BEST-WORST-RX] worst_rx=84.14% (test_rx_7) @ E061 -> finalist_runs/C4_A2_ecc003_satmain_seed1337/best_model_worst_rx.pth
[WARN][E115] unsafe backward/step skipped #9
====================================================================================================================================
[Epoch 115/200] time=87.2s | lr=7.73e-05 | aux_scale=1.000
[STAGE] phase=S3_refine_aux | use_aux=1.0 cons=1.00 cls_aux=1.00 reg=1.00 joint_inv=0.30 kl=0.60 group_ce=1.00
[MIXSTYLE-EPOCH] phase=late_anneal enabled=1 p=0.136 strength=0.607 anneal_t=0.143
[AUG] scale=0.350 | p_dac=0.000 p_pa=0.049 p_shift=0.122 p_cfo=0.122 p_awgn=0.140 p_mp=0.063 | max_shift=11 cfo_max=0.00014 pn_max=0.0021
------------------------------------------------------------------------------------------------------------------------------------
[LOSS-CORE] total=4.1997 cls=1.5702 dom=0.4163 adv=2.6216 orth=0.0028 cons=0.1837 group_ce=2.5945
[LOSS-AUX]  cls_pa=1.2496 cls_dac=0.0000 pa_joint_inv=0.2173 pa_kl=1.0702 dac_reg=0.0000 pa_reg=0.0149 gap_dac=0.0000 gap_pa=0.2809 cos_joint_pa=0.7827 cos_imp_pa=nan
[LOSS-SAT]  cls_sat=9.5326 sat_cons=0.7155 sat_cos=0.2845
[LOSS-DG]   proto=0.0000 proto_cos=nan supcon=0.0000 fishr=0.0015 sgc_res=0.0000
[LOSS-CAL]  ecc=0.0000 ecc_w=0.0000 ecc_tau=0.9500 ecc_maxp=nan
[TRAIN] tx=87.45% dom=84.65% cons_cos=0.8135
[GRAD]  total=1.856 backbone=1.000 aux=0.750 domain=0.424
[VAL]   tx=98.86% dom=95.42%
[TEST]  overall_tx=89.73% (183043/204000)
[TEST-SPLIT]
          unseen_day_seen_rx(days=['2021_03_15', '2021_03_23'], rxs=[0, 1, 2, 3, 4, 5, 6]): tx=93.05% (78161/84000)
          seen_day_unseen_rx(days=['2021_03_01', '2021_03_08'], rxs=[7, 8, 9, 10, 11]): tx=90.05% (54030/60000)
          unseen_day_unseen_rx(days=['2021_03_15', '2021_03_23'], rxs=[7, 8, 9, 10, 11]): tx=84.75% (50852/60000)
          day=2021_03_15 on seen_rxs=[0, 1, 2, 3, 4, 5, 6]: tx=95.16% (39966/42000)
          day=2021_03_23 on seen_rxs=[0, 1, 2, 3, 4, 5, 6]: tx=90.94% (38195/42000)
          rx=7 on seen_days=['2021_03_01', '2021_03_08']: tx=84.85% (10182/12000)
          rx=8 on seen_days=['2021_03_01', '2021_03_08']: tx=84.54% (10145/12000)
          rx=9 on seen_days=['2021_03_01', '2021_03_08']: tx=92.53% (11103/12000)
          rx=10 on seen_days=['2021_03_01', '2021_03_08']: tx=93.25% (11190/12000)
          rx=11 on seen_days=['2021_03_01', '2021_03_08']: tx=95.08% (11410/12000)
[BEST-JOINT]  val_tx=98.95% & test_tx=89.48% @ E074
[CKPT]  latest -> finalist_runs/C4_A2_ecc003_satmain_seed1337/latest_model.pth (saved) | best -> finalist_runs/C4_A2_ecc003_satmain_seed1337/best_model_val.pth
====================================================================================================================================
[SAT-TEST] scenario=clear_leo selected=test_unseen_day_unseen_rx overall_tx=44.26% strict_udu=44.26% (26558/60000)
[SAT-TEST] scenario=low_elev_leo selected=test_unseen_day_unseen_rx overall_tx=44.13% strict_udu=44.13% (26476/60000)
[SAT-TEST] scenario=rain_leo selected=test_unseen_day_unseen_rx overall_tx=41.69% strict_udu=41.69% (25015/60000)
[SAT-TEST] scenario=storm_mp selected=test_unseen_day_unseen_rx overall_tx=36.94% strict_udu=36.94% (22165/60000)
[SAT-TEST] scenario=mixed_orbit selected=test_unseen_day_unseen_rx overall_tx=39.91% strict_udu=39.91% (23947/60000)
[BEST-TEST] overall=89.98% @ E114 -> finalist_runs/C4_A2_ecc003_satmain_seed1337/best_model_test_overall.pth | unseen_day_unseen_rx=85.11% @ E096 -> finalist_runs/C4_A2_ecc003_satmain_seed1337/best_model_strict_udu.pth | unseen_day_seen_rx=93.84% @ E043 | seen_day_unseen_rx=90.42% @ E114
[BEST-PRIMARY] score=86.81 @ E096 -> finalist_runs/C4_A2_ecc003_satmain_seed1337/best_model_primary_ood.pth | overall=89.95% strict_udu=85.11%
[BEST-WORST-RX] worst_rx=84.54% (test_rx_8) @ E115 -> finalist_runs/C4_A2_ecc003_satmain_seed1337/best_model_worst_rx.pth
====================================================================================================================================
[Epoch 116/200] time=87.6s | lr=7.58e-05 | aux_scale=1.000
[STAGE] phase=S3_refine_aux | use_aux=1.0 cons=1.00 cls_aux=1.00 reg=1.00 joint_inv=0.30 kl=0.60 group_ce=1.00
[MIXSTYLE-EPOCH] phase=late_anneal enabled=1 p=0.133 strength=0.599 anneal_t=0.171
[AUG] scale=0.350 | p_dac=0.000 p_pa=0.049 p_shift=0.122 p_cfo=0.122 p_awgn=0.140 p_mp=0.063 | max_shift=11 cfo_max=0.00014 pn_max=0.0021
------------------------------------------------------------------------------------------------------------------------------------
[LOSS-CORE] total=4.2955 cls=1.6525 dom=0.4233 adv=2.6238 orth=0.0027 cons=0.1792 group_ce=2.6505
[LOSS-AUX]  cls_pa=1.2547 cls_dac=0.0000 pa_joint_inv=0.2128 pa_kl=1.0739 dac_reg=0.0000 pa_reg=0.0146 gap_dac=0.0000 gap_pa=0.2775 cos_joint_pa=0.7872 cos_imp_pa=nan
[LOSS-SAT]  cls_sat=9.5194 sat_cons=0.7134 sat_cos=0.2866
[LOSS-DG]   proto=0.0000 proto_cos=nan supcon=0.0000 fishr=0.0015 sgc_res=0.0000
[LOSS-CAL]  ecc=0.0000 ecc_w=0.0000 ecc_tau=0.9500 ecc_maxp=nan
[TRAIN] tx=85.95% dom=84.28% cons_cos=0.8208
[GRAD]  total=1.621 backbone=1.000 aux=0.750 domain=0.424
[VAL]   tx=98.96% dom=95.55%
[TEST]  overall_tx=89.23% (182038/204000)
[TEST-SPLIT]
          unseen_day_seen_rx(days=['2021_03_15', '2021_03_23'], rxs=[0, 1, 2, 3, 4, 5, 6]): tx=93.43% (78483/84000)
          seen_day_unseen_rx(days=['2021_03_01', '2021_03_08'], rxs=[7, 8, 9, 10, 11]): tx=89.13% (53480/60000)
          unseen_day_unseen_rx(days=['2021_03_15', '2021_03_23'], rxs=[7, 8, 9, 10, 11]): tx=83.46% (50075/60000)
          day=2021_03_15 on seen_rxs=[0, 1, 2, 3, 4, 5, 6]: tx=94.71% (39778/42000)
          day=2021_03_23 on seen_rxs=[0, 1, 2, 3, 4, 5, 6]: tx=92.15% (38705/42000)
          rx=7 on seen_days=['2021_03_01', '2021_03_08']: tx=83.50% (10020/12000)
          rx=8 on seen_days=['2021_03_01', '2021_03_08']: tx=82.53% (9903/12000)
          rx=9 on seen_days=['2021_03_01', '2021_03_08']: tx=91.67% (11001/12000)
          rx=10 on seen_days=['2021_03_01', '2021_03_08']: tx=93.19% (11183/12000)
          rx=11 on seen_days=['2021_03_01', '2021_03_08']: tx=94.78% (11373/12000)
[BEST-JOINT]  val_tx=98.96% & test_tx=89.23% @ E116
[CKPT]  latest -> finalist_runs/C4_A2_ecc003_satmain_seed1337/latest_model.pth (saved) | best -> finalist_runs/C4_A2_ecc003_satmain_seed1337/best_model_val.pth (updated: val improved)
====================================================================================================================================
[SAT-TEST] scenario=clear_leo selected=test_unseen_day_unseen_rx overall_tx=42.36% strict_udu=42.36% (25418/60000)
[SAT-TEST] scenario=low_elev_leo selected=test_unseen_day_unseen_rx overall_tx=41.91% strict_udu=41.91% (25149/60000)
[SAT-TEST] scenario=rain_leo selected=test_unseen_day_unseen_rx overall_tx=39.79% strict_udu=39.79% (23873/60000)
[SAT-TEST] scenario=storm_mp selected=test_unseen_day_unseen_rx overall_tx=36.62% strict_udu=36.62% (21973/60000)
[SAT-TEST] scenario=mixed_orbit selected=test_unseen_day_unseen_rx overall_tx=38.82% strict_udu=38.82% (23290/60000)
[BEST-TEST] overall=89.98% @ E114 -> finalist_runs/C4_A2_ecc003_satmain_seed1337/best_model_test_overall.pth | unseen_day_unseen_rx=85.11% @ E096 -> finalist_runs/C4_A2_ecc003_satmain_seed1337/best_model_strict_udu.pth | unseen_day_seen_rx=93.84% @ E043 | seen_day_unseen_rx=90.42% @ E114
[BEST-PRIMARY] score=86.81 @ E096 -> finalist_runs/C4_A2_ecc003_satmain_seed1337/best_model_primary_ood.pth | overall=89.95% strict_udu=85.11%
[BEST-WORST-RX] worst_rx=84.54% (test_rx_8) @ E115 -> finalist_runs/C4_A2_ecc003_satmain_seed1337/best_model_worst_rx.pth
====================================================================================================================================
[Epoch 117/200] time=88.4s | lr=7.42e-05 | aux_scale=1.000
[STAGE] phase=S3_refine_aux | use_aux=1.0 cons=1.00 cls_aux=1.00 reg=1.00 joint_inv=0.30 kl=0.60 group_ce=1.00
[MIXSTYLE-EPOCH] phase=late_anneal enabled=1 p=0.130 strength=0.590 anneal_t=0.200
[AUG] scale=0.350 | p_dac=0.000 p_pa=0.049 p_shift=0.122 p_cfo=0.122 p_awgn=0.140 p_mp=0.063 | max_shift=11 cfo_max=0.00014 pn_max=0.0021
------------------------------------------------------------------------------------------------------------------------------------
[LOSS-CORE] total=4.0328 cls=1.4782 dom=0.3798 adv=2.6223 orth=0.0027 cons=0.1785 group_ce=2.5096
[LOSS-AUX]  cls_pa=1.1605 cls_dac=0.0000 pa_joint_inv=0.2108 pa_kl=0.9715 dac_reg=0.0000 pa_reg=0.0143 gap_dac=0.0000 gap_pa=0.2795 cos_joint_pa=0.7892 cos_imp_pa=nan
[LOSS-SAT]  cls_sat=9.3242 sat_cons=0.7089 sat_cos=0.2911
[LOSS-DG]   proto=0.0000 proto_cos=nan supcon=0.0000 fishr=0.0015 sgc_res=0.0000
[LOSS-CAL]  ecc=0.0000 ecc_w=0.0000 ecc_tau=0.9500 ecc_maxp=nan
[TRAIN] tx=87.87% dom=86.00% cons_cos=0.8215
[GRAD]  total=1.599 backbone=1.000 aux=0.750 domain=0.435
[VAL]   tx=98.84% dom=95.42%
[TEST]  overall_tx=89.15% (181865/204000)
[TEST-SPLIT]
          unseen_day_seen_rx(days=['2021_03_15', '2021_03_23'], rxs=[0, 1, 2, 3, 4, 5, 6]): tx=93.13% (78231/84000)
          seen_day_unseen_rx(days=['2021_03_01', '2021_03_08'], rxs=[7, 8, 9, 10, 11]): tx=88.44% (53061/60000)
          unseen_day_unseen_rx(days=['2021_03_15', '2021_03_23'], rxs=[7, 8, 9, 10, 11]): tx=84.29% (50573/60000)
          day=2021_03_15 on seen_rxs=[0, 1, 2, 3, 4, 5, 6]: tx=94.91% (39861/42000)
          day=2021_03_23 on seen_rxs=[0, 1, 2, 3, 4, 5, 6]: tx=91.36% (38370/42000)
          rx=7 on seen_days=['2021_03_01', '2021_03_08']: tx=80.35% (9642/12000)
          rx=8 on seen_days=['2021_03_01', '2021_03_08']: tx=83.80% (10056/12000)
          rx=9 on seen_days=['2021_03_01', '2021_03_08']: tx=91.28% (10954/12000)
          rx=10 on seen_days=['2021_03_01', '2021_03_08']: tx=91.88% (11025/12000)
          rx=11 on seen_days=['2021_03_01', '2021_03_08']: tx=94.87% (11384/12000)
[BEST-JOINT]  val_tx=98.96% & test_tx=89.23% @ E116
[CKPT]  latest -> finalist_runs/C4_A2_ecc003_satmain_seed1337/latest_model.pth (saved) | best -> finalist_runs/C4_A2_ecc003_satmain_seed1337/best_model_val.pth
====================================================================================================================================
[SAT-TEST] scenario=clear_leo selected=test_unseen_day_unseen_rx overall_tx=42.91% strict_udu=42.91% (25745/60000)
[SAT-TEST] scenario=low_elev_leo selected=test_unseen_day_unseen_rx overall_tx=42.97% strict_udu=42.97% (25783/60000)
[SAT-TEST] scenario=rain_leo selected=test_unseen_day_unseen_rx overall_tx=40.68% strict_udu=40.68% (24408/60000)
[SAT-TEST] scenario=storm_mp selected=test_unseen_day_unseen_rx overall_tx=36.87% strict_udu=36.87% (22124/60000)
[SAT-TEST] scenario=mixed_orbit selected=test_unseen_day_unseen_rx overall_tx=39.37% strict_udu=39.37% (23620/60000)
[BEST-TEST] overall=89.98% @ E114 -> finalist_runs/C4_A2_ecc003_satmain_seed1337/best_model_test_overall.pth | unseen_day_unseen_rx=85.11% @ E096 -> finalist_runs/C4_A2_ecc003_satmain_seed1337/best_model_strict_udu.pth | unseen_day_seen_rx=93.84% @ E043 | seen_day_unseen_rx=90.42% @ E114
[BEST-PRIMARY] score=86.81 @ E096 -> finalist_runs/C4_A2_ecc003_satmain_seed1337/best_model_primary_ood.pth | overall=89.95% strict_udu=85.11%
[BEST-WORST-RX] worst_rx=84.54% (test_rx_8) @ E115 -> finalist_runs/C4_A2_ecc003_satmain_seed1337/best_model_worst_rx.pth
====================================================================================================================================
[Epoch 118/200] time=89.3s | lr=7.27e-05 | aux_scale=1.000
[STAGE] phase=S3_refine_aux | use_aux=1.0 cons=1.00 cls_aux=1.00 reg=1.00 joint_inv=0.30 kl=0.60 group_ce=1.00
[MIXSTYLE-EPOCH] phase=late_anneal enabled=1 p=0.127 strength=0.581 anneal_t=0.229
[AUG] scale=0.350 | p_dac=0.000 p_pa=0.049 p_shift=0.122 p_cfo=0.122 p_awgn=0.140 p_mp=0.063 | max_shift=11 cfo_max=0.00014 pn_max=0.0021
------------------------------------------------------------------------------------------------------------------------------------
[LOSS-CORE] total=3.5897 cls=1.1380 dom=0.3151 adv=2.6204 orth=0.0028 cons=0.1692 group_ce=2.0337
[LOSS-AUX]  cls_pa=1.1647 cls_dac=0.0000 pa_joint_inv=0.2064 pa_kl=0.9886 dac_reg=0.0000 pa_reg=0.0149 gap_dac=0.0000 gap_pa=0.2672 cos_joint_pa=0.7936 cos_imp_pa=nan
[LOSS-SAT]  cls_sat=9.5143 sat_cons=0.7332 sat_cos=0.2668
[LOSS-DG]   proto=0.0000 proto_cos=nan supcon=0.0000 fishr=0.0011 sgc_res=0.0000
[LOSS-CAL]  ecc=0.0000 ecc_w=0.0000 ecc_tau=0.9500 ecc_maxp=nan
[TRAIN] tx=91.09% dom=88.20% cons_cos=0.8308
[GRAD]  total=1.556 backbone=1.000 aux=0.750 domain=0.401
[VAL]   tx=98.99% dom=95.24%
[TEST]  overall_tx=89.51% (182598/204000)
[TEST-SPLIT]
          unseen_day_seen_rx(days=['2021_03_15', '2021_03_23'], rxs=[0, 1, 2, 3, 4, 5, 6]): tx=93.06% (78170/84000)
          seen_day_unseen_rx(days=['2021_03_01', '2021_03_08'], rxs=[7, 8, 9, 10, 11]): tx=89.32% (53592/60000)
          unseen_day_unseen_rx(days=['2021_03_15', '2021_03_23'], rxs=[7, 8, 9, 10, 11]): tx=84.73% (50836/60000)
          day=2021_03_15 on seen_rxs=[0, 1, 2, 3, 4, 5, 6]: tx=94.75% (39793/42000)
          day=2021_03_23 on seen_rxs=[0, 1, 2, 3, 4, 5, 6]: tx=91.37% (38377/42000)
          rx=7 on seen_days=['2021_03_01', '2021_03_08']: tx=81.82% (9818/12000)
          rx=8 on seen_days=['2021_03_01', '2021_03_08']: tx=85.00% (10200/12000)
          rx=9 on seen_days=['2021_03_01', '2021_03_08']: tx=92.19% (11063/12000)
          rx=10 on seen_days=['2021_03_01', '2021_03_08']: tx=90.53% (10863/12000)
          rx=11 on seen_days=['2021_03_01', '2021_03_08']: tx=97.07% (11648/12000)
[BEST-JOINT]  val_tx=98.99% & test_tx=89.51% @ E118
[CKPT]  latest -> finalist_runs/C4_A2_ecc003_satmain_seed1337/latest_model.pth (saved) | best -> finalist_runs/C4_A2_ecc003_satmain_seed1337/best_model_val.pth (updated: val improved)
====================================================================================================================================
[SAT-TEST] scenario=clear_leo selected=test_unseen_day_unseen_rx overall_tx=42.49% strict_udu=42.49% (25493/60000)
[SAT-TEST] scenario=low_elev_leo selected=test_unseen_day_unseen_rx overall_tx=42.63% strict_udu=42.63% (25580/60000)
[SAT-TEST] scenario=rain_leo selected=test_unseen_day_unseen_rx overall_tx=40.12% strict_udu=40.12% (24074/60000)
[SAT-TEST] scenario=storm_mp selected=test_unseen_day_unseen_rx overall_tx=36.34% strict_udu=36.34% (21805/60000)
[SAT-TEST] scenario=mixed_orbit selected=test_unseen_day_unseen_rx overall_tx=39.41% strict_udu=39.41% (23647/60000)
[BEST-TEST] overall=89.98% @ E114 -> finalist_runs/C4_A2_ecc003_satmain_seed1337/best_model_test_overall.pth | unseen_day_unseen_rx=85.11% @ E096 -> finalist_runs/C4_A2_ecc003_satmain_seed1337/best_model_strict_udu.pth | unseen_day_seen_rx=93.84% @ E043 | seen_day_unseen_rx=90.42% @ E114
[BEST-PRIMARY] score=86.81 @ E096 -> finalist_runs/C4_A2_ecc003_satmain_seed1337/best_model_primary_ood.pth | overall=89.95% strict_udu=85.11%
[BEST-WORST-RX] worst_rx=84.54% (test_rx_8) @ E115 -> finalist_runs/C4_A2_ecc003_satmain_seed1337/best_model_worst_rx.pth
====================================================================================================================================
[Epoch 119/200] time=87.5s | lr=7.12e-05 | aux_scale=1.000
[STAGE] phase=S3_refine_aux | use_aux=1.0 cons=1.00 cls_aux=1.00 reg=1.00 joint_inv=0.30 kl=0.60 group_ce=1.00
[MIXSTYLE-EPOCH] phase=late_anneal enabled=1 p=0.124 strength=0.573 anneal_t=0.257
[AUG] scale=0.350 | p_dac=0.000 p_pa=0.049 p_shift=0.122 p_cfo=0.122 p_awgn=0.140 p_mp=0.063 | max_shift=11 cfo_max=0.00014 pn_max=0.0021
------------------------------------------------------------------------------------------------------------------------------------
[LOSS-CORE] total=3.6223 cls=1.1688 dom=0.3033 adv=2.6195 orth=0.0028 cons=0.1738 group_ce=2.1429
[LOSS-AUX]  cls_pa=1.1763 cls_dac=0.0000 pa_joint_inv=0.2117 pa_kl=0.9962 dac_reg=0.0000 pa_reg=0.0143 gap_dac=0.0000 gap_pa=0.2837 cos_joint_pa=0.7883 cos_imp_pa=nan
[LOSS-SAT]  cls_sat=9.5199 sat_cons=0.7286 sat_cos=0.2714
[LOSS-DG]   proto=0.0000 proto_cos=nan supcon=0.0000 fishr=0.0013 sgc_res=0.0000
[LOSS-CAL]  ecc=0.0000 ecc_w=0.0000 ecc_tau=0.9500 ecc_maxp=nan
[TRAIN] tx=90.90% dom=88.58% cons_cos=0.8262
[GRAD]  total=1.559 backbone=1.000 aux=0.750 domain=0.409
[VAL]   tx=98.96% dom=95.17%
[TEST]  overall_tx=88.89% (181331/204000)
[TEST-SPLIT]
          unseen_day_seen_rx(days=['2021_03_15', '2021_03_23'], rxs=[0, 1, 2, 3, 4, 5, 6]): tx=92.75% (77914/84000)
          seen_day_unseen_rx(days=['2021_03_01', '2021_03_08'], rxs=[7, 8, 9, 10, 11]): tx=88.57% (53144/60000)
          unseen_day_unseen_rx(days=['2021_03_15', '2021_03_23'], rxs=[7, 8, 9, 10, 11]): tx=83.79% (50273/60000)
          day=2021_03_15 on seen_rxs=[0, 1, 2, 3, 4, 5, 6]: tx=94.80% (39815/42000)
          day=2021_03_23 on seen_rxs=[0, 1, 2, 3, 4, 5, 6]: tx=90.71% (38099/42000)
          rx=7 on seen_days=['2021_03_01', '2021_03_08']: tx=81.53% (9783/12000)
          rx=8 on seen_days=['2021_03_01', '2021_03_08']: tx=81.97% (9837/12000)
          rx=9 on seen_days=['2021_03_01', '2021_03_08']: tx=92.16% (11059/12000)
          rx=10 on seen_days=['2021_03_01', '2021_03_08']: tx=93.16% (11179/12000)
          rx=11 on seen_days=['2021_03_01', '2021_03_08']: tx=94.05% (11286/12000)
[BEST-JOINT]  val_tx=98.99% & test_tx=89.51% @ E118
[CKPT]  latest -> finalist_runs/C4_A2_ecc003_satmain_seed1337/latest_model.pth (saved) | best -> finalist_runs/C4_A2_ecc003_satmain_seed1337/best_model_val.pth
====================================================================================================================================
[SAT-TEST] scenario=clear_leo selected=test_unseen_day_unseen_rx overall_tx=43.20% strict_udu=43.20% (25920/60000)
[SAT-TEST] scenario=low_elev_leo selected=test_unseen_day_unseen_rx overall_tx=43.71% strict_udu=43.71% (26224/60000)
[SAT-TEST] scenario=rain_leo selected=test_unseen_day_unseen_rx overall_tx=41.22% strict_udu=41.22% (24734/60000)
[SAT-TEST] scenario=storm_mp selected=test_unseen_day_unseen_rx overall_tx=37.37% strict_udu=37.37% (22423/60000)
[SAT-TEST] scenario=mixed_orbit selected=test_unseen_day_unseen_rx overall_tx=39.59% strict_udu=39.59% (23756/60000)
[BEST-TEST] overall=89.98% @ E114 -> finalist_runs/C4_A2_ecc003_satmain_seed1337/best_model_test_overall.pth | unseen_day_unseen_rx=85.11% @ E096 -> finalist_runs/C4_A2_ecc003_satmain_seed1337/best_model_strict_udu.pth | unseen_day_seen_rx=93.84% @ E043 | seen_day_unseen_rx=90.42% @ E114
[BEST-PRIMARY] score=86.81 @ E096 -> finalist_runs/C4_A2_ecc003_satmain_seed1337/best_model_primary_ood.pth | overall=89.95% strict_udu=85.11%
[BEST-WORST-RX] worst_rx=84.54% (test_rx_8) @ E115 -> finalist_runs/C4_A2_ecc003_satmain_seed1337/best_model_worst_rx.pth
====================================================================================================================================
[Epoch 120/200] time=88.5s | lr=6.98e-05 | aux_scale=1.000
[STAGE] phase=S3_refine_aux | use_aux=1.0 cons=1.00 cls_aux=1.00 reg=1.00 joint_inv=0.30 kl=0.60 group_ce=1.00
[MIXSTYLE-EPOCH] phase=late_anneal enabled=1 p=0.121 strength=0.564 anneal_t=0.286
[AUG] scale=0.350 | p_dac=0.000 p_pa=0.049 p_shift=0.122 p_cfo=0.122 p_awgn=0.140 p_mp=0.063 | max_shift=11 cfo_max=0.00014 pn_max=0.0021
------------------------------------------------------------------------------------------------------------------------------------
[LOSS-CORE] total=3.3330 cls=0.9437 dom=0.2710 adv=2.6218 orth=0.0027 cons=0.1564 group_ce=1.7857
[LOSS-AUX]  cls_pa=1.1964 cls_dac=0.0000 pa_joint_inv=0.2130 pa_kl=1.0216 dac_reg=0.0000 pa_reg=0.0143 gap_dac=0.0000 gap_pa=0.2813 cos_joint_pa=0.7870 cos_imp_pa=nan
[LOSS-SAT]  cls_sat=9.5146 sat_cons=0.7334 sat_cos=0.2666
[LOSS-DG]   proto=0.0000 proto_cos=nan supcon=0.0000 fishr=0.0010 sgc_res=0.0000
[LOSS-CAL]  ecc=0.0000 ecc_w=0.0000 ecc_tau=0.9500 ecc_maxp=nan
[TRAIN] tx=92.85% dom=89.75% cons_cos=0.8436
[GRAD]  total=1.537 backbone=1.000 aux=0.750 domain=0.397
[VAL]   tx=98.75% dom=95.43%
[TEST]  overall_tx=88.73% (181008/204000)
[TEST-SPLIT]
          unseen_day_seen_rx(days=['2021_03_15', '2021_03_23'], rxs=[0, 1, 2, 3, 4, 5, 6]): tx=93.02% (78137/84000)
          seen_day_unseen_rx(days=['2021_03_01', '2021_03_08'], rxs=[7, 8, 9, 10, 11]): tx=87.99% (52795/60000)
          unseen_day_unseen_rx(days=['2021_03_15', '2021_03_23'], rxs=[7, 8, 9, 10, 11]): tx=83.46% (50076/60000)
          day=2021_03_15 on seen_rxs=[0, 1, 2, 3, 4, 5, 6]: tx=94.29% (39603/42000)
          day=2021_03_23 on seen_rxs=[0, 1, 2, 3, 4, 5, 6]: tx=91.75% (38534/42000)
          rx=7 on seen_days=['2021_03_01', '2021_03_08']: tx=81.74% (9809/12000)
          rx=8 on seen_days=['2021_03_01', '2021_03_08']: tx=80.89% (9707/12000)
          rx=9 on seen_days=['2021_03_01', '2021_03_08']: tx=90.76% (10891/12000)
          rx=10 on seen_days=['2021_03_01', '2021_03_08']: tx=93.67% (11241/12000)
          rx=11 on seen_days=['2021_03_01', '2021_03_08']: tx=92.89% (11147/12000)
[BEST-JOINT]  val_tx=98.99% & test_tx=89.51% @ E118
[CKPT]  latest -> finalist_runs/C4_A2_ecc003_satmain_seed1337/latest_model.pth (saved) | best -> finalist_runs/C4_A2_ecc003_satmain_seed1337/best_model_val.pth
====================================================================================================================================
[SAT-TEST] scenario=clear_leo selected=test_unseen_day_unseen_rx overall_tx=42.27% strict_udu=42.27% (25363/60000)
[SAT-TEST] scenario=low_elev_leo selected=test_unseen_day_unseen_rx overall_tx=42.76% strict_udu=42.76% (25654/60000)
[SAT-TEST] scenario=rain_leo selected=test_unseen_day_unseen_rx overall_tx=40.47% strict_udu=40.47% (24280/60000)
[SAT-TEST] scenario=storm_mp selected=test_unseen_day_unseen_rx overall_tx=36.91% strict_udu=36.91% (22148/60000)
[SAT-TEST] scenario=mixed_orbit selected=test_unseen_day_unseen_rx overall_tx=38.97% strict_udu=38.97% (23379/60000)
[BEST-TEST] overall=89.98% @ E114 -> finalist_runs/C4_A2_ecc003_satmain_seed1337/best_model_test_overall.pth | unseen_day_unseen_rx=85.11% @ E096 -> finalist_runs/C4_A2_ecc003_satmain_seed1337/best_model_strict_udu.pth | unseen_day_seen_rx=93.84% @ E043 | seen_day_unseen_rx=90.42% @ E114
[BEST-PRIMARY] score=86.81 @ E096 -> finalist_runs/C4_A2_ecc003_satmain_seed1337/best_model_primary_ood.pth | overall=89.95% strict_udu=85.11%
[BEST-WORST-RX] worst_rx=84.54% (test_rx_8) @ E115 -> finalist_runs/C4_A2_ecc003_satmain_seed1337/best_model_worst_rx.pth
====================================================================================================================================
[Epoch 121/200] time=85.7s | lr=6.83e-05 | aux_scale=1.000
[STAGE] phase=S3_refine_aux | use_aux=1.0 cons=1.00 cls_aux=1.00 reg=1.00 joint_inv=0.30 kl=0.60 group_ce=1.00
[MIXSTYLE-EPOCH] phase=late_anneal enabled=1 p=0.119 strength=0.556 anneal_t=0.314
[AUG] scale=0.350 | p_dac=0.000 p_pa=0.049 p_shift=0.122 p_cfo=0.122 p_awgn=0.140 p_mp=0.063 | max_shift=11 cfo_max=0.00014 pn_max=0.0021
------------------------------------------------------------------------------------------------------------------------------------
[LOSS-CORE] total=4.5499 cls=1.8662 dom=0.4328 adv=2.6214 orth=0.0023 cons=0.1992 group_ce=3.0642
[LOSS-AUX]  cls_pa=1.2088 cls_dac=0.0000 pa_joint_inv=0.2120 pa_kl=1.0239 dac_reg=0.0000 pa_reg=0.0145 gap_dac=0.0000 gap_pa=0.2791 cos_joint_pa=0.7880 cos_imp_pa=nan
[LOSS-SAT]  cls_sat=9.5036 sat_cons=0.7118 sat_cos=0.2882
[LOSS-DG]   proto=0.0000 proto_cos=nan supcon=0.0000 fishr=0.0018 sgc_res=0.0000
[LOSS-CAL]  ecc=0.0000 ecc_w=0.0000 ecc_tau=0.9500 ecc_maxp=nan
[TRAIN] tx=85.49% dom=83.89% cons_cos=0.8008
[GRAD]  total=1.775 backbone=1.000 aux=0.750 domain=0.421
[VAL]   tx=98.93% dom=95.43%
[TEST]  overall_tx=89.52% (182626/204000)
[TEST-SPLIT]
          unseen_day_seen_rx(days=['2021_03_15', '2021_03_23'], rxs=[0, 1, 2, 3, 4, 5, 6]): tx=93.48% (78527/84000)
          seen_day_unseen_rx(days=['2021_03_01', '2021_03_08'], rxs=[7, 8, 9, 10, 11]): tx=89.39% (53633/60000)
          unseen_day_unseen_rx(days=['2021_03_15', '2021_03_23'], rxs=[7, 8, 9, 10, 11]): tx=84.11% (50466/60000)
          day=2021_03_15 on seen_rxs=[0, 1, 2, 3, 4, 5, 6]: tx=94.96% (39884/42000)
          day=2021_03_23 on seen_rxs=[0, 1, 2, 3, 4, 5, 6]: tx=92.01% (38643/42000)
          rx=7 on seen_days=['2021_03_01', '2021_03_08']: tx=83.12% (9975/12000)
          rx=8 on seen_days=['2021_03_01', '2021_03_08']: tx=83.03% (9964/12000)
          rx=9 on seen_days=['2021_03_01', '2021_03_08']: tx=91.53% (10983/12000)
          rx=10 on seen_days=['2021_03_01', '2021_03_08']: tx=93.85% (11262/12000)
          rx=11 on seen_days=['2021_03_01', '2021_03_08']: tx=95.41% (11449/12000)
[BEST-JOINT]  val_tx=98.99% & test_tx=89.51% @ E118
[CKPT]  latest -> finalist_runs/C4_A2_ecc003_satmain_seed1337/latest_model.pth (saved) | best -> finalist_runs/C4_A2_ecc003_satmain_seed1337/best_model_val.pth
====================================================================================================================================
[SAT-TEST] scenario=clear_leo selected=test_unseen_day_unseen_rx overall_tx=42.78% strict_udu=42.78% (25671/60000)
[SAT-TEST] scenario=low_elev_leo selected=test_unseen_day_unseen_rx overall_tx=42.64% strict_udu=42.64% (25585/60000)
[SAT-TEST] scenario=rain_leo selected=test_unseen_day_unseen_rx overall_tx=40.64% strict_udu=40.64% (24384/60000)
[SAT-TEST] scenario=storm_mp selected=test_unseen_day_unseen_rx overall_tx=36.87% strict_udu=36.87% (22122/60000)
[SAT-TEST] scenario=mixed_orbit selected=test_unseen_day_unseen_rx overall_tx=39.44% strict_udu=39.44% (23661/60000)
[BEST-TEST] overall=89.98% @ E114 -> finalist_runs/C4_A2_ecc003_satmain_seed1337/best_model_test_overall.pth | unseen_day_unseen_rx=85.11% @ E096 -> finalist_runs/C4_A2_ecc003_satmain_seed1337/best_model_strict_udu.pth | unseen_day_seen_rx=93.84% @ E043 | seen_day_unseen_rx=90.42% @ E114
[BEST-PRIMARY] score=86.81 @ E096 -> finalist_runs/C4_A2_ecc003_satmain_seed1337/best_model_primary_ood.pth | overall=89.95% strict_udu=85.11%
[BEST-WORST-RX] worst_rx=84.54% (test_rx_8) @ E115 -> finalist_runs/C4_A2_ecc003_satmain_seed1337/best_model_worst_rx.pth
====================================================================================================================================
[Epoch 122/200] time=86.2s | lr=6.68e-05 | aux_scale=1.000
[STAGE] phase=S3_refine_aux | use_aux=1.0 cons=1.00 cls_aux=1.00 reg=1.00 joint_inv=0.30 kl=0.60 group_ce=1.00
[MIXSTYLE-EPOCH] phase=late_anneal enabled=1 p=0.116 strength=0.547 anneal_t=0.343
[AUG] scale=0.350 | p_dac=0.000 p_pa=0.049 p_shift=0.122 p_cfo=0.122 p_awgn=0.140 p_mp=0.063 | max_shift=11 cfo_max=0.00014 pn_max=0.0021
------------------------------------------------------------------------------------------------------------------------------------
[LOSS-CORE] total=4.0322 cls=1.4688 dom=0.3803 adv=2.6211 orth=0.0027 cons=0.1813 group_ce=2.4993
[LOSS-AUX]  cls_pa=1.1575 cls_dac=0.0000 pa_joint_inv=0.2100 pa_kl=0.9832 dac_reg=0.0000 pa_reg=0.0144 gap_dac=0.0000 gap_pa=0.2798 cos_joint_pa=0.7900 cos_imp_pa=nan
[LOSS-SAT]  cls_sat=9.5226 sat_cons=0.7186 sat_cos=0.2814
[LOSS-DG]   proto=0.0000 proto_cos=nan supcon=0.0000 fishr=0.0015 sgc_res=0.0000
[LOSS-CAL]  ecc=0.0000 ecc_w=0.0000 ecc_tau=0.9500 ecc_maxp=nan
[TRAIN] tx=88.62% dom=86.23% cons_cos=0.8187
[GRAD]  total=1.799 backbone=1.000 aux=0.750 domain=0.415
[VAL]   tx=98.90% dom=95.49%
[TEST]  overall_tx=89.64% (182860/204000)
[TEST-SPLIT]
          unseen_day_seen_rx(days=['2021_03_15', '2021_03_23'], rxs=[0, 1, 2, 3, 4, 5, 6]): tx=93.43% (78482/84000)
          seen_day_unseen_rx(days=['2021_03_01', '2021_03_08'], rxs=[7, 8, 9, 10, 11]): tx=89.34% (53606/60000)
          unseen_day_unseen_rx(days=['2021_03_15', '2021_03_23'], rxs=[7, 8, 9, 10, 11]): tx=84.62% (50772/60000)
          day=2021_03_15 on seen_rxs=[0, 1, 2, 3, 4, 5, 6]: tx=95.54% (40125/42000)
          day=2021_03_23 on seen_rxs=[0, 1, 2, 3, 4, 5, 6]: tx=91.33% (38357/42000)
          rx=7 on seen_days=['2021_03_01', '2021_03_08']: tx=81.97% (9836/12000)
          rx=8 on seen_days=['2021_03_01', '2021_03_08']: tx=82.86% (9943/12000)
          rx=9 on seen_days=['2021_03_01', '2021_03_08']: tx=92.38% (11086/12000)
          rx=10 on seen_days=['2021_03_01', '2021_03_08']: tx=92.97% (11157/12000)
          rx=11 on seen_days=['2021_03_01', '2021_03_08']: tx=96.53% (11584/12000)
[BEST-JOINT]  val_tx=98.99% & test_tx=89.51% @ E118
[CKPT]  latest -> finalist_runs/C4_A2_ecc003_satmain_seed1337/latest_model.pth (saved) | best -> finalist_runs/C4_A2_ecc003_satmain_seed1337/best_model_val.pth
====================================================================================================================================
[SAT-TEST] scenario=clear_leo selected=test_unseen_day_unseen_rx overall_tx=43.56% strict_udu=43.56% (26136/60000)
[SAT-TEST] scenario=low_elev_leo selected=test_unseen_day_unseen_rx overall_tx=43.97% strict_udu=43.97% (26382/60000)
[SAT-TEST] scenario=rain_leo selected=test_unseen_day_unseen_rx overall_tx=41.66% strict_udu=41.66% (24994/60000)
[SAT-TEST] scenario=storm_mp selected=test_unseen_day_unseen_rx overall_tx=37.40% strict_udu=37.40% (22440/60000)
[SAT-TEST] scenario=mixed_orbit selected=test_unseen_day_unseen_rx overall_tx=40.06% strict_udu=40.06% (24035/60000)
[BEST-TEST] overall=89.98% @ E114 -> finalist_runs/C4_A2_ecc003_satmain_seed1337/best_model_test_overall.pth | unseen_day_unseen_rx=85.11% @ E096 -> finalist_runs/C4_A2_ecc003_satmain_seed1337/best_model_strict_udu.pth | unseen_day_seen_rx=93.84% @ E043 | seen_day_unseen_rx=90.42% @ E114
[BEST-PRIMARY] score=86.81 @ E096 -> finalist_runs/C4_A2_ecc003_satmain_seed1337/best_model_primary_ood.pth | overall=89.95% strict_udu=85.11%
[BEST-WORST-RX] worst_rx=84.54% (test_rx_8) @ E115 -> finalist_runs/C4_A2_ecc003_satmain_seed1337/best_model_worst_rx.pth
====================================================================================================================================
[Epoch 123/200] time=85.8s | lr=6.53e-05 | aux_scale=1.000
[STAGE] phase=S3_refine_aux | use_aux=1.0 cons=1.00 cls_aux=1.00 reg=1.00 joint_inv=0.30 kl=0.60 group_ce=1.00
[MIXSTYLE-EPOCH] phase=late_anneal enabled=1 p=0.113 strength=0.539 anneal_t=0.371
[AUG] scale=0.350 | p_dac=0.000 p_pa=0.049 p_shift=0.122 p_cfo=0.122 p_awgn=0.140 p_mp=0.063 | max_shift=11 cfo_max=0.00014 pn_max=0.0021
------------------------------------------------------------------------------------------------------------------------------------
[LOSS-CORE] total=3.5164 cls=1.0808 dom=0.2955 adv=2.6233 orth=0.0029 cons=0.1578 group_ce=1.9529
[LOSS-AUX]  cls_pa=1.2301 cls_dac=0.0000 pa_joint_inv=0.2107 pa_kl=1.0548 dac_reg=0.0000 pa_reg=0.0144 gap_dac=0.0000 gap_pa=0.2819 cos_joint_pa=0.7893 cos_imp_pa=nan
[LOSS-SAT]  cls_sat=9.4610 sat_cons=0.7254 sat_cos=0.2746
[LOSS-DG]   proto=0.0000 proto_cos=nan supcon=0.0000 fishr=0.0010 sgc_res=0.0000
[LOSS-CAL]  ecc=0.0000 ecc_w=0.0000 ecc_tau=0.9500 ecc_maxp=nan
[TRAIN] tx=91.67% dom=89.21% cons_cos=0.8422
[GRAD]  total=1.545 backbone=1.000 aux=0.750 domain=0.384
[VAL]   tx=98.87% dom=95.35%
[TEST]  overall_tx=89.61% (182812/204000)
[TEST-SPLIT]
          unseen_day_seen_rx(days=['2021_03_15', '2021_03_23'], rxs=[0, 1, 2, 3, 4, 5, 6]): tx=93.06% (78173/84000)
          seen_day_unseen_rx(days=['2021_03_01', '2021_03_08'], rxs=[7, 8, 9, 10, 11]): tx=89.78% (53866/60000)
          unseen_day_unseen_rx(days=['2021_03_15', '2021_03_23'], rxs=[7, 8, 9, 10, 11]): tx=84.62% (50773/60000)
          day=2021_03_15 on seen_rxs=[0, 1, 2, 3, 4, 5, 6]: tx=95.89% (40275/42000)
          day=2021_03_23 on seen_rxs=[0, 1, 2, 3, 4, 5, 6]: tx=90.23% (37898/42000)
          rx=7 on seen_days=['2021_03_01', '2021_03_08']: tx=84.04% (10085/12000)
          rx=8 on seen_days=['2021_03_01', '2021_03_08']: tx=82.74% (9929/12000)
          rx=9 on seen_days=['2021_03_01', '2021_03_08']: tx=93.17% (11181/12000)
          rx=10 on seen_days=['2021_03_01', '2021_03_08']: tx=92.62% (11114/12000)
          rx=11 on seen_days=['2021_03_01', '2021_03_08']: tx=96.31% (11557/12000)
[BEST-JOINT]  val_tx=98.99% & test_tx=89.51% @ E118
[CKPT]  latest -> finalist_runs/C4_A2_ecc003_satmain_seed1337/latest_model.pth (saved) | best -> finalist_runs/C4_A2_ecc003_satmain_seed1337/best_model_val.pth
====================================================================================================================================
[SAT-TEST] scenario=clear_leo selected=test_unseen_day_unseen_rx overall_tx=44.12% strict_udu=44.12% (26474/60000)
[SAT-TEST] scenario=low_elev_leo selected=test_unseen_day_unseen_rx overall_tx=44.53% strict_udu=44.53% (26716/60000)
[SAT-TEST] scenario=rain_leo selected=test_unseen_day_unseen_rx overall_tx=42.26% strict_udu=42.26% (25354/60000)
[SAT-TEST] scenario=storm_mp selected=test_unseen_day_unseen_rx overall_tx=37.19% strict_udu=37.19% (22316/60000)
[SAT-TEST] scenario=mixed_orbit selected=test_unseen_day_unseen_rx overall_tx=40.56% strict_udu=40.56% (24337/60000)
[BEST-TEST] overall=89.98% @ E114 -> finalist_runs/C4_A2_ecc003_satmain_seed1337/best_model_test_overall.pth | unseen_day_unseen_rx=85.11% @ E096 -> finalist_runs/C4_A2_ecc003_satmain_seed1337/best_model_strict_udu.pth | unseen_day_seen_rx=93.84% @ E043 | seen_day_unseen_rx=90.42% @ E114
[BEST-PRIMARY] score=86.81 @ E096 -> finalist_runs/C4_A2_ecc003_satmain_seed1337/best_model_primary_ood.pth | overall=89.95% strict_udu=85.11%
[BEST-WORST-RX] worst_rx=84.54% (test_rx_8) @ E115 -> finalist_runs/C4_A2_ecc003_satmain_seed1337/best_model_worst_rx.pth
====================================================================================================================================
[Epoch 124/200] time=85.9s | lr=6.39e-05 | aux_scale=1.000
[STAGE] phase=S3_refine_aux | use_aux=1.0 cons=1.00 cls_aux=1.00 reg=1.00 joint_inv=0.30 kl=0.60 group_ce=1.00
[MIXSTYLE-EPOCH] phase=late_anneal enabled=1 p=0.110 strength=0.530 anneal_t=0.400
[AUG] scale=0.350 | p_dac=0.000 p_pa=0.049 p_shift=0.122 p_cfo=0.122 p_awgn=0.140 p_mp=0.063 | max_shift=11 cfo_max=0.00014 pn_max=0.0021
------------------------------------------------------------------------------------------------------------------------------------
[LOSS-CORE] total=3.7796 cls=1.3000 dom=0.3261 adv=2.6185 orth=0.0024 cons=0.1771 group_ce=2.2911
[LOSS-AUX]  cls_pa=1.1588 cls_dac=0.0000 pa_joint_inv=0.2108 pa_kl=0.9802 dac_reg=0.0000 pa_reg=0.0146 gap_dac=0.0000 gap_pa=0.2812 cos_joint_pa=0.7892 cos_imp_pa=nan
[LOSS-SAT]  cls_sat=9.3749 sat_cons=0.7123 sat_cos=0.2877
[LOSS-DG]   proto=0.0000 proto_cos=nan supcon=0.0000 fishr=0.0013 sgc_res=0.0000
[LOSS-CAL]  ecc=0.0000 ecc_w=0.0000 ecc_tau=0.9500 ecc_maxp=nan
[TRAIN] tx=89.85% dom=87.70% cons_cos=0.8229
[GRAD]  total=1.688 backbone=1.000 aux=0.750 domain=0.408
[VAL]   tx=98.90% dom=95.63%
[TEST]  overall_tx=88.81% (181165/204000)
[TEST-SPLIT]
          unseen_day_seen_rx(days=['2021_03_15', '2021_03_23'], rxs=[0, 1, 2, 3, 4, 5, 6]): tx=93.20% (78290/84000)
          seen_day_unseen_rx(days=['2021_03_01', '2021_03_08'], rxs=[7, 8, 9, 10, 11]): tx=88.52% (53113/60000)
          unseen_day_unseen_rx(days=['2021_03_15', '2021_03_23'], rxs=[7, 8, 9, 10, 11]): tx=82.94% (49762/60000)
          day=2021_03_15 on seen_rxs=[0, 1, 2, 3, 4, 5, 6]: tx=94.66% (39758/42000)
          day=2021_03_23 on seen_rxs=[0, 1, 2, 3, 4, 5, 6]: tx=91.74% (38532/42000)
          rx=7 on seen_days=['2021_03_01', '2021_03_08']: tx=83.07% (9968/12000)
          rx=8 on seen_days=['2021_03_01', '2021_03_08']: tx=81.77% (9812/12000)
          rx=9 on seen_days=['2021_03_01', '2021_03_08']: tx=91.46% (10975/12000)
          rx=10 on seen_days=['2021_03_01', '2021_03_08']: tx=93.64% (11237/12000)
          rx=11 on seen_days=['2021_03_01', '2021_03_08']: tx=92.67% (11121/12000)
[BEST-JOINT]  val_tx=98.99% & test_tx=89.51% @ E118
[CKPT]  latest -> finalist_runs/C4_A2_ecc003_satmain_seed1337/latest_model.pth (saved) | best -> finalist_runs/C4_A2_ecc003_satmain_seed1337/best_model_val.pth
====================================================================================================================================
[SAT-TEST] scenario=clear_leo selected=test_unseen_day_unseen_rx overall_tx=42.92% strict_udu=42.92% (25753/60000)
[SAT-TEST] scenario=low_elev_leo selected=test_unseen_day_unseen_rx overall_tx=43.63% strict_udu=43.63% (26180/60000)
[SAT-TEST] scenario=rain_leo selected=test_unseen_day_unseen_rx overall_tx=41.40% strict_udu=41.40% (24839/60000)
[SAT-TEST] scenario=storm_mp selected=test_unseen_day_unseen_rx overall_tx=37.26% strict_udu=37.26% (22358/60000)
[SAT-TEST] scenario=mixed_orbit selected=test_unseen_day_unseen_rx overall_tx=38.62% strict_udu=38.62% (23175/60000)
[BEST-TEST] overall=89.98% @ E114 -> finalist_runs/C4_A2_ecc003_satmain_seed1337/best_model_test_overall.pth | unseen_day_unseen_rx=85.11% @ E096 -> finalist_runs/C4_A2_ecc003_satmain_seed1337/best_model_strict_udu.pth | unseen_day_seen_rx=93.84% @ E043 | seen_day_unseen_rx=90.42% @ E114
[BEST-PRIMARY] score=86.81 @ E096 -> finalist_runs/C4_A2_ecc003_satmain_seed1337/best_model_primary_ood.pth | overall=89.95% strict_udu=85.11%
[BEST-WORST-RX] worst_rx=84.54% (test_rx_8) @ E115 -> finalist_runs/C4_A2_ecc003_satmain_seed1337/best_model_worst_rx.pth
====================================================================================================================================
[Epoch 125/200] time=85.3s | lr=6.24e-05 | aux_scale=1.000
[STAGE] phase=S3_refine_aux | use_aux=1.0 cons=1.00 cls_aux=1.00 reg=1.00 joint_inv=0.30 kl=0.60 group_ce=1.00
[MIXSTYLE-EPOCH] phase=late_anneal enabled=1 p=0.107 strength=0.521 anneal_t=0.429
[AUG] scale=0.350 | p_dac=0.000 p_pa=0.049 p_shift=0.122 p_cfo=0.122 p_awgn=0.140 p_mp=0.063 | max_shift=11 cfo_max=0.00014 pn_max=0.0021
------------------------------------------------------------------------------------------------------------------------------------
[LOSS-CORE] total=3.8523 cls=1.3633 dom=0.3372 adv=2.6187 orth=0.0026 cons=0.1800 group_ce=2.4211
[LOSS-AUX]  cls_pa=1.0957 cls_dac=0.0000 pa_joint_inv=0.2087 pa_kl=0.9225 dac_reg=0.0000 pa_reg=0.0143 gap_dac=0.0000 gap_pa=0.2806 cos_joint_pa=0.7913 cos_imp_pa=nan
[LOSS-SAT]  cls_sat=9.3404 sat_cons=0.7144 sat_cos=0.2856
[LOSS-DG]   proto=0.0000 proto_cos=nan supcon=0.0000 fishr=0.0014 sgc_res=0.0000
[LOSS-CAL]  ecc=0.0000 ecc_w=0.0000 ecc_tau=0.9500 ecc_maxp=nan
[TRAIN] tx=89.39% dom=87.51% cons_cos=0.8200
[GRAD]  total=1.709 backbone=1.000 aux=0.750 domain=0.397
[VAL]   tx=99.02% dom=95.50%
[TEST]  overall_tx=89.51% (182591/204000)
[TEST-SPLIT]
          unseen_day_seen_rx(days=['2021_03_15', '2021_03_23'], rxs=[0, 1, 2, 3, 4, 5, 6]): tx=93.63% (78647/84000)
          seen_day_unseen_rx(days=['2021_03_01', '2021_03_08'], rxs=[7, 8, 9, 10, 11]): tx=89.49% (53696/60000)
          unseen_day_unseen_rx(days=['2021_03_15', '2021_03_23'], rxs=[7, 8, 9, 10, 11]): tx=83.75% (50248/60000)
          day=2021_03_15 on seen_rxs=[0, 1, 2, 3, 4, 5, 6]: tx=95.57% (40140/42000)
          day=2021_03_23 on seen_rxs=[0, 1, 2, 3, 4, 5, 6]: tx=91.68% (38507/42000)
          rx=7 on seen_days=['2021_03_01', '2021_03_08']: tx=84.51% (10141/12000)
          rx=8 on seen_days=['2021_03_01', '2021_03_08']: tx=82.70% (9924/12000)
          rx=9 on seen_days=['2021_03_01', '2021_03_08']: tx=92.36% (11083/12000)
          rx=10 on seen_days=['2021_03_01', '2021_03_08']: tx=93.44% (11213/12000)
          rx=11 on seen_days=['2021_03_01', '2021_03_08']: tx=94.46% (11335/12000)
[BEST-JOINT]  val_tx=99.02% & test_tx=89.51% @ E125
[CKPT]  latest -> finalist_runs/C4_A2_ecc003_satmain_seed1337/latest_model.pth (saved) | best -> finalist_runs/C4_A2_ecc003_satmain_seed1337/best_model_val.pth (updated: val improved)
====================================================================================================================================
[SAT-TEST] scenario=clear_leo selected=test_unseen_day_unseen_rx overall_tx=43.25% strict_udu=43.25% (25949/60000)
[SAT-TEST] scenario=low_elev_leo selected=test_unseen_day_unseen_rx overall_tx=43.42% strict_udu=43.42% (26053/60000)
[SAT-TEST] scenario=rain_leo selected=test_unseen_day_unseen_rx overall_tx=41.28% strict_udu=41.28% (24770/60000)
[SAT-TEST] scenario=storm_mp selected=test_unseen_day_unseen_rx overall_tx=37.53% strict_udu=37.53% (22517/60000)
[SAT-TEST] scenario=mixed_orbit selected=test_unseen_day_unseen_rx overall_tx=39.77% strict_udu=39.77% (23859/60000)
[BEST-TEST] overall=89.98% @ E114 -> finalist_runs/C4_A2_ecc003_satmain_seed1337/best_model_test_overall.pth | unseen_day_unseen_rx=85.11% @ E096 -> finalist_runs/C4_A2_ecc003_satmain_seed1337/best_model_strict_udu.pth | unseen_day_seen_rx=93.84% @ E043 | seen_day_unseen_rx=90.42% @ E114
[BEST-PRIMARY] score=86.81 @ E096 -> finalist_runs/C4_A2_ecc003_satmain_seed1337/best_model_primary_ood.pth | overall=89.95% strict_udu=85.11%
[BEST-WORST-RX] worst_rx=84.54% (test_rx_8) @ E115 -> finalist_runs/C4_A2_ecc003_satmain_seed1337/best_model_worst_rx.pth
====================================================================================================================================
[Epoch 126/200] time=87.5s | lr=6.10e-05 | aux_scale=1.000
[STAGE] phase=S3_refine_aux | use_aux=1.0 cons=1.00 cls_aux=1.00 reg=1.00 joint_inv=0.30 kl=0.60 group_ce=1.00
[MIXSTYLE-EPOCH] phase=late_anneal enabled=1 p=0.104 strength=0.513 anneal_t=0.457
[AUG] scale=0.350 | p_dac=0.000 p_pa=0.049 p_shift=0.122 p_cfo=0.122 p_awgn=0.140 p_mp=0.063 | max_shift=11 cfo_max=0.00014 pn_max=0.0021
------------------------------------------------------------------------------------------------------------------------------------
[LOSS-CORE] total=4.2922 cls=1.6807 dom=0.4036 adv=2.6218 orth=0.0026 cons=0.1953 group_ce=2.8059
[LOSS-AUX]  cls_pa=1.1252 cls_dac=0.0000 pa_joint_inv=0.2071 pa_kl=0.9517 dac_reg=0.0000 pa_reg=0.0145 gap_dac=0.0000 gap_pa=0.2767 cos_joint_pa=0.7929 cos_imp_pa=nan
[LOSS-SAT]  cls_sat=9.5159 sat_cons=0.7144 sat_cos=0.2856
[LOSS-DG]   proto=0.0000 proto_cos=nan supcon=0.0000 fishr=0.0016 sgc_res=0.0000
[LOSS-CAL]  ecc=0.0000 ecc_w=0.0000 ecc_tau=0.9500 ecc_maxp=nan
[TRAIN] tx=86.60% dom=85.10% cons_cos=0.8048
[GRAD]  total=1.802 backbone=1.000 aux=0.750 domain=0.415
[VAL]   tx=98.85% dom=95.45%
[TEST]  overall_tx=89.45% (182471/204000)
[TEST-SPLIT]
          unseen_day_seen_rx(days=['2021_03_15', '2021_03_23'], rxs=[0, 1, 2, 3, 4, 5, 6]): tx=93.25% (78329/84000)
          seen_day_unseen_rx(days=['2021_03_01', '2021_03_08'], rxs=[7, 8, 9, 10, 11]): tx=89.24% (53546/60000)
          unseen_day_unseen_rx(days=['2021_03_15', '2021_03_23'], rxs=[7, 8, 9, 10, 11]): tx=84.33% (50596/60000)
          day=2021_03_15 on seen_rxs=[0, 1, 2, 3, 4, 5, 6]: tx=94.58% (39724/42000)
          day=2021_03_23 on seen_rxs=[0, 1, 2, 3, 4, 5, 6]: tx=91.92% (38605/42000)
          rx=7 on seen_days=['2021_03_01', '2021_03_08']: tx=84.01% (10081/12000)
          rx=8 on seen_days=['2021_03_01', '2021_03_08']: tx=83.16% (9979/12000)
          rx=9 on seen_days=['2021_03_01', '2021_03_08']: tx=90.90% (10908/12000)
          rx=10 on seen_days=['2021_03_01', '2021_03_08']: tx=93.77% (11252/12000)
          rx=11 on seen_days=['2021_03_01', '2021_03_08']: tx=94.38% (11326/12000)
[BEST-JOINT]  val_tx=99.02% & test_tx=89.51% @ E125
[CKPT]  latest -> finalist_runs/C4_A2_ecc003_satmain_seed1337/latest_model.pth (saved) | best -> finalist_runs/C4_A2_ecc003_satmain_seed1337/best_model_val.pth
====================================================================================================================================
[SAT-TEST] scenario=clear_leo selected=test_unseen_day_unseen_rx overall_tx=42.98% strict_udu=42.98% (25785/60000)
[SAT-TEST] scenario=low_elev_leo selected=test_unseen_day_unseen_rx overall_tx=43.12% strict_udu=43.12% (25870/60000)
[SAT-TEST] scenario=rain_leo selected=test_unseen_day_unseen_rx overall_tx=40.98% strict_udu=40.98% (24586/60000)
[SAT-TEST] scenario=storm_mp selected=test_unseen_day_unseen_rx overall_tx=37.01% strict_udu=37.01% (22206/60000)
[SAT-TEST] scenario=mixed_orbit selected=test_unseen_day_unseen_rx overall_tx=39.70% strict_udu=39.70% (23820/60000)
[BEST-TEST] overall=89.98% @ E114 -> finalist_runs/C4_A2_ecc003_satmain_seed1337/best_model_test_overall.pth | unseen_day_unseen_rx=85.11% @ E096 -> finalist_runs/C4_A2_ecc003_satmain_seed1337/best_model_strict_udu.pth | unseen_day_seen_rx=93.84% @ E043 | seen_day_unseen_rx=90.42% @ E114
[BEST-PRIMARY] score=86.81 @ E096 -> finalist_runs/C4_A2_ecc003_satmain_seed1337/best_model_primary_ood.pth | overall=89.95% strict_udu=85.11%
[BEST-WORST-RX] worst_rx=84.54% (test_rx_8) @ E115 -> finalist_runs/C4_A2_ecc003_satmain_seed1337/best_model_worst_rx.pth
====================================================================================================================================
[Epoch 127/200] time=86.1s | lr=5.96e-05 | aux_scale=1.000
[STAGE] phase=S3_refine_aux | use_aux=1.0 cons=1.00 cls_aux=1.00 reg=1.00 joint_inv=0.30 kl=0.60 group_ce=1.00
[MIXSTYLE-EPOCH] phase=late_anneal enabled=1 p=0.101 strength=0.504 anneal_t=0.486
[AUG] scale=0.350 | p_dac=0.000 p_pa=0.049 p_shift=0.122 p_cfo=0.122 p_awgn=0.140 p_mp=0.063 | max_shift=11 cfo_max=0.00014 pn_max=0.0021
------------------------------------------------------------------------------------------------------------------------------------
[LOSS-CORE] total=4.2264 cls=1.6329 dom=0.4023 adv=2.6187 orth=0.0026 cons=0.1862 group_ce=2.7157
[LOSS-AUX]  cls_pa=1.1310 cls_dac=0.0000 pa_joint_inv=0.2089 pa_kl=0.9549 dac_reg=0.0000 pa_reg=0.0144 gap_dac=0.0000 gap_pa=0.2783 cos_joint_pa=0.7911 cos_imp_pa=nan
[LOSS-SAT]  cls_sat=9.3816 sat_cons=0.7086 sat_cos=0.2914
[LOSS-DG]   proto=0.0000 proto_cos=nan supcon=0.0000 fishr=0.0015 sgc_res=0.0000
[LOSS-CAL]  ecc=0.0000 ecc_w=0.0000 ecc_tau=0.9500 ecc_maxp=nan
[TRAIN] tx=87.12% dom=85.54% cons_cos=0.8138
[GRAD]  total=1.718 backbone=1.000 aux=0.750 domain=0.427
[VAL]   tx=98.85% dom=95.20%
[TEST]  overall_tx=88.87% (181294/204000)
[TEST-SPLIT]
          unseen_day_seen_rx(days=['2021_03_15', '2021_03_23'], rxs=[0, 1, 2, 3, 4, 5, 6]): tx=93.03% (78143/84000)
          seen_day_unseen_rx(days=['2021_03_01', '2021_03_08'], rxs=[7, 8, 9, 10, 11]): tx=88.02% (52813/60000)
          unseen_day_unseen_rx(days=['2021_03_15', '2021_03_23'], rxs=[7, 8, 9, 10, 11]): tx=83.90% (50338/60000)
          day=2021_03_15 on seen_rxs=[0, 1, 2, 3, 4, 5, 6]: tx=94.96% (39882/42000)
          day=2021_03_23 on seen_rxs=[0, 1, 2, 3, 4, 5, 6]: tx=91.10% (38261/42000)
          rx=7 on seen_days=['2021_03_01', '2021_03_08']: tx=80.15% (9618/12000)
          rx=8 on seen_days=['2021_03_01', '2021_03_08']: tx=81.44% (9773/12000)
          rx=9 on seen_days=['2021_03_01', '2021_03_08']: tx=91.42% (10970/12000)
          rx=10 on seen_days=['2021_03_01', '2021_03_08']: tx=92.58% (11109/12000)
          rx=11 on seen_days=['2021_03_01', '2021_03_08']: tx=94.53% (11343/12000)
[BEST-JOINT]  val_tx=99.02% & test_tx=89.51% @ E125
[CKPT]  latest -> finalist_runs/C4_A2_ecc003_satmain_seed1337/latest_model.pth (saved) | best -> finalist_runs/C4_A2_ecc003_satmain_seed1337/best_model_val.pth
====================================================================================================================================
[SAT-TEST] scenario=clear_leo selected=test_unseen_day_unseen_rx overall_tx=43.42% strict_udu=43.42% (26052/60000)
[SAT-TEST] scenario=low_elev_leo selected=test_unseen_day_unseen_rx overall_tx=44.04% strict_udu=44.04% (26426/60000)
[SAT-TEST] scenario=rain_leo selected=test_unseen_day_unseen_rx overall_tx=41.57% strict_udu=41.57% (24942/60000)
[SAT-TEST] scenario=storm_mp selected=test_unseen_day_unseen_rx overall_tx=37.67% strict_udu=37.67% (22601/60000)
[SAT-TEST] scenario=mixed_orbit selected=test_unseen_day_unseen_rx overall_tx=39.54% strict_udu=39.54% (23725/60000)
[BEST-TEST] overall=89.98% @ E114 -> finalist_runs/C4_A2_ecc003_satmain_seed1337/best_model_test_overall.pth | unseen_day_unseen_rx=85.11% @ E096 -> finalist_runs/C4_A2_ecc003_satmain_seed1337/best_model_strict_udu.pth | unseen_day_seen_rx=93.84% @ E043 | seen_day_unseen_rx=90.42% @ E114
[BEST-PRIMARY] score=86.81 @ E096 -> finalist_runs/C4_A2_ecc003_satmain_seed1337/best_model_primary_ood.pth | overall=89.95% strict_udu=85.11%
[BEST-WORST-RX] worst_rx=84.54% (test_rx_8) @ E115 -> finalist_runs/C4_A2_ecc003_satmain_seed1337/best_model_worst_rx.pth
====================================================================================================================================
[Epoch 128/200] time=86.4s | lr=5.81e-05 | aux_scale=1.000
[STAGE] phase=S3_refine_aux | use_aux=1.0 cons=1.00 cls_aux=1.00 reg=1.00 joint_inv=0.30 kl=0.60 group_ce=1.00
[MIXSTYLE-EPOCH] phase=late_anneal enabled=1 p=0.099 strength=0.496 anneal_t=0.514
[AUG] scale=0.350 | p_dac=0.000 p_pa=0.049 p_shift=0.122 p_cfo=0.122 p_awgn=0.140 p_mp=0.063 | max_shift=11 cfo_max=0.00014 pn_max=0.0021
------------------------------------------------------------------------------------------------------------------------------------
[LOSS-CORE] total=3.9738 cls=1.4449 dom=0.3570 adv=2.6178 orth=0.0026 cons=0.1812 group_ce=2.5174
[LOSS-AUX]  cls_pa=1.1378 cls_dac=0.0000 pa_joint_inv=0.2090 pa_kl=0.9639 dac_reg=0.0000 pa_reg=0.0145 gap_dac=0.0000 gap_pa=0.2797 cos_joint_pa=0.7910 cos_imp_pa=nan
[LOSS-SAT]  cls_sat=9.3750 sat_cons=0.7194 sat_cos=0.2806
[LOSS-DG]   proto=0.0000 proto_cos=nan supcon=0.0000 fishr=0.0015 sgc_res=0.0000
[LOSS-CAL]  ecc=0.0000 ecc_w=0.0000 ecc_tau=0.9500 ecc_maxp=nan
[TRAIN] tx=88.64% dom=86.92% cons_cos=0.8188
[GRAD]  total=1.702 backbone=1.000 aux=0.750 domain=0.412
[VAL]   tx=98.93% dom=95.49%
[TEST]  overall_tx=88.70% (180954/204000)
[TEST-SPLIT]
          unseen_day_seen_rx(days=['2021_03_15', '2021_03_23'], rxs=[0, 1, 2, 3, 4, 5, 6]): tx=92.88% (78021/84000)
          seen_day_unseen_rx(days=['2021_03_01', '2021_03_08'], rxs=[7, 8, 9, 10, 11]): tx=88.05% (52831/60000)
          unseen_day_unseen_rx(days=['2021_03_15', '2021_03_23'], rxs=[7, 8, 9, 10, 11]): tx=83.50% (50102/60000)
          day=2021_03_15 on seen_rxs=[0, 1, 2, 3, 4, 5, 6]: tx=94.29% (39602/42000)
          day=2021_03_23 on seen_rxs=[0, 1, 2, 3, 4, 5, 6]: tx=91.47% (38419/42000)
          rx=7 on seen_days=['2021_03_01', '2021_03_08']: tx=79.45% (9534/12000)
          rx=8 on seen_days=['2021_03_01', '2021_03_08']: tx=82.32% (9878/12000)
          rx=9 on seen_days=['2021_03_01', '2021_03_08']: tx=91.05% (10926/12000)
          rx=10 on seen_days=['2021_03_01', '2021_03_08']: tx=92.42% (11091/12000)
          rx=11 on seen_days=['2021_03_01', '2021_03_08']: tx=95.02% (11402/12000)
[BEST-JOINT]  val_tx=99.02% & test_tx=89.51% @ E125
[CKPT]  latest -> finalist_runs/C4_A2_ecc003_satmain_seed1337/latest_model.pth (saved) | best -> finalist_runs/C4_A2_ecc003_satmain_seed1337/best_model_val.pth
====================================================================================================================================
[SAT-TEST] scenario=clear_leo selected=test_unseen_day_unseen_rx overall_tx=41.85% strict_udu=41.85% (25109/60000)
[SAT-TEST] scenario=low_elev_leo selected=test_unseen_day_unseen_rx overall_tx=42.16% strict_udu=42.16% (25299/60000)
[SAT-TEST] scenario=rain_leo selected=test_unseen_day_unseen_rx overall_tx=39.93% strict_udu=39.93% (23957/60000)
[SAT-TEST] scenario=storm_mp selected=test_unseen_day_unseen_rx overall_tx=36.40% strict_udu=36.40% (21837/60000)
[SAT-TEST] scenario=mixed_orbit selected=test_unseen_day_unseen_rx overall_tx=38.55% strict_udu=38.55% (23131/60000)
[BEST-TEST] overall=89.98% @ E114 -> finalist_runs/C4_A2_ecc003_satmain_seed1337/best_model_test_overall.pth | unseen_day_unseen_rx=85.11% @ E096 -> finalist_runs/C4_A2_ecc003_satmain_seed1337/best_model_strict_udu.pth | unseen_day_seen_rx=93.84% @ E043 | seen_day_unseen_rx=90.42% @ E114
[BEST-PRIMARY] score=86.81 @ E096 -> finalist_runs/C4_A2_ecc003_satmain_seed1337/best_model_primary_ood.pth | overall=89.95% strict_udu=85.11%
[BEST-WORST-RX] worst_rx=84.54% (test_rx_8) @ E115 -> finalist_runs/C4_A2_ecc003_satmain_seed1337/best_model_worst_rx.pth
====================================================================================================================================
[Epoch 129/200] time=85.0s | lr=5.67e-05 | aux_scale=1.000
[STAGE] phase=S3_refine_aux | use_aux=1.0 cons=1.00 cls_aux=1.00 reg=1.00 joint_inv=0.30 kl=0.60 group_ce=1.00
[MIXSTYLE-EPOCH] phase=late_anneal enabled=1 p=0.096 strength=0.487 anneal_t=0.543
[AUG] scale=0.350 | p_dac=0.000 p_pa=0.049 p_shift=0.122 p_cfo=0.122 p_awgn=0.140 p_mp=0.063 | max_shift=11 cfo_max=0.00014 pn_max=0.0021
------------------------------------------------------------------------------------------------------------------------------------
[LOSS-CORE] total=4.1178 cls=1.5337 dom=0.4148 adv=2.6184 orth=0.0026 cons=0.1829 group_ce=2.5001
[LOSS-AUX]  cls_pa=1.1264 cls_dac=0.0000 pa_joint_inv=0.2067 pa_kl=0.9578 dac_reg=0.0000 pa_reg=0.0143 gap_dac=0.0000 gap_pa=0.2855 cos_joint_pa=0.7933 cos_imp_pa=nan
[LOSS-SAT]  cls_sat=9.4032 sat_cons=0.7080 sat_cos=0.2920
[LOSS-DG]   proto=0.0000 proto_cos=nan supcon=0.0000 fishr=0.0015 sgc_res=0.0000
[LOSS-CAL]  ecc=0.0000 ecc_w=0.0000 ecc_tau=0.9500 ecc_maxp=nan
[TRAIN] tx=87.52% dom=85.69% cons_cos=0.8171
[GRAD]  total=1.875 backbone=1.000 aux=0.750 domain=0.409
[VAL]   tx=98.92% dom=95.52%
[TEST]  overall_tx=89.38% (182339/204000)
[TEST-SPLIT]
          unseen_day_seen_rx(days=['2021_03_15', '2021_03_23'], rxs=[0, 1, 2, 3, 4, 5, 6]): tx=93.17% (78263/84000)
          seen_day_unseen_rx(days=['2021_03_01', '2021_03_08'], rxs=[7, 8, 9, 10, 11]): tx=89.22% (53529/60000)
          unseen_day_unseen_rx(days=['2021_03_15', '2021_03_23'], rxs=[7, 8, 9, 10, 11]): tx=84.25% (50547/60000)
          day=2021_03_15 on seen_rxs=[0, 1, 2, 3, 4, 5, 6]: tx=94.98% (39893/42000)
          day=2021_03_23 on seen_rxs=[0, 1, 2, 3, 4, 5, 6]: tx=91.36% (38370/42000)
          rx=7 on seen_days=['2021_03_01', '2021_03_08']: tx=81.62% (9794/12000)
          rx=8 on seen_days=['2021_03_01', '2021_03_08']: tx=84.47% (10137/12000)
          rx=9 on seen_days=['2021_03_01', '2021_03_08']: tx=91.27% (10952/12000)
          rx=10 on seen_days=['2021_03_01', '2021_03_08']: tx=92.89% (11147/12000)
          rx=11 on seen_days=['2021_03_01', '2021_03_08']: tx=95.83% (11499/12000)
[BEST-JOINT]  val_tx=99.02% & test_tx=89.51% @ E125
[CKPT]  latest -> finalist_runs/C4_A2_ecc003_satmain_seed1337/latest_model.pth (saved) | best -> finalist_runs/C4_A2_ecc003_satmain_seed1337/best_model_val.pth
====================================================================================================================================
[SAT-TEST] scenario=clear_leo selected=test_unseen_day_unseen_rx overall_tx=42.91% strict_udu=42.91% (25749/60000)
[SAT-TEST] scenario=low_elev_leo selected=test_unseen_day_unseen_rx overall_tx=43.34% strict_udu=43.34% (26007/60000)
[SAT-TEST] scenario=rain_leo selected=test_unseen_day_unseen_rx overall_tx=40.85% strict_udu=40.85% (24508/60000)
[SAT-TEST] scenario=storm_mp selected=test_unseen_day_unseen_rx overall_tx=37.22% strict_udu=37.22% (22331/60000)
[SAT-TEST] scenario=mixed_orbit selected=test_unseen_day_unseen_rx overall_tx=39.67% strict_udu=39.67% (23805/60000)
[BEST-TEST] overall=89.98% @ E114 -> finalist_runs/C4_A2_ecc003_satmain_seed1337/best_model_test_overall.pth | unseen_day_unseen_rx=85.11% @ E096 -> finalist_runs/C4_A2_ecc003_satmain_seed1337/best_model_strict_udu.pth | unseen_day_seen_rx=93.84% @ E043 | seen_day_unseen_rx=90.42% @ E114
[BEST-PRIMARY] score=86.81 @ E096 -> finalist_runs/C4_A2_ecc003_satmain_seed1337/best_model_primary_ood.pth | overall=89.95% strict_udu=85.11%
[BEST-WORST-RX] worst_rx=84.54% (test_rx_8) @ E115 -> finalist_runs/C4_A2_ecc003_satmain_seed1337/best_model_worst_rx.pth
====================================================================================================================================
[Epoch 130/200] time=84.8s | lr=5.53e-05 | aux_scale=1.000
[STAGE] phase=S3_refine_aux | use_aux=1.0 cons=1.00 cls_aux=1.00 reg=1.00 joint_inv=0.30 kl=0.60 group_ce=1.00
[MIXSTYLE-EPOCH] phase=late_anneal enabled=1 p=0.093 strength=0.479 anneal_t=0.571
[AUG] scale=0.350 | p_dac=0.000 p_pa=0.049 p_shift=0.122 p_cfo=0.122 p_awgn=0.140 p_mp=0.063 | max_shift=11 cfo_max=0.00014 pn_max=0.0021
------------------------------------------------------------------------------------------------------------------------------------
[LOSS-CORE] total=4.0336 cls=1.4766 dom=0.3850 adv=2.6225 orth=0.0026 cons=0.1815 group_ce=2.5132
[LOSS-AUX]  cls_pa=1.1185 cls_dac=0.0000 pa_joint_inv=0.2068 pa_kl=0.9522 dac_reg=0.0000 pa_reg=0.0144 gap_dac=0.0000 gap_pa=0.2841 cos_joint_pa=0.7932 cos_imp_pa=nan
[LOSS-SAT]  cls_sat=9.4283 sat_cons=0.7063 sat_cos=0.2937
[LOSS-DG]   proto=0.0000 proto_cos=nan supcon=0.0000 fishr=0.0014 sgc_res=0.0000
[LOSS-CAL]  ecc=0.0000 ecc_w=0.0000 ecc_tau=0.9500 ecc_maxp=nan
[TRAIN] tx=88.57% dom=86.19% cons_cos=0.8185
[GRAD]  total=1.729 backbone=1.000 aux=0.750 domain=0.407
[VAL]   tx=98.93% dom=95.50%
[TEST]  overall_tx=89.36% (182299/204000)
[TEST-SPLIT]
          unseen_day_seen_rx(days=['2021_03_15', '2021_03_23'], rxs=[0, 1, 2, 3, 4, 5, 6]): tx=93.25% (78332/84000)
          seen_day_unseen_rx(days=['2021_03_01', '2021_03_08'], rxs=[7, 8, 9, 10, 11]): tx=89.27% (53564/60000)
          unseen_day_unseen_rx(days=['2021_03_15', '2021_03_23'], rxs=[7, 8, 9, 10, 11]): tx=84.00% (50403/60000)
          day=2021_03_15 on seen_rxs=[0, 1, 2, 3, 4, 5, 6]: tx=95.94% (40296/42000)
          day=2021_03_23 on seen_rxs=[0, 1, 2, 3, 4, 5, 6]: tx=90.56% (38036/42000)
          rx=7 on seen_days=['2021_03_01', '2021_03_08']: tx=81.95% (9834/12000)
          rx=8 on seen_days=['2021_03_01', '2021_03_08']: tx=83.28% (9994/12000)
          rx=9 on seen_days=['2021_03_01', '2021_03_08']: tx=92.25% (11070/12000)
          rx=10 on seen_days=['2021_03_01', '2021_03_08']: tx=93.43% (11212/12000)
          rx=11 on seen_days=['2021_03_01', '2021_03_08']: tx=95.45% (11454/12000)
[BEST-JOINT]  val_tx=99.02% & test_tx=89.51% @ E125
[CKPT]  latest -> finalist_runs/C4_A2_ecc003_satmain_seed1337/latest_model.pth (saved) | best -> finalist_runs/C4_A2_ecc003_satmain_seed1337/best_model_val.pth
====================================================================================================================================
[SAT-TEST] scenario=clear_leo selected=test_unseen_day_unseen_rx overall_tx=43.83% strict_udu=43.83% (26298/60000)
[SAT-TEST] scenario=low_elev_leo selected=test_unseen_day_unseen_rx overall_tx=43.98% strict_udu=43.98% (26390/60000)
[SAT-TEST] scenario=rain_leo selected=test_unseen_day_unseen_rx overall_tx=41.52% strict_udu=41.52% (24914/60000)
[SAT-TEST] scenario=storm_mp selected=test_unseen_day_unseen_rx overall_tx=37.60% strict_udu=37.60% (22562/60000)
[SAT-TEST] scenario=mixed_orbit selected=test_unseen_day_unseen_rx overall_tx=39.97% strict_udu=39.97% (23983/60000)
[BEST-TEST] overall=89.98% @ E114 -> finalist_runs/C4_A2_ecc003_satmain_seed1337/best_model_test_overall.pth | unseen_day_unseen_rx=85.11% @ E096 -> finalist_runs/C4_A2_ecc003_satmain_seed1337/best_model_strict_udu.pth | unseen_day_seen_rx=93.84% @ E043 | seen_day_unseen_rx=90.42% @ E114
[BEST-PRIMARY] score=86.81 @ E096 -> finalist_runs/C4_A2_ecc003_satmain_seed1337/best_model_primary_ood.pth | overall=89.95% strict_udu=85.11%
[BEST-WORST-RX] worst_rx=84.54% (test_rx_8) @ E115 -> finalist_runs/C4_A2_ecc003_satmain_seed1337/best_model_worst_rx.pth
====================================================================================================================================
[Epoch 131/200] time=85.2s | lr=5.39e-05 | aux_scale=1.000
[STAGE] phase=S3_refine_aux | use_aux=1.0 cons=1.00 cls_aux=1.00 reg=1.00 joint_inv=0.30 kl=0.60 group_ce=1.00
[MIXSTYLE-EPOCH] phase=late_anneal enabled=1 p=0.090 strength=0.470 anneal_t=0.600
[AUG] scale=0.350 | p_dac=0.000 p_pa=0.049 p_shift=0.122 p_cfo=0.122 p_awgn=0.140 p_mp=0.063 | max_shift=11 cfo_max=0.00014 pn_max=0.0021
------------------------------------------------------------------------------------------------------------------------------------
[LOSS-CORE] total=3.6541 cls=1.2122 dom=0.3249 adv=2.6233 orth=0.0028 cons=0.1671 group_ce=2.1063
[LOSS-AUX]  cls_pa=1.0514 cls_dac=0.0000 pa_joint_inv=0.2040 pa_kl=0.8811 dac_reg=0.0000 pa_reg=0.0144 gap_dac=0.0000 gap_pa=0.2786 cos_joint_pa=0.7960 cos_imp_pa=nan
[LOSS-SAT]  cls_sat=9.4398 sat_cons=0.7201 sat_cos=0.2799
[LOSS-DG]   proto=0.0000 proto_cos=nan supcon=0.0000 fishr=0.0012 sgc_res=0.0000
[LOSS-CAL]  ecc=0.0000 ecc_w=0.0000 ecc_tau=0.9500 ecc_maxp=nan
[TRAIN] tx=90.37% dom=88.12% cons_cos=0.8329
[GRAD]  total=1.715 backbone=1.000 aux=0.750 domain=0.405
[VAL]   tx=99.01% dom=95.32%
[TEST]  overall_tx=88.90% (181357/204000)
[TEST-SPLIT]
          unseen_day_seen_rx(days=['2021_03_15', '2021_03_23'], rxs=[0, 1, 2, 3, 4, 5, 6]): tx=93.35% (78414/84000)
          seen_day_unseen_rx(days=['2021_03_01', '2021_03_08'], rxs=[7, 8, 9, 10, 11]): tx=88.32% (52992/60000)
          unseen_day_unseen_rx(days=['2021_03_15', '2021_03_23'], rxs=[7, 8, 9, 10, 11]): tx=83.25% (49951/60000)
          day=2021_03_15 on seen_rxs=[0, 1, 2, 3, 4, 5, 6]: tx=95.85% (40258/42000)
          day=2021_03_23 on seen_rxs=[0, 1, 2, 3, 4, 5, 6]: tx=90.85% (38156/42000)
          rx=7 on seen_days=['2021_03_01', '2021_03_08']: tx=81.34% (9761/12000)
          rx=8 on seen_days=['2021_03_01', '2021_03_08']: tx=82.26% (9871/12000)
          rx=9 on seen_days=['2021_03_01', '2021_03_08']: tx=91.62% (10994/12000)
          rx=10 on seen_days=['2021_03_01', '2021_03_08']: tx=93.52% (11222/12000)
          rx=11 on seen_days=['2021_03_01', '2021_03_08']: tx=92.87% (11144/12000)
[BEST-JOINT]  val_tx=99.02% & test_tx=89.51% @ E125
[CKPT]  latest -> finalist_runs/C4_A2_ecc003_satmain_seed1337/latest_model.pth (saved) | best -> finalist_runs/C4_A2_ecc003_satmain_seed1337/best_model_val.pth
====================================================================================================================================
[SAT-TEST] scenario=clear_leo selected=test_unseen_day_unseen_rx overall_tx=43.87% strict_udu=43.87% (26320/60000)
[SAT-TEST] scenario=low_elev_leo selected=test_unseen_day_unseen_rx overall_tx=43.97% strict_udu=43.97% (26384/60000)
[SAT-TEST] scenario=rain_leo selected=test_unseen_day_unseen_rx overall_tx=41.54% strict_udu=41.54% (24922/60000)
[SAT-TEST] scenario=storm_mp selected=test_unseen_day_unseen_rx overall_tx=37.73% strict_udu=37.73% (22636/60000)
[SAT-TEST] scenario=mixed_orbit selected=test_unseen_day_unseen_rx overall_tx=39.75% strict_udu=39.75% (23852/60000)
[BEST-TEST] overall=89.98% @ E114 -> finalist_runs/C4_A2_ecc003_satmain_seed1337/best_model_test_overall.pth | unseen_day_unseen_rx=85.11% @ E096 -> finalist_runs/C4_A2_ecc003_satmain_seed1337/best_model_strict_udu.pth | unseen_day_seen_rx=93.84% @ E043 | seen_day_unseen_rx=90.42% @ E114
[BEST-PRIMARY] score=86.81 @ E096 -> finalist_runs/C4_A2_ecc003_satmain_seed1337/best_model_primary_ood.pth | overall=89.95% strict_udu=85.11%
[BEST-WORST-RX] worst_rx=84.54% (test_rx_8) @ E115 -> finalist_runs/C4_A2_ecc003_satmain_seed1337/best_model_worst_rx.pth
====================================================================================================================================
[Epoch 132/200] time=86.7s | lr=5.26e-05 | aux_scale=1.000
[STAGE] phase=S3_refine_aux | use_aux=1.0 cons=1.00 cls_aux=1.00 reg=1.00 joint_inv=0.30 kl=0.60 group_ce=1.00
[MIXSTYLE-EPOCH] phase=late_anneal enabled=1 p=0.087 strength=0.461 anneal_t=0.629
[AUG] scale=0.350 | p_dac=0.000 p_pa=0.049 p_shift=0.122 p_cfo=0.122 p_awgn=0.140 p_mp=0.063 | max_shift=11 cfo_max=0.00014 pn_max=0.0021
------------------------------------------------------------------------------------------------------------------------------------
[LOSS-CORE] total=3.6897 cls=1.2160 dom=0.3297 adv=2.6225 orth=0.0028 cons=0.1712 group_ce=2.2457
[LOSS-AUX]  cls_pa=1.0917 cls_dac=0.0000 pa_joint_inv=0.2053 pa_kl=0.9208 dac_reg=0.0000 pa_reg=0.0143 gap_dac=0.0000 gap_pa=0.2861 cos_joint_pa=0.7947 cos_imp_pa=nan
[LOSS-SAT]  cls_sat=9.5328 sat_cons=0.7190 sat_cos=0.2810
[LOSS-DG]   proto=0.0000 proto_cos=nan supcon=0.0000 fishr=0.0013 sgc_res=0.0000
[LOSS-CAL]  ecc=0.0000 ecc_w=0.0000 ecc_tau=0.9500 ecc_maxp=nan
[TRAIN] tx=90.68% dom=87.81% cons_cos=0.8288
[GRAD]  total=1.553 backbone=1.000 aux=0.750 domain=0.405
[VAL]   tx=98.83% dom=95.61%
[TEST]  overall_tx=89.33% (182227/204000)
[TEST-SPLIT]
          unseen_day_seen_rx(days=['2021_03_15', '2021_03_23'], rxs=[0, 1, 2, 3, 4, 5, 6]): tx=93.20% (78286/84000)
          seen_day_unseen_rx(days=['2021_03_01', '2021_03_08'], rxs=[7, 8, 9, 10, 11]): tx=89.27% (53560/60000)
          unseen_day_unseen_rx(days=['2021_03_15', '2021_03_23'], rxs=[7, 8, 9, 10, 11]): tx=83.97% (50381/60000)
          day=2021_03_15 on seen_rxs=[0, 1, 2, 3, 4, 5, 6]: tx=94.82% (39823/42000)
          day=2021_03_23 on seen_rxs=[0, 1, 2, 3, 4, 5, 6]: tx=91.58% (38463/42000)
          rx=7 on seen_days=['2021_03_01', '2021_03_08']: tx=84.35% (10122/12000)
          rx=8 on seen_days=['2021_03_01', '2021_03_08']: tx=83.58% (10029/12000)
          rx=9 on seen_days=['2021_03_01', '2021_03_08']: tx=90.80% (10896/12000)
          rx=10 on seen_days=['2021_03_01', '2021_03_08']: tx=94.22% (11306/12000)
          rx=11 on seen_days=['2021_03_01', '2021_03_08']: tx=93.39% (11207/12000)
[BEST-JOINT]  val_tx=99.02% & test_tx=89.51% @ E125
[CKPT]  latest -> finalist_runs/C4_A2_ecc003_satmain_seed1337/latest_model.pth (saved) | best -> finalist_runs/C4_A2_ecc003_satmain_seed1337/best_model_val.pth
====================================================================================================================================
[SAT-TEST] scenario=clear_leo selected=test_unseen_day_unseen_rx overall_tx=43.17% strict_udu=43.17% (25905/60000)
[SAT-TEST] scenario=low_elev_leo selected=test_unseen_day_unseen_rx overall_tx=43.59% strict_udu=43.59% (26151/60000)
[SAT-TEST] scenario=rain_leo selected=test_unseen_day_unseen_rx overall_tx=41.10% strict_udu=41.10% (24659/60000)
[SAT-TEST] scenario=storm_mp selected=test_unseen_day_unseen_rx overall_tx=37.15% strict_udu=37.15% (22292/60000)
[SAT-TEST] scenario=mixed_orbit selected=test_unseen_day_unseen_rx overall_tx=39.53% strict_udu=39.53% (23719/60000)
[BEST-TEST] overall=89.98% @ E114 -> finalist_runs/C4_A2_ecc003_satmain_seed1337/best_model_test_overall.pth | unseen_day_unseen_rx=85.11% @ E096 -> finalist_runs/C4_A2_ecc003_satmain_seed1337/best_model_strict_udu.pth | unseen_day_seen_rx=93.84% @ E043 | seen_day_unseen_rx=90.42% @ E114
[BEST-PRIMARY] score=86.81 @ E096 -> finalist_runs/C4_A2_ecc003_satmain_seed1337/best_model_primary_ood.pth | overall=89.95% strict_udu=85.11%
[BEST-WORST-RX] worst_rx=84.54% (test_rx_8) @ E115 -> finalist_runs/C4_A2_ecc003_satmain_seed1337/best_model_worst_rx.pth
====================================================================================================================================
[Epoch 133/200] time=86.1s | lr=5.12e-05 | aux_scale=1.000
[STAGE] phase=S3_refine_aux | use_aux=1.0 cons=1.00 cls_aux=1.00 reg=1.00 joint_inv=0.30 kl=0.60 group_ce=1.00
[MIXSTYLE-EPOCH] phase=late_anneal enabled=1 p=0.084 strength=0.453 anneal_t=0.657
[AUG] scale=0.350 | p_dac=0.000 p_pa=0.049 p_shift=0.122 p_cfo=0.122 p_awgn=0.140 p_mp=0.063 | max_shift=11 cfo_max=0.00014 pn_max=0.0021
------------------------------------------------------------------------------------------------------------------------------------
[LOSS-CORE] total=3.7476 cls=1.2834 dom=0.3290 adv=2.6250 orth=0.0029 cons=0.1692 group_ce=2.2590
[LOSS-AUX]  cls_pa=1.0570 cls_dac=0.0000 pa_joint_inv=0.2044 pa_kl=0.8809 dac_reg=0.0000 pa_reg=0.0142 gap_dac=0.0000 gap_pa=0.2892 cos_joint_pa=0.7956 cos_imp_pa=nan
[LOSS-SAT]  cls_sat=9.4565 sat_cons=0.7235 sat_cos=0.2765
[LOSS-DG]   proto=0.0000 proto_cos=nan supcon=0.0000 fishr=0.0013 sgc_res=0.0000
[LOSS-CAL]  ecc=0.0000 ecc_w=0.0000 ecc_tau=0.9500 ecc_maxp=nan
[TRAIN] tx=89.92% dom=87.85% cons_cos=0.8308
[GRAD]  total=1.558 backbone=1.000 aux=0.750 domain=0.403
[VAL]   tx=98.84% dom=95.49%
[TEST]  overall_tx=88.32% (180169/204000)
[TEST-SPLIT]
          unseen_day_seen_rx(days=['2021_03_15', '2021_03_23'], rxs=[0, 1, 2, 3, 4, 5, 6]): tx=92.82% (77970/84000)
          seen_day_unseen_rx(days=['2021_03_01', '2021_03_08'], rxs=[7, 8, 9, 10, 11]): tx=87.84% (52704/60000)
          unseen_day_unseen_rx(days=['2021_03_15', '2021_03_23'], rxs=[7, 8, 9, 10, 11]): tx=82.49% (49495/60000)
          day=2021_03_15 on seen_rxs=[0, 1, 2, 3, 4, 5, 6]: tx=95.56% (40134/42000)
          day=2021_03_23 on seen_rxs=[0, 1, 2, 3, 4, 5, 6]: tx=90.09% (37836/42000)
          rx=7 on seen_days=['2021_03_01', '2021_03_08']: tx=80.81% (9697/12000)
          rx=8 on seen_days=['2021_03_01', '2021_03_08']: tx=82.87% (9944/12000)
          rx=9 on seen_days=['2021_03_01', '2021_03_08']: tx=91.28% (10953/12000)
          rx=10 on seen_days=['2021_03_01', '2021_03_08']: tx=92.85% (11142/12000)
          rx=11 on seen_days=['2021_03_01', '2021_03_08']: tx=91.40% (10968/12000)
[BEST-JOINT]  val_tx=99.02% & test_tx=89.51% @ E125
[CKPT]  latest -> finalist_runs/C4_A2_ecc003_satmain_seed1337/latest_model.pth (saved) | best -> finalist_runs/C4_A2_ecc003_satmain_seed1337/best_model_val.pth
====================================================================================================================================
[SAT-TEST] scenario=clear_leo selected=test_unseen_day_unseen_rx overall_tx=43.60% strict_udu=43.60% (26159/60000)
[SAT-TEST] scenario=low_elev_leo selected=test_unseen_day_unseen_rx overall_tx=43.99% strict_udu=43.99% (26392/60000)
[SAT-TEST] scenario=rain_leo selected=test_unseen_day_unseen_rx overall_tx=41.45% strict_udu=41.45% (24869/60000)
[SAT-TEST] scenario=storm_mp selected=test_unseen_day_unseen_rx overall_tx=37.46% strict_udu=37.46% (22478/60000)
[SAT-TEST] scenario=mixed_orbit selected=test_unseen_day_unseen_rx overall_tx=39.68% strict_udu=39.68% (23807/60000)
[BEST-TEST] overall=89.98% @ E114 -> finalist_runs/C4_A2_ecc003_satmain_seed1337/best_model_test_overall.pth | unseen_day_unseen_rx=85.11% @ E096 -> finalist_runs/C4_A2_ecc003_satmain_seed1337/best_model_strict_udu.pth | unseen_day_seen_rx=93.84% @ E043 | seen_day_unseen_rx=90.42% @ E114
[BEST-PRIMARY] score=86.81 @ E096 -> finalist_runs/C4_A2_ecc003_satmain_seed1337/best_model_primary_ood.pth | overall=89.95% strict_udu=85.11%
[BEST-WORST-RX] worst_rx=84.54% (test_rx_8) @ E115 -> finalist_runs/C4_A2_ecc003_satmain_seed1337/best_model_worst_rx.pth
====================================================================================================================================
[Epoch 134/200] time=84.9s | lr=4.99e-05 | aux_scale=1.000
[STAGE] phase=S3_refine_aux | use_aux=1.0 cons=1.00 cls_aux=1.00 reg=1.00 joint_inv=0.30 kl=0.60 group_ce=1.00
[MIXSTYLE-EPOCH] phase=late_anneal enabled=1 p=0.081 strength=0.444 anneal_t=0.686
[AUG] scale=0.350 | p_dac=0.000 p_pa=0.049 p_shift=0.122 p_cfo=0.122 p_awgn=0.140 p_mp=0.063 | max_shift=11 cfo_max=0.00014 pn_max=0.0021
------------------------------------------------------------------------------------------------------------------------------------
[LOSS-CORE] total=3.4828 cls=1.0850 dom=0.2823 adv=2.6183 orth=0.0027 cons=0.1658 group_ce=2.0209
[LOSS-AUX]  cls_pa=1.0995 cls_dac=0.0000 pa_joint_inv=0.2050 pa_kl=0.9267 dac_reg=0.0000 pa_reg=0.0144 gap_dac=0.0000 gap_pa=0.2778 cos_joint_pa=0.7950 cos_imp_pa=nan
[LOSS-SAT]  cls_sat=9.4206 sat_cons=0.7305 sat_cos=0.2695
[LOSS-DG]   proto=0.0000 proto_cos=nan supcon=0.0000 fishr=0.0011 sgc_res=0.0000
[LOSS-CAL]  ecc=0.0000 ecc_w=0.0000 ecc_tau=0.9500 ecc_maxp=nan
[TRAIN] tx=91.60% dom=89.54% cons_cos=0.8342
[GRAD]  total=1.568 backbone=1.000 aux=0.750 domain=0.405
[VAL]   tx=99.00% dom=95.61%
[TEST]  overall_tx=89.24% (182056/204000)
[TEST-SPLIT]
          unseen_day_seen_rx(days=['2021_03_15', '2021_03_23'], rxs=[0, 1, 2, 3, 4, 5, 6]): tx=92.88% (78022/84000)
          seen_day_unseen_rx(days=['2021_03_01', '2021_03_08'], rxs=[7, 8, 9, 10, 11]): tx=88.93% (53356/60000)
          unseen_day_unseen_rx(days=['2021_03_15', '2021_03_23'], rxs=[7, 8, 9, 10, 11]): tx=84.46% (50678/60000)
          day=2021_03_15 on seen_rxs=[0, 1, 2, 3, 4, 5, 6]: tx=95.00% (39901/42000)
          day=2021_03_23 on seen_rxs=[0, 1, 2, 3, 4, 5, 6]: tx=90.76% (38121/42000)
          rx=7 on seen_days=['2021_03_01', '2021_03_08']: tx=81.38% (9766/12000)
          rx=8 on seen_days=['2021_03_01', '2021_03_08']: tx=83.47% (10016/12000)
          rx=9 on seen_days=['2021_03_01', '2021_03_08']: tx=91.27% (10952/12000)
          rx=10 on seen_days=['2021_03_01', '2021_03_08']: tx=93.01% (11161/12000)
          rx=11 on seen_days=['2021_03_01', '2021_03_08']: tx=95.51% (11461/12000)
[BEST-JOINT]  val_tx=99.02% & test_tx=89.51% @ E125
[CKPT]  latest -> finalist_runs/C4_A2_ecc003_satmain_seed1337/latest_model.pth (saved) | best -> finalist_runs/C4_A2_ecc003_satmain_seed1337/best_model_val.pth
====================================================================================================================================
[SAT-TEST] scenario=clear_leo selected=test_unseen_day_unseen_rx overall_tx=43.07% strict_udu=43.07% (25843/60000)
[SAT-TEST] scenario=low_elev_leo selected=test_unseen_day_unseen_rx overall_tx=43.05% strict_udu=43.05% (25831/60000)
[SAT-TEST] scenario=rain_leo selected=test_unseen_day_unseen_rx overall_tx=40.66% strict_udu=40.66% (24399/60000)
[SAT-TEST] scenario=storm_mp selected=test_unseen_day_unseen_rx overall_tx=37.43% strict_udu=37.43% (22456/60000)
[SAT-TEST] scenario=mixed_orbit selected=test_unseen_day_unseen_rx overall_tx=40.02% strict_udu=40.02% (24010/60000)
[BEST-TEST] overall=89.98% @ E114 -> finalist_runs/C4_A2_ecc003_satmain_seed1337/best_model_test_overall.pth | unseen_day_unseen_rx=85.11% @ E096 -> finalist_runs/C4_A2_ecc003_satmain_seed1337/best_model_strict_udu.pth | unseen_day_seen_rx=93.84% @ E043 | seen_day_unseen_rx=90.42% @ E114
[BEST-PRIMARY] score=86.81 @ E096 -> finalist_runs/C4_A2_ecc003_satmain_seed1337/best_model_primary_ood.pth | overall=89.95% strict_udu=85.11%
[BEST-WORST-RX] worst_rx=84.54% (test_rx_8) @ E115 -> finalist_runs/C4_A2_ecc003_satmain_seed1337/best_model_worst_rx.pth
====================================================================================================================================
[Epoch 135/200] time=86.2s | lr=4.85e-05 | aux_scale=1.000
[STAGE] phase=S3_refine_aux | use_aux=1.0 cons=1.00 cls_aux=1.00 reg=1.00 joint_inv=0.30 kl=0.60 group_ce=1.00
[MIXSTYLE-EPOCH] phase=late_anneal enabled=1 p=0.079 strength=0.436 anneal_t=0.714
[AUG] scale=0.350 | p_dac=0.000 p_pa=0.049 p_shift=0.122 p_cfo=0.122 p_awgn=0.140 p_mp=0.063 | max_shift=11 cfo_max=0.00014 pn_max=0.0021
------------------------------------------------------------------------------------------------------------------------------------
[LOSS-CORE] total=4.2753 cls=1.6355 dom=0.4472 adv=2.6262 orth=0.0024 cons=0.1810 group_ce=2.7159
[LOSS-AUX]  cls_pa=1.0886 cls_dac=0.0000 pa_joint_inv=0.2060 pa_kl=0.9182 dac_reg=0.0000 pa_reg=0.0142 gap_dac=0.0000 gap_pa=0.2847 cos_joint_pa=0.7940 cos_imp_pa=nan
[LOSS-SAT]  cls_sat=9.5294 sat_cons=0.7147 sat_cos=0.2853
[LOSS-DG]   proto=0.0000 proto_cos=nan supcon=0.0000 fishr=0.0016 sgc_res=0.0000
[LOSS-CAL]  ecc=0.0000 ecc_w=0.0000 ecc_tau=0.9500 ecc_maxp=nan
[TRAIN] tx=86.88% dom=83.79% cons_cos=0.8190
[GRAD]  total=1.775 backbone=1.000 aux=0.750 domain=0.410
[VAL]   tx=98.99% dom=95.32%
[TEST]  overall_tx=89.92% (183434/204000)
[TEST-SPLIT]
          unseen_day_seen_rx(days=['2021_03_15', '2021_03_23'], rxs=[0, 1, 2, 3, 4, 5, 6]): tx=93.42% (78473/84000)
          seen_day_unseen_rx(days=['2021_03_01', '2021_03_08'], rxs=[7, 8, 9, 10, 11]): tx=90.00% (54003/60000)
          unseen_day_unseen_rx(days=['2021_03_15', '2021_03_23'], rxs=[7, 8, 9, 10, 11]): tx=84.93% (50958/60000)
          day=2021_03_15 on seen_rxs=[0, 1, 2, 3, 4, 5, 6]: tx=95.69% (40190/42000)
          day=2021_03_23 on seen_rxs=[0, 1, 2, 3, 4, 5, 6]: tx=91.15% (38283/42000)
          rx=7 on seen_days=['2021_03_01', '2021_03_08']: tx=84.20% (10104/12000)
          rx=8 on seen_days=['2021_03_01', '2021_03_08']: tx=84.76% (10171/12000)
          rx=9 on seen_days=['2021_03_01', '2021_03_08']: tx=91.72% (11006/12000)
          rx=10 on seen_days=['2021_03_01', '2021_03_08']: tx=93.33% (11200/12000)
          rx=11 on seen_days=['2021_03_01', '2021_03_08']: tx=96.02% (11522/12000)
[BEST-JOINT]  val_tx=99.02% & test_tx=89.51% @ E125
[CKPT]  latest -> finalist_runs/C4_A2_ecc003_satmain_seed1337/latest_model.pth (saved) | best -> finalist_runs/C4_A2_ecc003_satmain_seed1337/best_model_val.pth
====================================================================================================================================
[SAT-TEST] scenario=clear_leo selected=test_unseen_day_unseen_rx overall_tx=43.99% strict_udu=43.99% (26394/60000)
[SAT-TEST] scenario=low_elev_leo selected=test_unseen_day_unseen_rx overall_tx=44.18% strict_udu=44.18% (26507/60000)
[SAT-TEST] scenario=rain_leo selected=test_unseen_day_unseen_rx overall_tx=41.86% strict_udu=41.86% (25115/60000)
[SAT-TEST] scenario=storm_mp selected=test_unseen_day_unseen_rx overall_tx=37.58% strict_udu=37.58% (22550/60000)
[SAT-TEST] scenario=mixed_orbit selected=test_unseen_day_unseen_rx overall_tx=40.66% strict_udu=40.66% (24393/60000)
[BEST-TEST] overall=89.98% @ E114 -> finalist_runs/C4_A2_ecc003_satmain_seed1337/best_model_test_overall.pth | unseen_day_unseen_rx=85.11% @ E096 -> finalist_runs/C4_A2_ecc003_satmain_seed1337/best_model_strict_udu.pth | unseen_day_seen_rx=93.84% @ E043 | seen_day_unseen_rx=90.42% @ E114
[BEST-PRIMARY] score=86.81 @ E096 -> finalist_runs/C4_A2_ecc003_satmain_seed1337/best_model_primary_ood.pth | overall=89.95% strict_udu=85.11%
[BEST-WORST-RX] worst_rx=84.54% (test_rx_8) @ E115 -> finalist_runs/C4_A2_ecc003_satmain_seed1337/best_model_worst_rx.pth
====================================================================================================================================
[Epoch 136/200] time=85.6s | lr=4.72e-05 | aux_scale=1.000
[STAGE] phase=S3_refine_aux_late_stable | use_aux=1.0 cons=1.00 cls_aux=1.00 reg=1.00 joint_inv=0.30 kl=0.60 group_ce=1.00
[MIXSTYLE-EPOCH] phase=late_anneal enabled=1 p=0.076 strength=0.427 anneal_t=0.743
[AUG] scale=0.350 | p_dac=0.000 p_pa=0.049 p_shift=0.122 p_cfo=0.122 p_awgn=0.140 p_mp=0.063 | max_shift=11 cfo_max=0.00014 pn_max=0.0021
------------------------------------------------------------------------------------------------------------------------------------
[LOSS-CORE] total=3.4724 cls=1.0886 dom=0.2904 adv=2.6247 orth=0.0028 cons=0.1656 group_ce=1.9443
[LOSS-AUX]  cls_pa=1.0443 cls_dac=0.0000 pa_joint_inv=0.2012 pa_kl=0.8734 dac_reg=0.0000 pa_reg=0.0144 gap_dac=0.0000 gap_pa=0.2810 cos_joint_pa=0.7988 cos_imp_pa=nan
[LOSS-SAT]  cls_sat=9.3157 sat_cons=0.7122 sat_cos=0.2878
[LOSS-DG]   proto=0.0000 proto_cos=nan supcon=0.0000 fishr=0.0012 sgc_res=0.0000
[LOSS-CAL]  ecc=0.0000 ecc_w=0.0000 ecc_tau=0.9500 ecc_maxp=nan
[TRAIN] tx=91.27% dom=88.93% cons_cos=0.8344
[GRAD]  total=1.553 backbone=1.000 aux=0.750 domain=0.405
[VAL]   tx=99.03% dom=95.59%
[TEST]  overall_tx=89.61% (182802/204000)
[TEST-SPLIT]
          unseen_day_seen_rx(days=['2021_03_15', '2021_03_23'], rxs=[0, 1, 2, 3, 4, 5, 6]): tx=93.41% (78461/84000)
          seen_day_unseen_rx(days=['2021_03_01', '2021_03_08'], rxs=[7, 8, 9, 10, 11]): tx=89.30% (53580/60000)
          unseen_day_unseen_rx(days=['2021_03_15', '2021_03_23'], rxs=[7, 8, 9, 10, 11]): tx=84.60% (50761/60000)
          day=2021_03_15 on seen_rxs=[0, 1, 2, 3, 4, 5, 6]: tx=95.22% (39994/42000)
          day=2021_03_23 on seen_rxs=[0, 1, 2, 3, 4, 5, 6]: tx=91.59% (38467/42000)
          rx=7 on seen_days=['2021_03_01', '2021_03_08']: tx=83.62% (10035/12000)
          rx=8 on seen_days=['2021_03_01', '2021_03_08']: tx=84.62% (10155/12000)
          rx=9 on seen_days=['2021_03_01', '2021_03_08']: tx=91.29% (10955/12000)
          rx=10 on seen_days=['2021_03_01', '2021_03_08']: tx=92.73% (11128/12000)
          rx=11 on seen_days=['2021_03_01', '2021_03_08']: tx=94.22% (11307/12000)
[BEST-JOINT]  val_tx=99.03% & test_tx=89.61% @ E136
[CKPT]  latest -> finalist_runs/C4_A2_ecc003_satmain_seed1337/latest_model.pth (saved) | best -> finalist_runs/C4_A2_ecc003_satmain_seed1337/best_model_val.pth (updated: val improved)
====================================================================================================================================
[SAT-TEST] scenario=clear_leo selected=test_unseen_day_unseen_rx overall_tx=43.16% strict_udu=43.16% (25897/60000)
[SAT-TEST] scenario=low_elev_leo selected=test_unseen_day_unseen_rx overall_tx=43.42% strict_udu=43.42% (26050/60000)
[SAT-TEST] scenario=rain_leo selected=test_unseen_day_unseen_rx overall_tx=40.90% strict_udu=40.90% (24541/60000)
[SAT-TEST] scenario=storm_mp selected=test_unseen_day_unseen_rx overall_tx=37.46% strict_udu=37.46% (22478/60000)
[SAT-TEST] scenario=mixed_orbit selected=test_unseen_day_unseen_rx overall_tx=39.73% strict_udu=39.73% (23840/60000)
[BEST-TEST] overall=89.98% @ E114 -> finalist_runs/C4_A2_ecc003_satmain_seed1337/best_model_test_overall.pth | unseen_day_unseen_rx=85.11% @ E096 -> finalist_runs/C4_A2_ecc003_satmain_seed1337/best_model_strict_udu.pth | unseen_day_seen_rx=93.84% @ E043 | seen_day_unseen_rx=90.42% @ E114
[BEST-PRIMARY] score=86.81 @ E096 -> finalist_runs/C4_A2_ecc003_satmain_seed1337/best_model_primary_ood.pth | overall=89.95% strict_udu=85.11%
[BEST-WORST-RX] worst_rx=84.54% (test_rx_8) @ E115 -> finalist_runs/C4_A2_ecc003_satmain_seed1337/best_model_worst_rx.pth
====================================================================================================================================
[Epoch 137/200] time=85.5s | lr=4.59e-05 | aux_scale=1.000
[STAGE] phase=S3_refine_aux_late_stable | use_aux=1.0 cons=0.99 cls_aux=0.99 reg=0.99 joint_inv=0.30 kl=0.60 group_ce=1.00
[MIXSTYLE-EPOCH] phase=late_anneal enabled=1 p=0.073 strength=0.419 anneal_t=0.771
[AUG] scale=0.348 | p_dac=0.000 p_pa=0.049 p_shift=0.122 p_cfo=0.122 p_awgn=0.139 p_mp=0.063 | max_shift=11 cfo_max=0.0001393 pn_max=0.00209
------------------------------------------------------------------------------------------------------------------------------------
[LOSS-CORE] total=3.5713 cls=1.1495 dom=0.3089 adv=2.6193 orth=0.0029 cons=0.1707 group_ce=2.0726
[LOSS-AUX]  cls_pa=1.0844 cls_dac=0.0000 pa_joint_inv=0.2025 pa_kl=0.9142 dac_reg=0.0000 pa_reg=0.0146 gap_dac=0.0000 gap_pa=0.2743 cos_joint_pa=0.7975 cos_imp_pa=nan
[LOSS-SAT]  cls_sat=9.4442 sat_cons=0.7269 sat_cos=0.2731
[LOSS-DG]   proto=0.0000 proto_cos=nan supcon=0.0000 fishr=0.0012 sgc_res=0.0000
[LOSS-CAL]  ecc=0.0000 ecc_w=0.0000 ecc_tau=0.9500 ecc_maxp=nan
[TRAIN] tx=90.80% dom=88.43% cons_cos=0.8293
[GRAD]  total=1.666 backbone=1.000 aux=0.750 domain=0.404
[VAL]   tx=98.93% dom=95.39%
[TEST]  overall_tx=89.34% (182262/204000)
[TEST-SPLIT]
          unseen_day_seen_rx(days=['2021_03_15', '2021_03_23'], rxs=[0, 1, 2, 3, 4, 5, 6]): tx=93.33% (78400/84000)
          seen_day_unseen_rx(days=['2021_03_01', '2021_03_08'], rxs=[7, 8, 9, 10, 11]): tx=89.11% (53465/60000)
          unseen_day_unseen_rx(days=['2021_03_15', '2021_03_23'], rxs=[7, 8, 9, 10, 11]): tx=84.00% (50397/60000)
          day=2021_03_15 on seen_rxs=[0, 1, 2, 3, 4, 5, 6]: tx=95.91% (40283/42000)
          day=2021_03_23 on seen_rxs=[0, 1, 2, 3, 4, 5, 6]: tx=90.75% (38117/42000)
          rx=7 on seen_days=['2021_03_01', '2021_03_08']: tx=82.61% (9913/12000)
          rx=8 on seen_days=['2021_03_01', '2021_03_08']: tx=84.58% (10150/12000)
          rx=9 on seen_days=['2021_03_01', '2021_03_08']: tx=91.92% (11030/12000)
          rx=10 on seen_days=['2021_03_01', '2021_03_08']: tx=93.48% (11218/12000)
          rx=11 on seen_days=['2021_03_01', '2021_03_08']: tx=92.95% (11154/12000)
[BEST-JOINT]  val_tx=99.03% & test_tx=89.61% @ E136
[CKPT]  latest -> finalist_runs/C4_A2_ecc003_satmain_seed1337/latest_model.pth (saved) | best -> finalist_runs/C4_A2_ecc003_satmain_seed1337/best_model_val.pth
====================================================================================================================================
[SAT-TEST] scenario=clear_leo selected=test_unseen_day_unseen_rx overall_tx=44.29% strict_udu=44.29% (26575/60000)
[SAT-TEST] scenario=low_elev_leo selected=test_unseen_day_unseen_rx overall_tx=44.63% strict_udu=44.63% (26777/60000)
[SAT-TEST] scenario=rain_leo selected=test_unseen_day_unseen_rx overall_tx=41.98% strict_udu=41.98% (25187/60000)
[SAT-TEST] scenario=storm_mp selected=test_unseen_day_unseen_rx overall_tx=37.75% strict_udu=37.75% (22651/60000)
[SAT-TEST] scenario=mixed_orbit selected=test_unseen_day_unseen_rx overall_tx=40.38% strict_udu=40.38% (24228/60000)
[BEST-TEST] overall=89.98% @ E114 -> finalist_runs/C4_A2_ecc003_satmain_seed1337/best_model_test_overall.pth | unseen_day_unseen_rx=85.11% @ E096 -> finalist_runs/C4_A2_ecc003_satmain_seed1337/best_model_strict_udu.pth | unseen_day_seen_rx=93.84% @ E043 | seen_day_unseen_rx=90.42% @ E114
[BEST-PRIMARY] score=86.81 @ E096 -> finalist_runs/C4_A2_ecc003_satmain_seed1337/best_model_primary_ood.pth | overall=89.95% strict_udu=85.11%
[BEST-WORST-RX] worst_rx=84.54% (test_rx_8) @ E115 -> finalist_runs/C4_A2_ecc003_satmain_seed1337/best_model_worst_rx.pth
====================================================================================================================================
[Epoch 138/200] time=85.2s | lr=4.46e-05 | aux_scale=1.000
[STAGE] phase=S3_refine_aux_late_stable | use_aux=1.0 cons=0.99 cls_aux=0.98 reg=0.98 joint_inv=0.29 kl=0.59 group_ce=0.99
[MIXSTYLE-EPOCH] phase=late_anneal enabled=1 p=0.070 strength=0.410 anneal_t=0.800
[AUG] scale=0.346 | p_dac=0.000 p_pa=0.048 p_shift=0.121 p_cfo=0.121 p_awgn=0.138 p_mp=0.062 | max_shift=11 cfo_max=0.0001384 pn_max=0.002076
------------------------------------------------------------------------------------------------------------------------------------
[LOSS-CORE] total=4.0722 cls=1.5469 dom=0.3742 adv=2.6201 orth=0.0025 cons=0.1906 group_ce=2.6557
[LOSS-AUX]  cls_pa=1.0173 cls_dac=0.0000 pa_joint_inv=0.2035 pa_kl=0.8504 dac_reg=0.0000 pa_reg=0.0144 gap_dac=0.0000 gap_pa=0.2878 cos_joint_pa=0.7965 cos_imp_pa=nan
[LOSS-SAT]  cls_sat=9.4719 sat_cons=0.7202 sat_cos=0.2798
[LOSS-DG]   proto=0.0000 proto_cos=nan supcon=0.0000 fishr=0.0015 sgc_res=0.0000
[LOSS-CAL]  ecc=0.0000 ecc_w=0.0000 ecc_tau=0.9500 ecc_maxp=nan
[TRAIN] tx=88.06% dom=86.39% cons_cos=0.8094
[GRAD]  total=1.632 backbone=1.000 aux=0.750 domain=0.423
[VAL]   tx=98.96% dom=95.64%
[TEST]  overall_tx=89.90% (183398/204000)
[TEST-SPLIT]
          unseen_day_seen_rx(days=['2021_03_15', '2021_03_23'], rxs=[0, 1, 2, 3, 4, 5, 6]): tx=93.55% (78581/84000)
          seen_day_unseen_rx(days=['2021_03_01', '2021_03_08'], rxs=[7, 8, 9, 10, 11]): tx=89.78% (53866/60000)
          unseen_day_unseen_rx(days=['2021_03_15', '2021_03_23'], rxs=[7, 8, 9, 10, 11]): tx=84.92% (50951/60000)
          day=2021_03_15 on seen_rxs=[0, 1, 2, 3, 4, 5, 6]: tx=96.19% (40398/42000)
          day=2021_03_23 on seen_rxs=[0, 1, 2, 3, 4, 5, 6]: tx=90.91% (38183/42000)
          rx=7 on seen_days=['2021_03_01', '2021_03_08']: tx=83.69% (10043/12000)
          rx=8 on seen_days=['2021_03_01', '2021_03_08']: tx=84.46% (10135/12000)
          rx=9 on seen_days=['2021_03_01', '2021_03_08']: tx=92.07% (11048/12000)
          rx=10 on seen_days=['2021_03_01', '2021_03_08']: tx=92.97% (11157/12000)
          rx=11 on seen_days=['2021_03_01', '2021_03_08']: tx=95.69% (11483/12000)
[BEST-JOINT]  val_tx=99.03% & test_tx=89.61% @ E136
[CKPT]  latest -> finalist_runs/C4_A2_ecc003_satmain_seed1337/latest_model.pth (saved) | best -> finalist_runs/C4_A2_ecc003_satmain_seed1337/best_model_val.pth
====================================================================================================================================
[SAT-TEST] scenario=clear_leo selected=test_unseen_day_unseen_rx overall_tx=44.01% strict_udu=44.01% (26403/60000)
[SAT-TEST] scenario=low_elev_leo selected=test_unseen_day_unseen_rx overall_tx=43.68% strict_udu=43.68% (26209/60000)
[SAT-TEST] scenario=rain_leo selected=test_unseen_day_unseen_rx overall_tx=41.38% strict_udu=41.38% (24828/60000)
[SAT-TEST] scenario=storm_mp selected=test_unseen_day_unseen_rx overall_tx=37.52% strict_udu=37.52% (22510/60000)
[SAT-TEST] scenario=mixed_orbit selected=test_unseen_day_unseen_rx overall_tx=40.81% strict_udu=40.81% (24484/60000)
[BEST-TEST] overall=89.98% @ E114 -> finalist_runs/C4_A2_ecc003_satmain_seed1337/best_model_test_overall.pth | unseen_day_unseen_rx=85.11% @ E096 -> finalist_runs/C4_A2_ecc003_satmain_seed1337/best_model_strict_udu.pth | unseen_day_seen_rx=93.84% @ E043 | seen_day_unseen_rx=90.42% @ E114
[BEST-PRIMARY] score=86.81 @ E096 -> finalist_runs/C4_A2_ecc003_satmain_seed1337/best_model_primary_ood.pth | overall=89.95% strict_udu=85.11%
[BEST-WORST-RX] worst_rx=84.54% (test_rx_8) @ E115 -> finalist_runs/C4_A2_ecc003_satmain_seed1337/best_model_worst_rx.pth
====================================================================================================================================
[Epoch 139/200] time=85.5s | lr=4.33e-05 | aux_scale=1.000
[STAGE] phase=S3_refine_aux_late_stable | use_aux=1.0 cons=0.98 cls_aux=0.97 reg=0.97 joint_inv=0.29 kl=0.58 group_ce=0.99
[MIXSTYLE-EPOCH] phase=late_anneal enabled=1 p=0.067 strength=0.401 anneal_t=0.829
[AUG] scale=0.343 | p_dac=0.000 p_pa=0.048 p_shift=0.120 p_cfo=0.120 p_awgn=0.137 p_mp=0.062 | max_shift=11 cfo_max=0.0001373 pn_max=0.00206
------------------------------------------------------------------------------------------------------------------------------------
[LOSS-CORE] total=3.4640 cls=1.0849 dom=0.3224 adv=2.6230 orth=0.0028 cons=0.1629 group_ce=1.8866
[LOSS-AUX]  cls_pa=1.0256 cls_dac=0.0000 pa_joint_inv=0.2019 pa_kl=0.8559 dac_reg=0.0000 pa_reg=0.0142 gap_dac=0.0000 gap_pa=0.2820 cos_joint_pa=0.7981 cos_imp_pa=nan
[LOSS-SAT]  cls_sat=9.3014 sat_cons=0.7114 sat_cos=0.2886
[LOSS-DG]   proto=0.0000 proto_cos=nan supcon=0.0000 fishr=0.0010 sgc_res=0.0000
[LOSS-CAL]  ecc=0.0000 ecc_w=0.0000 ecc_tau=0.9500 ecc_maxp=nan
[TRAIN] tx=91.41% dom=88.02% cons_cos=0.8371
[GRAD]  total=1.651 backbone=1.000 aux=0.750 domain=0.401
[VAL]   tx=98.92% dom=95.62%
[TEST]  overall_tx=89.26% (182084/204000)
[TEST-SPLIT]
          unseen_day_seen_rx(days=['2021_03_15', '2021_03_23'], rxs=[0, 1, 2, 3, 4, 5, 6]): tx=93.30% (78372/84000)
          seen_day_unseen_rx(days=['2021_03_01', '2021_03_08'], rxs=[7, 8, 9, 10, 11]): tx=88.46% (53076/60000)
          unseen_day_unseen_rx(days=['2021_03_15', '2021_03_23'], rxs=[7, 8, 9, 10, 11]): tx=84.39% (50636/60000)
          day=2021_03_15 on seen_rxs=[0, 1, 2, 3, 4, 5, 6]: tx=94.92% (39867/42000)
          day=2021_03_23 on seen_rxs=[0, 1, 2, 3, 4, 5, 6]: tx=91.68% (38505/42000)
          rx=7 on seen_days=['2021_03_01', '2021_03_08']: tx=81.30% (9756/12000)
          rx=8 on seen_days=['2021_03_01', '2021_03_08']: tx=83.08% (9970/12000)
          rx=9 on seen_days=['2021_03_01', '2021_03_08']: tx=91.22% (10947/12000)
          rx=10 on seen_days=['2021_03_01', '2021_03_08']: tx=93.14% (11177/12000)
          rx=11 on seen_days=['2021_03_01', '2021_03_08']: tx=93.55% (11226/12000)
[BEST-JOINT]  val_tx=99.03% & test_tx=89.61% @ E136
[CKPT]  latest -> finalist_runs/C4_A2_ecc003_satmain_seed1337/latest_model.pth (saved) | best -> finalist_runs/C4_A2_ecc003_satmain_seed1337/best_model_val.pth
====================================================================================================================================
[SAT-TEST] scenario=clear_leo selected=test_unseen_day_unseen_rx overall_tx=43.61% strict_udu=43.61% (26166/60000)
[SAT-TEST] scenario=low_elev_leo selected=test_unseen_day_unseen_rx overall_tx=43.94% strict_udu=43.94% (26366/60000)
[SAT-TEST] scenario=rain_leo selected=test_unseen_day_unseen_rx overall_tx=41.45% strict_udu=41.45% (24872/60000)
[SAT-TEST] scenario=storm_mp selected=test_unseen_day_unseen_rx overall_tx=37.50% strict_udu=37.50% (22501/60000)
[SAT-TEST] scenario=mixed_orbit selected=test_unseen_day_unseen_rx overall_tx=40.01% strict_udu=40.01% (24003/60000)
[BEST-TEST] overall=89.98% @ E114 -> finalist_runs/C4_A2_ecc003_satmain_seed1337/best_model_test_overall.pth | unseen_day_unseen_rx=85.11% @ E096 -> finalist_runs/C4_A2_ecc003_satmain_seed1337/best_model_strict_udu.pth | unseen_day_seen_rx=93.84% @ E043 | seen_day_unseen_rx=90.42% @ E114
[BEST-PRIMARY] score=86.81 @ E096 -> finalist_runs/C4_A2_ecc003_satmain_seed1337/best_model_primary_ood.pth | overall=89.95% strict_udu=85.11%
[BEST-WORST-RX] worst_rx=84.54% (test_rx_8) @ E115 -> finalist_runs/C4_A2_ecc003_satmain_seed1337/best_model_worst_rx.pth
====================================================================================================================================
[Epoch 140/200] time=86.3s | lr=4.20e-05 | aux_scale=1.000
[STAGE] phase=S3_refine_aux_late_stable | use_aux=1.0 cons=0.96 cls_aux=0.95 reg=0.95 joint_inv=0.29 kl=0.57 group_ce=0.99
[MIXSTYLE-EPOCH] phase=late_anneal enabled=1 p=0.064 strength=0.393 anneal_t=0.857
[AUG] scale=0.340 | p_dac=0.000 p_pa=0.048 p_shift=0.119 p_cfo=0.119 p_awgn=0.136 p_mp=0.061 | max_shift=11 cfo_max=0.0001362 pn_max=0.002042
------------------------------------------------------------------------------------------------------------------------------------
[LOSS-CORE] total=3.8454 cls=1.3897 dom=0.3563 adv=2.6243 orth=0.0027 cons=0.1738 group_ce=2.3086
[LOSS-AUX]  cls_pa=1.0791 cls_dac=0.0000 pa_joint_inv=0.2028 pa_kl=0.9107 dac_reg=0.0000 pa_reg=0.0143 gap_dac=0.0000 gap_pa=0.2825 cos_joint_pa=0.7972 cos_imp_pa=nan
[LOSS-SAT]  cls_sat=9.2949 sat_cons=0.7143 sat_cos=0.2857
[LOSS-DG]   proto=0.0000 proto_cos=nan supcon=0.0000 fishr=0.0013 sgc_res=0.0000
[LOSS-CAL]  ecc=0.0000 ecc_w=0.0000 ecc_tau=0.9500 ecc_maxp=nan
[TRAIN] tx=88.92% dom=87.00% cons_cos=0.8262
[GRAD]  total=1.590 backbone=1.000 aux=0.750 domain=0.386
[VAL]   tx=98.93% dom=95.61%
[TEST]  overall_tx=88.58% (180709/204000)
[TEST-SPLIT]
          unseen_day_seen_rx(days=['2021_03_15', '2021_03_23'], rxs=[0, 1, 2, 3, 4, 5, 6]): tx=93.14% (78239/84000)
          seen_day_unseen_rx(days=['2021_03_01', '2021_03_08'], rxs=[7, 8, 9, 10, 11]): tx=87.87% (52724/60000)
          unseen_day_unseen_rx(days=['2021_03_15', '2021_03_23'], rxs=[7, 8, 9, 10, 11]): tx=82.91% (49746/60000)
          day=2021_03_15 on seen_rxs=[0, 1, 2, 3, 4, 5, 6]: tx=94.52% (39698/42000)
          day=2021_03_23 on seen_rxs=[0, 1, 2, 3, 4, 5, 6]: tx=91.76% (38541/42000)
          rx=7 on seen_days=['2021_03_01', '2021_03_08']: tx=82.33% (9879/12000)
          rx=8 on seen_days=['2021_03_01', '2021_03_08']: tx=81.76% (9811/12000)
          rx=9 on seen_days=['2021_03_01', '2021_03_08']: tx=90.38% (10846/12000)
          rx=10 on seen_days=['2021_03_01', '2021_03_08']: tx=92.98% (11158/12000)
          rx=11 on seen_days=['2021_03_01', '2021_03_08']: tx=91.92% (11030/12000)
[BEST-JOINT]  val_tx=99.03% & test_tx=89.61% @ E136
[CKPT]  latest -> finalist_runs/C4_A2_ecc003_satmain_seed1337/latest_model.pth (saved) | best -> finalist_runs/C4_A2_ecc003_satmain_seed1337/best_model_val.pth
====================================================================================================================================
[SAT-TEST] scenario=clear_leo selected=test_unseen_day_unseen_rx overall_tx=42.38% strict_udu=42.38% (25431/60000)
[SAT-TEST] scenario=low_elev_leo selected=test_unseen_day_unseen_rx overall_tx=42.94% strict_udu=42.94% (25766/60000)
[SAT-TEST] scenario=rain_leo selected=test_unseen_day_unseen_rx overall_tx=40.61% strict_udu=40.61% (24366/60000)
[SAT-TEST] scenario=storm_mp selected=test_unseen_day_unseen_rx overall_tx=36.72% strict_udu=36.72% (22030/60000)
[SAT-TEST] scenario=mixed_orbit selected=test_unseen_day_unseen_rx overall_tx=38.60% strict_udu=38.60% (23162/60000)
[BEST-TEST] overall=89.98% @ E114 -> finalist_runs/C4_A2_ecc003_satmain_seed1337/best_model_test_overall.pth | unseen_day_unseen_rx=85.11% @ E096 -> finalist_runs/C4_A2_ecc003_satmain_seed1337/best_model_strict_udu.pth | unseen_day_seen_rx=93.84% @ E043 | seen_day_unseen_rx=90.42% @ E114
[BEST-PRIMARY] score=86.81 @ E096 -> finalist_runs/C4_A2_ecc003_satmain_seed1337/best_model_primary_ood.pth | overall=89.95% strict_udu=85.11%
[BEST-WORST-RX] worst_rx=84.54% (test_rx_8) @ E115 -> finalist_runs/C4_A2_ecc003_satmain_seed1337/best_model_worst_rx.pth
====================================================================================================================================
[Epoch 141/200] time=85.6s | lr=4.08e-05 | aux_scale=1.000
[STAGE] phase=S3_refine_aux_late_stable | use_aux=1.0 cons=0.95 cls_aux=0.94 reg=0.94 joint_inv=0.28 kl=0.56 group_ce=0.98
[MIXSTYLE-EPOCH] phase=late_anneal enabled=1 p=0.061 strength=0.384 anneal_t=0.886
[AUG] scale=0.337 | p_dac=0.000 p_pa=0.047 p_shift=0.118 p_cfo=0.118 p_awgn=0.135 p_mp=0.061 | max_shift=11 cfo_max=0.0001349 pn_max=0.002024
------------------------------------------------------------------------------------------------------------------------------------
[LOSS-CORE] total=3.8460 cls=1.3828 dom=0.3781 adv=2.6223 orth=0.0026 cons=0.1753 group_ce=2.3553
[LOSS-AUX]  cls_pa=1.0457 cls_dac=0.0000 pa_joint_inv=0.2017 pa_kl=0.8685 dac_reg=0.0000 pa_reg=0.0144 gap_dac=0.0000 gap_pa=0.2779 cos_joint_pa=0.7983 cos_imp_pa=nan
[LOSS-SAT]  cls_sat=9.3068 sat_cons=0.7152 sat_cos=0.2848
[LOSS-DG]   proto=0.0000 proto_cos=nan supcon=0.0000 fishr=0.0013 sgc_res=0.0000
[LOSS-CAL]  ecc=0.0000 ecc_w=0.0000 ecc_tau=0.9500 ecc_maxp=nan
[TRAIN] tx=88.76% dom=86.55% cons_cos=0.8246
[GRAD]  total=1.730 backbone=1.000 aux=0.750 domain=0.419
[VAL]   tx=99.01% dom=95.74%
[TEST]  overall_tx=89.76% (183117/204000)
[TEST-SPLIT]
          unseen_day_seen_rx(days=['2021_03_15', '2021_03_23'], rxs=[0, 1, 2, 3, 4, 5, 6]): tx=93.66% (78676/84000)
          seen_day_unseen_rx(days=['2021_03_01', '2021_03_08'], rxs=[7, 8, 9, 10, 11]): tx=89.66% (53798/60000)
          unseen_day_unseen_rx(days=['2021_03_15', '2021_03_23'], rxs=[7, 8, 9, 10, 11]): tx=84.41% (50643/60000)
          day=2021_03_15 on seen_rxs=[0, 1, 2, 3, 4, 5, 6]: tx=95.69% (40190/42000)
          day=2021_03_23 on seen_rxs=[0, 1, 2, 3, 4, 5, 6]: tx=91.63% (38486/42000)
          rx=7 on seen_days=['2021_03_01', '2021_03_08']: tx=83.83% (10059/12000)
          rx=8 on seen_days=['2021_03_01', '2021_03_08']: tx=84.03% (10084/12000)
          rx=9 on seen_days=['2021_03_01', '2021_03_08']: tx=91.76% (11011/12000)
          rx=10 on seen_days=['2021_03_01', '2021_03_08']: tx=93.61% (11233/12000)
          rx=11 on seen_days=['2021_03_01', '2021_03_08']: tx=95.09% (11411/12000)
[BEST-JOINT]  val_tx=99.03% & test_tx=89.61% @ E136
[CKPT]  latest -> finalist_runs/C4_A2_ecc003_satmain_seed1337/latest_model.pth (saved) | best -> finalist_runs/C4_A2_ecc003_satmain_seed1337/best_model_val.pth
====================================================================================================================================
[SAT-TEST] scenario=clear_leo selected=test_unseen_day_unseen_rx overall_tx=44.27% strict_udu=44.27% (26563/60000)
[SAT-TEST] scenario=low_elev_leo selected=test_unseen_day_unseen_rx overall_tx=44.48% strict_udu=44.48% (26690/60000)
[SAT-TEST] scenario=rain_leo selected=test_unseen_day_unseen_rx overall_tx=42.16% strict_udu=42.16% (25299/60000)
[SAT-TEST] scenario=storm_mp selected=test_unseen_day_unseen_rx overall_tx=38.06% strict_udu=38.06% (22834/60000)
[SAT-TEST] scenario=mixed_orbit selected=test_unseen_day_unseen_rx overall_tx=40.46% strict_udu=40.46% (24276/60000)
[BEST-TEST] overall=89.98% @ E114 -> finalist_runs/C4_A2_ecc003_satmain_seed1337/best_model_test_overall.pth | unseen_day_unseen_rx=85.11% @ E096 -> finalist_runs/C4_A2_ecc003_satmain_seed1337/best_model_strict_udu.pth | unseen_day_seen_rx=93.84% @ E043 | seen_day_unseen_rx=90.42% @ E114
[BEST-PRIMARY] score=86.81 @ E096 -> finalist_runs/C4_A2_ecc003_satmain_seed1337/best_model_primary_ood.pth | overall=89.95% strict_udu=85.11%
[BEST-WORST-RX] worst_rx=84.54% (test_rx_8) @ E115 -> finalist_runs/C4_A2_ecc003_satmain_seed1337/best_model_worst_rx.pth
====================================================================================================================================
[Epoch 142/200] time=85.8s | lr=3.95e-05 | aux_scale=1.000
[STAGE] phase=S3_refine_aux_late_stable | use_aux=1.0 cons=0.94 cls_aux=0.92 reg=0.92 joint_inv=0.28 kl=0.55 group_ce=0.98
[MIXSTYLE-EPOCH] phase=late_anneal enabled=1 p=0.059 strength=0.376 anneal_t=0.914
[AUG] scale=0.334 | p_dac=0.000 p_pa=0.047 p_shift=0.117 p_cfo=0.117 p_awgn=0.134 p_mp=0.060 | max_shift=11 cfo_max=0.0001336 pn_max=0.002004
------------------------------------------------------------------------------------------------------------------------------------
[LOSS-CORE] total=3.7636 cls=1.3550 dom=0.3380 adv=2.6176 orth=0.0027 cons=0.1818 group_ce=2.4097
[LOSS-AUX]  cls_pa=1.0142 cls_dac=0.0000 pa_joint_inv=0.1997 pa_kl=0.8405 dac_reg=0.0000 pa_reg=0.0141 gap_dac=0.0000 gap_pa=0.2831 cos_joint_pa=0.8003 cos_imp_pa=nan
[LOSS-SAT]  cls_sat=9.3165 sat_cons=0.7149 sat_cos=0.2851
[LOSS-DG]   proto=0.0000 proto_cos=nan supcon=0.0000 fishr=0.0014 sgc_res=0.0000
[LOSS-CAL]  ecc=0.0000 ecc_w=0.0000 ecc_tau=0.9500 ecc_maxp=nan
[TRAIN] tx=89.52% dom=87.53% cons_cos=0.8182
[GRAD]  total=1.583 backbone=1.000 aux=0.750 domain=0.391
[VAL]   tx=98.89% dom=95.67%
[TEST]  overall_tx=88.88% (181322/204000)
[TEST-SPLIT]
          unseen_day_seen_rx(days=['2021_03_15', '2021_03_23'], rxs=[0, 1, 2, 3, 4, 5, 6]): tx=92.83% (77974/84000)
          seen_day_unseen_rx(days=['2021_03_01', '2021_03_08'], rxs=[7, 8, 9, 10, 11]): tx=88.54% (53124/60000)
          unseen_day_unseen_rx(days=['2021_03_15', '2021_03_23'], rxs=[7, 8, 9, 10, 11]): tx=83.71% (50224/60000)
          day=2021_03_15 on seen_rxs=[0, 1, 2, 3, 4, 5, 6]: tx=94.85% (39836/42000)
          day=2021_03_23 on seen_rxs=[0, 1, 2, 3, 4, 5, 6]: tx=90.80% (38138/42000)
          rx=7 on seen_days=['2021_03_01', '2021_03_08']: tx=81.98% (9838/12000)
          rx=8 on seen_days=['2021_03_01', '2021_03_08']: tx=84.23% (10108/12000)
          rx=9 on seen_days=['2021_03_01', '2021_03_08']: tx=90.56% (10867/12000)
          rx=10 on seen_days=['2021_03_01', '2021_03_08']: tx=93.08% (11169/12000)
          rx=11 on seen_days=['2021_03_01', '2021_03_08']: tx=92.85% (11142/12000)
[BEST-JOINT]  val_tx=99.03% & test_tx=89.61% @ E136
[CKPT]  latest -> finalist_runs/C4_A2_ecc003_satmain_seed1337/latest_model.pth (saved) | best -> finalist_runs/C4_A2_ecc003_satmain_seed1337/best_model_val.pth
====================================================================================================================================
[SAT-TEST] scenario=clear_leo selected=test_unseen_day_unseen_rx overall_tx=42.78% strict_udu=42.78% (25668/60000)
[SAT-TEST] scenario=low_elev_leo selected=test_unseen_day_unseen_rx overall_tx=43.16% strict_udu=43.16% (25897/60000)
[SAT-TEST] scenario=rain_leo selected=test_unseen_day_unseen_rx overall_tx=40.87% strict_udu=40.87% (24520/60000)
[SAT-TEST] scenario=storm_mp selected=test_unseen_day_unseen_rx overall_tx=37.03% strict_udu=37.03% (22220/60000)
[SAT-TEST] scenario=mixed_orbit selected=test_unseen_day_unseen_rx overall_tx=39.38% strict_udu=39.38% (23627/60000)
[BEST-TEST] overall=89.98% @ E114 -> finalist_runs/C4_A2_ecc003_satmain_seed1337/best_model_test_overall.pth | unseen_day_unseen_rx=85.11% @ E096 -> finalist_runs/C4_A2_ecc003_satmain_seed1337/best_model_strict_udu.pth | unseen_day_seen_rx=93.84% @ E043 | seen_day_unseen_rx=90.42% @ E114
[BEST-PRIMARY] score=86.81 @ E096 -> finalist_runs/C4_A2_ecc003_satmain_seed1337/best_model_primary_ood.pth | overall=89.95% strict_udu=85.11%
[BEST-WORST-RX] worst_rx=84.54% (test_rx_8) @ E115 -> finalist_runs/C4_A2_ecc003_satmain_seed1337/best_model_worst_rx.pth
====================================================================================================================================
[Epoch 143/200] time=85.3s | lr=3.83e-05 | aux_scale=1.000
[STAGE] phase=S3_refine_aux_late_stable | use_aux=1.0 cons=0.93 cls_aux=0.90 reg=0.90 joint_inv=0.27 kl=0.54 group_ce=0.97
[MIXSTYLE-EPOCH] phase=late_anneal enabled=1 p=0.056 strength=0.367 anneal_t=0.943
[AUG] scale=0.331 | p_dac=0.000 p_pa=0.046 p_shift=0.116 p_cfo=0.116 p_awgn=0.132 p_mp=0.060 | max_shift=11 cfo_max=0.0001323 pn_max=0.001984
------------------------------------------------------------------------------------------------------------------------------------
[LOSS-CORE] total=3.8078 cls=1.4027 dom=0.3471 adv=2.6230 orth=0.0026 cons=0.1852 group_ce=2.3700
[LOSS-AUX]  cls_pa=1.0202 cls_dac=0.0000 pa_joint_inv=0.2011 pa_kl=0.8514 dac_reg=0.0000 pa_reg=0.0145 gap_dac=0.0000 gap_pa=0.2779 cos_joint_pa=0.7989 cos_imp_pa=nan
[LOSS-SAT]  cls_sat=9.3276 sat_cons=0.7096 sat_cos=0.2904
[LOSS-DG]   proto=0.0000 proto_cos=nan supcon=0.0000 fishr=0.0014 sgc_res=0.0000
[LOSS-CAL]  ecc=0.0000 ecc_w=0.0000 ecc_tau=0.9500 ecc_maxp=nan
[TRAIN] tx=88.84% dom=87.19% cons_cos=0.8148
[GRAD]  total=1.654 backbone=1.000 aux=0.750 domain=0.404
[VAL]   tx=98.88% dom=95.66%
[TEST]  overall_tx=89.31% (182185/204000)
[TEST-SPLIT]
          unseen_day_seen_rx(days=['2021_03_15', '2021_03_23'], rxs=[0, 1, 2, 3, 4, 5, 6]): tx=93.33% (78398/84000)
          seen_day_unseen_rx(days=['2021_03_01', '2021_03_08'], rxs=[7, 8, 9, 10, 11]): tx=89.01% (53404/60000)
          unseen_day_unseen_rx(days=['2021_03_15', '2021_03_23'], rxs=[7, 8, 9, 10, 11]): tx=83.97% (50383/60000)
          day=2021_03_15 on seen_rxs=[0, 1, 2, 3, 4, 5, 6]: tx=95.68% (40186/42000)
          day=2021_03_23 on seen_rxs=[0, 1, 2, 3, 4, 5, 6]: tx=90.98% (38212/42000)
          rx=7 on seen_days=['2021_03_01', '2021_03_08']: tx=82.81% (9937/12000)
          rx=8 on seen_days=['2021_03_01', '2021_03_08']: tx=83.72% (10047/12000)
          rx=9 on seen_days=['2021_03_01', '2021_03_08']: tx=91.78% (11013/12000)
          rx=10 on seen_days=['2021_03_01', '2021_03_08']: tx=93.22% (11187/12000)
          rx=11 on seen_days=['2021_03_01', '2021_03_08']: tx=93.50% (11220/12000)
[BEST-JOINT]  val_tx=99.03% & test_tx=89.61% @ E136
[CKPT]  latest -> finalist_runs/C4_A2_ecc003_satmain_seed1337/latest_model.pth (saved) | best -> finalist_runs/C4_A2_ecc003_satmain_seed1337/best_model_val.pth
====================================================================================================================================
[SAT-TEST] scenario=clear_leo selected=test_unseen_day_unseen_rx overall_tx=43.78% strict_udu=43.78% (26269/60000)
[SAT-TEST] scenario=low_elev_leo selected=test_unseen_day_unseen_rx overall_tx=44.16% strict_udu=44.16% (26495/60000)
[SAT-TEST] scenario=rain_leo selected=test_unseen_day_unseen_rx overall_tx=41.69% strict_udu=41.69% (25012/60000)
[SAT-TEST] scenario=storm_mp selected=test_unseen_day_unseen_rx overall_tx=37.45% strict_udu=37.45% (22467/60000)
[SAT-TEST] scenario=mixed_orbit selected=test_unseen_day_unseen_rx overall_tx=40.05% strict_udu=40.05% (24032/60000)
[BEST-TEST] overall=89.98% @ E114 -> finalist_runs/C4_A2_ecc003_satmain_seed1337/best_model_test_overall.pth | unseen_day_unseen_rx=85.11% @ E096 -> finalist_runs/C4_A2_ecc003_satmain_seed1337/best_model_strict_udu.pth | unseen_day_seen_rx=93.84% @ E043 | seen_day_unseen_rx=90.42% @ E114
[BEST-PRIMARY] score=86.81 @ E096 -> finalist_runs/C4_A2_ecc003_satmain_seed1337/best_model_primary_ood.pth | overall=89.95% strict_udu=85.11%
[BEST-WORST-RX] worst_rx=84.54% (test_rx_8) @ E115 -> finalist_runs/C4_A2_ecc003_satmain_seed1337/best_model_worst_rx.pth
====================================================================================================================================
[Epoch 144/200] time=86.8s | lr=3.71e-05 | aux_scale=1.000
[STAGE] phase=S3_refine_aux_late_stable | use_aux=1.0 cons=0.92 cls_aux=0.89 reg=0.89 joint_inv=0.27 kl=0.53 group_ce=0.97
[MIXSTYLE-EPOCH] phase=late_anneal enabled=1 p=0.053 strength=0.359 anneal_t=0.971
[AUG] scale=0.327 | p_dac=0.000 p_pa=0.046 p_shift=0.114 p_cfo=0.114 p_awgn=0.131 p_mp=0.059 | max_shift=10 cfo_max=0.0001308 pn_max=0.001963
------------------------------------------------------------------------------------------------------------------------------------
[LOSS-CORE] total=3.9848 cls=1.5635 dom=0.3469 adv=2.6176 orth=0.0025 cons=0.1974 group_ce=2.6840
[LOSS-AUX]  cls_pa=1.0219 cls_dac=0.0000 pa_joint_inv=0.1987 pa_kl=0.8547 dac_reg=0.0000 pa_reg=0.0145 gap_dac=0.0000 gap_pa=0.2798 cos_joint_pa=0.8013 cos_imp_pa=nan
[LOSS-SAT]  cls_sat=9.3381 sat_cons=0.7077 sat_cos=0.2923
[LOSS-DG]   proto=0.0000 proto_cos=nan supcon=0.0000 fishr=0.0016 sgc_res=0.0000
[LOSS-CAL]  ecc=0.0000 ecc_w=0.0000 ecc_tau=0.9500 ecc_maxp=nan
[TRAIN] tx=87.51% dom=87.28% cons_cos=0.8026
[GRAD]  total=1.691 backbone=1.000 aux=0.750 domain=0.417
[VAL]   tx=99.01% dom=95.72%
[TEST]  overall_tx=89.65% (182876/204000)
[TEST-SPLIT]
          unseen_day_seen_rx(days=['2021_03_15', '2021_03_23'], rxs=[0, 1, 2, 3, 4, 5, 6]): tx=93.45% (78502/84000)
          seen_day_unseen_rx(days=['2021_03_01', '2021_03_08'], rxs=[7, 8, 9, 10, 11]): tx=89.55% (53730/60000)
          unseen_day_unseen_rx(days=['2021_03_15', '2021_03_23'], rxs=[7, 8, 9, 10, 11]): tx=84.41% (50644/60000)
          day=2021_03_15 on seen_rxs=[0, 1, 2, 3, 4, 5, 6]: tx=95.85% (40258/42000)
          day=2021_03_23 on seen_rxs=[0, 1, 2, 3, 4, 5, 6]: tx=91.06% (38244/42000)
          rx=7 on seen_days=['2021_03_01', '2021_03_08']: tx=83.26% (9991/12000)
          rx=8 on seen_days=['2021_03_01', '2021_03_08']: tx=84.48% (10138/12000)
          rx=9 on seen_days=['2021_03_01', '2021_03_08']: tx=92.20% (11064/12000)
          rx=10 on seen_days=['2021_03_01', '2021_03_08']: tx=92.38% (11086/12000)
          rx=11 on seen_days=['2021_03_01', '2021_03_08']: tx=95.42% (11451/12000)
[BEST-JOINT]  val_tx=99.03% & test_tx=89.61% @ E136
[CKPT]  latest -> finalist_runs/C4_A2_ecc003_satmain_seed1337/latest_model.pth (saved) | best -> finalist_runs/C4_A2_ecc003_satmain_seed1337/best_model_val.pth
====================================================================================================================================
[SAT-TEST] scenario=clear_leo selected=test_unseen_day_unseen_rx overall_tx=44.39% strict_udu=44.39% (26636/60000)
[SAT-TEST] scenario=low_elev_leo selected=test_unseen_day_unseen_rx overall_tx=44.50% strict_udu=44.50% (26698/60000)
[SAT-TEST] scenario=rain_leo selected=test_unseen_day_unseen_rx overall_tx=42.13% strict_udu=42.13% (25276/60000)
[SAT-TEST] scenario=storm_mp selected=test_unseen_day_unseen_rx overall_tx=37.77% strict_udu=37.77% (22661/60000)
[SAT-TEST] scenario=mixed_orbit selected=test_unseen_day_unseen_rx overall_tx=40.51% strict_udu=40.51% (24304/60000)
[BEST-TEST] overall=89.98% @ E114 -> finalist_runs/C4_A2_ecc003_satmain_seed1337/best_model_test_overall.pth | unseen_day_unseen_rx=85.11% @ E096 -> finalist_runs/C4_A2_ecc003_satmain_seed1337/best_model_strict_udu.pth | unseen_day_seen_rx=93.84% @ E043 | seen_day_unseen_rx=90.42% @ E114
[BEST-PRIMARY] score=86.81 @ E096 -> finalist_runs/C4_A2_ecc003_satmain_seed1337/best_model_primary_ood.pth | overall=89.95% strict_udu=85.11%
[BEST-WORST-RX] worst_rx=84.54% (test_rx_8) @ E115 -> finalist_runs/C4_A2_ecc003_satmain_seed1337/best_model_worst_rx.pth
====================================================================================================================================
[Epoch 145/200] time=85.0s | lr=3.59e-05 | aux_scale=1.000
[STAGE] phase=S3_refine_aux_late_stable | use_aux=1.0 cons=0.90 cls_aux=0.87 reg=0.87 joint_inv=0.26 kl=0.52 group_ce=0.96
[MIXSTYLE-EPOCH] phase=late_anneal enabled=1 p=0.050 strength=0.350 anneal_t=1.000
[AUG] scale=0.323 | p_dac=0.000 p_pa=0.045 p_shift=0.113 p_cfo=0.113 p_awgn=0.129 p_mp=0.058 | max_shift=10 cfo_max=0.0001294 pn_max=0.001941
------------------------------------------------------------------------------------------------------------------------------------
[LOSS-CORE] total=3.8361 cls=1.4317 dom=0.3675 adv=2.6276 orth=0.0027 cons=0.1701 group_ce=2.3829
[LOSS-AUX]  cls_pa=0.9979 cls_dac=0.0000 pa_joint_inv=0.1969 pa_kl=0.8275 dac_reg=0.0000 pa_reg=0.0147 gap_dac=0.0000 gap_pa=0.2749 cos_joint_pa=0.8031 cos_imp_pa=nan
[LOSS-SAT]  cls_sat=9.4869 sat_cons=0.7199 sat_cos=0.2801
[LOSS-DG]   proto=0.0000 proto_cos=nan supcon=0.0000 fishr=0.0014 sgc_res=0.0000
[LOSS-CAL]  ecc=0.0000 ecc_w=0.0000 ecc_tau=0.9500 ecc_maxp=nan
[TRAIN] tx=88.61% dom=87.04% cons_cos=0.8300
[GRAD]  total=1.696 backbone=1.000 aux=0.750 domain=0.397
[VAL]   tx=99.05% dom=95.73%
[TEST]  overall_tx=89.22% (182012/204000)
[TEST-SPLIT]
          unseen_day_seen_rx(days=['2021_03_15', '2021_03_23'], rxs=[0, 1, 2, 3, 4, 5, 6]): tx=93.18% (78269/84000)
          seen_day_unseen_rx(days=['2021_03_01', '2021_03_08'], rxs=[7, 8, 9, 10, 11]): tx=88.98% (53386/60000)
          unseen_day_unseen_rx(days=['2021_03_15', '2021_03_23'], rxs=[7, 8, 9, 10, 11]): tx=83.93% (50357/60000)
          day=2021_03_15 on seen_rxs=[0, 1, 2, 3, 4, 5, 6]: tx=95.15% (39965/42000)
          day=2021_03_23 on seen_rxs=[0, 1, 2, 3, 4, 5, 6]: tx=91.20% (38304/42000)
          rx=7 on seen_days=['2021_03_01', '2021_03_08']: tx=83.41% (10009/12000)
          rx=8 on seen_days=['2021_03_01', '2021_03_08']: tx=83.34% (10001/12000)
          rx=9 on seen_days=['2021_03_01', '2021_03_08']: tx=91.33% (10959/12000)
          rx=10 on seen_days=['2021_03_01', '2021_03_08']: tx=92.83% (11140/12000)
          rx=11 on seen_days=['2021_03_01', '2021_03_08']: tx=93.97% (11277/12000)
[BEST-JOINT]  val_tx=99.05% & test_tx=89.22% @ E145
[CKPT]  latest -> finalist_runs/C4_A2_ecc003_satmain_seed1337/latest_model.pth (saved) | best -> finalist_runs/C4_A2_ecc003_satmain_seed1337/best_model_val.pth (updated: val improved)
====================================================================================================================================
[SAT-TEST] scenario=clear_leo selected=test_unseen_day_unseen_rx overall_tx=43.45% strict_udu=43.45% (26072/60000)
[SAT-TEST] scenario=low_elev_leo selected=test_unseen_day_unseen_rx overall_tx=43.57% strict_udu=43.57% (26142/60000)
[SAT-TEST] scenario=rain_leo selected=test_unseen_day_unseen_rx overall_tx=41.35% strict_udu=41.35% (24809/60000)
[SAT-TEST] scenario=storm_mp selected=test_unseen_day_unseen_rx overall_tx=37.53% strict_udu=37.53% (22518/60000)
[SAT-TEST] scenario=mixed_orbit selected=test_unseen_day_unseen_rx overall_tx=39.74% strict_udu=39.74% (23843/60000)
[BEST-TEST] overall=89.98% @ E114 -> finalist_runs/C4_A2_ecc003_satmain_seed1337/best_model_test_overall.pth | unseen_day_unseen_rx=85.11% @ E096 -> finalist_runs/C4_A2_ecc003_satmain_seed1337/best_model_strict_udu.pth | unseen_day_seen_rx=93.84% @ E043 | seen_day_unseen_rx=90.42% @ E114
[BEST-PRIMARY] score=86.81 @ E096 -> finalist_runs/C4_A2_ecc003_satmain_seed1337/best_model_primary_ood.pth | overall=89.95% strict_udu=85.11%
[BEST-WORST-RX] worst_rx=84.54% (test_rx_8) @ E115 -> finalist_runs/C4_A2_ecc003_satmain_seed1337/best_model_worst_rx.pth
====================================================================================================================================
[Epoch 146/200] time=86.4s | lr=3.47e-05 | aux_scale=1.000
[STAGE] phase=S3_refine_aux_late_stable | use_aux=1.0 cons=0.89 cls_aux=0.85 reg=0.85 joint_inv=0.26 kl=0.51 group_ce=0.96
[MIXSTYLE-EPOCH] phase=late_anneal enabled=1 p=0.050 strength=0.350 anneal_t=1.000
[AUG] scale=0.320 | p_dac=0.000 p_pa=0.045 p_shift=0.112 p_cfo=0.112 p_awgn=0.128 p_mp=0.058 | max_shift=10 cfo_max=0.0001279 pn_max=0.001919
------------------------------------------------------------------------------------------------------------------------------------
[LOSS-CORE] total=3.1752 cls=0.9643 dom=0.2625 adv=2.6234 orth=0.0029 cons=0.1540 group_ce=1.7343
[LOSS-AUX]  cls_pa=0.9771 cls_dac=0.0000 pa_joint_inv=0.1983 pa_kl=0.8082 dac_reg=0.0000 pa_reg=0.0145 gap_dac=0.0000 gap_pa=0.2795 cos_joint_pa=0.8017 cos_imp_pa=nan
[LOSS-SAT]  cls_sat=9.3789 sat_cons=0.7236 sat_cos=0.2764
[LOSS-DG]   proto=0.0000 proto_cos=nan supcon=0.0000 fishr=0.0009 sgc_res=0.0000
[LOSS-CAL]  ecc=0.0000 ecc_w=0.0000 ecc_tau=0.9500 ecc_maxp=nan
[TRAIN] tx=92.54% dom=90.05% cons_cos=0.8460
[GRAD]  total=1.561 backbone=1.000 aux=0.750 domain=0.362
[VAL]   tx=98.90% dom=95.79%
[TEST]  overall_tx=88.99% (181549/204000)
[TEST-SPLIT]
          unseen_day_seen_rx(days=['2021_03_15', '2021_03_23'], rxs=[0, 1, 2, 3, 4, 5, 6]): tx=93.13% (78228/84000)
          seen_day_unseen_rx(days=['2021_03_01', '2021_03_08'], rxs=[7, 8, 9, 10, 11]): tx=88.50% (53102/60000)
          unseen_day_unseen_rx(days=['2021_03_15', '2021_03_23'], rxs=[7, 8, 9, 10, 11]): tx=83.70% (50219/60000)
          day=2021_03_15 on seen_rxs=[0, 1, 2, 3, 4, 5, 6]: tx=95.24% (40002/42000)
          day=2021_03_23 on seen_rxs=[0, 1, 2, 3, 4, 5, 6]: tx=91.01% (38226/42000)
          rx=7 on seen_days=['2021_03_01', '2021_03_08']: tx=83.67% (10040/12000)
          rx=8 on seen_days=['2021_03_01', '2021_03_08']: tx=82.24% (9869/12000)
          rx=9 on seen_days=['2021_03_01', '2021_03_08']: tx=91.08% (10929/12000)
          rx=10 on seen_days=['2021_03_01', '2021_03_08']: tx=93.23% (11188/12000)
          rx=11 on seen_days=['2021_03_01', '2021_03_08']: tx=92.30% (11076/12000)
[BEST-JOINT]  val_tx=99.05% & test_tx=89.22% @ E145
[CKPT]  latest -> finalist_runs/C4_A2_ecc003_satmain_seed1337/latest_model.pth (saved) | best -> finalist_runs/C4_A2_ecc003_satmain_seed1337/best_model_val.pth
====================================================================================================================================
[SAT-TEST] scenario=clear_leo selected=test_unseen_day_unseen_rx overall_tx=43.76% strict_udu=43.76% (26256/60000)
[SAT-TEST] scenario=low_elev_leo selected=test_unseen_day_unseen_rx overall_tx=43.99% strict_udu=43.99% (26394/60000)
[SAT-TEST] scenario=rain_leo selected=test_unseen_day_unseen_rx overall_tx=41.67% strict_udu=41.67% (25001/60000)
[SAT-TEST] scenario=storm_mp selected=test_unseen_day_unseen_rx overall_tx=37.57% strict_udu=37.57% (22540/60000)
[SAT-TEST] scenario=mixed_orbit selected=test_unseen_day_unseen_rx overall_tx=39.89% strict_udu=39.89% (23936/60000)
[BEST-TEST] overall=89.98% @ E114 -> finalist_runs/C4_A2_ecc003_satmain_seed1337/best_model_test_overall.pth | unseen_day_unseen_rx=85.11% @ E096 -> finalist_runs/C4_A2_ecc003_satmain_seed1337/best_model_strict_udu.pth | unseen_day_seen_rx=93.84% @ E043 | seen_day_unseen_rx=90.42% @ E114
[BEST-PRIMARY] score=86.81 @ E096 -> finalist_runs/C4_A2_ecc003_satmain_seed1337/best_model_primary_ood.pth | overall=89.95% strict_udu=85.11%
[BEST-WORST-RX] worst_rx=84.54% (test_rx_8) @ E115 -> finalist_runs/C4_A2_ecc003_satmain_seed1337/best_model_worst_rx.pth
====================================================================================================================================
[Epoch 147/200] time=85.9s | lr=3.35e-05 | aux_scale=1.000
[STAGE] phase=S3_refine_aux_late_stable | use_aux=1.0 cons=0.88 cls_aux=0.83 reg=0.83 joint_inv=0.25 kl=0.50 group_ce=0.95
[MIXSTYLE-EPOCH] phase=late_anneal enabled=1 p=0.050 strength=0.350 anneal_t=1.000
[AUG] scale=0.316 | p_dac=0.000 p_pa=0.044 p_shift=0.111 p_cfo=0.111 p_awgn=0.126 p_mp=0.057 | max_shift=10 cfo_max=0.0001264 pn_max=0.001896
------------------------------------------------------------------------------------------------------------------------------------
[LOSS-CORE] total=3.3499 cls=1.0923 dom=0.3013 adv=2.6241 orth=0.0029 cons=0.1602 group_ce=1.8962
[LOSS-AUX]  cls_pa=1.0208 cls_dac=0.0000 pa_joint_inv=0.1988 pa_kl=0.8543 dac_reg=0.0000 pa_reg=0.0143 gap_dac=0.0000 gap_pa=0.2854 cos_joint_pa=0.8012 cos_imp_pa=nan
[LOSS-SAT]  cls_sat=9.3423 sat_cons=0.7176 sat_cos=0.2824
[LOSS-DG]   proto=0.0000 proto_cos=nan supcon=0.0000 fishr=0.0010 sgc_res=0.0000
[LOSS-CAL]  ecc=0.0000 ecc_w=0.0000 ecc_tau=0.9500 ecc_maxp=nan
[TRAIN] tx=91.41% dom=88.77% cons_cos=0.8398
[GRAD]  total=1.566 backbone=1.000 aux=0.750 domain=0.385
[VAL]   tx=99.01% dom=95.61%
[TEST]  overall_tx=89.59% (182773/204000)
[TEST-SPLIT]
          unseen_day_seen_rx(days=['2021_03_15', '2021_03_23'], rxs=[0, 1, 2, 3, 4, 5, 6]): tx=93.32% (78389/84000)
          seen_day_unseen_rx(days=['2021_03_01', '2021_03_08'], rxs=[7, 8, 9, 10, 11]): tx=89.63% (53779/60000)
          unseen_day_unseen_rx(days=['2021_03_15', '2021_03_23'], rxs=[7, 8, 9, 10, 11]): tx=84.34% (50605/60000)
          day=2021_03_15 on seen_rxs=[0, 1, 2, 3, 4, 5, 6]: tx=95.95% (40300/42000)
          day=2021_03_23 on seen_rxs=[0, 1, 2, 3, 4, 5, 6]: tx=90.69% (38089/42000)
          rx=7 on seen_days=['2021_03_01', '2021_03_08']: tx=83.17% (9980/12000)
          rx=8 on seen_days=['2021_03_01', '2021_03_08']: tx=84.07% (10088/12000)
          rx=9 on seen_days=['2021_03_01', '2021_03_08']: tx=92.52% (11102/12000)
          rx=10 on seen_days=['2021_03_01', '2021_03_08']: tx=92.91% (11149/12000)
          rx=11 on seen_days=['2021_03_01', '2021_03_08']: tx=95.50% (11460/12000)
[BEST-JOINT]  val_tx=99.05% & test_tx=89.22% @ E145
[CKPT]  latest -> finalist_runs/C4_A2_ecc003_satmain_seed1337/latest_model.pth (saved) | best -> finalist_runs/C4_A2_ecc003_satmain_seed1337/best_model_val.pth
====================================================================================================================================
[SAT-TEST] scenario=clear_leo selected=test_unseen_day_unseen_rx overall_tx=44.51% strict_udu=44.51% (26707/60000)
[SAT-TEST] scenario=low_elev_leo selected=test_unseen_day_unseen_rx overall_tx=44.87% strict_udu=44.87% (26920/60000)
[SAT-TEST] scenario=rain_leo selected=test_unseen_day_unseen_rx overall_tx=42.50% strict_udu=42.50% (25499/60000)
[SAT-TEST] scenario=storm_mp selected=test_unseen_day_unseen_rx overall_tx=38.02% strict_udu=38.02% (22809/60000)
[SAT-TEST] scenario=mixed_orbit selected=test_unseen_day_unseen_rx overall_tx=40.84% strict_udu=40.84% (24507/60000)
[BEST-TEST] overall=89.98% @ E114 -> finalist_runs/C4_A2_ecc003_satmain_seed1337/best_model_test_overall.pth | unseen_day_unseen_rx=85.11% @ E096 -> finalist_runs/C4_A2_ecc003_satmain_seed1337/best_model_strict_udu.pth | unseen_day_seen_rx=93.84% @ E043 | seen_day_unseen_rx=90.42% @ E114
[BEST-PRIMARY] score=86.81 @ E096 -> finalist_runs/C4_A2_ecc003_satmain_seed1337/best_model_primary_ood.pth | overall=89.95% strict_udu=85.11%
[BEST-WORST-RX] worst_rx=84.54% (test_rx_8) @ E115 -> finalist_runs/C4_A2_ecc003_satmain_seed1337/best_model_worst_rx.pth
====================================================================================================================================
[Epoch 148/200] time=85.7s | lr=3.24e-05 | aux_scale=1.000
[STAGE] phase=S3_refine_aux_late_stable | use_aux=1.0 cons=0.86 cls_aux=0.81 reg=0.81 joint_inv=0.24 kl=0.49 group_ce=0.95
[MIXSTYLE-EPOCH] phase=late_anneal enabled=1 p=0.050 strength=0.350 anneal_t=1.000
[AUG] scale=0.312 | p_dac=0.000 p_pa=0.044 p_shift=0.109 p_cfo=0.109 p_awgn=0.125 p_mp=0.056 | max_shift=10 cfo_max=0.0001248 pn_max=0.001872
------------------------------------------------------------------------------------------------------------------------------------
[LOSS-CORE] total=2.9391 cls=0.8086 dom=0.2386 adv=2.6230 orth=0.0029 cons=0.1507 group_ce=1.5404
[LOSS-AUX]  cls_pa=1.0005 cls_dac=0.0000 pa_joint_inv=0.1965 pa_kl=0.8300 dac_reg=0.0000 pa_reg=0.0148 gap_dac=0.0000 gap_pa=0.2752 cos_joint_pa=0.8035 cos_imp_pa=nan
[LOSS-SAT]  cls_sat=9.1185 sat_cons=0.7134 sat_cos=0.2866
[LOSS-DG]   proto=0.0000 proto_cos=nan supcon=0.0000 fishr=0.0009 sgc_res=0.0000
[LOSS-CAL]  ecc=0.0000 ecc_w=0.0000 ecc_tau=0.9500 ecc_maxp=nan
[TRAIN] tx=93.77% dom=90.90% cons_cos=0.8493
[GRAD]  total=1.640 backbone=1.000 aux=0.750 domain=0.365
[VAL]   tx=98.94% dom=95.83%
[TEST]  overall_tx=89.22% (182015/204000)
[TEST-SPLIT]
          unseen_day_seen_rx(days=['2021_03_15', '2021_03_23'], rxs=[0, 1, 2, 3, 4, 5, 6]): tx=93.18% (78270/84000)
          seen_day_unseen_rx(days=['2021_03_01', '2021_03_08'], rxs=[7, 8, 9, 10, 11]): tx=88.52% (53111/60000)
          unseen_day_unseen_rx(days=['2021_03_15', '2021_03_23'], rxs=[7, 8, 9, 10, 11]): tx=84.39% (50634/60000)
          day=2021_03_15 on seen_rxs=[0, 1, 2, 3, 4, 5, 6]: tx=95.11% (39945/42000)
          day=2021_03_23 on seen_rxs=[0, 1, 2, 3, 4, 5, 6]: tx=91.25% (38325/42000)
          rx=7 on seen_days=['2021_03_01', '2021_03_08']: tx=81.64% (9797/12000)
          rx=8 on seen_days=['2021_03_01', '2021_03_08']: tx=82.16% (9859/12000)
          rx=9 on seen_days=['2021_03_01', '2021_03_08']: tx=91.27% (10952/12000)
          rx=10 on seen_days=['2021_03_01', '2021_03_08']: tx=93.26% (11191/12000)
          rx=11 on seen_days=['2021_03_01', '2021_03_08']: tx=94.27% (11312/12000)
[BEST-JOINT]  val_tx=99.05% & test_tx=89.22% @ E145
[CKPT]  latest -> finalist_runs/C4_A2_ecc003_satmain_seed1337/latest_model.pth (saved) | best -> finalist_runs/C4_A2_ecc003_satmain_seed1337/best_model_val.pth
====================================================================================================================================
[SAT-TEST] scenario=clear_leo selected=test_unseen_day_unseen_rx overall_tx=44.03% strict_udu=44.03% (26419/60000)
[SAT-TEST] scenario=low_elev_leo selected=test_unseen_day_unseen_rx overall_tx=44.16% strict_udu=44.16% (26495/60000)
[SAT-TEST] scenario=rain_leo selected=test_unseen_day_unseen_rx overall_tx=41.95% strict_udu=41.95% (25171/60000)
[SAT-TEST] scenario=storm_mp selected=test_unseen_day_unseen_rx overall_tx=37.84% strict_udu=37.84% (22701/60000)
[SAT-TEST] scenario=mixed_orbit selected=test_unseen_day_unseen_rx overall_tx=40.44% strict_udu=40.44% (24263/60000)
[BEST-TEST] overall=89.98% @ E114 -> finalist_runs/C4_A2_ecc003_satmain_seed1337/best_model_test_overall.pth | unseen_day_unseen_rx=85.11% @ E096 -> finalist_runs/C4_A2_ecc003_satmain_seed1337/best_model_strict_udu.pth | unseen_day_seen_rx=93.84% @ E043 | seen_day_unseen_rx=90.42% @ E114
[BEST-PRIMARY] score=86.81 @ E096 -> finalist_runs/C4_A2_ecc003_satmain_seed1337/best_model_primary_ood.pth | overall=89.95% strict_udu=85.11%
[BEST-WORST-RX] worst_rx=84.54% (test_rx_8) @ E115 -> finalist_runs/C4_A2_ecc003_satmain_seed1337/best_model_worst_rx.pth
====================================================================================================================================
[Epoch 149/200] time=84.9s | lr=3.13e-05 | aux_scale=1.000
[STAGE] phase=S3_refine_aux_late_stable | use_aux=1.0 cons=0.85 cls_aux=0.79 reg=0.79 joint_inv=0.24 kl=0.48 group_ce=0.94
[MIXSTYLE-EPOCH] phase=late_anneal enabled=1 p=0.050 strength=0.350 anneal_t=1.000
[AUG] scale=0.308 | p_dac=0.000 p_pa=0.043 p_shift=0.108 p_cfo=0.108 p_awgn=0.123 p_mp=0.055 | max_shift=10 cfo_max=0.0001232 pn_max=0.001848
------------------------------------------------------------------------------------------------------------------------------------
[LOSS-CORE] total=3.0161 cls=0.8971 dom=0.2410 adv=2.6215 orth=0.0028 cons=0.1542 group_ce=1.6416
[LOSS-AUX]  cls_pa=0.9146 cls_dac=0.0000 pa_joint_inv=0.1959 pa_kl=0.7503 dac_reg=0.0000 pa_reg=0.0146 gap_dac=0.0000 gap_pa=0.2746 cos_joint_pa=0.8041 cos_imp_pa=nan
[LOSS-SAT]  cls_sat=9.2362 sat_cons=0.7171 sat_cos=0.2829
[LOSS-DG]   proto=0.0000 proto_cos=nan supcon=0.0000 fishr=0.0009 sgc_res=0.0000
[LOSS-CAL]  ecc=0.0000 ecc_w=0.0000 ecc_tau=0.9500 ecc_maxp=nan
[TRAIN] tx=92.84% dom=90.72% cons_cos=0.8458
[GRAD]  total=1.502 backbone=1.000 aux=0.750 domain=0.386
[VAL]   tx=98.98% dom=95.80%
[TEST]  overall_tx=89.54% (182669/204000)
[TEST-SPLIT]
          unseen_day_seen_rx(days=['2021_03_15', '2021_03_23'], rxs=[0, 1, 2, 3, 4, 5, 6]): tx=93.31% (78380/84000)
          seen_day_unseen_rx(days=['2021_03_01', '2021_03_08'], rxs=[7, 8, 9, 10, 11]): tx=89.33% (53595/60000)
          unseen_day_unseen_rx(days=['2021_03_15', '2021_03_23'], rxs=[7, 8, 9, 10, 11]): tx=84.49% (50694/60000)
          day=2021_03_15 on seen_rxs=[0, 1, 2, 3, 4, 5, 6]: tx=95.76% (40221/42000)
          day=2021_03_23 on seen_rxs=[0, 1, 2, 3, 4, 5, 6]: tx=90.85% (38159/42000)
          rx=7 on seen_days=['2021_03_01', '2021_03_08']: tx=82.36% (9883/12000)
          rx=8 on seen_days=['2021_03_01', '2021_03_08']: tx=83.13% (9976/12000)
          rx=9 on seen_days=['2021_03_01', '2021_03_08']: tx=92.41% (11089/12000)
          rx=10 on seen_days=['2021_03_01', '2021_03_08']: tx=93.28% (11193/12000)
          rx=11 on seen_days=['2021_03_01', '2021_03_08']: tx=95.45% (11454/12000)
[BEST-JOINT]  val_tx=99.05% & test_tx=89.22% @ E145
[CKPT]  latest -> finalist_runs/C4_A2_ecc003_satmain_seed1337/latest_model.pth (saved) | best -> finalist_runs/C4_A2_ecc003_satmain_seed1337/best_model_val.pth
====================================================================================================================================
[SAT-TEST] scenario=clear_leo selected=test_unseen_day_unseen_rx overall_tx=44.63% strict_udu=44.63% (26776/60000)
[SAT-TEST] scenario=low_elev_leo selected=test_unseen_day_unseen_rx overall_tx=44.70% strict_udu=44.70% (26818/60000)
[SAT-TEST] scenario=rain_leo selected=test_unseen_day_unseen_rx overall_tx=42.41% strict_udu=42.41% (25444/60000)
[SAT-TEST] scenario=storm_mp selected=test_unseen_day_unseen_rx overall_tx=38.17% strict_udu=38.17% (22903/60000)
[SAT-TEST] scenario=mixed_orbit selected=test_unseen_day_unseen_rx overall_tx=40.59% strict_udu=40.59% (24351/60000)
[BEST-TEST] overall=89.98% @ E114 -> finalist_runs/C4_A2_ecc003_satmain_seed1337/best_model_test_overall.pth | unseen_day_unseen_rx=85.11% @ E096 -> finalist_runs/C4_A2_ecc003_satmain_seed1337/best_model_strict_udu.pth | unseen_day_seen_rx=93.84% @ E043 | seen_day_unseen_rx=90.42% @ E114
[BEST-PRIMARY] score=86.81 @ E096 -> finalist_runs/C4_A2_ecc003_satmain_seed1337/best_model_primary_ood.pth | overall=89.95% strict_udu=85.11%
[BEST-WORST-RX] worst_rx=84.54% (test_rx_8) @ E115 -> finalist_runs/C4_A2_ecc003_satmain_seed1337/best_model_worst_rx.pth
====================================================================================================================================
[Epoch 150/200] time=84.6s | lr=3.01e-05 | aux_scale=1.000
[STAGE] phase=S3_refine_aux_late_stable | use_aux=1.0 cons=0.83 cls_aux=0.77 reg=0.77 joint_inv=0.23 kl=0.46 group_ce=0.94
[MIXSTYLE-EPOCH] phase=late_anneal enabled=1 p=0.050 strength=0.350 anneal_t=1.000
[AUG] scale=0.304 | p_dac=0.000 p_pa=0.043 p_shift=0.106 p_cfo=0.106 p_awgn=0.122 p_mp=0.055 | max_shift=10 cfo_max=0.0001216 pn_max=0.001824
------------------------------------------------------------------------------------------------------------------------------------
[LOSS-CORE] total=3.2454 cls=1.0507 dom=0.2860 adv=2.6190 orth=0.0026 cons=0.1687 group_ce=1.9315
[LOSS-AUX]  cls_pa=0.9976 cls_dac=0.0000 pa_joint_inv=0.1990 pa_kl=0.8330 dac_reg=0.0000 pa_reg=0.0145 gap_dac=0.0000 gap_pa=0.2772 cos_joint_pa=0.8010 cos_imp_pa=nan
[LOSS-SAT]  cls_sat=9.3308 sat_cons=0.7231 sat_cos=0.2769
[LOSS-DG]   proto=0.0000 proto_cos=nan supcon=0.0000 fishr=0.0011 sgc_res=0.0000
[LOSS-CAL]  ecc=0.0000 ecc_w=0.0000 ecc_tau=0.9500 ecc_maxp=nan
[TRAIN] tx=91.84% dom=89.32% cons_cos=0.8313
[GRAD]  total=1.647 backbone=1.000 aux=0.750 domain=0.384
[VAL]   tx=99.05% dom=95.84%
[TEST]  overall_tx=89.78% (183146/204000)
[TEST-SPLIT]
          unseen_day_seen_rx(days=['2021_03_15', '2021_03_23'], rxs=[0, 1, 2, 3, 4, 5, 6]): tx=93.59% (78619/84000)
          seen_day_unseen_rx(days=['2021_03_01', '2021_03_08'], rxs=[7, 8, 9, 10, 11]): tx=89.86% (53913/60000)
          unseen_day_unseen_rx(days=['2021_03_15', '2021_03_23'], rxs=[7, 8, 9, 10, 11]): tx=84.36% (50614/60000)
          day=2021_03_15 on seen_rxs=[0, 1, 2, 3, 4, 5, 6]: tx=95.86% (40260/42000)
          day=2021_03_23 on seen_rxs=[0, 1, 2, 3, 4, 5, 6]: tx=91.33% (38359/42000)
          rx=7 on seen_days=['2021_03_01', '2021_03_08']: tx=84.11% (10093/12000)
          rx=8 on seen_days=['2021_03_01', '2021_03_08']: tx=84.10% (10092/12000)
          rx=9 on seen_days=['2021_03_01', '2021_03_08']: tx=92.58% (11110/12000)
          rx=10 on seen_days=['2021_03_01', '2021_03_08']: tx=93.47% (11217/12000)
          rx=11 on seen_days=['2021_03_01', '2021_03_08']: tx=95.01% (11401/12000)
[BEST-JOINT]  val_tx=99.05% & test_tx=89.78% @ E150
[CKPT]  latest -> finalist_runs/C4_A2_ecc003_satmain_seed1337/latest_model.pth (saved) | best -> finalist_runs/C4_A2_ecc003_satmain_seed1337/best_model_val.pth (updated: val improved)
====================================================================================================================================
[SAT-TEST] scenario=clear_leo selected=test_unseen_day_unseen_rx overall_tx=44.10% strict_udu=44.10% (26459/60000)
[SAT-TEST] scenario=low_elev_leo selected=test_unseen_day_unseen_rx overall_tx=44.22% strict_udu=44.22% (26533/60000)
[SAT-TEST] scenario=rain_leo selected=test_unseen_day_unseen_rx overall_tx=41.94% strict_udu=41.94% (25162/60000)
[SAT-TEST] scenario=storm_mp selected=test_unseen_day_unseen_rx overall_tx=37.95% strict_udu=37.95% (22771/60000)
[SAT-TEST] scenario=mixed_orbit selected=test_unseen_day_unseen_rx overall_tx=40.35% strict_udu=40.35% (24209/60000)
[BEST-TEST] overall=89.98% @ E114 -> finalist_runs/C4_A2_ecc003_satmain_seed1337/best_model_test_overall.pth | unseen_day_unseen_rx=85.11% @ E096 -> finalist_runs/C4_A2_ecc003_satmain_seed1337/best_model_strict_udu.pth | unseen_day_seen_rx=93.84% @ E043 | seen_day_unseen_rx=90.42% @ E114
[BEST-PRIMARY] score=86.81 @ E096 -> finalist_runs/C4_A2_ecc003_satmain_seed1337/best_model_primary_ood.pth | overall=89.95% strict_udu=85.11%
[BEST-WORST-RX] worst_rx=84.54% (test_rx_8) @ E115 -> finalist_runs/C4_A2_ecc003_satmain_seed1337/best_model_worst_rx.pth
====================================================================================================================================
[Epoch 151/200] time=84.8s | lr=2.90e-05 | aux_scale=1.000
[STAGE] phase=S3_refine_aux_late_stable | use_aux=1.0 cons=0.82 cls_aux=0.75 reg=0.75 joint_inv=0.23 kl=0.45 group_ce=0.93
[MIXSTYLE-EPOCH] phase=late_anneal enabled=1 p=0.050 strength=0.350 anneal_t=1.000
[AUG] scale=0.300 | p_dac=0.000 p_pa=0.042 p_shift=0.105 p_cfo=0.105 p_awgn=0.120 p_mp=0.054 | max_shift=10 cfo_max=0.0001199 pn_max=0.001799
------------------------------------------------------------------------------------------------------------------------------------
[LOSS-CORE] total=3.3550 cls=1.1697 dom=0.2974 adv=2.6253 orth=0.0030 cons=0.1623 group_ce=2.0135
[LOSS-AUX]  cls_pa=0.9433 cls_dac=0.0000 pa_joint_inv=0.1940 pa_kl=0.7754 dac_reg=0.0000 pa_reg=0.0146 gap_dac=0.0000 gap_pa=0.2738 cos_joint_pa=0.8060 cos_imp_pa=nan
[LOSS-SAT]  cls_sat=9.2059 sat_cons=0.7059 sat_cos=0.2941
[LOSS-DG]   proto=0.0000 proto_cos=nan supcon=0.0000 fishr=0.0011 sgc_res=0.0000
[LOSS-CAL]  ecc=0.0000 ecc_w=0.0000 ecc_tau=0.9500 ecc_maxp=nan
[TRAIN] tx=90.80% dom=88.84% cons_cos=0.8377
[GRAD]  total=1.668 backbone=1.000 aux=0.750 domain=0.384
[VAL]   tx=99.02% dom=95.72%
[TEST]  overall_tx=89.58% (182744/204000)
[TEST-SPLIT]
          unseen_day_seen_rx(days=['2021_03_15', '2021_03_23'], rxs=[0, 1, 2, 3, 4, 5, 6]): tx=93.41% (78461/84000)
          seen_day_unseen_rx(days=['2021_03_01', '2021_03_08'], rxs=[7, 8, 9, 10, 11]): tx=89.21% (53525/60000)
          unseen_day_unseen_rx(days=['2021_03_15', '2021_03_23'], rxs=[7, 8, 9, 10, 11]): tx=84.60% (50758/60000)
          day=2021_03_15 on seen_rxs=[0, 1, 2, 3, 4, 5, 6]: tx=95.05% (39922/42000)
          day=2021_03_23 on seen_rxs=[0, 1, 2, 3, 4, 5, 6]: tx=91.76% (38539/42000)
          rx=7 on seen_days=['2021_03_01', '2021_03_08']: tx=81.96% (9835/12000)
          rx=8 on seen_days=['2021_03_01', '2021_03_08']: tx=84.90% (10188/12000)
          rx=9 on seen_days=['2021_03_01', '2021_03_08']: tx=91.44% (10973/12000)
          rx=10 on seen_days=['2021_03_01', '2021_03_08']: tx=91.99% (11039/12000)
          rx=11 on seen_days=['2021_03_01', '2021_03_08']: tx=95.75% (11490/12000)
[BEST-JOINT]  val_tx=99.05% & test_tx=89.78% @ E150
[CKPT]  latest -> finalist_runs/C4_A2_ecc003_satmain_seed1337/latest_model.pth (saved) | best -> finalist_runs/C4_A2_ecc003_satmain_seed1337/best_model_val.pth
====================================================================================================================================
[SAT-TEST] scenario=clear_leo selected=test_unseen_day_unseen_rx overall_tx=43.65% strict_udu=43.65% (26188/60000)
[SAT-TEST] scenario=low_elev_leo selected=test_unseen_day_unseen_rx overall_tx=43.58% strict_udu=43.58% (26148/60000)
[SAT-TEST] scenario=rain_leo selected=test_unseen_day_unseen_rx overall_tx=41.39% strict_udu=41.39% (24834/60000)
[SAT-TEST] scenario=storm_mp selected=test_unseen_day_unseen_rx overall_tx=37.66% strict_udu=37.66% (22596/60000)
[SAT-TEST] scenario=mixed_orbit selected=test_unseen_day_unseen_rx overall_tx=40.59% strict_udu=40.59% (24354/60000)
[BEST-TEST] overall=89.98% @ E114 -> finalist_runs/C4_A2_ecc003_satmain_seed1337/best_model_test_overall.pth | unseen_day_unseen_rx=85.11% @ E096 -> finalist_runs/C4_A2_ecc003_satmain_seed1337/best_model_strict_udu.pth | unseen_day_seen_rx=93.84% @ E043 | seen_day_unseen_rx=90.42% @ E114
[BEST-PRIMARY] score=86.81 @ E096 -> finalist_runs/C4_A2_ecc003_satmain_seed1337/best_model_primary_ood.pth | overall=89.95% strict_udu=85.11%
[BEST-WORST-RX] worst_rx=84.54% (test_rx_8) @ E115 -> finalist_runs/C4_A2_ecc003_satmain_seed1337/best_model_worst_rx.pth
====================================================================================================================================
[Epoch 152/200] time=85.1s | lr=2.80e-05 | aux_scale=1.000
[STAGE] phase=S3_refine_aux_late_stable | use_aux=1.0 cons=0.80 cls_aux=0.73 reg=0.73 joint_inv=0.22 kl=0.44 group_ce=0.93
[MIXSTYLE-EPOCH] phase=late_anneal enabled=1 p=0.050 strength=0.350 anneal_t=1.000
[AUG] scale=0.296 | p_dac=0.000 p_pa=0.041 p_shift=0.103 p_cfo=0.103 p_awgn=0.118 p_mp=0.053 | max_shift=9 cfo_max=0.0001182 pn_max=0.001773
------------------------------------------------------------------------------------------------------------------------------------
[LOSS-CORE] total=3.0599 cls=0.9535 dom=0.2575 adv=2.6228 orth=0.0033 cons=0.1573 group_ce=1.6732
[LOSS-AUX]  cls_pa=0.9804 cls_dac=0.0000 pa_joint_inv=0.1975 pa_kl=0.8134 dac_reg=0.0000 pa_reg=0.0144 gap_dac=0.0000 gap_pa=0.2818 cos_joint_pa=0.8025 cos_imp_pa=nan
[LOSS-SAT]  cls_sat=9.2772 sat_cons=0.7159 sat_cos=0.2841
[LOSS-DG]   proto=0.0000 proto_cos=nan supcon=0.0000 fishr=0.0009 sgc_res=0.0000
[LOSS-CAL]  ecc=0.0000 ecc_w=0.0000 ecc_tau=0.9500 ecc_maxp=nan
[TRAIN] tx=92.51% dom=90.45% cons_cos=0.8427
[GRAD]  total=1.560 backbone=1.000 aux=0.750 domain=0.359
[VAL]   tx=99.07% dom=95.73%
[TEST]  overall_tx=89.75% (183099/204000)
[TEST-SPLIT]
          unseen_day_seen_rx(days=['2021_03_15', '2021_03_23'], rxs=[0, 1, 2, 3, 4, 5, 6]): tx=93.27% (78348/84000)
          seen_day_unseen_rx(days=['2021_03_01', '2021_03_08'], rxs=[7, 8, 9, 10, 11]): tx=89.87% (53924/60000)
          unseen_day_unseen_rx(days=['2021_03_15', '2021_03_23'], rxs=[7, 8, 9, 10, 11]): tx=84.71% (50827/60000)
          day=2021_03_15 on seen_rxs=[0, 1, 2, 3, 4, 5, 6]: tx=95.63% (40163/42000)
          day=2021_03_23 on seen_rxs=[0, 1, 2, 3, 4, 5, 6]: tx=90.92% (38185/42000)
          rx=7 on seen_days=['2021_03_01', '2021_03_08']: tx=83.08% (9969/12000)
          rx=8 on seen_days=['2021_03_01', '2021_03_08']: tx=84.68% (10162/12000)
          rx=9 on seen_days=['2021_03_01', '2021_03_08']: tx=92.15% (11058/12000)
          rx=10 on seen_days=['2021_03_01', '2021_03_08']: tx=93.07% (11168/12000)
          rx=11 on seen_days=['2021_03_01', '2021_03_08']: tx=96.39% (11567/12000)
[BEST-JOINT]  val_tx=99.07% & test_tx=89.75% @ E152
[CKPT]  latest -> finalist_runs/C4_A2_ecc003_satmain_seed1337/latest_model.pth (saved) | best -> finalist_runs/C4_A2_ecc003_satmain_seed1337/best_model_val.pth (updated: val improved)
====================================================================================================================================
[SAT-TEST] scenario=clear_leo selected=test_unseen_day_unseen_rx overall_tx=44.39% strict_udu=44.39% (26632/60000)
[SAT-TEST] scenario=low_elev_leo selected=test_unseen_day_unseen_rx overall_tx=44.35% strict_udu=44.35% (26610/60000)
[SAT-TEST] scenario=rain_leo selected=test_unseen_day_unseen_rx overall_tx=42.10% strict_udu=42.10% (25259/60000)
[SAT-TEST] scenario=storm_mp selected=test_unseen_day_unseen_rx overall_tx=37.91% strict_udu=37.91% (22747/60000)
[SAT-TEST] scenario=mixed_orbit selected=test_unseen_day_unseen_rx overall_tx=40.83% strict_udu=40.83% (24495/60000)
[BEST-TEST] overall=89.98% @ E114 -> finalist_runs/C4_A2_ecc003_satmain_seed1337/best_model_test_overall.pth | unseen_day_unseen_rx=85.11% @ E096 -> finalist_runs/C4_A2_ecc003_satmain_seed1337/best_model_strict_udu.pth | unseen_day_seen_rx=93.84% @ E043 | seen_day_unseen_rx=90.42% @ E114
[BEST-PRIMARY] score=86.81 @ E096 -> finalist_runs/C4_A2_ecc003_satmain_seed1337/best_model_primary_ood.pth | overall=89.95% strict_udu=85.11%
[BEST-WORST-RX] worst_rx=84.54% (test_rx_8) @ E115 -> finalist_runs/C4_A2_ecc003_satmain_seed1337/best_model_worst_rx.pth
====================================================================================================================================
[Epoch 153/200] time=85.7s | lr=2.69e-05 | aux_scale=1.000
[STAGE] phase=S3_refine_aux_late_stable | use_aux=1.0 cons=0.78 cls_aux=0.71 reg=0.71 joint_inv=0.21 kl=0.43 group_ce=0.92
[MIXSTYLE-EPOCH] phase=late_anneal enabled=1 p=0.050 strength=0.350 anneal_t=1.000
[AUG] scale=0.291 | p_dac=0.000 p_pa=0.041 p_shift=0.102 p_cfo=0.102 p_awgn=0.117 p_mp=0.052 | max_shift=9 cfo_max=0.0001165 pn_max=0.001748
------------------------------------------------------------------------------------------------------------------------------------
[LOSS-CORE] total=2.9508 cls=0.8803 dom=0.2451 adv=2.6196 orth=0.0029 cons=0.1551 group_ce=1.6829
[LOSS-AUX]  cls_pa=0.9165 cls_dac=0.0000 pa_joint_inv=0.1916 pa_kl=0.7448 dac_reg=0.0000 pa_reg=0.0146 gap_dac=0.0000 gap_pa=0.2755 cos_joint_pa=0.8084 cos_imp_pa=nan
[LOSS-SAT]  cls_sat=9.3230 sat_cons=0.7241 sat_cos=0.2759
[LOSS-DG]   proto=0.0000 proto_cos=nan supcon=0.0000 fishr=0.0010 sgc_res=0.0000
[LOSS-CAL]  ecc=0.0000 ecc_w=0.0000 ecc_tau=0.9500 ecc_maxp=nan
[TRAIN] tx=93.37% dom=90.73% cons_cos=0.8449
[GRAD]  total=1.649 backbone=1.000 aux=0.750 domain=0.366
[VAL]   tx=98.94% dom=95.79%
[TEST]  overall_tx=89.18% (181924/204000)
[TEST-SPLIT]
          unseen_day_seen_rx(days=['2021_03_15', '2021_03_23'], rxs=[0, 1, 2, 3, 4, 5, 6]): tx=92.99% (78115/84000)
          seen_day_unseen_rx(days=['2021_03_01', '2021_03_08'], rxs=[7, 8, 9, 10, 11]): tx=88.86% (53316/60000)
          unseen_day_unseen_rx(days=['2021_03_15', '2021_03_23'], rxs=[7, 8, 9, 10, 11]): tx=84.16% (50493/60000)
          day=2021_03_15 on seen_rxs=[0, 1, 2, 3, 4, 5, 6]: tx=94.87% (39844/42000)
          day=2021_03_23 on seen_rxs=[0, 1, 2, 3, 4, 5, 6]: tx=91.12% (38271/42000)
          rx=7 on seen_days=['2021_03_01', '2021_03_08']: tx=83.13% (9976/12000)
          rx=8 on seen_days=['2021_03_01', '2021_03_08']: tx=83.04% (9965/12000)
          rx=9 on seen_days=['2021_03_01', '2021_03_08']: tx=90.61% (10873/12000)
          rx=10 on seen_days=['2021_03_01', '2021_03_08']: tx=92.49% (11099/12000)
          rx=11 on seen_days=['2021_03_01', '2021_03_08']: tx=95.03% (11403/12000)
[BEST-JOINT]  val_tx=99.07% & test_tx=89.75% @ E152
[CKPT]  latest -> finalist_runs/C4_A2_ecc003_satmain_seed1337/latest_model.pth (saved) | best -> finalist_runs/C4_A2_ecc003_satmain_seed1337/best_model_val.pth
====================================================================================================================================
[SAT-TEST] scenario=clear_leo selected=test_unseen_day_unseen_rx overall_tx=43.20% strict_udu=43.20% (25921/60000)
[SAT-TEST] scenario=low_elev_leo selected=test_unseen_day_unseen_rx overall_tx=43.20% strict_udu=43.20% (25920/60000)
[SAT-TEST] scenario=rain_leo selected=test_unseen_day_unseen_rx overall_tx=41.03% strict_udu=41.03% (24617/60000)
[SAT-TEST] scenario=storm_mp selected=test_unseen_day_unseen_rx overall_tx=37.35% strict_udu=37.35% (22408/60000)
[SAT-TEST] scenario=mixed_orbit selected=test_unseen_day_unseen_rx overall_tx=39.87% strict_udu=39.87% (23919/60000)
[BEST-TEST] overall=89.98% @ E114 -> finalist_runs/C4_A2_ecc003_satmain_seed1337/best_model_test_overall.pth | unseen_day_unseen_rx=85.11% @ E096 -> finalist_runs/C4_A2_ecc003_satmain_seed1337/best_model_strict_udu.pth | unseen_day_seen_rx=93.84% @ E043 | seen_day_unseen_rx=90.42% @ E114
[BEST-PRIMARY] score=86.81 @ E096 -> finalist_runs/C4_A2_ecc003_satmain_seed1337/best_model_primary_ood.pth | overall=89.95% strict_udu=85.11%
[BEST-WORST-RX] worst_rx=84.54% (test_rx_8) @ E115 -> finalist_runs/C4_A2_ecc003_satmain_seed1337/best_model_worst_rx.pth
====================================================================================================================================
[Epoch 154/200] time=85.5s | lr=2.59e-05 | aux_scale=1.000
[STAGE] phase=S3_refine_aux_late_stable | use_aux=1.0 cons=0.77 cls_aux=0.68 reg=0.68 joint_inv=0.21 kl=0.42 group_ce=0.92
[MIXSTYLE-EPOCH] phase=late_anneal enabled=1 p=0.050 strength=0.350 anneal_t=1.000
[AUG] scale=0.287 | p_dac=0.000 p_pa=0.040 p_shift=0.100 p_cfo=0.100 p_awgn=0.115 p_mp=0.052 | max_shift=9 cfo_max=0.0001148 pn_max=0.001722
------------------------------------------------------------------------------------------------------------------------------------
[LOSS-CORE] total=3.5837 cls=1.3681 dom=0.3340 adv=2.6229 orth=0.0025 cons=0.1777 group_ce=2.3457
[LOSS-AUX]  cls_pa=0.9644 cls_dac=0.0000 pa_joint_inv=0.1946 pa_kl=0.7967 dac_reg=0.0000 pa_reg=0.0147 gap_dac=0.0000 gap_pa=0.2717 cos_joint_pa=0.8054 cos_imp_pa=nan
[LOSS-SAT]  cls_sat=9.3551 sat_cons=0.7187 sat_cos=0.2813
[LOSS-DG]   proto=0.0000 proto_cos=nan supcon=0.0000 fishr=0.0015 sgc_res=0.0000
[LOSS-CAL]  ecc=0.0000 ecc_w=0.0000 ecc_tau=0.9500 ecc_maxp=nan
[TRAIN] tx=88.89% dom=87.80% cons_cos=0.8223
[GRAD]  total=1.541 backbone=1.000 aux=0.750 domain=0.378
[VAL]   tx=98.87% dom=95.52%
[TEST]  overall_tx=88.70% (180943/204000)
[TEST-SPLIT]
          unseen_day_seen_rx(days=['2021_03_15', '2021_03_23'], rxs=[0, 1, 2, 3, 4, 5, 6]): tx=92.95% (78074/84000)
          seen_day_unseen_rx(days=['2021_03_01', '2021_03_08'], rxs=[7, 8, 9, 10, 11]): tx=87.97% (52783/60000)
          unseen_day_unseen_rx(days=['2021_03_15', '2021_03_23'], rxs=[7, 8, 9, 10, 11]): tx=83.48% (50086/60000)
          day=2021_03_15 on seen_rxs=[0, 1, 2, 3, 4, 5, 6]: tx=94.30% (39607/42000)
          day=2021_03_23 on seen_rxs=[0, 1, 2, 3, 4, 5, 6]: tx=91.59% (38467/42000)
          rx=7 on seen_days=['2021_03_01', '2021_03_08']: tx=81.76% (9811/12000)
          rx=8 on seen_days=['2021_03_01', '2021_03_08']: tx=82.42% (9890/12000)
          rx=9 on seen_days=['2021_03_01', '2021_03_08']: tx=89.96% (10795/12000)
          rx=10 on seen_days=['2021_03_01', '2021_03_08']: tx=92.16% (11059/12000)
          rx=11 on seen_days=['2021_03_01', '2021_03_08']: tx=93.57% (11228/12000)
[BEST-JOINT]  val_tx=99.07% & test_tx=89.75% @ E152
[CKPT]  latest -> finalist_runs/C4_A2_ecc003_satmain_seed1337/latest_model.pth (saved) | best -> finalist_runs/C4_A2_ecc003_satmain_seed1337/best_model_val.pth
====================================================================================================================================
[SAT-TEST] scenario=clear_leo selected=test_unseen_day_unseen_rx overall_tx=42.94% strict_udu=42.94% (25764/60000)
[SAT-TEST] scenario=low_elev_leo selected=test_unseen_day_unseen_rx overall_tx=43.00% strict_udu=43.00% (25799/60000)
[SAT-TEST] scenario=rain_leo selected=test_unseen_day_unseen_rx overall_tx=40.82% strict_udu=40.82% (24490/60000)
[SAT-TEST] scenario=storm_mp selected=test_unseen_day_unseen_rx overall_tx=37.15% strict_udu=37.15% (22291/60000)
[SAT-TEST] scenario=mixed_orbit selected=test_unseen_day_unseen_rx overall_tx=39.44% strict_udu=39.44% (23664/60000)
[BEST-TEST] overall=89.98% @ E114 -> finalist_runs/C4_A2_ecc003_satmain_seed1337/best_model_test_overall.pth | unseen_day_unseen_rx=85.11% @ E096 -> finalist_runs/C4_A2_ecc003_satmain_seed1337/best_model_strict_udu.pth | unseen_day_seen_rx=93.84% @ E043 | seen_day_unseen_rx=90.42% @ E114
[BEST-PRIMARY] score=86.81 @ E096 -> finalist_runs/C4_A2_ecc003_satmain_seed1337/best_model_primary_ood.pth | overall=89.95% strict_udu=85.11%
[BEST-WORST-RX] worst_rx=84.54% (test_rx_8) @ E115 -> finalist_runs/C4_A2_ecc003_satmain_seed1337/best_model_worst_rx.pth
[WARN][E155] unsafe backward/step skipped #10
====================================================================================================================================
[Epoch 155/200] time=85.6s | lr=2.48e-05 | aux_scale=1.000
[STAGE] phase=S3_refine_aux_late_stable | use_aux=1.0 cons=0.75 cls_aux=0.66 reg=0.66 joint_inv=0.20 kl=0.40 group_ce=0.91
[MIXSTYLE-EPOCH] phase=late_anneal enabled=1 p=0.050 strength=0.350 anneal_t=1.000
[AUG] scale=0.283 | p_dac=0.000 p_pa=0.040 p_shift=0.099 p_cfo=0.099 p_awgn=0.113 p_mp=0.051 | max_shift=9 cfo_max=0.000113 pn_max=0.001695
------------------------------------------------------------------------------------------------------------------------------------
[LOSS-CORE] total=3.6858 cls=1.4703 dom=0.3612 adv=2.6239 orth=0.0028 cons=0.1799 group_ce=2.3815
[LOSS-AUX]  cls_pa=0.9039 cls_dac=0.0000 pa_joint_inv=0.1947 pa_kl=0.7315 dac_reg=0.0000 pa_reg=0.0143 gap_dac=0.0000 gap_pa=0.2860 cos_joint_pa=0.8053 cos_imp_pa=nan
[LOSS-SAT]  cls_sat=9.2417 sat_cons=0.7051 sat_cos=0.2949
[LOSS-DG]   proto=0.0000 proto_cos=nan supcon=0.0000 fishr=0.0015 sgc_res=0.0000
[LOSS-CAL]  ecc=0.0000 ecc_w=0.0000 ecc_tau=0.9500 ecc_maxp=nan
[TRAIN] tx=87.90% dom=86.05% cons_cos=0.8163
[GRAD]  total=1.615 backbone=1.000 aux=0.750 domain=0.397
[VAL]   tx=98.99% dom=95.68%
[TEST]  overall_tx=89.58% (182750/204000)
[TEST-SPLIT]
          unseen_day_seen_rx(days=['2021_03_15', '2021_03_23'], rxs=[0, 1, 2, 3, 4, 5, 6]): tx=93.30% (78368/84000)
          seen_day_unseen_rx(days=['2021_03_01', '2021_03_08'], rxs=[7, 8, 9, 10, 11]): tx=89.46% (53674/60000)
          unseen_day_unseen_rx(days=['2021_03_15', '2021_03_23'], rxs=[7, 8, 9, 10, 11]): tx=84.51% (50708/60000)
          day=2021_03_15 on seen_rxs=[0, 1, 2, 3, 4, 5, 6]: tx=95.26% (40011/42000)
          day=2021_03_23 on seen_rxs=[0, 1, 2, 3, 4, 5, 6]: tx=91.33% (38357/42000)
          rx=7 on seen_days=['2021_03_01', '2021_03_08']: tx=84.48% (10138/12000)
          rx=8 on seen_days=['2021_03_01', '2021_03_08']: tx=83.91% (10069/12000)
          rx=9 on seen_days=['2021_03_01', '2021_03_08']: tx=91.34% (10961/12000)
          rx=10 on seen_days=['2021_03_01', '2021_03_08']: tx=93.30% (11196/12000)
          rx=11 on seen_days=['2021_03_01', '2021_03_08']: tx=94.25% (11310/12000)
[BEST-JOINT]  val_tx=99.07% & test_tx=89.75% @ E152
[CKPT]  latest -> finalist_runs/C4_A2_ecc003_satmain_seed1337/latest_model.pth (saved) | best -> finalist_runs/C4_A2_ecc003_satmain_seed1337/best_model_val.pth
====================================================================================================================================
[SAT-TEST] scenario=clear_leo selected=test_unseen_day_unseen_rx overall_tx=44.16% strict_udu=44.16% (26499/60000)
[SAT-TEST] scenario=low_elev_leo selected=test_unseen_day_unseen_rx overall_tx=44.29% strict_udu=44.29% (26572/60000)
[SAT-TEST] scenario=rain_leo selected=test_unseen_day_unseen_rx overall_tx=41.99% strict_udu=41.99% (25196/60000)
[SAT-TEST] scenario=storm_mp selected=test_unseen_day_unseen_rx overall_tx=38.05% strict_udu=38.05% (22832/60000)
[SAT-TEST] scenario=mixed_orbit selected=test_unseen_day_unseen_rx overall_tx=40.57% strict_udu=40.57% (24344/60000)
[BEST-TEST] overall=89.98% @ E114 -> finalist_runs/C4_A2_ecc003_satmain_seed1337/best_model_test_overall.pth | unseen_day_unseen_rx=85.11% @ E096 -> finalist_runs/C4_A2_ecc003_satmain_seed1337/best_model_strict_udu.pth | unseen_day_seen_rx=93.84% @ E043 | seen_day_unseen_rx=90.42% @ E114
[BEST-PRIMARY] score=86.81 @ E096 -> finalist_runs/C4_A2_ecc003_satmain_seed1337/best_model_primary_ood.pth | overall=89.95% strict_udu=85.11%
[BEST-WORST-RX] worst_rx=84.54% (test_rx_8) @ E115 -> finalist_runs/C4_A2_ecc003_satmain_seed1337/best_model_worst_rx.pth
====================================================================================================================================
[Epoch 156/200] time=85.2s | lr=2.38e-05 | aux_scale=1.000
[STAGE] phase=S3_refine_aux_late_stable | use_aux=1.0 cons=0.74 cls_aux=0.64 reg=0.64 joint_inv=0.19 kl=0.39 group_ce=0.90
[MIXSTYLE-EPOCH] phase=late_anneal enabled=1 p=0.050 strength=0.350 anneal_t=1.000
[AUG] scale=0.278 | p_dac=0.000 p_pa=0.039 p_shift=0.097 p_cfo=0.097 p_awgn=0.111 p_mp=0.050 | max_shift=9 cfo_max=0.0001112 pn_max=0.001668
------------------------------------------------------------------------------------------------------------------------------------
[LOSS-CORE] total=3.6616 cls=1.4640 dom=0.3534 adv=2.6272 orth=0.0026 cons=0.1733 group_ce=2.3711
[LOSS-AUX]  cls_pa=0.9746 cls_dac=0.0000 pa_joint_inv=0.1968 pa_kl=0.8112 dac_reg=0.0000 pa_reg=0.0140 gap_dac=0.0000 gap_pa=0.2854 cos_joint_pa=0.8032 cos_imp_pa=nan
[LOSS-SAT]  cls_sat=9.1797 sat_cons=0.7009 sat_cos=0.2991
[LOSS-DG]   proto=0.0000 proto_cos=nan supcon=0.0000 fishr=0.0014 sgc_res=0.0000
[LOSS-CAL]  ecc=0.0000 ecc_w=0.0000 ecc_tau=0.9500 ecc_maxp=nan
[TRAIN] tx=88.14% dom=87.15% cons_cos=0.8267
[GRAD]  total=1.544 backbone=1.000 aux=0.750 domain=0.377
[VAL]   tx=98.96% dom=95.87%
[TEST]  overall_tx=89.44% (182466/204000)
[TEST-SPLIT]
          unseen_day_seen_rx(days=['2021_03_15', '2021_03_23'], rxs=[0, 1, 2, 3, 4, 5, 6]): tx=93.29% (78363/84000)
          seen_day_unseen_rx(days=['2021_03_01', '2021_03_08'], rxs=[7, 8, 9, 10, 11]): tx=89.61% (53764/60000)
          unseen_day_unseen_rx(days=['2021_03_15', '2021_03_23'], rxs=[7, 8, 9, 10, 11]): tx=83.90% (50339/60000)
          day=2021_03_15 on seen_rxs=[0, 1, 2, 3, 4, 5, 6]: tx=95.82% (40244/42000)
          day=2021_03_23 on seen_rxs=[0, 1, 2, 3, 4, 5, 6]: tx=90.76% (38119/42000)
          rx=7 on seen_days=['2021_03_01', '2021_03_08']: tx=84.19% (10103/12000)
          rx=8 on seen_days=['2021_03_01', '2021_03_08']: tx=83.67% (10041/12000)
          rx=9 on seen_days=['2021_03_01', '2021_03_08']: tx=92.15% (11058/12000)
          rx=10 on seen_days=['2021_03_01', '2021_03_08']: tx=93.21% (11185/12000)
          rx=11 on seen_days=['2021_03_01', '2021_03_08']: tx=94.81% (11377/12000)
[BEST-JOINT]  val_tx=99.07% & test_tx=89.75% @ E152
[CKPT]  latest -> finalist_runs/C4_A2_ecc003_satmain_seed1337/latest_model.pth (saved) | best -> finalist_runs/C4_A2_ecc003_satmain_seed1337/best_model_val.pth
====================================================================================================================================
[SAT-TEST] scenario=clear_leo selected=test_unseen_day_unseen_rx overall_tx=44.80% strict_udu=44.80% (26883/60000)
[SAT-TEST] scenario=low_elev_leo selected=test_unseen_day_unseen_rx overall_tx=44.69% strict_udu=44.69% (26811/60000)
[SAT-TEST] scenario=rain_leo selected=test_unseen_day_unseen_rx overall_tx=42.50% strict_udu=42.50% (25499/60000)
[SAT-TEST] scenario=storm_mp selected=test_unseen_day_unseen_rx overall_tx=38.13% strict_udu=38.13% (22877/60000)
[SAT-TEST] scenario=mixed_orbit selected=test_unseen_day_unseen_rx overall_tx=41.12% strict_udu=41.12% (24671/60000)
[BEST-TEST] overall=89.98% @ E114 -> finalist_runs/C4_A2_ecc003_satmain_seed1337/best_model_test_overall.pth | unseen_day_unseen_rx=85.11% @ E096 -> finalist_runs/C4_A2_ecc003_satmain_seed1337/best_model_strict_udu.pth | unseen_day_seen_rx=93.84% @ E043 | seen_day_unseen_rx=90.42% @ E114
[BEST-PRIMARY] score=86.81 @ E096 -> finalist_runs/C4_A2_ecc003_satmain_seed1337/best_model_primary_ood.pth | overall=89.95% strict_udu=85.11%
[BEST-WORST-RX] worst_rx=84.54% (test_rx_8) @ E115 -> finalist_runs/C4_A2_ecc003_satmain_seed1337/best_model_worst_rx.pth
====================================================================================================================================
[Epoch 157/200] time=84.7s | lr=2.28e-05 | aux_scale=1.000
[STAGE] phase=S3_refine_aux_late_stable | use_aux=1.0 cons=0.72 cls_aux=0.62 reg=0.62 joint_inv=0.19 kl=0.38 group_ce=0.90
[MIXSTYLE-EPOCH] phase=late_anneal enabled=1 p=0.050 strength=0.350 anneal_t=1.000
[AUG] scale=0.274 | p_dac=0.000 p_pa=0.038 p_shift=0.096 p_cfo=0.096 p_awgn=0.109 p_mp=0.049 | max_shift=9 cfo_max=0.0001094 pn_max=0.001641
------------------------------------------------------------------------------------------------------------------------------------
[LOSS-CORE] total=3.2715 cls=1.1775 dom=0.3176 adv=2.6245 orth=0.0027 cons=0.1579 group_ce=1.9347
[LOSS-AUX]  cls_pa=0.9142 cls_dac=0.0000 pa_joint_inv=0.1957 pa_kl=0.7476 dac_reg=0.0000 pa_reg=0.0141 gap_dac=0.0000 gap_pa=0.2863 cos_joint_pa=0.8043 cos_imp_pa=nan
[LOSS-SAT]  cls_sat=9.1453 sat_cons=0.7047 sat_cos=0.2953
[LOSS-DG]   proto=0.0000 proto_cos=nan supcon=0.0000 fishr=0.0011 sgc_res=0.0000
[LOSS-CAL]  ecc=0.0000 ecc_w=0.0000 ecc_tau=0.9500 ecc_maxp=nan
[TRAIN] tx=90.10% dom=88.41% cons_cos=0.8421
[GRAD]  total=1.617 backbone=1.000 aux=0.750 domain=0.382
[VAL]   tx=99.01% dom=95.77%
[TEST]  overall_tx=89.55% (182674/204000)
[TEST-SPLIT]
          unseen_day_seen_rx(days=['2021_03_15', '2021_03_23'], rxs=[0, 1, 2, 3, 4, 5, 6]): tx=93.13% (78232/84000)
          seen_day_unseen_rx(days=['2021_03_01', '2021_03_08'], rxs=[7, 8, 9, 10, 11]): tx=89.47% (53684/60000)
          unseen_day_unseen_rx(days=['2021_03_15', '2021_03_23'], rxs=[7, 8, 9, 10, 11]): tx=84.60% (50758/60000)
          day=2021_03_15 on seen_rxs=[0, 1, 2, 3, 4, 5, 6]: tx=95.16% (39968/42000)
          day=2021_03_23 on seen_rxs=[0, 1, 2, 3, 4, 5, 6]: tx=91.10% (38264/42000)
          rx=7 on seen_days=['2021_03_01', '2021_03_08']: tx=83.87% (10064/12000)
          rx=8 on seen_days=['2021_03_01', '2021_03_08']: tx=84.34% (10121/12000)
          rx=9 on seen_days=['2021_03_01', '2021_03_08']: tx=91.33% (10960/12000)
          rx=10 on seen_days=['2021_03_01', '2021_03_08']: tx=92.80% (11136/12000)
          rx=11 on seen_days=['2021_03_01', '2021_03_08']: tx=95.03% (11403/12000)
[BEST-JOINT]  val_tx=99.07% & test_tx=89.75% @ E152
[CKPT]  latest -> finalist_runs/C4_A2_ecc003_satmain_seed1337/latest_model.pth (saved) | best -> finalist_runs/C4_A2_ecc003_satmain_seed1337/best_model_val.pth
====================================================================================================================================
[SAT-TEST] scenario=clear_leo selected=test_unseen_day_unseen_rx overall_tx=44.09% strict_udu=44.09% (26457/60000)
[SAT-TEST] scenario=low_elev_leo selected=test_unseen_day_unseen_rx overall_tx=44.26% strict_udu=44.26% (26556/60000)
[SAT-TEST] scenario=rain_leo selected=test_unseen_day_unseen_rx overall_tx=41.99% strict_udu=41.99% (25192/60000)
[SAT-TEST] scenario=storm_mp selected=test_unseen_day_unseen_rx overall_tx=38.16% strict_udu=38.16% (22895/60000)
[SAT-TEST] scenario=mixed_orbit selected=test_unseen_day_unseen_rx overall_tx=40.55% strict_udu=40.55% (24329/60000)
[BEST-TEST] overall=89.98% @ E114 -> finalist_runs/C4_A2_ecc003_satmain_seed1337/best_model_test_overall.pth | unseen_day_unseen_rx=85.11% @ E096 -> finalist_runs/C4_A2_ecc003_satmain_seed1337/best_model_strict_udu.pth | unseen_day_seen_rx=93.84% @ E043 | seen_day_unseen_rx=90.42% @ E114
[BEST-PRIMARY] score=86.81 @ E096 -> finalist_runs/C4_A2_ecc003_satmain_seed1337/best_model_primary_ood.pth | overall=89.95% strict_udu=85.11%
[BEST-WORST-RX] worst_rx=84.54% (test_rx_8) @ E115 -> finalist_runs/C4_A2_ecc003_satmain_seed1337/best_model_worst_rx.pth
====================================================================================================================================
[Epoch 158/200] time=84.8s | lr=2.19e-05 | aux_scale=1.000
[STAGE] phase=S3_refine_aux_late_stable | use_aux=1.0 cons=0.70 cls_aux=0.59 reg=0.59 joint_inv=0.18 kl=0.36 group_ce=0.89
[MIXSTYLE-EPOCH] phase=late_anneal enabled=1 p=0.050 strength=0.350 anneal_t=1.000
[AUG] scale=0.269 | p_dac=0.000 p_pa=0.038 p_shift=0.094 p_cfo=0.094 p_awgn=0.108 p_mp=0.048 | max_shift=9 cfo_max=0.0001076 pn_max=0.001614
------------------------------------------------------------------------------------------------------------------------------------
[LOSS-CORE] total=2.9596 cls=0.9656 dom=0.2494 adv=2.6190 orth=0.0028 cons=0.1609 group_ce=1.7899
[LOSS-AUX]  cls_pa=0.8942 cls_dac=0.0000 pa_joint_inv=0.1940 pa_kl=0.7333 dac_reg=0.0000 pa_reg=0.0143 gap_dac=0.0000 gap_pa=0.2830 cos_joint_pa=0.8060 cos_imp_pa=nan
[LOSS-SAT]  cls_sat=9.1853 sat_cons=0.7142 sat_cos=0.2858
[LOSS-DG]   proto=0.0000 proto_cos=nan supcon=0.0000 fishr=0.0011 sgc_res=0.0000
[LOSS-CAL]  ecc=0.0000 ecc_w=0.0000 ecc_tau=0.9500 ecc_maxp=nan
[TRAIN] tx=92.58% dom=90.23% cons_cos=0.8391
[GRAD]  total=1.533 backbone=1.000 aux=0.750 domain=0.377
[VAL]   tx=98.99% dom=95.77%
[TEST]  overall_tx=89.23% (182025/204000)
[TEST-SPLIT]
          unseen_day_seen_rx(days=['2021_03_15', '2021_03_23'], rxs=[0, 1, 2, 3, 4, 5, 6]): tx=93.07% (78175/84000)
          seen_day_unseen_rx(days=['2021_03_01', '2021_03_08'], rxs=[7, 8, 9, 10, 11]): tx=88.67% (53200/60000)
          unseen_day_unseen_rx(days=['2021_03_15', '2021_03_23'], rxs=[7, 8, 9, 10, 11]): tx=84.42% (50650/60000)
          day=2021_03_15 on seen_rxs=[0, 1, 2, 3, 4, 5, 6]: tx=94.79% (39813/42000)
          day=2021_03_23 on seen_rxs=[0, 1, 2, 3, 4, 5, 6]: tx=91.34% (38362/42000)
          rx=7 on seen_days=['2021_03_01', '2021_03_08']: tx=82.58% (9909/12000)
          rx=8 on seen_days=['2021_03_01', '2021_03_08']: tx=83.50% (10020/12000)
          rx=9 on seen_days=['2021_03_01', '2021_03_08']: tx=91.10% (10932/12000)
          rx=10 on seen_days=['2021_03_01', '2021_03_08']: tx=92.53% (11104/12000)
          rx=11 on seen_days=['2021_03_01', '2021_03_08']: tx=93.62% (11235/12000)
[BEST-JOINT]  val_tx=99.07% & test_tx=89.75% @ E152
[CKPT]  latest -> finalist_runs/C4_A2_ecc003_satmain_seed1337/latest_model.pth (saved) | best -> finalist_runs/C4_A2_ecc003_satmain_seed1337/best_model_val.pth
====================================================================================================================================
[SAT-TEST] scenario=clear_leo selected=test_unseen_day_unseen_rx overall_tx=43.63% strict_udu=43.63% (26177/60000)
[SAT-TEST] scenario=low_elev_leo selected=test_unseen_day_unseen_rx overall_tx=43.89% strict_udu=43.89% (26334/60000)
[SAT-TEST] scenario=rain_leo selected=test_unseen_day_unseen_rx overall_tx=41.74% strict_udu=41.74% (25044/60000)
[SAT-TEST] scenario=storm_mp selected=test_unseen_day_unseen_rx overall_tx=37.76% strict_udu=37.76% (22653/60000)
[SAT-TEST] scenario=mixed_orbit selected=test_unseen_day_unseen_rx overall_tx=39.95% strict_udu=39.95% (23971/60000)
[BEST-TEST] overall=89.98% @ E114 -> finalist_runs/C4_A2_ecc003_satmain_seed1337/best_model_test_overall.pth | unseen_day_unseen_rx=85.11% @ E096 -> finalist_runs/C4_A2_ecc003_satmain_seed1337/best_model_strict_udu.pth | unseen_day_seen_rx=93.84% @ E043 | seen_day_unseen_rx=90.42% @ E114
[BEST-PRIMARY] score=86.81 @ E096 -> finalist_runs/C4_A2_ecc003_satmain_seed1337/best_model_primary_ood.pth | overall=89.95% strict_udu=85.11%
[BEST-WORST-RX] worst_rx=84.54% (test_rx_8) @ E115 -> finalist_runs/C4_A2_ecc003_satmain_seed1337/best_model_worst_rx.pth
====================================================================================================================================
[Epoch 159/200] time=84.4s | lr=2.09e-05 | aux_scale=1.000
[STAGE] phase=S3_refine_aux_late_stable | use_aux=1.0 cons=0.69 cls_aux=0.57 reg=0.57 joint_inv=0.17 kl=0.35 group_ce=0.89
[MIXSTYLE-EPOCH] phase=late_anneal enabled=1 p=0.050 strength=0.350 anneal_t=1.000
[AUG] scale=0.264 | p_dac=0.000 p_pa=0.037 p_shift=0.093 p_cfo=0.093 p_awgn=0.106 p_mp=0.048 | max_shift=8 cfo_max=0.0001057 pn_max=0.001586
------------------------------------------------------------------------------------------------------------------------------------
[LOSS-CORE] total=2.9326 cls=0.9701 dom=0.2391 adv=2.6241 orth=0.0031 cons=0.1581 group_ce=1.7404
[LOSS-AUX]  cls_pa=0.8801 cls_dac=0.0000 pa_joint_inv=0.1930 pa_kl=0.7214 dac_reg=0.0000 pa_reg=0.0143 gap_dac=0.0000 gap_pa=0.2770 cos_joint_pa=0.8070 cos_imp_pa=nan
[LOSS-SAT]  cls_sat=9.1798 sat_cons=0.7194 sat_cos=0.2806
[LOSS-DG]   proto=0.0000 proto_cos=nan supcon=0.0000 fishr=0.0010 sgc_res=0.0000
[LOSS-CAL]  ecc=0.0000 ecc_w=0.0000 ecc_tau=0.9500 ecc_maxp=nan
[TRAIN] tx=92.49% dom=90.87% cons_cos=0.8419
[GRAD]  total=1.466 backbone=1.000 aux=0.750 domain=0.360
[VAL]   tx=98.96% dom=95.85%
[TEST]  overall_tx=89.16% (181895/204000)
[TEST-SPLIT]
          unseen_day_seen_rx(days=['2021_03_15', '2021_03_23'], rxs=[0, 1, 2, 3, 4, 5, 6]): tx=92.95% (78077/84000)
          seen_day_unseen_rx(days=['2021_03_01', '2021_03_08'], rxs=[7, 8, 9, 10, 11]): tx=88.50% (53103/60000)
          unseen_day_unseen_rx(days=['2021_03_15', '2021_03_23'], rxs=[7, 8, 9, 10, 11]): tx=84.53% (50715/60000)
          day=2021_03_15 on seen_rxs=[0, 1, 2, 3, 4, 5, 6]: tx=94.77% (39803/42000)
          day=2021_03_23 on seen_rxs=[0, 1, 2, 3, 4, 5, 6]: tx=91.13% (38274/42000)
          rx=7 on seen_days=['2021_03_01', '2021_03_08']: tx=81.35% (9762/12000)
          rx=8 on seen_days=['2021_03_01', '2021_03_08']: tx=83.62% (10034/12000)
          rx=9 on seen_days=['2021_03_01', '2021_03_08']: tx=91.18% (10942/12000)
          rx=10 on seen_days=['2021_03_01', '2021_03_08']: tx=91.97% (11037/12000)
          rx=11 on seen_days=['2021_03_01', '2021_03_08']: tx=94.40% (11328/12000)
[BEST-JOINT]  val_tx=99.07% & test_tx=89.75% @ E152
[CKPT]  latest -> finalist_runs/C4_A2_ecc003_satmain_seed1337/latest_model.pth (saved) | best -> finalist_runs/C4_A2_ecc003_satmain_seed1337/best_model_val.pth
====================================================================================================================================
[SAT-TEST] scenario=clear_leo selected=test_unseen_day_unseen_rx overall_tx=43.53% strict_udu=43.53% (26116/60000)
[SAT-TEST] scenario=low_elev_leo selected=test_unseen_day_unseen_rx overall_tx=43.78% strict_udu=43.78% (26267/60000)
[SAT-TEST] scenario=rain_leo selected=test_unseen_day_unseen_rx overall_tx=41.53% strict_udu=41.53% (24920/60000)
[SAT-TEST] scenario=storm_mp selected=test_unseen_day_unseen_rx overall_tx=37.68% strict_udu=37.68% (22607/60000)
[SAT-TEST] scenario=mixed_orbit selected=test_unseen_day_unseen_rx overall_tx=39.73% strict_udu=39.73% (23837/60000)
[BEST-TEST] overall=89.98% @ E114 -> finalist_runs/C4_A2_ecc003_satmain_seed1337/best_model_test_overall.pth | unseen_day_unseen_rx=85.11% @ E096 -> finalist_runs/C4_A2_ecc003_satmain_seed1337/best_model_strict_udu.pth | unseen_day_seen_rx=93.84% @ E043 | seen_day_unseen_rx=90.42% @ E114
[BEST-PRIMARY] score=86.81 @ E096 -> finalist_runs/C4_A2_ecc003_satmain_seed1337/best_model_primary_ood.pth | overall=89.95% strict_udu=85.11%
[BEST-WORST-RX] worst_rx=84.54% (test_rx_8) @ E115 -> finalist_runs/C4_A2_ecc003_satmain_seed1337/best_model_worst_rx.pth
====================================================================================================================================
[Epoch 160/200] time=85.3s | lr=2.00e-05 | aux_scale=1.000
[STAGE] phase=S3_refine_aux_late_stable | use_aux=1.0 cons=0.67 cls_aux=0.55 reg=0.55 joint_inv=0.17 kl=0.33 group_ce=0.88
[MIXSTYLE-EPOCH] phase=late_anneal enabled=1 p=0.050 strength=0.350 anneal_t=1.000
[AUG] scale=0.260 | p_dac=0.000 p_pa=0.036 p_shift=0.091 p_cfo=0.091 p_awgn=0.104 p_mp=0.047 | max_shift=8 cfo_max=0.0001039 pn_max=0.001558
------------------------------------------------------------------------------------------------------------------------------------
[LOSS-CORE] total=3.0079 cls=1.0337 dom=0.2635 adv=2.6235 orth=0.0029 cons=0.1590 group_ce=1.7732
[LOSS-AUX]  cls_pa=0.8903 cls_dac=0.0000 pa_joint_inv=0.1933 pa_kl=0.7321 dac_reg=0.0000 pa_reg=0.0143 gap_dac=0.0000 gap_pa=0.2802 cos_joint_pa=0.8067 cos_imp_pa=nan
[LOSS-SAT]  cls_sat=9.1839 sat_cons=0.7228 sat_cos=0.2772
[LOSS-DG]   proto=0.0000 proto_cos=nan supcon=0.0000 fishr=0.0010 sgc_res=0.0000
[LOSS-CAL]  ecc=0.0000 ecc_w=0.0000 ecc_tau=0.9500 ecc_maxp=nan
[TRAIN] tx=91.76% dom=90.13% cons_cos=0.8410
[GRAD]  total=1.516 backbone=1.000 aux=0.750 domain=0.356
[VAL]   tx=99.07% dom=95.93%
[TEST]  overall_tx=89.53% (182641/204000)
[TEST-SPLIT]
          unseen_day_seen_rx(days=['2021_03_15', '2021_03_23'], rxs=[0, 1, 2, 3, 4, 5, 6]): tx=93.24% (78323/84000)
          seen_day_unseen_rx(days=['2021_03_01', '2021_03_08'], rxs=[7, 8, 9, 10, 11]): tx=89.22% (53531/60000)
          unseen_day_unseen_rx(days=['2021_03_15', '2021_03_23'], rxs=[7, 8, 9, 10, 11]): tx=84.64% (50787/60000)
          day=2021_03_15 on seen_rxs=[0, 1, 2, 3, 4, 5, 6]: tx=95.01% (39903/42000)
          day=2021_03_23 on seen_rxs=[0, 1, 2, 3, 4, 5, 6]: tx=91.48% (38420/42000)
          rx=7 on seen_days=['2021_03_01', '2021_03_08']: tx=83.32% (9998/12000)
          rx=8 on seen_days=['2021_03_01', '2021_03_08']: tx=84.07% (10088/12000)
          rx=9 on seen_days=['2021_03_01', '2021_03_08']: tx=91.68% (11002/12000)
          rx=10 on seen_days=['2021_03_01', '2021_03_08']: tx=92.09% (11051/12000)
          rx=11 on seen_days=['2021_03_01', '2021_03_08']: tx=94.93% (11392/12000)
[BEST-JOINT]  val_tx=99.07% & test_tx=89.75% @ E152
[CKPT]  latest -> finalist_runs/C4_A2_ecc003_satmain_seed1337/latest_model.pth (saved) | best -> finalist_runs/C4_A2_ecc003_satmain_seed1337/best_model_val.pth
====================================================================================================================================
[SAT-TEST] scenario=clear_leo selected=test_unseen_day_unseen_rx overall_tx=43.33% strict_udu=43.33% (25997/60000)
[SAT-TEST] scenario=low_elev_leo selected=test_unseen_day_unseen_rx overall_tx=43.24% strict_udu=43.24% (25945/60000)
[SAT-TEST] scenario=rain_leo selected=test_unseen_day_unseen_rx overall_tx=41.29% strict_udu=41.29% (24773/60000)
[SAT-TEST] scenario=storm_mp selected=test_unseen_day_unseen_rx overall_tx=37.63% strict_udu=37.63% (22579/60000)
[SAT-TEST] scenario=mixed_orbit selected=test_unseen_day_unseen_rx overall_tx=40.15% strict_udu=40.15% (24091/60000)
[BEST-TEST] overall=89.98% @ E114 -> finalist_runs/C4_A2_ecc003_satmain_seed1337/best_model_test_overall.pth | unseen_day_unseen_rx=85.11% @ E096 -> finalist_runs/C4_A2_ecc003_satmain_seed1337/best_model_strict_udu.pth | unseen_day_seen_rx=93.84% @ E043 | seen_day_unseen_rx=90.42% @ E114
[BEST-PRIMARY] score=86.81 @ E096 -> finalist_runs/C4_A2_ecc003_satmain_seed1337/best_model_primary_ood.pth | overall=89.95% strict_udu=85.11%
[BEST-WORST-RX] worst_rx=84.54% (test_rx_8) @ E115 -> finalist_runs/C4_A2_ecc003_satmain_seed1337/best_model_worst_rx.pth
====================================================================================================================================
[Epoch 161/200] time=84.5s | lr=1.91e-05 | aux_scale=1.000
[STAGE] phase=S3_refine_aux_late_stable | use_aux=1.0 cons=0.65 cls_aux=0.52 reg=0.52 joint_inv=0.16 kl=0.32 group_ce=0.87
[MIXSTYLE-EPOCH] phase=late_anneal enabled=1 p=0.050 strength=0.350 anneal_t=1.000
[AUG] scale=0.255 | p_dac=0.000 p_pa=0.036 p_shift=0.089 p_cfo=0.089 p_awgn=0.102 p_mp=0.046 | max_shift=8 cfo_max=0.000102 pn_max=0.001529
------------------------------------------------------------------------------------------------------------------------------------
[LOSS-CORE] total=2.9076 cls=0.9709 dom=0.2542 adv=2.6253 orth=0.0031 cons=0.1501 group_ce=1.6816
[LOSS-AUX]  cls_pa=0.8745 cls_dac=0.0000 pa_joint_inv=0.1913 pa_kl=0.7141 dac_reg=0.0000 pa_reg=0.0144 gap_dac=0.0000 gap_pa=0.2748 cos_joint_pa=0.8087 cos_imp_pa=nan
[LOSS-SAT]  cls_sat=9.1566 sat_cons=0.7119 sat_cos=0.2881
[LOSS-DG]   proto=0.0000 proto_cos=nan supcon=0.0000 fishr=0.0009 sgc_res=0.0000
[LOSS-CAL]  ecc=0.0000 ecc_w=0.0000 ecc_tau=0.9500 ecc_maxp=nan
[TRAIN] tx=92.35% dom=90.71% cons_cos=0.8499
[GRAD]  total=1.634 backbone=1.000 aux=0.750 domain=0.360
[VAL]   tx=98.98% dom=95.94%
[TEST]  overall_tx=89.24% (182050/204000)
[TEST-SPLIT]
          unseen_day_seen_rx(days=['2021_03_15', '2021_03_23'], rxs=[0, 1, 2, 3, 4, 5, 6]): tx=93.07% (78176/84000)
          seen_day_unseen_rx(days=['2021_03_01', '2021_03_08'], rxs=[7, 8, 9, 10, 11]): tx=88.88% (53330/60000)
          unseen_day_unseen_rx(days=['2021_03_15', '2021_03_23'], rxs=[7, 8, 9, 10, 11]): tx=84.24% (50544/60000)
          day=2021_03_15 on seen_rxs=[0, 1, 2, 3, 4, 5, 6]: tx=95.08% (39933/42000)
          day=2021_03_23 on seen_rxs=[0, 1, 2, 3, 4, 5, 6]: tx=91.05% (38243/42000)
          rx=7 on seen_days=['2021_03_01', '2021_03_08']: tx=83.10% (9972/12000)
          rx=8 on seen_days=['2021_03_01', '2021_03_08']: tx=83.84% (10061/12000)
          rx=9 on seen_days=['2021_03_01', '2021_03_08']: tx=91.24% (10949/12000)
          rx=10 on seen_days=['2021_03_01', '2021_03_08']: tx=92.78% (11134/12000)
          rx=11 on seen_days=['2021_03_01', '2021_03_08']: tx=93.45% (11214/12000)
[BEST-JOINT]  val_tx=99.07% & test_tx=89.75% @ E152
[CKPT]  latest -> finalist_runs/C4_A2_ecc003_satmain_seed1337/latest_model.pth (saved) | best -> finalist_runs/C4_A2_ecc003_satmain_seed1337/best_model_val.pth
====================================================================================================================================
[SAT-TEST] scenario=clear_leo selected=test_unseen_day_unseen_rx overall_tx=43.97% strict_udu=43.97% (26381/60000)
[SAT-TEST] scenario=low_elev_leo selected=test_unseen_day_unseen_rx overall_tx=44.27% strict_udu=44.27% (26559/60000)
[SAT-TEST] scenario=rain_leo selected=test_unseen_day_unseen_rx overall_tx=42.15% strict_udu=42.15% (25287/60000)
[SAT-TEST] scenario=storm_mp selected=test_unseen_day_unseen_rx overall_tx=38.17% strict_udu=38.17% (22900/60000)
[SAT-TEST] scenario=mixed_orbit selected=test_unseen_day_unseen_rx overall_tx=40.24% strict_udu=40.24% (24146/60000)
[BEST-TEST] overall=89.98% @ E114 -> finalist_runs/C4_A2_ecc003_satmain_seed1337/best_model_test_overall.pth | unseen_day_unseen_rx=85.11% @ E096 -> finalist_runs/C4_A2_ecc003_satmain_seed1337/best_model_strict_udu.pth | unseen_day_seen_rx=93.84% @ E043 | seen_day_unseen_rx=90.42% @ E114
[BEST-PRIMARY] score=86.81 @ E096 -> finalist_runs/C4_A2_ecc003_satmain_seed1337/best_model_primary_ood.pth | overall=89.95% strict_udu=85.11%
[BEST-WORST-RX] worst_rx=84.54% (test_rx_8) @ E115 -> finalist_runs/C4_A2_ecc003_satmain_seed1337/best_model_worst_rx.pth
====================================================================================================================================
[Epoch 162/200] time=85.2s | lr=1.82e-05 | aux_scale=1.000
[STAGE] phase=S3_refine_aux_late_stable | use_aux=1.0 cons=0.63 cls_aux=0.50 reg=0.50 joint_inv=0.15 kl=0.31 group_ce=0.87
[MIXSTYLE-EPOCH] phase=late_anneal enabled=1 p=0.050 strength=0.350 anneal_t=1.000
[AUG] scale=0.250 | p_dac=0.000 p_pa=0.035 p_shift=0.088 p_cfo=0.088 p_awgn=0.100 p_mp=0.045 | max_shift=8 cfo_max=0.0001001 pn_max=0.001501
------------------------------------------------------------------------------------------------------------------------------------
[LOSS-CORE] total=2.7293 cls=0.8310 dom=0.2409 adv=2.6234 orth=0.0029 cons=0.1484 group_ce=1.5486
[LOSS-AUX]  cls_pa=0.8920 cls_dac=0.0000 pa_joint_inv=0.1926 pa_kl=0.7276 dac_reg=0.0000 pa_reg=0.0143 gap_dac=0.0000 gap_pa=0.2826 cos_joint_pa=0.8074 cos_imp_pa=nan
[LOSS-SAT]  cls_sat=9.2034 sat_cons=0.7158 sat_cos=0.2842
[LOSS-DG]   proto=0.0000 proto_cos=nan supcon=0.0000 fishr=0.0008 sgc_res=0.0000
[LOSS-CAL]  ecc=0.0000 ecc_w=0.0000 ecc_tau=0.9500 ecc_maxp=nan
[TRAIN] tx=93.61% dom=91.11% cons_cos=0.8516
[GRAD]  total=1.600 backbone=1.000 aux=0.750 domain=0.386
[VAL]   tx=98.99% dom=95.88%
[TEST]  overall_tx=89.58% (182743/204000)
[TEST-SPLIT]
          unseen_day_seen_rx(days=['2021_03_15', '2021_03_23'], rxs=[0, 1, 2, 3, 4, 5, 6]): tx=93.08% (78190/84000)
          seen_day_unseen_rx(days=['2021_03_01', '2021_03_08'], rxs=[7, 8, 9, 10, 11]): tx=89.36% (53619/60000)
          unseen_day_unseen_rx(days=['2021_03_15', '2021_03_23'], rxs=[7, 8, 9, 10, 11]): tx=84.89% (50934/60000)
          day=2021_03_15 on seen_rxs=[0, 1, 2, 3, 4, 5, 6]: tx=95.42% (40076/42000)
          day=2021_03_23 on seen_rxs=[0, 1, 2, 3, 4, 5, 6]: tx=90.75% (38114/42000)
          rx=7 on seen_days=['2021_03_01', '2021_03_08']: tx=82.71% (9925/12000)
          rx=8 on seen_days=['2021_03_01', '2021_03_08']: tx=84.80% (10176/12000)
          rx=9 on seen_days=['2021_03_01', '2021_03_08']: tx=91.51% (10981/12000)
          rx=10 on seen_days=['2021_03_01', '2021_03_08']: tx=92.25% (11070/12000)
          rx=11 on seen_days=['2021_03_01', '2021_03_08']: tx=95.56% (11467/12000)
[BEST-JOINT]  val_tx=99.07% & test_tx=89.75% @ E152
[CKPT]  latest -> finalist_runs/C4_A2_ecc003_satmain_seed1337/latest_model.pth (saved) | best -> finalist_runs/C4_A2_ecc003_satmain_seed1337/best_model_val.pth
====================================================================================================================================
[SAT-TEST] scenario=clear_leo selected=test_unseen_day_unseen_rx overall_tx=44.28% strict_udu=44.28% (26567/60000)
[SAT-TEST] scenario=low_elev_leo selected=test_unseen_day_unseen_rx overall_tx=44.45% strict_udu=44.45% (26669/60000)
[SAT-TEST] scenario=rain_leo selected=test_unseen_day_unseen_rx overall_tx=42.23% strict_udu=42.23% (25341/60000)
[SAT-TEST] scenario=storm_mp selected=test_unseen_day_unseen_rx overall_tx=38.18% strict_udu=38.18% (22906/60000)
[SAT-TEST] scenario=mixed_orbit selected=test_unseen_day_unseen_rx overall_tx=40.68% strict_udu=40.68% (24409/60000)
[BEST-TEST] overall=89.98% @ E114 -> finalist_runs/C4_A2_ecc003_satmain_seed1337/best_model_test_overall.pth | unseen_day_unseen_rx=85.11% @ E096 -> finalist_runs/C4_A2_ecc003_satmain_seed1337/best_model_strict_udu.pth | unseen_day_seen_rx=93.84% @ E043 | seen_day_unseen_rx=90.42% @ E114
[BEST-PRIMARY] score=86.81 @ E096 -> finalist_runs/C4_A2_ecc003_satmain_seed1337/best_model_primary_ood.pth | overall=89.95% strict_udu=85.11%
[BEST-WORST-RX] worst_rx=84.54% (test_rx_8) @ E115 -> finalist_runs/C4_A2_ecc003_satmain_seed1337/best_model_worst_rx.pth
====================================================================================================================================
[Epoch 163/200] time=84.9s | lr=1.73e-05 | aux_scale=1.000
[STAGE] phase=S3_refine_aux_late_stable | use_aux=1.0 cons=0.62 cls_aux=0.48 reg=0.48 joint_inv=0.15 kl=0.29 group_ce=0.86
[MIXSTYLE-EPOCH] phase=late_anneal enabled=1 p=0.050 strength=0.350 anneal_t=1.000
[AUG] scale=0.245 | p_dac=0.000 p_pa=0.034 p_shift=0.086 p_cfo=0.086 p_awgn=0.098 p_mp=0.044 | max_shift=8 cfo_max=9.812e-05 pn_max=0.001472
------------------------------------------------------------------------------------------------------------------------------------
[LOSS-CORE] total=2.5493 cls=0.7238 dom=0.2033 adv=2.6220 orth=0.0031 cons=0.1433 group_ce=1.4098
[LOSS-AUX]  cls_pa=0.8714 cls_dac=0.0000 pa_joint_inv=0.1888 pa_kl=0.7044 dac_reg=0.0000 pa_reg=0.0147 gap_dac=0.0000 gap_pa=0.2708 cos_joint_pa=0.8112 cos_imp_pa=nan
[LOSS-SAT]  cls_sat=9.1376 sat_cons=0.7167 sat_cos=0.2833
[LOSS-DG]   proto=0.0000 proto_cos=nan supcon=0.0000 fishr=0.0008 sgc_res=0.0000
[LOSS-CAL]  ecc=0.0000 ecc_w=0.0000 ecc_tau=0.9500 ecc_maxp=nan
[TRAIN] tx=94.84% dom=92.29% cons_cos=0.8567
[GRAD]  total=1.481 backbone=1.000 aux=0.750 domain=0.368
[VAL]   tx=99.04% dom=95.92%
[TEST]  overall_tx=89.48% (182531/204000)
[TEST-SPLIT]
          unseen_day_seen_rx(days=['2021_03_15', '2021_03_23'], rxs=[0, 1, 2, 3, 4, 5, 6]): tx=93.19% (78281/84000)
          seen_day_unseen_rx(days=['2021_03_01', '2021_03_08'], rxs=[7, 8, 9, 10, 11]): tx=89.28% (53569/60000)
          unseen_day_unseen_rx(days=['2021_03_15', '2021_03_23'], rxs=[7, 8, 9, 10, 11]): tx=84.47% (50681/60000)
          day=2021_03_15 on seen_rxs=[0, 1, 2, 3, 4, 5, 6]: tx=95.58% (40142/42000)
          day=2021_03_23 on seen_rxs=[0, 1, 2, 3, 4, 5, 6]: tx=90.81% (38139/42000)
          rx=7 on seen_days=['2021_03_01', '2021_03_08']: tx=83.60% (10032/12000)
          rx=8 on seen_days=['2021_03_01', '2021_03_08']: tx=84.03% (10083/12000)
          rx=9 on seen_days=['2021_03_01', '2021_03_08']: tx=91.74% (11009/12000)
          rx=10 on seen_days=['2021_03_01', '2021_03_08']: tx=92.67% (11121/12000)
          rx=11 on seen_days=['2021_03_01', '2021_03_08']: tx=94.37% (11324/12000)
[BEST-JOINT]  val_tx=99.07% & test_tx=89.75% @ E152
[CKPT]  latest -> finalist_runs/C4_A2_ecc003_satmain_seed1337/latest_model.pth (saved) | best -> finalist_runs/C4_A2_ecc003_satmain_seed1337/best_model_val.pth
====================================================================================================================================
[SAT-TEST] scenario=clear_leo selected=test_unseen_day_unseen_rx overall_tx=44.23% strict_udu=44.23% (26540/60000)
[SAT-TEST] scenario=low_elev_leo selected=test_unseen_day_unseen_rx overall_tx=44.38% strict_udu=44.38% (26628/60000)
[SAT-TEST] scenario=rain_leo selected=test_unseen_day_unseen_rx overall_tx=42.19% strict_udu=42.19% (25314/60000)
[SAT-TEST] scenario=storm_mp selected=test_unseen_day_unseen_rx overall_tx=38.16% strict_udu=38.16% (22894/60000)
[SAT-TEST] scenario=mixed_orbit selected=test_unseen_day_unseen_rx overall_tx=40.38% strict_udu=40.38% (24225/60000)
[BEST-TEST] overall=89.98% @ E114 -> finalist_runs/C4_A2_ecc003_satmain_seed1337/best_model_test_overall.pth | unseen_day_unseen_rx=85.11% @ E096 -> finalist_runs/C4_A2_ecc003_satmain_seed1337/best_model_strict_udu.pth | unseen_day_seen_rx=93.84% @ E043 | seen_day_unseen_rx=90.42% @ E114
[BEST-PRIMARY] score=86.81 @ E096 -> finalist_runs/C4_A2_ecc003_satmain_seed1337/best_model_primary_ood.pth | overall=89.95% strict_udu=85.11%
[BEST-WORST-RX] worst_rx=84.54% (test_rx_8) @ E115 -> finalist_runs/C4_A2_ecc003_satmain_seed1337/best_model_worst_rx.pth
====================================================================================================================================
[Epoch 164/200] time=84.5s | lr=1.65e-05 | aux_scale=1.000
[STAGE] phase=S3_refine_aux_late_stable | use_aux=1.0 cons=0.60 cls_aux=0.45 reg=0.45 joint_inv=0.14 kl=0.28 group_ce=0.85
[MIXSTYLE-EPOCH] phase=late_anneal enabled=1 p=0.050 strength=0.350 anneal_t=1.000
[AUG] scale=0.240 | p_dac=0.000 p_pa=0.034 p_shift=0.084 p_cfo=0.084 p_awgn=0.096 p_mp=0.043 | max_shift=8 cfo_max=9.618e-05 pn_max=0.001443
------------------------------------------------------------------------------------------------------------------------------------
[LOSS-CORE] total=2.8256 cls=0.9481 dom=0.2551 adv=2.6235 orth=0.0030 cons=0.1524 group_ce=1.6830
[LOSS-AUX]  cls_pa=0.8196 cls_dac=0.0000 pa_joint_inv=0.1921 pa_kl=0.6554 dac_reg=0.0000 pa_reg=0.0145 gap_dac=0.0000 gap_pa=0.2827 cos_joint_pa=0.8079 cos_imp_pa=nan
[LOSS-SAT]  cls_sat=9.1012 sat_cons=0.7124 sat_cos=0.2876
[LOSS-DG]   proto=0.0000 proto_cos=nan supcon=0.0000 fishr=0.0009 sgc_res=0.0000
[LOSS-CAL]  ecc=0.0000 ecc_w=0.0000 ecc_tau=0.9500 ecc_maxp=nan
[TRAIN] tx=92.56% dom=90.80% cons_cos=0.8476
[GRAD]  total=1.528 backbone=1.000 aux=0.750 domain=0.366
[VAL]   tx=98.96% dom=95.94%
[TEST]  overall_tx=89.23% (182026/204000)
[TEST-SPLIT]
          unseen_day_seen_rx(days=['2021_03_15', '2021_03_23'], rxs=[0, 1, 2, 3, 4, 5, 6]): tx=92.94% (78066/84000)
          seen_day_unseen_rx(days=['2021_03_01', '2021_03_08'], rxs=[7, 8, 9, 10, 11]): tx=88.81% (53289/60000)
          unseen_day_unseen_rx(days=['2021_03_15', '2021_03_23'], rxs=[7, 8, 9, 10, 11]): tx=84.45% (50671/60000)
          day=2021_03_15 on seen_rxs=[0, 1, 2, 3, 4, 5, 6]: tx=94.83% (39830/42000)
          day=2021_03_23 on seen_rxs=[0, 1, 2, 3, 4, 5, 6]: tx=91.04% (38236/42000)
          rx=7 on seen_days=['2021_03_01', '2021_03_08']: tx=82.86% (9943/12000)
          rx=8 on seen_days=['2021_03_01', '2021_03_08']: tx=83.67% (10041/12000)
          rx=9 on seen_days=['2021_03_01', '2021_03_08']: tx=90.92% (10911/12000)
          rx=10 on seen_days=['2021_03_01', '2021_03_08']: tx=92.83% (11140/12000)
          rx=11 on seen_days=['2021_03_01', '2021_03_08']: tx=93.78% (11254/12000)
[BEST-JOINT]  val_tx=99.07% & test_tx=89.75% @ E152
[CKPT]  latest -> finalist_runs/C4_A2_ecc003_satmain_seed1337/latest_model.pth (saved) | best -> finalist_runs/C4_A2_ecc003_satmain_seed1337/best_model_val.pth
====================================================================================================================================
[SAT-TEST] scenario=clear_leo selected=test_unseen_day_unseen_rx overall_tx=43.55% strict_udu=43.55% (26128/60000)
[SAT-TEST] scenario=low_elev_leo selected=test_unseen_day_unseen_rx overall_tx=43.93% strict_udu=43.93% (26360/60000)
[SAT-TEST] scenario=rain_leo selected=test_unseen_day_unseen_rx overall_tx=41.73% strict_udu=41.73% (25035/60000)
[SAT-TEST] scenario=storm_mp selected=test_unseen_day_unseen_rx overall_tx=37.95% strict_udu=37.95% (22769/60000)
[SAT-TEST] scenario=mixed_orbit selected=test_unseen_day_unseen_rx overall_tx=40.12% strict_udu=40.12% (24074/60000)
[BEST-TEST] overall=89.98% @ E114 -> finalist_runs/C4_A2_ecc003_satmain_seed1337/best_model_test_overall.pth | unseen_day_unseen_rx=85.11% @ E096 -> finalist_runs/C4_A2_ecc003_satmain_seed1337/best_model_strict_udu.pth | unseen_day_seen_rx=93.84% @ E043 | seen_day_unseen_rx=90.42% @ E114
[BEST-PRIMARY] score=86.81 @ E096 -> finalist_runs/C4_A2_ecc003_satmain_seed1337/best_model_primary_ood.pth | overall=89.95% strict_udu=85.11%
[BEST-WORST-RX] worst_rx=84.54% (test_rx_8) @ E115 -> finalist_runs/C4_A2_ecc003_satmain_seed1337/best_model_worst_rx.pth
====================================================================================================================================
[Epoch 165/200] time=84.0s | lr=1.57e-05 | aux_scale=1.000
[STAGE] phase=S3_refine_aux_late_stable | use_aux=1.0 cons=0.58 cls_aux=0.43 reg=0.43 joint_inv=0.13 kl=0.26 group_ce=0.85
[MIXSTYLE-EPOCH] phase=late_anneal enabled=1 p=0.050 strength=0.350 anneal_t=1.000
[AUG] scale=0.236 | p_dac=0.000 p_pa=0.033 p_shift=0.082 p_cfo=0.082 p_awgn=0.094 p_mp=0.042 | max_shift=8 cfo_max=9.421e-05 pn_max=0.001413
------------------------------------------------------------------------------------------------------------------------------------
[LOSS-CORE] total=3.0153 cls=1.0984 dom=0.2816 adv=2.6212 orth=0.0030 cons=0.1630 group_ce=1.9201
[LOSS-AUX]  cls_pa=0.9059 cls_dac=0.0000 pa_joint_inv=0.1928 pa_kl=0.7416 dac_reg=0.0000 pa_reg=0.0143 gap_dac=0.0000 gap_pa=0.2802 cos_joint_pa=0.8072 cos_imp_pa=nan
[LOSS-SAT]  cls_sat=9.1546 sat_cons=0.7071 sat_cos=0.2929
[LOSS-DG]   proto=0.0000 proto_cos=nan supcon=0.0000 fishr=0.0011 sgc_res=0.0000
[LOSS-CAL]  ecc=0.0000 ecc_w=0.0000 ecc_tau=0.9500 ecc_maxp=nan
[TRAIN] tx=91.32% dom=89.65% cons_cos=0.8370
[GRAD]  total=1.582 backbone=1.000 aux=0.750 domain=0.353
[VAL]   tx=98.99% dom=95.96%
[TEST]  overall_tx=89.93% (183456/204000)
[TEST-SPLIT]
          unseen_day_seen_rx(days=['2021_03_15', '2021_03_23'], rxs=[0, 1, 2, 3, 4, 5, 6]): tx=93.62% (78642/84000)
          seen_day_unseen_rx(days=['2021_03_01', '2021_03_08'], rxs=[7, 8, 9, 10, 11]): tx=89.93% (53960/60000)
          unseen_day_unseen_rx(days=['2021_03_15', '2021_03_23'], rxs=[7, 8, 9, 10, 11]): tx=84.76% (50854/60000)
          day=2021_03_15 on seen_rxs=[0, 1, 2, 3, 4, 5, 6]: tx=95.73% (40205/42000)
          day=2021_03_23 on seen_rxs=[0, 1, 2, 3, 4, 5, 6]: tx=91.52% (38437/42000)
          rx=7 on seen_days=['2021_03_01', '2021_03_08']: tx=85.54% (10265/12000)
          rx=8 on seen_days=['2021_03_01', '2021_03_08']: tx=84.38% (10125/12000)
          rx=9 on seen_days=['2021_03_01', '2021_03_08']: tx=91.81% (11017/12000)
          rx=10 on seen_days=['2021_03_01', '2021_03_08']: tx=93.53% (11223/12000)
          rx=11 on seen_days=['2021_03_01', '2021_03_08']: tx=94.42% (11330/12000)
[BEST-JOINT]  val_tx=99.07% & test_tx=89.75% @ E152
[CKPT]  latest -> finalist_runs/C4_A2_ecc003_satmain_seed1337/latest_model.pth (saved) | best -> finalist_runs/C4_A2_ecc003_satmain_seed1337/best_model_val.pth
====================================================================================================================================
[SAT-TEST] scenario=clear_leo selected=test_unseen_day_unseen_rx overall_tx=44.73% strict_udu=44.73% (26840/60000)
[SAT-TEST] scenario=low_elev_leo selected=test_unseen_day_unseen_rx overall_tx=44.76% strict_udu=44.76% (26854/60000)
[SAT-TEST] scenario=rain_leo selected=test_unseen_day_unseen_rx overall_tx=42.70% strict_udu=42.70% (25619/60000)
[SAT-TEST] scenario=storm_mp selected=test_unseen_day_unseen_rx overall_tx=38.45% strict_udu=38.45% (23067/60000)
[SAT-TEST] scenario=mixed_orbit selected=test_unseen_day_unseen_rx overall_tx=40.94% strict_udu=40.94% (24564/60000)
[BEST-TEST] overall=89.98% @ E114 -> finalist_runs/C4_A2_ecc003_satmain_seed1337/best_model_test_overall.pth | unseen_day_unseen_rx=85.11% @ E096 -> finalist_runs/C4_A2_ecc003_satmain_seed1337/best_model_strict_udu.pth | unseen_day_seen_rx=93.84% @ E043 | seen_day_unseen_rx=90.42% @ E114
[BEST-PRIMARY] score=86.81 @ E096 -> finalist_runs/C4_A2_ecc003_satmain_seed1337/best_model_primary_ood.pth | overall=89.95% strict_udu=85.11%
[BEST-WORST-RX] worst_rx=84.54% (test_rx_8) @ E115 -> finalist_runs/C4_A2_ecc003_satmain_seed1337/best_model_worst_rx.pth
====================================================================================================================================
[Epoch 166/200] time=84.9s | lr=1.49e-05 | aux_scale=1.000
[STAGE] phase=S3_refine_aux_late_stable | use_aux=1.0 cons=0.56 cls_aux=0.40 reg=0.40 joint_inv=0.12 kl=0.25 group_ce=0.84
[MIXSTYLE-EPOCH] phase=late_anneal enabled=1 p=0.050 strength=0.350 anneal_t=1.000
[AUG] scale=0.231 | p_dac=0.000 p_pa=0.032 p_shift=0.081 p_cfo=0.081 p_awgn=0.092 p_mp=0.042 | max_shift=7 cfo_max=9.223e-05 pn_max=0.001383
------------------------------------------------------------------------------------------------------------------------------------
[LOSS-CORE] total=2.3909 cls=0.6467 dom=0.2010 adv=2.6258 orth=0.0030 cons=0.1352 group_ce=1.2180
[LOSS-AUX]  cls_pa=0.8078 cls_dac=0.0000 pa_joint_inv=0.1894 pa_kl=0.6445 dac_reg=0.0000 pa_reg=0.0144 gap_dac=0.0000 gap_pa=0.2798 cos_joint_pa=0.8106 cos_imp_pa=nan
[LOSS-SAT]  cls_sat=9.0136 sat_cons=0.7101 sat_cos=0.2899
[LOSS-DG]   proto=0.0000 proto_cos=nan supcon=0.0000 fishr=0.0006 sgc_res=0.0000
[LOSS-CAL]  ecc=0.0000 ecc_w=0.0000 ecc_tau=0.9500 ecc_maxp=nan
[TRAIN] tx=95.17% dom=92.36% cons_cos=0.8648
[GRAD]  total=1.515 backbone=1.000 aux=0.749 domain=0.342
[VAL]   tx=99.02% dom=95.91%
[TEST]  overall_tx=89.54% (182655/204000)
[TEST-SPLIT]
          unseen_day_seen_rx(days=['2021_03_15', '2021_03_23'], rxs=[0, 1, 2, 3, 4, 5, 6]): tx=93.07% (78177/84000)
          seen_day_unseen_rx(days=['2021_03_01', '2021_03_08'], rxs=[7, 8, 9, 10, 11]): tx=89.58% (53747/60000)
          unseen_day_unseen_rx(days=['2021_03_15', '2021_03_23'], rxs=[7, 8, 9, 10, 11]): tx=84.55% (50731/60000)
          day=2021_03_15 on seen_rxs=[0, 1, 2, 3, 4, 5, 6]: tx=95.20% (39982/42000)
          day=2021_03_23 on seen_rxs=[0, 1, 2, 3, 4, 5, 6]: tx=90.94% (38195/42000)
          rx=7 on seen_days=['2021_03_01', '2021_03_08']: tx=84.87% (10184/12000)
          rx=8 on seen_days=['2021_03_01', '2021_03_08']: tx=84.46% (10135/12000)
          rx=9 on seen_days=['2021_03_01', '2021_03_08']: tx=91.38% (10965/12000)
          rx=10 on seen_days=['2021_03_01', '2021_03_08']: tx=92.88% (11145/12000)
          rx=11 on seen_days=['2021_03_01', '2021_03_08']: tx=94.32% (11318/12000)
[BEST-JOINT]  val_tx=99.07% & test_tx=89.75% @ E152
[CKPT]  latest -> finalist_runs/C4_A2_ecc003_satmain_seed1337/latest_model.pth (saved) | best -> finalist_runs/C4_A2_ecc003_satmain_seed1337/best_model_val.pth
====================================================================================================================================
[SAT-TEST] scenario=clear_leo selected=test_unseen_day_unseen_rx overall_tx=43.82% strict_udu=43.82% (26294/60000)
[SAT-TEST] scenario=low_elev_leo selected=test_unseen_day_unseen_rx overall_tx=44.16% strict_udu=44.16% (26493/60000)
[SAT-TEST] scenario=rain_leo selected=test_unseen_day_unseen_rx overall_tx=41.87% strict_udu=41.87% (25123/60000)
[SAT-TEST] scenario=storm_mp selected=test_unseen_day_unseen_rx overall_tx=38.15% strict_udu=38.15% (22887/60000)
[SAT-TEST] scenario=mixed_orbit selected=test_unseen_day_unseen_rx overall_tx=40.32% strict_udu=40.32% (24194/60000)
[BEST-TEST] overall=89.98% @ E114 -> finalist_runs/C4_A2_ecc003_satmain_seed1337/best_model_test_overall.pth | unseen_day_unseen_rx=85.11% @ E096 -> finalist_runs/C4_A2_ecc003_satmain_seed1337/best_model_strict_udu.pth | unseen_day_seen_rx=93.84% @ E043 | seen_day_unseen_rx=90.42% @ E114
[BEST-PRIMARY] score=86.81 @ E096 -> finalist_runs/C4_A2_ecc003_satmain_seed1337/best_model_primary_ood.pth | overall=89.95% strict_udu=85.11%
[BEST-WORST-RX] worst_rx=84.54% (test_rx_8) @ E115 -> finalist_runs/C4_A2_ecc003_satmain_seed1337/best_model_worst_rx.pth
====================================================================================================================================
[Epoch 167/200] time=85.5s | lr=1.41e-05 | aux_scale=1.000
[STAGE] phase=S3_refine_aux_late_stable | use_aux=1.0 cons=0.54 cls_aux=0.38 reg=0.38 joint_inv=0.12 kl=0.24 group_ce=0.83
[MIXSTYLE-EPOCH] phase=late_anneal enabled=1 p=0.050 strength=0.350 anneal_t=1.000
[AUG] scale=0.226 | p_dac=0.000 p_pa=0.032 p_shift=0.079 p_cfo=0.079 p_awgn=0.090 p_mp=0.041 | max_shift=7 cfo_max=9.023e-05 pn_max=0.001353
------------------------------------------------------------------------------------------------------------------------------------
[LOSS-CORE] total=2.4744 cls=0.7325 dom=0.2078 adv=2.6248 orth=0.0032 cons=0.1398 group_ce=1.3008
[LOSS-AUX]  cls_pa=0.8243 cls_dac=0.0000 pa_joint_inv=0.1897 pa_kl=0.6604 dac_reg=0.0000 pa_reg=0.0146 gap_dac=0.0000 gap_pa=0.2785 cos_joint_pa=0.8103 cos_imp_pa=nan
[LOSS-SAT]  cls_sat=9.0138 sat_cons=0.7083 sat_cos=0.2917
[LOSS-DG]   proto=0.0000 proto_cos=nan supcon=0.0000 fishr=0.0006 sgc_res=0.0000
[LOSS-CAL]  ecc=0.0000 ecc_w=0.0000 ecc_tau=0.9500 ecc_maxp=nan
[TRAIN] tx=94.18% dom=92.26% cons_cos=0.8602
[GRAD]  total=1.459 backbone=1.000 aux=0.750 domain=0.327
[VAL]   tx=98.95% dom=95.76%
[TEST]  overall_tx=89.35% (182280/204000)
[TEST-SPLIT]
          unseen_day_seen_rx(days=['2021_03_15', '2021_03_23'], rxs=[0, 1, 2, 3, 4, 5, 6]): tx=93.11% (78212/84000)
          seen_day_unseen_rx(days=['2021_03_01', '2021_03_08'], rxs=[7, 8, 9, 10, 11]): tx=89.06% (53437/60000)
          unseen_day_unseen_rx(days=['2021_03_15', '2021_03_23'], rxs=[7, 8, 9, 10, 11]): tx=84.39% (50631/60000)
          day=2021_03_15 on seen_rxs=[0, 1, 2, 3, 4, 5, 6]: tx=95.21% (39990/42000)
          day=2021_03_23 on seen_rxs=[0, 1, 2, 3, 4, 5, 6]: tx=91.00% (38222/42000)
          rx=7 on seen_days=['2021_03_01', '2021_03_08']: tx=83.47% (10017/12000)
          rx=8 on seen_days=['2021_03_01', '2021_03_08']: tx=83.46% (10015/12000)
          rx=9 on seen_days=['2021_03_01', '2021_03_08']: tx=91.34% (10961/12000)
          rx=10 on seen_days=['2021_03_01', '2021_03_08']: tx=92.97% (11157/12000)
          rx=11 on seen_days=['2021_03_01', '2021_03_08']: tx=94.06% (11287/12000)
[BEST-JOINT]  val_tx=99.07% & test_tx=89.75% @ E152
[CKPT]  latest -> finalist_runs/C4_A2_ecc003_satmain_seed1337/latest_model.pth (saved) | best -> finalist_runs/C4_A2_ecc003_satmain_seed1337/best_model_val.pth
====================================================================================================================================
[SAT-TEST] scenario=clear_leo selected=test_unseen_day_unseen_rx overall_tx=44.08% strict_udu=44.08% (26446/60000)
[SAT-TEST] scenario=low_elev_leo selected=test_unseen_day_unseen_rx overall_tx=44.42% strict_udu=44.42% (26650/60000)
[SAT-TEST] scenario=rain_leo selected=test_unseen_day_unseen_rx overall_tx=42.10% strict_udu=42.10% (25262/60000)
[SAT-TEST] scenario=storm_mp selected=test_unseen_day_unseen_rx overall_tx=38.18% strict_udu=38.18% (22906/60000)
[SAT-TEST] scenario=mixed_orbit selected=test_unseen_day_unseen_rx overall_tx=40.36% strict_udu=40.36% (24217/60000)
[BEST-TEST] overall=89.98% @ E114 -> finalist_runs/C4_A2_ecc003_satmain_seed1337/best_model_test_overall.pth | unseen_day_unseen_rx=85.11% @ E096 -> finalist_runs/C4_A2_ecc003_satmain_seed1337/best_model_strict_udu.pth | unseen_day_seen_rx=93.84% @ E043 | seen_day_unseen_rx=90.42% @ E114
[BEST-PRIMARY] score=86.81 @ E096 -> finalist_runs/C4_A2_ecc003_satmain_seed1337/best_model_primary_ood.pth | overall=89.95% strict_udu=85.11%
[BEST-WORST-RX] worst_rx=84.54% (test_rx_8) @ E115 -> finalist_runs/C4_A2_ecc003_satmain_seed1337/best_model_worst_rx.pth
====================================================================================================================================
[Epoch 168/200] time=85.2s | lr=1.33e-05 | aux_scale=1.000
[STAGE] phase=S3_refine_aux_late_stable | use_aux=1.0 cons=0.53 cls_aux=0.35 reg=0.35 joint_inv=0.11 kl=0.22 group_ce=0.83
[MIXSTYLE-EPOCH] phase=late_anneal enabled=1 p=0.050 strength=0.350 anneal_t=1.000
[AUG] scale=0.221 | p_dac=0.000 p_pa=0.031 p_shift=0.077 p_cfo=0.077 p_awgn=0.088 p_mp=0.040 | max_shift=7 cfo_max=8.821e-05 pn_max=0.001323
------------------------------------------------------------------------------------------------------------------------------------
[LOSS-CORE] total=2.8334 cls=1.0165 dom=0.2585 adv=2.6261 orth=0.0029 cons=0.1514 group_ce=1.7007
[LOSS-AUX]  cls_pa=0.8221 cls_dac=0.0000 pa_joint_inv=0.1901 pa_kl=0.6632 dac_reg=0.0000 pa_reg=0.0144 gap_dac=0.0000 gap_pa=0.2796 cos_joint_pa=0.8099 cos_imp_pa=nan
[LOSS-SAT]  cls_sat=9.1707 sat_cons=0.7147 sat_cos=0.2853
[LOSS-DG]   proto=0.0000 proto_cos=nan supcon=0.0000 fishr=0.0010 sgc_res=0.0000
[LOSS-CAL]  ecc=0.0000 ecc_w=0.0000 ecc_tau=0.9500 ecc_maxp=nan
[TRAIN] tx=91.75% dom=90.53% cons_cos=0.8486
[GRAD]  total=1.504 backbone=1.000 aux=0.750 domain=0.348
[VAL]   tx=98.99% dom=95.83%
[TEST]  overall_tx=89.70% (182994/204000)
[TEST-SPLIT]
          unseen_day_seen_rx(days=['2021_03_15', '2021_03_23'], rxs=[0, 1, 2, 3, 4, 5, 6]): tx=93.36% (78424/84000)
          seen_day_unseen_rx(days=['2021_03_01', '2021_03_08'], rxs=[7, 8, 9, 10, 11]): tx=89.54% (53724/60000)
          unseen_day_unseen_rx(days=['2021_03_15', '2021_03_23'], rxs=[7, 8, 9, 10, 11]): tx=84.74% (50846/60000)
          day=2021_03_15 on seen_rxs=[0, 1, 2, 3, 4, 5, 6]: tx=95.75% (40216/42000)
          day=2021_03_23 on seen_rxs=[0, 1, 2, 3, 4, 5, 6]: tx=90.97% (38208/42000)
          rx=7 on seen_days=['2021_03_01', '2021_03_08']: tx=83.90% (10068/12000)
          rx=8 on seen_days=['2021_03_01', '2021_03_08']: tx=84.20% (10104/12000)
          rx=9 on seen_days=['2021_03_01', '2021_03_08']: tx=91.88% (11026/12000)
          rx=10 on seen_days=['2021_03_01', '2021_03_08']: tx=92.69% (11123/12000)
          rx=11 on seen_days=['2021_03_01', '2021_03_08']: tx=95.03% (11403/12000)
[BEST-JOINT]  val_tx=99.07% & test_tx=89.75% @ E152
[CKPT]  latest -> finalist_runs/C4_A2_ecc003_satmain_seed1337/latest_model.pth (saved) | best -> finalist_runs/C4_A2_ecc003_satmain_seed1337/best_model_val.pth
====================================================================================================================================
[SAT-TEST] scenario=clear_leo selected=test_unseen_day_unseen_rx overall_tx=44.58% strict_udu=44.58% (26747/60000)
[SAT-TEST] scenario=low_elev_leo selected=test_unseen_day_unseen_rx overall_tx=44.73% strict_udu=44.73% (26841/60000)
[SAT-TEST] scenario=rain_leo selected=test_unseen_day_unseen_rx overall_tx=42.42% strict_udu=42.42% (25451/60000)
[SAT-TEST] scenario=storm_mp selected=test_unseen_day_unseen_rx overall_tx=38.38% strict_udu=38.38% (23026/60000)
[SAT-TEST] scenario=mixed_orbit selected=test_unseen_day_unseen_rx overall_tx=40.81% strict_udu=40.81% (24489/60000)
[BEST-TEST] overall=89.98% @ E114 -> finalist_runs/C4_A2_ecc003_satmain_seed1337/best_model_test_overall.pth | unseen_day_unseen_rx=85.11% @ E096 -> finalist_runs/C4_A2_ecc003_satmain_seed1337/best_model_strict_udu.pth | unseen_day_seen_rx=93.84% @ E043 | seen_day_unseen_rx=90.42% @ E114
[BEST-PRIMARY] score=86.81 @ E096 -> finalist_runs/C4_A2_ecc003_satmain_seed1337/best_model_primary_ood.pth | overall=89.95% strict_udu=85.11%
[BEST-WORST-RX] worst_rx=84.54% (test_rx_8) @ E115 -> finalist_runs/C4_A2_ecc003_satmain_seed1337/best_model_worst_rx.pth
====================================================================================================================================
[Epoch 169/200] time=87.4s | lr=1.26e-05 | aux_scale=1.000
[STAGE] phase=S3_refine_aux_late_stable | use_aux=1.0 cons=0.51 cls_aux=0.33 reg=0.33 joint_inv=0.10 kl=0.21 group_ce=0.82
[MIXSTYLE-EPOCH] phase=late_anneal enabled=1 p=0.050 strength=0.350 anneal_t=1.000
[AUG] scale=0.215 | p_dac=0.000 p_pa=0.030 p_shift=0.075 p_cfo=0.075 p_awgn=0.086 p_mp=0.039 | max_shift=7 cfo_max=8.618e-05 pn_max=0.001293
------------------------------------------------------------------------------------------------------------------------------------
[LOSS-CORE] total=2.4290 cls=0.7123 dom=0.2130 adv=2.6241 orth=0.0029 cons=0.1416 group_ce=1.3576
[LOSS-AUX]  cls_pa=0.8267 cls_dac=0.0000 pa_joint_inv=0.1889 pa_kl=0.6693 dac_reg=0.0000 pa_reg=0.0143 gap_dac=0.0000 gap_pa=0.2746 cos_joint_pa=0.8111 cos_imp_pa=nan
[LOSS-SAT]  cls_sat=9.0133 sat_cons=0.7050 sat_cos=0.2950
[LOSS-DG]   proto=0.0000 proto_cos=nan supcon=0.0000 fishr=0.0008 sgc_res=0.0000
[LOSS-CAL]  ecc=0.0000 ecc_w=0.0000 ecc_tau=0.9500 ecc_maxp=nan
[TRAIN] tx=94.44% dom=91.93% cons_cos=0.8584
[GRAD]  total=1.526 backbone=1.000 aux=0.750 domain=0.339
[VAL]   tx=99.01% dom=95.67%
[TEST]  overall_tx=89.51% (182601/204000)
[TEST-SPLIT]
          unseen_day_seen_rx(days=['2021_03_15', '2021_03_23'], rxs=[0, 1, 2, 3, 4, 5, 6]): tx=93.20% (78288/84000)
          seen_day_unseen_rx(days=['2021_03_01', '2021_03_08'], rxs=[7, 8, 9, 10, 11]): tx=89.24% (53542/60000)
          unseen_day_unseen_rx(days=['2021_03_15', '2021_03_23'], rxs=[7, 8, 9, 10, 11]): tx=84.62% (50771/60000)
          day=2021_03_15 on seen_rxs=[0, 1, 2, 3, 4, 5, 6]: tx=95.15% (39965/42000)
          day=2021_03_23 on seen_rxs=[0, 1, 2, 3, 4, 5, 6]: tx=91.25% (38323/42000)
          rx=7 on seen_days=['2021_03_01', '2021_03_08']: tx=83.15% (9978/12000)
          rx=8 on seen_days=['2021_03_01', '2021_03_08']: tx=84.47% (10136/12000)
          rx=9 on seen_days=['2021_03_01', '2021_03_08']: tx=91.45% (10974/12000)
          rx=10 on seen_days=['2021_03_01', '2021_03_08']: tx=92.37% (11084/12000)
          rx=11 on seen_days=['2021_03_01', '2021_03_08']: tx=94.75% (11370/12000)
[BEST-JOINT]  val_tx=99.07% & test_tx=89.75% @ E152
[CKPT]  latest -> finalist_runs/C4_A2_ecc003_satmain_seed1337/latest_model.pth (saved) | best -> finalist_runs/C4_A2_ecc003_satmain_seed1337/best_model_val.pth
====================================================================================================================================
[SAT-TEST] scenario=clear_leo selected=test_unseen_day_unseen_rx overall_tx=43.97% strict_udu=43.97% (26380/60000)
[SAT-TEST] scenario=low_elev_leo selected=test_unseen_day_unseen_rx overall_tx=44.15% strict_udu=44.15% (26488/60000)
[SAT-TEST] scenario=rain_leo selected=test_unseen_day_unseen_rx overall_tx=41.96% strict_udu=41.96% (25176/60000)
[SAT-TEST] scenario=storm_mp selected=test_unseen_day_unseen_rx overall_tx=38.13% strict_udu=38.13% (22879/60000)
[SAT-TEST] scenario=mixed_orbit selected=test_unseen_day_unseen_rx overall_tx=40.39% strict_udu=40.39% (24236/60000)
[BEST-TEST] overall=89.98% @ E114 -> finalist_runs/C4_A2_ecc003_satmain_seed1337/best_model_test_overall.pth | unseen_day_unseen_rx=85.11% @ E096 -> finalist_runs/C4_A2_ecc003_satmain_seed1337/best_model_strict_udu.pth | unseen_day_seen_rx=93.84% @ E043 | seen_day_unseen_rx=90.42% @ E114
[BEST-PRIMARY] score=86.81 @ E096 -> finalist_runs/C4_A2_ecc003_satmain_seed1337/best_model_primary_ood.pth | overall=89.95% strict_udu=85.11%
[BEST-WORST-RX] worst_rx=84.54% (test_rx_8) @ E115 -> finalist_runs/C4_A2_ecc003_satmain_seed1337/best_model_worst_rx.pth
====================================================================================================================================
[Epoch 170/200] time=85.8s | lr=1.18e-05 | aux_scale=1.000
[STAGE] phase=S3_refine_aux_late_stable | use_aux=1.0 cons=0.49 cls_aux=0.30 reg=0.30 joint_inv=0.10 kl=0.19 group_ce=0.81
[MIXSTYLE-EPOCH] phase=late_anneal enabled=1 p=0.050 strength=0.350 anneal_t=1.000
[AUG] scale=0.210 | p_dac=0.000 p_pa=0.029 p_shift=0.074 p_cfo=0.074 p_awgn=0.084 p_mp=0.038 | max_shift=7 cfo_max=8.414e-05 pn_max=0.001262
------------------------------------------------------------------------------------------------------------------------------------
[LOSS-CORE] total=2.1475 cls=0.5217 dom=0.1712 adv=2.6237 orth=0.0031 cons=0.1297 group_ce=0.9782
[LOSS-AUX]  cls_pa=0.8339 cls_dac=0.0000 pa_joint_inv=0.1905 pa_kl=0.6705 dac_reg=0.0000 pa_reg=0.0145 gap_dac=0.0000 gap_pa=0.2807 cos_joint_pa=0.8095 cos_imp_pa=nan
[LOSS-SAT]  cls_sat=9.0039 sat_cons=0.7107 sat_cos=0.2893
[LOSS-DG]   proto=0.0000 proto_cos=nan supcon=0.0000 fishr=0.0005 sgc_res=0.0000
[LOSS-CAL]  ecc=0.0000 ecc_w=0.0000 ecc_tau=0.9500 ecc_maxp=nan
[TRAIN] tx=96.21% dom=93.51% cons_cos=0.8703
[GRAD]  total=1.481 backbone=1.000 aux=0.750 domain=0.350
[VAL]   tx=99.01% dom=95.95%
[TEST]  overall_tx=89.61% (182812/204000)
[TEST-SPLIT]
          unseen_day_seen_rx(days=['2021_03_15', '2021_03_23'], rxs=[0, 1, 2, 3, 4, 5, 6]): tx=93.30% (78370/84000)
          seen_day_unseen_rx(days=['2021_03_01', '2021_03_08'], rxs=[7, 8, 9, 10, 11]): tx=89.45% (53670/60000)
          unseen_day_unseen_rx(days=['2021_03_15', '2021_03_23'], rxs=[7, 8, 9, 10, 11]): tx=84.62% (50772/60000)
          day=2021_03_15 on seen_rxs=[0, 1, 2, 3, 4, 5, 6]: tx=95.40% (40068/42000)
          day=2021_03_23 on seen_rxs=[0, 1, 2, 3, 4, 5, 6]: tx=91.20% (38302/42000)
          rx=7 on seen_days=['2021_03_01', '2021_03_08']: tx=83.30% (9996/12000)
          rx=8 on seen_days=['2021_03_01', '2021_03_08']: tx=84.67% (10161/12000)
          rx=9 on seen_days=['2021_03_01', '2021_03_08']: tx=91.53% (10984/12000)
          rx=10 on seen_days=['2021_03_01', '2021_03_08']: tx=92.75% (11130/12000)
          rx=11 on seen_days=['2021_03_01', '2021_03_08']: tx=94.99% (11399/12000)
[BEST-JOINT]  val_tx=99.07% & test_tx=89.75% @ E152
[CKPT]  latest -> finalist_runs/C4_A2_ecc003_satmain_seed1337/latest_model.pth (saved) | best -> finalist_runs/C4_A2_ecc003_satmain_seed1337/best_model_val.pth
====================================================================================================================================
[SAT-TEST] scenario=clear_leo selected=test_unseen_day_unseen_rx overall_tx=44.35% strict_udu=44.35% (26609/60000)
[SAT-TEST] scenario=low_elev_leo selected=test_unseen_day_unseen_rx overall_tx=44.55% strict_udu=44.55% (26727/60000)
[SAT-TEST] scenario=rain_leo selected=test_unseen_day_unseen_rx overall_tx=42.52% strict_udu=42.52% (25514/60000)
[SAT-TEST] scenario=storm_mp selected=test_unseen_day_unseen_rx overall_tx=38.17% strict_udu=38.17% (22901/60000)
[SAT-TEST] scenario=mixed_orbit selected=test_unseen_day_unseen_rx overall_tx=40.53% strict_udu=40.53% (24318/60000)
[BEST-TEST] overall=89.98% @ E114 -> finalist_runs/C4_A2_ecc003_satmain_seed1337/best_model_test_overall.pth | unseen_day_unseen_rx=85.11% @ E096 -> finalist_runs/C4_A2_ecc003_satmain_seed1337/best_model_strict_udu.pth | unseen_day_seen_rx=93.84% @ E043 | seen_day_unseen_rx=90.42% @ E114
[BEST-PRIMARY] score=86.81 @ E096 -> finalist_runs/C4_A2_ecc003_satmain_seed1337/best_model_primary_ood.pth | overall=89.95% strict_udu=85.11%
[BEST-WORST-RX] worst_rx=84.54% (test_rx_8) @ E115 -> finalist_runs/C4_A2_ecc003_satmain_seed1337/best_model_worst_rx.pth
====================================================================================================================================
[Epoch 171/200] time=85.2s | lr=1.11e-05 | aux_scale=1.000
[STAGE] phase=S3_refine_aux_late_stable | use_aux=1.0 cons=0.47 cls_aux=0.28 reg=0.28 joint_inv=0.09 kl=0.18 group_ce=0.81
[MIXSTYLE-EPOCH] phase=late_anneal enabled=1 p=0.050 strength=0.350 anneal_t=1.000
[AUG] scale=0.205 | p_dac=0.000 p_pa=0.029 p_shift=0.072 p_cfo=0.072 p_awgn=0.082 p_mp=0.037 | max_shift=7 cfo_max=8.208e-05 pn_max=0.001231
------------------------------------------------------------------------------------------------------------------------------------
[LOSS-CORE] total=2.4036 cls=0.7375 dom=0.2018 adv=2.6236 orth=0.0029 cons=0.1437 group_ce=1.3370
[LOSS-AUX]  cls_pa=0.8015 cls_dac=0.0000 pa_joint_inv=0.1848 pa_kl=0.6363 dac_reg=0.0000 pa_reg=0.0149 gap_dac=0.0000 gap_pa=0.2711 cos_joint_pa=0.8152 cos_imp_pa=nan
[LOSS-SAT]  cls_sat=9.0002 sat_cons=0.7170 sat_cos=0.2830
[LOSS-DG]   proto=0.0000 proto_cos=nan supcon=0.0000 fishr=0.0007 sgc_res=0.0000
[LOSS-CAL]  ecc=0.0000 ecc_w=0.0000 ecc_tau=0.9500 ecc_maxp=nan
[TRAIN] tx=94.25% dom=92.16% cons_cos=0.8563
[GRAD]  total=1.471 backbone=1.000 aux=0.749 domain=0.343
[VAL]   tx=99.05% dom=95.93%
[TEST]  overall_tx=89.52% (182614/204000)
[TEST-SPLIT]
          unseen_day_seen_rx(days=['2021_03_15', '2021_03_23'], rxs=[0, 1, 2, 3, 4, 5, 6]): tx=93.20% (78286/84000)
          seen_day_unseen_rx(days=['2021_03_01', '2021_03_08'], rxs=[7, 8, 9, 10, 11]): tx=89.24% (53543/60000)
          unseen_day_unseen_rx(days=['2021_03_15', '2021_03_23'], rxs=[7, 8, 9, 10, 11]): tx=84.64% (50785/60000)
          day=2021_03_15 on seen_rxs=[0, 1, 2, 3, 4, 5, 6]: tx=94.98% (39891/42000)
          day=2021_03_23 on seen_rxs=[0, 1, 2, 3, 4, 5, 6]: tx=91.42% (38395/42000)
          rx=7 on seen_days=['2021_03_01', '2021_03_08']: tx=82.70% (9924/12000)
          rx=8 on seen_days=['2021_03_01', '2021_03_08']: tx=84.98% (10198/12000)
          rx=9 on seen_days=['2021_03_01', '2021_03_08']: tx=91.25% (10950/12000)
          rx=10 on seen_days=['2021_03_01', '2021_03_08']: tx=91.57% (10988/12000)
          rx=11 on seen_days=['2021_03_01', '2021_03_08']: tx=95.69% (11483/12000)
[BEST-JOINT]  val_tx=99.07% & test_tx=89.75% @ E152
[CKPT]  latest -> finalist_runs/C4_A2_ecc003_satmain_seed1337/latest_model.pth (saved) | best -> finalist_runs/C4_A2_ecc003_satmain_seed1337/best_model_val.pth
====================================================================================================================================
[SAT-TEST] scenario=clear_leo selected=test_unseen_day_unseen_rx overall_tx=43.73% strict_udu=43.73% (26239/60000)
[SAT-TEST] scenario=low_elev_leo selected=test_unseen_day_unseen_rx overall_tx=43.81% strict_udu=43.81% (26286/60000)
[SAT-TEST] scenario=rain_leo selected=test_unseen_day_unseen_rx overall_tx=41.80% strict_udu=41.80% (25081/60000)
[SAT-TEST] scenario=storm_mp selected=test_unseen_day_unseen_rx overall_tx=38.03% strict_udu=38.03% (22817/60000)
[SAT-TEST] scenario=mixed_orbit selected=test_unseen_day_unseen_rx overall_tx=40.41% strict_udu=40.41% (24247/60000)
[BEST-TEST] overall=89.98% @ E114 -> finalist_runs/C4_A2_ecc003_satmain_seed1337/best_model_test_overall.pth | unseen_day_unseen_rx=85.11% @ E096 -> finalist_runs/C4_A2_ecc003_satmain_seed1337/best_model_strict_udu.pth | unseen_day_seen_rx=93.84% @ E043 | seen_day_unseen_rx=90.42% @ E114
[BEST-PRIMARY] score=86.81 @ E096 -> finalist_runs/C4_A2_ecc003_satmain_seed1337/best_model_primary_ood.pth | overall=89.95% strict_udu=85.11%
[BEST-WORST-RX] worst_rx=84.54% (test_rx_8) @ E115 -> finalist_runs/C4_A2_ecc003_satmain_seed1337/best_model_worst_rx.pth
====================================================================================================================================
[Epoch 172/200] time=84.9s | lr=1.05e-05 | aux_scale=1.000
[STAGE] phase=S3_refine_aux_late_stable | use_aux=1.0 cons=0.45 cls_aux=0.25 reg=0.25 joint_inv=0.08 kl=0.16 group_ce=0.80
[MIXSTYLE-EPOCH] phase=late_anneal enabled=1 p=0.050 strength=0.350 anneal_t=1.000
[AUG] scale=0.200 | p_dac=0.000 p_pa=0.028 p_shift=0.070 p_cfo=0.070 p_awgn=0.080 p_mp=0.036 | max_shift=6 cfo_max=8e-05 pn_max=0.0012
------------------------------------------------------------------------------------------------------------------------------------
[LOSS-CORE] total=2.3962 cls=0.7468 dom=0.1958 adv=2.6247 orth=0.0029 cons=0.1478 group_ce=1.4008
[LOSS-AUX]  cls_pa=0.8661 cls_dac=0.0000 pa_joint_inv=0.1906 pa_kl=0.7067 dac_reg=0.0000 pa_reg=0.0144 gap_dac=0.0000 gap_pa=0.2806 cos_joint_pa=0.8094 cos_imp_pa=nan
[LOSS-SAT]  cls_sat=8.9648 sat_cons=0.7109 sat_cos=0.2891
[LOSS-DG]   proto=0.0000 proto_cos=nan supcon=0.0000 fishr=0.0008 sgc_res=0.0000
[LOSS-CAL]  ecc=0.0000 ecc_w=0.0000 ecc_tau=0.9500 ecc_maxp=nan
[TRAIN] tx=94.22% dom=92.76% cons_cos=0.8522
[GRAD]  total=1.487 backbone=1.000 aux=0.750 domain=0.361
[VAL]   tx=98.98% dom=95.88%
[TEST]  overall_tx=89.11% (181792/204000)
[TEST-SPLIT]
          unseen_day_seen_rx(days=['2021_03_15', '2021_03_23'], rxs=[0, 1, 2, 3, 4, 5, 6]): tx=93.03% (78146/84000)
          seen_day_unseen_rx(days=['2021_03_01', '2021_03_08'], rxs=[7, 8, 9, 10, 11]): tx=88.60% (53162/60000)
          unseen_day_unseen_rx(days=['2021_03_15', '2021_03_23'], rxs=[7, 8, 9, 10, 11]): tx=84.14% (50484/60000)
          day=2021_03_15 on seen_rxs=[0, 1, 2, 3, 4, 5, 6]: tx=94.98% (39892/42000)
          day=2021_03_23 on seen_rxs=[0, 1, 2, 3, 4, 5, 6]: tx=91.08% (38254/42000)
          rx=7 on seen_days=['2021_03_01', '2021_03_08']: tx=82.33% (9880/12000)
          rx=8 on seen_days=['2021_03_01', '2021_03_08']: tx=83.49% (10019/12000)
          rx=9 on seen_days=['2021_03_01', '2021_03_08']: tx=91.13% (10936/12000)
          rx=10 on seen_days=['2021_03_01', '2021_03_08']: tx=92.71% (11125/12000)
          rx=11 on seen_days=['2021_03_01', '2021_03_08']: tx=93.35% (11202/12000)
[BEST-JOINT]  val_tx=99.07% & test_tx=89.75% @ E152
[CKPT]  latest -> finalist_runs/C4_A2_ecc003_satmain_seed1337/latest_model.pth (saved) | best -> finalist_runs/C4_A2_ecc003_satmain_seed1337/best_model_val.pth
====================================================================================================================================
[SAT-TEST] scenario=clear_leo selected=test_unseen_day_unseen_rx overall_tx=43.90% strict_udu=43.90% (26339/60000)
[SAT-TEST] scenario=low_elev_leo selected=test_unseen_day_unseen_rx overall_tx=44.12% strict_udu=44.12% (26473/60000)
[SAT-TEST] scenario=rain_leo selected=test_unseen_day_unseen_rx overall_tx=41.98% strict_udu=41.98% (25186/60000)
[SAT-TEST] scenario=storm_mp selected=test_unseen_day_unseen_rx overall_tx=37.88% strict_udu=37.88% (22725/60000)
[SAT-TEST] scenario=mixed_orbit selected=test_unseen_day_unseen_rx overall_tx=39.80% strict_udu=39.80% (23881/60000)
[BEST-TEST] overall=89.98% @ E114 -> finalist_runs/C4_A2_ecc003_satmain_seed1337/best_model_test_overall.pth | unseen_day_unseen_rx=85.11% @ E096 -> finalist_runs/C4_A2_ecc003_satmain_seed1337/best_model_strict_udu.pth | unseen_day_seen_rx=93.84% @ E043 | seen_day_unseen_rx=90.42% @ E114
[BEST-PRIMARY] score=86.81 @ E096 -> finalist_runs/C4_A2_ecc003_satmain_seed1337/best_model_primary_ood.pth | overall=89.95% strict_udu=85.11%
[BEST-WORST-RX] worst_rx=84.54% (test_rx_8) @ E115 -> finalist_runs/C4_A2_ecc003_satmain_seed1337/best_model_worst_rx.pth
====================================================================================================================================
[Epoch 173/200] time=84.9s | lr=9.82e-06 | aux_scale=1.000
[STAGE] phase=S3_refine_aux_late_stable | use_aux=1.0 cons=0.45 cls_aux=0.25 reg=0.25 joint_inv=0.08 kl=0.16 group_ce=0.80
[MIXSTYLE-EPOCH] phase=late_anneal enabled=1 p=0.050 strength=0.350 anneal_t=1.000
[AUG] scale=0.200 | p_dac=0.000 p_pa=0.028 p_shift=0.070 p_cfo=0.070 p_awgn=0.080 p_mp=0.036 | max_shift=6 cfo_max=8e-05 pn_max=0.0012
------------------------------------------------------------------------------------------------------------------------------------
[LOSS-CORE] total=2.3787 cls=0.7347 dom=0.1921 adv=2.6223 orth=0.0031 cons=0.1475 group_ce=1.3738
[LOSS-AUX]  cls_pa=0.8280 cls_dac=0.0000 pa_joint_inv=0.1902 pa_kl=0.6643 dac_reg=0.0000 pa_reg=0.0144 gap_dac=0.0000 gap_pa=0.2821 cos_joint_pa=0.8098 cos_imp_pa=nan
[LOSS-SAT]  cls_sat=9.0292 sat_cons=0.7109 sat_cos=0.2891
[LOSS-DG]   proto=0.0000 proto_cos=nan supcon=0.0000 fishr=0.0007 sgc_res=0.0000
[LOSS-CAL]  ecc=0.0000 ecc_w=0.0000 ecc_tau=0.9500 ecc_maxp=nan
[TRAIN] tx=94.18% dom=92.72% cons_cos=0.8525
[GRAD]  total=1.474 backbone=1.000 aux=0.750 domain=0.324
[VAL]   tx=99.08% dom=95.88%
[TEST]  overall_tx=89.48% (182535/204000)
[TEST-SPLIT]
          unseen_day_seen_rx(days=['2021_03_15', '2021_03_23'], rxs=[0, 1, 2, 3, 4, 5, 6]): tx=93.22% (78304/84000)
          seen_day_unseen_rx(days=['2021_03_01', '2021_03_08'], rxs=[7, 8, 9, 10, 11]): tx=89.18% (53508/60000)
          unseen_day_unseen_rx(days=['2021_03_15', '2021_03_23'], rxs=[7, 8, 9, 10, 11]): tx=84.54% (50723/60000)
          day=2021_03_15 on seen_rxs=[0, 1, 2, 3, 4, 5, 6]: tx=95.16% (39967/42000)
          day=2021_03_23 on seen_rxs=[0, 1, 2, 3, 4, 5, 6]: tx=91.28% (38337/42000)
          rx=7 on seen_days=['2021_03_01', '2021_03_08']: tx=82.78% (9934/12000)
          rx=8 on seen_days=['2021_03_01', '2021_03_08']: tx=84.13% (10096/12000)
          rx=9 on seen_days=['2021_03_01', '2021_03_08']: tx=91.55% (10986/12000)
          rx=10 on seen_days=['2021_03_01', '2021_03_08']: tx=92.38% (11086/12000)
          rx=11 on seen_days=['2021_03_01', '2021_03_08']: tx=95.05% (11406/12000)
[BEST-JOINT]  val_tx=99.08% & test_tx=89.48% @ E173
[CKPT]  latest -> finalist_runs/C4_A2_ecc003_satmain_seed1337/latest_model.pth (saved) | best -> finalist_runs/C4_A2_ecc003_satmain_seed1337/best_model_val.pth (updated: val improved)
====================================================================================================================================
[SAT-TEST] scenario=clear_leo selected=test_unseen_day_unseen_rx overall_tx=43.88% strict_udu=43.88% (26326/60000)
[SAT-TEST] scenario=low_elev_leo selected=test_unseen_day_unseen_rx overall_tx=43.73% strict_udu=43.73% (26240/60000)
[SAT-TEST] scenario=rain_leo selected=test_unseen_day_unseen_rx overall_tx=41.68% strict_udu=41.68% (25006/60000)
[SAT-TEST] scenario=storm_mp selected=test_unseen_day_unseen_rx overall_tx=37.96% strict_udu=37.96% (22775/60000)
[SAT-TEST] scenario=mixed_orbit selected=test_unseen_day_unseen_rx overall_tx=40.20% strict_udu=40.20% (24117/60000)
[BEST-TEST] overall=89.98% @ E114 -> finalist_runs/C4_A2_ecc003_satmain_seed1337/best_model_test_overall.pth | unseen_day_unseen_rx=85.11% @ E096 -> finalist_runs/C4_A2_ecc003_satmain_seed1337/best_model_strict_udu.pth | unseen_day_seen_rx=93.84% @ E043 | seen_day_unseen_rx=90.42% @ E114
[BEST-PRIMARY] score=86.81 @ E096 -> finalist_runs/C4_A2_ecc003_satmain_seed1337/best_model_primary_ood.pth | overall=89.95% strict_udu=85.11%
[BEST-WORST-RX] worst_rx=84.54% (test_rx_8) @ E115 -> finalist_runs/C4_A2_ecc003_satmain_seed1337/best_model_worst_rx.pth
====================================================================================================================================
[Epoch 174/200] time=85.7s | lr=9.18e-06 | aux_scale=1.000
[STAGE] phase=S3_refine_aux_late_stable | use_aux=1.0 cons=0.45 cls_aux=0.25 reg=0.25 joint_inv=0.08 kl=0.16 group_ce=0.80
[MIXSTYLE-EPOCH] phase=late_anneal enabled=1 p=0.050 strength=0.350 anneal_t=1.000
[AUG] scale=0.200 | p_dac=0.000 p_pa=0.028 p_shift=0.070 p_cfo=0.070 p_awgn=0.080 p_mp=0.036 | max_shift=6 cfo_max=8e-05 pn_max=0.0012
------------------------------------------------------------------------------------------------------------------------------------
[LOSS-CORE] total=2.1603 cls=0.5586 dom=0.1681 adv=2.6249 orth=0.0031 cons=0.1374 group_ce=1.1103
[LOSS-AUX]  cls_pa=0.8554 cls_dac=0.0000 pa_joint_inv=0.1909 pa_kl=0.6938 dac_reg=0.0000 pa_reg=0.0143 gap_dac=0.0000 gap_pa=0.2815 cos_joint_pa=0.8091 cos_imp_pa=nan
[LOSS-SAT]  cls_sat=9.0440 sat_cons=0.7178 sat_cos=0.2822
[LOSS-DG]   proto=0.0000 proto_cos=nan supcon=0.0000 fishr=0.0006 sgc_res=0.0000
[LOSS-CAL]  ecc=0.0000 ecc_w=0.0000 ecc_tau=0.9500 ecc_maxp=nan
[TRAIN] tx=95.76% dom=93.55% cons_cos=0.8626
[GRAD]  total=1.437 backbone=1.000 aux=0.750 domain=0.336
[VAL]   tx=99.01% dom=95.94%
[TEST]  overall_tx=89.60% (182779/204000)
[TEST-SPLIT]
          unseen_day_seen_rx(days=['2021_03_15', '2021_03_23'], rxs=[0, 1, 2, 3, 4, 5, 6]): tx=93.21% (78296/84000)
          seen_day_unseen_rx(days=['2021_03_01', '2021_03_08'], rxs=[7, 8, 9, 10, 11]): tx=89.47% (53683/60000)
          unseen_day_unseen_rx(days=['2021_03_15', '2021_03_23'], rxs=[7, 8, 9, 10, 11]): tx=84.67% (50800/60000)
          day=2021_03_15 on seen_rxs=[0, 1, 2, 3, 4, 5, 6]: tx=95.03% (39914/42000)
          day=2021_03_23 on seen_rxs=[0, 1, 2, 3, 4, 5, 6]: tx=91.39% (38382/42000)
          rx=7 on seen_days=['2021_03_01', '2021_03_08']: tx=83.69% (10043/12000)
          rx=8 on seen_days=['2021_03_01', '2021_03_08']: tx=84.47% (10137/12000)
          rx=9 on seen_days=['2021_03_01', '2021_03_08']: tx=91.25% (10950/12000)
          rx=10 on seen_days=['2021_03_01', '2021_03_08']: tx=92.95% (11154/12000)
          rx=11 on seen_days=['2021_03_01', '2021_03_08']: tx=94.99% (11399/12000)
[BEST-JOINT]  val_tx=99.08% & test_tx=89.48% @ E173
[CKPT]  latest -> finalist_runs/C4_A2_ecc003_satmain_seed1337/latest_model.pth (saved) | best -> finalist_runs/C4_A2_ecc003_satmain_seed1337/best_model_val.pth
====================================================================================================================================
[SAT-TEST] scenario=clear_leo selected=test_unseen_day_unseen_rx overall_tx=43.72% strict_udu=43.72% (26231/60000)
[SAT-TEST] scenario=low_elev_leo selected=test_unseen_day_unseen_rx overall_tx=43.88% strict_udu=43.88% (26330/60000)
[SAT-TEST] scenario=rain_leo selected=test_unseen_day_unseen_rx overall_tx=41.93% strict_udu=41.93% (25160/60000)
[SAT-TEST] scenario=storm_mp selected=test_unseen_day_unseen_rx overall_tx=37.94% strict_udu=37.94% (22766/60000)
[SAT-TEST] scenario=mixed_orbit selected=test_unseen_day_unseen_rx overall_tx=40.16% strict_udu=40.16% (24095/60000)
[BEST-TEST] overall=89.98% @ E114 -> finalist_runs/C4_A2_ecc003_satmain_seed1337/best_model_test_overall.pth | unseen_day_unseen_rx=85.11% @ E096 -> finalist_runs/C4_A2_ecc003_satmain_seed1337/best_model_strict_udu.pth | unseen_day_seen_rx=93.84% @ E043 | seen_day_unseen_rx=90.42% @ E114
[BEST-PRIMARY] score=86.81 @ E096 -> finalist_runs/C4_A2_ecc003_satmain_seed1337/best_model_primary_ood.pth | overall=89.95% strict_udu=85.11%
[BEST-WORST-RX] worst_rx=84.54% (test_rx_8) @ E115 -> finalist_runs/C4_A2_ecc003_satmain_seed1337/best_model_worst_rx.pth
====================================================================================================================================
[Epoch 175/200] time=85.2s | lr=8.57e-06 | aux_scale=1.000
[STAGE] phase=S3_refine_aux_late_stable | use_aux=1.0 cons=0.45 cls_aux=0.25 reg=0.25 joint_inv=0.08 kl=0.16 group_ce=0.80
[MIXSTYLE-EPOCH] phase=late_anneal enabled=1 p=0.050 strength=0.350 anneal_t=1.000
[AUG] scale=0.200 | p_dac=0.000 p_pa=0.028 p_shift=0.070 p_cfo=0.070 p_awgn=0.080 p_mp=0.036 | max_shift=6 cfo_max=8e-05 pn_max=0.0012
------------------------------------------------------------------------------------------------------------------------------------
[LOSS-CORE] total=2.4551 cls=0.7826 dom=0.2102 adv=2.6230 orth=0.0030 cons=0.1432 group_ce=1.4107
[LOSS-AUX]  cls_pa=0.8598 cls_dac=0.0000 pa_joint_inv=0.1925 pa_kl=0.6961 dac_reg=0.0000 pa_reg=0.0143 gap_dac=0.0000 gap_pa=0.2838 cos_joint_pa=0.8075 cos_imp_pa=nan
[LOSS-SAT]  cls_sat=9.1409 sat_cons=0.7195 sat_cos=0.2805
[LOSS-DG]   proto=0.0000 proto_cos=nan supcon=0.0000 fishr=0.0008 sgc_res=0.0000
[LOSS-CAL]  ecc=0.0000 ecc_w=0.0000 ecc_tau=0.9500 ecc_maxp=nan
[TRAIN] tx=93.94% dom=92.13% cons_cos=0.8568
[GRAD]  total=1.447 backbone=1.000 aux=0.750 domain=0.337
[VAL]   tx=99.04% dom=95.78%
[TEST]  overall_tx=89.80% (183188/204000)
[TEST-SPLIT]
          unseen_day_seen_rx(days=['2021_03_15', '2021_03_23'], rxs=[0, 1, 2, 3, 4, 5, 6]): tx=93.30% (78375/84000)
          seen_day_unseen_rx(days=['2021_03_01', '2021_03_08'], rxs=[7, 8, 9, 10, 11]): tx=89.80% (53877/60000)
          unseen_day_unseen_rx(days=['2021_03_15', '2021_03_23'], rxs=[7, 8, 9, 10, 11]): tx=84.89% (50936/60000)
          day=2021_03_15 on seen_rxs=[0, 1, 2, 3, 4, 5, 6]: tx=95.56% (40137/42000)
          day=2021_03_23 on seen_rxs=[0, 1, 2, 3, 4, 5, 6]: tx=91.04% (38238/42000)
          rx=7 on seen_days=['2021_03_01', '2021_03_08']: tx=84.00% (10080/12000)
          rx=8 on seen_days=['2021_03_01', '2021_03_08']: tx=84.65% (10158/12000)
          rx=9 on seen_days=['2021_03_01', '2021_03_08']: tx=91.83% (11019/12000)
          rx=10 on seen_days=['2021_03_01', '2021_03_08']: tx=92.75% (11130/12000)
          rx=11 on seen_days=['2021_03_01', '2021_03_08']: tx=95.75% (11490/12000)
[BEST-JOINT]  val_tx=99.08% & test_tx=89.48% @ E173
[CKPT]  latest -> finalist_runs/C4_A2_ecc003_satmain_seed1337/latest_model.pth (saved) | best -> finalist_runs/C4_A2_ecc003_satmain_seed1337/best_model_val.pth
====================================================================================================================================
[SAT-TEST] scenario=clear_leo selected=test_unseen_day_unseen_rx overall_tx=44.12% strict_udu=44.12% (26473/60000)
[SAT-TEST] scenario=low_elev_leo selected=test_unseen_day_unseen_rx overall_tx=44.18% strict_udu=44.18% (26509/60000)
[SAT-TEST] scenario=rain_leo selected=test_unseen_day_unseen_rx overall_tx=42.26% strict_udu=42.26% (25354/60000)
[SAT-TEST] scenario=storm_mp selected=test_unseen_day_unseen_rx overall_tx=38.19% strict_udu=38.19% (22914/60000)
[SAT-TEST] scenario=mixed_orbit selected=test_unseen_day_unseen_rx overall_tx=40.63% strict_udu=40.63% (24377/60000)
[BEST-TEST] overall=89.98% @ E114 -> finalist_runs/C4_A2_ecc003_satmain_seed1337/best_model_test_overall.pth | unseen_day_unseen_rx=85.11% @ E096 -> finalist_runs/C4_A2_ecc003_satmain_seed1337/best_model_strict_udu.pth | unseen_day_seen_rx=93.84% @ E043 | seen_day_unseen_rx=90.42% @ E114
[BEST-PRIMARY] score=86.81 @ E096 -> finalist_runs/C4_A2_ecc003_satmain_seed1337/best_model_primary_ood.pth | overall=89.95% strict_udu=85.11%
[BEST-WORST-RX] worst_rx=84.54% (test_rx_8) @ E115 -> finalist_runs/C4_A2_ecc003_satmain_seed1337/best_model_worst_rx.pth
====================================================================================================================================
[Epoch 176/200] time=86.5s | lr=7.99e-06 | aux_scale=1.000
[STAGE] phase=S3_refine_aux_late_stable | use_aux=1.0 cons=0.45 cls_aux=0.25 reg=0.25 joint_inv=0.08 kl=0.16 group_ce=0.80
[MIXSTYLE-EPOCH] phase=late_anneal enabled=1 p=0.050 strength=0.350 anneal_t=1.000
[AUG] scale=0.200 | p_dac=0.000 p_pa=0.028 p_shift=0.070 p_cfo=0.070 p_awgn=0.080 p_mp=0.036 | max_shift=6 cfo_max=8e-05 pn_max=0.0012
------------------------------------------------------------------------------------------------------------------------------------
[LOSS-CORE] total=2.6529 cls=0.9399 dom=0.2360 adv=2.6208 orth=0.0029 cons=0.1548 group_ce=1.6734
[LOSS-AUX]  cls_pa=0.8299 cls_dac=0.0000 pa_joint_inv=0.1893 pa_kl=0.6723 dac_reg=0.0000 pa_reg=0.0146 gap_dac=0.0000 gap_pa=0.2757 cos_joint_pa=0.8107 cos_imp_pa=nan
[LOSS-SAT]  cls_sat=9.0547 sat_cons=0.7137 sat_cos=0.2863
[LOSS-DG]   proto=0.0000 proto_cos=nan supcon=0.0000 fishr=0.0010 sgc_res=0.0000
[LOSS-CAL]  ecc=0.0000 ecc_w=0.0000 ecc_tau=0.9500 ecc_maxp=nan
[TRAIN] tx=92.21% dom=91.05% cons_cos=0.8452
[GRAD]  total=1.477 backbone=1.000 aux=0.750 domain=0.342
[VAL]   tx=99.02% dom=95.74%
[TEST]  overall_tx=89.62% (182815/204000)
[TEST-SPLIT]
          unseen_day_seen_rx(days=['2021_03_15', '2021_03_23'], rxs=[0, 1, 2, 3, 4, 5, 6]): tx=93.17% (78259/84000)
          seen_day_unseen_rx(days=['2021_03_01', '2021_03_08'], rxs=[7, 8, 9, 10, 11]): tx=89.57% (53742/60000)
          unseen_day_unseen_rx(days=['2021_03_15', '2021_03_23'], rxs=[7, 8, 9, 10, 11]): tx=84.69% (50814/60000)
          day=2021_03_15 on seen_rxs=[0, 1, 2, 3, 4, 5, 6]: tx=95.55% (40129/42000)
          day=2021_03_23 on seen_rxs=[0, 1, 2, 3, 4, 5, 6]: tx=90.79% (38130/42000)
          rx=7 on seen_days=['2021_03_01', '2021_03_08']: tx=83.64% (10037/12000)
          rx=8 on seen_days=['2021_03_01', '2021_03_08']: tx=84.65% (10158/12000)
          rx=9 on seen_days=['2021_03_01', '2021_03_08']: tx=91.74% (11009/12000)
          rx=10 on seen_days=['2021_03_01', '2021_03_08']: tx=92.71% (11125/12000)
          rx=11 on seen_days=['2021_03_01', '2021_03_08']: tx=95.11% (11413/12000)
[BEST-JOINT]  val_tx=99.08% & test_tx=89.48% @ E173
[CKPT]  latest -> finalist_runs/C4_A2_ecc003_satmain_seed1337/latest_model.pth (saved) | best -> finalist_runs/C4_A2_ecc003_satmain_seed1337/best_model_val.pth
====================================================================================================================================
[SAT-TEST] scenario=clear_leo selected=test_unseen_day_unseen_rx overall_tx=44.23% strict_udu=44.23% (26538/60000)
[SAT-TEST] scenario=low_elev_leo selected=test_unseen_day_unseen_rx overall_tx=44.45% strict_udu=44.45% (26672/60000)
[SAT-TEST] scenario=rain_leo selected=test_unseen_day_unseen_rx overall_tx=42.33% strict_udu=42.33% (25395/60000)
[SAT-TEST] scenario=storm_mp selected=test_unseen_day_unseen_rx overall_tx=38.23% strict_udu=38.23% (22936/60000)
[SAT-TEST] scenario=mixed_orbit selected=test_unseen_day_unseen_rx overall_tx=40.54% strict_udu=40.54% (24323/60000)
[BEST-TEST] overall=89.98% @ E114 -> finalist_runs/C4_A2_ecc003_satmain_seed1337/best_model_test_overall.pth | unseen_day_unseen_rx=85.11% @ E096 -> finalist_runs/C4_A2_ecc003_satmain_seed1337/best_model_strict_udu.pth | unseen_day_seen_rx=93.84% @ E043 | seen_day_unseen_rx=90.42% @ E114
[BEST-PRIMARY] score=86.81 @ E096 -> finalist_runs/C4_A2_ecc003_satmain_seed1337/best_model_primary_ood.pth | overall=89.95% strict_udu=85.11%
[BEST-WORST-RX] worst_rx=84.54% (test_rx_8) @ E115 -> finalist_runs/C4_A2_ecc003_satmain_seed1337/best_model_worst_rx.pth
[WARN][E177] unsafe backward/step skipped #11
[WARN][E177] unsafe backward/step skipped #12
====================================================================================================================================
[Epoch 177/200] time=86.0s | lr=7.42e-06 | aux_scale=1.000
[STAGE] phase=S3_refine_aux_late_stable | use_aux=1.0 cons=0.45 cls_aux=0.25 reg=0.25 joint_inv=0.08 kl=0.16 group_ce=0.80
[MIXSTYLE-EPOCH] phase=late_anneal enabled=1 p=0.050 strength=0.350 anneal_t=1.000
[AUG] scale=0.200 | p_dac=0.000 p_pa=0.028 p_shift=0.070 p_cfo=0.070 p_awgn=0.080 p_mp=0.036 | max_shift=6 cfo_max=8e-05 pn_max=0.0012
------------------------------------------------------------------------------------------------------------------------------------
[LOSS-CORE] total=2.9073 cls=1.1334 dom=0.2809 adv=2.6241 orth=0.0028 cons=0.1573 group_ce=1.9293
[LOSS-AUX]  cls_pa=0.8150 cls_dac=0.0000 pa_joint_inv=0.1902 pa_kl=0.6560 dac_reg=0.0000 pa_reg=0.0141 gap_dac=0.0000 gap_pa=0.2820 cos_joint_pa=0.8098 cos_imp_pa=nan
[LOSS-SAT]  cls_sat=8.9628 sat_cons=0.6994 sat_cos=0.3006
[LOSS-DG]   proto=0.0000 proto_cos=nan supcon=0.0000 fishr=0.0012 sgc_res=0.0000
[LOSS-CAL]  ecc=0.0000 ecc_w=0.0000 ecc_tau=0.9500 ecc_maxp=nan
[TRAIN] tx=91.13% dom=88.50% cons_cos=0.8356
[GRAD]  total=1.652 backbone=1.000 aux=0.750 domain=0.359
[VAL]   tx=99.07% dom=95.87%
[TEST]  overall_tx=89.65% (182895/204000)
[TEST-SPLIT]
          unseen_day_seen_rx(days=['2021_03_15', '2021_03_23'], rxs=[0, 1, 2, 3, 4, 5, 6]): tx=93.08% (78189/84000)
          seen_day_unseen_rx(days=['2021_03_01', '2021_03_08'], rxs=[7, 8, 9, 10, 11]): tx=89.62% (53774/60000)
          unseen_day_unseen_rx(days=['2021_03_15', '2021_03_23'], rxs=[7, 8, 9, 10, 11]): tx=84.89% (50932/60000)
          day=2021_03_15 on seen_rxs=[0, 1, 2, 3, 4, 5, 6]: tx=95.37% (40056/42000)
          day=2021_03_23 on seen_rxs=[0, 1, 2, 3, 4, 5, 6]: tx=90.79% (38133/42000)
          rx=7 on seen_days=['2021_03_01', '2021_03_08']: tx=82.93% (9952/12000)
          rx=8 on seen_days=['2021_03_01', '2021_03_08']: tx=84.53% (10144/12000)
          rx=9 on seen_days=['2021_03_01', '2021_03_08']: tx=91.96% (11035/12000)
          rx=10 on seen_days=['2021_03_01', '2021_03_08']: tx=92.44% (11093/12000)
          rx=11 on seen_days=['2021_03_01', '2021_03_08']: tx=96.25% (11550/12000)
[BEST-JOINT]  val_tx=99.08% & test_tx=89.48% @ E173
[CKPT]  latest -> finalist_runs/C4_A2_ecc003_satmain_seed1337/latest_model.pth (saved) | best -> finalist_runs/C4_A2_ecc003_satmain_seed1337/best_model_val.pth
====================================================================================================================================
[SAT-TEST] scenario=clear_leo selected=test_unseen_day_unseen_rx overall_tx=44.09% strict_udu=44.09% (26453/60000)
[SAT-TEST] scenario=low_elev_leo selected=test_unseen_day_unseen_rx overall_tx=44.40% strict_udu=44.40% (26642/60000)
[SAT-TEST] scenario=rain_leo selected=test_unseen_day_unseen_rx overall_tx=42.19% strict_udu=42.19% (25314/60000)
[SAT-TEST] scenario=storm_mp selected=test_unseen_day_unseen_rx overall_tx=38.19% strict_udu=38.19% (22911/60000)
[SAT-TEST] scenario=mixed_orbit selected=test_unseen_day_unseen_rx overall_tx=40.84% strict_udu=40.84% (24503/60000)
[BEST-TEST] overall=89.98% @ E114 -> finalist_runs/C4_A2_ecc003_satmain_seed1337/best_model_test_overall.pth | unseen_day_unseen_rx=85.11% @ E096 -> finalist_runs/C4_A2_ecc003_satmain_seed1337/best_model_strict_udu.pth | unseen_day_seen_rx=93.84% @ E043 | seen_day_unseen_rx=90.42% @ E114
[BEST-PRIMARY] score=86.81 @ E096 -> finalist_runs/C4_A2_ecc003_satmain_seed1337/best_model_primary_ood.pth | overall=89.95% strict_udu=85.11%
[BEST-WORST-RX] worst_rx=84.54% (test_rx_8) @ E115 -> finalist_runs/C4_A2_ecc003_satmain_seed1337/best_model_worst_rx.pth
====================================================================================================================================
[Epoch 178/200] time=86.3s | lr=6.88e-06 | aux_scale=1.000
[STAGE] phase=S3_refine_aux_late_stable | use_aux=1.0 cons=0.45 cls_aux=0.25 reg=0.25 joint_inv=0.08 kl=0.16 group_ce=0.80
[MIXSTYLE-EPOCH] phase=late_anneal enabled=1 p=0.050 strength=0.350 anneal_t=1.000
[AUG] scale=0.200 | p_dac=0.000 p_pa=0.028 p_shift=0.070 p_cfo=0.070 p_awgn=0.080 p_mp=0.036 | max_shift=6 cfo_max=8e-05 pn_max=0.0012
------------------------------------------------------------------------------------------------------------------------------------
[LOSS-CORE] total=2.1391 cls=0.5573 dom=0.1566 adv=2.6224 orth=0.0029 cons=0.1377 group_ce=1.1184
[LOSS-AUX]  cls_pa=0.7913 cls_dac=0.0000 pa_joint_inv=0.1908 pa_kl=0.6350 dac_reg=0.0000 pa_reg=0.0142 gap_dac=0.0000 gap_pa=0.2805 cos_joint_pa=0.8092 cos_imp_pa=nan
[LOSS-SAT]  cls_sat=8.9464 sat_cons=0.7163 sat_cos=0.2837
[LOSS-DG]   proto=0.0000 proto_cos=nan supcon=0.0000 fishr=0.0006 sgc_res=0.0000
[LOSS-CAL]  ecc=0.0000 ecc_w=0.0000 ecc_tau=0.9500 ecc_maxp=nan
[TRAIN] tx=95.88% dom=93.94% cons_cos=0.8623
[GRAD]  total=1.446 backbone=1.000 aux=0.750 domain=0.333
[VAL]   tx=99.04% dom=95.92%
[TEST]  overall_tx=89.42% (182413/204000)
[TEST-SPLIT]
          unseen_day_seen_rx(days=['2021_03_15', '2021_03_23'], rxs=[0, 1, 2, 3, 4, 5, 6]): tx=93.06% (78173/84000)
          seen_day_unseen_rx(days=['2021_03_01', '2021_03_08'], rxs=[7, 8, 9, 10, 11]): tx=89.11% (53467/60000)
          unseen_day_unseen_rx(days=['2021_03_15', '2021_03_23'], rxs=[7, 8, 9, 10, 11]): tx=84.62% (50773/60000)
          day=2021_03_15 on seen_rxs=[0, 1, 2, 3, 4, 5, 6]: tx=94.93% (39870/42000)
          day=2021_03_23 on seen_rxs=[0, 1, 2, 3, 4, 5, 6]: tx=91.20% (38303/42000)
          rx=7 on seen_days=['2021_03_01', '2021_03_08']: tx=82.72% (9926/12000)
          rx=8 on seen_days=['2021_03_01', '2021_03_08']: tx=83.84% (10061/12000)
          rx=9 on seen_days=['2021_03_01', '2021_03_08']: tx=91.35% (10962/12000)
          rx=10 on seen_days=['2021_03_01', '2021_03_08']: tx=92.37% (11084/12000)
          rx=11 on seen_days=['2021_03_01', '2021_03_08']: tx=95.28% (11434/12000)
[BEST-JOINT]  val_tx=99.08% & test_tx=89.48% @ E173
[CKPT]  latest -> finalist_runs/C4_A2_ecc003_satmain_seed1337/latest_model.pth (saved) | best -> finalist_runs/C4_A2_ecc003_satmain_seed1337/best_model_val.pth
====================================================================================================================================
[SAT-TEST] scenario=clear_leo selected=test_unseen_day_unseen_rx overall_tx=43.64% strict_udu=43.64% (26185/60000)
[SAT-TEST] scenario=low_elev_leo selected=test_unseen_day_unseen_rx overall_tx=43.80% strict_udu=43.80% (26283/60000)
[SAT-TEST] scenario=rain_leo selected=test_unseen_day_unseen_rx overall_tx=41.75% strict_udu=41.75% (25052/60000)
[SAT-TEST] scenario=storm_mp selected=test_unseen_day_unseen_rx overall_tx=38.01% strict_udu=38.01% (22807/60000)
[SAT-TEST] scenario=mixed_orbit selected=test_unseen_day_unseen_rx overall_tx=40.34% strict_udu=40.34% (24202/60000)
[BEST-TEST] overall=89.98% @ E114 -> finalist_runs/C4_A2_ecc003_satmain_seed1337/best_model_test_overall.pth | unseen_day_unseen_rx=85.11% @ E096 -> finalist_runs/C4_A2_ecc003_satmain_seed1337/best_model_strict_udu.pth | unseen_day_seen_rx=93.84% @ E043 | seen_day_unseen_rx=90.42% @ E114
[BEST-PRIMARY] score=86.81 @ E096 -> finalist_runs/C4_A2_ecc003_satmain_seed1337/best_model_primary_ood.pth | overall=89.95% strict_udu=85.11%
[BEST-WORST-RX] worst_rx=84.54% (test_rx_8) @ E115 -> finalist_runs/C4_A2_ecc003_satmain_seed1337/best_model_worst_rx.pth
====================================================================================================================================
[Epoch 179/200] time=84.7s | lr=6.36e-06 | aux_scale=1.000
[STAGE] phase=S3_refine_aux_late_stable | use_aux=1.0 cons=0.45 cls_aux=0.25 reg=0.25 joint_inv=0.08 kl=0.16 group_ce=0.80
[MIXSTYLE-EPOCH] phase=late_anneal enabled=1 p=0.050 strength=0.350 anneal_t=1.000
[AUG] scale=0.200 | p_dac=0.000 p_pa=0.028 p_shift=0.070 p_cfo=0.070 p_awgn=0.080 p_mp=0.036 | max_shift=6 cfo_max=8e-05 pn_max=0.0012
------------------------------------------------------------------------------------------------------------------------------------
[LOSS-CORE] total=2.1291 cls=0.5414 dom=0.1681 adv=2.6255 orth=0.0028 cons=0.1351 group_ce=1.0455
[LOSS-AUX]  cls_pa=0.8038 cls_dac=0.0000 pa_joint_inv=0.1905 pa_kl=0.6471 dac_reg=0.0000 pa_reg=0.0141 gap_dac=0.0000 gap_pa=0.2860 cos_joint_pa=0.8095 cos_imp_pa=nan
[LOSS-SAT]  cls_sat=8.9239 sat_cons=0.7130 sat_cos=0.2870
[LOSS-DG]   proto=0.0000 proto_cos=nan supcon=0.0000 fishr=0.0006 sgc_res=0.0000
[LOSS-CAL]  ecc=0.0000 ecc_w=0.0000 ecc_tau=0.9500 ecc_maxp=nan
[TRAIN] tx=95.94% dom=93.50% cons_cos=0.8649
[GRAD]  total=1.457 backbone=1.000 aux=0.750 domain=0.328
[VAL]   tx=99.04% dom=95.90%
[TEST]  overall_tx=89.62% (182824/204000)
[TEST-SPLIT]
          unseen_day_seen_rx(days=['2021_03_15', '2021_03_23'], rxs=[0, 1, 2, 3, 4, 5, 6]): tx=93.25% (78329/84000)
          seen_day_unseen_rx(days=['2021_03_01', '2021_03_08'], rxs=[7, 8, 9, 10, 11]): tx=89.57% (53740/60000)
          unseen_day_unseen_rx(days=['2021_03_15', '2021_03_23'], rxs=[7, 8, 9, 10, 11]): tx=84.59% (50755/60000)
          day=2021_03_15 on seen_rxs=[0, 1, 2, 3, 4, 5, 6]: tx=95.43% (40081/42000)
          day=2021_03_23 on seen_rxs=[0, 1, 2, 3, 4, 5, 6]: tx=91.07% (38248/42000)
          rx=7 on seen_days=['2021_03_01', '2021_03_08']: tx=83.93% (10072/12000)
          rx=8 on seen_days=['2021_03_01', '2021_03_08']: tx=84.36% (10123/12000)
          rx=9 on seen_days=['2021_03_01', '2021_03_08']: tx=91.61% (10993/12000)
          rx=10 on seen_days=['2021_03_01', '2021_03_08']: tx=92.75% (11130/12000)
          rx=11 on seen_days=['2021_03_01', '2021_03_08']: tx=95.18% (11422/12000)
[BEST-JOINT]  val_tx=99.08% & test_tx=89.48% @ E173
[CKPT]  latest -> finalist_runs/C4_A2_ecc003_satmain_seed1337/latest_model.pth (saved) | best -> finalist_runs/C4_A2_ecc003_satmain_seed1337/best_model_val.pth
====================================================================================================================================
[SAT-TEST] scenario=clear_leo selected=test_unseen_day_unseen_rx overall_tx=44.20% strict_udu=44.20% (26523/60000)
[SAT-TEST] scenario=low_elev_leo selected=test_unseen_day_unseen_rx overall_tx=44.32% strict_udu=44.32% (26590/60000)
[SAT-TEST] scenario=rain_leo selected=test_unseen_day_unseen_rx overall_tx=42.18% strict_udu=42.18% (25306/60000)
[SAT-TEST] scenario=storm_mp selected=test_unseen_day_unseen_rx overall_tx=38.26% strict_udu=38.26% (22954/60000)
[SAT-TEST] scenario=mixed_orbit selected=test_unseen_day_unseen_rx overall_tx=40.63% strict_udu=40.63% (24377/60000)
[BEST-TEST] overall=89.98% @ E114 -> finalist_runs/C4_A2_ecc003_satmain_seed1337/best_model_test_overall.pth | unseen_day_unseen_rx=85.11% @ E096 -> finalist_runs/C4_A2_ecc003_satmain_seed1337/best_model_strict_udu.pth | unseen_day_seen_rx=93.84% @ E043 | seen_day_unseen_rx=90.42% @ E114
[BEST-PRIMARY] score=86.81 @ E096 -> finalist_runs/C4_A2_ecc003_satmain_seed1337/best_model_primary_ood.pth | overall=89.95% strict_udu=85.11%
[BEST-WORST-RX] worst_rx=84.54% (test_rx_8) @ E115 -> finalist_runs/C4_A2_ecc003_satmain_seed1337/best_model_worst_rx.pth
====================================================================================================================================
[Epoch 180/200] time=84.2s | lr=5.87e-06 | aux_scale=1.000
[STAGE] phase=S3_refine_aux_late_stable | use_aux=1.0 cons=0.45 cls_aux=0.25 reg=0.25 joint_inv=0.08 kl=0.16 group_ce=0.80
[MIXSTYLE-EPOCH] phase=late_anneal enabled=1 p=0.050 strength=0.350 anneal_t=1.000
[AUG] scale=0.200 | p_dac=0.000 p_pa=0.028 p_shift=0.070 p_cfo=0.070 p_awgn=0.080 p_mp=0.036 | max_shift=6 cfo_max=8e-05 pn_max=0.0012
------------------------------------------------------------------------------------------------------------------------------------
[LOSS-CORE] total=2.2152 cls=0.6089 dom=0.1687 adv=2.6231 orth=0.0029 cons=0.1405 group_ce=1.2044
[LOSS-AUX]  cls_pa=0.8036 cls_dac=0.0000 pa_joint_inv=0.1883 pa_kl=0.6409 dac_reg=0.0000 pa_reg=0.0145 gap_dac=0.0000 gap_pa=0.2771 cos_joint_pa=0.8117 cos_imp_pa=nan
[LOSS-SAT]  cls_sat=9.0368 sat_cons=0.7202 sat_cos=0.2798
[LOSS-DG]   proto=0.0000 proto_cos=nan supcon=0.0000 fishr=0.0006 sgc_res=0.0000
[LOSS-CAL]  ecc=0.0000 ecc_w=0.0000 ecc_tau=0.9500 ecc_maxp=nan
[TRAIN] tx=95.44% dom=93.50% cons_cos=0.8595
[GRAD]  total=1.462 backbone=1.000 aux=0.748 domain=0.331
[VAL]   tx=98.98% dom=95.84%
[TEST]  overall_tx=89.53% (182644/204000)
[TEST-SPLIT]
          unseen_day_seen_rx(days=['2021_03_15', '2021_03_23'], rxs=[0, 1, 2, 3, 4, 5, 6]): tx=93.26% (78342/84000)
          seen_day_unseen_rx(days=['2021_03_01', '2021_03_08'], rxs=[7, 8, 9, 10, 11]): tx=89.43% (53657/60000)
          unseen_day_unseen_rx(days=['2021_03_15', '2021_03_23'], rxs=[7, 8, 9, 10, 11]): tx=84.41% (50645/60000)
          day=2021_03_15 on seen_rxs=[0, 1, 2, 3, 4, 5, 6]: tx=95.48% (40101/42000)
          day=2021_03_23 on seen_rxs=[0, 1, 2, 3, 4, 5, 6]: tx=91.05% (38241/42000)
          rx=7 on seen_days=['2021_03_01', '2021_03_08']: tx=83.88% (10066/12000)
          rx=8 on seen_days=['2021_03_01', '2021_03_08']: tx=83.99% (10079/12000)
          rx=9 on seen_days=['2021_03_01', '2021_03_08']: tx=91.53% (10983/12000)
          rx=10 on seen_days=['2021_03_01', '2021_03_08']: tx=92.75% (11130/12000)
          rx=11 on seen_days=['2021_03_01', '2021_03_08']: tx=94.99% (11399/12000)
[BEST-JOINT]  val_tx=99.08% & test_tx=89.48% @ E173
[CKPT]  latest -> finalist_runs/C4_A2_ecc003_satmain_seed1337/latest_model.pth (saved) | best -> finalist_runs/C4_A2_ecc003_satmain_seed1337/best_model_val.pth
====================================================================================================================================
[SAT-TEST] scenario=clear_leo selected=test_unseen_day_unseen_rx overall_tx=44.48% strict_udu=44.48% (26689/60000)
[SAT-TEST] scenario=low_elev_leo selected=test_unseen_day_unseen_rx overall_tx=44.69% strict_udu=44.69% (26812/60000)
[SAT-TEST] scenario=rain_leo selected=test_unseen_day_unseen_rx overall_tx=42.51% strict_udu=42.51% (25508/60000)
[SAT-TEST] scenario=storm_mp selected=test_unseen_day_unseen_rx overall_tx=38.44% strict_udu=38.44% (23062/60000)
[SAT-TEST] scenario=mixed_orbit selected=test_unseen_day_unseen_rx overall_tx=40.79% strict_udu=40.79% (24473/60000)
[BEST-TEST] overall=89.98% @ E114 -> finalist_runs/C4_A2_ecc003_satmain_seed1337/best_model_test_overall.pth | unseen_day_unseen_rx=85.11% @ E096 -> finalist_runs/C4_A2_ecc003_satmain_seed1337/best_model_strict_udu.pth | unseen_day_seen_rx=93.84% @ E043 | seen_day_unseen_rx=90.42% @ E114
[BEST-PRIMARY] score=86.81 @ E096 -> finalist_runs/C4_A2_ecc003_satmain_seed1337/best_model_primary_ood.pth | overall=89.95% strict_udu=85.11%
[BEST-WORST-RX] worst_rx=84.54% (test_rx_8) @ E115 -> finalist_runs/C4_A2_ecc003_satmain_seed1337/best_model_worst_rx.pth
====================================================================================================================================
[Epoch 181/200] time=84.9s | lr=5.40e-06 | aux_scale=1.000
[STAGE] phase=S3_refine_aux_late_stable | use_aux=1.0 cons=0.45 cls_aux=0.25 reg=0.25 joint_inv=0.08 kl=0.16 group_ce=0.80
[MIXSTYLE-EPOCH] phase=late_anneal enabled=1 p=0.050 strength=0.350 anneal_t=1.000
[AUG] scale=0.200 | p_dac=0.000 p_pa=0.028 p_shift=0.070 p_cfo=0.070 p_awgn=0.080 p_mp=0.036 | max_shift=6 cfo_max=8e-05 pn_max=0.0012
------------------------------------------------------------------------------------------------------------------------------------
[LOSS-CORE] total=2.2341 cls=0.6193 dom=0.1790 adv=2.6257 orth=0.0030 cons=0.1351 group_ce=1.1595
[LOSS-AUX]  cls_pa=0.8647 cls_dac=0.0000 pa_joint_inv=0.1909 pa_kl=0.6985 dac_reg=0.0000 pa_reg=0.0143 gap_dac=0.0000 gap_pa=0.2813 cos_joint_pa=0.8091 cos_imp_pa=nan
[LOSS-SAT]  cls_sat=8.9986 sat_cons=0.7140 sat_cos=0.2860
[LOSS-DG]   proto=0.0000 proto_cos=nan supcon=0.0000 fishr=0.0006 sgc_res=0.0000
[LOSS-CAL]  ecc=0.0000 ecc_w=0.0000 ecc_tau=0.9500 ecc_maxp=nan
[TRAIN] tx=95.46% dom=93.36% cons_cos=0.8649
[GRAD]  total=1.435 backbone=1.000 aux=0.750 domain=0.332
[VAL]   tx=99.03% dom=95.92%
[TEST]  overall_tx=89.57% (182730/204000)
[TEST-SPLIT]
          unseen_day_seen_rx(days=['2021_03_15', '2021_03_23'], rxs=[0, 1, 2, 3, 4, 5, 6]): tx=93.19% (78276/84000)
          seen_day_unseen_rx(days=['2021_03_01', '2021_03_08'], rxs=[7, 8, 9, 10, 11]): tx=89.60% (53760/60000)
          unseen_day_unseen_rx(days=['2021_03_15', '2021_03_23'], rxs=[7, 8, 9, 10, 11]): tx=84.49% (50694/60000)
          day=2021_03_15 on seen_rxs=[0, 1, 2, 3, 4, 5, 6]: tx=95.23% (39996/42000)
          day=2021_03_23 on seen_rxs=[0, 1, 2, 3, 4, 5, 6]: tx=91.14% (38280/42000)
          rx=7 on seen_days=['2021_03_01', '2021_03_08']: tx=84.44% (10133/12000)
          rx=8 on seen_days=['2021_03_01', '2021_03_08']: tx=84.29% (10115/12000)
          rx=9 on seen_days=['2021_03_01', '2021_03_08']: tx=91.47% (10976/12000)
          rx=10 on seen_days=['2021_03_01', '2021_03_08']: tx=92.97% (11157/12000)
          rx=11 on seen_days=['2021_03_01', '2021_03_08']: tx=94.83% (11379/12000)
[BEST-JOINT]  val_tx=99.08% & test_tx=89.48% @ E173
[CKPT]  latest -> finalist_runs/C4_A2_ecc003_satmain_seed1337/latest_model.pth (saved) | best -> finalist_runs/C4_A2_ecc003_satmain_seed1337/best_model_val.pth
====================================================================================================================================
[SAT-TEST] scenario=clear_leo selected=test_unseen_day_unseen_rx overall_tx=44.07% strict_udu=44.07% (26442/60000)
[SAT-TEST] scenario=low_elev_leo selected=test_unseen_day_unseen_rx overall_tx=44.20% strict_udu=44.20% (26518/60000)
[SAT-TEST] scenario=rain_leo selected=test_unseen_day_unseen_rx overall_tx=42.17% strict_udu=42.17% (25300/60000)
[SAT-TEST] scenario=storm_mp selected=test_unseen_day_unseen_rx overall_tx=38.20% strict_udu=38.20% (22922/60000)
[SAT-TEST] scenario=mixed_orbit selected=test_unseen_day_unseen_rx overall_tx=40.52% strict_udu=40.52% (24314/60000)
[BEST-TEST] overall=89.98% @ E114 -> finalist_runs/C4_A2_ecc003_satmain_seed1337/best_model_test_overall.pth | unseen_day_unseen_rx=85.11% @ E096 -> finalist_runs/C4_A2_ecc003_satmain_seed1337/best_model_strict_udu.pth | unseen_day_seen_rx=93.84% @ E043 | seen_day_unseen_rx=90.42% @ E114
[BEST-PRIMARY] score=86.81 @ E096 -> finalist_runs/C4_A2_ecc003_satmain_seed1337/best_model_primary_ood.pth | overall=89.95% strict_udu=85.11%
[BEST-WORST-RX] worst_rx=84.54% (test_rx_8) @ E115 -> finalist_runs/C4_A2_ecc003_satmain_seed1337/best_model_worst_rx.pth
====================================================================================================================================
[Epoch 182/200] time=84.7s | lr=4.95e-06 | aux_scale=1.000
[STAGE] phase=S3_refine_aux_late_stable | use_aux=1.0 cons=0.45 cls_aux=0.25 reg=0.25 joint_inv=0.08 kl=0.16 group_ce=0.80
[MIXSTYLE-EPOCH] phase=late_anneal enabled=1 p=0.050 strength=0.350 anneal_t=1.000
[AUG] scale=0.200 | p_dac=0.000 p_pa=0.028 p_shift=0.070 p_cfo=0.070 p_awgn=0.080 p_mp=0.036 | max_shift=6 cfo_max=8e-05 pn_max=0.0012
------------------------------------------------------------------------------------------------------------------------------------
[LOSS-CORE] total=2.4687 cls=0.8005 dom=0.2183 adv=2.6215 orth=0.0029 cons=0.1479 group_ce=1.4117
[LOSS-AUX]  cls_pa=0.7967 cls_dac=0.0000 pa_joint_inv=0.1872 pa_kl=0.6357 dac_reg=0.0000 pa_reg=0.0145 gap_dac=0.0000 gap_pa=0.2734 cos_joint_pa=0.8128 cos_imp_pa=nan
[LOSS-SAT]  cls_sat=8.9674 sat_cons=0.7118 sat_cos=0.2882
[LOSS-DG]   proto=0.0000 proto_cos=nan supcon=0.0000 fishr=0.0008 sgc_res=0.0000
[LOSS-CAL]  ecc=0.0000 ecc_w=0.0000 ecc_tau=0.9500 ecc_maxp=nan
[TRAIN] tx=93.80% dom=91.84% cons_cos=0.8521
[GRAD]  total=1.501 backbone=1.000 aux=0.750 domain=0.339
[VAL]   tx=99.03% dom=95.89%
[TEST]  overall_tx=89.52% (182619/204000)
[TEST-SPLIT]
          unseen_day_seen_rx(days=['2021_03_15', '2021_03_23'], rxs=[0, 1, 2, 3, 4, 5, 6]): tx=93.17% (78266/84000)
          seen_day_unseen_rx(days=['2021_03_01', '2021_03_08'], rxs=[7, 8, 9, 10, 11]): tx=89.48% (53691/60000)
          unseen_day_unseen_rx(days=['2021_03_15', '2021_03_23'], rxs=[7, 8, 9, 10, 11]): tx=84.44% (50662/60000)
          day=2021_03_15 on seen_rxs=[0, 1, 2, 3, 4, 5, 6]: tx=95.27% (40014/42000)
          day=2021_03_23 on seen_rxs=[0, 1, 2, 3, 4, 5, 6]: tx=91.08% (38252/42000)
          rx=7 on seen_days=['2021_03_01', '2021_03_08']: tx=84.08% (10089/12000)
          rx=8 on seen_days=['2021_03_01', '2021_03_08']: tx=84.18% (10102/12000)
          rx=9 on seen_days=['2021_03_01', '2021_03_08']: tx=91.63% (10996/12000)
          rx=10 on seen_days=['2021_03_01', '2021_03_08']: tx=92.99% (11159/12000)
          rx=11 on seen_days=['2021_03_01', '2021_03_08']: tx=94.54% (11345/12000)
[BEST-JOINT]  val_tx=99.08% & test_tx=89.48% @ E173
[CKPT]  latest -> finalist_runs/C4_A2_ecc003_satmain_seed1337/latest_model.pth (saved) | best -> finalist_runs/C4_A2_ecc003_satmain_seed1337/best_model_val.pth
====================================================================================================================================
[SAT-TEST] scenario=clear_leo selected=test_unseen_day_unseen_rx overall_tx=44.16% strict_udu=44.16% (26498/60000)
[SAT-TEST] scenario=low_elev_leo selected=test_unseen_day_unseen_rx overall_tx=44.35% strict_udu=44.35% (26611/60000)
[SAT-TEST] scenario=rain_leo selected=test_unseen_day_unseen_rx overall_tx=42.22% strict_udu=42.22% (25329/60000)
[SAT-TEST] scenario=storm_mp selected=test_unseen_day_unseen_rx overall_tx=38.26% strict_udu=38.26% (22958/60000)
[SAT-TEST] scenario=mixed_orbit selected=test_unseen_day_unseen_rx overall_tx=40.40% strict_udu=40.40% (24242/60000)
[BEST-TEST] overall=89.98% @ E114 -> finalist_runs/C4_A2_ecc003_satmain_seed1337/best_model_test_overall.pth | unseen_day_unseen_rx=85.11% @ E096 -> finalist_runs/C4_A2_ecc003_satmain_seed1337/best_model_strict_udu.pth | unseen_day_seen_rx=93.84% @ E043 | seen_day_unseen_rx=90.42% @ E114
[BEST-PRIMARY] score=86.81 @ E096 -> finalist_runs/C4_A2_ecc003_satmain_seed1337/best_model_primary_ood.pth | overall=89.95% strict_udu=85.11%
[BEST-WORST-RX] worst_rx=84.54% (test_rx_8) @ E115 -> finalist_runs/C4_A2_ecc003_satmain_seed1337/best_model_worst_rx.pth
====================================================================================================================================
[Epoch 183/200] time=86.1s | lr=4.53e-06 | aux_scale=1.000
[STAGE] phase=S3_refine_aux_late_stable | use_aux=1.0 cons=0.45 cls_aux=0.25 reg=0.25 joint_inv=0.08 kl=0.16 group_ce=0.80
[MIXSTYLE-EPOCH] phase=late_anneal enabled=1 p=0.050 strength=0.350 anneal_t=1.000
[AUG] scale=0.200 | p_dac=0.000 p_pa=0.028 p_shift=0.070 p_cfo=0.070 p_awgn=0.080 p_mp=0.036 | max_shift=6 cfo_max=8e-05 pn_max=0.0012
------------------------------------------------------------------------------------------------------------------------------------
[LOSS-CORE] total=2.2356 cls=0.6216 dom=0.1784 adv=2.6255 orth=0.0031 cons=0.1404 group_ce=1.1637
[LOSS-AUX]  cls_pa=0.8026 cls_dac=0.0000 pa_joint_inv=0.1905 pa_kl=0.6427 dac_reg=0.0000 pa_reg=0.0144 gap_dac=0.0000 gap_pa=0.2796 cos_joint_pa=0.8095 cos_imp_pa=nan
[LOSS-SAT]  cls_sat=9.0481 sat_cons=0.7200 sat_cos=0.2800
[LOSS-DG]   proto=0.0000 proto_cos=nan supcon=0.0000 fishr=0.0006 sgc_res=0.0000
[LOSS-CAL]  ecc=0.0000 ecc_w=0.0000 ecc_tau=0.9500 ecc_maxp=nan
[TRAIN] tx=95.43% dom=93.29% cons_cos=0.8596
[GRAD]  total=1.410 backbone=1.000 aux=0.750 domain=0.317
[VAL]   tx=99.06% dom=95.94%
[TEST]  overall_tx=89.55% (182682/204000)
[TEST-SPLIT]
          unseen_day_seen_rx(days=['2021_03_15', '2021_03_23'], rxs=[0, 1, 2, 3, 4, 5, 6]): tx=93.20% (78287/84000)
          seen_day_unseen_rx(days=['2021_03_01', '2021_03_08'], rxs=[7, 8, 9, 10, 11]): tx=89.47% (53683/60000)
          unseen_day_unseen_rx(days=['2021_03_15', '2021_03_23'], rxs=[7, 8, 9, 10, 11]): tx=84.52% (50712/60000)
          day=2021_03_15 on seen_rxs=[0, 1, 2, 3, 4, 5, 6]: tx=95.24% (40002/42000)
          day=2021_03_23 on seen_rxs=[0, 1, 2, 3, 4, 5, 6]: tx=91.15% (38285/42000)
          rx=7 on seen_days=['2021_03_01', '2021_03_08']: tx=84.09% (10091/12000)
          rx=8 on seen_days=['2021_03_01', '2021_03_08']: tx=83.99% (10079/12000)
          rx=9 on seen_days=['2021_03_01', '2021_03_08']: tx=91.68% (11002/12000)
          rx=10 on seen_days=['2021_03_01', '2021_03_08']: tx=92.85% (11142/12000)
          rx=11 on seen_days=['2021_03_01', '2021_03_08']: tx=94.74% (11369/12000)
[BEST-JOINT]  val_tx=99.08% & test_tx=89.48% @ E173
[CKPT]  latest -> finalist_runs/C4_A2_ecc003_satmain_seed1337/latest_model.pth (saved) | best -> finalist_runs/C4_A2_ecc003_satmain_seed1337/best_model_val.pth
====================================================================================================================================
[SAT-TEST] scenario=clear_leo selected=test_unseen_day_unseen_rx overall_tx=44.12% strict_udu=44.12% (26470/60000)
[SAT-TEST] scenario=low_elev_leo selected=test_unseen_day_unseen_rx overall_tx=44.14% strict_udu=44.14% (26485/60000)
[SAT-TEST] scenario=rain_leo selected=test_unseen_day_unseen_rx overall_tx=42.12% strict_udu=42.12% (25274/60000)
[SAT-TEST] scenario=storm_mp selected=test_unseen_day_unseen_rx overall_tx=38.24% strict_udu=38.24% (22944/60000)
[SAT-TEST] scenario=mixed_orbit selected=test_unseen_day_unseen_rx overall_tx=40.46% strict_udu=40.46% (24275/60000)
[BEST-TEST] overall=89.98% @ E114 -> finalist_runs/C4_A2_ecc003_satmain_seed1337/best_model_test_overall.pth | unseen_day_unseen_rx=85.11% @ E096 -> finalist_runs/C4_A2_ecc003_satmain_seed1337/best_model_strict_udu.pth | unseen_day_seen_rx=93.84% @ E043 | seen_day_unseen_rx=90.42% @ E114
[BEST-PRIMARY] score=86.81 @ E096 -> finalist_runs/C4_A2_ecc003_satmain_seed1337/best_model_primary_ood.pth | overall=89.95% strict_udu=85.11%
[BEST-WORST-RX] worst_rx=84.54% (test_rx_8) @ E115 -> finalist_runs/C4_A2_ecc003_satmain_seed1337/best_model_worst_rx.pth
====================================================================================================================================
[Epoch 184/200] time=84.7s | lr=4.13e-06 | aux_scale=1.000
[STAGE] phase=S3_refine_aux_late_stable | use_aux=1.0 cons=0.45 cls_aux=0.25 reg=0.25 joint_inv=0.08 kl=0.16 group_ce=0.80
[MIXSTYLE-EPOCH] phase=late_anneal enabled=1 p=0.050 strength=0.350 anneal_t=1.000
[AUG] scale=0.200 | p_dac=0.000 p_pa=0.028 p_shift=0.070 p_cfo=0.070 p_awgn=0.080 p_mp=0.036 | max_shift=6 cfo_max=8e-05 pn_max=0.0012
------------------------------------------------------------------------------------------------------------------------------------
[LOSS-CORE] total=2.3707 cls=0.7197 dom=0.2116 adv=2.6236 orth=0.0031 cons=0.1431 group_ce=1.3217
[LOSS-AUX]  cls_pa=0.8277 cls_dac=0.0000 pa_joint_inv=0.1892 pa_kl=0.6642 dac_reg=0.0000 pa_reg=0.0145 gap_dac=0.0000 gap_pa=0.2755 cos_joint_pa=0.8108 cos_imp_pa=nan
[LOSS-SAT]  cls_sat=8.8612 sat_cons=0.7017 sat_cos=0.2983
[LOSS-DG]   proto=0.0000 proto_cos=nan supcon=0.0000 fishr=0.0007 sgc_res=0.0000
[LOSS-CAL]  ecc=0.0000 ecc_w=0.0000 ecc_tau=0.9500 ecc_maxp=nan
[TRAIN] tx=94.50% dom=92.31% cons_cos=0.8569
[GRAD]  total=1.566 backbone=1.000 aux=0.750 domain=0.327
[VAL]   tx=99.06% dom=95.93%
[TEST]  overall_tx=89.57% (182729/204000)
[TEST-SPLIT]
          unseen_day_seen_rx(days=['2021_03_15', '2021_03_23'], rxs=[0, 1, 2, 3, 4, 5, 6]): tx=93.18% (78270/84000)
          seen_day_unseen_rx(days=['2021_03_01', '2021_03_08'], rxs=[7, 8, 9, 10, 11]): tx=89.54% (53723/60000)
          unseen_day_unseen_rx(days=['2021_03_15', '2021_03_23'], rxs=[7, 8, 9, 10, 11]): tx=84.56% (50736/60000)
          day=2021_03_15 on seen_rxs=[0, 1, 2, 3, 4, 5, 6]: tx=95.24% (40001/42000)
          day=2021_03_23 on seen_rxs=[0, 1, 2, 3, 4, 5, 6]: tx=91.12% (38269/42000)
          rx=7 on seen_days=['2021_03_01', '2021_03_08']: tx=84.11% (10093/12000)
          rx=8 on seen_days=['2021_03_01', '2021_03_08']: tx=84.08% (10089/12000)
          rx=9 on seen_days=['2021_03_01', '2021_03_08']: tx=91.62% (10995/12000)
          rx=10 on seen_days=['2021_03_01', '2021_03_08']: tx=92.97% (11156/12000)
          rx=11 on seen_days=['2021_03_01', '2021_03_08']: tx=94.92% (11390/12000)
[BEST-JOINT]  val_tx=99.08% & test_tx=89.48% @ E173
[CKPT]  latest -> finalist_runs/C4_A2_ecc003_satmain_seed1337/latest_model.pth (saved) | best -> finalist_runs/C4_A2_ecc003_satmain_seed1337/best_model_val.pth
====================================================================================================================================
[SAT-TEST] scenario=clear_leo selected=test_unseen_day_unseen_rx overall_tx=44.18% strict_udu=44.18% (26508/60000)
[SAT-TEST] scenario=low_elev_leo selected=test_unseen_day_unseen_rx overall_tx=44.34% strict_udu=44.34% (26604/60000)
[SAT-TEST] scenario=rain_leo selected=test_unseen_day_unseen_rx overall_tx=42.25% strict_udu=42.25% (25351/60000)
[SAT-TEST] scenario=storm_mp selected=test_unseen_day_unseen_rx overall_tx=38.33% strict_udu=38.33% (22999/60000)
[SAT-TEST] scenario=mixed_orbit selected=test_unseen_day_unseen_rx overall_tx=40.65% strict_udu=40.65% (24390/60000)
[BEST-TEST] overall=89.98% @ E114 -> finalist_runs/C4_A2_ecc003_satmain_seed1337/best_model_test_overall.pth | unseen_day_unseen_rx=85.11% @ E096 -> finalist_runs/C4_A2_ecc003_satmain_seed1337/best_model_strict_udu.pth | unseen_day_seen_rx=93.84% @ E043 | seen_day_unseen_rx=90.42% @ E114
[BEST-PRIMARY] score=86.81 @ E096 -> finalist_runs/C4_A2_ecc003_satmain_seed1337/best_model_primary_ood.pth | overall=89.95% strict_udu=85.11%
[BEST-WORST-RX] worst_rx=84.54% (test_rx_8) @ E115 -> finalist_runs/C4_A2_ecc003_satmain_seed1337/best_model_worst_rx.pth
====================================================================================================================================
[Epoch 185/200] time=85.1s | lr=3.75e-06 | aux_scale=1.000
[STAGE] phase=S3_refine_aux_late_stable | use_aux=1.0 cons=0.45 cls_aux=0.25 reg=0.25 joint_inv=0.08 kl=0.16 group_ce=0.80
[MIXSTYLE-EPOCH] phase=late_anneal enabled=1 p=0.050 strength=0.350 anneal_t=1.000
[AUG] scale=0.200 | p_dac=0.000 p_pa=0.028 p_shift=0.070 p_cfo=0.070 p_awgn=0.080 p_mp=0.036 | max_shift=6 cfo_max=8e-05 pn_max=0.0012
------------------------------------------------------------------------------------------------------------------------------------
[LOSS-CORE] total=2.0410 cls=0.4631 dom=0.1632 adv=2.6253 orth=0.0031 cons=0.1317 group_ce=0.9530
[LOSS-AUX]  cls_pa=0.7662 cls_dac=0.0000 pa_joint_inv=0.1868 pa_kl=0.6103 dac_reg=0.0000 pa_reg=0.0146 gap_dac=0.0000 gap_pa=0.2721 cos_joint_pa=0.8132 cos_imp_pa=nan
[LOSS-SAT]  cls_sat=9.0123 sat_cons=0.7196 sat_cos=0.2804
[LOSS-DG]   proto=0.0000 proto_cos=nan supcon=0.0000 fishr=0.0005 sgc_res=0.0000
[LOSS-CAL]  ecc=0.0000 ecc_w=0.0000 ecc_tau=0.9500 ecc_maxp=nan
[TRAIN] tx=96.60% dom=93.74% cons_cos=0.8683
[GRAD]  total=1.383 backbone=0.999 aux=0.750 domain=0.320
[VAL]   tx=99.00% dom=95.97%
[TEST]  overall_tx=89.41% (182388/204000)
[TEST-SPLIT]
          unseen_day_seen_rx(days=['2021_03_15', '2021_03_23'], rxs=[0, 1, 2, 3, 4, 5, 6]): tx=93.14% (78239/84000)
          seen_day_unseen_rx(days=['2021_03_01', '2021_03_08'], rxs=[7, 8, 9, 10, 11]): tx=89.28% (53565/60000)
          unseen_day_unseen_rx(days=['2021_03_15', '2021_03_23'], rxs=[7, 8, 9, 10, 11]): tx=84.31% (50584/60000)
          day=2021_03_15 on seen_rxs=[0, 1, 2, 3, 4, 5, 6]: tx=95.27% (40015/42000)
          day=2021_03_23 on seen_rxs=[0, 1, 2, 3, 4, 5, 6]: tx=91.01% (38224/42000)
          rx=7 on seen_days=['2021_03_01', '2021_03_08']: tx=83.81% (10057/12000)
          rx=8 on seen_days=['2021_03_01', '2021_03_08']: tx=83.59% (10031/12000)
          rx=9 on seen_days=['2021_03_01', '2021_03_08']: tx=91.48% (10978/12000)
          rx=10 on seen_days=['2021_03_01', '2021_03_08']: tx=92.99% (11159/12000)
          rx=11 on seen_days=['2021_03_01', '2021_03_08']: tx=94.50% (11340/12000)
[BEST-JOINT]  val_tx=99.08% & test_tx=89.48% @ E173
[CKPT]  latest -> finalist_runs/C4_A2_ecc003_satmain_seed1337/latest_model.pth (saved) | best -> finalist_runs/C4_A2_ecc003_satmain_seed1337/best_model_val.pth
====================================================================================================================================
[SAT-TEST] scenario=clear_leo selected=test_unseen_day_unseen_rx overall_tx=44.45% strict_udu=44.45% (26673/60000)
[SAT-TEST] scenario=low_elev_leo selected=test_unseen_day_unseen_rx overall_tx=44.72% strict_udu=44.72% (26829/60000)
[SAT-TEST] scenario=rain_leo selected=test_unseen_day_unseen_rx overall_tx=42.56% strict_udu=42.56% (25535/60000)
[SAT-TEST] scenario=storm_mp selected=test_unseen_day_unseen_rx overall_tx=38.48% strict_udu=38.48% (23087/60000)
[SAT-TEST] scenario=mixed_orbit selected=test_unseen_day_unseen_rx overall_tx=40.63% strict_udu=40.63% (24376/60000)
[BEST-TEST] overall=89.98% @ E114 -> finalist_runs/C4_A2_ecc003_satmain_seed1337/best_model_test_overall.pth | unseen_day_unseen_rx=85.11% @ E096 -> finalist_runs/C4_A2_ecc003_satmain_seed1337/best_model_strict_udu.pth | unseen_day_seen_rx=93.84% @ E043 | seen_day_unseen_rx=90.42% @ E114
[BEST-PRIMARY] score=86.81 @ E096 -> finalist_runs/C4_A2_ecc003_satmain_seed1337/best_model_primary_ood.pth | overall=89.95% strict_udu=85.11%
[BEST-WORST-RX] worst_rx=84.54% (test_rx_8) @ E115 -> finalist_runs/C4_A2_ecc003_satmain_seed1337/best_model_worst_rx.pth
====================================================================================================================================
[Epoch 186/200] time=86.3s | lr=3.40e-06 | aux_scale=1.000
[STAGE] phase=S3_refine_aux_late_stable | use_aux=1.0 cons=0.45 cls_aux=0.25 reg=0.25 joint_inv=0.08 kl=0.16 group_ce=0.80
[MIXSTYLE-EPOCH] phase=late_anneal enabled=1 p=0.050 strength=0.350 anneal_t=1.000
[AUG] scale=0.200 | p_dac=0.000 p_pa=0.028 p_shift=0.070 p_cfo=0.070 p_awgn=0.080 p_mp=0.036 | max_shift=6 cfo_max=8e-05 pn_max=0.0012
------------------------------------------------------------------------------------------------------------------------------------
[LOSS-CORE] total=2.0581 cls=0.4848 dom=0.1545 adv=2.6224 orth=0.0030 cons=0.1312 group_ce=1.0065
[LOSS-AUX]  cls_pa=0.7933 cls_dac=0.0000 pa_joint_inv=0.1861 pa_kl=0.6368 dac_reg=0.0000 pa_reg=0.0146 gap_dac=0.0000 gap_pa=0.2703 cos_joint_pa=0.8139 cos_imp_pa=nan
[LOSS-SAT]  cls_sat=8.9996 sat_cons=0.7189 sat_cos=0.2811
[LOSS-DG]   proto=0.0000 proto_cos=nan supcon=0.0000 fishr=0.0004 sgc_res=0.0000
[LOSS-CAL]  ecc=0.0000 ecc_w=0.0000 ecc_tau=0.9500 ecc_maxp=nan
[TRAIN] tx=96.67% dom=94.12% cons_cos=0.8688
[GRAD]  total=1.473 backbone=1.000 aux=0.750 domain=0.332
[VAL]   tx=99.03% dom=95.91%
[TEST]  overall_tx=89.47% (182509/204000)
[TEST-SPLIT]
          unseen_day_seen_rx(days=['2021_03_15', '2021_03_23'], rxs=[0, 1, 2, 3, 4, 5, 6]): tx=93.15% (78245/84000)
          seen_day_unseen_rx(days=['2021_03_01', '2021_03_08'], rxs=[7, 8, 9, 10, 11]): tx=89.37% (53620/60000)
          unseen_day_unseen_rx(days=['2021_03_15', '2021_03_23'], rxs=[7, 8, 9, 10, 11]): tx=84.41% (50644/60000)
          day=2021_03_15 on seen_rxs=[0, 1, 2, 3, 4, 5, 6]: tx=95.02% (39909/42000)
          day=2021_03_23 on seen_rxs=[0, 1, 2, 3, 4, 5, 6]: tx=91.28% (38336/42000)
          rx=7 on seen_days=['2021_03_01', '2021_03_08']: tx=83.83% (10059/12000)
          rx=8 on seen_days=['2021_03_01', '2021_03_08']: tx=83.94% (10073/12000)
          rx=9 on seen_days=['2021_03_01', '2021_03_08']: tx=91.39% (10967/12000)
          rx=10 on seen_days=['2021_03_01', '2021_03_08']: tx=92.91% (11149/12000)
          rx=11 on seen_days=['2021_03_01', '2021_03_08']: tx=94.77% (11372/12000)
[BEST-JOINT]  val_tx=99.08% & test_tx=89.48% @ E173
[CKPT]  latest -> finalist_runs/C4_A2_ecc003_satmain_seed1337/latest_model.pth (saved) | best -> finalist_runs/C4_A2_ecc003_satmain_seed1337/best_model_val.pth
====================================================================================================================================
[SAT-TEST] scenario=clear_leo selected=test_unseen_day_unseen_rx overall_tx=44.23% strict_udu=44.23% (26536/60000)
[SAT-TEST] scenario=low_elev_leo selected=test_unseen_day_unseen_rx overall_tx=44.26% strict_udu=44.26% (26555/60000)
[SAT-TEST] scenario=rain_leo selected=test_unseen_day_unseen_rx overall_tx=42.31% strict_udu=42.31% (25385/60000)
[SAT-TEST] scenario=storm_mp selected=test_unseen_day_unseen_rx overall_tx=38.34% strict_udu=38.34% (23007/60000)
[SAT-TEST] scenario=mixed_orbit selected=test_unseen_day_unseen_rx overall_tx=40.54% strict_udu=40.54% (24322/60000)
[BEST-TEST] overall=89.98% @ E114 -> finalist_runs/C4_A2_ecc003_satmain_seed1337/best_model_test_overall.pth | unseen_day_unseen_rx=85.11% @ E096 -> finalist_runs/C4_A2_ecc003_satmain_seed1337/best_model_strict_udu.pth | unseen_day_seen_rx=93.84% @ E043 | seen_day_unseen_rx=90.42% @ E114
[BEST-PRIMARY] score=86.81 @ E096 -> finalist_runs/C4_A2_ecc003_satmain_seed1337/best_model_primary_ood.pth | overall=89.95% strict_udu=85.11%
[BEST-WORST-RX] worst_rx=84.54% (test_rx_8) @ E115 -> finalist_runs/C4_A2_ecc003_satmain_seed1337/best_model_worst_rx.pth
====================================================================================================================================
[Epoch 187/200] time=85.0s | lr=3.07e-06 | aux_scale=1.000
[STAGE] phase=S3_refine_aux_late_stable | use_aux=1.0 cons=0.45 cls_aux=0.25 reg=0.25 joint_inv=0.08 kl=0.16 group_ce=0.80
[MIXSTYLE-EPOCH] phase=late_anneal enabled=1 p=0.050 strength=0.350 anneal_t=1.000
[AUG] scale=0.200 | p_dac=0.000 p_pa=0.028 p_shift=0.070 p_cfo=0.070 p_awgn=0.080 p_mp=0.036 | max_shift=6 cfo_max=8e-05 pn_max=0.0012
------------------------------------------------------------------------------------------------------------------------------------
[LOSS-CORE] total=2.5311 cls=0.8453 dom=0.2299 adv=2.6255 orth=0.0029 cons=0.1483 group_ce=1.4692
[LOSS-AUX]  cls_pa=0.7899 cls_dac=0.0000 pa_joint_inv=0.1896 pa_kl=0.6290 dac_reg=0.0000 pa_reg=0.0143 gap_dac=0.0000 gap_pa=0.2807 cos_joint_pa=0.8104 cos_imp_pa=nan
[LOSS-SAT]  cls_sat=8.9754 sat_cons=0.7177 sat_cos=0.2823
[LOSS-DG]   proto=0.0000 proto_cos=nan supcon=0.0000 fishr=0.0008 sgc_res=0.0000
[LOSS-CAL]  ecc=0.0000 ecc_w=0.0000 ecc_tau=0.9500 ecc_maxp=nan
[TRAIN] tx=94.00% dom=91.77% cons_cos=0.8517
[GRAD]  total=1.584 backbone=1.000 aux=0.750 domain=0.342
[VAL]   tx=99.05% dom=95.90%
[TEST]  overall_tx=89.40% (182382/204000)
[TEST-SPLIT]
          unseen_day_seen_rx(days=['2021_03_15', '2021_03_23'], rxs=[0, 1, 2, 3, 4, 5, 6]): tx=93.10% (78200/84000)
          seen_day_unseen_rx(days=['2021_03_01', '2021_03_08'], rxs=[7, 8, 9, 10, 11]): tx=89.30% (53580/60000)
          unseen_day_unseen_rx(days=['2021_03_15', '2021_03_23'], rxs=[7, 8, 9, 10, 11]): tx=84.34% (50602/60000)
          day=2021_03_15 on seen_rxs=[0, 1, 2, 3, 4, 5, 6]: tx=94.99% (39895/42000)
          day=2021_03_23 on seen_rxs=[0, 1, 2, 3, 4, 5, 6]: tx=91.20% (38305/42000)
          rx=7 on seen_days=['2021_03_01', '2021_03_08']: tx=83.91% (10069/12000)
          rx=8 on seen_days=['2021_03_01', '2021_03_08']: tx=83.83% (10060/12000)
          rx=9 on seen_days=['2021_03_01', '2021_03_08']: tx=91.40% (10968/12000)
          rx=10 on seen_days=['2021_03_01', '2021_03_08']: tx=92.79% (11135/12000)
          rx=11 on seen_days=['2021_03_01', '2021_03_08']: tx=94.57% (11348/12000)
[BEST-JOINT]  val_tx=99.08% & test_tx=89.48% @ E173
[CKPT]  latest -> finalist_runs/C4_A2_ecc003_satmain_seed1337/latest_model.pth (saved) | best -> finalist_runs/C4_A2_ecc003_satmain_seed1337/best_model_val.pth
====================================================================================================================================
[SAT-TEST] scenario=clear_leo selected=test_unseen_day_unseen_rx overall_tx=44.08% strict_udu=44.08% (26445/60000)
[SAT-TEST] scenario=low_elev_leo selected=test_unseen_day_unseen_rx overall_tx=44.09% strict_udu=44.09% (26453/60000)
[SAT-TEST] scenario=rain_leo selected=test_unseen_day_unseen_rx overall_tx=42.07% strict_udu=42.07% (25242/60000)
[SAT-TEST] scenario=storm_mp selected=test_unseen_day_unseen_rx overall_tx=38.15% strict_udu=38.15% (22887/60000)
[SAT-TEST] scenario=mixed_orbit selected=test_unseen_day_unseen_rx overall_tx=40.39% strict_udu=40.39% (24232/60000)
[BEST-TEST] overall=89.98% @ E114 -> finalist_runs/C4_A2_ecc003_satmain_seed1337/best_model_test_overall.pth | unseen_day_unseen_rx=85.11% @ E096 -> finalist_runs/C4_A2_ecc003_satmain_seed1337/best_model_strict_udu.pth | unseen_day_seen_rx=93.84% @ E043 | seen_day_unseen_rx=90.42% @ E114
[BEST-PRIMARY] score=86.81 @ E096 -> finalist_runs/C4_A2_ecc003_satmain_seed1337/best_model_primary_ood.pth | overall=89.95% strict_udu=85.11%
[BEST-WORST-RX] worst_rx=84.54% (test_rx_8) @ E115 -> finalist_runs/C4_A2_ecc003_satmain_seed1337/best_model_worst_rx.pth
====================================================================================================================================
[Epoch 188/200] time=84.9s | lr=2.76e-06 | aux_scale=1.000
[STAGE] phase=S3_refine_aux_late_stable | use_aux=1.0 cons=0.45 cls_aux=0.25 reg=0.25 joint_inv=0.08 kl=0.16 group_ce=0.80
[MIXSTYLE-EPOCH] phase=late_anneal enabled=1 p=0.050 strength=0.350 anneal_t=1.000
[AUG] scale=0.200 | p_dac=0.000 p_pa=0.028 p_shift=0.070 p_cfo=0.070 p_awgn=0.080 p_mp=0.036 | max_shift=6 cfo_max=8e-05 pn_max=0.0012
------------------------------------------------------------------------------------------------------------------------------------
[LOSS-CORE] total=2.3681 cls=0.6963 dom=0.2388 adv=2.6237 orth=0.0031 cons=0.1370 group_ce=1.2518
[LOSS-AUX]  cls_pa=0.7625 cls_dac=0.0000 pa_joint_inv=0.1880 pa_kl=0.6037 dac_reg=0.0000 pa_reg=0.0145 gap_dac=0.0000 gap_pa=0.2753 cos_joint_pa=0.8120 cos_imp_pa=nan
[LOSS-SAT]  cls_sat=8.9159 sat_cons=0.7105 sat_cos=0.2895
[LOSS-DG]   proto=0.0000 proto_cos=nan supcon=0.0000 fishr=0.0006 sgc_res=0.0000
[LOSS-CAL]  ecc=0.0000 ecc_w=0.0000 ecc_tau=0.9500 ecc_maxp=nan
[TRAIN] tx=94.89% dom=92.70% cons_cos=0.8630
[GRAD]  total=1.580 backbone=1.000 aux=0.750 domain=0.323
[VAL]   tx=99.05% dom=95.94%
[TEST]  overall_tx=89.54% (182655/204000)
[TEST-SPLIT]
          unseen_day_seen_rx(days=['2021_03_15', '2021_03_23'], rxs=[0, 1, 2, 3, 4, 5, 6]): tx=93.16% (78252/84000)
          seen_day_unseen_rx(days=['2021_03_01', '2021_03_08'], rxs=[7, 8, 9, 10, 11]): tx=89.58% (53746/60000)
          unseen_day_unseen_rx(days=['2021_03_15', '2021_03_23'], rxs=[7, 8, 9, 10, 11]): tx=84.43% (50657/60000)
          day=2021_03_15 on seen_rxs=[0, 1, 2, 3, 4, 5, 6]: tx=95.24% (40002/42000)
          day=2021_03_23 on seen_rxs=[0, 1, 2, 3, 4, 5, 6]: tx=91.07% (38250/42000)
          rx=7 on seen_days=['2021_03_01', '2021_03_08']: tx=84.31% (10117/12000)
          rx=8 on seen_days=['2021_03_01', '2021_03_08']: tx=84.23% (10108/12000)
          rx=9 on seen_days=['2021_03_01', '2021_03_08']: tx=91.63% (10996/12000)
          rx=10 on seen_days=['2021_03_01', '2021_03_08']: tx=93.03% (11163/12000)
          rx=11 on seen_days=['2021_03_01', '2021_03_08']: tx=94.68% (11362/12000)
[BEST-JOINT]  val_tx=99.08% & test_tx=89.48% @ E173
[CKPT]  latest -> finalist_runs/C4_A2_ecc003_satmain_seed1337/latest_model.pth (saved) | best -> finalist_runs/C4_A2_ecc003_satmain_seed1337/best_model_val.pth
====================================================================================================================================
[SAT-TEST] scenario=clear_leo selected=test_unseen_day_unseen_rx overall_tx=44.34% strict_udu=44.34% (26605/60000)
[SAT-TEST] scenario=low_elev_leo selected=test_unseen_day_unseen_rx overall_tx=44.43% strict_udu=44.43% (26656/60000)
[SAT-TEST] scenario=rain_leo selected=test_unseen_day_unseen_rx overall_tx=42.44% strict_udu=42.44% (25465/60000)
[SAT-TEST] scenario=storm_mp selected=test_unseen_day_unseen_rx overall_tx=38.35% strict_udu=38.35% (23010/60000)
[SAT-TEST] scenario=mixed_orbit selected=test_unseen_day_unseen_rx overall_tx=40.65% strict_udu=40.65% (24390/60000)
[BEST-TEST] overall=89.98% @ E114 -> finalist_runs/C4_A2_ecc003_satmain_seed1337/best_model_test_overall.pth | unseen_day_unseen_rx=85.11% @ E096 -> finalist_runs/C4_A2_ecc003_satmain_seed1337/best_model_strict_udu.pth | unseen_day_seen_rx=93.84% @ E043 | seen_day_unseen_rx=90.42% @ E114
[BEST-PRIMARY] score=86.81 @ E096 -> finalist_runs/C4_A2_ecc003_satmain_seed1337/best_model_primary_ood.pth | overall=89.95% strict_udu=85.11%
[BEST-WORST-RX] worst_rx=84.54% (test_rx_8) @ E115 -> finalist_runs/C4_A2_ecc003_satmain_seed1337/best_model_worst_rx.pth
====================================================================================================================================
[Epoch 189/200] time=86.0s | lr=2.48e-06 | aux_scale=1.000
[STAGE] phase=S3_refine_aux_late_stable | use_aux=1.0 cons=0.45 cls_aux=0.25 reg=0.25 joint_inv=0.08 kl=0.16 group_ce=0.80
[MIXSTYLE-EPOCH] phase=late_anneal enabled=1 p=0.050 strength=0.350 anneal_t=1.000
[AUG] scale=0.200 | p_dac=0.000 p_pa=0.028 p_shift=0.070 p_cfo=0.070 p_awgn=0.080 p_mp=0.036 | max_shift=6 cfo_max=8e-05 pn_max=0.0012
------------------------------------------------------------------------------------------------------------------------------------
[LOSS-CORE] total=2.6475 cls=0.9427 dom=0.2317 adv=2.6227 orth=0.0028 cons=0.1564 group_ce=1.6556
[LOSS-AUX]  cls_pa=0.8070 cls_dac=0.0000 pa_joint_inv=0.1920 pa_kl=0.6481 dac_reg=0.0000 pa_reg=0.0141 gap_dac=0.0000 gap_pa=0.2824 cos_joint_pa=0.8080 cos_imp_pa=nan
[LOSS-SAT]  cls_sat=9.0147 sat_cons=0.7140 sat_cos=0.2860
[LOSS-DG]   proto=0.0000 proto_cos=nan supcon=0.0000 fishr=0.0009 sgc_res=0.0000
[LOSS-CAL]  ecc=0.0000 ecc_w=0.0000 ecc_tau=0.9500 ecc_maxp=nan
[TRAIN] tx=92.74% dom=91.39% cons_cos=0.8435
[GRAD]  total=1.512 backbone=1.000 aux=0.750 domain=0.343
[VAL]   tx=99.03% dom=95.95%
[TEST]  overall_tx=89.38% (182337/204000)
[TEST-SPLIT]
          unseen_day_seen_rx(days=['2021_03_15', '2021_03_23'], rxs=[0, 1, 2, 3, 4, 5, 6]): tx=93.09% (78197/84000)
          seen_day_unseen_rx(days=['2021_03_01', '2021_03_08'], rxs=[7, 8, 9, 10, 11]): tx=89.28% (53566/60000)
          unseen_day_unseen_rx(days=['2021_03_15', '2021_03_23'], rxs=[7, 8, 9, 10, 11]): tx=84.29% (50574/60000)
          day=2021_03_15 on seen_rxs=[0, 1, 2, 3, 4, 5, 6]: tx=95.08% (39934/42000)
          day=2021_03_23 on seen_rxs=[0, 1, 2, 3, 4, 5, 6]: tx=91.10% (38263/42000)
          rx=7 on seen_days=['2021_03_01', '2021_03_08']: tx=83.90% (10068/12000)
          rx=8 on seen_days=['2021_03_01', '2021_03_08']: tx=83.94% (10073/12000)
          rx=9 on seen_days=['2021_03_01', '2021_03_08']: tx=91.44% (10973/12000)
          rx=10 on seen_days=['2021_03_01', '2021_03_08']: tx=92.95% (11154/12000)
          rx=11 on seen_days=['2021_03_01', '2021_03_08']: tx=94.15% (11298/12000)
[BEST-JOINT]  val_tx=99.08% & test_tx=89.48% @ E173
[CKPT]  latest -> finalist_runs/C4_A2_ecc003_satmain_seed1337/latest_model.pth (saved) | best -> finalist_runs/C4_A2_ecc003_satmain_seed1337/best_model_val.pth
====================================================================================================================================
[SAT-TEST] scenario=clear_leo selected=test_unseen_day_unseen_rx overall_tx=44.20% strict_udu=44.20% (26517/60000)
[SAT-TEST] scenario=low_elev_leo selected=test_unseen_day_unseen_rx overall_tx=44.32% strict_udu=44.32% (26591/60000)
[SAT-TEST] scenario=rain_leo selected=test_unseen_day_unseen_rx overall_tx=42.30% strict_udu=42.30% (25382/60000)
[SAT-TEST] scenario=storm_mp selected=test_unseen_day_unseen_rx overall_tx=38.28% strict_udu=38.28% (22970/60000)
[SAT-TEST] scenario=mixed_orbit selected=test_unseen_day_unseen_rx overall_tx=40.38% strict_udu=40.38% (24228/60000)
[BEST-TEST] overall=89.98% @ E114 -> finalist_runs/C4_A2_ecc003_satmain_seed1337/best_model_test_overall.pth | unseen_day_unseen_rx=85.11% @ E096 -> finalist_runs/C4_A2_ecc003_satmain_seed1337/best_model_strict_udu.pth | unseen_day_seen_rx=93.84% @ E043 | seen_day_unseen_rx=90.42% @ E114
[BEST-PRIMARY] score=86.81 @ E096 -> finalist_runs/C4_A2_ecc003_satmain_seed1337/best_model_primary_ood.pth | overall=89.95% strict_udu=85.11%
[BEST-WORST-RX] worst_rx=84.54% (test_rx_8) @ E115 -> finalist_runs/C4_A2_ecc003_satmain_seed1337/best_model_worst_rx.pth
====================================================================================================================================
[Epoch 190/200] time=85.1s | lr=2.23e-06 | aux_scale=1.000
[STAGE] phase=S3_refine_aux_late_stable | use_aux=1.0 cons=0.45 cls_aux=0.25 reg=0.25 joint_inv=0.08 kl=0.16 group_ce=0.80
[MIXSTYLE-EPOCH] phase=late_anneal enabled=1 p=0.050 strength=0.350 anneal_t=1.000
[AUG] scale=0.200 | p_dac=0.000 p_pa=0.028 p_shift=0.070 p_cfo=0.070 p_awgn=0.080 p_mp=0.036 | max_shift=6 cfo_max=8e-05 pn_max=0.0012
------------------------------------------------------------------------------------------------------------------------------------
[LOSS-CORE] total=2.3540 cls=0.7156 dom=0.1904 adv=2.6237 orth=0.0029 cons=0.1456 group_ce=1.3103
[LOSS-AUX]  cls_pa=0.7906 cls_dac=0.0000 pa_joint_inv=0.1877 pa_kl=0.6328 dac_reg=0.0000 pa_reg=0.0144 gap_dac=0.0000 gap_pa=0.2756 cos_joint_pa=0.8123 cos_imp_pa=nan
[LOSS-SAT]  cls_sat=9.0815 sat_cons=0.7218 sat_cos=0.2782
[LOSS-DG]   proto=0.0000 proto_cos=nan supcon=0.0000 fishr=0.0007 sgc_res=0.0000
[LOSS-CAL]  ecc=0.0000 ecc_w=0.0000 ecc_tau=0.9500 ecc_maxp=nan
[TRAIN] tx=94.36% dom=92.72% cons_cos=0.8544
[GRAD]  total=1.483 backbone=1.000 aux=0.750 domain=0.334
[VAL]   tx=99.06% dom=95.92%
[TEST]  overall_tx=89.60% (182789/204000)
[TEST-SPLIT]
          unseen_day_seen_rx(days=['2021_03_15', '2021_03_23'], rxs=[0, 1, 2, 3, 4, 5, 6]): tx=93.21% (78296/84000)
          seen_day_unseen_rx(days=['2021_03_01', '2021_03_08'], rxs=[7, 8, 9, 10, 11]): tx=89.56% (53735/60000)
          unseen_day_unseen_rx(days=['2021_03_15', '2021_03_23'], rxs=[7, 8, 9, 10, 11]): tx=84.60% (50758/60000)
          day=2021_03_15 on seen_rxs=[0, 1, 2, 3, 4, 5, 6]: tx=95.25% (40006/42000)
          day=2021_03_23 on seen_rxs=[0, 1, 2, 3, 4, 5, 6]: tx=91.17% (38290/42000)
          rx=7 on seen_days=['2021_03_01', '2021_03_08']: tx=84.03% (10084/12000)
          rx=8 on seen_days=['2021_03_01', '2021_03_08']: tx=84.19% (10103/12000)
          rx=9 on seen_days=['2021_03_01', '2021_03_08']: tx=91.64% (10997/12000)
          rx=10 on seen_days=['2021_03_01', '2021_03_08']: tx=92.72% (11126/12000)
          rx=11 on seen_days=['2021_03_01', '2021_03_08']: tx=95.21% (11425/12000)
[BEST-JOINT]  val_tx=99.08% & test_tx=89.48% @ E173
[CKPT]  latest -> finalist_runs/C4_A2_ecc003_satmain_seed1337/latest_model.pth (saved) | best -> finalist_runs/C4_A2_ecc003_satmain_seed1337/best_model_val.pth
====================================================================================================================================
[SAT-TEST] scenario=clear_leo selected=test_unseen_day_unseen_rx overall_tx=44.37% strict_udu=44.37% (26622/60000)
[SAT-TEST] scenario=low_elev_leo selected=test_unseen_day_unseen_rx overall_tx=44.43% strict_udu=44.43% (26659/60000)
[SAT-TEST] scenario=rain_leo selected=test_unseen_day_unseen_rx overall_tx=42.42% strict_udu=42.42% (25453/60000)
[SAT-TEST] scenario=storm_mp selected=test_unseen_day_unseen_rx overall_tx=38.43% strict_udu=38.43% (23059/60000)
[SAT-TEST] scenario=mixed_orbit selected=test_unseen_day_unseen_rx overall_tx=40.87% strict_udu=40.87% (24524/60000)
[BEST-TEST] overall=89.98% @ E114 -> finalist_runs/C4_A2_ecc003_satmain_seed1337/best_model_test_overall.pth | unseen_day_unseen_rx=85.11% @ E096 -> finalist_runs/C4_A2_ecc003_satmain_seed1337/best_model_strict_udu.pth | unseen_day_seen_rx=93.84% @ E043 | seen_day_unseen_rx=90.42% @ E114
[BEST-PRIMARY] score=86.81 @ E096 -> finalist_runs/C4_A2_ecc003_satmain_seed1337/best_model_primary_ood.pth | overall=89.95% strict_udu=85.11%
[BEST-WORST-RX] worst_rx=84.54% (test_rx_8) @ E115 -> finalist_runs/C4_A2_ecc003_satmain_seed1337/best_model_worst_rx.pth
====================================================================================================================================
[Epoch 191/200] time=85.7s | lr=1.99e-06 | aux_scale=1.000
[STAGE] phase=S3_refine_aux_late_stable | use_aux=1.0 cons=0.45 cls_aux=0.25 reg=0.25 joint_inv=0.08 kl=0.16 group_ce=0.80
[MIXSTYLE-EPOCH] phase=late_anneal enabled=1 p=0.050 strength=0.350 anneal_t=1.000
[AUG] scale=0.200 | p_dac=0.000 p_pa=0.028 p_shift=0.070 p_cfo=0.070 p_awgn=0.080 p_mp=0.036 | max_shift=6 cfo_max=8e-05 pn_max=0.0012
------------------------------------------------------------------------------------------------------------------------------------
[LOSS-CORE] total=2.9809 cls=1.1849 dom=0.3000 adv=2.6262 orth=0.0027 cons=0.1628 group_ce=1.9186
[LOSS-AUX]  cls_pa=0.8105 cls_dac=0.0000 pa_joint_inv=0.1905 pa_kl=0.6513 dac_reg=0.0000 pa_reg=0.0141 gap_dac=0.0000 gap_pa=0.2839 cos_joint_pa=0.8095 cos_imp_pa=nan
[LOSS-SAT]  cls_sat=9.0216 sat_cons=0.7121 sat_cos=0.2879
[LOSS-DG]   proto=0.0000 proto_cos=nan supcon=0.0000 fishr=0.0011 sgc_res=0.0000
[LOSS-CAL]  ecc=0.0000 ecc_w=0.0000 ecc_tau=0.9500 ecc_maxp=nan
[TRAIN] tx=90.07% dom=89.01% cons_cos=0.8372
[GRAD]  total=1.632 backbone=1.000 aux=0.749 domain=0.362
[VAL]   tx=99.04% dom=95.91%
[TEST]  overall_tx=89.57% (182716/204000)
[TEST-SPLIT]
          unseen_day_seen_rx(days=['2021_03_15', '2021_03_23'], rxs=[0, 1, 2, 3, 4, 5, 6]): tx=93.23% (78311/84000)
          seen_day_unseen_rx(days=['2021_03_01', '2021_03_08'], rxs=[7, 8, 9, 10, 11]): tx=89.53% (53721/60000)
          unseen_day_unseen_rx(days=['2021_03_15', '2021_03_23'], rxs=[7, 8, 9, 10, 11]): tx=84.47% (50684/60000)
          day=2021_03_15 on seen_rxs=[0, 1, 2, 3, 4, 5, 6]: tx=95.25% (40007/42000)
          day=2021_03_23 on seen_rxs=[0, 1, 2, 3, 4, 5, 6]: tx=91.20% (38304/42000)
          rx=7 on seen_days=['2021_03_01', '2021_03_08']: tx=84.19% (10103/12000)
          rx=8 on seen_days=['2021_03_01', '2021_03_08']: tx=84.12% (10094/12000)
          rx=9 on seen_days=['2021_03_01', '2021_03_08']: tx=91.61% (10993/12000)
          rx=10 on seen_days=['2021_03_01', '2021_03_08']: tx=93.01% (11161/12000)
          rx=11 on seen_days=['2021_03_01', '2021_03_08']: tx=94.75% (11370/12000)
[BEST-JOINT]  val_tx=99.08% & test_tx=89.48% @ E173
[CKPT]  latest -> finalist_runs/C4_A2_ecc003_satmain_seed1337/latest_model.pth (saved) | best -> finalist_runs/C4_A2_ecc003_satmain_seed1337/best_model_val.pth
====================================================================================================================================
[SAT-TEST] scenario=clear_leo selected=test_unseen_day_unseen_rx overall_tx=44.42% strict_udu=44.42% (26650/60000)
[SAT-TEST] scenario=low_elev_leo selected=test_unseen_day_unseen_rx overall_tx=44.54% strict_udu=44.54% (26722/60000)
[SAT-TEST] scenario=rain_leo selected=test_unseen_day_unseen_rx overall_tx=42.46% strict_udu=42.46% (25475/60000)
[SAT-TEST] scenario=storm_mp selected=test_unseen_day_unseen_rx overall_tx=38.44% strict_udu=38.44% (23063/60000)
[SAT-TEST] scenario=mixed_orbit selected=test_unseen_day_unseen_rx overall_tx=40.73% strict_udu=40.73% (24439/60000)
[BEST-TEST] overall=89.98% @ E114 -> finalist_runs/C4_A2_ecc003_satmain_seed1337/best_model_test_overall.pth | unseen_day_unseen_rx=85.11% @ E096 -> finalist_runs/C4_A2_ecc003_satmain_seed1337/best_model_strict_udu.pth | unseen_day_seen_rx=93.84% @ E043 | seen_day_unseen_rx=90.42% @ E114
[BEST-PRIMARY] score=86.81 @ E096 -> finalist_runs/C4_A2_ecc003_satmain_seed1337/best_model_primary_ood.pth | overall=89.95% strict_udu=85.11%
[BEST-WORST-RX] worst_rx=84.54% (test_rx_8) @ E115 -> finalist_runs/C4_A2_ecc003_satmain_seed1337/best_model_worst_rx.pth
====================================================================================================================================
[Epoch 192/200] time=84.7s | lr=1.78e-06 | aux_scale=1.000
[STAGE] phase=S3_refine_aux_late_stable | use_aux=1.0 cons=0.45 cls_aux=0.25 reg=0.25 joint_inv=0.08 kl=0.16 group_ce=0.80
[MIXSTYLE-EPOCH] phase=late_anneal enabled=1 p=0.050 strength=0.350 anneal_t=1.000
[AUG] scale=0.200 | p_dac=0.000 p_pa=0.028 p_shift=0.070 p_cfo=0.070 p_awgn=0.080 p_mp=0.036 | max_shift=6 cfo_max=8e-05 pn_max=0.0012
------------------------------------------------------------------------------------------------------------------------------------
[LOSS-CORE] total=2.5453 cls=0.8564 dom=0.2146 adv=2.6198 orth=0.0028 cons=0.1559 group_ce=1.6360
[LOSS-AUX]  cls_pa=0.8423 cls_dac=0.0000 pa_joint_inv=0.1909 pa_kl=0.6849 dac_reg=0.0000 pa_reg=0.0142 gap_dac=0.0000 gap_pa=0.2811 cos_joint_pa=0.8091 cos_imp_pa=nan
[LOSS-SAT]  cls_sat=9.0545 sat_cons=0.7108 sat_cos=0.2892
[LOSS-DG]   proto=0.0000 proto_cos=nan supcon=0.0000 fishr=0.0009 sgc_res=0.0000
[LOSS-CAL]  ecc=0.0000 ecc_w=0.0000 ecc_tau=0.9500 ecc_maxp=nan
[TRAIN] tx=93.49% dom=92.04% cons_cos=0.8441
[GRAD]  total=1.501 backbone=1.000 aux=0.750 domain=0.347
[VAL]   tx=99.05% dom=95.94%
[TEST]  overall_tx=89.49% (182557/204000)
[TEST-SPLIT]
          unseen_day_seen_rx(days=['2021_03_15', '2021_03_23'], rxs=[0, 1, 2, 3, 4, 5, 6]): tx=93.15% (78250/84000)
          seen_day_unseen_rx(days=['2021_03_01', '2021_03_08'], rxs=[7, 8, 9, 10, 11]): tx=89.42% (53650/60000)
          unseen_day_unseen_rx(days=['2021_03_15', '2021_03_23'], rxs=[7, 8, 9, 10, 11]): tx=84.43% (50657/60000)
          day=2021_03_15 on seen_rxs=[0, 1, 2, 3, 4, 5, 6]: tx=95.14% (39958/42000)
          day=2021_03_23 on seen_rxs=[0, 1, 2, 3, 4, 5, 6]: tx=91.17% (38292/42000)
          rx=7 on seen_days=['2021_03_01', '2021_03_08']: tx=83.62% (10035/12000)
          rx=8 on seen_days=['2021_03_01', '2021_03_08']: tx=84.15% (10098/12000)
          rx=9 on seen_days=['2021_03_01', '2021_03_08']: tx=91.62% (10995/12000)
          rx=10 on seen_days=['2021_03_01', '2021_03_08']: tx=92.87% (11144/12000)
          rx=11 on seen_days=['2021_03_01', '2021_03_08']: tx=94.82% (11378/12000)
[BEST-JOINT]  val_tx=99.08% & test_tx=89.48% @ E173
[CKPT]  latest -> finalist_runs/C4_A2_ecc003_satmain_seed1337/latest_model.pth (saved) | best -> finalist_runs/C4_A2_ecc003_satmain_seed1337/best_model_val.pth
====================================================================================================================================
[SAT-TEST] scenario=clear_leo selected=test_unseen_day_unseen_rx overall_tx=44.28% strict_udu=44.28% (26569/60000)
[SAT-TEST] scenario=low_elev_leo selected=test_unseen_day_unseen_rx overall_tx=44.49% strict_udu=44.49% (26693/60000)
[SAT-TEST] scenario=rain_leo selected=test_unseen_day_unseen_rx overall_tx=42.40% strict_udu=42.40% (25439/60000)
[SAT-TEST] scenario=storm_mp selected=test_unseen_day_unseen_rx overall_tx=38.43% strict_udu=38.43% (23059/60000)
[SAT-TEST] scenario=mixed_orbit selected=test_unseen_day_unseen_rx overall_tx=40.54% strict_udu=40.54% (24322/60000)
[BEST-TEST] overall=89.98% @ E114 -> finalist_runs/C4_A2_ecc003_satmain_seed1337/best_model_test_overall.pth | unseen_day_unseen_rx=85.11% @ E096 -> finalist_runs/C4_A2_ecc003_satmain_seed1337/best_model_strict_udu.pth | unseen_day_seen_rx=93.84% @ E043 | seen_day_unseen_rx=90.42% @ E114
[BEST-PRIMARY] score=86.81 @ E096 -> finalist_runs/C4_A2_ecc003_satmain_seed1337/best_model_primary_ood.pth | overall=89.95% strict_udu=85.11%
[BEST-WORST-RX] worst_rx=84.54% (test_rx_8) @ E115 -> finalist_runs/C4_A2_ecc003_satmain_seed1337/best_model_worst_rx.pth
====================================================================================================================================
[Epoch 193/200] time=85.0s | lr=1.60e-06 | aux_scale=1.000
[STAGE] phase=S3_refine_aux_late_stable | use_aux=1.0 cons=0.45 cls_aux=0.25 reg=0.25 joint_inv=0.08 kl=0.16 group_ce=0.80
[MIXSTYLE-EPOCH] phase=late_anneal enabled=1 p=0.050 strength=0.350 anneal_t=1.000
[AUG] scale=0.200 | p_dac=0.000 p_pa=0.028 p_shift=0.070 p_cfo=0.070 p_awgn=0.080 p_mp=0.036 | max_shift=6 cfo_max=8e-05 pn_max=0.0012
------------------------------------------------------------------------------------------------------------------------------------
[LOSS-CORE] total=2.2827 cls=0.6539 dom=0.1864 adv=2.6226 orth=0.0029 cons=0.1431 group_ce=1.2708
[LOSS-AUX]  cls_pa=0.8150 cls_dac=0.0000 pa_joint_inv=0.1875 pa_kl=0.6543 dac_reg=0.0000 pa_reg=0.0145 gap_dac=0.0000 gap_pa=0.2772 cos_joint_pa=0.8125 cos_imp_pa=nan
[LOSS-SAT]  cls_sat=9.0166 sat_cons=0.7207 sat_cos=0.2793
[LOSS-DG]   proto=0.0000 proto_cos=nan supcon=0.0000 fishr=0.0007 sgc_res=0.0000
[LOSS-CAL]  ecc=0.0000 ecc_w=0.0000 ecc_tau=0.9500 ecc_maxp=nan
[TRAIN] tx=95.16% dom=92.98% cons_cos=0.8569
[GRAD]  total=1.473 backbone=1.000 aux=0.750 domain=0.348
[VAL]   tx=99.00% dom=95.95%
[TEST]  overall_tx=89.29% (182156/204000)
[TEST-SPLIT]
          unseen_day_seen_rx(days=['2021_03_15', '2021_03_23'], rxs=[0, 1, 2, 3, 4, 5, 6]): tx=93.09% (78196/84000)
          seen_day_unseen_rx(days=['2021_03_01', '2021_03_08'], rxs=[7, 8, 9, 10, 11]): tx=88.99% (53394/60000)
          unseen_day_unseen_rx(days=['2021_03_15', '2021_03_23'], rxs=[7, 8, 9, 10, 11]): tx=84.28% (50566/60000)
          day=2021_03_15 on seen_rxs=[0, 1, 2, 3, 4, 5, 6]: tx=95.00% (39900/42000)
          day=2021_03_23 on seen_rxs=[0, 1, 2, 3, 4, 5, 6]: tx=91.18% (38296/42000)
          rx=7 on seen_days=['2021_03_01', '2021_03_08']: tx=83.22% (9986/12000)
          rx=8 on seen_days=['2021_03_01', '2021_03_08']: tx=83.47% (10016/12000)
          rx=9 on seen_days=['2021_03_01', '2021_03_08']: tx=91.23% (10948/12000)
          rx=10 on seen_days=['2021_03_01', '2021_03_08']: tx=92.89% (11147/12000)
          rx=11 on seen_days=['2021_03_01', '2021_03_08']: tx=94.14% (11297/12000)
[BEST-JOINT]  val_tx=99.08% & test_tx=89.48% @ E173
[CKPT]  latest -> finalist_runs/C4_A2_ecc003_satmain_seed1337/latest_model.pth (saved) | best -> finalist_runs/C4_A2_ecc003_satmain_seed1337/best_model_val.pth
====================================================================================================================================
[SAT-TEST] scenario=clear_leo selected=test_unseen_day_unseen_rx overall_tx=44.22% strict_udu=44.22% (26530/60000)
[SAT-TEST] scenario=low_elev_leo selected=test_unseen_day_unseen_rx overall_tx=44.49% strict_udu=44.49% (26697/60000)
[SAT-TEST] scenario=rain_leo selected=test_unseen_day_unseen_rx overall_tx=42.40% strict_udu=42.40% (25439/60000)
[SAT-TEST] scenario=storm_mp selected=test_unseen_day_unseen_rx overall_tx=38.40% strict_udu=38.40% (23037/60000)
[SAT-TEST] scenario=mixed_orbit selected=test_unseen_day_unseen_rx overall_tx=40.51% strict_udu=40.51% (24305/60000)
[BEST-TEST] overall=89.98% @ E114 -> finalist_runs/C4_A2_ecc003_satmain_seed1337/best_model_test_overall.pth | unseen_day_unseen_rx=85.11% @ E096 -> finalist_runs/C4_A2_ecc003_satmain_seed1337/best_model_strict_udu.pth | unseen_day_seen_rx=93.84% @ E043 | seen_day_unseen_rx=90.42% @ E114
[BEST-PRIMARY] score=86.81 @ E096 -> finalist_runs/C4_A2_ecc003_satmain_seed1337/best_model_primary_ood.pth | overall=89.95% strict_udu=85.11%
[BEST-WORST-RX] worst_rx=84.54% (test_rx_8) @ E115 -> finalist_runs/C4_A2_ecc003_satmain_seed1337/best_model_worst_rx.pth
====================================================================================================================================
[Epoch 194/200] time=84.5s | lr=1.44e-06 | aux_scale=1.000
[STAGE] phase=S3_refine_aux_late_stable | use_aux=1.0 cons=0.45 cls_aux=0.25 reg=0.25 joint_inv=0.08 kl=0.16 group_ce=0.80
[MIXSTYLE-EPOCH] phase=late_anneal enabled=1 p=0.050 strength=0.350 anneal_t=1.000
[AUG] scale=0.200 | p_dac=0.000 p_pa=0.028 p_shift=0.070 p_cfo=0.070 p_awgn=0.080 p_mp=0.036 | max_shift=6 cfo_max=8e-05 pn_max=0.0012
------------------------------------------------------------------------------------------------------------------------------------
[LOSS-CORE] total=2.5330 cls=0.8627 dom=0.2101 adv=2.6221 orth=0.0028 cons=0.1511 group_ce=1.5415
[LOSS-AUX]  cls_pa=0.8304 cls_dac=0.0000 pa_joint_inv=0.1908 pa_kl=0.6716 dac_reg=0.0000 pa_reg=0.0143 gap_dac=0.0000 gap_pa=0.2849 cos_joint_pa=0.8092 cos_imp_pa=nan
[LOSS-SAT]  cls_sat=8.9229 sat_cons=0.7074 sat_cos=0.2926
[LOSS-DG]   proto=0.0000 proto_cos=nan supcon=0.0000 fishr=0.0009 sgc_res=0.0000
[LOSS-CAL]  ecc=0.0000 ecc_w=0.0000 ecc_tau=0.9500 ecc_maxp=nan
[TRAIN] tx=93.45% dom=92.01% cons_cos=0.8489
[GRAD]  total=1.463 backbone=1.000 aux=0.750 domain=0.331
[VAL]   tx=99.02% dom=95.93%
[TEST]  overall_tx=89.35% (182276/204000)
[TEST-SPLIT]
          unseen_day_seen_rx(days=['2021_03_15', '2021_03_23'], rxs=[0, 1, 2, 3, 4, 5, 6]): tx=93.13% (78228/84000)
          seen_day_unseen_rx(days=['2021_03_01', '2021_03_08'], rxs=[7, 8, 9, 10, 11]): tx=89.16% (53493/60000)
          unseen_day_unseen_rx(days=['2021_03_15', '2021_03_23'], rxs=[7, 8, 9, 10, 11]): tx=84.26% (50555/60000)
          day=2021_03_15 on seen_rxs=[0, 1, 2, 3, 4, 5, 6]: tx=95.05% (39923/42000)
          day=2021_03_23 on seen_rxs=[0, 1, 2, 3, 4, 5, 6]: tx=91.20% (38305/42000)
          rx=7 on seen_days=['2021_03_01', '2021_03_08']: tx=83.55% (10026/12000)
          rx=8 on seen_days=['2021_03_01', '2021_03_08']: tx=83.72% (10047/12000)
          rx=9 on seen_days=['2021_03_01', '2021_03_08']: tx=91.37% (10964/12000)
          rx=10 on seen_days=['2021_03_01', '2021_03_08']: tx=92.96% (11155/12000)
          rx=11 on seen_days=['2021_03_01', '2021_03_08']: tx=94.17% (11301/12000)
[BEST-JOINT]  val_tx=99.08% & test_tx=89.48% @ E173
[CKPT]  latest -> finalist_runs/C4_A2_ecc003_satmain_seed1337/latest_model.pth (saved) | best -> finalist_runs/C4_A2_ecc003_satmain_seed1337/best_model_val.pth
====================================================================================================================================
[SAT-TEST] scenario=clear_leo selected=test_unseen_day_unseen_rx overall_tx=44.21% strict_udu=44.21% (26527/60000)
[SAT-TEST] scenario=low_elev_leo selected=test_unseen_day_unseen_rx overall_tx=44.36% strict_udu=44.36% (26618/60000)
[SAT-TEST] scenario=rain_leo selected=test_unseen_day_unseen_rx overall_tx=42.29% strict_udu=42.29% (25372/60000)
[SAT-TEST] scenario=storm_mp selected=test_unseen_day_unseen_rx overall_tx=38.40% strict_udu=38.40% (23041/60000)
[SAT-TEST] scenario=mixed_orbit selected=test_unseen_day_unseen_rx overall_tx=40.42% strict_udu=40.42% (24250/60000)
[BEST-TEST] overall=89.98% @ E114 -> finalist_runs/C4_A2_ecc003_satmain_seed1337/best_model_test_overall.pth | unseen_day_unseen_rx=85.11% @ E096 -> finalist_runs/C4_A2_ecc003_satmain_seed1337/best_model_strict_udu.pth | unseen_day_seen_rx=93.84% @ E043 | seen_day_unseen_rx=90.42% @ E114
[BEST-PRIMARY] score=86.81 @ E096 -> finalist_runs/C4_A2_ecc003_satmain_seed1337/best_model_primary_ood.pth | overall=89.95% strict_udu=85.11%
[BEST-WORST-RX] worst_rx=84.54% (test_rx_8) @ E115 -> finalist_runs/C4_A2_ecc003_satmain_seed1337/best_model_worst_rx.pth
====================================================================================================================================
[Epoch 195/200] time=85.4s | lr=1.31e-06 | aux_scale=1.000
[STAGE] phase=S3_refine_aux_late_stable | use_aux=1.0 cons=0.45 cls_aux=0.25 reg=0.25 joint_inv=0.08 kl=0.16 group_ce=0.80
[MIXSTYLE-EPOCH] phase=late_anneal enabled=1 p=0.050 strength=0.350 anneal_t=1.000
[AUG] scale=0.200 | p_dac=0.000 p_pa=0.028 p_shift=0.070 p_cfo=0.070 p_awgn=0.080 p_mp=0.036 | max_shift=6 cfo_max=8e-05 pn_max=0.0012
------------------------------------------------------------------------------------------------------------------------------------
[LOSS-CORE] total=2.5940 cls=0.9044 dom=0.2229 adv=2.6210 orth=0.0028 cons=0.1535 group_ce=1.5863
[LOSS-AUX]  cls_pa=0.8081 cls_dac=0.0000 pa_joint_inv=0.1873 pa_kl=0.6498 dac_reg=0.0000 pa_reg=0.0146 gap_dac=0.0000 gap_pa=0.2725 cos_joint_pa=0.8127 cos_imp_pa=nan
[LOSS-SAT]  cls_sat=9.0091 sat_cons=0.7165 sat_cos=0.2835
[LOSS-DG]   proto=0.0000 proto_cos=nan supcon=0.0000 fishr=0.0010 sgc_res=0.0000
[LOSS-CAL]  ecc=0.0000 ecc_w=0.0000 ecc_tau=0.9500 ecc_maxp=nan
[TRAIN] tx=92.88% dom=91.48% cons_cos=0.8465
[GRAD]  total=1.476 backbone=1.000 aux=0.750 domain=0.341
[VAL]   tx=99.03% dom=95.92%
[TEST]  overall_tx=89.42% (182422/204000)
[TEST-SPLIT]
          unseen_day_seen_rx(days=['2021_03_15', '2021_03_23'], rxs=[0, 1, 2, 3, 4, 5, 6]): tx=93.11% (78213/84000)
          seen_day_unseen_rx(days=['2021_03_01', '2021_03_08'], rxs=[7, 8, 9, 10, 11]): tx=89.33% (53597/60000)
          unseen_day_unseen_rx(days=['2021_03_15', '2021_03_23'], rxs=[7, 8, 9, 10, 11]): tx=84.35% (50612/60000)
          day=2021_03_15 on seen_rxs=[0, 1, 2, 3, 4, 5, 6]: tx=95.10% (39944/42000)
          day=2021_03_23 on seen_rxs=[0, 1, 2, 3, 4, 5, 6]: tx=91.12% (38269/42000)
          rx=7 on seen_days=['2021_03_01', '2021_03_08']: tx=83.78% (10053/12000)
          rx=8 on seen_days=['2021_03_01', '2021_03_08']: tx=84.04% (10085/12000)
          rx=9 on seen_days=['2021_03_01', '2021_03_08']: tx=91.46% (10975/12000)
          rx=10 on seen_days=['2021_03_01', '2021_03_08']: tx=92.97% (11157/12000)
          rx=11 on seen_days=['2021_03_01', '2021_03_08']: tx=94.39% (11327/12000)
[BEST-JOINT]  val_tx=99.08% & test_tx=89.48% @ E173
[CKPT]  latest -> finalist_runs/C4_A2_ecc003_satmain_seed1337/latest_model.pth (saved) | best -> finalist_runs/C4_A2_ecc003_satmain_seed1337/best_model_val.pth
====================================================================================================================================
[SAT-TEST] scenario=clear_leo selected=test_unseen_day_unseen_rx overall_tx=44.24% strict_udu=44.24% (26544/60000)
[SAT-TEST] scenario=low_elev_leo selected=test_unseen_day_unseen_rx overall_tx=44.40% strict_udu=44.40% (26639/60000)
[SAT-TEST] scenario=rain_leo selected=test_unseen_day_unseen_rx overall_tx=42.31% strict_udu=42.31% (25386/60000)
[SAT-TEST] scenario=storm_mp selected=test_unseen_day_unseen_rx overall_tx=38.33% strict_udu=38.33% (22996/60000)
[SAT-TEST] scenario=mixed_orbit selected=test_unseen_day_unseen_rx overall_tx=40.59% strict_udu=40.59% (24354/60000)
[BEST-TEST] overall=89.98% @ E114 -> finalist_runs/C4_A2_ecc003_satmain_seed1337/best_model_test_overall.pth | unseen_day_unseen_rx=85.11% @ E096 -> finalist_runs/C4_A2_ecc003_satmain_seed1337/best_model_strict_udu.pth | unseen_day_seen_rx=93.84% @ E043 | seen_day_unseen_rx=90.42% @ E114
[BEST-PRIMARY] score=86.81 @ E096 -> finalist_runs/C4_A2_ecc003_satmain_seed1337/best_model_primary_ood.pth | overall=89.95% strict_udu=85.11%
[BEST-WORST-RX] worst_rx=84.54% (test_rx_8) @ E115 -> finalist_runs/C4_A2_ecc003_satmain_seed1337/best_model_worst_rx.pth
====================================================================================================================================
[Epoch 196/200] time=85.0s | lr=1.20e-06 | aux_scale=1.000
[STAGE] phase=S3_refine_aux_late_stable | use_aux=1.0 cons=0.45 cls_aux=0.25 reg=0.25 joint_inv=0.08 kl=0.16 group_ce=0.80
[MIXSTYLE-EPOCH] phase=late_anneal enabled=1 p=0.050 strength=0.350 anneal_t=1.000
[AUG] scale=0.200 | p_dac=0.000 p_pa=0.028 p_shift=0.070 p_cfo=0.070 p_awgn=0.080 p_mp=0.036 | max_shift=6 cfo_max=8e-05 pn_max=0.0012
------------------------------------------------------------------------------------------------------------------------------------
[LOSS-CORE] total=2.4029 cls=0.7412 dom=0.2133 adv=2.6241 orth=0.0028 cons=0.1453 group_ce=1.3768
[LOSS-AUX]  cls_pa=0.8298 cls_dac=0.0000 pa_joint_inv=0.1893 pa_kl=0.6699 dac_reg=0.0000 pa_reg=0.0144 gap_dac=0.0000 gap_pa=0.2776 cos_joint_pa=0.8107 cos_imp_pa=nan
[LOSS-SAT]  cls_sat=8.9460 sat_cons=0.7059 sat_cos=0.2941
[LOSS-DG]   proto=0.0000 proto_cos=nan supcon=0.0000 fishr=0.0008 sgc_res=0.0000
[LOSS-CAL]  ecc=0.0000 ecc_w=0.0000 ecc_tau=0.9500 ecc_maxp=nan
[TRAIN] tx=94.25% dom=92.10% cons_cos=0.8547
[GRAD]  total=1.530 backbone=1.000 aux=0.750 domain=0.344
[VAL]   tx=99.05% dom=95.93%
[TEST]  overall_tx=89.50% (182572/204000)
[TEST-SPLIT]
          unseen_day_seen_rx(days=['2021_03_15', '2021_03_23'], rxs=[0, 1, 2, 3, 4, 5, 6]): tx=93.14% (78235/84000)
          seen_day_unseen_rx(days=['2021_03_01', '2021_03_08'], rxs=[7, 8, 9, 10, 11]): tx=89.45% (53672/60000)
          unseen_day_unseen_rx(days=['2021_03_15', '2021_03_23'], rxs=[7, 8, 9, 10, 11]): tx=84.44% (50665/60000)
          day=2021_03_15 on seen_rxs=[0, 1, 2, 3, 4, 5, 6]: tx=95.20% (39986/42000)
          day=2021_03_23 on seen_rxs=[0, 1, 2, 3, 4, 5, 6]: tx=91.07% (38249/42000)
          rx=7 on seen_days=['2021_03_01', '2021_03_08']: tx=83.79% (10055/12000)
          rx=8 on seen_days=['2021_03_01', '2021_03_08']: tx=84.19% (10103/12000)
          rx=9 on seen_days=['2021_03_01', '2021_03_08']: tx=91.62% (10995/12000)
          rx=10 on seen_days=['2021_03_01', '2021_03_08']: tx=92.92% (11150/12000)
          rx=11 on seen_days=['2021_03_01', '2021_03_08']: tx=94.74% (11369/12000)
[BEST-JOINT]  val_tx=99.08% & test_tx=89.48% @ E173
[CKPT]  latest -> finalist_runs/C4_A2_ecc003_satmain_seed1337/latest_model.pth (saved) | best -> finalist_runs/C4_A2_ecc003_satmain_seed1337/best_model_val.pth
====================================================================================================================================
[SAT-TEST] scenario=clear_leo selected=test_unseen_day_unseen_rx overall_tx=44.34% strict_udu=44.34% (26606/60000)
[SAT-TEST] scenario=low_elev_leo selected=test_unseen_day_unseen_rx overall_tx=44.47% strict_udu=44.47% (26681/60000)
[SAT-TEST] scenario=rain_leo selected=test_unseen_day_unseen_rx overall_tx=42.42% strict_udu=42.42% (25454/60000)
[SAT-TEST] scenario=storm_mp selected=test_unseen_day_unseen_rx overall_tx=38.37% strict_udu=38.37% (23021/60000)
[SAT-TEST] scenario=mixed_orbit selected=test_unseen_day_unseen_rx overall_tx=40.68% strict_udu=40.68% (24410/60000)
[BEST-TEST] overall=89.98% @ E114 -> finalist_runs/C4_A2_ecc003_satmain_seed1337/best_model_test_overall.pth | unseen_day_unseen_rx=85.11% @ E096 -> finalist_runs/C4_A2_ecc003_satmain_seed1337/best_model_strict_udu.pth | unseen_day_seen_rx=93.84% @ E043 | seen_day_unseen_rx=90.42% @ E114
[BEST-PRIMARY] score=86.81 @ E096 -> finalist_runs/C4_A2_ecc003_satmain_seed1337/best_model_primary_ood.pth | overall=89.95% strict_udu=85.11%
[BEST-WORST-RX] worst_rx=84.54% (test_rx_8) @ E115 -> finalist_runs/C4_A2_ecc003_satmain_seed1337/best_model_worst_rx.pth
====================================================================================================================================
[Epoch 197/200] time=84.9s | lr=1.11e-06 | aux_scale=1.000
[STAGE] phase=S3_refine_aux_late_stable | use_aux=1.0 cons=0.45 cls_aux=0.25 reg=0.25 joint_inv=0.08 kl=0.16 group_ce=0.80
[MIXSTYLE-EPOCH] phase=late_anneal enabled=1 p=0.050 strength=0.350 anneal_t=1.000
[AUG] scale=0.200 | p_dac=0.000 p_pa=0.028 p_shift=0.070 p_cfo=0.070 p_awgn=0.080 p_mp=0.036 | max_shift=6 cfo_max=8e-05 pn_max=0.0012
------------------------------------------------------------------------------------------------------------------------------------
[LOSS-CORE] total=2.0634 cls=0.4921 dom=0.1580 adv=2.6264 orth=0.0030 cons=0.1302 group_ce=0.9457
[LOSS-AUX]  cls_pa=0.8148 cls_dac=0.0000 pa_joint_inv=0.1892 pa_kl=0.6622 dac_reg=0.0000 pa_reg=0.0143 gap_dac=0.0000 gap_pa=0.2778 cos_joint_pa=0.8108 cos_imp_pa=nan
[LOSS-SAT]  cls_sat=8.9418 sat_cons=0.7166 sat_cos=0.2834
[LOSS-DG]   proto=0.0000 proto_cos=nan supcon=0.0000 fishr=0.0004 sgc_res=0.0000
[LOSS-CAL]  ecc=0.0000 ecc_w=0.0000 ecc_tau=0.9500 ecc_maxp=nan
[TRAIN] tx=96.40% dom=93.98% cons_cos=0.8698
[GRAD]  total=1.446 backbone=1.000 aux=0.750 domain=0.335
[VAL]   tx=99.03% dom=95.93%
[TEST]  overall_tx=89.48% (182549/204000)
[TEST-SPLIT]
          unseen_day_seen_rx(days=['2021_03_15', '2021_03_23'], rxs=[0, 1, 2, 3, 4, 5, 6]): tx=93.16% (78253/84000)
          seen_day_unseen_rx(days=['2021_03_01', '2021_03_08'], rxs=[7, 8, 9, 10, 11]): tx=89.45% (53670/60000)
          unseen_day_unseen_rx(days=['2021_03_15', '2021_03_23'], rxs=[7, 8, 9, 10, 11]): tx=84.38% (50626/60000)
          day=2021_03_15 on seen_rxs=[0, 1, 2, 3, 4, 5, 6]: tx=95.29% (40022/42000)
          day=2021_03_23 on seen_rxs=[0, 1, 2, 3, 4, 5, 6]: tx=91.03% (38231/42000)
          rx=7 on seen_days=['2021_03_01', '2021_03_08']: tx=83.87% (10064/12000)
          rx=8 on seen_days=['2021_03_01', '2021_03_08']: tx=84.05% (10086/12000)
          rx=9 on seen_days=['2021_03_01', '2021_03_08']: tx=91.62% (10995/12000)
          rx=10 on seen_days=['2021_03_01', '2021_03_08']: tx=93.03% (11164/12000)
          rx=11 on seen_days=['2021_03_01', '2021_03_08']: tx=94.67% (11361/12000)
[BEST-JOINT]  val_tx=99.08% & test_tx=89.48% @ E173
[CKPT]  latest -> finalist_runs/C4_A2_ecc003_satmain_seed1337/latest_model.pth (saved) | best -> finalist_runs/C4_A2_ecc003_satmain_seed1337/best_model_val.pth
====================================================================================================================================
[SAT-TEST] scenario=clear_leo selected=test_unseen_day_unseen_rx overall_tx=44.45% strict_udu=44.45% (26668/60000)
[SAT-TEST] scenario=low_elev_leo selected=test_unseen_day_unseen_rx overall_tx=44.54% strict_udu=44.54% (26724/60000)
[SAT-TEST] scenario=rain_leo selected=test_unseen_day_unseen_rx overall_tx=42.56% strict_udu=42.56% (25534/60000)
[SAT-TEST] scenario=storm_mp selected=test_unseen_day_unseen_rx overall_tx=38.49% strict_udu=38.49% (23094/60000)
[SAT-TEST] scenario=mixed_orbit selected=test_unseen_day_unseen_rx overall_tx=40.70% strict_udu=40.70% (24421/60000)
[BEST-TEST] overall=89.98% @ E114 -> finalist_runs/C4_A2_ecc003_satmain_seed1337/best_model_test_overall.pth | unseen_day_unseen_rx=85.11% @ E096 -> finalist_runs/C4_A2_ecc003_satmain_seed1337/best_model_strict_udu.pth | unseen_day_seen_rx=93.84% @ E043 | seen_day_unseen_rx=90.42% @ E114
[BEST-PRIMARY] score=86.81 @ E096 -> finalist_runs/C4_A2_ecc003_satmain_seed1337/best_model_primary_ood.pth | overall=89.95% strict_udu=85.11%
[BEST-WORST-RX] worst_rx=84.54% (test_rx_8) @ E115 -> finalist_runs/C4_A2_ecc003_satmain_seed1337/best_model_worst_rx.pth
====================================================================================================================================
[Epoch 198/200] time=85.9s | lr=1.05e-06 | aux_scale=1.000
[STAGE] phase=S3_refine_aux_late_stable | use_aux=1.0 cons=0.45 cls_aux=0.25 reg=0.25 joint_inv=0.08 kl=0.16 group_ce=0.80
[MIXSTYLE-EPOCH] phase=late_anneal enabled=1 p=0.050 strength=0.350 anneal_t=1.000
[AUG] scale=0.200 | p_dac=0.000 p_pa=0.028 p_shift=0.070 p_cfo=0.070 p_awgn=0.080 p_mp=0.036 | max_shift=6 cfo_max=8e-05 pn_max=0.0012
------------------------------------------------------------------------------------------------------------------------------------
[LOSS-CORE] total=2.4029 cls=0.7539 dom=0.2049 adv=2.6276 orth=0.0029 cons=0.1374 group_ce=1.2787
[LOSS-AUX]  cls_pa=0.7561 cls_dac=0.0000 pa_joint_inv=0.1866 pa_kl=0.5987 dac_reg=0.0000 pa_reg=0.0145 gap_dac=0.0000 gap_pa=0.2733 cos_joint_pa=0.8134 cos_imp_pa=nan
[LOSS-SAT]  cls_sat=9.0727 sat_cons=0.7184 sat_cos=0.2816
[LOSS-DG]   proto=0.0000 proto_cos=nan supcon=0.0000 fishr=0.0007 sgc_res=0.0000
[LOSS-CAL]  ecc=0.0000 ecc_w=0.0000 ecc_tau=0.9500 ecc_maxp=nan
[TRAIN] tx=94.25% dom=92.22% cons_cos=0.8626
[GRAD]  total=1.454 backbone=1.000 aux=0.750 domain=0.310
[VAL]   tx=99.03% dom=95.95%
[TEST]  overall_tx=89.48% (182530/204000)
[TEST-SPLIT]
          unseen_day_seen_rx(days=['2021_03_15', '2021_03_23'], rxs=[0, 1, 2, 3, 4, 5, 6]): tx=93.14% (78237/84000)
          seen_day_unseen_rx(days=['2021_03_01', '2021_03_08'], rxs=[7, 8, 9, 10, 11]): tx=89.41% (53647/60000)
          unseen_day_unseen_rx(days=['2021_03_15', '2021_03_23'], rxs=[7, 8, 9, 10, 11]): tx=84.41% (50646/60000)
          day=2021_03_15 on seen_rxs=[0, 1, 2, 3, 4, 5, 6]: tx=95.28% (40018/42000)
          day=2021_03_23 on seen_rxs=[0, 1, 2, 3, 4, 5, 6]: tx=91.00% (38219/42000)
          rx=7 on seen_days=['2021_03_01', '2021_03_08']: tx=83.70% (10044/12000)
          rx=8 on seen_days=['2021_03_01', '2021_03_08']: tx=84.08% (10089/12000)
          rx=9 on seen_days=['2021_03_01', '2021_03_08']: tx=91.60% (10992/12000)
          rx=10 on seen_days=['2021_03_01', '2021_03_08']: tx=92.99% (11159/12000)
          rx=11 on seen_days=['2021_03_01', '2021_03_08']: tx=94.69% (11363/12000)
[BEST-JOINT]  val_tx=99.08% & test_tx=89.48% @ E173
[CKPT]  latest -> finalist_runs/C4_A2_ecc003_satmain_seed1337/latest_model.pth (saved) | best -> finalist_runs/C4_A2_ecc003_satmain_seed1337/best_model_val.pth
====================================================================================================================================
[SAT-TEST] scenario=clear_leo selected=test_unseen_day_unseen_rx overall_tx=44.43% strict_udu=44.43% (26659/60000)
[SAT-TEST] scenario=low_elev_leo selected=test_unseen_day_unseen_rx overall_tx=44.56% strict_udu=44.56% (26735/60000)
[SAT-TEST] scenario=rain_leo selected=test_unseen_day_unseen_rx overall_tx=42.53% strict_udu=42.53% (25521/60000)
[SAT-TEST] scenario=storm_mp selected=test_unseen_day_unseen_rx overall_tx=38.47% strict_udu=38.47% (23082/60000)
[SAT-TEST] scenario=mixed_orbit selected=test_unseen_day_unseen_rx overall_tx=40.70% strict_udu=40.70% (24423/60000)
[BEST-TEST] overall=89.98% @ E114 -> finalist_runs/C4_A2_ecc003_satmain_seed1337/best_model_test_overall.pth | unseen_day_unseen_rx=85.11% @ E096 -> finalist_runs/C4_A2_ecc003_satmain_seed1337/best_model_strict_udu.pth | unseen_day_seen_rx=93.84% @ E043 | seen_day_unseen_rx=90.42% @ E114
[BEST-PRIMARY] score=86.81 @ E096 -> finalist_runs/C4_A2_ecc003_satmain_seed1337/best_model_primary_ood.pth | overall=89.95% strict_udu=85.11%
[BEST-WORST-RX] worst_rx=84.54% (test_rx_8) @ E115 -> finalist_runs/C4_A2_ecc003_satmain_seed1337/best_model_worst_rx.pth
====================================================================================================================================
[Epoch 199/200] time=85.3s | lr=1.01e-06 | aux_scale=1.000
[STAGE] phase=S3_refine_aux_late_stable | use_aux=1.0 cons=0.45 cls_aux=0.25 reg=0.25 joint_inv=0.08 kl=0.16 group_ce=0.80
[MIXSTYLE-EPOCH] phase=late_anneal enabled=1 p=0.050 strength=0.350 anneal_t=1.000
[AUG] scale=0.200 | p_dac=0.000 p_pa=0.028 p_shift=0.070 p_cfo=0.070 p_awgn=0.080 p_mp=0.036 | max_shift=6 cfo_max=8e-05 pn_max=0.0012
------------------------------------------------------------------------------------------------------------------------------------
[LOSS-CORE] total=2.8316 cls=1.0485 dom=0.2925 adv=2.6251 orth=0.0027 cons=0.1574 group_ce=1.8050
[LOSS-AUX]  cls_pa=0.8425 cls_dac=0.0000 pa_joint_inv=0.1899 pa_kl=0.6808 dac_reg=0.0000 pa_reg=0.0145 gap_dac=0.0000 gap_pa=0.2779 cos_joint_pa=0.8101 cos_imp_pa=nan
[LOSS-SAT]  cls_sat=9.0746 sat_cons=0.7063 sat_cos=0.2937
[LOSS-DG]   proto=0.0000 proto_cos=nan supcon=0.0000 fishr=0.0011 sgc_res=0.0000
[LOSS-CAL]  ecc=0.0000 ecc_w=0.0000 ecc_tau=0.9500 ecc_maxp=nan
[TRAIN] tx=91.78% dom=89.32% cons_cos=0.8426
[GRAD]  total=1.495 backbone=1.000 aux=0.750 domain=0.351
[VAL]   tx=99.02% dom=95.95%
[TEST]  overall_tx=89.41% (182399/204000)
[TEST-SPLIT]
          unseen_day_seen_rx(days=['2021_03_15', '2021_03_23'], rxs=[0, 1, 2, 3, 4, 5, 6]): tx=93.09% (78199/84000)
          seen_day_unseen_rx(days=['2021_03_01', '2021_03_08'], rxs=[7, 8, 9, 10, 11]): tx=89.28% (53566/60000)
          unseen_day_unseen_rx(days=['2021_03_15', '2021_03_23'], rxs=[7, 8, 9, 10, 11]): tx=84.39% (50634/60000)
          day=2021_03_15 on seen_rxs=[0, 1, 2, 3, 4, 5, 6]: tx=95.20% (39985/42000)
          day=2021_03_23 on seen_rxs=[0, 1, 2, 3, 4, 5, 6]: tx=90.99% (38214/42000)
          rx=7 on seen_days=['2021_03_01', '2021_03_08']: tx=83.46% (10015/12000)
          rx=8 on seen_days=['2021_03_01', '2021_03_08']: tx=83.97% (10076/12000)
          rx=9 on seen_days=['2021_03_01', '2021_03_08']: tx=91.50% (10980/12000)
          rx=10 on seen_days=['2021_03_01', '2021_03_08']: tx=92.95% (11154/12000)
          rx=11 on seen_days=['2021_03_01', '2021_03_08']: tx=94.51% (11341/12000)
[BEST-JOINT]  val_tx=99.08% & test_tx=89.48% @ E173
[CKPT]  latest -> finalist_runs/C4_A2_ecc003_satmain_seed1337/latest_model.pth (saved) | best -> finalist_runs/C4_A2_ecc003_satmain_seed1337/best_model_val.pth
====================================================================================================================================
[SAT-TEST] scenario=clear_leo selected=test_unseen_day_unseen_rx overall_tx=44.36% strict_udu=44.36% (26616/60000)
[SAT-TEST] scenario=low_elev_leo selected=test_unseen_day_unseen_rx overall_tx=44.51% strict_udu=44.51% (26706/60000)
[SAT-TEST] scenario=rain_leo selected=test_unseen_day_unseen_rx overall_tx=42.50% strict_udu=42.50% (25501/60000)
[SAT-TEST] scenario=storm_mp selected=test_unseen_day_unseen_rx overall_tx=38.45% strict_udu=38.45% (23070/60000)
[SAT-TEST] scenario=mixed_orbit selected=test_unseen_day_unseen_rx overall_tx=40.59% strict_udu=40.59% (24356/60000)
[BEST-TEST] overall=89.98% @ E114 -> finalist_runs/C4_A2_ecc003_satmain_seed1337/best_model_test_overall.pth | unseen_day_unseen_rx=85.11% @ E096 -> finalist_runs/C4_A2_ecc003_satmain_seed1337/best_model_strict_udu.pth | unseen_day_seen_rx=93.84% @ E043 | seen_day_unseen_rx=90.42% @ E114
[BEST-PRIMARY] score=86.81 @ E096 -> finalist_runs/C4_A2_ecc003_satmain_seed1337/best_model_primary_ood.pth | overall=89.95% strict_udu=85.11%
[BEST-WORST-RX] worst_rx=84.54% (test_rx_8) @ E115 -> finalist_runs/C4_A2_ecc003_satmain_seed1337/best_model_worst_rx.pth
====================================================================================================================================
[Epoch 200/200] time=85.9s | lr=1.00e-06 | aux_scale=1.000
[STAGE] phase=S3_refine_aux_late_stable | use_aux=1.0 cons=0.45 cls_aux=0.25 reg=0.25 joint_inv=0.08 kl=0.16 group_ce=0.80
[MIXSTYLE-EPOCH] phase=late_anneal enabled=1 p=0.050 strength=0.350 anneal_t=1.000
[AUG] scale=0.200 | p_dac=0.000 p_pa=0.028 p_shift=0.070 p_cfo=0.070 p_awgn=0.080 p_mp=0.036 | max_shift=6 cfo_max=8e-05 pn_max=0.0012
------------------------------------------------------------------------------------------------------------------------------------
[LOSS-CORE] total=2.4780 cls=0.8037 dom=0.2180 adv=2.6225 orth=0.0027 cons=0.1539 group_ce=1.5377
[LOSS-AUX]  cls_pa=0.7567 cls_dac=0.0000 pa_joint_inv=0.1882 pa_kl=0.6014 dac_reg=0.0000 pa_reg=0.0143 gap_dac=0.0000 gap_pa=0.2779 cos_joint_pa=0.8118 cos_imp_pa=nan
[LOSS-SAT]  cls_sat=8.9244 sat_cons=0.7069 sat_cos=0.2931
[LOSS-DG]   proto=0.0000 proto_cos=nan supcon=0.0000 fishr=0.0009 sgc_res=0.0000
[LOSS-CAL]  ecc=0.0000 ecc_w=0.0000 ecc_tau=0.9500 ecc_maxp=nan
[TRAIN] tx=93.67% dom=91.84% cons_cos=0.8461
[GRAD]  total=1.508 backbone=1.000 aux=0.750 domain=0.354
[VAL]   tx=99.02% dom=95.96%
[TEST]  overall_tx=89.44% (182449/204000)
[TEST-SPLIT]
          unseen_day_seen_rx(days=['2021_03_15', '2021_03_23'], rxs=[0, 1, 2, 3, 4, 5, 6]): tx=93.11% (78216/84000)
          seen_day_unseen_rx(days=['2021_03_01', '2021_03_08'], rxs=[7, 8, 9, 10, 11]): tx=89.33% (53600/60000)
          unseen_day_unseen_rx(days=['2021_03_15', '2021_03_23'], rxs=[7, 8, 9, 10, 11]): tx=84.39% (50633/60000)
          day=2021_03_15 on seen_rxs=[0, 1, 2, 3, 4, 5, 6]: tx=95.29% (40021/42000)
          day=2021_03_23 on seen_rxs=[0, 1, 2, 3, 4, 5, 6]: tx=90.94% (38195/42000)
          rx=7 on seen_days=['2021_03_01', '2021_03_08']: tx=83.72% (10046/12000)
          rx=8 on seen_days=['2021_03_01', '2021_03_08']: tx=83.97% (10076/12000)
          rx=9 on seen_days=['2021_03_01', '2021_03_08']: tx=91.53% (10984/12000)
          rx=10 on seen_days=['2021_03_01', '2021_03_08']: tx=92.97% (11156/12000)
          rx=11 on seen_days=['2021_03_01', '2021_03_08']: tx=94.48% (11338/12000)
[BEST-JOINT]  val_tx=99.08% & test_tx=89.48% @ E173
[CKPT]  latest -> finalist_runs/C4_A2_ecc003_satmain_seed1337/latest_model.pth (saved) | best -> finalist_runs/C4_A2_ecc003_satmain_seed1337/best_model_val.pth
====================================================================================================================================
[SAT-TEST] scenario=clear_leo selected=test_unseen_day_unseen_rx overall_tx=44.48% strict_udu=44.48% (26687/60000)
[SAT-TEST] scenario=low_elev_leo selected=test_unseen_day_unseen_rx overall_tx=44.61% strict_udu=44.61% (26767/60000)
[SAT-TEST] scenario=rain_leo selected=test_unseen_day_unseen_rx overall_tx=42.55% strict_udu=42.55% (25530/60000)
[SAT-TEST] scenario=storm_mp selected=test_unseen_day_unseen_rx overall_tx=38.44% strict_udu=38.44% (23065/60000)
[SAT-TEST] scenario=mixed_orbit selected=test_unseen_day_unseen_rx overall_tx=40.63% strict_udu=40.63% (24380/60000)
[BEST-TEST] overall=89.98% @ E114 -> finalist_runs/C4_A2_ecc003_satmain_seed1337/best_model_test_overall.pth | unseen_day_unseen_rx=85.11% @ E096 -> finalist_runs/C4_A2_ecc003_satmain_seed1337/best_model_strict_udu.pth | unseen_day_seen_rx=93.84% @ E043 | seen_day_unseen_rx=90.42% @ E114
[BEST-PRIMARY] score=86.81 @ E096 -> finalist_runs/C4_A2_ecc003_satmain_seed1337/best_model_primary_ood.pth | overall=89.95% strict_udu=85.11%
[BEST-WORST-RX] worst_rx=84.54% (test_rx_8) @ E115 -> finalist_runs/C4_A2_ecc003_satmain_seed1337/best_model_worst_rx.pth
Training finished. best_joint_val_tx_acc=99.08% & best_joint_test_tx_acc=89.48% at epoch 173
Training finished. best_test_overall_tx_acc=89.98% at epoch 114 -> finalist_runs/C4_A2_ecc003_satmain_seed1337/best_model_test_overall.pth
Training finished. best_primary_ood_score=86.81 at epoch 96 -> finalist_runs/C4_A2_ecc003_satmain_seed1337/best_model_primary_ood.pth
Training finished. best_unseen_day_unseen_rx_tx_acc=85.11% at epoch 96 -> finalist_runs/C4_A2_ecc003_satmain_seed1337/best_model_strict_udu.pth
Training finished. best_worst_rx_tx_acc=84.54% (test_rx_8) at epoch 115 -> finalist_runs/C4_A2_ecc003_satmain_seed1337/best_model_worst_rx.pth
Training finished. skipped_backward_batches=12
Final split info: {'mode': 'contiguous_trainval_with_explicit_day_rx_isolation', 'train_days_idx': [0, 1], 'train_days_label': ['2021_03_01', '2021_03_08'], 'test_days_idx': [2, 3], 'test_days_label': ['2021_03_15', '2021_03_23'], 'train_rxs_idx': [0, 1, 2, 3, 4, 5, 6], 'train_rxs_label': ['1-1', '1-19', '14-7', '18-2', '19-2', '2-1', '2-19'], 'test_rxs_idx': [7, 8, 9, 10, 11], 'test_rxs_label': ['20-1', '3-19', '7-14', '7-7', '8-8'], 'train_ratio': 0.2, 'requested_val_ratio': 0.8, 'guard_gap': 8, 'trainval_pool_size': 84000, 'train_size': 16800, 'val_size': 66528, 'effective_train_ratio': 0.2, 'effective_val_ratio': 0.792, 'test_size': 204000, 'dropped_gap_size': 672, 'max_samples_per_combo_day123': None, 'max_samples_per_combo_train': None, 'max_samples_per_combo_val': None, 'max_samples_per_combo_test': None, 'named_test_sizes': {'test_unseen_day_seen_rx': 84000, 'test_day_2': 42000, 'test_day_3': 42000, 'test_seen_day_unseen_rx': 60000, 'test_rx_7': 12000, 'test_rx_8': 12000, 'test_rx_9': 12000, 'test_rx_10': 12000, 'test_rx_11': 12000, 'test_unseen_day_unseen_rx': 60000}}
[FINAL-BEST] val_tx=99.08% | test_overall_tx=89.48%
[FINAL-BEST] unseen_day_seen_rx(days=['2021_03_15', '2021_03_23'], rxs=[0, 1, 2, 3, 4, 5, 6]): tx=93.22% (78304/84000)
[FINAL-BEST] seen_day_unseen_rx(days=['2021_03_01', '2021_03_08'], rxs=[7, 8, 9, 10, 11]): tx=89.18% (53508/60000)
[FINAL-BEST] unseen_day_unseen_rx(days=['2021_03_15', '2021_03_23'], rxs=[7, 8, 9, 10, 11]): tx=84.54% (50723/60000)
[FINAL-BEST] day=2021_03_15 on seen_rxs=[0, 1, 2, 3, 4, 5, 6]: tx=95.16% (39967/42000)
[FINAL-BEST] day=2021_03_23 on seen_rxs=[0, 1, 2, 3, 4, 5, 6]: tx=91.28% (38337/42000)
[FINAL-BEST] rx=7 on seen_days=['2021_03_01', '2021_03_08']: tx=82.78% (9934/12000)
[FINAL-BEST] rx=8 on seen_days=['2021_03_01', '2021_03_08']: tx=84.13% (10096/12000)
[FINAL-BEST] rx=9 on seen_days=['2021_03_01', '2021_03_08']: tx=91.55% (10986/12000)
[FINAL-BEST] rx=10 on seen_days=['2021_03_01', '2021_03_08']: tx=92.38% (11086/12000)
[FINAL-BEST] rx=11 on seen_days=['2021_03_01', '2021_03_08']: tx=95.05% (11406/12000)
[FINAL-BEST] [SAT-TEST] scenario=clear_leo selected=test_unseen_day_unseen_rx overall_tx=43.88% strict_udu=43.88% (26326/60000)
[FINAL-BEST] [SAT-TEST] scenario=low_elev_leo selected=test_unseen_day_unseen_rx overall_tx=43.73% strict_udu=43.73% (26240/60000)
[FINAL-BEST] [SAT-TEST] scenario=rain_leo selected=test_unseen_day_unseen_rx overall_tx=41.68% strict_udu=41.68% (25006/60000)
[FINAL-BEST] [SAT-TEST] scenario=storm_mp selected=test_unseen_day_unseen_rx overall_tx=37.96% strict_udu=37.96% (22775/60000)
[FINAL-BEST] [SAT-TEST] scenario=mixed_orbit selected=test_unseen_day_unseen_rx overall_tx=40.20% strict_udu=40.20% (24117/60000)
[FINAL-PRIMARY] val_tx=98.88% | test_overall_tx=89.95% | strict_udu=85.11% | score=86.81
[FINAL-PRIMARY] unseen_day_seen_rx(days=['2021_03_15', '2021_03_23'], rxs=[0, 1, 2, 3, 4, 5, 6]): tx=93.47% (78512/84000)
[FINAL-PRIMARY] seen_day_unseen_rx(days=['2021_03_01', '2021_03_08'], rxs=[7, 8, 9, 10, 11]): tx=89.88% (53925/60000)
[FINAL-PRIMARY] unseen_day_unseen_rx(days=['2021_03_15', '2021_03_23'], rxs=[7, 8, 9, 10, 11]): tx=85.11% (51068/60000)
[FINAL-PRIMARY] day=2021_03_15 on seen_rxs=[0, 1, 2, 3, 4, 5, 6]: tx=95.28% (40019/42000)
[FINAL-PRIMARY] day=2021_03_23 on seen_rxs=[0, 1, 2, 3, 4, 5, 6]: tx=91.65% (38493/42000)
[FINAL-PRIMARY] rx=7 on seen_days=['2021_03_01', '2021_03_08']: tx=82.69% (9923/12000)
[FINAL-PRIMARY] rx=8 on seen_days=['2021_03_01', '2021_03_08']: tx=85.33% (10240/12000)
[FINAL-PRIMARY] rx=9 on seen_days=['2021_03_01', '2021_03_08']: tx=92.15% (11058/12000)
[FINAL-PRIMARY] rx=10 on seen_days=['2021_03_01', '2021_03_08']: tx=92.83% (11140/12000)
[FINAL-PRIMARY] rx=11 on seen_days=['2021_03_01', '2021_03_08']: tx=96.37% (11564/12000)
[FINAL-PRIMARY] [SAT-TEST] scenario=clear_leo selected=test_unseen_day_unseen_rx overall_tx=42.77% strict_udu=42.77% (25659/60000)
[FINAL-PRIMARY] [SAT-TEST] scenario=low_elev_leo selected=test_unseen_day_unseen_rx overall_tx=41.88% strict_udu=41.88% (25128/60000)
[FINAL-PRIMARY] [SAT-TEST] scenario=rain_leo selected=test_unseen_day_unseen_rx overall_tx=40.23% strict_udu=40.23% (24140/60000)
[FINAL-PRIMARY] [SAT-TEST] scenario=storm_mp selected=test_unseen_day_unseen_rx overall_tx=36.26% strict_udu=36.26% (21757/60000)
[FINAL-PRIMARY] [SAT-TEST] scenario=mixed_orbit selected=test_unseen_day_unseen_rx overall_tx=39.21% strict_udu=39.21% (23526/60000)
