Starting Training at 2026-05-07 21:44:49
Device: cuda:0 | AMP: True | use_aug=True
[EXP] s3_rxrobust_no_dac | S3 RX-robust no-DAC: PA-only aux + hard-domain CE for weak unseen receivers | no_dac->disable_dac_aux
[SLIM] group=rxrobust_lite_b_no_dac_mix015 | R05 conservative MixStyle: lower p/strength for no-stats-sensitive domains.
[SAT-EVAL] enabled scenarios=clear_leo,low_elev_leo,rain_leo,storm_mp,mixed_orbit on=test_unseen_day_unseen_rx max_batches=-1
[SAT-TRAIN] scenario=mixed_orbit view_source=main lambda_cons=0.0400 lambda_cls=0.0800 start_epoch=20
[EXP] pa_main=True pa_aux=True dac_aux=False | aug_p_pa=0.140 aug_p_dac=0.000
[EXP] pure_views: dac_only(channel=False, anti=False) | pa_only(channel=False, anti=False)
[EXP] stage schedule: stage1<=E16, stage2<=E80, stage3 ramp=20
[EXP] pure_views: dac_only(channel=False, anti=False) pa_only(channel=False, anti=False) | defect_strength_mode=tiered
[WISIG] overriding num_classes 16 -> 6
[WISIG] pkl=./Dataset_WigSig/ManySig.pkl eq=1 out_len=256 domain=rx_day
[WISIG] TRAIN DAYS: ['2021_03_01', '2021_03_08'] | TRAIN RXS: [0, 1, 2, 3, 4, 5, 6]
[WISIG] TEST  DAYS: ['2021_03_15', '2021_03_23'] | TEST  RXS: [7, 8, 9, 10, 11]
[WISIG] VAL   source: same train_days x train_rxs tail (guard_gap=8)
[WISIG-SPLIT] train_ratio=0.200 requested_val_ratio=0.800 effective_train=0.200 effective_val=0.792
[WISIG] named_test_sizes={'test_unseen_day_seen_rx': 84000, 'test_day_2': 42000, 'test_day_3': 42000, 'test_seen_day_unseen_rx': 60000, 'test_rx_7': 12000, 'test_rx_8': 12000, 'test_rx_9': 12000, 'test_rx_10': 12000, 'test_rx_11': 12000, 'test_unseen_day_unseen_rx': 60000}
[WISIG] split_info={'mode': 'contiguous_trainval_with_explicit_day_rx_isolation', 'train_days_idx': [0, 1], 'train_days_label': ['2021_03_01', '2021_03_08'], 'test_days_idx': [2, 3], 'test_days_label': ['2021_03_15', '2021_03_23'], 'train_rxs_idx': [0, 1, 2, 3, 4, 5, 6], 'train_rxs_label': ['1-1', '1-19', '14-7', '18-2', '19-2', '2-1', '2-19'], 'test_rxs_idx': [7, 8, 9, 10, 11], 'test_rxs_label': ['20-1', '3-19', '7-14', '7-7', '8-8'], 'train_ratio': 0.2, 'requested_val_ratio': 0.8, 'guard_gap': 8, 'trainval_pool_size': 84000, 'train_size': 16800, 'val_size': 66528, 'effective_train_ratio': 0.2, 'effective_val_ratio': 0.792, 'test_size': 204000, 'dropped_gap_size': 672, 'max_samples_per_combo_day123': None, 'max_samples_per_combo_train': None, 'max_samples_per_combo_val': None, 'max_samples_per_combo_test': None, 'named_test_sizes': {'test_unseen_day_seen_rx': 84000, 'test_day_2': 42000, 'test_day_3': 42000, 'test_seen_day_unseen_rx': 60000, 'test_rx_7': 12000, 'test_rx_8': 12000, 'test_rx_9': 12000, 'test_rx_10': 12000, 'test_rx_11': 12000, 'test_unseen_day_unseen_rx': 60000}}
[SAMPLES] train=16800 | val=66528
[SAMPLES-RX][TRAIN] rx[0]=1-1:2400 | rx[1]=1-19:2400 | rx[2]=14-7:2400 | rx[3]=18-2:2400 | rx[4]=19-2:2400 | rx[5]=2-1:2400 | rx[6]=2-19:2400
[SAMPLES-RX][VAL]   rx[0]=1-1:9504 | rx[1]=1-19:9504 | rx[2]=14-7:9504 | rx[3]=18-2:9504 | rx[4]=19-2:9504 | rx[5]=2-1:9504 | rx[6]=2-19:9504
========================================================================================================================
[DOMAIN-MODE] wisig_domain=rx_day | target=JOINT RECEIVER × DATE domain | 中文=接收机×日期联合域
[DOMAIN-MODE] num_train_domains=14
[DOMAIN-LOSS] loss_dom  : 让 z_dom 分类每一个 RX×day 组合域，显式捕捉接收机与日期的耦合偏置。
[DOMAIN-LOSS] loss_adv  : 通过 GRL 让 z_id 同时去除 RX 与 day 的联合域信息。
[DOMAIN-LOSS] loss_cons : 约束同一发射机跨 RX×day 组合域的 ID 特征中心更接近。
[DOMAIN-RISK] 域数最多，域分类更难；batch 内域覆盖不足时 cons/adv 可能不稳定。
[DOMAIN-SPLIT] train_days=['2021_03_01', '2021_03_08'] | train_rxs_idx=[0, 1, 2, 3, 4, 5, 6] | test_days=['2021_03_15', '2021_03_23'] | test_rxs_idx=[7, 8, 9, 10, 11]
[DOMAIN-LABELS] raw_domain -> mapped_domain -> readable_label
  raw=   0 -> mapped=  0 -> rx_day[0]=rx[0]=1-1 × day[0]=2021_03_01
  raw=   1 -> mapped=  1 -> rx_day[1]=rx[0]=1-1 × day[1]=2021_03_08
  raw=   4 -> mapped=  2 -> rx_day[4]=rx[1]=1-19 × day[0]=2021_03_01
  raw=   5 -> mapped=  3 -> rx_day[5]=rx[1]=1-19 × day[1]=2021_03_08
  raw=   8 -> mapped=  4 -> rx_day[8]=rx[2]=14-7 × day[0]=2021_03_01
  raw=   9 -> mapped=  5 -> rx_day[9]=rx[2]=14-7 × day[1]=2021_03_08
  raw=  12 -> mapped=  6 -> rx_day[12]=rx[3]=18-2 × day[0]=2021_03_01
  raw=  13 -> mapped=  7 -> rx_day[13]=rx[3]=18-2 × day[1]=2021_03_08
  raw=  16 -> mapped=  8 -> rx_day[16]=rx[4]=19-2 × day[0]=2021_03_01
  raw=  17 -> mapped=  9 -> rx_day[17]=rx[4]=19-2 × day[1]=2021_03_08
  raw=  20 -> mapped= 10 -> rx_day[20]=rx[5]=2-1 × day[0]=2021_03_01
  raw=  21 -> mapped= 11 -> rx_day[21]=rx[5]=2-1 × day[1]=2021_03_08
  raw=  24 -> mapped= 12 -> rx_day[24]=rx[6]=2-19 × day[0]=2021_03_01
  raw=  25 -> mapped= 13 -> rx_day[25]=rx[6]=2-19 × day[1]=2021_03_08
========================================================================================================================
[MODEL] DualCVSincNetDisentangle variant=lite_b branch_ablation=no_dac emb_dim=192 num_domains=14 params=1,343,416 trainable=1,343,416
[SGC-ADAPTER] enabled=False stage=source
[MIXSTYLE] on=1 p=0.150 alpha=0.100 eps=1.0e-06 layers=time_down,t1 use_domain=1 mix=same_tx_crossdomain strength=0.65 fallback=skip
[MIXSTYLE-SCHEDULE] late_start=110 ramp=35 min_p=0.050 min_strength=0.35 stop_epoch=0
[DOMAIN-BACKBONE] branch_ablation=no_pa,no_stats enhancer=rcn_stats enhancer_strength=0.35 fast_infer_no_aux=1
[AUG-INIT] enabled | scale:[0.10->0.35] warmup=3 ramp=15 curve=1.25 | base_p_dac=0.00 base_p_pa=0.14
[CKPT-PATHS]
  latest                       -> finalist_runs/D4_domain_no_pa_no_stats_seed1337/latest_model.pth
  best_by_val                  -> finalist_runs/D4_domain_no_pa_no_stats_seed1337/best_model_val.pth
  best_by_test_overall         -> finalist_runs/D4_domain_no_pa_no_stats_seed1337/best_model_test_overall.pth
  best_by_primary_ood         -> finalist_runs/D4_domain_no_pa_no_stats_seed1337/best_model_primary_ood.pth (udu_weight=0.65)
  best_by_unseen_day_unseen_rx -> finalist_runs/D4_domain_no_pa_no_stats_seed1337/best_model_strict_udu.pth
  best_by_unseen_day_seen_rx   -> finalist_runs/D4_domain_no_pa_no_stats_seed1337/best_model_val_test_unseen_day_seen_rx.pth
  best_by_seen_day_unseen_rx   -> finalist_runs/D4_domain_no_pa_no_stats_seed1337/best_model_val_test_seen_day_unseen_rx.pth
  best_by_worst_rx             -> finalist_runs/D4_domain_no_pa_no_stats_seed1337/best_model_worst_rx.pth
[WARN][E001] unsafe backward/step skipped #1
====================================================================================================================================
[Epoch 001/200] time=82.0s | lr=2.00e-04 | aux_scale=0.000
[STAGE] phase=S1_core | use_aux=0.0 cons=0.00 cls_aux=0.00 reg=0.00 joint_inv=0.00 kl=0.00 group_ce=0.50
[MIXSTYLE-EPOCH] phase=base enabled=1 p=0.150 strength=0.650 anneal_t=0.000
[AUG] scale=0.100 | p_dac=0.000 p_pa=0.014 p_shift=0.035 p_cfo=0.035 p_awgn=0.040 p_mp=0.018 | max_shift=3 cfo_max=4e-05 pn_max=0.0006
------------------------------------------------------------------------------------------------------------------------------------
[LOSS-CORE] total=15.5562 cls=11.5126 dom=2.6070 adv=2.6391 orth=0.0002 cons=0.1963 group_ce=12.1042
[LOSS-AUX]  cls_pa=0.0000 cls_dac=0.0000 pa_joint_inv=0.0000 pa_kl=0.0000 dac_reg=0.0000 pa_reg=0.0000 gap_dac=0.0000 gap_pa=0.0000 cos_joint_pa=nan cos_imp_pa=nan
[LOSS-SAT]  cls_sat=0.0000 sat_cons=0.0000 sat_cos=nan
[LOSS-DG]   proto=0.0000 proto_cos=nan supcon=0.0000 fishr=0.0072 sgc_res=0.0000
[LOSS-CAL]  ecc=0.0000 ecc_w=0.0000 ecc_tau=0.6500 ecc_maxp=nan
[TRAIN] tx=0.70% dom=10.72% cons_cos=0.8028
[GRAD]  total=1.230 backbone=1.000 aux=0.556 domain=0.435
[VAL]   tx=68.53% dom=22.20%
[TEST]  overall_tx=63.64% (129829/204000)
[TEST-SPLIT]
          unseen_day_seen_rx(days=['2021_03_15', '2021_03_23'], rxs=[0, 1, 2, 3, 4, 5, 6]): tx=66.19% (55599/84000)
          seen_day_unseen_rx(days=['2021_03_01', '2021_03_08'], rxs=[7, 8, 9, 10, 11]): tx=61.72% (37031/60000)
          unseen_day_unseen_rx(days=['2021_03_15', '2021_03_23'], rxs=[7, 8, 9, 10, 11]): tx=62.00% (37199/60000)
          day=2021_03_15 on seen_rxs=[0, 1, 2, 3, 4, 5, 6]: tx=67.29% (28261/42000)
          day=2021_03_23 on seen_rxs=[0, 1, 2, 3, 4, 5, 6]: tx=65.09% (27338/42000)
          rx=7 on seen_days=['2021_03_01', '2021_03_08']: tx=67.52% (8102/12000)
          rx=8 on seen_days=['2021_03_01', '2021_03_08']: tx=43.30% (5196/12000)
          rx=9 on seen_days=['2021_03_01', '2021_03_08']: tx=71.12% (8535/12000)
          rx=10 on seen_days=['2021_03_01', '2021_03_08']: tx=54.69% (6563/12000)
          rx=11 on seen_days=['2021_03_01', '2021_03_08']: tx=71.96% (8635/12000)
[BEST-JOINT]  val_tx=68.53% & test_tx=63.64% @ E001
[CKPT]  latest -> finalist_runs/D4_domain_no_pa_no_stats_seed1337/latest_model.pth (saved) | best -> finalist_runs/D4_domain_no_pa_no_stats_seed1337/best_model_val.pth (updated: val improved)
====================================================================================================================================
[SAT-TEST] scenario=clear_leo selected=test_unseen_day_unseen_rx overall_tx=35.16% strict_udu=35.16% (21097/60000)
[SAT-TEST] scenario=low_elev_leo selected=test_unseen_day_unseen_rx overall_tx=34.88% strict_udu=34.88% (20927/60000)
[SAT-TEST] scenario=rain_leo selected=test_unseen_day_unseen_rx overall_tx=34.91% strict_udu=34.91% (20946/60000)
[SAT-TEST] scenario=storm_mp selected=test_unseen_day_unseen_rx overall_tx=32.10% strict_udu=32.10% (19260/60000)
[SAT-TEST] scenario=mixed_orbit selected=test_unseen_day_unseen_rx overall_tx=32.47% strict_udu=32.47% (19484/60000)
[BEST-TEST] overall=63.64% @ E001 -> finalist_runs/D4_domain_no_pa_no_stats_seed1337/best_model_test_overall.pth | unseen_day_unseen_rx=62.00% @ E001 -> finalist_runs/D4_domain_no_pa_no_stats_seed1337/best_model_strict_udu.pth | unseen_day_seen_rx=66.19% @ E001 | seen_day_unseen_rx=61.72% @ E001
[BEST-PRIMARY] score=62.57 @ E001 -> finalist_runs/D4_domain_no_pa_no_stats_seed1337/best_model_primary_ood.pth | overall=63.64% strict_udu=62.00%
[BEST-WORST-RX] worst_rx=43.30% (test_rx_8) @ E001 -> finalist_runs/D4_domain_no_pa_no_stats_seed1337/best_model_worst_rx.pth
[WARN][E002] unsafe backward/step skipped #2
====================================================================================================================================
[Epoch 002/200] time=75.9s | lr=2.00e-04 | aux_scale=0.000
[STAGE] phase=S1_core | use_aux=0.0 cons=0.00 cls_aux=0.00 reg=0.00 joint_inv=0.00 kl=0.00 group_ce=0.50
[MIXSTYLE-EPOCH] phase=base enabled=1 p=0.150 strength=0.650 anneal_t=0.000
[AUG] scale=0.100 | p_dac=0.000 p_pa=0.014 p_shift=0.035 p_cfo=0.035 p_awgn=0.040 p_mp=0.018 | max_shift=3 cfo_max=4e-05 pn_max=0.0006
------------------------------------------------------------------------------------------------------------------------------------
[LOSS-CORE] total=10.8477 cls=7.2734 dom=2.2939 adv=2.6360 orth=0.0003 cons=0.2431 group_ce=8.9977
[LOSS-AUX]  cls_pa=0.0000 cls_dac=0.0000 pa_joint_inv=0.0000 pa_kl=0.0000 dac_reg=0.0000 pa_reg=0.0000 gap_dac=0.0000 gap_pa=0.0000 cos_joint_pa=nan cos_imp_pa=nan
[LOSS-SAT]  cls_sat=0.0000 sat_cons=0.0000 sat_cos=nan
[LOSS-DG]   proto=0.0000 proto_cos=nan supcon=0.0000 fishr=0.0065 sgc_res=0.0000
[LOSS-CAL]  ecc=0.0000 ecc_w=0.0000 ecc_tau=0.6502 ecc_maxp=nan
[TRAIN] tx=27.76% dom=22.19% cons_cos=0.7562
[GRAD]  total=1.366 backbone=1.000 aux=0.747 domain=0.500
[VAL]   tx=79.72% dom=33.80%
[TEST]  overall_tx=72.24% (147377/204000)
[TEST-SPLIT]
          unseen_day_seen_rx(days=['2021_03_15', '2021_03_23'], rxs=[0, 1, 2, 3, 4, 5, 6]): tx=75.18% (63149/84000)
          seen_day_unseen_rx(days=['2021_03_01', '2021_03_08'], rxs=[7, 8, 9, 10, 11]): tx=69.94% (41965/60000)
          unseen_day_unseen_rx(days=['2021_03_15', '2021_03_23'], rxs=[7, 8, 9, 10, 11]): tx=70.44% (42263/60000)
          day=2021_03_15 on seen_rxs=[0, 1, 2, 3, 4, 5, 6]: tx=76.68% (32204/42000)
          day=2021_03_23 on seen_rxs=[0, 1, 2, 3, 4, 5, 6]: tx=73.68% (30945/42000)
          rx=7 on seen_days=['2021_03_01', '2021_03_08']: tx=69.67% (8361/12000)
          rx=8 on seen_days=['2021_03_01', '2021_03_08']: tx=53.42% (6410/12000)
          rx=9 on seen_days=['2021_03_01', '2021_03_08']: tx=75.51% (9061/12000)
          rx=10 on seen_days=['2021_03_01', '2021_03_08']: tx=71.06% (8527/12000)
          rx=11 on seen_days=['2021_03_01', '2021_03_08']: tx=80.05% (9606/12000)
[BEST-JOINT]  val_tx=79.72% & test_tx=72.24% @ E002
[CKPT]  latest -> finalist_runs/D4_domain_no_pa_no_stats_seed1337/latest_model.pth (saved) | best -> finalist_runs/D4_domain_no_pa_no_stats_seed1337/best_model_val.pth (updated: val improved)
====================================================================================================================================
[SAT-TEST] scenario=clear_leo selected=test_unseen_day_unseen_rx overall_tx=36.54% strict_udu=36.54% (21922/60000)
[SAT-TEST] scenario=low_elev_leo selected=test_unseen_day_unseen_rx overall_tx=36.45% strict_udu=36.45% (21869/60000)
[SAT-TEST] scenario=rain_leo selected=test_unseen_day_unseen_rx overall_tx=35.94% strict_udu=35.94% (21565/60000)
[SAT-TEST] scenario=storm_mp selected=test_unseen_day_unseen_rx overall_tx=31.33% strict_udu=31.33% (18796/60000)
[SAT-TEST] scenario=mixed_orbit selected=test_unseen_day_unseen_rx overall_tx=32.94% strict_udu=32.94% (19763/60000)
[BEST-TEST] overall=72.24% @ E002 -> finalist_runs/D4_domain_no_pa_no_stats_seed1337/best_model_test_overall.pth | unseen_day_unseen_rx=70.44% @ E002 -> finalist_runs/D4_domain_no_pa_no_stats_seed1337/best_model_strict_udu.pth | unseen_day_seen_rx=75.18% @ E002 | seen_day_unseen_rx=69.94% @ E002
[BEST-PRIMARY] score=71.07 @ E002 -> finalist_runs/D4_domain_no_pa_no_stats_seed1337/best_model_primary_ood.pth | overall=72.24% strict_udu=70.44%
[BEST-WORST-RX] worst_rx=53.42% (test_rx_8) @ E002 -> finalist_runs/D4_domain_no_pa_no_stats_seed1337/best_model_worst_rx.pth
====================================================================================================================================
[Epoch 003/200] time=74.3s | lr=2.00e-04 | aux_scale=0.000
[STAGE] phase=S1_core | use_aux=0.0 cons=0.00 cls_aux=0.00 reg=0.00 joint_inv=0.00 kl=0.00 group_ce=0.50
[MIXSTYLE-EPOCH] phase=base enabled=1 p=0.150 strength=0.650 anneal_t=0.000
[AUG] scale=0.100 | p_dac=0.000 p_pa=0.014 p_shift=0.035 p_cfo=0.035 p_awgn=0.040 p_mp=0.018 | max_shift=3 cfo_max=4e-05 pn_max=0.0006
------------------------------------------------------------------------------------------------------------------------------------
[LOSS-CORE] total=8.6729 cls=5.4773 dom=1.9860 adv=2.6330 orth=0.0002 cons=0.2868 group_ce=7.6016
[LOSS-AUX]  cls_pa=0.0000 cls_dac=0.0000 pa_joint_inv=0.0000 pa_kl=0.0000 dac_reg=0.0000 pa_reg=0.0000 gap_dac=0.0000 gap_pa=0.0000 cos_joint_pa=nan cos_imp_pa=nan
[LOSS-SAT]  cls_sat=0.0000 sat_cons=0.0000 sat_cos=nan
[LOSS-DG]   proto=0.0000 proto_cos=nan supcon=0.0000 fishr=0.0063 sgc_res=0.0000
[LOSS-CAL]  ecc=0.0000 ecc_w=0.0000 ecc_tau=0.6508 ecc_maxp=nan
[TRAIN] tx=49.42% dom=31.18% cons_cos=0.7132
[GRAD]  total=1.395 backbone=1.000 aux=0.750 domain=0.500
[VAL]   tx=89.44% dom=43.95%
[TEST]  overall_tx=78.75% (160643/204000)
[TEST-SPLIT]
          unseen_day_seen_rx(days=['2021_03_15', '2021_03_23'], rxs=[0, 1, 2, 3, 4, 5, 6]): tx=83.94% (70507/84000)
          seen_day_unseen_rx(days=['2021_03_01', '2021_03_08'], rxs=[7, 8, 9, 10, 11]): tx=77.06% (46239/60000)
          unseen_day_unseen_rx(days=['2021_03_15', '2021_03_23'], rxs=[7, 8, 9, 10, 11]): tx=73.16% (43897/60000)
          day=2021_03_15 on seen_rxs=[0, 1, 2, 3, 4, 5, 6]: tx=86.28% (36237/42000)
          day=2021_03_23 on seen_rxs=[0, 1, 2, 3, 4, 5, 6]: tx=81.60% (34270/42000)
          rx=7 on seen_days=['2021_03_01', '2021_03_08']: tx=72.72% (8726/12000)
          rx=8 on seen_days=['2021_03_01', '2021_03_08']: tx=57.73% (6927/12000)
          rx=9 on seen_days=['2021_03_01', '2021_03_08']: tx=85.38% (10245/12000)
          rx=10 on seen_days=['2021_03_01', '2021_03_08']: tx=77.62% (9314/12000)
          rx=11 on seen_days=['2021_03_01', '2021_03_08']: tx=91.89% (11027/12000)
[BEST-JOINT]  val_tx=89.44% & test_tx=78.75% @ E003
[CKPT]  latest -> finalist_runs/D4_domain_no_pa_no_stats_seed1337/latest_model.pth (saved) | best -> finalist_runs/D4_domain_no_pa_no_stats_seed1337/best_model_val.pth (updated: val improved)
====================================================================================================================================
[SAT-TEST] scenario=clear_leo selected=test_unseen_day_unseen_rx overall_tx=34.36% strict_udu=34.36% (20617/60000)
[SAT-TEST] scenario=low_elev_leo selected=test_unseen_day_unseen_rx overall_tx=34.22% strict_udu=34.22% (20531/60000)
[SAT-TEST] scenario=rain_leo selected=test_unseen_day_unseen_rx overall_tx=33.53% strict_udu=33.53% (20117/60000)
[SAT-TEST] scenario=storm_mp selected=test_unseen_day_unseen_rx overall_tx=30.13% strict_udu=30.13% (18079/60000)
[SAT-TEST] scenario=mixed_orbit selected=test_unseen_day_unseen_rx overall_tx=31.74% strict_udu=31.74% (19044/60000)
[BEST-TEST] overall=78.75% @ E003 -> finalist_runs/D4_domain_no_pa_no_stats_seed1337/best_model_test_overall.pth | unseen_day_unseen_rx=73.16% @ E003 -> finalist_runs/D4_domain_no_pa_no_stats_seed1337/best_model_strict_udu.pth | unseen_day_seen_rx=83.94% @ E003 | seen_day_unseen_rx=77.06% @ E003
[BEST-PRIMARY] score=75.12 @ E003 -> finalist_runs/D4_domain_no_pa_no_stats_seed1337/best_model_primary_ood.pth | overall=78.75% strict_udu=73.16%
[BEST-WORST-RX] worst_rx=57.73% (test_rx_8) @ E003 -> finalist_runs/D4_domain_no_pa_no_stats_seed1337/best_model_worst_rx.pth
====================================================================================================================================
[Epoch 004/200] time=77.0s | lr=2.00e-04 | aux_scale=0.067
[STAGE] phase=S1_core | use_aux=0.0 cons=0.00 cls_aux=0.00 reg=0.00 joint_inv=0.00 kl=0.00 group_ce=0.50
[MIXSTYLE-EPOCH] phase=base enabled=1 p=0.150 strength=0.650 anneal_t=0.000
[AUG] scale=0.108 | p_dac=0.000 p_pa=0.015 p_shift=0.038 p_cfo=0.038 p_awgn=0.043 p_mp=0.020 | max_shift=3 cfo_max=4.339e-05 pn_max=0.0006508
------------------------------------------------------------------------------------------------------------------------------------
[LOSS-CORE] total=6.7218 cls=3.8345 dom=1.7564 adv=2.6294 orth=0.0002 cons=0.3074 group_ce=6.0524
[LOSS-AUX]  cls_pa=0.0000 cls_dac=0.0000 pa_joint_inv=0.0000 pa_kl=0.0000 dac_reg=0.0000 pa_reg=0.0000 gap_dac=0.0000 gap_pa=0.0000 cos_joint_pa=nan cos_imp_pa=nan
[LOSS-SAT]  cls_sat=0.0000 sat_cons=0.0000 sat_cos=nan
[LOSS-DG]   proto=0.0000 proto_cos=nan supcon=0.0000 fishr=0.0052 sgc_res=0.0000
[LOSS-CAL]  ecc=0.0000 ecc_w=0.0000 ecc_tau=0.6518 ecc_maxp=nan
[TRAIN] tx=62.39% dom=39.56% cons_cos=0.6926
[GRAD]  total=1.428 backbone=1.000 aux=0.750 domain=0.500
[VAL]   tx=92.84% dom=55.14%
[TEST]  overall_tx=80.05% (163309/204000)
[TEST-SPLIT]
          unseen_day_seen_rx(days=['2021_03_15', '2021_03_23'], rxs=[0, 1, 2, 3, 4, 5, 6]): tx=87.43% (73445/84000)
          seen_day_unseen_rx(days=['2021_03_01', '2021_03_08'], rxs=[7, 8, 9, 10, 11]): tx=77.95% (46770/60000)
          unseen_day_unseen_rx(days=['2021_03_15', '2021_03_23'], rxs=[7, 8, 9, 10, 11]): tx=71.82% (43094/60000)
          day=2021_03_15 on seen_rxs=[0, 1, 2, 3, 4, 5, 6]: tx=89.79% (37713/42000)
          day=2021_03_23 on seen_rxs=[0, 1, 2, 3, 4, 5, 6]: tx=85.08% (35732/42000)
          rx=7 on seen_days=['2021_03_01', '2021_03_08']: tx=73.69% (8843/12000)
          rx=8 on seen_days=['2021_03_01', '2021_03_08']: tx=55.73% (6688/12000)
          rx=9 on seen_days=['2021_03_01', '2021_03_08']: tx=84.06% (10087/12000)
          rx=10 on seen_days=['2021_03_01', '2021_03_08']: tx=87.45% (10494/12000)
          rx=11 on seen_days=['2021_03_01', '2021_03_08']: tx=88.82% (10658/12000)
[BEST-JOINT]  val_tx=92.84% & test_tx=80.05% @ E004
[CKPT]  latest -> finalist_runs/D4_domain_no_pa_no_stats_seed1337/latest_model.pth (saved) | best -> finalist_runs/D4_domain_no_pa_no_stats_seed1337/best_model_val.pth (updated: val improved)
====================================================================================================================================
[SAT-TEST] scenario=clear_leo selected=test_unseen_day_unseen_rx overall_tx=33.53% strict_udu=33.53% (20120/60000)
[SAT-TEST] scenario=low_elev_leo selected=test_unseen_day_unseen_rx overall_tx=33.49% strict_udu=33.49% (20096/60000)
[SAT-TEST] scenario=rain_leo selected=test_unseen_day_unseen_rx overall_tx=32.82% strict_udu=32.82% (19692/60000)
[SAT-TEST] scenario=storm_mp selected=test_unseen_day_unseen_rx overall_tx=29.49% strict_udu=29.49% (17695/60000)
[SAT-TEST] scenario=mixed_orbit selected=test_unseen_day_unseen_rx overall_tx=30.91% strict_udu=30.91% (18547/60000)
[BEST-TEST] overall=80.05% @ E004 -> finalist_runs/D4_domain_no_pa_no_stats_seed1337/best_model_test_overall.pth | unseen_day_unseen_rx=73.16% @ E003 -> finalist_runs/D4_domain_no_pa_no_stats_seed1337/best_model_strict_udu.pth | unseen_day_seen_rx=87.43% @ E004 | seen_day_unseen_rx=77.95% @ E004
[BEST-PRIMARY] score=75.12 @ E003 -> finalist_runs/D4_domain_no_pa_no_stats_seed1337/best_model_primary_ood.pth | overall=78.75% strict_udu=73.16%
[BEST-WORST-RX] worst_rx=57.73% (test_rx_8) @ E003 -> finalist_runs/D4_domain_no_pa_no_stats_seed1337/best_model_worst_rx.pth
====================================================================================================================================
[Epoch 005/200] time=76.8s | lr=2.00e-04 | aux_scale=0.133
[STAGE] phase=S1_core | use_aux=0.0 cons=0.00 cls_aux=0.00 reg=0.00 joint_inv=0.00 kl=0.00 group_ce=0.50
[MIXSTYLE-EPOCH] phase=base enabled=1 p=0.150 strength=0.650 anneal_t=0.000
[AUG] scale=0.120 | p_dac=0.000 p_pa=0.017 p_shift=0.042 p_cfo=0.042 p_awgn=0.048 p_mp=0.022 | max_shift=4 cfo_max=4.806e-05 pn_max=0.0007209
------------------------------------------------------------------------------------------------------------------------------------
[LOSS-CORE] total=6.6255 cls=3.8610 dom=1.6346 adv=2.6267 orth=0.0003 cons=0.3120 group_ce=6.0486
[LOSS-AUX]  cls_pa=0.0000 cls_dac=0.0000 pa_joint_inv=0.0000 pa_kl=0.0000 dac_reg=0.0000 pa_reg=0.0000 gap_dac=0.0000 gap_pa=0.0000 cos_joint_pa=nan cos_imp_pa=nan
[LOSS-SAT]  cls_sat=0.0000 sat_cons=0.0000 sat_cos=nan
[LOSS-DG]   proto=0.0000 proto_cos=nan supcon=0.0000 fishr=0.0049 sgc_res=0.0000
[LOSS-CAL]  ecc=0.0000 ecc_w=0.0000 ecc_tau=0.6533 ecc_maxp=nan
[TRAIN] tx=67.19% dom=43.91% cons_cos=0.6879
[GRAD]  total=1.463 backbone=1.000 aux=0.750 domain=0.500
[VAL]   tx=92.29% dom=58.63%
[TEST]  overall_tx=80.90% (165040/204000)
[TEST-SPLIT]
          unseen_day_seen_rx(days=['2021_03_15', '2021_03_23'], rxs=[0, 1, 2, 3, 4, 5, 6]): tx=86.32% (72506/84000)
          seen_day_unseen_rx(days=['2021_03_01', '2021_03_08'], rxs=[7, 8, 9, 10, 11]): tx=78.37% (47022/60000)
          unseen_day_unseen_rx(days=['2021_03_15', '2021_03_23'], rxs=[7, 8, 9, 10, 11]): tx=75.85% (45512/60000)
          day=2021_03_15 on seen_rxs=[0, 1, 2, 3, 4, 5, 6]: tx=90.97% (38206/42000)
          day=2021_03_23 on seen_rxs=[0, 1, 2, 3, 4, 5, 6]: tx=81.67% (34300/42000)
          rx=7 on seen_days=['2021_03_01', '2021_03_08']: tx=75.17% (9021/12000)
          rx=8 on seen_days=['2021_03_01', '2021_03_08']: tx=65.78% (7893/12000)
          rx=9 on seen_days=['2021_03_01', '2021_03_08']: tx=77.00% (9240/12000)
          rx=10 on seen_days=['2021_03_01', '2021_03_08']: tx=86.29% (10355/12000)
          rx=11 on seen_days=['2021_03_01', '2021_03_08']: tx=87.61% (10513/12000)
[BEST-JOINT]  val_tx=92.84% & test_tx=80.05% @ E004
[CKPT]  latest -> finalist_runs/D4_domain_no_pa_no_stats_seed1337/latest_model.pth (saved) | best -> finalist_runs/D4_domain_no_pa_no_stats_seed1337/best_model_val.pth
====================================================================================================================================
[SAT-TEST] scenario=clear_leo selected=test_unseen_day_unseen_rx overall_tx=35.09% strict_udu=35.09% (21054/60000)
[SAT-TEST] scenario=low_elev_leo selected=test_unseen_day_unseen_rx overall_tx=34.59% strict_udu=34.59% (20753/60000)
[SAT-TEST] scenario=rain_leo selected=test_unseen_day_unseen_rx overall_tx=34.23% strict_udu=34.23% (20541/60000)
[SAT-TEST] scenario=storm_mp selected=test_unseen_day_unseen_rx overall_tx=29.89% strict_udu=29.89% (17936/60000)
[SAT-TEST] scenario=mixed_orbit selected=test_unseen_day_unseen_rx overall_tx=32.06% strict_udu=32.06% (19234/60000)
[BEST-TEST] overall=80.90% @ E005 -> finalist_runs/D4_domain_no_pa_no_stats_seed1337/best_model_test_overall.pth | unseen_day_unseen_rx=75.85% @ E005 -> finalist_runs/D4_domain_no_pa_no_stats_seed1337/best_model_strict_udu.pth | unseen_day_seen_rx=87.43% @ E004 | seen_day_unseen_rx=78.37% @ E005
[BEST-PRIMARY] score=77.62 @ E005 -> finalist_runs/D4_domain_no_pa_no_stats_seed1337/best_model_primary_ood.pth | overall=80.90% strict_udu=75.85%
[BEST-WORST-RX] worst_rx=65.78% (test_rx_8) @ E005 -> finalist_runs/D4_domain_no_pa_no_stats_seed1337/best_model_worst_rx.pth
[WARN][E006] unsafe backward/step skipped #3
====================================================================================================================================
[Epoch 006/200] time=76.1s | lr=2.00e-04 | aux_scale=0.200
[STAGE] phase=S1_core | use_aux=0.0 cons=0.00 cls_aux=0.00 reg=0.00 joint_inv=0.00 kl=0.00 group_ce=0.50
[MIXSTYLE-EPOCH] phase=base enabled=1 p=0.150 strength=0.650 anneal_t=0.000
[AUG] scale=0.133 | p_dac=0.000 p_pa=0.019 p_shift=0.047 p_cfo=0.047 p_awgn=0.053 p_mp=0.024 | max_shift=4 cfo_max=5.337e-05 pn_max=0.0008006
------------------------------------------------------------------------------------------------------------------------------------
[LOSS-CORE] total=5.8321 cls=3.2784 dom=1.4558 adv=2.6239 orth=0.0003 cons=0.2969 group_ce=5.4269
[LOSS-AUX]  cls_pa=0.0000 cls_dac=0.0000 pa_joint_inv=0.0000 pa_kl=0.0000 dac_reg=0.0000 pa_reg=0.0000 gap_dac=0.0000 gap_pa=0.0000 cos_joint_pa=nan cos_imp_pa=nan
[LOSS-SAT]  cls_sat=0.0000 sat_cons=0.0000 sat_cos=nan
[LOSS-DG]   proto=0.0000 proto_cos=nan supcon=0.0000 fishr=0.0042 sgc_res=0.0000
[LOSS-CAL]  ecc=0.0000 ecc_w=0.0000 ecc_tau=0.6551 ecc_maxp=nan
[TRAIN] tx=72.37% dom=49.04% cons_cos=0.7027
[GRAD]  total=1.562 backbone=1.000 aux=0.750 domain=0.500
[VAL]   tx=94.85% dom=65.31%
[TEST]  overall_tx=83.73% (170815/204000)
[TEST-SPLIT]
          unseen_day_seen_rx(days=['2021_03_15', '2021_03_23'], rxs=[0, 1, 2, 3, 4, 5, 6]): tx=89.94% (75551/84000)
          seen_day_unseen_rx(days=['2021_03_01', '2021_03_08'], rxs=[7, 8, 9, 10, 11]): tx=82.32% (49393/60000)
          unseen_day_unseen_rx(days=['2021_03_15', '2021_03_23'], rxs=[7, 8, 9, 10, 11]): tx=76.45% (45871/60000)
          day=2021_03_15 on seen_rxs=[0, 1, 2, 3, 4, 5, 6]: tx=92.22% (38733/42000)
          day=2021_03_23 on seen_rxs=[0, 1, 2, 3, 4, 5, 6]: tx=87.66% (36818/42000)
          rx=7 on seen_days=['2021_03_01', '2021_03_08']: tx=74.59% (8951/12000)
          rx=8 on seen_days=['2021_03_01', '2021_03_08']: tx=69.64% (8357/12000)
          rx=9 on seen_days=['2021_03_01', '2021_03_08']: tx=85.27% (10232/12000)
          rx=10 on seen_days=['2021_03_01', '2021_03_08']: tx=89.52% (10742/12000)
          rx=11 on seen_days=['2021_03_01', '2021_03_08']: tx=92.59% (11111/12000)
[BEST-JOINT]  val_tx=94.85% & test_tx=83.73% @ E006
[CKPT]  latest -> finalist_runs/D4_domain_no_pa_no_stats_seed1337/latest_model.pth (saved) | best -> finalist_runs/D4_domain_no_pa_no_stats_seed1337/best_model_val.pth (updated: val improved)
====================================================================================================================================
[SAT-TEST] scenario=clear_leo selected=test_unseen_day_unseen_rx overall_tx=33.45% strict_udu=33.45% (20070/60000)
[SAT-TEST] scenario=low_elev_leo selected=test_unseen_day_unseen_rx overall_tx=33.07% strict_udu=33.07% (19841/60000)
[SAT-TEST] scenario=rain_leo selected=test_unseen_day_unseen_rx overall_tx=32.32% strict_udu=32.32% (19394/60000)
[SAT-TEST] scenario=storm_mp selected=test_unseen_day_unseen_rx overall_tx=28.93% strict_udu=28.93% (17358/60000)
[SAT-TEST] scenario=mixed_orbit selected=test_unseen_day_unseen_rx overall_tx=30.48% strict_udu=30.48% (18291/60000)
[BEST-TEST] overall=83.73% @ E006 -> finalist_runs/D4_domain_no_pa_no_stats_seed1337/best_model_test_overall.pth | unseen_day_unseen_rx=76.45% @ E006 -> finalist_runs/D4_domain_no_pa_no_stats_seed1337/best_model_strict_udu.pth | unseen_day_seen_rx=89.94% @ E006 | seen_day_unseen_rx=82.32% @ E006
[BEST-PRIMARY] score=79.00 @ E006 -> finalist_runs/D4_domain_no_pa_no_stats_seed1337/best_model_primary_ood.pth | overall=83.73% strict_udu=76.45%
[BEST-WORST-RX] worst_rx=69.64% (test_rx_8) @ E006 -> finalist_runs/D4_domain_no_pa_no_stats_seed1337/best_model_worst_rx.pth
====================================================================================================================================
[Epoch 007/200] time=76.0s | lr=1.99e-04 | aux_scale=0.267
[STAGE] phase=S1_core | use_aux=0.0 cons=0.00 cls_aux=0.00 reg=0.00 joint_inv=0.00 kl=0.00 group_ce=0.50
[MIXSTYLE-EPOCH] phase=base enabled=1 p=0.150 strength=0.650 anneal_t=0.000
[AUG] scale=0.148 | p_dac=0.000 p_pa=0.021 p_shift=0.052 p_cfo=0.052 p_awgn=0.059 p_mp=0.027 | max_shift=5 cfo_max=5.916e-05 pn_max=0.0008874
------------------------------------------------------------------------------------------------------------------------------------
[LOSS-CORE] total=5.1975 cls=2.8150 dom=1.3206 adv=2.6200 orth=0.0003 cons=0.2815 group_ce=4.7293
[LOSS-AUX]  cls_pa=0.0000 cls_dac=0.0000 pa_joint_inv=0.0000 pa_kl=0.0000 dac_reg=0.0000 pa_reg=0.0000 gap_dac=0.0000 gap_pa=0.0000 cos_joint_pa=nan cos_imp_pa=nan
[LOSS-SAT]  cls_sat=0.0000 sat_cons=0.0000 sat_cos=nan
[LOSS-DG]   proto=0.0000 proto_cos=nan supcon=0.0000 fishr=0.0037 sgc_res=0.0000
[LOSS-CAL]  ecc=0.0000 ecc_w=0.0000 ecc_tau=0.6573 ecc_maxp=nan
[TRAIN] tx=75.49% dom=53.24% cons_cos=0.7185
[GRAD]  total=1.583 backbone=1.000 aux=0.750 domain=0.500
[VAL]   tx=95.32% dom=68.69%
[TEST]  overall_tx=84.59% (172570/204000)
[TEST-SPLIT]
          unseen_day_seen_rx(days=['2021_03_15', '2021_03_23'], rxs=[0, 1, 2, 3, 4, 5, 6]): tx=90.27% (75829/84000)
          seen_day_unseen_rx(days=['2021_03_01', '2021_03_08'], rxs=[7, 8, 9, 10, 11]): tx=83.37% (50020/60000)
          unseen_day_unseen_rx(days=['2021_03_15', '2021_03_23'], rxs=[7, 8, 9, 10, 11]): tx=77.87% (46721/60000)
          day=2021_03_15 on seen_rxs=[0, 1, 2, 3, 4, 5, 6]: tx=92.32% (38773/42000)
          day=2021_03_23 on seen_rxs=[0, 1, 2, 3, 4, 5, 6]: tx=88.23% (37056/42000)
          rx=7 on seen_days=['2021_03_01', '2021_03_08']: tx=73.62% (8835/12000)
          rx=8 on seen_days=['2021_03_01', '2021_03_08']: tx=69.12% (8295/12000)
          rx=9 on seen_days=['2021_03_01', '2021_03_08']: tx=88.42% (10610/12000)
          rx=10 on seen_days=['2021_03_01', '2021_03_08']: tx=90.23% (10828/12000)
          rx=11 on seen_days=['2021_03_01', '2021_03_08']: tx=95.43% (11452/12000)
[BEST-JOINT]  val_tx=95.32% & test_tx=84.59% @ E007
[CKPT]  latest -> finalist_runs/D4_domain_no_pa_no_stats_seed1337/latest_model.pth (saved) | best -> finalist_runs/D4_domain_no_pa_no_stats_seed1337/best_model_val.pth (updated: val improved)
====================================================================================================================================
[SAT-TEST] scenario=clear_leo selected=test_unseen_day_unseen_rx overall_tx=34.26% strict_udu=34.26% (20555/60000)
[SAT-TEST] scenario=low_elev_leo selected=test_unseen_day_unseen_rx overall_tx=33.94% strict_udu=33.94% (20362/60000)
[SAT-TEST] scenario=rain_leo selected=test_unseen_day_unseen_rx overall_tx=33.23% strict_udu=33.23% (19939/60000)
[SAT-TEST] scenario=storm_mp selected=test_unseen_day_unseen_rx overall_tx=28.82% strict_udu=28.82% (17293/60000)
[SAT-TEST] scenario=mixed_orbit selected=test_unseen_day_unseen_rx overall_tx=30.42% strict_udu=30.42% (18251/60000)
[BEST-TEST] overall=84.59% @ E007 -> finalist_runs/D4_domain_no_pa_no_stats_seed1337/best_model_test_overall.pth | unseen_day_unseen_rx=77.87% @ E007 -> finalist_runs/D4_domain_no_pa_no_stats_seed1337/best_model_strict_udu.pth | unseen_day_seen_rx=90.27% @ E007 | seen_day_unseen_rx=83.37% @ E007
[BEST-PRIMARY] score=80.22 @ E007 -> finalist_runs/D4_domain_no_pa_no_stats_seed1337/best_model_primary_ood.pth | overall=84.59% strict_udu=77.87%
[BEST-WORST-RX] worst_rx=69.64% (test_rx_8) @ E006 -> finalist_runs/D4_domain_no_pa_no_stats_seed1337/best_model_worst_rx.pth
====================================================================================================================================
[Epoch 008/200] time=74.2s | lr=1.99e-04 | aux_scale=0.333
[STAGE] phase=S1_core | use_aux=0.0 cons=0.00 cls_aux=0.00 reg=0.00 joint_inv=0.00 kl=0.00 group_ce=0.50
[MIXSTYLE-EPOCH] phase=base enabled=1 p=0.150 strength=0.650 anneal_t=0.000
[AUG] scale=0.163 | p_dac=0.000 p_pa=0.023 p_shift=0.057 p_cfo=0.057 p_awgn=0.065 p_mp=0.029 | max_shift=5 cfo_max=6.533e-05 pn_max=0.0009799
------------------------------------------------------------------------------------------------------------------------------------
[LOSS-CORE] total=5.7562 cls=3.3392 dom=1.3305 adv=2.6178 orth=0.0004 cons=0.2909 group_ce=5.2367
[LOSS-AUX]  cls_pa=0.0000 cls_dac=0.0000 pa_joint_inv=0.0000 pa_kl=0.0000 dac_reg=0.0000 pa_reg=0.0000 gap_dac=0.0000 gap_pa=0.0000 cos_joint_pa=nan cos_imp_pa=nan
[LOSS-SAT]  cls_sat=0.0000 sat_cons=0.0000 sat_cos=nan
[LOSS-DG]   proto=0.0000 proto_cos=nan supcon=0.0000 fishr=0.0039 sgc_res=0.0000
[LOSS-CAL]  ecc=0.0000 ecc_w=0.0000 ecc_tau=0.6600 ecc_maxp=nan
[TRAIN] tx=74.27% dom=54.00% cons_cos=0.7090
[GRAD]  total=1.699 backbone=1.000 aux=0.750 domain=0.500
[VAL]   tx=93.33% dom=71.84%
[TEST]  overall_tx=82.11% (167510/204000)
[TEST-SPLIT]
          unseen_day_seen_rx(days=['2021_03_15', '2021_03_23'], rxs=[0, 1, 2, 3, 4, 5, 6]): tx=88.49% (74334/84000)
          seen_day_unseen_rx(days=['2021_03_01', '2021_03_08'], rxs=[7, 8, 9, 10, 11]): tx=81.59% (48955/60000)
          unseen_day_unseen_rx(days=['2021_03_15', '2021_03_23'], rxs=[7, 8, 9, 10, 11]): tx=73.70% (44221/60000)
          day=2021_03_15 on seen_rxs=[0, 1, 2, 3, 4, 5, 6]: tx=89.29% (37502/42000)
          day=2021_03_23 on seen_rxs=[0, 1, 2, 3, 4, 5, 6]: tx=87.70% (36832/42000)
          rx=7 on seen_days=['2021_03_01', '2021_03_08']: tx=74.80% (8976/12000)
          rx=8 on seen_days=['2021_03_01', '2021_03_08']: tx=63.60% (7632/12000)
          rx=9 on seen_days=['2021_03_01', '2021_03_08']: tx=87.88% (10545/12000)
          rx=10 on seen_days=['2021_03_01', '2021_03_08']: tx=92.35% (11082/12000)
          rx=11 on seen_days=['2021_03_01', '2021_03_08']: tx=89.33% (10720/12000)
[BEST-JOINT]  val_tx=95.32% & test_tx=84.59% @ E007
[CKPT]  latest -> finalist_runs/D4_domain_no_pa_no_stats_seed1337/latest_model.pth (saved) | best -> finalist_runs/D4_domain_no_pa_no_stats_seed1337/best_model_val.pth
====================================================================================================================================
[SAT-TEST] scenario=clear_leo selected=test_unseen_day_unseen_rx overall_tx=34.08% strict_udu=34.08% (20447/60000)
[SAT-TEST] scenario=low_elev_leo selected=test_unseen_day_unseen_rx overall_tx=34.02% strict_udu=34.02% (20410/60000)
[SAT-TEST] scenario=rain_leo selected=test_unseen_day_unseen_rx overall_tx=32.91% strict_udu=32.91% (19746/60000)
[SAT-TEST] scenario=storm_mp selected=test_unseen_day_unseen_rx overall_tx=28.96% strict_udu=28.96% (17378/60000)
[SAT-TEST] scenario=mixed_orbit selected=test_unseen_day_unseen_rx overall_tx=30.60% strict_udu=30.60% (18362/60000)
[BEST-TEST] overall=84.59% @ E007 -> finalist_runs/D4_domain_no_pa_no_stats_seed1337/best_model_test_overall.pth | unseen_day_unseen_rx=77.87% @ E007 -> finalist_runs/D4_domain_no_pa_no_stats_seed1337/best_model_strict_udu.pth | unseen_day_seen_rx=90.27% @ E007 | seen_day_unseen_rx=83.37% @ E007
[BEST-PRIMARY] score=80.22 @ E007 -> finalist_runs/D4_domain_no_pa_no_stats_seed1337/best_model_primary_ood.pth | overall=84.59% strict_udu=77.87%
[BEST-WORST-RX] worst_rx=69.64% (test_rx_8) @ E006 -> finalist_runs/D4_domain_no_pa_no_stats_seed1337/best_model_worst_rx.pth
====================================================================================================================================
[Epoch 009/200] time=74.2s | lr=1.99e-04 | aux_scale=0.400
[STAGE] phase=S1_core | use_aux=0.0 cons=0.00 cls_aux=0.00 reg=0.00 joint_inv=0.00 kl=0.00 group_ce=0.50
[MIXSTYLE-EPOCH] phase=base enabled=1 p=0.150 strength=0.650 anneal_t=0.000
[AUG] scale=0.180 | p_dac=0.000 p_pa=0.025 p_shift=0.063 p_cfo=0.063 p_awgn=0.072 p_mp=0.032 | max_shift=6 cfo_max=7.181e-05 pn_max=0.001077
------------------------------------------------------------------------------------------------------------------------------------
[LOSS-CORE] total=5.8442 cls=3.4932 dom=1.2623 adv=2.6131 orth=0.0004 cons=0.2869 group_ce=5.3091
[LOSS-AUX]  cls_pa=0.0000 cls_dac=0.0000 pa_joint_inv=0.0000 pa_kl=0.0000 dac_reg=0.0000 pa_reg=0.0000 gap_dac=0.0000 gap_pa=0.0000 cos_joint_pa=nan cos_imp_pa=nan
[LOSS-SAT]  cls_sat=0.0000 sat_cons=0.0000 sat_cos=nan
[LOSS-DG]   proto=0.0000 proto_cos=nan supcon=0.0000 fishr=0.0038 sgc_res=0.0000
[LOSS-CAL]  ecc=0.0000 ecc_w=0.0000 ecc_tau=0.6630 ecc_maxp=nan
[TRAIN] tx=71.63% dom=55.75% cons_cos=0.7131
[GRAD]  total=1.665 backbone=1.000 aux=0.750 domain=0.500
[VAL]   tx=96.65% dom=71.45%
[TEST]  overall_tx=85.55% (174512/204000)
[TEST-SPLIT]
          unseen_day_seen_rx(days=['2021_03_15', '2021_03_23'], rxs=[0, 1, 2, 3, 4, 5, 6]): tx=90.52% (76038/84000)
          seen_day_unseen_rx(days=['2021_03_01', '2021_03_08'], rxs=[7, 8, 9, 10, 11]): tx=85.36% (51213/60000)
          unseen_day_unseen_rx(days=['2021_03_15', '2021_03_23'], rxs=[7, 8, 9, 10, 11]): tx=78.77% (47261/60000)
          day=2021_03_15 on seen_rxs=[0, 1, 2, 3, 4, 5, 6]: tx=93.85% (39416/42000)
          day=2021_03_23 on seen_rxs=[0, 1, 2, 3, 4, 5, 6]: tx=87.20% (36622/42000)
          rx=7 on seen_days=['2021_03_01', '2021_03_08']: tx=79.29% (9515/12000)
          rx=8 on seen_days=['2021_03_01', '2021_03_08']: tx=75.01% (9001/12000)
          rx=9 on seen_days=['2021_03_01', '2021_03_08']: tx=87.09% (10451/12000)
          rx=10 on seen_days=['2021_03_01', '2021_03_08']: tx=91.72% (11007/12000)
          rx=11 on seen_days=['2021_03_01', '2021_03_08']: tx=93.66% (11239/12000)
[BEST-JOINT]  val_tx=96.65% & test_tx=85.55% @ E009
[CKPT]  latest -> finalist_runs/D4_domain_no_pa_no_stats_seed1337/latest_model.pth (saved) | best -> finalist_runs/D4_domain_no_pa_no_stats_seed1337/best_model_val.pth (updated: val improved)
====================================================================================================================================
[SAT-TEST] scenario=clear_leo selected=test_unseen_day_unseen_rx overall_tx=33.62% strict_udu=33.62% (20171/60000)
[SAT-TEST] scenario=low_elev_leo selected=test_unseen_day_unseen_rx overall_tx=33.36% strict_udu=33.36% (20014/60000)
[SAT-TEST] scenario=rain_leo selected=test_unseen_day_unseen_rx overall_tx=32.48% strict_udu=32.48% (19487/60000)
[SAT-TEST] scenario=storm_mp selected=test_unseen_day_unseen_rx overall_tx=28.82% strict_udu=28.82% (17292/60000)
[SAT-TEST] scenario=mixed_orbit selected=test_unseen_day_unseen_rx overall_tx=30.38% strict_udu=30.38% (18227/60000)
[BEST-TEST] overall=85.55% @ E009 -> finalist_runs/D4_domain_no_pa_no_stats_seed1337/best_model_test_overall.pth | unseen_day_unseen_rx=78.77% @ E009 -> finalist_runs/D4_domain_no_pa_no_stats_seed1337/best_model_strict_udu.pth | unseen_day_seen_rx=90.52% @ E009 | seen_day_unseen_rx=85.36% @ E009
[BEST-PRIMARY] score=81.14 @ E009 -> finalist_runs/D4_domain_no_pa_no_stats_seed1337/best_model_primary_ood.pth | overall=85.55% strict_udu=78.77%
[BEST-WORST-RX] worst_rx=75.01% (test_rx_8) @ E009 -> finalist_runs/D4_domain_no_pa_no_stats_seed1337/best_model_worst_rx.pth
====================================================================================================================================
[Epoch 010/200] time=73.2s | lr=1.99e-04 | aux_scale=0.467
[STAGE] phase=S1_core | use_aux=0.0 cons=0.00 cls_aux=0.00 reg=0.00 joint_inv=0.00 kl=0.00 group_ce=0.50
[MIXSTYLE-EPOCH] phase=base enabled=1 p=0.150 strength=0.650 anneal_t=0.000
[AUG] scale=0.196 | p_dac=0.000 p_pa=0.027 p_shift=0.069 p_cfo=0.069 p_awgn=0.079 p_mp=0.035 | max_shift=6 cfo_max=7.857e-05 pn_max=0.001179
------------------------------------------------------------------------------------------------------------------------------------
[LOSS-CORE] total=5.5058 cls=3.2338 dom=1.1932 adv=2.6086 orth=0.0004 cons=0.2932 group_ce=5.1389
[LOSS-AUX]  cls_pa=0.0000 cls_dac=0.0000 pa_joint_inv=0.0000 pa_kl=0.0000 dac_reg=0.0000 pa_reg=0.0000 gap_dac=0.0000 gap_pa=0.0000 cos_joint_pa=nan cos_imp_pa=nan
[LOSS-SAT]  cls_sat=0.0000 sat_cons=0.0000 sat_cos=nan
[LOSS-DG]   proto=0.0000 proto_cos=nan supcon=0.0000 fishr=0.0036 sgc_res=0.0000
[LOSS-CAL]  ecc=0.0000 ecc_w=0.0000 ecc_tau=0.6663 ecc_maxp=nan
[TRAIN] tx=75.31% dom=56.52% cons_cos=0.7068
[GRAD]  total=1.722 backbone=1.000 aux=0.750 domain=0.500
[VAL]   tx=96.47% dom=74.77%
[TEST]  overall_tx=85.62% (174662/204000)
[TEST-SPLIT]
          unseen_day_seen_rx(days=['2021_03_15', '2021_03_23'], rxs=[0, 1, 2, 3, 4, 5, 6]): tx=90.58% (76087/84000)
          seen_day_unseen_rx(days=['2021_03_01', '2021_03_08'], rxs=[7, 8, 9, 10, 11]): tx=84.63% (50779/60000)
          unseen_day_unseen_rx(days=['2021_03_15', '2021_03_23'], rxs=[7, 8, 9, 10, 11]): tx=79.66% (47796/60000)
          day=2021_03_15 on seen_rxs=[0, 1, 2, 3, 4, 5, 6]: tx=94.05% (39500/42000)
          day=2021_03_23 on seen_rxs=[0, 1, 2, 3, 4, 5, 6]: tx=87.11% (36587/42000)
          rx=7 on seen_days=['2021_03_01', '2021_03_08']: tx=77.65% (9318/12000)
          rx=8 on seen_days=['2021_03_01', '2021_03_08']: tx=73.96% (8875/12000)
          rx=9 on seen_days=['2021_03_01', '2021_03_08']: tx=87.21% (10465/12000)
          rx=10 on seen_days=['2021_03_01', '2021_03_08']: tx=88.58% (10630/12000)
          rx=11 on seen_days=['2021_03_01', '2021_03_08']: tx=95.76% (11491/12000)
[BEST-JOINT]  val_tx=96.65% & test_tx=85.55% @ E009
[CKPT]  latest -> finalist_runs/D4_domain_no_pa_no_stats_seed1337/latest_model.pth (saved) | best -> finalist_runs/D4_domain_no_pa_no_stats_seed1337/best_model_val.pth
====================================================================================================================================
[SAT-TEST] scenario=clear_leo selected=test_unseen_day_unseen_rx overall_tx=34.87% strict_udu=34.87% (20922/60000)
[SAT-TEST] scenario=low_elev_leo selected=test_unseen_day_unseen_rx overall_tx=34.23% strict_udu=34.23% (20536/60000)
[SAT-TEST] scenario=rain_leo selected=test_unseen_day_unseen_rx overall_tx=33.67% strict_udu=33.67% (20204/60000)
[SAT-TEST] scenario=storm_mp selected=test_unseen_day_unseen_rx overall_tx=28.89% strict_udu=28.89% (17332/60000)
[SAT-TEST] scenario=mixed_orbit selected=test_unseen_day_unseen_rx overall_tx=30.42% strict_udu=30.42% (18253/60000)
[BEST-TEST] overall=85.62% @ E010 -> finalist_runs/D4_domain_no_pa_no_stats_seed1337/best_model_test_overall.pth | unseen_day_unseen_rx=79.66% @ E010 -> finalist_runs/D4_domain_no_pa_no_stats_seed1337/best_model_strict_udu.pth | unseen_day_seen_rx=90.58% @ E010 | seen_day_unseen_rx=85.36% @ E009
[BEST-PRIMARY] score=81.75 @ E010 -> finalist_runs/D4_domain_no_pa_no_stats_seed1337/best_model_primary_ood.pth | overall=85.62% strict_udu=79.66%
[BEST-WORST-RX] worst_rx=75.01% (test_rx_8) @ E009 -> finalist_runs/D4_domain_no_pa_no_stats_seed1337/best_model_worst_rx.pth
[WARN][E011] unsafe backward/step skipped #4
====================================================================================================================================
[Epoch 011/200] time=73.1s | lr=1.99e-04 | aux_scale=0.533
[STAGE] phase=S1_core | use_aux=0.0 cons=0.00 cls_aux=0.00 reg=0.00 joint_inv=0.00 kl=0.00 group_ce=0.50
[MIXSTYLE-EPOCH] phase=base enabled=1 p=0.150 strength=0.650 anneal_t=0.000
[AUG] scale=0.214 | p_dac=0.000 p_pa=0.030 p_shift=0.075 p_cfo=0.075 p_awgn=0.086 p_mp=0.039 | max_shift=7 cfo_max=8.558e-05 pn_max=0.001284
------------------------------------------------------------------------------------------------------------------------------------
[LOSS-CORE] total=5.4859 cls=3.2268 dom=1.1901 adv=2.6055 orth=0.0005 cons=0.2840 group_ce=4.9654
[LOSS-AUX]  cls_pa=0.0000 cls_dac=0.0000 pa_joint_inv=0.0000 pa_kl=0.0000 dac_reg=0.0000 pa_reg=0.0000 gap_dac=0.0000 gap_pa=0.0000 cos_joint_pa=nan cos_imp_pa=nan
[LOSS-SAT]  cls_sat=0.0000 sat_cons=0.0000 sat_cos=nan
[LOSS-DG]   proto=0.0000 proto_cos=nan supcon=0.0000 fishr=0.0034 sgc_res=0.0000
[LOSS-CAL]  ecc=0.0000 ecc_w=0.0000 ecc_tau=0.6701 ecc_maxp=nan
[TRAIN] tx=74.76% dom=56.67% cons_cos=0.7149
[GRAD]  total=1.834 backbone=1.000 aux=0.750 domain=0.500
[VAL]   tx=96.92% dom=76.85%
[TEST]  overall_tx=85.25% (173913/204000)
[TEST-SPLIT]
          unseen_day_seen_rx(days=['2021_03_15', '2021_03_23'], rxs=[0, 1, 2, 3, 4, 5, 6]): tx=91.22% (76628/84000)
          seen_day_unseen_rx(days=['2021_03_01', '2021_03_08'], rxs=[7, 8, 9, 10, 11]): tx=84.38% (50629/60000)
          unseen_day_unseen_rx(days=['2021_03_15', '2021_03_23'], rxs=[7, 8, 9, 10, 11]): tx=77.76% (46656/60000)
          day=2021_03_15 on seen_rxs=[0, 1, 2, 3, 4, 5, 6]: tx=93.55% (39291/42000)
          day=2021_03_23 on seen_rxs=[0, 1, 2, 3, 4, 5, 6]: tx=88.90% (37337/42000)
          rx=7 on seen_days=['2021_03_01', '2021_03_08']: tx=75.66% (9079/12000)
          rx=8 on seen_days=['2021_03_01', '2021_03_08']: tx=65.65% (7878/12000)
          rx=9 on seen_days=['2021_03_01', '2021_03_08']: tx=89.95% (10794/12000)
          rx=10 on seen_days=['2021_03_01', '2021_03_08']: tx=95.96% (11515/12000)
          rx=11 on seen_days=['2021_03_01', '2021_03_08']: tx=94.69% (11363/12000)
[BEST-JOINT]  val_tx=96.92% & test_tx=85.25% @ E011
[CKPT]  latest -> finalist_runs/D4_domain_no_pa_no_stats_seed1337/latest_model.pth (saved) | best -> finalist_runs/D4_domain_no_pa_no_stats_seed1337/best_model_val.pth (updated: val improved)
====================================================================================================================================
[SAT-TEST] scenario=clear_leo selected=test_unseen_day_unseen_rx overall_tx=34.89% strict_udu=34.89% (20934/60000)
[SAT-TEST] scenario=low_elev_leo selected=test_unseen_day_unseen_rx overall_tx=34.39% strict_udu=34.39% (20635/60000)
[SAT-TEST] scenario=rain_leo selected=test_unseen_day_unseen_rx overall_tx=33.91% strict_udu=33.91% (20349/60000)
[SAT-TEST] scenario=storm_mp selected=test_unseen_day_unseen_rx overall_tx=29.38% strict_udu=29.38% (17629/60000)
[SAT-TEST] scenario=mixed_orbit selected=test_unseen_day_unseen_rx overall_tx=30.86% strict_udu=30.86% (18514/60000)
[BEST-TEST] overall=85.62% @ E010 -> finalist_runs/D4_domain_no_pa_no_stats_seed1337/best_model_test_overall.pth | unseen_day_unseen_rx=79.66% @ E010 -> finalist_runs/D4_domain_no_pa_no_stats_seed1337/best_model_strict_udu.pth | unseen_day_seen_rx=91.22% @ E011 | seen_day_unseen_rx=85.36% @ E009
[BEST-PRIMARY] score=81.75 @ E010 -> finalist_runs/D4_domain_no_pa_no_stats_seed1337/best_model_primary_ood.pth | overall=85.62% strict_udu=79.66%
[BEST-WORST-RX] worst_rx=75.01% (test_rx_8) @ E009 -> finalist_runs/D4_domain_no_pa_no_stats_seed1337/best_model_worst_rx.pth
====================================================================================================================================
[Epoch 012/200] time=73.5s | lr=1.98e-04 | aux_scale=0.600
[STAGE] phase=S1_core | use_aux=0.0 cons=0.00 cls_aux=0.00 reg=0.00 joint_inv=0.00 kl=0.00 group_ce=0.50
[MIXSTYLE-EPOCH] phase=base enabled=1 p=0.150 strength=0.650 anneal_t=0.000
[AUG] scale=0.232 | p_dac=0.000 p_pa=0.032 p_shift=0.081 p_cfo=0.081 p_awgn=0.093 p_mp=0.042 | max_shift=7 cfo_max=9.281e-05 pn_max=0.001392
------------------------------------------------------------------------------------------------------------------------------------
[LOSS-CORE] total=5.0869 cls=2.9203 dom=1.1186 adv=2.6014 orth=0.0005 cons=0.2822 group_ce=4.5719
[LOSS-AUX]  cls_pa=0.0000 cls_dac=0.0000 pa_joint_inv=0.0000 pa_kl=0.0000 dac_reg=0.0000 pa_reg=0.0000 gap_dac=0.0000 gap_pa=0.0000 cos_joint_pa=nan cos_imp_pa=nan
[LOSS-SAT]  cls_sat=0.0000 sat_cons=0.0000 sat_cos=nan
[LOSS-DG]   proto=0.0000 proto_cos=nan supcon=0.0000 fishr=0.0031 sgc_res=0.0000
[LOSS-CAL]  ecc=0.0000 ecc_w=0.0000 ecc_tau=0.6742 ecc_maxp=nan
[TRAIN] tx=77.34% dom=59.65% cons_cos=0.7178
[GRAD]  total=1.877 backbone=1.000 aux=0.750 domain=0.500
[VAL]   tx=96.92% dom=74.50%
[TEST]  overall_tx=84.07% (171512/204000)
[TEST-SPLIT]
          unseen_day_seen_rx(days=['2021_03_15', '2021_03_23'], rxs=[0, 1, 2, 3, 4, 5, 6]): tx=89.82% (75448/84000)
          seen_day_unseen_rx(days=['2021_03_01', '2021_03_08'], rxs=[7, 8, 9, 10, 11]): tx=83.14% (49885/60000)
          unseen_day_unseen_rx(days=['2021_03_15', '2021_03_23'], rxs=[7, 8, 9, 10, 11]): tx=76.97% (46179/60000)
          day=2021_03_15 on seen_rxs=[0, 1, 2, 3, 4, 5, 6]: tx=92.67% (38922/42000)
          day=2021_03_23 on seen_rxs=[0, 1, 2, 3, 4, 5, 6]: tx=86.97% (36526/42000)
          rx=7 on seen_days=['2021_03_01', '2021_03_08']: tx=77.68% (9322/12000)
          rx=8 on seen_days=['2021_03_01', '2021_03_08']: tx=71.87% (8624/12000)
          rx=9 on seen_days=['2021_03_01', '2021_03_08']: tx=81.64% (9797/12000)
          rx=10 on seen_days=['2021_03_01', '2021_03_08']: tx=91.38% (10966/12000)
          rx=11 on seen_days=['2021_03_01', '2021_03_08']: tx=93.13% (11176/12000)
[BEST-JOINT]  val_tx=96.92% & test_tx=85.25% @ E011
[CKPT]  latest -> finalist_runs/D4_domain_no_pa_no_stats_seed1337/latest_model.pth (saved) | best -> finalist_runs/D4_domain_no_pa_no_stats_seed1337/best_model_val.pth
====================================================================================================================================
[SAT-TEST] scenario=clear_leo selected=test_unseen_day_unseen_rx overall_tx=34.29% strict_udu=34.29% (20574/60000)
[SAT-TEST] scenario=low_elev_leo selected=test_unseen_day_unseen_rx overall_tx=33.84% strict_udu=33.84% (20307/60000)
[SAT-TEST] scenario=rain_leo selected=test_unseen_day_unseen_rx overall_tx=33.06% strict_udu=33.06% (19838/60000)
[SAT-TEST] scenario=storm_mp selected=test_unseen_day_unseen_rx overall_tx=29.10% strict_udu=29.10% (17462/60000)
[SAT-TEST] scenario=mixed_orbit selected=test_unseen_day_unseen_rx overall_tx=30.89% strict_udu=30.89% (18536/60000)
[BEST-TEST] overall=85.62% @ E010 -> finalist_runs/D4_domain_no_pa_no_stats_seed1337/best_model_test_overall.pth | unseen_day_unseen_rx=79.66% @ E010 -> finalist_runs/D4_domain_no_pa_no_stats_seed1337/best_model_strict_udu.pth | unseen_day_seen_rx=91.22% @ E011 | seen_day_unseen_rx=85.36% @ E009
[BEST-PRIMARY] score=81.75 @ E010 -> finalist_runs/D4_domain_no_pa_no_stats_seed1337/best_model_primary_ood.pth | overall=85.62% strict_udu=79.66%
[BEST-WORST-RX] worst_rx=75.01% (test_rx_8) @ E009 -> finalist_runs/D4_domain_no_pa_no_stats_seed1337/best_model_worst_rx.pth
====================================================================================================================================
[Epoch 013/200] time=74.5s | lr=1.98e-04 | aux_scale=0.667
[STAGE] phase=S1_core | use_aux=0.0 cons=0.00 cls_aux=0.00 reg=0.00 joint_inv=0.00 kl=0.00 group_ce=0.50
[MIXSTYLE-EPOCH] phase=base enabled=1 p=0.150 strength=0.650 anneal_t=0.000
[AUG] scale=0.251 | p_dac=0.000 p_pa=0.035 p_shift=0.088 p_cfo=0.088 p_awgn=0.100 p_mp=0.045 | max_shift=8 cfo_max=0.0001002 pn_max=0.001504
------------------------------------------------------------------------------------------------------------------------------------
[LOSS-CORE] total=6.8668 cls=4.4167 dom=1.3208 adv=2.6052 orth=0.0004 cons=0.2981 group_ce=6.1720
[LOSS-AUX]  cls_pa=0.0000 cls_dac=0.0000 pa_joint_inv=0.0000 pa_kl=0.0000 dac_reg=0.0000 pa_reg=0.0000 gap_dac=0.0000 gap_pa=0.0000 cos_joint_pa=nan cos_imp_pa=nan
[LOSS-SAT]  cls_sat=0.0000 sat_cons=0.0000 sat_cos=nan
[LOSS-DG]   proto=0.0000 proto_cos=nan supcon=0.0000 fishr=0.0041 sgc_res=0.0000
[LOSS-CAL]  ecc=0.0000 ecc_w=0.0000 ecc_tau=0.6786 ecc_maxp=nan
[TRAIN] tx=65.02% dom=53.48% cons_cos=0.7019
[GRAD]  total=1.986 backbone=1.000 aux=0.750 domain=0.500
[VAL]   tx=97.21% dom=77.11%
[TEST]  overall_tx=86.44% (176347/204000)
[TEST-SPLIT]
          unseen_day_seen_rx(days=['2021_03_15', '2021_03_23'], rxs=[0, 1, 2, 3, 4, 5, 6]): tx=91.72% (77047/84000)
          seen_day_unseen_rx(days=['2021_03_01', '2021_03_08'], rxs=[7, 8, 9, 10, 11]): tx=85.23% (51140/60000)
          unseen_day_unseen_rx(days=['2021_03_15', '2021_03_23'], rxs=[7, 8, 9, 10, 11]): tx=80.27% (48160/60000)
          day=2021_03_15 on seen_rxs=[0, 1, 2, 3, 4, 5, 6]: tx=95.00% (39902/42000)
          day=2021_03_23 on seen_rxs=[0, 1, 2, 3, 4, 5, 6]: tx=88.44% (37145/42000)
          rx=7 on seen_days=['2021_03_01', '2021_03_08']: tx=78.43% (9412/12000)
          rx=8 on seen_days=['2021_03_01', '2021_03_08']: tx=71.67% (8601/12000)
          rx=9 on seen_days=['2021_03_01', '2021_03_08']: tx=87.00% (10440/12000)
          rx=10 on seen_days=['2021_03_01', '2021_03_08']: tx=92.95% (11154/12000)
          rx=11 on seen_days=['2021_03_01', '2021_03_08']: tx=96.11% (11533/12000)
[BEST-JOINT]  val_tx=97.21% & test_tx=86.44% @ E013
[CKPT]  latest -> finalist_runs/D4_domain_no_pa_no_stats_seed1337/latest_model.pth (saved) | best -> finalist_runs/D4_domain_no_pa_no_stats_seed1337/best_model_val.pth (updated: val improved)
====================================================================================================================================
[SAT-TEST] scenario=clear_leo selected=test_unseen_day_unseen_rx overall_tx=38.72% strict_udu=38.72% (23234/60000)
[SAT-TEST] scenario=low_elev_leo selected=test_unseen_day_unseen_rx overall_tx=36.81% strict_udu=36.81% (22087/60000)
[SAT-TEST] scenario=rain_leo selected=test_unseen_day_unseen_rx overall_tx=36.85% strict_udu=36.85% (22112/60000)
[SAT-TEST] scenario=storm_mp selected=test_unseen_day_unseen_rx overall_tx=30.62% strict_udu=30.62% (18374/60000)
[SAT-TEST] scenario=mixed_orbit selected=test_unseen_day_unseen_rx overall_tx=33.13% strict_udu=33.13% (19876/60000)
[BEST-TEST] overall=86.44% @ E013 -> finalist_runs/D4_domain_no_pa_no_stats_seed1337/best_model_test_overall.pth | unseen_day_unseen_rx=80.27% @ E013 -> finalist_runs/D4_domain_no_pa_no_stats_seed1337/best_model_strict_udu.pth | unseen_day_seen_rx=91.72% @ E013 | seen_day_unseen_rx=85.36% @ E009
[BEST-PRIMARY] score=82.43 @ E013 -> finalist_runs/D4_domain_no_pa_no_stats_seed1337/best_model_primary_ood.pth | overall=86.44% strict_udu=80.27%
[BEST-WORST-RX] worst_rx=75.01% (test_rx_8) @ E009 -> finalist_runs/D4_domain_no_pa_no_stats_seed1337/best_model_worst_rx.pth
====================================================================================================================================
[Epoch 014/200] time=73.5s | lr=1.98e-04 | aux_scale=0.733
[STAGE] phase=S1_core | use_aux=0.0 cons=0.00 cls_aux=0.00 reg=0.00 joint_inv=0.00 kl=0.00 group_ce=0.50
[MIXSTYLE-EPOCH] phase=base enabled=1 p=0.150 strength=0.650 anneal_t=0.000
[AUG] scale=0.270 | p_dac=0.000 p_pa=0.038 p_shift=0.094 p_cfo=0.094 p_awgn=0.108 p_mp=0.049 | max_shift=9 cfo_max=0.0001079 pn_max=0.001618
------------------------------------------------------------------------------------------------------------------------------------
[LOSS-CORE] total=6.0181 cls=3.7087 dom=1.2262 adv=2.6011 orth=0.0004 cons=0.2885 group_ce=5.2731
[LOSS-AUX]  cls_pa=0.0000 cls_dac=0.0000 pa_joint_inv=0.0000 pa_kl=0.0000 dac_reg=0.0000 pa_reg=0.0000 gap_dac=0.0000 gap_pa=0.0000 cos_joint_pa=nan cos_imp_pa=nan
[LOSS-SAT]  cls_sat=0.0000 sat_cons=0.0000 sat_cos=nan
[LOSS-DG]   proto=0.0000 proto_cos=nan supcon=0.0000 fishr=0.0037 sgc_res=0.0000
[LOSS-CAL]  ecc=0.0000 ecc_w=0.0000 ecc_tau=0.6834 ecc_maxp=nan
[TRAIN] tx=69.36% dom=55.83% cons_cos=0.7115
[GRAD]  total=1.910 backbone=1.000 aux=0.750 domain=0.500
[VAL]   tx=97.17% dom=77.69%
[TEST]  overall_tx=84.69% (172768/204000)
[TEST-SPLIT]
          unseen_day_seen_rx(days=['2021_03_15', '2021_03_23'], rxs=[0, 1, 2, 3, 4, 5, 6]): tx=90.31% (75857/84000)
          seen_day_unseen_rx(days=['2021_03_01', '2021_03_08'], rxs=[7, 8, 9, 10, 11]): tx=84.04% (50423/60000)
          unseen_day_unseen_rx(days=['2021_03_15', '2021_03_23'], rxs=[7, 8, 9, 10, 11]): tx=77.48% (46488/60000)
          day=2021_03_15 on seen_rxs=[0, 1, 2, 3, 4, 5, 6]: tx=92.62% (38901/42000)
          day=2021_03_23 on seen_rxs=[0, 1, 2, 3, 4, 5, 6]: tx=87.99% (36956/42000)
          rx=7 on seen_days=['2021_03_01', '2021_03_08']: tx=77.42% (9291/12000)
          rx=8 on seen_days=['2021_03_01', '2021_03_08']: tx=71.62% (8595/12000)
          rx=9 on seen_days=['2021_03_01', '2021_03_08']: tx=84.80% (10176/12000)
          rx=10 on seen_days=['2021_03_01', '2021_03_08']: tx=94.16% (11299/12000)
          rx=11 on seen_days=['2021_03_01', '2021_03_08']: tx=92.18% (11062/12000)
[BEST-JOINT]  val_tx=97.21% & test_tx=86.44% @ E013
[CKPT]  latest -> finalist_runs/D4_domain_no_pa_no_stats_seed1337/latest_model.pth (saved) | best -> finalist_runs/D4_domain_no_pa_no_stats_seed1337/best_model_val.pth
====================================================================================================================================
[SAT-TEST] scenario=clear_leo selected=test_unseen_day_unseen_rx overall_tx=37.62% strict_udu=37.62% (22572/60000)
[SAT-TEST] scenario=low_elev_leo selected=test_unseen_day_unseen_rx overall_tx=35.72% strict_udu=35.72% (21432/60000)
[SAT-TEST] scenario=rain_leo selected=test_unseen_day_unseen_rx overall_tx=36.08% strict_udu=36.08% (21650/60000)
[SAT-TEST] scenario=storm_mp selected=test_unseen_day_unseen_rx overall_tx=30.72% strict_udu=30.72% (18432/60000)
[SAT-TEST] scenario=mixed_orbit selected=test_unseen_day_unseen_rx overall_tx=32.95% strict_udu=32.95% (19767/60000)
[BEST-TEST] overall=86.44% @ E013 -> finalist_runs/D4_domain_no_pa_no_stats_seed1337/best_model_test_overall.pth | unseen_day_unseen_rx=80.27% @ E013 -> finalist_runs/D4_domain_no_pa_no_stats_seed1337/best_model_strict_udu.pth | unseen_day_seen_rx=91.72% @ E013 | seen_day_unseen_rx=85.36% @ E009
[BEST-PRIMARY] score=82.43 @ E013 -> finalist_runs/D4_domain_no_pa_no_stats_seed1337/best_model_primary_ood.pth | overall=86.44% strict_udu=80.27%
[BEST-WORST-RX] worst_rx=75.01% (test_rx_8) @ E009 -> finalist_runs/D4_domain_no_pa_no_stats_seed1337/best_model_worst_rx.pth
====================================================================================================================================
[Epoch 015/200] time=73.4s | lr=1.97e-04 | aux_scale=0.800
[STAGE] phase=S1_core | use_aux=0.0 cons=0.00 cls_aux=0.00 reg=0.00 joint_inv=0.00 kl=0.00 group_ce=0.50
[MIXSTYLE-EPOCH] phase=base enabled=1 p=0.150 strength=0.650 anneal_t=0.000
[AUG] scale=0.289 | p_dac=0.000 p_pa=0.040 p_shift=0.101 p_cfo=0.101 p_awgn=0.116 p_mp=0.052 | max_shift=9 cfo_max=0.0001157 pn_max=0.001735
------------------------------------------------------------------------------------------------------------------------------------
[LOSS-CORE] total=6.2249 cls=3.8628 dom=1.2707 adv=2.5948 orth=0.0004 cons=0.2954 group_ce=5.4800
[LOSS-AUX]  cls_pa=0.0000 cls_dac=0.0000 pa_joint_inv=0.0000 pa_kl=0.0000 dac_reg=0.0000 pa_reg=0.0000 gap_dac=0.0000 gap_pa=0.0000 cos_joint_pa=nan cos_imp_pa=nan
[LOSS-SAT]  cls_sat=0.0000 sat_cons=0.0000 sat_cos=nan
[LOSS-DG]   proto=0.0000 proto_cos=nan supcon=0.0000 fishr=0.0039 sgc_res=0.0000
[LOSS-CAL]  ecc=0.0000 ecc_w=0.0000 ecc_tau=0.6885 ecc_maxp=nan
[TRAIN] tx=68.12% dom=54.90% cons_cos=0.7046
[GRAD]  total=2.187 backbone=1.000 aux=0.750 domain=0.500
[VAL]   tx=97.61% dom=78.37%
[TEST]  overall_tx=86.90% (177279/204000)
[TEST-SPLIT]
          unseen_day_seen_rx(days=['2021_03_15', '2021_03_23'], rxs=[0, 1, 2, 3, 4, 5, 6]): tx=91.83% (77133/84000)
          seen_day_unseen_rx(days=['2021_03_01', '2021_03_08'], rxs=[7, 8, 9, 10, 11]): tx=86.77% (52064/60000)
          unseen_day_unseen_rx(days=['2021_03_15', '2021_03_23'], rxs=[7, 8, 9, 10, 11]): tx=80.14% (48082/60000)
          day=2021_03_15 on seen_rxs=[0, 1, 2, 3, 4, 5, 6]: tx=93.45% (39251/42000)
          day=2021_03_23 on seen_rxs=[0, 1, 2, 3, 4, 5, 6]: tx=90.20% (37882/42000)
          rx=7 on seen_days=['2021_03_01', '2021_03_08']: tx=75.56% (9067/12000)
          rx=8 on seen_days=['2021_03_01', '2021_03_08']: tx=77.35% (9282/12000)
          rx=9 on seen_days=['2021_03_01', '2021_03_08']: tx=91.01% (10921/12000)
          rx=10 on seen_days=['2021_03_01', '2021_03_08']: tx=95.25% (11430/12000)
          rx=11 on seen_days=['2021_03_01', '2021_03_08']: tx=94.70% (11364/12000)
[BEST-JOINT]  val_tx=97.61% & test_tx=86.90% @ E015
[CKPT]  latest -> finalist_runs/D4_domain_no_pa_no_stats_seed1337/latest_model.pth (saved) | best -> finalist_runs/D4_domain_no_pa_no_stats_seed1337/best_model_val.pth (updated: val improved)
====================================================================================================================================
[SAT-TEST] scenario=clear_leo selected=test_unseen_day_unseen_rx overall_tx=39.12% strict_udu=39.12% (23475/60000)
[SAT-TEST] scenario=low_elev_leo selected=test_unseen_day_unseen_rx overall_tx=37.17% strict_udu=37.17% (22305/60000)
[SAT-TEST] scenario=rain_leo selected=test_unseen_day_unseen_rx overall_tx=37.43% strict_udu=37.43% (22460/60000)
[SAT-TEST] scenario=storm_mp selected=test_unseen_day_unseen_rx overall_tx=32.01% strict_udu=32.01% (19203/60000)
[SAT-TEST] scenario=mixed_orbit selected=test_unseen_day_unseen_rx overall_tx=33.86% strict_udu=33.86% (20315/60000)
[BEST-TEST] overall=86.90% @ E015 -> finalist_runs/D4_domain_no_pa_no_stats_seed1337/best_model_test_overall.pth | unseen_day_unseen_rx=80.27% @ E013 -> finalist_runs/D4_domain_no_pa_no_stats_seed1337/best_model_strict_udu.pth | unseen_day_seen_rx=91.83% @ E015 | seen_day_unseen_rx=86.77% @ E015
[BEST-PRIMARY] score=82.50 @ E015 -> finalist_runs/D4_domain_no_pa_no_stats_seed1337/best_model_primary_ood.pth | overall=86.90% strict_udu=80.14%
[BEST-WORST-RX] worst_rx=75.56% (test_rx_7) @ E015 -> finalist_runs/D4_domain_no_pa_no_stats_seed1337/best_model_worst_rx.pth
====================================================================================================================================
[Epoch 016/200] time=74.0s | lr=1.97e-04 | aux_scale=0.867
[STAGE] phase=S1_core | use_aux=0.0 cons=0.00 cls_aux=0.00 reg=0.00 joint_inv=0.00 kl=0.00 group_ce=0.50
[MIXSTYLE-EPOCH] phase=base enabled=1 p=0.150 strength=0.650 anneal_t=0.000
[AUG] scale=0.309 | p_dac=0.000 p_pa=0.043 p_shift=0.108 p_cfo=0.108 p_awgn=0.124 p_mp=0.056 | max_shift=10 cfo_max=0.0001236 pn_max=0.001854
------------------------------------------------------------------------------------------------------------------------------------
[LOSS-CORE] total=5.5204 cls=3.2397 dom=1.2259 adv=2.5921 orth=0.0004 cons=0.2781 group_ce=4.7626
[LOSS-AUX]  cls_pa=0.0000 cls_dac=0.0000 pa_joint_inv=0.0000 pa_kl=0.0000 dac_reg=0.0000 pa_reg=0.0000 gap_dac=0.0000 gap_pa=0.0000 cos_joint_pa=nan cos_imp_pa=nan
[LOSS-SAT]  cls_sat=0.0000 sat_cons=0.0000 sat_cos=nan
[LOSS-DG]   proto=0.0000 proto_cos=nan supcon=0.0000 fishr=0.0031 sgc_res=0.0000
[LOSS-CAL]  ecc=0.0000 ecc_w=0.0000 ecc_tau=0.6939 ecc_maxp=nan
[TRAIN] tx=72.86% dom=57.75% cons_cos=0.7219
[GRAD]  total=2.198 backbone=1.000 aux=0.750 domain=0.500
[VAL]   tx=96.94% dom=78.75%
[TEST]  overall_tx=85.17% (173756/204000)
[TEST-SPLIT]
          unseen_day_seen_rx(days=['2021_03_15', '2021_03_23'], rxs=[0, 1, 2, 3, 4, 5, 6]): tx=89.77% (75405/84000)
          seen_day_unseen_rx(days=['2021_03_01', '2021_03_08'], rxs=[7, 8, 9, 10, 11]): tx=84.36% (50616/60000)
          unseen_day_unseen_rx(days=['2021_03_15', '2021_03_23'], rxs=[7, 8, 9, 10, 11]): tx=79.56% (47735/60000)
          day=2021_03_15 on seen_rxs=[0, 1, 2, 3, 4, 5, 6]: tx=92.96% (39045/42000)
          day=2021_03_23 on seen_rxs=[0, 1, 2, 3, 4, 5, 6]: tx=86.57% (36360/42000)
          rx=7 on seen_days=['2021_03_01', '2021_03_08']: tx=76.23% (9148/12000)
          rx=8 on seen_days=['2021_03_01', '2021_03_08']: tx=75.58% (9069/12000)
          rx=9 on seen_days=['2021_03_01', '2021_03_08']: tx=83.85% (10062/12000)
          rx=10 on seen_days=['2021_03_01', '2021_03_08']: tx=92.73% (11128/12000)
          rx=11 on seen_days=['2021_03_01', '2021_03_08']: tx=93.41% (11209/12000)
[BEST-JOINT]  val_tx=97.61% & test_tx=86.90% @ E015
[CKPT]  latest -> finalist_runs/D4_domain_no_pa_no_stats_seed1337/latest_model.pth (saved) | best -> finalist_runs/D4_domain_no_pa_no_stats_seed1337/best_model_val.pth
====================================================================================================================================
[SAT-TEST] scenario=clear_leo selected=test_unseen_day_unseen_rx overall_tx=38.79% strict_udu=38.79% (23276/60000)
[SAT-TEST] scenario=low_elev_leo selected=test_unseen_day_unseen_rx overall_tx=36.63% strict_udu=36.63% (21976/60000)
[SAT-TEST] scenario=rain_leo selected=test_unseen_day_unseen_rx overall_tx=37.06% strict_udu=37.06% (22238/60000)
[SAT-TEST] scenario=storm_mp selected=test_unseen_day_unseen_rx overall_tx=31.00% strict_udu=31.00% (18597/60000)
[SAT-TEST] scenario=mixed_orbit selected=test_unseen_day_unseen_rx overall_tx=33.38% strict_udu=33.38% (20031/60000)
[BEST-TEST] overall=86.90% @ E015 -> finalist_runs/D4_domain_no_pa_no_stats_seed1337/best_model_test_overall.pth | unseen_day_unseen_rx=80.27% @ E013 -> finalist_runs/D4_domain_no_pa_no_stats_seed1337/best_model_strict_udu.pth | unseen_day_seen_rx=91.83% @ E015 | seen_day_unseen_rx=86.77% @ E015
[BEST-PRIMARY] score=82.50 @ E015 -> finalist_runs/D4_domain_no_pa_no_stats_seed1337/best_model_primary_ood.pth | overall=86.90% strict_udu=80.14%
[BEST-WORST-RX] worst_rx=75.58% (test_rx_8) @ E016 -> finalist_runs/D4_domain_no_pa_no_stats_seed1337/best_model_worst_rx.pth
====================================================================================================================================
[Epoch 017/200] time=78.0s | lr=1.96e-04 | aux_scale=0.933
[STAGE] phase=S2_stabilize_aux | use_aux=1.0 cons=0.20 cls_aux=0.15 reg=0.35 joint_inv=0.15 kl=0.15 group_ce=0.70
[MIXSTYLE-EPOCH] phase=base enabled=1 p=0.150 strength=0.650 anneal_t=0.000
[AUG] scale=0.329 | p_dac=0.000 p_pa=0.046 p_shift=0.115 p_cfo=0.115 p_awgn=0.132 p_mp=0.059 | max_shift=11 cfo_max=0.0001317 pn_max=0.001976
------------------------------------------------------------------------------------------------------------------------------------
[LOSS-CORE] total=6.0727 cls=3.4339 dom=1.1932 adv=2.5935 orth=0.0004 cons=0.2788 group_ce=5.0131
[LOSS-AUX]  cls_pa=8.6706 cls_dac=0.0000 pa_joint_inv=0.7088 pa_kl=8.1168 dac_reg=0.0000 pa_reg=0.0226 gap_dac=0.0000 gap_pa=0.2129 cos_joint_pa=0.2912 cos_imp_pa=nan
[LOSS-SAT]  cls_sat=0.0000 sat_cons=0.0000 sat_cos=nan
[LOSS-DG]   proto=0.0000 proto_cos=nan supcon=0.0000 fishr=0.0030 sgc_res=0.0000
[LOSS-CAL]  ecc=0.0000 ecc_w=0.0000 ecc_tau=0.6996 ecc_maxp=nan
[TRAIN] tx=71.94% dom=58.37% cons_cos=0.7212
[GRAD]  total=2.269 backbone=1.000 aux=0.750 domain=0.500
[VAL]   tx=97.19% dom=80.46%
[TEST]  overall_tx=85.47% (174363/204000)
[TEST-SPLIT]
          unseen_day_seen_rx(days=['2021_03_15', '2021_03_23'], rxs=[0, 1, 2, 3, 4, 5, 6]): tx=91.26% (76656/84000)
          seen_day_unseen_rx(days=['2021_03_01', '2021_03_08'], rxs=[7, 8, 9, 10, 11]): tx=84.95% (50973/60000)
          unseen_day_unseen_rx(days=['2021_03_15', '2021_03_23'], rxs=[7, 8, 9, 10, 11]): tx=77.89% (46734/60000)
          day=2021_03_15 on seen_rxs=[0, 1, 2, 3, 4, 5, 6]: tx=91.60% (38474/42000)
          day=2021_03_23 on seen_rxs=[0, 1, 2, 3, 4, 5, 6]: tx=90.91% (38182/42000)
          rx=7 on seen_days=['2021_03_01', '2021_03_08']: tx=75.54% (9065/12000)
          rx=8 on seen_days=['2021_03_01', '2021_03_08']: tx=70.23% (8428/12000)
          rx=9 on seen_days=['2021_03_01', '2021_03_08']: tx=91.28% (10954/12000)
          rx=10 on seen_days=['2021_03_01', '2021_03_08']: tx=92.38% (11085/12000)
          rx=11 on seen_days=['2021_03_01', '2021_03_08']: tx=95.34% (11441/12000)
[BEST-JOINT]  val_tx=97.61% & test_tx=86.90% @ E015
[CKPT]  latest -> finalist_runs/D4_domain_no_pa_no_stats_seed1337/latest_model.pth (saved) | best -> finalist_runs/D4_domain_no_pa_no_stats_seed1337/best_model_val.pth
====================================================================================================================================
[SAT-TEST] scenario=clear_leo selected=test_unseen_day_unseen_rx overall_tx=38.12% strict_udu=38.12% (22873/60000)
[SAT-TEST] scenario=low_elev_leo selected=test_unseen_day_unseen_rx overall_tx=36.47% strict_udu=36.47% (21881/60000)
[SAT-TEST] scenario=rain_leo selected=test_unseen_day_unseen_rx overall_tx=36.20% strict_udu=36.20% (21721/60000)
[SAT-TEST] scenario=storm_mp selected=test_unseen_day_unseen_rx overall_tx=30.79% strict_udu=30.79% (18475/60000)
[SAT-TEST] scenario=mixed_orbit selected=test_unseen_day_unseen_rx overall_tx=33.50% strict_udu=33.50% (20102/60000)
[BEST-TEST] overall=86.90% @ E015 -> finalist_runs/D4_domain_no_pa_no_stats_seed1337/best_model_test_overall.pth | unseen_day_unseen_rx=80.27% @ E013 -> finalist_runs/D4_domain_no_pa_no_stats_seed1337/best_model_strict_udu.pth | unseen_day_seen_rx=91.83% @ E015 | seen_day_unseen_rx=86.77% @ E015
[BEST-PRIMARY] score=82.50 @ E015 -> finalist_runs/D4_domain_no_pa_no_stats_seed1337/best_model_primary_ood.pth | overall=86.90% strict_udu=80.14%
[BEST-WORST-RX] worst_rx=75.58% (test_rx_8) @ E016 -> finalist_runs/D4_domain_no_pa_no_stats_seed1337/best_model_worst_rx.pth
====================================================================================================================================
[Epoch 018/200] time=76.0s | lr=1.96e-04 | aux_scale=1.000
[STAGE] phase=S2_stabilize_aux | use_aux=1.0 cons=0.20 cls_aux=0.15 reg=0.35 joint_inv=0.15 kl=0.15 group_ce=0.70
[MIXSTYLE-EPOCH] phase=base enabled=1 p=0.150 strength=0.650 anneal_t=0.000
[AUG] scale=0.350 | p_dac=0.000 p_pa=0.049 p_shift=0.122 p_cfo=0.122 p_awgn=0.140 p_mp=0.063 | max_shift=11 cfo_max=0.00014 pn_max=0.0021
------------------------------------------------------------------------------------------------------------------------------------
[LOSS-CORE] total=6.8046 cls=4.0120 dom=1.2988 adv=2.5917 orth=0.0004 cons=0.2933 group_ce=5.6469
[LOSS-AUX]  cls_pa=8.1382 cls_dac=0.0000 pa_joint_inv=0.6734 pa_kl=7.6867 dac_reg=0.0000 pa_reg=0.0190 gap_dac=0.0000 gap_pa=0.2113 cos_joint_pa=0.3266 cos_imp_pa=nan
[LOSS-SAT]  cls_sat=0.0000 sat_cons=0.0000 sat_cos=nan
[LOSS-DG]   proto=0.0000 proto_cos=nan supcon=0.0000 fishr=0.0035 sgc_res=0.0000
[LOSS-CAL]  ecc=0.0000 ecc_w=0.0000 ecc_tau=0.7056 ecc_maxp=nan
[TRAIN] tx=66.86% dom=53.25% cons_cos=0.7067
[GRAD]  total=2.257 backbone=1.000 aux=0.750 domain=0.500
[VAL]   tx=97.29% dom=77.63%
[TEST]  overall_tx=85.85% (175135/204000)
[TEST-SPLIT]
          unseen_day_seen_rx(days=['2021_03_15', '2021_03_23'], rxs=[0, 1, 2, 3, 4, 5, 6]): tx=90.82% (76290/84000)
          seen_day_unseen_rx(days=['2021_03_01', '2021_03_08'], rxs=[7, 8, 9, 10, 11]): tx=84.58% (50749/60000)
          unseen_day_unseen_rx(days=['2021_03_15', '2021_03_23'], rxs=[7, 8, 9, 10, 11]): tx=80.16% (48096/60000)
          day=2021_03_15 on seen_rxs=[0, 1, 2, 3, 4, 5, 6]: tx=94.47% (39676/42000)
          day=2021_03_23 on seen_rxs=[0, 1, 2, 3, 4, 5, 6]: tx=87.18% (36614/42000)
          rx=7 on seen_days=['2021_03_01', '2021_03_08']: tx=76.43% (9172/12000)
          rx=8 on seen_days=['2021_03_01', '2021_03_08']: tx=70.31% (8437/12000)
          rx=9 on seen_days=['2021_03_01', '2021_03_08']: tx=87.44% (10493/12000)
          rx=10 on seen_days=['2021_03_01', '2021_03_08']: tx=95.12% (11415/12000)
          rx=11 on seen_days=['2021_03_01', '2021_03_08']: tx=93.60% (11232/12000)
[BEST-JOINT]  val_tx=97.61% & test_tx=86.90% @ E015
[CKPT]  latest -> finalist_runs/D4_domain_no_pa_no_stats_seed1337/latest_model.pth (saved) | best -> finalist_runs/D4_domain_no_pa_no_stats_seed1337/best_model_val.pth
====================================================================================================================================
[SAT-TEST] scenario=clear_leo selected=test_unseen_day_unseen_rx overall_tx=41.96% strict_udu=41.96% (25178/60000)
[SAT-TEST] scenario=low_elev_leo selected=test_unseen_day_unseen_rx overall_tx=39.13% strict_udu=39.13% (23481/60000)
[SAT-TEST] scenario=rain_leo selected=test_unseen_day_unseen_rx overall_tx=39.44% strict_udu=39.44% (23666/60000)
[SAT-TEST] scenario=storm_mp selected=test_unseen_day_unseen_rx overall_tx=31.90% strict_udu=31.90% (19140/60000)
[SAT-TEST] scenario=mixed_orbit selected=test_unseen_day_unseen_rx overall_tx=35.17% strict_udu=35.17% (21102/60000)
[BEST-TEST] overall=86.90% @ E015 -> finalist_runs/D4_domain_no_pa_no_stats_seed1337/best_model_test_overall.pth | unseen_day_unseen_rx=80.27% @ E013 -> finalist_runs/D4_domain_no_pa_no_stats_seed1337/best_model_strict_udu.pth | unseen_day_seen_rx=91.83% @ E015 | seen_day_unseen_rx=86.77% @ E015
[BEST-PRIMARY] score=82.50 @ E015 -> finalist_runs/D4_domain_no_pa_no_stats_seed1337/best_model_primary_ood.pth | overall=86.90% strict_udu=80.14%
[BEST-WORST-RX] worst_rx=75.58% (test_rx_8) @ E016 -> finalist_runs/D4_domain_no_pa_no_stats_seed1337/best_model_worst_rx.pth
====================================================================================================================================
[Epoch 019/200] time=76.8s | lr=1.96e-04 | aux_scale=1.000
[STAGE] phase=S2_stabilize_aux | use_aux=1.0 cons=0.20 cls_aux=0.15 reg=0.35 joint_inv=0.15 kl=0.15 group_ce=0.70
[MIXSTYLE-EPOCH] phase=base enabled=1 p=0.150 strength=0.650 anneal_t=0.000
[AUG] scale=0.350 | p_dac=0.000 p_pa=0.049 p_shift=0.122 p_cfo=0.122 p_awgn=0.140 p_mp=0.063 | max_shift=11 cfo_max=0.00014 pn_max=0.0021
------------------------------------------------------------------------------------------------------------------------------------
[LOSS-CORE] total=6.2468 cls=3.5403 dom=1.2520 adv=2.5927 orth=0.0005 cons=0.2741 group_ce=5.1460
[LOSS-AUX]  cls_pa=7.9109 cls_dac=0.0000 pa_joint_inv=0.6565 pa_kl=7.4676 dac_reg=0.0000 pa_reg=0.0181 gap_dac=0.0000 gap_pa=0.2155 cos_joint_pa=0.3435 cos_imp_pa=nan
[LOSS-SAT]  cls_sat=0.0000 sat_cons=0.0000 sat_cos=nan
[LOSS-DG]   proto=0.0000 proto_cos=nan supcon=0.0000 fishr=0.0037 sgc_res=0.0000
[LOSS-CAL]  ecc=0.0000 ecc_w=0.0000 ecc_tau=0.7118 ecc_maxp=nan
[TRAIN] tx=71.05% dom=55.59% cons_cos=0.7259
[GRAD]  total=2.508 backbone=1.000 aux=0.750 domain=0.500
[VAL]   tx=96.36% dom=79.96%
[TEST]  overall_tx=83.85% (171054/204000)
[TEST-SPLIT]
          unseen_day_seen_rx(days=['2021_03_15', '2021_03_23'], rxs=[0, 1, 2, 3, 4, 5, 6]): tx=89.37% (75067/84000)
          seen_day_unseen_rx(days=['2021_03_01', '2021_03_08'], rxs=[7, 8, 9, 10, 11]): tx=82.53% (49516/60000)
          unseen_day_unseen_rx(days=['2021_03_15', '2021_03_23'], rxs=[7, 8, 9, 10, 11]): tx=77.45% (46471/60000)
          day=2021_03_15 on seen_rxs=[0, 1, 2, 3, 4, 5, 6]: tx=93.10% (39100/42000)
          day=2021_03_23 on seen_rxs=[0, 1, 2, 3, 4, 5, 6]: tx=85.64% (35967/42000)
          rx=7 on seen_days=['2021_03_01', '2021_03_08']: tx=75.41% (9049/12000)
          rx=8 on seen_days=['2021_03_01', '2021_03_08']: tx=76.09% (9131/12000)
          rx=9 on seen_days=['2021_03_01', '2021_03_08']: tx=80.92% (9710/12000)
          rx=10 on seen_days=['2021_03_01', '2021_03_08']: tx=93.00% (11160/12000)
          rx=11 on seen_days=['2021_03_01', '2021_03_08']: tx=87.22% (10466/12000)
[BEST-JOINT]  val_tx=97.61% & test_tx=86.90% @ E015
[CKPT]  latest -> finalist_runs/D4_domain_no_pa_no_stats_seed1337/latest_model.pth (saved) | best -> finalist_runs/D4_domain_no_pa_no_stats_seed1337/best_model_val.pth
====================================================================================================================================
[SAT-TEST] scenario=clear_leo selected=test_unseen_day_unseen_rx overall_tx=40.41% strict_udu=40.41% (24248/60000)
[SAT-TEST] scenario=low_elev_leo selected=test_unseen_day_unseen_rx overall_tx=37.29% strict_udu=37.29% (22376/60000)
[SAT-TEST] scenario=rain_leo selected=test_unseen_day_unseen_rx overall_tx=37.71% strict_udu=37.71% (22628/60000)
[SAT-TEST] scenario=storm_mp selected=test_unseen_day_unseen_rx overall_tx=30.67% strict_udu=30.67% (18400/60000)
[SAT-TEST] scenario=mixed_orbit selected=test_unseen_day_unseen_rx overall_tx=34.12% strict_udu=34.12% (20474/60000)
[BEST-TEST] overall=86.90% @ E015 -> finalist_runs/D4_domain_no_pa_no_stats_seed1337/best_model_test_overall.pth | unseen_day_unseen_rx=80.27% @ E013 -> finalist_runs/D4_domain_no_pa_no_stats_seed1337/best_model_strict_udu.pth | unseen_day_seen_rx=91.83% @ E015 | seen_day_unseen_rx=86.77% @ E015
[BEST-PRIMARY] score=82.50 @ E015 -> finalist_runs/D4_domain_no_pa_no_stats_seed1337/best_model_primary_ood.pth | overall=86.90% strict_udu=80.14%
[BEST-WORST-RX] worst_rx=75.58% (test_rx_8) @ E016 -> finalist_runs/D4_domain_no_pa_no_stats_seed1337/best_model_worst_rx.pth
====================================================================================================================================
[Epoch 020/200] time=80.1s | lr=1.95e-04 | aux_scale=1.000
[STAGE] phase=S2_stabilize_aux | use_aux=1.0 cons=0.20 cls_aux=0.15 reg=0.35 joint_inv=0.15 kl=0.15 group_ce=0.70
[MIXSTYLE-EPOCH] phase=base enabled=1 p=0.150 strength=0.650 anneal_t=0.000
[AUG] scale=0.350 | p_dac=0.000 p_pa=0.049 p_shift=0.122 p_cfo=0.122 p_awgn=0.140 p_mp=0.063 | max_shift=11 cfo_max=0.00014 pn_max=0.0021
------------------------------------------------------------------------------------------------------------------------------------
[LOSS-CORE] total=7.0717 cls=3.5096 dom=1.1837 adv=2.5914 orth=0.0005 cons=0.2753 group_ce=5.0090
[LOSS-AUX]  cls_pa=7.6975 cls_dac=0.0000 pa_joint_inv=0.6517 pa_kl=7.2852 dac_reg=0.0000 pa_reg=0.0170 gap_dac=0.0000 gap_pa=0.2151 cos_joint_pa=0.3483 cos_imp_pa=nan
[LOSS-SAT]  cls_sat=11.3538 sat_cons=0.7083 sat_cos=0.2917
[LOSS-DG]   proto=0.0000 proto_cos=nan supcon=0.0000 fishr=0.0032 sgc_res=0.0000
[LOSS-CAL]  ecc=0.0000 ecc_w=0.0000 ecc_tau=0.7183 ecc_maxp=nan
[TRAIN] tx=70.19% dom=57.49% cons_cos=0.7247
[GRAD]  total=2.084 backbone=1.000 aux=0.750 domain=0.500
[VAL]   tx=97.89% dom=81.97%
[TEST]  overall_tx=86.29% (176022/204000)
[TEST-SPLIT]
          unseen_day_seen_rx(days=['2021_03_15', '2021_03_23'], rxs=[0, 1, 2, 3, 4, 5, 6]): tx=90.65% (76144/84000)
          seen_day_unseen_rx(days=['2021_03_01', '2021_03_08'], rxs=[7, 8, 9, 10, 11]): tx=86.41% (51847/60000)
          unseen_day_unseen_rx(days=['2021_03_15', '2021_03_23'], rxs=[7, 8, 9, 10, 11]): tx=80.05% (48031/60000)
          day=2021_03_15 on seen_rxs=[0, 1, 2, 3, 4, 5, 6]: tx=91.58% (38463/42000)
          day=2021_03_23 on seen_rxs=[0, 1, 2, 3, 4, 5, 6]: tx=89.72% (37681/42000)
          rx=7 on seen_days=['2021_03_01', '2021_03_08']: tx=77.13% (9256/12000)
          rx=8 on seen_days=['2021_03_01', '2021_03_08']: tx=76.71% (9205/12000)
          rx=9 on seen_days=['2021_03_01', '2021_03_08']: tx=87.66% (10519/12000)
          rx=10 on seen_days=['2021_03_01', '2021_03_08']: tx=95.49% (11459/12000)
          rx=11 on seen_days=['2021_03_01', '2021_03_08']: tx=95.07% (11408/12000)
[BEST-JOINT]  val_tx=97.89% & test_tx=86.29% @ E020
[CKPT]  latest -> finalist_runs/D4_domain_no_pa_no_stats_seed1337/latest_model.pth (saved) | best -> finalist_runs/D4_domain_no_pa_no_stats_seed1337/best_model_val.pth (updated: val improved)
====================================================================================================================================
[SAT-TEST] scenario=clear_leo selected=test_unseen_day_unseen_rx overall_tx=39.31% strict_udu=39.31% (23586/60000)
[SAT-TEST] scenario=low_elev_leo selected=test_unseen_day_unseen_rx overall_tx=38.27% strict_udu=38.27% (22962/60000)
[SAT-TEST] scenario=rain_leo selected=test_unseen_day_unseen_rx overall_tx=37.71% strict_udu=37.71% (22627/60000)
[SAT-TEST] scenario=storm_mp selected=test_unseen_day_unseen_rx overall_tx=32.38% strict_udu=32.38% (19431/60000)
[SAT-TEST] scenario=mixed_orbit selected=test_unseen_day_unseen_rx overall_tx=34.97% strict_udu=34.97% (20979/60000)
[BEST-TEST] overall=86.90% @ E015 -> finalist_runs/D4_domain_no_pa_no_stats_seed1337/best_model_test_overall.pth | unseen_day_unseen_rx=80.27% @ E013 -> finalist_runs/D4_domain_no_pa_no_stats_seed1337/best_model_strict_udu.pth | unseen_day_seen_rx=91.83% @ E015 | seen_day_unseen_rx=86.77% @ E015
[BEST-PRIMARY] score=82.50 @ E015 -> finalist_runs/D4_domain_no_pa_no_stats_seed1337/best_model_primary_ood.pth | overall=86.90% strict_udu=80.14%
[BEST-WORST-RX] worst_rx=76.71% (test_rx_8) @ E020 -> finalist_runs/D4_domain_no_pa_no_stats_seed1337/best_model_worst_rx.pth
====================================================================================================================================
[Epoch 021/200] time=85.2s | lr=1.95e-04 | aux_scale=1.000
[STAGE] phase=S2_stabilize_aux | use_aux=1.0 cons=0.21 cls_aux=0.16 reg=0.36 joint_inv=0.15 kl=0.15 group_ce=0.70
[MIXSTYLE-EPOCH] phase=base enabled=1 p=0.150 strength=0.650 anneal_t=0.000
[AUG] scale=0.350 | p_dac=0.000 p_pa=0.049 p_shift=0.122 p_cfo=0.122 p_awgn=0.140 p_mp=0.063 | max_shift=11 cfo_max=0.00014 pn_max=0.0021
------------------------------------------------------------------------------------------------------------------------------------
[LOSS-CORE] total=7.3461 cls=3.7470 dom=1.2248 adv=2.5931 orth=0.0005 cons=0.2760 group_ce=5.3648
[LOSS-AUX]  cls_pa=7.2502 cls_dac=0.0000 pa_joint_inv=0.6110 pa_kl=6.7553 dac_reg=0.0000 pa_reg=0.0168 gap_dac=0.0000 gap_pa=0.2138 cos_joint_pa=0.3890 cos_imp_pa=nan
[LOSS-SAT]  cls_sat=11.1222 sat_cons=0.6962 sat_cos=0.3038
[LOSS-DG]   proto=0.0000 proto_cos=nan supcon=0.0000 fishr=0.0034 sgc_res=0.0000
[LOSS-CAL]  ecc=0.0000 ecc_w=0.0000 ecc_tau=0.7250 ecc_maxp=nan
[TRAIN] tx=68.26% dom=55.84% cons_cos=0.7240
[GRAD]  total=2.390 backbone=1.000 aux=0.750 domain=0.500
[VAL]   tx=97.97% dom=82.54%
[TEST]  overall_tx=87.10% (177674/204000)
[TEST-SPLIT]
          unseen_day_seen_rx(days=['2021_03_15', '2021_03_23'], rxs=[0, 1, 2, 3, 4, 5, 6]): tx=91.69% (77019/84000)
          seen_day_unseen_rx(days=['2021_03_01', '2021_03_08'], rxs=[7, 8, 9, 10, 11]): tx=86.64% (51983/60000)
          unseen_day_unseen_rx(days=['2021_03_15', '2021_03_23'], rxs=[7, 8, 9, 10, 11]): tx=81.12% (48672/60000)
          day=2021_03_15 on seen_rxs=[0, 1, 2, 3, 4, 5, 6]: tx=92.09% (38679/42000)
          day=2021_03_23 on seen_rxs=[0, 1, 2, 3, 4, 5, 6]: tx=91.29% (38340/42000)
          rx=7 on seen_days=['2021_03_01', '2021_03_08']: tx=73.49% (8819/12000)
          rx=8 on seen_days=['2021_03_01', '2021_03_08']: tx=74.70% (8964/12000)
          rx=9 on seen_days=['2021_03_01', '2021_03_08']: tx=92.02% (11042/12000)
          rx=10 on seen_days=['2021_03_01', '2021_03_08']: tx=94.78% (11373/12000)
          rx=11 on seen_days=['2021_03_01', '2021_03_08']: tx=98.21% (11785/12000)
[BEST-JOINT]  val_tx=97.97% & test_tx=87.10% @ E021
[CKPT]  latest -> finalist_runs/D4_domain_no_pa_no_stats_seed1337/latest_model.pth (saved) | best -> finalist_runs/D4_domain_no_pa_no_stats_seed1337/best_model_val.pth (updated: val improved)
====================================================================================================================================
[SAT-TEST] scenario=clear_leo selected=test_unseen_day_unseen_rx overall_tx=40.08% strict_udu=40.08% (24045/60000)
[SAT-TEST] scenario=low_elev_leo selected=test_unseen_day_unseen_rx overall_tx=38.05% strict_udu=38.05% (22829/60000)
[SAT-TEST] scenario=rain_leo selected=test_unseen_day_unseen_rx overall_tx=38.13% strict_udu=38.13% (22879/60000)
[SAT-TEST] scenario=storm_mp selected=test_unseen_day_unseen_rx overall_tx=33.12% strict_udu=33.12% (19870/60000)
[SAT-TEST] scenario=mixed_orbit selected=test_unseen_day_unseen_rx overall_tx=36.18% strict_udu=36.18% (21710/60000)
[BEST-TEST] overall=87.10% @ E021 -> finalist_runs/D4_domain_no_pa_no_stats_seed1337/best_model_test_overall.pth | unseen_day_unseen_rx=81.12% @ E021 -> finalist_runs/D4_domain_no_pa_no_stats_seed1337/best_model_strict_udu.pth | unseen_day_seen_rx=91.83% @ E015 | seen_day_unseen_rx=86.77% @ E015
[BEST-PRIMARY] score=83.21 @ E021 -> finalist_runs/D4_domain_no_pa_no_stats_seed1337/best_model_primary_ood.pth | overall=87.10% strict_udu=81.12%
[BEST-WORST-RX] worst_rx=76.71% (test_rx_8) @ E020 -> finalist_runs/D4_domain_no_pa_no_stats_seed1337/best_model_worst_rx.pth
====================================================================================================================================
[Epoch 022/200] time=80.7s | lr=1.94e-04 | aux_scale=1.000
[STAGE] phase=S2_stabilize_aux | use_aux=1.0 cons=0.21 cls_aux=0.16 reg=0.36 joint_inv=0.15 kl=0.16 group_ce=0.70
[MIXSTYLE-EPOCH] phase=base enabled=1 p=0.150 strength=0.650 anneal_t=0.000
[AUG] scale=0.350 | p_dac=0.000 p_pa=0.049 p_shift=0.122 p_cfo=0.122 p_awgn=0.140 p_mp=0.063 | max_shift=11 cfo_max=0.00014 pn_max=0.0021
------------------------------------------------------------------------------------------------------------------------------------
[LOSS-CORE] total=6.6619 cls=3.2139 dom=1.1372 adv=2.5889 orth=0.0005 cons=0.2685 group_ce=4.7317
[LOSS-AUX]  cls_pa=7.0885 cls_dac=0.0000 pa_joint_inv=0.6053 pa_kl=6.7049 dac_reg=0.0000 pa_reg=0.0159 gap_dac=0.0000 gap_pa=0.2211 cos_joint_pa=0.3947 cos_imp_pa=nan
[LOSS-SAT]  cls_sat=10.8851 sat_cons=0.7226 sat_cos=0.2774
[LOSS-DG]   proto=0.0000 proto_cos=nan supcon=0.0000 fishr=0.0032 sgc_res=0.0000
[LOSS-CAL]  ecc=0.0000 ecc_w=0.0000 ecc_tau=0.7319 ecc_maxp=nan
[TRAIN] tx=73.10% dom=59.48% cons_cos=0.7315
[GRAD]  total=2.286 backbone=1.000 aux=0.750 domain=0.500
[VAL]   tx=97.86% dom=81.93%
[TEST]  overall_tx=88.23% (179983/204000)
[TEST-SPLIT]
          unseen_day_seen_rx(days=['2021_03_15', '2021_03_23'], rxs=[0, 1, 2, 3, 4, 5, 6]): tx=92.66% (77834/84000)
          seen_day_unseen_rx(days=['2021_03_01', '2021_03_08'], rxs=[7, 8, 9, 10, 11]): tx=87.50% (52498/60000)
          unseen_day_unseen_rx(days=['2021_03_15', '2021_03_23'], rxs=[7, 8, 9, 10, 11]): tx=82.75% (49651/60000)
          day=2021_03_15 on seen_rxs=[0, 1, 2, 3, 4, 5, 6]: tx=95.05% (39921/42000)
          day=2021_03_23 on seen_rxs=[0, 1, 2, 3, 4, 5, 6]: tx=90.27% (37913/42000)
          rx=7 on seen_days=['2021_03_01', '2021_03_08']: tx=78.31% (9397/12000)
          rx=8 on seen_days=['2021_03_01', '2021_03_08']: tx=78.21% (9385/12000)
          rx=9 on seen_days=['2021_03_01', '2021_03_08']: tx=91.31% (10957/12000)
          rx=10 on seen_days=['2021_03_01', '2021_03_08']: tx=92.38% (11086/12000)
          rx=11 on seen_days=['2021_03_01', '2021_03_08']: tx=97.28% (11673/12000)
[BEST-JOINT]  val_tx=97.97% & test_tx=87.10% @ E021
[CKPT]  latest -> finalist_runs/D4_domain_no_pa_no_stats_seed1337/latest_model.pth (saved) | best -> finalist_runs/D4_domain_no_pa_no_stats_seed1337/best_model_val.pth
====================================================================================================================================
[SAT-TEST] scenario=clear_leo selected=test_unseen_day_unseen_rx overall_tx=41.05% strict_udu=41.05% (24632/60000)
[SAT-TEST] scenario=low_elev_leo selected=test_unseen_day_unseen_rx overall_tx=39.98% strict_udu=39.98% (23986/60000)
[SAT-TEST] scenario=rain_leo selected=test_unseen_day_unseen_rx overall_tx=39.40% strict_udu=39.40% (23639/60000)
[SAT-TEST] scenario=storm_mp selected=test_unseen_day_unseen_rx overall_tx=33.45% strict_udu=33.45% (20073/60000)
[SAT-TEST] scenario=mixed_orbit selected=test_unseen_day_unseen_rx overall_tx=36.34% strict_udu=36.34% (21801/60000)
[BEST-TEST] overall=88.23% @ E022 -> finalist_runs/D4_domain_no_pa_no_stats_seed1337/best_model_test_overall.pth | unseen_day_unseen_rx=82.75% @ E022 -> finalist_runs/D4_domain_no_pa_no_stats_seed1337/best_model_strict_udu.pth | unseen_day_seen_rx=92.66% @ E022 | seen_day_unseen_rx=87.50% @ E022
[BEST-PRIMARY] score=84.67 @ E022 -> finalist_runs/D4_domain_no_pa_no_stats_seed1337/best_model_primary_ood.pth | overall=88.23% strict_udu=82.75%
[BEST-WORST-RX] worst_rx=78.21% (test_rx_8) @ E022 -> finalist_runs/D4_domain_no_pa_no_stats_seed1337/best_model_worst_rx.pth
====================================================================================================================================
[Epoch 023/200] time=78.3s | lr=1.94e-04 | aux_scale=1.000
[STAGE] phase=S2_stabilize_aux | use_aux=1.0 cons=0.21 cls_aux=0.16 reg=0.36 joint_inv=0.15 kl=0.16 group_ce=0.71
[MIXSTYLE-EPOCH] phase=base enabled=1 p=0.150 strength=0.650 anneal_t=0.000
[AUG] scale=0.350 | p_dac=0.000 p_pa=0.049 p_shift=0.122 p_cfo=0.122 p_awgn=0.140 p_mp=0.063 | max_shift=11 cfo_max=0.00014 pn_max=0.0021
------------------------------------------------------------------------------------------------------------------------------------
[LOSS-CORE] total=6.7951 cls=3.3263 dom=1.1616 adv=2.5919 orth=0.0006 cons=0.2451 group_ce=4.7749
[LOSS-AUX]  cls_pa=6.8676 cls_dac=0.0000 pa_joint_inv=0.5708 pa_kl=6.4633 dac_reg=0.0000 pa_reg=0.0164 gap_dac=0.0000 gap_pa=0.2185 cos_joint_pa=0.4292 cos_imp_pa=nan
[LOSS-SAT]  cls_sat=10.8271 sat_cons=0.6976 sat_cos=0.3024
[LOSS-DG]   proto=0.0000 proto_cos=nan supcon=0.0000 fishr=0.0030 sgc_res=0.0000
[LOSS-CAL]  ecc=0.0000 ecc_w=0.0000 ecc_tau=0.7390 ecc_maxp=nan
[TRAIN] tx=71.84% dom=58.71% cons_cos=0.7549
[GRAD]  total=2.461 backbone=1.000 aux=0.750 domain=0.500
[VAL]   tx=97.89% dom=83.40%
[TEST]  overall_tx=87.49% (178485/204000)
[TEST-SPLIT]
          unseen_day_seen_rx(days=['2021_03_15', '2021_03_23'], rxs=[0, 1, 2, 3, 4, 5, 6]): tx=91.63% (76969/84000)
          seen_day_unseen_rx(days=['2021_03_01', '2021_03_08'], rxs=[7, 8, 9, 10, 11]): tx=86.98% (52191/60000)
          unseen_day_unseen_rx(days=['2021_03_15', '2021_03_23'], rxs=[7, 8, 9, 10, 11]): tx=82.21% (49325/60000)
          day=2021_03_15 on seen_rxs=[0, 1, 2, 3, 4, 5, 6]: tx=94.12% (39530/42000)
          day=2021_03_23 on seen_rxs=[0, 1, 2, 3, 4, 5, 6]: tx=89.14% (37439/42000)
          rx=7 on seen_days=['2021_03_01', '2021_03_08']: tx=76.67% (9201/12000)
          rx=8 on seen_days=['2021_03_01', '2021_03_08']: tx=76.69% (9203/12000)
          rx=9 on seen_days=['2021_03_01', '2021_03_08']: tx=90.55% (10866/12000)
          rx=10 on seen_days=['2021_03_01', '2021_03_08']: tx=95.39% (11447/12000)
          rx=11 on seen_days=['2021_03_01', '2021_03_08']: tx=95.62% (11474/12000)
[BEST-JOINT]  val_tx=97.97% & test_tx=87.10% @ E021
[CKPT]  latest -> finalist_runs/D4_domain_no_pa_no_stats_seed1337/latest_model.pth (saved) | best -> finalist_runs/D4_domain_no_pa_no_stats_seed1337/best_model_val.pth
====================================================================================================================================
[SAT-TEST] scenario=clear_leo selected=test_unseen_day_unseen_rx overall_tx=40.94% strict_udu=40.94% (24562/60000)
[SAT-TEST] scenario=low_elev_leo selected=test_unseen_day_unseen_rx overall_tx=38.07% strict_udu=38.07% (22842/60000)
[SAT-TEST] scenario=rain_leo selected=test_unseen_day_unseen_rx overall_tx=38.57% strict_udu=38.57% (23144/60000)
[SAT-TEST] scenario=storm_mp selected=test_unseen_day_unseen_rx overall_tx=32.33% strict_udu=32.33% (19398/60000)
[SAT-TEST] scenario=mixed_orbit selected=test_unseen_day_unseen_rx overall_tx=36.17% strict_udu=36.17% (21702/60000)
[BEST-TEST] overall=88.23% @ E022 -> finalist_runs/D4_domain_no_pa_no_stats_seed1337/best_model_test_overall.pth | unseen_day_unseen_rx=82.75% @ E022 -> finalist_runs/D4_domain_no_pa_no_stats_seed1337/best_model_strict_udu.pth | unseen_day_seen_rx=92.66% @ E022 | seen_day_unseen_rx=87.50% @ E022
[BEST-PRIMARY] score=84.67 @ E022 -> finalist_runs/D4_domain_no_pa_no_stats_seed1337/best_model_primary_ood.pth | overall=88.23% strict_udu=82.75%
[BEST-WORST-RX] worst_rx=78.21% (test_rx_8) @ E022 -> finalist_runs/D4_domain_no_pa_no_stats_seed1337/best_model_worst_rx.pth
====================================================================================================================================
[Epoch 024/200] time=79.6s | lr=1.93e-04 | aux_scale=1.000
[STAGE] phase=S2_stabilize_aux | use_aux=1.0 cons=0.21 cls_aux=0.16 reg=0.36 joint_inv=0.16 kl=0.16 group_ce=0.71
[MIXSTYLE-EPOCH] phase=base enabled=1 p=0.150 strength=0.650 anneal_t=0.000
[AUG] scale=0.350 | p_dac=0.000 p_pa=0.049 p_shift=0.122 p_cfo=0.122 p_awgn=0.140 p_mp=0.063 | max_shift=11 cfo_max=0.00014 pn_max=0.0021
------------------------------------------------------------------------------------------------------------------------------------
[LOSS-CORE] total=7.0852 cls=3.5629 dom=1.1994 adv=2.5879 orth=0.0006 cons=0.2552 group_ce=5.0250
[LOSS-AUX]  cls_pa=6.7217 cls_dac=0.0000 pa_joint_inv=0.5842 pa_kl=6.3302 dac_reg=0.0000 pa_reg=0.0161 gap_dac=0.0000 gap_pa=0.2254 cos_joint_pa=0.4158 cos_imp_pa=nan
[LOSS-SAT]  cls_sat=10.7920 sat_cons=0.6943 sat_cos=0.3057
[LOSS-DG]   proto=0.0000 proto_cos=nan supcon=0.0000 fishr=0.0032 sgc_res=0.0000
[LOSS-CAL]  ecc=0.0000 ecc_w=0.0000 ecc_tau=0.7462 ecc_maxp=nan
[TRAIN] tx=69.96% dom=56.84% cons_cos=0.7448
[GRAD]  total=2.616 backbone=1.000 aux=0.750 domain=0.500
[VAL]   tx=98.00% dom=82.08%
[TEST]  overall_tx=86.46% (176373/204000)
[TEST-SPLIT]
          unseen_day_seen_rx(days=['2021_03_15', '2021_03_23'], rxs=[0, 1, 2, 3, 4, 5, 6]): tx=90.91% (76362/84000)
          seen_day_unseen_rx(days=['2021_03_01', '2021_03_08'], rxs=[7, 8, 9, 10, 11]): tx=86.51% (51906/60000)
          unseen_day_unseen_rx(days=['2021_03_15', '2021_03_23'], rxs=[7, 8, 9, 10, 11]): tx=80.17% (48105/60000)
          day=2021_03_15 on seen_rxs=[0, 1, 2, 3, 4, 5, 6]: tx=92.90% (39018/42000)
          day=2021_03_23 on seen_rxs=[0, 1, 2, 3, 4, 5, 6]: tx=88.91% (37344/42000)
          rx=7 on seen_days=['2021_03_01', '2021_03_08']: tx=74.67% (8961/12000)
          rx=8 on seen_days=['2021_03_01', '2021_03_08']: tx=74.89% (8987/12000)
          rx=9 on seen_days=['2021_03_01', '2021_03_08']: tx=90.67% (10880/12000)
          rx=10 on seen_days=['2021_03_01', '2021_03_08']: tx=96.41% (11569/12000)
          rx=11 on seen_days=['2021_03_01', '2021_03_08']: tx=95.91% (11509/12000)
[BEST-JOINT]  val_tx=98.00% & test_tx=86.46% @ E024
[CKPT]  latest -> finalist_runs/D4_domain_no_pa_no_stats_seed1337/latest_model.pth (saved) | best -> finalist_runs/D4_domain_no_pa_no_stats_seed1337/best_model_val.pth (updated: val improved)
====================================================================================================================================
[SAT-TEST] scenario=clear_leo selected=test_unseen_day_unseen_rx overall_tx=40.43% strict_udu=40.43% (24256/60000)
[SAT-TEST] scenario=low_elev_leo selected=test_unseen_day_unseen_rx overall_tx=39.98% strict_udu=39.98% (23989/60000)
[SAT-TEST] scenario=rain_leo selected=test_unseen_day_unseen_rx overall_tx=39.31% strict_udu=39.31% (23584/60000)
[SAT-TEST] scenario=storm_mp selected=test_unseen_day_unseen_rx overall_tx=34.76% strict_udu=34.76% (20853/60000)
[SAT-TEST] scenario=mixed_orbit selected=test_unseen_day_unseen_rx overall_tx=36.92% strict_udu=36.92% (22153/60000)
[BEST-TEST] overall=88.23% @ E022 -> finalist_runs/D4_domain_no_pa_no_stats_seed1337/best_model_test_overall.pth | unseen_day_unseen_rx=82.75% @ E022 -> finalist_runs/D4_domain_no_pa_no_stats_seed1337/best_model_strict_udu.pth | unseen_day_seen_rx=92.66% @ E022 | seen_day_unseen_rx=87.50% @ E022
[BEST-PRIMARY] score=84.67 @ E022 -> finalist_runs/D4_domain_no_pa_no_stats_seed1337/best_model_primary_ood.pth | overall=88.23% strict_udu=82.75%
[BEST-WORST-RX] worst_rx=78.21% (test_rx_8) @ E022 -> finalist_runs/D4_domain_no_pa_no_stats_seed1337/best_model_worst_rx.pth
====================================================================================================================================
[Epoch 025/200] time=79.4s | lr=1.92e-04 | aux_scale=1.000
[STAGE] phase=S2_stabilize_aux | use_aux=1.0 cons=0.22 cls_aux=0.17 reg=0.36 joint_inv=0.16 kl=0.16 group_ce=0.71
[MIXSTYLE-EPOCH] phase=base enabled=1 p=0.150 strength=0.650 anneal_t=0.000
[AUG] scale=0.350 | p_dac=0.000 p_pa=0.049 p_shift=0.122 p_cfo=0.122 p_awgn=0.140 p_mp=0.063 | max_shift=11 cfo_max=0.00014 pn_max=0.0021
------------------------------------------------------------------------------------------------------------------------------------
[LOSS-CORE] total=6.3375 cls=2.9843 dom=1.1072 adv=2.5927 orth=0.0007 cons=0.2403 group_ce=4.3714
[LOSS-AUX]  cls_pa=5.9645 cls_dac=0.0000 pa_joint_inv=0.5382 pa_kl=5.6006 dac_reg=0.0000 pa_reg=0.0162 gap_dac=0.0000 gap_pa=0.2208 cos_joint_pa=0.4618 cos_imp_pa=nan
[LOSS-SAT]  cls_sat=10.6368 sat_cons=0.7164 sat_cos=0.2836
[LOSS-DG]   proto=0.0000 proto_cos=nan supcon=0.0000 fishr=0.0027 sgc_res=0.0000
[LOSS-CAL]  ecc=0.0000 ecc_w=0.0000 ecc_tau=0.7536 ecc_maxp=nan
[TRAIN] tx=74.30% dom=61.00% cons_cos=0.7597
[GRAD]  total=2.579 backbone=1.000 aux=0.750 domain=0.500
[VAL]   tx=98.00% dom=81.66%
[TEST]  overall_tx=87.58% (178667/204000)
[TEST-SPLIT]
          unseen_day_seen_rx(days=['2021_03_15', '2021_03_23'], rxs=[0, 1, 2, 3, 4, 5, 6]): tx=91.26% (76660/84000)
          seen_day_unseen_rx(days=['2021_03_01', '2021_03_08'], rxs=[7, 8, 9, 10, 11]): tx=87.67% (52602/60000)
          unseen_day_unseen_rx(days=['2021_03_15', '2021_03_23'], rxs=[7, 8, 9, 10, 11]): tx=82.34% (49405/60000)
          day=2021_03_15 on seen_rxs=[0, 1, 2, 3, 4, 5, 6]: tx=93.55% (39292/42000)
          day=2021_03_23 on seen_rxs=[0, 1, 2, 3, 4, 5, 6]: tx=88.97% (37368/42000)
          rx=7 on seen_days=['2021_03_01', '2021_03_08']: tx=78.67% (9440/12000)
          rx=8 on seen_days=['2021_03_01', '2021_03_08']: tx=78.61% (9433/12000)
          rx=9 on seen_days=['2021_03_01', '2021_03_08']: tx=91.08% (10930/12000)
          rx=10 on seen_days=['2021_03_01', '2021_03_08']: tx=93.92% (11270/12000)
          rx=11 on seen_days=['2021_03_01', '2021_03_08']: tx=96.08% (11529/12000)
[BEST-JOINT]  val_tx=98.00% & test_tx=86.46% @ E024
[CKPT]  latest -> finalist_runs/D4_domain_no_pa_no_stats_seed1337/latest_model.pth (saved) | best -> finalist_runs/D4_domain_no_pa_no_stats_seed1337/best_model_val.pth
====================================================================================================================================
[SAT-TEST] scenario=clear_leo selected=test_unseen_day_unseen_rx overall_tx=40.08% strict_udu=40.08% (24050/60000)
[SAT-TEST] scenario=low_elev_leo selected=test_unseen_day_unseen_rx overall_tx=40.02% strict_udu=40.02% (24015/60000)
[SAT-TEST] scenario=rain_leo selected=test_unseen_day_unseen_rx overall_tx=39.09% strict_udu=39.09% (23456/60000)
[SAT-TEST] scenario=storm_mp selected=test_unseen_day_unseen_rx overall_tx=34.43% strict_udu=34.43% (20657/60000)
[SAT-TEST] scenario=mixed_orbit selected=test_unseen_day_unseen_rx overall_tx=36.44% strict_udu=36.44% (21865/60000)
[BEST-TEST] overall=88.23% @ E022 -> finalist_runs/D4_domain_no_pa_no_stats_seed1337/best_model_test_overall.pth | unseen_day_unseen_rx=82.75% @ E022 -> finalist_runs/D4_domain_no_pa_no_stats_seed1337/best_model_strict_udu.pth | unseen_day_seen_rx=92.66% @ E022 | seen_day_unseen_rx=87.67% @ E025
[BEST-PRIMARY] score=84.67 @ E022 -> finalist_runs/D4_domain_no_pa_no_stats_seed1337/best_model_primary_ood.pth | overall=88.23% strict_udu=82.75%
[BEST-WORST-RX] worst_rx=78.61% (test_rx_8) @ E025 -> finalist_runs/D4_domain_no_pa_no_stats_seed1337/best_model_worst_rx.pth
====================================================================================================================================
[Epoch 026/200] time=79.3s | lr=1.92e-04 | aux_scale=1.000
[STAGE] phase=S2_stabilize_aux | use_aux=1.0 cons=0.22 cls_aux=0.17 reg=0.37 joint_inv=0.16 kl=0.16 group_ce=0.71
[MIXSTYLE-EPOCH] phase=base enabled=1 p=0.150 strength=0.650 anneal_t=0.000
[AUG] scale=0.350 | p_dac=0.000 p_pa=0.049 p_shift=0.122 p_cfo=0.122 p_awgn=0.140 p_mp=0.063 | max_shift=11 cfo_max=0.00014 pn_max=0.0021
------------------------------------------------------------------------------------------------------------------------------------
[LOSS-CORE] total=7.7760 cls=4.1594 dom=1.2655 adv=2.5972 orth=0.0005 cons=0.2601 group_ce=5.6575
[LOSS-AUX]  cls_pa=6.0254 cls_dac=0.0000 pa_joint_inv=0.5384 pa_kl=5.6081 dac_reg=0.0000 pa_reg=0.0158 gap_dac=0.0000 gap_pa=0.2238 cos_joint_pa=0.4616 cos_imp_pa=nan
[LOSS-SAT]  cls_sat=10.6758 sat_cons=0.6857 sat_cos=0.3143
[LOSS-DG]   proto=0.0000 proto_cos=nan supcon=0.0000 fishr=0.0034 sgc_res=0.0000
[LOSS-CAL]  ecc=0.0000 ecc_w=0.0000 ecc_tau=0.7612 ecc_maxp=nan
[TRAIN] tx=65.04% dom=54.60% cons_cos=0.7399
[GRAD]  total=2.446 backbone=1.000 aux=0.750 domain=0.500
[VAL]   tx=97.81% dom=82.79%
[TEST]  overall_tx=87.39% (178271/204000)
[TEST-SPLIT]
          unseen_day_seen_rx(days=['2021_03_15', '2021_03_23'], rxs=[0, 1, 2, 3, 4, 5, 6]): tx=92.01% (77286/84000)
          seen_day_unseen_rx(days=['2021_03_01', '2021_03_08'], rxs=[7, 8, 9, 10, 11]): tx=86.76% (52054/60000)
          unseen_day_unseen_rx(days=['2021_03_15', '2021_03_23'], rxs=[7, 8, 9, 10, 11]): tx=81.55% (48931/60000)
          day=2021_03_15 on seen_rxs=[0, 1, 2, 3, 4, 5, 6]: tx=93.51% (39274/42000)
          day=2021_03_23 on seen_rxs=[0, 1, 2, 3, 4, 5, 6]: tx=90.50% (38012/42000)
          rx=7 on seen_days=['2021_03_01', '2021_03_08']: tx=78.22% (9387/12000)
          rx=8 on seen_days=['2021_03_01', '2021_03_08']: tx=76.78% (9214/12000)
          rx=9 on seen_days=['2021_03_01', '2021_03_08']: tx=88.31% (10597/12000)
          rx=10 on seen_days=['2021_03_01', '2021_03_08']: tx=95.48% (11458/12000)
          rx=11 on seen_days=['2021_03_01', '2021_03_08']: tx=94.98% (11398/12000)
[BEST-JOINT]  val_tx=98.00% & test_tx=86.46% @ E024
[CKPT]  latest -> finalist_runs/D4_domain_no_pa_no_stats_seed1337/latest_model.pth (saved) | best -> finalist_runs/D4_domain_no_pa_no_stats_seed1337/best_model_val.pth
====================================================================================================================================
[SAT-TEST] scenario=clear_leo selected=test_unseen_day_unseen_rx overall_tx=42.08% strict_udu=42.08% (25248/60000)
[SAT-TEST] scenario=low_elev_leo selected=test_unseen_day_unseen_rx overall_tx=39.53% strict_udu=39.53% (23718/60000)
[SAT-TEST] scenario=rain_leo selected=test_unseen_day_unseen_rx overall_tx=39.85% strict_udu=39.85% (23909/60000)
[SAT-TEST] scenario=storm_mp selected=test_unseen_day_unseen_rx overall_tx=34.42% strict_udu=34.42% (20653/60000)
[SAT-TEST] scenario=mixed_orbit selected=test_unseen_day_unseen_rx overall_tx=37.95% strict_udu=37.95% (22771/60000)
[BEST-TEST] overall=88.23% @ E022 -> finalist_runs/D4_domain_no_pa_no_stats_seed1337/best_model_test_overall.pth | unseen_day_unseen_rx=82.75% @ E022 -> finalist_runs/D4_domain_no_pa_no_stats_seed1337/best_model_strict_udu.pth | unseen_day_seen_rx=92.66% @ E022 | seen_day_unseen_rx=87.67% @ E025
[BEST-PRIMARY] score=84.67 @ E022 -> finalist_runs/D4_domain_no_pa_no_stats_seed1337/best_model_primary_ood.pth | overall=88.23% strict_udu=82.75%
[BEST-WORST-RX] worst_rx=78.61% (test_rx_8) @ E025 -> finalist_runs/D4_domain_no_pa_no_stats_seed1337/best_model_worst_rx.pth
====================================================================================================================================
[Epoch 027/200] time=81.6s | lr=1.91e-04 | aux_scale=1.000
[STAGE] phase=S2_stabilize_aux | use_aux=1.0 cons=0.23 cls_aux=0.18 reg=0.37 joint_inv=0.16 kl=0.17 group_ce=0.71
[MIXSTYLE-EPOCH] phase=base enabled=1 p=0.150 strength=0.650 anneal_t=0.000
[AUG] scale=0.350 | p_dac=0.000 p_pa=0.049 p_shift=0.122 p_cfo=0.122 p_awgn=0.140 p_mp=0.063 | max_shift=11 cfo_max=0.00014 pn_max=0.0021
------------------------------------------------------------------------------------------------------------------------------------
[LOSS-CORE] total=5.7699 cls=2.5866 dom=0.9924 adv=2.5910 orth=0.0008 cons=0.2354 group_ce=3.9217
[LOSS-AUX]  cls_pa=5.4299 cls_dac=0.0000 pa_joint_inv=0.4984 pa_kl=5.0773 dac_reg=0.0000 pa_reg=0.0157 gap_dac=0.0000 gap_pa=0.2208 cos_joint_pa=0.5016 cos_imp_pa=nan
[LOSS-SAT]  cls_sat=10.4080 sat_cons=0.7324 sat_cos=0.2676
[LOSS-DG]   proto=0.0000 proto_cos=nan supcon=0.0000 fishr=0.0023 sgc_res=0.0000
[LOSS-CAL]  ecc=0.0000 ecc_w=0.0000 ecc_tau=0.7688 ecc_maxp=nan
[TRAIN] tx=78.86% dom=63.25% cons_cos=0.7646
[GRAD]  total=2.784 backbone=1.000 aux=0.750 domain=0.500
[VAL]   tx=98.32% dom=83.94%
[TEST]  overall_tx=87.13% (177753/204000)
[TEST-SPLIT]
          unseen_day_seen_rx(days=['2021_03_15', '2021_03_23'], rxs=[0, 1, 2, 3, 4, 5, 6]): tx=92.14% (77397/84000)
          seen_day_unseen_rx(days=['2021_03_01', '2021_03_08'], rxs=[7, 8, 9, 10, 11]): tx=86.69% (52014/60000)
          unseen_day_unseen_rx(days=['2021_03_15', '2021_03_23'], rxs=[7, 8, 9, 10, 11]): tx=80.57% (48342/60000)
          day=2021_03_15 on seen_rxs=[0, 1, 2, 3, 4, 5, 6]: tx=93.18% (39137/42000)
          day=2021_03_23 on seen_rxs=[0, 1, 2, 3, 4, 5, 6]: tx=91.10% (38260/42000)
          rx=7 on seen_days=['2021_03_01', '2021_03_08']: tx=76.12% (9134/12000)
          rx=8 on seen_days=['2021_03_01', '2021_03_08']: tx=77.49% (9299/12000)
          rx=9 on seen_days=['2021_03_01', '2021_03_08']: tx=90.46% (10855/12000)
          rx=10 on seen_days=['2021_03_01', '2021_03_08']: tx=92.80% (11136/12000)
          rx=11 on seen_days=['2021_03_01', '2021_03_08']: tx=96.58% (11590/12000)
[BEST-JOINT]  val_tx=98.32% & test_tx=87.13% @ E027
[CKPT]  latest -> finalist_runs/D4_domain_no_pa_no_stats_seed1337/latest_model.pth (saved) | best -> finalist_runs/D4_domain_no_pa_no_stats_seed1337/best_model_val.pth (updated: val improved)
====================================================================================================================================
[SAT-TEST] scenario=clear_leo selected=test_unseen_day_unseen_rx overall_tx=39.31% strict_udu=39.31% (23585/60000)
[SAT-TEST] scenario=low_elev_leo selected=test_unseen_day_unseen_rx overall_tx=38.45% strict_udu=38.45% (23071/60000)
[SAT-TEST] scenario=rain_leo selected=test_unseen_day_unseen_rx overall_tx=37.67% strict_udu=37.67% (22602/60000)
[SAT-TEST] scenario=storm_mp selected=test_unseen_day_unseen_rx overall_tx=33.51% strict_udu=33.51% (20104/60000)
[SAT-TEST] scenario=mixed_orbit selected=test_unseen_day_unseen_rx overall_tx=36.25% strict_udu=36.25% (21748/60000)
[BEST-TEST] overall=88.23% @ E022 -> finalist_runs/D4_domain_no_pa_no_stats_seed1337/best_model_test_overall.pth | unseen_day_unseen_rx=82.75% @ E022 -> finalist_runs/D4_domain_no_pa_no_stats_seed1337/best_model_strict_udu.pth | unseen_day_seen_rx=92.66% @ E022 | seen_day_unseen_rx=87.67% @ E025
[BEST-PRIMARY] score=84.67 @ E022 -> finalist_runs/D4_domain_no_pa_no_stats_seed1337/best_model_primary_ood.pth | overall=88.23% strict_udu=82.75%
[BEST-WORST-RX] worst_rx=78.61% (test_rx_8) @ E025 -> finalist_runs/D4_domain_no_pa_no_stats_seed1337/best_model_worst_rx.pth
====================================================================================================================================
[Epoch 028/200] time=82.3s | lr=1.91e-04 | aux_scale=1.000
[STAGE] phase=S2_stabilize_aux | use_aux=1.0 cons=0.23 cls_aux=0.18 reg=0.37 joint_inv=0.16 kl=0.17 group_ce=0.72
[MIXSTYLE-EPOCH] phase=base enabled=1 p=0.150 strength=0.650 anneal_t=0.000
[AUG] scale=0.350 | p_dac=0.000 p_pa=0.049 p_shift=0.122 p_cfo=0.122 p_awgn=0.140 p_mp=0.063 | max_shift=11 cfo_max=0.00014 pn_max=0.0021
------------------------------------------------------------------------------------------------------------------------------------
[LOSS-CORE] total=5.3040 cls=2.2219 dom=0.9209 adv=2.5901 orth=0.0008 cons=0.2260 group_ce=3.5113
[LOSS-AUX]  cls_pa=5.2241 cls_dac=0.0000 pa_joint_inv=0.4864 pa_kl=4.8937 dac_reg=0.0000 pa_reg=0.0157 gap_dac=0.0000 gap_pa=0.2224 cos_joint_pa=0.5136 cos_imp_pa=nan
[LOSS-SAT]  cls_sat=10.3996 sat_cons=0.7452 sat_cos=0.2548
[LOSS-DG]   proto=0.0000 proto_cos=nan supcon=0.0000 fishr=0.0021 sgc_res=0.0000
[LOSS-CAL]  ecc=0.0000 ecc_w=0.0000 ecc_tau=0.7765 ecc_maxp=nan
[TRAIN] tx=81.36% dom=65.62% cons_cos=0.7740
[GRAD]  total=2.438 backbone=1.000 aux=0.750 domain=0.500
[VAL]   tx=98.23% dom=84.63%
[TEST]  overall_tx=89.05% (181671/204000)
[TEST-SPLIT]
          unseen_day_seen_rx(days=['2021_03_15', '2021_03_23'], rxs=[0, 1, 2, 3, 4, 5, 6]): tx=92.90% (78037/84000)
          seen_day_unseen_rx(days=['2021_03_01', '2021_03_08'], rxs=[7, 8, 9, 10, 11]): tx=88.65% (53189/60000)
          unseen_day_unseen_rx(days=['2021_03_15', '2021_03_23'], rxs=[7, 8, 9, 10, 11]): tx=84.08% (50445/60000)
          day=2021_03_15 on seen_rxs=[0, 1, 2, 3, 4, 5, 6]: tx=95.40% (40066/42000)
          day=2021_03_23 on seen_rxs=[0, 1, 2, 3, 4, 5, 6]: tx=90.41% (37971/42000)
          rx=7 on seen_days=['2021_03_01', '2021_03_08']: tx=78.42% (9411/12000)
          rx=8 on seen_days=['2021_03_01', '2021_03_08']: tx=80.13% (9616/12000)
          rx=9 on seen_days=['2021_03_01', '2021_03_08']: tx=94.22% (11307/12000)
          rx=10 on seen_days=['2021_03_01', '2021_03_08']: tx=95.42% (11450/12000)
          rx=11 on seen_days=['2021_03_01', '2021_03_08']: tx=95.04% (11405/12000)
[BEST-JOINT]  val_tx=98.32% & test_tx=87.13% @ E027
[CKPT]  latest -> finalist_runs/D4_domain_no_pa_no_stats_seed1337/latest_model.pth (saved) | best -> finalist_runs/D4_domain_no_pa_no_stats_seed1337/best_model_val.pth
====================================================================================================================================
[SAT-TEST] scenario=clear_leo selected=test_unseen_day_unseen_rx overall_tx=42.51% strict_udu=42.51% (25505/60000)
[SAT-TEST] scenario=low_elev_leo selected=test_unseen_day_unseen_rx overall_tx=40.73% strict_udu=40.73% (24437/60000)
[SAT-TEST] scenario=rain_leo selected=test_unseen_day_unseen_rx overall_tx=40.52% strict_udu=40.52% (24312/60000)
[SAT-TEST] scenario=storm_mp selected=test_unseen_day_unseen_rx overall_tx=34.23% strict_udu=34.23% (20538/60000)
[SAT-TEST] scenario=mixed_orbit selected=test_unseen_day_unseen_rx overall_tx=38.06% strict_udu=38.06% (22834/60000)
[BEST-TEST] overall=89.05% @ E028 -> finalist_runs/D4_domain_no_pa_no_stats_seed1337/best_model_test_overall.pth | unseen_day_unseen_rx=84.08% @ E028 -> finalist_runs/D4_domain_no_pa_no_stats_seed1337/best_model_strict_udu.pth | unseen_day_seen_rx=92.90% @ E028 | seen_day_unseen_rx=88.65% @ E028
[BEST-PRIMARY] score=85.82 @ E028 -> finalist_runs/D4_domain_no_pa_no_stats_seed1337/best_model_primary_ood.pth | overall=89.05% strict_udu=84.08%
[BEST-WORST-RX] worst_rx=78.61% (test_rx_8) @ E025 -> finalist_runs/D4_domain_no_pa_no_stats_seed1337/best_model_worst_rx.pth
====================================================================================================================================
[Epoch 029/200] time=80.6s | lr=1.90e-04 | aux_scale=1.000
[STAGE] phase=S2_stabilize_aux | use_aux=1.0 cons=0.23 cls_aux=0.18 reg=0.38 joint_inv=0.16 kl=0.17 group_ce=0.72
[MIXSTYLE-EPOCH] phase=base enabled=1 p=0.150 strength=0.650 anneal_t=0.000
[AUG] scale=0.350 | p_dac=0.000 p_pa=0.049 p_shift=0.122 p_cfo=0.122 p_awgn=0.140 p_mp=0.063 | max_shift=11 cfo_max=0.00014 pn_max=0.0021
------------------------------------------------------------------------------------------------------------------------------------
[LOSS-CORE] total=5.7207 cls=2.5708 dom=0.9630 adv=2.5897 orth=0.0008 cons=0.2300 group_ce=3.8151
[LOSS-AUX]  cls_pa=5.1691 cls_dac=0.0000 pa_joint_inv=0.4944 pa_kl=4.8585 dac_reg=0.0000 pa_reg=0.0158 gap_dac=0.0000 gap_pa=0.2291 cos_joint_pa=0.5056 cos_imp_pa=nan
[LOSS-SAT]  cls_sat=10.3722 sat_cons=0.7315 sat_cos=0.2685
[LOSS-DG]   proto=0.0000 proto_cos=nan supcon=0.0000 fishr=0.0023 sgc_res=0.0000
[LOSS-CAL]  ecc=0.0000 ecc_w=0.0000 ecc_tau=0.7843 ecc_maxp=nan
[TRAIN] tx=78.22% dom=65.02% cons_cos=0.7700
[GRAD]  total=2.640 backbone=1.000 aux=0.750 domain=0.500
[VAL]   tx=98.34% dom=85.00%
[TEST]  overall_tx=87.65% (178798/204000)
[TEST-SPLIT]
          unseen_day_seen_rx(days=['2021_03_15', '2021_03_23'], rxs=[0, 1, 2, 3, 4, 5, 6]): tx=92.03% (77305/84000)
          seen_day_unseen_rx(days=['2021_03_01', '2021_03_08'], rxs=[7, 8, 9, 10, 11]): tx=87.20% (52323/60000)
          unseen_day_unseen_rx(days=['2021_03_15', '2021_03_23'], rxs=[7, 8, 9, 10, 11]): tx=81.95% (49170/60000)
          day=2021_03_15 on seen_rxs=[0, 1, 2, 3, 4, 5, 6]: tx=93.48% (39263/42000)
          day=2021_03_23 on seen_rxs=[0, 1, 2, 3, 4, 5, 6]: tx=90.58% (38042/42000)
          rx=7 on seen_days=['2021_03_01', '2021_03_08']: tx=77.99% (9359/12000)
          rx=8 on seen_days=['2021_03_01', '2021_03_08']: tx=78.47% (9417/12000)
          rx=9 on seen_days=['2021_03_01', '2021_03_08']: tx=90.44% (10853/12000)
          rx=10 on seen_days=['2021_03_01', '2021_03_08']: tx=95.44% (11453/12000)
          rx=11 on seen_days=['2021_03_01', '2021_03_08']: tx=93.67% (11241/12000)
[BEST-JOINT]  val_tx=98.34% & test_tx=87.65% @ E029
[CKPT]  latest -> finalist_runs/D4_domain_no_pa_no_stats_seed1337/latest_model.pth (saved) | best -> finalist_runs/D4_domain_no_pa_no_stats_seed1337/best_model_val.pth (updated: val improved)
====================================================================================================================================
[SAT-TEST] scenario=clear_leo selected=test_unseen_day_unseen_rx overall_tx=41.44% strict_udu=41.44% (24862/60000)
[SAT-TEST] scenario=low_elev_leo selected=test_unseen_day_unseen_rx overall_tx=39.94% strict_udu=39.94% (23964/60000)
[SAT-TEST] scenario=rain_leo selected=test_unseen_day_unseen_rx overall_tx=39.58% strict_udu=39.58% (23745/60000)
[SAT-TEST] scenario=storm_mp selected=test_unseen_day_unseen_rx overall_tx=34.32% strict_udu=34.32% (20590/60000)
[SAT-TEST] scenario=mixed_orbit selected=test_unseen_day_unseen_rx overall_tx=36.81% strict_udu=36.81% (22084/60000)
[BEST-TEST] overall=89.05% @ E028 -> finalist_runs/D4_domain_no_pa_no_stats_seed1337/best_model_test_overall.pth | unseen_day_unseen_rx=84.08% @ E028 -> finalist_runs/D4_domain_no_pa_no_stats_seed1337/best_model_strict_udu.pth | unseen_day_seen_rx=92.90% @ E028 | seen_day_unseen_rx=88.65% @ E028
[BEST-PRIMARY] score=85.82 @ E028 -> finalist_runs/D4_domain_no_pa_no_stats_seed1337/best_model_primary_ood.pth | overall=89.05% strict_udu=84.08%
[BEST-WORST-RX] worst_rx=78.61% (test_rx_8) @ E025 -> finalist_runs/D4_domain_no_pa_no_stats_seed1337/best_model_worst_rx.pth
====================================================================================================================================
[Epoch 030/200] time=80.7s | lr=1.89e-04 | aux_scale=1.000
[STAGE] phase=S2_stabilize_aux | use_aux=1.0 cons=0.24 cls_aux=0.19 reg=0.38 joint_inv=0.16 kl=0.17 group_ce=0.72
[MIXSTYLE-EPOCH] phase=base enabled=1 p=0.150 strength=0.650 anneal_t=0.000
[AUG] scale=0.350 | p_dac=0.000 p_pa=0.049 p_shift=0.122 p_cfo=0.122 p_awgn=0.140 p_mp=0.063 | max_shift=11 cfo_max=0.00014 pn_max=0.0021
------------------------------------------------------------------------------------------------------------------------------------
[LOSS-CORE] total=6.2427 cls=2.9977 dom=1.0179 adv=2.5966 orth=0.0009 cons=0.2307 group_ce=4.3642
[LOSS-AUX]  cls_pa=5.0657 cls_dac=0.0000 pa_joint_inv=0.4818 pa_kl=4.7648 dac_reg=0.0000 pa_reg=0.0157 gap_dac=0.0000 gap_pa=0.2304 cos_joint_pa=0.5182 cos_imp_pa=nan
[LOSS-SAT]  cls_sat=10.2993 sat_cons=0.7144 sat_cos=0.2856
[LOSS-DG]   proto=0.0000 proto_cos=nan supcon=0.0000 fishr=0.0027 sgc_res=0.0000
[LOSS-CAL]  ecc=0.0000 ecc_w=0.0000 ecc_tau=0.7921 ecc_maxp=nan
[TRAIN] tx=75.28% dom=63.00% cons_cos=0.7693
[GRAD]  total=2.796 backbone=1.000 aux=0.750 domain=0.500
[VAL]   tx=98.19% dom=83.61%
[TEST]  overall_tx=85.78% (174981/204000)
[TEST-SPLIT]
          unseen_day_seen_rx(days=['2021_03_15', '2021_03_23'], rxs=[0, 1, 2, 3, 4, 5, 6]): tx=90.54% (76050/84000)
          seen_day_unseen_rx(days=['2021_03_01', '2021_03_08'], rxs=[7, 8, 9, 10, 11]): tx=85.00% (51001/60000)
          unseen_day_unseen_rx(days=['2021_03_15', '2021_03_23'], rxs=[7, 8, 9, 10, 11]): tx=79.88% (47930/60000)
          day=2021_03_15 on seen_rxs=[0, 1, 2, 3, 4, 5, 6]: tx=92.31% (38772/42000)
          day=2021_03_23 on seen_rxs=[0, 1, 2, 3, 4, 5, 6]: tx=88.76% (37278/42000)
          rx=7 on seen_days=['2021_03_01', '2021_03_08']: tx=73.57% (8828/12000)
          rx=8 on seen_days=['2021_03_01', '2021_03_08']: tx=70.63% (8476/12000)
          rx=9 on seen_days=['2021_03_01', '2021_03_08']: tx=89.80% (10776/12000)
          rx=10 on seen_days=['2021_03_01', '2021_03_08']: tx=96.35% (11562/12000)
          rx=11 on seen_days=['2021_03_01', '2021_03_08']: tx=94.66% (11359/12000)
[BEST-JOINT]  val_tx=98.34% & test_tx=87.65% @ E029
[CKPT]  latest -> finalist_runs/D4_domain_no_pa_no_stats_seed1337/latest_model.pth (saved) | best -> finalist_runs/D4_domain_no_pa_no_stats_seed1337/best_model_val.pth
====================================================================================================================================
[SAT-TEST] scenario=clear_leo selected=test_unseen_day_unseen_rx overall_tx=36.36% strict_udu=36.36% (21815/60000)
[SAT-TEST] scenario=low_elev_leo selected=test_unseen_day_unseen_rx overall_tx=35.49% strict_udu=35.49% (21294/60000)
[SAT-TEST] scenario=rain_leo selected=test_unseen_day_unseen_rx overall_tx=34.59% strict_udu=34.59% (20754/60000)
[SAT-TEST] scenario=storm_mp selected=test_unseen_day_unseen_rx overall_tx=30.12% strict_udu=30.12% (18075/60000)
[SAT-TEST] scenario=mixed_orbit selected=test_unseen_day_unseen_rx overall_tx=32.41% strict_udu=32.41% (19444/60000)
[BEST-TEST] overall=89.05% @ E028 -> finalist_runs/D4_domain_no_pa_no_stats_seed1337/best_model_test_overall.pth | unseen_day_unseen_rx=84.08% @ E028 -> finalist_runs/D4_domain_no_pa_no_stats_seed1337/best_model_strict_udu.pth | unseen_day_seen_rx=92.90% @ E028 | seen_day_unseen_rx=88.65% @ E028
[BEST-PRIMARY] score=85.82 @ E028 -> finalist_runs/D4_domain_no_pa_no_stats_seed1337/best_model_primary_ood.pth | overall=89.05% strict_udu=84.08%
[BEST-WORST-RX] worst_rx=78.61% (test_rx_8) @ E025 -> finalist_runs/D4_domain_no_pa_no_stats_seed1337/best_model_worst_rx.pth
====================================================================================================================================
[Epoch 031/200] time=81.5s | lr=1.88e-04 | aux_scale=1.000
[STAGE] phase=S2_stabilize_aux | use_aux=1.0 cons=0.24 cls_aux=0.19 reg=0.39 joint_inv=0.17 kl=0.18 group_ce=0.72
[MIXSTYLE-EPOCH] phase=base enabled=1 p=0.150 strength=0.650 anneal_t=0.000
[AUG] scale=0.350 | p_dac=0.000 p_pa=0.049 p_shift=0.122 p_cfo=0.122 p_awgn=0.140 p_mp=0.063 | max_shift=11 cfo_max=0.00014 pn_max=0.0021
------------------------------------------------------------------------------------------------------------------------------------
[LOSS-CORE] total=6.5219 cls=3.1824 dom=1.0883 adv=2.5980 orth=0.0008 cons=0.2335 group_ce=4.4921
[LOSS-AUX]  cls_pa=4.9425 cls_dac=0.0000 pa_joint_inv=0.4677 pa_kl=4.6356 dac_reg=0.0000 pa_reg=0.0158 gap_dac=0.0000 gap_pa=0.2269 cos_joint_pa=0.5323 cos_imp_pa=nan
[LOSS-SAT]  cls_sat=10.4312 sat_cons=0.7009 sat_cos=0.2991
[LOSS-DG]   proto=0.0000 proto_cos=nan supcon=0.0000 fishr=0.0028 sgc_res=0.0000
[LOSS-CAL]  ecc=0.0000 ecc_w=0.0000 ecc_tau=0.8000 ecc_maxp=nan
[TRAIN] tx=72.80% dom=60.59% cons_cos=0.7665
[GRAD]  total=2.637 backbone=1.000 aux=0.750 domain=0.500
[VAL]   tx=98.23% dom=85.30%
[TEST]  overall_tx=85.58% (174583/204000)
[TEST-SPLIT]
          unseen_day_seen_rx(days=['2021_03_15', '2021_03_23'], rxs=[0, 1, 2, 3, 4, 5, 6]): tx=91.07% (76501/84000)
          seen_day_unseen_rx(days=['2021_03_01', '2021_03_08'], rxs=[7, 8, 9, 10, 11]): tx=84.50% (50699/60000)
          unseen_day_unseen_rx(days=['2021_03_15', '2021_03_23'], rxs=[7, 8, 9, 10, 11]): tx=78.97% (47383/60000)
          day=2021_03_15 on seen_rxs=[0, 1, 2, 3, 4, 5, 6]: tx=93.06% (39086/42000)
          day=2021_03_23 on seen_rxs=[0, 1, 2, 3, 4, 5, 6]: tx=89.08% (37415/42000)
          rx=7 on seen_days=['2021_03_01', '2021_03_08']: tx=75.42% (9050/12000)
          rx=8 on seen_days=['2021_03_01', '2021_03_08']: tx=74.78% (8974/12000)
          rx=9 on seen_days=['2021_03_01', '2021_03_08']: tx=89.21% (10705/12000)
          rx=10 on seen_days=['2021_03_01', '2021_03_08']: tx=94.53% (11343/12000)
          rx=11 on seen_days=['2021_03_01', '2021_03_08']: tx=88.56% (10627/12000)
[BEST-JOINT]  val_tx=98.34% & test_tx=87.65% @ E029
[CKPT]  latest -> finalist_runs/D4_domain_no_pa_no_stats_seed1337/latest_model.pth (saved) | best -> finalist_runs/D4_domain_no_pa_no_stats_seed1337/best_model_val.pth
====================================================================================================================================
[SAT-TEST] scenario=clear_leo selected=test_unseen_day_unseen_rx overall_tx=38.85% strict_udu=38.85% (23312/60000)
[SAT-TEST] scenario=low_elev_leo selected=test_unseen_day_unseen_rx overall_tx=37.65% strict_udu=37.65% (22592/60000)
[SAT-TEST] scenario=rain_leo selected=test_unseen_day_unseen_rx overall_tx=37.44% strict_udu=37.44% (22465/60000)
[SAT-TEST] scenario=storm_mp selected=test_unseen_day_unseen_rx overall_tx=34.43% strict_udu=34.43% (20656/60000)
[SAT-TEST] scenario=mixed_orbit selected=test_unseen_day_unseen_rx overall_tx=35.86% strict_udu=35.86% (21517/60000)
[BEST-TEST] overall=89.05% @ E028 -> finalist_runs/D4_domain_no_pa_no_stats_seed1337/best_model_test_overall.pth | unseen_day_unseen_rx=84.08% @ E028 -> finalist_runs/D4_domain_no_pa_no_stats_seed1337/best_model_strict_udu.pth | unseen_day_seen_rx=92.90% @ E028 | seen_day_unseen_rx=88.65% @ E028
[BEST-PRIMARY] score=85.82 @ E028 -> finalist_runs/D4_domain_no_pa_no_stats_seed1337/best_model_primary_ood.pth | overall=89.05% strict_udu=84.08%
[BEST-WORST-RX] worst_rx=78.61% (test_rx_8) @ E025 -> finalist_runs/D4_domain_no_pa_no_stats_seed1337/best_model_worst_rx.pth
====================================================================================================================================
[Epoch 032/200] time=79.4s | lr=1.88e-04 | aux_scale=1.000
[STAGE] phase=S2_stabilize_aux | use_aux=1.0 cons=0.25 cls_aux=0.20 reg=0.39 joint_inv=0.17 kl=0.18 group_ce=0.73
[MIXSTYLE-EPOCH] phase=base enabled=1 p=0.150 strength=0.650 anneal_t=0.000
[AUG] scale=0.350 | p_dac=0.000 p_pa=0.049 p_shift=0.122 p_cfo=0.122 p_awgn=0.140 p_mp=0.063 | max_shift=11 cfo_max=0.00014 pn_max=0.0021
------------------------------------------------------------------------------------------------------------------------------------
[LOSS-CORE] total=5.6475 cls=2.5022 dom=0.9377 adv=2.6009 orth=0.0009 cons=0.2214 group_ce=3.8479
[LOSS-AUX]  cls_pa=4.9290 cls_dac=0.0000 pa_joint_inv=0.4599 pa_kl=4.6092 dac_reg=0.0000 pa_reg=0.0156 gap_dac=0.0000 gap_pa=0.2260 cos_joint_pa=0.5401 cos_imp_pa=nan
[LOSS-SAT]  cls_sat=10.3302 sat_cons=0.7271 sat_cos=0.2729
[LOSS-DG]   proto=0.0000 proto_cos=nan supcon=0.0000 fishr=0.0024 sgc_res=0.0000
[LOSS-CAL]  ecc=0.0000 ecc_w=0.0000 ecc_tau=0.8079 ecc_maxp=nan
[TRAIN] tx=79.13% dom=65.35% cons_cos=0.7786
[GRAD]  total=2.770 backbone=1.000 aux=0.750 domain=0.500
[VAL]   tx=98.56% dom=84.95%
[TEST]  overall_tx=88.76% (181076/204000)
[TEST-SPLIT]
          unseen_day_seen_rx(days=['2021_03_15', '2021_03_23'], rxs=[0, 1, 2, 3, 4, 5, 6]): tx=92.91% (78044/84000)
          seen_day_unseen_rx(days=['2021_03_01', '2021_03_08'], rxs=[7, 8, 9, 10, 11]): tx=88.47% (53081/60000)
          unseen_day_unseen_rx(days=['2021_03_15', '2021_03_23'], rxs=[7, 8, 9, 10, 11]): tx=83.25% (49951/60000)
          day=2021_03_15 on seen_rxs=[0, 1, 2, 3, 4, 5, 6]: tx=93.60% (39310/42000)
          day=2021_03_23 on seen_rxs=[0, 1, 2, 3, 4, 5, 6]: tx=92.22% (38734/42000)
          rx=7 on seen_days=['2021_03_01', '2021_03_08']: tx=79.11% (9493/12000)
          rx=8 on seen_days=['2021_03_01', '2021_03_08']: tx=81.78% (9814/12000)
          rx=9 on seen_days=['2021_03_01', '2021_03_08']: tx=91.47% (10976/12000)
          rx=10 on seen_days=['2021_03_01', '2021_03_08']: tx=93.68% (11242/12000)
          rx=11 on seen_days=['2021_03_01', '2021_03_08']: tx=96.30% (11556/12000)
[BEST-JOINT]  val_tx=98.56% & test_tx=88.76% @ E032
[CKPT]  latest -> finalist_runs/D4_domain_no_pa_no_stats_seed1337/latest_model.pth (saved) | best -> finalist_runs/D4_domain_no_pa_no_stats_seed1337/best_model_val.pth (updated: val improved)
====================================================================================================================================
[SAT-TEST] scenario=clear_leo selected=test_unseen_day_unseen_rx overall_tx=41.80% strict_udu=41.80% (25079/60000)
[SAT-TEST] scenario=low_elev_leo selected=test_unseen_day_unseen_rx overall_tx=41.48% strict_udu=41.48% (24887/60000)
[SAT-TEST] scenario=rain_leo selected=test_unseen_day_unseen_rx overall_tx=40.29% strict_udu=40.29% (24174/60000)
[SAT-TEST] scenario=storm_mp selected=test_unseen_day_unseen_rx overall_tx=35.79% strict_udu=35.79% (21473/60000)
[SAT-TEST] scenario=mixed_orbit selected=test_unseen_day_unseen_rx overall_tx=37.91% strict_udu=37.91% (22743/60000)
[BEST-TEST] overall=89.05% @ E028 -> finalist_runs/D4_domain_no_pa_no_stats_seed1337/best_model_test_overall.pth | unseen_day_unseen_rx=84.08% @ E028 -> finalist_runs/D4_domain_no_pa_no_stats_seed1337/best_model_strict_udu.pth | unseen_day_seen_rx=92.91% @ E032 | seen_day_unseen_rx=88.65% @ E028
[BEST-PRIMARY] score=85.82 @ E028 -> finalist_runs/D4_domain_no_pa_no_stats_seed1337/best_model_primary_ood.pth | overall=89.05% strict_udu=84.08%
[BEST-WORST-RX] worst_rx=79.11% (test_rx_7) @ E032 -> finalist_runs/D4_domain_no_pa_no_stats_seed1337/best_model_worst_rx.pth
====================================================================================================================================
[Epoch 033/200] time=79.8s | lr=1.87e-04 | aux_scale=1.000
[STAGE] phase=S2_stabilize_aux | use_aux=1.0 cons=0.25 cls_aux=0.20 reg=0.39 joint_inv=0.17 kl=0.18 group_ce=0.73
[MIXSTYLE-EPOCH] phase=base enabled=1 p=0.150 strength=0.650 anneal_t=0.000
[AUG] scale=0.350 | p_dac=0.000 p_pa=0.049 p_shift=0.122 p_cfo=0.122 p_awgn=0.140 p_mp=0.063 | max_shift=11 cfo_max=0.00014 pn_max=0.0021
------------------------------------------------------------------------------------------------------------------------------------
[LOSS-CORE] total=5.9079 cls=2.6688 dom=0.9932 adv=2.6018 orth=0.0012 cons=0.2229 group_ce=4.1228
[LOSS-AUX]  cls_pa=4.8915 cls_dac=0.0000 pa_joint_inv=0.4420 pa_kl=4.4923 dac_reg=0.0000 pa_reg=0.0162 gap_dac=0.0000 gap_pa=0.2364 cos_joint_pa=0.5580 cos_imp_pa=nan
[LOSS-SAT]  cls_sat=10.4505 sat_cons=0.7261 sat_cos=0.2739
[LOSS-DG]   proto=0.0000 proto_cos=nan supcon=0.0000 fishr=0.0023 sgc_res=0.0000
[LOSS-CAL]  ecc=0.0000 ecc_w=0.0000 ecc_tau=0.8157 ecc_maxp=nan
[TRAIN] tx=78.79% dom=63.97% cons_cos=0.7771
[GRAD]  total=2.967 backbone=1.000 aux=0.750 domain=0.500
[VAL]   tx=97.74% dom=85.26%
[TEST]  overall_tx=86.34% (176125/204000)
[TEST-SPLIT]
          unseen_day_seen_rx(days=['2021_03_15', '2021_03_23'], rxs=[0, 1, 2, 3, 4, 5, 6]): tx=91.17% (76581/84000)
          seen_day_unseen_rx(days=['2021_03_01', '2021_03_08'], rxs=[7, 8, 9, 10, 11]): tx=85.64% (51383/60000)
          unseen_day_unseen_rx(days=['2021_03_15', '2021_03_23'], rxs=[7, 8, 9, 10, 11]): tx=80.27% (48161/60000)
          day=2021_03_15 on seen_rxs=[0, 1, 2, 3, 4, 5, 6]: tx=94.13% (39533/42000)
          day=2021_03_23 on seen_rxs=[0, 1, 2, 3, 4, 5, 6]: tx=88.21% (37048/42000)
          rx=7 on seen_days=['2021_03_01', '2021_03_08']: tx=75.62% (9075/12000)
          rx=8 on seen_days=['2021_03_01', '2021_03_08']: tx=81.43% (9772/12000)
          rx=9 on seen_days=['2021_03_01', '2021_03_08']: tx=87.59% (10511/12000)
          rx=10 on seen_days=['2021_03_01', '2021_03_08']: tx=93.82% (11258/12000)
          rx=11 on seen_days=['2021_03_01', '2021_03_08']: tx=89.72% (10767/12000)
[BEST-JOINT]  val_tx=98.56% & test_tx=88.76% @ E032
[CKPT]  latest -> finalist_runs/D4_domain_no_pa_no_stats_seed1337/latest_model.pth (saved) | best -> finalist_runs/D4_domain_no_pa_no_stats_seed1337/best_model_val.pth
====================================================================================================================================
[SAT-TEST] scenario=clear_leo selected=test_unseen_day_unseen_rx overall_tx=42.70% strict_udu=42.70% (25623/60000)
[SAT-TEST] scenario=low_elev_leo selected=test_unseen_day_unseen_rx overall_tx=41.13% strict_udu=41.13% (24679/60000)
[SAT-TEST] scenario=rain_leo selected=test_unseen_day_unseen_rx overall_tx=40.59% strict_udu=40.59% (24354/60000)
[SAT-TEST] scenario=storm_mp selected=test_unseen_day_unseen_rx overall_tx=34.57% strict_udu=34.57% (20740/60000)
[SAT-TEST] scenario=mixed_orbit selected=test_unseen_day_unseen_rx overall_tx=38.02% strict_udu=38.02% (22815/60000)
[BEST-TEST] overall=89.05% @ E028 -> finalist_runs/D4_domain_no_pa_no_stats_seed1337/best_model_test_overall.pth | unseen_day_unseen_rx=84.08% @ E028 -> finalist_runs/D4_domain_no_pa_no_stats_seed1337/best_model_strict_udu.pth | unseen_day_seen_rx=92.91% @ E032 | seen_day_unseen_rx=88.65% @ E028
[BEST-PRIMARY] score=85.82 @ E028 -> finalist_runs/D4_domain_no_pa_no_stats_seed1337/best_model_primary_ood.pth | overall=89.05% strict_udu=84.08%
[BEST-WORST-RX] worst_rx=79.11% (test_rx_7) @ E032 -> finalist_runs/D4_domain_no_pa_no_stats_seed1337/best_model_worst_rx.pth
====================================================================================================================================
[Epoch 034/200] time=82.6s | lr=1.86e-04 | aux_scale=1.000
[STAGE] phase=S2_stabilize_aux | use_aux=1.0 cons=0.26 cls_aux=0.21 reg=0.40 joint_inv=0.17 kl=0.19 group_ce=0.73
[MIXSTYLE-EPOCH] phase=base enabled=1 p=0.150 strength=0.650 anneal_t=0.000
[AUG] scale=0.350 | p_dac=0.000 p_pa=0.049 p_shift=0.122 p_cfo=0.122 p_awgn=0.140 p_mp=0.063 | max_shift=11 cfo_max=0.00014 pn_max=0.0021
------------------------------------------------------------------------------------------------------------------------------------
[LOSS-CORE] total=5.3378 cls=2.2463 dom=0.9098 adv=2.6004 orth=0.0012 cons=0.2127 group_ce=3.5410
[LOSS-AUX]  cls_pa=4.3965 cls_dac=0.0000 pa_joint_inv=0.4136 pa_kl=4.0628 dac_reg=0.0000 pa_reg=0.0161 gap_dac=0.0000 gap_pa=0.2308 cos_joint_pa=0.5864 cos_imp_pa=nan
[LOSS-SAT]  cls_sat=10.3357 sat_cons=0.7284 sat_cos=0.2716
[LOSS-DG]   proto=0.0000 proto_cos=nan supcon=0.0000 fishr=0.0022 sgc_res=0.0000
[LOSS-CAL]  ecc=0.0000 ecc_w=0.0000 ecc_tau=0.8235 ecc_maxp=nan
[TRAIN] tx=81.21% dom=67.62% cons_cos=0.7873
[GRAD]  total=2.601 backbone=1.000 aux=0.750 domain=0.499
[VAL]   tx=98.33% dom=86.31%
[TEST]  overall_tx=87.49% (178485/204000)
[TEST-SPLIT]
          unseen_day_seen_rx(days=['2021_03_15', '2021_03_23'], rxs=[0, 1, 2, 3, 4, 5, 6]): tx=92.27% (77508/84000)
          seen_day_unseen_rx(days=['2021_03_01', '2021_03_08'], rxs=[7, 8, 9, 10, 11]): tx=86.85% (52111/60000)
          unseen_day_unseen_rx(days=['2021_03_15', '2021_03_23'], rxs=[7, 8, 9, 10, 11]): tx=81.44% (48866/60000)
          day=2021_03_15 on seen_rxs=[0, 1, 2, 3, 4, 5, 6]: tx=92.78% (38969/42000)
          day=2021_03_23 on seen_rxs=[0, 1, 2, 3, 4, 5, 6]: tx=91.76% (38539/42000)
          rx=7 on seen_days=['2021_03_01', '2021_03_08']: tx=71.90% (8628/12000)
          rx=8 on seen_days=['2021_03_01', '2021_03_08']: tx=82.72% (9926/12000)
          rx=9 on seen_days=['2021_03_01', '2021_03_08']: tx=90.56% (10867/12000)
          rx=10 on seen_days=['2021_03_01', '2021_03_08']: tx=91.72% (11007/12000)
          rx=11 on seen_days=['2021_03_01', '2021_03_08']: tx=97.36% (11683/12000)
[BEST-JOINT]  val_tx=98.56% & test_tx=88.76% @ E032
[CKPT]  latest -> finalist_runs/D4_domain_no_pa_no_stats_seed1337/latest_model.pth (saved) | best -> finalist_runs/D4_domain_no_pa_no_stats_seed1337/best_model_val.pth
====================================================================================================================================
[SAT-TEST] scenario=clear_leo selected=test_unseen_day_unseen_rx overall_tx=41.99% strict_udu=41.99% (25193/60000)
[SAT-TEST] scenario=low_elev_leo selected=test_unseen_day_unseen_rx overall_tx=40.64% strict_udu=40.64% (24382/60000)
[SAT-TEST] scenario=rain_leo selected=test_unseen_day_unseen_rx overall_tx=39.73% strict_udu=39.73% (23840/60000)
[SAT-TEST] scenario=storm_mp selected=test_unseen_day_unseen_rx overall_tx=33.71% strict_udu=33.71% (20228/60000)
[SAT-TEST] scenario=mixed_orbit selected=test_unseen_day_unseen_rx overall_tx=37.08% strict_udu=37.08% (22249/60000)
[BEST-TEST] overall=89.05% @ E028 -> finalist_runs/D4_domain_no_pa_no_stats_seed1337/best_model_test_overall.pth | unseen_day_unseen_rx=84.08% @ E028 -> finalist_runs/D4_domain_no_pa_no_stats_seed1337/best_model_strict_udu.pth | unseen_day_seen_rx=92.91% @ E032 | seen_day_unseen_rx=88.65% @ E028
[BEST-PRIMARY] score=85.82 @ E028 -> finalist_runs/D4_domain_no_pa_no_stats_seed1337/best_model_primary_ood.pth | overall=89.05% strict_udu=84.08%
[BEST-WORST-RX] worst_rx=79.11% (test_rx_7) @ E032 -> finalist_runs/D4_domain_no_pa_no_stats_seed1337/best_model_worst_rx.pth
====================================================================================================================================
[Epoch 035/200] time=86.4s | lr=1.85e-04 | aux_scale=1.000
[STAGE] phase=S2_stabilize_aux | use_aux=1.0 cons=0.27 cls_aux=0.22 reg=0.40 joint_inv=0.17 kl=0.19 group_ce=0.74
[MIXSTYLE-EPOCH] phase=base enabled=1 p=0.150 strength=0.650 anneal_t=0.000
[AUG] scale=0.350 | p_dac=0.000 p_pa=0.049 p_shift=0.122 p_cfo=0.122 p_awgn=0.140 p_mp=0.063 | max_shift=11 cfo_max=0.00014 pn_max=0.0021
------------------------------------------------------------------------------------------------------------------------------------
[LOSS-CORE] total=6.1318 cls=2.9119 dom=0.9839 adv=2.6051 orth=0.0011 cons=0.2369 group_ce=4.2846
[LOSS-AUX]  cls_pa=4.1708 cls_dac=0.0000 pa_joint_inv=0.4072 pa_kl=3.8105 dac_reg=0.0000 pa_reg=0.0158 gap_dac=0.0000 gap_pa=0.2251 cos_joint_pa=0.5928 cos_imp_pa=nan
[LOSS-SAT]  cls_sat=10.3067 sat_cons=0.7248 sat_cos=0.2752
[LOSS-DG]   proto=0.0000 proto_cos=nan supcon=0.0000 fishr=0.0025 sgc_res=0.0000
[LOSS-CAL]  ecc=0.0000 ecc_w=0.0000 ecc_tau=0.8312 ecc_maxp=nan
[TRAIN] tx=76.07% dom=63.41% cons_cos=0.7631
[GRAD]  total=2.690 backbone=1.000 aux=0.750 domain=0.500
[VAL]   tx=98.46% dom=85.83%
[TEST]  overall_tx=87.68% (178874/204000)
[TEST-SPLIT]
          unseen_day_seen_rx(days=['2021_03_15', '2021_03_23'], rxs=[0, 1, 2, 3, 4, 5, 6]): tx=92.66% (77832/84000)
          seen_day_unseen_rx(days=['2021_03_01', '2021_03_08'], rxs=[7, 8, 9, 10, 11]): tx=87.14% (52281/60000)
          unseen_day_unseen_rx(days=['2021_03_15', '2021_03_23'], rxs=[7, 8, 9, 10, 11]): tx=81.27% (48761/60000)
          day=2021_03_15 on seen_rxs=[0, 1, 2, 3, 4, 5, 6]: tx=93.35% (39205/42000)
          day=2021_03_23 on seen_rxs=[0, 1, 2, 3, 4, 5, 6]: tx=91.97% (38627/42000)
          rx=7 on seen_days=['2021_03_01', '2021_03_08']: tx=76.39% (9167/12000)
          rx=8 on seen_days=['2021_03_01', '2021_03_08']: tx=77.89% (9347/12000)
          rx=9 on seen_days=['2021_03_01', '2021_03_08']: tx=90.68% (10882/12000)
          rx=10 on seen_days=['2021_03_01', '2021_03_08']: tx=94.84% (11381/12000)
          rx=11 on seen_days=['2021_03_01', '2021_03_08']: tx=95.87% (11504/12000)
[BEST-JOINT]  val_tx=98.56% & test_tx=88.76% @ E032
[CKPT]  latest -> finalist_runs/D4_domain_no_pa_no_stats_seed1337/latest_model.pth (saved) | best -> finalist_runs/D4_domain_no_pa_no_stats_seed1337/best_model_val.pth
====================================================================================================================================
[SAT-TEST] scenario=clear_leo selected=test_unseen_day_unseen_rx overall_tx=38.77% strict_udu=38.77% (23260/60000)
[SAT-TEST] scenario=low_elev_leo selected=test_unseen_day_unseen_rx overall_tx=37.37% strict_udu=37.37% (22421/60000)
[SAT-TEST] scenario=rain_leo selected=test_unseen_day_unseen_rx overall_tx=37.14% strict_udu=37.14% (22285/60000)
[SAT-TEST] scenario=storm_mp selected=test_unseen_day_unseen_rx overall_tx=33.24% strict_udu=33.24% (19945/60000)
[SAT-TEST] scenario=mixed_orbit selected=test_unseen_day_unseen_rx overall_tx=35.35% strict_udu=35.35% (21212/60000)
[BEST-TEST] overall=89.05% @ E028 -> finalist_runs/D4_domain_no_pa_no_stats_seed1337/best_model_test_overall.pth | unseen_day_unseen_rx=84.08% @ E028 -> finalist_runs/D4_domain_no_pa_no_stats_seed1337/best_model_strict_udu.pth | unseen_day_seen_rx=92.91% @ E032 | seen_day_unseen_rx=88.65% @ E028
[BEST-PRIMARY] score=85.82 @ E028 -> finalist_runs/D4_domain_no_pa_no_stats_seed1337/best_model_primary_ood.pth | overall=89.05% strict_udu=84.08%
[BEST-WORST-RX] worst_rx=79.11% (test_rx_7) @ E032 -> finalist_runs/D4_domain_no_pa_no_stats_seed1337/best_model_worst_rx.pth
====================================================================================================================================
[Epoch 036/200] time=79.8s | lr=1.85e-04 | aux_scale=1.000
[STAGE] phase=S2_stabilize_aux | use_aux=1.0 cons=0.27 cls_aux=0.22 reg=0.41 joint_inv=0.18 kl=0.20 group_ce=0.74
[MIXSTYLE-EPOCH] phase=base enabled=1 p=0.150 strength=0.650 anneal_t=0.000
[AUG] scale=0.350 | p_dac=0.000 p_pa=0.049 p_shift=0.122 p_cfo=0.122 p_awgn=0.140 p_mp=0.063 | max_shift=11 cfo_max=0.00014 pn_max=0.0021
------------------------------------------------------------------------------------------------------------------------------------
[LOSS-CORE] total=5.5091 cls=2.3779 dom=0.9359 adv=2.6050 orth=0.0011 cons=0.2181 group_ce=3.6244
[LOSS-AUX]  cls_pa=4.1649 cls_dac=0.0000 pa_joint_inv=0.4259 pa_kl=3.8909 dac_reg=0.0000 pa_reg=0.0165 gap_dac=0.0000 gap_pa=0.2360 cos_joint_pa=0.5741 cos_imp_pa=nan
[LOSS-SAT]  cls_sat=10.2694 sat_cons=0.7318 sat_cos=0.2682
[LOSS-DG]   proto=0.0000 proto_cos=nan supcon=0.0000 fishr=0.0022 sgc_res=0.0000
[LOSS-CAL]  ecc=0.0000 ecc_w=0.0000 ecc_tau=0.8388 ecc_maxp=nan
[TRAIN] tx=80.02% dom=66.48% cons_cos=0.7819
[GRAD]  total=3.099 backbone=1.000 aux=0.750 domain=0.499
[VAL]   tx=97.96% dom=85.89%
[TEST]  overall_tx=87.76% (179027/204000)
[TEST-SPLIT]
          unseen_day_seen_rx(days=['2021_03_15', '2021_03_23'], rxs=[0, 1, 2, 3, 4, 5, 6]): tx=91.69% (77018/84000)
          seen_day_unseen_rx(days=['2021_03_01', '2021_03_08'], rxs=[7, 8, 9, 10, 11]): tx=87.36% (52414/60000)
          unseen_day_unseen_rx(days=['2021_03_15', '2021_03_23'], rxs=[7, 8, 9, 10, 11]): tx=82.66% (49595/60000)
          day=2021_03_15 on seen_rxs=[0, 1, 2, 3, 4, 5, 6]: tx=94.23% (39578/42000)
          day=2021_03_23 on seen_rxs=[0, 1, 2, 3, 4, 5, 6]: tx=89.14% (37440/42000)
          rx=7 on seen_days=['2021_03_01', '2021_03_08']: tx=78.65% (9438/12000)
          rx=8 on seen_days=['2021_03_01', '2021_03_08']: tx=79.88% (9585/12000)
          rx=9 on seen_days=['2021_03_01', '2021_03_08']: tx=91.24% (10949/12000)
          rx=10 on seen_days=['2021_03_01', '2021_03_08']: tx=93.19% (11183/12000)
          rx=11 on seen_days=['2021_03_01', '2021_03_08']: tx=93.83% (11259/12000)
[BEST-JOINT]  val_tx=98.56% & test_tx=88.76% @ E032
[CKPT]  latest -> finalist_runs/D4_domain_no_pa_no_stats_seed1337/latest_model.pth (saved) | best -> finalist_runs/D4_domain_no_pa_no_stats_seed1337/best_model_val.pth
====================================================================================================================================
[SAT-TEST] scenario=clear_leo selected=test_unseen_day_unseen_rx overall_tx=42.84% strict_udu=42.84% (25704/60000)
[SAT-TEST] scenario=low_elev_leo selected=test_unseen_day_unseen_rx overall_tx=41.11% strict_udu=41.11% (24664/60000)
[SAT-TEST] scenario=rain_leo selected=test_unseen_day_unseen_rx overall_tx=40.62% strict_udu=40.62% (24370/60000)
[SAT-TEST] scenario=storm_mp selected=test_unseen_day_unseen_rx overall_tx=34.55% strict_udu=34.55% (20727/60000)
[SAT-TEST] scenario=mixed_orbit selected=test_unseen_day_unseen_rx overall_tx=38.18% strict_udu=38.18% (22910/60000)
[BEST-TEST] overall=89.05% @ E028 -> finalist_runs/D4_domain_no_pa_no_stats_seed1337/best_model_test_overall.pth | unseen_day_unseen_rx=84.08% @ E028 -> finalist_runs/D4_domain_no_pa_no_stats_seed1337/best_model_strict_udu.pth | unseen_day_seen_rx=92.91% @ E032 | seen_day_unseen_rx=88.65% @ E028
[BEST-PRIMARY] score=85.82 @ E028 -> finalist_runs/D4_domain_no_pa_no_stats_seed1337/best_model_primary_ood.pth | overall=89.05% strict_udu=84.08%
[BEST-WORST-RX] worst_rx=79.11% (test_rx_7) @ E032 -> finalist_runs/D4_domain_no_pa_no_stats_seed1337/best_model_worst_rx.pth
====================================================================================================================================
[Epoch 037/200] time=80.6s | lr=1.84e-04 | aux_scale=1.000
[STAGE] phase=S2_stabilize_aux | use_aux=1.0 cons=0.28 cls_aux=0.23 reg=0.41 joint_inv=0.18 kl=0.20 group_ce=0.74
[MIXSTYLE-EPOCH] phase=base enabled=1 p=0.150 strength=0.650 anneal_t=0.000
[AUG] scale=0.350 | p_dac=0.000 p_pa=0.049 p_shift=0.122 p_cfo=0.122 p_awgn=0.140 p_mp=0.063 | max_shift=11 cfo_max=0.00014 pn_max=0.0021
------------------------------------------------------------------------------------------------------------------------------------
[LOSS-CORE] total=5.0683 cls=2.0834 dom=0.8062 adv=2.6063 orth=0.0013 cons=0.2131 group_ce=3.3280
[LOSS-AUX]  cls_pa=4.0712 cls_dac=0.0000 pa_joint_inv=0.4039 pa_kl=3.7832 dac_reg=0.0000 pa_reg=0.0155 gap_dac=0.0000 gap_pa=0.2338 cos_joint_pa=0.5961 cos_imp_pa=nan
[LOSS-SAT]  cls_sat=10.2494 sat_cons=0.7449 sat_cos=0.2551
[LOSS-DG]   proto=0.0000 proto_cos=nan supcon=0.0000 fishr=0.0020 sgc_res=0.0000
[LOSS-CAL]  ecc=0.0000 ecc_w=0.0000 ecc_tau=0.8464 ecc_maxp=nan
[TRAIN] tx=82.67% dom=70.09% cons_cos=0.7869
[GRAD]  total=2.809 backbone=1.000 aux=0.750 domain=0.500
[VAL]   tx=98.28% dom=87.19%
[TEST]  overall_tx=87.72% (178941/204000)
[TEST-SPLIT]
          unseen_day_seen_rx(days=['2021_03_15', '2021_03_23'], rxs=[0, 1, 2, 3, 4, 5, 6]): tx=91.87% (77174/84000)
          seen_day_unseen_rx(days=['2021_03_01', '2021_03_08'], rxs=[7, 8, 9, 10, 11]): tx=87.83% (52697/60000)
          unseen_day_unseen_rx(days=['2021_03_15', '2021_03_23'], rxs=[7, 8, 9, 10, 11]): tx=81.78% (49070/60000)
          day=2021_03_15 on seen_rxs=[0, 1, 2, 3, 4, 5, 6]: tx=93.67% (39343/42000)
          day=2021_03_23 on seen_rxs=[0, 1, 2, 3, 4, 5, 6]: tx=90.07% (37831/42000)
          rx=7 on seen_days=['2021_03_01', '2021_03_08']: tx=79.08% (9490/12000)
          rx=8 on seen_days=['2021_03_01', '2021_03_08']: tx=83.59% (10031/12000)
          rx=9 on seen_days=['2021_03_01', '2021_03_08']: tx=89.23% (10708/12000)
          rx=10 on seen_days=['2021_03_01', '2021_03_08']: tx=94.55% (11346/12000)
          rx=11 on seen_days=['2021_03_01', '2021_03_08']: tx=92.68% (11122/12000)
[BEST-JOINT]  val_tx=98.56% & test_tx=88.76% @ E032
[CKPT]  latest -> finalist_runs/D4_domain_no_pa_no_stats_seed1337/latest_model.pth (saved) | best -> finalist_runs/D4_domain_no_pa_no_stats_seed1337/best_model_val.pth
====================================================================================================================================
[SAT-TEST] scenario=clear_leo selected=test_unseen_day_unseen_rx overall_tx=43.16% strict_udu=43.16% (25898/60000)
[SAT-TEST] scenario=low_elev_leo selected=test_unseen_day_unseen_rx overall_tx=42.34% strict_udu=42.34% (25407/60000)
[SAT-TEST] scenario=rain_leo selected=test_unseen_day_unseen_rx overall_tx=41.45% strict_udu=41.45% (24870/60000)
[SAT-TEST] scenario=storm_mp selected=test_unseen_day_unseen_rx overall_tx=35.81% strict_udu=35.81% (21489/60000)
[SAT-TEST] scenario=mixed_orbit selected=test_unseen_day_unseen_rx overall_tx=38.64% strict_udu=38.64% (23184/60000)
[BEST-TEST] overall=89.05% @ E028 -> finalist_runs/D4_domain_no_pa_no_stats_seed1337/best_model_test_overall.pth | unseen_day_unseen_rx=84.08% @ E028 -> finalist_runs/D4_domain_no_pa_no_stats_seed1337/best_model_strict_udu.pth | unseen_day_seen_rx=92.91% @ E032 | seen_day_unseen_rx=88.65% @ E028
[BEST-PRIMARY] score=85.82 @ E028 -> finalist_runs/D4_domain_no_pa_no_stats_seed1337/best_model_primary_ood.pth | overall=89.05% strict_udu=84.08%
[BEST-WORST-RX] worst_rx=79.11% (test_rx_7) @ E032 -> finalist_runs/D4_domain_no_pa_no_stats_seed1337/best_model_worst_rx.pth
====================================================================================================================================
[Epoch 038/200] time=79.0s | lr=1.83e-04 | aux_scale=1.000
[STAGE] phase=S2_stabilize_aux | use_aux=1.0 cons=0.28 cls_aux=0.23 reg=0.42 joint_inv=0.18 kl=0.20 group_ce=0.75
[MIXSTYLE-EPOCH] phase=base enabled=1 p=0.150 strength=0.650 anneal_t=0.000
[AUG] scale=0.350 | p_dac=0.000 p_pa=0.049 p_shift=0.122 p_cfo=0.122 p_awgn=0.140 p_mp=0.063 | max_shift=11 cfo_max=0.00014 pn_max=0.0021
------------------------------------------------------------------------------------------------------------------------------------
[LOSS-CORE] total=6.2390 cls=2.9701 dom=1.0043 adv=2.6130 orth=0.0011 cons=0.2310 group_ce=4.3477
[LOSS-AUX]  cls_pa=4.0626 cls_dac=0.0000 pa_joint_inv=0.4088 pa_kl=3.6898 dac_reg=0.0000 pa_reg=0.0158 gap_dac=0.0000 gap_pa=0.2365 cos_joint_pa=0.5912 cos_imp_pa=nan
[LOSS-SAT]  cls_sat=10.2179 sat_cons=0.7187 sat_cos=0.2813
[LOSS-DG]   proto=0.0000 proto_cos=nan supcon=0.0000 fishr=0.0025 sgc_res=0.0000
[LOSS-CAL]  ecc=0.0000 ecc_w=0.0000 ecc_tau=0.8538 ecc_maxp=nan
[TRAIN] tx=75.61% dom=63.80% cons_cos=0.7690
[GRAD]  total=3.217 backbone=1.000 aux=0.750 domain=0.499
[VAL]   tx=97.75% dom=85.32%
[TEST]  overall_tx=84.76% (172916/204000)
[TEST-SPLIT]
          unseen_day_seen_rx(days=['2021_03_15', '2021_03_23'], rxs=[0, 1, 2, 3, 4, 5, 6]): tx=89.51% (75189/84000)
          seen_day_unseen_rx(days=['2021_03_01', '2021_03_08'], rxs=[7, 8, 9, 10, 11]): tx=84.28% (50566/60000)
          unseen_day_unseen_rx(days=['2021_03_15', '2021_03_23'], rxs=[7, 8, 9, 10, 11]): tx=78.60% (47161/60000)
          day=2021_03_15 on seen_rxs=[0, 1, 2, 3, 4, 5, 6]: tx=91.25% (38323/42000)
          day=2021_03_23 on seen_rxs=[0, 1, 2, 3, 4, 5, 6]: tx=87.78% (36866/42000)
          rx=7 on seen_days=['2021_03_01', '2021_03_08']: tx=75.59% (9071/12000)
          rx=8 on seen_days=['2021_03_01', '2021_03_08']: tx=78.25% (9390/12000)
          rx=9 on seen_days=['2021_03_01', '2021_03_08']: tx=85.85% (10302/12000)
          rx=10 on seen_days=['2021_03_01', '2021_03_08']: tx=94.77% (11372/12000)
          rx=11 on seen_days=['2021_03_01', '2021_03_08']: tx=86.92% (10431/12000)
[BEST-JOINT]  val_tx=98.56% & test_tx=88.76% @ E032
[CKPT]  latest -> finalist_runs/D4_domain_no_pa_no_stats_seed1337/latest_model.pth (saved) | best -> finalist_runs/D4_domain_no_pa_no_stats_seed1337/best_model_val.pth
====================================================================================================================================
[SAT-TEST] scenario=clear_leo selected=test_unseen_day_unseen_rx overall_tx=40.53% strict_udu=40.53% (24316/60000)
[SAT-TEST] scenario=low_elev_leo selected=test_unseen_day_unseen_rx overall_tx=39.84% strict_udu=39.84% (23904/60000)
[SAT-TEST] scenario=rain_leo selected=test_unseen_day_unseen_rx overall_tx=39.07% strict_udu=39.07% (23440/60000)
[SAT-TEST] scenario=storm_mp selected=test_unseen_day_unseen_rx overall_tx=34.84% strict_udu=34.84% (20901/60000)
[SAT-TEST] scenario=mixed_orbit selected=test_unseen_day_unseen_rx overall_tx=36.67% strict_udu=36.67% (22001/60000)
[BEST-TEST] overall=89.05% @ E028 -> finalist_runs/D4_domain_no_pa_no_stats_seed1337/best_model_test_overall.pth | unseen_day_unseen_rx=84.08% @ E028 -> finalist_runs/D4_domain_no_pa_no_stats_seed1337/best_model_strict_udu.pth | unseen_day_seen_rx=92.91% @ E032 | seen_day_unseen_rx=88.65% @ E028
[BEST-PRIMARY] score=85.82 @ E028 -> finalist_runs/D4_domain_no_pa_no_stats_seed1337/best_model_primary_ood.pth | overall=89.05% strict_udu=84.08%
[BEST-WORST-RX] worst_rx=79.11% (test_rx_7) @ E032 -> finalist_runs/D4_domain_no_pa_no_stats_seed1337/best_model_worst_rx.pth
====================================================================================================================================
[Epoch 039/200] time=80.0s | lr=1.82e-04 | aux_scale=1.000
[STAGE] phase=S2_stabilize_aux | use_aux=1.0 cons=0.29 cls_aux=0.24 reg=0.43 joint_inv=0.18 kl=0.21 group_ce=0.75
[MIXSTYLE-EPOCH] phase=base enabled=1 p=0.150 strength=0.650 anneal_t=0.000
[AUG] scale=0.350 | p_dac=0.000 p_pa=0.049 p_shift=0.122 p_cfo=0.122 p_awgn=0.140 p_mp=0.063 | max_shift=11 cfo_max=0.00014 pn_max=0.0021
------------------------------------------------------------------------------------------------------------------------------------
[LOSS-CORE] total=5.0824 cls=2.0427 dom=0.8610 adv=2.6113 orth=0.0015 cons=0.1911 group_ce=3.1604
[LOSS-AUX]  cls_pa=3.9653 cls_dac=0.0000 pa_joint_inv=0.3976 pa_kl=3.6683 dac_reg=0.0000 pa_reg=0.0154 gap_dac=0.0000 gap_pa=0.2413 cos_joint_pa=0.6024 cos_imp_pa=nan
[LOSS-SAT]  cls_sat=10.1756 sat_cons=0.7411 sat_cos=0.2589
[LOSS-DG]   proto=0.0000 proto_cos=nan supcon=0.0000 fishr=0.0018 sgc_res=0.0000
[LOSS-CAL]  ecc=0.0000 ecc_w=0.0000 ecc_tau=0.8610 ecc_maxp=nan
[TRAIN] tx=83.19% dom=69.04% cons_cos=0.8089
[GRAD]  total=3.408 backbone=1.000 aux=0.750 domain=0.499
[VAL]   tx=98.44% dom=85.03%
[TEST]  overall_tx=89.75% (183099/204000)
[TEST-SPLIT]
          unseen_day_seen_rx(days=['2021_03_15', '2021_03_23'], rxs=[0, 1, 2, 3, 4, 5, 6]): tx=93.77% (78769/84000)
          seen_day_unseen_rx(days=['2021_03_01', '2021_03_08'], rxs=[7, 8, 9, 10, 11]): tx=90.17% (54104/60000)
          unseen_day_unseen_rx(days=['2021_03_15', '2021_03_23'], rxs=[7, 8, 9, 10, 11]): tx=83.71% (50226/60000)
          day=2021_03_15 on seen_rxs=[0, 1, 2, 3, 4, 5, 6]: tx=95.69% (40189/42000)
          day=2021_03_23 on seen_rxs=[0, 1, 2, 3, 4, 5, 6]: tx=91.86% (38580/42000)
          rx=7 on seen_days=['2021_03_01', '2021_03_08']: tx=82.78% (9933/12000)
          rx=8 on seen_days=['2021_03_01', '2021_03_08']: tx=78.67% (9440/12000)
          rx=9 on seen_days=['2021_03_01', '2021_03_08']: tx=95.72% (11486/12000)
          rx=10 on seen_days=['2021_03_01', '2021_03_08']: tx=97.50% (11700/12000)
          rx=11 on seen_days=['2021_03_01', '2021_03_08']: tx=96.21% (11545/12000)
[BEST-JOINT]  val_tx=98.56% & test_tx=88.76% @ E032
[CKPT]  latest -> finalist_runs/D4_domain_no_pa_no_stats_seed1337/latest_model.pth (saved) | best -> finalist_runs/D4_domain_no_pa_no_stats_seed1337/best_model_val.pth
====================================================================================================================================
[SAT-TEST] scenario=clear_leo selected=test_unseen_day_unseen_rx overall_tx=44.37% strict_udu=44.37% (26619/60000)
[SAT-TEST] scenario=low_elev_leo selected=test_unseen_day_unseen_rx overall_tx=42.05% strict_udu=42.05% (25233/60000)
[SAT-TEST] scenario=rain_leo selected=test_unseen_day_unseen_rx overall_tx=40.98% strict_udu=40.98% (24590/60000)
[SAT-TEST] scenario=storm_mp selected=test_unseen_day_unseen_rx overall_tx=33.30% strict_udu=33.30% (19983/60000)
[SAT-TEST] scenario=mixed_orbit selected=test_unseen_day_unseen_rx overall_tx=37.94% strict_udu=37.94% (22766/60000)
[BEST-TEST] overall=89.75% @ E039 -> finalist_runs/D4_domain_no_pa_no_stats_seed1337/best_model_test_overall.pth | unseen_day_unseen_rx=84.08% @ E028 -> finalist_runs/D4_domain_no_pa_no_stats_seed1337/best_model_strict_udu.pth | unseen_day_seen_rx=93.77% @ E039 | seen_day_unseen_rx=90.17% @ E039
[BEST-PRIMARY] score=85.83 @ E039 -> finalist_runs/D4_domain_no_pa_no_stats_seed1337/best_model_primary_ood.pth | overall=89.75% strict_udu=83.71%
[BEST-WORST-RX] worst_rx=79.11% (test_rx_7) @ E032 -> finalist_runs/D4_domain_no_pa_no_stats_seed1337/best_model_worst_rx.pth
====================================================================================================================================
[Epoch 040/200] time=80.3s | lr=1.81e-04 | aux_scale=1.000
[STAGE] phase=S2_stabilize_aux | use_aux=1.0 cons=0.30 cls_aux=0.25 reg=0.43 joint_inv=0.19 kl=0.21 group_ce=0.75
[MIXSTYLE-EPOCH] phase=base enabled=1 p=0.150 strength=0.650 anneal_t=0.000
[AUG] scale=0.350 | p_dac=0.000 p_pa=0.049 p_shift=0.122 p_cfo=0.122 p_awgn=0.140 p_mp=0.063 | max_shift=11 cfo_max=0.00014 pn_max=0.0021
------------------------------------------------------------------------------------------------------------------------------------
[LOSS-CORE] total=6.1893 cls=2.9353 dom=0.9878 adv=2.6149 orth=0.0015 cons=0.2219 group_ce=4.2288
[LOSS-AUX]  cls_pa=3.8877 cls_dac=0.0000 pa_joint_inv=0.3955 pa_kl=3.5810 dac_reg=0.0000 pa_reg=0.0154 gap_dac=0.0000 gap_pa=0.2519 cos_joint_pa=0.6045 cos_imp_pa=nan
[LOSS-SAT]  cls_sat=10.1648 sat_cons=0.6958 sat_cos=0.3042
[LOSS-DG]   proto=0.0000 proto_cos=nan supcon=0.0000 fishr=0.0025 sgc_res=0.0000
[LOSS-CAL]  ecc=0.0000 ecc_w=0.0000 ecc_tau=0.8681 ecc_maxp=nan
[TRAIN] tx=75.60% dom=63.79% cons_cos=0.7781
[GRAD]  total=3.230 backbone=1.000 aux=0.750 domain=0.500
[VAL]   tx=98.42% dom=86.80%
[TEST]  overall_tx=87.45% (178401/204000)
[TEST-SPLIT]
          unseen_day_seen_rx(days=['2021_03_15', '2021_03_23'], rxs=[0, 1, 2, 3, 4, 5, 6]): tx=91.10% (76528/84000)
          seen_day_unseen_rx(days=['2021_03_01', '2021_03_08'], rxs=[7, 8, 9, 10, 11]): tx=87.92% (52751/60000)
          unseen_day_unseen_rx(days=['2021_03_15', '2021_03_23'], rxs=[7, 8, 9, 10, 11]): tx=81.87% (49122/60000)
          day=2021_03_15 on seen_rxs=[0, 1, 2, 3, 4, 5, 6]: tx=92.89% (39013/42000)
          day=2021_03_23 on seen_rxs=[0, 1, 2, 3, 4, 5, 6]: tx=89.32% (37515/42000)
          rx=7 on seen_days=['2021_03_01', '2021_03_08']: tx=79.73% (9568/12000)
          rx=8 on seen_days=['2021_03_01', '2021_03_08']: tx=82.19% (9863/12000)
          rx=9 on seen_days=['2021_03_01', '2021_03_08']: tx=89.88% (10786/12000)
          rx=10 on seen_days=['2021_03_01', '2021_03_08']: tx=94.38% (11325/12000)
          rx=11 on seen_days=['2021_03_01', '2021_03_08']: tx=93.41% (11209/12000)
[BEST-JOINT]  val_tx=98.56% & test_tx=88.76% @ E032
[CKPT]  latest -> finalist_runs/D4_domain_no_pa_no_stats_seed1337/latest_model.pth (saved) | best -> finalist_runs/D4_domain_no_pa_no_stats_seed1337/best_model_val.pth
====================================================================================================================================
[SAT-TEST] scenario=clear_leo selected=test_unseen_day_unseen_rx overall_tx=42.50% strict_udu=42.50% (25502/60000)
[SAT-TEST] scenario=low_elev_leo selected=test_unseen_day_unseen_rx overall_tx=41.09% strict_udu=41.09% (24656/60000)
[SAT-TEST] scenario=rain_leo selected=test_unseen_day_unseen_rx overall_tx=40.83% strict_udu=40.83% (24495/60000)
[SAT-TEST] scenario=storm_mp selected=test_unseen_day_unseen_rx overall_tx=35.60% strict_udu=35.60% (21358/60000)
[SAT-TEST] scenario=mixed_orbit selected=test_unseen_day_unseen_rx overall_tx=38.35% strict_udu=38.35% (23012/60000)
[BEST-TEST] overall=89.75% @ E039 -> finalist_runs/D4_domain_no_pa_no_stats_seed1337/best_model_test_overall.pth | unseen_day_unseen_rx=84.08% @ E028 -> finalist_runs/D4_domain_no_pa_no_stats_seed1337/best_model_strict_udu.pth | unseen_day_seen_rx=93.77% @ E039 | seen_day_unseen_rx=90.17% @ E039
[BEST-PRIMARY] score=85.83 @ E039 -> finalist_runs/D4_domain_no_pa_no_stats_seed1337/best_model_primary_ood.pth | overall=89.75% strict_udu=83.71%
[BEST-WORST-RX] worst_rx=79.73% (test_rx_7) @ E040 -> finalist_runs/D4_domain_no_pa_no_stats_seed1337/best_model_worst_rx.pth
====================================================================================================================================
[Epoch 041/200] time=79.3s | lr=1.80e-04 | aux_scale=1.000
[STAGE] phase=S2_stabilize_aux | use_aux=1.0 cons=0.31 cls_aux=0.26 reg=0.44 joint_inv=0.19 kl=0.22 group_ce=0.76
[MIXSTYLE-EPOCH] phase=base enabled=1 p=0.150 strength=0.650 anneal_t=0.000
[AUG] scale=0.350 | p_dac=0.000 p_pa=0.049 p_shift=0.122 p_cfo=0.122 p_awgn=0.140 p_mp=0.063 | max_shift=11 cfo_max=0.00014 pn_max=0.0021
------------------------------------------------------------------------------------------------------------------------------------
[LOSS-CORE] total=5.4384 cls=2.3492 dom=0.8582 adv=2.6120 orth=0.0013 cons=0.2077 group_ce=3.6140
[LOSS-AUX]  cls_pa=3.9179 cls_dac=0.0000 pa_joint_inv=0.3986 pa_kl=3.6254 dac_reg=0.0000 pa_reg=0.0156 gap_dac=0.0000 gap_pa=0.2467 cos_joint_pa=0.6014 cos_imp_pa=nan
[LOSS-SAT]  cls_sat=10.1309 sat_cons=0.7227 sat_cos=0.2773
[LOSS-DG]   proto=0.0000 proto_cos=nan supcon=0.0000 fishr=0.0021 sgc_res=0.0000
[LOSS-CAL]  ecc=0.0000 ecc_w=0.0000 ecc_tau=0.8750 ecc_maxp=nan
[TRAIN] tx=80.28% dom=68.15% cons_cos=0.7923
[GRAD]  total=3.214 backbone=1.000 aux=0.750 domain=0.500
[VAL]   tx=98.38% dom=87.68%
[TEST]  overall_tx=86.64% (176746/204000)
[TEST-SPLIT]
          unseen_day_seen_rx(days=['2021_03_15', '2021_03_23'], rxs=[0, 1, 2, 3, 4, 5, 6]): tx=91.04% (76472/84000)
          seen_day_unseen_rx(days=['2021_03_01', '2021_03_08'], rxs=[7, 8, 9, 10, 11]): tx=86.90% (52142/60000)
          unseen_day_unseen_rx(days=['2021_03_15', '2021_03_23'], rxs=[7, 8, 9, 10, 11]): tx=80.22% (48132/60000)
          day=2021_03_15 on seen_rxs=[0, 1, 2, 3, 4, 5, 6]: tx=92.89% (39012/42000)
          day=2021_03_23 on seen_rxs=[0, 1, 2, 3, 4, 5, 6]: tx=89.19% (37460/42000)
          rx=7 on seen_days=['2021_03_01', '2021_03_08']: tx=76.03% (9123/12000)
          rx=8 on seen_days=['2021_03_01', '2021_03_08']: tx=78.26% (9391/12000)
          rx=9 on seen_days=['2021_03_01', '2021_03_08']: tx=90.94% (10913/12000)
          rx=10 on seen_days=['2021_03_01', '2021_03_08']: tx=97.28% (11673/12000)
          rx=11 on seen_days=['2021_03_01', '2021_03_08']: tx=92.02% (11042/12000)
[BEST-JOINT]  val_tx=98.56% & test_tx=88.76% @ E032
[CKPT]  latest -> finalist_runs/D4_domain_no_pa_no_stats_seed1337/latest_model.pth (saved) | best -> finalist_runs/D4_domain_no_pa_no_stats_seed1337/best_model_val.pth
====================================================================================================================================
[SAT-TEST] scenario=clear_leo selected=test_unseen_day_unseen_rx overall_tx=40.12% strict_udu=40.12% (24074/60000)
[SAT-TEST] scenario=low_elev_leo selected=test_unseen_day_unseen_rx overall_tx=39.27% strict_udu=39.27% (23562/60000)
[SAT-TEST] scenario=rain_leo selected=test_unseen_day_unseen_rx overall_tx=38.88% strict_udu=38.88% (23330/60000)
[SAT-TEST] scenario=storm_mp selected=test_unseen_day_unseen_rx overall_tx=34.34% strict_udu=34.34% (20604/60000)
[SAT-TEST] scenario=mixed_orbit selected=test_unseen_day_unseen_rx overall_tx=36.19% strict_udu=36.19% (21714/60000)
[BEST-TEST] overall=89.75% @ E039 -> finalist_runs/D4_domain_no_pa_no_stats_seed1337/best_model_test_overall.pth | unseen_day_unseen_rx=84.08% @ E028 -> finalist_runs/D4_domain_no_pa_no_stats_seed1337/best_model_strict_udu.pth | unseen_day_seen_rx=93.77% @ E039 | seen_day_unseen_rx=90.17% @ E039
[BEST-PRIMARY] score=85.83 @ E039 -> finalist_runs/D4_domain_no_pa_no_stats_seed1337/best_model_primary_ood.pth | overall=89.75% strict_udu=83.71%
[BEST-WORST-RX] worst_rx=79.73% (test_rx_7) @ E040 -> finalist_runs/D4_domain_no_pa_no_stats_seed1337/best_model_worst_rx.pth
====================================================================================================================================
[Epoch 042/200] time=79.6s | lr=1.79e-04 | aux_scale=1.000
[STAGE] phase=S2_stabilize_aux | use_aux=1.0 cons=0.31 cls_aux=0.26 reg=0.44 joint_inv=0.19 kl=0.22 group_ce=0.76
[MIXSTYLE-EPOCH] phase=base enabled=1 p=0.150 strength=0.650 anneal_t=0.000
[AUG] scale=0.350 | p_dac=0.000 p_pa=0.049 p_shift=0.122 p_cfo=0.122 p_awgn=0.140 p_mp=0.063 | max_shift=11 cfo_max=0.00014 pn_max=0.0021
------------------------------------------------------------------------------------------------------------------------------------
[LOSS-CORE] total=5.4017 cls=2.3158 dom=0.8709 adv=2.6089 orth=0.0014 cons=0.2169 group_ce=3.5538
[LOSS-AUX]  cls_pa=3.5382 cls_dac=0.0000 pa_joint_inv=0.3791 pa_kl=3.2757 dac_reg=0.0000 pa_reg=0.0152 gap_dac=0.0000 gap_pa=0.2372 cos_joint_pa=0.6209 cos_imp_pa=nan
[LOSS-SAT]  cls_sat=10.1097 sat_cons=0.7241 sat_cos=0.2759
[LOSS-DG]   proto=0.0000 proto_cos=nan supcon=0.0000 fishr=0.0021 sgc_res=0.0000
[LOSS-CAL]  ecc=0.0000 ecc_w=0.0000 ecc_tau=0.8817 ecc_maxp=nan
[TRAIN] tx=80.52% dom=67.78% cons_cos=0.7831
[GRAD]  total=3.477 backbone=1.000 aux=0.750 domain=0.500
[VAL]   tx=98.21% dom=86.07%
[TEST]  overall_tx=87.78% (179072/204000)
[TEST-SPLIT]
          unseen_day_seen_rx(days=['2021_03_15', '2021_03_23'], rxs=[0, 1, 2, 3, 4, 5, 6]): tx=91.66% (76994/84000)
          seen_day_unseen_rx(days=['2021_03_01', '2021_03_08'], rxs=[7, 8, 9, 10, 11]): tx=88.12% (52872/60000)
          unseen_day_unseen_rx(days=['2021_03_15', '2021_03_23'], rxs=[7, 8, 9, 10, 11]): tx=82.01% (49206/60000)
          day=2021_03_15 on seen_rxs=[0, 1, 2, 3, 4, 5, 6]: tx=94.87% (39845/42000)
          day=2021_03_23 on seen_rxs=[0, 1, 2, 3, 4, 5, 6]: tx=88.45% (37149/42000)
          rx=7 on seen_days=['2021_03_01', '2021_03_08']: tx=79.18% (9502/12000)
          rx=8 on seen_days=['2021_03_01', '2021_03_08']: tx=82.06% (9847/12000)
          rx=9 on seen_days=['2021_03_01', '2021_03_08']: tx=92.84% (11141/12000)
          rx=10 on seen_days=['2021_03_01', '2021_03_08']: tx=93.56% (11227/12000)
          rx=11 on seen_days=['2021_03_01', '2021_03_08']: tx=92.96% (11155/12000)
[BEST-JOINT]  val_tx=98.56% & test_tx=88.76% @ E032
[CKPT]  latest -> finalist_runs/D4_domain_no_pa_no_stats_seed1337/latest_model.pth (saved) | best -> finalist_runs/D4_domain_no_pa_no_stats_seed1337/best_model_val.pth
====================================================================================================================================
[SAT-TEST] scenario=clear_leo selected=test_unseen_day_unseen_rx overall_tx=42.93% strict_udu=42.93% (25760/60000)
[SAT-TEST] scenario=low_elev_leo selected=test_unseen_day_unseen_rx overall_tx=41.19% strict_udu=41.19% (24716/60000)
[SAT-TEST] scenario=rain_leo selected=test_unseen_day_unseen_rx overall_tx=41.12% strict_udu=41.12% (24673/60000)
[SAT-TEST] scenario=storm_mp selected=test_unseen_day_unseen_rx overall_tx=35.45% strict_udu=35.45% (21272/60000)
[SAT-TEST] scenario=mixed_orbit selected=test_unseen_day_unseen_rx overall_tx=38.69% strict_udu=38.69% (23213/60000)
[BEST-TEST] overall=89.75% @ E039 -> finalist_runs/D4_domain_no_pa_no_stats_seed1337/best_model_test_overall.pth | unseen_day_unseen_rx=84.08% @ E028 -> finalist_runs/D4_domain_no_pa_no_stats_seed1337/best_model_strict_udu.pth | unseen_day_seen_rx=93.77% @ E039 | seen_day_unseen_rx=90.17% @ E039
[BEST-PRIMARY] score=85.83 @ E039 -> finalist_runs/D4_domain_no_pa_no_stats_seed1337/best_model_primary_ood.pth | overall=89.75% strict_udu=83.71%
[BEST-WORST-RX] worst_rx=79.73% (test_rx_7) @ E040 -> finalist_runs/D4_domain_no_pa_no_stats_seed1337/best_model_worst_rx.pth
====================================================================================================================================
[Epoch 043/200] time=79.3s | lr=1.78e-04 | aux_scale=1.000
[STAGE] phase=S2_stabilize_aux | use_aux=1.0 cons=0.32 cls_aux=0.27 reg=0.45 joint_inv=0.19 kl=0.23 group_ce=0.77
[MIXSTYLE-EPOCH] phase=base enabled=1 p=0.150 strength=0.650 anneal_t=0.000
[AUG] scale=0.350 | p_dac=0.000 p_pa=0.049 p_shift=0.122 p_cfo=0.122 p_awgn=0.140 p_mp=0.063 | max_shift=11 cfo_max=0.00014 pn_max=0.0021
------------------------------------------------------------------------------------------------------------------------------------
[LOSS-CORE] total=5.9919 cls=2.7826 dom=0.9404 adv=2.6140 orth=0.0013 cons=0.2119 group_ce=4.0441
[LOSS-AUX]  cls_pa=3.5924 cls_dac=0.0000 pa_joint_inv=0.3757 pa_kl=3.3147 dac_reg=0.0000 pa_reg=0.0159 gap_dac=0.0000 gap_pa=0.2457 cos_joint_pa=0.6243 cos_imp_pa=nan
[LOSS-SAT]  cls_sat=10.1071 sat_cons=0.7066 sat_cos=0.2934
[LOSS-DG]   proto=0.0000 proto_cos=nan supcon=0.0000 fishr=0.0024 sgc_res=0.0000
[LOSS-CAL]  ecc=0.0000 ecc_w=0.0000 ecc_tau=0.8882 ecc_maxp=nan
[TRAIN] tx=76.89% dom=65.84% cons_cos=0.7881
[GRAD]  total=3.120 backbone=1.000 aux=0.750 domain=0.499
[VAL]   tx=98.56% dom=87.73%
[TEST]  overall_tx=89.26% (182092/204000)
[TEST-SPLIT]
          unseen_day_seen_rx(days=['2021_03_15', '2021_03_23'], rxs=[0, 1, 2, 3, 4, 5, 6]): tx=93.03% (78149/84000)
          seen_day_unseen_rx(days=['2021_03_01', '2021_03_08'], rxs=[7, 8, 9, 10, 11]): tx=89.12% (53471/60000)
          unseen_day_unseen_rx(days=['2021_03_15', '2021_03_23'], rxs=[7, 8, 9, 10, 11]): tx=84.12% (50472/60000)
          day=2021_03_15 on seen_rxs=[0, 1, 2, 3, 4, 5, 6]: tx=94.99% (39895/42000)
          day=2021_03_23 on seen_rxs=[0, 1, 2, 3, 4, 5, 6]: tx=91.08% (38254/42000)
          rx=7 on seen_days=['2021_03_01', '2021_03_08']: tx=79.23% (9508/12000)
          rx=8 on seen_days=['2021_03_01', '2021_03_08']: tx=79.88% (9586/12000)
          rx=9 on seen_days=['2021_03_01', '2021_03_08']: tx=94.43% (11332/12000)
          rx=10 on seen_days=['2021_03_01', '2021_03_08']: tx=95.49% (11459/12000)
          rx=11 on seen_days=['2021_03_01', '2021_03_08']: tx=96.55% (11586/12000)
[BEST-JOINT]  val_tx=98.56% & test_tx=88.76% @ E032
[CKPT]  latest -> finalist_runs/D4_domain_no_pa_no_stats_seed1337/latest_model.pth (saved) | best -> finalist_runs/D4_domain_no_pa_no_stats_seed1337/best_model_val.pth
====================================================================================================================================
[SAT-TEST] scenario=clear_leo selected=test_unseen_day_unseen_rx overall_tx=43.76% strict_udu=43.76% (26253/60000)
[SAT-TEST] scenario=low_elev_leo selected=test_unseen_day_unseen_rx overall_tx=42.43% strict_udu=42.43% (25459/60000)
[SAT-TEST] scenario=rain_leo selected=test_unseen_day_unseen_rx overall_tx=41.40% strict_udu=41.40% (24837/60000)
[SAT-TEST] scenario=storm_mp selected=test_unseen_day_unseen_rx overall_tx=35.23% strict_udu=35.23% (21140/60000)
[SAT-TEST] scenario=mixed_orbit selected=test_unseen_day_unseen_rx overall_tx=39.13% strict_udu=39.13% (23481/60000)
[BEST-TEST] overall=89.75% @ E039 -> finalist_runs/D4_domain_no_pa_no_stats_seed1337/best_model_test_overall.pth | unseen_day_unseen_rx=84.12% @ E043 -> finalist_runs/D4_domain_no_pa_no_stats_seed1337/best_model_strict_udu.pth | unseen_day_seen_rx=93.77% @ E039 | seen_day_unseen_rx=90.17% @ E039
[BEST-PRIMARY] score=85.92 @ E043 -> finalist_runs/D4_domain_no_pa_no_stats_seed1337/best_model_primary_ood.pth | overall=89.26% strict_udu=84.12%
[BEST-WORST-RX] worst_rx=79.73% (test_rx_7) @ E040 -> finalist_runs/D4_domain_no_pa_no_stats_seed1337/best_model_worst_rx.pth
====================================================================================================================================
[Epoch 044/200] time=80.4s | lr=1.77e-04 | aux_scale=1.000
[STAGE] phase=S2_stabilize_aux | use_aux=1.0 cons=0.33 cls_aux=0.28 reg=0.46 joint_inv=0.20 kl=0.23 group_ce=0.77
[MIXSTYLE-EPOCH] phase=base enabled=1 p=0.150 strength=0.650 anneal_t=0.000
[AUG] scale=0.350 | p_dac=0.000 p_pa=0.049 p_shift=0.122 p_cfo=0.122 p_awgn=0.140 p_mp=0.063 | max_shift=11 cfo_max=0.00014 pn_max=0.0021
------------------------------------------------------------------------------------------------------------------------------------
[LOSS-CORE] total=6.0048 cls=2.7743 dom=0.9501 adv=2.6145 orth=0.0014 cons=0.2235 group_ce=4.1674
[LOSS-AUX]  cls_pa=3.4035 cls_dac=0.0000 pa_joint_inv=0.3704 pa_kl=3.1442 dac_reg=0.0000 pa_reg=0.0155 gap_dac=0.0000 gap_pa=0.2451 cos_joint_pa=0.6296 cos_imp_pa=nan
[LOSS-SAT]  cls_sat=10.0992 sat_cons=0.7175 sat_cos=0.2825
[LOSS-DG]   proto=0.0000 proto_cos=nan supcon=0.0000 fishr=0.0026 sgc_res=0.0000
[LOSS-CAL]  ecc=0.0000 ecc_w=0.0000 ecc_tau=0.8944 ecc_maxp=nan
[TRAIN] tx=77.22% dom=65.08% cons_cos=0.7765
[GRAD]  total=3.782 backbone=1.000 aux=0.750 domain=0.500
[VAL]   tx=98.63% dom=87.60%
[TEST]  overall_tx=88.73% (181010/204000)
[TEST-SPLIT]
          unseen_day_seen_rx(days=['2021_03_15', '2021_03_23'], rxs=[0, 1, 2, 3, 4, 5, 6]): tx=92.92% (78053/84000)
          seen_day_unseen_rx(days=['2021_03_01', '2021_03_08'], rxs=[7, 8, 9, 10, 11]): tx=88.84% (53307/60000)
          unseen_day_unseen_rx(days=['2021_03_15', '2021_03_23'], rxs=[7, 8, 9, 10, 11]): tx=82.75% (49650/60000)
          day=2021_03_15 on seen_rxs=[0, 1, 2, 3, 4, 5, 6]: tx=93.45% (39248/42000)
          day=2021_03_23 on seen_rxs=[0, 1, 2, 3, 4, 5, 6]: tx=92.39% (38805/42000)
          rx=7 on seen_days=['2021_03_01', '2021_03_08']: tx=82.18% (9862/12000)
          rx=8 on seen_days=['2021_03_01', '2021_03_08']: tx=81.88% (9826/12000)
          rx=9 on seen_days=['2021_03_01', '2021_03_08']: tx=91.31% (10957/12000)
          rx=10 on seen_days=['2021_03_01', '2021_03_08']: tx=93.15% (11178/12000)
          rx=11 on seen_days=['2021_03_01', '2021_03_08']: tx=95.70% (11484/12000)
[BEST-JOINT]  val_tx=98.63% & test_tx=88.73% @ E044
[CKPT]  latest -> finalist_runs/D4_domain_no_pa_no_stats_seed1337/latest_model.pth (saved) | best -> finalist_runs/D4_domain_no_pa_no_stats_seed1337/best_model_val.pth (updated: val improved)
====================================================================================================================================
[SAT-TEST] scenario=clear_leo selected=test_unseen_day_unseen_rx overall_tx=41.13% strict_udu=41.13% (24680/60000)
[SAT-TEST] scenario=low_elev_leo selected=test_unseen_day_unseen_rx overall_tx=39.91% strict_udu=39.91% (23945/60000)
[SAT-TEST] scenario=rain_leo selected=test_unseen_day_unseen_rx overall_tx=39.06% strict_udu=39.06% (23434/60000)
[SAT-TEST] scenario=storm_mp selected=test_unseen_day_unseen_rx overall_tx=35.10% strict_udu=35.10% (21060/60000)
[SAT-TEST] scenario=mixed_orbit selected=test_unseen_day_unseen_rx overall_tx=37.73% strict_udu=37.73% (22637/60000)
[BEST-TEST] overall=89.75% @ E039 -> finalist_runs/D4_domain_no_pa_no_stats_seed1337/best_model_test_overall.pth | unseen_day_unseen_rx=84.12% @ E043 -> finalist_runs/D4_domain_no_pa_no_stats_seed1337/best_model_strict_udu.pth | unseen_day_seen_rx=93.77% @ E039 | seen_day_unseen_rx=90.17% @ E039
[BEST-PRIMARY] score=85.92 @ E043 -> finalist_runs/D4_domain_no_pa_no_stats_seed1337/best_model_primary_ood.pth | overall=89.26% strict_udu=84.12%
[BEST-WORST-RX] worst_rx=81.88% (test_rx_8) @ E044 -> finalist_runs/D4_domain_no_pa_no_stats_seed1337/best_model_worst_rx.pth
====================================================================================================================================
[Epoch 045/200] time=81.3s | lr=1.76e-04 | aux_scale=1.000
[STAGE] phase=S2_stabilize_aux | use_aux=1.0 cons=0.34 cls_aux=0.29 reg=0.46 joint_inv=0.20 kl=0.24 group_ce=0.78
[MIXSTYLE-EPOCH] phase=base enabled=1 p=0.150 strength=0.650 anneal_t=0.000
[AUG] scale=0.350 | p_dac=0.000 p_pa=0.049 p_shift=0.122 p_cfo=0.122 p_awgn=0.140 p_mp=0.063 | max_shift=11 cfo_max=0.00014 pn_max=0.0021
------------------------------------------------------------------------------------------------------------------------------------
[LOSS-CORE] total=5.8112 cls=2.6449 dom=0.8914 adv=2.6147 orth=0.0014 cons=0.2194 group_ce=3.9187
[LOSS-AUX]  cls_pa=3.4091 cls_dac=0.0000 pa_joint_inv=0.3633 pa_kl=3.1409 dac_reg=0.0000 pa_reg=0.0159 gap_dac=0.0000 gap_pa=0.2404 cos_joint_pa=0.6367 cos_imp_pa=nan
[LOSS-SAT]  cls_sat=10.1041 sat_cons=0.7162 sat_cos=0.2838
[LOSS-DG]   proto=0.0000 proto_cos=nan supcon=0.0000 fishr=0.0024 sgc_res=0.0000
[LOSS-CAL]  ecc=0.0000 ecc_w=0.0000 ecc_tau=0.9004 ecc_maxp=nan
[TRAIN] tx=77.80% dom=67.64% cons_cos=0.7806
[GRAD]  total=3.333 backbone=1.000 aux=0.750 domain=0.496
[VAL]   tx=98.55% dom=86.70%
[TEST]  overall_tx=88.62% (180776/204000)
[TEST-SPLIT]
          unseen_day_seen_rx(days=['2021_03_15', '2021_03_23'], rxs=[0, 1, 2, 3, 4, 5, 6]): tx=92.50% (77701/84000)
          seen_day_unseen_rx(days=['2021_03_01', '2021_03_08'], rxs=[7, 8, 9, 10, 11]): tx=88.64% (53181/60000)
          unseen_day_unseen_rx(days=['2021_03_15', '2021_03_23'], rxs=[7, 8, 9, 10, 11]): tx=83.16% (49894/60000)
          day=2021_03_15 on seen_rxs=[0, 1, 2, 3, 4, 5, 6]: tx=94.65% (39752/42000)
          day=2021_03_23 on seen_rxs=[0, 1, 2, 3, 4, 5, 6]: tx=90.35% (37949/42000)
          rx=7 on seen_days=['2021_03_01', '2021_03_08']: tx=81.69% (9803/12000)
          rx=8 on seen_days=['2021_03_01', '2021_03_08']: tx=82.58% (9910/12000)
          rx=9 on seen_days=['2021_03_01', '2021_03_08']: tx=92.00% (11040/12000)
          rx=10 on seen_days=['2021_03_01', '2021_03_08']: tx=92.21% (11065/12000)
          rx=11 on seen_days=['2021_03_01', '2021_03_08']: tx=94.69% (11363/12000)
[BEST-JOINT]  val_tx=98.63% & test_tx=88.73% @ E044
[CKPT]  latest -> finalist_runs/D4_domain_no_pa_no_stats_seed1337/latest_model.pth (saved) | best -> finalist_runs/D4_domain_no_pa_no_stats_seed1337/best_model_val.pth
====================================================================================================================================
[SAT-TEST] scenario=clear_leo selected=test_unseen_day_unseen_rx overall_tx=42.01% strict_udu=42.01% (25208/60000)
[SAT-TEST] scenario=low_elev_leo selected=test_unseen_day_unseen_rx overall_tx=40.97% strict_udu=40.97% (24583/60000)
[SAT-TEST] scenario=rain_leo selected=test_unseen_day_unseen_rx overall_tx=40.30% strict_udu=40.30% (24177/60000)
[SAT-TEST] scenario=storm_mp selected=test_unseen_day_unseen_rx overall_tx=35.45% strict_udu=35.45% (21268/60000)
[SAT-TEST] scenario=mixed_orbit selected=test_unseen_day_unseen_rx overall_tx=37.86% strict_udu=37.86% (22715/60000)
[BEST-TEST] overall=89.75% @ E039 -> finalist_runs/D4_domain_no_pa_no_stats_seed1337/best_model_test_overall.pth | unseen_day_unseen_rx=84.12% @ E043 -> finalist_runs/D4_domain_no_pa_no_stats_seed1337/best_model_strict_udu.pth | unseen_day_seen_rx=93.77% @ E039 | seen_day_unseen_rx=90.17% @ E039
[BEST-PRIMARY] score=85.92 @ E043 -> finalist_runs/D4_domain_no_pa_no_stats_seed1337/best_model_primary_ood.pth | overall=89.26% strict_udu=84.12%
[BEST-WORST-RX] worst_rx=81.88% (test_rx_8) @ E044 -> finalist_runs/D4_domain_no_pa_no_stats_seed1337/best_model_worst_rx.pth
====================================================================================================================================
[Epoch 046/200] time=80.6s | lr=1.75e-04 | aux_scale=1.000
[STAGE] phase=S2_stabilize_aux | use_aux=1.0 cons=0.35 cls_aux=0.30 reg=0.47 joint_inv=0.20 kl=0.24 group_ce=0.78
[MIXSTYLE-EPOCH] phase=base enabled=1 p=0.150 strength=0.650 anneal_t=0.000
[AUG] scale=0.350 | p_dac=0.000 p_pa=0.049 p_shift=0.122 p_cfo=0.122 p_awgn=0.140 p_mp=0.063 | max_shift=11 cfo_max=0.00014 pn_max=0.0021
------------------------------------------------------------------------------------------------------------------------------------
[LOSS-CORE] total=5.1297 cls=2.0945 dom=0.8149 adv=2.6117 orth=0.0015 cons=0.2033 group_ce=3.2252
[LOSS-AUX]  cls_pa=3.3820 cls_dac=0.0000 pa_joint_inv=0.3696 pa_kl=3.1012 dac_reg=0.0000 pa_reg=0.0152 gap_dac=0.0000 gap_pa=0.2490 cos_joint_pa=0.6304 cos_imp_pa=nan
[LOSS-SAT]  cls_sat=9.9656 sat_cons=0.7264 sat_cos=0.2736
[LOSS-DG]   proto=0.0000 proto_cos=nan supcon=0.0000 fishr=0.0018 sgc_res=0.0000
[LOSS-CAL]  ecc=0.0000 ecc_w=0.0000 ecc_tau=0.9061 ecc_maxp=nan
[TRAIN] tx=82.46% dom=70.13% cons_cos=0.7967
[GRAD]  total=3.544 backbone=1.000 aux=0.750 domain=0.499
[VAL]   tx=98.54% dom=86.89%
[TEST]  overall_tx=88.96% (181483/204000)
[TEST-SPLIT]
          unseen_day_seen_rx(days=['2021_03_15', '2021_03_23'], rxs=[0, 1, 2, 3, 4, 5, 6]): tx=92.39% (77605/84000)
          seen_day_unseen_rx(days=['2021_03_01', '2021_03_08'], rxs=[7, 8, 9, 10, 11]): tx=89.54% (53725/60000)
          unseen_day_unseen_rx(days=['2021_03_15', '2021_03_23'], rxs=[7, 8, 9, 10, 11]): tx=83.59% (50153/60000)
          day=2021_03_15 on seen_rxs=[0, 1, 2, 3, 4, 5, 6]: tx=93.81% (39401/42000)
          day=2021_03_23 on seen_rxs=[0, 1, 2, 3, 4, 5, 6]: tx=90.96% (38204/42000)
          rx=7 on seen_days=['2021_03_01', '2021_03_08']: tx=83.19% (9983/12000)
          rx=8 on seen_days=['2021_03_01', '2021_03_08']: tx=81.94% (9833/12000)
          rx=9 on seen_days=['2021_03_01', '2021_03_08']: tx=91.88% (11026/12000)
          rx=10 on seen_days=['2021_03_01', '2021_03_08']: tx=96.85% (11622/12000)
          rx=11 on seen_days=['2021_03_01', '2021_03_08']: tx=93.84% (11261/12000)
[BEST-JOINT]  val_tx=98.63% & test_tx=88.73% @ E044
[CKPT]  latest -> finalist_runs/D4_domain_no_pa_no_stats_seed1337/latest_model.pth (saved) | best -> finalist_runs/D4_domain_no_pa_no_stats_seed1337/best_model_val.pth
====================================================================================================================================
[SAT-TEST] scenario=clear_leo selected=test_unseen_day_unseen_rx overall_tx=42.53% strict_udu=42.53% (25518/60000)
[SAT-TEST] scenario=low_elev_leo selected=test_unseen_day_unseen_rx overall_tx=41.60% strict_udu=41.60% (24958/60000)
[SAT-TEST] scenario=rain_leo selected=test_unseen_day_unseen_rx overall_tx=40.92% strict_udu=40.92% (24555/60000)
[SAT-TEST] scenario=storm_mp selected=test_unseen_day_unseen_rx overall_tx=36.07% strict_udu=36.07% (21643/60000)
[SAT-TEST] scenario=mixed_orbit selected=test_unseen_day_unseen_rx overall_tx=38.46% strict_udu=38.46% (23074/60000)
[BEST-TEST] overall=89.75% @ E039 -> finalist_runs/D4_domain_no_pa_no_stats_seed1337/best_model_test_overall.pth | unseen_day_unseen_rx=84.12% @ E043 -> finalist_runs/D4_domain_no_pa_no_stats_seed1337/best_model_strict_udu.pth | unseen_day_seen_rx=93.77% @ E039 | seen_day_unseen_rx=90.17% @ E039
[BEST-PRIMARY] score=85.92 @ E043 -> finalist_runs/D4_domain_no_pa_no_stats_seed1337/best_model_primary_ood.pth | overall=89.26% strict_udu=84.12%
[BEST-WORST-RX] worst_rx=81.94% (test_rx_8) @ E046 -> finalist_runs/D4_domain_no_pa_no_stats_seed1337/best_model_worst_rx.pth
====================================================================================================================================
[Epoch 047/200] time=80.9s | lr=1.74e-04 | aux_scale=1.000
[STAGE] phase=S2_stabilize_aux | use_aux=1.0 cons=0.35 cls_aux=0.30 reg=0.48 joint_inv=0.21 kl=0.25 group_ce=0.78
[MIXSTYLE-EPOCH] phase=base enabled=1 p=0.150 strength=0.650 anneal_t=0.000
[AUG] scale=0.350 | p_dac=0.000 p_pa=0.049 p_shift=0.122 p_cfo=0.122 p_awgn=0.140 p_mp=0.063 | max_shift=11 cfo_max=0.00014 pn_max=0.0021
------------------------------------------------------------------------------------------------------------------------------------
[LOSS-CORE] total=5.5158 cls=2.4229 dom=0.8425 adv=2.6140 orth=0.0018 cons=0.2126 group_ce=3.6277
[LOSS-AUX]  cls_pa=3.0586 cls_dac=0.0000 pa_joint_inv=0.3455 pa_kl=2.8192 dac_reg=0.0000 pa_reg=0.0152 gap_dac=0.0000 gap_pa=0.2463 cos_joint_pa=0.6545 cos_imp_pa=nan
[LOSS-SAT]  cls_sat=10.0316 sat_cons=0.7264 sat_cos=0.2736
[LOSS-DG]   proto=0.0000 proto_cos=nan supcon=0.0000 fishr=0.0021 sgc_res=0.0000
[LOSS-CAL]  ecc=0.0000 ecc_w=0.0000 ecc_tau=0.9115 ecc_maxp=nan
[TRAIN] tx=79.81% dom=68.80% cons_cos=0.7874
[GRAD]  total=3.283 backbone=1.000 aux=0.750 domain=0.498
[VAL]   tx=98.12% dom=88.81%
[TEST]  overall_tx=86.41% (176286/204000)
[TEST-SPLIT]
          unseen_day_seen_rx(days=['2021_03_15', '2021_03_23'], rxs=[0, 1, 2, 3, 4, 5, 6]): tx=90.91% (76365/84000)
          seen_day_unseen_rx(days=['2021_03_01', '2021_03_08'], rxs=[7, 8, 9, 10, 11]): tx=86.04% (51623/60000)
          unseen_day_unseen_rx(days=['2021_03_15', '2021_03_23'], rxs=[7, 8, 9, 10, 11]): tx=80.50% (48298/60000)
          day=2021_03_15 on seen_rxs=[0, 1, 2, 3, 4, 5, 6]: tx=92.74% (38950/42000)
          day=2021_03_23 on seen_rxs=[0, 1, 2, 3, 4, 5, 6]: tx=89.08% (37415/42000)
          rx=7 on seen_days=['2021_03_01', '2021_03_08']: tx=80.03% (9604/12000)
          rx=8 on seen_days=['2021_03_01', '2021_03_08']: tx=81.28% (9754/12000)
          rx=9 on seen_days=['2021_03_01', '2021_03_08']: tx=88.02% (10562/12000)
          rx=10 on seen_days=['2021_03_01', '2021_03_08']: tx=92.17% (11061/12000)
          rx=11 on seen_days=['2021_03_01', '2021_03_08']: tx=88.68% (10642/12000)
[BEST-JOINT]  val_tx=98.63% & test_tx=88.73% @ E044
[CKPT]  latest -> finalist_runs/D4_domain_no_pa_no_stats_seed1337/latest_model.pth (saved) | best -> finalist_runs/D4_domain_no_pa_no_stats_seed1337/best_model_val.pth
====================================================================================================================================
[SAT-TEST] scenario=clear_leo selected=test_unseen_day_unseen_rx overall_tx=41.29% strict_udu=41.29% (24773/60000)
[SAT-TEST] scenario=low_elev_leo selected=test_unseen_day_unseen_rx overall_tx=40.32% strict_udu=40.32% (24190/60000)
[SAT-TEST] scenario=rain_leo selected=test_unseen_day_unseen_rx overall_tx=39.87% strict_udu=39.87% (23921/60000)
[SAT-TEST] scenario=storm_mp selected=test_unseen_day_unseen_rx overall_tx=35.38% strict_udu=35.38% (21228/60000)
[SAT-TEST] scenario=mixed_orbit selected=test_unseen_day_unseen_rx overall_tx=37.91% strict_udu=37.91% (22749/60000)
[BEST-TEST] overall=89.75% @ E039 -> finalist_runs/D4_domain_no_pa_no_stats_seed1337/best_model_test_overall.pth | unseen_day_unseen_rx=84.12% @ E043 -> finalist_runs/D4_domain_no_pa_no_stats_seed1337/best_model_strict_udu.pth | unseen_day_seen_rx=93.77% @ E039 | seen_day_unseen_rx=90.17% @ E039
[BEST-PRIMARY] score=85.92 @ E043 -> finalist_runs/D4_domain_no_pa_no_stats_seed1337/best_model_primary_ood.pth | overall=89.26% strict_udu=84.12%
[BEST-WORST-RX] worst_rx=81.94% (test_rx_8) @ E046 -> finalist_runs/D4_domain_no_pa_no_stats_seed1337/best_model_worst_rx.pth
====================================================================================================================================
[Epoch 048/200] time=80.4s | lr=1.73e-04 | aux_scale=1.000
[STAGE] phase=S2_stabilize_aux | use_aux=1.0 cons=0.36 cls_aux=0.31 reg=0.48 joint_inv=0.21 kl=0.25 group_ce=0.79
[MIXSTYLE-EPOCH] phase=base enabled=1 p=0.150 strength=0.650 anneal_t=0.000
[AUG] scale=0.350 | p_dac=0.000 p_pa=0.049 p_shift=0.122 p_cfo=0.122 p_awgn=0.140 p_mp=0.063 | max_shift=11 cfo_max=0.00014 pn_max=0.0021
------------------------------------------------------------------------------------------------------------------------------------
[LOSS-CORE] total=5.1009 cls=2.0835 dom=0.7886 adv=2.6127 orth=0.0017 cons=0.2077 group_ce=3.2114
[LOSS-AUX]  cls_pa=3.1036 cls_dac=0.0000 pa_joint_inv=0.3565 pa_kl=2.8509 dac_reg=0.0000 pa_reg=0.0157 gap_dac=0.0000 gap_pa=0.2559 cos_joint_pa=0.6435 cos_imp_pa=nan
[LOSS-SAT]  cls_sat=9.9688 sat_cons=0.7378 sat_cos=0.2622
[LOSS-DG]   proto=0.0000 proto_cos=nan supcon=0.0000 fishr=0.0019 sgc_res=0.0000
[LOSS-CAL]  ecc=0.0000 ecc_w=0.0000 ecc_tau=0.9166 ecc_maxp=nan
[TRAIN] tx=82.84% dom=71.05% cons_cos=0.7923
[GRAD]  total=3.418 backbone=1.000 aux=0.750 domain=0.496
[VAL]   tx=98.62% dom=87.62%
[TEST]  overall_tx=89.74% (183074/204000)
[TEST-SPLIT]
          unseen_day_seen_rx(days=['2021_03_15', '2021_03_23'], rxs=[0, 1, 2, 3, 4, 5, 6]): tx=93.12% (78221/84000)
          seen_day_unseen_rx(days=['2021_03_01', '2021_03_08'], rxs=[7, 8, 9, 10, 11]): tx=90.05% (54028/60000)
          unseen_day_unseen_rx(days=['2021_03_15', '2021_03_23'], rxs=[7, 8, 9, 10, 11]): tx=84.71% (50825/60000)
          day=2021_03_15 on seen_rxs=[0, 1, 2, 3, 4, 5, 6]: tx=93.87% (39424/42000)
          day=2021_03_23 on seen_rxs=[0, 1, 2, 3, 4, 5, 6]: tx=92.37% (38797/42000)
          rx=7 on seen_days=['2021_03_01', '2021_03_08']: tx=85.22% (10227/12000)
          rx=8 on seen_days=['2021_03_01', '2021_03_08']: tx=83.24% (9989/12000)
          rx=9 on seen_days=['2021_03_01', '2021_03_08']: tx=92.71% (11125/12000)
          rx=10 on seen_days=['2021_03_01', '2021_03_08']: tx=93.47% (11216/12000)
          rx=11 on seen_days=['2021_03_01', '2021_03_08']: tx=95.59% (11471/12000)
[BEST-JOINT]  val_tx=98.63% & test_tx=88.73% @ E044
[CKPT]  latest -> finalist_runs/D4_domain_no_pa_no_stats_seed1337/latest_model.pth (saved) | best -> finalist_runs/D4_domain_no_pa_no_stats_seed1337/best_model_val.pth
====================================================================================================================================
[SAT-TEST] scenario=clear_leo selected=test_unseen_day_unseen_rx overall_tx=43.22% strict_udu=43.22% (25934/60000)
[SAT-TEST] scenario=low_elev_leo selected=test_unseen_day_unseen_rx overall_tx=43.11% strict_udu=43.11% (25864/60000)
[SAT-TEST] scenario=rain_leo selected=test_unseen_day_unseen_rx overall_tx=41.63% strict_udu=41.63% (24981/60000)
[SAT-TEST] scenario=storm_mp selected=test_unseen_day_unseen_rx overall_tx=36.15% strict_udu=36.15% (21687/60000)
[SAT-TEST] scenario=mixed_orbit selected=test_unseen_day_unseen_rx overall_tx=39.01% strict_udu=39.01% (23403/60000)
[BEST-TEST] overall=89.75% @ E039 -> finalist_runs/D4_domain_no_pa_no_stats_seed1337/best_model_test_overall.pth | unseen_day_unseen_rx=84.71% @ E048 -> finalist_runs/D4_domain_no_pa_no_stats_seed1337/best_model_strict_udu.pth | unseen_day_seen_rx=93.77% @ E039 | seen_day_unseen_rx=90.17% @ E039
[BEST-PRIMARY] score=86.47 @ E048 -> finalist_runs/D4_domain_no_pa_no_stats_seed1337/best_model_primary_ood.pth | overall=89.74% strict_udu=84.71%
[BEST-WORST-RX] worst_rx=83.24% (test_rx_8) @ E048 -> finalist_runs/D4_domain_no_pa_no_stats_seed1337/best_model_worst_rx.pth
====================================================================================================================================
[Epoch 049/200] time=82.2s | lr=1.72e-04 | aux_scale=1.000
[STAGE] phase=S2_stabilize_aux | use_aux=1.0 cons=0.37 cls_aux=0.32 reg=0.49 joint_inv=0.21 kl=0.26 group_ce=0.79
[MIXSTYLE-EPOCH] phase=base enabled=1 p=0.150 strength=0.650 anneal_t=0.000
[AUG] scale=0.350 | p_dac=0.000 p_pa=0.049 p_shift=0.122 p_cfo=0.122 p_awgn=0.140 p_mp=0.063 | max_shift=11 cfo_max=0.00014 pn_max=0.0021
------------------------------------------------------------------------------------------------------------------------------------
[LOSS-CORE] total=4.9242 cls=1.9160 dom=0.7587 adv=2.6187 orth=0.0021 cons=0.1966 group_ce=3.0773
[LOSS-AUX]  cls_pa=3.1623 cls_dac=0.0000 pa_joint_inv=0.3446 pa_kl=2.8949 dac_reg=0.0000 pa_reg=0.0152 gap_dac=0.0000 gap_pa=0.2524 cos_joint_pa=0.6554 cos_imp_pa=nan
[LOSS-SAT]  cls_sat=10.1208 sat_cons=0.7369 sat_cos=0.2631
[LOSS-DG]   proto=0.0000 proto_cos=nan supcon=0.0000 fishr=0.0018 sgc_res=0.0000
[LOSS-CAL]  ecc=0.0000 ecc_w=0.0000 ecc_tau=0.9214 ecc_maxp=nan
[TRAIN] tx=84.01% dom=71.75% cons_cos=0.8034
[GRAD]  total=3.525 backbone=1.000 aux=0.750 domain=0.498
[VAL]   tx=98.32% dom=88.30%
[TEST]  overall_tx=87.14% (177762/204000)
[TEST-SPLIT]
          unseen_day_seen_rx(days=['2021_03_15', '2021_03_23'], rxs=[0, 1, 2, 3, 4, 5, 6]): tx=92.40% (77616/84000)
          seen_day_unseen_rx(days=['2021_03_01', '2021_03_08'], rxs=[7, 8, 9, 10, 11]): tx=85.78% (51469/60000)
          unseen_day_unseen_rx(days=['2021_03_15', '2021_03_23'], rxs=[7, 8, 9, 10, 11]): tx=81.13% (48677/60000)
          day=2021_03_15 on seen_rxs=[0, 1, 2, 3, 4, 5, 6]: tx=93.06% (39087/42000)
          day=2021_03_23 on seen_rxs=[0, 1, 2, 3, 4, 5, 6]: tx=91.74% (38529/42000)
          rx=7 on seen_days=['2021_03_01', '2021_03_08']: tx=74.80% (8976/12000)
          rx=8 on seen_days=['2021_03_01', '2021_03_08']: tx=81.50% (9780/12000)
          rx=9 on seen_days=['2021_03_01', '2021_03_08']: tx=89.29% (10715/12000)
          rx=10 on seen_days=['2021_03_01', '2021_03_08']: tx=91.80% (11016/12000)
          rx=11 on seen_days=['2021_03_01', '2021_03_08']: tx=91.52% (10982/12000)
[BEST-JOINT]  val_tx=98.63% & test_tx=88.73% @ E044
[CKPT]  latest -> finalist_runs/D4_domain_no_pa_no_stats_seed1337/latest_model.pth (saved) | best -> finalist_runs/D4_domain_no_pa_no_stats_seed1337/best_model_val.pth
====================================================================================================================================
[SAT-TEST] scenario=clear_leo selected=test_unseen_day_unseen_rx overall_tx=40.86% strict_udu=40.86% (24514/60000)
[SAT-TEST] scenario=low_elev_leo selected=test_unseen_day_unseen_rx overall_tx=41.04% strict_udu=41.04% (24623/60000)
[SAT-TEST] scenario=rain_leo selected=test_unseen_day_unseen_rx overall_tx=39.55% strict_udu=39.55% (23733/60000)
[SAT-TEST] scenario=storm_mp selected=test_unseen_day_unseen_rx overall_tx=35.25% strict_udu=35.25% (21148/60000)
[SAT-TEST] scenario=mixed_orbit selected=test_unseen_day_unseen_rx overall_tx=36.32% strict_udu=36.32% (21793/60000)
[BEST-TEST] overall=89.75% @ E039 -> finalist_runs/D4_domain_no_pa_no_stats_seed1337/best_model_test_overall.pth | unseen_day_unseen_rx=84.71% @ E048 -> finalist_runs/D4_domain_no_pa_no_stats_seed1337/best_model_strict_udu.pth | unseen_day_seen_rx=93.77% @ E039 | seen_day_unseen_rx=90.17% @ E039
[BEST-PRIMARY] score=86.47 @ E048 -> finalist_runs/D4_domain_no_pa_no_stats_seed1337/best_model_primary_ood.pth | overall=89.74% strict_udu=84.71%
[BEST-WORST-RX] worst_rx=83.24% (test_rx_8) @ E048 -> finalist_runs/D4_domain_no_pa_no_stats_seed1337/best_model_worst_rx.pth
====================================================================================================================================
[Epoch 050/200] time=81.0s | lr=1.71e-04 | aux_scale=1.000
[STAGE] phase=S2_stabilize_aux | use_aux=1.0 cons=0.38 cls_aux=0.33 reg=0.50 joint_inv=0.22 kl=0.27 group_ce=0.80
[MIXSTYLE-EPOCH] phase=base enabled=1 p=0.150 strength=0.650 anneal_t=0.000
[AUG] scale=0.350 | p_dac=0.000 p_pa=0.049 p_shift=0.122 p_cfo=0.122 p_awgn=0.140 p_mp=0.063 | max_shift=11 cfo_max=0.00014 pn_max=0.0021
------------------------------------------------------------------------------------------------------------------------------------
[LOSS-CORE] total=5.3443 cls=2.2652 dom=0.8025 adv=2.6167 orth=0.0021 cons=0.2069 group_ce=3.5527
[LOSS-AUX]  cls_pa=2.9285 cls_dac=0.0000 pa_joint_inv=0.3333 pa_kl=2.6699 dac_reg=0.0000 pa_reg=0.0154 gap_dac=0.0000 gap_pa=0.2521 cos_joint_pa=0.6667 cos_imp_pa=nan
[LOSS-SAT]  cls_sat=10.0310 sat_cons=0.7266 sat_cos=0.2734
[LOSS-DG]   proto=0.0000 proto_cos=nan supcon=0.0000 fishr=0.0021 sgc_res=0.0000
[LOSS-CAL]  ecc=0.0000 ecc_w=0.0000 ecc_tau=0.9258 ecc_maxp=nan
[TRAIN] tx=81.03% dom=70.50% cons_cos=0.7931
[GRAD]  total=3.258 backbone=1.000 aux=0.750 domain=0.497
[VAL]   tx=98.71% dom=89.07%
[TEST]  overall_tx=89.77% (183130/204000)
[TEST-SPLIT]
          unseen_day_seen_rx(days=['2021_03_15', '2021_03_23'], rxs=[0, 1, 2, 3, 4, 5, 6]): tx=93.59% (78615/84000)
          seen_day_unseen_rx(days=['2021_03_01', '2021_03_08'], rxs=[7, 8, 9, 10, 11]): tx=89.75% (53849/60000)
          unseen_day_unseen_rx(days=['2021_03_15', '2021_03_23'], rxs=[7, 8, 9, 10, 11]): tx=84.44% (50666/60000)
          day=2021_03_15 on seen_rxs=[0, 1, 2, 3, 4, 5, 6]: tx=93.78% (39387/42000)
          day=2021_03_23 on seen_rxs=[0, 1, 2, 3, 4, 5, 6]: tx=93.40% (39228/42000)
          rx=7 on seen_days=['2021_03_01', '2021_03_08']: tx=81.33% (9759/12000)
          rx=8 on seen_days=['2021_03_01', '2021_03_08']: tx=83.29% (9995/12000)
          rx=9 on seen_days=['2021_03_01', '2021_03_08']: tx=91.92% (11030/12000)
          rx=10 on seen_days=['2021_03_01', '2021_03_08']: tx=95.97% (11516/12000)
          rx=11 on seen_days=['2021_03_01', '2021_03_08']: tx=96.24% (11549/12000)
[BEST-JOINT]  val_tx=98.71% & test_tx=89.77% @ E050
[CKPT]  latest -> finalist_runs/D4_domain_no_pa_no_stats_seed1337/latest_model.pth (saved) | best -> finalist_runs/D4_domain_no_pa_no_stats_seed1337/best_model_val.pth (updated: val improved)
====================================================================================================================================
[SAT-TEST] scenario=clear_leo selected=test_unseen_day_unseen_rx overall_tx=42.09% strict_udu=42.09% (25252/60000)
[SAT-TEST] scenario=low_elev_leo selected=test_unseen_day_unseen_rx overall_tx=41.46% strict_udu=41.46% (24877/60000)
[SAT-TEST] scenario=rain_leo selected=test_unseen_day_unseen_rx overall_tx=40.43% strict_udu=40.43% (24259/60000)
[SAT-TEST] scenario=storm_mp selected=test_unseen_day_unseen_rx overall_tx=36.25% strict_udu=36.25% (21749/60000)
[SAT-TEST] scenario=mixed_orbit selected=test_unseen_day_unseen_rx overall_tx=39.12% strict_udu=39.12% (23473/60000)
[BEST-TEST] overall=89.77% @ E050 -> finalist_runs/D4_domain_no_pa_no_stats_seed1337/best_model_test_overall.pth | unseen_day_unseen_rx=84.71% @ E048 -> finalist_runs/D4_domain_no_pa_no_stats_seed1337/best_model_strict_udu.pth | unseen_day_seen_rx=93.77% @ E039 | seen_day_unseen_rx=90.17% @ E039
[BEST-PRIMARY] score=86.47 @ E048 -> finalist_runs/D4_domain_no_pa_no_stats_seed1337/best_model_primary_ood.pth | overall=89.74% strict_udu=84.71%
[BEST-WORST-RX] worst_rx=83.24% (test_rx_8) @ E048 -> finalist_runs/D4_domain_no_pa_no_stats_seed1337/best_model_worst_rx.pth
====================================================================================================================================
[Epoch 051/200] time=84.0s | lr=1.70e-04 | aux_scale=1.000
[STAGE] phase=S2_stabilize_aux | use_aux=1.0 cons=0.39 cls_aux=0.34 reg=0.51 joint_inv=0.22 kl=0.27 group_ce=0.80
[MIXSTYLE-EPOCH] phase=base enabled=1 p=0.150 strength=0.650 anneal_t=0.000
[AUG] scale=0.350 | p_dac=0.000 p_pa=0.049 p_shift=0.122 p_cfo=0.122 p_awgn=0.140 p_mp=0.063 | max_shift=11 cfo_max=0.00014 pn_max=0.0021
------------------------------------------------------------------------------------------------------------------------------------
[LOSS-CORE] total=5.6150 cls=2.4556 dom=0.8603 adv=2.6141 orth=0.0021 cons=0.2113 group_ce=3.6519
[LOSS-AUX]  cls_pa=3.0863 cls_dac=0.0000 pa_joint_inv=0.3441 pa_kl=2.8226 dac_reg=0.0000 pa_reg=0.0153 gap_dac=0.0000 gap_pa=0.2520 cos_joint_pa=0.6559 cos_imp_pa=nan
[LOSS-SAT]  cls_sat=9.9063 sat_cons=0.7140 sat_cos=0.2860
[LOSS-DG]   proto=0.0000 proto_cos=nan supcon=0.0000 fishr=0.0020 sgc_res=0.0000
[LOSS-CAL]  ecc=0.0000 ecc_w=0.0000 ecc_tau=0.9299 ecc_maxp=nan
[TRAIN] tx=79.53% dom=68.82% cons_cos=0.7887
[GRAD]  total=3.708 backbone=1.000 aux=0.750 domain=0.496
[VAL]   tx=98.72% dom=88.09%
[TEST]  overall_tx=89.09% (181749/204000)
[TEST-SPLIT]
          unseen_day_seen_rx(days=['2021_03_15', '2021_03_23'], rxs=[0, 1, 2, 3, 4, 5, 6]): tx=93.02% (78134/84000)
          seen_day_unseen_rx(days=['2021_03_01', '2021_03_08'], rxs=[7, 8, 9, 10, 11]): tx=88.98% (53388/60000)
          unseen_day_unseen_rx(days=['2021_03_15', '2021_03_23'], rxs=[7, 8, 9, 10, 11]): tx=83.71% (50227/60000)
          day=2021_03_15 on seen_rxs=[0, 1, 2, 3, 4, 5, 6]: tx=93.91% (39441/42000)
          day=2021_03_23 on seen_rxs=[0, 1, 2, 3, 4, 5, 6]: tx=92.13% (38693/42000)
          rx=7 on seen_days=['2021_03_01', '2021_03_08']: tx=83.62% (10034/12000)
          rx=8 on seen_days=['2021_03_01', '2021_03_08']: tx=82.38% (9886/12000)
          rx=9 on seen_days=['2021_03_01', '2021_03_08']: tx=90.96% (10915/12000)
          rx=10 on seen_days=['2021_03_01', '2021_03_08']: tx=94.47% (11336/12000)
          rx=11 on seen_days=['2021_03_01', '2021_03_08']: tx=93.47% (11217/12000)
[BEST-JOINT]  val_tx=98.72% & test_tx=89.09% @ E051
[CKPT]  latest -> finalist_runs/D4_domain_no_pa_no_stats_seed1337/latest_model.pth (saved) | best -> finalist_runs/D4_domain_no_pa_no_stats_seed1337/best_model_val.pth (updated: val improved)
====================================================================================================================================
[SAT-TEST] scenario=clear_leo selected=test_unseen_day_unseen_rx overall_tx=42.55% strict_udu=42.55% (25532/60000)
[SAT-TEST] scenario=low_elev_leo selected=test_unseen_day_unseen_rx overall_tx=42.99% strict_udu=42.99% (25792/60000)
[SAT-TEST] scenario=rain_leo selected=test_unseen_day_unseen_rx overall_tx=40.91% strict_udu=40.91% (24545/60000)
[SAT-TEST] scenario=storm_mp selected=test_unseen_day_unseen_rx overall_tx=36.31% strict_udu=36.31% (21785/60000)
[SAT-TEST] scenario=mixed_orbit selected=test_unseen_day_unseen_rx overall_tx=38.18% strict_udu=38.18% (22908/60000)
[BEST-TEST] overall=89.77% @ E050 -> finalist_runs/D4_domain_no_pa_no_stats_seed1337/best_model_test_overall.pth | unseen_day_unseen_rx=84.71% @ E048 -> finalist_runs/D4_domain_no_pa_no_stats_seed1337/best_model_strict_udu.pth | unseen_day_seen_rx=93.77% @ E039 | seen_day_unseen_rx=90.17% @ E039
[BEST-PRIMARY] score=86.47 @ E048 -> finalist_runs/D4_domain_no_pa_no_stats_seed1337/best_model_primary_ood.pth | overall=89.74% strict_udu=84.71%
[BEST-WORST-RX] worst_rx=83.24% (test_rx_8) @ E048 -> finalist_runs/D4_domain_no_pa_no_stats_seed1337/best_model_worst_rx.pth
====================================================================================================================================
[Epoch 052/200] time=82.0s | lr=1.69e-04 | aux_scale=1.000
[STAGE] phase=S2_stabilize_aux | use_aux=1.0 cons=0.40 cls_aux=0.35 reg=0.51 joint_inv=0.22 kl=0.28 group_ce=0.81
[MIXSTYLE-EPOCH] phase=base enabled=1 p=0.150 strength=0.650 anneal_t=0.000
[AUG] scale=0.350 | p_dac=0.000 p_pa=0.049 p_shift=0.122 p_cfo=0.122 p_awgn=0.140 p_mp=0.063 | max_shift=11 cfo_max=0.00014 pn_max=0.0021
------------------------------------------------------------------------------------------------------------------------------------
[LOSS-CORE] total=5.5229 cls=2.3814 dom=0.8432 adv=2.6188 orth=0.0018 cons=0.2238 group_ce=3.6219
[LOSS-AUX]  cls_pa=2.7858 cls_dac=0.0000 pa_joint_inv=0.3263 pa_kl=2.5332 dac_reg=0.0000 pa_reg=0.0150 gap_dac=0.0000 gap_pa=0.2476 cos_joint_pa=0.6737 cos_imp_pa=nan
[LOSS-SAT]  cls_sat=9.9958 sat_cons=0.7299 sat_cos=0.2701
[LOSS-DG]   proto=0.0000 proto_cos=nan supcon=0.0000 fishr=0.0021 sgc_res=0.0000
[LOSS-CAL]  ecc=0.0000 ecc_w=0.0000 ecc_tau=0.9337 ecc_maxp=nan
[TRAIN] tx=80.47% dom=68.58% cons_cos=0.7762
[GRAD]  total=3.742 backbone=1.000 aux=0.750 domain=0.499
[VAL]   tx=98.56% dom=88.59%
[TEST]  overall_tx=87.90% (179319/204000)
[TEST-SPLIT]
          unseen_day_seen_rx(days=['2021_03_15', '2021_03_23'], rxs=[0, 1, 2, 3, 4, 5, 6]): tx=92.33% (77558/84000)
          seen_day_unseen_rx(days=['2021_03_01', '2021_03_08'], rxs=[7, 8, 9, 10, 11]): tx=87.42% (52454/60000)
          unseen_day_unseen_rx(days=['2021_03_15', '2021_03_23'], rxs=[7, 8, 9, 10, 11]): tx=82.18% (49307/60000)
          day=2021_03_15 on seen_rxs=[0, 1, 2, 3, 4, 5, 6]: tx=93.74% (39369/42000)
          day=2021_03_23 on seen_rxs=[0, 1, 2, 3, 4, 5, 6]: tx=90.93% (38189/42000)
          rx=7 on seen_days=['2021_03_01', '2021_03_08']: tx=82.92% (9951/12000)
          rx=8 on seen_days=['2021_03_01', '2021_03_08']: tx=81.80% (9816/12000)
          rx=9 on seen_days=['2021_03_01', '2021_03_08']: tx=89.99% (10799/12000)
          rx=10 on seen_days=['2021_03_01', '2021_03_08']: tx=91.38% (10965/12000)
          rx=11 on seen_days=['2021_03_01', '2021_03_08']: tx=91.03% (10923/12000)
[BEST-JOINT]  val_tx=98.72% & test_tx=89.09% @ E051
[CKPT]  latest -> finalist_runs/D4_domain_no_pa_no_stats_seed1337/latest_model.pth (saved) | best -> finalist_runs/D4_domain_no_pa_no_stats_seed1337/best_model_val.pth
====================================================================================================================================
[SAT-TEST] scenario=clear_leo selected=test_unseen_day_unseen_rx overall_tx=40.51% strict_udu=40.51% (24308/60000)
[SAT-TEST] scenario=low_elev_leo selected=test_unseen_day_unseen_rx overall_tx=40.91% strict_udu=40.91% (24547/60000)
[SAT-TEST] scenario=rain_leo selected=test_unseen_day_unseen_rx overall_tx=39.28% strict_udu=39.28% (23566/60000)
[SAT-TEST] scenario=storm_mp selected=test_unseen_day_unseen_rx overall_tx=35.34% strict_udu=35.34% (21203/60000)
[SAT-TEST] scenario=mixed_orbit selected=test_unseen_day_unseen_rx overall_tx=36.63% strict_udu=36.63% (21979/60000)
[BEST-TEST] overall=89.77% @ E050 -> finalist_runs/D4_domain_no_pa_no_stats_seed1337/best_model_test_overall.pth | unseen_day_unseen_rx=84.71% @ E048 -> finalist_runs/D4_domain_no_pa_no_stats_seed1337/best_model_strict_udu.pth | unseen_day_seen_rx=93.77% @ E039 | seen_day_unseen_rx=90.17% @ E039
[BEST-PRIMARY] score=86.47 @ E048 -> finalist_runs/D4_domain_no_pa_no_stats_seed1337/best_model_primary_ood.pth | overall=89.74% strict_udu=84.71%
[BEST-WORST-RX] worst_rx=83.24% (test_rx_8) @ E048 -> finalist_runs/D4_domain_no_pa_no_stats_seed1337/best_model_worst_rx.pth
====================================================================================================================================
[Epoch 053/200] time=80.0s | lr=1.67e-04 | aux_scale=1.000
[STAGE] phase=S2_stabilize_aux | use_aux=1.0 cons=0.41 cls_aux=0.36 reg=0.52 joint_inv=0.23 kl=0.28 group_ce=0.81
[MIXSTYLE-EPOCH] phase=base enabled=1 p=0.150 strength=0.650 anneal_t=0.000
[AUG] scale=0.350 | p_dac=0.000 p_pa=0.049 p_shift=0.122 p_cfo=0.122 p_awgn=0.140 p_mp=0.063 | max_shift=11 cfo_max=0.00014 pn_max=0.0021
------------------------------------------------------------------------------------------------------------------------------------
[LOSS-CORE] total=5.2669 cls=2.1782 dom=0.8153 adv=2.6182 orth=0.0019 cons=0.1997 group_ce=3.2816
[LOSS-AUX]  cls_pa=2.7262 cls_dac=0.0000 pa_joint_inv=0.3208 pa_kl=2.4987 dac_reg=0.0000 pa_reg=0.0152 gap_dac=0.0000 gap_pa=0.2595 cos_joint_pa=0.6792 cos_imp_pa=nan
[LOSS-SAT]  cls_sat=9.9286 sat_cons=0.7163 sat_cos=0.2837
[LOSS-DG]   proto=0.0000 proto_cos=nan supcon=0.0000 fishr=0.0019 sgc_res=0.0000
[LOSS-CAL]  ecc=0.0000 ecc_w=0.0000 ecc_tau=0.9370 ecc_maxp=nan
[TRAIN] tx=81.84% dom=70.61% cons_cos=0.8003
[GRAD]  total=3.425 backbone=1.000 aux=0.750 domain=0.497
[VAL]   tx=98.73% dom=88.78%
[TEST]  overall_tx=88.61% (180773/204000)
[TEST-SPLIT]
          unseen_day_seen_rx(days=['2021_03_15', '2021_03_23'], rxs=[0, 1, 2, 3, 4, 5, 6]): tx=93.32% (78392/84000)
          seen_day_unseen_rx(days=['2021_03_01', '2021_03_08'], rxs=[7, 8, 9, 10, 11]): tx=88.11% (52863/60000)
          unseen_day_unseen_rx(days=['2021_03_15', '2021_03_23'], rxs=[7, 8, 9, 10, 11]): tx=82.53% (49518/60000)
          day=2021_03_15 on seen_rxs=[0, 1, 2, 3, 4, 5, 6]: tx=93.52% (39277/42000)
          day=2021_03_23 on seen_rxs=[0, 1, 2, 3, 4, 5, 6]: tx=93.13% (39115/42000)
          rx=7 on seen_days=['2021_03_01', '2021_03_08']: tx=83.63% (10036/12000)
          rx=8 on seen_days=['2021_03_01', '2021_03_08']: tx=77.94% (9353/12000)
          rx=9 on seen_days=['2021_03_01', '2021_03_08']: tx=91.03% (10923/12000)
          rx=10 on seen_days=['2021_03_01', '2021_03_08']: tx=93.68% (11242/12000)
          rx=11 on seen_days=['2021_03_01', '2021_03_08']: tx=94.24% (11309/12000)
[BEST-JOINT]  val_tx=98.73% & test_tx=88.61% @ E053
[CKPT]  latest -> finalist_runs/D4_domain_no_pa_no_stats_seed1337/latest_model.pth (saved) | best -> finalist_runs/D4_domain_no_pa_no_stats_seed1337/best_model_val.pth (updated: val improved)
====================================================================================================================================
[SAT-TEST] scenario=clear_leo selected=test_unseen_day_unseen_rx overall_tx=40.63% strict_udu=40.63% (24379/60000)
[SAT-TEST] scenario=low_elev_leo selected=test_unseen_day_unseen_rx overall_tx=39.99% strict_udu=39.99% (23996/60000)
[SAT-TEST] scenario=rain_leo selected=test_unseen_day_unseen_rx overall_tx=38.51% strict_udu=38.51% (23106/60000)
[SAT-TEST] scenario=storm_mp selected=test_unseen_day_unseen_rx overall_tx=33.80% strict_udu=33.80% (20280/60000)
[SAT-TEST] scenario=mixed_orbit selected=test_unseen_day_unseen_rx overall_tx=36.41% strict_udu=36.41% (21848/60000)
[BEST-TEST] overall=89.77% @ E050 -> finalist_runs/D4_domain_no_pa_no_stats_seed1337/best_model_test_overall.pth | unseen_day_unseen_rx=84.71% @ E048 -> finalist_runs/D4_domain_no_pa_no_stats_seed1337/best_model_strict_udu.pth | unseen_day_seen_rx=93.77% @ E039 | seen_day_unseen_rx=90.17% @ E039
[BEST-PRIMARY] score=86.47 @ E048 -> finalist_runs/D4_domain_no_pa_no_stats_seed1337/best_model_primary_ood.pth | overall=89.74% strict_udu=84.71%
[BEST-WORST-RX] worst_rx=83.24% (test_rx_8) @ E048 -> finalist_runs/D4_domain_no_pa_no_stats_seed1337/best_model_worst_rx.pth
====================================================================================================================================
[Epoch 054/200] time=80.8s | lr=1.66e-04 | aux_scale=1.000
[STAGE] phase=S2_stabilize_aux | use_aux=1.0 cons=0.42 cls_aux=0.37 reg=0.53 joint_inv=0.23 kl=0.29 group_ce=0.82
[MIXSTYLE-EPOCH] phase=base enabled=1 p=0.150 strength=0.650 anneal_t=0.000
[AUG] scale=0.350 | p_dac=0.000 p_pa=0.049 p_shift=0.122 p_cfo=0.122 p_awgn=0.140 p_mp=0.063 | max_shift=11 cfo_max=0.00014 pn_max=0.0021
------------------------------------------------------------------------------------------------------------------------------------
[LOSS-CORE] total=5.4390 cls=2.2953 dom=0.8229 adv=2.6176 orth=0.0019 cons=0.2098 group_ce=3.5781
[LOSS-AUX]  cls_pa=2.8470 cls_dac=0.0000 pa_joint_inv=0.3253 pa_kl=2.6295 dac_reg=0.0000 pa_reg=0.0156 gap_dac=0.0000 gap_pa=0.2596 cos_joint_pa=0.6747 cos_imp_pa=nan
[LOSS-SAT]  cls_sat=9.9126 sat_cons=0.7185 sat_cos=0.2815
[LOSS-DG]   proto=0.0000 proto_cos=nan supcon=0.0000 fishr=0.0021 sgc_res=0.0000
[LOSS-CAL]  ecc=0.0000 ecc_w=0.0000 ecc_tau=0.9400 ecc_maxp=nan
[TRAIN] tx=80.73% dom=69.75% cons_cos=0.7902
[GRAD]  total=3.505 backbone=1.000 aux=0.750 domain=0.495
[VAL]   tx=98.78% dom=89.29%
[TEST]  overall_tx=90.14% (183883/204000)
[TEST-SPLIT]
          unseen_day_seen_rx(days=['2021_03_15', '2021_03_23'], rxs=[0, 1, 2, 3, 4, 5, 6]): tx=93.39% (78444/84000)
          seen_day_unseen_rx(days=['2021_03_01', '2021_03_08'], rxs=[7, 8, 9, 10, 11]): tx=90.29% (54173/60000)
          unseen_day_unseen_rx(days=['2021_03_15', '2021_03_23'], rxs=[7, 8, 9, 10, 11]): tx=85.44% (51266/60000)
          day=2021_03_15 on seen_rxs=[0, 1, 2, 3, 4, 5, 6]: tx=94.33% (39619/42000)
          day=2021_03_23 on seen_rxs=[0, 1, 2, 3, 4, 5, 6]: tx=92.44% (38825/42000)
          rx=7 on seen_days=['2021_03_01', '2021_03_08']: tx=86.42% (10371/12000)
          rx=8 on seen_days=['2021_03_01', '2021_03_08']: tx=83.53% (10024/12000)
          rx=9 on seen_days=['2021_03_01', '2021_03_08']: tx=92.20% (11064/12000)
          rx=10 on seen_days=['2021_03_01', '2021_03_08']: tx=92.89% (11147/12000)
          rx=11 on seen_days=['2021_03_01', '2021_03_08']: tx=96.39% (11567/12000)
[BEST-JOINT]  val_tx=98.78% & test_tx=90.14% @ E054
[CKPT]  latest -> finalist_runs/D4_domain_no_pa_no_stats_seed1337/latest_model.pth (saved) | best -> finalist_runs/D4_domain_no_pa_no_stats_seed1337/best_model_val.pth (updated: val improved)
====================================================================================================================================
[SAT-TEST] scenario=clear_leo selected=test_unseen_day_unseen_rx overall_tx=43.33% strict_udu=43.33% (25998/60000)
[SAT-TEST] scenario=low_elev_leo selected=test_unseen_day_unseen_rx overall_tx=42.48% strict_udu=42.48% (25485/60000)
[SAT-TEST] scenario=rain_leo selected=test_unseen_day_unseen_rx overall_tx=41.04% strict_udu=41.04% (24625/60000)
[SAT-TEST] scenario=storm_mp selected=test_unseen_day_unseen_rx overall_tx=36.17% strict_udu=36.17% (21700/60000)
[SAT-TEST] scenario=mixed_orbit selected=test_unseen_day_unseen_rx overall_tx=39.86% strict_udu=39.86% (23918/60000)
[BEST-TEST] overall=90.14% @ E054 -> finalist_runs/D4_domain_no_pa_no_stats_seed1337/best_model_test_overall.pth | unseen_day_unseen_rx=85.44% @ E054 -> finalist_runs/D4_domain_no_pa_no_stats_seed1337/best_model_strict_udu.pth | unseen_day_seen_rx=93.77% @ E039 | seen_day_unseen_rx=90.29% @ E054
[BEST-PRIMARY] score=87.09 @ E054 -> finalist_runs/D4_domain_no_pa_no_stats_seed1337/best_model_primary_ood.pth | overall=90.14% strict_udu=85.44%
[BEST-WORST-RX] worst_rx=83.53% (test_rx_8) @ E054 -> finalist_runs/D4_domain_no_pa_no_stats_seed1337/best_model_worst_rx.pth
[WARN][E055] unsafe backward/step skipped #5
====================================================================================================================================
[Epoch 055/200] time=80.6s | lr=1.65e-04 | aux_scale=1.000
[STAGE] phase=S2_stabilize_aux | use_aux=1.0 cons=0.43 cls_aux=0.38 reg=0.54 joint_inv=0.23 kl=0.30 group_ce=0.83
[MIXSTYLE-EPOCH] phase=base enabled=1 p=0.150 strength=0.650 anneal_t=0.000
[AUG] scale=0.350 | p_dac=0.000 p_pa=0.049 p_shift=0.122 p_cfo=0.122 p_awgn=0.140 p_mp=0.063 | max_shift=11 cfo_max=0.00014 pn_max=0.0021
------------------------------------------------------------------------------------------------------------------------------------
[LOSS-CORE] total=5.4037 cls=2.1757 dom=0.8893 adv=2.6211 orth=0.0020 cons=0.2036 group_ce=3.4396
[LOSS-AUX]  cls_pa=2.8224 cls_dac=0.0000 pa_joint_inv=0.3221 pa_kl=2.5482 dac_reg=0.0000 pa_reg=0.0151 gap_dac=0.0000 gap_pa=0.2642 cos_joint_pa=0.6779 cos_imp_pa=nan
[LOSS-SAT]  cls_sat=10.1037 sat_cons=0.7259 sat_cos=0.2741
[LOSS-DG]   proto=0.0000 proto_cos=nan supcon=0.0000 fishr=0.0021 sgc_res=0.0000
[LOSS-CAL]  ecc=0.0000 ecc_w=0.0000 ecc_tau=0.9427 ecc_maxp=nan
[TRAIN] tx=82.18% dom=70.02% cons_cos=0.7973
[GRAD]  total=3.979 backbone=1.000 aux=0.750 domain=0.497
[VAL]   tx=98.72% dom=89.90%
[TEST]  overall_tx=89.60% (182778/204000)
[TEST-SPLIT]
          unseen_day_seen_rx(days=['2021_03_15', '2021_03_23'], rxs=[0, 1, 2, 3, 4, 5, 6]): tx=93.70% (78705/84000)
          seen_day_unseen_rx(days=['2021_03_01', '2021_03_08'], rxs=[7, 8, 9, 10, 11]): tx=89.41% (53644/60000)
          unseen_day_unseen_rx(days=['2021_03_15', '2021_03_23'], rxs=[7, 8, 9, 10, 11]): tx=84.05% (50429/60000)
          day=2021_03_15 on seen_rxs=[0, 1, 2, 3, 4, 5, 6]: tx=94.23% (39576/42000)
          day=2021_03_23 on seen_rxs=[0, 1, 2, 3, 4, 5, 6]: tx=93.16% (39129/42000)
          rx=7 on seen_days=['2021_03_01', '2021_03_08']: tx=85.75% (10290/12000)
          rx=8 on seen_days=['2021_03_01', '2021_03_08']: tx=80.89% (9707/12000)
          rx=9 on seen_days=['2021_03_01', '2021_03_08']: tx=91.66% (10999/12000)
          rx=10 on seen_days=['2021_03_01', '2021_03_08']: tx=94.85% (11382/12000)
          rx=11 on seen_days=['2021_03_01', '2021_03_08']: tx=93.88% (11266/12000)
[BEST-JOINT]  val_tx=98.78% & test_tx=90.14% @ E054
[CKPT]  latest -> finalist_runs/D4_domain_no_pa_no_stats_seed1337/latest_model.pth (saved) | best -> finalist_runs/D4_domain_no_pa_no_stats_seed1337/best_model_val.pth
====================================================================================================================================
[SAT-TEST] scenario=clear_leo selected=test_unseen_day_unseen_rx overall_tx=41.78% strict_udu=41.78% (25066/60000)
[SAT-TEST] scenario=low_elev_leo selected=test_unseen_day_unseen_rx overall_tx=40.44% strict_udu=40.44% (24266/60000)
[SAT-TEST] scenario=rain_leo selected=test_unseen_day_unseen_rx overall_tx=39.44% strict_udu=39.44% (23666/60000)
[SAT-TEST] scenario=storm_mp selected=test_unseen_day_unseen_rx overall_tx=35.19% strict_udu=35.19% (21114/60000)
[SAT-TEST] scenario=mixed_orbit selected=test_unseen_day_unseen_rx overall_tx=37.95% strict_udu=37.95% (22767/60000)
[BEST-TEST] overall=90.14% @ E054 -> finalist_runs/D4_domain_no_pa_no_stats_seed1337/best_model_test_overall.pth | unseen_day_unseen_rx=85.44% @ E054 -> finalist_runs/D4_domain_no_pa_no_stats_seed1337/best_model_strict_udu.pth | unseen_day_seen_rx=93.77% @ E039 | seen_day_unseen_rx=90.29% @ E054
[BEST-PRIMARY] score=87.09 @ E054 -> finalist_runs/D4_domain_no_pa_no_stats_seed1337/best_model_primary_ood.pth | overall=90.14% strict_udu=85.44%
[BEST-WORST-RX] worst_rx=83.53% (test_rx_8) @ E054 -> finalist_runs/D4_domain_no_pa_no_stats_seed1337/best_model_worst_rx.pth
====================================================================================================================================
[Epoch 056/200] time=80.3s | lr=1.64e-04 | aux_scale=1.000
[STAGE] phase=S2_stabilize_aux | use_aux=1.0 cons=0.44 cls_aux=0.39 reg=0.55 joint_inv=0.24 kl=0.30 group_ce=0.83
[MIXSTYLE-EPOCH] phase=base enabled=1 p=0.150 strength=0.650 anneal_t=0.000
[AUG] scale=0.350 | p_dac=0.000 p_pa=0.049 p_shift=0.122 p_cfo=0.122 p_awgn=0.140 p_mp=0.063 | max_shift=11 cfo_max=0.00014 pn_max=0.0021
------------------------------------------------------------------------------------------------------------------------------------
[LOSS-CORE] total=5.7579 cls=2.5021 dom=0.8946 adv=2.6151 orth=0.0019 cons=0.2163 group_ce=3.8078
[LOSS-AUX]  cls_pa=2.7055 cls_dac=0.0000 pa_joint_inv=0.3123 pa_kl=2.4661 dac_reg=0.0000 pa_reg=0.0153 gap_dac=0.0000 gap_pa=0.2524 cos_joint_pa=0.6877 cos_imp_pa=nan
[LOSS-SAT]  cls_sat=9.9664 sat_cons=0.7114 sat_cos=0.2886
[LOSS-DG]   proto=0.0000 proto_cos=nan supcon=0.0000 fishr=0.0022 sgc_res=0.0000
[LOSS-CAL]  ecc=0.0000 ecc_w=0.0000 ecc_tau=0.9449 ecc_maxp=nan
[TRAIN] tx=79.12% dom=67.49% cons_cos=0.7837
[GRAD]  total=3.818 backbone=1.000 aux=0.750 domain=0.498
[VAL]   tx=98.60% dom=88.52%
[TEST]  overall_tx=88.92% (181398/204000)
[TEST-SPLIT]
          unseen_day_seen_rx(days=['2021_03_15', '2021_03_23'], rxs=[0, 1, 2, 3, 4, 5, 6]): tx=92.59% (77779/84000)
          seen_day_unseen_rx(days=['2021_03_01', '2021_03_08'], rxs=[7, 8, 9, 10, 11]): tx=89.19% (53512/60000)
          unseen_day_unseen_rx(days=['2021_03_15', '2021_03_23'], rxs=[7, 8, 9, 10, 11]): tx=83.51% (50107/60000)
          day=2021_03_15 on seen_rxs=[0, 1, 2, 3, 4, 5, 6]: tx=94.91% (39862/42000)
          day=2021_03_23 on seen_rxs=[0, 1, 2, 3, 4, 5, 6]: tx=90.28% (37917/42000)
          rx=7 on seen_days=['2021_03_01', '2021_03_08']: tx=83.66% (10039/12000)
          rx=8 on seen_days=['2021_03_01', '2021_03_08']: tx=82.76% (9931/12000)
          rx=9 on seen_days=['2021_03_01', '2021_03_08']: tx=91.05% (10926/12000)
          rx=10 on seen_days=['2021_03_01', '2021_03_08']: tx=94.60% (11352/12000)
          rx=11 on seen_days=['2021_03_01', '2021_03_08']: tx=93.87% (11264/12000)
[BEST-JOINT]  val_tx=98.78% & test_tx=90.14% @ E054
[CKPT]  latest -> finalist_runs/D4_domain_no_pa_no_stats_seed1337/latest_model.pth (saved) | best -> finalist_runs/D4_domain_no_pa_no_stats_seed1337/best_model_val.pth
====================================================================================================================================
[SAT-TEST] scenario=clear_leo selected=test_unseen_day_unseen_rx overall_tx=43.43% strict_udu=43.43% (26060/60000)
[SAT-TEST] scenario=low_elev_leo selected=test_unseen_day_unseen_rx overall_tx=43.64% strict_udu=43.64% (26184/60000)
[SAT-TEST] scenario=rain_leo selected=test_unseen_day_unseen_rx overall_tx=42.09% strict_udu=42.09% (25255/60000)
[SAT-TEST] scenario=storm_mp selected=test_unseen_day_unseen_rx overall_tx=36.84% strict_udu=36.84% (22103/60000)
[SAT-TEST] scenario=mixed_orbit selected=test_unseen_day_unseen_rx overall_tx=39.57% strict_udu=39.57% (23744/60000)
[BEST-TEST] overall=90.14% @ E054 -> finalist_runs/D4_domain_no_pa_no_stats_seed1337/best_model_test_overall.pth | unseen_day_unseen_rx=85.44% @ E054 -> finalist_runs/D4_domain_no_pa_no_stats_seed1337/best_model_strict_udu.pth | unseen_day_seen_rx=93.77% @ E039 | seen_day_unseen_rx=90.29% @ E054
[BEST-PRIMARY] score=87.09 @ E054 -> finalist_runs/D4_domain_no_pa_no_stats_seed1337/best_model_primary_ood.pth | overall=90.14% strict_udu=85.44%
[BEST-WORST-RX] worst_rx=83.53% (test_rx_8) @ E054 -> finalist_runs/D4_domain_no_pa_no_stats_seed1337/best_model_worst_rx.pth
[WARN][E057] unsafe backward/step skipped #6
====================================================================================================================================
[Epoch 057/200] time=80.5s | lr=1.63e-04 | aux_scale=1.000
[STAGE] phase=S2_stabilize_aux | use_aux=1.0 cons=0.45 cls_aux=0.40 reg=0.56 joint_inv=0.24 kl=0.31 group_ce=0.84
[MIXSTYLE-EPOCH] phase=base enabled=1 p=0.150 strength=0.650 anneal_t=0.000
[AUG] scale=0.350 | p_dac=0.000 p_pa=0.049 p_shift=0.122 p_cfo=0.122 p_awgn=0.140 p_mp=0.063 | max_shift=11 cfo_max=0.00014 pn_max=0.0021
------------------------------------------------------------------------------------------------------------------------------------
[LOSS-CORE] total=5.3650 cls=2.1998 dom=0.8289 adv=2.6186 orth=0.0018 cons=0.2024 group_ce=3.3603
[LOSS-AUX]  cls_pa=2.5800 cls_dac=0.0000 pa_joint_inv=0.3121 pa_kl=2.3605 dac_reg=0.0000 pa_reg=0.0154 gap_dac=0.0000 gap_pa=0.2517 cos_joint_pa=0.6879 cos_imp_pa=nan
[LOSS-SAT]  cls_sat=10.0432 sat_cons=0.7319 sat_cos=0.2681
[LOSS-DG]   proto=0.0000 proto_cos=nan supcon=0.0000 fishr=0.0020 sgc_res=0.0000
[LOSS-CAL]  ecc=0.0000 ecc_w=0.0000 ecc_tau=0.9467 ecc_maxp=nan
[TRAIN] tx=81.87% dom=70.05% cons_cos=0.7945
[GRAD]  total=3.936 backbone=1.000 aux=0.750 domain=0.495
[VAL]   tx=98.77% dom=89.66%
[TEST]  overall_tx=90.13% (183869/204000)
[TEST-SPLIT]
          unseen_day_seen_rx(days=['2021_03_15', '2021_03_23'], rxs=[0, 1, 2, 3, 4, 5, 6]): tx=94.29% (79203/84000)
          seen_day_unseen_rx(days=['2021_03_01', '2021_03_08'], rxs=[7, 8, 9, 10, 11]): tx=89.73% (53841/60000)
          unseen_day_unseen_rx(days=['2021_03_15', '2021_03_23'], rxs=[7, 8, 9, 10, 11]): tx=84.71% (50825/60000)
          day=2021_03_15 on seen_rxs=[0, 1, 2, 3, 4, 5, 6]: tx=95.32% (40035/42000)
          day=2021_03_23 on seen_rxs=[0, 1, 2, 3, 4, 5, 6]: tx=93.26% (39168/42000)
          rx=7 on seen_days=['2021_03_01', '2021_03_08']: tx=83.33% (9999/12000)
          rx=8 on seen_days=['2021_03_01', '2021_03_08']: tx=83.22% (9987/12000)
          rx=9 on seen_days=['2021_03_01', '2021_03_08']: tx=92.56% (11107/12000)
          rx=10 on seen_days=['2021_03_01', '2021_03_08']: tx=94.48% (11338/12000)
          rx=11 on seen_days=['2021_03_01', '2021_03_08']: tx=95.08% (11410/12000)
[BEST-JOINT]  val_tx=98.78% & test_tx=90.14% @ E054
[CKPT]  latest -> finalist_runs/D4_domain_no_pa_no_stats_seed1337/latest_model.pth (saved) | best -> finalist_runs/D4_domain_no_pa_no_stats_seed1337/best_model_val.pth
====================================================================================================================================
[SAT-TEST] scenario=clear_leo selected=test_unseen_day_unseen_rx overall_tx=44.12% strict_udu=44.12% (26471/60000)
[SAT-TEST] scenario=low_elev_leo selected=test_unseen_day_unseen_rx overall_tx=43.73% strict_udu=43.73% (26239/60000)
[SAT-TEST] scenario=rain_leo selected=test_unseen_day_unseen_rx overall_tx=42.22% strict_udu=42.22% (25329/60000)
[SAT-TEST] scenario=storm_mp selected=test_unseen_day_unseen_rx overall_tx=37.32% strict_udu=37.32% (22390/60000)
[SAT-TEST] scenario=mixed_orbit selected=test_unseen_day_unseen_rx overall_tx=40.29% strict_udu=40.29% (24176/60000)
[BEST-TEST] overall=90.14% @ E054 -> finalist_runs/D4_domain_no_pa_no_stats_seed1337/best_model_test_overall.pth | unseen_day_unseen_rx=85.44% @ E054 -> finalist_runs/D4_domain_no_pa_no_stats_seed1337/best_model_strict_udu.pth | unseen_day_seen_rx=94.29% @ E057 | seen_day_unseen_rx=90.29% @ E054
[BEST-PRIMARY] score=87.09 @ E054 -> finalist_runs/D4_domain_no_pa_no_stats_seed1337/best_model_primary_ood.pth | overall=90.14% strict_udu=85.44%
[BEST-WORST-RX] worst_rx=83.53% (test_rx_8) @ E054 -> finalist_runs/D4_domain_no_pa_no_stats_seed1337/best_model_worst_rx.pth
====================================================================================================================================
[Epoch 058/200] time=80.0s | lr=1.61e-04 | aux_scale=1.000
[STAGE] phase=S2_stabilize_aux | use_aux=1.0 cons=0.46 cls_aux=0.41 reg=0.57 joint_inv=0.25 kl=0.32 group_ce=0.84
[MIXSTYLE-EPOCH] phase=base enabled=1 p=0.150 strength=0.650 anneal_t=0.000
[AUG] scale=0.350 | p_dac=0.000 p_pa=0.049 p_shift=0.122 p_cfo=0.122 p_awgn=0.140 p_mp=0.063 | max_shift=11 cfo_max=0.00014 pn_max=0.0021
------------------------------------------------------------------------------------------------------------------------------------
[LOSS-CORE] total=5.1796 cls=2.0735 dom=0.7745 adv=2.6200 orth=0.0021 cons=0.2026 group_ce=3.2796
[LOSS-AUX]  cls_pa=2.6204 cls_dac=0.0000 pa_joint_inv=0.3116 pa_kl=2.3754 dac_reg=0.0000 pa_reg=0.0150 gap_dac=0.0000 gap_pa=0.2616 cos_joint_pa=0.6884 cos_imp_pa=nan
[LOSS-SAT]  cls_sat=9.8329 sat_cons=0.7286 sat_cos=0.2714
[LOSS-DG]   proto=0.0000 proto_cos=nan supcon=0.0000 fishr=0.0018 sgc_res=0.0000
[LOSS-CAL]  ecc=0.0000 ecc_w=0.0000 ecc_tau=0.9482 ecc_maxp=nan
[TRAIN] tx=83.17% dom=71.94% cons_cos=0.7974
[GRAD]  total=3.425 backbone=1.000 aux=0.750 domain=0.494
[VAL]   tx=98.71% dom=89.15%
[TEST]  overall_tx=89.53% (182650/204000)
[TEST-SPLIT]
          unseen_day_seen_rx(days=['2021_03_15', '2021_03_23'], rxs=[0, 1, 2, 3, 4, 5, 6]): tx=93.71% (78720/84000)
          seen_day_unseen_rx(days=['2021_03_01', '2021_03_08'], rxs=[7, 8, 9, 10, 11]): tx=88.84% (53304/60000)
          unseen_day_unseen_rx(days=['2021_03_15', '2021_03_23'], rxs=[7, 8, 9, 10, 11]): tx=84.38% (50626/60000)
          day=2021_03_15 on seen_rxs=[0, 1, 2, 3, 4, 5, 6]: tx=94.25% (39584/42000)
          day=2021_03_23 on seen_rxs=[0, 1, 2, 3, 4, 5, 6]: tx=93.18% (39136/42000)
          rx=7 on seen_days=['2021_03_01', '2021_03_08']: tx=86.12% (10334/12000)
          rx=8 on seen_days=['2021_03_01', '2021_03_08']: tx=81.49% (9779/12000)
          rx=9 on seen_days=['2021_03_01', '2021_03_08']: tx=90.61% (10873/12000)
          rx=10 on seen_days=['2021_03_01', '2021_03_08']: tx=95.08% (11410/12000)
          rx=11 on seen_days=['2021_03_01', '2021_03_08']: tx=90.90% (10908/12000)
[BEST-JOINT]  val_tx=98.78% & test_tx=90.14% @ E054
[CKPT]  latest -> finalist_runs/D4_domain_no_pa_no_stats_seed1337/latest_model.pth (saved) | best -> finalist_runs/D4_domain_no_pa_no_stats_seed1337/best_model_val.pth
====================================================================================================================================
[SAT-TEST] scenario=clear_leo selected=test_unseen_day_unseen_rx overall_tx=43.12% strict_udu=43.12% (25872/60000)
[SAT-TEST] scenario=low_elev_leo selected=test_unseen_day_unseen_rx overall_tx=43.27% strict_udu=43.27% (25959/60000)
[SAT-TEST] scenario=rain_leo selected=test_unseen_day_unseen_rx overall_tx=41.29% strict_udu=41.29% (24775/60000)
[SAT-TEST] scenario=storm_mp selected=test_unseen_day_unseen_rx overall_tx=36.48% strict_udu=36.48% (21891/60000)
[SAT-TEST] scenario=mixed_orbit selected=test_unseen_day_unseen_rx overall_tx=38.27% strict_udu=38.27% (22964/60000)
[BEST-TEST] overall=90.14% @ E054 -> finalist_runs/D4_domain_no_pa_no_stats_seed1337/best_model_test_overall.pth | unseen_day_unseen_rx=85.44% @ E054 -> finalist_runs/D4_domain_no_pa_no_stats_seed1337/best_model_strict_udu.pth | unseen_day_seen_rx=94.29% @ E057 | seen_day_unseen_rx=90.29% @ E054
[BEST-PRIMARY] score=87.09 @ E054 -> finalist_runs/D4_domain_no_pa_no_stats_seed1337/best_model_primary_ood.pth | overall=90.14% strict_udu=85.44%
[BEST-WORST-RX] worst_rx=83.53% (test_rx_8) @ E054 -> finalist_runs/D4_domain_no_pa_no_stats_seed1337/best_model_worst_rx.pth
====================================================================================================================================
[Epoch 059/200] time=82.0s | lr=1.60e-04 | aux_scale=1.000
[STAGE] phase=S2_stabilize_aux | use_aux=1.0 cons=0.47 cls_aux=0.42 reg=0.57 joint_inv=0.25 kl=0.32 group_ce=0.85
[MIXSTYLE-EPOCH] phase=base enabled=1 p=0.150 strength=0.650 anneal_t=0.000
[AUG] scale=0.350 | p_dac=0.000 p_pa=0.049 p_shift=0.122 p_cfo=0.122 p_awgn=0.140 p_mp=0.063 | max_shift=11 cfo_max=0.00014 pn_max=0.0021
------------------------------------------------------------------------------------------------------------------------------------
[LOSS-CORE] total=5.4378 cls=2.2558 dom=0.8340 adv=2.6224 orth=0.0021 cons=0.2015 group_ce=3.3726
[LOSS-AUX]  cls_pa=2.4951 cls_dac=0.0000 pa_joint_inv=0.3026 pa_kl=2.2687 dac_reg=0.0000 pa_reg=0.0154 gap_dac=0.0000 gap_pa=0.2583 cos_joint_pa=0.6974 cos_imp_pa=nan
[LOSS-SAT]  cls_sat=9.8827 sat_cons=0.7163 sat_cos=0.2837
[LOSS-DG]   proto=0.0000 proto_cos=nan supcon=0.0000 fishr=0.0020 sgc_res=0.0000
[LOSS-CAL]  ecc=0.0000 ecc_w=0.0000 ecc_tau=0.9492 ecc_maxp=nan
[TRAIN] tx=80.94% dom=69.69% cons_cos=0.7985
[GRAD]  total=4.101 backbone=1.000 aux=0.750 domain=0.493
[VAL]   tx=98.82% dom=89.76%
[TEST]  overall_tx=89.91% (183414/204000)
[TEST-SPLIT]
          unseen_day_seen_rx(days=['2021_03_15', '2021_03_23'], rxs=[0, 1, 2, 3, 4, 5, 6]): tx=93.21% (78294/84000)
          seen_day_unseen_rx(days=['2021_03_01', '2021_03_08'], rxs=[7, 8, 9, 10, 11]): tx=89.84% (53902/60000)
          unseen_day_unseen_rx(days=['2021_03_15', '2021_03_23'], rxs=[7, 8, 9, 10, 11]): tx=85.36% (51218/60000)
          day=2021_03_15 on seen_rxs=[0, 1, 2, 3, 4, 5, 6]: tx=93.95% (39458/42000)
          day=2021_03_23 on seen_rxs=[0, 1, 2, 3, 4, 5, 6]: tx=92.47% (38836/42000)
          rx=7 on seen_days=['2021_03_01', '2021_03_08']: tx=86.03% (10323/12000)
          rx=8 on seen_days=['2021_03_01', '2021_03_08']: tx=83.64% (10037/12000)
          rx=9 on seen_days=['2021_03_01', '2021_03_08']: tx=91.62% (10995/12000)
          rx=10 on seen_days=['2021_03_01', '2021_03_08']: tx=90.96% (10915/12000)
          rx=11 on seen_days=['2021_03_01', '2021_03_08']: tx=96.93% (11632/12000)
[BEST-JOINT]  val_tx=98.82% & test_tx=89.91% @ E059
[CKPT]  latest -> finalist_runs/D4_domain_no_pa_no_stats_seed1337/latest_model.pth (saved) | best -> finalist_runs/D4_domain_no_pa_no_stats_seed1337/best_model_val.pth (updated: val improved)
====================================================================================================================================
[SAT-TEST] scenario=clear_leo selected=test_unseen_day_unseen_rx overall_tx=43.07% strict_udu=43.07% (25844/60000)
[SAT-TEST] scenario=low_elev_leo selected=test_unseen_day_unseen_rx overall_tx=43.11% strict_udu=43.11% (25866/60000)
[SAT-TEST] scenario=rain_leo selected=test_unseen_day_unseen_rx overall_tx=40.69% strict_udu=40.69% (24415/60000)
[SAT-TEST] scenario=storm_mp selected=test_unseen_day_unseen_rx overall_tx=36.32% strict_udu=36.32% (21794/60000)
[SAT-TEST] scenario=mixed_orbit selected=test_unseen_day_unseen_rx overall_tx=39.38% strict_udu=39.38% (23629/60000)
[BEST-TEST] overall=90.14% @ E054 -> finalist_runs/D4_domain_no_pa_no_stats_seed1337/best_model_test_overall.pth | unseen_day_unseen_rx=85.44% @ E054 -> finalist_runs/D4_domain_no_pa_no_stats_seed1337/best_model_strict_udu.pth | unseen_day_seen_rx=94.29% @ E057 | seen_day_unseen_rx=90.29% @ E054
[BEST-PRIMARY] score=87.09 @ E054 -> finalist_runs/D4_domain_no_pa_no_stats_seed1337/best_model_primary_ood.pth | overall=90.14% strict_udu=85.44%
[BEST-WORST-RX] worst_rx=83.64% (test_rx_8) @ E059 -> finalist_runs/D4_domain_no_pa_no_stats_seed1337/best_model_worst_rx.pth
====================================================================================================================================
[Epoch 060/200] time=80.8s | lr=1.59e-04 | aux_scale=1.000
[STAGE] phase=S2_stabilize_aux | use_aux=1.0 cons=0.49 cls_aux=0.44 reg=0.58 joint_inv=0.25 kl=0.33 group_ce=0.86
[MIXSTYLE-EPOCH] phase=base enabled=1 p=0.150 strength=0.650 anneal_t=0.000
[AUG] scale=0.350 | p_dac=0.000 p_pa=0.049 p_shift=0.122 p_cfo=0.122 p_awgn=0.140 p_mp=0.063 | max_shift=11 cfo_max=0.00014 pn_max=0.0021
------------------------------------------------------------------------------------------------------------------------------------
[LOSS-CORE] total=5.2211 cls=2.1012 dom=0.7613 adv=2.6201 orth=0.0021 cons=0.2060 group_ce=3.3476
[LOSS-AUX]  cls_pa=2.4734 cls_dac=0.0000 pa_joint_inv=0.3092 pa_kl=2.2526 dac_reg=0.0000 pa_reg=0.0151 gap_dac=0.0000 gap_pa=0.2604 cos_joint_pa=0.6908 cos_imp_pa=nan
[LOSS-SAT]  cls_sat=9.8786 sat_cons=0.7220 sat_cos=0.2780
[LOSS-DG]   proto=0.0000 proto_cos=nan supcon=0.0000 fishr=0.0020 sgc_res=0.0000
[LOSS-CAL]  ecc=0.0000 ecc_w=0.0000 ecc_tau=0.9498 ecc_maxp=nan
[TRAIN] tx=82.60% dom=71.87% cons_cos=0.7940
[GRAD]  total=3.663 backbone=1.000 aux=0.750 domain=0.498
[VAL]   tx=98.82% dom=89.07%
[TEST]  overall_tx=89.29% (182150/204000)
[TEST-SPLIT]
          unseen_day_seen_rx(days=['2021_03_15', '2021_03_23'], rxs=[0, 1, 2, 3, 4, 5, 6]): tx=93.51% (78547/84000)
          seen_day_unseen_rx(days=['2021_03_01', '2021_03_08'], rxs=[7, 8, 9, 10, 11]): tx=88.81% (53288/60000)
          unseen_day_unseen_rx(days=['2021_03_15', '2021_03_23'], rxs=[7, 8, 9, 10, 11]): tx=83.86% (50315/60000)
          day=2021_03_15 on seen_rxs=[0, 1, 2, 3, 4, 5, 6]: tx=93.94% (39456/42000)
          day=2021_03_23 on seen_rxs=[0, 1, 2, 3, 4, 5, 6]: tx=93.07% (39091/42000)
          rx=7 on seen_days=['2021_03_01', '2021_03_08']: tx=82.22% (9866/12000)
          rx=8 on seen_days=['2021_03_01', '2021_03_08']: tx=81.62% (9794/12000)
          rx=9 on seen_days=['2021_03_01', '2021_03_08']: tx=91.14% (10937/12000)
          rx=10 on seen_days=['2021_03_01', '2021_03_08']: tx=94.58% (11349/12000)
          rx=11 on seen_days=['2021_03_01', '2021_03_08']: tx=94.52% (11342/12000)
[BEST-JOINT]  val_tx=98.82% & test_tx=89.91% @ E059
[CKPT]  latest -> finalist_runs/D4_domain_no_pa_no_stats_seed1337/latest_model.pth (saved) | best -> finalist_runs/D4_domain_no_pa_no_stats_seed1337/best_model_val.pth
====================================================================================================================================
[SAT-TEST] scenario=clear_leo selected=test_unseen_day_unseen_rx overall_tx=40.96% strict_udu=40.96% (24574/60000)
[SAT-TEST] scenario=low_elev_leo selected=test_unseen_day_unseen_rx overall_tx=40.67% strict_udu=40.67% (24401/60000)
[SAT-TEST] scenario=rain_leo selected=test_unseen_day_unseen_rx overall_tx=38.99% strict_udu=38.99% (23394/60000)
[SAT-TEST] scenario=storm_mp selected=test_unseen_day_unseen_rx overall_tx=35.20% strict_udu=35.20% (21118/60000)
[SAT-TEST] scenario=mixed_orbit selected=test_unseen_day_unseen_rx overall_tx=37.24% strict_udu=37.24% (22346/60000)
[BEST-TEST] overall=90.14% @ E054 -> finalist_runs/D4_domain_no_pa_no_stats_seed1337/best_model_test_overall.pth | unseen_day_unseen_rx=85.44% @ E054 -> finalist_runs/D4_domain_no_pa_no_stats_seed1337/best_model_strict_udu.pth | unseen_day_seen_rx=94.29% @ E057 | seen_day_unseen_rx=90.29% @ E054
[BEST-PRIMARY] score=87.09 @ E054 -> finalist_runs/D4_domain_no_pa_no_stats_seed1337/best_model_primary_ood.pth | overall=90.14% strict_udu=85.44%
[BEST-WORST-RX] worst_rx=83.64% (test_rx_8) @ E059 -> finalist_runs/D4_domain_no_pa_no_stats_seed1337/best_model_worst_rx.pth
====================================================================================================================================
[Epoch 061/200] time=80.4s | lr=1.58e-04 | aux_scale=1.000
[STAGE] phase=S2_stabilize_aux | use_aux=1.0 cons=0.50 cls_aux=0.45 reg=0.59 joint_inv=0.26 kl=0.34 group_ce=0.86
[MIXSTYLE-EPOCH] phase=base enabled=1 p=0.150 strength=0.650 anneal_t=0.000
[AUG] scale=0.350 | p_dac=0.000 p_pa=0.049 p_shift=0.122 p_cfo=0.122 p_awgn=0.140 p_mp=0.063 | max_shift=11 cfo_max=0.00014 pn_max=0.0021
------------------------------------------------------------------------------------------------------------------------------------
[LOSS-CORE] total=4.9207 cls=1.8741 dom=0.7060 adv=2.6168 orth=0.0022 cons=0.1999 group_ce=3.0528
[LOSS-AUX]  cls_pa=2.4317 cls_dac=0.0000 pa_joint_inv=0.2992 pa_kl=2.1851 dac_reg=0.0000 pa_reg=0.0154 gap_dac=0.0000 gap_pa=0.2596 cos_joint_pa=0.7008 cos_imp_pa=nan
[LOSS-SAT]  cls_sat=9.8415 sat_cons=0.7319 sat_cos=0.2681
[LOSS-DG]   proto=0.0000 proto_cos=nan supcon=0.0000 fishr=0.0018 sgc_res=0.0000
[LOSS-CAL]  ecc=0.0000 ecc_w=0.0000 ecc_tau=0.9500 ecc_maxp=nan
[TRAIN] tx=84.83% dom=73.58% cons_cos=0.8001
[GRAD]  total=3.725 backbone=1.000 aux=0.750 domain=0.495
[VAL]   tx=98.71% dom=90.10%
[TEST]  overall_tx=89.45% (182470/204000)
[TEST-SPLIT]
          unseen_day_seen_rx(days=['2021_03_15', '2021_03_23'], rxs=[0, 1, 2, 3, 4, 5, 6]): tx=92.92% (78057/84000)
          seen_day_unseen_rx(days=['2021_03_01', '2021_03_08'], rxs=[7, 8, 9, 10, 11]): tx=89.04% (53423/60000)
          unseen_day_unseen_rx(days=['2021_03_15', '2021_03_23'], rxs=[7, 8, 9, 10, 11]): tx=84.98% (50990/60000)
          day=2021_03_15 on seen_rxs=[0, 1, 2, 3, 4, 5, 6]: tx=94.16% (39549/42000)
          day=2021_03_23 on seen_rxs=[0, 1, 2, 3, 4, 5, 6]: tx=91.69% (38508/42000)
          rx=7 on seen_days=['2021_03_01', '2021_03_08']: tx=81.59% (9791/12000)
          rx=8 on seen_days=['2021_03_01', '2021_03_08']: tx=83.66% (10039/12000)
          rx=9 on seen_days=['2021_03_01', '2021_03_08']: tx=91.17% (10941/12000)
          rx=10 on seen_days=['2021_03_01', '2021_03_08']: tx=92.53% (11103/12000)
          rx=11 on seen_days=['2021_03_01', '2021_03_08']: tx=96.24% (11549/12000)
[BEST-JOINT]  val_tx=98.82% & test_tx=89.91% @ E059
[CKPT]  latest -> finalist_runs/D4_domain_no_pa_no_stats_seed1337/latest_model.pth (saved) | best -> finalist_runs/D4_domain_no_pa_no_stats_seed1337/best_model_val.pth
====================================================================================================================================
[SAT-TEST] scenario=clear_leo selected=test_unseen_day_unseen_rx overall_tx=43.14% strict_udu=43.14% (25884/60000)
[SAT-TEST] scenario=low_elev_leo selected=test_unseen_day_unseen_rx overall_tx=42.62% strict_udu=42.62% (25569/60000)
[SAT-TEST] scenario=rain_leo selected=test_unseen_day_unseen_rx overall_tx=41.02% strict_udu=41.02% (24615/60000)
[SAT-TEST] scenario=storm_mp selected=test_unseen_day_unseen_rx overall_tx=36.28% strict_udu=36.28% (21766/60000)
[SAT-TEST] scenario=mixed_orbit selected=test_unseen_day_unseen_rx overall_tx=39.41% strict_udu=39.41% (23646/60000)
[BEST-TEST] overall=90.14% @ E054 -> finalist_runs/D4_domain_no_pa_no_stats_seed1337/best_model_test_overall.pth | unseen_day_unseen_rx=85.44% @ E054 -> finalist_runs/D4_domain_no_pa_no_stats_seed1337/best_model_strict_udu.pth | unseen_day_seen_rx=94.29% @ E057 | seen_day_unseen_rx=90.29% @ E054
[BEST-PRIMARY] score=87.09 @ E054 -> finalist_runs/D4_domain_no_pa_no_stats_seed1337/best_model_primary_ood.pth | overall=90.14% strict_udu=85.44%
[BEST-WORST-RX] worst_rx=83.64% (test_rx_8) @ E059 -> finalist_runs/D4_domain_no_pa_no_stats_seed1337/best_model_worst_rx.pth
[WARN][E062] unsafe backward/step skipped #7
====================================================================================================================================
[Epoch 062/200] time=83.3s | lr=1.56e-04 | aux_scale=1.000
[STAGE] phase=S2_stabilize_aux | use_aux=1.0 cons=0.51 cls_aux=0.46 reg=0.60 joint_inv=0.26 kl=0.35 group_ce=0.87
[MIXSTYLE-EPOCH] phase=base enabled=1 p=0.150 strength=0.650 anneal_t=0.000
[AUG] scale=0.350 | p_dac=0.000 p_pa=0.049 p_shift=0.122 p_cfo=0.122 p_awgn=0.140 p_mp=0.063 | max_shift=11 cfo_max=0.00014 pn_max=0.0021
------------------------------------------------------------------------------------------------------------------------------------
[LOSS-CORE] total=4.6417 cls=1.6616 dom=0.6488 adv=2.6197 orth=0.0025 cons=0.1778 group_ce=2.7284
[LOSS-AUX]  cls_pa=2.4728 cls_dac=0.0000 pa_joint_inv=0.2966 pa_kl=2.2221 dac_reg=0.0000 pa_reg=0.0152 gap_dac=0.0000 gap_pa=0.2607 cos_joint_pa=0.7034 cos_imp_pa=nan
[LOSS-SAT]  cls_sat=9.8289 sat_cons=0.7335 sat_cos=0.2665
[LOSS-DG]   proto=0.0000 proto_cos=nan supcon=0.0000 fishr=0.0015 sgc_res=0.0000
[LOSS-CAL]  ecc=0.0000 ecc_w=0.0000 ecc_tau=0.9500 ecc_maxp=nan
[TRAIN] tx=86.65% dom=75.81% cons_cos=0.8224
[GRAD]  total=3.841 backbone=1.000 aux=0.750 domain=0.496
[VAL]   tx=98.74% dom=90.30%
[TEST]  overall_tx=89.50% (182584/204000)
[TEST-SPLIT]
          unseen_day_seen_rx(days=['2021_03_15', '2021_03_23'], rxs=[0, 1, 2, 3, 4, 5, 6]): tx=93.50% (78542/84000)
          seen_day_unseen_rx(days=['2021_03_01', '2021_03_08'], rxs=[7, 8, 9, 10, 11]): tx=89.39% (53637/60000)
          unseen_day_unseen_rx(days=['2021_03_15', '2021_03_23'], rxs=[7, 8, 9, 10, 11]): tx=84.01% (50405/60000)
          day=2021_03_15 on seen_rxs=[0, 1, 2, 3, 4, 5, 6]: tx=94.57% (39720/42000)
          day=2021_03_23 on seen_rxs=[0, 1, 2, 3, 4, 5, 6]: tx=92.43% (38822/42000)
          rx=7 on seen_days=['2021_03_01', '2021_03_08']: tx=80.58% (9670/12000)
          rx=8 on seen_days=['2021_03_01', '2021_03_08']: tx=82.72% (9926/12000)
          rx=9 on seen_days=['2021_03_01', '2021_03_08']: tx=92.98% (11158/12000)
          rx=10 on seen_days=['2021_03_01', '2021_03_08']: tx=95.44% (11453/12000)
          rx=11 on seen_days=['2021_03_01', '2021_03_08']: tx=95.25% (11430/12000)
[BEST-JOINT]  val_tx=98.82% & test_tx=89.91% @ E059
[CKPT]  latest -> finalist_runs/D4_domain_no_pa_no_stats_seed1337/latest_model.pth (saved) | best -> finalist_runs/D4_domain_no_pa_no_stats_seed1337/best_model_val.pth
====================================================================================================================================
[SAT-TEST] scenario=clear_leo selected=test_unseen_day_unseen_rx overall_tx=42.98% strict_udu=42.98% (25785/60000)
[SAT-TEST] scenario=low_elev_leo selected=test_unseen_day_unseen_rx overall_tx=42.13% strict_udu=42.13% (25279/60000)
[SAT-TEST] scenario=rain_leo selected=test_unseen_day_unseen_rx overall_tx=41.04% strict_udu=41.04% (24626/60000)
[SAT-TEST] scenario=storm_mp selected=test_unseen_day_unseen_rx overall_tx=36.97% strict_udu=36.97% (22184/60000)
[SAT-TEST] scenario=mixed_orbit selected=test_unseen_day_unseen_rx overall_tx=39.60% strict_udu=39.60% (23763/60000)
[BEST-TEST] overall=90.14% @ E054 -> finalist_runs/D4_domain_no_pa_no_stats_seed1337/best_model_test_overall.pth | unseen_day_unseen_rx=85.44% @ E054 -> finalist_runs/D4_domain_no_pa_no_stats_seed1337/best_model_strict_udu.pth | unseen_day_seen_rx=94.29% @ E057 | seen_day_unseen_rx=90.29% @ E054
[BEST-PRIMARY] score=87.09 @ E054 -> finalist_runs/D4_domain_no_pa_no_stats_seed1337/best_model_primary_ood.pth | overall=90.14% strict_udu=85.44%
[BEST-WORST-RX] worst_rx=83.64% (test_rx_8) @ E059 -> finalist_runs/D4_domain_no_pa_no_stats_seed1337/best_model_worst_rx.pth
====================================================================================================================================
[Epoch 063/200] time=82.0s | lr=1.55e-04 | aux_scale=1.000
[STAGE] phase=S2_stabilize_aux | use_aux=1.0 cons=0.52 cls_aux=0.47 reg=0.61 joint_inv=0.27 kl=0.35 group_ce=0.87
[MIXSTYLE-EPOCH] phase=base enabled=1 p=0.150 strength=0.650 anneal_t=0.000
[AUG] scale=0.350 | p_dac=0.000 p_pa=0.049 p_shift=0.122 p_cfo=0.122 p_awgn=0.140 p_mp=0.063 | max_shift=11 cfo_max=0.00014 pn_max=0.0021
------------------------------------------------------------------------------------------------------------------------------------
[LOSS-CORE] total=4.2246 cls=1.3265 dom=0.5992 adv=2.6180 orth=0.0025 cons=0.1737 group_ce=2.3321
[LOSS-AUX]  cls_pa=2.3467 cls_dac=0.0000 pa_joint_inv=0.2962 pa_kl=2.1344 dac_reg=0.0000 pa_reg=0.0150 gap_dac=0.0000 gap_pa=0.2702 cos_joint_pa=0.7038 cos_imp_pa=nan
[LOSS-SAT]  cls_sat=9.8248 sat_cons=0.7357 sat_cos=0.2643
[LOSS-DG]   proto=0.0000 proto_cos=nan supcon=0.0000 fishr=0.0012 sgc_res=0.0000
[LOSS-CAL]  ecc=0.0000 ecc_w=0.0000 ecc_tau=0.9500 ecc_maxp=nan
[TRAIN] tx=89.08% dom=77.28% cons_cos=0.8263
[GRAD]  total=3.812 backbone=1.000 aux=0.750 domain=0.493
[VAL]   tx=98.74% dom=90.48%
[TEST]  overall_tx=90.10% (183811/204000)
[TEST-SPLIT]
          unseen_day_seen_rx(days=['2021_03_15', '2021_03_23'], rxs=[0, 1, 2, 3, 4, 5, 6]): tx=93.58% (78606/84000)
          seen_day_unseen_rx(days=['2021_03_01', '2021_03_08'], rxs=[7, 8, 9, 10, 11]): tx=89.99% (53992/60000)
          unseen_day_unseen_rx(days=['2021_03_15', '2021_03_23'], rxs=[7, 8, 9, 10, 11]): tx=85.36% (51213/60000)
          day=2021_03_15 on seen_rxs=[0, 1, 2, 3, 4, 5, 6]: tx=94.39% (39645/42000)
          day=2021_03_23 on seen_rxs=[0, 1, 2, 3, 4, 5, 6]: tx=92.76% (38961/42000)
          rx=7 on seen_days=['2021_03_01', '2021_03_08']: tx=84.38% (10126/12000)
          rx=8 on seen_days=['2021_03_01', '2021_03_08']: tx=85.22% (10227/12000)
          rx=9 on seen_days=['2021_03_01', '2021_03_08']: tx=91.78% (11013/12000)
          rx=10 on seen_days=['2021_03_01', '2021_03_08']: tx=93.05% (11166/12000)
          rx=11 on seen_days=['2021_03_01', '2021_03_08']: tx=95.50% (11460/12000)
[BEST-JOINT]  val_tx=98.82% & test_tx=89.91% @ E059
[CKPT]  latest -> finalist_runs/D4_domain_no_pa_no_stats_seed1337/latest_model.pth (saved) | best -> finalist_runs/D4_domain_no_pa_no_stats_seed1337/best_model_val.pth
====================================================================================================================================
[SAT-TEST] scenario=clear_leo selected=test_unseen_day_unseen_rx overall_tx=43.76% strict_udu=43.76% (26255/60000)
[SAT-TEST] scenario=low_elev_leo selected=test_unseen_day_unseen_rx overall_tx=43.48% strict_udu=43.48% (26085/60000)
[SAT-TEST] scenario=rain_leo selected=test_unseen_day_unseen_rx overall_tx=41.59% strict_udu=41.59% (24952/60000)
[SAT-TEST] scenario=storm_mp selected=test_unseen_day_unseen_rx overall_tx=37.05% strict_udu=37.05% (22232/60000)
[SAT-TEST] scenario=mixed_orbit selected=test_unseen_day_unseen_rx overall_tx=39.65% strict_udu=39.65% (23792/60000)
[BEST-TEST] overall=90.14% @ E054 -> finalist_runs/D4_domain_no_pa_no_stats_seed1337/best_model_test_overall.pth | unseen_day_unseen_rx=85.44% @ E054 -> finalist_runs/D4_domain_no_pa_no_stats_seed1337/best_model_strict_udu.pth | unseen_day_seen_rx=94.29% @ E057 | seen_day_unseen_rx=90.29% @ E054
[BEST-PRIMARY] score=87.09 @ E054 -> finalist_runs/D4_domain_no_pa_no_stats_seed1337/best_model_primary_ood.pth | overall=90.14% strict_udu=85.44%
[BEST-WORST-RX] worst_rx=84.38% (test_rx_7) @ E063 -> finalist_runs/D4_domain_no_pa_no_stats_seed1337/best_model_worst_rx.pth
====================================================================================================================================
[Epoch 064/200] time=80.1s | lr=1.54e-04 | aux_scale=1.000
[STAGE] phase=S2_stabilize_aux | use_aux=1.0 cons=0.53 cls_aux=0.48 reg=0.62 joint_inv=0.27 kl=0.36 group_ce=0.88
[MIXSTYLE-EPOCH] phase=base enabled=1 p=0.150 strength=0.650 anneal_t=0.000
[AUG] scale=0.350 | p_dac=0.000 p_pa=0.049 p_shift=0.122 p_cfo=0.122 p_awgn=0.140 p_mp=0.063 | max_shift=11 cfo_max=0.00014 pn_max=0.0021
------------------------------------------------------------------------------------------------------------------------------------
[LOSS-CORE] total=5.4591 cls=2.2674 dom=0.7732 adv=2.6181 orth=0.0023 cons=0.2140 group_ce=3.6214
[LOSS-AUX]  cls_pa=2.3140 cls_dac=0.0000 pa_joint_inv=0.2895 pa_kl=2.0848 dac_reg=0.0000 pa_reg=0.0154 gap_dac=0.0000 gap_pa=0.2612 cos_joint_pa=0.7105 cos_imp_pa=nan
[LOSS-SAT]  cls_sat=9.7374 sat_cons=0.7177 sat_cos=0.2823
[LOSS-DG]   proto=0.0000 proto_cos=nan supcon=0.0000 fishr=0.0021 sgc_res=0.0000
[LOSS-CAL]  ecc=0.0000 ecc_w=0.0000 ecc_tau=0.9500 ecc_maxp=nan
[TRAIN] tx=81.46% dom=71.26% cons_cos=0.7860
[GRAD]  total=3.984 backbone=1.000 aux=0.750 domain=0.495
[VAL]   tx=98.51% dom=90.21%
[TEST]  overall_tx=87.99% (179503/204000)
[TEST-SPLIT]
          unseen_day_seen_rx(days=['2021_03_15', '2021_03_23'], rxs=[0, 1, 2, 3, 4, 5, 6]): tx=92.05% (77318/84000)
          seen_day_unseen_rx(days=['2021_03_01', '2021_03_08'], rxs=[7, 8, 9, 10, 11]): tx=87.65% (52590/60000)
          unseen_day_unseen_rx(days=['2021_03_15', '2021_03_23'], rxs=[7, 8, 9, 10, 11]): tx=82.66% (49595/60000)
          day=2021_03_15 on seen_rxs=[0, 1, 2, 3, 4, 5, 6]: tx=93.61% (39318/42000)
          day=2021_03_23 on seen_rxs=[0, 1, 2, 3, 4, 5, 6]: tx=90.48% (38000/42000)
          rx=7 on seen_days=['2021_03_01', '2021_03_08']: tx=83.00% (9960/12000)
          rx=8 on seen_days=['2021_03_01', '2021_03_08']: tx=82.41% (9889/12000)
          rx=9 on seen_days=['2021_03_01', '2021_03_08']: tx=89.71% (10765/12000)
          rx=10 on seen_days=['2021_03_01', '2021_03_08']: tx=90.64% (10877/12000)
          rx=11 on seen_days=['2021_03_01', '2021_03_08']: tx=92.49% (11099/12000)
[BEST-JOINT]  val_tx=98.82% & test_tx=89.91% @ E059
[CKPT]  latest -> finalist_runs/D4_domain_no_pa_no_stats_seed1337/latest_model.pth (saved) | best -> finalist_runs/D4_domain_no_pa_no_stats_seed1337/best_model_val.pth
====================================================================================================================================
[SAT-TEST] scenario=clear_leo selected=test_unseen_day_unseen_rx overall_tx=42.99% strict_udu=42.99% (25792/60000)
[SAT-TEST] scenario=low_elev_leo selected=test_unseen_day_unseen_rx overall_tx=42.58% strict_udu=42.58% (25549/60000)
[SAT-TEST] scenario=rain_leo selected=test_unseen_day_unseen_rx overall_tx=41.18% strict_udu=41.18% (24709/60000)
[SAT-TEST] scenario=storm_mp selected=test_unseen_day_unseen_rx overall_tx=36.10% strict_udu=36.10% (21662/60000)
[SAT-TEST] scenario=mixed_orbit selected=test_unseen_day_unseen_rx overall_tx=39.08% strict_udu=39.08% (23449/60000)
[BEST-TEST] overall=90.14% @ E054 -> finalist_runs/D4_domain_no_pa_no_stats_seed1337/best_model_test_overall.pth | unseen_day_unseen_rx=85.44% @ E054 -> finalist_runs/D4_domain_no_pa_no_stats_seed1337/best_model_strict_udu.pth | unseen_day_seen_rx=94.29% @ E057 | seen_day_unseen_rx=90.29% @ E054
[BEST-PRIMARY] score=87.09 @ E054 -> finalist_runs/D4_domain_no_pa_no_stats_seed1337/best_model_primary_ood.pth | overall=90.14% strict_udu=85.44%
[BEST-WORST-RX] worst_rx=84.38% (test_rx_7) @ E063 -> finalist_runs/D4_domain_no_pa_no_stats_seed1337/best_model_worst_rx.pth
====================================================================================================================================
[Epoch 065/200] time=79.0s | lr=1.52e-04 | aux_scale=1.000
[STAGE] phase=S2_stabilize_aux | use_aux=1.0 cons=0.54 cls_aux=0.49 reg=0.63 joint_inv=0.28 kl=0.37 group_ce=0.89
[MIXSTYLE-EPOCH] phase=base enabled=1 p=0.150 strength=0.650 anneal_t=0.000
[AUG] scale=0.350 | p_dac=0.000 p_pa=0.049 p_shift=0.122 p_cfo=0.122 p_awgn=0.140 p_mp=0.063 | max_shift=11 cfo_max=0.00014 pn_max=0.0021
------------------------------------------------------------------------------------------------------------------------------------
[LOSS-CORE] total=5.4441 cls=2.2252 dom=0.8007 adv=2.6184 orth=0.0021 cons=0.2094 group_ce=3.4583
[LOSS-AUX]  cls_pa=2.2592 cls_dac=0.0000 pa_joint_inv=0.2897 pa_kl=2.0423 dac_reg=0.0000 pa_reg=0.0150 gap_dac=0.0000 gap_pa=0.2672 cos_joint_pa=0.7103 cos_imp_pa=nan
[LOSS-SAT]  cls_sat=9.7792 sat_cons=0.7211 sat_cos=0.2789
[LOSS-DG]   proto=0.0000 proto_cos=nan supcon=0.0000 fishr=0.0020 sgc_res=0.0000
[LOSS-CAL]  ecc=0.0000 ecc_w=0.0000 ecc_tau=0.9500 ecc_maxp=nan
[TRAIN] tx=81.72% dom=70.98% cons_cos=0.7906
[GRAD]  total=3.862 backbone=1.000 aux=0.750 domain=0.493
[VAL]   tx=98.84% dom=89.35%
[TEST]  overall_tx=88.34% (180206/204000)
[TEST-SPLIT]
          unseen_day_seen_rx(days=['2021_03_15', '2021_03_23'], rxs=[0, 1, 2, 3, 4, 5, 6]): tx=93.85% (78835/84000)
          seen_day_unseen_rx(days=['2021_03_01', '2021_03_08'], rxs=[7, 8, 9, 10, 11]): tx=87.17% (52299/60000)
          unseen_day_unseen_rx(days=['2021_03_15', '2021_03_23'], rxs=[7, 8, 9, 10, 11]): tx=81.79% (49072/60000)
          day=2021_03_15 on seen_rxs=[0, 1, 2, 3, 4, 5, 6]: tx=93.83% (39410/42000)
          day=2021_03_23 on seen_rxs=[0, 1, 2, 3, 4, 5, 6]: tx=93.87% (39425/42000)
          rx=7 on seen_days=['2021_03_01', '2021_03_08']: tx=81.32% (9758/12000)
          rx=8 on seen_days=['2021_03_01', '2021_03_08']: tx=78.75% (9450/12000)
          rx=9 on seen_days=['2021_03_01', '2021_03_08']: tx=90.47% (10856/12000)
          rx=10 on seen_days=['2021_03_01', '2021_03_08']: tx=92.26% (11071/12000)
          rx=11 on seen_days=['2021_03_01', '2021_03_08']: tx=93.03% (11164/12000)
[BEST-JOINT]  val_tx=98.84% & test_tx=88.34% @ E065
[CKPT]  latest -> finalist_runs/D4_domain_no_pa_no_stats_seed1337/latest_model.pth (saved) | best -> finalist_runs/D4_domain_no_pa_no_stats_seed1337/best_model_val.pth (updated: val improved)
====================================================================================================================================
[SAT-TEST] scenario=clear_leo selected=test_unseen_day_unseen_rx overall_tx=40.83% strict_udu=40.83% (24497/60000)
[SAT-TEST] scenario=low_elev_leo selected=test_unseen_day_unseen_rx overall_tx=41.23% strict_udu=41.23% (24741/60000)
[SAT-TEST] scenario=rain_leo selected=test_unseen_day_unseen_rx overall_tx=39.16% strict_udu=39.16% (23499/60000)
[SAT-TEST] scenario=storm_mp selected=test_unseen_day_unseen_rx overall_tx=35.51% strict_udu=35.51% (21303/60000)
[SAT-TEST] scenario=mixed_orbit selected=test_unseen_day_unseen_rx overall_tx=37.18% strict_udu=37.18% (22306/60000)
[BEST-TEST] overall=90.14% @ E054 -> finalist_runs/D4_domain_no_pa_no_stats_seed1337/best_model_test_overall.pth | unseen_day_unseen_rx=85.44% @ E054 -> finalist_runs/D4_domain_no_pa_no_stats_seed1337/best_model_strict_udu.pth | unseen_day_seen_rx=94.29% @ E057 | seen_day_unseen_rx=90.29% @ E054
[BEST-PRIMARY] score=87.09 @ E054 -> finalist_runs/D4_domain_no_pa_no_stats_seed1337/best_model_primary_ood.pth | overall=90.14% strict_udu=85.44%
[BEST-WORST-RX] worst_rx=84.38% (test_rx_7) @ E063 -> finalist_runs/D4_domain_no_pa_no_stats_seed1337/best_model_worst_rx.pth
====================================================================================================================================
[Epoch 066/200] time=79.3s | lr=1.51e-04 | aux_scale=1.000
[STAGE] phase=S2_stabilize_aux | use_aux=1.0 cons=0.56 cls_aux=0.51 reg=0.64 joint_inv=0.28 kl=0.38 group_ce=0.89
[MIXSTYLE-EPOCH] phase=base enabled=1 p=0.150 strength=0.650 anneal_t=0.000
[AUG] scale=0.350 | p_dac=0.000 p_pa=0.049 p_shift=0.122 p_cfo=0.122 p_awgn=0.140 p_mp=0.063 | max_shift=11 cfo_max=0.00014 pn_max=0.0021
------------------------------------------------------------------------------------------------------------------------------------
[LOSS-CORE] total=5.1926 cls=2.0440 dom=0.7368 adv=2.6170 orth=0.0021 cons=0.2060 group_ce=3.3206
[LOSS-AUX]  cls_pa=2.1770 cls_dac=0.0000 pa_joint_inv=0.2845 pa_kl=1.9590 dac_reg=0.0000 pa_reg=0.0151 gap_dac=0.0000 gap_pa=0.2577 cos_joint_pa=0.7155 cos_imp_pa=nan
[LOSS-SAT]  cls_sat=9.7658 sat_cons=0.7267 sat_cos=0.2733
[LOSS-DG]   proto=0.0000 proto_cos=nan supcon=0.0000 fishr=0.0018 sgc_res=0.0000
[LOSS-CAL]  ecc=0.0000 ecc_w=0.0000 ecc_tau=0.9500 ecc_maxp=nan
[TRAIN] tx=83.85% dom=72.84% cons_cos=0.7940
[GRAD]  total=4.131 backbone=1.000 aux=0.750 domain=0.492
[VAL]   tx=98.57% dom=91.00%
[TEST]  overall_tx=89.11% (181778/204000)
[TEST-SPLIT]
          unseen_day_seen_rx(days=['2021_03_15', '2021_03_23'], rxs=[0, 1, 2, 3, 4, 5, 6]): tx=93.44% (78486/84000)
          seen_day_unseen_rx(days=['2021_03_01', '2021_03_08'], rxs=[7, 8, 9, 10, 11]): tx=89.31% (53585/60000)
          unseen_day_unseen_rx(days=['2021_03_15', '2021_03_23'], rxs=[7, 8, 9, 10, 11]): tx=82.84% (49707/60000)
          day=2021_03_15 on seen_rxs=[0, 1, 2, 3, 4, 5, 6]: tx=95.98% (40312/42000)
          day=2021_03_23 on seen_rxs=[0, 1, 2, 3, 4, 5, 6]: tx=90.89% (38174/42000)
          rx=7 on seen_days=['2021_03_01', '2021_03_08']: tx=80.83% (9699/12000)
          rx=8 on seen_days=['2021_03_01', '2021_03_08']: tx=84.62% (10154/12000)
          rx=9 on seen_days=['2021_03_01', '2021_03_08']: tx=93.13% (11176/12000)
          rx=10 on seen_days=['2021_03_01', '2021_03_08']: tx=95.33% (11439/12000)
          rx=11 on seen_days=['2021_03_01', '2021_03_08']: tx=92.64% (11117/12000)
[BEST-JOINT]  val_tx=98.84% & test_tx=88.34% @ E065
[CKPT]  latest -> finalist_runs/D4_domain_no_pa_no_stats_seed1337/latest_model.pth (saved) | best -> finalist_runs/D4_domain_no_pa_no_stats_seed1337/best_model_val.pth
====================================================================================================================================
[SAT-TEST] scenario=clear_leo selected=test_unseen_day_unseen_rx overall_tx=45.39% strict_udu=45.39% (27233/60000)
[SAT-TEST] scenario=low_elev_leo selected=test_unseen_day_unseen_rx overall_tx=45.59% strict_udu=45.59% (27351/60000)
[SAT-TEST] scenario=rain_leo selected=test_unseen_day_unseen_rx overall_tx=43.25% strict_udu=43.25% (25952/60000)
[SAT-TEST] scenario=storm_mp selected=test_unseen_day_unseen_rx overall_tx=37.14% strict_udu=37.14% (22285/60000)
[SAT-TEST] scenario=mixed_orbit selected=test_unseen_day_unseen_rx overall_tx=40.63% strict_udu=40.63% (24381/60000)
[BEST-TEST] overall=90.14% @ E054 -> finalist_runs/D4_domain_no_pa_no_stats_seed1337/best_model_test_overall.pth | unseen_day_unseen_rx=85.44% @ E054 -> finalist_runs/D4_domain_no_pa_no_stats_seed1337/best_model_strict_udu.pth | unseen_day_seen_rx=94.29% @ E057 | seen_day_unseen_rx=90.29% @ E054
[BEST-PRIMARY] score=87.09 @ E054 -> finalist_runs/D4_domain_no_pa_no_stats_seed1337/best_model_primary_ood.pth | overall=90.14% strict_udu=85.44%
[BEST-WORST-RX] worst_rx=84.38% (test_rx_7) @ E063 -> finalist_runs/D4_domain_no_pa_no_stats_seed1337/best_model_worst_rx.pth
====================================================================================================================================
[Epoch 067/200] time=79.9s | lr=1.50e-04 | aux_scale=1.000
[STAGE] phase=S2_stabilize_aux | use_aux=1.0 cons=0.57 cls_aux=0.52 reg=0.65 joint_inv=0.28 kl=0.39 group_ce=0.90
[MIXSTYLE-EPOCH] phase=base enabled=1 p=0.150 strength=0.650 anneal_t=0.000
[AUG] scale=0.350 | p_dac=0.000 p_pa=0.049 p_shift=0.122 p_cfo=0.122 p_awgn=0.140 p_mp=0.063 | max_shift=11 cfo_max=0.00014 pn_max=0.0021
------------------------------------------------------------------------------------------------------------------------------------
[LOSS-CORE] total=4.7862 cls=1.7146 dom=0.6727 adv=2.6224 orth=0.0024 cons=0.1913 group_ce=2.8500
[LOSS-AUX]  cls_pa=2.2491 cls_dac=0.0000 pa_joint_inv=0.2789 pa_kl=2.0174 dac_reg=0.0000 pa_reg=0.0151 gap_dac=0.0000 gap_pa=0.2636 cos_joint_pa=0.7211 cos_imp_pa=nan
[LOSS-SAT]  cls_sat=9.8078 sat_cons=0.7360 sat_cos=0.2640
[LOSS-DG]   proto=0.0000 proto_cos=nan supcon=0.0000 fishr=0.0016 sgc_res=0.0000
[LOSS-CAL]  ecc=0.0000 ecc_w=0.0000 ecc_tau=0.9500 ecc_maxp=nan
[TRAIN] tx=86.04% dom=75.03% cons_cos=0.8086
[GRAD]  total=3.812 backbone=1.000 aux=0.750 domain=0.490
[VAL]   tx=98.82% dom=90.04%
[TEST]  overall_tx=90.20% (183999/204000)
[TEST-SPLIT]
          unseen_day_seen_rx(days=['2021_03_15', '2021_03_23'], rxs=[0, 1, 2, 3, 4, 5, 6]): tx=93.89% (78871/84000)
          seen_day_unseen_rx(days=['2021_03_01', '2021_03_08'], rxs=[7, 8, 9, 10, 11]): tx=90.02% (54011/60000)
          unseen_day_unseen_rx(days=['2021_03_15', '2021_03_23'], rxs=[7, 8, 9, 10, 11]): tx=85.19% (51117/60000)
          day=2021_03_15 on seen_rxs=[0, 1, 2, 3, 4, 5, 6]: tx=94.55% (39709/42000)
          day=2021_03_23 on seen_rxs=[0, 1, 2, 3, 4, 5, 6]: tx=93.24% (39162/42000)
          rx=7 on seen_days=['2021_03_01', '2021_03_08']: tx=87.03% (10444/12000)
          rx=8 on seen_days=['2021_03_01', '2021_03_08']: tx=84.58% (10149/12000)
          rx=9 on seen_days=['2021_03_01', '2021_03_08']: tx=91.33% (10960/12000)
          rx=10 on seen_days=['2021_03_01', '2021_03_08']: tx=93.24% (11189/12000)
          rx=11 on seen_days=['2021_03_01', '2021_03_08']: tx=93.91% (11269/12000)
[BEST-JOINT]  val_tx=98.84% & test_tx=88.34% @ E065
[CKPT]  latest -> finalist_runs/D4_domain_no_pa_no_stats_seed1337/latest_model.pth (saved) | best -> finalist_runs/D4_domain_no_pa_no_stats_seed1337/best_model_val.pth
====================================================================================================================================
[SAT-TEST] scenario=clear_leo selected=test_unseen_day_unseen_rx overall_tx=43.96% strict_udu=43.96% (26376/60000)
[SAT-TEST] scenario=low_elev_leo selected=test_unseen_day_unseen_rx overall_tx=43.85% strict_udu=43.85% (26312/60000)
[SAT-TEST] scenario=rain_leo selected=test_unseen_day_unseen_rx overall_tx=41.49% strict_udu=41.49% (24896/60000)
[SAT-TEST] scenario=storm_mp selected=test_unseen_day_unseen_rx overall_tx=36.69% strict_udu=36.69% (22016/60000)
[SAT-TEST] scenario=mixed_orbit selected=test_unseen_day_unseen_rx overall_tx=39.66% strict_udu=39.66% (23797/60000)
[BEST-TEST] overall=90.20% @ E067 -> finalist_runs/D4_domain_no_pa_no_stats_seed1337/best_model_test_overall.pth | unseen_day_unseen_rx=85.44% @ E054 -> finalist_runs/D4_domain_no_pa_no_stats_seed1337/best_model_strict_udu.pth | unseen_day_seen_rx=94.29% @ E057 | seen_day_unseen_rx=90.29% @ E054
[BEST-PRIMARY] score=87.09 @ E054 -> finalist_runs/D4_domain_no_pa_no_stats_seed1337/best_model_primary_ood.pth | overall=90.14% strict_udu=85.44%
[BEST-WORST-RX] worst_rx=84.58% (test_rx_8) @ E067 -> finalist_runs/D4_domain_no_pa_no_stats_seed1337/best_model_worst_rx.pth
====================================================================================================================================
[Epoch 068/200] time=81.0s | lr=1.48e-04 | aux_scale=1.000
[STAGE] phase=S2_stabilize_aux | use_aux=1.0 cons=0.58 cls_aux=0.53 reg=0.66 joint_inv=0.29 kl=0.39 group_ce=0.91
[MIXSTYLE-EPOCH] phase=base enabled=1 p=0.150 strength=0.650 anneal_t=0.000
[AUG] scale=0.350 | p_dac=0.000 p_pa=0.049 p_shift=0.122 p_cfo=0.122 p_awgn=0.140 p_mp=0.063 | max_shift=11 cfo_max=0.00014 pn_max=0.0021
------------------------------------------------------------------------------------------------------------------------------------
[LOSS-CORE] total=5.0046 cls=1.8898 dom=0.7044 adv=2.6159 orth=0.0025 cons=0.2034 group_ce=3.0795
[LOSS-AUX]  cls_pa=2.0952 cls_dac=0.0000 pa_joint_inv=0.2758 pa_kl=1.8787 dac_reg=0.0000 pa_reg=0.0154 gap_dac=0.0000 gap_pa=0.2630 cos_joint_pa=0.7242 cos_imp_pa=nan
[LOSS-SAT]  cls_sat=9.7323 sat_cons=0.7298 sat_cos=0.2702
[LOSS-DG]   proto=0.0000 proto_cos=nan supcon=0.0000 fishr=0.0017 sgc_res=0.0000
[LOSS-CAL]  ecc=0.0000 ecc_w=0.0000 ecc_tau=0.9500 ecc_maxp=nan
[TRAIN] tx=84.70% dom=73.79% cons_cos=0.7966
[GRAD]  total=3.725 backbone=1.000 aux=0.750 domain=0.489
[VAL]   tx=98.77% dom=90.72%
[TEST]  overall_tx=89.06% (181680/204000)
[TEST-SPLIT]
          unseen_day_seen_rx(days=['2021_03_15', '2021_03_23'], rxs=[0, 1, 2, 3, 4, 5, 6]): tx=93.34% (78402/84000)
          seen_day_unseen_rx(days=['2021_03_01', '2021_03_08'], rxs=[7, 8, 9, 10, 11]): tx=88.72% (53231/60000)
          unseen_day_unseen_rx(days=['2021_03_15', '2021_03_23'], rxs=[7, 8, 9, 10, 11]): tx=83.41% (50047/60000)
          day=2021_03_15 on seen_rxs=[0, 1, 2, 3, 4, 5, 6]: tx=93.78% (39389/42000)
          day=2021_03_23 on seen_rxs=[0, 1, 2, 3, 4, 5, 6]: tx=92.89% (39013/42000)
          rx=7 on seen_days=['2021_03_01', '2021_03_08']: tx=85.08% (10210/12000)
          rx=8 on seen_days=['2021_03_01', '2021_03_08']: tx=82.31% (9877/12000)
          rx=9 on seen_days=['2021_03_01', '2021_03_08']: tx=89.58% (10749/12000)
          rx=10 on seen_days=['2021_03_01', '2021_03_08']: tx=93.86% (11263/12000)
          rx=11 on seen_days=['2021_03_01', '2021_03_08']: tx=92.77% (11132/12000)
[BEST-JOINT]  val_tx=98.84% & test_tx=88.34% @ E065
[CKPT]  latest -> finalist_runs/D4_domain_no_pa_no_stats_seed1337/latest_model.pth (saved) | best -> finalist_runs/D4_domain_no_pa_no_stats_seed1337/best_model_val.pth
====================================================================================================================================
[SAT-TEST] scenario=clear_leo selected=test_unseen_day_unseen_rx overall_tx=41.51% strict_udu=41.51% (24905/60000)
[SAT-TEST] scenario=low_elev_leo selected=test_unseen_day_unseen_rx overall_tx=41.16% strict_udu=41.16% (24699/60000)
[SAT-TEST] scenario=rain_leo selected=test_unseen_day_unseen_rx overall_tx=39.09% strict_udu=39.09% (23457/60000)
[SAT-TEST] scenario=storm_mp selected=test_unseen_day_unseen_rx overall_tx=35.74% strict_udu=35.74% (21446/60000)
[SAT-TEST] scenario=mixed_orbit selected=test_unseen_day_unseen_rx overall_tx=38.17% strict_udu=38.17% (22903/60000)
[BEST-TEST] overall=90.20% @ E067 -> finalist_runs/D4_domain_no_pa_no_stats_seed1337/best_model_test_overall.pth | unseen_day_unseen_rx=85.44% @ E054 -> finalist_runs/D4_domain_no_pa_no_stats_seed1337/best_model_strict_udu.pth | unseen_day_seen_rx=94.29% @ E057 | seen_day_unseen_rx=90.29% @ E054
[BEST-PRIMARY] score=87.09 @ E054 -> finalist_runs/D4_domain_no_pa_no_stats_seed1337/best_model_primary_ood.pth | overall=90.14% strict_udu=85.44%
[BEST-WORST-RX] worst_rx=84.58% (test_rx_8) @ E067 -> finalist_runs/D4_domain_no_pa_no_stats_seed1337/best_model_worst_rx.pth
====================================================================================================================================
[Epoch 069/200] time=79.6s | lr=1.47e-04 | aux_scale=1.000
[STAGE] phase=S2_stabilize_aux | use_aux=1.0 cons=0.60 cls_aux=0.55 reg=0.67 joint_inv=0.29 kl=0.40 group_ce=0.92
[MIXSTYLE-EPOCH] phase=base enabled=1 p=0.150 strength=0.650 anneal_t=0.000
[AUG] scale=0.350 | p_dac=0.000 p_pa=0.049 p_shift=0.122 p_cfo=0.122 p_awgn=0.140 p_mp=0.063 | max_shift=11 cfo_max=0.00014 pn_max=0.0021
------------------------------------------------------------------------------------------------------------------------------------
[LOSS-CORE] total=4.6603 cls=1.5823 dom=0.6821 adv=2.6182 orth=0.0028 cons=0.1923 group_ce=2.7278
[LOSS-AUX]  cls_pa=2.0606 cls_dac=0.0000 pa_joint_inv=0.2702 pa_kl=1.8497 dac_reg=0.0000 pa_reg=0.0149 gap_dac=0.0000 gap_pa=0.2705 cos_joint_pa=0.7298 cos_imp_pa=nan
[LOSS-SAT]  cls_sat=9.7915 sat_cons=0.7309 sat_cos=0.2691
[LOSS-DG]   proto=0.0000 proto_cos=nan supcon=0.0000 fishr=0.0016 sgc_res=0.0000
[LOSS-CAL]  ecc=0.0000 ecc_w=0.0000 ecc_tau=0.9500 ecc_maxp=nan
[TRAIN] tx=86.89% dom=74.47% cons_cos=0.8077
[GRAD]  total=3.928 backbone=1.000 aux=0.750 domain=0.494
[VAL]   tx=98.79% dom=91.09%
[TEST]  overall_tx=89.90% (183397/204000)
[TEST-SPLIT]
          unseen_day_seen_rx(days=['2021_03_15', '2021_03_23'], rxs=[0, 1, 2, 3, 4, 5, 6]): tx=93.92% (78893/84000)
          seen_day_unseen_rx(days=['2021_03_01', '2021_03_08'], rxs=[7, 8, 9, 10, 11]): tx=89.79% (53876/60000)
          unseen_day_unseen_rx(days=['2021_03_15', '2021_03_23'], rxs=[7, 8, 9, 10, 11]): tx=84.38% (50628/60000)
          day=2021_03_15 on seen_rxs=[0, 1, 2, 3, 4, 5, 6]: tx=94.75% (39797/42000)
          day=2021_03_23 on seen_rxs=[0, 1, 2, 3, 4, 5, 6]: tx=93.09% (39096/42000)
          rx=7 on seen_days=['2021_03_01', '2021_03_08']: tx=84.70% (10164/12000)
          rx=8 on seen_days=['2021_03_01', '2021_03_08']: tx=83.69% (10043/12000)
          rx=9 on seen_days=['2021_03_01', '2021_03_08']: tx=90.70% (10884/12000)
          rx=10 on seen_days=['2021_03_01', '2021_03_08']: tx=95.61% (11473/12000)
          rx=11 on seen_days=['2021_03_01', '2021_03_08']: tx=94.27% (11312/12000)
[BEST-JOINT]  val_tx=98.84% & test_tx=88.34% @ E065
[CKPT]  latest -> finalist_runs/D4_domain_no_pa_no_stats_seed1337/latest_model.pth (saved) | best -> finalist_runs/D4_domain_no_pa_no_stats_seed1337/best_model_val.pth
====================================================================================================================================
[SAT-TEST] scenario=clear_leo selected=test_unseen_day_unseen_rx overall_tx=43.20% strict_udu=43.20% (25923/60000)
[SAT-TEST] scenario=low_elev_leo selected=test_unseen_day_unseen_rx overall_tx=44.10% strict_udu=44.10% (26461/60000)
[SAT-TEST] scenario=rain_leo selected=test_unseen_day_unseen_rx overall_tx=41.62% strict_udu=41.62% (24975/60000)
[SAT-TEST] scenario=storm_mp selected=test_unseen_day_unseen_rx overall_tx=36.81% strict_udu=36.81% (22084/60000)
[SAT-TEST] scenario=mixed_orbit selected=test_unseen_day_unseen_rx overall_tx=38.69% strict_udu=38.69% (23211/60000)
[BEST-TEST] overall=90.20% @ E067 -> finalist_runs/D4_domain_no_pa_no_stats_seed1337/best_model_test_overall.pth | unseen_day_unseen_rx=85.44% @ E054 -> finalist_runs/D4_domain_no_pa_no_stats_seed1337/best_model_strict_udu.pth | unseen_day_seen_rx=94.29% @ E057 | seen_day_unseen_rx=90.29% @ E054
[BEST-PRIMARY] score=87.09 @ E054 -> finalist_runs/D4_domain_no_pa_no_stats_seed1337/best_model_primary_ood.pth | overall=90.14% strict_udu=85.44%
[BEST-WORST-RX] worst_rx=84.58% (test_rx_8) @ E067 -> finalist_runs/D4_domain_no_pa_no_stats_seed1337/best_model_worst_rx.pth
====================================================================================================================================
[Epoch 070/200] time=80.1s | lr=1.46e-04 | aux_scale=1.000
[STAGE] phase=S2_stabilize_aux | use_aux=1.0 cons=0.61 cls_aux=0.56 reg=0.68 joint_inv=0.30 kl=0.41 group_ce=0.92
[MIXSTYLE-EPOCH] phase=base enabled=1 p=0.150 strength=0.650 anneal_t=0.000
[AUG] scale=0.350 | p_dac=0.000 p_pa=0.049 p_shift=0.122 p_cfo=0.122 p_awgn=0.140 p_mp=0.063 | max_shift=11 cfo_max=0.00014 pn_max=0.0021
------------------------------------------------------------------------------------------------------------------------------------
[LOSS-CORE] total=4.5580 cls=1.5307 dom=0.6377 adv=2.6183 orth=0.0024 cons=0.1868 group_ce=2.6305
[LOSS-AUX]  cls_pa=1.9762 cls_dac=0.0000 pa_joint_inv=0.2670 pa_kl=1.7816 dac_reg=0.0000 pa_reg=0.0148 gap_dac=0.0000 gap_pa=0.2690 cos_joint_pa=0.7330 cos_imp_pa=nan
[LOSS-SAT]  cls_sat=9.7474 sat_cons=0.7321 sat_cos=0.2679
[LOSS-DG]   proto=0.0000 proto_cos=nan supcon=0.0000 fishr=0.0016 sgc_res=0.0000
[LOSS-CAL]  ecc=0.0000 ecc_w=0.0000 ecc_tau=0.9500 ecc_maxp=nan
[TRAIN] tx=87.60% dom=76.07% cons_cos=0.8132
[GRAD]  total=4.045 backbone=1.000 aux=0.750 domain=0.495
[VAL]   tx=98.74% dom=90.78%
[TEST]  overall_tx=88.73% (181017/204000)
[TEST-SPLIT]
          unseen_day_seen_rx(days=['2021_03_15', '2021_03_23'], rxs=[0, 1, 2, 3, 4, 5, 6]): tx=93.08% (78187/84000)
          seen_day_unseen_rx(days=['2021_03_01', '2021_03_08'], rxs=[7, 8, 9, 10, 11]): tx=88.04% (52826/60000)
          unseen_day_unseen_rx(days=['2021_03_15', '2021_03_23'], rxs=[7, 8, 9, 10, 11]): tx=83.34% (50004/60000)
          day=2021_03_15 on seen_rxs=[0, 1, 2, 3, 4, 5, 6]: tx=94.54% (39706/42000)
          day=2021_03_23 on seen_rxs=[0, 1, 2, 3, 4, 5, 6]: tx=91.62% (38481/42000)
          rx=7 on seen_days=['2021_03_01', '2021_03_08']: tx=79.58% (9549/12000)
          rx=8 on seen_days=['2021_03_01', '2021_03_08']: tx=84.42% (10130/12000)
          rx=9 on seen_days=['2021_03_01', '2021_03_08']: tx=90.66% (10879/12000)
          rx=10 on seen_days=['2021_03_01', '2021_03_08']: tx=89.81% (10777/12000)
          rx=11 on seen_days=['2021_03_01', '2021_03_08']: tx=95.76% (11491/12000)
[BEST-JOINT]  val_tx=98.84% & test_tx=88.34% @ E065
[CKPT]  latest -> finalist_runs/D4_domain_no_pa_no_stats_seed1337/latest_model.pth (saved) | best -> finalist_runs/D4_domain_no_pa_no_stats_seed1337/best_model_val.pth
====================================================================================================================================
[SAT-TEST] scenario=clear_leo selected=test_unseen_day_unseen_rx overall_tx=43.30% strict_udu=43.30% (25981/60000)
[SAT-TEST] scenario=low_elev_leo selected=test_unseen_day_unseen_rx overall_tx=43.17% strict_udu=43.17% (25901/60000)
[SAT-TEST] scenario=rain_leo selected=test_unseen_day_unseen_rx overall_tx=41.24% strict_udu=41.24% (24746/60000)
[SAT-TEST] scenario=storm_mp selected=test_unseen_day_unseen_rx overall_tx=36.92% strict_udu=36.92% (22153/60000)
[SAT-TEST] scenario=mixed_orbit selected=test_unseen_day_unseen_rx overall_tx=39.12% strict_udu=39.12% (23469/60000)
[BEST-TEST] overall=90.20% @ E067 -> finalist_runs/D4_domain_no_pa_no_stats_seed1337/best_model_test_overall.pth | unseen_day_unseen_rx=85.44% @ E054 -> finalist_runs/D4_domain_no_pa_no_stats_seed1337/best_model_strict_udu.pth | unseen_day_seen_rx=94.29% @ E057 | seen_day_unseen_rx=90.29% @ E054
[BEST-PRIMARY] score=87.09 @ E054 -> finalist_runs/D4_domain_no_pa_no_stats_seed1337/best_model_primary_ood.pth | overall=90.14% strict_udu=85.44%
[BEST-WORST-RX] worst_rx=84.58% (test_rx_8) @ E067 -> finalist_runs/D4_domain_no_pa_no_stats_seed1337/best_model_worst_rx.pth
[WARN][E071] unsafe backward/step skipped #8
[WARN][E071] unsafe backward/step skipped #9
====================================================================================================================================
[Epoch 071/200] time=81.2s | lr=1.44e-04 | aux_scale=1.000
[STAGE] phase=S2_stabilize_aux | use_aux=1.0 cons=0.62 cls_aux=0.57 reg=0.70 joint_inv=0.30 kl=0.42 group_ce=0.93
[MIXSTYLE-EPOCH] phase=base enabled=1 p=0.150 strength=0.650 anneal_t=0.000
[AUG] scale=0.350 | p_dac=0.000 p_pa=0.049 p_shift=0.122 p_cfo=0.122 p_awgn=0.140 p_mp=0.063 | max_shift=11 cfo_max=0.00014 pn_max=0.0021
------------------------------------------------------------------------------------------------------------------------------------
[LOSS-CORE] total=4.9141 cls=1.7709 dom=0.6996 adv=2.6209 orth=0.0024 cons=0.1891 group_ce=2.8717
[LOSS-AUX]  cls_pa=2.1163 cls_dac=0.0000 pa_joint_inv=0.2681 pa_kl=1.9131 dac_reg=0.0000 pa_reg=0.0149 gap_dac=0.0000 gap_pa=0.2677 cos_joint_pa=0.7319 cos_imp_pa=nan
[LOSS-SAT]  cls_sat=9.7115 sat_cons=0.7278 sat_cos=0.2722
[LOSS-DG]   proto=0.0000 proto_cos=nan supcon=0.0000 fishr=0.0015 sgc_res=0.0000
[LOSS-CAL]  ecc=0.0000 ecc_w=0.0000 ecc_tau=0.9500 ecc_maxp=nan
[TRAIN] tx=85.82% dom=73.12% cons_cos=0.8048
[GRAD]  total=4.067 backbone=1.000 aux=0.750 domain=0.490
[VAL]   tx=98.76% dom=90.76%
[TEST]  overall_tx=89.20% (181977/204000)
[TEST-SPLIT]
          unseen_day_seen_rx(days=['2021_03_15', '2021_03_23'], rxs=[0, 1, 2, 3, 4, 5, 6]): tx=92.90% (78034/84000)
          seen_day_unseen_rx(days=['2021_03_01', '2021_03_08'], rxs=[7, 8, 9, 10, 11]): tx=88.80% (53277/60000)
          unseen_day_unseen_rx(days=['2021_03_15', '2021_03_23'], rxs=[7, 8, 9, 10, 11]): tx=84.44% (50666/60000)
          day=2021_03_15 on seen_rxs=[0, 1, 2, 3, 4, 5, 6]: tx=94.95% (39881/42000)
          day=2021_03_23 on seen_rxs=[0, 1, 2, 3, 4, 5, 6]: tx=90.84% (38153/42000)
          rx=7 on seen_days=['2021_03_01', '2021_03_08']: tx=83.36% (10003/12000)
          rx=8 on seen_days=['2021_03_01', '2021_03_08']: tx=84.18% (10102/12000)
          rx=9 on seen_days=['2021_03_01', '2021_03_08']: tx=90.71% (10885/12000)
          rx=10 on seen_days=['2021_03_01', '2021_03_08']: tx=90.74% (10889/12000)
          rx=11 on seen_days=['2021_03_01', '2021_03_08']: tx=94.98% (11398/12000)
[BEST-JOINT]  val_tx=98.84% & test_tx=88.34% @ E065
[CKPT]  latest -> finalist_runs/D4_domain_no_pa_no_stats_seed1337/latest_model.pth (saved) | best -> finalist_runs/D4_domain_no_pa_no_stats_seed1337/best_model_val.pth
====================================================================================================================================
[SAT-TEST] scenario=clear_leo selected=test_unseen_day_unseen_rx overall_tx=43.67% strict_udu=43.67% (26202/60000)
[SAT-TEST] scenario=low_elev_leo selected=test_unseen_day_unseen_rx overall_tx=43.38% strict_udu=43.38% (26029/60000)
[SAT-TEST] scenario=rain_leo selected=test_unseen_day_unseen_rx overall_tx=41.57% strict_udu=41.57% (24940/60000)
[SAT-TEST] scenario=storm_mp selected=test_unseen_day_unseen_rx overall_tx=36.37% strict_udu=36.37% (21821/60000)
[SAT-TEST] scenario=mixed_orbit selected=test_unseen_day_unseen_rx overall_tx=39.21% strict_udu=39.21% (23524/60000)
[BEST-TEST] overall=90.20% @ E067 -> finalist_runs/D4_domain_no_pa_no_stats_seed1337/best_model_test_overall.pth | unseen_day_unseen_rx=85.44% @ E054 -> finalist_runs/D4_domain_no_pa_no_stats_seed1337/best_model_strict_udu.pth | unseen_day_seen_rx=94.29% @ E057 | seen_day_unseen_rx=90.29% @ E054
[BEST-PRIMARY] score=87.09 @ E054 -> finalist_runs/D4_domain_no_pa_no_stats_seed1337/best_model_primary_ood.pth | overall=90.14% strict_udu=85.44%
[BEST-WORST-RX] worst_rx=84.58% (test_rx_8) @ E067 -> finalist_runs/D4_domain_no_pa_no_stats_seed1337/best_model_worst_rx.pth
====================================================================================================================================
[Epoch 072/200] time=79.7s | lr=1.43e-04 | aux_scale=1.000
[STAGE] phase=S2_stabilize_aux | use_aux=1.0 cons=0.64 cls_aux=0.59 reg=0.71 joint_inv=0.31 kl=0.43 group_ce=0.94
[MIXSTYLE-EPOCH] phase=base enabled=1 p=0.150 strength=0.650 anneal_t=0.000
[AUG] scale=0.350 | p_dac=0.000 p_pa=0.049 p_shift=0.122 p_cfo=0.122 p_awgn=0.140 p_mp=0.063 | max_shift=11 cfo_max=0.00014 pn_max=0.0021
------------------------------------------------------------------------------------------------------------------------------------
[LOSS-CORE] total=4.9449 cls=1.8062 dom=0.6895 adv=2.6219 orth=0.0026 cons=0.1962 group_ce=2.9432
[LOSS-AUX]  cls_pa=2.0552 cls_dac=0.0000 pa_joint_inv=0.2697 pa_kl=1.8389 dac_reg=0.0000 pa_reg=0.0148 gap_dac=0.0000 gap_pa=0.2668 cos_joint_pa=0.7303 cos_imp_pa=nan
[LOSS-SAT]  cls_sat=9.5711 sat_cons=0.7225 sat_cos=0.2775
[LOSS-DG]   proto=0.0000 proto_cos=nan supcon=0.0000 fishr=0.0016 sgc_res=0.0000
[LOSS-CAL]  ecc=0.0000 ecc_w=0.0000 ecc_tau=0.9500 ecc_maxp=nan
[TRAIN] tx=85.36% dom=74.46% cons_cos=0.8039
[GRAD]  total=4.063 backbone=1.000 aux=0.750 domain=0.490
[VAL]   tx=98.79% dom=89.99%
[TEST]  overall_tx=89.64% (182858/204000)
[TEST-SPLIT]
          unseen_day_seen_rx(days=['2021_03_15', '2021_03_23'], rxs=[0, 1, 2, 3, 4, 5, 6]): tx=93.68% (78691/84000)
          seen_day_unseen_rx(days=['2021_03_01', '2021_03_08'], rxs=[7, 8, 9, 10, 11]): tx=89.93% (53958/60000)
          unseen_day_unseen_rx(days=['2021_03_15', '2021_03_23'], rxs=[7, 8, 9, 10, 11]): tx=83.68% (50209/60000)
          day=2021_03_15 on seen_rxs=[0, 1, 2, 3, 4, 5, 6]: tx=94.36% (39633/42000)
          day=2021_03_23 on seen_rxs=[0, 1, 2, 3, 4, 5, 6]: tx=93.00% (39058/42000)
          rx=7 on seen_days=['2021_03_01', '2021_03_08']: tx=83.94% (10073/12000)
          rx=8 on seen_days=['2021_03_01', '2021_03_08']: tx=82.74% (9929/12000)
          rx=9 on seen_days=['2021_03_01', '2021_03_08']: tx=93.13% (11176/12000)
          rx=10 on seen_days=['2021_03_01', '2021_03_08']: tx=93.22% (11187/12000)
          rx=11 on seen_days=['2021_03_01', '2021_03_08']: tx=96.61% (11593/12000)
[BEST-JOINT]  val_tx=98.84% & test_tx=88.34% @ E065
[CKPT]  latest -> finalist_runs/D4_domain_no_pa_no_stats_seed1337/latest_model.pth (saved) | best -> finalist_runs/D4_domain_no_pa_no_stats_seed1337/best_model_val.pth
====================================================================================================================================
[SAT-TEST] scenario=clear_leo selected=test_unseen_day_unseen_rx overall_tx=43.86% strict_udu=43.86% (26314/60000)
[SAT-TEST] scenario=low_elev_leo selected=test_unseen_day_unseen_rx overall_tx=43.91% strict_udu=43.91% (26348/60000)
[SAT-TEST] scenario=rain_leo selected=test_unseen_day_unseen_rx overall_tx=41.97% strict_udu=41.97% (25183/60000)
[SAT-TEST] scenario=storm_mp selected=test_unseen_day_unseen_rx overall_tx=37.27% strict_udu=37.27% (22359/60000)
[SAT-TEST] scenario=mixed_orbit selected=test_unseen_day_unseen_rx overall_tx=39.53% strict_udu=39.53% (23721/60000)
[BEST-TEST] overall=90.20% @ E067 -> finalist_runs/D4_domain_no_pa_no_stats_seed1337/best_model_test_overall.pth | unseen_day_unseen_rx=85.44% @ E054 -> finalist_runs/D4_domain_no_pa_no_stats_seed1337/best_model_strict_udu.pth | unseen_day_seen_rx=94.29% @ E057 | seen_day_unseen_rx=90.29% @ E054
[BEST-PRIMARY] score=87.09 @ E054 -> finalist_runs/D4_domain_no_pa_no_stats_seed1337/best_model_primary_ood.pth | overall=90.14% strict_udu=85.44%
[BEST-WORST-RX] worst_rx=84.58% (test_rx_8) @ E067 -> finalist_runs/D4_domain_no_pa_no_stats_seed1337/best_model_worst_rx.pth
====================================================================================================================================
[Epoch 073/200] time=81.7s | lr=1.41e-04 | aux_scale=1.000
[STAGE] phase=S2_stabilize_aux | use_aux=1.0 cons=0.65 cls_aux=0.60 reg=0.72 joint_inv=0.31 kl=0.44 group_ce=0.94
[MIXSTYLE-EPOCH] phase=base enabled=1 p=0.150 strength=0.650 anneal_t=0.000
[AUG] scale=0.350 | p_dac=0.000 p_pa=0.049 p_shift=0.122 p_cfo=0.122 p_awgn=0.140 p_mp=0.063 | max_shift=11 cfo_max=0.00014 pn_max=0.0021
------------------------------------------------------------------------------------------------------------------------------------
[LOSS-CORE] total=5.0944 cls=1.9115 dom=0.7028 adv=2.6248 orth=0.0025 cons=0.1854 group_ce=2.9823
[LOSS-AUX]  cls_pa=2.0988 cls_dac=0.0000 pa_joint_inv=0.2650 pa_kl=1.8766 dac_reg=0.0000 pa_reg=0.0154 gap_dac=0.0000 gap_pa=0.2607 cos_joint_pa=0.7350 cos_imp_pa=nan
[LOSS-SAT]  cls_sat=9.6223 sat_cons=0.7156 sat_cos=0.2844
[LOSS-DG]   proto=0.0000 proto_cos=nan supcon=0.0000 fishr=0.0017 sgc_res=0.0000
[LOSS-CAL]  ecc=0.0000 ecc_w=0.0000 ecc_tau=0.9500 ecc_maxp=nan
[TRAIN] tx=84.45% dom=74.57% cons_cos=0.8146
[GRAD]  total=4.264 backbone=1.000 aux=0.750 domain=0.488
[VAL]   tx=98.62% dom=90.75%
[TEST]  overall_tx=88.22% (179965/204000)
[TEST-SPLIT]
          unseen_day_seen_rx(days=['2021_03_15', '2021_03_23'], rxs=[0, 1, 2, 3, 4, 5, 6]): tx=92.88% (78016/84000)
          seen_day_unseen_rx(days=['2021_03_01', '2021_03_08'], rxs=[7, 8, 9, 10, 11]): tx=87.14% (52281/60000)
          unseen_day_unseen_rx(days=['2021_03_15', '2021_03_23'], rxs=[7, 8, 9, 10, 11]): tx=82.78% (49668/60000)
          day=2021_03_15 on seen_rxs=[0, 1, 2, 3, 4, 5, 6]: tx=93.59% (39307/42000)
          day=2021_03_23 on seen_rxs=[0, 1, 2, 3, 4, 5, 6]: tx=92.16% (38709/42000)
          rx=7 on seen_days=['2021_03_01', '2021_03_08']: tx=79.28% (9513/12000)
          rx=8 on seen_days=['2021_03_01', '2021_03_08']: tx=83.05% (9966/12000)
          rx=9 on seen_days=['2021_03_01', '2021_03_08']: tx=89.64% (10757/12000)
          rx=10 on seen_days=['2021_03_01', '2021_03_08']: tx=87.62% (10514/12000)
          rx=11 on seen_days=['2021_03_01', '2021_03_08']: tx=96.09% (11531/12000)
[BEST-JOINT]  val_tx=98.84% & test_tx=88.34% @ E065
[CKPT]  latest -> finalist_runs/D4_domain_no_pa_no_stats_seed1337/latest_model.pth (saved) | best -> finalist_runs/D4_domain_no_pa_no_stats_seed1337/best_model_val.pth
====================================================================================================================================
[SAT-TEST] scenario=clear_leo selected=test_unseen_day_unseen_rx overall_tx=42.08% strict_udu=42.08% (25245/60000)
[SAT-TEST] scenario=low_elev_leo selected=test_unseen_day_unseen_rx overall_tx=41.26% strict_udu=41.26% (24757/60000)
[SAT-TEST] scenario=rain_leo selected=test_unseen_day_unseen_rx overall_tx=39.77% strict_udu=39.77% (23862/60000)
[SAT-TEST] scenario=storm_mp selected=test_unseen_day_unseen_rx overall_tx=35.62% strict_udu=35.62% (21370/60000)
[SAT-TEST] scenario=mixed_orbit selected=test_unseen_day_unseen_rx overall_tx=38.40% strict_udu=38.40% (23041/60000)
[BEST-TEST] overall=90.20% @ E067 -> finalist_runs/D4_domain_no_pa_no_stats_seed1337/best_model_test_overall.pth | unseen_day_unseen_rx=85.44% @ E054 -> finalist_runs/D4_domain_no_pa_no_stats_seed1337/best_model_strict_udu.pth | unseen_day_seen_rx=94.29% @ E057 | seen_day_unseen_rx=90.29% @ E054
[BEST-PRIMARY] score=87.09 @ E054 -> finalist_runs/D4_domain_no_pa_no_stats_seed1337/best_model_primary_ood.pth | overall=90.14% strict_udu=85.44%
[BEST-WORST-RX] worst_rx=84.58% (test_rx_8) @ E067 -> finalist_runs/D4_domain_no_pa_no_stats_seed1337/best_model_worst_rx.pth
====================================================================================================================================
[Epoch 074/200] time=79.7s | lr=1.40e-04 | aux_scale=1.000
[STAGE] phase=S2_stabilize_aux | use_aux=1.0 cons=0.66 cls_aux=0.61 reg=0.73 joint_inv=0.32 kl=0.44 group_ce=0.95
[MIXSTYLE-EPOCH] phase=base enabled=1 p=0.150 strength=0.650 anneal_t=0.000
[AUG] scale=0.350 | p_dac=0.000 p_pa=0.049 p_shift=0.122 p_cfo=0.122 p_awgn=0.140 p_mp=0.063 | max_shift=11 cfo_max=0.00014 pn_max=0.0021
------------------------------------------------------------------------------------------------------------------------------------
[LOSS-CORE] total=5.4100 cls=2.1357 dom=0.7546 adv=2.6158 orth=0.0024 cons=0.2089 group_ce=3.3899
[LOSS-AUX]  cls_pa=1.9600 cls_dac=0.0000 pa_joint_inv=0.2599 pa_kl=1.7387 dac_reg=0.0000 pa_reg=0.0150 gap_dac=0.0000 gap_pa=0.2600 cos_joint_pa=0.7401 cos_imp_pa=nan
[LOSS-SAT]  cls_sat=9.6708 sat_cons=0.7233 sat_cos=0.2767
[LOSS-DG]   proto=0.0000 proto_cos=nan supcon=0.0000 fishr=0.0021 sgc_res=0.0000
[LOSS-CAL]  ecc=0.0000 ecc_w=0.0000 ecc_tau=0.9500 ecc_maxp=nan
[TRAIN] tx=82.50% dom=71.97% cons_cos=0.7911
[GRAD]  total=4.262 backbone=1.000 aux=0.750 domain=0.494
[VAL]   tx=98.85% dom=90.57%
[TEST]  overall_tx=89.77% (183135/204000)
[TEST-SPLIT]
          unseen_day_seen_rx(days=['2021_03_15', '2021_03_23'], rxs=[0, 1, 2, 3, 4, 5, 6]): tx=93.52% (78560/84000)
          seen_day_unseen_rx(days=['2021_03_01', '2021_03_08'], rxs=[7, 8, 9, 10, 11]): tx=89.75% (53847/60000)
          unseen_day_unseen_rx(days=['2021_03_15', '2021_03_23'], rxs=[7, 8, 9, 10, 11]): tx=84.55% (50728/60000)
          day=2021_03_15 on seen_rxs=[0, 1, 2, 3, 4, 5, 6]: tx=94.46% (39674/42000)
          day=2021_03_23 on seen_rxs=[0, 1, 2, 3, 4, 5, 6]: tx=92.59% (38886/42000)
          rx=7 on seen_days=['2021_03_01', '2021_03_08']: tx=86.57% (10388/12000)
          rx=8 on seen_days=['2021_03_01', '2021_03_08']: tx=84.70% (10164/12000)
          rx=9 on seen_days=['2021_03_01', '2021_03_08']: tx=90.90% (10908/12000)
          rx=10 on seen_days=['2021_03_01', '2021_03_08']: tx=92.42% (11091/12000)
          rx=11 on seen_days=['2021_03_01', '2021_03_08']: tx=94.13% (11296/12000)
[BEST-JOINT]  val_tx=98.85% & test_tx=89.77% @ E074
[CKPT]  latest -> finalist_runs/D4_domain_no_pa_no_stats_seed1337/latest_model.pth (saved) | best -> finalist_runs/D4_domain_no_pa_no_stats_seed1337/best_model_val.pth (updated: val improved)
====================================================================================================================================
[SAT-TEST] scenario=clear_leo selected=test_unseen_day_unseen_rx overall_tx=43.29% strict_udu=43.29% (25974/60000)
[SAT-TEST] scenario=low_elev_leo selected=test_unseen_day_unseen_rx overall_tx=43.25% strict_udu=43.25% (25950/60000)
[SAT-TEST] scenario=rain_leo selected=test_unseen_day_unseen_rx overall_tx=41.87% strict_udu=41.87% (25120/60000)
[SAT-TEST] scenario=storm_mp selected=test_unseen_day_unseen_rx overall_tx=37.07% strict_udu=37.07% (22242/60000)
[SAT-TEST] scenario=mixed_orbit selected=test_unseen_day_unseen_rx overall_tx=39.54% strict_udu=39.54% (23722/60000)
[BEST-TEST] overall=90.20% @ E067 -> finalist_runs/D4_domain_no_pa_no_stats_seed1337/best_model_test_overall.pth | unseen_day_unseen_rx=85.44% @ E054 -> finalist_runs/D4_domain_no_pa_no_stats_seed1337/best_model_strict_udu.pth | unseen_day_seen_rx=94.29% @ E057 | seen_day_unseen_rx=90.29% @ E054
[BEST-PRIMARY] score=87.09 @ E054 -> finalist_runs/D4_domain_no_pa_no_stats_seed1337/best_model_primary_ood.pth | overall=90.14% strict_udu=85.44%
[BEST-WORST-RX] worst_rx=84.70% (test_rx_8) @ E074 -> finalist_runs/D4_domain_no_pa_no_stats_seed1337/best_model_worst_rx.pth
====================================================================================================================================
[Epoch 075/200] time=79.1s | lr=1.39e-04 | aux_scale=1.000
[STAGE] phase=S2_stabilize_aux | use_aux=1.0 cons=0.68 cls_aux=0.63 reg=0.74 joint_inv=0.32 kl=0.45 group_ce=0.96
[MIXSTYLE-EPOCH] phase=base enabled=1 p=0.150 strength=0.650 anneal_t=0.000
[AUG] scale=0.350 | p_dac=0.000 p_pa=0.049 p_shift=0.122 p_cfo=0.122 p_awgn=0.140 p_mp=0.063 | max_shift=11 cfo_max=0.00014 pn_max=0.0021
------------------------------------------------------------------------------------------------------------------------------------
[LOSS-CORE] total=4.2980 cls=1.2942 dom=0.5752 adv=2.6196 orth=0.0029 cons=0.1681 group_ce=2.3078
[LOSS-AUX]  cls_pa=1.8961 cls_dac=0.0000 pa_joint_inv=0.2611 pa_kl=1.6814 dac_reg=0.0000 pa_reg=0.0148 gap_dac=0.0000 gap_pa=0.2690 cos_joint_pa=0.7389 cos_imp_pa=nan
[LOSS-SAT]  cls_sat=9.7144 sat_cons=0.7381 sat_cos=0.2619
[LOSS-DG]   proto=0.0000 proto_cos=nan supcon=0.0000 fishr=0.0013 sgc_res=0.0000
[LOSS-CAL]  ecc=0.0000 ecc_w=0.0000 ecc_tau=0.9500 ecc_maxp=nan
[TRAIN] tx=89.58% dom=78.80% cons_cos=0.8319
[GRAD]  total=4.506 backbone=1.000 aux=0.750 domain=0.488
[VAL]   tx=98.78% dom=89.79%
[TEST]  overall_tx=89.85% (183285/204000)
[TEST-SPLIT]
          unseen_day_seen_rx(days=['2021_03_15', '2021_03_23'], rxs=[0, 1, 2, 3, 4, 5, 6]): tx=93.89% (78871/84000)
          seen_day_unseen_rx(days=['2021_03_01', '2021_03_08'], rxs=[7, 8, 9, 10, 11]): tx=89.03% (53419/60000)
          unseen_day_unseen_rx(days=['2021_03_15', '2021_03_23'], rxs=[7, 8, 9, 10, 11]): tx=84.99% (50995/60000)
          day=2021_03_15 on seen_rxs=[0, 1, 2, 3, 4, 5, 6]: tx=94.79% (39813/42000)
          day=2021_03_23 on seen_rxs=[0, 1, 2, 3, 4, 5, 6]: tx=93.00% (39058/42000)
          rx=7 on seen_days=['2021_03_01', '2021_03_08']: tx=83.05% (9966/12000)
          rx=8 on seen_days=['2021_03_01', '2021_03_08']: tx=86.42% (10370/12000)
          rx=9 on seen_days=['2021_03_01', '2021_03_08']: tx=91.00% (10920/12000)
          rx=10 on seen_days=['2021_03_01', '2021_03_08']: tx=89.83% (10780/12000)
          rx=11 on seen_days=['2021_03_01', '2021_03_08']: tx=94.86% (11383/12000)
[BEST-JOINT]  val_tx=98.85% & test_tx=89.77% @ E074
[CKPT]  latest -> finalist_runs/D4_domain_no_pa_no_stats_seed1337/latest_model.pth (saved) | best -> finalist_runs/D4_domain_no_pa_no_stats_seed1337/best_model_val.pth
====================================================================================================================================
[SAT-TEST] scenario=clear_leo selected=test_unseen_day_unseen_rx overall_tx=44.22% strict_udu=44.22% (26529/60000)
[SAT-TEST] scenario=low_elev_leo selected=test_unseen_day_unseen_rx overall_tx=43.89% strict_udu=43.89% (26335/60000)
[SAT-TEST] scenario=rain_leo selected=test_unseen_day_unseen_rx overall_tx=42.27% strict_udu=42.27% (25362/60000)
[SAT-TEST] scenario=storm_mp selected=test_unseen_day_unseen_rx overall_tx=37.43% strict_udu=37.43% (22459/60000)
[SAT-TEST] scenario=mixed_orbit selected=test_unseen_day_unseen_rx overall_tx=40.42% strict_udu=40.42% (24252/60000)
[BEST-TEST] overall=90.20% @ E067 -> finalist_runs/D4_domain_no_pa_no_stats_seed1337/best_model_test_overall.pth | unseen_day_unseen_rx=85.44% @ E054 -> finalist_runs/D4_domain_no_pa_no_stats_seed1337/best_model_strict_udu.pth | unseen_day_seen_rx=94.29% @ E057 | seen_day_unseen_rx=90.29% @ E054
[BEST-PRIMARY] score=87.09 @ E054 -> finalist_runs/D4_domain_no_pa_no_stats_seed1337/best_model_primary_ood.pth | overall=90.14% strict_udu=85.44%
[BEST-WORST-RX] worst_rx=84.70% (test_rx_8) @ E074 -> finalist_runs/D4_domain_no_pa_no_stats_seed1337/best_model_worst_rx.pth
====================================================================================================================================
[Epoch 076/200] time=78.8s | lr=1.37e-04 | aux_scale=1.000
[STAGE] phase=S2_stabilize_aux | use_aux=1.0 cons=0.69 cls_aux=0.64 reg=0.75 joint_inv=0.33 kl=0.46 group_ce=0.97
[MIXSTYLE-EPOCH] phase=base enabled=1 p=0.150 strength=0.650 anneal_t=0.000
[AUG] scale=0.350 | p_dac=0.000 p_pa=0.049 p_shift=0.122 p_cfo=0.122 p_awgn=0.140 p_mp=0.063 | max_shift=11 cfo_max=0.00014 pn_max=0.0021
------------------------------------------------------------------------------------------------------------------------------------
[LOSS-CORE] total=5.8744 cls=2.4405 dom=0.8463 adv=2.6207 orth=0.0023 cons=0.2112 group_ce=3.7238
[LOSS-AUX]  cls_pa=1.9342 cls_dac=0.0000 pa_joint_inv=0.2660 pa_kl=1.7197 dac_reg=0.0000 pa_reg=0.0148 gap_dac=0.0000 gap_pa=0.2705 cos_joint_pa=0.7340 cos_imp_pa=nan
[LOSS-SAT]  cls_sat=9.6859 sat_cons=0.7129 sat_cos=0.2871
[LOSS-DG]   proto=0.0000 proto_cos=nan supcon=0.0000 fishr=0.0022 sgc_res=0.0000
[LOSS-CAL]  ecc=0.0000 ecc_w=0.0000 ecc_tau=0.9500 ecc_maxp=nan
[TRAIN] tx=80.50% dom=69.82% cons_cos=0.7889
[GRAD]  total=4.225 backbone=1.000 aux=0.750 domain=0.492
[VAL]   tx=98.53% dom=90.77%
[TEST]  overall_tx=88.88% (181320/204000)
[TEST-SPLIT]
          unseen_day_seen_rx(days=['2021_03_15', '2021_03_23'], rxs=[0, 1, 2, 3, 4, 5, 6]): tx=92.76% (77918/84000)
          seen_day_unseen_rx(days=['2021_03_01', '2021_03_08'], rxs=[7, 8, 9, 10, 11]): tx=89.02% (53409/60000)
          unseen_day_unseen_rx(days=['2021_03_15', '2021_03_23'], rxs=[7, 8, 9, 10, 11]): tx=83.32% (49993/60000)
          day=2021_03_15 on seen_rxs=[0, 1, 2, 3, 4, 5, 6]: tx=94.44% (39664/42000)
          day=2021_03_23 on seen_rxs=[0, 1, 2, 3, 4, 5, 6]: tx=91.08% (38254/42000)
          rx=7 on seen_days=['2021_03_01', '2021_03_08']: tx=81.67% (9800/12000)
          rx=8 on seen_days=['2021_03_01', '2021_03_08']: tx=83.60% (10032/12000)
          rx=9 on seen_days=['2021_03_01', '2021_03_08']: tx=90.72% (10887/12000)
          rx=10 on seen_days=['2021_03_01', '2021_03_08']: tx=95.35% (11442/12000)
          rx=11 on seen_days=['2021_03_01', '2021_03_08']: tx=93.73% (11248/12000)
[BEST-JOINT]  val_tx=98.85% & test_tx=89.77% @ E074
[CKPT]  latest -> finalist_runs/D4_domain_no_pa_no_stats_seed1337/latest_model.pth (saved) | best -> finalist_runs/D4_domain_no_pa_no_stats_seed1337/best_model_val.pth
====================================================================================================================================
[SAT-TEST] scenario=clear_leo selected=test_unseen_day_unseen_rx overall_tx=44.08% strict_udu=44.08% (26447/60000)
[SAT-TEST] scenario=low_elev_leo selected=test_unseen_day_unseen_rx overall_tx=44.22% strict_udu=44.22% (26533/60000)
[SAT-TEST] scenario=rain_leo selected=test_unseen_day_unseen_rx overall_tx=42.45% strict_udu=42.45% (25470/60000)
[SAT-TEST] scenario=storm_mp selected=test_unseen_day_unseen_rx overall_tx=37.48% strict_udu=37.48% (22491/60000)
[SAT-TEST] scenario=mixed_orbit selected=test_unseen_day_unseen_rx overall_tx=40.84% strict_udu=40.84% (24503/60000)
[BEST-TEST] overall=90.20% @ E067 -> finalist_runs/D4_domain_no_pa_no_stats_seed1337/best_model_test_overall.pth | unseen_day_unseen_rx=85.44% @ E054 -> finalist_runs/D4_domain_no_pa_no_stats_seed1337/best_model_strict_udu.pth | unseen_day_seen_rx=94.29% @ E057 | seen_day_unseen_rx=90.29% @ E054
[BEST-PRIMARY] score=87.09 @ E054 -> finalist_runs/D4_domain_no_pa_no_stats_seed1337/best_model_primary_ood.pth | overall=90.14% strict_udu=85.44%
[BEST-WORST-RX] worst_rx=84.70% (test_rx_8) @ E074 -> finalist_runs/D4_domain_no_pa_no_stats_seed1337/best_model_worst_rx.pth
====================================================================================================================================
[Epoch 077/200] time=80.6s | lr=1.36e-04 | aux_scale=1.000
[STAGE] phase=S2_stabilize_aux | use_aux=1.0 cons=0.71 cls_aux=0.66 reg=0.76 joint_inv=0.33 kl=0.47 group_ce=0.98
[MIXSTYLE-EPOCH] phase=base enabled=1 p=0.150 strength=0.650 anneal_t=0.000
[AUG] scale=0.350 | p_dac=0.000 p_pa=0.049 p_shift=0.122 p_cfo=0.122 p_awgn=0.140 p_mp=0.063 | max_shift=11 cfo_max=0.00014 pn_max=0.0021
------------------------------------------------------------------------------------------------------------------------------------
[LOSS-CORE] total=4.6822 cls=1.5742 dom=0.6259 adv=2.6174 orth=0.0024 cons=0.1829 group_ce=2.6697
[LOSS-AUX]  cls_pa=1.8768 cls_dac=0.0000 pa_joint_inv=0.2651 pa_kl=1.6732 dac_reg=0.0000 pa_reg=0.0147 gap_dac=0.0000 gap_pa=0.2672 cos_joint_pa=0.7349 cos_imp_pa=nan
[LOSS-SAT]  cls_sat=9.5552 sat_cons=0.7253 sat_cos=0.2747
[LOSS-DG]   proto=0.0000 proto_cos=nan supcon=0.0000 fishr=0.0015 sgc_res=0.0000
[LOSS-CAL]  ecc=0.0000 ecc_w=0.0000 ecc_tau=0.9500 ecc_maxp=nan
[TRAIN] tx=87.34% dom=76.59% cons_cos=0.8171
[GRAD]  total=4.195 backbone=1.000 aux=0.750 domain=0.493
[VAL]   tx=98.72% dom=91.01%
[TEST]  overall_tx=89.59% (182762/204000)
[TEST-SPLIT]
          unseen_day_seen_rx(days=['2021_03_15', '2021_03_23'], rxs=[0, 1, 2, 3, 4, 5, 6]): tx=93.46% (78505/84000)
          seen_day_unseen_rx(days=['2021_03_01', '2021_03_08'], rxs=[7, 8, 9, 10, 11]): tx=89.12% (53472/60000)
          unseen_day_unseen_rx(days=['2021_03_15', '2021_03_23'], rxs=[7, 8, 9, 10, 11]): tx=84.64% (50785/60000)
          day=2021_03_15 on seen_rxs=[0, 1, 2, 3, 4, 5, 6]: tx=94.11% (39526/42000)
          day=2021_03_23 on seen_rxs=[0, 1, 2, 3, 4, 5, 6]: tx=92.81% (38979/42000)
          rx=7 on seen_days=['2021_03_01', '2021_03_08']: tx=85.64% (10277/12000)
          rx=8 on seen_days=['2021_03_01', '2021_03_08']: tx=84.16% (10099/12000)
          rx=9 on seen_days=['2021_03_01', '2021_03_08']: tx=89.69% (10763/12000)
          rx=10 on seen_days=['2021_03_01', '2021_03_08']: tx=93.08% (11169/12000)
          rx=11 on seen_days=['2021_03_01', '2021_03_08']: tx=93.03% (11164/12000)
[BEST-JOINT]  val_tx=98.85% & test_tx=89.77% @ E074
[CKPT]  latest -> finalist_runs/D4_domain_no_pa_no_stats_seed1337/latest_model.pth (saved) | best -> finalist_runs/D4_domain_no_pa_no_stats_seed1337/best_model_val.pth
====================================================================================================================================
[SAT-TEST] scenario=clear_leo selected=test_unseen_day_unseen_rx overall_tx=43.53% strict_udu=43.53% (26118/60000)
[SAT-TEST] scenario=low_elev_leo selected=test_unseen_day_unseen_rx overall_tx=42.64% strict_udu=42.64% (25584/60000)
[SAT-TEST] scenario=rain_leo selected=test_unseen_day_unseen_rx overall_tx=41.13% strict_udu=41.13% (24677/60000)
[SAT-TEST] scenario=storm_mp selected=test_unseen_day_unseen_rx overall_tx=36.60% strict_udu=36.60% (21962/60000)
[SAT-TEST] scenario=mixed_orbit selected=test_unseen_day_unseen_rx overall_tx=39.93% strict_udu=39.93% (23957/60000)
[BEST-TEST] overall=90.20% @ E067 -> finalist_runs/D4_domain_no_pa_no_stats_seed1337/best_model_test_overall.pth | unseen_day_unseen_rx=85.44% @ E054 -> finalist_runs/D4_domain_no_pa_no_stats_seed1337/best_model_strict_udu.pth | unseen_day_seen_rx=94.29% @ E057 | seen_day_unseen_rx=90.29% @ E054
[BEST-PRIMARY] score=87.09 @ E054 -> finalist_runs/D4_domain_no_pa_no_stats_seed1337/best_model_primary_ood.pth | overall=90.14% strict_udu=85.44%
[BEST-WORST-RX] worst_rx=84.70% (test_rx_8) @ E074 -> finalist_runs/D4_domain_no_pa_no_stats_seed1337/best_model_worst_rx.pth
====================================================================================================================================
[Epoch 078/200] time=79.8s | lr=1.34e-04 | aux_scale=1.000
[STAGE] phase=S2_stabilize_aux | use_aux=1.0 cons=0.72 cls_aux=0.67 reg=0.78 joint_inv=0.34 kl=0.48 group_ce=0.98
[MIXSTYLE-EPOCH] phase=base enabled=1 p=0.150 strength=0.650 anneal_t=0.000
[AUG] scale=0.350 | p_dac=0.000 p_pa=0.049 p_shift=0.122 p_cfo=0.122 p_awgn=0.140 p_mp=0.063 | max_shift=11 cfo_max=0.00014 pn_max=0.0021
------------------------------------------------------------------------------------------------------------------------------------
[LOSS-CORE] total=5.1162 cls=1.8581 dom=0.7456 adv=2.6255 orth=0.0024 cons=0.1754 group_ce=2.8156
[LOSS-AUX]  cls_pa=1.8283 cls_dac=0.0000 pa_joint_inv=0.2604 pa_kl=1.6314 dac_reg=0.0000 pa_reg=0.0148 gap_dac=0.0000 gap_pa=0.2638 cos_joint_pa=0.7396 cos_imp_pa=nan
[LOSS-SAT]  cls_sat=9.5850 sat_cons=0.7225 sat_cos=0.2775
[LOSS-DG]   proto=0.0000 proto_cos=nan supcon=0.0000 fishr=0.0016 sgc_res=0.0000
[LOSS-CAL]  ecc=0.0000 ecc_w=0.0000 ecc_tau=0.9500 ecc_maxp=nan
[TRAIN] tx=85.20% dom=74.79% cons_cos=0.8246
[GRAD]  total=4.092 backbone=1.000 aux=0.750 domain=0.490
[VAL]   tx=98.79% dom=91.31%
[TEST]  overall_tx=90.62% (184863/204000)
[TEST-SPLIT]
          unseen_day_seen_rx(days=['2021_03_15', '2021_03_23'], rxs=[0, 1, 2, 3, 4, 5, 6]): tx=93.75% (78746/84000)
          seen_day_unseen_rx(days=['2021_03_01', '2021_03_08'], rxs=[7, 8, 9, 10, 11]): tx=91.00% (54598/60000)
          unseen_day_unseen_rx(days=['2021_03_15', '2021_03_23'], rxs=[7, 8, 9, 10, 11]): tx=85.86% (51519/60000)
          day=2021_03_15 on seen_rxs=[0, 1, 2, 3, 4, 5, 6]: tx=95.55% (40131/42000)
          day=2021_03_23 on seen_rxs=[0, 1, 2, 3, 4, 5, 6]: tx=91.94% (38615/42000)
          rx=7 on seen_days=['2021_03_01', '2021_03_08']: tx=87.76% (10531/12000)
          rx=8 on seen_days=['2021_03_01', '2021_03_08']: tx=85.88% (10305/12000)
          rx=9 on seen_days=['2021_03_01', '2021_03_08']: tx=92.72% (11127/12000)
          rx=10 on seen_days=['2021_03_01', '2021_03_08']: tx=92.12% (11054/12000)
          rx=11 on seen_days=['2021_03_01', '2021_03_08']: tx=96.51% (11581/12000)
[BEST-JOINT]  val_tx=98.85% & test_tx=89.77% @ E074
[CKPT]  latest -> finalist_runs/D4_domain_no_pa_no_stats_seed1337/latest_model.pth (saved) | best -> finalist_runs/D4_domain_no_pa_no_stats_seed1337/best_model_val.pth
====================================================================================================================================
[SAT-TEST] scenario=clear_leo selected=test_unseen_day_unseen_rx overall_tx=45.22% strict_udu=45.22% (27130/60000)
[SAT-TEST] scenario=low_elev_leo selected=test_unseen_day_unseen_rx overall_tx=44.92% strict_udu=44.92% (26952/60000)
[SAT-TEST] scenario=rain_leo selected=test_unseen_day_unseen_rx overall_tx=42.83% strict_udu=42.83% (25695/60000)
[SAT-TEST] scenario=storm_mp selected=test_unseen_day_unseen_rx overall_tx=37.48% strict_udu=37.48% (22485/60000)
[SAT-TEST] scenario=mixed_orbit selected=test_unseen_day_unseen_rx overall_tx=41.24% strict_udu=41.24% (24743/60000)
[BEST-TEST] overall=90.62% @ E078 -> finalist_runs/D4_domain_no_pa_no_stats_seed1337/best_model_test_overall.pth | unseen_day_unseen_rx=85.86% @ E078 -> finalist_runs/D4_domain_no_pa_no_stats_seed1337/best_model_strict_udu.pth | unseen_day_seen_rx=94.29% @ E057 | seen_day_unseen_rx=91.00% @ E078
[BEST-PRIMARY] score=87.53 @ E078 -> finalist_runs/D4_domain_no_pa_no_stats_seed1337/best_model_primary_ood.pth | overall=90.62% strict_udu=85.86%
[BEST-WORST-RX] worst_rx=85.88% (test_rx_8) @ E078 -> finalist_runs/D4_domain_no_pa_no_stats_seed1337/best_model_worst_rx.pth
====================================================================================================================================
[Epoch 079/200] time=82.5s | lr=1.33e-04 | aux_scale=1.000
[STAGE] phase=S2_stabilize_aux | use_aux=1.0 cons=0.74 cls_aux=0.69 reg=0.79 joint_inv=0.34 kl=0.49 group_ce=0.99
[MIXSTYLE-EPOCH] phase=base enabled=1 p=0.150 strength=0.650 anneal_t=0.000
[AUG] scale=0.350 | p_dac=0.000 p_pa=0.049 p_shift=0.122 p_cfo=0.122 p_awgn=0.140 p_mp=0.063 | max_shift=11 cfo_max=0.00014 pn_max=0.0021
------------------------------------------------------------------------------------------------------------------------------------
[LOSS-CORE] total=4.3746 cls=1.3354 dom=0.5757 adv=2.6177 orth=0.0028 cons=0.1765 group_ce=2.3514
[LOSS-AUX]  cls_pa=1.7229 cls_dac=0.0000 pa_joint_inv=0.2552 pa_kl=1.5180 dac_reg=0.0000 pa_reg=0.0151 gap_dac=0.0000 gap_pa=0.2617 cos_joint_pa=0.7448 cos_imp_pa=nan
[LOSS-SAT]  cls_sat=9.5616 sat_cons=0.7284 sat_cos=0.2716
[LOSS-DG]   proto=0.0000 proto_cos=nan supcon=0.0000 fishr=0.0013 sgc_res=0.0000
[LOSS-CAL]  ecc=0.0000 ecc_w=0.0000 ecc_tau=0.9500 ecc_maxp=nan
[TRAIN] tx=89.27% dom=78.79% cons_cos=0.8235
[GRAD]  total=4.150 backbone=1.000 aux=0.750 domain=0.484
[VAL]   tx=98.82% dom=90.96%
[TEST]  overall_tx=90.57% (184771/204000)
[TEST-SPLIT]
          unseen_day_seen_rx(days=['2021_03_15', '2021_03_23'], rxs=[0, 1, 2, 3, 4, 5, 6]): tx=94.27% (79183/84000)
          seen_day_unseen_rx(days=['2021_03_01', '2021_03_08'], rxs=[7, 8, 9, 10, 11]): tx=90.91% (54546/60000)
          unseen_day_unseen_rx(days=['2021_03_15', '2021_03_23'], rxs=[7, 8, 9, 10, 11]): tx=85.07% (51042/60000)
          day=2021_03_15 on seen_rxs=[0, 1, 2, 3, 4, 5, 6]: tx=94.94% (39874/42000)
          day=2021_03_23 on seen_rxs=[0, 1, 2, 3, 4, 5, 6]: tx=93.59% (39309/42000)
          rx=7 on seen_days=['2021_03_01', '2021_03_08']: tx=87.74% (10529/12000)
          rx=8 on seen_days=['2021_03_01', '2021_03_08']: tx=84.95% (10194/12000)
          rx=9 on seen_days=['2021_03_01', '2021_03_08']: tx=92.05% (11046/12000)
          rx=10 on seen_days=['2021_03_01', '2021_03_08']: tx=93.42% (11211/12000)
          rx=11 on seen_days=['2021_03_01', '2021_03_08']: tx=96.38% (11566/12000)
[BEST-JOINT]  val_tx=98.85% & test_tx=89.77% @ E074
[CKPT]  latest -> finalist_runs/D4_domain_no_pa_no_stats_seed1337/latest_model.pth (saved) | best -> finalist_runs/D4_domain_no_pa_no_stats_seed1337/best_model_val.pth
====================================================================================================================================
[SAT-TEST] scenario=clear_leo selected=test_unseen_day_unseen_rx overall_tx=44.27% strict_udu=44.27% (26559/60000)
[SAT-TEST] scenario=low_elev_leo selected=test_unseen_day_unseen_rx overall_tx=43.79% strict_udu=43.79% (26274/60000)
[SAT-TEST] scenario=rain_leo selected=test_unseen_day_unseen_rx overall_tx=41.85% strict_udu=41.85% (25108/60000)
[SAT-TEST] scenario=storm_mp selected=test_unseen_day_unseen_rx overall_tx=37.55% strict_udu=37.55% (22529/60000)
[SAT-TEST] scenario=mixed_orbit selected=test_unseen_day_unseen_rx overall_tx=40.66% strict_udu=40.66% (24394/60000)
[BEST-TEST] overall=90.62% @ E078 -> finalist_runs/D4_domain_no_pa_no_stats_seed1337/best_model_test_overall.pth | unseen_day_unseen_rx=85.86% @ E078 -> finalist_runs/D4_domain_no_pa_no_stats_seed1337/best_model_strict_udu.pth | unseen_day_seen_rx=94.29% @ E057 | seen_day_unseen_rx=91.00% @ E078
[BEST-PRIMARY] score=87.53 @ E078 -> finalist_runs/D4_domain_no_pa_no_stats_seed1337/best_model_primary_ood.pth | overall=90.62% strict_udu=85.86%
[BEST-WORST-RX] worst_rx=85.88% (test_rx_8) @ E078 -> finalist_runs/D4_domain_no_pa_no_stats_seed1337/best_model_worst_rx.pth
====================================================================================================================================
[Epoch 080/200] time=87.1s | lr=1.31e-04 | aux_scale=1.000
[STAGE] phase=S2_stabilize_aux | use_aux=1.0 cons=0.75 cls_aux=0.70 reg=0.80 joint_inv=0.35 kl=0.50 group_ce=1.00
[MIXSTYLE-EPOCH] phase=base enabled=1 p=0.150 strength=0.650 anneal_t=0.000
[AUG] scale=0.350 | p_dac=0.000 p_pa=0.049 p_shift=0.122 p_cfo=0.122 p_awgn=0.140 p_mp=0.063 | max_shift=11 cfo_max=0.00014 pn_max=0.0021
------------------------------------------------------------------------------------------------------------------------------------
[LOSS-CORE] total=4.8567 cls=1.6658 dom=0.6503 adv=2.6172 orth=0.0028 cons=0.1895 group_ce=2.7416
[LOSS-AUX]  cls_pa=1.8155 cls_dac=0.0000 pa_joint_inv=0.2555 pa_kl=1.6094 dac_reg=0.0000 pa_reg=0.0149 gap_dac=0.0000 gap_pa=0.2658 cos_joint_pa=0.7445 cos_imp_pa=nan
[LOSS-SAT]  cls_sat=9.6408 sat_cons=0.7265 sat_cos=0.2735
[LOSS-DG]   proto=0.0000 proto_cos=nan supcon=0.0000 fishr=0.0016 sgc_res=0.0000
[LOSS-CAL]  ecc=0.0000 ecc_w=0.0000 ecc_tau=0.9500 ecc_maxp=nan
[TRAIN] tx=86.30% dom=75.76% cons_cos=0.8105
[GRAD]  total=3.891 backbone=1.000 aux=0.750 domain=0.483
[VAL]   tx=98.74% dom=91.55%
[TEST]  overall_tx=90.44% (184504/204000)
[TEST-SPLIT]
          unseen_day_seen_rx(days=['2021_03_15', '2021_03_23'], rxs=[0, 1, 2, 3, 4, 5, 6]): tx=94.31% (79217/84000)
          seen_day_unseen_rx(days=['2021_03_01', '2021_03_08'], rxs=[7, 8, 9, 10, 11]): tx=90.31% (54184/60000)
          unseen_day_unseen_rx(days=['2021_03_15', '2021_03_23'], rxs=[7, 8, 9, 10, 11]): tx=85.17% (51103/60000)
          day=2021_03_15 on seen_rxs=[0, 1, 2, 3, 4, 5, 6]: tx=95.94% (40293/42000)
          day=2021_03_23 on seen_rxs=[0, 1, 2, 3, 4, 5, 6]: tx=92.68% (38924/42000)
          rx=7 on seen_days=['2021_03_01', '2021_03_08']: tx=82.82% (9938/12000)
          rx=8 on seen_days=['2021_03_01', '2021_03_08']: tx=85.54% (10265/12000)
          rx=9 on seen_days=['2021_03_01', '2021_03_08']: tx=92.48% (11098/12000)
          rx=10 on seen_days=['2021_03_01', '2021_03_08']: tx=95.58% (11470/12000)
          rx=11 on seen_days=['2021_03_01', '2021_03_08']: tx=95.11% (11413/12000)
[BEST-JOINT]  val_tx=98.85% & test_tx=89.77% @ E074
[CKPT]  latest -> finalist_runs/D4_domain_no_pa_no_stats_seed1337/latest_model.pth (saved) | best -> finalist_runs/D4_domain_no_pa_no_stats_seed1337/best_model_val.pth
====================================================================================================================================
[SAT-TEST] scenario=clear_leo selected=test_unseen_day_unseen_rx overall_tx=44.95% strict_udu=44.95% (26967/60000)
[SAT-TEST] scenario=low_elev_leo selected=test_unseen_day_unseen_rx overall_tx=44.75% strict_udu=44.75% (26849/60000)
[SAT-TEST] scenario=rain_leo selected=test_unseen_day_unseen_rx overall_tx=42.73% strict_udu=42.73% (25640/60000)
[SAT-TEST] scenario=storm_mp selected=test_unseen_day_unseen_rx overall_tx=37.68% strict_udu=37.68% (22606/60000)
[SAT-TEST] scenario=mixed_orbit selected=test_unseen_day_unseen_rx overall_tx=40.88% strict_udu=40.88% (24529/60000)
[BEST-TEST] overall=90.62% @ E078 -> finalist_runs/D4_domain_no_pa_no_stats_seed1337/best_model_test_overall.pth | unseen_day_unseen_rx=85.86% @ E078 -> finalist_runs/D4_domain_no_pa_no_stats_seed1337/best_model_strict_udu.pth | unseen_day_seen_rx=94.31% @ E080 | seen_day_unseen_rx=91.00% @ E078
[BEST-PRIMARY] score=87.53 @ E078 -> finalist_runs/D4_domain_no_pa_no_stats_seed1337/best_model_primary_ood.pth | overall=90.62% strict_udu=85.86%
[BEST-WORST-RX] worst_rx=85.88% (test_rx_8) @ E078 -> finalist_runs/D4_domain_no_pa_no_stats_seed1337/best_model_worst_rx.pth
====================================================================================================================================
[Epoch 081/200] time=82.6s | lr=1.30e-04 | aux_scale=1.000
[STAGE] phase=S3_refine_aux | use_aux=1.0 cons=0.85 cls_aux=0.80 reg=0.85 joint_inv=0.25 kl=0.50 group_ce=1.00
[MIXSTYLE-EPOCH] phase=base enabled=1 p=0.150 strength=0.650 anneal_t=0.000
[AUG] scale=0.350 | p_dac=0.000 p_pa=0.049 p_shift=0.122 p_cfo=0.122 p_awgn=0.140 p_mp=0.063 | max_shift=11 cfo_max=0.00014 pn_max=0.0021
------------------------------------------------------------------------------------------------------------------------------------
[LOSS-CORE] total=4.4449 cls=1.3484 dom=0.5860 adv=2.6158 orth=0.0030 cons=0.1733 group_ce=2.3266
[LOSS-AUX]  cls_pa=1.7604 cls_dac=0.0000 pa_joint_inv=0.2502 pa_kl=1.5666 dac_reg=0.0000 pa_reg=0.0153 gap_dac=0.0000 gap_pa=0.2671 cos_joint_pa=0.7498 cos_imp_pa=nan
[LOSS-SAT]  cls_sat=9.4646 sat_cons=0.7209 sat_cos=0.2791
[LOSS-DG]   proto=0.0000 proto_cos=nan supcon=0.0000 fishr=0.0013 sgc_res=0.0000
[LOSS-CAL]  ecc=0.0000 ecc_w=0.0000 ecc_tau=0.9500 ecc_maxp=nan
[TRAIN] tx=89.01% dom=77.97% cons_cos=0.8267
[GRAD]  total=4.121 backbone=1.000 aux=0.750 domain=0.482
[VAL]   tx=98.35% dom=91.71%
[TEST]  overall_tx=88.59% (180715/204000)
[TEST-SPLIT]
          unseen_day_seen_rx(days=['2021_03_15', '2021_03_23'], rxs=[0, 1, 2, 3, 4, 5, 6]): tx=92.48% (77685/84000)
          seen_day_unseen_rx(days=['2021_03_01', '2021_03_08'], rxs=[7, 8, 9, 10, 11]): tx=88.11% (52863/60000)
          unseen_day_unseen_rx(days=['2021_03_15', '2021_03_23'], rxs=[7, 8, 9, 10, 11]): tx=83.61% (50167/60000)
          day=2021_03_15 on seen_rxs=[0, 1, 2, 3, 4, 5, 6]: tx=94.13% (39533/42000)
          day=2021_03_23 on seen_rxs=[0, 1, 2, 3, 4, 5, 6]: tx=90.84% (38152/42000)
          rx=7 on seen_days=['2021_03_01', '2021_03_08']: tx=81.22% (9746/12000)
          rx=8 on seen_days=['2021_03_01', '2021_03_08']: tx=84.61% (10153/12000)
          rx=9 on seen_days=['2021_03_01', '2021_03_08']: tx=90.22% (10826/12000)
          rx=10 on seen_days=['2021_03_01', '2021_03_08']: tx=93.85% (11262/12000)
          rx=11 on seen_days=['2021_03_01', '2021_03_08']: tx=90.63% (10876/12000)
[BEST-JOINT]  val_tx=98.85% & test_tx=89.77% @ E074
[CKPT]  latest -> finalist_runs/D4_domain_no_pa_no_stats_seed1337/latest_model.pth (saved) | best -> finalist_runs/D4_domain_no_pa_no_stats_seed1337/best_model_val.pth
====================================================================================================================================
[SAT-TEST] scenario=clear_leo selected=test_unseen_day_unseen_rx overall_tx=44.35% strict_udu=44.35% (26608/60000)
[SAT-TEST] scenario=low_elev_leo selected=test_unseen_day_unseen_rx overall_tx=45.18% strict_udu=45.18% (27109/60000)
[SAT-TEST] scenario=rain_leo selected=test_unseen_day_unseen_rx overall_tx=42.98% strict_udu=42.98% (25791/60000)
[SAT-TEST] scenario=storm_mp selected=test_unseen_day_unseen_rx overall_tx=37.60% strict_udu=37.60% (22558/60000)
[SAT-TEST] scenario=mixed_orbit selected=test_unseen_day_unseen_rx overall_tx=40.40% strict_udu=40.40% (24238/60000)
[BEST-TEST] overall=90.62% @ E078 -> finalist_runs/D4_domain_no_pa_no_stats_seed1337/best_model_test_overall.pth | unseen_day_unseen_rx=85.86% @ E078 -> finalist_runs/D4_domain_no_pa_no_stats_seed1337/best_model_strict_udu.pth | unseen_day_seen_rx=94.31% @ E080 | seen_day_unseen_rx=91.00% @ E078
[BEST-PRIMARY] score=87.53 @ E078 -> finalist_runs/D4_domain_no_pa_no_stats_seed1337/best_model_primary_ood.pth | overall=90.62% strict_udu=85.86%
[BEST-WORST-RX] worst_rx=85.88% (test_rx_8) @ E078 -> finalist_runs/D4_domain_no_pa_no_stats_seed1337/best_model_worst_rx.pth
[WARN][E082] unsafe backward/step skipped #10
====================================================================================================================================
[Epoch 082/200] time=81.4s | lr=1.28e-04 | aux_scale=1.000
[STAGE] phase=S3_refine_aux | use_aux=1.0 cons=0.85 cls_aux=0.80 reg=0.85 joint_inv=0.25 kl=0.50 group_ce=1.00
[MIXSTYLE-EPOCH] phase=base enabled=1 p=0.150 strength=0.650 anneal_t=0.000
[AUG] scale=0.350 | p_dac=0.000 p_pa=0.049 p_shift=0.122 p_cfo=0.122 p_awgn=0.140 p_mp=0.063 | max_shift=11 cfo_max=0.00014 pn_max=0.0021
------------------------------------------------------------------------------------------------------------------------------------
[LOSS-CORE] total=4.8058 cls=1.6215 dom=0.6277 adv=2.6182 orth=0.0026 cons=0.1856 group_ce=2.7011
[LOSS-AUX]  cls_pa=1.7710 cls_dac=0.0000 pa_joint_inv=0.2565 pa_kl=1.5638 dac_reg=0.0000 pa_reg=0.0149 gap_dac=0.0000 gap_pa=0.2691 cos_joint_pa=0.7435 cos_imp_pa=nan
[LOSS-SAT]  cls_sat=9.5129 sat_cons=0.7275 sat_cos=0.2725
[LOSS-DG]   proto=0.0000 proto_cos=nan supcon=0.0000 fishr=0.0015 sgc_res=0.0000
[LOSS-CAL]  ecc=0.0000 ecc_w=0.0000 ecc_tau=0.9500 ecc_maxp=nan
[TRAIN] tx=86.90% dom=75.94% cons_cos=0.8114
[GRAD]  total=4.028 backbone=1.000 aux=0.750 domain=0.489
[VAL]   tx=98.86% dom=91.49%
[TEST]  overall_tx=89.60% (182778/204000)
[TEST-SPLIT]
          unseen_day_seen_rx(days=['2021_03_15', '2021_03_23'], rxs=[0, 1, 2, 3, 4, 5, 6]): tx=92.82% (77968/84000)
          seen_day_unseen_rx(days=['2021_03_01', '2021_03_08'], rxs=[7, 8, 9, 10, 11]): tx=89.49% (53696/60000)
          unseen_day_unseen_rx(days=['2021_03_15', '2021_03_23'], rxs=[7, 8, 9, 10, 11]): tx=85.19% (51114/60000)
          day=2021_03_15 on seen_rxs=[0, 1, 2, 3, 4, 5, 6]: tx=94.37% (39634/42000)
          day=2021_03_23 on seen_rxs=[0, 1, 2, 3, 4, 5, 6]: tx=91.27% (38334/42000)
          rx=7 on seen_days=['2021_03_01', '2021_03_08']: tx=84.88% (10186/12000)
          rx=8 on seen_days=['2021_03_01', '2021_03_08']: tx=83.58% (10030/12000)
          rx=9 on seen_days=['2021_03_01', '2021_03_08']: tx=91.29% (10955/12000)
          rx=10 on seen_days=['2021_03_01', '2021_03_08']: tx=91.67% (11000/12000)
          rx=11 on seen_days=['2021_03_01', '2021_03_08']: tx=96.04% (11525/12000)
[BEST-JOINT]  val_tx=98.86% & test_tx=89.60% @ E082
[CKPT]  latest -> finalist_runs/D4_domain_no_pa_no_stats_seed1337/latest_model.pth (saved) | best -> finalist_runs/D4_domain_no_pa_no_stats_seed1337/best_model_val.pth (updated: val improved)
====================================================================================================================================
[SAT-TEST] scenario=clear_leo selected=test_unseen_day_unseen_rx overall_tx=42.75% strict_udu=42.75% (25652/60000)
[SAT-TEST] scenario=low_elev_leo selected=test_unseen_day_unseen_rx overall_tx=42.50% strict_udu=42.50% (25499/60000)
[SAT-TEST] scenario=rain_leo selected=test_unseen_day_unseen_rx overall_tx=40.66% strict_udu=40.66% (24396/60000)
[SAT-TEST] scenario=storm_mp selected=test_unseen_day_unseen_rx overall_tx=36.45% strict_udu=36.45% (21868/60000)
[SAT-TEST] scenario=mixed_orbit selected=test_unseen_day_unseen_rx overall_tx=38.41% strict_udu=38.41% (23046/60000)
[BEST-TEST] overall=90.62% @ E078 -> finalist_runs/D4_domain_no_pa_no_stats_seed1337/best_model_test_overall.pth | unseen_day_unseen_rx=85.86% @ E078 -> finalist_runs/D4_domain_no_pa_no_stats_seed1337/best_model_strict_udu.pth | unseen_day_seen_rx=94.31% @ E080 | seen_day_unseen_rx=91.00% @ E078
[BEST-PRIMARY] score=87.53 @ E078 -> finalist_runs/D4_domain_no_pa_no_stats_seed1337/best_model_primary_ood.pth | overall=90.62% strict_udu=85.86%
[BEST-WORST-RX] worst_rx=85.88% (test_rx_8) @ E078 -> finalist_runs/D4_domain_no_pa_no_stats_seed1337/best_model_worst_rx.pth
====================================================================================================================================
[Epoch 083/200] time=79.9s | lr=1.27e-04 | aux_scale=1.000
[STAGE] phase=S3_refine_aux | use_aux=1.0 cons=0.86 cls_aux=0.81 reg=0.86 joint_inv=0.25 kl=0.50 group_ce=1.00
[MIXSTYLE-EPOCH] phase=base enabled=1 p=0.150 strength=0.650 anneal_t=0.000
[AUG] scale=0.350 | p_dac=0.000 p_pa=0.049 p_shift=0.122 p_cfo=0.122 p_awgn=0.140 p_mp=0.063 | max_shift=11 cfo_max=0.00014 pn_max=0.0021
------------------------------------------------------------------------------------------------------------------------------------
[LOSS-CORE] total=4.4894 cls=1.3938 dom=0.5791 adv=2.6163 orth=0.0026 cons=0.1760 group_ce=2.4068
[LOSS-AUX]  cls_pa=1.7059 cls_dac=0.0000 pa_joint_inv=0.2526 pa_kl=1.5168 dac_reg=0.0000 pa_reg=0.0153 gap_dac=0.0000 gap_pa=0.2690 cos_joint_pa=0.7474 cos_imp_pa=nan
[LOSS-SAT]  cls_sat=9.5140 sat_cons=0.7324 sat_cos=0.2676
[LOSS-DG]   proto=0.0000 proto_cos=nan supcon=0.0000 fishr=0.0012 sgc_res=0.0000
[LOSS-CAL]  ecc=0.0000 ecc_w=0.0000 ecc_tau=0.9500 ecc_maxp=nan
[TRAIN] tx=88.98% dom=78.32% cons_cos=0.8241
[GRAD]  total=4.262 backbone=1.000 aux=0.750 domain=0.490
[VAL]   tx=98.90% dom=91.74%
[TEST]  overall_tx=89.43% (182444/204000)
[TEST-SPLIT]
          unseen_day_seen_rx(days=['2021_03_15', '2021_03_23'], rxs=[0, 1, 2, 3, 4, 5, 6]): tx=93.57% (78596/84000)
          seen_day_unseen_rx(days=['2021_03_01', '2021_03_08'], rxs=[7, 8, 9, 10, 11]): tx=89.24% (53544/60000)
          unseen_day_unseen_rx(days=['2021_03_15', '2021_03_23'], rxs=[7, 8, 9, 10, 11]): tx=83.84% (50304/60000)
          day=2021_03_15 on seen_rxs=[0, 1, 2, 3, 4, 5, 6]: tx=93.78% (39389/42000)
          day=2021_03_23 on seen_rxs=[0, 1, 2, 3, 4, 5, 6]: tx=93.35% (39207/42000)
          rx=7 on seen_days=['2021_03_01', '2021_03_08']: tx=86.18% (10342/12000)
          rx=8 on seen_days=['2021_03_01', '2021_03_08']: tx=82.27% (9872/12000)
          rx=9 on seen_days=['2021_03_01', '2021_03_08']: tx=91.04% (10925/12000)
          rx=10 on seen_days=['2021_03_01', '2021_03_08']: tx=91.87% (11024/12000)
          rx=11 on seen_days=['2021_03_01', '2021_03_08']: tx=94.84% (11381/12000)
[BEST-JOINT]  val_tx=98.90% & test_tx=89.43% @ E083
[CKPT]  latest -> finalist_runs/D4_domain_no_pa_no_stats_seed1337/latest_model.pth (saved) | best -> finalist_runs/D4_domain_no_pa_no_stats_seed1337/best_model_val.pth (updated: val improved)
====================================================================================================================================
[SAT-TEST] scenario=clear_leo selected=test_unseen_day_unseen_rx overall_tx=42.72% strict_udu=42.72% (25633/60000)
[SAT-TEST] scenario=low_elev_leo selected=test_unseen_day_unseen_rx overall_tx=42.79% strict_udu=42.79% (25672/60000)
[SAT-TEST] scenario=rain_leo selected=test_unseen_day_unseen_rx overall_tx=40.56% strict_udu=40.56% (24335/60000)
[SAT-TEST] scenario=storm_mp selected=test_unseen_day_unseen_rx overall_tx=36.35% strict_udu=36.35% (21812/60000)
[SAT-TEST] scenario=mixed_orbit selected=test_unseen_day_unseen_rx overall_tx=38.60% strict_udu=38.60% (23162/60000)
[BEST-TEST] overall=90.62% @ E078 -> finalist_runs/D4_domain_no_pa_no_stats_seed1337/best_model_test_overall.pth | unseen_day_unseen_rx=85.86% @ E078 -> finalist_runs/D4_domain_no_pa_no_stats_seed1337/best_model_strict_udu.pth | unseen_day_seen_rx=94.31% @ E080 | seen_day_unseen_rx=91.00% @ E078
[BEST-PRIMARY] score=87.53 @ E078 -> finalist_runs/D4_domain_no_pa_no_stats_seed1337/best_model_primary_ood.pth | overall=90.62% strict_udu=85.86%
[BEST-WORST-RX] worst_rx=85.88% (test_rx_8) @ E078 -> finalist_runs/D4_domain_no_pa_no_stats_seed1337/best_model_worst_rx.pth
====================================================================================================================================
[Epoch 084/200] time=80.1s | lr=1.25e-04 | aux_scale=1.000
[STAGE] phase=S3_refine_aux | use_aux=1.0 cons=0.86 cls_aux=0.81 reg=0.86 joint_inv=0.25 kl=0.51 group_ce=1.00
[MIXSTYLE-EPOCH] phase=base enabled=1 p=0.150 strength=0.650 anneal_t=0.000
[AUG] scale=0.350 | p_dac=0.000 p_pa=0.049 p_shift=0.122 p_cfo=0.122 p_awgn=0.140 p_mp=0.063 | max_shift=11 cfo_max=0.00014 pn_max=0.0021
------------------------------------------------------------------------------------------------------------------------------------
[LOSS-CORE] total=4.8096 cls=1.6260 dom=0.6406 adv=2.6183 orth=0.0028 cons=0.1852 group_ce=2.6895
[LOSS-AUX]  cls_pa=1.6686 cls_dac=0.0000 pa_joint_inv=0.2472 pa_kl=1.4706 dac_reg=0.0000 pa_reg=0.0150 gap_dac=0.0000 gap_pa=0.2682 cos_joint_pa=0.7528 cos_imp_pa=nan
[LOSS-SAT]  cls_sat=9.5372 sat_cons=0.7255 sat_cos=0.2745
[LOSS-DG]   proto=0.0000 proto_cos=nan supcon=0.0000 fishr=0.0015 sgc_res=0.0000
[LOSS-CAL]  ecc=0.0000 ecc_w=0.0000 ecc_tau=0.9500 ecc_maxp=nan
[TRAIN] tx=86.87% dom=76.31% cons_cos=0.8148
[GRAD]  total=4.405 backbone=1.000 aux=0.750 domain=0.488
[VAL]   tx=98.79% dom=91.38%
[TEST]  overall_tx=89.87% (183329/204000)
[TEST-SPLIT]
          unseen_day_seen_rx(days=['2021_03_15', '2021_03_23'], rxs=[0, 1, 2, 3, 4, 5, 6]): tx=93.24% (78318/84000)
          seen_day_unseen_rx(days=['2021_03_01', '2021_03_08'], rxs=[7, 8, 9, 10, 11]): tx=90.39% (54235/60000)
          unseen_day_unseen_rx(days=['2021_03_15', '2021_03_23'], rxs=[7, 8, 9, 10, 11]): tx=84.63% (50776/60000)
          day=2021_03_15 on seen_rxs=[0, 1, 2, 3, 4, 5, 6]: tx=95.34% (40043/42000)
          day=2021_03_23 on seen_rxs=[0, 1, 2, 3, 4, 5, 6]: tx=91.13% (38275/42000)
          rx=7 on seen_days=['2021_03_01', '2021_03_08']: tx=85.62% (10274/12000)
          rx=8 on seen_days=['2021_03_01', '2021_03_08']: tx=84.42% (10130/12000)
          rx=9 on seen_days=['2021_03_01', '2021_03_08']: tx=92.28% (11073/12000)
          rx=10 on seen_days=['2021_03_01', '2021_03_08']: tx=93.53% (11223/12000)
          rx=11 on seen_days=['2021_03_01', '2021_03_08']: tx=96.12% (11535/12000)
[BEST-JOINT]  val_tx=98.90% & test_tx=89.43% @ E083
[CKPT]  latest -> finalist_runs/D4_domain_no_pa_no_stats_seed1337/latest_model.pth (saved) | best -> finalist_runs/D4_domain_no_pa_no_stats_seed1337/best_model_val.pth
====================================================================================================================================
[SAT-TEST] scenario=clear_leo selected=test_unseen_day_unseen_rx overall_tx=45.03% strict_udu=45.03% (27016/60000)
[SAT-TEST] scenario=low_elev_leo selected=test_unseen_day_unseen_rx overall_tx=45.62% strict_udu=45.62% (27375/60000)
[SAT-TEST] scenario=rain_leo selected=test_unseen_day_unseen_rx overall_tx=43.23% strict_udu=43.23% (25936/60000)
[SAT-TEST] scenario=storm_mp selected=test_unseen_day_unseen_rx overall_tx=37.46% strict_udu=37.46% (22478/60000)
[SAT-TEST] scenario=mixed_orbit selected=test_unseen_day_unseen_rx overall_tx=40.37% strict_udu=40.37% (24224/60000)
[BEST-TEST] overall=90.62% @ E078 -> finalist_runs/D4_domain_no_pa_no_stats_seed1337/best_model_test_overall.pth | unseen_day_unseen_rx=85.86% @ E078 -> finalist_runs/D4_domain_no_pa_no_stats_seed1337/best_model_strict_udu.pth | unseen_day_seen_rx=94.31% @ E080 | seen_day_unseen_rx=91.00% @ E078
[BEST-PRIMARY] score=87.53 @ E078 -> finalist_runs/D4_domain_no_pa_no_stats_seed1337/best_model_primary_ood.pth | overall=90.62% strict_udu=85.86%
[BEST-WORST-RX] worst_rx=85.88% (test_rx_8) @ E078 -> finalist_runs/D4_domain_no_pa_no_stats_seed1337/best_model_worst_rx.pth
====================================================================================================================================
[Epoch 085/200] time=81.6s | lr=1.24e-04 | aux_scale=1.000
[STAGE] phase=S3_refine_aux | use_aux=1.0 cons=0.86 cls_aux=0.82 reg=0.86 joint_inv=0.25 kl=0.51 group_ce=1.00
[MIXSTYLE-EPOCH] phase=base enabled=1 p=0.150 strength=0.650 anneal_t=0.000
[AUG] scale=0.350 | p_dac=0.000 p_pa=0.049 p_shift=0.122 p_cfo=0.122 p_awgn=0.140 p_mp=0.063 | max_shift=11 cfo_max=0.00014 pn_max=0.0021
------------------------------------------------------------------------------------------------------------------------------------
[LOSS-CORE] total=4.7004 cls=1.5394 dom=0.6244 adv=2.6185 orth=0.0026 cons=0.1824 group_ce=2.5400
[LOSS-AUX]  cls_pa=1.6849 cls_dac=0.0000 pa_joint_inv=0.2472 pa_kl=1.4850 dac_reg=0.0000 pa_reg=0.0148 gap_dac=0.0000 gap_pa=0.2767 cos_joint_pa=0.7528 cos_imp_pa=nan
[LOSS-SAT]  cls_sat=9.5818 sat_cons=0.7315 sat_cos=0.2685
[LOSS-DG]   proto=0.0000 proto_cos=nan supcon=0.0000 fishr=0.0015 sgc_res=0.0000
[LOSS-CAL]  ecc=0.0000 ecc_w=0.0000 ecc_tau=0.9500 ecc_maxp=nan
[TRAIN] tx=87.60% dom=76.86% cons_cos=0.8176
[GRAD]  total=4.302 backbone=1.000 aux=0.750 domain=0.494
[VAL]   tx=98.62% dom=91.65%
[TEST]  overall_tx=88.77% (181092/204000)
[TEST-SPLIT]
          unseen_day_seen_rx(days=['2021_03_15', '2021_03_23'], rxs=[0, 1, 2, 3, 4, 5, 6]): tx=93.14% (78239/84000)
          seen_day_unseen_rx(days=['2021_03_01', '2021_03_08'], rxs=[7, 8, 9, 10, 11]): tx=87.42% (52450/60000)
          unseen_day_unseen_rx(days=['2021_03_15', '2021_03_23'], rxs=[7, 8, 9, 10, 11]): tx=84.00% (50403/60000)
          day=2021_03_15 on seen_rxs=[0, 1, 2, 3, 4, 5, 6]: tx=94.15% (39544/42000)
          day=2021_03_23 on seen_rxs=[0, 1, 2, 3, 4, 5, 6]: tx=92.13% (38695/42000)
          rx=7 on seen_days=['2021_03_01', '2021_03_08']: tx=81.78% (9814/12000)
          rx=8 on seen_days=['2021_03_01', '2021_03_08']: tx=83.13% (9976/12000)
          rx=9 on seen_days=['2021_03_01', '2021_03_08']: tx=89.30% (10716/12000)
          rx=10 on seen_days=['2021_03_01', '2021_03_08']: tx=91.67% (11000/12000)
          rx=11 on seen_days=['2021_03_01', '2021_03_08']: tx=91.20% (10944/12000)
[BEST-JOINT]  val_tx=98.90% & test_tx=89.43% @ E083
[CKPT]  latest -> finalist_runs/D4_domain_no_pa_no_stats_seed1337/latest_model.pth (saved) | best -> finalist_runs/D4_domain_no_pa_no_stats_seed1337/best_model_val.pth
====================================================================================================================================
[SAT-TEST] scenario=clear_leo selected=test_unseen_day_unseen_rx overall_tx=43.16% strict_udu=43.16% (25895/60000)
[SAT-TEST] scenario=low_elev_leo selected=test_unseen_day_unseen_rx overall_tx=43.79% strict_udu=43.79% (26272/60000)
[SAT-TEST] scenario=rain_leo selected=test_unseen_day_unseen_rx overall_tx=41.49% strict_udu=41.49% (24896/60000)
[SAT-TEST] scenario=storm_mp selected=test_unseen_day_unseen_rx overall_tx=37.21% strict_udu=37.21% (22326/60000)
[SAT-TEST] scenario=mixed_orbit selected=test_unseen_day_unseen_rx overall_tx=38.67% strict_udu=38.67% (23202/60000)
[BEST-TEST] overall=90.62% @ E078 -> finalist_runs/D4_domain_no_pa_no_stats_seed1337/best_model_test_overall.pth | unseen_day_unseen_rx=85.86% @ E078 -> finalist_runs/D4_domain_no_pa_no_stats_seed1337/best_model_strict_udu.pth | unseen_day_seen_rx=94.31% @ E080 | seen_day_unseen_rx=91.00% @ E078
[BEST-PRIMARY] score=87.53 @ E078 -> finalist_runs/D4_domain_no_pa_no_stats_seed1337/best_model_primary_ood.pth | overall=90.62% strict_udu=85.86%
[BEST-WORST-RX] worst_rx=85.88% (test_rx_8) @ E078 -> finalist_runs/D4_domain_no_pa_no_stats_seed1337/best_model_worst_rx.pth
====================================================================================================================================
[Epoch 086/200] time=82.5s | lr=1.22e-04 | aux_scale=1.000
[STAGE] phase=S3_refine_aux | use_aux=1.0 cons=0.87 cls_aux=0.82 reg=0.87 joint_inv=0.26 kl=0.51 group_ce=1.00
[MIXSTYLE-EPOCH] phase=base enabled=1 p=0.150 strength=0.650 anneal_t=0.000
[AUG] scale=0.350 | p_dac=0.000 p_pa=0.049 p_shift=0.122 p_cfo=0.122 p_awgn=0.140 p_mp=0.063 | max_shift=11 cfo_max=0.00014 pn_max=0.0021
------------------------------------------------------------------------------------------------------------------------------------
[LOSS-CORE] total=5.4992 cls=2.1324 dom=0.7573 adv=2.6206 orth=0.0024 cons=0.2011 group_ce=3.3296
[LOSS-AUX]  cls_pa=1.6848 cls_dac=0.0000 pa_joint_inv=0.2425 pa_kl=1.4887 dac_reg=0.0000 pa_reg=0.0152 gap_dac=0.0000 gap_pa=0.2617 cos_joint_pa=0.7575 cos_imp_pa=nan
[LOSS-SAT]  cls_sat=9.4568 sat_cons=0.7133 sat_cos=0.2867
[LOSS-DG]   proto=0.0000 proto_cos=nan supcon=0.0000 fishr=0.0019 sgc_res=0.0000
[LOSS-CAL]  ecc=0.0000 ecc_w=0.0000 ecc_tau=0.9500 ecc_maxp=nan
[TRAIN] tx=82.99% dom=72.63% cons_cos=0.7989
[GRAD]  total=4.702 backbone=1.000 aux=0.750 domain=0.488
[VAL]   tx=98.85% dom=91.91%
[TEST]  overall_tx=88.63% (180807/204000)
[TEST-SPLIT]
          unseen_day_seen_rx(days=['2021_03_15', '2021_03_23'], rxs=[0, 1, 2, 3, 4, 5, 6]): tx=93.54% (78575/84000)
          seen_day_unseen_rx(days=['2021_03_01', '2021_03_08'], rxs=[7, 8, 9, 10, 11]): tx=88.08% (52845/60000)
          unseen_day_unseen_rx(days=['2021_03_15', '2021_03_23'], rxs=[7, 8, 9, 10, 11]): tx=82.31% (49387/60000)
          day=2021_03_15 on seen_rxs=[0, 1, 2, 3, 4, 5, 6]: tx=94.83% (39830/42000)
          day=2021_03_23 on seen_rxs=[0, 1, 2, 3, 4, 5, 6]: tx=92.25% (38745/42000)
          rx=7 on seen_days=['2021_03_01', '2021_03_08']: tx=82.42% (9891/12000)
          rx=8 on seen_days=['2021_03_01', '2021_03_08']: tx=83.50% (10020/12000)
          rx=9 on seen_days=['2021_03_01', '2021_03_08']: tx=90.82% (10898/12000)
          rx=10 on seen_days=['2021_03_01', '2021_03_08']: tx=93.99% (11279/12000)
          rx=11 on seen_days=['2021_03_01', '2021_03_08']: tx=89.64% (10757/12000)
[BEST-JOINT]  val_tx=98.90% & test_tx=89.43% @ E083
[CKPT]  latest -> finalist_runs/D4_domain_no_pa_no_stats_seed1337/latest_model.pth (saved) | best -> finalist_runs/D4_domain_no_pa_no_stats_seed1337/best_model_val.pth
====================================================================================================================================
[SAT-TEST] scenario=clear_leo selected=test_unseen_day_unseen_rx overall_tx=43.29% strict_udu=43.29% (25973/60000)
[SAT-TEST] scenario=low_elev_leo selected=test_unseen_day_unseen_rx overall_tx=44.66% strict_udu=44.66% (26798/60000)
[SAT-TEST] scenario=rain_leo selected=test_unseen_day_unseen_rx overall_tx=42.59% strict_udu=42.59% (25552/60000)
[SAT-TEST] scenario=storm_mp selected=test_unseen_day_unseen_rx overall_tx=37.85% strict_udu=37.85% (22710/60000)
[SAT-TEST] scenario=mixed_orbit selected=test_unseen_day_unseen_rx overall_tx=39.53% strict_udu=39.53% (23716/60000)
[BEST-TEST] overall=90.62% @ E078 -> finalist_runs/D4_domain_no_pa_no_stats_seed1337/best_model_test_overall.pth | unseen_day_unseen_rx=85.86% @ E078 -> finalist_runs/D4_domain_no_pa_no_stats_seed1337/best_model_strict_udu.pth | unseen_day_seen_rx=94.31% @ E080 | seen_day_unseen_rx=91.00% @ E078
[BEST-PRIMARY] score=87.53 @ E078 -> finalist_runs/D4_domain_no_pa_no_stats_seed1337/best_model_primary_ood.pth | overall=90.62% strict_udu=85.86%
[BEST-WORST-RX] worst_rx=85.88% (test_rx_8) @ E078 -> finalist_runs/D4_domain_no_pa_no_stats_seed1337/best_model_worst_rx.pth
====================================================================================================================================
[Epoch 087/200] time=88.5s | lr=1.21e-04 | aux_scale=1.000
[STAGE] phase=S3_refine_aux | use_aux=1.0 cons=0.87 cls_aux=0.83 reg=0.87 joint_inv=0.26 kl=0.52 group_ce=1.00
[MIXSTYLE-EPOCH] phase=base enabled=1 p=0.150 strength=0.650 anneal_t=0.000
[AUG] scale=0.350 | p_dac=0.000 p_pa=0.049 p_shift=0.122 p_cfo=0.122 p_awgn=0.140 p_mp=0.063 | max_shift=11 cfo_max=0.00014 pn_max=0.0021
------------------------------------------------------------------------------------------------------------------------------------
[LOSS-CORE] total=4.6157 cls=1.4824 dom=0.6128 adv=2.6193 orth=0.0028 cons=0.1829 group_ce=2.4954
[LOSS-AUX]  cls_pa=1.6496 cls_dac=0.0000 pa_joint_inv=0.2446 pa_kl=1.4577 dac_reg=0.0000 pa_reg=0.0150 gap_dac=0.0000 gap_pa=0.2670 cos_joint_pa=0.7554 cos_imp_pa=nan
[LOSS-SAT]  cls_sat=9.4512 sat_cons=0.7172 sat_cos=0.2828
[LOSS-DG]   proto=0.0000 proto_cos=nan supcon=0.0000 fishr=0.0014 sgc_res=0.0000
[LOSS-CAL]  ecc=0.0000 ecc_w=0.0000 ecc_tau=0.9500 ecc_maxp=nan
[TRAIN] tx=88.26% dom=77.89% cons_cos=0.8171
[GRAD]  total=4.088 backbone=1.000 aux=0.750 domain=0.493
[VAL]   tx=98.75% dom=91.07%
[TEST]  overall_tx=89.40% (182386/204000)
[TEST-SPLIT]
          unseen_day_seen_rx(days=['2021_03_15', '2021_03_23'], rxs=[0, 1, 2, 3, 4, 5, 6]): tx=93.06% (78171/84000)
          seen_day_unseen_rx(days=['2021_03_01', '2021_03_08'], rxs=[7, 8, 9, 10, 11]): tx=89.71% (53824/60000)
          unseen_day_unseen_rx(days=['2021_03_15', '2021_03_23'], rxs=[7, 8, 9, 10, 11]): tx=83.98% (50391/60000)
          day=2021_03_15 on seen_rxs=[0, 1, 2, 3, 4, 5, 6]: tx=93.08% (39095/42000)
          day=2021_03_23 on seen_rxs=[0, 1, 2, 3, 4, 5, 6]: tx=93.04% (39076/42000)
          rx=7 on seen_days=['2021_03_01', '2021_03_08']: tx=86.99% (10439/12000)
          rx=8 on seen_days=['2021_03_01', '2021_03_08']: tx=82.67% (9920/12000)
          rx=9 on seen_days=['2021_03_01', '2021_03_08']: tx=90.70% (10884/12000)
          rx=10 on seen_days=['2021_03_01', '2021_03_08']: tx=91.53% (10984/12000)
          rx=11 on seen_days=['2021_03_01', '2021_03_08']: tx=96.64% (11597/12000)
[BEST-JOINT]  val_tx=98.90% & test_tx=89.43% @ E083
[CKPT]  latest -> finalist_runs/D4_domain_no_pa_no_stats_seed1337/latest_model.pth (saved) | best -> finalist_runs/D4_domain_no_pa_no_stats_seed1337/best_model_val.pth
====================================================================================================================================
[SAT-TEST] scenario=clear_leo selected=test_unseen_day_unseen_rx overall_tx=42.98% strict_udu=42.98% (25785/60000)
[SAT-TEST] scenario=low_elev_leo selected=test_unseen_day_unseen_rx overall_tx=42.93% strict_udu=42.93% (25757/60000)
[SAT-TEST] scenario=rain_leo selected=test_unseen_day_unseen_rx overall_tx=41.28% strict_udu=41.28% (24769/60000)
[SAT-TEST] scenario=storm_mp selected=test_unseen_day_unseen_rx overall_tx=37.18% strict_udu=37.18% (22310/60000)
[SAT-TEST] scenario=mixed_orbit selected=test_unseen_day_unseen_rx overall_tx=40.38% strict_udu=40.38% (24230/60000)
[BEST-TEST] overall=90.62% @ E078 -> finalist_runs/D4_domain_no_pa_no_stats_seed1337/best_model_test_overall.pth | unseen_day_unseen_rx=85.86% @ E078 -> finalist_runs/D4_domain_no_pa_no_stats_seed1337/best_model_strict_udu.pth | unseen_day_seen_rx=94.31% @ E080 | seen_day_unseen_rx=91.00% @ E078
[BEST-PRIMARY] score=87.53 @ E078 -> finalist_runs/D4_domain_no_pa_no_stats_seed1337/best_model_primary_ood.pth | overall=90.62% strict_udu=85.86%
[BEST-WORST-RX] worst_rx=85.88% (test_rx_8) @ E078 -> finalist_runs/D4_domain_no_pa_no_stats_seed1337/best_model_worst_rx.pth
====================================================================================================================================
[Epoch 088/200] time=78.7s | lr=1.19e-04 | aux_scale=1.000
[STAGE] phase=S3_refine_aux | use_aux=1.0 cons=0.88 cls_aux=0.84 reg=0.88 joint_inv=0.26 kl=0.52 group_ce=1.00
[MIXSTYLE-EPOCH] phase=base enabled=1 p=0.150 strength=0.650 anneal_t=0.000
[AUG] scale=0.350 | p_dac=0.000 p_pa=0.049 p_shift=0.122 p_cfo=0.122 p_awgn=0.140 p_mp=0.063 | max_shift=11 cfo_max=0.00014 pn_max=0.0021
------------------------------------------------------------------------------------------------------------------------------------
[LOSS-CORE] total=5.0060 cls=1.7937 dom=0.6414 adv=2.6193 orth=0.0027 cons=0.1915 group_ce=2.9107
[LOSS-AUX]  cls_pa=1.7052 cls_dac=0.0000 pa_joint_inv=0.2499 pa_kl=1.5080 dac_reg=0.0000 pa_reg=0.0145 gap_dac=0.0000 gap_pa=0.2722 cos_joint_pa=0.7501 cos_imp_pa=nan
[LOSS-SAT]  cls_sat=9.3932 sat_cons=0.7164 sat_cos=0.2836
[LOSS-DG]   proto=0.0000 proto_cos=nan supcon=0.0000 fishr=0.0016 sgc_res=0.0000
[LOSS-CAL]  ecc=0.0000 ecc_w=0.0000 ecc_tau=0.9500 ecc_maxp=nan
[TRAIN] tx=85.61% dom=76.23% cons_cos=0.8085
[GRAD]  total=4.419 backbone=1.000 aux=0.750 domain=0.491
[VAL]   tx=98.43% dom=91.23%
[TEST]  overall_tx=87.85% (179218/204000)
[TEST-SPLIT]
          unseen_day_seen_rx(days=['2021_03_15', '2021_03_23'], rxs=[0, 1, 2, 3, 4, 5, 6]): tx=92.54% (77732/84000)
          seen_day_unseen_rx(days=['2021_03_01', '2021_03_08'], rxs=[7, 8, 9, 10, 11]): tx=87.65% (52589/60000)
          unseen_day_unseen_rx(days=['2021_03_15', '2021_03_23'], rxs=[7, 8, 9, 10, 11]): tx=81.50% (48897/60000)
          day=2021_03_15 on seen_rxs=[0, 1, 2, 3, 4, 5, 6]: tx=95.32% (40036/42000)
          day=2021_03_23 on seen_rxs=[0, 1, 2, 3, 4, 5, 6]: tx=89.75% (37696/42000)
          rx=7 on seen_days=['2021_03_01', '2021_03_08']: tx=77.72% (9327/12000)
          rx=8 on seen_days=['2021_03_01', '2021_03_08']: tx=81.03% (9723/12000)
          rx=9 on seen_days=['2021_03_01', '2021_03_08']: tx=93.84% (11261/12000)
          rx=10 on seen_days=['2021_03_01', '2021_03_08']: tx=95.19% (11423/12000)
          rx=11 on seen_days=['2021_03_01', '2021_03_08']: tx=90.46% (10855/12000)
[BEST-JOINT]  val_tx=98.90% & test_tx=89.43% @ E083
[CKPT]  latest -> finalist_runs/D4_domain_no_pa_no_stats_seed1337/latest_model.pth (saved) | best -> finalist_runs/D4_domain_no_pa_no_stats_seed1337/best_model_val.pth
====================================================================================================================================
[SAT-TEST] scenario=clear_leo selected=test_unseen_day_unseen_rx overall_tx=44.33% strict_udu=44.33% (26595/60000)
[SAT-TEST] scenario=low_elev_leo selected=test_unseen_day_unseen_rx overall_tx=45.05% strict_udu=45.05% (27028/60000)
[SAT-TEST] scenario=rain_leo selected=test_unseen_day_unseen_rx overall_tx=43.13% strict_udu=43.13% (25879/60000)
[SAT-TEST] scenario=storm_mp selected=test_unseen_day_unseen_rx overall_tx=37.48% strict_udu=37.48% (22490/60000)
[SAT-TEST] scenario=mixed_orbit selected=test_unseen_day_unseen_rx overall_tx=39.98% strict_udu=39.98% (23991/60000)
[BEST-TEST] overall=90.62% @ E078 -> finalist_runs/D4_domain_no_pa_no_stats_seed1337/best_model_test_overall.pth | unseen_day_unseen_rx=85.86% @ E078 -> finalist_runs/D4_domain_no_pa_no_stats_seed1337/best_model_strict_udu.pth | unseen_day_seen_rx=94.31% @ E080 | seen_day_unseen_rx=91.00% @ E078
[BEST-PRIMARY] score=87.53 @ E078 -> finalist_runs/D4_domain_no_pa_no_stats_seed1337/best_model_primary_ood.pth | overall=90.62% strict_udu=85.86%
[BEST-WORST-RX] worst_rx=85.88% (test_rx_8) @ E078 -> finalist_runs/D4_domain_no_pa_no_stats_seed1337/best_model_worst_rx.pth
====================================================================================================================================
[Epoch 089/200] time=81.1s | lr=1.18e-04 | aux_scale=1.000
[STAGE] phase=S3_refine_aux | use_aux=1.0 cons=0.89 cls_aux=0.85 reg=0.89 joint_inv=0.26 kl=0.52 group_ce=1.00
[MIXSTYLE-EPOCH] phase=base enabled=1 p=0.150 strength=0.650 anneal_t=0.000
[AUG] scale=0.350 | p_dac=0.000 p_pa=0.049 p_shift=0.122 p_cfo=0.122 p_awgn=0.140 p_mp=0.063 | max_shift=11 cfo_max=0.00014 pn_max=0.0021
------------------------------------------------------------------------------------------------------------------------------------
[LOSS-CORE] total=4.8899 cls=1.7146 dom=0.6259 adv=2.6180 orth=0.0025 cons=0.1944 group_ce=2.8055
[LOSS-AUX]  cls_pa=1.5605 cls_dac=0.0000 pa_joint_inv=0.2396 pa_kl=1.3628 dac_reg=0.0000 pa_reg=0.0148 gap_dac=0.0000 gap_pa=0.2667 cos_joint_pa=0.7604 cos_imp_pa=nan
[LOSS-SAT]  cls_sat=9.5428 sat_cons=0.7205 sat_cos=0.2795
[LOSS-DG]   proto=0.0000 proto_cos=nan supcon=0.0000 fishr=0.0016 sgc_res=0.0000
[LOSS-CAL]  ecc=0.0000 ecc_w=0.0000 ecc_tau=0.9500 ecc_maxp=nan
[TRAIN] tx=86.21% dom=76.18% cons_cos=0.8056
[GRAD]  total=4.090 backbone=1.000 aux=0.750 domain=0.488
[VAL]   tx=98.85% dom=91.56%
[TEST]  overall_tx=89.67% (182937/204000)
[TEST-SPLIT]
          unseen_day_seen_rx(days=['2021_03_15', '2021_03_23'], rxs=[0, 1, 2, 3, 4, 5, 6]): tx=93.78% (78774/84000)
          seen_day_unseen_rx(days=['2021_03_01', '2021_03_08'], rxs=[7, 8, 9, 10, 11]): tx=88.62% (53174/60000)
          unseen_day_unseen_rx(days=['2021_03_15', '2021_03_23'], rxs=[7, 8, 9, 10, 11]): tx=84.98% (50989/60000)
          day=2021_03_15 on seen_rxs=[0, 1, 2, 3, 4, 5, 6]: tx=94.11% (39528/42000)
          day=2021_03_23 on seen_rxs=[0, 1, 2, 3, 4, 5, 6]: tx=93.44% (39246/42000)
          rx=7 on seen_days=['2021_03_01', '2021_03_08']: tx=83.17% (9981/12000)
          rx=8 on seen_days=['2021_03_01', '2021_03_08']: tx=83.13% (9976/12000)
          rx=9 on seen_days=['2021_03_01', '2021_03_08']: tx=90.85% (10902/12000)
          rx=10 on seen_days=['2021_03_01', '2021_03_08']: tx=90.78% (10893/12000)
          rx=11 on seen_days=['2021_03_01', '2021_03_08']: tx=95.18% (11422/12000)
[BEST-JOINT]  val_tx=98.90% & test_tx=89.43% @ E083
[CKPT]  latest -> finalist_runs/D4_domain_no_pa_no_stats_seed1337/latest_model.pth (saved) | best -> finalist_runs/D4_domain_no_pa_no_stats_seed1337/best_model_val.pth
====================================================================================================================================
[SAT-TEST] scenario=clear_leo selected=test_unseen_day_unseen_rx overall_tx=43.46% strict_udu=43.46% (26075/60000)
[SAT-TEST] scenario=low_elev_leo selected=test_unseen_day_unseen_rx overall_tx=43.59% strict_udu=43.59% (26153/60000)
[SAT-TEST] scenario=rain_leo selected=test_unseen_day_unseen_rx overall_tx=41.42% strict_udu=41.42% (24854/60000)
[SAT-TEST] scenario=storm_mp selected=test_unseen_day_unseen_rx overall_tx=37.50% strict_udu=37.50% (22499/60000)
[SAT-TEST] scenario=mixed_orbit selected=test_unseen_day_unseen_rx overall_tx=40.11% strict_udu=40.11% (24066/60000)
[BEST-TEST] overall=90.62% @ E078 -> finalist_runs/D4_domain_no_pa_no_stats_seed1337/best_model_test_overall.pth | unseen_day_unseen_rx=85.86% @ E078 -> finalist_runs/D4_domain_no_pa_no_stats_seed1337/best_model_strict_udu.pth | unseen_day_seen_rx=94.31% @ E080 | seen_day_unseen_rx=91.00% @ E078
[BEST-PRIMARY] score=87.53 @ E078 -> finalist_runs/D4_domain_no_pa_no_stats_seed1337/best_model_primary_ood.pth | overall=90.62% strict_udu=85.86%
[BEST-WORST-RX] worst_rx=85.88% (test_rx_8) @ E078 -> finalist_runs/D4_domain_no_pa_no_stats_seed1337/best_model_worst_rx.pth
====================================================================================================================================
[Epoch 090/200] time=80.0s | lr=1.16e-04 | aux_scale=1.000
[STAGE] phase=S3_refine_aux | use_aux=1.0 cons=0.89 cls_aux=0.86 reg=0.89 joint_inv=0.26 kl=0.53 group_ce=1.00
[MIXSTYLE-EPOCH] phase=base enabled=1 p=0.150 strength=0.650 anneal_t=0.000
[AUG] scale=0.350 | p_dac=0.000 p_pa=0.049 p_shift=0.122 p_cfo=0.122 p_awgn=0.140 p_mp=0.063 | max_shift=11 cfo_max=0.00014 pn_max=0.0021
------------------------------------------------------------------------------------------------------------------------------------
[LOSS-CORE] total=4.2538 cls=1.2547 dom=0.5238 adv=2.6163 orth=0.0026 cons=0.1783 group_ce=2.2542
[LOSS-AUX]  cls_pa=1.5348 cls_dac=0.0000 pa_joint_inv=0.2357 pa_kl=1.3405 dac_reg=0.0000 pa_reg=0.0150 gap_dac=0.0000 gap_pa=0.2618 cos_joint_pa=0.7643 cos_imp_pa=nan
[LOSS-SAT]  cls_sat=9.3452 sat_cons=0.7241 sat_cos=0.2759
[LOSS-DG]   proto=0.0000 proto_cos=nan supcon=0.0000 fishr=0.0013 sgc_res=0.0000
[LOSS-CAL]  ecc=0.0000 ecc_w=0.0000 ecc_tau=0.9500 ecc_maxp=nan
[TRAIN] tx=90.06% dom=80.34% cons_cos=0.8217
[GRAD]  total=3.920 backbone=1.000 aux=0.750 domain=0.484
[VAL]   tx=98.65% dom=92.04%
[TEST]  overall_tx=89.84% (183283/204000)
[TEST-SPLIT]
          unseen_day_seen_rx(days=['2021_03_15', '2021_03_23'], rxs=[0, 1, 2, 3, 4, 5, 6]): tx=93.61% (78630/84000)
          seen_day_unseen_rx(days=['2021_03_01', '2021_03_08'], rxs=[7, 8, 9, 10, 11]): tx=89.48% (53690/60000)
          unseen_day_unseen_rx(days=['2021_03_15', '2021_03_23'], rxs=[7, 8, 9, 10, 11]): tx=84.94% (50963/60000)
          day=2021_03_15 on seen_rxs=[0, 1, 2, 3, 4, 5, 6]: tx=95.34% (40043/42000)
          day=2021_03_23 on seen_rxs=[0, 1, 2, 3, 4, 5, 6]: tx=91.87% (38587/42000)
          rx=7 on seen_days=['2021_03_01', '2021_03_08']: tx=86.50% (10380/12000)
          rx=8 on seen_days=['2021_03_01', '2021_03_08']: tx=84.44% (10133/12000)
          rx=9 on seen_days=['2021_03_01', '2021_03_08']: tx=89.83% (10780/12000)
          rx=10 on seen_days=['2021_03_01', '2021_03_08']: tx=94.47% (11337/12000)
          rx=11 on seen_days=['2021_03_01', '2021_03_08']: tx=92.17% (11060/12000)
[BEST-JOINT]  val_tx=98.90% & test_tx=89.43% @ E083
[CKPT]  latest -> finalist_runs/D4_domain_no_pa_no_stats_seed1337/latest_model.pth (saved) | best -> finalist_runs/D4_domain_no_pa_no_stats_seed1337/best_model_val.pth
====================================================================================================================================
[SAT-TEST] scenario=clear_leo selected=test_unseen_day_unseen_rx overall_tx=45.66% strict_udu=45.66% (27398/60000)
[SAT-TEST] scenario=low_elev_leo selected=test_unseen_day_unseen_rx overall_tx=45.37% strict_udu=45.37% (27221/60000)
[SAT-TEST] scenario=rain_leo selected=test_unseen_day_unseen_rx overall_tx=43.38% strict_udu=43.38% (26027/60000)
[SAT-TEST] scenario=storm_mp selected=test_unseen_day_unseen_rx overall_tx=37.80% strict_udu=37.80% (22682/60000)
[SAT-TEST] scenario=mixed_orbit selected=test_unseen_day_unseen_rx overall_tx=41.62% strict_udu=41.62% (24972/60000)
[BEST-TEST] overall=90.62% @ E078 -> finalist_runs/D4_domain_no_pa_no_stats_seed1337/best_model_test_overall.pth | unseen_day_unseen_rx=85.86% @ E078 -> finalist_runs/D4_domain_no_pa_no_stats_seed1337/best_model_strict_udu.pth | unseen_day_seen_rx=94.31% @ E080 | seen_day_unseen_rx=91.00% @ E078
[BEST-PRIMARY] score=87.53 @ E078 -> finalist_runs/D4_domain_no_pa_no_stats_seed1337/best_model_primary_ood.pth | overall=90.62% strict_udu=85.86%
[BEST-WORST-RX] worst_rx=85.88% (test_rx_8) @ E078 -> finalist_runs/D4_domain_no_pa_no_stats_seed1337/best_model_worst_rx.pth
====================================================================================================================================
[Epoch 091/200] time=80.8s | lr=1.15e-04 | aux_scale=1.000
[STAGE] phase=S3_refine_aux | use_aux=1.0 cons=0.90 cls_aux=0.87 reg=0.90 joint_inv=0.27 kl=0.54 group_ce=1.00
[MIXSTYLE-EPOCH] phase=base enabled=1 p=0.150 strength=0.650 anneal_t=0.000
[AUG] scale=0.350 | p_dac=0.000 p_pa=0.049 p_shift=0.122 p_cfo=0.122 p_awgn=0.140 p_mp=0.063 | max_shift=11 cfo_max=0.00014 pn_max=0.0021
------------------------------------------------------------------------------------------------------------------------------------
[LOSS-CORE] total=4.1561 cls=1.1770 dom=0.5075 adv=2.6197 orth=0.0028 cons=0.1697 group_ce=2.0737
[LOSS-AUX]  cls_pa=1.5622 cls_dac=0.0000 pa_joint_inv=0.2393 pa_kl=1.3728 dac_reg=0.0000 pa_reg=0.0144 gap_dac=0.0000 gap_pa=0.2789 cos_joint_pa=0.7607 cos_imp_pa=nan
[LOSS-SAT]  cls_sat=9.3999 sat_cons=0.7302 sat_cos=0.2698
[LOSS-DG]   proto=0.0000 proto_cos=nan supcon=0.0000 fishr=0.0011 sgc_res=0.0000
[LOSS-CAL]  ecc=0.0000 ecc_w=0.0000 ecc_tau=0.9500 ecc_maxp=nan
[TRAIN] tx=90.70% dom=81.12% cons_cos=0.8303
[GRAD]  total=4.210 backbone=1.000 aux=0.750 domain=0.480
[VAL]   tx=98.52% dom=91.36%
[TEST]  overall_tx=88.05% (179613/204000)
[TEST-SPLIT]
          unseen_day_seen_rx(days=['2021_03_15', '2021_03_23'], rxs=[0, 1, 2, 3, 4, 5, 6]): tx=92.33% (77559/84000)
          seen_day_unseen_rx(days=['2021_03_01', '2021_03_08'], rxs=[7, 8, 9, 10, 11]): tx=87.27% (52360/60000)
          unseen_day_unseen_rx(days=['2021_03_15', '2021_03_23'], rxs=[7, 8, 9, 10, 11]): tx=82.82% (49694/60000)
          day=2021_03_15 on seen_rxs=[0, 1, 2, 3, 4, 5, 6]: tx=93.65% (39334/42000)
          day=2021_03_23 on seen_rxs=[0, 1, 2, 3, 4, 5, 6]: tx=91.01% (38225/42000)
          rx=7 on seen_days=['2021_03_01', '2021_03_08']: tx=82.58% (9909/12000)
          rx=8 on seen_days=['2021_03_01', '2021_03_08']: tx=83.73% (10048/12000)
          rx=9 on seen_days=['2021_03_01', '2021_03_08']: tx=88.10% (10572/12000)
          rx=10 on seen_days=['2021_03_01', '2021_03_08']: tx=92.83% (11139/12000)
          rx=11 on seen_days=['2021_03_01', '2021_03_08']: tx=89.10% (10692/12000)
[BEST-JOINT]  val_tx=98.90% & test_tx=89.43% @ E083
[CKPT]  latest -> finalist_runs/D4_domain_no_pa_no_stats_seed1337/latest_model.pth (saved) | best -> finalist_runs/D4_domain_no_pa_no_stats_seed1337/best_model_val.pth
====================================================================================================================================
[SAT-TEST] scenario=clear_leo selected=test_unseen_day_unseen_rx overall_tx=43.74% strict_udu=43.74% (26247/60000)
[SAT-TEST] scenario=low_elev_leo selected=test_unseen_day_unseen_rx overall_tx=44.40% strict_udu=44.40% (26641/60000)
[SAT-TEST] scenario=rain_leo selected=test_unseen_day_unseen_rx overall_tx=42.47% strict_udu=42.47% (25482/60000)
[SAT-TEST] scenario=storm_mp selected=test_unseen_day_unseen_rx overall_tx=37.27% strict_udu=37.27% (22361/60000)
[SAT-TEST] scenario=mixed_orbit selected=test_unseen_day_unseen_rx overall_tx=39.63% strict_udu=39.63% (23776/60000)
[BEST-TEST] overall=90.62% @ E078 -> finalist_runs/D4_domain_no_pa_no_stats_seed1337/best_model_test_overall.pth | unseen_day_unseen_rx=85.86% @ E078 -> finalist_runs/D4_domain_no_pa_no_stats_seed1337/best_model_strict_udu.pth | unseen_day_seen_rx=94.31% @ E080 | seen_day_unseen_rx=91.00% @ E078
[BEST-PRIMARY] score=87.53 @ E078 -> finalist_runs/D4_domain_no_pa_no_stats_seed1337/best_model_primary_ood.pth | overall=90.62% strict_udu=85.86%
[BEST-WORST-RX] worst_rx=85.88% (test_rx_8) @ E078 -> finalist_runs/D4_domain_no_pa_no_stats_seed1337/best_model_worst_rx.pth
====================================================================================================================================
[Epoch 092/200] time=82.0s | lr=1.13e-04 | aux_scale=1.000
[STAGE] phase=S3_refine_aux | use_aux=1.0 cons=0.91 cls_aux=0.88 reg=0.91 joint_inv=0.27 kl=0.54 group_ce=1.00
[MIXSTYLE-EPOCH] phase=base enabled=1 p=0.150 strength=0.650 anneal_t=0.000
[AUG] scale=0.350 | p_dac=0.000 p_pa=0.049 p_shift=0.122 p_cfo=0.122 p_awgn=0.140 p_mp=0.063 | max_shift=11 cfo_max=0.00014 pn_max=0.0021
------------------------------------------------------------------------------------------------------------------------------------
[LOSS-CORE] total=4.6406 cls=1.5008 dom=0.5960 adv=2.6206 orth=0.0028 cons=0.1797 group_ce=2.5754
[LOSS-AUX]  cls_pa=1.6521 cls_dac=0.0000 pa_joint_inv=0.2396 pa_kl=1.4631 dac_reg=0.0000 pa_reg=0.0145 gap_dac=0.0000 gap_pa=0.2743 cos_joint_pa=0.7604 cos_imp_pa=nan
[LOSS-SAT]  cls_sat=9.4072 sat_cons=0.7182 sat_cos=0.2818
[LOSS-DG]   proto=0.0000 proto_cos=nan supcon=0.0000 fishr=0.0015 sgc_res=0.0000
[LOSS-CAL]  ecc=0.0000 ecc_w=0.0000 ecc_tau=0.9500 ecc_maxp=nan
[TRAIN] tx=87.94% dom=78.06% cons_cos=0.8203
[GRAD]  total=4.681 backbone=1.000 aux=0.750 domain=0.493
[VAL]   tx=98.52% dom=92.25%
[TEST]  overall_tx=88.60% (180738/204000)
[TEST-SPLIT]
          unseen_day_seen_rx(days=['2021_03_15', '2021_03_23'], rxs=[0, 1, 2, 3, 4, 5, 6]): tx=92.76% (77921/84000)
          seen_day_unseen_rx(days=['2021_03_01', '2021_03_08'], rxs=[7, 8, 9, 10, 11]): tx=87.98% (52786/60000)
          unseen_day_unseen_rx(days=['2021_03_15', '2021_03_23'], rxs=[7, 8, 9, 10, 11]): tx=83.39% (50031/60000)
          day=2021_03_15 on seen_rxs=[0, 1, 2, 3, 4, 5, 6]: tx=94.40% (39648/42000)
          day=2021_03_23 on seen_rxs=[0, 1, 2, 3, 4, 5, 6]: tx=91.13% (38273/42000)
          rx=7 on seen_days=['2021_03_01', '2021_03_08']: tx=82.41% (9889/12000)
          rx=8 on seen_days=['2021_03_01', '2021_03_08']: tx=83.20% (9984/12000)
          rx=9 on seen_days=['2021_03_01', '2021_03_08']: tx=89.44% (10733/12000)
          rx=10 on seen_days=['2021_03_01', '2021_03_08']: tx=95.19% (11423/12000)
          rx=11 on seen_days=['2021_03_01', '2021_03_08']: tx=89.64% (10757/12000)
[BEST-JOINT]  val_tx=98.90% & test_tx=89.43% @ E083
[CKPT]  latest -> finalist_runs/D4_domain_no_pa_no_stats_seed1337/latest_model.pth (saved) | best -> finalist_runs/D4_domain_no_pa_no_stats_seed1337/best_model_val.pth
====================================================================================================================================
[SAT-TEST] scenario=clear_leo selected=test_unseen_day_unseen_rx overall_tx=44.61% strict_udu=44.61% (26768/60000)
[SAT-TEST] scenario=low_elev_leo selected=test_unseen_day_unseen_rx overall_tx=45.04% strict_udu=45.04% (27024/60000)
[SAT-TEST] scenario=rain_leo selected=test_unseen_day_unseen_rx overall_tx=43.40% strict_udu=43.40% (26037/60000)
[SAT-TEST] scenario=storm_mp selected=test_unseen_day_unseen_rx overall_tx=37.94% strict_udu=37.94% (22764/60000)
[SAT-TEST] scenario=mixed_orbit selected=test_unseen_day_unseen_rx overall_tx=40.63% strict_udu=40.63% (24377/60000)
[BEST-TEST] overall=90.62% @ E078 -> finalist_runs/D4_domain_no_pa_no_stats_seed1337/best_model_test_overall.pth | unseen_day_unseen_rx=85.86% @ E078 -> finalist_runs/D4_domain_no_pa_no_stats_seed1337/best_model_strict_udu.pth | unseen_day_seen_rx=94.31% @ E080 | seen_day_unseen_rx=91.00% @ E078
[BEST-PRIMARY] score=87.53 @ E078 -> finalist_runs/D4_domain_no_pa_no_stats_seed1337/best_model_primary_ood.pth | overall=90.62% strict_udu=85.86%
[BEST-WORST-RX] worst_rx=85.88% (test_rx_8) @ E078 -> finalist_runs/D4_domain_no_pa_no_stats_seed1337/best_model_worst_rx.pth
====================================================================================================================================
[Epoch 093/200] time=80.0s | lr=1.11e-04 | aux_scale=1.000
[STAGE] phase=S3_refine_aux | use_aux=1.0 cons=0.92 cls_aux=0.89 reg=0.92 joint_inv=0.27 kl=0.55 group_ce=1.00
[MIXSTYLE-EPOCH] phase=base enabled=1 p=0.150 strength=0.650 anneal_t=0.000
[AUG] scale=0.350 | p_dac=0.000 p_pa=0.049 p_shift=0.122 p_cfo=0.122 p_awgn=0.140 p_mp=0.063 | max_shift=11 cfo_max=0.00014 pn_max=0.0021
------------------------------------------------------------------------------------------------------------------------------------
[LOSS-CORE] total=5.4741 cls=2.1506 dom=0.7252 adv=2.6155 orth=0.0023 cons=0.2123 group_ce=3.4419
[LOSS-AUX]  cls_pa=1.4649 cls_dac=0.0000 pa_joint_inv=0.2285 pa_kl=1.2737 dac_reg=0.0000 pa_reg=0.0155 gap_dac=0.0000 gap_pa=0.2619 cos_joint_pa=0.7715 cos_imp_pa=nan
[LOSS-SAT]  cls_sat=9.4032 sat_cons=0.7007 sat_cos=0.2993
[LOSS-DG]   proto=0.0000 proto_cos=nan supcon=0.0000 fishr=0.0021 sgc_res=0.0000
[LOSS-CAL]  ecc=0.0000 ecc_w=0.0000 ecc_tau=0.9500 ecc_maxp=nan
[TRAIN] tx=82.70% dom=73.85% cons_cos=0.7877
[GRAD]  total=4.875 backbone=1.000 aux=0.750 domain=0.487
[VAL]   tx=98.68% dom=91.76%
[TEST]  overall_tx=88.35% (180240/204000)
[TEST-SPLIT]
          unseen_day_seen_rx(days=['2021_03_15', '2021_03_23'], rxs=[0, 1, 2, 3, 4, 5, 6]): tx=92.69% (77856/84000)
          seen_day_unseen_rx(days=['2021_03_01', '2021_03_08'], rxs=[7, 8, 9, 10, 11]): tx=87.52% (52513/60000)
          unseen_day_unseen_rx(days=['2021_03_15', '2021_03_23'], rxs=[7, 8, 9, 10, 11]): tx=83.12% (49871/60000)
          day=2021_03_15 on seen_rxs=[0, 1, 2, 3, 4, 5, 6]: tx=93.60% (39310/42000)
          day=2021_03_23 on seen_rxs=[0, 1, 2, 3, 4, 5, 6]: tx=91.78% (38546/42000)
          rx=7 on seen_days=['2021_03_01', '2021_03_08']: tx=83.92% (10070/12000)
          rx=8 on seen_days=['2021_03_01', '2021_03_08']: tx=81.93% (9832/12000)
          rx=9 on seen_days=['2021_03_01', '2021_03_08']: tx=88.01% (10561/12000)
          rx=10 on seen_days=['2021_03_01', '2021_03_08']: tx=93.72% (11246/12000)
          rx=11 on seen_days=['2021_03_01', '2021_03_08']: tx=90.03% (10804/12000)
[BEST-JOINT]  val_tx=98.90% & test_tx=89.43% @ E083
[CKPT]  latest -> finalist_runs/D4_domain_no_pa_no_stats_seed1337/latest_model.pth (saved) | best -> finalist_runs/D4_domain_no_pa_no_stats_seed1337/best_model_val.pth
====================================================================================================================================
[SAT-TEST] scenario=clear_leo selected=test_unseen_day_unseen_rx overall_tx=43.93% strict_udu=43.93% (26360/60000)
[SAT-TEST] scenario=low_elev_leo selected=test_unseen_day_unseen_rx overall_tx=44.34% strict_udu=44.34% (26603/60000)
[SAT-TEST] scenario=rain_leo selected=test_unseen_day_unseen_rx overall_tx=42.28% strict_udu=42.28% (25371/60000)
[SAT-TEST] scenario=storm_mp selected=test_unseen_day_unseen_rx overall_tx=37.39% strict_udu=37.39% (22434/60000)
[SAT-TEST] scenario=mixed_orbit selected=test_unseen_day_unseen_rx overall_tx=40.12% strict_udu=40.12% (24072/60000)
[BEST-TEST] overall=90.62% @ E078 -> finalist_runs/D4_domain_no_pa_no_stats_seed1337/best_model_test_overall.pth | unseen_day_unseen_rx=85.86% @ E078 -> finalist_runs/D4_domain_no_pa_no_stats_seed1337/best_model_strict_udu.pth | unseen_day_seen_rx=94.31% @ E080 | seen_day_unseen_rx=91.00% @ E078
[BEST-PRIMARY] score=87.53 @ E078 -> finalist_runs/D4_domain_no_pa_no_stats_seed1337/best_model_primary_ood.pth | overall=90.62% strict_udu=85.86%
[BEST-WORST-RX] worst_rx=85.88% (test_rx_8) @ E078 -> finalist_runs/D4_domain_no_pa_no_stats_seed1337/best_model_worst_rx.pth
====================================================================================================================================
[Epoch 094/200] time=81.8s | lr=1.10e-04 | aux_scale=1.000
[STAGE] phase=S3_refine_aux | use_aux=1.0 cons=0.93 cls_aux=0.91 reg=0.93 joint_inv=0.28 kl=0.55 group_ce=1.00
[MIXSTYLE-EPOCH] phase=base enabled=1 p=0.150 strength=0.650 anneal_t=0.000
[AUG] scale=0.350 | p_dac=0.000 p_pa=0.049 p_shift=0.122 p_cfo=0.122 p_awgn=0.140 p_mp=0.063 | max_shift=11 cfo_max=0.00014 pn_max=0.0021
------------------------------------------------------------------------------------------------------------------------------------
[LOSS-CORE] total=4.6182 cls=1.5199 dom=0.5748 adv=2.6233 orth=0.0026 cons=0.1722 group_ce=2.4434
[LOSS-AUX]  cls_pa=1.5139 cls_dac=0.0000 pa_joint_inv=0.2311 pa_kl=1.3230 dac_reg=0.0000 pa_reg=0.0149 gap_dac=0.0000 gap_pa=0.2672 cos_joint_pa=0.7689 cos_imp_pa=nan
[LOSS-SAT]  cls_sat=9.5267 sat_cons=0.7276 sat_cos=0.2724
[LOSS-DG]   proto=0.0000 proto_cos=nan supcon=0.0000 fishr=0.0013 sgc_res=0.0000
[LOSS-CAL]  ecc=0.0000 ecc_w=0.0000 ecc_tau=0.9500 ecc_maxp=nan
[TRAIN] tx=87.55% dom=78.78% cons_cos=0.8278
[GRAD]  total=4.376 backbone=1.000 aux=0.750 domain=0.484
[VAL]   tx=98.87% dom=92.12%
[TEST]  overall_tx=90.19% (183986/204000)
[TEST-SPLIT]
          unseen_day_seen_rx(days=['2021_03_15', '2021_03_23'], rxs=[0, 1, 2, 3, 4, 5, 6]): tx=93.55% (78586/84000)
          seen_day_unseen_rx(days=['2021_03_01', '2021_03_08'], rxs=[7, 8, 9, 10, 11]): tx=90.42% (54251/60000)
          unseen_day_unseen_rx(days=['2021_03_15', '2021_03_23'], rxs=[7, 8, 9, 10, 11]): tx=85.25% (51149/60000)
          day=2021_03_15 on seen_rxs=[0, 1, 2, 3, 4, 5, 6]: tx=96.08% (40353/42000)
          day=2021_03_23 on seen_rxs=[0, 1, 2, 3, 4, 5, 6]: tx=91.03% (38233/42000)
          rx=7 on seen_days=['2021_03_01', '2021_03_08']: tx=85.38% (10245/12000)
          rx=8 on seen_days=['2021_03_01', '2021_03_08']: tx=85.05% (10206/12000)
          rx=9 on seen_days=['2021_03_01', '2021_03_08']: tx=92.79% (11135/12000)
          rx=10 on seen_days=['2021_03_01', '2021_03_08']: tx=93.20% (11184/12000)
          rx=11 on seen_days=['2021_03_01', '2021_03_08']: tx=95.67% (11481/12000)
[BEST-JOINT]  val_tx=98.90% & test_tx=89.43% @ E083
[CKPT]  latest -> finalist_runs/D4_domain_no_pa_no_stats_seed1337/latest_model.pth (saved) | best -> finalist_runs/D4_domain_no_pa_no_stats_seed1337/best_model_val.pth
====================================================================================================================================
[SAT-TEST] scenario=clear_leo selected=test_unseen_day_unseen_rx overall_tx=46.35% strict_udu=46.35% (27813/60000)
[SAT-TEST] scenario=low_elev_leo selected=test_unseen_day_unseen_rx overall_tx=46.04% strict_udu=46.04% (27626/60000)
[SAT-TEST] scenario=rain_leo selected=test_unseen_day_unseen_rx overall_tx=44.27% strict_udu=44.27% (26564/60000)
[SAT-TEST] scenario=storm_mp selected=test_unseen_day_unseen_rx overall_tx=38.36% strict_udu=38.36% (23017/60000)
[SAT-TEST] scenario=mixed_orbit selected=test_unseen_day_unseen_rx overall_tx=41.84% strict_udu=41.84% (25103/60000)
[BEST-TEST] overall=90.62% @ E078 -> finalist_runs/D4_domain_no_pa_no_stats_seed1337/best_model_test_overall.pth | unseen_day_unseen_rx=85.86% @ E078 -> finalist_runs/D4_domain_no_pa_no_stats_seed1337/best_model_strict_udu.pth | unseen_day_seen_rx=94.31% @ E080 | seen_day_unseen_rx=91.00% @ E078
[BEST-PRIMARY] score=87.53 @ E078 -> finalist_runs/D4_domain_no_pa_no_stats_seed1337/best_model_primary_ood.pth | overall=90.62% strict_udu=85.86%
[BEST-WORST-RX] worst_rx=85.88% (test_rx_8) @ E078 -> finalist_runs/D4_domain_no_pa_no_stats_seed1337/best_model_worst_rx.pth
====================================================================================================================================
[Epoch 095/200] time=83.4s | lr=1.08e-04 | aux_scale=1.000
[STAGE] phase=S3_refine_aux | use_aux=1.0 cons=0.94 cls_aux=0.92 reg=0.94 joint_inv=0.28 kl=0.56 group_ce=1.00
[MIXSTYLE-EPOCH] phase=base enabled=1 p=0.150 strength=0.650 anneal_t=0.000
[AUG] scale=0.350 | p_dac=0.000 p_pa=0.049 p_shift=0.122 p_cfo=0.122 p_awgn=0.140 p_mp=0.063 | max_shift=11 cfo_max=0.00014 pn_max=0.0021
------------------------------------------------------------------------------------------------------------------------------------
[LOSS-CORE] total=4.5133 cls=1.4432 dom=0.5750 adv=2.6165 orth=0.0026 cons=0.1816 group_ce=2.5104
[LOSS-AUX]  cls_pa=1.4400 cls_dac=0.0000 pa_joint_inv=0.2285 pa_kl=1.2520 dac_reg=0.0000 pa_reg=0.0146 gap_dac=0.0000 gap_pa=0.2744 cos_joint_pa=0.7715 cos_imp_pa=nan
[LOSS-SAT]  cls_sat=9.2490 sat_cons=0.7082 sat_cos=0.2918
[LOSS-DG]   proto=0.0000 proto_cos=nan supcon=0.0000 fishr=0.0014 sgc_res=0.0000
[LOSS-CAL]  ecc=0.0000 ecc_w=0.0000 ecc_tau=0.9500 ecc_maxp=nan
[TRAIN] tx=88.50% dom=78.55% cons_cos=0.8184
[GRAD]  total=4.344 backbone=1.000 aux=0.750 domain=0.488
[VAL]   tx=98.83% dom=92.43%
[TEST]  overall_tx=89.26% (182085/204000)
[TEST-SPLIT]
          unseen_day_seen_rx(days=['2021_03_15', '2021_03_23'], rxs=[0, 1, 2, 3, 4, 5, 6]): tx=93.06% (78172/84000)
          seen_day_unseen_rx(days=['2021_03_01', '2021_03_08'], rxs=[7, 8, 9, 10, 11]): tx=88.64% (53184/60000)
          unseen_day_unseen_rx(days=['2021_03_15', '2021_03_23'], rxs=[7, 8, 9, 10, 11]): tx=84.55% (50729/60000)
          day=2021_03_15 on seen_rxs=[0, 1, 2, 3, 4, 5, 6]: tx=94.22% (39574/42000)
          day=2021_03_23 on seen_rxs=[0, 1, 2, 3, 4, 5, 6]: tx=91.90% (38598/42000)
          rx=7 on seen_days=['2021_03_01', '2021_03_08']: tx=82.97% (9956/12000)
          rx=8 on seen_days=['2021_03_01', '2021_03_08']: tx=81.47% (9777/12000)
          rx=9 on seen_days=['2021_03_01', '2021_03_08']: tx=91.14% (10937/12000)
          rx=10 on seen_days=['2021_03_01', '2021_03_08']: tx=92.39% (11087/12000)
          rx=11 on seen_days=['2021_03_01', '2021_03_08']: tx=95.22% (11427/12000)
[BEST-JOINT]  val_tx=98.90% & test_tx=89.43% @ E083
[CKPT]  latest -> finalist_runs/D4_domain_no_pa_no_stats_seed1337/latest_model.pth (saved) | best -> finalist_runs/D4_domain_no_pa_no_stats_seed1337/best_model_val.pth
====================================================================================================================================
[SAT-TEST] scenario=clear_leo selected=test_unseen_day_unseen_rx overall_tx=44.15% strict_udu=44.15% (26489/60000)
[SAT-TEST] scenario=low_elev_leo selected=test_unseen_day_unseen_rx overall_tx=44.37% strict_udu=44.37% (26621/60000)
[SAT-TEST] scenario=rain_leo selected=test_unseen_day_unseen_rx overall_tx=42.33% strict_udu=42.33% (25395/60000)
[SAT-TEST] scenario=storm_mp selected=test_unseen_day_unseen_rx overall_tx=37.63% strict_udu=37.63% (22579/60000)
[SAT-TEST] scenario=mixed_orbit selected=test_unseen_day_unseen_rx overall_tx=39.95% strict_udu=39.95% (23968/60000)
[BEST-TEST] overall=90.62% @ E078 -> finalist_runs/D4_domain_no_pa_no_stats_seed1337/best_model_test_overall.pth | unseen_day_unseen_rx=85.86% @ E078 -> finalist_runs/D4_domain_no_pa_no_stats_seed1337/best_model_strict_udu.pth | unseen_day_seen_rx=94.31% @ E080 | seen_day_unseen_rx=91.00% @ E078
[BEST-PRIMARY] score=87.53 @ E078 -> finalist_runs/D4_domain_no_pa_no_stats_seed1337/best_model_primary_ood.pth | overall=90.62% strict_udu=85.86%
[BEST-WORST-RX] worst_rx=85.88% (test_rx_8) @ E078 -> finalist_runs/D4_domain_no_pa_no_stats_seed1337/best_model_worst_rx.pth
====================================================================================================================================
[Epoch 096/200] time=81.3s | lr=1.07e-04 | aux_scale=1.000
[STAGE] phase=S3_refine_aux | use_aux=1.0 cons=0.95 cls_aux=0.94 reg=0.95 joint_inv=0.28 kl=0.57 group_ce=1.00
[MIXSTYLE-EPOCH] phase=base enabled=1 p=0.150 strength=0.650 anneal_t=0.000
[AUG] scale=0.350 | p_dac=0.000 p_pa=0.049 p_shift=0.122 p_cfo=0.122 p_awgn=0.140 p_mp=0.063 | max_shift=11 cfo_max=0.00014 pn_max=0.0021
------------------------------------------------------------------------------------------------------------------------------------
[LOSS-CORE] total=4.5949 cls=1.5194 dom=0.5700 adv=2.6170 orth=0.0029 cons=0.1807 group_ce=2.5142
[LOSS-AUX]  cls_pa=1.4354 cls_dac=0.0000 pa_joint_inv=0.2321 pa_kl=1.2461 dac_reg=0.0000 pa_reg=0.0144 gap_dac=0.0000 gap_pa=0.2785 cos_joint_pa=0.7679 cos_imp_pa=nan
[LOSS-SAT]  cls_sat=9.3252 sat_cons=0.7147 sat_cos=0.2853
[LOSS-DG]   proto=0.0000 proto_cos=nan supcon=0.0000 fishr=0.0014 sgc_res=0.0000
[LOSS-CAL]  ecc=0.0000 ecc_w=0.0000 ecc_tau=0.9500 ecc_maxp=nan
[TRAIN] tx=88.00% dom=79.09% cons_cos=0.8193
[GRAD]  total=4.179 backbone=1.000 aux=0.750 domain=0.486
[VAL]   tx=98.47% dom=91.93%
[TEST]  overall_tx=88.23% (179990/204000)
[TEST-SPLIT]
          unseen_day_seen_rx(days=['2021_03_15', '2021_03_23'], rxs=[0, 1, 2, 3, 4, 5, 6]): tx=92.19% (77441/84000)
          seen_day_unseen_rx(days=['2021_03_01', '2021_03_08'], rxs=[7, 8, 9, 10, 11]): tx=87.66% (52595/60000)
          unseen_day_unseen_rx(days=['2021_03_15', '2021_03_23'], rxs=[7, 8, 9, 10, 11]): tx=83.26% (49954/60000)
          day=2021_03_15 on seen_rxs=[0, 1, 2, 3, 4, 5, 6]: tx=93.40% (39227/42000)
          day=2021_03_23 on seen_rxs=[0, 1, 2, 3, 4, 5, 6]: tx=90.99% (38214/42000)
          rx=7 on seen_days=['2021_03_01', '2021_03_08']: tx=83.01% (9961/12000)
          rx=8 on seen_days=['2021_03_01', '2021_03_08']: tx=83.73% (10048/12000)
          rx=9 on seen_days=['2021_03_01', '2021_03_08']: tx=88.91% (10669/12000)
          rx=10 on seen_days=['2021_03_01', '2021_03_08']: tx=90.48% (10858/12000)
          rx=11 on seen_days=['2021_03_01', '2021_03_08']: tx=92.16% (11059/12000)
[BEST-JOINT]  val_tx=98.90% & test_tx=89.43% @ E083
[CKPT]  latest -> finalist_runs/D4_domain_no_pa_no_stats_seed1337/latest_model.pth (saved) | best -> finalist_runs/D4_domain_no_pa_no_stats_seed1337/best_model_val.pth
====================================================================================================================================
[SAT-TEST] scenario=clear_leo selected=test_unseen_day_unseen_rx overall_tx=44.41% strict_udu=44.41% (26648/60000)
[SAT-TEST] scenario=low_elev_leo selected=test_unseen_day_unseen_rx overall_tx=45.02% strict_udu=45.02% (27013/60000)
[SAT-TEST] scenario=rain_leo selected=test_unseen_day_unseen_rx overall_tx=43.05% strict_udu=43.05% (25830/60000)
[SAT-TEST] scenario=storm_mp selected=test_unseen_day_unseen_rx overall_tx=37.99% strict_udu=37.99% (22796/60000)
[SAT-TEST] scenario=mixed_orbit selected=test_unseen_day_unseen_rx overall_tx=41.12% strict_udu=41.12% (24675/60000)
[BEST-TEST] overall=90.62% @ E078 -> finalist_runs/D4_domain_no_pa_no_stats_seed1337/best_model_test_overall.pth | unseen_day_unseen_rx=85.86% @ E078 -> finalist_runs/D4_domain_no_pa_no_stats_seed1337/best_model_strict_udu.pth | unseen_day_seen_rx=94.31% @ E080 | seen_day_unseen_rx=91.00% @ E078
[BEST-PRIMARY] score=87.53 @ E078 -> finalist_runs/D4_domain_no_pa_no_stats_seed1337/best_model_primary_ood.pth | overall=90.62% strict_udu=85.86%
[BEST-WORST-RX] worst_rx=85.88% (test_rx_8) @ E078 -> finalist_runs/D4_domain_no_pa_no_stats_seed1337/best_model_worst_rx.pth
====================================================================================================================================
[Epoch 097/200] time=79.9s | lr=1.05e-04 | aux_scale=1.000
[STAGE] phase=S3_refine_aux | use_aux=1.0 cons=0.96 cls_aux=0.95 reg=0.96 joint_inv=0.29 kl=0.58 group_ce=1.00
[MIXSTYLE-EPOCH] phase=base enabled=1 p=0.150 strength=0.650 anneal_t=0.000
[AUG] scale=0.350 | p_dac=0.000 p_pa=0.049 p_shift=0.122 p_cfo=0.122 p_awgn=0.140 p_mp=0.063 | max_shift=11 cfo_max=0.00014 pn_max=0.0021
------------------------------------------------------------------------------------------------------------------------------------
[LOSS-CORE] total=4.3680 cls=1.3290 dom=0.5482 adv=2.6154 orth=0.0027 cons=0.1752 group_ce=2.3740
[LOSS-AUX]  cls_pa=1.4158 cls_dac=0.0000 pa_joint_inv=0.2305 pa_kl=1.2165 dac_reg=0.0000 pa_reg=0.0147 gap_dac=0.0000 gap_pa=0.2735 cos_joint_pa=0.7695 cos_imp_pa=nan
[LOSS-SAT]  cls_sat=9.3178 sat_cons=0.7226 sat_cos=0.2774
[LOSS-DG]   proto=0.0000 proto_cos=nan supcon=0.0000 fishr=0.0013 sgc_res=0.0000
[LOSS-CAL]  ecc=0.0000 ecc_w=0.0000 ecc_tau=0.9500 ecc_maxp=nan
[TRAIN] tx=89.16% dom=79.66% cons_cos=0.8248
[GRAD]  total=4.543 backbone=1.000 aux=0.750 domain=0.487
[VAL]   tx=98.88% dom=91.96%
[TEST]  overall_tx=90.11% (183818/204000)
[TEST-SPLIT]
          unseen_day_seen_rx(days=['2021_03_15', '2021_03_23'], rxs=[0, 1, 2, 3, 4, 5, 6]): tx=93.38% (78437/84000)
          seen_day_unseen_rx(days=['2021_03_01', '2021_03_08'], rxs=[7, 8, 9, 10, 11]): tx=90.39% (54232/60000)
          unseen_day_unseen_rx(days=['2021_03_15', '2021_03_23'], rxs=[7, 8, 9, 10, 11]): tx=85.25% (51149/60000)
          day=2021_03_15 on seen_rxs=[0, 1, 2, 3, 4, 5, 6]: tx=95.13% (39954/42000)
          day=2021_03_23 on seen_rxs=[0, 1, 2, 3, 4, 5, 6]: tx=91.63% (38483/42000)
          rx=7 on seen_days=['2021_03_01', '2021_03_08']: tx=86.21% (10345/12000)
          rx=8 on seen_days=['2021_03_01', '2021_03_08']: tx=84.91% (10189/12000)
          rx=9 on seen_days=['2021_03_01', '2021_03_08']: tx=92.03% (11044/12000)
          rx=10 on seen_days=['2021_03_01', '2021_03_08']: tx=92.00% (11040/12000)
          rx=11 on seen_days=['2021_03_01', '2021_03_08']: tx=96.78% (11614/12000)
[BEST-JOINT]  val_tx=98.90% & test_tx=89.43% @ E083
[CKPT]  latest -> finalist_runs/D4_domain_no_pa_no_stats_seed1337/latest_model.pth (saved) | best -> finalist_runs/D4_domain_no_pa_no_stats_seed1337/best_model_val.pth
====================================================================================================================================
[SAT-TEST] scenario=clear_leo selected=test_unseen_day_unseen_rx overall_tx=44.84% strict_udu=44.84% (26907/60000)
[SAT-TEST] scenario=low_elev_leo selected=test_unseen_day_unseen_rx overall_tx=44.73% strict_udu=44.73% (26835/60000)
[SAT-TEST] scenario=rain_leo selected=test_unseen_day_unseen_rx overall_tx=42.70% strict_udu=42.70% (25618/60000)
[SAT-TEST] scenario=storm_mp selected=test_unseen_day_unseen_rx overall_tx=38.01% strict_udu=38.01% (22803/60000)
[SAT-TEST] scenario=mixed_orbit selected=test_unseen_day_unseen_rx overall_tx=41.40% strict_udu=41.40% (24841/60000)
[BEST-TEST] overall=90.62% @ E078 -> finalist_runs/D4_domain_no_pa_no_stats_seed1337/best_model_test_overall.pth | unseen_day_unseen_rx=85.86% @ E078 -> finalist_runs/D4_domain_no_pa_no_stats_seed1337/best_model_strict_udu.pth | unseen_day_seen_rx=94.31% @ E080 | seen_day_unseen_rx=91.00% @ E078
[BEST-PRIMARY] score=87.53 @ E078 -> finalist_runs/D4_domain_no_pa_no_stats_seed1337/best_model_primary_ood.pth | overall=90.62% strict_udu=85.86%
[BEST-WORST-RX] worst_rx=85.88% (test_rx_8) @ E078 -> finalist_runs/D4_domain_no_pa_no_stats_seed1337/best_model_worst_rx.pth
====================================================================================================================================
[Epoch 098/200] time=80.1s | lr=1.04e-04 | aux_scale=1.000
[STAGE] phase=S3_refine_aux | use_aux=1.0 cons=0.97 cls_aux=0.97 reg=0.97 joint_inv=0.29 kl=0.58 group_ce=1.00
[MIXSTYLE-EPOCH] phase=base enabled=1 p=0.150 strength=0.650 anneal_t=0.000
[AUG] scale=0.350 | p_dac=0.000 p_pa=0.049 p_shift=0.122 p_cfo=0.122 p_awgn=0.140 p_mp=0.063 | max_shift=11 cfo_max=0.00014 pn_max=0.0021
------------------------------------------------------------------------------------------------------------------------------------
[LOSS-CORE] total=4.3826 cls=1.3244 dom=0.5447 adv=2.6199 orth=0.0030 cons=0.1693 group_ce=2.2566
[LOSS-AUX]  cls_pa=1.5100 cls_dac=0.0000 pa_joint_inv=0.2320 pa_kl=1.3210 dac_reg=0.0000 pa_reg=0.0147 gap_dac=0.0000 gap_pa=0.2769 cos_joint_pa=0.7680 cos_imp_pa=nan
[LOSS-SAT]  cls_sat=9.4242 sat_cons=0.7217 sat_cos=0.2783
[LOSS-DG]   proto=0.0000 proto_cos=nan supcon=0.0000 fishr=0.0012 sgc_res=0.0000
[LOSS-CAL]  ecc=0.0000 ecc_w=0.0000 ecc_tau=0.9500 ecc_maxp=nan
[TRAIN] tx=89.61% dom=79.93% cons_cos=0.8307
[GRAD]  total=4.683 backbone=1.000 aux=0.750 domain=0.480
[VAL]   tx=98.94% dom=92.52%
[TEST]  overall_tx=89.39% (182362/204000)
[TEST-SPLIT]
          unseen_day_seen_rx(days=['2021_03_15', '2021_03_23'], rxs=[0, 1, 2, 3, 4, 5, 6]): tx=93.69% (78701/84000)
          seen_day_unseen_rx(days=['2021_03_01', '2021_03_08'], rxs=[7, 8, 9, 10, 11]): tx=88.93% (53359/60000)
          unseen_day_unseen_rx(days=['2021_03_15', '2021_03_23'], rxs=[7, 8, 9, 10, 11]): tx=83.84% (50302/60000)
          day=2021_03_15 on seen_rxs=[0, 1, 2, 3, 4, 5, 6]: tx=94.28% (39597/42000)
          day=2021_03_23 on seen_rxs=[0, 1, 2, 3, 4, 5, 6]: tx=93.10% (39104/42000)
          rx=7 on seen_days=['2021_03_01', '2021_03_08']: tx=86.92% (10430/12000)
          rx=8 on seen_days=['2021_03_01', '2021_03_08']: tx=81.20% (9744/12000)
          rx=9 on seen_days=['2021_03_01', '2021_03_08']: tx=91.09% (10931/12000)
          rx=10 on seen_days=['2021_03_01', '2021_03_08']: tx=93.34% (11201/12000)
          rx=11 on seen_days=['2021_03_01', '2021_03_08']: tx=92.11% (11053/12000)
[BEST-JOINT]  val_tx=98.94% & test_tx=89.39% @ E098
[CKPT]  latest -> finalist_runs/D4_domain_no_pa_no_stats_seed1337/latest_model.pth (saved) | best -> finalist_runs/D4_domain_no_pa_no_stats_seed1337/best_model_val.pth (updated: val improved)
====================================================================================================================================
[SAT-TEST] scenario=clear_leo selected=test_unseen_day_unseen_rx overall_tx=43.05% strict_udu=43.05% (25831/60000)
[SAT-TEST] scenario=low_elev_leo selected=test_unseen_day_unseen_rx overall_tx=43.23% strict_udu=43.23% (25941/60000)
[SAT-TEST] scenario=rain_leo selected=test_unseen_day_unseen_rx overall_tx=41.31% strict_udu=41.31% (24786/60000)
[SAT-TEST] scenario=storm_mp selected=test_unseen_day_unseen_rx overall_tx=37.17% strict_udu=37.17% (22302/60000)
[SAT-TEST] scenario=mixed_orbit selected=test_unseen_day_unseen_rx overall_tx=39.38% strict_udu=39.38% (23627/60000)
[BEST-TEST] overall=90.62% @ E078 -> finalist_runs/D4_domain_no_pa_no_stats_seed1337/best_model_test_overall.pth | unseen_day_unseen_rx=85.86% @ E078 -> finalist_runs/D4_domain_no_pa_no_stats_seed1337/best_model_strict_udu.pth | unseen_day_seen_rx=94.31% @ E080 | seen_day_unseen_rx=91.00% @ E078
[BEST-PRIMARY] score=87.53 @ E078 -> finalist_runs/D4_domain_no_pa_no_stats_seed1337/best_model_primary_ood.pth | overall=90.62% strict_udu=85.86%
[BEST-WORST-RX] worst_rx=85.88% (test_rx_8) @ E078 -> finalist_runs/D4_domain_no_pa_no_stats_seed1337/best_model_worst_rx.pth
====================================================================================================================================
[Epoch 099/200] time=81.5s | lr=1.02e-04 | aux_scale=1.000
[STAGE] phase=S3_refine_aux | use_aux=1.0 cons=0.99 cls_aux=0.98 reg=0.99 joint_inv=0.30 kl=0.59 group_ce=1.00
[MIXSTYLE-EPOCH] phase=base enabled=1 p=0.150 strength=0.650 anneal_t=0.000
[AUG] scale=0.350 | p_dac=0.000 p_pa=0.049 p_shift=0.122 p_cfo=0.122 p_awgn=0.140 p_mp=0.063 | max_shift=11 cfo_max=0.00014 pn_max=0.0021
------------------------------------------------------------------------------------------------------------------------------------
[LOSS-CORE] total=4.2499 cls=1.2592 dom=0.5136 adv=2.6158 orth=0.0025 cons=0.1794 group_ce=2.2603
[LOSS-AUX]  cls_pa=1.3514 cls_dac=0.0000 pa_joint_inv=0.2227 pa_kl=1.1648 dac_reg=0.0000 pa_reg=0.0148 gap_dac=0.0000 gap_pa=0.2688 cos_joint_pa=0.7773 cos_imp_pa=nan
[LOSS-SAT]  cls_sat=9.3239 sat_cons=0.7231 sat_cos=0.2769
[LOSS-DG]   proto=0.0000 proto_cos=nan supcon=0.0000 fishr=0.0012 sgc_res=0.0000
[LOSS-CAL]  ecc=0.0000 ecc_w=0.0000 ecc_tau=0.9500 ecc_maxp=nan
[TRAIN] tx=90.30% dom=81.20% cons_cos=0.8206
[GRAD]  total=4.409 backbone=1.000 aux=0.750 domain=0.475
[VAL]   tx=98.90% dom=92.48%
[TEST]  overall_tx=89.80% (183183/204000)
[TEST-SPLIT]
          unseen_day_seen_rx(days=['2021_03_15', '2021_03_23'], rxs=[0, 1, 2, 3, 4, 5, 6]): tx=93.57% (78601/84000)
          seen_day_unseen_rx(days=['2021_03_01', '2021_03_08'], rxs=[7, 8, 9, 10, 11]): tx=89.35% (53609/60000)
          unseen_day_unseen_rx(days=['2021_03_15', '2021_03_23'], rxs=[7, 8, 9, 10, 11]): tx=84.95% (50973/60000)
          day=2021_03_15 on seen_rxs=[0, 1, 2, 3, 4, 5, 6]: tx=94.60% (39732/42000)
          day=2021_03_23 on seen_rxs=[0, 1, 2, 3, 4, 5, 6]: tx=92.55% (38869/42000)
          rx=7 on seen_days=['2021_03_01', '2021_03_08']: tx=86.39% (10367/12000)
          rx=8 on seen_days=['2021_03_01', '2021_03_08']: tx=84.92% (10190/12000)
          rx=9 on seen_days=['2021_03_01', '2021_03_08']: tx=90.41% (10849/12000)
          rx=10 on seen_days=['2021_03_01', '2021_03_08']: tx=90.98% (10918/12000)
          rx=11 on seen_days=['2021_03_01', '2021_03_08']: tx=94.04% (11285/12000)
[BEST-JOINT]  val_tx=98.94% & test_tx=89.39% @ E098
[CKPT]  latest -> finalist_runs/D4_domain_no_pa_no_stats_seed1337/latest_model.pth (saved) | best -> finalist_runs/D4_domain_no_pa_no_stats_seed1337/best_model_val.pth
====================================================================================================================================
[SAT-TEST] scenario=clear_leo selected=test_unseen_day_unseen_rx overall_tx=43.80% strict_udu=43.80% (26282/60000)
[SAT-TEST] scenario=low_elev_leo selected=test_unseen_day_unseen_rx overall_tx=43.18% strict_udu=43.18% (25910/60000)
[SAT-TEST] scenario=rain_leo selected=test_unseen_day_unseen_rx overall_tx=41.66% strict_udu=41.66% (24997/60000)
[SAT-TEST] scenario=storm_mp selected=test_unseen_day_unseen_rx overall_tx=37.69% strict_udu=37.69% (22612/60000)
[SAT-TEST] scenario=mixed_orbit selected=test_unseen_day_unseen_rx overall_tx=40.73% strict_udu=40.73% (24438/60000)
[BEST-TEST] overall=90.62% @ E078 -> finalist_runs/D4_domain_no_pa_no_stats_seed1337/best_model_test_overall.pth | unseen_day_unseen_rx=85.86% @ E078 -> finalist_runs/D4_domain_no_pa_no_stats_seed1337/best_model_strict_udu.pth | unseen_day_seen_rx=94.31% @ E080 | seen_day_unseen_rx=91.00% @ E078
[BEST-PRIMARY] score=87.53 @ E078 -> finalist_runs/D4_domain_no_pa_no_stats_seed1337/best_model_primary_ood.pth | overall=90.62% strict_udu=85.86%
[BEST-WORST-RX] worst_rx=85.88% (test_rx_8) @ E078 -> finalist_runs/D4_domain_no_pa_no_stats_seed1337/best_model_worst_rx.pth
====================================================================================================================================
[Epoch 100/200] time=82.0s | lr=1.00e-04 | aux_scale=1.000
[STAGE] phase=S3_refine_aux | use_aux=1.0 cons=1.00 cls_aux=1.00 reg=1.00 joint_inv=0.30 kl=0.60 group_ce=1.00
[MIXSTYLE-EPOCH] phase=base enabled=1 p=0.150 strength=0.650 anneal_t=0.000
[AUG] scale=0.350 | p_dac=0.000 p_pa=0.049 p_shift=0.122 p_cfo=0.122 p_awgn=0.140 p_mp=0.063 | max_shift=11 cfo_max=0.00014 pn_max=0.0021
------------------------------------------------------------------------------------------------------------------------------------
[LOSS-CORE] total=5.4443 cls=2.1324 dom=0.7104 adv=2.6161 orth=0.0022 cons=0.2078 group_ce=3.4002
[LOSS-AUX]  cls_pa=1.3630 cls_dac=0.0000 pa_joint_inv=0.2244 pa_kl=1.1810 dac_reg=0.0000 pa_reg=0.0148 gap_dac=0.0000 gap_pa=0.2769 cos_joint_pa=0.7756 cos_imp_pa=nan
[LOSS-SAT]  cls_sat=9.3323 sat_cons=0.7133 sat_cos=0.2867
[LOSS-DG]   proto=0.0000 proto_cos=nan supcon=0.0000 fishr=0.0020 sgc_res=0.0000
[LOSS-CAL]  ecc=0.0000 ecc_w=0.0000 ecc_tau=0.9500 ecc_maxp=nan
[TRAIN] tx=82.74% dom=73.95% cons_cos=0.7922
[GRAD]  total=4.633 backbone=1.000 aux=0.750 domain=0.490
[VAL]   tx=98.72% dom=92.74%
[TEST]  overall_tx=89.78% (183157/204000)
[TEST-SPLIT]
          unseen_day_seen_rx(days=['2021_03_15', '2021_03_23'], rxs=[0, 1, 2, 3, 4, 5, 6]): tx=92.92% (78057/84000)
          seen_day_unseen_rx(days=['2021_03_01', '2021_03_08'], rxs=[7, 8, 9, 10, 11]): tx=90.33% (54199/60000)
          unseen_day_unseen_rx(days=['2021_03_15', '2021_03_23'], rxs=[7, 8, 9, 10, 11]): tx=84.83% (50901/60000)
          day=2021_03_15 on seen_rxs=[0, 1, 2, 3, 4, 5, 6]: tx=95.14% (39957/42000)
          day=2021_03_23 on seen_rxs=[0, 1, 2, 3, 4, 5, 6]: tx=90.71% (38100/42000)
          rx=7 on seen_days=['2021_03_01', '2021_03_08']: tx=87.26% (10471/12000)
          rx=8 on seen_days=['2021_03_01', '2021_03_08']: tx=85.05% (10206/12000)
          rx=9 on seen_days=['2021_03_01', '2021_03_08']: tx=91.90% (11028/12000)
          rx=10 on seen_days=['2021_03_01', '2021_03_08']: tx=92.47% (11096/12000)
          rx=11 on seen_days=['2021_03_01', '2021_03_08']: tx=94.98% (11398/12000)
[BEST-JOINT]  val_tx=98.94% & test_tx=89.39% @ E098
[CKPT]  latest -> finalist_runs/D4_domain_no_pa_no_stats_seed1337/latest_model.pth (saved) | best -> finalist_runs/D4_domain_no_pa_no_stats_seed1337/best_model_val.pth
====================================================================================================================================
[SAT-TEST] scenario=clear_leo selected=test_unseen_day_unseen_rx overall_tx=45.65% strict_udu=45.65% (27388/60000)
[SAT-TEST] scenario=low_elev_leo selected=test_unseen_day_unseen_rx overall_tx=45.76% strict_udu=45.76% (27457/60000)
[SAT-TEST] scenario=rain_leo selected=test_unseen_day_unseen_rx overall_tx=43.73% strict_udu=43.73% (26237/60000)
[SAT-TEST] scenario=storm_mp selected=test_unseen_day_unseen_rx overall_tx=37.95% strict_udu=37.95% (22771/60000)
[SAT-TEST] scenario=mixed_orbit selected=test_unseen_day_unseen_rx overall_tx=41.45% strict_udu=41.45% (24869/60000)
[BEST-TEST] overall=90.62% @ E078 -> finalist_runs/D4_domain_no_pa_no_stats_seed1337/best_model_test_overall.pth | unseen_day_unseen_rx=85.86% @ E078 -> finalist_runs/D4_domain_no_pa_no_stats_seed1337/best_model_strict_udu.pth | unseen_day_seen_rx=94.31% @ E080 | seen_day_unseen_rx=91.00% @ E078
[BEST-PRIMARY] score=87.53 @ E078 -> finalist_runs/D4_domain_no_pa_no_stats_seed1337/best_model_primary_ood.pth | overall=90.62% strict_udu=85.86%
[BEST-WORST-RX] worst_rx=85.88% (test_rx_8) @ E078 -> finalist_runs/D4_domain_no_pa_no_stats_seed1337/best_model_worst_rx.pth
====================================================================================================================================
[Epoch 101/200] time=82.0s | lr=9.89e-05 | aux_scale=1.000
[STAGE] phase=S3_refine_aux | use_aux=1.0 cons=1.00 cls_aux=1.00 reg=1.00 joint_inv=0.30 kl=0.60 group_ce=1.00
[MIXSTYLE-EPOCH] phase=base enabled=1 p=0.150 strength=0.650 anneal_t=0.000
[AUG] scale=0.350 | p_dac=0.000 p_pa=0.049 p_shift=0.122 p_cfo=0.122 p_awgn=0.140 p_mp=0.063 | max_shift=11 cfo_max=0.00014 pn_max=0.0021
------------------------------------------------------------------------------------------------------------------------------------
[LOSS-CORE] total=4.6798 cls=1.5462 dom=0.6062 adv=2.6191 orth=0.0024 cons=0.1835 group_ce=2.6232
[LOSS-AUX]  cls_pa=1.3580 cls_dac=0.0000 pa_joint_inv=0.2248 pa_kl=1.1689 dac_reg=0.0000 pa_reg=0.0145 gap_dac=0.0000 gap_pa=0.2767 cos_joint_pa=0.7752 cos_imp_pa=nan
[LOSS-SAT]  cls_sat=9.3989 sat_cons=0.7180 sat_cos=0.2820
[LOSS-DG]   proto=0.0000 proto_cos=nan supcon=0.0000 fishr=0.0015 sgc_res=0.0000
[LOSS-CAL]  ecc=0.0000 ecc_w=0.0000 ecc_tau=0.9500 ecc_maxp=nan
[TRAIN] tx=87.44% dom=77.76% cons_cos=0.8165
[GRAD]  total=4.491 backbone=1.000 aux=0.750 domain=0.477
[VAL]   tx=98.89% dom=92.37%
[TEST]  overall_tx=90.75% (185128/204000)
[TEST-SPLIT]
          unseen_day_seen_rx(days=['2021_03_15', '2021_03_23'], rxs=[0, 1, 2, 3, 4, 5, 6]): tx=94.01% (78965/84000)
          seen_day_unseen_rx(days=['2021_03_01', '2021_03_08'], rxs=[7, 8, 9, 10, 11]): tx=90.95% (54570/60000)
          unseen_day_unseen_rx(days=['2021_03_15', '2021_03_23'], rxs=[7, 8, 9, 10, 11]): tx=85.99% (51593/60000)
          day=2021_03_15 on seen_rxs=[0, 1, 2, 3, 4, 5, 6]: tx=95.99% (40315/42000)
          day=2021_03_23 on seen_rxs=[0, 1, 2, 3, 4, 5, 6]: tx=92.02% (38650/42000)
          rx=7 on seen_days=['2021_03_01', '2021_03_08']: tx=87.54% (10505/12000)
          rx=8 on seen_days=['2021_03_01', '2021_03_08']: tx=86.13% (10336/12000)
          rx=9 on seen_days=['2021_03_01', '2021_03_08']: tx=92.03% (11043/12000)
          rx=10 on seen_days=['2021_03_01', '2021_03_08']: tx=93.43% (11212/12000)
          rx=11 on seen_days=['2021_03_01', '2021_03_08']: tx=95.62% (11474/12000)
[BEST-JOINT]  val_tx=98.94% & test_tx=89.39% @ E098
[CKPT]  latest -> finalist_runs/D4_domain_no_pa_no_stats_seed1337/latest_model.pth (saved) | best -> finalist_runs/D4_domain_no_pa_no_stats_seed1337/best_model_val.pth
====================================================================================================================================
[SAT-TEST] scenario=clear_leo selected=test_unseen_day_unseen_rx overall_tx=45.16% strict_udu=45.16% (27093/60000)
[SAT-TEST] scenario=low_elev_leo selected=test_unseen_day_unseen_rx overall_tx=45.47% strict_udu=45.47% (27284/60000)
[SAT-TEST] scenario=rain_leo selected=test_unseen_day_unseen_rx overall_tx=43.13% strict_udu=43.13% (25877/60000)
[SAT-TEST] scenario=storm_mp selected=test_unseen_day_unseen_rx overall_tx=38.56% strict_udu=38.56% (23136/60000)
[SAT-TEST] scenario=mixed_orbit selected=test_unseen_day_unseen_rx overall_tx=41.47% strict_udu=41.47% (24881/60000)
[BEST-TEST] overall=90.75% @ E101 -> finalist_runs/D4_domain_no_pa_no_stats_seed1337/best_model_test_overall.pth | unseen_day_unseen_rx=85.99% @ E101 -> finalist_runs/D4_domain_no_pa_no_stats_seed1337/best_model_strict_udu.pth | unseen_day_seen_rx=94.31% @ E080 | seen_day_unseen_rx=91.00% @ E078
[BEST-PRIMARY] score=87.65 @ E101 -> finalist_runs/D4_domain_no_pa_no_stats_seed1337/best_model_primary_ood.pth | overall=90.75% strict_udu=85.99%
[BEST-WORST-RX] worst_rx=86.13% (test_rx_8) @ E101 -> finalist_runs/D4_domain_no_pa_no_stats_seed1337/best_model_worst_rx.pth
====================================================================================================================================
[Epoch 102/200] time=81.2s | lr=9.74e-05 | aux_scale=1.000
[STAGE] phase=S3_refine_aux | use_aux=1.0 cons=1.00 cls_aux=1.00 reg=1.00 joint_inv=0.30 kl=0.60 group_ce=1.00
[MIXSTYLE-EPOCH] phase=base enabled=1 p=0.150 strength=0.650 anneal_t=0.000
[AUG] scale=0.350 | p_dac=0.000 p_pa=0.049 p_shift=0.122 p_cfo=0.122 p_awgn=0.140 p_mp=0.063 | max_shift=11 cfo_max=0.00014 pn_max=0.0021
------------------------------------------------------------------------------------------------------------------------------------
[LOSS-CORE] total=4.7343 cls=1.5711 dom=0.5962 adv=2.6159 orth=0.0023 cons=0.1884 group_ce=2.7347
[LOSS-AUX]  cls_pa=1.5242 cls_dac=0.0000 pa_joint_inv=0.2319 pa_kl=1.3218 dac_reg=0.0000 pa_reg=0.0147 gap_dac=0.0000 gap_pa=0.2756 cos_joint_pa=0.7681 cos_imp_pa=nan
[LOSS-SAT]  cls_sat=9.3285 sat_cons=0.7124 sat_cos=0.2876
[LOSS-DG]   proto=0.0000 proto_cos=nan supcon=0.0000 fishr=0.0016 sgc_res=0.0000
[LOSS-CAL]  ecc=0.0000 ecc_w=0.0000 ecc_tau=0.9500 ecc_maxp=nan
[TRAIN] tx=87.70% dom=77.59% cons_cos=0.8116
[GRAD]  total=4.908 backbone=1.000 aux=0.750 domain=0.488
[VAL]   tx=98.95% dom=92.78%
[TEST]  overall_tx=90.47% (184554/204000)
[TEST-SPLIT]
          unseen_day_seen_rx(days=['2021_03_15', '2021_03_23'], rxs=[0, 1, 2, 3, 4, 5, 6]): tx=93.95% (78918/84000)
          seen_day_unseen_rx(days=['2021_03_01', '2021_03_08'], rxs=[7, 8, 9, 10, 11]): tx=90.29% (54174/60000)
          unseen_day_unseen_rx(days=['2021_03_15', '2021_03_23'], rxs=[7, 8, 9, 10, 11]): tx=85.77% (51462/60000)
          day=2021_03_15 on seen_rxs=[0, 1, 2, 3, 4, 5, 6]: tx=94.70% (39772/42000)
          day=2021_03_23 on seen_rxs=[0, 1, 2, 3, 4, 5, 6]: tx=93.20% (39146/42000)
          rx=7 on seen_days=['2021_03_01', '2021_03_08']: tx=86.75% (10410/12000)
          rx=8 on seen_days=['2021_03_01', '2021_03_08']: tx=86.04% (10325/12000)
          rx=9 on seen_days=['2021_03_01', '2021_03_08']: tx=90.92% (10911/12000)
          rx=10 on seen_days=['2021_03_01', '2021_03_08']: tx=93.63% (11236/12000)
          rx=11 on seen_days=['2021_03_01', '2021_03_08']: tx=94.10% (11292/12000)
[BEST-JOINT]  val_tx=98.95% & test_tx=90.47% @ E102
[CKPT]  latest -> finalist_runs/D4_domain_no_pa_no_stats_seed1337/latest_model.pth (saved) | best -> finalist_runs/D4_domain_no_pa_no_stats_seed1337/best_model_val.pth (updated: val improved)
====================================================================================================================================
[SAT-TEST] scenario=clear_leo selected=test_unseen_day_unseen_rx overall_tx=44.02% strict_udu=44.02% (26413/60000)
[SAT-TEST] scenario=low_elev_leo selected=test_unseen_day_unseen_rx overall_tx=43.79% strict_udu=43.79% (26273/60000)
[SAT-TEST] scenario=rain_leo selected=test_unseen_day_unseen_rx overall_tx=41.87% strict_udu=41.87% (25120/60000)
[SAT-TEST] scenario=storm_mp selected=test_unseen_day_unseen_rx overall_tx=37.37% strict_udu=37.37% (22423/60000)
[SAT-TEST] scenario=mixed_orbit selected=test_unseen_day_unseen_rx overall_tx=40.82% strict_udu=40.82% (24494/60000)
[BEST-TEST] overall=90.75% @ E101 -> finalist_runs/D4_domain_no_pa_no_stats_seed1337/best_model_test_overall.pth | unseen_day_unseen_rx=85.99% @ E101 -> finalist_runs/D4_domain_no_pa_no_stats_seed1337/best_model_strict_udu.pth | unseen_day_seen_rx=94.31% @ E080 | seen_day_unseen_rx=91.00% @ E078
[BEST-PRIMARY] score=87.65 @ E101 -> finalist_runs/D4_domain_no_pa_no_stats_seed1337/best_model_primary_ood.pth | overall=90.75% strict_udu=85.99%
[BEST-WORST-RX] worst_rx=86.13% (test_rx_8) @ E101 -> finalist_runs/D4_domain_no_pa_no_stats_seed1337/best_model_worst_rx.pth
====================================================================================================================================
[Epoch 103/200] time=81.3s | lr=9.58e-05 | aux_scale=1.000
[STAGE] phase=S3_refine_aux | use_aux=1.0 cons=1.00 cls_aux=1.00 reg=1.00 joint_inv=0.30 kl=0.60 group_ce=1.00
[MIXSTYLE-EPOCH] phase=base enabled=1 p=0.150 strength=0.650 anneal_t=0.000
[AUG] scale=0.350 | p_dac=0.000 p_pa=0.049 p_shift=0.122 p_cfo=0.122 p_awgn=0.140 p_mp=0.063 | max_shift=11 cfo_max=0.00014 pn_max=0.0021
------------------------------------------------------------------------------------------------------------------------------------
[LOSS-CORE] total=4.5018 cls=1.4339 dom=0.5634 adv=2.6148 orth=0.0026 cons=0.1796 group_ce=2.4364
[LOSS-AUX]  cls_pa=1.3890 cls_dac=0.0000 pa_joint_inv=0.2270 pa_kl=1.1961 dac_reg=0.0000 pa_reg=0.0144 gap_dac=0.0000 gap_pa=0.2752 cos_joint_pa=0.7730 cos_imp_pa=nan
[LOSS-SAT]  cls_sat=9.2952 sat_cons=0.7105 sat_cos=0.2895
[LOSS-DG]   proto=0.0000 proto_cos=nan supcon=0.0000 fishr=0.0014 sgc_res=0.0000
[LOSS-CAL]  ecc=0.0000 ecc_w=0.0000 ecc_tau=0.9500 ecc_maxp=nan
[TRAIN] tx=88.25% dom=79.22% cons_cos=0.8204
[GRAD]  total=4.543 backbone=1.000 aux=0.750 domain=0.479
[VAL]   tx=98.62% dom=92.76%
[TEST]  overall_tx=88.04% (179598/204000)
[TEST-SPLIT]
          unseen_day_seen_rx(days=['2021_03_15', '2021_03_23'], rxs=[0, 1, 2, 3, 4, 5, 6]): tx=92.87% (78009/84000)
          seen_day_unseen_rx(days=['2021_03_01', '2021_03_08'], rxs=[7, 8, 9, 10, 11]): tx=86.77% (52060/60000)
          unseen_day_unseen_rx(days=['2021_03_15', '2021_03_23'], rxs=[7, 8, 9, 10, 11]): tx=82.55% (49529/60000)
          day=2021_03_15 on seen_rxs=[0, 1, 2, 3, 4, 5, 6]: tx=94.41% (39654/42000)
          day=2021_03_23 on seen_rxs=[0, 1, 2, 3, 4, 5, 6]: tx=91.32% (38355/42000)
          rx=7 on seen_days=['2021_03_01', '2021_03_08']: tx=80.51% (9661/12000)
          rx=8 on seen_days=['2021_03_01', '2021_03_08']: tx=84.31% (10117/12000)
          rx=9 on seen_days=['2021_03_01', '2021_03_08']: tx=88.38% (10606/12000)
          rx=10 on seen_days=['2021_03_01', '2021_03_08']: tx=92.72% (11127/12000)
          rx=11 on seen_days=['2021_03_01', '2021_03_08']: tx=87.91% (10549/12000)
[BEST-JOINT]  val_tx=98.95% & test_tx=90.47% @ E102
[CKPT]  latest -> finalist_runs/D4_domain_no_pa_no_stats_seed1337/latest_model.pth (saved) | best -> finalist_runs/D4_domain_no_pa_no_stats_seed1337/best_model_val.pth
====================================================================================================================================
[SAT-TEST] scenario=clear_leo selected=test_unseen_day_unseen_rx overall_tx=43.55% strict_udu=43.55% (26127/60000)
[SAT-TEST] scenario=low_elev_leo selected=test_unseen_day_unseen_rx overall_tx=44.16% strict_udu=44.16% (26495/60000)
[SAT-TEST] scenario=rain_leo selected=test_unseen_day_unseen_rx overall_tx=42.03% strict_udu=42.03% (25221/60000)
[SAT-TEST] scenario=storm_mp selected=test_unseen_day_unseen_rx overall_tx=37.41% strict_udu=37.41% (22443/60000)
[SAT-TEST] scenario=mixed_orbit selected=test_unseen_day_unseen_rx overall_tx=39.48% strict_udu=39.48% (23688/60000)
[BEST-TEST] overall=90.75% @ E101 -> finalist_runs/D4_domain_no_pa_no_stats_seed1337/best_model_test_overall.pth | unseen_day_unseen_rx=85.99% @ E101 -> finalist_runs/D4_domain_no_pa_no_stats_seed1337/best_model_strict_udu.pth | unseen_day_seen_rx=94.31% @ E080 | seen_day_unseen_rx=91.00% @ E078
[BEST-PRIMARY] score=87.65 @ E101 -> finalist_runs/D4_domain_no_pa_no_stats_seed1337/best_model_primary_ood.pth | overall=90.75% strict_udu=85.99%
[BEST-WORST-RX] worst_rx=86.13% (test_rx_8) @ E101 -> finalist_runs/D4_domain_no_pa_no_stats_seed1337/best_model_worst_rx.pth
====================================================================================================================================
[Epoch 104/200] time=80.9s | lr=9.43e-05 | aux_scale=1.000
[STAGE] phase=S3_refine_aux | use_aux=1.0 cons=1.00 cls_aux=1.00 reg=1.00 joint_inv=0.30 kl=0.60 group_ce=1.00
[MIXSTYLE-EPOCH] phase=base enabled=1 p=0.150 strength=0.650 anneal_t=0.000
[AUG] scale=0.350 | p_dac=0.000 p_pa=0.049 p_shift=0.122 p_cfo=0.122 p_awgn=0.140 p_mp=0.063 | max_shift=11 cfo_max=0.00014 pn_max=0.0021
------------------------------------------------------------------------------------------------------------------------------------
[LOSS-CORE] total=4.3579 cls=1.3123 dom=0.5400 adv=2.6193 orth=0.0026 cons=0.1737 group_ce=2.2941
[LOSS-AUX]  cls_pa=1.4221 cls_dac=0.0000 pa_joint_inv=0.2273 pa_kl=1.2347 dac_reg=0.0000 pa_reg=0.0147 gap_dac=0.0000 gap_pa=0.2670 cos_joint_pa=0.7727 cos_imp_pa=nan
[LOSS-SAT]  cls_sat=9.3720 sat_cons=0.7209 sat_cos=0.2791
[LOSS-DG]   proto=0.0000 proto_cos=nan supcon=0.0000 fishr=0.0013 sgc_res=0.0000
[LOSS-CAL]  ecc=0.0000 ecc_w=0.0000 ecc_tau=0.9500 ecc_maxp=nan
[TRAIN] tx=89.56% dom=79.72% cons_cos=0.8263
[GRAD]  total=4.330 backbone=1.000 aux=0.750 domain=0.471
[VAL]   tx=98.73% dom=92.89%
[TEST]  overall_tx=89.35% (182276/204000)
[TEST-SPLIT]
          unseen_day_seen_rx(days=['2021_03_15', '2021_03_23'], rxs=[0, 1, 2, 3, 4, 5, 6]): tx=93.21% (78299/84000)
          seen_day_unseen_rx(days=['2021_03_01', '2021_03_08'], rxs=[7, 8, 9, 10, 11]): tx=88.79% (53274/60000)
          unseen_day_unseen_rx(days=['2021_03_15', '2021_03_23'], rxs=[7, 8, 9, 10, 11]): tx=84.50% (50703/60000)
          day=2021_03_15 on seen_rxs=[0, 1, 2, 3, 4, 5, 6]: tx=95.17% (39971/42000)
          day=2021_03_23 on seen_rxs=[0, 1, 2, 3, 4, 5, 6]: tx=91.26% (38328/42000)
          rx=7 on seen_days=['2021_03_01', '2021_03_08']: tx=84.87% (10184/12000)
          rx=8 on seen_days=['2021_03_01', '2021_03_08']: tx=83.33% (10000/12000)
          rx=9 on seen_days=['2021_03_01', '2021_03_08']: tx=89.38% (10725/12000)
          rx=10 on seen_days=['2021_03_01', '2021_03_08']: tx=93.06% (11167/12000)
          rx=11 on seen_days=['2021_03_01', '2021_03_08']: tx=93.32% (11198/12000)
[BEST-JOINT]  val_tx=98.95% & test_tx=90.47% @ E102
[CKPT]  latest -> finalist_runs/D4_domain_no_pa_no_stats_seed1337/latest_model.pth (saved) | best -> finalist_runs/D4_domain_no_pa_no_stats_seed1337/best_model_val.pth
====================================================================================================================================
[SAT-TEST] scenario=clear_leo selected=test_unseen_day_unseen_rx overall_tx=44.97% strict_udu=44.97% (26981/60000)
[SAT-TEST] scenario=low_elev_leo selected=test_unseen_day_unseen_rx overall_tx=45.79% strict_udu=45.79% (27472/60000)
[SAT-TEST] scenario=rain_leo selected=test_unseen_day_unseen_rx overall_tx=43.49% strict_udu=43.49% (26092/60000)
[SAT-TEST] scenario=storm_mp selected=test_unseen_day_unseen_rx overall_tx=38.66% strict_udu=38.66% (23199/60000)
[SAT-TEST] scenario=mixed_orbit selected=test_unseen_day_unseen_rx overall_tx=41.16% strict_udu=41.16% (24694/60000)
[BEST-TEST] overall=90.75% @ E101 -> finalist_runs/D4_domain_no_pa_no_stats_seed1337/best_model_test_overall.pth | unseen_day_unseen_rx=85.99% @ E101 -> finalist_runs/D4_domain_no_pa_no_stats_seed1337/best_model_strict_udu.pth | unseen_day_seen_rx=94.31% @ E080 | seen_day_unseen_rx=91.00% @ E078
[BEST-PRIMARY] score=87.65 @ E101 -> finalist_runs/D4_domain_no_pa_no_stats_seed1337/best_model_primary_ood.pth | overall=90.75% strict_udu=85.99%
[BEST-WORST-RX] worst_rx=86.13% (test_rx_8) @ E101 -> finalist_runs/D4_domain_no_pa_no_stats_seed1337/best_model_worst_rx.pth
====================================================================================================================================
[Epoch 105/200] time=81.6s | lr=9.27e-05 | aux_scale=1.000
[STAGE] phase=S3_refine_aux | use_aux=1.0 cons=1.00 cls_aux=1.00 reg=1.00 joint_inv=0.30 kl=0.60 group_ce=1.00
[MIXSTYLE-EPOCH] phase=base enabled=1 p=0.150 strength=0.650 anneal_t=0.000
[AUG] scale=0.350 | p_dac=0.000 p_pa=0.049 p_shift=0.122 p_cfo=0.122 p_awgn=0.140 p_mp=0.063 | max_shift=11 cfo_max=0.00014 pn_max=0.0021
------------------------------------------------------------------------------------------------------------------------------------
[LOSS-CORE] total=4.7169 cls=1.6126 dom=0.5946 adv=2.6156 orth=0.0025 cons=0.1859 group_ce=2.6861
[LOSS-AUX]  cls_pa=1.2422 cls_dac=0.0000 pa_joint_inv=0.2209 pa_kl=1.0597 dac_reg=0.0000 pa_reg=0.0146 gap_dac=0.0000 gap_pa=0.2696 cos_joint_pa=0.7791 cos_imp_pa=nan
[LOSS-SAT]  cls_sat=9.4235 sat_cons=0.7141 sat_cos=0.2859
[LOSS-DG]   proto=0.0000 proto_cos=nan supcon=0.0000 fishr=0.0015 sgc_res=0.0000
[LOSS-CAL]  ecc=0.0000 ecc_w=0.0000 ecc_tau=0.9500 ecc_maxp=nan
[TRAIN] tx=86.99% dom=78.18% cons_cos=0.8141
[GRAD]  total=4.063 backbone=1.000 aux=0.750 domain=0.487
[VAL]   tx=98.84% dom=93.11%
[TEST]  overall_tx=89.54% (182663/204000)
[TEST-SPLIT]
          unseen_day_seen_rx(days=['2021_03_15', '2021_03_23'], rxs=[0, 1, 2, 3, 4, 5, 6]): tx=93.71% (78718/84000)
          seen_day_unseen_rx(days=['2021_03_01', '2021_03_08'], rxs=[7, 8, 9, 10, 11]): tx=88.74% (53243/60000)
          unseen_day_unseen_rx(days=['2021_03_15', '2021_03_23'], rxs=[7, 8, 9, 10, 11]): tx=84.50% (50702/60000)
          day=2021_03_15 on seen_rxs=[0, 1, 2, 3, 4, 5, 6]: tx=95.61% (40155/42000)
          day=2021_03_23 on seen_rxs=[0, 1, 2, 3, 4, 5, 6]: tx=91.82% (38563/42000)
          rx=7 on seen_days=['2021_03_01', '2021_03_08']: tx=83.25% (9990/12000)
          rx=8 on seen_days=['2021_03_01', '2021_03_08']: tx=84.66% (10159/12000)
          rx=9 on seen_days=['2021_03_01', '2021_03_08']: tx=90.48% (10858/12000)
          rx=10 on seen_days=['2021_03_01', '2021_03_08']: tx=93.04% (11165/12000)
          rx=11 on seen_days=['2021_03_01', '2021_03_08']: tx=92.26% (11071/12000)
[BEST-JOINT]  val_tx=98.95% & test_tx=90.47% @ E102
[CKPT]  latest -> finalist_runs/D4_domain_no_pa_no_stats_seed1337/latest_model.pth (saved) | best -> finalist_runs/D4_domain_no_pa_no_stats_seed1337/best_model_val.pth
====================================================================================================================================
[SAT-TEST] scenario=clear_leo selected=test_unseen_day_unseen_rx overall_tx=44.97% strict_udu=44.97% (26979/60000)
[SAT-TEST] scenario=low_elev_leo selected=test_unseen_day_unseen_rx overall_tx=46.02% strict_udu=46.02% (27611/60000)
[SAT-TEST] scenario=rain_leo selected=test_unseen_day_unseen_rx overall_tx=43.41% strict_udu=43.41% (26044/60000)
[SAT-TEST] scenario=storm_mp selected=test_unseen_day_unseen_rx overall_tx=38.83% strict_udu=38.83% (23296/60000)
[SAT-TEST] scenario=mixed_orbit selected=test_unseen_day_unseen_rx overall_tx=41.04% strict_udu=41.04% (24625/60000)
[BEST-TEST] overall=90.75% @ E101 -> finalist_runs/D4_domain_no_pa_no_stats_seed1337/best_model_test_overall.pth | unseen_day_unseen_rx=85.99% @ E101 -> finalist_runs/D4_domain_no_pa_no_stats_seed1337/best_model_strict_udu.pth | unseen_day_seen_rx=94.31% @ E080 | seen_day_unseen_rx=91.00% @ E078
[BEST-PRIMARY] score=87.65 @ E101 -> finalist_runs/D4_domain_no_pa_no_stats_seed1337/best_model_primary_ood.pth | overall=90.75% strict_udu=85.99%
[BEST-WORST-RX] worst_rx=86.13% (test_rx_8) @ E101 -> finalist_runs/D4_domain_no_pa_no_stats_seed1337/best_model_worst_rx.pth
====================================================================================================================================
[Epoch 106/200] time=79.8s | lr=9.11e-05 | aux_scale=1.000
[STAGE] phase=S3_refine_aux | use_aux=1.0 cons=1.00 cls_aux=1.00 reg=1.00 joint_inv=0.30 kl=0.60 group_ce=1.00
[MIXSTYLE-EPOCH] phase=base enabled=1 p=0.150 strength=0.650 anneal_t=0.000
[AUG] scale=0.350 | p_dac=0.000 p_pa=0.049 p_shift=0.122 p_cfo=0.122 p_awgn=0.140 p_mp=0.063 | max_shift=11 cfo_max=0.00014 pn_max=0.0021
------------------------------------------------------------------------------------------------------------------------------------
[LOSS-CORE] total=4.5608 cls=1.4694 dom=0.5948 adv=2.6173 orth=0.0028 cons=0.1740 group_ce=2.5243
[LOSS-AUX]  cls_pa=1.2855 cls_dac=0.0000 pa_joint_inv=0.2207 pa_kl=1.1057 dac_reg=0.0000 pa_reg=0.0151 gap_dac=0.0000 gap_pa=0.2680 cos_joint_pa=0.7793 cos_imp_pa=nan
[LOSS-SAT]  cls_sat=9.3524 sat_cons=0.7044 sat_cos=0.2956
[LOSS-DG]   proto=0.0000 proto_cos=nan supcon=0.0000 fishr=0.0014 sgc_res=0.0000
[LOSS-CAL]  ecc=0.0000 ecc_w=0.0000 ecc_tau=0.9500 ecc_maxp=nan
[TRAIN] tx=88.18% dom=78.58% cons_cos=0.8260
[GRAD]  total=4.387 backbone=1.000 aux=0.750 domain=0.478
[VAL]   tx=98.97% dom=92.77%
[TEST]  overall_tx=90.47% (184566/204000)
[TEST-SPLIT]
          unseen_day_seen_rx(days=['2021_03_15', '2021_03_23'], rxs=[0, 1, 2, 3, 4, 5, 6]): tx=94.48% (79365/84000)
          seen_day_unseen_rx(days=['2021_03_01', '2021_03_08'], rxs=[7, 8, 9, 10, 11]): tx=90.11% (54065/60000)
          unseen_day_unseen_rx(days=['2021_03_15', '2021_03_23'], rxs=[7, 8, 9, 10, 11]): tx=85.23% (51136/60000)
          day=2021_03_15 on seen_rxs=[0, 1, 2, 3, 4, 5, 6]: tx=95.46% (40093/42000)
          day=2021_03_23 on seen_rxs=[0, 1, 2, 3, 4, 5, 6]: tx=93.50% (39272/42000)
          rx=7 on seen_days=['2021_03_01', '2021_03_08']: tx=85.97% (10317/12000)
          rx=8 on seen_days=['2021_03_01', '2021_03_08']: tx=84.43% (10132/12000)
          rx=9 on seen_days=['2021_03_01', '2021_03_08']: tx=91.73% (11008/12000)
          rx=10 on seen_days=['2021_03_01', '2021_03_08']: tx=92.31% (11077/12000)
          rx=11 on seen_days=['2021_03_01', '2021_03_08']: tx=96.09% (11531/12000)
[BEST-JOINT]  val_tx=98.97% & test_tx=90.47% @ E106
[CKPT]  latest -> finalist_runs/D4_domain_no_pa_no_stats_seed1337/latest_model.pth (saved) | best -> finalist_runs/D4_domain_no_pa_no_stats_seed1337/best_model_val.pth (updated: val improved)
====================================================================================================================================
[SAT-TEST] scenario=clear_leo selected=test_unseen_day_unseen_rx overall_tx=43.94% strict_udu=43.94% (26365/60000)
[SAT-TEST] scenario=low_elev_leo selected=test_unseen_day_unseen_rx overall_tx=43.82% strict_udu=43.82% (26292/60000)
[SAT-TEST] scenario=rain_leo selected=test_unseen_day_unseen_rx overall_tx=41.72% strict_udu=41.72% (25030/60000)
[SAT-TEST] scenario=storm_mp selected=test_unseen_day_unseen_rx overall_tx=37.92% strict_udu=37.92% (22753/60000)
[SAT-TEST] scenario=mixed_orbit selected=test_unseen_day_unseen_rx overall_tx=40.83% strict_udu=40.83% (24499/60000)
[BEST-TEST] overall=90.75% @ E101 -> finalist_runs/D4_domain_no_pa_no_stats_seed1337/best_model_test_overall.pth | unseen_day_unseen_rx=85.99% @ E101 -> finalist_runs/D4_domain_no_pa_no_stats_seed1337/best_model_strict_udu.pth | unseen_day_seen_rx=94.48% @ E106 | seen_day_unseen_rx=91.00% @ E078
[BEST-PRIMARY] score=87.65 @ E101 -> finalist_runs/D4_domain_no_pa_no_stats_seed1337/best_model_primary_ood.pth | overall=90.75% strict_udu=85.99%
[BEST-WORST-RX] worst_rx=86.13% (test_rx_8) @ E101 -> finalist_runs/D4_domain_no_pa_no_stats_seed1337/best_model_worst_rx.pth
====================================================================================================================================
[Epoch 107/200] time=80.5s | lr=8.96e-05 | aux_scale=1.000
[STAGE] phase=S3_refine_aux | use_aux=1.0 cons=1.00 cls_aux=1.00 reg=1.00 joint_inv=0.30 kl=0.60 group_ce=1.00
[MIXSTYLE-EPOCH] phase=base enabled=1 p=0.150 strength=0.650 anneal_t=0.000
[AUG] scale=0.350 | p_dac=0.000 p_pa=0.049 p_shift=0.122 p_cfo=0.122 p_awgn=0.140 p_mp=0.063 | max_shift=11 cfo_max=0.00014 pn_max=0.0021
------------------------------------------------------------------------------------------------------------------------------------
[LOSS-CORE] total=4.7448 cls=1.5930 dom=0.6340 adv=2.6193 orth=0.0027 cons=0.1858 group_ce=2.5976
[LOSS-AUX]  cls_pa=1.3316 cls_dac=0.0000 pa_joint_inv=0.2247 pa_kl=1.1481 dac_reg=0.0000 pa_reg=0.0148 gap_dac=0.0000 gap_pa=0.2736 cos_joint_pa=0.7753 cos_imp_pa=nan
[LOSS-SAT]  cls_sat=9.3789 sat_cons=0.7087 sat_cos=0.2913
[LOSS-DG]   proto=0.0000 proto_cos=nan supcon=0.0000 fishr=0.0015 sgc_res=0.0000
[LOSS-CAL]  ecc=0.0000 ecc_w=0.0000 ecc_tau=0.9500 ecc_maxp=nan
[TRAIN] tx=87.13% dom=77.56% cons_cos=0.8142
[GRAD]  total=3.960 backbone=1.000 aux=0.750 domain=0.481
[VAL]   tx=98.98% dom=93.02%
[TEST]  overall_tx=90.39% (184402/204000)
[TEST-SPLIT]
          unseen_day_seen_rx(days=['2021_03_15', '2021_03_23'], rxs=[0, 1, 2, 3, 4, 5, 6]): tx=93.96% (78923/84000)
          seen_day_unseen_rx(days=['2021_03_01', '2021_03_08'], rxs=[7, 8, 9, 10, 11]): tx=90.44% (54261/60000)
          unseen_day_unseen_rx(days=['2021_03_15', '2021_03_23'], rxs=[7, 8, 9, 10, 11]): tx=85.36% (51218/60000)
          day=2021_03_15 on seen_rxs=[0, 1, 2, 3, 4, 5, 6]: tx=95.04% (39918/42000)
          day=2021_03_23 on seen_rxs=[0, 1, 2, 3, 4, 5, 6]: tx=92.87% (39005/42000)
          rx=7 on seen_days=['2021_03_01', '2021_03_08']: tx=86.56% (10387/12000)
          rx=8 on seen_days=['2021_03_01', '2021_03_08']: tx=84.33% (10119/12000)
          rx=9 on seen_days=['2021_03_01', '2021_03_08']: tx=91.62% (10995/12000)
          rx=10 on seen_days=['2021_03_01', '2021_03_08']: tx=93.08% (11170/12000)
          rx=11 on seen_days=['2021_03_01', '2021_03_08']: tx=96.58% (11590/12000)
[BEST-JOINT]  val_tx=98.98% & test_tx=90.39% @ E107
[CKPT]  latest -> finalist_runs/D4_domain_no_pa_no_stats_seed1337/latest_model.pth (saved) | best -> finalist_runs/D4_domain_no_pa_no_stats_seed1337/best_model_val.pth (updated: val improved)
====================================================================================================================================
[SAT-TEST] scenario=clear_leo selected=test_unseen_day_unseen_rx overall_tx=44.69% strict_udu=44.69% (26812/60000)
[SAT-TEST] scenario=low_elev_leo selected=test_unseen_day_unseen_rx overall_tx=44.97% strict_udu=44.97% (26983/60000)
[SAT-TEST] scenario=rain_leo selected=test_unseen_day_unseen_rx overall_tx=42.73% strict_udu=42.73% (25635/60000)
[SAT-TEST] scenario=storm_mp selected=test_unseen_day_unseen_rx overall_tx=38.22% strict_udu=38.22% (22930/60000)
[SAT-TEST] scenario=mixed_orbit selected=test_unseen_day_unseen_rx overall_tx=41.65% strict_udu=41.65% (24987/60000)
[BEST-TEST] overall=90.75% @ E101 -> finalist_runs/D4_domain_no_pa_no_stats_seed1337/best_model_test_overall.pth | unseen_day_unseen_rx=85.99% @ E101 -> finalist_runs/D4_domain_no_pa_no_stats_seed1337/best_model_strict_udu.pth | unseen_day_seen_rx=94.48% @ E106 | seen_day_unseen_rx=91.00% @ E078
[BEST-PRIMARY] score=87.65 @ E101 -> finalist_runs/D4_domain_no_pa_no_stats_seed1337/best_model_primary_ood.pth | overall=90.75% strict_udu=85.99%
[BEST-WORST-RX] worst_rx=86.13% (test_rx_8) @ E101 -> finalist_runs/D4_domain_no_pa_no_stats_seed1337/best_model_worst_rx.pth
====================================================================================================================================
[Epoch 108/200] time=81.8s | lr=8.80e-05 | aux_scale=1.000
[STAGE] phase=S3_refine_aux | use_aux=1.0 cons=1.00 cls_aux=1.00 reg=1.00 joint_inv=0.30 kl=0.60 group_ce=1.00
[MIXSTYLE-EPOCH] phase=base enabled=1 p=0.150 strength=0.650 anneal_t=0.000
[AUG] scale=0.350 | p_dac=0.000 p_pa=0.049 p_shift=0.122 p_cfo=0.122 p_awgn=0.140 p_mp=0.063 | max_shift=11 cfo_max=0.00014 pn_max=0.0021
------------------------------------------------------------------------------------------------------------------------------------
[LOSS-CORE] total=4.9666 cls=1.7747 dom=0.6493 adv=2.6172 orth=0.0024 cons=0.1907 group_ce=2.9620
[LOSS-AUX]  cls_pa=1.2890 cls_dac=0.0000 pa_joint_inv=0.2211 pa_kl=1.1017 dac_reg=0.0000 pa_reg=0.0146 gap_dac=0.0000 gap_pa=0.2714 cos_joint_pa=0.7789 cos_imp_pa=nan
[LOSS-SAT]  cls_sat=9.3615 sat_cons=0.6982 sat_cos=0.3018
[LOSS-DG]   proto=0.0000 proto_cos=nan supcon=0.0000 fishr=0.0017 sgc_res=0.0000
[LOSS-CAL]  ecc=0.0000 ecc_w=0.0000 ecc_tau=0.9500 ecc_maxp=nan
[TRAIN] tx=85.47% dom=76.27% cons_cos=0.8093
[GRAD]  total=4.273 backbone=1.000 aux=0.750 domain=0.481
[VAL]   tx=98.94% dom=92.97%
[TEST]  overall_tx=90.48% (184583/204000)
[TEST-SPLIT]
          unseen_day_seen_rx(days=['2021_03_15', '2021_03_23'], rxs=[0, 1, 2, 3, 4, 5, 6]): tx=94.17% (79099/84000)
          seen_day_unseen_rx(days=['2021_03_01', '2021_03_08'], rxs=[7, 8, 9, 10, 11]): tx=90.20% (54123/60000)
          unseen_day_unseen_rx(days=['2021_03_15', '2021_03_23'], rxs=[7, 8, 9, 10, 11]): tx=85.60% (51361/60000)
          day=2021_03_15 on seen_rxs=[0, 1, 2, 3, 4, 5, 6]: tx=95.00% (39902/42000)
          day=2021_03_23 on seen_rxs=[0, 1, 2, 3, 4, 5, 6]: tx=93.33% (39197/42000)
          rx=7 on seen_days=['2021_03_01', '2021_03_08']: tx=86.28% (10353/12000)
          rx=8 on seen_days=['2021_03_01', '2021_03_08']: tx=85.02% (10202/12000)
          rx=9 on seen_days=['2021_03_01', '2021_03_08']: tx=91.17% (10941/12000)
          rx=10 on seen_days=['2021_03_01', '2021_03_08']: tx=92.33% (11079/12000)
          rx=11 on seen_days=['2021_03_01', '2021_03_08']: tx=96.23% (11548/12000)
[BEST-JOINT]  val_tx=98.98% & test_tx=90.39% @ E107
[CKPT]  latest -> finalist_runs/D4_domain_no_pa_no_stats_seed1337/latest_model.pth (saved) | best -> finalist_runs/D4_domain_no_pa_no_stats_seed1337/best_model_val.pth
====================================================================================================================================
[SAT-TEST] scenario=clear_leo selected=test_unseen_day_unseen_rx overall_tx=44.55% strict_udu=44.55% (26727/60000)
[SAT-TEST] scenario=low_elev_leo selected=test_unseen_day_unseen_rx overall_tx=45.06% strict_udu=45.06% (27036/60000)
[SAT-TEST] scenario=rain_leo selected=test_unseen_day_unseen_rx overall_tx=42.72% strict_udu=42.72% (25634/60000)
[SAT-TEST] scenario=storm_mp selected=test_unseen_day_unseen_rx overall_tx=38.12% strict_udu=38.12% (22873/60000)
[SAT-TEST] scenario=mixed_orbit selected=test_unseen_day_unseen_rx overall_tx=41.24% strict_udu=41.24% (24742/60000)
[BEST-TEST] overall=90.75% @ E101 -> finalist_runs/D4_domain_no_pa_no_stats_seed1337/best_model_test_overall.pth | unseen_day_unseen_rx=85.99% @ E101 -> finalist_runs/D4_domain_no_pa_no_stats_seed1337/best_model_strict_udu.pth | unseen_day_seen_rx=94.48% @ E106 | seen_day_unseen_rx=91.00% @ E078
[BEST-PRIMARY] score=87.65 @ E101 -> finalist_runs/D4_domain_no_pa_no_stats_seed1337/best_model_primary_ood.pth | overall=90.75% strict_udu=85.99%
[BEST-WORST-RX] worst_rx=86.13% (test_rx_8) @ E101 -> finalist_runs/D4_domain_no_pa_no_stats_seed1337/best_model_worst_rx.pth
====================================================================================================================================
[Epoch 109/200] time=80.9s | lr=8.65e-05 | aux_scale=1.000
[STAGE] phase=S3_refine_aux | use_aux=1.0 cons=1.00 cls_aux=1.00 reg=1.00 joint_inv=0.30 kl=0.60 group_ce=1.00
[MIXSTYLE-EPOCH] phase=base enabled=1 p=0.150 strength=0.650 anneal_t=0.000
[AUG] scale=0.350 | p_dac=0.000 p_pa=0.049 p_shift=0.122 p_cfo=0.122 p_awgn=0.140 p_mp=0.063 | max_shift=11 cfo_max=0.00014 pn_max=0.0021
------------------------------------------------------------------------------------------------------------------------------------
[LOSS-CORE] total=4.4068 cls=1.3864 dom=0.5451 adv=2.6194 orth=0.0027 cons=0.1788 group_ce=2.3983
[LOSS-AUX]  cls_pa=1.2567 cls_dac=0.0000 pa_joint_inv=0.2189 pa_kl=1.0756 dac_reg=0.0000 pa_reg=0.0146 gap_dac=0.0000 gap_pa=0.2716 cos_joint_pa=0.7811 cos_imp_pa=nan
[LOSS-SAT]  cls_sat=9.3015 sat_cons=0.7122 sat_cos=0.2878
[LOSS-DG]   proto=0.0000 proto_cos=nan supcon=0.0000 fishr=0.0014 sgc_res=0.0000
[LOSS-CAL]  ecc=0.0000 ecc_w=0.0000 ecc_tau=0.9500 ecc_maxp=nan
[TRAIN] tx=88.74% dom=79.69% cons_cos=0.8213
[GRAD]  total=4.406 backbone=1.000 aux=0.750 domain=0.479
[VAL]   tx=98.70% dom=93.08%
[TEST]  overall_tx=89.35% (182281/204000)
[TEST-SPLIT]
          unseen_day_seen_rx(days=['2021_03_15', '2021_03_23'], rxs=[0, 1, 2, 3, 4, 5, 6]): tx=93.30% (78368/84000)
          seen_day_unseen_rx(days=['2021_03_01', '2021_03_08'], rxs=[7, 8, 9, 10, 11]): tx=88.45% (53071/60000)
          unseen_day_unseen_rx(days=['2021_03_15', '2021_03_23'], rxs=[7, 8, 9, 10, 11]): tx=84.74% (50842/60000)
          day=2021_03_15 on seen_rxs=[0, 1, 2, 3, 4, 5, 6]: tx=94.71% (39779/42000)
          day=2021_03_23 on seen_rxs=[0, 1, 2, 3, 4, 5, 6]: tx=91.88% (38589/42000)
          rx=7 on seen_days=['2021_03_01', '2021_03_08']: tx=82.81% (9937/12000)
          rx=8 on seen_days=['2021_03_01', '2021_03_08']: tx=84.43% (10132/12000)
          rx=9 on seen_days=['2021_03_01', '2021_03_08']: tx=89.69% (10763/12000)
          rx=10 on seen_days=['2021_03_01', '2021_03_08']: tx=92.64% (11117/12000)
          rx=11 on seen_days=['2021_03_01', '2021_03_08']: tx=92.68% (11122/12000)
[BEST-JOINT]  val_tx=98.98% & test_tx=90.39% @ E107
[CKPT]  latest -> finalist_runs/D4_domain_no_pa_no_stats_seed1337/latest_model.pth (saved) | best -> finalist_runs/D4_domain_no_pa_no_stats_seed1337/best_model_val.pth
====================================================================================================================================
[SAT-TEST] scenario=clear_leo selected=test_unseen_day_unseen_rx overall_tx=44.94% strict_udu=44.94% (26961/60000)
[SAT-TEST] scenario=low_elev_leo selected=test_unseen_day_unseen_rx overall_tx=45.65% strict_udu=45.65% (27391/60000)
[SAT-TEST] scenario=rain_leo selected=test_unseen_day_unseen_rx overall_tx=43.14% strict_udu=43.14% (25882/60000)
[SAT-TEST] scenario=storm_mp selected=test_unseen_day_unseen_rx overall_tx=38.34% strict_udu=38.34% (23001/60000)
[SAT-TEST] scenario=mixed_orbit selected=test_unseen_day_unseen_rx overall_tx=41.49% strict_udu=41.49% (24892/60000)
[BEST-TEST] overall=90.75% @ E101 -> finalist_runs/D4_domain_no_pa_no_stats_seed1337/best_model_test_overall.pth | unseen_day_unseen_rx=85.99% @ E101 -> finalist_runs/D4_domain_no_pa_no_stats_seed1337/best_model_strict_udu.pth | unseen_day_seen_rx=94.48% @ E106 | seen_day_unseen_rx=91.00% @ E078
[BEST-PRIMARY] score=87.65 @ E101 -> finalist_runs/D4_domain_no_pa_no_stats_seed1337/best_model_primary_ood.pth | overall=90.75% strict_udu=85.99%
[BEST-WORST-RX] worst_rx=86.13% (test_rx_8) @ E101 -> finalist_runs/D4_domain_no_pa_no_stats_seed1337/best_model_worst_rx.pth
====================================================================================================================================
[Epoch 110/200] time=80.3s | lr=8.49e-05 | aux_scale=1.000
[STAGE] phase=S3_refine_aux | use_aux=1.0 cons=1.00 cls_aux=1.00 reg=1.00 joint_inv=0.30 kl=0.60 group_ce=1.00
[MIXSTYLE-EPOCH] phase=base enabled=1 p=0.150 strength=0.650 anneal_t=0.000
[AUG] scale=0.350 | p_dac=0.000 p_pa=0.049 p_shift=0.122 p_cfo=0.122 p_awgn=0.140 p_mp=0.063 | max_shift=11 cfo_max=0.00014 pn_max=0.0021
------------------------------------------------------------------------------------------------------------------------------------
[LOSS-CORE] total=5.2366 cls=1.9870 dom=0.6835 adv=2.6182 orth=0.0025 cons=0.2059 group_ce=3.2653
[LOSS-AUX]  cls_pa=1.2552 cls_dac=0.0000 pa_joint_inv=0.2195 pa_kl=1.0668 dac_reg=0.0000 pa_reg=0.0149 gap_dac=0.0000 gap_pa=0.2760 cos_joint_pa=0.7805 cos_imp_pa=nan
[LOSS-SAT]  cls_sat=9.3432 sat_cons=0.7003 sat_cos=0.2997
[LOSS-DG]   proto=0.0000 proto_cos=nan supcon=0.0000 fishr=0.0020 sgc_res=0.0000
[LOSS-CAL]  ecc=0.0000 ecc_w=0.0000 ecc_tau=0.9500 ecc_maxp=nan
[TRAIN] tx=84.07% dom=75.25% cons_cos=0.7941
[GRAD]  total=4.408 backbone=1.000 aux=0.750 domain=0.481
[VAL]   tx=98.93% dom=93.24%
[TEST]  overall_tx=89.91% (183411/204000)
[TEST-SPLIT]
          unseen_day_seen_rx(days=['2021_03_15', '2021_03_23'], rxs=[0, 1, 2, 3, 4, 5, 6]): tx=93.41% (78466/84000)
          seen_day_unseen_rx(days=['2021_03_01', '2021_03_08'], rxs=[7, 8, 9, 10, 11]): tx=89.58% (53749/60000)
          unseen_day_unseen_rx(days=['2021_03_15', '2021_03_23'], rxs=[7, 8, 9, 10, 11]): tx=85.33% (51196/60000)
          day=2021_03_15 on seen_rxs=[0, 1, 2, 3, 4, 5, 6]: tx=94.90% (39860/42000)
          day=2021_03_23 on seen_rxs=[0, 1, 2, 3, 4, 5, 6]: tx=91.92% (38606/42000)
          rx=7 on seen_days=['2021_03_01', '2021_03_08']: tx=84.88% (10185/12000)
          rx=8 on seen_days=['2021_03_01', '2021_03_08']: tx=84.58% (10149/12000)
          rx=9 on seen_days=['2021_03_01', '2021_03_08']: tx=90.96% (10915/12000)
          rx=10 on seen_days=['2021_03_01', '2021_03_08']: tx=92.97% (11156/12000)
          rx=11 on seen_days=['2021_03_01', '2021_03_08']: tx=94.53% (11344/12000)
[BEST-JOINT]  val_tx=98.98% & test_tx=90.39% @ E107
[CKPT]  latest -> finalist_runs/D4_domain_no_pa_no_stats_seed1337/latest_model.pth (saved) | best -> finalist_runs/D4_domain_no_pa_no_stats_seed1337/best_model_val.pth
====================================================================================================================================
[SAT-TEST] scenario=clear_leo selected=test_unseen_day_unseen_rx overall_tx=44.81% strict_udu=44.81% (26885/60000)
[SAT-TEST] scenario=low_elev_leo selected=test_unseen_day_unseen_rx overall_tx=46.20% strict_udu=46.20% (27721/60000)
[SAT-TEST] scenario=rain_leo selected=test_unseen_day_unseen_rx overall_tx=43.20% strict_udu=43.20% (25920/60000)
[SAT-TEST] scenario=storm_mp selected=test_unseen_day_unseen_rx overall_tx=38.83% strict_udu=38.83% (23296/60000)
[SAT-TEST] scenario=mixed_orbit selected=test_unseen_day_unseen_rx overall_tx=40.63% strict_udu=40.63% (24380/60000)
[BEST-TEST] overall=90.75% @ E101 -> finalist_runs/D4_domain_no_pa_no_stats_seed1337/best_model_test_overall.pth | unseen_day_unseen_rx=85.99% @ E101 -> finalist_runs/D4_domain_no_pa_no_stats_seed1337/best_model_strict_udu.pth | unseen_day_seen_rx=94.48% @ E106 | seen_day_unseen_rx=91.00% @ E078
[BEST-PRIMARY] score=87.65 @ E101 -> finalist_runs/D4_domain_no_pa_no_stats_seed1337/best_model_primary_ood.pth | overall=90.75% strict_udu=85.99%
[BEST-WORST-RX] worst_rx=86.13% (test_rx_8) @ E101 -> finalist_runs/D4_domain_no_pa_no_stats_seed1337/best_model_worst_rx.pth
====================================================================================================================================
[Epoch 111/200] time=83.3s | lr=8.34e-05 | aux_scale=1.000
[STAGE] phase=S3_refine_aux | use_aux=1.0 cons=1.00 cls_aux=1.00 reg=1.00 joint_inv=0.30 kl=0.60 group_ce=1.00
[MIXSTYLE-EPOCH] phase=late_anneal enabled=1 p=0.147 strength=0.641 anneal_t=0.029
[AUG] scale=0.350 | p_dac=0.000 p_pa=0.049 p_shift=0.122 p_cfo=0.122 p_awgn=0.140 p_mp=0.063 | max_shift=11 cfo_max=0.00014 pn_max=0.0021
------------------------------------------------------------------------------------------------------------------------------------
[LOSS-CORE] total=4.3860 cls=1.3769 dom=0.5365 adv=2.6181 orth=0.0028 cons=0.1750 group_ce=2.3958
[LOSS-AUX]  cls_pa=1.2763 cls_dac=0.0000 pa_joint_inv=0.2208 pa_kl=1.0909 dac_reg=0.0000 pa_reg=0.0144 gap_dac=0.0000 gap_pa=0.2791 cos_joint_pa=0.7792 cos_imp_pa=nan
[LOSS-SAT]  cls_sat=9.2293 sat_cons=0.7128 sat_cos=0.2872
[LOSS-DG]   proto=0.0000 proto_cos=nan supcon=0.0000 fishr=0.0013 sgc_res=0.0000
[LOSS-CAL]  ecc=0.0000 ecc_w=0.0000 ecc_tau=0.9500 ecc_maxp=nan
[TRAIN] tx=89.12% dom=80.20% cons_cos=0.8250
[GRAD]  total=4.612 backbone=1.000 aux=0.750 domain=0.479
[VAL]   tx=99.00% dom=93.21%
[TEST]  overall_tx=90.31% (184240/204000)
[TEST-SPLIT]
          unseen_day_seen_rx(days=['2021_03_15', '2021_03_23'], rxs=[0, 1, 2, 3, 4, 5, 6]): tx=93.80% (78795/84000)
          seen_day_unseen_rx(days=['2021_03_01', '2021_03_08'], rxs=[7, 8, 9, 10, 11]): tx=90.15% (54090/60000)
          unseen_day_unseen_rx(days=['2021_03_15', '2021_03_23'], rxs=[7, 8, 9, 10, 11]): tx=85.59% (51355/60000)
          day=2021_03_15 on seen_rxs=[0, 1, 2, 3, 4, 5, 6]: tx=95.01% (39903/42000)
          day=2021_03_23 on seen_rxs=[0, 1, 2, 3, 4, 5, 6]: tx=92.60% (38892/42000)
          rx=7 on seen_days=['2021_03_01', '2021_03_08']: tx=87.58% (10510/12000)
          rx=8 on seen_days=['2021_03_01', '2021_03_08']: tx=84.82% (10178/12000)
          rx=9 on seen_days=['2021_03_01', '2021_03_08']: tx=91.75% (11010/12000)
          rx=10 on seen_days=['2021_03_01', '2021_03_08']: tx=92.04% (11045/12000)
          rx=11 on seen_days=['2021_03_01', '2021_03_08']: tx=94.56% (11347/12000)
[BEST-JOINT]  val_tx=99.00% & test_tx=90.31% @ E111
[CKPT]  latest -> finalist_runs/D4_domain_no_pa_no_stats_seed1337/latest_model.pth (saved) | best -> finalist_runs/D4_domain_no_pa_no_stats_seed1337/best_model_val.pth (updated: val improved)
====================================================================================================================================
[SAT-TEST] scenario=clear_leo selected=test_unseen_day_unseen_rx overall_tx=43.22% strict_udu=43.22% (25932/60000)
[SAT-TEST] scenario=low_elev_leo selected=test_unseen_day_unseen_rx overall_tx=43.61% strict_udu=43.61% (26165/60000)
[SAT-TEST] scenario=rain_leo selected=test_unseen_day_unseen_rx overall_tx=41.16% strict_udu=41.16% (24694/60000)
[SAT-TEST] scenario=storm_mp selected=test_unseen_day_unseen_rx overall_tx=37.59% strict_udu=37.59% (22554/60000)
[SAT-TEST] scenario=mixed_orbit selected=test_unseen_day_unseen_rx overall_tx=39.95% strict_udu=39.95% (23973/60000)
[BEST-TEST] overall=90.75% @ E101 -> finalist_runs/D4_domain_no_pa_no_stats_seed1337/best_model_test_overall.pth | unseen_day_unseen_rx=85.99% @ E101 -> finalist_runs/D4_domain_no_pa_no_stats_seed1337/best_model_strict_udu.pth | unseen_day_seen_rx=94.48% @ E106 | seen_day_unseen_rx=91.00% @ E078
[BEST-PRIMARY] score=87.65 @ E101 -> finalist_runs/D4_domain_no_pa_no_stats_seed1337/best_model_primary_ood.pth | overall=90.75% strict_udu=85.99%
[BEST-WORST-RX] worst_rx=86.13% (test_rx_8) @ E101 -> finalist_runs/D4_domain_no_pa_no_stats_seed1337/best_model_worst_rx.pth
====================================================================================================================================
[Epoch 112/200] time=85.7s | lr=8.19e-05 | aux_scale=1.000
[STAGE] phase=S3_refine_aux | use_aux=1.0 cons=1.00 cls_aux=1.00 reg=1.00 joint_inv=0.30 kl=0.60 group_ce=1.00
[MIXSTYLE-EPOCH] phase=late_anneal enabled=1 p=0.144 strength=0.633 anneal_t=0.057
[AUG] scale=0.350 | p_dac=0.000 p_pa=0.049 p_shift=0.122 p_cfo=0.122 p_awgn=0.140 p_mp=0.063 | max_shift=11 cfo_max=0.00014 pn_max=0.0021
------------------------------------------------------------------------------------------------------------------------------------
[LOSS-CORE] total=4.2356 cls=1.2692 dom=0.5240 adv=2.6163 orth=0.0027 cons=0.1740 group_ce=2.2033
[LOSS-AUX]  cls_pa=1.2361 cls_dac=0.0000 pa_joint_inv=0.2180 pa_kl=1.0529 dac_reg=0.0000 pa_reg=0.0144 gap_dac=0.0000 gap_pa=0.2746 cos_joint_pa=0.7820 cos_imp_pa=nan
[LOSS-SAT]  cls_sat=9.2133 sat_cons=0.7090 sat_cos=0.2910
[LOSS-DG]   proto=0.0000 proto_cos=nan supcon=0.0000 fishr=0.0012 sgc_res=0.0000
[LOSS-CAL]  ecc=0.0000 ecc_w=0.0000 ecc_tau=0.9500 ecc_maxp=nan
[TRAIN] tx=89.90% dom=80.55% cons_cos=0.8260
[GRAD]  total=4.578 backbone=1.000 aux=0.750 domain=0.480
[VAL]   tx=98.84% dom=92.61%
[TEST]  overall_tx=89.85% (183295/204000)
[TEST-SPLIT]
          unseen_day_seen_rx(days=['2021_03_15', '2021_03_23'], rxs=[0, 1, 2, 3, 4, 5, 6]): tx=93.47% (78515/84000)
          seen_day_unseen_rx(days=['2021_03_01', '2021_03_08'], rxs=[7, 8, 9, 10, 11]): tx=89.42% (53654/60000)
          unseen_day_unseen_rx(days=['2021_03_15', '2021_03_23'], rxs=[7, 8, 9, 10, 11]): tx=85.21% (51126/60000)
          day=2021_03_15 on seen_rxs=[0, 1, 2, 3, 4, 5, 6]: tx=95.46% (40094/42000)
          day=2021_03_23 on seen_rxs=[0, 1, 2, 3, 4, 5, 6]: tx=91.48% (38421/42000)
          rx=7 on seen_days=['2021_03_01', '2021_03_08']: tx=85.98% (10318/12000)
          rx=8 on seen_days=['2021_03_01', '2021_03_08']: tx=84.50% (10140/12000)
          rx=9 on seen_days=['2021_03_01', '2021_03_08']: tx=90.46% (10855/12000)
          rx=10 on seen_days=['2021_03_01', '2021_03_08']: tx=93.83% (11259/12000)
          rx=11 on seen_days=['2021_03_01', '2021_03_08']: tx=92.35% (11082/12000)
[BEST-JOINT]  val_tx=99.00% & test_tx=90.31% @ E111
[CKPT]  latest -> finalist_runs/D4_domain_no_pa_no_stats_seed1337/latest_model.pth (saved) | best -> finalist_runs/D4_domain_no_pa_no_stats_seed1337/best_model_val.pth
====================================================================================================================================
[SAT-TEST] scenario=clear_leo selected=test_unseen_day_unseen_rx overall_tx=44.61% strict_udu=44.61% (26766/60000)
[SAT-TEST] scenario=low_elev_leo selected=test_unseen_day_unseen_rx overall_tx=45.47% strict_udu=45.47% (27282/60000)
[SAT-TEST] scenario=rain_leo selected=test_unseen_day_unseen_rx overall_tx=43.05% strict_udu=43.05% (25831/60000)
[SAT-TEST] scenario=storm_mp selected=test_unseen_day_unseen_rx overall_tx=38.06% strict_udu=38.06% (22836/60000)
[SAT-TEST] scenario=mixed_orbit selected=test_unseen_day_unseen_rx overall_tx=41.14% strict_udu=41.14% (24684/60000)
[BEST-TEST] overall=90.75% @ E101 -> finalist_runs/D4_domain_no_pa_no_stats_seed1337/best_model_test_overall.pth | unseen_day_unseen_rx=85.99% @ E101 -> finalist_runs/D4_domain_no_pa_no_stats_seed1337/best_model_strict_udu.pth | unseen_day_seen_rx=94.48% @ E106 | seen_day_unseen_rx=91.00% @ E078
[BEST-PRIMARY] score=87.65 @ E101 -> finalist_runs/D4_domain_no_pa_no_stats_seed1337/best_model_primary_ood.pth | overall=90.75% strict_udu=85.99%
[BEST-WORST-RX] worst_rx=86.13% (test_rx_8) @ E101 -> finalist_runs/D4_domain_no_pa_no_stats_seed1337/best_model_worst_rx.pth
====================================================================================================================================
[Epoch 113/200] time=80.6s | lr=8.03e-05 | aux_scale=1.000
[STAGE] phase=S3_refine_aux | use_aux=1.0 cons=1.00 cls_aux=1.00 reg=1.00 joint_inv=0.30 kl=0.60 group_ce=1.00
[MIXSTYLE-EPOCH] phase=late_anneal enabled=1 p=0.141 strength=0.624 anneal_t=0.086
[AUG] scale=0.350 | p_dac=0.000 p_pa=0.049 p_shift=0.122 p_cfo=0.122 p_awgn=0.140 p_mp=0.063 | max_shift=11 cfo_max=0.00014 pn_max=0.0021
------------------------------------------------------------------------------------------------------------------------------------
[LOSS-CORE] total=4.2179 cls=1.2443 dom=0.5196 adv=2.6170 orth=0.0030 cons=0.1721 group_ce=2.2278
[LOSS-AUX]  cls_pa=1.2444 cls_dac=0.0000 pa_joint_inv=0.2137 pa_kl=1.0615 dac_reg=0.0000 pa_reg=0.0145 gap_dac=0.0000 gap_pa=0.2695 cos_joint_pa=0.7863 cos_imp_pa=nan
[LOSS-SAT]  cls_sat=9.3015 sat_cons=0.7160 sat_cos=0.2840
[LOSS-DG]   proto=0.0000 proto_cos=nan supcon=0.0000 fishr=0.0013 sgc_res=0.0000
[LOSS-CAL]  ecc=0.0000 ecc_w=0.0000 ecc_tau=0.9500 ecc_maxp=nan
[TRAIN] tx=90.33% dom=80.73% cons_cos=0.8280
[GRAD]  total=4.636 backbone=1.000 aux=0.750 domain=0.486
[VAL]   tx=98.76% dom=92.71%
[TEST]  overall_tx=88.50% (180532/204000)
[TEST-SPLIT]
          unseen_day_seen_rx(days=['2021_03_15', '2021_03_23'], rxs=[0, 1, 2, 3, 4, 5, 6]): tx=93.44% (78492/84000)
          seen_day_unseen_rx(days=['2021_03_01', '2021_03_08'], rxs=[7, 8, 9, 10, 11]): tx=87.51% (52506/60000)
          unseen_day_unseen_rx(days=['2021_03_15', '2021_03_23'], rxs=[7, 8, 9, 10, 11]): tx=82.56% (49534/60000)
          day=2021_03_15 on seen_rxs=[0, 1, 2, 3, 4, 5, 6]: tx=95.56% (40136/42000)
          day=2021_03_23 on seen_rxs=[0, 1, 2, 3, 4, 5, 6]: tx=91.32% (38356/42000)
          rx=7 on seen_days=['2021_03_01', '2021_03_08']: tx=82.92% (9950/12000)
          rx=8 on seen_days=['2021_03_01', '2021_03_08']: tx=83.62% (10034/12000)
          rx=9 on seen_days=['2021_03_01', '2021_03_08']: tx=89.24% (10709/12000)
          rx=10 on seen_days=['2021_03_01', '2021_03_08']: tx=93.51% (11221/12000)
          rx=11 on seen_days=['2021_03_01', '2021_03_08']: tx=88.27% (10592/12000)
[BEST-JOINT]  val_tx=99.00% & test_tx=90.31% @ E111
[CKPT]  latest -> finalist_runs/D4_domain_no_pa_no_stats_seed1337/latest_model.pth (saved) | best -> finalist_runs/D4_domain_no_pa_no_stats_seed1337/best_model_val.pth
====================================================================================================================================
[SAT-TEST] scenario=clear_leo selected=test_unseen_day_unseen_rx overall_tx=43.79% strict_udu=43.79% (26275/60000)
[SAT-TEST] scenario=low_elev_leo selected=test_unseen_day_unseen_rx overall_tx=44.45% strict_udu=44.45% (26673/60000)
[SAT-TEST] scenario=rain_leo selected=test_unseen_day_unseen_rx overall_tx=42.09% strict_udu=42.09% (25257/60000)
[SAT-TEST] scenario=storm_mp selected=test_unseen_day_unseen_rx overall_tx=37.90% strict_udu=37.90% (22738/60000)
[SAT-TEST] scenario=mixed_orbit selected=test_unseen_day_unseen_rx overall_tx=40.29% strict_udu=40.29% (24173/60000)
[BEST-TEST] overall=90.75% @ E101 -> finalist_runs/D4_domain_no_pa_no_stats_seed1337/best_model_test_overall.pth | unseen_day_unseen_rx=85.99% @ E101 -> finalist_runs/D4_domain_no_pa_no_stats_seed1337/best_model_strict_udu.pth | unseen_day_seen_rx=94.48% @ E106 | seen_day_unseen_rx=91.00% @ E078
[BEST-PRIMARY] score=87.65 @ E101 -> finalist_runs/D4_domain_no_pa_no_stats_seed1337/best_model_primary_ood.pth | overall=90.75% strict_udu=85.99%
[BEST-WORST-RX] worst_rx=86.13% (test_rx_8) @ E101 -> finalist_runs/D4_domain_no_pa_no_stats_seed1337/best_model_worst_rx.pth
====================================================================================================================================
[Epoch 114/200] time=79.5s | lr=7.88e-05 | aux_scale=1.000
[STAGE] phase=S3_refine_aux | use_aux=1.0 cons=1.00 cls_aux=1.00 reg=1.00 joint_inv=0.30 kl=0.60 group_ce=1.00
[MIXSTYLE-EPOCH] phase=late_anneal enabled=1 p=0.139 strength=0.616 anneal_t=0.114
[AUG] scale=0.350 | p_dac=0.000 p_pa=0.049 p_shift=0.122 p_cfo=0.122 p_awgn=0.140 p_mp=0.063 | max_shift=11 cfo_max=0.00014 pn_max=0.0021
------------------------------------------------------------------------------------------------------------------------------------
[LOSS-CORE] total=4.6111 cls=1.5374 dom=0.5840 adv=2.6137 orth=0.0025 cons=0.1847 group_ce=2.5678
[LOSS-AUX]  cls_pa=1.2476 cls_dac=0.0000 pa_joint_inv=0.2196 pa_kl=1.0737 dac_reg=0.0000 pa_reg=0.0144 gap_dac=0.0000 gap_pa=0.2729 cos_joint_pa=0.7804 cos_imp_pa=nan
[LOSS-SAT]  cls_sat=9.3201 sat_cons=0.7103 sat_cos=0.2897
[LOSS-DG]   proto=0.0000 proto_cos=nan supcon=0.0000 fishr=0.0015 sgc_res=0.0000
[LOSS-CAL]  ecc=0.0000 ecc_w=0.0000 ecc_tau=0.9500 ecc_maxp=nan
[TRAIN] tx=87.82% dom=78.92% cons_cos=0.8153
[GRAD]  total=4.201 backbone=1.000 aux=0.750 domain=0.481
[VAL]   tx=98.95% dom=93.34%
[TEST]  overall_tx=90.17% (183937/204000)
[TEST-SPLIT]
          unseen_day_seen_rx(days=['2021_03_15', '2021_03_23'], rxs=[0, 1, 2, 3, 4, 5, 6]): tx=93.93% (78898/84000)
          seen_day_unseen_rx(days=['2021_03_01', '2021_03_08'], rxs=[7, 8, 9, 10, 11]): tx=90.04% (54023/60000)
          unseen_day_unseen_rx(days=['2021_03_15', '2021_03_23'], rxs=[7, 8, 9, 10, 11]): tx=85.03% (51016/60000)
          day=2021_03_15 on seen_rxs=[0, 1, 2, 3, 4, 5, 6]: tx=95.79% (40230/42000)
          day=2021_03_23 on seen_rxs=[0, 1, 2, 3, 4, 5, 6]: tx=92.07% (38668/42000)
          rx=7 on seen_days=['2021_03_01', '2021_03_08']: tx=86.17% (10341/12000)
          rx=8 on seen_days=['2021_03_01', '2021_03_08']: tx=84.21% (10105/12000)
          rx=9 on seen_days=['2021_03_01', '2021_03_08']: tx=91.22% (10946/12000)
          rx=10 on seen_days=['2021_03_01', '2021_03_08']: tx=94.00% (11280/12000)
          rx=11 on seen_days=['2021_03_01', '2021_03_08']: tx=94.59% (11351/12000)
[BEST-JOINT]  val_tx=99.00% & test_tx=90.31% @ E111
[CKPT]  latest -> finalist_runs/D4_domain_no_pa_no_stats_seed1337/latest_model.pth (saved) | best -> finalist_runs/D4_domain_no_pa_no_stats_seed1337/best_model_val.pth
====================================================================================================================================
[SAT-TEST] scenario=clear_leo selected=test_unseen_day_unseen_rx overall_tx=44.90% strict_udu=44.90% (26939/60000)
[SAT-TEST] scenario=low_elev_leo selected=test_unseen_day_unseen_rx overall_tx=44.67% strict_udu=44.67% (26802/60000)
[SAT-TEST] scenario=rain_leo selected=test_unseen_day_unseen_rx overall_tx=42.65% strict_udu=42.65% (25592/60000)
[SAT-TEST] scenario=storm_mp selected=test_unseen_day_unseen_rx overall_tx=37.84% strict_udu=37.84% (22702/60000)
[SAT-TEST] scenario=mixed_orbit selected=test_unseen_day_unseen_rx overall_tx=41.49% strict_udu=41.49% (24892/60000)
[BEST-TEST] overall=90.75% @ E101 -> finalist_runs/D4_domain_no_pa_no_stats_seed1337/best_model_test_overall.pth | unseen_day_unseen_rx=85.99% @ E101 -> finalist_runs/D4_domain_no_pa_no_stats_seed1337/best_model_strict_udu.pth | unseen_day_seen_rx=94.48% @ E106 | seen_day_unseen_rx=91.00% @ E078
[BEST-PRIMARY] score=87.65 @ E101 -> finalist_runs/D4_domain_no_pa_no_stats_seed1337/best_model_primary_ood.pth | overall=90.75% strict_udu=85.99%
[BEST-WORST-RX] worst_rx=86.13% (test_rx_8) @ E101 -> finalist_runs/D4_domain_no_pa_no_stats_seed1337/best_model_worst_rx.pth
====================================================================================================================================
[Epoch 115/200] time=79.5s | lr=7.73e-05 | aux_scale=1.000
[STAGE] phase=S3_refine_aux | use_aux=1.0 cons=1.00 cls_aux=1.00 reg=1.00 joint_inv=0.30 kl=0.60 group_ce=1.00
[MIXSTYLE-EPOCH] phase=late_anneal enabled=1 p=0.136 strength=0.607 anneal_t=0.143
[AUG] scale=0.350 | p_dac=0.000 p_pa=0.049 p_shift=0.122 p_cfo=0.122 p_awgn=0.140 p_mp=0.063 | max_shift=11 cfo_max=0.00014 pn_max=0.0021
------------------------------------------------------------------------------------------------------------------------------------
[LOSS-CORE] total=4.6767 cls=1.5938 dom=0.5810 adv=2.6129 orth=0.0025 cons=0.1935 group_ce=2.7319
[LOSS-AUX]  cls_pa=1.2511 cls_dac=0.0000 pa_joint_inv=0.2169 pa_kl=1.0668 dac_reg=0.0000 pa_reg=0.0144 gap_dac=0.0000 gap_pa=0.2770 cos_joint_pa=0.7831 cos_imp_pa=nan
[LOSS-SAT]  cls_sat=9.2565 sat_cons=0.7093 sat_cos=0.2907
[LOSS-DG]   proto=0.0000 proto_cos=nan supcon=0.0000 fishr=0.0017 sgc_res=0.0000
[LOSS-CAL]  ecc=0.0000 ecc_w=0.0000 ecc_tau=0.9500 ecc_maxp=nan
[TRAIN] tx=87.22% dom=78.94% cons_cos=0.8065
[GRAD]  total=4.372 backbone=1.000 aux=0.750 domain=0.475
[VAL]   tx=98.96% dom=93.28%
[TEST]  overall_tx=90.42% (184447/204000)
[TEST-SPLIT]
          unseen_day_seen_rx(days=['2021_03_15', '2021_03_23'], rxs=[0, 1, 2, 3, 4, 5, 6]): tx=93.95% (78916/84000)
          seen_day_unseen_rx(days=['2021_03_01', '2021_03_08'], rxs=[7, 8, 9, 10, 11]): tx=90.51% (54308/60000)
          unseen_day_unseen_rx(days=['2021_03_15', '2021_03_23'], rxs=[7, 8, 9, 10, 11]): tx=85.37% (51223/60000)
          day=2021_03_15 on seen_rxs=[0, 1, 2, 3, 4, 5, 6]: tx=95.67% (40182/42000)
          day=2021_03_23 on seen_rxs=[0, 1, 2, 3, 4, 5, 6]: tx=92.22% (38734/42000)
          rx=7 on seen_days=['2021_03_01', '2021_03_08']: tx=86.35% (10362/12000)
          rx=8 on seen_days=['2021_03_01', '2021_03_08']: tx=85.41% (10249/12000)
          rx=9 on seen_days=['2021_03_01', '2021_03_08']: tx=91.67% (11000/12000)
          rx=10 on seen_days=['2021_03_01', '2021_03_08']: tx=93.28% (11193/12000)
          rx=11 on seen_days=['2021_03_01', '2021_03_08']: tx=95.87% (11504/12000)
[BEST-JOINT]  val_tx=99.00% & test_tx=90.31% @ E111
[CKPT]  latest -> finalist_runs/D4_domain_no_pa_no_stats_seed1337/latest_model.pth (saved) | best -> finalist_runs/D4_domain_no_pa_no_stats_seed1337/best_model_val.pth
====================================================================================================================================
[SAT-TEST] scenario=clear_leo selected=test_unseen_day_unseen_rx overall_tx=45.15% strict_udu=45.15% (27089/60000)
[SAT-TEST] scenario=low_elev_leo selected=test_unseen_day_unseen_rx overall_tx=45.23% strict_udu=45.23% (27140/60000)
[SAT-TEST] scenario=rain_leo selected=test_unseen_day_unseen_rx overall_tx=43.00% strict_udu=43.00% (25799/60000)
[SAT-TEST] scenario=storm_mp selected=test_unseen_day_unseen_rx overall_tx=38.34% strict_udu=38.34% (23002/60000)
[SAT-TEST] scenario=mixed_orbit selected=test_unseen_day_unseen_rx overall_tx=41.66% strict_udu=41.66% (24996/60000)
[BEST-TEST] overall=90.75% @ E101 -> finalist_runs/D4_domain_no_pa_no_stats_seed1337/best_model_test_overall.pth | unseen_day_unseen_rx=85.99% @ E101 -> finalist_runs/D4_domain_no_pa_no_stats_seed1337/best_model_strict_udu.pth | unseen_day_seen_rx=94.48% @ E106 | seen_day_unseen_rx=91.00% @ E078
[BEST-PRIMARY] score=87.65 @ E101 -> finalist_runs/D4_domain_no_pa_no_stats_seed1337/best_model_primary_ood.pth | overall=90.75% strict_udu=85.99%
[BEST-WORST-RX] worst_rx=86.13% (test_rx_8) @ E101 -> finalist_runs/D4_domain_no_pa_no_stats_seed1337/best_model_worst_rx.pth
====================================================================================================================================
[Epoch 116/200] time=80.9s | lr=7.58e-05 | aux_scale=1.000
[STAGE] phase=S3_refine_aux | use_aux=1.0 cons=1.00 cls_aux=1.00 reg=1.00 joint_inv=0.30 kl=0.60 group_ce=1.00
[MIXSTYLE-EPOCH] phase=late_anneal enabled=1 p=0.133 strength=0.599 anneal_t=0.171
[AUG] scale=0.350 | p_dac=0.000 p_pa=0.049 p_shift=0.122 p_cfo=0.122 p_awgn=0.140 p_mp=0.063 | max_shift=11 cfo_max=0.00014 pn_max=0.0021
------------------------------------------------------------------------------------------------------------------------------------
[LOSS-CORE] total=5.0315 cls=1.8697 dom=0.6434 adv=2.6230 orth=0.0025 cons=0.1894 group_ce=2.9917
[LOSS-AUX]  cls_pa=1.1910 cls_dac=0.0000 pa_joint_inv=0.2172 pa_kl=1.0028 dac_reg=0.0000 pa_reg=0.0143 gap_dac=0.0000 gap_pa=0.2756 cos_joint_pa=0.7828 cos_imp_pa=nan
[LOSS-SAT]  cls_sat=9.2519 sat_cons=0.6970 sat_cos=0.3030
[LOSS-DG]   proto=0.0000 proto_cos=nan supcon=0.0000 fishr=0.0017 sgc_res=0.0000
[LOSS-CAL]  ecc=0.0000 ecc_w=0.0000 ecc_tau=0.9500 ecc_maxp=nan
[TRAIN] tx=85.20% dom=77.33% cons_cos=0.8106
[GRAD]  total=4.569 backbone=1.000 aux=0.750 domain=0.472
[VAL]   tx=98.87% dom=93.61%
[TEST]  overall_tx=90.35% (184323/204000)
[TEST-SPLIT]
          unseen_day_seen_rx(days=['2021_03_15', '2021_03_23'], rxs=[0, 1, 2, 3, 4, 5, 6]): tx=93.84% (78829/84000)
          seen_day_unseen_rx(days=['2021_03_01', '2021_03_08'], rxs=[7, 8, 9, 10, 11]): tx=90.64% (54386/60000)
          unseen_day_unseen_rx(days=['2021_03_15', '2021_03_23'], rxs=[7, 8, 9, 10, 11]): tx=85.18% (51108/60000)
          day=2021_03_15 on seen_rxs=[0, 1, 2, 3, 4, 5, 6]: tx=95.78% (40227/42000)
          day=2021_03_23 on seen_rxs=[0, 1, 2, 3, 4, 5, 6]: tx=91.91% (38602/42000)
          rx=7 on seen_days=['2021_03_01', '2021_03_08']: tx=86.22% (10347/12000)
          rx=8 on seen_days=['2021_03_01', '2021_03_08']: tx=85.86% (10303/12000)
          rx=9 on seen_days=['2021_03_01', '2021_03_08']: tx=91.38% (10966/12000)
          rx=10 on seen_days=['2021_03_01', '2021_03_08']: tx=93.48% (11218/12000)
          rx=11 on seen_days=['2021_03_01', '2021_03_08']: tx=96.27% (11552/12000)
[BEST-JOINT]  val_tx=99.00% & test_tx=90.31% @ E111
[CKPT]  latest -> finalist_runs/D4_domain_no_pa_no_stats_seed1337/latest_model.pth (saved) | best -> finalist_runs/D4_domain_no_pa_no_stats_seed1337/best_model_val.pth
====================================================================================================================================
[SAT-TEST] scenario=clear_leo selected=test_unseen_day_unseen_rx overall_tx=45.57% strict_udu=45.57% (27342/60000)
[SAT-TEST] scenario=low_elev_leo selected=test_unseen_day_unseen_rx overall_tx=46.14% strict_udu=46.14% (27683/60000)
[SAT-TEST] scenario=rain_leo selected=test_unseen_day_unseen_rx overall_tx=43.36% strict_udu=43.36% (26016/60000)
[SAT-TEST] scenario=storm_mp selected=test_unseen_day_unseen_rx overall_tx=38.51% strict_udu=38.51% (23106/60000)
[SAT-TEST] scenario=mixed_orbit selected=test_unseen_day_unseen_rx overall_tx=41.77% strict_udu=41.77% (25063/60000)
[BEST-TEST] overall=90.75% @ E101 -> finalist_runs/D4_domain_no_pa_no_stats_seed1337/best_model_test_overall.pth | unseen_day_unseen_rx=85.99% @ E101 -> finalist_runs/D4_domain_no_pa_no_stats_seed1337/best_model_strict_udu.pth | unseen_day_seen_rx=94.48% @ E106 | seen_day_unseen_rx=91.00% @ E078
[BEST-PRIMARY] score=87.65 @ E101 -> finalist_runs/D4_domain_no_pa_no_stats_seed1337/best_model_primary_ood.pth | overall=90.75% strict_udu=85.99%
[BEST-WORST-RX] worst_rx=86.13% (test_rx_8) @ E101 -> finalist_runs/D4_domain_no_pa_no_stats_seed1337/best_model_worst_rx.pth
====================================================================================================================================
[Epoch 117/200] time=80.2s | lr=7.42e-05 | aux_scale=1.000
[STAGE] phase=S3_refine_aux | use_aux=1.0 cons=1.00 cls_aux=1.00 reg=1.00 joint_inv=0.30 kl=0.60 group_ce=1.00
[MIXSTYLE-EPOCH] phase=late_anneal enabled=1 p=0.130 strength=0.590 anneal_t=0.200
[AUG] scale=0.350 | p_dac=0.000 p_pa=0.049 p_shift=0.122 p_cfo=0.122 p_awgn=0.140 p_mp=0.063 | max_shift=11 cfo_max=0.00014 pn_max=0.0021
------------------------------------------------------------------------------------------------------------------------------------
[LOSS-CORE] total=4.0851 cls=1.1952 dom=0.4764 adv=2.6160 orth=0.0027 cons=0.1634 group_ce=2.0646
[LOSS-AUX]  cls_pa=1.1753 cls_dac=0.0000 pa_joint_inv=0.2153 pa_kl=0.9938 dac_reg=0.0000 pa_reg=0.0145 gap_dac=0.0000 gap_pa=0.2772 cos_joint_pa=0.7847 cos_imp_pa=nan
[LOSS-SAT]  cls_sat=9.1964 sat_cons=0.7144 sat_cos=0.2856
[LOSS-DG]   proto=0.0000 proto_cos=nan supcon=0.0000 fishr=0.0011 sgc_res=0.0000
[LOSS-CAL]  ecc=0.0000 ecc_w=0.0000 ecc_tau=0.9500 ecc_maxp=nan
[TRAIN] tx=90.87% dom=82.07% cons_cos=0.8366
[GRAD]  total=4.105 backbone=1.000 aux=0.750 domain=0.476
[VAL]   tx=98.97% dom=93.43%
[TEST]  overall_tx=90.19% (183982/204000)
[TEST-SPLIT]
          unseen_day_seen_rx(days=['2021_03_15', '2021_03_23'], rxs=[0, 1, 2, 3, 4, 5, 6]): tx=93.87% (78852/84000)
          seen_day_unseen_rx(days=['2021_03_01', '2021_03_08'], rxs=[7, 8, 9, 10, 11]): tx=90.22% (54130/60000)
          unseen_day_unseen_rx(days=['2021_03_15', '2021_03_23'], rxs=[7, 8, 9, 10, 11]): tx=85.00% (51000/60000)
          day=2021_03_15 on seen_rxs=[0, 1, 2, 3, 4, 5, 6]: tx=95.84% (40251/42000)
          day=2021_03_23 on seen_rxs=[0, 1, 2, 3, 4, 5, 6]: tx=91.91% (38601/42000)
          rx=7 on seen_days=['2021_03_01', '2021_03_08']: tx=85.56% (10267/12000)
          rx=8 on seen_days=['2021_03_01', '2021_03_08']: tx=83.94% (10073/12000)
          rx=9 on seen_days=['2021_03_01', '2021_03_08']: tx=92.21% (11065/12000)
          rx=10 on seen_days=['2021_03_01', '2021_03_08']: tx=93.19% (11183/12000)
          rx=11 on seen_days=['2021_03_01', '2021_03_08']: tx=96.18% (11542/12000)
[BEST-JOINT]  val_tx=99.00% & test_tx=90.31% @ E111
[CKPT]  latest -> finalist_runs/D4_domain_no_pa_no_stats_seed1337/latest_model.pth (saved) | best -> finalist_runs/D4_domain_no_pa_no_stats_seed1337/best_model_val.pth
====================================================================================================================================
[SAT-TEST] scenario=clear_leo selected=test_unseen_day_unseen_rx overall_tx=45.82% strict_udu=45.82% (27494/60000)
[SAT-TEST] scenario=low_elev_leo selected=test_unseen_day_unseen_rx overall_tx=46.55% strict_udu=46.55% (27929/60000)
[SAT-TEST] scenario=rain_leo selected=test_unseen_day_unseen_rx overall_tx=43.92% strict_udu=43.92% (26354/60000)
[SAT-TEST] scenario=storm_mp selected=test_unseen_day_unseen_rx overall_tx=39.33% strict_udu=39.33% (23599/60000)
[SAT-TEST] scenario=mixed_orbit selected=test_unseen_day_unseen_rx overall_tx=42.21% strict_udu=42.21% (25324/60000)
[BEST-TEST] overall=90.75% @ E101 -> finalist_runs/D4_domain_no_pa_no_stats_seed1337/best_model_test_overall.pth | unseen_day_unseen_rx=85.99% @ E101 -> finalist_runs/D4_domain_no_pa_no_stats_seed1337/best_model_strict_udu.pth | unseen_day_seen_rx=94.48% @ E106 | seen_day_unseen_rx=91.00% @ E078
[BEST-PRIMARY] score=87.65 @ E101 -> finalist_runs/D4_domain_no_pa_no_stats_seed1337/best_model_primary_ood.pth | overall=90.75% strict_udu=85.99%
[BEST-WORST-RX] worst_rx=86.13% (test_rx_8) @ E101 -> finalist_runs/D4_domain_no_pa_no_stats_seed1337/best_model_worst_rx.pth
====================================================================================================================================
[Epoch 118/200] time=79.9s | lr=7.27e-05 | aux_scale=1.000
[STAGE] phase=S3_refine_aux | use_aux=1.0 cons=1.00 cls_aux=1.00 reg=1.00 joint_inv=0.30 kl=0.60 group_ce=1.00
[MIXSTYLE-EPOCH] phase=late_anneal enabled=1 p=0.127 strength=0.581 anneal_t=0.229
[AUG] scale=0.350 | p_dac=0.000 p_pa=0.049 p_shift=0.122 p_cfo=0.122 p_awgn=0.140 p_mp=0.063 | max_shift=11 cfo_max=0.00014 pn_max=0.0021
------------------------------------------------------------------------------------------------------------------------------------
[LOSS-CORE] total=4.7812 cls=1.6639 dom=0.6154 adv=2.6170 orth=0.0025 cons=0.1830 group_ce=2.7583
[LOSS-AUX]  cls_pa=1.2247 cls_dac=0.0000 pa_joint_inv=0.2129 pa_kl=1.0491 dac_reg=0.0000 pa_reg=0.0150 gap_dac=0.0000 gap_pa=0.2648 cos_joint_pa=0.7871 cos_imp_pa=nan
[LOSS-SAT]  cls_sat=9.2829 sat_cons=0.7021 sat_cos=0.2979
[LOSS-DG]   proto=0.0000 proto_cos=nan supcon=0.0000 fishr=0.0016 sgc_res=0.0000
[LOSS-CAL]  ecc=0.0000 ecc_w=0.0000 ecc_tau=0.9500 ecc_maxp=nan
[TRAIN] tx=86.50% dom=77.71% cons_cos=0.8170
[GRAD]  total=4.343 backbone=1.000 aux=0.750 domain=0.473
[VAL]   tx=98.99% dom=93.40%
[TEST]  overall_tx=89.89% (183378/204000)
[TEST-SPLIT]
          unseen_day_seen_rx(days=['2021_03_15', '2021_03_23'], rxs=[0, 1, 2, 3, 4, 5, 6]): tx=93.83% (78817/84000)
          seen_day_unseen_rx(days=['2021_03_01', '2021_03_08'], rxs=[7, 8, 9, 10, 11]): tx=89.32% (53594/60000)
          unseen_day_unseen_rx(days=['2021_03_15', '2021_03_23'], rxs=[7, 8, 9, 10, 11]): tx=84.94% (50967/60000)
          day=2021_03_15 on seen_rxs=[0, 1, 2, 3, 4, 5, 6]: tx=95.20% (39985/42000)
          day=2021_03_23 on seen_rxs=[0, 1, 2, 3, 4, 5, 6]: tx=92.46% (38832/42000)
          rx=7 on seen_days=['2021_03_01', '2021_03_08']: tx=84.65% (10158/12000)
          rx=8 on seen_days=['2021_03_01', '2021_03_08']: tx=84.54% (10145/12000)
          rx=9 on seen_days=['2021_03_01', '2021_03_08']: tx=91.08% (10929/12000)
          rx=10 on seen_days=['2021_03_01', '2021_03_08']: tx=92.78% (11133/12000)
          rx=11 on seen_days=['2021_03_01', '2021_03_08']: tx=93.58% (11229/12000)
[BEST-JOINT]  val_tx=99.00% & test_tx=90.31% @ E111
[CKPT]  latest -> finalist_runs/D4_domain_no_pa_no_stats_seed1337/latest_model.pth (saved) | best -> finalist_runs/D4_domain_no_pa_no_stats_seed1337/best_model_val.pth
====================================================================================================================================
[SAT-TEST] scenario=clear_leo selected=test_unseen_day_unseen_rx overall_tx=44.20% strict_udu=44.20% (26518/60000)
[SAT-TEST] scenario=low_elev_leo selected=test_unseen_day_unseen_rx overall_tx=44.88% strict_udu=44.88% (26925/60000)
[SAT-TEST] scenario=rain_leo selected=test_unseen_day_unseen_rx overall_tx=42.49% strict_udu=42.49% (25493/60000)
[SAT-TEST] scenario=storm_mp selected=test_unseen_day_unseen_rx overall_tx=37.93% strict_udu=37.93% (22760/60000)
[SAT-TEST] scenario=mixed_orbit selected=test_unseen_day_unseen_rx overall_tx=40.58% strict_udu=40.58% (24349/60000)
[BEST-TEST] overall=90.75% @ E101 -> finalist_runs/D4_domain_no_pa_no_stats_seed1337/best_model_test_overall.pth | unseen_day_unseen_rx=85.99% @ E101 -> finalist_runs/D4_domain_no_pa_no_stats_seed1337/best_model_strict_udu.pth | unseen_day_seen_rx=94.48% @ E106 | seen_day_unseen_rx=91.00% @ E078
[BEST-PRIMARY] score=87.65 @ E101 -> finalist_runs/D4_domain_no_pa_no_stats_seed1337/best_model_primary_ood.pth | overall=90.75% strict_udu=85.99%
[BEST-WORST-RX] worst_rx=86.13% (test_rx_8) @ E101 -> finalist_runs/D4_domain_no_pa_no_stats_seed1337/best_model_worst_rx.pth
====================================================================================================================================
[Epoch 119/200] time=79.1s | lr=7.12e-05 | aux_scale=1.000
[STAGE] phase=S3_refine_aux | use_aux=1.0 cons=1.00 cls_aux=1.00 reg=1.00 joint_inv=0.30 kl=0.60 group_ce=1.00
[MIXSTYLE-EPOCH] phase=late_anneal enabled=1 p=0.124 strength=0.573 anneal_t=0.257
[AUG] scale=0.350 | p_dac=0.000 p_pa=0.049 p_shift=0.122 p_cfo=0.122 p_awgn=0.140 p_mp=0.063 | max_shift=11 cfo_max=0.00014 pn_max=0.0021
------------------------------------------------------------------------------------------------------------------------------------
[LOSS-CORE] total=3.6920 cls=0.8991 dom=0.4112 adv=2.6191 orth=0.0030 cons=0.1522 group_ce=1.7256
[LOSS-AUX]  cls_pa=1.1852 cls_dac=0.0000 pa_joint_inv=0.2151 pa_kl=1.0041 dac_reg=0.0000 pa_reg=0.0147 gap_dac=0.0000 gap_pa=0.2808 cos_joint_pa=0.7849 cos_imp_pa=nan
[LOSS-SAT]  cls_sat=9.1868 sat_cons=0.7205 sat_cos=0.2795
[LOSS-DG]   proto=0.0000 proto_cos=nan supcon=0.0000 fishr=0.0008 sgc_res=0.0000
[LOSS-CAL]  ecc=0.0000 ecc_w=0.0000 ecc_tau=0.9500 ecc_maxp=nan
[TRAIN] tx=93.20% dom=84.44% cons_cos=0.8478
[GRAD]  total=4.458 backbone=1.000 aux=0.750 domain=0.476
[VAL]   tx=98.72% dom=93.32%
[TEST]  overall_tx=88.55% (180633/204000)
[TEST-SPLIT]
          unseen_day_seen_rx(days=['2021_03_15', '2021_03_23'], rxs=[0, 1, 2, 3, 4, 5, 6]): tx=93.11% (78216/84000)
          seen_day_unseen_rx(days=['2021_03_01', '2021_03_08'], rxs=[7, 8, 9, 10, 11]): tx=87.48% (52486/60000)
          unseen_day_unseen_rx(days=['2021_03_15', '2021_03_23'], rxs=[7, 8, 9, 10, 11]): tx=83.22% (49931/60000)
          day=2021_03_15 on seen_rxs=[0, 1, 2, 3, 4, 5, 6]: tx=95.04% (39916/42000)
          day=2021_03_23 on seen_rxs=[0, 1, 2, 3, 4, 5, 6]: tx=91.19% (38300/42000)
          rx=7 on seen_days=['2021_03_01', '2021_03_08']: tx=82.24% (9869/12000)
          rx=8 on seen_days=['2021_03_01', '2021_03_08']: tx=82.68% (9922/12000)
          rx=9 on seen_days=['2021_03_01', '2021_03_08']: tx=89.22% (10706/12000)
          rx=10 on seen_days=['2021_03_01', '2021_03_08']: tx=93.24% (11189/12000)
          rx=11 on seen_days=['2021_03_01', '2021_03_08']: tx=90.00% (10800/12000)
[BEST-JOINT]  val_tx=99.00% & test_tx=90.31% @ E111
[CKPT]  latest -> finalist_runs/D4_domain_no_pa_no_stats_seed1337/latest_model.pth (saved) | best -> finalist_runs/D4_domain_no_pa_no_stats_seed1337/best_model_val.pth
====================================================================================================================================
[SAT-TEST] scenario=clear_leo selected=test_unseen_day_unseen_rx overall_tx=44.89% strict_udu=44.89% (26936/60000)
[SAT-TEST] scenario=low_elev_leo selected=test_unseen_day_unseen_rx overall_tx=46.14% strict_udu=46.14% (27684/60000)
[SAT-TEST] scenario=rain_leo selected=test_unseen_day_unseen_rx overall_tx=43.83% strict_udu=43.83% (26296/60000)
[SAT-TEST] scenario=storm_mp selected=test_unseen_day_unseen_rx overall_tx=38.86% strict_udu=38.86% (23318/60000)
[SAT-TEST] scenario=mixed_orbit selected=test_unseen_day_unseen_rx overall_tx=40.38% strict_udu=40.38% (24230/60000)
[BEST-TEST] overall=90.75% @ E101 -> finalist_runs/D4_domain_no_pa_no_stats_seed1337/best_model_test_overall.pth | unseen_day_unseen_rx=85.99% @ E101 -> finalist_runs/D4_domain_no_pa_no_stats_seed1337/best_model_strict_udu.pth | unseen_day_seen_rx=94.48% @ E106 | seen_day_unseen_rx=91.00% @ E078
[BEST-PRIMARY] score=87.65 @ E101 -> finalist_runs/D4_domain_no_pa_no_stats_seed1337/best_model_primary_ood.pth | overall=90.75% strict_udu=85.99%
[BEST-WORST-RX] worst_rx=86.13% (test_rx_8) @ E101 -> finalist_runs/D4_domain_no_pa_no_stats_seed1337/best_model_worst_rx.pth
====================================================================================================================================
[Epoch 120/200] time=79.7s | lr=6.98e-05 | aux_scale=1.000
[STAGE] phase=S3_refine_aux | use_aux=1.0 cons=1.00 cls_aux=1.00 reg=1.00 joint_inv=0.30 kl=0.60 group_ce=1.00
[MIXSTYLE-EPOCH] phase=late_anneal enabled=1 p=0.121 strength=0.564 anneal_t=0.286
[AUG] scale=0.350 | p_dac=0.000 p_pa=0.049 p_shift=0.122 p_cfo=0.122 p_awgn=0.140 p_mp=0.063 | max_shift=11 cfo_max=0.00014 pn_max=0.0021
------------------------------------------------------------------------------------------------------------------------------------
[LOSS-CORE] total=3.7487 cls=0.9458 dom=0.4337 adv=2.6183 orth=0.0028 cons=0.1606 group_ce=1.7690
[LOSS-AUX]  cls_pa=1.1712 cls_dac=0.0000 pa_joint_inv=0.2143 pa_kl=0.9829 dac_reg=0.0000 pa_reg=0.0142 gap_dac=0.0000 gap_pa=0.2787 cos_joint_pa=0.7857 cos_imp_pa=nan
[LOSS-SAT]  cls_sat=9.0133 sat_cons=0.7163 sat_cos=0.2837
[LOSS-DG]   proto=0.0000 proto_cos=nan supcon=0.0000 fishr=0.0010 sgc_res=0.0000
[LOSS-CAL]  ecc=0.0000 ecc_w=0.0000 ecc_tau=0.9500 ecc_maxp=nan
[TRAIN] tx=92.76% dom=83.84% cons_cos=0.8394
[GRAD]  total=4.337 backbone=1.000 aux=0.750 domain=0.475
[VAL]   tx=98.79% dom=93.70%
[TEST]  overall_tx=89.05% (181668/204000)
[TEST-SPLIT]
          unseen_day_seen_rx(days=['2021_03_15', '2021_03_23'], rxs=[0, 1, 2, 3, 4, 5, 6]): tx=93.12% (78221/84000)
          seen_day_unseen_rx(days=['2021_03_01', '2021_03_08'], rxs=[7, 8, 9, 10, 11]): tx=88.33% (52997/60000)
          unseen_day_unseen_rx(days=['2021_03_15', '2021_03_23'], rxs=[7, 8, 9, 10, 11]): tx=84.08% (50450/60000)
          day=2021_03_15 on seen_rxs=[0, 1, 2, 3, 4, 5, 6]: tx=94.66% (39756/42000)
          day=2021_03_23 on seen_rxs=[0, 1, 2, 3, 4, 5, 6]: tx=91.58% (38465/42000)
          rx=7 on seen_days=['2021_03_01', '2021_03_08']: tx=82.70% (9924/12000)
          rx=8 on seen_days=['2021_03_01', '2021_03_08']: tx=83.80% (10056/12000)
          rx=9 on seen_days=['2021_03_01', '2021_03_08']: tx=89.94% (10793/12000)
          rx=10 on seen_days=['2021_03_01', '2021_03_08']: tx=92.89% (11147/12000)
          rx=11 on seen_days=['2021_03_01', '2021_03_08']: tx=92.31% (11077/12000)
[BEST-JOINT]  val_tx=99.00% & test_tx=90.31% @ E111
[CKPT]  latest -> finalist_runs/D4_domain_no_pa_no_stats_seed1337/latest_model.pth (saved) | best -> finalist_runs/D4_domain_no_pa_no_stats_seed1337/best_model_val.pth
====================================================================================================================================
[SAT-TEST] scenario=clear_leo selected=test_unseen_day_unseen_rx overall_tx=45.75% strict_udu=45.75% (27451/60000)
[SAT-TEST] scenario=low_elev_leo selected=test_unseen_day_unseen_rx overall_tx=47.13% strict_udu=47.13% (28277/60000)
[SAT-TEST] scenario=rain_leo selected=test_unseen_day_unseen_rx overall_tx=44.34% strict_udu=44.34% (26604/60000)
[SAT-TEST] scenario=storm_mp selected=test_unseen_day_unseen_rx overall_tx=39.09% strict_udu=39.09% (23456/60000)
[SAT-TEST] scenario=mixed_orbit selected=test_unseen_day_unseen_rx overall_tx=41.87% strict_udu=41.87% (25123/60000)
[BEST-TEST] overall=90.75% @ E101 -> finalist_runs/D4_domain_no_pa_no_stats_seed1337/best_model_test_overall.pth | unseen_day_unseen_rx=85.99% @ E101 -> finalist_runs/D4_domain_no_pa_no_stats_seed1337/best_model_strict_udu.pth | unseen_day_seen_rx=94.48% @ E106 | seen_day_unseen_rx=91.00% @ E078
[BEST-PRIMARY] score=87.65 @ E101 -> finalist_runs/D4_domain_no_pa_no_stats_seed1337/best_model_primary_ood.pth | overall=90.75% strict_udu=85.99%
[BEST-WORST-RX] worst_rx=86.13% (test_rx_8) @ E101 -> finalist_runs/D4_domain_no_pa_no_stats_seed1337/best_model_worst_rx.pth
====================================================================================================================================
[Epoch 121/200] time=79.0s | lr=6.83e-05 | aux_scale=1.000
[STAGE] phase=S3_refine_aux | use_aux=1.0 cons=1.00 cls_aux=1.00 reg=1.00 joint_inv=0.30 kl=0.60 group_ce=1.00
[MIXSTYLE-EPOCH] phase=late_anneal enabled=1 p=0.119 strength=0.556 anneal_t=0.314
[AUG] scale=0.350 | p_dac=0.000 p_pa=0.049 p_shift=0.122 p_cfo=0.122 p_awgn=0.140 p_mp=0.063 | max_shift=11 cfo_max=0.00014 pn_max=0.0021
------------------------------------------------------------------------------------------------------------------------------------
[LOSS-CORE] total=4.1614 cls=1.2529 dom=0.4943 adv=2.6212 orth=0.0030 cons=0.1654 group_ce=2.1541
[LOSS-AUX]  cls_pa=1.1724 cls_dac=0.0000 pa_joint_inv=0.2120 pa_kl=0.9883 dac_reg=0.0000 pa_reg=0.0145 gap_dac=0.0000 gap_pa=0.2779 cos_joint_pa=0.7880 cos_imp_pa=nan
[LOSS-SAT]  cls_sat=9.0744 sat_cons=0.7094 sat_cos=0.2906
[LOSS-DG]   proto=0.0000 proto_cos=nan supcon=0.0000 fishr=0.0012 sgc_res=0.0000
[LOSS-CAL]  ecc=0.0000 ecc_w=0.0000 ecc_tau=0.9500 ecc_maxp=nan
[TRAIN] tx=90.19% dom=81.35% cons_cos=0.8346
[GRAD]  total=4.445 backbone=1.000 aux=0.750 domain=0.479
[VAL]   tx=98.95% dom=93.47%
[TEST]  overall_tx=90.07% (183750/204000)
[TEST-SPLIT]
          unseen_day_seen_rx(days=['2021_03_15', '2021_03_23'], rxs=[0, 1, 2, 3, 4, 5, 6]): tx=93.65% (78669/84000)
          seen_day_unseen_rx(days=['2021_03_01', '2021_03_08'], rxs=[7, 8, 9, 10, 11]): tx=89.55% (53732/60000)
          unseen_day_unseen_rx(days=['2021_03_15', '2021_03_23'], rxs=[7, 8, 9, 10, 11]): tx=85.58% (51349/60000)
          day=2021_03_15 on seen_rxs=[0, 1, 2, 3, 4, 5, 6]: tx=94.79% (39812/42000)
          day=2021_03_23 on seen_rxs=[0, 1, 2, 3, 4, 5, 6]: tx=92.52% (38857/42000)
          rx=7 on seen_days=['2021_03_01', '2021_03_08']: tx=85.29% (10235/12000)
          rx=8 on seen_days=['2021_03_01', '2021_03_08']: tx=84.24% (10109/12000)
          rx=9 on seen_days=['2021_03_01', '2021_03_08']: tx=90.84% (10901/12000)
          rx=10 on seen_days=['2021_03_01', '2021_03_08']: tx=93.64% (11237/12000)
          rx=11 on seen_days=['2021_03_01', '2021_03_08']: tx=93.75% (11250/12000)
[BEST-JOINT]  val_tx=99.00% & test_tx=90.31% @ E111
[CKPT]  latest -> finalist_runs/D4_domain_no_pa_no_stats_seed1337/latest_model.pth (saved) | best -> finalist_runs/D4_domain_no_pa_no_stats_seed1337/best_model_val.pth
====================================================================================================================================
[SAT-TEST] scenario=clear_leo selected=test_unseen_day_unseen_rx overall_tx=45.18% strict_udu=45.18% (27107/60000)
[SAT-TEST] scenario=low_elev_leo selected=test_unseen_day_unseen_rx overall_tx=45.92% strict_udu=45.92% (27551/60000)
[SAT-TEST] scenario=rain_leo selected=test_unseen_day_unseen_rx overall_tx=43.49% strict_udu=43.49% (26093/60000)
[SAT-TEST] scenario=storm_mp selected=test_unseen_day_unseen_rx overall_tx=39.02% strict_udu=39.02% (23412/60000)
[SAT-TEST] scenario=mixed_orbit selected=test_unseen_day_unseen_rx overall_tx=41.42% strict_udu=41.42% (24853/60000)
[BEST-TEST] overall=90.75% @ E101 -> finalist_runs/D4_domain_no_pa_no_stats_seed1337/best_model_test_overall.pth | unseen_day_unseen_rx=85.99% @ E101 -> finalist_runs/D4_domain_no_pa_no_stats_seed1337/best_model_strict_udu.pth | unseen_day_seen_rx=94.48% @ E106 | seen_day_unseen_rx=91.00% @ E078
[BEST-PRIMARY] score=87.65 @ E101 -> finalist_runs/D4_domain_no_pa_no_stats_seed1337/best_model_primary_ood.pth | overall=90.75% strict_udu=85.99%
[BEST-WORST-RX] worst_rx=86.13% (test_rx_8) @ E101 -> finalist_runs/D4_domain_no_pa_no_stats_seed1337/best_model_worst_rx.pth
[WARN][E122] unsafe backward/step skipped #11
====================================================================================================================================
[Epoch 122/200] time=80.8s | lr=6.68e-05 | aux_scale=1.000
[STAGE] phase=S3_refine_aux | use_aux=1.0 cons=1.00 cls_aux=1.00 reg=1.00 joint_inv=0.30 kl=0.60 group_ce=1.00
[MIXSTYLE-EPOCH] phase=late_anneal enabled=1 p=0.116 strength=0.547 anneal_t=0.343
[AUG] scale=0.350 | p_dac=0.000 p_pa=0.049 p_shift=0.122 p_cfo=0.122 p_awgn=0.140 p_mp=0.063 | max_shift=11 cfo_max=0.00014 pn_max=0.0021
------------------------------------------------------------------------------------------------------------------------------------
[LOSS-CORE] total=4.1962 cls=1.2316 dom=0.5582 adv=2.6204 orth=0.0026 cons=0.1706 group_ce=2.1545
[LOSS-AUX]  cls_pa=1.1238 cls_dac=0.0000 pa_joint_inv=0.2128 pa_kl=0.9473 dac_reg=0.0000 pa_reg=0.0145 gap_dac=0.0000 gap_pa=0.2765 cos_joint_pa=0.7872 cos_imp_pa=nan
[LOSS-SAT]  cls_sat=9.1043 sat_cons=0.7059 sat_cos=0.2941
[LOSS-DG]   proto=0.0000 proto_cos=nan supcon=0.0000 fishr=0.0012 sgc_res=0.0000
[LOSS-CAL]  ecc=0.0000 ecc_w=0.0000 ecc_tau=0.9500 ecc_maxp=nan
[TRAIN] tx=90.01% dom=80.32% cons_cos=0.8261
[GRAD]  total=4.594 backbone=1.000 aux=0.750 domain=0.479
[VAL]   tx=98.95% dom=93.58%
[TEST]  overall_tx=89.95% (183506/204000)
[TEST-SPLIT]
          unseen_day_seen_rx(days=['2021_03_15', '2021_03_23'], rxs=[0, 1, 2, 3, 4, 5, 6]): tx=93.67% (78683/84000)
          seen_day_unseen_rx(days=['2021_03_01', '2021_03_08'], rxs=[7, 8, 9, 10, 11]): tx=89.62% (53771/60000)
          unseen_day_unseen_rx(days=['2021_03_15', '2021_03_23'], rxs=[7, 8, 9, 10, 11]): tx=85.09% (51052/60000)
          day=2021_03_15 on seen_rxs=[0, 1, 2, 3, 4, 5, 6]: tx=94.72% (39782/42000)
          day=2021_03_23 on seen_rxs=[0, 1, 2, 3, 4, 5, 6]: tx=92.62% (38901/42000)
          rx=7 on seen_days=['2021_03_01', '2021_03_08']: tx=85.11% (10213/12000)
          rx=8 on seen_days=['2021_03_01', '2021_03_08']: tx=84.47% (10137/12000)
          rx=9 on seen_days=['2021_03_01', '2021_03_08']: tx=90.80% (10896/12000)
          rx=10 on seen_days=['2021_03_01', '2021_03_08']: tx=94.21% (11305/12000)
          rx=11 on seen_days=['2021_03_01', '2021_03_08']: tx=93.50% (11220/12000)
[BEST-JOINT]  val_tx=99.00% & test_tx=90.31% @ E111
[CKPT]  latest -> finalist_runs/D4_domain_no_pa_no_stats_seed1337/latest_model.pth (saved) | best -> finalist_runs/D4_domain_no_pa_no_stats_seed1337/best_model_val.pth
====================================================================================================================================
[SAT-TEST] scenario=clear_leo selected=test_unseen_day_unseen_rx overall_tx=45.36% strict_udu=45.36% (27215/60000)
[SAT-TEST] scenario=low_elev_leo selected=test_unseen_day_unseen_rx overall_tx=45.73% strict_udu=45.73% (27438/60000)
[SAT-TEST] scenario=rain_leo selected=test_unseen_day_unseen_rx overall_tx=43.52% strict_udu=43.52% (26115/60000)
[SAT-TEST] scenario=storm_mp selected=test_unseen_day_unseen_rx overall_tx=39.15% strict_udu=39.15% (23490/60000)
[SAT-TEST] scenario=mixed_orbit selected=test_unseen_day_unseen_rx overall_tx=41.27% strict_udu=41.27% (24765/60000)
[BEST-TEST] overall=90.75% @ E101 -> finalist_runs/D4_domain_no_pa_no_stats_seed1337/best_model_test_overall.pth | unseen_day_unseen_rx=85.99% @ E101 -> finalist_runs/D4_domain_no_pa_no_stats_seed1337/best_model_strict_udu.pth | unseen_day_seen_rx=94.48% @ E106 | seen_day_unseen_rx=91.00% @ E078
[BEST-PRIMARY] score=87.65 @ E101 -> finalist_runs/D4_domain_no_pa_no_stats_seed1337/best_model_primary_ood.pth | overall=90.75% strict_udu=85.99%
[BEST-WORST-RX] worst_rx=86.13% (test_rx_8) @ E101 -> finalist_runs/D4_domain_no_pa_no_stats_seed1337/best_model_worst_rx.pth
====================================================================================================================================
[Epoch 123/200] time=79.5s | lr=6.53e-05 | aux_scale=1.000
[STAGE] phase=S3_refine_aux | use_aux=1.0 cons=1.00 cls_aux=1.00 reg=1.00 joint_inv=0.30 kl=0.60 group_ce=1.00
[MIXSTYLE-EPOCH] phase=late_anneal enabled=1 p=0.113 strength=0.539 anneal_t=0.371
[AUG] scale=0.350 | p_dac=0.000 p_pa=0.049 p_shift=0.122 p_cfo=0.122 p_awgn=0.140 p_mp=0.063 | max_shift=11 cfo_max=0.00014 pn_max=0.0021
------------------------------------------------------------------------------------------------------------------------------------
[LOSS-CORE] total=4.1808 cls=1.2624 dom=0.4976 adv=2.6151 orth=0.0028 cons=0.1749 group_ce=2.2615
[LOSS-AUX]  cls_pa=1.1359 cls_dac=0.0000 pa_joint_inv=0.2141 pa_kl=0.9626 dac_reg=0.0000 pa_reg=0.0145 gap_dac=0.0000 gap_pa=0.2772 cos_joint_pa=0.7859 cos_imp_pa=nan
[LOSS-SAT]  cls_sat=9.1389 sat_cons=0.7160 sat_cos=0.2840
[LOSS-DG]   proto=0.0000 proto_cos=nan supcon=0.0000 fishr=0.0013 sgc_res=0.0000
[LOSS-CAL]  ecc=0.0000 ecc_w=0.0000 ecc_tau=0.9500 ecc_maxp=nan
[TRAIN] tx=90.04% dom=81.90% cons_cos=0.8251
[GRAD]  total=4.602 backbone=1.000 aux=0.750 domain=0.463
[VAL]   tx=98.94% dom=93.19%
[TEST]  overall_tx=89.83% (183260/204000)
[TEST-SPLIT]
          unseen_day_seen_rx(days=['2021_03_15', '2021_03_23'], rxs=[0, 1, 2, 3, 4, 5, 6]): tx=93.48% (78526/84000)
          seen_day_unseen_rx(days=['2021_03_01', '2021_03_08'], rxs=[7, 8, 9, 10, 11]): tx=89.61% (53764/60000)
          unseen_day_unseen_rx(days=['2021_03_15', '2021_03_23'], rxs=[7, 8, 9, 10, 11]): tx=84.95% (50970/60000)
          day=2021_03_15 on seen_rxs=[0, 1, 2, 3, 4, 5, 6]: tx=95.00% (39902/42000)
          day=2021_03_23 on seen_rxs=[0, 1, 2, 3, 4, 5, 6]: tx=91.96% (38624/42000)
          rx=7 on seen_days=['2021_03_01', '2021_03_08']: tx=86.48% (10378/12000)
          rx=8 on seen_days=['2021_03_01', '2021_03_08']: tx=83.33% (9999/12000)
          rx=9 on seen_days=['2021_03_01', '2021_03_08']: tx=91.22% (10947/12000)
          rx=10 on seen_days=['2021_03_01', '2021_03_08']: tx=93.60% (11232/12000)
          rx=11 on seen_days=['2021_03_01', '2021_03_08']: tx=93.40% (11208/12000)
[BEST-JOINT]  val_tx=99.00% & test_tx=90.31% @ E111
[CKPT]  latest -> finalist_runs/D4_domain_no_pa_no_stats_seed1337/latest_model.pth (saved) | best -> finalist_runs/D4_domain_no_pa_no_stats_seed1337/best_model_val.pth
====================================================================================================================================
[SAT-TEST] scenario=clear_leo selected=test_unseen_day_unseen_rx overall_tx=45.65% strict_udu=45.65% (27387/60000)
[SAT-TEST] scenario=low_elev_leo selected=test_unseen_day_unseen_rx overall_tx=46.08% strict_udu=46.08% (27646/60000)
[SAT-TEST] scenario=rain_leo selected=test_unseen_day_unseen_rx overall_tx=43.89% strict_udu=43.89% (26332/60000)
[SAT-TEST] scenario=storm_mp selected=test_unseen_day_unseen_rx overall_tx=39.26% strict_udu=39.26% (23556/60000)
[SAT-TEST] scenario=mixed_orbit selected=test_unseen_day_unseen_rx overall_tx=41.99% strict_udu=41.99% (25196/60000)
[BEST-TEST] overall=90.75% @ E101 -> finalist_runs/D4_domain_no_pa_no_stats_seed1337/best_model_test_overall.pth | unseen_day_unseen_rx=85.99% @ E101 -> finalist_runs/D4_domain_no_pa_no_stats_seed1337/best_model_strict_udu.pth | unseen_day_seen_rx=94.48% @ E106 | seen_day_unseen_rx=91.00% @ E078
[BEST-PRIMARY] score=87.65 @ E101 -> finalist_runs/D4_domain_no_pa_no_stats_seed1337/best_model_primary_ood.pth | overall=90.75% strict_udu=85.99%
[BEST-WORST-RX] worst_rx=86.13% (test_rx_8) @ E101 -> finalist_runs/D4_domain_no_pa_no_stats_seed1337/best_model_worst_rx.pth
====================================================================================================================================
[Epoch 124/200] time=77.5s | lr=6.39e-05 | aux_scale=1.000
[STAGE] phase=S3_refine_aux | use_aux=1.0 cons=1.00 cls_aux=1.00 reg=1.00 joint_inv=0.30 kl=0.60 group_ce=1.00
[MIXSTYLE-EPOCH] phase=late_anneal enabled=1 p=0.110 strength=0.530 anneal_t=0.400
[AUG] scale=0.350 | p_dac=0.000 p_pa=0.049 p_shift=0.122 p_cfo=0.122 p_awgn=0.140 p_mp=0.063 | max_shift=11 cfo_max=0.00014 pn_max=0.0021
------------------------------------------------------------------------------------------------------------------------------------
[LOSS-CORE] total=4.7347 cls=1.6569 dom=0.6031 adv=2.6189 orth=0.0026 cons=0.1889 group_ce=2.6903
[LOSS-AUX]  cls_pa=1.1486 cls_dac=0.0000 pa_joint_inv=0.2120 pa_kl=0.9649 dac_reg=0.0000 pa_reg=0.0145 gap_dac=0.0000 gap_pa=0.2768 cos_joint_pa=0.7880 cos_imp_pa=nan
[LOSS-SAT]  cls_sat=9.2098 sat_cons=0.7134 sat_cos=0.2866
[LOSS-DG]   proto=0.0000 proto_cos=nan supcon=0.0000 fishr=0.0015 sgc_res=0.0000
[LOSS-CAL]  ecc=0.0000 ecc_w=0.0000 ecc_tau=0.9500 ecc_maxp=nan
[TRAIN] tx=86.84% dom=77.99% cons_cos=0.8111
[GRAD]  total=4.676 backbone=1.000 aux=0.750 domain=0.477
[VAL]   tx=98.86% dom=93.63%
[TEST]  overall_tx=89.84% (183280/204000)
[TEST-SPLIT]
          unseen_day_seen_rx(days=['2021_03_15', '2021_03_23'], rxs=[0, 1, 2, 3, 4, 5, 6]): tx=93.37% (78434/84000)
          seen_day_unseen_rx(days=['2021_03_01', '2021_03_08'], rxs=[7, 8, 9, 10, 11]): tx=89.64% (53783/60000)
          unseen_day_unseen_rx(days=['2021_03_15', '2021_03_23'], rxs=[7, 8, 9, 10, 11]): tx=85.11% (51063/60000)
          day=2021_03_15 on seen_rxs=[0, 1, 2, 3, 4, 5, 6]: tx=94.96% (39885/42000)
          day=2021_03_23 on seen_rxs=[0, 1, 2, 3, 4, 5, 6]: tx=91.78% (38549/42000)
          rx=7 on seen_days=['2021_03_01', '2021_03_08']: tx=85.88% (10305/12000)
          rx=8 on seen_days=['2021_03_01', '2021_03_08']: tx=84.57% (10148/12000)
          rx=9 on seen_days=['2021_03_01', '2021_03_08']: tx=90.52% (10862/12000)
          rx=10 on seen_days=['2021_03_01', '2021_03_08']: tx=93.05% (11166/12000)
          rx=11 on seen_days=['2021_03_01', '2021_03_08']: tx=94.18% (11302/12000)
[BEST-JOINT]  val_tx=99.00% & test_tx=90.31% @ E111
[CKPT]  latest -> finalist_runs/D4_domain_no_pa_no_stats_seed1337/latest_model.pth (saved) | best -> finalist_runs/D4_domain_no_pa_no_stats_seed1337/best_model_val.pth
====================================================================================================================================
[SAT-TEST] scenario=clear_leo selected=test_unseen_day_unseen_rx overall_tx=45.70% strict_udu=45.70% (27420/60000)
[SAT-TEST] scenario=low_elev_leo selected=test_unseen_day_unseen_rx overall_tx=46.02% strict_udu=46.02% (27613/60000)
[SAT-TEST] scenario=rain_leo selected=test_unseen_day_unseen_rx overall_tx=43.65% strict_udu=43.65% (26189/60000)
[SAT-TEST] scenario=storm_mp selected=test_unseen_day_unseen_rx overall_tx=39.09% strict_udu=39.09% (23457/60000)
[SAT-TEST] scenario=mixed_orbit selected=test_unseen_day_unseen_rx overall_tx=42.42% strict_udu=42.42% (25454/60000)
[BEST-TEST] overall=90.75% @ E101 -> finalist_runs/D4_domain_no_pa_no_stats_seed1337/best_model_test_overall.pth | unseen_day_unseen_rx=85.99% @ E101 -> finalist_runs/D4_domain_no_pa_no_stats_seed1337/best_model_strict_udu.pth | unseen_day_seen_rx=94.48% @ E106 | seen_day_unseen_rx=91.00% @ E078
[BEST-PRIMARY] score=87.65 @ E101 -> finalist_runs/D4_domain_no_pa_no_stats_seed1337/best_model_primary_ood.pth | overall=90.75% strict_udu=85.99%
[BEST-WORST-RX] worst_rx=86.13% (test_rx_8) @ E101 -> finalist_runs/D4_domain_no_pa_no_stats_seed1337/best_model_worst_rx.pth
====================================================================================================================================
[Epoch 125/200] time=79.2s | lr=6.24e-05 | aux_scale=1.000
[STAGE] phase=S3_refine_aux | use_aux=1.0 cons=1.00 cls_aux=1.00 reg=1.00 joint_inv=0.30 kl=0.60 group_ce=1.00
[MIXSTYLE-EPOCH] phase=late_anneal enabled=1 p=0.107 strength=0.521 anneal_t=0.429
[AUG] scale=0.350 | p_dac=0.000 p_pa=0.049 p_shift=0.122 p_cfo=0.122 p_awgn=0.140 p_mp=0.063 | max_shift=11 cfo_max=0.00014 pn_max=0.0021
------------------------------------------------------------------------------------------------------------------------------------
[LOSS-CORE] total=4.1631 cls=1.2625 dom=0.4850 adv=2.6165 orth=0.0026 cons=0.1697 group_ce=2.2031
[LOSS-AUX]  cls_pa=1.1510 cls_dac=0.0000 pa_joint_inv=0.2119 pa_kl=0.9768 dac_reg=0.0000 pa_reg=0.0143 gap_dac=0.0000 gap_pa=0.2767 cos_joint_pa=0.7881 cos_imp_pa=nan
[LOSS-SAT]  cls_sat=9.1081 sat_cons=0.7067 sat_cos=0.2933
[LOSS-DG]   proto=0.0000 proto_cos=nan supcon=0.0000 fishr=0.0012 sgc_res=0.0000
[LOSS-CAL]  ecc=0.0000 ecc_w=0.0000 ecc_tau=0.9500 ecc_maxp=nan
[TRAIN] tx=90.19% dom=82.13% cons_cos=0.8303
[GRAD]  total=4.168 backbone=1.000 aux=0.750 domain=0.473
[VAL]   tx=98.77% dom=93.85%
[TEST]  overall_tx=89.80% (183195/204000)
[TEST-SPLIT]
          unseen_day_seen_rx(days=['2021_03_15', '2021_03_23'], rxs=[0, 1, 2, 3, 4, 5, 6]): tx=93.49% (78534/84000)
          seen_day_unseen_rx(days=['2021_03_01', '2021_03_08'], rxs=[7, 8, 9, 10, 11]): tx=89.58% (53745/60000)
          unseen_day_unseen_rx(days=['2021_03_15', '2021_03_23'], rxs=[7, 8, 9, 10, 11]): tx=84.86% (50916/60000)
          day=2021_03_15 on seen_rxs=[0, 1, 2, 3, 4, 5, 6]: tx=95.59% (40146/42000)
          day=2021_03_23 on seen_rxs=[0, 1, 2, 3, 4, 5, 6]: tx=91.40% (38388/42000)
          rx=7 on seen_days=['2021_03_01', '2021_03_08']: tx=85.16% (10219/12000)
          rx=8 on seen_days=['2021_03_01', '2021_03_08']: tx=82.99% (9959/12000)
          rx=9 on seen_days=['2021_03_01', '2021_03_08']: tx=91.62% (10994/12000)
          rx=10 on seen_days=['2021_03_01', '2021_03_08']: tx=93.19% (11183/12000)
          rx=11 on seen_days=['2021_03_01', '2021_03_08']: tx=94.92% (11390/12000)
[BEST-JOINT]  val_tx=99.00% & test_tx=90.31% @ E111
[CKPT]  latest -> finalist_runs/D4_domain_no_pa_no_stats_seed1337/latest_model.pth (saved) | best -> finalist_runs/D4_domain_no_pa_no_stats_seed1337/best_model_val.pth
====================================================================================================================================
[SAT-TEST] scenario=clear_leo selected=test_unseen_day_unseen_rx overall_tx=45.93% strict_udu=45.93% (27556/60000)
[SAT-TEST] scenario=low_elev_leo selected=test_unseen_day_unseen_rx overall_tx=46.38% strict_udu=46.38% (27828/60000)
[SAT-TEST] scenario=rain_leo selected=test_unseen_day_unseen_rx overall_tx=44.17% strict_udu=44.17% (26505/60000)
[SAT-TEST] scenario=storm_mp selected=test_unseen_day_unseen_rx overall_tx=39.30% strict_udu=39.30% (23577/60000)
[SAT-TEST] scenario=mixed_orbit selected=test_unseen_day_unseen_rx overall_tx=42.08% strict_udu=42.08% (25250/60000)
[BEST-TEST] overall=90.75% @ E101 -> finalist_runs/D4_domain_no_pa_no_stats_seed1337/best_model_test_overall.pth | unseen_day_unseen_rx=85.99% @ E101 -> finalist_runs/D4_domain_no_pa_no_stats_seed1337/best_model_strict_udu.pth | unseen_day_seen_rx=94.48% @ E106 | seen_day_unseen_rx=91.00% @ E078
[BEST-PRIMARY] score=87.65 @ E101 -> finalist_runs/D4_domain_no_pa_no_stats_seed1337/best_model_primary_ood.pth | overall=90.75% strict_udu=85.99%
[BEST-WORST-RX] worst_rx=86.13% (test_rx_8) @ E101 -> finalist_runs/D4_domain_no_pa_no_stats_seed1337/best_model_worst_rx.pth
====================================================================================================================================
[Epoch 126/200] time=78.4s | lr=6.10e-05 | aux_scale=1.000
[STAGE] phase=S3_refine_aux | use_aux=1.0 cons=1.00 cls_aux=1.00 reg=1.00 joint_inv=0.30 kl=0.60 group_ce=1.00
[MIXSTYLE-EPOCH] phase=late_anneal enabled=1 p=0.104 strength=0.513 anneal_t=0.457
[AUG] scale=0.350 | p_dac=0.000 p_pa=0.049 p_shift=0.122 p_cfo=0.122 p_awgn=0.140 p_mp=0.063 | max_shift=11 cfo_max=0.00014 pn_max=0.0021
------------------------------------------------------------------------------------------------------------------------------------
[LOSS-CORE] total=4.6205 cls=1.6055 dom=0.5607 adv=2.6159 orth=0.0025 cons=0.1909 group_ce=2.6964
[LOSS-AUX]  cls_pa=1.1101 cls_dac=0.0000 pa_joint_inv=0.2087 pa_kl=0.9320 dac_reg=0.0000 pa_reg=0.0149 gap_dac=0.0000 gap_pa=0.2744 cos_joint_pa=0.7913 cos_imp_pa=nan
[LOSS-SAT]  cls_sat=9.0666 sat_cons=0.7103 sat_cos=0.2897
[LOSS-DG]   proto=0.0000 proto_cos=nan supcon=0.0000 fishr=0.0016 sgc_res=0.0000
[LOSS-CAL]  ecc=0.0000 ecc_w=0.0000 ecc_tau=0.9500 ecc_maxp=nan
[TRAIN] tx=87.24% dom=79.51% cons_cos=0.8091
[GRAD]  total=4.217 backbone=1.000 aux=0.750 domain=0.476
[VAL]   tx=98.85% dom=93.79%
[TEST]  overall_tx=89.83% (183258/204000)
[TEST-SPLIT]
          unseen_day_seen_rx(days=['2021_03_15', '2021_03_23'], rxs=[0, 1, 2, 3, 4, 5, 6]): tx=93.36% (78420/84000)
          seen_day_unseen_rx(days=['2021_03_01', '2021_03_08'], rxs=[7, 8, 9, 10, 11]): tx=89.84% (53907/60000)
          unseen_day_unseen_rx(days=['2021_03_15', '2021_03_23'], rxs=[7, 8, 9, 10, 11]): tx=84.89% (50931/60000)
          day=2021_03_15 on seen_rxs=[0, 1, 2, 3, 4, 5, 6]: tx=95.45% (40089/42000)
          day=2021_03_23 on seen_rxs=[0, 1, 2, 3, 4, 5, 6]: tx=91.26% (38331/42000)
          rx=7 on seen_days=['2021_03_01', '2021_03_08']: tx=86.10% (10332/12000)
          rx=8 on seen_days=['2021_03_01', '2021_03_08']: tx=83.78% (10054/12000)
          rx=9 on seen_days=['2021_03_01', '2021_03_08']: tx=91.08% (10930/12000)
          rx=10 on seen_days=['2021_03_01', '2021_03_08']: tx=93.35% (11202/12000)
          rx=11 on seen_days=['2021_03_01', '2021_03_08']: tx=94.91% (11389/12000)
[BEST-JOINT]  val_tx=99.00% & test_tx=90.31% @ E111
[CKPT]  latest -> finalist_runs/D4_domain_no_pa_no_stats_seed1337/latest_model.pth (saved) | best -> finalist_runs/D4_domain_no_pa_no_stats_seed1337/best_model_val.pth
====================================================================================================================================
[SAT-TEST] scenario=clear_leo selected=test_unseen_day_unseen_rx overall_tx=45.51% strict_udu=45.51% (27307/60000)
[SAT-TEST] scenario=low_elev_leo selected=test_unseen_day_unseen_rx overall_tx=46.10% strict_udu=46.10% (27661/60000)
[SAT-TEST] scenario=rain_leo selected=test_unseen_day_unseen_rx overall_tx=43.67% strict_udu=43.67% (26202/60000)
[SAT-TEST] scenario=storm_mp selected=test_unseen_day_unseen_rx overall_tx=39.02% strict_udu=39.02% (23414/60000)
[SAT-TEST] scenario=mixed_orbit selected=test_unseen_day_unseen_rx overall_tx=42.09% strict_udu=42.09% (25256/60000)
[BEST-TEST] overall=90.75% @ E101 -> finalist_runs/D4_domain_no_pa_no_stats_seed1337/best_model_test_overall.pth | unseen_day_unseen_rx=85.99% @ E101 -> finalist_runs/D4_domain_no_pa_no_stats_seed1337/best_model_strict_udu.pth | unseen_day_seen_rx=94.48% @ E106 | seen_day_unseen_rx=91.00% @ E078
[BEST-PRIMARY] score=87.65 @ E101 -> finalist_runs/D4_domain_no_pa_no_stats_seed1337/best_model_primary_ood.pth | overall=90.75% strict_udu=85.99%
[BEST-WORST-RX] worst_rx=86.13% (test_rx_8) @ E101 -> finalist_runs/D4_domain_no_pa_no_stats_seed1337/best_model_worst_rx.pth
====================================================================================================================================
[Epoch 127/200] time=79.6s | lr=5.96e-05 | aux_scale=1.000
[STAGE] phase=S3_refine_aux | use_aux=1.0 cons=1.00 cls_aux=1.00 reg=1.00 joint_inv=0.30 kl=0.60 group_ce=1.00
[MIXSTYLE-EPOCH] phase=late_anneal enabled=1 p=0.101 strength=0.504 anneal_t=0.486
[AUG] scale=0.350 | p_dac=0.000 p_pa=0.049 p_shift=0.122 p_cfo=0.122 p_awgn=0.140 p_mp=0.063 | max_shift=11 cfo_max=0.00014 pn_max=0.0021
------------------------------------------------------------------------------------------------------------------------------------
[LOSS-CORE] total=4.7210 cls=1.6715 dom=0.5780 adv=2.6205 orth=0.0026 cons=0.1854 group_ce=2.7047
[LOSS-AUX]  cls_pa=1.1385 cls_dac=0.0000 pa_joint_inv=0.2086 pa_kl=0.9621 dac_reg=0.0000 pa_reg=0.0147 gap_dac=0.0000 gap_pa=0.2757 cos_joint_pa=0.7914 cos_imp_pa=nan
[LOSS-SAT]  cls_sat=9.1808 sat_cons=0.6962 sat_cos=0.3038
[LOSS-DG]   proto=0.0000 proto_cos=nan supcon=0.0000 fishr=0.0016 sgc_res=0.0000
[LOSS-CAL]  ecc=0.0000 ecc_w=0.0000 ecc_tau=0.9500 ecc_maxp=nan
[TRAIN] tx=86.28% dom=79.08% cons_cos=0.8145
[GRAD]  total=4.571 backbone=1.000 aux=0.750 domain=0.482
[VAL]   tx=98.79% dom=93.71%
[TEST]  overall_tx=89.98% (183555/204000)
[TEST-SPLIT]
          unseen_day_seen_rx(days=['2021_03_15', '2021_03_23'], rxs=[0, 1, 2, 3, 4, 5, 6]): tx=93.62% (78639/84000)
          seen_day_unseen_rx(days=['2021_03_01', '2021_03_08'], rxs=[7, 8, 9, 10, 11]): tx=89.78% (53866/60000)
          unseen_day_unseen_rx(days=['2021_03_15', '2021_03_23'], rxs=[7, 8, 9, 10, 11]): tx=85.08% (51050/60000)
          day=2021_03_15 on seen_rxs=[0, 1, 2, 3, 4, 5, 6]: tx=95.42% (40078/42000)
          day=2021_03_23 on seen_rxs=[0, 1, 2, 3, 4, 5, 6]: tx=91.81% (38561/42000)
          rx=7 on seen_days=['2021_03_01', '2021_03_08']: tx=85.90% (10308/12000)
          rx=8 on seen_days=['2021_03_01', '2021_03_08']: tx=83.21% (9985/12000)
          rx=9 on seen_days=['2021_03_01', '2021_03_08']: tx=91.40% (10968/12000)
          rx=10 on seen_days=['2021_03_01', '2021_03_08']: tx=93.56% (11227/12000)
          rx=11 on seen_days=['2021_03_01', '2021_03_08']: tx=94.82% (11378/12000)
[BEST-JOINT]  val_tx=99.00% & test_tx=90.31% @ E111
[CKPT]  latest -> finalist_runs/D4_domain_no_pa_no_stats_seed1337/latest_model.pth (saved) | best -> finalist_runs/D4_domain_no_pa_no_stats_seed1337/best_model_val.pth
====================================================================================================================================
[SAT-TEST] scenario=clear_leo selected=test_unseen_day_unseen_rx overall_tx=45.39% strict_udu=45.39% (27232/60000)
[SAT-TEST] scenario=low_elev_leo selected=test_unseen_day_unseen_rx overall_tx=45.22% strict_udu=45.22% (27133/60000)
[SAT-TEST] scenario=rain_leo selected=test_unseen_day_unseen_rx overall_tx=43.06% strict_udu=43.06% (25835/60000)
[SAT-TEST] scenario=storm_mp selected=test_unseen_day_unseen_rx overall_tx=38.54% strict_udu=38.54% (23122/60000)
[SAT-TEST] scenario=mixed_orbit selected=test_unseen_day_unseen_rx overall_tx=42.14% strict_udu=42.14% (25285/60000)
[BEST-TEST] overall=90.75% @ E101 -> finalist_runs/D4_domain_no_pa_no_stats_seed1337/best_model_test_overall.pth | unseen_day_unseen_rx=85.99% @ E101 -> finalist_runs/D4_domain_no_pa_no_stats_seed1337/best_model_strict_udu.pth | unseen_day_seen_rx=94.48% @ E106 | seen_day_unseen_rx=91.00% @ E078
[BEST-PRIMARY] score=87.65 @ E101 -> finalist_runs/D4_domain_no_pa_no_stats_seed1337/best_model_primary_ood.pth | overall=90.75% strict_udu=85.99%
[BEST-WORST-RX] worst_rx=86.13% (test_rx_8) @ E101 -> finalist_runs/D4_domain_no_pa_no_stats_seed1337/best_model_worst_rx.pth
====================================================================================================================================
[Epoch 128/200] time=78.7s | lr=5.81e-05 | aux_scale=1.000
[STAGE] phase=S3_refine_aux | use_aux=1.0 cons=1.00 cls_aux=1.00 reg=1.00 joint_inv=0.30 kl=0.60 group_ce=1.00
[MIXSTYLE-EPOCH] phase=late_anneal enabled=1 p=0.099 strength=0.496 anneal_t=0.514
[AUG] scale=0.350 | p_dac=0.000 p_pa=0.049 p_shift=0.122 p_cfo=0.122 p_awgn=0.140 p_mp=0.063 | max_shift=11 cfo_max=0.00014 pn_max=0.0021
------------------------------------------------------------------------------------------------------------------------------------
[LOSS-CORE] total=4.3166 cls=1.3567 dom=0.5255 adv=2.6185 orth=0.0026 cons=0.1790 group_ce=2.3697
[LOSS-AUX]  cls_pa=1.1557 cls_dac=0.0000 pa_joint_inv=0.2111 pa_kl=0.9747 dac_reg=0.0000 pa_reg=0.0144 gap_dac=0.0000 gap_pa=0.2858 cos_joint_pa=0.7889 cos_imp_pa=nan
[LOSS-SAT]  cls_sat=9.1029 sat_cons=0.7090 sat_cos=0.2910
[LOSS-DG]   proto=0.0000 proto_cos=nan supcon=0.0000 fishr=0.0014 sgc_res=0.0000
[LOSS-CAL]  ecc=0.0000 ecc_w=0.0000 ecc_tau=0.9500 ecc_maxp=nan
[TRAIN] tx=89.17% dom=80.59% cons_cos=0.8210
[GRAD]  total=4.312 backbone=1.000 aux=0.750 domain=0.475
[VAL]   tx=98.88% dom=93.75%
[TEST]  overall_tx=89.97% (183548/204000)
[TEST-SPLIT]
          unseen_day_seen_rx(days=['2021_03_15', '2021_03_23'], rxs=[0, 1, 2, 3, 4, 5, 6]): tx=93.81% (78801/84000)
          seen_day_unseen_rx(days=['2021_03_01', '2021_03_08'], rxs=[7, 8, 9, 10, 11]): tx=89.47% (53685/60000)
          unseen_day_unseen_rx(days=['2021_03_15', '2021_03_23'], rxs=[7, 8, 9, 10, 11]): tx=85.10% (51062/60000)
          day=2021_03_15 on seen_rxs=[0, 1, 2, 3, 4, 5, 6]: tx=95.44% (40085/42000)
          day=2021_03_23 on seen_rxs=[0, 1, 2, 3, 4, 5, 6]: tx=92.18% (38716/42000)
          rx=7 on seen_days=['2021_03_01', '2021_03_08']: tx=86.04% (10325/12000)
          rx=8 on seen_days=['2021_03_01', '2021_03_08']: tx=83.38% (10005/12000)
          rx=9 on seen_days=['2021_03_01', '2021_03_08']: tx=90.73% (10888/12000)
          rx=10 on seen_days=['2021_03_01', '2021_03_08']: tx=93.36% (11203/12000)
          rx=11 on seen_days=['2021_03_01', '2021_03_08']: tx=93.87% (11264/12000)
[BEST-JOINT]  val_tx=99.00% & test_tx=90.31% @ E111
[CKPT]  latest -> finalist_runs/D4_domain_no_pa_no_stats_seed1337/latest_model.pth (saved) | best -> finalist_runs/D4_domain_no_pa_no_stats_seed1337/best_model_val.pth
====================================================================================================================================
[SAT-TEST] scenario=clear_leo selected=test_unseen_day_unseen_rx overall_tx=45.01% strict_udu=45.01% (27008/60000)
[SAT-TEST] scenario=low_elev_leo selected=test_unseen_day_unseen_rx overall_tx=45.09% strict_udu=45.09% (27053/60000)
[SAT-TEST] scenario=rain_leo selected=test_unseen_day_unseen_rx overall_tx=42.76% strict_udu=42.76% (25656/60000)
[SAT-TEST] scenario=storm_mp selected=test_unseen_day_unseen_rx overall_tx=38.61% strict_udu=38.61% (23168/60000)
[SAT-TEST] scenario=mixed_orbit selected=test_unseen_day_unseen_rx overall_tx=41.92% strict_udu=41.92% (25151/60000)
[BEST-TEST] overall=90.75% @ E101 -> finalist_runs/D4_domain_no_pa_no_stats_seed1337/best_model_test_overall.pth | unseen_day_unseen_rx=85.99% @ E101 -> finalist_runs/D4_domain_no_pa_no_stats_seed1337/best_model_strict_udu.pth | unseen_day_seen_rx=94.48% @ E106 | seen_day_unseen_rx=91.00% @ E078
[BEST-PRIMARY] score=87.65 @ E101 -> finalist_runs/D4_domain_no_pa_no_stats_seed1337/best_model_primary_ood.pth | overall=90.75% strict_udu=85.99%
[BEST-WORST-RX] worst_rx=86.13% (test_rx_8) @ E101 -> finalist_runs/D4_domain_no_pa_no_stats_seed1337/best_model_worst_rx.pth
====================================================================================================================================
[Epoch 129/200] time=80.3s | lr=5.67e-05 | aux_scale=1.000
[STAGE] phase=S3_refine_aux | use_aux=1.0 cons=1.00 cls_aux=1.00 reg=1.00 joint_inv=0.30 kl=0.60 group_ce=1.00
[MIXSTYLE-EPOCH] phase=late_anneal enabled=1 p=0.096 strength=0.487 anneal_t=0.543
[AUG] scale=0.350 | p_dac=0.000 p_pa=0.049 p_shift=0.122 p_cfo=0.122 p_awgn=0.140 p_mp=0.063 | max_shift=11 cfo_max=0.00014 pn_max=0.0021
------------------------------------------------------------------------------------------------------------------------------------
[LOSS-CORE] total=4.6517 cls=1.6093 dom=0.5910 adv=2.6135 orth=0.0023 cons=0.1904 group_ce=2.7389
[LOSS-AUX]  cls_pa=1.1054 cls_dac=0.0000 pa_joint_inv=0.2090 pa_kl=0.9223 dac_reg=0.0000 pa_reg=0.0144 gap_dac=0.0000 gap_pa=0.2815 cos_joint_pa=0.7910 cos_imp_pa=nan
[LOSS-SAT]  cls_sat=9.0145 sat_cons=0.6888 sat_cos=0.3112
[LOSS-DG]   proto=0.0000 proto_cos=nan supcon=0.0000 fishr=0.0016 sgc_res=0.0000
[LOSS-CAL]  ecc=0.0000 ecc_w=0.0000 ecc_tau=0.9500 ecc_maxp=nan
[TRAIN] tx=86.88% dom=78.66% cons_cos=0.8096
[GRAD]  total=4.552 backbone=1.000 aux=0.750 domain=0.472
[VAL]   tx=98.78% dom=94.03%
[TEST]  overall_tx=89.12% (181802/204000)
[TEST-SPLIT]
          unseen_day_seen_rx(days=['2021_03_15', '2021_03_23'], rxs=[0, 1, 2, 3, 4, 5, 6]): tx=93.03% (78148/84000)
          seen_day_unseen_rx(days=['2021_03_01', '2021_03_08'], rxs=[7, 8, 9, 10, 11]): tx=88.57% (53141/60000)
          unseen_day_unseen_rx(days=['2021_03_15', '2021_03_23'], rxs=[7, 8, 9, 10, 11]): tx=84.19% (50513/60000)
          day=2021_03_15 on seen_rxs=[0, 1, 2, 3, 4, 5, 6]: tx=94.82% (39826/42000)
          day=2021_03_23 on seen_rxs=[0, 1, 2, 3, 4, 5, 6]: tx=91.24% (38322/42000)
          rx=7 on seen_days=['2021_03_01', '2021_03_08']: tx=84.40% (10128/12000)
          rx=8 on seen_days=['2021_03_01', '2021_03_08']: tx=83.06% (9967/12000)
          rx=9 on seen_days=['2021_03_01', '2021_03_08']: tx=89.90% (10788/12000)
          rx=10 on seen_days=['2021_03_01', '2021_03_08']: tx=93.06% (11167/12000)
          rx=11 on seen_days=['2021_03_01', '2021_03_08']: tx=92.42% (11091/12000)
[BEST-JOINT]  val_tx=99.00% & test_tx=90.31% @ E111
[CKPT]  latest -> finalist_runs/D4_domain_no_pa_no_stats_seed1337/latest_model.pth (saved) | best -> finalist_runs/D4_domain_no_pa_no_stats_seed1337/best_model_val.pth
====================================================================================================================================
[SAT-TEST] scenario=clear_leo selected=test_unseen_day_unseen_rx overall_tx=45.66% strict_udu=45.66% (27394/60000)
[SAT-TEST] scenario=low_elev_leo selected=test_unseen_day_unseen_rx overall_tx=46.48% strict_udu=46.48% (27889/60000)
[SAT-TEST] scenario=rain_leo selected=test_unseen_day_unseen_rx overall_tx=43.85% strict_udu=43.85% (26312/60000)
[SAT-TEST] scenario=storm_mp selected=test_unseen_day_unseen_rx overall_tx=39.17% strict_udu=39.17% (23502/60000)
[SAT-TEST] scenario=mixed_orbit selected=test_unseen_day_unseen_rx overall_tx=41.50% strict_udu=41.50% (24898/60000)
[BEST-TEST] overall=90.75% @ E101 -> finalist_runs/D4_domain_no_pa_no_stats_seed1337/best_model_test_overall.pth | unseen_day_unseen_rx=85.99% @ E101 -> finalist_runs/D4_domain_no_pa_no_stats_seed1337/best_model_strict_udu.pth | unseen_day_seen_rx=94.48% @ E106 | seen_day_unseen_rx=91.00% @ E078
[BEST-PRIMARY] score=87.65 @ E101 -> finalist_runs/D4_domain_no_pa_no_stats_seed1337/best_model_primary_ood.pth | overall=90.75% strict_udu=85.99%
[BEST-WORST-RX] worst_rx=86.13% (test_rx_8) @ E101 -> finalist_runs/D4_domain_no_pa_no_stats_seed1337/best_model_worst_rx.pth
====================================================================================================================================
[Epoch 130/200] time=80.0s | lr=5.53e-05 | aux_scale=1.000
[STAGE] phase=S3_refine_aux | use_aux=1.0 cons=1.00 cls_aux=1.00 reg=1.00 joint_inv=0.30 kl=0.60 group_ce=1.00
[MIXSTYLE-EPOCH] phase=late_anneal enabled=1 p=0.093 strength=0.479 anneal_t=0.571
[AUG] scale=0.350 | p_dac=0.000 p_pa=0.049 p_shift=0.122 p_cfo=0.122 p_awgn=0.140 p_mp=0.063 | max_shift=11 cfo_max=0.00014 pn_max=0.0021
------------------------------------------------------------------------------------------------------------------------------------
[LOSS-CORE] total=4.1841 cls=1.2776 dom=0.4993 adv=2.6190 orth=0.0025 cons=0.1693 group_ce=2.2052
[LOSS-AUX]  cls_pa=1.1015 cls_dac=0.0000 pa_joint_inv=0.2082 pa_kl=0.9255 dac_reg=0.0000 pa_reg=0.0144 gap_dac=0.0000 gap_pa=0.2822 cos_joint_pa=0.7918 cos_imp_pa=nan
[LOSS-SAT]  cls_sat=9.1182 sat_cons=0.7085 sat_cos=0.2915
[LOSS-DG]   proto=0.0000 proto_cos=nan supcon=0.0000 fishr=0.0012 sgc_res=0.0000
[LOSS-CAL]  ecc=0.0000 ecc_w=0.0000 ecc_tau=0.9500 ecc_maxp=nan
[TRAIN] tx=89.86% dom=81.69% cons_cos=0.8307
[GRAD]  total=4.920 backbone=1.000 aux=0.750 domain=0.473
[VAL]   tx=98.81% dom=93.82%
[TEST]  overall_tx=89.34% (182257/204000)
[TEST-SPLIT]
          unseen_day_seen_rx(days=['2021_03_15', '2021_03_23'], rxs=[0, 1, 2, 3, 4, 5, 6]): tx=92.80% (77953/84000)
          seen_day_unseen_rx(days=['2021_03_01', '2021_03_08'], rxs=[7, 8, 9, 10, 11]): tx=89.25% (53550/60000)
          unseen_day_unseen_rx(days=['2021_03_15', '2021_03_23'], rxs=[7, 8, 9, 10, 11]): tx=84.59% (50754/60000)
          day=2021_03_15 on seen_rxs=[0, 1, 2, 3, 4, 5, 6]: tx=94.46% (39674/42000)
          day=2021_03_23 on seen_rxs=[0, 1, 2, 3, 4, 5, 6]: tx=91.14% (38279/42000)
          rx=7 on seen_days=['2021_03_01', '2021_03_08']: tx=85.58% (10269/12000)
          rx=8 on seen_days=['2021_03_01', '2021_03_08']: tx=84.30% (10116/12000)
          rx=9 on seen_days=['2021_03_01', '2021_03_08']: tx=90.17% (10821/12000)
          rx=10 on seen_days=['2021_03_01', '2021_03_08']: tx=92.87% (11144/12000)
          rx=11 on seen_days=['2021_03_01', '2021_03_08']: tx=93.33% (11200/12000)
[BEST-JOINT]  val_tx=99.00% & test_tx=90.31% @ E111
[CKPT]  latest -> finalist_runs/D4_domain_no_pa_no_stats_seed1337/latest_model.pth (saved) | best -> finalist_runs/D4_domain_no_pa_no_stats_seed1337/best_model_val.pth
====================================================================================================================================
[SAT-TEST] scenario=clear_leo selected=test_unseen_day_unseen_rx overall_tx=45.04% strict_udu=45.04% (27022/60000)
[SAT-TEST] scenario=low_elev_leo selected=test_unseen_day_unseen_rx overall_tx=45.74% strict_udu=45.74% (27442/60000)
[SAT-TEST] scenario=rain_leo selected=test_unseen_day_unseen_rx overall_tx=43.44% strict_udu=43.44% (26063/60000)
[SAT-TEST] scenario=storm_mp selected=test_unseen_day_unseen_rx overall_tx=38.57% strict_udu=38.57% (23141/60000)
[SAT-TEST] scenario=mixed_orbit selected=test_unseen_day_unseen_rx overall_tx=41.65% strict_udu=41.65% (24988/60000)
[BEST-TEST] overall=90.75% @ E101 -> finalist_runs/D4_domain_no_pa_no_stats_seed1337/best_model_test_overall.pth | unseen_day_unseen_rx=85.99% @ E101 -> finalist_runs/D4_domain_no_pa_no_stats_seed1337/best_model_strict_udu.pth | unseen_day_seen_rx=94.48% @ E106 | seen_day_unseen_rx=91.00% @ E078
[BEST-PRIMARY] score=87.65 @ E101 -> finalist_runs/D4_domain_no_pa_no_stats_seed1337/best_model_primary_ood.pth | overall=90.75% strict_udu=85.99%
[BEST-WORST-RX] worst_rx=86.13% (test_rx_8) @ E101 -> finalist_runs/D4_domain_no_pa_no_stats_seed1337/best_model_worst_rx.pth
====================================================================================================================================
[Epoch 131/200] time=80.1s | lr=5.39e-05 | aux_scale=1.000
[STAGE] phase=S3_refine_aux | use_aux=1.0 cons=1.00 cls_aux=1.00 reg=1.00 joint_inv=0.30 kl=0.60 group_ce=1.00
[MIXSTYLE-EPOCH] phase=late_anneal enabled=1 p=0.090 strength=0.470 anneal_t=0.600
[AUG] scale=0.350 | p_dac=0.000 p_pa=0.049 p_shift=0.122 p_cfo=0.122 p_awgn=0.140 p_mp=0.063 | max_shift=11 cfo_max=0.00014 pn_max=0.0021
------------------------------------------------------------------------------------------------------------------------------------
[LOSS-CORE] total=4.3966 cls=1.4208 dom=0.5358 adv=2.6225 orth=0.0029 cons=0.1720 group_ce=2.3617
[LOSS-AUX]  cls_pa=1.1762 cls_dac=0.0000 pa_joint_inv=0.2127 pa_kl=0.9943 dac_reg=0.0000 pa_reg=0.0142 gap_dac=0.0000 gap_pa=0.2804 cos_joint_pa=0.7873 cos_imp_pa=nan
[LOSS-SAT]  cls_sat=9.1169 sat_cons=0.6996 sat_cos=0.3004
[LOSS-DG]   proto=0.0000 proto_cos=nan supcon=0.0000 fishr=0.0013 sgc_res=0.0000
[LOSS-CAL]  ecc=0.0000 ecc_w=0.0000 ecc_tau=0.9500 ecc_maxp=nan
[TRAIN] tx=88.60% dom=80.82% cons_cos=0.8280
[GRAD]  total=4.208 backbone=1.000 aux=0.750 domain=0.478
[VAL]   tx=98.95% dom=93.76%
[TEST]  overall_tx=89.57% (182727/204000)
[TEST-SPLIT]
          unseen_day_seen_rx(days=['2021_03_15', '2021_03_23'], rxs=[0, 1, 2, 3, 4, 5, 6]): tx=93.52% (78556/84000)
          seen_day_unseen_rx(days=['2021_03_01', '2021_03_08'], rxs=[7, 8, 9, 10, 11]): tx=89.09% (53452/60000)
          unseen_day_unseen_rx(days=['2021_03_15', '2021_03_23'], rxs=[7, 8, 9, 10, 11]): tx=84.53% (50719/60000)
          day=2021_03_15 on seen_rxs=[0, 1, 2, 3, 4, 5, 6]: tx=94.26% (39589/42000)
          day=2021_03_23 on seen_rxs=[0, 1, 2, 3, 4, 5, 6]: tx=92.78% (38967/42000)
          rx=7 on seen_days=['2021_03_01', '2021_03_08']: tx=85.03% (10204/12000)
          rx=8 on seen_days=['2021_03_01', '2021_03_08']: tx=83.43% (10012/12000)
          rx=9 on seen_days=['2021_03_01', '2021_03_08']: tx=90.17% (10821/12000)
          rx=10 on seen_days=['2021_03_01', '2021_03_08']: tx=93.18% (11182/12000)
          rx=11 on seen_days=['2021_03_01', '2021_03_08']: tx=93.61% (11233/12000)
[BEST-JOINT]  val_tx=99.00% & test_tx=90.31% @ E111
[CKPT]  latest -> finalist_runs/D4_domain_no_pa_no_stats_seed1337/latest_model.pth (saved) | best -> finalist_runs/D4_domain_no_pa_no_stats_seed1337/best_model_val.pth
====================================================================================================================================
[SAT-TEST] scenario=clear_leo selected=test_unseen_day_unseen_rx overall_tx=44.50% strict_udu=44.50% (26700/60000)
[SAT-TEST] scenario=low_elev_leo selected=test_unseen_day_unseen_rx overall_tx=44.67% strict_udu=44.67% (26805/60000)
[SAT-TEST] scenario=rain_leo selected=test_unseen_day_unseen_rx overall_tx=42.45% strict_udu=42.45% (25468/60000)
[SAT-TEST] scenario=storm_mp selected=test_unseen_day_unseen_rx overall_tx=38.71% strict_udu=38.71% (23226/60000)
[SAT-TEST] scenario=mixed_orbit selected=test_unseen_day_unseen_rx overall_tx=41.16% strict_udu=41.16% (24693/60000)
[BEST-TEST] overall=90.75% @ E101 -> finalist_runs/D4_domain_no_pa_no_stats_seed1337/best_model_test_overall.pth | unseen_day_unseen_rx=85.99% @ E101 -> finalist_runs/D4_domain_no_pa_no_stats_seed1337/best_model_strict_udu.pth | unseen_day_seen_rx=94.48% @ E106 | seen_day_unseen_rx=91.00% @ E078
[BEST-PRIMARY] score=87.65 @ E101 -> finalist_runs/D4_domain_no_pa_no_stats_seed1337/best_model_primary_ood.pth | overall=90.75% strict_udu=85.99%
[BEST-WORST-RX] worst_rx=86.13% (test_rx_8) @ E101 -> finalist_runs/D4_domain_no_pa_no_stats_seed1337/best_model_worst_rx.pth
====================================================================================================================================
[Epoch 132/200] time=78.8s | lr=5.26e-05 | aux_scale=1.000
[STAGE] phase=S3_refine_aux | use_aux=1.0 cons=1.00 cls_aux=1.00 reg=1.00 joint_inv=0.30 kl=0.60 group_ce=1.00
[MIXSTYLE-EPOCH] phase=late_anneal enabled=1 p=0.087 strength=0.461 anneal_t=0.629
[AUG] scale=0.350 | p_dac=0.000 p_pa=0.049 p_shift=0.122 p_cfo=0.122 p_awgn=0.140 p_mp=0.063 | max_shift=11 cfo_max=0.00014 pn_max=0.0021
------------------------------------------------------------------------------------------------------------------------------------
[LOSS-CORE] total=4.5772 cls=1.5666 dom=0.5837 adv=2.6211 orth=0.0027 cons=0.1773 group_ce=2.5508
[LOSS-AUX]  cls_pa=1.0309 cls_dac=0.0000 pa_joint_inv=0.2054 pa_kl=0.8511 dac_reg=0.0000 pa_reg=0.0144 gap_dac=0.0000 gap_pa=0.2846 cos_joint_pa=0.7946 cos_imp_pa=nan
[LOSS-SAT]  cls_sat=9.1103 sat_cons=0.6923 sat_cos=0.3077
[LOSS-DG]   proto=0.0000 proto_cos=nan supcon=0.0000 fishr=0.0015 sgc_res=0.0000
[LOSS-CAL]  ecc=0.0000 ecc_w=0.0000 ecc_tau=0.9500 ecc_maxp=nan
[TRAIN] tx=87.15% dom=79.04% cons_cos=0.8227
[GRAD]  total=4.458 backbone=1.000 aux=0.750 domain=0.474
[VAL]   tx=98.94% dom=93.91%
[TEST]  overall_tx=89.27% (182103/204000)
[TEST-SPLIT]
          unseen_day_seen_rx(days=['2021_03_15', '2021_03_23'], rxs=[0, 1, 2, 3, 4, 5, 6]): tx=92.91% (78046/84000)
          seen_day_unseen_rx(days=['2021_03_01', '2021_03_08'], rxs=[7, 8, 9, 10, 11]): tx=88.84% (53304/60000)
          unseen_day_unseen_rx(days=['2021_03_15', '2021_03_23'], rxs=[7, 8, 9, 10, 11]): tx=84.59% (50753/60000)
          day=2021_03_15 on seen_rxs=[0, 1, 2, 3, 4, 5, 6]: tx=94.88% (39850/42000)
          day=2021_03_23 on seen_rxs=[0, 1, 2, 3, 4, 5, 6]: tx=90.94% (38196/42000)
          rx=7 on seen_days=['2021_03_01', '2021_03_08']: tx=81.73% (9808/12000)
          rx=8 on seen_days=['2021_03_01', '2021_03_08']: tx=84.14% (10097/12000)
          rx=9 on seen_days=['2021_03_01', '2021_03_08']: tx=90.78% (10893/12000)
          rx=10 on seen_days=['2021_03_01', '2021_03_08']: tx=92.42% (11090/12000)
          rx=11 on seen_days=['2021_03_01', '2021_03_08']: tx=95.13% (11416/12000)
[BEST-JOINT]  val_tx=99.00% & test_tx=90.31% @ E111
[CKPT]  latest -> finalist_runs/D4_domain_no_pa_no_stats_seed1337/latest_model.pth (saved) | best -> finalist_runs/D4_domain_no_pa_no_stats_seed1337/best_model_val.pth
====================================================================================================================================
[SAT-TEST] scenario=clear_leo selected=test_unseen_day_unseen_rx overall_tx=44.99% strict_udu=44.99% (26994/60000)
[SAT-TEST] scenario=low_elev_leo selected=test_unseen_day_unseen_rx overall_tx=46.20% strict_udu=46.20% (27717/60000)
[SAT-TEST] scenario=rain_leo selected=test_unseen_day_unseen_rx overall_tx=43.41% strict_udu=43.41% (26047/60000)
[SAT-TEST] scenario=storm_mp selected=test_unseen_day_unseen_rx overall_tx=39.02% strict_udu=39.02% (23411/60000)
[SAT-TEST] scenario=mixed_orbit selected=test_unseen_day_unseen_rx overall_tx=41.34% strict_udu=41.34% (24804/60000)
[BEST-TEST] overall=90.75% @ E101 -> finalist_runs/D4_domain_no_pa_no_stats_seed1337/best_model_test_overall.pth | unseen_day_unseen_rx=85.99% @ E101 -> finalist_runs/D4_domain_no_pa_no_stats_seed1337/best_model_strict_udu.pth | unseen_day_seen_rx=94.48% @ E106 | seen_day_unseen_rx=91.00% @ E078
[BEST-PRIMARY] score=87.65 @ E101 -> finalist_runs/D4_domain_no_pa_no_stats_seed1337/best_model_primary_ood.pth | overall=90.75% strict_udu=85.99%
[BEST-WORST-RX] worst_rx=86.13% (test_rx_8) @ E101 -> finalist_runs/D4_domain_no_pa_no_stats_seed1337/best_model_worst_rx.pth
====================================================================================================================================
[Epoch 133/200] time=78.0s | lr=5.12e-05 | aux_scale=1.000
[STAGE] phase=S3_refine_aux | use_aux=1.0 cons=1.00 cls_aux=1.00 reg=1.00 joint_inv=0.30 kl=0.60 group_ce=1.00
[MIXSTYLE-EPOCH] phase=late_anneal enabled=1 p=0.084 strength=0.453 anneal_t=0.657
[AUG] scale=0.350 | p_dac=0.000 p_pa=0.049 p_shift=0.122 p_cfo=0.122 p_awgn=0.140 p_mp=0.063 | max_shift=11 cfo_max=0.00014 pn_max=0.0021
------------------------------------------------------------------------------------------------------------------------------------
[LOSS-CORE] total=4.2374 cls=1.3324 dom=0.4943 adv=2.6224 orth=0.0032 cons=0.1585 group_ce=2.1562
[LOSS-AUX]  cls_pa=1.1519 cls_dac=0.0000 pa_joint_inv=0.2141 pa_kl=0.9734 dac_reg=0.0000 pa_reg=0.0143 gap_dac=0.0000 gap_pa=0.2835 cos_joint_pa=0.7859 cos_imp_pa=nan
[LOSS-SAT]  cls_sat=9.0804 sat_cons=0.7059 sat_cos=0.2941
[LOSS-DG]   proto=0.0000 proto_cos=nan supcon=0.0000 fishr=0.0011 sgc_res=0.0000
[LOSS-CAL]  ecc=0.0000 ecc_w=0.0000 ecc_tau=0.9500 ecc_maxp=nan
[TRAIN] tx=89.34% dom=81.78% cons_cos=0.8415
[GRAD]  total=4.655 backbone=1.000 aux=0.750 domain=0.472
[VAL]   tx=98.85% dom=94.03%
[TEST]  overall_tx=90.09% (183780/204000)
[TEST-SPLIT]
          unseen_day_seen_rx(days=['2021_03_15', '2021_03_23'], rxs=[0, 1, 2, 3, 4, 5, 6]): tx=93.71% (78718/84000)
          seen_day_unseen_rx(days=['2021_03_01', '2021_03_08'], rxs=[7, 8, 9, 10, 11]): tx=89.86% (53919/60000)
          unseen_day_unseen_rx(days=['2021_03_15', '2021_03_23'], rxs=[7, 8, 9, 10, 11]): tx=85.24% (51143/60000)
          day=2021_03_15 on seen_rxs=[0, 1, 2, 3, 4, 5, 6]: tx=95.75% (40214/42000)
          day=2021_03_23 on seen_rxs=[0, 1, 2, 3, 4, 5, 6]: tx=91.68% (38504/42000)
          rx=7 on seen_days=['2021_03_01', '2021_03_08']: tx=85.72% (10286/12000)
          rx=8 on seen_days=['2021_03_01', '2021_03_08']: tx=84.79% (10175/12000)
          rx=9 on seen_days=['2021_03_01', '2021_03_08']: tx=90.92% (10910/12000)
          rx=10 on seen_days=['2021_03_01', '2021_03_08']: tx=93.50% (11220/12000)
          rx=11 on seen_days=['2021_03_01', '2021_03_08']: tx=94.40% (11328/12000)
[BEST-JOINT]  val_tx=99.00% & test_tx=90.31% @ E111
[CKPT]  latest -> finalist_runs/D4_domain_no_pa_no_stats_seed1337/latest_model.pth (saved) | best -> finalist_runs/D4_domain_no_pa_no_stats_seed1337/best_model_val.pth
====================================================================================================================================
[SAT-TEST] scenario=clear_leo selected=test_unseen_day_unseen_rx overall_tx=46.38% strict_udu=46.38% (27831/60000)
[SAT-TEST] scenario=low_elev_leo selected=test_unseen_day_unseen_rx overall_tx=46.63% strict_udu=46.63% (27978/60000)
[SAT-TEST] scenario=rain_leo selected=test_unseen_day_unseen_rx overall_tx=44.11% strict_udu=44.11% (26468/60000)
[SAT-TEST] scenario=storm_mp selected=test_unseen_day_unseen_rx overall_tx=39.08% strict_udu=39.08% (23447/60000)
[SAT-TEST] scenario=mixed_orbit selected=test_unseen_day_unseen_rx overall_tx=42.51% strict_udu=42.51% (25504/60000)
[BEST-TEST] overall=90.75% @ E101 -> finalist_runs/D4_domain_no_pa_no_stats_seed1337/best_model_test_overall.pth | unseen_day_unseen_rx=85.99% @ E101 -> finalist_runs/D4_domain_no_pa_no_stats_seed1337/best_model_strict_udu.pth | unseen_day_seen_rx=94.48% @ E106 | seen_day_unseen_rx=91.00% @ E078
[BEST-PRIMARY] score=87.65 @ E101 -> finalist_runs/D4_domain_no_pa_no_stats_seed1337/best_model_primary_ood.pth | overall=90.75% strict_udu=85.99%
[BEST-WORST-RX] worst_rx=86.13% (test_rx_8) @ E101 -> finalist_runs/D4_domain_no_pa_no_stats_seed1337/best_model_worst_rx.pth
====================================================================================================================================
[Epoch 134/200] time=78.4s | lr=4.99e-05 | aux_scale=1.000
[STAGE] phase=S3_refine_aux | use_aux=1.0 cons=1.00 cls_aux=1.00 reg=1.00 joint_inv=0.30 kl=0.60 group_ce=1.00
[MIXSTYLE-EPOCH] phase=late_anneal enabled=1 p=0.081 strength=0.444 anneal_t=0.686
[AUG] scale=0.350 | p_dac=0.000 p_pa=0.049 p_shift=0.122 p_cfo=0.122 p_awgn=0.140 p_mp=0.063 | max_shift=11 cfo_max=0.00014 pn_max=0.0021
------------------------------------------------------------------------------------------------------------------------------------
[LOSS-CORE] total=4.6454 cls=1.6018 dom=0.5899 adv=2.6147 orth=0.0025 cons=0.1938 group_ce=2.7458
[LOSS-AUX]  cls_pa=1.0932 cls_dac=0.0000 pa_joint_inv=0.2079 pa_kl=0.9157 dac_reg=0.0000 pa_reg=0.0146 gap_dac=0.0000 gap_pa=0.2722 cos_joint_pa=0.7921 cos_imp_pa=nan
[LOSS-SAT]  cls_sat=9.0537 sat_cons=0.6914 sat_cos=0.3086
[LOSS-DG]   proto=0.0000 proto_cos=nan supcon=0.0000 fishr=0.0017 sgc_res=0.0000
[LOSS-CAL]  ecc=0.0000 ecc_w=0.0000 ecc_tau=0.9500 ecc_maxp=nan
[TRAIN] tx=87.08% dom=78.61% cons_cos=0.8062
[GRAD]  total=4.570 backbone=1.000 aux=0.750 domain=0.472
[VAL]   tx=98.95% dom=93.66%
[TEST]  overall_tx=88.87% (181304/204000)
[TEST-SPLIT]
          unseen_day_seen_rx(days=['2021_03_15', '2021_03_23'], rxs=[0, 1, 2, 3, 4, 5, 6]): tx=93.54% (78573/84000)
          seen_day_unseen_rx(days=['2021_03_01', '2021_03_08'], rxs=[7, 8, 9, 10, 11]): tx=88.30% (52980/60000)
          unseen_day_unseen_rx(days=['2021_03_15', '2021_03_23'], rxs=[7, 8, 9, 10, 11]): tx=82.92% (49751/60000)
          day=2021_03_15 on seen_rxs=[0, 1, 2, 3, 4, 5, 6]: tx=94.59% (39728/42000)
          day=2021_03_23 on seen_rxs=[0, 1, 2, 3, 4, 5, 6]: tx=92.49% (38845/42000)
          rx=7 on seen_days=['2021_03_01', '2021_03_08']: tx=84.58% (10149/12000)
          rx=8 on seen_days=['2021_03_01', '2021_03_08']: tx=81.00% (9720/12000)
          rx=9 on seen_days=['2021_03_01', '2021_03_08']: tx=91.22% (10947/12000)
          rx=10 on seen_days=['2021_03_01', '2021_03_08']: tx=93.72% (11247/12000)
          rx=11 on seen_days=['2021_03_01', '2021_03_08']: tx=90.97% (10917/12000)
[BEST-JOINT]  val_tx=99.00% & test_tx=90.31% @ E111
[CKPT]  latest -> finalist_runs/D4_domain_no_pa_no_stats_seed1337/latest_model.pth (saved) | best -> finalist_runs/D4_domain_no_pa_no_stats_seed1337/best_model_val.pth
====================================================================================================================================
[SAT-TEST] scenario=clear_leo selected=test_unseen_day_unseen_rx overall_tx=44.88% strict_udu=44.88% (26925/60000)
[SAT-TEST] scenario=low_elev_leo selected=test_unseen_day_unseen_rx overall_tx=45.30% strict_udu=45.30% (27179/60000)
[SAT-TEST] scenario=rain_leo selected=test_unseen_day_unseen_rx overall_tx=42.67% strict_udu=42.67% (25603/60000)
[SAT-TEST] scenario=storm_mp selected=test_unseen_day_unseen_rx overall_tx=38.67% strict_udu=38.67% (23201/60000)
[SAT-TEST] scenario=mixed_orbit selected=test_unseen_day_unseen_rx overall_tx=40.98% strict_udu=40.98% (24586/60000)
[BEST-TEST] overall=90.75% @ E101 -> finalist_runs/D4_domain_no_pa_no_stats_seed1337/best_model_test_overall.pth | unseen_day_unseen_rx=85.99% @ E101 -> finalist_runs/D4_domain_no_pa_no_stats_seed1337/best_model_strict_udu.pth | unseen_day_seen_rx=94.48% @ E106 | seen_day_unseen_rx=91.00% @ E078
[BEST-PRIMARY] score=87.65 @ E101 -> finalist_runs/D4_domain_no_pa_no_stats_seed1337/best_model_primary_ood.pth | overall=90.75% strict_udu=85.99%
[BEST-WORST-RX] worst_rx=86.13% (test_rx_8) @ E101 -> finalist_runs/D4_domain_no_pa_no_stats_seed1337/best_model_worst_rx.pth
====================================================================================================================================
[Epoch 135/200] time=77.7s | lr=4.85e-05 | aux_scale=1.000
[STAGE] phase=S3_refine_aux | use_aux=1.0 cons=1.00 cls_aux=1.00 reg=1.00 joint_inv=0.30 kl=0.60 group_ce=1.00
[MIXSTYLE-EPOCH] phase=late_anneal enabled=1 p=0.079 strength=0.436 anneal_t=0.714
[AUG] scale=0.350 | p_dac=0.000 p_pa=0.049 p_shift=0.122 p_cfo=0.122 p_awgn=0.140 p_mp=0.063 | max_shift=11 cfo_max=0.00014 pn_max=0.0021
------------------------------------------------------------------------------------------------------------------------------------
[LOSS-CORE] total=4.6213 cls=1.5774 dom=0.5886 adv=2.6173 orth=0.0024 cons=0.1820 group_ce=2.6688
[LOSS-AUX]  cls_pa=1.1422 cls_dac=0.0000 pa_joint_inv=0.2095 pa_kl=0.9616 dac_reg=0.0000 pa_reg=0.0143 gap_dac=0.0000 gap_pa=0.2814 cos_joint_pa=0.7905 cos_imp_pa=nan
[LOSS-SAT]  cls_sat=9.0407 sat_cons=0.6890 sat_cos=0.3110
[LOSS-DG]   proto=0.0000 proto_cos=nan supcon=0.0000 fishr=0.0016 sgc_res=0.0000
[LOSS-CAL]  ecc=0.0000 ecc_w=0.0000 ecc_tau=0.9500 ecc_maxp=nan
[TRAIN] tx=87.47% dom=78.53% cons_cos=0.8180
[GRAD]  total=4.970 backbone=1.000 aux=0.750 domain=0.475
[VAL]   tx=98.89% dom=94.04%
[TEST]  overall_tx=89.99% (183586/204000)
[TEST-SPLIT]
          unseen_day_seen_rx(days=['2021_03_15', '2021_03_23'], rxs=[0, 1, 2, 3, 4, 5, 6]): tx=93.79% (78784/84000)
          seen_day_unseen_rx(days=['2021_03_01', '2021_03_08'], rxs=[7, 8, 9, 10, 11]): tx=89.78% (53869/60000)
          unseen_day_unseen_rx(days=['2021_03_15', '2021_03_23'], rxs=[7, 8, 9, 10, 11]): tx=84.89% (50933/60000)
          day=2021_03_15 on seen_rxs=[0, 1, 2, 3, 4, 5, 6]: tx=95.29% (40022/42000)
          day=2021_03_23 on seen_rxs=[0, 1, 2, 3, 4, 5, 6]: tx=92.29% (38762/42000)
          rx=7 on seen_days=['2021_03_01', '2021_03_08']: tx=85.73% (10288/12000)
          rx=8 on seen_days=['2021_03_01', '2021_03_08']: tx=83.28% (9994/12000)
          rx=9 on seen_days=['2021_03_01', '2021_03_08']: tx=91.02% (10922/12000)
          rx=10 on seen_days=['2021_03_01', '2021_03_08']: tx=94.42% (11331/12000)
          rx=11 on seen_days=['2021_03_01', '2021_03_08']: tx=94.45% (11334/12000)
[BEST-JOINT]  val_tx=99.00% & test_tx=90.31% @ E111
[CKPT]  latest -> finalist_runs/D4_domain_no_pa_no_stats_seed1337/latest_model.pth (saved) | best -> finalist_runs/D4_domain_no_pa_no_stats_seed1337/best_model_val.pth
====================================================================================================================================
[SAT-TEST] scenario=clear_leo selected=test_unseen_day_unseen_rx overall_tx=46.06% strict_udu=46.06% (27639/60000)
[SAT-TEST] scenario=low_elev_leo selected=test_unseen_day_unseen_rx overall_tx=46.56% strict_udu=46.56% (27937/60000)
[SAT-TEST] scenario=rain_leo selected=test_unseen_day_unseen_rx overall_tx=44.13% strict_udu=44.13% (26479/60000)
[SAT-TEST] scenario=storm_mp selected=test_unseen_day_unseen_rx overall_tx=39.22% strict_udu=39.22% (23530/60000)
[SAT-TEST] scenario=mixed_orbit selected=test_unseen_day_unseen_rx overall_tx=42.45% strict_udu=42.45% (25471/60000)
[BEST-TEST] overall=90.75% @ E101 -> finalist_runs/D4_domain_no_pa_no_stats_seed1337/best_model_test_overall.pth | unseen_day_unseen_rx=85.99% @ E101 -> finalist_runs/D4_domain_no_pa_no_stats_seed1337/best_model_strict_udu.pth | unseen_day_seen_rx=94.48% @ E106 | seen_day_unseen_rx=91.00% @ E078
[BEST-PRIMARY] score=87.65 @ E101 -> finalist_runs/D4_domain_no_pa_no_stats_seed1337/best_model_primary_ood.pth | overall=90.75% strict_udu=85.99%
[BEST-WORST-RX] worst_rx=86.13% (test_rx_8) @ E101 -> finalist_runs/D4_domain_no_pa_no_stats_seed1337/best_model_worst_rx.pth
====================================================================================================================================
[Epoch 136/200] time=78.2s | lr=4.72e-05 | aux_scale=1.000
[STAGE] phase=S3_refine_aux_late_stable | use_aux=1.0 cons=1.00 cls_aux=1.00 reg=1.00 joint_inv=0.30 kl=0.60 group_ce=1.00
[MIXSTYLE-EPOCH] phase=late_anneal enabled=1 p=0.076 strength=0.427 anneal_t=0.743
[AUG] scale=0.350 | p_dac=0.000 p_pa=0.049 p_shift=0.122 p_cfo=0.122 p_awgn=0.140 p_mp=0.063 | max_shift=11 cfo_max=0.00014 pn_max=0.0021
------------------------------------------------------------------------------------------------------------------------------------
[LOSS-CORE] total=4.1972 cls=1.2862 dom=0.5131 adv=2.6192 orth=0.0028 cons=0.1703 group_ce=2.2358
[LOSS-AUX]  cls_pa=1.0800 cls_dac=0.0000 pa_joint_inv=0.2076 pa_kl=0.9005 dac_reg=0.0000 pa_reg=0.0145 gap_dac=0.0000 gap_pa=0.2834 cos_joint_pa=0.7924 cos_imp_pa=nan
[LOSS-SAT]  cls_sat=9.0277 sat_cons=0.6901 sat_cos=0.3099
[LOSS-DG]   proto=0.0000 proto_cos=nan supcon=0.0000 fishr=0.0012 sgc_res=0.0000
[LOSS-CAL]  ecc=0.0000 ecc_w=0.0000 ecc_tau=0.9500 ecc_maxp=nan
[TRAIN] tx=89.69% dom=80.88% cons_cos=0.8297
[GRAD]  total=4.411 backbone=1.000 aux=0.750 domain=0.462
[VAL]   tx=98.97% dom=94.12%
[TEST]  overall_tx=89.60% (182788/204000)
[TEST-SPLIT]
          unseen_day_seen_rx(days=['2021_03_15', '2021_03_23'], rxs=[0, 1, 2, 3, 4, 5, 6]): tx=93.22% (78308/84000)
          seen_day_unseen_rx(days=['2021_03_01', '2021_03_08'], rxs=[7, 8, 9, 10, 11]): tx=89.31% (53583/60000)
          unseen_day_unseen_rx(days=['2021_03_15', '2021_03_23'], rxs=[7, 8, 9, 10, 11]): tx=84.83% (50897/60000)
          day=2021_03_15 on seen_rxs=[0, 1, 2, 3, 4, 5, 6]: tx=94.76% (39801/42000)
          day=2021_03_23 on seen_rxs=[0, 1, 2, 3, 4, 5, 6]: tx=91.68% (38507/42000)
          rx=7 on seen_days=['2021_03_01', '2021_03_08']: tx=83.25% (9990/12000)
          rx=8 on seen_days=['2021_03_01', '2021_03_08']: tx=84.32% (10118/12000)
          rx=9 on seen_days=['2021_03_01', '2021_03_08']: tx=90.95% (10914/12000)
          rx=10 on seen_days=['2021_03_01', '2021_03_08']: tx=93.46% (11215/12000)
          rx=11 on seen_days=['2021_03_01', '2021_03_08']: tx=94.55% (11346/12000)
[BEST-JOINT]  val_tx=99.00% & test_tx=90.31% @ E111
[CKPT]  latest -> finalist_runs/D4_domain_no_pa_no_stats_seed1337/latest_model.pth (saved) | best -> finalist_runs/D4_domain_no_pa_no_stats_seed1337/best_model_val.pth
====================================================================================================================================
[SAT-TEST] scenario=clear_leo selected=test_unseen_day_unseen_rx overall_tx=45.66% strict_udu=45.66% (27394/60000)
[SAT-TEST] scenario=low_elev_leo selected=test_unseen_day_unseen_rx overall_tx=46.28% strict_udu=46.28% (27768/60000)
[SAT-TEST] scenario=rain_leo selected=test_unseen_day_unseen_rx overall_tx=43.72% strict_udu=43.72% (26233/60000)
[SAT-TEST] scenario=storm_mp selected=test_unseen_day_unseen_rx overall_tx=38.99% strict_udu=38.99% (23397/60000)
[SAT-TEST] scenario=mixed_orbit selected=test_unseen_day_unseen_rx overall_tx=42.10% strict_udu=42.10% (25260/60000)
[BEST-TEST] overall=90.75% @ E101 -> finalist_runs/D4_domain_no_pa_no_stats_seed1337/best_model_test_overall.pth | unseen_day_unseen_rx=85.99% @ E101 -> finalist_runs/D4_domain_no_pa_no_stats_seed1337/best_model_strict_udu.pth | unseen_day_seen_rx=94.48% @ E106 | seen_day_unseen_rx=91.00% @ E078
[BEST-PRIMARY] score=87.65 @ E101 -> finalist_runs/D4_domain_no_pa_no_stats_seed1337/best_model_primary_ood.pth | overall=90.75% strict_udu=85.99%
[BEST-WORST-RX] worst_rx=86.13% (test_rx_8) @ E101 -> finalist_runs/D4_domain_no_pa_no_stats_seed1337/best_model_worst_rx.pth
====================================================================================================================================
[Epoch 137/200] time=78.3s | lr=4.59e-05 | aux_scale=1.000
[STAGE] phase=S3_refine_aux_late_stable | use_aux=1.0 cons=0.99 cls_aux=0.99 reg=0.99 joint_inv=0.30 kl=0.60 group_ce=1.00
[MIXSTYLE-EPOCH] phase=late_anneal enabled=1 p=0.073 strength=0.419 anneal_t=0.771
[AUG] scale=0.348 | p_dac=0.000 p_pa=0.049 p_shift=0.122 p_cfo=0.122 p_awgn=0.139 p_mp=0.063 | max_shift=11 cfo_max=0.0001393 pn_max=0.00209
------------------------------------------------------------------------------------------------------------------------------------
[LOSS-CORE] total=4.3694 cls=1.4300 dom=0.5321 adv=2.6233 orth=0.0027 cons=0.1723 group_ce=2.3523
[LOSS-AUX]  cls_pa=1.0983 cls_dac=0.0000 pa_joint_inv=0.2088 pa_kl=0.9217 dac_reg=0.0000 pa_reg=0.0145 gap_dac=0.0000 gap_pa=0.2764 cos_joint_pa=0.7912 cos_imp_pa=nan
[LOSS-SAT]  cls_sat=9.0049 sat_cons=0.6971 sat_cos=0.3029
[LOSS-DG]   proto=0.0000 proto_cos=nan supcon=0.0000 fishr=0.0013 sgc_res=0.0000
[LOSS-CAL]  ecc=0.0000 ecc_w=0.0000 ecc_tau=0.9500 ecc_maxp=nan
[TRAIN] tx=88.22% dom=80.79% cons_cos=0.8277
[GRAD]  total=4.331 backbone=1.000 aux=0.750 domain=0.477
[VAL]   tx=98.84% dom=94.12%
[TEST]  overall_tx=89.09% (181742/204000)
[TEST-SPLIT]
          unseen_day_seen_rx(days=['2021_03_15', '2021_03_23'], rxs=[0, 1, 2, 3, 4, 5, 6]): tx=93.55% (78583/84000)
          seen_day_unseen_rx(days=['2021_03_01', '2021_03_08'], rxs=[7, 8, 9, 10, 11]): tx=88.13% (52877/60000)
          unseen_day_unseen_rx(days=['2021_03_15', '2021_03_23'], rxs=[7, 8, 9, 10, 11]): tx=83.80% (50282/60000)
          day=2021_03_15 on seen_rxs=[0, 1, 2, 3, 4, 5, 6]: tx=95.15% (39965/42000)
          day=2021_03_23 on seen_rxs=[0, 1, 2, 3, 4, 5, 6]: tx=91.95% (38618/42000)
          rx=7 on seen_days=['2021_03_01', '2021_03_08']: tx=84.02% (10082/12000)
          rx=8 on seen_days=['2021_03_01', '2021_03_08']: tx=83.24% (9989/12000)
          rx=9 on seen_days=['2021_03_01', '2021_03_08']: tx=89.87% (10784/12000)
          rx=10 on seen_days=['2021_03_01', '2021_03_08']: tx=94.28% (11314/12000)
          rx=11 on seen_days=['2021_03_01', '2021_03_08']: tx=89.23% (10708/12000)
[BEST-JOINT]  val_tx=99.00% & test_tx=90.31% @ E111
[CKPT]  latest -> finalist_runs/D4_domain_no_pa_no_stats_seed1337/latest_model.pth (saved) | best -> finalist_runs/D4_domain_no_pa_no_stats_seed1337/best_model_val.pth
====================================================================================================================================
[SAT-TEST] scenario=clear_leo selected=test_unseen_day_unseen_rx overall_tx=45.37% strict_udu=45.37% (27222/60000)
[SAT-TEST] scenario=low_elev_leo selected=test_unseen_day_unseen_rx overall_tx=46.16% strict_udu=46.16% (27695/60000)
[SAT-TEST] scenario=rain_leo selected=test_unseen_day_unseen_rx overall_tx=43.58% strict_udu=43.58% (26147/60000)
[SAT-TEST] scenario=storm_mp selected=test_unseen_day_unseen_rx overall_tx=38.97% strict_udu=38.97% (23381/60000)
[SAT-TEST] scenario=mixed_orbit selected=test_unseen_day_unseen_rx overall_tx=41.79% strict_udu=41.79% (25072/60000)
[BEST-TEST] overall=90.75% @ E101 -> finalist_runs/D4_domain_no_pa_no_stats_seed1337/best_model_test_overall.pth | unseen_day_unseen_rx=85.99% @ E101 -> finalist_runs/D4_domain_no_pa_no_stats_seed1337/best_model_strict_udu.pth | unseen_day_seen_rx=94.48% @ E106 | seen_day_unseen_rx=91.00% @ E078
[BEST-PRIMARY] score=87.65 @ E101 -> finalist_runs/D4_domain_no_pa_no_stats_seed1337/best_model_primary_ood.pth | overall=90.75% strict_udu=85.99%
[BEST-WORST-RX] worst_rx=86.13% (test_rx_8) @ E101 -> finalist_runs/D4_domain_no_pa_no_stats_seed1337/best_model_worst_rx.pth
====================================================================================================================================
[Epoch 138/200] time=78.3s | lr=4.46e-05 | aux_scale=1.000
[STAGE] phase=S3_refine_aux_late_stable | use_aux=1.0 cons=0.99 cls_aux=0.98 reg=0.98 joint_inv=0.29 kl=0.59 group_ce=0.99
[MIXSTYLE-EPOCH] phase=late_anneal enabled=1 p=0.070 strength=0.410 anneal_t=0.800
[AUG] scale=0.346 | p_dac=0.000 p_pa=0.048 p_shift=0.121 p_cfo=0.121 p_awgn=0.138 p_mp=0.062 | max_shift=11 cfo_max=0.0001384 pn_max=0.002076
------------------------------------------------------------------------------------------------------------------------------------
[LOSS-CORE] total=4.1646 cls=1.2668 dom=0.5031 adv=2.6190 orth=0.0026 cons=0.1736 group_ce=2.2712
[LOSS-AUX]  cls_pa=1.1080 cls_dac=0.0000 pa_joint_inv=0.2069 pa_kl=0.9303 dac_reg=0.0000 pa_reg=0.0146 gap_dac=0.0000 gap_pa=0.2767 cos_joint_pa=0.7931 cos_imp_pa=nan
[LOSS-SAT]  cls_sat=9.0611 sat_cons=0.6980 sat_cos=0.3020
[LOSS-DG]   proto=0.0000 proto_cos=nan supcon=0.0000 fishr=0.0012 sgc_res=0.0000
[LOSS-CAL]  ecc=0.0000 ecc_w=0.0000 ecc_tau=0.9500 ecc_maxp=nan
[TRAIN] tx=89.95% dom=81.42% cons_cos=0.8264
[GRAD]  total=4.702 backbone=1.000 aux=0.750 domain=0.468
[VAL]   tx=98.96% dom=93.84%
[TEST]  overall_tx=89.44% (182448/204000)
[TEST-SPLIT]
          unseen_day_seen_rx(days=['2021_03_15', '2021_03_23'], rxs=[0, 1, 2, 3, 4, 5, 6]): tx=93.55% (78581/84000)
          seen_day_unseen_rx(days=['2021_03_01', '2021_03_08'], rxs=[7, 8, 9, 10, 11]): tx=88.60% (53162/60000)
          unseen_day_unseen_rx(days=['2021_03_15', '2021_03_23'], rxs=[7, 8, 9, 10, 11]): tx=84.51% (50705/60000)
          day=2021_03_15 on seen_rxs=[0, 1, 2, 3, 4, 5, 6]: tx=94.67% (39763/42000)
          day=2021_03_23 on seen_rxs=[0, 1, 2, 3, 4, 5, 6]: tx=92.42% (38818/42000)
          rx=7 on seen_days=['2021_03_01', '2021_03_08']: tx=82.76% (9931/12000)
          rx=8 on seen_days=['2021_03_01', '2021_03_08']: tx=83.51% (10021/12000)
          rx=9 on seen_days=['2021_03_01', '2021_03_08']: tx=90.24% (10829/12000)
          rx=10 on seen_days=['2021_03_01', '2021_03_08']: tx=93.68% (11242/12000)
          rx=11 on seen_days=['2021_03_01', '2021_03_08']: tx=92.83% (11139/12000)
[BEST-JOINT]  val_tx=99.00% & test_tx=90.31% @ E111
[CKPT]  latest -> finalist_runs/D4_domain_no_pa_no_stats_seed1337/latest_model.pth (saved) | best -> finalist_runs/D4_domain_no_pa_no_stats_seed1337/best_model_val.pth
====================================================================================================================================
[SAT-TEST] scenario=clear_leo selected=test_unseen_day_unseen_rx overall_tx=44.96% strict_udu=44.96% (26976/60000)
[SAT-TEST] scenario=low_elev_leo selected=test_unseen_day_unseen_rx overall_tx=45.79% strict_udu=45.79% (27474/60000)
[SAT-TEST] scenario=rain_leo selected=test_unseen_day_unseen_rx overall_tx=42.98% strict_udu=42.98% (25791/60000)
[SAT-TEST] scenario=storm_mp selected=test_unseen_day_unseen_rx overall_tx=38.91% strict_udu=38.91% (23345/60000)
[SAT-TEST] scenario=mixed_orbit selected=test_unseen_day_unseen_rx overall_tx=41.38% strict_udu=41.38% (24830/60000)
[BEST-TEST] overall=90.75% @ E101 -> finalist_runs/D4_domain_no_pa_no_stats_seed1337/best_model_test_overall.pth | unseen_day_unseen_rx=85.99% @ E101 -> finalist_runs/D4_domain_no_pa_no_stats_seed1337/best_model_strict_udu.pth | unseen_day_seen_rx=94.48% @ E106 | seen_day_unseen_rx=91.00% @ E078
[BEST-PRIMARY] score=87.65 @ E101 -> finalist_runs/D4_domain_no_pa_no_stats_seed1337/best_model_primary_ood.pth | overall=90.75% strict_udu=85.99%
[BEST-WORST-RX] worst_rx=86.13% (test_rx_8) @ E101 -> finalist_runs/D4_domain_no_pa_no_stats_seed1337/best_model_worst_rx.pth
====================================================================================================================================
[Epoch 139/200] time=78.3s | lr=4.33e-05 | aux_scale=1.000
[STAGE] phase=S3_refine_aux_late_stable | use_aux=1.0 cons=0.98 cls_aux=0.97 reg=0.97 joint_inv=0.29 kl=0.58 group_ce=0.99
[MIXSTYLE-EPOCH] phase=late_anneal enabled=1 p=0.067 strength=0.401 anneal_t=0.829
[AUG] scale=0.343 | p_dac=0.000 p_pa=0.048 p_shift=0.120 p_cfo=0.120 p_awgn=0.137 p_mp=0.062 | max_shift=11 cfo_max=0.0001373 pn_max=0.00206
------------------------------------------------------------------------------------------------------------------------------------
[LOSS-CORE] total=4.5205 cls=1.5559 dom=0.5523 adv=2.6148 orth=0.0027 cons=0.1843 group_ce=2.6149
[LOSS-AUX]  cls_pa=1.0516 cls_dac=0.0000 pa_joint_inv=0.2047 pa_kl=0.8735 dac_reg=0.0000 pa_reg=0.0144 gap_dac=0.0000 gap_pa=0.2822 cos_joint_pa=0.7953 cos_imp_pa=nan
[LOSS-SAT]  cls_sat=9.1420 sat_cons=0.7008 sat_cos=0.2992
[LOSS-DG]   proto=0.0000 proto_cos=nan supcon=0.0000 fishr=0.0015 sgc_res=0.0000
[LOSS-CAL]  ecc=0.0000 ecc_w=0.0000 ecc_tau=0.9500 ecc_maxp=nan
[TRAIN] tx=87.26% dom=79.75% cons_cos=0.8157
[GRAD]  total=4.587 backbone=1.000 aux=0.750 domain=0.459
[VAL]   tx=98.95% dom=94.18%
[TEST]  overall_tx=90.00% (183602/204000)
[TEST-SPLIT]
          unseen_day_seen_rx(days=['2021_03_15', '2021_03_23'], rxs=[0, 1, 2, 3, 4, 5, 6]): tx=93.89% (78866/84000)
          seen_day_unseen_rx(days=['2021_03_01', '2021_03_08'], rxs=[7, 8, 9, 10, 11]): tx=89.60% (53761/60000)
          unseen_day_unseen_rx(days=['2021_03_15', '2021_03_23'], rxs=[7, 8, 9, 10, 11]): tx=84.96% (50975/60000)
          day=2021_03_15 on seen_rxs=[0, 1, 2, 3, 4, 5, 6]: tx=95.16% (39967/42000)
          day=2021_03_23 on seen_rxs=[0, 1, 2, 3, 4, 5, 6]: tx=92.62% (38899/42000)
          rx=7 on seen_days=['2021_03_01', '2021_03_08']: tx=86.20% (10344/12000)
          rx=8 on seen_days=['2021_03_01', '2021_03_08']: tx=84.28% (10114/12000)
          rx=9 on seen_days=['2021_03_01', '2021_03_08']: tx=90.35% (10842/12000)
          rx=10 on seen_days=['2021_03_01', '2021_03_08']: tx=94.09% (11291/12000)
          rx=11 on seen_days=['2021_03_01', '2021_03_08']: tx=93.08% (11170/12000)
[BEST-JOINT]  val_tx=99.00% & test_tx=90.31% @ E111
[CKPT]  latest -> finalist_runs/D4_domain_no_pa_no_stats_seed1337/latest_model.pth (saved) | best -> finalist_runs/D4_domain_no_pa_no_stats_seed1337/best_model_val.pth
====================================================================================================================================
[SAT-TEST] scenario=clear_leo selected=test_unseen_day_unseen_rx overall_tx=46.05% strict_udu=46.05% (27627/60000)
[SAT-TEST] scenario=low_elev_leo selected=test_unseen_day_unseen_rx overall_tx=46.81% strict_udu=46.81% (28087/60000)
[SAT-TEST] scenario=rain_leo selected=test_unseen_day_unseen_rx overall_tx=44.09% strict_udu=44.09% (26456/60000)
[SAT-TEST] scenario=storm_mp selected=test_unseen_day_unseen_rx overall_tx=39.31% strict_udu=39.31% (23584/60000)
[SAT-TEST] scenario=mixed_orbit selected=test_unseen_day_unseen_rx overall_tx=41.80% strict_udu=41.80% (25077/60000)
[BEST-TEST] overall=90.75% @ E101 -> finalist_runs/D4_domain_no_pa_no_stats_seed1337/best_model_test_overall.pth | unseen_day_unseen_rx=85.99% @ E101 -> finalist_runs/D4_domain_no_pa_no_stats_seed1337/best_model_strict_udu.pth | unseen_day_seen_rx=94.48% @ E106 | seen_day_unseen_rx=91.00% @ E078
[BEST-PRIMARY] score=87.65 @ E101 -> finalist_runs/D4_domain_no_pa_no_stats_seed1337/best_model_primary_ood.pth | overall=90.75% strict_udu=85.99%
[BEST-WORST-RX] worst_rx=86.13% (test_rx_8) @ E101 -> finalist_runs/D4_domain_no_pa_no_stats_seed1337/best_model_worst_rx.pth
====================================================================================================================================
[Epoch 140/200] time=80.1s | lr=4.20e-05 | aux_scale=1.000
[STAGE] phase=S3_refine_aux_late_stable | use_aux=1.0 cons=0.96 cls_aux=0.95 reg=0.95 joint_inv=0.29 kl=0.57 group_ce=0.99
[MIXSTYLE-EPOCH] phase=late_anneal enabled=1 p=0.064 strength=0.393 anneal_t=0.857
[AUG] scale=0.340 | p_dac=0.000 p_pa=0.048 p_shift=0.119 p_cfo=0.119 p_awgn=0.136 p_mp=0.061 | max_shift=11 cfo_max=0.0001362 pn_max=0.002042
------------------------------------------------------------------------------------------------------------------------------------
[LOSS-CORE] total=3.7046 cls=0.9821 dom=0.3998 adv=2.6187 orth=0.0030 cons=0.1547 group_ce=1.8018
[LOSS-AUX]  cls_pa=1.1172 cls_dac=0.0000 pa_joint_inv=0.2049 pa_kl=0.9371 dac_reg=0.0000 pa_reg=0.0148 gap_dac=0.0000 gap_pa=0.2693 cos_joint_pa=0.7951 cos_imp_pa=nan
[LOSS-SAT]  cls_sat=9.0036 sat_cons=0.7096 sat_cos=0.2904
[LOSS-DG]   proto=0.0000 proto_cos=nan supcon=0.0000 fishr=0.0009 sgc_res=0.0000
[LOSS-CAL]  ecc=0.0000 ecc_w=0.0000 ecc_tau=0.9500 ecc_maxp=nan
[TRAIN] tx=92.58% dom=85.29% cons_cos=0.8453
[GRAD]  total=4.190 backbone=1.000 aux=0.750 domain=0.459
[VAL]   tx=98.93% dom=94.26%
[TEST]  overall_tx=89.89% (183371/204000)
[TEST-SPLIT]
          unseen_day_seen_rx(days=['2021_03_15', '2021_03_23'], rxs=[0, 1, 2, 3, 4, 5, 6]): tx=93.45% (78502/84000)
          seen_day_unseen_rx(days=['2021_03_01', '2021_03_08'], rxs=[7, 8, 9, 10, 11]): tx=89.89% (53934/60000)
          unseen_day_unseen_rx(days=['2021_03_15', '2021_03_23'], rxs=[7, 8, 9, 10, 11]): tx=84.89% (50935/60000)
          day=2021_03_15 on seen_rxs=[0, 1, 2, 3, 4, 5, 6]: tx=95.32% (40034/42000)
          day=2021_03_23 on seen_rxs=[0, 1, 2, 3, 4, 5, 6]: tx=91.59% (38468/42000)
          rx=7 on seen_days=['2021_03_01', '2021_03_08']: tx=86.21% (10345/12000)
          rx=8 on seen_days=['2021_03_01', '2021_03_08']: tx=84.37% (10124/12000)
          rx=9 on seen_days=['2021_03_01', '2021_03_08']: tx=90.86% (10903/12000)
          rx=10 on seen_days=['2021_03_01', '2021_03_08']: tx=94.04% (11285/12000)
          rx=11 on seen_days=['2021_03_01', '2021_03_08']: tx=93.97% (11277/12000)
[BEST-JOINT]  val_tx=99.00% & test_tx=90.31% @ E111
[CKPT]  latest -> finalist_runs/D4_domain_no_pa_no_stats_seed1337/latest_model.pth (saved) | best -> finalist_runs/D4_domain_no_pa_no_stats_seed1337/best_model_val.pth
====================================================================================================================================
[SAT-TEST] scenario=clear_leo selected=test_unseen_day_unseen_rx overall_tx=46.01% strict_udu=46.01% (27603/60000)
[SAT-TEST] scenario=low_elev_leo selected=test_unseen_day_unseen_rx overall_tx=46.83% strict_udu=46.83% (28099/60000)
[SAT-TEST] scenario=rain_leo selected=test_unseen_day_unseen_rx overall_tx=44.33% strict_udu=44.33% (26597/60000)
[SAT-TEST] scenario=storm_mp selected=test_unseen_day_unseen_rx overall_tx=39.27% strict_udu=39.27% (23560/60000)
[SAT-TEST] scenario=mixed_orbit selected=test_unseen_day_unseen_rx overall_tx=42.06% strict_udu=42.06% (25235/60000)
[BEST-TEST] overall=90.75% @ E101 -> finalist_runs/D4_domain_no_pa_no_stats_seed1337/best_model_test_overall.pth | unseen_day_unseen_rx=85.99% @ E101 -> finalist_runs/D4_domain_no_pa_no_stats_seed1337/best_model_strict_udu.pth | unseen_day_seen_rx=94.48% @ E106 | seen_day_unseen_rx=91.00% @ E078
[BEST-PRIMARY] score=87.65 @ E101 -> finalist_runs/D4_domain_no_pa_no_stats_seed1337/best_model_primary_ood.pth | overall=90.75% strict_udu=85.99%
[BEST-WORST-RX] worst_rx=86.13% (test_rx_8) @ E101 -> finalist_runs/D4_domain_no_pa_no_stats_seed1337/best_model_worst_rx.pth
====================================================================================================================================
[Epoch 141/200] time=79.3s | lr=4.08e-05 | aux_scale=1.000
[STAGE] phase=S3_refine_aux_late_stable | use_aux=1.0 cons=0.95 cls_aux=0.94 reg=0.94 joint_inv=0.28 kl=0.56 group_ce=0.98
[MIXSTYLE-EPOCH] phase=late_anneal enabled=1 p=0.061 strength=0.384 anneal_t=0.886
[AUG] scale=0.337 | p_dac=0.000 p_pa=0.047 p_shift=0.118 p_cfo=0.118 p_awgn=0.135 p_mp=0.061 | max_shift=11 cfo_max=0.0001349 pn_max=0.002024
------------------------------------------------------------------------------------------------------------------------------------
[LOSS-CORE] total=4.4908 cls=1.5667 dom=0.5566 adv=2.6192 orth=0.0028 cons=0.1833 group_ce=2.6353
[LOSS-AUX]  cls_pa=1.0147 cls_dac=0.0000 pa_joint_inv=0.2049 pa_kl=0.8376 dac_reg=0.0000 pa_reg=0.0146 gap_dac=0.0000 gap_pa=0.2841 cos_joint_pa=0.7951 cos_imp_pa=nan
[LOSS-SAT]  cls_sat=8.9214 sat_cons=0.6901 sat_cos=0.3099
[LOSS-DG]   proto=0.0000 proto_cos=nan supcon=0.0000 fishr=0.0015 sgc_res=0.0000
[LOSS-CAL]  ecc=0.0000 ecc_w=0.0000 ecc_tau=0.9500 ecc_maxp=nan
[TRAIN] tx=87.03% dom=79.95% cons_cos=0.8167
[GRAD]  total=4.004 backbone=1.000 aux=0.750 domain=0.471
[VAL]   tx=98.88% dom=94.24%
[TEST]  overall_tx=89.69% (182976/204000)
[TEST-SPLIT]
          unseen_day_seen_rx(days=['2021_03_15', '2021_03_23'], rxs=[0, 1, 2, 3, 4, 5, 6]): tx=93.39% (78447/84000)
          seen_day_unseen_rx(days=['2021_03_01', '2021_03_08'], rxs=[7, 8, 9, 10, 11]): tx=90.07% (54044/60000)
          unseen_day_unseen_rx(days=['2021_03_15', '2021_03_23'], rxs=[7, 8, 9, 10, 11]): tx=84.14% (50485/60000)
          day=2021_03_15 on seen_rxs=[0, 1, 2, 3, 4, 5, 6]: tx=95.75% (40214/42000)
          day=2021_03_23 on seen_rxs=[0, 1, 2, 3, 4, 5, 6]: tx=91.03% (38233/42000)
          rx=7 on seen_days=['2021_03_01', '2021_03_08']: tx=85.71% (10285/12000)
          rx=8 on seen_days=['2021_03_01', '2021_03_08']: tx=84.33% (10119/12000)
          rx=9 on seen_days=['2021_03_01', '2021_03_08']: tx=91.22% (10946/12000)
          rx=10 on seen_days=['2021_03_01', '2021_03_08']: tx=94.28% (11313/12000)
          rx=11 on seen_days=['2021_03_01', '2021_03_08']: tx=94.84% (11381/12000)
[BEST-JOINT]  val_tx=99.00% & test_tx=90.31% @ E111
[CKPT]  latest -> finalist_runs/D4_domain_no_pa_no_stats_seed1337/latest_model.pth (saved) | best -> finalist_runs/D4_domain_no_pa_no_stats_seed1337/best_model_val.pth
====================================================================================================================================
[SAT-TEST] scenario=clear_leo selected=test_unseen_day_unseen_rx overall_tx=45.55% strict_udu=45.55% (27329/60000)
[SAT-TEST] scenario=low_elev_leo selected=test_unseen_day_unseen_rx overall_tx=46.12% strict_udu=46.12% (27670/60000)
[SAT-TEST] scenario=rain_leo selected=test_unseen_day_unseen_rx overall_tx=43.59% strict_udu=43.59% (26152/60000)
[SAT-TEST] scenario=storm_mp selected=test_unseen_day_unseen_rx overall_tx=38.91% strict_udu=38.91% (23346/60000)
[SAT-TEST] scenario=mixed_orbit selected=test_unseen_day_unseen_rx overall_tx=41.98% strict_udu=41.98% (25187/60000)
[BEST-TEST] overall=90.75% @ E101 -> finalist_runs/D4_domain_no_pa_no_stats_seed1337/best_model_test_overall.pth | unseen_day_unseen_rx=85.99% @ E101 -> finalist_runs/D4_domain_no_pa_no_stats_seed1337/best_model_strict_udu.pth | unseen_day_seen_rx=94.48% @ E106 | seen_day_unseen_rx=91.00% @ E078
[BEST-PRIMARY] score=87.65 @ E101 -> finalist_runs/D4_domain_no_pa_no_stats_seed1337/best_model_primary_ood.pth | overall=90.75% strict_udu=85.99%
[BEST-WORST-RX] worst_rx=86.13% (test_rx_8) @ E101 -> finalist_runs/D4_domain_no_pa_no_stats_seed1337/best_model_worst_rx.pth
====================================================================================================================================
[Epoch 142/200] time=78.7s | lr=3.95e-05 | aux_scale=1.000
[STAGE] phase=S3_refine_aux_late_stable | use_aux=1.0 cons=0.94 cls_aux=0.92 reg=0.92 joint_inv=0.28 kl=0.55 group_ce=0.98
[MIXSTYLE-EPOCH] phase=late_anneal enabled=1 p=0.059 strength=0.376 anneal_t=0.914
[AUG] scale=0.334 | p_dac=0.000 p_pa=0.047 p_shift=0.117 p_cfo=0.117 p_awgn=0.134 p_mp=0.060 | max_shift=11 cfo_max=0.0001336 pn_max=0.002004
------------------------------------------------------------------------------------------------------------------------------------
[LOSS-CORE] total=4.4224 cls=1.5013 dom=0.5671 adv=2.6163 orth=0.0028 cons=0.1800 group_ce=2.5047
[LOSS-AUX]  cls_pa=1.0541 cls_dac=0.0000 pa_joint_inv=0.2059 pa_kl=0.8846 dac_reg=0.0000 pa_reg=0.0143 gap_dac=0.0000 gap_pa=0.2837 cos_joint_pa=0.7941 cos_imp_pa=nan
[LOSS-SAT]  cls_sat=8.9942 sat_cons=0.6846 sat_cos=0.3154
[LOSS-DG]   proto=0.0000 proto_cos=nan supcon=0.0000 fishr=0.0014 sgc_res=0.0000
[LOSS-CAL]  ecc=0.0000 ecc_w=0.0000 ecc_tau=0.9500 ecc_maxp=nan
[TRAIN] tx=87.42% dom=79.80% cons_cos=0.8200
[GRAD]  total=4.754 backbone=1.000 aux=0.750 domain=0.466
[VAL]   tx=98.97% dom=94.11%
[TEST]  overall_tx=89.80% (183192/204000)
[TEST-SPLIT]
          unseen_day_seen_rx(days=['2021_03_15', '2021_03_23'], rxs=[0, 1, 2, 3, 4, 5, 6]): tx=93.58% (78603/84000)
          seen_day_unseen_rx(days=['2021_03_01', '2021_03_08'], rxs=[7, 8, 9, 10, 11]): tx=89.47% (53681/60000)
          unseen_day_unseen_rx(days=['2021_03_15', '2021_03_23'], rxs=[7, 8, 9, 10, 11]): tx=84.85% (50908/60000)
          day=2021_03_15 on seen_rxs=[0, 1, 2, 3, 4, 5, 6]: tx=94.68% (39767/42000)
          day=2021_03_23 on seen_rxs=[0, 1, 2, 3, 4, 5, 6]: tx=92.47% (38836/42000)
          rx=7 on seen_days=['2021_03_01', '2021_03_08']: tx=84.94% (10193/12000)
          rx=8 on seen_days=['2021_03_01', '2021_03_08']: tx=84.40% (10128/12000)
          rx=9 on seen_days=['2021_03_01', '2021_03_08']: tx=90.45% (10854/12000)
          rx=10 on seen_days=['2021_03_01', '2021_03_08']: tx=93.12% (11174/12000)
          rx=11 on seen_days=['2021_03_01', '2021_03_08']: tx=94.43% (11332/12000)
[BEST-JOINT]  val_tx=99.00% & test_tx=90.31% @ E111
[CKPT]  latest -> finalist_runs/D4_domain_no_pa_no_stats_seed1337/latest_model.pth (saved) | best -> finalist_runs/D4_domain_no_pa_no_stats_seed1337/best_model_val.pth
====================================================================================================================================
[SAT-TEST] scenario=clear_leo selected=test_unseen_day_unseen_rx overall_tx=44.76% strict_udu=44.76% (26855/60000)
[SAT-TEST] scenario=low_elev_leo selected=test_unseen_day_unseen_rx overall_tx=45.51% strict_udu=45.51% (27303/60000)
[SAT-TEST] scenario=rain_leo selected=test_unseen_day_unseen_rx overall_tx=42.95% strict_udu=42.95% (25773/60000)
[SAT-TEST] scenario=storm_mp selected=test_unseen_day_unseen_rx overall_tx=38.87% strict_udu=38.87% (23324/60000)
[SAT-TEST] scenario=mixed_orbit selected=test_unseen_day_unseen_rx overall_tx=41.88% strict_udu=41.88% (25127/60000)
[BEST-TEST] overall=90.75% @ E101 -> finalist_runs/D4_domain_no_pa_no_stats_seed1337/best_model_test_overall.pth | unseen_day_unseen_rx=85.99% @ E101 -> finalist_runs/D4_domain_no_pa_no_stats_seed1337/best_model_strict_udu.pth | unseen_day_seen_rx=94.48% @ E106 | seen_day_unseen_rx=91.00% @ E078
[BEST-PRIMARY] score=87.65 @ E101 -> finalist_runs/D4_domain_no_pa_no_stats_seed1337/best_model_primary_ood.pth | overall=90.75% strict_udu=85.99%
[BEST-WORST-RX] worst_rx=86.13% (test_rx_8) @ E101 -> finalist_runs/D4_domain_no_pa_no_stats_seed1337/best_model_worst_rx.pth
====================================================================================================================================
[Epoch 143/200] time=78.3s | lr=3.83e-05 | aux_scale=1.000
[STAGE] phase=S3_refine_aux_late_stable | use_aux=1.0 cons=0.93 cls_aux=0.90 reg=0.90 joint_inv=0.27 kl=0.54 group_ce=0.97
[MIXSTYLE-EPOCH] phase=late_anneal enabled=1 p=0.056 strength=0.367 anneal_t=0.943
[AUG] scale=0.331 | p_dac=0.000 p_pa=0.046 p_shift=0.116 p_cfo=0.116 p_awgn=0.132 p_mp=0.060 | max_shift=11 cfo_max=0.0001323 pn_max=0.001984
------------------------------------------------------------------------------------------------------------------------------------
[LOSS-CORE] total=4.2153 cls=1.3614 dom=0.5238 adv=2.6166 orth=0.0030 cons=0.1810 group_ce=2.3843
[LOSS-AUX]  cls_pa=1.0187 cls_dac=0.0000 pa_joint_inv=0.2041 pa_kl=0.8450 dac_reg=0.0000 pa_reg=0.0146 gap_dac=0.0000 gap_pa=0.2739 cos_joint_pa=0.7959 cos_imp_pa=nan
[LOSS-SAT]  cls_sat=9.0812 sat_cons=0.7018 sat_cos=0.2982
[LOSS-DG]   proto=0.0000 proto_cos=nan supcon=0.0000 fishr=0.0014 sgc_res=0.0000
[LOSS-CAL]  ecc=0.0000 ecc_w=0.0000 ecc_tau=0.9500 ecc_maxp=nan
[TRAIN] tx=89.36% dom=80.75% cons_cos=0.8190
[GRAD]  total=4.126 backbone=1.000 aux=0.750 domain=0.466
[VAL]   tx=98.89% dom=94.11%
[TEST]  overall_tx=89.88% (183363/204000)
[TEST-SPLIT]
          unseen_day_seen_rx(days=['2021_03_15', '2021_03_23'], rxs=[0, 1, 2, 3, 4, 5, 6]): tx=93.66% (78674/84000)
          seen_day_unseen_rx(days=['2021_03_01', '2021_03_08'], rxs=[7, 8, 9, 10, 11]): tx=89.67% (53801/60000)
          unseen_day_unseen_rx(days=['2021_03_15', '2021_03_23'], rxs=[7, 8, 9, 10, 11]): tx=84.81% (50888/60000)
          day=2021_03_15 on seen_rxs=[0, 1, 2, 3, 4, 5, 6]: tx=95.53% (40124/42000)
          day=2021_03_23 on seen_rxs=[0, 1, 2, 3, 4, 5, 6]: tx=91.79% (38550/42000)
          rx=7 on seen_days=['2021_03_01', '2021_03_08']: tx=85.21% (10225/12000)
          rx=8 on seen_days=['2021_03_01', '2021_03_08']: tx=84.38% (10125/12000)
          rx=9 on seen_days=['2021_03_01', '2021_03_08']: tx=90.54% (10865/12000)
          rx=10 on seen_days=['2021_03_01', '2021_03_08']: tx=94.25% (11310/12000)
          rx=11 on seen_days=['2021_03_01', '2021_03_08']: tx=93.97% (11276/12000)
[BEST-JOINT]  val_tx=99.00% & test_tx=90.31% @ E111
[CKPT]  latest -> finalist_runs/D4_domain_no_pa_no_stats_seed1337/latest_model.pth (saved) | best -> finalist_runs/D4_domain_no_pa_no_stats_seed1337/best_model_val.pth
====================================================================================================================================
[SAT-TEST] scenario=clear_leo selected=test_unseen_day_unseen_rx overall_tx=45.76% strict_udu=45.76% (27455/60000)
[SAT-TEST] scenario=low_elev_leo selected=test_unseen_day_unseen_rx overall_tx=46.44% strict_udu=46.44% (27864/60000)
[SAT-TEST] scenario=rain_leo selected=test_unseen_day_unseen_rx overall_tx=43.89% strict_udu=43.89% (26332/60000)
[SAT-TEST] scenario=storm_mp selected=test_unseen_day_unseen_rx overall_tx=39.38% strict_udu=39.38% (23627/60000)
[SAT-TEST] scenario=mixed_orbit selected=test_unseen_day_unseen_rx overall_tx=42.09% strict_udu=42.09% (25252/60000)
[BEST-TEST] overall=90.75% @ E101 -> finalist_runs/D4_domain_no_pa_no_stats_seed1337/best_model_test_overall.pth | unseen_day_unseen_rx=85.99% @ E101 -> finalist_runs/D4_domain_no_pa_no_stats_seed1337/best_model_strict_udu.pth | unseen_day_seen_rx=94.48% @ E106 | seen_day_unseen_rx=91.00% @ E078
[BEST-PRIMARY] score=87.65 @ E101 -> finalist_runs/D4_domain_no_pa_no_stats_seed1337/best_model_primary_ood.pth | overall=90.75% strict_udu=85.99%
[BEST-WORST-RX] worst_rx=86.13% (test_rx_8) @ E101 -> finalist_runs/D4_domain_no_pa_no_stats_seed1337/best_model_worst_rx.pth
====================================================================================================================================
[Epoch 144/200] time=78.3s | lr=3.71e-05 | aux_scale=1.000
[STAGE] phase=S3_refine_aux_late_stable | use_aux=1.0 cons=0.92 cls_aux=0.89 reg=0.89 joint_inv=0.27 kl=0.53 group_ce=0.97
[MIXSTYLE-EPOCH] phase=late_anneal enabled=1 p=0.053 strength=0.359 anneal_t=0.971
[AUG] scale=0.327 | p_dac=0.000 p_pa=0.046 p_shift=0.114 p_cfo=0.114 p_awgn=0.131 p_mp=0.059 | max_shift=10 cfo_max=0.0001308 pn_max=0.001963
------------------------------------------------------------------------------------------------------------------------------------
[LOSS-CORE] total=3.6076 cls=0.9421 dom=0.4161 adv=2.6191 orth=0.0030 cons=0.1588 group_ce=1.7759
[LOSS-AUX]  cls_pa=1.0444 cls_dac=0.0000 pa_joint_inv=0.2050 pa_kl=0.8695 dac_reg=0.0000 pa_reg=0.0146 gap_dac=0.0000 gap_pa=0.2752 cos_joint_pa=0.7950 cos_imp_pa=nan
[LOSS-SAT]  cls_sat=8.9245 sat_cons=0.6986 sat_cos=0.3014
[LOSS-DG]   proto=0.0000 proto_cos=nan supcon=0.0000 fishr=0.0010 sgc_res=0.0000
[LOSS-CAL]  ecc=0.0000 ecc_w=0.0000 ecc_tau=0.9500 ecc_maxp=nan
[TRAIN] tx=92.65% dom=84.65% cons_cos=0.8412
[GRAD]  total=4.295 backbone=1.000 aux=0.750 domain=0.464
[VAL]   tx=98.99% dom=94.25%
[TEST]  overall_tx=90.20% (184009/204000)
[TEST-SPLIT]
          unseen_day_seen_rx(days=['2021_03_15', '2021_03_23'], rxs=[0, 1, 2, 3, 4, 5, 6]): tx=93.79% (78782/84000)
          seen_day_unseen_rx(days=['2021_03_01', '2021_03_08'], rxs=[7, 8, 9, 10, 11]): tx=90.47% (54284/60000)
          unseen_day_unseen_rx(days=['2021_03_15', '2021_03_23'], rxs=[7, 8, 9, 10, 11]): tx=84.91% (50943/60000)
          day=2021_03_15 on seen_rxs=[0, 1, 2, 3, 4, 5, 6]: tx=95.86% (40261/42000)
          day=2021_03_23 on seen_rxs=[0, 1, 2, 3, 4, 5, 6]: tx=91.72% (38521/42000)
          rx=7 on seen_days=['2021_03_01', '2021_03_08']: tx=86.09% (10331/12000)
          rx=8 on seen_days=['2021_03_01', '2021_03_08']: tx=84.03% (10084/12000)
          rx=9 on seen_days=['2021_03_01', '2021_03_08']: tx=91.77% (11012/12000)
          rx=10 on seen_days=['2021_03_01', '2021_03_08']: tx=94.33% (11320/12000)
          rx=11 on seen_days=['2021_03_01', '2021_03_08']: tx=96.14% (11537/12000)
[BEST-JOINT]  val_tx=99.00% & test_tx=90.31% @ E111
[CKPT]  latest -> finalist_runs/D4_domain_no_pa_no_stats_seed1337/latest_model.pth (saved) | best -> finalist_runs/D4_domain_no_pa_no_stats_seed1337/best_model_val.pth
====================================================================================================================================
[SAT-TEST] scenario=clear_leo selected=test_unseen_day_unseen_rx overall_tx=45.86% strict_udu=45.86% (27517/60000)
[SAT-TEST] scenario=low_elev_leo selected=test_unseen_day_unseen_rx overall_tx=46.44% strict_udu=46.44% (27862/60000)
[SAT-TEST] scenario=rain_leo selected=test_unseen_day_unseen_rx overall_tx=43.91% strict_udu=43.91% (26344/60000)
[SAT-TEST] scenario=storm_mp selected=test_unseen_day_unseen_rx overall_tx=39.24% strict_udu=39.24% (23542/60000)
[SAT-TEST] scenario=mixed_orbit selected=test_unseen_day_unseen_rx overall_tx=42.49% strict_udu=42.49% (25495/60000)
[BEST-TEST] overall=90.75% @ E101 -> finalist_runs/D4_domain_no_pa_no_stats_seed1337/best_model_test_overall.pth | unseen_day_unseen_rx=85.99% @ E101 -> finalist_runs/D4_domain_no_pa_no_stats_seed1337/best_model_strict_udu.pth | unseen_day_seen_rx=94.48% @ E106 | seen_day_unseen_rx=91.00% @ E078
[BEST-PRIMARY] score=87.65 @ E101 -> finalist_runs/D4_domain_no_pa_no_stats_seed1337/best_model_primary_ood.pth | overall=90.75% strict_udu=85.99%
[BEST-WORST-RX] worst_rx=86.13% (test_rx_8) @ E101 -> finalist_runs/D4_domain_no_pa_no_stats_seed1337/best_model_worst_rx.pth
====================================================================================================================================
[Epoch 145/200] time=78.5s | lr=3.59e-05 | aux_scale=1.000
[STAGE] phase=S3_refine_aux_late_stable | use_aux=1.0 cons=0.90 cls_aux=0.87 reg=0.87 joint_inv=0.26 kl=0.52 group_ce=0.96
[MIXSTYLE-EPOCH] phase=late_anneal enabled=1 p=0.050 strength=0.350 anneal_t=1.000
[AUG] scale=0.323 | p_dac=0.000 p_pa=0.045 p_shift=0.113 p_cfo=0.113 p_awgn=0.129 p_mp=0.058 | max_shift=10 cfo_max=0.0001294 pn_max=0.001941
------------------------------------------------------------------------------------------------------------------------------------
[LOSS-CORE] total=4.0363 cls=1.2643 dom=0.4850 adv=2.6168 orth=0.0025 cons=0.1771 group_ce=2.2648
[LOSS-AUX]  cls_pa=1.0209 cls_dac=0.0000 pa_joint_inv=0.2024 pa_kl=0.8384 dac_reg=0.0000 pa_reg=0.0146 gap_dac=0.0000 gap_pa=0.2715 cos_joint_pa=0.7976 cos_imp_pa=nan
[LOSS-SAT]  cls_sat=9.0248 sat_cons=0.7048 sat_cos=0.2952
[LOSS-DG]   proto=0.0000 proto_cos=nan supcon=0.0000 fishr=0.0013 sgc_res=0.0000
[LOSS-CAL]  ecc=0.0000 ecc_w=0.0000 ecc_tau=0.9500 ecc_maxp=nan
[TRAIN] tx=89.98% dom=82.18% cons_cos=0.8229
[GRAD]  total=4.027 backbone=1.000 aux=0.750 domain=0.462
[VAL]   tx=98.92% dom=94.30%
[TEST]  overall_tx=89.37% (182316/204000)
[TEST-SPLIT]
          unseen_day_seen_rx(days=['2021_03_15', '2021_03_23'], rxs=[0, 1, 2, 3, 4, 5, 6]): tx=93.48% (78521/84000)
          seen_day_unseen_rx(days=['2021_03_01', '2021_03_08'], rxs=[7, 8, 9, 10, 11]): tx=89.45% (53668/60000)
          unseen_day_unseen_rx(days=['2021_03_15', '2021_03_23'], rxs=[7, 8, 9, 10, 11]): tx=83.55% (50127/60000)
          day=2021_03_15 on seen_rxs=[0, 1, 2, 3, 4, 5, 6]: tx=96.04% (40338/42000)
          day=2021_03_23 on seen_rxs=[0, 1, 2, 3, 4, 5, 6]: tx=90.91% (38183/42000)
          rx=7 on seen_days=['2021_03_01', '2021_03_08']: tx=83.30% (9996/12000)
          rx=8 on seen_days=['2021_03_01', '2021_03_08']: tx=82.66% (9919/12000)
          rx=9 on seen_days=['2021_03_01', '2021_03_08']: tx=92.22% (11066/12000)
          rx=10 on seen_days=['2021_03_01', '2021_03_08']: tx=93.78% (11254/12000)
          rx=11 on seen_days=['2021_03_01', '2021_03_08']: tx=95.28% (11433/12000)
[BEST-JOINT]  val_tx=99.00% & test_tx=90.31% @ E111
[CKPT]  latest -> finalist_runs/D4_domain_no_pa_no_stats_seed1337/latest_model.pth (saved) | best -> finalist_runs/D4_domain_no_pa_no_stats_seed1337/best_model_val.pth
====================================================================================================================================
[SAT-TEST] scenario=clear_leo selected=test_unseen_day_unseen_rx overall_tx=46.48% strict_udu=46.48% (27889/60000)
[SAT-TEST] scenario=low_elev_leo selected=test_unseen_day_unseen_rx overall_tx=47.52% strict_udu=47.52% (28515/60000)
[SAT-TEST] scenario=rain_leo selected=test_unseen_day_unseen_rx overall_tx=45.08% strict_udu=45.08% (27048/60000)
[SAT-TEST] scenario=storm_mp selected=test_unseen_day_unseen_rx overall_tx=39.73% strict_udu=39.73% (23839/60000)
[SAT-TEST] scenario=mixed_orbit selected=test_unseen_day_unseen_rx overall_tx=42.51% strict_udu=42.51% (25508/60000)
[BEST-TEST] overall=90.75% @ E101 -> finalist_runs/D4_domain_no_pa_no_stats_seed1337/best_model_test_overall.pth | unseen_day_unseen_rx=85.99% @ E101 -> finalist_runs/D4_domain_no_pa_no_stats_seed1337/best_model_strict_udu.pth | unseen_day_seen_rx=94.48% @ E106 | seen_day_unseen_rx=91.00% @ E078
[BEST-PRIMARY] score=87.65 @ E101 -> finalist_runs/D4_domain_no_pa_no_stats_seed1337/best_model_primary_ood.pth | overall=90.75% strict_udu=85.99%
[BEST-WORST-RX] worst_rx=86.13% (test_rx_8) @ E101 -> finalist_runs/D4_domain_no_pa_no_stats_seed1337/best_model_worst_rx.pth
====================================================================================================================================
[Epoch 146/200] time=78.4s | lr=3.47e-05 | aux_scale=1.000
[STAGE] phase=S3_refine_aux_late_stable | use_aux=1.0 cons=0.89 cls_aux=0.85 reg=0.85 joint_inv=0.26 kl=0.51 group_ce=0.96
[MIXSTYLE-EPOCH] phase=late_anneal enabled=1 p=0.050 strength=0.350 anneal_t=1.000
[AUG] scale=0.320 | p_dac=0.000 p_pa=0.045 p_shift=0.112 p_cfo=0.112 p_awgn=0.128 p_mp=0.058 | max_shift=10 cfo_max=0.0001279 pn_max=0.001919
------------------------------------------------------------------------------------------------------------------------------------
[LOSS-CORE] total=3.8416 cls=1.1349 dom=0.4506 adv=2.6201 orth=0.0026 cons=0.1632 group_ce=1.9953
[LOSS-AUX]  cls_pa=1.0330 cls_dac=0.0000 pa_joint_inv=0.2031 pa_kl=0.8550 dac_reg=0.0000 pa_reg=0.0147 gap_dac=0.0000 gap_pa=0.2683 cos_joint_pa=0.7969 cos_imp_pa=nan
[LOSS-SAT]  cls_sat=9.1021 sat_cons=0.7119 sat_cos=0.2881
[LOSS-DG]   proto=0.0000 proto_cos=nan supcon=0.0000 fishr=0.0012 sgc_res=0.0000
[LOSS-CAL]  ecc=0.0000 ecc_w=0.0000 ecc_tau=0.9500 ecc_maxp=nan
[TRAIN] tx=91.01% dom=83.76% cons_cos=0.8368
[GRAD]  total=4.517 backbone=1.000 aux=0.750 domain=0.459
[VAL]   tx=98.96% dom=94.11%
[TEST]  overall_tx=89.41% (182399/204000)
[TEST-SPLIT]
          unseen_day_seen_rx(days=['2021_03_15', '2021_03_23'], rxs=[0, 1, 2, 3, 4, 5, 6]): tx=93.48% (78522/84000)
          seen_day_unseen_rx(days=['2021_03_01', '2021_03_08'], rxs=[7, 8, 9, 10, 11]): tx=88.73% (53236/60000)
          unseen_day_unseen_rx(days=['2021_03_15', '2021_03_23'], rxs=[7, 8, 9, 10, 11]): tx=84.40% (50641/60000)
          day=2021_03_15 on seen_rxs=[0, 1, 2, 3, 4, 5, 6]: tx=95.03% (39912/42000)
          day=2021_03_23 on seen_rxs=[0, 1, 2, 3, 4, 5, 6]: tx=91.93% (38610/42000)
          rx=7 on seen_days=['2021_03_01', '2021_03_08']: tx=82.88% (9946/12000)
          rx=8 on seen_days=['2021_03_01', '2021_03_08']: tx=84.04% (10085/12000)
          rx=9 on seen_days=['2021_03_01', '2021_03_08']: tx=90.21% (10825/12000)
          rx=10 on seen_days=['2021_03_01', '2021_03_08']: tx=93.22% (11186/12000)
          rx=11 on seen_days=['2021_03_01', '2021_03_08']: tx=93.28% (11194/12000)
[BEST-JOINT]  val_tx=99.00% & test_tx=90.31% @ E111
[CKPT]  latest -> finalist_runs/D4_domain_no_pa_no_stats_seed1337/latest_model.pth (saved) | best -> finalist_runs/D4_domain_no_pa_no_stats_seed1337/best_model_val.pth
====================================================================================================================================
[SAT-TEST] scenario=clear_leo selected=test_unseen_day_unseen_rx overall_tx=45.23% strict_udu=45.23% (27136/60000)
[SAT-TEST] scenario=low_elev_leo selected=test_unseen_day_unseen_rx overall_tx=46.20% strict_udu=46.20% (27723/60000)
[SAT-TEST] scenario=rain_leo selected=test_unseen_day_unseen_rx overall_tx=43.52% strict_udu=43.52% (26114/60000)
[SAT-TEST] scenario=storm_mp selected=test_unseen_day_unseen_rx overall_tx=39.17% strict_udu=39.17% (23503/60000)
[SAT-TEST] scenario=mixed_orbit selected=test_unseen_day_unseen_rx overall_tx=41.45% strict_udu=41.45% (24870/60000)
[BEST-TEST] overall=90.75% @ E101 -> finalist_runs/D4_domain_no_pa_no_stats_seed1337/best_model_test_overall.pth | unseen_day_unseen_rx=85.99% @ E101 -> finalist_runs/D4_domain_no_pa_no_stats_seed1337/best_model_strict_udu.pth | unseen_day_seen_rx=94.48% @ E106 | seen_day_unseen_rx=91.00% @ E078
[BEST-PRIMARY] score=87.65 @ E101 -> finalist_runs/D4_domain_no_pa_no_stats_seed1337/best_model_primary_ood.pth | overall=90.75% strict_udu=85.99%
[BEST-WORST-RX] worst_rx=86.13% (test_rx_8) @ E101 -> finalist_runs/D4_domain_no_pa_no_stats_seed1337/best_model_worst_rx.pth
====================================================================================================================================
[Epoch 147/200] time=78.8s | lr=3.35e-05 | aux_scale=1.000
[STAGE] phase=S3_refine_aux_late_stable | use_aux=1.0 cons=0.88 cls_aux=0.83 reg=0.83 joint_inv=0.25 kl=0.50 group_ce=0.95
[MIXSTYLE-EPOCH] phase=late_anneal enabled=1 p=0.050 strength=0.350 anneal_t=1.000
[AUG] scale=0.316 | p_dac=0.000 p_pa=0.044 p_shift=0.111 p_cfo=0.111 p_awgn=0.126 p_mp=0.057 | max_shift=10 cfo_max=0.0001264 pn_max=0.001896
------------------------------------------------------------------------------------------------------------------------------------
[LOSS-CORE] total=3.5668 cls=0.9662 dom=0.4100 adv=2.6184 orth=0.0029 cons=0.1547 group_ce=1.7091
[LOSS-AUX]  cls_pa=1.0173 cls_dac=0.0000 pa_joint_inv=0.2013 pa_kl=0.8391 dac_reg=0.0000 pa_reg=0.0145 gap_dac=0.0000 gap_pa=0.2735 cos_joint_pa=0.7987 cos_imp_pa=nan
[LOSS-SAT]  cls_sat=8.8624 sat_cons=0.7006 sat_cos=0.2994
[LOSS-DG]   proto=0.0000 proto_cos=nan supcon=0.0000 fishr=0.0009 sgc_res=0.0000
[LOSS-CAL]  ecc=0.0000 ecc_w=0.0000 ecc_tau=0.9500 ecc_maxp=nan
[TRAIN] tx=92.67% dom=84.85% cons_cos=0.8453
[GRAD]  total=4.074 backbone=1.000 aux=0.750 domain=0.446
[VAL]   tx=98.90% dom=94.34%
[TEST]  overall_tx=90.04% (183676/204000)
[TEST-SPLIT]
          unseen_day_seen_rx(days=['2021_03_15', '2021_03_23'], rxs=[0, 1, 2, 3, 4, 5, 6]): tx=93.67% (78682/84000)
          seen_day_unseen_rx(days=['2021_03_01', '2021_03_08'], rxs=[7, 8, 9, 10, 11]): tx=90.17% (54099/60000)
          unseen_day_unseen_rx(days=['2021_03_15', '2021_03_23'], rxs=[7, 8, 9, 10, 11]): tx=84.83% (50895/60000)
          day=2021_03_15 on seen_rxs=[0, 1, 2, 3, 4, 5, 6]: tx=95.67% (40180/42000)
          day=2021_03_23 on seen_rxs=[0, 1, 2, 3, 4, 5, 6]: tx=91.67% (38502/42000)
          rx=7 on seen_days=['2021_03_01', '2021_03_08']: tx=86.25% (10350/12000)
          rx=8 on seen_days=['2021_03_01', '2021_03_08']: tx=84.88% (10185/12000)
          rx=9 on seen_days=['2021_03_01', '2021_03_08']: tx=90.77% (10892/12000)
          rx=10 on seen_days=['2021_03_01', '2021_03_08']: tx=93.92% (11271/12000)
          rx=11 on seen_days=['2021_03_01', '2021_03_08']: tx=95.01% (11401/12000)
[BEST-JOINT]  val_tx=99.00% & test_tx=90.31% @ E111
[CKPT]  latest -> finalist_runs/D4_domain_no_pa_no_stats_seed1337/latest_model.pth (saved) | best -> finalist_runs/D4_domain_no_pa_no_stats_seed1337/best_model_val.pth
====================================================================================================================================
[SAT-TEST] scenario=clear_leo selected=test_unseen_day_unseen_rx overall_tx=46.30% strict_udu=46.30% (27778/60000)
[SAT-TEST] scenario=low_elev_leo selected=test_unseen_day_unseen_rx overall_tx=47.11% strict_udu=47.11% (28264/60000)
[SAT-TEST] scenario=rain_leo selected=test_unseen_day_unseen_rx overall_tx=44.46% strict_udu=44.46% (26676/60000)
[SAT-TEST] scenario=storm_mp selected=test_unseen_day_unseen_rx overall_tx=39.72% strict_udu=39.72% (23829/60000)
[SAT-TEST] scenario=mixed_orbit selected=test_unseen_day_unseen_rx overall_tx=42.43% strict_udu=42.43% (25459/60000)
[BEST-TEST] overall=90.75% @ E101 -> finalist_runs/D4_domain_no_pa_no_stats_seed1337/best_model_test_overall.pth | unseen_day_unseen_rx=85.99% @ E101 -> finalist_runs/D4_domain_no_pa_no_stats_seed1337/best_model_strict_udu.pth | unseen_day_seen_rx=94.48% @ E106 | seen_day_unseen_rx=91.00% @ E078
[BEST-PRIMARY] score=87.65 @ E101 -> finalist_runs/D4_domain_no_pa_no_stats_seed1337/best_model_primary_ood.pth | overall=90.75% strict_udu=85.99%
[BEST-WORST-RX] worst_rx=86.13% (test_rx_8) @ E101 -> finalist_runs/D4_domain_no_pa_no_stats_seed1337/best_model_worst_rx.pth
====================================================================================================================================
[Epoch 148/200] time=81.9s | lr=3.24e-05 | aux_scale=1.000
[STAGE] phase=S3_refine_aux_late_stable | use_aux=1.0 cons=0.86 cls_aux=0.81 reg=0.81 joint_inv=0.24 kl=0.49 group_ce=0.95
[MIXSTYLE-EPOCH] phase=late_anneal enabled=1 p=0.050 strength=0.350 anneal_t=1.000
[AUG] scale=0.312 | p_dac=0.000 p_pa=0.044 p_shift=0.109 p_cfo=0.109 p_awgn=0.125 p_mp=0.056 | max_shift=10 cfo_max=0.0001248 pn_max=0.001872
------------------------------------------------------------------------------------------------------------------------------------
[LOSS-CORE] total=4.8421 cls=1.8832 dom=0.6487 adv=2.6250 orth=0.0025 cons=0.1925 group_ce=3.0664
[LOSS-AUX]  cls_pa=1.0118 cls_dac=0.0000 pa_joint_inv=0.2011 pa_kl=0.8377 dac_reg=0.0000 pa_reg=0.0147 gap_dac=0.0000 gap_pa=0.2741 cos_joint_pa=0.7989 cos_imp_pa=nan
[LOSS-SAT]  cls_sat=8.8866 sat_cons=0.6755 sat_cos=0.3245
[LOSS-DG]   proto=0.0000 proto_cos=nan supcon=0.0000 fishr=0.0018 sgc_res=0.0000
[LOSS-CAL]  ecc=0.0000 ecc_w=0.0000 ecc_tau=0.9500 ecc_maxp=nan
[TRAIN] tx=84.59% dom=77.03% cons_cos=0.8075
[GRAD]  total=4.709 backbone=1.000 aux=0.750 domain=0.466
[VAL]   tx=98.96% dom=94.38%
[TEST]  overall_tx=90.01% (183614/204000)
[TEST-SPLIT]
          unseen_day_seen_rx(days=['2021_03_15', '2021_03_23'], rxs=[0, 1, 2, 3, 4, 5, 6]): tx=93.72% (78723/84000)
          seen_day_unseen_rx(days=['2021_03_01', '2021_03_08'], rxs=[7, 8, 9, 10, 11]): tx=90.11% (54064/60000)
          unseen_day_unseen_rx(days=['2021_03_15', '2021_03_23'], rxs=[7, 8, 9, 10, 11]): tx=84.71% (50827/60000)
          day=2021_03_15 on seen_rxs=[0, 1, 2, 3, 4, 5, 6]: tx=95.92% (40288/42000)
          day=2021_03_23 on seen_rxs=[0, 1, 2, 3, 4, 5, 6]: tx=91.51% (38435/42000)
          rx=7 on seen_days=['2021_03_01', '2021_03_08']: tx=85.30% (10236/12000)
          rx=8 on seen_days=['2021_03_01', '2021_03_08']: tx=83.99% (10079/12000)
          rx=9 on seen_days=['2021_03_01', '2021_03_08']: tx=91.60% (10992/12000)
          rx=10 on seen_days=['2021_03_01', '2021_03_08']: tx=93.57% (11228/12000)
          rx=11 on seen_days=['2021_03_01', '2021_03_08']: tx=96.08% (11529/12000)
[BEST-JOINT]  val_tx=99.00% & test_tx=90.31% @ E111
[CKPT]  latest -> finalist_runs/D4_domain_no_pa_no_stats_seed1337/latest_model.pth (saved) | best -> finalist_runs/D4_domain_no_pa_no_stats_seed1337/best_model_val.pth
====================================================================================================================================
[SAT-TEST] scenario=clear_leo selected=test_unseen_day_unseen_rx overall_tx=46.73% strict_udu=46.73% (28038/60000)
[SAT-TEST] scenario=low_elev_leo selected=test_unseen_day_unseen_rx overall_tx=47.34% strict_udu=47.34% (28407/60000)
[SAT-TEST] scenario=rain_leo selected=test_unseen_day_unseen_rx overall_tx=44.67% strict_udu=44.67% (26803/60000)
[SAT-TEST] scenario=storm_mp selected=test_unseen_day_unseen_rx overall_tx=39.76% strict_udu=39.76% (23854/60000)
[SAT-TEST] scenario=mixed_orbit selected=test_unseen_day_unseen_rx overall_tx=42.98% strict_udu=42.98% (25791/60000)
[BEST-TEST] overall=90.75% @ E101 -> finalist_runs/D4_domain_no_pa_no_stats_seed1337/best_model_test_overall.pth | unseen_day_unseen_rx=85.99% @ E101 -> finalist_runs/D4_domain_no_pa_no_stats_seed1337/best_model_strict_udu.pth | unseen_day_seen_rx=94.48% @ E106 | seen_day_unseen_rx=91.00% @ E078
[BEST-PRIMARY] score=87.65 @ E101 -> finalist_runs/D4_domain_no_pa_no_stats_seed1337/best_model_primary_ood.pth | overall=90.75% strict_udu=85.99%
[BEST-WORST-RX] worst_rx=86.13% (test_rx_8) @ E101 -> finalist_runs/D4_domain_no_pa_no_stats_seed1337/best_model_worst_rx.pth
====================================================================================================================================
[Epoch 149/200] time=80.1s | lr=3.13e-05 | aux_scale=1.000
[STAGE] phase=S3_refine_aux_late_stable | use_aux=1.0 cons=0.85 cls_aux=0.79 reg=0.79 joint_inv=0.24 kl=0.48 group_ce=0.94
[MIXSTYLE-EPOCH] phase=late_anneal enabled=1 p=0.050 strength=0.350 anneal_t=1.000
[AUG] scale=0.308 | p_dac=0.000 p_pa=0.043 p_shift=0.108 p_cfo=0.108 p_awgn=0.123 p_mp=0.055 | max_shift=10 cfo_max=0.0001232 pn_max=0.001848
------------------------------------------------------------------------------------------------------------------------------------
[LOSS-CORE] total=3.3846 cls=0.8549 dom=0.3825 adv=2.6199 orth=0.0032 cons=0.1531 group_ce=1.6134
[LOSS-AUX]  cls_pa=1.0053 cls_dac=0.0000 pa_joint_inv=0.2031 pa_kl=0.8325 dac_reg=0.0000 pa_reg=0.0141 gap_dac=0.0000 gap_pa=0.2842 cos_joint_pa=0.7969 cos_imp_pa=nan
[LOSS-SAT]  cls_sat=8.8199 sat_cons=0.6995 sat_cos=0.3005
[LOSS-DG]   proto=0.0000 proto_cos=nan supcon=0.0000 fishr=0.0009 sgc_res=0.0000
[LOSS-CAL]  ecc=0.0000 ecc_w=0.0000 ecc_tau=0.9500 ecc_maxp=nan
[TRAIN] tx=93.34% dom=85.91% cons_cos=0.8469
[GRAD]  total=4.395 backbone=1.000 aux=0.750 domain=0.463
[VAL]   tx=98.98% dom=94.28%
[TEST]  overall_tx=90.23% (184068/204000)
[TEST-SPLIT]
          unseen_day_seen_rx(days=['2021_03_15', '2021_03_23'], rxs=[0, 1, 2, 3, 4, 5, 6]): tx=93.85% (78836/84000)
          seen_day_unseen_rx(days=['2021_03_01', '2021_03_08'], rxs=[7, 8, 9, 10, 11]): tx=90.39% (54235/60000)
          unseen_day_unseen_rx(days=['2021_03_15', '2021_03_23'], rxs=[7, 8, 9, 10, 11]): tx=85.00% (50997/60000)
          day=2021_03_15 on seen_rxs=[0, 1, 2, 3, 4, 5, 6]: tx=95.64% (40170/42000)
          day=2021_03_23 on seen_rxs=[0, 1, 2, 3, 4, 5, 6]: tx=92.06% (38666/42000)
          rx=7 on seen_days=['2021_03_01', '2021_03_08']: tx=86.77% (10412/12000)
          rx=8 on seen_days=['2021_03_01', '2021_03_08']: tx=84.62% (10154/12000)
          rx=9 on seen_days=['2021_03_01', '2021_03_08']: tx=90.97% (10917/12000)
          rx=10 on seen_days=['2021_03_01', '2021_03_08']: tx=93.82% (11258/12000)
          rx=11 on seen_days=['2021_03_01', '2021_03_08']: tx=95.78% (11494/12000)
[BEST-JOINT]  val_tx=99.00% & test_tx=90.31% @ E111
[CKPT]  latest -> finalist_runs/D4_domain_no_pa_no_stats_seed1337/latest_model.pth (saved) | best -> finalist_runs/D4_domain_no_pa_no_stats_seed1337/best_model_val.pth
====================================================================================================================================
[SAT-TEST] scenario=clear_leo selected=test_unseen_day_unseen_rx overall_tx=46.28% strict_udu=46.28% (27767/60000)
[SAT-TEST] scenario=low_elev_leo selected=test_unseen_day_unseen_rx overall_tx=47.05% strict_udu=47.05% (28232/60000)
[SAT-TEST] scenario=rain_leo selected=test_unseen_day_unseen_rx overall_tx=44.42% strict_udu=44.42% (26652/60000)
[SAT-TEST] scenario=storm_mp selected=test_unseen_day_unseen_rx overall_tx=39.83% strict_udu=39.83% (23899/60000)
[SAT-TEST] scenario=mixed_orbit selected=test_unseen_day_unseen_rx overall_tx=42.73% strict_udu=42.73% (25640/60000)
[BEST-TEST] overall=90.75% @ E101 -> finalist_runs/D4_domain_no_pa_no_stats_seed1337/best_model_test_overall.pth | unseen_day_unseen_rx=85.99% @ E101 -> finalist_runs/D4_domain_no_pa_no_stats_seed1337/best_model_strict_udu.pth | unseen_day_seen_rx=94.48% @ E106 | seen_day_unseen_rx=91.00% @ E078
[BEST-PRIMARY] score=87.65 @ E101 -> finalist_runs/D4_domain_no_pa_no_stats_seed1337/best_model_primary_ood.pth | overall=90.75% strict_udu=85.99%
[BEST-WORST-RX] worst_rx=86.13% (test_rx_8) @ E101 -> finalist_runs/D4_domain_no_pa_no_stats_seed1337/best_model_worst_rx.pth
====================================================================================================================================
[Epoch 150/200] time=78.0s | lr=3.01e-05 | aux_scale=1.000
[STAGE] phase=S3_refine_aux_late_stable | use_aux=1.0 cons=0.83 cls_aux=0.77 reg=0.77 joint_inv=0.23 kl=0.46 group_ce=0.94
[MIXSTYLE-EPOCH] phase=late_anneal enabled=1 p=0.050 strength=0.350 anneal_t=1.000
[AUG] scale=0.304 | p_dac=0.000 p_pa=0.043 p_shift=0.106 p_cfo=0.106 p_awgn=0.122 p_mp=0.055 | max_shift=10 cfo_max=0.0001216 pn_max=0.001824
------------------------------------------------------------------------------------------------------------------------------------
[LOSS-CORE] total=4.4430 cls=1.6093 dom=0.5948 adv=2.6166 orth=0.0027 cons=0.1833 group_ce=2.6383
[LOSS-AUX]  cls_pa=0.9919 cls_dac=0.0000 pa_joint_inv=0.1987 pa_kl=0.8150 dac_reg=0.0000 pa_reg=0.0144 gap_dac=0.0000 gap_pa=0.2753 cos_joint_pa=0.8013 cos_imp_pa=nan
[LOSS-SAT]  cls_sat=8.9724 sat_cons=0.6987 sat_cos=0.3013
[LOSS-DG]   proto=0.0000 proto_cos=nan supcon=0.0000 fishr=0.0016 sgc_res=0.0000
[LOSS-CAL]  ecc=0.0000 ecc_w=0.0000 ecc_tau=0.9500 ecc_maxp=nan
[TRAIN] tx=87.05% dom=79.17% cons_cos=0.8167
[GRAD]  total=4.633 backbone=1.000 aux=0.750 domain=0.466
[VAL]   tx=98.93% dom=94.03%
[TEST]  overall_tx=90.21% (184036/204000)
[TEST-SPLIT]
          unseen_day_seen_rx(days=['2021_03_15', '2021_03_23'], rxs=[0, 1, 2, 3, 4, 5, 6]): tx=93.92% (78893/84000)
          seen_day_unseen_rx(days=['2021_03_01', '2021_03_08'], rxs=[7, 8, 9, 10, 11]): tx=90.27% (54162/60000)
          unseen_day_unseen_rx(days=['2021_03_15', '2021_03_23'], rxs=[7, 8, 9, 10, 11]): tx=84.97% (50981/60000)
          day=2021_03_15 on seen_rxs=[0, 1, 2, 3, 4, 5, 6]: tx=95.76% (40221/42000)
          day=2021_03_23 on seen_rxs=[0, 1, 2, 3, 4, 5, 6]: tx=92.08% (38672/42000)
          rx=7 on seen_days=['2021_03_01', '2021_03_08']: tx=86.83% (10419/12000)
          rx=8 on seen_days=['2021_03_01', '2021_03_08']: tx=84.40% (10128/12000)
          rx=9 on seen_days=['2021_03_01', '2021_03_08']: tx=91.03% (10923/12000)
          rx=10 on seen_days=['2021_03_01', '2021_03_08']: tx=93.75% (11250/12000)
          rx=11 on seen_days=['2021_03_01', '2021_03_08']: tx=95.35% (11442/12000)
[BEST-JOINT]  val_tx=99.00% & test_tx=90.31% @ E111
[CKPT]  latest -> finalist_runs/D4_domain_no_pa_no_stats_seed1337/latest_model.pth (saved) | best -> finalist_runs/D4_domain_no_pa_no_stats_seed1337/best_model_val.pth
====================================================================================================================================
[SAT-TEST] scenario=clear_leo selected=test_unseen_day_unseen_rx overall_tx=46.58% strict_udu=46.58% (27945/60000)
[SAT-TEST] scenario=low_elev_leo selected=test_unseen_day_unseen_rx overall_tx=46.97% strict_udu=46.97% (28182/60000)
[SAT-TEST] scenario=rain_leo selected=test_unseen_day_unseen_rx overall_tx=44.42% strict_udu=44.42% (26652/60000)
[SAT-TEST] scenario=storm_mp selected=test_unseen_day_unseen_rx overall_tx=39.48% strict_udu=39.48% (23690/60000)
[SAT-TEST] scenario=mixed_orbit selected=test_unseen_day_unseen_rx overall_tx=42.74% strict_udu=42.74% (25644/60000)
[BEST-TEST] overall=90.75% @ E101 -> finalist_runs/D4_domain_no_pa_no_stats_seed1337/best_model_test_overall.pth | unseen_day_unseen_rx=85.99% @ E101 -> finalist_runs/D4_domain_no_pa_no_stats_seed1337/best_model_strict_udu.pth | unseen_day_seen_rx=94.48% @ E106 | seen_day_unseen_rx=91.00% @ E078
[BEST-PRIMARY] score=87.65 @ E101 -> finalist_runs/D4_domain_no_pa_no_stats_seed1337/best_model_primary_ood.pth | overall=90.75% strict_udu=85.99%
[BEST-WORST-RX] worst_rx=86.13% (test_rx_8) @ E101 -> finalist_runs/D4_domain_no_pa_no_stats_seed1337/best_model_worst_rx.pth
====================================================================================================================================
[Epoch 151/200] time=77.2s | lr=2.90e-05 | aux_scale=1.000
[STAGE] phase=S3_refine_aux_late_stable | use_aux=1.0 cons=0.82 cls_aux=0.75 reg=0.75 joint_inv=0.23 kl=0.45 group_ce=0.93
[MIXSTYLE-EPOCH] phase=late_anneal enabled=1 p=0.050 strength=0.350 anneal_t=1.000
[AUG] scale=0.300 | p_dac=0.000 p_pa=0.042 p_shift=0.105 p_cfo=0.105 p_awgn=0.120 p_mp=0.054 | max_shift=10 cfo_max=0.0001199 pn_max=0.001799
------------------------------------------------------------------------------------------------------------------------------------
[LOSS-CORE] total=3.8089 cls=1.1876 dom=0.4713 adv=2.6181 orth=0.0031 cons=0.1709 group_ce=2.0971
[LOSS-AUX]  cls_pa=0.9341 cls_dac=0.0000 pa_joint_inv=0.1996 pa_kl=0.7509 dac_reg=0.0000 pa_reg=0.0143 gap_dac=0.0000 gap_pa=0.2802 cos_joint_pa=0.8004 cos_imp_pa=nan
[LOSS-SAT]  cls_sat=8.8141 sat_cons=0.6886 sat_cos=0.3114
[LOSS-DG]   proto=0.0000 proto_cos=nan supcon=0.0000 fishr=0.0012 sgc_res=0.0000
[LOSS-CAL]  ecc=0.0000 ecc_w=0.0000 ecc_tau=0.9500 ecc_maxp=nan
[TRAIN] tx=90.60% dom=82.89% cons_cos=0.8291
[GRAD]  total=4.330 backbone=1.000 aux=0.750 domain=0.453
[VAL]   tx=98.97% dom=94.41%
[TEST]  overall_tx=90.18% (183966/204000)
[TEST-SPLIT]
          unseen_day_seen_rx(days=['2021_03_15', '2021_03_23'], rxs=[0, 1, 2, 3, 4, 5, 6]): tx=93.47% (78512/84000)
          seen_day_unseen_rx(days=['2021_03_01', '2021_03_08'], rxs=[7, 8, 9, 10, 11]): tx=90.59% (54357/60000)
          unseen_day_unseen_rx(days=['2021_03_15', '2021_03_23'], rxs=[7, 8, 9, 10, 11]): tx=85.16% (51097/60000)
          day=2021_03_15 on seen_rxs=[0, 1, 2, 3, 4, 5, 6]: tx=95.36% (40051/42000)
          day=2021_03_23 on seen_rxs=[0, 1, 2, 3, 4, 5, 6]: tx=91.57% (38461/42000)
          rx=7 on seen_days=['2021_03_01', '2021_03_08']: tx=87.96% (10555/12000)
          rx=8 on seen_days=['2021_03_01', '2021_03_08']: tx=85.25% (10230/12000)
          rx=9 on seen_days=['2021_03_01', '2021_03_08']: tx=90.79% (10895/12000)
          rx=10 on seen_days=['2021_03_01', '2021_03_08']: tx=92.99% (11159/12000)
          rx=11 on seen_days=['2021_03_01', '2021_03_08']: tx=95.98% (11518/12000)
[BEST-JOINT]  val_tx=99.00% & test_tx=90.31% @ E111
[CKPT]  latest -> finalist_runs/D4_domain_no_pa_no_stats_seed1337/latest_model.pth (saved) | best -> finalist_runs/D4_domain_no_pa_no_stats_seed1337/best_model_val.pth
====================================================================================================================================
[SAT-TEST] scenario=clear_leo selected=test_unseen_day_unseen_rx overall_tx=45.78% strict_udu=45.78% (27467/60000)
[SAT-TEST] scenario=low_elev_leo selected=test_unseen_day_unseen_rx overall_tx=46.50% strict_udu=46.50% (27898/60000)
[SAT-TEST] scenario=rain_leo selected=test_unseen_day_unseen_rx overall_tx=43.91% strict_udu=43.91% (26343/60000)
[SAT-TEST] scenario=storm_mp selected=test_unseen_day_unseen_rx overall_tx=39.12% strict_udu=39.12% (23472/60000)
[SAT-TEST] scenario=mixed_orbit selected=test_unseen_day_unseen_rx overall_tx=42.34% strict_udu=42.34% (25404/60000)
[BEST-TEST] overall=90.75% @ E101 -> finalist_runs/D4_domain_no_pa_no_stats_seed1337/best_model_test_overall.pth | unseen_day_unseen_rx=85.99% @ E101 -> finalist_runs/D4_domain_no_pa_no_stats_seed1337/best_model_strict_udu.pth | unseen_day_seen_rx=94.48% @ E106 | seen_day_unseen_rx=91.00% @ E078
[BEST-PRIMARY] score=87.65 @ E101 -> finalist_runs/D4_domain_no_pa_no_stats_seed1337/best_model_primary_ood.pth | overall=90.75% strict_udu=85.99%
[BEST-WORST-RX] worst_rx=86.13% (test_rx_8) @ E101 -> finalist_runs/D4_domain_no_pa_no_stats_seed1337/best_model_worst_rx.pth
====================================================================================================================================
[Epoch 152/200] time=78.1s | lr=2.80e-05 | aux_scale=1.000
[STAGE] phase=S3_refine_aux_late_stable | use_aux=1.0 cons=0.80 cls_aux=0.73 reg=0.73 joint_inv=0.22 kl=0.44 group_ce=0.93
[MIXSTYLE-EPOCH] phase=late_anneal enabled=1 p=0.050 strength=0.350 anneal_t=1.000
[AUG] scale=0.296 | p_dac=0.000 p_pa=0.041 p_shift=0.103 p_cfo=0.103 p_awgn=0.118 p_mp=0.053 | max_shift=9 cfo_max=0.0001182 pn_max=0.001773
------------------------------------------------------------------------------------------------------------------------------------
[LOSS-CORE] total=3.4835 cls=0.9827 dom=0.3951 adv=2.6185 orth=0.0032 cons=0.1546 group_ce=1.7850
[LOSS-AUX]  cls_pa=0.9640 cls_dac=0.0000 pa_joint_inv=0.2016 pa_kl=0.7874 dac_reg=0.0000 pa_reg=0.0144 gap_dac=0.0000 gap_pa=0.2828 cos_joint_pa=0.7984 cos_imp_pa=nan
[LOSS-SAT]  cls_sat=8.7655 sat_cons=0.6948 sat_cos=0.3052
[LOSS-DG]   proto=0.0000 proto_cos=nan supcon=0.0000 fishr=0.0011 sgc_res=0.0000
[LOSS-CAL]  ecc=0.0000 ecc_w=0.0000 ecc_tau=0.9500 ecc_maxp=nan
[TRAIN] tx=92.34% dom=85.17% cons_cos=0.8454
[GRAD]  total=3.822 backbone=1.000 aux=0.750 domain=0.453
[VAL]   tx=98.88% dom=94.23%
[TEST]  overall_tx=89.64% (182868/204000)
[TEST-SPLIT]
          unseen_day_seen_rx(days=['2021_03_15', '2021_03_23'], rxs=[0, 1, 2, 3, 4, 5, 6]): tx=93.50% (78539/84000)
          seen_day_unseen_rx(days=['2021_03_01', '2021_03_08'], rxs=[7, 8, 9, 10, 11]): tx=89.63% (53779/60000)
          unseen_day_unseen_rx(days=['2021_03_15', '2021_03_23'], rxs=[7, 8, 9, 10, 11]): tx=84.25% (50550/60000)
          day=2021_03_15 on seen_rxs=[0, 1, 2, 3, 4, 5, 6]: tx=95.15% (39961/42000)
          day=2021_03_23 on seen_rxs=[0, 1, 2, 3, 4, 5, 6]: tx=91.85% (38578/42000)
          rx=7 on seen_days=['2021_03_01', '2021_03_08']: tx=87.22% (10466/12000)
          rx=8 on seen_days=['2021_03_01', '2021_03_08']: tx=83.99% (10079/12000)
          rx=9 on seen_days=['2021_03_01', '2021_03_08']: tx=90.33% (10840/12000)
          rx=10 on seen_days=['2021_03_01', '2021_03_08']: tx=93.87% (11264/12000)
          rx=11 on seen_days=['2021_03_01', '2021_03_08']: tx=92.75% (11130/12000)
[BEST-JOINT]  val_tx=99.00% & test_tx=90.31% @ E111
[CKPT]  latest -> finalist_runs/D4_domain_no_pa_no_stats_seed1337/latest_model.pth (saved) | best -> finalist_runs/D4_domain_no_pa_no_stats_seed1337/best_model_val.pth
====================================================================================================================================
[SAT-TEST] scenario=clear_leo selected=test_unseen_day_unseen_rx overall_tx=46.43% strict_udu=46.43% (27859/60000)
[SAT-TEST] scenario=low_elev_leo selected=test_unseen_day_unseen_rx overall_tx=47.31% strict_udu=47.31% (28389/60000)
[SAT-TEST] scenario=rain_leo selected=test_unseen_day_unseen_rx overall_tx=44.94% strict_udu=44.94% (26966/60000)
[SAT-TEST] scenario=storm_mp selected=test_unseen_day_unseen_rx overall_tx=39.51% strict_udu=39.51% (23703/60000)
[SAT-TEST] scenario=mixed_orbit selected=test_unseen_day_unseen_rx overall_tx=42.49% strict_udu=42.49% (25492/60000)
[BEST-TEST] overall=90.75% @ E101 -> finalist_runs/D4_domain_no_pa_no_stats_seed1337/best_model_test_overall.pth | unseen_day_unseen_rx=85.99% @ E101 -> finalist_runs/D4_domain_no_pa_no_stats_seed1337/best_model_strict_udu.pth | unseen_day_seen_rx=94.48% @ E106 | seen_day_unseen_rx=91.00% @ E078
[BEST-PRIMARY] score=87.65 @ E101 -> finalist_runs/D4_domain_no_pa_no_stats_seed1337/best_model_primary_ood.pth | overall=90.75% strict_udu=85.99%
[BEST-WORST-RX] worst_rx=86.13% (test_rx_8) @ E101 -> finalist_runs/D4_domain_no_pa_no_stats_seed1337/best_model_worst_rx.pth
====================================================================================================================================
[Epoch 153/200] time=80.0s | lr=2.69e-05 | aux_scale=1.000
[STAGE] phase=S3_refine_aux_late_stable | use_aux=1.0 cons=0.78 cls_aux=0.71 reg=0.71 joint_inv=0.21 kl=0.43 group_ce=0.92
[MIXSTYLE-EPOCH] phase=late_anneal enabled=1 p=0.050 strength=0.350 anneal_t=1.000
[AUG] scale=0.291 | p_dac=0.000 p_pa=0.041 p_shift=0.102 p_cfo=0.102 p_awgn=0.117 p_mp=0.052 | max_shift=9 cfo_max=0.0001165 pn_max=0.001748
------------------------------------------------------------------------------------------------------------------------------------
[LOSS-CORE] total=3.7303 cls=1.1667 dom=0.4504 adv=2.6145 orth=0.0030 cons=0.1714 group_ce=2.0751
[LOSS-AUX]  cls_pa=0.9190 cls_dac=0.0000 pa_joint_inv=0.1994 pa_kl=0.7474 dac_reg=0.0000 pa_reg=0.0145 gap_dac=0.0000 gap_pa=0.2795 cos_joint_pa=0.8006 cos_imp_pa=nan
[LOSS-SAT]  cls_sat=8.8128 sat_cons=0.6962 sat_cos=0.3038
[LOSS-DG]   proto=0.0000 proto_cos=nan supcon=0.0000 fishr=0.0012 sgc_res=0.0000
[LOSS-CAL]  ecc=0.0000 ecc_w=0.0000 ecc_tau=0.9500 ecc_maxp=nan
[TRAIN] tx=90.97% dom=83.19% cons_cos=0.8286
[GRAD]  total=4.295 backbone=1.000 aux=0.750 domain=0.451
[VAL]   tx=98.94% dom=94.39%
[TEST]  overall_tx=89.60% (182775/204000)
[TEST-SPLIT]
          unseen_day_seen_rx(days=['2021_03_15', '2021_03_23'], rxs=[0, 1, 2, 3, 4, 5, 6]): tx=93.57% (78598/84000)
          seen_day_unseen_rx(days=['2021_03_01', '2021_03_08'], rxs=[7, 8, 9, 10, 11]): tx=89.54% (53724/60000)
          unseen_day_unseen_rx(days=['2021_03_15', '2021_03_23'], rxs=[7, 8, 9, 10, 11]): tx=84.09% (50453/60000)
          day=2021_03_15 on seen_rxs=[0, 1, 2, 3, 4, 5, 6]: tx=94.96% (39884/42000)
          day=2021_03_23 on seen_rxs=[0, 1, 2, 3, 4, 5, 6]: tx=92.18% (38714/42000)
          rx=7 on seen_days=['2021_03_01', '2021_03_08']: tx=86.75% (10410/12000)
          rx=8 on seen_days=['2021_03_01', '2021_03_08']: tx=83.93% (10072/12000)
          rx=9 on seen_days=['2021_03_01', '2021_03_08']: tx=90.33% (10839/12000)
          rx=10 on seen_days=['2021_03_01', '2021_03_08']: tx=93.68% (11242/12000)
          rx=11 on seen_days=['2021_03_01', '2021_03_08']: tx=93.01% (11161/12000)
[BEST-JOINT]  val_tx=99.00% & test_tx=90.31% @ E111
[CKPT]  latest -> finalist_runs/D4_domain_no_pa_no_stats_seed1337/latest_model.pth (saved) | best -> finalist_runs/D4_domain_no_pa_no_stats_seed1337/best_model_val.pth
====================================================================================================================================
[SAT-TEST] scenario=clear_leo selected=test_unseen_day_unseen_rx overall_tx=45.41% strict_udu=45.41% (27245/60000)
[SAT-TEST] scenario=low_elev_leo selected=test_unseen_day_unseen_rx overall_tx=46.46% strict_udu=46.46% (27876/60000)
[SAT-TEST] scenario=rain_leo selected=test_unseen_day_unseen_rx overall_tx=43.91% strict_udu=43.91% (26348/60000)
[SAT-TEST] scenario=storm_mp selected=test_unseen_day_unseen_rx overall_tx=39.28% strict_udu=39.28% (23569/60000)
[SAT-TEST] scenario=mixed_orbit selected=test_unseen_day_unseen_rx overall_tx=41.38% strict_udu=41.38% (24831/60000)
[BEST-TEST] overall=90.75% @ E101 -> finalist_runs/D4_domain_no_pa_no_stats_seed1337/best_model_test_overall.pth | unseen_day_unseen_rx=85.99% @ E101 -> finalist_runs/D4_domain_no_pa_no_stats_seed1337/best_model_strict_udu.pth | unseen_day_seen_rx=94.48% @ E106 | seen_day_unseen_rx=91.00% @ E078
[BEST-PRIMARY] score=87.65 @ E101 -> finalist_runs/D4_domain_no_pa_no_stats_seed1337/best_model_primary_ood.pth | overall=90.75% strict_udu=85.99%
[BEST-WORST-RX] worst_rx=86.13% (test_rx_8) @ E101 -> finalist_runs/D4_domain_no_pa_no_stats_seed1337/best_model_worst_rx.pth
====================================================================================================================================
[Epoch 154/200] time=84.7s | lr=2.59e-05 | aux_scale=1.000
[STAGE] phase=S3_refine_aux_late_stable | use_aux=1.0 cons=0.77 cls_aux=0.68 reg=0.68 joint_inv=0.21 kl=0.42 group_ce=0.92
[MIXSTYLE-EPOCH] phase=late_anneal enabled=1 p=0.050 strength=0.350 anneal_t=1.000
[AUG] scale=0.287 | p_dac=0.000 p_pa=0.040 p_shift=0.100 p_cfo=0.100 p_awgn=0.115 p_mp=0.052 | max_shift=9 cfo_max=0.0001148 pn_max=0.001722
------------------------------------------------------------------------------------------------------------------------------------
[LOSS-CORE] total=3.1750 cls=0.7565 dom=0.3613 adv=2.6199 orth=0.0031 cons=0.1494 group_ce=1.4941
[LOSS-AUX]  cls_pa=0.9854 cls_dac=0.0000 pa_joint_inv=0.2004 pa_kl=0.8194 dac_reg=0.0000 pa_reg=0.0145 gap_dac=0.0000 gap_pa=0.2731 cos_joint_pa=0.7996 cos_imp_pa=nan
[LOSS-SAT]  cls_sat=8.8427 sat_cons=0.7016 sat_cos=0.2984
[LOSS-DG]   proto=0.0000 proto_cos=nan supcon=0.0000 fishr=0.0008 sgc_res=0.0000
[LOSS-CAL]  ecc=0.0000 ecc_w=0.0000 ecc_tau=0.9500 ecc_maxp=nan
[TRAIN] tx=94.22% dom=86.45% cons_cos=0.8506
[GRAD]  total=4.189 backbone=1.000 aux=0.750 domain=0.450
[VAL]   tx=98.85% dom=94.44%
[TEST]  overall_tx=89.28% (182129/204000)
[TEST-SPLIT]
          unseen_day_seen_rx(days=['2021_03_15', '2021_03_23'], rxs=[0, 1, 2, 3, 4, 5, 6]): tx=93.29% (78363/84000)
          seen_day_unseen_rx(days=['2021_03_01', '2021_03_08'], rxs=[7, 8, 9, 10, 11]): tx=89.00% (53400/60000)
          unseen_day_unseen_rx(days=['2021_03_15', '2021_03_23'], rxs=[7, 8, 9, 10, 11]): tx=83.94% (50366/60000)
          day=2021_03_15 on seen_rxs=[0, 1, 2, 3, 4, 5, 6]: tx=94.72% (39783/42000)
          day=2021_03_23 on seen_rxs=[0, 1, 2, 3, 4, 5, 6]: tx=91.86% (38580/42000)
          rx=7 on seen_days=['2021_03_01', '2021_03_08']: tx=86.46% (10375/12000)
          rx=8 on seen_days=['2021_03_01', '2021_03_08']: tx=83.22% (9987/12000)
          rx=9 on seen_days=['2021_03_01', '2021_03_08']: tx=89.67% (10761/12000)
          rx=10 on seen_days=['2021_03_01', '2021_03_08']: tx=93.42% (11211/12000)
          rx=11 on seen_days=['2021_03_01', '2021_03_08']: tx=92.22% (11066/12000)
[BEST-JOINT]  val_tx=99.00% & test_tx=90.31% @ E111
[CKPT]  latest -> finalist_runs/D4_domain_no_pa_no_stats_seed1337/latest_model.pth (saved) | best -> finalist_runs/D4_domain_no_pa_no_stats_seed1337/best_model_val.pth
====================================================================================================================================
[SAT-TEST] scenario=clear_leo selected=test_unseen_day_unseen_rx overall_tx=45.36% strict_udu=45.36% (27216/60000)
[SAT-TEST] scenario=low_elev_leo selected=test_unseen_day_unseen_rx overall_tx=46.21% strict_udu=46.21% (27724/60000)
[SAT-TEST] scenario=rain_leo selected=test_unseen_day_unseen_rx overall_tx=43.65% strict_udu=43.65% (26189/60000)
[SAT-TEST] scenario=storm_mp selected=test_unseen_day_unseen_rx overall_tx=39.36% strict_udu=39.36% (23614/60000)
[SAT-TEST] scenario=mixed_orbit selected=test_unseen_day_unseen_rx overall_tx=41.65% strict_udu=41.65% (24990/60000)
[BEST-TEST] overall=90.75% @ E101 -> finalist_runs/D4_domain_no_pa_no_stats_seed1337/best_model_test_overall.pth | unseen_day_unseen_rx=85.99% @ E101 -> finalist_runs/D4_domain_no_pa_no_stats_seed1337/best_model_strict_udu.pth | unseen_day_seen_rx=94.48% @ E106 | seen_day_unseen_rx=91.00% @ E078
[BEST-PRIMARY] score=87.65 @ E101 -> finalist_runs/D4_domain_no_pa_no_stats_seed1337/best_model_primary_ood.pth | overall=90.75% strict_udu=85.99%
[BEST-WORST-RX] worst_rx=86.13% (test_rx_8) @ E101 -> finalist_runs/D4_domain_no_pa_no_stats_seed1337/best_model_worst_rx.pth
====================================================================================================================================
[Epoch 155/200] time=80.9s | lr=2.48e-05 | aux_scale=1.000
[STAGE] phase=S3_refine_aux_late_stable | use_aux=1.0 cons=0.75 cls_aux=0.66 reg=0.66 joint_inv=0.20 kl=0.40 group_ce=0.91
[MIXSTYLE-EPOCH] phase=late_anneal enabled=1 p=0.050 strength=0.350 anneal_t=1.000
[AUG] scale=0.283 | p_dac=0.000 p_pa=0.040 p_shift=0.099 p_cfo=0.099 p_awgn=0.113 p_mp=0.051 | max_shift=9 cfo_max=0.000113 pn_max=0.001695
------------------------------------------------------------------------------------------------------------------------------------
[LOSS-CORE] total=3.2308 cls=0.8300 dom=0.3602 adv=2.6187 orth=0.0031 cons=0.1496 group_ce=1.4892
[LOSS-AUX]  cls_pa=0.9523 cls_dac=0.0000 pa_joint_inv=0.1997 pa_kl=0.7737 dac_reg=0.0000 pa_reg=0.0143 gap_dac=0.0000 gap_pa=0.2831 cos_joint_pa=0.8003 cos_imp_pa=nan
[LOSS-SAT]  cls_sat=8.9042 sat_cons=0.7094 sat_cos=0.2906
[LOSS-DG]   proto=0.0000 proto_cos=nan supcon=0.0000 fishr=0.0008 sgc_res=0.0000
[LOSS-CAL]  ecc=0.0000 ecc_w=0.0000 ecc_tau=0.9500 ecc_maxp=nan
[TRAIN] tx=93.85% dom=86.53% cons_cos=0.8504
[GRAD]  total=4.132 backbone=1.000 aux=0.750 domain=0.447
[VAL]   tx=98.87% dom=94.50%
[TEST]  overall_tx=89.57% (182732/204000)
[TEST-SPLIT]
          unseen_day_seen_rx(days=['2021_03_15', '2021_03_23'], rxs=[0, 1, 2, 3, 4, 5, 6]): tx=93.45% (78495/84000)
          seen_day_unseen_rx(days=['2021_03_01', '2021_03_08'], rxs=[7, 8, 9, 10, 11]): tx=89.65% (53788/60000)
          unseen_day_unseen_rx(days=['2021_03_15', '2021_03_23'], rxs=[7, 8, 9, 10, 11]): tx=84.08% (50449/60000)
          day=2021_03_15 on seen_rxs=[0, 1, 2, 3, 4, 5, 6]: tx=95.60% (40153/42000)
          day=2021_03_23 on seen_rxs=[0, 1, 2, 3, 4, 5, 6]: tx=91.29% (38342/42000)
          rx=7 on seen_days=['2021_03_01', '2021_03_08']: tx=86.22% (10346/12000)
          rx=8 on seen_days=['2021_03_01', '2021_03_08']: tx=83.88% (10065/12000)
          rx=9 on seen_days=['2021_03_01', '2021_03_08']: tx=91.36% (10963/12000)
          rx=10 on seen_days=['2021_03_01', '2021_03_08']: tx=93.33% (11199/12000)
          rx=11 on seen_days=['2021_03_01', '2021_03_08']: tx=93.46% (11215/12000)
[BEST-JOINT]  val_tx=99.00% & test_tx=90.31% @ E111
[CKPT]  latest -> finalist_runs/D4_domain_no_pa_no_stats_seed1337/latest_model.pth (saved) | best -> finalist_runs/D4_domain_no_pa_no_stats_seed1337/best_model_val.pth
====================================================================================================================================
[SAT-TEST] scenario=clear_leo selected=test_unseen_day_unseen_rx overall_tx=46.59% strict_udu=46.59% (27951/60000)
[SAT-TEST] scenario=low_elev_leo selected=test_unseen_day_unseen_rx overall_tx=47.56% strict_udu=47.56% (28535/60000)
[SAT-TEST] scenario=rain_leo selected=test_unseen_day_unseen_rx overall_tx=45.11% strict_udu=45.11% (27066/60000)
[SAT-TEST] scenario=storm_mp selected=test_unseen_day_unseen_rx overall_tx=39.86% strict_udu=39.86% (23917/60000)
[SAT-TEST] scenario=mixed_orbit selected=test_unseen_day_unseen_rx overall_tx=42.41% strict_udu=42.41% (25446/60000)
[BEST-TEST] overall=90.75% @ E101 -> finalist_runs/D4_domain_no_pa_no_stats_seed1337/best_model_test_overall.pth | unseen_day_unseen_rx=85.99% @ E101 -> finalist_runs/D4_domain_no_pa_no_stats_seed1337/best_model_strict_udu.pth | unseen_day_seen_rx=94.48% @ E106 | seen_day_unseen_rx=91.00% @ E078
[BEST-PRIMARY] score=87.65 @ E101 -> finalist_runs/D4_domain_no_pa_no_stats_seed1337/best_model_primary_ood.pth | overall=90.75% strict_udu=85.99%
[BEST-WORST-RX] worst_rx=86.13% (test_rx_8) @ E101 -> finalist_runs/D4_domain_no_pa_no_stats_seed1337/best_model_worst_rx.pth
====================================================================================================================================
[Epoch 156/200] time=79.4s | lr=2.38e-05 | aux_scale=1.000
[STAGE] phase=S3_refine_aux_late_stable | use_aux=1.0 cons=0.74 cls_aux=0.64 reg=0.64 joint_inv=0.19 kl=0.39 group_ce=0.90
[MIXSTYLE-EPOCH] phase=late_anneal enabled=1 p=0.050 strength=0.350 anneal_t=1.000
[AUG] scale=0.278 | p_dac=0.000 p_pa=0.039 p_shift=0.097 p_cfo=0.097 p_awgn=0.111 p_mp=0.050 | max_shift=9 cfo_max=0.0001112 pn_max=0.001668
------------------------------------------------------------------------------------------------------------------------------------
[LOSS-CORE] total=3.1284 cls=0.7728 dom=0.3593 adv=2.6215 orth=0.0033 cons=0.1451 group_ce=1.4025
[LOSS-AUX]  cls_pa=0.9085 cls_dac=0.0000 pa_joint_inv=0.1972 pa_kl=0.7363 dac_reg=0.0000 pa_reg=0.0145 gap_dac=0.0000 gap_pa=0.2773 cos_joint_pa=0.8028 cos_imp_pa=nan
[LOSS-SAT]  cls_sat=8.7196 sat_cons=0.6990 sat_cos=0.3010
[LOSS-DG]   proto=0.0000 proto_cos=nan supcon=0.0000 fishr=0.0007 sgc_res=0.0000
[LOSS-CAL]  ecc=0.0000 ecc_w=0.0000 ecc_tau=0.9500 ecc_maxp=nan
[TRAIN] tx=94.24% dom=86.59% cons_cos=0.8549
[GRAD]  total=3.832 backbone=1.000 aux=0.750 domain=0.448
[VAL]   tx=98.91% dom=94.40%
[TEST]  overall_tx=89.84% (183267/204000)
[TEST-SPLIT]
          unseen_day_seen_rx(days=['2021_03_15', '2021_03_23'], rxs=[0, 1, 2, 3, 4, 5, 6]): tx=93.49% (78533/84000)
          seen_day_unseen_rx(days=['2021_03_01', '2021_03_08'], rxs=[7, 8, 9, 10, 11]): tx=90.21% (54124/60000)
          unseen_day_unseen_rx(days=['2021_03_15', '2021_03_23'], rxs=[7, 8, 9, 10, 11]): tx=84.35% (50610/60000)
          day=2021_03_15 on seen_rxs=[0, 1, 2, 3, 4, 5, 6]: tx=95.67% (40183/42000)
          day=2021_03_23 on seen_rxs=[0, 1, 2, 3, 4, 5, 6]: tx=91.31% (38350/42000)
          rx=7 on seen_days=['2021_03_01', '2021_03_08']: tx=86.79% (10415/12000)
          rx=8 on seen_days=['2021_03_01', '2021_03_08']: tx=84.62% (10155/12000)
          rx=9 on seen_days=['2021_03_01', '2021_03_08']: tx=91.60% (10992/12000)
          rx=10 on seen_days=['2021_03_01', '2021_03_08']: tx=93.62% (11235/12000)
          rx=11 on seen_days=['2021_03_01', '2021_03_08']: tx=94.39% (11327/12000)
[BEST-JOINT]  val_tx=99.00% & test_tx=90.31% @ E111
[CKPT]  latest -> finalist_runs/D4_domain_no_pa_no_stats_seed1337/latest_model.pth (saved) | best -> finalist_runs/D4_domain_no_pa_no_stats_seed1337/best_model_val.pth
====================================================================================================================================
[SAT-TEST] scenario=clear_leo selected=test_unseen_day_unseen_rx overall_tx=46.45% strict_udu=46.45% (27873/60000)
[SAT-TEST] scenario=low_elev_leo selected=test_unseen_day_unseen_rx overall_tx=47.35% strict_udu=47.35% (28413/60000)
[SAT-TEST] scenario=rain_leo selected=test_unseen_day_unseen_rx overall_tx=44.81% strict_udu=44.81% (26888/60000)
[SAT-TEST] scenario=storm_mp selected=test_unseen_day_unseen_rx overall_tx=39.58% strict_udu=39.58% (23749/60000)
[SAT-TEST] scenario=mixed_orbit selected=test_unseen_day_unseen_rx overall_tx=42.71% strict_udu=42.71% (25626/60000)
[BEST-TEST] overall=90.75% @ E101 -> finalist_runs/D4_domain_no_pa_no_stats_seed1337/best_model_test_overall.pth | unseen_day_unseen_rx=85.99% @ E101 -> finalist_runs/D4_domain_no_pa_no_stats_seed1337/best_model_strict_udu.pth | unseen_day_seen_rx=94.48% @ E106 | seen_day_unseen_rx=91.00% @ E078
[BEST-PRIMARY] score=87.65 @ E101 -> finalist_runs/D4_domain_no_pa_no_stats_seed1337/best_model_primary_ood.pth | overall=90.75% strict_udu=85.99%
[BEST-WORST-RX] worst_rx=86.13% (test_rx_8) @ E101 -> finalist_runs/D4_domain_no_pa_no_stats_seed1337/best_model_worst_rx.pth
====================================================================================================================================
[Epoch 157/200] time=78.7s | lr=2.28e-05 | aux_scale=1.000
[STAGE] phase=S3_refine_aux_late_stable | use_aux=1.0 cons=0.72 cls_aux=0.62 reg=0.62 joint_inv=0.19 kl=0.38 group_ce=0.90
[MIXSTYLE-EPOCH] phase=late_anneal enabled=1 p=0.050 strength=0.350 anneal_t=1.000
[AUG] scale=0.274 | p_dac=0.000 p_pa=0.038 p_shift=0.096 p_cfo=0.096 p_awgn=0.109 p_mp=0.049 | max_shift=9 cfo_max=0.0001094 pn_max=0.001641
------------------------------------------------------------------------------------------------------------------------------------
[LOSS-CORE] total=3.3269 cls=0.9261 dom=0.3899 adv=2.6229 orth=0.0031 cons=0.1504 group_ce=1.6460
[LOSS-AUX]  cls_pa=0.9556 cls_dac=0.0000 pa_joint_inv=0.1998 pa_kl=0.7831 dac_reg=0.0000 pa_reg=0.0145 gap_dac=0.0000 gap_pa=0.2813 cos_joint_pa=0.8002 cos_imp_pa=nan
[LOSS-SAT]  cls_sat=8.7442 sat_cons=0.6943 sat_cos=0.3057
[LOSS-DG]   proto=0.0000 proto_cos=nan supcon=0.0000 fishr=0.0009 sgc_res=0.0000
[LOSS-CAL]  ecc=0.0000 ecc_w=0.0000 ecc_tau=0.9500 ecc_maxp=nan
[TRAIN] tx=92.72% dom=85.49% cons_cos=0.8496
[GRAD]  total=4.163 backbone=1.000 aux=0.750 domain=0.447
[VAL]   tx=98.89% dom=94.43%
[TEST]  overall_tx=89.92% (183432/204000)
[TEST-SPLIT]
          unseen_day_seen_rx(days=['2021_03_15', '2021_03_23'], rxs=[0, 1, 2, 3, 4, 5, 6]): tx=93.55% (78582/84000)
          seen_day_unseen_rx(days=['2021_03_01', '2021_03_08'], rxs=[7, 8, 9, 10, 11]): tx=89.83% (53896/60000)
          unseen_day_unseen_rx(days=['2021_03_15', '2021_03_23'], rxs=[7, 8, 9, 10, 11]): tx=84.92% (50954/60000)
          day=2021_03_15 on seen_rxs=[0, 1, 2, 3, 4, 5, 6]: tx=95.36% (40052/42000)
          day=2021_03_23 on seen_rxs=[0, 1, 2, 3, 4, 5, 6]: tx=91.74% (38530/42000)
          rx=7 on seen_days=['2021_03_01', '2021_03_08']: tx=86.90% (10428/12000)
          rx=8 on seen_days=['2021_03_01', '2021_03_08']: tx=84.31% (10117/12000)
          rx=9 on seen_days=['2021_03_01', '2021_03_08']: tx=90.47% (10857/12000)
          rx=10 on seen_days=['2021_03_01', '2021_03_08']: tx=93.53% (11224/12000)
          rx=11 on seen_days=['2021_03_01', '2021_03_08']: tx=93.92% (11270/12000)
[BEST-JOINT]  val_tx=99.00% & test_tx=90.31% @ E111
[CKPT]  latest -> finalist_runs/D4_domain_no_pa_no_stats_seed1337/latest_model.pth (saved) | best -> finalist_runs/D4_domain_no_pa_no_stats_seed1337/best_model_val.pth
====================================================================================================================================
[SAT-TEST] scenario=clear_leo selected=test_unseen_day_unseen_rx overall_tx=46.54% strict_udu=46.54% (27925/60000)
[SAT-TEST] scenario=low_elev_leo selected=test_unseen_day_unseen_rx overall_tx=47.26% strict_udu=47.26% (28355/60000)
[SAT-TEST] scenario=rain_leo selected=test_unseen_day_unseen_rx overall_tx=44.73% strict_udu=44.73% (26839/60000)
[SAT-TEST] scenario=storm_mp selected=test_unseen_day_unseen_rx overall_tx=39.67% strict_udu=39.67% (23801/60000)
[SAT-TEST] scenario=mixed_orbit selected=test_unseen_day_unseen_rx overall_tx=42.78% strict_udu=42.78% (25671/60000)
[BEST-TEST] overall=90.75% @ E101 -> finalist_runs/D4_domain_no_pa_no_stats_seed1337/best_model_test_overall.pth | unseen_day_unseen_rx=85.99% @ E101 -> finalist_runs/D4_domain_no_pa_no_stats_seed1337/best_model_strict_udu.pth | unseen_day_seen_rx=94.48% @ E106 | seen_day_unseen_rx=91.00% @ E078
[BEST-PRIMARY] score=87.65 @ E101 -> finalist_runs/D4_domain_no_pa_no_stats_seed1337/best_model_primary_ood.pth | overall=90.75% strict_udu=85.99%
[BEST-WORST-RX] worst_rx=86.13% (test_rx_8) @ E101 -> finalist_runs/D4_domain_no_pa_no_stats_seed1337/best_model_worst_rx.pth
====================================================================================================================================
[Epoch 158/200] time=77.5s | lr=2.19e-05 | aux_scale=1.000
[STAGE] phase=S3_refine_aux_late_stable | use_aux=1.0 cons=0.70 cls_aux=0.59 reg=0.59 joint_inv=0.18 kl=0.36 group_ce=0.89
[MIXSTYLE-EPOCH] phase=late_anneal enabled=1 p=0.050 strength=0.350 anneal_t=1.000
[AUG] scale=0.269 | p_dac=0.000 p_pa=0.038 p_shift=0.094 p_cfo=0.094 p_awgn=0.108 p_mp=0.048 | max_shift=9 cfo_max=0.0001076 pn_max=0.001614
------------------------------------------------------------------------------------------------------------------------------------
[LOSS-CORE] total=3.4122 cls=1.0066 dom=0.4093 adv=2.6189 orth=0.0030 cons=0.1537 group_ce=1.7380
[LOSS-AUX]  cls_pa=0.9750 cls_dac=0.0000 pa_joint_inv=0.2008 pa_kl=0.8012 dac_reg=0.0000 pa_reg=0.0142 gap_dac=0.0000 gap_pa=0.2818 cos_joint_pa=0.7992 cos_imp_pa=nan
[LOSS-SAT]  cls_sat=8.6590 sat_cons=0.6864 sat_cos=0.3136
[LOSS-DG]   proto=0.0000 proto_cos=nan supcon=0.0000 fishr=0.0010 sgc_res=0.0000
[LOSS-CAL]  ecc=0.0000 ecc_w=0.0000 ecc_tau=0.9500 ecc_maxp=nan
[TRAIN] tx=91.69% dom=84.82% cons_cos=0.8463
[GRAD]  total=4.170 backbone=1.000 aux=0.750 domain=0.443
[VAL]   tx=98.89% dom=94.29%
[TEST]  overall_tx=89.72% (183021/204000)
[TEST-SPLIT]
          unseen_day_seen_rx(days=['2021_03_15', '2021_03_23'], rxs=[0, 1, 2, 3, 4, 5, 6]): tx=93.77% (78770/84000)
          seen_day_unseen_rx(days=['2021_03_01', '2021_03_08'], rxs=[7, 8, 9, 10, 11]): tx=89.68% (53806/60000)
          unseen_day_unseen_rx(days=['2021_03_15', '2021_03_23'], rxs=[7, 8, 9, 10, 11]): tx=84.08% (50445/60000)
          day=2021_03_15 on seen_rxs=[0, 1, 2, 3, 4, 5, 6]: tx=95.56% (40136/42000)
          day=2021_03_23 on seen_rxs=[0, 1, 2, 3, 4, 5, 6]: tx=91.99% (38634/42000)
          rx=7 on seen_days=['2021_03_01', '2021_03_08']: tx=86.44% (10373/12000)
          rx=8 on seen_days=['2021_03_01', '2021_03_08']: tx=84.24% (10109/12000)
          rx=9 on seen_days=['2021_03_01', '2021_03_08']: tx=90.66% (10879/12000)
          rx=10 on seen_days=['2021_03_01', '2021_03_08']: tx=94.29% (11315/12000)
          rx=11 on seen_days=['2021_03_01', '2021_03_08']: tx=92.75% (11130/12000)
[BEST-JOINT]  val_tx=99.00% & test_tx=90.31% @ E111
[CKPT]  latest -> finalist_runs/D4_domain_no_pa_no_stats_seed1337/latest_model.pth (saved) | best -> finalist_runs/D4_domain_no_pa_no_stats_seed1337/best_model_val.pth
====================================================================================================================================
[SAT-TEST] scenario=clear_leo selected=test_unseen_day_unseen_rx overall_tx=46.34% strict_udu=46.34% (27802/60000)
[SAT-TEST] scenario=low_elev_leo selected=test_unseen_day_unseen_rx overall_tx=47.10% strict_udu=47.10% (28258/60000)
[SAT-TEST] scenario=rain_leo selected=test_unseen_day_unseen_rx overall_tx=44.70% strict_udu=44.70% (26821/60000)
[SAT-TEST] scenario=storm_mp selected=test_unseen_day_unseen_rx overall_tx=39.64% strict_udu=39.64% (23786/60000)
[SAT-TEST] scenario=mixed_orbit selected=test_unseen_day_unseen_rx overall_tx=42.23% strict_udu=42.23% (25336/60000)
[BEST-TEST] overall=90.75% @ E101 -> finalist_runs/D4_domain_no_pa_no_stats_seed1337/best_model_test_overall.pth | unseen_day_unseen_rx=85.99% @ E101 -> finalist_runs/D4_domain_no_pa_no_stats_seed1337/best_model_strict_udu.pth | unseen_day_seen_rx=94.48% @ E106 | seen_day_unseen_rx=91.00% @ E078
[BEST-PRIMARY] score=87.65 @ E101 -> finalist_runs/D4_domain_no_pa_no_stats_seed1337/best_model_primary_ood.pth | overall=90.75% strict_udu=85.99%
[BEST-WORST-RX] worst_rx=86.13% (test_rx_8) @ E101 -> finalist_runs/D4_domain_no_pa_no_stats_seed1337/best_model_worst_rx.pth
====================================================================================================================================
[Epoch 159/200] time=79.0s | lr=2.09e-05 | aux_scale=1.000
[STAGE] phase=S3_refine_aux_late_stable | use_aux=1.0 cons=0.69 cls_aux=0.57 reg=0.57 joint_inv=0.17 kl=0.35 group_ce=0.89
[MIXSTYLE-EPOCH] phase=late_anneal enabled=1 p=0.050 strength=0.350 anneal_t=1.000
[AUG] scale=0.264 | p_dac=0.000 p_pa=0.037 p_shift=0.093 p_cfo=0.093 p_awgn=0.106 p_mp=0.048 | max_shift=8 cfo_max=0.0001057 pn_max=0.001586
------------------------------------------------------------------------------------------------------------------------------------
[LOSS-CORE] total=3.1539 cls=0.8164 dom=0.3658 adv=2.6185 orth=0.0032 cons=0.1502 group_ce=1.5551
[LOSS-AUX]  cls_pa=0.9862 cls_dac=0.0000 pa_joint_inv=0.1998 pa_kl=0.8084 dac_reg=0.0000 pa_reg=0.0146 gap_dac=0.0000 gap_pa=0.2825 cos_joint_pa=0.8002 cos_imp_pa=nan
[LOSS-SAT]  cls_sat=8.7501 sat_cons=0.6958 sat_cos=0.3042
[LOSS-DG]   proto=0.0000 proto_cos=nan supcon=0.0000 fishr=0.0008 sgc_res=0.0000
[LOSS-CAL]  ecc=0.0000 ecc_w=0.0000 ecc_tau=0.9500 ecc_maxp=nan
[TRAIN] tx=93.91% dom=86.29% cons_cos=0.8498
[GRAD]  total=4.058 backbone=1.000 aux=0.750 domain=0.437
[VAL]   tx=98.96% dom=94.60%
[TEST]  overall_tx=89.82% (183237/204000)
[TEST-SPLIT]
          unseen_day_seen_rx(days=['2021_03_15', '2021_03_23'], rxs=[0, 1, 2, 3, 4, 5, 6]): tx=93.77% (78764/84000)
          seen_day_unseen_rx(days=['2021_03_01', '2021_03_08'], rxs=[7, 8, 9, 10, 11]): tx=89.61% (53769/60000)
          unseen_day_unseen_rx(days=['2021_03_15', '2021_03_23'], rxs=[7, 8, 9, 10, 11]): tx=84.51% (50704/60000)
          day=2021_03_15 on seen_rxs=[0, 1, 2, 3, 4, 5, 6]: tx=95.47% (40096/42000)
          day=2021_03_23 on seen_rxs=[0, 1, 2, 3, 4, 5, 6]: tx=92.07% (38668/42000)
          rx=7 on seen_days=['2021_03_01', '2021_03_08']: tx=85.98% (10318/12000)
          rx=8 on seen_days=['2021_03_01', '2021_03_08']: tx=83.66% (10039/12000)
          rx=9 on seen_days=['2021_03_01', '2021_03_08']: tx=90.97% (10916/12000)
          rx=10 on seen_days=['2021_03_01', '2021_03_08']: tx=93.78% (11254/12000)
          rx=11 on seen_days=['2021_03_01', '2021_03_08']: tx=93.68% (11242/12000)
[BEST-JOINT]  val_tx=99.00% & test_tx=90.31% @ E111
[CKPT]  latest -> finalist_runs/D4_domain_no_pa_no_stats_seed1337/latest_model.pth (saved) | best -> finalist_runs/D4_domain_no_pa_no_stats_seed1337/best_model_val.pth
====================================================================================================================================
[SAT-TEST] scenario=clear_leo selected=test_unseen_day_unseen_rx overall_tx=46.20% strict_udu=46.20% (27723/60000)
[SAT-TEST] scenario=low_elev_leo selected=test_unseen_day_unseen_rx overall_tx=46.77% strict_udu=46.77% (28060/60000)
[SAT-TEST] scenario=rain_leo selected=test_unseen_day_unseen_rx overall_tx=44.52% strict_udu=44.52% (26712/60000)
[SAT-TEST] scenario=storm_mp selected=test_unseen_day_unseen_rx overall_tx=39.80% strict_udu=39.80% (23877/60000)
[SAT-TEST] scenario=mixed_orbit selected=test_unseen_day_unseen_rx overall_tx=42.15% strict_udu=42.15% (25287/60000)
[BEST-TEST] overall=90.75% @ E101 -> finalist_runs/D4_domain_no_pa_no_stats_seed1337/best_model_test_overall.pth | unseen_day_unseen_rx=85.99% @ E101 -> finalist_runs/D4_domain_no_pa_no_stats_seed1337/best_model_strict_udu.pth | unseen_day_seen_rx=94.48% @ E106 | seen_day_unseen_rx=91.00% @ E078
[BEST-PRIMARY] score=87.65 @ E101 -> finalist_runs/D4_domain_no_pa_no_stats_seed1337/best_model_primary_ood.pth | overall=90.75% strict_udu=85.99%
[BEST-WORST-RX] worst_rx=86.13% (test_rx_8) @ E101 -> finalist_runs/D4_domain_no_pa_no_stats_seed1337/best_model_worst_rx.pth
====================================================================================================================================
[Epoch 160/200] time=77.9s | lr=2.00e-05 | aux_scale=1.000
[STAGE] phase=S3_refine_aux_late_stable | use_aux=1.0 cons=0.67 cls_aux=0.55 reg=0.55 joint_inv=0.17 kl=0.33 group_ce=0.88
[MIXSTYLE-EPOCH] phase=late_anneal enabled=1 p=0.050 strength=0.350 anneal_t=1.000
[AUG] scale=0.260 | p_dac=0.000 p_pa=0.036 p_shift=0.091 p_cfo=0.091 p_awgn=0.104 p_mp=0.047 | max_shift=8 cfo_max=0.0001039 pn_max=0.001558
------------------------------------------------------------------------------------------------------------------------------------
[LOSS-CORE] total=3.9731 cls=1.4307 dom=0.5096 adv=2.6160 orth=0.0028 cons=0.1851 group_ce=2.4687
[LOSS-AUX]  cls_pa=0.9098 cls_dac=0.0000 pa_joint_inv=0.1950 pa_kl=0.7396 dac_reg=0.0000 pa_reg=0.0148 gap_dac=0.0000 gap_pa=0.2708 cos_joint_pa=0.8050 cos_imp_pa=nan
[LOSS-SAT]  cls_sat=8.8243 sat_cons=0.6939 sat_cos=0.3061
[LOSS-DG]   proto=0.0000 proto_cos=nan supcon=0.0000 fishr=0.0015 sgc_res=0.0000
[LOSS-CAL]  ecc=0.0000 ecc_w=0.0000 ecc_tau=0.9500 ecc_maxp=nan
[TRAIN] tx=88.37% dom=81.32% cons_cos=0.8149
[GRAD]  total=3.929 backbone=1.000 aux=0.750 domain=0.444
[VAL]   tx=98.92% dom=94.49%
[TEST]  overall_tx=90.26% (184129/204000)
[TEST-SPLIT]
          unseen_day_seen_rx(days=['2021_03_15', '2021_03_23'], rxs=[0, 1, 2, 3, 4, 5, 6]): tx=94.06% (79009/84000)
          seen_day_unseen_rx(days=['2021_03_01', '2021_03_08'], rxs=[7, 8, 9, 10, 11]): tx=90.40% (54241/60000)
          unseen_day_unseen_rx(days=['2021_03_15', '2021_03_23'], rxs=[7, 8, 9, 10, 11]): tx=84.80% (50879/60000)
          day=2021_03_15 on seen_rxs=[0, 1, 2, 3, 4, 5, 6]: tx=95.98% (40311/42000)
          day=2021_03_23 on seen_rxs=[0, 1, 2, 3, 4, 5, 6]: tx=92.14% (38698/42000)
          rx=7 on seen_days=['2021_03_01', '2021_03_08']: tx=87.20% (10464/12000)
          rx=8 on seen_days=['2021_03_01', '2021_03_08']: tx=84.63% (10156/12000)
          rx=9 on seen_days=['2021_03_01', '2021_03_08']: tx=91.32% (10958/12000)
          rx=10 on seen_days=['2021_03_01', '2021_03_08']: tx=94.25% (11310/12000)
          rx=11 on seen_days=['2021_03_01', '2021_03_08']: tx=94.61% (11353/12000)
[BEST-JOINT]  val_tx=99.00% & test_tx=90.31% @ E111
[CKPT]  latest -> finalist_runs/D4_domain_no_pa_no_stats_seed1337/latest_model.pth (saved) | best -> finalist_runs/D4_domain_no_pa_no_stats_seed1337/best_model_val.pth
====================================================================================================================================
[SAT-TEST] scenario=clear_leo selected=test_unseen_day_unseen_rx overall_tx=45.98% strict_udu=45.98% (27588/60000)
[SAT-TEST] scenario=low_elev_leo selected=test_unseen_day_unseen_rx overall_tx=46.38% strict_udu=46.38% (27828/60000)
[SAT-TEST] scenario=rain_leo selected=test_unseen_day_unseen_rx overall_tx=44.04% strict_udu=44.04% (26426/60000)
[SAT-TEST] scenario=storm_mp selected=test_unseen_day_unseen_rx overall_tx=39.59% strict_udu=39.59% (23753/60000)
[SAT-TEST] scenario=mixed_orbit selected=test_unseen_day_unseen_rx overall_tx=42.51% strict_udu=42.51% (25507/60000)
[BEST-TEST] overall=90.75% @ E101 -> finalist_runs/D4_domain_no_pa_no_stats_seed1337/best_model_test_overall.pth | unseen_day_unseen_rx=85.99% @ E101 -> finalist_runs/D4_domain_no_pa_no_stats_seed1337/best_model_strict_udu.pth | unseen_day_seen_rx=94.48% @ E106 | seen_day_unseen_rx=91.00% @ E078
[BEST-PRIMARY] score=87.65 @ E101 -> finalist_runs/D4_domain_no_pa_no_stats_seed1337/best_model_primary_ood.pth | overall=90.75% strict_udu=85.99%
[BEST-WORST-RX] worst_rx=86.13% (test_rx_8) @ E101 -> finalist_runs/D4_domain_no_pa_no_stats_seed1337/best_model_worst_rx.pth
====================================================================================================================================
[Epoch 161/200] time=78.2s | lr=1.91e-05 | aux_scale=1.000
[STAGE] phase=S3_refine_aux_late_stable | use_aux=1.0 cons=0.65 cls_aux=0.52 reg=0.52 joint_inv=0.16 kl=0.32 group_ce=0.87
[MIXSTYLE-EPOCH] phase=late_anneal enabled=1 p=0.050 strength=0.350 anneal_t=1.000
[AUG] scale=0.255 | p_dac=0.000 p_pa=0.036 p_shift=0.089 p_cfo=0.089 p_awgn=0.102 p_mp=0.046 | max_shift=8 cfo_max=0.000102 pn_max=0.001529
------------------------------------------------------------------------------------------------------------------------------------
[LOSS-CORE] total=3.6324 cls=1.1769 dom=0.4684 adv=2.6183 orth=0.0027 cons=0.1693 group_ce=2.1493
[LOSS-AUX]  cls_pa=0.9178 cls_dac=0.0000 pa_joint_inv=0.1991 pa_kl=0.7478 dac_reg=0.0000 pa_reg=0.0143 gap_dac=0.0000 gap_pa=0.2860 cos_joint_pa=0.8009 cos_imp_pa=nan
[LOSS-SAT]  cls_sat=8.8089 sat_cons=0.6950 sat_cos=0.3050
[LOSS-DG]   proto=0.0000 proto_cos=nan supcon=0.0000 fishr=0.0014 sgc_res=0.0000
[LOSS-CAL]  ecc=0.0000 ecc_w=0.0000 ecc_tau=0.9500 ecc_maxp=nan
[TRAIN] tx=90.75% dom=82.91% cons_cos=0.8307
[GRAD]  total=3.872 backbone=1.000 aux=0.750 domain=0.452
[VAL]   tx=98.92% dom=94.57%
[TEST]  overall_tx=89.81% (183217/204000)
[TEST-SPLIT]
          unseen_day_seen_rx(days=['2021_03_15', '2021_03_23'], rxs=[0, 1, 2, 3, 4, 5, 6]): tx=93.82% (78812/84000)
          seen_day_unseen_rx(days=['2021_03_01', '2021_03_08'], rxs=[7, 8, 9, 10, 11]): tx=89.45% (53669/60000)
          unseen_day_unseen_rx(days=['2021_03_15', '2021_03_23'], rxs=[7, 8, 9, 10, 11]): tx=84.56% (50736/60000)
          day=2021_03_15 on seen_rxs=[0, 1, 2, 3, 4, 5, 6]: tx=95.58% (40144/42000)
          day=2021_03_23 on seen_rxs=[0, 1, 2, 3, 4, 5, 6]: tx=92.07% (38668/42000)
          rx=7 on seen_days=['2021_03_01', '2021_03_08']: tx=85.97% (10316/12000)
          rx=8 on seen_days=['2021_03_01', '2021_03_08']: tx=83.78% (10053/12000)
          rx=9 on seen_days=['2021_03_01', '2021_03_08']: tx=90.56% (10867/12000)
          rx=10 on seen_days=['2021_03_01', '2021_03_08']: tx=93.58% (11229/12000)
          rx=11 on seen_days=['2021_03_01', '2021_03_08']: tx=93.37% (11204/12000)
[BEST-JOINT]  val_tx=99.00% & test_tx=90.31% @ E111
[CKPT]  latest -> finalist_runs/D4_domain_no_pa_no_stats_seed1337/latest_model.pth (saved) | best -> finalist_runs/D4_domain_no_pa_no_stats_seed1337/best_model_val.pth
====================================================================================================================================
[SAT-TEST] scenario=clear_leo selected=test_unseen_day_unseen_rx overall_tx=45.76% strict_udu=45.76% (27456/60000)
[SAT-TEST] scenario=low_elev_leo selected=test_unseen_day_unseen_rx overall_tx=46.20% strict_udu=46.20% (27720/60000)
[SAT-TEST] scenario=rain_leo selected=test_unseen_day_unseen_rx overall_tx=43.95% strict_udu=43.95% (26372/60000)
[SAT-TEST] scenario=storm_mp selected=test_unseen_day_unseen_rx overall_tx=39.77% strict_udu=39.77% (23865/60000)
[SAT-TEST] scenario=mixed_orbit selected=test_unseen_day_unseen_rx overall_tx=42.31% strict_udu=42.31% (25389/60000)
[BEST-TEST] overall=90.75% @ E101 -> finalist_runs/D4_domain_no_pa_no_stats_seed1337/best_model_test_overall.pth | unseen_day_unseen_rx=85.99% @ E101 -> finalist_runs/D4_domain_no_pa_no_stats_seed1337/best_model_strict_udu.pth | unseen_day_seen_rx=94.48% @ E106 | seen_day_unseen_rx=91.00% @ E078
[BEST-PRIMARY] score=87.65 @ E101 -> finalist_runs/D4_domain_no_pa_no_stats_seed1337/best_model_primary_ood.pth | overall=90.75% strict_udu=85.99%
[BEST-WORST-RX] worst_rx=86.13% (test_rx_8) @ E101 -> finalist_runs/D4_domain_no_pa_no_stats_seed1337/best_model_worst_rx.pth
====================================================================================================================================
[Epoch 162/200] time=78.7s | lr=1.82e-05 | aux_scale=1.000
[STAGE] phase=S3_refine_aux_late_stable | use_aux=1.0 cons=0.63 cls_aux=0.50 reg=0.50 joint_inv=0.15 kl=0.31 group_ce=0.87
[MIXSTYLE-EPOCH] phase=late_anneal enabled=1 p=0.050 strength=0.350 anneal_t=1.000
[AUG] scale=0.250 | p_dac=0.000 p_pa=0.035 p_shift=0.088 p_cfo=0.088 p_awgn=0.100 p_mp=0.045 | max_shift=8 cfo_max=0.0001001 pn_max=0.001501
------------------------------------------------------------------------------------------------------------------------------------
[LOSS-CORE] total=3.1515 cls=0.8548 dom=0.3803 adv=2.6150 orth=0.0030 cons=0.1582 group_ce=1.6665
[LOSS-AUX]  cls_pa=0.8813 cls_dac=0.0000 pa_joint_inv=0.1994 pa_kl=0.7169 dac_reg=0.0000 pa_reg=0.0144 gap_dac=0.0000 gap_pa=0.2811 cos_joint_pa=0.8006 cos_imp_pa=nan
[LOSS-SAT]  cls_sat=8.7407 sat_cons=0.6914 sat_cos=0.3086
[LOSS-DG]   proto=0.0000 proto_cos=nan supcon=0.0000 fishr=0.0009 sgc_res=0.0000
[LOSS-CAL]  ecc=0.0000 ecc_w=0.0000 ecc_tau=0.9500 ecc_maxp=nan
[TRAIN] tx=93.36% dom=85.79% cons_cos=0.8418
[GRAD]  total=4.130 backbone=1.000 aux=0.750 domain=0.450
[VAL]   tx=98.92% dom=94.56%
[TEST]  overall_tx=89.70% (182998/204000)
[TEST-SPLIT]
          unseen_day_seen_rx(days=['2021_03_15', '2021_03_23'], rxs=[0, 1, 2, 3, 4, 5, 6]): tx=93.68% (78692/84000)
          seen_day_unseen_rx(days=['2021_03_01', '2021_03_08'], rxs=[7, 8, 9, 10, 11]): tx=89.43% (53657/60000)
          unseen_day_unseen_rx(days=['2021_03_15', '2021_03_23'], rxs=[7, 8, 9, 10, 11]): tx=84.42% (50649/60000)
          day=2021_03_15 on seen_rxs=[0, 1, 2, 3, 4, 5, 6]: tx=95.35% (40049/42000)
          day=2021_03_23 on seen_rxs=[0, 1, 2, 3, 4, 5, 6]: tx=92.01% (38643/42000)
          rx=7 on seen_days=['2021_03_01', '2021_03_08']: tx=86.25% (10350/12000)
          rx=8 on seen_days=['2021_03_01', '2021_03_08']: tx=83.97% (10077/12000)
          rx=9 on seen_days=['2021_03_01', '2021_03_08']: tx=90.35% (10842/12000)
          rx=10 on seen_days=['2021_03_01', '2021_03_08']: tx=93.95% (11274/12000)
          rx=11 on seen_days=['2021_03_01', '2021_03_08']: tx=92.62% (11114/12000)
[BEST-JOINT]  val_tx=99.00% & test_tx=90.31% @ E111
[CKPT]  latest -> finalist_runs/D4_domain_no_pa_no_stats_seed1337/latest_model.pth (saved) | best -> finalist_runs/D4_domain_no_pa_no_stats_seed1337/best_model_val.pth
====================================================================================================================================
[SAT-TEST] scenario=clear_leo selected=test_unseen_day_unseen_rx overall_tx=45.81% strict_udu=45.81% (27487/60000)
[SAT-TEST] scenario=low_elev_leo selected=test_unseen_day_unseen_rx overall_tx=46.25% strict_udu=46.25% (27751/60000)
[SAT-TEST] scenario=rain_leo selected=test_unseen_day_unseen_rx overall_tx=44.01% strict_udu=44.01% (26405/60000)
[SAT-TEST] scenario=storm_mp selected=test_unseen_day_unseen_rx overall_tx=39.65% strict_udu=39.65% (23789/60000)
[SAT-TEST] scenario=mixed_orbit selected=test_unseen_day_unseen_rx overall_tx=42.36% strict_udu=42.36% (25417/60000)
[BEST-TEST] overall=90.75% @ E101 -> finalist_runs/D4_domain_no_pa_no_stats_seed1337/best_model_test_overall.pth | unseen_day_unseen_rx=85.99% @ E101 -> finalist_runs/D4_domain_no_pa_no_stats_seed1337/best_model_strict_udu.pth | unseen_day_seen_rx=94.48% @ E106 | seen_day_unseen_rx=91.00% @ E078
[BEST-PRIMARY] score=87.65 @ E101 -> finalist_runs/D4_domain_no_pa_no_stats_seed1337/best_model_primary_ood.pth | overall=90.75% strict_udu=85.99%
[BEST-WORST-RX] worst_rx=86.13% (test_rx_8) @ E101 -> finalist_runs/D4_domain_no_pa_no_stats_seed1337/best_model_worst_rx.pth
====================================================================================================================================
[Epoch 163/200] time=78.5s | lr=1.73e-05 | aux_scale=1.000
[STAGE] phase=S3_refine_aux_late_stable | use_aux=1.0 cons=0.62 cls_aux=0.48 reg=0.48 joint_inv=0.15 kl=0.29 group_ce=0.86
[MIXSTYLE-EPOCH] phase=late_anneal enabled=1 p=0.050 strength=0.350 anneal_t=1.000
[AUG] scale=0.245 | p_dac=0.000 p_pa=0.034 p_shift=0.086 p_cfo=0.086 p_awgn=0.098 p_mp=0.044 | max_shift=8 cfo_max=9.812e-05 pn_max=0.001472
------------------------------------------------------------------------------------------------------------------------------------
[LOSS-CORE] total=3.6995 cls=1.2912 dom=0.4503 adv=2.6187 orth=0.0029 cons=0.1709 group_ce=2.1381
[LOSS-AUX]  cls_pa=0.9381 cls_dac=0.0000 pa_joint_inv=0.1982 pa_kl=0.7646 dac_reg=0.0000 pa_reg=0.0145 gap_dac=0.0000 gap_pa=0.2802 cos_joint_pa=0.8018 cos_imp_pa=nan
[LOSS-SAT]  cls_sat=8.8668 sat_cons=0.7008 sat_cos=0.2992
[LOSS-DG]   proto=0.0000 proto_cos=nan supcon=0.0000 fishr=0.0012 sgc_res=0.0000
[LOSS-CAL]  ecc=0.0000 ecc_w=0.0000 ecc_tau=0.9500 ecc_maxp=nan
[TRAIN] tx=89.68% dom=83.24% cons_cos=0.8291
[GRAD]  total=4.124 backbone=1.000 aux=0.750 domain=0.447
[VAL]   tx=98.90% dom=94.49%
[TEST]  overall_tx=89.74% (183061/204000)
[TEST-SPLIT]
          unseen_day_seen_rx(days=['2021_03_15', '2021_03_23'], rxs=[0, 1, 2, 3, 4, 5, 6]): tx=93.57% (78598/84000)
          seen_day_unseen_rx(days=['2021_03_01', '2021_03_08'], rxs=[7, 8, 9, 10, 11]): tx=89.47% (53682/60000)
          unseen_day_unseen_rx(days=['2021_03_15', '2021_03_23'], rxs=[7, 8, 9, 10, 11]): tx=84.64% (50781/60000)
          day=2021_03_15 on seen_rxs=[0, 1, 2, 3, 4, 5, 6]: tx=95.47% (40097/42000)
          day=2021_03_23 on seen_rxs=[0, 1, 2, 3, 4, 5, 6]: tx=91.67% (38501/42000)
          rx=7 on seen_days=['2021_03_01', '2021_03_08']: tx=85.58% (10269/12000)
          rx=8 on seen_days=['2021_03_01', '2021_03_08']: tx=84.04% (10085/12000)
          rx=9 on seen_days=['2021_03_01', '2021_03_08']: tx=90.77% (10892/12000)
          rx=10 on seen_days=['2021_03_01', '2021_03_08']: tx=93.29% (11195/12000)
          rx=11 on seen_days=['2021_03_01', '2021_03_08']: tx=93.67% (11241/12000)
[BEST-JOINT]  val_tx=99.00% & test_tx=90.31% @ E111
[CKPT]  latest -> finalist_runs/D4_domain_no_pa_no_stats_seed1337/latest_model.pth (saved) | best -> finalist_runs/D4_domain_no_pa_no_stats_seed1337/best_model_val.pth
====================================================================================================================================
[SAT-TEST] scenario=clear_leo selected=test_unseen_day_unseen_rx overall_tx=46.18% strict_udu=46.18% (27708/60000)
[SAT-TEST] scenario=low_elev_leo selected=test_unseen_day_unseen_rx overall_tx=46.93% strict_udu=46.93% (28160/60000)
[SAT-TEST] scenario=rain_leo selected=test_unseen_day_unseen_rx overall_tx=44.49% strict_udu=44.49% (26695/60000)
[SAT-TEST] scenario=storm_mp selected=test_unseen_day_unseen_rx overall_tx=39.50% strict_udu=39.50% (23698/60000)
[SAT-TEST] scenario=mixed_orbit selected=test_unseen_day_unseen_rx overall_tx=42.51% strict_udu=42.51% (25504/60000)
[BEST-TEST] overall=90.75% @ E101 -> finalist_runs/D4_domain_no_pa_no_stats_seed1337/best_model_test_overall.pth | unseen_day_unseen_rx=85.99% @ E101 -> finalist_runs/D4_domain_no_pa_no_stats_seed1337/best_model_strict_udu.pth | unseen_day_seen_rx=94.48% @ E106 | seen_day_unseen_rx=91.00% @ E078
[BEST-PRIMARY] score=87.65 @ E101 -> finalist_runs/D4_domain_no_pa_no_stats_seed1337/best_model_primary_ood.pth | overall=90.75% strict_udu=85.99%
[BEST-WORST-RX] worst_rx=86.13% (test_rx_8) @ E101 -> finalist_runs/D4_domain_no_pa_no_stats_seed1337/best_model_worst_rx.pth
====================================================================================================================================
[Epoch 164/200] time=78.1s | lr=1.65e-05 | aux_scale=1.000
[STAGE] phase=S3_refine_aux_late_stable | use_aux=1.0 cons=0.60 cls_aux=0.45 reg=0.45 joint_inv=0.14 kl=0.28 group_ce=0.85
[MIXSTYLE-EPOCH] phase=late_anneal enabled=1 p=0.050 strength=0.350 anneal_t=1.000
[AUG] scale=0.240 | p_dac=0.000 p_pa=0.034 p_shift=0.084 p_cfo=0.084 p_awgn=0.096 p_mp=0.043 | max_shift=8 cfo_max=9.618e-05 pn_max=0.001443
------------------------------------------------------------------------------------------------------------------------------------
[LOSS-CORE] total=2.9394 cls=0.7355 dom=0.3451 adv=2.6194 orth=0.0031 cons=0.1447 group_ce=1.3520
[LOSS-AUX]  cls_pa=0.9458 cls_dac=0.0000 pa_joint_inv=0.2014 pa_kl=0.7771 dac_reg=0.0000 pa_reg=0.0142 gap_dac=0.0000 gap_pa=0.2813 cos_joint_pa=0.7986 cos_imp_pa=nan
[LOSS-SAT]  cls_sat=8.6943 sat_cons=0.7003 sat_cos=0.2997
[LOSS-DG]   proto=0.0000 proto_cos=nan supcon=0.0000 fishr=0.0007 sgc_res=0.0000
[LOSS-CAL]  ecc=0.0000 ecc_w=0.0000 ecc_tau=0.9500 ecc_maxp=nan
[TRAIN] tx=94.10% dom=87.26% cons_cos=0.8553
[GRAD]  total=3.973 backbone=1.000 aux=0.750 domain=0.448
[VAL]   tx=98.89% dom=94.63%
[TEST]  overall_tx=89.80% (183183/204000)
[TEST-SPLIT]
          unseen_day_seen_rx(days=['2021_03_15', '2021_03_23'], rxs=[0, 1, 2, 3, 4, 5, 6]): tx=93.57% (78601/84000)
          seen_day_unseen_rx(days=['2021_03_01', '2021_03_08'], rxs=[7, 8, 9, 10, 11]): tx=89.67% (53805/60000)
          unseen_day_unseen_rx(days=['2021_03_15', '2021_03_23'], rxs=[7, 8, 9, 10, 11]): tx=84.63% (50777/60000)
          day=2021_03_15 on seen_rxs=[0, 1, 2, 3, 4, 5, 6]: tx=95.59% (40146/42000)
          day=2021_03_23 on seen_rxs=[0, 1, 2, 3, 4, 5, 6]: tx=91.56% (38455/42000)
          rx=7 on seen_days=['2021_03_01', '2021_03_08']: tx=85.76% (10291/12000)
          rx=8 on seen_days=['2021_03_01', '2021_03_08']: tx=84.29% (10115/12000)
          rx=9 on seen_days=['2021_03_01', '2021_03_08']: tx=90.74% (10889/12000)
          rx=10 on seen_days=['2021_03_01', '2021_03_08']: tx=93.47% (11217/12000)
          rx=11 on seen_days=['2021_03_01', '2021_03_08']: tx=94.11% (11293/12000)
[BEST-JOINT]  val_tx=99.00% & test_tx=90.31% @ E111
[CKPT]  latest -> finalist_runs/D4_domain_no_pa_no_stats_seed1337/latest_model.pth (saved) | best -> finalist_runs/D4_domain_no_pa_no_stats_seed1337/best_model_val.pth
====================================================================================================================================
[SAT-TEST] scenario=clear_leo selected=test_unseen_day_unseen_rx overall_tx=46.19% strict_udu=46.19% (27715/60000)
[SAT-TEST] scenario=low_elev_leo selected=test_unseen_day_unseen_rx overall_tx=46.70% strict_udu=46.70% (28019/60000)
[SAT-TEST] scenario=rain_leo selected=test_unseen_day_unseen_rx overall_tx=44.41% strict_udu=44.41% (26648/60000)
[SAT-TEST] scenario=storm_mp selected=test_unseen_day_unseen_rx overall_tx=39.71% strict_udu=39.71% (23824/60000)
[SAT-TEST] scenario=mixed_orbit selected=test_unseen_day_unseen_rx overall_tx=42.51% strict_udu=42.51% (25505/60000)
[BEST-TEST] overall=90.75% @ E101 -> finalist_runs/D4_domain_no_pa_no_stats_seed1337/best_model_test_overall.pth | unseen_day_unseen_rx=85.99% @ E101 -> finalist_runs/D4_domain_no_pa_no_stats_seed1337/best_model_strict_udu.pth | unseen_day_seen_rx=94.48% @ E106 | seen_day_unseen_rx=91.00% @ E078
[BEST-PRIMARY] score=87.65 @ E101 -> finalist_runs/D4_domain_no_pa_no_stats_seed1337/best_model_primary_ood.pth | overall=90.75% strict_udu=85.99%
[BEST-WORST-RX] worst_rx=86.13% (test_rx_8) @ E101 -> finalist_runs/D4_domain_no_pa_no_stats_seed1337/best_model_worst_rx.pth
====================================================================================================================================
[Epoch 165/200] time=78.3s | lr=1.57e-05 | aux_scale=1.000
[STAGE] phase=S3_refine_aux_late_stable | use_aux=1.0 cons=0.58 cls_aux=0.43 reg=0.43 joint_inv=0.13 kl=0.26 group_ce=0.85
[MIXSTYLE-EPOCH] phase=late_anneal enabled=1 p=0.050 strength=0.350 anneal_t=1.000
[AUG] scale=0.236 | p_dac=0.000 p_pa=0.033 p_shift=0.082 p_cfo=0.082 p_awgn=0.094 p_mp=0.042 | max_shift=8 cfo_max=9.421e-05 pn_max=0.001413
------------------------------------------------------------------------------------------------------------------------------------
[LOSS-CORE] total=3.3802 cls=1.0657 dom=0.4221 adv=2.6143 orth=0.0026 cons=0.1641 group_ce=1.9860
[LOSS-AUX]  cls_pa=0.8553 cls_dac=0.0000 pa_joint_inv=0.1934 pa_kl=0.6788 dac_reg=0.0000 pa_reg=0.0148 gap_dac=0.0000 gap_pa=0.2718 cos_joint_pa=0.8066 cos_imp_pa=nan
[LOSS-SAT]  cls_sat=8.7789 sat_cons=0.6990 sat_cos=0.3010
[LOSS-DG]   proto=0.0000 proto_cos=nan supcon=0.0000 fishr=0.0012 sgc_res=0.0000
[LOSS-CAL]  ecc=0.0000 ecc_w=0.0000 ecc_tau=0.9500 ecc_maxp=nan
[TRAIN] tx=91.73% dom=84.40% cons_cos=0.8359
[GRAD]  total=4.298 backbone=1.000 aux=0.750 domain=0.457
[VAL]   tx=98.91% dom=94.58%
[TEST]  overall_tx=89.88% (183356/204000)
[TEST-SPLIT]
          unseen_day_seen_rx(days=['2021_03_15', '2021_03_23'], rxs=[0, 1, 2, 3, 4, 5, 6]): tx=93.53% (78564/84000)
          seen_day_unseen_rx(days=['2021_03_01', '2021_03_08'], rxs=[7, 8, 9, 10, 11]): tx=89.96% (53978/60000)
          unseen_day_unseen_rx(days=['2021_03_15', '2021_03_23'], rxs=[7, 8, 9, 10, 11]): tx=84.69% (50814/60000)
          day=2021_03_15 on seen_rxs=[0, 1, 2, 3, 4, 5, 6]: tx=95.57% (40140/42000)
          day=2021_03_23 on seen_rxs=[0, 1, 2, 3, 4, 5, 6]: tx=91.49% (38424/42000)
          rx=7 on seen_days=['2021_03_01', '2021_03_08']: tx=87.05% (10446/12000)
          rx=8 on seen_days=['2021_03_01', '2021_03_08']: tx=83.80% (10056/12000)
          rx=9 on seen_days=['2021_03_01', '2021_03_08']: tx=90.93% (10912/12000)
          rx=10 on seen_days=['2021_03_01', '2021_03_08']: tx=93.95% (11274/12000)
          rx=11 on seen_days=['2021_03_01', '2021_03_08']: tx=94.08% (11290/12000)
[BEST-JOINT]  val_tx=99.00% & test_tx=90.31% @ E111
[CKPT]  latest -> finalist_runs/D4_domain_no_pa_no_stats_seed1337/latest_model.pth (saved) | best -> finalist_runs/D4_domain_no_pa_no_stats_seed1337/best_model_val.pth
====================================================================================================================================
[SAT-TEST] scenario=clear_leo selected=test_unseen_day_unseen_rx overall_tx=46.05% strict_udu=46.05% (27627/60000)
[SAT-TEST] scenario=low_elev_leo selected=test_unseen_day_unseen_rx overall_tx=46.58% strict_udu=46.58% (27948/60000)
[SAT-TEST] scenario=rain_leo selected=test_unseen_day_unseen_rx overall_tx=44.30% strict_udu=44.30% (26582/60000)
[SAT-TEST] scenario=storm_mp selected=test_unseen_day_unseen_rx overall_tx=39.41% strict_udu=39.41% (23646/60000)
[SAT-TEST] scenario=mixed_orbit selected=test_unseen_day_unseen_rx overall_tx=42.45% strict_udu=42.45% (25469/60000)
[BEST-TEST] overall=90.75% @ E101 -> finalist_runs/D4_domain_no_pa_no_stats_seed1337/best_model_test_overall.pth | unseen_day_unseen_rx=85.99% @ E101 -> finalist_runs/D4_domain_no_pa_no_stats_seed1337/best_model_strict_udu.pth | unseen_day_seen_rx=94.48% @ E106 | seen_day_unseen_rx=91.00% @ E078
[BEST-PRIMARY] score=87.65 @ E101 -> finalist_runs/D4_domain_no_pa_no_stats_seed1337/best_model_primary_ood.pth | overall=90.75% strict_udu=85.99%
[BEST-WORST-RX] worst_rx=86.13% (test_rx_8) @ E101 -> finalist_runs/D4_domain_no_pa_no_stats_seed1337/best_model_worst_rx.pth
====================================================================================================================================
[Epoch 166/200] time=78.1s | lr=1.49e-05 | aux_scale=1.000
[STAGE] phase=S3_refine_aux_late_stable | use_aux=1.0 cons=0.56 cls_aux=0.40 reg=0.40 joint_inv=0.12 kl=0.25 group_ce=0.84
[MIXSTYLE-EPOCH] phase=late_anneal enabled=1 p=0.050 strength=0.350 anneal_t=1.000
[AUG] scale=0.231 | p_dac=0.000 p_pa=0.032 p_shift=0.081 p_cfo=0.081 p_awgn=0.092 p_mp=0.042 | max_shift=7 cfo_max=9.223e-05 pn_max=0.001383
------------------------------------------------------------------------------------------------------------------------------------
[LOSS-CORE] total=3.2207 cls=0.9696 dom=0.3936 adv=2.6193 orth=0.0029 cons=0.1535 group_ce=1.7089
[LOSS-AUX]  cls_pa=0.8886 cls_dac=0.0000 pa_joint_inv=0.1969 pa_kl=0.7232 dac_reg=0.0000 pa_reg=0.0144 gap_dac=0.0000 gap_pa=0.2847 cos_joint_pa=0.8031 cos_imp_pa=nan
[LOSS-SAT]  cls_sat=8.8087 sat_cons=0.6925 sat_cos=0.3075
[LOSS-DG]   proto=0.0000 proto_cos=nan supcon=0.0000 fishr=0.0010 sgc_res=0.0000
[LOSS-CAL]  ecc=0.0000 ecc_w=0.0000 ecc_tau=0.9500 ecc_maxp=nan
[TRAIN] tx=92.48% dom=85.20% cons_cos=0.8465
[GRAD]  total=3.709 backbone=1.000 aux=0.750 domain=0.428
[VAL]   tx=98.96% dom=94.59%
[TEST]  overall_tx=89.83% (183258/204000)
[TEST-SPLIT]
          unseen_day_seen_rx(days=['2021_03_15', '2021_03_23'], rxs=[0, 1, 2, 3, 4, 5, 6]): tx=93.44% (78488/84000)
          seen_day_unseen_rx(days=['2021_03_01', '2021_03_08'], rxs=[7, 8, 9, 10, 11]): tx=89.63% (53779/60000)
          unseen_day_unseen_rx(days=['2021_03_15', '2021_03_23'], rxs=[7, 8, 9, 10, 11]): tx=84.98% (50991/60000)
          day=2021_03_15 on seen_rxs=[0, 1, 2, 3, 4, 5, 6]: tx=95.40% (40068/42000)
          day=2021_03_23 on seen_rxs=[0, 1, 2, 3, 4, 5, 6]: tx=91.48% (38420/42000)
          rx=7 on seen_days=['2021_03_01', '2021_03_08']: tx=85.51% (10261/12000)
          rx=8 on seen_days=['2021_03_01', '2021_03_08']: tx=83.79% (10055/12000)
          rx=9 on seen_days=['2021_03_01', '2021_03_08']: tx=90.95% (10914/12000)
          rx=10 on seen_days=['2021_03_01', '2021_03_08']: tx=93.28% (11194/12000)
          rx=11 on seen_days=['2021_03_01', '2021_03_08']: tx=94.62% (11355/12000)
[BEST-JOINT]  val_tx=99.00% & test_tx=90.31% @ E111
[CKPT]  latest -> finalist_runs/D4_domain_no_pa_no_stats_seed1337/latest_model.pth (saved) | best -> finalist_runs/D4_domain_no_pa_no_stats_seed1337/best_model_val.pth
====================================================================================================================================
[SAT-TEST] scenario=clear_leo selected=test_unseen_day_unseen_rx overall_tx=45.84% strict_udu=45.84% (27504/60000)
[SAT-TEST] scenario=low_elev_leo selected=test_unseen_day_unseen_rx overall_tx=46.47% strict_udu=46.47% (27881/60000)
[SAT-TEST] scenario=rain_leo selected=test_unseen_day_unseen_rx overall_tx=44.06% strict_udu=44.06% (26434/60000)
[SAT-TEST] scenario=storm_mp selected=test_unseen_day_unseen_rx overall_tx=39.50% strict_udu=39.50% (23698/60000)
[SAT-TEST] scenario=mixed_orbit selected=test_unseen_day_unseen_rx overall_tx=42.16% strict_udu=42.16% (25297/60000)
[BEST-TEST] overall=90.75% @ E101 -> finalist_runs/D4_domain_no_pa_no_stats_seed1337/best_model_test_overall.pth | unseen_day_unseen_rx=85.99% @ E101 -> finalist_runs/D4_domain_no_pa_no_stats_seed1337/best_model_strict_udu.pth | unseen_day_seen_rx=94.48% @ E106 | seen_day_unseen_rx=91.00% @ E078
[BEST-PRIMARY] score=87.65 @ E101 -> finalist_runs/D4_domain_no_pa_no_stats_seed1337/best_model_primary_ood.pth | overall=90.75% strict_udu=85.99%
[BEST-WORST-RX] worst_rx=86.13% (test_rx_8) @ E101 -> finalist_runs/D4_domain_no_pa_no_stats_seed1337/best_model_worst_rx.pth
====================================================================================================================================
[Epoch 167/200] time=78.8s | lr=1.41e-05 | aux_scale=1.000
[STAGE] phase=S3_refine_aux_late_stable | use_aux=1.0 cons=0.54 cls_aux=0.38 reg=0.38 joint_inv=0.12 kl=0.24 group_ce=0.83
[MIXSTYLE-EPOCH] phase=late_anneal enabled=1 p=0.050 strength=0.350 anneal_t=1.000
[AUG] scale=0.226 | p_dac=0.000 p_pa=0.032 p_shift=0.079 p_cfo=0.079 p_awgn=0.090 p_mp=0.041 | max_shift=7 cfo_max=9.023e-05 pn_max=0.001353
------------------------------------------------------------------------------------------------------------------------------------
[LOSS-CORE] total=2.6628 cls=0.5866 dom=0.2817 adv=2.6182 orth=0.0033 cons=0.1369 group_ce=1.1929
[LOSS-AUX]  cls_pa=0.8977 cls_dac=0.0000 pa_joint_inv=0.1960 pa_kl=0.7206 dac_reg=0.0000 pa_reg=0.0142 gap_dac=0.0000 gap_pa=0.2769 cos_joint_pa=0.8040 cos_imp_pa=nan
[LOSS-SAT]  cls_sat=8.7803 sat_cons=0.7066 sat_cos=0.2934
[LOSS-DG]   proto=0.0000 proto_cos=nan supcon=0.0000 fishr=0.0006 sgc_res=0.0000
[LOSS-CAL]  ecc=0.0000 ecc_w=0.0000 ecc_tau=0.9500 ecc_maxp=nan
[TRAIN] tx=95.57% dom=89.13% cons_cos=0.8631
[GRAD]  total=3.915 backbone=1.000 aux=0.750 domain=0.427
[VAL]   tx=98.91% dom=94.62%
[TEST]  overall_tx=89.73% (183049/204000)
[TEST-SPLIT]
          unseen_day_seen_rx(days=['2021_03_15', '2021_03_23'], rxs=[0, 1, 2, 3, 4, 5, 6]): tx=93.82% (78806/84000)
          seen_day_unseen_rx(days=['2021_03_01', '2021_03_08'], rxs=[7, 8, 9, 10, 11]): tx=89.28% (53571/60000)
          unseen_day_unseen_rx(days=['2021_03_15', '2021_03_23'], rxs=[7, 8, 9, 10, 11]): tx=84.45% (50672/60000)
          day=2021_03_15 on seen_rxs=[0, 1, 2, 3, 4, 5, 6]: tx=95.67% (40180/42000)
          day=2021_03_23 on seen_rxs=[0, 1, 2, 3, 4, 5, 6]: tx=91.97% (38626/42000)
          rx=7 on seen_days=['2021_03_01', '2021_03_08']: tx=86.03% (10323/12000)
          rx=8 on seen_days=['2021_03_01', '2021_03_08']: tx=83.66% (10039/12000)
          rx=9 on seen_days=['2021_03_01', '2021_03_08']: tx=90.37% (10844/12000)
          rx=10 on seen_days=['2021_03_01', '2021_03_08']: tx=94.17% (11300/12000)
          rx=11 on seen_days=['2021_03_01', '2021_03_08']: tx=92.21% (11065/12000)
[BEST-JOINT]  val_tx=99.00% & test_tx=90.31% @ E111
[CKPT]  latest -> finalist_runs/D4_domain_no_pa_no_stats_seed1337/latest_model.pth (saved) | best -> finalist_runs/D4_domain_no_pa_no_stats_seed1337/best_model_val.pth
====================================================================================================================================
[SAT-TEST] scenario=clear_leo selected=test_unseen_day_unseen_rx overall_tx=46.14% strict_udu=46.14% (27682/60000)
[SAT-TEST] scenario=low_elev_leo selected=test_unseen_day_unseen_rx overall_tx=46.44% strict_udu=46.44% (27866/60000)
[SAT-TEST] scenario=rain_leo selected=test_unseen_day_unseen_rx overall_tx=44.36% strict_udu=44.36% (26618/60000)
[SAT-TEST] scenario=storm_mp selected=test_unseen_day_unseen_rx overall_tx=39.48% strict_udu=39.48% (23685/60000)
[SAT-TEST] scenario=mixed_orbit selected=test_unseen_day_unseen_rx overall_tx=42.20% strict_udu=42.20% (25320/60000)
[BEST-TEST] overall=90.75% @ E101 -> finalist_runs/D4_domain_no_pa_no_stats_seed1337/best_model_test_overall.pth | unseen_day_unseen_rx=85.99% @ E101 -> finalist_runs/D4_domain_no_pa_no_stats_seed1337/best_model_strict_udu.pth | unseen_day_seen_rx=94.48% @ E106 | seen_day_unseen_rx=91.00% @ E078
[BEST-PRIMARY] score=87.65 @ E101 -> finalist_runs/D4_domain_no_pa_no_stats_seed1337/best_model_primary_ood.pth | overall=90.75% strict_udu=85.99%
[BEST-WORST-RX] worst_rx=86.13% (test_rx_8) @ E101 -> finalist_runs/D4_domain_no_pa_no_stats_seed1337/best_model_worst_rx.pth
====================================================================================================================================
[Epoch 168/200] time=77.6s | lr=1.33e-05 | aux_scale=1.000
[STAGE] phase=S3_refine_aux_late_stable | use_aux=1.0 cons=0.53 cls_aux=0.35 reg=0.35 joint_inv=0.11 kl=0.22 group_ce=0.83
[MIXSTYLE-EPOCH] phase=late_anneal enabled=1 p=0.050 strength=0.350 anneal_t=1.000
[AUG] scale=0.221 | p_dac=0.000 p_pa=0.031 p_shift=0.077 p_cfo=0.077 p_awgn=0.088 p_mp=0.040 | max_shift=7 cfo_max=8.821e-05 pn_max=0.001323
------------------------------------------------------------------------------------------------------------------------------------
[LOSS-CORE] total=4.1217 cls=1.6514 dom=0.5725 adv=2.6206 orth=0.0027 cons=0.1863 group_ce=2.6548
[LOSS-AUX]  cls_pa=0.8670 cls_dac=0.0000 pa_joint_inv=0.1952 pa_kl=0.6950 dac_reg=0.0000 pa_reg=0.0145 gap_dac=0.0000 gap_pa=0.2825 cos_joint_pa=0.8048 cos_imp_pa=nan
[LOSS-SAT]  cls_sat=8.7874 sat_cons=0.6795 sat_cos=0.3205
[LOSS-DG]   proto=0.0000 proto_cos=nan supcon=0.0000 fishr=0.0017 sgc_res=0.0000
[LOSS-CAL]  ecc=0.0000 ecc_w=0.0000 ecc_tau=0.9500 ecc_maxp=nan
[TRAIN] tx=86.38% dom=79.65% cons_cos=0.8137
[GRAD]  total=4.338 backbone=1.000 aux=0.750 domain=0.443
[VAL]   tx=98.97% dom=94.54%
[TEST]  overall_tx=89.93% (183457/204000)
[TEST-SPLIT]
          unseen_day_seen_rx(days=['2021_03_15', '2021_03_23'], rxs=[0, 1, 2, 3, 4, 5, 6]): tx=93.65% (78665/84000)
          seen_day_unseen_rx(days=['2021_03_01', '2021_03_08'], rxs=[7, 8, 9, 10, 11]): tx=89.94% (53962/60000)
          unseen_day_unseen_rx(days=['2021_03_15', '2021_03_23'], rxs=[7, 8, 9, 10, 11]): tx=84.72% (50830/60000)
          day=2021_03_15 on seen_rxs=[0, 1, 2, 3, 4, 5, 6]: tx=95.68% (40186/42000)
          day=2021_03_23 on seen_rxs=[0, 1, 2, 3, 4, 5, 6]: tx=91.62% (38479/42000)
          rx=7 on seen_days=['2021_03_01', '2021_03_08']: tx=86.52% (10382/12000)
          rx=8 on seen_days=['2021_03_01', '2021_03_08']: tx=84.11% (10093/12000)
          rx=9 on seen_days=['2021_03_01', '2021_03_08']: tx=91.21% (10945/12000)
          rx=10 on seen_days=['2021_03_01', '2021_03_08']: tx=93.77% (11252/12000)
          rx=11 on seen_days=['2021_03_01', '2021_03_08']: tx=94.08% (11290/12000)
[BEST-JOINT]  val_tx=99.00% & test_tx=90.31% @ E111
[CKPT]  latest -> finalist_runs/D4_domain_no_pa_no_stats_seed1337/latest_model.pth (saved) | best -> finalist_runs/D4_domain_no_pa_no_stats_seed1337/best_model_val.pth
====================================================================================================================================
[SAT-TEST] scenario=clear_leo selected=test_unseen_day_unseen_rx overall_tx=45.98% strict_udu=45.98% (27585/60000)
[SAT-TEST] scenario=low_elev_leo selected=test_unseen_day_unseen_rx overall_tx=46.76% strict_udu=46.76% (28055/60000)
[SAT-TEST] scenario=rain_leo selected=test_unseen_day_unseen_rx overall_tx=44.38% strict_udu=44.38% (26630/60000)
[SAT-TEST] scenario=storm_mp selected=test_unseen_day_unseen_rx overall_tx=39.45% strict_udu=39.45% (23673/60000)
[SAT-TEST] scenario=mixed_orbit selected=test_unseen_day_unseen_rx overall_tx=42.06% strict_udu=42.06% (25238/60000)
[BEST-TEST] overall=90.75% @ E101 -> finalist_runs/D4_domain_no_pa_no_stats_seed1337/best_model_test_overall.pth | unseen_day_unseen_rx=85.99% @ E101 -> finalist_runs/D4_domain_no_pa_no_stats_seed1337/best_model_strict_udu.pth | unseen_day_seen_rx=94.48% @ E106 | seen_day_unseen_rx=91.00% @ E078
[BEST-PRIMARY] score=87.65 @ E101 -> finalist_runs/D4_domain_no_pa_no_stats_seed1337/best_model_primary_ood.pth | overall=90.75% strict_udu=85.99%
[BEST-WORST-RX] worst_rx=86.13% (test_rx_8) @ E101 -> finalist_runs/D4_domain_no_pa_no_stats_seed1337/best_model_worst_rx.pth
[WARN][E169] unsafe backward/step skipped #12
====================================================================================================================================
[Epoch 169/200] time=78.4s | lr=1.26e-05 | aux_scale=1.000
[STAGE] phase=S3_refine_aux_late_stable | use_aux=1.0 cons=0.51 cls_aux=0.33 reg=0.33 joint_inv=0.10 kl=0.21 group_ce=0.82
[MIXSTYLE-EPOCH] phase=late_anneal enabled=1 p=0.050 strength=0.350 anneal_t=1.000
[AUG] scale=0.215 | p_dac=0.000 p_pa=0.030 p_shift=0.075 p_cfo=0.075 p_awgn=0.086 p_mp=0.039 | max_shift=7 cfo_max=8.618e-05 pn_max=0.001293
------------------------------------------------------------------------------------------------------------------------------------
[LOSS-CORE] total=3.0506 cls=0.8892 dom=0.3821 adv=2.6234 orth=0.0031 cons=0.1467 group_ce=1.5541
[LOSS-AUX]  cls_pa=0.8206 cls_dac=0.0000 pa_joint_inv=0.1928 pa_kl=0.6489 dac_reg=0.0000 pa_reg=0.0144 gap_dac=0.0000 gap_pa=0.2806 cos_joint_pa=0.8072 cos_imp_pa=nan
[LOSS-SAT]  cls_sat=8.7108 sat_cons=0.6968 sat_cos=0.3032
[LOSS-DG]   proto=0.0000 proto_cos=nan supcon=0.0000 fishr=0.0008 sgc_res=0.0000
[LOSS-CAL]  ecc=0.0000 ecc_w=0.0000 ecc_tau=0.9500 ecc_maxp=nan
[TRAIN] tx=92.85% dom=85.50% cons_cos=0.8506
[GRAD]  total=4.278 backbone=1.000 aux=0.750 domain=0.438
[VAL]   tx=98.94% dom=94.65%
[TEST]  overall_tx=90.14% (183894/204000)
[TEST-SPLIT]
          unseen_day_seen_rx(days=['2021_03_15', '2021_03_23'], rxs=[0, 1, 2, 3, 4, 5, 6]): tx=93.80% (78795/84000)
          seen_day_unseen_rx(days=['2021_03_01', '2021_03_08'], rxs=[7, 8, 9, 10, 11]): tx=90.00% (53997/60000)
          unseen_day_unseen_rx(days=['2021_03_15', '2021_03_23'], rxs=[7, 8, 9, 10, 11]): tx=85.17% (51102/60000)
          day=2021_03_15 on seen_rxs=[0, 1, 2, 3, 4, 5, 6]: tx=95.66% (40176/42000)
          day=2021_03_23 on seen_rxs=[0, 1, 2, 3, 4, 5, 6]: tx=91.95% (38619/42000)
          rx=7 on seen_days=['2021_03_01', '2021_03_08']: tx=86.54% (10385/12000)
          rx=8 on seen_days=['2021_03_01', '2021_03_08']: tx=84.61% (10153/12000)
          rx=9 on seen_days=['2021_03_01', '2021_03_08']: tx=90.67% (10880/12000)
          rx=10 on seen_days=['2021_03_01', '2021_03_08']: tx=93.16% (11179/12000)
          rx=11 on seen_days=['2021_03_01', '2021_03_08']: tx=95.00% (11400/12000)
[BEST-JOINT]  val_tx=99.00% & test_tx=90.31% @ E111
[CKPT]  latest -> finalist_runs/D4_domain_no_pa_no_stats_seed1337/latest_model.pth (saved) | best -> finalist_runs/D4_domain_no_pa_no_stats_seed1337/best_model_val.pth
====================================================================================================================================
[SAT-TEST] scenario=clear_leo selected=test_unseen_day_unseen_rx overall_tx=46.48% strict_udu=46.48% (27889/60000)
[SAT-TEST] scenario=low_elev_leo selected=test_unseen_day_unseen_rx overall_tx=46.70% strict_udu=46.70% (28020/60000)
[SAT-TEST] scenario=rain_leo selected=test_unseen_day_unseen_rx overall_tx=44.51% strict_udu=44.51% (26706/60000)
[SAT-TEST] scenario=storm_mp selected=test_unseen_day_unseen_rx overall_tx=39.77% strict_udu=39.77% (23863/60000)
[SAT-TEST] scenario=mixed_orbit selected=test_unseen_day_unseen_rx overall_tx=42.93% strict_udu=42.93% (25756/60000)
[BEST-TEST] overall=90.75% @ E101 -> finalist_runs/D4_domain_no_pa_no_stats_seed1337/best_model_test_overall.pth | unseen_day_unseen_rx=85.99% @ E101 -> finalist_runs/D4_domain_no_pa_no_stats_seed1337/best_model_strict_udu.pth | unseen_day_seen_rx=94.48% @ E106 | seen_day_unseen_rx=91.00% @ E078
[BEST-PRIMARY] score=87.65 @ E101 -> finalist_runs/D4_domain_no_pa_no_stats_seed1337/best_model_primary_ood.pth | overall=90.75% strict_udu=85.99%
[BEST-WORST-RX] worst_rx=86.13% (test_rx_8) @ E101 -> finalist_runs/D4_domain_no_pa_no_stats_seed1337/best_model_worst_rx.pth
====================================================================================================================================
[Epoch 170/200] time=78.5s | lr=1.18e-05 | aux_scale=1.000
[STAGE] phase=S3_refine_aux_late_stable | use_aux=1.0 cons=0.49 cls_aux=0.30 reg=0.30 joint_inv=0.10 kl=0.19 group_ce=0.81
[MIXSTYLE-EPOCH] phase=late_anneal enabled=1 p=0.050 strength=0.350 anneal_t=1.000
[AUG] scale=0.210 | p_dac=0.000 p_pa=0.029 p_shift=0.074 p_cfo=0.074 p_awgn=0.084 p_mp=0.038 | max_shift=7 cfo_max=8.414e-05 pn_max=0.001262
------------------------------------------------------------------------------------------------------------------------------------
[LOSS-CORE] total=2.8413 cls=0.7454 dom=0.3400 adv=2.6189 orth=0.0031 cons=0.1472 group_ce=1.3836
[LOSS-AUX]  cls_pa=0.8553 cls_dac=0.0000 pa_joint_inv=0.1967 pa_kl=0.6861 dac_reg=0.0000 pa_reg=0.0138 gap_dac=0.0000 gap_pa=0.2910 cos_joint_pa=0.8033 cos_imp_pa=nan
[LOSS-SAT]  cls_sat=8.8015 sat_cons=0.7049 sat_cos=0.2951
[LOSS-DG]   proto=0.0000 proto_cos=nan supcon=0.0000 fishr=0.0008 sgc_res=0.0000
[LOSS-CAL]  ecc=0.0000 ecc_w=0.0000 ecc_tau=0.9500 ecc_maxp=nan
[TRAIN] tx=94.36% dom=87.16% cons_cos=0.8528
[GRAD]  total=4.090 backbone=1.000 aux=0.750 domain=0.443
[VAL]   tx=98.91% dom=94.47%
[TEST]  overall_tx=89.87% (183343/204000)
[TEST-SPLIT]
          unseen_day_seen_rx(days=['2021_03_15', '2021_03_23'], rxs=[0, 1, 2, 3, 4, 5, 6]): tx=93.59% (78612/84000)
          seen_day_unseen_rx(days=['2021_03_01', '2021_03_08'], rxs=[7, 8, 9, 10, 11]): tx=89.73% (53839/60000)
          unseen_day_unseen_rx(days=['2021_03_15', '2021_03_23'], rxs=[7, 8, 9, 10, 11]): tx=84.82% (50892/60000)
          day=2021_03_15 on seen_rxs=[0, 1, 2, 3, 4, 5, 6]: tx=95.37% (40055/42000)
          day=2021_03_23 on seen_rxs=[0, 1, 2, 3, 4, 5, 6]: tx=91.80% (38557/42000)
          rx=7 on seen_days=['2021_03_01', '2021_03_08']: tx=86.46% (10375/12000)
          rx=8 on seen_days=['2021_03_01', '2021_03_08']: tx=84.72% (10167/12000)
          rx=9 on seen_days=['2021_03_01', '2021_03_08']: tx=90.17% (10821/12000)
          rx=10 on seen_days=['2021_03_01', '2021_03_08']: tx=93.38% (11205/12000)
          rx=11 on seen_days=['2021_03_01', '2021_03_08']: tx=93.92% (11271/12000)
[BEST-JOINT]  val_tx=99.00% & test_tx=90.31% @ E111
[CKPT]  latest -> finalist_runs/D4_domain_no_pa_no_stats_seed1337/latest_model.pth (saved) | best -> finalist_runs/D4_domain_no_pa_no_stats_seed1337/best_model_val.pth
====================================================================================================================================
[SAT-TEST] scenario=clear_leo selected=test_unseen_day_unseen_rx overall_tx=46.21% strict_udu=46.21% (27726/60000)
[SAT-TEST] scenario=low_elev_leo selected=test_unseen_day_unseen_rx overall_tx=46.69% strict_udu=46.69% (28011/60000)
[SAT-TEST] scenario=rain_leo selected=test_unseen_day_unseen_rx overall_tx=44.34% strict_udu=44.34% (26607/60000)
[SAT-TEST] scenario=storm_mp selected=test_unseen_day_unseen_rx overall_tx=39.71% strict_udu=39.71% (23826/60000)
[SAT-TEST] scenario=mixed_orbit selected=test_unseen_day_unseen_rx overall_tx=42.76% strict_udu=42.76% (25655/60000)
[BEST-TEST] overall=90.75% @ E101 -> finalist_runs/D4_domain_no_pa_no_stats_seed1337/best_model_test_overall.pth | unseen_day_unseen_rx=85.99% @ E101 -> finalist_runs/D4_domain_no_pa_no_stats_seed1337/best_model_strict_udu.pth | unseen_day_seen_rx=94.48% @ E106 | seen_day_unseen_rx=91.00% @ E078
[BEST-PRIMARY] score=87.65 @ E101 -> finalist_runs/D4_domain_no_pa_no_stats_seed1337/best_model_primary_ood.pth | overall=90.75% strict_udu=85.99%
[BEST-WORST-RX] worst_rx=86.13% (test_rx_8) @ E101 -> finalist_runs/D4_domain_no_pa_no_stats_seed1337/best_model_worst_rx.pth
====================================================================================================================================
[Epoch 171/200] time=78.1s | lr=1.11e-05 | aux_scale=1.000
[STAGE] phase=S3_refine_aux_late_stable | use_aux=1.0 cons=0.47 cls_aux=0.28 reg=0.28 joint_inv=0.09 kl=0.18 group_ce=0.81
[MIXSTYLE-EPOCH] phase=late_anneal enabled=1 p=0.050 strength=0.350 anneal_t=1.000
[AUG] scale=0.205 | p_dac=0.000 p_pa=0.029 p_shift=0.072 p_cfo=0.072 p_awgn=0.082 p_mp=0.037 | max_shift=7 cfo_max=8.208e-05 pn_max=0.001231
------------------------------------------------------------------------------------------------------------------------------------
[LOSS-CORE] total=2.7687 cls=0.7233 dom=0.3222 adv=2.6211 orth=0.0031 cons=0.1432 group_ce=1.2894
[LOSS-AUX]  cls_pa=0.8653 cls_dac=0.0000 pa_joint_inv=0.1921 pa_kl=0.6971 dac_reg=0.0000 pa_reg=0.0146 gap_dac=0.0000 gap_pa=0.2765 cos_joint_pa=0.8079 cos_imp_pa=nan
[LOSS-SAT]  cls_sat=8.7045 sat_cons=0.6945 sat_cos=0.3055
[LOSS-DG]   proto=0.0000 proto_cos=nan supcon=0.0000 fishr=0.0007 sgc_res=0.0000
[LOSS-CAL]  ecc=0.0000 ecc_w=0.0000 ecc_tau=0.9500 ecc_maxp=nan
[TRAIN] tx=94.42% dom=87.88% cons_cos=0.8568
[GRAD]  total=3.751 backbone=1.000 aux=0.750 domain=0.426
[VAL]   tx=98.95% dom=94.61%
[TEST]  overall_tx=90.10% (183802/204000)
[TEST-SPLIT]
          unseen_day_seen_rx(days=['2021_03_15', '2021_03_23'], rxs=[0, 1, 2, 3, 4, 5, 6]): tx=93.97% (78938/84000)
          seen_day_unseen_rx(days=['2021_03_01', '2021_03_08'], rxs=[7, 8, 9, 10, 11]): tx=89.85% (53908/60000)
          unseen_day_unseen_rx(days=['2021_03_15', '2021_03_23'], rxs=[7, 8, 9, 10, 11]): tx=84.93% (50956/60000)
          day=2021_03_15 on seen_rxs=[0, 1, 2, 3, 4, 5, 6]: tx=95.76% (40218/42000)
          day=2021_03_23 on seen_rxs=[0, 1, 2, 3, 4, 5, 6]: tx=92.19% (38720/42000)
          rx=7 on seen_days=['2021_03_01', '2021_03_08']: tx=86.35% (10362/12000)
          rx=8 on seen_days=['2021_03_01', '2021_03_08']: tx=84.59% (10151/12000)
          rx=9 on seen_days=['2021_03_01', '2021_03_08']: tx=90.72% (10886/12000)
          rx=10 on seen_days=['2021_03_01', '2021_03_08']: tx=93.91% (11269/12000)
          rx=11 on seen_days=['2021_03_01', '2021_03_08']: tx=93.67% (11240/12000)
[BEST-JOINT]  val_tx=99.00% & test_tx=90.31% @ E111
[CKPT]  latest -> finalist_runs/D4_domain_no_pa_no_stats_seed1337/latest_model.pth (saved) | best -> finalist_runs/D4_domain_no_pa_no_stats_seed1337/best_model_val.pth
====================================================================================================================================
[SAT-TEST] scenario=clear_leo selected=test_unseen_day_unseen_rx overall_tx=46.89% strict_udu=46.89% (28134/60000)
[SAT-TEST] scenario=low_elev_leo selected=test_unseen_day_unseen_rx overall_tx=47.24% strict_udu=47.24% (28346/60000)
[SAT-TEST] scenario=rain_leo selected=test_unseen_day_unseen_rx overall_tx=45.01% strict_udu=45.01% (27007/60000)
[SAT-TEST] scenario=storm_mp selected=test_unseen_day_unseen_rx overall_tx=40.03% strict_udu=40.03% (24019/60000)
[SAT-TEST] scenario=mixed_orbit selected=test_unseen_day_unseen_rx overall_tx=42.85% strict_udu=42.85% (25709/60000)
[BEST-TEST] overall=90.75% @ E101 -> finalist_runs/D4_domain_no_pa_no_stats_seed1337/best_model_test_overall.pth | unseen_day_unseen_rx=85.99% @ E101 -> finalist_runs/D4_domain_no_pa_no_stats_seed1337/best_model_strict_udu.pth | unseen_day_seen_rx=94.48% @ E106 | seen_day_unseen_rx=91.00% @ E078
[BEST-PRIMARY] score=87.65 @ E101 -> finalist_runs/D4_domain_no_pa_no_stats_seed1337/best_model_primary_ood.pth | overall=90.75% strict_udu=85.99%
[BEST-WORST-RX] worst_rx=86.13% (test_rx_8) @ E101 -> finalist_runs/D4_domain_no_pa_no_stats_seed1337/best_model_worst_rx.pth
====================================================================================================================================
[Epoch 172/200] time=78.1s | lr=1.05e-05 | aux_scale=1.000
[STAGE] phase=S3_refine_aux_late_stable | use_aux=1.0 cons=0.45 cls_aux=0.25 reg=0.25 joint_inv=0.08 kl=0.16 group_ce=0.80
[MIXSTYLE-EPOCH] phase=late_anneal enabled=1 p=0.050 strength=0.350 anneal_t=1.000
[AUG] scale=0.200 | p_dac=0.000 p_pa=0.028 p_shift=0.070 p_cfo=0.070 p_awgn=0.080 p_mp=0.036 | max_shift=6 cfo_max=8e-05 pn_max=0.0012
------------------------------------------------------------------------------------------------------------------------------------
[LOSS-CORE] total=3.0190 cls=0.9168 dom=0.3845 adv=2.6230 orth=0.0032 cons=0.1472 group_ce=1.5381
[LOSS-AUX]  cls_pa=0.8206 cls_dac=0.0000 pa_joint_inv=0.1869 pa_kl=0.6518 dac_reg=0.0000 pa_reg=0.0146 gap_dac=0.0000 gap_pa=0.2690 cos_joint_pa=0.8131 cos_imp_pa=nan
[LOSS-SAT]  cls_sat=8.6386 sat_cons=0.6839 sat_cos=0.3161
[LOSS-DG]   proto=0.0000 proto_cos=nan supcon=0.0000 fishr=0.0008 sgc_res=0.0000
[LOSS-CAL]  ecc=0.0000 ecc_w=0.0000 ecc_tau=0.9500 ecc_maxp=nan
[TRAIN] tx=92.75% dom=85.85% cons_cos=0.8528
[GRAD]  total=3.939 backbone=1.000 aux=0.750 domain=0.433
[VAL]   tx=98.90% dom=94.66%
[TEST]  overall_tx=89.65% (182882/204000)
[TEST-SPLIT]
          unseen_day_seen_rx(days=['2021_03_15', '2021_03_23'], rxs=[0, 1, 2, 3, 4, 5, 6]): tx=93.53% (78569/84000)
          seen_day_unseen_rx(days=['2021_03_01', '2021_03_08'], rxs=[7, 8, 9, 10, 11]): tx=89.27% (53562/60000)
          unseen_day_unseen_rx(days=['2021_03_15', '2021_03_23'], rxs=[7, 8, 9, 10, 11]): tx=84.58% (50751/60000)
          day=2021_03_15 on seen_rxs=[0, 1, 2, 3, 4, 5, 6]: tx=95.39% (40065/42000)
          day=2021_03_23 on seen_rxs=[0, 1, 2, 3, 4, 5, 6]: tx=91.68% (38504/42000)
          rx=7 on seen_days=['2021_03_01', '2021_03_08']: tx=85.29% (10235/12000)
          rx=8 on seen_days=['2021_03_01', '2021_03_08']: tx=84.12% (10095/12000)
          rx=9 on seen_days=['2021_03_01', '2021_03_08']: tx=90.26% (10831/12000)
          rx=10 on seen_days=['2021_03_01', '2021_03_08']: tx=93.35% (11202/12000)
          rx=11 on seen_days=['2021_03_01', '2021_03_08']: tx=93.33% (11199/12000)
[BEST-JOINT]  val_tx=99.00% & test_tx=90.31% @ E111
[CKPT]  latest -> finalist_runs/D4_domain_no_pa_no_stats_seed1337/latest_model.pth (saved) | best -> finalist_runs/D4_domain_no_pa_no_stats_seed1337/best_model_val.pth
====================================================================================================================================
[SAT-TEST] scenario=clear_leo selected=test_unseen_day_unseen_rx overall_tx=46.48% strict_udu=46.48% (27890/60000)
[SAT-TEST] scenario=low_elev_leo selected=test_unseen_day_unseen_rx overall_tx=47.15% strict_udu=47.15% (28288/60000)
[SAT-TEST] scenario=rain_leo selected=test_unseen_day_unseen_rx overall_tx=44.91% strict_udu=44.91% (26946/60000)
[SAT-TEST] scenario=storm_mp selected=test_unseen_day_unseen_rx overall_tx=39.89% strict_udu=39.89% (23934/60000)
[SAT-TEST] scenario=mixed_orbit selected=test_unseen_day_unseen_rx overall_tx=42.64% strict_udu=42.64% (25582/60000)
[BEST-TEST] overall=90.75% @ E101 -> finalist_runs/D4_domain_no_pa_no_stats_seed1337/best_model_test_overall.pth | unseen_day_unseen_rx=85.99% @ E101 -> finalist_runs/D4_domain_no_pa_no_stats_seed1337/best_model_strict_udu.pth | unseen_day_seen_rx=94.48% @ E106 | seen_day_unseen_rx=91.00% @ E078
[BEST-PRIMARY] score=87.65 @ E101 -> finalist_runs/D4_domain_no_pa_no_stats_seed1337/best_model_primary_ood.pth | overall=90.75% strict_udu=85.99%
[BEST-WORST-RX] worst_rx=86.13% (test_rx_8) @ E101 -> finalist_runs/D4_domain_no_pa_no_stats_seed1337/best_model_worst_rx.pth
====================================================================================================================================
[Epoch 173/200] time=88.3s | lr=9.82e-06 | aux_scale=1.000
[STAGE] phase=S3_refine_aux_late_stable | use_aux=1.0 cons=0.45 cls_aux=0.25 reg=0.25 joint_inv=0.08 kl=0.16 group_ce=0.80
[MIXSTYLE-EPOCH] phase=late_anneal enabled=1 p=0.050 strength=0.350 anneal_t=1.000
[AUG] scale=0.200 | p_dac=0.000 p_pa=0.028 p_shift=0.070 p_cfo=0.070 p_awgn=0.080 p_mp=0.036 | max_shift=6 cfo_max=8e-05 pn_max=0.0012
------------------------------------------------------------------------------------------------------------------------------------
[LOSS-CORE] total=3.2326 cls=1.0905 dom=0.3965 adv=2.6249 orth=0.0033 cons=0.1580 group_ce=1.7926
[LOSS-AUX]  cls_pa=0.8773 cls_dac=0.0000 pa_joint_inv=0.1895 pa_kl=0.7045 dac_reg=0.0000 pa_reg=0.0147 gap_dac=0.0000 gap_pa=0.2643 cos_joint_pa=0.8105 cos_imp_pa=nan
[LOSS-SAT]  cls_sat=8.6789 sat_cons=0.6944 sat_cos=0.3056
[LOSS-DG]   proto=0.0000 proto_cos=nan supcon=0.0000 fishr=0.0010 sgc_res=0.0000
[LOSS-CAL]  ecc=0.0000 ecc_w=0.0000 ecc_tau=0.9500 ecc_maxp=nan
[TRAIN] tx=91.43% dom=85.28% cons_cos=0.8420
[GRAD]  total=3.749 backbone=1.000 aux=0.750 domain=0.434
[VAL]   tx=98.94% dom=94.43%
[TEST]  overall_tx=90.04% (183682/204000)
[TEST-SPLIT]
          unseen_day_seen_rx(days=['2021_03_15', '2021_03_23'], rxs=[0, 1, 2, 3, 4, 5, 6]): tx=93.93% (78900/84000)
          seen_day_unseen_rx(days=['2021_03_01', '2021_03_08'], rxs=[7, 8, 9, 10, 11]): tx=89.71% (53828/60000)
          unseen_day_unseen_rx(days=['2021_03_15', '2021_03_23'], rxs=[7, 8, 9, 10, 11]): tx=84.92% (50954/60000)
          day=2021_03_15 on seen_rxs=[0, 1, 2, 3, 4, 5, 6]: tx=95.68% (40184/42000)
          day=2021_03_23 on seen_rxs=[0, 1, 2, 3, 4, 5, 6]: tx=92.18% (38716/42000)
          rx=7 on seen_days=['2021_03_01', '2021_03_08']: tx=86.38% (10365/12000)
          rx=8 on seen_days=['2021_03_01', '2021_03_08']: tx=84.58% (10150/12000)
          rx=9 on seen_days=['2021_03_01', '2021_03_08']: tx=90.32% (10838/12000)
          rx=10 on seen_days=['2021_03_01', '2021_03_08']: tx=93.78% (11254/12000)
          rx=11 on seen_days=['2021_03_01', '2021_03_08']: tx=93.51% (11221/12000)
[BEST-JOINT]  val_tx=99.00% & test_tx=90.31% @ E111
[CKPT]  latest -> finalist_runs/D4_domain_no_pa_no_stats_seed1337/latest_model.pth (saved) | best -> finalist_runs/D4_domain_no_pa_no_stats_seed1337/best_model_val.pth
====================================================================================================================================
[SAT-TEST] scenario=clear_leo selected=test_unseen_day_unseen_rx overall_tx=46.53% strict_udu=46.53% (27918/60000)
[SAT-TEST] scenario=low_elev_leo selected=test_unseen_day_unseen_rx overall_tx=46.76% strict_udu=46.76% (28058/60000)
[SAT-TEST] scenario=rain_leo selected=test_unseen_day_unseen_rx overall_tx=44.67% strict_udu=44.67% (26803/60000)
[SAT-TEST] scenario=storm_mp selected=test_unseen_day_unseen_rx overall_tx=39.89% strict_udu=39.89% (23936/60000)
[SAT-TEST] scenario=mixed_orbit selected=test_unseen_day_unseen_rx overall_tx=42.85% strict_udu=42.85% (25710/60000)
[BEST-TEST] overall=90.75% @ E101 -> finalist_runs/D4_domain_no_pa_no_stats_seed1337/best_model_test_overall.pth | unseen_day_unseen_rx=85.99% @ E101 -> finalist_runs/D4_domain_no_pa_no_stats_seed1337/best_model_strict_udu.pth | unseen_day_seen_rx=94.48% @ E106 | seen_day_unseen_rx=91.00% @ E078
[BEST-PRIMARY] score=87.65 @ E101 -> finalist_runs/D4_domain_no_pa_no_stats_seed1337/best_model_primary_ood.pth | overall=90.75% strict_udu=85.99%
[BEST-WORST-RX] worst_rx=86.13% (test_rx_8) @ E101 -> finalist_runs/D4_domain_no_pa_no_stats_seed1337/best_model_worst_rx.pth
====================================================================================================================================
[Epoch 174/200] time=84.9s | lr=9.18e-06 | aux_scale=1.000
[STAGE] phase=S3_refine_aux_late_stable | use_aux=1.0 cons=0.45 cls_aux=0.25 reg=0.25 joint_inv=0.08 kl=0.16 group_ce=0.80
[MIXSTYLE-EPOCH] phase=late_anneal enabled=1 p=0.050 strength=0.350 anneal_t=1.000
[AUG] scale=0.200 | p_dac=0.000 p_pa=0.028 p_shift=0.070 p_cfo=0.070 p_awgn=0.080 p_mp=0.036 | max_shift=6 cfo_max=8e-05 pn_max=0.0012
------------------------------------------------------------------------------------------------------------------------------------
[LOSS-CORE] total=2.6300 cls=0.6297 dom=0.2974 adv=2.6197 orth=0.0031 cons=0.1436 group_ce=1.2847
[LOSS-AUX]  cls_pa=0.8265 cls_dac=0.0000 pa_joint_inv=0.1915 pa_kl=0.6549 dac_reg=0.0000 pa_reg=0.0146 gap_dac=0.0000 gap_pa=0.2825 cos_joint_pa=0.8085 cos_imp_pa=nan
[LOSS-SAT]  cls_sat=8.7091 sat_cons=0.7053 sat_cos=0.2947
[LOSS-DG]   proto=0.0000 proto_cos=nan supcon=0.0000 fishr=0.0007 sgc_res=0.0000
[LOSS-CAL]  ecc=0.0000 ecc_w=0.0000 ecc_tau=0.9500 ecc_maxp=nan
[TRAIN] tx=95.05% dom=88.59% cons_cos=0.8563
[GRAD]  total=3.697 backbone=1.000 aux=0.750 domain=0.425
[VAL]   tx=98.90% dom=94.65%
[TEST]  overall_tx=89.81% (183217/204000)
[TEST-SPLIT]
          unseen_day_seen_rx(days=['2021_03_15', '2021_03_23'], rxs=[0, 1, 2, 3, 4, 5, 6]): tx=93.58% (78609/84000)
          seen_day_unseen_rx(days=['2021_03_01', '2021_03_08'], rxs=[7, 8, 9, 10, 11]): tx=89.67% (53805/60000)
          unseen_day_unseen_rx(days=['2021_03_15', '2021_03_23'], rxs=[7, 8, 9, 10, 11]): tx=84.67% (50803/60000)
          day=2021_03_15 on seen_rxs=[0, 1, 2, 3, 4, 5, 6]: tx=95.70% (40193/42000)
          day=2021_03_23 on seen_rxs=[0, 1, 2, 3, 4, 5, 6]: tx=91.47% (38416/42000)
          rx=7 on seen_days=['2021_03_01', '2021_03_08']: tx=85.97% (10317/12000)
          rx=8 on seen_days=['2021_03_01', '2021_03_08']: tx=83.89% (10067/12000)
          rx=9 on seen_days=['2021_03_01', '2021_03_08']: tx=90.57% (10868/12000)
          rx=10 on seen_days=['2021_03_01', '2021_03_08']: tx=93.74% (11249/12000)
          rx=11 on seen_days=['2021_03_01', '2021_03_08']: tx=94.20% (11304/12000)
[BEST-JOINT]  val_tx=99.00% & test_tx=90.31% @ E111
[CKPT]  latest -> finalist_runs/D4_domain_no_pa_no_stats_seed1337/latest_model.pth (saved) | best -> finalist_runs/D4_domain_no_pa_no_stats_seed1337/best_model_val.pth
====================================================================================================================================
[SAT-TEST] scenario=clear_leo selected=test_unseen_day_unseen_rx overall_tx=47.00% strict_udu=47.00% (28199/60000)
[SAT-TEST] scenario=low_elev_leo selected=test_unseen_day_unseen_rx overall_tx=47.38% strict_udu=47.38% (28428/60000)
[SAT-TEST] scenario=rain_leo selected=test_unseen_day_unseen_rx overall_tx=45.24% strict_udu=45.24% (27143/60000)
[SAT-TEST] scenario=storm_mp selected=test_unseen_day_unseen_rx overall_tx=40.06% strict_udu=40.06% (24035/60000)
[SAT-TEST] scenario=mixed_orbit selected=test_unseen_day_unseen_rx overall_tx=43.09% strict_udu=43.09% (25854/60000)
[BEST-TEST] overall=90.75% @ E101 -> finalist_runs/D4_domain_no_pa_no_stats_seed1337/best_model_test_overall.pth | unseen_day_unseen_rx=85.99% @ E101 -> finalist_runs/D4_domain_no_pa_no_stats_seed1337/best_model_strict_udu.pth | unseen_day_seen_rx=94.48% @ E106 | seen_day_unseen_rx=91.00% @ E078
[BEST-PRIMARY] score=87.65 @ E101 -> finalist_runs/D4_domain_no_pa_no_stats_seed1337/best_model_primary_ood.pth | overall=90.75% strict_udu=85.99%
[BEST-WORST-RX] worst_rx=86.13% (test_rx_8) @ E101 -> finalist_runs/D4_domain_no_pa_no_stats_seed1337/best_model_worst_rx.pth
====================================================================================================================================
[Epoch 175/200] time=80.0s | lr=8.57e-06 | aux_scale=1.000
[STAGE] phase=S3_refine_aux_late_stable | use_aux=1.0 cons=0.45 cls_aux=0.25 reg=0.25 joint_inv=0.08 kl=0.16 group_ce=0.80
[MIXSTYLE-EPOCH] phase=late_anneal enabled=1 p=0.050 strength=0.350 anneal_t=1.000
[AUG] scale=0.200 | p_dac=0.000 p_pa=0.028 p_shift=0.070 p_cfo=0.070 p_awgn=0.080 p_mp=0.036 | max_shift=6 cfo_max=8e-05 pn_max=0.0012
------------------------------------------------------------------------------------------------------------------------------------
[LOSS-CORE] total=2.5896 cls=0.5986 dom=0.2934 adv=2.6176 orth=0.0032 cons=0.1382 group_ce=1.2105
[LOSS-AUX]  cls_pa=0.8524 cls_dac=0.0000 pa_joint_inv=0.1944 pa_kl=0.6854 dac_reg=0.0000 pa_reg=0.0143 gap_dac=0.0000 gap_pa=0.2839 cos_joint_pa=0.8056 cos_imp_pa=nan
[LOSS-SAT]  cls_sat=8.7108 sat_cons=0.7027 sat_cos=0.2973
[LOSS-DG]   proto=0.0000 proto_cos=nan supcon=0.0000 fishr=0.0006 sgc_res=0.0000
[LOSS-CAL]  ecc=0.0000 ecc_w=0.0000 ecc_tau=0.9500 ecc_maxp=nan
[TRAIN] tx=95.52% dom=88.58% cons_cos=0.8618
[GRAD]  total=3.842 backbone=1.000 aux=0.750 domain=0.424
[VAL]   tx=98.94% dom=94.66%
[TEST]  overall_tx=90.06% (183726/204000)
[TEST-SPLIT]
          unseen_day_seen_rx(days=['2021_03_15', '2021_03_23'], rxs=[0, 1, 2, 3, 4, 5, 6]): tx=93.71% (78715/84000)
          seen_day_unseen_rx(days=['2021_03_01', '2021_03_08'], rxs=[7, 8, 9, 10, 11]): tx=90.18% (54107/60000)
          unseen_day_unseen_rx(days=['2021_03_15', '2021_03_23'], rxs=[7, 8, 9, 10, 11]): tx=84.84% (50904/60000)
          day=2021_03_15 on seen_rxs=[0, 1, 2, 3, 4, 5, 6]: tx=95.74% (40209/42000)
          day=2021_03_23 on seen_rxs=[0, 1, 2, 3, 4, 5, 6]: tx=91.68% (38506/42000)
          rx=7 on seen_days=['2021_03_01', '2021_03_08']: tx=87.40% (10488/12000)
          rx=8 on seen_days=['2021_03_01', '2021_03_08']: tx=84.28% (10114/12000)
          rx=9 on seen_days=['2021_03_01', '2021_03_08']: tx=90.83% (10899/12000)
          rx=10 on seen_days=['2021_03_01', '2021_03_08']: tx=93.91% (11269/12000)
          rx=11 on seen_days=['2021_03_01', '2021_03_08']: tx=94.47% (11337/12000)
[BEST-JOINT]  val_tx=99.00% & test_tx=90.31% @ E111
[CKPT]  latest -> finalist_runs/D4_domain_no_pa_no_stats_seed1337/latest_model.pth (saved) | best -> finalist_runs/D4_domain_no_pa_no_stats_seed1337/best_model_val.pth
====================================================================================================================================
[SAT-TEST] scenario=clear_leo selected=test_unseen_day_unseen_rx overall_tx=46.57% strict_udu=46.57% (27944/60000)
[SAT-TEST] scenario=low_elev_leo selected=test_unseen_day_unseen_rx overall_tx=46.92% strict_udu=46.92% (28154/60000)
[SAT-TEST] scenario=rain_leo selected=test_unseen_day_unseen_rx overall_tx=44.70% strict_udu=44.70% (26821/60000)
[SAT-TEST] scenario=storm_mp selected=test_unseen_day_unseen_rx overall_tx=39.84% strict_udu=39.84% (23903/60000)
[SAT-TEST] scenario=mixed_orbit selected=test_unseen_day_unseen_rx overall_tx=42.87% strict_udu=42.87% (25721/60000)
[BEST-TEST] overall=90.75% @ E101 -> finalist_runs/D4_domain_no_pa_no_stats_seed1337/best_model_test_overall.pth | unseen_day_unseen_rx=85.99% @ E101 -> finalist_runs/D4_domain_no_pa_no_stats_seed1337/best_model_strict_udu.pth | unseen_day_seen_rx=94.48% @ E106 | seen_day_unseen_rx=91.00% @ E078
[BEST-PRIMARY] score=87.65 @ E101 -> finalist_runs/D4_domain_no_pa_no_stats_seed1337/best_model_primary_ood.pth | overall=90.75% strict_udu=85.99%
[BEST-WORST-RX] worst_rx=86.13% (test_rx_8) @ E101 -> finalist_runs/D4_domain_no_pa_no_stats_seed1337/best_model_worst_rx.pth
====================================================================================================================================
[Epoch 176/200] time=79.7s | lr=7.99e-06 | aux_scale=1.000
[STAGE] phase=S3_refine_aux_late_stable | use_aux=1.0 cons=0.45 cls_aux=0.25 reg=0.25 joint_inv=0.08 kl=0.16 group_ce=0.80
[MIXSTYLE-EPOCH] phase=late_anneal enabled=1 p=0.050 strength=0.350 anneal_t=1.000
[AUG] scale=0.200 | p_dac=0.000 p_pa=0.028 p_shift=0.070 p_cfo=0.070 p_awgn=0.080 p_mp=0.036 | max_shift=6 cfo_max=8e-05 pn_max=0.0012
------------------------------------------------------------------------------------------------------------------------------------
[LOSS-CORE] total=2.6993 cls=0.6894 dom=0.3153 adv=2.6215 orth=0.0034 cons=0.1394 group_ce=1.2025
[LOSS-AUX]  cls_pa=0.8394 cls_dac=0.0000 pa_joint_inv=0.1932 pa_kl=0.6744 dac_reg=0.0000 pa_reg=0.0143 gap_dac=0.0000 gap_pa=0.2815 cos_joint_pa=0.8068 cos_imp_pa=nan
[LOSS-SAT]  cls_sat=8.6764 sat_cons=0.6995 sat_cos=0.3005
[LOSS-DG]   proto=0.0000 proto_cos=nan supcon=0.0000 fishr=0.0006 sgc_res=0.0000
[LOSS-CAL]  ecc=0.0000 ecc_w=0.0000 ecc_tau=0.9500 ecc_maxp=nan
[TRAIN] tx=94.62% dom=88.40% cons_cos=0.8606
[GRAD]  total=3.673 backbone=1.000 aux=0.750 domain=0.427
[VAL]   tx=98.87% dom=94.65%
[TEST]  overall_tx=89.65% (182879/204000)
[TEST-SPLIT]
          unseen_day_seen_rx(days=['2021_03_15', '2021_03_23'], rxs=[0, 1, 2, 3, 4, 5, 6]): tx=93.52% (78557/84000)
          seen_day_unseen_rx(days=['2021_03_01', '2021_03_08'], rxs=[7, 8, 9, 10, 11]): tx=89.41% (53646/60000)
          unseen_day_unseen_rx(days=['2021_03_15', '2021_03_23'], rxs=[7, 8, 9, 10, 11]): tx=84.46% (50676/60000)
          day=2021_03_15 on seen_rxs=[0, 1, 2, 3, 4, 5, 6]: tx=95.42% (40077/42000)
          day=2021_03_23 on seen_rxs=[0, 1, 2, 3, 4, 5, 6]: tx=91.62% (38480/42000)
          rx=7 on seen_days=['2021_03_01', '2021_03_08']: tx=86.16% (10339/12000)
          rx=8 on seen_days=['2021_03_01', '2021_03_08']: tx=84.06% (10087/12000)
          rx=9 on seen_days=['2021_03_01', '2021_03_08']: tx=89.94% (10793/12000)
          rx=10 on seen_days=['2021_03_01', '2021_03_08']: tx=93.66% (11239/12000)
          rx=11 on seen_days=['2021_03_01', '2021_03_08']: tx=93.23% (11188/12000)
[BEST-JOINT]  val_tx=99.00% & test_tx=90.31% @ E111
[CKPT]  latest -> finalist_runs/D4_domain_no_pa_no_stats_seed1337/latest_model.pth (saved) | best -> finalist_runs/D4_domain_no_pa_no_stats_seed1337/best_model_val.pth
====================================================================================================================================
[SAT-TEST] scenario=clear_leo selected=test_unseen_day_unseen_rx overall_tx=46.74% strict_udu=46.74% (28046/60000)
[SAT-TEST] scenario=low_elev_leo selected=test_unseen_day_unseen_rx overall_tx=46.92% strict_udu=46.92% (28155/60000)
[SAT-TEST] scenario=rain_leo selected=test_unseen_day_unseen_rx overall_tx=44.84% strict_udu=44.84% (26901/60000)
[SAT-TEST] scenario=storm_mp selected=test_unseen_day_unseen_rx overall_tx=39.90% strict_udu=39.90% (23937/60000)
[SAT-TEST] scenario=mixed_orbit selected=test_unseen_day_unseen_rx overall_tx=42.88% strict_udu=42.88% (25731/60000)
[BEST-TEST] overall=90.75% @ E101 -> finalist_runs/D4_domain_no_pa_no_stats_seed1337/best_model_test_overall.pth | unseen_day_unseen_rx=85.99% @ E101 -> finalist_runs/D4_domain_no_pa_no_stats_seed1337/best_model_strict_udu.pth | unseen_day_seen_rx=94.48% @ E106 | seen_day_unseen_rx=91.00% @ E078
[BEST-PRIMARY] score=87.65 @ E101 -> finalist_runs/D4_domain_no_pa_no_stats_seed1337/best_model_primary_ood.pth | overall=90.75% strict_udu=85.99%
[BEST-WORST-RX] worst_rx=86.13% (test_rx_8) @ E101 -> finalist_runs/D4_domain_no_pa_no_stats_seed1337/best_model_worst_rx.pth
====================================================================================================================================
[Epoch 177/200] time=78.5s | lr=7.42e-06 | aux_scale=1.000
[STAGE] phase=S3_refine_aux_late_stable | use_aux=1.0 cons=0.45 cls_aux=0.25 reg=0.25 joint_inv=0.08 kl=0.16 group_ce=0.80
[MIXSTYLE-EPOCH] phase=late_anneal enabled=1 p=0.050 strength=0.350 anneal_t=1.000
[AUG] scale=0.200 | p_dac=0.000 p_pa=0.028 p_shift=0.070 p_cfo=0.070 p_awgn=0.080 p_mp=0.036 | max_shift=6 cfo_max=8e-05 pn_max=0.0012
------------------------------------------------------------------------------------------------------------------------------------
[LOSS-CORE] total=2.8551 cls=0.7864 dom=0.3468 adv=2.6208 orth=0.0031 cons=0.1498 group_ce=1.4602
[LOSS-AUX]  cls_pa=0.8665 cls_dac=0.0000 pa_joint_inv=0.1941 pa_kl=0.6960 dac_reg=0.0000 pa_reg=0.0144 gap_dac=0.0000 gap_pa=0.2839 cos_joint_pa=0.8059 cos_imp_pa=nan
[LOSS-SAT]  cls_sat=8.7374 sat_cons=0.7051 sat_cos=0.2949
[LOSS-DG]   proto=0.0000 proto_cos=nan supcon=0.0000 fishr=0.0008 sgc_res=0.0000
[LOSS-CAL]  ecc=0.0000 ecc_w=0.0000 ecc_tau=0.9500 ecc_maxp=nan
[TRAIN] tx=93.82% dom=87.21% cons_cos=0.8502
[GRAD]  total=3.931 backbone=1.000 aux=0.750 domain=0.427
[VAL]   tx=98.93% dom=94.67%
[TEST]  overall_tx=89.79% (183164/204000)
[TEST-SPLIT]
          unseen_day_seen_rx(days=['2021_03_15', '2021_03_23'], rxs=[0, 1, 2, 3, 4, 5, 6]): tx=93.60% (78621/84000)
          seen_day_unseen_rx(days=['2021_03_01', '2021_03_08'], rxs=[7, 8, 9, 10, 11]): tx=89.63% (53780/60000)
          unseen_day_unseen_rx(days=['2021_03_15', '2021_03_23'], rxs=[7, 8, 9, 10, 11]): tx=84.61% (50763/60000)
          day=2021_03_15 on seen_rxs=[0, 1, 2, 3, 4, 5, 6]: tx=95.44% (40084/42000)
          day=2021_03_23 on seen_rxs=[0, 1, 2, 3, 4, 5, 6]: tx=91.75% (38537/42000)
          rx=7 on seen_days=['2021_03_01', '2021_03_08']: tx=86.83% (10420/12000)
          rx=8 on seen_days=['2021_03_01', '2021_03_08']: tx=84.03% (10083/12000)
          rx=9 on seen_days=['2021_03_01', '2021_03_08']: tx=90.29% (10835/12000)
          rx=10 on seen_days=['2021_03_01', '2021_03_08']: tx=93.72% (11247/12000)
          rx=11 on seen_days=['2021_03_01', '2021_03_08']: tx=93.29% (11195/12000)
[BEST-JOINT]  val_tx=99.00% & test_tx=90.31% @ E111
[CKPT]  latest -> finalist_runs/D4_domain_no_pa_no_stats_seed1337/latest_model.pth (saved) | best -> finalist_runs/D4_domain_no_pa_no_stats_seed1337/best_model_val.pth
====================================================================================================================================
[SAT-TEST] scenario=clear_leo selected=test_unseen_day_unseen_rx overall_tx=46.54% strict_udu=46.54% (27922/60000)
[SAT-TEST] scenario=low_elev_leo selected=test_unseen_day_unseen_rx overall_tx=46.81% strict_udu=46.81% (28084/60000)
[SAT-TEST] scenario=rain_leo selected=test_unseen_day_unseen_rx overall_tx=44.55% strict_udu=44.55% (26730/60000)
[SAT-TEST] scenario=storm_mp selected=test_unseen_day_unseen_rx overall_tx=39.86% strict_udu=39.86% (23914/60000)
[SAT-TEST] scenario=mixed_orbit selected=test_unseen_day_unseen_rx overall_tx=42.61% strict_udu=42.61% (25564/60000)
[BEST-TEST] overall=90.75% @ E101 -> finalist_runs/D4_domain_no_pa_no_stats_seed1337/best_model_test_overall.pth | unseen_day_unseen_rx=85.99% @ E101 -> finalist_runs/D4_domain_no_pa_no_stats_seed1337/best_model_strict_udu.pth | unseen_day_seen_rx=94.48% @ E106 | seen_day_unseen_rx=91.00% @ E078
[BEST-PRIMARY] score=87.65 @ E101 -> finalist_runs/D4_domain_no_pa_no_stats_seed1337/best_model_primary_ood.pth | overall=90.75% strict_udu=85.99%
[BEST-WORST-RX] worst_rx=86.13% (test_rx_8) @ E101 -> finalist_runs/D4_domain_no_pa_no_stats_seed1337/best_model_worst_rx.pth
====================================================================================================================================
[Epoch 178/200] time=77.2s | lr=6.88e-06 | aux_scale=1.000
[STAGE] phase=S3_refine_aux_late_stable | use_aux=1.0 cons=0.45 cls_aux=0.25 reg=0.25 joint_inv=0.08 kl=0.16 group_ce=0.80
[MIXSTYLE-EPOCH] phase=late_anneal enabled=1 p=0.050 strength=0.350 anneal_t=1.000
[AUG] scale=0.200 | p_dac=0.000 p_pa=0.028 p_shift=0.070 p_cfo=0.070 p_awgn=0.080 p_mp=0.036 | max_shift=6 cfo_max=8e-05 pn_max=0.0012
------------------------------------------------------------------------------------------------------------------------------------
[LOSS-CORE] total=2.6626 cls=0.6683 dom=0.3104 adv=2.6182 orth=0.0031 cons=0.1431 group_ce=1.2952
[LOSS-AUX]  cls_pa=0.8320 cls_dac=0.0000 pa_joint_inv=0.1921 pa_kl=0.6617 dac_reg=0.0000 pa_reg=0.0146 gap_dac=0.0000 gap_pa=0.2771 cos_joint_pa=0.8079 cos_imp_pa=nan
[LOSS-SAT]  cls_sat=8.4711 sat_cons=0.6877 sat_cos=0.3123
[LOSS-DG]   proto=0.0000 proto_cos=nan supcon=0.0000 fishr=0.0007 sgc_res=0.0000
[LOSS-CAL]  ecc=0.0000 ecc_w=0.0000 ecc_tau=0.9500 ecc_maxp=nan
[TRAIN] tx=94.97% dom=88.16% cons_cos=0.8569
[GRAD]  total=4.129 backbone=1.000 aux=0.750 domain=0.432
[VAL]   tx=98.91% dom=94.69%
[TEST]  overall_tx=89.84% (183267/204000)
[TEST-SPLIT]
          unseen_day_seen_rx(days=['2021_03_15', '2021_03_23'], rxs=[0, 1, 2, 3, 4, 5, 6]): tx=93.65% (78663/84000)
          seen_day_unseen_rx(days=['2021_03_01', '2021_03_08'], rxs=[7, 8, 9, 10, 11]): tx=89.63% (53779/60000)
          unseen_day_unseen_rx(days=['2021_03_15', '2021_03_23'], rxs=[7, 8, 9, 10, 11]): tx=84.71% (50825/60000)
          day=2021_03_15 on seen_rxs=[0, 1, 2, 3, 4, 5, 6]: tx=95.50% (40109/42000)
          day=2021_03_23 on seen_rxs=[0, 1, 2, 3, 4, 5, 6]: tx=91.80% (38554/42000)
          rx=7 on seen_days=['2021_03_01', '2021_03_08']: tx=86.72% (10407/12000)
          rx=8 on seen_days=['2021_03_01', '2021_03_08']: tx=84.03% (10084/12000)
          rx=9 on seen_days=['2021_03_01', '2021_03_08']: tx=90.22% (10827/12000)
          rx=10 on seen_days=['2021_03_01', '2021_03_08']: tx=93.78% (11254/12000)
          rx=11 on seen_days=['2021_03_01', '2021_03_08']: tx=93.39% (11207/12000)
[BEST-JOINT]  val_tx=99.00% & test_tx=90.31% @ E111
[CKPT]  latest -> finalist_runs/D4_domain_no_pa_no_stats_seed1337/latest_model.pth (saved) | best -> finalist_runs/D4_domain_no_pa_no_stats_seed1337/best_model_val.pth
====================================================================================================================================
[SAT-TEST] scenario=clear_leo selected=test_unseen_day_unseen_rx overall_tx=46.73% strict_udu=46.73% (28038/60000)
[SAT-TEST] scenario=low_elev_leo selected=test_unseen_day_unseen_rx overall_tx=46.97% strict_udu=46.97% (28183/60000)
[SAT-TEST] scenario=rain_leo selected=test_unseen_day_unseen_rx overall_tx=44.81% strict_udu=44.81% (26887/60000)
[SAT-TEST] scenario=storm_mp selected=test_unseen_day_unseen_rx overall_tx=39.91% strict_udu=39.91% (23945/60000)
[SAT-TEST] scenario=mixed_orbit selected=test_unseen_day_unseen_rx overall_tx=42.80% strict_udu=42.80% (25682/60000)
[BEST-TEST] overall=90.75% @ E101 -> finalist_runs/D4_domain_no_pa_no_stats_seed1337/best_model_test_overall.pth | unseen_day_unseen_rx=85.99% @ E101 -> finalist_runs/D4_domain_no_pa_no_stats_seed1337/best_model_strict_udu.pth | unseen_day_seen_rx=94.48% @ E106 | seen_day_unseen_rx=91.00% @ E078
[BEST-PRIMARY] score=87.65 @ E101 -> finalist_runs/D4_domain_no_pa_no_stats_seed1337/best_model_primary_ood.pth | overall=90.75% strict_udu=85.99%
[BEST-WORST-RX] worst_rx=86.13% (test_rx_8) @ E101 -> finalist_runs/D4_domain_no_pa_no_stats_seed1337/best_model_worst_rx.pth
====================================================================================================================================
[Epoch 179/200] time=77.7s | lr=6.36e-06 | aux_scale=1.000
[STAGE] phase=S3_refine_aux_late_stable | use_aux=1.0 cons=0.45 cls_aux=0.25 reg=0.25 joint_inv=0.08 kl=0.16 group_ce=0.80
[MIXSTYLE-EPOCH] phase=late_anneal enabled=1 p=0.050 strength=0.350 anneal_t=1.000
[AUG] scale=0.200 | p_dac=0.000 p_pa=0.028 p_shift=0.070 p_cfo=0.070 p_awgn=0.080 p_mp=0.036 | max_shift=6 cfo_max=8e-05 pn_max=0.0012
------------------------------------------------------------------------------------------------------------------------------------
[LOSS-CORE] total=2.7320 cls=0.7099 dom=0.3295 adv=2.6190 orth=0.0032 cons=0.1434 group_ce=1.3085
[LOSS-AUX]  cls_pa=0.8451 cls_dac=0.0000 pa_joint_inv=0.1946 pa_kl=0.6780 dac_reg=0.0000 pa_reg=0.0143 gap_dac=0.0000 gap_pa=0.2844 cos_joint_pa=0.8054 cos_imp_pa=nan
[LOSS-SAT]  cls_sat=8.5541 sat_cons=0.6889 sat_cos=0.3111
[LOSS-DG]   proto=0.0000 proto_cos=nan supcon=0.0000 fishr=0.0006 sgc_res=0.0000
[LOSS-CAL]  ecc=0.0000 ecc_w=0.0000 ecc_tau=0.9500 ecc_maxp=nan
[TRAIN] tx=94.32% dom=87.60% cons_cos=0.8566
[GRAD]  total=3.895 backbone=1.000 aux=0.750 domain=0.422
[VAL]   tx=98.98% dom=94.67%
[TEST]  overall_tx=89.90% (183394/204000)
[TEST-SPLIT]
          unseen_day_seen_rx(days=['2021_03_15', '2021_03_23'], rxs=[0, 1, 2, 3, 4, 5, 6]): tx=93.76% (78757/84000)
          seen_day_unseen_rx(days=['2021_03_01', '2021_03_08'], rxs=[7, 8, 9, 10, 11]): tx=89.63% (53777/60000)
          unseen_day_unseen_rx(days=['2021_03_15', '2021_03_23'], rxs=[7, 8, 9, 10, 11]): tx=84.77% (50860/60000)
          day=2021_03_15 on seen_rxs=[0, 1, 2, 3, 4, 5, 6]: tx=95.56% (40134/42000)
          day=2021_03_23 on seen_rxs=[0, 1, 2, 3, 4, 5, 6]: tx=91.96% (38623/42000)
          rx=7 on seen_days=['2021_03_01', '2021_03_08']: tx=86.47% (10376/12000)
          rx=8 on seen_days=['2021_03_01', '2021_03_08']: tx=83.61% (10033/12000)
          rx=9 on seen_days=['2021_03_01', '2021_03_08']: tx=90.67% (10880/12000)
          rx=10 on seen_days=['2021_03_01', '2021_03_08']: tx=93.84% (11261/12000)
          rx=11 on seen_days=['2021_03_01', '2021_03_08']: tx=93.56% (11227/12000)
[BEST-JOINT]  val_tx=99.00% & test_tx=90.31% @ E111
[CKPT]  latest -> finalist_runs/D4_domain_no_pa_no_stats_seed1337/latest_model.pth (saved) | best -> finalist_runs/D4_domain_no_pa_no_stats_seed1337/best_model_val.pth
====================================================================================================================================
[SAT-TEST] scenario=clear_leo selected=test_unseen_day_unseen_rx overall_tx=46.67% strict_udu=46.67% (28000/60000)
[SAT-TEST] scenario=low_elev_leo selected=test_unseen_day_unseen_rx overall_tx=47.09% strict_udu=47.09% (28256/60000)
[SAT-TEST] scenario=rain_leo selected=test_unseen_day_unseen_rx overall_tx=44.83% strict_udu=44.83% (26895/60000)
[SAT-TEST] scenario=storm_mp selected=test_unseen_day_unseen_rx overall_tx=40.01% strict_udu=40.01% (24007/60000)
[SAT-TEST] scenario=mixed_orbit selected=test_unseen_day_unseen_rx overall_tx=42.66% strict_udu=42.66% (25594/60000)
[BEST-TEST] overall=90.75% @ E101 -> finalist_runs/D4_domain_no_pa_no_stats_seed1337/best_model_test_overall.pth | unseen_day_unseen_rx=85.99% @ E101 -> finalist_runs/D4_domain_no_pa_no_stats_seed1337/best_model_strict_udu.pth | unseen_day_seen_rx=94.48% @ E106 | seen_day_unseen_rx=91.00% @ E078
[BEST-PRIMARY] score=87.65 @ E101 -> finalist_runs/D4_domain_no_pa_no_stats_seed1337/best_model_primary_ood.pth | overall=90.75% strict_udu=85.99%
[BEST-WORST-RX] worst_rx=86.13% (test_rx_8) @ E101 -> finalist_runs/D4_domain_no_pa_no_stats_seed1337/best_model_worst_rx.pth
====================================================================================================================================
[Epoch 180/200] time=78.9s | lr=5.87e-06 | aux_scale=1.000
[STAGE] phase=S3_refine_aux_late_stable | use_aux=1.0 cons=0.45 cls_aux=0.25 reg=0.25 joint_inv=0.08 kl=0.16 group_ce=0.80
[MIXSTYLE-EPOCH] phase=late_anneal enabled=1 p=0.050 strength=0.350 anneal_t=1.000
[AUG] scale=0.200 | p_dac=0.000 p_pa=0.028 p_shift=0.070 p_cfo=0.070 p_awgn=0.080 p_mp=0.036 | max_shift=6 cfo_max=8e-05 pn_max=0.0012
------------------------------------------------------------------------------------------------------------------------------------
[LOSS-CORE] total=2.7199 cls=0.6982 dom=0.3119 adv=2.6198 orth=0.0031 cons=0.1452 group_ce=1.3521
[LOSS-AUX]  cls_pa=0.8115 cls_dac=0.0000 pa_joint_inv=0.1905 pa_kl=0.6443 dac_reg=0.0000 pa_reg=0.0146 gap_dac=0.0000 gap_pa=0.2745 cos_joint_pa=0.8095 cos_imp_pa=nan
[LOSS-SAT]  cls_sat=8.7358 sat_cons=0.7068 sat_cos=0.2932
[LOSS-DG]   proto=0.0000 proto_cos=nan supcon=0.0000 fishr=0.0007 sgc_res=0.0000
[LOSS-CAL]  ecc=0.0000 ecc_w=0.0000 ecc_tau=0.9500 ecc_maxp=nan
[TRAIN] tx=94.88% dom=88.03% cons_cos=0.8548
[GRAD]  total=4.092 backbone=1.000 aux=0.750 domain=0.432
[VAL]   tx=98.91% dom=94.72%
[TEST]  overall_tx=89.65% (182888/204000)
[TEST-SPLIT]
          unseen_day_seen_rx(days=['2021_03_15', '2021_03_23'], rxs=[0, 1, 2, 3, 4, 5, 6]): tx=93.74% (78739/84000)
          seen_day_unseen_rx(days=['2021_03_01', '2021_03_08'], rxs=[7, 8, 9, 10, 11]): tx=89.33% (53598/60000)
          unseen_day_unseen_rx(days=['2021_03_15', '2021_03_23'], rxs=[7, 8, 9, 10, 11]): tx=84.25% (50551/60000)
          day=2021_03_15 on seen_rxs=[0, 1, 2, 3, 4, 5, 6]: tx=95.57% (40140/42000)
          day=2021_03_23 on seen_rxs=[0, 1, 2, 3, 4, 5, 6]: tx=91.90% (38599/42000)
          rx=7 on seen_days=['2021_03_01', '2021_03_08']: tx=86.76% (10411/12000)
          rx=8 on seen_days=['2021_03_01', '2021_03_08']: tx=83.43% (10012/12000)
          rx=9 on seen_days=['2021_03_01', '2021_03_08']: tx=90.19% (10823/12000)
          rx=10 on seen_days=['2021_03_01', '2021_03_08']: tx=94.31% (11317/12000)
          rx=11 on seen_days=['2021_03_01', '2021_03_08']: tx=91.96% (11035/12000)
[BEST-JOINT]  val_tx=99.00% & test_tx=90.31% @ E111
[CKPT]  latest -> finalist_runs/D4_domain_no_pa_no_stats_seed1337/latest_model.pth (saved) | best -> finalist_runs/D4_domain_no_pa_no_stats_seed1337/best_model_val.pth
====================================================================================================================================
[SAT-TEST] scenario=clear_leo selected=test_unseen_day_unseen_rx overall_tx=46.44% strict_udu=46.44% (27862/60000)
[SAT-TEST] scenario=low_elev_leo selected=test_unseen_day_unseen_rx overall_tx=46.85% strict_udu=46.85% (28109/60000)
[SAT-TEST] scenario=rain_leo selected=test_unseen_day_unseen_rx overall_tx=44.64% strict_udu=44.64% (26786/60000)
[SAT-TEST] scenario=storm_mp selected=test_unseen_day_unseen_rx overall_tx=39.72% strict_udu=39.72% (23831/60000)
[SAT-TEST] scenario=mixed_orbit selected=test_unseen_day_unseen_rx overall_tx=42.45% strict_udu=42.45% (25473/60000)
[BEST-TEST] overall=90.75% @ E101 -> finalist_runs/D4_domain_no_pa_no_stats_seed1337/best_model_test_overall.pth | unseen_day_unseen_rx=85.99% @ E101 -> finalist_runs/D4_domain_no_pa_no_stats_seed1337/best_model_strict_udu.pth | unseen_day_seen_rx=94.48% @ E106 | seen_day_unseen_rx=91.00% @ E078
[BEST-PRIMARY] score=87.65 @ E101 -> finalist_runs/D4_domain_no_pa_no_stats_seed1337/best_model_primary_ood.pth | overall=90.75% strict_udu=85.99%
[BEST-WORST-RX] worst_rx=86.13% (test_rx_8) @ E101 -> finalist_runs/D4_domain_no_pa_no_stats_seed1337/best_model_worst_rx.pth
====================================================================================================================================
[Epoch 181/200] time=78.2s | lr=5.40e-06 | aux_scale=1.000
[STAGE] phase=S3_refine_aux_late_stable | use_aux=1.0 cons=0.45 cls_aux=0.25 reg=0.25 joint_inv=0.08 kl=0.16 group_ce=0.80
[MIXSTYLE-EPOCH] phase=late_anneal enabled=1 p=0.050 strength=0.350 anneal_t=1.000
[AUG] scale=0.200 | p_dac=0.000 p_pa=0.028 p_shift=0.070 p_cfo=0.070 p_awgn=0.080 p_mp=0.036 | max_shift=6 cfo_max=8e-05 pn_max=0.0012
------------------------------------------------------------------------------------------------------------------------------------
[LOSS-CORE] total=2.3380 cls=0.4252 dom=0.2483 adv=2.6203 orth=0.0032 cons=0.1291 group_ce=0.9099
[LOSS-AUX]  cls_pa=0.8396 cls_dac=0.0000 pa_joint_inv=0.1916 pa_kl=0.6695 dac_reg=0.0000 pa_reg=0.0145 gap_dac=0.0000 gap_pa=0.2764 cos_joint_pa=0.8084 cos_imp_pa=nan
[LOSS-SAT]  cls_sat=8.6014 sat_cons=0.6980 sat_cos=0.3020
[LOSS-DG]   proto=0.0000 proto_cos=nan supcon=0.0000 fishr=0.0004 sgc_res=0.0000
[LOSS-CAL]  ecc=0.0000 ecc_w=0.0000 ecc_tau=0.9500 ecc_maxp=nan
[TRAIN] tx=97.03% dom=90.33% cons_cos=0.8709
[GRAD]  total=3.879 backbone=1.000 aux=0.750 domain=0.424
[VAL]   tx=98.91% dom=94.74%
[TEST]  overall_tx=89.77% (183130/204000)
[TEST-SPLIT]
          unseen_day_seen_rx(days=['2021_03_15', '2021_03_23'], rxs=[0, 1, 2, 3, 4, 5, 6]): tx=93.56% (78590/84000)
          seen_day_unseen_rx(days=['2021_03_01', '2021_03_08'], rxs=[7, 8, 9, 10, 11]): tx=89.50% (53701/60000)
          unseen_day_unseen_rx(days=['2021_03_15', '2021_03_23'], rxs=[7, 8, 9, 10, 11]): tx=84.73% (50839/60000)
          day=2021_03_15 on seen_rxs=[0, 1, 2, 3, 4, 5, 6]: tx=95.38% (40061/42000)
          day=2021_03_23 on seen_rxs=[0, 1, 2, 3, 4, 5, 6]: tx=91.74% (38529/42000)
          rx=7 on seen_days=['2021_03_01', '2021_03_08']: tx=86.12% (10335/12000)
          rx=8 on seen_days=['2021_03_01', '2021_03_08']: tx=84.10% (10092/12000)
          rx=9 on seen_days=['2021_03_01', '2021_03_08']: tx=90.20% (10824/12000)
          rx=10 on seen_days=['2021_03_01', '2021_03_08']: tx=93.53% (11223/12000)
          rx=11 on seen_days=['2021_03_01', '2021_03_08']: tx=93.56% (11227/12000)
[BEST-JOINT]  val_tx=99.00% & test_tx=90.31% @ E111
[CKPT]  latest -> finalist_runs/D4_domain_no_pa_no_stats_seed1337/latest_model.pth (saved) | best -> finalist_runs/D4_domain_no_pa_no_stats_seed1337/best_model_val.pth
====================================================================================================================================
[SAT-TEST] scenario=clear_leo selected=test_unseen_day_unseen_rx overall_tx=46.65% strict_udu=46.65% (27990/60000)
[SAT-TEST] scenario=low_elev_leo selected=test_unseen_day_unseen_rx overall_tx=46.97% strict_udu=46.97% (28181/60000)
[SAT-TEST] scenario=rain_leo selected=test_unseen_day_unseen_rx overall_tx=44.72% strict_udu=44.72% (26833/60000)
[SAT-TEST] scenario=storm_mp selected=test_unseen_day_unseen_rx overall_tx=39.90% strict_udu=39.90% (23941/60000)
[SAT-TEST] scenario=mixed_orbit selected=test_unseen_day_unseen_rx overall_tx=42.86% strict_udu=42.86% (25715/60000)
[BEST-TEST] overall=90.75% @ E101 -> finalist_runs/D4_domain_no_pa_no_stats_seed1337/best_model_test_overall.pth | unseen_day_unseen_rx=85.99% @ E101 -> finalist_runs/D4_domain_no_pa_no_stats_seed1337/best_model_strict_udu.pth | unseen_day_seen_rx=94.48% @ E106 | seen_day_unseen_rx=91.00% @ E078
[BEST-PRIMARY] score=87.65 @ E101 -> finalist_runs/D4_domain_no_pa_no_stats_seed1337/best_model_primary_ood.pth | overall=90.75% strict_udu=85.99%
[BEST-WORST-RX] worst_rx=86.13% (test_rx_8) @ E101 -> finalist_runs/D4_domain_no_pa_no_stats_seed1337/best_model_worst_rx.pth
====================================================================================================================================
[Epoch 182/200] time=77.3s | lr=4.95e-06 | aux_scale=1.000
[STAGE] phase=S3_refine_aux_late_stable | use_aux=1.0 cons=0.45 cls_aux=0.25 reg=0.25 joint_inv=0.08 kl=0.16 group_ce=0.80
[MIXSTYLE-EPOCH] phase=late_anneal enabled=1 p=0.050 strength=0.350 anneal_t=1.000
[AUG] scale=0.200 | p_dac=0.000 p_pa=0.028 p_shift=0.070 p_cfo=0.070 p_awgn=0.080 p_mp=0.036 | max_shift=6 cfo_max=8e-05 pn_max=0.0012
------------------------------------------------------------------------------------------------------------------------------------
[LOSS-CORE] total=2.6016 cls=0.6327 dom=0.2892 adv=2.6200 orth=0.0031 cons=0.1367 group_ce=1.1794
[LOSS-AUX]  cls_pa=0.8262 cls_dac=0.0000 pa_joint_inv=0.1891 pa_kl=0.6615 dac_reg=0.0000 pa_reg=0.0150 gap_dac=0.0000 gap_pa=0.2697 cos_joint_pa=0.8109 cos_imp_pa=nan
[LOSS-SAT]  cls_sat=8.5321 sat_cons=0.6935 sat_cos=0.3065
[LOSS-DG]   proto=0.0000 proto_cos=nan supcon=0.0000 fishr=0.0006 sgc_res=0.0000
[LOSS-CAL]  ecc=0.0000 ecc_w=0.0000 ecc_tau=0.9500 ecc_maxp=nan
[TRAIN] tx=95.17% dom=88.77% cons_cos=0.8633
[GRAD]  total=3.648 backbone=1.000 aux=0.750 domain=0.426
[VAL]   tx=98.97% dom=94.72%
[TEST]  overall_tx=89.98% (183553/204000)
[TEST-SPLIT]
          unseen_day_seen_rx(days=['2021_03_15', '2021_03_23'], rxs=[0, 1, 2, 3, 4, 5, 6]): tx=93.76% (78755/84000)
          seen_day_unseen_rx(days=['2021_03_01', '2021_03_08'], rxs=[7, 8, 9, 10, 11]): tx=89.72% (53834/60000)
          unseen_day_unseen_rx(days=['2021_03_15', '2021_03_23'], rxs=[7, 8, 9, 10, 11]): tx=84.94% (50964/60000)
          day=2021_03_15 on seen_rxs=[0, 1, 2, 3, 4, 5, 6]: tx=95.48% (40102/42000)
          day=2021_03_23 on seen_rxs=[0, 1, 2, 3, 4, 5, 6]: tx=92.03% (38653/42000)
          rx=7 on seen_days=['2021_03_01', '2021_03_08']: tx=86.70% (10404/12000)
          rx=8 on seen_days=['2021_03_01', '2021_03_08']: tx=83.97% (10077/12000)
          rx=9 on seen_days=['2021_03_01', '2021_03_08']: tx=90.47% (10857/12000)
          rx=10 on seen_days=['2021_03_01', '2021_03_08']: tx=93.76% (11251/12000)
          rx=11 on seen_days=['2021_03_01', '2021_03_08']: tx=93.71% (11245/12000)
[BEST-JOINT]  val_tx=99.00% & test_tx=90.31% @ E111
[CKPT]  latest -> finalist_runs/D4_domain_no_pa_no_stats_seed1337/latest_model.pth (saved) | best -> finalist_runs/D4_domain_no_pa_no_stats_seed1337/best_model_val.pth
====================================================================================================================================
[SAT-TEST] scenario=clear_leo selected=test_unseen_day_unseen_rx overall_tx=46.68% strict_udu=46.68% (28008/60000)
[SAT-TEST] scenario=low_elev_leo selected=test_unseen_day_unseen_rx overall_tx=47.02% strict_udu=47.02% (28210/60000)
[SAT-TEST] scenario=rain_leo selected=test_unseen_day_unseen_rx overall_tx=44.85% strict_udu=44.85% (26911/60000)
[SAT-TEST] scenario=storm_mp selected=test_unseen_day_unseen_rx overall_tx=40.00% strict_udu=40.00% (24000/60000)
[SAT-TEST] scenario=mixed_orbit selected=test_unseen_day_unseen_rx overall_tx=42.79% strict_udu=42.79% (25676/60000)
[BEST-TEST] overall=90.75% @ E101 -> finalist_runs/D4_domain_no_pa_no_stats_seed1337/best_model_test_overall.pth | unseen_day_unseen_rx=85.99% @ E101 -> finalist_runs/D4_domain_no_pa_no_stats_seed1337/best_model_strict_udu.pth | unseen_day_seen_rx=94.48% @ E106 | seen_day_unseen_rx=91.00% @ E078
[BEST-PRIMARY] score=87.65 @ E101 -> finalist_runs/D4_domain_no_pa_no_stats_seed1337/best_model_primary_ood.pth | overall=90.75% strict_udu=85.99%
[BEST-WORST-RX] worst_rx=86.13% (test_rx_8) @ E101 -> finalist_runs/D4_domain_no_pa_no_stats_seed1337/best_model_worst_rx.pth
====================================================================================================================================
[Epoch 183/200] time=78.1s | lr=4.53e-06 | aux_scale=1.000
[STAGE] phase=S3_refine_aux_late_stable | use_aux=1.0 cons=0.45 cls_aux=0.25 reg=0.25 joint_inv=0.08 kl=0.16 group_ce=0.80
[MIXSTYLE-EPOCH] phase=late_anneal enabled=1 p=0.050 strength=0.350 anneal_t=1.000
[AUG] scale=0.200 | p_dac=0.000 p_pa=0.028 p_shift=0.070 p_cfo=0.070 p_awgn=0.080 p_mp=0.036 | max_shift=6 cfo_max=8e-05 pn_max=0.0012
------------------------------------------------------------------------------------------------------------------------------------
[LOSS-CORE] total=3.1824 cls=1.0488 dom=0.3963 adv=2.6192 orth=0.0028 cons=0.1609 group_ce=1.8159
[LOSS-AUX]  cls_pa=0.8174 cls_dac=0.0000 pa_joint_inv=0.1894 pa_kl=0.6472 dac_reg=0.0000 pa_reg=0.0147 gap_dac=0.0000 gap_pa=0.2706 cos_joint_pa=0.8106 cos_imp_pa=nan
[LOSS-SAT]  cls_sat=8.6138 sat_cons=0.6914 sat_cos=0.3086
[LOSS-DG]   proto=0.0000 proto_cos=nan supcon=0.0000 fishr=0.0011 sgc_res=0.0000
[LOSS-CAL]  ecc=0.0000 ecc_w=0.0000 ecc_tau=0.9500 ecc_maxp=nan
[TRAIN] tx=91.42% dom=85.31% cons_cos=0.8391
[GRAD]  total=3.955 backbone=1.000 aux=0.750 domain=0.430
[VAL]   tx=98.92% dom=94.66%
[TEST]  overall_tx=89.79% (183173/204000)
[TEST-SPLIT]
          unseen_day_seen_rx(days=['2021_03_15', '2021_03_23'], rxs=[0, 1, 2, 3, 4, 5, 6]): tx=93.75% (78750/84000)
          seen_day_unseen_rx(days=['2021_03_01', '2021_03_08'], rxs=[7, 8, 9, 10, 11]): tx=89.52% (53709/60000)
          unseen_day_unseen_rx(days=['2021_03_15', '2021_03_23'], rxs=[7, 8, 9, 10, 11]): tx=84.52% (50714/60000)
          day=2021_03_15 on seen_rxs=[0, 1, 2, 3, 4, 5, 6]: tx=95.65% (40174/42000)
          day=2021_03_23 on seen_rxs=[0, 1, 2, 3, 4, 5, 6]: tx=91.85% (38576/42000)
          rx=7 on seen_days=['2021_03_01', '2021_03_08']: tx=86.47% (10376/12000)
          rx=8 on seen_days=['2021_03_01', '2021_03_08']: tx=83.75% (10050/12000)
          rx=9 on seen_days=['2021_03_01', '2021_03_08']: tx=90.29% (10835/12000)
          rx=10 on seen_days=['2021_03_01', '2021_03_08']: tx=94.12% (11294/12000)
          rx=11 on seen_days=['2021_03_01', '2021_03_08']: tx=92.95% (11154/12000)
[BEST-JOINT]  val_tx=99.00% & test_tx=90.31% @ E111
[CKPT]  latest -> finalist_runs/D4_domain_no_pa_no_stats_seed1337/latest_model.pth (saved) | best -> finalist_runs/D4_domain_no_pa_no_stats_seed1337/best_model_val.pth
====================================================================================================================================
[SAT-TEST] scenario=clear_leo selected=test_unseen_day_unseen_rx overall_tx=46.83% strict_udu=46.83% (28099/60000)
[SAT-TEST] scenario=low_elev_leo selected=test_unseen_day_unseen_rx overall_tx=47.16% strict_udu=47.16% (28299/60000)
[SAT-TEST] scenario=rain_leo selected=test_unseen_day_unseen_rx overall_tx=45.12% strict_udu=45.12% (27074/60000)
[SAT-TEST] scenario=storm_mp selected=test_unseen_day_unseen_rx overall_tx=40.00% strict_udu=40.00% (23999/60000)
[SAT-TEST] scenario=mixed_orbit selected=test_unseen_day_unseen_rx overall_tx=42.82% strict_udu=42.82% (25690/60000)
[BEST-TEST] overall=90.75% @ E101 -> finalist_runs/D4_domain_no_pa_no_stats_seed1337/best_model_test_overall.pth | unseen_day_unseen_rx=85.99% @ E101 -> finalist_runs/D4_domain_no_pa_no_stats_seed1337/best_model_strict_udu.pth | unseen_day_seen_rx=94.48% @ E106 | seen_day_unseen_rx=91.00% @ E078
[BEST-PRIMARY] score=87.65 @ E101 -> finalist_runs/D4_domain_no_pa_no_stats_seed1337/best_model_primary_ood.pth | overall=90.75% strict_udu=85.99%
[BEST-WORST-RX] worst_rx=86.13% (test_rx_8) @ E101 -> finalist_runs/D4_domain_no_pa_no_stats_seed1337/best_model_worst_rx.pth
====================================================================================================================================
[Epoch 184/200] time=82.4s | lr=4.13e-06 | aux_scale=1.000
[STAGE] phase=S3_refine_aux_late_stable | use_aux=1.0 cons=0.45 cls_aux=0.25 reg=0.25 joint_inv=0.08 kl=0.16 group_ce=0.80
[MIXSTYLE-EPOCH] phase=late_anneal enabled=1 p=0.050 strength=0.350 anneal_t=1.000
[AUG] scale=0.200 | p_dac=0.000 p_pa=0.028 p_shift=0.070 p_cfo=0.070 p_awgn=0.080 p_mp=0.036 | max_shift=6 cfo_max=8e-05 pn_max=0.0012
------------------------------------------------------------------------------------------------------------------------------------
[LOSS-CORE] total=2.6981 cls=0.6884 dom=0.3102 adv=2.6176 orth=0.0030 cons=0.1422 group_ce=1.3634
[LOSS-AUX]  cls_pa=0.8543 cls_dac=0.0000 pa_joint_inv=0.1937 pa_kl=0.6878 dac_reg=0.0000 pa_reg=0.0143 gap_dac=0.0000 gap_pa=0.2777 cos_joint_pa=0.8063 cos_imp_pa=nan
[LOSS-SAT]  cls_sat=8.5827 sat_cons=0.6934 sat_cos=0.3066
[LOSS-DG]   proto=0.0000 proto_cos=nan supcon=0.0000 fishr=0.0008 sgc_res=0.0000
[LOSS-CAL]  ecc=0.0000 ecc_w=0.0000 ecc_tau=0.9500 ecc_maxp=nan
[TRAIN] tx=94.90% dom=88.23% cons_cos=0.8578
[GRAD]  total=3.591 backbone=1.000 aux=0.750 domain=0.425
[VAL]   tx=98.96% dom=94.68%
[TEST]  overall_tx=89.87% (183340/204000)
[TEST-SPLIT]
          unseen_day_seen_rx(days=['2021_03_15', '2021_03_23'], rxs=[0, 1, 2, 3, 4, 5, 6]): tx=93.74% (78745/84000)
          seen_day_unseen_rx(days=['2021_03_01', '2021_03_08'], rxs=[7, 8, 9, 10, 11]): tx=89.70% (53822/60000)
          unseen_day_unseen_rx(days=['2021_03_15', '2021_03_23'], rxs=[7, 8, 9, 10, 11]): tx=84.62% (50773/60000)
          day=2021_03_15 on seen_rxs=[0, 1, 2, 3, 4, 5, 6]: tx=95.70% (40192/42000)
          day=2021_03_23 on seen_rxs=[0, 1, 2, 3, 4, 5, 6]: tx=91.79% (38553/42000)
          rx=7 on seen_days=['2021_03_01', '2021_03_08']: tx=86.81% (10417/12000)
          rx=8 on seen_days=['2021_03_01', '2021_03_08']: tx=83.78% (10054/12000)
          rx=9 on seen_days=['2021_03_01', '2021_03_08']: tx=90.57% (10868/12000)
          rx=10 on seen_days=['2021_03_01', '2021_03_08']: tx=94.03% (11284/12000)
          rx=11 on seen_days=['2021_03_01', '2021_03_08']: tx=93.33% (11199/12000)
[BEST-JOINT]  val_tx=99.00% & test_tx=90.31% @ E111
[CKPT]  latest -> finalist_runs/D4_domain_no_pa_no_stats_seed1337/latest_model.pth (saved) | best -> finalist_runs/D4_domain_no_pa_no_stats_seed1337/best_model_val.pth
====================================================================================================================================
[SAT-TEST] scenario=clear_leo selected=test_unseen_day_unseen_rx overall_tx=46.71% strict_udu=46.71% (28026/60000)
[SAT-TEST] scenario=low_elev_leo selected=test_unseen_day_unseen_rx overall_tx=47.10% strict_udu=47.10% (28260/60000)
[SAT-TEST] scenario=rain_leo selected=test_unseen_day_unseen_rx overall_tx=44.95% strict_udu=44.95% (26968/60000)
[SAT-TEST] scenario=storm_mp selected=test_unseen_day_unseen_rx overall_tx=39.96% strict_udu=39.96% (23975/60000)
[SAT-TEST] scenario=mixed_orbit selected=test_unseen_day_unseen_rx overall_tx=42.68% strict_udu=42.68% (25610/60000)
[BEST-TEST] overall=90.75% @ E101 -> finalist_runs/D4_domain_no_pa_no_stats_seed1337/best_model_test_overall.pth | unseen_day_unseen_rx=85.99% @ E101 -> finalist_runs/D4_domain_no_pa_no_stats_seed1337/best_model_strict_udu.pth | unseen_day_seen_rx=94.48% @ E106 | seen_day_unseen_rx=91.00% @ E078
[BEST-PRIMARY] score=87.65 @ E101 -> finalist_runs/D4_domain_no_pa_no_stats_seed1337/best_model_primary_ood.pth | overall=90.75% strict_udu=85.99%
[BEST-WORST-RX] worst_rx=86.13% (test_rx_8) @ E101 -> finalist_runs/D4_domain_no_pa_no_stats_seed1337/best_model_worst_rx.pth
====================================================================================================================================
[Epoch 185/200] time=77.9s | lr=3.75e-06 | aux_scale=1.000
[STAGE] phase=S3_refine_aux_late_stable | use_aux=1.0 cons=0.45 cls_aux=0.25 reg=0.25 joint_inv=0.08 kl=0.16 group_ce=0.80
[MIXSTYLE-EPOCH] phase=late_anneal enabled=1 p=0.050 strength=0.350 anneal_t=1.000
[AUG] scale=0.200 | p_dac=0.000 p_pa=0.028 p_shift=0.070 p_cfo=0.070 p_awgn=0.080 p_mp=0.036 | max_shift=6 cfo_max=8e-05 pn_max=0.0012
------------------------------------------------------------------------------------------------------------------------------------
[LOSS-CORE] total=2.8526 cls=0.8127 dom=0.3332 adv=2.6218 orth=0.0031 cons=0.1490 group_ce=1.4360
[LOSS-AUX]  cls_pa=0.8291 cls_dac=0.0000 pa_joint_inv=0.1915 pa_kl=0.6625 dac_reg=0.0000 pa_reg=0.0144 gap_dac=0.0000 gap_pa=0.2707 cos_joint_pa=0.8085 cos_imp_pa=nan
[LOSS-SAT]  cls_sat=8.5928 sat_cons=0.7009 sat_cos=0.2991
[LOSS-DG]   proto=0.0000 proto_cos=nan supcon=0.0000 fishr=0.0008 sgc_res=0.0000
[LOSS-CAL]  ecc=0.0000 ecc_w=0.0000 ecc_tau=0.9500 ecc_maxp=nan
[TRAIN] tx=93.48% dom=87.39% cons_cos=0.8510
[GRAD]  total=3.706 backbone=1.000 aux=0.750 domain=0.426
[VAL]   tx=98.92% dom=94.76%
[TEST]  overall_tx=89.59% (182771/204000)
[TEST-SPLIT]
          unseen_day_seen_rx(days=['2021_03_15', '2021_03_23'], rxs=[0, 1, 2, 3, 4, 5, 6]): tx=93.62% (78639/84000)
          seen_day_unseen_rx(days=['2021_03_01', '2021_03_08'], rxs=[7, 8, 9, 10, 11]): tx=89.14% (53483/60000)
          unseen_day_unseen_rx(days=['2021_03_15', '2021_03_23'], rxs=[7, 8, 9, 10, 11]): tx=84.42% (50649/60000)
          day=2021_03_15 on seen_rxs=[0, 1, 2, 3, 4, 5, 6]: tx=95.28% (40018/42000)
          day=2021_03_23 on seen_rxs=[0, 1, 2, 3, 4, 5, 6]: tx=91.95% (38621/42000)
          rx=7 on seen_days=['2021_03_01', '2021_03_08']: tx=85.92% (10310/12000)
          rx=8 on seen_days=['2021_03_01', '2021_03_08']: tx=83.33% (10000/12000)
          rx=9 on seen_days=['2021_03_01', '2021_03_08']: tx=89.99% (10799/12000)
          rx=10 on seen_days=['2021_03_01', '2021_03_08']: tx=93.95% (11274/12000)
          rx=11 on seen_days=['2021_03_01', '2021_03_08']: tx=92.50% (11100/12000)
[BEST-JOINT]  val_tx=99.00% & test_tx=90.31% @ E111
[CKPT]  latest -> finalist_runs/D4_domain_no_pa_no_stats_seed1337/latest_model.pth (saved) | best -> finalist_runs/D4_domain_no_pa_no_stats_seed1337/best_model_val.pth
====================================================================================================================================
[SAT-TEST] scenario=clear_leo selected=test_unseen_day_unseen_rx overall_tx=46.48% strict_udu=46.48% (27887/60000)
[SAT-TEST] scenario=low_elev_leo selected=test_unseen_day_unseen_rx overall_tx=46.81% strict_udu=46.81% (28089/60000)
[SAT-TEST] scenario=rain_leo selected=test_unseen_day_unseen_rx overall_tx=44.69% strict_udu=44.69% (26815/60000)
[SAT-TEST] scenario=storm_mp selected=test_unseen_day_unseen_rx overall_tx=39.89% strict_udu=39.89% (23935/60000)
[SAT-TEST] scenario=mixed_orbit selected=test_unseen_day_unseen_rx overall_tx=42.45% strict_udu=42.45% (25470/60000)
[BEST-TEST] overall=90.75% @ E101 -> finalist_runs/D4_domain_no_pa_no_stats_seed1337/best_model_test_overall.pth | unseen_day_unseen_rx=85.99% @ E101 -> finalist_runs/D4_domain_no_pa_no_stats_seed1337/best_model_strict_udu.pth | unseen_day_seen_rx=94.48% @ E106 | seen_day_unseen_rx=91.00% @ E078
[BEST-PRIMARY] score=87.65 @ E101 -> finalist_runs/D4_domain_no_pa_no_stats_seed1337/best_model_primary_ood.pth | overall=90.75% strict_udu=85.99%
[BEST-WORST-RX] worst_rx=86.13% (test_rx_8) @ E101 -> finalist_runs/D4_domain_no_pa_no_stats_seed1337/best_model_worst_rx.pth
====================================================================================================================================
[Epoch 186/200] time=79.7s | lr=3.40e-06 | aux_scale=1.000
[STAGE] phase=S3_refine_aux_late_stable | use_aux=1.0 cons=0.45 cls_aux=0.25 reg=0.25 joint_inv=0.08 kl=0.16 group_ce=0.80
[MIXSTYLE-EPOCH] phase=late_anneal enabled=1 p=0.050 strength=0.350 anneal_t=1.000
[AUG] scale=0.200 | p_dac=0.000 p_pa=0.028 p_shift=0.070 p_cfo=0.070 p_awgn=0.080 p_mp=0.036 | max_shift=6 cfo_max=8e-05 pn_max=0.0012
------------------------------------------------------------------------------------------------------------------------------------
[LOSS-CORE] total=2.7628 cls=0.7381 dom=0.3199 adv=2.6189 orth=0.0030 cons=0.1465 group_ce=1.3661
[LOSS-AUX]  cls_pa=0.8436 cls_dac=0.0000 pa_joint_inv=0.1940 pa_kl=0.6773 dac_reg=0.0000 pa_reg=0.0143 gap_dac=0.0000 gap_pa=0.2781 cos_joint_pa=0.8060 cos_imp_pa=nan
[LOSS-SAT]  cls_sat=8.6448 sat_cons=0.6978 sat_cos=0.3022
[LOSS-DG]   proto=0.0000 proto_cos=nan supcon=0.0000 fishr=0.0008 sgc_res=0.0000
[LOSS-CAL]  ecc=0.0000 ecc_w=0.0000 ecc_tau=0.9500 ecc_maxp=nan
[TRAIN] tx=94.41% dom=87.73% cons_cos=0.8535
[GRAD]  total=3.729 backbone=1.000 aux=0.750 domain=0.432
[VAL]   tx=98.96% dom=94.74%
[TEST]  overall_tx=90.00% (183596/204000)
[TEST-SPLIT]
          unseen_day_seen_rx(days=['2021_03_15', '2021_03_23'], rxs=[0, 1, 2, 3, 4, 5, 6]): tx=93.77% (78763/84000)
          seen_day_unseen_rx(days=['2021_03_01', '2021_03_08'], rxs=[7, 8, 9, 10, 11]): tx=89.91% (53946/60000)
          unseen_day_unseen_rx(days=['2021_03_15', '2021_03_23'], rxs=[7, 8, 9, 10, 11]): tx=84.81% (50887/60000)
          day=2021_03_15 on seen_rxs=[0, 1, 2, 3, 4, 5, 6]: tx=95.70% (40196/42000)
          day=2021_03_23 on seen_rxs=[0, 1, 2, 3, 4, 5, 6]: tx=91.83% (38567/42000)
          rx=7 on seen_days=['2021_03_01', '2021_03_08']: tx=87.04% (10445/12000)
          rx=8 on seen_days=['2021_03_01', '2021_03_08']: tx=84.03% (10084/12000)
          rx=9 on seen_days=['2021_03_01', '2021_03_08']: tx=90.76% (10891/12000)
          rx=10 on seen_days=['2021_03_01', '2021_03_08']: tx=94.06% (11287/12000)
          rx=11 on seen_days=['2021_03_01', '2021_03_08']: tx=93.66% (11239/12000)
[BEST-JOINT]  val_tx=99.00% & test_tx=90.31% @ E111
[CKPT]  latest -> finalist_runs/D4_domain_no_pa_no_stats_seed1337/latest_model.pth (saved) | best -> finalist_runs/D4_domain_no_pa_no_stats_seed1337/best_model_val.pth
====================================================================================================================================
[SAT-TEST] scenario=clear_leo selected=test_unseen_day_unseen_rx overall_tx=46.77% strict_udu=46.77% (28062/60000)
[SAT-TEST] scenario=low_elev_leo selected=test_unseen_day_unseen_rx overall_tx=47.19% strict_udu=47.19% (28312/60000)
[SAT-TEST] scenario=rain_leo selected=test_unseen_day_unseen_rx overall_tx=44.95% strict_udu=44.95% (26969/60000)
[SAT-TEST] scenario=storm_mp selected=test_unseen_day_unseen_rx overall_tx=39.92% strict_udu=39.92% (23955/60000)
[SAT-TEST] scenario=mixed_orbit selected=test_unseen_day_unseen_rx overall_tx=42.77% strict_udu=42.77% (25661/60000)
[BEST-TEST] overall=90.75% @ E101 -> finalist_runs/D4_domain_no_pa_no_stats_seed1337/best_model_test_overall.pth | unseen_day_unseen_rx=85.99% @ E101 -> finalist_runs/D4_domain_no_pa_no_stats_seed1337/best_model_strict_udu.pth | unseen_day_seen_rx=94.48% @ E106 | seen_day_unseen_rx=91.00% @ E078
[BEST-PRIMARY] score=87.65 @ E101 -> finalist_runs/D4_domain_no_pa_no_stats_seed1337/best_model_primary_ood.pth | overall=90.75% strict_udu=85.99%
[BEST-WORST-RX] worst_rx=86.13% (test_rx_8) @ E101 -> finalist_runs/D4_domain_no_pa_no_stats_seed1337/best_model_worst_rx.pth
====================================================================================================================================
[Epoch 187/200] time=80.7s | lr=3.07e-06 | aux_scale=1.000
[STAGE] phase=S3_refine_aux_late_stable | use_aux=1.0 cons=0.45 cls_aux=0.25 reg=0.25 joint_inv=0.08 kl=0.16 group_ce=0.80
[MIXSTYLE-EPOCH] phase=late_anneal enabled=1 p=0.050 strength=0.350 anneal_t=1.000
[AUG] scale=0.200 | p_dac=0.000 p_pa=0.028 p_shift=0.070 p_cfo=0.070 p_awgn=0.080 p_mp=0.036 | max_shift=6 cfo_max=8e-05 pn_max=0.0012
------------------------------------------------------------------------------------------------------------------------------------
[LOSS-CORE] total=2.7124 cls=0.6877 dom=0.3155 adv=2.6193 orth=0.0031 cons=0.1435 group_ce=1.3709
[LOSS-AUX]  cls_pa=0.8221 cls_dac=0.0000 pa_joint_inv=0.1906 pa_kl=0.6531 dac_reg=0.0000 pa_reg=0.0146 gap_dac=0.0000 gap_pa=0.2717 cos_joint_pa=0.8094 cos_imp_pa=nan
[LOSS-SAT]  cls_sat=8.7033 sat_cons=0.7086 sat_cos=0.2914
[LOSS-DG]   proto=0.0000 proto_cos=nan supcon=0.0000 fishr=0.0008 sgc_res=0.0000
[LOSS-CAL]  ecc=0.0000 ecc_w=0.0000 ecc_tau=0.9500 ecc_maxp=nan
[TRAIN] tx=94.96% dom=88.08% cons_cos=0.8565
[GRAD]  total=3.881 backbone=1.000 aux=0.750 domain=0.435
[VAL]   tx=98.97% dom=94.72%
[TEST]  overall_tx=90.06% (183724/204000)
[TEST-SPLIT]
          unseen_day_seen_rx(days=['2021_03_15', '2021_03_23'], rxs=[0, 1, 2, 3, 4, 5, 6]): tx=93.77% (78767/84000)
          seen_day_unseen_rx(days=['2021_03_01', '2021_03_08'], rxs=[7, 8, 9, 10, 11]): tx=89.96% (53976/60000)
          unseen_day_unseen_rx(days=['2021_03_15', '2021_03_23'], rxs=[7, 8, 9, 10, 11]): tx=84.97% (50981/60000)
          day=2021_03_15 on seen_rxs=[0, 1, 2, 3, 4, 5, 6]: tx=95.65% (40172/42000)
          day=2021_03_23 on seen_rxs=[0, 1, 2, 3, 4, 5, 6]: tx=91.89% (38595/42000)
          rx=7 on seen_days=['2021_03_01', '2021_03_08']: tx=87.03% (10444/12000)
          rx=8 on seen_days=['2021_03_01', '2021_03_08']: tx=84.41% (10129/12000)
          rx=9 on seen_days=['2021_03_01', '2021_03_08']: tx=90.66% (10879/12000)
          rx=10 on seen_days=['2021_03_01', '2021_03_08']: tx=93.81% (11257/12000)
          rx=11 on seen_days=['2021_03_01', '2021_03_08']: tx=93.89% (11267/12000)
[BEST-JOINT]  val_tx=99.00% & test_tx=90.31% @ E111
[CKPT]  latest -> finalist_runs/D4_domain_no_pa_no_stats_seed1337/latest_model.pth (saved) | best -> finalist_runs/D4_domain_no_pa_no_stats_seed1337/best_model_val.pth
====================================================================================================================================
[SAT-TEST] scenario=clear_leo selected=test_unseen_day_unseen_rx overall_tx=46.71% strict_udu=46.71% (28024/60000)
[SAT-TEST] scenario=low_elev_leo selected=test_unseen_day_unseen_rx overall_tx=46.98% strict_udu=46.98% (28187/60000)
[SAT-TEST] scenario=rain_leo selected=test_unseen_day_unseen_rx overall_tx=44.73% strict_udu=44.73% (26840/60000)
[SAT-TEST] scenario=storm_mp selected=test_unseen_day_unseen_rx overall_tx=39.92% strict_udu=39.92% (23955/60000)
[SAT-TEST] scenario=mixed_orbit selected=test_unseen_day_unseen_rx overall_tx=42.75% strict_udu=42.75% (25651/60000)
[BEST-TEST] overall=90.75% @ E101 -> finalist_runs/D4_domain_no_pa_no_stats_seed1337/best_model_test_overall.pth | unseen_day_unseen_rx=85.99% @ E101 -> finalist_runs/D4_domain_no_pa_no_stats_seed1337/best_model_strict_udu.pth | unseen_day_seen_rx=94.48% @ E106 | seen_day_unseen_rx=91.00% @ E078
[BEST-PRIMARY] score=87.65 @ E101 -> finalist_runs/D4_domain_no_pa_no_stats_seed1337/best_model_primary_ood.pth | overall=90.75% strict_udu=85.99%
[BEST-WORST-RX] worst_rx=86.13% (test_rx_8) @ E101 -> finalist_runs/D4_domain_no_pa_no_stats_seed1337/best_model_worst_rx.pth
====================================================================================================================================
[Epoch 188/200] time=79.1s | lr=2.76e-06 | aux_scale=1.000
[STAGE] phase=S3_refine_aux_late_stable | use_aux=1.0 cons=0.45 cls_aux=0.25 reg=0.25 joint_inv=0.08 kl=0.16 group_ce=0.80
[MIXSTYLE-EPOCH] phase=late_anneal enabled=1 p=0.050 strength=0.350 anneal_t=1.000
[AUG] scale=0.200 | p_dac=0.000 p_pa=0.028 p_shift=0.070 p_cfo=0.070 p_awgn=0.080 p_mp=0.036 | max_shift=6 cfo_max=8e-05 pn_max=0.0012
------------------------------------------------------------------------------------------------------------------------------------
[LOSS-CORE] total=2.9179 cls=0.8444 dom=0.3606 adv=2.6204 orth=0.0031 cons=0.1512 group_ce=1.5184
[LOSS-AUX]  cls_pa=0.8685 cls_dac=0.0000 pa_joint_inv=0.1925 pa_kl=0.6988 dac_reg=0.0000 pa_reg=0.0143 gap_dac=0.0000 gap_pa=0.2759 cos_joint_pa=0.8075 cos_imp_pa=nan
[LOSS-SAT]  cls_sat=8.5735 sat_cons=0.6907 sat_cos=0.3093
[LOSS-DG]   proto=0.0000 proto_cos=nan supcon=0.0000 fishr=0.0008 sgc_res=0.0000
[LOSS-CAL]  ecc=0.0000 ecc_w=0.0000 ecc_tau=0.9500 ecc_maxp=nan
[TRAIN] tx=93.46% dom=86.64% cons_cos=0.8488
[GRAD]  total=4.109 backbone=1.000 aux=0.750 domain=0.441
[VAL]   tx=98.92% dom=94.71%
[TEST]  overall_tx=89.83% (183254/204000)
[TEST-SPLIT]
          unseen_day_seen_rx(days=['2021_03_15', '2021_03_23'], rxs=[0, 1, 2, 3, 4, 5, 6]): tx=93.62% (78640/84000)
          seen_day_unseen_rx(days=['2021_03_01', '2021_03_08'], rxs=[7, 8, 9, 10, 11]): tx=89.61% (53766/60000)
          unseen_day_unseen_rx(days=['2021_03_15', '2021_03_23'], rxs=[7, 8, 9, 10, 11]): tx=84.75% (50848/60000)
          day=2021_03_15 on seen_rxs=[0, 1, 2, 3, 4, 5, 6]: tx=95.46% (40094/42000)
          day=2021_03_23 on seen_rxs=[0, 1, 2, 3, 4, 5, 6]: tx=91.78% (38546/42000)
          rx=7 on seen_days=['2021_03_01', '2021_03_08']: tx=86.53% (10384/12000)
          rx=8 on seen_days=['2021_03_01', '2021_03_08']: tx=84.28% (10113/12000)
          rx=9 on seen_days=['2021_03_01', '2021_03_08']: tx=90.28% (10833/12000)
          rx=10 on seen_days=['2021_03_01', '2021_03_08']: tx=93.67% (11241/12000)
          rx=11 on seen_days=['2021_03_01', '2021_03_08']: tx=93.29% (11195/12000)
[BEST-JOINT]  val_tx=99.00% & test_tx=90.31% @ E111
[CKPT]  latest -> finalist_runs/D4_domain_no_pa_no_stats_seed1337/latest_model.pth (saved) | best -> finalist_runs/D4_domain_no_pa_no_stats_seed1337/best_model_val.pth
====================================================================================================================================
[SAT-TEST] scenario=clear_leo selected=test_unseen_day_unseen_rx overall_tx=46.52% strict_udu=46.52% (27913/60000)
[SAT-TEST] scenario=low_elev_leo selected=test_unseen_day_unseen_rx overall_tx=46.98% strict_udu=46.98% (28189/60000)
[SAT-TEST] scenario=rain_leo selected=test_unseen_day_unseen_rx overall_tx=44.72% strict_udu=44.72% (26831/60000)
[SAT-TEST] scenario=storm_mp selected=test_unseen_day_unseen_rx overall_tx=39.85% strict_udu=39.85% (23909/60000)
[SAT-TEST] scenario=mixed_orbit selected=test_unseen_day_unseen_rx overall_tx=42.69% strict_udu=42.69% (25616/60000)
[BEST-TEST] overall=90.75% @ E101 -> finalist_runs/D4_domain_no_pa_no_stats_seed1337/best_model_test_overall.pth | unseen_day_unseen_rx=85.99% @ E101 -> finalist_runs/D4_domain_no_pa_no_stats_seed1337/best_model_strict_udu.pth | unseen_day_seen_rx=94.48% @ E106 | seen_day_unseen_rx=91.00% @ E078
[BEST-PRIMARY] score=87.65 @ E101 -> finalist_runs/D4_domain_no_pa_no_stats_seed1337/best_model_primary_ood.pth | overall=90.75% strict_udu=85.99%
[BEST-WORST-RX] worst_rx=86.13% (test_rx_8) @ E101 -> finalist_runs/D4_domain_no_pa_no_stats_seed1337/best_model_worst_rx.pth
====================================================================================================================================
[Epoch 189/200] time=78.8s | lr=2.48e-06 | aux_scale=1.000
[STAGE] phase=S3_refine_aux_late_stable | use_aux=1.0 cons=0.45 cls_aux=0.25 reg=0.25 joint_inv=0.08 kl=0.16 group_ce=0.80
[MIXSTYLE-EPOCH] phase=late_anneal enabled=1 p=0.050 strength=0.350 anneal_t=1.000
[AUG] scale=0.200 | p_dac=0.000 p_pa=0.028 p_shift=0.070 p_cfo=0.070 p_awgn=0.080 p_mp=0.036 | max_shift=6 cfo_max=8e-05 pn_max=0.0012
------------------------------------------------------------------------------------------------------------------------------------
[LOSS-CORE] total=3.2522 cls=1.0822 dom=0.4247 adv=2.6178 orth=0.0028 cons=0.1643 group_ce=1.8959
[LOSS-AUX]  cls_pa=0.8275 cls_dac=0.0000 pa_joint_inv=0.1917 pa_kl=0.6525 dac_reg=0.0000 pa_reg=0.0146 gap_dac=0.0000 gap_pa=0.2791 cos_joint_pa=0.8083 cos_imp_pa=nan
[LOSS-SAT]  cls_sat=8.6326 sat_cons=0.6890 sat_cos=0.3110
[LOSS-DG]   proto=0.0000 proto_cos=nan supcon=0.0000 fishr=0.0011 sgc_res=0.0000
[LOSS-CAL]  ecc=0.0000 ecc_w=0.0000 ecc_tau=0.9500 ecc_maxp=nan
[TRAIN] tx=91.33% dom=84.42% cons_cos=0.8357
[GRAD]  total=4.114 backbone=1.000 aux=0.750 domain=0.426
[VAL]   tx=98.88% dom=94.71%
[TEST]  overall_tx=89.74% (183060/204000)
[TEST-SPLIT]
          unseen_day_seen_rx(days=['2021_03_15', '2021_03_23'], rxs=[0, 1, 2, 3, 4, 5, 6]): tx=93.63% (78653/84000)
          seen_day_unseen_rx(days=['2021_03_01', '2021_03_08'], rxs=[7, 8, 9, 10, 11]): tx=89.41% (53647/60000)
          unseen_day_unseen_rx(days=['2021_03_15', '2021_03_23'], rxs=[7, 8, 9, 10, 11]): tx=84.60% (50760/60000)
          day=2021_03_15 on seen_rxs=[0, 1, 2, 3, 4, 5, 6]: tx=95.56% (40134/42000)
          day=2021_03_23 on seen_rxs=[0, 1, 2, 3, 4, 5, 6]: tx=91.71% (38519/42000)
          rx=7 on seen_days=['2021_03_01', '2021_03_08']: tx=86.10% (10332/12000)
          rx=8 on seen_days=['2021_03_01', '2021_03_08']: tx=83.85% (10062/12000)
          rx=9 on seen_days=['2021_03_01', '2021_03_08']: tx=90.28% (10833/12000)
          rx=10 on seen_days=['2021_03_01', '2021_03_08']: tx=93.83% (11259/12000)
          rx=11 on seen_days=['2021_03_01', '2021_03_08']: tx=93.01% (11161/12000)
[BEST-JOINT]  val_tx=99.00% & test_tx=90.31% @ E111
[CKPT]  latest -> finalist_runs/D4_domain_no_pa_no_stats_seed1337/latest_model.pth (saved) | best -> finalist_runs/D4_domain_no_pa_no_stats_seed1337/best_model_val.pth
====================================================================================================================================
[SAT-TEST] scenario=clear_leo selected=test_unseen_day_unseen_rx overall_tx=46.75% strict_udu=46.75% (28048/60000)
[SAT-TEST] scenario=low_elev_leo selected=test_unseen_day_unseen_rx overall_tx=47.25% strict_udu=47.25% (28348/60000)
[SAT-TEST] scenario=rain_leo selected=test_unseen_day_unseen_rx overall_tx=45.04% strict_udu=45.04% (27024/60000)
[SAT-TEST] scenario=storm_mp selected=test_unseen_day_unseen_rx overall_tx=39.94% strict_udu=39.94% (23962/60000)
[SAT-TEST] scenario=mixed_orbit selected=test_unseen_day_unseen_rx overall_tx=42.85% strict_udu=42.85% (25709/60000)
[BEST-TEST] overall=90.75% @ E101 -> finalist_runs/D4_domain_no_pa_no_stats_seed1337/best_model_test_overall.pth | unseen_day_unseen_rx=85.99% @ E101 -> finalist_runs/D4_domain_no_pa_no_stats_seed1337/best_model_strict_udu.pth | unseen_day_seen_rx=94.48% @ E106 | seen_day_unseen_rx=91.00% @ E078
[BEST-PRIMARY] score=87.65 @ E101 -> finalist_runs/D4_domain_no_pa_no_stats_seed1337/best_model_primary_ood.pth | overall=90.75% strict_udu=85.99%
[BEST-WORST-RX] worst_rx=86.13% (test_rx_8) @ E101 -> finalist_runs/D4_domain_no_pa_no_stats_seed1337/best_model_worst_rx.pth
====================================================================================================================================
[Epoch 190/200] time=77.3s | lr=2.23e-06 | aux_scale=1.000
[STAGE] phase=S3_refine_aux_late_stable | use_aux=1.0 cons=0.45 cls_aux=0.25 reg=0.25 joint_inv=0.08 kl=0.16 group_ce=0.80
[MIXSTYLE-EPOCH] phase=late_anneal enabled=1 p=0.050 strength=0.350 anneal_t=1.000
[AUG] scale=0.200 | p_dac=0.000 p_pa=0.028 p_shift=0.070 p_cfo=0.070 p_awgn=0.080 p_mp=0.036 | max_shift=6 cfo_max=8e-05 pn_max=0.0012
------------------------------------------------------------------------------------------------------------------------------------
[LOSS-CORE] total=2.8350 cls=0.7958 dom=0.3296 adv=2.6189 orth=0.0031 cons=0.1503 group_ce=1.4996
[LOSS-AUX]  cls_pa=0.8191 cls_dac=0.0000 pa_joint_inv=0.1918 pa_kl=0.6529 dac_reg=0.0000 pa_reg=0.0146 gap_dac=0.0000 gap_pa=0.2751 cos_joint_pa=0.8082 cos_imp_pa=nan
[LOSS-SAT]  cls_sat=8.5882 sat_cons=0.6921 sat_cos=0.3079
[LOSS-DG]   proto=0.0000 proto_cos=nan supcon=0.0000 fishr=0.0008 sgc_res=0.0000
[LOSS-CAL]  ecc=0.0000 ecc_w=0.0000 ecc_tau=0.9500 ecc_maxp=nan
[TRAIN] tx=94.04% dom=87.48% cons_cos=0.8497
[GRAD]  total=3.798 backbone=1.000 aux=0.750 domain=0.424
[VAL]   tx=98.92% dom=94.73%
[TEST]  overall_tx=89.80% (183192/204000)
[TEST-SPLIT]
          unseen_day_seen_rx(days=['2021_03_15', '2021_03_23'], rxs=[0, 1, 2, 3, 4, 5, 6]): tx=93.72% (78722/84000)
          seen_day_unseen_rx(days=['2021_03_01', '2021_03_08'], rxs=[7, 8, 9, 10, 11]): tx=89.53% (53719/60000)
          unseen_day_unseen_rx(days=['2021_03_15', '2021_03_23'], rxs=[7, 8, 9, 10, 11]): tx=84.58% (50751/60000)
          day=2021_03_15 on seen_rxs=[0, 1, 2, 3, 4, 5, 6]: tx=95.58% (40145/42000)
          day=2021_03_23 on seen_rxs=[0, 1, 2, 3, 4, 5, 6]: tx=91.85% (38577/42000)
          rx=7 on seen_days=['2021_03_01', '2021_03_08']: tx=86.81% (10417/12000)
          rx=8 on seen_days=['2021_03_01', '2021_03_08']: tx=83.89% (10067/12000)
          rx=9 on seen_days=['2021_03_01', '2021_03_08']: tx=90.31% (10837/12000)
          rx=10 on seen_days=['2021_03_01', '2021_03_08']: tx=93.96% (11275/12000)
          rx=11 on seen_days=['2021_03_01', '2021_03_08']: tx=92.69% (11123/12000)
[BEST-JOINT]  val_tx=99.00% & test_tx=90.31% @ E111
[CKPT]  latest -> finalist_runs/D4_domain_no_pa_no_stats_seed1337/latest_model.pth (saved) | best -> finalist_runs/D4_domain_no_pa_no_stats_seed1337/best_model_val.pth
====================================================================================================================================
[SAT-TEST] scenario=clear_leo selected=test_unseen_day_unseen_rx overall_tx=46.45% strict_udu=46.45% (27873/60000)
[SAT-TEST] scenario=low_elev_leo selected=test_unseen_day_unseen_rx overall_tx=46.95% strict_udu=46.95% (28169/60000)
[SAT-TEST] scenario=rain_leo selected=test_unseen_day_unseen_rx overall_tx=44.65% strict_udu=44.65% (26790/60000)
[SAT-TEST] scenario=storm_mp selected=test_unseen_day_unseen_rx overall_tx=39.84% strict_udu=39.84% (23905/60000)
[SAT-TEST] scenario=mixed_orbit selected=test_unseen_day_unseen_rx overall_tx=42.52% strict_udu=42.52% (25514/60000)
[BEST-TEST] overall=90.75% @ E101 -> finalist_runs/D4_domain_no_pa_no_stats_seed1337/best_model_test_overall.pth | unseen_day_unseen_rx=85.99% @ E101 -> finalist_runs/D4_domain_no_pa_no_stats_seed1337/best_model_strict_udu.pth | unseen_day_seen_rx=94.48% @ E106 | seen_day_unseen_rx=91.00% @ E078
[BEST-PRIMARY] score=87.65 @ E101 -> finalist_runs/D4_domain_no_pa_no_stats_seed1337/best_model_primary_ood.pth | overall=90.75% strict_udu=85.99%
[BEST-WORST-RX] worst_rx=86.13% (test_rx_8) @ E101 -> finalist_runs/D4_domain_no_pa_no_stats_seed1337/best_model_worst_rx.pth
====================================================================================================================================
[Epoch 191/200] time=79.5s | lr=1.99e-06 | aux_scale=1.000
[STAGE] phase=S3_refine_aux_late_stable | use_aux=1.0 cons=0.45 cls_aux=0.25 reg=0.25 joint_inv=0.08 kl=0.16 group_ce=0.80
[MIXSTYLE-EPOCH] phase=late_anneal enabled=1 p=0.050 strength=0.350 anneal_t=1.000
[AUG] scale=0.200 | p_dac=0.000 p_pa=0.028 p_shift=0.070 p_cfo=0.070 p_awgn=0.080 p_mp=0.036 | max_shift=6 cfo_max=8e-05 pn_max=0.0012
------------------------------------------------------------------------------------------------------------------------------------
[LOSS-CORE] total=2.3355 cls=0.4300 dom=0.2390 adv=2.6209 orth=0.0034 cons=0.1293 group_ce=0.8986
[LOSS-AUX]  cls_pa=0.8430 cls_dac=0.0000 pa_joint_inv=0.1936 pa_kl=0.6745 dac_reg=0.0000 pa_reg=0.0143 gap_dac=0.0000 gap_pa=0.2810 cos_joint_pa=0.8064 cos_imp_pa=nan
[LOSS-SAT]  cls_sat=8.6296 sat_cons=0.7073 sat_cos=0.2927
[LOSS-DG]   proto=0.0000 proto_cos=nan supcon=0.0000 fishr=0.0004 sgc_res=0.0000
[LOSS-CAL]  ecc=0.0000 ecc_w=0.0000 ecc_tau=0.9500 ecc_maxp=nan
[TRAIN] tx=97.09% dom=90.61% cons_cos=0.8706
[GRAD]  total=3.614 backbone=1.000 aux=0.750 domain=0.418
[VAL]   tx=98.94% dom=94.74%
[TEST]  overall_tx=89.83% (183259/204000)
[TEST-SPLIT]
          unseen_day_seen_rx(days=['2021_03_15', '2021_03_23'], rxs=[0, 1, 2, 3, 4, 5, 6]): tx=93.78% (78773/84000)
          seen_day_unseen_rx(days=['2021_03_01', '2021_03_08'], rxs=[7, 8, 9, 10, 11]): tx=89.53% (53719/60000)
          unseen_day_unseen_rx(days=['2021_03_15', '2021_03_23'], rxs=[7, 8, 9, 10, 11]): tx=84.61% (50767/60000)
          day=2021_03_15 on seen_rxs=[0, 1, 2, 3, 4, 5, 6]: tx=95.56% (40134/42000)
          day=2021_03_23 on seen_rxs=[0, 1, 2, 3, 4, 5, 6]: tx=92.00% (38639/42000)
          rx=7 on seen_days=['2021_03_01', '2021_03_08']: tx=86.91% (10429/12000)
          rx=8 on seen_days=['2021_03_01', '2021_03_08']: tx=83.64% (10037/12000)
          rx=9 on seen_days=['2021_03_01', '2021_03_08']: tx=90.37% (10844/12000)
          rx=10 on seen_days=['2021_03_01', '2021_03_08']: tx=94.13% (11296/12000)
          rx=11 on seen_days=['2021_03_01', '2021_03_08']: tx=92.61% (11113/12000)
[BEST-JOINT]  val_tx=99.00% & test_tx=90.31% @ E111
[CKPT]  latest -> finalist_runs/D4_domain_no_pa_no_stats_seed1337/latest_model.pth (saved) | best -> finalist_runs/D4_domain_no_pa_no_stats_seed1337/best_model_val.pth
====================================================================================================================================
[SAT-TEST] scenario=clear_leo selected=test_unseen_day_unseen_rx overall_tx=46.53% strict_udu=46.53% (27916/60000)
[SAT-TEST] scenario=low_elev_leo selected=test_unseen_day_unseen_rx overall_tx=46.95% strict_udu=46.95% (28169/60000)
[SAT-TEST] scenario=rain_leo selected=test_unseen_day_unseen_rx overall_tx=44.74% strict_udu=44.74% (26847/60000)
[SAT-TEST] scenario=storm_mp selected=test_unseen_day_unseen_rx overall_tx=39.91% strict_udu=39.91% (23947/60000)
[SAT-TEST] scenario=mixed_orbit selected=test_unseen_day_unseen_rx overall_tx=42.54% strict_udu=42.54% (25524/60000)
[BEST-TEST] overall=90.75% @ E101 -> finalist_runs/D4_domain_no_pa_no_stats_seed1337/best_model_test_overall.pth | unseen_day_unseen_rx=85.99% @ E101 -> finalist_runs/D4_domain_no_pa_no_stats_seed1337/best_model_strict_udu.pth | unseen_day_seen_rx=94.48% @ E106 | seen_day_unseen_rx=91.00% @ E078
[BEST-PRIMARY] score=87.65 @ E101 -> finalist_runs/D4_domain_no_pa_no_stats_seed1337/best_model_primary_ood.pth | overall=90.75% strict_udu=85.99%
[BEST-WORST-RX] worst_rx=86.13% (test_rx_8) @ E101 -> finalist_runs/D4_domain_no_pa_no_stats_seed1337/best_model_worst_rx.pth
====================================================================================================================================
[Epoch 192/200] time=78.4s | lr=1.78e-06 | aux_scale=1.000
[STAGE] phase=S3_refine_aux_late_stable | use_aux=1.0 cons=0.45 cls_aux=0.25 reg=0.25 joint_inv=0.08 kl=0.16 group_ce=0.80
[MIXSTYLE-EPOCH] phase=late_anneal enabled=1 p=0.050 strength=0.350 anneal_t=1.000
[AUG] scale=0.200 | p_dac=0.000 p_pa=0.028 p_shift=0.070 p_cfo=0.070 p_awgn=0.080 p_mp=0.036 | max_shift=6 cfo_max=8e-05 pn_max=0.0012
------------------------------------------------------------------------------------------------------------------------------------
[LOSS-CORE] total=2.6185 cls=0.6280 dom=0.3142 adv=2.6211 orth=0.0032 cons=0.1390 group_ce=1.2280
[LOSS-AUX]  cls_pa=0.8250 cls_dac=0.0000 pa_joint_inv=0.1909 pa_kl=0.6563 dac_reg=0.0000 pa_reg=0.0144 gap_dac=0.0000 gap_pa=0.2807 cos_joint_pa=0.8091 cos_imp_pa=nan
[LOSS-SAT]  cls_sat=8.4388 sat_cons=0.6869 sat_cos=0.3131
[LOSS-DG]   proto=0.0000 proto_cos=nan supcon=0.0000 fishr=0.0007 sgc_res=0.0000
[LOSS-CAL]  ecc=0.0000 ecc_w=0.0000 ecc_tau=0.9500 ecc_maxp=nan
[TRAIN] tx=95.48% dom=88.03% cons_cos=0.8610
[GRAD]  total=3.900 backbone=1.000 aux=0.750 domain=0.438
[VAL]   tx=98.96% dom=94.75%
[TEST]  overall_tx=89.93% (183465/204000)
[TEST-SPLIT]
          unseen_day_seen_rx(days=['2021_03_15', '2021_03_23'], rxs=[0, 1, 2, 3, 4, 5, 6]): tx=93.81% (78801/84000)
          seen_day_unseen_rx(days=['2021_03_01', '2021_03_08'], rxs=[7, 8, 9, 10, 11]): tx=89.69% (53814/60000)
          unseen_day_unseen_rx(days=['2021_03_15', '2021_03_23'], rxs=[7, 8, 9, 10, 11]): tx=84.75% (50850/60000)
          day=2021_03_15 on seen_rxs=[0, 1, 2, 3, 4, 5, 6]: tx=95.59% (40147/42000)
          day=2021_03_23 on seen_rxs=[0, 1, 2, 3, 4, 5, 6]: tx=92.03% (38654/42000)
          rx=7 on seen_days=['2021_03_01', '2021_03_08']: tx=87.08% (10449/12000)
          rx=8 on seen_days=['2021_03_01', '2021_03_08']: tx=83.78% (10054/12000)
          rx=9 on seen_days=['2021_03_01', '2021_03_08']: tx=90.48% (10858/12000)
          rx=10 on seen_days=['2021_03_01', '2021_03_08']: tx=94.09% (11291/12000)
          rx=11 on seen_days=['2021_03_01', '2021_03_08']: tx=93.02% (11162/12000)
[BEST-JOINT]  val_tx=99.00% & test_tx=90.31% @ E111
[CKPT]  latest -> finalist_runs/D4_domain_no_pa_no_stats_seed1337/latest_model.pth (saved) | best -> finalist_runs/D4_domain_no_pa_no_stats_seed1337/best_model_val.pth
====================================================================================================================================
[SAT-TEST] scenario=clear_leo selected=test_unseen_day_unseen_rx overall_tx=46.57% strict_udu=46.57% (27940/60000)
[SAT-TEST] scenario=low_elev_leo selected=test_unseen_day_unseen_rx overall_tx=46.88% strict_udu=46.88% (28131/60000)
[SAT-TEST] scenario=rain_leo selected=test_unseen_day_unseen_rx overall_tx=44.70% strict_udu=44.70% (26822/60000)
[SAT-TEST] scenario=storm_mp selected=test_unseen_day_unseen_rx overall_tx=39.96% strict_udu=39.96% (23976/60000)
[SAT-TEST] scenario=mixed_orbit selected=test_unseen_day_unseen_rx overall_tx=42.62% strict_udu=42.62% (25573/60000)
[BEST-TEST] overall=90.75% @ E101 -> finalist_runs/D4_domain_no_pa_no_stats_seed1337/best_model_test_overall.pth | unseen_day_unseen_rx=85.99% @ E101 -> finalist_runs/D4_domain_no_pa_no_stats_seed1337/best_model_strict_udu.pth | unseen_day_seen_rx=94.48% @ E106 | seen_day_unseen_rx=91.00% @ E078
[BEST-PRIMARY] score=87.65 @ E101 -> finalist_runs/D4_domain_no_pa_no_stats_seed1337/best_model_primary_ood.pth | overall=90.75% strict_udu=85.99%
[BEST-WORST-RX] worst_rx=86.13% (test_rx_8) @ E101 -> finalist_runs/D4_domain_no_pa_no_stats_seed1337/best_model_worst_rx.pth
====================================================================================================================================
[Epoch 193/200] time=78.7s | lr=1.60e-06 | aux_scale=1.000
[STAGE] phase=S3_refine_aux_late_stable | use_aux=1.0 cons=0.45 cls_aux=0.25 reg=0.25 joint_inv=0.08 kl=0.16 group_ce=0.80
[MIXSTYLE-EPOCH] phase=late_anneal enabled=1 p=0.050 strength=0.350 anneal_t=1.000
[AUG] scale=0.200 | p_dac=0.000 p_pa=0.028 p_shift=0.070 p_cfo=0.070 p_awgn=0.080 p_mp=0.036 | max_shift=6 cfo_max=8e-05 pn_max=0.0012
------------------------------------------------------------------------------------------------------------------------------------
[LOSS-CORE] total=2.7707 cls=0.7509 dom=0.3182 adv=2.6209 orth=0.0031 cons=0.1409 group_ce=1.3811
[LOSS-AUX]  cls_pa=0.8281 cls_dac=0.0000 pa_joint_inv=0.1941 pa_kl=0.6567 dac_reg=0.0000 pa_reg=0.0143 gap_dac=0.0000 gap_pa=0.2830 cos_joint_pa=0.8059 cos_imp_pa=nan
[LOSS-SAT]  cls_sat=8.5968 sat_cons=0.6948 sat_cos=0.3052
[LOSS-DG]   proto=0.0000 proto_cos=nan supcon=0.0000 fishr=0.0007 sgc_res=0.0000
[LOSS-CAL]  ecc=0.0000 ecc_w=0.0000 ecc_tau=0.9500 ecc_maxp=nan
[TRAIN] tx=94.41% dom=88.14% cons_cos=0.8591
[GRAD]  total=3.836 backbone=1.000 aux=0.750 domain=0.419
[VAL]   tx=98.96% dom=94.74%
[TEST]  overall_tx=89.95% (183495/204000)
[TEST-SPLIT]
          unseen_day_seen_rx(days=['2021_03_15', '2021_03_23'], rxs=[0, 1, 2, 3, 4, 5, 6]): tx=93.77% (78766/84000)
          seen_day_unseen_rx(days=['2021_03_01', '2021_03_08'], rxs=[7, 8, 9, 10, 11]): tx=89.74% (53842/60000)
          unseen_day_unseen_rx(days=['2021_03_15', '2021_03_23'], rxs=[7, 8, 9, 10, 11]): tx=84.81% (50887/60000)
          day=2021_03_15 on seen_rxs=[0, 1, 2, 3, 4, 5, 6]: tx=95.57% (40138/42000)
          day=2021_03_23 on seen_rxs=[0, 1, 2, 3, 4, 5, 6]: tx=91.97% (38628/42000)
          rx=7 on seen_days=['2021_03_01', '2021_03_08']: tx=87.02% (10442/12000)
          rx=8 on seen_days=['2021_03_01', '2021_03_08']: tx=84.00% (10080/12000)
          rx=9 on seen_days=['2021_03_01', '2021_03_08']: tx=90.45% (10854/12000)
          rx=10 on seen_days=['2021_03_01', '2021_03_08']: tx=94.01% (11281/12000)
          rx=11 on seen_days=['2021_03_01', '2021_03_08']: tx=93.21% (11185/12000)
[BEST-JOINT]  val_tx=99.00% & test_tx=90.31% @ E111
[CKPT]  latest -> finalist_runs/D4_domain_no_pa_no_stats_seed1337/latest_model.pth (saved) | best -> finalist_runs/D4_domain_no_pa_no_stats_seed1337/best_model_val.pth
====================================================================================================================================
[SAT-TEST] scenario=clear_leo selected=test_unseen_day_unseen_rx overall_tx=46.59% strict_udu=46.59% (27957/60000)
[SAT-TEST] scenario=low_elev_leo selected=test_unseen_day_unseen_rx overall_tx=46.96% strict_udu=46.96% (28175/60000)
[SAT-TEST] scenario=rain_leo selected=test_unseen_day_unseen_rx overall_tx=44.67% strict_udu=44.67% (26805/60000)
[SAT-TEST] scenario=storm_mp selected=test_unseen_day_unseen_rx overall_tx=39.98% strict_udu=39.98% (23985/60000)
[SAT-TEST] scenario=mixed_orbit selected=test_unseen_day_unseen_rx overall_tx=42.63% strict_udu=42.63% (25579/60000)
[BEST-TEST] overall=90.75% @ E101 -> finalist_runs/D4_domain_no_pa_no_stats_seed1337/best_model_test_overall.pth | unseen_day_unseen_rx=85.99% @ E101 -> finalist_runs/D4_domain_no_pa_no_stats_seed1337/best_model_strict_udu.pth | unseen_day_seen_rx=94.48% @ E106 | seen_day_unseen_rx=91.00% @ E078
[BEST-PRIMARY] score=87.65 @ E101 -> finalist_runs/D4_domain_no_pa_no_stats_seed1337/best_model_primary_ood.pth | overall=90.75% strict_udu=85.99%
[BEST-WORST-RX] worst_rx=86.13% (test_rx_8) @ E101 -> finalist_runs/D4_domain_no_pa_no_stats_seed1337/best_model_worst_rx.pth
====================================================================================================================================
[Epoch 194/200] time=76.3s | lr=1.44e-06 | aux_scale=1.000
[STAGE] phase=S3_refine_aux_late_stable | use_aux=1.0 cons=0.45 cls_aux=0.25 reg=0.25 joint_inv=0.08 kl=0.16 group_ce=0.80
[MIXSTYLE-EPOCH] phase=late_anneal enabled=1 p=0.050 strength=0.350 anneal_t=1.000
[AUG] scale=0.200 | p_dac=0.000 p_pa=0.028 p_shift=0.070 p_cfo=0.070 p_awgn=0.080 p_mp=0.036 | max_shift=6 cfo_max=8e-05 pn_max=0.0012
------------------------------------------------------------------------------------------------------------------------------------
[LOSS-CORE] total=2.6483 cls=0.6474 dom=0.3107 adv=2.6187 orth=0.0031 cons=0.1461 group_ce=1.2974
[LOSS-AUX]  cls_pa=0.8342 cls_dac=0.0000 pa_joint_inv=0.1916 pa_kl=0.6664 dac_reg=0.0000 pa_reg=0.0143 gap_dac=0.0000 gap_pa=0.2773 cos_joint_pa=0.8084 cos_imp_pa=nan
[LOSS-SAT]  cls_sat=8.5406 sat_cons=0.6930 sat_cos=0.3070
[LOSS-DG]   proto=0.0000 proto_cos=nan supcon=0.0000 fishr=0.0007 sgc_res=0.0000
[LOSS-CAL]  ecc=0.0000 ecc_w=0.0000 ecc_tau=0.9500 ecc_maxp=nan
[TRAIN] tx=95.19% dom=88.01% cons_cos=0.8539
[GRAD]  total=3.988 backbone=1.000 aux=0.750 domain=0.420
[VAL]   tx=98.93% dom=94.73%
[TEST]  overall_tx=89.86% (183315/204000)
[TEST-SPLIT]
          unseen_day_seen_rx(days=['2021_03_15', '2021_03_23'], rxs=[0, 1, 2, 3, 4, 5, 6]): tx=93.69% (78698/84000)
          seen_day_unseen_rx(days=['2021_03_01', '2021_03_08'], rxs=[7, 8, 9, 10, 11]): tx=89.60% (53759/60000)
          unseen_day_unseen_rx(days=['2021_03_15', '2021_03_23'], rxs=[7, 8, 9, 10, 11]): tx=84.76% (50858/60000)
          day=2021_03_15 on seen_rxs=[0, 1, 2, 3, 4, 5, 6]: tx=95.48% (40101/42000)
          day=2021_03_23 on seen_rxs=[0, 1, 2, 3, 4, 5, 6]: tx=91.90% (38597/42000)
          rx=7 on seen_days=['2021_03_01', '2021_03_08']: tx=86.77% (10412/12000)
          rx=8 on seen_days=['2021_03_01', '2021_03_08']: tx=84.03% (10084/12000)
          rx=9 on seen_days=['2021_03_01', '2021_03_08']: tx=90.29% (10835/12000)
          rx=10 on seen_days=['2021_03_01', '2021_03_08']: tx=93.82% (11258/12000)
          rx=11 on seen_days=['2021_03_01', '2021_03_08']: tx=93.08% (11170/12000)
[BEST-JOINT]  val_tx=99.00% & test_tx=90.31% @ E111
[CKPT]  latest -> finalist_runs/D4_domain_no_pa_no_stats_seed1337/latest_model.pth (saved) | best -> finalist_runs/D4_domain_no_pa_no_stats_seed1337/best_model_val.pth
====================================================================================================================================
[SAT-TEST] scenario=clear_leo selected=test_unseen_day_unseen_rx overall_tx=46.53% strict_udu=46.53% (27919/60000)
[SAT-TEST] scenario=low_elev_leo selected=test_unseen_day_unseen_rx overall_tx=47.00% strict_udu=47.00% (28199/60000)
[SAT-TEST] scenario=rain_leo selected=test_unseen_day_unseen_rx overall_tx=44.73% strict_udu=44.73% (26839/60000)
[SAT-TEST] scenario=storm_mp selected=test_unseen_day_unseen_rx overall_tx=39.91% strict_udu=39.91% (23944/60000)
[SAT-TEST] scenario=mixed_orbit selected=test_unseen_day_unseen_rx overall_tx=42.64% strict_udu=42.64% (25582/60000)
[BEST-TEST] overall=90.75% @ E101 -> finalist_runs/D4_domain_no_pa_no_stats_seed1337/best_model_test_overall.pth | unseen_day_unseen_rx=85.99% @ E101 -> finalist_runs/D4_domain_no_pa_no_stats_seed1337/best_model_strict_udu.pth | unseen_day_seen_rx=94.48% @ E106 | seen_day_unseen_rx=91.00% @ E078
[BEST-PRIMARY] score=87.65 @ E101 -> finalist_runs/D4_domain_no_pa_no_stats_seed1337/best_model_primary_ood.pth | overall=90.75% strict_udu=85.99%
[BEST-WORST-RX] worst_rx=86.13% (test_rx_8) @ E101 -> finalist_runs/D4_domain_no_pa_no_stats_seed1337/best_model_worst_rx.pth
====================================================================================================================================
[Epoch 195/200] time=80.1s | lr=1.31e-06 | aux_scale=1.000
[STAGE] phase=S3_refine_aux_late_stable | use_aux=1.0 cons=0.45 cls_aux=0.25 reg=0.25 joint_inv=0.08 kl=0.16 group_ce=0.80
[MIXSTYLE-EPOCH] phase=late_anneal enabled=1 p=0.050 strength=0.350 anneal_t=1.000
[AUG] scale=0.200 | p_dac=0.000 p_pa=0.028 p_shift=0.070 p_cfo=0.070 p_awgn=0.080 p_mp=0.036 | max_shift=6 cfo_max=8e-05 pn_max=0.0012
------------------------------------------------------------------------------------------------------------------------------------
[LOSS-CORE] total=3.0878 cls=0.9821 dom=0.3869 adv=2.6180 orth=0.0029 cons=0.1612 group_ce=1.7472
[LOSS-AUX]  cls_pa=0.8196 cls_dac=0.0000 pa_joint_inv=0.1912 pa_kl=0.6476 dac_reg=0.0000 pa_reg=0.0144 gap_dac=0.0000 gap_pa=0.2756 cos_joint_pa=0.8088 cos_imp_pa=nan
[LOSS-SAT]  cls_sat=8.4568 sat_cons=0.6883 sat_cos=0.3117
[LOSS-DG]   proto=0.0000 proto_cos=nan supcon=0.0000 fishr=0.0010 sgc_res=0.0000
[LOSS-CAL]  ecc=0.0000 ecc_w=0.0000 ecc_tau=0.9500 ecc_maxp=nan
[TRAIN] tx=92.27% dom=85.55% cons_cos=0.8388
[GRAD]  total=4.052 backbone=1.000 aux=0.750 domain=0.429
[VAL]   tx=98.95% dom=94.75%
[TEST]  overall_tx=89.97% (183530/204000)
[TEST-SPLIT]
          unseen_day_seen_rx(days=['2021_03_15', '2021_03_23'], rxs=[0, 1, 2, 3, 4, 5, 6]): tx=93.78% (78773/84000)
          seen_day_unseen_rx(days=['2021_03_01', '2021_03_08'], rxs=[7, 8, 9, 10, 11]): tx=89.75% (53847/60000)
          unseen_day_unseen_rx(days=['2021_03_15', '2021_03_23'], rxs=[7, 8, 9, 10, 11]): tx=84.85% (50910/60000)
          day=2021_03_15 on seen_rxs=[0, 1, 2, 3, 4, 5, 6]: tx=95.60% (40150/42000)
          day=2021_03_23 on seen_rxs=[0, 1, 2, 3, 4, 5, 6]: tx=91.96% (38623/42000)
          rx=7 on seen_days=['2021_03_01', '2021_03_08']: tx=86.88% (10426/12000)
          rx=8 on seen_days=['2021_03_01', '2021_03_08']: tx=84.09% (10091/12000)
          rx=9 on seen_days=['2021_03_01', '2021_03_08']: tx=90.47% (10857/12000)
          rx=10 on seen_days=['2021_03_01', '2021_03_08']: tx=93.91% (11269/12000)
          rx=11 on seen_days=['2021_03_01', '2021_03_08']: tx=93.37% (11204/12000)
[BEST-JOINT]  val_tx=99.00% & test_tx=90.31% @ E111
[CKPT]  latest -> finalist_runs/D4_domain_no_pa_no_stats_seed1337/latest_model.pth (saved) | best -> finalist_runs/D4_domain_no_pa_no_stats_seed1337/best_model_val.pth
====================================================================================================================================
[SAT-TEST] scenario=clear_leo selected=test_unseen_day_unseen_rx overall_tx=46.65% strict_udu=46.65% (27992/60000)
[SAT-TEST] scenario=low_elev_leo selected=test_unseen_day_unseen_rx overall_tx=47.06% strict_udu=47.06% (28234/60000)
[SAT-TEST] scenario=rain_leo selected=test_unseen_day_unseen_rx overall_tx=44.83% strict_udu=44.83% (26895/60000)
[SAT-TEST] scenario=storm_mp selected=test_unseen_day_unseen_rx overall_tx=39.99% strict_udu=39.99% (23995/60000)
[SAT-TEST] scenario=mixed_orbit selected=test_unseen_day_unseen_rx overall_tx=42.71% strict_udu=42.71% (25628/60000)
[BEST-TEST] overall=90.75% @ E101 -> finalist_runs/D4_domain_no_pa_no_stats_seed1337/best_model_test_overall.pth | unseen_day_unseen_rx=85.99% @ E101 -> finalist_runs/D4_domain_no_pa_no_stats_seed1337/best_model_strict_udu.pth | unseen_day_seen_rx=94.48% @ E106 | seen_day_unseen_rx=91.00% @ E078
[BEST-PRIMARY] score=87.65 @ E101 -> finalist_runs/D4_domain_no_pa_no_stats_seed1337/best_model_primary_ood.pth | overall=90.75% strict_udu=85.99%
[BEST-WORST-RX] worst_rx=86.13% (test_rx_8) @ E101 -> finalist_runs/D4_domain_no_pa_no_stats_seed1337/best_model_worst_rx.pth
====================================================================================================================================
[Epoch 196/200] time=81.7s | lr=1.20e-06 | aux_scale=1.000
[STAGE] phase=S3_refine_aux_late_stable | use_aux=1.0 cons=0.45 cls_aux=0.25 reg=0.25 joint_inv=0.08 kl=0.16 group_ce=0.80
[MIXSTYLE-EPOCH] phase=late_anneal enabled=1 p=0.050 strength=0.350 anneal_t=1.000
[AUG] scale=0.200 | p_dac=0.000 p_pa=0.028 p_shift=0.070 p_cfo=0.070 p_awgn=0.080 p_mp=0.036 | max_shift=6 cfo_max=8e-05 pn_max=0.0012
------------------------------------------------------------------------------------------------------------------------------------
[LOSS-CORE] total=2.8298 cls=0.7730 dom=0.3390 adv=2.6192 orth=0.0030 cons=0.1464 group_ce=1.4230
[LOSS-AUX]  cls_pa=0.7989 cls_dac=0.0000 pa_joint_inv=0.1922 pa_kl=0.6294 dac_reg=0.0000 pa_reg=0.0144 gap_dac=0.0000 gap_pa=0.2804 cos_joint_pa=0.8078 cos_imp_pa=nan
[LOSS-SAT]  cls_sat=8.7743 sat_cons=0.7049 sat_cos=0.2951
[LOSS-DG]   proto=0.0000 proto_cos=nan supcon=0.0000 fishr=0.0008 sgc_res=0.0000
[LOSS-CAL]  ecc=0.0000 ecc_w=0.0000 ecc_tau=0.9500 ecc_maxp=nan
[TRAIN] tx=94.10% dom=87.12% cons_cos=0.8536
[GRAD]  total=3.716 backbone=1.000 aux=0.750 domain=0.416
[VAL]   tx=98.96% dom=94.74%
[TEST]  overall_tx=89.95% (183505/204000)
[TEST-SPLIT]
          unseen_day_seen_rx(days=['2021_03_15', '2021_03_23'], rxs=[0, 1, 2, 3, 4, 5, 6]): tx=93.78% (78779/84000)
          seen_day_unseen_rx(days=['2021_03_01', '2021_03_08'], rxs=[7, 8, 9, 10, 11]): tx=89.72% (53830/60000)
          unseen_day_unseen_rx(days=['2021_03_15', '2021_03_23'], rxs=[7, 8, 9, 10, 11]): tx=84.83% (50896/60000)
          day=2021_03_15 on seen_rxs=[0, 1, 2, 3, 4, 5, 6]: tx=95.58% (40142/42000)
          day=2021_03_23 on seen_rxs=[0, 1, 2, 3, 4, 5, 6]: tx=91.99% (38637/42000)
          rx=7 on seen_days=['2021_03_01', '2021_03_08']: tx=86.80% (10416/12000)
          rx=8 on seen_days=['2021_03_01', '2021_03_08']: tx=84.09% (10091/12000)
          rx=9 on seen_days=['2021_03_01', '2021_03_08']: tx=90.46% (10855/12000)
          rx=10 on seen_days=['2021_03_01', '2021_03_08']: tx=93.88% (11266/12000)
          rx=11 on seen_days=['2021_03_01', '2021_03_08']: tx=93.35% (11202/12000)
[BEST-JOINT]  val_tx=99.00% & test_tx=90.31% @ E111
[CKPT]  latest -> finalist_runs/D4_domain_no_pa_no_stats_seed1337/latest_model.pth (saved) | best -> finalist_runs/D4_domain_no_pa_no_stats_seed1337/best_model_val.pth
====================================================================================================================================
[SAT-TEST] scenario=clear_leo selected=test_unseen_day_unseen_rx overall_tx=46.59% strict_udu=46.59% (27951/60000)
[SAT-TEST] scenario=low_elev_leo selected=test_unseen_day_unseen_rx overall_tx=47.01% strict_udu=47.01% (28208/60000)
[SAT-TEST] scenario=rain_leo selected=test_unseen_day_unseen_rx overall_tx=44.74% strict_udu=44.74% (26843/60000)
[SAT-TEST] scenario=storm_mp selected=test_unseen_day_unseen_rx overall_tx=40.00% strict_udu=40.00% (24000/60000)
[SAT-TEST] scenario=mixed_orbit selected=test_unseen_day_unseen_rx overall_tx=42.70% strict_udu=42.70% (25621/60000)
[BEST-TEST] overall=90.75% @ E101 -> finalist_runs/D4_domain_no_pa_no_stats_seed1337/best_model_test_overall.pth | unseen_day_unseen_rx=85.99% @ E101 -> finalist_runs/D4_domain_no_pa_no_stats_seed1337/best_model_strict_udu.pth | unseen_day_seen_rx=94.48% @ E106 | seen_day_unseen_rx=91.00% @ E078
[BEST-PRIMARY] score=87.65 @ E101 -> finalist_runs/D4_domain_no_pa_no_stats_seed1337/best_model_primary_ood.pth | overall=90.75% strict_udu=85.99%
[BEST-WORST-RX] worst_rx=86.13% (test_rx_8) @ E101 -> finalist_runs/D4_domain_no_pa_no_stats_seed1337/best_model_worst_rx.pth
====================================================================================================================================
[Epoch 197/200] time=81.5s | lr=1.11e-06 | aux_scale=1.000
[STAGE] phase=S3_refine_aux_late_stable | use_aux=1.0 cons=0.45 cls_aux=0.25 reg=0.25 joint_inv=0.08 kl=0.16 group_ce=0.80
[MIXSTYLE-EPOCH] phase=late_anneal enabled=1 p=0.050 strength=0.350 anneal_t=1.000
[AUG] scale=0.200 | p_dac=0.000 p_pa=0.028 p_shift=0.070 p_cfo=0.070 p_awgn=0.080 p_mp=0.036 | max_shift=6 cfo_max=8e-05 pn_max=0.0012
------------------------------------------------------------------------------------------------------------------------------------
[LOSS-CORE] total=2.9088 cls=0.8224 dom=0.3698 adv=2.6188 orth=0.0030 cons=0.1474 group_ce=1.5013
[LOSS-AUX]  cls_pa=0.8214 cls_dac=0.0000 pa_joint_inv=0.1943 pa_kl=0.6546 dac_reg=0.0000 pa_reg=0.0141 gap_dac=0.0000 gap_pa=0.2846 cos_joint_pa=0.8057 cos_imp_pa=nan
[LOSS-SAT]  cls_sat=8.6736 sat_cons=0.6954 sat_cos=0.3046
[LOSS-DG]   proto=0.0000 proto_cos=nan supcon=0.0000 fishr=0.0008 sgc_res=0.0000
[LOSS-CAL]  ecc=0.0000 ecc_w=0.0000 ecc_tau=0.9500 ecc_maxp=nan
[TRAIN] tx=93.72% dom=87.01% cons_cos=0.8526
[GRAD]  total=4.006 backbone=1.000 aux=0.750 domain=0.434
[VAL]   tx=98.97% dom=94.75%
[TEST]  overall_tx=89.94% (183476/204000)
[TEST-SPLIT]
          unseen_day_seen_rx(days=['2021_03_15', '2021_03_23'], rxs=[0, 1, 2, 3, 4, 5, 6]): tx=93.79% (78783/84000)
          seen_day_unseen_rx(days=['2021_03_01', '2021_03_08'], rxs=[7, 8, 9, 10, 11]): tx=89.66% (53794/60000)
          unseen_day_unseen_rx(days=['2021_03_15', '2021_03_23'], rxs=[7, 8, 9, 10, 11]): tx=84.83% (50899/60000)
          day=2021_03_15 on seen_rxs=[0, 1, 2, 3, 4, 5, 6]: tx=95.49% (40105/42000)
          day=2021_03_23 on seen_rxs=[0, 1, 2, 3, 4, 5, 6]: tx=92.09% (38678/42000)
          rx=7 on seen_days=['2021_03_01', '2021_03_08']: tx=86.77% (10412/12000)
          rx=8 on seen_days=['2021_03_01', '2021_03_08']: tx=84.10% (10092/12000)
          rx=9 on seen_days=['2021_03_01', '2021_03_08']: tx=90.42% (10850/12000)
          rx=10 on seen_days=['2021_03_01', '2021_03_08']: tx=93.87% (11264/12000)
          rx=11 on seen_days=['2021_03_01', '2021_03_08']: tx=93.13% (11176/12000)
[BEST-JOINT]  val_tx=99.00% & test_tx=90.31% @ E111
[CKPT]  latest -> finalist_runs/D4_domain_no_pa_no_stats_seed1337/latest_model.pth (saved) | best -> finalist_runs/D4_domain_no_pa_no_stats_seed1337/best_model_val.pth
====================================================================================================================================
[SAT-TEST] scenario=clear_leo selected=test_unseen_day_unseen_rx overall_tx=46.53% strict_udu=46.53% (27921/60000)
[SAT-TEST] scenario=low_elev_leo selected=test_unseen_day_unseen_rx overall_tx=46.90% strict_udu=46.90% (28140/60000)
[SAT-TEST] scenario=rain_leo selected=test_unseen_day_unseen_rx overall_tx=44.68% strict_udu=44.68% (26810/60000)
[SAT-TEST] scenario=storm_mp selected=test_unseen_day_unseen_rx overall_tx=39.94% strict_udu=39.94% (23963/60000)
[SAT-TEST] scenario=mixed_orbit selected=test_unseen_day_unseen_rx overall_tx=42.57% strict_udu=42.57% (25541/60000)
[BEST-TEST] overall=90.75% @ E101 -> finalist_runs/D4_domain_no_pa_no_stats_seed1337/best_model_test_overall.pth | unseen_day_unseen_rx=85.99% @ E101 -> finalist_runs/D4_domain_no_pa_no_stats_seed1337/best_model_strict_udu.pth | unseen_day_seen_rx=94.48% @ E106 | seen_day_unseen_rx=91.00% @ E078
[BEST-PRIMARY] score=87.65 @ E101 -> finalist_runs/D4_domain_no_pa_no_stats_seed1337/best_model_primary_ood.pth | overall=90.75% strict_udu=85.99%
[BEST-WORST-RX] worst_rx=86.13% (test_rx_8) @ E101 -> finalist_runs/D4_domain_no_pa_no_stats_seed1337/best_model_worst_rx.pth
====================================================================================================================================
[Epoch 198/200] time=81.0s | lr=1.05e-06 | aux_scale=1.000
[STAGE] phase=S3_refine_aux_late_stable | use_aux=1.0 cons=0.45 cls_aux=0.25 reg=0.25 joint_inv=0.08 kl=0.16 group_ce=0.80
[MIXSTYLE-EPOCH] phase=late_anneal enabled=1 p=0.050 strength=0.350 anneal_t=1.000
[AUG] scale=0.200 | p_dac=0.000 p_pa=0.028 p_shift=0.070 p_cfo=0.070 p_awgn=0.080 p_mp=0.036 | max_shift=6 cfo_max=8e-05 pn_max=0.0012
------------------------------------------------------------------------------------------------------------------------------------
[LOSS-CORE] total=2.6456 cls=0.6506 dom=0.2984 adv=2.6195 orth=0.0031 cons=0.1425 group_ce=1.2875
[LOSS-AUX]  cls_pa=0.8689 cls_dac=0.0000 pa_joint_inv=0.1928 pa_kl=0.7010 dac_reg=0.0000 pa_reg=0.0145 gap_dac=0.0000 gap_pa=0.2781 cos_joint_pa=0.8072 cos_imp_pa=nan
[LOSS-SAT]  cls_sat=8.6052 sat_cons=0.6929 sat_cos=0.3071
[LOSS-DG]   proto=0.0000 proto_cos=nan supcon=0.0000 fishr=0.0007 sgc_res=0.0000
[LOSS-CAL]  ecc=0.0000 ecc_w=0.0000 ecc_tau=0.9500 ecc_maxp=nan
[TRAIN] tx=95.07% dom=88.53% cons_cos=0.8575
[GRAD]  total=3.817 backbone=1.000 aux=0.750 domain=0.419
[VAL]   tx=98.96% dom=94.77%
[TEST]  overall_tx=90.00% (183594/204000)
[TEST-SPLIT]
          unseen_day_seen_rx(days=['2021_03_15', '2021_03_23'], rxs=[0, 1, 2, 3, 4, 5, 6]): tx=93.76% (78758/84000)
          seen_day_unseen_rx(days=['2021_03_01', '2021_03_08'], rxs=[7, 8, 9, 10, 11]): tx=89.83% (53897/60000)
          unseen_day_unseen_rx(days=['2021_03_15', '2021_03_23'], rxs=[7, 8, 9, 10, 11]): tx=84.90% (50939/60000)
          day=2021_03_15 on seen_rxs=[0, 1, 2, 3, 4, 5, 6]: tx=95.60% (40152/42000)
          day=2021_03_23 on seen_rxs=[0, 1, 2, 3, 4, 5, 6]: tx=91.92% (38606/42000)
          rx=7 on seen_days=['2021_03_01', '2021_03_08']: tx=86.93% (10432/12000)
          rx=8 on seen_days=['2021_03_01', '2021_03_08']: tx=84.29% (10115/12000)
          rx=9 on seen_days=['2021_03_01', '2021_03_08']: tx=90.53% (10863/12000)
          rx=10 on seen_days=['2021_03_01', '2021_03_08']: tx=93.87% (11264/12000)
          rx=11 on seen_days=['2021_03_01', '2021_03_08']: tx=93.53% (11223/12000)
[BEST-JOINT]  val_tx=99.00% & test_tx=90.31% @ E111
[CKPT]  latest -> finalist_runs/D4_domain_no_pa_no_stats_seed1337/latest_model.pth (saved) | best -> finalist_runs/D4_domain_no_pa_no_stats_seed1337/best_model_val.pth
====================================================================================================================================
[SAT-TEST] scenario=clear_leo selected=test_unseen_day_unseen_rx overall_tx=46.66% strict_udu=46.66% (27997/60000)
[SAT-TEST] scenario=low_elev_leo selected=test_unseen_day_unseen_rx overall_tx=47.07% strict_udu=47.07% (28242/60000)
[SAT-TEST] scenario=rain_leo selected=test_unseen_day_unseen_rx overall_tx=44.87% strict_udu=44.87% (26920/60000)
[SAT-TEST] scenario=storm_mp selected=test_unseen_day_unseen_rx overall_tx=39.96% strict_udu=39.96% (23975/60000)
[SAT-TEST] scenario=mixed_orbit selected=test_unseen_day_unseen_rx overall_tx=42.76% strict_udu=42.76% (25657/60000)
[BEST-TEST] overall=90.75% @ E101 -> finalist_runs/D4_domain_no_pa_no_stats_seed1337/best_model_test_overall.pth | unseen_day_unseen_rx=85.99% @ E101 -> finalist_runs/D4_domain_no_pa_no_stats_seed1337/best_model_strict_udu.pth | unseen_day_seen_rx=94.48% @ E106 | seen_day_unseen_rx=91.00% @ E078
[BEST-PRIMARY] score=87.65 @ E101 -> finalist_runs/D4_domain_no_pa_no_stats_seed1337/best_model_primary_ood.pth | overall=90.75% strict_udu=85.99%
[BEST-WORST-RX] worst_rx=86.13% (test_rx_8) @ E101 -> finalist_runs/D4_domain_no_pa_no_stats_seed1337/best_model_worst_rx.pth
====================================================================================================================================
[Epoch 199/200] time=82.0s | lr=1.01e-06 | aux_scale=1.000
[STAGE] phase=S3_refine_aux_late_stable | use_aux=1.0 cons=0.45 cls_aux=0.25 reg=0.25 joint_inv=0.08 kl=0.16 group_ce=0.80
[MIXSTYLE-EPOCH] phase=late_anneal enabled=1 p=0.050 strength=0.350 anneal_t=1.000
[AUG] scale=0.200 | p_dac=0.000 p_pa=0.028 p_shift=0.070 p_cfo=0.070 p_awgn=0.080 p_mp=0.036 | max_shift=6 cfo_max=8e-05 pn_max=0.0012
------------------------------------------------------------------------------------------------------------------------------------
[LOSS-CORE] total=2.6858 cls=0.7075 dom=0.2934 adv=2.6201 orth=0.0032 cons=0.1380 group_ce=1.2389
[LOSS-AUX]  cls_pa=0.8148 cls_dac=0.0000 pa_joint_inv=0.1903 pa_kl=0.6445 dac_reg=0.0000 pa_reg=0.0147 gap_dac=0.0000 gap_pa=0.2727 cos_joint_pa=0.8097 cos_imp_pa=nan
[LOSS-SAT]  cls_sat=8.5428 sat_cons=0.6950 sat_cos=0.3050
[LOSS-DG]   proto=0.0000 proto_cos=nan supcon=0.0000 fishr=0.0006 sgc_res=0.0000
[LOSS-CAL]  ecc=0.0000 ecc_w=0.0000 ecc_tau=0.9500 ecc_maxp=nan
[TRAIN] tx=94.69% dom=88.85% cons_cos=0.8620
[GRAD]  total=3.462 backbone=1.000 aux=0.750 domain=0.430
[VAL]   tx=98.93% dom=94.74%
[TEST]  overall_tx=89.96% (183524/204000)
[TEST-SPLIT]
          unseen_day_seen_rx(days=['2021_03_15', '2021_03_23'], rxs=[0, 1, 2, 3, 4, 5, 6]): tx=93.75% (78747/84000)
          seen_day_unseen_rx(days=['2021_03_01', '2021_03_08'], rxs=[7, 8, 9, 10, 11]): tx=89.84% (53902/60000)
          unseen_day_unseen_rx(days=['2021_03_15', '2021_03_23'], rxs=[7, 8, 9, 10, 11]): tx=84.79% (50875/60000)
          day=2021_03_15 on seen_rxs=[0, 1, 2, 3, 4, 5, 6]: tx=95.69% (40189/42000)
          day=2021_03_23 on seen_rxs=[0, 1, 2, 3, 4, 5, 6]: tx=91.80% (38558/42000)
          rx=7 on seen_days=['2021_03_01', '2021_03_08']: tx=87.03% (10443/12000)
          rx=8 on seen_days=['2021_03_01', '2021_03_08']: tx=84.29% (10115/12000)
          rx=9 on seen_days=['2021_03_01', '2021_03_08']: tx=90.52% (10862/12000)
          rx=10 on seen_days=['2021_03_01', '2021_03_08']: tx=93.86% (11263/12000)
          rx=11 on seen_days=['2021_03_01', '2021_03_08']: tx=93.49% (11219/12000)
[BEST-JOINT]  val_tx=99.00% & test_tx=90.31% @ E111
[CKPT]  latest -> finalist_runs/D4_domain_no_pa_no_stats_seed1337/latest_model.pth (saved) | best -> finalist_runs/D4_domain_no_pa_no_stats_seed1337/best_model_val.pth
====================================================================================================================================
[SAT-TEST] scenario=clear_leo selected=test_unseen_day_unseen_rx overall_tx=46.74% strict_udu=46.74% (28047/60000)
[SAT-TEST] scenario=low_elev_leo selected=test_unseen_day_unseen_rx overall_tx=47.18% strict_udu=47.18% (28308/60000)
[SAT-TEST] scenario=rain_leo selected=test_unseen_day_unseen_rx overall_tx=44.96% strict_udu=44.96% (26977/60000)
[SAT-TEST] scenario=storm_mp selected=test_unseen_day_unseen_rx overall_tx=39.95% strict_udu=39.95% (23971/60000)
[SAT-TEST] scenario=mixed_orbit selected=test_unseen_day_unseen_rx overall_tx=42.81% strict_udu=42.81% (25688/60000)
[BEST-TEST] overall=90.75% @ E101 -> finalist_runs/D4_domain_no_pa_no_stats_seed1337/best_model_test_overall.pth | unseen_day_unseen_rx=85.99% @ E101 -> finalist_runs/D4_domain_no_pa_no_stats_seed1337/best_model_strict_udu.pth | unseen_day_seen_rx=94.48% @ E106 | seen_day_unseen_rx=91.00% @ E078
[BEST-PRIMARY] score=87.65 @ E101 -> finalist_runs/D4_domain_no_pa_no_stats_seed1337/best_model_primary_ood.pth | overall=90.75% strict_udu=85.99%
[BEST-WORST-RX] worst_rx=86.13% (test_rx_8) @ E101 -> finalist_runs/D4_domain_no_pa_no_stats_seed1337/best_model_worst_rx.pth
====================================================================================================================================
[Epoch 200/200] time=81.7s | lr=1.00e-06 | aux_scale=1.000
[STAGE] phase=S3_refine_aux_late_stable | use_aux=1.0 cons=0.45 cls_aux=0.25 reg=0.25 joint_inv=0.08 kl=0.16 group_ce=0.80
[MIXSTYLE-EPOCH] phase=late_anneal enabled=1 p=0.050 strength=0.350 anneal_t=1.000
[AUG] scale=0.200 | p_dac=0.000 p_pa=0.028 p_shift=0.070 p_cfo=0.070 p_awgn=0.080 p_mp=0.036 | max_shift=6 cfo_max=8e-05 pn_max=0.0012
------------------------------------------------------------------------------------------------------------------------------------
[LOSS-CORE] total=2.7120 cls=0.6925 dom=0.3249 adv=2.6199 orth=0.0031 cons=0.1422 group_ce=1.3221
[LOSS-AUX]  cls_pa=0.8338 cls_dac=0.0000 pa_joint_inv=0.1920 pa_kl=0.6580 dac_reg=0.0000 pa_reg=0.0145 gap_dac=0.0000 gap_pa=0.2791 cos_joint_pa=0.8080 cos_imp_pa=nan
[LOSS-SAT]  cls_sat=8.5683 sat_cons=0.6924 sat_cos=0.3076
[LOSS-DG]   proto=0.0000 proto_cos=nan supcon=0.0000 fishr=0.0007 sgc_res=0.0000
[LOSS-CAL]  ecc=0.0000 ecc_w=0.0000 ecc_tau=0.9500 ecc_maxp=nan
[TRAIN] tx=94.80% dom=87.93% cons_cos=0.8578
[GRAD]  total=4.039 backbone=1.000 aux=0.750 domain=0.422
[VAL]   tx=98.92% dom=94.73%
[TEST]  overall_tx=89.94% (183474/204000)
[TEST-SPLIT]
          unseen_day_seen_rx(days=['2021_03_15', '2021_03_23'], rxs=[0, 1, 2, 3, 4, 5, 6]): tx=93.74% (78742/84000)
          seen_day_unseen_rx(days=['2021_03_01', '2021_03_08'], rxs=[7, 8, 9, 10, 11]): tx=89.75% (53848/60000)
          unseen_day_unseen_rx(days=['2021_03_15', '2021_03_23'], rxs=[7, 8, 9, 10, 11]): tx=84.81% (50884/60000)
          day=2021_03_15 on seen_rxs=[0, 1, 2, 3, 4, 5, 6]: tx=95.63% (40166/42000)
          day=2021_03_23 on seen_rxs=[0, 1, 2, 3, 4, 5, 6]: tx=91.85% (38576/42000)
          rx=7 on seen_days=['2021_03_01', '2021_03_08']: tx=86.80% (10416/12000)
          rx=8 on seen_days=['2021_03_01', '2021_03_08']: tx=84.21% (10105/12000)
          rx=9 on seen_days=['2021_03_01', '2021_03_08']: tx=90.46% (10855/12000)
          rx=10 on seen_days=['2021_03_01', '2021_03_08']: tx=93.82% (11258/12000)
          rx=11 on seen_days=['2021_03_01', '2021_03_08']: tx=93.45% (11214/12000)
[BEST-JOINT]  val_tx=99.00% & test_tx=90.31% @ E111
[CKPT]  latest -> finalist_runs/D4_domain_no_pa_no_stats_seed1337/latest_model.pth (saved) | best -> finalist_runs/D4_domain_no_pa_no_stats_seed1337/best_model_val.pth
====================================================================================================================================
[SAT-TEST] scenario=clear_leo selected=test_unseen_day_unseen_rx overall_tx=46.74% strict_udu=46.74% (28043/60000)
[SAT-TEST] scenario=low_elev_leo selected=test_unseen_day_unseen_rx overall_tx=47.15% strict_udu=47.15% (28291/60000)
[SAT-TEST] scenario=rain_leo selected=test_unseen_day_unseen_rx overall_tx=44.97% strict_udu=44.97% (26979/60000)
[SAT-TEST] scenario=storm_mp selected=test_unseen_day_unseen_rx overall_tx=39.99% strict_udu=39.99% (23992/60000)
[SAT-TEST] scenario=mixed_orbit selected=test_unseen_day_unseen_rx overall_tx=42.85% strict_udu=42.85% (25712/60000)
[BEST-TEST] overall=90.75% @ E101 -> finalist_runs/D4_domain_no_pa_no_stats_seed1337/best_model_test_overall.pth | unseen_day_unseen_rx=85.99% @ E101 -> finalist_runs/D4_domain_no_pa_no_stats_seed1337/best_model_strict_udu.pth | unseen_day_seen_rx=94.48% @ E106 | seen_day_unseen_rx=91.00% @ E078
[BEST-PRIMARY] score=87.65 @ E101 -> finalist_runs/D4_domain_no_pa_no_stats_seed1337/best_model_primary_ood.pth | overall=90.75% strict_udu=85.99%
[BEST-WORST-RX] worst_rx=86.13% (test_rx_8) @ E101 -> finalist_runs/D4_domain_no_pa_no_stats_seed1337/best_model_worst_rx.pth
Training finished. best_joint_val_tx_acc=99.00% & best_joint_test_tx_acc=90.31% at epoch 111
Training finished. best_test_overall_tx_acc=90.75% at epoch 101 -> finalist_runs/D4_domain_no_pa_no_stats_seed1337/best_model_test_overall.pth
Training finished. best_primary_ood_score=87.65 at epoch 101 -> finalist_runs/D4_domain_no_pa_no_stats_seed1337/best_model_primary_ood.pth
Training finished. best_unseen_day_unseen_rx_tx_acc=85.99% at epoch 101 -> finalist_runs/D4_domain_no_pa_no_stats_seed1337/best_model_strict_udu.pth
Training finished. best_worst_rx_tx_acc=86.13% (test_rx_8) at epoch 101 -> finalist_runs/D4_domain_no_pa_no_stats_seed1337/best_model_worst_rx.pth
Training finished. skipped_backward_batches=12
Final split info: {'mode': 'contiguous_trainval_with_explicit_day_rx_isolation', 'train_days_idx': [0, 1], 'train_days_label': ['2021_03_01', '2021_03_08'], 'test_days_idx': [2, 3], 'test_days_label': ['2021_03_15', '2021_03_23'], 'train_rxs_idx': [0, 1, 2, 3, 4, 5, 6], 'train_rxs_label': ['1-1', '1-19', '14-7', '18-2', '19-2', '2-1', '2-19'], 'test_rxs_idx': [7, 8, 9, 10, 11], 'test_rxs_label': ['20-1', '3-19', '7-14', '7-7', '8-8'], 'train_ratio': 0.2, 'requested_val_ratio': 0.8, 'guard_gap': 8, 'trainval_pool_size': 84000, 'train_size': 16800, 'val_size': 66528, 'effective_train_ratio': 0.2, 'effective_val_ratio': 0.792, 'test_size': 204000, 'dropped_gap_size': 672, 'max_samples_per_combo_day123': None, 'max_samples_per_combo_train': None, 'max_samples_per_combo_val': None, 'max_samples_per_combo_test': None, 'named_test_sizes': {'test_unseen_day_seen_rx': 84000, 'test_day_2': 42000, 'test_day_3': 42000, 'test_seen_day_unseen_rx': 60000, 'test_rx_7': 12000, 'test_rx_8': 12000, 'test_rx_9': 12000, 'test_rx_10': 12000, 'test_rx_11': 12000, 'test_unseen_day_unseen_rx': 60000}}
[FINAL-BEST] val_tx=99.00% | test_overall_tx=90.31%
[FINAL-BEST] unseen_day_seen_rx(days=['2021_03_15', '2021_03_23'], rxs=[0, 1, 2, 3, 4, 5, 6]): tx=93.80% (78795/84000)
[FINAL-BEST] seen_day_unseen_rx(days=['2021_03_01', '2021_03_08'], rxs=[7, 8, 9, 10, 11]): tx=90.15% (54090/60000)
[FINAL-BEST] unseen_day_unseen_rx(days=['2021_03_15', '2021_03_23'], rxs=[7, 8, 9, 10, 11]): tx=85.59% (51355/60000)
[FINAL-BEST] day=2021_03_15 on seen_rxs=[0, 1, 2, 3, 4, 5, 6]: tx=95.01% (39903/42000)
[FINAL-BEST] day=2021_03_23 on seen_rxs=[0, 1, 2, 3, 4, 5, 6]: tx=92.60% (38892/42000)
[FINAL-BEST] rx=7 on seen_days=['2021_03_01', '2021_03_08']: tx=87.58% (10510/12000)
[FINAL-BEST] rx=8 on seen_days=['2021_03_01', '2021_03_08']: tx=84.82% (10178/12000)
[FINAL-BEST] rx=9 on seen_days=['2021_03_01', '2021_03_08']: tx=91.75% (11010/12000)
[FINAL-BEST] rx=10 on seen_days=['2021_03_01', '2021_03_08']: tx=92.04% (11045/12000)
[FINAL-BEST] rx=11 on seen_days=['2021_03_01', '2021_03_08']: tx=94.56% (11347/12000)
[FINAL-BEST] [SAT-TEST] scenario=clear_leo selected=test_unseen_day_unseen_rx overall_tx=43.22% strict_udu=43.22% (25932/60000)
[FINAL-BEST] [SAT-TEST] scenario=low_elev_leo selected=test_unseen_day_unseen_rx overall_tx=43.61% strict_udu=43.61% (26165/60000)
[FINAL-BEST] [SAT-TEST] scenario=rain_leo selected=test_unseen_day_unseen_rx overall_tx=41.16% strict_udu=41.16% (24694/60000)
[FINAL-BEST] [SAT-TEST] scenario=storm_mp selected=test_unseen_day_unseen_rx overall_tx=37.59% strict_udu=37.59% (22554/60000)
[FINAL-BEST] [SAT-TEST] scenario=mixed_orbit selected=test_unseen_day_unseen_rx overall_tx=39.95% strict_udu=39.95% (23973/60000)
[FINAL-PRIMARY] val_tx=98.89% | test_overall_tx=90.75% | strict_udu=85.99% | score=87.65
[FINAL-PRIMARY] unseen_day_seen_rx(days=['2021_03_15', '2021_03_23'], rxs=[0, 1, 2, 3, 4, 5, 6]): tx=94.01% (78965/84000)
[FINAL-PRIMARY] seen_day_unseen_rx(days=['2021_03_01', '2021_03_08'], rxs=[7, 8, 9, 10, 11]): tx=90.95% (54570/60000)
[FINAL-PRIMARY] unseen_day_unseen_rx(days=['2021_03_15', '2021_03_23'], rxs=[7, 8, 9, 10, 11]): tx=85.99% (51593/60000)
[FINAL-PRIMARY] day=2021_03_15 on seen_rxs=[0, 1, 2, 3, 4, 5, 6]: tx=95.99% (40315/42000)
[FINAL-PRIMARY] day=2021_03_23 on seen_rxs=[0, 1, 2, 3, 4, 5, 6]: tx=92.02% (38650/42000)
[FINAL-PRIMARY] rx=7 on seen_days=['2021_03_01', '2021_03_08']: tx=87.54% (10505/12000)
[FINAL-PRIMARY] rx=8 on seen_days=['2021_03_01', '2021_03_08']: tx=86.13% (10336/12000)
[FINAL-PRIMARY] rx=9 on seen_days=['2021_03_01', '2021_03_08']: tx=92.03% (11043/12000)
[FINAL-PRIMARY] rx=10 on seen_days=['2021_03_01', '2021_03_08']: tx=93.43% (11212/12000)
[FINAL-PRIMARY] rx=11 on seen_days=['2021_03_01', '2021_03_08']: tx=95.62% (11474/12000)
[FINAL-PRIMARY] [SAT-TEST] scenario=clear_leo selected=test_unseen_day_unseen_rx overall_tx=45.16% strict_udu=45.16% (27093/60000)
[FINAL-PRIMARY] [SAT-TEST] scenario=low_elev_leo selected=test_unseen_day_unseen_rx overall_tx=45.47% strict_udu=45.47% (27284/60000)
[FINAL-PRIMARY] [SAT-TEST] scenario=rain_leo selected=test_unseen_day_unseen_rx overall_tx=43.13% strict_udu=43.13% (25877/60000)
[FINAL-PRIMARY] [SAT-TEST] scenario=storm_mp selected=test_unseen_day_unseen_rx overall_tx=38.56% strict_udu=38.56% (23136/60000)
[FINAL-PRIMARY] [SAT-TEST] scenario=mixed_orbit selected=test_unseen_day_unseen_rx overall_tx=41.47% strict_udu=41.47% (24881/60000)
