Starting Training at 2026-05-08 02:32:01
Device: cuda:0 | AMP: True | use_aug=True
[EXP] s3_rxrobust_no_dac | S3 RX-robust no-DAC: PA-only aux + hard-domain CE for weak unseen receivers | no_dac->disable_dac_aux
[SLIM] group=rxrobust_lite_b_no_dac_mix015 | R05 conservative MixStyle: lower p/strength for no-stats-sensitive domains.
[SAT-EVAL] enabled scenarios=clear_leo,low_elev_leo,rain_leo,storm_mp,mixed_orbit on=test_unseen_day_unseen_rx max_batches=-1
[SAT-TRAIN] scenario=mixed_orbit view_source=main lambda_cons=0.0400 lambda_cls=0.0800 start_epoch=20
[EXP] pa_main=True pa_aux=True dac_aux=False | aug_p_pa=0.140 aug_p_dac=0.000
[EXP] pure_views: dac_only(channel=False, anti=False) | pa_only(channel=False, anti=False)
[EXP] stage schedule: stage1<=E16, stage2<=E56, stage3 ramp=16
[EXP] pure_views: dac_only(channel=False, anti=False) pa_only(channel=False, anti=False) | defect_strength_mode=tiered
[WISIG] overriding num_classes 16 -> 6
[WISIG] pkl=./Dataset_WigSig/ManySig.pkl eq=1 out_len=256 domain=rx_day
[WISIG] TRAIN DAYS: ['2021_03_01', '2021_03_08'] | TRAIN RXS: [0, 1, 2, 3, 4, 5, 6]
[WISIG] TEST  DAYS: ['2021_03_15', '2021_03_23'] | TEST  RXS: [7, 8, 9, 10, 11]
[WISIG] VAL   source: same train_days x train_rxs tail (guard_gap=8)
[WISIG-SPLIT] train_ratio=0.200 requested_val_ratio=0.800 effective_train=0.200 effective_val=0.792
[WISIG] named_test_sizes={'test_unseen_day_seen_rx': 84000, 'test_day_2': 42000, 'test_day_3': 42000, 'test_seen_day_unseen_rx': 60000, 'test_rx_7': 12000, 'test_rx_8': 12000, 'test_rx_9': 12000, 'test_rx_10': 12000, 'test_rx_11': 12000, 'test_unseen_day_unseen_rx': 60000}
[WISIG] split_info={'mode': 'contiguous_trainval_with_explicit_day_rx_isolation', 'train_days_idx': [0, 1], 'train_days_label': ['2021_03_01', '2021_03_08'], 'test_days_idx': [2, 3], 'test_days_label': ['2021_03_15', '2021_03_23'], 'train_rxs_idx': [0, 1, 2, 3, 4, 5, 6], 'train_rxs_label': ['1-1', '1-19', '14-7', '18-2', '19-2', '2-1', '2-19'], 'test_rxs_idx': [7, 8, 9, 10, 11], 'test_rxs_label': ['20-1', '3-19', '7-14', '7-7', '8-8'], 'train_ratio': 0.2, 'requested_val_ratio': 0.8, 'guard_gap': 8, 'trainval_pool_size': 84000, 'train_size': 16800, 'val_size': 66528, 'effective_train_ratio': 0.2, 'effective_val_ratio': 0.792, 'test_size': 204000, 'dropped_gap_size': 672, 'max_samples_per_combo_day123': None, 'max_samples_per_combo_train': None, 'max_samples_per_combo_val': None, 'max_samples_per_combo_test': None, 'named_test_sizes': {'test_unseen_day_seen_rx': 84000, 'test_day_2': 42000, 'test_day_3': 42000, 'test_seen_day_unseen_rx': 60000, 'test_rx_7': 12000, 'test_rx_8': 12000, 'test_rx_9': 12000, 'test_rx_10': 12000, 'test_rx_11': 12000, 'test_unseen_day_unseen_rx': 60000}}
[SAMPLES] train=16800 | val=66528
[SAMPLES-RX][TRAIN] rx[0]=1-1:2400 | rx[1]=1-19:2400 | rx[2]=14-7:2400 | rx[3]=18-2:2400 | rx[4]=19-2:2400 | rx[5]=2-1:2400 | rx[6]=2-19:2400
[SAMPLES-RX][VAL]   rx[0]=1-1:9504 | rx[1]=1-19:9504 | rx[2]=14-7:9504 | rx[3]=18-2:9504 | rx[4]=19-2:9504 | rx[5]=2-1:9504 | rx[6]=2-19:9504
========================================================================================================================
[DOMAIN-MODE] wisig_domain=rx_day | target=JOINT RECEIVER × DATE domain | 中文=接收机×日期联合域
[DOMAIN-MODE] num_train_domains=14
[DOMAIN-LOSS] loss_dom  : 让 z_dom 分类每一个 RX×day 组合域，显式捕捉接收机与日期的耦合偏置。
[DOMAIN-LOSS] loss_adv  : 通过 GRL 让 z_id 同时去除 RX 与 day 的联合域信息。
[DOMAIN-LOSS] loss_cons : 约束同一发射机跨 RX×day 组合域的 ID 特征中心更接近。
[DOMAIN-RISK] 域数最多，域分类更难；batch 内域覆盖不足时 cons/adv 可能不稳定。
[DOMAIN-SPLIT] train_days=['2021_03_01', '2021_03_08'] | train_rxs_idx=[0, 1, 2, 3, 4, 5, 6] | test_days=['2021_03_15', '2021_03_23'] | test_rxs_idx=[7, 8, 9, 10, 11]
[DOMAIN-LABELS] raw_domain -> mapped_domain -> readable_label
  raw=   0 -> mapped=  0 -> rx_day[0]=rx[0]=1-1 × day[0]=2021_03_01
  raw=   1 -> mapped=  1 -> rx_day[1]=rx[0]=1-1 × day[1]=2021_03_08
  raw=   4 -> mapped=  2 -> rx_day[4]=rx[1]=1-19 × day[0]=2021_03_01
  raw=   5 -> mapped=  3 -> rx_day[5]=rx[1]=1-19 × day[1]=2021_03_08
  raw=   8 -> mapped=  4 -> rx_day[8]=rx[2]=14-7 × day[0]=2021_03_01
  raw=   9 -> mapped=  5 -> rx_day[9]=rx[2]=14-7 × day[1]=2021_03_08
  raw=  12 -> mapped=  6 -> rx_day[12]=rx[3]=18-2 × day[0]=2021_03_01
  raw=  13 -> mapped=  7 -> rx_day[13]=rx[3]=18-2 × day[1]=2021_03_08
  raw=  16 -> mapped=  8 -> rx_day[16]=rx[4]=19-2 × day[0]=2021_03_01
  raw=  17 -> mapped=  9 -> rx_day[17]=rx[4]=19-2 × day[1]=2021_03_08
  raw=  20 -> mapped= 10 -> rx_day[20]=rx[5]=2-1 × day[0]=2021_03_01
  raw=  21 -> mapped= 11 -> rx_day[21]=rx[5]=2-1 × day[1]=2021_03_08
  raw=  24 -> mapped= 12 -> rx_day[24]=rx[6]=2-19 × day[0]=2021_03_01
  raw=  25 -> mapped= 13 -> rx_day[25]=rx[6]=2-19 × day[1]=2021_03_08
========================================================================================================================
[SGC-CKPT] loaded source_ckpt=finalist_runs/D1_domain_enhancer_off_seed1337/best_model_primary_ood.pth missing=31 unexpected=0
[MODEL] DualCVSincNetDisentangle variant=lite_b branch_ablation=no_dac emb_dim=192 num_domains=14 params=1,672,844 trainable=1,672,844
[SGC-ADAPTER] enabled=True stage=sgc_augment params=435 submodules={'amp_norm': False, 'freq_comp': False, 'spectral_suppressor': False, 'residual_comp': True}
[MIXSTYLE] on=1 p=0.150 alpha=0.100 eps=1.0e-06 layers=time_down,t1 use_domain=1 mix=same_tx_crossdomain strength=0.65 fallback=skip
[MIXSTYLE-SCHEDULE] late_start=110 ramp=35 min_p=0.050 min_strength=0.35 stop_epoch=0
[DOMAIN-BACKBONE] branch_ablation=no_stats enhancer=rcn_stats enhancer_strength=0.35 fast_infer_no_aux=1
[AUG-INIT] enabled | scale:[0.10->0.35] warmup=3 ramp=15 curve=1.25 | base_p_dac=0.00 base_p_pa=0.14
[CKPT-PATHS]
  latest                       -> finalist_runs/E1_residual_only_std/latest_model.pth
  best_by_val                  -> finalist_runs/E1_residual_only_std/best_model_val.pth
  best_by_test_overall         -> finalist_runs/E1_residual_only_std/best_model_test_overall.pth
  best_by_primary_ood         -> finalist_runs/E1_residual_only_std/best_model_primary_ood.pth (udu_weight=0.65)
  best_by_unseen_day_unseen_rx -> finalist_runs/E1_residual_only_std/best_model_strict_udu.pth
  best_by_unseen_day_seen_rx   -> finalist_runs/E1_residual_only_std/best_model_val_test_unseen_day_seen_rx.pth
  best_by_seen_day_unseen_rx   -> finalist_runs/E1_residual_only_std/best_model_val_test_seen_day_unseen_rx.pth
  best_by_worst_rx             -> finalist_runs/E1_residual_only_std/best_model_worst_rx.pth
[WARN][E001] unsafe backward/step skipped #1
[WARN][E001] unsafe backward/step skipped #2
[WARN][E001] unsafe backward/step skipped #3
[WARN][E001] unsafe backward/step skipped #4
====================================================================================================================================
[Epoch 001/060] time=85.9s | lr=5.00e-05 | aux_scale=0.000
[STAGE] phase=S1_core | use_aux=0.0 cons=0.00 cls_aux=0.00 reg=0.00 joint_inv=0.00 kl=0.00 group_ce=0.50
[MIXSTYLE-EPOCH] phase=base enabled=1 p=0.150 strength=0.650 anneal_t=0.000
[AUG] scale=0.100 | p_dac=0.000 p_pa=0.014 p_shift=0.035 p_cfo=0.035 p_awgn=0.040 p_mp=0.018 | max_shift=3 cfo_max=4e-05 pn_max=0.0006
------------------------------------------------------------------------------------------------------------------------------------
[LOSS-CORE] total=2.3841 cls=1.0094 dom=0.4585 adv=2.6152 orth=0.0035 cons=0.1615 group_ce=1.8460
[LOSS-AUX]  cls_pa=0.0000 cls_dac=0.0000 pa_joint_inv=0.0000 pa_kl=0.0000 dac_reg=0.0000 pa_reg=0.0000 gap_dac=0.0000 gap_pa=0.0000 cos_joint_pa=nan cos_imp_pa=nan
[LOSS-SAT]  cls_sat=0.0000 sat_cons=0.0000 sat_cos=nan
[LOSS-DG]   proto=0.0000 proto_cos=nan supcon=0.0000 fishr=0.0010 sgc_res=0.0005
[LOSS-CAL]  ecc=0.0000 ecc_w=0.0000 ecc_tau=0.6500 ecc_maxp=nan
[TRAIN] tx=91.94% dom=84.39% cons_cos=0.8379
[GRAD]  total=3.170 backbone=1.000 aux=0.750 domain=0.473
[VAL]   tx=98.80% dom=92.62%
[TEST]  overall_tx=88.89% (181337/204000)
[TEST-SPLIT]
          unseen_day_seen_rx(days=['2021_03_15', '2021_03_23'], rxs=[0, 1, 2, 3, 4, 5, 6]): tx=93.15% (78242/84000)
          seen_day_unseen_rx(days=['2021_03_01', '2021_03_08'], rxs=[7, 8, 9, 10, 11]): tx=88.51% (53105/60000)
          unseen_day_unseen_rx(days=['2021_03_15', '2021_03_23'], rxs=[7, 8, 9, 10, 11]): tx=83.32% (49990/60000)
          day=2021_03_15 on seen_rxs=[0, 1, 2, 3, 4, 5, 6]: tx=94.23% (39577/42000)
          day=2021_03_23 on seen_rxs=[0, 1, 2, 3, 4, 5, 6]: tx=92.06% (38665/42000)
          rx=7 on seen_days=['2021_03_01', '2021_03_08']: tx=81.17% (9741/12000)
          rx=8 on seen_days=['2021_03_01', '2021_03_08']: tx=85.09% (10211/12000)
          rx=9 on seen_days=['2021_03_01', '2021_03_08']: tx=89.49% (10739/12000)
          rx=10 on seen_days=['2021_03_01', '2021_03_08']: tx=91.31% (10957/12000)
          rx=11 on seen_days=['2021_03_01', '2021_03_08']: tx=95.47% (11457/12000)
[BEST-JOINT]  val_tx=98.80% & test_tx=88.89% @ E001
[CKPT]  latest -> finalist_runs/E1_residual_only_std/latest_model.pth (saved) | best -> finalist_runs/E1_residual_only_std/best_model_val.pth (updated: val improved)
====================================================================================================================================
[SAT-TEST] scenario=clear_leo selected=test_unseen_day_unseen_rx overall_tx=42.94% strict_udu=42.94% (25763/60000)
[SAT-TEST] scenario=low_elev_leo selected=test_unseen_day_unseen_rx overall_tx=43.41% strict_udu=43.41% (26048/60000)
[SAT-TEST] scenario=rain_leo selected=test_unseen_day_unseen_rx overall_tx=40.98% strict_udu=40.98% (24585/60000)
[SAT-TEST] scenario=storm_mp selected=test_unseen_day_unseen_rx overall_tx=36.71% strict_udu=36.71% (22027/60000)
[SAT-TEST] scenario=mixed_orbit selected=test_unseen_day_unseen_rx overall_tx=38.23% strict_udu=38.23% (22939/60000)
[BEST-TEST] overall=88.89% @ E001 -> finalist_runs/E1_residual_only_std/best_model_test_overall.pth | unseen_day_unseen_rx=83.32% @ E001 -> finalist_runs/E1_residual_only_std/best_model_strict_udu.pth | unseen_day_seen_rx=93.15% @ E001 | seen_day_unseen_rx=88.51% @ E001
[BEST-PRIMARY] score=85.27 @ E001 -> finalist_runs/E1_residual_only_std/best_model_primary_ood.pth | overall=88.89% strict_udu=83.32%
[BEST-WORST-RX] worst_rx=81.17% (test_rx_7) @ E001 -> finalist_runs/E1_residual_only_std/best_model_worst_rx.pth
[WARN][E002] unsafe backward/step skipped #5
====================================================================================================================================
[Epoch 002/060] time=80.2s | lr=4.99e-05 | aux_scale=0.000
[STAGE] phase=S1_core | use_aux=0.0 cons=0.00 cls_aux=0.00 reg=0.00 joint_inv=0.00 kl=0.00 group_ce=0.50
[MIXSTYLE-EPOCH] phase=base enabled=1 p=0.150 strength=0.650 anneal_t=0.000
[AUG] scale=0.100 | p_dac=0.000 p_pa=0.014 p_shift=0.035 p_cfo=0.035 p_awgn=0.040 p_mp=0.018 | max_shift=3 cfo_max=4e-05 pn_max=0.0006
------------------------------------------------------------------------------------------------------------------------------------
[LOSS-CORE] total=1.8634 cls=0.6268 dom=0.3486 adv=2.6184 orth=0.0032 cons=0.1396 group_ce=1.2634
[LOSS-AUX]  cls_pa=0.0000 cls_dac=0.0000 pa_joint_inv=0.0000 pa_kl=0.0000 dac_reg=0.0000 pa_reg=0.0000 gap_dac=0.0000 gap_pa=0.0000 cos_joint_pa=nan cos_imp_pa=nan
[LOSS-SAT]  cls_sat=0.0000 sat_cons=0.0000 sat_cos=nan
[LOSS-DG]   proto=0.0000 proto_cos=nan supcon=0.0000 fishr=0.0006 sgc_res=0.0007
[LOSS-CAL]  ecc=0.0000 ecc_w=0.0000 ecc_tau=0.6502 ecc_maxp=nan
[TRAIN] tx=95.61% dom=87.57% cons_cos=0.8583
[GRAD]  total=3.394 backbone=1.000 aux=0.750 domain=0.437
[VAL]   tx=98.83% dom=92.68%
[TEST]  overall_tx=89.93% (183464/204000)
[TEST-SPLIT]
          unseen_day_seen_rx(days=['2021_03_15', '2021_03_23'], rxs=[0, 1, 2, 3, 4, 5, 6]): tx=92.67% (77845/84000)
          seen_day_unseen_rx(days=['2021_03_01', '2021_03_08'], rxs=[7, 8, 9, 10, 11]): tx=90.04% (54022/60000)
          unseen_day_unseen_rx(days=['2021_03_15', '2021_03_23'], rxs=[7, 8, 9, 10, 11]): tx=86.00% (51597/60000)
          day=2021_03_15 on seen_rxs=[0, 1, 2, 3, 4, 5, 6]: tx=94.66% (39758/42000)
          day=2021_03_23 on seen_rxs=[0, 1, 2, 3, 4, 5, 6]: tx=90.68% (38087/42000)
          rx=7 on seen_days=['2021_03_01', '2021_03_08']: tx=86.63% (10396/12000)
          rx=8 on seen_days=['2021_03_01', '2021_03_08']: tx=86.88% (10426/12000)
          rx=9 on seen_days=['2021_03_01', '2021_03_08']: tx=89.88% (10785/12000)
          rx=10 on seen_days=['2021_03_01', '2021_03_08']: tx=91.08% (10929/12000)
          rx=11 on seen_days=['2021_03_01', '2021_03_08']: tx=95.72% (11486/12000)
[BEST-JOINT]  val_tx=98.83% & test_tx=89.93% @ E002
[CKPT]  latest -> finalist_runs/E1_residual_only_std/latest_model.pth (saved) | best -> finalist_runs/E1_residual_only_std/best_model_val.pth (updated: val improved)
====================================================================================================================================
[SAT-TEST] scenario=clear_leo selected=test_unseen_day_unseen_rx overall_tx=43.72% strict_udu=43.72% (26230/60000)
[SAT-TEST] scenario=low_elev_leo selected=test_unseen_day_unseen_rx overall_tx=43.31% strict_udu=43.31% (25987/60000)
[SAT-TEST] scenario=rain_leo selected=test_unseen_day_unseen_rx overall_tx=41.30% strict_udu=41.30% (24778/60000)
[SAT-TEST] scenario=storm_mp selected=test_unseen_day_unseen_rx overall_tx=36.73% strict_udu=36.73% (22036/60000)
[SAT-TEST] scenario=mixed_orbit selected=test_unseen_day_unseen_rx overall_tx=39.75% strict_udu=39.75% (23851/60000)
[BEST-TEST] overall=89.93% @ E002 -> finalist_runs/E1_residual_only_std/best_model_test_overall.pth | unseen_day_unseen_rx=86.00% @ E002 -> finalist_runs/E1_residual_only_std/best_model_strict_udu.pth | unseen_day_seen_rx=93.15% @ E001 | seen_day_unseen_rx=90.04% @ E002
[BEST-PRIMARY] score=87.37 @ E002 -> finalist_runs/E1_residual_only_std/best_model_primary_ood.pth | overall=89.93% strict_udu=86.00%
[BEST-WORST-RX] worst_rx=86.63% (test_rx_7) @ E002 -> finalist_runs/E1_residual_only_std/best_model_worst_rx.pth
====================================================================================================================================
[Epoch 003/060] time=79.8s | lr=4.97e-05 | aux_scale=0.000
[STAGE] phase=S1_core | use_aux=0.0 cons=0.00 cls_aux=0.00 reg=0.00 joint_inv=0.00 kl=0.00 group_ce=0.50
[MIXSTYLE-EPOCH] phase=base enabled=1 p=0.150 strength=0.650 anneal_t=0.000
[AUG] scale=0.100 | p_dac=0.000 p_pa=0.014 p_shift=0.035 p_cfo=0.035 p_awgn=0.040 p_mp=0.018 | max_shift=3 cfo_max=4e-05 pn_max=0.0006
------------------------------------------------------------------------------------------------------------------------------------
[LOSS-CORE] total=1.6550 cls=0.4612 dom=0.3178 adv=2.6193 orth=0.0030 cons=0.1325 group_ce=1.0167
[LOSS-AUX]  cls_pa=0.0000 cls_dac=0.0000 pa_joint_inv=0.0000 pa_kl=0.0000 dac_reg=0.0000 pa_reg=0.0000 gap_dac=0.0000 gap_pa=0.0000 cos_joint_pa=nan cos_imp_pa=nan
[LOSS-SAT]  cls_sat=0.0000 sat_cons=0.0000 sat_cos=nan
[LOSS-DG]   proto=0.0000 proto_cos=nan supcon=0.0000 fishr=0.0004 sgc_res=0.0001
[LOSS-CAL]  ecc=0.0000 ecc_w=0.0000 ecc_tau=0.6508 ecc_maxp=nan
[TRAIN] tx=96.59% dom=89.09% cons_cos=0.8675
[GRAD]  total=3.069 backbone=0.996 aux=0.750 domain=0.431
[VAL]   tx=98.73% dom=92.89%
[TEST]  overall_tx=88.94% (181432/204000)
[TEST-SPLIT]
          unseen_day_seen_rx(days=['2021_03_15', '2021_03_23'], rxs=[0, 1, 2, 3, 4, 5, 6]): tx=92.72% (77885/84000)
          seen_day_unseen_rx(days=['2021_03_01', '2021_03_08'], rxs=[7, 8, 9, 10, 11]): tx=88.26% (52956/60000)
          unseen_day_unseen_rx(days=['2021_03_15', '2021_03_23'], rxs=[7, 8, 9, 10, 11]): tx=84.32% (50591/60000)
          day=2021_03_15 on seen_rxs=[0, 1, 2, 3, 4, 5, 6]: tx=94.69% (39770/42000)
          day=2021_03_23 on seen_rxs=[0, 1, 2, 3, 4, 5, 6]: tx=90.75% (38115/42000)
          rx=7 on seen_days=['2021_03_01', '2021_03_08']: tx=84.57% (10148/12000)
          rx=8 on seen_days=['2021_03_01', '2021_03_08']: tx=83.56% (10027/12000)
          rx=9 on seen_days=['2021_03_01', '2021_03_08']: tx=89.02% (10682/12000)
          rx=10 on seen_days=['2021_03_01', '2021_03_08']: tx=92.46% (11095/12000)
          rx=11 on seen_days=['2021_03_01', '2021_03_08']: tx=91.70% (11004/12000)
[BEST-JOINT]  val_tx=98.83% & test_tx=89.93% @ E002
[CKPT]  latest -> finalist_runs/E1_residual_only_std/latest_model.pth (saved) | best -> finalist_runs/E1_residual_only_std/best_model_val.pth
====================================================================================================================================
[SAT-TEST] scenario=clear_leo selected=test_unseen_day_unseen_rx overall_tx=42.58% strict_udu=42.58% (25546/60000)
[SAT-TEST] scenario=low_elev_leo selected=test_unseen_day_unseen_rx overall_tx=42.23% strict_udu=42.23% (25340/60000)
[SAT-TEST] scenario=rain_leo selected=test_unseen_day_unseen_rx overall_tx=40.17% strict_udu=40.17% (24102/60000)
[SAT-TEST] scenario=storm_mp selected=test_unseen_day_unseen_rx overall_tx=36.20% strict_udu=36.20% (21719/60000)
[SAT-TEST] scenario=mixed_orbit selected=test_unseen_day_unseen_rx overall_tx=38.00% strict_udu=38.00% (22802/60000)
[BEST-TEST] overall=89.93% @ E002 -> finalist_runs/E1_residual_only_std/best_model_test_overall.pth | unseen_day_unseen_rx=86.00% @ E002 -> finalist_runs/E1_residual_only_std/best_model_strict_udu.pth | unseen_day_seen_rx=93.15% @ E001 | seen_day_unseen_rx=90.04% @ E002
[BEST-PRIMARY] score=87.37 @ E002 -> finalist_runs/E1_residual_only_std/best_model_primary_ood.pth | overall=89.93% strict_udu=86.00%
[BEST-WORST-RX] worst_rx=86.63% (test_rx_7) @ E002 -> finalist_runs/E1_residual_only_std/best_model_worst_rx.pth
====================================================================================================================================
[Epoch 004/060] time=81.2s | lr=4.95e-05 | aux_scale=0.067
[STAGE] phase=S1_core | use_aux=0.0 cons=0.00 cls_aux=0.00 reg=0.00 joint_inv=0.00 kl=0.00 group_ce=0.50
[MIXSTYLE-EPOCH] phase=base enabled=1 p=0.150 strength=0.650 anneal_t=0.000
[AUG] scale=0.108 | p_dac=0.000 p_pa=0.015 p_shift=0.038 p_cfo=0.038 p_awgn=0.043 p_mp=0.020 | max_shift=3 cfo_max=4.339e-05 pn_max=0.0006508
------------------------------------------------------------------------------------------------------------------------------------
[LOSS-CORE] total=1.9638 cls=0.7245 dom=0.3442 adv=2.6172 orth=0.0028 cons=0.1472 group_ce=1.4129
[LOSS-AUX]  cls_pa=0.0000 cls_dac=0.0000 pa_joint_inv=0.0000 pa_kl=0.0000 dac_reg=0.0000 pa_reg=0.0000 gap_dac=0.0000 gap_pa=0.0000 cos_joint_pa=nan cos_imp_pa=nan
[LOSS-SAT]  cls_sat=0.0000 sat_cons=0.0000 sat_cos=nan
[LOSS-DG]   proto=0.0000 proto_cos=nan supcon=0.0000 fishr=0.0007 sgc_res=0.0003
[LOSS-CAL]  ecc=0.0000 ecc_w=0.0000 ecc_tau=0.6518 ecc_maxp=nan
[TRAIN] tx=94.71% dom=88.08% cons_cos=0.8528
[GRAD]  total=3.057 backbone=1.000 aux=0.750 domain=0.421
[VAL]   tx=98.75% dom=92.86%
[TEST]  overall_tx=88.71% (180959/204000)
[TEST-SPLIT]
          unseen_day_seen_rx(days=['2021_03_15', '2021_03_23'], rxs=[0, 1, 2, 3, 4, 5, 6]): tx=92.38% (77602/84000)
          seen_day_unseen_rx(days=['2021_03_01', '2021_03_08'], rxs=[7, 8, 9, 10, 11]): tx=87.95% (52769/60000)
          unseen_day_unseen_rx(days=['2021_03_15', '2021_03_23'], rxs=[7, 8, 9, 10, 11]): tx=84.31% (50588/60000)
          day=2021_03_15 on seen_rxs=[0, 1, 2, 3, 4, 5, 6]: tx=94.33% (39620/42000)
          day=2021_03_23 on seen_rxs=[0, 1, 2, 3, 4, 5, 6]: tx=90.43% (37982/42000)
          rx=7 on seen_days=['2021_03_01', '2021_03_08']: tx=84.59% (10151/12000)
          rx=8 on seen_days=['2021_03_01', '2021_03_08']: tx=84.18% (10102/12000)
          rx=9 on seen_days=['2021_03_01', '2021_03_08']: tx=88.57% (10628/12000)
          rx=10 on seen_days=['2021_03_01', '2021_03_08']: tx=89.85% (10782/12000)
          rx=11 on seen_days=['2021_03_01', '2021_03_08']: tx=92.55% (11106/12000)
[BEST-JOINT]  val_tx=98.83% & test_tx=89.93% @ E002
[CKPT]  latest -> finalist_runs/E1_residual_only_std/latest_model.pth (saved) | best -> finalist_runs/E1_residual_only_std/best_model_val.pth
====================================================================================================================================
[SAT-TEST] scenario=clear_leo selected=test_unseen_day_unseen_rx overall_tx=42.93% strict_udu=42.93% (25756/60000)
[SAT-TEST] scenario=low_elev_leo selected=test_unseen_day_unseen_rx overall_tx=42.19% strict_udu=42.19% (25311/60000)
[SAT-TEST] scenario=rain_leo selected=test_unseen_day_unseen_rx overall_tx=40.16% strict_udu=40.16% (24095/60000)
[SAT-TEST] scenario=storm_mp selected=test_unseen_day_unseen_rx overall_tx=36.17% strict_udu=36.17% (21700/60000)
[SAT-TEST] scenario=mixed_orbit selected=test_unseen_day_unseen_rx overall_tx=38.64% strict_udu=38.64% (23184/60000)
[BEST-TEST] overall=89.93% @ E002 -> finalist_runs/E1_residual_only_std/best_model_test_overall.pth | unseen_day_unseen_rx=86.00% @ E002 -> finalist_runs/E1_residual_only_std/best_model_strict_udu.pth | unseen_day_seen_rx=93.15% @ E001 | seen_day_unseen_rx=90.04% @ E002
[BEST-PRIMARY] score=87.37 @ E002 -> finalist_runs/E1_residual_only_std/best_model_primary_ood.pth | overall=89.93% strict_udu=86.00%
[BEST-WORST-RX] worst_rx=86.63% (test_rx_7) @ E002 -> finalist_runs/E1_residual_only_std/best_model_worst_rx.pth
====================================================================================================================================
[Epoch 005/060] time=81.7s | lr=4.92e-05 | aux_scale=0.133
[STAGE] phase=S1_core | use_aux=0.0 cons=0.00 cls_aux=0.00 reg=0.00 joint_inv=0.00 kl=0.00 group_ce=0.50
[MIXSTYLE-EPOCH] phase=base enabled=1 p=0.150 strength=0.650 anneal_t=0.000
[AUG] scale=0.120 | p_dac=0.000 p_pa=0.017 p_shift=0.042 p_cfo=0.042 p_awgn=0.048 p_mp=0.022 | max_shift=4 cfo_max=4.806e-05 pn_max=0.0007209
------------------------------------------------------------------------------------------------------------------------------------
[LOSS-CORE] total=1.9126 cls=0.6915 dom=0.3319 adv=2.6225 orth=0.0028 cons=0.1395 group_ce=1.2634
[LOSS-AUX]  cls_pa=0.0000 cls_dac=0.0000 pa_joint_inv=0.0000 pa_kl=0.0000 dac_reg=0.0000 pa_reg=0.0000 gap_dac=0.0000 gap_pa=0.0000 cos_joint_pa=nan cos_imp_pa=nan
[LOSS-SAT]  cls_sat=0.0000 sat_cons=0.0000 sat_cos=nan
[LOSS-DG]   proto=0.0000 proto_cos=nan supcon=0.0000 fishr=0.0006 sgc_res=0.0002
[LOSS-CAL]  ecc=0.0000 ecc_w=0.0000 ecc_tau=0.6533 ecc_maxp=nan
[TRAIN] tx=95.05% dom=88.28% cons_cos=0.8605
[GRAD]  total=3.105 backbone=1.000 aux=0.750 domain=0.441
[VAL]   tx=98.85% dom=92.92%
[TEST]  overall_tx=90.46% (184541/204000)
[TEST-SPLIT]
          unseen_day_seen_rx(days=['2021_03_15', '2021_03_23'], rxs=[0, 1, 2, 3, 4, 5, 6]): tx=93.42% (78471/84000)
          seen_day_unseen_rx(days=['2021_03_01', '2021_03_08'], rxs=[7, 8, 9, 10, 11]): tx=90.25% (54150/60000)
          unseen_day_unseen_rx(days=['2021_03_15', '2021_03_23'], rxs=[7, 8, 9, 10, 11]): tx=86.53% (51920/60000)
          day=2021_03_15 on seen_rxs=[0, 1, 2, 3, 4, 5, 6]: tx=95.91% (40283/42000)
          day=2021_03_23 on seen_rxs=[0, 1, 2, 3, 4, 5, 6]: tx=90.92% (38188/42000)
          rx=7 on seen_days=['2021_03_01', '2021_03_08']: tx=88.02% (10562/12000)
          rx=8 on seen_days=['2021_03_01', '2021_03_08']: tx=86.22% (10347/12000)
          rx=9 on seen_days=['2021_03_01', '2021_03_08']: tx=90.52% (10862/12000)
          rx=10 on seen_days=['2021_03_01', '2021_03_08']: tx=90.72% (10887/12000)
          rx=11 on seen_days=['2021_03_01', '2021_03_08']: tx=95.77% (11492/12000)
[BEST-JOINT]  val_tx=98.85% & test_tx=90.46% @ E005
[CKPT]  latest -> finalist_runs/E1_residual_only_std/latest_model.pth (saved) | best -> finalist_runs/E1_residual_only_std/best_model_val.pth (updated: val improved)
====================================================================================================================================
[SAT-TEST] scenario=clear_leo selected=test_unseen_day_unseen_rx overall_tx=44.45% strict_udu=44.45% (26668/60000)
[SAT-TEST] scenario=low_elev_leo selected=test_unseen_day_unseen_rx overall_tx=43.60% strict_udu=43.60% (26163/60000)
[SAT-TEST] scenario=rain_leo selected=test_unseen_day_unseen_rx overall_tx=41.42% strict_udu=41.42% (24854/60000)
[SAT-TEST] scenario=storm_mp selected=test_unseen_day_unseen_rx overall_tx=36.84% strict_udu=36.84% (22106/60000)
[SAT-TEST] scenario=mixed_orbit selected=test_unseen_day_unseen_rx overall_tx=39.68% strict_udu=39.68% (23809/60000)
[BEST-TEST] overall=90.46% @ E005 -> finalist_runs/E1_residual_only_std/best_model_test_overall.pth | unseen_day_unseen_rx=86.53% @ E005 -> finalist_runs/E1_residual_only_std/best_model_strict_udu.pth | unseen_day_seen_rx=93.42% @ E005 | seen_day_unseen_rx=90.25% @ E005
[BEST-PRIMARY] score=87.91 @ E005 -> finalist_runs/E1_residual_only_std/best_model_primary_ood.pth | overall=90.46% strict_udu=86.53%
[BEST-WORST-RX] worst_rx=86.63% (test_rx_7) @ E002 -> finalist_runs/E1_residual_only_std/best_model_worst_rx.pth
====================================================================================================================================
[Epoch 006/060] time=80.2s | lr=4.88e-05 | aux_scale=0.200
[STAGE] phase=S1_core | use_aux=0.0 cons=0.00 cls_aux=0.00 reg=0.00 joint_inv=0.00 kl=0.00 group_ce=0.50
[MIXSTYLE-EPOCH] phase=base enabled=1 p=0.150 strength=0.650 anneal_t=0.000
[AUG] scale=0.133 | p_dac=0.000 p_pa=0.019 p_shift=0.047 p_cfo=0.047 p_awgn=0.053 p_mp=0.024 | max_shift=4 cfo_max=5.337e-05 pn_max=0.0008006
------------------------------------------------------------------------------------------------------------------------------------
[LOSS-CORE] total=1.8870 cls=0.6655 dom=0.3304 adv=2.6215 orth=0.0032 cons=0.1445 group_ce=1.3035
[LOSS-AUX]  cls_pa=0.0000 cls_dac=0.0000 pa_joint_inv=0.0000 pa_kl=0.0000 dac_reg=0.0000 pa_reg=0.0000 gap_dac=0.0000 gap_pa=0.0000 cos_joint_pa=nan cos_imp_pa=nan
[LOSS-SAT]  cls_sat=0.0000 sat_cons=0.0000 sat_cos=nan
[LOSS-DG]   proto=0.0000 proto_cos=nan supcon=0.0000 fishr=0.0007 sgc_res=0.0002
[LOSS-CAL]  ecc=0.0000 ecc_w=0.0000 ecc_tau=0.6551 ecc_maxp=nan
[TRAIN] tx=95.03% dom=88.19% cons_cos=0.8555
[GRAD]  total=2.973 backbone=0.995 aux=0.750 domain=0.433
[VAL]   tx=98.83% dom=92.91%
[TEST]  overall_tx=90.27% (184142/204000)
[TEST-SPLIT]
          unseen_day_seen_rx(days=['2021_03_15', '2021_03_23'], rxs=[0, 1, 2, 3, 4, 5, 6]): tx=93.26% (78335/84000)
          seen_day_unseen_rx(days=['2021_03_01', '2021_03_08'], rxs=[7, 8, 9, 10, 11]): tx=89.94% (53965/60000)
          unseen_day_unseen_rx(days=['2021_03_15', '2021_03_23'], rxs=[7, 8, 9, 10, 11]): tx=86.40% (51842/60000)
          day=2021_03_15 on seen_rxs=[0, 1, 2, 3, 4, 5, 6]: tx=95.62% (40160/42000)
          day=2021_03_23 on seen_rxs=[0, 1, 2, 3, 4, 5, 6]: tx=90.89% (38175/42000)
          rx=7 on seen_days=['2021_03_01', '2021_03_08']: tx=86.17% (10341/12000)
          rx=8 on seen_days=['2021_03_01', '2021_03_08']: tx=85.66% (10279/12000)
          rx=9 on seen_days=['2021_03_01', '2021_03_08']: tx=90.38% (10845/12000)
          rx=10 on seen_days=['2021_03_01', '2021_03_08']: tx=92.54% (11105/12000)
          rx=11 on seen_days=['2021_03_01', '2021_03_08']: tx=94.96% (11395/12000)
[BEST-JOINT]  val_tx=98.85% & test_tx=90.46% @ E005
[CKPT]  latest -> finalist_runs/E1_residual_only_std/latest_model.pth (saved) | best -> finalist_runs/E1_residual_only_std/best_model_val.pth
====================================================================================================================================
[SAT-TEST] scenario=clear_leo selected=test_unseen_day_unseen_rx overall_tx=44.09% strict_udu=44.09% (26456/60000)
[SAT-TEST] scenario=low_elev_leo selected=test_unseen_day_unseen_rx overall_tx=43.18% strict_udu=43.18% (25909/60000)
[SAT-TEST] scenario=rain_leo selected=test_unseen_day_unseen_rx overall_tx=41.10% strict_udu=41.10% (24661/60000)
[SAT-TEST] scenario=storm_mp selected=test_unseen_day_unseen_rx overall_tx=36.97% strict_udu=36.97% (22184/60000)
[SAT-TEST] scenario=mixed_orbit selected=test_unseen_day_unseen_rx overall_tx=39.95% strict_udu=39.95% (23968/60000)
[BEST-TEST] overall=90.46% @ E005 -> finalist_runs/E1_residual_only_std/best_model_test_overall.pth | unseen_day_unseen_rx=86.53% @ E005 -> finalist_runs/E1_residual_only_std/best_model_strict_udu.pth | unseen_day_seen_rx=93.42% @ E005 | seen_day_unseen_rx=90.25% @ E005
[BEST-PRIMARY] score=87.91 @ E005 -> finalist_runs/E1_residual_only_std/best_model_primary_ood.pth | overall=90.46% strict_udu=86.53%
[BEST-WORST-RX] worst_rx=86.63% (test_rx_7) @ E002 -> finalist_runs/E1_residual_only_std/best_model_worst_rx.pth
====================================================================================================================================
[Epoch 007/060] time=80.1s | lr=4.84e-05 | aux_scale=0.267
[STAGE] phase=S1_core | use_aux=0.0 cons=0.00 cls_aux=0.00 reg=0.00 joint_inv=0.00 kl=0.00 group_ce=0.50
[MIXSTYLE-EPOCH] phase=base enabled=1 p=0.150 strength=0.650 anneal_t=0.000
[AUG] scale=0.148 | p_dac=0.000 p_pa=0.021 p_shift=0.052 p_cfo=0.052 p_awgn=0.059 p_mp=0.027 | max_shift=5 cfo_max=5.916e-05 pn_max=0.0008874
------------------------------------------------------------------------------------------------------------------------------------
[LOSS-CORE] total=2.0677 cls=0.8068 dom=0.3612 adv=2.6230 orth=0.0030 cons=0.1475 group_ce=1.4660
[LOSS-AUX]  cls_pa=0.0000 cls_dac=0.0000 pa_joint_inv=0.0000 pa_kl=0.0000 dac_reg=0.0000 pa_reg=0.0000 gap_dac=0.0000 gap_pa=0.0000 cos_joint_pa=nan cos_imp_pa=nan
[LOSS-SAT]  cls_sat=0.0000 sat_cons=0.0000 sat_cos=nan
[LOSS-DG]   proto=0.0000 proto_cos=nan supcon=0.0000 fishr=0.0007 sgc_res=0.0011
[LOSS-CAL]  ecc=0.0000 ecc_w=0.0000 ecc_tau=0.6573 ecc_maxp=nan
[TRAIN] tx=93.98% dom=87.10% cons_cos=0.8525
[GRAD]  total=3.460 backbone=1.000 aux=0.750 domain=0.430
[VAL]   tx=98.76% dom=93.16%
[TEST]  overall_tx=88.80% (181149/204000)
[TEST-SPLIT]
          unseen_day_seen_rx(days=['2021_03_15', '2021_03_23'], rxs=[0, 1, 2, 3, 4, 5, 6]): tx=92.36% (77585/84000)
          seen_day_unseen_rx(days=['2021_03_01', '2021_03_08'], rxs=[7, 8, 9, 10, 11]): tx=87.93% (52760/60000)
          unseen_day_unseen_rx(days=['2021_03_15', '2021_03_23'], rxs=[7, 8, 9, 10, 11]): tx=84.67% (50804/60000)
          day=2021_03_15 on seen_rxs=[0, 1, 2, 3, 4, 5, 6]: tx=94.11% (39525/42000)
          day=2021_03_23 on seen_rxs=[0, 1, 2, 3, 4, 5, 6]: tx=90.62% (38060/42000)
          rx=7 on seen_days=['2021_03_01', '2021_03_08']: tx=84.64% (10157/12000)
          rx=8 on seen_days=['2021_03_01', '2021_03_08']: tx=86.17% (10340/12000)
          rx=9 on seen_days=['2021_03_01', '2021_03_08']: tx=88.92% (10671/12000)
          rx=10 on seen_days=['2021_03_01', '2021_03_08']: tx=88.09% (10571/12000)
          rx=11 on seen_days=['2021_03_01', '2021_03_08']: tx=91.84% (11021/12000)
[BEST-JOINT]  val_tx=98.85% & test_tx=90.46% @ E005
[CKPT]  latest -> finalist_runs/E1_residual_only_std/latest_model.pth (saved) | best -> finalist_runs/E1_residual_only_std/best_model_val.pth
====================================================================================================================================
[SAT-TEST] scenario=clear_leo selected=test_unseen_day_unseen_rx overall_tx=42.34% strict_udu=42.34% (25403/60000)
[SAT-TEST] scenario=low_elev_leo selected=test_unseen_day_unseen_rx overall_tx=41.76% strict_udu=41.76% (25055/60000)
[SAT-TEST] scenario=rain_leo selected=test_unseen_day_unseen_rx overall_tx=39.78% strict_udu=39.78% (23870/60000)
[SAT-TEST] scenario=storm_mp selected=test_unseen_day_unseen_rx overall_tx=35.36% strict_udu=35.36% (21214/60000)
[SAT-TEST] scenario=mixed_orbit selected=test_unseen_day_unseen_rx overall_tx=37.88% strict_udu=37.88% (22731/60000)
[BEST-TEST] overall=90.46% @ E005 -> finalist_runs/E1_residual_only_std/best_model_test_overall.pth | unseen_day_unseen_rx=86.53% @ E005 -> finalist_runs/E1_residual_only_std/best_model_strict_udu.pth | unseen_day_seen_rx=93.42% @ E005 | seen_day_unseen_rx=90.25% @ E005
[BEST-PRIMARY] score=87.91 @ E005 -> finalist_runs/E1_residual_only_std/best_model_primary_ood.pth | overall=90.46% strict_udu=86.53%
[BEST-WORST-RX] worst_rx=86.63% (test_rx_7) @ E002 -> finalist_runs/E1_residual_only_std/best_model_worst_rx.pth
====================================================================================================================================
[Epoch 008/060] time=80.5s | lr=4.79e-05 | aux_scale=0.333
[STAGE] phase=S1_core | use_aux=0.0 cons=0.00 cls_aux=0.00 reg=0.00 joint_inv=0.00 kl=0.00 group_ce=0.50
[MIXSTYLE-EPOCH] phase=base enabled=1 p=0.150 strength=0.650 anneal_t=0.000
[AUG] scale=0.163 | p_dac=0.000 p_pa=0.023 p_shift=0.057 p_cfo=0.057 p_awgn=0.065 p_mp=0.029 | max_shift=5 cfo_max=6.533e-05 pn_max=0.0009799
------------------------------------------------------------------------------------------------------------------------------------
[LOSS-CORE] total=2.0462 cls=0.7662 dom=0.3852 adv=2.6241 orth=0.0032 cons=0.1426 group_ce=1.3628
[LOSS-AUX]  cls_pa=0.0000 cls_dac=0.0000 pa_joint_inv=0.0000 pa_kl=0.0000 dac_reg=0.0000 pa_reg=0.0000 gap_dac=0.0000 gap_pa=0.0000 cos_joint_pa=nan cos_imp_pa=nan
[LOSS-SAT]  cls_sat=0.0000 sat_cons=0.0000 sat_cos=nan
[LOSS-DG]   proto=0.0000 proto_cos=nan supcon=0.0000 fishr=0.0007 sgc_res=0.0013
[LOSS-CAL]  ecc=0.0000 ecc_w=0.0000 ecc_tau=0.6600 ecc_maxp=nan
[TRAIN] tx=94.05% dom=87.22% cons_cos=0.8574
[GRAD]  total=3.113 backbone=1.000 aux=0.750 domain=0.419
[VAL]   tx=98.90% dom=93.12%
[TEST]  overall_tx=89.85% (183293/204000)
[TEST-SPLIT]
          unseen_day_seen_rx(days=['2021_03_15', '2021_03_23'], rxs=[0, 1, 2, 3, 4, 5, 6]): tx=93.56% (78590/84000)
          seen_day_unseen_rx(days=['2021_03_01', '2021_03_08'], rxs=[7, 8, 9, 10, 11]): tx=89.36% (53618/60000)
          unseen_day_unseen_rx(days=['2021_03_15', '2021_03_23'], rxs=[7, 8, 9, 10, 11]): tx=85.14% (51085/60000)
          day=2021_03_15 on seen_rxs=[0, 1, 2, 3, 4, 5, 6]: tx=94.42% (39656/42000)
          day=2021_03_23 on seen_rxs=[0, 1, 2, 3, 4, 5, 6]: tx=92.70% (38934/42000)
          rx=7 on seen_days=['2021_03_01', '2021_03_08']: tx=83.66% (10039/12000)
          rx=8 on seen_days=['2021_03_01', '2021_03_08']: tx=86.34% (10361/12000)
          rx=9 on seen_days=['2021_03_01', '2021_03_08']: tx=90.47% (10857/12000)
          rx=10 on seen_days=['2021_03_01', '2021_03_08']: tx=90.28% (10833/12000)
          rx=11 on seen_days=['2021_03_01', '2021_03_08']: tx=96.07% (11528/12000)
[BEST-JOINT]  val_tx=98.90% & test_tx=89.85% @ E008
[CKPT]  latest -> finalist_runs/E1_residual_only_std/latest_model.pth (saved) | best -> finalist_runs/E1_residual_only_std/best_model_val.pth (updated: val improved)
====================================================================================================================================
[SAT-TEST] scenario=clear_leo selected=test_unseen_day_unseen_rx overall_tx=42.23% strict_udu=42.23% (25338/60000)
[SAT-TEST] scenario=low_elev_leo selected=test_unseen_day_unseen_rx overall_tx=41.96% strict_udu=41.96% (25175/60000)
[SAT-TEST] scenario=rain_leo selected=test_unseen_day_unseen_rx overall_tx=39.70% strict_udu=39.70% (23822/60000)
[SAT-TEST] scenario=storm_mp selected=test_unseen_day_unseen_rx overall_tx=35.80% strict_udu=35.80% (21483/60000)
[SAT-TEST] scenario=mixed_orbit selected=test_unseen_day_unseen_rx overall_tx=38.29% strict_udu=38.29% (22976/60000)
[BEST-TEST] overall=90.46% @ E005 -> finalist_runs/E1_residual_only_std/best_model_test_overall.pth | unseen_day_unseen_rx=86.53% @ E005 -> finalist_runs/E1_residual_only_std/best_model_strict_udu.pth | unseen_day_seen_rx=93.56% @ E008 | seen_day_unseen_rx=90.25% @ E005
[BEST-PRIMARY] score=87.91 @ E005 -> finalist_runs/E1_residual_only_std/best_model_primary_ood.pth | overall=90.46% strict_udu=86.53%
[BEST-WORST-RX] worst_rx=86.63% (test_rx_7) @ E002 -> finalist_runs/E1_residual_only_std/best_model_worst_rx.pth
====================================================================================================================================
[Epoch 009/060] time=80.6s | lr=4.73e-05 | aux_scale=0.400
[STAGE] phase=S1_core | use_aux=0.0 cons=0.00 cls_aux=0.00 reg=0.00 joint_inv=0.00 kl=0.00 group_ce=0.50
[MIXSTYLE-EPOCH] phase=base enabled=1 p=0.150 strength=0.650 anneal_t=0.000
[AUG] scale=0.180 | p_dac=0.000 p_pa=0.025 p_shift=0.063 p_cfo=0.063 p_awgn=0.072 p_mp=0.032 | max_shift=6 cfo_max=7.181e-05 pn_max=0.001077
------------------------------------------------------------------------------------------------------------------------------------
[LOSS-CORE] total=2.1323 cls=0.8578 dom=0.3727 adv=2.6251 orth=0.0028 cons=0.1502 group_ce=1.4960
[LOSS-AUX]  cls_pa=0.0000 cls_dac=0.0000 pa_joint_inv=0.0000 pa_kl=0.0000 dac_reg=0.0000 pa_reg=0.0000 gap_dac=0.0000 gap_pa=0.0000 cos_joint_pa=nan cos_imp_pa=nan
[LOSS-SAT]  cls_sat=0.0000 sat_cons=0.0000 sat_cos=nan
[LOSS-DG]   proto=0.0000 proto_cos=nan supcon=0.0000 fishr=0.0008 sgc_res=0.0015
[LOSS-CAL]  ecc=0.0000 ecc_w=0.0000 ecc_tau=0.6630 ecc_maxp=nan
[TRAIN] tx=93.23% dom=86.48% cons_cos=0.8498
[GRAD]  total=3.331 backbone=1.000 aux=0.750 domain=0.428
[VAL]   tx=98.63% dom=93.27%
[TEST]  overall_tx=88.84% (181235/204000)
[TEST-SPLIT]
          unseen_day_seen_rx(days=['2021_03_15', '2021_03_23'], rxs=[0, 1, 2, 3, 4, 5, 6]): tx=92.77% (77926/84000)
          seen_day_unseen_rx(days=['2021_03_01', '2021_03_08'], rxs=[7, 8, 9, 10, 11]): tx=87.83% (52698/60000)
          unseen_day_unseen_rx(days=['2021_03_15', '2021_03_23'], rxs=[7, 8, 9, 10, 11]): tx=84.35% (50611/60000)
          day=2021_03_15 on seen_rxs=[0, 1, 2, 3, 4, 5, 6]: tx=94.81% (39819/42000)
          day=2021_03_23 on seen_rxs=[0, 1, 2, 3, 4, 5, 6]: tx=90.73% (38107/42000)
          rx=7 on seen_days=['2021_03_01', '2021_03_08']: tx=84.58% (10149/12000)
          rx=8 on seen_days=['2021_03_01', '2021_03_08']: tx=83.11% (9973/12000)
          rx=9 on seen_days=['2021_03_01', '2021_03_08']: tx=89.29% (10715/12000)
          rx=10 on seen_days=['2021_03_01', '2021_03_08']: tx=92.07% (11048/12000)
          rx=11 on seen_days=['2021_03_01', '2021_03_08']: tx=90.11% (10813/12000)
[BEST-JOINT]  val_tx=98.90% & test_tx=89.85% @ E008
[CKPT]  latest -> finalist_runs/E1_residual_only_std/latest_model.pth (saved) | best -> finalist_runs/E1_residual_only_std/best_model_val.pth
====================================================================================================================================
[SAT-TEST] scenario=clear_leo selected=test_unseen_day_unseen_rx overall_tx=43.62% strict_udu=43.62% (26175/60000)
[SAT-TEST] scenario=low_elev_leo selected=test_unseen_day_unseen_rx overall_tx=43.90% strict_udu=43.90% (26340/60000)
[SAT-TEST] scenario=rain_leo selected=test_unseen_day_unseen_rx overall_tx=41.46% strict_udu=41.46% (24875/60000)
[SAT-TEST] scenario=storm_mp selected=test_unseen_day_unseen_rx overall_tx=36.75% strict_udu=36.75% (22048/60000)
[SAT-TEST] scenario=mixed_orbit selected=test_unseen_day_unseen_rx overall_tx=38.60% strict_udu=38.60% (23160/60000)
[BEST-TEST] overall=90.46% @ E005 -> finalist_runs/E1_residual_only_std/best_model_test_overall.pth | unseen_day_unseen_rx=86.53% @ E005 -> finalist_runs/E1_residual_only_std/best_model_strict_udu.pth | unseen_day_seen_rx=93.56% @ E008 | seen_day_unseen_rx=90.25% @ E005
[BEST-PRIMARY] score=87.91 @ E005 -> finalist_runs/E1_residual_only_std/best_model_primary_ood.pth | overall=90.46% strict_udu=86.53%
[BEST-WORST-RX] worst_rx=86.63% (test_rx_7) @ E002 -> finalist_runs/E1_residual_only_std/best_model_worst_rx.pth
[WARN][E010] unsafe backward/step skipped #6
====================================================================================================================================
[Epoch 010/060] time=80.4s | lr=4.67e-05 | aux_scale=0.467
[STAGE] phase=S1_core | use_aux=0.0 cons=0.00 cls_aux=0.00 reg=0.00 joint_inv=0.00 kl=0.00 group_ce=0.50
[MIXSTYLE-EPOCH] phase=base enabled=1 p=0.150 strength=0.650 anneal_t=0.000
[AUG] scale=0.196 | p_dac=0.000 p_pa=0.027 p_shift=0.069 p_cfo=0.069 p_awgn=0.079 p_mp=0.035 | max_shift=6 cfo_max=7.857e-05 pn_max=0.001179
------------------------------------------------------------------------------------------------------------------------------------
[LOSS-CORE] total=1.7934 cls=0.5987 dom=0.3058 adv=2.6236 orth=0.0026 cons=0.1415 group_ce=1.2478
[LOSS-AUX]  cls_pa=0.0000 cls_dac=0.0000 pa_joint_inv=0.0000 pa_kl=0.0000 dac_reg=0.0000 pa_reg=0.0000 gap_dac=0.0000 gap_pa=0.0000 cos_joint_pa=nan cos_imp_pa=nan
[LOSS-SAT]  cls_sat=0.0000 sat_cons=0.0000 sat_cos=nan
[LOSS-DG]   proto=0.0000 proto_cos=nan supcon=0.0000 fishr=0.0006 sgc_res=0.0015
[LOSS-CAL]  ecc=0.0000 ecc_w=0.0000 ecc_tau=0.6663 ecc_maxp=nan
[TRAIN] tx=95.59% dom=88.01% cons_cos=0.8532
[GRAD]  total=3.039 backbone=1.000 aux=0.750 domain=0.425
[VAL]   tx=98.90% dom=93.23%
[TEST]  overall_tx=89.91% (183419/204000)
[TEST-SPLIT]
          unseen_day_seen_rx(days=['2021_03_15', '2021_03_23'], rxs=[0, 1, 2, 3, 4, 5, 6]): tx=93.09% (78194/84000)
          seen_day_unseen_rx(days=['2021_03_01', '2021_03_08'], rxs=[7, 8, 9, 10, 11]): tx=89.54% (53726/60000)
          unseen_day_unseen_rx(days=['2021_03_15', '2021_03_23'], rxs=[7, 8, 9, 10, 11]): tx=85.83% (51499/60000)
          day=2021_03_15 on seen_rxs=[0, 1, 2, 3, 4, 5, 6]: tx=94.42% (39656/42000)
          day=2021_03_23 on seen_rxs=[0, 1, 2, 3, 4, 5, 6]: tx=91.76% (38538/42000)
          rx=7 on seen_days=['2021_03_01', '2021_03_08']: tx=85.27% (10232/12000)
          rx=8 on seen_days=['2021_03_01', '2021_03_08']: tx=87.04% (10445/12000)
          rx=9 on seen_days=['2021_03_01', '2021_03_08']: tx=89.70% (10764/12000)
          rx=10 on seen_days=['2021_03_01', '2021_03_08']: tx=91.47% (10976/12000)
          rx=11 on seen_days=['2021_03_01', '2021_03_08']: tx=94.24% (11309/12000)
[BEST-JOINT]  val_tx=98.90% & test_tx=89.85% @ E008
[CKPT]  latest -> finalist_runs/E1_residual_only_std/latest_model.pth (saved) | best -> finalist_runs/E1_residual_only_std/best_model_val.pth
====================================================================================================================================
[SAT-TEST] scenario=clear_leo selected=test_unseen_day_unseen_rx overall_tx=42.36% strict_udu=42.36% (25417/60000)
[SAT-TEST] scenario=low_elev_leo selected=test_unseen_day_unseen_rx overall_tx=41.65% strict_udu=41.65% (24991/60000)
[SAT-TEST] scenario=rain_leo selected=test_unseen_day_unseen_rx overall_tx=39.71% strict_udu=39.71% (23827/60000)
[SAT-TEST] scenario=storm_mp selected=test_unseen_day_unseen_rx overall_tx=35.84% strict_udu=35.84% (21503/60000)
[SAT-TEST] scenario=mixed_orbit selected=test_unseen_day_unseen_rx overall_tx=38.12% strict_udu=38.12% (22875/60000)
[BEST-TEST] overall=90.46% @ E005 -> finalist_runs/E1_residual_only_std/best_model_test_overall.pth | unseen_day_unseen_rx=86.53% @ E005 -> finalist_runs/E1_residual_only_std/best_model_strict_udu.pth | unseen_day_seen_rx=93.56% @ E008 | seen_day_unseen_rx=90.25% @ E005
[BEST-PRIMARY] score=87.91 @ E005 -> finalist_runs/E1_residual_only_std/best_model_primary_ood.pth | overall=90.46% strict_udu=86.53%
[BEST-WORST-RX] worst_rx=86.63% (test_rx_7) @ E002 -> finalist_runs/E1_residual_only_std/best_model_worst_rx.pth
====================================================================================================================================
[Epoch 011/060] time=80.8s | lr=4.60e-05 | aux_scale=0.533
[STAGE] phase=S1_core | use_aux=0.0 cons=0.00 cls_aux=0.00 reg=0.00 joint_inv=0.00 kl=0.00 group_ce=0.50
[MIXSTYLE-EPOCH] phase=base enabled=1 p=0.150 strength=0.650 anneal_t=0.000
[AUG] scale=0.214 | p_dac=0.000 p_pa=0.030 p_shift=0.075 p_cfo=0.075 p_awgn=0.086 p_mp=0.039 | max_shift=7 cfo_max=8.558e-05 pn_max=0.001284
------------------------------------------------------------------------------------------------------------------------------------
[LOSS-CORE] total=2.9963 cls=1.5212 dom=0.5239 adv=2.6224 orth=0.0028 cons=0.1852 group_ce=2.4989
[LOSS-AUX]  cls_pa=0.0000 cls_dac=0.0000 pa_joint_inv=0.0000 pa_kl=0.0000 dac_reg=0.0000 pa_reg=0.0000 gap_dac=0.0000 gap_pa=0.0000 cos_joint_pa=nan cos_imp_pa=nan
[LOSS-SAT]  cls_sat=0.0000 sat_cons=0.0000 sat_cos=nan
[LOSS-DG]   proto=0.0000 proto_cos=nan supcon=0.0000 fishr=0.0014 sgc_res=0.0011
[LOSS-CAL]  ecc=0.0000 ecc_w=0.0000 ecc_tau=0.6701 ecc_maxp=nan
[TRAIN] tx=87.77% dom=81.29% cons_cos=0.8148
[GRAD]  total=3.272 backbone=1.000 aux=0.750 domain=0.436
[VAL]   tx=98.97% dom=93.22%
[TEST]  overall_tx=89.86% (183309/204000)
[TEST-SPLIT]
          unseen_day_seen_rx(days=['2021_03_15', '2021_03_23'], rxs=[0, 1, 2, 3, 4, 5, 6]): tx=92.90% (78034/84000)
          seen_day_unseen_rx(days=['2021_03_01', '2021_03_08'], rxs=[7, 8, 9, 10, 11]): tx=89.79% (53872/60000)
          unseen_day_unseen_rx(days=['2021_03_15', '2021_03_23'], rxs=[7, 8, 9, 10, 11]): tx=85.67% (51403/60000)
          day=2021_03_15 on seen_rxs=[0, 1, 2, 3, 4, 5, 6]: tx=94.68% (39765/42000)
          day=2021_03_23 on seen_rxs=[0, 1, 2, 3, 4, 5, 6]: tx=91.12% (38269/42000)
          rx=7 on seen_days=['2021_03_01', '2021_03_08']: tx=85.39% (10247/12000)
          rx=8 on seen_days=['2021_03_01', '2021_03_08']: tx=86.12% (10334/12000)
          rx=9 on seen_days=['2021_03_01', '2021_03_08']: tx=90.18% (10822/12000)
          rx=10 on seen_days=['2021_03_01', '2021_03_08']: tx=92.22% (11067/12000)
          rx=11 on seen_days=['2021_03_01', '2021_03_08']: tx=95.02% (11402/12000)
[BEST-JOINT]  val_tx=98.97% & test_tx=89.86% @ E011
[CKPT]  latest -> finalist_runs/E1_residual_only_std/latest_model.pth (saved) | best -> finalist_runs/E1_residual_only_std/best_model_val.pth (updated: val improved)
====================================================================================================================================
[SAT-TEST] scenario=clear_leo selected=test_unseen_day_unseen_rx overall_tx=43.15% strict_udu=43.15% (25891/60000)
[SAT-TEST] scenario=low_elev_leo selected=test_unseen_day_unseen_rx overall_tx=42.77% strict_udu=42.77% (25660/60000)
[SAT-TEST] scenario=rain_leo selected=test_unseen_day_unseen_rx overall_tx=40.78% strict_udu=40.78% (24471/60000)
[SAT-TEST] scenario=storm_mp selected=test_unseen_day_unseen_rx overall_tx=36.13% strict_udu=36.13% (21678/60000)
[SAT-TEST] scenario=mixed_orbit selected=test_unseen_day_unseen_rx overall_tx=38.55% strict_udu=38.55% (23127/60000)
[BEST-TEST] overall=90.46% @ E005 -> finalist_runs/E1_residual_only_std/best_model_test_overall.pth | unseen_day_unseen_rx=86.53% @ E005 -> finalist_runs/E1_residual_only_std/best_model_strict_udu.pth | unseen_day_seen_rx=93.56% @ E008 | seen_day_unseen_rx=90.25% @ E005
[BEST-PRIMARY] score=87.91 @ E005 -> finalist_runs/E1_residual_only_std/best_model_primary_ood.pth | overall=90.46% strict_udu=86.53%
[BEST-WORST-RX] worst_rx=86.63% (test_rx_7) @ E002 -> finalist_runs/E1_residual_only_std/best_model_worst_rx.pth
====================================================================================================================================
[Epoch 012/060] time=80.3s | lr=4.53e-05 | aux_scale=0.600
[STAGE] phase=S1_core | use_aux=0.0 cons=0.00 cls_aux=0.00 reg=0.00 joint_inv=0.00 kl=0.00 group_ce=0.50
[MIXSTYLE-EPOCH] phase=base enabled=1 p=0.150 strength=0.650 anneal_t=0.000
[AUG] scale=0.232 | p_dac=0.000 p_pa=0.032 p_shift=0.081 p_cfo=0.081 p_awgn=0.093 p_mp=0.042 | max_shift=7 cfo_max=9.281e-05 pn_max=0.001392
------------------------------------------------------------------------------------------------------------------------------------
[LOSS-CORE] total=2.6381 cls=1.2342 dom=0.4747 adv=2.6225 orth=0.0026 cons=0.1646 group_ce=2.0606
[LOSS-AUX]  cls_pa=0.0000 cls_dac=0.0000 pa_joint_inv=0.0000 pa_kl=0.0000 dac_reg=0.0000 pa_reg=0.0000 gap_dac=0.0000 gap_pa=0.0000 cos_joint_pa=nan cos_imp_pa=nan
[LOSS-SAT]  cls_sat=0.0000 sat_cons=0.0000 sat_cos=nan
[LOSS-DG]   proto=0.0000 proto_cos=nan supcon=0.0000 fishr=0.0012 sgc_res=0.0008
[LOSS-CAL]  ecc=0.0000 ecc_w=0.0000 ecc_tau=0.6742 ecc_maxp=nan
[TRAIN] tx=89.66% dom=83.25% cons_cos=0.8354
[GRAD]  total=3.764 backbone=1.000 aux=0.750 domain=0.448
[VAL]   tx=98.77% dom=93.15%
[TEST]  overall_tx=88.66% (180872/204000)
[TEST-SPLIT]
          unseen_day_seen_rx(days=['2021_03_15', '2021_03_23'], rxs=[0, 1, 2, 3, 4, 5, 6]): tx=92.29% (77525/84000)
          seen_day_unseen_rx(days=['2021_03_01', '2021_03_08'], rxs=[7, 8, 9, 10, 11]): tx=87.66% (52597/60000)
          unseen_day_unseen_rx(days=['2021_03_15', '2021_03_23'], rxs=[7, 8, 9, 10, 11]): tx=84.58% (50750/60000)
          day=2021_03_15 on seen_rxs=[0, 1, 2, 3, 4, 5, 6]: tx=94.44% (39666/42000)
          day=2021_03_23 on seen_rxs=[0, 1, 2, 3, 4, 5, 6]: tx=90.14% (37859/42000)
          rx=7 on seen_days=['2021_03_01', '2021_03_08']: tx=82.54% (9905/12000)
          rx=8 on seen_days=['2021_03_01', '2021_03_08']: tx=86.48% (10378/12000)
          rx=9 on seen_days=['2021_03_01', '2021_03_08']: tx=88.93% (10672/12000)
          rx=10 on seen_days=['2021_03_01', '2021_03_08']: tx=88.17% (10581/12000)
          rx=11 on seen_days=['2021_03_01', '2021_03_08']: tx=92.17% (11061/12000)
[BEST-JOINT]  val_tx=98.97% & test_tx=89.86% @ E011
[CKPT]  latest -> finalist_runs/E1_residual_only_std/latest_model.pth (saved) | best -> finalist_runs/E1_residual_only_std/best_model_val.pth
====================================================================================================================================
[SAT-TEST] scenario=clear_leo selected=test_unseen_day_unseen_rx overall_tx=42.93% strict_udu=42.93% (25760/60000)
[SAT-TEST] scenario=low_elev_leo selected=test_unseen_day_unseen_rx overall_tx=42.95% strict_udu=42.95% (25770/60000)
[SAT-TEST] scenario=rain_leo selected=test_unseen_day_unseen_rx overall_tx=40.67% strict_udu=40.67% (24402/60000)
[SAT-TEST] scenario=storm_mp selected=test_unseen_day_unseen_rx overall_tx=35.67% strict_udu=35.67% (21403/60000)
[SAT-TEST] scenario=mixed_orbit selected=test_unseen_day_unseen_rx overall_tx=38.33% strict_udu=38.33% (22997/60000)
[BEST-TEST] overall=90.46% @ E005 -> finalist_runs/E1_residual_only_std/best_model_test_overall.pth | unseen_day_unseen_rx=86.53% @ E005 -> finalist_runs/E1_residual_only_std/best_model_strict_udu.pth | unseen_day_seen_rx=93.56% @ E008 | seen_day_unseen_rx=90.25% @ E005
[BEST-PRIMARY] score=87.91 @ E005 -> finalist_runs/E1_residual_only_std/best_model_primary_ood.pth | overall=90.46% strict_udu=86.53%
[BEST-WORST-RX] worst_rx=86.63% (test_rx_7) @ E002 -> finalist_runs/E1_residual_only_std/best_model_worst_rx.pth
====================================================================================================================================
[Epoch 013/060] time=80.3s | lr=4.45e-05 | aux_scale=0.667
[STAGE] phase=S1_core | use_aux=0.0 cons=0.00 cls_aux=0.00 reg=0.00 joint_inv=0.00 kl=0.00 group_ce=0.50
[MIXSTYLE-EPOCH] phase=base enabled=1 p=0.150 strength=0.650 anneal_t=0.000
[AUG] scale=0.251 | p_dac=0.000 p_pa=0.035 p_shift=0.088 p_cfo=0.088 p_awgn=0.100 p_mp=0.045 | max_shift=8 cfo_max=0.0001002 pn_max=0.001504
------------------------------------------------------------------------------------------------------------------------------------
[LOSS-CORE] total=2.4370 cls=1.0711 dom=0.4454 adv=2.6253 orth=0.0023 cons=0.1667 group_ce=1.8671
[LOSS-AUX]  cls_pa=0.0000 cls_dac=0.0000 pa_joint_inv=0.0000 pa_kl=0.0000 dac_reg=0.0000 pa_reg=0.0000 gap_dac=0.0000 gap_pa=0.0000 cos_joint_pa=nan cos_imp_pa=nan
[LOSS-SAT]  cls_sat=0.0000 sat_cons=0.0000 sat_cos=nan
[LOSS-DG]   proto=0.0000 proto_cos=nan supcon=0.0000 fishr=0.0010 sgc_res=0.0009
[LOSS-CAL]  ecc=0.0000 ecc_w=0.0000 ecc_tau=0.6786 ecc_maxp=nan
[TRAIN] tx=91.66% dom=84.36% cons_cos=0.8333
[GRAD]  total=2.931 backbone=0.995 aux=0.750 domain=0.441
[VAL]   tx=98.88% dom=93.34%
[TEST]  overall_tx=89.54% (182666/204000)
[TEST-SPLIT]
          unseen_day_seen_rx(days=['2021_03_15', '2021_03_23'], rxs=[0, 1, 2, 3, 4, 5, 6]): tx=93.18% (78268/84000)
          seen_day_unseen_rx(days=['2021_03_01', '2021_03_08'], rxs=[7, 8, 9, 10, 11]): tx=88.69% (53217/60000)
          unseen_day_unseen_rx(days=['2021_03_15', '2021_03_23'], rxs=[7, 8, 9, 10, 11]): tx=85.30% (51181/60000)
          day=2021_03_15 on seen_rxs=[0, 1, 2, 3, 4, 5, 6]: tx=95.63% (40165/42000)
          day=2021_03_23 on seen_rxs=[0, 1, 2, 3, 4, 5, 6]: tx=90.72% (38103/42000)
          rx=7 on seen_days=['2021_03_01', '2021_03_08']: tx=85.88% (10306/12000)
          rx=8 on seen_days=['2021_03_01', '2021_03_08']: tx=85.33% (10240/12000)
          rx=9 on seen_days=['2021_03_01', '2021_03_08']: tx=89.74% (10769/12000)
          rx=10 on seen_days=['2021_03_01', '2021_03_08']: tx=90.07% (10808/12000)
          rx=11 on seen_days=['2021_03_01', '2021_03_08']: tx=92.45% (11094/12000)
[BEST-JOINT]  val_tx=98.97% & test_tx=89.86% @ E011
[CKPT]  latest -> finalist_runs/E1_residual_only_std/latest_model.pth (saved) | best -> finalist_runs/E1_residual_only_std/best_model_val.pth
====================================================================================================================================
[SAT-TEST] scenario=clear_leo selected=test_unseen_day_unseen_rx overall_tx=43.67% strict_udu=43.67% (26201/60000)
[SAT-TEST] scenario=low_elev_leo selected=test_unseen_day_unseen_rx overall_tx=43.11% strict_udu=43.11% (25867/60000)
[SAT-TEST] scenario=rain_leo selected=test_unseen_day_unseen_rx overall_tx=40.90% strict_udu=40.90% (24537/60000)
[SAT-TEST] scenario=storm_mp selected=test_unseen_day_unseen_rx overall_tx=36.39% strict_udu=36.39% (21834/60000)
[SAT-TEST] scenario=mixed_orbit selected=test_unseen_day_unseen_rx overall_tx=39.21% strict_udu=39.21% (23526/60000)
[BEST-TEST] overall=90.46% @ E005 -> finalist_runs/E1_residual_only_std/best_model_test_overall.pth | unseen_day_unseen_rx=86.53% @ E005 -> finalist_runs/E1_residual_only_std/best_model_strict_udu.pth | unseen_day_seen_rx=93.56% @ E008 | seen_day_unseen_rx=90.25% @ E005
[BEST-PRIMARY] score=87.91 @ E005 -> finalist_runs/E1_residual_only_std/best_model_primary_ood.pth | overall=90.46% strict_udu=86.53%
[BEST-WORST-RX] worst_rx=86.63% (test_rx_7) @ E002 -> finalist_runs/E1_residual_only_std/best_model_worst_rx.pth
====================================================================================================================================
[Epoch 014/060] time=80.3s | lr=4.37e-05 | aux_scale=0.733
[STAGE] phase=S1_core | use_aux=0.0 cons=0.00 cls_aux=0.00 reg=0.00 joint_inv=0.00 kl=0.00 group_ce=0.50
[MIXSTYLE-EPOCH] phase=base enabled=1 p=0.150 strength=0.650 anneal_t=0.000
[AUG] scale=0.270 | p_dac=0.000 p_pa=0.038 p_shift=0.094 p_cfo=0.094 p_awgn=0.108 p_mp=0.049 | max_shift=9 cfo_max=0.0001079 pn_max=0.001618
------------------------------------------------------------------------------------------------------------------------------------
[LOSS-CORE] total=2.5784 cls=1.1935 dom=0.4573 adv=2.6238 orth=0.0025 cons=0.1689 group_ce=2.0196
[LOSS-AUX]  cls_pa=0.0000 cls_dac=0.0000 pa_joint_inv=0.0000 pa_kl=0.0000 dac_reg=0.0000 pa_reg=0.0000 gap_dac=0.0000 gap_pa=0.0000 cos_joint_pa=nan cos_imp_pa=nan
[LOSS-SAT]  cls_sat=0.0000 sat_cons=0.0000 sat_cos=nan
[LOSS-DG]   proto=0.0000 proto_cos=nan supcon=0.0000 fishr=0.0011 sgc_res=0.0007
[LOSS-CAL]  ecc=0.0000 ecc_w=0.0000 ecc_tau=0.6834 ecc_maxp=nan
[TRAIN] tx=91.06% dom=83.97% cons_cos=0.8311
[GRAD]  total=3.571 backbone=1.000 aux=0.750 domain=0.441
[VAL]   tx=98.96% dom=93.35%
[TEST]  overall_tx=89.90% (183393/204000)
[TEST-SPLIT]
          unseen_day_seen_rx(days=['2021_03_15', '2021_03_23'], rxs=[0, 1, 2, 3, 4, 5, 6]): tx=93.21% (78297/84000)
          seen_day_unseen_rx(days=['2021_03_01', '2021_03_08'], rxs=[7, 8, 9, 10, 11]): tx=89.61% (53767/60000)
          unseen_day_unseen_rx(days=['2021_03_15', '2021_03_23'], rxs=[7, 8, 9, 10, 11]): tx=85.55% (51329/60000)
          day=2021_03_15 on seen_rxs=[0, 1, 2, 3, 4, 5, 6]: tx=95.20% (39984/42000)
          day=2021_03_23 on seen_rxs=[0, 1, 2, 3, 4, 5, 6]: tx=91.22% (38313/42000)
          rx=7 on seen_days=['2021_03_01', '2021_03_08']: tx=85.00% (10200/12000)
          rx=8 on seen_days=['2021_03_01', '2021_03_08']: tx=87.17% (10461/12000)
          rx=9 on seen_days=['2021_03_01', '2021_03_08']: tx=90.03% (10804/12000)
          rx=10 on seen_days=['2021_03_01', '2021_03_08']: tx=89.92% (10790/12000)
          rx=11 on seen_days=['2021_03_01', '2021_03_08']: tx=95.93% (11512/12000)
[BEST-JOINT]  val_tx=98.97% & test_tx=89.86% @ E011
[CKPT]  latest -> finalist_runs/E1_residual_only_std/latest_model.pth (saved) | best -> finalist_runs/E1_residual_only_std/best_model_val.pth
====================================================================================================================================
[SAT-TEST] scenario=clear_leo selected=test_unseen_day_unseen_rx overall_tx=43.99% strict_udu=43.99% (26397/60000)
[SAT-TEST] scenario=low_elev_leo selected=test_unseen_day_unseen_rx overall_tx=43.87% strict_udu=43.87% (26322/60000)
[SAT-TEST] scenario=rain_leo selected=test_unseen_day_unseen_rx overall_tx=41.67% strict_udu=41.67% (25003/60000)
[SAT-TEST] scenario=storm_mp selected=test_unseen_day_unseen_rx overall_tx=36.61% strict_udu=36.61% (21968/60000)
[SAT-TEST] scenario=mixed_orbit selected=test_unseen_day_unseen_rx overall_tx=39.72% strict_udu=39.72% (23831/60000)
[BEST-TEST] overall=90.46% @ E005 -> finalist_runs/E1_residual_only_std/best_model_test_overall.pth | unseen_day_unseen_rx=86.53% @ E005 -> finalist_runs/E1_residual_only_std/best_model_strict_udu.pth | unseen_day_seen_rx=93.56% @ E008 | seen_day_unseen_rx=90.25% @ E005
[BEST-PRIMARY] score=87.91 @ E005 -> finalist_runs/E1_residual_only_std/best_model_primary_ood.pth | overall=90.46% strict_udu=86.53%
[BEST-WORST-RX] worst_rx=86.63% (test_rx_7) @ E002 -> finalist_runs/E1_residual_only_std/best_model_worst_rx.pth
====================================================================================================================================
[Epoch 015/060] time=79.8s | lr=4.28e-05 | aux_scale=0.800
[STAGE] phase=S1_core | use_aux=0.0 cons=0.00 cls_aux=0.00 reg=0.00 joint_inv=0.00 kl=0.00 group_ce=0.50
[MIXSTYLE-EPOCH] phase=base enabled=1 p=0.150 strength=0.650 anneal_t=0.000
[AUG] scale=0.289 | p_dac=0.000 p_pa=0.040 p_shift=0.101 p_cfo=0.101 p_awgn=0.116 p_mp=0.052 | max_shift=9 cfo_max=0.0001157 pn_max=0.001735
------------------------------------------------------------------------------------------------------------------------------------
[LOSS-CORE] total=2.9742 cls=1.4815 dom=0.5456 adv=2.6262 orth=0.0022 cons=0.1763 group_ce=2.3951
[LOSS-AUX]  cls_pa=0.0000 cls_dac=0.0000 pa_joint_inv=0.0000 pa_kl=0.0000 dac_reg=0.0000 pa_reg=0.0000 gap_dac=0.0000 gap_pa=0.0000 cos_joint_pa=nan cos_imp_pa=nan
[LOSS-SAT]  cls_sat=0.0000 sat_cons=0.0000 sat_cos=nan
[LOSS-DG]   proto=0.0000 proto_cos=nan supcon=0.0000 fishr=0.0013 sgc_res=0.0009
[LOSS-CAL]  ecc=0.0000 ecc_w=0.0000 ecc_tau=0.6885 ecc_maxp=nan
[TRAIN] tx=88.52% dom=81.15% cons_cos=0.8237
[GRAD]  total=4.306 backbone=1.000 aux=0.750 domain=0.444
[VAL]   tx=98.88% dom=93.30%
[TEST]  overall_tx=89.74% (183077/204000)
[TEST-SPLIT]
          unseen_day_seen_rx(days=['2021_03_15', '2021_03_23'], rxs=[0, 1, 2, 3, 4, 5, 6]): tx=93.09% (78199/84000)
          seen_day_unseen_rx(days=['2021_03_01', '2021_03_08'], rxs=[7, 8, 9, 10, 11]): tx=89.23% (53538/60000)
          unseen_day_unseen_rx(days=['2021_03_15', '2021_03_23'], rxs=[7, 8, 9, 10, 11]): tx=85.57% (51340/60000)
          day=2021_03_15 on seen_rxs=[0, 1, 2, 3, 4, 5, 6]: tx=95.69% (40189/42000)
          day=2021_03_23 on seen_rxs=[0, 1, 2, 3, 4, 5, 6]: tx=90.50% (38010/42000)
          rx=7 on seen_days=['2021_03_01', '2021_03_08']: tx=85.05% (10206/12000)
          rx=8 on seen_days=['2021_03_01', '2021_03_08']: tx=86.92% (10430/12000)
          rx=9 on seen_days=['2021_03_01', '2021_03_08']: tx=89.58% (10749/12000)
          rx=10 on seen_days=['2021_03_01', '2021_03_08']: tx=91.32% (10958/12000)
          rx=11 on seen_days=['2021_03_01', '2021_03_08']: tx=93.29% (11195/12000)
[BEST-JOINT]  val_tx=98.97% & test_tx=89.86% @ E011
[CKPT]  latest -> finalist_runs/E1_residual_only_std/latest_model.pth (saved) | best -> finalist_runs/E1_residual_only_std/best_model_val.pth
====================================================================================================================================
[SAT-TEST] scenario=clear_leo selected=test_unseen_day_unseen_rx overall_tx=43.76% strict_udu=43.76% (26258/60000)
[SAT-TEST] scenario=low_elev_leo selected=test_unseen_day_unseen_rx overall_tx=43.64% strict_udu=43.64% (26185/60000)
[SAT-TEST] scenario=rain_leo selected=test_unseen_day_unseen_rx overall_tx=41.53% strict_udu=41.53% (24916/60000)
[SAT-TEST] scenario=storm_mp selected=test_unseen_day_unseen_rx overall_tx=36.26% strict_udu=36.26% (21755/60000)
[SAT-TEST] scenario=mixed_orbit selected=test_unseen_day_unseen_rx overall_tx=39.52% strict_udu=39.52% (23710/60000)
[BEST-TEST] overall=90.46% @ E005 -> finalist_runs/E1_residual_only_std/best_model_test_overall.pth | unseen_day_unseen_rx=86.53% @ E005 -> finalist_runs/E1_residual_only_std/best_model_strict_udu.pth | unseen_day_seen_rx=93.56% @ E008 | seen_day_unseen_rx=90.25% @ E005
[BEST-PRIMARY] score=87.91 @ E005 -> finalist_runs/E1_residual_only_std/best_model_primary_ood.pth | overall=90.46% strict_udu=86.53%
[BEST-WORST-RX] worst_rx=86.63% (test_rx_7) @ E002 -> finalist_runs/E1_residual_only_std/best_model_worst_rx.pth
====================================================================================================================================
[Epoch 016/060] time=80.1s | lr=4.19e-05 | aux_scale=0.867
[STAGE] phase=S1_core | use_aux=0.0 cons=0.00 cls_aux=0.00 reg=0.00 joint_inv=0.00 kl=0.00 group_ce=0.50
[MIXSTYLE-EPOCH] phase=base enabled=1 p=0.150 strength=0.650 anneal_t=0.000
[AUG] scale=0.309 | p_dac=0.000 p_pa=0.043 p_shift=0.108 p_cfo=0.108 p_awgn=0.124 p_mp=0.056 | max_shift=10 cfo_max=0.0001236 pn_max=0.001854
------------------------------------------------------------------------------------------------------------------------------------
[LOSS-CORE] total=3.2642 cls=1.7213 dom=0.5742 adv=2.6185 orth=0.0022 cons=0.2002 group_ce=2.8751
[LOSS-AUX]  cls_pa=0.0000 cls_dac=0.0000 pa_joint_inv=0.0000 pa_kl=0.0000 dac_reg=0.0000 pa_reg=0.0000 gap_dac=0.0000 gap_pa=0.0000 cos_joint_pa=nan cos_imp_pa=nan
[LOSS-SAT]  cls_sat=0.0000 sat_cons=0.0000 sat_cos=nan
[LOSS-DG]   proto=0.0000 proto_cos=nan supcon=0.0000 fishr=0.0018 sgc_res=0.0014
[LOSS-CAL]  ecc=0.0000 ecc_w=0.0000 ecc_tau=0.6939 ecc_maxp=nan
[TRAIN] tx=86.15% dom=79.75% cons_cos=0.7998
[GRAD]  total=3.940 backbone=1.000 aux=0.750 domain=0.454
[VAL]   tx=98.79% dom=93.42%
[TEST]  overall_tx=88.97% (181496/204000)
[TEST-SPLIT]
          unseen_day_seen_rx(days=['2021_03_15', '2021_03_23'], rxs=[0, 1, 2, 3, 4, 5, 6]): tx=92.77% (77930/84000)
          seen_day_unseen_rx(days=['2021_03_01', '2021_03_08'], rxs=[7, 8, 9, 10, 11]): tx=87.85% (52709/60000)
          unseen_day_unseen_rx(days=['2021_03_15', '2021_03_23'], rxs=[7, 8, 9, 10, 11]): tx=84.76% (50857/60000)
          day=2021_03_15 on seen_rxs=[0, 1, 2, 3, 4, 5, 6]: tx=95.34% (40042/42000)
          day=2021_03_23 on seen_rxs=[0, 1, 2, 3, 4, 5, 6]: tx=90.21% (37888/42000)
          rx=7 on seen_days=['2021_03_01', '2021_03_08']: tx=82.26% (9871/12000)
          rx=8 on seen_days=['2021_03_01', '2021_03_08']: tx=85.62% (10275/12000)
          rx=9 on seen_days=['2021_03_01', '2021_03_08']: tx=88.20% (10584/12000)
          rx=10 on seen_days=['2021_03_01', '2021_03_08']: tx=91.80% (11016/12000)
          rx=11 on seen_days=['2021_03_01', '2021_03_08']: tx=91.36% (10963/12000)
[BEST-JOINT]  val_tx=98.97% & test_tx=89.86% @ E011
[CKPT]  latest -> finalist_runs/E1_residual_only_std/latest_model.pth (saved) | best -> finalist_runs/E1_residual_only_std/best_model_val.pth
====================================================================================================================================
[SAT-TEST] scenario=clear_leo selected=test_unseen_day_unseen_rx overall_tx=43.30% strict_udu=43.30% (25981/60000)
[SAT-TEST] scenario=low_elev_leo selected=test_unseen_day_unseen_rx overall_tx=43.87% strict_udu=43.87% (26321/60000)
[SAT-TEST] scenario=rain_leo selected=test_unseen_day_unseen_rx overall_tx=41.24% strict_udu=41.24% (24746/60000)
[SAT-TEST] scenario=storm_mp selected=test_unseen_day_unseen_rx overall_tx=35.91% strict_udu=35.91% (21546/60000)
[SAT-TEST] scenario=mixed_orbit selected=test_unseen_day_unseen_rx overall_tx=38.62% strict_udu=38.62% (23169/60000)
[BEST-TEST] overall=90.46% @ E005 -> finalist_runs/E1_residual_only_std/best_model_test_overall.pth | unseen_day_unseen_rx=86.53% @ E005 -> finalist_runs/E1_residual_only_std/best_model_strict_udu.pth | unseen_day_seen_rx=93.56% @ E008 | seen_day_unseen_rx=90.25% @ E005
[BEST-PRIMARY] score=87.91 @ E005 -> finalist_runs/E1_residual_only_std/best_model_primary_ood.pth | overall=90.46% strict_udu=86.53%
[BEST-WORST-RX] worst_rx=86.63% (test_rx_7) @ E002 -> finalist_runs/E1_residual_only_std/best_model_worst_rx.pth
====================================================================================================================================
[Epoch 017/060] time=84.5s | lr=4.09e-05 | aux_scale=0.933
[STAGE] phase=S2_stabilize_aux | use_aux=1.0 cons=0.20 cls_aux=0.15 reg=0.35 joint_inv=0.15 kl=0.15 group_ce=0.70
[MIXSTYLE-EPOCH] phase=base enabled=1 p=0.150 strength=0.650 anneal_t=0.000
[AUG] scale=0.329 | p_dac=0.000 p_pa=0.046 p_shift=0.115 p_cfo=0.115 p_awgn=0.132 p_mp=0.059 | max_shift=11 cfo_max=0.0001317 pn_max=0.001976
------------------------------------------------------------------------------------------------------------------------------------
[LOSS-CORE] total=3.1482 cls=1.5263 dom=0.5589 adv=2.6232 orth=0.0021 cons=0.1869 group_ce=2.5705
[LOSS-AUX]  cls_pa=1.6422 cls_dac=0.0000 pa_joint_inv=0.2466 pa_kl=1.4621 dac_reg=0.0000 pa_reg=0.0149 gap_dac=0.0000 gap_pa=0.2595 cos_joint_pa=0.7534 cos_imp_pa=nan
[LOSS-SAT]  cls_sat=0.0000 sat_cons=0.0000 sat_cos=nan
[LOSS-DG]   proto=0.0000 proto_cos=nan supcon=0.0000 fishr=0.0015 sgc_res=0.0016
[LOSS-CAL]  ecc=0.0000 ecc_w=0.0000 ecc_tau=0.6996 ecc_maxp=nan
[TRAIN] tx=88.53% dom=80.50% cons_cos=0.8131
[GRAD]  total=4.318 backbone=1.000 aux=0.750 domain=0.449
[VAL]   tx=98.91% dom=93.43%
[TEST]  overall_tx=89.92% (183442/204000)
[TEST-SPLIT]
          unseen_day_seen_rx(days=['2021_03_15', '2021_03_23'], rxs=[0, 1, 2, 3, 4, 5, 6]): tx=93.25% (78334/84000)
          seen_day_unseen_rx(days=['2021_03_01', '2021_03_08'], rxs=[7, 8, 9, 10, 11]): tx=89.29% (53574/60000)
          unseen_day_unseen_rx(days=['2021_03_15', '2021_03_23'], rxs=[7, 8, 9, 10, 11]): tx=85.89% (51534/60000)
          day=2021_03_15 on seen_rxs=[0, 1, 2, 3, 4, 5, 6]: tx=95.79% (40232/42000)
          day=2021_03_23 on seen_rxs=[0, 1, 2, 3, 4, 5, 6]: tx=90.72% (38102/42000)
          rx=7 on seen_days=['2021_03_01', '2021_03_08']: tx=82.65% (9918/12000)
          rx=8 on seen_days=['2021_03_01', '2021_03_08']: tx=86.97% (10437/12000)
          rx=9 on seen_days=['2021_03_01', '2021_03_08']: tx=89.58% (10749/12000)
          rx=10 on seen_days=['2021_03_01', '2021_03_08']: tx=92.01% (11041/12000)
          rx=11 on seen_days=['2021_03_01', '2021_03_08']: tx=95.24% (11429/12000)
[BEST-JOINT]  val_tx=98.97% & test_tx=89.86% @ E011
[CKPT]  latest -> finalist_runs/E1_residual_only_std/latest_model.pth (saved) | best -> finalist_runs/E1_residual_only_std/best_model_val.pth
====================================================================================================================================
[SAT-TEST] scenario=clear_leo selected=test_unseen_day_unseen_rx overall_tx=44.10% strict_udu=44.10% (26462/60000)
[SAT-TEST] scenario=low_elev_leo selected=test_unseen_day_unseen_rx overall_tx=44.03% strict_udu=44.03% (26417/60000)
[SAT-TEST] scenario=rain_leo selected=test_unseen_day_unseen_rx overall_tx=41.74% strict_udu=41.74% (25047/60000)
[SAT-TEST] scenario=storm_mp selected=test_unseen_day_unseen_rx overall_tx=36.17% strict_udu=36.17% (21705/60000)
[SAT-TEST] scenario=mixed_orbit selected=test_unseen_day_unseen_rx overall_tx=39.60% strict_udu=39.60% (23758/60000)
[BEST-TEST] overall=90.46% @ E005 -> finalist_runs/E1_residual_only_std/best_model_test_overall.pth | unseen_day_unseen_rx=86.53% @ E005 -> finalist_runs/E1_residual_only_std/best_model_strict_udu.pth | unseen_day_seen_rx=93.56% @ E008 | seen_day_unseen_rx=90.25% @ E005
[BEST-PRIMARY] score=87.91 @ E005 -> finalist_runs/E1_residual_only_std/best_model_primary_ood.pth | overall=90.46% strict_udu=86.53%
[BEST-WORST-RX] worst_rx=86.63% (test_rx_7) @ E002 -> finalist_runs/E1_residual_only_std/best_model_worst_rx.pth
====================================================================================================================================
[Epoch 018/060] time=85.1s | lr=3.99e-05 | aux_scale=1.000
[STAGE] phase=S2_stabilize_aux | use_aux=1.0 cons=0.20 cls_aux=0.15 reg=0.35 joint_inv=0.15 kl=0.15 group_ce=0.70
[MIXSTYLE-EPOCH] phase=base enabled=1 p=0.150 strength=0.650 anneal_t=0.000
[AUG] scale=0.350 | p_dac=0.000 p_pa=0.049 p_shift=0.122 p_cfo=0.122 p_awgn=0.140 p_mp=0.063 | max_shift=11 cfo_max=0.00014 pn_max=0.0021
------------------------------------------------------------------------------------------------------------------------------------
[LOSS-CORE] total=3.4895 cls=1.7932 dom=0.5982 adv=2.6212 orth=0.0019 cons=0.1992 group_ce=2.9455
[LOSS-AUX]  cls_pa=1.7333 cls_dac=0.0000 pa_joint_inv=0.2522 pa_kl=1.5510 dac_reg=0.0000 pa_reg=0.0145 gap_dac=0.0000 gap_pa=0.2661 cos_joint_pa=0.7478 cos_imp_pa=nan
[LOSS-SAT]  cls_sat=0.0000 sat_cons=0.0000 sat_cos=nan
[LOSS-DG]   proto=0.0000 proto_cos=nan supcon=0.0000 fishr=0.0018 sgc_res=0.0020
[LOSS-CAL]  ecc=0.0000 ecc_w=0.0000 ecc_tau=0.7056 ecc_maxp=nan
[TRAIN] tx=85.64% dom=79.27% cons_cos=0.8008
[GRAD]  total=4.212 backbone=1.000 aux=0.750 domain=0.465
[VAL]   tx=98.81% dom=93.29%
[TEST]  overall_tx=88.49% (180521/204000)
[TEST-SPLIT]
          unseen_day_seen_rx(days=['2021_03_15', '2021_03_23'], rxs=[0, 1, 2, 3, 4, 5, 6]): tx=92.52% (77714/84000)
          seen_day_unseen_rx(days=['2021_03_01', '2021_03_08'], rxs=[7, 8, 9, 10, 11]): tx=87.27% (52360/60000)
          unseen_day_unseen_rx(days=['2021_03_15', '2021_03_23'], rxs=[7, 8, 9, 10, 11]): tx=84.08% (50447/60000)
          day=2021_03_15 on seen_rxs=[0, 1, 2, 3, 4, 5, 6]: tx=94.55% (39713/42000)
          day=2021_03_23 on seen_rxs=[0, 1, 2, 3, 4, 5, 6]: tx=90.48% (38001/42000)
          rx=7 on seen_days=['2021_03_01', '2021_03_08']: tx=80.42% (9651/12000)
          rx=8 on seen_days=['2021_03_01', '2021_03_08']: tx=85.27% (10232/12000)
          rx=9 on seen_days=['2021_03_01', '2021_03_08']: tx=88.34% (10601/12000)
          rx=10 on seen_days=['2021_03_01', '2021_03_08']: tx=90.20% (10824/12000)
          rx=11 on seen_days=['2021_03_01', '2021_03_08']: tx=92.10% (11052/12000)
[BEST-JOINT]  val_tx=98.97% & test_tx=89.86% @ E011
[CKPT]  latest -> finalist_runs/E1_residual_only_std/latest_model.pth (saved) | best -> finalist_runs/E1_residual_only_std/best_model_val.pth
====================================================================================================================================
[SAT-TEST] scenario=clear_leo selected=test_unseen_day_unseen_rx overall_tx=42.59% strict_udu=42.59% (25553/60000)
[SAT-TEST] scenario=low_elev_leo selected=test_unseen_day_unseen_rx overall_tx=42.38% strict_udu=42.38% (25429/60000)
[SAT-TEST] scenario=rain_leo selected=test_unseen_day_unseen_rx overall_tx=40.03% strict_udu=40.03% (24020/60000)
[SAT-TEST] scenario=storm_mp selected=test_unseen_day_unseen_rx overall_tx=35.45% strict_udu=35.45% (21268/60000)
[SAT-TEST] scenario=mixed_orbit selected=test_unseen_day_unseen_rx overall_tx=38.27% strict_udu=38.27% (22963/60000)
[BEST-TEST] overall=90.46% @ E005 -> finalist_runs/E1_residual_only_std/best_model_test_overall.pth | unseen_day_unseen_rx=86.53% @ E005 -> finalist_runs/E1_residual_only_std/best_model_strict_udu.pth | unseen_day_seen_rx=93.56% @ E008 | seen_day_unseen_rx=90.25% @ E005
[BEST-PRIMARY] score=87.91 @ E005 -> finalist_runs/E1_residual_only_std/best_model_primary_ood.pth | overall=90.46% strict_udu=86.53%
[BEST-WORST-RX] worst_rx=86.63% (test_rx_7) @ E002 -> finalist_runs/E1_residual_only_std/best_model_worst_rx.pth
[WARN][E019] unsafe backward/step skipped #7
====================================================================================================================================
[Epoch 019/060] time=83.9s | lr=3.88e-05 | aux_scale=1.000
[STAGE] phase=S2_stabilize_aux | use_aux=1.0 cons=0.21 cls_aux=0.16 reg=0.35 joint_inv=0.15 kl=0.15 group_ce=0.70
[MIXSTYLE-EPOCH] phase=base enabled=1 p=0.150 strength=0.650 anneal_t=0.000
[AUG] scale=0.350 | p_dac=0.000 p_pa=0.049 p_shift=0.122 p_cfo=0.122 p_awgn=0.140 p_mp=0.063 | max_shift=11 cfo_max=0.00014 pn_max=0.0021
------------------------------------------------------------------------------------------------------------------------------------
[LOSS-CORE] total=3.7291 cls=1.9818 dom=0.6321 adv=2.6284 orth=0.0020 cons=0.1932 group_ce=3.1057
[LOSS-AUX]  cls_pa=1.7367 cls_dac=0.0000 pa_joint_inv=0.2494 pa_kl=1.5523 dac_reg=0.0000 pa_reg=0.0148 gap_dac=0.0000 gap_pa=0.2650 cos_joint_pa=0.7506 cos_imp_pa=nan
[LOSS-SAT]  cls_sat=0.0000 sat_cons=0.0000 sat_cos=nan
[LOSS-DG]   proto=0.0000 proto_cos=nan supcon=0.0000 fishr=0.0018 sgc_res=0.0024
[LOSS-CAL]  ecc=0.0000 ecc_w=0.0000 ecc_tau=0.7118 ecc_maxp=nan
[TRAIN] tx=84.42% dom=77.81% cons_cos=0.8044
[GRAD]  total=4.508 backbone=1.000 aux=0.750 domain=0.447
[VAL]   tx=98.86% dom=93.15%
[TEST]  overall_tx=89.20% (181963/204000)
[TEST-SPLIT]
          unseen_day_seen_rx(days=['2021_03_15', '2021_03_23'], rxs=[0, 1, 2, 3, 4, 5, 6]): tx=92.86% (78002/84000)
          seen_day_unseen_rx(days=['2021_03_01', '2021_03_08'], rxs=[7, 8, 9, 10, 11]): tx=88.45% (53071/60000)
          unseen_day_unseen_rx(days=['2021_03_15', '2021_03_23'], rxs=[7, 8, 9, 10, 11]): tx=84.82% (50890/60000)
          day=2021_03_15 on seen_rxs=[0, 1, 2, 3, 4, 5, 6]: tx=95.34% (40043/42000)
          day=2021_03_23 on seen_rxs=[0, 1, 2, 3, 4, 5, 6]: tx=90.38% (37959/42000)
          rx=7 on seen_days=['2021_03_01', '2021_03_08']: tx=82.58% (9909/12000)
          rx=8 on seen_days=['2021_03_01', '2021_03_08']: tx=85.95% (10314/12000)
          rx=9 on seen_days=['2021_03_01', '2021_03_08']: tx=89.17% (10701/12000)
          rx=10 on seen_days=['2021_03_01', '2021_03_08']: tx=91.95% (11034/12000)
          rx=11 on seen_days=['2021_03_01', '2021_03_08']: tx=92.61% (11113/12000)
[BEST-JOINT]  val_tx=98.97% & test_tx=89.86% @ E011
[CKPT]  latest -> finalist_runs/E1_residual_only_std/latest_model.pth (saved) | best -> finalist_runs/E1_residual_only_std/best_model_val.pth
====================================================================================================================================
[SAT-TEST] scenario=clear_leo selected=test_unseen_day_unseen_rx overall_tx=43.40% strict_udu=43.40% (26038/60000)
[SAT-TEST] scenario=low_elev_leo selected=test_unseen_day_unseen_rx overall_tx=43.47% strict_udu=43.47% (26080/60000)
[SAT-TEST] scenario=rain_leo selected=test_unseen_day_unseen_rx overall_tx=41.00% strict_udu=41.00% (24598/60000)
[SAT-TEST] scenario=storm_mp selected=test_unseen_day_unseen_rx overall_tx=35.62% strict_udu=35.62% (21374/60000)
[SAT-TEST] scenario=mixed_orbit selected=test_unseen_day_unseen_rx overall_tx=38.52% strict_udu=38.52% (23115/60000)
[BEST-TEST] overall=90.46% @ E005 -> finalist_runs/E1_residual_only_std/best_model_test_overall.pth | unseen_day_unseen_rx=86.53% @ E005 -> finalist_runs/E1_residual_only_std/best_model_strict_udu.pth | unseen_day_seen_rx=93.56% @ E008 | seen_day_unseen_rx=90.25% @ E005
[BEST-PRIMARY] score=87.91 @ E005 -> finalist_runs/E1_residual_only_std/best_model_primary_ood.pth | overall=90.46% strict_udu=86.53%
[BEST-WORST-RX] worst_rx=86.63% (test_rx_7) @ E002 -> finalist_runs/E1_residual_only_std/best_model_worst_rx.pth
====================================================================================================================================
[Epoch 020/060] time=89.6s | lr=3.77e-05 | aux_scale=1.000
[STAGE] phase=S2_stabilize_aux | use_aux=1.0 cons=0.21 cls_aux=0.16 reg=0.36 joint_inv=0.15 kl=0.16 group_ce=0.71
[MIXSTYLE-EPOCH] phase=base enabled=1 p=0.150 strength=0.650 anneal_t=0.000
[AUG] scale=0.350 | p_dac=0.000 p_pa=0.049 p_shift=0.122 p_cfo=0.122 p_awgn=0.140 p_mp=0.063 | max_shift=11 cfo_max=0.00014 pn_max=0.0021
------------------------------------------------------------------------------------------------------------------------------------
[LOSS-CORE] total=3.8930 cls=1.5080 dom=0.5091 adv=2.6179 orth=0.0017 cons=0.1948 group_ce=2.6185
[LOSS-AUX]  cls_pa=1.6236 cls_dac=0.0000 pa_joint_inv=0.2527 pa_kl=1.4507 dac_reg=0.0000 pa_reg=0.0145 gap_dac=0.0000 gap_pa=0.2607 cos_joint_pa=0.7473 cos_imp_pa=nan
[LOSS-SAT]  cls_sat=9.5991 sat_cons=0.7393 sat_cos=0.2607
[LOSS-DG]   proto=0.0000 proto_cos=nan supcon=0.0000 fishr=0.0016 sgc_res=0.0027
[LOSS-CAL]  ecc=0.0000 ecc_w=0.0000 ecc_tau=0.7183 ecc_maxp=nan
[TRAIN] tx=87.93% dom=81.32% cons_cos=0.8052
[GRAD]  total=4.321 backbone=1.000 aux=0.750 domain=0.449
[VAL]   tx=98.81% dom=93.29%
[TEST]  overall_tx=88.82% (181192/204000)
[TEST-SPLIT]
          unseen_day_seen_rx(days=['2021_03_15', '2021_03_23'], rxs=[0, 1, 2, 3, 4, 5, 6]): tx=92.74% (77904/84000)
          seen_day_unseen_rx(days=['2021_03_01', '2021_03_08'], rxs=[7, 8, 9, 10, 11]): tx=87.94% (52763/60000)
          unseen_day_unseen_rx(days=['2021_03_15', '2021_03_23'], rxs=[7, 8, 9, 10, 11]): tx=84.21% (50525/60000)
          day=2021_03_15 on seen_rxs=[0, 1, 2, 3, 4, 5, 6]: tx=95.24% (40001/42000)
          day=2021_03_23 on seen_rxs=[0, 1, 2, 3, 4, 5, 6]: tx=90.25% (37903/42000)
          rx=7 on seen_days=['2021_03_01', '2021_03_08']: tx=83.17% (9980/12000)
          rx=8 on seen_days=['2021_03_01', '2021_03_08']: tx=84.93% (10192/12000)
          rx=9 on seen_days=['2021_03_01', '2021_03_08']: tx=88.77% (10652/12000)
          rx=10 on seen_days=['2021_03_01', '2021_03_08']: tx=92.20% (11064/12000)
          rx=11 on seen_days=['2021_03_01', '2021_03_08']: tx=90.62% (10875/12000)
[BEST-JOINT]  val_tx=98.97% & test_tx=89.86% @ E011
[CKPT]  latest -> finalist_runs/E1_residual_only_std/latest_model.pth (saved) | best -> finalist_runs/E1_residual_only_std/best_model_val.pth
====================================================================================================================================
[SAT-TEST] scenario=clear_leo selected=test_unseen_day_unseen_rx overall_tx=44.22% strict_udu=44.22% (26532/60000)
[SAT-TEST] scenario=low_elev_leo selected=test_unseen_day_unseen_rx overall_tx=44.20% strict_udu=44.20% (26522/60000)
[SAT-TEST] scenario=rain_leo selected=test_unseen_day_unseen_rx overall_tx=42.29% strict_udu=42.29% (25374/60000)
[SAT-TEST] scenario=storm_mp selected=test_unseen_day_unseen_rx overall_tx=36.57% strict_udu=36.57% (21940/60000)
[SAT-TEST] scenario=mixed_orbit selected=test_unseen_day_unseen_rx overall_tx=39.02% strict_udu=39.02% (23410/60000)
[BEST-TEST] overall=90.46% @ E005 -> finalist_runs/E1_residual_only_std/best_model_test_overall.pth | unseen_day_unseen_rx=86.53% @ E005 -> finalist_runs/E1_residual_only_std/best_model_strict_udu.pth | unseen_day_seen_rx=93.56% @ E008 | seen_day_unseen_rx=90.25% @ E005
[BEST-PRIMARY] score=87.91 @ E005 -> finalist_runs/E1_residual_only_std/best_model_primary_ood.pth | overall=90.46% strict_udu=86.53%
[BEST-WORST-RX] worst_rx=86.63% (test_rx_7) @ E002 -> finalist_runs/E1_residual_only_std/best_model_worst_rx.pth
====================================================================================================================================
[Epoch 021/060] time=89.1s | lr=3.66e-05 | aux_scale=1.000
[STAGE] phase=S2_stabilize_aux | use_aux=1.0 cons=0.21 cls_aux=0.16 reg=0.36 joint_inv=0.16 kl=0.16 group_ce=0.71
[MIXSTYLE-EPOCH] phase=base enabled=1 p=0.150 strength=0.650 anneal_t=0.000
[AUG] scale=0.350 | p_dac=0.000 p_pa=0.049 p_shift=0.122 p_cfo=0.122 p_awgn=0.140 p_mp=0.063 | max_shift=11 cfo_max=0.00014 pn_max=0.0021
------------------------------------------------------------------------------------------------------------------------------------
[LOSS-CORE] total=3.5110 cls=1.1911 dom=0.4757 adv=2.6231 orth=0.0020 cons=0.1701 group_ce=2.0472
[LOSS-AUX]  cls_pa=1.6009 cls_dac=0.0000 pa_joint_inv=0.2446 pa_kl=1.4233 dac_reg=0.0000 pa_reg=0.0146 gap_dac=0.0000 gap_pa=0.2584 cos_joint_pa=0.7554 cos_imp_pa=nan
[LOSS-SAT]  cls_sat=9.6343 sat_cons=0.7466 sat_cos=0.2534
[LOSS-DG]   proto=0.0000 proto_cos=nan supcon=0.0000 fishr=0.0011 sgc_res=0.0023
[LOSS-CAL]  ecc=0.0000 ecc_w=0.0000 ecc_tau=0.7250 ecc_maxp=nan
[TRAIN] tx=90.20% dom=83.08% cons_cos=0.8299
[GRAD]  total=3.608 backbone=1.000 aux=0.750 domain=0.453
[VAL]   tx=98.82% dom=93.12%
[TEST]  overall_tx=89.17% (181902/204000)
[TEST-SPLIT]
          unseen_day_seen_rx(days=['2021_03_15', '2021_03_23'], rxs=[0, 1, 2, 3, 4, 5, 6]): tx=92.85% (77996/84000)
          seen_day_unseen_rx(days=['2021_03_01', '2021_03_08'], rxs=[7, 8, 9, 10, 11]): tx=88.30% (52981/60000)
          unseen_day_unseen_rx(days=['2021_03_15', '2021_03_23'], rxs=[7, 8, 9, 10, 11]): tx=84.88% (50925/60000)
          day=2021_03_15 on seen_rxs=[0, 1, 2, 3, 4, 5, 6]: tx=95.32% (40035/42000)
          day=2021_03_23 on seen_rxs=[0, 1, 2, 3, 4, 5, 6]: tx=90.38% (37961/42000)
          rx=7 on seen_days=['2021_03_01', '2021_03_08']: tx=83.83% (10059/12000)
          rx=8 on seen_days=['2021_03_01', '2021_03_08']: tx=86.17% (10341/12000)
          rx=9 on seen_days=['2021_03_01', '2021_03_08']: tx=88.81% (10657/12000)
          rx=10 on seen_days=['2021_03_01', '2021_03_08']: tx=91.17% (10941/12000)
          rx=11 on seen_days=['2021_03_01', '2021_03_08']: tx=91.53% (10983/12000)
[BEST-JOINT]  val_tx=98.97% & test_tx=89.86% @ E011
[CKPT]  latest -> finalist_runs/E1_residual_only_std/latest_model.pth (saved) | best -> finalist_runs/E1_residual_only_std/best_model_val.pth
====================================================================================================================================
[SAT-TEST] scenario=clear_leo selected=test_unseen_day_unseen_rx overall_tx=43.38% strict_udu=43.38% (26028/60000)
[SAT-TEST] scenario=low_elev_leo selected=test_unseen_day_unseen_rx overall_tx=43.02% strict_udu=43.02% (25814/60000)
[SAT-TEST] scenario=rain_leo selected=test_unseen_day_unseen_rx overall_tx=40.90% strict_udu=40.90% (24540/60000)
[SAT-TEST] scenario=storm_mp selected=test_unseen_day_unseen_rx overall_tx=36.34% strict_udu=36.34% (21805/60000)
[SAT-TEST] scenario=mixed_orbit selected=test_unseen_day_unseen_rx overall_tx=38.80% strict_udu=38.80% (23281/60000)
[BEST-TEST] overall=90.46% @ E005 -> finalist_runs/E1_residual_only_std/best_model_test_overall.pth | unseen_day_unseen_rx=86.53% @ E005 -> finalist_runs/E1_residual_only_std/best_model_strict_udu.pth | unseen_day_seen_rx=93.56% @ E008 | seen_day_unseen_rx=90.25% @ E005
[BEST-PRIMARY] score=87.91 @ E005 -> finalist_runs/E1_residual_only_std/best_model_primary_ood.pth | overall=90.46% strict_udu=86.53%
[BEST-WORST-RX] worst_rx=86.63% (test_rx_7) @ E002 -> finalist_runs/E1_residual_only_std/best_model_worst_rx.pth
====================================================================================================================================
[Epoch 022/060] time=89.7s | lr=3.55e-05 | aux_scale=1.000
[STAGE] phase=S2_stabilize_aux | use_aux=1.0 cons=0.22 cls_aux=0.17 reg=0.37 joint_inv=0.16 kl=0.16 group_ce=0.71
[MIXSTYLE-EPOCH] phase=base enabled=1 p=0.150 strength=0.650 anneal_t=0.000
[AUG] scale=0.350 | p_dac=0.000 p_pa=0.049 p_shift=0.122 p_cfo=0.122 p_awgn=0.140 p_mp=0.063 | max_shift=11 cfo_max=0.00014 pn_max=0.0021
------------------------------------------------------------------------------------------------------------------------------------
[LOSS-CORE] total=3.8599 cls=1.4728 dom=0.5119 adv=2.6208 orth=0.0022 cons=0.1842 group_ce=2.4841
[LOSS-AUX]  cls_pa=1.5314 cls_dac=0.0000 pa_joint_inv=0.2427 pa_kl=1.3471 dac_reg=0.0000 pa_reg=0.0151 gap_dac=0.0000 gap_pa=0.2612 cos_joint_pa=0.7573 cos_imp_pa=nan
[LOSS-SAT]  cls_sat=9.5955 sat_cons=0.7493 sat_cos=0.2507
[LOSS-DG]   proto=0.0000 proto_cos=nan supcon=0.0000 fishr=0.0014 sgc_res=0.0025
[LOSS-CAL]  ecc=0.0000 ecc_w=0.0000 ecc_tau=0.7319 ecc_maxp=nan
[TRAIN] tx=88.49% dom=81.78% cons_cos=0.8158
[GRAD]  total=3.738 backbone=1.000 aux=0.750 domain=0.438
[VAL]   tx=98.84% dom=93.23%
[TEST]  overall_tx=88.89% (181344/204000)
[TEST-SPLIT]
          unseen_day_seen_rx(days=['2021_03_15', '2021_03_23'], rxs=[0, 1, 2, 3, 4, 5, 6]): tx=92.65% (77829/84000)
          seen_day_unseen_rx(days=['2021_03_01', '2021_03_08'], rxs=[7, 8, 9, 10, 11]): tx=88.20% (52923/60000)
          unseen_day_unseen_rx(days=['2021_03_15', '2021_03_23'], rxs=[7, 8, 9, 10, 11]): tx=84.32% (50592/60000)
          day=2021_03_15 on seen_rxs=[0, 1, 2, 3, 4, 5, 6]: tx=94.67% (39760/42000)
          day=2021_03_23 on seen_rxs=[0, 1, 2, 3, 4, 5, 6]: tx=90.64% (38069/42000)
          rx=7 on seen_days=['2021_03_01', '2021_03_08']: tx=83.12% (9974/12000)
          rx=8 on seen_days=['2021_03_01', '2021_03_08']: tx=84.49% (10139/12000)
          rx=9 on seen_days=['2021_03_01', '2021_03_08']: tx=88.70% (10644/12000)
          rx=10 on seen_days=['2021_03_01', '2021_03_08']: tx=92.49% (11099/12000)
          rx=11 on seen_days=['2021_03_01', '2021_03_08']: tx=92.22% (11067/12000)
[BEST-JOINT]  val_tx=98.97% & test_tx=89.86% @ E011
[CKPT]  latest -> finalist_runs/E1_residual_only_std/latest_model.pth (saved) | best -> finalist_runs/E1_residual_only_std/best_model_val.pth
====================================================================================================================================
[SAT-TEST] scenario=clear_leo selected=test_unseen_day_unseen_rx overall_tx=43.34% strict_udu=43.34% (26005/60000)
[SAT-TEST] scenario=low_elev_leo selected=test_unseen_day_unseen_rx overall_tx=43.30% strict_udu=43.30% (25980/60000)
[SAT-TEST] scenario=rain_leo selected=test_unseen_day_unseen_rx overall_tx=41.28% strict_udu=41.28% (24771/60000)
[SAT-TEST] scenario=storm_mp selected=test_unseen_day_unseen_rx overall_tx=36.34% strict_udu=36.34% (21806/60000)
[SAT-TEST] scenario=mixed_orbit selected=test_unseen_day_unseen_rx overall_tx=38.67% strict_udu=38.67% (23203/60000)
[BEST-TEST] overall=90.46% @ E005 -> finalist_runs/E1_residual_only_std/best_model_test_overall.pth | unseen_day_unseen_rx=86.53% @ E005 -> finalist_runs/E1_residual_only_std/best_model_strict_udu.pth | unseen_day_seen_rx=93.56% @ E008 | seen_day_unseen_rx=90.25% @ E005
[BEST-PRIMARY] score=87.91 @ E005 -> finalist_runs/E1_residual_only_std/best_model_primary_ood.pth | overall=90.46% strict_udu=86.53%
[BEST-WORST-RX] worst_rx=86.63% (test_rx_7) @ E002 -> finalist_runs/E1_residual_only_std/best_model_worst_rx.pth
====================================================================================================================================
[Epoch 023/060] time=89.0s | lr=3.43e-05 | aux_scale=1.000
[STAGE] phase=S2_stabilize_aux | use_aux=1.0 cons=0.23 cls_aux=0.18 reg=0.37 joint_inv=0.16 kl=0.17 group_ce=0.71
[MIXSTYLE-EPOCH] phase=base enabled=1 p=0.150 strength=0.650 anneal_t=0.000
[AUG] scale=0.350 | p_dac=0.000 p_pa=0.049 p_shift=0.122 p_cfo=0.122 p_awgn=0.140 p_mp=0.063 | max_shift=11 cfo_max=0.00014 pn_max=0.0021
------------------------------------------------------------------------------------------------------------------------------------
[LOSS-CORE] total=4.0975 cls=1.6416 dom=0.5544 adv=2.6202 orth=0.0020 cons=0.1969 group_ce=2.7071
[LOSS-AUX]  cls_pa=1.6128 cls_dac=0.0000 pa_joint_inv=0.2479 pa_kl=1.4345 dac_reg=0.0000 pa_reg=0.0146 gap_dac=0.0000 gap_pa=0.2622 cos_joint_pa=0.7521 cos_imp_pa=nan
[LOSS-SAT]  cls_sat=9.6057 sat_cons=0.7371 sat_cos=0.2629
[LOSS-DG]   proto=0.0000 proto_cos=nan supcon=0.0000 fishr=0.0015 sgc_res=0.0027
[LOSS-CAL]  ecc=0.0000 ecc_w=0.0000 ecc_tau=0.7390 ecc_maxp=nan
[TRAIN] tx=86.36% dom=80.10% cons_cos=0.8031
[GRAD]  total=4.012 backbone=1.000 aux=0.750 domain=0.444
[VAL]   tx=98.83% dom=93.05%
[TEST]  overall_tx=88.92% (181405/204000)
[TEST-SPLIT]
          unseen_day_seen_rx(days=['2021_03_15', '2021_03_23'], rxs=[0, 1, 2, 3, 4, 5, 6]): tx=92.54% (77730/84000)
          seen_day_unseen_rx(days=['2021_03_01', '2021_03_08'], rxs=[7, 8, 9, 10, 11]): tx=87.91% (52746/60000)
          unseen_day_unseen_rx(days=['2021_03_15', '2021_03_23'], rxs=[7, 8, 9, 10, 11]): tx=84.88% (50929/60000)
          day=2021_03_15 on seen_rxs=[0, 1, 2, 3, 4, 5, 6]: tx=95.06% (39926/42000)
          day=2021_03_23 on seen_rxs=[0, 1, 2, 3, 4, 5, 6]: tx=90.01% (37804/42000)
          rx=7 on seen_days=['2021_03_01', '2021_03_08']: tx=82.66% (9919/12000)
          rx=8 on seen_days=['2021_03_01', '2021_03_08']: tx=84.08% (10089/12000)
          rx=9 on seen_days=['2021_03_01', '2021_03_08']: tx=88.96% (10675/12000)
          rx=10 on seen_days=['2021_03_01', '2021_03_08']: tx=91.31% (10957/12000)
          rx=11 on seen_days=['2021_03_01', '2021_03_08']: tx=92.55% (11106/12000)
[BEST-JOINT]  val_tx=98.97% & test_tx=89.86% @ E011
[CKPT]  latest -> finalist_runs/E1_residual_only_std/latest_model.pth (saved) | best -> finalist_runs/E1_residual_only_std/best_model_val.pth
====================================================================================================================================
[SAT-TEST] scenario=clear_leo selected=test_unseen_day_unseen_rx overall_tx=43.35% strict_udu=43.35% (26012/60000)
[SAT-TEST] scenario=low_elev_leo selected=test_unseen_day_unseen_rx overall_tx=43.23% strict_udu=43.23% (25940/60000)
[SAT-TEST] scenario=rain_leo selected=test_unseen_day_unseen_rx overall_tx=41.25% strict_udu=41.25% (24752/60000)
[SAT-TEST] scenario=storm_mp selected=test_unseen_day_unseen_rx overall_tx=36.70% strict_udu=36.70% (22020/60000)
[SAT-TEST] scenario=mixed_orbit selected=test_unseen_day_unseen_rx overall_tx=38.98% strict_udu=38.98% (23389/60000)
[BEST-TEST] overall=90.46% @ E005 -> finalist_runs/E1_residual_only_std/best_model_test_overall.pth | unseen_day_unseen_rx=86.53% @ E005 -> finalist_runs/E1_residual_only_std/best_model_strict_udu.pth | unseen_day_seen_rx=93.56% @ E008 | seen_day_unseen_rx=90.25% @ E005
[BEST-PRIMARY] score=87.91 @ E005 -> finalist_runs/E1_residual_only_std/best_model_primary_ood.pth | overall=90.46% strict_udu=86.53%
[BEST-WORST-RX] worst_rx=86.63% (test_rx_7) @ E002 -> finalist_runs/E1_residual_only_std/best_model_worst_rx.pth
====================================================================================================================================
[Epoch 024/060] time=89.5s | lr=3.31e-05 | aux_scale=1.000
[STAGE] phase=S2_stabilize_aux | use_aux=1.0 cons=0.23 cls_aux=0.18 reg=0.38 joint_inv=0.16 kl=0.17 group_ce=0.72
[MIXSTYLE-EPOCH] phase=base enabled=1 p=0.150 strength=0.650 anneal_t=0.000
[AUG] scale=0.350 | p_dac=0.000 p_pa=0.049 p_shift=0.122 p_cfo=0.122 p_awgn=0.140 p_mp=0.063 | max_shift=11 cfo_max=0.00014 pn_max=0.0021
------------------------------------------------------------------------------------------------------------------------------------
[LOSS-CORE] total=4.1189 cls=1.6277 dom=0.6018 adv=2.6243 orth=0.0019 cons=0.1823 group_ce=2.5714
[LOSS-AUX]  cls_pa=1.6200 cls_dac=0.0000 pa_joint_inv=0.2478 pa_kl=1.4483 dac_reg=0.0000 pa_reg=0.0143 gap_dac=0.0000 gap_pa=0.2727 cos_joint_pa=0.7522 cos_imp_pa=nan
[LOSS-SAT]  cls_sat=9.4613 sat_cons=0.7331 sat_cos=0.2669
[LOSS-DG]   proto=0.0000 proto_cos=nan supcon=0.0000 fishr=0.0014 sgc_res=0.0027
[LOSS-CAL]  ecc=0.0000 ecc_w=0.0000 ecc_tau=0.7462 ecc_maxp=nan
[TRAIN] tx=86.87% dom=79.51% cons_cos=0.8177
[GRAD]  total=4.104 backbone=1.000 aux=0.750 domain=0.447
[VAL]   tx=98.74% dom=93.28%
[TEST]  overall_tx=88.68% (180910/204000)
[TEST-SPLIT]
          unseen_day_seen_rx(days=['2021_03_15', '2021_03_23'], rxs=[0, 1, 2, 3, 4, 5, 6]): tx=92.56% (77747/84000)
          seen_day_unseen_rx(days=['2021_03_01', '2021_03_08'], rxs=[7, 8, 9, 10, 11]): tx=87.64% (52581/60000)
          unseen_day_unseen_rx(days=['2021_03_15', '2021_03_23'], rxs=[7, 8, 9, 10, 11]): tx=84.30% (50582/60000)
          day=2021_03_15 on seen_rxs=[0, 1, 2, 3, 4, 5, 6]: tx=95.14% (39959/42000)
          day=2021_03_23 on seen_rxs=[0, 1, 2, 3, 4, 5, 6]: tx=89.97% (37788/42000)
          rx=7 on seen_days=['2021_03_01', '2021_03_08']: tx=82.62% (9914/12000)
          rx=8 on seen_days=['2021_03_01', '2021_03_08']: tx=84.58% (10150/12000)
          rx=9 on seen_days=['2021_03_01', '2021_03_08']: tx=88.28% (10593/12000)
          rx=10 on seen_days=['2021_03_01', '2021_03_08']: tx=91.40% (10968/12000)
          rx=11 on seen_days=['2021_03_01', '2021_03_08']: tx=91.30% (10956/12000)
[BEST-JOINT]  val_tx=98.97% & test_tx=89.86% @ E011
[CKPT]  latest -> finalist_runs/E1_residual_only_std/latest_model.pth (saved) | best -> finalist_runs/E1_residual_only_std/best_model_val.pth
====================================================================================================================================
[SAT-TEST] scenario=clear_leo selected=test_unseen_day_unseen_rx overall_tx=44.08% strict_udu=44.08% (26447/60000)
[SAT-TEST] scenario=low_elev_leo selected=test_unseen_day_unseen_rx overall_tx=44.09% strict_udu=44.09% (26453/60000)
[SAT-TEST] scenario=rain_leo selected=test_unseen_day_unseen_rx overall_tx=42.20% strict_udu=42.20% (25323/60000)
[SAT-TEST] scenario=storm_mp selected=test_unseen_day_unseen_rx overall_tx=37.24% strict_udu=37.24% (22345/60000)
[SAT-TEST] scenario=mixed_orbit selected=test_unseen_day_unseen_rx overall_tx=39.63% strict_udu=39.63% (23778/60000)
[BEST-TEST] overall=90.46% @ E005 -> finalist_runs/E1_residual_only_std/best_model_test_overall.pth | unseen_day_unseen_rx=86.53% @ E005 -> finalist_runs/E1_residual_only_std/best_model_strict_udu.pth | unseen_day_seen_rx=93.56% @ E008 | seen_day_unseen_rx=90.25% @ E005
[BEST-PRIMARY] score=87.91 @ E005 -> finalist_runs/E1_residual_only_std/best_model_primary_ood.pth | overall=90.46% strict_udu=86.53%
[BEST-WORST-RX] worst_rx=86.63% (test_rx_7) @ E002 -> finalist_runs/E1_residual_only_std/best_model_worst_rx.pth
====================================================================================================================================
[Epoch 025/060] time=89.2s | lr=3.18e-05 | aux_scale=1.000
[STAGE] phase=S2_stabilize_aux | use_aux=1.0 cons=0.24 cls_aux=0.19 reg=0.38 joint_inv=0.16 kl=0.18 group_ce=0.72
[MIXSTYLE-EPOCH] phase=base enabled=1 p=0.150 strength=0.650 anneal_t=0.000
[AUG] scale=0.350 | p_dac=0.000 p_pa=0.049 p_shift=0.122 p_cfo=0.122 p_awgn=0.140 p_mp=0.063 | max_shift=11 cfo_max=0.00014 pn_max=0.0021
------------------------------------------------------------------------------------------------------------------------------------
[LOSS-CORE] total=3.9098 cls=1.4940 dom=0.5272 adv=2.6215 orth=0.0019 cons=0.1773 group_ce=2.4297
[LOSS-AUX]  cls_pa=1.5947 cls_dac=0.0000 pa_joint_inv=0.2422 pa_kl=1.4155 dac_reg=0.0000 pa_reg=0.0146 gap_dac=0.0000 gap_pa=0.2657 cos_joint_pa=0.7578 cos_imp_pa=nan
[LOSS-SAT]  cls_sat=9.5017 sat_cons=0.7248 sat_cos=0.2752
[LOSS-DG]   proto=0.0000 proto_cos=nan supcon=0.0000 fishr=0.0014 sgc_res=0.0027
[LOSS-CAL]  ecc=0.0000 ecc_w=0.0000 ecc_tau=0.7536 ecc_maxp=nan
[TRAIN] tx=87.61% dom=80.96% cons_cos=0.8227
[GRAD]  total=3.558 backbone=1.000 aux=0.750 domain=0.444
[VAL]   tx=98.89% dom=93.46%
[TEST]  overall_tx=89.80% (183195/204000)
[TEST-SPLIT]
          unseen_day_seen_rx(days=['2021_03_15', '2021_03_23'], rxs=[0, 1, 2, 3, 4, 5, 6]): tx=93.16% (78258/84000)
          seen_day_unseen_rx(days=['2021_03_01', '2021_03_08'], rxs=[7, 8, 9, 10, 11]): tx=89.58% (53751/60000)
          unseen_day_unseen_rx(days=['2021_03_15', '2021_03_23'], rxs=[7, 8, 9, 10, 11]): tx=85.31% (51186/60000)
          day=2021_03_15 on seen_rxs=[0, 1, 2, 3, 4, 5, 6]: tx=95.85% (40258/42000)
          day=2021_03_23 on seen_rxs=[0, 1, 2, 3, 4, 5, 6]: tx=90.48% (38000/42000)
          rx=7 on seen_days=['2021_03_01', '2021_03_08']: tx=85.88% (10305/12000)
          rx=8 on seen_days=['2021_03_01', '2021_03_08']: tx=85.78% (10294/12000)
          rx=9 on seen_days=['2021_03_01', '2021_03_08']: tx=89.70% (10764/12000)
          rx=10 on seen_days=['2021_03_01', '2021_03_08']: tx=93.03% (11163/12000)
          rx=11 on seen_days=['2021_03_01', '2021_03_08']: tx=93.54% (11225/12000)
[BEST-JOINT]  val_tx=98.97% & test_tx=89.86% @ E011
[CKPT]  latest -> finalist_runs/E1_residual_only_std/latest_model.pth (saved) | best -> finalist_runs/E1_residual_only_std/best_model_val.pth
====================================================================================================================================
[SAT-TEST] scenario=clear_leo selected=test_unseen_day_unseen_rx overall_tx=44.16% strict_udu=44.16% (26497/60000)
[SAT-TEST] scenario=low_elev_leo selected=test_unseen_day_unseen_rx overall_tx=43.68% strict_udu=43.68% (26210/60000)
[SAT-TEST] scenario=rain_leo selected=test_unseen_day_unseen_rx overall_tx=41.82% strict_udu=41.82% (25093/60000)
[SAT-TEST] scenario=storm_mp selected=test_unseen_day_unseen_rx overall_tx=37.23% strict_udu=37.23% (22340/60000)
[SAT-TEST] scenario=mixed_orbit selected=test_unseen_day_unseen_rx overall_tx=39.68% strict_udu=39.68% (23810/60000)
[BEST-TEST] overall=90.46% @ E005 -> finalist_runs/E1_residual_only_std/best_model_test_overall.pth | unseen_day_unseen_rx=86.53% @ E005 -> finalist_runs/E1_residual_only_std/best_model_strict_udu.pth | unseen_day_seen_rx=93.56% @ E008 | seen_day_unseen_rx=90.25% @ E005
[BEST-PRIMARY] score=87.91 @ E005 -> finalist_runs/E1_residual_only_std/best_model_primary_ood.pth | overall=90.46% strict_udu=86.53%
[BEST-WORST-RX] worst_rx=86.63% (test_rx_7) @ E002 -> finalist_runs/E1_residual_only_std/best_model_worst_rx.pth
====================================================================================================================================
[Epoch 026/060] time=88.6s | lr=3.06e-05 | aux_scale=1.000
[STAGE] phase=S2_stabilize_aux | use_aux=1.0 cons=0.25 cls_aux=0.20 reg=0.39 joint_inv=0.17 kl=0.18 group_ce=0.73
[MIXSTYLE-EPOCH] phase=base enabled=1 p=0.150 strength=0.650 anneal_t=0.000
[AUG] scale=0.350 | p_dac=0.000 p_pa=0.049 p_shift=0.122 p_cfo=0.122 p_awgn=0.140 p_mp=0.063 | max_shift=11 cfo_max=0.00014 pn_max=0.0021
------------------------------------------------------------------------------------------------------------------------------------
[LOSS-CORE] total=5.0803 cls=2.3201 dom=0.7796 adv=2.6324 orth=0.0017 cons=0.2030 group_ce=3.3727
[LOSS-AUX]  cls_pa=1.5914 cls_dac=0.0000 pa_joint_inv=0.2414 pa_kl=1.4148 dac_reg=0.0000 pa_reg=0.0147 gap_dac=0.0000 gap_pa=0.2625 cos_joint_pa=0.7586 cos_imp_pa=nan
[LOSS-SAT]  cls_sat=9.6357 sat_cons=0.7158 sat_cos=0.2842
[LOSS-DG]   proto=0.0000 proto_cos=nan supcon=0.0000 fishr=0.0022 sgc_res=0.0027
[LOSS-CAL]  ecc=0.0000 ecc_w=0.0000 ecc_tau=0.7612 ecc_maxp=nan
[TRAIN] tx=80.69% dom=74.17% cons_cos=0.7970
[GRAD]  total=4.929 backbone=1.000 aux=0.750 domain=0.458
[VAL]   tx=98.84% dom=93.30%
[TEST]  overall_tx=89.13% (181819/204000)
[TEST-SPLIT]
          unseen_day_seen_rx(days=['2021_03_15', '2021_03_23'], rxs=[0, 1, 2, 3, 4, 5, 6]): tx=92.76% (77917/84000)
          seen_day_unseen_rx(days=['2021_03_01', '2021_03_08'], rxs=[7, 8, 9, 10, 11]): tx=88.08% (52851/60000)
          unseen_day_unseen_rx(days=['2021_03_15', '2021_03_23'], rxs=[7, 8, 9, 10, 11]): tx=85.08% (51051/60000)
          day=2021_03_15 on seen_rxs=[0, 1, 2, 3, 4, 5, 6]: tx=95.27% (40014/42000)
          day=2021_03_23 on seen_rxs=[0, 1, 2, 3, 4, 5, 6]: tx=90.25% (37903/42000)
          rx=7 on seen_days=['2021_03_01', '2021_03_08']: tx=83.19% (9983/12000)
          rx=8 on seen_days=['2021_03_01', '2021_03_08']: tx=84.47% (10137/12000)
          rx=9 on seen_days=['2021_03_01', '2021_03_08']: tx=89.02% (10682/12000)
          rx=10 on seen_days=['2021_03_01', '2021_03_08']: tx=90.09% (10811/12000)
          rx=11 on seen_days=['2021_03_01', '2021_03_08']: tx=93.65% (11238/12000)
[BEST-JOINT]  val_tx=98.97% & test_tx=89.86% @ E011
[CKPT]  latest -> finalist_runs/E1_residual_only_std/latest_model.pth (saved) | best -> finalist_runs/E1_residual_only_std/best_model_val.pth
====================================================================================================================================
[SAT-TEST] scenario=clear_leo selected=test_unseen_day_unseen_rx overall_tx=44.26% strict_udu=44.26% (26558/60000)
[SAT-TEST] scenario=low_elev_leo selected=test_unseen_day_unseen_rx overall_tx=44.03% strict_udu=44.03% (26416/60000)
[SAT-TEST] scenario=rain_leo selected=test_unseen_day_unseen_rx overall_tx=42.05% strict_udu=42.05% (25228/60000)
[SAT-TEST] scenario=storm_mp selected=test_unseen_day_unseen_rx overall_tx=37.49% strict_udu=37.49% (22492/60000)
[SAT-TEST] scenario=mixed_orbit selected=test_unseen_day_unseen_rx overall_tx=40.11% strict_udu=40.11% (24067/60000)
[BEST-TEST] overall=90.46% @ E005 -> finalist_runs/E1_residual_only_std/best_model_test_overall.pth | unseen_day_unseen_rx=86.53% @ E005 -> finalist_runs/E1_residual_only_std/best_model_strict_udu.pth | unseen_day_seen_rx=93.56% @ E008 | seen_day_unseen_rx=90.25% @ E005
[BEST-PRIMARY] score=87.91 @ E005 -> finalist_runs/E1_residual_only_std/best_model_primary_ood.pth | overall=90.46% strict_udu=86.53%
[BEST-WORST-RX] worst_rx=86.63% (test_rx_7) @ E002 -> finalist_runs/E1_residual_only_std/best_model_worst_rx.pth
====================================================================================================================================
[Epoch 027/060] time=88.3s | lr=2.93e-05 | aux_scale=1.000
[STAGE] phase=S2_stabilize_aux | use_aux=1.0 cons=0.26 cls_aux=0.21 reg=0.40 joint_inv=0.17 kl=0.19 group_ce=0.73
[MIXSTYLE-EPOCH] phase=base enabled=1 p=0.150 strength=0.650 anneal_t=0.000
[AUG] scale=0.350 | p_dac=0.000 p_pa=0.049 p_shift=0.122 p_cfo=0.122 p_awgn=0.140 p_mp=0.063 | max_shift=11 cfo_max=0.00014 pn_max=0.0021
------------------------------------------------------------------------------------------------------------------------------------
[LOSS-CORE] total=3.8866 cls=1.4717 dom=0.5112 adv=2.6230 orth=0.0019 cons=0.1742 group_ce=2.3622
[LOSS-AUX]  cls_pa=1.5257 cls_dac=0.0000 pa_joint_inv=0.2385 pa_kl=1.3499 dac_reg=0.0000 pa_reg=0.0152 gap_dac=0.0000 gap_pa=0.2521 cos_joint_pa=0.7615 cos_imp_pa=nan
[LOSS-SAT]  cls_sat=9.5340 sat_cons=0.7469 sat_cos=0.2531
[LOSS-DG]   proto=0.0000 proto_cos=nan supcon=0.0000 fishr=0.0013 sgc_res=0.0027
[LOSS-CAL]  ecc=0.0000 ecc_w=0.0000 ecc_tau=0.7688 ecc_maxp=nan
[TRAIN] tx=88.15% dom=81.60% cons_cos=0.8258
[GRAD]  total=3.630 backbone=1.000 aux=0.750 domain=0.442
[VAL]   tx=98.84% dom=93.30%
[TEST]  overall_tx=89.16% (181892/204000)
[TEST-SPLIT]
          unseen_day_seen_rx(days=['2021_03_15', '2021_03_23'], rxs=[0, 1, 2, 3, 4, 5, 6]): tx=92.87% (78007/84000)
          seen_day_unseen_rx(days=['2021_03_01', '2021_03_08'], rxs=[7, 8, 9, 10, 11]): tx=88.21% (52925/60000)
          unseen_day_unseen_rx(days=['2021_03_15', '2021_03_23'], rxs=[7, 8, 9, 10, 11]): tx=84.93% (50960/60000)
          day=2021_03_15 on seen_rxs=[0, 1, 2, 3, 4, 5, 6]: tx=95.63% (40165/42000)
          day=2021_03_23 on seen_rxs=[0, 1, 2, 3, 4, 5, 6]: tx=90.10% (37842/42000)
          rx=7 on seen_days=['2021_03_01', '2021_03_08']: tx=83.82% (10058/12000)
          rx=8 on seen_days=['2021_03_01', '2021_03_08']: tx=84.13% (10096/12000)
          rx=9 on seen_days=['2021_03_01', '2021_03_08']: tx=89.09% (10691/12000)
          rx=10 on seen_days=['2021_03_01', '2021_03_08']: tx=91.23% (10948/12000)
          rx=11 on seen_days=['2021_03_01', '2021_03_08']: tx=92.77% (11132/12000)
[BEST-JOINT]  val_tx=98.97% & test_tx=89.86% @ E011
[CKPT]  latest -> finalist_runs/E1_residual_only_std/latest_model.pth (saved) | best -> finalist_runs/E1_residual_only_std/best_model_val.pth
====================================================================================================================================
[SAT-TEST] scenario=clear_leo selected=test_unseen_day_unseen_rx overall_tx=44.38% strict_udu=44.38% (26630/60000)
[SAT-TEST] scenario=low_elev_leo selected=test_unseen_day_unseen_rx overall_tx=44.35% strict_udu=44.35% (26610/60000)
[SAT-TEST] scenario=rain_leo selected=test_unseen_day_unseen_rx overall_tx=42.16% strict_udu=42.16% (25294/60000)
[SAT-TEST] scenario=storm_mp selected=test_unseen_day_unseen_rx overall_tx=37.49% strict_udu=37.49% (22496/60000)
[SAT-TEST] scenario=mixed_orbit selected=test_unseen_day_unseen_rx overall_tx=39.77% strict_udu=39.77% (23865/60000)
[BEST-TEST] overall=90.46% @ E005 -> finalist_runs/E1_residual_only_std/best_model_test_overall.pth | unseen_day_unseen_rx=86.53% @ E005 -> finalist_runs/E1_residual_only_std/best_model_strict_udu.pth | unseen_day_seen_rx=93.56% @ E008 | seen_day_unseen_rx=90.25% @ E005
[BEST-PRIMARY] score=87.91 @ E005 -> finalist_runs/E1_residual_only_std/best_model_primary_ood.pth | overall=90.46% strict_udu=86.53%
[BEST-WORST-RX] worst_rx=86.63% (test_rx_7) @ E002 -> finalist_runs/E1_residual_only_std/best_model_worst_rx.pth
====================================================================================================================================
[Epoch 028/060] time=89.6s | lr=2.81e-05 | aux_scale=1.000
[STAGE] phase=S2_stabilize_aux | use_aux=1.0 cons=0.27 cls_aux=0.22 reg=0.40 joint_inv=0.17 kl=0.19 group_ce=0.74
[MIXSTYLE-EPOCH] phase=base enabled=1 p=0.150 strength=0.650 anneal_t=0.000
[AUG] scale=0.350 | p_dac=0.000 p_pa=0.049 p_shift=0.122 p_cfo=0.122 p_awgn=0.140 p_mp=0.063 | max_shift=11 cfo_max=0.00014 pn_max=0.0021
------------------------------------------------------------------------------------------------------------------------------------
[LOSS-CORE] total=3.7722 cls=1.3819 dom=0.4846 adv=2.6222 orth=0.0020 cons=0.1831 group_ce=2.3781
[LOSS-AUX]  cls_pa=1.6227 cls_dac=0.0000 pa_joint_inv=0.2431 pa_kl=1.4509 dac_reg=0.0000 pa_reg=0.0148 gap_dac=0.0000 gap_pa=0.2632 cos_joint_pa=0.7569 cos_imp_pa=nan
[LOSS-SAT]  cls_sat=9.3639 sat_cons=0.7288 sat_cos=0.2712
[LOSS-DG]   proto=0.0000 proto_cos=nan supcon=0.0000 fishr=0.0014 sgc_res=0.0023
[LOSS-CAL]  ecc=0.0000 ecc_w=0.0000 ecc_tau=0.7765 ecc_maxp=nan
[TRAIN] tx=88.72% dom=82.07% cons_cos=0.8169
[GRAD]  total=4.225 backbone=1.000 aux=0.750 domain=0.446
[VAL]   tx=98.85% dom=93.35%
[TEST]  overall_tx=88.93% (181423/204000)
[TEST-SPLIT]
          unseen_day_seen_rx(days=['2021_03_15', '2021_03_23'], rxs=[0, 1, 2, 3, 4, 5, 6]): tx=92.70% (77865/84000)
          seen_day_unseen_rx(days=['2021_03_01', '2021_03_08'], rxs=[7, 8, 9, 10, 11]): tx=88.02% (52811/60000)
          unseen_day_unseen_rx(days=['2021_03_15', '2021_03_23'], rxs=[7, 8, 9, 10, 11]): tx=84.58% (50747/60000)
          day=2021_03_15 on seen_rxs=[0, 1, 2, 3, 4, 5, 6]: tx=95.16% (39967/42000)
          day=2021_03_23 on seen_rxs=[0, 1, 2, 3, 4, 5, 6]: tx=90.23% (37898/42000)
          rx=7 on seen_days=['2021_03_01', '2021_03_08']: tx=83.53% (10024/12000)
          rx=8 on seen_days=['2021_03_01', '2021_03_08']: tx=84.72% (10167/12000)
          rx=9 on seen_days=['2021_03_01', '2021_03_08']: tx=88.70% (10644/12000)
          rx=10 on seen_days=['2021_03_01', '2021_03_08']: tx=91.78% (11013/12000)
          rx=11 on seen_days=['2021_03_01', '2021_03_08']: tx=91.36% (10963/12000)
[BEST-JOINT]  val_tx=98.97% & test_tx=89.86% @ E011
[CKPT]  latest -> finalist_runs/E1_residual_only_std/latest_model.pth (saved) | best -> finalist_runs/E1_residual_only_std/best_model_val.pth
====================================================================================================================================
[SAT-TEST] scenario=clear_leo selected=test_unseen_day_unseen_rx overall_tx=44.01% strict_udu=44.01% (26405/60000)
[SAT-TEST] scenario=low_elev_leo selected=test_unseen_day_unseen_rx overall_tx=44.17% strict_udu=44.17% (26505/60000)
[SAT-TEST] scenario=rain_leo selected=test_unseen_day_unseen_rx overall_tx=42.19% strict_udu=42.19% (25311/60000)
[SAT-TEST] scenario=storm_mp selected=test_unseen_day_unseen_rx overall_tx=37.33% strict_udu=37.33% (22399/60000)
[SAT-TEST] scenario=mixed_orbit selected=test_unseen_day_unseen_rx overall_tx=39.81% strict_udu=39.81% (23886/60000)
[BEST-TEST] overall=90.46% @ E005 -> finalist_runs/E1_residual_only_std/best_model_test_overall.pth | unseen_day_unseen_rx=86.53% @ E005 -> finalist_runs/E1_residual_only_std/best_model_strict_udu.pth | unseen_day_seen_rx=93.56% @ E008 | seen_day_unseen_rx=90.25% @ E005
[BEST-PRIMARY] score=87.91 @ E005 -> finalist_runs/E1_residual_only_std/best_model_primary_ood.pth | overall=90.46% strict_udu=86.53%
[BEST-WORST-RX] worst_rx=86.63% (test_rx_7) @ E002 -> finalist_runs/E1_residual_only_std/best_model_worst_rx.pth
====================================================================================================================================
[Epoch 029/060] time=89.7s | lr=2.68e-05 | aux_scale=1.000
[STAGE] phase=S2_stabilize_aux | use_aux=1.0 cons=0.28 cls_aux=0.23 reg=0.41 joint_inv=0.18 kl=0.20 group_ce=0.74
[MIXSTYLE-EPOCH] phase=base enabled=1 p=0.150 strength=0.650 anneal_t=0.000
[AUG] scale=0.350 | p_dac=0.000 p_pa=0.049 p_shift=0.122 p_cfo=0.122 p_awgn=0.140 p_mp=0.063 | max_shift=11 cfo_max=0.00014 pn_max=0.0021
------------------------------------------------------------------------------------------------------------------------------------
[LOSS-CORE] total=3.6602 cls=1.2727 dom=0.4807 adv=2.6225 orth=0.0020 cons=0.1784 group_ce=2.2382
[LOSS-AUX]  cls_pa=1.5874 cls_dac=0.0000 pa_joint_inv=0.2424 pa_kl=1.4061 dac_reg=0.0000 pa_reg=0.0146 gap_dac=0.0000 gap_pa=0.2655 cos_joint_pa=0.7576 cos_imp_pa=nan
[LOSS-SAT]  cls_sat=9.3849 sat_cons=0.7347 sat_cos=0.2653
[LOSS-DG]   proto=0.0000 proto_cos=nan supcon=0.0000 fishr=0.0012 sgc_res=0.0019
[LOSS-CAL]  ecc=0.0000 ecc_w=0.0000 ecc_tau=0.7843 ecc_maxp=nan
[TRAIN] tx=90.08% dom=82.79% cons_cos=0.8216
[GRAD]  total=3.890 backbone=1.000 aux=0.750 domain=0.443
[VAL]   tx=98.91% dom=93.53%
[TEST]  overall_tx=89.10% (181763/204000)
[TEST-SPLIT]
          unseen_day_seen_rx(days=['2021_03_15', '2021_03_23'], rxs=[0, 1, 2, 3, 4, 5, 6]): tx=93.04% (78153/84000)
          seen_day_unseen_rx(days=['2021_03_01', '2021_03_08'], rxs=[7, 8, 9, 10, 11]): tx=88.15% (52888/60000)
          unseen_day_unseen_rx(days=['2021_03_15', '2021_03_23'], rxs=[7, 8, 9, 10, 11]): tx=84.54% (50722/60000)
          day=2021_03_15 on seen_rxs=[0, 1, 2, 3, 4, 5, 6]: tx=94.82% (39823/42000)
          day=2021_03_23 on seen_rxs=[0, 1, 2, 3, 4, 5, 6]: tx=91.26% (38330/42000)
          rx=7 on seen_days=['2021_03_01', '2021_03_08']: tx=82.86% (9943/12000)
          rx=8 on seen_days=['2021_03_01', '2021_03_08']: tx=84.93% (10192/12000)
          rx=9 on seen_days=['2021_03_01', '2021_03_08']: tx=89.03% (10684/12000)
          rx=10 on seen_days=['2021_03_01', '2021_03_08']: tx=91.16% (10939/12000)
          rx=11 on seen_days=['2021_03_01', '2021_03_08']: tx=92.75% (11130/12000)
[BEST-JOINT]  val_tx=98.97% & test_tx=89.86% @ E011
[CKPT]  latest -> finalist_runs/E1_residual_only_std/latest_model.pth (saved) | best -> finalist_runs/E1_residual_only_std/best_model_val.pth
====================================================================================================================================
[SAT-TEST] scenario=clear_leo selected=test_unseen_day_unseen_rx overall_tx=43.06% strict_udu=43.06% (25835/60000)
[SAT-TEST] scenario=low_elev_leo selected=test_unseen_day_unseen_rx overall_tx=42.98% strict_udu=42.98% (25789/60000)
[SAT-TEST] scenario=rain_leo selected=test_unseen_day_unseen_rx overall_tx=41.00% strict_udu=41.00% (24602/60000)
[SAT-TEST] scenario=storm_mp selected=test_unseen_day_unseen_rx overall_tx=37.02% strict_udu=37.02% (22212/60000)
[SAT-TEST] scenario=mixed_orbit selected=test_unseen_day_unseen_rx overall_tx=39.16% strict_udu=39.16% (23499/60000)
[BEST-TEST] overall=90.46% @ E005 -> finalist_runs/E1_residual_only_std/best_model_test_overall.pth | unseen_day_unseen_rx=86.53% @ E005 -> finalist_runs/E1_residual_only_std/best_model_strict_udu.pth | unseen_day_seen_rx=93.56% @ E008 | seen_day_unseen_rx=90.25% @ E005
[BEST-PRIMARY] score=87.91 @ E005 -> finalist_runs/E1_residual_only_std/best_model_primary_ood.pth | overall=90.46% strict_udu=86.53%
[BEST-WORST-RX] worst_rx=86.63% (test_rx_7) @ E002 -> finalist_runs/E1_residual_only_std/best_model_worst_rx.pth
====================================================================================================================================
[Epoch 030/060] time=88.6s | lr=2.55e-05 | aux_scale=1.000
[STAGE] phase=S2_stabilize_aux | use_aux=1.0 cons=0.29 cls_aux=0.24 reg=0.42 joint_inv=0.18 kl=0.21 group_ce=0.75
[MIXSTYLE-EPOCH] phase=base enabled=1 p=0.150 strength=0.650 anneal_t=0.000
[AUG] scale=0.350 | p_dac=0.000 p_pa=0.049 p_shift=0.122 p_cfo=0.122 p_awgn=0.140 p_mp=0.063 | max_shift=11 cfo_max=0.00014 pn_max=0.0021
------------------------------------------------------------------------------------------------------------------------------------
[LOSS-CORE] total=3.9907 cls=1.5580 dom=0.4979 adv=2.6251 orth=0.0020 cons=0.1807 group_ce=2.5428
[LOSS-AUX]  cls_pa=1.5380 cls_dac=0.0000 pa_joint_inv=0.2406 pa_kl=1.3609 dac_reg=0.0000 pa_reg=0.0147 gap_dac=0.0000 gap_pa=0.2680 cos_joint_pa=0.7594 cos_imp_pa=nan
[LOSS-SAT]  cls_sat=9.3237 sat_cons=0.7320 sat_cos=0.2680
[LOSS-DG]   proto=0.0000 proto_cos=nan supcon=0.0000 fishr=0.0014 sgc_res=0.0015
[LOSS-CAL]  ecc=0.0000 ecc_w=0.0000 ecc_tau=0.7921 ecc_maxp=nan
[TRAIN] tx=87.55% dom=81.91% cons_cos=0.8193
[GRAD]  total=4.355 backbone=1.000 aux=0.750 domain=0.429
[VAL]   tx=98.72% dom=93.38%
[TEST]  overall_tx=88.85% (181247/204000)
[TEST-SPLIT]
          unseen_day_seen_rx(days=['2021_03_15', '2021_03_23'], rxs=[0, 1, 2, 3, 4, 5, 6]): tx=92.87% (78008/84000)
          seen_day_unseen_rx(days=['2021_03_01', '2021_03_08'], rxs=[7, 8, 9, 10, 11]): tx=87.69% (52612/60000)
          unseen_day_unseen_rx(days=['2021_03_15', '2021_03_23'], rxs=[7, 8, 9, 10, 11]): tx=84.38% (50627/60000)
          day=2021_03_15 on seen_rxs=[0, 1, 2, 3, 4, 5, 6]: tx=95.73% (40205/42000)
          day=2021_03_23 on seen_rxs=[0, 1, 2, 3, 4, 5, 6]: tx=90.01% (37803/42000)
          rx=7 on seen_days=['2021_03_01', '2021_03_08']: tx=83.47% (10016/12000)
          rx=8 on seen_days=['2021_03_01', '2021_03_08']: tx=83.88% (10066/12000)
          rx=9 on seen_days=['2021_03_01', '2021_03_08']: tx=88.40% (10608/12000)
          rx=10 on seen_days=['2021_03_01', '2021_03_08']: tx=91.22% (10946/12000)
          rx=11 on seen_days=['2021_03_01', '2021_03_08']: tx=91.47% (10976/12000)
[BEST-JOINT]  val_tx=98.97% & test_tx=89.86% @ E011
[CKPT]  latest -> finalist_runs/E1_residual_only_std/latest_model.pth (saved) | best -> finalist_runs/E1_residual_only_std/best_model_val.pth
====================================================================================================================================
[SAT-TEST] scenario=clear_leo selected=test_unseen_day_unseen_rx overall_tx=44.80% strict_udu=44.80% (26883/60000)
[SAT-TEST] scenario=low_elev_leo selected=test_unseen_day_unseen_rx overall_tx=44.98% strict_udu=44.98% (26989/60000)
[SAT-TEST] scenario=rain_leo selected=test_unseen_day_unseen_rx overall_tx=42.91% strict_udu=42.91% (25745/60000)
[SAT-TEST] scenario=storm_mp selected=test_unseen_day_unseen_rx overall_tx=37.80% strict_udu=37.80% (22679/60000)
[SAT-TEST] scenario=mixed_orbit selected=test_unseen_day_unseen_rx overall_tx=40.47% strict_udu=40.47% (24284/60000)
[BEST-TEST] overall=90.46% @ E005 -> finalist_runs/E1_residual_only_std/best_model_test_overall.pth | unseen_day_unseen_rx=86.53% @ E005 -> finalist_runs/E1_residual_only_std/best_model_strict_udu.pth | unseen_day_seen_rx=93.56% @ E008 | seen_day_unseen_rx=90.25% @ E005
[BEST-PRIMARY] score=87.91 @ E005 -> finalist_runs/E1_residual_only_std/best_model_primary_ood.pth | overall=90.46% strict_udu=86.53%
[BEST-WORST-RX] worst_rx=86.63% (test_rx_7) @ E002 -> finalist_runs/E1_residual_only_std/best_model_worst_rx.pth
====================================================================================================================================
[Epoch 031/060] time=87.4s | lr=2.42e-05 | aux_scale=1.000
[STAGE] phase=S2_stabilize_aux | use_aux=1.0 cons=0.30 cls_aux=0.25 reg=0.43 joint_inv=0.19 kl=0.21 group_ce=0.75
[MIXSTYLE-EPOCH] phase=base enabled=1 p=0.150 strength=0.650 anneal_t=0.000
[AUG] scale=0.350 | p_dac=0.000 p_pa=0.049 p_shift=0.122 p_cfo=0.122 p_awgn=0.140 p_mp=0.063 | max_shift=11 cfo_max=0.00014 pn_max=0.0021
------------------------------------------------------------------------------------------------------------------------------------
[LOSS-CORE] total=4.1978 cls=1.6711 dom=0.5498 adv=2.6245 orth=0.0019 cons=0.1944 group_ce=2.7452
[LOSS-AUX]  cls_pa=1.6001 cls_dac=0.0000 pa_joint_inv=0.2421 pa_kl=1.4214 dac_reg=0.0000 pa_reg=0.0145 gap_dac=0.0000 gap_pa=0.2652 cos_joint_pa=0.7579 cos_imp_pa=nan
[LOSS-SAT]  cls_sat=9.4571 sat_cons=0.7314 sat_cos=0.2686
[LOSS-DG]   proto=0.0000 proto_cos=nan supcon=0.0000 fishr=0.0016 sgc_res=0.0018
[LOSS-CAL]  ecc=0.0000 ecc_w=0.0000 ecc_tau=0.8000 ecc_maxp=nan
[TRAIN] tx=86.26% dom=80.27% cons_cos=0.8056
[GRAD]  total=3.263 backbone=1.000 aux=0.750 domain=0.457
[VAL]   tx=98.89% dom=93.12%
[TEST]  overall_tx=89.42% (182411/204000)
[TEST-SPLIT]
          unseen_day_seen_rx(days=['2021_03_15', '2021_03_23'], rxs=[0, 1, 2, 3, 4, 5, 6]): tx=93.03% (78143/84000)
          seen_day_unseen_rx(days=['2021_03_01', '2021_03_08'], rxs=[7, 8, 9, 10, 11]): tx=88.71% (53226/60000)
          unseen_day_unseen_rx(days=['2021_03_15', '2021_03_23'], rxs=[7, 8, 9, 10, 11]): tx=85.07% (51042/60000)
          day=2021_03_15 on seen_rxs=[0, 1, 2, 3, 4, 5, 6]: tx=95.55% (40130/42000)
          day=2021_03_23 on seen_rxs=[0, 1, 2, 3, 4, 5, 6]: tx=90.51% (38013/42000)
          rx=7 on seen_days=['2021_03_01', '2021_03_08']: tx=84.02% (10082/12000)
          rx=8 on seen_days=['2021_03_01', '2021_03_08']: tx=83.96% (10075/12000)
          rx=9 on seen_days=['2021_03_01', '2021_03_08']: tx=89.22% (10707/12000)
          rx=10 on seen_days=['2021_03_01', '2021_03_08']: tx=92.49% (11099/12000)
          rx=11 on seen_days=['2021_03_01', '2021_03_08']: tx=93.86% (11263/12000)
[BEST-JOINT]  val_tx=98.97% & test_tx=89.86% @ E011
[CKPT]  latest -> finalist_runs/E1_residual_only_std/latest_model.pth (saved) | best -> finalist_runs/E1_residual_only_std/best_model_val.pth
====================================================================================================================================
[SAT-TEST] scenario=clear_leo selected=test_unseen_day_unseen_rx overall_tx=44.32% strict_udu=44.32% (26592/60000)
[SAT-TEST] scenario=low_elev_leo selected=test_unseen_day_unseen_rx overall_tx=44.55% strict_udu=44.55% (26729/60000)
[SAT-TEST] scenario=rain_leo selected=test_unseen_day_unseen_rx overall_tx=42.46% strict_udu=42.46% (25474/60000)
[SAT-TEST] scenario=storm_mp selected=test_unseen_day_unseen_rx overall_tx=37.57% strict_udu=37.57% (22544/60000)
[SAT-TEST] scenario=mixed_orbit selected=test_unseen_day_unseen_rx overall_tx=40.09% strict_udu=40.09% (24056/60000)
[BEST-TEST] overall=90.46% @ E005 -> finalist_runs/E1_residual_only_std/best_model_test_overall.pth | unseen_day_unseen_rx=86.53% @ E005 -> finalist_runs/E1_residual_only_std/best_model_strict_udu.pth | unseen_day_seen_rx=93.56% @ E008 | seen_day_unseen_rx=90.25% @ E005
[BEST-PRIMARY] score=87.91 @ E005 -> finalist_runs/E1_residual_only_std/best_model_primary_ood.pth | overall=90.46% strict_udu=86.53%
[BEST-WORST-RX] worst_rx=86.63% (test_rx_7) @ E002 -> finalist_runs/E1_residual_only_std/best_model_worst_rx.pth
[WARN][E032] unsafe backward/step skipped #8
====================================================================================================================================
[Epoch 032/060] time=89.0s | lr=2.29e-05 | aux_scale=1.000
[STAGE] phase=S2_stabilize_aux | use_aux=1.0 cons=0.31 cls_aux=0.26 reg=0.44 joint_inv=0.19 kl=0.22 group_ce=0.76
[MIXSTYLE-EPOCH] phase=base enabled=1 p=0.150 strength=0.650 anneal_t=0.000
[AUG] scale=0.350 | p_dac=0.000 p_pa=0.049 p_shift=0.122 p_cfo=0.122 p_awgn=0.140 p_mp=0.063 | max_shift=11 cfo_max=0.00014 pn_max=0.0021
------------------------------------------------------------------------------------------------------------------------------------
[LOSS-CORE] total=4.3100 cls=1.7659 dom=0.5593 adv=2.6198 orth=0.0018 cons=0.1990 group_ce=2.8332
[LOSS-AUX]  cls_pa=1.5888 cls_dac=0.0000 pa_joint_inv=0.2411 pa_kl=1.4154 dac_reg=0.0000 pa_reg=0.0146 gap_dac=0.0000 gap_pa=0.2643 cos_joint_pa=0.7589 cos_imp_pa=nan
[LOSS-SAT]  cls_sat=9.3327 sat_cons=0.7203 sat_cos=0.2797
[LOSS-DG]   proto=0.0000 proto_cos=nan supcon=0.0000 fishr=0.0017 sgc_res=0.0017
[LOSS-CAL]  ecc=0.0000 ecc_w=0.0000 ecc_tau=0.8079 ecc_maxp=nan
[TRAIN] tx=85.54% dom=79.78% cons_cos=0.7987
[GRAD]  total=3.654 backbone=1.000 aux=0.750 domain=0.452
[VAL]   tx=98.84% dom=93.50%
[TEST]  overall_tx=89.02% (181596/204000)
[TEST-SPLIT]
          unseen_day_seen_rx(days=['2021_03_15', '2021_03_23'], rxs=[0, 1, 2, 3, 4, 5, 6]): tx=92.83% (77978/84000)
          seen_day_unseen_rx(days=['2021_03_01', '2021_03_08'], rxs=[7, 8, 9, 10, 11]): tx=88.18% (52909/60000)
          unseen_day_unseen_rx(days=['2021_03_15', '2021_03_23'], rxs=[7, 8, 9, 10, 11]): tx=84.52% (50709/60000)
          day=2021_03_15 on seen_rxs=[0, 1, 2, 3, 4, 5, 6]: tx=95.39% (40064/42000)
          day=2021_03_23 on seen_rxs=[0, 1, 2, 3, 4, 5, 6]: tx=90.27% (37914/42000)
          rx=7 on seen_days=['2021_03_01', '2021_03_08']: tx=84.42% (10130/12000)
          rx=8 on seen_days=['2021_03_01', '2021_03_08']: tx=83.49% (10019/12000)
          rx=9 on seen_days=['2021_03_01', '2021_03_08']: tx=88.77% (10652/12000)
          rx=10 on seen_days=['2021_03_01', '2021_03_08']: tx=92.63% (11116/12000)
          rx=11 on seen_days=['2021_03_01', '2021_03_08']: tx=91.60% (10992/12000)
[BEST-JOINT]  val_tx=98.97% & test_tx=89.86% @ E011
[CKPT]  latest -> finalist_runs/E1_residual_only_std/latest_model.pth (saved) | best -> finalist_runs/E1_residual_only_std/best_model_val.pth
====================================================================================================================================
[SAT-TEST] scenario=clear_leo selected=test_unseen_day_unseen_rx overall_tx=43.85% strict_udu=43.85% (26312/60000)
[SAT-TEST] scenario=low_elev_leo selected=test_unseen_day_unseen_rx overall_tx=44.20% strict_udu=44.20% (26521/60000)
[SAT-TEST] scenario=rain_leo selected=test_unseen_day_unseen_rx overall_tx=41.89% strict_udu=41.89% (25133/60000)
[SAT-TEST] scenario=storm_mp selected=test_unseen_day_unseen_rx overall_tx=37.38% strict_udu=37.38% (22427/60000)
[SAT-TEST] scenario=mixed_orbit selected=test_unseen_day_unseen_rx overall_tx=39.91% strict_udu=39.91% (23943/60000)
[BEST-TEST] overall=90.46% @ E005 -> finalist_runs/E1_residual_only_std/best_model_test_overall.pth | unseen_day_unseen_rx=86.53% @ E005 -> finalist_runs/E1_residual_only_std/best_model_strict_udu.pth | unseen_day_seen_rx=93.56% @ E008 | seen_day_unseen_rx=90.25% @ E005
[BEST-PRIMARY] score=87.91 @ E005 -> finalist_runs/E1_residual_only_std/best_model_primary_ood.pth | overall=90.46% strict_udu=86.53%
[BEST-WORST-RX] worst_rx=86.63% (test_rx_7) @ E002 -> finalist_runs/E1_residual_only_std/best_model_worst_rx.pth
====================================================================================================================================
[Epoch 033/060] time=89.6s | lr=2.17e-05 | aux_scale=1.000
[STAGE] phase=S2_stabilize_aux | use_aux=1.0 cons=0.32 cls_aux=0.27 reg=0.45 joint_inv=0.19 kl=0.23 group_ce=0.77
[MIXSTYLE-EPOCH] phase=base enabled=1 p=0.150 strength=0.650 anneal_t=0.000
[AUG] scale=0.350 | p_dac=0.000 p_pa=0.049 p_shift=0.122 p_cfo=0.122 p_awgn=0.140 p_mp=0.063 | max_shift=11 cfo_max=0.00014 pn_max=0.0021
------------------------------------------------------------------------------------------------------------------------------------
[LOSS-CORE] total=4.7995 cls=2.1140 dom=0.6388 adv=2.6157 orth=0.0017 cons=0.2159 group_ce=3.3640
[LOSS-AUX]  cls_pa=1.5260 cls_dac=0.0000 pa_joint_inv=0.2382 pa_kl=1.3495 dac_reg=0.0000 pa_reg=0.0145 gap_dac=0.0000 gap_pa=0.2682 cos_joint_pa=0.7618 cos_imp_pa=nan
[LOSS-SAT]  cls_sat=9.4802 sat_cons=0.7155 sat_cos=0.2845
[LOSS-DG]   proto=0.0000 proto_cos=nan supcon=0.0000 fishr=0.0021 sgc_res=0.0016
[LOSS-CAL]  ecc=0.0000 ecc_w=0.0000 ecc_tau=0.8157 ecc_maxp=nan
[TRAIN] tx=83.03% dom=77.51% cons_cos=0.7841
[GRAD]  total=4.274 backbone=1.000 aux=0.750 domain=0.448
[VAL]   tx=98.92% dom=93.50%
[TEST]  overall_tx=89.38% (182338/204000)
[TEST-SPLIT]
          unseen_day_seen_rx(days=['2021_03_15', '2021_03_23'], rxs=[0, 1, 2, 3, 4, 5, 6]): tx=93.02% (78133/84000)
          seen_day_unseen_rx(days=['2021_03_01', '2021_03_08'], rxs=[7, 8, 9, 10, 11]): tx=88.45% (53071/60000)
          unseen_day_unseen_rx(days=['2021_03_15', '2021_03_23'], rxs=[7, 8, 9, 10, 11]): tx=85.22% (51134/60000)
          day=2021_03_15 on seen_rxs=[0, 1, 2, 3, 4, 5, 6]: tx=95.61% (40157/42000)
          day=2021_03_23 on seen_rxs=[0, 1, 2, 3, 4, 5, 6]: tx=90.42% (37976/42000)
          rx=7 on seen_days=['2021_03_01', '2021_03_08']: tx=83.13% (9976/12000)
          rx=8 on seen_days=['2021_03_01', '2021_03_08']: tx=84.20% (10104/12000)
          rx=9 on seen_days=['2021_03_01', '2021_03_08']: tx=89.64% (10757/12000)
          rx=10 on seen_days=['2021_03_01', '2021_03_08']: tx=91.79% (11015/12000)
          rx=11 on seen_days=['2021_03_01', '2021_03_08']: tx=93.49% (11219/12000)
[BEST-JOINT]  val_tx=98.97% & test_tx=89.86% @ E011
[CKPT]  latest -> finalist_runs/E1_residual_only_std/latest_model.pth (saved) | best -> finalist_runs/E1_residual_only_std/best_model_val.pth
====================================================================================================================================
[SAT-TEST] scenario=clear_leo selected=test_unseen_day_unseen_rx overall_tx=43.55% strict_udu=43.55% (26129/60000)
[SAT-TEST] scenario=low_elev_leo selected=test_unseen_day_unseen_rx overall_tx=43.70% strict_udu=43.70% (26219/60000)
[SAT-TEST] scenario=rain_leo selected=test_unseen_day_unseen_rx overall_tx=41.47% strict_udu=41.47% (24883/60000)
[SAT-TEST] scenario=storm_mp selected=test_unseen_day_unseen_rx overall_tx=37.16% strict_udu=37.16% (22297/60000)
[SAT-TEST] scenario=mixed_orbit selected=test_unseen_day_unseen_rx overall_tx=39.38% strict_udu=39.38% (23629/60000)
[BEST-TEST] overall=90.46% @ E005 -> finalist_runs/E1_residual_only_std/best_model_test_overall.pth | unseen_day_unseen_rx=86.53% @ E005 -> finalist_runs/E1_residual_only_std/best_model_strict_udu.pth | unseen_day_seen_rx=93.56% @ E008 | seen_day_unseen_rx=90.25% @ E005
[BEST-PRIMARY] score=87.91 @ E005 -> finalist_runs/E1_residual_only_std/best_model_primary_ood.pth | overall=90.46% strict_udu=86.53%
[BEST-WORST-RX] worst_rx=86.63% (test_rx_7) @ E002 -> finalist_runs/E1_residual_only_std/best_model_worst_rx.pth
====================================================================================================================================
[Epoch 034/060] time=89.2s | lr=2.04e-05 | aux_scale=1.000
[STAGE] phase=S2_stabilize_aux | use_aux=1.0 cons=0.34 cls_aux=0.29 reg=0.46 joint_inv=0.20 kl=0.24 group_ce=0.77
[MIXSTYLE-EPOCH] phase=base enabled=1 p=0.150 strength=0.650 anneal_t=0.000
[AUG] scale=0.350 | p_dac=0.000 p_pa=0.049 p_shift=0.122 p_cfo=0.122 p_awgn=0.140 p_mp=0.063 | max_shift=11 cfo_max=0.00014 pn_max=0.0021
------------------------------------------------------------------------------------------------------------------------------------
[LOSS-CORE] total=4.2846 cls=1.7016 dom=0.5733 adv=2.6194 orth=0.0018 cons=0.1927 group_ce=2.7439
[LOSS-AUX]  cls_pa=1.5461 cls_dac=0.0000 pa_joint_inv=0.2413 pa_kl=1.3652 dac_reg=0.0000 pa_reg=0.0146 gap_dac=0.0000 gap_pa=0.2663 cos_joint_pa=0.7587 cos_imp_pa=nan
[LOSS-SAT]  cls_sat=9.3984 sat_cons=0.7276 sat_cos=0.2724
[LOSS-DG]   proto=0.0000 proto_cos=nan supcon=0.0000 fishr=0.0016 sgc_res=0.0016
[LOSS-CAL]  ecc=0.0000 ecc_w=0.0000 ecc_tau=0.8235 ecc_maxp=nan
[TRAIN] tx=86.05% dom=80.21% cons_cos=0.8073
[GRAD]  total=4.136 backbone=1.000 aux=0.750 domain=0.455
[VAL]   tx=98.90% dom=93.44%
[TEST]  overall_tx=89.12% (181796/204000)
[TEST-SPLIT]
          unseen_day_seen_rx(days=['2021_03_15', '2021_03_23'], rxs=[0, 1, 2, 3, 4, 5, 6]): tx=92.90% (78032/84000)
          seen_day_unseen_rx(days=['2021_03_01', '2021_03_08'], rxs=[7, 8, 9, 10, 11]): tx=88.03% (52815/60000)
          unseen_day_unseen_rx(days=['2021_03_15', '2021_03_23'], rxs=[7, 8, 9, 10, 11]): tx=84.92% (50949/60000)
          day=2021_03_15 on seen_rxs=[0, 1, 2, 3, 4, 5, 6]: tx=95.05% (39923/42000)
          day=2021_03_23 on seen_rxs=[0, 1, 2, 3, 4, 5, 6]: tx=90.74% (38109/42000)
          rx=7 on seen_days=['2021_03_01', '2021_03_08']: tx=82.46% (9895/12000)
          rx=8 on seen_days=['2021_03_01', '2021_03_08']: tx=85.27% (10232/12000)
          rx=9 on seen_days=['2021_03_01', '2021_03_08']: tx=89.23% (10708/12000)
          rx=10 on seen_days=['2021_03_01', '2021_03_08']: tx=90.76% (10891/12000)
          rx=11 on seen_days=['2021_03_01', '2021_03_08']: tx=92.41% (11089/12000)
[BEST-JOINT]  val_tx=98.97% & test_tx=89.86% @ E011
[CKPT]  latest -> finalist_runs/E1_residual_only_std/latest_model.pth (saved) | best -> finalist_runs/E1_residual_only_std/best_model_val.pth
====================================================================================================================================
[SAT-TEST] scenario=clear_leo selected=test_unseen_day_unseen_rx overall_tx=42.83% strict_udu=42.83% (25698/60000)
[SAT-TEST] scenario=low_elev_leo selected=test_unseen_day_unseen_rx overall_tx=42.92% strict_udu=42.92% (25755/60000)
[SAT-TEST] scenario=rain_leo selected=test_unseen_day_unseen_rx overall_tx=40.95% strict_udu=40.95% (24569/60000)
[SAT-TEST] scenario=storm_mp selected=test_unseen_day_unseen_rx overall_tx=36.90% strict_udu=36.90% (22138/60000)
[SAT-TEST] scenario=mixed_orbit selected=test_unseen_day_unseen_rx overall_tx=39.09% strict_udu=39.09% (23453/60000)
[BEST-TEST] overall=90.46% @ E005 -> finalist_runs/E1_residual_only_std/best_model_test_overall.pth | unseen_day_unseen_rx=86.53% @ E005 -> finalist_runs/E1_residual_only_std/best_model_strict_udu.pth | unseen_day_seen_rx=93.56% @ E008 | seen_day_unseen_rx=90.25% @ E005
[BEST-PRIMARY] score=87.91 @ E005 -> finalist_runs/E1_residual_only_std/best_model_primary_ood.pth | overall=90.46% strict_udu=86.53%
[BEST-WORST-RX] worst_rx=86.63% (test_rx_7) @ E002 -> finalist_runs/E1_residual_only_std/best_model_worst_rx.pth
====================================================================================================================================
[Epoch 035/060] time=89.7s | lr=1.92e-05 | aux_scale=1.000
[STAGE] phase=S2_stabilize_aux | use_aux=1.0 cons=0.35 cls_aux=0.30 reg=0.47 joint_inv=0.20 kl=0.25 group_ce=0.78
[MIXSTYLE-EPOCH] phase=base enabled=1 p=0.150 strength=0.650 anneal_t=0.000
[AUG] scale=0.350 | p_dac=0.000 p_pa=0.049 p_shift=0.122 p_cfo=0.122 p_awgn=0.140 p_mp=0.063 | max_shift=11 cfo_max=0.00014 pn_max=0.0021
------------------------------------------------------------------------------------------------------------------------------------
[LOSS-CORE] total=3.3745 cls=1.0184 dom=0.3985 adv=2.6200 orth=0.0021 cons=0.1618 group_ce=1.8900
[LOSS-AUX]  cls_pa=1.5233 cls_dac=0.0000 pa_joint_inv=0.2366 pa_kl=1.3413 dac_reg=0.0000 pa_reg=0.0145 gap_dac=0.0000 gap_pa=0.2614 cos_joint_pa=0.7634 cos_imp_pa=nan
[LOSS-SAT]  cls_sat=9.4098 sat_cons=0.7394 sat_cos=0.2606
[LOSS-DG]   proto=0.0000 proto_cos=nan supcon=0.0000 fishr=0.0010 sgc_res=0.0017
[LOSS-CAL]  ecc=0.0000 ecc_w=0.0000 ecc_tau=0.8312 ecc_maxp=nan
[TRAIN] tx=91.77% dom=85.41% cons_cos=0.8382
[GRAD]  total=3.338 backbone=1.000 aux=0.750 domain=0.443
[VAL]   tx=98.85% dom=93.34%
[TEST]  overall_tx=89.31% (182183/204000)
[TEST-SPLIT]
          unseen_day_seen_rx(days=['2021_03_15', '2021_03_23'], rxs=[0, 1, 2, 3, 4, 5, 6]): tx=93.19% (78278/84000)
          seen_day_unseen_rx(days=['2021_03_01', '2021_03_08'], rxs=[7, 8, 9, 10, 11]): tx=88.25% (52949/60000)
          unseen_day_unseen_rx(days=['2021_03_15', '2021_03_23'], rxs=[7, 8, 9, 10, 11]): tx=84.93% (50956/60000)
          day=2021_03_15 on seen_rxs=[0, 1, 2, 3, 4, 5, 6]: tx=95.76% (40218/42000)
          day=2021_03_23 on seen_rxs=[0, 1, 2, 3, 4, 5, 6]: tx=90.62% (38060/42000)
          rx=7 on seen_days=['2021_03_01', '2021_03_08']: tx=84.16% (10099/12000)
          rx=8 on seen_days=['2021_03_01', '2021_03_08']: tx=85.26% (10231/12000)
          rx=9 on seen_days=['2021_03_01', '2021_03_08']: tx=89.06% (10687/12000)
          rx=10 on seen_days=['2021_03_01', '2021_03_08']: tx=91.78% (11014/12000)
          rx=11 on seen_days=['2021_03_01', '2021_03_08']: tx=90.98% (10918/12000)
[BEST-JOINT]  val_tx=98.97% & test_tx=89.86% @ E011
[CKPT]  latest -> finalist_runs/E1_residual_only_std/latest_model.pth (saved) | best -> finalist_runs/E1_residual_only_std/best_model_val.pth
====================================================================================================================================
[SAT-TEST] scenario=clear_leo selected=test_unseen_day_unseen_rx overall_tx=43.72% strict_udu=43.72% (26233/60000)
[SAT-TEST] scenario=low_elev_leo selected=test_unseen_day_unseen_rx overall_tx=43.78% strict_udu=43.78% (26267/60000)
[SAT-TEST] scenario=rain_leo selected=test_unseen_day_unseen_rx overall_tx=41.75% strict_udu=41.75% (25050/60000)
[SAT-TEST] scenario=storm_mp selected=test_unseen_day_unseen_rx overall_tx=37.36% strict_udu=37.36% (22414/60000)
[SAT-TEST] scenario=mixed_orbit selected=test_unseen_day_unseen_rx overall_tx=39.54% strict_udu=39.54% (23723/60000)
[BEST-TEST] overall=90.46% @ E005 -> finalist_runs/E1_residual_only_std/best_model_test_overall.pth | unseen_day_unseen_rx=86.53% @ E005 -> finalist_runs/E1_residual_only_std/best_model_strict_udu.pth | unseen_day_seen_rx=93.56% @ E008 | seen_day_unseen_rx=90.25% @ E005
[BEST-PRIMARY] score=87.91 @ E005 -> finalist_runs/E1_residual_only_std/best_model_primary_ood.pth | overall=90.46% strict_udu=86.53%
[BEST-WORST-RX] worst_rx=86.63% (test_rx_7) @ E002 -> finalist_runs/E1_residual_only_std/best_model_worst_rx.pth
====================================================================================================================================
[Epoch 036/060] time=88.9s | lr=1.79e-05 | aux_scale=1.000
[STAGE] phase=S2_stabilize_aux | use_aux=1.0 cons=0.36 cls_aux=0.31 reg=0.48 joint_inv=0.21 kl=0.25 group_ce=0.79
[MIXSTYLE-EPOCH] phase=base enabled=1 p=0.150 strength=0.650 anneal_t=0.000
[AUG] scale=0.350 | p_dac=0.000 p_pa=0.049 p_shift=0.122 p_cfo=0.122 p_awgn=0.140 p_mp=0.063 | max_shift=11 cfo_max=0.00014 pn_max=0.0021
------------------------------------------------------------------------------------------------------------------------------------
[LOSS-CORE] total=4.0421 cls=1.5180 dom=0.5043 adv=2.6219 orth=0.0019 cons=0.1849 group_ce=2.5533
[LOSS-AUX]  cls_pa=1.4456 cls_dac=0.0000 pa_joint_inv=0.2347 pa_kl=1.2693 dac_reg=0.0000 pa_reg=0.0147 gap_dac=0.0000 gap_pa=0.2618 cos_joint_pa=0.7653 cos_imp_pa=nan
[LOSS-SAT]  cls_sat=9.3906 sat_cons=0.7413 sat_cos=0.2587
[LOSS-DG]   proto=0.0000 proto_cos=nan supcon=0.0000 fishr=0.0015 sgc_res=0.0017
[LOSS-CAL]  ecc=0.0000 ecc_w=0.0000 ecc_tau=0.8388 ecc_maxp=nan
[TRAIN] tx=87.67% dom=81.27% cons_cos=0.8151
[GRAD]  total=3.410 backbone=1.000 aux=0.750 domain=0.450
[VAL]   tx=98.85% dom=93.60%
[TEST]  overall_tx=89.36% (182303/204000)
[TEST-SPLIT]
          unseen_day_seen_rx(days=['2021_03_15', '2021_03_23'], rxs=[0, 1, 2, 3, 4, 5, 6]): tx=93.17% (78265/84000)
          seen_day_unseen_rx(days=['2021_03_01', '2021_03_08'], rxs=[7, 8, 9, 10, 11]): tx=88.30% (52982/60000)
          unseen_day_unseen_rx(days=['2021_03_15', '2021_03_23'], rxs=[7, 8, 9, 10, 11]): tx=85.09% (51056/60000)
          day=2021_03_15 on seen_rxs=[0, 1, 2, 3, 4, 5, 6]: tx=95.83% (40248/42000)
          day=2021_03_23 on seen_rxs=[0, 1, 2, 3, 4, 5, 6]: tx=90.52% (38017/42000)
          rx=7 on seen_days=['2021_03_01', '2021_03_08']: tx=84.25% (10110/12000)
          rx=8 on seen_days=['2021_03_01', '2021_03_08']: tx=84.48% (10138/12000)
          rx=9 on seen_days=['2021_03_01', '2021_03_08']: tx=89.08% (10689/12000)
          rx=10 on seen_days=['2021_03_01', '2021_03_08']: tx=91.81% (11017/12000)
          rx=11 on seen_days=['2021_03_01', '2021_03_08']: tx=91.90% (11028/12000)
[BEST-JOINT]  val_tx=98.97% & test_tx=89.86% @ E011
[CKPT]  latest -> finalist_runs/E1_residual_only_std/latest_model.pth (saved) | best -> finalist_runs/E1_residual_only_std/best_model_val.pth
====================================================================================================================================
[SAT-TEST] scenario=clear_leo selected=test_unseen_day_unseen_rx overall_tx=44.05% strict_udu=44.05% (26429/60000)
[SAT-TEST] scenario=low_elev_leo selected=test_unseen_day_unseen_rx overall_tx=44.14% strict_udu=44.14% (26484/60000)
[SAT-TEST] scenario=rain_leo selected=test_unseen_day_unseen_rx overall_tx=42.01% strict_udu=42.01% (25204/60000)
[SAT-TEST] scenario=storm_mp selected=test_unseen_day_unseen_rx overall_tx=37.54% strict_udu=37.54% (22524/60000)
[SAT-TEST] scenario=mixed_orbit selected=test_unseen_day_unseen_rx overall_tx=40.13% strict_udu=40.13% (24081/60000)
[BEST-TEST] overall=90.46% @ E005 -> finalist_runs/E1_residual_only_std/best_model_test_overall.pth | unseen_day_unseen_rx=86.53% @ E005 -> finalist_runs/E1_residual_only_std/best_model_strict_udu.pth | unseen_day_seen_rx=93.56% @ E008 | seen_day_unseen_rx=90.25% @ E005
[BEST-PRIMARY] score=87.91 @ E005 -> finalist_runs/E1_residual_only_std/best_model_primary_ood.pth | overall=90.46% strict_udu=86.53%
[BEST-WORST-RX] worst_rx=86.63% (test_rx_7) @ E002 -> finalist_runs/E1_residual_only_std/best_model_worst_rx.pth
====================================================================================================================================
[Epoch 037/060] time=89.2s | lr=1.67e-05 | aux_scale=1.000
[STAGE] phase=S2_stabilize_aux | use_aux=1.0 cons=0.38 cls_aux=0.33 reg=0.50 joint_inv=0.21 kl=0.26 group_ce=0.80
[MIXSTYLE-EPOCH] phase=base enabled=1 p=0.150 strength=0.650 anneal_t=0.000
[AUG] scale=0.350 | p_dac=0.000 p_pa=0.049 p_shift=0.122 p_cfo=0.122 p_awgn=0.140 p_mp=0.063 | max_shift=11 cfo_max=0.00014 pn_max=0.0021
------------------------------------------------------------------------------------------------------------------------------------
[LOSS-CORE] total=4.0325 cls=1.5053 dom=0.5017 adv=2.6184 orth=0.0018 cons=0.1873 group_ce=2.5529
[LOSS-AUX]  cls_pa=1.5146 cls_dac=0.0000 pa_joint_inv=0.2392 pa_kl=1.3373 dac_reg=0.0000 pa_reg=0.0143 gap_dac=0.0000 gap_pa=0.2671 cos_joint_pa=0.7608 cos_imp_pa=nan
[LOSS-SAT]  cls_sat=9.2239 sat_cons=0.7196 sat_cos=0.2804
[LOSS-DG]   proto=0.0000 proto_cos=nan supcon=0.0000 fishr=0.0015 sgc_res=0.0016
[LOSS-CAL]  ecc=0.0000 ecc_w=0.0000 ecc_tau=0.8464 ecc_maxp=nan
[TRAIN] tx=88.00% dom=81.94% cons_cos=0.8127
[GRAD]  total=3.792 backbone=1.000 aux=0.750 domain=0.442
[VAL]   tx=98.89% dom=93.49%
[TEST]  overall_tx=88.99% (181532/204000)
[TEST-SPLIT]
          unseen_day_seen_rx(days=['2021_03_15', '2021_03_23'], rxs=[0, 1, 2, 3, 4, 5, 6]): tx=93.07% (78180/84000)
          seen_day_unseen_rx(days=['2021_03_01', '2021_03_08'], rxs=[7, 8, 9, 10, 11]): tx=87.80% (52677/60000)
          unseen_day_unseen_rx(days=['2021_03_15', '2021_03_23'], rxs=[7, 8, 9, 10, 11]): tx=84.46% (50675/60000)
          day=2021_03_15 on seen_rxs=[0, 1, 2, 3, 4, 5, 6]: tx=95.39% (40063/42000)
          day=2021_03_23 on seen_rxs=[0, 1, 2, 3, 4, 5, 6]: tx=90.75% (38117/42000)
          rx=7 on seen_days=['2021_03_01', '2021_03_08']: tx=83.74% (10049/12000)
          rx=8 on seen_days=['2021_03_01', '2021_03_08']: tx=83.47% (10016/12000)
          rx=9 on seen_days=['2021_03_01', '2021_03_08']: tx=88.93% (10672/12000)
          rx=10 on seen_days=['2021_03_01', '2021_03_08']: tx=91.72% (11006/12000)
          rx=11 on seen_days=['2021_03_01', '2021_03_08']: tx=91.12% (10934/12000)
[BEST-JOINT]  val_tx=98.97% & test_tx=89.86% @ E011
[CKPT]  latest -> finalist_runs/E1_residual_only_std/latest_model.pth (saved) | best -> finalist_runs/E1_residual_only_std/best_model_val.pth
====================================================================================================================================
[SAT-TEST] scenario=clear_leo selected=test_unseen_day_unseen_rx overall_tx=43.44% strict_udu=43.44% (26062/60000)
[SAT-TEST] scenario=low_elev_leo selected=test_unseen_day_unseen_rx overall_tx=43.20% strict_udu=43.20% (25922/60000)
[SAT-TEST] scenario=rain_leo selected=test_unseen_day_unseen_rx overall_tx=41.26% strict_udu=41.26% (24755/60000)
[SAT-TEST] scenario=storm_mp selected=test_unseen_day_unseen_rx overall_tx=37.01% strict_udu=37.01% (22203/60000)
[SAT-TEST] scenario=mixed_orbit selected=test_unseen_day_unseen_rx overall_tx=39.23% strict_udu=39.23% (23539/60000)
[BEST-TEST] overall=90.46% @ E005 -> finalist_runs/E1_residual_only_std/best_model_test_overall.pth | unseen_day_unseen_rx=86.53% @ E005 -> finalist_runs/E1_residual_only_std/best_model_strict_udu.pth | unseen_day_seen_rx=93.56% @ E008 | seen_day_unseen_rx=90.25% @ E005
[BEST-PRIMARY] score=87.91 @ E005 -> finalist_runs/E1_residual_only_std/best_model_primary_ood.pth | overall=90.46% strict_udu=86.53%
[BEST-WORST-RX] worst_rx=86.63% (test_rx_7) @ E002 -> finalist_runs/E1_residual_only_std/best_model_worst_rx.pth
====================================================================================================================================
[Epoch 038/060] time=88.5s | lr=1.55e-05 | aux_scale=1.000
[STAGE] phase=S2_stabilize_aux | use_aux=1.0 cons=0.39 cls_aux=0.34 reg=0.51 joint_inv=0.22 kl=0.27 group_ce=0.81
[MIXSTYLE-EPOCH] phase=base enabled=1 p=0.150 strength=0.650 anneal_t=0.000
[AUG] scale=0.350 | p_dac=0.000 p_pa=0.049 p_shift=0.122 p_cfo=0.122 p_awgn=0.140 p_mp=0.063 | max_shift=11 cfo_max=0.00014 pn_max=0.0021
------------------------------------------------------------------------------------------------------------------------------------
[LOSS-CORE] total=3.8198 cls=1.3219 dom=0.4637 adv=2.6180 orth=0.0019 cons=0.1792 group_ce=2.3110
[LOSS-AUX]  cls_pa=1.4587 cls_dac=0.0000 pa_joint_inv=0.2345 pa_kl=1.2828 dac_reg=0.0000 pa_reg=0.0148 gap_dac=0.0000 gap_pa=0.2606 cos_joint_pa=0.7655 cos_imp_pa=nan
[LOSS-SAT]  cls_sat=9.4115 sat_cons=0.7376 sat_cos=0.2624
[LOSS-DG]   proto=0.0000 proto_cos=nan supcon=0.0000 fishr=0.0014 sgc_res=0.0017
[LOSS-CAL]  ecc=0.0000 ecc_w=0.0000 ecc_tau=0.8538 ecc_maxp=nan
[TRAIN] tx=89.52% dom=83.15% cons_cos=0.8208
[GRAD]  total=3.701 backbone=1.000 aux=0.750 domain=0.425
[VAL]   tx=98.91% dom=93.54%
[TEST]  overall_tx=89.21% (181992/204000)
[TEST-SPLIT]
          unseen_day_seen_rx(days=['2021_03_15', '2021_03_23'], rxs=[0, 1, 2, 3, 4, 5, 6]): tx=93.02% (78139/84000)
          seen_day_unseen_rx(days=['2021_03_01', '2021_03_08'], rxs=[7, 8, 9, 10, 11]): tx=88.27% (52964/60000)
          unseen_day_unseen_rx(days=['2021_03_15', '2021_03_23'], rxs=[7, 8, 9, 10, 11]): tx=84.81% (50889/60000)
          day=2021_03_15 on seen_rxs=[0, 1, 2, 3, 4, 5, 6]: tx=95.01% (39905/42000)
          day=2021_03_23 on seen_rxs=[0, 1, 2, 3, 4, 5, 6]: tx=91.03% (38234/42000)
          rx=7 on seen_days=['2021_03_01', '2021_03_08']: tx=83.51% (10021/12000)
          rx=8 on seen_days=['2021_03_01', '2021_03_08']: tx=84.53% (10143/12000)
          rx=9 on seen_days=['2021_03_01', '2021_03_08']: tx=89.25% (10710/12000)
          rx=10 on seen_days=['2021_03_01', '2021_03_08']: tx=91.26% (10951/12000)
          rx=11 on seen_days=['2021_03_01', '2021_03_08']: tx=92.83% (11139/12000)
[BEST-JOINT]  val_tx=98.97% & test_tx=89.86% @ E011
[CKPT]  latest -> finalist_runs/E1_residual_only_std/latest_model.pth (saved) | best -> finalist_runs/E1_residual_only_std/best_model_val.pth
====================================================================================================================================
[SAT-TEST] scenario=clear_leo selected=test_unseen_day_unseen_rx overall_tx=43.22% strict_udu=43.22% (25932/60000)
[SAT-TEST] scenario=low_elev_leo selected=test_unseen_day_unseen_rx overall_tx=43.00% strict_udu=43.00% (25799/60000)
[SAT-TEST] scenario=rain_leo selected=test_unseen_day_unseen_rx overall_tx=41.12% strict_udu=41.12% (24670/60000)
[SAT-TEST] scenario=storm_mp selected=test_unseen_day_unseen_rx overall_tx=36.91% strict_udu=36.91% (22144/60000)
[SAT-TEST] scenario=mixed_orbit selected=test_unseen_day_unseen_rx overall_tx=39.07% strict_udu=39.07% (23444/60000)
[BEST-TEST] overall=90.46% @ E005 -> finalist_runs/E1_residual_only_std/best_model_test_overall.pth | unseen_day_unseen_rx=86.53% @ E005 -> finalist_runs/E1_residual_only_std/best_model_strict_udu.pth | unseen_day_seen_rx=93.56% @ E008 | seen_day_unseen_rx=90.25% @ E005
[BEST-PRIMARY] score=87.91 @ E005 -> finalist_runs/E1_residual_only_std/best_model_primary_ood.pth | overall=90.46% strict_udu=86.53%
[BEST-WORST-RX] worst_rx=86.63% (test_rx_7) @ E002 -> finalist_runs/E1_residual_only_std/best_model_worst_rx.pth
====================================================================================================================================
[Epoch 039/060] time=87.7s | lr=1.44e-05 | aux_scale=1.000
[STAGE] phase=S2_stabilize_aux | use_aux=1.0 cons=0.41 cls_aux=0.36 reg=0.52 joint_inv=0.23 kl=0.28 group_ce=0.81
[MIXSTYLE-EPOCH] phase=base enabled=1 p=0.150 strength=0.650 anneal_t=0.000
[AUG] scale=0.350 | p_dac=0.000 p_pa=0.049 p_shift=0.122 p_cfo=0.122 p_awgn=0.140 p_mp=0.063 | max_shift=11 cfo_max=0.00014 pn_max=0.0021
------------------------------------------------------------------------------------------------------------------------------------
[LOSS-CORE] total=3.8602 cls=1.3094 dom=0.5048 adv=2.6210 orth=0.0018 cons=0.1789 group_ce=2.2629
[LOSS-AUX]  cls_pa=1.4848 cls_dac=0.0000 pa_joint_inv=0.2338 pa_kl=1.3103 dac_reg=0.0000 pa_reg=0.0148 gap_dac=0.0000 gap_pa=0.2601 cos_joint_pa=0.7662 cos_imp_pa=nan
[LOSS-SAT]  cls_sat=9.3574 sat_cons=0.7352 sat_cos=0.2648
[LOSS-DG]   proto=0.0000 proto_cos=nan supcon=0.0000 fishr=0.0013 sgc_res=0.0016
[LOSS-CAL]  ecc=0.0000 ecc_w=0.0000 ecc_tau=0.8610 ecc_maxp=nan
[TRAIN] tx=89.41% dom=82.49% cons_cos=0.8211
[GRAD]  total=3.450 backbone=1.000 aux=0.750 domain=0.444
[VAL]   tx=98.88% dom=93.61%
[TEST]  overall_tx=89.18% (181921/204000)
[TEST-SPLIT]
          unseen_day_seen_rx(days=['2021_03_15', '2021_03_23'], rxs=[0, 1, 2, 3, 4, 5, 6]): tx=92.96% (78086/84000)
          seen_day_unseen_rx(days=['2021_03_01', '2021_03_08'], rxs=[7, 8, 9, 10, 11]): tx=88.29% (52973/60000)
          unseen_day_unseen_rx(days=['2021_03_15', '2021_03_23'], rxs=[7, 8, 9, 10, 11]): tx=84.77% (50862/60000)
          day=2021_03_15 on seen_rxs=[0, 1, 2, 3, 4, 5, 6]: tx=95.17% (39972/42000)
          day=2021_03_23 on seen_rxs=[0, 1, 2, 3, 4, 5, 6]: tx=90.75% (38114/42000)
          rx=7 on seen_days=['2021_03_01', '2021_03_08']: tx=83.97% (10077/12000)
          rx=8 on seen_days=['2021_03_01', '2021_03_08']: tx=84.37% (10124/12000)
          rx=9 on seen_days=['2021_03_01', '2021_03_08']: tx=89.13% (10696/12000)
          rx=10 on seen_days=['2021_03_01', '2021_03_08']: tx=91.76% (11011/12000)
          rx=11 on seen_days=['2021_03_01', '2021_03_08']: tx=92.21% (11065/12000)
[BEST-JOINT]  val_tx=98.97% & test_tx=89.86% @ E011
[CKPT]  latest -> finalist_runs/E1_residual_only_std/latest_model.pth (saved) | best -> finalist_runs/E1_residual_only_std/best_model_val.pth
====================================================================================================================================
[SAT-TEST] scenario=clear_leo selected=test_unseen_day_unseen_rx overall_tx=43.87% strict_udu=43.87% (26322/60000)
[SAT-TEST] scenario=low_elev_leo selected=test_unseen_day_unseen_rx overall_tx=43.78% strict_udu=43.78% (26270/60000)
[SAT-TEST] scenario=rain_leo selected=test_unseen_day_unseen_rx overall_tx=41.62% strict_udu=41.62% (24971/60000)
[SAT-TEST] scenario=storm_mp selected=test_unseen_day_unseen_rx overall_tx=37.23% strict_udu=37.23% (22339/60000)
[SAT-TEST] scenario=mixed_orbit selected=test_unseen_day_unseen_rx overall_tx=39.48% strict_udu=39.48% (23685/60000)
[BEST-TEST] overall=90.46% @ E005 -> finalist_runs/E1_residual_only_std/best_model_test_overall.pth | unseen_day_unseen_rx=86.53% @ E005 -> finalist_runs/E1_residual_only_std/best_model_strict_udu.pth | unseen_day_seen_rx=93.56% @ E008 | seen_day_unseen_rx=90.25% @ E005
[BEST-PRIMARY] score=87.91 @ E005 -> finalist_runs/E1_residual_only_std/best_model_primary_ood.pth | overall=90.46% strict_udu=86.53%
[BEST-WORST-RX] worst_rx=86.63% (test_rx_7) @ E002 -> finalist_runs/E1_residual_only_std/best_model_worst_rx.pth
====================================================================================================================================
[Epoch 040/060] time=88.7s | lr=1.33e-05 | aux_scale=1.000
[STAGE] phase=S2_stabilize_aux | use_aux=1.0 cons=0.42 cls_aux=0.37 reg=0.53 joint_inv=0.23 kl=0.29 group_ce=0.82
[MIXSTYLE-EPOCH] phase=base enabled=1 p=0.150 strength=0.650 anneal_t=0.000
[AUG] scale=0.350 | p_dac=0.000 p_pa=0.049 p_shift=0.122 p_cfo=0.122 p_awgn=0.140 p_mp=0.063 | max_shift=11 cfo_max=0.00014 pn_max=0.0021
------------------------------------------------------------------------------------------------------------------------------------
[LOSS-CORE] total=3.9574 cls=1.3881 dom=0.4888 adv=2.6194 orth=0.0019 cons=0.1824 group_ce=2.3558
[LOSS-AUX]  cls_pa=1.4808 cls_dac=0.0000 pa_joint_inv=0.2347 pa_kl=1.3019 dac_reg=0.0000 pa_reg=0.0149 gap_dac=0.0000 gap_pa=0.2601 cos_joint_pa=0.7653 cos_imp_pa=nan
[LOSS-SAT]  cls_sat=9.4752 sat_cons=0.7432 sat_cos=0.2568
[LOSS-DG]   proto=0.0000 proto_cos=nan supcon=0.0000 fishr=0.0014 sgc_res=0.0016
[LOSS-CAL]  ecc=0.0000 ecc_w=0.0000 ecc_tau=0.8681 ecc_maxp=nan
[TRAIN] tx=88.71% dom=82.21% cons_cos=0.8176
[GRAD]  total=3.620 backbone=1.000 aux=0.750 domain=0.438
[VAL]   tx=98.92% dom=93.63%
[TEST]  overall_tx=89.71% (182999/204000)
[TEST-SPLIT]
          unseen_day_seen_rx(days=['2021_03_15', '2021_03_23'], rxs=[0, 1, 2, 3, 4, 5, 6]): tx=93.23% (78317/84000)
          seen_day_unseen_rx(days=['2021_03_01', '2021_03_08'], rxs=[7, 8, 9, 10, 11]): tx=89.20% (53519/60000)
          unseen_day_unseen_rx(days=['2021_03_15', '2021_03_23'], rxs=[7, 8, 9, 10, 11]): tx=85.27% (51163/60000)
          day=2021_03_15 on seen_rxs=[0, 1, 2, 3, 4, 5, 6]: tx=95.45% (40087/42000)
          day=2021_03_23 on seen_rxs=[0, 1, 2, 3, 4, 5, 6]: tx=91.02% (38230/42000)
          rx=7 on seen_days=['2021_03_01', '2021_03_08']: tx=85.49% (10259/12000)
          rx=8 on seen_days=['2021_03_01', '2021_03_08']: tx=85.29% (10235/12000)
          rx=9 on seen_days=['2021_03_01', '2021_03_08']: tx=89.54% (10745/12000)
          rx=10 on seen_days=['2021_03_01', '2021_03_08']: tx=91.87% (11024/12000)
          rx=11 on seen_days=['2021_03_01', '2021_03_08']: tx=93.80% (11256/12000)
[BEST-JOINT]  val_tx=98.97% & test_tx=89.86% @ E011
[CKPT]  latest -> finalist_runs/E1_residual_only_std/latest_model.pth (saved) | best -> finalist_runs/E1_residual_only_std/best_model_val.pth
====================================================================================================================================
[SAT-TEST] scenario=clear_leo selected=test_unseen_day_unseen_rx overall_tx=44.10% strict_udu=44.10% (26463/60000)
[SAT-TEST] scenario=low_elev_leo selected=test_unseen_day_unseen_rx overall_tx=44.05% strict_udu=44.05% (26433/60000)
[SAT-TEST] scenario=rain_leo selected=test_unseen_day_unseen_rx overall_tx=41.91% strict_udu=41.91% (25147/60000)
[SAT-TEST] scenario=storm_mp selected=test_unseen_day_unseen_rx overall_tx=37.50% strict_udu=37.50% (22501/60000)
[SAT-TEST] scenario=mixed_orbit selected=test_unseen_day_unseen_rx overall_tx=40.32% strict_udu=40.32% (24194/60000)
[BEST-TEST] overall=90.46% @ E005 -> finalist_runs/E1_residual_only_std/best_model_test_overall.pth | unseen_day_unseen_rx=86.53% @ E005 -> finalist_runs/E1_residual_only_std/best_model_strict_udu.pth | unseen_day_seen_rx=93.56% @ E008 | seen_day_unseen_rx=90.25% @ E005
[BEST-PRIMARY] score=87.91 @ E005 -> finalist_runs/E1_residual_only_std/best_model_primary_ood.pth | overall=90.46% strict_udu=86.53%
[BEST-WORST-RX] worst_rx=86.63% (test_rx_7) @ E002 -> finalist_runs/E1_residual_only_std/best_model_worst_rx.pth
====================================================================================================================================
[Epoch 041/060] time=89.6s | lr=1.22e-05 | aux_scale=1.000
[STAGE] phase=S2_stabilize_aux | use_aux=1.0 cons=0.44 cls_aux=0.39 reg=0.55 joint_inv=0.24 kl=0.30 group_ce=0.83
[MIXSTYLE-EPOCH] phase=base enabled=1 p=0.150 strength=0.650 anneal_t=0.000
[AUG] scale=0.350 | p_dac=0.000 p_pa=0.049 p_shift=0.122 p_cfo=0.122 p_awgn=0.140 p_mp=0.063 | max_shift=11 cfo_max=0.00014 pn_max=0.0021
------------------------------------------------------------------------------------------------------------------------------------
[LOSS-CORE] total=4.1657 cls=1.5604 dom=0.4918 adv=2.6191 orth=0.0020 cons=0.1892 group_ce=2.5700
[LOSS-AUX]  cls_pa=1.4240 cls_dac=0.0000 pa_joint_inv=0.2356 pa_kl=1.2537 dac_reg=0.0000 pa_reg=0.0146 gap_dac=0.0000 gap_pa=0.2696 cos_joint_pa=0.7644 cos_imp_pa=nan
[LOSS-SAT]  cls_sat=9.4969 sat_cons=0.7373 sat_cos=0.2627
[LOSS-DG]   proto=0.0000 proto_cos=nan supcon=0.0000 fishr=0.0015 sgc_res=0.0017
[LOSS-CAL]  ecc=0.0000 ecc_w=0.0000 ecc_tau=0.8750 ecc_maxp=nan
[TRAIN] tx=87.26% dom=81.86% cons_cos=0.8108
[GRAD]  total=4.010 backbone=1.000 aux=0.750 domain=0.434
[VAL]   tx=98.92% dom=93.60%
[TEST]  overall_tx=89.61% (182796/204000)
[TEST-SPLIT]
          unseen_day_seen_rx(days=['2021_03_15', '2021_03_23'], rxs=[0, 1, 2, 3, 4, 5, 6]): tx=93.12% (78224/84000)
          seen_day_unseen_rx(days=['2021_03_01', '2021_03_08'], rxs=[7, 8, 9, 10, 11]): tx=88.98% (53391/60000)
          unseen_day_unseen_rx(days=['2021_03_15', '2021_03_23'], rxs=[7, 8, 9, 10, 11]): tx=85.30% (51181/60000)
          day=2021_03_15 on seen_rxs=[0, 1, 2, 3, 4, 5, 6]: tx=95.43% (40081/42000)
          day=2021_03_23 on seen_rxs=[0, 1, 2, 3, 4, 5, 6]: tx=90.82% (38143/42000)
          rx=7 on seen_days=['2021_03_01', '2021_03_08']: tx=84.44% (10133/12000)
          rx=8 on seen_days=['2021_03_01', '2021_03_08']: tx=85.02% (10202/12000)
          rx=9 on seen_days=['2021_03_01', '2021_03_08']: tx=89.64% (10757/12000)
          rx=10 on seen_days=['2021_03_01', '2021_03_08']: tx=91.78% (11014/12000)
          rx=11 on seen_days=['2021_03_01', '2021_03_08']: tx=94.04% (11285/12000)
[BEST-JOINT]  val_tx=98.97% & test_tx=89.86% @ E011
[CKPT]  latest -> finalist_runs/E1_residual_only_std/latest_model.pth (saved) | best -> finalist_runs/E1_residual_only_std/best_model_val.pth
====================================================================================================================================
[SAT-TEST] scenario=clear_leo selected=test_unseen_day_unseen_rx overall_tx=44.01% strict_udu=44.01% (26408/60000)
[SAT-TEST] scenario=low_elev_leo selected=test_unseen_day_unseen_rx overall_tx=44.07% strict_udu=44.07% (26444/60000)
[SAT-TEST] scenario=rain_leo selected=test_unseen_day_unseen_rx overall_tx=41.73% strict_udu=41.73% (25037/60000)
[SAT-TEST] scenario=storm_mp selected=test_unseen_day_unseen_rx overall_tx=37.44% strict_udu=37.44% (22464/60000)
[SAT-TEST] scenario=mixed_orbit selected=test_unseen_day_unseen_rx overall_tx=40.14% strict_udu=40.14% (24086/60000)
[BEST-TEST] overall=90.46% @ E005 -> finalist_runs/E1_residual_only_std/best_model_test_overall.pth | unseen_day_unseen_rx=86.53% @ E005 -> finalist_runs/E1_residual_only_std/best_model_strict_udu.pth | unseen_day_seen_rx=93.56% @ E008 | seen_day_unseen_rx=90.25% @ E005
[BEST-PRIMARY] score=87.91 @ E005 -> finalist_runs/E1_residual_only_std/best_model_primary_ood.pth | overall=90.46% strict_udu=86.53%
[BEST-WORST-RX] worst_rx=86.63% (test_rx_7) @ E002 -> finalist_runs/E1_residual_only_std/best_model_worst_rx.pth
====================================================================================================================================
[Epoch 042/060] time=88.1s | lr=1.11e-05 | aux_scale=1.000
[STAGE] phase=S2_stabilize_aux | use_aux=1.0 cons=0.46 cls_aux=0.41 reg=0.56 joint_inv=0.24 kl=0.31 group_ce=0.84
[MIXSTYLE-EPOCH] phase=base enabled=1 p=0.150 strength=0.650 anneal_t=0.000
[AUG] scale=0.350 | p_dac=0.000 p_pa=0.049 p_shift=0.122 p_cfo=0.122 p_awgn=0.140 p_mp=0.063 | max_shift=11 cfo_max=0.00014 pn_max=0.0021
------------------------------------------------------------------------------------------------------------------------------------
[LOSS-CORE] total=4.3056 cls=1.6102 dom=0.5623 adv=2.6203 orth=0.0018 cons=0.1885 group_ce=2.5718
[LOSS-AUX]  cls_pa=1.5085 cls_dac=0.0000 pa_joint_inv=0.2359 pa_kl=1.3282 dac_reg=0.0000 pa_reg=0.0146 gap_dac=0.0000 gap_pa=0.2640 cos_joint_pa=0.7641 cos_imp_pa=nan
[LOSS-SAT]  cls_sat=9.4112 sat_cons=0.7235 sat_cos=0.2765
[LOSS-DG]   proto=0.0000 proto_cos=nan supcon=0.0000 fishr=0.0016 sgc_res=0.0018
[LOSS-CAL]  ecc=0.0000 ecc_w=0.0000 ecc_tau=0.8817 ecc_maxp=nan
[TRAIN] tx=86.71% dom=80.46% cons_cos=0.8115
[GRAD]  total=3.648 backbone=1.000 aux=0.750 domain=0.438
[VAL]   tx=98.89% dom=93.59%
[TEST]  overall_tx=89.08% (181715/204000)
[TEST-SPLIT]
          unseen_day_seen_rx(days=['2021_03_15', '2021_03_23'], rxs=[0, 1, 2, 3, 4, 5, 6]): tx=92.90% (78035/84000)
          seen_day_unseen_rx(days=['2021_03_01', '2021_03_08'], rxs=[7, 8, 9, 10, 11]): tx=88.19% (52914/60000)
          unseen_day_unseen_rx(days=['2021_03_15', '2021_03_23'], rxs=[7, 8, 9, 10, 11]): tx=84.61% (50766/60000)
          day=2021_03_15 on seen_rxs=[0, 1, 2, 3, 4, 5, 6]: tx=95.15% (39962/42000)
          day=2021_03_23 on seen_rxs=[0, 1, 2, 3, 4, 5, 6]: tx=90.65% (38073/42000)
          rx=7 on seen_days=['2021_03_01', '2021_03_08']: tx=84.31% (10117/12000)
          rx=8 on seen_days=['2021_03_01', '2021_03_08']: tx=84.31% (10117/12000)
          rx=9 on seen_days=['2021_03_01', '2021_03_08']: tx=89.26% (10711/12000)
          rx=10 on seen_days=['2021_03_01', '2021_03_08']: tx=91.51% (10981/12000)
          rx=11 on seen_days=['2021_03_01', '2021_03_08']: tx=91.57% (10988/12000)
[BEST-JOINT]  val_tx=98.97% & test_tx=89.86% @ E011
[CKPT]  latest -> finalist_runs/E1_residual_only_std/latest_model.pth (saved) | best -> finalist_runs/E1_residual_only_std/best_model_val.pth
====================================================================================================================================
[SAT-TEST] scenario=clear_leo selected=test_unseen_day_unseen_rx overall_tx=43.70% strict_udu=43.70% (26219/60000)
[SAT-TEST] scenario=low_elev_leo selected=test_unseen_day_unseen_rx overall_tx=43.96% strict_udu=43.96% (26376/60000)
[SAT-TEST] scenario=rain_leo selected=test_unseen_day_unseen_rx overall_tx=41.70% strict_udu=41.70% (25023/60000)
[SAT-TEST] scenario=storm_mp selected=test_unseen_day_unseen_rx overall_tx=37.16% strict_udu=37.16% (22297/60000)
[SAT-TEST] scenario=mixed_orbit selected=test_unseen_day_unseen_rx overall_tx=39.53% strict_udu=39.53% (23716/60000)
[BEST-TEST] overall=90.46% @ E005 -> finalist_runs/E1_residual_only_std/best_model_test_overall.pth | unseen_day_unseen_rx=86.53% @ E005 -> finalist_runs/E1_residual_only_std/best_model_strict_udu.pth | unseen_day_seen_rx=93.56% @ E008 | seen_day_unseen_rx=90.25% @ E005
[BEST-PRIMARY] score=87.91 @ E005 -> finalist_runs/E1_residual_only_std/best_model_primary_ood.pth | overall=90.46% strict_udu=86.53%
[BEST-WORST-RX] worst_rx=86.63% (test_rx_7) @ E002 -> finalist_runs/E1_residual_only_std/best_model_worst_rx.pth
====================================================================================================================================
[Epoch 043/060] time=89.5s | lr=1.01e-05 | aux_scale=1.000
[STAGE] phase=S2_stabilize_aux | use_aux=1.0 cons=0.48 cls_aux=0.43 reg=0.58 joint_inv=0.25 kl=0.33 group_ce=0.85
[MIXSTYLE-EPOCH] phase=base enabled=1 p=0.150 strength=0.650 anneal_t=0.000
[AUG] scale=0.350 | p_dac=0.000 p_pa=0.049 p_shift=0.122 p_cfo=0.122 p_awgn=0.140 p_mp=0.063 | max_shift=11 cfo_max=0.00014 pn_max=0.0021
------------------------------------------------------------------------------------------------------------------------------------
[LOSS-CORE] total=4.0905 cls=1.4402 dom=0.5255 adv=2.6270 orth=0.0019 cons=0.1771 group_ce=2.3621
[LOSS-AUX]  cls_pa=1.4571 cls_dac=0.0000 pa_joint_inv=0.2329 pa_kl=1.2778 dac_reg=0.0000 pa_reg=0.0147 gap_dac=0.0000 gap_pa=0.2602 cos_joint_pa=0.7671 cos_imp_pa=nan
[LOSS-SAT]  cls_sat=9.3152 sat_cons=0.7236 sat_cos=0.2764
[LOSS-DG]   proto=0.0000 proto_cos=nan supcon=0.0000 fishr=0.0014 sgc_res=0.0018
[LOSS-CAL]  ecc=0.0000 ecc_w=0.0000 ecc_tau=0.8882 ecc_maxp=nan
[TRAIN] tx=88.27% dom=82.09% cons_cos=0.8229
[GRAD]  total=3.633 backbone=1.000 aux=0.750 domain=0.427
[VAL]   tx=98.89% dom=93.60%
[TEST]  overall_tx=89.51% (182598/204000)
[TEST-SPLIT]
          unseen_day_seen_rx(days=['2021_03_15', '2021_03_23'], rxs=[0, 1, 2, 3, 4, 5, 6]): tx=93.12% (78225/84000)
          seen_day_unseen_rx(days=['2021_03_01', '2021_03_08'], rxs=[7, 8, 9, 10, 11]): tx=88.88% (53325/60000)
          unseen_day_unseen_rx(days=['2021_03_15', '2021_03_23'], rxs=[7, 8, 9, 10, 11]): tx=85.08% (51048/60000)
          day=2021_03_15 on seen_rxs=[0, 1, 2, 3, 4, 5, 6]: tx=95.54% (40125/42000)
          day=2021_03_23 on seen_rxs=[0, 1, 2, 3, 4, 5, 6]: tx=90.71% (38100/42000)
          rx=7 on seen_days=['2021_03_01', '2021_03_08']: tx=84.67% (10160/12000)
          rx=8 on seen_days=['2021_03_01', '2021_03_08']: tx=84.87% (10184/12000)
          rx=9 on seen_days=['2021_03_01', '2021_03_08']: tx=89.17% (10700/12000)
          rx=10 on seen_days=['2021_03_01', '2021_03_08']: tx=92.43% (11092/12000)
          rx=11 on seen_days=['2021_03_01', '2021_03_08']: tx=93.24% (11189/12000)
[BEST-JOINT]  val_tx=98.97% & test_tx=89.86% @ E011
[CKPT]  latest -> finalist_runs/E1_residual_only_std/latest_model.pth (saved) | best -> finalist_runs/E1_residual_only_std/best_model_val.pth
====================================================================================================================================
[SAT-TEST] scenario=clear_leo selected=test_unseen_day_unseen_rx overall_tx=44.10% strict_udu=44.10% (26459/60000)
[SAT-TEST] scenario=low_elev_leo selected=test_unseen_day_unseen_rx overall_tx=44.17% strict_udu=44.17% (26500/60000)
[SAT-TEST] scenario=rain_leo selected=test_unseen_day_unseen_rx overall_tx=41.92% strict_udu=41.92% (25151/60000)
[SAT-TEST] scenario=storm_mp selected=test_unseen_day_unseen_rx overall_tx=37.57% strict_udu=37.57% (22540/60000)
[SAT-TEST] scenario=mixed_orbit selected=test_unseen_day_unseen_rx overall_tx=40.27% strict_udu=40.27% (24160/60000)
[BEST-TEST] overall=90.46% @ E005 -> finalist_runs/E1_residual_only_std/best_model_test_overall.pth | unseen_day_unseen_rx=86.53% @ E005 -> finalist_runs/E1_residual_only_std/best_model_strict_udu.pth | unseen_day_seen_rx=93.56% @ E008 | seen_day_unseen_rx=90.25% @ E005
[BEST-PRIMARY] score=87.91 @ E005 -> finalist_runs/E1_residual_only_std/best_model_primary_ood.pth | overall=90.46% strict_udu=86.53%
[BEST-WORST-RX] worst_rx=86.63% (test_rx_7) @ E002 -> finalist_runs/E1_residual_only_std/best_model_worst_rx.pth
====================================================================================================================================
[Epoch 044/060] time=89.2s | lr=9.11e-06 | aux_scale=1.000
[STAGE] phase=S2_stabilize_aux | use_aux=1.0 cons=0.49 cls_aux=0.44 reg=0.59 joint_inv=0.26 kl=0.34 group_ce=0.86
[MIXSTYLE-EPOCH] phase=base enabled=1 p=0.150 strength=0.650 anneal_t=0.000
[AUG] scale=0.350 | p_dac=0.000 p_pa=0.049 p_shift=0.122 p_cfo=0.122 p_awgn=0.140 p_mp=0.063 | max_shift=11 cfo_max=0.00014 pn_max=0.0021
------------------------------------------------------------------------------------------------------------------------------------
[LOSS-CORE] total=4.0251 cls=1.4092 dom=0.4663 adv=2.6164 orth=0.0019 cons=0.1910 group_ce=2.4674
[LOSS-AUX]  cls_pa=1.4803 cls_dac=0.0000 pa_joint_inv=0.2337 pa_kl=1.3091 dac_reg=0.0000 pa_reg=0.0145 gap_dac=0.0000 gap_pa=0.2622 cos_joint_pa=0.7663 cos_imp_pa=nan
[LOSS-SAT]  cls_sat=9.2756 sat_cons=0.7290 sat_cos=0.2710
[LOSS-DG]   proto=0.0000 proto_cos=nan supcon=0.0000 fishr=0.0015 sgc_res=0.0019
[LOSS-CAL]  ecc=0.0000 ecc_w=0.0000 ecc_tau=0.8944 ecc_maxp=nan
[TRAIN] tx=88.82% dom=82.63% cons_cos=0.8090
[GRAD]  total=4.786 backbone=1.000 aux=0.750 domain=0.439
[VAL]   tx=98.89% dom=93.54%
[TEST]  overall_tx=89.62% (182828/204000)
[TEST-SPLIT]
          unseen_day_seen_rx(days=['2021_03_15', '2021_03_23'], rxs=[0, 1, 2, 3, 4, 5, 6]): tx=93.21% (78299/84000)
          seen_day_unseen_rx(days=['2021_03_01', '2021_03_08'], rxs=[7, 8, 9, 10, 11]): tx=89.17% (53504/60000)
          unseen_day_unseen_rx(days=['2021_03_15', '2021_03_23'], rxs=[7, 8, 9, 10, 11]): tx=85.04% (51025/60000)
          day=2021_03_15 on seen_rxs=[0, 1, 2, 3, 4, 5, 6]: tx=95.84% (40252/42000)
          day=2021_03_23 on seen_rxs=[0, 1, 2, 3, 4, 5, 6]: tx=90.59% (38047/42000)
          rx=7 on seen_days=['2021_03_01', '2021_03_08']: tx=85.52% (10262/12000)
          rx=8 on seen_days=['2021_03_01', '2021_03_08']: tx=85.05% (10206/12000)
          rx=9 on seen_days=['2021_03_01', '2021_03_08']: tx=89.58% (10749/12000)
          rx=10 on seen_days=['2021_03_01', '2021_03_08']: tx=92.55% (11106/12000)
          rx=11 on seen_days=['2021_03_01', '2021_03_08']: tx=93.17% (11181/12000)
[BEST-JOINT]  val_tx=98.97% & test_tx=89.86% @ E011
[CKPT]  latest -> finalist_runs/E1_residual_only_std/latest_model.pth (saved) | best -> finalist_runs/E1_residual_only_std/best_model_val.pth
====================================================================================================================================
[SAT-TEST] scenario=clear_leo selected=test_unseen_day_unseen_rx overall_tx=44.23% strict_udu=44.23% (26537/60000)
[SAT-TEST] scenario=low_elev_leo selected=test_unseen_day_unseen_rx overall_tx=44.30% strict_udu=44.30% (26580/60000)
[SAT-TEST] scenario=rain_leo selected=test_unseen_day_unseen_rx overall_tx=41.99% strict_udu=41.99% (25197/60000)
[SAT-TEST] scenario=storm_mp selected=test_unseen_day_unseen_rx overall_tx=37.55% strict_udu=37.55% (22533/60000)
[SAT-TEST] scenario=mixed_orbit selected=test_unseen_day_unseen_rx overall_tx=40.03% strict_udu=40.03% (24016/60000)
[BEST-TEST] overall=90.46% @ E005 -> finalist_runs/E1_residual_only_std/best_model_test_overall.pth | unseen_day_unseen_rx=86.53% @ E005 -> finalist_runs/E1_residual_only_std/best_model_strict_udu.pth | unseen_day_seen_rx=93.56% @ E008 | seen_day_unseen_rx=90.25% @ E005
[BEST-PRIMARY] score=87.91 @ E005 -> finalist_runs/E1_residual_only_std/best_model_primary_ood.pth | overall=90.46% strict_udu=86.53%
[BEST-WORST-RX] worst_rx=86.63% (test_rx_7) @ E002 -> finalist_runs/E1_residual_only_std/best_model_worst_rx.pth
====================================================================================================================================
[Epoch 045/060] time=87.7s | lr=8.18e-06 | aux_scale=1.000
[STAGE] phase=S2_stabilize_aux | use_aux=1.0 cons=0.51 cls_aux=0.46 reg=0.61 joint_inv=0.26 kl=0.35 group_ce=0.87
[MIXSTYLE-EPOCH] phase=base enabled=1 p=0.150 strength=0.650 anneal_t=0.000
[AUG] scale=0.350 | p_dac=0.000 p_pa=0.049 p_shift=0.122 p_cfo=0.122 p_awgn=0.140 p_mp=0.063 | max_shift=11 cfo_max=0.00014 pn_max=0.0021
------------------------------------------------------------------------------------------------------------------------------------
[LOSS-CORE] total=4.0082 cls=1.3539 dom=0.4931 adv=2.6248 orth=0.0021 cons=0.1742 group_ce=2.2803
[LOSS-AUX]  cls_pa=1.4570 cls_dac=0.0000 pa_joint_inv=0.2345 pa_kl=1.2823 dac_reg=0.0000 pa_reg=0.0147 gap_dac=0.0000 gap_pa=0.2645 cos_joint_pa=0.7655 cos_imp_pa=nan
[LOSS-SAT]  cls_sat=9.3588 sat_cons=0.7332 sat_cos=0.2668
[LOSS-DG]   proto=0.0000 proto_cos=nan supcon=0.0000 fishr=0.0013 sgc_res=0.0019
[LOSS-CAL]  ecc=0.0000 ecc_w=0.0000 ecc_tau=0.9004 ecc_maxp=nan
[TRAIN] tx=88.56% dom=82.52% cons_cos=0.8258
[GRAD]  total=4.342 backbone=1.000 aux=0.750 domain=0.443
[VAL]   tx=98.89% dom=93.65%
[TEST]  overall_tx=89.43% (182445/204000)
[TEST-SPLIT]
          unseen_day_seen_rx(days=['2021_03_15', '2021_03_23'], rxs=[0, 1, 2, 3, 4, 5, 6]): tx=92.90% (78036/84000)
          seen_day_unseen_rx(days=['2021_03_01', '2021_03_08'], rxs=[7, 8, 9, 10, 11]): tx=88.88% (53330/60000)
          unseen_day_unseen_rx(days=['2021_03_15', '2021_03_23'], rxs=[7, 8, 9, 10, 11]): tx=85.13% (51079/60000)
          day=2021_03_15 on seen_rxs=[0, 1, 2, 3, 4, 5, 6]: tx=95.50% (40109/42000)
          day=2021_03_23 on seen_rxs=[0, 1, 2, 3, 4, 5, 6]: tx=90.30% (37927/42000)
          rx=7 on seen_days=['2021_03_01', '2021_03_08']: tx=84.60% (10152/12000)
          rx=8 on seen_days=['2021_03_01', '2021_03_08']: tx=85.22% (10227/12000)
          rx=9 on seen_days=['2021_03_01', '2021_03_08']: tx=89.47% (10736/12000)
          rx=10 on seen_days=['2021_03_01', '2021_03_08']: tx=91.59% (10991/12000)
          rx=11 on seen_days=['2021_03_01', '2021_03_08']: tx=93.53% (11224/12000)
[BEST-JOINT]  val_tx=98.97% & test_tx=89.86% @ E011
[CKPT]  latest -> finalist_runs/E1_residual_only_std/latest_model.pth (saved) | best -> finalist_runs/E1_residual_only_std/best_model_val.pth
====================================================================================================================================
[SAT-TEST] scenario=clear_leo selected=test_unseen_day_unseen_rx overall_tx=43.73% strict_udu=43.73% (26237/60000)
[SAT-TEST] scenario=low_elev_leo selected=test_unseen_day_unseen_rx overall_tx=43.77% strict_udu=43.77% (26260/60000)
[SAT-TEST] scenario=rain_leo selected=test_unseen_day_unseen_rx overall_tx=41.51% strict_udu=41.51% (24908/60000)
[SAT-TEST] scenario=storm_mp selected=test_unseen_day_unseen_rx overall_tx=37.18% strict_udu=37.18% (22307/60000)
[SAT-TEST] scenario=mixed_orbit selected=test_unseen_day_unseen_rx overall_tx=39.70% strict_udu=39.70% (23821/60000)
[BEST-TEST] overall=90.46% @ E005 -> finalist_runs/E1_residual_only_std/best_model_test_overall.pth | unseen_day_unseen_rx=86.53% @ E005 -> finalist_runs/E1_residual_only_std/best_model_strict_udu.pth | unseen_day_seen_rx=93.56% @ E008 | seen_day_unseen_rx=90.25% @ E005
[BEST-PRIMARY] score=87.91 @ E005 -> finalist_runs/E1_residual_only_std/best_model_primary_ood.pth | overall=90.46% strict_udu=86.53%
[BEST-WORST-RX] worst_rx=86.63% (test_rx_7) @ E002 -> finalist_runs/E1_residual_only_std/best_model_worst_rx.pth
====================================================================================================================================
[Epoch 046/060] time=88.9s | lr=7.29e-06 | aux_scale=1.000
[STAGE] phase=S2_stabilize_aux | use_aux=1.0 cons=0.53 cls_aux=0.48 reg=0.62 joint_inv=0.27 kl=0.36 group_ce=0.88
[MIXSTYLE-EPOCH] phase=base enabled=1 p=0.150 strength=0.650 anneal_t=0.000
[AUG] scale=0.350 | p_dac=0.000 p_pa=0.049 p_shift=0.122 p_cfo=0.122 p_awgn=0.140 p_mp=0.063 | max_shift=11 cfo_max=0.00014 pn_max=0.0021
------------------------------------------------------------------------------------------------------------------------------------
[LOSS-CORE] total=3.9483 cls=1.2993 dom=0.4709 adv=2.6231 orth=0.0021 cons=0.1703 group_ce=2.2064
[LOSS-AUX]  cls_pa=1.4971 cls_dac=0.0000 pa_joint_inv=0.2364 pa_kl=1.3241 dac_reg=0.0000 pa_reg=0.0146 gap_dac=0.0000 gap_pa=0.2679 cos_joint_pa=0.7636 cos_imp_pa=nan
[LOSS-SAT]  cls_sat=9.3494 sat_cons=0.7289 sat_cos=0.2711
[LOSS-DG]   proto=0.0000 proto_cos=nan supcon=0.0000 fishr=0.0013 sgc_res=0.0020
[LOSS-CAL]  ecc=0.0000 ecc_w=0.0000 ecc_tau=0.9061 ecc_maxp=nan
[TRAIN] tx=89.41% dom=83.15% cons_cos=0.8297
[GRAD]  total=3.533 backbone=1.000 aux=0.750 domain=0.439
[VAL]   tx=98.96% dom=93.56%
[TEST]  overall_tx=89.61% (182796/204000)
[TEST-SPLIT]
          unseen_day_seen_rx(days=['2021_03_15', '2021_03_23'], rxs=[0, 1, 2, 3, 4, 5, 6]): tx=93.24% (78320/84000)
          seen_day_unseen_rx(days=['2021_03_01', '2021_03_08'], rxs=[7, 8, 9, 10, 11]): tx=89.06% (53438/60000)
          unseen_day_unseen_rx(days=['2021_03_15', '2021_03_23'], rxs=[7, 8, 9, 10, 11]): tx=85.06% (51038/60000)
          day=2021_03_15 on seen_rxs=[0, 1, 2, 3, 4, 5, 6]: tx=95.15% (39964/42000)
          day=2021_03_23 on seen_rxs=[0, 1, 2, 3, 4, 5, 6]: tx=91.32% (38356/42000)
          rx=7 on seen_days=['2021_03_01', '2021_03_08']: tx=84.18% (10102/12000)
          rx=8 on seen_days=['2021_03_01', '2021_03_08']: tx=85.08% (10210/12000)
          rx=9 on seen_days=['2021_03_01', '2021_03_08']: tx=89.60% (10752/12000)
          rx=10 on seen_days=['2021_03_01', '2021_03_08']: tx=92.36% (11083/12000)
          rx=11 on seen_days=['2021_03_01', '2021_03_08']: tx=94.09% (11291/12000)
[BEST-JOINT]  val_tx=98.97% & test_tx=89.86% @ E011
[CKPT]  latest -> finalist_runs/E1_residual_only_std/latest_model.pth (saved) | best -> finalist_runs/E1_residual_only_std/best_model_val.pth
====================================================================================================================================
[SAT-TEST] scenario=clear_leo selected=test_unseen_day_unseen_rx overall_tx=43.42% strict_udu=43.42% (26053/60000)
[SAT-TEST] scenario=low_elev_leo selected=test_unseen_day_unseen_rx overall_tx=43.35% strict_udu=43.35% (26013/60000)
[SAT-TEST] scenario=rain_leo selected=test_unseen_day_unseen_rx overall_tx=41.26% strict_udu=41.26% (24756/60000)
[SAT-TEST] scenario=storm_mp selected=test_unseen_day_unseen_rx overall_tx=37.25% strict_udu=37.25% (22350/60000)
[SAT-TEST] scenario=mixed_orbit selected=test_unseen_day_unseen_rx overall_tx=39.61% strict_udu=39.61% (23767/60000)
[BEST-TEST] overall=90.46% @ E005 -> finalist_runs/E1_residual_only_std/best_model_test_overall.pth | unseen_day_unseen_rx=86.53% @ E005 -> finalist_runs/E1_residual_only_std/best_model_strict_udu.pth | unseen_day_seen_rx=93.56% @ E008 | seen_day_unseen_rx=90.25% @ E005
[BEST-PRIMARY] score=87.91 @ E005 -> finalist_runs/E1_residual_only_std/best_model_primary_ood.pth | overall=90.46% strict_udu=86.53%
[BEST-WORST-RX] worst_rx=86.63% (test_rx_7) @ E002 -> finalist_runs/E1_residual_only_std/best_model_worst_rx.pth
====================================================================================================================================
[Epoch 047/060] time=88.5s | lr=6.46e-06 | aux_scale=1.000
[STAGE] phase=S2_stabilize_aux | use_aux=1.0 cons=0.55 cls_aux=0.50 reg=0.64 joint_inv=0.28 kl=0.37 group_ce=0.89
[MIXSTYLE-EPOCH] phase=base enabled=1 p=0.150 strength=0.650 anneal_t=0.000
[AUG] scale=0.350 | p_dac=0.000 p_pa=0.049 p_shift=0.122 p_cfo=0.122 p_awgn=0.140 p_mp=0.063 | max_shift=11 cfo_max=0.00014 pn_max=0.0021
------------------------------------------------------------------------------------------------------------------------------------
[LOSS-CORE] total=4.3134 cls=1.5544 dom=0.5260 adv=2.6194 orth=0.0020 cons=0.1855 group_ce=2.5778
[LOSS-AUX]  cls_pa=1.4779 cls_dac=0.0000 pa_joint_inv=0.2329 pa_kl=1.3029 dac_reg=0.0000 pa_reg=0.0148 gap_dac=0.0000 gap_pa=0.2604 cos_joint_pa=0.7671 cos_imp_pa=nan
[LOSS-SAT]  cls_sat=9.3909 sat_cons=0.7271 sat_cos=0.2729
[LOSS-DG]   proto=0.0000 proto_cos=nan supcon=0.0000 fishr=0.0016 sgc_res=0.0021
[LOSS-CAL]  ecc=0.0000 ecc_w=0.0000 ecc_tau=0.9115 ecc_maxp=nan
[TRAIN] tx=87.35% dom=81.20% cons_cos=0.8145
[GRAD]  total=4.329 backbone=1.000 aux=0.750 domain=0.439
[VAL]   tx=98.90% dom=93.50%
[TEST]  overall_tx=89.77% (183135/204000)
[TEST-SPLIT]
          unseen_day_seen_rx(days=['2021_03_15', '2021_03_23'], rxs=[0, 1, 2, 3, 4, 5, 6]): tx=93.17% (78265/84000)
          seen_day_unseen_rx(days=['2021_03_01', '2021_03_08'], rxs=[7, 8, 9, 10, 11]): tx=89.27% (53561/60000)
          unseen_day_unseen_rx(days=['2021_03_15', '2021_03_23'], rxs=[7, 8, 9, 10, 11]): tx=85.52% (51309/60000)
          day=2021_03_15 on seen_rxs=[0, 1, 2, 3, 4, 5, 6]: tx=95.85% (40259/42000)
          day=2021_03_23 on seen_rxs=[0, 1, 2, 3, 4, 5, 6]: tx=90.49% (38006/42000)
          rx=7 on seen_days=['2021_03_01', '2021_03_08']: tx=85.12% (10215/12000)
          rx=8 on seen_days=['2021_03_01', '2021_03_08']: tx=85.14% (10217/12000)
          rx=9 on seen_days=['2021_03_01', '2021_03_08']: tx=89.84% (10781/12000)
          rx=10 on seen_days=['2021_03_01', '2021_03_08']: tx=91.98% (11038/12000)
          rx=11 on seen_days=['2021_03_01', '2021_03_08']: tx=94.25% (11310/12000)
[BEST-JOINT]  val_tx=98.97% & test_tx=89.86% @ E011
[CKPT]  latest -> finalist_runs/E1_residual_only_std/latest_model.pth (saved) | best -> finalist_runs/E1_residual_only_std/best_model_val.pth
====================================================================================================================================
[SAT-TEST] scenario=clear_leo selected=test_unseen_day_unseen_rx overall_tx=44.58% strict_udu=44.58% (26749/60000)
[SAT-TEST] scenario=low_elev_leo selected=test_unseen_day_unseen_rx overall_tx=44.66% strict_udu=44.66% (26799/60000)
[SAT-TEST] scenario=rain_leo selected=test_unseen_day_unseen_rx overall_tx=42.37% strict_udu=42.37% (25424/60000)
[SAT-TEST] scenario=storm_mp selected=test_unseen_day_unseen_rx overall_tx=37.72% strict_udu=37.72% (22634/60000)
[SAT-TEST] scenario=mixed_orbit selected=test_unseen_day_unseen_rx overall_tx=40.48% strict_udu=40.48% (24291/60000)
[BEST-TEST] overall=90.46% @ E005 -> finalist_runs/E1_residual_only_std/best_model_test_overall.pth | unseen_day_unseen_rx=86.53% @ E005 -> finalist_runs/E1_residual_only_std/best_model_strict_udu.pth | unseen_day_seen_rx=93.56% @ E008 | seen_day_unseen_rx=90.25% @ E005
[BEST-PRIMARY] score=87.91 @ E005 -> finalist_runs/E1_residual_only_std/best_model_primary_ood.pth | overall=90.46% strict_udu=86.53%
[BEST-WORST-RX] worst_rx=86.63% (test_rx_7) @ E002 -> finalist_runs/E1_residual_only_std/best_model_worst_rx.pth
====================================================================================================================================
[Epoch 048/060] time=88.7s | lr=5.68e-06 | aux_scale=1.000
[STAGE] phase=S2_stabilize_aux | use_aux=1.0 cons=0.57 cls_aux=0.52 reg=0.65 joint_inv=0.29 kl=0.39 group_ce=0.90
[MIXSTYLE-EPOCH] phase=base enabled=1 p=0.150 strength=0.650 anneal_t=0.000
[AUG] scale=0.350 | p_dac=0.000 p_pa=0.049 p_shift=0.122 p_cfo=0.122 p_awgn=0.140 p_mp=0.063 | max_shift=11 cfo_max=0.00014 pn_max=0.0021
------------------------------------------------------------------------------------------------------------------------------------
[LOSS-CORE] total=5.1056 cls=2.1315 dom=0.6384 adv=2.6196 orth=0.0019 cons=0.2180 group_ce=3.3857
[LOSS-AUX]  cls_pa=1.4768 cls_dac=0.0000 pa_joint_inv=0.2359 pa_kl=1.3066 dac_reg=0.0000 pa_reg=0.0145 gap_dac=0.0000 gap_pa=0.2682 cos_joint_pa=0.7641 cos_imp_pa=nan
[LOSS-SAT]  cls_sat=9.4614 sat_cons=0.7242 sat_cos=0.2758
[LOSS-DG]   proto=0.0000 proto_cos=nan supcon=0.0000 fishr=0.0020 sgc_res=0.0022
[LOSS-CAL]  ecc=0.0000 ecc_w=0.0000 ecc_tau=0.9166 ecc_maxp=nan
[TRAIN] tx=82.39% dom=77.21% cons_cos=0.7819
[GRAD]  total=3.973 backbone=1.000 aux=0.750 domain=0.440
[VAL]   tx=98.90% dom=93.66%
[TEST]  overall_tx=89.27% (182115/204000)
[TEST-SPLIT]
          unseen_day_seen_rx(days=['2021_03_15', '2021_03_23'], rxs=[0, 1, 2, 3, 4, 5, 6]): tx=92.95% (78080/84000)
          seen_day_unseen_rx(days=['2021_03_01', '2021_03_08'], rxs=[7, 8, 9, 10, 11]): tx=88.46% (53076/60000)
          unseen_day_unseen_rx(days=['2021_03_15', '2021_03_23'], rxs=[7, 8, 9, 10, 11]): tx=84.93% (50959/60000)
          day=2021_03_15 on seen_rxs=[0, 1, 2, 3, 4, 5, 6]: tx=95.41% (40071/42000)
          day=2021_03_23 on seen_rxs=[0, 1, 2, 3, 4, 5, 6]: tx=90.50% (38009/42000)
          rx=7 on seen_days=['2021_03_01', '2021_03_08']: tx=83.92% (10070/12000)
          rx=8 on seen_days=['2021_03_01', '2021_03_08']: tx=84.83% (10180/12000)
          rx=9 on seen_days=['2021_03_01', '2021_03_08']: tx=89.34% (10721/12000)
          rx=10 on seen_days=['2021_03_01', '2021_03_08']: tx=91.25% (10950/12000)
          rx=11 on seen_days=['2021_03_01', '2021_03_08']: tx=92.96% (11155/12000)
[BEST-JOINT]  val_tx=98.97% & test_tx=89.86% @ E011
[CKPT]  latest -> finalist_runs/E1_residual_only_std/latest_model.pth (saved) | best -> finalist_runs/E1_residual_only_std/best_model_val.pth
====================================================================================================================================
[SAT-TEST] scenario=clear_leo selected=test_unseen_day_unseen_rx overall_tx=43.70% strict_udu=43.70% (26222/60000)
[SAT-TEST] scenario=low_elev_leo selected=test_unseen_day_unseen_rx overall_tx=43.79% strict_udu=43.79% (26276/60000)
[SAT-TEST] scenario=rain_leo selected=test_unseen_day_unseen_rx overall_tx=41.41% strict_udu=41.41% (24843/60000)
[SAT-TEST] scenario=storm_mp selected=test_unseen_day_unseen_rx overall_tx=37.20% strict_udu=37.20% (22320/60000)
[SAT-TEST] scenario=mixed_orbit selected=test_unseen_day_unseen_rx overall_tx=39.61% strict_udu=39.61% (23765/60000)
[BEST-TEST] overall=90.46% @ E005 -> finalist_runs/E1_residual_only_std/best_model_test_overall.pth | unseen_day_unseen_rx=86.53% @ E005 -> finalist_runs/E1_residual_only_std/best_model_strict_udu.pth | unseen_day_seen_rx=93.56% @ E008 | seen_day_unseen_rx=90.25% @ E005
[BEST-PRIMARY] score=87.91 @ E005 -> finalist_runs/E1_residual_only_std/best_model_primary_ood.pth | overall=90.46% strict_udu=86.53%
[BEST-WORST-RX] worst_rx=86.63% (test_rx_7) @ E002 -> finalist_runs/E1_residual_only_std/best_model_worst_rx.pth
====================================================================================================================================
[Epoch 049/060] time=88.7s | lr=4.95e-06 | aux_scale=1.000
[STAGE] phase=S2_stabilize_aux | use_aux=1.0 cons=0.59 cls_aux=0.54 reg=0.67 joint_inv=0.29 kl=0.40 group_ce=0.91
[MIXSTYLE-EPOCH] phase=base enabled=1 p=0.150 strength=0.650 anneal_t=0.000
[AUG] scale=0.350 | p_dac=0.000 p_pa=0.049 p_shift=0.122 p_cfo=0.122 p_awgn=0.140 p_mp=0.063 | max_shift=11 cfo_max=0.00014 pn_max=0.0021
------------------------------------------------------------------------------------------------------------------------------------
[LOSS-CORE] total=4.2475 cls=1.4782 dom=0.4948 adv=2.6206 orth=0.0019 cons=0.1929 group_ce=2.5342
[LOSS-AUX]  cls_pa=1.4802 cls_dac=0.0000 pa_joint_inv=0.2335 pa_kl=1.2992 dac_reg=0.0000 pa_reg=0.0147 gap_dac=0.0000 gap_pa=0.2574 cos_joint_pa=0.7665 cos_imp_pa=nan
[LOSS-SAT]  cls_sat=9.3730 sat_cons=0.7365 sat_cos=0.2635
[LOSS-DG]   proto=0.0000 proto_cos=nan supcon=0.0000 fishr=0.0015 sgc_res=0.0021
[LOSS-CAL]  ecc=0.0000 ecc_w=0.0000 ecc_tau=0.9214 ecc_maxp=nan
[TRAIN] tx=88.19% dom=82.06% cons_cos=0.8071
[GRAD]  total=3.793 backbone=1.000 aux=0.750 domain=0.440
[VAL]   tx=98.91% dom=93.63%
[TEST]  overall_tx=89.37% (182307/204000)
[TEST-SPLIT]
          unseen_day_seen_rx(days=['2021_03_15', '2021_03_23'], rxs=[0, 1, 2, 3, 4, 5, 6]): tx=93.06% (78167/84000)
          seen_day_unseen_rx(days=['2021_03_01', '2021_03_08'], rxs=[7, 8, 9, 10, 11]): tx=88.56% (53135/60000)
          unseen_day_unseen_rx(days=['2021_03_15', '2021_03_23'], rxs=[7, 8, 9, 10, 11]): tx=85.01% (51005/60000)
          day=2021_03_15 on seen_rxs=[0, 1, 2, 3, 4, 5, 6]: tx=95.61% (40157/42000)
          day=2021_03_23 on seen_rxs=[0, 1, 2, 3, 4, 5, 6]: tx=90.50% (38010/42000)
          rx=7 on seen_days=['2021_03_01', '2021_03_08']: tx=84.08% (10090/12000)
          rx=8 on seen_days=['2021_03_01', '2021_03_08']: tx=84.44% (10133/12000)
          rx=9 on seen_days=['2021_03_01', '2021_03_08']: tx=89.39% (10727/12000)
          rx=10 on seen_days=['2021_03_01', '2021_03_08']: tx=91.92% (11030/12000)
          rx=11 on seen_days=['2021_03_01', '2021_03_08']: tx=92.96% (11155/12000)
[BEST-JOINT]  val_tx=98.97% & test_tx=89.86% @ E011
[CKPT]  latest -> finalist_runs/E1_residual_only_std/latest_model.pth (saved) | best -> finalist_runs/E1_residual_only_std/best_model_val.pth
====================================================================================================================================
[SAT-TEST] scenario=clear_leo selected=test_unseen_day_unseen_rx overall_tx=43.88% strict_udu=43.88% (26327/60000)
[SAT-TEST] scenario=low_elev_leo selected=test_unseen_day_unseen_rx overall_tx=44.04% strict_udu=44.04% (26426/60000)
[SAT-TEST] scenario=rain_leo selected=test_unseen_day_unseen_rx overall_tx=41.78% strict_udu=41.78% (25070/60000)
[SAT-TEST] scenario=storm_mp selected=test_unseen_day_unseen_rx overall_tx=37.30% strict_udu=37.30% (22383/60000)
[SAT-TEST] scenario=mixed_orbit selected=test_unseen_day_unseen_rx overall_tx=39.74% strict_udu=39.74% (23844/60000)
[BEST-TEST] overall=90.46% @ E005 -> finalist_runs/E1_residual_only_std/best_model_test_overall.pth | unseen_day_unseen_rx=86.53% @ E005 -> finalist_runs/E1_residual_only_std/best_model_strict_udu.pth | unseen_day_seen_rx=93.56% @ E008 | seen_day_unseen_rx=90.25% @ E005
[BEST-PRIMARY] score=87.91 @ E005 -> finalist_runs/E1_residual_only_std/best_model_primary_ood.pth | overall=90.46% strict_udu=86.53%
[BEST-WORST-RX] worst_rx=86.63% (test_rx_7) @ E002 -> finalist_runs/E1_residual_only_std/best_model_worst_rx.pth
====================================================================================================================================
[Epoch 050/060] time=87.9s | lr=4.28e-06 | aux_scale=1.000
[STAGE] phase=S2_stabilize_aux | use_aux=1.0 cons=0.61 cls_aux=0.56 reg=0.69 joint_inv=0.30 kl=0.41 group_ce=0.93
[MIXSTYLE-EPOCH] phase=base enabled=1 p=0.150 strength=0.650 anneal_t=0.000
[AUG] scale=0.350 | p_dac=0.000 p_pa=0.049 p_shift=0.122 p_cfo=0.122 p_awgn=0.140 p_mp=0.063 | max_shift=11 cfo_max=0.00014 pn_max=0.0021
------------------------------------------------------------------------------------------------------------------------------------
[LOSS-CORE] total=4.0732 cls=1.3304 dom=0.4734 adv=2.6239 orth=0.0021 cons=0.1753 group_ce=2.2558
[LOSS-AUX]  cls_pa=1.4852 cls_dac=0.0000 pa_joint_inv=0.2362 pa_kl=1.3116 dac_reg=0.0000 pa_reg=0.0145 gap_dac=0.0000 gap_pa=0.2677 cos_joint_pa=0.7638 cos_imp_pa=nan
[LOSS-SAT]  cls_sat=9.3255 sat_cons=0.7255 sat_cos=0.2745
[LOSS-DG]   proto=0.0000 proto_cos=nan supcon=0.0000 fishr=0.0013 sgc_res=0.0021
[LOSS-CAL]  ecc=0.0000 ecc_w=0.0000 ecc_tau=0.9258 ecc_maxp=nan
[TRAIN] tx=89.17% dom=82.94% cons_cos=0.8247
[GRAD]  total=3.811 backbone=1.000 aux=0.750 domain=0.434
[VAL]   tx=98.93% dom=93.63%
[TEST]  overall_tx=89.59% (182762/204000)
[TEST-SPLIT]
          unseen_day_seen_rx(days=['2021_03_15', '2021_03_23'], rxs=[0, 1, 2, 3, 4, 5, 6]): tx=93.13% (78233/84000)
          seen_day_unseen_rx(days=['2021_03_01', '2021_03_08'], rxs=[7, 8, 9, 10, 11]): tx=88.98% (53387/60000)
          unseen_day_unseen_rx(days=['2021_03_15', '2021_03_23'], rxs=[7, 8, 9, 10, 11]): tx=85.24% (51142/60000)
          day=2021_03_15 on seen_rxs=[0, 1, 2, 3, 4, 5, 6]: tx=95.66% (40177/42000)
          day=2021_03_23 on seen_rxs=[0, 1, 2, 3, 4, 5, 6]: tx=90.61% (38056/42000)
          rx=7 on seen_days=['2021_03_01', '2021_03_08']: tx=84.38% (10126/12000)
          rx=8 on seen_days=['2021_03_01', '2021_03_08']: tx=84.74% (10169/12000)
          rx=9 on seen_days=['2021_03_01', '2021_03_08']: tx=89.56% (10747/12000)
          rx=10 on seen_days=['2021_03_01', '2021_03_08']: tx=92.32% (11078/12000)
          rx=11 on seen_days=['2021_03_01', '2021_03_08']: tx=93.89% (11267/12000)
[BEST-JOINT]  val_tx=98.97% & test_tx=89.86% @ E011
[CKPT]  latest -> finalist_runs/E1_residual_only_std/latest_model.pth (saved) | best -> finalist_runs/E1_residual_only_std/best_model_val.pth
====================================================================================================================================
[SAT-TEST] scenario=clear_leo selected=test_unseen_day_unseen_rx overall_tx=43.86% strict_udu=43.86% (26318/60000)
[SAT-TEST] scenario=low_elev_leo selected=test_unseen_day_unseen_rx overall_tx=43.91% strict_udu=43.91% (26343/60000)
[SAT-TEST] scenario=rain_leo selected=test_unseen_day_unseen_rx overall_tx=41.74% strict_udu=41.74% (25044/60000)
[SAT-TEST] scenario=storm_mp selected=test_unseen_day_unseen_rx overall_tx=37.34% strict_udu=37.34% (22402/60000)
[SAT-TEST] scenario=mixed_orbit selected=test_unseen_day_unseen_rx overall_tx=39.89% strict_udu=39.89% (23934/60000)
[BEST-TEST] overall=90.46% @ E005 -> finalist_runs/E1_residual_only_std/best_model_test_overall.pth | unseen_day_unseen_rx=86.53% @ E005 -> finalist_runs/E1_residual_only_std/best_model_strict_udu.pth | unseen_day_seen_rx=93.56% @ E008 | seen_day_unseen_rx=90.25% @ E005
[BEST-PRIMARY] score=87.91 @ E005 -> finalist_runs/E1_residual_only_std/best_model_primary_ood.pth | overall=90.46% strict_udu=86.53%
[BEST-WORST-RX] worst_rx=86.63% (test_rx_7) @ E002 -> finalist_runs/E1_residual_only_std/best_model_worst_rx.pth
====================================================================================================================================
[Epoch 051/060] time=89.1s | lr=3.67e-06 | aux_scale=1.000
[STAGE] phase=S2_stabilize_aux | use_aux=1.0 cons=0.64 cls_aux=0.59 reg=0.71 joint_inv=0.31 kl=0.43 group_ce=0.94
[MIXSTYLE-EPOCH] phase=base enabled=1 p=0.150 strength=0.650 anneal_t=0.000
[AUG] scale=0.350 | p_dac=0.000 p_pa=0.049 p_shift=0.122 p_cfo=0.122 p_awgn=0.140 p_mp=0.063 | max_shift=11 cfo_max=0.00014 pn_max=0.0021
------------------------------------------------------------------------------------------------------------------------------------
[LOSS-CORE] total=4.6547 cls=1.7044 dom=0.5993 adv=2.6201 orth=0.0019 cons=0.1926 group_ce=2.7841
[LOSS-AUX]  cls_pa=1.4737 cls_dac=0.0000 pa_joint_inv=0.2350 pa_kl=1.2991 dac_reg=0.0000 pa_reg=0.0146 gap_dac=0.0000 gap_pa=0.2645 cos_joint_pa=0.7650 cos_imp_pa=nan
[LOSS-SAT]  cls_sat=9.4598 sat_cons=0.7229 sat_cos=0.2771
[LOSS-DG]   proto=0.0000 proto_cos=nan supcon=0.0000 fishr=0.0016 sgc_res=0.0021
[LOSS-CAL]  ecc=0.0000 ecc_w=0.0000 ecc_tau=0.9299 ecc_maxp=nan
[TRAIN] tx=85.85% dom=79.36% cons_cos=0.8074
[GRAD]  total=4.526 backbone=1.000 aux=0.750 domain=0.451
[VAL]   tx=98.92% dom=93.63%
[TEST]  overall_tx=89.36% (182291/204000)
[TEST-SPLIT]
          unseen_day_seen_rx(days=['2021_03_15', '2021_03_23'], rxs=[0, 1, 2, 3, 4, 5, 6]): tx=93.01% (78132/84000)
          seen_day_unseen_rx(days=['2021_03_01', '2021_03_08'], rxs=[7, 8, 9, 10, 11]): tx=88.67% (53199/60000)
          unseen_day_unseen_rx(days=['2021_03_15', '2021_03_23'], rxs=[7, 8, 9, 10, 11]): tx=84.93% (50960/60000)
          day=2021_03_15 on seen_rxs=[0, 1, 2, 3, 4, 5, 6]: tx=95.28% (40017/42000)
          day=2021_03_23 on seen_rxs=[0, 1, 2, 3, 4, 5, 6]: tx=90.75% (38115/42000)
          rx=7 on seen_days=['2021_03_01', '2021_03_08']: tx=84.08% (10090/12000)
          rx=8 on seen_days=['2021_03_01', '2021_03_08']: tx=84.79% (10175/12000)
          rx=9 on seen_days=['2021_03_01', '2021_03_08']: tx=89.37% (10724/12000)
          rx=10 on seen_days=['2021_03_01', '2021_03_08']: tx=92.02% (11042/12000)
          rx=11 on seen_days=['2021_03_01', '2021_03_08']: tx=93.07% (11168/12000)
[BEST-JOINT]  val_tx=98.97% & test_tx=89.86% @ E011
[CKPT]  latest -> finalist_runs/E1_residual_only_std/latest_model.pth (saved) | best -> finalist_runs/E1_residual_only_std/best_model_val.pth
====================================================================================================================================
[SAT-TEST] scenario=clear_leo selected=test_unseen_day_unseen_rx overall_tx=43.51% strict_udu=43.51% (26105/60000)
[SAT-TEST] scenario=low_elev_leo selected=test_unseen_day_unseen_rx overall_tx=43.48% strict_udu=43.48% (26091/60000)
[SAT-TEST] scenario=rain_leo selected=test_unseen_day_unseen_rx overall_tx=41.41% strict_udu=41.41% (24847/60000)
[SAT-TEST] scenario=storm_mp selected=test_unseen_day_unseen_rx overall_tx=37.24% strict_udu=37.24% (22344/60000)
[SAT-TEST] scenario=mixed_orbit selected=test_unseen_day_unseen_rx overall_tx=39.68% strict_udu=39.68% (23810/60000)
[BEST-TEST] overall=90.46% @ E005 -> finalist_runs/E1_residual_only_std/best_model_test_overall.pth | unseen_day_unseen_rx=86.53% @ E005 -> finalist_runs/E1_residual_only_std/best_model_strict_udu.pth | unseen_day_seen_rx=93.56% @ E008 | seen_day_unseen_rx=90.25% @ E005
[BEST-PRIMARY] score=87.91 @ E005 -> finalist_runs/E1_residual_only_std/best_model_primary_ood.pth | overall=90.46% strict_udu=86.53%
[BEST-WORST-RX] worst_rx=86.63% (test_rx_7) @ E002 -> finalist_runs/E1_residual_only_std/best_model_worst_rx.pth
====================================================================================================================================
[Epoch 052/060] time=88.5s | lr=3.12e-06 | aux_scale=1.000
[STAGE] phase=S2_stabilize_aux | use_aux=1.0 cons=0.66 cls_aux=0.61 reg=0.72 joint_inv=0.32 kl=0.44 group_ce=0.95
[MIXSTYLE-EPOCH] phase=base enabled=1 p=0.150 strength=0.650 anneal_t=0.000
[AUG] scale=0.350 | p_dac=0.000 p_pa=0.049 p_shift=0.122 p_cfo=0.122 p_awgn=0.140 p_mp=0.063 | max_shift=11 cfo_max=0.00014 pn_max=0.0021
------------------------------------------------------------------------------------------------------------------------------------
[LOSS-CORE] total=4.2936 cls=1.4390 dom=0.5177 adv=2.6230 orth=0.0019 cons=0.1838 group_ce=2.4478
[LOSS-AUX]  cls_pa=1.4430 cls_dac=0.0000 pa_joint_inv=0.2327 pa_kl=1.2710 dac_reg=0.0000 pa_reg=0.0147 gap_dac=0.0000 gap_pa=0.2632 cos_joint_pa=0.7673 cos_imp_pa=nan
[LOSS-SAT]  cls_sat=9.4123 sat_cons=0.7257 sat_cos=0.2743
[LOSS-DG]   proto=0.0000 proto_cos=nan supcon=0.0000 fishr=0.0014 sgc_res=0.0022
[LOSS-CAL]  ecc=0.0000 ecc_w=0.0000 ecc_tau=0.9337 ecc_maxp=nan
[TRAIN] tx=88.33% dom=81.24% cons_cos=0.8161
[GRAD]  total=4.249 backbone=1.000 aux=0.750 domain=0.447
[VAL]   tx=98.91% dom=93.64%
[TEST]  overall_tx=89.38% (182339/204000)
[TEST-SPLIT]
          unseen_day_seen_rx(days=['2021_03_15', '2021_03_23'], rxs=[0, 1, 2, 3, 4, 5, 6]): tx=93.06% (78172/84000)
          seen_day_unseen_rx(days=['2021_03_01', '2021_03_08'], rxs=[7, 8, 9, 10, 11]): tx=88.67% (53200/60000)
          unseen_day_unseen_rx(days=['2021_03_15', '2021_03_23'], rxs=[7, 8, 9, 10, 11]): tx=84.94% (50967/60000)
          day=2021_03_15 on seen_rxs=[0, 1, 2, 3, 4, 5, 6]: tx=95.55% (40133/42000)
          day=2021_03_23 on seen_rxs=[0, 1, 2, 3, 4, 5, 6]: tx=90.57% (38039/42000)
          rx=7 on seen_days=['2021_03_01', '2021_03_08']: tx=84.52% (10142/12000)
          rx=8 on seen_days=['2021_03_01', '2021_03_08']: tx=84.59% (10151/12000)
          rx=9 on seen_days=['2021_03_01', '2021_03_08']: tx=89.38% (10726/12000)
          rx=10 on seen_days=['2021_03_01', '2021_03_08']: tx=92.13% (11056/12000)
          rx=11 on seen_days=['2021_03_01', '2021_03_08']: tx=92.71% (11125/12000)
[BEST-JOINT]  val_tx=98.97% & test_tx=89.86% @ E011
[CKPT]  latest -> finalist_runs/E1_residual_only_std/latest_model.pth (saved) | best -> finalist_runs/E1_residual_only_std/best_model_val.pth
====================================================================================================================================
[SAT-TEST] scenario=clear_leo selected=test_unseen_day_unseen_rx overall_tx=43.86% strict_udu=43.86% (26318/60000)
[SAT-TEST] scenario=low_elev_leo selected=test_unseen_day_unseen_rx overall_tx=43.98% strict_udu=43.98% (26386/60000)
[SAT-TEST] scenario=rain_leo selected=test_unseen_day_unseen_rx overall_tx=41.72% strict_udu=41.72% (25034/60000)
[SAT-TEST] scenario=storm_mp selected=test_unseen_day_unseen_rx overall_tx=37.21% strict_udu=37.21% (22327/60000)
[SAT-TEST] scenario=mixed_orbit selected=test_unseen_day_unseen_rx overall_tx=39.70% strict_udu=39.70% (23820/60000)
[BEST-TEST] overall=90.46% @ E005 -> finalist_runs/E1_residual_only_std/best_model_test_overall.pth | unseen_day_unseen_rx=86.53% @ E005 -> finalist_runs/E1_residual_only_std/best_model_strict_udu.pth | unseen_day_seen_rx=93.56% @ E008 | seen_day_unseen_rx=90.25% @ E005
[BEST-PRIMARY] score=87.91 @ E005 -> finalist_runs/E1_residual_only_std/best_model_primary_ood.pth | overall=90.46% strict_udu=86.53%
[BEST-WORST-RX] worst_rx=86.63% (test_rx_7) @ E002 -> finalist_runs/E1_residual_only_std/best_model_worst_rx.pth
====================================================================================================================================
[Epoch 053/060] time=87.7s | lr=2.63e-06 | aux_scale=1.000
[STAGE] phase=S2_stabilize_aux | use_aux=1.0 cons=0.68 cls_aux=0.63 reg=0.74 joint_inv=0.32 kl=0.46 group_ce=0.96
[MIXSTYLE-EPOCH] phase=base enabled=1 p=0.150 strength=0.650 anneal_t=0.000
[AUG] scale=0.350 | p_dac=0.000 p_pa=0.049 p_shift=0.122 p_cfo=0.122 p_awgn=0.140 p_mp=0.063 | max_shift=11 cfo_max=0.00014 pn_max=0.0021
------------------------------------------------------------------------------------------------------------------------------------
[LOSS-CORE] total=4.0436 cls=1.2731 dom=0.4398 adv=2.6206 orth=0.0021 cons=0.1818 group_ce=2.2705
[LOSS-AUX]  cls_pa=1.4375 cls_dac=0.0000 pa_joint_inv=0.2328 pa_kl=1.2634 dac_reg=0.0000 pa_reg=0.0146 gap_dac=0.0000 gap_pa=0.2647 cos_joint_pa=0.7672 cos_imp_pa=nan
[LOSS-SAT]  cls_sat=9.2594 sat_cons=0.7302 sat_cos=0.2698
[LOSS-DG]   proto=0.0000 proto_cos=nan supcon=0.0000 fishr=0.0013 sgc_res=0.0022
[LOSS-CAL]  ecc=0.0000 ecc_w=0.0000 ecc_tau=0.9370 ecc_maxp=nan
[TRAIN] tx=90.16% dom=83.34% cons_cos=0.8182
[GRAD]  total=3.817 backbone=1.000 aux=0.750 domain=0.445
[VAL]   tx=98.94% dom=93.62%
[TEST]  overall_tx=89.76% (183119/204000)
[TEST-SPLIT]
          unseen_day_seen_rx(days=['2021_03_15', '2021_03_23'], rxs=[0, 1, 2, 3, 4, 5, 6]): tx=93.30% (78368/84000)
          seen_day_unseen_rx(days=['2021_03_01', '2021_03_08'], rxs=[7, 8, 9, 10, 11]): tx=89.27% (53560/60000)
          unseen_day_unseen_rx(days=['2021_03_15', '2021_03_23'], rxs=[7, 8, 9, 10, 11]): tx=85.32% (51191/60000)
          day=2021_03_15 on seen_rxs=[0, 1, 2, 3, 4, 5, 6]: tx=95.77% (40225/42000)
          day=2021_03_23 on seen_rxs=[0, 1, 2, 3, 4, 5, 6]: tx=90.82% (38143/42000)
          rx=7 on seen_days=['2021_03_01', '2021_03_08']: tx=84.97% (10196/12000)
          rx=8 on seen_days=['2021_03_01', '2021_03_08']: tx=84.78% (10173/12000)
          rx=9 on seen_days=['2021_03_01', '2021_03_08']: tx=89.72% (10766/12000)
          rx=10 on seen_days=['2021_03_01', '2021_03_08']: tx=92.73% (11128/12000)
          rx=11 on seen_days=['2021_03_01', '2021_03_08']: tx=94.14% (11297/12000)
[BEST-JOINT]  val_tx=98.97% & test_tx=89.86% @ E011
[CKPT]  latest -> finalist_runs/E1_residual_only_std/latest_model.pth (saved) | best -> finalist_runs/E1_residual_only_std/best_model_val.pth
====================================================================================================================================
[SAT-TEST] scenario=clear_leo selected=test_unseen_day_unseen_rx overall_tx=44.03% strict_udu=44.03% (26418/60000)
[SAT-TEST] scenario=low_elev_leo selected=test_unseen_day_unseen_rx overall_tx=44.12% strict_udu=44.12% (26474/60000)
[SAT-TEST] scenario=rain_leo selected=test_unseen_day_unseen_rx overall_tx=41.93% strict_udu=41.93% (25157/60000)
[SAT-TEST] scenario=storm_mp selected=test_unseen_day_unseen_rx overall_tx=37.48% strict_udu=37.48% (22485/60000)
[SAT-TEST] scenario=mixed_orbit selected=test_unseen_day_unseen_rx overall_tx=40.06% strict_udu=40.06% (24037/60000)
[BEST-TEST] overall=90.46% @ E005 -> finalist_runs/E1_residual_only_std/best_model_test_overall.pth | unseen_day_unseen_rx=86.53% @ E005 -> finalist_runs/E1_residual_only_std/best_model_strict_udu.pth | unseen_day_seen_rx=93.56% @ E008 | seen_day_unseen_rx=90.25% @ E005
[BEST-PRIMARY] score=87.91 @ E005 -> finalist_runs/E1_residual_only_std/best_model_primary_ood.pth | overall=90.46% strict_udu=86.53%
[BEST-WORST-RX] worst_rx=86.63% (test_rx_7) @ E002 -> finalist_runs/E1_residual_only_std/best_model_worst_rx.pth
====================================================================================================================================
[Epoch 054/060] time=88.1s | lr=2.20e-06 | aux_scale=1.000
[STAGE] phase=S2_stabilize_aux | use_aux=1.0 cons=0.70 cls_aux=0.65 reg=0.76 joint_inv=0.33 kl=0.47 group_ce=0.97
[MIXSTYLE-EPOCH] phase=base enabled=1 p=0.150 strength=0.650 anneal_t=0.000
[AUG] scale=0.350 | p_dac=0.000 p_pa=0.049 p_shift=0.122 p_cfo=0.122 p_awgn=0.140 p_mp=0.063 | max_shift=11 cfo_max=0.00014 pn_max=0.0021
------------------------------------------------------------------------------------------------------------------------------------
[LOSS-CORE] total=4.5759 cls=1.6033 dom=0.5600 adv=2.6216 orth=0.0019 cons=0.1867 group_ce=2.6829
[LOSS-AUX]  cls_pa=1.4747 cls_dac=0.0000 pa_joint_inv=0.2351 pa_kl=1.2981 dac_reg=0.0000 pa_reg=0.0148 gap_dac=0.0000 gap_pa=0.2656 cos_joint_pa=0.7649 cos_imp_pa=nan
[LOSS-SAT]  cls_sat=9.3983 sat_cons=0.7225 sat_cos=0.2775
[LOSS-DG]   proto=0.0000 proto_cos=nan supcon=0.0000 fishr=0.0016 sgc_res=0.0022
[LOSS-CAL]  ecc=0.0000 ecc_w=0.0000 ecc_tau=0.9400 ecc_maxp=nan
[TRAIN] tx=86.63% dom=80.35% cons_cos=0.8133
[GRAD]  total=3.676 backbone=1.000 aux=0.750 domain=0.435
[VAL]   tx=98.91% dom=93.62%
[TEST]  overall_tx=89.52% (182618/204000)
[TEST-SPLIT]
          unseen_day_seen_rx(days=['2021_03_15', '2021_03_23'], rxs=[0, 1, 2, 3, 4, 5, 6]): tx=93.12% (78218/84000)
          seen_day_unseen_rx(days=['2021_03_01', '2021_03_08'], rxs=[7, 8, 9, 10, 11]): tx=88.85% (53308/60000)
          unseen_day_unseen_rx(days=['2021_03_15', '2021_03_23'], rxs=[7, 8, 9, 10, 11]): tx=85.15% (51092/60000)
          day=2021_03_15 on seen_rxs=[0, 1, 2, 3, 4, 5, 6]: tx=95.70% (40195/42000)
          day=2021_03_23 on seen_rxs=[0, 1, 2, 3, 4, 5, 6]: tx=90.53% (38023/42000)
          rx=7 on seen_days=['2021_03_01', '2021_03_08']: tx=84.70% (10164/12000)
          rx=8 on seen_days=['2021_03_01', '2021_03_08']: tx=84.82% (10178/12000)
          rx=9 on seen_days=['2021_03_01', '2021_03_08']: tx=89.55% (10746/12000)
          rx=10 on seen_days=['2021_03_01', '2021_03_08']: tx=92.04% (11045/12000)
          rx=11 on seen_days=['2021_03_01', '2021_03_08']: tx=93.12% (11175/12000)
[BEST-JOINT]  val_tx=98.97% & test_tx=89.86% @ E011
[CKPT]  latest -> finalist_runs/E1_residual_only_std/latest_model.pth (saved) | best -> finalist_runs/E1_residual_only_std/best_model_val.pth
====================================================================================================================================
[SAT-TEST] scenario=clear_leo selected=test_unseen_day_unseen_rx overall_tx=44.00% strict_udu=44.00% (26400/60000)
[SAT-TEST] scenario=low_elev_leo selected=test_unseen_day_unseen_rx overall_tx=44.06% strict_udu=44.06% (26437/60000)
[SAT-TEST] scenario=rain_leo selected=test_unseen_day_unseen_rx overall_tx=41.83% strict_udu=41.83% (25100/60000)
[SAT-TEST] scenario=storm_mp selected=test_unseen_day_unseen_rx overall_tx=37.35% strict_udu=37.35% (22412/60000)
[SAT-TEST] scenario=mixed_orbit selected=test_unseen_day_unseen_rx overall_tx=40.00% strict_udu=40.00% (24001/60000)
[BEST-TEST] overall=90.46% @ E005 -> finalist_runs/E1_residual_only_std/best_model_test_overall.pth | unseen_day_unseen_rx=86.53% @ E005 -> finalist_runs/E1_residual_only_std/best_model_strict_udu.pth | unseen_day_seen_rx=93.56% @ E008 | seen_day_unseen_rx=90.25% @ E005
[BEST-PRIMARY] score=87.91 @ E005 -> finalist_runs/E1_residual_only_std/best_model_primary_ood.pth | overall=90.46% strict_udu=86.53%
[BEST-WORST-RX] worst_rx=86.63% (test_rx_7) @ E002 -> finalist_runs/E1_residual_only_std/best_model_worst_rx.pth
====================================================================================================================================
[Epoch 055/060] time=88.1s | lr=1.83e-06 | aux_scale=1.000
[STAGE] phase=S2_stabilize_aux | use_aux=1.0 cons=0.73 cls_aux=0.68 reg=0.78 joint_inv=0.34 kl=0.48 group_ce=0.99
[MIXSTYLE-EPOCH] phase=base enabled=1 p=0.150 strength=0.650 anneal_t=0.000
[AUG] scale=0.350 | p_dac=0.000 p_pa=0.049 p_shift=0.122 p_cfo=0.122 p_awgn=0.140 p_mp=0.063 | max_shift=11 cfo_max=0.00014 pn_max=0.0021
------------------------------------------------------------------------------------------------------------------------------------
[LOSS-CORE] total=4.1389 cls=1.2928 dom=0.4644 adv=2.6246 orth=0.0021 cons=0.1717 group_ce=2.1738
[LOSS-AUX]  cls_pa=1.4394 cls_dac=0.0000 pa_joint_inv=0.2357 pa_kl=1.2631 dac_reg=0.0000 pa_reg=0.0144 gap_dac=0.0000 gap_pa=0.2685 cos_joint_pa=0.7643 cos_imp_pa=nan
[LOSS-SAT]  cls_sat=9.3658 sat_cons=0.7309 sat_cos=0.2691
[LOSS-DG]   proto=0.0000 proto_cos=nan supcon=0.0000 fishr=0.0013 sgc_res=0.0022
[LOSS-CAL]  ecc=0.0000 ecc_w=0.0000 ecc_tau=0.9427 ecc_maxp=nan
[TRAIN] tx=89.80% dom=83.13% cons_cos=0.8283
[GRAD]  total=3.861 backbone=1.000 aux=0.750 domain=0.428
[VAL]   tx=98.91% dom=93.63%
[TEST]  overall_tx=89.43% (182440/204000)
[TEST-SPLIT]
          unseen_day_seen_rx(days=['2021_03_15', '2021_03_23'], rxs=[0, 1, 2, 3, 4, 5, 6]): tx=93.08% (78191/84000)
          seen_day_unseen_rx(days=['2021_03_01', '2021_03_08'], rxs=[7, 8, 9, 10, 11]): tx=88.71% (53226/60000)
          unseen_day_unseen_rx(days=['2021_03_15', '2021_03_23'], rxs=[7, 8, 9, 10, 11]): tx=85.04% (51023/60000)
          day=2021_03_15 on seen_rxs=[0, 1, 2, 3, 4, 5, 6]: tx=95.56% (40136/42000)
          day=2021_03_23 on seen_rxs=[0, 1, 2, 3, 4, 5, 6]: tx=90.61% (38055/42000)
          rx=7 on seen_days=['2021_03_01', '2021_03_08']: tx=84.33% (10119/12000)
          rx=8 on seen_days=['2021_03_01', '2021_03_08']: tx=84.67% (10160/12000)
          rx=9 on seen_days=['2021_03_01', '2021_03_08']: tx=89.46% (10735/12000)
          rx=10 on seen_days=['2021_03_01', '2021_03_08']: tx=91.94% (11033/12000)
          rx=11 on seen_days=['2021_03_01', '2021_03_08']: tx=93.16% (11179/12000)
[BEST-JOINT]  val_tx=98.97% & test_tx=89.86% @ E011
[CKPT]  latest -> finalist_runs/E1_residual_only_std/latest_model.pth (saved) | best -> finalist_runs/E1_residual_only_std/best_model_val.pth
====================================================================================================================================
[SAT-TEST] scenario=clear_leo selected=test_unseen_day_unseen_rx overall_tx=43.90% strict_udu=43.90% (26338/60000)
[SAT-TEST] scenario=low_elev_leo selected=test_unseen_day_unseen_rx overall_tx=43.94% strict_udu=43.94% (26361/60000)
[SAT-TEST] scenario=rain_leo selected=test_unseen_day_unseen_rx overall_tx=41.71% strict_udu=41.71% (25028/60000)
[SAT-TEST] scenario=storm_mp selected=test_unseen_day_unseen_rx overall_tx=37.33% strict_udu=37.33% (22400/60000)
[SAT-TEST] scenario=mixed_orbit selected=test_unseen_day_unseen_rx overall_tx=39.98% strict_udu=39.98% (23985/60000)
[BEST-TEST] overall=90.46% @ E005 -> finalist_runs/E1_residual_only_std/best_model_test_overall.pth | unseen_day_unseen_rx=86.53% @ E005 -> finalist_runs/E1_residual_only_std/best_model_strict_udu.pth | unseen_day_seen_rx=93.56% @ E008 | seen_day_unseen_rx=90.25% @ E005
[BEST-PRIMARY] score=87.91 @ E005 -> finalist_runs/E1_residual_only_std/best_model_primary_ood.pth | overall=90.46% strict_udu=86.53%
[BEST-WORST-RX] worst_rx=86.63% (test_rx_7) @ E002 -> finalist_runs/E1_residual_only_std/best_model_worst_rx.pth
====================================================================================================================================
[Epoch 056/060] time=88.8s | lr=1.54e-06 | aux_scale=1.000
[STAGE] phase=S2_stabilize_aux | use_aux=1.0 cons=0.75 cls_aux=0.70 reg=0.80 joint_inv=0.35 kl=0.50 group_ce=1.00
[MIXSTYLE-EPOCH] phase=base enabled=1 p=0.150 strength=0.650 anneal_t=0.000
[AUG] scale=0.350 | p_dac=0.000 p_pa=0.049 p_shift=0.122 p_cfo=0.122 p_awgn=0.140 p_mp=0.063 | max_shift=11 cfo_max=0.00014 pn_max=0.0021
------------------------------------------------------------------------------------------------------------------------------------
[LOSS-CORE] total=4.3124 cls=1.3925 dom=0.4947 adv=2.6221 orth=0.0020 cons=0.1793 group_ce=2.3194
[LOSS-AUX]  cls_pa=1.4531 cls_dac=0.0000 pa_joint_inv=0.2350 pa_kl=1.2737 dac_reg=0.0000 pa_reg=0.0144 gap_dac=0.0000 gap_pa=0.2674 cos_joint_pa=0.7650 cos_imp_pa=nan
[LOSS-SAT]  cls_sat=9.3879 sat_cons=0.7280 sat_cos=0.2720
[LOSS-DG]   proto=0.0000 proto_cos=nan supcon=0.0000 fishr=0.0013 sgc_res=0.0022
[LOSS-CAL]  ecc=0.0000 ecc_w=0.0000 ecc_tau=0.9449 ecc_maxp=nan
[TRAIN] tx=88.77% dom=82.34% cons_cos=0.8207
[GRAD]  total=3.501 backbone=1.000 aux=0.750 domain=0.428
[VAL]   tx=98.91% dom=93.61%
[TEST]  overall_tx=89.35% (182274/204000)
[TEST-SPLIT]
          unseen_day_seen_rx(days=['2021_03_15', '2021_03_23'], rxs=[0, 1, 2, 3, 4, 5, 6]): tx=93.03% (78148/84000)
          seen_day_unseen_rx(days=['2021_03_01', '2021_03_08'], rxs=[7, 8, 9, 10, 11]): tx=88.61% (53165/60000)
          unseen_day_unseen_rx(days=['2021_03_15', '2021_03_23'], rxs=[7, 8, 9, 10, 11]): tx=84.94% (50961/60000)
          day=2021_03_15 on seen_rxs=[0, 1, 2, 3, 4, 5, 6]: tx=95.42% (40075/42000)
          day=2021_03_23 on seen_rxs=[0, 1, 2, 3, 4, 5, 6]: tx=90.65% (38073/42000)
          rx=7 on seen_days=['2021_03_01', '2021_03_08']: tx=84.18% (10102/12000)
          rx=8 on seen_days=['2021_03_01', '2021_03_08']: tx=84.63% (10156/12000)
          rx=9 on seen_days=['2021_03_01', '2021_03_08']: tx=89.42% (10731/12000)
          rx=10 on seen_days=['2021_03_01', '2021_03_08']: tx=91.92% (11031/12000)
          rx=11 on seen_days=['2021_03_01', '2021_03_08']: tx=92.88% (11145/12000)
[BEST-JOINT]  val_tx=98.97% & test_tx=89.86% @ E011
[CKPT]  latest -> finalist_runs/E1_residual_only_std/latest_model.pth (saved) | best -> finalist_runs/E1_residual_only_std/best_model_val.pth
====================================================================================================================================
[SAT-TEST] scenario=clear_leo selected=test_unseen_day_unseen_rx overall_tx=43.79% strict_udu=43.79% (26273/60000)
[SAT-TEST] scenario=low_elev_leo selected=test_unseen_day_unseen_rx overall_tx=43.86% strict_udu=43.86% (26317/60000)
[SAT-TEST] scenario=rain_leo selected=test_unseen_day_unseen_rx overall_tx=41.62% strict_udu=41.62% (24971/60000)
[SAT-TEST] scenario=storm_mp selected=test_unseen_day_unseen_rx overall_tx=37.27% strict_udu=37.27% (22364/60000)
[SAT-TEST] scenario=mixed_orbit selected=test_unseen_day_unseen_rx overall_tx=39.75% strict_udu=39.75% (23851/60000)
[BEST-TEST] overall=90.46% @ E005 -> finalist_runs/E1_residual_only_std/best_model_test_overall.pth | unseen_day_unseen_rx=86.53% @ E005 -> finalist_runs/E1_residual_only_std/best_model_strict_udu.pth | unseen_day_seen_rx=93.56% @ E008 | seen_day_unseen_rx=90.25% @ E005
[BEST-PRIMARY] score=87.91 @ E005 -> finalist_runs/E1_residual_only_std/best_model_primary_ood.pth | overall=90.46% strict_udu=86.53%
[BEST-WORST-RX] worst_rx=86.63% (test_rx_7) @ E002 -> finalist_runs/E1_residual_only_std/best_model_worst_rx.pth
====================================================================================================================================
[Epoch 057/060] time=91.4s | lr=1.30e-06 | aux_scale=1.000
[STAGE] phase=S3_refine_aux | use_aux=1.0 cons=0.85 cls_aux=0.80 reg=0.85 joint_inv=0.25 kl=0.50 group_ce=1.00
[MIXSTYLE-EPOCH] phase=base enabled=1 p=0.150 strength=0.650 anneal_t=0.000
[AUG] scale=0.350 | p_dac=0.000 p_pa=0.049 p_shift=0.122 p_cfo=0.122 p_awgn=0.140 p_mp=0.063 | max_shift=11 cfo_max=0.00014 pn_max=0.0021
------------------------------------------------------------------------------------------------------------------------------------
[LOSS-CORE] total=3.8156 cls=1.0081 dom=0.4168 adv=2.6222 orth=0.0021 cons=0.1569 group_ce=1.8102
[LOSS-AUX]  cls_pa=1.3758 cls_dac=0.0000 pa_joint_inv=0.2310 pa_kl=1.2000 dac_reg=0.0000 pa_reg=0.0144 gap_dac=0.0000 gap_pa=0.2614 cos_joint_pa=0.7690 cos_imp_pa=nan
[LOSS-SAT]  cls_sat=9.3991 sat_cons=0.7417 sat_cos=0.2583
[LOSS-DG]   proto=0.0000 proto_cos=nan supcon=0.0000 fishr=0.0010 sgc_res=0.0022
[LOSS-CAL]  ecc=0.0000 ecc_w=0.0000 ecc_tau=0.9467 ecc_maxp=nan
[TRAIN] tx=91.91% dom=85.18% cons_cos=0.8431
[GRAD]  total=3.293 backbone=1.000 aux=0.750 domain=0.424
[VAL]   tx=98.90% dom=93.58%
[TEST]  overall_tx=89.42% (182413/204000)
[TEST-SPLIT]
          unseen_day_seen_rx(days=['2021_03_15', '2021_03_23'], rxs=[0, 1, 2, 3, 4, 5, 6]): tx=93.08% (78184/84000)
          seen_day_unseen_rx(days=['2021_03_01', '2021_03_08'], rxs=[7, 8, 9, 10, 11]): tx=88.68% (53209/60000)
          unseen_day_unseen_rx(days=['2021_03_15', '2021_03_23'], rxs=[7, 8, 9, 10, 11]): tx=85.03% (51020/60000)
          day=2021_03_15 on seen_rxs=[0, 1, 2, 3, 4, 5, 6]: tx=95.70% (40195/42000)
          day=2021_03_23 on seen_rxs=[0, 1, 2, 3, 4, 5, 6]: tx=90.45% (37989/42000)
          rx=7 on seen_days=['2021_03_01', '2021_03_08']: tx=84.43% (10132/12000)
          rx=8 on seen_days=['2021_03_01', '2021_03_08']: tx=84.83% (10180/12000)
          rx=9 on seen_days=['2021_03_01', '2021_03_08']: tx=89.44% (10733/12000)
          rx=10 on seen_days=['2021_03_01', '2021_03_08']: tx=91.84% (11021/12000)
          rx=11 on seen_days=['2021_03_01', '2021_03_08']: tx=92.86% (11143/12000)
[BEST-JOINT]  val_tx=98.97% & test_tx=89.86% @ E011
[CKPT]  latest -> finalist_runs/E1_residual_only_std/latest_model.pth (saved) | best -> finalist_runs/E1_residual_only_std/best_model_val.pth
====================================================================================================================================
[SAT-TEST] scenario=clear_leo selected=test_unseen_day_unseen_rx overall_tx=44.05% strict_udu=44.05% (26432/60000)
[SAT-TEST] scenario=low_elev_leo selected=test_unseen_day_unseen_rx overall_tx=44.19% strict_udu=44.19% (26515/60000)
[SAT-TEST] scenario=rain_leo selected=test_unseen_day_unseen_rx overall_tx=41.91% strict_udu=41.91% (25144/60000)
[SAT-TEST] scenario=storm_mp selected=test_unseen_day_unseen_rx overall_tx=37.38% strict_udu=37.38% (22430/60000)
[SAT-TEST] scenario=mixed_orbit selected=test_unseen_day_unseen_rx overall_tx=39.95% strict_udu=39.95% (23968/60000)
[BEST-TEST] overall=90.46% @ E005 -> finalist_runs/E1_residual_only_std/best_model_test_overall.pth | unseen_day_unseen_rx=86.53% @ E005 -> finalist_runs/E1_residual_only_std/best_model_strict_udu.pth | unseen_day_seen_rx=93.56% @ E008 | seen_day_unseen_rx=90.25% @ E005
[BEST-PRIMARY] score=87.91 @ E005 -> finalist_runs/E1_residual_only_std/best_model_primary_ood.pth | overall=90.46% strict_udu=86.53%
[BEST-WORST-RX] worst_rx=86.63% (test_rx_7) @ E002 -> finalist_runs/E1_residual_only_std/best_model_worst_rx.pth
====================================================================================================================================
[Epoch 058/060] time=89.1s | lr=1.13e-06 | aux_scale=1.000
[STAGE] phase=S3_refine_aux | use_aux=1.0 cons=0.85 cls_aux=0.81 reg=0.85 joint_inv=0.25 kl=0.50 group_ce=1.00
[MIXSTYLE-EPOCH] phase=base enabled=1 p=0.150 strength=0.650 anneal_t=0.000
[AUG] scale=0.350 | p_dac=0.000 p_pa=0.049 p_shift=0.122 p_cfo=0.122 p_awgn=0.140 p_mp=0.063 | max_shift=11 cfo_max=0.00014 pn_max=0.0021
------------------------------------------------------------------------------------------------------------------------------------
[LOSS-CORE] total=4.3088 cls=1.3636 dom=0.4944 adv=2.6225 orth=0.0020 cons=0.1783 group_ce=2.3607
[LOSS-AUX]  cls_pa=1.4566 cls_dac=0.0000 pa_joint_inv=0.2348 pa_kl=1.2818 dac_reg=0.0000 pa_reg=0.0146 gap_dac=0.0000 gap_pa=0.2684 cos_joint_pa=0.7652 cos_imp_pa=nan
[LOSS-SAT]  cls_sat=9.2605 sat_cons=0.7264 sat_cos=0.2736
[LOSS-DG]   proto=0.0000 proto_cos=nan supcon=0.0000 fishr=0.0013 sgc_res=0.0022
[LOSS-CAL]  ecc=0.0000 ecc_w=0.0000 ecc_tau=0.9482 ecc_maxp=nan
[TRAIN] tx=89.50% dom=82.66% cons_cos=0.8217
[GRAD]  total=3.929 backbone=1.000 aux=0.750 domain=0.447
[VAL]   tx=98.92% dom=93.60%
[TEST]  overall_tx=89.47% (182523/204000)
[TEST-SPLIT]
          unseen_day_seen_rx(days=['2021_03_15', '2021_03_23'], rxs=[0, 1, 2, 3, 4, 5, 6]): tx=93.12% (78221/84000)
          seen_day_unseen_rx(days=['2021_03_01', '2021_03_08'], rxs=[7, 8, 9, 10, 11]): tx=88.77% (53261/60000)
          unseen_day_unseen_rx(days=['2021_03_15', '2021_03_23'], rxs=[7, 8, 9, 10, 11]): tx=85.07% (51041/60000)
          day=2021_03_15 on seen_rxs=[0, 1, 2, 3, 4, 5, 6]: tx=95.58% (40145/42000)
          day=2021_03_23 on seen_rxs=[0, 1, 2, 3, 4, 5, 6]: tx=90.66% (38076/42000)
          rx=7 on seen_days=['2021_03_01', '2021_03_08']: tx=84.46% (10135/12000)
          rx=8 on seen_days=['2021_03_01', '2021_03_08']: tx=84.75% (10170/12000)
          rx=9 on seen_days=['2021_03_01', '2021_03_08']: tx=89.45% (10734/12000)
          rx=10 on seen_days=['2021_03_01', '2021_03_08']: tx=92.24% (11069/12000)
          rx=11 on seen_days=['2021_03_01', '2021_03_08']: tx=92.94% (11153/12000)
[BEST-JOINT]  val_tx=98.97% & test_tx=89.86% @ E011
[CKPT]  latest -> finalist_runs/E1_residual_only_std/latest_model.pth (saved) | best -> finalist_runs/E1_residual_only_std/best_model_val.pth
====================================================================================================================================
[SAT-TEST] scenario=clear_leo selected=test_unseen_day_unseen_rx overall_tx=43.97% strict_udu=43.97% (26382/60000)
[SAT-TEST] scenario=low_elev_leo selected=test_unseen_day_unseen_rx overall_tx=44.11% strict_udu=44.11% (26465/60000)
[SAT-TEST] scenario=rain_leo selected=test_unseen_day_unseen_rx overall_tx=41.88% strict_udu=41.88% (25126/60000)
[SAT-TEST] scenario=storm_mp selected=test_unseen_day_unseen_rx overall_tx=37.39% strict_udu=37.39% (22436/60000)
[SAT-TEST] scenario=mixed_orbit selected=test_unseen_day_unseen_rx overall_tx=39.92% strict_udu=39.92% (23952/60000)
[BEST-TEST] overall=90.46% @ E005 -> finalist_runs/E1_residual_only_std/best_model_test_overall.pth | unseen_day_unseen_rx=86.53% @ E005 -> finalist_runs/E1_residual_only_std/best_model_strict_udu.pth | unseen_day_seen_rx=93.56% @ E008 | seen_day_unseen_rx=90.25% @ E005
[BEST-PRIMARY] score=87.91 @ E005 -> finalist_runs/E1_residual_only_std/best_model_primary_ood.pth | overall=90.46% strict_udu=86.53%
[BEST-WORST-RX] worst_rx=86.63% (test_rx_7) @ E002 -> finalist_runs/E1_residual_only_std/best_model_worst_rx.pth
====================================================================================================================================
[Epoch 059/060] time=88.6s | lr=1.03e-06 | aux_scale=1.000
[STAGE] phase=S3_refine_aux | use_aux=1.0 cons=0.86 cls_aux=0.81 reg=0.86 joint_inv=0.25 kl=0.51 group_ce=1.00
[MIXSTYLE-EPOCH] phase=base enabled=1 p=0.150 strength=0.650 anneal_t=0.000
[AUG] scale=0.350 | p_dac=0.000 p_pa=0.049 p_shift=0.122 p_cfo=0.122 p_awgn=0.140 p_mp=0.063 | max_shift=11 cfo_max=0.00014 pn_max=0.0021
------------------------------------------------------------------------------------------------------------------------------------
[LOSS-CORE] total=4.1572 cls=1.2581 dom=0.4655 adv=2.6224 orth=0.0020 cons=0.1673 group_ce=2.1056
[LOSS-AUX]  cls_pa=1.4316 cls_dac=0.0000 pa_joint_inv=0.2372 pa_kl=1.2671 dac_reg=0.0000 pa_reg=0.0144 gap_dac=0.0000 gap_pa=0.2726 cos_joint_pa=0.7628 cos_imp_pa=nan
[LOSS-SAT]  cls_sat=9.4002 sat_cons=0.7385 sat_cos=0.2615
[LOSS-DG]   proto=0.0000 proto_cos=nan supcon=0.0000 fishr=0.0011 sgc_res=0.0022
[LOSS-CAL]  ecc=0.0000 ecc_w=0.0000 ecc_tau=0.9492 ecc_maxp=nan
[TRAIN] tx=89.80% dom=83.20% cons_cos=0.8327
[GRAD]  total=3.528 backbone=1.000 aux=0.750 domain=0.438
[VAL]   tx=98.92% dom=93.58%
[TEST]  overall_tx=89.59% (182766/204000)
[TEST-SPLIT]
          unseen_day_seen_rx(days=['2021_03_15', '2021_03_23'], rxs=[0, 1, 2, 3, 4, 5, 6]): tx=93.19% (78281/84000)
          seen_day_unseen_rx(days=['2021_03_01', '2021_03_08'], rxs=[7, 8, 9, 10, 11]): tx=88.94% (53363/60000)
          unseen_day_unseen_rx(days=['2021_03_15', '2021_03_23'], rxs=[7, 8, 9, 10, 11]): tx=85.20% (51122/60000)
          day=2021_03_15 on seen_rxs=[0, 1, 2, 3, 4, 5, 6]: tx=95.72% (40202/42000)
          day=2021_03_23 on seen_rxs=[0, 1, 2, 3, 4, 5, 6]: tx=90.66% (38079/42000)
          rx=7 on seen_days=['2021_03_01', '2021_03_08']: tx=84.67% (10161/12000)
          rx=8 on seen_days=['2021_03_01', '2021_03_08']: tx=84.93% (10192/12000)
          rx=9 on seen_days=['2021_03_01', '2021_03_08']: tx=89.60% (10752/12000)
          rx=10 on seen_days=['2021_03_01', '2021_03_08']: tx=92.09% (11051/12000)
          rx=11 on seen_days=['2021_03_01', '2021_03_08']: tx=93.39% (11207/12000)
[BEST-JOINT]  val_tx=98.97% & test_tx=89.86% @ E011
[CKPT]  latest -> finalist_runs/E1_residual_only_std/latest_model.pth (saved) | best -> finalist_runs/E1_residual_only_std/best_model_val.pth
====================================================================================================================================
[SAT-TEST] scenario=clear_leo selected=test_unseen_day_unseen_rx overall_tx=44.08% strict_udu=44.08% (26447/60000)
[SAT-TEST] scenario=low_elev_leo selected=test_unseen_day_unseen_rx overall_tx=44.16% strict_udu=44.16% (26495/60000)
[SAT-TEST] scenario=rain_leo selected=test_unseen_day_unseen_rx overall_tx=41.90% strict_udu=41.90% (25139/60000)
[SAT-TEST] scenario=storm_mp selected=test_unseen_day_unseen_rx overall_tx=37.48% strict_udu=37.48% (22485/60000)
[SAT-TEST] scenario=mixed_orbit selected=test_unseen_day_unseen_rx overall_tx=40.04% strict_udu=40.04% (24025/60000)
[BEST-TEST] overall=90.46% @ E005 -> finalist_runs/E1_residual_only_std/best_model_test_overall.pth | unseen_day_unseen_rx=86.53% @ E005 -> finalist_runs/E1_residual_only_std/best_model_strict_udu.pth | unseen_day_seen_rx=93.56% @ E008 | seen_day_unseen_rx=90.25% @ E005
[BEST-PRIMARY] score=87.91 @ E005 -> finalist_runs/E1_residual_only_std/best_model_primary_ood.pth | overall=90.46% strict_udu=86.53%
[BEST-WORST-RX] worst_rx=86.63% (test_rx_7) @ E002 -> finalist_runs/E1_residual_only_std/best_model_worst_rx.pth
====================================================================================================================================
[Epoch 060/060] time=90.6s | lr=1.00e-06 | aux_scale=1.000
[STAGE] phase=S3_refine_aux | use_aux=1.0 cons=0.86 cls_aux=0.82 reg=0.86 joint_inv=0.25 kl=0.51 group_ce=1.00
[MIXSTYLE-EPOCH] phase=base enabled=1 p=0.150 strength=0.650 anneal_t=0.000
[AUG] scale=0.350 | p_dac=0.000 p_pa=0.049 p_shift=0.122 p_cfo=0.122 p_awgn=0.140 p_mp=0.063 | max_shift=11 cfo_max=0.00014 pn_max=0.0021
------------------------------------------------------------------------------------------------------------------------------------
[LOSS-CORE] total=4.2064 cls=1.2786 dom=0.4876 adv=2.6235 orth=0.0020 cons=0.1714 group_ce=2.1607
[LOSS-AUX]  cls_pa=1.4514 cls_dac=0.0000 pa_joint_inv=0.2380 pa_kl=1.2772 dac_reg=0.0000 pa_reg=0.0142 gap_dac=0.0000 gap_pa=0.2744 cos_joint_pa=0.7620 cos_imp_pa=nan
[LOSS-SAT]  cls_sat=9.3389 sat_cons=0.7310 sat_cos=0.2690
[LOSS-DG]   proto=0.0000 proto_cos=nan supcon=0.0000 fishr=0.0012 sgc_res=0.0022
[LOSS-CAL]  ecc=0.0000 ecc_w=0.0000 ecc_tau=0.9498 ecc_maxp=nan
[TRAIN] tx=89.85% dom=83.19% cons_cos=0.8286
[GRAD]  total=4.628 backbone=1.000 aux=0.750 domain=0.429
[VAL]   tx=98.91% dom=93.61%
[TEST]  overall_tx=89.48% (182548/204000)
[TEST-SPLIT]
          unseen_day_seen_rx(days=['2021_03_15', '2021_03_23'], rxs=[0, 1, 2, 3, 4, 5, 6]): tx=93.13% (78229/84000)
          seen_day_unseen_rx(days=['2021_03_01', '2021_03_08'], rxs=[7, 8, 9, 10, 11]): tx=88.76% (53255/60000)
          unseen_day_unseen_rx(days=['2021_03_15', '2021_03_23'], rxs=[7, 8, 9, 10, 11]): tx=85.11% (51064/60000)
          day=2021_03_15 on seen_rxs=[0, 1, 2, 3, 4, 5, 6]: tx=95.72% (40202/42000)
          day=2021_03_23 on seen_rxs=[0, 1, 2, 3, 4, 5, 6]: tx=90.54% (38027/42000)
          rx=7 on seen_days=['2021_03_01', '2021_03_08']: tx=84.54% (10145/12000)
          rx=8 on seen_days=['2021_03_01', '2021_03_08']: tx=84.78% (10174/12000)
          rx=9 on seen_days=['2021_03_01', '2021_03_08']: tx=89.52% (10742/12000)
          rx=10 on seen_days=['2021_03_01', '2021_03_08']: tx=91.99% (11039/12000)
          rx=11 on seen_days=['2021_03_01', '2021_03_08']: tx=92.96% (11155/12000)
[BEST-JOINT]  val_tx=98.97% & test_tx=89.86% @ E011
[CKPT]  latest -> finalist_runs/E1_residual_only_std/latest_model.pth (saved) | best -> finalist_runs/E1_residual_only_std/best_model_val.pth
====================================================================================================================================
[SAT-TEST] scenario=clear_leo selected=test_unseen_day_unseen_rx overall_tx=44.12% strict_udu=44.12% (26470/60000)
[SAT-TEST] scenario=low_elev_leo selected=test_unseen_day_unseen_rx overall_tx=44.23% strict_udu=44.23% (26538/60000)
[SAT-TEST] scenario=rain_leo selected=test_unseen_day_unseen_rx overall_tx=41.98% strict_udu=41.98% (25188/60000)
[SAT-TEST] scenario=storm_mp selected=test_unseen_day_unseen_rx overall_tx=37.44% strict_udu=37.44% (22462/60000)
[SAT-TEST] scenario=mixed_orbit selected=test_unseen_day_unseen_rx overall_tx=39.99% strict_udu=39.99% (23996/60000)
[BEST-TEST] overall=90.46% @ E005 -> finalist_runs/E1_residual_only_std/best_model_test_overall.pth | unseen_day_unseen_rx=86.53% @ E005 -> finalist_runs/E1_residual_only_std/best_model_strict_udu.pth | unseen_day_seen_rx=93.56% @ E008 | seen_day_unseen_rx=90.25% @ E005
[BEST-PRIMARY] score=87.91 @ E005 -> finalist_runs/E1_residual_only_std/best_model_primary_ood.pth | overall=90.46% strict_udu=86.53%
[BEST-WORST-RX] worst_rx=86.63% (test_rx_7) @ E002 -> finalist_runs/E1_residual_only_std/best_model_worst_rx.pth
Training finished. best_joint_val_tx_acc=98.97% & best_joint_test_tx_acc=89.86% at epoch 11
Training finished. best_test_overall_tx_acc=90.46% at epoch 5 -> finalist_runs/E1_residual_only_std/best_model_test_overall.pth
Training finished. best_primary_ood_score=87.91 at epoch 5 -> finalist_runs/E1_residual_only_std/best_model_primary_ood.pth
Training finished. best_unseen_day_unseen_rx_tx_acc=86.53% at epoch 5 -> finalist_runs/E1_residual_only_std/best_model_strict_udu.pth
Training finished. best_worst_rx_tx_acc=86.63% (test_rx_7) at epoch 2 -> finalist_runs/E1_residual_only_std/best_model_worst_rx.pth
Training finished. skipped_backward_batches=8
Final split info: {'mode': 'contiguous_trainval_with_explicit_day_rx_isolation', 'train_days_idx': [0, 1], 'train_days_label': ['2021_03_01', '2021_03_08'], 'test_days_idx': [2, 3], 'test_days_label': ['2021_03_15', '2021_03_23'], 'train_rxs_idx': [0, 1, 2, 3, 4, 5, 6], 'train_rxs_label': ['1-1', '1-19', '14-7', '18-2', '19-2', '2-1', '2-19'], 'test_rxs_idx': [7, 8, 9, 10, 11], 'test_rxs_label': ['20-1', '3-19', '7-14', '7-7', '8-8'], 'train_ratio': 0.2, 'requested_val_ratio': 0.8, 'guard_gap': 8, 'trainval_pool_size': 84000, 'train_size': 16800, 'val_size': 66528, 'effective_train_ratio': 0.2, 'effective_val_ratio': 0.792, 'test_size': 204000, 'dropped_gap_size': 672, 'max_samples_per_combo_day123': None, 'max_samples_per_combo_train': None, 'max_samples_per_combo_val': None, 'max_samples_per_combo_test': None, 'named_test_sizes': {'test_unseen_day_seen_rx': 84000, 'test_day_2': 42000, 'test_day_3': 42000, 'test_seen_day_unseen_rx': 60000, 'test_rx_7': 12000, 'test_rx_8': 12000, 'test_rx_9': 12000, 'test_rx_10': 12000, 'test_rx_11': 12000, 'test_unseen_day_unseen_rx': 60000}}
[FINAL-BEST] val_tx=98.97% | test_overall_tx=89.86%
[FINAL-BEST] unseen_day_seen_rx(days=['2021_03_15', '2021_03_23'], rxs=[0, 1, 2, 3, 4, 5, 6]): tx=92.90% (78034/84000)
[FINAL-BEST] seen_day_unseen_rx(days=['2021_03_01', '2021_03_08'], rxs=[7, 8, 9, 10, 11]): tx=89.79% (53872/60000)
[FINAL-BEST] unseen_day_unseen_rx(days=['2021_03_15', '2021_03_23'], rxs=[7, 8, 9, 10, 11]): tx=85.67% (51403/60000)
[FINAL-BEST] day=2021_03_15 on seen_rxs=[0, 1, 2, 3, 4, 5, 6]: tx=94.68% (39765/42000)
[FINAL-BEST] day=2021_03_23 on seen_rxs=[0, 1, 2, 3, 4, 5, 6]: tx=91.12% (38269/42000)
[FINAL-BEST] rx=7 on seen_days=['2021_03_01', '2021_03_08']: tx=85.39% (10247/12000)
[FINAL-BEST] rx=8 on seen_days=['2021_03_01', '2021_03_08']: tx=86.12% (10334/12000)
[FINAL-BEST] rx=9 on seen_days=['2021_03_01', '2021_03_08']: tx=90.18% (10822/12000)
[FINAL-BEST] rx=10 on seen_days=['2021_03_01', '2021_03_08']: tx=92.22% (11067/12000)
[FINAL-BEST] rx=11 on seen_days=['2021_03_01', '2021_03_08']: tx=95.02% (11402/12000)
[FINAL-BEST] [SAT-TEST] scenario=clear_leo selected=test_unseen_day_unseen_rx overall_tx=43.15% strict_udu=43.15% (25891/60000)
[FINAL-BEST] [SAT-TEST] scenario=low_elev_leo selected=test_unseen_day_unseen_rx overall_tx=42.77% strict_udu=42.77% (25660/60000)
[FINAL-BEST] [SAT-TEST] scenario=rain_leo selected=test_unseen_day_unseen_rx overall_tx=40.78% strict_udu=40.78% (24471/60000)
[FINAL-BEST] [SAT-TEST] scenario=storm_mp selected=test_unseen_day_unseen_rx overall_tx=36.13% strict_udu=36.13% (21678/60000)
[FINAL-BEST] [SAT-TEST] scenario=mixed_orbit selected=test_unseen_day_unseen_rx overall_tx=38.55% strict_udu=38.55% (23127/60000)
[FINAL-PRIMARY] val_tx=98.85% | test_overall_tx=90.46% | strict_udu=86.53% | score=87.91
[FINAL-PRIMARY] unseen_day_seen_rx(days=['2021_03_15', '2021_03_23'], rxs=[0, 1, 2, 3, 4, 5, 6]): tx=93.42% (78471/84000)
[FINAL-PRIMARY] seen_day_unseen_rx(days=['2021_03_01', '2021_03_08'], rxs=[7, 8, 9, 10, 11]): tx=90.25% (54150/60000)
[FINAL-PRIMARY] unseen_day_unseen_rx(days=['2021_03_15', '2021_03_23'], rxs=[7, 8, 9, 10, 11]): tx=86.53% (51920/60000)
[FINAL-PRIMARY] day=2021_03_15 on seen_rxs=[0, 1, 2, 3, 4, 5, 6]: tx=95.91% (40283/42000)
[FINAL-PRIMARY] day=2021_03_23 on seen_rxs=[0, 1, 2, 3, 4, 5, 6]: tx=90.92% (38188/42000)
[FINAL-PRIMARY] rx=7 on seen_days=['2021_03_01', '2021_03_08']: tx=88.02% (10562/12000)
[FINAL-PRIMARY] rx=8 on seen_days=['2021_03_01', '2021_03_08']: tx=86.22% (10347/12000)
[FINAL-PRIMARY] rx=9 on seen_days=['2021_03_01', '2021_03_08']: tx=90.52% (10862/12000)
[FINAL-PRIMARY] rx=10 on seen_days=['2021_03_01', '2021_03_08']: tx=90.72% (10887/12000)
[FINAL-PRIMARY] rx=11 on seen_days=['2021_03_01', '2021_03_08']: tx=95.77% (11492/12000)
[FINAL-PRIMARY] [SAT-TEST] scenario=clear_leo selected=test_unseen_day_unseen_rx overall_tx=44.45% strict_udu=44.45% (26668/60000)
[FINAL-PRIMARY] [SAT-TEST] scenario=low_elev_leo selected=test_unseen_day_unseen_rx overall_tx=43.60% strict_udu=43.60% (26163/60000)
[FINAL-PRIMARY] [SAT-TEST] scenario=rain_leo selected=test_unseen_day_unseen_rx overall_tx=41.42% strict_udu=41.42% (24854/60000)
[FINAL-PRIMARY] [SAT-TEST] scenario=storm_mp selected=test_unseen_day_unseen_rx overall_tx=36.84% strict_udu=36.84% (22106/60000)
[FINAL-PRIMARY] [SAT-TEST] scenario=mixed_orbit selected=test_unseen_day_unseen_rx overall_tx=39.68% strict_udu=39.68% (23809/60000)
