Starting Training at 2026-05-08 02:32:01
Device: cuda:0 | AMP: True | use_aug=True
[EXP] s3_rxrobust_no_dac | S3 RX-robust no-DAC: PA-only aux + hard-domain CE for weak unseen receivers | no_dac->disable_dac_aux
[SLIM] group=rxrobust_lite_b_no_dac_mix015 | R05 conservative MixStyle: lower p/strength for no-stats-sensitive domains.
[SAT-EVAL] enabled scenarios=clear_leo,low_elev_leo,rain_leo,storm_mp,mixed_orbit on=test_unseen_day_unseen_rx max_batches=-1
[SAT-TRAIN] scenario=mixed_orbit view_source=main lambda_cons=0.0400 lambda_cls=0.0800 start_epoch=20
[EXP] pa_main=True pa_aux=True dac_aux=False | aug_p_pa=0.140 aug_p_dac=0.000
[EXP] pure_views: dac_only(channel=False, anti=False) | pa_only(channel=False, anti=False)
[EXP] stage schedule: stage1<=E16, stage2<=E56, stage3 ramp=16
[EXP] pure_views: dac_only(channel=False, anti=False) pa_only(channel=False, anti=False) | defect_strength_mode=tiered
[WISIG] overriding num_classes 16 -> 6
[WISIG] pkl=./Dataset_WigSig/ManySig.pkl eq=1 out_len=256 domain=rx_day
[WISIG] TRAIN DAYS: ['2021_03_01', '2021_03_08'] | TRAIN RXS: [0, 1, 2, 3, 4, 5, 6]
[WISIG] TEST  DAYS: ['2021_03_15', '2021_03_23'] | TEST  RXS: [7, 8, 9, 10, 11]
[WISIG] VAL   source: same train_days x train_rxs tail (guard_gap=8)
[WISIG-SPLIT] train_ratio=0.200 requested_val_ratio=0.800 effective_train=0.200 effective_val=0.792
[WISIG] named_test_sizes={'test_unseen_day_seen_rx': 84000, 'test_day_2': 42000, 'test_day_3': 42000, 'test_seen_day_unseen_rx': 60000, 'test_rx_7': 12000, 'test_rx_8': 12000, 'test_rx_9': 12000, 'test_rx_10': 12000, 'test_rx_11': 12000, 'test_unseen_day_unseen_rx': 60000}
[WISIG] split_info={'mode': 'contiguous_trainval_with_explicit_day_rx_isolation', 'train_days_idx': [0, 1], 'train_days_label': ['2021_03_01', '2021_03_08'], 'test_days_idx': [2, 3], 'test_days_label': ['2021_03_15', '2021_03_23'], 'train_rxs_idx': [0, 1, 2, 3, 4, 5, 6], 'train_rxs_label': ['1-1', '1-19', '14-7', '18-2', '19-2', '2-1', '2-19'], 'test_rxs_idx': [7, 8, 9, 10, 11], 'test_rxs_label': ['20-1', '3-19', '7-14', '7-7', '8-8'], 'train_ratio': 0.2, 'requested_val_ratio': 0.8, 'guard_gap': 8, 'trainval_pool_size': 84000, 'train_size': 16800, 'val_size': 66528, 'effective_train_ratio': 0.2, 'effective_val_ratio': 0.792, 'test_size': 204000, 'dropped_gap_size': 672, 'max_samples_per_combo_day123': None, 'max_samples_per_combo_train': None, 'max_samples_per_combo_val': None, 'max_samples_per_combo_test': None, 'named_test_sizes': {'test_unseen_day_seen_rx': 84000, 'test_day_2': 42000, 'test_day_3': 42000, 'test_seen_day_unseen_rx': 60000, 'test_rx_7': 12000, 'test_rx_8': 12000, 'test_rx_9': 12000, 'test_rx_10': 12000, 'test_rx_11': 12000, 'test_unseen_day_unseen_rx': 60000}}
[SAMPLES] train=16800 | val=66528
[SAMPLES-RX][TRAIN] rx[0]=1-1:2400 | rx[1]=1-19:2400 | rx[2]=14-7:2400 | rx[3]=18-2:2400 | rx[4]=19-2:2400 | rx[5]=2-1:2400 | rx[6]=2-19:2400
[SAMPLES-RX][VAL]   rx[0]=1-1:9504 | rx[1]=1-19:9504 | rx[2]=14-7:9504 | rx[3]=18-2:9504 | rx[4]=19-2:9504 | rx[5]=2-1:9504 | rx[6]=2-19:9504
========================================================================================================================
[DOMAIN-MODE] wisig_domain=rx_day | target=JOINT RECEIVER × DATE domain | 中文=接收机×日期联合域
[DOMAIN-MODE] num_train_domains=14
[DOMAIN-LOSS] loss_dom  : 让 z_dom 分类每一个 RX×day 组合域，显式捕捉接收机与日期的耦合偏置。
[DOMAIN-LOSS] loss_adv  : 通过 GRL 让 z_id 同时去除 RX 与 day 的联合域信息。
[DOMAIN-LOSS] loss_cons : 约束同一发射机跨 RX×day 组合域的 ID 特征中心更接近。
[DOMAIN-RISK] 域数最多，域分类更难；batch 内域覆盖不足时 cons/adv 可能不稳定。
[DOMAIN-SPLIT] train_days=['2021_03_01', '2021_03_08'] | train_rxs_idx=[0, 1, 2, 3, 4, 5, 6] | test_days=['2021_03_15', '2021_03_23'] | test_rxs_idx=[7, 8, 9, 10, 11]
[DOMAIN-LABELS] raw_domain -> mapped_domain -> readable_label
  raw=   0 -> mapped=  0 -> rx_day[0]=rx[0]=1-1 × day[0]=2021_03_01
  raw=   1 -> mapped=  1 -> rx_day[1]=rx[0]=1-1 × day[1]=2021_03_08
  raw=   4 -> mapped=  2 -> rx_day[4]=rx[1]=1-19 × day[0]=2021_03_01
  raw=   5 -> mapped=  3 -> rx_day[5]=rx[1]=1-19 × day[1]=2021_03_08
  raw=   8 -> mapped=  4 -> rx_day[8]=rx[2]=14-7 × day[0]=2021_03_01
  raw=   9 -> mapped=  5 -> rx_day[9]=rx[2]=14-7 × day[1]=2021_03_08
  raw=  12 -> mapped=  6 -> rx_day[12]=rx[3]=18-2 × day[0]=2021_03_01
  raw=  13 -> mapped=  7 -> rx_day[13]=rx[3]=18-2 × day[1]=2021_03_08
  raw=  16 -> mapped=  8 -> rx_day[16]=rx[4]=19-2 × day[0]=2021_03_01
  raw=  17 -> mapped=  9 -> rx_day[17]=rx[4]=19-2 × day[1]=2021_03_08
  raw=  20 -> mapped= 10 -> rx_day[20]=rx[5]=2-1 × day[0]=2021_03_01
  raw=  21 -> mapped= 11 -> rx_day[21]=rx[5]=2-1 × day[1]=2021_03_08
  raw=  24 -> mapped= 12 -> rx_day[24]=rx[6]=2-19 × day[0]=2021_03_01
  raw=  25 -> mapped= 13 -> rx_day[25]=rx[6]=2-19 × day[1]=2021_03_08
========================================================================================================================
[SGC-CKPT] loaded source_ckpt=finalist_runs/D1_domain_enhancer_off_seed1337/best_model_primary_ood.pth missing=18 unexpected=0
[MODEL] DualCVSincNetDisentangle variant=lite_b branch_ablation=no_dac emb_dim=192 num_domains=14 params=1,673,467 trainable=1,673,467
[SGC-ADAPTER] enabled=True stage=sgc_augment params=1,058 submodules={'amp_norm': True, 'freq_comp': True, 'spectral_suppressor': True, 'residual_comp': False}
[MIXSTYLE] on=1 p=0.150 alpha=0.100 eps=1.0e-06 layers=time_down,t1 use_domain=1 mix=same_tx_crossdomain strength=0.65 fallback=skip
[MIXSTYLE-SCHEDULE] late_start=110 ramp=35 min_p=0.050 min_strength=0.35 stop_epoch=0
[DOMAIN-BACKBONE] branch_ablation=no_stats enhancer=rcn_stats enhancer_strength=0.35 fast_infer_no_aux=1
[AUG-INIT] enabled | scale:[0.10->0.35] warmup=3 ramp=15 curve=1.25 | base_p_dac=0.00 base_p_pa=0.14
[CKPT-PATHS]
  latest                       -> finalist_runs/E3_no_res_control/latest_model.pth
  best_by_val                  -> finalist_runs/E3_no_res_control/best_model_val.pth
  best_by_test_overall         -> finalist_runs/E3_no_res_control/best_model_test_overall.pth
  best_by_primary_ood         -> finalist_runs/E3_no_res_control/best_model_primary_ood.pth (udu_weight=0.65)
  best_by_unseen_day_unseen_rx -> finalist_runs/E3_no_res_control/best_model_strict_udu.pth
  best_by_unseen_day_seen_rx   -> finalist_runs/E3_no_res_control/best_model_val_test_unseen_day_seen_rx.pth
  best_by_seen_day_unseen_rx   -> finalist_runs/E3_no_res_control/best_model_val_test_seen_day_unseen_rx.pth
  best_by_worst_rx             -> finalist_runs/E3_no_res_control/best_model_worst_rx.pth
[WARN][E001] unsafe backward/step skipped #1
[WARN][E001] unsafe backward/step skipped #2
[WARN][E001] unsafe backward/step skipped #3
[WARN][E001] unsafe backward/step skipped #4
[WARN][E001] unsafe backward/step skipped #5
====================================================================================================================================
[Epoch 001/060] time=90.2s | lr=5.00e-05 | aux_scale=0.000
[STAGE] phase=S1_core | use_aux=0.0 cons=0.00 cls_aux=0.00 reg=0.00 joint_inv=0.00 kl=0.00 group_ce=0.50
[MIXSTYLE-EPOCH] phase=base enabled=1 p=0.150 strength=0.650 anneal_t=0.000
[AUG] scale=0.100 | p_dac=0.000 p_pa=0.014 p_shift=0.035 p_cfo=0.035 p_awgn=0.040 p_mp=0.018 | max_shift=3 cfo_max=4e-05 pn_max=0.0006
------------------------------------------------------------------------------------------------------------------------------------
[LOSS-CORE] total=1.9192 cls=0.6155 dom=0.4160 adv=2.6146 orth=0.0041 cons=0.1440 group_ce=1.2652
[LOSS-AUX]  cls_pa=0.0000 cls_dac=0.0000 pa_joint_inv=0.0000 pa_kl=0.0000 dac_reg=0.0000 pa_reg=0.0000 gap_dac=0.0000 gap_pa=0.0000 cos_joint_pa=nan cos_imp_pa=nan
[LOSS-SAT]  cls_sat=0.0000 sat_cons=0.0000 sat_cos=nan
[LOSS-DG]   proto=0.0000 proto_cos=nan supcon=0.0000 fishr=0.0006 sgc_res=0.0713
[LOSS-CAL]  ecc=0.0000 ecc_w=0.0000 ecc_tau=0.6500 ecc_maxp=nan
[TRAIN] tx=95.27% dom=86.60% cons_cos=0.8568
[GRAD]  total=5.875 backbone=1.000 aux=0.750 domain=0.472
[VAL]   tx=98.66% dom=92.23%
[TEST]  overall_tx=89.16% (181892/204000)
[TEST-SPLIT]
          unseen_day_seen_rx(days=['2021_03_15', '2021_03_23'], rxs=[0, 1, 2, 3, 4, 5, 6]): tx=93.41% (78466/84000)
          seen_day_unseen_rx(days=['2021_03_01', '2021_03_08'], rxs=[7, 8, 9, 10, 11]): tx=88.60% (53160/60000)
          unseen_day_unseen_rx(days=['2021_03_15', '2021_03_23'], rxs=[7, 8, 9, 10, 11]): tx=83.78% (50266/60000)
          day=2021_03_15 on seen_rxs=[0, 1, 2, 3, 4, 5, 6]: tx=94.57% (39718/42000)
          day=2021_03_23 on seen_rxs=[0, 1, 2, 3, 4, 5, 6]: tx=92.26% (38748/42000)
          rx=7 on seen_days=['2021_03_01', '2021_03_08']: tx=84.50% (10140/12000)
          rx=8 on seen_days=['2021_03_01', '2021_03_08']: tx=84.36% (10123/12000)
          rx=9 on seen_days=['2021_03_01', '2021_03_08']: tx=88.99% (10679/12000)
          rx=10 on seen_days=['2021_03_01', '2021_03_08']: tx=90.12% (10815/12000)
          rx=11 on seen_days=['2021_03_01', '2021_03_08']: tx=95.03% (11403/12000)
[BEST-JOINT]  val_tx=98.66% & test_tx=89.16% @ E001
[CKPT]  latest -> finalist_runs/E3_no_res_control/latest_model.pth (saved) | best -> finalist_runs/E3_no_res_control/best_model_val.pth (updated: val improved)
====================================================================================================================================
[SAT-TEST] scenario=clear_leo selected=test_unseen_day_unseen_rx overall_tx=43.83% strict_udu=43.83% (26295/60000)
[SAT-TEST] scenario=low_elev_leo selected=test_unseen_day_unseen_rx overall_tx=43.01% strict_udu=43.01% (25804/60000)
[SAT-TEST] scenario=rain_leo selected=test_unseen_day_unseen_rx overall_tx=41.29% strict_udu=41.29% (24774/60000)
[SAT-TEST] scenario=storm_mp selected=test_unseen_day_unseen_rx overall_tx=37.22% strict_udu=37.22% (22330/60000)
[SAT-TEST] scenario=mixed_orbit selected=test_unseen_day_unseen_rx overall_tx=39.59% strict_udu=39.59% (23755/60000)
[BEST-TEST] overall=89.16% @ E001 -> finalist_runs/E3_no_res_control/best_model_test_overall.pth | unseen_day_unseen_rx=83.78% @ E001 -> finalist_runs/E3_no_res_control/best_model_strict_udu.pth | unseen_day_seen_rx=93.41% @ E001 | seen_day_unseen_rx=88.60% @ E001
[BEST-PRIMARY] score=85.66 @ E001 -> finalist_runs/E3_no_res_control/best_model_primary_ood.pth | overall=89.16% strict_udu=83.78%
[BEST-WORST-RX] worst_rx=84.36% (test_rx_8) @ E001 -> finalist_runs/E3_no_res_control/best_model_worst_rx.pth
====================================================================================================================================
[Epoch 002/060] time=83.7s | lr=4.99e-05 | aux_scale=0.000
[STAGE] phase=S1_core | use_aux=0.0 cons=0.00 cls_aux=0.00 reg=0.00 joint_inv=0.00 kl=0.00 group_ce=0.50
[MIXSTYLE-EPOCH] phase=base enabled=1 p=0.150 strength=0.650 anneal_t=0.000
[AUG] scale=0.100 | p_dac=0.000 p_pa=0.014 p_shift=0.035 p_cfo=0.035 p_awgn=0.040 p_mp=0.018 | max_shift=3 cfo_max=4e-05 pn_max=0.0006
------------------------------------------------------------------------------------------------------------------------------------
[LOSS-CORE] total=1.7647 cls=0.5303 dom=0.3532 adv=2.6182 orth=0.0036 cons=0.1376 group_ce=1.1119
[LOSS-AUX]  cls_pa=0.0000 cls_dac=0.0000 pa_joint_inv=0.0000 pa_kl=0.0000 dac_reg=0.0000 pa_reg=0.0000 gap_dac=0.0000 gap_pa=0.0000 cos_joint_pa=nan cos_imp_pa=nan
[LOSS-SAT]  cls_sat=0.0000 sat_cons=0.0000 sat_cos=nan
[LOSS-DG]   proto=0.0000 proto_cos=nan supcon=0.0000 fishr=0.0005 sgc_res=0.0692
[LOSS-CAL]  ecc=0.0000 ecc_w=0.0000 ecc_tau=0.6502 ecc_maxp=nan
[TRAIN] tx=96.33% dom=87.87% cons_cos=0.8624
[GRAD]  total=3.781 backbone=1.000 aux=0.750 domain=0.456
[VAL]   tx=98.79% dom=92.73%
[TEST]  overall_tx=89.97% (183541/204000)
[TEST-SPLIT]
          unseen_day_seen_rx(days=['2021_03_15', '2021_03_23'], rxs=[0, 1, 2, 3, 4, 5, 6]): tx=93.15% (78242/84000)
          seen_day_unseen_rx(days=['2021_03_01', '2021_03_08'], rxs=[7, 8, 9, 10, 11]): tx=90.00% (53997/60000)
          unseen_day_unseen_rx(days=['2021_03_15', '2021_03_23'], rxs=[7, 8, 9, 10, 11]): tx=85.50% (51302/60000)
          day=2021_03_15 on seen_rxs=[0, 1, 2, 3, 4, 5, 6]: tx=94.73% (39788/42000)
          day=2021_03_23 on seen_rxs=[0, 1, 2, 3, 4, 5, 6]: tx=91.56% (38454/42000)
          rx=7 on seen_days=['2021_03_01', '2021_03_08']: tx=87.27% (10472/12000)
          rx=8 on seen_days=['2021_03_01', '2021_03_08']: tx=85.76% (10291/12000)
          rx=9 on seen_days=['2021_03_01', '2021_03_08']: tx=89.72% (10767/12000)
          rx=10 on seen_days=['2021_03_01', '2021_03_08']: tx=90.74% (10889/12000)
          rx=11 on seen_days=['2021_03_01', '2021_03_08']: tx=96.48% (11578/12000)
[BEST-JOINT]  val_tx=98.79% & test_tx=89.97% @ E002
[CKPT]  latest -> finalist_runs/E3_no_res_control/latest_model.pth (saved) | best -> finalist_runs/E3_no_res_control/best_model_val.pth (updated: val improved)
====================================================================================================================================
[SAT-TEST] scenario=clear_leo selected=test_unseen_day_unseen_rx overall_tx=44.03% strict_udu=44.03% (26416/60000)
[SAT-TEST] scenario=low_elev_leo selected=test_unseen_day_unseen_rx overall_tx=43.59% strict_udu=43.59% (26151/60000)
[SAT-TEST] scenario=rain_leo selected=test_unseen_day_unseen_rx overall_tx=41.34% strict_udu=41.34% (24804/60000)
[SAT-TEST] scenario=storm_mp selected=test_unseen_day_unseen_rx overall_tx=37.07% strict_udu=37.07% (22242/60000)
[SAT-TEST] scenario=mixed_orbit selected=test_unseen_day_unseen_rx overall_tx=39.90% strict_udu=39.90% (23940/60000)
[BEST-TEST] overall=89.97% @ E002 -> finalist_runs/E3_no_res_control/best_model_test_overall.pth | unseen_day_unseen_rx=85.50% @ E002 -> finalist_runs/E3_no_res_control/best_model_strict_udu.pth | unseen_day_seen_rx=93.41% @ E001 | seen_day_unseen_rx=90.00% @ E002
[BEST-PRIMARY] score=87.07 @ E002 -> finalist_runs/E3_no_res_control/best_model_primary_ood.pth | overall=89.97% strict_udu=85.50%
[BEST-WORST-RX] worst_rx=85.76% (test_rx_8) @ E002 -> finalist_runs/E3_no_res_control/best_model_worst_rx.pth
====================================================================================================================================
[Epoch 003/060] time=83.1s | lr=4.97e-05 | aux_scale=0.000
[STAGE] phase=S1_core | use_aux=0.0 cons=0.00 cls_aux=0.00 reg=0.00 joint_inv=0.00 kl=0.00 group_ce=0.50
[MIXSTYLE-EPOCH] phase=base enabled=1 p=0.150 strength=0.650 anneal_t=0.000
[AUG] scale=0.100 | p_dac=0.000 p_pa=0.014 p_shift=0.035 p_cfo=0.035 p_awgn=0.040 p_mp=0.018 | max_shift=3 cfo_max=4e-05 pn_max=0.0006
------------------------------------------------------------------------------------------------------------------------------------
[LOSS-CORE] total=1.7773 cls=0.5603 dom=0.3331 adv=2.6195 orth=0.0033 cons=0.1373 group_ce=1.1603
[LOSS-AUX]  cls_pa=0.0000 cls_dac=0.0000 pa_joint_inv=0.0000 pa_kl=0.0000 dac_reg=0.0000 pa_reg=0.0000 gap_dac=0.0000 gap_pa=0.0000 cos_joint_pa=nan cos_imp_pa=nan
[LOSS-SAT]  cls_sat=0.0000 sat_cons=0.0000 sat_cos=nan
[LOSS-DG]   proto=0.0000 proto_cos=nan supcon=0.0000 fishr=0.0005 sgc_res=0.0714
[LOSS-CAL]  ecc=0.0000 ecc_w=0.0000 ecc_tau=0.6508 ecc_maxp=nan
[TRAIN] tx=96.23% dom=88.46% cons_cos=0.8627
[GRAD]  total=3.034 backbone=1.000 aux=0.750 domain=0.436
[VAL]   tx=98.85% dom=92.65%
[TEST]  overall_tx=88.94% (181433/204000)
[TEST-SPLIT]
          unseen_day_seen_rx(days=['2021_03_15', '2021_03_23'], rxs=[0, 1, 2, 3, 4, 5, 6]): tx=93.02% (78136/84000)
          seen_day_unseen_rx(days=['2021_03_01', '2021_03_08'], rxs=[7, 8, 9, 10, 11]): tx=88.61% (53169/60000)
          unseen_day_unseen_rx(days=['2021_03_15', '2021_03_23'], rxs=[7, 8, 9, 10, 11]): tx=83.55% (50128/60000)
          day=2021_03_15 on seen_rxs=[0, 1, 2, 3, 4, 5, 6]: tx=94.10% (39522/42000)
          day=2021_03_23 on seen_rxs=[0, 1, 2, 3, 4, 5, 6]: tx=91.94% (38614/42000)
          rx=7 on seen_days=['2021_03_01', '2021_03_08']: tx=85.87% (10304/12000)
          rx=8 on seen_days=['2021_03_01', '2021_03_08']: tx=83.90% (10068/12000)
          rx=9 on seen_days=['2021_03_01', '2021_03_08']: tx=89.34% (10721/12000)
          rx=10 on seen_days=['2021_03_01', '2021_03_08']: tx=90.13% (10816/12000)
          rx=11 on seen_days=['2021_03_01', '2021_03_08']: tx=93.83% (11260/12000)
[BEST-JOINT]  val_tx=98.85% & test_tx=88.94% @ E003
[CKPT]  latest -> finalist_runs/E3_no_res_control/latest_model.pth (saved) | best -> finalist_runs/E3_no_res_control/best_model_val.pth (updated: val improved)
====================================================================================================================================
[SAT-TEST] scenario=clear_leo selected=test_unseen_day_unseen_rx overall_tx=41.52% strict_udu=41.52% (24912/60000)
[SAT-TEST] scenario=low_elev_leo selected=test_unseen_day_unseen_rx overall_tx=41.27% strict_udu=41.27% (24763/60000)
[SAT-TEST] scenario=rain_leo selected=test_unseen_day_unseen_rx overall_tx=38.84% strict_udu=38.84% (23303/60000)
[SAT-TEST] scenario=storm_mp selected=test_unseen_day_unseen_rx overall_tx=35.31% strict_udu=35.31% (21188/60000)
[SAT-TEST] scenario=mixed_orbit selected=test_unseen_day_unseen_rx overall_tx=36.95% strict_udu=36.95% (22169/60000)
[BEST-TEST] overall=89.97% @ E002 -> finalist_runs/E3_no_res_control/best_model_test_overall.pth | unseen_day_unseen_rx=85.50% @ E002 -> finalist_runs/E3_no_res_control/best_model_strict_udu.pth | unseen_day_seen_rx=93.41% @ E001 | seen_day_unseen_rx=90.00% @ E002
[BEST-PRIMARY] score=87.07 @ E002 -> finalist_runs/E3_no_res_control/best_model_primary_ood.pth | overall=89.97% strict_udu=85.50%
[BEST-WORST-RX] worst_rx=85.76% (test_rx_8) @ E002 -> finalist_runs/E3_no_res_control/best_model_worst_rx.pth
====================================================================================================================================
[Epoch 004/060] time=83.3s | lr=4.95e-05 | aux_scale=0.067
[STAGE] phase=S1_core | use_aux=0.0 cons=0.00 cls_aux=0.00 reg=0.00 joint_inv=0.00 kl=0.00 group_ce=0.50
[MIXSTYLE-EPOCH] phase=base enabled=1 p=0.150 strength=0.650 anneal_t=0.000
[AUG] scale=0.108 | p_dac=0.000 p_pa=0.015 p_shift=0.038 p_cfo=0.038 p_awgn=0.043 p_mp=0.020 | max_shift=3 cfo_max=4.339e-05 pn_max=0.0006508
------------------------------------------------------------------------------------------------------------------------------------
[LOSS-CORE] total=1.7892 cls=0.5752 dom=0.3271 adv=2.6207 orth=0.0032 cons=0.1413 group_ce=1.2099
[LOSS-AUX]  cls_pa=0.0000 cls_dac=0.0000 pa_joint_inv=0.0000 pa_kl=0.0000 dac_reg=0.0000 pa_reg=0.0000 gap_dac=0.0000 gap_pa=0.0000 cos_joint_pa=nan cos_imp_pa=nan
[LOSS-SAT]  cls_sat=0.0000 sat_cons=0.0000 sat_cos=nan
[LOSS-DG]   proto=0.0000 proto_cos=nan supcon=0.0000 fishr=0.0006 sgc_res=0.0704
[LOSS-CAL]  ecc=0.0000 ecc_w=0.0000 ecc_tau=0.6518 ecc_maxp=nan
[TRAIN] tx=95.88% dom=88.42% cons_cos=0.8588
[GRAD]  total=2.751 backbone=1.000 aux=0.750 domain=0.420
[VAL]   tx=98.88% dom=92.78%
[TEST]  overall_tx=90.07% (183747/204000)
[TEST-SPLIT]
          unseen_day_seen_rx(days=['2021_03_15', '2021_03_23'], rxs=[0, 1, 2, 3, 4, 5, 6]): tx=93.07% (78181/84000)
          seen_day_unseen_rx(days=['2021_03_01', '2021_03_08'], rxs=[7, 8, 9, 10, 11]): tx=90.44% (54264/60000)
          unseen_day_unseen_rx(days=['2021_03_15', '2021_03_23'], rxs=[7, 8, 9, 10, 11]): tx=85.50% (51302/60000)
          day=2021_03_15 on seen_rxs=[0, 1, 2, 3, 4, 5, 6]: tx=94.42% (39657/42000)
          day=2021_03_23 on seen_rxs=[0, 1, 2, 3, 4, 5, 6]: tx=91.72% (38524/42000)
          rx=7 on seen_days=['2021_03_01', '2021_03_08']: tx=87.69% (10523/12000)
          rx=8 on seen_days=['2021_03_01', '2021_03_08']: tx=85.43% (10252/12000)
          rx=9 on seen_days=['2021_03_01', '2021_03_08']: tx=90.72% (10887/12000)
          rx=10 on seen_days=['2021_03_01', '2021_03_08']: tx=91.36% (10963/12000)
          rx=11 on seen_days=['2021_03_01', '2021_03_08']: tx=96.99% (11639/12000)
[BEST-JOINT]  val_tx=98.88% & test_tx=90.07% @ E004
[CKPT]  latest -> finalist_runs/E3_no_res_control/latest_model.pth (saved) | best -> finalist_runs/E3_no_res_control/best_model_val.pth (updated: val improved)
====================================================================================================================================
[SAT-TEST] scenario=clear_leo selected=test_unseen_day_unseen_rx overall_tx=43.08% strict_udu=43.08% (25846/60000)
[SAT-TEST] scenario=low_elev_leo selected=test_unseen_day_unseen_rx overall_tx=42.18% strict_udu=42.18% (25308/60000)
[SAT-TEST] scenario=rain_leo selected=test_unseen_day_unseen_rx overall_tx=40.12% strict_udu=40.12% (24072/60000)
[SAT-TEST] scenario=storm_mp selected=test_unseen_day_unseen_rx overall_tx=35.60% strict_udu=35.60% (21358/60000)
[SAT-TEST] scenario=mixed_orbit selected=test_unseen_day_unseen_rx overall_tx=38.49% strict_udu=38.49% (23097/60000)
[BEST-TEST] overall=90.07% @ E004 -> finalist_runs/E3_no_res_control/best_model_test_overall.pth | unseen_day_unseen_rx=85.50% @ E002 -> finalist_runs/E3_no_res_control/best_model_strict_udu.pth | unseen_day_seen_rx=93.41% @ E001 | seen_day_unseen_rx=90.44% @ E004
[BEST-PRIMARY] score=87.10 @ E004 -> finalist_runs/E3_no_res_control/best_model_primary_ood.pth | overall=90.07% strict_udu=85.50%
[BEST-WORST-RX] worst_rx=85.76% (test_rx_8) @ E002 -> finalist_runs/E3_no_res_control/best_model_worst_rx.pth
====================================================================================================================================
[Epoch 005/060] time=82.4s | lr=4.92e-05 | aux_scale=0.133
[STAGE] phase=S1_core | use_aux=0.0 cons=0.00 cls_aux=0.00 reg=0.00 joint_inv=0.00 kl=0.00 group_ce=0.50
[MIXSTYLE-EPOCH] phase=base enabled=1 p=0.150 strength=0.650 anneal_t=0.000
[AUG] scale=0.120 | p_dac=0.000 p_pa=0.017 p_shift=0.042 p_cfo=0.042 p_awgn=0.048 p_mp=0.022 | max_shift=4 cfo_max=4.806e-05 pn_max=0.0007209
------------------------------------------------------------------------------------------------------------------------------------
[LOSS-CORE] total=2.2974 cls=0.9745 dom=0.4099 adv=2.6174 orth=0.0031 cons=0.1617 group_ce=1.7545
[LOSS-AUX]  cls_pa=0.0000 cls_dac=0.0000 pa_joint_inv=0.0000 pa_kl=0.0000 dac_reg=0.0000 pa_reg=0.0000 gap_dac=0.0000 gap_pa=0.0000 cos_joint_pa=nan cos_imp_pa=nan
[LOSS-SAT]  cls_sat=0.0000 sat_cons=0.0000 sat_cos=nan
[LOSS-DG]   proto=0.0000 proto_cos=nan supcon=0.0000 fishr=0.0010 sgc_res=0.0751
[LOSS-CAL]  ecc=0.0000 ecc_w=0.0000 ecc_tau=0.6533 ecc_maxp=nan
[TRAIN] tx=92.37% dom=85.62% cons_cos=0.8383
[GRAD]  total=2.841 backbone=1.000 aux=0.750 domain=0.435
[VAL]   tx=98.78% dom=93.03%
[TEST]  overall_tx=89.86% (183314/204000)
[TEST-SPLIT]
          unseen_day_seen_rx(days=['2021_03_15', '2021_03_23'], rxs=[0, 1, 2, 3, 4, 5, 6]): tx=93.27% (78350/84000)
          seen_day_unseen_rx(days=['2021_03_01', '2021_03_08'], rxs=[7, 8, 9, 10, 11]): tx=89.47% (53684/60000)
          unseen_day_unseen_rx(days=['2021_03_15', '2021_03_23'], rxs=[7, 8, 9, 10, 11]): tx=85.47% (51280/60000)
          day=2021_03_15 on seen_rxs=[0, 1, 2, 3, 4, 5, 6]: tx=94.12% (39531/42000)
          day=2021_03_23 on seen_rxs=[0, 1, 2, 3, 4, 5, 6]: tx=92.43% (38819/42000)
          rx=7 on seen_days=['2021_03_01', '2021_03_08']: tx=86.08% (10330/12000)
          rx=8 on seen_days=['2021_03_01', '2021_03_08']: tx=85.16% (10219/12000)
          rx=9 on seen_days=['2021_03_01', '2021_03_08']: tx=89.22% (10706/12000)
          rx=10 on seen_days=['2021_03_01', '2021_03_08']: tx=90.87% (10904/12000)
          rx=11 on seen_days=['2021_03_01', '2021_03_08']: tx=96.04% (11525/12000)
[BEST-JOINT]  val_tx=98.88% & test_tx=90.07% @ E004
[CKPT]  latest -> finalist_runs/E3_no_res_control/latest_model.pth (saved) | best -> finalist_runs/E3_no_res_control/best_model_val.pth
====================================================================================================================================
[SAT-TEST] scenario=clear_leo selected=test_unseen_day_unseen_rx overall_tx=43.53% strict_udu=43.53% (26117/60000)
[SAT-TEST] scenario=low_elev_leo selected=test_unseen_day_unseen_rx overall_tx=42.67% strict_udu=42.67% (25602/60000)
[SAT-TEST] scenario=rain_leo selected=test_unseen_day_unseen_rx overall_tx=40.68% strict_udu=40.68% (24406/60000)
[SAT-TEST] scenario=storm_mp selected=test_unseen_day_unseen_rx overall_tx=36.38% strict_udu=36.38% (21825/60000)
[SAT-TEST] scenario=mixed_orbit selected=test_unseen_day_unseen_rx overall_tx=39.34% strict_udu=39.34% (23605/60000)
[BEST-TEST] overall=90.07% @ E004 -> finalist_runs/E3_no_res_control/best_model_test_overall.pth | unseen_day_unseen_rx=85.50% @ E002 -> finalist_runs/E3_no_res_control/best_model_strict_udu.pth | unseen_day_seen_rx=93.41% @ E001 | seen_day_unseen_rx=90.44% @ E004
[BEST-PRIMARY] score=87.10 @ E004 -> finalist_runs/E3_no_res_control/best_model_primary_ood.pth | overall=90.07% strict_udu=85.50%
[BEST-WORST-RX] worst_rx=85.76% (test_rx_8) @ E002 -> finalist_runs/E3_no_res_control/best_model_worst_rx.pth
====================================================================================================================================
[Epoch 006/060] time=83.4s | lr=4.88e-05 | aux_scale=0.200
[STAGE] phase=S1_core | use_aux=0.0 cons=0.00 cls_aux=0.00 reg=0.00 joint_inv=0.00 kl=0.00 group_ce=0.50
[MIXSTYLE-EPOCH] phase=base enabled=1 p=0.150 strength=0.650 anneal_t=0.000
[AUG] scale=0.133 | p_dac=0.000 p_pa=0.019 p_shift=0.047 p_cfo=0.047 p_awgn=0.053 p_mp=0.024 | max_shift=4 cfo_max=5.337e-05 pn_max=0.0008006
------------------------------------------------------------------------------------------------------------------------------------
[LOSS-CORE] total=2.1972 cls=0.8663 dom=0.4249 adv=2.6192 orth=0.0033 cons=0.1510 group_ce=1.6027
[LOSS-AUX]  cls_pa=0.0000 cls_dac=0.0000 pa_joint_inv=0.0000 pa_kl=0.0000 dac_reg=0.0000 pa_reg=0.0000 gap_dac=0.0000 gap_pa=0.0000 cos_joint_pa=nan cos_imp_pa=nan
[LOSS-SAT]  cls_sat=0.0000 sat_cons=0.0000 sat_cos=nan
[LOSS-DG]   proto=0.0000 proto_cos=nan supcon=0.0000 fishr=0.0008 sgc_res=0.0745
[LOSS-CAL]  ecc=0.0000 ecc_w=0.0000 ecc_tau=0.6551 ecc_maxp=nan
[TRAIN] tx=93.32% dom=84.84% cons_cos=0.8490
[GRAD]  total=2.652 backbone=1.000 aux=0.750 domain=0.445
[VAL]   tx=98.89% dom=92.78%
[TEST]  overall_tx=90.22% (184051/204000)
[TEST-SPLIT]
          unseen_day_seen_rx(days=['2021_03_15', '2021_03_23'], rxs=[0, 1, 2, 3, 4, 5, 6]): tx=93.51% (78548/84000)
          seen_day_unseen_rx(days=['2021_03_01', '2021_03_08'], rxs=[7, 8, 9, 10, 11]): tx=90.28% (54169/60000)
          unseen_day_unseen_rx(days=['2021_03_15', '2021_03_23'], rxs=[7, 8, 9, 10, 11]): tx=85.56% (51334/60000)
          day=2021_03_15 on seen_rxs=[0, 1, 2, 3, 4, 5, 6]: tx=94.46% (39672/42000)
          day=2021_03_23 on seen_rxs=[0, 1, 2, 3, 4, 5, 6]: tx=92.56% (38876/42000)
          rx=7 on seen_days=['2021_03_01', '2021_03_08']: tx=87.70% (10524/12000)
          rx=8 on seen_days=['2021_03_01', '2021_03_08']: tx=86.12% (10334/12000)
          rx=9 on seen_days=['2021_03_01', '2021_03_08']: tx=90.21% (10825/12000)
          rx=10 on seen_days=['2021_03_01', '2021_03_08']: tx=91.34% (10961/12000)
          rx=11 on seen_days=['2021_03_01', '2021_03_08']: tx=96.04% (11525/12000)
[BEST-JOINT]  val_tx=98.89% & test_tx=90.22% @ E006
[CKPT]  latest -> finalist_runs/E3_no_res_control/latest_model.pth (saved) | best -> finalist_runs/E3_no_res_control/best_model_val.pth (updated: val improved)
====================================================================================================================================
[SAT-TEST] scenario=clear_leo selected=test_unseen_day_unseen_rx overall_tx=42.56% strict_udu=42.56% (25535/60000)
[SAT-TEST] scenario=low_elev_leo selected=test_unseen_day_unseen_rx overall_tx=41.85% strict_udu=41.85% (25112/60000)
[SAT-TEST] scenario=rain_leo selected=test_unseen_day_unseen_rx overall_tx=39.75% strict_udu=39.75% (23851/60000)
[SAT-TEST] scenario=storm_mp selected=test_unseen_day_unseen_rx overall_tx=35.96% strict_udu=35.96% (21577/60000)
[SAT-TEST] scenario=mixed_orbit selected=test_unseen_day_unseen_rx overall_tx=38.57% strict_udu=38.57% (23144/60000)
[BEST-TEST] overall=90.22% @ E006 -> finalist_runs/E3_no_res_control/best_model_test_overall.pth | unseen_day_unseen_rx=85.56% @ E006 -> finalist_runs/E3_no_res_control/best_model_strict_udu.pth | unseen_day_seen_rx=93.51% @ E006 | seen_day_unseen_rx=90.44% @ E004
[BEST-PRIMARY] score=87.19 @ E006 -> finalist_runs/E3_no_res_control/best_model_primary_ood.pth | overall=90.22% strict_udu=85.56%
[BEST-WORST-RX] worst_rx=86.12% (test_rx_8) @ E006 -> finalist_runs/E3_no_res_control/best_model_worst_rx.pth
====================================================================================================================================
[Epoch 007/060] time=82.8s | lr=4.84e-05 | aux_scale=0.267
[STAGE] phase=S1_core | use_aux=0.0 cons=0.00 cls_aux=0.00 reg=0.00 joint_inv=0.00 kl=0.00 group_ce=0.50
[MIXSTYLE-EPOCH] phase=base enabled=1 p=0.150 strength=0.650 anneal_t=0.000
[AUG] scale=0.148 | p_dac=0.000 p_pa=0.021 p_shift=0.052 p_cfo=0.052 p_awgn=0.059 p_mp=0.027 | max_shift=5 cfo_max=5.916e-05 pn_max=0.0008874
------------------------------------------------------------------------------------------------------------------------------------
[LOSS-CORE] total=1.5522 cls=0.3956 dom=0.2847 adv=2.6212 orth=0.0034 cons=0.1293 group_ce=0.9070
[LOSS-AUX]  cls_pa=0.0000 cls_dac=0.0000 pa_joint_inv=0.0000 pa_kl=0.0000 dac_reg=0.0000 pa_reg=0.0000 gap_dac=0.0000 gap_pa=0.0000 cos_joint_pa=nan cos_imp_pa=nan
[LOSS-SAT]  cls_sat=0.0000 sat_cons=0.0000 sat_cos=nan
[LOSS-DG]   proto=0.0000 proto_cos=nan supcon=0.0000 fishr=0.0003 sgc_res=0.0735
[LOSS-CAL]  ecc=0.0000 ecc_w=0.0000 ecc_tau=0.6573 ecc_maxp=nan
[TRAIN] tx=97.34% dom=89.69% cons_cos=0.8707
[GRAD]  total=2.119 backbone=1.000 aux=0.750 domain=0.422
[VAL]   tx=98.73% dom=92.92%
[TEST]  overall_tx=90.17% (183946/204000)
[TEST-SPLIT]
          unseen_day_seen_rx(days=['2021_03_15', '2021_03_23'], rxs=[0, 1, 2, 3, 4, 5, 6]): tx=93.58% (78604/84000)
          seen_day_unseen_rx(days=['2021_03_01', '2021_03_08'], rxs=[7, 8, 9, 10, 11]): tx=89.78% (53866/60000)
          unseen_day_unseen_rx(days=['2021_03_15', '2021_03_23'], rxs=[7, 8, 9, 10, 11]): tx=85.79% (51476/60000)
          day=2021_03_15 on seen_rxs=[0, 1, 2, 3, 4, 5, 6]: tx=94.73% (39788/42000)
          day=2021_03_23 on seen_rxs=[0, 1, 2, 3, 4, 5, 6]: tx=92.42% (38816/42000)
          rx=7 on seen_days=['2021_03_01', '2021_03_08']: tx=87.78% (10534/12000)
          rx=8 on seen_days=['2021_03_01', '2021_03_08']: tx=85.88% (10306/12000)
          rx=9 on seen_days=['2021_03_01', '2021_03_08']: tx=88.99% (10679/12000)
          rx=10 on seen_days=['2021_03_01', '2021_03_08']: tx=91.24% (10949/12000)
          rx=11 on seen_days=['2021_03_01', '2021_03_08']: tx=94.98% (11398/12000)
[BEST-JOINT]  val_tx=98.89% & test_tx=90.22% @ E006
[CKPT]  latest -> finalist_runs/E3_no_res_control/latest_model.pth (saved) | best -> finalist_runs/E3_no_res_control/best_model_val.pth
====================================================================================================================================
[SAT-TEST] scenario=clear_leo selected=test_unseen_day_unseen_rx overall_tx=43.67% strict_udu=43.67% (26205/60000)
[SAT-TEST] scenario=low_elev_leo selected=test_unseen_day_unseen_rx overall_tx=42.55% strict_udu=42.55% (25530/60000)
[SAT-TEST] scenario=rain_leo selected=test_unseen_day_unseen_rx overall_tx=40.69% strict_udu=40.69% (24415/60000)
[SAT-TEST] scenario=storm_mp selected=test_unseen_day_unseen_rx overall_tx=36.20% strict_udu=36.20% (21719/60000)
[SAT-TEST] scenario=mixed_orbit selected=test_unseen_day_unseen_rx overall_tx=39.28% strict_udu=39.28% (23570/60000)
[BEST-TEST] overall=90.22% @ E006 -> finalist_runs/E3_no_res_control/best_model_test_overall.pth | unseen_day_unseen_rx=85.79% @ E007 -> finalist_runs/E3_no_res_control/best_model_strict_udu.pth | unseen_day_seen_rx=93.58% @ E007 | seen_day_unseen_rx=90.44% @ E004
[BEST-PRIMARY] score=87.33 @ E007 -> finalist_runs/E3_no_res_control/best_model_primary_ood.pth | overall=90.17% strict_udu=85.79%
[BEST-WORST-RX] worst_rx=86.12% (test_rx_8) @ E006 -> finalist_runs/E3_no_res_control/best_model_worst_rx.pth
====================================================================================================================================
[Epoch 008/060] time=82.5s | lr=4.79e-05 | aux_scale=0.333
[STAGE] phase=S1_core | use_aux=0.0 cons=0.00 cls_aux=0.00 reg=0.00 joint_inv=0.00 kl=0.00 group_ce=0.50
[MIXSTYLE-EPOCH] phase=base enabled=1 p=0.150 strength=0.650 anneal_t=0.000
[AUG] scale=0.163 | p_dac=0.000 p_pa=0.023 p_shift=0.057 p_cfo=0.057 p_awgn=0.065 p_mp=0.029 | max_shift=5 cfo_max=6.533e-05 pn_max=0.0009799
------------------------------------------------------------------------------------------------------------------------------------
[LOSS-CORE] total=2.2222 cls=0.9270 dom=0.3863 adv=2.6199 orth=0.0029 cons=0.1552 group_ce=1.6548
[LOSS-AUX]  cls_pa=0.0000 cls_dac=0.0000 pa_joint_inv=0.0000 pa_kl=0.0000 dac_reg=0.0000 pa_reg=0.0000 gap_dac=0.0000 gap_pa=0.0000 cos_joint_pa=nan cos_imp_pa=nan
[LOSS-SAT]  cls_sat=0.0000 sat_cons=0.0000 sat_cos=nan
[LOSS-DG]   proto=0.0000 proto_cos=nan supcon=0.0000 fishr=0.0009 sgc_res=0.0743
[LOSS-CAL]  ecc=0.0000 ecc_w=0.0000 ecc_tau=0.6600 ecc_maxp=nan
[TRAIN] tx=92.66% dom=86.35% cons_cos=0.8448
[GRAD]  total=2.412 backbone=1.000 aux=0.750 domain=0.431
[VAL]   tx=98.83% dom=93.01%
[TEST]  overall_tx=90.23% (184062/204000)
[TEST-SPLIT]
          unseen_day_seen_rx(days=['2021_03_15', '2021_03_23'], rxs=[0, 1, 2, 3, 4, 5, 6]): tx=93.43% (78478/84000)
          seen_day_unseen_rx(days=['2021_03_01', '2021_03_08'], rxs=[7, 8, 9, 10, 11]): tx=89.70% (53821/60000)
          unseen_day_unseen_rx(days=['2021_03_15', '2021_03_23'], rxs=[7, 8, 9, 10, 11]): tx=86.27% (51763/60000)
          day=2021_03_15 on seen_rxs=[0, 1, 2, 3, 4, 5, 6]: tx=95.28% (40016/42000)
          day=2021_03_23 on seen_rxs=[0, 1, 2, 3, 4, 5, 6]: tx=91.58% (38462/42000)
          rx=7 on seen_days=['2021_03_01', '2021_03_08']: tx=86.48% (10378/12000)
          rx=8 on seen_days=['2021_03_01', '2021_03_08']: tx=85.87% (10304/12000)
          rx=9 on seen_days=['2021_03_01', '2021_03_08']: tx=89.96% (10795/12000)
          rx=10 on seen_days=['2021_03_01', '2021_03_08']: tx=90.17% (10821/12000)
          rx=11 on seen_days=['2021_03_01', '2021_03_08']: tx=96.03% (11523/12000)
[BEST-JOINT]  val_tx=98.89% & test_tx=90.22% @ E006
[CKPT]  latest -> finalist_runs/E3_no_res_control/latest_model.pth (saved) | best -> finalist_runs/E3_no_res_control/best_model_val.pth
====================================================================================================================================
[SAT-TEST] scenario=clear_leo selected=test_unseen_day_unseen_rx overall_tx=44.55% strict_udu=44.55% (26732/60000)
[SAT-TEST] scenario=low_elev_leo selected=test_unseen_day_unseen_rx overall_tx=43.48% strict_udu=43.48% (26087/60000)
[SAT-TEST] scenario=rain_leo selected=test_unseen_day_unseen_rx overall_tx=41.80% strict_udu=41.80% (25081/60000)
[SAT-TEST] scenario=storm_mp selected=test_unseen_day_unseen_rx overall_tx=36.65% strict_udu=36.65% (21990/60000)
[SAT-TEST] scenario=mixed_orbit selected=test_unseen_day_unseen_rx overall_tx=39.74% strict_udu=39.74% (23846/60000)
[BEST-TEST] overall=90.23% @ E008 -> finalist_runs/E3_no_res_control/best_model_test_overall.pth | unseen_day_unseen_rx=86.27% @ E008 -> finalist_runs/E3_no_res_control/best_model_strict_udu.pth | unseen_day_seen_rx=93.58% @ E007 | seen_day_unseen_rx=90.44% @ E004
[BEST-PRIMARY] score=87.66 @ E008 -> finalist_runs/E3_no_res_control/best_model_primary_ood.pth | overall=90.23% strict_udu=86.27%
[BEST-WORST-RX] worst_rx=86.12% (test_rx_8) @ E006 -> finalist_runs/E3_no_res_control/best_model_worst_rx.pth
====================================================================================================================================
[Epoch 009/060] time=82.3s | lr=4.73e-05 | aux_scale=0.400
[STAGE] phase=S1_core | use_aux=0.0 cons=0.00 cls_aux=0.00 reg=0.00 joint_inv=0.00 kl=0.00 group_ce=0.50
[MIXSTYLE-EPOCH] phase=base enabled=1 p=0.150 strength=0.650 anneal_t=0.000
[AUG] scale=0.180 | p_dac=0.000 p_pa=0.025 p_shift=0.063 p_cfo=0.063 p_awgn=0.072 p_mp=0.032 | max_shift=6 cfo_max=7.181e-05 pn_max=0.001077
------------------------------------------------------------------------------------------------------------------------------------
[LOSS-CORE] total=2.0259 cls=0.7718 dom=0.3531 adv=2.6206 orth=0.0031 cons=0.1513 group_ce=1.4944
[LOSS-AUX]  cls_pa=0.0000 cls_dac=0.0000 pa_joint_inv=0.0000 pa_kl=0.0000 dac_reg=0.0000 pa_reg=0.0000 gap_dac=0.0000 gap_pa=0.0000 cos_joint_pa=nan cos_imp_pa=nan
[LOSS-SAT]  cls_sat=0.0000 sat_cons=0.0000 sat_cos=nan
[LOSS-DG]   proto=0.0000 proto_cos=nan supcon=0.0000 fishr=0.0008 sgc_res=0.0774
[LOSS-CAL]  ecc=0.0000 ecc_w=0.0000 ecc_tau=0.6630 ecc_maxp=nan
[TRAIN] tx=94.01% dom=87.15% cons_cos=0.8487
[GRAD]  total=2.698 backbone=1.000 aux=0.750 domain=0.442
[VAL]   tx=98.84% dom=92.96%
[TEST]  overall_tx=89.06% (181681/204000)
[TEST-SPLIT]
          unseen_day_seen_rx(days=['2021_03_15', '2021_03_23'], rxs=[0, 1, 2, 3, 4, 5, 6]): tx=93.17% (78260/84000)
          seen_day_unseen_rx(days=['2021_03_01', '2021_03_08'], rxs=[7, 8, 9, 10, 11]): tx=88.24% (52945/60000)
          unseen_day_unseen_rx(days=['2021_03_15', '2021_03_23'], rxs=[7, 8, 9, 10, 11]): tx=84.13% (50476/60000)
          day=2021_03_15 on seen_rxs=[0, 1, 2, 3, 4, 5, 6]: tx=93.91% (39444/42000)
          day=2021_03_23 on seen_rxs=[0, 1, 2, 3, 4, 5, 6]: tx=92.42% (38816/42000)
          rx=7 on seen_days=['2021_03_01', '2021_03_08']: tx=84.07% (10088/12000)
          rx=8 on seen_days=['2021_03_01', '2021_03_08']: tx=84.35% (10122/12000)
          rx=9 on seen_days=['2021_03_01', '2021_03_08']: tx=89.58% (10749/12000)
          rx=10 on seen_days=['2021_03_01', '2021_03_08']: tx=88.02% (10562/12000)
          rx=11 on seen_days=['2021_03_01', '2021_03_08']: tx=95.20% (11424/12000)
[BEST-JOINT]  val_tx=98.89% & test_tx=90.22% @ E006
[CKPT]  latest -> finalist_runs/E3_no_res_control/latest_model.pth (saved) | best -> finalist_runs/E3_no_res_control/best_model_val.pth
====================================================================================================================================
[SAT-TEST] scenario=clear_leo selected=test_unseen_day_unseen_rx overall_tx=40.60% strict_udu=40.60% (24359/60000)
[SAT-TEST] scenario=low_elev_leo selected=test_unseen_day_unseen_rx overall_tx=39.87% strict_udu=39.87% (23921/60000)
[SAT-TEST] scenario=rain_leo selected=test_unseen_day_unseen_rx overall_tx=38.08% strict_udu=38.08% (22848/60000)
[SAT-TEST] scenario=storm_mp selected=test_unseen_day_unseen_rx overall_tx=34.67% strict_udu=34.67% (20802/60000)
[SAT-TEST] scenario=mixed_orbit selected=test_unseen_day_unseen_rx overall_tx=37.28% strict_udu=37.28% (22367/60000)
[BEST-TEST] overall=90.23% @ E008 -> finalist_runs/E3_no_res_control/best_model_test_overall.pth | unseen_day_unseen_rx=86.27% @ E008 -> finalist_runs/E3_no_res_control/best_model_strict_udu.pth | unseen_day_seen_rx=93.58% @ E007 | seen_day_unseen_rx=90.44% @ E004
[BEST-PRIMARY] score=87.66 @ E008 -> finalist_runs/E3_no_res_control/best_model_primary_ood.pth | overall=90.23% strict_udu=86.27%
[BEST-WORST-RX] worst_rx=86.12% (test_rx_8) @ E006 -> finalist_runs/E3_no_res_control/best_model_worst_rx.pth
====================================================================================================================================
[Epoch 010/060] time=83.3s | lr=4.67e-05 | aux_scale=0.467
[STAGE] phase=S1_core | use_aux=0.0 cons=0.00 cls_aux=0.00 reg=0.00 joint_inv=0.00 kl=0.00 group_ce=0.50
[MIXSTYLE-EPOCH] phase=base enabled=1 p=0.150 strength=0.650 anneal_t=0.000
[AUG] scale=0.196 | p_dac=0.000 p_pa=0.027 p_shift=0.069 p_cfo=0.069 p_awgn=0.079 p_mp=0.035 | max_shift=6 cfo_max=7.857e-05 pn_max=0.001179
------------------------------------------------------------------------------------------------------------------------------------
[LOSS-CORE] total=2.3400 cls=0.9900 dom=0.4338 adv=2.6222 orth=0.0029 cons=0.1557 group_ce=1.7857
[LOSS-AUX]  cls_pa=0.0000 cls_dac=0.0000 pa_joint_inv=0.0000 pa_kl=0.0000 dac_reg=0.0000 pa_reg=0.0000 gap_dac=0.0000 gap_pa=0.0000 cos_joint_pa=nan cos_imp_pa=nan
[LOSS-SAT]  cls_sat=0.0000 sat_cons=0.0000 sat_cos=nan
[LOSS-DG]   proto=0.0000 proto_cos=nan supcon=0.0000 fishr=0.0009 sgc_res=0.0820
[LOSS-CAL]  ecc=0.0000 ecc_w=0.0000 ecc_tau=0.6663 ecc_maxp=nan
[TRAIN] tx=92.13% dom=84.50% cons_cos=0.8443
[GRAD]  total=2.452 backbone=1.000 aux=0.750 domain=0.449
[VAL]   tx=98.81% dom=92.76%
[TEST]  overall_tx=89.99% (183576/204000)
[TEST-SPLIT]
          unseen_day_seen_rx(days=['2021_03_15', '2021_03_23'], rxs=[0, 1, 2, 3, 4, 5, 6]): tx=93.08% (78187/84000)
          seen_day_unseen_rx(days=['2021_03_01', '2021_03_08'], rxs=[7, 8, 9, 10, 11]): tx=89.72% (53835/60000)
          unseen_day_unseen_rx(days=['2021_03_15', '2021_03_23'], rxs=[7, 8, 9, 10, 11]): tx=85.92% (51554/60000)
          day=2021_03_15 on seen_rxs=[0, 1, 2, 3, 4, 5, 6]: tx=94.54% (39706/42000)
          day=2021_03_23 on seen_rxs=[0, 1, 2, 3, 4, 5, 6]: tx=91.62% (38481/42000)
          rx=7 on seen_days=['2021_03_01', '2021_03_08']: tx=86.27% (10352/12000)
          rx=8 on seen_days=['2021_03_01', '2021_03_08']: tx=86.34% (10361/12000)
          rx=9 on seen_days=['2021_03_01', '2021_03_08']: tx=89.36% (10723/12000)
          rx=10 on seen_days=['2021_03_01', '2021_03_08']: tx=90.94% (10913/12000)
          rx=11 on seen_days=['2021_03_01', '2021_03_08']: tx=95.72% (11486/12000)
[BEST-JOINT]  val_tx=98.89% & test_tx=90.22% @ E006
[CKPT]  latest -> finalist_runs/E3_no_res_control/latest_model.pth (saved) | best -> finalist_runs/E3_no_res_control/best_model_val.pth
====================================================================================================================================
[SAT-TEST] scenario=clear_leo selected=test_unseen_day_unseen_rx overall_tx=43.19% strict_udu=43.19% (25913/60000)
[SAT-TEST] scenario=low_elev_leo selected=test_unseen_day_unseen_rx overall_tx=42.37% strict_udu=42.37% (25423/60000)
[SAT-TEST] scenario=rain_leo selected=test_unseen_day_unseen_rx overall_tx=40.33% strict_udu=40.33% (24198/60000)
[SAT-TEST] scenario=storm_mp selected=test_unseen_day_unseen_rx overall_tx=35.85% strict_udu=35.85% (21510/60000)
[SAT-TEST] scenario=mixed_orbit selected=test_unseen_day_unseen_rx overall_tx=39.13% strict_udu=39.13% (23480/60000)
[BEST-TEST] overall=90.23% @ E008 -> finalist_runs/E3_no_res_control/best_model_test_overall.pth | unseen_day_unseen_rx=86.27% @ E008 -> finalist_runs/E3_no_res_control/best_model_strict_udu.pth | unseen_day_seen_rx=93.58% @ E007 | seen_day_unseen_rx=90.44% @ E004
[BEST-PRIMARY] score=87.66 @ E008 -> finalist_runs/E3_no_res_control/best_model_primary_ood.pth | overall=90.23% strict_udu=86.27%
[BEST-WORST-RX] worst_rx=86.27% (test_rx_7) @ E010 -> finalist_runs/E3_no_res_control/best_model_worst_rx.pth
====================================================================================================================================
[Epoch 011/060] time=83.3s | lr=4.60e-05 | aux_scale=0.533
[STAGE] phase=S1_core | use_aux=0.0 cons=0.00 cls_aux=0.00 reg=0.00 joint_inv=0.00 kl=0.00 group_ce=0.50
[MIXSTYLE-EPOCH] phase=base enabled=1 p=0.150 strength=0.650 anneal_t=0.000
[AUG] scale=0.214 | p_dac=0.000 p_pa=0.030 p_shift=0.075 p_cfo=0.075 p_awgn=0.086 p_mp=0.039 | max_shift=7 cfo_max=8.558e-05 pn_max=0.001284
------------------------------------------------------------------------------------------------------------------------------------
[LOSS-CORE] total=2.6371 cls=1.2308 dom=0.4761 adv=2.6228 orth=0.0026 cons=0.1682 group_ce=2.0612
[LOSS-AUX]  cls_pa=0.0000 cls_dac=0.0000 pa_joint_inv=0.0000 pa_kl=0.0000 dac_reg=0.0000 pa_reg=0.0000 gap_dac=0.0000 gap_pa=0.0000 cos_joint_pa=nan cos_imp_pa=nan
[LOSS-SAT]  cls_sat=0.0000 sat_cons=0.0000 sat_cos=nan
[LOSS-DG]   proto=0.0000 proto_cos=nan supcon=0.0000 fishr=0.0011 sgc_res=0.0863
[LOSS-CAL]  ecc=0.0000 ecc_w=0.0000 ecc_tau=0.6701 ecc_maxp=nan
[TRAIN] tx=90.32% dom=83.74% cons_cos=0.8317
[GRAD]  total=2.484 backbone=1.000 aux=0.750 domain=0.443
[VAL]   tx=98.47% dom=93.17%
[TEST]  overall_tx=88.73% (181015/204000)
[TEST-SPLIT]
          unseen_day_seen_rx(days=['2021_03_15', '2021_03_23'], rxs=[0, 1, 2, 3, 4, 5, 6]): tx=92.57% (77762/84000)
          seen_day_unseen_rx(days=['2021_03_01', '2021_03_08'], rxs=[7, 8, 9, 10, 11]): tx=87.51% (52507/60000)
          unseen_day_unseen_rx(days=['2021_03_15', '2021_03_23'], rxs=[7, 8, 9, 10, 11]): tx=84.58% (50746/60000)
          day=2021_03_15 on seen_rxs=[0, 1, 2, 3, 4, 5, 6]: tx=94.59% (39727/42000)
          day=2021_03_23 on seen_rxs=[0, 1, 2, 3, 4, 5, 6]: tx=90.56% (38035/42000)
          rx=7 on seen_days=['2021_03_01', '2021_03_08']: tx=83.34% (10001/12000)
          rx=8 on seen_days=['2021_03_01', '2021_03_08']: tx=84.47% (10137/12000)
          rx=9 on seen_days=['2021_03_01', '2021_03_08']: tx=88.13% (10576/12000)
          rx=10 on seen_days=['2021_03_01', '2021_03_08']: tx=88.49% (10619/12000)
          rx=11 on seen_days=['2021_03_01', '2021_03_08']: tx=93.12% (11174/12000)
[BEST-JOINT]  val_tx=98.89% & test_tx=90.22% @ E006
[CKPT]  latest -> finalist_runs/E3_no_res_control/latest_model.pth (saved) | best -> finalist_runs/E3_no_res_control/best_model_val.pth
====================================================================================================================================
[SAT-TEST] scenario=clear_leo selected=test_unseen_day_unseen_rx overall_tx=43.69% strict_udu=43.69% (26211/60000)
[SAT-TEST] scenario=low_elev_leo selected=test_unseen_day_unseen_rx overall_tx=43.15% strict_udu=43.15% (25891/60000)
[SAT-TEST] scenario=rain_leo selected=test_unseen_day_unseen_rx overall_tx=41.20% strict_udu=41.20% (24723/60000)
[SAT-TEST] scenario=storm_mp selected=test_unseen_day_unseen_rx overall_tx=35.78% strict_udu=35.78% (21468/60000)
[SAT-TEST] scenario=mixed_orbit selected=test_unseen_day_unseen_rx overall_tx=39.22% strict_udu=39.22% (23533/60000)
[BEST-TEST] overall=90.23% @ E008 -> finalist_runs/E3_no_res_control/best_model_test_overall.pth | unseen_day_unseen_rx=86.27% @ E008 -> finalist_runs/E3_no_res_control/best_model_strict_udu.pth | unseen_day_seen_rx=93.58% @ E007 | seen_day_unseen_rx=90.44% @ E004
[BEST-PRIMARY] score=87.66 @ E008 -> finalist_runs/E3_no_res_control/best_model_primary_ood.pth | overall=90.23% strict_udu=86.27%
[BEST-WORST-RX] worst_rx=86.27% (test_rx_7) @ E010 -> finalist_runs/E3_no_res_control/best_model_worst_rx.pth
====================================================================================================================================
[Epoch 012/060] time=83.0s | lr=4.53e-05 | aux_scale=0.600
[STAGE] phase=S1_core | use_aux=0.0 cons=0.00 cls_aux=0.00 reg=0.00 joint_inv=0.00 kl=0.00 group_ce=0.50
[MIXSTYLE-EPOCH] phase=base enabled=1 p=0.150 strength=0.650 anneal_t=0.000
[AUG] scale=0.232 | p_dac=0.000 p_pa=0.032 p_shift=0.081 p_cfo=0.081 p_awgn=0.093 p_mp=0.042 | max_shift=7 cfo_max=9.281e-05 pn_max=0.001392
------------------------------------------------------------------------------------------------------------------------------------
[LOSS-CORE] total=2.7895 cls=1.3400 dom=0.5088 adv=2.6259 orth=0.0028 cons=0.1737 group_ce=2.2533
[LOSS-AUX]  cls_pa=0.0000 cls_dac=0.0000 pa_joint_inv=0.0000 pa_kl=0.0000 dac_reg=0.0000 pa_reg=0.0000 gap_dac=0.0000 gap_pa=0.0000 cos_joint_pa=nan cos_imp_pa=nan
[LOSS-SAT]  cls_sat=0.0000 sat_cons=0.0000 sat_cos=nan
[LOSS-DG]   proto=0.0000 proto_cos=nan supcon=0.0000 fishr=0.0012 sgc_res=0.0803
[LOSS-CAL]  ecc=0.0000 ecc_w=0.0000 ecc_tau=0.6742 ecc_maxp=nan
[TRAIN] tx=89.53% dom=82.48% cons_cos=0.8263
[GRAD]  total=2.277 backbone=1.000 aux=0.750 domain=0.438
[VAL]   tx=98.92% dom=93.28%
[TEST]  overall_tx=90.12% (183843/204000)
[TEST-SPLIT]
          unseen_day_seen_rx(days=['2021_03_15', '2021_03_23'], rxs=[0, 1, 2, 3, 4, 5, 6]): tx=93.51% (78550/84000)
          seen_day_unseen_rx(days=['2021_03_01', '2021_03_08'], rxs=[7, 8, 9, 10, 11]): tx=89.67% (53805/60000)
          unseen_day_unseen_rx(days=['2021_03_15', '2021_03_23'], rxs=[7, 8, 9, 10, 11]): tx=85.81% (51488/60000)
          day=2021_03_15 on seen_rxs=[0, 1, 2, 3, 4, 5, 6]: tx=94.56% (39714/42000)
          day=2021_03_23 on seen_rxs=[0, 1, 2, 3, 4, 5, 6]: tx=92.47% (38836/42000)
          rx=7 on seen_days=['2021_03_01', '2021_03_08']: tx=87.48% (10498/12000)
          rx=8 on seen_days=['2021_03_01', '2021_03_08']: tx=86.08% (10330/12000)
          rx=9 on seen_days=['2021_03_01', '2021_03_08']: tx=89.93% (10792/12000)
          rx=10 on seen_days=['2021_03_01', '2021_03_08']: tx=89.83% (10779/12000)
          rx=11 on seen_days=['2021_03_01', '2021_03_08']: tx=95.05% (11406/12000)
[BEST-JOINT]  val_tx=98.92% & test_tx=90.12% @ E012
[CKPT]  latest -> finalist_runs/E3_no_res_control/latest_model.pth (saved) | best -> finalist_runs/E3_no_res_control/best_model_val.pth (updated: val improved)
====================================================================================================================================
[SAT-TEST] scenario=clear_leo selected=test_unseen_day_unseen_rx overall_tx=43.10% strict_udu=43.10% (25862/60000)
[SAT-TEST] scenario=low_elev_leo selected=test_unseen_day_unseen_rx overall_tx=42.43% strict_udu=42.43% (25457/60000)
[SAT-TEST] scenario=rain_leo selected=test_unseen_day_unseen_rx overall_tx=40.04% strict_udu=40.04% (24025/60000)
[SAT-TEST] scenario=storm_mp selected=test_unseen_day_unseen_rx overall_tx=35.42% strict_udu=35.42% (21254/60000)
[SAT-TEST] scenario=mixed_orbit selected=test_unseen_day_unseen_rx overall_tx=38.72% strict_udu=38.72% (23232/60000)
[BEST-TEST] overall=90.23% @ E008 -> finalist_runs/E3_no_res_control/best_model_test_overall.pth | unseen_day_unseen_rx=86.27% @ E008 -> finalist_runs/E3_no_res_control/best_model_strict_udu.pth | unseen_day_seen_rx=93.58% @ E007 | seen_day_unseen_rx=90.44% @ E004
[BEST-PRIMARY] score=87.66 @ E008 -> finalist_runs/E3_no_res_control/best_model_primary_ood.pth | overall=90.23% strict_udu=86.27%
[BEST-WORST-RX] worst_rx=86.27% (test_rx_7) @ E010 -> finalist_runs/E3_no_res_control/best_model_worst_rx.pth
[WARN][E013] unsafe backward/step skipped #6
====================================================================================================================================
[Epoch 013/060] time=81.7s | lr=4.45e-05 | aux_scale=0.667
[STAGE] phase=S1_core | use_aux=0.0 cons=0.00 cls_aux=0.00 reg=0.00 joint_inv=0.00 kl=0.00 group_ce=0.50
[MIXSTYLE-EPOCH] phase=base enabled=1 p=0.150 strength=0.650 anneal_t=0.000
[AUG] scale=0.251 | p_dac=0.000 p_pa=0.035 p_shift=0.088 p_cfo=0.088 p_awgn=0.100 p_mp=0.045 | max_shift=8 cfo_max=0.0001002 pn_max=0.001504
------------------------------------------------------------------------------------------------------------------------------------
[LOSS-CORE] total=2.4316 cls=1.0745 dom=0.4383 adv=2.6235 orth=0.0026 cons=0.1629 group_ce=1.8288
[LOSS-AUX]  cls_pa=0.0000 cls_dac=0.0000 pa_joint_inv=0.0000 pa_kl=0.0000 dac_reg=0.0000 pa_reg=0.0000 gap_dac=0.0000 gap_pa=0.0000 cos_joint_pa=nan cos_imp_pa=nan
[LOSS-SAT]  cls_sat=0.0000 sat_cons=0.0000 sat_cos=nan
[LOSS-DG]   proto=0.0000 proto_cos=nan supcon=0.0000 fishr=0.0010 sgc_res=0.0856
[LOSS-CAL]  ecc=0.0000 ecc_w=0.0000 ecc_tau=0.6786 ecc_maxp=nan
[TRAIN] tx=91.60% dom=83.96% cons_cos=0.8338
[GRAD]  total=2.583 backbone=1.000 aux=0.750 domain=0.451
[VAL]   tx=98.68% dom=93.33%
[TEST]  overall_tx=89.06% (181678/204000)
[TEST-SPLIT]
          unseen_day_seen_rx(days=['2021_03_15', '2021_03_23'], rxs=[0, 1, 2, 3, 4, 5, 6]): tx=92.73% (77894/84000)
          seen_day_unseen_rx(days=['2021_03_01', '2021_03_08'], rxs=[7, 8, 9, 10, 11]): tx=88.38% (53028/60000)
          unseen_day_unseen_rx(days=['2021_03_15', '2021_03_23'], rxs=[7, 8, 9, 10, 11]): tx=84.59% (50756/60000)
          day=2021_03_15 on seen_rxs=[0, 1, 2, 3, 4, 5, 6]: tx=94.24% (39579/42000)
          day=2021_03_23 on seen_rxs=[0, 1, 2, 3, 4, 5, 6]: tx=91.23% (38315/42000)
          rx=7 on seen_days=['2021_03_01', '2021_03_08']: tx=85.05% (10206/12000)
          rx=8 on seen_days=['2021_03_01', '2021_03_08']: tx=83.90% (10068/12000)
          rx=9 on seen_days=['2021_03_01', '2021_03_08']: tx=87.59% (10511/12000)
          rx=10 on seen_days=['2021_03_01', '2021_03_08']: tx=92.23% (11068/12000)
          rx=11 on seen_days=['2021_03_01', '2021_03_08']: tx=93.12% (11175/12000)
[BEST-JOINT]  val_tx=98.92% & test_tx=90.12% @ E012
[CKPT]  latest -> finalist_runs/E3_no_res_control/latest_model.pth (saved) | best -> finalist_runs/E3_no_res_control/best_model_val.pth
====================================================================================================================================
[SAT-TEST] scenario=clear_leo selected=test_unseen_day_unseen_rx overall_tx=43.07% strict_udu=43.07% (25844/60000)
[SAT-TEST] scenario=low_elev_leo selected=test_unseen_day_unseen_rx overall_tx=42.38% strict_udu=42.38% (25430/60000)
[SAT-TEST] scenario=rain_leo selected=test_unseen_day_unseen_rx overall_tx=40.09% strict_udu=40.09% (24052/60000)
[SAT-TEST] scenario=storm_mp selected=test_unseen_day_unseen_rx overall_tx=35.54% strict_udu=35.54% (21323/60000)
[SAT-TEST] scenario=mixed_orbit selected=test_unseen_day_unseen_rx overall_tx=38.51% strict_udu=38.51% (23108/60000)
[BEST-TEST] overall=90.23% @ E008 -> finalist_runs/E3_no_res_control/best_model_test_overall.pth | unseen_day_unseen_rx=86.27% @ E008 -> finalist_runs/E3_no_res_control/best_model_strict_udu.pth | unseen_day_seen_rx=93.58% @ E007 | seen_day_unseen_rx=90.44% @ E004
[BEST-PRIMARY] score=87.66 @ E008 -> finalist_runs/E3_no_res_control/best_model_primary_ood.pth | overall=90.23% strict_udu=86.27%
[BEST-WORST-RX] worst_rx=86.27% (test_rx_7) @ E010 -> finalist_runs/E3_no_res_control/best_model_worst_rx.pth
====================================================================================================================================
[Epoch 014/060] time=82.1s | lr=4.37e-05 | aux_scale=0.733
[STAGE] phase=S1_core | use_aux=0.0 cons=0.00 cls_aux=0.00 reg=0.00 joint_inv=0.00 kl=0.00 group_ce=0.50
[MIXSTYLE-EPOCH] phase=base enabled=1 p=0.150 strength=0.650 anneal_t=0.000
[AUG] scale=0.270 | p_dac=0.000 p_pa=0.038 p_shift=0.094 p_cfo=0.094 p_awgn=0.108 p_mp=0.049 | max_shift=9 cfo_max=0.0001079 pn_max=0.001618
------------------------------------------------------------------------------------------------------------------------------------
[LOSS-CORE] total=2.3899 cls=1.0493 dom=0.4192 adv=2.6239 orth=0.0026 cons=0.1674 group_ce=1.8811
[LOSS-AUX]  cls_pa=0.0000 cls_dac=0.0000 pa_joint_inv=0.0000 pa_kl=0.0000 dac_reg=0.0000 pa_reg=0.0000 gap_dac=0.0000 gap_pa=0.0000 cos_joint_pa=nan cos_imp_pa=nan
[LOSS-SAT]  cls_sat=0.0000 sat_cons=0.0000 sat_cos=nan
[LOSS-DG]   proto=0.0000 proto_cos=nan supcon=0.0000 fishr=0.0010 sgc_res=0.0855
[LOSS-CAL]  ecc=0.0000 ecc_w=0.0000 ecc_tau=0.6834 ecc_maxp=nan
[TRAIN] tx=91.92% dom=84.86% cons_cos=0.8326
[GRAD]  total=2.119 backbone=0.999 aux=0.750 domain=0.461
[VAL]   tx=98.90% dom=93.36%
[TEST]  overall_tx=90.76% (185155/204000)
[TEST-SPLIT]
          unseen_day_seen_rx(days=['2021_03_15', '2021_03_23'], rxs=[0, 1, 2, 3, 4, 5, 6]): tx=93.81% (78801/84000)
          seen_day_unseen_rx(days=['2021_03_01', '2021_03_08'], rxs=[7, 8, 9, 10, 11]): tx=90.57% (54340/60000)
          unseen_day_unseen_rx(days=['2021_03_15', '2021_03_23'], rxs=[7, 8, 9, 10, 11]): tx=86.69% (52014/60000)
          day=2021_03_15 on seen_rxs=[0, 1, 2, 3, 4, 5, 6]: tx=95.79% (40230/42000)
          day=2021_03_23 on seen_rxs=[0, 1, 2, 3, 4, 5, 6]: tx=91.84% (38571/42000)
          rx=7 on seen_days=['2021_03_01', '2021_03_08']: tx=86.57% (10388/12000)
          rx=8 on seen_days=['2021_03_01', '2021_03_08']: tx=86.05% (10326/12000)
          rx=9 on seen_days=['2021_03_01', '2021_03_08']: tx=91.62% (10995/12000)
          rx=10 on seen_days=['2021_03_01', '2021_03_08']: tx=92.35% (11082/12000)
          rx=11 on seen_days=['2021_03_01', '2021_03_08']: tx=96.24% (11549/12000)
[BEST-JOINT]  val_tx=98.92% & test_tx=90.12% @ E012
[CKPT]  latest -> finalist_runs/E3_no_res_control/latest_model.pth (saved) | best -> finalist_runs/E3_no_res_control/best_model_val.pth
====================================================================================================================================
[SAT-TEST] scenario=clear_leo selected=test_unseen_day_unseen_rx overall_tx=44.47% strict_udu=44.47% (26679/60000)
[SAT-TEST] scenario=low_elev_leo selected=test_unseen_day_unseen_rx overall_tx=43.56% strict_udu=43.56% (26134/60000)
[SAT-TEST] scenario=rain_leo selected=test_unseen_day_unseen_rx overall_tx=41.13% strict_udu=41.13% (24678/60000)
[SAT-TEST] scenario=storm_mp selected=test_unseen_day_unseen_rx overall_tx=35.61% strict_udu=35.61% (21366/60000)
[SAT-TEST] scenario=mixed_orbit selected=test_unseen_day_unseen_rx overall_tx=39.54% strict_udu=39.54% (23726/60000)
[BEST-TEST] overall=90.76% @ E014 -> finalist_runs/E3_no_res_control/best_model_test_overall.pth | unseen_day_unseen_rx=86.69% @ E014 -> finalist_runs/E3_no_res_control/best_model_strict_udu.pth | unseen_day_seen_rx=93.81% @ E014 | seen_day_unseen_rx=90.57% @ E014
[BEST-PRIMARY] score=88.12 @ E014 -> finalist_runs/E3_no_res_control/best_model_primary_ood.pth | overall=90.76% strict_udu=86.69%
[BEST-WORST-RX] worst_rx=86.27% (test_rx_7) @ E010 -> finalist_runs/E3_no_res_control/best_model_worst_rx.pth
====================================================================================================================================
[Epoch 015/060] time=82.7s | lr=4.28e-05 | aux_scale=0.800
[STAGE] phase=S1_core | use_aux=0.0 cons=0.00 cls_aux=0.00 reg=0.00 joint_inv=0.00 kl=0.00 group_ce=0.50
[MIXSTYLE-EPOCH] phase=base enabled=1 p=0.150 strength=0.650 anneal_t=0.000
[AUG] scale=0.289 | p_dac=0.000 p_pa=0.040 p_shift=0.101 p_cfo=0.101 p_awgn=0.116 p_mp=0.052 | max_shift=9 cfo_max=0.0001157 pn_max=0.001735
------------------------------------------------------------------------------------------------------------------------------------
[LOSS-CORE] total=2.8712 cls=1.4253 dom=0.4933 adv=2.6205 orth=0.0024 cons=0.1894 group_ce=2.5251
[LOSS-AUX]  cls_pa=0.0000 cls_dac=0.0000 pa_joint_inv=0.0000 pa_kl=0.0000 dac_reg=0.0000 pa_reg=0.0000 gap_dac=0.0000 gap_pa=0.0000 cos_joint_pa=nan cos_imp_pa=nan
[LOSS-SAT]  cls_sat=0.0000 sat_cons=0.0000 sat_cos=nan
[LOSS-DG]   proto=0.0000 proto_cos=nan supcon=0.0000 fishr=0.0015 sgc_res=0.0908
[LOSS-CAL]  ecc=0.0000 ecc_w=0.0000 ecc_tau=0.6885 ecc_maxp=nan
[TRAIN] tx=88.96% dom=81.81% cons_cos=0.8106
[GRAD]  total=2.605 backbone=1.000 aux=0.750 domain=0.450
[VAL]   tx=98.89% dom=93.45%
[TEST]  overall_tx=89.90% (183403/204000)
[TEST-SPLIT]
          unseen_day_seen_rx(days=['2021_03_15', '2021_03_23'], rxs=[0, 1, 2, 3, 4, 5, 6]): tx=93.23% (78315/84000)
          seen_day_unseen_rx(days=['2021_03_01', '2021_03_08'], rxs=[7, 8, 9, 10, 11]): tx=89.09% (53457/60000)
          unseen_day_unseen_rx(days=['2021_03_15', '2021_03_23'], rxs=[7, 8, 9, 10, 11]): tx=86.05% (51631/60000)
          day=2021_03_15 on seen_rxs=[0, 1, 2, 3, 4, 5, 6]: tx=95.06% (39927/42000)
          day=2021_03_23 on seen_rxs=[0, 1, 2, 3, 4, 5, 6]: tx=91.40% (38388/42000)
          rx=7 on seen_days=['2021_03_01', '2021_03_08']: tx=84.66% (10159/12000)
          rx=8 on seen_days=['2021_03_01', '2021_03_08']: tx=85.47% (10257/12000)
          rx=9 on seen_days=['2021_03_01', '2021_03_08']: tx=90.59% (10871/12000)
          rx=10 on seen_days=['2021_03_01', '2021_03_08']: tx=88.33% (10600/12000)
          rx=11 on seen_days=['2021_03_01', '2021_03_08']: tx=96.42% (11570/12000)
[BEST-JOINT]  val_tx=98.92% & test_tx=90.12% @ E012
[CKPT]  latest -> finalist_runs/E3_no_res_control/latest_model.pth (saved) | best -> finalist_runs/E3_no_res_control/best_model_val.pth
====================================================================================================================================
[SAT-TEST] scenario=clear_leo selected=test_unseen_day_unseen_rx overall_tx=44.16% strict_udu=44.16% (26497/60000)
[SAT-TEST] scenario=low_elev_leo selected=test_unseen_day_unseen_rx overall_tx=43.12% strict_udu=43.12% (25871/60000)
[SAT-TEST] scenario=rain_leo selected=test_unseen_day_unseen_rx overall_tx=40.86% strict_udu=40.86% (24514/60000)
[SAT-TEST] scenario=storm_mp selected=test_unseen_day_unseen_rx overall_tx=35.58% strict_udu=35.58% (21346/60000)
[SAT-TEST] scenario=mixed_orbit selected=test_unseen_day_unseen_rx overall_tx=39.48% strict_udu=39.48% (23686/60000)
[BEST-TEST] overall=90.76% @ E014 -> finalist_runs/E3_no_res_control/best_model_test_overall.pth | unseen_day_unseen_rx=86.69% @ E014 -> finalist_runs/E3_no_res_control/best_model_strict_udu.pth | unseen_day_seen_rx=93.81% @ E014 | seen_day_unseen_rx=90.57% @ E014
[BEST-PRIMARY] score=88.12 @ E014 -> finalist_runs/E3_no_res_control/best_model_primary_ood.pth | overall=90.76% strict_udu=86.69%
[BEST-WORST-RX] worst_rx=86.27% (test_rx_7) @ E010 -> finalist_runs/E3_no_res_control/best_model_worst_rx.pth
====================================================================================================================================
[Epoch 016/060] time=81.7s | lr=4.19e-05 | aux_scale=0.867
[STAGE] phase=S1_core | use_aux=0.0 cons=0.00 cls_aux=0.00 reg=0.00 joint_inv=0.00 kl=0.00 group_ce=0.50
[MIXSTYLE-EPOCH] phase=base enabled=1 p=0.150 strength=0.650 anneal_t=0.000
[AUG] scale=0.309 | p_dac=0.000 p_pa=0.043 p_shift=0.108 p_cfo=0.108 p_awgn=0.124 p_mp=0.056 | max_shift=10 cfo_max=0.0001236 pn_max=0.001854
------------------------------------------------------------------------------------------------------------------------------------
[LOSS-CORE] total=2.7678 cls=1.3235 dom=0.5039 adv=2.6227 orth=0.0023 cons=0.1805 group_ce=2.2663
[LOSS-AUX]  cls_pa=0.0000 cls_dac=0.0000 pa_joint_inv=0.0000 pa_kl=0.0000 dac_reg=0.0000 pa_reg=0.0000 gap_dac=0.0000 gap_pa=0.0000 cos_joint_pa=nan cos_imp_pa=nan
[LOSS-SAT]  cls_sat=0.0000 sat_cons=0.0000 sat_cos=nan
[LOSS-DG]   proto=0.0000 proto_cos=nan supcon=0.0000 fishr=0.0012 sgc_res=0.0910
[LOSS-CAL]  ecc=0.0000 ecc_w=0.0000 ecc_tau=0.6939 ecc_maxp=nan
[TRAIN] tx=89.47% dom=82.81% cons_cos=0.8196
[GRAD]  total=2.142 backbone=1.000 aux=0.750 domain=0.451
[VAL]   tx=98.79% dom=93.25%
[TEST]  overall_tx=88.86% (181271/204000)
[TEST-SPLIT]
          unseen_day_seen_rx(days=['2021_03_15', '2021_03_23'], rxs=[0, 1, 2, 3, 4, 5, 6]): tx=92.58% (77763/84000)
          seen_day_unseen_rx(days=['2021_03_01', '2021_03_08'], rxs=[7, 8, 9, 10, 11]): tx=87.94% (52763/60000)
          unseen_day_unseen_rx(days=['2021_03_15', '2021_03_23'], rxs=[7, 8, 9, 10, 11]): tx=84.58% (50745/60000)
          day=2021_03_15 on seen_rxs=[0, 1, 2, 3, 4, 5, 6]: tx=94.65% (39753/42000)
          day=2021_03_23 on seen_rxs=[0, 1, 2, 3, 4, 5, 6]: tx=90.50% (38010/42000)
          rx=7 on seen_days=['2021_03_01', '2021_03_08']: tx=84.29% (10115/12000)
          rx=8 on seen_days=['2021_03_01', '2021_03_08']: tx=83.47% (10017/12000)
          rx=9 on seen_days=['2021_03_01', '2021_03_08']: tx=88.45% (10614/12000)
          rx=10 on seen_days=['2021_03_01', '2021_03_08']: tx=89.67% (10760/12000)
          rx=11 on seen_days=['2021_03_01', '2021_03_08']: tx=93.81% (11257/12000)
[BEST-JOINT]  val_tx=98.92% & test_tx=90.12% @ E012
[CKPT]  latest -> finalist_runs/E3_no_res_control/latest_model.pth (saved) | best -> finalist_runs/E3_no_res_control/best_model_val.pth
====================================================================================================================================
[SAT-TEST] scenario=clear_leo selected=test_unseen_day_unseen_rx overall_tx=42.12% strict_udu=42.12% (25269/60000)
[SAT-TEST] scenario=low_elev_leo selected=test_unseen_day_unseen_rx overall_tx=41.48% strict_udu=41.48% (24888/60000)
[SAT-TEST] scenario=rain_leo selected=test_unseen_day_unseen_rx overall_tx=39.10% strict_udu=39.10% (23463/60000)
[SAT-TEST] scenario=storm_mp selected=test_unseen_day_unseen_rx overall_tx=34.86% strict_udu=34.86% (20916/60000)
[SAT-TEST] scenario=mixed_orbit selected=test_unseen_day_unseen_rx overall_tx=37.69% strict_udu=37.69% (22613/60000)
[BEST-TEST] overall=90.76% @ E014 -> finalist_runs/E3_no_res_control/best_model_test_overall.pth | unseen_day_unseen_rx=86.69% @ E014 -> finalist_runs/E3_no_res_control/best_model_strict_udu.pth | unseen_day_seen_rx=93.81% @ E014 | seen_day_unseen_rx=90.57% @ E014
[BEST-PRIMARY] score=88.12 @ E014 -> finalist_runs/E3_no_res_control/best_model_primary_ood.pth | overall=90.76% strict_udu=86.69%
[BEST-WORST-RX] worst_rx=86.27% (test_rx_7) @ E010 -> finalist_runs/E3_no_res_control/best_model_worst_rx.pth
====================================================================================================================================
[Epoch 017/060] time=87.5s | lr=4.09e-05 | aux_scale=0.933
[STAGE] phase=S2_stabilize_aux | use_aux=1.0 cons=0.20 cls_aux=0.15 reg=0.35 joint_inv=0.15 kl=0.15 group_ce=0.70
[MIXSTYLE-EPOCH] phase=base enabled=1 p=0.150 strength=0.650 anneal_t=0.000
[AUG] scale=0.329 | p_dac=0.000 p_pa=0.046 p_shift=0.115 p_cfo=0.115 p_awgn=0.132 p_mp=0.059 | max_shift=11 cfo_max=0.0001317 pn_max=0.001976
------------------------------------------------------------------------------------------------------------------------------------
[LOSS-CORE] total=3.5485 cls=1.8536 dom=0.5965 adv=2.6236 orth=0.0022 cons=0.1987 group_ce=3.0193
[LOSS-AUX]  cls_pa=1.7359 cls_dac=0.0000 pa_joint_inv=0.2167 pa_kl=1.5421 dac_reg=0.0000 pa_reg=0.0193 gap_dac=0.0000 gap_pa=0.1182 cos_joint_pa=0.7833 cos_imp_pa=nan
[LOSS-SAT]  cls_sat=0.0000 sat_cons=0.0000 sat_cos=nan
[LOSS-DG]   proto=0.0000 proto_cos=nan supcon=0.0000 fishr=0.0017 sgc_res=0.0922
[LOSS-CAL]  ecc=0.0000 ecc_w=0.0000 ecc_tau=0.6996 ecc_maxp=nan
[TRAIN] tx=85.54% dom=79.41% cons_cos=0.8013
[GRAD]  total=2.700 backbone=1.000 aux=0.750 domain=0.467
[VAL]   tx=98.84% dom=93.35%
[TEST]  overall_tx=88.97% (181496/204000)
[TEST-SPLIT]
          unseen_day_seen_rx(days=['2021_03_15', '2021_03_23'], rxs=[0, 1, 2, 3, 4, 5, 6]): tx=92.70% (77870/84000)
          seen_day_unseen_rx(days=['2021_03_01', '2021_03_08'], rxs=[7, 8, 9, 10, 11]): tx=88.21% (52928/60000)
          unseen_day_unseen_rx(days=['2021_03_15', '2021_03_23'], rxs=[7, 8, 9, 10, 11]): tx=84.50% (50698/60000)
          day=2021_03_15 on seen_rxs=[0, 1, 2, 3, 4, 5, 6]: tx=94.39% (39645/42000)
          day=2021_03_23 on seen_rxs=[0, 1, 2, 3, 4, 5, 6]: tx=91.01% (38225/42000)
          rx=7 on seen_days=['2021_03_01', '2021_03_08']: tx=85.21% (10225/12000)
          rx=8 on seen_days=['2021_03_01', '2021_03_08']: tx=83.88% (10065/12000)
          rx=9 on seen_days=['2021_03_01', '2021_03_08']: tx=88.86% (10663/12000)
          rx=10 on seen_days=['2021_03_01', '2021_03_08']: tx=90.36% (10843/12000)
          rx=11 on seen_days=['2021_03_01', '2021_03_08']: tx=92.77% (11132/12000)
[BEST-JOINT]  val_tx=98.92% & test_tx=90.12% @ E012
[CKPT]  latest -> finalist_runs/E3_no_res_control/latest_model.pth (saved) | best -> finalist_runs/E3_no_res_control/best_model_val.pth
====================================================================================================================================
[SAT-TEST] scenario=clear_leo selected=test_unseen_day_unseen_rx overall_tx=43.06% strict_udu=43.06% (25838/60000)
[SAT-TEST] scenario=low_elev_leo selected=test_unseen_day_unseen_rx overall_tx=42.49% strict_udu=42.49% (25495/60000)
[SAT-TEST] scenario=rain_leo selected=test_unseen_day_unseen_rx overall_tx=40.29% strict_udu=40.29% (24176/60000)
[SAT-TEST] scenario=storm_mp selected=test_unseen_day_unseen_rx overall_tx=35.31% strict_udu=35.31% (21188/60000)
[SAT-TEST] scenario=mixed_orbit selected=test_unseen_day_unseen_rx overall_tx=38.15% strict_udu=38.15% (22890/60000)
[BEST-TEST] overall=90.76% @ E014 -> finalist_runs/E3_no_res_control/best_model_test_overall.pth | unseen_day_unseen_rx=86.69% @ E014 -> finalist_runs/E3_no_res_control/best_model_strict_udu.pth | unseen_day_seen_rx=93.81% @ E014 | seen_day_unseen_rx=90.57% @ E014
[BEST-PRIMARY] score=88.12 @ E014 -> finalist_runs/E3_no_res_control/best_model_primary_ood.pth | overall=90.76% strict_udu=86.69%
[BEST-WORST-RX] worst_rx=86.27% (test_rx_7) @ E010 -> finalist_runs/E3_no_res_control/best_model_worst_rx.pth
====================================================================================================================================
[Epoch 018/060] time=87.2s | lr=3.99e-05 | aux_scale=1.000
[STAGE] phase=S2_stabilize_aux | use_aux=1.0 cons=0.20 cls_aux=0.15 reg=0.35 joint_inv=0.15 kl=0.15 group_ce=0.70
[MIXSTYLE-EPOCH] phase=base enabled=1 p=0.150 strength=0.650 anneal_t=0.000
[AUG] scale=0.350 | p_dac=0.000 p_pa=0.049 p_shift=0.122 p_cfo=0.122 p_awgn=0.140 p_mp=0.063 | max_shift=11 cfo_max=0.00014 pn_max=0.0021
------------------------------------------------------------------------------------------------------------------------------------
[LOSS-CORE] total=2.7537 cls=1.2369 dom=0.4655 adv=2.6221 orth=0.0025 cons=0.1799 group_ce=2.2615
[LOSS-AUX]  cls_pa=1.7484 cls_dac=0.0000 pa_joint_inv=0.2137 pa_kl=1.5687 dac_reg=0.0000 pa_reg=0.0178 gap_dac=0.0000 gap_pa=0.1179 cos_joint_pa=0.7863 cos_imp_pa=nan
[LOSS-SAT]  cls_sat=0.0000 sat_cons=0.0000 sat_cos=nan
[LOSS-DG]   proto=0.0000 proto_cos=nan supcon=0.0000 fishr=0.0013 sgc_res=0.0911
[LOSS-CAL]  ecc=0.0000 ecc_w=0.0000 ecc_tau=0.7056 ecc_maxp=nan
[TRAIN] tx=90.40% dom=82.77% cons_cos=0.8201
[GRAD]  total=2.522 backbone=1.000 aux=0.750 domain=0.464
[VAL]   tx=98.80% dom=93.38%
[TEST]  overall_tx=89.07% (181710/204000)
[TEST-SPLIT]
          unseen_day_seen_rx(days=['2021_03_15', '2021_03_23'], rxs=[0, 1, 2, 3, 4, 5, 6]): tx=92.59% (77775/84000)
          seen_day_unseen_rx(days=['2021_03_01', '2021_03_08'], rxs=[7, 8, 9, 10, 11]): tx=88.38% (53029/60000)
          unseen_day_unseen_rx(days=['2021_03_15', '2021_03_23'], rxs=[7, 8, 9, 10, 11]): tx=84.84% (50906/60000)
          day=2021_03_15 on seen_rxs=[0, 1, 2, 3, 4, 5, 6]: tx=94.36% (39633/42000)
          day=2021_03_23 on seen_rxs=[0, 1, 2, 3, 4, 5, 6]: tx=90.81% (38142/42000)
          rx=7 on seen_days=['2021_03_01', '2021_03_08']: tx=84.63% (10156/12000)
          rx=8 on seen_days=['2021_03_01', '2021_03_08']: tx=84.72% (10166/12000)
          rx=9 on seen_days=['2021_03_01', '2021_03_08']: tx=88.28% (10593/12000)
          rx=10 on seen_days=['2021_03_01', '2021_03_08']: tx=90.44% (10853/12000)
          rx=11 on seen_days=['2021_03_01', '2021_03_08']: tx=93.84% (11261/12000)
[BEST-JOINT]  val_tx=98.92% & test_tx=90.12% @ E012
[CKPT]  latest -> finalist_runs/E3_no_res_control/latest_model.pth (saved) | best -> finalist_runs/E3_no_res_control/best_model_val.pth
====================================================================================================================================
[SAT-TEST] scenario=clear_leo selected=test_unseen_day_unseen_rx overall_tx=42.70% strict_udu=42.70% (25617/60000)
[SAT-TEST] scenario=low_elev_leo selected=test_unseen_day_unseen_rx overall_tx=41.88% strict_udu=41.88% (25126/60000)
[SAT-TEST] scenario=rain_leo selected=test_unseen_day_unseen_rx overall_tx=39.66% strict_udu=39.66% (23794/60000)
[SAT-TEST] scenario=storm_mp selected=test_unseen_day_unseen_rx overall_tx=34.98% strict_udu=34.98% (20991/60000)
[SAT-TEST] scenario=mixed_orbit selected=test_unseen_day_unseen_rx overall_tx=38.45% strict_udu=38.45% (23070/60000)
[BEST-TEST] overall=90.76% @ E014 -> finalist_runs/E3_no_res_control/best_model_test_overall.pth | unseen_day_unseen_rx=86.69% @ E014 -> finalist_runs/E3_no_res_control/best_model_strict_udu.pth | unseen_day_seen_rx=93.81% @ E014 | seen_day_unseen_rx=90.57% @ E014
[BEST-PRIMARY] score=88.12 @ E014 -> finalist_runs/E3_no_res_control/best_model_primary_ood.pth | overall=90.76% strict_udu=86.69%
[BEST-WORST-RX] worst_rx=86.27% (test_rx_7) @ E010 -> finalist_runs/E3_no_res_control/best_model_worst_rx.pth
====================================================================================================================================
[Epoch 019/060] time=86.9s | lr=3.88e-05 | aux_scale=1.000
[STAGE] phase=S2_stabilize_aux | use_aux=1.0 cons=0.21 cls_aux=0.16 reg=0.35 joint_inv=0.15 kl=0.15 group_ce=0.70
[MIXSTYLE-EPOCH] phase=base enabled=1 p=0.150 strength=0.650 anneal_t=0.000
[AUG] scale=0.350 | p_dac=0.000 p_pa=0.049 p_shift=0.122 p_cfo=0.122 p_awgn=0.140 p_mp=0.063 | max_shift=11 cfo_max=0.00014 pn_max=0.0021
------------------------------------------------------------------------------------------------------------------------------------
[LOSS-CORE] total=3.4339 cls=1.7427 dom=0.5944 adv=2.6204 orth=0.0025 cons=0.1942 group_ce=2.8817
[LOSS-AUX]  cls_pa=1.7114 cls_dac=0.0000 pa_joint_inv=0.2106 pa_kl=1.5178 dac_reg=0.0000 pa_reg=0.0178 gap_dac=0.0000 gap_pa=0.1165 cos_joint_pa=0.7894 cos_imp_pa=nan
[LOSS-SAT]  cls_sat=0.0000 sat_cons=0.0000 sat_cos=nan
[LOSS-DG]   proto=0.0000 proto_cos=nan supcon=0.0000 fishr=0.0017 sgc_res=0.0974
[LOSS-CAL]  ecc=0.0000 ecc_w=0.0000 ecc_tau=0.7118 ecc_maxp=nan
[TRAIN] tx=86.67% dom=79.79% cons_cos=0.8059
[GRAD]  total=2.870 backbone=1.000 aux=0.750 domain=0.463
[VAL]   tx=98.94% dom=93.38%
[TEST]  overall_tx=89.49% (182551/204000)
[TEST-SPLIT]
          unseen_day_seen_rx(days=['2021_03_15', '2021_03_23'], rxs=[0, 1, 2, 3, 4, 5, 6]): tx=93.13% (78230/84000)
          seen_day_unseen_rx(days=['2021_03_01', '2021_03_08'], rxs=[7, 8, 9, 10, 11]): tx=88.96% (53375/60000)
          unseen_day_unseen_rx(days=['2021_03_15', '2021_03_23'], rxs=[7, 8, 9, 10, 11]): tx=84.91% (50946/60000)
          day=2021_03_15 on seen_rxs=[0, 1, 2, 3, 4, 5, 6]: tx=94.38% (39640/42000)
          day=2021_03_23 on seen_rxs=[0, 1, 2, 3, 4, 5, 6]: tx=91.88% (38590/42000)
          rx=7 on seen_days=['2021_03_01', '2021_03_08']: tx=85.97% (10316/12000)
          rx=8 on seen_days=['2021_03_01', '2021_03_08']: tx=84.97% (10197/12000)
          rx=9 on seen_days=['2021_03_01', '2021_03_08']: tx=89.75% (10770/12000)
          rx=10 on seen_days=['2021_03_01', '2021_03_08']: tx=89.34% (10721/12000)
          rx=11 on seen_days=['2021_03_01', '2021_03_08']: tx=94.76% (11371/12000)
[BEST-JOINT]  val_tx=98.94% & test_tx=89.49% @ E019
[CKPT]  latest -> finalist_runs/E3_no_res_control/latest_model.pth (saved) | best -> finalist_runs/E3_no_res_control/best_model_val.pth (updated: val improved)
====================================================================================================================================
[SAT-TEST] scenario=clear_leo selected=test_unseen_day_unseen_rx overall_tx=42.51% strict_udu=42.51% (25503/60000)
[SAT-TEST] scenario=low_elev_leo selected=test_unseen_day_unseen_rx overall_tx=41.98% strict_udu=41.98% (25188/60000)
[SAT-TEST] scenario=rain_leo selected=test_unseen_day_unseen_rx overall_tx=39.69% strict_udu=39.69% (23814/60000)
[SAT-TEST] scenario=storm_mp selected=test_unseen_day_unseen_rx overall_tx=35.19% strict_udu=35.19% (21112/60000)
[SAT-TEST] scenario=mixed_orbit selected=test_unseen_day_unseen_rx overall_tx=38.37% strict_udu=38.37% (23021/60000)
[BEST-TEST] overall=90.76% @ E014 -> finalist_runs/E3_no_res_control/best_model_test_overall.pth | unseen_day_unseen_rx=86.69% @ E014 -> finalist_runs/E3_no_res_control/best_model_strict_udu.pth | unseen_day_seen_rx=93.81% @ E014 | seen_day_unseen_rx=90.57% @ E014
[BEST-PRIMARY] score=88.12 @ E014 -> finalist_runs/E3_no_res_control/best_model_primary_ood.pth | overall=90.76% strict_udu=86.69%
[BEST-WORST-RX] worst_rx=86.27% (test_rx_7) @ E010 -> finalist_runs/E3_no_res_control/best_model_worst_rx.pth
====================================================================================================================================
[Epoch 020/060] time=90.2s | lr=3.77e-05 | aux_scale=1.000
[STAGE] phase=S2_stabilize_aux | use_aux=1.0 cons=0.21 cls_aux=0.16 reg=0.36 joint_inv=0.15 kl=0.16 group_ce=0.71
[MIXSTYLE-EPOCH] phase=base enabled=1 p=0.150 strength=0.650 anneal_t=0.000
[AUG] scale=0.350 | p_dac=0.000 p_pa=0.049 p_shift=0.122 p_cfo=0.122 p_awgn=0.140 p_mp=0.063 | max_shift=11 cfo_max=0.00014 pn_max=0.0021
------------------------------------------------------------------------------------------------------------------------------------
[LOSS-CORE] total=3.4239 cls=1.1049 dom=0.4632 adv=2.6225 orth=0.0024 cons=0.1656 group_ce=2.0133
[LOSS-AUX]  cls_pa=1.6808 cls_dac=0.0000 pa_joint_inv=0.2130 pa_kl=1.4991 dac_reg=0.0000 pa_reg=0.0175 gap_dac=0.0000 gap_pa=0.1164 cos_joint_pa=0.7870 cos_imp_pa=nan
[LOSS-SAT]  cls_sat=9.8308 sat_cons=0.7513 sat_cos=0.2487
[LOSS-DG]   proto=0.0000 proto_cos=nan supcon=0.0000 fishr=0.0011 sgc_res=0.0957
[LOSS-CAL]  ecc=0.0000 ecc_w=0.0000 ecc_tau=0.7183 ecc_maxp=nan
[TRAIN] tx=91.30% dom=83.47% cons_cos=0.8344
[GRAD]  total=2.165 backbone=1.000 aux=0.750 domain=0.454
[VAL]   tx=98.95% dom=93.34%
[TEST]  overall_tx=88.99% (181548/204000)
[TEST-SPLIT]
          unseen_day_seen_rx(days=['2021_03_15', '2021_03_23'], rxs=[0, 1, 2, 3, 4, 5, 6]): tx=93.05% (78163/84000)
          seen_day_unseen_rx(days=['2021_03_01', '2021_03_08'], rxs=[7, 8, 9, 10, 11]): tx=88.30% (52979/60000)
          unseen_day_unseen_rx(days=['2021_03_15', '2021_03_23'], rxs=[7, 8, 9, 10, 11]): tx=84.01% (50406/60000)
          day=2021_03_15 on seen_rxs=[0, 1, 2, 3, 4, 5, 6]: tx=94.17% (39553/42000)
          day=2021_03_23 on seen_rxs=[0, 1, 2, 3, 4, 5, 6]: tx=91.93% (38610/42000)
          rx=7 on seen_days=['2021_03_01', '2021_03_08']: tx=84.63% (10156/12000)
          rx=8 on seen_days=['2021_03_01', '2021_03_08']: tx=84.37% (10124/12000)
          rx=9 on seen_days=['2021_03_01', '2021_03_08']: tx=89.80% (10776/12000)
          rx=10 on seen_days=['2021_03_01', '2021_03_08']: tx=89.55% (10746/12000)
          rx=11 on seen_days=['2021_03_01', '2021_03_08']: tx=93.14% (11177/12000)
[BEST-JOINT]  val_tx=98.95% & test_tx=88.99% @ E020
[CKPT]  latest -> finalist_runs/E3_no_res_control/latest_model.pth (saved) | best -> finalist_runs/E3_no_res_control/best_model_val.pth (updated: val improved)
====================================================================================================================================
[SAT-TEST] scenario=clear_leo selected=test_unseen_day_unseen_rx overall_tx=43.12% strict_udu=43.12% (25871/60000)
[SAT-TEST] scenario=low_elev_leo selected=test_unseen_day_unseen_rx overall_tx=42.47% strict_udu=42.47% (25482/60000)
[SAT-TEST] scenario=rain_leo selected=test_unseen_day_unseen_rx overall_tx=40.27% strict_udu=40.27% (24159/60000)
[SAT-TEST] scenario=storm_mp selected=test_unseen_day_unseen_rx overall_tx=35.61% strict_udu=35.61% (21365/60000)
[SAT-TEST] scenario=mixed_orbit selected=test_unseen_day_unseen_rx overall_tx=38.15% strict_udu=38.15% (22889/60000)
[BEST-TEST] overall=90.76% @ E014 -> finalist_runs/E3_no_res_control/best_model_test_overall.pth | unseen_day_unseen_rx=86.69% @ E014 -> finalist_runs/E3_no_res_control/best_model_strict_udu.pth | unseen_day_seen_rx=93.81% @ E014 | seen_day_unseen_rx=90.57% @ E014
[BEST-PRIMARY] score=88.12 @ E014 -> finalist_runs/E3_no_res_control/best_model_primary_ood.pth | overall=90.76% strict_udu=86.69%
[BEST-WORST-RX] worst_rx=86.27% (test_rx_7) @ E010 -> finalist_runs/E3_no_res_control/best_model_worst_rx.pth
====================================================================================================================================
[Epoch 021/060] time=92.1s | lr=3.66e-05 | aux_scale=1.000
[STAGE] phase=S2_stabilize_aux | use_aux=1.0 cons=0.21 cls_aux=0.16 reg=0.36 joint_inv=0.16 kl=0.16 group_ce=0.71
[MIXSTYLE-EPOCH] phase=base enabled=1 p=0.150 strength=0.650 anneal_t=0.000
[AUG] scale=0.350 | p_dac=0.000 p_pa=0.049 p_shift=0.122 p_cfo=0.122 p_awgn=0.140 p_mp=0.063 | max_shift=11 cfo_max=0.00014 pn_max=0.0021
------------------------------------------------------------------------------------------------------------------------------------
[LOSS-CORE] total=3.3764 cls=1.0974 dom=0.4359 adv=2.6215 orth=0.0025 cons=0.1684 group_ce=1.9669
[LOSS-AUX]  cls_pa=1.6823 cls_dac=0.0000 pa_joint_inv=0.2123 pa_kl=1.4998 dac_reg=0.0000 pa_reg=0.0173 gap_dac=0.0000 gap_pa=0.1165 cos_joint_pa=0.7877 cos_imp_pa=nan
[LOSS-SAT]  cls_sat=9.6505 sat_cons=0.7512 sat_cos=0.2488
[LOSS-DG]   proto=0.0000 proto_cos=nan supcon=0.0000 fishr=0.0010 sgc_res=0.0918
[LOSS-CAL]  ecc=0.0000 ecc_w=0.0000 ecc_tau=0.7250 ecc_maxp=nan
[TRAIN] tx=91.29% dom=84.42% cons_cos=0.8316
[GRAD]  total=2.388 backbone=1.000 aux=0.750 domain=0.451
[VAL]   tx=98.90% dom=93.47%
[TEST]  overall_tx=89.70% (182989/204000)
[TEST-SPLIT]
          unseen_day_seen_rx(days=['2021_03_15', '2021_03_23'], rxs=[0, 1, 2, 3, 4, 5, 6]): tx=93.23% (78316/84000)
          seen_day_unseen_rx(days=['2021_03_01', '2021_03_08'], rxs=[7, 8, 9, 10, 11]): tx=89.07% (53442/60000)
          unseen_day_unseen_rx(days=['2021_03_15', '2021_03_23'], rxs=[7, 8, 9, 10, 11]): tx=85.39% (51231/60000)
          day=2021_03_15 on seen_rxs=[0, 1, 2, 3, 4, 5, 6]: tx=94.87% (39844/42000)
          day=2021_03_23 on seen_rxs=[0, 1, 2, 3, 4, 5, 6]: tx=91.60% (38472/42000)
          rx=7 on seen_days=['2021_03_01', '2021_03_08']: tx=85.93% (10312/12000)
          rx=8 on seen_days=['2021_03_01', '2021_03_08']: tx=84.83% (10180/12000)
          rx=9 on seen_days=['2021_03_01', '2021_03_08']: tx=89.31% (10717/12000)
          rx=10 on seen_days=['2021_03_01', '2021_03_08']: tx=90.28% (10833/12000)
          rx=11 on seen_days=['2021_03_01', '2021_03_08']: tx=95.00% (11400/12000)
[BEST-JOINT]  val_tx=98.95% & test_tx=88.99% @ E020
[CKPT]  latest -> finalist_runs/E3_no_res_control/latest_model.pth (saved) | best -> finalist_runs/E3_no_res_control/best_model_val.pth
====================================================================================================================================
[SAT-TEST] scenario=clear_leo selected=test_unseen_day_unseen_rx overall_tx=44.01% strict_udu=44.01% (26404/60000)
[SAT-TEST] scenario=low_elev_leo selected=test_unseen_day_unseen_rx overall_tx=43.30% strict_udu=43.30% (25982/60000)
[SAT-TEST] scenario=rain_leo selected=test_unseen_day_unseen_rx overall_tx=41.30% strict_udu=41.30% (24779/60000)
[SAT-TEST] scenario=storm_mp selected=test_unseen_day_unseen_rx overall_tx=36.27% strict_udu=36.27% (21763/60000)
[SAT-TEST] scenario=mixed_orbit selected=test_unseen_day_unseen_rx overall_tx=39.60% strict_udu=39.60% (23759/60000)
[BEST-TEST] overall=90.76% @ E014 -> finalist_runs/E3_no_res_control/best_model_test_overall.pth | unseen_day_unseen_rx=86.69% @ E014 -> finalist_runs/E3_no_res_control/best_model_strict_udu.pth | unseen_day_seen_rx=93.81% @ E014 | seen_day_unseen_rx=90.57% @ E014
[BEST-PRIMARY] score=88.12 @ E014 -> finalist_runs/E3_no_res_control/best_model_primary_ood.pth | overall=90.76% strict_udu=86.69%
[BEST-WORST-RX] worst_rx=86.27% (test_rx_7) @ E010 -> finalist_runs/E3_no_res_control/best_model_worst_rx.pth
====================================================================================================================================
[Epoch 022/060] time=91.9s | lr=3.55e-05 | aux_scale=1.000
[STAGE] phase=S2_stabilize_aux | use_aux=1.0 cons=0.22 cls_aux=0.17 reg=0.37 joint_inv=0.16 kl=0.16 group_ce=0.71
[MIXSTYLE-EPOCH] phase=base enabled=1 p=0.150 strength=0.650 anneal_t=0.000
[AUG] scale=0.350 | p_dac=0.000 p_pa=0.049 p_shift=0.122 p_cfo=0.122 p_awgn=0.140 p_mp=0.063 | max_shift=11 cfo_max=0.00014 pn_max=0.0021
------------------------------------------------------------------------------------------------------------------------------------
[LOSS-CORE] total=3.9922 cls=1.5690 dom=0.5350 adv=2.6182 orth=0.0023 cons=0.1946 group_ce=2.6436
[LOSS-AUX]  cls_pa=1.7472 cls_dac=0.0000 pa_joint_inv=0.2130 pa_kl=1.5556 dac_reg=0.0000 pa_reg=0.0172 gap_dac=0.0000 gap_pa=0.1153 cos_joint_pa=0.7870 cos_imp_pa=nan
[LOSS-SAT]  cls_sat=9.5253 sat_cons=0.7319 sat_cos=0.2681
[LOSS-DG]   proto=0.0000 proto_cos=nan supcon=0.0000 fishr=0.0015 sgc_res=0.0931
[LOSS-CAL]  ecc=0.0000 ecc_w=0.0000 ecc_tau=0.7319 ecc_maxp=nan
[TRAIN] tx=87.23% dom=80.80% cons_cos=0.8054
[GRAD]  total=2.364 backbone=1.000 aux=0.750 domain=0.451
[VAL]   tx=98.71% dom=93.38%
[TEST]  overall_tx=88.01% (179545/204000)
[TEST-SPLIT]
          unseen_day_seen_rx(days=['2021_03_15', '2021_03_23'], rxs=[0, 1, 2, 3, 4, 5, 6]): tx=92.19% (77436/84000)
          seen_day_unseen_rx(days=['2021_03_01', '2021_03_08'], rxs=[7, 8, 9, 10, 11]): tx=86.56% (51934/60000)
          unseen_day_unseen_rx(days=['2021_03_15', '2021_03_23'], rxs=[7, 8, 9, 10, 11]): tx=83.62% (50175/60000)
          day=2021_03_15 on seen_rxs=[0, 1, 2, 3, 4, 5, 6]: tx=94.15% (39543/42000)
          day=2021_03_23 on seen_rxs=[0, 1, 2, 3, 4, 5, 6]: tx=90.22% (37893/42000)
          rx=7 on seen_days=['2021_03_01', '2021_03_08']: tx=81.96% (9835/12000)
          rx=8 on seen_days=['2021_03_01', '2021_03_08']: tx=82.11% (9853/12000)
          rx=9 on seen_days=['2021_03_01', '2021_03_08']: tx=87.08% (10449/12000)
          rx=10 on seen_days=['2021_03_01', '2021_03_08']: tx=89.58% (10750/12000)
          rx=11 on seen_days=['2021_03_01', '2021_03_08']: tx=92.06% (11047/12000)
[BEST-JOINT]  val_tx=98.95% & test_tx=88.99% @ E020
[CKPT]  latest -> finalist_runs/E3_no_res_control/latest_model.pth (saved) | best -> finalist_runs/E3_no_res_control/best_model_val.pth
====================================================================================================================================
[SAT-TEST] scenario=clear_leo selected=test_unseen_day_unseen_rx overall_tx=42.53% strict_udu=42.53% (25518/60000)
[SAT-TEST] scenario=low_elev_leo selected=test_unseen_day_unseen_rx overall_tx=41.66% strict_udu=41.66% (24994/60000)
[SAT-TEST] scenario=rain_leo selected=test_unseen_day_unseen_rx overall_tx=39.82% strict_udu=39.82% (23893/60000)
[SAT-TEST] scenario=storm_mp selected=test_unseen_day_unseen_rx overall_tx=36.05% strict_udu=36.05% (21630/60000)
[SAT-TEST] scenario=mixed_orbit selected=test_unseen_day_unseen_rx overall_tx=38.44% strict_udu=38.44% (23062/60000)
[BEST-TEST] overall=90.76% @ E014 -> finalist_runs/E3_no_res_control/best_model_test_overall.pth | unseen_day_unseen_rx=86.69% @ E014 -> finalist_runs/E3_no_res_control/best_model_strict_udu.pth | unseen_day_seen_rx=93.81% @ E014 | seen_day_unseen_rx=90.57% @ E014
[BEST-PRIMARY] score=88.12 @ E014 -> finalist_runs/E3_no_res_control/best_model_primary_ood.pth | overall=90.76% strict_udu=86.69%
[BEST-WORST-RX] worst_rx=86.27% (test_rx_7) @ E010 -> finalist_runs/E3_no_res_control/best_model_worst_rx.pth
====================================================================================================================================
[Epoch 023/060] time=91.6s | lr=3.43e-05 | aux_scale=1.000
[STAGE] phase=S2_stabilize_aux | use_aux=1.0 cons=0.23 cls_aux=0.18 reg=0.37 joint_inv=0.16 kl=0.17 group_ce=0.71
[MIXSTYLE-EPOCH] phase=base enabled=1 p=0.150 strength=0.650 anneal_t=0.000
[AUG] scale=0.350 | p_dac=0.000 p_pa=0.049 p_shift=0.122 p_cfo=0.122 p_awgn=0.140 p_mp=0.063 | max_shift=11 cfo_max=0.00014 pn_max=0.0021
------------------------------------------------------------------------------------------------------------------------------------
[LOSS-CORE] total=3.4041 cls=1.0947 dom=0.4539 adv=2.6249 orth=0.0024 cons=0.1605 group_ce=1.9161
[LOSS-AUX]  cls_pa=1.6783 cls_dac=0.0000 pa_joint_inv=0.2093 pa_kl=1.4868 dac_reg=0.0000 pa_reg=0.0172 gap_dac=0.0000 gap_pa=0.1167 cos_joint_pa=0.7907 cos_imp_pa=nan
[LOSS-SAT]  cls_sat=9.6797 sat_cons=0.7494 sat_cos=0.2506
[LOSS-DG]   proto=0.0000 proto_cos=nan supcon=0.0000 fishr=0.0010 sgc_res=0.0949
[LOSS-CAL]  ecc=0.0000 ecc_w=0.0000 ecc_tau=0.7390 ecc_maxp=nan
[TRAIN] tx=91.47% dom=84.27% cons_cos=0.8395
[GRAD]  total=2.674 backbone=1.000 aux=0.750 domain=0.444
[VAL]   tx=98.80% dom=93.33%
[TEST]  overall_tx=88.85% (181253/204000)
[TEST-SPLIT]
          unseen_day_seen_rx(days=['2021_03_15', '2021_03_23'], rxs=[0, 1, 2, 3, 4, 5, 6]): tx=92.89% (78028/84000)
          seen_day_unseen_rx(days=['2021_03_01', '2021_03_08'], rxs=[7, 8, 9, 10, 11]): tx=87.75% (52648/60000)
          unseen_day_unseen_rx(days=['2021_03_15', '2021_03_23'], rxs=[7, 8, 9, 10, 11]): tx=84.30% (50577/60000)
          day=2021_03_15 on seen_rxs=[0, 1, 2, 3, 4, 5, 6]: tx=95.07% (39928/42000)
          day=2021_03_23 on seen_rxs=[0, 1, 2, 3, 4, 5, 6]: tx=90.71% (38100/42000)
          rx=7 on seen_days=['2021_03_01', '2021_03_08']: tx=84.58% (10150/12000)
          rx=8 on seen_days=['2021_03_01', '2021_03_08']: tx=81.50% (9780/12000)
          rx=9 on seen_days=['2021_03_01', '2021_03_08']: tx=88.09% (10571/12000)
          rx=10 on seen_days=['2021_03_01', '2021_03_08']: tx=90.19% (10823/12000)
          rx=11 on seen_days=['2021_03_01', '2021_03_08']: tx=94.37% (11324/12000)
[BEST-JOINT]  val_tx=98.95% & test_tx=88.99% @ E020
[CKPT]  latest -> finalist_runs/E3_no_res_control/latest_model.pth (saved) | best -> finalist_runs/E3_no_res_control/best_model_val.pth
====================================================================================================================================
[SAT-TEST] scenario=clear_leo selected=test_unseen_day_unseen_rx overall_tx=44.58% strict_udu=44.58% (26746/60000)
[SAT-TEST] scenario=low_elev_leo selected=test_unseen_day_unseen_rx overall_tx=43.61% strict_udu=43.61% (26166/60000)
[SAT-TEST] scenario=rain_leo selected=test_unseen_day_unseen_rx overall_tx=41.84% strict_udu=41.84% (25104/60000)
[SAT-TEST] scenario=storm_mp selected=test_unseen_day_unseen_rx overall_tx=36.82% strict_udu=36.82% (22093/60000)
[SAT-TEST] scenario=mixed_orbit selected=test_unseen_day_unseen_rx overall_tx=39.74% strict_udu=39.74% (23844/60000)
[BEST-TEST] overall=90.76% @ E014 -> finalist_runs/E3_no_res_control/best_model_test_overall.pth | unseen_day_unseen_rx=86.69% @ E014 -> finalist_runs/E3_no_res_control/best_model_strict_udu.pth | unseen_day_seen_rx=93.81% @ E014 | seen_day_unseen_rx=90.57% @ E014
[BEST-PRIMARY] score=88.12 @ E014 -> finalist_runs/E3_no_res_control/best_model_primary_ood.pth | overall=90.76% strict_udu=86.69%
[BEST-WORST-RX] worst_rx=86.27% (test_rx_7) @ E010 -> finalist_runs/E3_no_res_control/best_model_worst_rx.pth
====================================================================================================================================
[Epoch 024/060] time=91.2s | lr=3.31e-05 | aux_scale=1.000
[STAGE] phase=S2_stabilize_aux | use_aux=1.0 cons=0.23 cls_aux=0.18 reg=0.38 joint_inv=0.16 kl=0.17 group_ce=0.72
[MIXSTYLE-EPOCH] phase=base enabled=1 p=0.150 strength=0.650 anneal_t=0.000
[AUG] scale=0.350 | p_dac=0.000 p_pa=0.049 p_shift=0.122 p_cfo=0.122 p_awgn=0.140 p_mp=0.063 | max_shift=11 cfo_max=0.00014 pn_max=0.0021
------------------------------------------------------------------------------------------------------------------------------------
[LOSS-CORE] total=4.3817 cls=1.8109 dom=0.6407 adv=2.6249 orth=0.0021 cons=0.1932 group_ce=2.9129
[LOSS-AUX]  cls_pa=1.5894 cls_dac=0.0000 pa_joint_inv=0.2059 pa_kl=1.4027 dac_reg=0.0000 pa_reg=0.0174 gap_dac=0.0000 gap_pa=0.1147 cos_joint_pa=0.7941 cos_imp_pa=nan
[LOSS-SAT]  cls_sat=9.6682 sat_cons=0.7277 sat_cos=0.2723
[LOSS-DG]   proto=0.0000 proto_cos=nan supcon=0.0000 fishr=0.0016 sgc_res=0.1049
[LOSS-CAL]  ecc=0.0000 ecc_w=0.0000 ecc_tau=0.7462 ecc_maxp=nan
[TRAIN] tx=85.23% dom=78.43% cons_cos=0.8068
[GRAD]  total=2.483 backbone=1.000 aux=0.750 domain=0.461
[VAL]   tx=98.81% dom=93.45%
[TEST]  overall_tx=88.79% (181135/204000)
[TEST-SPLIT]
          unseen_day_seen_rx(days=['2021_03_15', '2021_03_23'], rxs=[0, 1, 2, 3, 4, 5, 6]): tx=92.75% (77913/84000)
          seen_day_unseen_rx(days=['2021_03_01', '2021_03_08'], rxs=[7, 8, 9, 10, 11]): tx=87.86% (52719/60000)
          unseen_day_unseen_rx(days=['2021_03_15', '2021_03_23'], rxs=[7, 8, 9, 10, 11]): tx=84.17% (50503/60000)
          day=2021_03_15 on seen_rxs=[0, 1, 2, 3, 4, 5, 6]: tx=94.70% (39776/42000)
          day=2021_03_23 on seen_rxs=[0, 1, 2, 3, 4, 5, 6]: tx=90.80% (38137/42000)
          rx=7 on seen_days=['2021_03_01', '2021_03_08']: tx=83.97% (10076/12000)
          rx=8 on seen_days=['2021_03_01', '2021_03_08']: tx=82.62% (9915/12000)
          rx=9 on seen_days=['2021_03_01', '2021_03_08']: tx=88.57% (10628/12000)
          rx=10 on seen_days=['2021_03_01', '2021_03_08']: tx=91.17% (10940/12000)
          rx=11 on seen_days=['2021_03_01', '2021_03_08']: tx=93.00% (11160/12000)
[BEST-JOINT]  val_tx=98.95% & test_tx=88.99% @ E020
[CKPT]  latest -> finalist_runs/E3_no_res_control/latest_model.pth (saved) | best -> finalist_runs/E3_no_res_control/best_model_val.pth
====================================================================================================================================
[SAT-TEST] scenario=clear_leo selected=test_unseen_day_unseen_rx overall_tx=43.48% strict_udu=43.48% (26091/60000)
[SAT-TEST] scenario=low_elev_leo selected=test_unseen_day_unseen_rx overall_tx=43.24% strict_udu=43.24% (25947/60000)
[SAT-TEST] scenario=rain_leo selected=test_unseen_day_unseen_rx overall_tx=41.05% strict_udu=41.05% (24633/60000)
[SAT-TEST] scenario=storm_mp selected=test_unseen_day_unseen_rx overall_tx=36.39% strict_udu=36.39% (21833/60000)
[SAT-TEST] scenario=mixed_orbit selected=test_unseen_day_unseen_rx overall_tx=38.70% strict_udu=38.70% (23218/60000)
[BEST-TEST] overall=90.76% @ E014 -> finalist_runs/E3_no_res_control/best_model_test_overall.pth | unseen_day_unseen_rx=86.69% @ E014 -> finalist_runs/E3_no_res_control/best_model_strict_udu.pth | unseen_day_seen_rx=93.81% @ E014 | seen_day_unseen_rx=90.57% @ E014
[BEST-PRIMARY] score=88.12 @ E014 -> finalist_runs/E3_no_res_control/best_model_primary_ood.pth | overall=90.76% strict_udu=86.69%
[BEST-WORST-RX] worst_rx=86.27% (test_rx_7) @ E010 -> finalist_runs/E3_no_res_control/best_model_worst_rx.pth
====================================================================================================================================
[Epoch 025/060] time=90.0s | lr=3.18e-05 | aux_scale=1.000
[STAGE] phase=S2_stabilize_aux | use_aux=1.0 cons=0.24 cls_aux=0.19 reg=0.38 joint_inv=0.16 kl=0.18 group_ce=0.72
[MIXSTYLE-EPOCH] phase=base enabled=1 p=0.150 strength=0.650 anneal_t=0.000
[AUG] scale=0.350 | p_dac=0.000 p_pa=0.049 p_shift=0.122 p_cfo=0.122 p_awgn=0.140 p_mp=0.063 | max_shift=11 cfo_max=0.00014 pn_max=0.0021
------------------------------------------------------------------------------------------------------------------------------------
[LOSS-CORE] total=3.5837 cls=1.2206 dom=0.4882 adv=2.6229 orth=0.0023 cons=0.1689 group_ce=2.1290
[LOSS-AUX]  cls_pa=1.5511 cls_dac=0.0000 pa_joint_inv=0.2051 pa_kl=1.3629 dac_reg=0.0000 pa_reg=0.0172 gap_dac=0.0000 gap_pa=0.1140 cos_joint_pa=0.7949 cos_imp_pa=nan
[LOSS-SAT]  cls_sat=9.6014 sat_cons=0.7491 sat_cos=0.2509
[LOSS-DG]   proto=0.0000 proto_cos=nan supcon=0.0000 fishr=0.0012 sgc_res=0.0932
[LOSS-CAL]  ecc=0.0000 ecc_w=0.0000 ecc_tau=0.7536 ecc_maxp=nan
[TRAIN] tx=90.07% dom=82.94% cons_cos=0.8312
[GRAD]  total=2.814 backbone=1.000 aux=0.750 domain=0.438
[VAL]   tx=98.88% dom=93.20%
[TEST]  overall_tx=89.00% (181554/204000)
[TEST-SPLIT]
          unseen_day_seen_rx(days=['2021_03_15', '2021_03_23'], rxs=[0, 1, 2, 3, 4, 5, 6]): tx=92.74% (77900/84000)
          seen_day_unseen_rx(days=['2021_03_01', '2021_03_08'], rxs=[7, 8, 9, 10, 11]): tx=88.36% (53016/60000)
          unseen_day_unseen_rx(days=['2021_03_15', '2021_03_23'], rxs=[7, 8, 9, 10, 11]): tx=84.40% (50638/60000)
          day=2021_03_15 on seen_rxs=[0, 1, 2, 3, 4, 5, 6]: tx=94.56% (39717/42000)
          day=2021_03_23 on seen_rxs=[0, 1, 2, 3, 4, 5, 6]: tx=90.91% (38183/42000)
          rx=7 on seen_days=['2021_03_01', '2021_03_08']: tx=84.94% (10193/12000)
          rx=8 on seen_days=['2021_03_01', '2021_03_08']: tx=83.72% (10047/12000)
          rx=9 on seen_days=['2021_03_01', '2021_03_08']: tx=88.89% (10667/12000)
          rx=10 on seen_days=['2021_03_01', '2021_03_08']: tx=90.52% (10862/12000)
          rx=11 on seen_days=['2021_03_01', '2021_03_08']: tx=93.72% (11247/12000)
[BEST-JOINT]  val_tx=98.95% & test_tx=88.99% @ E020
[CKPT]  latest -> finalist_runs/E3_no_res_control/latest_model.pth (saved) | best -> finalist_runs/E3_no_res_control/best_model_val.pth
====================================================================================================================================
[SAT-TEST] scenario=clear_leo selected=test_unseen_day_unseen_rx overall_tx=43.73% strict_udu=43.73% (26236/60000)
[SAT-TEST] scenario=low_elev_leo selected=test_unseen_day_unseen_rx overall_tx=43.29% strict_udu=43.29% (25975/60000)
[SAT-TEST] scenario=rain_leo selected=test_unseen_day_unseen_rx overall_tx=41.27% strict_udu=41.27% (24759/60000)
[SAT-TEST] scenario=storm_mp selected=test_unseen_day_unseen_rx overall_tx=36.83% strict_udu=36.83% (22100/60000)
[SAT-TEST] scenario=mixed_orbit selected=test_unseen_day_unseen_rx overall_tx=39.22% strict_udu=39.22% (23529/60000)
[BEST-TEST] overall=90.76% @ E014 -> finalist_runs/E3_no_res_control/best_model_test_overall.pth | unseen_day_unseen_rx=86.69% @ E014 -> finalist_runs/E3_no_res_control/best_model_strict_udu.pth | unseen_day_seen_rx=93.81% @ E014 | seen_day_unseen_rx=90.57% @ E014
[BEST-PRIMARY] score=88.12 @ E014 -> finalist_runs/E3_no_res_control/best_model_primary_ood.pth | overall=90.76% strict_udu=86.69%
[BEST-WORST-RX] worst_rx=86.27% (test_rx_7) @ E010 -> finalist_runs/E3_no_res_control/best_model_worst_rx.pth
====================================================================================================================================
[Epoch 026/060] time=90.3s | lr=3.06e-05 | aux_scale=1.000
[STAGE] phase=S2_stabilize_aux | use_aux=1.0 cons=0.25 cls_aux=0.20 reg=0.39 joint_inv=0.17 kl=0.18 group_ce=0.73
[MIXSTYLE-EPOCH] phase=base enabled=1 p=0.150 strength=0.650 anneal_t=0.000
[AUG] scale=0.350 | p_dac=0.000 p_pa=0.049 p_shift=0.122 p_cfo=0.122 p_awgn=0.140 p_mp=0.063 | max_shift=11 cfo_max=0.00014 pn_max=0.0021
------------------------------------------------------------------------------------------------------------------------------------
[LOSS-CORE] total=4.1091 cls=1.6459 dom=0.5529 adv=2.6215 orth=0.0020 cons=0.1934 group_ce=2.7000
[LOSS-AUX]  cls_pa=1.5048 cls_dac=0.0000 pa_joint_inv=0.2016 pa_kl=1.3223 dac_reg=0.0000 pa_reg=0.0172 gap_dac=0.0000 gap_pa=0.1135 cos_joint_pa=0.7984 cos_imp_pa=nan
[LOSS-SAT]  cls_sat=9.4490 sat_cons=0.7262 sat_cos=0.2738
[LOSS-DG]   proto=0.0000 proto_cos=nan supcon=0.0000 fishr=0.0016 sgc_res=0.0973
[LOSS-CAL]  ecc=0.0000 ecc_w=0.0000 ecc_tau=0.7612 ecc_maxp=nan
[TRAIN] tx=86.66% dom=80.60% cons_cos=0.8066
[GRAD]  total=2.489 backbone=1.000 aux=0.750 domain=0.455
[VAL]   tx=98.91% dom=93.26%
[TEST]  overall_tx=89.26% (182082/204000)
[TEST-SPLIT]
          unseen_day_seen_rx(days=['2021_03_15', '2021_03_23'], rxs=[0, 1, 2, 3, 4, 5, 6]): tx=92.75% (77909/84000)
          seen_day_unseen_rx(days=['2021_03_01', '2021_03_08'], rxs=[7, 8, 9, 10, 11]): tx=88.79% (53276/60000)
          unseen_day_unseen_rx(days=['2021_03_15', '2021_03_23'], rxs=[7, 8, 9, 10, 11]): tx=84.83% (50897/60000)
          day=2021_03_15 on seen_rxs=[0, 1, 2, 3, 4, 5, 6]: tx=94.64% (39750/42000)
          day=2021_03_23 on seen_rxs=[0, 1, 2, 3, 4, 5, 6]: tx=90.85% (38159/42000)
          rx=7 on seen_days=['2021_03_01', '2021_03_08']: tx=84.80% (10176/12000)
          rx=8 on seen_days=['2021_03_01', '2021_03_08']: tx=84.58% (10150/12000)
          rx=9 on seen_days=['2021_03_01', '2021_03_08']: tx=89.33% (10720/12000)
          rx=10 on seen_days=['2021_03_01', '2021_03_08']: tx=90.12% (10815/12000)
          rx=11 on seen_days=['2021_03_01', '2021_03_08']: tx=95.12% (11415/12000)
[BEST-JOINT]  val_tx=98.95% & test_tx=88.99% @ E020
[CKPT]  latest -> finalist_runs/E3_no_res_control/latest_model.pth (saved) | best -> finalist_runs/E3_no_res_control/best_model_val.pth
====================================================================================================================================
[SAT-TEST] scenario=clear_leo selected=test_unseen_day_unseen_rx overall_tx=43.32% strict_udu=43.32% (25990/60000)
[SAT-TEST] scenario=low_elev_leo selected=test_unseen_day_unseen_rx overall_tx=42.80% strict_udu=42.80% (25677/60000)
[SAT-TEST] scenario=rain_leo selected=test_unseen_day_unseen_rx overall_tx=41.01% strict_udu=41.01% (24607/60000)
[SAT-TEST] scenario=storm_mp selected=test_unseen_day_unseen_rx overall_tx=36.66% strict_udu=36.66% (21995/60000)
[SAT-TEST] scenario=mixed_orbit selected=test_unseen_day_unseen_rx overall_tx=39.20% strict_udu=39.20% (23518/60000)
[BEST-TEST] overall=90.76% @ E014 -> finalist_runs/E3_no_res_control/best_model_test_overall.pth | unseen_day_unseen_rx=86.69% @ E014 -> finalist_runs/E3_no_res_control/best_model_strict_udu.pth | unseen_day_seen_rx=93.81% @ E014 | seen_day_unseen_rx=90.57% @ E014
[BEST-PRIMARY] score=88.12 @ E014 -> finalist_runs/E3_no_res_control/best_model_primary_ood.pth | overall=90.76% strict_udu=86.69%
[BEST-WORST-RX] worst_rx=86.27% (test_rx_7) @ E010 -> finalist_runs/E3_no_res_control/best_model_worst_rx.pth
====================================================================================================================================
[Epoch 027/060] time=90.2s | lr=2.93e-05 | aux_scale=1.000
[STAGE] phase=S2_stabilize_aux | use_aux=1.0 cons=0.26 cls_aux=0.21 reg=0.40 joint_inv=0.17 kl=0.19 group_ce=0.73
[MIXSTYLE-EPOCH] phase=base enabled=1 p=0.150 strength=0.650 anneal_t=0.000
[AUG] scale=0.350 | p_dac=0.000 p_pa=0.049 p_shift=0.122 p_cfo=0.122 p_awgn=0.140 p_mp=0.063 | max_shift=11 cfo_max=0.00014 pn_max=0.0021
------------------------------------------------------------------------------------------------------------------------------------
[LOSS-CORE] total=3.5909 cls=1.2260 dom=0.4767 adv=2.6175 orth=0.0023 cons=0.1834 group_ce=2.1940
[LOSS-AUX]  cls_pa=1.5710 cls_dac=0.0000 pa_joint_inv=0.2042 pa_kl=1.3835 dac_reg=0.0000 pa_reg=0.0172 gap_dac=0.0000 gap_pa=0.1134 cos_joint_pa=0.7958 cos_imp_pa=nan
[LOSS-SAT]  cls_sat=9.4859 sat_cons=0.7406 sat_cos=0.2594
[LOSS-DG]   proto=0.0000 proto_cos=nan supcon=0.0000 fishr=0.0013 sgc_res=0.0906
[LOSS-CAL]  ecc=0.0000 ecc_w=0.0000 ecc_tau=0.7688 ecc_maxp=nan
[TRAIN] tx=90.06% dom=83.13% cons_cos=0.8166
[GRAD]  total=2.768 backbone=1.000 aux=0.750 domain=0.433
[VAL]   tx=98.82% dom=93.42%
[TEST]  overall_tx=88.85% (181247/204000)
[TEST-SPLIT]
          unseen_day_seen_rx(days=['2021_03_15', '2021_03_23'], rxs=[0, 1, 2, 3, 4, 5, 6]): tx=92.78% (77931/84000)
          seen_day_unseen_rx(days=['2021_03_01', '2021_03_08'], rxs=[7, 8, 9, 10, 11]): tx=88.20% (52919/60000)
          unseen_day_unseen_rx(days=['2021_03_15', '2021_03_23'], rxs=[7, 8, 9, 10, 11]): tx=84.00% (50397/60000)
          day=2021_03_15 on seen_rxs=[0, 1, 2, 3, 4, 5, 6]: tx=95.05% (39920/42000)
          day=2021_03_23 on seen_rxs=[0, 1, 2, 3, 4, 5, 6]: tx=90.50% (38011/42000)
          rx=7 on seen_days=['2021_03_01', '2021_03_08']: tx=83.68% (10042/12000)
          rx=8 on seen_days=['2021_03_01', '2021_03_08']: tx=84.19% (10103/12000)
          rx=9 on seen_days=['2021_03_01', '2021_03_08']: tx=88.74% (10649/12000)
          rx=10 on seen_days=['2021_03_01', '2021_03_08']: tx=91.02% (10922/12000)
          rx=11 on seen_days=['2021_03_01', '2021_03_08']: tx=93.36% (11203/12000)
[BEST-JOINT]  val_tx=98.95% & test_tx=88.99% @ E020
[CKPT]  latest -> finalist_runs/E3_no_res_control/latest_model.pth (saved) | best -> finalist_runs/E3_no_res_control/best_model_val.pth
====================================================================================================================================
[SAT-TEST] scenario=clear_leo selected=test_unseen_day_unseen_rx overall_tx=43.85% strict_udu=43.85% (26309/60000)
[SAT-TEST] scenario=low_elev_leo selected=test_unseen_day_unseen_rx overall_tx=43.87% strict_udu=43.87% (26323/60000)
[SAT-TEST] scenario=rain_leo selected=test_unseen_day_unseen_rx overall_tx=41.51% strict_udu=41.51% (24906/60000)
[SAT-TEST] scenario=storm_mp selected=test_unseen_day_unseen_rx overall_tx=36.80% strict_udu=36.80% (22083/60000)
[SAT-TEST] scenario=mixed_orbit selected=test_unseen_day_unseen_rx overall_tx=39.22% strict_udu=39.22% (23530/60000)
[BEST-TEST] overall=90.76% @ E014 -> finalist_runs/E3_no_res_control/best_model_test_overall.pth | unseen_day_unseen_rx=86.69% @ E014 -> finalist_runs/E3_no_res_control/best_model_strict_udu.pth | unseen_day_seen_rx=93.81% @ E014 | seen_day_unseen_rx=90.57% @ E014
[BEST-PRIMARY] score=88.12 @ E014 -> finalist_runs/E3_no_res_control/best_model_primary_ood.pth | overall=90.76% strict_udu=86.69%
[BEST-WORST-RX] worst_rx=86.27% (test_rx_7) @ E010 -> finalist_runs/E3_no_res_control/best_model_worst_rx.pth
====================================================================================================================================
[Epoch 028/060] time=90.3s | lr=2.81e-05 | aux_scale=1.000
[STAGE] phase=S2_stabilize_aux | use_aux=1.0 cons=0.27 cls_aux=0.22 reg=0.40 joint_inv=0.17 kl=0.19 group_ce=0.74
[MIXSTYLE-EPOCH] phase=base enabled=1 p=0.150 strength=0.650 anneal_t=0.000
[AUG] scale=0.350 | p_dac=0.000 p_pa=0.049 p_shift=0.122 p_cfo=0.122 p_awgn=0.140 p_mp=0.063 | max_shift=11 cfo_max=0.00014 pn_max=0.0021
------------------------------------------------------------------------------------------------------------------------------------
[LOSS-CORE] total=3.8495 cls=1.3990 dom=0.5295 adv=2.6161 orth=0.0021 cons=0.1861 group_ce=2.4739
[LOSS-AUX]  cls_pa=1.5967 cls_dac=0.0000 pa_joint_inv=0.2050 pa_kl=1.4093 dac_reg=0.0000 pa_reg=0.0170 gap_dac=0.0000 gap_pa=0.1132 cos_joint_pa=0.7950 cos_imp_pa=nan
[LOSS-SAT]  cls_sat=9.4934 sat_cons=0.7444 sat_cos=0.2556
[LOSS-DG]   proto=0.0000 proto_cos=nan supcon=0.0000 fishr=0.0014 sgc_res=0.0973
[LOSS-CAL]  ecc=0.0000 ecc_w=0.0000 ecc_tau=0.7765 ecc_maxp=nan
[TRAIN] tx=88.88% dom=81.54% cons_cos=0.8139
[GRAD]  total=2.262 backbone=1.000 aux=0.750 domain=0.450
[VAL]   tx=98.77% dom=93.41%
[TEST]  overall_tx=88.94% (181429/204000)
[TEST-SPLIT]
          unseen_day_seen_rx(days=['2021_03_15', '2021_03_23'], rxs=[0, 1, 2, 3, 4, 5, 6]): tx=92.88% (78023/84000)
          seen_day_unseen_rx(days=['2021_03_01', '2021_03_08'], rxs=[7, 8, 9, 10, 11]): tx=87.89% (52736/60000)
          unseen_day_unseen_rx(days=['2021_03_15', '2021_03_23'], rxs=[7, 8, 9, 10, 11]): tx=84.45% (50670/60000)
          day=2021_03_15 on seen_rxs=[0, 1, 2, 3, 4, 5, 6]: tx=94.98% (39891/42000)
          day=2021_03_23 on seen_rxs=[0, 1, 2, 3, 4, 5, 6]: tx=90.79% (38132/42000)
          rx=7 on seen_days=['2021_03_01', '2021_03_08']: tx=83.49% (10019/12000)
          rx=8 on seen_days=['2021_03_01', '2021_03_08']: tx=84.01% (10081/12000)
          rx=9 on seen_days=['2021_03_01', '2021_03_08']: tx=88.17% (10581/12000)
          rx=10 on seen_days=['2021_03_01', '2021_03_08']: tx=90.32% (10838/12000)
          rx=11 on seen_days=['2021_03_01', '2021_03_08']: tx=93.47% (11217/12000)
[BEST-JOINT]  val_tx=98.95% & test_tx=88.99% @ E020
[CKPT]  latest -> finalist_runs/E3_no_res_control/latest_model.pth (saved) | best -> finalist_runs/E3_no_res_control/best_model_val.pth
====================================================================================================================================
[SAT-TEST] scenario=clear_leo selected=test_unseen_day_unseen_rx overall_tx=43.88% strict_udu=43.88% (26327/60000)
[SAT-TEST] scenario=low_elev_leo selected=test_unseen_day_unseen_rx overall_tx=43.48% strict_udu=43.48% (26091/60000)
[SAT-TEST] scenario=rain_leo selected=test_unseen_day_unseen_rx overall_tx=41.21% strict_udu=41.21% (24725/60000)
[SAT-TEST] scenario=storm_mp selected=test_unseen_day_unseen_rx overall_tx=36.90% strict_udu=36.90% (22140/60000)
[SAT-TEST] scenario=mixed_orbit selected=test_unseen_day_unseen_rx overall_tx=39.36% strict_udu=39.36% (23617/60000)
[BEST-TEST] overall=90.76% @ E014 -> finalist_runs/E3_no_res_control/best_model_test_overall.pth | unseen_day_unseen_rx=86.69% @ E014 -> finalist_runs/E3_no_res_control/best_model_strict_udu.pth | unseen_day_seen_rx=93.81% @ E014 | seen_day_unseen_rx=90.57% @ E014
[BEST-PRIMARY] score=88.12 @ E014 -> finalist_runs/E3_no_res_control/best_model_primary_ood.pth | overall=90.76% strict_udu=86.69%
[BEST-WORST-RX] worst_rx=86.27% (test_rx_7) @ E010 -> finalist_runs/E3_no_res_control/best_model_worst_rx.pth
====================================================================================================================================
[Epoch 029/060] time=90.1s | lr=2.68e-05 | aux_scale=1.000
[STAGE] phase=S2_stabilize_aux | use_aux=1.0 cons=0.28 cls_aux=0.23 reg=0.41 joint_inv=0.18 kl=0.20 group_ce=0.74
[MIXSTYLE-EPOCH] phase=base enabled=1 p=0.150 strength=0.650 anneal_t=0.000
[AUG] scale=0.350 | p_dac=0.000 p_pa=0.049 p_shift=0.122 p_cfo=0.122 p_awgn=0.140 p_mp=0.063 | max_shift=11 cfo_max=0.00014 pn_max=0.0021
------------------------------------------------------------------------------------------------------------------------------------
[LOSS-CORE] total=3.6734 cls=1.3012 dom=0.4619 adv=2.6184 orth=0.0023 cons=0.1806 group_ce=2.3309
[LOSS-AUX]  cls_pa=1.5072 cls_dac=0.0000 pa_joint_inv=0.2000 pa_kl=1.3183 dac_reg=0.0000 pa_reg=0.0170 gap_dac=0.0000 gap_pa=0.1125 cos_joint_pa=0.8000 cos_imp_pa=nan
[LOSS-SAT]  cls_sat=9.4010 sat_cons=0.7367 sat_cos=0.2633
[LOSS-DG]   proto=0.0000 proto_cos=nan supcon=0.0000 fishr=0.0013 sgc_res=0.0912
[LOSS-CAL]  ecc=0.0000 ecc_w=0.0000 ecc_tau=0.7843 ecc_maxp=nan
[TRAIN] tx=89.68% dom=82.76% cons_cos=0.8194
[GRAD]  total=2.812 backbone=1.000 aux=0.750 domain=0.452
[VAL]   tx=98.84% dom=93.51%
[TEST]  overall_tx=89.19% (181944/204000)
[TEST-SPLIT]
          unseen_day_seen_rx(days=['2021_03_15', '2021_03_23'], rxs=[0, 1, 2, 3, 4, 5, 6]): tx=93.06% (78172/84000)
          seen_day_unseen_rx(days=['2021_03_01', '2021_03_08'], rxs=[7, 8, 9, 10, 11]): tx=88.49% (53094/60000)
          unseen_day_unseen_rx(days=['2021_03_15', '2021_03_23'], rxs=[7, 8, 9, 10, 11]): tx=84.46% (50678/60000)
          day=2021_03_15 on seen_rxs=[0, 1, 2, 3, 4, 5, 6]: tx=94.57% (39721/42000)
          day=2021_03_23 on seen_rxs=[0, 1, 2, 3, 4, 5, 6]: tx=91.55% (38451/42000)
          rx=7 on seen_days=['2021_03_01', '2021_03_08']: tx=84.12% (10094/12000)
          rx=8 on seen_days=['2021_03_01', '2021_03_08']: tx=83.47% (10017/12000)
          rx=9 on seen_days=['2021_03_01', '2021_03_08']: tx=88.81% (10657/12000)
          rx=10 on seen_days=['2021_03_01', '2021_03_08']: tx=91.50% (10980/12000)
          rx=11 on seen_days=['2021_03_01', '2021_03_08']: tx=94.55% (11346/12000)
[BEST-JOINT]  val_tx=98.95% & test_tx=88.99% @ E020
[CKPT]  latest -> finalist_runs/E3_no_res_control/latest_model.pth (saved) | best -> finalist_runs/E3_no_res_control/best_model_val.pth
====================================================================================================================================
[SAT-TEST] scenario=clear_leo selected=test_unseen_day_unseen_rx overall_tx=43.17% strict_udu=43.17% (25905/60000)
[SAT-TEST] scenario=low_elev_leo selected=test_unseen_day_unseen_rx overall_tx=42.50% strict_udu=42.50% (25501/60000)
[SAT-TEST] scenario=rain_leo selected=test_unseen_day_unseen_rx overall_tx=40.72% strict_udu=40.72% (24433/60000)
[SAT-TEST] scenario=storm_mp selected=test_unseen_day_unseen_rx overall_tx=36.62% strict_udu=36.62% (21972/60000)
[SAT-TEST] scenario=mixed_orbit selected=test_unseen_day_unseen_rx overall_tx=39.15% strict_udu=39.15% (23489/60000)
[BEST-TEST] overall=90.76% @ E014 -> finalist_runs/E3_no_res_control/best_model_test_overall.pth | unseen_day_unseen_rx=86.69% @ E014 -> finalist_runs/E3_no_res_control/best_model_strict_udu.pth | unseen_day_seen_rx=93.81% @ E014 | seen_day_unseen_rx=90.57% @ E014
[BEST-PRIMARY] score=88.12 @ E014 -> finalist_runs/E3_no_res_control/best_model_primary_ood.pth | overall=90.76% strict_udu=86.69%
[BEST-WORST-RX] worst_rx=86.27% (test_rx_7) @ E010 -> finalist_runs/E3_no_res_control/best_model_worst_rx.pth
====================================================================================================================================
[Epoch 030/060] time=90.8s | lr=2.55e-05 | aux_scale=1.000
[STAGE] phase=S2_stabilize_aux | use_aux=1.0 cons=0.29 cls_aux=0.24 reg=0.42 joint_inv=0.18 kl=0.21 group_ce=0.75
[MIXSTYLE-EPOCH] phase=base enabled=1 p=0.150 strength=0.650 anneal_t=0.000
[AUG] scale=0.350 | p_dac=0.000 p_pa=0.049 p_shift=0.122 p_cfo=0.122 p_awgn=0.140 p_mp=0.063 | max_shift=11 cfo_max=0.00014 pn_max=0.0021
------------------------------------------------------------------------------------------------------------------------------------
[LOSS-CORE] total=3.7429 cls=1.3256 dom=0.4864 adv=2.6179 orth=0.0021 cons=0.1794 group_ce=2.2838
[LOSS-AUX]  cls_pa=1.5349 cls_dac=0.0000 pa_joint_inv=0.2005 pa_kl=1.3454 dac_reg=0.0000 pa_reg=0.0171 gap_dac=0.0000 gap_pa=0.1127 cos_joint_pa=0.7995 cos_imp_pa=nan
[LOSS-SAT]  cls_sat=9.5366 sat_cons=0.7415 sat_cos=0.2585
[LOSS-DG]   proto=0.0000 proto_cos=nan supcon=0.0000 fishr=0.0013 sgc_res=0.0937
[LOSS-CAL]  ecc=0.0000 ecc_w=0.0000 ecc_tau=0.7921 ecc_maxp=nan
[TRAIN] tx=89.31% dom=82.29% cons_cos=0.8206
[GRAD]  total=2.380 backbone=1.000 aux=0.750 domain=0.449
[VAL]   tx=98.91% dom=93.46%
[TEST]  overall_tx=90.07% (183752/204000)
[TEST-SPLIT]
          unseen_day_seen_rx(days=['2021_03_15', '2021_03_23'], rxs=[0, 1, 2, 3, 4, 5, 6]): tx=93.80% (78788/84000)
          seen_day_unseen_rx(days=['2021_03_01', '2021_03_08'], rxs=[7, 8, 9, 10, 11]): tx=89.71% (53824/60000)
          unseen_day_unseen_rx(days=['2021_03_15', '2021_03_23'], rxs=[7, 8, 9, 10, 11]): tx=85.23% (51140/60000)
          day=2021_03_15 on seen_rxs=[0, 1, 2, 3, 4, 5, 6]: tx=95.91% (40282/42000)
          day=2021_03_23 on seen_rxs=[0, 1, 2, 3, 4, 5, 6]: tx=91.68% (38506/42000)
          rx=7 on seen_days=['2021_03_01', '2021_03_08']: tx=86.59% (10391/12000)
          rx=8 on seen_days=['2021_03_01', '2021_03_08']: tx=84.24% (10109/12000)
          rx=9 on seen_days=['2021_03_01', '2021_03_08']: tx=90.04% (10805/12000)
          rx=10 on seen_days=['2021_03_01', '2021_03_08']: tx=92.09% (11051/12000)
          rx=11 on seen_days=['2021_03_01', '2021_03_08']: tx=95.57% (11468/12000)
[BEST-JOINT]  val_tx=98.95% & test_tx=88.99% @ E020
[CKPT]  latest -> finalist_runs/E3_no_res_control/latest_model.pth (saved) | best -> finalist_runs/E3_no_res_control/best_model_val.pth
====================================================================================================================================
[SAT-TEST] scenario=clear_leo selected=test_unseen_day_unseen_rx overall_tx=44.06% strict_udu=44.06% (26436/60000)
[SAT-TEST] scenario=low_elev_leo selected=test_unseen_day_unseen_rx overall_tx=43.27% strict_udu=43.27% (25962/60000)
[SAT-TEST] scenario=rain_leo selected=test_unseen_day_unseen_rx overall_tx=41.42% strict_udu=41.42% (24855/60000)
[SAT-TEST] scenario=storm_mp selected=test_unseen_day_unseen_rx overall_tx=36.98% strict_udu=36.98% (22188/60000)
[SAT-TEST] scenario=mixed_orbit selected=test_unseen_day_unseen_rx overall_tx=39.52% strict_udu=39.52% (23712/60000)
[BEST-TEST] overall=90.76% @ E014 -> finalist_runs/E3_no_res_control/best_model_test_overall.pth | unseen_day_unseen_rx=86.69% @ E014 -> finalist_runs/E3_no_res_control/best_model_strict_udu.pth | unseen_day_seen_rx=93.81% @ E014 | seen_day_unseen_rx=90.57% @ E014
[BEST-PRIMARY] score=88.12 @ E014 -> finalist_runs/E3_no_res_control/best_model_primary_ood.pth | overall=90.76% strict_udu=86.69%
[BEST-WORST-RX] worst_rx=86.27% (test_rx_7) @ E010 -> finalist_runs/E3_no_res_control/best_model_worst_rx.pth
[WARN][E031] unsafe backward/step skipped #7
====================================================================================================================================
[Epoch 031/060] time=90.6s | lr=2.42e-05 | aux_scale=1.000
[STAGE] phase=S2_stabilize_aux | use_aux=1.0 cons=0.30 cls_aux=0.25 reg=0.43 joint_inv=0.19 kl=0.21 group_ce=0.75
[MIXSTYLE-EPOCH] phase=base enabled=1 p=0.150 strength=0.650 anneal_t=0.000
[AUG] scale=0.350 | p_dac=0.000 p_pa=0.049 p_shift=0.122 p_cfo=0.122 p_awgn=0.140 p_mp=0.063 | max_shift=11 cfo_max=0.00014 pn_max=0.0021
------------------------------------------------------------------------------------------------------------------------------------
[LOSS-CORE] total=4.3105 cls=1.7362 dom=0.5929 adv=2.6211 orth=0.0019 cons=0.2019 group_ce=2.8701
[LOSS-AUX]  cls_pa=1.5159 cls_dac=0.0000 pa_joint_inv=0.1990 pa_kl=1.3265 dac_reg=0.0000 pa_reg=0.0173 gap_dac=0.0000 gap_pa=0.1140 cos_joint_pa=0.8010 cos_imp_pa=nan
[LOSS-SAT]  cls_sat=9.4582 sat_cons=0.7303 sat_cos=0.2697
[LOSS-DG]   proto=0.0000 proto_cos=nan supcon=0.0000 fishr=0.0017 sgc_res=0.0951
[LOSS-CAL]  ecc=0.0000 ecc_w=0.0000 ecc_tau=0.8000 ecc_maxp=nan
[TRAIN] tx=86.03% dom=78.88% cons_cos=0.7989
[GRAD]  total=2.360 backbone=1.000 aux=0.750 domain=0.459
[VAL]   tx=98.71% dom=93.42%
[TEST]  overall_tx=88.99% (181542/204000)
[TEST-SPLIT]
          unseen_day_seen_rx(days=['2021_03_15', '2021_03_23'], rxs=[0, 1, 2, 3, 4, 5, 6]): tx=93.11% (78215/84000)
          seen_day_unseen_rx(days=['2021_03_01', '2021_03_08'], rxs=[7, 8, 9, 10, 11]): tx=87.96% (52774/60000)
          unseen_day_unseen_rx(days=['2021_03_15', '2021_03_23'], rxs=[7, 8, 9, 10, 11]): tx=84.25% (50553/60000)
          day=2021_03_15 on seen_rxs=[0, 1, 2, 3, 4, 5, 6]: tx=95.41% (40071/42000)
          day=2021_03_23 on seen_rxs=[0, 1, 2, 3, 4, 5, 6]: tx=90.82% (38144/42000)
          rx=7 on seen_days=['2021_03_01', '2021_03_08']: tx=84.40% (10128/12000)
          rx=8 on seen_days=['2021_03_01', '2021_03_08']: tx=82.62% (9915/12000)
          rx=9 on seen_days=['2021_03_01', '2021_03_08']: tx=87.86% (10543/12000)
          rx=10 on seen_days=['2021_03_01', '2021_03_08']: tx=91.53% (10983/12000)
          rx=11 on seen_days=['2021_03_01', '2021_03_08']: tx=93.38% (11205/12000)
[BEST-JOINT]  val_tx=98.95% & test_tx=88.99% @ E020
[CKPT]  latest -> finalist_runs/E3_no_res_control/latest_model.pth (saved) | best -> finalist_runs/E3_no_res_control/best_model_val.pth
====================================================================================================================================
[SAT-TEST] scenario=clear_leo selected=test_unseen_day_unseen_rx overall_tx=43.95% strict_udu=43.95% (26372/60000)
[SAT-TEST] scenario=low_elev_leo selected=test_unseen_day_unseen_rx overall_tx=43.56% strict_udu=43.56% (26135/60000)
[SAT-TEST] scenario=rain_leo selected=test_unseen_day_unseen_rx overall_tx=41.38% strict_udu=41.38% (24829/60000)
[SAT-TEST] scenario=storm_mp selected=test_unseen_day_unseen_rx overall_tx=36.97% strict_udu=36.97% (22182/60000)
[SAT-TEST] scenario=mixed_orbit selected=test_unseen_day_unseen_rx overall_tx=39.50% strict_udu=39.50% (23700/60000)
[BEST-TEST] overall=90.76% @ E014 -> finalist_runs/E3_no_res_control/best_model_test_overall.pth | unseen_day_unseen_rx=86.69% @ E014 -> finalist_runs/E3_no_res_control/best_model_strict_udu.pth | unseen_day_seen_rx=93.81% @ E014 | seen_day_unseen_rx=90.57% @ E014
[BEST-PRIMARY] score=88.12 @ E014 -> finalist_runs/E3_no_res_control/best_model_primary_ood.pth | overall=90.76% strict_udu=86.69%
[BEST-WORST-RX] worst_rx=86.27% (test_rx_7) @ E010 -> finalist_runs/E3_no_res_control/best_model_worst_rx.pth
====================================================================================================================================
[Epoch 032/060] time=89.7s | lr=2.29e-05 | aux_scale=1.000
[STAGE] phase=S2_stabilize_aux | use_aux=1.0 cons=0.31 cls_aux=0.26 reg=0.44 joint_inv=0.19 kl=0.22 group_ce=0.76
[MIXSTYLE-EPOCH] phase=base enabled=1 p=0.150 strength=0.650 anneal_t=0.000
[AUG] scale=0.350 | p_dac=0.000 p_pa=0.049 p_shift=0.122 p_cfo=0.122 p_awgn=0.140 p_mp=0.063 | max_shift=11 cfo_max=0.00014 pn_max=0.0021
------------------------------------------------------------------------------------------------------------------------------------
[LOSS-CORE] total=3.7741 cls=1.3300 dom=0.4824 adv=2.6180 orth=0.0019 cons=0.1831 group_ce=2.3823
[LOSS-AUX]  cls_pa=1.4452 cls_dac=0.0000 pa_joint_inv=0.1948 pa_kl=1.2547 dac_reg=0.0000 pa_reg=0.0171 gap_dac=0.0000 gap_pa=0.1127 cos_joint_pa=0.8052 cos_imp_pa=nan
[LOSS-SAT]  cls_sat=9.5708 sat_cons=0.7421 sat_cos=0.2579
[LOSS-DG]   proto=0.0000 proto_cos=nan supcon=0.0000 fishr=0.0014 sgc_res=0.0929
[LOSS-CAL]  ecc=0.0000 ecc_w=0.0000 ecc_tau=0.8079 ecc_maxp=nan
[TRAIN] tx=89.11% dom=82.17% cons_cos=0.8169
[GRAD]  total=2.426 backbone=1.000 aux=0.750 domain=0.457
[VAL]   tx=98.90% dom=93.47%
[TEST]  overall_tx=89.42% (182415/204000)
[TEST-SPLIT]
          unseen_day_seen_rx(days=['2021_03_15', '2021_03_23'], rxs=[0, 1, 2, 3, 4, 5, 6]): tx=93.12% (78225/84000)
          seen_day_unseen_rx(days=['2021_03_01', '2021_03_08'], rxs=[7, 8, 9, 10, 11]): tx=89.03% (53419/60000)
          unseen_day_unseen_rx(days=['2021_03_15', '2021_03_23'], rxs=[7, 8, 9, 10, 11]): tx=84.62% (50771/60000)
          day=2021_03_15 on seen_rxs=[0, 1, 2, 3, 4, 5, 6]: tx=94.81% (39819/42000)
          day=2021_03_23 on seen_rxs=[0, 1, 2, 3, 4, 5, 6]: tx=91.44% (38406/42000)
          rx=7 on seen_days=['2021_03_01', '2021_03_08']: tx=85.83% (10299/12000)
          rx=8 on seen_days=['2021_03_01', '2021_03_08']: tx=83.83% (10060/12000)
          rx=9 on seen_days=['2021_03_01', '2021_03_08']: tx=89.22% (10707/12000)
          rx=10 on seen_days=['2021_03_01', '2021_03_08']: tx=91.22% (10947/12000)
          rx=11 on seen_days=['2021_03_01', '2021_03_08']: tx=95.05% (11406/12000)
[BEST-JOINT]  val_tx=98.95% & test_tx=88.99% @ E020
[CKPT]  latest -> finalist_runs/E3_no_res_control/latest_model.pth (saved) | best -> finalist_runs/E3_no_res_control/best_model_val.pth
====================================================================================================================================
[SAT-TEST] scenario=clear_leo selected=test_unseen_day_unseen_rx overall_tx=42.87% strict_udu=42.87% (25721/60000)
[SAT-TEST] scenario=low_elev_leo selected=test_unseen_day_unseen_rx overall_tx=41.82% strict_udu=41.82% (25093/60000)
[SAT-TEST] scenario=rain_leo selected=test_unseen_day_unseen_rx overall_tx=39.95% strict_udu=39.95% (23971/60000)
[SAT-TEST] scenario=storm_mp selected=test_unseen_day_unseen_rx overall_tx=36.59% strict_udu=36.59% (21951/60000)
[SAT-TEST] scenario=mixed_orbit selected=test_unseen_day_unseen_rx overall_tx=39.15% strict_udu=39.15% (23487/60000)
[BEST-TEST] overall=90.76% @ E014 -> finalist_runs/E3_no_res_control/best_model_test_overall.pth | unseen_day_unseen_rx=86.69% @ E014 -> finalist_runs/E3_no_res_control/best_model_strict_udu.pth | unseen_day_seen_rx=93.81% @ E014 | seen_day_unseen_rx=90.57% @ E014
[BEST-PRIMARY] score=88.12 @ E014 -> finalist_runs/E3_no_res_control/best_model_primary_ood.pth | overall=90.76% strict_udu=86.69%
[BEST-WORST-RX] worst_rx=86.27% (test_rx_7) @ E010 -> finalist_runs/E3_no_res_control/best_model_worst_rx.pth
====================================================================================================================================
[Epoch 033/060] time=90.8s | lr=2.17e-05 | aux_scale=1.000
[STAGE] phase=S2_stabilize_aux | use_aux=1.0 cons=0.32 cls_aux=0.27 reg=0.45 joint_inv=0.19 kl=0.23 group_ce=0.77
[MIXSTYLE-EPOCH] phase=base enabled=1 p=0.150 strength=0.650 anneal_t=0.000
[AUG] scale=0.350 | p_dac=0.000 p_pa=0.049 p_shift=0.122 p_cfo=0.122 p_awgn=0.140 p_mp=0.063 | max_shift=11 cfo_max=0.00014 pn_max=0.0021
------------------------------------------------------------------------------------------------------------------------------------
[LOSS-CORE] total=3.6925 cls=1.2531 dom=0.4853 adv=2.6205 orth=0.0021 cons=0.1748 group_ce=2.1056
[LOSS-AUX]  cls_pa=1.4860 cls_dac=0.0000 pa_joint_inv=0.1990 pa_kl=1.2994 dac_reg=0.0000 pa_reg=0.0172 gap_dac=0.0000 gap_pa=0.1127 cos_joint_pa=0.8010 cos_imp_pa=nan
[LOSS-SAT]  cls_sat=9.5328 sat_cons=0.7411 sat_cos=0.2589
[LOSS-DG]   proto=0.0000 proto_cos=nan supcon=0.0000 fishr=0.0012 sgc_res=0.0928
[LOSS-CAL]  ecc=0.0000 ecc_w=0.0000 ecc_tau=0.8157 ecc_maxp=nan
[TRAIN] tx=89.87% dom=82.58% cons_cos=0.8252
[GRAD]  total=2.360 backbone=1.000 aux=0.750 domain=0.447
[VAL]   tx=98.87% dom=93.50%
[TEST]  overall_tx=89.75% (183097/204000)
[TEST-SPLIT]
          unseen_day_seen_rx(days=['2021_03_15', '2021_03_23'], rxs=[0, 1, 2, 3, 4, 5, 6]): tx=93.22% (78304/84000)
          seen_day_unseen_rx(days=['2021_03_01', '2021_03_08'], rxs=[7, 8, 9, 10, 11]): tx=89.35% (53609/60000)
          unseen_day_unseen_rx(days=['2021_03_15', '2021_03_23'], rxs=[7, 8, 9, 10, 11]): tx=85.31% (51184/60000)
          day=2021_03_15 on seen_rxs=[0, 1, 2, 3, 4, 5, 6]: tx=95.73% (40207/42000)
          day=2021_03_23 on seen_rxs=[0, 1, 2, 3, 4, 5, 6]: tx=90.71% (38097/42000)
          rx=7 on seen_days=['2021_03_01', '2021_03_08']: tx=85.78% (10294/12000)
          rx=8 on seen_days=['2021_03_01', '2021_03_08']: tx=84.70% (10164/12000)
          rx=9 on seen_days=['2021_03_01', '2021_03_08']: tx=90.00% (10800/12000)
          rx=10 on seen_days=['2021_03_01', '2021_03_08']: tx=90.70% (10884/12000)
          rx=11 on seen_days=['2021_03_01', '2021_03_08']: tx=95.56% (11467/12000)
[BEST-JOINT]  val_tx=98.95% & test_tx=88.99% @ E020
[CKPT]  latest -> finalist_runs/E3_no_res_control/latest_model.pth (saved) | best -> finalist_runs/E3_no_res_control/best_model_val.pth
====================================================================================================================================
[SAT-TEST] scenario=clear_leo selected=test_unseen_day_unseen_rx overall_tx=44.41% strict_udu=44.41% (26644/60000)
[SAT-TEST] scenario=low_elev_leo selected=test_unseen_day_unseen_rx overall_tx=43.72% strict_udu=43.72% (26234/60000)
[SAT-TEST] scenario=rain_leo selected=test_unseen_day_unseen_rx overall_tx=41.68% strict_udu=41.68% (25007/60000)
[SAT-TEST] scenario=storm_mp selected=test_unseen_day_unseen_rx overall_tx=37.29% strict_udu=37.29% (22373/60000)
[SAT-TEST] scenario=mixed_orbit selected=test_unseen_day_unseen_rx overall_tx=40.12% strict_udu=40.12% (24073/60000)
[BEST-TEST] overall=90.76% @ E014 -> finalist_runs/E3_no_res_control/best_model_test_overall.pth | unseen_day_unseen_rx=86.69% @ E014 -> finalist_runs/E3_no_res_control/best_model_strict_udu.pth | unseen_day_seen_rx=93.81% @ E014 | seen_day_unseen_rx=90.57% @ E014
[BEST-PRIMARY] score=88.12 @ E014 -> finalist_runs/E3_no_res_control/best_model_primary_ood.pth | overall=90.76% strict_udu=86.69%
[BEST-WORST-RX] worst_rx=86.27% (test_rx_7) @ E010 -> finalist_runs/E3_no_res_control/best_model_worst_rx.pth
====================================================================================================================================
[Epoch 034/060] time=91.7s | lr=2.04e-05 | aux_scale=1.000
[STAGE] phase=S2_stabilize_aux | use_aux=1.0 cons=0.34 cls_aux=0.29 reg=0.46 joint_inv=0.20 kl=0.24 group_ce=0.77
[MIXSTYLE-EPOCH] phase=base enabled=1 p=0.150 strength=0.650 anneal_t=0.000
[AUG] scale=0.350 | p_dac=0.000 p_pa=0.049 p_shift=0.122 p_cfo=0.122 p_awgn=0.140 p_mp=0.063 | max_shift=11 cfo_max=0.00014 pn_max=0.0021
------------------------------------------------------------------------------------------------------------------------------------
[LOSS-CORE] total=3.7606 cls=1.3144 dom=0.4736 adv=2.6186 orth=0.0021 cons=0.1839 group_ce=2.2773
[LOSS-AUX]  cls_pa=1.4655 cls_dac=0.0000 pa_joint_inv=0.1984 pa_kl=1.2726 dac_reg=0.0000 pa_reg=0.0169 gap_dac=0.0000 gap_pa=0.1133 cos_joint_pa=0.8016 cos_imp_pa=nan
[LOSS-SAT]  cls_sat=9.4415 sat_cons=0.7413 sat_cos=0.2587
[LOSS-DG]   proto=0.0000 proto_cos=nan supcon=0.0000 fishr=0.0013 sgc_res=0.1010
[LOSS-CAL]  ecc=0.0000 ecc_w=0.0000 ecc_tau=0.8235 ecc_maxp=nan
[TRAIN] tx=89.14% dom=82.36% cons_cos=0.8161
[GRAD]  total=2.383 backbone=1.000 aux=0.750 domain=0.448
[VAL]   tx=98.74% dom=93.42%
[TEST]  overall_tx=88.91% (181382/204000)
[TEST-SPLIT]
          unseen_day_seen_rx(days=['2021_03_15', '2021_03_23'], rxs=[0, 1, 2, 3, 4, 5, 6]): tx=92.81% (77961/84000)
          seen_day_unseen_rx(days=['2021_03_01', '2021_03_08'], rxs=[7, 8, 9, 10, 11]): tx=87.85% (52708/60000)
          unseen_day_unseen_rx(days=['2021_03_15', '2021_03_23'], rxs=[7, 8, 9, 10, 11]): tx=84.52% (50713/60000)
          day=2021_03_15 on seen_rxs=[0, 1, 2, 3, 4, 5, 6]: tx=95.54% (40128/42000)
          day=2021_03_23 on seen_rxs=[0, 1, 2, 3, 4, 5, 6]: tx=90.08% (37833/42000)
          rx=7 on seen_days=['2021_03_01', '2021_03_08']: tx=83.92% (10070/12000)
          rx=8 on seen_days=['2021_03_01', '2021_03_08']: tx=83.78% (10053/12000)
          rx=9 on seen_days=['2021_03_01', '2021_03_08']: tx=88.38% (10605/12000)
          rx=10 on seen_days=['2021_03_01', '2021_03_08']: tx=89.78% (10774/12000)
          rx=11 on seen_days=['2021_03_01', '2021_03_08']: tx=93.38% (11206/12000)
[BEST-JOINT]  val_tx=98.95% & test_tx=88.99% @ E020
[CKPT]  latest -> finalist_runs/E3_no_res_control/latest_model.pth (saved) | best -> finalist_runs/E3_no_res_control/best_model_val.pth
====================================================================================================================================
[SAT-TEST] scenario=clear_leo selected=test_unseen_day_unseen_rx overall_tx=43.42% strict_udu=43.42% (26050/60000)
[SAT-TEST] scenario=low_elev_leo selected=test_unseen_day_unseen_rx overall_tx=43.33% strict_udu=43.33% (25997/60000)
[SAT-TEST] scenario=rain_leo selected=test_unseen_day_unseen_rx overall_tx=40.87% strict_udu=40.87% (24521/60000)
[SAT-TEST] scenario=storm_mp selected=test_unseen_day_unseen_rx overall_tx=36.92% strict_udu=36.92% (22152/60000)
[SAT-TEST] scenario=mixed_orbit selected=test_unseen_day_unseen_rx overall_tx=39.35% strict_udu=39.35% (23610/60000)
[BEST-TEST] overall=90.76% @ E014 -> finalist_runs/E3_no_res_control/best_model_test_overall.pth | unseen_day_unseen_rx=86.69% @ E014 -> finalist_runs/E3_no_res_control/best_model_strict_udu.pth | unseen_day_seen_rx=93.81% @ E014 | seen_day_unseen_rx=90.57% @ E014
[BEST-PRIMARY] score=88.12 @ E014 -> finalist_runs/E3_no_res_control/best_model_primary_ood.pth | overall=90.76% strict_udu=86.69%
[BEST-WORST-RX] worst_rx=86.27% (test_rx_7) @ E010 -> finalist_runs/E3_no_res_control/best_model_worst_rx.pth
====================================================================================================================================
[Epoch 035/060] time=89.4s | lr=1.92e-05 | aux_scale=1.000
[STAGE] phase=S2_stabilize_aux | use_aux=1.0 cons=0.35 cls_aux=0.30 reg=0.47 joint_inv=0.20 kl=0.25 group_ce=0.78
[MIXSTYLE-EPOCH] phase=base enabled=1 p=0.150 strength=0.650 anneal_t=0.000
[AUG] scale=0.350 | p_dac=0.000 p_pa=0.049 p_shift=0.122 p_cfo=0.122 p_awgn=0.140 p_mp=0.063 | max_shift=11 cfo_max=0.00014 pn_max=0.0021
------------------------------------------------------------------------------------------------------------------------------------
[LOSS-CORE] total=4.5947 cls=1.9028 dom=0.6401 adv=2.6201 orth=0.0020 cons=0.2071 group_ce=3.0265
[LOSS-AUX]  cls_pa=1.4559 cls_dac=0.0000 pa_joint_inv=0.1958 pa_kl=1.2658 dac_reg=0.0000 pa_reg=0.0169 gap_dac=0.0000 gap_pa=0.1119 cos_joint_pa=0.8042 cos_imp_pa=nan
[LOSS-SAT]  cls_sat=9.5145 sat_cons=0.7275 sat_cos=0.2725
[LOSS-DG]   proto=0.0000 proto_cos=nan supcon=0.0000 fishr=0.0017 sgc_res=0.0987
[LOSS-CAL]  ecc=0.0000 ecc_w=0.0000 ecc_tau=0.8312 ecc_maxp=nan
[TRAIN] tx=84.56% dom=78.09% cons_cos=0.7929
[GRAD]  total=2.608 backbone=1.000 aux=0.750 domain=0.451
[VAL]   tx=98.77% dom=93.31%
[TEST]  overall_tx=88.96% (181484/204000)
[TEST-SPLIT]
          unseen_day_seen_rx(days=['2021_03_15', '2021_03_23'], rxs=[0, 1, 2, 3, 4, 5, 6]): tx=92.68% (77854/84000)
          seen_day_unseen_rx(days=['2021_03_01', '2021_03_08'], rxs=[7, 8, 9, 10, 11]): tx=88.20% (52920/60000)
          unseen_day_unseen_rx(days=['2021_03_15', '2021_03_23'], rxs=[7, 8, 9, 10, 11]): tx=84.52% (50710/60000)
          day=2021_03_15 on seen_rxs=[0, 1, 2, 3, 4, 5, 6]: tx=94.79% (39811/42000)
          day=2021_03_23 on seen_rxs=[0, 1, 2, 3, 4, 5, 6]: tx=90.58% (38043/42000)
          rx=7 on seen_days=['2021_03_01', '2021_03_08']: tx=84.17% (10101/12000)
          rx=8 on seen_days=['2021_03_01', '2021_03_08']: tx=82.94% (9953/12000)
          rx=9 on seen_days=['2021_03_01', '2021_03_08']: tx=88.14% (10577/12000)
          rx=10 on seen_days=['2021_03_01', '2021_03_08']: tx=90.99% (10919/12000)
          rx=11 on seen_days=['2021_03_01', '2021_03_08']: tx=94.75% (11370/12000)
[BEST-JOINT]  val_tx=98.95% & test_tx=88.99% @ E020
[CKPT]  latest -> finalist_runs/E3_no_res_control/latest_model.pth (saved) | best -> finalist_runs/E3_no_res_control/best_model_val.pth
====================================================================================================================================
[SAT-TEST] scenario=clear_leo selected=test_unseen_day_unseen_rx overall_tx=43.07% strict_udu=43.07% (25840/60000)
[SAT-TEST] scenario=low_elev_leo selected=test_unseen_day_unseen_rx overall_tx=42.49% strict_udu=42.49% (25496/60000)
[SAT-TEST] scenario=rain_leo selected=test_unseen_day_unseen_rx overall_tx=40.78% strict_udu=40.78% (24469/60000)
[SAT-TEST] scenario=storm_mp selected=test_unseen_day_unseen_rx overall_tx=36.90% strict_udu=36.90% (22142/60000)
[SAT-TEST] scenario=mixed_orbit selected=test_unseen_day_unseen_rx overall_tx=39.22% strict_udu=39.22% (23531/60000)
[BEST-TEST] overall=90.76% @ E014 -> finalist_runs/E3_no_res_control/best_model_test_overall.pth | unseen_day_unseen_rx=86.69% @ E014 -> finalist_runs/E3_no_res_control/best_model_strict_udu.pth | unseen_day_seen_rx=93.81% @ E014 | seen_day_unseen_rx=90.57% @ E014
[BEST-PRIMARY] score=88.12 @ E014 -> finalist_runs/E3_no_res_control/best_model_primary_ood.pth | overall=90.76% strict_udu=86.69%
[BEST-WORST-RX] worst_rx=86.27% (test_rx_7) @ E010 -> finalist_runs/E3_no_res_control/best_model_worst_rx.pth
====================================================================================================================================
[Epoch 036/060] time=90.7s | lr=1.79e-05 | aux_scale=1.000
[STAGE] phase=S2_stabilize_aux | use_aux=1.0 cons=0.36 cls_aux=0.31 reg=0.48 joint_inv=0.21 kl=0.25 group_ce=0.79
[MIXSTYLE-EPOCH] phase=base enabled=1 p=0.150 strength=0.650 anneal_t=0.000
[AUG] scale=0.350 | p_dac=0.000 p_pa=0.049 p_shift=0.122 p_cfo=0.122 p_awgn=0.140 p_mp=0.063 | max_shift=11 cfo_max=0.00014 pn_max=0.0021
------------------------------------------------------------------------------------------------------------------------------------
[LOSS-CORE] total=4.2085 cls=1.6342 dom=0.5321 adv=2.6173 orth=0.0020 cons=0.2019 group_ce=2.7838
[LOSS-AUX]  cls_pa=1.4733 cls_dac=0.0000 pa_joint_inv=0.1978 pa_kl=1.2918 dac_reg=0.0000 pa_reg=0.0169 gap_dac=0.0000 gap_pa=0.1132 cos_joint_pa=0.8022 cos_imp_pa=nan
[LOSS-SAT]  cls_sat=9.4302 sat_cons=0.7330 sat_cos=0.2670
[LOSS-DG]   proto=0.0000 proto_cos=nan supcon=0.0000 fishr=0.0018 sgc_res=0.0955
[LOSS-CAL]  ecc=0.0000 ecc_w=0.0000 ecc_tau=0.8388 ecc_maxp=nan
[TRAIN] tx=86.49% dom=80.67% cons_cos=0.7981
[GRAD]  total=2.250 backbone=1.000 aux=0.750 domain=0.444
[VAL]   tx=98.80% dom=93.48%
[TEST]  overall_tx=89.01% (181582/204000)
[TEST-SPLIT]
          unseen_day_seen_rx(days=['2021_03_15', '2021_03_23'], rxs=[0, 1, 2, 3, 4, 5, 6]): tx=92.76% (77921/84000)
          seen_day_unseen_rx(days=['2021_03_01', '2021_03_08'], rxs=[7, 8, 9, 10, 11]): tx=88.24% (52944/60000)
          unseen_day_unseen_rx(days=['2021_03_15', '2021_03_23'], rxs=[7, 8, 9, 10, 11]): tx=84.53% (50717/60000)
          day=2021_03_15 on seen_rxs=[0, 1, 2, 3, 4, 5, 6]: tx=95.04% (39918/42000)
          day=2021_03_23 on seen_rxs=[0, 1, 2, 3, 4, 5, 6]: tx=90.48% (38003/42000)
          rx=7 on seen_days=['2021_03_01', '2021_03_08']: tx=84.65% (10158/12000)
          rx=8 on seen_days=['2021_03_01', '2021_03_08']: tx=83.48% (10018/12000)
          rx=9 on seen_days=['2021_03_01', '2021_03_08']: tx=88.15% (10578/12000)
          rx=10 on seen_days=['2021_03_01', '2021_03_08']: tx=90.72% (10887/12000)
          rx=11 on seen_days=['2021_03_01', '2021_03_08']: tx=94.19% (11303/12000)
[BEST-JOINT]  val_tx=98.95% & test_tx=88.99% @ E020
[CKPT]  latest -> finalist_runs/E3_no_res_control/latest_model.pth (saved) | best -> finalist_runs/E3_no_res_control/best_model_val.pth
====================================================================================================================================
[SAT-TEST] scenario=clear_leo selected=test_unseen_day_unseen_rx overall_tx=43.27% strict_udu=43.27% (25965/60000)
[SAT-TEST] scenario=low_elev_leo selected=test_unseen_day_unseen_rx overall_tx=42.69% strict_udu=42.69% (25611/60000)
[SAT-TEST] scenario=rain_leo selected=test_unseen_day_unseen_rx overall_tx=40.79% strict_udu=40.79% (24473/60000)
[SAT-TEST] scenario=storm_mp selected=test_unseen_day_unseen_rx overall_tx=37.07% strict_udu=37.07% (22243/60000)
[SAT-TEST] scenario=mixed_orbit selected=test_unseen_day_unseen_rx overall_tx=39.52% strict_udu=39.52% (23709/60000)
[BEST-TEST] overall=90.76% @ E014 -> finalist_runs/E3_no_res_control/best_model_test_overall.pth | unseen_day_unseen_rx=86.69% @ E014 -> finalist_runs/E3_no_res_control/best_model_strict_udu.pth | unseen_day_seen_rx=93.81% @ E014 | seen_day_unseen_rx=90.57% @ E014
[BEST-PRIMARY] score=88.12 @ E014 -> finalist_runs/E3_no_res_control/best_model_primary_ood.pth | overall=90.76% strict_udu=86.69%
[BEST-WORST-RX] worst_rx=86.27% (test_rx_7) @ E010 -> finalist_runs/E3_no_res_control/best_model_worst_rx.pth
====================================================================================================================================
[Epoch 037/060] time=91.6s | lr=1.67e-05 | aux_scale=1.000
[STAGE] phase=S2_stabilize_aux | use_aux=1.0 cons=0.38 cls_aux=0.33 reg=0.50 joint_inv=0.21 kl=0.26 group_ce=0.80
[MIXSTYLE-EPOCH] phase=base enabled=1 p=0.150 strength=0.650 anneal_t=0.000
[AUG] scale=0.350 | p_dac=0.000 p_pa=0.049 p_shift=0.122 p_cfo=0.122 p_awgn=0.140 p_mp=0.063 | max_shift=11 cfo_max=0.00014 pn_max=0.0021
------------------------------------------------------------------------------------------------------------------------------------
[LOSS-CORE] total=4.0671 cls=1.5254 dom=0.5008 adv=2.6167 orth=0.0020 cons=0.1945 group_ce=2.5977
[LOSS-AUX]  cls_pa=1.4583 cls_dac=0.0000 pa_joint_inv=0.1943 pa_kl=1.2678 dac_reg=0.0000 pa_reg=0.0169 gap_dac=0.0000 gap_pa=0.1104 cos_joint_pa=0.8057 cos_imp_pa=nan
[LOSS-SAT]  cls_sat=9.4140 sat_cons=0.7349 sat_cos=0.2651
[LOSS-DG]   proto=0.0000 proto_cos=nan supcon=0.0000 fishr=0.0015 sgc_res=0.1004
[LOSS-CAL]  ecc=0.0000 ecc_w=0.0000 ecc_tau=0.8464 ecc_maxp=nan
[TRAIN] tx=88.01% dom=81.75% cons_cos=0.8055
[GRAD]  total=2.384 backbone=1.000 aux=0.750 domain=0.434
[VAL]   tx=98.85% dom=93.60%
[TEST]  overall_tx=89.13% (181820/204000)
[TEST-SPLIT]
          unseen_day_seen_rx(days=['2021_03_15', '2021_03_23'], rxs=[0, 1, 2, 3, 4, 5, 6]): tx=92.97% (78098/84000)
          seen_day_unseen_rx(days=['2021_03_01', '2021_03_08'], rxs=[7, 8, 9, 10, 11]): tx=88.75% (53253/60000)
          unseen_day_unseen_rx(days=['2021_03_15', '2021_03_23'], rxs=[7, 8, 9, 10, 11]): tx=84.11% (50469/60000)
          day=2021_03_15 on seen_rxs=[0, 1, 2, 3, 4, 5, 6]: tx=95.36% (40051/42000)
          day=2021_03_23 on seen_rxs=[0, 1, 2, 3, 4, 5, 6]: tx=90.59% (38047/42000)
          rx=7 on seen_days=['2021_03_01', '2021_03_08']: tx=85.22% (10227/12000)
          rx=8 on seen_days=['2021_03_01', '2021_03_08']: tx=83.62% (10034/12000)
          rx=9 on seen_days=['2021_03_01', '2021_03_08']: tx=89.09% (10691/12000)
          rx=10 on seen_days=['2021_03_01', '2021_03_08']: tx=91.67% (11001/12000)
          rx=11 on seen_days=['2021_03_01', '2021_03_08']: tx=94.17% (11300/12000)
[BEST-JOINT]  val_tx=98.95% & test_tx=88.99% @ E020
[CKPT]  latest -> finalist_runs/E3_no_res_control/latest_model.pth (saved) | best -> finalist_runs/E3_no_res_control/best_model_val.pth
====================================================================================================================================
[SAT-TEST] scenario=clear_leo selected=test_unseen_day_unseen_rx overall_tx=43.26% strict_udu=43.26% (25955/60000)
[SAT-TEST] scenario=low_elev_leo selected=test_unseen_day_unseen_rx overall_tx=42.84% strict_udu=42.84% (25703/60000)
[SAT-TEST] scenario=rain_leo selected=test_unseen_day_unseen_rx overall_tx=40.68% strict_udu=40.68% (24410/60000)
[SAT-TEST] scenario=storm_mp selected=test_unseen_day_unseen_rx overall_tx=36.88% strict_udu=36.88% (22129/60000)
[SAT-TEST] scenario=mixed_orbit selected=test_unseen_day_unseen_rx overall_tx=39.06% strict_udu=39.06% (23436/60000)
[BEST-TEST] overall=90.76% @ E014 -> finalist_runs/E3_no_res_control/best_model_test_overall.pth | unseen_day_unseen_rx=86.69% @ E014 -> finalist_runs/E3_no_res_control/best_model_strict_udu.pth | unseen_day_seen_rx=93.81% @ E014 | seen_day_unseen_rx=90.57% @ E014
[BEST-PRIMARY] score=88.12 @ E014 -> finalist_runs/E3_no_res_control/best_model_primary_ood.pth | overall=90.76% strict_udu=86.69%
[BEST-WORST-RX] worst_rx=86.27% (test_rx_7) @ E010 -> finalist_runs/E3_no_res_control/best_model_worst_rx.pth
====================================================================================================================================
[Epoch 038/060] time=90.6s | lr=1.55e-05 | aux_scale=1.000
[STAGE] phase=S2_stabilize_aux | use_aux=1.0 cons=0.39 cls_aux=0.34 reg=0.51 joint_inv=0.22 kl=0.27 group_ce=0.81
[MIXSTYLE-EPOCH] phase=base enabled=1 p=0.150 strength=0.650 anneal_t=0.000
[AUG] scale=0.350 | p_dac=0.000 p_pa=0.049 p_shift=0.122 p_cfo=0.122 p_awgn=0.140 p_mp=0.063 | max_shift=11 cfo_max=0.00014 pn_max=0.0021
------------------------------------------------------------------------------------------------------------------------------------
[LOSS-CORE] total=3.7162 cls=1.1932 dom=0.5080 adv=2.6214 orth=0.0022 cons=0.1704 group_ce=2.0978
[LOSS-AUX]  cls_pa=1.4064 cls_dac=0.0000 pa_joint_inv=0.1940 pa_kl=1.2286 dac_reg=0.0000 pa_reg=0.0169 gap_dac=0.0000 gap_pa=0.1115 cos_joint_pa=0.8060 cos_imp_pa=nan
[LOSS-SAT]  cls_sat=9.4179 sat_cons=0.7390 sat_cos=0.2610
[LOSS-DG]   proto=0.0000 proto_cos=nan supcon=0.0000 fishr=0.0012 sgc_res=0.0933
[LOSS-CAL]  ecc=0.0000 ecc_w=0.0000 ecc_tau=0.8538 ecc_maxp=nan
[TRAIN] tx=90.55% dom=83.08% cons_cos=0.8296
[GRAD]  total=2.392 backbone=1.000 aux=0.750 domain=0.435
[VAL]   tx=98.70% dom=93.59%
[TEST]  overall_tx=88.73% (181004/204000)
[TEST-SPLIT]
          unseen_day_seen_rx(days=['2021_03_15', '2021_03_23'], rxs=[0, 1, 2, 3, 4, 5, 6]): tx=92.69% (77858/84000)
          seen_day_unseen_rx(days=['2021_03_01', '2021_03_08'], rxs=[7, 8, 9, 10, 11]): tx=87.76% (52655/60000)
          unseen_day_unseen_rx(days=['2021_03_15', '2021_03_23'], rxs=[7, 8, 9, 10, 11]): tx=84.15% (50491/60000)
          day=2021_03_15 on seen_rxs=[0, 1, 2, 3, 4, 5, 6]: tx=95.20% (39982/42000)
          day=2021_03_23 on seen_rxs=[0, 1, 2, 3, 4, 5, 6]: tx=90.18% (37876/42000)
          rx=7 on seen_days=['2021_03_01', '2021_03_08']: tx=84.08% (10089/12000)
          rx=8 on seen_days=['2021_03_01', '2021_03_08']: tx=83.05% (9966/12000)
          rx=9 on seen_days=['2021_03_01', '2021_03_08']: tx=87.38% (10485/12000)
          rx=10 on seen_days=['2021_03_01', '2021_03_08']: tx=91.12% (10934/12000)
          rx=11 on seen_days=['2021_03_01', '2021_03_08']: tx=93.17% (11181/12000)
[BEST-JOINT]  val_tx=98.95% & test_tx=88.99% @ E020
[CKPT]  latest -> finalist_runs/E3_no_res_control/latest_model.pth (saved) | best -> finalist_runs/E3_no_res_control/best_model_val.pth
====================================================================================================================================
[SAT-TEST] scenario=clear_leo selected=test_unseen_day_unseen_rx overall_tx=43.91% strict_udu=43.91% (26346/60000)
[SAT-TEST] scenario=low_elev_leo selected=test_unseen_day_unseen_rx overall_tx=43.57% strict_udu=43.57% (26143/60000)
[SAT-TEST] scenario=rain_leo selected=test_unseen_day_unseen_rx overall_tx=41.50% strict_udu=41.50% (24902/60000)
[SAT-TEST] scenario=storm_mp selected=test_unseen_day_unseen_rx overall_tx=37.23% strict_udu=37.23% (22339/60000)
[SAT-TEST] scenario=mixed_orbit selected=test_unseen_day_unseen_rx overall_tx=39.84% strict_udu=39.84% (23904/60000)
[BEST-TEST] overall=90.76% @ E014 -> finalist_runs/E3_no_res_control/best_model_test_overall.pth | unseen_day_unseen_rx=86.69% @ E014 -> finalist_runs/E3_no_res_control/best_model_strict_udu.pth | unseen_day_seen_rx=93.81% @ E014 | seen_day_unseen_rx=90.57% @ E014
[BEST-PRIMARY] score=88.12 @ E014 -> finalist_runs/E3_no_res_control/best_model_primary_ood.pth | overall=90.76% strict_udu=86.69%
[BEST-WORST-RX] worst_rx=86.27% (test_rx_7) @ E010 -> finalist_runs/E3_no_res_control/best_model_worst_rx.pth
====================================================================================================================================
[Epoch 039/060] time=89.6s | lr=1.44e-05 | aux_scale=1.000
[STAGE] phase=S2_stabilize_aux | use_aux=1.0 cons=0.41 cls_aux=0.36 reg=0.52 joint_inv=0.23 kl=0.28 group_ce=0.81
[MIXSTYLE-EPOCH] phase=base enabled=1 p=0.150 strength=0.650 anneal_t=0.000
[AUG] scale=0.350 | p_dac=0.000 p_pa=0.049 p_shift=0.122 p_cfo=0.122 p_awgn=0.140 p_mp=0.063 | max_shift=11 cfo_max=0.00014 pn_max=0.0021
------------------------------------------------------------------------------------------------------------------------------------
[LOSS-CORE] total=3.9841 cls=1.4290 dom=0.4918 adv=2.6198 orth=0.0020 cons=0.1820 group_ce=2.4593
[LOSS-AUX]  cls_pa=1.4735 cls_dac=0.0000 pa_joint_inv=0.1967 pa_kl=1.2815 dac_reg=0.0000 pa_reg=0.0169 gap_dac=0.0000 gap_pa=0.1122 cos_joint_pa=0.8033 cos_imp_pa=nan
[LOSS-SAT]  cls_sat=9.3834 sat_cons=0.7348 sat_cos=0.2652
[LOSS-DG]   proto=0.0000 proto_cos=nan supcon=0.0000 fishr=0.0014 sgc_res=0.0918
[LOSS-CAL]  ecc=0.0000 ecc_w=0.0000 ecc_tau=0.8610 ecc_maxp=nan
[TRAIN] tx=88.50% dom=82.14% cons_cos=0.8180
[GRAD]  total=2.328 backbone=1.000 aux=0.750 domain=0.449
[VAL]   tx=98.78% dom=93.50%
[TEST]  overall_tx=89.32% (182212/204000)
[TEST-SPLIT]
          unseen_day_seen_rx(days=['2021_03_15', '2021_03_23'], rxs=[0, 1, 2, 3, 4, 5, 6]): tx=93.12% (78219/84000)
          seen_day_unseen_rx(days=['2021_03_01', '2021_03_08'], rxs=[7, 8, 9, 10, 11]): tx=88.61% (53168/60000)
          unseen_day_unseen_rx(days=['2021_03_15', '2021_03_23'], rxs=[7, 8, 9, 10, 11]): tx=84.71% (50825/60000)
          day=2021_03_15 on seen_rxs=[0, 1, 2, 3, 4, 5, 6]: tx=95.41% (40074/42000)
          day=2021_03_23 on seen_rxs=[0, 1, 2, 3, 4, 5, 6]: tx=90.82% (38145/42000)
          rx=7 on seen_days=['2021_03_01', '2021_03_08']: tx=85.22% (10226/12000)
          rx=8 on seen_days=['2021_03_01', '2021_03_08']: tx=83.78% (10053/12000)
          rx=9 on seen_days=['2021_03_01', '2021_03_08']: tx=88.06% (10567/12000)
          rx=10 on seen_days=['2021_03_01', '2021_03_08']: tx=91.46% (10975/12000)
          rx=11 on seen_days=['2021_03_01', '2021_03_08']: tx=94.56% (11347/12000)
[BEST-JOINT]  val_tx=98.95% & test_tx=88.99% @ E020
[CKPT]  latest -> finalist_runs/E3_no_res_control/latest_model.pth (saved) | best -> finalist_runs/E3_no_res_control/best_model_val.pth
====================================================================================================================================
[SAT-TEST] scenario=clear_leo selected=test_unseen_day_unseen_rx overall_tx=44.10% strict_udu=44.10% (26460/60000)
[SAT-TEST] scenario=low_elev_leo selected=test_unseen_day_unseen_rx overall_tx=43.68% strict_udu=43.68% (26210/60000)
[SAT-TEST] scenario=rain_leo selected=test_unseen_day_unseen_rx overall_tx=41.70% strict_udu=41.70% (25022/60000)
[SAT-TEST] scenario=storm_mp selected=test_unseen_day_unseen_rx overall_tx=37.26% strict_udu=37.26% (22358/60000)
[SAT-TEST] scenario=mixed_orbit selected=test_unseen_day_unseen_rx overall_tx=40.15% strict_udu=40.15% (24091/60000)
[BEST-TEST] overall=90.76% @ E014 -> finalist_runs/E3_no_res_control/best_model_test_overall.pth | unseen_day_unseen_rx=86.69% @ E014 -> finalist_runs/E3_no_res_control/best_model_strict_udu.pth | unseen_day_seen_rx=93.81% @ E014 | seen_day_unseen_rx=90.57% @ E014
[BEST-PRIMARY] score=88.12 @ E014 -> finalist_runs/E3_no_res_control/best_model_primary_ood.pth | overall=90.76% strict_udu=86.69%
[BEST-WORST-RX] worst_rx=86.27% (test_rx_7) @ E010 -> finalist_runs/E3_no_res_control/best_model_worst_rx.pth
====================================================================================================================================
[Epoch 040/060] time=91.5s | lr=1.33e-05 | aux_scale=1.000
[STAGE] phase=S2_stabilize_aux | use_aux=1.0 cons=0.42 cls_aux=0.37 reg=0.53 joint_inv=0.23 kl=0.29 group_ce=0.82
[MIXSTYLE-EPOCH] phase=base enabled=1 p=0.150 strength=0.650 anneal_t=0.000
[AUG] scale=0.350 | p_dac=0.000 p_pa=0.049 p_shift=0.122 p_cfo=0.122 p_awgn=0.140 p_mp=0.063 | max_shift=11 cfo_max=0.00014 pn_max=0.0021
------------------------------------------------------------------------------------------------------------------------------------
[LOSS-CORE] total=4.1612 cls=1.5070 dom=0.5761 adv=2.6249 orth=0.0020 cons=0.1869 group_ce=2.4857
[LOSS-AUX]  cls_pa=1.4227 cls_dac=0.0000 pa_joint_inv=0.1945 pa_kl=1.2358 dac_reg=0.0000 pa_reg=0.0169 gap_dac=0.0000 gap_pa=0.1121 cos_joint_pa=0.8055 cos_imp_pa=nan
[LOSS-SAT]  cls_sat=9.3483 sat_cons=0.7243 sat_cos=0.2757
[LOSS-DG]   proto=0.0000 proto_cos=nan supcon=0.0000 fishr=0.0014 sgc_res=0.0994
[LOSS-CAL]  ecc=0.0000 ecc_w=0.0000 ecc_tau=0.8681 ecc_maxp=nan
[TRAIN] tx=87.74% dom=81.25% cons_cos=0.8131
[GRAD]  total=2.441 backbone=1.000 aux=0.750 domain=0.443
[VAL]   tx=98.86% dom=93.66%
[TEST]  overall_tx=89.44% (182461/204000)
[TEST-SPLIT]
          unseen_day_seen_rx(days=['2021_03_15', '2021_03_23'], rxs=[0, 1, 2, 3, 4, 5, 6]): tx=93.14% (78234/84000)
          seen_day_unseen_rx(days=['2021_03_01', '2021_03_08'], rxs=[7, 8, 9, 10, 11]): tx=88.88% (53328/60000)
          unseen_day_unseen_rx(days=['2021_03_15', '2021_03_23'], rxs=[7, 8, 9, 10, 11]): tx=84.83% (50899/60000)
          day=2021_03_15 on seen_rxs=[0, 1, 2, 3, 4, 5, 6]: tx=95.44% (40083/42000)
          day=2021_03_23 on seen_rxs=[0, 1, 2, 3, 4, 5, 6]: tx=90.84% (38151/42000)
          rx=7 on seen_days=['2021_03_01', '2021_03_08']: tx=85.22% (10226/12000)
          rx=8 on seen_days=['2021_03_01', '2021_03_08']: tx=84.22% (10107/12000)
          rx=9 on seen_days=['2021_03_01', '2021_03_08']: tx=88.94% (10673/12000)
          rx=10 on seen_days=['2021_03_01', '2021_03_08']: tx=90.93% (10912/12000)
          rx=11 on seen_days=['2021_03_01', '2021_03_08']: tx=95.08% (11410/12000)
[BEST-JOINT]  val_tx=98.95% & test_tx=88.99% @ E020
[CKPT]  latest -> finalist_runs/E3_no_res_control/latest_model.pth (saved) | best -> finalist_runs/E3_no_res_control/best_model_val.pth
====================================================================================================================================
[SAT-TEST] scenario=clear_leo selected=test_unseen_day_unseen_rx overall_tx=43.85% strict_udu=43.85% (26312/60000)
[SAT-TEST] scenario=low_elev_leo selected=test_unseen_day_unseen_rx overall_tx=43.45% strict_udu=43.45% (26072/60000)
[SAT-TEST] scenario=rain_leo selected=test_unseen_day_unseen_rx overall_tx=41.53% strict_udu=41.53% (24916/60000)
[SAT-TEST] scenario=storm_mp selected=test_unseen_day_unseen_rx overall_tx=37.24% strict_udu=37.24% (22345/60000)
[SAT-TEST] scenario=mixed_orbit selected=test_unseen_day_unseen_rx overall_tx=39.77% strict_udu=39.77% (23865/60000)
[BEST-TEST] overall=90.76% @ E014 -> finalist_runs/E3_no_res_control/best_model_test_overall.pth | unseen_day_unseen_rx=86.69% @ E014 -> finalist_runs/E3_no_res_control/best_model_strict_udu.pth | unseen_day_seen_rx=93.81% @ E014 | seen_day_unseen_rx=90.57% @ E014
[BEST-PRIMARY] score=88.12 @ E014 -> finalist_runs/E3_no_res_control/best_model_primary_ood.pth | overall=90.76% strict_udu=86.69%
[BEST-WORST-RX] worst_rx=86.27% (test_rx_7) @ E010 -> finalist_runs/E3_no_res_control/best_model_worst_rx.pth
====================================================================================================================================
[Epoch 041/060] time=90.6s | lr=1.22e-05 | aux_scale=1.000
[STAGE] phase=S2_stabilize_aux | use_aux=1.0 cons=0.44 cls_aux=0.39 reg=0.55 joint_inv=0.24 kl=0.30 group_ce=0.83
[MIXSTYLE-EPOCH] phase=base enabled=1 p=0.150 strength=0.650 anneal_t=0.000
[AUG] scale=0.350 | p_dac=0.000 p_pa=0.049 p_shift=0.122 p_cfo=0.122 p_awgn=0.140 p_mp=0.063 | max_shift=11 cfo_max=0.00014 pn_max=0.0021
------------------------------------------------------------------------------------------------------------------------------------
[LOSS-CORE] total=4.3205 cls=1.6568 dom=0.5446 adv=2.6185 orth=0.0021 cons=0.1938 group_ce=2.7560
[LOSS-AUX]  cls_pa=1.4529 cls_dac=0.0000 pa_joint_inv=0.1957 pa_kl=1.2752 dac_reg=0.0000 pa_reg=0.0169 gap_dac=0.0000 gap_pa=0.1117 cos_joint_pa=0.8043 cos_imp_pa=nan
[LOSS-SAT]  cls_sat=9.3418 sat_cons=0.7274 sat_cos=0.2726
[LOSS-DG]   proto=0.0000 proto_cos=nan supcon=0.0000 fishr=0.0016 sgc_res=0.1015
[LOSS-CAL]  ecc=0.0000 ecc_w=0.0000 ecc_tau=0.8750 ecc_maxp=nan
[TRAIN] tx=86.71% dom=80.34% cons_cos=0.8062
[GRAD]  total=2.557 backbone=1.000 aux=0.750 domain=0.445
[VAL]   tx=98.80% dom=93.45%
[TEST]  overall_tx=89.01% (181590/204000)
[TEST-SPLIT]
          unseen_day_seen_rx(days=['2021_03_15', '2021_03_23'], rxs=[0, 1, 2, 3, 4, 5, 6]): tx=92.86% (78001/84000)
          seen_day_unseen_rx(days=['2021_03_01', '2021_03_08'], rxs=[7, 8, 9, 10, 11]): tx=88.25% (52950/60000)
          unseen_day_unseen_rx(days=['2021_03_15', '2021_03_23'], rxs=[7, 8, 9, 10, 11]): tx=84.40% (50639/60000)
          day=2021_03_15 on seen_rxs=[0, 1, 2, 3, 4, 5, 6]: tx=95.19% (39980/42000)
          day=2021_03_23 on seen_rxs=[0, 1, 2, 3, 4, 5, 6]: tx=90.53% (38021/42000)
          rx=7 on seen_days=['2021_03_01', '2021_03_08']: tx=84.39% (10127/12000)
          rx=8 on seen_days=['2021_03_01', '2021_03_08']: tx=83.43% (10012/12000)
          rx=9 on seen_days=['2021_03_01', '2021_03_08']: tx=88.12% (10575/12000)
          rx=10 on seen_days=['2021_03_01', '2021_03_08']: tx=90.99% (10919/12000)
          rx=11 on seen_days=['2021_03_01', '2021_03_08']: tx=94.31% (11317/12000)
[BEST-JOINT]  val_tx=98.95% & test_tx=88.99% @ E020
[CKPT]  latest -> finalist_runs/E3_no_res_control/latest_model.pth (saved) | best -> finalist_runs/E3_no_res_control/best_model_val.pth
====================================================================================================================================
[SAT-TEST] scenario=clear_leo selected=test_unseen_day_unseen_rx overall_tx=43.62% strict_udu=43.62% (26172/60000)
[SAT-TEST] scenario=low_elev_leo selected=test_unseen_day_unseen_rx overall_tx=43.42% strict_udu=43.42% (26050/60000)
[SAT-TEST] scenario=rain_leo selected=test_unseen_day_unseen_rx overall_tx=41.18% strict_udu=41.18% (24708/60000)
[SAT-TEST] scenario=storm_mp selected=test_unseen_day_unseen_rx overall_tx=37.08% strict_udu=37.08% (22247/60000)
[SAT-TEST] scenario=mixed_orbit selected=test_unseen_day_unseen_rx overall_tx=39.52% strict_udu=39.52% (23709/60000)
[BEST-TEST] overall=90.76% @ E014 -> finalist_runs/E3_no_res_control/best_model_test_overall.pth | unseen_day_unseen_rx=86.69% @ E014 -> finalist_runs/E3_no_res_control/best_model_strict_udu.pth | unseen_day_seen_rx=93.81% @ E014 | seen_day_unseen_rx=90.57% @ E014
[BEST-PRIMARY] score=88.12 @ E014 -> finalist_runs/E3_no_res_control/best_model_primary_ood.pth | overall=90.76% strict_udu=86.69%
[BEST-WORST-RX] worst_rx=86.27% (test_rx_7) @ E010 -> finalist_runs/E3_no_res_control/best_model_worst_rx.pth
====================================================================================================================================
[Epoch 042/060] time=90.9s | lr=1.11e-05 | aux_scale=1.000
[STAGE] phase=S2_stabilize_aux | use_aux=1.0 cons=0.46 cls_aux=0.41 reg=0.56 joint_inv=0.24 kl=0.31 group_ce=0.84
[MIXSTYLE-EPOCH] phase=base enabled=1 p=0.150 strength=0.650 anneal_t=0.000
[AUG] scale=0.350 | p_dac=0.000 p_pa=0.049 p_shift=0.122 p_cfo=0.122 p_awgn=0.140 p_mp=0.063 | max_shift=11 cfo_max=0.00014 pn_max=0.0021
------------------------------------------------------------------------------------------------------------------------------------
[LOSS-CORE] total=3.9659 cls=1.3657 dom=0.4872 adv=2.6198 orth=0.0023 cons=0.1845 group_ce=2.3570
[LOSS-AUX]  cls_pa=1.4314 cls_dac=0.0000 pa_joint_inv=0.1955 pa_kl=1.2482 dac_reg=0.0000 pa_reg=0.0168 gap_dac=0.0000 gap_pa=0.1112 cos_joint_pa=0.8045 cos_imp_pa=nan
[LOSS-SAT]  cls_sat=9.4630 sat_cons=0.7361 sat_cos=0.2639
[LOSS-DG]   proto=0.0000 proto_cos=nan supcon=0.0000 fishr=0.0014 sgc_res=0.0976
[LOSS-CAL]  ecc=0.0000 ecc_w=0.0000 ecc_tau=0.8817 ecc_maxp=nan
[TRAIN] tx=89.09% dom=82.39% cons_cos=0.8155
[GRAD]  total=2.223 backbone=1.000 aux=0.750 domain=0.437
[VAL]   tx=98.83% dom=93.62%
[TEST]  overall_tx=89.30% (182166/204000)
[TEST-SPLIT]
          unseen_day_seen_rx(days=['2021_03_15', '2021_03_23'], rxs=[0, 1, 2, 3, 4, 5, 6]): tx=93.11% (78216/84000)
          seen_day_unseen_rx(days=['2021_03_01', '2021_03_08'], rxs=[7, 8, 9, 10, 11]): tx=88.69% (53211/60000)
          unseen_day_unseen_rx(days=['2021_03_15', '2021_03_23'], rxs=[7, 8, 9, 10, 11]): tx=84.56% (50739/60000)
          day=2021_03_15 on seen_rxs=[0, 1, 2, 3, 4, 5, 6]: tx=95.66% (40179/42000)
          day=2021_03_23 on seen_rxs=[0, 1, 2, 3, 4, 5, 6]: tx=90.56% (38037/42000)
          rx=7 on seen_days=['2021_03_01', '2021_03_08']: tx=85.25% (10230/12000)
          rx=8 on seen_days=['2021_03_01', '2021_03_08']: tx=84.17% (10101/12000)
          rx=9 on seen_days=['2021_03_01', '2021_03_08']: tx=88.80% (10656/12000)
          rx=10 on seen_days=['2021_03_01', '2021_03_08']: tx=90.73% (10888/12000)
          rx=11 on seen_days=['2021_03_01', '2021_03_08']: tx=94.47% (11336/12000)
[BEST-JOINT]  val_tx=98.95% & test_tx=88.99% @ E020
[CKPT]  latest -> finalist_runs/E3_no_res_control/latest_model.pth (saved) | best -> finalist_runs/E3_no_res_control/best_model_val.pth
====================================================================================================================================
[SAT-TEST] scenario=clear_leo selected=test_unseen_day_unseen_rx overall_tx=43.98% strict_udu=43.98% (26385/60000)
[SAT-TEST] scenario=low_elev_leo selected=test_unseen_day_unseen_rx overall_tx=44.19% strict_udu=44.19% (26512/60000)
[SAT-TEST] scenario=rain_leo selected=test_unseen_day_unseen_rx overall_tx=41.59% strict_udu=41.59% (24951/60000)
[SAT-TEST] scenario=storm_mp selected=test_unseen_day_unseen_rx overall_tx=37.33% strict_udu=37.33% (22395/60000)
[SAT-TEST] scenario=mixed_orbit selected=test_unseen_day_unseen_rx overall_tx=39.95% strict_udu=39.95% (23972/60000)
[BEST-TEST] overall=90.76% @ E014 -> finalist_runs/E3_no_res_control/best_model_test_overall.pth | unseen_day_unseen_rx=86.69% @ E014 -> finalist_runs/E3_no_res_control/best_model_strict_udu.pth | unseen_day_seen_rx=93.81% @ E014 | seen_day_unseen_rx=90.57% @ E014
[BEST-PRIMARY] score=88.12 @ E014 -> finalist_runs/E3_no_res_control/best_model_primary_ood.pth | overall=90.76% strict_udu=86.69%
[BEST-WORST-RX] worst_rx=86.27% (test_rx_7) @ E010 -> finalist_runs/E3_no_res_control/best_model_worst_rx.pth
====================================================================================================================================
[Epoch 043/060] time=91.3s | lr=1.01e-05 | aux_scale=1.000
[STAGE] phase=S2_stabilize_aux | use_aux=1.0 cons=0.48 cls_aux=0.43 reg=0.58 joint_inv=0.25 kl=0.33 group_ce=0.85
[MIXSTYLE-EPOCH] phase=base enabled=1 p=0.150 strength=0.650 anneal_t=0.000
[AUG] scale=0.350 | p_dac=0.000 p_pa=0.049 p_shift=0.122 p_cfo=0.122 p_awgn=0.140 p_mp=0.063 | max_shift=11 cfo_max=0.00014 pn_max=0.0021
------------------------------------------------------------------------------------------------------------------------------------
[LOSS-CORE] total=4.8592 cls=1.9722 dom=0.6809 adv=2.6231 orth=0.0019 cons=0.2106 group_ce=3.1734
[LOSS-AUX]  cls_pa=1.4205 cls_dac=0.0000 pa_joint_inv=0.1938 pa_kl=1.2313 dac_reg=0.0000 pa_reg=0.0170 gap_dac=0.0000 gap_pa=0.1114 cos_joint_pa=0.8062 cos_imp_pa=nan
[LOSS-SAT]  cls_sat=9.5086 sat_cons=0.7250 sat_cos=0.2750
[LOSS-DG]   proto=0.0000 proto_cos=nan supcon=0.0000 fishr=0.0019 sgc_res=0.0954
[LOSS-CAL]  ecc=0.0000 ecc_w=0.0000 ecc_tau=0.8882 ecc_maxp=nan
[TRAIN] tx=84.37% dom=77.76% cons_cos=0.7894
[GRAD]  total=2.508 backbone=1.000 aux=0.750 domain=0.452
[VAL]   tx=98.86% dom=93.55%
[TEST]  overall_tx=89.17% (181909/204000)
[TEST-SPLIT]
          unseen_day_seen_rx(days=['2021_03_15', '2021_03_23'], rxs=[0, 1, 2, 3, 4, 5, 6]): tx=93.08% (78191/84000)
          seen_day_unseen_rx(days=['2021_03_01', '2021_03_08'], rxs=[7, 8, 9, 10, 11]): tx=88.32% (52992/60000)
          unseen_day_unseen_rx(days=['2021_03_15', '2021_03_23'], rxs=[7, 8, 9, 10, 11]): tx=84.54% (50726/60000)
          day=2021_03_15 on seen_rxs=[0, 1, 2, 3, 4, 5, 6]: tx=95.19% (39979/42000)
          day=2021_03_23 on seen_rxs=[0, 1, 2, 3, 4, 5, 6]: tx=90.98% (38212/42000)
          rx=7 on seen_days=['2021_03_01', '2021_03_08']: tx=83.62% (10034/12000)
          rx=8 on seen_days=['2021_03_01', '2021_03_08']: tx=83.88% (10066/12000)
          rx=9 on seen_days=['2021_03_01', '2021_03_08']: tx=88.43% (10612/12000)
          rx=10 on seen_days=['2021_03_01', '2021_03_08']: tx=90.59% (10871/12000)
          rx=11 on seen_days=['2021_03_01', '2021_03_08']: tx=95.08% (11409/12000)
[BEST-JOINT]  val_tx=98.95% & test_tx=88.99% @ E020
[CKPT]  latest -> finalist_runs/E3_no_res_control/latest_model.pth (saved) | best -> finalist_runs/E3_no_res_control/best_model_val.pth
====================================================================================================================================
[SAT-TEST] scenario=clear_leo selected=test_unseen_day_unseen_rx overall_tx=43.90% strict_udu=43.90% (26340/60000)
[SAT-TEST] scenario=low_elev_leo selected=test_unseen_day_unseen_rx overall_tx=43.63% strict_udu=43.63% (26177/60000)
[SAT-TEST] scenario=rain_leo selected=test_unseen_day_unseen_rx overall_tx=41.52% strict_udu=41.52% (24909/60000)
[SAT-TEST] scenario=storm_mp selected=test_unseen_day_unseen_rx overall_tx=37.27% strict_udu=37.27% (22362/60000)
[SAT-TEST] scenario=mixed_orbit selected=test_unseen_day_unseen_rx overall_tx=39.79% strict_udu=39.79% (23874/60000)
[BEST-TEST] overall=90.76% @ E014 -> finalist_runs/E3_no_res_control/best_model_test_overall.pth | unseen_day_unseen_rx=86.69% @ E014 -> finalist_runs/E3_no_res_control/best_model_strict_udu.pth | unseen_day_seen_rx=93.81% @ E014 | seen_day_unseen_rx=90.57% @ E014
[BEST-PRIMARY] score=88.12 @ E014 -> finalist_runs/E3_no_res_control/best_model_primary_ood.pth | overall=90.76% strict_udu=86.69%
[BEST-WORST-RX] worst_rx=86.27% (test_rx_7) @ E010 -> finalist_runs/E3_no_res_control/best_model_worst_rx.pth
====================================================================================================================================
[Epoch 044/060] time=89.7s | lr=9.11e-06 | aux_scale=1.000
[STAGE] phase=S2_stabilize_aux | use_aux=1.0 cons=0.49 cls_aux=0.44 reg=0.59 joint_inv=0.26 kl=0.34 group_ce=0.86
[MIXSTYLE-EPOCH] phase=base enabled=1 p=0.150 strength=0.650 anneal_t=0.000
[AUG] scale=0.350 | p_dac=0.000 p_pa=0.049 p_shift=0.122 p_cfo=0.122 p_awgn=0.140 p_mp=0.063 | max_shift=11 cfo_max=0.00014 pn_max=0.0021
------------------------------------------------------------------------------------------------------------------------------------
[LOSS-CORE] total=4.3198 cls=1.6054 dom=0.5467 adv=2.6289 orth=0.0021 cons=0.1853 group_ce=2.5388
[LOSS-AUX]  cls_pa=1.4229 cls_dac=0.0000 pa_joint_inv=0.1928 pa_kl=1.2395 dac_reg=0.0000 pa_reg=0.0170 gap_dac=0.0000 gap_pa=0.1113 cos_joint_pa=0.8072 cos_imp_pa=nan
[LOSS-SAT]  cls_sat=9.4292 sat_cons=0.7309 sat_cos=0.2691
[LOSS-DG]   proto=0.0000 proto_cos=nan supcon=0.0000 fishr=0.0015 sgc_res=0.0947
[LOSS-CAL]  ecc=0.0000 ecc_w=0.0000 ecc_tau=0.8944 ecc_maxp=nan
[TRAIN] tx=87.25% dom=81.47% cons_cos=0.8147
[GRAD]  total=2.229 backbone=1.000 aux=0.750 domain=0.439
[VAL]   tx=98.82% dom=93.70%
[TEST]  overall_tx=89.17% (181897/204000)
[TEST-SPLIT]
          unseen_day_seen_rx(days=['2021_03_15', '2021_03_23'], rxs=[0, 1, 2, 3, 4, 5, 6]): tx=93.11% (78212/84000)
          seen_day_unseen_rx(days=['2021_03_01', '2021_03_08'], rxs=[7, 8, 9, 10, 11]): tx=88.30% (52979/60000)
          unseen_day_unseen_rx(days=['2021_03_15', '2021_03_23'], rxs=[7, 8, 9, 10, 11]): tx=84.51% (50706/60000)
          day=2021_03_15 on seen_rxs=[0, 1, 2, 3, 4, 5, 6]: tx=95.59% (40149/42000)
          day=2021_03_23 on seen_rxs=[0, 1, 2, 3, 4, 5, 6]: tx=90.63% (38063/42000)
          rx=7 on seen_days=['2021_03_01', '2021_03_08']: tx=84.15% (10098/12000)
          rx=8 on seen_days=['2021_03_01', '2021_03_08']: tx=84.02% (10082/12000)
          rx=9 on seen_days=['2021_03_01', '2021_03_08']: tx=88.24% (10589/12000)
          rx=10 on seen_days=['2021_03_01', '2021_03_08']: tx=90.42% (10851/12000)
          rx=11 on seen_days=['2021_03_01', '2021_03_08']: tx=94.66% (11359/12000)
[BEST-JOINT]  val_tx=98.95% & test_tx=88.99% @ E020
[CKPT]  latest -> finalist_runs/E3_no_res_control/latest_model.pth (saved) | best -> finalist_runs/E3_no_res_control/best_model_val.pth
====================================================================================================================================
[SAT-TEST] scenario=clear_leo selected=test_unseen_day_unseen_rx overall_tx=44.26% strict_udu=44.26% (26557/60000)
[SAT-TEST] scenario=low_elev_leo selected=test_unseen_day_unseen_rx overall_tx=44.03% strict_udu=44.03% (26418/60000)
[SAT-TEST] scenario=rain_leo selected=test_unseen_day_unseen_rx overall_tx=41.79% strict_udu=41.79% (25073/60000)
[SAT-TEST] scenario=storm_mp selected=test_unseen_day_unseen_rx overall_tx=37.35% strict_udu=37.35% (22409/60000)
[SAT-TEST] scenario=mixed_orbit selected=test_unseen_day_unseen_rx overall_tx=40.03% strict_udu=40.03% (24016/60000)
[BEST-TEST] overall=90.76% @ E014 -> finalist_runs/E3_no_res_control/best_model_test_overall.pth | unseen_day_unseen_rx=86.69% @ E014 -> finalist_runs/E3_no_res_control/best_model_strict_udu.pth | unseen_day_seen_rx=93.81% @ E014 | seen_day_unseen_rx=90.57% @ E014
[BEST-PRIMARY] score=88.12 @ E014 -> finalist_runs/E3_no_res_control/best_model_primary_ood.pth | overall=90.76% strict_udu=86.69%
[BEST-WORST-RX] worst_rx=86.27% (test_rx_7) @ E010 -> finalist_runs/E3_no_res_control/best_model_worst_rx.pth
====================================================================================================================================
[Epoch 045/060] time=90.2s | lr=8.18e-06 | aux_scale=1.000
[STAGE] phase=S2_stabilize_aux | use_aux=1.0 cons=0.51 cls_aux=0.46 reg=0.61 joint_inv=0.26 kl=0.35 group_ce=0.87
[MIXSTYLE-EPOCH] phase=base enabled=1 p=0.150 strength=0.650 anneal_t=0.000
[AUG] scale=0.350 | p_dac=0.000 p_pa=0.049 p_shift=0.122 p_cfo=0.122 p_awgn=0.140 p_mp=0.063 | max_shift=11 cfo_max=0.00014 pn_max=0.0021
------------------------------------------------------------------------------------------------------------------------------------
[LOSS-CORE] total=3.9728 cls=1.3475 dom=0.4719 adv=2.6177 orth=0.0020 cons=0.1860 group_ce=2.3284
[LOSS-AUX]  cls_pa=1.4420 cls_dac=0.0000 pa_joint_inv=0.1951 pa_kl=1.2623 dac_reg=0.0000 pa_reg=0.0169 gap_dac=0.0000 gap_pa=0.1117 cos_joint_pa=0.8049 cos_imp_pa=nan
[LOSS-SAT]  cls_sat=9.2525 sat_cons=0.7327 sat_cos=0.2673
[LOSS-DG]   proto=0.0000 proto_cos=nan supcon=0.0000 fishr=0.0013 sgc_res=0.0955
[LOSS-CAL]  ecc=0.0000 ecc_w=0.0000 ecc_tau=0.9004 ecc_maxp=nan
[TRAIN] tx=89.38% dom=82.88% cons_cos=0.8140
[GRAD]  total=2.158 backbone=1.000 aux=0.750 domain=0.431
[VAL]   tx=98.87% dom=93.58%
[TEST]  overall_tx=89.47% (182521/204000)
[TEST-SPLIT]
          unseen_day_seen_rx(days=['2021_03_15', '2021_03_23'], rxs=[0, 1, 2, 3, 4, 5, 6]): tx=93.23% (78312/84000)
          seen_day_unseen_rx(days=['2021_03_01', '2021_03_08'], rxs=[7, 8, 9, 10, 11]): tx=88.92% (53352/60000)
          unseen_day_unseen_rx(days=['2021_03_15', '2021_03_23'], rxs=[7, 8, 9, 10, 11]): tx=84.76% (50857/60000)
          day=2021_03_15 on seen_rxs=[0, 1, 2, 3, 4, 5, 6]: tx=95.46% (40093/42000)
          day=2021_03_23 on seen_rxs=[0, 1, 2, 3, 4, 5, 6]: tx=91.00% (38219/42000)
          rx=7 on seen_days=['2021_03_01', '2021_03_08']: tx=85.05% (10206/12000)
          rx=8 on seen_days=['2021_03_01', '2021_03_08']: tx=84.59% (10151/12000)
          rx=9 on seen_days=['2021_03_01', '2021_03_08']: tx=88.86% (10663/12000)
          rx=10 on seen_days=['2021_03_01', '2021_03_08']: tx=90.66% (10879/12000)
          rx=11 on seen_days=['2021_03_01', '2021_03_08']: tx=95.44% (11453/12000)
[BEST-JOINT]  val_tx=98.95% & test_tx=88.99% @ E020
[CKPT]  latest -> finalist_runs/E3_no_res_control/latest_model.pth (saved) | best -> finalist_runs/E3_no_res_control/best_model_val.pth
====================================================================================================================================
[SAT-TEST] scenario=clear_leo selected=test_unseen_day_unseen_rx overall_tx=44.23% strict_udu=44.23% (26538/60000)
[SAT-TEST] scenario=low_elev_leo selected=test_unseen_day_unseen_rx overall_tx=43.62% strict_udu=43.62% (26175/60000)
[SAT-TEST] scenario=rain_leo selected=test_unseen_day_unseen_rx overall_tx=41.58% strict_udu=41.58% (24945/60000)
[SAT-TEST] scenario=storm_mp selected=test_unseen_day_unseen_rx overall_tx=37.30% strict_udu=37.30% (22383/60000)
[SAT-TEST] scenario=mixed_orbit selected=test_unseen_day_unseen_rx overall_tx=40.14% strict_udu=40.14% (24082/60000)
[BEST-TEST] overall=90.76% @ E014 -> finalist_runs/E3_no_res_control/best_model_test_overall.pth | unseen_day_unseen_rx=86.69% @ E014 -> finalist_runs/E3_no_res_control/best_model_strict_udu.pth | unseen_day_seen_rx=93.81% @ E014 | seen_day_unseen_rx=90.57% @ E014
[BEST-PRIMARY] score=88.12 @ E014 -> finalist_runs/E3_no_res_control/best_model_primary_ood.pth | overall=90.76% strict_udu=86.69%
[BEST-WORST-RX] worst_rx=86.27% (test_rx_7) @ E010 -> finalist_runs/E3_no_res_control/best_model_worst_rx.pth
====================================================================================================================================
[Epoch 046/060] time=90.2s | lr=7.29e-06 | aux_scale=1.000
[STAGE] phase=S2_stabilize_aux | use_aux=1.0 cons=0.53 cls_aux=0.48 reg=0.62 joint_inv=0.27 kl=0.36 group_ce=0.88
[MIXSTYLE-EPOCH] phase=base enabled=1 p=0.150 strength=0.650 anneal_t=0.000
[AUG] scale=0.350 | p_dac=0.000 p_pa=0.049 p_shift=0.122 p_cfo=0.122 p_awgn=0.140 p_mp=0.063 | max_shift=11 cfo_max=0.00014 pn_max=0.0021
------------------------------------------------------------------------------------------------------------------------------------
[LOSS-CORE] total=4.2135 cls=1.4951 dom=0.5180 adv=2.6200 orth=0.0020 cons=0.1943 group_ce=2.5754
[LOSS-AUX]  cls_pa=1.3956 cls_dac=0.0000 pa_joint_inv=0.1922 pa_kl=1.2064 dac_reg=0.0000 pa_reg=0.0168 gap_dac=0.0000 gap_pa=0.1109 cos_joint_pa=0.8078 cos_imp_pa=nan
[LOSS-SAT]  cls_sat=9.3529 sat_cons=0.7280 sat_cos=0.2720
[LOSS-DG]   proto=0.0000 proto_cos=nan supcon=0.0000 fishr=0.0015 sgc_res=0.0994
[LOSS-CAL]  ecc=0.0000 ecc_w=0.0000 ecc_tau=0.9061 ecc_maxp=nan
[TRAIN] tx=87.91% dom=81.45% cons_cos=0.8057
[GRAD]  total=2.322 backbone=1.000 aux=0.750 domain=0.452
[VAL]   tx=98.78% dom=93.45%
[TEST]  overall_tx=89.13% (181816/204000)
[TEST-SPLIT]
          unseen_day_seen_rx(days=['2021_03_15', '2021_03_23'], rxs=[0, 1, 2, 3, 4, 5, 6]): tx=93.06% (78172/84000)
          seen_day_unseen_rx(days=['2021_03_01', '2021_03_08'], rxs=[7, 8, 9, 10, 11]): tx=88.34% (53007/60000)
          unseen_day_unseen_rx(days=['2021_03_15', '2021_03_23'], rxs=[7, 8, 9, 10, 11]): tx=84.39% (50637/60000)
          day=2021_03_15 on seen_rxs=[0, 1, 2, 3, 4, 5, 6]: tx=95.53% (40124/42000)
          day=2021_03_23 on seen_rxs=[0, 1, 2, 3, 4, 5, 6]: tx=90.59% (38048/42000)
          rx=7 on seen_days=['2021_03_01', '2021_03_08']: tx=84.50% (10140/12000)
          rx=8 on seen_days=['2021_03_01', '2021_03_08']: tx=84.18% (10102/12000)
          rx=9 on seen_days=['2021_03_01', '2021_03_08']: tx=88.10% (10572/12000)
          rx=10 on seen_days=['2021_03_01', '2021_03_08']: tx=90.80% (10896/12000)
          rx=11 on seen_days=['2021_03_01', '2021_03_08']: tx=94.14% (11297/12000)
[BEST-JOINT]  val_tx=98.95% & test_tx=88.99% @ E020
[CKPT]  latest -> finalist_runs/E3_no_res_control/latest_model.pth (saved) | best -> finalist_runs/E3_no_res_control/best_model_val.pth
====================================================================================================================================
[SAT-TEST] scenario=clear_leo selected=test_unseen_day_unseen_rx overall_tx=44.07% strict_udu=44.07% (26443/60000)
[SAT-TEST] scenario=low_elev_leo selected=test_unseen_day_unseen_rx overall_tx=43.81% strict_udu=43.81% (26287/60000)
[SAT-TEST] scenario=rain_leo selected=test_unseen_day_unseen_rx overall_tx=41.69% strict_udu=41.69% (25011/60000)
[SAT-TEST] scenario=storm_mp selected=test_unseen_day_unseen_rx overall_tx=37.25% strict_udu=37.25% (22350/60000)
[SAT-TEST] scenario=mixed_orbit selected=test_unseen_day_unseen_rx overall_tx=39.83% strict_udu=39.83% (23895/60000)
[BEST-TEST] overall=90.76% @ E014 -> finalist_runs/E3_no_res_control/best_model_test_overall.pth | unseen_day_unseen_rx=86.69% @ E014 -> finalist_runs/E3_no_res_control/best_model_strict_udu.pth | unseen_day_seen_rx=93.81% @ E014 | seen_day_unseen_rx=90.57% @ E014
[BEST-PRIMARY] score=88.12 @ E014 -> finalist_runs/E3_no_res_control/best_model_primary_ood.pth | overall=90.76% strict_udu=86.69%
[BEST-WORST-RX] worst_rx=86.27% (test_rx_7) @ E010 -> finalist_runs/E3_no_res_control/best_model_worst_rx.pth
====================================================================================================================================
[Epoch 047/060] time=90.5s | lr=6.46e-06 | aux_scale=1.000
[STAGE] phase=S2_stabilize_aux | use_aux=1.0 cons=0.55 cls_aux=0.50 reg=0.64 joint_inv=0.28 kl=0.37 group_ce=0.89
[MIXSTYLE-EPOCH] phase=base enabled=1 p=0.150 strength=0.650 anneal_t=0.000
[AUG] scale=0.350 | p_dac=0.000 p_pa=0.049 p_shift=0.122 p_cfo=0.122 p_awgn=0.140 p_mp=0.063 | max_shift=11 cfo_max=0.00014 pn_max=0.0021
------------------------------------------------------------------------------------------------------------------------------------
[LOSS-CORE] total=4.5346 cls=1.7086 dom=0.5831 adv=2.6250 orth=0.0020 cons=0.1946 group_ce=2.8097
[LOSS-AUX]  cls_pa=1.3765 cls_dac=0.0000 pa_joint_inv=0.1911 pa_kl=1.1884 dac_reg=0.0000 pa_reg=0.0170 gap_dac=0.0000 gap_pa=0.1115 cos_joint_pa=0.8089 cos_imp_pa=nan
[LOSS-SAT]  cls_sat=9.3575 sat_cons=0.7209 sat_cos=0.2791
[LOSS-DG]   proto=0.0000 proto_cos=nan supcon=0.0000 fishr=0.0017 sgc_res=0.1007
[LOSS-CAL]  ecc=0.0000 ecc_w=0.0000 ecc_tau=0.9115 ecc_maxp=nan
[TRAIN] tx=86.15% dom=79.55% cons_cos=0.8054
[GRAD]  total=2.565 backbone=1.000 aux=0.750 domain=0.457
[VAL]   tx=98.76% dom=93.53%
[TEST]  overall_tx=88.72% (180998/204000)
[TEST-SPLIT]
          unseen_day_seen_rx(days=['2021_03_15', '2021_03_23'], rxs=[0, 1, 2, 3, 4, 5, 6]): tx=92.84% (77986/84000)
          seen_day_unseen_rx(days=['2021_03_01', '2021_03_08'], rxs=[7, 8, 9, 10, 11]): tx=87.75% (52647/60000)
          unseen_day_unseen_rx(days=['2021_03_15', '2021_03_23'], rxs=[7, 8, 9, 10, 11]): tx=83.94% (50365/60000)
          day=2021_03_15 on seen_rxs=[0, 1, 2, 3, 4, 5, 6]: tx=95.19% (39981/42000)
          day=2021_03_23 on seen_rxs=[0, 1, 2, 3, 4, 5, 6]: tx=90.49% (38005/42000)
          rx=7 on seen_days=['2021_03_01', '2021_03_08']: tx=83.92% (10070/12000)
          rx=8 on seen_days=['2021_03_01', '2021_03_08']: tx=83.31% (9997/12000)
          rx=9 on seen_days=['2021_03_01', '2021_03_08']: tx=87.46% (10495/12000)
          rx=10 on seen_days=['2021_03_01', '2021_03_08']: tx=90.67% (10881/12000)
          rx=11 on seen_days=['2021_03_01', '2021_03_08']: tx=93.37% (11204/12000)
[BEST-JOINT]  val_tx=98.95% & test_tx=88.99% @ E020
[CKPT]  latest -> finalist_runs/E3_no_res_control/latest_model.pth (saved) | best -> finalist_runs/E3_no_res_control/best_model_val.pth
====================================================================================================================================
[SAT-TEST] scenario=clear_leo selected=test_unseen_day_unseen_rx overall_tx=43.70% strict_udu=43.70% (26218/60000)
[SAT-TEST] scenario=low_elev_leo selected=test_unseen_day_unseen_rx overall_tx=43.32% strict_udu=43.32% (25994/60000)
[SAT-TEST] scenario=rain_leo selected=test_unseen_day_unseen_rx overall_tx=41.30% strict_udu=41.30% (24783/60000)
[SAT-TEST] scenario=storm_mp selected=test_unseen_day_unseen_rx overall_tx=37.08% strict_udu=37.08% (22246/60000)
[SAT-TEST] scenario=mixed_orbit selected=test_unseen_day_unseen_rx overall_tx=39.59% strict_udu=39.59% (23754/60000)
[BEST-TEST] overall=90.76% @ E014 -> finalist_runs/E3_no_res_control/best_model_test_overall.pth | unseen_day_unseen_rx=86.69% @ E014 -> finalist_runs/E3_no_res_control/best_model_strict_udu.pth | unseen_day_seen_rx=93.81% @ E014 | seen_day_unseen_rx=90.57% @ E014
[BEST-PRIMARY] score=88.12 @ E014 -> finalist_runs/E3_no_res_control/best_model_primary_ood.pth | overall=90.76% strict_udu=86.69%
[BEST-WORST-RX] worst_rx=86.27% (test_rx_7) @ E010 -> finalist_runs/E3_no_res_control/best_model_worst_rx.pth
====================================================================================================================================
[Epoch 048/060] time=90.7s | lr=5.68e-06 | aux_scale=1.000
[STAGE] phase=S2_stabilize_aux | use_aux=1.0 cons=0.57 cls_aux=0.52 reg=0.65 joint_inv=0.29 kl=0.39 group_ce=0.90
[MIXSTYLE-EPOCH] phase=base enabled=1 p=0.150 strength=0.650 anneal_t=0.000
[AUG] scale=0.350 | p_dac=0.000 p_pa=0.049 p_shift=0.122 p_cfo=0.122 p_awgn=0.140 p_mp=0.063 | max_shift=11 cfo_max=0.00014 pn_max=0.0021
------------------------------------------------------------------------------------------------------------------------------------
[LOSS-CORE] total=4.5387 cls=1.6985 dom=0.5576 adv=2.6220 orth=0.0019 cons=0.1971 group_ce=2.8025
[LOSS-AUX]  cls_pa=1.4455 cls_dac=0.0000 pa_joint_inv=0.1946 pa_kl=1.2530 dac_reg=0.0000 pa_reg=0.0168 gap_dac=0.0000 gap_pa=0.1114 cos_joint_pa=0.8054 cos_imp_pa=nan
[LOSS-SAT]  cls_sat=9.4936 sat_cons=0.7329 sat_cos=0.2671
[LOSS-DG]   proto=0.0000 proto_cos=nan supcon=0.0000 fishr=0.0017 sgc_res=0.0998
[LOSS-CAL]  ecc=0.0000 ecc_w=0.0000 ecc_tau=0.9166 ecc_maxp=nan
[TRAIN] tx=86.03% dom=79.90% cons_cos=0.8029
[GRAD]  total=2.386 backbone=1.000 aux=0.750 domain=0.440
[VAL]   tx=98.79% dom=93.58%
[TEST]  overall_tx=88.98% (181512/204000)
[TEST-SPLIT]
          unseen_day_seen_rx(days=['2021_03_15', '2021_03_23'], rxs=[0, 1, 2, 3, 4, 5, 6]): tx=92.90% (78038/84000)
          seen_day_unseen_rx(days=['2021_03_01', '2021_03_08'], rxs=[7, 8, 9, 10, 11]): tx=88.15% (52888/60000)
          unseen_day_unseen_rx(days=['2021_03_15', '2021_03_23'], rxs=[7, 8, 9, 10, 11]): tx=84.31% (50586/60000)
          day=2021_03_15 on seen_rxs=[0, 1, 2, 3, 4, 5, 6]: tx=95.35% (40046/42000)
          day=2021_03_23 on seen_rxs=[0, 1, 2, 3, 4, 5, 6]: tx=90.46% (37992/42000)
          rx=7 on seen_days=['2021_03_01', '2021_03_08']: tx=84.17% (10100/12000)
          rx=8 on seen_days=['2021_03_01', '2021_03_08']: tx=83.95% (10074/12000)
          rx=9 on seen_days=['2021_03_01', '2021_03_08']: tx=88.08% (10569/12000)
          rx=10 on seen_days=['2021_03_01', '2021_03_08']: tx=90.43% (10852/12000)
          rx=11 on seen_days=['2021_03_01', '2021_03_08']: tx=94.11% (11293/12000)
[BEST-JOINT]  val_tx=98.95% & test_tx=88.99% @ E020
[CKPT]  latest -> finalist_runs/E3_no_res_control/latest_model.pth (saved) | best -> finalist_runs/E3_no_res_control/best_model_val.pth
====================================================================================================================================
[SAT-TEST] scenario=clear_leo selected=test_unseen_day_unseen_rx overall_tx=43.73% strict_udu=43.73% (26239/60000)
[SAT-TEST] scenario=low_elev_leo selected=test_unseen_day_unseen_rx overall_tx=43.48% strict_udu=43.48% (26090/60000)
[SAT-TEST] scenario=rain_leo selected=test_unseen_day_unseen_rx overall_tx=41.35% strict_udu=41.35% (24812/60000)
[SAT-TEST] scenario=storm_mp selected=test_unseen_day_unseen_rx overall_tx=37.13% strict_udu=37.13% (22278/60000)
[SAT-TEST] scenario=mixed_orbit selected=test_unseen_day_unseen_rx overall_tx=39.63% strict_udu=39.63% (23780/60000)
[BEST-TEST] overall=90.76% @ E014 -> finalist_runs/E3_no_res_control/best_model_test_overall.pth | unseen_day_unseen_rx=86.69% @ E014 -> finalist_runs/E3_no_res_control/best_model_strict_udu.pth | unseen_day_seen_rx=93.81% @ E014 | seen_day_unseen_rx=90.57% @ E014
[BEST-PRIMARY] score=88.12 @ E014 -> finalist_runs/E3_no_res_control/best_model_primary_ood.pth | overall=90.76% strict_udu=86.69%
[BEST-WORST-RX] worst_rx=86.27% (test_rx_7) @ E010 -> finalist_runs/E3_no_res_control/best_model_worst_rx.pth
[WARN][E049] unsafe backward/step skipped #8
====================================================================================================================================
[Epoch 049/060] time=91.8s | lr=4.95e-06 | aux_scale=1.000
[STAGE] phase=S2_stabilize_aux | use_aux=1.0 cons=0.59 cls_aux=0.54 reg=0.67 joint_inv=0.29 kl=0.40 group_ce=0.91
[MIXSTYLE-EPOCH] phase=base enabled=1 p=0.150 strength=0.650 anneal_t=0.000
[AUG] scale=0.350 | p_dac=0.000 p_pa=0.049 p_shift=0.122 p_cfo=0.122 p_awgn=0.140 p_mp=0.063 | max_shift=11 cfo_max=0.00014 pn_max=0.0021
------------------------------------------------------------------------------------------------------------------------------------
[LOSS-CORE] total=3.8565 cls=1.1629 dom=0.4758 adv=2.6294 orth=0.0023 cons=0.1659 group_ce=2.0481
[LOSS-AUX]  cls_pa=1.3297 cls_dac=0.0000 pa_joint_inv=0.1886 pa_kl=1.1464 dac_reg=0.0000 pa_reg=0.0168 gap_dac=0.0000 gap_pa=0.1113 cos_joint_pa=0.8114 cos_imp_pa=nan
[LOSS-SAT]  cls_sat=9.4075 sat_cons=0.7312 sat_cos=0.2688
[LOSS-DG]   proto=0.0000 proto_cos=nan supcon=0.0000 fishr=0.0011 sgc_res=0.0996
[LOSS-CAL]  ecc=0.0000 ecc_w=0.0000 ecc_tau=0.9214 ecc_maxp=nan
[TRAIN] tx=90.67% dom=83.94% cons_cos=0.8346
[GRAD]  total=2.271 backbone=1.000 aux=0.750 domain=0.426
[VAL]   tx=98.81% dom=93.60%
[TEST]  overall_tx=89.15% (181870/204000)
[TEST-SPLIT]
          unseen_day_seen_rx(days=['2021_03_15', '2021_03_23'], rxs=[0, 1, 2, 3, 4, 5, 6]): tx=93.11% (78213/84000)
          seen_day_unseen_rx(days=['2021_03_01', '2021_03_08'], rxs=[7, 8, 9, 10, 11]): tx=88.44% (53067/60000)
          unseen_day_unseen_rx(days=['2021_03_15', '2021_03_23'], rxs=[7, 8, 9, 10, 11]): tx=84.32% (50590/60000)
          day=2021_03_15 on seen_rxs=[0, 1, 2, 3, 4, 5, 6]: tx=95.40% (40068/42000)
          day=2021_03_23 on seen_rxs=[0, 1, 2, 3, 4, 5, 6]: tx=90.82% (38145/42000)
          rx=7 on seen_days=['2021_03_01', '2021_03_08']: tx=85.13% (10216/12000)
          rx=8 on seen_days=['2021_03_01', '2021_03_08']: tx=84.00% (10080/12000)
          rx=9 on seen_days=['2021_03_01', '2021_03_08']: tx=88.18% (10582/12000)
          rx=10 on seen_days=['2021_03_01', '2021_03_08']: tx=90.97% (10916/12000)
          rx=11 on seen_days=['2021_03_01', '2021_03_08']: tx=93.94% (11273/12000)
[BEST-JOINT]  val_tx=98.95% & test_tx=88.99% @ E020
[CKPT]  latest -> finalist_runs/E3_no_res_control/latest_model.pth (saved) | best -> finalist_runs/E3_no_res_control/best_model_val.pth
====================================================================================================================================
[SAT-TEST] scenario=clear_leo selected=test_unseen_day_unseen_rx overall_tx=44.09% strict_udu=44.09% (26454/60000)
[SAT-TEST] scenario=low_elev_leo selected=test_unseen_day_unseen_rx overall_tx=43.70% strict_udu=43.70% (26220/60000)
[SAT-TEST] scenario=rain_leo selected=test_unseen_day_unseen_rx overall_tx=41.54% strict_udu=41.54% (24926/60000)
[SAT-TEST] scenario=storm_mp selected=test_unseen_day_unseen_rx overall_tx=37.23% strict_udu=37.23% (22337/60000)
[SAT-TEST] scenario=mixed_orbit selected=test_unseen_day_unseen_rx overall_tx=39.83% strict_udu=39.83% (23896/60000)
[BEST-TEST] overall=90.76% @ E014 -> finalist_runs/E3_no_res_control/best_model_test_overall.pth | unseen_day_unseen_rx=86.69% @ E014 -> finalist_runs/E3_no_res_control/best_model_strict_udu.pth | unseen_day_seen_rx=93.81% @ E014 | seen_day_unseen_rx=90.57% @ E014
[BEST-PRIMARY] score=88.12 @ E014 -> finalist_runs/E3_no_res_control/best_model_primary_ood.pth | overall=90.76% strict_udu=86.69%
[BEST-WORST-RX] worst_rx=86.27% (test_rx_7) @ E010 -> finalist_runs/E3_no_res_control/best_model_worst_rx.pth
====================================================================================================================================
[Epoch 050/060] time=90.5s | lr=4.28e-06 | aux_scale=1.000
[STAGE] phase=S2_stabilize_aux | use_aux=1.0 cons=0.61 cls_aux=0.56 reg=0.69 joint_inv=0.30 kl=0.41 group_ce=0.93
[MIXSTYLE-EPOCH] phase=base enabled=1 p=0.150 strength=0.650 anneal_t=0.000
[AUG] scale=0.350 | p_dac=0.000 p_pa=0.049 p_shift=0.122 p_cfo=0.122 p_awgn=0.140 p_mp=0.063 | max_shift=11 cfo_max=0.00014 pn_max=0.0021
------------------------------------------------------------------------------------------------------------------------------------
[LOSS-CORE] total=4.3205 cls=1.5188 dom=0.5090 adv=2.6217 orth=0.0020 cons=0.1926 group_ce=2.5644
[LOSS-AUX]  cls_pa=1.4046 cls_dac=0.0000 pa_joint_inv=0.1918 pa_kl=1.2239 dac_reg=0.0000 pa_reg=0.0168 gap_dac=0.0000 gap_pa=0.1105 cos_joint_pa=0.8082 cos_imp_pa=nan
[LOSS-SAT]  cls_sat=9.3798 sat_cons=0.7267 sat_cos=0.2733
[LOSS-DG]   proto=0.0000 proto_cos=nan supcon=0.0000 fishr=0.0015 sgc_res=0.1009
[LOSS-CAL]  ecc=0.0000 ecc_w=0.0000 ecc_tau=0.9258 ecc_maxp=nan
[TRAIN] tx=87.49% dom=81.67% cons_cos=0.8074
[GRAD]  total=2.735 backbone=1.000 aux=0.750 domain=0.451
[VAL]   tx=98.77% dom=93.63%
[TEST]  overall_tx=88.81% (181165/204000)
[TEST-SPLIT]
          unseen_day_seen_rx(days=['2021_03_15', '2021_03_23'], rxs=[0, 1, 2, 3, 4, 5, 6]): tx=92.82% (77969/84000)
          seen_day_unseen_rx(days=['2021_03_01', '2021_03_08'], rxs=[7, 8, 9, 10, 11]): tx=87.89% (52736/60000)
          unseen_day_unseen_rx(days=['2021_03_15', '2021_03_23'], rxs=[7, 8, 9, 10, 11]): tx=84.10% (50460/60000)
          day=2021_03_15 on seen_rxs=[0, 1, 2, 3, 4, 5, 6]: tx=95.09% (39939/42000)
          day=2021_03_23 on seen_rxs=[0, 1, 2, 3, 4, 5, 6]: tx=90.55% (38030/42000)
          rx=7 on seen_days=['2021_03_01', '2021_03_08']: tx=83.83% (10059/12000)
          rx=8 on seen_days=['2021_03_01', '2021_03_08']: tx=83.62% (10034/12000)
          rx=9 on seen_days=['2021_03_01', '2021_03_08']: tx=87.81% (10537/12000)
          rx=10 on seen_days=['2021_03_01', '2021_03_08']: tx=90.50% (10860/12000)
          rx=11 on seen_days=['2021_03_01', '2021_03_08']: tx=93.72% (11246/12000)
[BEST-JOINT]  val_tx=98.95% & test_tx=88.99% @ E020
[CKPT]  latest -> finalist_runs/E3_no_res_control/latest_model.pth (saved) | best -> finalist_runs/E3_no_res_control/best_model_val.pth
====================================================================================================================================
[SAT-TEST] scenario=clear_leo selected=test_unseen_day_unseen_rx overall_tx=43.63% strict_udu=43.63% (26178/60000)
[SAT-TEST] scenario=low_elev_leo selected=test_unseen_day_unseen_rx overall_tx=43.25% strict_udu=43.25% (25950/60000)
[SAT-TEST] scenario=rain_leo selected=test_unseen_day_unseen_rx overall_tx=41.19% strict_udu=41.19% (24714/60000)
[SAT-TEST] scenario=storm_mp selected=test_unseen_day_unseen_rx overall_tx=37.05% strict_udu=37.05% (22229/60000)
[SAT-TEST] scenario=mixed_orbit selected=test_unseen_day_unseen_rx overall_tx=39.45% strict_udu=39.45% (23671/60000)
[BEST-TEST] overall=90.76% @ E014 -> finalist_runs/E3_no_res_control/best_model_test_overall.pth | unseen_day_unseen_rx=86.69% @ E014 -> finalist_runs/E3_no_res_control/best_model_strict_udu.pth | unseen_day_seen_rx=93.81% @ E014 | seen_day_unseen_rx=90.57% @ E014
[BEST-PRIMARY] score=88.12 @ E014 -> finalist_runs/E3_no_res_control/best_model_primary_ood.pth | overall=90.76% strict_udu=86.69%
[BEST-WORST-RX] worst_rx=86.27% (test_rx_7) @ E010 -> finalist_runs/E3_no_res_control/best_model_worst_rx.pth
====================================================================================================================================
[Epoch 051/060] time=92.1s | lr=3.67e-06 | aux_scale=1.000
[STAGE] phase=S2_stabilize_aux | use_aux=1.0 cons=0.64 cls_aux=0.59 reg=0.71 joint_inv=0.31 kl=0.43 group_ce=0.94
[MIXSTYLE-EPOCH] phase=base enabled=1 p=0.150 strength=0.650 anneal_t=0.000
[AUG] scale=0.350 | p_dac=0.000 p_pa=0.049 p_shift=0.122 p_cfo=0.122 p_awgn=0.140 p_mp=0.063 | max_shift=11 cfo_max=0.00014 pn_max=0.0021
------------------------------------------------------------------------------------------------------------------------------------
[LOSS-CORE] total=4.3674 cls=1.5006 dom=0.5615 adv=2.6239 orth=0.0020 cons=0.1862 group_ce=2.5156
[LOSS-AUX]  cls_pa=1.3507 cls_dac=0.0000 pa_joint_inv=0.1901 pa_kl=1.1672 dac_reg=0.0000 pa_reg=0.0169 gap_dac=0.0000 gap_pa=0.1109 cos_joint_pa=0.8099 cos_imp_pa=nan
[LOSS-SAT]  cls_sat=9.3729 sat_cons=0.7304 sat_cos=0.2696
[LOSS-DG]   proto=0.0000 proto_cos=nan supcon=0.0000 fishr=0.0014 sgc_res=0.1030
[LOSS-CAL]  ecc=0.0000 ecc_w=0.0000 ecc_tau=0.9299 ecc_maxp=nan
[TRAIN] tx=87.71% dom=80.63% cons_cos=0.8138
[GRAD]  total=2.186 backbone=1.000 aux=0.750 domain=0.452
[VAL]   tx=98.86% dom=93.58%
[TEST]  overall_tx=89.33% (182240/204000)
[TEST-SPLIT]
          unseen_day_seen_rx(days=['2021_03_15', '2021_03_23'], rxs=[0, 1, 2, 3, 4, 5, 6]): tx=93.19% (78280/84000)
          seen_day_unseen_rx(days=['2021_03_01', '2021_03_08'], rxs=[7, 8, 9, 10, 11]): tx=88.78% (53266/60000)
          unseen_day_unseen_rx(days=['2021_03_15', '2021_03_23'], rxs=[7, 8, 9, 10, 11]): tx=84.49% (50694/60000)
          day=2021_03_15 on seen_rxs=[0, 1, 2, 3, 4, 5, 6]: tx=95.37% (40056/42000)
          day=2021_03_23 on seen_rxs=[0, 1, 2, 3, 4, 5, 6]: tx=91.01% (38224/42000)
          rx=7 on seen_days=['2021_03_01', '2021_03_08']: tx=85.17% (10221/12000)
          rx=8 on seen_days=['2021_03_01', '2021_03_08']: tx=84.07% (10088/12000)
          rx=9 on seen_days=['2021_03_01', '2021_03_08']: tx=88.79% (10655/12000)
          rx=10 on seen_days=['2021_03_01', '2021_03_08']: tx=91.13% (10936/12000)
          rx=11 on seen_days=['2021_03_01', '2021_03_08']: tx=94.72% (11366/12000)
[BEST-JOINT]  val_tx=98.95% & test_tx=88.99% @ E020
[CKPT]  latest -> finalist_runs/E3_no_res_control/latest_model.pth (saved) | best -> finalist_runs/E3_no_res_control/best_model_val.pth
====================================================================================================================================
[SAT-TEST] scenario=clear_leo selected=test_unseen_day_unseen_rx overall_tx=43.84% strict_udu=43.84% (26303/60000)
[SAT-TEST] scenario=low_elev_leo selected=test_unseen_day_unseen_rx overall_tx=43.48% strict_udu=43.48% (26085/60000)
[SAT-TEST] scenario=rain_leo selected=test_unseen_day_unseen_rx overall_tx=41.31% strict_udu=41.31% (24785/60000)
[SAT-TEST] scenario=storm_mp selected=test_unseen_day_unseen_rx overall_tx=37.19% strict_udu=37.19% (22312/60000)
[SAT-TEST] scenario=mixed_orbit selected=test_unseen_day_unseen_rx overall_tx=39.72% strict_udu=39.72% (23829/60000)
[BEST-TEST] overall=90.76% @ E014 -> finalist_runs/E3_no_res_control/best_model_test_overall.pth | unseen_day_unseen_rx=86.69% @ E014 -> finalist_runs/E3_no_res_control/best_model_strict_udu.pth | unseen_day_seen_rx=93.81% @ E014 | seen_day_unseen_rx=90.57% @ E014
[BEST-PRIMARY] score=88.12 @ E014 -> finalist_runs/E3_no_res_control/best_model_primary_ood.pth | overall=90.76% strict_udu=86.69%
[BEST-WORST-RX] worst_rx=86.27% (test_rx_7) @ E010 -> finalist_runs/E3_no_res_control/best_model_worst_rx.pth
====================================================================================================================================
[Epoch 052/060] time=91.7s | lr=3.12e-06 | aux_scale=1.000
[STAGE] phase=S2_stabilize_aux | use_aux=1.0 cons=0.66 cls_aux=0.61 reg=0.72 joint_inv=0.32 kl=0.44 group_ce=0.95
[MIXSTYLE-EPOCH] phase=base enabled=1 p=0.150 strength=0.650 anneal_t=0.000
[AUG] scale=0.350 | p_dac=0.000 p_pa=0.049 p_shift=0.122 p_cfo=0.122 p_awgn=0.140 p_mp=0.063 | max_shift=11 cfo_max=0.00014 pn_max=0.0021
------------------------------------------------------------------------------------------------------------------------------------
[LOSS-CORE] total=4.2649 cls=1.4618 dom=0.4961 adv=2.6185 orth=0.0021 cons=0.1913 group_ce=2.4436
[LOSS-AUX]  cls_pa=1.3273 cls_dac=0.0000 pa_joint_inv=0.1885 pa_kl=1.1360 dac_reg=0.0000 pa_reg=0.0169 gap_dac=0.0000 gap_pa=0.1104 cos_joint_pa=0.8115 cos_imp_pa=nan
[LOSS-SAT]  cls_sat=9.2484 sat_cons=0.7266 sat_cos=0.2734
[LOSS-DG]   proto=0.0000 proto_cos=nan supcon=0.0000 fishr=0.0014 sgc_res=0.0911
[LOSS-CAL]  ecc=0.0000 ecc_w=0.0000 ecc_tau=0.9337 ecc_maxp=nan
[TRAIN] tx=88.02% dom=82.01% cons_cos=0.8087
[GRAD]  total=2.305 backbone=1.000 aux=0.750 domain=0.423
[VAL]   tx=98.86% dom=93.57%
[TEST]  overall_tx=89.55% (182673/204000)
[TEST-SPLIT]
          unseen_day_seen_rx(days=['2021_03_15', '2021_03_23'], rxs=[0, 1, 2, 3, 4, 5, 6]): tx=93.21% (78297/84000)
          seen_day_unseen_rx(days=['2021_03_01', '2021_03_08'], rxs=[7, 8, 9, 10, 11]): tx=89.06% (53434/60000)
          unseen_day_unseen_rx(days=['2021_03_15', '2021_03_23'], rxs=[7, 8, 9, 10, 11]): tx=84.90% (50942/60000)
          day=2021_03_15 on seen_rxs=[0, 1, 2, 3, 4, 5, 6]: tx=95.59% (40147/42000)
          day=2021_03_23 on seen_rxs=[0, 1, 2, 3, 4, 5, 6]: tx=90.83% (38150/42000)
          rx=7 on seen_days=['2021_03_01', '2021_03_08']: tx=85.29% (10235/12000)
          rx=8 on seen_days=['2021_03_01', '2021_03_08']: tx=84.51% (10141/12000)
          rx=9 on seen_days=['2021_03_01', '2021_03_08']: tx=89.05% (10686/12000)
          rx=10 on seen_days=['2021_03_01', '2021_03_08']: tx=91.06% (10927/12000)
          rx=11 on seen_days=['2021_03_01', '2021_03_08']: tx=95.38% (11445/12000)
[BEST-JOINT]  val_tx=98.95% & test_tx=88.99% @ E020
[CKPT]  latest -> finalist_runs/E3_no_res_control/latest_model.pth (saved) | best -> finalist_runs/E3_no_res_control/best_model_val.pth
====================================================================================================================================
[SAT-TEST] scenario=clear_leo selected=test_unseen_day_unseen_rx overall_tx=44.13% strict_udu=44.13% (26481/60000)
[SAT-TEST] scenario=low_elev_leo selected=test_unseen_day_unseen_rx overall_tx=43.84% strict_udu=43.84% (26306/60000)
[SAT-TEST] scenario=rain_leo selected=test_unseen_day_unseen_rx overall_tx=41.62% strict_udu=41.62% (24970/60000)
[SAT-TEST] scenario=storm_mp selected=test_unseen_day_unseen_rx overall_tx=37.35% strict_udu=37.35% (22408/60000)
[SAT-TEST] scenario=mixed_orbit selected=test_unseen_day_unseen_rx overall_tx=40.15% strict_udu=40.15% (24088/60000)
[BEST-TEST] overall=90.76% @ E014 -> finalist_runs/E3_no_res_control/best_model_test_overall.pth | unseen_day_unseen_rx=86.69% @ E014 -> finalist_runs/E3_no_res_control/best_model_strict_udu.pth | unseen_day_seen_rx=93.81% @ E014 | seen_day_unseen_rx=90.57% @ E014
[BEST-PRIMARY] score=88.12 @ E014 -> finalist_runs/E3_no_res_control/best_model_primary_ood.pth | overall=90.76% strict_udu=86.69%
[BEST-WORST-RX] worst_rx=86.27% (test_rx_7) @ E010 -> finalist_runs/E3_no_res_control/best_model_worst_rx.pth
====================================================================================================================================
[Epoch 053/060] time=90.7s | lr=2.63e-06 | aux_scale=1.000
[STAGE] phase=S2_stabilize_aux | use_aux=1.0 cons=0.68 cls_aux=0.63 reg=0.74 joint_inv=0.32 kl=0.46 group_ce=0.96
[MIXSTYLE-EPOCH] phase=base enabled=1 p=0.150 strength=0.650 anneal_t=0.000
[AUG] scale=0.350 | p_dac=0.000 p_pa=0.049 p_shift=0.122 p_cfo=0.122 p_awgn=0.140 p_mp=0.063 | max_shift=11 cfo_max=0.00014 pn_max=0.0021
------------------------------------------------------------------------------------------------------------------------------------
[LOSS-CORE] total=4.0939 cls=1.2739 dom=0.5041 adv=2.6236 orth=0.0021 cons=0.1746 group_ce=2.1453
[LOSS-AUX]  cls_pa=1.3604 cls_dac=0.0000 pa_joint_inv=0.1900 pa_kl=1.1813 dac_reg=0.0000 pa_reg=0.0170 gap_dac=0.0000 gap_pa=0.1099 cos_joint_pa=0.8100 cos_imp_pa=nan
[LOSS-SAT]  cls_sat=9.3398 sat_cons=0.7298 sat_cos=0.2702
[LOSS-DG]   proto=0.0000 proto_cos=nan supcon=0.0000 fishr=0.0012 sgc_res=0.1039
[LOSS-CAL]  ecc=0.0000 ecc_w=0.0000 ecc_tau=0.9370 ecc_maxp=nan
[TRAIN] tx=89.54% dom=81.95% cons_cos=0.8254
[GRAD]  total=2.238 backbone=1.000 aux=0.750 domain=0.443
[VAL]   tx=98.80% dom=93.61%
[TEST]  overall_tx=89.06% (181692/204000)
[TEST-SPLIT]
          unseen_day_seen_rx(days=['2021_03_15', '2021_03_23'], rxs=[0, 1, 2, 3, 4, 5, 6]): tx=92.94% (78073/84000)
          seen_day_unseen_rx(days=['2021_03_01', '2021_03_08'], rxs=[7, 8, 9, 10, 11]): tx=88.23% (52941/60000)
          unseen_day_unseen_rx(days=['2021_03_15', '2021_03_23'], rxs=[7, 8, 9, 10, 11]): tx=84.46% (50678/60000)
          day=2021_03_15 on seen_rxs=[0, 1, 2, 3, 4, 5, 6]: tx=95.24% (39999/42000)
          day=2021_03_23 on seen_rxs=[0, 1, 2, 3, 4, 5, 6]: tx=90.65% (38074/42000)
          rx=7 on seen_days=['2021_03_01', '2021_03_08']: tx=84.10% (10092/12000)
          rx=8 on seen_days=['2021_03_01', '2021_03_08']: tx=84.17% (10100/12000)
          rx=9 on seen_days=['2021_03_01', '2021_03_08']: tx=88.24% (10589/12000)
          rx=10 on seen_days=['2021_03_01', '2021_03_08']: tx=90.18% (10822/12000)
          rx=11 on seen_days=['2021_03_01', '2021_03_08']: tx=94.48% (11338/12000)
[BEST-JOINT]  val_tx=98.95% & test_tx=88.99% @ E020
[CKPT]  latest -> finalist_runs/E3_no_res_control/latest_model.pth (saved) | best -> finalist_runs/E3_no_res_control/best_model_val.pth
====================================================================================================================================
[SAT-TEST] scenario=clear_leo selected=test_unseen_day_unseen_rx overall_tx=43.82% strict_udu=43.82% (26294/60000)
[SAT-TEST] scenario=low_elev_leo selected=test_unseen_day_unseen_rx overall_tx=43.43% strict_udu=43.43% (26056/60000)
[SAT-TEST] scenario=rain_leo selected=test_unseen_day_unseen_rx overall_tx=41.32% strict_udu=41.32% (24791/60000)
[SAT-TEST] scenario=storm_mp selected=test_unseen_day_unseen_rx overall_tx=37.21% strict_udu=37.21% (22325/60000)
[SAT-TEST] scenario=mixed_orbit selected=test_unseen_day_unseen_rx overall_tx=39.83% strict_udu=39.83% (23896/60000)
[BEST-TEST] overall=90.76% @ E014 -> finalist_runs/E3_no_res_control/best_model_test_overall.pth | unseen_day_unseen_rx=86.69% @ E014 -> finalist_runs/E3_no_res_control/best_model_strict_udu.pth | unseen_day_seen_rx=93.81% @ E014 | seen_day_unseen_rx=90.57% @ E014
[BEST-PRIMARY] score=88.12 @ E014 -> finalist_runs/E3_no_res_control/best_model_primary_ood.pth | overall=90.76% strict_udu=86.69%
[BEST-WORST-RX] worst_rx=86.27% (test_rx_7) @ E010 -> finalist_runs/E3_no_res_control/best_model_worst_rx.pth
[WARN][E054] unsafe backward/step skipped #9
====================================================================================================================================
[Epoch 054/060] time=90.9s | lr=2.20e-06 | aux_scale=1.000
[STAGE] phase=S2_stabilize_aux | use_aux=1.0 cons=0.70 cls_aux=0.65 reg=0.76 joint_inv=0.33 kl=0.47 group_ce=0.97
[MIXSTYLE-EPOCH] phase=base enabled=1 p=0.150 strength=0.650 anneal_t=0.000
[AUG] scale=0.350 | p_dac=0.000 p_pa=0.049 p_shift=0.122 p_cfo=0.122 p_awgn=0.140 p_mp=0.063 | max_shift=11 cfo_max=0.00014 pn_max=0.0021
------------------------------------------------------------------------------------------------------------------------------------
[LOSS-CORE] total=4.7129 cls=1.7090 dom=0.5917 adv=2.6218 orth=0.0020 cons=0.1891 group_ce=2.7918
[LOSS-AUX]  cls_pa=1.3289 cls_dac=0.0000 pa_joint_inv=0.1906 pa_kl=1.1482 dac_reg=0.0000 pa_reg=0.0168 gap_dac=0.0000 gap_pa=0.1116 cos_joint_pa=0.8094 cos_imp_pa=nan
[LOSS-SAT]  cls_sat=9.5082 sat_cons=0.7272 sat_cos=0.2728
[LOSS-DG]   proto=0.0000 proto_cos=nan supcon=0.0000 fishr=0.0017 sgc_res=0.0954
[LOSS-CAL]  ecc=0.0000 ecc_w=0.0000 ecc_tau=0.9400 ecc_maxp=nan
[TRAIN] tx=86.15% dom=79.78% cons_cos=0.8116
[GRAD]  total=2.263 backbone=1.000 aux=0.750 domain=0.449
[VAL]   tx=98.84% dom=93.57%
[TEST]  overall_tx=89.32% (182205/204000)
[TEST-SPLIT]
          unseen_day_seen_rx(days=['2021_03_15', '2021_03_23'], rxs=[0, 1, 2, 3, 4, 5, 6]): tx=93.09% (78195/84000)
          seen_day_unseen_rx(days=['2021_03_01', '2021_03_08'], rxs=[7, 8, 9, 10, 11]): tx=88.64% (53186/60000)
          unseen_day_unseen_rx(days=['2021_03_15', '2021_03_23'], rxs=[7, 8, 9, 10, 11]): tx=84.71% (50824/60000)
          day=2021_03_15 on seen_rxs=[0, 1, 2, 3, 4, 5, 6]: tx=95.40% (40069/42000)
          day=2021_03_23 on seen_rxs=[0, 1, 2, 3, 4, 5, 6]: tx=90.78% (38126/42000)
          rx=7 on seen_days=['2021_03_01', '2021_03_08']: tx=84.81% (10177/12000)
          rx=8 on seen_days=['2021_03_01', '2021_03_08']: tx=84.30% (10116/12000)
          rx=9 on seen_days=['2021_03_01', '2021_03_08']: tx=88.75% (10650/12000)
          rx=10 on seen_days=['2021_03_01', '2021_03_08']: tx=90.58% (10870/12000)
          rx=11 on seen_days=['2021_03_01', '2021_03_08']: tx=94.78% (11373/12000)
[BEST-JOINT]  val_tx=98.95% & test_tx=88.99% @ E020
[CKPT]  latest -> finalist_runs/E3_no_res_control/latest_model.pth (saved) | best -> finalist_runs/E3_no_res_control/best_model_val.pth
====================================================================================================================================
[SAT-TEST] scenario=clear_leo selected=test_unseen_day_unseen_rx overall_tx=43.93% strict_udu=43.93% (26357/60000)
[SAT-TEST] scenario=low_elev_leo selected=test_unseen_day_unseen_rx overall_tx=43.66% strict_udu=43.66% (26194/60000)
[SAT-TEST] scenario=rain_leo selected=test_unseen_day_unseen_rx overall_tx=41.35% strict_udu=41.35% (24810/60000)
[SAT-TEST] scenario=storm_mp selected=test_unseen_day_unseen_rx overall_tx=37.27% strict_udu=37.27% (22360/60000)
[SAT-TEST] scenario=mixed_orbit selected=test_unseen_day_unseen_rx overall_tx=39.83% strict_udu=39.83% (23897/60000)
[BEST-TEST] overall=90.76% @ E014 -> finalist_runs/E3_no_res_control/best_model_test_overall.pth | unseen_day_unseen_rx=86.69% @ E014 -> finalist_runs/E3_no_res_control/best_model_strict_udu.pth | unseen_day_seen_rx=93.81% @ E014 | seen_day_unseen_rx=90.57% @ E014
[BEST-PRIMARY] score=88.12 @ E014 -> finalist_runs/E3_no_res_control/best_model_primary_ood.pth | overall=90.76% strict_udu=86.69%
[BEST-WORST-RX] worst_rx=86.27% (test_rx_7) @ E010 -> finalist_runs/E3_no_res_control/best_model_worst_rx.pth
====================================================================================================================================
[Epoch 055/060] time=90.7s | lr=1.83e-06 | aux_scale=1.000
[STAGE] phase=S2_stabilize_aux | use_aux=1.0 cons=0.73 cls_aux=0.68 reg=0.78 joint_inv=0.34 kl=0.48 group_ce=0.99
[MIXSTYLE-EPOCH] phase=base enabled=1 p=0.150 strength=0.650 anneal_t=0.000
[AUG] scale=0.350 | p_dac=0.000 p_pa=0.049 p_shift=0.122 p_cfo=0.122 p_awgn=0.140 p_mp=0.063 | max_shift=11 cfo_max=0.00014 pn_max=0.0021
------------------------------------------------------------------------------------------------------------------------------------
[LOSS-CORE] total=3.5590 cls=0.8424 dom=0.3970 adv=2.6246 orth=0.0024 cons=0.1518 group_ce=1.5771
[LOSS-AUX]  cls_pa=1.3879 cls_dac=0.0000 pa_joint_inv=0.1910 pa_kl=1.2066 dac_reg=0.0000 pa_reg=0.0167 gap_dac=0.0000 gap_pa=0.1106 cos_joint_pa=0.8090 cos_imp_pa=nan
[LOSS-SAT]  cls_sat=9.4246 sat_cons=0.7435 sat_cos=0.2565
[LOSS-DG]   proto=0.0000 proto_cos=nan supcon=0.0000 fishr=0.0008 sgc_res=0.0971
[LOSS-CAL]  ecc=0.0000 ecc_w=0.0000 ecc_tau=0.9427 ecc_maxp=nan
[TRAIN] tx=93.29% dom=85.52% cons_cos=0.8482
[GRAD]  total=2.192 backbone=1.000 aux=0.750 domain=0.432
[VAL]   tx=98.83% dom=93.54%
[TEST]  overall_tx=89.19% (181952/204000)
[TEST-SPLIT]
          unseen_day_seen_rx(days=['2021_03_15', '2021_03_23'], rxs=[0, 1, 2, 3, 4, 5, 6]): tx=93.03% (78141/84000)
          seen_day_unseen_rx(days=['2021_03_01', '2021_03_08'], rxs=[7, 8, 9, 10, 11]): tx=88.50% (53102/60000)
          unseen_day_unseen_rx(days=['2021_03_15', '2021_03_23'], rxs=[7, 8, 9, 10, 11]): tx=84.52% (50709/60000)
          day=2021_03_15 on seen_rxs=[0, 1, 2, 3, 4, 5, 6]: tx=95.33% (40037/42000)
          day=2021_03_23 on seen_rxs=[0, 1, 2, 3, 4, 5, 6]: tx=90.72% (38104/42000)
          rx=7 on seen_days=['2021_03_01', '2021_03_08']: tx=84.68% (10162/12000)
          rx=8 on seen_days=['2021_03_01', '2021_03_08']: tx=84.12% (10094/12000)
          rx=9 on seen_days=['2021_03_01', '2021_03_08']: tx=88.41% (10609/12000)
          rx=10 on seen_days=['2021_03_01', '2021_03_08']: tx=90.90% (10908/12000)
          rx=11 on seen_days=['2021_03_01', '2021_03_08']: tx=94.41% (11329/12000)
[BEST-JOINT]  val_tx=98.95% & test_tx=88.99% @ E020
[CKPT]  latest -> finalist_runs/E3_no_res_control/latest_model.pth (saved) | best -> finalist_runs/E3_no_res_control/best_model_val.pth
====================================================================================================================================
[SAT-TEST] scenario=clear_leo selected=test_unseen_day_unseen_rx overall_tx=43.90% strict_udu=43.90% (26337/60000)
[SAT-TEST] scenario=low_elev_leo selected=test_unseen_day_unseen_rx overall_tx=43.65% strict_udu=43.65% (26191/60000)
[SAT-TEST] scenario=rain_leo selected=test_unseen_day_unseen_rx overall_tx=41.35% strict_udu=41.35% (24808/60000)
[SAT-TEST] scenario=storm_mp selected=test_unseen_day_unseen_rx overall_tx=37.19% strict_udu=37.19% (22315/60000)
[SAT-TEST] scenario=mixed_orbit selected=test_unseen_day_unseen_rx overall_tx=39.72% strict_udu=39.72% (23832/60000)
[BEST-TEST] overall=90.76% @ E014 -> finalist_runs/E3_no_res_control/best_model_test_overall.pth | unseen_day_unseen_rx=86.69% @ E014 -> finalist_runs/E3_no_res_control/best_model_strict_udu.pth | unseen_day_seen_rx=93.81% @ E014 | seen_day_unseen_rx=90.57% @ E014
[BEST-PRIMARY] score=88.12 @ E014 -> finalist_runs/E3_no_res_control/best_model_primary_ood.pth | overall=90.76% strict_udu=86.69%
[BEST-WORST-RX] worst_rx=86.27% (test_rx_7) @ E010 -> finalist_runs/E3_no_res_control/best_model_worst_rx.pth
====================================================================================================================================
[Epoch 056/060] time=90.4s | lr=1.54e-06 | aux_scale=1.000
[STAGE] phase=S2_stabilize_aux | use_aux=1.0 cons=0.75 cls_aux=0.70 reg=0.80 joint_inv=0.35 kl=0.50 group_ce=1.00
[MIXSTYLE-EPOCH] phase=base enabled=1 p=0.150 strength=0.650 anneal_t=0.000
[AUG] scale=0.350 | p_dac=0.000 p_pa=0.049 p_shift=0.122 p_cfo=0.122 p_awgn=0.140 p_mp=0.063 | max_shift=11 cfo_max=0.00014 pn_max=0.0021
------------------------------------------------------------------------------------------------------------------------------------
[LOSS-CORE] total=4.2963 cls=1.3783 dom=0.5113 adv=2.6210 orth=0.0023 cons=0.1750 group_ce=2.3091
[LOSS-AUX]  cls_pa=1.3460 cls_dac=0.0000 pa_joint_inv=0.1901 pa_kl=1.1665 dac_reg=0.0000 pa_reg=0.0168 gap_dac=0.0000 gap_pa=0.1105 cos_joint_pa=0.8099 cos_imp_pa=nan
[LOSS-SAT]  cls_sat=9.3784 sat_cons=0.7259 sat_cos=0.2741
[LOSS-DG]   proto=0.0000 proto_cos=nan supcon=0.0000 fishr=0.0014 sgc_res=0.0986
[LOSS-CAL]  ecc=0.0000 ecc_w=0.0000 ecc_tau=0.9449 ecc_maxp=nan
[TRAIN] tx=88.63% dom=82.07% cons_cos=0.8250
[GRAD]  total=2.195 backbone=1.000 aux=0.750 domain=0.445
[VAL]   tx=98.84% dom=93.61%
[TEST]  overall_tx=89.39% (182349/204000)
[TEST-SPLIT]
          unseen_day_seen_rx(days=['2021_03_15', '2021_03_23'], rxs=[0, 1, 2, 3, 4, 5, 6]): tx=93.11% (78209/84000)
          seen_day_unseen_rx(days=['2021_03_01', '2021_03_08'], rxs=[7, 8, 9, 10, 11]): tx=88.82% (53293/60000)
          unseen_day_unseen_rx(days=['2021_03_15', '2021_03_23'], rxs=[7, 8, 9, 10, 11]): tx=84.75% (50847/60000)
          day=2021_03_15 on seen_rxs=[0, 1, 2, 3, 4, 5, 6]: tx=95.49% (40106/42000)
          day=2021_03_23 on seen_rxs=[0, 1, 2, 3, 4, 5, 6]: tx=90.72% (38103/42000)
          rx=7 on seen_days=['2021_03_01', '2021_03_08']: tx=85.08% (10209/12000)
          rx=8 on seen_days=['2021_03_01', '2021_03_08']: tx=84.33% (10119/12000)
          rx=9 on seen_days=['2021_03_01', '2021_03_08']: tx=88.73% (10648/12000)
          rx=10 on seen_days=['2021_03_01', '2021_03_08']: tx=91.06% (10927/12000)
          rx=11 on seen_days=['2021_03_01', '2021_03_08']: tx=94.92% (11390/12000)
[BEST-JOINT]  val_tx=98.95% & test_tx=88.99% @ E020
[CKPT]  latest -> finalist_runs/E3_no_res_control/latest_model.pth (saved) | best -> finalist_runs/E3_no_res_control/best_model_val.pth
====================================================================================================================================
[SAT-TEST] scenario=clear_leo selected=test_unseen_day_unseen_rx overall_tx=44.08% strict_udu=44.08% (26446/60000)
[SAT-TEST] scenario=low_elev_leo selected=test_unseen_day_unseen_rx overall_tx=43.78% strict_udu=43.78% (26268/60000)
[SAT-TEST] scenario=rain_leo selected=test_unseen_day_unseen_rx overall_tx=41.60% strict_udu=41.60% (24958/60000)
[SAT-TEST] scenario=storm_mp selected=test_unseen_day_unseen_rx overall_tx=37.33% strict_udu=37.33% (22396/60000)
[SAT-TEST] scenario=mixed_orbit selected=test_unseen_day_unseen_rx overall_tx=40.01% strict_udu=40.01% (24003/60000)
[BEST-TEST] overall=90.76% @ E014 -> finalist_runs/E3_no_res_control/best_model_test_overall.pth | unseen_day_unseen_rx=86.69% @ E014 -> finalist_runs/E3_no_res_control/best_model_strict_udu.pth | unseen_day_seen_rx=93.81% @ E014 | seen_day_unseen_rx=90.57% @ E014
[BEST-PRIMARY] score=88.12 @ E014 -> finalist_runs/E3_no_res_control/best_model_primary_ood.pth | overall=90.76% strict_udu=86.69%
[BEST-WORST-RX] worst_rx=86.27% (test_rx_7) @ E010 -> finalist_runs/E3_no_res_control/best_model_worst_rx.pth
====================================================================================================================================
[Epoch 057/060] time=90.3s | lr=1.30e-06 | aux_scale=1.000
[STAGE] phase=S3_refine_aux | use_aux=1.0 cons=0.85 cls_aux=0.80 reg=0.85 joint_inv=0.25 kl=0.50 group_ce=1.00
[MIXSTYLE-EPOCH] phase=base enabled=1 p=0.150 strength=0.650 anneal_t=0.000
[AUG] scale=0.350 | p_dac=0.000 p_pa=0.049 p_shift=0.122 p_cfo=0.122 p_awgn=0.140 p_mp=0.063 | max_shift=11 cfo_max=0.00014 pn_max=0.0021
------------------------------------------------------------------------------------------------------------------------------------
[LOSS-CORE] total=3.9202 cls=1.1021 dom=0.4117 adv=2.6188 orth=0.0022 cons=0.1740 group_ce=2.0550
[LOSS-AUX]  cls_pa=1.3505 cls_dac=0.0000 pa_joint_inv=0.1906 pa_kl=1.1696 dac_reg=0.0000 pa_reg=0.0168 gap_dac=0.0000 gap_pa=0.1110 cos_joint_pa=0.8094 cos_imp_pa=nan
[LOSS-SAT]  cls_sat=9.3435 sat_cons=0.7398 sat_cos=0.2602
[LOSS-DG]   proto=0.0000 proto_cos=nan supcon=0.0000 fishr=0.0012 sgc_res=0.0930
[LOSS-CAL]  ecc=0.0000 ecc_w=0.0000 ecc_tau=0.9467 ecc_maxp=nan
[TRAIN] tx=91.42% dom=84.90% cons_cos=0.8260
[GRAD]  total=2.306 backbone=1.000 aux=0.750 domain=0.436
[VAL]   tx=98.87% dom=93.57%
[TEST]  overall_tx=89.52% (182627/204000)
[TEST-SPLIT]
          unseen_day_seen_rx(days=['2021_03_15', '2021_03_23'], rxs=[0, 1, 2, 3, 4, 5, 6]): tx=93.21% (78294/84000)
          seen_day_unseen_rx(days=['2021_03_01', '2021_03_08'], rxs=[7, 8, 9, 10, 11]): tx=88.98% (53386/60000)
          unseen_day_unseen_rx(days=['2021_03_15', '2021_03_23'], rxs=[7, 8, 9, 10, 11]): tx=84.91% (50947/60000)
          day=2021_03_15 on seen_rxs=[0, 1, 2, 3, 4, 5, 6]: tx=95.51% (40115/42000)
          day=2021_03_23 on seen_rxs=[0, 1, 2, 3, 4, 5, 6]: tx=90.90% (38179/42000)
          rx=7 on seen_days=['2021_03_01', '2021_03_08']: tx=85.28% (10233/12000)
          rx=8 on seen_days=['2021_03_01', '2021_03_08']: tx=84.49% (10139/12000)
          rx=9 on seen_days=['2021_03_01', '2021_03_08']: tx=88.95% (10674/12000)
          rx=10 on seen_days=['2021_03_01', '2021_03_08']: tx=90.93% (10912/12000)
          rx=11 on seen_days=['2021_03_01', '2021_03_08']: tx=95.23% (11428/12000)
[BEST-JOINT]  val_tx=98.95% & test_tx=88.99% @ E020
[CKPT]  latest -> finalist_runs/E3_no_res_control/latest_model.pth (saved) | best -> finalist_runs/E3_no_res_control/best_model_val.pth
====================================================================================================================================
[SAT-TEST] scenario=clear_leo selected=test_unseen_day_unseen_rx overall_tx=44.08% strict_udu=44.08% (26448/60000)
[SAT-TEST] scenario=low_elev_leo selected=test_unseen_day_unseen_rx overall_tx=43.77% strict_udu=43.77% (26261/60000)
[SAT-TEST] scenario=rain_leo selected=test_unseen_day_unseen_rx overall_tx=41.55% strict_udu=41.55% (24930/60000)
[SAT-TEST] scenario=storm_mp selected=test_unseen_day_unseen_rx overall_tx=37.33% strict_udu=37.33% (22399/60000)
[SAT-TEST] scenario=mixed_orbit selected=test_unseen_day_unseen_rx overall_tx=40.04% strict_udu=40.04% (24024/60000)
[BEST-TEST] overall=90.76% @ E014 -> finalist_runs/E3_no_res_control/best_model_test_overall.pth | unseen_day_unseen_rx=86.69% @ E014 -> finalist_runs/E3_no_res_control/best_model_strict_udu.pth | unseen_day_seen_rx=93.81% @ E014 | seen_day_unseen_rx=90.57% @ E014
[BEST-PRIMARY] score=88.12 @ E014 -> finalist_runs/E3_no_res_control/best_model_primary_ood.pth | overall=90.76% strict_udu=86.69%
[BEST-WORST-RX] worst_rx=86.27% (test_rx_7) @ E010 -> finalist_runs/E3_no_res_control/best_model_worst_rx.pth
====================================================================================================================================
[Epoch 058/060] time=91.5s | lr=1.13e-06 | aux_scale=1.000
[STAGE] phase=S3_refine_aux | use_aux=1.0 cons=0.85 cls_aux=0.81 reg=0.85 joint_inv=0.25 kl=0.50 group_ce=1.00
[MIXSTYLE-EPOCH] phase=base enabled=1 p=0.150 strength=0.650 anneal_t=0.000
[AUG] scale=0.350 | p_dac=0.000 p_pa=0.049 p_shift=0.122 p_cfo=0.122 p_awgn=0.140 p_mp=0.063 | max_shift=11 cfo_max=0.00014 pn_max=0.0021
------------------------------------------------------------------------------------------------------------------------------------
[LOSS-CORE] total=4.1507 cls=1.2614 dom=0.4666 adv=2.6185 orth=0.0022 cons=0.1766 group_ce=2.1861
[LOSS-AUX]  cls_pa=1.3469 cls_dac=0.0000 pa_joint_inv=0.1892 pa_kl=1.1663 dac_reg=0.0000 pa_reg=0.0168 gap_dac=0.0000 gap_pa=0.1105 cos_joint_pa=0.8108 cos_imp_pa=nan
[LOSS-SAT]  cls_sat=9.3790 sat_cons=0.7352 sat_cos=0.2648
[LOSS-DG]   proto=0.0000 proto_cos=nan supcon=0.0000 fishr=0.0013 sgc_res=0.0928
[LOSS-CAL]  ecc=0.0000 ecc_w=0.0000 ecc_tau=0.9482 ecc_maxp=nan
[TRAIN] tx=89.92% dom=83.61% cons_cos=0.8235
[GRAD]  total=2.360 backbone=1.000 aux=0.750 domain=0.430
[VAL]   tx=98.84% dom=93.55%
[TEST]  overall_tx=89.35% (182279/204000)
[TEST-SPLIT]
          unseen_day_seen_rx(days=['2021_03_15', '2021_03_23'], rxs=[0, 1, 2, 3, 4, 5, 6]): tx=93.11% (78211/84000)
          seen_day_unseen_rx(days=['2021_03_01', '2021_03_08'], rxs=[7, 8, 9, 10, 11]): tx=88.72% (53229/60000)
          unseen_day_unseen_rx(days=['2021_03_15', '2021_03_23'], rxs=[7, 8, 9, 10, 11]): tx=84.73% (50839/60000)
          day=2021_03_15 on seen_rxs=[0, 1, 2, 3, 4, 5, 6]: tx=95.37% (40054/42000)
          day=2021_03_23 on seen_rxs=[0, 1, 2, 3, 4, 5, 6]: tx=90.85% (38157/42000)
          rx=7 on seen_days=['2021_03_01', '2021_03_08']: tx=84.93% (10192/12000)
          rx=8 on seen_days=['2021_03_01', '2021_03_08']: tx=84.28% (10114/12000)
          rx=9 on seen_days=['2021_03_01', '2021_03_08']: tx=88.64% (10637/12000)
          rx=10 on seen_days=['2021_03_01', '2021_03_08']: tx=90.91% (10909/12000)
          rx=11 on seen_days=['2021_03_01', '2021_03_08']: tx=94.81% (11377/12000)
[BEST-JOINT]  val_tx=98.95% & test_tx=88.99% @ E020
[CKPT]  latest -> finalist_runs/E3_no_res_control/latest_model.pth (saved) | best -> finalist_runs/E3_no_res_control/best_model_val.pth
====================================================================================================================================
[SAT-TEST] scenario=clear_leo selected=test_unseen_day_unseen_rx overall_tx=43.91% strict_udu=43.91% (26347/60000)
[SAT-TEST] scenario=low_elev_leo selected=test_unseen_day_unseen_rx overall_tx=43.58% strict_udu=43.58% (26149/60000)
[SAT-TEST] scenario=rain_leo selected=test_unseen_day_unseen_rx overall_tx=41.41% strict_udu=41.41% (24846/60000)
[SAT-TEST] scenario=storm_mp selected=test_unseen_day_unseen_rx overall_tx=37.20% strict_udu=37.20% (22320/60000)
[SAT-TEST] scenario=mixed_orbit selected=test_unseen_day_unseen_rx overall_tx=39.85% strict_udu=39.85% (23913/60000)
[BEST-TEST] overall=90.76% @ E014 -> finalist_runs/E3_no_res_control/best_model_test_overall.pth | unseen_day_unseen_rx=86.69% @ E014 -> finalist_runs/E3_no_res_control/best_model_strict_udu.pth | unseen_day_seen_rx=93.81% @ E014 | seen_day_unseen_rx=90.57% @ E014
[BEST-PRIMARY] score=88.12 @ E014 -> finalist_runs/E3_no_res_control/best_model_primary_ood.pth | overall=90.76% strict_udu=86.69%
[BEST-WORST-RX] worst_rx=86.27% (test_rx_7) @ E010 -> finalist_runs/E3_no_res_control/best_model_worst_rx.pth
====================================================================================================================================
[Epoch 059/060] time=90.6s | lr=1.03e-06 | aux_scale=1.000
[STAGE] phase=S3_refine_aux | use_aux=1.0 cons=0.86 cls_aux=0.81 reg=0.86 joint_inv=0.25 kl=0.51 group_ce=1.00
[MIXSTYLE-EPOCH] phase=base enabled=1 p=0.150 strength=0.650 anneal_t=0.000
[AUG] scale=0.350 | p_dac=0.000 p_pa=0.049 p_shift=0.122 p_cfo=0.122 p_awgn=0.140 p_mp=0.063 | max_shift=11 cfo_max=0.00014 pn_max=0.0021
------------------------------------------------------------------------------------------------------------------------------------
[LOSS-CORE] total=4.9398 cls=1.8234 dom=0.6136 adv=2.6252 orth=0.0020 cons=0.1991 group_ce=2.8934
[LOSS-AUX]  cls_pa=1.3795 cls_dac=0.0000 pa_joint_inv=0.1918 pa_kl=1.1986 dac_reg=0.0000 pa_reg=0.0171 gap_dac=0.0000 gap_pa=0.1113 cos_joint_pa=0.8082 cos_imp_pa=nan
[LOSS-SAT]  cls_sat=9.3556 sat_cons=0.7176 sat_cos=0.2824
[LOSS-DG]   proto=0.0000 proto_cos=nan supcon=0.0000 fishr=0.0019 sgc_res=0.1056
[LOSS-CAL]  ecc=0.0000 ecc_w=0.0000 ecc_tau=0.9492 ecc_maxp=nan
[TRAIN] tx=84.83% dom=78.85% cons_cos=0.8009
[GRAD]  total=2.413 backbone=1.000 aux=0.750 domain=0.436
[VAL]   tx=98.85% dom=93.58%
[TEST]  overall_tx=89.43% (182440/204000)
[TEST-SPLIT]
          unseen_day_seen_rx(days=['2021_03_15', '2021_03_23'], rxs=[0, 1, 2, 3, 4, 5, 6]): tx=93.14% (78241/84000)
          seen_day_unseen_rx(days=['2021_03_01', '2021_03_08'], rxs=[7, 8, 9, 10, 11]): tx=88.88% (53329/60000)
          unseen_day_unseen_rx(days=['2021_03_15', '2021_03_23'], rxs=[7, 8, 9, 10, 11]): tx=84.78% (50870/60000)
          day=2021_03_15 on seen_rxs=[0, 1, 2, 3, 4, 5, 6]: tx=95.49% (40104/42000)
          day=2021_03_23 on seen_rxs=[0, 1, 2, 3, 4, 5, 6]: tx=90.80% (38137/42000)
          rx=7 on seen_days=['2021_03_01', '2021_03_08']: tx=85.19% (10223/12000)
          rx=8 on seen_days=['2021_03_01', '2021_03_08']: tx=84.40% (10128/12000)
          rx=9 on seen_days=['2021_03_01', '2021_03_08']: tx=88.74% (10649/12000)
          rx=10 on seen_days=['2021_03_01', '2021_03_08']: tx=91.13% (10936/12000)
          rx=11 on seen_days=['2021_03_01', '2021_03_08']: tx=94.94% (11393/12000)
[BEST-JOINT]  val_tx=98.95% & test_tx=88.99% @ E020
[CKPT]  latest -> finalist_runs/E3_no_res_control/latest_model.pth (saved) | best -> finalist_runs/E3_no_res_control/best_model_val.pth
====================================================================================================================================
[SAT-TEST] scenario=clear_leo selected=test_unseen_day_unseen_rx overall_tx=44.06% strict_udu=44.06% (26439/60000)
[SAT-TEST] scenario=low_elev_leo selected=test_unseen_day_unseen_rx overall_tx=43.76% strict_udu=43.76% (26254/60000)
[SAT-TEST] scenario=rain_leo selected=test_unseen_day_unseen_rx overall_tx=41.57% strict_udu=41.57% (24940/60000)
[SAT-TEST] scenario=storm_mp selected=test_unseen_day_unseen_rx overall_tx=37.31% strict_udu=37.31% (22387/60000)
[SAT-TEST] scenario=mixed_orbit selected=test_unseen_day_unseen_rx overall_tx=39.95% strict_udu=39.95% (23968/60000)
[BEST-TEST] overall=90.76% @ E014 -> finalist_runs/E3_no_res_control/best_model_test_overall.pth | unseen_day_unseen_rx=86.69% @ E014 -> finalist_runs/E3_no_res_control/best_model_strict_udu.pth | unseen_day_seen_rx=93.81% @ E014 | seen_day_unseen_rx=90.57% @ E014
[BEST-PRIMARY] score=88.12 @ E014 -> finalist_runs/E3_no_res_control/best_model_primary_ood.pth | overall=90.76% strict_udu=86.69%
[BEST-WORST-RX] worst_rx=86.27% (test_rx_7) @ E010 -> finalist_runs/E3_no_res_control/best_model_worst_rx.pth
====================================================================================================================================
[Epoch 060/060] time=90.4s | lr=1.00e-06 | aux_scale=1.000
[STAGE] phase=S3_refine_aux | use_aux=1.0 cons=0.86 cls_aux=0.82 reg=0.86 joint_inv=0.25 kl=0.51 group_ce=1.00
[MIXSTYLE-EPOCH] phase=base enabled=1 p=0.150 strength=0.650 anneal_t=0.000
[AUG] scale=0.350 | p_dac=0.000 p_pa=0.049 p_shift=0.122 p_cfo=0.122 p_awgn=0.140 p_mp=0.063 | max_shift=11 cfo_max=0.00014 pn_max=0.0021
------------------------------------------------------------------------------------------------------------------------------------
[LOSS-CORE] total=4.6829 cls=1.6553 dom=0.5273 adv=2.6197 orth=0.0021 cons=0.2031 group_ce=2.8082
[LOSS-AUX]  cls_pa=1.3777 cls_dac=0.0000 pa_joint_inv=0.1906 pa_kl=1.1934 dac_reg=0.0000 pa_reg=0.0168 gap_dac=0.0000 gap_pa=0.1115 cos_joint_pa=0.8094 cos_imp_pa=nan
[LOSS-SAT]  cls_sat=9.4331 sat_cons=0.7264 sat_cos=0.2736
[LOSS-DG]   proto=0.0000 proto_cos=nan supcon=0.0000 fishr=0.0017 sgc_res=0.0975
[LOSS-CAL]  ecc=0.0000 ecc_w=0.0000 ecc_tau=0.9498 ecc_maxp=nan
[TRAIN] tx=86.49% dom=80.66% cons_cos=0.7969
[GRAD]  total=2.382 backbone=1.000 aux=0.750 domain=0.453
[VAL]   tx=98.84% dom=93.61%
[TEST]  overall_tx=89.37% (182320/204000)
[TEST-SPLIT]
          unseen_day_seen_rx(days=['2021_03_15', '2021_03_23'], rxs=[0, 1, 2, 3, 4, 5, 6]): tx=93.09% (78192/84000)
          seen_day_unseen_rx(days=['2021_03_01', '2021_03_08'], rxs=[7, 8, 9, 10, 11]): tx=88.81% (53285/60000)
          unseen_day_unseen_rx(days=['2021_03_15', '2021_03_23'], rxs=[7, 8, 9, 10, 11]): tx=84.74% (50843/60000)
          day=2021_03_15 on seen_rxs=[0, 1, 2, 3, 4, 5, 6]: tx=95.41% (40074/42000)
          day=2021_03_23 on seen_rxs=[0, 1, 2, 3, 4, 5, 6]: tx=90.76% (38118/42000)
          rx=7 on seen_days=['2021_03_01', '2021_03_08']: tx=85.09% (10211/12000)
          rx=8 on seen_days=['2021_03_01', '2021_03_08']: tx=84.27% (10112/12000)
          rx=9 on seen_days=['2021_03_01', '2021_03_08']: tx=88.72% (10646/12000)
          rx=10 on seen_days=['2021_03_01', '2021_03_08']: tx=91.17% (10940/12000)
          rx=11 on seen_days=['2021_03_01', '2021_03_08']: tx=94.80% (11376/12000)
[BEST-JOINT]  val_tx=98.95% & test_tx=88.99% @ E020
[CKPT]  latest -> finalist_runs/E3_no_res_control/latest_model.pth (saved) | best -> finalist_runs/E3_no_res_control/best_model_val.pth
====================================================================================================================================
[SAT-TEST] scenario=clear_leo selected=test_unseen_day_unseen_rx overall_tx=43.92% strict_udu=43.92% (26351/60000)
[SAT-TEST] scenario=low_elev_leo selected=test_unseen_day_unseen_rx overall_tx=43.65% strict_udu=43.65% (26192/60000)
[SAT-TEST] scenario=rain_leo selected=test_unseen_day_unseen_rx overall_tx=41.40% strict_udu=41.40% (24841/60000)
[SAT-TEST] scenario=storm_mp selected=test_unseen_day_unseen_rx overall_tx=37.23% strict_udu=37.23% (22337/60000)
[SAT-TEST] scenario=mixed_orbit selected=test_unseen_day_unseen_rx overall_tx=39.77% strict_udu=39.77% (23864/60000)
[BEST-TEST] overall=90.76% @ E014 -> finalist_runs/E3_no_res_control/best_model_test_overall.pth | unseen_day_unseen_rx=86.69% @ E014 -> finalist_runs/E3_no_res_control/best_model_strict_udu.pth | unseen_day_seen_rx=93.81% @ E014 | seen_day_unseen_rx=90.57% @ E014
[BEST-PRIMARY] score=88.12 @ E014 -> finalist_runs/E3_no_res_control/best_model_primary_ood.pth | overall=90.76% strict_udu=86.69%
[BEST-WORST-RX] worst_rx=86.27% (test_rx_7) @ E010 -> finalist_runs/E3_no_res_control/best_model_worst_rx.pth
Training finished. best_joint_val_tx_acc=98.95% & best_joint_test_tx_acc=88.99% at epoch 20
Training finished. best_test_overall_tx_acc=90.76% at epoch 14 -> finalist_runs/E3_no_res_control/best_model_test_overall.pth
Training finished. best_primary_ood_score=88.12 at epoch 14 -> finalist_runs/E3_no_res_control/best_model_primary_ood.pth
Training finished. best_unseen_day_unseen_rx_tx_acc=86.69% at epoch 14 -> finalist_runs/E3_no_res_control/best_model_strict_udu.pth
Training finished. best_worst_rx_tx_acc=86.27% (test_rx_7) at epoch 10 -> finalist_runs/E3_no_res_control/best_model_worst_rx.pth
Training finished. skipped_backward_batches=9
Final split info: {'mode': 'contiguous_trainval_with_explicit_day_rx_isolation', 'train_days_idx': [0, 1], 'train_days_label': ['2021_03_01', '2021_03_08'], 'test_days_idx': [2, 3], 'test_days_label': ['2021_03_15', '2021_03_23'], 'train_rxs_idx': [0, 1, 2, 3, 4, 5, 6], 'train_rxs_label': ['1-1', '1-19', '14-7', '18-2', '19-2', '2-1', '2-19'], 'test_rxs_idx': [7, 8, 9, 10, 11], 'test_rxs_label': ['20-1', '3-19', '7-14', '7-7', '8-8'], 'train_ratio': 0.2, 'requested_val_ratio': 0.8, 'guard_gap': 8, 'trainval_pool_size': 84000, 'train_size': 16800, 'val_size': 66528, 'effective_train_ratio': 0.2, 'effective_val_ratio': 0.792, 'test_size': 204000, 'dropped_gap_size': 672, 'max_samples_per_combo_day123': None, 'max_samples_per_combo_train': None, 'max_samples_per_combo_val': None, 'max_samples_per_combo_test': None, 'named_test_sizes': {'test_unseen_day_seen_rx': 84000, 'test_day_2': 42000, 'test_day_3': 42000, 'test_seen_day_unseen_rx': 60000, 'test_rx_7': 12000, 'test_rx_8': 12000, 'test_rx_9': 12000, 'test_rx_10': 12000, 'test_rx_11': 12000, 'test_unseen_day_unseen_rx': 60000}}
[FINAL-BEST] val_tx=98.95% | test_overall_tx=88.99%
[FINAL-BEST] unseen_day_seen_rx(days=['2021_03_15', '2021_03_23'], rxs=[0, 1, 2, 3, 4, 5, 6]): tx=93.05% (78163/84000)
[FINAL-BEST] seen_day_unseen_rx(days=['2021_03_01', '2021_03_08'], rxs=[7, 8, 9, 10, 11]): tx=88.30% (52979/60000)
[FINAL-BEST] unseen_day_unseen_rx(days=['2021_03_15', '2021_03_23'], rxs=[7, 8, 9, 10, 11]): tx=84.01% (50406/60000)
[FINAL-BEST] day=2021_03_15 on seen_rxs=[0, 1, 2, 3, 4, 5, 6]: tx=94.17% (39553/42000)
[FINAL-BEST] day=2021_03_23 on seen_rxs=[0, 1, 2, 3, 4, 5, 6]: tx=91.93% (38610/42000)
[FINAL-BEST] rx=7 on seen_days=['2021_03_01', '2021_03_08']: tx=84.63% (10156/12000)
[FINAL-BEST] rx=8 on seen_days=['2021_03_01', '2021_03_08']: tx=84.37% (10124/12000)
[FINAL-BEST] rx=9 on seen_days=['2021_03_01', '2021_03_08']: tx=89.80% (10776/12000)
[FINAL-BEST] rx=10 on seen_days=['2021_03_01', '2021_03_08']: tx=89.55% (10746/12000)
[FINAL-BEST] rx=11 on seen_days=['2021_03_01', '2021_03_08']: tx=93.14% (11177/12000)
[FINAL-BEST] [SAT-TEST] scenario=clear_leo selected=test_unseen_day_unseen_rx overall_tx=43.12% strict_udu=43.12% (25871/60000)
[FINAL-BEST] [SAT-TEST] scenario=low_elev_leo selected=test_unseen_day_unseen_rx overall_tx=42.47% strict_udu=42.47% (25482/60000)
[FINAL-BEST] [SAT-TEST] scenario=rain_leo selected=test_unseen_day_unseen_rx overall_tx=40.27% strict_udu=40.27% (24159/60000)
[FINAL-BEST] [SAT-TEST] scenario=storm_mp selected=test_unseen_day_unseen_rx overall_tx=35.61% strict_udu=35.61% (21365/60000)
[FINAL-BEST] [SAT-TEST] scenario=mixed_orbit selected=test_unseen_day_unseen_rx overall_tx=38.15% strict_udu=38.15% (22889/60000)
[FINAL-PRIMARY] val_tx=98.90% | test_overall_tx=90.76% | strict_udu=86.69% | score=88.12
[FINAL-PRIMARY] unseen_day_seen_rx(days=['2021_03_15', '2021_03_23'], rxs=[0, 1, 2, 3, 4, 5, 6]): tx=93.81% (78801/84000)
[FINAL-PRIMARY] seen_day_unseen_rx(days=['2021_03_01', '2021_03_08'], rxs=[7, 8, 9, 10, 11]): tx=90.57% (54340/60000)
[FINAL-PRIMARY] unseen_day_unseen_rx(days=['2021_03_15', '2021_03_23'], rxs=[7, 8, 9, 10, 11]): tx=86.69% (52014/60000)
[FINAL-PRIMARY] day=2021_03_15 on seen_rxs=[0, 1, 2, 3, 4, 5, 6]: tx=95.79% (40230/42000)
[FINAL-PRIMARY] day=2021_03_23 on seen_rxs=[0, 1, 2, 3, 4, 5, 6]: tx=91.84% (38571/42000)
[FINAL-PRIMARY] rx=7 on seen_days=['2021_03_01', '2021_03_08']: tx=86.57% (10388/12000)
[FINAL-PRIMARY] rx=8 on seen_days=['2021_03_01', '2021_03_08']: tx=86.05% (10326/12000)
[FINAL-PRIMARY] rx=9 on seen_days=['2021_03_01', '2021_03_08']: tx=91.62% (10995/12000)
[FINAL-PRIMARY] rx=10 on seen_days=['2021_03_01', '2021_03_08']: tx=92.35% (11082/12000)
[FINAL-PRIMARY] rx=11 on seen_days=['2021_03_01', '2021_03_08']: tx=96.24% (11549/12000)
[FINAL-PRIMARY] [SAT-TEST] scenario=clear_leo selected=test_unseen_day_unseen_rx overall_tx=44.47% strict_udu=44.47% (26679/60000)
[FINAL-PRIMARY] [SAT-TEST] scenario=low_elev_leo selected=test_unseen_day_unseen_rx overall_tx=43.56% strict_udu=43.56% (26134/60000)
[FINAL-PRIMARY] [SAT-TEST] scenario=rain_leo selected=test_unseen_day_unseen_rx overall_tx=41.13% strict_udu=41.13% (24678/60000)
[FINAL-PRIMARY] [SAT-TEST] scenario=storm_mp selected=test_unseen_day_unseen_rx overall_tx=35.61% strict_udu=35.61% (21366/60000)
[FINAL-PRIMARY] [SAT-TEST] scenario=mixed_orbit selected=test_unseen_day_unseen_rx overall_tx=39.54% strict_udu=39.54% (23726/60000)
