Starting Training at 2026-05-08 02:32:01
Device: cuda:0 | AMP: True | use_aug=True
[EXP] s3_rxrobust_no_dac | S3 RX-robust no-DAC: PA-only aux + hard-domain CE for weak unseen receivers | no_dac->disable_dac_aux
[SLIM] group=rxrobust_lite_b_no_dac_mix015 | R05 conservative MixStyle: lower p/strength for no-stats-sensitive domains.
[SAT-EVAL] enabled scenarios=clear_leo,low_elev_leo,rain_leo,storm_mp,mixed_orbit on=test_unseen_day_unseen_rx max_batches=-1
[SAT-TRAIN] scenario=mixed_orbit view_source=main lambda_cons=0.0400 lambda_cls=0.0800 start_epoch=20
[EXP] pa_main=True pa_aux=True dac_aux=False | aug_p_pa=0.140 aug_p_dac=0.000
[EXP] pure_views: dac_only(channel=False, anti=False) | pa_only(channel=False, anti=False)
[EXP] stage schedule: stage1<=E16, stage2<=E56, stage3 ramp=16
[EXP] pure_views: dac_only(channel=False, anti=False) pa_only(channel=False, anti=False) | defect_strength_mode=tiered
[WISIG] overriding num_classes 16 -> 6
[WISIG] pkl=./Dataset_WigSig/ManySig.pkl eq=1 out_len=256 domain=rx_day
[WISIG] TRAIN DAYS: ['2021_03_01', '2021_03_08'] | TRAIN RXS: [0, 1, 2, 3, 4, 5, 6]
[WISIG] TEST  DAYS: ['2021_03_15', '2021_03_23'] | TEST  RXS: [7, 8, 9, 10, 11]
[WISIG] VAL   source: same train_days x train_rxs tail (guard_gap=8)
[WISIG-SPLIT] train_ratio=0.200 requested_val_ratio=0.800 effective_train=0.200 effective_val=0.792
[WISIG] named_test_sizes={'test_unseen_day_seen_rx': 84000, 'test_day_2': 42000, 'test_day_3': 42000, 'test_seen_day_unseen_rx': 60000, 'test_rx_7': 12000, 'test_rx_8': 12000, 'test_rx_9': 12000, 'test_rx_10': 12000, 'test_rx_11': 12000, 'test_unseen_day_unseen_rx': 60000}
[WISIG] split_info={'mode': 'contiguous_trainval_with_explicit_day_rx_isolation', 'train_days_idx': [0, 1], 'train_days_label': ['2021_03_01', '2021_03_08'], 'test_days_idx': [2, 3], 'test_days_label': ['2021_03_15', '2021_03_23'], 'train_rxs_idx': [0, 1, 2, 3, 4, 5, 6], 'train_rxs_label': ['1-1', '1-19', '14-7', '18-2', '19-2', '2-1', '2-19'], 'test_rxs_idx': [7, 8, 9, 10, 11], 'test_rxs_label': ['20-1', '3-19', '7-14', '7-7', '8-8'], 'train_ratio': 0.2, 'requested_val_ratio': 0.8, 'guard_gap': 8, 'trainval_pool_size': 84000, 'train_size': 16800, 'val_size': 66528, 'effective_train_ratio': 0.2, 'effective_val_ratio': 0.792, 'test_size': 204000, 'dropped_gap_size': 672, 'max_samples_per_combo_day123': None, 'max_samples_per_combo_train': None, 'max_samples_per_combo_val': None, 'max_samples_per_combo_test': None, 'named_test_sizes': {'test_unseen_day_seen_rx': 84000, 'test_day_2': 42000, 'test_day_3': 42000, 'test_seen_day_unseen_rx': 60000, 'test_rx_7': 12000, 'test_rx_8': 12000, 'test_rx_9': 12000, 'test_rx_10': 12000, 'test_rx_11': 12000, 'test_unseen_day_unseen_rx': 60000}}
[SAMPLES] train=16800 | val=66528
[SAMPLES-RX][TRAIN] rx[0]=1-1:2400 | rx[1]=1-19:2400 | rx[2]=14-7:2400 | rx[3]=18-2:2400 | rx[4]=19-2:2400 | rx[5]=2-1:2400 | rx[6]=2-19:2400
[SAMPLES-RX][VAL]   rx[0]=1-1:9504 | rx[1]=1-19:9504 | rx[2]=14-7:9504 | rx[3]=18-2:9504 | rx[4]=19-2:9504 | rx[5]=2-1:9504 | rx[6]=2-19:9504
========================================================================================================================
[DOMAIN-MODE] wisig_domain=rx_day | target=JOINT RECEIVER × DATE domain | 中文=接收机×日期联合域
[DOMAIN-MODE] num_train_domains=14
[DOMAIN-LOSS] loss_dom  : 让 z_dom 分类每一个 RX×day 组合域，显式捕捉接收机与日期的耦合偏置。
[DOMAIN-LOSS] loss_adv  : 通过 GRL 让 z_id 同时去除 RX 与 day 的联合域信息。
[DOMAIN-LOSS] loss_cons : 约束同一发射机跨 RX×day 组合域的 ID 特征中心更接近。
[DOMAIN-RISK] 域数最多，域分类更难；batch 内域覆盖不足时 cons/adv 可能不稳定。
[DOMAIN-SPLIT] train_days=['2021_03_01', '2021_03_08'] | train_rxs_idx=[0, 1, 2, 3, 4, 5, 6] | test_days=['2021_03_15', '2021_03_23'] | test_rxs_idx=[7, 8, 9, 10, 11]
[DOMAIN-LABELS] raw_domain -> mapped_domain -> readable_label
  raw=   0 -> mapped=  0 -> rx_day[0]=rx[0]=1-1 × day[0]=2021_03_01
  raw=   1 -> mapped=  1 -> rx_day[1]=rx[0]=1-1 × day[1]=2021_03_08
  raw=   4 -> mapped=  2 -> rx_day[4]=rx[1]=1-19 × day[0]=2021_03_01
  raw=   5 -> mapped=  3 -> rx_day[5]=rx[1]=1-19 × day[1]=2021_03_08
  raw=   8 -> mapped=  4 -> rx_day[8]=rx[2]=14-7 × day[0]=2021_03_01
  raw=   9 -> mapped=  5 -> rx_day[9]=rx[2]=14-7 × day[1]=2021_03_08
  raw=  12 -> mapped=  6 -> rx_day[12]=rx[3]=18-2 × day[0]=2021_03_01
  raw=  13 -> mapped=  7 -> rx_day[13]=rx[3]=18-2 × day[1]=2021_03_08
  raw=  16 -> mapped=  8 -> rx_day[16]=rx[4]=19-2 × day[0]=2021_03_01
  raw=  17 -> mapped=  9 -> rx_day[17]=rx[4]=19-2 × day[1]=2021_03_08
  raw=  20 -> mapped= 10 -> rx_day[20]=rx[5]=2-1 × day[0]=2021_03_01
  raw=  21 -> mapped= 11 -> rx_day[21]=rx[5]=2-1 × day[1]=2021_03_08
  raw=  24 -> mapped= 12 -> rx_day[24]=rx[6]=2-19 × day[0]=2021_03_01
  raw=  25 -> mapped= 13 -> rx_day[25]=rx[6]=2-19 × day[1]=2021_03_08
========================================================================================================================
[SGC-CKPT] loaded source_ckpt=finalist_runs/D1_domain_enhancer_off_seed1337/best_model_primary_ood.pth missing=39 unexpected=0
[MODEL] DualCVSincNetDisentangle variant=lite_b branch_ablation=no_dac emb_dim=192 num_domains=14 params=1,673,902 trainable=1,673,902
[SGC-ADAPTER] enabled=True stage=sgc_augment params=1,493 submodules={'amp_norm': True, 'freq_comp': True, 'spectral_suppressor': True, 'residual_comp': True}
[MIXSTYLE] on=1 p=0.150 alpha=0.100 eps=1.0e-06 layers=time_down,t1 use_domain=1 mix=same_tx_crossdomain strength=0.65 fallback=skip
[MIXSTYLE-SCHEDULE] late_start=110 ramp=35 min_p=0.050 min_strength=0.35 stop_epoch=0
[DOMAIN-BACKBONE] branch_ablation=no_stats enhancer=rcn_stats enhancer_strength=0.35 fast_infer_no_aux=1
[AUG-INIT] enabled | scale:[0.10->0.35] warmup=3 ramp=15 curve=1.25 | base_p_dac=0.00 base_p_pa=0.14
[CKPT-PATHS]
  latest                       -> finalist_runs/E4_full_sgc_mild_res001/latest_model.pth
  best_by_val                  -> finalist_runs/E4_full_sgc_mild_res001/best_model_val.pth
  best_by_test_overall         -> finalist_runs/E4_full_sgc_mild_res001/best_model_test_overall.pth
  best_by_primary_ood         -> finalist_runs/E4_full_sgc_mild_res001/best_model_primary_ood.pth (udu_weight=0.65)
  best_by_unseen_day_unseen_rx -> finalist_runs/E4_full_sgc_mild_res001/best_model_strict_udu.pth
  best_by_unseen_day_seen_rx   -> finalist_runs/E4_full_sgc_mild_res001/best_model_val_test_unseen_day_seen_rx.pth
  best_by_seen_day_unseen_rx   -> finalist_runs/E4_full_sgc_mild_res001/best_model_val_test_seen_day_unseen_rx.pth
  best_by_worst_rx             -> finalist_runs/E4_full_sgc_mild_res001/best_model_worst_rx.pth
[WARN][E001] unsafe backward/step skipped #1
[WARN][E001] unsafe backward/step skipped #2
[WARN][E001] unsafe backward/step skipped #3
[WARN][E001] unsafe backward/step skipped #4
[WARN][E001] unsafe backward/step skipped #5
[WARN][E001] unsafe backward/step skipped #6
====================================================================================================================================
[Epoch 001/060] time=92.1s | lr=5.00e-05 | aux_scale=0.000
[STAGE] phase=S1_core | use_aux=0.0 cons=0.00 cls_aux=0.00 reg=0.00 joint_inv=0.00 kl=0.00 group_ce=0.50
[MIXSTYLE-EPOCH] phase=base enabled=1 p=0.150 strength=0.650 anneal_t=0.000
[AUG] scale=0.100 | p_dac=0.000 p_pa=0.014 p_shift=0.035 p_cfo=0.035 p_awgn=0.040 p_mp=0.018 | max_shift=3 cfo_max=4e-05 pn_max=0.0006
------------------------------------------------------------------------------------------------------------------------------------
[LOSS-CORE] total=2.0192 cls=0.6945 dom=0.4306 adv=2.6170 orth=0.0040 cons=0.1434 group_ce=1.3919
[LOSS-AUX]  cls_pa=0.0000 cls_dac=0.0000 pa_joint_inv=0.0000 pa_kl=0.0000 dac_reg=0.0000 pa_reg=0.0000 gap_dac=0.0000 gap_pa=0.0000 cos_joint_pa=nan cos_imp_pa=nan
[LOSS-SAT]  cls_sat=0.0000 sat_cons=0.0000 sat_cos=nan
[LOSS-DG]   proto=0.0000 proto_cos=nan supcon=0.0000 fishr=0.0006 sgc_res=0.0003
[LOSS-CAL]  ecc=0.0000 ecc_w=0.0000 ecc_tau=0.6500 ecc_maxp=nan
[TRAIN] tx=94.70% dom=85.26% cons_cos=0.8503
[GRAD]  total=5.254 backbone=1.000 aux=0.750 domain=0.470
[VAL]   tx=98.73% dom=92.32%
[TEST]  overall_tx=90.54% (184702/204000)
[TEST-SPLIT]
          unseen_day_seen_rx(days=['2021_03_15', '2021_03_23'], rxs=[0, 1, 2, 3, 4, 5, 6]): tx=93.99% (78949/84000)
          seen_day_unseen_rx(days=['2021_03_01', '2021_03_08'], rxs=[7, 8, 9, 10, 11]): tx=90.37% (54221/60000)
          unseen_day_unseen_rx(days=['2021_03_15', '2021_03_23'], rxs=[7, 8, 9, 10, 11]): tx=85.89% (51532/60000)
          day=2021_03_15 on seen_rxs=[0, 1, 2, 3, 4, 5, 6]: tx=95.55% (40131/42000)
          day=2021_03_23 on seen_rxs=[0, 1, 2, 3, 4, 5, 6]: tx=92.42% (38818/42000)
          rx=7 on seen_days=['2021_03_01', '2021_03_08']: tx=87.52% (10502/12000)
          rx=8 on seen_days=['2021_03_01', '2021_03_08']: tx=84.78% (10173/12000)
          rx=9 on seen_days=['2021_03_01', '2021_03_08']: tx=89.90% (10788/12000)
          rx=10 on seen_days=['2021_03_01', '2021_03_08']: tx=93.27% (11192/12000)
          rx=11 on seen_days=['2021_03_01', '2021_03_08']: tx=96.38% (11566/12000)
[BEST-JOINT]  val_tx=98.73% & test_tx=90.54% @ E001
[CKPT]  latest -> finalist_runs/E4_full_sgc_mild_res001/latest_model.pth (saved) | best -> finalist_runs/E4_full_sgc_mild_res001/best_model_val.pth (updated: val improved)
====================================================================================================================================
[SAT-TEST] scenario=clear_leo selected=test_unseen_day_unseen_rx overall_tx=44.52% strict_udu=44.52% (26714/60000)
[SAT-TEST] scenario=low_elev_leo selected=test_unseen_day_unseen_rx overall_tx=43.62% strict_udu=43.62% (26170/60000)
[SAT-TEST] scenario=rain_leo selected=test_unseen_day_unseen_rx overall_tx=42.00% strict_udu=42.00% (25200/60000)
[SAT-TEST] scenario=storm_mp selected=test_unseen_day_unseen_rx overall_tx=37.82% strict_udu=37.82% (22692/60000)
[SAT-TEST] scenario=mixed_orbit selected=test_unseen_day_unseen_rx overall_tx=40.45% strict_udu=40.45% (24273/60000)
[BEST-TEST] overall=90.54% @ E001 -> finalist_runs/E4_full_sgc_mild_res001/best_model_test_overall.pth | unseen_day_unseen_rx=85.89% @ E001 -> finalist_runs/E4_full_sgc_mild_res001/best_model_strict_udu.pth | unseen_day_seen_rx=93.99% @ E001 | seen_day_unseen_rx=90.37% @ E001
[BEST-PRIMARY] score=87.52 @ E001 -> finalist_runs/E4_full_sgc_mild_res001/best_model_primary_ood.pth | overall=90.54% strict_udu=85.89%
[BEST-WORST-RX] worst_rx=84.78% (test_rx_8) @ E001 -> finalist_runs/E4_full_sgc_mild_res001/best_model_worst_rx.pth
====================================================================================================================================
[Epoch 002/060] time=83.4s | lr=4.99e-05 | aux_scale=0.000
[STAGE] phase=S1_core | use_aux=0.0 cons=0.00 cls_aux=0.00 reg=0.00 joint_inv=0.00 kl=0.00 group_ce=0.50
[MIXSTYLE-EPOCH] phase=base enabled=1 p=0.150 strength=0.650 anneal_t=0.000
[AUG] scale=0.100 | p_dac=0.000 p_pa=0.014 p_shift=0.035 p_cfo=0.035 p_awgn=0.040 p_mp=0.018 | max_shift=3 cfo_max=4e-05 pn_max=0.0006
------------------------------------------------------------------------------------------------------------------------------------
[LOSS-CORE] total=1.9529 cls=0.6726 dom=0.3891 adv=2.6172 orth=0.0035 cons=0.1466 group_ce=1.3336
[LOSS-AUX]  cls_pa=0.0000 cls_dac=0.0000 pa_joint_inv=0.0000 pa_kl=0.0000 dac_reg=0.0000 pa_reg=0.0000 gap_dac=0.0000 gap_pa=0.0000 cos_joint_pa=nan cos_imp_pa=nan
[LOSS-SAT]  cls_sat=0.0000 sat_cons=0.0000 sat_cos=nan
[LOSS-DG]   proto=0.0000 proto_cos=nan supcon=0.0000 fishr=0.0007 sgc_res=0.0006
[LOSS-CAL]  ecc=0.0000 ecc_w=0.0000 ecc_tau=0.6502 ecc_maxp=nan
[TRAIN] tx=95.04% dom=86.91% cons_cos=0.8534
[GRAD]  total=4.321 backbone=0.998 aux=0.750 domain=0.448
[VAL]   tx=98.67% dom=92.68%
[TEST]  overall_tx=89.51% (182594/204000)
[TEST-SPLIT]
          unseen_day_seen_rx(days=['2021_03_15', '2021_03_23'], rxs=[0, 1, 2, 3, 4, 5, 6]): tx=92.89% (78028/84000)
          seen_day_unseen_rx(days=['2021_03_01', '2021_03_08'], rxs=[7, 8, 9, 10, 11]): tx=89.12% (53473/60000)
          unseen_day_unseen_rx(days=['2021_03_15', '2021_03_23'], rxs=[7, 8, 9, 10, 11]): tx=85.16% (51093/60000)
          day=2021_03_15 on seen_rxs=[0, 1, 2, 3, 4, 5, 6]: tx=94.82% (39823/42000)
          day=2021_03_23 on seen_rxs=[0, 1, 2, 3, 4, 5, 6]: tx=90.96% (38205/42000)
          rx=7 on seen_days=['2021_03_01', '2021_03_08']: tx=84.93% (10192/12000)
          rx=8 on seen_days=['2021_03_01', '2021_03_08']: tx=84.12% (10094/12000)
          rx=9 on seen_days=['2021_03_01', '2021_03_08']: tx=89.68% (10762/12000)
          rx=10 on seen_days=['2021_03_01', '2021_03_08']: tx=91.30% (10956/12000)
          rx=11 on seen_days=['2021_03_01', '2021_03_08']: tx=95.58% (11469/12000)
[BEST-JOINT]  val_tx=98.73% & test_tx=90.54% @ E001
[CKPT]  latest -> finalist_runs/E4_full_sgc_mild_res001/latest_model.pth (saved) | best -> finalist_runs/E4_full_sgc_mild_res001/best_model_val.pth
====================================================================================================================================
[SAT-TEST] scenario=clear_leo selected=test_unseen_day_unseen_rx overall_tx=42.44% strict_udu=42.44% (25463/60000)
[SAT-TEST] scenario=low_elev_leo selected=test_unseen_day_unseen_rx overall_tx=43.34% strict_udu=43.34% (26007/60000)
[SAT-TEST] scenario=rain_leo selected=test_unseen_day_unseen_rx overall_tx=40.95% strict_udu=40.95% (24567/60000)
[SAT-TEST] scenario=storm_mp selected=test_unseen_day_unseen_rx overall_tx=36.67% strict_udu=36.67% (22005/60000)
[SAT-TEST] scenario=mixed_orbit selected=test_unseen_day_unseen_rx overall_tx=38.14% strict_udu=38.14% (22885/60000)
[BEST-TEST] overall=90.54% @ E001 -> finalist_runs/E4_full_sgc_mild_res001/best_model_test_overall.pth | unseen_day_unseen_rx=85.89% @ E001 -> finalist_runs/E4_full_sgc_mild_res001/best_model_strict_udu.pth | unseen_day_seen_rx=93.99% @ E001 | seen_day_unseen_rx=90.37% @ E001
[BEST-PRIMARY] score=87.52 @ E001 -> finalist_runs/E4_full_sgc_mild_res001/best_model_primary_ood.pth | overall=90.54% strict_udu=85.89%
[BEST-WORST-RX] worst_rx=84.78% (test_rx_8) @ E001 -> finalist_runs/E4_full_sgc_mild_res001/best_model_worst_rx.pth
====================================================================================================================================
[Epoch 003/060] time=83.5s | lr=4.97e-05 | aux_scale=0.000
[STAGE] phase=S1_core | use_aux=0.0 cons=0.00 cls_aux=0.00 reg=0.00 joint_inv=0.00 kl=0.00 group_ce=0.50
[MIXSTYLE-EPOCH] phase=base enabled=1 p=0.150 strength=0.650 anneal_t=0.000
[AUG] scale=0.100 | p_dac=0.000 p_pa=0.014 p_shift=0.035 p_cfo=0.035 p_awgn=0.040 p_mp=0.018 | max_shift=3 cfo_max=4e-05 pn_max=0.0006
------------------------------------------------------------------------------------------------------------------------------------
[LOSS-CORE] total=2.0280 cls=0.7549 dom=0.3792 adv=2.6184 orth=0.0037 cons=0.1457 group_ce=1.3805
[LOSS-AUX]  cls_pa=0.0000 cls_dac=0.0000 pa_joint_inv=0.0000 pa_kl=0.0000 dac_reg=0.0000 pa_reg=0.0000 gap_dac=0.0000 gap_pa=0.0000 cos_joint_pa=nan cos_imp_pa=nan
[LOSS-SAT]  cls_sat=0.0000 sat_cons=0.0000 sat_cos=nan
[LOSS-DG]   proto=0.0000 proto_cos=nan supcon=0.0000 fishr=0.0006 sgc_res=0.0012
[LOSS-CAL]  ecc=0.0000 ecc_w=0.0000 ecc_tau=0.6508 ecc_maxp=nan
[TRAIN] tx=94.22% dom=86.79% cons_cos=0.8543
[GRAD]  total=3.242 backbone=0.999 aux=0.750 domain=0.448
[VAL]   tx=98.64% dom=92.64%
[TEST]  overall_tx=89.59% (182773/204000)
[TEST-SPLIT]
          unseen_day_seen_rx(days=['2021_03_15', '2021_03_23'], rxs=[0, 1, 2, 3, 4, 5, 6]): tx=93.33% (78397/84000)
          seen_day_unseen_rx(days=['2021_03_01', '2021_03_08'], rxs=[7, 8, 9, 10, 11]): tx=88.96% (53374/60000)
          unseen_day_unseen_rx(days=['2021_03_15', '2021_03_23'], rxs=[7, 8, 9, 10, 11]): tx=85.00% (51002/60000)
          day=2021_03_15 on seen_rxs=[0, 1, 2, 3, 4, 5, 6]: tx=94.65% (39751/42000)
          day=2021_03_23 on seen_rxs=[0, 1, 2, 3, 4, 5, 6]: tx=92.01% (38646/42000)
          rx=7 on seen_days=['2021_03_01', '2021_03_08']: tx=85.69% (10283/12000)
          rx=8 on seen_days=['2021_03_01', '2021_03_08']: tx=84.54% (10145/12000)
          rx=9 on seen_days=['2021_03_01', '2021_03_08']: tx=88.72% (10647/12000)
          rx=10 on seen_days=['2021_03_01', '2021_03_08']: tx=90.88% (10905/12000)
          rx=11 on seen_days=['2021_03_01', '2021_03_08']: tx=94.95% (11394/12000)
[BEST-JOINT]  val_tx=98.73% & test_tx=90.54% @ E001
[CKPT]  latest -> finalist_runs/E4_full_sgc_mild_res001/latest_model.pth (saved) | best -> finalist_runs/E4_full_sgc_mild_res001/best_model_val.pth
====================================================================================================================================
[SAT-TEST] scenario=clear_leo selected=test_unseen_day_unseen_rx overall_tx=44.20% strict_udu=44.20% (26520/60000)
[SAT-TEST] scenario=low_elev_leo selected=test_unseen_day_unseen_rx overall_tx=43.61% strict_udu=43.61% (26167/60000)
[SAT-TEST] scenario=rain_leo selected=test_unseen_day_unseen_rx overall_tx=41.36% strict_udu=41.36% (24814/60000)
[SAT-TEST] scenario=storm_mp selected=test_unseen_day_unseen_rx overall_tx=36.57% strict_udu=36.57% (21943/60000)
[SAT-TEST] scenario=mixed_orbit selected=test_unseen_day_unseen_rx overall_tx=39.65% strict_udu=39.65% (23791/60000)
[BEST-TEST] overall=90.54% @ E001 -> finalist_runs/E4_full_sgc_mild_res001/best_model_test_overall.pth | unseen_day_unseen_rx=85.89% @ E001 -> finalist_runs/E4_full_sgc_mild_res001/best_model_strict_udu.pth | unseen_day_seen_rx=93.99% @ E001 | seen_day_unseen_rx=90.37% @ E001
[BEST-PRIMARY] score=87.52 @ E001 -> finalist_runs/E4_full_sgc_mild_res001/best_model_primary_ood.pth | overall=90.54% strict_udu=85.89%
[BEST-WORST-RX] worst_rx=84.78% (test_rx_8) @ E001 -> finalist_runs/E4_full_sgc_mild_res001/best_model_worst_rx.pth
====================================================================================================================================
[Epoch 004/060] time=82.8s | lr=4.95e-05 | aux_scale=0.067
[STAGE] phase=S1_core | use_aux=0.0 cons=0.00 cls_aux=0.00 reg=0.00 joint_inv=0.00 kl=0.00 group_ce=0.50
[MIXSTYLE-EPOCH] phase=base enabled=1 p=0.150 strength=0.650 anneal_t=0.000
[AUG] scale=0.108 | p_dac=0.000 p_pa=0.015 p_shift=0.038 p_cfo=0.038 p_awgn=0.043 p_mp=0.020 | max_shift=3 cfo_max=4.339e-05 pn_max=0.0006508
------------------------------------------------------------------------------------------------------------------------------------
[LOSS-CORE] total=1.7147 cls=0.5152 dom=0.3200 adv=2.6204 orth=0.0037 cons=0.1380 group_ce=1.0790
[LOSS-AUX]  cls_pa=0.0000 cls_dac=0.0000 pa_joint_inv=0.0000 pa_kl=0.0000 dac_reg=0.0000 pa_reg=0.0000 gap_dac=0.0000 gap_pa=0.0000 cos_joint_pa=nan cos_imp_pa=nan
[LOSS-SAT]  cls_sat=0.0000 sat_cons=0.0000 sat_cos=nan
[LOSS-DG]   proto=0.0000 proto_cos=nan supcon=0.0000 fishr=0.0005 sgc_res=0.0013
[LOSS-CAL]  ecc=0.0000 ecc_w=0.0000 ecc_tau=0.6518 ecc_maxp=nan
[TRAIN] tx=96.56% dom=88.67% cons_cos=0.8620
[GRAD]  total=2.822 backbone=1.000 aux=0.750 domain=0.436
[VAL]   tx=98.90% dom=92.67%
[TEST]  overall_tx=89.71% (183005/204000)
[TEST-SPLIT]
          unseen_day_seen_rx(days=['2021_03_15', '2021_03_23'], rxs=[0, 1, 2, 3, 4, 5, 6]): tx=93.33% (78398/84000)
          seen_day_unseen_rx(days=['2021_03_01', '2021_03_08'], rxs=[7, 8, 9, 10, 11]): tx=89.66% (53795/60000)
          unseen_day_unseen_rx(days=['2021_03_15', '2021_03_23'], rxs=[7, 8, 9, 10, 11]): tx=84.69% (50812/60000)
          day=2021_03_15 on seen_rxs=[0, 1, 2, 3, 4, 5, 6]: tx=94.24% (39580/42000)
          day=2021_03_23 on seen_rxs=[0, 1, 2, 3, 4, 5, 6]: tx=92.42% (38818/42000)
          rx=7 on seen_days=['2021_03_01', '2021_03_08']: tx=86.18% (10342/12000)
          rx=8 on seen_days=['2021_03_01', '2021_03_08']: tx=85.80% (10296/12000)
          rx=9 on seen_days=['2021_03_01', '2021_03_08']: tx=90.00% (10800/12000)
          rx=10 on seen_days=['2021_03_01', '2021_03_08']: tx=90.52% (10862/12000)
          rx=11 on seen_days=['2021_03_01', '2021_03_08']: tx=95.79% (11495/12000)
[BEST-JOINT]  val_tx=98.90% & test_tx=89.71% @ E004
[CKPT]  latest -> finalist_runs/E4_full_sgc_mild_res001/latest_model.pth (saved) | best -> finalist_runs/E4_full_sgc_mild_res001/best_model_val.pth (updated: val improved)
====================================================================================================================================
[SAT-TEST] scenario=clear_leo selected=test_unseen_day_unseen_rx overall_tx=43.70% strict_udu=43.70% (26217/60000)
[SAT-TEST] scenario=low_elev_leo selected=test_unseen_day_unseen_rx overall_tx=42.99% strict_udu=42.99% (25797/60000)
[SAT-TEST] scenario=rain_leo selected=test_unseen_day_unseen_rx overall_tx=41.16% strict_udu=41.16% (24698/60000)
[SAT-TEST] scenario=storm_mp selected=test_unseen_day_unseen_rx overall_tx=36.95% strict_udu=36.95% (22173/60000)
[SAT-TEST] scenario=mixed_orbit selected=test_unseen_day_unseen_rx overall_tx=39.39% strict_udu=39.39% (23634/60000)
[BEST-TEST] overall=90.54% @ E001 -> finalist_runs/E4_full_sgc_mild_res001/best_model_test_overall.pth | unseen_day_unseen_rx=85.89% @ E001 -> finalist_runs/E4_full_sgc_mild_res001/best_model_strict_udu.pth | unseen_day_seen_rx=93.99% @ E001 | seen_day_unseen_rx=90.37% @ E001
[BEST-PRIMARY] score=87.52 @ E001 -> finalist_runs/E4_full_sgc_mild_res001/best_model_primary_ood.pth | overall=90.54% strict_udu=85.89%
[BEST-WORST-RX] worst_rx=85.80% (test_rx_8) @ E004 -> finalist_runs/E4_full_sgc_mild_res001/best_model_worst_rx.pth
====================================================================================================================================
[Epoch 005/060] time=86.5s | lr=4.92e-05 | aux_scale=0.133
[STAGE] phase=S1_core | use_aux=0.0 cons=0.00 cls_aux=0.00 reg=0.00 joint_inv=0.00 kl=0.00 group_ce=0.50
[MIXSTYLE-EPOCH] phase=base enabled=1 p=0.150 strength=0.650 anneal_t=0.000
[AUG] scale=0.120 | p_dac=0.000 p_pa=0.017 p_shift=0.042 p_cfo=0.042 p_awgn=0.048 p_mp=0.022 | max_shift=4 cfo_max=4.806e-05 pn_max=0.0007209
------------------------------------------------------------------------------------------------------------------------------------
[LOSS-CORE] total=1.9082 cls=0.6679 dom=0.3495 adv=2.6192 orth=0.0035 cons=0.1448 group_ce=1.3136
[LOSS-AUX]  cls_pa=0.0000 cls_dac=0.0000 pa_joint_inv=0.0000 pa_kl=0.0000 dac_reg=0.0000 pa_reg=0.0000 gap_dac=0.0000 gap_pa=0.0000 cos_joint_pa=nan cos_imp_pa=nan
[LOSS-SAT]  cls_sat=0.0000 sat_cons=0.0000 sat_cos=nan
[LOSS-DG]   proto=0.0000 proto_cos=nan supcon=0.0000 fishr=0.0007 sgc_res=0.0015
[LOSS-CAL]  ecc=0.0000 ecc_w=0.0000 ecc_tau=0.6533 ecc_maxp=nan
[TRAIN] tx=94.96% dom=87.35% cons_cos=0.8552
[GRAD]  total=2.952 backbone=0.999 aux=0.750 domain=0.436
[VAL]   tx=98.77% dom=93.04%
[TEST]  overall_tx=89.51% (182598/204000)
[TEST-SPLIT]
          unseen_day_seen_rx(days=['2021_03_15', '2021_03_23'], rxs=[0, 1, 2, 3, 4, 5, 6]): tx=92.88% (78019/84000)
          seen_day_unseen_rx(days=['2021_03_01', '2021_03_08'], rxs=[7, 8, 9, 10, 11]): tx=89.29% (53575/60000)
          unseen_day_unseen_rx(days=['2021_03_15', '2021_03_23'], rxs=[7, 8, 9, 10, 11]): tx=85.01% (51004/60000)
          day=2021_03_15 on seen_rxs=[0, 1, 2, 3, 4, 5, 6]: tx=93.88% (39430/42000)
          day=2021_03_23 on seen_rxs=[0, 1, 2, 3, 4, 5, 6]: tx=91.88% (38589/42000)
          rx=7 on seen_days=['2021_03_01', '2021_03_08']: tx=85.31% (10237/12000)
          rx=8 on seen_days=['2021_03_01', '2021_03_08']: tx=86.59% (10391/12000)
          rx=9 on seen_days=['2021_03_01', '2021_03_08']: tx=89.17% (10700/12000)
          rx=10 on seen_days=['2021_03_01', '2021_03_08']: tx=89.67% (10761/12000)
          rx=11 on seen_days=['2021_03_01', '2021_03_08']: tx=95.72% (11486/12000)
[BEST-JOINT]  val_tx=98.90% & test_tx=89.71% @ E004
[CKPT]  latest -> finalist_runs/E4_full_sgc_mild_res001/latest_model.pth (saved) | best -> finalist_runs/E4_full_sgc_mild_res001/best_model_val.pth
====================================================================================================================================
[SAT-TEST] scenario=clear_leo selected=test_unseen_day_unseen_rx overall_tx=42.62% strict_udu=42.62% (25574/60000)
[SAT-TEST] scenario=low_elev_leo selected=test_unseen_day_unseen_rx overall_tx=42.05% strict_udu=42.05% (25230/60000)
[SAT-TEST] scenario=rain_leo selected=test_unseen_day_unseen_rx overall_tx=40.05% strict_udu=40.05% (24031/60000)
[SAT-TEST] scenario=storm_mp selected=test_unseen_day_unseen_rx overall_tx=36.09% strict_udu=36.09% (21655/60000)
[SAT-TEST] scenario=mixed_orbit selected=test_unseen_day_unseen_rx overall_tx=38.63% strict_udu=38.63% (23181/60000)
[BEST-TEST] overall=90.54% @ E001 -> finalist_runs/E4_full_sgc_mild_res001/best_model_test_overall.pth | unseen_day_unseen_rx=85.89% @ E001 -> finalist_runs/E4_full_sgc_mild_res001/best_model_strict_udu.pth | unseen_day_seen_rx=93.99% @ E001 | seen_day_unseen_rx=90.37% @ E001
[BEST-PRIMARY] score=87.52 @ E001 -> finalist_runs/E4_full_sgc_mild_res001/best_model_primary_ood.pth | overall=90.54% strict_udu=85.89%
[BEST-WORST-RX] worst_rx=85.80% (test_rx_8) @ E004 -> finalist_runs/E4_full_sgc_mild_res001/best_model_worst_rx.pth
====================================================================================================================================
[Epoch 006/060] time=84.2s | lr=4.88e-05 | aux_scale=0.200
[STAGE] phase=S1_core | use_aux=0.0 cons=0.00 cls_aux=0.00 reg=0.00 joint_inv=0.00 kl=0.00 group_ce=0.50
[MIXSTYLE-EPOCH] phase=base enabled=1 p=0.150 strength=0.650 anneal_t=0.000
[AUG] scale=0.133 | p_dac=0.000 p_pa=0.019 p_shift=0.047 p_cfo=0.047 p_awgn=0.053 p_mp=0.024 | max_shift=4 cfo_max=5.337e-05 pn_max=0.0008006
------------------------------------------------------------------------------------------------------------------------------------
[LOSS-CORE] total=2.2987 cls=0.9651 dom=0.4233 adv=2.6230 orth=0.0030 cons=0.1545 group_ce=1.6765
[LOSS-AUX]  cls_pa=0.0000 cls_dac=0.0000 pa_joint_inv=0.0000 pa_kl=0.0000 dac_reg=0.0000 pa_reg=0.0000 gap_dac=0.0000 gap_pa=0.0000 cos_joint_pa=nan cos_imp_pa=nan
[LOSS-SAT]  cls_sat=0.0000 sat_cons=0.0000 sat_cos=nan
[LOSS-DG]   proto=0.0000 proto_cos=nan supcon=0.0000 fishr=0.0009 sgc_res=0.0015
[LOSS-CAL]  ecc=0.0000 ecc_w=0.0000 ecc_tau=0.6551 ecc_maxp=nan
[TRAIN] tx=92.48% dom=85.29% cons_cos=0.8455
[GRAD]  total=3.411 backbone=1.000 aux=0.750 domain=0.440
[VAL]   tx=98.87% dom=93.24%
[TEST]  overall_tx=90.30% (184218/204000)
[TEST-SPLIT]
          unseen_day_seen_rx(days=['2021_03_15', '2021_03_23'], rxs=[0, 1, 2, 3, 4, 5, 6]): tx=93.41% (78467/84000)
          seen_day_unseen_rx(days=['2021_03_01', '2021_03_08'], rxs=[7, 8, 9, 10, 11]): tx=90.09% (54056/60000)
          unseen_day_unseen_rx(days=['2021_03_15', '2021_03_23'], rxs=[7, 8, 9, 10, 11]): tx=86.16% (51695/60000)
          day=2021_03_15 on seen_rxs=[0, 1, 2, 3, 4, 5, 6]: tx=94.99% (39896/42000)
          day=2021_03_23 on seen_rxs=[0, 1, 2, 3, 4, 5, 6]: tx=91.84% (38571/42000)
          rx=7 on seen_days=['2021_03_01', '2021_03_08']: tx=86.72% (10407/12000)
          rx=8 on seen_days=['2021_03_01', '2021_03_08']: tx=85.95% (10314/12000)
          rx=9 on seen_days=['2021_03_01', '2021_03_08']: tx=90.55% (10866/12000)
          rx=10 on seen_days=['2021_03_01', '2021_03_08']: tx=90.22% (10827/12000)
          rx=11 on seen_days=['2021_03_01', '2021_03_08']: tx=97.02% (11642/12000)
[BEST-JOINT]  val_tx=98.90% & test_tx=89.71% @ E004
[CKPT]  latest -> finalist_runs/E4_full_sgc_mild_res001/latest_model.pth (saved) | best -> finalist_runs/E4_full_sgc_mild_res001/best_model_val.pth
====================================================================================================================================
[SAT-TEST] scenario=clear_leo selected=test_unseen_day_unseen_rx overall_tx=43.69% strict_udu=43.69% (26211/60000)
[SAT-TEST] scenario=low_elev_leo selected=test_unseen_day_unseen_rx overall_tx=42.97% strict_udu=42.97% (25784/60000)
[SAT-TEST] scenario=rain_leo selected=test_unseen_day_unseen_rx overall_tx=40.85% strict_udu=40.85% (24510/60000)
[SAT-TEST] scenario=storm_mp selected=test_unseen_day_unseen_rx overall_tx=36.12% strict_udu=36.12% (21675/60000)
[SAT-TEST] scenario=mixed_orbit selected=test_unseen_day_unseen_rx overall_tx=39.53% strict_udu=39.53% (23721/60000)
[BEST-TEST] overall=90.54% @ E001 -> finalist_runs/E4_full_sgc_mild_res001/best_model_test_overall.pth | unseen_day_unseen_rx=86.16% @ E006 -> finalist_runs/E4_full_sgc_mild_res001/best_model_strict_udu.pth | unseen_day_seen_rx=93.99% @ E001 | seen_day_unseen_rx=90.37% @ E001
[BEST-PRIMARY] score=87.61 @ E006 -> finalist_runs/E4_full_sgc_mild_res001/best_model_primary_ood.pth | overall=90.30% strict_udu=86.16%
[BEST-WORST-RX] worst_rx=85.95% (test_rx_8) @ E006 -> finalist_runs/E4_full_sgc_mild_res001/best_model_worst_rx.pth
====================================================================================================================================
[Epoch 007/060] time=83.9s | lr=4.84e-05 | aux_scale=0.267
[STAGE] phase=S1_core | use_aux=0.0 cons=0.00 cls_aux=0.00 reg=0.00 joint_inv=0.00 kl=0.00 group_ce=0.50
[MIXSTYLE-EPOCH] phase=base enabled=1 p=0.150 strength=0.650 anneal_t=0.000
[AUG] scale=0.148 | p_dac=0.000 p_pa=0.021 p_shift=0.052 p_cfo=0.052 p_awgn=0.059 p_mp=0.027 | max_shift=5 cfo_max=5.916e-05 pn_max=0.0008874
------------------------------------------------------------------------------------------------------------------------------------
[LOSS-CORE] total=2.5110 cls=1.1295 dom=0.4600 adv=2.6244 orth=0.0032 cons=0.1588 group_ce=1.8928
[LOSS-AUX]  cls_pa=0.0000 cls_dac=0.0000 pa_joint_inv=0.0000 pa_kl=0.0000 dac_reg=0.0000 pa_reg=0.0000 gap_dac=0.0000 gap_pa=0.0000 cos_joint_pa=nan cos_imp_pa=nan
[LOSS-SAT]  cls_sat=0.0000 sat_cons=0.0000 sat_cos=nan
[LOSS-DG]   proto=0.0000 proto_cos=nan supcon=0.0000 fishr=0.0011 sgc_res=0.0016
[LOSS-CAL]  ecc=0.0000 ecc_w=0.0000 ecc_tau=0.6573 ecc_maxp=nan
[TRAIN] tx=91.64% dom=83.96% cons_cos=0.8412
[GRAD]  total=4.261 backbone=0.998 aux=0.750 domain=0.448
[VAL]   tx=98.86% dom=93.00%
[TEST]  overall_tx=89.67% (182927/204000)
[TEST-SPLIT]
          unseen_day_seen_rx(days=['2021_03_15', '2021_03_23'], rxs=[0, 1, 2, 3, 4, 5, 6]): tx=93.26% (78336/84000)
          seen_day_unseen_rx(days=['2021_03_01', '2021_03_08'], rxs=[7, 8, 9, 10, 11]): tx=89.34% (53607/60000)
          unseen_day_unseen_rx(days=['2021_03_15', '2021_03_23'], rxs=[7, 8, 9, 10, 11]): tx=84.97% (50984/60000)
          day=2021_03_15 on seen_rxs=[0, 1, 2, 3, 4, 5, 6]: tx=94.00% (39480/42000)
          day=2021_03_23 on seen_rxs=[0, 1, 2, 3, 4, 5, 6]: tx=92.51% (38856/42000)
          rx=7 on seen_days=['2021_03_01', '2021_03_08']: tx=84.68% (10162/12000)
          rx=8 on seen_days=['2021_03_01', '2021_03_08']: tx=84.51% (10141/12000)
          rx=9 on seen_days=['2021_03_01', '2021_03_08']: tx=89.48% (10738/12000)
          rx=10 on seen_days=['2021_03_01', '2021_03_08']: tx=91.72% (11006/12000)
          rx=11 on seen_days=['2021_03_01', '2021_03_08']: tx=96.33% (11560/12000)
[BEST-JOINT]  val_tx=98.90% & test_tx=89.71% @ E004
[CKPT]  latest -> finalist_runs/E4_full_sgc_mild_res001/latest_model.pth (saved) | best -> finalist_runs/E4_full_sgc_mild_res001/best_model_val.pth
====================================================================================================================================
[SAT-TEST] scenario=clear_leo selected=test_unseen_day_unseen_rx overall_tx=43.09% strict_udu=43.09% (25852/60000)
[SAT-TEST] scenario=low_elev_leo selected=test_unseen_day_unseen_rx overall_tx=42.67% strict_udu=42.67% (25602/60000)
[SAT-TEST] scenario=rain_leo selected=test_unseen_day_unseen_rx overall_tx=40.79% strict_udu=40.79% (24476/60000)
[SAT-TEST] scenario=storm_mp selected=test_unseen_day_unseen_rx overall_tx=36.22% strict_udu=36.22% (21733/60000)
[SAT-TEST] scenario=mixed_orbit selected=test_unseen_day_unseen_rx overall_tx=39.22% strict_udu=39.22% (23532/60000)
[BEST-TEST] overall=90.54% @ E001 -> finalist_runs/E4_full_sgc_mild_res001/best_model_test_overall.pth | unseen_day_unseen_rx=86.16% @ E006 -> finalist_runs/E4_full_sgc_mild_res001/best_model_strict_udu.pth | unseen_day_seen_rx=93.99% @ E001 | seen_day_unseen_rx=90.37% @ E001
[BEST-PRIMARY] score=87.61 @ E006 -> finalist_runs/E4_full_sgc_mild_res001/best_model_primary_ood.pth | overall=90.30% strict_udu=86.16%
[BEST-WORST-RX] worst_rx=85.95% (test_rx_8) @ E006 -> finalist_runs/E4_full_sgc_mild_res001/best_model_worst_rx.pth
====================================================================================================================================
[Epoch 008/060] time=83.7s | lr=4.79e-05 | aux_scale=0.333
[STAGE] phase=S1_core | use_aux=0.0 cons=0.00 cls_aux=0.00 reg=0.00 joint_inv=0.00 kl=0.00 group_ce=0.50
[MIXSTYLE-EPOCH] phase=base enabled=1 p=0.150 strength=0.650 anneal_t=0.000
[AUG] scale=0.163 | p_dac=0.000 p_pa=0.023 p_shift=0.057 p_cfo=0.057 p_awgn=0.065 p_mp=0.029 | max_shift=5 cfo_max=6.533e-05 pn_max=0.0009799
------------------------------------------------------------------------------------------------------------------------------------
[LOSS-CORE] total=2.4931 cls=1.1327 dom=0.4337 adv=2.6204 orth=0.0027 cons=0.1750 group_ce=2.0230
[LOSS-AUX]  cls_pa=0.0000 cls_dac=0.0000 pa_joint_inv=0.0000 pa_kl=0.0000 dac_reg=0.0000 pa_reg=0.0000 gap_dac=0.0000 gap_pa=0.0000 cos_joint_pa=nan cos_imp_pa=nan
[LOSS-SAT]  cls_sat=0.0000 sat_cons=0.0000 sat_cos=nan
[LOSS-DG]   proto=0.0000 proto_cos=nan supcon=0.0000 fishr=0.0011 sgc_res=0.0024
[LOSS-CAL]  ecc=0.0000 ecc_w=0.0000 ecc_tau=0.6600 ecc_maxp=nan
[TRAIN] tx=91.23% dom=84.29% cons_cos=0.8250
[GRAD]  total=3.556 backbone=0.988 aux=0.750 domain=0.441
[VAL]   tx=98.77% dom=92.83%
[TEST]  overall_tx=89.38% (182328/204000)
[TEST-SPLIT]
          unseen_day_seen_rx(days=['2021_03_15', '2021_03_23'], rxs=[0, 1, 2, 3, 4, 5, 6]): tx=92.78% (77932/84000)
          seen_day_unseen_rx(days=['2021_03_01', '2021_03_08'], rxs=[7, 8, 9, 10, 11]): tx=88.91% (53346/60000)
          unseen_day_unseen_rx(days=['2021_03_15', '2021_03_23'], rxs=[7, 8, 9, 10, 11]): tx=85.08% (51050/60000)
          day=2021_03_15 on seen_rxs=[0, 1, 2, 3, 4, 5, 6]: tx=94.80% (39818/42000)
          day=2021_03_23 on seen_rxs=[0, 1, 2, 3, 4, 5, 6]: tx=90.75% (38114/42000)
          rx=7 on seen_days=['2021_03_01', '2021_03_08']: tx=86.55% (10386/12000)
          rx=8 on seen_days=['2021_03_01', '2021_03_08']: tx=83.69% (10043/12000)
          rx=9 on seen_days=['2021_03_01', '2021_03_08']: tx=89.49% (10739/12000)
          rx=10 on seen_days=['2021_03_01', '2021_03_08']: tx=89.69% (10763/12000)
          rx=11 on seen_days=['2021_03_01', '2021_03_08']: tx=95.12% (11415/12000)
[BEST-JOINT]  val_tx=98.90% & test_tx=89.71% @ E004
[CKPT]  latest -> finalist_runs/E4_full_sgc_mild_res001/latest_model.pth (saved) | best -> finalist_runs/E4_full_sgc_mild_res001/best_model_val.pth
====================================================================================================================================
[SAT-TEST] scenario=clear_leo selected=test_unseen_day_unseen_rx overall_tx=43.84% strict_udu=43.84% (26304/60000)
[SAT-TEST] scenario=low_elev_leo selected=test_unseen_day_unseen_rx overall_tx=44.22% strict_udu=44.22% (26533/60000)
[SAT-TEST] scenario=rain_leo selected=test_unseen_day_unseen_rx overall_tx=41.51% strict_udu=41.51% (24903/60000)
[SAT-TEST] scenario=storm_mp selected=test_unseen_day_unseen_rx overall_tx=36.62% strict_udu=36.62% (21972/60000)
[SAT-TEST] scenario=mixed_orbit selected=test_unseen_day_unseen_rx overall_tx=39.45% strict_udu=39.45% (23672/60000)
[BEST-TEST] overall=90.54% @ E001 -> finalist_runs/E4_full_sgc_mild_res001/best_model_test_overall.pth | unseen_day_unseen_rx=86.16% @ E006 -> finalist_runs/E4_full_sgc_mild_res001/best_model_strict_udu.pth | unseen_day_seen_rx=93.99% @ E001 | seen_day_unseen_rx=90.37% @ E001
[BEST-PRIMARY] score=87.61 @ E006 -> finalist_runs/E4_full_sgc_mild_res001/best_model_primary_ood.pth | overall=90.30% strict_udu=86.16%
[BEST-WORST-RX] worst_rx=85.95% (test_rx_8) @ E006 -> finalist_runs/E4_full_sgc_mild_res001/best_model_worst_rx.pth
====================================================================================================================================
[Epoch 009/060] time=83.3s | lr=4.73e-05 | aux_scale=0.400
[STAGE] phase=S1_core | use_aux=0.0 cons=0.00 cls_aux=0.00 reg=0.00 joint_inv=0.00 kl=0.00 group_ce=0.50
[MIXSTYLE-EPOCH] phase=base enabled=1 p=0.150 strength=0.650 anneal_t=0.000
[AUG] scale=0.180 | p_dac=0.000 p_pa=0.025 p_shift=0.063 p_cfo=0.063 p_awgn=0.072 p_mp=0.032 | max_shift=6 cfo_max=7.181e-05 pn_max=0.001077
------------------------------------------------------------------------------------------------------------------------------------
[LOSS-CORE] total=2.0035 cls=0.7470 dom=0.3592 adv=2.6193 orth=0.0029 cons=0.1509 group_ce=1.4413
[LOSS-AUX]  cls_pa=0.0000 cls_dac=0.0000 pa_joint_inv=0.0000 pa_kl=0.0000 dac_reg=0.0000 pa_reg=0.0000 gap_dac=0.0000 gap_pa=0.0000 cos_joint_pa=nan cos_imp_pa=nan
[LOSS-SAT]  cls_sat=0.0000 sat_cons=0.0000 sat_cos=nan
[LOSS-DG]   proto=0.0000 proto_cos=nan supcon=0.0000 fishr=0.0007 sgc_res=0.0025
[LOSS-CAL]  ecc=0.0000 ecc_w=0.0000 ecc_tau=0.6630 ecc_maxp=nan
[TRAIN] tx=94.29% dom=86.90% cons_cos=0.8491
[GRAD]  total=3.150 backbone=1.000 aux=0.750 domain=0.439
[VAL]   tx=98.75% dom=92.59%
[TEST]  overall_tx=89.47% (182518/204000)
[TEST-SPLIT]
          unseen_day_seen_rx(days=['2021_03_15', '2021_03_23'], rxs=[0, 1, 2, 3, 4, 5, 6]): tx=92.77% (77927/84000)
          seen_day_unseen_rx(days=['2021_03_01', '2021_03_08'], rxs=[7, 8, 9, 10, 11]): tx=88.72% (53231/60000)
          unseen_day_unseen_rx(days=['2021_03_15', '2021_03_23'], rxs=[7, 8, 9, 10, 11]): tx=85.60% (51360/60000)
          day=2021_03_15 on seen_rxs=[0, 1, 2, 3, 4, 5, 6]: tx=95.47% (40099/42000)
          day=2021_03_23 on seen_rxs=[0, 1, 2, 3, 4, 5, 6]: tx=90.07% (37828/42000)
          rx=7 on seen_days=['2021_03_01', '2021_03_08']: tx=86.10% (10332/12000)
          rx=8 on seen_days=['2021_03_01', '2021_03_08']: tx=83.15% (9978/12000)
          rx=9 on seen_days=['2021_03_01', '2021_03_08']: tx=90.12% (10814/12000)
          rx=10 on seen_days=['2021_03_01', '2021_03_08']: tx=88.82% (10658/12000)
          rx=11 on seen_days=['2021_03_01', '2021_03_08']: tx=95.41% (11449/12000)
[BEST-JOINT]  val_tx=98.90% & test_tx=89.71% @ E004
[CKPT]  latest -> finalist_runs/E4_full_sgc_mild_res001/latest_model.pth (saved) | best -> finalist_runs/E4_full_sgc_mild_res001/best_model_val.pth
====================================================================================================================================
[SAT-TEST] scenario=clear_leo selected=test_unseen_day_unseen_rx overall_tx=44.92% strict_udu=44.92% (26955/60000)
[SAT-TEST] scenario=low_elev_leo selected=test_unseen_day_unseen_rx overall_tx=44.65% strict_udu=44.65% (26789/60000)
[SAT-TEST] scenario=rain_leo selected=test_unseen_day_unseen_rx overall_tx=42.38% strict_udu=42.38% (25431/60000)
[SAT-TEST] scenario=storm_mp selected=test_unseen_day_unseen_rx overall_tx=36.77% strict_udu=36.77% (22061/60000)
[SAT-TEST] scenario=mixed_orbit selected=test_unseen_day_unseen_rx overall_tx=40.27% strict_udu=40.27% (24164/60000)
[BEST-TEST] overall=90.54% @ E001 -> finalist_runs/E4_full_sgc_mild_res001/best_model_test_overall.pth | unseen_day_unseen_rx=86.16% @ E006 -> finalist_runs/E4_full_sgc_mild_res001/best_model_strict_udu.pth | unseen_day_seen_rx=93.99% @ E001 | seen_day_unseen_rx=90.37% @ E001
[BEST-PRIMARY] score=87.61 @ E006 -> finalist_runs/E4_full_sgc_mild_res001/best_model_primary_ood.pth | overall=90.30% strict_udu=86.16%
[BEST-WORST-RX] worst_rx=85.95% (test_rx_8) @ E006 -> finalist_runs/E4_full_sgc_mild_res001/best_model_worst_rx.pth
====================================================================================================================================
[Epoch 010/060] time=84.9s | lr=4.67e-05 | aux_scale=0.467
[STAGE] phase=S1_core | use_aux=0.0 cons=0.00 cls_aux=0.00 reg=0.00 joint_inv=0.00 kl=0.00 group_ce=0.50
[MIXSTYLE-EPOCH] phase=base enabled=1 p=0.150 strength=0.650 anneal_t=0.000
[AUG] scale=0.196 | p_dac=0.000 p_pa=0.027 p_shift=0.069 p_cfo=0.069 p_awgn=0.079 p_mp=0.035 | max_shift=6 cfo_max=7.857e-05 pn_max=0.001179
------------------------------------------------------------------------------------------------------------------------------------
[LOSS-CORE] total=2.5392 cls=1.1601 dom=0.4528 adv=2.6207 orth=0.0027 cons=0.1680 group_ce=2.0135
[LOSS-AUX]  cls_pa=0.0000 cls_dac=0.0000 pa_joint_inv=0.0000 pa_kl=0.0000 dac_reg=0.0000 pa_reg=0.0000 gap_dac=0.0000 gap_pa=0.0000 cos_joint_pa=nan cos_imp_pa=nan
[LOSS-SAT]  cls_sat=0.0000 sat_cons=0.0000 sat_cos=nan
[LOSS-DG]   proto=0.0000 proto_cos=nan supcon=0.0000 fishr=0.0011 sgc_res=0.0029
[LOSS-CAL]  ecc=0.0000 ecc_w=0.0000 ecc_tau=0.6663 ecc_maxp=nan
[TRAIN] tx=91.16% dom=84.19% cons_cos=0.8320
[GRAD]  total=3.639 backbone=1.000 aux=0.750 domain=0.454
[VAL]   tx=98.80% dom=93.12%
[TEST]  overall_tx=89.57% (182717/204000)
[TEST-SPLIT]
          unseen_day_seen_rx(days=['2021_03_15', '2021_03_23'], rxs=[0, 1, 2, 3, 4, 5, 6]): tx=93.15% (78243/84000)
          seen_day_unseen_rx(days=['2021_03_01', '2021_03_08'], rxs=[7, 8, 9, 10, 11]): tx=89.10% (53461/60000)
          unseen_day_unseen_rx(days=['2021_03_15', '2021_03_23'], rxs=[7, 8, 9, 10, 11]): tx=85.02% (51013/60000)
          day=2021_03_15 on seen_rxs=[0, 1, 2, 3, 4, 5, 6]: tx=95.30% (40026/42000)
          day=2021_03_23 on seen_rxs=[0, 1, 2, 3, 4, 5, 6]: tx=90.99% (38217/42000)
          rx=7 on seen_days=['2021_03_01', '2021_03_08']: tx=85.90% (10308/12000)
          rx=8 on seen_days=['2021_03_01', '2021_03_08']: tx=84.58% (10150/12000)
          rx=9 on seen_days=['2021_03_01', '2021_03_08']: tx=89.45% (10734/12000)
          rx=10 on seen_days=['2021_03_01', '2021_03_08']: tx=90.53% (10864/12000)
          rx=11 on seen_days=['2021_03_01', '2021_03_08']: tx=95.04% (11405/12000)
[BEST-JOINT]  val_tx=98.90% & test_tx=89.71% @ E004
[CKPT]  latest -> finalist_runs/E4_full_sgc_mild_res001/latest_model.pth (saved) | best -> finalist_runs/E4_full_sgc_mild_res001/best_model_val.pth
====================================================================================================================================
[SAT-TEST] scenario=clear_leo selected=test_unseen_day_unseen_rx overall_tx=44.09% strict_udu=44.09% (26457/60000)
[SAT-TEST] scenario=low_elev_leo selected=test_unseen_day_unseen_rx overall_tx=44.21% strict_udu=44.21% (26527/60000)
[SAT-TEST] scenario=rain_leo selected=test_unseen_day_unseen_rx overall_tx=41.67% strict_udu=41.67% (25005/60000)
[SAT-TEST] scenario=storm_mp selected=test_unseen_day_unseen_rx overall_tx=36.74% strict_udu=36.74% (22047/60000)
[SAT-TEST] scenario=mixed_orbit selected=test_unseen_day_unseen_rx overall_tx=39.70% strict_udu=39.70% (23822/60000)
[BEST-TEST] overall=90.54% @ E001 -> finalist_runs/E4_full_sgc_mild_res001/best_model_test_overall.pth | unseen_day_unseen_rx=86.16% @ E006 -> finalist_runs/E4_full_sgc_mild_res001/best_model_strict_udu.pth | unseen_day_seen_rx=93.99% @ E001 | seen_day_unseen_rx=90.37% @ E001
[BEST-PRIMARY] score=87.61 @ E006 -> finalist_runs/E4_full_sgc_mild_res001/best_model_primary_ood.pth | overall=90.30% strict_udu=86.16%
[BEST-WORST-RX] worst_rx=85.95% (test_rx_8) @ E006 -> finalist_runs/E4_full_sgc_mild_res001/best_model_worst_rx.pth
====================================================================================================================================
[Epoch 011/060] time=84.0s | lr=4.60e-05 | aux_scale=0.533
[STAGE] phase=S1_core | use_aux=0.0 cons=0.00 cls_aux=0.00 reg=0.00 joint_inv=0.00 kl=0.00 group_ce=0.50
[MIXSTYLE-EPOCH] phase=base enabled=1 p=0.150 strength=0.650 anneal_t=0.000
[AUG] scale=0.214 | p_dac=0.000 p_pa=0.030 p_shift=0.075 p_cfo=0.075 p_awgn=0.086 p_mp=0.039 | max_shift=7 cfo_max=8.558e-05 pn_max=0.001284
------------------------------------------------------------------------------------------------------------------------------------
[LOSS-CORE] total=2.0948 cls=0.8114 dom=0.3780 adv=2.6246 orth=0.0029 cons=0.1547 group_ce=1.5695
[LOSS-AUX]  cls_pa=0.0000 cls_dac=0.0000 pa_joint_inv=0.0000 pa_kl=0.0000 dac_reg=0.0000 pa_reg=0.0000 gap_dac=0.0000 gap_pa=0.0000 cos_joint_pa=nan cos_imp_pa=nan
[LOSS-SAT]  cls_sat=0.0000 sat_cons=0.0000 sat_cos=nan
[LOSS-DG]   proto=0.0000 proto_cos=nan supcon=0.0000 fishr=0.0008 sgc_res=0.0034
[LOSS-CAL]  ecc=0.0000 ecc_w=0.0000 ecc_tau=0.6701 ecc_maxp=nan
[TRAIN] tx=94.25% dom=86.63% cons_cos=0.8453
[GRAD]  total=3.521 backbone=1.000 aux=0.750 domain=0.447
[VAL]   tx=98.78% dom=93.30%
[TEST]  overall_tx=88.33% (180194/204000)
[TEST-SPLIT]
          unseen_day_seen_rx(days=['2021_03_15', '2021_03_23'], rxs=[0, 1, 2, 3, 4, 5, 6]): tx=92.49% (77688/84000)
          seen_day_unseen_rx(days=['2021_03_01', '2021_03_08'], rxs=[7, 8, 9, 10, 11]): tx=87.09% (52256/60000)
          unseen_day_unseen_rx(days=['2021_03_15', '2021_03_23'], rxs=[7, 8, 9, 10, 11]): tx=83.75% (50250/60000)
          day=2021_03_15 on seen_rxs=[0, 1, 2, 3, 4, 5, 6]: tx=93.96% (39462/42000)
          day=2021_03_23 on seen_rxs=[0, 1, 2, 3, 4, 5, 6]: tx=91.01% (38226/42000)
          rx=7 on seen_days=['2021_03_01', '2021_03_08']: tx=81.81% (9817/12000)
          rx=8 on seen_days=['2021_03_01', '2021_03_08']: tx=83.17% (9981/12000)
          rx=9 on seen_days=['2021_03_01', '2021_03_08']: tx=88.65% (10638/12000)
          rx=10 on seen_days=['2021_03_01', '2021_03_08']: tx=86.61% (10393/12000)
          rx=11 on seen_days=['2021_03_01', '2021_03_08']: tx=95.22% (11427/12000)
[BEST-JOINT]  val_tx=98.90% & test_tx=89.71% @ E004
[CKPT]  latest -> finalist_runs/E4_full_sgc_mild_res001/latest_model.pth (saved) | best -> finalist_runs/E4_full_sgc_mild_res001/best_model_val.pth
====================================================================================================================================
[SAT-TEST] scenario=clear_leo selected=test_unseen_day_unseen_rx overall_tx=41.97% strict_udu=41.97% (25184/60000)
[SAT-TEST] scenario=low_elev_leo selected=test_unseen_day_unseen_rx overall_tx=41.61% strict_udu=41.61% (24964/60000)
[SAT-TEST] scenario=rain_leo selected=test_unseen_day_unseen_rx overall_tx=39.07% strict_udu=39.07% (23443/60000)
[SAT-TEST] scenario=storm_mp selected=test_unseen_day_unseen_rx overall_tx=35.31% strict_udu=35.31% (21184/60000)
[SAT-TEST] scenario=mixed_orbit selected=test_unseen_day_unseen_rx overall_tx=38.07% strict_udu=38.07% (22840/60000)
[BEST-TEST] overall=90.54% @ E001 -> finalist_runs/E4_full_sgc_mild_res001/best_model_test_overall.pth | unseen_day_unseen_rx=86.16% @ E006 -> finalist_runs/E4_full_sgc_mild_res001/best_model_strict_udu.pth | unseen_day_seen_rx=93.99% @ E001 | seen_day_unseen_rx=90.37% @ E001
[BEST-PRIMARY] score=87.61 @ E006 -> finalist_runs/E4_full_sgc_mild_res001/best_model_primary_ood.pth | overall=90.30% strict_udu=86.16%
[BEST-WORST-RX] worst_rx=85.95% (test_rx_8) @ E006 -> finalist_runs/E4_full_sgc_mild_res001/best_model_worst_rx.pth
====================================================================================================================================
[Epoch 012/060] time=83.0s | lr=4.53e-05 | aux_scale=0.600
[STAGE] phase=S1_core | use_aux=0.0 cons=0.00 cls_aux=0.00 reg=0.00 joint_inv=0.00 kl=0.00 group_ce=0.50
[MIXSTYLE-EPOCH] phase=base enabled=1 p=0.150 strength=0.650 anneal_t=0.000
[AUG] scale=0.232 | p_dac=0.000 p_pa=0.032 p_shift=0.081 p_cfo=0.081 p_awgn=0.093 p_mp=0.042 | max_shift=7 cfo_max=9.281e-05 pn_max=0.001392
------------------------------------------------------------------------------------------------------------------------------------
[LOSS-CORE] total=2.0733 cls=0.7782 dom=0.3956 adv=2.6264 orth=0.0029 cons=0.1469 group_ce=1.4405
[LOSS-AUX]  cls_pa=0.0000 cls_dac=0.0000 pa_joint_inv=0.0000 pa_kl=0.0000 dac_reg=0.0000 pa_reg=0.0000 gap_dac=0.0000 gap_pa=0.0000 cos_joint_pa=nan cos_imp_pa=nan
[LOSS-SAT]  cls_sat=0.0000 sat_cons=0.0000 sat_cos=nan
[LOSS-DG]   proto=0.0000 proto_cos=nan supcon=0.0000 fishr=0.0007 sgc_res=0.0030
[LOSS-CAL]  ecc=0.0000 ecc_w=0.0000 ecc_tau=0.6742 ecc_maxp=nan
[TRAIN] tx=94.15% dom=86.16% cons_cos=0.8530
[GRAD]  total=3.426 backbone=1.000 aux=0.750 domain=0.438
[VAL]   tx=98.73% dom=93.08%
[TEST]  overall_tx=89.81% (183218/204000)
[TEST-SPLIT]
          unseen_day_seen_rx(days=['2021_03_15', '2021_03_23'], rxs=[0, 1, 2, 3, 4, 5, 6]): tx=93.56% (78588/84000)
          seen_day_unseen_rx(days=['2021_03_01', '2021_03_08'], rxs=[7, 8, 9, 10, 11]): tx=88.97% (53384/60000)
          unseen_day_unseen_rx(days=['2021_03_15', '2021_03_23'], rxs=[7, 8, 9, 10, 11]): tx=85.41% (51246/60000)
          day=2021_03_15 on seen_rxs=[0, 1, 2, 3, 4, 5, 6]: tx=95.60% (40151/42000)
          day=2021_03_23 on seen_rxs=[0, 1, 2, 3, 4, 5, 6]: tx=91.52% (38437/42000)
          rx=7 on seen_days=['2021_03_01', '2021_03_08']: tx=86.77% (10412/12000)
          rx=8 on seen_days=['2021_03_01', '2021_03_08']: tx=82.83% (9940/12000)
          rx=9 on seen_days=['2021_03_01', '2021_03_08']: tx=89.33% (10719/12000)
          rx=10 on seen_days=['2021_03_01', '2021_03_08']: tx=90.28% (10833/12000)
          rx=11 on seen_days=['2021_03_01', '2021_03_08']: tx=95.67% (11480/12000)
[BEST-JOINT]  val_tx=98.90% & test_tx=89.71% @ E004
[CKPT]  latest -> finalist_runs/E4_full_sgc_mild_res001/latest_model.pth (saved) | best -> finalist_runs/E4_full_sgc_mild_res001/best_model_val.pth
====================================================================================================================================
[SAT-TEST] scenario=clear_leo selected=test_unseen_day_unseen_rx overall_tx=44.63% strict_udu=44.63% (26778/60000)
[SAT-TEST] scenario=low_elev_leo selected=test_unseen_day_unseen_rx overall_tx=44.00% strict_udu=44.00% (26399/60000)
[SAT-TEST] scenario=rain_leo selected=test_unseen_day_unseen_rx overall_tx=41.78% strict_udu=41.78% (25067/60000)
[SAT-TEST] scenario=storm_mp selected=test_unseen_day_unseen_rx overall_tx=35.81% strict_udu=35.81% (21489/60000)
[SAT-TEST] scenario=mixed_orbit selected=test_unseen_day_unseen_rx overall_tx=39.47% strict_udu=39.47% (23681/60000)
[BEST-TEST] overall=90.54% @ E001 -> finalist_runs/E4_full_sgc_mild_res001/best_model_test_overall.pth | unseen_day_unseen_rx=86.16% @ E006 -> finalist_runs/E4_full_sgc_mild_res001/best_model_strict_udu.pth | unseen_day_seen_rx=93.99% @ E001 | seen_day_unseen_rx=90.37% @ E001
[BEST-PRIMARY] score=87.61 @ E006 -> finalist_runs/E4_full_sgc_mild_res001/best_model_primary_ood.pth | overall=90.30% strict_udu=86.16%
[BEST-WORST-RX] worst_rx=85.95% (test_rx_8) @ E006 -> finalist_runs/E4_full_sgc_mild_res001/best_model_worst_rx.pth
====================================================================================================================================
[Epoch 013/060] time=83.0s | lr=4.45e-05 | aux_scale=0.667
[STAGE] phase=S1_core | use_aux=0.0 cons=0.00 cls_aux=0.00 reg=0.00 joint_inv=0.00 kl=0.00 group_ce=0.50
[MIXSTYLE-EPOCH] phase=base enabled=1 p=0.150 strength=0.650 anneal_t=0.000
[AUG] scale=0.251 | p_dac=0.000 p_pa=0.035 p_shift=0.088 p_cfo=0.088 p_awgn=0.100 p_mp=0.045 | max_shift=8 cfo_max=0.0001002 pn_max=0.001504
------------------------------------------------------------------------------------------------------------------------------------
[LOSS-CORE] total=2.4630 cls=1.0950 dom=0.4426 adv=2.6245 orth=0.0026 cons=0.1674 group_ce=1.9703
[LOSS-AUX]  cls_pa=0.0000 cls_dac=0.0000 pa_joint_inv=0.0000 pa_kl=0.0000 dac_reg=0.0000 pa_reg=0.0000 gap_dac=0.0000 gap_pa=0.0000 cos_joint_pa=nan cos_imp_pa=nan
[LOSS-SAT]  cls_sat=0.0000 sat_cons=0.0000 sat_cos=nan
[LOSS-DG]   proto=0.0000 proto_cos=nan supcon=0.0000 fishr=0.0011 sgc_res=0.0031
[LOSS-CAL]  ecc=0.0000 ecc_w=0.0000 ecc_tau=0.6786 ecc_maxp=nan
[TRAIN] tx=91.26% dom=83.53% cons_cos=0.8326
[GRAD]  total=3.375 backbone=1.000 aux=0.750 domain=0.454
[VAL]   tx=98.70% dom=93.23%
[TEST]  overall_tx=88.48% (180503/204000)
[TEST-SPLIT]
          unseen_day_seen_rx(days=['2021_03_15', '2021_03_23'], rxs=[0, 1, 2, 3, 4, 5, 6]): tx=92.64% (77819/84000)
          seen_day_unseen_rx(days=['2021_03_01', '2021_03_08'], rxs=[7, 8, 9, 10, 11]): tx=87.53% (52517/60000)
          unseen_day_unseen_rx(days=['2021_03_15', '2021_03_23'], rxs=[7, 8, 9, 10, 11]): tx=83.61% (50167/60000)
          day=2021_03_15 on seen_rxs=[0, 1, 2, 3, 4, 5, 6]: tx=94.07% (39508/42000)
          day=2021_03_23 on seen_rxs=[0, 1, 2, 3, 4, 5, 6]: tx=91.22% (38311/42000)
          rx=7 on seen_days=['2021_03_01', '2021_03_08']: tx=84.49% (10139/12000)
          rx=8 on seen_days=['2021_03_01', '2021_03_08']: tx=82.61% (9913/12000)
          rx=9 on seen_days=['2021_03_01', '2021_03_08']: tx=87.28% (10474/12000)
          rx=10 on seen_days=['2021_03_01', '2021_03_08']: tx=90.78% (10893/12000)
          rx=11 on seen_days=['2021_03_01', '2021_03_08']: tx=92.48% (11098/12000)
[BEST-JOINT]  val_tx=98.90% & test_tx=89.71% @ E004
[CKPT]  latest -> finalist_runs/E4_full_sgc_mild_res001/latest_model.pth (saved) | best -> finalist_runs/E4_full_sgc_mild_res001/best_model_val.pth
====================================================================================================================================
[SAT-TEST] scenario=clear_leo selected=test_unseen_day_unseen_rx overall_tx=43.00% strict_udu=43.00% (25798/60000)
[SAT-TEST] scenario=low_elev_leo selected=test_unseen_day_unseen_rx overall_tx=42.56% strict_udu=42.56% (25534/60000)
[SAT-TEST] scenario=rain_leo selected=test_unseen_day_unseen_rx overall_tx=40.15% strict_udu=40.15% (24087/60000)
[SAT-TEST] scenario=storm_mp selected=test_unseen_day_unseen_rx overall_tx=35.34% strict_udu=35.34% (21204/60000)
[SAT-TEST] scenario=mixed_orbit selected=test_unseen_day_unseen_rx overall_tx=38.45% strict_udu=38.45% (23070/60000)
[BEST-TEST] overall=90.54% @ E001 -> finalist_runs/E4_full_sgc_mild_res001/best_model_test_overall.pth | unseen_day_unseen_rx=86.16% @ E006 -> finalist_runs/E4_full_sgc_mild_res001/best_model_strict_udu.pth | unseen_day_seen_rx=93.99% @ E001 | seen_day_unseen_rx=90.37% @ E001
[BEST-PRIMARY] score=87.61 @ E006 -> finalist_runs/E4_full_sgc_mild_res001/best_model_primary_ood.pth | overall=90.30% strict_udu=86.16%
[BEST-WORST-RX] worst_rx=85.95% (test_rx_8) @ E006 -> finalist_runs/E4_full_sgc_mild_res001/best_model_worst_rx.pth
[WARN][E014] unsafe backward/step skipped #7
====================================================================================================================================
[Epoch 014/060] time=87.3s | lr=4.37e-05 | aux_scale=0.733
[STAGE] phase=S1_core | use_aux=0.0 cons=0.00 cls_aux=0.00 reg=0.00 joint_inv=0.00 kl=0.00 group_ce=0.50
[MIXSTYLE-EPOCH] phase=base enabled=1 p=0.150 strength=0.650 anneal_t=0.000
[AUG] scale=0.270 | p_dac=0.000 p_pa=0.038 p_shift=0.094 p_cfo=0.094 p_awgn=0.108 p_mp=0.049 | max_shift=9 cfo_max=0.0001079 pn_max=0.001618
------------------------------------------------------------------------------------------------------------------------------------
[LOSS-CORE] total=2.4615 cls=1.1070 dom=0.4288 adv=2.6231 orth=0.0027 cons=0.1707 group_ce=1.9873
[LOSS-AUX]  cls_pa=0.0000 cls_dac=0.0000 pa_joint_inv=0.0000 pa_kl=0.0000 dac_reg=0.0000 pa_reg=0.0000 gap_dac=0.0000 gap_pa=0.0000 cos_joint_pa=nan cos_imp_pa=nan
[LOSS-SAT]  cls_sat=0.0000 sat_cons=0.0000 sat_cos=nan
[LOSS-DG]   proto=0.0000 proto_cos=nan supcon=0.0000 fishr=0.0011 sgc_res=0.0031
[LOSS-CAL]  ecc=0.0000 ecc_w=0.0000 ecc_tau=0.6834 ecc_maxp=nan
[TRAIN] tx=91.24% dom=84.52% cons_cos=0.8298
[GRAD]  total=3.619 backbone=1.000 aux=0.750 domain=0.455
[VAL]   tx=98.55% dom=93.33%
[TEST]  overall_tx=87.70% (178903/204000)
[TEST-SPLIT]
          unseen_day_seen_rx(days=['2021_03_15', '2021_03_23'], rxs=[0, 1, 2, 3, 4, 5, 6]): tx=91.96% (77246/84000)
          seen_day_unseen_rx(days=['2021_03_01', '2021_03_08'], rxs=[7, 8, 9, 10, 11]): tx=86.30% (51778/60000)
          unseen_day_unseen_rx(days=['2021_03_15', '2021_03_23'], rxs=[7, 8, 9, 10, 11]): tx=83.13% (49879/60000)
          day=2021_03_15 on seen_rxs=[0, 1, 2, 3, 4, 5, 6]: tx=93.99% (39474/42000)
          day=2021_03_23 on seen_rxs=[0, 1, 2, 3, 4, 5, 6]: tx=89.93% (37772/42000)
          rx=7 on seen_days=['2021_03_01', '2021_03_08']: tx=82.91% (9949/12000)
          rx=8 on seen_days=['2021_03_01', '2021_03_08']: tx=79.28% (9514/12000)
          rx=9 on seen_days=['2021_03_01', '2021_03_08']: tx=86.78% (10414/12000)
          rx=10 on seen_days=['2021_03_01', '2021_03_08']: tx=89.77% (10772/12000)
          rx=11 on seen_days=['2021_03_01', '2021_03_08']: tx=92.74% (11129/12000)
[BEST-JOINT]  val_tx=98.90% & test_tx=89.71% @ E004
[CKPT]  latest -> finalist_runs/E4_full_sgc_mild_res001/latest_model.pth (saved) | best -> finalist_runs/E4_full_sgc_mild_res001/best_model_val.pth
====================================================================================================================================
[SAT-TEST] scenario=clear_leo selected=test_unseen_day_unseen_rx overall_tx=43.35% strict_udu=43.35% (26011/60000)
[SAT-TEST] scenario=low_elev_leo selected=test_unseen_day_unseen_rx overall_tx=43.08% strict_udu=43.08% (25846/60000)
[SAT-TEST] scenario=rain_leo selected=test_unseen_day_unseen_rx overall_tx=40.84% strict_udu=40.84% (24503/60000)
[SAT-TEST] scenario=storm_mp selected=test_unseen_day_unseen_rx overall_tx=35.83% strict_udu=35.83% (21499/60000)
[SAT-TEST] scenario=mixed_orbit selected=test_unseen_day_unseen_rx overall_tx=39.18% strict_udu=39.18% (23507/60000)
[BEST-TEST] overall=90.54% @ E001 -> finalist_runs/E4_full_sgc_mild_res001/best_model_test_overall.pth | unseen_day_unseen_rx=86.16% @ E006 -> finalist_runs/E4_full_sgc_mild_res001/best_model_strict_udu.pth | unseen_day_seen_rx=93.99% @ E001 | seen_day_unseen_rx=90.37% @ E001
[BEST-PRIMARY] score=87.61 @ E006 -> finalist_runs/E4_full_sgc_mild_res001/best_model_primary_ood.pth | overall=90.30% strict_udu=86.16%
[BEST-WORST-RX] worst_rx=85.95% (test_rx_8) @ E006 -> finalist_runs/E4_full_sgc_mild_res001/best_model_worst_rx.pth
====================================================================================================================================
[Epoch 015/060] time=84.9s | lr=4.28e-05 | aux_scale=0.800
[STAGE] phase=S1_core | use_aux=0.0 cons=0.00 cls_aux=0.00 reg=0.00 joint_inv=0.00 kl=0.00 group_ce=0.50
[MIXSTYLE-EPOCH] phase=base enabled=1 p=0.150 strength=0.650 anneal_t=0.000
[AUG] scale=0.289 | p_dac=0.000 p_pa=0.040 p_shift=0.101 p_cfo=0.101 p_awgn=0.116 p_mp=0.052 | max_shift=9 cfo_max=0.0001157 pn_max=0.001735
------------------------------------------------------------------------------------------------------------------------------------
[LOSS-CORE] total=2.8634 cls=1.3932 dom=0.5284 adv=2.6281 orth=0.0024 cons=0.1673 group_ce=2.2764
[LOSS-AUX]  cls_pa=0.0000 cls_dac=0.0000 pa_joint_inv=0.0000 pa_kl=0.0000 dac_reg=0.0000 pa_reg=0.0000 gap_dac=0.0000 gap_pa=0.0000 cos_joint_pa=nan cos_imp_pa=nan
[LOSS-SAT]  cls_sat=0.0000 sat_cons=0.0000 sat_cos=nan
[LOSS-DG]   proto=0.0000 proto_cos=nan supcon=0.0000 fishr=0.0012 sgc_res=0.0032
[LOSS-CAL]  ecc=0.0000 ecc_w=0.0000 ecc_tau=0.6885 ecc_maxp=nan
[TRAIN] tx=89.36% dom=81.61% cons_cos=0.8327
[GRAD]  total=4.289 backbone=1.000 aux=0.750 domain=0.453
[VAL]   tx=98.88% dom=93.14%
[TEST]  overall_tx=88.34% (180221/204000)
[TEST-SPLIT]
          unseen_day_seen_rx(days=['2021_03_15', '2021_03_23'], rxs=[0, 1, 2, 3, 4, 5, 6]): tx=93.02% (78135/84000)
          seen_day_unseen_rx(days=['2021_03_01', '2021_03_08'], rxs=[7, 8, 9, 10, 11]): tx=87.69% (52612/60000)
          unseen_day_unseen_rx(days=['2021_03_15', '2021_03_23'], rxs=[7, 8, 9, 10, 11]): tx=82.46% (49474/60000)
          day=2021_03_15 on seen_rxs=[0, 1, 2, 3, 4, 5, 6]: tx=93.59% (39307/42000)
          day=2021_03_23 on seen_rxs=[0, 1, 2, 3, 4, 5, 6]: tx=92.45% (38828/42000)
          rx=7 on seen_days=['2021_03_01', '2021_03_08']: tx=80.31% (9637/12000)
          rx=8 on seen_days=['2021_03_01', '2021_03_08']: tx=83.40% (10008/12000)
          rx=9 on seen_days=['2021_03_01', '2021_03_08']: tx=89.72% (10767/12000)
          rx=10 on seen_days=['2021_03_01', '2021_03_08']: tx=89.10% (10692/12000)
          rx=11 on seen_days=['2021_03_01', '2021_03_08']: tx=95.90% (11508/12000)
[BEST-JOINT]  val_tx=98.90% & test_tx=89.71% @ E004
[CKPT]  latest -> finalist_runs/E4_full_sgc_mild_res001/latest_model.pth (saved) | best -> finalist_runs/E4_full_sgc_mild_res001/best_model_val.pth
====================================================================================================================================
[SAT-TEST] scenario=clear_leo selected=test_unseen_day_unseen_rx overall_tx=40.71% strict_udu=40.71% (24424/60000)
[SAT-TEST] scenario=low_elev_leo selected=test_unseen_day_unseen_rx overall_tx=40.57% strict_udu=40.57% (24342/60000)
[SAT-TEST] scenario=rain_leo selected=test_unseen_day_unseen_rx overall_tx=38.05% strict_udu=38.05% (22829/60000)
[SAT-TEST] scenario=storm_mp selected=test_unseen_day_unseen_rx overall_tx=34.62% strict_udu=34.62% (20771/60000)
[SAT-TEST] scenario=mixed_orbit selected=test_unseen_day_unseen_rx overall_tx=37.55% strict_udu=37.55% (22529/60000)
[BEST-TEST] overall=90.54% @ E001 -> finalist_runs/E4_full_sgc_mild_res001/best_model_test_overall.pth | unseen_day_unseen_rx=86.16% @ E006 -> finalist_runs/E4_full_sgc_mild_res001/best_model_strict_udu.pth | unseen_day_seen_rx=93.99% @ E001 | seen_day_unseen_rx=90.37% @ E001
[BEST-PRIMARY] score=87.61 @ E006 -> finalist_runs/E4_full_sgc_mild_res001/best_model_primary_ood.pth | overall=90.30% strict_udu=86.16%
[BEST-WORST-RX] worst_rx=85.95% (test_rx_8) @ E006 -> finalist_runs/E4_full_sgc_mild_res001/best_model_worst_rx.pth
====================================================================================================================================
[Epoch 016/060] time=84.6s | lr=4.19e-05 | aux_scale=0.867
[STAGE] phase=S1_core | use_aux=0.0 cons=0.00 cls_aux=0.00 reg=0.00 joint_inv=0.00 kl=0.00 group_ce=0.50
[MIXSTYLE-EPOCH] phase=base enabled=1 p=0.150 strength=0.650 anneal_t=0.000
[AUG] scale=0.309 | p_dac=0.000 p_pa=0.043 p_shift=0.108 p_cfo=0.108 p_awgn=0.124 p_mp=0.056 | max_shift=10 cfo_max=0.0001236 pn_max=0.001854
------------------------------------------------------------------------------------------------------------------------------------
[LOSS-CORE] total=3.4925 cls=1.9050 dom=0.6060 adv=2.6220 orth=0.0021 cons=0.2073 group_ce=3.1083
[LOSS-AUX]  cls_pa=0.0000 cls_dac=0.0000 pa_joint_inv=0.0000 pa_kl=0.0000 dac_reg=0.0000 pa_reg=0.0000 gap_dac=0.0000 gap_pa=0.0000 cos_joint_pa=nan cos_imp_pa=nan
[LOSS-SAT]  cls_sat=0.0000 sat_cons=0.0000 sat_cos=nan
[LOSS-DG]   proto=0.0000 proto_cos=nan supcon=0.0000 fishr=0.0017 sgc_res=0.0031
[LOSS-CAL]  ecc=0.0000 ecc_w=0.0000 ecc_tau=0.6939 ecc_maxp=nan
[TRAIN] tx=85.01% dom=78.70% cons_cos=0.7927
[GRAD]  total=5.074 backbone=1.000 aux=0.750 domain=0.465
[VAL]   tx=98.73% dom=93.08%
[TEST]  overall_tx=88.47% (180478/204000)
[TEST-SPLIT]
          unseen_day_seen_rx(days=['2021_03_15', '2021_03_23'], rxs=[0, 1, 2, 3, 4, 5, 6]): tx=92.41% (77628/84000)
          seen_day_unseen_rx(days=['2021_03_01', '2021_03_08'], rxs=[7, 8, 9, 10, 11]): tx=87.68% (52609/60000)
          unseen_day_unseen_rx(days=['2021_03_15', '2021_03_23'], rxs=[7, 8, 9, 10, 11]): tx=83.73% (50241/60000)
          day=2021_03_15 on seen_rxs=[0, 1, 2, 3, 4, 5, 6]: tx=94.17% (39552/42000)
          day=2021_03_23 on seen_rxs=[0, 1, 2, 3, 4, 5, 6]: tx=90.66% (38076/42000)
          rx=7 on seen_days=['2021_03_01', '2021_03_08']: tx=84.14% (10097/12000)
          rx=8 on seen_days=['2021_03_01', '2021_03_08']: tx=82.03% (9844/12000)
          rx=9 on seen_days=['2021_03_01', '2021_03_08']: tx=87.55% (10506/12000)
          rx=10 on seen_days=['2021_03_01', '2021_03_08']: tx=91.30% (10956/12000)
          rx=11 on seen_days=['2021_03_01', '2021_03_08']: tx=93.38% (11206/12000)
[BEST-JOINT]  val_tx=98.90% & test_tx=89.71% @ E004
[CKPT]  latest -> finalist_runs/E4_full_sgc_mild_res001/latest_model.pth (saved) | best -> finalist_runs/E4_full_sgc_mild_res001/best_model_val.pth
====================================================================================================================================
[SAT-TEST] scenario=clear_leo selected=test_unseen_day_unseen_rx overall_tx=43.18% strict_udu=43.18% (25909/60000)
[SAT-TEST] scenario=low_elev_leo selected=test_unseen_day_unseen_rx overall_tx=42.80% strict_udu=42.80% (25678/60000)
[SAT-TEST] scenario=rain_leo selected=test_unseen_day_unseen_rx overall_tx=40.63% strict_udu=40.63% (24381/60000)
[SAT-TEST] scenario=storm_mp selected=test_unseen_day_unseen_rx overall_tx=35.73% strict_udu=35.73% (21438/60000)
[SAT-TEST] scenario=mixed_orbit selected=test_unseen_day_unseen_rx overall_tx=38.72% strict_udu=38.72% (23232/60000)
[BEST-TEST] overall=90.54% @ E001 -> finalist_runs/E4_full_sgc_mild_res001/best_model_test_overall.pth | unseen_day_unseen_rx=86.16% @ E006 -> finalist_runs/E4_full_sgc_mild_res001/best_model_strict_udu.pth | unseen_day_seen_rx=93.99% @ E001 | seen_day_unseen_rx=90.37% @ E001
[BEST-PRIMARY] score=87.61 @ E006 -> finalist_runs/E4_full_sgc_mild_res001/best_model_primary_ood.pth | overall=90.30% strict_udu=86.16%
[BEST-WORST-RX] worst_rx=85.95% (test_rx_8) @ E006 -> finalist_runs/E4_full_sgc_mild_res001/best_model_worst_rx.pth
====================================================================================================================================
[Epoch 017/060] time=90.4s | lr=4.09e-05 | aux_scale=0.933
[STAGE] phase=S2_stabilize_aux | use_aux=1.0 cons=0.20 cls_aux=0.15 reg=0.35 joint_inv=0.15 kl=0.15 group_ce=0.70
[MIXSTYLE-EPOCH] phase=base enabled=1 p=0.150 strength=0.650 anneal_t=0.000
[AUG] scale=0.329 | p_dac=0.000 p_pa=0.046 p_shift=0.115 p_cfo=0.115 p_awgn=0.132 p_mp=0.059 | max_shift=11 cfo_max=0.0001317 pn_max=0.001976
------------------------------------------------------------------------------------------------------------------------------------
[LOSS-CORE] total=2.7701 cls=1.2583 dom=0.4691 adv=2.6238 orth=0.0024 cons=0.1747 group_ce=2.2403
[LOSS-AUX]  cls_pa=1.7362 cls_dac=0.0000 pa_joint_inv=0.2105 pa_kl=1.5568 dac_reg=0.0000 pa_reg=0.0189 gap_dac=0.0000 gap_pa=0.1180 cos_joint_pa=0.7895 cos_imp_pa=nan
[LOSS-SAT]  cls_sat=0.0000 sat_cons=0.0000 sat_cos=nan
[LOSS-DG]   proto=0.0000 proto_cos=nan supcon=0.0000 fishr=0.0013 sgc_res=0.0033
[LOSS-CAL]  ecc=0.0000 ecc_w=0.0000 ecc_tau=0.6996 ecc_maxp=nan
[TRAIN] tx=90.08% dom=83.07% cons_cos=0.8253
[GRAD]  total=4.195 backbone=1.000 aux=0.750 domain=0.455
[VAL]   tx=98.84% dom=93.06%
[TEST]  overall_tx=89.44% (182467/204000)
[TEST-SPLIT]
          unseen_day_seen_rx(days=['2021_03_15', '2021_03_23'], rxs=[0, 1, 2, 3, 4, 5, 6]): tx=93.02% (78135/84000)
          seen_day_unseen_rx(days=['2021_03_01', '2021_03_08'], rxs=[7, 8, 9, 10, 11]): tx=88.87% (53324/60000)
          unseen_day_unseen_rx(days=['2021_03_15', '2021_03_23'], rxs=[7, 8, 9, 10, 11]): tx=85.01% (51008/60000)
          day=2021_03_15 on seen_rxs=[0, 1, 2, 3, 4, 5, 6]: tx=95.15% (39964/42000)
          day=2021_03_23 on seen_rxs=[0, 1, 2, 3, 4, 5, 6]: tx=90.88% (38171/42000)
          rx=7 on seen_days=['2021_03_01', '2021_03_08']: tx=84.97% (10197/12000)
          rx=8 on seen_days=['2021_03_01', '2021_03_08']: tx=84.99% (10199/12000)
          rx=9 on seen_days=['2021_03_01', '2021_03_08']: tx=88.92% (10671/12000)
          rx=10 on seen_days=['2021_03_01', '2021_03_08']: tx=90.25% (10830/12000)
          rx=11 on seen_days=['2021_03_01', '2021_03_08']: tx=95.22% (11427/12000)
[BEST-JOINT]  val_tx=98.90% & test_tx=89.71% @ E004
[CKPT]  latest -> finalist_runs/E4_full_sgc_mild_res001/latest_model.pth (saved) | best -> finalist_runs/E4_full_sgc_mild_res001/best_model_val.pth
====================================================================================================================================
[SAT-TEST] scenario=clear_leo selected=test_unseen_day_unseen_rx overall_tx=44.17% strict_udu=44.17% (26502/60000)
[SAT-TEST] scenario=low_elev_leo selected=test_unseen_day_unseen_rx overall_tx=44.25% strict_udu=44.25% (26552/60000)
[SAT-TEST] scenario=rain_leo selected=test_unseen_day_unseen_rx overall_tx=41.81% strict_udu=41.81% (25085/60000)
[SAT-TEST] scenario=storm_mp selected=test_unseen_day_unseen_rx overall_tx=36.28% strict_udu=36.28% (21770/60000)
[SAT-TEST] scenario=mixed_orbit selected=test_unseen_day_unseen_rx overall_tx=39.84% strict_udu=39.84% (23906/60000)
[BEST-TEST] overall=90.54% @ E001 -> finalist_runs/E4_full_sgc_mild_res001/best_model_test_overall.pth | unseen_day_unseen_rx=86.16% @ E006 -> finalist_runs/E4_full_sgc_mild_res001/best_model_strict_udu.pth | unseen_day_seen_rx=93.99% @ E001 | seen_day_unseen_rx=90.37% @ E001
[BEST-PRIMARY] score=87.61 @ E006 -> finalist_runs/E4_full_sgc_mild_res001/best_model_primary_ood.pth | overall=90.30% strict_udu=86.16%
[BEST-WORST-RX] worst_rx=85.95% (test_rx_8) @ E006 -> finalist_runs/E4_full_sgc_mild_res001/best_model_worst_rx.pth
====================================================================================================================================
[Epoch 018/060] time=94.0s | lr=3.99e-05 | aux_scale=1.000
[STAGE] phase=S2_stabilize_aux | use_aux=1.0 cons=0.20 cls_aux=0.15 reg=0.35 joint_inv=0.15 kl=0.15 group_ce=0.70
[MIXSTYLE-EPOCH] phase=base enabled=1 p=0.150 strength=0.650 anneal_t=0.000
[AUG] scale=0.350 | p_dac=0.000 p_pa=0.049 p_shift=0.122 p_cfo=0.122 p_awgn=0.140 p_mp=0.063 | max_shift=11 cfo_max=0.00014 pn_max=0.0021
------------------------------------------------------------------------------------------------------------------------------------
[LOSS-CORE] total=3.0770 cls=1.4886 dom=0.5183 adv=2.6219 orth=0.0021 cons=0.1866 group_ce=2.5390
[LOSS-AUX]  cls_pa=1.7542 cls_dac=0.0000 pa_joint_inv=0.2110 pa_kl=1.5708 dac_reg=0.0000 pa_reg=0.0178 gap_dac=0.0000 gap_pa=0.1160 cos_joint_pa=0.7890 cos_imp_pa=nan
[LOSS-SAT]  cls_sat=0.0000 sat_cons=0.0000 sat_cos=nan
[LOSS-DG]   proto=0.0000 proto_cos=nan supcon=0.0000 fishr=0.0015 sgc_res=0.0032
[LOSS-CAL]  ecc=0.0000 ecc_w=0.0000 ecc_tau=0.7056 ecc_maxp=nan
[TRAIN] tx=88.08% dom=81.64% cons_cos=0.8134
[GRAD]  total=4.313 backbone=1.000 aux=0.750 domain=0.456
[VAL]   tx=98.85% dom=93.34%
[TEST]  overall_tx=88.90% (181361/204000)
[TEST-SPLIT]
          unseen_day_seen_rx(days=['2021_03_15', '2021_03_23'], rxs=[0, 1, 2, 3, 4, 5, 6]): tx=92.69% (77859/84000)
          seen_day_unseen_rx(days=['2021_03_01', '2021_03_08'], rxs=[7, 8, 9, 10, 11]): tx=88.16% (52897/60000)
          unseen_day_unseen_rx(days=['2021_03_15', '2021_03_23'], rxs=[7, 8, 9, 10, 11]): tx=84.34% (50605/60000)
          day=2021_03_15 on seen_rxs=[0, 1, 2, 3, 4, 5, 6]: tx=94.62% (39740/42000)
          day=2021_03_23 on seen_rxs=[0, 1, 2, 3, 4, 5, 6]: tx=90.76% (38119/42000)
          rx=7 on seen_days=['2021_03_01', '2021_03_08']: tx=82.87% (9944/12000)
          rx=8 on seen_days=['2021_03_01', '2021_03_08']: tx=83.83% (10059/12000)
          rx=9 on seen_days=['2021_03_01', '2021_03_08']: tx=88.84% (10661/12000)
          rx=10 on seen_days=['2021_03_01', '2021_03_08']: tx=90.78% (10893/12000)
          rx=11 on seen_days=['2021_03_01', '2021_03_08']: tx=94.50% (11340/12000)
[BEST-JOINT]  val_tx=98.90% & test_tx=89.71% @ E004
[CKPT]  latest -> finalist_runs/E4_full_sgc_mild_res001/latest_model.pth (saved) | best -> finalist_runs/E4_full_sgc_mild_res001/best_model_val.pth
====================================================================================================================================
[SAT-TEST] scenario=clear_leo selected=test_unseen_day_unseen_rx overall_tx=42.97% strict_udu=42.97% (25782/60000)
[SAT-TEST] scenario=low_elev_leo selected=test_unseen_day_unseen_rx overall_tx=42.92% strict_udu=42.92% (25751/60000)
[SAT-TEST] scenario=rain_leo selected=test_unseen_day_unseen_rx overall_tx=40.42% strict_udu=40.42% (24254/60000)
[SAT-TEST] scenario=storm_mp selected=test_unseen_day_unseen_rx overall_tx=35.79% strict_udu=35.79% (21472/60000)
[SAT-TEST] scenario=mixed_orbit selected=test_unseen_day_unseen_rx overall_tx=38.69% strict_udu=38.69% (23213/60000)
[BEST-TEST] overall=90.54% @ E001 -> finalist_runs/E4_full_sgc_mild_res001/best_model_test_overall.pth | unseen_day_unseen_rx=86.16% @ E006 -> finalist_runs/E4_full_sgc_mild_res001/best_model_strict_udu.pth | unseen_day_seen_rx=93.99% @ E001 | seen_day_unseen_rx=90.37% @ E001
[BEST-PRIMARY] score=87.61 @ E006 -> finalist_runs/E4_full_sgc_mild_res001/best_model_primary_ood.pth | overall=90.30% strict_udu=86.16%
[BEST-WORST-RX] worst_rx=85.95% (test_rx_8) @ E006 -> finalist_runs/E4_full_sgc_mild_res001/best_model_worst_rx.pth
====================================================================================================================================
[Epoch 019/060] time=89.6s | lr=3.88e-05 | aux_scale=1.000
[STAGE] phase=S2_stabilize_aux | use_aux=1.0 cons=0.21 cls_aux=0.16 reg=0.35 joint_inv=0.15 kl=0.15 group_ce=0.70
[MIXSTYLE-EPOCH] phase=base enabled=1 p=0.150 strength=0.650 anneal_t=0.000
[AUG] scale=0.350 | p_dac=0.000 p_pa=0.049 p_shift=0.122 p_cfo=0.122 p_awgn=0.140 p_mp=0.063 | max_shift=11 cfo_max=0.00014 pn_max=0.0021
------------------------------------------------------------------------------------------------------------------------------------
[LOSS-CORE] total=3.2760 cls=1.6103 dom=0.5879 adv=2.6227 orth=0.0021 cons=0.1830 group_ce=2.6077
[LOSS-AUX]  cls_pa=1.7329 cls_dac=0.0000 pa_joint_inv=0.2093 pa_kl=1.5503 dac_reg=0.0000 pa_reg=0.0174 gap_dac=0.0000 gap_pa=0.1159 cos_joint_pa=0.7907 cos_imp_pa=nan
[LOSS-SAT]  cls_sat=0.0000 sat_cons=0.0000 sat_cos=nan
[LOSS-DG]   proto=0.0000 proto_cos=nan supcon=0.0000 fishr=0.0014 sgc_res=0.0036
[LOSS-CAL]  ecc=0.0000 ecc_w=0.0000 ecc_tau=0.7118 ecc_maxp=nan
[TRAIN] tx=87.27% dom=80.35% cons_cos=0.8170
[GRAD]  total=4.958 backbone=1.000 aux=0.750 domain=0.454
[VAL]   tx=98.71% dom=93.11%
[TEST]  overall_tx=88.69% (180935/204000)
[TEST-SPLIT]
          unseen_day_seen_rx(days=['2021_03_15', '2021_03_23'], rxs=[0, 1, 2, 3, 4, 5, 6]): tx=92.50% (77700/84000)
          seen_day_unseen_rx(days=['2021_03_01', '2021_03_08'], rxs=[7, 8, 9, 10, 11]): tx=88.02% (52810/60000)
          unseen_day_unseen_rx(days=['2021_03_15', '2021_03_23'], rxs=[7, 8, 9, 10, 11]): tx=84.04% (50425/60000)
          day=2021_03_15 on seen_rxs=[0, 1, 2, 3, 4, 5, 6]: tx=94.60% (39730/42000)
          day=2021_03_23 on seen_rxs=[0, 1, 2, 3, 4, 5, 6]: tx=90.40% (37970/42000)
          rx=7 on seen_days=['2021_03_01', '2021_03_08']: tx=84.16% (10099/12000)
          rx=8 on seen_days=['2021_03_01', '2021_03_08']: tx=82.62% (9914/12000)
          rx=9 on seen_days=['2021_03_01', '2021_03_08']: tx=87.66% (10519/12000)
          rx=10 on seen_days=['2021_03_01', '2021_03_08']: tx=92.23% (11068/12000)
          rx=11 on seen_days=['2021_03_01', '2021_03_08']: tx=93.42% (11210/12000)
[BEST-JOINT]  val_tx=98.90% & test_tx=89.71% @ E004
[CKPT]  latest -> finalist_runs/E4_full_sgc_mild_res001/latest_model.pth (saved) | best -> finalist_runs/E4_full_sgc_mild_res001/best_model_val.pth
====================================================================================================================================
[SAT-TEST] scenario=clear_leo selected=test_unseen_day_unseen_rx overall_tx=43.66% strict_udu=43.66% (26197/60000)
[SAT-TEST] scenario=low_elev_leo selected=test_unseen_day_unseen_rx overall_tx=44.08% strict_udu=44.08% (26450/60000)
[SAT-TEST] scenario=rain_leo selected=test_unseen_day_unseen_rx overall_tx=41.59% strict_udu=41.59% (24957/60000)
[SAT-TEST] scenario=storm_mp selected=test_unseen_day_unseen_rx overall_tx=36.07% strict_udu=36.07% (21643/60000)
[SAT-TEST] scenario=mixed_orbit selected=test_unseen_day_unseen_rx overall_tx=39.35% strict_udu=39.35% (23608/60000)
[BEST-TEST] overall=90.54% @ E001 -> finalist_runs/E4_full_sgc_mild_res001/best_model_test_overall.pth | unseen_day_unseen_rx=86.16% @ E006 -> finalist_runs/E4_full_sgc_mild_res001/best_model_strict_udu.pth | unseen_day_seen_rx=93.99% @ E001 | seen_day_unseen_rx=90.37% @ E001
[BEST-PRIMARY] score=87.61 @ E006 -> finalist_runs/E4_full_sgc_mild_res001/best_model_primary_ood.pth | overall=90.30% strict_udu=86.16%
[BEST-WORST-RX] worst_rx=85.95% (test_rx_8) @ E006 -> finalist_runs/E4_full_sgc_mild_res001/best_model_worst_rx.pth
====================================================================================================================================
[Epoch 020/060] time=93.3s | lr=3.77e-05 | aux_scale=1.000
[STAGE] phase=S2_stabilize_aux | use_aux=1.0 cons=0.21 cls_aux=0.16 reg=0.36 joint_inv=0.15 kl=0.16 group_ce=0.71
[MIXSTYLE-EPOCH] phase=base enabled=1 p=0.150 strength=0.650 anneal_t=0.000
[AUG] scale=0.350 | p_dac=0.000 p_pa=0.049 p_shift=0.122 p_cfo=0.122 p_awgn=0.140 p_mp=0.063 | max_shift=11 cfo_max=0.00014 pn_max=0.0021
------------------------------------------------------------------------------------------------------------------------------------
[LOSS-CORE] total=4.0368 cls=1.5990 dom=0.5468 adv=2.6226 orth=0.0020 cons=0.1845 group_ce=2.5740
[LOSS-AUX]  cls_pa=1.6807 cls_dac=0.0000 pa_joint_inv=0.2083 pa_kl=1.4870 dac_reg=0.0000 pa_reg=0.0175 gap_dac=0.0000 gap_pa=0.1162 cos_joint_pa=0.7917 cos_imp_pa=nan
[LOSS-SAT]  cls_sat=9.7917 sat_cons=0.7389 sat_cos=0.2611
[LOSS-DG]   proto=0.0000 proto_cos=nan supcon=0.0000 fishr=0.0015 sgc_res=0.0039
[LOSS-CAL]  ecc=0.0000 ecc_w=0.0000 ecc_tau=0.7183 ecc_maxp=nan
[TRAIN] tx=86.91% dom=81.15% cons_cos=0.8155
[GRAD]  total=4.343 backbone=1.000 aux=0.750 domain=0.448
[VAL]   tx=98.81% dom=93.00%
[TEST]  overall_tx=89.33% (182224/204000)
[TEST-SPLIT]
          unseen_day_seen_rx(days=['2021_03_15', '2021_03_23'], rxs=[0, 1, 2, 3, 4, 5, 6]): tx=92.73% (77894/84000)
          seen_day_unseen_rx(days=['2021_03_01', '2021_03_08'], rxs=[7, 8, 9, 10, 11]): tx=88.78% (53271/60000)
          unseen_day_unseen_rx(days=['2021_03_15', '2021_03_23'], rxs=[7, 8, 9, 10, 11]): tx=85.10% (51059/60000)
          day=2021_03_15 on seen_rxs=[0, 1, 2, 3, 4, 5, 6]: tx=95.20% (39984/42000)
          day=2021_03_23 on seen_rxs=[0, 1, 2, 3, 4, 5, 6]: tx=90.26% (37910/42000)
          rx=7 on seen_days=['2021_03_01', '2021_03_08']: tx=85.55% (10266/12000)
          rx=8 on seen_days=['2021_03_01', '2021_03_08']: tx=83.84% (10061/12000)
          rx=9 on seen_days=['2021_03_01', '2021_03_08']: tx=89.03% (10684/12000)
          rx=10 on seen_days=['2021_03_01', '2021_03_08']: tx=91.08% (10929/12000)
          rx=11 on seen_days=['2021_03_01', '2021_03_08']: tx=94.42% (11331/12000)
[BEST-JOINT]  val_tx=98.90% & test_tx=89.71% @ E004
[CKPT]  latest -> finalist_runs/E4_full_sgc_mild_res001/latest_model.pth (saved) | best -> finalist_runs/E4_full_sgc_mild_res001/best_model_val.pth
====================================================================================================================================
[SAT-TEST] scenario=clear_leo selected=test_unseen_day_unseen_rx overall_tx=44.18% strict_udu=44.18% (26510/60000)
[SAT-TEST] scenario=low_elev_leo selected=test_unseen_day_unseen_rx overall_tx=44.02% strict_udu=44.02% (26413/60000)
[SAT-TEST] scenario=rain_leo selected=test_unseen_day_unseen_rx overall_tx=41.73% strict_udu=41.73% (25036/60000)
[SAT-TEST] scenario=storm_mp selected=test_unseen_day_unseen_rx overall_tx=36.26% strict_udu=36.26% (21754/60000)
[SAT-TEST] scenario=mixed_orbit selected=test_unseen_day_unseen_rx overall_tx=39.72% strict_udu=39.72% (23830/60000)
[BEST-TEST] overall=90.54% @ E001 -> finalist_runs/E4_full_sgc_mild_res001/best_model_test_overall.pth | unseen_day_unseen_rx=86.16% @ E006 -> finalist_runs/E4_full_sgc_mild_res001/best_model_strict_udu.pth | unseen_day_seen_rx=93.99% @ E001 | seen_day_unseen_rx=90.37% @ E001
[BEST-PRIMARY] score=87.61 @ E006 -> finalist_runs/E4_full_sgc_mild_res001/best_model_primary_ood.pth | overall=90.30% strict_udu=86.16%
[BEST-WORST-RX] worst_rx=85.95% (test_rx_8) @ E006 -> finalist_runs/E4_full_sgc_mild_res001/best_model_worst_rx.pth
====================================================================================================================================
[Epoch 021/060] time=91.7s | lr=3.66e-05 | aux_scale=1.000
[STAGE] phase=S2_stabilize_aux | use_aux=1.0 cons=0.21 cls_aux=0.16 reg=0.36 joint_inv=0.16 kl=0.16 group_ce=0.71
[MIXSTYLE-EPOCH] phase=base enabled=1 p=0.150 strength=0.650 anneal_t=0.000
[AUG] scale=0.350 | p_dac=0.000 p_pa=0.049 p_shift=0.122 p_cfo=0.122 p_awgn=0.140 p_mp=0.063 | max_shift=11 cfo_max=0.00014 pn_max=0.0021
------------------------------------------------------------------------------------------------------------------------------------
[LOSS-CORE] total=3.3354 cls=1.0526 dom=0.4441 adv=2.6245 orth=0.0021 cons=0.1628 group_ce=1.9933
[LOSS-AUX]  cls_pa=1.7672 cls_dac=0.0000 pa_joint_inv=0.2132 pa_kl=1.5825 dac_reg=0.0000 pa_reg=0.0174 gap_dac=0.0000 gap_pa=0.1156 cos_joint_pa=0.7868 cos_imp_pa=nan
[LOSS-SAT]  cls_sat=9.5417 sat_cons=0.7385 sat_cos=0.2615
[LOSS-DG]   proto=0.0000 proto_cos=nan supcon=0.0000 fishr=0.0011 sgc_res=0.0039
[LOSS-CAL]  ecc=0.0000 ecc_w=0.0000 ecc_tau=0.7250 ecc_maxp=nan
[TRAIN] tx=91.62% dom=83.94% cons_cos=0.8372
[GRAD]  total=3.977 backbone=1.000 aux=0.750 domain=0.456
[VAL]   tx=98.76% dom=93.23%
[TEST]  overall_tx=88.71% (180966/204000)
[TEST-SPLIT]
          unseen_day_seen_rx(days=['2021_03_15', '2021_03_23'], rxs=[0, 1, 2, 3, 4, 5, 6]): tx=92.56% (77750/84000)
          seen_day_unseen_rx(days=['2021_03_01', '2021_03_08'], rxs=[7, 8, 9, 10, 11]): tx=88.28% (52970/60000)
          unseen_day_unseen_rx(days=['2021_03_15', '2021_03_23'], rxs=[7, 8, 9, 10, 11]): tx=83.74% (50246/60000)
          day=2021_03_15 on seen_rxs=[0, 1, 2, 3, 4, 5, 6]: tx=95.05% (39919/42000)
          day=2021_03_23 on seen_rxs=[0, 1, 2, 3, 4, 5, 6]: tx=90.07% (37831/42000)
          rx=7 on seen_days=['2021_03_01', '2021_03_08']: tx=84.77% (10172/12000)
          rx=8 on seen_days=['2021_03_01', '2021_03_08']: tx=82.95% (9954/12000)
          rx=9 on seen_days=['2021_03_01', '2021_03_08']: tx=87.56% (10507/12000)
          rx=10 on seen_days=['2021_03_01', '2021_03_08']: tx=93.47% (11216/12000)
          rx=11 on seen_days=['2021_03_01', '2021_03_08']: tx=92.67% (11121/12000)
[BEST-JOINT]  val_tx=98.90% & test_tx=89.71% @ E004
[CKPT]  latest -> finalist_runs/E4_full_sgc_mild_res001/latest_model.pth (saved) | best -> finalist_runs/E4_full_sgc_mild_res001/best_model_val.pth
====================================================================================================================================
[SAT-TEST] scenario=clear_leo selected=test_unseen_day_unseen_rx overall_tx=44.22% strict_udu=44.22% (26532/60000)
[SAT-TEST] scenario=low_elev_leo selected=test_unseen_day_unseen_rx overall_tx=44.35% strict_udu=44.35% (26609/60000)
[SAT-TEST] scenario=rain_leo selected=test_unseen_day_unseen_rx overall_tx=41.87% strict_udu=41.87% (25122/60000)
[SAT-TEST] scenario=storm_mp selected=test_unseen_day_unseen_rx overall_tx=36.45% strict_udu=36.45% (21870/60000)
[SAT-TEST] scenario=mixed_orbit selected=test_unseen_day_unseen_rx overall_tx=39.30% strict_udu=39.30% (23579/60000)
[BEST-TEST] overall=90.54% @ E001 -> finalist_runs/E4_full_sgc_mild_res001/best_model_test_overall.pth | unseen_day_unseen_rx=86.16% @ E006 -> finalist_runs/E4_full_sgc_mild_res001/best_model_strict_udu.pth | unseen_day_seen_rx=93.99% @ E001 | seen_day_unseen_rx=90.37% @ E001
[BEST-PRIMARY] score=87.61 @ E006 -> finalist_runs/E4_full_sgc_mild_res001/best_model_primary_ood.pth | overall=90.30% strict_udu=86.16%
[BEST-WORST-RX] worst_rx=85.95% (test_rx_8) @ E006 -> finalist_runs/E4_full_sgc_mild_res001/best_model_worst_rx.pth
====================================================================================================================================
[Epoch 022/060] time=94.0s | lr=3.55e-05 | aux_scale=1.000
[STAGE] phase=S2_stabilize_aux | use_aux=1.0 cons=0.22 cls_aux=0.17 reg=0.37 joint_inv=0.16 kl=0.16 group_ce=0.71
[MIXSTYLE-EPOCH] phase=base enabled=1 p=0.150 strength=0.650 anneal_t=0.000
[AUG] scale=0.350 | p_dac=0.000 p_pa=0.049 p_shift=0.122 p_cfo=0.122 p_awgn=0.140 p_mp=0.063 | max_shift=11 cfo_max=0.00014 pn_max=0.0021
------------------------------------------------------------------------------------------------------------------------------------
[LOSS-CORE] total=3.7480 cls=1.3645 dom=0.5096 adv=2.6220 orth=0.0020 cons=0.1819 group_ce=2.3352
[LOSS-AUX]  cls_pa=1.6507 cls_dac=0.0000 pa_joint_inv=0.2063 pa_kl=1.4528 dac_reg=0.0000 pa_reg=0.0173 gap_dac=0.0000 gap_pa=0.1147 cos_joint_pa=0.7937 cos_imp_pa=nan
[LOSS-SAT]  cls_sat=9.6584 sat_cons=0.7430 sat_cos=0.2570
[LOSS-DG]   proto=0.0000 proto_cos=nan supcon=0.0000 fishr=0.0013 sgc_res=0.0035
[LOSS-CAL]  ecc=0.0000 ecc_w=0.0000 ecc_tau=0.7319 ecc_maxp=nan
[TRAIN] tx=88.98% dom=81.62% cons_cos=0.8181
[GRAD]  total=4.204 backbone=1.000 aux=0.750 domain=0.462
[VAL]   tx=98.85% dom=92.95%
[TEST]  overall_tx=89.72% (183026/204000)
[TEST-SPLIT]
          unseen_day_seen_rx(days=['2021_03_15', '2021_03_23'], rxs=[0, 1, 2, 3, 4, 5, 6]): tx=93.16% (78256/84000)
          seen_day_unseen_rx(days=['2021_03_01', '2021_03_08'], rxs=[7, 8, 9, 10, 11]): tx=89.40% (53640/60000)
          unseen_day_unseen_rx(days=['2021_03_15', '2021_03_23'], rxs=[7, 8, 9, 10, 11]): tx=85.22% (51130/60000)
          day=2021_03_15 on seen_rxs=[0, 1, 2, 3, 4, 5, 6]: tx=95.57% (40139/42000)
          day=2021_03_23 on seen_rxs=[0, 1, 2, 3, 4, 5, 6]: tx=90.75% (38117/42000)
          rx=7 on seen_days=['2021_03_01', '2021_03_08']: tx=85.69% (10283/12000)
          rx=8 on seen_days=['2021_03_01', '2021_03_08']: tx=84.33% (10120/12000)
          rx=9 on seen_days=['2021_03_01', '2021_03_08']: tx=89.21% (10705/12000)
          rx=10 on seen_days=['2021_03_01', '2021_03_08']: tx=93.05% (11166/12000)
          rx=11 on seen_days=['2021_03_01', '2021_03_08']: tx=94.72% (11366/12000)
[BEST-JOINT]  val_tx=98.90% & test_tx=89.71% @ E004
[CKPT]  latest -> finalist_runs/E4_full_sgc_mild_res001/latest_model.pth (saved) | best -> finalist_runs/E4_full_sgc_mild_res001/best_model_val.pth
====================================================================================================================================
[SAT-TEST] scenario=clear_leo selected=test_unseen_day_unseen_rx overall_tx=44.17% strict_udu=44.17% (26501/60000)
[SAT-TEST] scenario=low_elev_leo selected=test_unseen_day_unseen_rx overall_tx=44.07% strict_udu=44.07% (26444/60000)
[SAT-TEST] scenario=rain_leo selected=test_unseen_day_unseen_rx overall_tx=41.49% strict_udu=41.49% (24892/60000)
[SAT-TEST] scenario=storm_mp selected=test_unseen_day_unseen_rx overall_tx=36.44% strict_udu=36.44% (21864/60000)
[SAT-TEST] scenario=mixed_orbit selected=test_unseen_day_unseen_rx overall_tx=39.66% strict_udu=39.66% (23799/60000)
[BEST-TEST] overall=90.54% @ E001 -> finalist_runs/E4_full_sgc_mild_res001/best_model_test_overall.pth | unseen_day_unseen_rx=86.16% @ E006 -> finalist_runs/E4_full_sgc_mild_res001/best_model_strict_udu.pth | unseen_day_seen_rx=93.99% @ E001 | seen_day_unseen_rx=90.37% @ E001
[BEST-PRIMARY] score=87.61 @ E006 -> finalist_runs/E4_full_sgc_mild_res001/best_model_primary_ood.pth | overall=90.30% strict_udu=86.16%
[BEST-WORST-RX] worst_rx=85.95% (test_rx_8) @ E006 -> finalist_runs/E4_full_sgc_mild_res001/best_model_worst_rx.pth
====================================================================================================================================
[Epoch 023/060] time=97.2s | lr=3.43e-05 | aux_scale=1.000
[STAGE] phase=S2_stabilize_aux | use_aux=1.0 cons=0.23 cls_aux=0.18 reg=0.37 joint_inv=0.16 kl=0.17 group_ce=0.71
[MIXSTYLE-EPOCH] phase=base enabled=1 p=0.150 strength=0.650 anneal_t=0.000
[AUG] scale=0.350 | p_dac=0.000 p_pa=0.049 p_shift=0.122 p_cfo=0.122 p_awgn=0.140 p_mp=0.063 | max_shift=11 cfo_max=0.00014 pn_max=0.0021
------------------------------------------------------------------------------------------------------------------------------------
[LOSS-CORE] total=3.9826 cls=1.5349 dom=0.5583 adv=2.6171 orth=0.0020 cons=0.1930 group_ce=2.6442
[LOSS-AUX]  cls_pa=1.6435 cls_dac=0.0000 pa_joint_inv=0.2042 pa_kl=1.4555 dac_reg=0.0000 pa_reg=0.0171 gap_dac=0.0000 gap_pa=0.1136 cos_joint_pa=0.7958 cos_imp_pa=nan
[LOSS-SAT]  cls_sat=9.5133 sat_cons=0.7352 sat_cos=0.2648
[LOSS-DG]   proto=0.0000 proto_cos=nan supcon=0.0000 fishr=0.0015 sgc_res=0.0035
[LOSS-CAL]  ecc=0.0000 ecc_w=0.0000 ecc_tau=0.7390 ecc_maxp=nan
[TRAIN] tx=87.32% dom=80.32% cons_cos=0.8070
[GRAD]  total=4.295 backbone=1.000 aux=0.750 domain=0.451
[VAL]   tx=98.87% dom=93.22%
[TEST]  overall_tx=89.40% (182379/204000)
[TEST-SPLIT]
          unseen_day_seen_rx(days=['2021_03_15', '2021_03_23'], rxs=[0, 1, 2, 3, 4, 5, 6]): tx=92.85% (77997/84000)
          seen_day_unseen_rx(days=['2021_03_01', '2021_03_08'], rxs=[7, 8, 9, 10, 11]): tx=88.96% (53376/60000)
          unseen_day_unseen_rx(days=['2021_03_15', '2021_03_23'], rxs=[7, 8, 9, 10, 11]): tx=85.01% (51006/60000)
          day=2021_03_15 on seen_rxs=[0, 1, 2, 3, 4, 5, 6]: tx=94.79% (39813/42000)
          day=2021_03_23 on seen_rxs=[0, 1, 2, 3, 4, 5, 6]: tx=90.91% (38184/42000)
          rx=7 on seen_days=['2021_03_01', '2021_03_08']: tx=85.22% (10227/12000)
          rx=8 on seen_days=['2021_03_01', '2021_03_08']: tx=85.37% (10244/12000)
          rx=9 on seen_days=['2021_03_01', '2021_03_08']: tx=88.76% (10651/12000)
          rx=10 on seen_days=['2021_03_01', '2021_03_08']: tx=90.84% (10901/12000)
          rx=11 on seen_days=['2021_03_01', '2021_03_08']: tx=94.61% (11353/12000)
[BEST-JOINT]  val_tx=98.90% & test_tx=89.71% @ E004
[CKPT]  latest -> finalist_runs/E4_full_sgc_mild_res001/latest_model.pth (saved) | best -> finalist_runs/E4_full_sgc_mild_res001/best_model_val.pth
====================================================================================================================================
[SAT-TEST] scenario=clear_leo selected=test_unseen_day_unseen_rx overall_tx=43.33% strict_udu=43.33% (26000/60000)
[SAT-TEST] scenario=low_elev_leo selected=test_unseen_day_unseen_rx overall_tx=42.89% strict_udu=42.89% (25736/60000)
[SAT-TEST] scenario=rain_leo selected=test_unseen_day_unseen_rx overall_tx=40.72% strict_udu=40.72% (24431/60000)
[SAT-TEST] scenario=storm_mp selected=test_unseen_day_unseen_rx overall_tx=36.40% strict_udu=36.40% (21837/60000)
[SAT-TEST] scenario=mixed_orbit selected=test_unseen_day_unseen_rx overall_tx=39.71% strict_udu=39.71% (23826/60000)
[BEST-TEST] overall=90.54% @ E001 -> finalist_runs/E4_full_sgc_mild_res001/best_model_test_overall.pth | unseen_day_unseen_rx=86.16% @ E006 -> finalist_runs/E4_full_sgc_mild_res001/best_model_strict_udu.pth | unseen_day_seen_rx=93.99% @ E001 | seen_day_unseen_rx=90.37% @ E001
[BEST-PRIMARY] score=87.61 @ E006 -> finalist_runs/E4_full_sgc_mild_res001/best_model_primary_ood.pth | overall=90.30% strict_udu=86.16%
[BEST-WORST-RX] worst_rx=85.95% (test_rx_8) @ E006 -> finalist_runs/E4_full_sgc_mild_res001/best_model_worst_rx.pth
====================================================================================================================================
[Epoch 024/060] time=98.9s | lr=3.31e-05 | aux_scale=1.000
[STAGE] phase=S2_stabilize_aux | use_aux=1.0 cons=0.23 cls_aux=0.18 reg=0.38 joint_inv=0.16 kl=0.17 group_ce=0.72
[MIXSTYLE-EPOCH] phase=base enabled=1 p=0.150 strength=0.650 anneal_t=0.000
[AUG] scale=0.350 | p_dac=0.000 p_pa=0.049 p_shift=0.122 p_cfo=0.122 p_awgn=0.140 p_mp=0.063 | max_shift=11 cfo_max=0.00014 pn_max=0.0021
------------------------------------------------------------------------------------------------------------------------------------
[LOSS-CORE] total=4.2525 cls=1.7485 dom=0.5932 adv=2.6199 orth=0.0020 cons=0.1914 group_ce=2.8055
[LOSS-AUX]  cls_pa=1.6092 cls_dac=0.0000 pa_joint_inv=0.2042 pa_kl=1.4323 dac_reg=0.0000 pa_reg=0.0173 gap_dac=0.0000 gap_pa=0.1150 cos_joint_pa=0.7958 cos_imp_pa=nan
[LOSS-SAT]  cls_sat=9.5486 sat_cons=0.7234 sat_cos=0.2766
[LOSS-DG]   proto=0.0000 proto_cos=nan supcon=0.0000 fishr=0.0017 sgc_res=0.0036
[LOSS-CAL]  ecc=0.0000 ecc_w=0.0000 ecc_tau=0.7462 ecc_maxp=nan
[TRAIN] tx=85.76% dom=79.19% cons_cos=0.8086
[GRAD]  total=4.252 backbone=1.000 aux=0.750 domain=0.460
[VAL]   tx=98.92% dom=93.36%
[TEST]  overall_tx=89.36% (182291/204000)
[TEST-SPLIT]
          unseen_day_seen_rx(days=['2021_03_15', '2021_03_23'], rxs=[0, 1, 2, 3, 4, 5, 6]): tx=92.81% (77964/84000)
          seen_day_unseen_rx(days=['2021_03_01', '2021_03_08'], rxs=[7, 8, 9, 10, 11]): tx=89.00% (53399/60000)
          unseen_day_unseen_rx(days=['2021_03_15', '2021_03_23'], rxs=[7, 8, 9, 10, 11]): tx=84.88% (50928/60000)
          day=2021_03_15 on seen_rxs=[0, 1, 2, 3, 4, 5, 6]: tx=94.88% (39848/42000)
          day=2021_03_23 on seen_rxs=[0, 1, 2, 3, 4, 5, 6]: tx=90.75% (38116/42000)
          rx=7 on seen_days=['2021_03_01', '2021_03_08']: tx=82.21% (9865/12000)
          rx=8 on seen_days=['2021_03_01', '2021_03_08']: tx=85.14% (10217/12000)
          rx=9 on seen_days=['2021_03_01', '2021_03_08']: tx=89.53% (10743/12000)
          rx=10 on seen_days=['2021_03_01', '2021_03_08']: tx=91.76% (11011/12000)
          rx=11 on seen_days=['2021_03_01', '2021_03_08']: tx=96.36% (11563/12000)
[BEST-JOINT]  val_tx=98.92% & test_tx=89.36% @ E024
[CKPT]  latest -> finalist_runs/E4_full_sgc_mild_res001/latest_model.pth (saved) | best -> finalist_runs/E4_full_sgc_mild_res001/best_model_val.pth (updated: val improved)
====================================================================================================================================
[SAT-TEST] scenario=clear_leo selected=test_unseen_day_unseen_rx overall_tx=43.62% strict_udu=43.62% (26174/60000)
[SAT-TEST] scenario=low_elev_leo selected=test_unseen_day_unseen_rx overall_tx=43.36% strict_udu=43.36% (26015/60000)
[SAT-TEST] scenario=rain_leo selected=test_unseen_day_unseen_rx overall_tx=41.37% strict_udu=41.37% (24819/60000)
[SAT-TEST] scenario=storm_mp selected=test_unseen_day_unseen_rx overall_tx=36.69% strict_udu=36.69% (22016/60000)
[SAT-TEST] scenario=mixed_orbit selected=test_unseen_day_unseen_rx overall_tx=39.50% strict_udu=39.50% (23700/60000)
[BEST-TEST] overall=90.54% @ E001 -> finalist_runs/E4_full_sgc_mild_res001/best_model_test_overall.pth | unseen_day_unseen_rx=86.16% @ E006 -> finalist_runs/E4_full_sgc_mild_res001/best_model_strict_udu.pth | unseen_day_seen_rx=93.99% @ E001 | seen_day_unseen_rx=90.37% @ E001
[BEST-PRIMARY] score=87.61 @ E006 -> finalist_runs/E4_full_sgc_mild_res001/best_model_primary_ood.pth | overall=90.30% strict_udu=86.16%
[BEST-WORST-RX] worst_rx=85.95% (test_rx_8) @ E006 -> finalist_runs/E4_full_sgc_mild_res001/best_model_worst_rx.pth
====================================================================================================================================
[Epoch 025/060] time=98.1s | lr=3.18e-05 | aux_scale=1.000
[STAGE] phase=S2_stabilize_aux | use_aux=1.0 cons=0.24 cls_aux=0.19 reg=0.38 joint_inv=0.16 kl=0.18 group_ce=0.72
[MIXSTYLE-EPOCH] phase=base enabled=1 p=0.150 strength=0.650 anneal_t=0.000
[AUG] scale=0.350 | p_dac=0.000 p_pa=0.049 p_shift=0.122 p_cfo=0.122 p_awgn=0.140 p_mp=0.063 | max_shift=11 cfo_max=0.00014 pn_max=0.0021
------------------------------------------------------------------------------------------------------------------------------------
[LOSS-CORE] total=4.2303 cls=1.7204 dom=0.5734 adv=2.6254 orth=0.0019 cons=0.1995 group_ce=2.8930
[LOSS-AUX]  cls_pa=1.6610 cls_dac=0.0000 pa_joint_inv=0.2065 pa_kl=1.4702 dac_reg=0.0000 pa_reg=0.0172 gap_dac=0.0000 gap_pa=0.1147 cos_joint_pa=0.7935 cos_imp_pa=nan
[LOSS-SAT]  cls_sat=9.6255 sat_cons=0.7336 sat_cos=0.2664
[LOSS-DG]   proto=0.0000 proto_cos=nan supcon=0.0000 fishr=0.0017 sgc_res=0.0037
[LOSS-CAL]  ecc=0.0000 ecc_w=0.0000 ecc_tau=0.7536 ecc_maxp=nan
[TRAIN] tx=85.66% dom=80.06% cons_cos=0.8006
[GRAD]  total=3.818 backbone=1.000 aux=0.750 domain=0.443
[VAL]   tx=98.74% dom=93.54%
[TEST]  overall_tx=88.82% (181201/204000)
[TEST-SPLIT]
          unseen_day_seen_rx(days=['2021_03_15', '2021_03_23'], rxs=[0, 1, 2, 3, 4, 5, 6]): tx=92.77% (77928/84000)
          seen_day_unseen_rx(days=['2021_03_01', '2021_03_08'], rxs=[7, 8, 9, 10, 11]): tx=87.64% (52584/60000)
          unseen_day_unseen_rx(days=['2021_03_15', '2021_03_23'], rxs=[7, 8, 9, 10, 11]): tx=84.48% (50689/60000)
          day=2021_03_15 on seen_rxs=[0, 1, 2, 3, 4, 5, 6]: tx=95.05% (39921/42000)
          day=2021_03_23 on seen_rxs=[0, 1, 2, 3, 4, 5, 6]: tx=90.49% (38007/42000)
          rx=7 on seen_days=['2021_03_01', '2021_03_08']: tx=83.29% (9995/12000)
          rx=8 on seen_days=['2021_03_01', '2021_03_08']: tx=83.87% (10064/12000)
          rx=9 on seen_days=['2021_03_01', '2021_03_08']: tx=87.51% (10501/12000)
          rx=10 on seen_days=['2021_03_01', '2021_03_08']: tx=91.42% (10970/12000)
          rx=11 on seen_days=['2021_03_01', '2021_03_08']: tx=92.12% (11054/12000)
[BEST-JOINT]  val_tx=98.92% & test_tx=89.36% @ E024
[CKPT]  latest -> finalist_runs/E4_full_sgc_mild_res001/latest_model.pth (saved) | best -> finalist_runs/E4_full_sgc_mild_res001/best_model_val.pth
====================================================================================================================================
[SAT-TEST] scenario=clear_leo selected=test_unseen_day_unseen_rx overall_tx=43.71% strict_udu=43.71% (26228/60000)
[SAT-TEST] scenario=low_elev_leo selected=test_unseen_day_unseen_rx overall_tx=43.86% strict_udu=43.86% (26315/60000)
[SAT-TEST] scenario=rain_leo selected=test_unseen_day_unseen_rx overall_tx=41.54% strict_udu=41.54% (24926/60000)
[SAT-TEST] scenario=storm_mp selected=test_unseen_day_unseen_rx overall_tx=36.78% strict_udu=36.78% (22066/60000)
[SAT-TEST] scenario=mixed_orbit selected=test_unseen_day_unseen_rx overall_tx=39.55% strict_udu=39.55% (23732/60000)
[BEST-TEST] overall=90.54% @ E001 -> finalist_runs/E4_full_sgc_mild_res001/best_model_test_overall.pth | unseen_day_unseen_rx=86.16% @ E006 -> finalist_runs/E4_full_sgc_mild_res001/best_model_strict_udu.pth | unseen_day_seen_rx=93.99% @ E001 | seen_day_unseen_rx=90.37% @ E001
[BEST-PRIMARY] score=87.61 @ E006 -> finalist_runs/E4_full_sgc_mild_res001/best_model_primary_ood.pth | overall=90.30% strict_udu=86.16%
[BEST-WORST-RX] worst_rx=85.95% (test_rx_8) @ E006 -> finalist_runs/E4_full_sgc_mild_res001/best_model_worst_rx.pth
[WARN][E026] unsafe backward/step skipped #8
====================================================================================================================================
[Epoch 026/060] time=99.8s | lr=3.06e-05 | aux_scale=1.000
[STAGE] phase=S2_stabilize_aux | use_aux=1.0 cons=0.25 cls_aux=0.20 reg=0.39 joint_inv=0.17 kl=0.18 group_ce=0.73
[MIXSTYLE-EPOCH] phase=base enabled=1 p=0.150 strength=0.650 anneal_t=0.000
[AUG] scale=0.350 | p_dac=0.000 p_pa=0.049 p_shift=0.122 p_cfo=0.122 p_awgn=0.140 p_mp=0.063 | max_shift=11 cfo_max=0.00014 pn_max=0.0021
------------------------------------------------------------------------------------------------------------------------------------
[LOSS-CORE] total=4.4873 cls=1.9161 dom=0.6141 adv=2.6166 orth=0.0018 cons=0.2142 group_ce=3.1655
[LOSS-AUX]  cls_pa=1.5774 cls_dac=0.0000 pa_joint_inv=0.2030 pa_kl=1.3993 dac_reg=0.0000 pa_reg=0.0172 gap_dac=0.0000 gap_pa=0.1133 cos_joint_pa=0.7970 cos_imp_pa=nan
[LOSS-SAT]  cls_sat=9.5921 sat_cons=0.7355 sat_cos=0.2645
[LOSS-DG]   proto=0.0000 proto_cos=nan supcon=0.0000 fishr=0.0019 sgc_res=0.0041
[LOSS-CAL]  ecc=0.0000 ecc_w=0.0000 ecc_tau=0.7612 ecc_maxp=nan
[TRAIN] tx=84.19% dom=77.22% cons_cos=0.7830
[GRAD]  total=4.339 backbone=1.000 aux=0.750 domain=0.459
[VAL]   tx=98.70% dom=93.17%
[TEST]  overall_tx=88.61% (180765/204000)
[TEST-SPLIT]
          unseen_day_seen_rx(days=['2021_03_15', '2021_03_23'], rxs=[0, 1, 2, 3, 4, 5, 6]): tx=92.84% (77984/84000)
          seen_day_unseen_rx(days=['2021_03_01', '2021_03_08'], rxs=[7, 8, 9, 10, 11]): tx=87.35% (52410/60000)
          unseen_day_unseen_rx(days=['2021_03_15', '2021_03_23'], rxs=[7, 8, 9, 10, 11]): tx=83.95% (50371/60000)
          day=2021_03_15 on seen_rxs=[0, 1, 2, 3, 4, 5, 6]: tx=95.11% (39947/42000)
          day=2021_03_23 on seen_rxs=[0, 1, 2, 3, 4, 5, 6]: tx=90.56% (38037/42000)
          rx=7 on seen_days=['2021_03_01', '2021_03_08']: tx=83.08% (9969/12000)
          rx=8 on seen_days=['2021_03_01', '2021_03_08']: tx=82.69% (9923/12000)
          rx=9 on seen_days=['2021_03_01', '2021_03_08']: tx=87.27% (10472/12000)
          rx=10 on seen_days=['2021_03_01', '2021_03_08']: tx=92.17% (11061/12000)
          rx=11 on seen_days=['2021_03_01', '2021_03_08']: tx=91.54% (10985/12000)
[BEST-JOINT]  val_tx=98.92% & test_tx=89.36% @ E024
[CKPT]  latest -> finalist_runs/E4_full_sgc_mild_res001/latest_model.pth (saved) | best -> finalist_runs/E4_full_sgc_mild_res001/best_model_val.pth
====================================================================================================================================
[SAT-TEST] scenario=clear_leo selected=test_unseen_day_unseen_rx overall_tx=43.82% strict_udu=43.82% (26291/60000)
[SAT-TEST] scenario=low_elev_leo selected=test_unseen_day_unseen_rx overall_tx=43.62% strict_udu=43.62% (26173/60000)
[SAT-TEST] scenario=rain_leo selected=test_unseen_day_unseen_rx overall_tx=41.30% strict_udu=41.30% (24777/60000)
[SAT-TEST] scenario=storm_mp selected=test_unseen_day_unseen_rx overall_tx=36.67% strict_udu=36.67% (22003/60000)
[SAT-TEST] scenario=mixed_orbit selected=test_unseen_day_unseen_rx overall_tx=39.33% strict_udu=39.33% (23595/60000)
[BEST-TEST] overall=90.54% @ E001 -> finalist_runs/E4_full_sgc_mild_res001/best_model_test_overall.pth | unseen_day_unseen_rx=86.16% @ E006 -> finalist_runs/E4_full_sgc_mild_res001/best_model_strict_udu.pth | unseen_day_seen_rx=93.99% @ E001 | seen_day_unseen_rx=90.37% @ E001
[BEST-PRIMARY] score=87.61 @ E006 -> finalist_runs/E4_full_sgc_mild_res001/best_model_primary_ood.pth | overall=90.30% strict_udu=86.16%
[BEST-WORST-RX] worst_rx=85.95% (test_rx_8) @ E006 -> finalist_runs/E4_full_sgc_mild_res001/best_model_worst_rx.pth
====================================================================================================================================
[Epoch 027/060] time=97.5s | lr=2.93e-05 | aux_scale=1.000
[STAGE] phase=S2_stabilize_aux | use_aux=1.0 cons=0.26 cls_aux=0.21 reg=0.40 joint_inv=0.17 kl=0.19 group_ce=0.73
[MIXSTYLE-EPOCH] phase=base enabled=1 p=0.150 strength=0.650 anneal_t=0.000
[AUG] scale=0.350 | p_dac=0.000 p_pa=0.049 p_shift=0.122 p_cfo=0.122 p_awgn=0.140 p_mp=0.063 | max_shift=11 cfo_max=0.00014 pn_max=0.0021
------------------------------------------------------------------------------------------------------------------------------------
[LOSS-CORE] total=3.9146 cls=1.4816 dom=0.5144 adv=2.6220 orth=0.0021 cons=0.1885 group_ce=2.5212
[LOSS-AUX]  cls_pa=1.6339 cls_dac=0.0000 pa_joint_inv=0.2041 pa_kl=1.4502 dac_reg=0.0000 pa_reg=0.0170 gap_dac=0.0000 gap_pa=0.1140 cos_joint_pa=0.7959 cos_imp_pa=nan
[LOSS-SAT]  cls_sat=9.5229 sat_cons=0.7374 sat_cos=0.2626
[LOSS-DG]   proto=0.0000 proto_cos=nan supcon=0.0000 fishr=0.0014 sgc_res=0.0042
[LOSS-CAL]  ecc=0.0000 ecc_w=0.0000 ecc_tau=0.7688 ecc_maxp=nan
[TRAIN] tx=88.53% dom=81.87% cons_cos=0.8115
[GRAD]  total=4.417 backbone=1.000 aux=0.750 domain=0.455
[VAL]   tx=98.86% dom=93.33%
[TEST]  overall_tx=88.52% (180588/204000)
[TEST-SPLIT]
          unseen_day_seen_rx(days=['2021_03_15', '2021_03_23'], rxs=[0, 1, 2, 3, 4, 5, 6]): tx=92.57% (77756/84000)
          seen_day_unseen_rx(days=['2021_03_01', '2021_03_08'], rxs=[7, 8, 9, 10, 11]): tx=87.37% (52421/60000)
          unseen_day_unseen_rx(days=['2021_03_15', '2021_03_23'], rxs=[7, 8, 9, 10, 11]): tx=84.02% (50411/60000)
          day=2021_03_15 on seen_rxs=[0, 1, 2, 3, 4, 5, 6]: tx=94.24% (39582/42000)
          day=2021_03_23 on seen_rxs=[0, 1, 2, 3, 4, 5, 6]: tx=90.89% (38174/42000)
          rx=7 on seen_days=['2021_03_01', '2021_03_08']: tx=81.69% (9803/12000)
          rx=8 on seen_days=['2021_03_01', '2021_03_08']: tx=81.88% (9826/12000)
          rx=9 on seen_days=['2021_03_01', '2021_03_08']: tx=88.48% (10618/12000)
          rx=10 on seen_days=['2021_03_01', '2021_03_08']: tx=90.88% (10906/12000)
          rx=11 on seen_days=['2021_03_01', '2021_03_08']: tx=93.90% (11268/12000)
[BEST-JOINT]  val_tx=98.92% & test_tx=89.36% @ E024
[CKPT]  latest -> finalist_runs/E4_full_sgc_mild_res001/latest_model.pth (saved) | best -> finalist_runs/E4_full_sgc_mild_res001/best_model_val.pth
====================================================================================================================================
[SAT-TEST] scenario=clear_leo selected=test_unseen_day_unseen_rx overall_tx=43.41% strict_udu=43.41% (26048/60000)
[SAT-TEST] scenario=low_elev_leo selected=test_unseen_day_unseen_rx overall_tx=42.93% strict_udu=42.93% (25759/60000)
[SAT-TEST] scenario=rain_leo selected=test_unseen_day_unseen_rx overall_tx=40.78% strict_udu=40.78% (24467/60000)
[SAT-TEST] scenario=storm_mp selected=test_unseen_day_unseen_rx overall_tx=36.73% strict_udu=36.73% (22036/60000)
[SAT-TEST] scenario=mixed_orbit selected=test_unseen_day_unseen_rx overall_tx=39.33% strict_udu=39.33% (23596/60000)
[BEST-TEST] overall=90.54% @ E001 -> finalist_runs/E4_full_sgc_mild_res001/best_model_test_overall.pth | unseen_day_unseen_rx=86.16% @ E006 -> finalist_runs/E4_full_sgc_mild_res001/best_model_strict_udu.pth | unseen_day_seen_rx=93.99% @ E001 | seen_day_unseen_rx=90.37% @ E001
[BEST-PRIMARY] score=87.61 @ E006 -> finalist_runs/E4_full_sgc_mild_res001/best_model_primary_ood.pth | overall=90.30% strict_udu=86.16%
[BEST-WORST-RX] worst_rx=85.95% (test_rx_8) @ E006 -> finalist_runs/E4_full_sgc_mild_res001/best_model_worst_rx.pth
====================================================================================================================================
[Epoch 028/060] time=98.1s | lr=2.81e-05 | aux_scale=1.000
[STAGE] phase=S2_stabilize_aux | use_aux=1.0 cons=0.27 cls_aux=0.22 reg=0.40 joint_inv=0.17 kl=0.19 group_ce=0.74
[MIXSTYLE-EPOCH] phase=base enabled=1 p=0.150 strength=0.650 anneal_t=0.000
[AUG] scale=0.350 | p_dac=0.000 p_pa=0.049 p_shift=0.122 p_cfo=0.122 p_awgn=0.140 p_mp=0.063 | max_shift=11 cfo_max=0.00014 pn_max=0.0021
------------------------------------------------------------------------------------------------------------------------------------
[LOSS-CORE] total=4.0165 cls=1.5614 dom=0.5254 adv=2.6180 orth=0.0020 cons=0.1942 group_ce=2.6528
[LOSS-AUX]  cls_pa=1.5201 cls_dac=0.0000 pa_joint_inv=0.1991 pa_kl=1.3268 dac_reg=0.0000 pa_reg=0.0171 gap_dac=0.0000 gap_pa=0.1126 cos_joint_pa=0.8009 cos_imp_pa=nan
[LOSS-SAT]  cls_sat=9.4895 sat_cons=0.7340 sat_cos=0.2660
[LOSS-DG]   proto=0.0000 proto_cos=nan supcon=0.0000 fishr=0.0016 sgc_res=0.0041
[LOSS-CAL]  ecc=0.0000 ecc_w=0.0000 ecc_tau=0.7765 ecc_maxp=nan
[TRAIN] tx=87.13% dom=81.41% cons_cos=0.8058
[GRAD]  total=4.018 backbone=1.000 aux=0.750 domain=0.450
[VAL]   tx=98.83% dom=93.52%
[TEST]  overall_tx=88.90% (181354/204000)
[TEST-SPLIT]
          unseen_day_seen_rx(days=['2021_03_15', '2021_03_23'], rxs=[0, 1, 2, 3, 4, 5, 6]): tx=92.60% (77786/84000)
          seen_day_unseen_rx(days=['2021_03_01', '2021_03_08'], rxs=[7, 8, 9, 10, 11]): tx=87.95% (52769/60000)
          unseen_day_unseen_rx(days=['2021_03_15', '2021_03_23'], rxs=[7, 8, 9, 10, 11]): tx=84.67% (50799/60000)
          day=2021_03_15 on seen_rxs=[0, 1, 2, 3, 4, 5, 6]: tx=94.62% (39739/42000)
          day=2021_03_23 on seen_rxs=[0, 1, 2, 3, 4, 5, 6]: tx=90.59% (38047/42000)
          rx=7 on seen_days=['2021_03_01', '2021_03_08']: tx=83.12% (9974/12000)
          rx=8 on seen_days=['2021_03_01', '2021_03_08']: tx=83.83% (10060/12000)
          rx=9 on seen_days=['2021_03_01', '2021_03_08']: tx=88.01% (10561/12000)
          rx=10 on seen_days=['2021_03_01', '2021_03_08']: tx=90.73% (10888/12000)
          rx=11 on seen_days=['2021_03_01', '2021_03_08']: tx=94.05% (11286/12000)
[BEST-JOINT]  val_tx=98.92% & test_tx=89.36% @ E024
[CKPT]  latest -> finalist_runs/E4_full_sgc_mild_res001/latest_model.pth (saved) | best -> finalist_runs/E4_full_sgc_mild_res001/best_model_val.pth
====================================================================================================================================
[SAT-TEST] scenario=clear_leo selected=test_unseen_day_unseen_rx overall_tx=42.96% strict_udu=42.96% (25775/60000)
[SAT-TEST] scenario=low_elev_leo selected=test_unseen_day_unseen_rx overall_tx=42.54% strict_udu=42.54% (25522/60000)
[SAT-TEST] scenario=rain_leo selected=test_unseen_day_unseen_rx overall_tx=40.34% strict_udu=40.34% (24205/60000)
[SAT-TEST] scenario=storm_mp selected=test_unseen_day_unseen_rx overall_tx=36.45% strict_udu=36.45% (21873/60000)
[SAT-TEST] scenario=mixed_orbit selected=test_unseen_day_unseen_rx overall_tx=39.24% strict_udu=39.24% (23546/60000)
[BEST-TEST] overall=90.54% @ E001 -> finalist_runs/E4_full_sgc_mild_res001/best_model_test_overall.pth | unseen_day_unseen_rx=86.16% @ E006 -> finalist_runs/E4_full_sgc_mild_res001/best_model_strict_udu.pth | unseen_day_seen_rx=93.99% @ E001 | seen_day_unseen_rx=90.37% @ E001
[BEST-PRIMARY] score=87.61 @ E006 -> finalist_runs/E4_full_sgc_mild_res001/best_model_primary_ood.pth | overall=90.30% strict_udu=86.16%
[BEST-WORST-RX] worst_rx=85.95% (test_rx_8) @ E006 -> finalist_runs/E4_full_sgc_mild_res001/best_model_worst_rx.pth
====================================================================================================================================
[Epoch 029/060] time=94.0s | lr=2.68e-05 | aux_scale=1.000
[STAGE] phase=S2_stabilize_aux | use_aux=1.0 cons=0.28 cls_aux=0.23 reg=0.41 joint_inv=0.18 kl=0.20 group_ce=0.74
[MIXSTYLE-EPOCH] phase=base enabled=1 p=0.150 strength=0.650 anneal_t=0.000
[AUG] scale=0.350 | p_dac=0.000 p_pa=0.049 p_shift=0.122 p_cfo=0.122 p_awgn=0.140 p_mp=0.063 | max_shift=11 cfo_max=0.00014 pn_max=0.0021
------------------------------------------------------------------------------------------------------------------------------------
[LOSS-CORE] total=3.7468 cls=1.3489 dom=0.4903 adv=2.6259 orth=0.0022 cons=0.1774 group_ce=2.2830
[LOSS-AUX]  cls_pa=1.6095 cls_dac=0.0000 pa_joint_inv=0.2054 pa_kl=1.4237 dac_reg=0.0000 pa_reg=0.0172 gap_dac=0.0000 gap_pa=0.1149 cos_joint_pa=0.7946 cos_imp_pa=nan
[LOSS-SAT]  cls_sat=9.3326 sat_cons=0.7288 sat_cos=0.2712
[LOSS-DG]   proto=0.0000 proto_cos=nan supcon=0.0000 fishr=0.0013 sgc_res=0.0040
[LOSS-CAL]  ecc=0.0000 ecc_w=0.0000 ecc_tau=0.7843 ecc_maxp=nan
[TRAIN] tx=89.06% dom=82.40% cons_cos=0.8226
[GRAD]  total=4.063 backbone=1.000 aux=0.750 domain=0.441
[VAL]   tx=98.81% dom=93.39%
[TEST]  overall_tx=88.81% (181182/204000)
[TEST-SPLIT]
          unseen_day_seen_rx(days=['2021_03_15', '2021_03_23'], rxs=[0, 1, 2, 3, 4, 5, 6]): tx=92.71% (77879/84000)
          seen_day_unseen_rx(days=['2021_03_01', '2021_03_08'], rxs=[7, 8, 9, 10, 11]): tx=88.10% (52861/60000)
          unseen_day_unseen_rx(days=['2021_03_15', '2021_03_23'], rxs=[7, 8, 9, 10, 11]): tx=84.07% (50442/60000)
          day=2021_03_15 on seen_rxs=[0, 1, 2, 3, 4, 5, 6]: tx=95.01% (39904/42000)
          day=2021_03_23 on seen_rxs=[0, 1, 2, 3, 4, 5, 6]: tx=90.42% (37975/42000)
          rx=7 on seen_days=['2021_03_01', '2021_03_08']: tx=83.72% (10046/12000)
          rx=8 on seen_days=['2021_03_01', '2021_03_08']: tx=83.05% (9966/12000)
          rx=9 on seen_days=['2021_03_01', '2021_03_08']: tx=88.32% (10598/12000)
          rx=10 on seen_days=['2021_03_01', '2021_03_08']: tx=92.08% (11049/12000)
          rx=11 on seen_days=['2021_03_01', '2021_03_08']: tx=93.35% (11202/12000)
[BEST-JOINT]  val_tx=98.92% & test_tx=89.36% @ E024
[CKPT]  latest -> finalist_runs/E4_full_sgc_mild_res001/latest_model.pth (saved) | best -> finalist_runs/E4_full_sgc_mild_res001/best_model_val.pth
====================================================================================================================================
[SAT-TEST] scenario=clear_leo selected=test_unseen_day_unseen_rx overall_tx=43.98% strict_udu=43.98% (26385/60000)
[SAT-TEST] scenario=low_elev_leo selected=test_unseen_day_unseen_rx overall_tx=44.14% strict_udu=44.14% (26484/60000)
[SAT-TEST] scenario=rain_leo selected=test_unseen_day_unseen_rx overall_tx=41.59% strict_udu=41.59% (24954/60000)
[SAT-TEST] scenario=storm_mp selected=test_unseen_day_unseen_rx overall_tx=37.07% strict_udu=37.07% (22241/60000)
[SAT-TEST] scenario=mixed_orbit selected=test_unseen_day_unseen_rx overall_tx=39.42% strict_udu=39.42% (23655/60000)
[BEST-TEST] overall=90.54% @ E001 -> finalist_runs/E4_full_sgc_mild_res001/best_model_test_overall.pth | unseen_day_unseen_rx=86.16% @ E006 -> finalist_runs/E4_full_sgc_mild_res001/best_model_strict_udu.pth | unseen_day_seen_rx=93.99% @ E001 | seen_day_unseen_rx=90.37% @ E001
[BEST-PRIMARY] score=87.61 @ E006 -> finalist_runs/E4_full_sgc_mild_res001/best_model_primary_ood.pth | overall=90.30% strict_udu=86.16%
[BEST-WORST-RX] worst_rx=85.95% (test_rx_8) @ E006 -> finalist_runs/E4_full_sgc_mild_res001/best_model_worst_rx.pth
====================================================================================================================================
[Epoch 030/060] time=95.3s | lr=2.55e-05 | aux_scale=1.000
[STAGE] phase=S2_stabilize_aux | use_aux=1.0 cons=0.29 cls_aux=0.24 reg=0.42 joint_inv=0.18 kl=0.21 group_ce=0.75
[MIXSTYLE-EPOCH] phase=base enabled=1 p=0.150 strength=0.650 anneal_t=0.000
[AUG] scale=0.350 | p_dac=0.000 p_pa=0.049 p_shift=0.122 p_cfo=0.122 p_awgn=0.140 p_mp=0.063 | max_shift=11 cfo_max=0.00014 pn_max=0.0021
------------------------------------------------------------------------------------------------------------------------------------
[LOSS-CORE] total=4.0893 cls=1.5955 dom=0.5343 adv=2.6164 orth=0.0020 cons=0.1985 group_ce=2.6477
[LOSS-AUX]  cls_pa=1.5273 cls_dac=0.0000 pa_joint_inv=0.1984 pa_kl=1.3459 dac_reg=0.0000 pa_reg=0.0172 gap_dac=0.0000 gap_pa=0.1135 cos_joint_pa=0.8016 cos_imp_pa=nan
[LOSS-SAT]  cls_sat=9.5743 sat_cons=0.7364 sat_cos=0.2636
[LOSS-DG]   proto=0.0000 proto_cos=nan supcon=0.0000 fishr=0.0016 sgc_res=0.0038
[LOSS-CAL]  ecc=0.0000 ecc_w=0.0000 ecc_tau=0.7921 ecc_maxp=nan
[TRAIN] tx=86.75% dom=80.41% cons_cos=0.8015
[GRAD]  total=4.318 backbone=1.000 aux=0.750 domain=0.454
[VAL]   tx=98.74% dom=93.35%
[TEST]  overall_tx=88.53% (180609/204000)
[TEST-SPLIT]
          unseen_day_seen_rx(days=['2021_03_15', '2021_03_23'], rxs=[0, 1, 2, 3, 4, 5, 6]): tx=92.60% (77786/84000)
          seen_day_unseen_rx(days=['2021_03_01', '2021_03_08'], rxs=[7, 8, 9, 10, 11]): tx=87.18% (52310/60000)
          unseen_day_unseen_rx(days=['2021_03_15', '2021_03_23'], rxs=[7, 8, 9, 10, 11]): tx=84.19% (50513/60000)
          day=2021_03_15 on seen_rxs=[0, 1, 2, 3, 4, 5, 6]: tx=94.80% (39815/42000)
          day=2021_03_23 on seen_rxs=[0, 1, 2, 3, 4, 5, 6]: tx=90.41% (37971/42000)
          rx=7 on seen_days=['2021_03_01', '2021_03_08']: tx=82.08% (9849/12000)
          rx=8 on seen_days=['2021_03_01', '2021_03_08']: tx=81.13% (9736/12000)
          rx=9 on seen_days=['2021_03_01', '2021_03_08']: tx=87.71% (10525/12000)
          rx=10 on seen_days=['2021_03_01', '2021_03_08']: tx=91.20% (10944/12000)
          rx=11 on seen_days=['2021_03_01', '2021_03_08']: tx=93.80% (11256/12000)
[BEST-JOINT]  val_tx=98.92% & test_tx=89.36% @ E024
[CKPT]  latest -> finalist_runs/E4_full_sgc_mild_res001/latest_model.pth (saved) | best -> finalist_runs/E4_full_sgc_mild_res001/best_model_val.pth
====================================================================================================================================
[SAT-TEST] scenario=clear_leo selected=test_unseen_day_unseen_rx overall_tx=43.45% strict_udu=43.45% (26073/60000)
[SAT-TEST] scenario=low_elev_leo selected=test_unseen_day_unseen_rx overall_tx=43.11% strict_udu=43.11% (25868/60000)
[SAT-TEST] scenario=rain_leo selected=test_unseen_day_unseen_rx overall_tx=40.88% strict_udu=40.88% (24525/60000)
[SAT-TEST] scenario=storm_mp selected=test_unseen_day_unseen_rx overall_tx=36.90% strict_udu=36.90% (22138/60000)
[SAT-TEST] scenario=mixed_orbit selected=test_unseen_day_unseen_rx overall_tx=39.78% strict_udu=39.78% (23871/60000)
[BEST-TEST] overall=90.54% @ E001 -> finalist_runs/E4_full_sgc_mild_res001/best_model_test_overall.pth | unseen_day_unseen_rx=86.16% @ E006 -> finalist_runs/E4_full_sgc_mild_res001/best_model_strict_udu.pth | unseen_day_seen_rx=93.99% @ E001 | seen_day_unseen_rx=90.37% @ E001
[BEST-PRIMARY] score=87.61 @ E006 -> finalist_runs/E4_full_sgc_mild_res001/best_model_primary_ood.pth | overall=90.30% strict_udu=86.16%
[BEST-WORST-RX] worst_rx=85.95% (test_rx_8) @ E006 -> finalist_runs/E4_full_sgc_mild_res001/best_model_worst_rx.pth
====================================================================================================================================
[Epoch 031/060] time=97.0s | lr=2.42e-05 | aux_scale=1.000
[STAGE] phase=S2_stabilize_aux | use_aux=1.0 cons=0.30 cls_aux=0.25 reg=0.43 joint_inv=0.19 kl=0.21 group_ce=0.75
[MIXSTYLE-EPOCH] phase=base enabled=1 p=0.150 strength=0.650 anneal_t=0.000
[AUG] scale=0.350 | p_dac=0.000 p_pa=0.049 p_shift=0.122 p_cfo=0.122 p_awgn=0.140 p_mp=0.063 | max_shift=11 cfo_max=0.00014 pn_max=0.0021
------------------------------------------------------------------------------------------------------------------------------------
[LOSS-CORE] total=4.5469 cls=1.8941 dom=0.6641 adv=2.6212 orth=0.0019 cons=0.1994 group_ce=2.9921
[LOSS-AUX]  cls_pa=1.5296 cls_dac=0.0000 pa_joint_inv=0.1999 pa_kl=1.3429 dac_reg=0.0000 pa_reg=0.0170 gap_dac=0.0000 gap_pa=0.1129 cos_joint_pa=0.8001 cos_imp_pa=nan
[LOSS-SAT]  cls_sat=9.4385 sat_cons=0.7255 sat_cos=0.2745
[LOSS-DG]   proto=0.0000 proto_cos=nan supcon=0.0000 fishr=0.0017 sgc_res=0.0040
[LOSS-CAL]  ecc=0.0000 ecc_w=0.0000 ecc_tau=0.8000 ecc_maxp=nan
[TRAIN] tx=85.11% dom=78.51% cons_cos=0.8006
[GRAD]  total=4.626 backbone=1.000 aux=0.750 domain=0.459
[VAL]   tx=98.83% dom=93.42%
[TEST]  overall_tx=88.90% (181361/204000)
[TEST-SPLIT]
          unseen_day_seen_rx(days=['2021_03_15', '2021_03_23'], rxs=[0, 1, 2, 3, 4, 5, 6]): tx=92.67% (77839/84000)
          seen_day_unseen_rx(days=['2021_03_01', '2021_03_08'], rxs=[7, 8, 9, 10, 11]): tx=87.67% (52601/60000)
          unseen_day_unseen_rx(days=['2021_03_15', '2021_03_23'], rxs=[7, 8, 9, 10, 11]): tx=84.87% (50921/60000)
          day=2021_03_15 on seen_rxs=[0, 1, 2, 3, 4, 5, 6]: tx=95.38% (40058/42000)
          day=2021_03_23 on seen_rxs=[0, 1, 2, 3, 4, 5, 6]: tx=89.95% (37781/42000)
          rx=7 on seen_days=['2021_03_01', '2021_03_08']: tx=81.34% (9761/12000)
          rx=8 on seen_days=['2021_03_01', '2021_03_08']: tx=82.80% (9936/12000)
          rx=9 on seen_days=['2021_03_01', '2021_03_08']: tx=88.68% (10642/12000)
          rx=10 on seen_days=['2021_03_01', '2021_03_08']: tx=90.47% (10857/12000)
          rx=11 on seen_days=['2021_03_01', '2021_03_08']: tx=95.04% (11405/12000)
[BEST-JOINT]  val_tx=98.92% & test_tx=89.36% @ E024
[CKPT]  latest -> finalist_runs/E4_full_sgc_mild_res001/latest_model.pth (saved) | best -> finalist_runs/E4_full_sgc_mild_res001/best_model_val.pth
====================================================================================================================================
[SAT-TEST] scenario=clear_leo selected=test_unseen_day_unseen_rx overall_tx=44.16% strict_udu=44.16% (26495/60000)
[SAT-TEST] scenario=low_elev_leo selected=test_unseen_day_unseen_rx overall_tx=44.19% strict_udu=44.19% (26514/60000)
[SAT-TEST] scenario=rain_leo selected=test_unseen_day_unseen_rx overall_tx=41.84% strict_udu=41.84% (25103/60000)
[SAT-TEST] scenario=storm_mp selected=test_unseen_day_unseen_rx overall_tx=37.25% strict_udu=37.25% (22352/60000)
[SAT-TEST] scenario=mixed_orbit selected=test_unseen_day_unseen_rx overall_tx=40.14% strict_udu=40.14% (24085/60000)
[BEST-TEST] overall=90.54% @ E001 -> finalist_runs/E4_full_sgc_mild_res001/best_model_test_overall.pth | unseen_day_unseen_rx=86.16% @ E006 -> finalist_runs/E4_full_sgc_mild_res001/best_model_strict_udu.pth | unseen_day_seen_rx=93.99% @ E001 | seen_day_unseen_rx=90.37% @ E001
[BEST-PRIMARY] score=87.61 @ E006 -> finalist_runs/E4_full_sgc_mild_res001/best_model_primary_ood.pth | overall=90.30% strict_udu=86.16%
[BEST-WORST-RX] worst_rx=85.95% (test_rx_8) @ E006 -> finalist_runs/E4_full_sgc_mild_res001/best_model_worst_rx.pth
====================================================================================================================================
[Epoch 032/060] time=98.5s | lr=2.29e-05 | aux_scale=1.000
[STAGE] phase=S2_stabilize_aux | use_aux=1.0 cons=0.31 cls_aux=0.26 reg=0.44 joint_inv=0.19 kl=0.22 group_ce=0.76
[MIXSTYLE-EPOCH] phase=base enabled=1 p=0.150 strength=0.650 anneal_t=0.000
[AUG] scale=0.350 | p_dac=0.000 p_pa=0.049 p_shift=0.122 p_cfo=0.122 p_awgn=0.140 p_mp=0.063 | max_shift=11 cfo_max=0.00014 pn_max=0.0021
------------------------------------------------------------------------------------------------------------------------------------
[LOSS-CORE] total=4.3321 cls=1.7237 dom=0.6167 adv=2.6270 orth=0.0020 cons=0.1856 group_ce=2.7419
[LOSS-AUX]  cls_pa=1.5411 cls_dac=0.0000 pa_joint_inv=0.2016 pa_kl=1.3459 dac_reg=0.0000 pa_reg=0.0173 gap_dac=0.0000 gap_pa=0.1114 cos_joint_pa=0.7984 cos_imp_pa=nan
[LOSS-SAT]  cls_sat=9.5161 sat_cons=0.7261 sat_cos=0.2739
[LOSS-DG]   proto=0.0000 proto_cos=nan supcon=0.0000 fishr=0.0016 sgc_res=0.0040
[LOSS-CAL]  ecc=0.0000 ecc_w=0.0000 ecc_tau=0.8079 ecc_maxp=nan
[TRAIN] tx=85.66% dom=78.86% cons_cos=0.8144
[GRAD]  total=4.034 backbone=1.000 aux=0.750 domain=0.437
[VAL]   tx=98.77% dom=93.36%
[TEST]  overall_tx=88.48% (180508/204000)
[TEST-SPLIT]
          unseen_day_seen_rx(days=['2021_03_15', '2021_03_23'], rxs=[0, 1, 2, 3, 4, 5, 6]): tx=92.69% (77859/84000)
          seen_day_unseen_rx(days=['2021_03_01', '2021_03_08'], rxs=[7, 8, 9, 10, 11]): tx=87.17% (52305/60000)
          unseen_day_unseen_rx(days=['2021_03_15', '2021_03_23'], rxs=[7, 8, 9, 10, 11]): tx=83.91% (50344/60000)
          day=2021_03_15 on seen_rxs=[0, 1, 2, 3, 4, 5, 6]: tx=94.89% (39854/42000)
          day=2021_03_23 on seen_rxs=[0, 1, 2, 3, 4, 5, 6]: tx=90.49% (38005/42000)
          rx=7 on seen_days=['2021_03_01', '2021_03_08']: tx=82.12% (9854/12000)
          rx=8 on seen_days=['2021_03_01', '2021_03_08']: tx=81.72% (9806/12000)
          rx=9 on seen_days=['2021_03_01', '2021_03_08']: tx=87.58% (10510/12000)
          rx=10 on seen_days=['2021_03_01', '2021_03_08']: tx=91.19% (10943/12000)
          rx=11 on seen_days=['2021_03_01', '2021_03_08']: tx=93.27% (11192/12000)
[BEST-JOINT]  val_tx=98.92% & test_tx=89.36% @ E024
[CKPT]  latest -> finalist_runs/E4_full_sgc_mild_res001/latest_model.pth (saved) | best -> finalist_runs/E4_full_sgc_mild_res001/best_model_val.pth
====================================================================================================================================
[SAT-TEST] scenario=clear_leo selected=test_unseen_day_unseen_rx overall_tx=43.95% strict_udu=43.95% (26372/60000)
[SAT-TEST] scenario=low_elev_leo selected=test_unseen_day_unseen_rx overall_tx=44.16% strict_udu=44.16% (26497/60000)
[SAT-TEST] scenario=rain_leo selected=test_unseen_day_unseen_rx overall_tx=41.54% strict_udu=41.54% (24922/60000)
[SAT-TEST] scenario=storm_mp selected=test_unseen_day_unseen_rx overall_tx=37.19% strict_udu=37.19% (22311/60000)
[SAT-TEST] scenario=mixed_orbit selected=test_unseen_day_unseen_rx overall_tx=39.97% strict_udu=39.97% (23980/60000)
[BEST-TEST] overall=90.54% @ E001 -> finalist_runs/E4_full_sgc_mild_res001/best_model_test_overall.pth | unseen_day_unseen_rx=86.16% @ E006 -> finalist_runs/E4_full_sgc_mild_res001/best_model_strict_udu.pth | unseen_day_seen_rx=93.99% @ E001 | seen_day_unseen_rx=90.37% @ E001
[BEST-PRIMARY] score=87.61 @ E006 -> finalist_runs/E4_full_sgc_mild_res001/best_model_primary_ood.pth | overall=90.30% strict_udu=86.16%
[BEST-WORST-RX] worst_rx=85.95% (test_rx_8) @ E006 -> finalist_runs/E4_full_sgc_mild_res001/best_model_worst_rx.pth
====================================================================================================================================
[Epoch 033/060] time=97.1s | lr=2.17e-05 | aux_scale=1.000
[STAGE] phase=S2_stabilize_aux | use_aux=1.0 cons=0.32 cls_aux=0.27 reg=0.45 joint_inv=0.19 kl=0.23 group_ce=0.77
[MIXSTYLE-EPOCH] phase=base enabled=1 p=0.150 strength=0.650 anneal_t=0.000
[AUG] scale=0.350 | p_dac=0.000 p_pa=0.049 p_shift=0.122 p_cfo=0.122 p_awgn=0.140 p_mp=0.063 | max_shift=11 cfo_max=0.00014 pn_max=0.0021
------------------------------------------------------------------------------------------------------------------------------------
[LOSS-CORE] total=4.4987 cls=1.8514 dom=0.6154 adv=2.6205 orth=0.0019 cons=0.1999 group_ce=3.0811
[LOSS-AUX]  cls_pa=1.5299 cls_dac=0.0000 pa_joint_inv=0.1977 pa_kl=1.3409 dac_reg=0.0000 pa_reg=0.0170 gap_dac=0.0000 gap_pa=0.1115 cos_joint_pa=0.8023 cos_imp_pa=nan
[LOSS-SAT]  cls_sat=9.5493 sat_cons=0.7212 sat_cos=0.2788
[LOSS-DG]   proto=0.0000 proto_cos=nan supcon=0.0000 fishr=0.0019 sgc_res=0.0037
[LOSS-CAL]  ecc=0.0000 ecc_w=0.0000 ecc_tau=0.8157 ecc_maxp=nan
[TRAIN] tx=84.75% dom=78.43% cons_cos=0.8001
[GRAD]  total=4.395 backbone=1.000 aux=0.750 domain=0.456
[VAL]   tx=98.78% dom=93.44%
[TEST]  overall_tx=88.29% (180117/204000)
[TEST-SPLIT]
          unseen_day_seen_rx(days=['2021_03_15', '2021_03_23'], rxs=[0, 1, 2, 3, 4, 5, 6]): tx=92.28% (77512/84000)
          seen_day_unseen_rx(days=['2021_03_01', '2021_03_08'], rxs=[7, 8, 9, 10, 11]): tx=87.30% (52382/60000)
          unseen_day_unseen_rx(days=['2021_03_15', '2021_03_23'], rxs=[7, 8, 9, 10, 11]): tx=83.70% (50223/60000)
          day=2021_03_15 on seen_rxs=[0, 1, 2, 3, 4, 5, 6]: tx=94.35% (39625/42000)
          day=2021_03_23 on seen_rxs=[0, 1, 2, 3, 4, 5, 6]: tx=90.21% (37887/42000)
          rx=7 on seen_days=['2021_03_01', '2021_03_08']: tx=82.30% (9876/12000)
          rx=8 on seen_days=['2021_03_01', '2021_03_08']: tx=82.39% (9887/12000)
          rx=9 on seen_days=['2021_03_01', '2021_03_08']: tx=87.62% (10515/12000)
          rx=10 on seen_days=['2021_03_01', '2021_03_08']: tx=91.25% (10950/12000)
          rx=11 on seen_days=['2021_03_01', '2021_03_08']: tx=92.95% (11154/12000)
[BEST-JOINT]  val_tx=98.92% & test_tx=89.36% @ E024
[CKPT]  latest -> finalist_runs/E4_full_sgc_mild_res001/latest_model.pth (saved) | best -> finalist_runs/E4_full_sgc_mild_res001/best_model_val.pth
====================================================================================================================================
[SAT-TEST] scenario=clear_leo selected=test_unseen_day_unseen_rx overall_tx=42.78% strict_udu=42.78% (25668/60000)
[SAT-TEST] scenario=low_elev_leo selected=test_unseen_day_unseen_rx overall_tx=43.26% strict_udu=43.26% (25957/60000)
[SAT-TEST] scenario=rain_leo selected=test_unseen_day_unseen_rx overall_tx=40.80% strict_udu=40.80% (24478/60000)
[SAT-TEST] scenario=storm_mp selected=test_unseen_day_unseen_rx overall_tx=36.78% strict_udu=36.78% (22070/60000)
[SAT-TEST] scenario=mixed_orbit selected=test_unseen_day_unseen_rx overall_tx=39.27% strict_udu=39.27% (23560/60000)
[BEST-TEST] overall=90.54% @ E001 -> finalist_runs/E4_full_sgc_mild_res001/best_model_test_overall.pth | unseen_day_unseen_rx=86.16% @ E006 -> finalist_runs/E4_full_sgc_mild_res001/best_model_strict_udu.pth | unseen_day_seen_rx=93.99% @ E001 | seen_day_unseen_rx=90.37% @ E001
[BEST-PRIMARY] score=87.61 @ E006 -> finalist_runs/E4_full_sgc_mild_res001/best_model_primary_ood.pth | overall=90.30% strict_udu=86.16%
[BEST-WORST-RX] worst_rx=85.95% (test_rx_8) @ E006 -> finalist_runs/E4_full_sgc_mild_res001/best_model_worst_rx.pth
====================================================================================================================================
[Epoch 034/060] time=97.1s | lr=2.04e-05 | aux_scale=1.000
[STAGE] phase=S2_stabilize_aux | use_aux=1.0 cons=0.34 cls_aux=0.29 reg=0.46 joint_inv=0.20 kl=0.24 group_ce=0.77
[MIXSTYLE-EPOCH] phase=base enabled=1 p=0.150 strength=0.650 anneal_t=0.000
[AUG] scale=0.350 | p_dac=0.000 p_pa=0.049 p_shift=0.122 p_cfo=0.122 p_awgn=0.140 p_mp=0.063 | max_shift=11 cfo_max=0.00014 pn_max=0.0021
------------------------------------------------------------------------------------------------------------------------------------
[LOSS-CORE] total=3.6825 cls=1.2650 dom=0.4526 adv=2.6176 orth=0.0020 cons=0.1859 group_ce=2.3404
[LOSS-AUX]  cls_pa=1.5048 cls_dac=0.0000 pa_joint_inv=0.1990 pa_kl=1.3207 dac_reg=0.0000 pa_reg=0.0170 gap_dac=0.0000 gap_pa=0.1117 cos_joint_pa=0.8010 cos_imp_pa=nan
[LOSS-SAT]  cls_sat=9.2747 sat_cons=0.7264 sat_cos=0.2736
[LOSS-DG]   proto=0.0000 proto_cos=nan supcon=0.0000 fishr=0.0014 sgc_res=0.0037
[LOSS-CAL]  ecc=0.0000 ecc_w=0.0000 ecc_tau=0.8235 ecc_maxp=nan
[TRAIN] tx=89.80% dom=83.64% cons_cos=0.8141
[GRAD]  total=4.303 backbone=1.000 aux=0.750 domain=0.438
[VAL]   tx=98.85% dom=93.61%
[TEST]  overall_tx=88.71% (180962/204000)
[TEST-SPLIT]
          unseen_day_seen_rx(days=['2021_03_15', '2021_03_23'], rxs=[0, 1, 2, 3, 4, 5, 6]): tx=92.74% (77904/84000)
          seen_day_unseen_rx(days=['2021_03_01', '2021_03_08'], rxs=[7, 8, 9, 10, 11]): tx=87.93% (52760/60000)
          unseen_day_unseen_rx(days=['2021_03_15', '2021_03_23'], rxs=[7, 8, 9, 10, 11]): tx=83.83% (50298/60000)
          day=2021_03_15 on seen_rxs=[0, 1, 2, 3, 4, 5, 6]: tx=95.05% (39922/42000)
          day=2021_03_23 on seen_rxs=[0, 1, 2, 3, 4, 5, 6]: tx=90.43% (37982/42000)
          rx=7 on seen_days=['2021_03_01', '2021_03_08']: tx=83.38% (10006/12000)
          rx=8 on seen_days=['2021_03_01', '2021_03_08']: tx=82.39% (9887/12000)
          rx=9 on seen_days=['2021_03_01', '2021_03_08']: tx=88.86% (10663/12000)
          rx=10 on seen_days=['2021_03_01', '2021_03_08']: tx=91.79% (11015/12000)
          rx=11 on seen_days=['2021_03_01', '2021_03_08']: tx=93.24% (11189/12000)
[BEST-JOINT]  val_tx=98.92% & test_tx=89.36% @ E024
[CKPT]  latest -> finalist_runs/E4_full_sgc_mild_res001/latest_model.pth (saved) | best -> finalist_runs/E4_full_sgc_mild_res001/best_model_val.pth
====================================================================================================================================
[SAT-TEST] scenario=clear_leo selected=test_unseen_day_unseen_rx overall_tx=43.29% strict_udu=43.29% (25974/60000)
[SAT-TEST] scenario=low_elev_leo selected=test_unseen_day_unseen_rx overall_tx=43.81% strict_udu=43.81% (26284/60000)
[SAT-TEST] scenario=rain_leo selected=test_unseen_day_unseen_rx overall_tx=41.03% strict_udu=41.03% (24617/60000)
[SAT-TEST] scenario=storm_mp selected=test_unseen_day_unseen_rx overall_tx=36.94% strict_udu=36.94% (22161/60000)
[SAT-TEST] scenario=mixed_orbit selected=test_unseen_day_unseen_rx overall_tx=39.19% strict_udu=39.19% (23514/60000)
[BEST-TEST] overall=90.54% @ E001 -> finalist_runs/E4_full_sgc_mild_res001/best_model_test_overall.pth | unseen_day_unseen_rx=86.16% @ E006 -> finalist_runs/E4_full_sgc_mild_res001/best_model_strict_udu.pth | unseen_day_seen_rx=93.99% @ E001 | seen_day_unseen_rx=90.37% @ E001
[BEST-PRIMARY] score=87.61 @ E006 -> finalist_runs/E4_full_sgc_mild_res001/best_model_primary_ood.pth | overall=90.30% strict_udu=86.16%
[BEST-WORST-RX] worst_rx=85.95% (test_rx_8) @ E006 -> finalist_runs/E4_full_sgc_mild_res001/best_model_worst_rx.pth
====================================================================================================================================
[Epoch 035/060] time=96.3s | lr=1.92e-05 | aux_scale=1.000
[STAGE] phase=S2_stabilize_aux | use_aux=1.0 cons=0.35 cls_aux=0.30 reg=0.47 joint_inv=0.20 kl=0.25 group_ce=0.78
[MIXSTYLE-EPOCH] phase=base enabled=1 p=0.150 strength=0.650 anneal_t=0.000
[AUG] scale=0.350 | p_dac=0.000 p_pa=0.049 p_shift=0.122 p_cfo=0.122 p_awgn=0.140 p_mp=0.063 | max_shift=11 cfo_max=0.00014 pn_max=0.0021
------------------------------------------------------------------------------------------------------------------------------------
[LOSS-CORE] total=3.9531 cls=1.4540 dom=0.4908 adv=2.6154 orth=0.0019 cons=0.1928 group_ce=2.5482
[LOSS-AUX]  cls_pa=1.5056 cls_dac=0.0000 pa_joint_inv=0.2015 pa_kl=1.3145 dac_reg=0.0000 pa_reg=0.0171 gap_dac=0.0000 gap_pa=0.1124 cos_joint_pa=0.7985 cos_imp_pa=nan
[LOSS-SAT]  cls_sat=9.4298 sat_cons=0.7380 sat_cos=0.2620
[LOSS-DG]   proto=0.0000 proto_cos=nan supcon=0.0000 fishr=0.0015 sgc_res=0.0038
[LOSS-CAL]  ecc=0.0000 ecc_w=0.0000 ecc_tau=0.8312 ecc_maxp=nan
[TRAIN] tx=88.13% dom=81.67% cons_cos=0.8072
[GRAD]  total=4.078 backbone=1.000 aux=0.750 domain=0.451
[VAL]   tx=98.82% dom=93.57%
[TEST]  overall_tx=89.01% (181576/204000)
[TEST-SPLIT]
          unseen_day_seen_rx(days=['2021_03_15', '2021_03_23'], rxs=[0, 1, 2, 3, 4, 5, 6]): tx=92.98% (78104/84000)
          seen_day_unseen_rx(days=['2021_03_01', '2021_03_08'], rxs=[7, 8, 9, 10, 11]): tx=88.39% (53033/60000)
          unseen_day_unseen_rx(days=['2021_03_15', '2021_03_23'], rxs=[7, 8, 9, 10, 11]): tx=84.06% (50439/60000)
          day=2021_03_15 on seen_rxs=[0, 1, 2, 3, 4, 5, 6]: tx=95.41% (40071/42000)
          day=2021_03_23 on seen_rxs=[0, 1, 2, 3, 4, 5, 6]: tx=90.55% (38033/42000)
          rx=7 on seen_days=['2021_03_01', '2021_03_08']: tx=84.01% (10081/12000)
          rx=8 on seen_days=['2021_03_01', '2021_03_08']: tx=82.97% (9957/12000)
          rx=9 on seen_days=['2021_03_01', '2021_03_08']: tx=88.69% (10643/12000)
          rx=10 on seen_days=['2021_03_01', '2021_03_08']: tx=92.66% (11119/12000)
          rx=11 on seen_days=['2021_03_01', '2021_03_08']: tx=93.61% (11233/12000)
[BEST-JOINT]  val_tx=98.92% & test_tx=89.36% @ E024
[CKPT]  latest -> finalist_runs/E4_full_sgc_mild_res001/latest_model.pth (saved) | best -> finalist_runs/E4_full_sgc_mild_res001/best_model_val.pth
====================================================================================================================================
[SAT-TEST] scenario=clear_leo selected=test_unseen_day_unseen_rx overall_tx=43.85% strict_udu=43.85% (26310/60000)
[SAT-TEST] scenario=low_elev_leo selected=test_unseen_day_unseen_rx overall_tx=44.17% strict_udu=44.17% (26501/60000)
[SAT-TEST] scenario=rain_leo selected=test_unseen_day_unseen_rx overall_tx=41.62% strict_udu=41.62% (24974/60000)
[SAT-TEST] scenario=storm_mp selected=test_unseen_day_unseen_rx overall_tx=37.10% strict_udu=37.10% (22258/60000)
[SAT-TEST] scenario=mixed_orbit selected=test_unseen_day_unseen_rx overall_tx=39.80% strict_udu=39.80% (23881/60000)
[BEST-TEST] overall=90.54% @ E001 -> finalist_runs/E4_full_sgc_mild_res001/best_model_test_overall.pth | unseen_day_unseen_rx=86.16% @ E006 -> finalist_runs/E4_full_sgc_mild_res001/best_model_strict_udu.pth | unseen_day_seen_rx=93.99% @ E001 | seen_day_unseen_rx=90.37% @ E001
[BEST-PRIMARY] score=87.61 @ E006 -> finalist_runs/E4_full_sgc_mild_res001/best_model_primary_ood.pth | overall=90.30% strict_udu=86.16%
[BEST-WORST-RX] worst_rx=85.95% (test_rx_8) @ E006 -> finalist_runs/E4_full_sgc_mild_res001/best_model_worst_rx.pth
====================================================================================================================================
[Epoch 036/060] time=97.7s | lr=1.79e-05 | aux_scale=1.000
[STAGE] phase=S2_stabilize_aux | use_aux=1.0 cons=0.36 cls_aux=0.31 reg=0.48 joint_inv=0.21 kl=0.25 group_ce=0.79
[MIXSTYLE-EPOCH] phase=base enabled=1 p=0.150 strength=0.650 anneal_t=0.000
[AUG] scale=0.350 | p_dac=0.000 p_pa=0.049 p_shift=0.122 p_cfo=0.122 p_awgn=0.140 p_mp=0.063 | max_shift=11 cfo_max=0.00014 pn_max=0.0021
------------------------------------------------------------------------------------------------------------------------------------
[LOSS-CORE] total=3.8124 cls=1.3199 dom=0.4936 adv=2.6227 orth=0.0020 cons=0.1779 group_ce=2.3295
[LOSS-AUX]  cls_pa=1.4577 cls_dac=0.0000 pa_joint_inv=0.1973 pa_kl=1.2697 dac_reg=0.0000 pa_reg=0.0168 gap_dac=0.0000 gap_pa=0.1117 cos_joint_pa=0.8027 cos_imp_pa=nan
[LOSS-SAT]  cls_sat=9.3496 sat_cons=0.7274 sat_cos=0.2726
[LOSS-DG]   proto=0.0000 proto_cos=nan supcon=0.0000 fishr=0.0013 sgc_res=0.0037
[LOSS-CAL]  ecc=0.0000 ecc_w=0.0000 ecc_tau=0.8388 ecc_maxp=nan
[TRAIN] tx=89.58% dom=82.72% cons_cos=0.8221
[GRAD]  total=3.943 backbone=1.000 aux=0.750 domain=0.427
[VAL]   tx=98.86% dom=93.53%
[TEST]  overall_tx=88.94% (181433/204000)
[TEST-SPLIT]
          unseen_day_seen_rx(days=['2021_03_15', '2021_03_23'], rxs=[0, 1, 2, 3, 4, 5, 6]): tx=92.85% (77997/84000)
          seen_day_unseen_rx(days=['2021_03_01', '2021_03_08'], rxs=[7, 8, 9, 10, 11]): tx=88.27% (52960/60000)
          unseen_day_unseen_rx(days=['2021_03_15', '2021_03_23'], rxs=[7, 8, 9, 10, 11]): tx=84.13% (50476/60000)
          day=2021_03_15 on seen_rxs=[0, 1, 2, 3, 4, 5, 6]: tx=94.88% (39848/42000)
          day=2021_03_23 on seen_rxs=[0, 1, 2, 3, 4, 5, 6]: tx=90.83% (38149/42000)
          rx=7 on seen_days=['2021_03_01', '2021_03_08']: tx=83.59% (10031/12000)
          rx=8 on seen_days=['2021_03_01', '2021_03_08']: tx=82.88% (9945/12000)
          rx=9 on seen_days=['2021_03_01', '2021_03_08']: tx=88.64% (10637/12000)
          rx=10 on seen_days=['2021_03_01', '2021_03_08']: tx=92.47% (11096/12000)
          rx=11 on seen_days=['2021_03_01', '2021_03_08']: tx=93.76% (11251/12000)
[BEST-JOINT]  val_tx=98.92% & test_tx=89.36% @ E024
[CKPT]  latest -> finalist_runs/E4_full_sgc_mild_res001/latest_model.pth (saved) | best -> finalist_runs/E4_full_sgc_mild_res001/best_model_val.pth
====================================================================================================================================
[SAT-TEST] scenario=clear_leo selected=test_unseen_day_unseen_rx overall_tx=43.24% strict_udu=43.24% (25942/60000)
[SAT-TEST] scenario=low_elev_leo selected=test_unseen_day_unseen_rx overall_tx=43.32% strict_udu=43.32% (25992/60000)
[SAT-TEST] scenario=rain_leo selected=test_unseen_day_unseen_rx overall_tx=40.81% strict_udu=40.81% (24487/60000)
[SAT-TEST] scenario=storm_mp selected=test_unseen_day_unseen_rx overall_tx=36.84% strict_udu=36.84% (22105/60000)
[SAT-TEST] scenario=mixed_orbit selected=test_unseen_day_unseen_rx overall_tx=39.12% strict_udu=39.12% (23472/60000)
[BEST-TEST] overall=90.54% @ E001 -> finalist_runs/E4_full_sgc_mild_res001/best_model_test_overall.pth | unseen_day_unseen_rx=86.16% @ E006 -> finalist_runs/E4_full_sgc_mild_res001/best_model_strict_udu.pth | unseen_day_seen_rx=93.99% @ E001 | seen_day_unseen_rx=90.37% @ E001
[BEST-PRIMARY] score=87.61 @ E006 -> finalist_runs/E4_full_sgc_mild_res001/best_model_primary_ood.pth | overall=90.30% strict_udu=86.16%
[BEST-WORST-RX] worst_rx=85.95% (test_rx_8) @ E006 -> finalist_runs/E4_full_sgc_mild_res001/best_model_worst_rx.pth
====================================================================================================================================
[Epoch 037/060] time=96.1s | lr=1.67e-05 | aux_scale=1.000
[STAGE] phase=S2_stabilize_aux | use_aux=1.0 cons=0.38 cls_aux=0.33 reg=0.50 joint_inv=0.21 kl=0.26 group_ce=0.80
[MIXSTYLE-EPOCH] phase=base enabled=1 p=0.150 strength=0.650 anneal_t=0.000
[AUG] scale=0.350 | p_dac=0.000 p_pa=0.049 p_shift=0.122 p_cfo=0.122 p_awgn=0.140 p_mp=0.063 | max_shift=11 cfo_max=0.00014 pn_max=0.0021
------------------------------------------------------------------------------------------------------------------------------------
[LOSS-CORE] total=3.6595 cls=1.2026 dom=0.4486 adv=2.6177 orth=0.0021 cons=0.1711 group_ce=2.0946
[LOSS-AUX]  cls_pa=1.4819 cls_dac=0.0000 pa_joint_inv=0.1968 pa_kl=1.2951 dac_reg=0.0000 pa_reg=0.0170 gap_dac=0.0000 gap_pa=0.1113 cos_joint_pa=0.8032 cos_imp_pa=nan
[LOSS-SAT]  cls_sat=9.4977 sat_cons=0.7438 sat_cos=0.2562
[LOSS-DG]   proto=0.0000 proto_cos=nan supcon=0.0000 fishr=0.0011 sgc_res=0.0034
[LOSS-CAL]  ecc=0.0000 ecc_w=0.0000 ecc_tau=0.8464 ecc_maxp=nan
[TRAIN] tx=90.16% dom=83.63% cons_cos=0.8289
[GRAD]  total=4.349 backbone=1.000 aux=0.750 domain=0.446
[VAL]   tx=98.93% dom=93.49%
[TEST]  overall_tx=89.61% (182804/204000)
[TEST-SPLIT]
          unseen_day_seen_rx(days=['2021_03_15', '2021_03_23'], rxs=[0, 1, 2, 3, 4, 5, 6]): tx=93.38% (78440/84000)
          seen_day_unseen_rx(days=['2021_03_01', '2021_03_08'], rxs=[7, 8, 9, 10, 11]): tx=89.20% (53522/60000)
          unseen_day_unseen_rx(days=['2021_03_15', '2021_03_23'], rxs=[7, 8, 9, 10, 11]): tx=84.74% (50842/60000)
          day=2021_03_15 on seen_rxs=[0, 1, 2, 3, 4, 5, 6]: tx=95.53% (40121/42000)
          day=2021_03_23 on seen_rxs=[0, 1, 2, 3, 4, 5, 6]: tx=91.24% (38319/42000)
          rx=7 on seen_days=['2021_03_01', '2021_03_08']: tx=85.31% (10237/12000)
          rx=8 on seen_days=['2021_03_01', '2021_03_08']: tx=83.77% (10052/12000)
          rx=9 on seen_days=['2021_03_01', '2021_03_08']: tx=89.92% (10791/12000)
          rx=10 on seen_days=['2021_03_01', '2021_03_08']: tx=91.64% (10997/12000)
          rx=11 on seen_days=['2021_03_01', '2021_03_08']: tx=95.38% (11445/12000)
[BEST-JOINT]  val_tx=98.93% & test_tx=89.61% @ E037
[CKPT]  latest -> finalist_runs/E4_full_sgc_mild_res001/latest_model.pth (saved) | best -> finalist_runs/E4_full_sgc_mild_res001/best_model_val.pth (updated: val improved)
====================================================================================================================================
[SAT-TEST] scenario=clear_leo selected=test_unseen_day_unseen_rx overall_tx=44.16% strict_udu=44.16% (26493/60000)
[SAT-TEST] scenario=low_elev_leo selected=test_unseen_day_unseen_rx overall_tx=43.99% strict_udu=43.99% (26394/60000)
[SAT-TEST] scenario=rain_leo selected=test_unseen_day_unseen_rx overall_tx=41.70% strict_udu=41.70% (25021/60000)
[SAT-TEST] scenario=storm_mp selected=test_unseen_day_unseen_rx overall_tx=37.40% strict_udu=37.40% (22438/60000)
[SAT-TEST] scenario=mixed_orbit selected=test_unseen_day_unseen_rx overall_tx=40.39% strict_udu=40.39% (24235/60000)
[BEST-TEST] overall=90.54% @ E001 -> finalist_runs/E4_full_sgc_mild_res001/best_model_test_overall.pth | unseen_day_unseen_rx=86.16% @ E006 -> finalist_runs/E4_full_sgc_mild_res001/best_model_strict_udu.pth | unseen_day_seen_rx=93.99% @ E001 | seen_day_unseen_rx=90.37% @ E001
[BEST-PRIMARY] score=87.61 @ E006 -> finalist_runs/E4_full_sgc_mild_res001/best_model_primary_ood.pth | overall=90.30% strict_udu=86.16%
[BEST-WORST-RX] worst_rx=85.95% (test_rx_8) @ E006 -> finalist_runs/E4_full_sgc_mild_res001/best_model_worst_rx.pth
====================================================================================================================================
[Epoch 038/060] time=98.4s | lr=1.55e-05 | aux_scale=1.000
[STAGE] phase=S2_stabilize_aux | use_aux=1.0 cons=0.39 cls_aux=0.34 reg=0.51 joint_inv=0.22 kl=0.27 group_ce=0.81
[MIXSTYLE-EPOCH] phase=base enabled=1 p=0.150 strength=0.650 anneal_t=0.000
[AUG] scale=0.350 | p_dac=0.000 p_pa=0.049 p_shift=0.122 p_cfo=0.122 p_awgn=0.140 p_mp=0.063 | max_shift=11 cfo_max=0.00014 pn_max=0.0021
------------------------------------------------------------------------------------------------------------------------------------
[LOSS-CORE] total=3.7122 cls=1.2218 dom=0.4658 adv=2.6195 orth=0.0020 cons=0.1772 group_ce=2.1510
[LOSS-AUX]  cls_pa=1.4801 cls_dac=0.0000 pa_joint_inv=0.1970 pa_kl=1.2913 dac_reg=0.0000 pa_reg=0.0169 gap_dac=0.0000 gap_pa=0.1120 cos_joint_pa=0.8030 cos_imp_pa=nan
[LOSS-SAT]  cls_sat=9.4312 sat_cons=0.7433 sat_cos=0.2567
[LOSS-DG]   proto=0.0000 proto_cos=nan supcon=0.0000 fishr=0.0013 sgc_res=0.0034
[LOSS-CAL]  ecc=0.0000 ecc_w=0.0000 ecc_tau=0.8538 ecc_maxp=nan
[TRAIN] tx=90.10% dom=83.27% cons_cos=0.8228
[GRAD]  total=3.573 backbone=1.000 aux=0.750 domain=0.439
[VAL]   tx=98.86% dom=93.45%
[TEST]  overall_tx=89.30% (182169/204000)
[TEST-SPLIT]
          unseen_day_seen_rx(days=['2021_03_15', '2021_03_23'], rxs=[0, 1, 2, 3, 4, 5, 6]): tx=93.00% (78121/84000)
          seen_day_unseen_rx(days=['2021_03_01', '2021_03_08'], rxs=[7, 8, 9, 10, 11]): tx=88.58% (53147/60000)
          unseen_day_unseen_rx(days=['2021_03_15', '2021_03_23'], rxs=[7, 8, 9, 10, 11]): tx=84.83% (50901/60000)
          day=2021_03_15 on seen_rxs=[0, 1, 2, 3, 4, 5, 6]: tx=95.22% (39993/42000)
          day=2021_03_23 on seen_rxs=[0, 1, 2, 3, 4, 5, 6]: tx=90.78% (38128/42000)
          rx=7 on seen_days=['2021_03_01', '2021_03_08']: tx=84.58% (10149/12000)
          rx=8 on seen_days=['2021_03_01', '2021_03_08']: tx=83.69% (10043/12000)
          rx=9 on seen_days=['2021_03_01', '2021_03_08']: tx=88.86% (10663/12000)
          rx=10 on seen_days=['2021_03_01', '2021_03_08']: tx=91.53% (10983/12000)
          rx=11 on seen_days=['2021_03_01', '2021_03_08']: tx=94.24% (11309/12000)
[BEST-JOINT]  val_tx=98.93% & test_tx=89.61% @ E037
[CKPT]  latest -> finalist_runs/E4_full_sgc_mild_res001/latest_model.pth (saved) | best -> finalist_runs/E4_full_sgc_mild_res001/best_model_val.pth
====================================================================================================================================
[SAT-TEST] scenario=clear_leo selected=test_unseen_day_unseen_rx overall_tx=44.00% strict_udu=44.00% (26400/60000)
[SAT-TEST] scenario=low_elev_leo selected=test_unseen_day_unseen_rx overall_tx=43.99% strict_udu=43.99% (26394/60000)
[SAT-TEST] scenario=rain_leo selected=test_unseen_day_unseen_rx overall_tx=41.57% strict_udu=41.57% (24940/60000)
[SAT-TEST] scenario=storm_mp selected=test_unseen_day_unseen_rx overall_tx=37.18% strict_udu=37.18% (22308/60000)
[SAT-TEST] scenario=mixed_orbit selected=test_unseen_day_unseen_rx overall_tx=40.07% strict_udu=40.07% (24043/60000)
[BEST-TEST] overall=90.54% @ E001 -> finalist_runs/E4_full_sgc_mild_res001/best_model_test_overall.pth | unseen_day_unseen_rx=86.16% @ E006 -> finalist_runs/E4_full_sgc_mild_res001/best_model_strict_udu.pth | unseen_day_seen_rx=93.99% @ E001 | seen_day_unseen_rx=90.37% @ E001
[BEST-PRIMARY] score=87.61 @ E006 -> finalist_runs/E4_full_sgc_mild_res001/best_model_primary_ood.pth | overall=90.30% strict_udu=86.16%
[BEST-WORST-RX] worst_rx=85.95% (test_rx_8) @ E006 -> finalist_runs/E4_full_sgc_mild_res001/best_model_worst_rx.pth
====================================================================================================================================
[Epoch 039/060] time=100.2s | lr=1.44e-05 | aux_scale=1.000
[STAGE] phase=S2_stabilize_aux | use_aux=1.0 cons=0.41 cls_aux=0.36 reg=0.52 joint_inv=0.23 kl=0.28 group_ce=0.81
[MIXSTYLE-EPOCH] phase=base enabled=1 p=0.150 strength=0.650 anneal_t=0.000
[AUG] scale=0.350 | p_dac=0.000 p_pa=0.049 p_shift=0.122 p_cfo=0.122 p_awgn=0.140 p_mp=0.063 | max_shift=11 cfo_max=0.00014 pn_max=0.0021
------------------------------------------------------------------------------------------------------------------------------------
[LOSS-CORE] total=4.6419 cls=1.9223 dom=0.6070 adv=2.6183 orth=0.0018 cons=0.2096 group_ce=3.1675
[LOSS-AUX]  cls_pa=1.4917 cls_dac=0.0000 pa_joint_inv=0.1968 pa_kl=1.2995 dac_reg=0.0000 pa_reg=0.0169 gap_dac=0.0000 gap_pa=0.1119 cos_joint_pa=0.8032 cos_imp_pa=nan
[LOSS-SAT]  cls_sat=9.2787 sat_cons=0.7151 sat_cos=0.2849
[LOSS-DG]   proto=0.0000 proto_cos=nan supcon=0.0000 fishr=0.0019 sgc_res=0.0032
[LOSS-CAL]  ecc=0.0000 ecc_w=0.0000 ecc_tau=0.8610 ecc_maxp=nan
[TRAIN] tx=84.17% dom=78.50% cons_cos=0.7903
[GRAD]  total=4.133 backbone=1.000 aux=0.750 domain=0.448
[VAL]   tx=98.89% dom=93.42%
[TEST]  overall_tx=88.96% (181488/204000)
[TEST-SPLIT]
          unseen_day_seen_rx(days=['2021_03_15', '2021_03_23'], rxs=[0, 1, 2, 3, 4, 5, 6]): tx=93.02% (78137/84000)
          seen_day_unseen_rx(days=['2021_03_01', '2021_03_08'], rxs=[7, 8, 9, 10, 11]): tx=88.20% (52920/60000)
          unseen_day_unseen_rx(days=['2021_03_15', '2021_03_23'], rxs=[7, 8, 9, 10, 11]): tx=84.05% (50431/60000)
          day=2021_03_15 on seen_rxs=[0, 1, 2, 3, 4, 5, 6]: tx=94.56% (39716/42000)
          day=2021_03_23 on seen_rxs=[0, 1, 2, 3, 4, 5, 6]: tx=91.48% (38421/42000)
          rx=7 on seen_days=['2021_03_01', '2021_03_08']: tx=83.42% (10011/12000)
          rx=8 on seen_days=['2021_03_01', '2021_03_08']: tx=82.18% (9862/12000)
          rx=9 on seen_days=['2021_03_01', '2021_03_08']: tx=88.60% (10632/12000)
          rx=10 on seen_days=['2021_03_01', '2021_03_08']: tx=92.78% (11133/12000)
          rx=11 on seen_days=['2021_03_01', '2021_03_08']: tx=94.02% (11282/12000)
[BEST-JOINT]  val_tx=98.93% & test_tx=89.61% @ E037
[CKPT]  latest -> finalist_runs/E4_full_sgc_mild_res001/latest_model.pth (saved) | best -> finalist_runs/E4_full_sgc_mild_res001/best_model_val.pth
====================================================================================================================================
[SAT-TEST] scenario=clear_leo selected=test_unseen_day_unseen_rx overall_tx=43.42% strict_udu=43.42% (26051/60000)
[SAT-TEST] scenario=low_elev_leo selected=test_unseen_day_unseen_rx overall_tx=43.32% strict_udu=43.32% (25990/60000)
[SAT-TEST] scenario=rain_leo selected=test_unseen_day_unseen_rx overall_tx=41.03% strict_udu=41.03% (24620/60000)
[SAT-TEST] scenario=storm_mp selected=test_unseen_day_unseen_rx overall_tx=37.06% strict_udu=37.06% (22236/60000)
[SAT-TEST] scenario=mixed_orbit selected=test_unseen_day_unseen_rx overall_tx=39.64% strict_udu=39.64% (23786/60000)
[BEST-TEST] overall=90.54% @ E001 -> finalist_runs/E4_full_sgc_mild_res001/best_model_test_overall.pth | unseen_day_unseen_rx=86.16% @ E006 -> finalist_runs/E4_full_sgc_mild_res001/best_model_strict_udu.pth | unseen_day_seen_rx=93.99% @ E001 | seen_day_unseen_rx=90.37% @ E001
[BEST-PRIMARY] score=87.61 @ E006 -> finalist_runs/E4_full_sgc_mild_res001/best_model_primary_ood.pth | overall=90.30% strict_udu=86.16%
[BEST-WORST-RX] worst_rx=85.95% (test_rx_8) @ E006 -> finalist_runs/E4_full_sgc_mild_res001/best_model_worst_rx.pth
====================================================================================================================================
[Epoch 040/060] time=97.5s | lr=1.33e-05 | aux_scale=1.000
[STAGE] phase=S2_stabilize_aux | use_aux=1.0 cons=0.42 cls_aux=0.37 reg=0.53 joint_inv=0.23 kl=0.29 group_ce=0.82
[MIXSTYLE-EPOCH] phase=base enabled=1 p=0.150 strength=0.650 anneal_t=0.000
[AUG] scale=0.350 | p_dac=0.000 p_pa=0.049 p_shift=0.122 p_cfo=0.122 p_awgn=0.140 p_mp=0.063 | max_shift=11 cfo_max=0.00014 pn_max=0.0021
------------------------------------------------------------------------------------------------------------------------------------
[LOSS-CORE] total=3.3479 cls=0.9326 dom=0.3869 adv=2.6177 orth=0.0021 cons=0.1646 group_ce=1.8136
[LOSS-AUX]  cls_pa=1.4254 cls_dac=0.0000 pa_joint_inv=0.1961 pa_kl=1.2408 dac_reg=0.0000 pa_reg=0.0170 gap_dac=0.0000 gap_pa=0.1119 cos_joint_pa=0.8039 cos_imp_pa=nan
[LOSS-SAT]  cls_sat=9.4549 sat_cons=0.7511 sat_cos=0.2489
[LOSS-DG]   proto=0.0000 proto_cos=nan supcon=0.0000 fishr=0.0010 sgc_res=0.0032
[LOSS-CAL]  ecc=0.0000 ecc_w=0.0000 ecc_tau=0.8681 ecc_maxp=nan
[TRAIN] tx=92.69% dom=85.53% cons_cos=0.8354
[GRAD]  total=3.493 backbone=1.000 aux=0.750 domain=0.436
[VAL]   tx=98.83% dom=93.54%
[TEST]  overall_tx=88.86% (181284/204000)
[TEST-SPLIT]
          unseen_day_seen_rx(days=['2021_03_15', '2021_03_23'], rxs=[0, 1, 2, 3, 4, 5, 6]): tx=92.78% (77936/84000)
          seen_day_unseen_rx(days=['2021_03_01', '2021_03_08'], rxs=[7, 8, 9, 10, 11]): tx=87.97% (52782/60000)
          unseen_day_unseen_rx(days=['2021_03_15', '2021_03_23'], rxs=[7, 8, 9, 10, 11]): tx=84.28% (50566/60000)
          day=2021_03_15 on seen_rxs=[0, 1, 2, 3, 4, 5, 6]: tx=95.04% (39917/42000)
          day=2021_03_23 on seen_rxs=[0, 1, 2, 3, 4, 5, 6]: tx=90.52% (38019/42000)
          rx=7 on seen_days=['2021_03_01', '2021_03_08']: tx=83.64% (10037/12000)
          rx=8 on seen_days=['2021_03_01', '2021_03_08']: tx=82.50% (9900/12000)
          rx=9 on seen_days=['2021_03_01', '2021_03_08']: tx=88.47% (10616/12000)
          rx=10 on seen_days=['2021_03_01', '2021_03_08']: tx=91.74% (11009/12000)
          rx=11 on seen_days=['2021_03_01', '2021_03_08']: tx=93.50% (11220/12000)
[BEST-JOINT]  val_tx=98.93% & test_tx=89.61% @ E037
[CKPT]  latest -> finalist_runs/E4_full_sgc_mild_res001/latest_model.pth (saved) | best -> finalist_runs/E4_full_sgc_mild_res001/best_model_val.pth
====================================================================================================================================
[SAT-TEST] scenario=clear_leo selected=test_unseen_day_unseen_rx overall_tx=44.13% strict_udu=44.13% (26481/60000)
[SAT-TEST] scenario=low_elev_leo selected=test_unseen_day_unseen_rx overall_tx=44.28% strict_udu=44.28% (26570/60000)
[SAT-TEST] scenario=rain_leo selected=test_unseen_day_unseen_rx overall_tx=41.81% strict_udu=41.81% (25086/60000)
[SAT-TEST] scenario=storm_mp selected=test_unseen_day_unseen_rx overall_tx=37.31% strict_udu=37.31% (22385/60000)
[SAT-TEST] scenario=mixed_orbit selected=test_unseen_day_unseen_rx overall_tx=39.86% strict_udu=39.86% (23918/60000)
[BEST-TEST] overall=90.54% @ E001 -> finalist_runs/E4_full_sgc_mild_res001/best_model_test_overall.pth | unseen_day_unseen_rx=86.16% @ E006 -> finalist_runs/E4_full_sgc_mild_res001/best_model_strict_udu.pth | unseen_day_seen_rx=93.99% @ E001 | seen_day_unseen_rx=90.37% @ E001
[BEST-PRIMARY] score=87.61 @ E006 -> finalist_runs/E4_full_sgc_mild_res001/best_model_primary_ood.pth | overall=90.30% strict_udu=86.16%
[BEST-WORST-RX] worst_rx=85.95% (test_rx_8) @ E006 -> finalist_runs/E4_full_sgc_mild_res001/best_model_worst_rx.pth
====================================================================================================================================
[Epoch 041/060] time=96.2s | lr=1.22e-05 | aux_scale=1.000
[STAGE] phase=S2_stabilize_aux | use_aux=1.0 cons=0.44 cls_aux=0.39 reg=0.55 joint_inv=0.24 kl=0.30 group_ce=0.83
[MIXSTYLE-EPOCH] phase=base enabled=1 p=0.150 strength=0.650 anneal_t=0.000
[AUG] scale=0.350 | p_dac=0.000 p_pa=0.049 p_shift=0.122 p_cfo=0.122 p_awgn=0.140 p_mp=0.063 | max_shift=11 cfo_max=0.00014 pn_max=0.0021
------------------------------------------------------------------------------------------------------------------------------------
[LOSS-CORE] total=4.0106 cls=1.4265 dom=0.4742 adv=2.6164 orth=0.0021 cons=0.1964 group_ce=2.5492
[LOSS-AUX]  cls_pa=1.4534 cls_dac=0.0000 pa_joint_inv=0.1945 pa_kl=1.2724 dac_reg=0.0000 pa_reg=0.0169 gap_dac=0.0000 gap_pa=0.1116 cos_joint_pa=0.8055 cos_imp_pa=nan
[LOSS-SAT]  cls_sat=9.4597 sat_cons=0.7345 sat_cos=0.2655
[LOSS-DG]   proto=0.0000 proto_cos=nan supcon=0.0000 fishr=0.0016 sgc_res=0.0032
[LOSS-CAL]  ecc=0.0000 ecc_w=0.0000 ecc_tau=0.8750 ecc_maxp=nan
[TRAIN] tx=88.62% dom=82.22% cons_cos=0.8036
[GRAD]  total=3.511 backbone=1.000 aux=0.750 domain=0.441
[VAL]   tx=98.90% dom=93.60%
[TEST]  overall_tx=88.99% (181540/204000)
[TEST-SPLIT]
          unseen_day_seen_rx(days=['2021_03_15', '2021_03_23'], rxs=[0, 1, 2, 3, 4, 5, 6]): tx=92.93% (78064/84000)
          seen_day_unseen_rx(days=['2021_03_01', '2021_03_08'], rxs=[7, 8, 9, 10, 11]): tx=88.29% (52974/60000)
          unseen_day_unseen_rx(days=['2021_03_15', '2021_03_23'], rxs=[7, 8, 9, 10, 11]): tx=84.17% (50502/60000)
          day=2021_03_15 on seen_rxs=[0, 1, 2, 3, 4, 5, 6]: tx=94.59% (39728/42000)
          day=2021_03_23 on seen_rxs=[0, 1, 2, 3, 4, 5, 6]: tx=91.28% (38336/42000)
          rx=7 on seen_days=['2021_03_01', '2021_03_08']: tx=83.88% (10066/12000)
          rx=8 on seen_days=['2021_03_01', '2021_03_08']: tx=82.67% (9920/12000)
          rx=9 on seen_days=['2021_03_01', '2021_03_08']: tx=88.73% (10648/12000)
          rx=10 on seen_days=['2021_03_01', '2021_03_08']: tx=92.33% (11079/12000)
          rx=11 on seen_days=['2021_03_01', '2021_03_08']: tx=93.84% (11261/12000)
[BEST-JOINT]  val_tx=98.93% & test_tx=89.61% @ E037
[CKPT]  latest -> finalist_runs/E4_full_sgc_mild_res001/latest_model.pth (saved) | best -> finalist_runs/E4_full_sgc_mild_res001/best_model_val.pth
====================================================================================================================================
[SAT-TEST] scenario=clear_leo selected=test_unseen_day_unseen_rx overall_tx=43.69% strict_udu=43.69% (26214/60000)
[SAT-TEST] scenario=low_elev_leo selected=test_unseen_day_unseen_rx overall_tx=43.30% strict_udu=43.30% (25977/60000)
[SAT-TEST] scenario=rain_leo selected=test_unseen_day_unseen_rx overall_tx=41.11% strict_udu=41.11% (24667/60000)
[SAT-TEST] scenario=storm_mp selected=test_unseen_day_unseen_rx overall_tx=36.91% strict_udu=36.91% (22147/60000)
[SAT-TEST] scenario=mixed_orbit selected=test_unseen_day_unseen_rx overall_tx=39.54% strict_udu=39.54% (23724/60000)
[BEST-TEST] overall=90.54% @ E001 -> finalist_runs/E4_full_sgc_mild_res001/best_model_test_overall.pth | unseen_day_unseen_rx=86.16% @ E006 -> finalist_runs/E4_full_sgc_mild_res001/best_model_strict_udu.pth | unseen_day_seen_rx=93.99% @ E001 | seen_day_unseen_rx=90.37% @ E001
[BEST-PRIMARY] score=87.61 @ E006 -> finalist_runs/E4_full_sgc_mild_res001/best_model_primary_ood.pth | overall=90.30% strict_udu=86.16%
[BEST-WORST-RX] worst_rx=85.95% (test_rx_8) @ E006 -> finalist_runs/E4_full_sgc_mild_res001/best_model_worst_rx.pth
====================================================================================================================================
[Epoch 042/060] time=98.6s | lr=1.11e-05 | aux_scale=1.000
[STAGE] phase=S2_stabilize_aux | use_aux=1.0 cons=0.46 cls_aux=0.41 reg=0.56 joint_inv=0.24 kl=0.31 group_ce=0.84
[MIXSTYLE-EPOCH] phase=base enabled=1 p=0.150 strength=0.650 anneal_t=0.000
[AUG] scale=0.350 | p_dac=0.000 p_pa=0.049 p_shift=0.122 p_cfo=0.122 p_awgn=0.140 p_mp=0.063 | max_shift=11 cfo_max=0.00014 pn_max=0.0021
------------------------------------------------------------------------------------------------------------------------------------
[LOSS-CORE] total=4.3667 cls=1.7040 dom=0.5283 adv=2.6159 orth=0.0019 cons=0.2046 group_ce=2.8231
[LOSS-AUX]  cls_pa=1.3884 cls_dac=0.0000 pa_joint_inv=0.1942 pa_kl=1.1963 dac_reg=0.0000 pa_reg=0.0169 gap_dac=0.0000 gap_pa=0.1111 cos_joint_pa=0.8058 cos_imp_pa=nan
[LOSS-SAT]  cls_sat=9.3187 sat_cons=0.7208 sat_cos=0.2792
[LOSS-DG]   proto=0.0000 proto_cos=nan supcon=0.0000 fishr=0.0017 sgc_res=0.0032
[LOSS-CAL]  ecc=0.0000 ecc_w=0.0000 ecc_tau=0.8817 ecc_maxp=nan
[TRAIN] tx=86.09% dom=80.81% cons_cos=0.7954
[GRAD]  total=3.937 backbone=1.000 aux=0.750 domain=0.446
[VAL]   tx=98.76% dom=93.38%
[TEST]  overall_tx=88.48% (180493/204000)
[TEST-SPLIT]
          unseen_day_seen_rx(days=['2021_03_15', '2021_03_23'], rxs=[0, 1, 2, 3, 4, 5, 6]): tx=92.57% (77761/84000)
          seen_day_unseen_rx(days=['2021_03_01', '2021_03_08'], rxs=[7, 8, 9, 10, 11]): tx=87.38% (52427/60000)
          unseen_day_unseen_rx(days=['2021_03_15', '2021_03_23'], rxs=[7, 8, 9, 10, 11]): tx=83.84% (50305/60000)
          day=2021_03_15 on seen_rxs=[0, 1, 2, 3, 4, 5, 6]: tx=95.04% (39916/42000)
          day=2021_03_23 on seen_rxs=[0, 1, 2, 3, 4, 5, 6]: tx=90.11% (37845/42000)
          rx=7 on seen_days=['2021_03_01', '2021_03_08']: tx=82.55% (9906/12000)
          rx=8 on seen_days=['2021_03_01', '2021_03_08']: tx=82.08% (9850/12000)
          rx=9 on seen_days=['2021_03_01', '2021_03_08']: tx=87.86% (10543/12000)
          rx=10 on seen_days=['2021_03_01', '2021_03_08']: tx=91.49% (10979/12000)
          rx=11 on seen_days=['2021_03_01', '2021_03_08']: tx=92.91% (11149/12000)
[BEST-JOINT]  val_tx=98.93% & test_tx=89.61% @ E037
[CKPT]  latest -> finalist_runs/E4_full_sgc_mild_res001/latest_model.pth (saved) | best -> finalist_runs/E4_full_sgc_mild_res001/best_model_val.pth
====================================================================================================================================
[SAT-TEST] scenario=clear_leo selected=test_unseen_day_unseen_rx overall_tx=44.11% strict_udu=44.11% (26468/60000)
[SAT-TEST] scenario=low_elev_leo selected=test_unseen_day_unseen_rx overall_tx=44.28% strict_udu=44.28% (26570/60000)
[SAT-TEST] scenario=rain_leo selected=test_unseen_day_unseen_rx overall_tx=41.89% strict_udu=41.89% (25132/60000)
[SAT-TEST] scenario=storm_mp selected=test_unseen_day_unseen_rx overall_tx=37.27% strict_udu=37.27% (22362/60000)
[SAT-TEST] scenario=mixed_orbit selected=test_unseen_day_unseen_rx overall_tx=39.87% strict_udu=39.87% (23924/60000)
[BEST-TEST] overall=90.54% @ E001 -> finalist_runs/E4_full_sgc_mild_res001/best_model_test_overall.pth | unseen_day_unseen_rx=86.16% @ E006 -> finalist_runs/E4_full_sgc_mild_res001/best_model_strict_udu.pth | unseen_day_seen_rx=93.99% @ E001 | seen_day_unseen_rx=90.37% @ E001
[BEST-PRIMARY] score=87.61 @ E006 -> finalist_runs/E4_full_sgc_mild_res001/best_model_primary_ood.pth | overall=90.30% strict_udu=86.16%
[BEST-WORST-RX] worst_rx=85.95% (test_rx_8) @ E006 -> finalist_runs/E4_full_sgc_mild_res001/best_model_worst_rx.pth
====================================================================================================================================
[Epoch 043/060] time=95.5s | lr=1.01e-05 | aux_scale=1.000
[STAGE] phase=S2_stabilize_aux | use_aux=1.0 cons=0.48 cls_aux=0.43 reg=0.58 joint_inv=0.25 kl=0.33 group_ce=0.85
[MIXSTYLE-EPOCH] phase=base enabled=1 p=0.150 strength=0.650 anneal_t=0.000
[AUG] scale=0.350 | p_dac=0.000 p_pa=0.049 p_shift=0.122 p_cfo=0.122 p_awgn=0.140 p_mp=0.063 | max_shift=11 cfo_max=0.00014 pn_max=0.0021
------------------------------------------------------------------------------------------------------------------------------------
[LOSS-CORE] total=3.5910 cls=1.0822 dom=0.4117 adv=2.6175 orth=0.0020 cons=0.1774 group_ce=1.9903
[LOSS-AUX]  cls_pa=1.5052 cls_dac=0.0000 pa_joint_inv=0.1964 pa_kl=1.3194 dac_reg=0.0000 pa_reg=0.0169 gap_dac=0.0000 gap_pa=0.1110 cos_joint_pa=0.8036 cos_imp_pa=nan
[LOSS-SAT]  cls_sat=9.3529 sat_cons=0.7397 sat_cos=0.2603
[LOSS-DG]   proto=0.0000 proto_cos=nan supcon=0.0000 fishr=0.0012 sgc_res=0.0032
[LOSS-CAL]  ecc=0.0000 ecc_w=0.0000 ecc_tau=0.8882 ecc_maxp=nan
[TRAIN] tx=91.33% dom=84.74% cons_cos=0.8226
[GRAD]  total=3.463 backbone=1.000 aux=0.750 domain=0.440
[VAL]   tx=98.83% dom=93.32%
[TEST]  overall_tx=88.85% (181262/204000)
[TEST-SPLIT]
          unseen_day_seen_rx(days=['2021_03_15', '2021_03_23'], rxs=[0, 1, 2, 3, 4, 5, 6]): tx=92.78% (77932/84000)
          seen_day_unseen_rx(days=['2021_03_01', '2021_03_08'], rxs=[7, 8, 9, 10, 11]): tx=87.94% (52764/60000)
          unseen_day_unseen_rx(days=['2021_03_15', '2021_03_23'], rxs=[7, 8, 9, 10, 11]): tx=84.28% (50566/60000)
          day=2021_03_15 on seen_rxs=[0, 1, 2, 3, 4, 5, 6]: tx=94.89% (39852/42000)
          day=2021_03_23 on seen_rxs=[0, 1, 2, 3, 4, 5, 6]: tx=90.67% (38080/42000)
          rx=7 on seen_days=['2021_03_01', '2021_03_08']: tx=83.43% (10012/12000)
          rx=8 on seen_days=['2021_03_01', '2021_03_08']: tx=82.83% (9940/12000)
          rx=9 on seen_days=['2021_03_01', '2021_03_08']: tx=88.38% (10605/12000)
          rx=10 on seen_days=['2021_03_01', '2021_03_08']: tx=91.44% (10973/12000)
          rx=11 on seen_days=['2021_03_01', '2021_03_08']: tx=93.62% (11234/12000)
[BEST-JOINT]  val_tx=98.93% & test_tx=89.61% @ E037
[CKPT]  latest -> finalist_runs/E4_full_sgc_mild_res001/latest_model.pth (saved) | best -> finalist_runs/E4_full_sgc_mild_res001/best_model_val.pth
====================================================================================================================================
[SAT-TEST] scenario=clear_leo selected=test_unseen_day_unseen_rx overall_tx=43.94% strict_udu=43.94% (26361/60000)
[SAT-TEST] scenario=low_elev_leo selected=test_unseen_day_unseen_rx overall_tx=43.71% strict_udu=43.71% (26225/60000)
[SAT-TEST] scenario=rain_leo selected=test_unseen_day_unseen_rx overall_tx=41.52% strict_udu=41.52% (24909/60000)
[SAT-TEST] scenario=storm_mp selected=test_unseen_day_unseen_rx overall_tx=37.15% strict_udu=37.15% (22292/60000)
[SAT-TEST] scenario=mixed_orbit selected=test_unseen_day_unseen_rx overall_tx=39.88% strict_udu=39.88% (23926/60000)
[BEST-TEST] overall=90.54% @ E001 -> finalist_runs/E4_full_sgc_mild_res001/best_model_test_overall.pth | unseen_day_unseen_rx=86.16% @ E006 -> finalist_runs/E4_full_sgc_mild_res001/best_model_strict_udu.pth | unseen_day_seen_rx=93.99% @ E001 | seen_day_unseen_rx=90.37% @ E001
[BEST-PRIMARY] score=87.61 @ E006 -> finalist_runs/E4_full_sgc_mild_res001/best_model_primary_ood.pth | overall=90.30% strict_udu=86.16%
[BEST-WORST-RX] worst_rx=85.95% (test_rx_8) @ E006 -> finalist_runs/E4_full_sgc_mild_res001/best_model_worst_rx.pth
====================================================================================================================================
[Epoch 044/060] time=96.5s | lr=9.11e-06 | aux_scale=1.000
[STAGE] phase=S2_stabilize_aux | use_aux=1.0 cons=0.49 cls_aux=0.44 reg=0.59 joint_inv=0.26 kl=0.34 group_ce=0.86
[MIXSTYLE-EPOCH] phase=base enabled=1 p=0.150 strength=0.650 anneal_t=0.000
[AUG] scale=0.350 | p_dac=0.000 p_pa=0.049 p_shift=0.122 p_cfo=0.122 p_awgn=0.140 p_mp=0.063 | max_shift=11 cfo_max=0.00014 pn_max=0.0021
------------------------------------------------------------------------------------------------------------------------------------
[LOSS-CORE] total=4.1548 cls=1.4963 dom=0.4948 adv=2.6180 orth=0.0020 cons=0.1865 group_ce=2.5083
[LOSS-AUX]  cls_pa=1.4166 cls_dac=0.0000 pa_joint_inv=0.1941 pa_kl=1.2355 dac_reg=0.0000 pa_reg=0.0169 gap_dac=0.0000 gap_pa=0.1101 cos_joint_pa=0.8059 cos_imp_pa=nan
[LOSS-SAT]  cls_sat=9.4799 sat_cons=0.7383 sat_cos=0.2617
[LOSS-DG]   proto=0.0000 proto_cos=nan supcon=0.0000 fishr=0.0015 sgc_res=0.0032
[LOSS-CAL]  ecc=0.0000 ecc_w=0.0000 ecc_tau=0.8944 ecc_maxp=nan
[TRAIN] tx=88.47% dom=82.18% cons_cos=0.8135
[GRAD]  total=3.820 backbone=1.000 aux=0.750 domain=0.439
[VAL]   tx=98.89% dom=93.49%
[TEST]  overall_tx=88.86% (181276/204000)
[TEST-SPLIT]
          unseen_day_seen_rx(days=['2021_03_15', '2021_03_23'], rxs=[0, 1, 2, 3, 4, 5, 6]): tx=92.86% (78005/84000)
          seen_day_unseen_rx(days=['2021_03_01', '2021_03_08'], rxs=[7, 8, 9, 10, 11]): tx=88.00% (52803/60000)
          unseen_day_unseen_rx(days=['2021_03_15', '2021_03_23'], rxs=[7, 8, 9, 10, 11]): tx=84.11% (50468/60000)
          day=2021_03_15 on seen_rxs=[0, 1, 2, 3, 4, 5, 6]: tx=94.57% (39720/42000)
          day=2021_03_23 on seen_rxs=[0, 1, 2, 3, 4, 5, 6]: tx=91.15% (38285/42000)
          rx=7 on seen_days=['2021_03_01', '2021_03_08']: tx=82.83% (9939/12000)
          rx=8 on seen_days=['2021_03_01', '2021_03_08']: tx=82.33% (9880/12000)
          rx=9 on seen_days=['2021_03_01', '2021_03_08']: tx=88.72% (10646/12000)
          rx=10 on seen_days=['2021_03_01', '2021_03_08']: tx=92.50% (11100/12000)
          rx=11 on seen_days=['2021_03_01', '2021_03_08']: tx=93.65% (11238/12000)
[BEST-JOINT]  val_tx=98.93% & test_tx=89.61% @ E037
[CKPT]  latest -> finalist_runs/E4_full_sgc_mild_res001/latest_model.pth (saved) | best -> finalist_runs/E4_full_sgc_mild_res001/best_model_val.pth
====================================================================================================================================
[SAT-TEST] scenario=clear_leo selected=test_unseen_day_unseen_rx overall_tx=43.62% strict_udu=43.62% (26175/60000)
[SAT-TEST] scenario=low_elev_leo selected=test_unseen_day_unseen_rx overall_tx=43.33% strict_udu=43.33% (25995/60000)
[SAT-TEST] scenario=rain_leo selected=test_unseen_day_unseen_rx overall_tx=41.05% strict_udu=41.05% (24631/60000)
[SAT-TEST] scenario=storm_mp selected=test_unseen_day_unseen_rx overall_tx=36.95% strict_udu=36.95% (22167/60000)
[SAT-TEST] scenario=mixed_orbit selected=test_unseen_day_unseen_rx overall_tx=39.38% strict_udu=39.38% (23627/60000)
[BEST-TEST] overall=90.54% @ E001 -> finalist_runs/E4_full_sgc_mild_res001/best_model_test_overall.pth | unseen_day_unseen_rx=86.16% @ E006 -> finalist_runs/E4_full_sgc_mild_res001/best_model_strict_udu.pth | unseen_day_seen_rx=93.99% @ E001 | seen_day_unseen_rx=90.37% @ E001
[BEST-PRIMARY] score=87.61 @ E006 -> finalist_runs/E4_full_sgc_mild_res001/best_model_primary_ood.pth | overall=90.30% strict_udu=86.16%
[BEST-WORST-RX] worst_rx=85.95% (test_rx_8) @ E006 -> finalist_runs/E4_full_sgc_mild_res001/best_model_worst_rx.pth
====================================================================================================================================
[Epoch 045/060] time=96.8s | lr=8.18e-06 | aux_scale=1.000
[STAGE] phase=S2_stabilize_aux | use_aux=1.0 cons=0.51 cls_aux=0.46 reg=0.61 joint_inv=0.26 kl=0.35 group_ce=0.87
[MIXSTYLE-EPOCH] phase=base enabled=1 p=0.150 strength=0.650 anneal_t=0.000
[AUG] scale=0.350 | p_dac=0.000 p_pa=0.049 p_shift=0.122 p_cfo=0.122 p_awgn=0.140 p_mp=0.063 | max_shift=11 cfo_max=0.00014 pn_max=0.0021
------------------------------------------------------------------------------------------------------------------------------------
[LOSS-CORE] total=4.5121 cls=1.7287 dom=0.5698 adv=2.6215 orth=0.0018 cons=0.1958 group_ce=2.7936
[LOSS-AUX]  cls_pa=1.4335 cls_dac=0.0000 pa_joint_inv=0.1940 pa_kl=1.2430 dac_reg=0.0000 pa_reg=0.0168 gap_dac=0.0000 gap_pa=0.1107 cos_joint_pa=0.8060 cos_imp_pa=nan
[LOSS-SAT]  cls_sat=9.4972 sat_cons=0.7367 sat_cos=0.2633
[LOSS-DG]   proto=0.0000 proto_cos=nan supcon=0.0000 fishr=0.0018 sgc_res=0.0032
[LOSS-CAL]  ecc=0.0000 ecc_w=0.0000 ecc_tau=0.9004 ecc_maxp=nan
[TRAIN] tx=85.85% dom=79.99% cons_cos=0.8042
[GRAD]  total=4.315 backbone=1.000 aux=0.750 domain=0.448
[VAL]   tx=98.88% dom=93.47%
[TEST]  overall_tx=88.77% (181083/204000)
[TEST-SPLIT]
          unseen_day_seen_rx(days=['2021_03_15', '2021_03_23'], rxs=[0, 1, 2, 3, 4, 5, 6]): tx=92.66% (77834/84000)
          seen_day_unseen_rx(days=['2021_03_01', '2021_03_08'], rxs=[7, 8, 9, 10, 11]): tx=87.87% (52720/60000)
          unseen_day_unseen_rx(days=['2021_03_15', '2021_03_23'], rxs=[7, 8, 9, 10, 11]): tx=84.22% (50529/60000)
          day=2021_03_15 on seen_rxs=[0, 1, 2, 3, 4, 5, 6]: tx=94.61% (39735/42000)
          day=2021_03_23 on seen_rxs=[0, 1, 2, 3, 4, 5, 6]: tx=90.71% (38099/42000)
          rx=7 on seen_days=['2021_03_01', '2021_03_08']: tx=82.58% (9909/12000)
          rx=8 on seen_days=['2021_03_01', '2021_03_08']: tx=82.63% (9916/12000)
          rx=9 on seen_days=['2021_03_01', '2021_03_08']: tx=88.68% (10642/12000)
          rx=10 on seen_days=['2021_03_01', '2021_03_08']: tx=91.78% (11013/12000)
          rx=11 on seen_days=['2021_03_01', '2021_03_08']: tx=93.67% (11240/12000)
[BEST-JOINT]  val_tx=98.93% & test_tx=89.61% @ E037
[CKPT]  latest -> finalist_runs/E4_full_sgc_mild_res001/latest_model.pth (saved) | best -> finalist_runs/E4_full_sgc_mild_res001/best_model_val.pth
====================================================================================================================================
[SAT-TEST] scenario=clear_leo selected=test_unseen_day_unseen_rx overall_tx=43.67% strict_udu=43.67% (26200/60000)
[SAT-TEST] scenario=low_elev_leo selected=test_unseen_day_unseen_rx overall_tx=43.34% strict_udu=43.34% (26004/60000)
[SAT-TEST] scenario=rain_leo selected=test_unseen_day_unseen_rx overall_tx=41.16% strict_udu=41.16% (24699/60000)
[SAT-TEST] scenario=storm_mp selected=test_unseen_day_unseen_rx overall_tx=36.99% strict_udu=36.99% (22196/60000)
[SAT-TEST] scenario=mixed_orbit selected=test_unseen_day_unseen_rx overall_tx=39.48% strict_udu=39.48% (23689/60000)
[BEST-TEST] overall=90.54% @ E001 -> finalist_runs/E4_full_sgc_mild_res001/best_model_test_overall.pth | unseen_day_unseen_rx=86.16% @ E006 -> finalist_runs/E4_full_sgc_mild_res001/best_model_strict_udu.pth | unseen_day_seen_rx=93.99% @ E001 | seen_day_unseen_rx=90.37% @ E001
[BEST-PRIMARY] score=87.61 @ E006 -> finalist_runs/E4_full_sgc_mild_res001/best_model_primary_ood.pth | overall=90.30% strict_udu=86.16%
[BEST-WORST-RX] worst_rx=85.95% (test_rx_8) @ E006 -> finalist_runs/E4_full_sgc_mild_res001/best_model_worst_rx.pth
[WARN][E046] unsafe backward/step skipped #9
====================================================================================================================================
[Epoch 046/060] time=97.0s | lr=7.29e-06 | aux_scale=1.000
[STAGE] phase=S2_stabilize_aux | use_aux=1.0 cons=0.53 cls_aux=0.48 reg=0.62 joint_inv=0.27 kl=0.36 group_ce=0.88
[MIXSTYLE-EPOCH] phase=base enabled=1 p=0.150 strength=0.650 anneal_t=0.000
[AUG] scale=0.350 | p_dac=0.000 p_pa=0.049 p_shift=0.122 p_cfo=0.122 p_awgn=0.140 p_mp=0.063 | max_shift=11 cfo_max=0.00014 pn_max=0.0021
------------------------------------------------------------------------------------------------------------------------------------
[LOSS-CORE] total=4.3698 cls=1.6040 dom=0.5512 adv=2.6201 orth=0.0020 cons=0.1972 group_ce=2.7173
[LOSS-AUX]  cls_pa=1.4376 cls_dac=0.0000 pa_joint_inv=0.1950 pa_kl=1.2549 dac_reg=0.0000 pa_reg=0.0170 gap_dac=0.0000 gap_pa=0.1103 cos_joint_pa=0.8050 cos_imp_pa=nan
[LOSS-SAT]  cls_sat=9.3312 sat_cons=0.7234 sat_cos=0.2766
[LOSS-DG]   proto=0.0000 proto_cos=nan supcon=0.0000 fishr=0.0016 sgc_res=0.0033
[LOSS-CAL]  ecc=0.0000 ecc_w=0.0000 ecc_tau=0.9061 ecc_maxp=nan
[TRAIN] tx=86.87% dom=80.07% cons_cos=0.8000
[GRAD]  total=3.962 backbone=1.000 aux=0.750 domain=0.462
[VAL]   tx=98.81% dom=93.38%
[TEST]  overall_tx=88.59% (180719/204000)
[TEST-SPLIT]
          unseen_day_seen_rx(days=['2021_03_15', '2021_03_23'], rxs=[0, 1, 2, 3, 4, 5, 6]): tx=92.57% (77759/84000)
          seen_day_unseen_rx(days=['2021_03_01', '2021_03_08'], rxs=[7, 8, 9, 10, 11]): tx=87.45% (52472/60000)
          unseen_day_unseen_rx(days=['2021_03_15', '2021_03_23'], rxs=[7, 8, 9, 10, 11]): tx=84.15% (50488/60000)
          day=2021_03_15 on seen_rxs=[0, 1, 2, 3, 4, 5, 6]: tx=94.58% (39724/42000)
          day=2021_03_23 on seen_rxs=[0, 1, 2, 3, 4, 5, 6]: tx=90.56% (38035/42000)
          rx=7 on seen_days=['2021_03_01', '2021_03_08']: tx=82.08% (9850/12000)
          rx=8 on seen_days=['2021_03_01', '2021_03_08']: tx=82.38% (9886/12000)
          rx=9 on seen_days=['2021_03_01', '2021_03_08']: tx=87.90% (10548/12000)
          rx=10 on seen_days=['2021_03_01', '2021_03_08']: tx=91.31% (10957/12000)
          rx=11 on seen_days=['2021_03_01', '2021_03_08']: tx=93.59% (11231/12000)
[BEST-JOINT]  val_tx=98.93% & test_tx=89.61% @ E037
[CKPT]  latest -> finalist_runs/E4_full_sgc_mild_res001/latest_model.pth (saved) | best -> finalist_runs/E4_full_sgc_mild_res001/best_model_val.pth
====================================================================================================================================
[SAT-TEST] scenario=clear_leo selected=test_unseen_day_unseen_rx overall_tx=43.73% strict_udu=43.73% (26239/60000)
[SAT-TEST] scenario=low_elev_leo selected=test_unseen_day_unseen_rx overall_tx=43.27% strict_udu=43.27% (25965/60000)
[SAT-TEST] scenario=rain_leo selected=test_unseen_day_unseen_rx overall_tx=41.23% strict_udu=41.23% (24741/60000)
[SAT-TEST] scenario=storm_mp selected=test_unseen_day_unseen_rx overall_tx=37.01% strict_udu=37.01% (22205/60000)
[SAT-TEST] scenario=mixed_orbit selected=test_unseen_day_unseen_rx overall_tx=39.70% strict_udu=39.70% (23820/60000)
[BEST-TEST] overall=90.54% @ E001 -> finalist_runs/E4_full_sgc_mild_res001/best_model_test_overall.pth | unseen_day_unseen_rx=86.16% @ E006 -> finalist_runs/E4_full_sgc_mild_res001/best_model_strict_udu.pth | unseen_day_seen_rx=93.99% @ E001 | seen_day_unseen_rx=90.37% @ E001
[BEST-PRIMARY] score=87.61 @ E006 -> finalist_runs/E4_full_sgc_mild_res001/best_model_primary_ood.pth | overall=90.30% strict_udu=86.16%
[BEST-WORST-RX] worst_rx=85.95% (test_rx_8) @ E006 -> finalist_runs/E4_full_sgc_mild_res001/best_model_worst_rx.pth
====================================================================================================================================
[Epoch 047/060] time=95.9s | lr=6.46e-06 | aux_scale=1.000
[STAGE] phase=S2_stabilize_aux | use_aux=1.0 cons=0.55 cls_aux=0.50 reg=0.64 joint_inv=0.28 kl=0.37 group_ce=0.89
[MIXSTYLE-EPOCH] phase=base enabled=1 p=0.150 strength=0.650 anneal_t=0.000
[AUG] scale=0.350 | p_dac=0.000 p_pa=0.049 p_shift=0.122 p_cfo=0.122 p_awgn=0.140 p_mp=0.063 | max_shift=11 cfo_max=0.00014 pn_max=0.0021
------------------------------------------------------------------------------------------------------------------------------------
[LOSS-CORE] total=4.3414 cls=1.5687 dom=0.5309 adv=2.6180 orth=0.0019 cons=0.1959 group_ce=2.7128
[LOSS-AUX]  cls_pa=1.4854 cls_dac=0.0000 pa_joint_inv=0.1963 pa_kl=1.2932 dac_reg=0.0000 pa_reg=0.0169 gap_dac=0.0000 gap_pa=0.1101 cos_joint_pa=0.8037 cos_imp_pa=nan
[LOSS-SAT]  cls_sat=9.3485 sat_cons=0.7253 sat_cos=0.2747
[LOSS-DG]   proto=0.0000 proto_cos=nan supcon=0.0000 fishr=0.0018 sgc_res=0.0033
[LOSS-CAL]  ecc=0.0000 ecc_w=0.0000 ecc_tau=0.9115 ecc_maxp=nan
[TRAIN] tx=87.24% dom=80.90% cons_cos=0.8041
[GRAD]  total=3.601 backbone=1.000 aux=0.750 domain=0.446
[VAL]   tx=98.86% dom=93.28%
[TEST]  overall_tx=88.86% (181281/204000)
[TEST-SPLIT]
          unseen_day_seen_rx(days=['2021_03_15', '2021_03_23'], rxs=[0, 1, 2, 3, 4, 5, 6]): tx=92.75% (77906/84000)
          seen_day_unseen_rx(days=['2021_03_01', '2021_03_08'], rxs=[7, 8, 9, 10, 11]): tx=88.02% (52809/60000)
          unseen_day_unseen_rx(days=['2021_03_15', '2021_03_23'], rxs=[7, 8, 9, 10, 11]): tx=84.28% (50566/60000)
          day=2021_03_15 on seen_rxs=[0, 1, 2, 3, 4, 5, 6]: tx=94.83% (39829/42000)
          day=2021_03_23 on seen_rxs=[0, 1, 2, 3, 4, 5, 6]: tx=90.66% (38077/42000)
          rx=7 on seen_days=['2021_03_01', '2021_03_08']: tx=83.43% (10012/12000)
          rx=8 on seen_days=['2021_03_01', '2021_03_08']: tx=82.67% (9920/12000)
          rx=9 on seen_days=['2021_03_01', '2021_03_08']: tx=88.34% (10601/12000)
          rx=10 on seen_days=['2021_03_01', '2021_03_08']: tx=92.08% (11050/12000)
          rx=11 on seen_days=['2021_03_01', '2021_03_08']: tx=93.55% (11226/12000)
[BEST-JOINT]  val_tx=98.93% & test_tx=89.61% @ E037
[CKPT]  latest -> finalist_runs/E4_full_sgc_mild_res001/latest_model.pth (saved) | best -> finalist_runs/E4_full_sgc_mild_res001/best_model_val.pth
====================================================================================================================================
[SAT-TEST] scenario=clear_leo selected=test_unseen_day_unseen_rx overall_tx=43.95% strict_udu=43.95% (26371/60000)
[SAT-TEST] scenario=low_elev_leo selected=test_unseen_day_unseen_rx overall_tx=43.55% strict_udu=43.55% (26132/60000)
[SAT-TEST] scenario=rain_leo selected=test_unseen_day_unseen_rx overall_tx=41.23% strict_udu=41.23% (24735/60000)
[SAT-TEST] scenario=storm_mp selected=test_unseen_day_unseen_rx overall_tx=37.01% strict_udu=37.01% (22203/60000)
[SAT-TEST] scenario=mixed_orbit selected=test_unseen_day_unseen_rx overall_tx=39.73% strict_udu=39.73% (23840/60000)
[BEST-TEST] overall=90.54% @ E001 -> finalist_runs/E4_full_sgc_mild_res001/best_model_test_overall.pth | unseen_day_unseen_rx=86.16% @ E006 -> finalist_runs/E4_full_sgc_mild_res001/best_model_strict_udu.pth | unseen_day_seen_rx=93.99% @ E001 | seen_day_unseen_rx=90.37% @ E001
[BEST-PRIMARY] score=87.61 @ E006 -> finalist_runs/E4_full_sgc_mild_res001/best_model_primary_ood.pth | overall=90.30% strict_udu=86.16%
[BEST-WORST-RX] worst_rx=85.95% (test_rx_8) @ E006 -> finalist_runs/E4_full_sgc_mild_res001/best_model_worst_rx.pth
====================================================================================================================================
[Epoch 048/060] time=93.9s | lr=5.68e-06 | aux_scale=1.000
[STAGE] phase=S2_stabilize_aux | use_aux=1.0 cons=0.57 cls_aux=0.52 reg=0.65 joint_inv=0.29 kl=0.39 group_ce=0.90
[MIXSTYLE-EPOCH] phase=base enabled=1 p=0.150 strength=0.650 anneal_t=0.000
[AUG] scale=0.350 | p_dac=0.000 p_pa=0.049 p_shift=0.122 p_cfo=0.122 p_awgn=0.140 p_mp=0.063 | max_shift=11 cfo_max=0.00014 pn_max=0.0021
------------------------------------------------------------------------------------------------------------------------------------
[LOSS-CORE] total=3.8843 cls=1.1928 dom=0.4772 adv=2.6210 orth=0.0023 cons=0.1702 group_ce=2.1333
[LOSS-AUX]  cls_pa=1.4469 cls_dac=0.0000 pa_joint_inv=0.1954 pa_kl=1.2704 dac_reg=0.0000 pa_reg=0.0169 gap_dac=0.0000 gap_pa=0.1106 cos_joint_pa=0.8046 cos_imp_pa=nan
[LOSS-SAT]  cls_sat=9.4247 sat_cons=0.7332 sat_cos=0.2668
[LOSS-DG]   proto=0.0000 proto_cos=nan supcon=0.0000 fishr=0.0012 sgc_res=0.0032
[LOSS-CAL]  ecc=0.0000 ecc_w=0.0000 ecc_tau=0.9166 ecc_maxp=nan
[TRAIN] tx=90.09% dom=83.20% cons_cos=0.8298
[GRAD]  total=3.289 backbone=1.000 aux=0.750 domain=0.433
[VAL]   tx=98.87% dom=93.56%
[TEST]  overall_tx=89.06% (181687/204000)
[TEST-SPLIT]
          unseen_day_seen_rx(days=['2021_03_15', '2021_03_23'], rxs=[0, 1, 2, 3, 4, 5, 6]): tx=92.82% (77968/84000)
          seen_day_unseen_rx(days=['2021_03_01', '2021_03_08'], rxs=[7, 8, 9, 10, 11]): tx=88.34% (53004/60000)
          unseen_day_unseen_rx(days=['2021_03_15', '2021_03_23'], rxs=[7, 8, 9, 10, 11]): tx=84.53% (50715/60000)
          day=2021_03_15 on seen_rxs=[0, 1, 2, 3, 4, 5, 6]: tx=94.82% (39825/42000)
          day=2021_03_23 on seen_rxs=[0, 1, 2, 3, 4, 5, 6]: tx=90.82% (38143/42000)
          rx=7 on seen_days=['2021_03_01', '2021_03_08']: tx=83.88% (10065/12000)
          rx=8 on seen_days=['2021_03_01', '2021_03_08']: tx=83.34% (10001/12000)
          rx=9 on seen_days=['2021_03_01', '2021_03_08']: tx=88.50% (10620/12000)
          rx=10 on seen_days=['2021_03_01', '2021_03_08']: tx=91.93% (11032/12000)
          rx=11 on seen_days=['2021_03_01', '2021_03_08']: tx=94.05% (11286/12000)
[BEST-JOINT]  val_tx=98.93% & test_tx=89.61% @ E037
[CKPT]  latest -> finalist_runs/E4_full_sgc_mild_res001/latest_model.pth (saved) | best -> finalist_runs/E4_full_sgc_mild_res001/best_model_val.pth
====================================================================================================================================
[SAT-TEST] scenario=clear_leo selected=test_unseen_day_unseen_rx overall_tx=43.67% strict_udu=43.67% (26200/60000)
[SAT-TEST] scenario=low_elev_leo selected=test_unseen_day_unseen_rx overall_tx=43.18% strict_udu=43.18% (25910/60000)
[SAT-TEST] scenario=rain_leo selected=test_unseen_day_unseen_rx overall_tx=41.00% strict_udu=41.00% (24598/60000)
[SAT-TEST] scenario=storm_mp selected=test_unseen_day_unseen_rx overall_tx=37.02% strict_udu=37.02% (22215/60000)
[SAT-TEST] scenario=mixed_orbit selected=test_unseen_day_unseen_rx overall_tx=39.75% strict_udu=39.75% (23848/60000)
[BEST-TEST] overall=90.54% @ E001 -> finalist_runs/E4_full_sgc_mild_res001/best_model_test_overall.pth | unseen_day_unseen_rx=86.16% @ E006 -> finalist_runs/E4_full_sgc_mild_res001/best_model_strict_udu.pth | unseen_day_seen_rx=93.99% @ E001 | seen_day_unseen_rx=90.37% @ E001
[BEST-PRIMARY] score=87.61 @ E006 -> finalist_runs/E4_full_sgc_mild_res001/best_model_primary_ood.pth | overall=90.30% strict_udu=86.16%
[BEST-WORST-RX] worst_rx=85.95% (test_rx_8) @ E006 -> finalist_runs/E4_full_sgc_mild_res001/best_model_worst_rx.pth
====================================================================================================================================
[Epoch 049/060] time=97.3s | lr=4.95e-06 | aux_scale=1.000
[STAGE] phase=S2_stabilize_aux | use_aux=1.0 cons=0.59 cls_aux=0.54 reg=0.67 joint_inv=0.29 kl=0.40 group_ce=0.91
[MIXSTYLE-EPOCH] phase=base enabled=1 p=0.150 strength=0.650 anneal_t=0.000
[AUG] scale=0.350 | p_dac=0.000 p_pa=0.049 p_shift=0.122 p_cfo=0.122 p_awgn=0.140 p_mp=0.063 | max_shift=11 cfo_max=0.00014 pn_max=0.0021
------------------------------------------------------------------------------------------------------------------------------------
[LOSS-CORE] total=3.6191 cls=1.0067 dom=0.4212 adv=2.6251 orth=0.0024 cons=0.1595 group_ce=1.7757
[LOSS-AUX]  cls_pa=1.3730 cls_dac=0.0000 pa_joint_inv=0.1902 pa_kl=1.1958 dac_reg=0.0000 pa_reg=0.0169 gap_dac=0.0000 gap_pa=0.1098 cos_joint_pa=0.8098 cos_imp_pa=nan
[LOSS-SAT]  cls_sat=9.3604 sat_cons=0.7307 sat_cos=0.2693
[LOSS-DG]   proto=0.0000 proto_cos=nan supcon=0.0000 fishr=0.0010 sgc_res=0.0031
[LOSS-CAL]  ecc=0.0000 ecc_w=0.0000 ecc_tau=0.9214 ecc_maxp=nan
[TRAIN] tx=91.90% dom=84.86% cons_cos=0.8405
[GRAD]  total=3.365 backbone=1.000 aux=0.750 domain=0.426
[VAL]   tx=98.87% dom=93.58%
[TEST]  overall_tx=89.18% (181927/204000)
[TEST-SPLIT]
          unseen_day_seen_rx(days=['2021_03_15', '2021_03_23'], rxs=[0, 1, 2, 3, 4, 5, 6]): tx=92.88% (78022/84000)
          seen_day_unseen_rx(days=['2021_03_01', '2021_03_08'], rxs=[7, 8, 9, 10, 11]): tx=88.57% (53144/60000)
          unseen_day_unseen_rx(days=['2021_03_15', '2021_03_23'], rxs=[7, 8, 9, 10, 11]): tx=84.60% (50761/60000)
          day=2021_03_15 on seen_rxs=[0, 1, 2, 3, 4, 5, 6]: tx=94.94% (39873/42000)
          day=2021_03_23 on seen_rxs=[0, 1, 2, 3, 4, 5, 6]: tx=90.83% (38149/42000)
          rx=7 on seen_days=['2021_03_01', '2021_03_08']: tx=84.48% (10138/12000)
          rx=8 on seen_days=['2021_03_01', '2021_03_08']: tx=83.42% (10010/12000)
          rx=9 on seen_days=['2021_03_01', '2021_03_08']: tx=88.76% (10651/12000)
          rx=10 on seen_days=['2021_03_01', '2021_03_08']: tx=92.08% (11049/12000)
          rx=11 on seen_days=['2021_03_01', '2021_03_08']: tx=94.13% (11296/12000)
[BEST-JOINT]  val_tx=98.93% & test_tx=89.61% @ E037
[CKPT]  latest -> finalist_runs/E4_full_sgc_mild_res001/latest_model.pth (saved) | best -> finalist_runs/E4_full_sgc_mild_res001/best_model_val.pth
====================================================================================================================================
[SAT-TEST] scenario=clear_leo selected=test_unseen_day_unseen_rx overall_tx=43.86% strict_udu=43.86% (26314/60000)
[SAT-TEST] scenario=low_elev_leo selected=test_unseen_day_unseen_rx overall_tx=43.48% strict_udu=43.48% (26087/60000)
[SAT-TEST] scenario=rain_leo selected=test_unseen_day_unseen_rx overall_tx=41.37% strict_udu=41.37% (24824/60000)
[SAT-TEST] scenario=storm_mp selected=test_unseen_day_unseen_rx overall_tx=37.14% strict_udu=37.14% (22283/60000)
[SAT-TEST] scenario=mixed_orbit selected=test_unseen_day_unseen_rx overall_tx=39.82% strict_udu=39.82% (23894/60000)
[BEST-TEST] overall=90.54% @ E001 -> finalist_runs/E4_full_sgc_mild_res001/best_model_test_overall.pth | unseen_day_unseen_rx=86.16% @ E006 -> finalist_runs/E4_full_sgc_mild_res001/best_model_strict_udu.pth | unseen_day_seen_rx=93.99% @ E001 | seen_day_unseen_rx=90.37% @ E001
[BEST-PRIMARY] score=87.61 @ E006 -> finalist_runs/E4_full_sgc_mild_res001/best_model_primary_ood.pth | overall=90.30% strict_udu=86.16%
[BEST-WORST-RX] worst_rx=85.95% (test_rx_8) @ E006 -> finalist_runs/E4_full_sgc_mild_res001/best_model_worst_rx.pth
====================================================================================================================================
[Epoch 050/060] time=98.1s | lr=4.28e-06 | aux_scale=1.000
[STAGE] phase=S2_stabilize_aux | use_aux=1.0 cons=0.61 cls_aux=0.56 reg=0.69 joint_inv=0.30 kl=0.41 group_ce=0.93
[MIXSTYLE-EPOCH] phase=base enabled=1 p=0.150 strength=0.650 anneal_t=0.000
[AUG] scale=0.350 | p_dac=0.000 p_pa=0.049 p_shift=0.122 p_cfo=0.122 p_awgn=0.140 p_mp=0.063 | max_shift=11 cfo_max=0.00014 pn_max=0.0021
------------------------------------------------------------------------------------------------------------------------------------
[LOSS-CORE] total=4.7306 cls=1.7654 dom=0.6500 adv=2.6263 orth=0.0020 cons=0.1885 group_ce=2.7310
[LOSS-AUX]  cls_pa=1.3998 cls_dac=0.0000 pa_joint_inv=0.1919 pa_kl=1.2216 dac_reg=0.0000 pa_reg=0.0169 gap_dac=0.0000 gap_pa=0.1100 cos_joint_pa=0.8081 cos_imp_pa=nan
[LOSS-SAT]  cls_sat=9.4695 sat_cons=0.7192 sat_cos=0.2808
[LOSS-DG]   proto=0.0000 proto_cos=nan supcon=0.0000 fishr=0.0016 sgc_res=0.0032
[LOSS-CAL]  ecc=0.0000 ecc_w=0.0000 ecc_tau=0.9258 ecc_maxp=nan
[TRAIN] tx=85.41% dom=79.12% cons_cos=0.8115
[GRAD]  total=4.290 backbone=1.000 aux=0.750 domain=0.435
[VAL]   tx=98.86% dom=93.53%
[TEST]  overall_tx=88.90% (181366/204000)
[TEST-SPLIT]
          unseen_day_seen_rx(days=['2021_03_15', '2021_03_23'], rxs=[0, 1, 2, 3, 4, 5, 6]): tx=92.79% (77944/84000)
          seen_day_unseen_rx(days=['2021_03_01', '2021_03_08'], rxs=[7, 8, 9, 10, 11]): tx=88.03% (52820/60000)
          unseen_day_unseen_rx(days=['2021_03_15', '2021_03_23'], rxs=[7, 8, 9, 10, 11]): tx=84.34% (50602/60000)
          day=2021_03_15 on seen_rxs=[0, 1, 2, 3, 4, 5, 6]: tx=94.65% (39754/42000)
          day=2021_03_23 on seen_rxs=[0, 1, 2, 3, 4, 5, 6]: tx=90.93% (38190/42000)
          rx=7 on seen_days=['2021_03_01', '2021_03_08']: tx=83.27% (9992/12000)
          rx=8 on seen_days=['2021_03_01', '2021_03_08']: tx=82.79% (9935/12000)
          rx=9 on seen_days=['2021_03_01', '2021_03_08']: tx=88.33% (10600/12000)
          rx=10 on seen_days=['2021_03_01', '2021_03_08']: tx=91.92% (11031/12000)
          rx=11 on seen_days=['2021_03_01', '2021_03_08']: tx=93.85% (11262/12000)
[BEST-JOINT]  val_tx=98.93% & test_tx=89.61% @ E037
[CKPT]  latest -> finalist_runs/E4_full_sgc_mild_res001/latest_model.pth (saved) | best -> finalist_runs/E4_full_sgc_mild_res001/best_model_val.pth
====================================================================================================================================
[SAT-TEST] scenario=clear_leo selected=test_unseen_day_unseen_rx overall_tx=43.69% strict_udu=43.69% (26214/60000)
[SAT-TEST] scenario=low_elev_leo selected=test_unseen_day_unseen_rx overall_tx=43.35% strict_udu=43.35% (26008/60000)
[SAT-TEST] scenario=rain_leo selected=test_unseen_day_unseen_rx overall_tx=41.14% strict_udu=41.14% (24685/60000)
[SAT-TEST] scenario=storm_mp selected=test_unseen_day_unseen_rx overall_tx=37.05% strict_udu=37.05% (22228/60000)
[SAT-TEST] scenario=mixed_orbit selected=test_unseen_day_unseen_rx overall_tx=39.58% strict_udu=39.58% (23749/60000)
[BEST-TEST] overall=90.54% @ E001 -> finalist_runs/E4_full_sgc_mild_res001/best_model_test_overall.pth | unseen_day_unseen_rx=86.16% @ E006 -> finalist_runs/E4_full_sgc_mild_res001/best_model_strict_udu.pth | unseen_day_seen_rx=93.99% @ E001 | seen_day_unseen_rx=90.37% @ E001
[BEST-PRIMARY] score=87.61 @ E006 -> finalist_runs/E4_full_sgc_mild_res001/best_model_primary_ood.pth | overall=90.30% strict_udu=86.16%
[BEST-WORST-RX] worst_rx=85.95% (test_rx_8) @ E006 -> finalist_runs/E4_full_sgc_mild_res001/best_model_worst_rx.pth
====================================================================================================================================
[Epoch 051/060] time=98.3s | lr=3.67e-06 | aux_scale=1.000
[STAGE] phase=S2_stabilize_aux | use_aux=1.0 cons=0.64 cls_aux=0.59 reg=0.71 joint_inv=0.31 kl=0.43 group_ce=0.94
[MIXSTYLE-EPOCH] phase=base enabled=1 p=0.150 strength=0.650 anneal_t=0.000
[AUG] scale=0.350 | p_dac=0.000 p_pa=0.049 p_shift=0.122 p_cfo=0.122 p_awgn=0.140 p_mp=0.063 | max_shift=11 cfo_max=0.00014 pn_max=0.0021
------------------------------------------------------------------------------------------------------------------------------------
[LOSS-CORE] total=4.3616 cls=1.5206 dom=0.5136 adv=2.6191 orth=0.0020 cons=0.1934 group_ce=2.6193
[LOSS-AUX]  cls_pa=1.4001 cls_dac=0.0000 pa_joint_inv=0.1926 pa_kl=1.2170 dac_reg=0.0000 pa_reg=0.0168 gap_dac=0.0000 gap_pa=0.1107 cos_joint_pa=0.8074 cos_imp_pa=nan
[LOSS-SAT]  cls_sat=9.4818 sat_cons=0.7364 sat_cos=0.2636
[LOSS-DG]   proto=0.0000 proto_cos=nan supcon=0.0000 fishr=0.0016 sgc_res=0.0032
[LOSS-CAL]  ecc=0.0000 ecc_w=0.0000 ecc_tau=0.9299 ecc_maxp=nan
[TRAIN] tx=87.88% dom=81.39% cons_cos=0.8066
[GRAD]  total=3.953 backbone=1.000 aux=0.750 domain=0.442
[VAL]   tx=98.87% dom=93.58%
[TEST]  overall_tx=89.05% (181665/204000)
[TEST-SPLIT]
          unseen_day_seen_rx(days=['2021_03_15', '2021_03_23'], rxs=[0, 1, 2, 3, 4, 5, 6]): tx=92.91% (78041/84000)
          seen_day_unseen_rx(days=['2021_03_01', '2021_03_08'], rxs=[7, 8, 9, 10, 11]): tx=88.28% (52967/60000)
          unseen_day_unseen_rx(days=['2021_03_15', '2021_03_23'], rxs=[7, 8, 9, 10, 11]): tx=84.43% (50657/60000)
          day=2021_03_15 on seen_rxs=[0, 1, 2, 3, 4, 5, 6]: tx=94.81% (39819/42000)
          day=2021_03_23 on seen_rxs=[0, 1, 2, 3, 4, 5, 6]: tx=91.00% (38222/42000)
          rx=7 on seen_days=['2021_03_01', '2021_03_08']: tx=83.70% (10044/12000)
          rx=8 on seen_days=['2021_03_01', '2021_03_08']: tx=82.86% (9943/12000)
          rx=9 on seen_days=['2021_03_01', '2021_03_08']: tx=88.44% (10613/12000)
          rx=10 on seen_days=['2021_03_01', '2021_03_08']: tx=92.33% (11080/12000)
          rx=11 on seen_days=['2021_03_01', '2021_03_08']: tx=94.06% (11287/12000)
[BEST-JOINT]  val_tx=98.93% & test_tx=89.61% @ E037
[CKPT]  latest -> finalist_runs/E4_full_sgc_mild_res001/latest_model.pth (saved) | best -> finalist_runs/E4_full_sgc_mild_res001/best_model_val.pth
====================================================================================================================================
[SAT-TEST] scenario=clear_leo selected=test_unseen_day_unseen_rx overall_tx=43.73% strict_udu=43.73% (26240/60000)
[SAT-TEST] scenario=low_elev_leo selected=test_unseen_day_unseen_rx overall_tx=43.48% strict_udu=43.48% (26091/60000)
[SAT-TEST] scenario=rain_leo selected=test_unseen_day_unseen_rx overall_tx=41.22% strict_udu=41.22% (24733/60000)
[SAT-TEST] scenario=storm_mp selected=test_unseen_day_unseen_rx overall_tx=37.01% strict_udu=37.01% (22207/60000)
[SAT-TEST] scenario=mixed_orbit selected=test_unseen_day_unseen_rx overall_tx=39.76% strict_udu=39.76% (23857/60000)
[BEST-TEST] overall=90.54% @ E001 -> finalist_runs/E4_full_sgc_mild_res001/best_model_test_overall.pth | unseen_day_unseen_rx=86.16% @ E006 -> finalist_runs/E4_full_sgc_mild_res001/best_model_strict_udu.pth | unseen_day_seen_rx=93.99% @ E001 | seen_day_unseen_rx=90.37% @ E001
[BEST-PRIMARY] score=87.61 @ E006 -> finalist_runs/E4_full_sgc_mild_res001/best_model_primary_ood.pth | overall=90.30% strict_udu=86.16%
[BEST-WORST-RX] worst_rx=85.95% (test_rx_8) @ E006 -> finalist_runs/E4_full_sgc_mild_res001/best_model_worst_rx.pth
====================================================================================================================================
[Epoch 052/060] time=97.6s | lr=3.12e-06 | aux_scale=1.000
[STAGE] phase=S2_stabilize_aux | use_aux=1.0 cons=0.66 cls_aux=0.61 reg=0.72 joint_inv=0.32 kl=0.44 group_ce=0.95
[MIXSTYLE-EPOCH] phase=base enabled=1 p=0.150 strength=0.650 anneal_t=0.000
[AUG] scale=0.350 | p_dac=0.000 p_pa=0.049 p_shift=0.122 p_cfo=0.122 p_awgn=0.140 p_mp=0.063 | max_shift=11 cfo_max=0.00014 pn_max=0.0021
------------------------------------------------------------------------------------------------------------------------------------
[LOSS-CORE] total=4.8939 cls=1.9028 dom=0.6152 adv=2.6207 orth=0.0019 cons=0.2030 group_ce=3.0154
[LOSS-AUX]  cls_pa=1.4088 cls_dac=0.0000 pa_joint_inv=0.1915 pa_kl=1.2233 dac_reg=0.0000 pa_reg=0.0170 gap_dac=0.0000 gap_pa=0.1103 cos_joint_pa=0.8085 cos_imp_pa=nan
[LOSS-SAT]  cls_sat=9.2968 sat_cons=0.7114 sat_cos=0.2886
[LOSS-DG]   proto=0.0000 proto_cos=nan supcon=0.0000 fishr=0.0019 sgc_res=0.0031
[LOSS-CAL]  ecc=0.0000 ecc_w=0.0000 ecc_tau=0.9337 ecc_maxp=nan
[TRAIN] tx=84.33% dom=78.98% cons_cos=0.7970
[GRAD]  total=4.532 backbone=1.000 aux=0.750 domain=0.440
[VAL]   tx=98.86% dom=93.61%
[TEST]  overall_tx=88.86% (181267/204000)
[TEST-SPLIT]
          unseen_day_seen_rx(days=['2021_03_15', '2021_03_23'], rxs=[0, 1, 2, 3, 4, 5, 6]): tx=92.75% (77912/84000)
          seen_day_unseen_rx(days=['2021_03_01', '2021_03_08'], rxs=[7, 8, 9, 10, 11]): tx=88.00% (52799/60000)
          unseen_day_unseen_rx(days=['2021_03_15', '2021_03_23'], rxs=[7, 8, 9, 10, 11]): tx=84.26% (50556/60000)
          day=2021_03_15 on seen_rxs=[0, 1, 2, 3, 4, 5, 6]: tx=94.58% (39724/42000)
          day=2021_03_23 on seen_rxs=[0, 1, 2, 3, 4, 5, 6]: tx=90.92% (38188/42000)
          rx=7 on seen_days=['2021_03_01', '2021_03_08']: tx=82.82% (9938/12000)
          rx=8 on seen_days=['2021_03_01', '2021_03_08']: tx=82.60% (9912/12000)
          rx=9 on seen_days=['2021_03_01', '2021_03_08']: tx=88.40% (10608/12000)
          rx=10 on seen_days=['2021_03_01', '2021_03_08']: tx=92.21% (11065/12000)
          rx=11 on seen_days=['2021_03_01', '2021_03_08']: tx=93.97% (11276/12000)
[BEST-JOINT]  val_tx=98.93% & test_tx=89.61% @ E037
[CKPT]  latest -> finalist_runs/E4_full_sgc_mild_res001/latest_model.pth (saved) | best -> finalist_runs/E4_full_sgc_mild_res001/best_model_val.pth
====================================================================================================================================
[SAT-TEST] scenario=clear_leo selected=test_unseen_day_unseen_rx overall_tx=43.58% strict_udu=43.58% (26145/60000)
[SAT-TEST] scenario=low_elev_leo selected=test_unseen_day_unseen_rx overall_tx=43.39% strict_udu=43.39% (26034/60000)
[SAT-TEST] scenario=rain_leo selected=test_unseen_day_unseen_rx overall_tx=41.05% strict_udu=41.05% (24629/60000)
[SAT-TEST] scenario=storm_mp selected=test_unseen_day_unseen_rx overall_tx=36.98% strict_udu=36.98% (22186/60000)
[SAT-TEST] scenario=mixed_orbit selected=test_unseen_day_unseen_rx overall_tx=39.45% strict_udu=39.45% (23671/60000)
[BEST-TEST] overall=90.54% @ E001 -> finalist_runs/E4_full_sgc_mild_res001/best_model_test_overall.pth | unseen_day_unseen_rx=86.16% @ E006 -> finalist_runs/E4_full_sgc_mild_res001/best_model_strict_udu.pth | unseen_day_seen_rx=93.99% @ E001 | seen_day_unseen_rx=90.37% @ E001
[BEST-PRIMARY] score=87.61 @ E006 -> finalist_runs/E4_full_sgc_mild_res001/best_model_primary_ood.pth | overall=90.30% strict_udu=86.16%
[BEST-WORST-RX] worst_rx=85.95% (test_rx_8) @ E006 -> finalist_runs/E4_full_sgc_mild_res001/best_model_worst_rx.pth
====================================================================================================================================
[Epoch 053/060] time=98.1s | lr=2.63e-06 | aux_scale=1.000
[STAGE] phase=S2_stabilize_aux | use_aux=1.0 cons=0.68 cls_aux=0.63 reg=0.74 joint_inv=0.32 kl=0.46 group_ce=0.96
[MIXSTYLE-EPOCH] phase=base enabled=1 p=0.150 strength=0.650 anneal_t=0.000
[AUG] scale=0.350 | p_dac=0.000 p_pa=0.049 p_shift=0.122 p_cfo=0.122 p_awgn=0.140 p_mp=0.063 | max_shift=11 cfo_max=0.00014 pn_max=0.0021
------------------------------------------------------------------------------------------------------------------------------------
[LOSS-CORE] total=4.1877 cls=1.3295 dom=0.5350 adv=2.6263 orth=0.0021 cons=0.1701 group_ce=2.1996
[LOSS-AUX]  cls_pa=1.3391 cls_dac=0.0000 pa_joint_inv=0.1884 pa_kl=1.1477 dac_reg=0.0000 pa_reg=0.0168 gap_dac=0.0000 gap_pa=0.1091 cos_joint_pa=0.8116 cos_imp_pa=nan
[LOSS-SAT]  cls_sat=9.4063 sat_cons=0.7281 sat_cos=0.2719
[LOSS-DG]   proto=0.0000 proto_cos=nan supcon=0.0000 fishr=0.0012 sgc_res=0.0032
[LOSS-CAL]  ecc=0.0000 ecc_w=0.0000 ecc_tau=0.9370 ecc_maxp=nan
[TRAIN] tx=89.00% dom=81.47% cons_cos=0.8299
[GRAD]  total=4.039 backbone=1.000 aux=0.750 domain=0.443
[VAL]   tx=98.87% dom=93.59%
[TEST]  overall_tx=89.05% (181661/204000)
[TEST-SPLIT]
          unseen_day_seen_rx(days=['2021_03_15', '2021_03_23'], rxs=[0, 1, 2, 3, 4, 5, 6]): tx=92.80% (77955/84000)
          seen_day_unseen_rx(days=['2021_03_01', '2021_03_08'], rxs=[7, 8, 9, 10, 11]): tx=88.27% (52960/60000)
          unseen_day_unseen_rx(days=['2021_03_15', '2021_03_23'], rxs=[7, 8, 9, 10, 11]): tx=84.58% (50746/60000)
          day=2021_03_15 on seen_rxs=[0, 1, 2, 3, 4, 5, 6]: tx=94.91% (39863/42000)
          day=2021_03_23 on seen_rxs=[0, 1, 2, 3, 4, 5, 6]: tx=90.70% (38092/42000)
          rx=7 on seen_days=['2021_03_01', '2021_03_08']: tx=83.16% (9979/12000)
          rx=8 on seen_days=['2021_03_01', '2021_03_08']: tx=83.03% (9964/12000)
          rx=9 on seen_days=['2021_03_01', '2021_03_08']: tx=88.77% (10652/12000)
          rx=10 on seen_days=['2021_03_01', '2021_03_08']: tx=91.83% (11019/12000)
          rx=11 on seen_days=['2021_03_01', '2021_03_08']: tx=94.55% (11346/12000)
[BEST-JOINT]  val_tx=98.93% & test_tx=89.61% @ E037
[CKPT]  latest -> finalist_runs/E4_full_sgc_mild_res001/latest_model.pth (saved) | best -> finalist_runs/E4_full_sgc_mild_res001/best_model_val.pth
====================================================================================================================================
[SAT-TEST] scenario=clear_leo selected=test_unseen_day_unseen_rx overall_tx=43.84% strict_udu=43.84% (26302/60000)
[SAT-TEST] scenario=low_elev_leo selected=test_unseen_day_unseen_rx overall_tx=43.65% strict_udu=43.65% (26188/60000)
[SAT-TEST] scenario=rain_leo selected=test_unseen_day_unseen_rx overall_tx=41.31% strict_udu=41.31% (24787/60000)
[SAT-TEST] scenario=storm_mp selected=test_unseen_day_unseen_rx overall_tx=37.23% strict_udu=37.23% (22341/60000)
[SAT-TEST] scenario=mixed_orbit selected=test_unseen_day_unseen_rx overall_tx=39.82% strict_udu=39.82% (23891/60000)
[BEST-TEST] overall=90.54% @ E001 -> finalist_runs/E4_full_sgc_mild_res001/best_model_test_overall.pth | unseen_day_unseen_rx=86.16% @ E006 -> finalist_runs/E4_full_sgc_mild_res001/best_model_strict_udu.pth | unseen_day_seen_rx=93.99% @ E001 | seen_day_unseen_rx=90.37% @ E001
[BEST-PRIMARY] score=87.61 @ E006 -> finalist_runs/E4_full_sgc_mild_res001/best_model_primary_ood.pth | overall=90.30% strict_udu=86.16%
[BEST-WORST-RX] worst_rx=85.95% (test_rx_8) @ E006 -> finalist_runs/E4_full_sgc_mild_res001/best_model_worst_rx.pth
====================================================================================================================================
[Epoch 054/060] time=96.9s | lr=2.20e-06 | aux_scale=1.000
[STAGE] phase=S2_stabilize_aux | use_aux=1.0 cons=0.70 cls_aux=0.65 reg=0.76 joint_inv=0.33 kl=0.47 group_ce=0.97
[MIXSTYLE-EPOCH] phase=base enabled=1 p=0.150 strength=0.650 anneal_t=0.000
[AUG] scale=0.350 | p_dac=0.000 p_pa=0.049 p_shift=0.122 p_cfo=0.122 p_awgn=0.140 p_mp=0.063 | max_shift=11 cfo_max=0.00014 pn_max=0.0021
------------------------------------------------------------------------------------------------------------------------------------
[LOSS-CORE] total=3.9339 cls=1.1555 dom=0.4369 adv=2.6183 orth=0.0021 cons=0.1793 group_ce=2.1468
[LOSS-AUX]  cls_pa=1.3346 cls_dac=0.0000 pa_joint_inv=0.1898 pa_kl=1.1505 dac_reg=0.0000 pa_reg=0.0167 gap_dac=0.0000 gap_pa=0.1108 cos_joint_pa=0.8102 cos_imp_pa=nan
[LOSS-SAT]  cls_sat=9.4299 sat_cons=0.7405 sat_cos=0.2595
[LOSS-DG]   proto=0.0000 proto_cos=nan supcon=0.0000 fishr=0.0013 sgc_res=0.0032
[LOSS-CAL]  ecc=0.0000 ecc_w=0.0000 ecc_tau=0.9400 ecc_maxp=nan
[TRAIN] tx=90.69% dom=83.73% cons_cos=0.8207
[GRAD]  total=4.420 backbone=1.000 aux=0.750 domain=0.456
[VAL]   tx=98.87% dom=93.55%
[TEST]  overall_tx=88.85% (181263/204000)
[TEST-SPLIT]
          unseen_day_seen_rx(days=['2021_03_15', '2021_03_23'], rxs=[0, 1, 2, 3, 4, 5, 6]): tx=92.76% (77918/84000)
          seen_day_unseen_rx(days=['2021_03_01', '2021_03_08'], rxs=[7, 8, 9, 10, 11]): tx=87.91% (52744/60000)
          unseen_day_unseen_rx(days=['2021_03_15', '2021_03_23'], rxs=[7, 8, 9, 10, 11]): tx=84.33% (50601/60000)
          day=2021_03_15 on seen_rxs=[0, 1, 2, 3, 4, 5, 6]: tx=94.65% (39754/42000)
          day=2021_03_23 on seen_rxs=[0, 1, 2, 3, 4, 5, 6]: tx=90.87% (38164/42000)
          rx=7 on seen_days=['2021_03_01', '2021_03_08']: tx=82.66% (9919/12000)
          rx=8 on seen_days=['2021_03_01', '2021_03_08']: tx=82.80% (9936/12000)
          rx=9 on seen_days=['2021_03_01', '2021_03_08']: tx=88.47% (10616/12000)
          rx=10 on seen_days=['2021_03_01', '2021_03_08']: tx=91.59% (10991/12000)
          rx=11 on seen_days=['2021_03_01', '2021_03_08']: tx=94.02% (11282/12000)
[BEST-JOINT]  val_tx=98.93% & test_tx=89.61% @ E037
[CKPT]  latest -> finalist_runs/E4_full_sgc_mild_res001/latest_model.pth (saved) | best -> finalist_runs/E4_full_sgc_mild_res001/best_model_val.pth
====================================================================================================================================
[SAT-TEST] scenario=clear_leo selected=test_unseen_day_unseen_rx overall_tx=43.51% strict_udu=43.51% (26107/60000)
[SAT-TEST] scenario=low_elev_leo selected=test_unseen_day_unseen_rx overall_tx=43.20% strict_udu=43.20% (25923/60000)
[SAT-TEST] scenario=rain_leo selected=test_unseen_day_unseen_rx overall_tx=41.07% strict_udu=41.07% (24640/60000)
[SAT-TEST] scenario=storm_mp selected=test_unseen_day_unseen_rx overall_tx=37.04% strict_udu=37.04% (22225/60000)
[SAT-TEST] scenario=mixed_orbit selected=test_unseen_day_unseen_rx overall_tx=39.52% strict_udu=39.52% (23709/60000)
[BEST-TEST] overall=90.54% @ E001 -> finalist_runs/E4_full_sgc_mild_res001/best_model_test_overall.pth | unseen_day_unseen_rx=86.16% @ E006 -> finalist_runs/E4_full_sgc_mild_res001/best_model_strict_udu.pth | unseen_day_seen_rx=93.99% @ E001 | seen_day_unseen_rx=90.37% @ E001
[BEST-PRIMARY] score=87.61 @ E006 -> finalist_runs/E4_full_sgc_mild_res001/best_model_primary_ood.pth | overall=90.30% strict_udu=86.16%
[BEST-WORST-RX] worst_rx=85.95% (test_rx_8) @ E006 -> finalist_runs/E4_full_sgc_mild_res001/best_model_worst_rx.pth
====================================================================================================================================
[Epoch 055/060] time=97.6s | lr=1.83e-06 | aux_scale=1.000
[STAGE] phase=S2_stabilize_aux | use_aux=1.0 cons=0.73 cls_aux=0.68 reg=0.78 joint_inv=0.34 kl=0.48 group_ce=0.99
[MIXSTYLE-EPOCH] phase=base enabled=1 p=0.150 strength=0.650 anneal_t=0.000
[AUG] scale=0.350 | p_dac=0.000 p_pa=0.049 p_shift=0.122 p_cfo=0.122 p_awgn=0.140 p_mp=0.063 | max_shift=11 cfo_max=0.00014 pn_max=0.0021
------------------------------------------------------------------------------------------------------------------------------------
[LOSS-CORE] total=4.6532 cls=1.6554 dom=0.5656 adv=2.6200 orth=0.0020 cons=0.1932 group_ce=2.6805
[LOSS-AUX]  cls_pa=1.4016 cls_dac=0.0000 pa_joint_inv=0.1921 pa_kl=1.2176 dac_reg=0.0000 pa_reg=0.0167 gap_dac=0.0000 gap_pa=0.1105 cos_joint_pa=0.8079 cos_imp_pa=nan
[LOSS-SAT]  cls_sat=9.4615 sat_cons=0.7278 sat_cos=0.2722
[LOSS-DG]   proto=0.0000 proto_cos=nan supcon=0.0000 fishr=0.0015 sgc_res=0.0032
[LOSS-CAL]  ecc=0.0000 ecc_w=0.0000 ecc_tau=0.9427 ecc_maxp=nan
[TRAIN] tx=86.78% dom=80.47% cons_cos=0.8068
[GRAD]  total=3.793 backbone=1.000 aux=0.750 domain=0.450
[VAL]   tx=98.83% dom=93.55%
[TEST]  overall_tx=88.91% (181381/204000)
[TEST-SPLIT]
          unseen_day_seen_rx(days=['2021_03_15', '2021_03_23'], rxs=[0, 1, 2, 3, 4, 5, 6]): tx=92.78% (77931/84000)
          seen_day_unseen_rx(days=['2021_03_01', '2021_03_08'], rxs=[7, 8, 9, 10, 11]): tx=88.04% (52825/60000)
          unseen_day_unseen_rx(days=['2021_03_15', '2021_03_23'], rxs=[7, 8, 9, 10, 11]): tx=84.38% (50625/60000)
          day=2021_03_15 on seen_rxs=[0, 1, 2, 3, 4, 5, 6]: tx=94.96% (39885/42000)
          day=2021_03_23 on seen_rxs=[0, 1, 2, 3, 4, 5, 6]: tx=90.59% (38046/42000)
          rx=7 on seen_days=['2021_03_01', '2021_03_08']: tx=83.34% (10001/12000)
          rx=8 on seen_days=['2021_03_01', '2021_03_08']: tx=82.83% (9939/12000)
          rx=9 on seen_days=['2021_03_01', '2021_03_08']: tx=88.37% (10604/12000)
          rx=10 on seen_days=['2021_03_01', '2021_03_08']: tx=91.85% (11022/12000)
          rx=11 on seen_days=['2021_03_01', '2021_03_08']: tx=93.83% (11259/12000)
[BEST-JOINT]  val_tx=98.93% & test_tx=89.61% @ E037
[CKPT]  latest -> finalist_runs/E4_full_sgc_mild_res001/latest_model.pth (saved) | best -> finalist_runs/E4_full_sgc_mild_res001/best_model_val.pth
====================================================================================================================================
[SAT-TEST] scenario=clear_leo selected=test_unseen_day_unseen_rx overall_tx=43.92% strict_udu=43.92% (26352/60000)
[SAT-TEST] scenario=low_elev_leo selected=test_unseen_day_unseen_rx overall_tx=43.88% strict_udu=43.88% (26325/60000)
[SAT-TEST] scenario=rain_leo selected=test_unseen_day_unseen_rx overall_tx=41.48% strict_udu=41.48% (24886/60000)
[SAT-TEST] scenario=storm_mp selected=test_unseen_day_unseen_rx overall_tx=37.22% strict_udu=37.22% (22332/60000)
[SAT-TEST] scenario=mixed_orbit selected=test_unseen_day_unseen_rx overall_tx=39.71% strict_udu=39.71% (23824/60000)
[BEST-TEST] overall=90.54% @ E001 -> finalist_runs/E4_full_sgc_mild_res001/best_model_test_overall.pth | unseen_day_unseen_rx=86.16% @ E006 -> finalist_runs/E4_full_sgc_mild_res001/best_model_strict_udu.pth | unseen_day_seen_rx=93.99% @ E001 | seen_day_unseen_rx=90.37% @ E001
[BEST-PRIMARY] score=87.61 @ E006 -> finalist_runs/E4_full_sgc_mild_res001/best_model_primary_ood.pth | overall=90.30% strict_udu=86.16%
[BEST-WORST-RX] worst_rx=85.95% (test_rx_8) @ E006 -> finalist_runs/E4_full_sgc_mild_res001/best_model_worst_rx.pth
====================================================================================================================================
[Epoch 056/060] time=96.0s | lr=1.54e-06 | aux_scale=1.000
[STAGE] phase=S2_stabilize_aux | use_aux=1.0 cons=0.75 cls_aux=0.70 reg=0.80 joint_inv=0.35 kl=0.50 group_ce=1.00
[MIXSTYLE-EPOCH] phase=base enabled=1 p=0.150 strength=0.650 anneal_t=0.000
[AUG] scale=0.350 | p_dac=0.000 p_pa=0.049 p_shift=0.122 p_cfo=0.122 p_awgn=0.140 p_mp=0.063 | max_shift=11 cfo_max=0.00014 pn_max=0.0021
------------------------------------------------------------------------------------------------------------------------------------
[LOSS-CORE] total=4.5266 cls=1.5471 dom=0.5449 adv=2.6187 orth=0.0019 cons=0.1908 group_ce=2.5640
[LOSS-AUX]  cls_pa=1.3709 cls_dac=0.0000 pa_joint_inv=0.1898 pa_kl=1.1839 dac_reg=0.0000 pa_reg=0.0169 gap_dac=0.0000 gap_pa=0.1099 cos_joint_pa=0.8102 cos_imp_pa=nan
[LOSS-SAT]  cls_sat=9.3749 sat_cons=0.7277 sat_cos=0.2723
[LOSS-DG]   proto=0.0000 proto_cos=nan supcon=0.0000 fishr=0.0015 sgc_res=0.0032
[LOSS-CAL]  ecc=0.0000 ecc_w=0.0000 ecc_tau=0.9449 ecc_maxp=nan
[TRAIN] tx=87.74% dom=80.78% cons_cos=0.8092
[GRAD]  total=4.078 backbone=1.000 aux=0.750 domain=0.444
[VAL]   tx=98.86% dom=93.55%
[TEST]  overall_tx=89.07% (181708/204000)
[TEST-SPLIT]
          unseen_day_seen_rx(days=['2021_03_15', '2021_03_23'], rxs=[0, 1, 2, 3, 4, 5, 6]): tx=92.87% (78012/84000)
          seen_day_unseen_rx(days=['2021_03_01', '2021_03_08'], rxs=[7, 8, 9, 10, 11]): tx=88.32% (52991/60000)
          unseen_day_unseen_rx(days=['2021_03_15', '2021_03_23'], rxs=[7, 8, 9, 10, 11]): tx=84.51% (50705/60000)
          day=2021_03_15 on seen_rxs=[0, 1, 2, 3, 4, 5, 6]: tx=95.02% (39909/42000)
          day=2021_03_23 on seen_rxs=[0, 1, 2, 3, 4, 5, 6]: tx=90.72% (38103/42000)
          rx=7 on seen_days=['2021_03_01', '2021_03_08']: tx=83.76% (10051/12000)
          rx=8 on seen_days=['2021_03_01', '2021_03_08']: tx=83.03% (9964/12000)
          rx=9 on seen_days=['2021_03_01', '2021_03_08']: tx=88.69% (10643/12000)
          rx=10 on seen_days=['2021_03_01', '2021_03_08']: tx=92.02% (11042/12000)
          rx=11 on seen_days=['2021_03_01', '2021_03_08']: tx=94.09% (11291/12000)
[BEST-JOINT]  val_tx=98.93% & test_tx=89.61% @ E037
[CKPT]  latest -> finalist_runs/E4_full_sgc_mild_res001/latest_model.pth (saved) | best -> finalist_runs/E4_full_sgc_mild_res001/best_model_val.pth
====================================================================================================================================
[SAT-TEST] scenario=clear_leo selected=test_unseen_day_unseen_rx overall_tx=43.92% strict_udu=43.92% (26350/60000)
[SAT-TEST] scenario=low_elev_leo selected=test_unseen_day_unseen_rx overall_tx=43.81% strict_udu=43.81% (26288/60000)
[SAT-TEST] scenario=rain_leo selected=test_unseen_day_unseen_rx overall_tx=41.45% strict_udu=41.45% (24869/60000)
[SAT-TEST] scenario=storm_mp selected=test_unseen_day_unseen_rx overall_tx=37.18% strict_udu=37.18% (22306/60000)
[SAT-TEST] scenario=mixed_orbit selected=test_unseen_day_unseen_rx overall_tx=39.78% strict_udu=39.78% (23869/60000)
[BEST-TEST] overall=90.54% @ E001 -> finalist_runs/E4_full_sgc_mild_res001/best_model_test_overall.pth | unseen_day_unseen_rx=86.16% @ E006 -> finalist_runs/E4_full_sgc_mild_res001/best_model_strict_udu.pth | unseen_day_seen_rx=93.99% @ E001 | seen_day_unseen_rx=90.37% @ E001
[BEST-PRIMARY] score=87.61 @ E006 -> finalist_runs/E4_full_sgc_mild_res001/best_model_primary_ood.pth | overall=90.30% strict_udu=86.16%
[BEST-WORST-RX] worst_rx=85.95% (test_rx_8) @ E006 -> finalist_runs/E4_full_sgc_mild_res001/best_model_worst_rx.pth
====================================================================================================================================
[Epoch 057/060] time=97.1s | lr=1.30e-06 | aux_scale=1.000
[STAGE] phase=S3_refine_aux | use_aux=1.0 cons=0.85 cls_aux=0.80 reg=0.85 joint_inv=0.25 kl=0.50 group_ce=1.00
[MIXSTYLE-EPOCH] phase=base enabled=1 p=0.150 strength=0.650 anneal_t=0.000
[AUG] scale=0.350 | p_dac=0.000 p_pa=0.049 p_shift=0.122 p_cfo=0.122 p_awgn=0.140 p_mp=0.063 | max_shift=11 cfo_max=0.00014 pn_max=0.0021
------------------------------------------------------------------------------------------------------------------------------------
[LOSS-CORE] total=5.0392 cls=1.8524 dom=0.6779 adv=2.6265 orth=0.0018 cons=0.2066 group_ce=3.0815
[LOSS-AUX]  cls_pa=1.3437 cls_dac=0.0000 pa_joint_inv=0.1885 pa_kl=1.1572 dac_reg=0.0000 pa_reg=0.0168 gap_dac=0.0000 gap_pa=0.1102 cos_joint_pa=0.8115 cos_imp_pa=nan
[LOSS-SAT]  cls_sat=9.3081 sat_cons=0.7167 sat_cos=0.2833
[LOSS-DG]   proto=0.0000 proto_cos=nan supcon=0.0000 fishr=0.0019 sgc_res=0.0032
[LOSS-CAL]  ecc=0.0000 ecc_w=0.0000 ecc_tau=0.9467 ecc_maxp=nan
[TRAIN] tx=84.54% dom=77.47% cons_cos=0.7935
[GRAD]  total=4.604 backbone=1.000 aux=0.750 domain=0.443
[VAL]   tx=98.87% dom=93.55%
[TEST]  overall_tx=89.13% (181832/204000)
[TEST-SPLIT]
          unseen_day_seen_rx(days=['2021_03_15', '2021_03_23'], rxs=[0, 1, 2, 3, 4, 5, 6]): tx=92.88% (78020/84000)
          seen_day_unseen_rx(days=['2021_03_01', '2021_03_08'], rxs=[7, 8, 9, 10, 11]): tx=88.43% (53059/60000)
          unseen_day_unseen_rx(days=['2021_03_15', '2021_03_23'], rxs=[7, 8, 9, 10, 11]): tx=84.59% (50753/60000)
          day=2021_03_15 on seen_rxs=[0, 1, 2, 3, 4, 5, 6]: tx=95.02% (39908/42000)
          day=2021_03_23 on seen_rxs=[0, 1, 2, 3, 4, 5, 6]: tx=90.74% (38112/42000)
          rx=7 on seen_days=['2021_03_01', '2021_03_08']: tx=83.84% (10061/12000)
          rx=8 on seen_days=['2021_03_01', '2021_03_08']: tx=83.31% (9997/12000)
          rx=9 on seen_days=['2021_03_01', '2021_03_08']: tx=88.71% (10645/12000)
          rx=10 on seen_days=['2021_03_01', '2021_03_08']: tx=92.00% (11040/12000)
          rx=11 on seen_days=['2021_03_01', '2021_03_08']: tx=94.30% (11316/12000)
[BEST-JOINT]  val_tx=98.93% & test_tx=89.61% @ E037
[CKPT]  latest -> finalist_runs/E4_full_sgc_mild_res001/latest_model.pth (saved) | best -> finalist_runs/E4_full_sgc_mild_res001/best_model_val.pth
====================================================================================================================================
[SAT-TEST] scenario=clear_leo selected=test_unseen_day_unseen_rx overall_tx=43.88% strict_udu=43.88% (26325/60000)
[SAT-TEST] scenario=low_elev_leo selected=test_unseen_day_unseen_rx overall_tx=43.66% strict_udu=43.66% (26193/60000)
[SAT-TEST] scenario=rain_leo selected=test_unseen_day_unseen_rx overall_tx=41.36% strict_udu=41.36% (24818/60000)
[SAT-TEST] scenario=storm_mp selected=test_unseen_day_unseen_rx overall_tx=37.19% strict_udu=37.19% (22311/60000)
[SAT-TEST] scenario=mixed_orbit selected=test_unseen_day_unseen_rx overall_tx=39.83% strict_udu=39.83% (23899/60000)
[BEST-TEST] overall=90.54% @ E001 -> finalist_runs/E4_full_sgc_mild_res001/best_model_test_overall.pth | unseen_day_unseen_rx=86.16% @ E006 -> finalist_runs/E4_full_sgc_mild_res001/best_model_strict_udu.pth | unseen_day_seen_rx=93.99% @ E001 | seen_day_unseen_rx=90.37% @ E001
[BEST-PRIMARY] score=87.61 @ E006 -> finalist_runs/E4_full_sgc_mild_res001/best_model_primary_ood.pth | overall=90.30% strict_udu=86.16%
[BEST-WORST-RX] worst_rx=85.95% (test_rx_8) @ E006 -> finalist_runs/E4_full_sgc_mild_res001/best_model_worst_rx.pth
====================================================================================================================================
[Epoch 058/060] time=96.9s | lr=1.13e-06 | aux_scale=1.000
[STAGE] phase=S3_refine_aux | use_aux=1.0 cons=0.85 cls_aux=0.81 reg=0.85 joint_inv=0.25 kl=0.50 group_ce=1.00
[MIXSTYLE-EPOCH] phase=base enabled=1 p=0.150 strength=0.650 anneal_t=0.000
[AUG] scale=0.350 | p_dac=0.000 p_pa=0.049 p_shift=0.122 p_cfo=0.122 p_awgn=0.140 p_mp=0.063 | max_shift=11 cfo_max=0.00014 pn_max=0.0021
------------------------------------------------------------------------------------------------------------------------------------
[LOSS-CORE] total=4.2785 cls=1.3422 dom=0.5007 adv=2.6234 orth=0.0021 cons=0.1785 group_ce=2.2704
[LOSS-AUX]  cls_pa=1.3545 cls_dac=0.0000 pa_joint_inv=0.1895 pa_kl=1.1680 dac_reg=0.0000 pa_reg=0.0169 gap_dac=0.0000 gap_pa=0.1102 cos_joint_pa=0.8105 cos_imp_pa=nan
[LOSS-SAT]  cls_sat=9.4076 sat_cons=0.7237 sat_cos=0.2763
[LOSS-DG]   proto=0.0000 proto_cos=nan supcon=0.0000 fishr=0.0013 sgc_res=0.0032
[LOSS-CAL]  ecc=0.0000 ecc_w=0.0000 ecc_tau=0.9482 ecc_maxp=nan
[TRAIN] tx=88.97% dom=82.37% cons_cos=0.8215
[GRAD]  total=4.068 backbone=1.000 aux=0.750 domain=0.440
[VAL]   tx=98.87% dom=93.58%
[TEST]  overall_tx=89.10% (181766/204000)
[TEST-SPLIT]
          unseen_day_seen_rx(days=['2021_03_15', '2021_03_23'], rxs=[0, 1, 2, 3, 4, 5, 6]): tx=92.89% (78031/84000)
          seen_day_unseen_rx(days=['2021_03_01', '2021_03_08'], rxs=[7, 8, 9, 10, 11]): tx=88.36% (53014/60000)
          unseen_day_unseen_rx(days=['2021_03_15', '2021_03_23'], rxs=[7, 8, 9, 10, 11]): tx=84.53% (50721/60000)
          day=2021_03_15 on seen_rxs=[0, 1, 2, 3, 4, 5, 6]: tx=94.99% (39894/42000)
          day=2021_03_23 on seen_rxs=[0, 1, 2, 3, 4, 5, 6]: tx=90.80% (38137/42000)
          rx=7 on seen_days=['2021_03_01', '2021_03_08']: tx=83.83% (10059/12000)
          rx=8 on seen_days=['2021_03_01', '2021_03_08']: tx=83.27% (9992/12000)
          rx=9 on seen_days=['2021_03_01', '2021_03_08']: tx=88.75% (10650/12000)
          rx=10 on seen_days=['2021_03_01', '2021_03_08']: tx=91.91% (11029/12000)
          rx=11 on seen_days=['2021_03_01', '2021_03_08']: tx=94.03% (11284/12000)
[BEST-JOINT]  val_tx=98.93% & test_tx=89.61% @ E037
[CKPT]  latest -> finalist_runs/E4_full_sgc_mild_res001/latest_model.pth (saved) | best -> finalist_runs/E4_full_sgc_mild_res001/best_model_val.pth
====================================================================================================================================
[SAT-TEST] scenario=clear_leo selected=test_unseen_day_unseen_rx overall_tx=43.80% strict_udu=43.80% (26279/60000)
[SAT-TEST] scenario=low_elev_leo selected=test_unseen_day_unseen_rx overall_tx=43.62% strict_udu=43.62% (26169/60000)
[SAT-TEST] scenario=rain_leo selected=test_unseen_day_unseen_rx overall_tx=41.28% strict_udu=41.28% (24771/60000)
[SAT-TEST] scenario=storm_mp selected=test_unseen_day_unseen_rx overall_tx=37.12% strict_udu=37.12% (22272/60000)
[SAT-TEST] scenario=mixed_orbit selected=test_unseen_day_unseen_rx overall_tx=39.75% strict_udu=39.75% (23851/60000)
[BEST-TEST] overall=90.54% @ E001 -> finalist_runs/E4_full_sgc_mild_res001/best_model_test_overall.pth | unseen_day_unseen_rx=86.16% @ E006 -> finalist_runs/E4_full_sgc_mild_res001/best_model_strict_udu.pth | unseen_day_seen_rx=93.99% @ E001 | seen_day_unseen_rx=90.37% @ E001
[BEST-PRIMARY] score=87.61 @ E006 -> finalist_runs/E4_full_sgc_mild_res001/best_model_primary_ood.pth | overall=90.30% strict_udu=86.16%
[BEST-WORST-RX] worst_rx=85.95% (test_rx_8) @ E006 -> finalist_runs/E4_full_sgc_mild_res001/best_model_worst_rx.pth
====================================================================================================================================
[Epoch 059/060] time=93.8s | lr=1.03e-06 | aux_scale=1.000
[STAGE] phase=S3_refine_aux | use_aux=1.0 cons=0.86 cls_aux=0.81 reg=0.86 joint_inv=0.25 kl=0.51 group_ce=1.00
[MIXSTYLE-EPOCH] phase=base enabled=1 p=0.150 strength=0.650 anneal_t=0.000
[AUG] scale=0.350 | p_dac=0.000 p_pa=0.049 p_shift=0.122 p_cfo=0.122 p_awgn=0.140 p_mp=0.063 | max_shift=11 cfo_max=0.00014 pn_max=0.0021
------------------------------------------------------------------------------------------------------------------------------------
[LOSS-CORE] total=4.7784 cls=1.6888 dom=0.5885 adv=2.6327 orth=0.0019 cons=0.1986 group_ce=2.8056
[LOSS-AUX]  cls_pa=1.3911 cls_dac=0.0000 pa_joint_inv=0.1904 pa_kl=1.2010 dac_reg=0.0000 pa_reg=0.0169 gap_dac=0.0000 gap_pa=0.1100 cos_joint_pa=0.8096 cos_imp_pa=nan
[LOSS-SAT]  cls_sat=9.3912 sat_cons=0.7201 sat_cos=0.2799
[LOSS-DG]   proto=0.0000 proto_cos=nan supcon=0.0000 fishr=0.0016 sgc_res=0.0032
[LOSS-CAL]  ecc=0.0000 ecc_w=0.0000 ecc_tau=0.9492 ecc_maxp=nan
[TRAIN] tx=86.20% dom=79.46% cons_cos=0.8014
[GRAD]  total=3.973 backbone=1.000 aux=0.750 domain=0.441
[VAL]   tx=98.87% dom=93.55%
[TEST]  overall_tx=89.07% (181704/204000)
[TEST-SPLIT]
          unseen_day_seen_rx(days=['2021_03_15', '2021_03_23'], rxs=[0, 1, 2, 3, 4, 5, 6]): tx=92.83% (77978/84000)
          seen_day_unseen_rx(days=['2021_03_01', '2021_03_08'], rxs=[7, 8, 9, 10, 11]): tx=88.31% (52985/60000)
          unseen_day_unseen_rx(days=['2021_03_15', '2021_03_23'], rxs=[7, 8, 9, 10, 11]): tx=84.57% (50741/60000)
          day=2021_03_15 on seen_rxs=[0, 1, 2, 3, 4, 5, 6]: tx=95.05% (39923/42000)
          day=2021_03_23 on seen_rxs=[0, 1, 2, 3, 4, 5, 6]: tx=90.61% (38055/42000)
          rx=7 on seen_days=['2021_03_01', '2021_03_08']: tx=83.69% (10043/12000)
          rx=8 on seen_days=['2021_03_01', '2021_03_08']: tx=83.28% (9994/12000)
          rx=9 on seen_days=['2021_03_01', '2021_03_08']: tx=88.77% (10652/12000)
          rx=10 on seen_days=['2021_03_01', '2021_03_08']: tx=91.77% (11012/12000)
          rx=11 on seen_days=['2021_03_01', '2021_03_08']: tx=94.03% (11284/12000)
[BEST-JOINT]  val_tx=98.93% & test_tx=89.61% @ E037
[CKPT]  latest -> finalist_runs/E4_full_sgc_mild_res001/latest_model.pth (saved) | best -> finalist_runs/E4_full_sgc_mild_res001/best_model_val.pth
====================================================================================================================================
[SAT-TEST] scenario=clear_leo selected=test_unseen_day_unseen_rx overall_tx=43.85% strict_udu=43.85% (26313/60000)
[SAT-TEST] scenario=low_elev_leo selected=test_unseen_day_unseen_rx overall_tx=43.75% strict_udu=43.75% (26251/60000)
[SAT-TEST] scenario=rain_leo selected=test_unseen_day_unseen_rx overall_tx=41.41% strict_udu=41.41% (24846/60000)
[SAT-TEST] scenario=storm_mp selected=test_unseen_day_unseen_rx overall_tx=37.18% strict_udu=37.18% (22306/60000)
[SAT-TEST] scenario=mixed_orbit selected=test_unseen_day_unseen_rx overall_tx=39.76% strict_udu=39.76% (23858/60000)
[BEST-TEST] overall=90.54% @ E001 -> finalist_runs/E4_full_sgc_mild_res001/best_model_test_overall.pth | unseen_day_unseen_rx=86.16% @ E006 -> finalist_runs/E4_full_sgc_mild_res001/best_model_strict_udu.pth | unseen_day_seen_rx=93.99% @ E001 | seen_day_unseen_rx=90.37% @ E001
[BEST-PRIMARY] score=87.61 @ E006 -> finalist_runs/E4_full_sgc_mild_res001/best_model_primary_ood.pth | overall=90.30% strict_udu=86.16%
[BEST-WORST-RX] worst_rx=85.95% (test_rx_8) @ E006 -> finalist_runs/E4_full_sgc_mild_res001/best_model_worst_rx.pth
====================================================================================================================================
[Epoch 060/060] time=95.8s | lr=1.00e-06 | aux_scale=1.000
[STAGE] phase=S3_refine_aux | use_aux=1.0 cons=0.86 cls_aux=0.82 reg=0.86 joint_inv=0.25 kl=0.51 group_ce=1.00
[MIXSTYLE-EPOCH] phase=base enabled=1 p=0.150 strength=0.650 anneal_t=0.000
[AUG] scale=0.350 | p_dac=0.000 p_pa=0.049 p_shift=0.122 p_cfo=0.122 p_awgn=0.140 p_mp=0.063 | max_shift=11 cfo_max=0.00014 pn_max=0.0021
------------------------------------------------------------------------------------------------------------------------------------
[LOSS-CORE] total=4.6892 cls=1.6360 dom=0.5695 adv=2.6190 orth=0.0019 cons=0.1945 group_ce=2.7330
[LOSS-AUX]  cls_pa=1.3599 cls_dac=0.0000 pa_joint_inv=0.1909 pa_kl=1.1824 dac_reg=0.0000 pa_reg=0.0167 gap_dac=0.0000 gap_pa=0.1106 cos_joint_pa=0.8091 cos_imp_pa=nan
[LOSS-SAT]  cls_sat=9.3849 sat_cons=0.7184 sat_cos=0.2816
[LOSS-DG]   proto=0.0000 proto_cos=nan supcon=0.0000 fishr=0.0018 sgc_res=0.0032
[LOSS-CAL]  ecc=0.0000 ecc_w=0.0000 ecc_tau=0.9498 ecc_maxp=nan
[TRAIN] tx=86.69% dom=80.05% cons_cos=0.8055
[GRAD]  total=3.808 backbone=1.000 aux=0.750 domain=0.460
[VAL]   tx=98.87% dom=93.55%
[TEST]  overall_tx=89.16% (181878/204000)
[TEST-SPLIT]
          unseen_day_seen_rx(days=['2021_03_15', '2021_03_23'], rxs=[0, 1, 2, 3, 4, 5, 6]): tx=92.87% (78009/84000)
          seen_day_unseen_rx(days=['2021_03_01', '2021_03_08'], rxs=[7, 8, 9, 10, 11]): tx=88.43% (53060/60000)
          unseen_day_unseen_rx(days=['2021_03_15', '2021_03_23'], rxs=[7, 8, 9, 10, 11]): tx=84.68% (50809/60000)
          day=2021_03_15 on seen_rxs=[0, 1, 2, 3, 4, 5, 6]: tx=95.01% (39903/42000)
          day=2021_03_23 on seen_rxs=[0, 1, 2, 3, 4, 5, 6]: tx=90.73% (38106/42000)
          rx=7 on seen_days=['2021_03_01', '2021_03_08']: tx=83.62% (10035/12000)
          rx=8 on seen_days=['2021_03_01', '2021_03_08']: tx=83.46% (10015/12000)
          rx=9 on seen_days=['2021_03_01', '2021_03_08']: tx=88.84% (10661/12000)
          rx=10 on seen_days=['2021_03_01', '2021_03_08']: tx=91.85% (11022/12000)
          rx=11 on seen_days=['2021_03_01', '2021_03_08']: tx=94.39% (11327/12000)
[BEST-JOINT]  val_tx=98.93% & test_tx=89.61% @ E037
[CKPT]  latest -> finalist_runs/E4_full_sgc_mild_res001/latest_model.pth (saved) | best -> finalist_runs/E4_full_sgc_mild_res001/best_model_val.pth
====================================================================================================================================
[SAT-TEST] scenario=clear_leo selected=test_unseen_day_unseen_rx overall_tx=43.76% strict_udu=43.76% (26254/60000)
[SAT-TEST] scenario=low_elev_leo selected=test_unseen_day_unseen_rx overall_tx=43.52% strict_udu=43.52% (26111/60000)
[SAT-TEST] scenario=rain_leo selected=test_unseen_day_unseen_rx overall_tx=41.27% strict_udu=41.27% (24762/60000)
[SAT-TEST] scenario=storm_mp selected=test_unseen_day_unseen_rx overall_tx=37.13% strict_udu=37.13% (22279/60000)
[SAT-TEST] scenario=mixed_orbit selected=test_unseen_day_unseen_rx overall_tx=39.73% strict_udu=39.73% (23839/60000)
[BEST-TEST] overall=90.54% @ E001 -> finalist_runs/E4_full_sgc_mild_res001/best_model_test_overall.pth | unseen_day_unseen_rx=86.16% @ E006 -> finalist_runs/E4_full_sgc_mild_res001/best_model_strict_udu.pth | unseen_day_seen_rx=93.99% @ E001 | seen_day_unseen_rx=90.37% @ E001
[BEST-PRIMARY] score=87.61 @ E006 -> finalist_runs/E4_full_sgc_mild_res001/best_model_primary_ood.pth | overall=90.30% strict_udu=86.16%
[BEST-WORST-RX] worst_rx=85.95% (test_rx_8) @ E006 -> finalist_runs/E4_full_sgc_mild_res001/best_model_worst_rx.pth
Training finished. best_joint_val_tx_acc=98.93% & best_joint_test_tx_acc=89.61% at epoch 37
Training finished. best_test_overall_tx_acc=90.54% at epoch 1 -> finalist_runs/E4_full_sgc_mild_res001/best_model_test_overall.pth
Training finished. best_primary_ood_score=87.61 at epoch 6 -> finalist_runs/E4_full_sgc_mild_res001/best_model_primary_ood.pth
Training finished. best_unseen_day_unseen_rx_tx_acc=86.16% at epoch 6 -> finalist_runs/E4_full_sgc_mild_res001/best_model_strict_udu.pth
Training finished. best_worst_rx_tx_acc=85.95% (test_rx_8) at epoch 6 -> finalist_runs/E4_full_sgc_mild_res001/best_model_worst_rx.pth
Training finished. skipped_backward_batches=9
Final split info: {'mode': 'contiguous_trainval_with_explicit_day_rx_isolation', 'train_days_idx': [0, 1], 'train_days_label': ['2021_03_01', '2021_03_08'], 'test_days_idx': [2, 3], 'test_days_label': ['2021_03_15', '2021_03_23'], 'train_rxs_idx': [0, 1, 2, 3, 4, 5, 6], 'train_rxs_label': ['1-1', '1-19', '14-7', '18-2', '19-2', '2-1', '2-19'], 'test_rxs_idx': [7, 8, 9, 10, 11], 'test_rxs_label': ['20-1', '3-19', '7-14', '7-7', '8-8'], 'train_ratio': 0.2, 'requested_val_ratio': 0.8, 'guard_gap': 8, 'trainval_pool_size': 84000, 'train_size': 16800, 'val_size': 66528, 'effective_train_ratio': 0.2, 'effective_val_ratio': 0.792, 'test_size': 204000, 'dropped_gap_size': 672, 'max_samples_per_combo_day123': None, 'max_samples_per_combo_train': None, 'max_samples_per_combo_val': None, 'max_samples_per_combo_test': None, 'named_test_sizes': {'test_unseen_day_seen_rx': 84000, 'test_day_2': 42000, 'test_day_3': 42000, 'test_seen_day_unseen_rx': 60000, 'test_rx_7': 12000, 'test_rx_8': 12000, 'test_rx_9': 12000, 'test_rx_10': 12000, 'test_rx_11': 12000, 'test_unseen_day_unseen_rx': 60000}}
[FINAL-BEST] val_tx=98.93% | test_overall_tx=89.61%
[FINAL-BEST] unseen_day_seen_rx(days=['2021_03_15', '2021_03_23'], rxs=[0, 1, 2, 3, 4, 5, 6]): tx=93.38% (78440/84000)
[FINAL-BEST] seen_day_unseen_rx(days=['2021_03_01', '2021_03_08'], rxs=[7, 8, 9, 10, 11]): tx=89.20% (53522/60000)
[FINAL-BEST] unseen_day_unseen_rx(days=['2021_03_15', '2021_03_23'], rxs=[7, 8, 9, 10, 11]): tx=84.74% (50842/60000)
[FINAL-BEST] day=2021_03_15 on seen_rxs=[0, 1, 2, 3, 4, 5, 6]: tx=95.53% (40121/42000)
[FINAL-BEST] day=2021_03_23 on seen_rxs=[0, 1, 2, 3, 4, 5, 6]: tx=91.24% (38319/42000)
[FINAL-BEST] rx=7 on seen_days=['2021_03_01', '2021_03_08']: tx=85.31% (10237/12000)
[FINAL-BEST] rx=8 on seen_days=['2021_03_01', '2021_03_08']: tx=83.77% (10052/12000)
[FINAL-BEST] rx=9 on seen_days=['2021_03_01', '2021_03_08']: tx=89.92% (10791/12000)
[FINAL-BEST] rx=10 on seen_days=['2021_03_01', '2021_03_08']: tx=91.64% (10997/12000)
[FINAL-BEST] rx=11 on seen_days=['2021_03_01', '2021_03_08']: tx=95.38% (11445/12000)
[FINAL-BEST] [SAT-TEST] scenario=clear_leo selected=test_unseen_day_unseen_rx overall_tx=44.16% strict_udu=44.16% (26493/60000)
[FINAL-BEST] [SAT-TEST] scenario=low_elev_leo selected=test_unseen_day_unseen_rx overall_tx=43.99% strict_udu=43.99% (26394/60000)
[FINAL-BEST] [SAT-TEST] scenario=rain_leo selected=test_unseen_day_unseen_rx overall_tx=41.70% strict_udu=41.70% (25021/60000)
[FINAL-BEST] [SAT-TEST] scenario=storm_mp selected=test_unseen_day_unseen_rx overall_tx=37.40% strict_udu=37.40% (22438/60000)
[FINAL-BEST] [SAT-TEST] scenario=mixed_orbit selected=test_unseen_day_unseen_rx overall_tx=40.39% strict_udu=40.39% (24235/60000)
[FINAL-PRIMARY] val_tx=98.87% | test_overall_tx=90.30% | strict_udu=86.16% | score=87.61
[FINAL-PRIMARY] unseen_day_seen_rx(days=['2021_03_15', '2021_03_23'], rxs=[0, 1, 2, 3, 4, 5, 6]): tx=93.41% (78467/84000)
[FINAL-PRIMARY] seen_day_unseen_rx(days=['2021_03_01', '2021_03_08'], rxs=[7, 8, 9, 10, 11]): tx=90.09% (54056/60000)
[FINAL-PRIMARY] unseen_day_unseen_rx(days=['2021_03_15', '2021_03_23'], rxs=[7, 8, 9, 10, 11]): tx=86.16% (51695/60000)
[FINAL-PRIMARY] day=2021_03_15 on seen_rxs=[0, 1, 2, 3, 4, 5, 6]: tx=94.99% (39896/42000)
[FINAL-PRIMARY] day=2021_03_23 on seen_rxs=[0, 1, 2, 3, 4, 5, 6]: tx=91.84% (38571/42000)
[FINAL-PRIMARY] rx=7 on seen_days=['2021_03_01', '2021_03_08']: tx=86.72% (10407/12000)
[FINAL-PRIMARY] rx=8 on seen_days=['2021_03_01', '2021_03_08']: tx=85.95% (10314/12000)
[FINAL-PRIMARY] rx=9 on seen_days=['2021_03_01', '2021_03_08']: tx=90.55% (10866/12000)
[FINAL-PRIMARY] rx=10 on seen_days=['2021_03_01', '2021_03_08']: tx=90.22% (10827/12000)
[FINAL-PRIMARY] rx=11 on seen_days=['2021_03_01', '2021_03_08']: tx=97.02% (11642/12000)
[FINAL-PRIMARY] [SAT-TEST] scenario=clear_leo selected=test_unseen_day_unseen_rx overall_tx=43.69% strict_udu=43.69% (26211/60000)
[FINAL-PRIMARY] [SAT-TEST] scenario=low_elev_leo selected=test_unseen_day_unseen_rx overall_tx=42.97% strict_udu=42.97% (25784/60000)
[FINAL-PRIMARY] [SAT-TEST] scenario=rain_leo selected=test_unseen_day_unseen_rx overall_tx=40.85% strict_udu=40.85% (24510/60000)
[FINAL-PRIMARY] [SAT-TEST] scenario=storm_mp selected=test_unseen_day_unseen_rx overall_tx=36.12% strict_udu=36.12% (21675/60000)
[FINAL-PRIMARY] [SAT-TEST] scenario=mixed_orbit selected=test_unseen_day_unseen_rx overall_tx=39.53% strict_udu=39.53% (23721/60000)
