diagnostic,path,k,new_count,metric,parent_count,measured_parent_count,null_parent_count,mean,minimum,maximum
oof,R0,1,0,A_old_accuracy,8,0,8,,,
oof,R0,1,0,B0_old_accuracy,8,0,8,,,
oof,R0,1,0,B_old_accuracy,8,0,8,,,
oof,R0,1,0,C_old_columns_accuracy,8,0,8,,,
oof,R0,1,0,C_old_accuracy,8,0,8,,,
oof,R0,1,0,C_new_accuracy,8,0,8,,,
oof,R0,1,0,C_h,8,0,8,,,
oof,R0,1,0,adaptation_gain_B_minus_A,8,0,8,,,
oof,R0,1,0,support_adaptation_B_minus_B0,8,0,8,,,
oof,R0,1,0,old_order_change,8,0,8,,,
oof,R0,1,0,new_competition_loss,8,0,8,,,
oof,R0,1,0,total_old_accuracy_drop,8,0,8,,,
oof,R0,1,0,C_abs_new_old_gap,8,0,8,,,
oof,R0,1,0,C_new_minus_old,8,0,8,,,
oof,R0,1,0,C_old_minus_R0,8,0,8,,,
oof,R0,1,0,C_new_minus_R0,8,0,8,,,
oof,R0,1,0,old_order_recovery_fraction,8,0,8,,,
oof,R0,1,0,total_recovery_fraction,8,0,8,,,
oof,R0,1,0,old_winner_changed_fraction,8,0,8,,,
oof,R0,1,0,old_displaced_by_new_fraction,8,0,8,,,
oof,R0,1,0,correctness_B_Cold_C_000,8,0,8,,,
oof,R0,1,0,correctness_B_Cold_C_100,8,0,8,,,
oof,R0,1,0,correctness_B_Cold_C_010,8,0,8,,,
oof,R0,1,0,correctness_B_Cold_C_110,8,0,8,,,
oof,R0,1,0,correctness_B_Cold_C_011,8,0,8,,,
oof,R0,1,0,correctness_B_Cold_C_111,8,0,8,,,
oof,R0,1,0,B_old_margin_mean,8,0,8,,,
oof,R0,1,0,B_old_margin_minus_R0,8,0,8,,,
oof,R0,1,0,B_old_winner_changed_from_R0_fraction,8,0,8,,,
oof,R0,1,0,B_old_R0_correct_to_wrong_fraction,8,0,8,,,
oof,R0,1,0,B_old_R0_wrong_to_correct_fraction,8,0,8,,,
oof,R0,1,0,C_old_margin_mean,8,0,8,,,
oof,R0,1,0,C_old_margin_minus_R0,8,0,8,,,
oof,R0,1,0,C_old_winner_changed_from_R0_fraction,8,0,8,,,
oof,R0,1,0,C_old_R0_correct_to_wrong_fraction,8,0,8,,,
oof,R0,1,0,C_old_R0_wrong_to_correct_fraction,8,0,8,,,
oof,R0,1,0,C_new_margin_mean,8,0,8,,,
oof,R0,1,0,C_new_margin_minus_R0,8,0,8,,,
oof,R0,1,0,C_new_winner_changed_from_R0_fraction,8,0,8,,,
oof,R0,1,0,C_new_R0_correct_to_wrong_fraction,8,0,8,,,
oof,R0,1,0,C_new_R0_wrong_to_correct_fraction,8,0,8,,,
oof,R0,1,2,A_old_accuracy,8,0,8,,,
oof,R0,1,2,B0_old_accuracy,8,0,8,,,
oof,R0,1,2,B_old_accuracy,8,0,8,,,
oof,R0,1,2,C_old_columns_accuracy,8,0,8,,,
oof,R0,1,2,C_old_accuracy,8,0,8,,,
oof,R0,1,2,C_new_accuracy,8,0,8,,,
oof,R0,1,2,C_h,8,0,8,,,
oof,R0,1,2,adaptation_gain_B_minus_A,8,0,8,,,
oof,R0,1,2,support_adaptation_B_minus_B0,8,0,8,,,
oof,R0,1,2,old_order_change,8,0,8,,,
oof,R0,1,2,new_competition_loss,8,0,8,,,
oof,R0,1,2,total_old_accuracy_drop,8,0,8,,,
oof,R0,1,2,C_abs_new_old_gap,8,0,8,,,
oof,R0,1,2,C_new_minus_old,8,0,8,,,
oof,R0,1,2,C_old_minus_R0,8,0,8,,,
oof,R0,1,2,C_new_minus_R0,8,0,8,,,
oof,R0,1,2,old_order_recovery_fraction,8,0,8,,,
oof,R0,1,2,total_recovery_fraction,8,0,8,,,
oof,R0,1,2,old_winner_changed_fraction,8,0,8,,,
oof,R0,1,2,old_displaced_by_new_fraction,8,0,8,,,
oof,R0,1,2,correctness_B_Cold_C_000,8,0,8,,,
oof,R0,1,2,correctness_B_Cold_C_100,8,0,8,,,
oof,R0,1,2,correctness_B_Cold_C_010,8,0,8,,,
oof,R0,1,2,correctness_B_Cold_C_110,8,0,8,,,
oof,R0,1,2,correctness_B_Cold_C_011,8,0,8,,,
oof,R0,1,2,correctness_B_Cold_C_111,8,0,8,,,
oof,R0,1,2,B_old_margin_mean,8,0,8,,,
oof,R0,1,2,B_old_margin_minus_R0,8,0,8,,,
oof,R0,1,2,B_old_winner_changed_from_R0_fraction,8,0,8,,,
oof,R0,1,2,B_old_R0_correct_to_wrong_fraction,8,0,8,,,
oof,R0,1,2,B_old_R0_wrong_to_correct_fraction,8,0,8,,,
oof,R0,1,2,C_old_margin_mean,8,0,8,,,
oof,R0,1,2,C_old_margin_minus_R0,8,0,8,,,
oof,R0,1,2,C_old_winner_changed_from_R0_fraction,8,0,8,,,
oof,R0,1,2,C_old_R0_correct_to_wrong_fraction,8,0,8,,,
oof,R0,1,2,C_old_R0_wrong_to_correct_fraction,8,0,8,,,
oof,R0,1,2,C_new_margin_mean,8,0,8,,,
oof,R0,1,2,C_new_margin_minus_R0,8,0,8,,,
oof,R0,1,2,C_new_winner_changed_from_R0_fraction,8,0,8,,,
oof,R0,1,2,C_new_R0_correct_to_wrong_fraction,8,0,8,,,
oof,R0,1,2,C_new_R0_wrong_to_correct_fraction,8,0,8,,,
oof,R0,1,5,A_old_accuracy,8,0,8,,,
oof,R0,1,5,B0_old_accuracy,8,0,8,,,
oof,R0,1,5,B_old_accuracy,8,0,8,,,
oof,R0,1,5,C_old_columns_accuracy,8,0,8,,,
oof,R0,1,5,C_old_accuracy,8,0,8,,,
oof,R0,1,5,C_new_accuracy,8,0,8,,,
oof,R0,1,5,C_h,8,0,8,,,
oof,R0,1,5,adaptation_gain_B_minus_A,8,0,8,,,
oof,R0,1,5,support_adaptation_B_minus_B0,8,0,8,,,
oof,R0,1,5,old_order_change,8,0,8,,,
oof,R0,1,5,new_competition_loss,8,0,8,,,
oof,R0,1,5,total_old_accuracy_drop,8,0,8,,,
oof,R0,1,5,C_abs_new_old_gap,8,0,8,,,
oof,R0,1,5,C_new_minus_old,8,0,8,,,
oof,R0,1,5,C_old_minus_R0,8,0,8,,,
oof,R0,1,5,C_new_minus_R0,8,0,8,,,
oof,R0,1,5,old_order_recovery_fraction,8,0,8,,,
oof,R0,1,5,total_recovery_fraction,8,0,8,,,
oof,R0,1,5,old_winner_changed_fraction,8,0,8,,,
oof,R0,1,5,old_displaced_by_new_fraction,8,0,8,,,
oof,R0,1,5,correctness_B_Cold_C_000,8,0,8,,,
oof,R0,1,5,correctness_B_Cold_C_100,8,0,8,,,
oof,R0,1,5,correctness_B_Cold_C_010,8,0,8,,,
oof,R0,1,5,correctness_B_Cold_C_110,8,0,8,,,
oof,R0,1,5,correctness_B_Cold_C_011,8,0,8,,,
oof,R0,1,5,correctness_B_Cold_C_111,8,0,8,,,
oof,R0,1,5,B_old_margin_mean,8,0,8,,,
oof,R0,1,5,B_old_margin_minus_R0,8,0,8,,,
oof,R0,1,5,B_old_winner_changed_from_R0_fraction,8,0,8,,,
oof,R0,1,5,B_old_R0_correct_to_wrong_fraction,8,0,8,,,
oof,R0,1,5,B_old_R0_wrong_to_correct_fraction,8,0,8,,,
oof,R0,1,5,C_old_margin_mean,8,0,8,,,
oof,R0,1,5,C_old_margin_minus_R0,8,0,8,,,
oof,R0,1,5,C_old_winner_changed_from_R0_fraction,8,0,8,,,
oof,R0,1,5,C_old_R0_correct_to_wrong_fraction,8,0,8,,,
oof,R0,1,5,C_old_R0_wrong_to_correct_fraction,8,0,8,,,
oof,R0,1,5,C_new_margin_mean,8,0,8,,,
oof,R0,1,5,C_new_margin_minus_R0,8,0,8,,,
oof,R0,1,5,C_new_winner_changed_from_R0_fraction,8,0,8,,,
oof,R0,1,5,C_new_R0_correct_to_wrong_fraction,8,0,8,,,
oof,R0,1,5,C_new_R0_wrong_to_correct_fraction,8,0,8,,,
oof,R0,1,10,A_old_accuracy,8,0,8,,,
oof,R0,1,10,B0_old_accuracy,8,0,8,,,
oof,R0,1,10,B_old_accuracy,8,0,8,,,
oof,R0,1,10,C_old_columns_accuracy,8,0,8,,,
oof,R0,1,10,C_old_accuracy,8,0,8,,,
oof,R0,1,10,C_new_accuracy,8,0,8,,,
oof,R0,1,10,C_h,8,0,8,,,
oof,R0,1,10,adaptation_gain_B_minus_A,8,0,8,,,
oof,R0,1,10,support_adaptation_B_minus_B0,8,0,8,,,
oof,R0,1,10,old_order_change,8,0,8,,,
oof,R0,1,10,new_competition_loss,8,0,8,,,
oof,R0,1,10,total_old_accuracy_drop,8,0,8,,,
oof,R0,1,10,C_abs_new_old_gap,8,0,8,,,
oof,R0,1,10,C_new_minus_old,8,0,8,,,
oof,R0,1,10,C_old_minus_R0,8,0,8,,,
oof,R0,1,10,C_new_minus_R0,8,0,8,,,
oof,R0,1,10,old_order_recovery_fraction,8,0,8,,,
oof,R0,1,10,total_recovery_fraction,8,0,8,,,
oof,R0,1,10,old_winner_changed_fraction,8,0,8,,,
oof,R0,1,10,old_displaced_by_new_fraction,8,0,8,,,
oof,R0,1,10,correctness_B_Cold_C_000,8,0,8,,,
oof,R0,1,10,correctness_B_Cold_C_100,8,0,8,,,
oof,R0,1,10,correctness_B_Cold_C_010,8,0,8,,,
oof,R0,1,10,correctness_B_Cold_C_110,8,0,8,,,
oof,R0,1,10,correctness_B_Cold_C_011,8,0,8,,,
oof,R0,1,10,correctness_B_Cold_C_111,8,0,8,,,
oof,R0,1,10,B_old_margin_mean,8,0,8,,,
oof,R0,1,10,B_old_margin_minus_R0,8,0,8,,,
oof,R0,1,10,B_old_winner_changed_from_R0_fraction,8,0,8,,,
oof,R0,1,10,B_old_R0_correct_to_wrong_fraction,8,0,8,,,
oof,R0,1,10,B_old_R0_wrong_to_correct_fraction,8,0,8,,,
oof,R0,1,10,C_old_margin_mean,8,0,8,,,
oof,R0,1,10,C_old_margin_minus_R0,8,0,8,,,
oof,R0,1,10,C_old_winner_changed_from_R0_fraction,8,0,8,,,
oof,R0,1,10,C_old_R0_correct_to_wrong_fraction,8,0,8,,,
oof,R0,1,10,C_old_R0_wrong_to_correct_fraction,8,0,8,,,
oof,R0,1,10,C_new_margin_mean,8,0,8,,,
oof,R0,1,10,C_new_margin_minus_R0,8,0,8,,,
oof,R0,1,10,C_new_winner_changed_from_R0_fraction,8,0,8,,,
oof,R0,1,10,C_new_R0_correct_to_wrong_fraction,8,0,8,,,
oof,R0,1,10,C_new_R0_wrong_to_correct_fraction,8,0,8,,,
oof,R0,1,20,A_old_accuracy,8,0,8,,,
oof,R0,1,20,B0_old_accuracy,8,0,8,,,
oof,R0,1,20,B_old_accuracy,8,0,8,,,
oof,R0,1,20,C_old_columns_accuracy,8,0,8,,,
oof,R0,1,20,C_old_accuracy,8,0,8,,,
oof,R0,1,20,C_new_accuracy,8,0,8,,,
oof,R0,1,20,C_h,8,0,8,,,
oof,R0,1,20,adaptation_gain_B_minus_A,8,0,8,,,
oof,R0,1,20,support_adaptation_B_minus_B0,8,0,8,,,
oof,R0,1,20,old_order_change,8,0,8,,,
oof,R0,1,20,new_competition_loss,8,0,8,,,
oof,R0,1,20,total_old_accuracy_drop,8,0,8,,,
oof,R0,1,20,C_abs_new_old_gap,8,0,8,,,
oof,R0,1,20,C_new_minus_old,8,0,8,,,
oof,R0,1,20,C_old_minus_R0,8,0,8,,,
oof,R0,1,20,C_new_minus_R0,8,0,8,,,
oof,R0,1,20,old_order_recovery_fraction,8,0,8,,,
oof,R0,1,20,total_recovery_fraction,8,0,8,,,
oof,R0,1,20,old_winner_changed_fraction,8,0,8,,,
oof,R0,1,20,old_displaced_by_new_fraction,8,0,8,,,
oof,R0,1,20,correctness_B_Cold_C_000,8,0,8,,,
oof,R0,1,20,correctness_B_Cold_C_100,8,0,8,,,
oof,R0,1,20,correctness_B_Cold_C_010,8,0,8,,,
oof,R0,1,20,correctness_B_Cold_C_110,8,0,8,,,
oof,R0,1,20,correctness_B_Cold_C_011,8,0,8,,,
oof,R0,1,20,correctness_B_Cold_C_111,8,0,8,,,
oof,R0,1,20,B_old_margin_mean,8,0,8,,,
oof,R0,1,20,B_old_margin_minus_R0,8,0,8,,,
oof,R0,1,20,B_old_winner_changed_from_R0_fraction,8,0,8,,,
oof,R0,1,20,B_old_R0_correct_to_wrong_fraction,8,0,8,,,
oof,R0,1,20,B_old_R0_wrong_to_correct_fraction,8,0,8,,,
oof,R0,1,20,C_old_margin_mean,8,0,8,,,
oof,R0,1,20,C_old_margin_minus_R0,8,0,8,,,
oof,R0,1,20,C_old_winner_changed_from_R0_fraction,8,0,8,,,
oof,R0,1,20,C_old_R0_correct_to_wrong_fraction,8,0,8,,,
oof,R0,1,20,C_old_R0_wrong_to_correct_fraction,8,0,8,,,
oof,R0,1,20,C_new_margin_mean,8,0,8,,,
oof,R0,1,20,C_new_margin_minus_R0,8,0,8,,,
oof,R0,1,20,C_new_winner_changed_from_R0_fraction,8,0,8,,,
oof,R0,1,20,C_new_R0_correct_to_wrong_fraction,8,0,8,,,
oof,R0,1,20,C_new_R0_wrong_to_correct_fraction,8,0,8,,,
oof,R0,5,0,A_old_accuracy,8,0,8,,,
oof,R0,5,0,B0_old_accuracy,8,8,0,0.6333333333333333,0.3333333333333333,0.9333333333333333
oof,R0,5,0,B_old_accuracy,8,8,0,0.6333333333333333,0.3333333333333333,0.9333333333333333
oof,R0,5,0,C_old_columns_accuracy,8,8,0,0.6333333333333333,0.3333333333333333,0.9333333333333333
oof,R0,5,0,C_old_accuracy,8,8,0,0.6333333333333333,0.3333333333333333,0.9333333333333333
oof,R0,5,0,C_new_accuracy,8,0,8,,,
oof,R0,5,0,C_h,8,0,8,,,
oof,R0,5,0,adaptation_gain_B_minus_A,8,0,8,,,
oof,R0,5,0,support_adaptation_B_minus_B0,8,8,0,0.0,0.0,0.0
oof,R0,5,0,old_order_change,8,8,0,0.0,0.0,0.0
oof,R0,5,0,new_competition_loss,8,8,0,0.0,0.0,0.0
oof,R0,5,0,total_old_accuracy_drop,8,8,0,0.0,0.0,0.0
oof,R0,5,0,C_abs_new_old_gap,8,0,8,,,
oof,R0,5,0,C_new_minus_old,8,0,8,,,
oof,R0,5,0,C_old_minus_R0,8,8,0,0.0,0.0,0.0
oof,R0,5,0,C_new_minus_R0,8,0,8,,,
oof,R0,5,0,old_order_recovery_fraction,8,8,0,0.0,0.0,0.0
oof,R0,5,0,total_recovery_fraction,8,8,0,0.0,0.0,0.0
oof,R0,5,0,old_winner_changed_fraction,8,8,0,0.0,0.0,0.0
oof,R0,5,0,old_displaced_by_new_fraction,8,8,0,0.0,0.0,0.0
oof,R0,5,0,correctness_B_Cold_C_000,8,8,0,0.3666666666666667,0.06666666666666667,0.6666666666666666
oof,R0,5,0,correctness_B_Cold_C_100,8,8,0,0.0,0.0,0.0
oof,R0,5,0,correctness_B_Cold_C_010,8,8,0,0.0,0.0,0.0
oof,R0,5,0,correctness_B_Cold_C_110,8,8,0,0.0,0.0,0.0
oof,R0,5,0,correctness_B_Cold_C_011,8,8,0,0.0,0.0,0.0
oof,R0,5,0,correctness_B_Cold_C_111,8,8,0,0.6333333333333333,0.3333333333333333,0.9333333333333333
oof,R0,5,0,B_old_margin_mean,8,8,0,0.13884437637881825,-0.038228621441090155,0.38019725839348567
oof,R0,5,0,B_old_margin_minus_R0,8,8,0,0.0,0.0,0.0
oof,R0,5,0,B_old_winner_changed_from_R0_fraction,8,8,0,0.0,0.0,0.0
oof,R0,5,0,B_old_R0_correct_to_wrong_fraction,8,8,0,0.0,0.0,0.0
oof,R0,5,0,B_old_R0_wrong_to_correct_fraction,8,8,0,0.0,0.0,0.0
oof,R0,5,0,C_old_margin_mean,8,8,0,0.13884437637881825,-0.038228621441090155,0.38019725839348567
oof,R0,5,0,C_old_margin_minus_R0,8,8,0,0.0,0.0,0.0
oof,R0,5,0,C_old_winner_changed_from_R0_fraction,8,8,0,0.0,0.0,0.0
oof,R0,5,0,C_old_R0_correct_to_wrong_fraction,8,8,0,0.0,0.0,0.0
oof,R0,5,0,C_old_R0_wrong_to_correct_fraction,8,8,0,0.0,0.0,0.0
oof,R0,5,0,C_new_margin_mean,8,0,8,,,
oof,R0,5,0,C_new_margin_minus_R0,8,0,8,,,
oof,R0,5,0,C_new_winner_changed_from_R0_fraction,8,0,8,,,
oof,R0,5,0,C_new_R0_correct_to_wrong_fraction,8,0,8,,,
oof,R0,5,0,C_new_R0_wrong_to_correct_fraction,8,0,8,,,
oof,R0,5,2,A_old_accuracy,8,0,8,,,
oof,R0,5,2,B0_old_accuracy,8,8,0,0.6333333333333333,0.3333333333333333,0.9333333333333333
oof,R0,5,2,B_old_accuracy,8,8,0,0.6333333333333333,0.3333333333333333,0.9333333333333333
oof,R0,5,2,C_old_columns_accuracy,8,8,0,0.6333333333333333,0.3333333333333333,0.9333333333333333
oof,R0,5,2,C_old_accuracy,8,8,0,0.6124999999999999,0.26666666666666666,0.9333333333333333
oof,R0,5,2,C_new_accuracy,8,8,0,0.5,0.2,0.9
oof,R0,5,2,C_h,8,8,0,0.535219412916297,0.24,0.9
oof,R0,5,2,adaptation_gain_B_minus_A,8,0,8,,,
oof,R0,5,2,support_adaptation_B_minus_B0,8,8,0,0.0,0.0,0.0
oof,R0,5,2,old_order_change,8,8,0,0.0,0.0,0.0
oof,R0,5,2,new_competition_loss,8,8,0,0.020833333333333332,0.0,0.06666666666666667
oof,R0,5,2,total_old_accuracy_drop,8,8,0,0.020833333333333332,0.0,0.06666666666666667
oof,R0,5,2,C_abs_new_old_gap,8,8,0,0.17083333333333336,0.0,0.43333333333333335
oof,R0,5,2,C_new_minus_old,8,8,0,-0.11249999999999999,-0.43333333333333335,0.16666666666666669
oof,R0,5,2,C_old_minus_R0,8,8,0,0.0,0.0,0.0
oof,R0,5,2,C_new_minus_R0,8,8,0,0.0,0.0,0.0
oof,R0,5,2,old_order_recovery_fraction,8,8,0,0.0,0.0,0.0
oof,R0,5,2,total_recovery_fraction,8,8,0,0.0,0.0,0.0
oof,R0,5,2,old_winner_changed_fraction,8,8,0,0.016666666666666666,0.0,0.03333333333333333
oof,R0,5,2,old_displaced_by_new_fraction,8,8,0,0.07083333333333333,0.0,0.2
oof,R0,5,2,correctness_B_Cold_C_000,8,8,0,0.3666666666666667,0.06666666666666667,0.6666666666666666
oof,R0,5,2,correctness_B_Cold_C_100,8,8,0,0.0,0.0,0.0
oof,R0,5,2,correctness_B_Cold_C_010,8,8,0,0.0,0.0,0.0
oof,R0,5,2,correctness_B_Cold_C_110,8,8,0,0.020833333333333332,0.0,0.06666666666666667
oof,R0,5,2,correctness_B_Cold_C_011,8,8,0,0.0,0.0,0.0
oof,R0,5,2,correctness_B_Cold_C_111,8,8,0,0.6124999999999999,0.26666666666666666,0.9333333333333333
oof,R0,5,2,B_old_margin_mean,8,8,0,0.13884437637881825,-0.038228621441090155,0.38019725839348567
oof,R0,5,2,B_old_margin_minus_R0,8,8,0,0.0,0.0,0.0
oof,R0,5,2,B_old_winner_changed_from_R0_fraction,8,8,0,0.0,0.0,0.0
oof,R0,5,2,B_old_R0_correct_to_wrong_fraction,8,8,0,0.0,0.0,0.0
oof,R0,5,2,B_old_R0_wrong_to_correct_fraction,8,8,0,0.0,0.0,0.0
oof,R0,5,2,C_old_margin_mean,8,8,0,0.11588802612324446,-0.042695702076146494,0.3352986314430438
oof,R0,5,2,C_old_margin_minus_R0,8,8,0,0.0,0.0,0.0
oof,R0,5,2,C_old_winner_changed_from_R0_fraction,8,8,0,0.0,0.0,0.0
oof,R0,5,2,C_old_R0_correct_to_wrong_fraction,8,8,0,0.0,0.0,0.0
oof,R0,5,2,C_old_R0_wrong_to_correct_fraction,8,8,0,0.0,0.0,0.0
oof,R0,5,2,C_new_margin_mean,8,8,0,0.04166167197282125,-0.059350928165396645,0.2364411459922981
oof,R0,5,2,C_new_margin_minus_R0,8,8,0,0.0,0.0,0.0
oof,R0,5,2,C_new_winner_changed_from_R0_fraction,8,8,0,0.0,0.0,0.0
oof,R0,5,2,C_new_R0_correct_to_wrong_fraction,8,8,0,0.0,0.0,0.0
oof,R0,5,2,C_new_R0_wrong_to_correct_fraction,8,8,0,0.0,0.0,0.0
oof,R0,5,5,A_old_accuracy,8,0,8,,,
oof,R0,5,5,B0_old_accuracy,8,8,0,0.6333333333333333,0.3333333333333333,0.9333333333333333
oof,R0,5,5,B_old_accuracy,8,8,0,0.6333333333333333,0.3333333333333333,0.9333333333333333
oof,R0,5,5,C_old_columns_accuracy,8,8,0,0.625,0.3,0.9333333333333333
oof,R0,5,5,C_old_accuracy,8,8,0,0.5458333333333333,0.23333333333333334,0.8666666666666667
oof,R0,5,5,C_new_accuracy,8,8,0,0.5,0.16,0.92
oof,R0,5,5,C_h,8,8,0,0.5191790612430945,0.1898305084745763,0.8745247148288974
oof,R0,5,5,adaptation_gain_B_minus_A,8,0,8,,,
oof,R0,5,5,support_adaptation_B_minus_B0,8,8,0,0.0,0.0,0.0
oof,R0,5,5,old_order_change,8,8,0,0.008333333333333333,0.0,0.03333333333333333
oof,R0,5,5,new_competition_loss,8,8,0,0.07916666666666666,0.06666666666666667,0.1
oof,R0,5,5,total_old_accuracy_drop,8,8,0,0.0875,0.06666666666666667,0.1
oof,R0,5,5,C_abs_new_old_gap,8,8,0,0.07083333333333333,0.006666666666666599,0.18666666666666665
oof,R0,5,5,C_new_minus_old,8,8,0,-0.045833333333333344,-0.18666666666666665,0.08666666666666667
oof,R0,5,5,C_old_minus_R0,8,8,0,0.0,0.0,0.0
oof,R0,5,5,C_new_minus_R0,8,8,0,0.0,0.0,0.0
oof,R0,5,5,old_order_recovery_fraction,8,8,0,0.0,0.0,0.0
oof,R0,5,5,total_recovery_fraction,8,8,0,0.0,0.0,0.0
oof,R0,5,5,old_winner_changed_fraction,8,8,0,0.037500000000000006,0.0,0.1
oof,R0,5,5,old_displaced_by_new_fraction,8,8,0,0.1875,0.06666666666666667,0.3333333333333333
oof,R0,5,5,correctness_B_Cold_C_000,8,8,0,0.3666666666666667,0.06666666666666667,0.6666666666666666
oof,R0,5,5,correctness_B_Cold_C_100,8,8,0,0.008333333333333333,0.0,0.03333333333333333
oof,R0,5,5,correctness_B_Cold_C_010,8,8,0,0.0,0.0,0.0
oof,R0,5,5,correctness_B_Cold_C_110,8,8,0,0.07916666666666666,0.06666666666666667,0.1
oof,R0,5,5,correctness_B_Cold_C_011,8,8,0,0.0,0.0,0.0
oof,R0,5,5,correctness_B_Cold_C_111,8,8,0,0.5458333333333333,0.23333333333333334,0.8666666666666667
oof,R0,5,5,B_old_margin_mean,8,8,0,0.13884437637881825,-0.038228621441090155,0.38019725839348567
oof,R0,5,5,B_old_margin_minus_R0,8,8,0,0.0,0.0,0.0
oof,R0,5,5,B_old_winner_changed_from_R0_fraction,8,8,0,0.0,0.0,0.0
oof,R0,5,5,B_old_R0_correct_to_wrong_fraction,8,8,0,0.0,0.0,0.0
oof,R0,5,5,B_old_R0_wrong_to_correct_fraction,8,8,0,0.0,0.0,0.0
oof,R0,5,5,C_old_margin_mean,8,8,0,0.08897991573862839,-0.04723953068217446,0.27187100021426097
oof,R0,5,5,C_old_margin_minus_R0,8,8,0,0.0,0.0,0.0
oof,R0,5,5,C_old_winner_changed_from_R0_fraction,8,8,0,0.0,0.0,0.0
oof,R0,5,5,C_old_R0_correct_to_wrong_fraction,8,8,0,0.0,0.0,0.0
oof,R0,5,5,C_old_R0_wrong_to_correct_fraction,8,8,0,0.0,0.0,0.0
oof,R0,5,5,C_new_margin_mean,8,8,0,0.056750613031035145,-0.06698181895352658,0.21798140000582553
oof,R0,5,5,C_new_margin_minus_R0,8,8,0,0.0,0.0,0.0
oof,R0,5,5,C_new_winner_changed_from_R0_fraction,8,8,0,0.0,0.0,0.0
oof,R0,5,5,C_new_R0_correct_to_wrong_fraction,8,8,0,0.0,0.0,0.0
oof,R0,5,5,C_new_R0_wrong_to_correct_fraction,8,8,0,0.0,0.0,0.0
oof,R0,5,10,A_old_accuracy,8,0,8,,,
oof,R0,5,10,B0_old_accuracy,8,8,0,0.6333333333333333,0.3333333333333333,0.9333333333333333
oof,R0,5,10,B_old_accuracy,8,8,0,0.6333333333333333,0.3333333333333333,0.9333333333333333
oof,R0,5,10,C_old_columns_accuracy,8,8,0,0.6375,0.3333333333333333,0.9333333333333333
oof,R0,5,10,C_old_accuracy,8,8,0,0.5333333333333334,0.2,0.8666666666666667
oof,R0,5,10,C_new_accuracy,8,8,0,0.4825,0.14,0.84
oof,R0,5,10,C_h,8,8,0,0.5036107198431325,0.1647058823529412,0.853125
oof,R0,5,10,adaptation_gain_B_minus_A,8,0,8,,,
oof,R0,5,10,support_adaptation_B_minus_B0,8,8,0,0.0,0.0,0.0
oof,R0,5,10,old_order_change,8,8,0,-0.004166666666666667,-0.03333333333333333,0.03333333333333333
oof,R0,5,10,new_competition_loss,8,8,0,0.10416666666666666,0.06666666666666667,0.13333333333333333
oof,R0,5,10,total_old_accuracy_drop,8,8,0,0.09999999999999999,0.06666666666666667,0.16666666666666666
oof,R0,5,10,C_abs_new_old_gap,8,8,0,0.08083333333333337,0.026666666666666727,0.19333333333333336
oof,R0,5,10,C_new_minus_old,8,8,0,-0.05083333333333335,-0.19333333333333336,0.07333333333333336
oof,R0,5,10,C_old_minus_R0,8,8,0,0.0,0.0,0.0
oof,R0,5,10,C_new_minus_R0,8,8,0,0.0,0.0,0.0
oof,R0,5,10,old_order_recovery_fraction,8,8,0,0.008333333333333333,0.0,0.03333333333333333
oof,R0,5,10,total_recovery_fraction,8,8,0,0.0,0.0,0.0
oof,R0,5,10,old_winner_changed_fraction,8,8,0,0.03333333333333333,0.0,0.1
oof,R0,5,10,old_displaced_by_new_fraction,8,8,0,0.25833333333333336,0.1,0.5
oof,R0,5,10,correctness_B_Cold_C_000,8,8,0,0.3583333333333333,0.06666666666666667,0.6666666666666666
oof,R0,5,10,correctness_B_Cold_C_100,8,8,0,0.004166666666666667,0.0,0.03333333333333333
oof,R0,5,10,correctness_B_Cold_C_010,8,8,0,0.008333333333333333,0.0,0.03333333333333333
oof,R0,5,10,correctness_B_Cold_C_110,8,8,0,0.09583333333333333,0.06666666666666667,0.13333333333333333
oof,R0,5,10,correctness_B_Cold_C_011,8,8,0,0.0,0.0,0.0
oof,R0,5,10,correctness_B_Cold_C_111,8,8,0,0.5333333333333334,0.2,0.8666666666666667
oof,R0,5,10,B_old_margin_mean,8,8,0,0.13884437637881825,-0.038228621441090155,0.38019725839348567
oof,R0,5,10,B_old_margin_minus_R0,8,8,0,0.0,0.0,0.0
oof,R0,5,10,B_old_winner_changed_from_R0_fraction,8,8,0,0.0,0.0,0.0
oof,R0,5,10,B_old_R0_correct_to_wrong_fraction,8,8,0,0.0,0.0,0.0
oof,R0,5,10,B_old_R0_wrong_to_correct_fraction,8,8,0,0.0,0.0,0.0
oof,R0,5,10,C_old_margin_mean,8,8,0,0.07800064918496881,-0.05095675527830031,0.26019896969449147
oof,R0,5,10,C_old_margin_minus_R0,8,8,0,0.0,0.0,0.0
oof,R0,5,10,C_old_winner_changed_from_R0_fraction,8,8,0,0.0,0.0,0.0
oof,R0,5,10,C_old_R0_correct_to_wrong_fraction,8,8,0,0.0,0.0,0.0
oof,R0,5,10,C_old_R0_wrong_to_correct_fraction,8,8,0,0.0,0.0,0.0
oof,R0,5,10,C_new_margin_mean,8,8,0,0.05402690758180531,-0.0568085277861028,0.1769622364668162
oof,R0,5,10,C_new_margin_minus_R0,8,8,0,0.0,0.0,0.0
oof,R0,5,10,C_new_winner_changed_from_R0_fraction,8,8,0,0.0,0.0,0.0
oof,R0,5,10,C_new_R0_correct_to_wrong_fraction,8,8,0,0.0,0.0,0.0
oof,R0,5,10,C_new_R0_wrong_to_correct_fraction,8,8,0,0.0,0.0,0.0
oof,R0,5,20,A_old_accuracy,8,0,8,,,
oof,R0,5,20,B0_old_accuracy,8,8,0,0.6333333333333333,0.3333333333333333,0.9333333333333333
oof,R0,5,20,B_old_accuracy,8,8,0,0.6333333333333333,0.3333333333333333,0.9333333333333333
oof,R0,5,20,C_old_columns_accuracy,8,8,0,0.6375,0.3,0.9333333333333333
oof,R0,5,20,C_old_accuracy,8,8,0,0.4875,0.13333333333333333,0.8333333333333334
oof,R0,5,20,C_new_accuracy,8,8,0,0.46249999999999997,0.2,0.79
oof,R0,5,20,C_h,8,8,0,0.465387038911137,0.16,0.7949685534591197
oof,R0,5,20,adaptation_gain_B_minus_A,8,0,8,,,
oof,R0,5,20,support_adaptation_B_minus_B0,8,8,0,0.0,0.0,0.0
oof,R0,5,20,old_order_change,8,8,0,-0.004166666666666668,-0.06666666666666667,0.03333333333333333
oof,R0,5,20,new_competition_loss,8,8,0,0.15,0.1,0.26666666666666666
oof,R0,5,20,total_old_accuracy_drop,8,8,0,0.14583333333333331,0.1,0.2
oof,R0,5,20,C_abs_new_old_gap,8,8,0,0.10500000000000002,0.010000000000000009,0.2333333333333334
oof,R0,5,20,C_new_minus_old,8,8,0,-0.025000000000000012,-0.2333333333333334,0.13333333333333333
oof,R0,5,20,C_old_minus_R0,8,8,0,0.0,0.0,0.0
oof,R0,5,20,C_new_minus_R0,8,8,0,0.0,0.0,0.0
oof,R0,5,20,old_order_recovery_fraction,8,8,0,0.0125,0.0,0.06666666666666667
oof,R0,5,20,total_recovery_fraction,8,8,0,0.0,0.0,0.0
oof,R0,5,20,old_winner_changed_fraction,8,8,0,0.05416666666666667,0.0,0.13333333333333333
oof,R0,5,20,old_displaced_by_new_fraction,8,8,0,0.3458333333333333,0.13333333333333333,0.5666666666666667
oof,R0,5,20,correctness_B_Cold_C_000,8,8,0,0.35416666666666663,0.06666666666666667,0.6666666666666666
oof,R0,5,20,correctness_B_Cold_C_100,8,8,0,0.008333333333333333,0.0,0.03333333333333333
oof,R0,5,20,correctness_B_Cold_C_010,8,8,0,0.0125,0.0,0.06666666666666667
oof,R0,5,20,correctness_B_Cold_C_110,8,8,0,0.13749999999999998,0.1,0.2
oof,R0,5,20,correctness_B_Cold_C_011,8,8,0,0.0,0.0,0.0
oof,R0,5,20,correctness_B_Cold_C_111,8,8,0,0.4875,0.13333333333333333,0.8333333333333334
oof,R0,5,20,B_old_margin_mean,8,8,0,0.13884437637881825,-0.038228621441090155,0.38019725839348567
oof,R0,5,20,B_old_margin_minus_R0,8,8,0,0.0,0.0,0.0
oof,R0,5,20,B_old_winner_changed_from_R0_fraction,8,8,0,0.0,0.0,0.0
oof,R0,5,20,B_old_R0_correct_to_wrong_fraction,8,8,0,0.0,0.0,0.0
oof,R0,5,20,B_old_R0_wrong_to_correct_fraction,8,8,0,0.0,0.0,0.0
oof,R0,5,20,C_old_margin_mean,8,8,0,0.06609061315371394,-0.059691699625405624,0.24338877588736407
oof,R0,5,20,C_old_margin_minus_R0,8,8,0,0.0,0.0,0.0
oof,R0,5,20,C_old_winner_changed_from_R0_fraction,8,8,0,0.0,0.0,0.0
oof,R0,5,20,C_old_R0_correct_to_wrong_fraction,8,8,0,0.0,0.0,0.0
oof,R0,5,20,C_old_R0_wrong_to_correct_fraction,8,8,0,0.0,0.0,0.0
oof,R0,5,20,C_new_margin_mean,8,8,0,0.03544171063574327,-0.04672543555100498,0.11746493368444196
oof,R0,5,20,C_new_margin_minus_R0,8,8,0,0.0,0.0,0.0
oof,R0,5,20,C_new_winner_changed_from_R0_fraction,8,8,0,0.0,0.0,0.0
oof,R0,5,20,C_new_R0_correct_to_wrong_fraction,8,8,0,0.0,0.0,0.0
oof,R0,5,20,C_new_R0_wrong_to_correct_fraction,8,8,0,0.0,0.0,0.0
oof,R0,10,0,A_old_accuracy,8,0,8,,,
oof,R0,10,0,B0_old_accuracy,8,8,0,0.7354166666666667,0.45,0.9833333333333333
oof,R0,10,0,B_old_accuracy,8,8,0,0.7354166666666667,0.45,0.9833333333333333
oof,R0,10,0,C_old_columns_accuracy,8,8,0,0.7354166666666667,0.45,0.9833333333333333
oof,R0,10,0,C_old_accuracy,8,8,0,0.7354166666666667,0.45,0.9833333333333333
oof,R0,10,0,C_new_accuracy,8,0,8,,,
oof,R0,10,0,C_h,8,0,8,,,
oof,R0,10,0,adaptation_gain_B_minus_A,8,0,8,,,
oof,R0,10,0,support_adaptation_B_minus_B0,8,8,0,0.0,0.0,0.0
oof,R0,10,0,old_order_change,8,8,0,0.0,0.0,0.0
oof,R0,10,0,new_competition_loss,8,8,0,0.0,0.0,0.0
oof,R0,10,0,total_old_accuracy_drop,8,8,0,0.0,0.0,0.0
oof,R0,10,0,C_abs_new_old_gap,8,0,8,,,
oof,R0,10,0,C_new_minus_old,8,0,8,,,
oof,R0,10,0,C_old_minus_R0,8,8,0,0.0,0.0,0.0
oof,R0,10,0,C_new_minus_R0,8,0,8,,,
oof,R0,10,0,old_order_recovery_fraction,8,8,0,0.0,0.0,0.0
oof,R0,10,0,total_recovery_fraction,8,8,0,0.0,0.0,0.0
oof,R0,10,0,old_winner_changed_fraction,8,8,0,0.0,0.0,0.0
oof,R0,10,0,old_displaced_by_new_fraction,8,8,0,0.0,0.0,0.0
oof,R0,10,0,correctness_B_Cold_C_000,8,8,0,0.26458333333333334,0.016666666666666666,0.55
oof,R0,10,0,correctness_B_Cold_C_100,8,8,0,0.0,0.0,0.0
oof,R0,10,0,correctness_B_Cold_C_010,8,8,0,0.0,0.0,0.0
oof,R0,10,0,correctness_B_Cold_C_110,8,8,0,0.0,0.0,0.0
oof,R0,10,0,correctness_B_Cold_C_011,8,8,0,0.0,0.0,0.0
oof,R0,10,0,correctness_B_Cold_C_111,8,8,0,0.7354166666666667,0.45,0.9833333333333333
oof,R0,10,0,B_old_margin_mean,8,8,0,0.2819369504181127,0.020779342299605163,0.5675934883136503
oof,R0,10,0,B_old_margin_minus_R0,8,8,0,0.0,0.0,0.0
oof,R0,10,0,B_old_winner_changed_from_R0_fraction,8,8,0,0.0,0.0,0.0
oof,R0,10,0,B_old_R0_correct_to_wrong_fraction,8,8,0,0.0,0.0,0.0
oof,R0,10,0,B_old_R0_wrong_to_correct_fraction,8,8,0,0.0,0.0,0.0
oof,R0,10,0,C_old_margin_mean,8,8,0,0.2819369504181127,0.020779342299605163,0.5675934883136503
oof,R0,10,0,C_old_margin_minus_R0,8,8,0,0.0,0.0,0.0
oof,R0,10,0,C_old_winner_changed_from_R0_fraction,8,8,0,0.0,0.0,0.0
oof,R0,10,0,C_old_R0_correct_to_wrong_fraction,8,8,0,0.0,0.0,0.0
oof,R0,10,0,C_old_R0_wrong_to_correct_fraction,8,8,0,0.0,0.0,0.0
oof,R0,10,0,C_new_margin_mean,8,0,8,,,
oof,R0,10,0,C_new_margin_minus_R0,8,0,8,,,
oof,R0,10,0,C_new_winner_changed_from_R0_fraction,8,0,8,,,
oof,R0,10,0,C_new_R0_correct_to_wrong_fraction,8,0,8,,,
oof,R0,10,0,C_new_R0_wrong_to_correct_fraction,8,0,8,,,
oof,R0,10,2,A_old_accuracy,8,0,8,,,
oof,R0,10,2,B0_old_accuracy,8,8,0,0.7354166666666667,0.45,0.9833333333333333
oof,R0,10,2,B_old_accuracy,8,8,0,0.7354166666666667,0.45,0.9833333333333333
oof,R0,10,2,C_old_columns_accuracy,8,8,0,0.7395833333333334,0.4666666666666667,0.9833333333333333
oof,R0,10,2,C_old_accuracy,8,8,0,0.7166666666666667,0.43333333333333335,0.9833333333333333
oof,R0,10,2,C_new_accuracy,8,8,0,0.51875,0.25,0.8
oof,R0,10,2,C_h,8,8,0,0.594512898630021,0.32142857142857145,0.8822429906542056
oof,R0,10,2,adaptation_gain_B_minus_A,8,0,8,,,
oof,R0,10,2,support_adaptation_B_minus_B0,8,8,0,0.0,0.0,0.0
oof,R0,10,2,old_order_change,8,8,0,-0.0041666666666666675,-0.03333333333333333,0.03333333333333333
oof,R0,10,2,new_competition_loss,8,8,0,0.02291666666666667,0.0,0.06666666666666667
oof,R0,10,2,total_old_accuracy_drop,8,8,0,0.01875,0.0,0.05
oof,R0,10,2,C_abs_new_old_gap,8,8,0,0.20208333333333328,0.016666666666666663,0.43333333333333324
oof,R0,10,2,C_new_minus_old,8,8,0,-0.19791666666666663,-0.43333333333333324,0.016666666666666663
oof,R0,10,2,C_old_minus_R0,8,8,0,0.0,0.0,0.0
oof,R0,10,2,C_new_minus_R0,8,8,0,0.0,0.0,0.0
oof,R0,10,2,old_order_recovery_fraction,8,8,0,0.008333333333333333,0.0,0.03333333333333333
oof,R0,10,2,total_recovery_fraction,8,8,0,0.00625,0.0,0.016666666666666666
oof,R0,10,2,old_winner_changed_fraction,8,8,0,0.035416666666666666,0.0,0.1
oof,R0,10,2,old_displaced_by_new_fraction,8,8,0,0.0625,0.0,0.15
oof,R0,10,2,correctness_B_Cold_C_000,8,8,0,0.25625,0.016666666666666666,0.5166666666666667
oof,R0,10,2,correctness_B_Cold_C_100,8,8,0,0.004166666666666667,0.0,0.03333333333333333
oof,R0,10,2,correctness_B_Cold_C_010,8,8,0,0.0020833333333333333,0.0,0.016666666666666666
oof,R0,10,2,correctness_B_Cold_C_110,8,8,0,0.020833333333333336,0.0,0.06666666666666667
oof,R0,10,2,correctness_B_Cold_C_011,8,8,0,0.00625,0.0,0.016666666666666666
oof,R0,10,2,correctness_B_Cold_C_111,8,8,0,0.7104166666666667,0.4166666666666667,0.9833333333333333
oof,R0,10,2,B_old_margin_mean,8,8,0,0.2819369504181127,0.020779342299605163,0.5675934883136503
oof,R0,10,2,B_old_margin_minus_R0,8,8,0,0.0,0.0,0.0
oof,R0,10,2,B_old_winner_changed_from_R0_fraction,8,8,0,0.0,0.0,0.0
oof,R0,10,2,B_old_R0_correct_to_wrong_fraction,8,8,0,0.0,0.0,0.0
oof,R0,10,2,B_old_R0_wrong_to_correct_fraction,8,8,0,0.0,0.0,0.0
oof,R0,10,2,C_old_margin_mean,8,8,0,0.24548594080897598,0.006634069955976932,0.5089211686885622
oof,R0,10,2,C_old_margin_minus_R0,8,8,0,0.0,0.0,0.0
oof,R0,10,2,C_old_winner_changed_from_R0_fraction,8,8,0,0.0,0.0,0.0
oof,R0,10,2,C_old_R0_correct_to_wrong_fraction,8,8,0,0.0,0.0,0.0
oof,R0,10,2,C_old_R0_wrong_to_correct_fraction,8,8,0,0.0,0.0,0.0
oof,R0,10,2,C_new_margin_mean,8,8,0,0.052406753834964126,-0.05158917909798043,0.19813054747052072
oof,R0,10,2,C_new_margin_minus_R0,8,8,0,0.0,0.0,0.0
oof,R0,10,2,C_new_winner_changed_from_R0_fraction,8,8,0,0.0,0.0,0.0
oof,R0,10,2,C_new_R0_correct_to_wrong_fraction,8,8,0,0.0,0.0,0.0
oof,R0,10,2,C_new_R0_wrong_to_correct_fraction,8,8,0,0.0,0.0,0.0
oof,R0,10,5,A_old_accuracy,8,0,8,,,
oof,R0,10,5,B0_old_accuracy,8,8,0,0.7354166666666667,0.45,0.9833333333333333
oof,R0,10,5,B_old_accuracy,8,8,0,0.7354166666666667,0.45,0.9833333333333333
oof,R0,10,5,C_old_columns_accuracy,8,8,0,0.73125,0.4666666666666667,0.9833333333333333
oof,R0,10,5,C_old_accuracy,8,8,0,0.6791666666666668,0.4,0.9666666666666667
oof,R0,10,5,C_new_accuracy,8,8,0,0.565,0.28,0.9
oof,R0,10,5,C_h,8,8,0,0.6140855143105002,0.3401869158878505,0.8915887850467291
oof,R0,10,5,adaptation_gain_B_minus_A,8,0,8,,,
oof,R0,10,5,support_adaptation_B_minus_B0,8,8,0,0.0,0.0,0.0
oof,R0,10,5,old_order_change,8,8,0,0.004166666666666667,-0.03333333333333333,0.03333333333333333
oof,R0,10,5,new_competition_loss,8,8,0,0.05208333333333333,0.016666666666666666,0.06666666666666667
oof,R0,10,5,total_old_accuracy_drop,8,8,0,0.05625,0.016666666666666666,0.1
oof,R0,10,5,C_abs_new_old_gap,8,8,0,0.11833333333333333,0.01666666666666672,0.22666666666666668
oof,R0,10,5,C_new_minus_old,8,8,0,-0.11416666666666665,-0.22666666666666668,0.01666666666666672
oof,R0,10,5,C_old_minus_R0,8,8,0,0.0,0.0,0.0
oof,R0,10,5,C_new_minus_R0,8,8,0,0.0,0.0,0.0
oof,R0,10,5,old_order_recovery_fraction,8,8,0,0.010416666666666666,0.0,0.03333333333333333
oof,R0,10,5,total_recovery_fraction,8,8,0,0.00625,0.0,0.03333333333333333
oof,R0,10,5,old_winner_changed_fraction,8,8,0,0.06249999999999999,0.0,0.18333333333333332
oof,R0,10,5,old_displaced_by_new_fraction,8,8,0,0.1479166666666667,0.016666666666666666,0.26666666666666666
oof,R0,10,5,correctness_B_Cold_C_000,8,8,0,0.25416666666666665,0.016666666666666666,0.5166666666666667
oof,R0,10,5,correctness_B_Cold_C_100,8,8,0,0.014583333333333334,0.0,0.06666666666666667
oof,R0,10,5,correctness_B_Cold_C_010,8,8,0,0.004166666666666667,0.0,0.016666666666666666
oof,R0,10,5,correctness_B_Cold_C_110,8,8,0,0.04791666666666666,0.016666666666666666,0.06666666666666667
oof,R0,10,5,correctness_B_Cold_C_011,8,8,0,0.00625,0.0,0.03333333333333333
oof,R0,10,5,correctness_B_Cold_C_111,8,8,0,0.6729166666666667,0.4,0.9666666666666667
oof,R0,10,5,B_old_margin_mean,8,8,0,0.2819369504181127,0.020779342299605163,0.5675934883136503
oof,R0,10,5,B_old_margin_minus_R0,8,8,0,0.0,0.0,0.0
oof,R0,10,5,B_old_winner_changed_from_R0_fraction,8,8,0,0.0,0.0,0.0
oof,R0,10,5,B_old_R0_correct_to_wrong_fraction,8,8,0,0.0,0.0,0.0
oof,R0,10,5,B_old_R0_wrong_to_correct_fraction,8,8,0,0.0,0.0,0.0
oof,R0,10,5,C_old_margin_mean,8,8,0,0.20732963333648807,0.0025713080892843824,0.4460284505633282
oof,R0,10,5,C_old_margin_minus_R0,8,8,0,0.0,0.0,0.0
oof,R0,10,5,C_old_winner_changed_from_R0_fraction,8,8,0,0.0,0.0,0.0
oof,R0,10,5,C_old_R0_correct_to_wrong_fraction,8,8,0,0.0,0.0,0.0
oof,R0,10,5,C_old_R0_wrong_to_correct_fraction,8,8,0,0.0,0.0,0.0
oof,R0,10,5,C_new_margin_mean,8,8,0,0.11254362049087276,-0.047460442730952276,0.28594374895474395
oof,R0,10,5,C_new_margin_minus_R0,8,8,0,0.0,0.0,0.0
oof,R0,10,5,C_new_winner_changed_from_R0_fraction,8,8,0,0.0,0.0,0.0
oof,R0,10,5,C_new_R0_correct_to_wrong_fraction,8,8,0,0.0,0.0,0.0
oof,R0,10,5,C_new_R0_wrong_to_correct_fraction,8,8,0,0.0,0.0,0.0
oof,R0,10,10,A_old_accuracy,8,0,8,,,
oof,R0,10,10,B0_old_accuracy,8,8,0,0.7354166666666667,0.45,0.9833333333333333
oof,R0,10,10,B_old_accuracy,8,8,0,0.7354166666666667,0.45,0.9833333333333333
oof,R0,10,10,C_old_columns_accuracy,8,8,0,0.7354166666666666,0.48333333333333334,0.9833333333333333
oof,R0,10,10,C_old_accuracy,8,8,0,0.6562499999999999,0.36666666666666664,0.9666666666666667
oof,R0,10,10,C_new_accuracy,8,8,0,0.57875,0.31,0.83
oof,R0,10,10,C_h,8,8,0,0.6145570634176986,0.34278846153846154,0.8931354359925788
oof,R0,10,10,adaptation_gain_B_minus_A,8,0,8,,,
oof,R0,10,10,support_adaptation_B_minus_B0,8,8,0,0.0,0.0,0.0
oof,R0,10,10,old_order_change,8,8,0,4.336808689942018e-19,-0.06666666666666667,0.05
oof,R0,10,10,new_competition_loss,8,8,0,0.07916666666666668,0.016666666666666666,0.13333333333333333
oof,R0,10,10,total_old_accuracy_drop,8,8,0,0.07916666666666666,0.016666666666666666,0.15
oof,R0,10,10,C_abs_new_old_gap,8,8,0,0.08083333333333337,0.013333333333333364,0.14666666666666672
oof,R0,10,10,C_new_minus_old,8,8,0,-0.07750000000000001,-0.14666666666666672,0.013333333333333364
oof,R0,10,10,C_old_minus_R0,8,8,0,0.0,0.0,0.0
oof,R0,10,10,C_new_minus_R0,8,8,0,0.0,0.0,0.0
oof,R0,10,10,old_order_recovery_fraction,8,8,0,0.01875,0.0,0.06666666666666667
oof,R0,10,10,total_recovery_fraction,8,8,0,0.0020833333333333333,0.0,0.016666666666666666
oof,R0,10,10,old_winner_changed_fraction,8,8,0,0.08124999999999999,0.0,0.18333333333333332
oof,R0,10,10,old_displaced_by_new_fraction,8,8,0,0.20833333333333334,0.03333333333333333,0.36666666666666664
oof,R0,10,10,correctness_B_Cold_C_000,8,8,0,0.24583333333333335,0.016666666666666666,0.48333333333333334
oof,R0,10,10,correctness_B_Cold_C_100,8,8,0,0.018750000000000003,0.0,0.06666666666666667
oof,R0,10,10,correctness_B_Cold_C_010,8,8,0,0.016666666666666666,0.0,0.06666666666666667
oof,R0,10,10,correctness_B_Cold_C_110,8,8,0,0.06249999999999999,0.016666666666666666,0.08333333333333333
oof,R0,10,10,correctness_B_Cold_C_011,8,8,0,0.0020833333333333333,0.0,0.016666666666666666
oof,R0,10,10,correctness_B_Cold_C_111,8,8,0,0.6541666666666666,0.36666666666666664,0.9666666666666667
oof,R0,10,10,B_old_margin_mean,8,8,0,0.2819369504181127,0.020779342299605163,0.5675934883136503
oof,R0,10,10,B_old_margin_minus_R0,8,8,0,0.0,0.0,0.0
oof,R0,10,10,B_old_winner_changed_from_R0_fraction,8,8,0,0.0,0.0,0.0
oof,R0,10,10,B_old_R0_correct_to_wrong_fraction,8,8,0,0.0,0.0,0.0
oof,R0,10,10,B_old_R0_wrong_to_correct_fraction,8,8,0,0.0,0.0,0.0
oof,R0,10,10,C_old_margin_mean,8,8,0,0.19087945341466603,-0.011598716483434218,0.44475318836119077
oof,R0,10,10,C_old_margin_minus_R0,8,8,0,0.0,0.0,0.0
oof,R0,10,10,C_old_winner_changed_from_R0_fraction,8,8,0,0.0,0.0,0.0
oof,R0,10,10,C_old_R0_correct_to_wrong_fraction,8,8,0,0.0,0.0,0.0
oof,R0,10,10,C_old_R0_wrong_to_correct_fraction,8,8,0,0.0,0.0,0.0
oof,R0,10,10,C_new_margin_mean,8,8,0,0.12347435401418717,-0.007048666521338542,0.3081617811909457
oof,R0,10,10,C_new_margin_minus_R0,8,8,0,0.0,0.0,0.0
oof,R0,10,10,C_new_winner_changed_from_R0_fraction,8,8,0,0.0,0.0,0.0
oof,R0,10,10,C_new_R0_correct_to_wrong_fraction,8,8,0,0.0,0.0,0.0
oof,R0,10,10,C_new_R0_wrong_to_correct_fraction,8,8,0,0.0,0.0,0.0
oof,R0,10,20,A_old_accuracy,8,0,8,,,
oof,R0,10,20,B0_old_accuracy,8,8,0,0.7354166666666667,0.45,0.9833333333333333
oof,R0,10,20,B_old_accuracy,8,8,0,0.7354166666666667,0.45,0.9833333333333333
oof,R0,10,20,C_old_columns_accuracy,8,8,0,0.7354166666666667,0.48333333333333334,0.9833333333333333
oof,R0,10,20,C_old_accuracy,8,8,0,0.6416666666666666,0.3333333333333333,0.9666666666666667
oof,R0,10,20,C_new_accuracy,8,8,0,0.5650000000000001,0.305,0.815
oof,R0,10,20,C_h,8,8,0,0.6002428654756478,0.3185378590078329,0.8633587786259542
oof,R0,10,20,adaptation_gain_B_minus_A,8,0,8,,,
oof,R0,10,20,support_adaptation_B_minus_B0,8,8,0,0.0,0.0,0.0
oof,R0,10,20,old_order_change,8,8,0,0.0,-0.03333333333333333,0.016666666666666666
oof,R0,10,20,new_competition_loss,8,8,0,0.09375000000000001,0.016666666666666666,0.18333333333333332
oof,R0,10,20,total_old_accuracy_drop,8,8,0,0.09375,0.016666666666666666,0.2
oof,R0,10,20,C_abs_new_old_gap,8,8,0,0.07750000000000001,0.003333333333333355,0.18666666666666665
oof,R0,10,20,C_new_minus_old,8,8,0,-0.07666666666666666,-0.18666666666666665,0.003333333333333355
oof,R0,10,20,C_old_minus_R0,8,8,0,0.0,0.0,0.0
oof,R0,10,20,C_new_minus_R0,8,8,0,0.0,0.0,0.0
oof,R0,10,20,old_order_recovery_fraction,8,8,0,0.020833333333333332,0.0,0.06666666666666667
oof,R0,10,20,total_recovery_fraction,8,8,0,0.00625,0.0,0.03333333333333333
oof,R0,10,20,old_winner_changed_fraction,8,8,0,0.08333333333333333,0.0,0.16666666666666666
oof,R0,10,20,old_displaced_by_new_fraction,8,8,0,0.25625000000000003,0.03333333333333333,0.4666666666666667
oof,R0,10,20,correctness_B_Cold_C_000,8,8,0,0.24374999999999997,0.016666666666666666,0.5166666666666667
oof,R0,10,20,correctness_B_Cold_C_100,8,8,0,0.020833333333333336,0.0,0.05
oof,R0,10,20,correctness_B_Cold_C_010,8,8,0,0.014583333333333334,0.0,0.03333333333333333
oof,R0,10,20,correctness_B_Cold_C_110,8,8,0,0.07916666666666666,0.016666666666666666,0.15
oof,R0,10,20,correctness_B_Cold_C_011,8,8,0,0.00625,0.0,0.03333333333333333
oof,R0,10,20,correctness_B_Cold_C_111,8,8,0,0.6354166666666666,0.3333333333333333,0.9666666666666667
oof,R0,10,20,B_old_margin_mean,8,8,0,0.2819369504181127,0.020779342299605163,0.5675934883136503
oof,R0,10,20,B_old_margin_minus_R0,8,8,0,0.0,0.0,0.0
oof,R0,10,20,B_old_winner_changed_from_R0_fraction,8,8,0,0.0,0.0,0.0
oof,R0,10,20,B_old_R0_correct_to_wrong_fraction,8,8,0,0.0,0.0,0.0
oof,R0,10,20,B_old_R0_wrong_to_correct_fraction,8,8,0,0.0,0.0,0.0
oof,R0,10,20,C_old_margin_mean,8,8,0,0.1684442933030253,-0.02749549087197759,0.40658195969525507
oof,R0,10,20,C_old_margin_minus_R0,8,8,0,0.0,0.0,0.0
oof,R0,10,20,C_old_winner_changed_from_R0_fraction,8,8,0,0.0,0.0,0.0
oof,R0,10,20,C_old_R0_correct_to_wrong_fraction,8,8,0,0.0,0.0,0.0
oof,R0,10,20,C_old_R0_wrong_to_correct_fraction,8,8,0,0.0,0.0,0.0
oof,R0,10,20,C_new_margin_mean,8,8,0,0.10142012117335737,-0.010763286714748733,0.2189266799653134
oof,R0,10,20,C_new_margin_minus_R0,8,8,0,0.0,0.0,0.0
oof,R0,10,20,C_new_winner_changed_from_R0_fraction,8,8,0,0.0,0.0,0.0
oof,R0,10,20,C_new_R0_correct_to_wrong_fraction,8,8,0,0.0,0.0,0.0
oof,R0,10,20,C_new_R0_wrong_to_correct_fraction,8,8,0,0.0,0.0,0.0
oof,R0,20,0,A_old_accuracy,8,0,8,,,
oof,R0,20,0,B0_old_accuracy,8,8,0,0.7625,0.5666666666666667,0.9666666666666667
oof,R0,20,0,B_old_accuracy,8,8,0,0.7625,0.5666666666666667,0.9666666666666667
oof,R0,20,0,C_old_columns_accuracy,8,8,0,0.7625,0.5666666666666667,0.9666666666666667
oof,R0,20,0,C_old_accuracy,8,8,0,0.7625,0.5666666666666667,0.9666666666666667
oof,R0,20,0,C_new_accuracy,8,0,8,,,
oof,R0,20,0,C_h,8,0,8,,,
oof,R0,20,0,adaptation_gain_B_minus_A,8,0,8,,,
oof,R0,20,0,support_adaptation_B_minus_B0,8,8,0,0.0,0.0,0.0
oof,R0,20,0,old_order_change,8,8,0,0.0,0.0,0.0
oof,R0,20,0,new_competition_loss,8,8,0,0.0,0.0,0.0
oof,R0,20,0,total_old_accuracy_drop,8,8,0,0.0,0.0,0.0
oof,R0,20,0,C_abs_new_old_gap,8,0,8,,,
oof,R0,20,0,C_new_minus_old,8,0,8,,,
oof,R0,20,0,C_old_minus_R0,8,8,0,0.0,0.0,0.0
oof,R0,20,0,C_new_minus_R0,8,0,8,,,
oof,R0,20,0,old_order_recovery_fraction,8,8,0,0.0,0.0,0.0
oof,R0,20,0,total_recovery_fraction,8,8,0,0.0,0.0,0.0
oof,R0,20,0,old_winner_changed_fraction,8,8,0,0.0,0.0,0.0
oof,R0,20,0,old_displaced_by_new_fraction,8,8,0,0.0,0.0,0.0
oof,R0,20,0,correctness_B_Cold_C_000,8,8,0,0.23750000000000002,0.03333333333333333,0.43333333333333335
oof,R0,20,0,correctness_B_Cold_C_100,8,8,0,0.0,0.0,0.0
oof,R0,20,0,correctness_B_Cold_C_010,8,8,0,0.0,0.0,0.0
oof,R0,20,0,correctness_B_Cold_C_110,8,8,0,0.0,0.0,0.0
oof,R0,20,0,correctness_B_Cold_C_011,8,8,0,0.0,0.0,0.0
oof,R0,20,0,correctness_B_Cold_C_111,8,8,0,0.7625,0.5666666666666667,0.9666666666666667
oof,R0,20,0,B_old_margin_mean,8,8,0,0.3714140012241436,0.09398991033834542,0.683985083568822
oof,R0,20,0,B_old_margin_minus_R0,8,8,0,0.0,0.0,0.0
oof,R0,20,0,B_old_winner_changed_from_R0_fraction,8,8,0,0.0,0.0,0.0
oof,R0,20,0,B_old_R0_correct_to_wrong_fraction,8,8,0,0.0,0.0,0.0
oof,R0,20,0,B_old_R0_wrong_to_correct_fraction,8,8,0,0.0,0.0,0.0
oof,R0,20,0,C_old_margin_mean,8,8,0,0.3714140012241436,0.09398991033834542,0.683985083568822
oof,R0,20,0,C_old_margin_minus_R0,8,8,0,0.0,0.0,0.0
oof,R0,20,0,C_old_winner_changed_from_R0_fraction,8,8,0,0.0,0.0,0.0
oof,R0,20,0,C_old_R0_correct_to_wrong_fraction,8,8,0,0.0,0.0,0.0
oof,R0,20,0,C_old_R0_wrong_to_correct_fraction,8,8,0,0.0,0.0,0.0
oof,R0,20,0,C_new_margin_mean,8,0,8,,,
oof,R0,20,0,C_new_margin_minus_R0,8,0,8,,,
oof,R0,20,0,C_new_winner_changed_from_R0_fraction,8,0,8,,,
oof,R0,20,0,C_new_R0_correct_to_wrong_fraction,8,0,8,,,
oof,R0,20,0,C_new_R0_wrong_to_correct_fraction,8,0,8,,,
oof,R0,20,2,A_old_accuracy,8,0,8,,,
oof,R0,20,2,B0_old_accuracy,8,8,0,0.7625,0.5666666666666667,0.9666666666666667
oof,R0,20,2,B_old_accuracy,8,8,0,0.7625,0.5666666666666667,0.9666666666666667
oof,R0,20,2,C_old_columns_accuracy,8,8,0,0.7687499999999999,0.5666666666666667,0.9666666666666667
oof,R0,20,2,C_old_accuracy,8,8,0,0.746875,0.5333333333333333,0.9583333333333334
oof,R0,20,2,C_new_accuracy,8,8,0,0.5312499999999999,0.25,0.825
oof,R0,20,2,C_h,8,8,0,0.6159048902949829,0.3404255319148936,0.8794811320754717
oof,R0,20,2,adaptation_gain_B_minus_A,8,0,8,,,
oof,R0,20,2,support_adaptation_B_minus_B0,8,8,0,0.0,0.0,0.0
oof,R0,20,2,old_order_change,8,8,0,-0.00625,-0.016666666666666666,0.008333333333333333
oof,R0,20,2,new_competition_loss,8,8,0,0.021875,0.0,0.058333333333333334
oof,R0,20,2,total_old_accuracy_drop,8,8,0,0.015624999999999998,-0.008333333333333333,0.041666666666666664
oof,R0,20,2,C_abs_new_old_gap,8,8,0,0.215625,0.1166666666666667,0.30833333333333335
oof,R0,20,2,C_new_minus_old,8,8,0,-0.215625,-0.30833333333333335,-0.1166666666666667
oof,R0,20,2,C_old_minus_R0,8,8,0,0.0,0.0,0.0
oof,R0,20,2,C_new_minus_R0,8,8,0,0.0,0.0,0.0
oof,R0,20,2,old_order_recovery_fraction,8,8,0,0.010416666666666666,0.0,0.025
oof,R0,20,2,total_recovery_fraction,8,8,0,0.007291666666666667,0.0,0.016666666666666666
oof,R0,20,2,old_winner_changed_fraction,8,8,0,0.026041666666666664,0.0,0.058333333333333334
oof,R0,20,2,old_displaced_by_new_fraction,8,8,0,0.071875,0.008333333333333333,0.15833333333333333
oof,R0,20,2,correctness_B_Cold_C_000,8,8,0,0.22708333333333336,0.03333333333333333,0.425
oof,R0,20,2,correctness_B_Cold_C_100,8,8,0,0.004166666666666667,0.0,0.008333333333333333
oof,R0,20,2,correctness_B_Cold_C_010,8,8,0,0.003125,0.0,0.008333333333333333
oof,R0,20,2,correctness_B_Cold_C_110,8,8,0,0.01875,0.0,0.058333333333333334
oof,R0,20,2,correctness_B_Cold_C_011,8,8,0,0.007291666666666667,0.0,0.016666666666666666
oof,R0,20,2,correctness_B_Cold_C_111,8,8,0,0.7395833333333334,0.5166666666666667,0.9583333333333334
oof,R0,20,2,B_old_margin_mean,8,8,0,0.3714140012241436,0.09398991033834542,0.683985083568822
oof,R0,20,2,B_old_margin_minus_R0,8,8,0,0.0,0.0,0.0
oof,R0,20,2,B_old_winner_changed_from_R0_fraction,8,8,0,0.0,0.0,0.0
oof,R0,20,2,B_old_R0_correct_to_wrong_fraction,8,8,0,0.0,0.0,0.0
oof,R0,20,2,B_old_R0_wrong_to_correct_fraction,8,8,0,0.0,0.0,0.0
oof,R0,20,2,C_old_margin_mean,8,8,0,0.33100609318558005,0.06581191276189495,0.6386129901473807
oof,R0,20,2,C_old_margin_minus_R0,8,8,0,0.0,0.0,0.0
oof,R0,20,2,C_old_winner_changed_from_R0_fraction,8,8,0,0.0,0.0,0.0
oof,R0,20,2,C_old_R0_correct_to_wrong_fraction,8,8,0,0.0,0.0,0.0
oof,R0,20,2,C_old_R0_wrong_to_correct_fraction,8,8,0,0.0,0.0,0.0
oof,R0,20,2,C_new_margin_mean,8,8,0,0.10162370133321674,-0.053035734767774144,0.402307053594948
oof,R0,20,2,C_new_margin_minus_R0,8,8,0,0.0,0.0,0.0
oof,R0,20,2,C_new_winner_changed_from_R0_fraction,8,8,0,0.0,0.0,0.0
oof,R0,20,2,C_new_R0_correct_to_wrong_fraction,8,8,0,0.0,0.0,0.0
oof,R0,20,2,C_new_R0_wrong_to_correct_fraction,8,8,0,0.0,0.0,0.0
oof,R0,20,5,A_old_accuracy,8,0,8,,,
oof,R0,20,5,B0_old_accuracy,8,8,0,0.7625,0.5666666666666667,0.9666666666666667
oof,R0,20,5,B_old_accuracy,8,8,0,0.7625,0.5666666666666667,0.9666666666666667
oof,R0,20,5,C_old_columns_accuracy,8,8,0,0.7687499999999999,0.5666666666666667,0.9666666666666667
oof,R0,20,5,C_old_accuracy,8,8,0,0.7010416666666666,0.4583333333333333,0.9416666666666667
oof,R0,20,5,C_new_accuracy,8,8,0,0.6124999999999999,0.31,0.89
oof,R0,20,5,C_h,8,8,0,0.6508477057266887,0.3802494802494802,0.9031365313653136
oof,R0,20,5,adaptation_gain_B_minus_A,8,0,8,,,
oof,R0,20,5,support_adaptation_B_minus_B0,8,8,0,0.0,0.0,0.0
oof,R0,20,5,old_order_change,8,8,0,-0.00625,-0.025,0.008333333333333333
oof,R0,20,5,new_competition_loss,8,8,0,0.06770833333333334,0.016666666666666666,0.11666666666666667
oof,R0,20,5,total_old_accuracy_drop,8,8,0,0.06145833333333334,0.025,0.10833333333333334
oof,R0,20,5,C_abs_new_old_gap,8,8,0,0.08854166666666666,0.010000000000000009,0.18166666666666664
oof,R0,20,5,C_new_minus_old,8,8,0,-0.08854166666666666,-0.18166666666666664,-0.010000000000000009
oof,R0,20,5,C_old_minus_R0,8,8,0,0.0,0.0,0.0
oof,R0,20,5,C_new_minus_R0,8,8,0,0.0,0.0,0.0
oof,R0,20,5,old_order_recovery_fraction,8,8,0,0.015625,0.0,0.03333333333333333
oof,R0,20,5,total_recovery_fraction,8,8,0,0.00625,0.0,0.016666666666666666
oof,R0,20,5,old_winner_changed_fraction,8,8,0,0.04791666666666667,0.008333333333333333,0.09166666666666666
oof,R0,20,5,old_displaced_by_new_fraction,8,8,0,0.14895833333333333,0.025,0.2833333333333333
oof,R0,20,5,correctness_B_Cold_C_000,8,8,0,0.22187500000000004,0.03333333333333333,0.4166666666666667
oof,R0,20,5,correctness_B_Cold_C_100,8,8,0,0.009375,0.0,0.03333333333333333
oof,R0,20,5,correctness_B_Cold_C_010,8,8,0,0.009375,0.0,0.016666666666666666
oof,R0,20,5,correctness_B_Cold_C_110,8,8,0,0.058333333333333334,0.016666666666666666,0.1
oof,R0,20,5,correctness_B_Cold_C_011,8,8,0,0.00625,0.0,0.016666666666666666
oof,R0,20,5,correctness_B_Cold_C_111,8,8,0,0.6947916666666666,0.4583333333333333,0.9416666666666667
oof,R0,20,5,B_old_margin_mean,8,8,0,0.3714140012241436,0.09398991033834542,0.683985083568822
oof,R0,20,5,B_old_margin_minus_R0,8,8,0,0.0,0.0,0.0
oof,R0,20,5,B_old_winner_changed_from_R0_fraction,8,8,0,0.0,0.0,0.0
oof,R0,20,5,B_old_R0_correct_to_wrong_fraction,8,8,0,0.0,0.0,0.0
oof,R0,20,5,B_old_R0_wrong_to_correct_fraction,8,8,0,0.0,0.0,0.0
oof,R0,20,5,C_old_margin_mean,8,8,0,0.28309269546343485,0.05079725155837325,0.5674140864980914
oof,R0,20,5,C_old_margin_minus_R0,8,8,0,0.0,0.0,0.0
oof,R0,20,5,C_old_winner_changed_from_R0_fraction,8,8,0,0.0,0.0,0.0
oof,R0,20,5,C_old_R0_correct_to_wrong_fraction,8,8,0,0.0,0.0,0.0
oof,R0,20,5,C_old_R0_wrong_to_correct_fraction,8,8,0,0.0,0.0,0.0
oof,R0,20,5,C_new_margin_mean,8,8,0,0.17822147145381342,-0.018274710480548392,0.38259992223202166
oof,R0,20,5,C_new_margin_minus_R0,8,8,0,0.0,0.0,0.0
oof,R0,20,5,C_new_winner_changed_from_R0_fraction,8,8,0,0.0,0.0,0.0
oof,R0,20,5,C_new_R0_correct_to_wrong_fraction,8,8,0,0.0,0.0,0.0
oof,R0,20,5,C_new_R0_wrong_to_correct_fraction,8,8,0,0.0,0.0,0.0
oof,R0,20,10,A_old_accuracy,8,0,8,,,
oof,R0,20,10,B0_old_accuracy,8,8,0,0.7625,0.5666666666666667,0.9666666666666667
oof,R0,20,10,B_old_accuracy,8,8,0,0.7625,0.5666666666666667,0.9666666666666667
oof,R0,20,10,C_old_columns_accuracy,8,8,0,0.7677083333333333,0.5666666666666667,0.9666666666666667
oof,R0,20,10,C_old_accuracy,8,8,0,0.6802083333333333,0.425,0.9416666666666667
oof,R0,20,10,C_new_accuracy,8,8,0,0.63625,0.36,0.89
oof,R0,20,10,C_h,8,8,0,0.6570272642995043,0.39327731092436974,0.9097895699908508
oof,R0,20,10,adaptation_gain_B_minus_A,8,0,8,,,
oof,R0,20,10,support_adaptation_B_minus_B0,8,8,0,0.0,0.0,0.0
oof,R0,20,10,old_order_change,8,8,0,-0.005208333333333333,-0.016666666666666666,0.0
oof,R0,20,10,new_competition_loss,8,8,0,0.08750000000000001,0.025,0.14166666666666666
oof,R0,20,10,total_old_accuracy_drop,8,8,0,0.08229166666666667,0.025,0.14166666666666666
oof,R0,20,10,C_abs_new_old_gap,8,8,0,0.043958333333333335,0.0016666666666667052,0.07333333333333336
oof,R0,20,10,C_new_minus_old,8,8,0,-0.043958333333333335,-0.07333333333333336,-0.0016666666666667052
oof,R0,20,10,C_old_minus_R0,8,8,0,0.0,0.0,0.0
oof,R0,20,10,C_new_minus_R0,8,8,0,0.0,0.0,0.0
oof,R0,20,10,old_order_recovery_fraction,8,8,0,0.015625,0.0,0.03333333333333333
oof,R0,20,10,total_recovery_fraction,8,8,0,0.004166666666666667,0.0,0.008333333333333333
oof,R0,20,10,old_winner_changed_fraction,8,8,0,0.05729166666666667,0.0,0.11666666666666667
oof,R0,20,10,old_displaced_by_new_fraction,8,8,0,0.20729166666666665,0.05,0.375
oof,R0,20,10,correctness_B_Cold_C_000,8,8,0,0.22187500000000004,0.03333333333333333,0.4083333333333333
oof,R0,20,10,correctness_B_Cold_C_100,8,8,0,0.010416666666666668,0.0,0.025
oof,R0,20,10,correctness_B_Cold_C_010,8,8,0,0.011458333333333334,0.0,0.025
oof,R0,20,10,correctness_B_Cold_C_110,8,8,0,0.07604166666666666,0.025,0.125
oof,R0,20,10,correctness_B_Cold_C_011,8,8,0,0.004166666666666667,0.0,0.008333333333333333
oof,R0,20,10,correctness_B_Cold_C_111,8,8,0,0.6760416666666667,0.4166666666666667,0.9416666666666667
oof,R0,20,10,B_old_margin_mean,8,8,0,0.3714140012241436,0.09398991033834542,0.683985083568822
oof,R0,20,10,B_old_margin_minus_R0,8,8,0,0.0,0.0,0.0
oof,R0,20,10,B_old_winner_changed_from_R0_fraction,8,8,0,0.0,0.0,0.0
oof,R0,20,10,B_old_R0_correct_to_wrong_fraction,8,8,0,0.0,0.0,0.0
oof,R0,20,10,B_old_R0_wrong_to_correct_fraction,8,8,0,0.0,0.0,0.0
oof,R0,20,10,C_old_margin_mean,8,8,0,0.2594651589851797,0.03183526590926346,0.5554092243420654
oof,R0,20,10,C_old_margin_minus_R0,8,8,0,0.0,0.0,0.0
oof,R0,20,10,C_old_winner_changed_from_R0_fraction,8,8,0,0.0,0.0,0.0
oof,R0,20,10,C_old_R0_correct_to_wrong_fraction,8,8,0,0.0,0.0,0.0
oof,R0,20,10,C_old_R0_wrong_to_correct_fraction,8,8,0,0.0,0.0,0.0
oof,R0,20,10,C_new_margin_mean,8,8,0,0.1930534684711672,0.019416867162858925,0.37109768311392727
oof,R0,20,10,C_new_margin_minus_R0,8,8,0,0.0,0.0,0.0
oof,R0,20,10,C_new_winner_changed_from_R0_fraction,8,8,0,0.0,0.0,0.0
oof,R0,20,10,C_new_R0_correct_to_wrong_fraction,8,8,0,0.0,0.0,0.0
oof,R0,20,10,C_new_R0_wrong_to_correct_fraction,8,8,0,0.0,0.0,0.0
oof,R0,20,20,A_old_accuracy,8,0,8,,,
oof,R0,20,20,B0_old_accuracy,8,8,0,0.7625,0.5666666666666667,0.9666666666666667
oof,R0,20,20,B_old_accuracy,8,8,0,0.7625,0.5666666666666667,0.9666666666666667
oof,R0,20,20,C_old_columns_accuracy,8,8,0,0.7708333333333334,0.5666666666666667,0.9666666666666667
oof,R0,20,20,C_old_accuracy,8,8,0,0.6510416666666666,0.36666666666666664,0.9333333333333333
oof,R0,20,20,C_new_accuracy,8,8,0,0.6290625,0.355,0.875
oof,R0,20,20,C_h,8,8,0,0.6394411331497304,0.36073903002309465,0.8993055555555556
oof,R0,20,20,adaptation_gain_B_minus_A,8,0,8,,,
oof,R0,20,20,support_adaptation_B_minus_B0,8,8,0,0.0,0.0,0.0
oof,R0,20,20,old_order_change,8,8,0,-0.008333333333333333,-0.016666666666666666,0.0
oof,R0,20,20,new_competition_loss,8,8,0,0.11979166666666667,0.03333333333333333,0.21666666666666667
oof,R0,20,20,total_old_accuracy_drop,8,8,0,0.11145833333333334,0.03333333333333333,0.2
oof,R0,20,20,C_abs_new_old_gap,8,8,0,0.03447916666666666,0.00666666666666671,0.0708333333333333
oof,R0,20,20,C_new_minus_old,8,8,0,-0.021979166666666675,-0.0708333333333333,0.03916666666666663
oof,R0,20,20,C_old_minus_R0,8,8,0,0.0,0.0,0.0
oof,R0,20,20,C_new_minus_R0,8,8,0,0.0,0.0,0.0
oof,R0,20,20,old_order_recovery_fraction,8,8,0,0.017708333333333333,0.0,0.03333333333333333
oof,R0,20,20,total_recovery_fraction,8,8,0,0.003125,0.0,0.016666666666666666
oof,R0,20,20,old_winner_changed_fraction,8,8,0,0.06666666666666667,0.0,0.15
oof,R0,20,20,old_displaced_by_new_fraction,8,8,0,0.26875,0.06666666666666667,0.5083333333333333
oof,R0,20,20,correctness_B_Cold_C_000,8,8,0,0.21979166666666666,0.03333333333333333,0.4083333333333333
oof,R0,20,20,correctness_B_Cold_C_100,8,8,0,0.009375000000000001,0.0,0.025
oof,R0,20,20,correctness_B_Cold_C_010,8,8,0,0.014583333333333334,0.0,0.03333333333333333
oof,R0,20,20,correctness_B_Cold_C_110,8,8,0,0.10520833333333332,0.03333333333333333,0.18333333333333332
oof,R0,20,20,correctness_B_Cold_C_011,8,8,0,0.003125,0.0,0.016666666666666666
oof,R0,20,20,correctness_B_Cold_C_111,8,8,0,0.6479166666666667,0.36666666666666664,0.9333333333333333
oof,R0,20,20,B_old_margin_mean,8,8,0,0.3714140012241436,0.09398991033834542,0.683985083568822
oof,R0,20,20,B_old_margin_minus_R0,8,8,0,0.0,0.0,0.0
oof,R0,20,20,B_old_winner_changed_from_R0_fraction,8,8,0,0.0,0.0,0.0
oof,R0,20,20,B_old_R0_correct_to_wrong_fraction,8,8,0,0.0,0.0,0.0
oof,R0,20,20,B_old_R0_wrong_to_correct_fraction,8,8,0,0.0,0.0,0.0
oof,R0,20,20,C_old_margin_mean,8,8,0,0.23624368580134544,0.010444583402787535,0.5271272778753019
oof,R0,20,20,C_old_margin_minus_R0,8,8,0,0.0,0.0,0.0
oof,R0,20,20,C_old_winner_changed_from_R0_fraction,8,8,0,0.0,0.0,0.0
oof,R0,20,20,C_old_R0_correct_to_wrong_fraction,8,8,0,0.0,0.0,0.0
oof,R0,20,20,C_old_R0_wrong_to_correct_fraction,8,8,0,0.0,0.0,0.0
oof,R0,20,20,C_new_margin_mean,8,8,0,0.17800642523509924,0.017407508231667545,0.3419968720911873
oof,R0,20,20,C_new_margin_minus_R0,8,8,0,0.0,0.0,0.0
oof,R0,20,20,C_new_winner_changed_from_R0_fraction,8,8,0,0.0,0.0,0.0
oof,R0,20,20,C_new_R0_correct_to_wrong_fraction,8,8,0,0.0,0.0,0.0
oof,R0,20,20,C_new_R0_wrong_to_correct_fraction,8,8,0,0.0,0.0,0.0
oof,R_MC_reset_init,1,0,A_old_accuracy,8,0,8,,,
oof,R_MC_reset_init,1,0,B0_old_accuracy,8,0,8,,,
oof,R_MC_reset_init,1,0,B_old_accuracy,8,0,8,,,
oof,R_MC_reset_init,1,0,C_old_columns_accuracy,8,0,8,,,
oof,R_MC_reset_init,1,0,C_old_accuracy,8,0,8,,,
oof,R_MC_reset_init,1,0,C_new_accuracy,8,0,8,,,
oof,R_MC_reset_init,1,0,C_h,8,0,8,,,
oof,R_MC_reset_init,1,0,adaptation_gain_B_minus_A,8,0,8,,,
oof,R_MC_reset_init,1,0,support_adaptation_B_minus_B0,8,0,8,,,
oof,R_MC_reset_init,1,0,old_order_change,8,0,8,,,
oof,R_MC_reset_init,1,0,new_competition_loss,8,0,8,,,
oof,R_MC_reset_init,1,0,total_old_accuracy_drop,8,0,8,,,
oof,R_MC_reset_init,1,0,C_abs_new_old_gap,8,0,8,,,
oof,R_MC_reset_init,1,0,C_new_minus_old,8,0,8,,,
oof,R_MC_reset_init,1,0,C_old_minus_R0,8,0,8,,,
oof,R_MC_reset_init,1,0,C_new_minus_R0,8,0,8,,,
oof,R_MC_reset_init,1,0,old_order_recovery_fraction,8,0,8,,,
oof,R_MC_reset_init,1,0,total_recovery_fraction,8,0,8,,,
oof,R_MC_reset_init,1,0,old_winner_changed_fraction,8,0,8,,,
oof,R_MC_reset_init,1,0,old_displaced_by_new_fraction,8,0,8,,,
oof,R_MC_reset_init,1,0,correctness_B_Cold_C_000,8,0,8,,,
oof,R_MC_reset_init,1,0,correctness_B_Cold_C_100,8,0,8,,,
oof,R_MC_reset_init,1,0,correctness_B_Cold_C_010,8,0,8,,,
oof,R_MC_reset_init,1,0,correctness_B_Cold_C_110,8,0,8,,,
oof,R_MC_reset_init,1,0,correctness_B_Cold_C_011,8,0,8,,,
oof,R_MC_reset_init,1,0,correctness_B_Cold_C_111,8,0,8,,,
oof,R_MC_reset_init,1,0,B_old_margin_mean,8,0,8,,,
oof,R_MC_reset_init,1,0,B_old_margin_minus_R0,8,0,8,,,
oof,R_MC_reset_init,1,0,B_old_winner_changed_from_R0_fraction,8,0,8,,,
oof,R_MC_reset_init,1,0,B_old_R0_correct_to_wrong_fraction,8,0,8,,,
oof,R_MC_reset_init,1,0,B_old_R0_wrong_to_correct_fraction,8,0,8,,,
oof,R_MC_reset_init,1,0,C_old_margin_mean,8,0,8,,,
oof,R_MC_reset_init,1,0,C_old_margin_minus_R0,8,0,8,,,
oof,R_MC_reset_init,1,0,C_old_winner_changed_from_R0_fraction,8,0,8,,,
oof,R_MC_reset_init,1,0,C_old_R0_correct_to_wrong_fraction,8,0,8,,,
oof,R_MC_reset_init,1,0,C_old_R0_wrong_to_correct_fraction,8,0,8,,,
oof,R_MC_reset_init,1,0,C_new_margin_mean,8,0,8,,,
oof,R_MC_reset_init,1,0,C_new_margin_minus_R0,8,0,8,,,
oof,R_MC_reset_init,1,0,C_new_winner_changed_from_R0_fraction,8,0,8,,,
oof,R_MC_reset_init,1,0,C_new_R0_correct_to_wrong_fraction,8,0,8,,,
oof,R_MC_reset_init,1,0,C_new_R0_wrong_to_correct_fraction,8,0,8,,,
oof,R_MC_reset_init,1,2,A_old_accuracy,8,0,8,,,
oof,R_MC_reset_init,1,2,B0_old_accuracy,8,0,8,,,
oof,R_MC_reset_init,1,2,B_old_accuracy,8,0,8,,,
oof,R_MC_reset_init,1,2,C_old_columns_accuracy,8,0,8,,,
oof,R_MC_reset_init,1,2,C_old_accuracy,8,0,8,,,
oof,R_MC_reset_init,1,2,C_new_accuracy,8,0,8,,,
oof,R_MC_reset_init,1,2,C_h,8,0,8,,,
oof,R_MC_reset_init,1,2,adaptation_gain_B_minus_A,8,0,8,,,
oof,R_MC_reset_init,1,2,support_adaptation_B_minus_B0,8,0,8,,,
oof,R_MC_reset_init,1,2,old_order_change,8,0,8,,,
oof,R_MC_reset_init,1,2,new_competition_loss,8,0,8,,,
oof,R_MC_reset_init,1,2,total_old_accuracy_drop,8,0,8,,,
oof,R_MC_reset_init,1,2,C_abs_new_old_gap,8,0,8,,,
oof,R_MC_reset_init,1,2,C_new_minus_old,8,0,8,,,
oof,R_MC_reset_init,1,2,C_old_minus_R0,8,0,8,,,
oof,R_MC_reset_init,1,2,C_new_minus_R0,8,0,8,,,
oof,R_MC_reset_init,1,2,old_order_recovery_fraction,8,0,8,,,
oof,R_MC_reset_init,1,2,total_recovery_fraction,8,0,8,,,
oof,R_MC_reset_init,1,2,old_winner_changed_fraction,8,0,8,,,
oof,R_MC_reset_init,1,2,old_displaced_by_new_fraction,8,0,8,,,
oof,R_MC_reset_init,1,2,correctness_B_Cold_C_000,8,0,8,,,
oof,R_MC_reset_init,1,2,correctness_B_Cold_C_100,8,0,8,,,
oof,R_MC_reset_init,1,2,correctness_B_Cold_C_010,8,0,8,,,
oof,R_MC_reset_init,1,2,correctness_B_Cold_C_110,8,0,8,,,
oof,R_MC_reset_init,1,2,correctness_B_Cold_C_011,8,0,8,,,
oof,R_MC_reset_init,1,2,correctness_B_Cold_C_111,8,0,8,,,
oof,R_MC_reset_init,1,2,B_old_margin_mean,8,0,8,,,
oof,R_MC_reset_init,1,2,B_old_margin_minus_R0,8,0,8,,,
oof,R_MC_reset_init,1,2,B_old_winner_changed_from_R0_fraction,8,0,8,,,
oof,R_MC_reset_init,1,2,B_old_R0_correct_to_wrong_fraction,8,0,8,,,
oof,R_MC_reset_init,1,2,B_old_R0_wrong_to_correct_fraction,8,0,8,,,
oof,R_MC_reset_init,1,2,C_old_margin_mean,8,0,8,,,
oof,R_MC_reset_init,1,2,C_old_margin_minus_R0,8,0,8,,,
oof,R_MC_reset_init,1,2,C_old_winner_changed_from_R0_fraction,8,0,8,,,
oof,R_MC_reset_init,1,2,C_old_R0_correct_to_wrong_fraction,8,0,8,,,
oof,R_MC_reset_init,1,2,C_old_R0_wrong_to_correct_fraction,8,0,8,,,
oof,R_MC_reset_init,1,2,C_new_margin_mean,8,0,8,,,
oof,R_MC_reset_init,1,2,C_new_margin_minus_R0,8,0,8,,,
oof,R_MC_reset_init,1,2,C_new_winner_changed_from_R0_fraction,8,0,8,,,
oof,R_MC_reset_init,1,2,C_new_R0_correct_to_wrong_fraction,8,0,8,,,
oof,R_MC_reset_init,1,2,C_new_R0_wrong_to_correct_fraction,8,0,8,,,
oof,R_MC_reset_init,1,5,A_old_accuracy,8,0,8,,,
oof,R_MC_reset_init,1,5,B0_old_accuracy,8,0,8,,,
oof,R_MC_reset_init,1,5,B_old_accuracy,8,0,8,,,
oof,R_MC_reset_init,1,5,C_old_columns_accuracy,8,0,8,,,
oof,R_MC_reset_init,1,5,C_old_accuracy,8,0,8,,,
oof,R_MC_reset_init,1,5,C_new_accuracy,8,0,8,,,
oof,R_MC_reset_init,1,5,C_h,8,0,8,,,
oof,R_MC_reset_init,1,5,adaptation_gain_B_minus_A,8,0,8,,,
oof,R_MC_reset_init,1,5,support_adaptation_B_minus_B0,8,0,8,,,
oof,R_MC_reset_init,1,5,old_order_change,8,0,8,,,
oof,R_MC_reset_init,1,5,new_competition_loss,8,0,8,,,
oof,R_MC_reset_init,1,5,total_old_accuracy_drop,8,0,8,,,
oof,R_MC_reset_init,1,5,C_abs_new_old_gap,8,0,8,,,
oof,R_MC_reset_init,1,5,C_new_minus_old,8,0,8,,,
oof,R_MC_reset_init,1,5,C_old_minus_R0,8,0,8,,,
oof,R_MC_reset_init,1,5,C_new_minus_R0,8,0,8,,,
oof,R_MC_reset_init,1,5,old_order_recovery_fraction,8,0,8,,,
oof,R_MC_reset_init,1,5,total_recovery_fraction,8,0,8,,,
oof,R_MC_reset_init,1,5,old_winner_changed_fraction,8,0,8,,,
oof,R_MC_reset_init,1,5,old_displaced_by_new_fraction,8,0,8,,,
oof,R_MC_reset_init,1,5,correctness_B_Cold_C_000,8,0,8,,,
oof,R_MC_reset_init,1,5,correctness_B_Cold_C_100,8,0,8,,,
oof,R_MC_reset_init,1,5,correctness_B_Cold_C_010,8,0,8,,,
oof,R_MC_reset_init,1,5,correctness_B_Cold_C_110,8,0,8,,,
oof,R_MC_reset_init,1,5,correctness_B_Cold_C_011,8,0,8,,,
oof,R_MC_reset_init,1,5,correctness_B_Cold_C_111,8,0,8,,,
oof,R_MC_reset_init,1,5,B_old_margin_mean,8,0,8,,,
oof,R_MC_reset_init,1,5,B_old_margin_minus_R0,8,0,8,,,
oof,R_MC_reset_init,1,5,B_old_winner_changed_from_R0_fraction,8,0,8,,,
oof,R_MC_reset_init,1,5,B_old_R0_correct_to_wrong_fraction,8,0,8,,,
oof,R_MC_reset_init,1,5,B_old_R0_wrong_to_correct_fraction,8,0,8,,,
oof,R_MC_reset_init,1,5,C_old_margin_mean,8,0,8,,,
oof,R_MC_reset_init,1,5,C_old_margin_minus_R0,8,0,8,,,
oof,R_MC_reset_init,1,5,C_old_winner_changed_from_R0_fraction,8,0,8,,,
oof,R_MC_reset_init,1,5,C_old_R0_correct_to_wrong_fraction,8,0,8,,,
oof,R_MC_reset_init,1,5,C_old_R0_wrong_to_correct_fraction,8,0,8,,,
oof,R_MC_reset_init,1,5,C_new_margin_mean,8,0,8,,,
oof,R_MC_reset_init,1,5,C_new_margin_minus_R0,8,0,8,,,
oof,R_MC_reset_init,1,5,C_new_winner_changed_from_R0_fraction,8,0,8,,,
oof,R_MC_reset_init,1,5,C_new_R0_correct_to_wrong_fraction,8,0,8,,,
oof,R_MC_reset_init,1,5,C_new_R0_wrong_to_correct_fraction,8,0,8,,,
oof,R_MC_reset_init,1,10,A_old_accuracy,8,0,8,,,
oof,R_MC_reset_init,1,10,B0_old_accuracy,8,0,8,,,
oof,R_MC_reset_init,1,10,B_old_accuracy,8,0,8,,,
oof,R_MC_reset_init,1,10,C_old_columns_accuracy,8,0,8,,,
oof,R_MC_reset_init,1,10,C_old_accuracy,8,0,8,,,
oof,R_MC_reset_init,1,10,C_new_accuracy,8,0,8,,,
oof,R_MC_reset_init,1,10,C_h,8,0,8,,,
oof,R_MC_reset_init,1,10,adaptation_gain_B_minus_A,8,0,8,,,
oof,R_MC_reset_init,1,10,support_adaptation_B_minus_B0,8,0,8,,,
oof,R_MC_reset_init,1,10,old_order_change,8,0,8,,,
oof,R_MC_reset_init,1,10,new_competition_loss,8,0,8,,,
oof,R_MC_reset_init,1,10,total_old_accuracy_drop,8,0,8,,,
oof,R_MC_reset_init,1,10,C_abs_new_old_gap,8,0,8,,,
oof,R_MC_reset_init,1,10,C_new_minus_old,8,0,8,,,
oof,R_MC_reset_init,1,10,C_old_minus_R0,8,0,8,,,
oof,R_MC_reset_init,1,10,C_new_minus_R0,8,0,8,,,
oof,R_MC_reset_init,1,10,old_order_recovery_fraction,8,0,8,,,
oof,R_MC_reset_init,1,10,total_recovery_fraction,8,0,8,,,
oof,R_MC_reset_init,1,10,old_winner_changed_fraction,8,0,8,,,
oof,R_MC_reset_init,1,10,old_displaced_by_new_fraction,8,0,8,,,
oof,R_MC_reset_init,1,10,correctness_B_Cold_C_000,8,0,8,,,
oof,R_MC_reset_init,1,10,correctness_B_Cold_C_100,8,0,8,,,
oof,R_MC_reset_init,1,10,correctness_B_Cold_C_010,8,0,8,,,
oof,R_MC_reset_init,1,10,correctness_B_Cold_C_110,8,0,8,,,
oof,R_MC_reset_init,1,10,correctness_B_Cold_C_011,8,0,8,,,
oof,R_MC_reset_init,1,10,correctness_B_Cold_C_111,8,0,8,,,
oof,R_MC_reset_init,1,10,B_old_margin_mean,8,0,8,,,
oof,R_MC_reset_init,1,10,B_old_margin_minus_R0,8,0,8,,,
oof,R_MC_reset_init,1,10,B_old_winner_changed_from_R0_fraction,8,0,8,,,
oof,R_MC_reset_init,1,10,B_old_R0_correct_to_wrong_fraction,8,0,8,,,
oof,R_MC_reset_init,1,10,B_old_R0_wrong_to_correct_fraction,8,0,8,,,
oof,R_MC_reset_init,1,10,C_old_margin_mean,8,0,8,,,
oof,R_MC_reset_init,1,10,C_old_margin_minus_R0,8,0,8,,,
oof,R_MC_reset_init,1,10,C_old_winner_changed_from_R0_fraction,8,0,8,,,
oof,R_MC_reset_init,1,10,C_old_R0_correct_to_wrong_fraction,8,0,8,,,
oof,R_MC_reset_init,1,10,C_old_R0_wrong_to_correct_fraction,8,0,8,,,
oof,R_MC_reset_init,1,10,C_new_margin_mean,8,0,8,,,
oof,R_MC_reset_init,1,10,C_new_margin_minus_R0,8,0,8,,,
oof,R_MC_reset_init,1,10,C_new_winner_changed_from_R0_fraction,8,0,8,,,
oof,R_MC_reset_init,1,10,C_new_R0_correct_to_wrong_fraction,8,0,8,,,
oof,R_MC_reset_init,1,10,C_new_R0_wrong_to_correct_fraction,8,0,8,,,
oof,R_MC_reset_init,1,20,A_old_accuracy,8,0,8,,,
oof,R_MC_reset_init,1,20,B0_old_accuracy,8,0,8,,,
oof,R_MC_reset_init,1,20,B_old_accuracy,8,0,8,,,
oof,R_MC_reset_init,1,20,C_old_columns_accuracy,8,0,8,,,
oof,R_MC_reset_init,1,20,C_old_accuracy,8,0,8,,,
oof,R_MC_reset_init,1,20,C_new_accuracy,8,0,8,,,
oof,R_MC_reset_init,1,20,C_h,8,0,8,,,
oof,R_MC_reset_init,1,20,adaptation_gain_B_minus_A,8,0,8,,,
oof,R_MC_reset_init,1,20,support_adaptation_B_minus_B0,8,0,8,,,
oof,R_MC_reset_init,1,20,old_order_change,8,0,8,,,
oof,R_MC_reset_init,1,20,new_competition_loss,8,0,8,,,
oof,R_MC_reset_init,1,20,total_old_accuracy_drop,8,0,8,,,
oof,R_MC_reset_init,1,20,C_abs_new_old_gap,8,0,8,,,
oof,R_MC_reset_init,1,20,C_new_minus_old,8,0,8,,,
oof,R_MC_reset_init,1,20,C_old_minus_R0,8,0,8,,,
oof,R_MC_reset_init,1,20,C_new_minus_R0,8,0,8,,,
oof,R_MC_reset_init,1,20,old_order_recovery_fraction,8,0,8,,,
oof,R_MC_reset_init,1,20,total_recovery_fraction,8,0,8,,,
oof,R_MC_reset_init,1,20,old_winner_changed_fraction,8,0,8,,,
oof,R_MC_reset_init,1,20,old_displaced_by_new_fraction,8,0,8,,,
oof,R_MC_reset_init,1,20,correctness_B_Cold_C_000,8,0,8,,,
oof,R_MC_reset_init,1,20,correctness_B_Cold_C_100,8,0,8,,,
oof,R_MC_reset_init,1,20,correctness_B_Cold_C_010,8,0,8,,,
oof,R_MC_reset_init,1,20,correctness_B_Cold_C_110,8,0,8,,,
oof,R_MC_reset_init,1,20,correctness_B_Cold_C_011,8,0,8,,,
oof,R_MC_reset_init,1,20,correctness_B_Cold_C_111,8,0,8,,,
oof,R_MC_reset_init,1,20,B_old_margin_mean,8,0,8,,,
oof,R_MC_reset_init,1,20,B_old_margin_minus_R0,8,0,8,,,
oof,R_MC_reset_init,1,20,B_old_winner_changed_from_R0_fraction,8,0,8,,,
oof,R_MC_reset_init,1,20,B_old_R0_correct_to_wrong_fraction,8,0,8,,,
oof,R_MC_reset_init,1,20,B_old_R0_wrong_to_correct_fraction,8,0,8,,,
oof,R_MC_reset_init,1,20,C_old_margin_mean,8,0,8,,,
oof,R_MC_reset_init,1,20,C_old_margin_minus_R0,8,0,8,,,
oof,R_MC_reset_init,1,20,C_old_winner_changed_from_R0_fraction,8,0,8,,,
oof,R_MC_reset_init,1,20,C_old_R0_correct_to_wrong_fraction,8,0,8,,,
oof,R_MC_reset_init,1,20,C_old_R0_wrong_to_correct_fraction,8,0,8,,,
oof,R_MC_reset_init,1,20,C_new_margin_mean,8,0,8,,,
oof,R_MC_reset_init,1,20,C_new_margin_minus_R0,8,0,8,,,
oof,R_MC_reset_init,1,20,C_new_winner_changed_from_R0_fraction,8,0,8,,,
oof,R_MC_reset_init,1,20,C_new_R0_correct_to_wrong_fraction,8,0,8,,,
oof,R_MC_reset_init,1,20,C_new_R0_wrong_to_correct_fraction,8,0,8,,,
oof,R_MC_reset_init,5,0,A_old_accuracy,8,0,8,,,
oof,R_MC_reset_init,5,0,B0_old_accuracy,8,8,0,0.6333333333333333,0.3333333333333333,0.9333333333333333
oof,R_MC_reset_init,5,0,B_old_accuracy,8,8,0,0.6291666666666667,0.3333333333333333,0.9333333333333333
oof,R_MC_reset_init,5,0,C_old_columns_accuracy,8,8,0,0.6291666666666667,0.3333333333333333,0.9333333333333333
oof,R_MC_reset_init,5,0,C_old_accuracy,8,8,0,0.6291666666666667,0.3333333333333333,0.9333333333333333
oof,R_MC_reset_init,5,0,C_new_accuracy,8,0,8,,,
oof,R_MC_reset_init,5,0,C_h,8,0,8,,,
oof,R_MC_reset_init,5,0,adaptation_gain_B_minus_A,8,0,8,,,
oof,R_MC_reset_init,5,0,support_adaptation_B_minus_B0,8,8,0,-0.004166666666666666,-0.033333333333333326,0.0
oof,R_MC_reset_init,5,0,old_order_change,8,8,0,0.0,0.0,0.0
oof,R_MC_reset_init,5,0,new_competition_loss,8,8,0,0.0,0.0,0.0
oof,R_MC_reset_init,5,0,total_old_accuracy_drop,8,8,0,0.0,0.0,0.0
oof,R_MC_reset_init,5,0,C_abs_new_old_gap,8,0,8,,,
oof,R_MC_reset_init,5,0,C_new_minus_old,8,0,8,,,
oof,R_MC_reset_init,5,0,C_old_minus_R0,8,8,0,-0.004166666666666666,-0.033333333333333326,0.0
oof,R_MC_reset_init,5,0,C_new_minus_R0,8,0,8,,,
oof,R_MC_reset_init,5,0,old_order_recovery_fraction,8,8,0,0.0,0.0,0.0
oof,R_MC_reset_init,5,0,total_recovery_fraction,8,8,0,0.0,0.0,0.0
oof,R_MC_reset_init,5,0,old_winner_changed_fraction,8,8,0,0.0,0.0,0.0
oof,R_MC_reset_init,5,0,old_displaced_by_new_fraction,8,8,0,0.0,0.0,0.0
oof,R_MC_reset_init,5,0,correctness_B_Cold_C_000,8,8,0,0.37083333333333335,0.06666666666666667,0.6666666666666666
oof,R_MC_reset_init,5,0,correctness_B_Cold_C_100,8,8,0,0.0,0.0,0.0
oof,R_MC_reset_init,5,0,correctness_B_Cold_C_010,8,8,0,0.0,0.0,0.0
oof,R_MC_reset_init,5,0,correctness_B_Cold_C_110,8,8,0,0.0,0.0,0.0
oof,R_MC_reset_init,5,0,correctness_B_Cold_C_011,8,8,0,0.0,0.0,0.0
oof,R_MC_reset_init,5,0,correctness_B_Cold_C_111,8,8,0,0.6291666666666667,0.3333333333333333,0.9333333333333333
oof,R_MC_reset_init,5,0,B_old_margin_mean,8,8,0,0.13931376339745516,-0.03811368036513978,0.3808961047719504
oof,R_MC_reset_init,5,0,B_old_margin_minus_R0,8,8,0,0.00046938701863695356,0.00010567988097294131,0.001293017278562777
oof,R_MC_reset_init,5,0,B_old_winner_changed_from_R0_fraction,8,8,0,0.004166666666666667,0.0,0.03333333333333333
oof,R_MC_reset_init,5,0,B_old_R0_correct_to_wrong_fraction,8,8,0,0.004166666666666667,0.0,0.03333333333333333
oof,R_MC_reset_init,5,0,B_old_R0_wrong_to_correct_fraction,8,8,0,0.0,0.0,0.0
oof,R_MC_reset_init,5,0,C_old_margin_mean,8,8,0,0.13931376339745516,-0.03811368036513978,0.3808961047719504
oof,R_MC_reset_init,5,0,C_old_margin_minus_R0,8,8,0,0.00046938701863695356,0.00010567988097294131,0.001293017278562777
oof,R_MC_reset_init,5,0,C_old_winner_changed_from_R0_fraction,8,8,0,0.004166666666666667,0.0,0.03333333333333333
oof,R_MC_reset_init,5,0,C_old_R0_correct_to_wrong_fraction,8,8,0,0.004166666666666667,0.0,0.03333333333333333
oof,R_MC_reset_init,5,0,C_old_R0_wrong_to_correct_fraction,8,8,0,0.0,0.0,0.0
oof,R_MC_reset_init,5,0,C_new_margin_mean,8,0,8,,,
oof,R_MC_reset_init,5,0,C_new_margin_minus_R0,8,0,8,,,
oof,R_MC_reset_init,5,0,C_new_winner_changed_from_R0_fraction,8,0,8,,,
oof,R_MC_reset_init,5,0,C_new_R0_correct_to_wrong_fraction,8,0,8,,,
oof,R_MC_reset_init,5,0,C_new_R0_wrong_to_correct_fraction,8,0,8,,,
oof,R_MC_reset_init,5,2,A_old_accuracy,8,0,8,,,
oof,R_MC_reset_init,5,2,B0_old_accuracy,8,8,0,0.6333333333333333,0.3333333333333333,0.9333333333333333
oof,R_MC_reset_init,5,2,B_old_accuracy,8,8,0,0.6291666666666667,0.3333333333333333,0.9333333333333333
oof,R_MC_reset_init,5,2,C_old_columns_accuracy,8,8,0,0.6333333333333333,0.3333333333333333,0.9333333333333333
oof,R_MC_reset_init,5,2,C_old_accuracy,8,8,0,0.6124999999999999,0.26666666666666666,0.9333333333333333
oof,R_MC_reset_init,5,2,C_new_accuracy,8,8,0,0.5,0.2,0.9
oof,R_MC_reset_init,5,2,C_h,8,8,0,0.535219412916297,0.24,0.9
oof,R_MC_reset_init,5,2,adaptation_gain_B_minus_A,8,0,8,,,
oof,R_MC_reset_init,5,2,support_adaptation_B_minus_B0,8,8,0,-0.004166666666666666,-0.033333333333333326,0.0
oof,R_MC_reset_init,5,2,old_order_change,8,8,0,-0.004166666666666667,-0.03333333333333333,0.0
oof,R_MC_reset_init,5,2,new_competition_loss,8,8,0,0.020833333333333332,0.0,0.06666666666666667
oof,R_MC_reset_init,5,2,total_old_accuracy_drop,8,8,0,0.016666666666666666,0.0,0.06666666666666667
oof,R_MC_reset_init,5,2,C_abs_new_old_gap,8,8,0,0.17083333333333336,0.0,0.43333333333333335
oof,R_MC_reset_init,5,2,C_new_minus_old,8,8,0,-0.11249999999999999,-0.43333333333333335,0.16666666666666669
oof,R_MC_reset_init,5,2,C_old_minus_R0,8,8,0,0.0,0.0,0.0
oof,R_MC_reset_init,5,2,C_new_minus_R0,8,8,0,0.0,0.0,0.0
oof,R_MC_reset_init,5,2,old_order_recovery_fraction,8,8,0,0.004166666666666667,0.0,0.03333333333333333
oof,R_MC_reset_init,5,2,total_recovery_fraction,8,8,0,0.004166666666666667,0.0,0.03333333333333333
oof,R_MC_reset_init,5,2,old_winner_changed_fraction,8,8,0,0.020833333333333332,0.0,0.03333333333333333
oof,R_MC_reset_init,5,2,old_displaced_by_new_fraction,8,8,0,0.07083333333333333,0.0,0.2
oof,R_MC_reset_init,5,2,correctness_B_Cold_C_000,8,8,0,0.3666666666666667,0.06666666666666667,0.6666666666666666
oof,R_MC_reset_init,5,2,correctness_B_Cold_C_100,8,8,0,0.0,0.0,0.0
oof,R_MC_reset_init,5,2,correctness_B_Cold_C_010,8,8,0,0.0,0.0,0.0
oof,R_MC_reset_init,5,2,correctness_B_Cold_C_110,8,8,0,0.020833333333333332,0.0,0.06666666666666667
oof,R_MC_reset_init,5,2,correctness_B_Cold_C_011,8,8,0,0.004166666666666667,0.0,0.03333333333333333
oof,R_MC_reset_init,5,2,correctness_B_Cold_C_111,8,8,0,0.6083333333333333,0.26666666666666666,0.9333333333333333
oof,R_MC_reset_init,5,2,B_old_margin_mean,8,8,0,0.13931376339745516,-0.03811368036513978,0.3808961047719504
oof,R_MC_reset_init,5,2,B_old_margin_minus_R0,8,8,0,0.00046938701863695356,0.00010567988097294131,0.001293017278562777
oof,R_MC_reset_init,5,2,B_old_winner_changed_from_R0_fraction,8,8,0,0.004166666666666667,0.0,0.03333333333333333
oof,R_MC_reset_init,5,2,B_old_R0_correct_to_wrong_fraction,8,8,0,0.004166666666666667,0.0,0.03333333333333333
oof,R_MC_reset_init,5,2,B_old_R0_wrong_to_correct_fraction,8,8,0,0.0,0.0,0.0
oof,R_MC_reset_init,5,2,C_old_margin_mean,8,8,0,0.11631829500921213,-0.042224414268565005,0.33610117286710567
oof,R_MC_reset_init,5,2,C_old_margin_minus_R0,8,8,0,0.00043026888596768136,-8.452077995810964e-05,0.0008224262634962992
oof,R_MC_reset_init,5,2,C_old_winner_changed_from_R0_fraction,8,8,0,0.0,0.0,0.0
oof,R_MC_reset_init,5,2,C_old_R0_correct_to_wrong_fraction,8,8,0,0.0,0.0,0.0
oof,R_MC_reset_init,5,2,C_old_R0_wrong_to_correct_fraction,8,8,0,0.0,0.0,0.0
oof,R_MC_reset_init,5,2,C_new_margin_mean,8,8,0,0.04228389077035211,-0.058991728591473516,0.2387100346053898
oof,R_MC_reset_init,5,2,C_new_margin_minus_R0,8,8,0,0.0006222187975308663,0.0001444932980165549,0.0022688886130917685
oof,R_MC_reset_init,5,2,C_new_winner_changed_from_R0_fraction,8,8,0,0.0,0.0,0.0
oof,R_MC_reset_init,5,2,C_new_R0_correct_to_wrong_fraction,8,8,0,0.0,0.0,0.0
oof,R_MC_reset_init,5,2,C_new_R0_wrong_to_correct_fraction,8,8,0,0.0,0.0,0.0
oof,R_MC_reset_init,5,5,A_old_accuracy,8,0,8,,,
oof,R_MC_reset_init,5,5,B0_old_accuracy,8,8,0,0.6333333333333333,0.3333333333333333,0.9333333333333333
oof,R_MC_reset_init,5,5,B_old_accuracy,8,8,0,0.6291666666666667,0.3333333333333333,0.9333333333333333
oof,R_MC_reset_init,5,5,C_old_columns_accuracy,8,8,0,0.625,0.3,0.9333333333333333
oof,R_MC_reset_init,5,5,C_old_accuracy,8,8,0,0.5458333333333333,0.23333333333333334,0.8666666666666667
oof,R_MC_reset_init,5,5,C_new_accuracy,8,8,0,0.495,0.16,0.92
oof,R_MC_reset_init,5,5,C_h,8,8,0,0.5165246733774391,0.1898305084745763,0.8745247148288974
oof,R_MC_reset_init,5,5,adaptation_gain_B_minus_A,8,0,8,,,
oof,R_MC_reset_init,5,5,support_adaptation_B_minus_B0,8,8,0,-0.004166666666666666,-0.033333333333333326,0.0
oof,R_MC_reset_init,5,5,old_order_change,8,8,0,0.004166666666666667,-0.03333333333333333,0.03333333333333333
oof,R_MC_reset_init,5,5,new_competition_loss,8,8,0,0.07916666666666666,0.06666666666666667,0.1
oof,R_MC_reset_init,5,5,total_old_accuracy_drop,8,8,0,0.08333333333333333,0.03333333333333333,0.1
oof,R_MC_reset_init,5,5,C_abs_new_old_gap,8,8,0,0.07416666666666666,0.006666666666666599,0.18666666666666665
oof,R_MC_reset_init,5,5,C_new_minus_old,8,8,0,-0.05083333333333335,-0.18666666666666665,0.08666666666666667
oof,R_MC_reset_init,5,5,C_old_minus_R0,8,8,0,0.0,0.0,0.0
oof,R_MC_reset_init,5,5,C_new_minus_R0,8,8,0,-0.0049999999999999975,-0.03999999999999998,0.0
oof,R_MC_reset_init,5,5,old_order_recovery_fraction,8,8,0,0.004166666666666667,0.0,0.03333333333333333
oof,R_MC_reset_init,5,5,total_recovery_fraction,8,8,0,0.004166666666666667,0.0,0.03333333333333333
oof,R_MC_reset_init,5,5,old_winner_changed_fraction,8,8,0,0.04166666666666667,0.0,0.1
oof,R_MC_reset_init,5,5,old_displaced_by_new_fraction,8,8,0,0.19166666666666668,0.06666666666666667,0.3333333333333333
oof,R_MC_reset_init,5,5,correctness_B_Cold_C_000,8,8,0,0.3666666666666667,0.06666666666666667,0.6666666666666666
oof,R_MC_reset_init,5,5,correctness_B_Cold_C_100,8,8,0,0.008333333333333333,0.0,0.03333333333333333
oof,R_MC_reset_init,5,5,correctness_B_Cold_C_010,8,8,0,0.0,0.0,0.0
oof,R_MC_reset_init,5,5,correctness_B_Cold_C_110,8,8,0,0.07916666666666666,0.06666666666666667,0.1
oof,R_MC_reset_init,5,5,correctness_B_Cold_C_011,8,8,0,0.004166666666666667,0.0,0.03333333333333333
oof,R_MC_reset_init,5,5,correctness_B_Cold_C_111,8,8,0,0.5416666666666666,0.23333333333333334,0.8666666666666667
oof,R_MC_reset_init,5,5,B_old_margin_mean,8,8,0,0.13931376339745516,-0.03811368036513978,0.3808961047719504
oof,R_MC_reset_init,5,5,B_old_margin_minus_R0,8,8,0,0.00046938701863695356,0.00010567988097294131,0.001293017278562777
oof,R_MC_reset_init,5,5,B_old_winner_changed_from_R0_fraction,8,8,0,0.004166666666666667,0.0,0.03333333333333333
oof,R_MC_reset_init,5,5,B_old_R0_correct_to_wrong_fraction,8,8,0,0.004166666666666667,0.0,0.03333333333333333
oof,R_MC_reset_init,5,5,B_old_R0_wrong_to_correct_fraction,8,8,0,0.0,0.0,0.0
oof,R_MC_reset_init,5,5,C_old_margin_mean,8,8,0,0.08932076053117398,-0.04712383907540451,0.2725160019404863
oof,R_MC_reset_init,5,5,C_old_margin_minus_R0,8,8,0,0.00034084479254562465,-5.536472353702762e-06,0.0007240370426342369
oof,R_MC_reset_init,5,5,C_old_winner_changed_from_R0_fraction,8,8,0,0.004166666666666667,0.0,0.03333333333333333
oof,R_MC_reset_init,5,5,C_old_R0_correct_to_wrong_fraction,8,8,0,0.0,0.0,0.0
oof,R_MC_reset_init,5,5,C_old_R0_wrong_to_correct_fraction,8,8,0,0.0,0.0,0.0
oof,R_MC_reset_init,5,5,C_new_margin_mean,8,8,0,0.05711298884334401,-0.06695480545401687,0.21990534974644482
oof,R_MC_reset_init,5,5,C_new_margin_minus_R0,8,8,0,0.0003623758123088789,-0.0001755972743165829,0.0019239497406193724
oof,R_MC_reset_init,5,5,C_new_winner_changed_from_R0_fraction,8,8,0,0.005,0.0,0.04
oof,R_MC_reset_init,5,5,C_new_R0_correct_to_wrong_fraction,8,8,0,0.005,0.0,0.04
oof,R_MC_reset_init,5,5,C_new_R0_wrong_to_correct_fraction,8,8,0,0.0,0.0,0.0
oof,R_MC_reset_init,5,10,A_old_accuracy,8,0,8,,,
oof,R_MC_reset_init,5,10,B0_old_accuracy,8,8,0,0.6333333333333333,0.3333333333333333,0.9333333333333333
oof,R_MC_reset_init,5,10,B_old_accuracy,8,8,0,0.6291666666666667,0.3333333333333333,0.9333333333333333
oof,R_MC_reset_init,5,10,C_old_columns_accuracy,8,8,0,0.6375,0.3333333333333333,0.9333333333333333
oof,R_MC_reset_init,5,10,C_old_accuracy,8,8,0,0.5333333333333334,0.2,0.8666666666666667
oof,R_MC_reset_init,5,10,C_new_accuracy,8,8,0,0.4825,0.14,0.84
oof,R_MC_reset_init,5,10,C_h,8,8,0,0.5036107198431325,0.1647058823529412,0.853125
oof,R_MC_reset_init,5,10,adaptation_gain_B_minus_A,8,0,8,,,
oof,R_MC_reset_init,5,10,support_adaptation_B_minus_B0,8,8,0,-0.004166666666666666,-0.033333333333333326,0.0
oof,R_MC_reset_init,5,10,old_order_change,8,8,0,-0.008333333333333335,-0.03333333333333333,0.03333333333333333
oof,R_MC_reset_init,5,10,new_competition_loss,8,8,0,0.10416666666666666,0.06666666666666667,0.13333333333333333
oof,R_MC_reset_init,5,10,total_old_accuracy_drop,8,8,0,0.09583333333333333,0.03333333333333333,0.16666666666666666
oof,R_MC_reset_init,5,10,C_abs_new_old_gap,8,8,0,0.08083333333333337,0.026666666666666727,0.19333333333333336
oof,R_MC_reset_init,5,10,C_new_minus_old,8,8,0,-0.05083333333333335,-0.19333333333333336,0.07333333333333336
oof,R_MC_reset_init,5,10,C_old_minus_R0,8,8,0,0.0,0.0,0.0
oof,R_MC_reset_init,5,10,C_new_minus_R0,8,8,0,0.0,0.0,0.0
oof,R_MC_reset_init,5,10,old_order_recovery_fraction,8,8,0,0.0125,0.0,0.03333333333333333
oof,R_MC_reset_init,5,10,total_recovery_fraction,8,8,0,0.004166666666666667,0.0,0.03333333333333333
oof,R_MC_reset_init,5,10,old_winner_changed_fraction,8,8,0,0.0375,0.0,0.1
oof,R_MC_reset_init,5,10,old_displaced_by_new_fraction,8,8,0,0.25833333333333336,0.1,0.5
oof,R_MC_reset_init,5,10,correctness_B_Cold_C_000,8,8,0,0.3583333333333333,0.06666666666666667,0.6666666666666666
oof,R_MC_reset_init,5,10,correctness_B_Cold_C_100,8,8,0,0.004166666666666667,0.0,0.03333333333333333
oof,R_MC_reset_init,5,10,correctness_B_Cold_C_010,8,8,0,0.008333333333333333,0.0,0.03333333333333333
oof,R_MC_reset_init,5,10,correctness_B_Cold_C_110,8,8,0,0.09583333333333333,0.06666666666666667,0.13333333333333333
oof,R_MC_reset_init,5,10,correctness_B_Cold_C_011,8,8,0,0.004166666666666667,0.0,0.03333333333333333
oof,R_MC_reset_init,5,10,correctness_B_Cold_C_111,8,8,0,0.5291666666666668,0.2,0.8666666666666667
oof,R_MC_reset_init,5,10,B_old_margin_mean,8,8,0,0.13931376339745516,-0.03811368036513978,0.3808961047719504
oof,R_MC_reset_init,5,10,B_old_margin_minus_R0,8,8,0,0.00046938701863695356,0.00010567988097294131,0.001293017278562777
oof,R_MC_reset_init,5,10,B_old_winner_changed_from_R0_fraction,8,8,0,0.004166666666666667,0.0,0.03333333333333333
oof,R_MC_reset_init,5,10,B_old_R0_correct_to_wrong_fraction,8,8,0,0.004166666666666667,0.0,0.03333333333333333
oof,R_MC_reset_init,5,10,B_old_R0_wrong_to_correct_fraction,8,8,0,0.0,0.0,0.0
oof,R_MC_reset_init,5,10,C_old_margin_mean,8,8,0,0.07858470664418285,-0.05105953074583793,0.2613526386835902
oof,R_MC_reset_init,5,10,C_old_margin_minus_R0,8,8,0,0.000584057459214039,-0.00013889897966854053,0.0011862834011404587
oof,R_MC_reset_init,5,10,C_old_winner_changed_from_R0_fraction,8,8,0,0.0,0.0,0.0
oof,R_MC_reset_init,5,10,C_old_R0_correct_to_wrong_fraction,8,8,0,0.0,0.0,0.0
oof,R_MC_reset_init,5,10,C_old_R0_wrong_to_correct_fraction,8,8,0,0.0,0.0,0.0
oof,R_MC_reset_init,5,10,C_new_margin_mean,8,8,0,0.054342330076183595,-0.05678100032253361,0.1770533899703729
oof,R_MC_reset_init,5,10,C_new_margin_minus_R0,8,8,0,0.00031542249437827035,-4.012913084514666e-05,0.0011462137445546721
oof,R_MC_reset_init,5,10,C_new_winner_changed_from_R0_fraction,8,8,0,0.0,0.0,0.0
oof,R_MC_reset_init,5,10,C_new_R0_correct_to_wrong_fraction,8,8,0,0.0,0.0,0.0
oof,R_MC_reset_init,5,10,C_new_R0_wrong_to_correct_fraction,8,8,0,0.0,0.0,0.0
oof,R_MC_reset_init,5,20,A_old_accuracy,8,0,8,,,
oof,R_MC_reset_init,5,20,B0_old_accuracy,8,8,0,0.6333333333333333,0.3333333333333333,0.9333333333333333
oof,R_MC_reset_init,5,20,B_old_accuracy,8,8,0,0.6291666666666667,0.3333333333333333,0.9333333333333333
oof,R_MC_reset_init,5,20,C_old_columns_accuracy,8,8,0,0.6375,0.3,0.9333333333333333
oof,R_MC_reset_init,5,20,C_old_accuracy,8,8,0,0.4875,0.13333333333333333,0.8333333333333334
oof,R_MC_reset_init,5,20,C_new_accuracy,8,8,0,0.46499999999999997,0.2,0.79
oof,R_MC_reset_init,5,20,C_h,8,8,0,0.4668852409316109,0.16,0.7949685534591197
oof,R_MC_reset_init,5,20,adaptation_gain_B_minus_A,8,0,8,,,
oof,R_MC_reset_init,5,20,support_adaptation_B_minus_B0,8,8,0,-0.004166666666666666,-0.033333333333333326,0.0
oof,R_MC_reset_init,5,20,old_order_change,8,8,0,-0.008333333333333335,-0.06666666666666667,0.03333333333333333
oof,R_MC_reset_init,5,20,new_competition_loss,8,8,0,0.15,0.1,0.26666666666666666
oof,R_MC_reset_init,5,20,total_old_accuracy_drop,8,8,0,0.14166666666666666,0.1,0.2
oof,R_MC_reset_init,5,20,C_abs_new_old_gap,8,8,0,0.10250000000000002,0.010000000000000009,0.2333333333333334
oof,R_MC_reset_init,5,20,C_new_minus_old,8,8,0,-0.02250000000000001,-0.2333333333333334,0.13333333333333333
oof,R_MC_reset_init,5,20,C_old_minus_R0,8,8,0,0.0,0.0,0.0
oof,R_MC_reset_init,5,20,C_new_minus_R0,8,8,0,0.0025000000000000022,0.0,0.010000000000000009
oof,R_MC_reset_init,5,20,old_order_recovery_fraction,8,8,0,0.016666666666666666,0.0,0.06666666666666667
oof,R_MC_reset_init,5,20,total_recovery_fraction,8,8,0,0.004166666666666667,0.0,0.03333333333333333
oof,R_MC_reset_init,5,20,old_winner_changed_fraction,8,8,0,0.058333333333333334,0.0,0.13333333333333333
oof,R_MC_reset_init,5,20,old_displaced_by_new_fraction,8,8,0,0.35,0.13333333333333333,0.5666666666666667
oof,R_MC_reset_init,5,20,correctness_B_Cold_C_000,8,8,0,0.35416666666666663,0.06666666666666667,0.6666666666666666
oof,R_MC_reset_init,5,20,correctness_B_Cold_C_100,8,8,0,0.008333333333333333,0.0,0.03333333333333333
oof,R_MC_reset_init,5,20,correctness_B_Cold_C_010,8,8,0,0.0125,0.0,0.06666666666666667
oof,R_MC_reset_init,5,20,correctness_B_Cold_C_110,8,8,0,0.13749999999999998,0.1,0.2
oof,R_MC_reset_init,5,20,correctness_B_Cold_C_011,8,8,0,0.004166666666666667,0.0,0.03333333333333333
oof,R_MC_reset_init,5,20,correctness_B_Cold_C_111,8,8,0,0.48333333333333334,0.13333333333333333,0.8333333333333334
oof,R_MC_reset_init,5,20,B_old_margin_mean,8,8,0,0.13931376339745516,-0.03811368036513978,0.3808961047719504
oof,R_MC_reset_init,5,20,B_old_margin_minus_R0,8,8,0,0.00046938701863695356,0.00010567988097294131,0.001293017278562777
oof,R_MC_reset_init,5,20,B_old_winner_changed_from_R0_fraction,8,8,0,0.004166666666666667,0.0,0.03333333333333333
oof,R_MC_reset_init,5,20,B_old_R0_correct_to_wrong_fraction,8,8,0,0.004166666666666667,0.0,0.03333333333333333
oof,R_MC_reset_init,5,20,B_old_R0_wrong_to_correct_fraction,8,8,0,0.0,0.0,0.0
oof,R_MC_reset_init,5,20,C_old_margin_mean,8,8,0,0.06659664403325186,-0.059823759691187244,0.24354067198833426
oof,R_MC_reset_init,5,20,C_old_margin_minus_R0,8,8,0,0.0005060308795378834,-0.00013206006578160798,0.001235815983199883
oof,R_MC_reset_init,5,20,C_old_winner_changed_from_R0_fraction,8,8,0,0.008333333333333333,0.0,0.03333333333333333
oof,R_MC_reset_init,5,20,C_old_R0_correct_to_wrong_fraction,8,8,0,0.0,0.0,0.0
oof,R_MC_reset_init,5,20,C_old_R0_wrong_to_correct_fraction,8,8,0,0.0,0.0,0.0
oof,R_MC_reset_init,5,20,C_new_margin_mean,8,8,0,0.03609897759342481,-0.04663380465755102,0.11943591583160179
oof,R_MC_reset_init,5,20,C_new_margin_minus_R0,8,8,0,0.0006572669576815371,-7.791756159042325e-05,0.0019709821471598134
oof,R_MC_reset_init,5,20,C_new_winner_changed_from_R0_fraction,8,8,0,0.012499999999999999,0.0,0.03
oof,R_MC_reset_init,5,20,C_new_R0_correct_to_wrong_fraction,8,8,0,0.00125,0.0,0.01
oof,R_MC_reset_init,5,20,C_new_R0_wrong_to_correct_fraction,8,8,0,0.00375,0.0,0.01
oof,R_MC_reset_init,10,0,A_old_accuracy,8,0,8,,,
oof,R_MC_reset_init,10,0,B0_old_accuracy,8,8,0,0.7354166666666667,0.45,0.9833333333333333
oof,R_MC_reset_init,10,0,B_old_accuracy,8,8,0,0.7333333333333334,0.45,0.9833333333333333
oof,R_MC_reset_init,10,0,C_old_columns_accuracy,8,8,0,0.7333333333333334,0.45,0.9833333333333333
oof,R_MC_reset_init,10,0,C_old_accuracy,8,8,0,0.7333333333333334,0.45,0.9833333333333333
oof,R_MC_reset_init,10,0,C_new_accuracy,8,0,8,,,
oof,R_MC_reset_init,10,0,C_h,8,0,8,,,
oof,R_MC_reset_init,10,0,adaptation_gain_B_minus_A,8,0,8,,,
oof,R_MC_reset_init,10,0,support_adaptation_B_minus_B0,8,8,0,-0.002083333333333333,-0.016666666666666663,0.0
oof,R_MC_reset_init,10,0,old_order_change,8,8,0,0.0,0.0,0.0
oof,R_MC_reset_init,10,0,new_competition_loss,8,8,0,0.0,0.0,0.0
oof,R_MC_reset_init,10,0,total_old_accuracy_drop,8,8,0,0.0,0.0,0.0
oof,R_MC_reset_init,10,0,C_abs_new_old_gap,8,0,8,,,
oof,R_MC_reset_init,10,0,C_new_minus_old,8,0,8,,,
oof,R_MC_reset_init,10,0,C_old_minus_R0,8,8,0,-0.002083333333333333,-0.016666666666666663,0.0
oof,R_MC_reset_init,10,0,C_new_minus_R0,8,0,8,,,
oof,R_MC_reset_init,10,0,old_order_recovery_fraction,8,8,0,0.0,0.0,0.0
oof,R_MC_reset_init,10,0,total_recovery_fraction,8,8,0,0.0,0.0,0.0
oof,R_MC_reset_init,10,0,old_winner_changed_fraction,8,8,0,0.0,0.0,0.0
oof,R_MC_reset_init,10,0,old_displaced_by_new_fraction,8,8,0,0.0,0.0,0.0
oof,R_MC_reset_init,10,0,correctness_B_Cold_C_000,8,8,0,0.26666666666666666,0.016666666666666666,0.55
oof,R_MC_reset_init,10,0,correctness_B_Cold_C_100,8,8,0,0.0,0.0,0.0
oof,R_MC_reset_init,10,0,correctness_B_Cold_C_010,8,8,0,0.0,0.0,0.0
oof,R_MC_reset_init,10,0,correctness_B_Cold_C_110,8,8,0,0.0,0.0,0.0
oof,R_MC_reset_init,10,0,correctness_B_Cold_C_011,8,8,0,0.0,0.0,0.0
oof,R_MC_reset_init,10,0,correctness_B_Cold_C_111,8,8,0,0.7333333333333334,0.45,0.9833333333333333
oof,R_MC_reset_init,10,0,B_old_margin_mean,8,8,0,0.28331047192814257,0.020799530177118185,0.5693929278965766
oof,R_MC_reset_init,10,0,B_old_margin_minus_R0,8,8,0,0.0013735215100299152,2.018787751302276e-05,0.004439159299646543
oof,R_MC_reset_init,10,0,B_old_winner_changed_from_R0_fraction,8,8,0,0.0020833333333333333,0.0,0.016666666666666666
oof,R_MC_reset_init,10,0,B_old_R0_correct_to_wrong_fraction,8,8,0,0.0020833333333333333,0.0,0.016666666666666666
oof,R_MC_reset_init,10,0,B_old_R0_wrong_to_correct_fraction,8,8,0,0.0,0.0,0.0
oof,R_MC_reset_init,10,0,C_old_margin_mean,8,8,0,0.28331047192814257,0.020799530177118185,0.5693929278965766
oof,R_MC_reset_init,10,0,C_old_margin_minus_R0,8,8,0,0.0013735215100299152,2.018787751302276e-05,0.004439159299646543
oof,R_MC_reset_init,10,0,C_old_winner_changed_from_R0_fraction,8,8,0,0.0020833333333333333,0.0,0.016666666666666666
oof,R_MC_reset_init,10,0,C_old_R0_correct_to_wrong_fraction,8,8,0,0.0020833333333333333,0.0,0.016666666666666666
oof,R_MC_reset_init,10,0,C_old_R0_wrong_to_correct_fraction,8,8,0,0.0,0.0,0.0
oof,R_MC_reset_init,10,0,C_new_margin_mean,8,0,8,,,
oof,R_MC_reset_init,10,0,C_new_margin_minus_R0,8,0,8,,,
oof,R_MC_reset_init,10,0,C_new_winner_changed_from_R0_fraction,8,0,8,,,
oof,R_MC_reset_init,10,0,C_new_R0_correct_to_wrong_fraction,8,0,8,,,
oof,R_MC_reset_init,10,0,C_new_R0_wrong_to_correct_fraction,8,0,8,,,
oof,R_MC_reset_init,10,2,A_old_accuracy,8,0,8,,,
oof,R_MC_reset_init,10,2,B0_old_accuracy,8,8,0,0.7354166666666667,0.45,0.9833333333333333
oof,R_MC_reset_init,10,2,B_old_accuracy,8,8,0,0.7333333333333334,0.45,0.9833333333333333
oof,R_MC_reset_init,10,2,C_old_columns_accuracy,8,8,0,0.7354166666666667,0.4666666666666667,0.9833333333333333
oof,R_MC_reset_init,10,2,C_old_accuracy,8,8,0,0.7145833333333333,0.4166666666666667,0.9833333333333333
oof,R_MC_reset_init,10,2,C_new_accuracy,8,8,0,0.51875,0.25,0.8
oof,R_MC_reset_init,10,2,C_h,8,8,0,0.5929200639471522,0.32142857142857145,0.8822429906542056
oof,R_MC_reset_init,10,2,adaptation_gain_B_minus_A,8,0,8,,,
oof,R_MC_reset_init,10,2,support_adaptation_B_minus_B0,8,8,0,-0.002083333333333333,-0.016666666666666663,0.0
oof,R_MC_reset_init,10,2,old_order_change,8,8,0,-0.0020833333333333333,-0.016666666666666666,0.016666666666666666
oof,R_MC_reset_init,10,2,new_competition_loss,8,8,0,0.020833333333333332,0.0,0.06666666666666667
oof,R_MC_reset_init,10,2,total_old_accuracy_drop,8,8,0,0.01875,0.0,0.06666666666666667
oof,R_MC_reset_init,10,2,C_abs_new_old_gap,8,8,0,0.2041666666666666,0.016666666666666663,0.43333333333333324
oof,R_MC_reset_init,10,2,C_new_minus_old,8,8,0,-0.1958333333333333,-0.43333333333333324,0.033333333333333326
oof,R_MC_reset_init,10,2,C_old_minus_R0,8,8,0,-0.002083333333333333,-0.016666666666666663,0.016666666666666663
oof,R_MC_reset_init,10,2,C_new_minus_R0,8,8,0,0.0,0.0,0.0
oof,R_MC_reset_init,10,2,old_order_recovery_fraction,8,8,0,0.00625,0.0,0.016666666666666666
oof,R_MC_reset_init,10,2,total_recovery_fraction,8,8,0,0.004166666666666667,0.0,0.016666666666666666
oof,R_MC_reset_init,10,2,old_winner_changed_fraction,8,8,0,0.035416666666666666,0.0,0.1
oof,R_MC_reset_init,10,2,old_displaced_by_new_fraction,8,8,0,0.06041666666666666,0.0,0.15
oof,R_MC_reset_init,10,2,correctness_B_Cold_C_000,8,8,0,0.2604166666666667,0.016666666666666666,0.5333333333333333
oof,R_MC_reset_init,10,2,correctness_B_Cold_C_100,8,8,0,0.004166666666666667,0.0,0.016666666666666666
oof,R_MC_reset_init,10,2,correctness_B_Cold_C_010,8,8,0,0.0020833333333333333,0.0,0.016666666666666666
oof,R_MC_reset_init,10,2,correctness_B_Cold_C_110,8,8,0,0.01875,0.0,0.06666666666666667
oof,R_MC_reset_init,10,2,correctness_B_Cold_C_011,8,8,0,0.004166666666666667,0.0,0.016666666666666666
oof,R_MC_reset_init,10,2,correctness_B_Cold_C_111,8,8,0,0.7104166666666667,0.4166666666666667,0.9833333333333333
oof,R_MC_reset_init,10,2,B_old_margin_mean,8,8,0,0.28331047192814257,0.020799530177118185,0.5693929278965766
oof,R_MC_reset_init,10,2,B_old_margin_minus_R0,8,8,0,0.0013735215100299152,2.018787751302276e-05,0.004439159299646543
oof,R_MC_reset_init,10,2,B_old_winner_changed_from_R0_fraction,8,8,0,0.0020833333333333333,0.0,0.016666666666666666
oof,R_MC_reset_init,10,2,B_old_R0_correct_to_wrong_fraction,8,8,0,0.0020833333333333333,0.0,0.016666666666666666
oof,R_MC_reset_init,10,2,B_old_R0_wrong_to_correct_fraction,8,8,0,0.0,0.0,0.0
oof,R_MC_reset_init,10,2,C_old_margin_mean,8,8,0,0.24688533386242428,0.006745355714374806,0.5112513449895794
oof,R_MC_reset_init,10,2,C_old_margin_minus_R0,8,8,0,0.0013993930534483066,3.640274126652856e-05,0.0031838070240909617
oof,R_MC_reset_init,10,2,C_old_winner_changed_from_R0_fraction,8,8,0,0.010416666666666666,0.0,0.03333333333333333
oof,R_MC_reset_init,10,2,C_old_R0_correct_to_wrong_fraction,8,8,0,0.004166666666666667,0.0,0.016666666666666666
oof,R_MC_reset_init,10,2,C_old_R0_wrong_to_correct_fraction,8,8,0,0.0020833333333333333,0.0,0.016666666666666666
oof,R_MC_reset_init,10,2,C_new_margin_mean,8,8,0,0.053868531640023094,-0.05153922945142636,0.2025678313093015
oof,R_MC_reset_init,10,2,C_new_margin_minus_R0,8,8,0,0.0014617778050589746,-0.00017568600066341194,0.004437283838780793
oof,R_MC_reset_init,10,2,C_new_winner_changed_from_R0_fraction,8,8,0,0.0,0.0,0.0
oof,R_MC_reset_init,10,2,C_new_R0_correct_to_wrong_fraction,8,8,0,0.0,0.0,0.0
oof,R_MC_reset_init,10,2,C_new_R0_wrong_to_correct_fraction,8,8,0,0.0,0.0,0.0
oof,R_MC_reset_init,10,5,A_old_accuracy,8,0,8,,,
oof,R_MC_reset_init,10,5,B0_old_accuracy,8,8,0,0.7354166666666667,0.45,0.9833333333333333
oof,R_MC_reset_init,10,5,B_old_accuracy,8,8,0,0.7333333333333334,0.45,0.9833333333333333
oof,R_MC_reset_init,10,5,C_old_columns_accuracy,8,8,0,0.7354166666666666,0.4666666666666667,0.9833333333333333
oof,R_MC_reset_init,10,5,C_old_accuracy,8,8,0,0.6812500000000001,0.4,0.9666666666666667
oof,R_MC_reset_init,10,5,C_new_accuracy,8,8,0,0.56,0.28,0.9
oof,R_MC_reset_init,10,5,C_h,8,8,0,0.6115342430645387,0.3401869158878505,0.8915887850467291
oof,R_MC_reset_init,10,5,adaptation_gain_B_minus_A,8,0,8,,,
oof,R_MC_reset_init,10,5,support_adaptation_B_minus_B0,8,8,0,-0.002083333333333333,-0.016666666666666663,0.0
oof,R_MC_reset_init,10,5,old_order_change,8,8,0,-0.0020833333333333333,-0.06666666666666667,0.03333333333333333
oof,R_MC_reset_init,10,5,new_competition_loss,8,8,0,0.05416666666666666,0.016666666666666666,0.06666666666666667
oof,R_MC_reset_init,10,5,total_old_accuracy_drop,8,8,0,0.05208333333333333,0.0,0.1
oof,R_MC_reset_init,10,5,C_abs_new_old_gap,8,8,0,0.12541666666666668,0.01666666666666672,0.22666666666666668
oof,R_MC_reset_init,10,5,C_new_minus_old,8,8,0,-0.12125,-0.22666666666666668,0.01666666666666672
oof,R_MC_reset_init,10,5,C_old_minus_R0,8,8,0,0.002083333333333333,0.0,0.016666666666666663
oof,R_MC_reset_init,10,5,C_new_minus_R0,8,8,0,-0.0050000000000000044,-0.020000000000000018,0.0
oof,R_MC_reset_init,10,5,old_order_recovery_fraction,8,8,0,0.014583333333333334,0.0,0.06666666666666667
oof,R_MC_reset_init,10,5,total_recovery_fraction,8,8,0,0.008333333333333333,0.0,0.05
oof,R_MC_reset_init,10,5,old_winner_changed_fraction,8,8,0,0.06041666666666666,0.0,0.18333333333333332
oof,R_MC_reset_init,10,5,old_displaced_by_new_fraction,8,8,0,0.14375,0.016666666666666666,0.26666666666666666
oof,R_MC_reset_init,10,5,correctness_B_Cold_C_000,8,8,0,0.2520833333333333,0.016666666666666666,0.5166666666666667
oof,R_MC_reset_init,10,5,correctness_B_Cold_C_100,8,8,0,0.012499999999999999,0.0,0.06666666666666667
oof,R_MC_reset_init,10,5,correctness_B_Cold_C_010,8,8,0,0.00625,0.0,0.016666666666666666
oof,R_MC_reset_init,10,5,correctness_B_Cold_C_110,8,8,0,0.04791666666666666,0.016666666666666666,0.06666666666666667
oof,R_MC_reset_init,10,5,correctness_B_Cold_C_011,8,8,0,0.008333333333333333,0.0,0.05
oof,R_MC_reset_init,10,5,correctness_B_Cold_C_111,8,8,0,0.6729166666666667,0.4,0.9666666666666667
oof,R_MC_reset_init,10,5,B_old_margin_mean,8,8,0,0.28331047192814257,0.020799530177118185,0.5693929278965766
oof,R_MC_reset_init,10,5,B_old_margin_minus_R0,8,8,0,0.0013735215100299152,2.018787751302276e-05,0.004439159299646543
oof,R_MC_reset_init,10,5,B_old_winner_changed_from_R0_fraction,8,8,0,0.0020833333333333333,0.0,0.016666666666666666
oof,R_MC_reset_init,10,5,B_old_R0_correct_to_wrong_fraction,8,8,0,0.0020833333333333333,0.0,0.016666666666666666
oof,R_MC_reset_init,10,5,B_old_R0_wrong_to_correct_fraction,8,8,0,0.0,0.0,0.0
oof,R_MC_reset_init,10,5,C_old_margin_mean,8,8,0,0.20822498498439881,0.0028414361421218405,0.44644798945538755
oof,R_MC_reset_init,10,5,C_old_margin_minus_R0,8,8,0,0.0008953516479107739,0.00019311377181270114,0.0017769722808969703
oof,R_MC_reset_init,10,5,C_old_winner_changed_from_R0_fraction,8,8,0,0.00625,0.0,0.03333333333333333
oof,R_MC_reset_init,10,5,C_old_R0_correct_to_wrong_fraction,8,8,0,0.0,0.0,0.0
oof,R_MC_reset_init,10,5,C_old_R0_wrong_to_correct_fraction,8,8,0,0.0020833333333333333,0.0,0.016666666666666666
oof,R_MC_reset_init,10,5,C_new_margin_mean,8,8,0,0.11311564285153258,-0.047223011855968056,0.28645861406305645
oof,R_MC_reset_init,10,5,C_new_margin_minus_R0,8,8,0,0.0005720223606597967,-0.00040054107931168924,0.0021062278381902464
oof,R_MC_reset_init,10,5,C_new_winner_changed_from_R0_fraction,8,8,0,0.0075,0.0,0.04
oof,R_MC_reset_init,10,5,C_new_R0_correct_to_wrong_fraction,8,8,0,0.005,0.0,0.02
oof,R_MC_reset_init,10,5,C_new_R0_wrong_to_correct_fraction,8,8,0,0.0,0.0,0.0
oof,R_MC_reset_init,10,10,A_old_accuracy,8,0,8,,,
oof,R_MC_reset_init,10,10,B0_old_accuracy,8,8,0,0.7354166666666667,0.45,0.9833333333333333
oof,R_MC_reset_init,10,10,B_old_accuracy,8,8,0,0.7333333333333334,0.45,0.9833333333333333
oof,R_MC_reset_init,10,10,C_old_columns_accuracy,8,8,0,0.7354166666666666,0.48333333333333334,0.9833333333333333
oof,R_MC_reset_init,10,10,C_old_accuracy,8,8,0,0.6604166666666665,0.36666666666666664,0.9666666666666667
oof,R_MC_reset_init,10,10,C_new_accuracy,8,8,0,0.57875,0.31,0.83
oof,R_MC_reset_init,10,10,C_h,8,8,0,0.6163869135655756,0.34278846153846154,0.8931354359925788
oof,R_MC_reset_init,10,10,adaptation_gain_B_minus_A,8,0,8,,,
oof,R_MC_reset_init,10,10,support_adaptation_B_minus_B0,8,8,0,-0.002083333333333333,-0.016666666666666663,0.0
oof,R_MC_reset_init,10,10,old_order_change,8,8,0,-0.0020833333333333324,-0.06666666666666667,0.05
oof,R_MC_reset_init,10,10,new_competition_loss,8,8,0,0.075,0.016666666666666666,0.13333333333333333
oof,R_MC_reset_init,10,10,total_old_accuracy_drop,8,8,0,0.07291666666666666,0.016666666666666666,0.15
oof,R_MC_reset_init,10,10,C_abs_new_old_gap,8,8,0,0.08500000000000002,0.013333333333333364,0.14666666666666672
oof,R_MC_reset_init,10,10,C_new_minus_old,8,8,0,-0.08166666666666667,-0.14666666666666672,0.013333333333333364
oof,R_MC_reset_init,10,10,C_old_minus_R0,8,8,0,0.004166666666666652,0.0,0.016666666666666607
oof,R_MC_reset_init,10,10,C_new_minus_R0,8,8,0,0.0,-0.010000000000000009,0.010000000000000009
oof,R_MC_reset_init,10,10,old_order_recovery_fraction,8,8,0,0.020833333333333332,0.0,0.06666666666666667
oof,R_MC_reset_init,10,10,total_recovery_fraction,8,8,0,0.0020833333333333333,0.0,0.016666666666666666
oof,R_MC_reset_init,10,10,old_winner_changed_fraction,8,8,0,0.08333333333333333,0.0,0.18333333333333332
oof,R_MC_reset_init,10,10,old_displaced_by_new_fraction,8,8,0,0.20416666666666666,0.03333333333333333,0.36666666666666664
oof,R_MC_reset_init,10,10,correctness_B_Cold_C_000,8,8,0,0.24583333333333335,0.016666666666666666,0.48333333333333334
oof,R_MC_reset_init,10,10,correctness_B_Cold_C_100,8,8,0,0.018750000000000003,0.0,0.06666666666666667
oof,R_MC_reset_init,10,10,correctness_B_Cold_C_010,8,8,0,0.01875,0.0,0.06666666666666667
oof,R_MC_reset_init,10,10,correctness_B_Cold_C_110,8,8,0,0.056249999999999994,0.016666666666666666,0.08333333333333333
oof,R_MC_reset_init,10,10,correctness_B_Cold_C_011,8,8,0,0.0020833333333333333,0.0,0.016666666666666666
oof,R_MC_reset_init,10,10,correctness_B_Cold_C_111,8,8,0,0.6583333333333332,0.36666666666666664,0.9666666666666667
oof,R_MC_reset_init,10,10,B_old_margin_mean,8,8,0,0.28331047192814257,0.020799530177118185,0.5693929278965766
oof,R_MC_reset_init,10,10,B_old_margin_minus_R0,8,8,0,0.0013735215100299152,2.018787751302276e-05,0.004439159299646543
oof,R_MC_reset_init,10,10,B_old_winner_changed_from_R0_fraction,8,8,0,0.0020833333333333333,0.0,0.016666666666666666
oof,R_MC_reset_init,10,10,B_old_R0_correct_to_wrong_fraction,8,8,0,0.0020833333333333333,0.0,0.016666666666666666
oof,R_MC_reset_init,10,10,B_old_R0_wrong_to_correct_fraction,8,8,0,0.0,0.0,0.0
oof,R_MC_reset_init,10,10,C_old_margin_mean,8,8,0,0.19174290773949068,-0.011221109755601524,0.44506568062674734
oof,R_MC_reset_init,10,10,C_old_margin_minus_R0,8,8,0,0.0008634543248246987,0.0002720085136706621,0.0018830847914401297
oof,R_MC_reset_init,10,10,C_old_winner_changed_from_R0_fraction,8,8,0,0.004166666666666667,0.0,0.016666666666666666
oof,R_MC_reset_init,10,10,C_old_R0_correct_to_wrong_fraction,8,8,0,0.0,0.0,0.0
oof,R_MC_reset_init,10,10,C_old_R0_wrong_to_correct_fraction,8,8,0,0.004166666666666667,0.0,0.016666666666666666
oof,R_MC_reset_init,10,10,C_new_margin_mean,8,8,0,0.12422929211588807,-0.006689361133332044,0.3085446360349015
oof,R_MC_reset_init,10,10,C_new_margin_minus_R0,8,8,0,0.0007549381017008898,-3.415286449118489e-05,0.0030171886480283194
oof,R_MC_reset_init,10,10,C_new_winner_changed_from_R0_fraction,8,8,0,0.007500000000000001,0.0,0.03
oof,R_MC_reset_init,10,10,C_new_R0_correct_to_wrong_fraction,8,8,0,0.0025,0.0,0.01
oof,R_MC_reset_init,10,10,C_new_R0_wrong_to_correct_fraction,8,8,0,0.0025,0.0,0.01
oof,R_MC_reset_init,10,20,A_old_accuracy,8,0,8,,,
oof,R_MC_reset_init,10,20,B0_old_accuracy,8,8,0,0.7354166666666667,0.45,0.9833333333333333
oof,R_MC_reset_init,10,20,B_old_accuracy,8,8,0,0.7333333333333334,0.45,0.9833333333333333
oof,R_MC_reset_init,10,20,C_old_columns_accuracy,8,8,0,0.7333333333333334,0.48333333333333334,0.9833333333333333
oof,R_MC_reset_init,10,20,C_old_accuracy,8,8,0,0.6395833333333333,0.3333333333333333,0.95
oof,R_MC_reset_init,10,20,C_new_accuracy,8,8,0,0.56375,0.305,0.81
oof,R_MC_reset_init,10,20,C_h,8,8,0,0.5985832011234293,0.3185378590078329,0.8526315789473685
oof,R_MC_reset_init,10,20,adaptation_gain_B_minus_A,8,0,8,,,
oof,R_MC_reset_init,10,20,support_adaptation_B_minus_B0,8,8,0,-0.002083333333333333,-0.016666666666666663,0.0
oof,R_MC_reset_init,10,20,old_order_change,8,8,0,0.0,-0.03333333333333333,0.016666666666666666
oof,R_MC_reset_init,10,20,new_competition_loss,8,8,0,0.09375000000000001,0.016666666666666666,0.18333333333333332
oof,R_MC_reset_init,10,20,total_old_accuracy_drop,8,8,0,0.09375,0.03333333333333333,0.2
oof,R_MC_reset_init,10,20,C_abs_new_old_gap,8,8,0,0.07791666666666666,0.00833333333333336,0.17999999999999994
oof,R_MC_reset_init,10,20,C_new_minus_old,8,8,0,-0.07583333333333331,-0.17999999999999994,0.00833333333333336
oof,R_MC_reset_init,10,20,C_old_minus_R0,8,8,0,-0.00208333333333334,-0.01666666666666672,0.0
oof,R_MC_reset_init,10,20,C_new_minus_R0,8,8,0,-0.0012499999999999872,-0.010000000000000009,0.0050000000000000044
oof,R_MC_reset_init,10,20,old_order_recovery_fraction,8,8,0,0.022916666666666665,0.0,0.08333333333333333
oof,R_MC_reset_init,10,20,total_recovery_fraction,8,8,0,0.00625,0.0,0.03333333333333333
oof,R_MC_reset_init,10,20,old_winner_changed_fraction,8,8,0,0.08958333333333332,0.0,0.18333333333333332
oof,R_MC_reset_init,10,20,old_displaced_by_new_fraction,8,8,0,0.25625000000000003,0.03333333333333333,0.4666666666666667
oof,R_MC_reset_init,10,20,correctness_B_Cold_C_000,8,8,0,0.24374999999999997,0.016666666666666666,0.5166666666666667
oof,R_MC_reset_init,10,20,correctness_B_Cold_C_100,8,8,0,0.02291666666666667,0.0,0.05
oof,R_MC_reset_init,10,20,correctness_B_Cold_C_010,8,8,0,0.016666666666666666,0.0,0.05
oof,R_MC_reset_init,10,20,correctness_B_Cold_C_110,8,8,0,0.07708333333333334,0.016666666666666666,0.15
oof,R_MC_reset_init,10,20,correctness_B_Cold_C_011,8,8,0,0.00625,0.0,0.03333333333333333
oof,R_MC_reset_init,10,20,correctness_B_Cold_C_111,8,8,0,0.6333333333333333,0.3333333333333333,0.95
oof,R_MC_reset_init,10,20,B_old_margin_mean,8,8,0,0.28331047192814257,0.020799530177118185,0.5693929278965766
oof,R_MC_reset_init,10,20,B_old_margin_minus_R0,8,8,0,0.0013735215100299152,2.018787751302276e-05,0.004439159299646543
oof,R_MC_reset_init,10,20,B_old_winner_changed_from_R0_fraction,8,8,0,0.0020833333333333333,0.0,0.016666666666666666
oof,R_MC_reset_init,10,20,B_old_R0_correct_to_wrong_fraction,8,8,0,0.0020833333333333333,0.0,0.016666666666666666
oof,R_MC_reset_init,10,20,B_old_R0_wrong_to_correct_fraction,8,8,0,0.0,0.0,0.0
oof,R_MC_reset_init,10,20,C_old_margin_mean,8,8,0,0.16920004813816322,-0.026369113429410968,0.4064037509104471
oof,R_MC_reset_init,10,20,C_old_margin_minus_R0,8,8,0,0.0007557548351379646,-0.000244120317457886,0.002137681807683272
oof,R_MC_reset_init,10,20,C_old_winner_changed_from_R0_fraction,8,8,0,0.0125,0.0,0.03333333333333333
oof,R_MC_reset_init,10,20,C_old_R0_correct_to_wrong_fraction,8,8,0,0.0020833333333333333,0.0,0.016666666666666666
oof,R_MC_reset_init,10,20,C_old_R0_wrong_to_correct_fraction,8,8,0,0.0,0.0,0.0
oof,R_MC_reset_init,10,20,C_new_margin_mean,8,8,0,0.10256766504184354,-0.010001109392322247,0.22017507191938912
oof,R_MC_reset_init,10,20,C_new_margin_minus_R0,8,8,0,0.0011475438684861207,-7.914779222931617e-05,0.0025562445919285206
oof,R_MC_reset_init,10,20,C_new_winner_changed_from_R0_fraction,8,8,0,0.011250000000000001,0.005,0.025
oof,R_MC_reset_init,10,20,C_new_R0_correct_to_wrong_fraction,8,8,0,0.0043749999999999995,0.0,0.015
oof,R_MC_reset_init,10,20,C_new_R0_wrong_to_correct_fraction,8,8,0,0.003125,0.0,0.005
oof,R_MC_reset_init,20,0,A_old_accuracy,8,0,8,,,
oof,R_MC_reset_init,20,0,B0_old_accuracy,8,8,0,0.7625,0.5666666666666667,0.9666666666666667
oof,R_MC_reset_init,20,0,B_old_accuracy,8,8,0,0.7635416666666667,0.5666666666666667,0.9666666666666667
oof,R_MC_reset_init,20,0,C_old_columns_accuracy,8,8,0,0.7635416666666667,0.5666666666666667,0.9666666666666667
oof,R_MC_reset_init,20,0,C_old_accuracy,8,8,0,0.7635416666666667,0.5666666666666667,0.9666666666666667
oof,R_MC_reset_init,20,0,C_new_accuracy,8,0,8,,,
oof,R_MC_reset_init,20,0,C_h,8,0,8,,,
oof,R_MC_reset_init,20,0,adaptation_gain_B_minus_A,8,0,8,,,
oof,R_MC_reset_init,20,0,support_adaptation_B_minus_B0,8,8,0,0.001041666666666663,0.0,0.008333333333333304
oof,R_MC_reset_init,20,0,old_order_change,8,8,0,0.0,0.0,0.0
oof,R_MC_reset_init,20,0,new_competition_loss,8,8,0,0.0,0.0,0.0
oof,R_MC_reset_init,20,0,total_old_accuracy_drop,8,8,0,0.0,0.0,0.0
oof,R_MC_reset_init,20,0,C_abs_new_old_gap,8,0,8,,,
oof,R_MC_reset_init,20,0,C_new_minus_old,8,0,8,,,
oof,R_MC_reset_init,20,0,C_old_minus_R0,8,8,0,0.001041666666666663,0.0,0.008333333333333304
oof,R_MC_reset_init,20,0,C_new_minus_R0,8,0,8,,,
oof,R_MC_reset_init,20,0,old_order_recovery_fraction,8,8,0,0.0,0.0,0.0
oof,R_MC_reset_init,20,0,total_recovery_fraction,8,8,0,0.0,0.0,0.0
oof,R_MC_reset_init,20,0,old_winner_changed_fraction,8,8,0,0.0,0.0,0.0
oof,R_MC_reset_init,20,0,old_displaced_by_new_fraction,8,8,0,0.0,0.0,0.0
oof,R_MC_reset_init,20,0,correctness_B_Cold_C_000,8,8,0,0.23645833333333335,0.03333333333333333,0.43333333333333335
oof,R_MC_reset_init,20,0,correctness_B_Cold_C_100,8,8,0,0.0,0.0,0.0
oof,R_MC_reset_init,20,0,correctness_B_Cold_C_010,8,8,0,0.0,0.0,0.0
oof,R_MC_reset_init,20,0,correctness_B_Cold_C_110,8,8,0,0.0,0.0,0.0
oof,R_MC_reset_init,20,0,correctness_B_Cold_C_011,8,8,0,0.0,0.0,0.0
oof,R_MC_reset_init,20,0,correctness_B_Cold_C_111,8,8,0,0.7635416666666667,0.5666666666666667,0.9666666666666667
oof,R_MC_reset_init,20,0,B_old_margin_mean,8,8,0,0.3734438859614131,0.09465941085290128,0.687706399126855
oof,R_MC_reset_init,20,0,B_old_margin_minus_R0,8,8,0,0.0020298847372694525,0.00035009070976768327,0.004003645715964554
oof,R_MC_reset_init,20,0,B_old_winner_changed_from_R0_fraction,8,8,0,0.003125,0.0,0.016666666666666666
oof,R_MC_reset_init,20,0,B_old_R0_correct_to_wrong_fraction,8,8,0,0.0,0.0,0.0
oof,R_MC_reset_init,20,0,B_old_R0_wrong_to_correct_fraction,8,8,0,0.0010416666666666667,0.0,0.008333333333333333
oof,R_MC_reset_init,20,0,C_old_margin_mean,8,8,0,0.3734438859614131,0.09465941085290128,0.687706399126855
oof,R_MC_reset_init,20,0,C_old_margin_minus_R0,8,8,0,0.0020298847372694525,0.00035009070976768327,0.004003645715964554
oof,R_MC_reset_init,20,0,C_old_winner_changed_from_R0_fraction,8,8,0,0.003125,0.0,0.016666666666666666
oof,R_MC_reset_init,20,0,C_old_R0_correct_to_wrong_fraction,8,8,0,0.0,0.0,0.0
oof,R_MC_reset_init,20,0,C_old_R0_wrong_to_correct_fraction,8,8,0,0.0010416666666666667,0.0,0.008333333333333333
oof,R_MC_reset_init,20,0,C_new_margin_mean,8,0,8,,,
oof,R_MC_reset_init,20,0,C_new_margin_minus_R0,8,0,8,,,
oof,R_MC_reset_init,20,0,C_new_winner_changed_from_R0_fraction,8,0,8,,,
oof,R_MC_reset_init,20,0,C_new_R0_correct_to_wrong_fraction,8,0,8,,,
oof,R_MC_reset_init,20,0,C_new_R0_wrong_to_correct_fraction,8,0,8,,,
oof,R_MC_reset_init,20,2,A_old_accuracy,8,0,8,,,
oof,R_MC_reset_init,20,2,B0_old_accuracy,8,8,0,0.7625,0.5666666666666667,0.9666666666666667
oof,R_MC_reset_init,20,2,B_old_accuracy,8,8,0,0.7635416666666667,0.5666666666666667,0.9666666666666667
oof,R_MC_reset_init,20,2,C_old_columns_accuracy,8,8,0,0.7677083333333333,0.5666666666666667,0.9666666666666667
oof,R_MC_reset_init,20,2,C_old_accuracy,8,8,0,0.746875,0.5333333333333333,0.9583333333333334
oof,R_MC_reset_init,20,2,C_new_accuracy,8,8,0,0.5312499999999999,0.25,0.825
oof,R_MC_reset_init,20,2,C_h,8,8,0,0.6158868573527478,0.3404255319148936,0.8794811320754717
oof,R_MC_reset_init,20,2,adaptation_gain_B_minus_A,8,0,8,,,
oof,R_MC_reset_init,20,2,support_adaptation_B_minus_B0,8,8,0,0.001041666666666663,0.0,0.008333333333333304
oof,R_MC_reset_init,20,2,old_order_change,8,8,0,-0.004166666666666667,-0.025,0.008333333333333333
oof,R_MC_reset_init,20,2,new_competition_loss,8,8,0,0.020833333333333332,0.0,0.058333333333333334
oof,R_MC_reset_init,20,2,total_old_accuracy_drop,8,8,0,0.016666666666666666,-0.008333333333333333,0.03333333333333333
oof,R_MC_reset_init,20,2,C_abs_new_old_gap,8,8,0,0.215625,0.1166666666666667,0.29999999999999993
oof,R_MC_reset_init,20,2,C_new_minus_old,8,8,0,-0.215625,-0.29999999999999993,-0.1166666666666667
oof,R_MC_reset_init,20,2,C_old_minus_R0,8,8,0,-1.3877787807814457e-17,-0.008333333333333415,0.008333333333333304
oof,R_MC_reset_init,20,2,C_new_minus_R0,8,8,0,0.0,0.0,0.0
oof,R_MC_reset_init,20,2,old_order_recovery_fraction,8,8,0,0.009375,0.0,0.025
oof,R_MC_reset_init,20,2,total_recovery_fraction,8,8,0,0.007291666666666667,0.0,0.025
oof,R_MC_reset_init,20,2,old_winner_changed_fraction,8,8,0,0.02708333333333333,0.0,0.058333333333333334
oof,R_MC_reset_init,20,2,old_displaced_by_new_fraction,8,8,0,0.07291666666666667,0.008333333333333333,0.15833333333333333
oof,R_MC_reset_init,20,2,correctness_B_Cold_C_000,8,8,0,0.22708333333333336,0.03333333333333333,0.425
oof,R_MC_reset_init,20,2,correctness_B_Cold_C_100,8,8,0,0.005208333333333333,0.0,0.016666666666666666
oof,R_MC_reset_init,20,2,correctness_B_Cold_C_010,8,8,0,0.0020833333333333333,0.0,0.008333333333333333
oof,R_MC_reset_init,20,2,correctness_B_Cold_C_110,8,8,0,0.01875,0.0,0.058333333333333334
oof,R_MC_reset_init,20,2,correctness_B_Cold_C_011,8,8,0,0.007291666666666667,0.0,0.025
oof,R_MC_reset_init,20,2,correctness_B_Cold_C_111,8,8,0,0.7395833333333334,0.5166666666666667,0.9583333333333334
oof,R_MC_reset_init,20,2,B_old_margin_mean,8,8,0,0.3734438859614131,0.09465941085290128,0.687706399126855
oof,R_MC_reset_init,20,2,B_old_margin_minus_R0,8,8,0,0.0020298847372694525,0.00035009070976768327,0.004003645715964554
oof,R_MC_reset_init,20,2,B_old_winner_changed_from_R0_fraction,8,8,0,0.003125,0.0,0.016666666666666666
oof,R_MC_reset_init,20,2,B_old_R0_correct_to_wrong_fraction,8,8,0,0.0,0.0,0.0
oof,R_MC_reset_init,20,2,B_old_R0_wrong_to_correct_fraction,8,8,0,0.0010416666666666667,0.0,0.008333333333333333
oof,R_MC_reset_init,20,2,C_old_margin_mean,8,8,0,0.33256809508850144,0.06599703498962883,0.6408526494848018
oof,R_MC_reset_init,20,2,C_old_margin_minus_R0,8,8,0,0.001562001902921439,0.00018512222773386228,0.003885656318760556
oof,R_MC_reset_init,20,2,C_old_winner_changed_from_R0_fraction,8,8,0,0.003125,0.0,0.008333333333333333
oof,R_MC_reset_init,20,2,C_old_R0_correct_to_wrong_fraction,8,8,0,0.0010416666666666667,0.0,0.008333333333333333
oof,R_MC_reset_init,20,2,C_old_R0_wrong_to_correct_fraction,8,8,0,0.0010416666666666667,0.0,0.008333333333333333
oof,R_MC_reset_init,20,2,C_new_margin_mean,8,8,0,0.10354541842874257,-0.05205951336931415,0.4070178682069073
oof,R_MC_reset_init,20,2,C_new_margin_minus_R0,8,8,0,0.001921717095525842,0.00014012367861576878,0.004710814611959134
oof,R_MC_reset_init,20,2,C_new_winner_changed_from_R0_fraction,8,8,0,0.0,0.0,0.0
oof,R_MC_reset_init,20,2,C_new_R0_correct_to_wrong_fraction,8,8,0,0.0,0.0,0.0
oof,R_MC_reset_init,20,2,C_new_R0_wrong_to_correct_fraction,8,8,0,0.0,0.0,0.0
oof,R_MC_reset_init,20,5,A_old_accuracy,8,0,8,,,
oof,R_MC_reset_init,20,5,B0_old_accuracy,8,8,0,0.7625,0.5666666666666667,0.9666666666666667
oof,R_MC_reset_init,20,5,B_old_accuracy,8,8,0,0.7635416666666667,0.5666666666666667,0.9666666666666667
oof,R_MC_reset_init,20,5,C_old_columns_accuracy,8,8,0,0.7687499999999999,0.5666666666666667,0.9666666666666667
oof,R_MC_reset_init,20,5,C_old_accuracy,8,8,0,0.7010416666666666,0.4583333333333333,0.9416666666666667
oof,R_MC_reset_init,20,5,C_new_accuracy,8,8,0,0.61125,0.31,0.89
oof,R_MC_reset_init,20,5,C_h,8,8,0,0.6499695304054062,0.3802494802494802,0.9031365313653136
oof,R_MC_reset_init,20,5,adaptation_gain_B_minus_A,8,0,8,,,
oof,R_MC_reset_init,20,5,support_adaptation_B_minus_B0,8,8,0,0.001041666666666663,0.0,0.008333333333333304
oof,R_MC_reset_init,20,5,old_order_change,8,8,0,-0.005208333333333334,-0.025,0.008333333333333333
oof,R_MC_reset_init,20,5,new_competition_loss,8,8,0,0.06770833333333334,0.016666666666666666,0.11666666666666667
oof,R_MC_reset_init,20,5,total_old_accuracy_drop,8,8,0,0.0625,0.025,0.10833333333333334
oof,R_MC_reset_init,20,5,C_abs_new_old_gap,8,8,0,0.08979166666666666,0.010000000000000009,0.18166666666666664
oof,R_MC_reset_init,20,5,C_new_minus_old,8,8,0,-0.08979166666666666,-0.18166666666666664,-0.010000000000000009
oof,R_MC_reset_init,20,5,C_old_minus_R0,8,8,0,0.0,0.0,0.0
oof,R_MC_reset_init,20,5,C_new_minus_R0,8,8,0,-0.0012500000000000011,-0.010000000000000009,0.010000000000000009
oof,R_MC_reset_init,20,5,old_order_recovery_fraction,8,8,0,0.014583333333333334,0.0,0.03333333333333333
oof,R_MC_reset_init,20,5,total_recovery_fraction,8,8,0,0.005208333333333333,0.0,0.016666666666666666
oof,R_MC_reset_init,20,5,old_winner_changed_fraction,8,8,0,0.042708333333333334,0.008333333333333333,0.09166666666666666
oof,R_MC_reset_init,20,5,old_displaced_by_new_fraction,8,8,0,0.15,0.03333333333333333,0.2833333333333333
oof,R_MC_reset_init,20,5,correctness_B_Cold_C_000,8,8,0,0.22187500000000004,0.03333333333333333,0.4166666666666667
oof,R_MC_reset_init,20,5,correctness_B_Cold_C_100,8,8,0,0.009375,0.0,0.03333333333333333
oof,R_MC_reset_init,20,5,correctness_B_Cold_C_010,8,8,0,0.009375,0.0,0.016666666666666666
oof,R_MC_reset_init,20,5,correctness_B_Cold_C_110,8,8,0,0.058333333333333334,0.016666666666666666,0.1
oof,R_MC_reset_init,20,5,correctness_B_Cold_C_011,8,8,0,0.005208333333333333,0.0,0.016666666666666666
oof,R_MC_reset_init,20,5,correctness_B_Cold_C_111,8,8,0,0.6958333333333333,0.4583333333333333,0.9416666666666667
oof,R_MC_reset_init,20,5,B_old_margin_mean,8,8,0,0.3734438859614131,0.09465941085290128,0.687706399126855
oof,R_MC_reset_init,20,5,B_old_margin_minus_R0,8,8,0,0.0020298847372694525,0.00035009070976768327,0.004003645715964554
oof,R_MC_reset_init,20,5,B_old_winner_changed_from_R0_fraction,8,8,0,0.003125,0.0,0.016666666666666666
oof,R_MC_reset_init,20,5,B_old_R0_correct_to_wrong_fraction,8,8,0,0.0,0.0,0.0
oof,R_MC_reset_init,20,5,B_old_R0_wrong_to_correct_fraction,8,8,0,0.0010416666666666667,0.0,0.008333333333333333
oof,R_MC_reset_init,20,5,C_old_margin_mean,8,8,0,0.28422481428736124,0.051204451223224125,0.5688910653044043
oof,R_MC_reset_init,20,5,C_old_margin_minus_R0,8,8,0,0.001132118823926354,5.4239712160246946e-05,0.0029601982273056112
oof,R_MC_reset_init,20,5,C_old_winner_changed_from_R0_fraction,8,8,0,0.003125,0.0,0.008333333333333333
oof,R_MC_reset_init,20,5,C_old_R0_correct_to_wrong_fraction,8,8,0,0.0,0.0,0.0
oof,R_MC_reset_init,20,5,C_old_R0_wrong_to_correct_fraction,8,8,0,0.0,0.0,0.0
oof,R_MC_reset_init,20,5,C_new_margin_mean,8,8,0,0.17930292130604672,-0.01792356077989573,0.3842181838564743
oof,R_MC_reset_init,20,5,C_new_margin_minus_R0,8,8,0,0.001081449852233346,0.00016201658308102797,0.0027347704512827586
oof,R_MC_reset_init,20,5,C_new_winner_changed_from_R0_fraction,8,8,0,0.01125,0.0,0.02
oof,R_MC_reset_init,20,5,C_new_R0_correct_to_wrong_fraction,8,8,0,0.00375,0.0,0.01
oof,R_MC_reset_init,20,5,C_new_R0_wrong_to_correct_fraction,8,8,0,0.0025,0.0,0.01
oof,R_MC_reset_init,20,10,A_old_accuracy,8,0,8,,,
oof,R_MC_reset_init,20,10,B0_old_accuracy,8,8,0,0.7625,0.5666666666666667,0.9666666666666667
oof,R_MC_reset_init,20,10,B_old_accuracy,8,8,0,0.7635416666666667,0.5666666666666667,0.9666666666666667
oof,R_MC_reset_init,20,10,C_old_columns_accuracy,8,8,0,0.7677083333333333,0.5666666666666667,0.9666666666666667
oof,R_MC_reset_init,20,10,C_old_accuracy,8,8,0,0.6822916666666666,0.425,0.9416666666666667
oof,R_MC_reset_init,20,10,C_new_accuracy,8,8,0,0.64125,0.365,0.895
oof,R_MC_reset_init,20,10,C_h,8,8,0,0.6606581528452745,0.3962421711899792,0.9124543795620438
oof,R_MC_reset_init,20,10,adaptation_gain_B_minus_A,8,0,8,,,
oof,R_MC_reset_init,20,10,support_adaptation_B_minus_B0,8,8,0,0.001041666666666663,0.0,0.008333333333333304
oof,R_MC_reset_init,20,10,old_order_change,8,8,0,-0.004166666666666667,-0.025,0.008333333333333333
oof,R_MC_reset_init,20,10,new_competition_loss,8,8,0,0.08541666666666668,0.025,0.14166666666666666
oof,R_MC_reset_init,20,10,total_old_accuracy_drop,8,8,0,0.08125,0.025,0.14166666666666666
oof,R_MC_reset_init,20,10,C_abs_new_old_gap,8,8,0,0.041041666666666664,0.0,0.07166666666666666
oof,R_MC_reset_init,20,10,C_new_minus_old,8,8,0,-0.041041666666666664,-0.07166666666666666,0.0
oof,R_MC_reset_init,20,10,C_old_minus_R0,8,8,0,0.002083333333333333,0.0,0.00833333333333336
oof,R_MC_reset_init,20,10,C_new_minus_R0,8,8,0,0.0050000000000000044,0.0,0.015000000000000013
oof,R_MC_reset_init,20,10,old_order_recovery_fraction,8,8,0,0.016666666666666666,0.0,0.03333333333333333
oof,R_MC_reset_init,20,10,total_recovery_fraction,8,8,0,0.005208333333333333,0.0,0.016666666666666666
oof,R_MC_reset_init,20,10,old_winner_changed_fraction,8,8,0,0.058333333333333334,0.0,0.125
oof,R_MC_reset_init,20,10,old_displaced_by_new_fraction,8,8,0,0.20833333333333331,0.05,0.375
oof,R_MC_reset_init,20,10,correctness_B_Cold_C_000,8,8,0,0.21979166666666666,0.03333333333333333,0.4083333333333333
oof,R_MC_reset_init,20,10,correctness_B_Cold_C_100,8,8,0,0.0125,0.0,0.041666666666666664
oof,R_MC_reset_init,20,10,correctness_B_Cold_C_010,8,8,0,0.011458333333333334,0.0,0.025
oof,R_MC_reset_init,20,10,correctness_B_Cold_C_110,8,8,0,0.07395833333333333,0.025,0.125
oof,R_MC_reset_init,20,10,correctness_B_Cold_C_011,8,8,0,0.005208333333333333,0.0,0.016666666666666666
oof,R_MC_reset_init,20,10,correctness_B_Cold_C_111,8,8,0,0.6770833333333333,0.4166666666666667,0.9416666666666667
oof,R_MC_reset_init,20,10,B_old_margin_mean,8,8,0,0.3734438859614131,0.09465941085290128,0.687706399126855
oof,R_MC_reset_init,20,10,B_old_margin_minus_R0,8,8,0,0.0020298847372694525,0.00035009070976768327,0.004003645715964554
oof,R_MC_reset_init,20,10,B_old_winner_changed_from_R0_fraction,8,8,0,0.003125,0.0,0.016666666666666666
oof,R_MC_reset_init,20,10,B_old_R0_correct_to_wrong_fraction,8,8,0,0.0,0.0,0.0
oof,R_MC_reset_init,20,10,B_old_R0_wrong_to_correct_fraction,8,8,0,0.0010416666666666667,0.0,0.008333333333333333
oof,R_MC_reset_init,20,10,C_old_margin_mean,8,8,0,0.26064429936038874,0.03253990429085556,0.5563339729178776
oof,R_MC_reset_init,20,10,C_old_margin_minus_R0,8,8,0,0.001179140375209028,0.00021025881481508366,0.0028777223725580344
oof,R_MC_reset_init,20,10,C_old_winner_changed_from_R0_fraction,8,8,0,0.007291666666666666,0.0,0.016666666666666666
oof,R_MC_reset_init,20,10,C_old_R0_correct_to_wrong_fraction,8,8,0,0.0,0.0,0.0
oof,R_MC_reset_init,20,10,C_old_R0_wrong_to_correct_fraction,8,8,0,0.0020833333333333333,0.0,0.008333333333333333
oof,R_MC_reset_init,20,10,C_new_margin_mean,8,8,0,0.19400187178465714,0.01964280060855515,0.3719392576897724
oof,R_MC_reset_init,20,10,C_new_margin_minus_R0,8,8,0,0.0009484033134899506,4.588435193469267e-05,0.0028696039372824466
oof,R_MC_reset_init,20,10,C_new_winner_changed_from_R0_fraction,8,8,0,0.0075,0.0,0.015
oof,R_MC_reset_init,20,10,C_new_R0_correct_to_wrong_fraction,8,8,0,0.0,0.0,0.0
oof,R_MC_reset_init,20,10,C_new_R0_wrong_to_correct_fraction,8,8,0,0.005,0.0,0.015
oof,R_MC_reset_init,20,20,A_old_accuracy,8,0,8,,,
oof,R_MC_reset_init,20,20,B0_old_accuracy,8,8,0,0.7625,0.5666666666666667,0.9666666666666667
oof,R_MC_reset_init,20,20,B_old_accuracy,8,8,0,0.7635416666666667,0.5666666666666667,0.9666666666666667
oof,R_MC_reset_init,20,20,C_old_columns_accuracy,8,8,0,0.7718750000000001,0.5583333333333333,0.9666666666666667
oof,R_MC_reset_init,20,20,C_old_accuracy,8,8,0,0.6531250000000001,0.375,0.9333333333333333
oof,R_MC_reset_init,20,20,C_new_accuracy,8,8,0,0.63125,0.3575,0.88
oof,R_MC_reset_init,20,20,C_h,8,8,0,0.6415559427843573,0.3660409556313994,0.9019390581717451
oof,R_MC_reset_init,20,20,adaptation_gain_B_minus_A,8,0,8,,,
oof,R_MC_reset_init,20,20,support_adaptation_B_minus_B0,8,8,0,0.001041666666666663,0.0,0.008333333333333304
oof,R_MC_reset_init,20,20,old_order_change,8,8,0,-0.008333333333333335,-0.025,0.008333333333333333
oof,R_MC_reset_init,20,20,new_competition_loss,8,8,0,0.11875,0.03333333333333333,0.21666666666666667
oof,R_MC_reset_init,20,20,total_old_accuracy_drop,8,8,0,0.11041666666666666,0.03333333333333333,0.19166666666666668
oof,R_MC_reset_init,20,20,C_abs_new_old_gap,8,8,0,0.034374999999999996,0.004166666666666652,0.0708333333333333
oof,R_MC_reset_init,20,20,C_new_minus_old,8,8,0,-0.021875000000000012,-0.0708333333333333,0.04166666666666663
oof,R_MC_reset_init,20,20,C_old_minus_R0,8,8,0,0.00208333333333334,0.0,0.00833333333333336
oof,R_MC_reset_init,20,20,C_new_minus_R0,8,8,0,0.002187500000000002,-0.0025000000000000022,0.0050000000000000044
oof,R_MC_reset_init,20,20,old_order_recovery_fraction,8,8,0,0.01875,0.0,0.041666666666666664
oof,R_MC_reset_init,20,20,total_recovery_fraction,8,8,0,0.005208333333333334,0.0,0.016666666666666666
oof,R_MC_reset_init,20,20,old_winner_changed_fraction,8,8,0,0.06666666666666667,0.0,0.13333333333333333
oof,R_MC_reset_init,20,20,old_displaced_by_new_fraction,8,8,0,0.26875,0.06666666666666667,0.5083333333333333
oof,R_MC_reset_init,20,20,correctness_B_Cold_C_000,8,8,0,0.21770833333333334,0.03333333333333333,0.4083333333333333
oof,R_MC_reset_init,20,20,correctness_B_Cold_C_100,8,8,0,0.010416666666666668,0.0,0.03333333333333333
oof,R_MC_reset_init,20,20,correctness_B_Cold_C_010,8,8,0,0.013541666666666667,0.0,0.03333333333333333
oof,R_MC_reset_init,20,20,correctness_B_Cold_C_110,8,8,0,0.10520833333333333,0.03333333333333333,0.18333333333333332
oof,R_MC_reset_init,20,20,correctness_B_Cold_C_011,8,8,0,0.005208333333333334,0.0,0.016666666666666666
oof,R_MC_reset_init,20,20,correctness_B_Cold_C_111,8,8,0,0.6479166666666667,0.36666666666666664,0.9333333333333333
oof,R_MC_reset_init,20,20,B_old_margin_mean,8,8,0,0.3734438859614131,0.09465941085290128,0.687706399126855
oof,R_MC_reset_init,20,20,B_old_margin_minus_R0,8,8,0,0.0020298847372694525,0.00035009070976768327,0.004003645715964554
oof,R_MC_reset_init,20,20,B_old_winner_changed_from_R0_fraction,8,8,0,0.003125,0.0,0.016666666666666666
oof,R_MC_reset_init,20,20,B_old_R0_correct_to_wrong_fraction,8,8,0,0.0,0.0,0.0
oof,R_MC_reset_init,20,20,B_old_R0_wrong_to_correct_fraction,8,8,0,0.0010416666666666667,0.0,0.008333333333333333
oof,R_MC_reset_init,20,20,C_old_margin_mean,8,8,0,0.23731406865570398,0.010953144653471305,0.5272112143155367
oof,R_MC_reset_init,20,20,C_old_margin_minus_R0,8,8,0,0.0010703828543585203,-7.55877038643651e-05,0.0032569190580869906
oof,R_MC_reset_init,20,20,C_old_winner_changed_from_R0_fraction,8,8,0,0.008333333333333333,0.0,0.03333333333333333
oof,R_MC_reset_init,20,20,C_old_R0_correct_to_wrong_fraction,8,8,0,0.0,0.0,0.0
oof,R_MC_reset_init,20,20,C_old_R0_wrong_to_correct_fraction,8,8,0,0.0020833333333333333,0.0,0.008333333333333333
oof,R_MC_reset_init,20,20,C_new_margin_mean,8,8,0,0.17944969712932335,0.01792438938617076,0.343413426153769
oof,R_MC_reset_init,20,20,C_new_margin_minus_R0,8,8,0,0.001443271894223985,0.0002258441581520186,0.003143540552546073
oof,R_MC_reset_init,20,20,C_new_winner_changed_from_R0_fraction,8,8,0,0.00625,0.0025,0.015
oof,R_MC_reset_init,20,20,C_new_R0_correct_to_wrong_fraction,8,8,0,0.0009375,0.0,0.005
oof,R_MC_reset_init,20,20,C_new_R0_wrong_to_correct_fraction,8,8,0,0.0031249999999999997,0.0025,0.005
oof,R_MC_seq,1,0,A_old_accuracy,8,0,8,,,
oof,R_MC_seq,1,0,B0_old_accuracy,8,0,8,,,
oof,R_MC_seq,1,0,B_old_accuracy,8,0,8,,,
oof,R_MC_seq,1,0,C_old_columns_accuracy,8,0,8,,,
oof,R_MC_seq,1,0,C_old_accuracy,8,0,8,,,
oof,R_MC_seq,1,0,C_new_accuracy,8,0,8,,,
oof,R_MC_seq,1,0,C_h,8,0,8,,,
oof,R_MC_seq,1,0,adaptation_gain_B_minus_A,8,0,8,,,
oof,R_MC_seq,1,0,support_adaptation_B_minus_B0,8,0,8,,,
oof,R_MC_seq,1,0,old_order_change,8,0,8,,,
oof,R_MC_seq,1,0,new_competition_loss,8,0,8,,,
oof,R_MC_seq,1,0,total_old_accuracy_drop,8,0,8,,,
oof,R_MC_seq,1,0,C_abs_new_old_gap,8,0,8,,,
oof,R_MC_seq,1,0,C_new_minus_old,8,0,8,,,
oof,R_MC_seq,1,0,C_old_minus_R0,8,0,8,,,
oof,R_MC_seq,1,0,C_new_minus_R0,8,0,8,,,
oof,R_MC_seq,1,0,old_order_recovery_fraction,8,0,8,,,
oof,R_MC_seq,1,0,total_recovery_fraction,8,0,8,,,
oof,R_MC_seq,1,0,old_winner_changed_fraction,8,0,8,,,
oof,R_MC_seq,1,0,old_displaced_by_new_fraction,8,0,8,,,
oof,R_MC_seq,1,0,correctness_B_Cold_C_000,8,0,8,,,
oof,R_MC_seq,1,0,correctness_B_Cold_C_100,8,0,8,,,
oof,R_MC_seq,1,0,correctness_B_Cold_C_010,8,0,8,,,
oof,R_MC_seq,1,0,correctness_B_Cold_C_110,8,0,8,,,
oof,R_MC_seq,1,0,correctness_B_Cold_C_011,8,0,8,,,
oof,R_MC_seq,1,0,correctness_B_Cold_C_111,8,0,8,,,
oof,R_MC_seq,1,0,B_old_margin_mean,8,0,8,,,
oof,R_MC_seq,1,0,B_old_margin_minus_R0,8,0,8,,,
oof,R_MC_seq,1,0,B_old_winner_changed_from_R0_fraction,8,0,8,,,
oof,R_MC_seq,1,0,B_old_R0_correct_to_wrong_fraction,8,0,8,,,
oof,R_MC_seq,1,0,B_old_R0_wrong_to_correct_fraction,8,0,8,,,
oof,R_MC_seq,1,0,C_old_margin_mean,8,0,8,,,
oof,R_MC_seq,1,0,C_old_margin_minus_R0,8,0,8,,,
oof,R_MC_seq,1,0,C_old_winner_changed_from_R0_fraction,8,0,8,,,
oof,R_MC_seq,1,0,C_old_R0_correct_to_wrong_fraction,8,0,8,,,
oof,R_MC_seq,1,0,C_old_R0_wrong_to_correct_fraction,8,0,8,,,
oof,R_MC_seq,1,0,C_new_margin_mean,8,0,8,,,
oof,R_MC_seq,1,0,C_new_margin_minus_R0,8,0,8,,,
oof,R_MC_seq,1,0,C_new_winner_changed_from_R0_fraction,8,0,8,,,
oof,R_MC_seq,1,0,C_new_R0_correct_to_wrong_fraction,8,0,8,,,
oof,R_MC_seq,1,0,C_new_R0_wrong_to_correct_fraction,8,0,8,,,
oof,R_MC_seq,1,2,A_old_accuracy,8,0,8,,,
oof,R_MC_seq,1,2,B0_old_accuracy,8,0,8,,,
oof,R_MC_seq,1,2,B_old_accuracy,8,0,8,,,
oof,R_MC_seq,1,2,C_old_columns_accuracy,8,0,8,,,
oof,R_MC_seq,1,2,C_old_accuracy,8,0,8,,,
oof,R_MC_seq,1,2,C_new_accuracy,8,0,8,,,
oof,R_MC_seq,1,2,C_h,8,0,8,,,
oof,R_MC_seq,1,2,adaptation_gain_B_minus_A,8,0,8,,,
oof,R_MC_seq,1,2,support_adaptation_B_minus_B0,8,0,8,,,
oof,R_MC_seq,1,2,old_order_change,8,0,8,,,
oof,R_MC_seq,1,2,new_competition_loss,8,0,8,,,
oof,R_MC_seq,1,2,total_old_accuracy_drop,8,0,8,,,
oof,R_MC_seq,1,2,C_abs_new_old_gap,8,0,8,,,
oof,R_MC_seq,1,2,C_new_minus_old,8,0,8,,,
oof,R_MC_seq,1,2,C_old_minus_R0,8,0,8,,,
oof,R_MC_seq,1,2,C_new_minus_R0,8,0,8,,,
oof,R_MC_seq,1,2,old_order_recovery_fraction,8,0,8,,,
oof,R_MC_seq,1,2,total_recovery_fraction,8,0,8,,,
oof,R_MC_seq,1,2,old_winner_changed_fraction,8,0,8,,,
oof,R_MC_seq,1,2,old_displaced_by_new_fraction,8,0,8,,,
oof,R_MC_seq,1,2,correctness_B_Cold_C_000,8,0,8,,,
oof,R_MC_seq,1,2,correctness_B_Cold_C_100,8,0,8,,,
oof,R_MC_seq,1,2,correctness_B_Cold_C_010,8,0,8,,,
oof,R_MC_seq,1,2,correctness_B_Cold_C_110,8,0,8,,,
oof,R_MC_seq,1,2,correctness_B_Cold_C_011,8,0,8,,,
oof,R_MC_seq,1,2,correctness_B_Cold_C_111,8,0,8,,,
oof,R_MC_seq,1,2,B_old_margin_mean,8,0,8,,,
oof,R_MC_seq,1,2,B_old_margin_minus_R0,8,0,8,,,
oof,R_MC_seq,1,2,B_old_winner_changed_from_R0_fraction,8,0,8,,,
oof,R_MC_seq,1,2,B_old_R0_correct_to_wrong_fraction,8,0,8,,,
oof,R_MC_seq,1,2,B_old_R0_wrong_to_correct_fraction,8,0,8,,,
oof,R_MC_seq,1,2,C_old_margin_mean,8,0,8,,,
oof,R_MC_seq,1,2,C_old_margin_minus_R0,8,0,8,,,
oof,R_MC_seq,1,2,C_old_winner_changed_from_R0_fraction,8,0,8,,,
oof,R_MC_seq,1,2,C_old_R0_correct_to_wrong_fraction,8,0,8,,,
oof,R_MC_seq,1,2,C_old_R0_wrong_to_correct_fraction,8,0,8,,,
oof,R_MC_seq,1,2,C_new_margin_mean,8,0,8,,,
oof,R_MC_seq,1,2,C_new_margin_minus_R0,8,0,8,,,
oof,R_MC_seq,1,2,C_new_winner_changed_from_R0_fraction,8,0,8,,,
oof,R_MC_seq,1,2,C_new_R0_correct_to_wrong_fraction,8,0,8,,,
oof,R_MC_seq,1,2,C_new_R0_wrong_to_correct_fraction,8,0,8,,,
oof,R_MC_seq,1,5,A_old_accuracy,8,0,8,,,
oof,R_MC_seq,1,5,B0_old_accuracy,8,0,8,,,
oof,R_MC_seq,1,5,B_old_accuracy,8,0,8,,,
oof,R_MC_seq,1,5,C_old_columns_accuracy,8,0,8,,,
oof,R_MC_seq,1,5,C_old_accuracy,8,0,8,,,
oof,R_MC_seq,1,5,C_new_accuracy,8,0,8,,,
oof,R_MC_seq,1,5,C_h,8,0,8,,,
oof,R_MC_seq,1,5,adaptation_gain_B_minus_A,8,0,8,,,
oof,R_MC_seq,1,5,support_adaptation_B_minus_B0,8,0,8,,,
oof,R_MC_seq,1,5,old_order_change,8,0,8,,,
oof,R_MC_seq,1,5,new_competition_loss,8,0,8,,,
oof,R_MC_seq,1,5,total_old_accuracy_drop,8,0,8,,,
oof,R_MC_seq,1,5,C_abs_new_old_gap,8,0,8,,,
oof,R_MC_seq,1,5,C_new_minus_old,8,0,8,,,
oof,R_MC_seq,1,5,C_old_minus_R0,8,0,8,,,
oof,R_MC_seq,1,5,C_new_minus_R0,8,0,8,,,
oof,R_MC_seq,1,5,old_order_recovery_fraction,8,0,8,,,
oof,R_MC_seq,1,5,total_recovery_fraction,8,0,8,,,
oof,R_MC_seq,1,5,old_winner_changed_fraction,8,0,8,,,
oof,R_MC_seq,1,5,old_displaced_by_new_fraction,8,0,8,,,
oof,R_MC_seq,1,5,correctness_B_Cold_C_000,8,0,8,,,
oof,R_MC_seq,1,5,correctness_B_Cold_C_100,8,0,8,,,
oof,R_MC_seq,1,5,correctness_B_Cold_C_010,8,0,8,,,
oof,R_MC_seq,1,5,correctness_B_Cold_C_110,8,0,8,,,
oof,R_MC_seq,1,5,correctness_B_Cold_C_011,8,0,8,,,
oof,R_MC_seq,1,5,correctness_B_Cold_C_111,8,0,8,,,
oof,R_MC_seq,1,5,B_old_margin_mean,8,0,8,,,
oof,R_MC_seq,1,5,B_old_margin_minus_R0,8,0,8,,,
oof,R_MC_seq,1,5,B_old_winner_changed_from_R0_fraction,8,0,8,,,
oof,R_MC_seq,1,5,B_old_R0_correct_to_wrong_fraction,8,0,8,,,
oof,R_MC_seq,1,5,B_old_R0_wrong_to_correct_fraction,8,0,8,,,
oof,R_MC_seq,1,5,C_old_margin_mean,8,0,8,,,
oof,R_MC_seq,1,5,C_old_margin_minus_R0,8,0,8,,,
oof,R_MC_seq,1,5,C_old_winner_changed_from_R0_fraction,8,0,8,,,
oof,R_MC_seq,1,5,C_old_R0_correct_to_wrong_fraction,8,0,8,,,
oof,R_MC_seq,1,5,C_old_R0_wrong_to_correct_fraction,8,0,8,,,
oof,R_MC_seq,1,5,C_new_margin_mean,8,0,8,,,
oof,R_MC_seq,1,5,C_new_margin_minus_R0,8,0,8,,,
oof,R_MC_seq,1,5,C_new_winner_changed_from_R0_fraction,8,0,8,,,
oof,R_MC_seq,1,5,C_new_R0_correct_to_wrong_fraction,8,0,8,,,
oof,R_MC_seq,1,5,C_new_R0_wrong_to_correct_fraction,8,0,8,,,
oof,R_MC_seq,1,10,A_old_accuracy,8,0,8,,,
oof,R_MC_seq,1,10,B0_old_accuracy,8,0,8,,,
oof,R_MC_seq,1,10,B_old_accuracy,8,0,8,,,
oof,R_MC_seq,1,10,C_old_columns_accuracy,8,0,8,,,
oof,R_MC_seq,1,10,C_old_accuracy,8,0,8,,,
oof,R_MC_seq,1,10,C_new_accuracy,8,0,8,,,
oof,R_MC_seq,1,10,C_h,8,0,8,,,
oof,R_MC_seq,1,10,adaptation_gain_B_minus_A,8,0,8,,,
oof,R_MC_seq,1,10,support_adaptation_B_minus_B0,8,0,8,,,
oof,R_MC_seq,1,10,old_order_change,8,0,8,,,
oof,R_MC_seq,1,10,new_competition_loss,8,0,8,,,
oof,R_MC_seq,1,10,total_old_accuracy_drop,8,0,8,,,
oof,R_MC_seq,1,10,C_abs_new_old_gap,8,0,8,,,
oof,R_MC_seq,1,10,C_new_minus_old,8,0,8,,,
oof,R_MC_seq,1,10,C_old_minus_R0,8,0,8,,,
oof,R_MC_seq,1,10,C_new_minus_R0,8,0,8,,,
oof,R_MC_seq,1,10,old_order_recovery_fraction,8,0,8,,,
oof,R_MC_seq,1,10,total_recovery_fraction,8,0,8,,,
oof,R_MC_seq,1,10,old_winner_changed_fraction,8,0,8,,,
oof,R_MC_seq,1,10,old_displaced_by_new_fraction,8,0,8,,,
oof,R_MC_seq,1,10,correctness_B_Cold_C_000,8,0,8,,,
oof,R_MC_seq,1,10,correctness_B_Cold_C_100,8,0,8,,,
oof,R_MC_seq,1,10,correctness_B_Cold_C_010,8,0,8,,,
oof,R_MC_seq,1,10,correctness_B_Cold_C_110,8,0,8,,,
oof,R_MC_seq,1,10,correctness_B_Cold_C_011,8,0,8,,,
oof,R_MC_seq,1,10,correctness_B_Cold_C_111,8,0,8,,,
oof,R_MC_seq,1,10,B_old_margin_mean,8,0,8,,,
oof,R_MC_seq,1,10,B_old_margin_minus_R0,8,0,8,,,
oof,R_MC_seq,1,10,B_old_winner_changed_from_R0_fraction,8,0,8,,,
oof,R_MC_seq,1,10,B_old_R0_correct_to_wrong_fraction,8,0,8,,,
oof,R_MC_seq,1,10,B_old_R0_wrong_to_correct_fraction,8,0,8,,,
oof,R_MC_seq,1,10,C_old_margin_mean,8,0,8,,,
oof,R_MC_seq,1,10,C_old_margin_minus_R0,8,0,8,,,
oof,R_MC_seq,1,10,C_old_winner_changed_from_R0_fraction,8,0,8,,,
oof,R_MC_seq,1,10,C_old_R0_correct_to_wrong_fraction,8,0,8,,,
oof,R_MC_seq,1,10,C_old_R0_wrong_to_correct_fraction,8,0,8,,,
oof,R_MC_seq,1,10,C_new_margin_mean,8,0,8,,,
oof,R_MC_seq,1,10,C_new_margin_minus_R0,8,0,8,,,
oof,R_MC_seq,1,10,C_new_winner_changed_from_R0_fraction,8,0,8,,,
oof,R_MC_seq,1,10,C_new_R0_correct_to_wrong_fraction,8,0,8,,,
oof,R_MC_seq,1,10,C_new_R0_wrong_to_correct_fraction,8,0,8,,,
oof,R_MC_seq,1,20,A_old_accuracy,8,0,8,,,
oof,R_MC_seq,1,20,B0_old_accuracy,8,0,8,,,
oof,R_MC_seq,1,20,B_old_accuracy,8,0,8,,,
oof,R_MC_seq,1,20,C_old_columns_accuracy,8,0,8,,,
oof,R_MC_seq,1,20,C_old_accuracy,8,0,8,,,
oof,R_MC_seq,1,20,C_new_accuracy,8,0,8,,,
oof,R_MC_seq,1,20,C_h,8,0,8,,,
oof,R_MC_seq,1,20,adaptation_gain_B_minus_A,8,0,8,,,
oof,R_MC_seq,1,20,support_adaptation_B_minus_B0,8,0,8,,,
oof,R_MC_seq,1,20,old_order_change,8,0,8,,,
oof,R_MC_seq,1,20,new_competition_loss,8,0,8,,,
oof,R_MC_seq,1,20,total_old_accuracy_drop,8,0,8,,,
oof,R_MC_seq,1,20,C_abs_new_old_gap,8,0,8,,,
oof,R_MC_seq,1,20,C_new_minus_old,8,0,8,,,
oof,R_MC_seq,1,20,C_old_minus_R0,8,0,8,,,
oof,R_MC_seq,1,20,C_new_minus_R0,8,0,8,,,
oof,R_MC_seq,1,20,old_order_recovery_fraction,8,0,8,,,
oof,R_MC_seq,1,20,total_recovery_fraction,8,0,8,,,
oof,R_MC_seq,1,20,old_winner_changed_fraction,8,0,8,,,
oof,R_MC_seq,1,20,old_displaced_by_new_fraction,8,0,8,,,
oof,R_MC_seq,1,20,correctness_B_Cold_C_000,8,0,8,,,
oof,R_MC_seq,1,20,correctness_B_Cold_C_100,8,0,8,,,
oof,R_MC_seq,1,20,correctness_B_Cold_C_010,8,0,8,,,
oof,R_MC_seq,1,20,correctness_B_Cold_C_110,8,0,8,,,
oof,R_MC_seq,1,20,correctness_B_Cold_C_011,8,0,8,,,
oof,R_MC_seq,1,20,correctness_B_Cold_C_111,8,0,8,,,
oof,R_MC_seq,1,20,B_old_margin_mean,8,0,8,,,
oof,R_MC_seq,1,20,B_old_margin_minus_R0,8,0,8,,,
oof,R_MC_seq,1,20,B_old_winner_changed_from_R0_fraction,8,0,8,,,
oof,R_MC_seq,1,20,B_old_R0_correct_to_wrong_fraction,8,0,8,,,
oof,R_MC_seq,1,20,B_old_R0_wrong_to_correct_fraction,8,0,8,,,
oof,R_MC_seq,1,20,C_old_margin_mean,8,0,8,,,
oof,R_MC_seq,1,20,C_old_margin_minus_R0,8,0,8,,,
oof,R_MC_seq,1,20,C_old_winner_changed_from_R0_fraction,8,0,8,,,
oof,R_MC_seq,1,20,C_old_R0_correct_to_wrong_fraction,8,0,8,,,
oof,R_MC_seq,1,20,C_old_R0_wrong_to_correct_fraction,8,0,8,,,
oof,R_MC_seq,1,20,C_new_margin_mean,8,0,8,,,
oof,R_MC_seq,1,20,C_new_margin_minus_R0,8,0,8,,,
oof,R_MC_seq,1,20,C_new_winner_changed_from_R0_fraction,8,0,8,,,
oof,R_MC_seq,1,20,C_new_R0_correct_to_wrong_fraction,8,0,8,,,
oof,R_MC_seq,1,20,C_new_R0_wrong_to_correct_fraction,8,0,8,,,
oof,R_MC_seq,5,0,A_old_accuracy,8,0,8,,,
oof,R_MC_seq,5,0,B0_old_accuracy,8,8,0,0.6333333333333333,0.3333333333333333,0.9333333333333333
oof,R_MC_seq,5,0,B_old_accuracy,8,8,0,0.6291666666666667,0.3333333333333333,0.9333333333333333
oof,R_MC_seq,5,0,C_old_columns_accuracy,8,8,0,0.6291666666666667,0.3333333333333333,0.9333333333333333
oof,R_MC_seq,5,0,C_old_accuracy,8,8,0,0.6291666666666667,0.3333333333333333,0.9333333333333333
oof,R_MC_seq,5,0,C_new_accuracy,8,0,8,,,
oof,R_MC_seq,5,0,C_h,8,0,8,,,
oof,R_MC_seq,5,0,adaptation_gain_B_minus_A,8,0,8,,,
oof,R_MC_seq,5,0,support_adaptation_B_minus_B0,8,8,0,-0.004166666666666666,-0.033333333333333326,0.0
oof,R_MC_seq,5,0,old_order_change,8,8,0,0.0,0.0,0.0
oof,R_MC_seq,5,0,new_competition_loss,8,8,0,0.0,0.0,0.0
oof,R_MC_seq,5,0,total_old_accuracy_drop,8,8,0,0.0,0.0,0.0
oof,R_MC_seq,5,0,C_abs_new_old_gap,8,0,8,,,
oof,R_MC_seq,5,0,C_new_minus_old,8,0,8,,,
oof,R_MC_seq,5,0,C_old_minus_R0,8,8,0,-0.004166666666666666,-0.033333333333333326,0.0
oof,R_MC_seq,5,0,C_new_minus_R0,8,0,8,,,
oof,R_MC_seq,5,0,old_order_recovery_fraction,8,8,0,0.0,0.0,0.0
oof,R_MC_seq,5,0,total_recovery_fraction,8,8,0,0.0,0.0,0.0
oof,R_MC_seq,5,0,old_winner_changed_fraction,8,8,0,0.0,0.0,0.0
oof,R_MC_seq,5,0,old_displaced_by_new_fraction,8,8,0,0.0,0.0,0.0
oof,R_MC_seq,5,0,correctness_B_Cold_C_000,8,8,0,0.37083333333333335,0.06666666666666667,0.6666666666666666
oof,R_MC_seq,5,0,correctness_B_Cold_C_100,8,8,0,0.0,0.0,0.0
oof,R_MC_seq,5,0,correctness_B_Cold_C_010,8,8,0,0.0,0.0,0.0
oof,R_MC_seq,5,0,correctness_B_Cold_C_110,8,8,0,0.0,0.0,0.0
oof,R_MC_seq,5,0,correctness_B_Cold_C_011,8,8,0,0.0,0.0,0.0
oof,R_MC_seq,5,0,correctness_B_Cold_C_111,8,8,0,0.6291666666666667,0.3333333333333333,0.9333333333333333
oof,R_MC_seq,5,0,B_old_margin_mean,8,8,0,0.13931376339745516,-0.03811368036513978,0.3808961047719504
oof,R_MC_seq,5,0,B_old_margin_minus_R0,8,8,0,0.00046938701863695356,0.00010567988097294131,0.001293017278562777
oof,R_MC_seq,5,0,B_old_winner_changed_from_R0_fraction,8,8,0,0.004166666666666667,0.0,0.03333333333333333
oof,R_MC_seq,5,0,B_old_R0_correct_to_wrong_fraction,8,8,0,0.004166666666666667,0.0,0.03333333333333333
oof,R_MC_seq,5,0,B_old_R0_wrong_to_correct_fraction,8,8,0,0.0,0.0,0.0
oof,R_MC_seq,5,0,C_old_margin_mean,8,8,0,0.13931376339745516,-0.03811368036513978,0.3808961047719504
oof,R_MC_seq,5,0,C_old_margin_minus_R0,8,8,0,0.00046938701863695356,0.00010567988097294131,0.001293017278562777
oof,R_MC_seq,5,0,C_old_winner_changed_from_R0_fraction,8,8,0,0.004166666666666667,0.0,0.03333333333333333
oof,R_MC_seq,5,0,C_old_R0_correct_to_wrong_fraction,8,8,0,0.004166666666666667,0.0,0.03333333333333333
oof,R_MC_seq,5,0,C_old_R0_wrong_to_correct_fraction,8,8,0,0.0,0.0,0.0
oof,R_MC_seq,5,0,C_new_margin_mean,8,0,8,,,
oof,R_MC_seq,5,0,C_new_margin_minus_R0,8,0,8,,,
oof,R_MC_seq,5,0,C_new_winner_changed_from_R0_fraction,8,0,8,,,
oof,R_MC_seq,5,0,C_new_R0_correct_to_wrong_fraction,8,0,8,,,
oof,R_MC_seq,5,0,C_new_R0_wrong_to_correct_fraction,8,0,8,,,
oof,R_MC_seq,5,2,A_old_accuracy,8,0,8,,,
oof,R_MC_seq,5,2,B0_old_accuracy,8,8,0,0.6333333333333333,0.3333333333333333,0.9333333333333333
oof,R_MC_seq,5,2,B_old_accuracy,8,8,0,0.6291666666666667,0.3333333333333333,0.9333333333333333
oof,R_MC_seq,5,2,C_old_columns_accuracy,8,8,0,0.6333333333333333,0.3333333333333333,0.9333333333333333
oof,R_MC_seq,5,2,C_old_accuracy,8,8,0,0.6124999999999999,0.26666666666666666,0.9333333333333333
oof,R_MC_seq,5,2,C_new_accuracy,8,8,0,0.5,0.2,0.9
oof,R_MC_seq,5,2,C_h,8,8,0,0.535219412916297,0.24,0.9
oof,R_MC_seq,5,2,adaptation_gain_B_minus_A,8,0,8,,,
oof,R_MC_seq,5,2,support_adaptation_B_minus_B0,8,8,0,-0.004166666666666666,-0.033333333333333326,0.0
oof,R_MC_seq,5,2,old_order_change,8,8,0,-0.004166666666666667,-0.03333333333333333,0.0
oof,R_MC_seq,5,2,new_competition_loss,8,8,0,0.020833333333333332,0.0,0.06666666666666667
oof,R_MC_seq,5,2,total_old_accuracy_drop,8,8,0,0.016666666666666666,0.0,0.06666666666666667
oof,R_MC_seq,5,2,C_abs_new_old_gap,8,8,0,0.17083333333333336,0.0,0.43333333333333335
oof,R_MC_seq,5,2,C_new_minus_old,8,8,0,-0.11249999999999999,-0.43333333333333335,0.16666666666666669
oof,R_MC_seq,5,2,C_old_minus_R0,8,8,0,0.0,0.0,0.0
oof,R_MC_seq,5,2,C_new_minus_R0,8,8,0,0.0,0.0,0.0
oof,R_MC_seq,5,2,old_order_recovery_fraction,8,8,0,0.004166666666666667,0.0,0.03333333333333333
oof,R_MC_seq,5,2,total_recovery_fraction,8,8,0,0.004166666666666667,0.0,0.03333333333333333
oof,R_MC_seq,5,2,old_winner_changed_fraction,8,8,0,0.020833333333333332,0.0,0.03333333333333333
oof,R_MC_seq,5,2,old_displaced_by_new_fraction,8,8,0,0.07083333333333333,0.0,0.2
oof,R_MC_seq,5,2,correctness_B_Cold_C_000,8,8,0,0.3666666666666667,0.06666666666666667,0.6666666666666666
oof,R_MC_seq,5,2,correctness_B_Cold_C_100,8,8,0,0.0,0.0,0.0
oof,R_MC_seq,5,2,correctness_B_Cold_C_010,8,8,0,0.0,0.0,0.0
oof,R_MC_seq,5,2,correctness_B_Cold_C_110,8,8,0,0.020833333333333332,0.0,0.06666666666666667
oof,R_MC_seq,5,2,correctness_B_Cold_C_011,8,8,0,0.004166666666666667,0.0,0.03333333333333333
oof,R_MC_seq,5,2,correctness_B_Cold_C_111,8,8,0,0.6083333333333333,0.26666666666666666,0.9333333333333333
oof,R_MC_seq,5,2,B_old_margin_mean,8,8,0,0.13931376339745516,-0.03811368036513978,0.3808961047719504
oof,R_MC_seq,5,2,B_old_margin_minus_R0,8,8,0,0.00046938701863695356,0.00010567988097294131,0.001293017278562777
oof,R_MC_seq,5,2,B_old_winner_changed_from_R0_fraction,8,8,0,0.004166666666666667,0.0,0.03333333333333333
oof,R_MC_seq,5,2,B_old_R0_correct_to_wrong_fraction,8,8,0,0.004166666666666667,0.0,0.03333333333333333
oof,R_MC_seq,5,2,B_old_R0_wrong_to_correct_fraction,8,8,0,0.0,0.0,0.0
oof,R_MC_seq,5,2,C_old_margin_mean,8,8,0,0.11703782526493606,-0.042030037773843426,0.33799484319683415
oof,R_MC_seq,5,2,C_old_margin_minus_R0,8,8,0,0.0011497991416915827,4.6972236074523574e-05,0.002696211753790337
oof,R_MC_seq,5,2,C_old_winner_changed_from_R0_fraction,8,8,0,0.0,0.0,0.0
oof,R_MC_seq,5,2,C_old_R0_correct_to_wrong_fraction,8,8,0,0.0,0.0,0.0
oof,R_MC_seq,5,2,C_old_R0_wrong_to_correct_fraction,8,8,0,0.0,0.0,0.0
oof,R_MC_seq,5,2,C_new_margin_mean,8,8,0,0.04301793763195806,-0.05884154527246229,0.24189331847576176
oof,R_MC_seq,5,2,C_new_margin_minus_R0,8,8,0,0.0013562656591368026,9.618778517732976e-05,0.005452172483463682
oof,R_MC_seq,5,2,C_new_winner_changed_from_R0_fraction,8,8,0,0.0125,0.0,0.1
oof,R_MC_seq,5,2,C_new_R0_correct_to_wrong_fraction,8,8,0,0.0,0.0,0.0
oof,R_MC_seq,5,2,C_new_R0_wrong_to_correct_fraction,8,8,0,0.0,0.0,0.0
oof,R_MC_seq,5,5,A_old_accuracy,8,0,8,,,
oof,R_MC_seq,5,5,B0_old_accuracy,8,8,0,0.6333333333333333,0.3333333333333333,0.9333333333333333
oof,R_MC_seq,5,5,B_old_accuracy,8,8,0,0.6291666666666667,0.3333333333333333,0.9333333333333333
oof,R_MC_seq,5,5,C_old_columns_accuracy,8,8,0,0.6208333333333332,0.3,0.9333333333333333
oof,R_MC_seq,5,5,C_old_accuracy,8,8,0,0.5416666666666666,0.23333333333333334,0.8666666666666667
oof,R_MC_seq,5,5,C_new_accuracy,8,8,0,0.495,0.16,0.92
oof,R_MC_seq,5,5,C_h,8,8,0,0.5143820244609101,0.1898305084745763,0.8745247148288974
oof,R_MC_seq,5,5,adaptation_gain_B_minus_A,8,0,8,,,
oof,R_MC_seq,5,5,support_adaptation_B_minus_B0,8,8,0,-0.004166666666666666,-0.033333333333333326,0.0
oof,R_MC_seq,5,5,old_order_change,8,8,0,0.008333333333333333,0.0,0.03333333333333333
oof,R_MC_seq,5,5,new_competition_loss,8,8,0,0.07916666666666666,0.06666666666666667,0.1
oof,R_MC_seq,5,5,total_old_accuracy_drop,8,8,0,0.0875,0.06666666666666667,0.1
oof,R_MC_seq,5,5,C_abs_new_old_gap,8,8,0,0.07833333333333334,0.026666666666666672,0.18666666666666665
oof,R_MC_seq,5,5,C_new_minus_old,8,8,0,-0.04666666666666668,-0.18666666666666665,0.08666666666666667
oof,R_MC_seq,5,5,C_old_minus_R0,8,8,0,-0.004166666666666666,-0.033333333333333326,0.0
oof,R_MC_seq,5,5,C_new_minus_R0,8,8,0,-0.0049999999999999975,-0.03999999999999998,0.0
oof,R_MC_seq,5,5,old_order_recovery_fraction,8,8,0,0.0,0.0,0.0
oof,R_MC_seq,5,5,total_recovery_fraction,8,8,0,0.0,0.0,0.0
oof,R_MC_seq,5,5,old_winner_changed_fraction,8,8,0,0.037500000000000006,0.0,0.1
oof,R_MC_seq,5,5,old_displaced_by_new_fraction,8,8,0,0.1875,0.06666666666666667,0.3333333333333333
oof,R_MC_seq,5,5,correctness_B_Cold_C_000,8,8,0,0.37083333333333335,0.06666666666666667,0.6666666666666666
oof,R_MC_seq,5,5,correctness_B_Cold_C_100,8,8,0,0.008333333333333333,0.0,0.03333333333333333
oof,R_MC_seq,5,5,correctness_B_Cold_C_010,8,8,0,0.0,0.0,0.0
oof,R_MC_seq,5,5,correctness_B_Cold_C_110,8,8,0,0.07916666666666666,0.06666666666666667,0.1
oof,R_MC_seq,5,5,correctness_B_Cold_C_011,8,8,0,0.0,0.0,0.0
oof,R_MC_seq,5,5,correctness_B_Cold_C_111,8,8,0,0.5416666666666666,0.23333333333333334,0.8666666666666667
oof,R_MC_seq,5,5,B_old_margin_mean,8,8,0,0.13931376339745516,-0.03811368036513978,0.3808961047719504
oof,R_MC_seq,5,5,B_old_margin_minus_R0,8,8,0,0.00046938701863695356,0.00010567988097294131,0.001293017278562777
oof,R_MC_seq,5,5,B_old_winner_changed_from_R0_fraction,8,8,0,0.004166666666666667,0.0,0.03333333333333333
oof,R_MC_seq,5,5,B_old_R0_correct_to_wrong_fraction,8,8,0,0.004166666666666667,0.0,0.03333333333333333
oof,R_MC_seq,5,5,B_old_R0_wrong_to_correct_fraction,8,8,0,0.0,0.0,0.0
oof,R_MC_seq,5,5,C_old_margin_mean,8,8,0,0.08982699559795314,-0.04709257942215915,0.27331095737169625
oof,R_MC_seq,5,5,C_old_margin_minus_R0,8,8,0,0.000847079859324774,0.00012821892738676041,0.0020167442263199923
oof,R_MC_seq,5,5,C_old_winner_changed_from_R0_fraction,8,8,0,0.004166666666666667,0.0,0.03333333333333333
oof,R_MC_seq,5,5,C_old_R0_correct_to_wrong_fraction,8,8,0,0.004166666666666667,0.0,0.03333333333333333
oof,R_MC_seq,5,5,C_old_R0_wrong_to_correct_fraction,8,8,0,0.0,0.0,0.0
oof,R_MC_seq,5,5,C_new_margin_mean,8,8,0,0.057504434476791835,-0.06704887201277544,0.2219347082428231
oof,R_MC_seq,5,5,C_new_margin_minus_R0,8,8,0,0.0007538214457567166,-0.00011273727939784122,0.003953308236997653
oof,R_MC_seq,5,5,C_new_winner_changed_from_R0_fraction,8,8,0,0.005,0.0,0.04
oof,R_MC_seq,5,5,C_new_R0_correct_to_wrong_fraction,8,8,0,0.005,0.0,0.04
oof,R_MC_seq,5,5,C_new_R0_wrong_to_correct_fraction,8,8,0,0.0,0.0,0.0
oof,R_MC_seq,5,10,A_old_accuracy,8,0,8,,,
oof,R_MC_seq,5,10,B0_old_accuracy,8,8,0,0.6333333333333333,0.3333333333333333,0.9333333333333333
oof,R_MC_seq,5,10,B_old_accuracy,8,8,0,0.6291666666666667,0.3333333333333333,0.9333333333333333
oof,R_MC_seq,5,10,C_old_columns_accuracy,8,8,0,0.6375,0.3333333333333333,0.9333333333333333
oof,R_MC_seq,5,10,C_old_accuracy,8,8,0,0.5333333333333334,0.2,0.8666666666666667
oof,R_MC_seq,5,10,C_new_accuracy,8,8,0,0.4825,0.14,0.84
oof,R_MC_seq,5,10,C_h,8,8,0,0.5036107198431325,0.1647058823529412,0.853125
oof,R_MC_seq,5,10,adaptation_gain_B_minus_A,8,0,8,,,
oof,R_MC_seq,5,10,support_adaptation_B_minus_B0,8,8,0,-0.004166666666666666,-0.033333333333333326,0.0
oof,R_MC_seq,5,10,old_order_change,8,8,0,-0.008333333333333335,-0.03333333333333333,0.03333333333333333
oof,R_MC_seq,5,10,new_competition_loss,8,8,0,0.10416666666666666,0.06666666666666667,0.13333333333333333
oof,R_MC_seq,5,10,total_old_accuracy_drop,8,8,0,0.09583333333333333,0.03333333333333333,0.16666666666666666
oof,R_MC_seq,5,10,C_abs_new_old_gap,8,8,0,0.08083333333333337,0.026666666666666727,0.19333333333333336
oof,R_MC_seq,5,10,C_new_minus_old,8,8,0,-0.05083333333333335,-0.19333333333333336,0.07333333333333336
oof,R_MC_seq,5,10,C_old_minus_R0,8,8,0,0.0,0.0,0.0
oof,R_MC_seq,5,10,C_new_minus_R0,8,8,0,0.0,0.0,0.0
oof,R_MC_seq,5,10,old_order_recovery_fraction,8,8,0,0.0125,0.0,0.03333333333333333
oof,R_MC_seq,5,10,total_recovery_fraction,8,8,0,0.004166666666666667,0.0,0.03333333333333333
oof,R_MC_seq,5,10,old_winner_changed_fraction,8,8,0,0.041666666666666664,0.0,0.1
oof,R_MC_seq,5,10,old_displaced_by_new_fraction,8,8,0,0.2625,0.1,0.5
oof,R_MC_seq,5,10,correctness_B_Cold_C_000,8,8,0,0.3583333333333333,0.06666666666666667,0.6666666666666666
oof,R_MC_seq,5,10,correctness_B_Cold_C_100,8,8,0,0.004166666666666667,0.0,0.03333333333333333
oof,R_MC_seq,5,10,correctness_B_Cold_C_010,8,8,0,0.008333333333333333,0.0,0.03333333333333333
oof,R_MC_seq,5,10,correctness_B_Cold_C_110,8,8,0,0.09583333333333333,0.06666666666666667,0.13333333333333333
oof,R_MC_seq,5,10,correctness_B_Cold_C_011,8,8,0,0.004166666666666667,0.0,0.03333333333333333
oof,R_MC_seq,5,10,correctness_B_Cold_C_111,8,8,0,0.5291666666666668,0.2,0.8666666666666667
oof,R_MC_seq,5,10,B_old_margin_mean,8,8,0,0.13931376339745516,-0.03811368036513978,0.3808961047719504
oof,R_MC_seq,5,10,B_old_margin_minus_R0,8,8,0,0.00046938701863695356,0.00010567988097294131,0.001293017278562777
oof,R_MC_seq,5,10,B_old_winner_changed_from_R0_fraction,8,8,0,0.004166666666666667,0.0,0.03333333333333333
oof,R_MC_seq,5,10,B_old_R0_correct_to_wrong_fraction,8,8,0,0.004166666666666667,0.0,0.03333333333333333
oof,R_MC_seq,5,10,B_old_R0_wrong_to_correct_fraction,8,8,0,0.0,0.0,0.0
oof,R_MC_seq,5,10,C_old_margin_mean,8,8,0,0.0791728826187258,-0.05113380250077217,0.2620320221516102
oof,R_MC_seq,5,10,C_old_margin_minus_R0,8,8,0,0.0011722334337570014,-0.0001770472224718747,0.002662580705245135
oof,R_MC_seq,5,10,C_old_winner_changed_from_R0_fraction,8,8,0,0.008333333333333333,0.0,0.03333333333333333
oof,R_MC_seq,5,10,C_old_R0_correct_to_wrong_fraction,8,8,0,0.0,0.0,0.0
oof,R_MC_seq,5,10,C_old_R0_wrong_to_correct_fraction,8,8,0,0.0,0.0,0.0
oof,R_MC_seq,5,10,C_new_margin_mean,8,8,0,0.0546350539721298,-0.056796040476629936,0.17722089351640882
oof,R_MC_seq,5,10,C_new_margin_minus_R0,8,8,0,0.0006081463903245234,-4.0295381051468075e-06,0.0019146372603478625
oof,R_MC_seq,5,10,C_new_winner_changed_from_R0_fraction,8,8,0,0.0025,0.0,0.02
oof,R_MC_seq,5,10,C_new_R0_correct_to_wrong_fraction,8,8,0,0.0,0.0,0.0
oof,R_MC_seq,5,10,C_new_R0_wrong_to_correct_fraction,8,8,0,0.0,0.0,0.0
oof,R_MC_seq,5,20,A_old_accuracy,8,0,8,,,
oof,R_MC_seq,5,20,B0_old_accuracy,8,8,0,0.6333333333333333,0.3333333333333333,0.9333333333333333
oof,R_MC_seq,5,20,B_old_accuracy,8,8,0,0.6291666666666667,0.3333333333333333,0.9333333333333333
oof,R_MC_seq,5,20,C_old_columns_accuracy,8,8,0,0.6375,0.3,0.9333333333333333
oof,R_MC_seq,5,20,C_old_accuracy,8,8,0,0.4875,0.13333333333333333,0.8333333333333334
oof,R_MC_seq,5,20,C_new_accuracy,8,8,0,0.46499999999999997,0.2,0.79
oof,R_MC_seq,5,20,C_h,8,8,0,0.4668852409316109,0.16,0.7949685534591197
oof,R_MC_seq,5,20,adaptation_gain_B_minus_A,8,0,8,,,
oof,R_MC_seq,5,20,support_adaptation_B_minus_B0,8,8,0,-0.004166666666666666,-0.033333333333333326,0.0
oof,R_MC_seq,5,20,old_order_change,8,8,0,-0.008333333333333335,-0.06666666666666667,0.03333333333333333
oof,R_MC_seq,5,20,new_competition_loss,8,8,0,0.15,0.1,0.26666666666666666
oof,R_MC_seq,5,20,total_old_accuracy_drop,8,8,0,0.14166666666666666,0.1,0.2
oof,R_MC_seq,5,20,C_abs_new_old_gap,8,8,0,0.10250000000000002,0.010000000000000009,0.2333333333333334
oof,R_MC_seq,5,20,C_new_minus_old,8,8,0,-0.02250000000000001,-0.2333333333333334,0.13333333333333333
oof,R_MC_seq,5,20,C_old_minus_R0,8,8,0,0.0,0.0,0.0
oof,R_MC_seq,5,20,C_new_minus_R0,8,8,0,0.0025000000000000022,0.0,0.010000000000000009
oof,R_MC_seq,5,20,old_order_recovery_fraction,8,8,0,0.016666666666666666,0.0,0.06666666666666667
oof,R_MC_seq,5,20,total_recovery_fraction,8,8,0,0.004166666666666667,0.0,0.03333333333333333
oof,R_MC_seq,5,20,old_winner_changed_fraction,8,8,0,0.058333333333333334,0.0,0.13333333333333333
oof,R_MC_seq,5,20,old_displaced_by_new_fraction,8,8,0,0.3458333333333333,0.13333333333333333,0.5666666666666667
oof,R_MC_seq,5,20,correctness_B_Cold_C_000,8,8,0,0.35416666666666663,0.06666666666666667,0.6666666666666666
oof,R_MC_seq,5,20,correctness_B_Cold_C_100,8,8,0,0.008333333333333333,0.0,0.03333333333333333
oof,R_MC_seq,5,20,correctness_B_Cold_C_010,8,8,0,0.0125,0.0,0.06666666666666667
oof,R_MC_seq,5,20,correctness_B_Cold_C_110,8,8,0,0.13749999999999998,0.1,0.2
oof,R_MC_seq,5,20,correctness_B_Cold_C_011,8,8,0,0.004166666666666667,0.0,0.03333333333333333
oof,R_MC_seq,5,20,correctness_B_Cold_C_111,8,8,0,0.48333333333333334,0.13333333333333333,0.8333333333333334
oof,R_MC_seq,5,20,B_old_margin_mean,8,8,0,0.13931376339745516,-0.03811368036513978,0.3808961047719504
oof,R_MC_seq,5,20,B_old_margin_minus_R0,8,8,0,0.00046938701863695356,0.00010567988097294131,0.001293017278562777
oof,R_MC_seq,5,20,B_old_winner_changed_from_R0_fraction,8,8,0,0.004166666666666667,0.0,0.03333333333333333
oof,R_MC_seq,5,20,B_old_R0_correct_to_wrong_fraction,8,8,0,0.004166666666666667,0.0,0.03333333333333333
oof,R_MC_seq,5,20,B_old_R0_wrong_to_correct_fraction,8,8,0,0.0,0.0,0.0
oof,R_MC_seq,5,20,C_old_margin_mean,8,8,0,0.06687786375992096,-0.05977231097044615,0.24394315560506452
oof,R_MC_seq,5,20,C_old_margin_minus_R0,8,8,0,0.0007872506062070083,-0.0002549184071458948,0.001712950347747029
oof,R_MC_seq,5,20,C_old_winner_changed_from_R0_fraction,8,8,0,0.004166666666666667,0.0,0.03333333333333333
oof,R_MC_seq,5,20,C_old_R0_correct_to_wrong_fraction,8,8,0,0.0,0.0,0.0
oof,R_MC_seq,5,20,C_old_R0_wrong_to_correct_fraction,8,8,0,0.0,0.0,0.0
oof,R_MC_seq,5,20,C_new_margin_mean,8,8,0,0.03622635916103369,-0.0465988828175373,0.11971784270564065
oof,R_MC_seq,5,20,C_new_margin_minus_R0,8,8,0,0.0007846485252904296,-4.833909934763993e-05,0.002252909021198668
oof,R_MC_seq,5,20,C_new_winner_changed_from_R0_fraction,8,8,0,0.0125,0.0,0.03
oof,R_MC_seq,5,20,C_new_R0_correct_to_wrong_fraction,8,8,0,0.00125,0.0,0.01
oof,R_MC_seq,5,20,C_new_R0_wrong_to_correct_fraction,8,8,0,0.00375,0.0,0.01
oof,R_MC_seq,10,0,A_old_accuracy,8,0,8,,,
oof,R_MC_seq,10,0,B0_old_accuracy,8,8,0,0.7354166666666667,0.45,0.9833333333333333
oof,R_MC_seq,10,0,B_old_accuracy,8,8,0,0.7333333333333334,0.45,0.9833333333333333
oof,R_MC_seq,10,0,C_old_columns_accuracy,8,8,0,0.7333333333333334,0.45,0.9833333333333333
oof,R_MC_seq,10,0,C_old_accuracy,8,8,0,0.7333333333333334,0.45,0.9833333333333333
oof,R_MC_seq,10,0,C_new_accuracy,8,0,8,,,
oof,R_MC_seq,10,0,C_h,8,0,8,,,
oof,R_MC_seq,10,0,adaptation_gain_B_minus_A,8,0,8,,,
oof,R_MC_seq,10,0,support_adaptation_B_minus_B0,8,8,0,-0.002083333333333333,-0.016666666666666663,0.0
oof,R_MC_seq,10,0,old_order_change,8,8,0,0.0,0.0,0.0
oof,R_MC_seq,10,0,new_competition_loss,8,8,0,0.0,0.0,0.0
oof,R_MC_seq,10,0,total_old_accuracy_drop,8,8,0,0.0,0.0,0.0
oof,R_MC_seq,10,0,C_abs_new_old_gap,8,0,8,,,
oof,R_MC_seq,10,0,C_new_minus_old,8,0,8,,,
oof,R_MC_seq,10,0,C_old_minus_R0,8,8,0,-0.002083333333333333,-0.016666666666666663,0.0
oof,R_MC_seq,10,0,C_new_minus_R0,8,0,8,,,
oof,R_MC_seq,10,0,old_order_recovery_fraction,8,8,0,0.0,0.0,0.0
oof,R_MC_seq,10,0,total_recovery_fraction,8,8,0,0.0,0.0,0.0
oof,R_MC_seq,10,0,old_winner_changed_fraction,8,8,0,0.0,0.0,0.0
oof,R_MC_seq,10,0,old_displaced_by_new_fraction,8,8,0,0.0,0.0,0.0
oof,R_MC_seq,10,0,correctness_B_Cold_C_000,8,8,0,0.26666666666666666,0.016666666666666666,0.55
oof,R_MC_seq,10,0,correctness_B_Cold_C_100,8,8,0,0.0,0.0,0.0
oof,R_MC_seq,10,0,correctness_B_Cold_C_010,8,8,0,0.0,0.0,0.0
oof,R_MC_seq,10,0,correctness_B_Cold_C_110,8,8,0,0.0,0.0,0.0
oof,R_MC_seq,10,0,correctness_B_Cold_C_011,8,8,0,0.0,0.0,0.0
oof,R_MC_seq,10,0,correctness_B_Cold_C_111,8,8,0,0.7333333333333334,0.45,0.9833333333333333
oof,R_MC_seq,10,0,B_old_margin_mean,8,8,0,0.28331047192814257,0.020799530177118185,0.5693929278965766
oof,R_MC_seq,10,0,B_old_margin_minus_R0,8,8,0,0.0013735215100299152,2.018787751302276e-05,0.004439159299646543
oof,R_MC_seq,10,0,B_old_winner_changed_from_R0_fraction,8,8,0,0.0020833333333333333,0.0,0.016666666666666666
oof,R_MC_seq,10,0,B_old_R0_correct_to_wrong_fraction,8,8,0,0.0020833333333333333,0.0,0.016666666666666666
oof,R_MC_seq,10,0,B_old_R0_wrong_to_correct_fraction,8,8,0,0.0,0.0,0.0
oof,R_MC_seq,10,0,C_old_margin_mean,8,8,0,0.28331047192814257,0.020799530177118185,0.5693929278965766
oof,R_MC_seq,10,0,C_old_margin_minus_R0,8,8,0,0.0013735215100299152,2.018787751302276e-05,0.004439159299646543
oof,R_MC_seq,10,0,C_old_winner_changed_from_R0_fraction,8,8,0,0.0020833333333333333,0.0,0.016666666666666666
oof,R_MC_seq,10,0,C_old_R0_correct_to_wrong_fraction,8,8,0,0.0020833333333333333,0.0,0.016666666666666666
oof,R_MC_seq,10,0,C_old_R0_wrong_to_correct_fraction,8,8,0,0.0,0.0,0.0
oof,R_MC_seq,10,0,C_new_margin_mean,8,0,8,,,
oof,R_MC_seq,10,0,C_new_margin_minus_R0,8,0,8,,,
oof,R_MC_seq,10,0,C_new_winner_changed_from_R0_fraction,8,0,8,,,
oof,R_MC_seq,10,0,C_new_R0_correct_to_wrong_fraction,8,0,8,,,
oof,R_MC_seq,10,0,C_new_R0_wrong_to_correct_fraction,8,0,8,,,
oof,R_MC_seq,10,2,A_old_accuracy,8,0,8,,,
oof,R_MC_seq,10,2,B0_old_accuracy,8,8,0,0.7354166666666667,0.45,0.9833333333333333
oof,R_MC_seq,10,2,B_old_accuracy,8,8,0,0.7333333333333334,0.45,0.9833333333333333
oof,R_MC_seq,10,2,C_old_columns_accuracy,8,8,0,0.7375,0.4666666666666667,0.9833333333333333
oof,R_MC_seq,10,2,C_old_accuracy,8,8,0,0.7166666666666667,0.4166666666666667,0.9833333333333333
oof,R_MC_seq,10,2,C_new_accuracy,8,8,0,0.51875,0.25,0.8
oof,R_MC_seq,10,2,C_h,8,8,0,0.5934391669371855,0.32558139534883723,0.8822429906542056
oof,R_MC_seq,10,2,adaptation_gain_B_minus_A,8,0,8,,,
oof,R_MC_seq,10,2,support_adaptation_B_minus_B0,8,8,0,-0.002083333333333333,-0.016666666666666663,0.0
oof,R_MC_seq,10,2,old_order_change,8,8,0,-0.004166666666666667,-0.016666666666666666,0.0
oof,R_MC_seq,10,2,new_competition_loss,8,8,0,0.020833333333333332,0.0,0.06666666666666667
oof,R_MC_seq,10,2,total_old_accuracy_drop,8,8,0,0.016666666666666666,0.0,0.06666666666666667
oof,R_MC_seq,10,2,C_abs_new_old_gap,8,8,0,0.20624999999999996,0.016666666666666663,0.43333333333333324
oof,R_MC_seq,10,2,C_new_minus_old,8,8,0,-0.19791666666666663,-0.43333333333333324,0.033333333333333326
oof,R_MC_seq,10,2,C_old_minus_R0,8,8,0,0.0,-0.016666666666666663,0.016666666666666663
oof,R_MC_seq,10,2,C_new_minus_R0,8,8,0,0.0,0.0,0.0
oof,R_MC_seq,10,2,old_order_recovery_fraction,8,8,0,0.008333333333333333,0.0,0.016666666666666666
oof,R_MC_seq,10,2,total_recovery_fraction,8,8,0,0.00625,0.0,0.016666666666666666
oof,R_MC_seq,10,2,old_winner_changed_fraction,8,8,0,0.03333333333333333,0.0,0.1
oof,R_MC_seq,10,2,old_displaced_by_new_fraction,8,8,0,0.06041666666666666,0.0,0.15
oof,R_MC_seq,10,2,correctness_B_Cold_C_000,8,8,0,0.2583333333333333,0.016666666666666666,0.5333333333333333
oof,R_MC_seq,10,2,correctness_B_Cold_C_100,8,8,0,0.004166666666666667,0.0,0.016666666666666666
oof,R_MC_seq,10,2,correctness_B_Cold_C_010,8,8,0,0.0020833333333333333,0.0,0.016666666666666666
oof,R_MC_seq,10,2,correctness_B_Cold_C_110,8,8,0,0.01875,0.0,0.06666666666666667
oof,R_MC_seq,10,2,correctness_B_Cold_C_011,8,8,0,0.00625,0.0,0.016666666666666666
oof,R_MC_seq,10,2,correctness_B_Cold_C_111,8,8,0,0.7104166666666667,0.4166666666666667,0.9833333333333333
oof,R_MC_seq,10,2,B_old_margin_mean,8,8,0,0.28331047192814257,0.020799530177118185,0.5693929278965766
oof,R_MC_seq,10,2,B_old_margin_minus_R0,8,8,0,0.0013735215100299152,2.018787751302276e-05,0.004439159299646543
oof,R_MC_seq,10,2,B_old_winner_changed_from_R0_fraction,8,8,0,0.0020833333333333333,0.0,0.016666666666666666
oof,R_MC_seq,10,2,B_old_R0_correct_to_wrong_fraction,8,8,0,0.0020833333333333333,0.0,0.016666666666666666
oof,R_MC_seq,10,2,B_old_R0_wrong_to_correct_fraction,8,8,0,0.0,0.0,0.0
oof,R_MC_seq,10,2,C_old_margin_mean,8,8,0,0.2491766696810175,0.007062186544409068,0.5140126799227156
oof,R_MC_seq,10,2,C_old_margin_minus_R0,8,8,0,0.003690728872041537,0.0003445603011060141,0.008631674014027573
oof,R_MC_seq,10,2,C_old_winner_changed_from_R0_fraction,8,8,0,0.014583333333333334,0.0,0.05
oof,R_MC_seq,10,2,C_old_R0_correct_to_wrong_fraction,8,8,0,0.004166666666666667,0.0,0.016666666666666666
oof,R_MC_seq,10,2,C_old_R0_wrong_to_correct_fraction,8,8,0,0.004166666666666667,0.0,0.016666666666666666
oof,R_MC_seq,10,2,C_new_margin_mean,8,8,0,0.054505985441907774,-0.052078618386056,0.20554240311970834
oof,R_MC_seq,10,2,C_new_margin_minus_R0,8,8,0,0.0020992316069436525,-0.0007251303900201817,0.0074118556491876665
oof,R_MC_seq,10,2,C_new_winner_changed_from_R0_fraction,8,8,0,0.00625,0.0,0.05
oof,R_MC_seq,10,2,C_new_R0_correct_to_wrong_fraction,8,8,0,0.0,0.0,0.0
oof,R_MC_seq,10,2,C_new_R0_wrong_to_correct_fraction,8,8,0,0.0,0.0,0.0
oof,R_MC_seq,10,5,A_old_accuracy,8,0,8,,,
oof,R_MC_seq,10,5,B0_old_accuracy,8,8,0,0.7354166666666667,0.45,0.9833333333333333
oof,R_MC_seq,10,5,B_old_accuracy,8,8,0,0.7333333333333334,0.45,0.9833333333333333
oof,R_MC_seq,10,5,C_old_columns_accuracy,8,8,0,0.7354166666666667,0.4666666666666667,0.9833333333333333
oof,R_MC_seq,10,5,C_old_accuracy,8,8,0,0.6791666666666668,0.4,0.9666666666666667
oof,R_MC_seq,10,5,C_new_accuracy,8,8,0,0.56,0.28,0.9
oof,R_MC_seq,10,5,C_h,8,8,0,0.6107986954263362,0.3401869158878505,0.8915887850467291
oof,R_MC_seq,10,5,adaptation_gain_B_minus_A,8,0,8,,,
oof,R_MC_seq,10,5,support_adaptation_B_minus_B0,8,8,0,-0.002083333333333333,-0.016666666666666663,0.0
oof,R_MC_seq,10,5,old_order_change,8,8,0,-0.002083333333333334,-0.05,0.016666666666666666
oof,R_MC_seq,10,5,new_competition_loss,8,8,0,0.056249999999999994,0.016666666666666666,0.08333333333333333
oof,R_MC_seq,10,5,total_old_accuracy_drop,8,8,0,0.05416666666666666,0.016666666666666666,0.1
oof,R_MC_seq,10,5,C_abs_new_old_gap,8,8,0,0.12333333333333334,0.01666666666666672,0.22666666666666668
oof,R_MC_seq,10,5,C_new_minus_old,8,8,0,-0.11916666666666666,-0.22666666666666668,0.01666666666666672
oof,R_MC_seq,10,5,C_old_minus_R0,8,8,0,0.0,0.0,0.0
oof,R_MC_seq,10,5,C_new_minus_R0,8,8,0,-0.0050000000000000044,-0.020000000000000018,0.0
oof,R_MC_seq,10,5,old_order_recovery_fraction,8,8,0,0.0125,0.0,0.05
oof,R_MC_seq,10,5,total_recovery_fraction,8,8,0,0.00625,0.0,0.03333333333333333
oof,R_MC_seq,10,5,old_winner_changed_fraction,8,8,0,0.05416666666666666,0.0,0.16666666666666666
oof,R_MC_seq,10,5,old_displaced_by_new_fraction,8,8,0,0.14166666666666666,0.016666666666666666,0.26666666666666666
oof,R_MC_seq,10,5,correctness_B_Cold_C_000,8,8,0,0.25416666666666665,0.016666666666666666,0.5166666666666667
oof,R_MC_seq,10,5,correctness_B_Cold_C_100,8,8,0,0.010416666666666666,0.0,0.05
oof,R_MC_seq,10,5,correctness_B_Cold_C_010,8,8,0,0.00625,0.0,0.016666666666666666
oof,R_MC_seq,10,5,correctness_B_Cold_C_110,8,8,0,0.049999999999999996,0.016666666666666666,0.06666666666666667
oof,R_MC_seq,10,5,correctness_B_Cold_C_011,8,8,0,0.00625,0.0,0.03333333333333333
oof,R_MC_seq,10,5,correctness_B_Cold_C_111,8,8,0,0.6729166666666667,0.4,0.9666666666666667
oof,R_MC_seq,10,5,B_old_margin_mean,8,8,0,0.28331047192814257,0.020799530177118185,0.5693929278965766
oof,R_MC_seq,10,5,B_old_margin_minus_R0,8,8,0,0.0013735215100299152,2.018787751302276e-05,0.004439159299646543
oof,R_MC_seq,10,5,B_old_winner_changed_from_R0_fraction,8,8,0,0.0020833333333333333,0.0,0.016666666666666666
oof,R_MC_seq,10,5,B_old_R0_correct_to_wrong_fraction,8,8,0,0.0020833333333333333,0.0,0.016666666666666666
oof,R_MC_seq,10,5,B_old_R0_wrong_to_correct_fraction,8,8,0,0.0,0.0,0.0
oof,R_MC_seq,10,5,C_old_margin_mean,8,8,0,0.21026233755545712,0.003187828974927558,0.4488829436279614
oof,R_MC_seq,10,5,C_old_margin_minus_R0,8,8,0,0.002932704218969047,0.00036458353973937757,0.008129609027654729
oof,R_MC_seq,10,5,C_old_winner_changed_from_R0_fraction,8,8,0,0.0125,0.0,0.06666666666666667
oof,R_MC_seq,10,5,C_old_R0_correct_to_wrong_fraction,8,8,0,0.0020833333333333333,0.0,0.016666666666666666
oof,R_MC_seq,10,5,C_old_R0_wrong_to_correct_fraction,8,8,0,0.0020833333333333333,0.0,0.016666666666666666
oof,R_MC_seq,10,5,C_new_margin_mean,8,8,0,0.11388764627644134,-0.04739649147997789,0.2873246518074931
oof,R_MC_seq,10,5,C_new_margin_minus_R0,8,8,0,0.0013440257855685464,6.39512509744044e-05,0.004987683781773404
oof,R_MC_seq,10,5,C_new_winner_changed_from_R0_fraction,8,8,0,0.01,0.0,0.04
oof,R_MC_seq,10,5,C_new_R0_correct_to_wrong_fraction,8,8,0,0.005,0.0,0.02
oof,R_MC_seq,10,5,C_new_R0_wrong_to_correct_fraction,8,8,0,0.0,0.0,0.0
oof,R_MC_seq,10,10,A_old_accuracy,8,0,8,,,
oof,R_MC_seq,10,10,B0_old_accuracy,8,8,0,0.7354166666666667,0.45,0.9833333333333333
oof,R_MC_seq,10,10,B_old_accuracy,8,8,0,0.7333333333333334,0.45,0.9833333333333333
oof,R_MC_seq,10,10,C_old_columns_accuracy,8,8,0,0.7291666666666666,0.4666666666666667,0.9833333333333333
oof,R_MC_seq,10,10,C_old_accuracy,8,8,0,0.6645833333333333,0.38333333333333336,0.9666666666666667
oof,R_MC_seq,10,10,C_new_accuracy,8,8,0,0.5812499999999999,0.31,0.83
oof,R_MC_seq,10,10,C_h,8,8,0,0.6198299668534796,0.34278846153846154,0.8931354359925788
oof,R_MC_seq,10,10,adaptation_gain_B_minus_A,8,0,8,,,
oof,R_MC_seq,10,10,support_adaptation_B_minus_B0,8,8,0,-0.002083333333333333,-0.016666666666666663,0.0
oof,R_MC_seq,10,10,old_order_change,8,8,0,0.0041666666666666675,-0.06666666666666667,0.05
oof,R_MC_seq,10,10,new_competition_loss,8,8,0,0.06458333333333334,0.016666666666666666,0.13333333333333333
oof,R_MC_seq,10,10,total_old_accuracy_drop,8,8,0,0.06874999999999999,0.016666666666666666,0.15
oof,R_MC_seq,10,10,C_abs_new_old_gap,8,8,0,0.08333333333333334,0.010000000000000009,0.13666666666666671
oof,R_MC_seq,10,10,C_new_minus_old,8,8,0,-0.08333333333333334,-0.13666666666666671,-0.010000000000000009
oof,R_MC_seq,10,10,C_old_minus_R0,8,8,0,0.008333333333333325,0.0,0.03333333333333338
oof,R_MC_seq,10,10,C_new_minus_R0,8,8,0,0.0025000000000000022,-0.010000000000000009,0.010000000000000009
oof,R_MC_seq,10,10,old_order_recovery_fraction,8,8,0,0.014583333333333332,0.0,0.06666666666666667
oof,R_MC_seq,10,10,total_recovery_fraction,8,8,0,0.0020833333333333333,0.0,0.016666666666666666
oof,R_MC_seq,10,10,old_winner_changed_fraction,8,8,0,0.075,0.0,0.16666666666666666
oof,R_MC_seq,10,10,old_displaced_by_new_fraction,8,8,0,0.19999999999999998,0.03333333333333333,0.36666666666666664
oof,R_MC_seq,10,10,correctness_B_Cold_C_000,8,8,0,0.2520833333333333,0.016666666666666666,0.5
oof,R_MC_seq,10,10,correctness_B_Cold_C_100,8,8,0,0.018750000000000003,0.0,0.06666666666666667
oof,R_MC_seq,10,10,correctness_B_Cold_C_010,8,8,0,0.012499999999999999,0.0,0.06666666666666667
oof,R_MC_seq,10,10,correctness_B_Cold_C_110,8,8,0,0.05208333333333333,0.016666666666666666,0.08333333333333333
oof,R_MC_seq,10,10,correctness_B_Cold_C_011,8,8,0,0.0020833333333333333,0.0,0.016666666666666666
oof,R_MC_seq,10,10,correctness_B_Cold_C_111,8,8,0,0.6625,0.38333333333333336,0.9666666666666667
oof,R_MC_seq,10,10,B_old_margin_mean,8,8,0,0.28331047192814257,0.020799530177118185,0.5693929278965766
oof,R_MC_seq,10,10,B_old_margin_minus_R0,8,8,0,0.0013735215100299152,2.018787751302276e-05,0.004439159299646543
oof,R_MC_seq,10,10,B_old_winner_changed_from_R0_fraction,8,8,0,0.0020833333333333333,0.0,0.016666666666666666
oof,R_MC_seq,10,10,B_old_R0_correct_to_wrong_fraction,8,8,0,0.0020833333333333333,0.0,0.016666666666666666
oof,R_MC_seq,10,10,B_old_R0_wrong_to_correct_fraction,8,8,0,0.0,0.0,0.0
oof,R_MC_seq,10,10,C_old_margin_mean,8,8,0,0.19333516211687526,-0.010908593094216776,0.44640926359049243
oof,R_MC_seq,10,10,C_old_margin_minus_R0,8,8,0,0.002455708702209229,0.0006901233892174363,0.006407703240321879
oof,R_MC_seq,10,10,C_old_winner_changed_from_R0_fraction,8,8,0,0.0125,0.0,0.05
oof,R_MC_seq,10,10,C_old_R0_correct_to_wrong_fraction,8,8,0,0.0,0.0,0.0
oof,R_MC_seq,10,10,C_old_R0_wrong_to_correct_fraction,8,8,0,0.008333333333333333,0.0,0.03333333333333333
oof,R_MC_seq,10,10,C_new_margin_mean,8,8,0,0.12494631086624998,-0.006397347942745363,0.3093465024376092
oof,R_MC_seq,10,10,C_new_margin_minus_R0,8,8,0,0.0014719568520627953,-1.3252680058914446e-05,0.006335123444792146
oof,R_MC_seq,10,10,C_new_winner_changed_from_R0_fraction,8,8,0,0.0125,0.0,0.03
oof,R_MC_seq,10,10,C_new_R0_correct_to_wrong_fraction,8,8,0,0.00125,0.0,0.01
oof,R_MC_seq,10,10,C_new_R0_wrong_to_correct_fraction,8,8,0,0.00375,0.0,0.01
oof,R_MC_seq,10,20,A_old_accuracy,8,0,8,,,
oof,R_MC_seq,10,20,B0_old_accuracy,8,8,0,0.7354166666666667,0.45,0.9833333333333333
oof,R_MC_seq,10,20,B_old_accuracy,8,8,0,0.7333333333333334,0.45,0.9833333333333333
oof,R_MC_seq,10,20,C_old_columns_accuracy,8,8,0,0.7333333333333334,0.48333333333333334,0.9833333333333333
oof,R_MC_seq,10,20,C_old_accuracy,8,8,0,0.6416666666666666,0.3333333333333333,0.95
oof,R_MC_seq,10,20,C_new_accuracy,8,8,0,0.56375,0.305,0.81
oof,R_MC_seq,10,20,C_h,8,8,0,0.5994622386119868,0.3185378590078329,0.8526315789473685
oof,R_MC_seq,10,20,adaptation_gain_B_minus_A,8,0,8,,,
oof,R_MC_seq,10,20,support_adaptation_B_minus_B0,8,8,0,-0.002083333333333333,-0.016666666666666663,0.0
oof,R_MC_seq,10,20,old_order_change,8,8,0,0.0,-0.03333333333333333,0.016666666666666666
oof,R_MC_seq,10,20,new_competition_loss,8,8,0,0.09166666666666667,0.016666666666666666,0.18333333333333332
oof,R_MC_seq,10,20,total_old_accuracy_drop,8,8,0,0.09166666666666666,0.03333333333333333,0.2
oof,R_MC_seq,10,20,C_abs_new_old_gap,8,8,0,0.07874999999999999,0.003333333333333355,0.18499999999999994
oof,R_MC_seq,10,20,C_new_minus_old,8,8,0,-0.07791666666666663,-0.18499999999999994,0.003333333333333355
oof,R_MC_seq,10,20,C_old_minus_R0,8,8,0,-1.3877787807814457e-17,-0.01666666666666672,0.016666666666666607
oof,R_MC_seq,10,20,C_new_minus_R0,8,8,0,-0.0012499999999999872,-0.010000000000000009,0.010000000000000009
oof,R_MC_seq,10,20,old_order_recovery_fraction,8,8,0,0.022916666666666665,0.0,0.08333333333333333
oof,R_MC_seq,10,20,total_recovery_fraction,8,8,0,0.00625,0.0,0.03333333333333333
oof,R_MC_seq,10,20,old_winner_changed_fraction,8,8,0,0.0875,0.0,0.18333333333333332
oof,R_MC_seq,10,20,old_displaced_by_new_fraction,8,8,0,0.2541666666666667,0.03333333333333333,0.4666666666666667
oof,R_MC_seq,10,20,correctness_B_Cold_C_000,8,8,0,0.24374999999999997,0.016666666666666666,0.5166666666666667
oof,R_MC_seq,10,20,correctness_B_Cold_C_100,8,8,0,0.02291666666666667,0.0,0.05
oof,R_MC_seq,10,20,correctness_B_Cold_C_010,8,8,0,0.016666666666666666,0.0,0.05
oof,R_MC_seq,10,20,correctness_B_Cold_C_110,8,8,0,0.075,0.016666666666666666,0.15
oof,R_MC_seq,10,20,correctness_B_Cold_C_011,8,8,0,0.00625,0.0,0.03333333333333333
oof,R_MC_seq,10,20,correctness_B_Cold_C_111,8,8,0,0.6354166666666666,0.3333333333333333,0.95
oof,R_MC_seq,10,20,B_old_margin_mean,8,8,0,0.28331047192814257,0.020799530177118185,0.5693929278965766
oof,R_MC_seq,10,20,B_old_margin_minus_R0,8,8,0,0.0013735215100299152,2.018787751302276e-05,0.004439159299646543
oof,R_MC_seq,10,20,B_old_winner_changed_from_R0_fraction,8,8,0,0.0020833333333333333,0.0,0.016666666666666666
oof,R_MC_seq,10,20,B_old_R0_correct_to_wrong_fraction,8,8,0,0.0020833333333333333,0.0,0.016666666666666666
oof,R_MC_seq,10,20,B_old_R0_wrong_to_correct_fraction,8,8,0,0.0,0.0,0.0
oof,R_MC_seq,10,20,C_old_margin_mean,8,8,0,0.17047544532413828,-0.026274607962423483,0.4073931499481782
oof,R_MC_seq,10,20,C_old_margin_minus_R0,8,8,0,0.0020311520211129595,0.00013715453396473965,0.00476378768739216
oof,R_MC_seq,10,20,C_old_winner_changed_from_R0_fraction,8,8,0,0.014583333333333334,0.0,0.03333333333333333
oof,R_MC_seq,10,20,C_old_R0_correct_to_wrong_fraction,8,8,0,0.0020833333333333333,0.0,0.016666666666666666
oof,R_MC_seq,10,20,C_old_R0_wrong_to_correct_fraction,8,8,0,0.0020833333333333333,0.0,0.016666666666666666
oof,R_MC_seq,10,20,C_new_margin_mean,8,8,0,0.1032197531095053,-0.009931817198106591,0.22036036773484313
oof,R_MC_seq,10,20,C_new_margin_minus_R0,8,8,0,0.0017996319361478564,7.63286009957502e-06,0.004369736052661905
oof,R_MC_seq,10,20,C_new_winner_changed_from_R0_fraction,8,8,0,0.015000000000000001,0.005,0.03
oof,R_MC_seq,10,20,C_new_R0_correct_to_wrong_fraction,8,8,0,0.004999999999999999,0.0,0.01
oof,R_MC_seq,10,20,C_new_R0_wrong_to_correct_fraction,8,8,0,0.0037500000000000003,0.0,0.015
oof,R_MC_seq,20,0,A_old_accuracy,8,0,8,,,
oof,R_MC_seq,20,0,B0_old_accuracy,8,8,0,0.7625,0.5666666666666667,0.9666666666666667
oof,R_MC_seq,20,0,B_old_accuracy,8,8,0,0.7635416666666667,0.5666666666666667,0.9666666666666667
oof,R_MC_seq,20,0,C_old_columns_accuracy,8,8,0,0.7635416666666667,0.5666666666666667,0.9666666666666667
oof,R_MC_seq,20,0,C_old_accuracy,8,8,0,0.7635416666666667,0.5666666666666667,0.9666666666666667
oof,R_MC_seq,20,0,C_new_accuracy,8,0,8,,,
oof,R_MC_seq,20,0,C_h,8,0,8,,,
oof,R_MC_seq,20,0,adaptation_gain_B_minus_A,8,0,8,,,
oof,R_MC_seq,20,0,support_adaptation_B_minus_B0,8,8,0,0.001041666666666663,0.0,0.008333333333333304
oof,R_MC_seq,20,0,old_order_change,8,8,0,0.0,0.0,0.0
oof,R_MC_seq,20,0,new_competition_loss,8,8,0,0.0,0.0,0.0
oof,R_MC_seq,20,0,total_old_accuracy_drop,8,8,0,0.0,0.0,0.0
oof,R_MC_seq,20,0,C_abs_new_old_gap,8,0,8,,,
oof,R_MC_seq,20,0,C_new_minus_old,8,0,8,,,
oof,R_MC_seq,20,0,C_old_minus_R0,8,8,0,0.001041666666666663,0.0,0.008333333333333304
oof,R_MC_seq,20,0,C_new_minus_R0,8,0,8,,,
oof,R_MC_seq,20,0,old_order_recovery_fraction,8,8,0,0.0,0.0,0.0
oof,R_MC_seq,20,0,total_recovery_fraction,8,8,0,0.0,0.0,0.0
oof,R_MC_seq,20,0,old_winner_changed_fraction,8,8,0,0.0,0.0,0.0
oof,R_MC_seq,20,0,old_displaced_by_new_fraction,8,8,0,0.0,0.0,0.0
oof,R_MC_seq,20,0,correctness_B_Cold_C_000,8,8,0,0.23645833333333335,0.03333333333333333,0.43333333333333335
oof,R_MC_seq,20,0,correctness_B_Cold_C_100,8,8,0,0.0,0.0,0.0
oof,R_MC_seq,20,0,correctness_B_Cold_C_010,8,8,0,0.0,0.0,0.0
oof,R_MC_seq,20,0,correctness_B_Cold_C_110,8,8,0,0.0,0.0,0.0
oof,R_MC_seq,20,0,correctness_B_Cold_C_011,8,8,0,0.0,0.0,0.0
oof,R_MC_seq,20,0,correctness_B_Cold_C_111,8,8,0,0.7635416666666667,0.5666666666666667,0.9666666666666667
oof,R_MC_seq,20,0,B_old_margin_mean,8,8,0,0.3734438859614131,0.09465941085290128,0.687706399126855
oof,R_MC_seq,20,0,B_old_margin_minus_R0,8,8,0,0.0020298847372694525,0.00035009070976768327,0.004003645715964554
oof,R_MC_seq,20,0,B_old_winner_changed_from_R0_fraction,8,8,0,0.003125,0.0,0.016666666666666666
oof,R_MC_seq,20,0,B_old_R0_correct_to_wrong_fraction,8,8,0,0.0,0.0,0.0
oof,R_MC_seq,20,0,B_old_R0_wrong_to_correct_fraction,8,8,0,0.0010416666666666667,0.0,0.008333333333333333
oof,R_MC_seq,20,0,C_old_margin_mean,8,8,0,0.3734438859614131,0.09465941085290128,0.687706399126855
oof,R_MC_seq,20,0,C_old_margin_minus_R0,8,8,0,0.0020298847372694525,0.00035009070976768327,0.004003645715964554
oof,R_MC_seq,20,0,C_old_winner_changed_from_R0_fraction,8,8,0,0.003125,0.0,0.016666666666666666
oof,R_MC_seq,20,0,C_old_R0_correct_to_wrong_fraction,8,8,0,0.0,0.0,0.0
oof,R_MC_seq,20,0,C_old_R0_wrong_to_correct_fraction,8,8,0,0.0010416666666666667,0.0,0.008333333333333333
oof,R_MC_seq,20,0,C_new_margin_mean,8,0,8,,,
oof,R_MC_seq,20,0,C_new_margin_minus_R0,8,0,8,,,
oof,R_MC_seq,20,0,C_new_winner_changed_from_R0_fraction,8,0,8,,,
oof,R_MC_seq,20,0,C_new_R0_correct_to_wrong_fraction,8,0,8,,,
oof,R_MC_seq,20,0,C_new_R0_wrong_to_correct_fraction,8,0,8,,,
oof,R_MC_seq,20,2,A_old_accuracy,8,0,8,,,
oof,R_MC_seq,20,2,B0_old_accuracy,8,8,0,0.7625,0.5666666666666667,0.9666666666666667
oof,R_MC_seq,20,2,B_old_accuracy,8,8,0,0.7635416666666667,0.5666666666666667,0.9666666666666667
oof,R_MC_seq,20,2,C_old_columns_accuracy,8,8,0,0.7708333333333333,0.5666666666666667,0.9666666666666667
oof,R_MC_seq,20,2,C_old_accuracy,8,8,0,0.7489583333333333,0.5333333333333333,0.9583333333333334
oof,R_MC_seq,20,2,C_new_accuracy,8,8,0,0.5312499999999999,0.25,0.825
oof,R_MC_seq,20,2,C_h,8,8,0,0.616517055414996,0.3404255319148936,0.8794811320754717
oof,R_MC_seq,20,2,adaptation_gain_B_minus_A,8,0,8,,,
oof,R_MC_seq,20,2,support_adaptation_B_minus_B0,8,8,0,0.001041666666666663,0.0,0.008333333333333304
oof,R_MC_seq,20,2,old_order_change,8,8,0,-0.007291666666666667,-0.05,0.008333333333333333
oof,R_MC_seq,20,2,new_competition_loss,8,8,0,0.021875,0.0,0.075
oof,R_MC_seq,20,2,total_old_accuracy_drop,8,8,0,0.014583333333333332,-0.008333333333333333,0.03333333333333333
oof,R_MC_seq,20,2,C_abs_new_old_gap,8,8,0,0.21770833333333334,0.1166666666666667,0.29999999999999993
oof,R_MC_seq,20,2,C_new_minus_old,8,8,0,-0.21770833333333334,-0.29999999999999993,-0.1166666666666667
oof,R_MC_seq,20,2,C_old_minus_R0,8,8,0,0.002083333333333326,-0.008333333333333415,0.01666666666666672
oof,R_MC_seq,20,2,C_new_minus_R0,8,8,0,0.0,0.0,0.0
oof,R_MC_seq,20,2,old_order_recovery_fraction,8,8,0,0.0125,0.0,0.05
oof,R_MC_seq,20,2,total_recovery_fraction,8,8,0,0.008333333333333333,0.0,0.03333333333333333
oof,R_MC_seq,20,2,old_winner_changed_fraction,8,8,0,0.029166666666666664,0.0,0.08333333333333333
oof,R_MC_seq,20,2,old_displaced_by_new_fraction,8,8,0,0.07083333333333333,0.008333333333333333,0.15833333333333333
oof,R_MC_seq,20,2,correctness_B_Cold_C_000,8,8,0,0.22395833333333334,0.03333333333333333,0.425
oof,R_MC_seq,20,2,correctness_B_Cold_C_100,8,8,0,0.005208333333333333,0.0,0.016666666666666666
oof,R_MC_seq,20,2,correctness_B_Cold_C_010,8,8,0,0.004166666666666667,0.0,0.016666666666666666
oof,R_MC_seq,20,2,correctness_B_Cold_C_110,8,8,0,0.017708333333333333,0.0,0.058333333333333334
oof,R_MC_seq,20,2,correctness_B_Cold_C_011,8,8,0,0.008333333333333333,0.0,0.03333333333333333
oof,R_MC_seq,20,2,correctness_B_Cold_C_111,8,8,0,0.740625,0.5166666666666667,0.9583333333333334
oof,R_MC_seq,20,2,B_old_margin_mean,8,8,0,0.3734438859614131,0.09465941085290128,0.687706399126855
oof,R_MC_seq,20,2,B_old_margin_minus_R0,8,8,0,0.0020298847372694525,0.00035009070976768327,0.004003645715964554
oof,R_MC_seq,20,2,B_old_winner_changed_from_R0_fraction,8,8,0,0.003125,0.0,0.016666666666666666
oof,R_MC_seq,20,2,B_old_R0_correct_to_wrong_fraction,8,8,0,0.0,0.0,0.0
oof,R_MC_seq,20,2,B_old_R0_wrong_to_correct_fraction,8,8,0,0.0010416666666666667,0.0,0.008333333333333333
oof,R_MC_seq,20,2,C_old_margin_mean,8,8,0,0.3358381041785919,0.06694578060787844,0.6470716553509016
oof,R_MC_seq,20,2,C_old_margin_minus_R0,8,8,0,0.004832010993011839,0.0010021894771456079,0.008699206488948898
oof,R_MC_seq,20,2,C_old_winner_changed_from_R0_fraction,8,8,0,0.005208333333333333,0.0,0.016666666666666666
oof,R_MC_seq,20,2,C_old_R0_correct_to_wrong_fraction,8,8,0,0.0010416666666666667,0.0,0.008333333333333333
oof,R_MC_seq,20,2,C_old_R0_wrong_to_correct_fraction,8,8,0,0.003125,0.0,0.016666666666666666
oof,R_MC_seq,20,2,C_new_margin_mean,8,8,0,0.1044118974670348,-0.051538098174854,0.40858339301396274
oof,R_MC_seq,20,2,C_new_margin_minus_R0,8,8,0,0.0027881961338180857,-0.0006754164329779244,0.00627633941901472
oof,R_MC_seq,20,2,C_new_winner_changed_from_R0_fraction,8,8,0,0.015625,0.0,0.05
oof,R_MC_seq,20,2,C_new_R0_correct_to_wrong_fraction,8,8,0,0.0,0.0,0.0
oof,R_MC_seq,20,2,C_new_R0_wrong_to_correct_fraction,8,8,0,0.0,0.0,0.0
oof,R_MC_seq,20,5,A_old_accuracy,8,0,8,,,
oof,R_MC_seq,20,5,B0_old_accuracy,8,8,0,0.7625,0.5666666666666667,0.9666666666666667
oof,R_MC_seq,20,5,B_old_accuracy,8,8,0,0.7635416666666667,0.5666666666666667,0.9666666666666667
oof,R_MC_seq,20,5,C_old_columns_accuracy,8,8,0,0.7677083333333332,0.5666666666666667,0.9583333333333334
oof,R_MC_seq,20,5,C_old_accuracy,8,8,0,0.7020833333333333,0.4583333333333333,0.9416666666666667
oof,R_MC_seq,20,5,C_new_accuracy,8,8,0,0.6112500000000001,0.31,0.89
oof,R_MC_seq,20,5,C_h,8,8,0,0.6503460725763458,0.3802494802494802,0.8979591836734694
oof,R_MC_seq,20,5,adaptation_gain_B_minus_A,8,0,8,,,
oof,R_MC_seq,20,5,support_adaptation_B_minus_B0,8,8,0,0.001041666666666663,0.0,0.008333333333333304
oof,R_MC_seq,20,5,old_order_change,8,8,0,-0.004166666666666667,-0.03333333333333333,0.008333333333333333
oof,R_MC_seq,20,5,new_competition_loss,8,8,0,0.065625,0.016666666666666666,0.11666666666666667
oof,R_MC_seq,20,5,total_old_accuracy_drop,8,8,0,0.06145833333333334,0.025,0.10833333333333334
oof,R_MC_seq,20,5,C_abs_new_old_gap,8,8,0,0.09083333333333332,0.010000000000000009,0.18166666666666664
oof,R_MC_seq,20,5,C_new_minus_old,8,8,0,-0.09083333333333332,-0.18166666666666664,-0.010000000000000009
oof,R_MC_seq,20,5,C_old_minus_R0,8,8,0,0.00104166666666667,-0.008333333333333304,0.016666666666666663
oof,R_MC_seq,20,5,C_new_minus_R0,8,8,0,-0.0012500000000000011,-0.010000000000000009,0.010000000000000009
oof,R_MC_seq,20,5,old_order_recovery_fraction,8,8,0,0.013541666666666665,0.0,0.03333333333333333
oof,R_MC_seq,20,5,total_recovery_fraction,8,8,0,0.00625,0.0,0.016666666666666666
oof,R_MC_seq,20,5,old_winner_changed_fraction,8,8,0,0.03958333333333334,0.008333333333333333,0.09166666666666666
oof,R_MC_seq,20,5,old_displaced_by_new_fraction,8,8,0,0.15,0.03333333333333333,0.2833333333333333
oof,R_MC_seq,20,5,correctness_B_Cold_C_000,8,8,0,0.2229166666666667,0.03333333333333333,0.4166666666666667
oof,R_MC_seq,20,5,correctness_B_Cold_C_100,8,8,0,0.009375,0.0,0.03333333333333333
oof,R_MC_seq,20,5,correctness_B_Cold_C_010,8,8,0,0.007291666666666667,0.0,0.016666666666666666
oof,R_MC_seq,20,5,correctness_B_Cold_C_110,8,8,0,0.05833333333333333,0.016666666666666666,0.1
oof,R_MC_seq,20,5,correctness_B_Cold_C_011,8,8,0,0.00625,0.0,0.016666666666666666
oof,R_MC_seq,20,5,correctness_B_Cold_C_111,8,8,0,0.6958333333333332,0.4583333333333333,0.9416666666666667
oof,R_MC_seq,20,5,B_old_margin_mean,8,8,0,0.3734438859614131,0.09465941085290128,0.687706399126855
oof,R_MC_seq,20,5,B_old_margin_minus_R0,8,8,0,0.0020298847372694525,0.00035009070976768327,0.004003645715964554
oof,R_MC_seq,20,5,B_old_winner_changed_from_R0_fraction,8,8,0,0.003125,0.0,0.016666666666666666
oof,R_MC_seq,20,5,B_old_R0_correct_to_wrong_fraction,8,8,0,0.0,0.0,0.0
oof,R_MC_seq,20,5,B_old_R0_wrong_to_correct_fraction,8,8,0,0.0010416666666666667,0.0,0.008333333333333333
oof,R_MC_seq,20,5,C_old_margin_mean,8,8,0,0.2871899334567413,0.052092607257097426,0.574282058866813
oof,R_MC_seq,20,5,C_old_margin_minus_R0,8,8,0,0.004097237993306418,0.0005202504635305984,0.0077058254957750195
oof,R_MC_seq,20,5,C_old_winner_changed_from_R0_fraction,8,8,0,0.007291666666666666,0.0,0.025
oof,R_MC_seq,20,5,C_old_R0_correct_to_wrong_fraction,8,8,0,0.0010416666666666667,0.0,0.008333333333333333
oof,R_MC_seq,20,5,C_old_R0_wrong_to_correct_fraction,8,8,0,0.0020833333333333333,0.0,0.016666666666666666
oof,R_MC_seq,20,5,C_new_margin_mean,8,8,0,0.18036056779230408,-0.01767218692751229,0.38534161495290314
oof,R_MC_seq,20,5,C_new_margin_minus_R0,8,8,0,0.0021390963384907164,4.065688713010371e-05,0.004305529036577268
oof,R_MC_seq,20,5,C_new_winner_changed_from_R0_fraction,8,8,0,0.01875,0.0,0.04
oof,R_MC_seq,20,5,C_new_R0_correct_to_wrong_fraction,8,8,0,0.005,0.0,0.01
oof,R_MC_seq,20,5,C_new_R0_wrong_to_correct_fraction,8,8,0,0.00375,0.0,0.01
oof,R_MC_seq,20,10,A_old_accuracy,8,0,8,,,
oof,R_MC_seq,20,10,B0_old_accuracy,8,8,0,0.7625,0.5666666666666667,0.9666666666666667
oof,R_MC_seq,20,10,B_old_accuracy,8,8,0,0.7635416666666667,0.5666666666666667,0.9666666666666667
oof,R_MC_seq,20,10,C_old_columns_accuracy,8,8,0,0.7697916666666668,0.575,0.9666666666666667
oof,R_MC_seq,20,10,C_old_accuracy,8,8,0,0.6833333333333332,0.425,0.9416666666666667
oof,R_MC_seq,20,10,C_new_accuracy,8,8,0,0.639375,0.37,0.9
oof,R_MC_seq,20,10,C_h,8,8,0,0.6601316668393394,0.39917012448132777,0.9071100917431193
oof,R_MC_seq,20,10,adaptation_gain_B_minus_A,8,0,8,,,
oof,R_MC_seq,20,10,support_adaptation_B_minus_B0,8,8,0,0.001041666666666663,0.0,0.008333333333333304
oof,R_MC_seq,20,10,old_order_change,8,8,0,-0.0062499999999999995,-0.025,0.0
oof,R_MC_seq,20,10,new_competition_loss,8,8,0,0.08645833333333333,0.025,0.15
oof,R_MC_seq,20,10,total_old_accuracy_drop,8,8,0,0.08020833333333334,0.025,0.14166666666666666
oof,R_MC_seq,20,10,C_abs_new_old_gap,8,8,0,0.04395833333333333,0.0050000000000000044,0.08166666666666667
oof,R_MC_seq,20,10,C_new_minus_old,8,8,0,-0.04395833333333333,-0.08166666666666667,-0.0050000000000000044
oof,R_MC_seq,20,10,C_old_minus_R0,8,8,0,0.003124999999999996,0.0,0.016666666666666607
oof,R_MC_seq,20,10,C_new_minus_R0,8,8,0,0.0031250000000000028,-0.010000000000000009,0.015000000000000013
oof,R_MC_seq,20,10,old_order_recovery_fraction,8,8,0,0.017708333333333333,0.0,0.03333333333333333
oof,R_MC_seq,20,10,total_recovery_fraction,8,8,0,0.0062499999999999995,0.0,0.016666666666666666
oof,R_MC_seq,20,10,old_winner_changed_fraction,8,8,0,0.05729166666666667,0.0,0.11666666666666667
oof,R_MC_seq,20,10,old_displaced_by_new_fraction,8,8,0,0.2125,0.05,0.39166666666666666
oof,R_MC_seq,20,10,correctness_B_Cold_C_000,8,8,0,0.21875000000000003,0.03333333333333333,0.4
oof,R_MC_seq,20,10,correctness_B_Cold_C_100,8,8,0,0.011458333333333334,0.0,0.03333333333333333
oof,R_MC_seq,20,10,correctness_B_Cold_C_010,8,8,0,0.011458333333333334,0.0,0.025
oof,R_MC_seq,20,10,correctness_B_Cold_C_110,8,8,0,0.075,0.025,0.125
oof,R_MC_seq,20,10,correctness_B_Cold_C_011,8,8,0,0.0062499999999999995,0.0,0.016666666666666666
oof,R_MC_seq,20,10,correctness_B_Cold_C_111,8,8,0,0.6770833333333333,0.4166666666666667,0.9416666666666667
oof,R_MC_seq,20,10,B_old_margin_mean,8,8,0,0.3734438859614131,0.09465941085290128,0.687706399126855
oof,R_MC_seq,20,10,B_old_margin_minus_R0,8,8,0,0.0020298847372694525,0.00035009070976768327,0.004003645715964554
oof,R_MC_seq,20,10,B_old_winner_changed_from_R0_fraction,8,8,0,0.003125,0.0,0.016666666666666666
oof,R_MC_seq,20,10,B_old_R0_correct_to_wrong_fraction,8,8,0,0.0,0.0,0.0
oof,R_MC_seq,20,10,B_old_R0_wrong_to_correct_fraction,8,8,0,0.0010416666666666667,0.0,0.008333333333333333
oof,R_MC_seq,20,10,C_old_margin_mean,8,8,0,0.2632074058702232,0.03353475591961684,0.5602071480190494
oof,R_MC_seq,20,10,C_old_margin_minus_R0,8,8,0,0.003742246885043563,0.0009292757733748138,0.007066710008130214
oof,R_MC_seq,20,10,C_old_winner_changed_from_R0_fraction,8,8,0,0.014583333333333334,0.0,0.03333333333333333
oof,R_MC_seq,20,10,C_old_R0_correct_to_wrong_fraction,8,8,0,0.0,0.0,0.0
oof,R_MC_seq,20,10,C_old_R0_wrong_to_correct_fraction,8,8,0,0.003125,0.0,0.016666666666666666
oof,R_MC_seq,20,10,C_new_margin_mean,8,8,0,0.19485668646384538,0.019787094796582857,0.37259301630507463
oof,R_MC_seq,20,10,C_new_margin_minus_R0,8,8,0,0.0018032179926782224,-4.383652956193366e-05,0.004291370891036809
oof,R_MC_seq,20,10,C_new_winner_changed_from_R0_fraction,8,8,0,0.015625,0.0,0.025
oof,R_MC_seq,20,10,C_new_R0_correct_to_wrong_fraction,8,8,0,0.003125,0.0,0.01
oof,R_MC_seq,20,10,C_new_R0_wrong_to_correct_fraction,8,8,0,0.0062499999999999995,0.0,0.015
oof,R_MC_seq,20,20,A_old_accuracy,8,0,8,,,
oof,R_MC_seq,20,20,B0_old_accuracy,8,8,0,0.7625,0.5666666666666667,0.9666666666666667
oof,R_MC_seq,20,20,B_old_accuracy,8,8,0,0.7635416666666667,0.5666666666666667,0.9666666666666667
oof,R_MC_seq,20,20,C_old_columns_accuracy,8,8,0,0.7708333333333334,0.5666666666666667,0.9666666666666667
oof,R_MC_seq,20,20,C_old_accuracy,8,8,0,0.6520833333333333,0.375,0.9333333333333333
oof,R_MC_seq,20,20,C_new_accuracy,8,8,0,0.630625,0.36,0.88
oof,R_MC_seq,20,20,C_h,8,8,0,0.6407234120962328,0.3673469387755102,0.9019390581717451
oof,R_MC_seq,20,20,adaptation_gain_B_minus_A,8,0,8,,,
oof,R_MC_seq,20,20,support_adaptation_B_minus_B0,8,8,0,0.001041666666666663,0.0,0.008333333333333304
oof,R_MC_seq,20,20,old_order_change,8,8,0,-0.007291666666666667,-0.016666666666666666,0.0
oof,R_MC_seq,20,20,new_competition_loss,8,8,0,0.11875,0.03333333333333333,0.20833333333333334
oof,R_MC_seq,20,20,total_old_accuracy_drop,8,8,0,0.11145833333333333,0.03333333333333333,0.19166666666666668
oof,R_MC_seq,20,20,C_abs_new_old_gap,8,8,0,0.034374999999999996,0.0008333333333333526,0.0708333333333333
oof,R_MC_seq,20,20,C_new_minus_old,8,8,0,-0.021458333333333336,-0.0708333333333333,0.036666666666666625
oof,R_MC_seq,20,20,C_old_minus_R0,8,8,0,0.00104166666666667,-0.00833333333333336,0.00833333333333336
oof,R_MC_seq,20,20,C_new_minus_R0,8,8,0,0.0015625000000000083,-0.0050000000000000044,0.007500000000000062
oof,R_MC_seq,20,20,old_order_recovery_fraction,8,8,0,0.017708333333333333,0.0,0.041666666666666664
oof,R_MC_seq,20,20,total_recovery_fraction,8,8,0,0.004166666666666667,0.0,0.016666666666666666
oof,R_MC_seq,20,20,old_winner_changed_fraction,8,8,0,0.06458333333333333,0.0,0.125
oof,R_MC_seq,20,20,old_displaced_by_new_fraction,8,8,0,0.2677083333333333,0.06666666666666667,0.5
oof,R_MC_seq,20,20,correctness_B_Cold_C_000,8,8,0,0.21875,0.03333333333333333,0.4083333333333333
oof,R_MC_seq,20,20,correctness_B_Cold_C_100,8,8,0,0.010416666666666668,0.0,0.025
oof,R_MC_seq,20,20,correctness_B_Cold_C_010,8,8,0,0.013541666666666667,0.0,0.03333333333333333
oof,R_MC_seq,20,20,correctness_B_Cold_C_110,8,8,0,0.10520833333333332,0.03333333333333333,0.175
oof,R_MC_seq,20,20,correctness_B_Cold_C_011,8,8,0,0.004166666666666667,0.0,0.016666666666666666
oof,R_MC_seq,20,20,correctness_B_Cold_C_111,8,8,0,0.6479166666666666,0.36666666666666664,0.9333333333333333
oof,R_MC_seq,20,20,B_old_margin_mean,8,8,0,0.3734438859614131,0.09465941085290128,0.687706399126855
oof,R_MC_seq,20,20,B_old_margin_minus_R0,8,8,0,0.0020298847372694525,0.00035009070976768327,0.004003645715964554
oof,R_MC_seq,20,20,B_old_winner_changed_from_R0_fraction,8,8,0,0.003125,0.0,0.016666666666666666
oof,R_MC_seq,20,20,B_old_R0_correct_to_wrong_fraction,8,8,0,0.0,0.0,0.0
oof,R_MC_seq,20,20,B_old_R0_wrong_to_correct_fraction,8,8,0,0.0010416666666666667,0.0,0.008333333333333333
oof,R_MC_seq,20,20,C_old_margin_mean,8,8,0,0.2396283067448115,0.01164833312718722,0.5298541784444915
oof,R_MC_seq,20,20,C_old_margin_minus_R0,8,8,0,0.003384620943466114,0.0011349340121370895,0.007919765242129426
oof,R_MC_seq,20,20,C_old_winner_changed_from_R0_fraction,8,8,0,0.010416666666666666,0.0,0.041666666666666664
oof,R_MC_seq,20,20,C_old_R0_correct_to_wrong_fraction,8,8,0,0.0010416666666666667,0.0,0.008333333333333333
oof,R_MC_seq,20,20,C_old_R0_wrong_to_correct_fraction,8,8,0,0.0020833333333333333,0.0,0.008333333333333333
oof,R_MC_seq,20,20,C_new_margin_mean,8,8,0,0.18032536663237997,0.018294588471643888,0.3430858874436906
oof,R_MC_seq,20,20,C_new_margin_minus_R0,8,8,0,0.002318941397280649,0.00047262326751482293,0.006117035912944365
oof,R_MC_seq,20,20,C_new_winner_changed_from_R0_fraction,8,8,0,0.0115625,0.0,0.0275
oof,R_MC_seq,20,20,C_new_R0_correct_to_wrong_fraction,8,8,0,0.0021875,0.0,0.01
oof,R_MC_seq,20,20,C_new_R0_wrong_to_correct_fraction,8,8,0,0.0037500000000000003,0.0,0.0075
proxy,R0,1,0,A_old_accuracy,8,0,8,,,
proxy,R0,1,0,B0_old_accuracy,8,0,8,,,
proxy,R0,1,0,B_old_accuracy,8,0,8,,,
proxy,R0,1,0,C_old_columns_accuracy,8,0,8,,,
proxy,R0,1,0,C_old_accuracy,8,0,8,,,
proxy,R0,1,0,C_new_accuracy,8,0,8,,,
proxy,R0,1,0,C_h,8,0,8,,,
proxy,R0,1,0,adaptation_gain_B_minus_A,8,0,8,,,
proxy,R0,1,0,support_adaptation_B_minus_B0,8,0,8,,,
proxy,R0,1,0,old_order_change,8,0,8,,,
proxy,R0,1,0,new_competition_loss,8,0,8,,,
proxy,R0,1,0,total_old_accuracy_drop,8,0,8,,,
proxy,R0,1,0,C_abs_new_old_gap,8,0,8,,,
proxy,R0,1,0,C_new_minus_old,8,0,8,,,
proxy,R0,1,0,C_old_minus_R0,8,0,8,,,
proxy,R0,1,0,C_new_minus_R0,8,0,8,,,
proxy,R0,1,0,old_order_recovery_fraction,8,0,8,,,
proxy,R0,1,0,total_recovery_fraction,8,0,8,,,
proxy,R0,1,0,old_winner_changed_fraction,8,0,8,,,
proxy,R0,1,0,old_displaced_by_new_fraction,8,0,8,,,
proxy,R0,1,0,correctness_B_Cold_C_000,8,0,8,,,
proxy,R0,1,0,correctness_B_Cold_C_100,8,0,8,,,
proxy,R0,1,0,correctness_B_Cold_C_010,8,0,8,,,
proxy,R0,1,0,correctness_B_Cold_C_110,8,0,8,,,
proxy,R0,1,0,correctness_B_Cold_C_011,8,0,8,,,
proxy,R0,1,0,correctness_B_Cold_C_111,8,0,8,,,
proxy,R0,1,0,B_old_margin_mean,8,0,8,,,
proxy,R0,1,0,B_old_margin_minus_R0,8,0,8,,,
proxy,R0,1,0,B_old_winner_changed_from_R0_fraction,8,0,8,,,
proxy,R0,1,0,B_old_R0_correct_to_wrong_fraction,8,0,8,,,
proxy,R0,1,0,B_old_R0_wrong_to_correct_fraction,8,0,8,,,
proxy,R0,1,0,C_old_margin_mean,8,0,8,,,
proxy,R0,1,0,C_old_margin_minus_R0,8,0,8,,,
proxy,R0,1,0,C_old_winner_changed_from_R0_fraction,8,0,8,,,
proxy,R0,1,0,C_old_R0_correct_to_wrong_fraction,8,0,8,,,
proxy,R0,1,0,C_old_R0_wrong_to_correct_fraction,8,0,8,,,
proxy,R0,1,0,C_new_margin_mean,8,0,8,,,
proxy,R0,1,0,C_new_margin_minus_R0,8,0,8,,,
proxy,R0,1,0,C_new_winner_changed_from_R0_fraction,8,0,8,,,
proxy,R0,1,0,C_new_R0_correct_to_wrong_fraction,8,0,8,,,
proxy,R0,1,0,C_new_R0_wrong_to_correct_fraction,8,0,8,,,
proxy,R0,1,2,A_old_accuracy,8,0,8,,,
proxy,R0,1,2,B0_old_accuracy,8,0,8,,,
proxy,R0,1,2,B_old_accuracy,8,0,8,,,
proxy,R0,1,2,C_old_columns_accuracy,8,0,8,,,
proxy,R0,1,2,C_old_accuracy,8,0,8,,,
proxy,R0,1,2,C_new_accuracy,8,0,8,,,
proxy,R0,1,2,C_h,8,0,8,,,
proxy,R0,1,2,adaptation_gain_B_minus_A,8,0,8,,,
proxy,R0,1,2,support_adaptation_B_minus_B0,8,0,8,,,
proxy,R0,1,2,old_order_change,8,0,8,,,
proxy,R0,1,2,new_competition_loss,8,0,8,,,
proxy,R0,1,2,total_old_accuracy_drop,8,0,8,,,
proxy,R0,1,2,C_abs_new_old_gap,8,0,8,,,
proxy,R0,1,2,C_new_minus_old,8,0,8,,,
proxy,R0,1,2,C_old_minus_R0,8,0,8,,,
proxy,R0,1,2,C_new_minus_R0,8,0,8,,,
proxy,R0,1,2,old_order_recovery_fraction,8,0,8,,,
proxy,R0,1,2,total_recovery_fraction,8,0,8,,,
proxy,R0,1,2,old_winner_changed_fraction,8,0,8,,,
proxy,R0,1,2,old_displaced_by_new_fraction,8,0,8,,,
proxy,R0,1,2,correctness_B_Cold_C_000,8,0,8,,,
proxy,R0,1,2,correctness_B_Cold_C_100,8,0,8,,,
proxy,R0,1,2,correctness_B_Cold_C_010,8,0,8,,,
proxy,R0,1,2,correctness_B_Cold_C_110,8,0,8,,,
proxy,R0,1,2,correctness_B_Cold_C_011,8,0,8,,,
proxy,R0,1,2,correctness_B_Cold_C_111,8,0,8,,,
proxy,R0,1,2,B_old_margin_mean,8,0,8,,,
proxy,R0,1,2,B_old_margin_minus_R0,8,0,8,,,
proxy,R0,1,2,B_old_winner_changed_from_R0_fraction,8,0,8,,,
proxy,R0,1,2,B_old_R0_correct_to_wrong_fraction,8,0,8,,,
proxy,R0,1,2,B_old_R0_wrong_to_correct_fraction,8,0,8,,,
proxy,R0,1,2,C_old_margin_mean,8,0,8,,,
proxy,R0,1,2,C_old_margin_minus_R0,8,0,8,,,
proxy,R0,1,2,C_old_winner_changed_from_R0_fraction,8,0,8,,,
proxy,R0,1,2,C_old_R0_correct_to_wrong_fraction,8,0,8,,,
proxy,R0,1,2,C_old_R0_wrong_to_correct_fraction,8,0,8,,,
proxy,R0,1,2,C_new_margin_mean,8,0,8,,,
proxy,R0,1,2,C_new_margin_minus_R0,8,0,8,,,
proxy,R0,1,2,C_new_winner_changed_from_R0_fraction,8,0,8,,,
proxy,R0,1,2,C_new_R0_correct_to_wrong_fraction,8,0,8,,,
proxy,R0,1,2,C_new_R0_wrong_to_correct_fraction,8,0,8,,,
proxy,R0,1,5,A_old_accuracy,8,0,8,,,
proxy,R0,1,5,B0_old_accuracy,8,0,8,,,
proxy,R0,1,5,B_old_accuracy,8,0,8,,,
proxy,R0,1,5,C_old_columns_accuracy,8,0,8,,,
proxy,R0,1,5,C_old_accuracy,8,0,8,,,
proxy,R0,1,5,C_new_accuracy,8,0,8,,,
proxy,R0,1,5,C_h,8,0,8,,,
proxy,R0,1,5,adaptation_gain_B_minus_A,8,0,8,,,
proxy,R0,1,5,support_adaptation_B_minus_B0,8,0,8,,,
proxy,R0,1,5,old_order_change,8,0,8,,,
proxy,R0,1,5,new_competition_loss,8,0,8,,,
proxy,R0,1,5,total_old_accuracy_drop,8,0,8,,,
proxy,R0,1,5,C_abs_new_old_gap,8,0,8,,,
proxy,R0,1,5,C_new_minus_old,8,0,8,,,
proxy,R0,1,5,C_old_minus_R0,8,0,8,,,
proxy,R0,1,5,C_new_minus_R0,8,0,8,,,
proxy,R0,1,5,old_order_recovery_fraction,8,0,8,,,
proxy,R0,1,5,total_recovery_fraction,8,0,8,,,
proxy,R0,1,5,old_winner_changed_fraction,8,0,8,,,
proxy,R0,1,5,old_displaced_by_new_fraction,8,0,8,,,
proxy,R0,1,5,correctness_B_Cold_C_000,8,0,8,,,
proxy,R0,1,5,correctness_B_Cold_C_100,8,0,8,,,
proxy,R0,1,5,correctness_B_Cold_C_010,8,0,8,,,
proxy,R0,1,5,correctness_B_Cold_C_110,8,0,8,,,
proxy,R0,1,5,correctness_B_Cold_C_011,8,0,8,,,
proxy,R0,1,5,correctness_B_Cold_C_111,8,0,8,,,
proxy,R0,1,5,B_old_margin_mean,8,0,8,,,
proxy,R0,1,5,B_old_margin_minus_R0,8,0,8,,,
proxy,R0,1,5,B_old_winner_changed_from_R0_fraction,8,0,8,,,
proxy,R0,1,5,B_old_R0_correct_to_wrong_fraction,8,0,8,,,
proxy,R0,1,5,B_old_R0_wrong_to_correct_fraction,8,0,8,,,
proxy,R0,1,5,C_old_margin_mean,8,0,8,,,
proxy,R0,1,5,C_old_margin_minus_R0,8,0,8,,,
proxy,R0,1,5,C_old_winner_changed_from_R0_fraction,8,0,8,,,
proxy,R0,1,5,C_old_R0_correct_to_wrong_fraction,8,0,8,,,
proxy,R0,1,5,C_old_R0_wrong_to_correct_fraction,8,0,8,,,
proxy,R0,1,5,C_new_margin_mean,8,0,8,,,
proxy,R0,1,5,C_new_margin_minus_R0,8,0,8,,,
proxy,R0,1,5,C_new_winner_changed_from_R0_fraction,8,0,8,,,
proxy,R0,1,5,C_new_R0_correct_to_wrong_fraction,8,0,8,,,
proxy,R0,1,5,C_new_R0_wrong_to_correct_fraction,8,0,8,,,
proxy,R0,1,10,A_old_accuracy,8,0,8,,,
proxy,R0,1,10,B0_old_accuracy,8,0,8,,,
proxy,R0,1,10,B_old_accuracy,8,0,8,,,
proxy,R0,1,10,C_old_columns_accuracy,8,0,8,,,
proxy,R0,1,10,C_old_accuracy,8,0,8,,,
proxy,R0,1,10,C_new_accuracy,8,0,8,,,
proxy,R0,1,10,C_h,8,0,8,,,
proxy,R0,1,10,adaptation_gain_B_minus_A,8,0,8,,,
proxy,R0,1,10,support_adaptation_B_minus_B0,8,0,8,,,
proxy,R0,1,10,old_order_change,8,0,8,,,
proxy,R0,1,10,new_competition_loss,8,0,8,,,
proxy,R0,1,10,total_old_accuracy_drop,8,0,8,,,
proxy,R0,1,10,C_abs_new_old_gap,8,0,8,,,
proxy,R0,1,10,C_new_minus_old,8,0,8,,,
proxy,R0,1,10,C_old_minus_R0,8,0,8,,,
proxy,R0,1,10,C_new_minus_R0,8,0,8,,,
proxy,R0,1,10,old_order_recovery_fraction,8,0,8,,,
proxy,R0,1,10,total_recovery_fraction,8,0,8,,,
proxy,R0,1,10,old_winner_changed_fraction,8,0,8,,,
proxy,R0,1,10,old_displaced_by_new_fraction,8,0,8,,,
proxy,R0,1,10,correctness_B_Cold_C_000,8,0,8,,,
proxy,R0,1,10,correctness_B_Cold_C_100,8,0,8,,,
proxy,R0,1,10,correctness_B_Cold_C_010,8,0,8,,,
proxy,R0,1,10,correctness_B_Cold_C_110,8,0,8,,,
proxy,R0,1,10,correctness_B_Cold_C_011,8,0,8,,,
proxy,R0,1,10,correctness_B_Cold_C_111,8,0,8,,,
proxy,R0,1,10,B_old_margin_mean,8,0,8,,,
proxy,R0,1,10,B_old_margin_minus_R0,8,0,8,,,
proxy,R0,1,10,B_old_winner_changed_from_R0_fraction,8,0,8,,,
proxy,R0,1,10,B_old_R0_correct_to_wrong_fraction,8,0,8,,,
proxy,R0,1,10,B_old_R0_wrong_to_correct_fraction,8,0,8,,,
proxy,R0,1,10,C_old_margin_mean,8,0,8,,,
proxy,R0,1,10,C_old_margin_minus_R0,8,0,8,,,
proxy,R0,1,10,C_old_winner_changed_from_R0_fraction,8,0,8,,,
proxy,R0,1,10,C_old_R0_correct_to_wrong_fraction,8,0,8,,,
proxy,R0,1,10,C_old_R0_wrong_to_correct_fraction,8,0,8,,,
proxy,R0,1,10,C_new_margin_mean,8,0,8,,,
proxy,R0,1,10,C_new_margin_minus_R0,8,0,8,,,
proxy,R0,1,10,C_new_winner_changed_from_R0_fraction,8,0,8,,,
proxy,R0,1,10,C_new_R0_correct_to_wrong_fraction,8,0,8,,,
proxy,R0,1,10,C_new_R0_wrong_to_correct_fraction,8,0,8,,,
proxy,R0,1,20,A_old_accuracy,8,0,8,,,
proxy,R0,1,20,B0_old_accuracy,8,0,8,,,
proxy,R0,1,20,B_old_accuracy,8,0,8,,,
proxy,R0,1,20,C_old_columns_accuracy,8,0,8,,,
proxy,R0,1,20,C_old_accuracy,8,0,8,,,
proxy,R0,1,20,C_new_accuracy,8,0,8,,,
proxy,R0,1,20,C_h,8,0,8,,,
proxy,R0,1,20,adaptation_gain_B_minus_A,8,0,8,,,
proxy,R0,1,20,support_adaptation_B_minus_B0,8,0,8,,,
proxy,R0,1,20,old_order_change,8,0,8,,,
proxy,R0,1,20,new_competition_loss,8,0,8,,,
proxy,R0,1,20,total_old_accuracy_drop,8,0,8,,,
proxy,R0,1,20,C_abs_new_old_gap,8,0,8,,,
proxy,R0,1,20,C_new_minus_old,8,0,8,,,
proxy,R0,1,20,C_old_minus_R0,8,0,8,,,
proxy,R0,1,20,C_new_minus_R0,8,0,8,,,
proxy,R0,1,20,old_order_recovery_fraction,8,0,8,,,
proxy,R0,1,20,total_recovery_fraction,8,0,8,,,
proxy,R0,1,20,old_winner_changed_fraction,8,0,8,,,
proxy,R0,1,20,old_displaced_by_new_fraction,8,0,8,,,
proxy,R0,1,20,correctness_B_Cold_C_000,8,0,8,,,
proxy,R0,1,20,correctness_B_Cold_C_100,8,0,8,,,
proxy,R0,1,20,correctness_B_Cold_C_010,8,0,8,,,
proxy,R0,1,20,correctness_B_Cold_C_110,8,0,8,,,
proxy,R0,1,20,correctness_B_Cold_C_011,8,0,8,,,
proxy,R0,1,20,correctness_B_Cold_C_111,8,0,8,,,
proxy,R0,1,20,B_old_margin_mean,8,0,8,,,
proxy,R0,1,20,B_old_margin_minus_R0,8,0,8,,,
proxy,R0,1,20,B_old_winner_changed_from_R0_fraction,8,0,8,,,
proxy,R0,1,20,B_old_R0_correct_to_wrong_fraction,8,0,8,,,
proxy,R0,1,20,B_old_R0_wrong_to_correct_fraction,8,0,8,,,
proxy,R0,1,20,C_old_margin_mean,8,0,8,,,
proxy,R0,1,20,C_old_margin_minus_R0,8,0,8,,,
proxy,R0,1,20,C_old_winner_changed_from_R0_fraction,8,0,8,,,
proxy,R0,1,20,C_old_R0_correct_to_wrong_fraction,8,0,8,,,
proxy,R0,1,20,C_old_R0_wrong_to_correct_fraction,8,0,8,,,
proxy,R0,1,20,C_new_margin_mean,8,0,8,,,
proxy,R0,1,20,C_new_margin_minus_R0,8,0,8,,,
proxy,R0,1,20,C_new_winner_changed_from_R0_fraction,8,0,8,,,
proxy,R0,1,20,C_new_R0_correct_to_wrong_fraction,8,0,8,,,
proxy,R0,1,20,C_new_R0_wrong_to_correct_fraction,8,0,8,,,
proxy,R0,5,0,A_old_accuracy,8,0,8,,,
proxy,R0,5,0,B0_old_accuracy,8,8,0,0.509375,0.19166666666666668,0.9166666666666666
proxy,R0,5,0,B_old_accuracy,8,8,0,0.509375,0.19166666666666668,0.9166666666666666
proxy,R0,5,0,C_old_columns_accuracy,8,8,0,0.509375,0.19166666666666668,0.9166666666666666
proxy,R0,5,0,C_old_accuracy,8,8,0,0.509375,0.19166666666666668,0.9166666666666666
proxy,R0,5,0,C_new_accuracy,8,0,8,,,
proxy,R0,5,0,C_h,8,0,8,,,
proxy,R0,5,0,adaptation_gain_B_minus_A,8,0,8,,,
proxy,R0,5,0,support_adaptation_B_minus_B0,8,8,0,0.0,0.0,0.0
proxy,R0,5,0,old_order_change,8,8,0,0.0,0.0,0.0
proxy,R0,5,0,new_competition_loss,8,8,0,0.0,0.0,0.0
proxy,R0,5,0,total_old_accuracy_drop,8,8,0,0.0,0.0,0.0
proxy,R0,5,0,C_abs_new_old_gap,8,0,8,,,
proxy,R0,5,0,C_new_minus_old,8,0,8,,,
proxy,R0,5,0,C_old_minus_R0,8,8,0,0.0,0.0,0.0
proxy,R0,5,0,C_new_minus_R0,8,0,8,,,
proxy,R0,5,0,old_order_recovery_fraction,8,8,0,0.0,0.0,0.0
proxy,R0,5,0,total_recovery_fraction,8,8,0,0.0,0.0,0.0
proxy,R0,5,0,old_winner_changed_fraction,8,8,0,0.0,0.0,0.0
proxy,R0,5,0,old_displaced_by_new_fraction,8,8,0,0.0,0.0,0.0
proxy,R0,5,0,correctness_B_Cold_C_000,8,8,0,0.49062500000000003,0.08333333333333334,0.8083333333333333
proxy,R0,5,0,correctness_B_Cold_C_100,8,8,0,0.0,0.0,0.0
proxy,R0,5,0,correctness_B_Cold_C_010,8,8,0,0.0,0.0,0.0
proxy,R0,5,0,correctness_B_Cold_C_110,8,8,0,0.0,0.0,0.0
proxy,R0,5,0,correctness_B_Cold_C_011,8,8,0,0.0,0.0,0.0
proxy,R0,5,0,correctness_B_Cold_C_111,8,8,0,0.509375,0.19166666666666668,0.9166666666666666
proxy,R0,5,0,B_old_margin_mean,8,8,0,0.037532954900847855,-0.0654309618240832,0.1872973884838231
proxy,R0,5,0,B_old_margin_minus_R0,8,8,0,0.0,0.0,0.0
proxy,R0,5,0,B_old_winner_changed_from_R0_fraction,8,8,0,0.0,0.0,0.0
proxy,R0,5,0,B_old_R0_correct_to_wrong_fraction,8,8,0,0.0,0.0,0.0
proxy,R0,5,0,B_old_R0_wrong_to_correct_fraction,8,8,0,0.0,0.0,0.0
proxy,R0,5,0,C_old_margin_mean,8,8,0,0.037532954900847855,-0.0654309618240832,0.1872973884838231
proxy,R0,5,0,C_old_margin_minus_R0,8,8,0,0.0,0.0,0.0
proxy,R0,5,0,C_old_winner_changed_from_R0_fraction,8,8,0,0.0,0.0,0.0
proxy,R0,5,0,C_old_R0_correct_to_wrong_fraction,8,8,0,0.0,0.0,0.0
proxy,R0,5,0,C_old_R0_wrong_to_correct_fraction,8,8,0,0.0,0.0,0.0
proxy,R0,5,0,C_new_margin_mean,8,0,8,,,
proxy,R0,5,0,C_new_margin_minus_R0,8,0,8,,,
proxy,R0,5,0,C_new_winner_changed_from_R0_fraction,8,0,8,,,
proxy,R0,5,0,C_new_R0_correct_to_wrong_fraction,8,0,8,,,
proxy,R0,5,0,C_new_R0_wrong_to_correct_fraction,8,0,8,,,
proxy,R0,5,2,A_old_accuracy,8,0,8,,,
proxy,R0,5,2,B0_old_accuracy,8,8,0,0.509375,0.19166666666666668,0.9166666666666666
proxy,R0,5,2,B_old_accuracy,8,8,0,0.509375,0.19166666666666668,0.9166666666666666
proxy,R0,5,2,C_old_columns_accuracy,8,8,0,0.5166666666666666,0.2,0.9166666666666666
proxy,R0,5,2,C_old_accuracy,8,8,0,0.49270833333333336,0.18333333333333332,0.9083333333333332
proxy,R0,5,2,C_new_accuracy,8,8,0,0.33125,0.075,0.75
proxy,R0,5,2,C_h,8,8,0,0.33342842735870915,0.0931547619047619,0.7061921215505607
proxy,R0,5,2,adaptation_gain_B_minus_A,8,0,8,,,
proxy,R0,5,2,support_adaptation_B_minus_B0,8,8,0,0.0,0.0,0.0
proxy,R0,5,2,old_order_change,8,8,0,-0.007291666666666667,-0.03333333333333333,0.008333333333333333
proxy,R0,5,2,new_competition_loss,8,8,0,0.02395833333333333,0.0,0.08333333333333333
proxy,R0,5,2,total_old_accuracy_drop,8,8,0,0.016666666666666666,-0.008333333333333333,0.075
proxy,R0,5,2,C_abs_new_old_gap,8,8,0,0.271875,0.10833333333333332,0.6916666666666667
proxy,R0,5,2,C_new_minus_old,8,8,0,-0.16145833333333337,-0.6916666666666667,0.14166666666666666
proxy,R0,5,2,C_old_minus_R0,8,8,0,0.0,0.0,0.0
proxy,R0,5,2,C_new_minus_R0,8,8,0,0.0,0.0,0.0
proxy,R0,5,2,old_order_recovery_fraction,8,8,0,0.016666666666666666,0.0,0.03333333333333333
proxy,R0,5,2,total_recovery_fraction,8,8,0,0.008333333333333333,0.0,0.025
proxy,R0,5,2,old_winner_changed_fraction,8,8,0,0.06770833333333334,0.008333333333333333,0.13333333333333336
proxy,R0,5,2,old_displaced_by_new_fraction,8,8,0,0.13437500000000002,0.0,0.33333333333333337
proxy,R0,5,2,correctness_B_Cold_C_000,8,8,0,0.47395833333333337,0.08333333333333334,0.7916666666666667
proxy,R0,5,2,correctness_B_Cold_C_100,8,8,0,0.009375,0.0,0.025
proxy,R0,5,2,correctness_B_Cold_C_010,8,8,0,0.008333333333333333,0.0,0.025
proxy,R0,5,2,correctness_B_Cold_C_110,8,8,0,0.015625,0.0,0.058333333333333334
proxy,R0,5,2,correctness_B_Cold_C_011,8,8,0,0.008333333333333333,0.0,0.025
proxy,R0,5,2,correctness_B_Cold_C_111,8,8,0,0.48437500000000006,0.175,0.9083333333333332
proxy,R0,5,2,B_old_margin_mean,8,8,0,0.037532954900847855,-0.0654309618240832,0.1872973884838231
proxy,R0,5,2,B_old_margin_minus_R0,8,8,0,0.0,0.0,0.0
proxy,R0,5,2,B_old_winner_changed_from_R0_fraction,8,8,0,0.0,0.0,0.0
proxy,R0,5,2,B_old_R0_correct_to_wrong_fraction,8,8,0,0.0,0.0,0.0
proxy,R0,5,2,B_old_R0_wrong_to_correct_fraction,8,8,0,0.0,0.0,0.0
proxy,R0,5,2,C_old_margin_mean,8,8,0,0.02341769075380813,-0.07356396316653231,0.1633013088841191
proxy,R0,5,2,C_old_margin_minus_R0,8,8,0,0.0,0.0,0.0
proxy,R0,5,2,C_old_winner_changed_from_R0_fraction,8,8,0,0.0,0.0,0.0
proxy,R0,5,2,C_old_R0_correct_to_wrong_fraction,8,8,0,0.0,0.0,0.0
proxy,R0,5,2,C_old_R0_wrong_to_correct_fraction,8,8,0,0.0,0.0,0.0
proxy,R0,5,2,C_new_margin_mean,8,8,0,-0.025809365415681743,-0.0877773877237166,0.10395246711226813
proxy,R0,5,2,C_new_margin_minus_R0,8,8,0,0.0,0.0,0.0
proxy,R0,5,2,C_new_winner_changed_from_R0_fraction,8,8,0,0.0,0.0,0.0
proxy,R0,5,2,C_new_R0_correct_to_wrong_fraction,8,8,0,0.0,0.0,0.0
proxy,R0,5,2,C_new_R0_wrong_to_correct_fraction,8,8,0,0.0,0.0,0.0
proxy,R0,5,5,A_old_accuracy,8,0,8,,,
proxy,R0,5,5,B0_old_accuracy,8,8,0,0.509375,0.19166666666666668,0.9166666666666666
proxy,R0,5,5,B_old_accuracy,8,8,0,0.509375,0.19166666666666668,0.9166666666666666
proxy,R0,5,5,C_old_columns_accuracy,8,8,0,0.515625,0.2,0.9166666666666666
proxy,R0,5,5,C_old_accuracy,8,8,0,0.45729166666666665,0.15833333333333333,0.8666666666666666
proxy,R0,5,5,C_new_accuracy,8,8,0,0.39625,0.11000000000000001,0.75
proxy,R0,5,5,C_h,8,8,0,0.4106966747428163,0.12695013023960394,0.6951905759760825
proxy,R0,5,5,adaptation_gain_B_minus_A,8,0,8,,,
proxy,R0,5,5,support_adaptation_B_minus_B0,8,8,0,0.0,0.0,0.0
proxy,R0,5,5,old_order_change,8,8,0,-0.0062499999999999995,-0.03333333333333333,0.025
proxy,R0,5,5,new_competition_loss,8,8,0,0.058333333333333334,0.025,0.10833333333333335
proxy,R0,5,5,total_old_accuracy_drop,8,8,0,0.05208333333333333,2.7755575615628915e-18,0.1
proxy,R0,5,5,C_abs_new_old_gap,8,8,0,0.13437499999999997,0.04166666666666667,0.29666666666666663
proxy,R0,5,5,C_new_minus_old,8,8,0,-0.06104166666666667,-0.29666666666666663,0.11666666666666667
proxy,R0,5,5,C_old_minus_R0,8,8,0,0.0,0.0,0.0
proxy,R0,5,5,C_new_minus_R0,8,8,0,0.0,0.0,0.0
proxy,R0,5,5,old_order_recovery_fraction,8,8,0,0.01875,0.0,0.05
proxy,R0,5,5,total_recovery_fraction,8,8,0,0.008333333333333333,0.0,0.03333333333333333
proxy,R0,5,5,old_winner_changed_fraction,8,8,0,0.08124999999999999,0.0,0.13333333333333333
proxy,R0,5,5,old_displaced_by_new_fraction,8,8,0,0.24270833333333336,0.049999999999999996,0.4833333333333333
proxy,R0,5,5,correctness_B_Cold_C_000,8,8,0,0.471875,0.08333333333333334,0.7916666666666666
proxy,R0,5,5,correctness_B_Cold_C_100,8,8,0,0.012499999999999999,0.0,0.025
proxy,R0,5,5,correctness_B_Cold_C_010,8,8,0,0.010416666666666668,0.0,0.025
proxy,R0,5,5,correctness_B_Cold_C_110,8,8,0,0.04791666666666667,0.008333333333333333,0.08333333333333334
proxy,R0,5,5,correctness_B_Cold_C_011,8,8,0,0.008333333333333333,0.0,0.03333333333333333
proxy,R0,5,5,correctness_B_Cold_C_111,8,8,0,0.44895833333333335,0.15,0.8666666666666666
proxy,R0,5,5,B_old_margin_mean,8,8,0,0.037532954900847855,-0.0654309618240832,0.1872973884838231
proxy,R0,5,5,B_old_margin_minus_R0,8,8,0,0.0,0.0,0.0
proxy,R0,5,5,B_old_winner_changed_from_R0_fraction,8,8,0,0.0,0.0,0.0
proxy,R0,5,5,B_old_R0_correct_to_wrong_fraction,8,8,0,0.0,0.0,0.0
proxy,R0,5,5,B_old_R0_wrong_to_correct_fraction,8,8,0,0.0,0.0,0.0
proxy,R0,5,5,C_old_margin_mean,8,8,0,0.009347059754341306,-0.07427202723773202,0.12483441036225382
proxy,R0,5,5,C_old_margin_minus_R0,8,8,0,0.0,0.0,0.0
proxy,R0,5,5,C_old_winner_changed_from_R0_fraction,8,8,0,0.0,0.0,0.0
proxy,R0,5,5,C_old_R0_correct_to_wrong_fraction,8,8,0,0.0,0.0,0.0
proxy,R0,5,5,C_old_R0_wrong_to_correct_fraction,8,8,0,0.0,0.0,0.0
proxy,R0,5,5,C_new_margin_mean,8,8,0,-0.013657209671037056,-0.09882104680285883,0.09133906289251921
proxy,R0,5,5,C_new_margin_minus_R0,8,8,0,0.0,0.0,0.0
proxy,R0,5,5,C_new_winner_changed_from_R0_fraction,8,8,0,0.0,0.0,0.0
proxy,R0,5,5,C_new_R0_correct_to_wrong_fraction,8,8,0,0.0,0.0,0.0
proxy,R0,5,5,C_new_R0_wrong_to_correct_fraction,8,8,0,0.0,0.0,0.0
proxy,R0,5,10,A_old_accuracy,8,0,8,,,
proxy,R0,5,10,B0_old_accuracy,8,8,0,0.509375,0.19166666666666668,0.9166666666666666
proxy,R0,5,10,B_old_accuracy,8,8,0,0.509375,0.19166666666666668,0.9166666666666666
proxy,R0,5,10,C_old_columns_accuracy,8,8,0,0.5114583333333333,0.20833333333333331,0.9166666666666666
proxy,R0,5,10,C_old_accuracy,8,8,0,0.4229166666666667,0.11666666666666665,0.8166666666666668
proxy,R0,5,10,C_new_accuracy,8,8,0,0.374375,0.15499999999999997,0.62
proxy,R0,5,10,C_h,8,8,0,0.387831494248831,0.12300079491255962,0.6894711262482947
proxy,R0,5,10,adaptation_gain_B_minus_A,8,0,8,,,
proxy,R0,5,10,support_adaptation_B_minus_B0,8,8,0,0.0,0.0,0.0
proxy,R0,5,10,old_order_change,8,8,0,-0.002083333333333333,-0.016666666666666666,0.016666666666666666
proxy,R0,5,10,new_competition_loss,8,8,0,0.08854166666666666,0.041666666666666664,0.14999999999999997
proxy,R0,5,10,total_old_accuracy_drop,8,8,0,0.08645833333333333,0.049999999999999996,0.14166666666666666
proxy,R0,5,10,C_abs_new_old_gap,8,8,0,0.10312500000000001,0.035,0.22166666666666668
proxy,R0,5,10,C_new_minus_old,8,8,0,-0.048541666666666664,-0.22166666666666668,0.03833333333333334
proxy,R0,5,10,C_old_minus_R0,8,8,0,0.0,0.0,0.0
proxy,R0,5,10,C_new_minus_R0,8,8,0,0.0,0.0,0.0
proxy,R0,5,10,old_order_recovery_fraction,8,8,0,0.017708333333333333,0.0,0.03333333333333333
proxy,R0,5,10,total_recovery_fraction,8,8,0,0.003125,0.0,0.016666666666666666
proxy,R0,5,10,old_winner_changed_fraction,8,8,0,0.09583333333333333,0.0,0.16666666666666666
proxy,R0,5,10,old_displaced_by_new_fraction,8,8,0,0.3583333333333333,0.15,0.5916666666666666
proxy,R0,5,10,correctness_B_Cold_C_000,8,8,0,0.47291666666666665,0.08333333333333334,0.775
proxy,R0,5,10,correctness_B_Cold_C_100,8,8,0,0.015625,0.0,0.025
proxy,R0,5,10,correctness_B_Cold_C_010,8,8,0,0.014583333333333334,0.0,0.03333333333333333
proxy,R0,5,10,correctness_B_Cold_C_110,8,8,0,0.07395833333333332,0.03333333333333333,0.11666666666666665
proxy,R0,5,10,correctness_B_Cold_C_011,8,8,0,0.003125,0.0,0.016666666666666666
proxy,R0,5,10,correctness_B_Cold_C_111,8,8,0,0.4197916666666667,0.11666666666666665,0.8166666666666668
proxy,R0,5,10,B_old_margin_mean,8,8,0,0.037532954900847855,-0.0654309618240832,0.1872973884838231
proxy,R0,5,10,B_old_margin_minus_R0,8,8,0,0.0,0.0,0.0
proxy,R0,5,10,B_old_winner_changed_from_R0_fraction,8,8,0,0.0,0.0,0.0
proxy,R0,5,10,B_old_R0_correct_to_wrong_fraction,8,8,0,0.0,0.0,0.0
proxy,R0,5,10,B_old_R0_wrong_to_correct_fraction,8,8,0,0.0,0.0,0.0
proxy,R0,5,10,C_old_margin_mean,8,8,0,0.004553838515250536,-0.07210761919414972,0.11634199089444838
proxy,R0,5,10,C_old_margin_minus_R0,8,8,0,0.0,0.0,0.0
proxy,R0,5,10,C_old_winner_changed_from_R0_fraction,8,8,0,0.0,0.0,0.0
proxy,R0,5,10,C_old_R0_correct_to_wrong_fraction,8,8,0,0.0,0.0,0.0
proxy,R0,5,10,C_old_R0_wrong_to_correct_fraction,8,8,0,0.0,0.0,0.0
proxy,R0,5,10,C_new_margin_mean,8,8,0,-0.01616407750197385,-0.08185435842850416,0.05181097358239399
proxy,R0,5,10,C_new_margin_minus_R0,8,8,0,0.0,0.0,0.0
proxy,R0,5,10,C_new_winner_changed_from_R0_fraction,8,8,0,0.0,0.0,0.0
proxy,R0,5,10,C_new_R0_correct_to_wrong_fraction,8,8,0,0.0,0.0,0.0
proxy,R0,5,10,C_new_R0_wrong_to_correct_fraction,8,8,0,0.0,0.0,0.0
proxy,R0,5,20,A_old_accuracy,8,0,8,,,
proxy,R0,5,20,B0_old_accuracy,8,8,0,0.509375,0.19166666666666668,0.9166666666666666
proxy,R0,5,20,B_old_accuracy,8,8,0,0.509375,0.19166666666666668,0.9166666666666666
proxy,R0,5,20,C_old_columns_accuracy,8,8,0,0.5177083333333333,0.20833333333333334,0.9083333333333334
proxy,R0,5,20,C_old_accuracy,8,8,0,0.38437499999999997,0.10833333333333332,0.7750000000000001
proxy,R0,5,20,C_new_accuracy,8,8,0,0.3328125,0.13999999999999999,0.5425000000000001
proxy,R0,5,20,C_h,8,8,0,0.3414908195987779,0.10959045197417291,0.5747229837451411
proxy,R0,5,20,adaptation_gain_B_minus_A,8,0,8,,,
proxy,R0,5,20,support_adaptation_B_minus_B0,8,8,0,0.0,0.0,0.0
proxy,R0,5,20,old_order_change,8,8,0,-0.008333333333333335,-0.03333333333333333,0.025
proxy,R0,5,20,new_competition_loss,8,8,0,0.13333333333333333,0.06666666666666667,0.18333333333333332
proxy,R0,5,20,total_old_accuracy_drop,8,8,0,0.125,0.05,0.18333333333333335
proxy,R0,5,20,C_abs_new_old_gap,8,8,0,0.12281249999999999,0.0475,0.3175
proxy,R0,5,20,C_new_minus_old,8,8,0,-0.0515625,-0.3175,0.06333333333333332
proxy,R0,5,20,C_old_minus_R0,8,8,0,0.0,0.0,0.0
proxy,R0,5,20,C_new_minus_R0,8,8,0,0.0,0.0,0.0
proxy,R0,5,20,old_order_recovery_fraction,8,8,0,0.026041666666666664,0.0,0.05833333333333333
proxy,R0,5,20,total_recovery_fraction,8,8,0,0.0020833333333333333,0.0,0.008333333333333333
proxy,R0,5,20,old_winner_changed_fraction,8,8,0,0.11979166666666669,0.0,0.23333333333333334
proxy,R0,5,20,old_displaced_by_new_fraction,8,8,0,0.45208333333333334,0.175,0.7
proxy,R0,5,20,correctness_B_Cold_C_000,8,8,0,0.46458333333333335,0.08333333333333334,0.775
proxy,R0,5,20,correctness_B_Cold_C_100,8,8,0,0.017708333333333333,0.0,0.03333333333333333
proxy,R0,5,20,correctness_B_Cold_C_010,8,8,0,0.02395833333333333,0.0,0.05833333333333333
proxy,R0,5,20,correctness_B_Cold_C_110,8,8,0,0.10937499999999999,0.041666666666666664,0.16666666666666669
proxy,R0,5,20,correctness_B_Cold_C_011,8,8,0,0.0020833333333333333,0.0,0.008333333333333333
proxy,R0,5,20,correctness_B_Cold_C_111,8,8,0,0.38229166666666664,0.10833333333333332,0.7750000000000001
proxy,R0,5,20,B_old_margin_mean,8,8,0,0.037532954900847855,-0.0654309618240832,0.1872973884838231
proxy,R0,5,20,B_old_margin_minus_R0,8,8,0,0.0,0.0,0.0
proxy,R0,5,20,B_old_winner_changed_from_R0_fraction,8,8,0,0.0,0.0,0.0
proxy,R0,5,20,B_old_R0_correct_to_wrong_fraction,8,8,0,0.0,0.0,0.0
proxy,R0,5,20,B_old_R0_wrong_to_correct_fraction,8,8,0,0.0,0.0,0.0
proxy,R0,5,20,C_old_margin_mean,8,8,0,-0.002536678009752531,-0.07205619995562182,0.1080057099535388
proxy,R0,5,20,C_old_margin_minus_R0,8,8,0,0.0,0.0,0.0
proxy,R0,5,20,C_old_winner_changed_from_R0_fraction,8,8,0,0.0,0.0,0.0
proxy,R0,5,20,C_old_R0_correct_to_wrong_fraction,8,8,0,0.0,0.0,0.0
proxy,R0,5,20,C_old_R0_wrong_to_correct_fraction,8,8,0,0.0,0.0,0.0
proxy,R0,5,20,C_new_margin_mean,8,8,0,-0.024973777533822718,-0.08295927703052894,0.024799919862429555
proxy,R0,5,20,C_new_margin_minus_R0,8,8,0,0.0,0.0,0.0
proxy,R0,5,20,C_new_winner_changed_from_R0_fraction,8,8,0,0.0,0.0,0.0
proxy,R0,5,20,C_new_R0_correct_to_wrong_fraction,8,8,0,0.0,0.0,0.0
proxy,R0,5,20,C_new_R0_wrong_to_correct_fraction,8,8,0,0.0,0.0,0.0
proxy,R0,10,0,A_old_accuracy,8,0,8,,,
proxy,R0,10,0,B0_old_accuracy,8,8,0,0.530324074074074,0.24074074074074076,0.8777777777777777
proxy,R0,10,0,B_old_accuracy,8,8,0,0.530324074074074,0.24074074074074076,0.8777777777777777
proxy,R0,10,0,C_old_columns_accuracy,8,8,0,0.530324074074074,0.24074074074074076,0.8777777777777777
proxy,R0,10,0,C_old_accuracy,8,8,0,0.530324074074074,0.24074074074074076,0.8777777777777777
proxy,R0,10,0,C_new_accuracy,8,0,8,,,
proxy,R0,10,0,C_h,8,0,8,,,
proxy,R0,10,0,adaptation_gain_B_minus_A,8,0,8,,,
proxy,R0,10,0,support_adaptation_B_minus_B0,8,8,0,0.0,0.0,0.0
proxy,R0,10,0,old_order_change,8,8,0,0.0,0.0,0.0
proxy,R0,10,0,new_competition_loss,8,8,0,0.0,0.0,0.0
proxy,R0,10,0,total_old_accuracy_drop,8,8,0,0.0,0.0,0.0
proxy,R0,10,0,C_abs_new_old_gap,8,0,8,,,
proxy,R0,10,0,C_new_minus_old,8,0,8,,,
proxy,R0,10,0,C_old_minus_R0,8,8,0,0.0,0.0,0.0
proxy,R0,10,0,C_new_minus_R0,8,0,8,,,
proxy,R0,10,0,old_order_recovery_fraction,8,8,0,0.0,0.0,0.0
proxy,R0,10,0,total_recovery_fraction,8,8,0,0.0,0.0,0.0
proxy,R0,10,0,old_winner_changed_fraction,8,8,0,0.0,0.0,0.0
proxy,R0,10,0,old_displaced_by_new_fraction,8,8,0,0.0,0.0,0.0
proxy,R0,10,0,correctness_B_Cold_C_000,8,8,0,0.4696759259259259,0.12222222222222223,0.7592592592592592
proxy,R0,10,0,correctness_B_Cold_C_100,8,8,0,0.0,0.0,0.0
proxy,R0,10,0,correctness_B_Cold_C_010,8,8,0,0.0,0.0,0.0
proxy,R0,10,0,correctness_B_Cold_C_110,8,8,0,0.0,0.0,0.0
proxy,R0,10,0,correctness_B_Cold_C_011,8,8,0,0.0,0.0,0.0
proxy,R0,10,0,correctness_B_Cold_C_111,8,8,0,0.530324074074074,0.24074074074074076,0.8777777777777777
proxy,R0,10,0,B_old_margin_mean,8,8,0,0.06061340399988212,-0.03965985757263899,0.19699386162502353
proxy,R0,10,0,B_old_margin_minus_R0,8,8,0,0.0,0.0,0.0
proxy,R0,10,0,B_old_winner_changed_from_R0_fraction,8,8,0,0.0,0.0,0.0
proxy,R0,10,0,B_old_R0_correct_to_wrong_fraction,8,8,0,0.0,0.0,0.0
proxy,R0,10,0,B_old_R0_wrong_to_correct_fraction,8,8,0,0.0,0.0,0.0
proxy,R0,10,0,C_old_margin_mean,8,8,0,0.06061340399988212,-0.03965985757263899,0.19699386162502353
proxy,R0,10,0,C_old_margin_minus_R0,8,8,0,0.0,0.0,0.0
proxy,R0,10,0,C_old_winner_changed_from_R0_fraction,8,8,0,0.0,0.0,0.0
proxy,R0,10,0,C_old_R0_correct_to_wrong_fraction,8,8,0,0.0,0.0,0.0
proxy,R0,10,0,C_old_R0_wrong_to_correct_fraction,8,8,0,0.0,0.0,0.0
proxy,R0,10,0,C_new_margin_mean,8,0,8,,,
proxy,R0,10,0,C_new_margin_minus_R0,8,0,8,,,
proxy,R0,10,0,C_new_winner_changed_from_R0_fraction,8,0,8,,,
proxy,R0,10,0,C_new_R0_correct_to_wrong_fraction,8,0,8,,,
proxy,R0,10,0,C_new_R0_wrong_to_correct_fraction,8,0,8,,,
proxy,R0,10,2,A_old_accuracy,8,0,8,,,
proxy,R0,10,2,B0_old_accuracy,8,8,0,0.530324074074074,0.24074074074074076,0.8777777777777777
proxy,R0,10,2,B_old_accuracy,8,8,0,0.530324074074074,0.24074074074074076,0.8777777777777777
proxy,R0,10,2,C_old_columns_accuracy,8,8,0,0.5405092592592592,0.2648148148148148,0.8851851851851851
proxy,R0,10,2,C_old_accuracy,8,8,0,0.5101851851851852,0.2092592592592592,0.8833333333333334
proxy,R0,10,2,C_new_accuracy,8,8,0,0.25555555555555554,0.17222222222222222,0.43888888888888894
proxy,R0,10,2,C_h,8,8,0,0.2994416758808356,0.17873582134179775,0.517258652643089
proxy,R0,10,2,adaptation_gain_B_minus_A,8,0,8,,,
proxy,R0,10,2,support_adaptation_B_minus_B0,8,8,0,0.0,0.0,0.0
proxy,R0,10,2,old_order_change,8,8,0,-0.010185185185185184,-0.024074074074074074,0.0037037037037037034
proxy,R0,10,2,new_competition_loss,8,8,0,0.030324074074074076,0.0018518518518518517,0.05555555555555556
proxy,R0,10,2,total_old_accuracy_drop,8,8,0,0.02013888888888889,-0.005555555555555555,0.04259259259259259
proxy,R0,10,2,C_abs_new_old_gap,8,8,0,0.2953703703703704,0.09259259259259259,0.6722222222222223
proxy,R0,10,2,C_new_minus_old,8,8,0,-0.2546296296296296,-0.6722222222222223,-0.0037037037037036895
proxy,R0,10,2,C_old_minus_R0,8,8,0,0.0,0.0,0.0
proxy,R0,10,2,C_new_minus_R0,8,8,0,0.0,0.0,0.0
proxy,R0,10,2,old_order_recovery_fraction,8,8,0,0.020138888888888887,0.005555555555555555,0.037037037037037035
proxy,R0,10,2,total_recovery_fraction,8,8,0,0.012037037037037035,0.005555555555555555,0.02222222222222222
proxy,R0,10,2,old_winner_changed_fraction,8,8,0,0.06527777777777777,0.007407407407407407,0.12592592592592594
proxy,R0,10,2,old_displaced_by_new_fraction,8,8,0,0.15694444444444444,0.009259259259259259,0.2814814814814815
proxy,R0,10,2,correctness_B_Cold_C_000,8,8,0,0.44953703703703707,0.11481481481481481,0.7222222222222223
proxy,R0,10,2,correctness_B_Cold_C_100,8,8,0,0.009953703703703702,0.0,0.02222222222222222
proxy,R0,10,2,correctness_B_Cold_C_010,8,8,0,0.008101851851851851,0.0,0.016666666666666666
proxy,R0,10,2,correctness_B_Cold_C_110,8,8,0,0.022222222222222223,0.0018518518518518517,0.040740740740740744
proxy,R0,10,2,correctness_B_Cold_C_011,8,8,0,0.012037037037037035,0.005555555555555555,0.02222222222222222
proxy,R0,10,2,correctness_B_Cold_C_111,8,8,0,0.4981481481481482,0.18703703703703703,0.875925925925926
proxy,R0,10,2,B_old_margin_mean,8,8,0,0.06061340399988212,-0.03965985757263899,0.19699386162502353
proxy,R0,10,2,B_old_margin_minus_R0,8,8,0,0.0,0.0,0.0
proxy,R0,10,2,B_old_winner_changed_from_R0_fraction,8,8,0,0.0,0.0,0.0
proxy,R0,10,2,B_old_R0_correct_to_wrong_fraction,8,8,0,0.0,0.0,0.0
proxy,R0,10,2,B_old_R0_wrong_to_correct_fraction,8,8,0,0.0,0.0,0.0
proxy,R0,10,2,C_old_margin_mean,8,8,0,0.039942858079542266,-0.059292365057044126,0.167811036377298
proxy,R0,10,2,C_old_margin_minus_R0,8,8,0,0.0,0.0,0.0
proxy,R0,10,2,C_old_winner_changed_from_R0_fraction,8,8,0,0.0,0.0,0.0
proxy,R0,10,2,C_old_R0_correct_to_wrong_fraction,8,8,0,0.0,0.0,0.0
proxy,R0,10,2,C_old_R0_wrong_to_correct_fraction,8,8,0,0.0,0.0,0.0
proxy,R0,10,2,C_new_margin_mean,8,8,0,-0.05213482192943513,-0.0880986910766755,-0.006885340651666327
proxy,R0,10,2,C_new_margin_minus_R0,8,8,0,0.0,0.0,0.0
proxy,R0,10,2,C_new_winner_changed_from_R0_fraction,8,8,0,0.0,0.0,0.0
proxy,R0,10,2,C_new_R0_correct_to_wrong_fraction,8,8,0,0.0,0.0,0.0
proxy,R0,10,2,C_new_R0_wrong_to_correct_fraction,8,8,0,0.0,0.0,0.0
proxy,R0,10,5,A_old_accuracy,8,0,8,,,
proxy,R0,10,5,B0_old_accuracy,8,8,0,0.530324074074074,0.24074074074074076,0.8777777777777777
proxy,R0,10,5,B_old_accuracy,8,8,0,0.530324074074074,0.24074074074074076,0.8777777777777777
proxy,R0,10,5,C_old_columns_accuracy,8,8,0,0.5444444444444444,0.28518518518518515,0.8833333333333332
proxy,R0,10,5,C_old_accuracy,8,8,0,0.47199074074074077,0.18148148148148147,0.8296296296296296
proxy,R0,10,5,C_new_accuracy,8,8,0,0.3636111111111111,0.14888888888888888,0.6488888888888888
proxy,R0,10,5,C_h,8,8,0,0.3986940439705287,0.1510502655073374,0.6686761552625203
proxy,R0,10,5,adaptation_gain_B_minus_A,8,0,8,,,
proxy,R0,10,5,support_adaptation_B_minus_B0,8,8,0,0.0,0.0,0.0
proxy,R0,10,5,old_order_change,8,8,0,-0.01412037037037037,-0.04444444444444444,-0.0018518518518518517
proxy,R0,10,5,new_competition_loss,8,8,0,0.07245370370370369,0.04259259259259259,0.10370370370370367
proxy,R0,10,5,total_old_accuracy_drop,8,8,0,0.058333333333333334,0.040740740740740744,0.07222222222222223
proxy,R0,10,5,C_abs_new_old_gap,8,8,0,0.14199074074074072,0.06074074074074073,0.3185185185185186
proxy,R0,10,5,C_new_minus_old,8,8,0,-0.10837962962962963,-0.3185185185185186,-0.023333333333333317
proxy,R0,10,5,C_old_minus_R0,8,8,0,0.0,0.0,0.0
proxy,R0,10,5,C_new_minus_R0,8,8,0,0.0,0.0,0.0
proxy,R0,10,5,old_order_recovery_fraction,8,8,0,0.027314814814814813,0.0018518518518518517,0.06296296296296296
proxy,R0,10,5,total_recovery_fraction,8,8,0,0.010648148148148146,0.0,0.02037037037037037
proxy,R0,10,5,old_winner_changed_fraction,8,8,0,0.09143518518518517,0.005555555555555555,0.15925925925925927
proxy,R0,10,5,old_displaced_by_new_fraction,8,8,0,0.2423611111111111,0.0611111111111111,0.38888888888888895
proxy,R0,10,5,correctness_B_Cold_C_000,8,8,0,0.4423611111111111,0.11481481481481481,0.6962962962962964
proxy,R0,10,5,correctness_B_Cold_C_100,8,8,0,0.013194444444444443,0.0,0.029629629629629627
proxy,R0,10,5,correctness_B_Cold_C_010,8,8,0,0.016666666666666666,0.0,0.042592592592592585
proxy,R0,10,5,correctness_B_Cold_C_110,8,8,0,0.05578703703703703,0.040740740740740744,0.061111111111111116
proxy,R0,10,5,correctness_B_Cold_C_011,8,8,0,0.010648148148148146,0.0,0.02037037037037037
proxy,R0,10,5,correctness_B_Cold_C_111,8,8,0,0.46134259259259264,0.1611111111111111,0.8222222222222222
proxy,R0,10,5,B_old_margin_mean,8,8,0,0.06061340399988212,-0.03965985757263899,0.19699386162502353
proxy,R0,10,5,B_old_margin_minus_R0,8,8,0,0.0,0.0,0.0
proxy,R0,10,5,B_old_winner_changed_from_R0_fraction,8,8,0,0.0,0.0,0.0
proxy,R0,10,5,B_old_R0_correct_to_wrong_fraction,8,8,0,0.0,0.0,0.0
proxy,R0,10,5,B_old_R0_wrong_to_correct_fraction,8,8,0,0.0,0.0,0.0
proxy,R0,10,5,C_old_margin_mean,8,8,0,0.026489020471715884,-0.06102037328110049,0.13339257473566804
proxy,R0,10,5,C_old_margin_minus_R0,8,8,0,0.0,0.0,0.0
proxy,R0,10,5,C_old_winner_changed_from_R0_fraction,8,8,0,0.0,0.0,0.0
proxy,R0,10,5,C_old_R0_correct_to_wrong_fraction,8,8,0,0.0,0.0,0.0
proxy,R0,10,5,C_old_R0_wrong_to_correct_fraction,8,8,0,0.0,0.0,0.0
proxy,R0,10,5,C_new_margin_mean,8,8,0,-0.0258504269962336,-0.09147233629870252,0.043384870855266836
proxy,R0,10,5,C_new_margin_minus_R0,8,8,0,0.0,0.0,0.0
proxy,R0,10,5,C_new_winner_changed_from_R0_fraction,8,8,0,0.0,0.0,0.0
proxy,R0,10,5,C_new_R0_correct_to_wrong_fraction,8,8,0,0.0,0.0,0.0
proxy,R0,10,5,C_new_R0_wrong_to_correct_fraction,8,8,0,0.0,0.0,0.0
proxy,R0,10,10,A_old_accuracy,8,0,8,,,
proxy,R0,10,10,B0_old_accuracy,8,8,0,0.530324074074074,0.24074074074074076,0.8777777777777777
proxy,R0,10,10,B_old_accuracy,8,8,0,0.530324074074074,0.24074074074074076,0.8777777777777777
proxy,R0,10,10,C_old_columns_accuracy,8,8,0,0.5435185185185184,0.28703703703703703,0.874074074074074
proxy,R0,10,10,C_old_accuracy,8,8,0,0.43773148148148144,0.15555555555555553,0.7814814814814814
proxy,R0,10,10,C_new_accuracy,8,8,0,0.36930555555555555,0.16444444444444445,0.5899999999999999
proxy,R0,10,10,C_h,8,8,0,0.3906862470650353,0.14374620281602785,0.6697469494351105
proxy,R0,10,10,adaptation_gain_B_minus_A,8,0,8,,,
proxy,R0,10,10,support_adaptation_B_minus_B0,8,8,0,0.0,0.0,0.0
proxy,R0,10,10,old_order_change,8,8,0,-0.013194444444444446,-0.046296296296296294,0.0037037037037037034
proxy,R0,10,10,new_competition_loss,8,8,0,0.10578703703703704,0.07407407407407406,0.13333333333333333
proxy,R0,10,10,total_old_accuracy_drop,8,8,0,0.0925925925925926,0.07037037037037037,0.12037037037037035
proxy,R0,10,10,C_abs_new_old_gap,8,8,0,0.11740740740740743,0.05185185185185185,0.22037037037037038
proxy,R0,10,10,C_new_minus_old,8,8,0,-0.06842592592592592,-0.22037037037037038,0.008888888888888896
proxy,R0,10,10,C_old_minus_R0,8,8,0,0.0,0.0,0.0
proxy,R0,10,10,C_new_minus_R0,8,8,0,0.0,0.0,0.0
proxy,R0,10,10,old_order_recovery_fraction,8,8,0,0.029166666666666664,0.0018518518518518517,0.07222222222222222
proxy,R0,10,10,total_recovery_fraction,8,8,0,0.005324074074074074,0.0,0.012962962962962963
proxy,R0,10,10,old_winner_changed_fraction,8,8,0,0.10324074074074074,0.016666666666666666,0.18703703703703703
proxy,R0,10,10,old_displaced_by_new_fraction,8,8,0,0.3636574074074074,0.14259259259259255,0.587037037037037
proxy,R0,10,10,correctness_B_Cold_C_000,8,8,0,0.4405092592592592,0.12037037037037038,0.6888888888888889
proxy,R0,10,10,correctness_B_Cold_C_100,8,8,0,0.01597222222222222,0.005555555555555555,0.029629629629629627
proxy,R0,10,10,correctness_B_Cold_C_010,8,8,0,0.02384259259259259,0.0018518518518518517,0.059259259259259255
proxy,R0,10,10,correctness_B_Cold_C_110,8,8,0,0.08194444444444444,0.06481481481481481,0.09814814814814814
proxy,R0,10,10,correctness_B_Cold_C_011,8,8,0,0.005324074074074074,0.0,0.012962962962962963
proxy,R0,10,10,correctness_B_Cold_C_111,8,8,0,0.4324074074074074,0.1425925925925926,0.7814814814814814
proxy,R0,10,10,B_old_margin_mean,8,8,0,0.06061340399988212,-0.03965985757263899,0.19699386162502353
proxy,R0,10,10,B_old_margin_minus_R0,8,8,0,0.0,0.0,0.0
proxy,R0,10,10,B_old_winner_changed_from_R0_fraction,8,8,0,0.0,0.0,0.0
proxy,R0,10,10,B_old_R0_correct_to_wrong_fraction,8,8,0,0.0,0.0,0.0
proxy,R0,10,10,B_old_R0_wrong_to_correct_fraction,8,8,0,0.0,0.0,0.0
proxy,R0,10,10,C_old_margin_mean,8,8,0,0.018771128643634,-0.062345697660763456,0.12472264334289399
proxy,R0,10,10,C_old_margin_minus_R0,8,8,0,0.0,0.0,0.0
proxy,R0,10,10,C_old_winner_changed_from_R0_fraction,8,8,0,0.0,0.0,0.0
proxy,R0,10,10,C_old_R0_correct_to_wrong_fraction,8,8,0,0.0,0.0,0.0
proxy,R0,10,10,C_old_R0_wrong_to_correct_fraction,8,8,0,0.0,0.0,0.0
proxy,R0,10,10,C_new_margin_mean,8,8,0,-0.020366204931325044,-0.07896743186216655,0.044069542000897646
proxy,R0,10,10,C_new_margin_minus_R0,8,8,0,0.0,0.0,0.0
proxy,R0,10,10,C_new_winner_changed_from_R0_fraction,8,8,0,0.0,0.0,0.0
proxy,R0,10,10,C_new_R0_correct_to_wrong_fraction,8,8,0,0.0,0.0,0.0
proxy,R0,10,10,C_new_R0_wrong_to_correct_fraction,8,8,0,0.0,0.0,0.0
proxy,R0,10,20,A_old_accuracy,8,0,8,,,
proxy,R0,10,20,B0_old_accuracy,8,8,0,0.530324074074074,0.24074074074074076,0.8777777777777777
proxy,R0,10,20,B_old_accuracy,8,8,0,0.530324074074074,0.24074074074074076,0.8777777777777777
proxy,R0,10,20,C_old_columns_accuracy,8,8,0,0.545138888888889,0.2814814814814815,0.875925925925926
proxy,R0,10,20,C_old_accuracy,8,8,0,0.3969907407407407,0.10925925925925925,0.7462962962962962
proxy,R0,10,20,C_new_accuracy,8,8,0,0.3246527777777778,0.1522222222222222,0.495
proxy,R0,10,20,C_h,8,8,0,0.34548004051050535,0.12568987030308312,0.5903705758053952
proxy,R0,10,20,adaptation_gain_B_minus_A,8,0,8,,,
proxy,R0,10,20,support_adaptation_B_minus_B0,8,8,0,0.0,0.0,0.0
proxy,R0,10,20,old_order_change,8,8,0,-0.014814814814814814,-0.046296296296296294,0.0037037037037037034
proxy,R0,10,20,new_competition_loss,8,8,0,0.14814814814814814,0.1074074074074074,0.17777777777777776
proxy,R0,10,20,total_old_accuracy_drop,8,8,0,0.13333333333333333,0.11111111111111112,0.14629629629629629
proxy,R0,10,20,C_abs_new_old_gap,8,8,0,0.13284722222222223,0.03481481481481481,0.2762962962962964
proxy,R0,10,20,C_new_minus_old,8,8,0,-0.07233796296296295,-0.2762962962962964,0.048518518518518516
proxy,R0,10,20,C_old_minus_R0,8,8,0,0.0,0.0,0.0
proxy,R0,10,20,C_new_minus_R0,8,8,0,0.0,0.0,0.0
proxy,R0,10,20,old_order_recovery_fraction,8,8,0,0.03217592592592593,0.0037037037037037034,0.06851851851851853
proxy,R0,10,20,total_recovery_fraction,8,8,0,0.003935185185185186,0.0,0.009259259259259259
proxy,R0,10,20,old_winner_changed_fraction,8,8,0,0.11157407407407408,0.016666666666666666,0.20185185185185187
proxy,R0,10,20,old_displaced_by_new_fraction,8,8,0,0.4805555555555556,0.18518518518518517,0.712962962962963
proxy,R0,10,20,correctness_B_Cold_C_000,8,8,0,0.43750000000000006,0.11851851851851851,0.6907407407407407
proxy,R0,10,20,correctness_B_Cold_C_100,8,8,0,0.01736111111111111,0.005555555555555555,0.04074074074074074
proxy,R0,10,20,correctness_B_Cold_C_010,8,8,0,0.02824074074074074,0.0037037037037037034,0.06296296296296297
proxy,R0,10,20,correctness_B_Cold_C_110,8,8,0,0.1199074074074074,0.1037037037037037,0.13888888888888887
proxy,R0,10,20,correctness_B_Cold_C_011,8,8,0,0.003935185185185186,0.0,0.009259259259259259
proxy,R0,10,20,correctness_B_Cold_C_111,8,8,0,0.39305555555555555,0.1037037037037037,0.7462962962962962
proxy,R0,10,20,B_old_margin_mean,8,8,0,0.06061340399988212,-0.03965985757263899,0.19699386162502353
proxy,R0,10,20,B_old_margin_minus_R0,8,8,0,0.0,0.0,0.0
proxy,R0,10,20,B_old_winner_changed_from_R0_fraction,8,8,0,0.0,0.0,0.0
proxy,R0,10,20,B_old_R0_correct_to_wrong_fraction,8,8,0,0.0,0.0,0.0
proxy,R0,10,20,B_old_R0_wrong_to_correct_fraction,8,8,0,0.0,0.0,0.0
proxy,R0,10,20,C_old_margin_mean,8,8,0,0.007651357767243223,-0.07018192484926525,0.11123648363764385
proxy,R0,10,20,C_old_margin_minus_R0,8,8,0,0.0,0.0,0.0
proxy,R0,10,20,C_old_winner_changed_from_R0_fraction,8,8,0,0.0,0.0,0.0
proxy,R0,10,20,C_old_R0_correct_to_wrong_fraction,8,8,0,0.0,0.0,0.0
proxy,R0,10,20,C_old_R0_wrong_to_correct_fraction,8,8,0,0.0,0.0,0.0
proxy,R0,10,20,C_new_margin_mean,8,8,0,-0.02809035123953787,-0.07690044479670818,0.018044292343959288
proxy,R0,10,20,C_new_margin_minus_R0,8,8,0,0.0,0.0,0.0
proxy,R0,10,20,C_new_winner_changed_from_R0_fraction,8,8,0,0.0,0.0,0.0
proxy,R0,10,20,C_new_R0_correct_to_wrong_fraction,8,8,0,0.0,0.0,0.0
proxy,R0,10,20,C_new_R0_wrong_to_correct_fraction,8,8,0,0.0,0.0,0.0
proxy,R0,20,0,A_old_accuracy,8,0,8,,,
proxy,R0,20,0,B0_old_accuracy,8,8,0,0.5247258771929825,0.25526315789473686,0.8495614035087721
proxy,R0,20,0,B_old_accuracy,8,8,0,0.5247258771929825,0.25526315789473686,0.8495614035087721
proxy,R0,20,0,C_old_columns_accuracy,8,8,0,0.5247258771929825,0.25526315789473686,0.8495614035087721
proxy,R0,20,0,C_old_accuracy,8,8,0,0.5247258771929825,0.25526315789473686,0.8495614035087721
proxy,R0,20,0,C_new_accuracy,8,0,8,,,
proxy,R0,20,0,C_h,8,0,8,,,
proxy,R0,20,0,adaptation_gain_B_minus_A,8,0,8,,,
proxy,R0,20,0,support_adaptation_B_minus_B0,8,8,0,0.0,0.0,0.0
proxy,R0,20,0,old_order_change,8,8,0,0.0,0.0,0.0
proxy,R0,20,0,new_competition_loss,8,8,0,0.0,0.0,0.0
proxy,R0,20,0,total_old_accuracy_drop,8,8,0,0.0,0.0,0.0
proxy,R0,20,0,C_abs_new_old_gap,8,0,8,,,
proxy,R0,20,0,C_new_minus_old,8,0,8,,,
proxy,R0,20,0,C_old_minus_R0,8,8,0,0.0,0.0,0.0
proxy,R0,20,0,C_new_minus_R0,8,0,8,,,
proxy,R0,20,0,old_order_recovery_fraction,8,8,0,0.0,0.0,0.0
proxy,R0,20,0,total_recovery_fraction,8,8,0,0.0,0.0,0.0
proxy,R0,20,0,old_winner_changed_fraction,8,8,0,0.0,0.0,0.0
proxy,R0,20,0,old_displaced_by_new_fraction,8,8,0,0.0,0.0,0.0
proxy,R0,20,0,correctness_B_Cold_C_000,8,8,0,0.4752741228070176,0.1504385964912281,0.7447368421052633
proxy,R0,20,0,correctness_B_Cold_C_100,8,8,0,0.0,0.0,0.0
proxy,R0,20,0,correctness_B_Cold_C_010,8,8,0,0.0,0.0,0.0
proxy,R0,20,0,correctness_B_Cold_C_110,8,8,0,0.0,0.0,0.0
proxy,R0,20,0,correctness_B_Cold_C_011,8,8,0,0.0,0.0,0.0
proxy,R0,20,0,correctness_B_Cold_C_111,8,8,0,0.5247258771929825,0.25526315789473686,0.8495614035087721
proxy,R0,20,0,B_old_margin_mean,8,8,0,0.053247157502573174,-0.04272500381752698,0.18410890533566585
proxy,R0,20,0,B_old_margin_minus_R0,8,8,0,0.0,0.0,0.0
proxy,R0,20,0,B_old_winner_changed_from_R0_fraction,8,8,0,0.0,0.0,0.0
proxy,R0,20,0,B_old_R0_correct_to_wrong_fraction,8,8,0,0.0,0.0,0.0
proxy,R0,20,0,B_old_R0_wrong_to_correct_fraction,8,8,0,0.0,0.0,0.0
proxy,R0,20,0,C_old_margin_mean,8,8,0,0.053247157502573174,-0.04272500381752698,0.18410890533566585
proxy,R0,20,0,C_old_margin_minus_R0,8,8,0,0.0,0.0,0.0
proxy,R0,20,0,C_old_winner_changed_from_R0_fraction,8,8,0,0.0,0.0,0.0
proxy,R0,20,0,C_old_R0_correct_to_wrong_fraction,8,8,0,0.0,0.0,0.0
proxy,R0,20,0,C_old_R0_wrong_to_correct_fraction,8,8,0,0.0,0.0,0.0
proxy,R0,20,0,C_new_margin_mean,8,0,8,,,
proxy,R0,20,0,C_new_margin_minus_R0,8,0,8,,,
proxy,R0,20,0,C_new_winner_changed_from_R0_fraction,8,0,8,,,
proxy,R0,20,0,C_new_R0_correct_to_wrong_fraction,8,0,8,,,
proxy,R0,20,0,C_new_R0_wrong_to_correct_fraction,8,0,8,,,
proxy,R0,20,2,A_old_accuracy,8,0,8,,,
proxy,R0,20,2,B0_old_accuracy,8,8,0,0.5247258771929825,0.25526315789473686,0.8495614035087721
proxy,R0,20,2,B_old_accuracy,8,8,0,0.5247258771929825,0.25526315789473686,0.8495614035087721
proxy,R0,20,2,C_old_columns_accuracy,8,8,0,0.5260964912280702,0.26228070175438595,0.8469298245614036
proxy,R0,20,2,C_old_accuracy,8,8,0,0.4964364035087719,0.21052631578947373,0.8385964912280702
proxy,R0,20,2,C_new_accuracy,8,8,0,0.2898026315789474,0.1789473684210526,0.5618421052631579
proxy,R0,20,2,C_h,8,8,0,0.3307844409643334,0.17046219130455575,0.6017454874960155
proxy,R0,20,2,adaptation_gain_B_minus_A,8,0,8,,,
proxy,R0,20,2,support_adaptation_B_minus_B0,8,8,0,0.0,0.0,0.0
proxy,R0,20,2,old_order_change,8,8,0,-0.0013706140350877194,-0.007017543859649122,0.004824561403508771
proxy,R0,20,2,new_competition_loss,8,8,0,0.029660087719298244,0.008333333333333333,0.055263157894736833
proxy,R0,20,2,total_old_accuracy_drop,8,8,0,0.028289473684210528,0.010087719298245614,0.05263157894736843
proxy,R0,20,2,C_abs_new_old_gap,8,8,0,0.253234649122807,0.11140350877192981,0.6109649122807018
proxy,R0,20,2,C_new_minus_old,8,8,0,-0.20663377192982454,-0.6109649122807018,-0.025877192982456144
proxy,R0,20,2,C_old_minus_R0,8,8,0,0.0,0.0,0.0
proxy,R0,20,2,C_new_minus_R0,8,8,0,0.0,0.0,0.0
proxy,R0,20,2,old_order_recovery_fraction,8,8,0,0.014418859649122805,0.003947368421052632,0.026754385964912288
proxy,R0,20,2,total_recovery_fraction,8,8,0,0.008442982456140351,0.0030701754385964912,0.012719298245614036
proxy,R0,20,2,old_winner_changed_fraction,8,8,0,0.07017543859649124,0.018859649122807014,0.1192982456140351
proxy,R0,20,2,old_displaced_by_new_fraction,8,8,0,0.14287280701754385,0.018421052631578946,0.26973684210526316
proxy,R0,20,2,correctness_B_Cold_C_000,8,8,0,0.46085526315789477,0.1464912280701754,0.717982456140351
proxy,R0,20,2,correctness_B_Cold_C_100,8,8,0,0.013048245614035085,0.006578947368421052,0.019736842105263157
proxy,R0,20,2,correctness_B_Cold_C_010,8,8,0,0.005975877192982456,0.00043859649122807013,0.015350877192982459
proxy,R0,20,2,correctness_B_Cold_C_110,8,8,0,0.023684210526315787,0.007894736842105263,0.04342105263157895
proxy,R0,20,2,correctness_B_Cold_C_011,8,8,0,0.008442982456140351,0.0030701754385964912,0.012719298245614036
proxy,R0,20,2,correctness_B_Cold_C_111,8,8,0,0.4879934210526316,0.19912280701754387,0.8350877192982455
proxy,R0,20,2,B_old_margin_mean,8,8,0,0.053247157502573174,-0.04272500381752698,0.18410890533566585
proxy,R0,20,2,B_old_margin_minus_R0,8,8,0,0.0,0.0,0.0
proxy,R0,20,2,B_old_winner_changed_from_R0_fraction,8,8,0,0.0,0.0,0.0
proxy,R0,20,2,B_old_R0_correct_to_wrong_fraction,8,8,0,0.0,0.0,0.0
proxy,R0,20,2,B_old_R0_wrong_to_correct_fraction,8,8,0,0.0,0.0,0.0
proxy,R0,20,2,C_old_margin_mean,8,8,0,0.03674574507490099,-0.05193251289124199,0.16019508534641141
proxy,R0,20,2,C_old_margin_minus_R0,8,8,0,0.0,0.0,0.0
proxy,R0,20,2,C_old_winner_changed_from_R0_fraction,8,8,0,0.0,0.0,0.0
proxy,R0,20,2,C_old_R0_correct_to_wrong_fraction,8,8,0,0.0,0.0,0.0
proxy,R0,20,2,C_old_R0_wrong_to_correct_fraction,8,8,0,0.0,0.0,0.0
proxy,R0,20,2,C_new_margin_mean,8,8,0,-0.044993727511680966,-0.08530952982024266,0.03754702828518
proxy,R0,20,2,C_new_margin_minus_R0,8,8,0,0.0,0.0,0.0
proxy,R0,20,2,C_new_winner_changed_from_R0_fraction,8,8,0,0.0,0.0,0.0
proxy,R0,20,2,C_new_R0_correct_to_wrong_fraction,8,8,0,0.0,0.0,0.0
proxy,R0,20,2,C_new_R0_wrong_to_correct_fraction,8,8,0,0.0,0.0,0.0
proxy,R0,20,5,A_old_accuracy,8,0,8,,,
proxy,R0,20,5,B0_old_accuracy,8,8,0,0.5247258771929825,0.25526315789473686,0.8495614035087721
proxy,R0,20,5,B_old_accuracy,8,8,0,0.5247258771929825,0.25526315789473686,0.8495614035087721
proxy,R0,20,5,C_old_columns_accuracy,8,8,0,0.5293859649122807,0.26140350877192986,0.849561403508772
proxy,R0,20,5,C_old_accuracy,8,8,0,0.4548245614035088,0.18464912280701756,0.7807017543859649
proxy,R0,20,5,C_new_accuracy,8,8,0,0.37052631578947376,0.1610526315789474,0.6157894736842107
proxy,R0,20,5,C_h,8,8,0,0.3959780713312625,0.15545857663619495,0.6559729951220279
proxy,R0,20,5,adaptation_gain_B_minus_A,8,0,8,,,
proxy,R0,20,5,support_adaptation_B_minus_B0,8,8,0,0.0,0.0,0.0
proxy,R0,20,5,old_order_change,8,8,0,-0.0046600877192982445,-0.013596491228070173,0.004824561403508771
proxy,R0,20,5,new_competition_loss,8,8,0,0.07456140350877193,0.05614035087719298,0.08289473684210527
proxy,R0,20,5,total_old_accuracy_drop,8,8,0,0.06990131578947367,0.051315789473684204,0.08771929824561403
proxy,R0,20,5,C_abs_new_old_gap,8,8,0,0.12357456140350875,0.07833333333333332,0.2398245614035087
proxy,R0,20,5,C_new_minus_old,8,8,0,-0.08429824561403507,-0.2398245614035087,-0.010087719298245621
proxy,R0,20,5,C_old_minus_R0,8,8,0,0.0,0.0,0.0
proxy,R0,20,5,C_new_minus_R0,8,8,0,0.0,0.0,0.0
proxy,R0,20,5,old_order_recovery_fraction,8,8,0,0.020120614035087712,0.0043859649122807015,0.030701754385964907
proxy,R0,20,5,total_recovery_fraction,8,8,0,0.008004385964912281,0.002631578947368421,0.014473684210526316
proxy,R0,20,5,old_winner_changed_fraction,8,8,0,0.09057017543859648,0.02149122807017544,0.14342105263157895
proxy,R0,20,5,old_displaced_by_new_fraction,8,8,0,0.25663377192982456,0.09517543859649122,0.4118421052631579
proxy,R0,20,5,correctness_B_Cold_C_000,8,8,0,0.45515350877192984,0.14473684210526316,0.7140350877192982
proxy,R0,20,5,correctness_B_Cold_C_100,8,8,0,0.015460526315789473,0.005701754385964912,0.02456140350877193
proxy,R0,20,5,correctness_B_Cold_C_010,8,8,0,0.012116228070175435,0.0017543859649122805,0.02192982456140351
proxy,R0,20,5,correctness_B_Cold_C_110,8,8,0,0.06244517543859649,0.05131578947368422,0.08114035087719298
proxy,R0,20,5,correctness_B_Cold_C_011,8,8,0,0.008004385964912281,0.002631578947368421,0.014473684210526316
proxy,R0,20,5,correctness_B_Cold_C_111,8,8,0,0.4468201754385964,0.1758771929824561,0.7776315789473683
proxy,R0,20,5,B_old_margin_mean,8,8,0,0.053247157502573174,-0.04272500381752698,0.18410890533566585
proxy,R0,20,5,B_old_margin_minus_R0,8,8,0,0.0,0.0,0.0
proxy,R0,20,5,B_old_winner_changed_from_R0_fraction,8,8,0,0.0,0.0,0.0
proxy,R0,20,5,B_old_R0_correct_to_wrong_fraction,8,8,0,0.0,0.0,0.0
proxy,R0,20,5,B_old_R0_wrong_to_correct_fraction,8,8,0,0.0,0.0,0.0
proxy,R0,20,5,C_old_margin_mean,8,8,0,0.019806927585284715,-0.05986130760445133,0.1229302632835988
proxy,R0,20,5,C_old_margin_minus_R0,8,8,0,0.0,0.0,0.0
proxy,R0,20,5,C_old_winner_changed_from_R0_fraction,8,8,0,0.0,0.0,0.0
proxy,R0,20,5,C_old_R0_correct_to_wrong_fraction,8,8,0,0.0,0.0,0.0
proxy,R0,20,5,C_old_R0_wrong_to_correct_fraction,8,8,0,0.0,0.0,0.0
proxy,R0,20,5,C_new_margin_mean,8,8,0,-0.023224736945277144,-0.08806551081693273,0.04374460736826478
proxy,R0,20,5,C_new_margin_minus_R0,8,8,0,0.0,0.0,0.0
proxy,R0,20,5,C_new_winner_changed_from_R0_fraction,8,8,0,0.0,0.0,0.0
proxy,R0,20,5,C_new_R0_correct_to_wrong_fraction,8,8,0,0.0,0.0,0.0
proxy,R0,20,5,C_new_R0_wrong_to_correct_fraction,8,8,0,0.0,0.0,0.0
proxy,R0,20,10,A_old_accuracy,8,0,8,,,
proxy,R0,20,10,B0_old_accuracy,8,8,0,0.5247258771929825,0.25526315789473686,0.8495614035087721
proxy,R0,20,10,B_old_accuracy,8,8,0,0.5247258771929825,0.25526315789473686,0.8495614035087721
proxy,R0,20,10,C_old_columns_accuracy,8,8,0,0.5291666666666668,0.2679824561403509,0.8473684210526317
proxy,R0,20,10,C_old_accuracy,8,8,0,0.41633771929824565,0.1530701754385965,0.7368421052631577
proxy,R0,20,10,C_new_accuracy,8,8,0,0.3608881578947368,0.16236842105263158,0.5897368421052631
proxy,R0,20,10,C_h,8,8,0,0.376857602104404,0.14333664005549043,0.6182873113249728
proxy,R0,20,10,adaptation_gain_B_minus_A,8,0,8,,,
proxy,R0,20,10,support_adaptation_B_minus_B0,8,8,0,0.0,0.0,0.0
proxy,R0,20,10,old_order_change,8,8,0,-0.0044407894736842105,-0.013596491228070173,0.008771929824561403
proxy,R0,20,10,new_competition_loss,8,8,0,0.11282894736842107,0.07763157894736841,0.13157894736842107
proxy,R0,20,10,total_old_accuracy_drop,8,8,0,0.10838815789473683,0.07587719298245614,0.14035087719298245
proxy,R0,20,10,C_abs_new_old_gap,8,8,0,0.10398026315789474,0.06412280701754387,0.20271929824561402
proxy,R0,20,10,C_new_minus_old,8,8,0,-0.05544956140350876,-0.20114035087719295,0.01833333333333334
proxy,R0,20,10,C_old_minus_R0,8,8,0,0.0,0.0,0.0
proxy,R0,20,10,C_new_minus_R0,8,8,0,0.0,0.0,0.0
proxy,R0,20,10,old_order_recovery_fraction,8,8,0,0.023574561403508772,0.0043859649122807015,0.04298245614035087
proxy,R0,20,10,total_recovery_fraction,8,8,0,0.0060855263157894735,0.0008771929824561403,0.010087719298245614
proxy,R0,20,10,old_winner_changed_fraction,8,8,0,0.10487938596491228,0.030263157894736846,0.18333333333333335
proxy,R0,20,10,old_displaced_by_new_fraction,8,8,0,0.38179824561403514,0.18859649122807018,0.5657894736842104
proxy,R0,20,10,correctness_B_Cold_C_000,8,8,0,0.45169956140350875,0.1429824561403509,0.7026315789473683
proxy,R0,20,10,correctness_B_Cold_C_100,8,8,0,0.019133771929824562,0.009649122807017543,0.029385964912280703
proxy,R0,20,10,correctness_B_Cold_C_010,8,8,0,0.017489035087719297,0.003508771929824561,0.03640350877192982
proxy,R0,20,10,correctness_B_Cold_C_110,8,8,0,0.09533991228070174,0.07280701754385964,0.1280701754385965
proxy,R0,20,10,correctness_B_Cold_C_011,8,8,0,0.0060855263157894735,0.0008771929824561403,0.010087719298245614
proxy,R0,20,10,correctness_B_Cold_C_111,8,8,0,0.41025219298245613,0.14649122807017545,0.7342105263157894
proxy,R0,20,10,B_old_margin_mean,8,8,0,0.053247157502573174,-0.04272500381752698,0.18410890533566585
proxy,R0,20,10,B_old_margin_minus_R0,8,8,0,0.0,0.0,0.0
proxy,R0,20,10,B_old_winner_changed_from_R0_fraction,8,8,0,0.0,0.0,0.0
proxy,R0,20,10,B_old_R0_correct_to_wrong_fraction,8,8,0,0.0,0.0,0.0
proxy,R0,20,10,B_old_R0_wrong_to_correct_fraction,8,8,0,0.0,0.0,0.0
proxy,R0,20,10,C_old_margin_mean,8,8,0,0.009623682218077067,-0.06876200292117754,0.11252908155257368
proxy,R0,20,10,C_old_margin_minus_R0,8,8,0,0.0,0.0,0.0
proxy,R0,20,10,C_old_winner_changed_from_R0_fraction,8,8,0,0.0,0.0,0.0
proxy,R0,20,10,C_old_R0_correct_to_wrong_fraction,8,8,0,0.0,0.0,0.0
proxy,R0,20,10,C_old_R0_wrong_to_correct_fraction,8,8,0,0.0,0.0,0.0
proxy,R0,20,10,C_new_margin_mean,8,8,0,-0.019482932195258262,-0.07228708314045867,0.03518411189781524
proxy,R0,20,10,C_new_margin_minus_R0,8,8,0,0.0,0.0,0.0
proxy,R0,20,10,C_new_winner_changed_from_R0_fraction,8,8,0,0.0,0.0,0.0
proxy,R0,20,10,C_new_R0_correct_to_wrong_fraction,8,8,0,0.0,0.0,0.0
proxy,R0,20,10,C_new_R0_wrong_to_correct_fraction,8,8,0,0.0,0.0,0.0
proxy,R0,20,20,A_old_accuracy,8,0,8,,,
proxy,R0,20,20,B0_old_accuracy,8,8,0,0.5247258771929825,0.25526315789473686,0.8495614035087721
proxy,R0,20,20,B_old_accuracy,8,8,0,0.5247258771929825,0.25526315789473686,0.8495614035087721
proxy,R0,20,20,C_old_columns_accuracy,8,8,0,0.5342105263157895,0.27324561403508774,0.8478070175438598
proxy,R0,20,20,C_old_accuracy,8,8,0,0.3807017543859648,0.11798245614035088,0.7087719298245613
proxy,R0,20,20,C_new_accuracy,8,8,0,0.32388157894736846,0.1386842105263158,0.5132894736842107
proxy,R0,20,20,C_h,8,8,0,0.3416673491582608,0.12059738077400735,0.5741620101660129
proxy,R0,20,20,adaptation_gain_B_minus_A,8,0,8,,,
proxy,R0,20,20,support_adaptation_B_minus_B0,8,8,0,0.0,0.0,0.0
proxy,R0,20,20,old_order_change,8,8,0,-0.009484649122807016,-0.025438596491228066,0.008333333333333333
proxy,R0,20,20,new_competition_loss,8,8,0,0.15350877192982457,0.1333333333333333,0.16315789473684209
proxy,R0,20,20,total_old_accuracy_drop,8,8,0,0.14402412280701754,0.13114035087719295,0.16184210526315787
proxy,R0,20,20,C_abs_new_old_gap,8,8,0,0.1017434210526316,0.0537719298245614,0.22223684210526318
proxy,R0,20,20,C_new_minus_old,8,8,0,-0.05682017543859649,-0.22206140350877193,0.021754385964912287
proxy,R0,20,20,C_old_minus_R0,8,8,0,0.0,0.0,0.0
proxy,R0,20,20,C_new_minus_R0,8,8,0,0.0,0.0,0.0
proxy,R0,20,20,old_order_recovery_fraction,8,8,0,0.03163377192982456,0.007017543859649122,0.04912280701754386
proxy,R0,20,20,total_recovery_fraction,8,8,0,0.0037828947368421057,0.0,0.009210526315789473
proxy,R0,20,20,old_winner_changed_fraction,8,8,0,0.128125,0.03991228070175438,0.2100877192982456
proxy,R0,20,20,old_displaced_by_new_fraction,8,8,0,0.48421052631578954,0.2307017543859649,0.7092105263157895
proxy,R0,20,20,correctness_B_Cold_C_000,8,8,0,0.443640350877193,0.13947368421052633,0.6956140350877192
proxy,R0,20,20,correctness_B_Cold_C_100,8,8,0,0.022149122807017547,0.012719298245614036,0.03114035087719298
proxy,R0,20,20,correctness_B_Cold_C_010,8,8,0,0.02785087719298246,0.007017543859649122,0.046052631578947366
proxy,R0,20,20,correctness_B_Cold_C_110,8,8,0,0.1256578947368421,0.1092105263157895,0.14649122807017542
proxy,R0,20,20,correctness_B_Cold_C_011,8,8,0,0.0037828947368421057,0.0,0.009210526315789473
proxy,R0,20,20,correctness_B_Cold_C_111,8,8,0,0.37691885964912275,0.11491228070175437,0.707456140350877
proxy,R0,20,20,B_old_margin_mean,8,8,0,0.053247157502573174,-0.04272500381752698,0.18410890533566585
proxy,R0,20,20,B_old_margin_minus_R0,8,8,0,0.0,0.0,0.0
proxy,R0,20,20,B_old_winner_changed_from_R0_fraction,8,8,0,0.0,0.0,0.0
proxy,R0,20,20,B_old_R0_correct_to_wrong_fraction,8,8,0,0.0,0.0,0.0
proxy,R0,20,20,B_old_R0_wrong_to_correct_fraction,8,8,0,0.0,0.0,0.0
proxy,R0,20,20,C_old_margin_mean,8,8,0,0.0007085607161213033,-0.0720939790049542,0.10056360738435335
proxy,R0,20,20,C_old_margin_minus_R0,8,8,0,0.0,0.0,0.0
proxy,R0,20,20,C_old_winner_changed_from_R0_fraction,8,8,0,0.0,0.0,0.0
proxy,R0,20,20,C_old_R0_correct_to_wrong_fraction,8,8,0,0.0,0.0,0.0
proxy,R0,20,20,C_old_R0_wrong_to_correct_fraction,8,8,0,0.0,0.0,0.0
proxy,R0,20,20,C_new_margin_mean,8,8,0,-0.025633852428248595,-0.07432682554276712,0.021006078194618128
proxy,R0,20,20,C_new_margin_minus_R0,8,8,0,0.0,0.0,0.0
proxy,R0,20,20,C_new_winner_changed_from_R0_fraction,8,8,0,0.0,0.0,0.0
proxy,R0,20,20,C_new_R0_correct_to_wrong_fraction,8,8,0,0.0,0.0,0.0
proxy,R0,20,20,C_new_R0_wrong_to_correct_fraction,8,8,0,0.0,0.0,0.0
proxy,R_MC_reset_init,1,0,A_old_accuracy,8,0,8,,,
proxy,R_MC_reset_init,1,0,B0_old_accuracy,8,0,8,,,
proxy,R_MC_reset_init,1,0,B_old_accuracy,8,0,8,,,
proxy,R_MC_reset_init,1,0,C_old_columns_accuracy,8,0,8,,,
proxy,R_MC_reset_init,1,0,C_old_accuracy,8,0,8,,,
proxy,R_MC_reset_init,1,0,C_new_accuracy,8,0,8,,,
proxy,R_MC_reset_init,1,0,C_h,8,0,8,,,
proxy,R_MC_reset_init,1,0,adaptation_gain_B_minus_A,8,0,8,,,
proxy,R_MC_reset_init,1,0,support_adaptation_B_minus_B0,8,0,8,,,
proxy,R_MC_reset_init,1,0,old_order_change,8,0,8,,,
proxy,R_MC_reset_init,1,0,new_competition_loss,8,0,8,,,
proxy,R_MC_reset_init,1,0,total_old_accuracy_drop,8,0,8,,,
proxy,R_MC_reset_init,1,0,C_abs_new_old_gap,8,0,8,,,
proxy,R_MC_reset_init,1,0,C_new_minus_old,8,0,8,,,
proxy,R_MC_reset_init,1,0,C_old_minus_R0,8,0,8,,,
proxy,R_MC_reset_init,1,0,C_new_minus_R0,8,0,8,,,
proxy,R_MC_reset_init,1,0,old_order_recovery_fraction,8,0,8,,,
proxy,R_MC_reset_init,1,0,total_recovery_fraction,8,0,8,,,
proxy,R_MC_reset_init,1,0,old_winner_changed_fraction,8,0,8,,,
proxy,R_MC_reset_init,1,0,old_displaced_by_new_fraction,8,0,8,,,
proxy,R_MC_reset_init,1,0,correctness_B_Cold_C_000,8,0,8,,,
proxy,R_MC_reset_init,1,0,correctness_B_Cold_C_100,8,0,8,,,
proxy,R_MC_reset_init,1,0,correctness_B_Cold_C_010,8,0,8,,,
proxy,R_MC_reset_init,1,0,correctness_B_Cold_C_110,8,0,8,,,
proxy,R_MC_reset_init,1,0,correctness_B_Cold_C_011,8,0,8,,,
proxy,R_MC_reset_init,1,0,correctness_B_Cold_C_111,8,0,8,,,
proxy,R_MC_reset_init,1,0,B_old_margin_mean,8,0,8,,,
proxy,R_MC_reset_init,1,0,B_old_margin_minus_R0,8,0,8,,,
proxy,R_MC_reset_init,1,0,B_old_winner_changed_from_R0_fraction,8,0,8,,,
proxy,R_MC_reset_init,1,0,B_old_R0_correct_to_wrong_fraction,8,0,8,,,
proxy,R_MC_reset_init,1,0,B_old_R0_wrong_to_correct_fraction,8,0,8,,,
proxy,R_MC_reset_init,1,0,C_old_margin_mean,8,0,8,,,
proxy,R_MC_reset_init,1,0,C_old_margin_minus_R0,8,0,8,,,
proxy,R_MC_reset_init,1,0,C_old_winner_changed_from_R0_fraction,8,0,8,,,
proxy,R_MC_reset_init,1,0,C_old_R0_correct_to_wrong_fraction,8,0,8,,,
proxy,R_MC_reset_init,1,0,C_old_R0_wrong_to_correct_fraction,8,0,8,,,
proxy,R_MC_reset_init,1,0,C_new_margin_mean,8,0,8,,,
proxy,R_MC_reset_init,1,0,C_new_margin_minus_R0,8,0,8,,,
proxy,R_MC_reset_init,1,0,C_new_winner_changed_from_R0_fraction,8,0,8,,,
proxy,R_MC_reset_init,1,0,C_new_R0_correct_to_wrong_fraction,8,0,8,,,
proxy,R_MC_reset_init,1,0,C_new_R0_wrong_to_correct_fraction,8,0,8,,,
proxy,R_MC_reset_init,1,2,A_old_accuracy,8,0,8,,,
proxy,R_MC_reset_init,1,2,B0_old_accuracy,8,0,8,,,
proxy,R_MC_reset_init,1,2,B_old_accuracy,8,0,8,,,
proxy,R_MC_reset_init,1,2,C_old_columns_accuracy,8,0,8,,,
proxy,R_MC_reset_init,1,2,C_old_accuracy,8,0,8,,,
proxy,R_MC_reset_init,1,2,C_new_accuracy,8,0,8,,,
proxy,R_MC_reset_init,1,2,C_h,8,0,8,,,
proxy,R_MC_reset_init,1,2,adaptation_gain_B_minus_A,8,0,8,,,
proxy,R_MC_reset_init,1,2,support_adaptation_B_minus_B0,8,0,8,,,
proxy,R_MC_reset_init,1,2,old_order_change,8,0,8,,,
proxy,R_MC_reset_init,1,2,new_competition_loss,8,0,8,,,
proxy,R_MC_reset_init,1,2,total_old_accuracy_drop,8,0,8,,,
proxy,R_MC_reset_init,1,2,C_abs_new_old_gap,8,0,8,,,
proxy,R_MC_reset_init,1,2,C_new_minus_old,8,0,8,,,
proxy,R_MC_reset_init,1,2,C_old_minus_R0,8,0,8,,,
proxy,R_MC_reset_init,1,2,C_new_minus_R0,8,0,8,,,
proxy,R_MC_reset_init,1,2,old_order_recovery_fraction,8,0,8,,,
proxy,R_MC_reset_init,1,2,total_recovery_fraction,8,0,8,,,
proxy,R_MC_reset_init,1,2,old_winner_changed_fraction,8,0,8,,,
proxy,R_MC_reset_init,1,2,old_displaced_by_new_fraction,8,0,8,,,
proxy,R_MC_reset_init,1,2,correctness_B_Cold_C_000,8,0,8,,,
proxy,R_MC_reset_init,1,2,correctness_B_Cold_C_100,8,0,8,,,
proxy,R_MC_reset_init,1,2,correctness_B_Cold_C_010,8,0,8,,,
proxy,R_MC_reset_init,1,2,correctness_B_Cold_C_110,8,0,8,,,
proxy,R_MC_reset_init,1,2,correctness_B_Cold_C_011,8,0,8,,,
proxy,R_MC_reset_init,1,2,correctness_B_Cold_C_111,8,0,8,,,
proxy,R_MC_reset_init,1,2,B_old_margin_mean,8,0,8,,,
proxy,R_MC_reset_init,1,2,B_old_margin_minus_R0,8,0,8,,,
proxy,R_MC_reset_init,1,2,B_old_winner_changed_from_R0_fraction,8,0,8,,,
proxy,R_MC_reset_init,1,2,B_old_R0_correct_to_wrong_fraction,8,0,8,,,
proxy,R_MC_reset_init,1,2,B_old_R0_wrong_to_correct_fraction,8,0,8,,,
proxy,R_MC_reset_init,1,2,C_old_margin_mean,8,0,8,,,
proxy,R_MC_reset_init,1,2,C_old_margin_minus_R0,8,0,8,,,
proxy,R_MC_reset_init,1,2,C_old_winner_changed_from_R0_fraction,8,0,8,,,
proxy,R_MC_reset_init,1,2,C_old_R0_correct_to_wrong_fraction,8,0,8,,,
proxy,R_MC_reset_init,1,2,C_old_R0_wrong_to_correct_fraction,8,0,8,,,
proxy,R_MC_reset_init,1,2,C_new_margin_mean,8,0,8,,,
proxy,R_MC_reset_init,1,2,C_new_margin_minus_R0,8,0,8,,,
proxy,R_MC_reset_init,1,2,C_new_winner_changed_from_R0_fraction,8,0,8,,,
proxy,R_MC_reset_init,1,2,C_new_R0_correct_to_wrong_fraction,8,0,8,,,
proxy,R_MC_reset_init,1,2,C_new_R0_wrong_to_correct_fraction,8,0,8,,,
proxy,R_MC_reset_init,1,5,A_old_accuracy,8,0,8,,,
proxy,R_MC_reset_init,1,5,B0_old_accuracy,8,0,8,,,
proxy,R_MC_reset_init,1,5,B_old_accuracy,8,0,8,,,
proxy,R_MC_reset_init,1,5,C_old_columns_accuracy,8,0,8,,,
proxy,R_MC_reset_init,1,5,C_old_accuracy,8,0,8,,,
proxy,R_MC_reset_init,1,5,C_new_accuracy,8,0,8,,,
proxy,R_MC_reset_init,1,5,C_h,8,0,8,,,
proxy,R_MC_reset_init,1,5,adaptation_gain_B_minus_A,8,0,8,,,
proxy,R_MC_reset_init,1,5,support_adaptation_B_minus_B0,8,0,8,,,
proxy,R_MC_reset_init,1,5,old_order_change,8,0,8,,,
proxy,R_MC_reset_init,1,5,new_competition_loss,8,0,8,,,
proxy,R_MC_reset_init,1,5,total_old_accuracy_drop,8,0,8,,,
proxy,R_MC_reset_init,1,5,C_abs_new_old_gap,8,0,8,,,
proxy,R_MC_reset_init,1,5,C_new_minus_old,8,0,8,,,
proxy,R_MC_reset_init,1,5,C_old_minus_R0,8,0,8,,,
proxy,R_MC_reset_init,1,5,C_new_minus_R0,8,0,8,,,
proxy,R_MC_reset_init,1,5,old_order_recovery_fraction,8,0,8,,,
proxy,R_MC_reset_init,1,5,total_recovery_fraction,8,0,8,,,
proxy,R_MC_reset_init,1,5,old_winner_changed_fraction,8,0,8,,,
proxy,R_MC_reset_init,1,5,old_displaced_by_new_fraction,8,0,8,,,
proxy,R_MC_reset_init,1,5,correctness_B_Cold_C_000,8,0,8,,,
proxy,R_MC_reset_init,1,5,correctness_B_Cold_C_100,8,0,8,,,
proxy,R_MC_reset_init,1,5,correctness_B_Cold_C_010,8,0,8,,,
proxy,R_MC_reset_init,1,5,correctness_B_Cold_C_110,8,0,8,,,
proxy,R_MC_reset_init,1,5,correctness_B_Cold_C_011,8,0,8,,,
proxy,R_MC_reset_init,1,5,correctness_B_Cold_C_111,8,0,8,,,
proxy,R_MC_reset_init,1,5,B_old_margin_mean,8,0,8,,,
proxy,R_MC_reset_init,1,5,B_old_margin_minus_R0,8,0,8,,,
proxy,R_MC_reset_init,1,5,B_old_winner_changed_from_R0_fraction,8,0,8,,,
proxy,R_MC_reset_init,1,5,B_old_R0_correct_to_wrong_fraction,8,0,8,,,
proxy,R_MC_reset_init,1,5,B_old_R0_wrong_to_correct_fraction,8,0,8,,,
proxy,R_MC_reset_init,1,5,C_old_margin_mean,8,0,8,,,
proxy,R_MC_reset_init,1,5,C_old_margin_minus_R0,8,0,8,,,
proxy,R_MC_reset_init,1,5,C_old_winner_changed_from_R0_fraction,8,0,8,,,
proxy,R_MC_reset_init,1,5,C_old_R0_correct_to_wrong_fraction,8,0,8,,,
proxy,R_MC_reset_init,1,5,C_old_R0_wrong_to_correct_fraction,8,0,8,,,
proxy,R_MC_reset_init,1,5,C_new_margin_mean,8,0,8,,,
proxy,R_MC_reset_init,1,5,C_new_margin_minus_R0,8,0,8,,,
proxy,R_MC_reset_init,1,5,C_new_winner_changed_from_R0_fraction,8,0,8,,,
proxy,R_MC_reset_init,1,5,C_new_R0_correct_to_wrong_fraction,8,0,8,,,
proxy,R_MC_reset_init,1,5,C_new_R0_wrong_to_correct_fraction,8,0,8,,,
proxy,R_MC_reset_init,1,10,A_old_accuracy,8,0,8,,,
proxy,R_MC_reset_init,1,10,B0_old_accuracy,8,0,8,,,
proxy,R_MC_reset_init,1,10,B_old_accuracy,8,0,8,,,
proxy,R_MC_reset_init,1,10,C_old_columns_accuracy,8,0,8,,,
proxy,R_MC_reset_init,1,10,C_old_accuracy,8,0,8,,,
proxy,R_MC_reset_init,1,10,C_new_accuracy,8,0,8,,,
proxy,R_MC_reset_init,1,10,C_h,8,0,8,,,
proxy,R_MC_reset_init,1,10,adaptation_gain_B_minus_A,8,0,8,,,
proxy,R_MC_reset_init,1,10,support_adaptation_B_minus_B0,8,0,8,,,
proxy,R_MC_reset_init,1,10,old_order_change,8,0,8,,,
proxy,R_MC_reset_init,1,10,new_competition_loss,8,0,8,,,
proxy,R_MC_reset_init,1,10,total_old_accuracy_drop,8,0,8,,,
proxy,R_MC_reset_init,1,10,C_abs_new_old_gap,8,0,8,,,
proxy,R_MC_reset_init,1,10,C_new_minus_old,8,0,8,,,
proxy,R_MC_reset_init,1,10,C_old_minus_R0,8,0,8,,,
proxy,R_MC_reset_init,1,10,C_new_minus_R0,8,0,8,,,
proxy,R_MC_reset_init,1,10,old_order_recovery_fraction,8,0,8,,,
proxy,R_MC_reset_init,1,10,total_recovery_fraction,8,0,8,,,
proxy,R_MC_reset_init,1,10,old_winner_changed_fraction,8,0,8,,,
proxy,R_MC_reset_init,1,10,old_displaced_by_new_fraction,8,0,8,,,
proxy,R_MC_reset_init,1,10,correctness_B_Cold_C_000,8,0,8,,,
proxy,R_MC_reset_init,1,10,correctness_B_Cold_C_100,8,0,8,,,
proxy,R_MC_reset_init,1,10,correctness_B_Cold_C_010,8,0,8,,,
proxy,R_MC_reset_init,1,10,correctness_B_Cold_C_110,8,0,8,,,
proxy,R_MC_reset_init,1,10,correctness_B_Cold_C_011,8,0,8,,,
proxy,R_MC_reset_init,1,10,correctness_B_Cold_C_111,8,0,8,,,
proxy,R_MC_reset_init,1,10,B_old_margin_mean,8,0,8,,,
proxy,R_MC_reset_init,1,10,B_old_margin_minus_R0,8,0,8,,,
proxy,R_MC_reset_init,1,10,B_old_winner_changed_from_R0_fraction,8,0,8,,,
proxy,R_MC_reset_init,1,10,B_old_R0_correct_to_wrong_fraction,8,0,8,,,
proxy,R_MC_reset_init,1,10,B_old_R0_wrong_to_correct_fraction,8,0,8,,,
proxy,R_MC_reset_init,1,10,C_old_margin_mean,8,0,8,,,
proxy,R_MC_reset_init,1,10,C_old_margin_minus_R0,8,0,8,,,
proxy,R_MC_reset_init,1,10,C_old_winner_changed_from_R0_fraction,8,0,8,,,
proxy,R_MC_reset_init,1,10,C_old_R0_correct_to_wrong_fraction,8,0,8,,,
proxy,R_MC_reset_init,1,10,C_old_R0_wrong_to_correct_fraction,8,0,8,,,
proxy,R_MC_reset_init,1,10,C_new_margin_mean,8,0,8,,,
proxy,R_MC_reset_init,1,10,C_new_margin_minus_R0,8,0,8,,,
proxy,R_MC_reset_init,1,10,C_new_winner_changed_from_R0_fraction,8,0,8,,,
proxy,R_MC_reset_init,1,10,C_new_R0_correct_to_wrong_fraction,8,0,8,,,
proxy,R_MC_reset_init,1,10,C_new_R0_wrong_to_correct_fraction,8,0,8,,,
proxy,R_MC_reset_init,1,20,A_old_accuracy,8,0,8,,,
proxy,R_MC_reset_init,1,20,B0_old_accuracy,8,0,8,,,
proxy,R_MC_reset_init,1,20,B_old_accuracy,8,0,8,,,
proxy,R_MC_reset_init,1,20,C_old_columns_accuracy,8,0,8,,,
proxy,R_MC_reset_init,1,20,C_old_accuracy,8,0,8,,,
proxy,R_MC_reset_init,1,20,C_new_accuracy,8,0,8,,,
proxy,R_MC_reset_init,1,20,C_h,8,0,8,,,
proxy,R_MC_reset_init,1,20,adaptation_gain_B_minus_A,8,0,8,,,
proxy,R_MC_reset_init,1,20,support_adaptation_B_minus_B0,8,0,8,,,
proxy,R_MC_reset_init,1,20,old_order_change,8,0,8,,,
proxy,R_MC_reset_init,1,20,new_competition_loss,8,0,8,,,
proxy,R_MC_reset_init,1,20,total_old_accuracy_drop,8,0,8,,,
proxy,R_MC_reset_init,1,20,C_abs_new_old_gap,8,0,8,,,
proxy,R_MC_reset_init,1,20,C_new_minus_old,8,0,8,,,
proxy,R_MC_reset_init,1,20,C_old_minus_R0,8,0,8,,,
proxy,R_MC_reset_init,1,20,C_new_minus_R0,8,0,8,,,
proxy,R_MC_reset_init,1,20,old_order_recovery_fraction,8,0,8,,,
proxy,R_MC_reset_init,1,20,total_recovery_fraction,8,0,8,,,
proxy,R_MC_reset_init,1,20,old_winner_changed_fraction,8,0,8,,,
proxy,R_MC_reset_init,1,20,old_displaced_by_new_fraction,8,0,8,,,
proxy,R_MC_reset_init,1,20,correctness_B_Cold_C_000,8,0,8,,,
proxy,R_MC_reset_init,1,20,correctness_B_Cold_C_100,8,0,8,,,
proxy,R_MC_reset_init,1,20,correctness_B_Cold_C_010,8,0,8,,,
proxy,R_MC_reset_init,1,20,correctness_B_Cold_C_110,8,0,8,,,
proxy,R_MC_reset_init,1,20,correctness_B_Cold_C_011,8,0,8,,,
proxy,R_MC_reset_init,1,20,correctness_B_Cold_C_111,8,0,8,,,
proxy,R_MC_reset_init,1,20,B_old_margin_mean,8,0,8,,,
proxy,R_MC_reset_init,1,20,B_old_margin_minus_R0,8,0,8,,,
proxy,R_MC_reset_init,1,20,B_old_winner_changed_from_R0_fraction,8,0,8,,,
proxy,R_MC_reset_init,1,20,B_old_R0_correct_to_wrong_fraction,8,0,8,,,
proxy,R_MC_reset_init,1,20,B_old_R0_wrong_to_correct_fraction,8,0,8,,,
proxy,R_MC_reset_init,1,20,C_old_margin_mean,8,0,8,,,
proxy,R_MC_reset_init,1,20,C_old_margin_minus_R0,8,0,8,,,
proxy,R_MC_reset_init,1,20,C_old_winner_changed_from_R0_fraction,8,0,8,,,
proxy,R_MC_reset_init,1,20,C_old_R0_correct_to_wrong_fraction,8,0,8,,,
proxy,R_MC_reset_init,1,20,C_old_R0_wrong_to_correct_fraction,8,0,8,,,
proxy,R_MC_reset_init,1,20,C_new_margin_mean,8,0,8,,,
proxy,R_MC_reset_init,1,20,C_new_margin_minus_R0,8,0,8,,,
proxy,R_MC_reset_init,1,20,C_new_winner_changed_from_R0_fraction,8,0,8,,,
proxy,R_MC_reset_init,1,20,C_new_R0_correct_to_wrong_fraction,8,0,8,,,
proxy,R_MC_reset_init,1,20,C_new_R0_wrong_to_correct_fraction,8,0,8,,,
proxy,R_MC_reset_init,5,0,A_old_accuracy,8,0,8,,,
proxy,R_MC_reset_init,5,0,B0_old_accuracy,8,8,0,0.509375,0.19166666666666668,0.9166666666666666
proxy,R_MC_reset_init,5,0,B_old_accuracy,8,8,0,0.509375,0.19166666666666668,0.9166666666666666
proxy,R_MC_reset_init,5,0,C_old_columns_accuracy,8,8,0,0.509375,0.19166666666666668,0.9166666666666666
proxy,R_MC_reset_init,5,0,C_old_accuracy,8,8,0,0.509375,0.19166666666666668,0.9166666666666666
proxy,R_MC_reset_init,5,0,C_new_accuracy,8,0,8,,,
proxy,R_MC_reset_init,5,0,C_h,8,0,8,,,
proxy,R_MC_reset_init,5,0,adaptation_gain_B_minus_A,8,0,8,,,
proxy,R_MC_reset_init,5,0,support_adaptation_B_minus_B0,8,8,0,0.0,0.0,0.0
proxy,R_MC_reset_init,5,0,old_order_change,8,8,0,0.0,0.0,0.0
proxy,R_MC_reset_init,5,0,new_competition_loss,8,8,0,0.0,0.0,0.0
proxy,R_MC_reset_init,5,0,total_old_accuracy_drop,8,8,0,0.0,0.0,0.0
proxy,R_MC_reset_init,5,0,C_abs_new_old_gap,8,0,8,,,
proxy,R_MC_reset_init,5,0,C_new_minus_old,8,0,8,,,
proxy,R_MC_reset_init,5,0,C_old_minus_R0,8,8,0,0.0,0.0,0.0
proxy,R_MC_reset_init,5,0,C_new_minus_R0,8,0,8,,,
proxy,R_MC_reset_init,5,0,old_order_recovery_fraction,8,8,0,0.0,0.0,0.0
proxy,R_MC_reset_init,5,0,total_recovery_fraction,8,8,0,0.0,0.0,0.0
proxy,R_MC_reset_init,5,0,old_winner_changed_fraction,8,8,0,0.0,0.0,0.0
proxy,R_MC_reset_init,5,0,old_displaced_by_new_fraction,8,8,0,0.0,0.0,0.0
proxy,R_MC_reset_init,5,0,correctness_B_Cold_C_000,8,8,0,0.49062500000000003,0.08333333333333334,0.8083333333333333
proxy,R_MC_reset_init,5,0,correctness_B_Cold_C_100,8,8,0,0.0,0.0,0.0
proxy,R_MC_reset_init,5,0,correctness_B_Cold_C_010,8,8,0,0.0,0.0,0.0
proxy,R_MC_reset_init,5,0,correctness_B_Cold_C_110,8,8,0,0.0,0.0,0.0
proxy,R_MC_reset_init,5,0,correctness_B_Cold_C_011,8,8,0,0.0,0.0,0.0
proxy,R_MC_reset_init,5,0,correctness_B_Cold_C_111,8,8,0,0.509375,0.19166666666666668,0.9166666666666666
proxy,R_MC_reset_init,5,0,B_old_margin_mean,8,8,0,0.037532954900847855,-0.0654309618240832,0.1872973884838231
proxy,R_MC_reset_init,5,0,B_old_margin_minus_R0,8,8,0,0.0,0.0,0.0
proxy,R_MC_reset_init,5,0,B_old_winner_changed_from_R0_fraction,8,8,0,0.0,0.0,0.0
proxy,R_MC_reset_init,5,0,B_old_R0_correct_to_wrong_fraction,8,8,0,0.0,0.0,0.0
proxy,R_MC_reset_init,5,0,B_old_R0_wrong_to_correct_fraction,8,8,0,0.0,0.0,0.0
proxy,R_MC_reset_init,5,0,C_old_margin_mean,8,8,0,0.037532954900847855,-0.0654309618240832,0.1872973884838231
proxy,R_MC_reset_init,5,0,C_old_margin_minus_R0,8,8,0,0.0,0.0,0.0
proxy,R_MC_reset_init,5,0,C_old_winner_changed_from_R0_fraction,8,8,0,0.0,0.0,0.0
proxy,R_MC_reset_init,5,0,C_old_R0_correct_to_wrong_fraction,8,8,0,0.0,0.0,0.0
proxy,R_MC_reset_init,5,0,C_old_R0_wrong_to_correct_fraction,8,8,0,0.0,0.0,0.0
proxy,R_MC_reset_init,5,0,C_new_margin_mean,8,0,8,,,
proxy,R_MC_reset_init,5,0,C_new_margin_minus_R0,8,0,8,,,
proxy,R_MC_reset_init,5,0,C_new_winner_changed_from_R0_fraction,8,0,8,,,
proxy,R_MC_reset_init,5,0,C_new_R0_correct_to_wrong_fraction,8,0,8,,,
proxy,R_MC_reset_init,5,0,C_new_R0_wrong_to_correct_fraction,8,0,8,,,
proxy,R_MC_reset_init,5,2,A_old_accuracy,8,0,8,,,
proxy,R_MC_reset_init,5,2,B0_old_accuracy,8,8,0,0.509375,0.19166666666666668,0.9166666666666666
proxy,R_MC_reset_init,5,2,B_old_accuracy,8,8,0,0.509375,0.19166666666666668,0.9166666666666666
proxy,R_MC_reset_init,5,2,C_old_columns_accuracy,8,8,0,0.5166666666666666,0.2,0.9166666666666666
proxy,R_MC_reset_init,5,2,C_old_accuracy,8,8,0,0.49270833333333336,0.18333333333333332,0.9083333333333332
proxy,R_MC_reset_init,5,2,C_new_accuracy,8,8,0,0.33125,0.075,0.75
proxy,R_MC_reset_init,5,2,C_h,8,8,0,0.33342842735870915,0.0931547619047619,0.7061921215505607
proxy,R_MC_reset_init,5,2,adaptation_gain_B_minus_A,8,0,8,,,
proxy,R_MC_reset_init,5,2,support_adaptation_B_minus_B0,8,8,0,0.0,0.0,0.0
proxy,R_MC_reset_init,5,2,old_order_change,8,8,0,-0.007291666666666667,-0.03333333333333333,0.008333333333333333
proxy,R_MC_reset_init,5,2,new_competition_loss,8,8,0,0.02395833333333333,0.0,0.08333333333333333
proxy,R_MC_reset_init,5,2,total_old_accuracy_drop,8,8,0,0.016666666666666666,-0.008333333333333333,0.075
proxy,R_MC_reset_init,5,2,C_abs_new_old_gap,8,8,0,0.271875,0.10833333333333332,0.6916666666666667
proxy,R_MC_reset_init,5,2,C_new_minus_old,8,8,0,-0.16145833333333337,-0.6916666666666667,0.14166666666666666
proxy,R_MC_reset_init,5,2,C_old_minus_R0,8,8,0,0.0,0.0,0.0
proxy,R_MC_reset_init,5,2,C_new_minus_R0,8,8,0,0.0,0.0,0.0
proxy,R_MC_reset_init,5,2,old_order_recovery_fraction,8,8,0,0.016666666666666666,0.0,0.03333333333333333
proxy,R_MC_reset_init,5,2,total_recovery_fraction,8,8,0,0.008333333333333333,0.0,0.025
proxy,R_MC_reset_init,5,2,old_winner_changed_fraction,8,8,0,0.06770833333333334,0.008333333333333333,0.13333333333333336
proxy,R_MC_reset_init,5,2,old_displaced_by_new_fraction,8,8,0,0.13437500000000002,0.0,0.33333333333333337
proxy,R_MC_reset_init,5,2,correctness_B_Cold_C_000,8,8,0,0.47395833333333337,0.08333333333333334,0.7916666666666667
proxy,R_MC_reset_init,5,2,correctness_B_Cold_C_100,8,8,0,0.009375,0.0,0.025
proxy,R_MC_reset_init,5,2,correctness_B_Cold_C_010,8,8,0,0.008333333333333333,0.0,0.025
proxy,R_MC_reset_init,5,2,correctness_B_Cold_C_110,8,8,0,0.015625,0.0,0.058333333333333334
proxy,R_MC_reset_init,5,2,correctness_B_Cold_C_011,8,8,0,0.008333333333333333,0.0,0.025
proxy,R_MC_reset_init,5,2,correctness_B_Cold_C_111,8,8,0,0.48437500000000006,0.175,0.9083333333333332
proxy,R_MC_reset_init,5,2,B_old_margin_mean,8,8,0,0.037532954900847855,-0.0654309618240832,0.1872973884838231
proxy,R_MC_reset_init,5,2,B_old_margin_minus_R0,8,8,0,0.0,0.0,0.0
proxy,R_MC_reset_init,5,2,B_old_winner_changed_from_R0_fraction,8,8,0,0.0,0.0,0.0
proxy,R_MC_reset_init,5,2,B_old_R0_correct_to_wrong_fraction,8,8,0,0.0,0.0,0.0
proxy,R_MC_reset_init,5,2,B_old_R0_wrong_to_correct_fraction,8,8,0,0.0,0.0,0.0
proxy,R_MC_reset_init,5,2,C_old_margin_mean,8,8,0,0.02341769075380813,-0.07356396316653231,0.1633013088841191
proxy,R_MC_reset_init,5,2,C_old_margin_minus_R0,8,8,0,0.0,0.0,0.0
proxy,R_MC_reset_init,5,2,C_old_winner_changed_from_R0_fraction,8,8,0,0.0,0.0,0.0
proxy,R_MC_reset_init,5,2,C_old_R0_correct_to_wrong_fraction,8,8,0,0.0,0.0,0.0
proxy,R_MC_reset_init,5,2,C_old_R0_wrong_to_correct_fraction,8,8,0,0.0,0.0,0.0
proxy,R_MC_reset_init,5,2,C_new_margin_mean,8,8,0,-0.025809365415681743,-0.0877773877237166,0.10395246711226813
proxy,R_MC_reset_init,5,2,C_new_margin_minus_R0,8,8,0,0.0,0.0,0.0
proxy,R_MC_reset_init,5,2,C_new_winner_changed_from_R0_fraction,8,8,0,0.0,0.0,0.0
proxy,R_MC_reset_init,5,2,C_new_R0_correct_to_wrong_fraction,8,8,0,0.0,0.0,0.0
proxy,R_MC_reset_init,5,2,C_new_R0_wrong_to_correct_fraction,8,8,0,0.0,0.0,0.0
proxy,R_MC_reset_init,5,5,A_old_accuracy,8,0,8,,,
proxy,R_MC_reset_init,5,5,B0_old_accuracy,8,8,0,0.509375,0.19166666666666668,0.9166666666666666
proxy,R_MC_reset_init,5,5,B_old_accuracy,8,8,0,0.509375,0.19166666666666668,0.9166666666666666
proxy,R_MC_reset_init,5,5,C_old_columns_accuracy,8,8,0,0.515625,0.2,0.9166666666666666
proxy,R_MC_reset_init,5,5,C_old_accuracy,8,8,0,0.45729166666666665,0.15833333333333333,0.8666666666666666
proxy,R_MC_reset_init,5,5,C_new_accuracy,8,8,0,0.39625,0.11000000000000001,0.75
proxy,R_MC_reset_init,5,5,C_h,8,8,0,0.4106966747428163,0.12695013023960394,0.6951905759760825
proxy,R_MC_reset_init,5,5,adaptation_gain_B_minus_A,8,0,8,,,
proxy,R_MC_reset_init,5,5,support_adaptation_B_minus_B0,8,8,0,0.0,0.0,0.0
proxy,R_MC_reset_init,5,5,old_order_change,8,8,0,-0.0062499999999999995,-0.03333333333333333,0.025
proxy,R_MC_reset_init,5,5,new_competition_loss,8,8,0,0.058333333333333334,0.025,0.10833333333333335
proxy,R_MC_reset_init,5,5,total_old_accuracy_drop,8,8,0,0.05208333333333333,2.7755575615628915e-18,0.1
proxy,R_MC_reset_init,5,5,C_abs_new_old_gap,8,8,0,0.13437499999999997,0.04166666666666667,0.29666666666666663
proxy,R_MC_reset_init,5,5,C_new_minus_old,8,8,0,-0.06104166666666667,-0.29666666666666663,0.11666666666666667
proxy,R_MC_reset_init,5,5,C_old_minus_R0,8,8,0,0.0,0.0,0.0
proxy,R_MC_reset_init,5,5,C_new_minus_R0,8,8,0,0.0,0.0,0.0
proxy,R_MC_reset_init,5,5,old_order_recovery_fraction,8,8,0,0.01875,0.0,0.05
proxy,R_MC_reset_init,5,5,total_recovery_fraction,8,8,0,0.008333333333333333,0.0,0.03333333333333333
proxy,R_MC_reset_init,5,5,old_winner_changed_fraction,8,8,0,0.08124999999999999,0.0,0.13333333333333333
proxy,R_MC_reset_init,5,5,old_displaced_by_new_fraction,8,8,0,0.24270833333333336,0.049999999999999996,0.4833333333333333
proxy,R_MC_reset_init,5,5,correctness_B_Cold_C_000,8,8,0,0.471875,0.08333333333333334,0.7916666666666666
proxy,R_MC_reset_init,5,5,correctness_B_Cold_C_100,8,8,0,0.012499999999999999,0.0,0.025
proxy,R_MC_reset_init,5,5,correctness_B_Cold_C_010,8,8,0,0.010416666666666668,0.0,0.025
proxy,R_MC_reset_init,5,5,correctness_B_Cold_C_110,8,8,0,0.04791666666666667,0.008333333333333333,0.08333333333333334
proxy,R_MC_reset_init,5,5,correctness_B_Cold_C_011,8,8,0,0.008333333333333333,0.0,0.03333333333333333
proxy,R_MC_reset_init,5,5,correctness_B_Cold_C_111,8,8,0,0.44895833333333335,0.15,0.8666666666666666
proxy,R_MC_reset_init,5,5,B_old_margin_mean,8,8,0,0.037532954900847855,-0.0654309618240832,0.1872973884838231
proxy,R_MC_reset_init,5,5,B_old_margin_minus_R0,8,8,0,0.0,0.0,0.0
proxy,R_MC_reset_init,5,5,B_old_winner_changed_from_R0_fraction,8,8,0,0.0,0.0,0.0
proxy,R_MC_reset_init,5,5,B_old_R0_correct_to_wrong_fraction,8,8,0,0.0,0.0,0.0
proxy,R_MC_reset_init,5,5,B_old_R0_wrong_to_correct_fraction,8,8,0,0.0,0.0,0.0
proxy,R_MC_reset_init,5,5,C_old_margin_mean,8,8,0,0.009347059754341306,-0.07427202723773202,0.12483441036225382
proxy,R_MC_reset_init,5,5,C_old_margin_minus_R0,8,8,0,0.0,0.0,0.0
proxy,R_MC_reset_init,5,5,C_old_winner_changed_from_R0_fraction,8,8,0,0.0,0.0,0.0
proxy,R_MC_reset_init,5,5,C_old_R0_correct_to_wrong_fraction,8,8,0,0.0,0.0,0.0
proxy,R_MC_reset_init,5,5,C_old_R0_wrong_to_correct_fraction,8,8,0,0.0,0.0,0.0
proxy,R_MC_reset_init,5,5,C_new_margin_mean,8,8,0,-0.013657209671037056,-0.09882104680285883,0.09133906289251921
proxy,R_MC_reset_init,5,5,C_new_margin_minus_R0,8,8,0,0.0,0.0,0.0
proxy,R_MC_reset_init,5,5,C_new_winner_changed_from_R0_fraction,8,8,0,0.0,0.0,0.0
proxy,R_MC_reset_init,5,5,C_new_R0_correct_to_wrong_fraction,8,8,0,0.0,0.0,0.0
proxy,R_MC_reset_init,5,5,C_new_R0_wrong_to_correct_fraction,8,8,0,0.0,0.0,0.0
proxy,R_MC_reset_init,5,10,A_old_accuracy,8,0,8,,,
proxy,R_MC_reset_init,5,10,B0_old_accuracy,8,8,0,0.509375,0.19166666666666668,0.9166666666666666
proxy,R_MC_reset_init,5,10,B_old_accuracy,8,8,0,0.509375,0.19166666666666668,0.9166666666666666
proxy,R_MC_reset_init,5,10,C_old_columns_accuracy,8,8,0,0.5114583333333333,0.20833333333333331,0.9166666666666666
proxy,R_MC_reset_init,5,10,C_old_accuracy,8,8,0,0.4229166666666667,0.11666666666666665,0.8166666666666668
proxy,R_MC_reset_init,5,10,C_new_accuracy,8,8,0,0.374375,0.15499999999999997,0.62
proxy,R_MC_reset_init,5,10,C_h,8,8,0,0.387831494248831,0.12300079491255962,0.6894711262482947
proxy,R_MC_reset_init,5,10,adaptation_gain_B_minus_A,8,0,8,,,
proxy,R_MC_reset_init,5,10,support_adaptation_B_minus_B0,8,8,0,0.0,0.0,0.0
proxy,R_MC_reset_init,5,10,old_order_change,8,8,0,-0.002083333333333333,-0.016666666666666666,0.016666666666666666
proxy,R_MC_reset_init,5,10,new_competition_loss,8,8,0,0.08854166666666666,0.041666666666666664,0.14999999999999997
proxy,R_MC_reset_init,5,10,total_old_accuracy_drop,8,8,0,0.08645833333333333,0.049999999999999996,0.14166666666666666
proxy,R_MC_reset_init,5,10,C_abs_new_old_gap,8,8,0,0.10312500000000001,0.035,0.22166666666666668
proxy,R_MC_reset_init,5,10,C_new_minus_old,8,8,0,-0.048541666666666664,-0.22166666666666668,0.03833333333333334
proxy,R_MC_reset_init,5,10,C_old_minus_R0,8,8,0,0.0,0.0,0.0
proxy,R_MC_reset_init,5,10,C_new_minus_R0,8,8,0,0.0,0.0,0.0
proxy,R_MC_reset_init,5,10,old_order_recovery_fraction,8,8,0,0.017708333333333333,0.0,0.03333333333333333
proxy,R_MC_reset_init,5,10,total_recovery_fraction,8,8,0,0.003125,0.0,0.016666666666666666
proxy,R_MC_reset_init,5,10,old_winner_changed_fraction,8,8,0,0.09583333333333333,0.0,0.16666666666666666
proxy,R_MC_reset_init,5,10,old_displaced_by_new_fraction,8,8,0,0.3583333333333333,0.15,0.5916666666666666
proxy,R_MC_reset_init,5,10,correctness_B_Cold_C_000,8,8,0,0.47291666666666665,0.08333333333333334,0.775
proxy,R_MC_reset_init,5,10,correctness_B_Cold_C_100,8,8,0,0.015625,0.0,0.025
proxy,R_MC_reset_init,5,10,correctness_B_Cold_C_010,8,8,0,0.014583333333333334,0.0,0.03333333333333333
proxy,R_MC_reset_init,5,10,correctness_B_Cold_C_110,8,8,0,0.07395833333333332,0.03333333333333333,0.11666666666666665
proxy,R_MC_reset_init,5,10,correctness_B_Cold_C_011,8,8,0,0.003125,0.0,0.016666666666666666
proxy,R_MC_reset_init,5,10,correctness_B_Cold_C_111,8,8,0,0.4197916666666667,0.11666666666666665,0.8166666666666668
proxy,R_MC_reset_init,5,10,B_old_margin_mean,8,8,0,0.037532954900847855,-0.0654309618240832,0.1872973884838231
proxy,R_MC_reset_init,5,10,B_old_margin_minus_R0,8,8,0,0.0,0.0,0.0
proxy,R_MC_reset_init,5,10,B_old_winner_changed_from_R0_fraction,8,8,0,0.0,0.0,0.0
proxy,R_MC_reset_init,5,10,B_old_R0_correct_to_wrong_fraction,8,8,0,0.0,0.0,0.0
proxy,R_MC_reset_init,5,10,B_old_R0_wrong_to_correct_fraction,8,8,0,0.0,0.0,0.0
proxy,R_MC_reset_init,5,10,C_old_margin_mean,8,8,0,0.004553838515250536,-0.07210761919414972,0.11634199089444838
proxy,R_MC_reset_init,5,10,C_old_margin_minus_R0,8,8,0,0.0,0.0,0.0
proxy,R_MC_reset_init,5,10,C_old_winner_changed_from_R0_fraction,8,8,0,0.0,0.0,0.0
proxy,R_MC_reset_init,5,10,C_old_R0_correct_to_wrong_fraction,8,8,0,0.0,0.0,0.0
proxy,R_MC_reset_init,5,10,C_old_R0_wrong_to_correct_fraction,8,8,0,0.0,0.0,0.0
proxy,R_MC_reset_init,5,10,C_new_margin_mean,8,8,0,-0.01616407750197385,-0.08185435842850416,0.05181097358239399
proxy,R_MC_reset_init,5,10,C_new_margin_minus_R0,8,8,0,0.0,0.0,0.0
proxy,R_MC_reset_init,5,10,C_new_winner_changed_from_R0_fraction,8,8,0,0.0,0.0,0.0
proxy,R_MC_reset_init,5,10,C_new_R0_correct_to_wrong_fraction,8,8,0,0.0,0.0,0.0
proxy,R_MC_reset_init,5,10,C_new_R0_wrong_to_correct_fraction,8,8,0,0.0,0.0,0.0
proxy,R_MC_reset_init,5,20,A_old_accuracy,8,0,8,,,
proxy,R_MC_reset_init,5,20,B0_old_accuracy,8,8,0,0.509375,0.19166666666666668,0.9166666666666666
proxy,R_MC_reset_init,5,20,B_old_accuracy,8,8,0,0.509375,0.19166666666666668,0.9166666666666666
proxy,R_MC_reset_init,5,20,C_old_columns_accuracy,8,8,0,0.5177083333333333,0.20833333333333334,0.9083333333333334
proxy,R_MC_reset_init,5,20,C_old_accuracy,8,8,0,0.38437499999999997,0.10833333333333332,0.7750000000000001
proxy,R_MC_reset_init,5,20,C_new_accuracy,8,8,0,0.3328125,0.13999999999999999,0.5425000000000001
proxy,R_MC_reset_init,5,20,C_h,8,8,0,0.3414908195987779,0.10959045197417291,0.5747229837451411
proxy,R_MC_reset_init,5,20,adaptation_gain_B_minus_A,8,0,8,,,
proxy,R_MC_reset_init,5,20,support_adaptation_B_minus_B0,8,8,0,0.0,0.0,0.0
proxy,R_MC_reset_init,5,20,old_order_change,8,8,0,-0.008333333333333335,-0.03333333333333333,0.025
proxy,R_MC_reset_init,5,20,new_competition_loss,8,8,0,0.13333333333333333,0.06666666666666667,0.18333333333333332
proxy,R_MC_reset_init,5,20,total_old_accuracy_drop,8,8,0,0.125,0.05,0.18333333333333335
proxy,R_MC_reset_init,5,20,C_abs_new_old_gap,8,8,0,0.12281249999999999,0.0475,0.3175
proxy,R_MC_reset_init,5,20,C_new_minus_old,8,8,0,-0.0515625,-0.3175,0.06333333333333332
proxy,R_MC_reset_init,5,20,C_old_minus_R0,8,8,0,0.0,0.0,0.0
proxy,R_MC_reset_init,5,20,C_new_minus_R0,8,8,0,0.0,0.0,0.0
proxy,R_MC_reset_init,5,20,old_order_recovery_fraction,8,8,0,0.026041666666666664,0.0,0.05833333333333333
proxy,R_MC_reset_init,5,20,total_recovery_fraction,8,8,0,0.0020833333333333333,0.0,0.008333333333333333
proxy,R_MC_reset_init,5,20,old_winner_changed_fraction,8,8,0,0.11979166666666669,0.0,0.23333333333333334
proxy,R_MC_reset_init,5,20,old_displaced_by_new_fraction,8,8,0,0.45208333333333334,0.175,0.7
proxy,R_MC_reset_init,5,20,correctness_B_Cold_C_000,8,8,0,0.46458333333333335,0.08333333333333334,0.775
proxy,R_MC_reset_init,5,20,correctness_B_Cold_C_100,8,8,0,0.017708333333333333,0.0,0.03333333333333333
proxy,R_MC_reset_init,5,20,correctness_B_Cold_C_010,8,8,0,0.02395833333333333,0.0,0.05833333333333333
proxy,R_MC_reset_init,5,20,correctness_B_Cold_C_110,8,8,0,0.10937499999999999,0.041666666666666664,0.16666666666666669
proxy,R_MC_reset_init,5,20,correctness_B_Cold_C_011,8,8,0,0.0020833333333333333,0.0,0.008333333333333333
proxy,R_MC_reset_init,5,20,correctness_B_Cold_C_111,8,8,0,0.38229166666666664,0.10833333333333332,0.7750000000000001
proxy,R_MC_reset_init,5,20,B_old_margin_mean,8,8,0,0.037532954900847855,-0.0654309618240832,0.1872973884838231
proxy,R_MC_reset_init,5,20,B_old_margin_minus_R0,8,8,0,0.0,0.0,0.0
proxy,R_MC_reset_init,5,20,B_old_winner_changed_from_R0_fraction,8,8,0,0.0,0.0,0.0
proxy,R_MC_reset_init,5,20,B_old_R0_correct_to_wrong_fraction,8,8,0,0.0,0.0,0.0
proxy,R_MC_reset_init,5,20,B_old_R0_wrong_to_correct_fraction,8,8,0,0.0,0.0,0.0
proxy,R_MC_reset_init,5,20,C_old_margin_mean,8,8,0,-0.002536678009752531,-0.07205619995562182,0.1080057099535388
proxy,R_MC_reset_init,5,20,C_old_margin_minus_R0,8,8,0,0.0,0.0,0.0
proxy,R_MC_reset_init,5,20,C_old_winner_changed_from_R0_fraction,8,8,0,0.0,0.0,0.0
proxy,R_MC_reset_init,5,20,C_old_R0_correct_to_wrong_fraction,8,8,0,0.0,0.0,0.0
proxy,R_MC_reset_init,5,20,C_old_R0_wrong_to_correct_fraction,8,8,0,0.0,0.0,0.0
proxy,R_MC_reset_init,5,20,C_new_margin_mean,8,8,0,-0.024973777533822718,-0.08295927703052894,0.024799919862429555
proxy,R_MC_reset_init,5,20,C_new_margin_minus_R0,8,8,0,0.0,0.0,0.0
proxy,R_MC_reset_init,5,20,C_new_winner_changed_from_R0_fraction,8,8,0,0.0,0.0,0.0
proxy,R_MC_reset_init,5,20,C_new_R0_correct_to_wrong_fraction,8,8,0,0.0,0.0,0.0
proxy,R_MC_reset_init,5,20,C_new_R0_wrong_to_correct_fraction,8,8,0,0.0,0.0,0.0
proxy,R_MC_reset_init,10,0,A_old_accuracy,8,0,8,,,
proxy,R_MC_reset_init,10,0,B0_old_accuracy,8,8,0,0.530324074074074,0.24074074074074076,0.8777777777777777
proxy,R_MC_reset_init,10,0,B_old_accuracy,8,8,0,0.530324074074074,0.24074074074074076,0.8777777777777777
proxy,R_MC_reset_init,10,0,C_old_columns_accuracy,8,8,0,0.530324074074074,0.24074074074074076,0.8777777777777777
proxy,R_MC_reset_init,10,0,C_old_accuracy,8,8,0,0.530324074074074,0.24074074074074076,0.8777777777777777
proxy,R_MC_reset_init,10,0,C_new_accuracy,8,0,8,,,
proxy,R_MC_reset_init,10,0,C_h,8,0,8,,,
proxy,R_MC_reset_init,10,0,adaptation_gain_B_minus_A,8,0,8,,,
proxy,R_MC_reset_init,10,0,support_adaptation_B_minus_B0,8,8,0,0.0,0.0,0.0
proxy,R_MC_reset_init,10,0,old_order_change,8,8,0,0.0,0.0,0.0
proxy,R_MC_reset_init,10,0,new_competition_loss,8,8,0,0.0,0.0,0.0
proxy,R_MC_reset_init,10,0,total_old_accuracy_drop,8,8,0,0.0,0.0,0.0
proxy,R_MC_reset_init,10,0,C_abs_new_old_gap,8,0,8,,,
proxy,R_MC_reset_init,10,0,C_new_minus_old,8,0,8,,,
proxy,R_MC_reset_init,10,0,C_old_minus_R0,8,8,0,0.0,0.0,0.0
proxy,R_MC_reset_init,10,0,C_new_minus_R0,8,0,8,,,
proxy,R_MC_reset_init,10,0,old_order_recovery_fraction,8,8,0,0.0,0.0,0.0
proxy,R_MC_reset_init,10,0,total_recovery_fraction,8,8,0,0.0,0.0,0.0
proxy,R_MC_reset_init,10,0,old_winner_changed_fraction,8,8,0,0.0,0.0,0.0
proxy,R_MC_reset_init,10,0,old_displaced_by_new_fraction,8,8,0,0.0,0.0,0.0
proxy,R_MC_reset_init,10,0,correctness_B_Cold_C_000,8,8,0,0.4696759259259259,0.12222222222222223,0.7592592592592592
proxy,R_MC_reset_init,10,0,correctness_B_Cold_C_100,8,8,0,0.0,0.0,0.0
proxy,R_MC_reset_init,10,0,correctness_B_Cold_C_010,8,8,0,0.0,0.0,0.0
proxy,R_MC_reset_init,10,0,correctness_B_Cold_C_110,8,8,0,0.0,0.0,0.0
proxy,R_MC_reset_init,10,0,correctness_B_Cold_C_011,8,8,0,0.0,0.0,0.0
proxy,R_MC_reset_init,10,0,correctness_B_Cold_C_111,8,8,0,0.530324074074074,0.24074074074074076,0.8777777777777777
proxy,R_MC_reset_init,10,0,B_old_margin_mean,8,8,0,0.06061340399988212,-0.03965985757263899,0.19699386162502353
proxy,R_MC_reset_init,10,0,B_old_margin_minus_R0,8,8,0,0.0,0.0,0.0
proxy,R_MC_reset_init,10,0,B_old_winner_changed_from_R0_fraction,8,8,0,0.0,0.0,0.0
proxy,R_MC_reset_init,10,0,B_old_R0_correct_to_wrong_fraction,8,8,0,0.0,0.0,0.0
proxy,R_MC_reset_init,10,0,B_old_R0_wrong_to_correct_fraction,8,8,0,0.0,0.0,0.0
proxy,R_MC_reset_init,10,0,C_old_margin_mean,8,8,0,0.06061340399988212,-0.03965985757263899,0.19699386162502353
proxy,R_MC_reset_init,10,0,C_old_margin_minus_R0,8,8,0,0.0,0.0,0.0
proxy,R_MC_reset_init,10,0,C_old_winner_changed_from_R0_fraction,8,8,0,0.0,0.0,0.0
proxy,R_MC_reset_init,10,0,C_old_R0_correct_to_wrong_fraction,8,8,0,0.0,0.0,0.0
proxy,R_MC_reset_init,10,0,C_old_R0_wrong_to_correct_fraction,8,8,0,0.0,0.0,0.0
proxy,R_MC_reset_init,10,0,C_new_margin_mean,8,0,8,,,
proxy,R_MC_reset_init,10,0,C_new_margin_minus_R0,8,0,8,,,
proxy,R_MC_reset_init,10,0,C_new_winner_changed_from_R0_fraction,8,0,8,,,
proxy,R_MC_reset_init,10,0,C_new_R0_correct_to_wrong_fraction,8,0,8,,,
proxy,R_MC_reset_init,10,0,C_new_R0_wrong_to_correct_fraction,8,0,8,,,
proxy,R_MC_reset_init,10,2,A_old_accuracy,8,0,8,,,
proxy,R_MC_reset_init,10,2,B0_old_accuracy,8,8,0,0.530324074074074,0.24074074074074076,0.8777777777777777
proxy,R_MC_reset_init,10,2,B_old_accuracy,8,8,0,0.530324074074074,0.24074074074074076,0.8777777777777777
proxy,R_MC_reset_init,10,2,C_old_columns_accuracy,8,8,0,0.5405092592592592,0.2648148148148148,0.8851851851851851
proxy,R_MC_reset_init,10,2,C_old_accuracy,8,8,0,0.5101851851851852,0.2092592592592592,0.8833333333333334
proxy,R_MC_reset_init,10,2,C_new_accuracy,8,8,0,0.25555555555555554,0.17222222222222222,0.43888888888888894
proxy,R_MC_reset_init,10,2,C_h,8,8,0,0.2994416758808356,0.17873582134179775,0.517258652643089
proxy,R_MC_reset_init,10,2,adaptation_gain_B_minus_A,8,0,8,,,
proxy,R_MC_reset_init,10,2,support_adaptation_B_minus_B0,8,8,0,0.0,0.0,0.0
proxy,R_MC_reset_init,10,2,old_order_change,8,8,0,-0.010185185185185184,-0.024074074074074074,0.0037037037037037034
proxy,R_MC_reset_init,10,2,new_competition_loss,8,8,0,0.030324074074074076,0.0018518518518518517,0.05555555555555556
proxy,R_MC_reset_init,10,2,total_old_accuracy_drop,8,8,0,0.02013888888888889,-0.005555555555555555,0.04259259259259259
proxy,R_MC_reset_init,10,2,C_abs_new_old_gap,8,8,0,0.2953703703703704,0.09259259259259259,0.6722222222222223
proxy,R_MC_reset_init,10,2,C_new_minus_old,8,8,0,-0.2546296296296296,-0.6722222222222223,-0.0037037037037036895
proxy,R_MC_reset_init,10,2,C_old_minus_R0,8,8,0,0.0,0.0,0.0
proxy,R_MC_reset_init,10,2,C_new_minus_R0,8,8,0,0.0,0.0,0.0
proxy,R_MC_reset_init,10,2,old_order_recovery_fraction,8,8,0,0.020138888888888887,0.005555555555555555,0.037037037037037035
proxy,R_MC_reset_init,10,2,total_recovery_fraction,8,8,0,0.012037037037037035,0.005555555555555555,0.02222222222222222
proxy,R_MC_reset_init,10,2,old_winner_changed_fraction,8,8,0,0.06527777777777777,0.007407407407407407,0.12592592592592594
proxy,R_MC_reset_init,10,2,old_displaced_by_new_fraction,8,8,0,0.15694444444444444,0.009259259259259259,0.2814814814814815
proxy,R_MC_reset_init,10,2,correctness_B_Cold_C_000,8,8,0,0.44953703703703707,0.11481481481481481,0.7222222222222223
proxy,R_MC_reset_init,10,2,correctness_B_Cold_C_100,8,8,0,0.009953703703703702,0.0,0.02222222222222222
proxy,R_MC_reset_init,10,2,correctness_B_Cold_C_010,8,8,0,0.008101851851851851,0.0,0.016666666666666666
proxy,R_MC_reset_init,10,2,correctness_B_Cold_C_110,8,8,0,0.022222222222222223,0.0018518518518518517,0.040740740740740744
proxy,R_MC_reset_init,10,2,correctness_B_Cold_C_011,8,8,0,0.012037037037037035,0.005555555555555555,0.02222222222222222
proxy,R_MC_reset_init,10,2,correctness_B_Cold_C_111,8,8,0,0.4981481481481482,0.18703703703703703,0.875925925925926
proxy,R_MC_reset_init,10,2,B_old_margin_mean,8,8,0,0.06061340399988212,-0.03965985757263899,0.19699386162502353
proxy,R_MC_reset_init,10,2,B_old_margin_minus_R0,8,8,0,0.0,0.0,0.0
proxy,R_MC_reset_init,10,2,B_old_winner_changed_from_R0_fraction,8,8,0,0.0,0.0,0.0
proxy,R_MC_reset_init,10,2,B_old_R0_correct_to_wrong_fraction,8,8,0,0.0,0.0,0.0
proxy,R_MC_reset_init,10,2,B_old_R0_wrong_to_correct_fraction,8,8,0,0.0,0.0,0.0
proxy,R_MC_reset_init,10,2,C_old_margin_mean,8,8,0,0.039942858079542266,-0.059292365057044126,0.167811036377298
proxy,R_MC_reset_init,10,2,C_old_margin_minus_R0,8,8,0,0.0,0.0,0.0
proxy,R_MC_reset_init,10,2,C_old_winner_changed_from_R0_fraction,8,8,0,0.0,0.0,0.0
proxy,R_MC_reset_init,10,2,C_old_R0_correct_to_wrong_fraction,8,8,0,0.0,0.0,0.0
proxy,R_MC_reset_init,10,2,C_old_R0_wrong_to_correct_fraction,8,8,0,0.0,0.0,0.0
proxy,R_MC_reset_init,10,2,C_new_margin_mean,8,8,0,-0.05213482192943513,-0.0880986910766755,-0.006885340651666327
proxy,R_MC_reset_init,10,2,C_new_margin_minus_R0,8,8,0,0.0,0.0,0.0
proxy,R_MC_reset_init,10,2,C_new_winner_changed_from_R0_fraction,8,8,0,0.0,0.0,0.0
proxy,R_MC_reset_init,10,2,C_new_R0_correct_to_wrong_fraction,8,8,0,0.0,0.0,0.0
proxy,R_MC_reset_init,10,2,C_new_R0_wrong_to_correct_fraction,8,8,0,0.0,0.0,0.0
proxy,R_MC_reset_init,10,5,A_old_accuracy,8,0,8,,,
proxy,R_MC_reset_init,10,5,B0_old_accuracy,8,8,0,0.530324074074074,0.24074074074074076,0.8777777777777777
proxy,R_MC_reset_init,10,5,B_old_accuracy,8,8,0,0.530324074074074,0.24074074074074076,0.8777777777777777
proxy,R_MC_reset_init,10,5,C_old_columns_accuracy,8,8,0,0.5444444444444444,0.28518518518518515,0.8833333333333332
proxy,R_MC_reset_init,10,5,C_old_accuracy,8,8,0,0.47199074074074077,0.18148148148148147,0.8296296296296296
proxy,R_MC_reset_init,10,5,C_new_accuracy,8,8,0,0.3636111111111111,0.14888888888888888,0.6488888888888888
proxy,R_MC_reset_init,10,5,C_h,8,8,0,0.3986940439705287,0.1510502655073374,0.6686761552625203
proxy,R_MC_reset_init,10,5,adaptation_gain_B_minus_A,8,0,8,,,
proxy,R_MC_reset_init,10,5,support_adaptation_B_minus_B0,8,8,0,0.0,0.0,0.0
proxy,R_MC_reset_init,10,5,old_order_change,8,8,0,-0.01412037037037037,-0.04444444444444444,-0.0018518518518518517
proxy,R_MC_reset_init,10,5,new_competition_loss,8,8,0,0.07245370370370369,0.04259259259259259,0.10370370370370367
proxy,R_MC_reset_init,10,5,total_old_accuracy_drop,8,8,0,0.058333333333333334,0.040740740740740744,0.07222222222222223
proxy,R_MC_reset_init,10,5,C_abs_new_old_gap,8,8,0,0.14199074074074072,0.06074074074074073,0.3185185185185186
proxy,R_MC_reset_init,10,5,C_new_minus_old,8,8,0,-0.10837962962962963,-0.3185185185185186,-0.023333333333333317
proxy,R_MC_reset_init,10,5,C_old_minus_R0,8,8,0,0.0,0.0,0.0
proxy,R_MC_reset_init,10,5,C_new_minus_R0,8,8,0,0.0,0.0,0.0
proxy,R_MC_reset_init,10,5,old_order_recovery_fraction,8,8,0,0.027314814814814813,0.0018518518518518517,0.06296296296296296
proxy,R_MC_reset_init,10,5,total_recovery_fraction,8,8,0,0.010648148148148146,0.0,0.02037037037037037
proxy,R_MC_reset_init,10,5,old_winner_changed_fraction,8,8,0,0.09143518518518517,0.005555555555555555,0.15925925925925927
proxy,R_MC_reset_init,10,5,old_displaced_by_new_fraction,8,8,0,0.2423611111111111,0.0611111111111111,0.38888888888888895
proxy,R_MC_reset_init,10,5,correctness_B_Cold_C_000,8,8,0,0.4423611111111111,0.11481481481481481,0.6962962962962964
proxy,R_MC_reset_init,10,5,correctness_B_Cold_C_100,8,8,0,0.013194444444444443,0.0,0.029629629629629627
proxy,R_MC_reset_init,10,5,correctness_B_Cold_C_010,8,8,0,0.016666666666666666,0.0,0.042592592592592585
proxy,R_MC_reset_init,10,5,correctness_B_Cold_C_110,8,8,0,0.05578703703703703,0.040740740740740744,0.061111111111111116
proxy,R_MC_reset_init,10,5,correctness_B_Cold_C_011,8,8,0,0.010648148148148146,0.0,0.02037037037037037
proxy,R_MC_reset_init,10,5,correctness_B_Cold_C_111,8,8,0,0.46134259259259264,0.1611111111111111,0.8222222222222222
proxy,R_MC_reset_init,10,5,B_old_margin_mean,8,8,0,0.06061340399988212,-0.03965985757263899,0.19699386162502353
proxy,R_MC_reset_init,10,5,B_old_margin_minus_R0,8,8,0,0.0,0.0,0.0
proxy,R_MC_reset_init,10,5,B_old_winner_changed_from_R0_fraction,8,8,0,0.0,0.0,0.0
proxy,R_MC_reset_init,10,5,B_old_R0_correct_to_wrong_fraction,8,8,0,0.0,0.0,0.0
proxy,R_MC_reset_init,10,5,B_old_R0_wrong_to_correct_fraction,8,8,0,0.0,0.0,0.0
proxy,R_MC_reset_init,10,5,C_old_margin_mean,8,8,0,0.026489020471715884,-0.06102037328110049,0.13339257473566804
proxy,R_MC_reset_init,10,5,C_old_margin_minus_R0,8,8,0,0.0,0.0,0.0
proxy,R_MC_reset_init,10,5,C_old_winner_changed_from_R0_fraction,8,8,0,0.0,0.0,0.0
proxy,R_MC_reset_init,10,5,C_old_R0_correct_to_wrong_fraction,8,8,0,0.0,0.0,0.0
proxy,R_MC_reset_init,10,5,C_old_R0_wrong_to_correct_fraction,8,8,0,0.0,0.0,0.0
proxy,R_MC_reset_init,10,5,C_new_margin_mean,8,8,0,-0.0258504269962336,-0.09147233629870252,0.043384870855266836
proxy,R_MC_reset_init,10,5,C_new_margin_minus_R0,8,8,0,0.0,0.0,0.0
proxy,R_MC_reset_init,10,5,C_new_winner_changed_from_R0_fraction,8,8,0,0.0,0.0,0.0
proxy,R_MC_reset_init,10,5,C_new_R0_correct_to_wrong_fraction,8,8,0,0.0,0.0,0.0
proxy,R_MC_reset_init,10,5,C_new_R0_wrong_to_correct_fraction,8,8,0,0.0,0.0,0.0
proxy,R_MC_reset_init,10,10,A_old_accuracy,8,0,8,,,
proxy,R_MC_reset_init,10,10,B0_old_accuracy,8,8,0,0.530324074074074,0.24074074074074076,0.8777777777777777
proxy,R_MC_reset_init,10,10,B_old_accuracy,8,8,0,0.530324074074074,0.24074074074074076,0.8777777777777777
proxy,R_MC_reset_init,10,10,C_old_columns_accuracy,8,8,0,0.5435185185185184,0.28703703703703703,0.874074074074074
proxy,R_MC_reset_init,10,10,C_old_accuracy,8,8,0,0.43773148148148144,0.15555555555555553,0.7814814814814814
proxy,R_MC_reset_init,10,10,C_new_accuracy,8,8,0,0.36930555555555555,0.16444444444444445,0.5899999999999999
proxy,R_MC_reset_init,10,10,C_h,8,8,0,0.3906862470650353,0.14374620281602785,0.6697469494351105
proxy,R_MC_reset_init,10,10,adaptation_gain_B_minus_A,8,0,8,,,
proxy,R_MC_reset_init,10,10,support_adaptation_B_minus_B0,8,8,0,0.0,0.0,0.0
proxy,R_MC_reset_init,10,10,old_order_change,8,8,0,-0.013194444444444446,-0.046296296296296294,0.0037037037037037034
proxy,R_MC_reset_init,10,10,new_competition_loss,8,8,0,0.10578703703703704,0.07407407407407406,0.13333333333333333
proxy,R_MC_reset_init,10,10,total_old_accuracy_drop,8,8,0,0.0925925925925926,0.07037037037037037,0.12037037037037035
proxy,R_MC_reset_init,10,10,C_abs_new_old_gap,8,8,0,0.11740740740740743,0.05185185185185185,0.22037037037037038
proxy,R_MC_reset_init,10,10,C_new_minus_old,8,8,0,-0.06842592592592592,-0.22037037037037038,0.008888888888888896
proxy,R_MC_reset_init,10,10,C_old_minus_R0,8,8,0,0.0,0.0,0.0
proxy,R_MC_reset_init,10,10,C_new_minus_R0,8,8,0,0.0,0.0,0.0
proxy,R_MC_reset_init,10,10,old_order_recovery_fraction,8,8,0,0.029166666666666664,0.0018518518518518517,0.07222222222222222
proxy,R_MC_reset_init,10,10,total_recovery_fraction,8,8,0,0.005324074074074074,0.0,0.012962962962962963
proxy,R_MC_reset_init,10,10,old_winner_changed_fraction,8,8,0,0.10324074074074074,0.016666666666666666,0.18703703703703703
proxy,R_MC_reset_init,10,10,old_displaced_by_new_fraction,8,8,0,0.3636574074074074,0.14259259259259255,0.587037037037037
proxy,R_MC_reset_init,10,10,correctness_B_Cold_C_000,8,8,0,0.4405092592592592,0.12037037037037038,0.6888888888888889
proxy,R_MC_reset_init,10,10,correctness_B_Cold_C_100,8,8,0,0.01597222222222222,0.005555555555555555,0.029629629629629627
proxy,R_MC_reset_init,10,10,correctness_B_Cold_C_010,8,8,0,0.02384259259259259,0.0018518518518518517,0.059259259259259255
proxy,R_MC_reset_init,10,10,correctness_B_Cold_C_110,8,8,0,0.08194444444444444,0.06481481481481481,0.09814814814814814
proxy,R_MC_reset_init,10,10,correctness_B_Cold_C_011,8,8,0,0.005324074074074074,0.0,0.012962962962962963
proxy,R_MC_reset_init,10,10,correctness_B_Cold_C_111,8,8,0,0.4324074074074074,0.1425925925925926,0.7814814814814814
proxy,R_MC_reset_init,10,10,B_old_margin_mean,8,8,0,0.06061340399988212,-0.03965985757263899,0.19699386162502353
proxy,R_MC_reset_init,10,10,B_old_margin_minus_R0,8,8,0,0.0,0.0,0.0
proxy,R_MC_reset_init,10,10,B_old_winner_changed_from_R0_fraction,8,8,0,0.0,0.0,0.0
proxy,R_MC_reset_init,10,10,B_old_R0_correct_to_wrong_fraction,8,8,0,0.0,0.0,0.0
proxy,R_MC_reset_init,10,10,B_old_R0_wrong_to_correct_fraction,8,8,0,0.0,0.0,0.0
proxy,R_MC_reset_init,10,10,C_old_margin_mean,8,8,0,0.018771128643634,-0.062345697660763456,0.12472264334289399
proxy,R_MC_reset_init,10,10,C_old_margin_minus_R0,8,8,0,0.0,0.0,0.0
proxy,R_MC_reset_init,10,10,C_old_winner_changed_from_R0_fraction,8,8,0,0.0,0.0,0.0
proxy,R_MC_reset_init,10,10,C_old_R0_correct_to_wrong_fraction,8,8,0,0.0,0.0,0.0
proxy,R_MC_reset_init,10,10,C_old_R0_wrong_to_correct_fraction,8,8,0,0.0,0.0,0.0
proxy,R_MC_reset_init,10,10,C_new_margin_mean,8,8,0,-0.020366204931325044,-0.07896743186216655,0.044069542000897646
proxy,R_MC_reset_init,10,10,C_new_margin_minus_R0,8,8,0,0.0,0.0,0.0
proxy,R_MC_reset_init,10,10,C_new_winner_changed_from_R0_fraction,8,8,0,0.0,0.0,0.0
proxy,R_MC_reset_init,10,10,C_new_R0_correct_to_wrong_fraction,8,8,0,0.0,0.0,0.0
proxy,R_MC_reset_init,10,10,C_new_R0_wrong_to_correct_fraction,8,8,0,0.0,0.0,0.0
proxy,R_MC_reset_init,10,20,A_old_accuracy,8,0,8,,,
proxy,R_MC_reset_init,10,20,B0_old_accuracy,8,8,0,0.530324074074074,0.24074074074074076,0.8777777777777777
proxy,R_MC_reset_init,10,20,B_old_accuracy,8,8,0,0.530324074074074,0.24074074074074076,0.8777777777777777
proxy,R_MC_reset_init,10,20,C_old_columns_accuracy,8,8,0,0.545138888888889,0.2814814814814815,0.875925925925926
proxy,R_MC_reset_init,10,20,C_old_accuracy,8,8,0,0.3969907407407407,0.10925925925925925,0.7462962962962962
proxy,R_MC_reset_init,10,20,C_new_accuracy,8,8,0,0.3246527777777778,0.1522222222222222,0.495
proxy,R_MC_reset_init,10,20,C_h,8,8,0,0.34548004051050535,0.12568987030308312,0.5903705758053952
proxy,R_MC_reset_init,10,20,adaptation_gain_B_minus_A,8,0,8,,,
proxy,R_MC_reset_init,10,20,support_adaptation_B_minus_B0,8,8,0,0.0,0.0,0.0
proxy,R_MC_reset_init,10,20,old_order_change,8,8,0,-0.014814814814814814,-0.046296296296296294,0.0037037037037037034
proxy,R_MC_reset_init,10,20,new_competition_loss,8,8,0,0.14814814814814814,0.1074074074074074,0.17777777777777776
proxy,R_MC_reset_init,10,20,total_old_accuracy_drop,8,8,0,0.13333333333333333,0.11111111111111112,0.14629629629629629
proxy,R_MC_reset_init,10,20,C_abs_new_old_gap,8,8,0,0.13284722222222223,0.03481481481481481,0.2762962962962964
proxy,R_MC_reset_init,10,20,C_new_minus_old,8,8,0,-0.07233796296296295,-0.2762962962962964,0.048518518518518516
proxy,R_MC_reset_init,10,20,C_old_minus_R0,8,8,0,0.0,0.0,0.0
proxy,R_MC_reset_init,10,20,C_new_minus_R0,8,8,0,0.0,0.0,0.0
proxy,R_MC_reset_init,10,20,old_order_recovery_fraction,8,8,0,0.03217592592592593,0.0037037037037037034,0.06851851851851853
proxy,R_MC_reset_init,10,20,total_recovery_fraction,8,8,0,0.003935185185185186,0.0,0.009259259259259259
proxy,R_MC_reset_init,10,20,old_winner_changed_fraction,8,8,0,0.11157407407407408,0.016666666666666666,0.20185185185185187
proxy,R_MC_reset_init,10,20,old_displaced_by_new_fraction,8,8,0,0.4805555555555556,0.18518518518518517,0.712962962962963
proxy,R_MC_reset_init,10,20,correctness_B_Cold_C_000,8,8,0,0.43750000000000006,0.11851851851851851,0.6907407407407407
proxy,R_MC_reset_init,10,20,correctness_B_Cold_C_100,8,8,0,0.01736111111111111,0.005555555555555555,0.04074074074074074
proxy,R_MC_reset_init,10,20,correctness_B_Cold_C_010,8,8,0,0.02824074074074074,0.0037037037037037034,0.06296296296296297
proxy,R_MC_reset_init,10,20,correctness_B_Cold_C_110,8,8,0,0.1199074074074074,0.1037037037037037,0.13888888888888887
proxy,R_MC_reset_init,10,20,correctness_B_Cold_C_011,8,8,0,0.003935185185185186,0.0,0.009259259259259259
proxy,R_MC_reset_init,10,20,correctness_B_Cold_C_111,8,8,0,0.39305555555555555,0.1037037037037037,0.7462962962962962
proxy,R_MC_reset_init,10,20,B_old_margin_mean,8,8,0,0.06061340399988212,-0.03965985757263899,0.19699386162502353
proxy,R_MC_reset_init,10,20,B_old_margin_minus_R0,8,8,0,0.0,0.0,0.0
proxy,R_MC_reset_init,10,20,B_old_winner_changed_from_R0_fraction,8,8,0,0.0,0.0,0.0
proxy,R_MC_reset_init,10,20,B_old_R0_correct_to_wrong_fraction,8,8,0,0.0,0.0,0.0
proxy,R_MC_reset_init,10,20,B_old_R0_wrong_to_correct_fraction,8,8,0,0.0,0.0,0.0
proxy,R_MC_reset_init,10,20,C_old_margin_mean,8,8,0,0.007651357767243223,-0.07018192484926525,0.11123648363764385
proxy,R_MC_reset_init,10,20,C_old_margin_minus_R0,8,8,0,0.0,0.0,0.0
proxy,R_MC_reset_init,10,20,C_old_winner_changed_from_R0_fraction,8,8,0,0.0,0.0,0.0
proxy,R_MC_reset_init,10,20,C_old_R0_correct_to_wrong_fraction,8,8,0,0.0,0.0,0.0
proxy,R_MC_reset_init,10,20,C_old_R0_wrong_to_correct_fraction,8,8,0,0.0,0.0,0.0
proxy,R_MC_reset_init,10,20,C_new_margin_mean,8,8,0,-0.02809035123953787,-0.07690044479670818,0.018044292343959288
proxy,R_MC_reset_init,10,20,C_new_margin_minus_R0,8,8,0,0.0,0.0,0.0
proxy,R_MC_reset_init,10,20,C_new_winner_changed_from_R0_fraction,8,8,0,0.0,0.0,0.0
proxy,R_MC_reset_init,10,20,C_new_R0_correct_to_wrong_fraction,8,8,0,0.0,0.0,0.0
proxy,R_MC_reset_init,10,20,C_new_R0_wrong_to_correct_fraction,8,8,0,0.0,0.0,0.0
proxy,R_MC_reset_init,20,0,A_old_accuracy,8,0,8,,,
proxy,R_MC_reset_init,20,0,B0_old_accuracy,8,8,0,0.5247258771929825,0.25526315789473686,0.8495614035087721
proxy,R_MC_reset_init,20,0,B_old_accuracy,8,8,0,0.5247258771929825,0.25526315789473686,0.8495614035087721
proxy,R_MC_reset_init,20,0,C_old_columns_accuracy,8,8,0,0.5247258771929825,0.25526315789473686,0.8495614035087721
proxy,R_MC_reset_init,20,0,C_old_accuracy,8,8,0,0.5247258771929825,0.25526315789473686,0.8495614035087721
proxy,R_MC_reset_init,20,0,C_new_accuracy,8,0,8,,,
proxy,R_MC_reset_init,20,0,C_h,8,0,8,,,
proxy,R_MC_reset_init,20,0,adaptation_gain_B_minus_A,8,0,8,,,
proxy,R_MC_reset_init,20,0,support_adaptation_B_minus_B0,8,8,0,0.0,0.0,0.0
proxy,R_MC_reset_init,20,0,old_order_change,8,8,0,0.0,0.0,0.0
proxy,R_MC_reset_init,20,0,new_competition_loss,8,8,0,0.0,0.0,0.0
proxy,R_MC_reset_init,20,0,total_old_accuracy_drop,8,8,0,0.0,0.0,0.0
proxy,R_MC_reset_init,20,0,C_abs_new_old_gap,8,0,8,,,
proxy,R_MC_reset_init,20,0,C_new_minus_old,8,0,8,,,
proxy,R_MC_reset_init,20,0,C_old_minus_R0,8,8,0,0.0,0.0,0.0
proxy,R_MC_reset_init,20,0,C_new_minus_R0,8,0,8,,,
proxy,R_MC_reset_init,20,0,old_order_recovery_fraction,8,8,0,0.0,0.0,0.0
proxy,R_MC_reset_init,20,0,total_recovery_fraction,8,8,0,0.0,0.0,0.0
proxy,R_MC_reset_init,20,0,old_winner_changed_fraction,8,8,0,0.0,0.0,0.0
proxy,R_MC_reset_init,20,0,old_displaced_by_new_fraction,8,8,0,0.0,0.0,0.0
proxy,R_MC_reset_init,20,0,correctness_B_Cold_C_000,8,8,0,0.4752741228070176,0.1504385964912281,0.7447368421052633
proxy,R_MC_reset_init,20,0,correctness_B_Cold_C_100,8,8,0,0.0,0.0,0.0
proxy,R_MC_reset_init,20,0,correctness_B_Cold_C_010,8,8,0,0.0,0.0,0.0
proxy,R_MC_reset_init,20,0,correctness_B_Cold_C_110,8,8,0,0.0,0.0,0.0
proxy,R_MC_reset_init,20,0,correctness_B_Cold_C_011,8,8,0,0.0,0.0,0.0
proxy,R_MC_reset_init,20,0,correctness_B_Cold_C_111,8,8,0,0.5247258771929825,0.25526315789473686,0.8495614035087721
proxy,R_MC_reset_init,20,0,B_old_margin_mean,8,8,0,0.053247157502573174,-0.04272500381752698,0.18410890533566585
proxy,R_MC_reset_init,20,0,B_old_margin_minus_R0,8,8,0,0.0,0.0,0.0
proxy,R_MC_reset_init,20,0,B_old_winner_changed_from_R0_fraction,8,8,0,0.0,0.0,0.0
proxy,R_MC_reset_init,20,0,B_old_R0_correct_to_wrong_fraction,8,8,0,0.0,0.0,0.0
proxy,R_MC_reset_init,20,0,B_old_R0_wrong_to_correct_fraction,8,8,0,0.0,0.0,0.0
proxy,R_MC_reset_init,20,0,C_old_margin_mean,8,8,0,0.053247157502573174,-0.04272500381752698,0.18410890533566585
proxy,R_MC_reset_init,20,0,C_old_margin_minus_R0,8,8,0,0.0,0.0,0.0
proxy,R_MC_reset_init,20,0,C_old_winner_changed_from_R0_fraction,8,8,0,0.0,0.0,0.0
proxy,R_MC_reset_init,20,0,C_old_R0_correct_to_wrong_fraction,8,8,0,0.0,0.0,0.0
proxy,R_MC_reset_init,20,0,C_old_R0_wrong_to_correct_fraction,8,8,0,0.0,0.0,0.0
proxy,R_MC_reset_init,20,0,C_new_margin_mean,8,0,8,,,
proxy,R_MC_reset_init,20,0,C_new_margin_minus_R0,8,0,8,,,
proxy,R_MC_reset_init,20,0,C_new_winner_changed_from_R0_fraction,8,0,8,,,
proxy,R_MC_reset_init,20,0,C_new_R0_correct_to_wrong_fraction,8,0,8,,,
proxy,R_MC_reset_init,20,0,C_new_R0_wrong_to_correct_fraction,8,0,8,,,
proxy,R_MC_reset_init,20,2,A_old_accuracy,8,0,8,,,
proxy,R_MC_reset_init,20,2,B0_old_accuracy,8,8,0,0.5247258771929825,0.25526315789473686,0.8495614035087721
proxy,R_MC_reset_init,20,2,B_old_accuracy,8,8,0,0.5247258771929825,0.25526315789473686,0.8495614035087721
proxy,R_MC_reset_init,20,2,C_old_columns_accuracy,8,8,0,0.5260964912280702,0.26228070175438595,0.8469298245614036
proxy,R_MC_reset_init,20,2,C_old_accuracy,8,8,0,0.4964364035087719,0.21052631578947373,0.8385964912280702
proxy,R_MC_reset_init,20,2,C_new_accuracy,8,8,0,0.2898026315789474,0.1789473684210526,0.5618421052631579
proxy,R_MC_reset_init,20,2,C_h,8,8,0,0.3307844409643334,0.17046219130455575,0.6017454874960155
proxy,R_MC_reset_init,20,2,adaptation_gain_B_minus_A,8,0,8,,,
proxy,R_MC_reset_init,20,2,support_adaptation_B_minus_B0,8,8,0,0.0,0.0,0.0
proxy,R_MC_reset_init,20,2,old_order_change,8,8,0,-0.0013706140350877194,-0.007017543859649122,0.004824561403508771
proxy,R_MC_reset_init,20,2,new_competition_loss,8,8,0,0.029660087719298244,0.008333333333333333,0.055263157894736833
proxy,R_MC_reset_init,20,2,total_old_accuracy_drop,8,8,0,0.028289473684210528,0.010087719298245614,0.05263157894736843
proxy,R_MC_reset_init,20,2,C_abs_new_old_gap,8,8,0,0.253234649122807,0.11140350877192981,0.6109649122807018
proxy,R_MC_reset_init,20,2,C_new_minus_old,8,8,0,-0.20663377192982454,-0.6109649122807018,-0.025877192982456144
proxy,R_MC_reset_init,20,2,C_old_minus_R0,8,8,0,0.0,0.0,0.0
proxy,R_MC_reset_init,20,2,C_new_minus_R0,8,8,0,0.0,0.0,0.0
proxy,R_MC_reset_init,20,2,old_order_recovery_fraction,8,8,0,0.014418859649122805,0.003947368421052632,0.026754385964912288
proxy,R_MC_reset_init,20,2,total_recovery_fraction,8,8,0,0.008442982456140351,0.0030701754385964912,0.012719298245614036
proxy,R_MC_reset_init,20,2,old_winner_changed_fraction,8,8,0,0.07017543859649124,0.018859649122807014,0.1192982456140351
proxy,R_MC_reset_init,20,2,old_displaced_by_new_fraction,8,8,0,0.14287280701754385,0.018421052631578946,0.26973684210526316
proxy,R_MC_reset_init,20,2,correctness_B_Cold_C_000,8,8,0,0.46085526315789477,0.1464912280701754,0.717982456140351
proxy,R_MC_reset_init,20,2,correctness_B_Cold_C_100,8,8,0,0.013048245614035085,0.006578947368421052,0.019736842105263157
proxy,R_MC_reset_init,20,2,correctness_B_Cold_C_010,8,8,0,0.005975877192982456,0.00043859649122807013,0.015350877192982459
proxy,R_MC_reset_init,20,2,correctness_B_Cold_C_110,8,8,0,0.023684210526315787,0.007894736842105263,0.04342105263157895
proxy,R_MC_reset_init,20,2,correctness_B_Cold_C_011,8,8,0,0.008442982456140351,0.0030701754385964912,0.012719298245614036
proxy,R_MC_reset_init,20,2,correctness_B_Cold_C_111,8,8,0,0.4879934210526316,0.19912280701754387,0.8350877192982455
proxy,R_MC_reset_init,20,2,B_old_margin_mean,8,8,0,0.053247157502573174,-0.04272500381752698,0.18410890533566585
proxy,R_MC_reset_init,20,2,B_old_margin_minus_R0,8,8,0,0.0,0.0,0.0
proxy,R_MC_reset_init,20,2,B_old_winner_changed_from_R0_fraction,8,8,0,0.0,0.0,0.0
proxy,R_MC_reset_init,20,2,B_old_R0_correct_to_wrong_fraction,8,8,0,0.0,0.0,0.0
proxy,R_MC_reset_init,20,2,B_old_R0_wrong_to_correct_fraction,8,8,0,0.0,0.0,0.0
proxy,R_MC_reset_init,20,2,C_old_margin_mean,8,8,0,0.03674574507490099,-0.05193251289124199,0.16019508534641141
proxy,R_MC_reset_init,20,2,C_old_margin_minus_R0,8,8,0,0.0,0.0,0.0
proxy,R_MC_reset_init,20,2,C_old_winner_changed_from_R0_fraction,8,8,0,0.0,0.0,0.0
proxy,R_MC_reset_init,20,2,C_old_R0_correct_to_wrong_fraction,8,8,0,0.0,0.0,0.0
proxy,R_MC_reset_init,20,2,C_old_R0_wrong_to_correct_fraction,8,8,0,0.0,0.0,0.0
proxy,R_MC_reset_init,20,2,C_new_margin_mean,8,8,0,-0.044993727511680966,-0.08530952982024266,0.03754702828518
proxy,R_MC_reset_init,20,2,C_new_margin_minus_R0,8,8,0,0.0,0.0,0.0
proxy,R_MC_reset_init,20,2,C_new_winner_changed_from_R0_fraction,8,8,0,0.0,0.0,0.0
proxy,R_MC_reset_init,20,2,C_new_R0_correct_to_wrong_fraction,8,8,0,0.0,0.0,0.0
proxy,R_MC_reset_init,20,2,C_new_R0_wrong_to_correct_fraction,8,8,0,0.0,0.0,0.0
proxy,R_MC_reset_init,20,5,A_old_accuracy,8,0,8,,,
proxy,R_MC_reset_init,20,5,B0_old_accuracy,8,8,0,0.5247258771929825,0.25526315789473686,0.8495614035087721
proxy,R_MC_reset_init,20,5,B_old_accuracy,8,8,0,0.5247258771929825,0.25526315789473686,0.8495614035087721
proxy,R_MC_reset_init,20,5,C_old_columns_accuracy,8,8,0,0.5293859649122807,0.26140350877192986,0.849561403508772
proxy,R_MC_reset_init,20,5,C_old_accuracy,8,8,0,0.4548245614035088,0.18464912280701756,0.7807017543859649
proxy,R_MC_reset_init,20,5,C_new_accuracy,8,8,0,0.37052631578947376,0.1610526315789474,0.6157894736842107
proxy,R_MC_reset_init,20,5,C_h,8,8,0,0.3959780713312625,0.15545857663619495,0.6559729951220279
proxy,R_MC_reset_init,20,5,adaptation_gain_B_minus_A,8,0,8,,,
proxy,R_MC_reset_init,20,5,support_adaptation_B_minus_B0,8,8,0,0.0,0.0,0.0
proxy,R_MC_reset_init,20,5,old_order_change,8,8,0,-0.0046600877192982445,-0.013596491228070173,0.004824561403508771
proxy,R_MC_reset_init,20,5,new_competition_loss,8,8,0,0.07456140350877193,0.05614035087719298,0.08289473684210527
proxy,R_MC_reset_init,20,5,total_old_accuracy_drop,8,8,0,0.06990131578947367,0.051315789473684204,0.08771929824561403
proxy,R_MC_reset_init,20,5,C_abs_new_old_gap,8,8,0,0.12357456140350875,0.07833333333333332,0.2398245614035087
proxy,R_MC_reset_init,20,5,C_new_minus_old,8,8,0,-0.08429824561403507,-0.2398245614035087,-0.010087719298245621
proxy,R_MC_reset_init,20,5,C_old_minus_R0,8,8,0,0.0,0.0,0.0
proxy,R_MC_reset_init,20,5,C_new_minus_R0,8,8,0,0.0,0.0,0.0
proxy,R_MC_reset_init,20,5,old_order_recovery_fraction,8,8,0,0.020120614035087712,0.0043859649122807015,0.030701754385964907
proxy,R_MC_reset_init,20,5,total_recovery_fraction,8,8,0,0.008004385964912281,0.002631578947368421,0.014473684210526316
proxy,R_MC_reset_init,20,5,old_winner_changed_fraction,8,8,0,0.09057017543859648,0.02149122807017544,0.14342105263157895
proxy,R_MC_reset_init,20,5,old_displaced_by_new_fraction,8,8,0,0.25663377192982456,0.09517543859649122,0.4118421052631579
proxy,R_MC_reset_init,20,5,correctness_B_Cold_C_000,8,8,0,0.45515350877192984,0.14473684210526316,0.7140350877192982
proxy,R_MC_reset_init,20,5,correctness_B_Cold_C_100,8,8,0,0.015460526315789473,0.005701754385964912,0.02456140350877193
proxy,R_MC_reset_init,20,5,correctness_B_Cold_C_010,8,8,0,0.012116228070175435,0.0017543859649122805,0.02192982456140351
proxy,R_MC_reset_init,20,5,correctness_B_Cold_C_110,8,8,0,0.06244517543859649,0.05131578947368422,0.08114035087719298
proxy,R_MC_reset_init,20,5,correctness_B_Cold_C_011,8,8,0,0.008004385964912281,0.002631578947368421,0.014473684210526316
proxy,R_MC_reset_init,20,5,correctness_B_Cold_C_111,8,8,0,0.4468201754385964,0.1758771929824561,0.7776315789473683
proxy,R_MC_reset_init,20,5,B_old_margin_mean,8,8,0,0.053247157502573174,-0.04272500381752698,0.18410890533566585
proxy,R_MC_reset_init,20,5,B_old_margin_minus_R0,8,8,0,0.0,0.0,0.0
proxy,R_MC_reset_init,20,5,B_old_winner_changed_from_R0_fraction,8,8,0,0.0,0.0,0.0
proxy,R_MC_reset_init,20,5,B_old_R0_correct_to_wrong_fraction,8,8,0,0.0,0.0,0.0
proxy,R_MC_reset_init,20,5,B_old_R0_wrong_to_correct_fraction,8,8,0,0.0,0.0,0.0
proxy,R_MC_reset_init,20,5,C_old_margin_mean,8,8,0,0.019806927585284715,-0.05986130760445133,0.1229302632835988
proxy,R_MC_reset_init,20,5,C_old_margin_minus_R0,8,8,0,0.0,0.0,0.0
proxy,R_MC_reset_init,20,5,C_old_winner_changed_from_R0_fraction,8,8,0,0.0,0.0,0.0
proxy,R_MC_reset_init,20,5,C_old_R0_correct_to_wrong_fraction,8,8,0,0.0,0.0,0.0
proxy,R_MC_reset_init,20,5,C_old_R0_wrong_to_correct_fraction,8,8,0,0.0,0.0,0.0
proxy,R_MC_reset_init,20,5,C_new_margin_mean,8,8,0,-0.023224736945277144,-0.08806551081693273,0.04374460736826478
proxy,R_MC_reset_init,20,5,C_new_margin_minus_R0,8,8,0,0.0,0.0,0.0
proxy,R_MC_reset_init,20,5,C_new_winner_changed_from_R0_fraction,8,8,0,0.0,0.0,0.0
proxy,R_MC_reset_init,20,5,C_new_R0_correct_to_wrong_fraction,8,8,0,0.0,0.0,0.0
proxy,R_MC_reset_init,20,5,C_new_R0_wrong_to_correct_fraction,8,8,0,0.0,0.0,0.0
proxy,R_MC_reset_init,20,10,A_old_accuracy,8,0,8,,,
proxy,R_MC_reset_init,20,10,B0_old_accuracy,8,8,0,0.5247258771929825,0.25526315789473686,0.8495614035087721
proxy,R_MC_reset_init,20,10,B_old_accuracy,8,8,0,0.5247258771929825,0.25526315789473686,0.8495614035087721
proxy,R_MC_reset_init,20,10,C_old_columns_accuracy,8,8,0,0.5291666666666668,0.2679824561403509,0.8473684210526317
proxy,R_MC_reset_init,20,10,C_old_accuracy,8,8,0,0.41633771929824565,0.1530701754385965,0.7368421052631577
proxy,R_MC_reset_init,20,10,C_new_accuracy,8,8,0,0.3608881578947368,0.16236842105263158,0.5897368421052631
proxy,R_MC_reset_init,20,10,C_h,8,8,0,0.376857602104404,0.14333664005549043,0.6182873113249728
proxy,R_MC_reset_init,20,10,adaptation_gain_B_minus_A,8,0,8,,,
proxy,R_MC_reset_init,20,10,support_adaptation_B_minus_B0,8,8,0,0.0,0.0,0.0
proxy,R_MC_reset_init,20,10,old_order_change,8,8,0,-0.0044407894736842105,-0.013596491228070173,0.008771929824561403
proxy,R_MC_reset_init,20,10,new_competition_loss,8,8,0,0.11282894736842107,0.07763157894736841,0.13157894736842107
proxy,R_MC_reset_init,20,10,total_old_accuracy_drop,8,8,0,0.10838815789473683,0.07587719298245614,0.14035087719298245
proxy,R_MC_reset_init,20,10,C_abs_new_old_gap,8,8,0,0.10398026315789474,0.06412280701754387,0.20271929824561402
proxy,R_MC_reset_init,20,10,C_new_minus_old,8,8,0,-0.05544956140350876,-0.20114035087719295,0.01833333333333334
proxy,R_MC_reset_init,20,10,C_old_minus_R0,8,8,0,0.0,0.0,0.0
proxy,R_MC_reset_init,20,10,C_new_minus_R0,8,8,0,0.0,0.0,0.0
proxy,R_MC_reset_init,20,10,old_order_recovery_fraction,8,8,0,0.023574561403508772,0.0043859649122807015,0.04298245614035087
proxy,R_MC_reset_init,20,10,total_recovery_fraction,8,8,0,0.0060855263157894735,0.0008771929824561403,0.010087719298245614
proxy,R_MC_reset_init,20,10,old_winner_changed_fraction,8,8,0,0.10487938596491228,0.030263157894736846,0.18333333333333335
proxy,R_MC_reset_init,20,10,old_displaced_by_new_fraction,8,8,0,0.38179824561403514,0.18859649122807018,0.5657894736842104
proxy,R_MC_reset_init,20,10,correctness_B_Cold_C_000,8,8,0,0.45169956140350875,0.1429824561403509,0.7026315789473683
proxy,R_MC_reset_init,20,10,correctness_B_Cold_C_100,8,8,0,0.019133771929824562,0.009649122807017543,0.029385964912280703
proxy,R_MC_reset_init,20,10,correctness_B_Cold_C_010,8,8,0,0.017489035087719297,0.003508771929824561,0.03640350877192982
proxy,R_MC_reset_init,20,10,correctness_B_Cold_C_110,8,8,0,0.09533991228070174,0.07280701754385964,0.1280701754385965
proxy,R_MC_reset_init,20,10,correctness_B_Cold_C_011,8,8,0,0.0060855263157894735,0.0008771929824561403,0.010087719298245614
proxy,R_MC_reset_init,20,10,correctness_B_Cold_C_111,8,8,0,0.41025219298245613,0.14649122807017545,0.7342105263157894
proxy,R_MC_reset_init,20,10,B_old_margin_mean,8,8,0,0.053247157502573174,-0.04272500381752698,0.18410890533566585
proxy,R_MC_reset_init,20,10,B_old_margin_minus_R0,8,8,0,0.0,0.0,0.0
proxy,R_MC_reset_init,20,10,B_old_winner_changed_from_R0_fraction,8,8,0,0.0,0.0,0.0
proxy,R_MC_reset_init,20,10,B_old_R0_correct_to_wrong_fraction,8,8,0,0.0,0.0,0.0
proxy,R_MC_reset_init,20,10,B_old_R0_wrong_to_correct_fraction,8,8,0,0.0,0.0,0.0
proxy,R_MC_reset_init,20,10,C_old_margin_mean,8,8,0,0.009623682218077067,-0.06876200292117754,0.11252908155257368
proxy,R_MC_reset_init,20,10,C_old_margin_minus_R0,8,8,0,0.0,0.0,0.0
proxy,R_MC_reset_init,20,10,C_old_winner_changed_from_R0_fraction,8,8,0,0.0,0.0,0.0
proxy,R_MC_reset_init,20,10,C_old_R0_correct_to_wrong_fraction,8,8,0,0.0,0.0,0.0
proxy,R_MC_reset_init,20,10,C_old_R0_wrong_to_correct_fraction,8,8,0,0.0,0.0,0.0
proxy,R_MC_reset_init,20,10,C_new_margin_mean,8,8,0,-0.019482932195258262,-0.07228708314045867,0.03518411189781524
proxy,R_MC_reset_init,20,10,C_new_margin_minus_R0,8,8,0,0.0,0.0,0.0
proxy,R_MC_reset_init,20,10,C_new_winner_changed_from_R0_fraction,8,8,0,0.0,0.0,0.0
proxy,R_MC_reset_init,20,10,C_new_R0_correct_to_wrong_fraction,8,8,0,0.0,0.0,0.0
proxy,R_MC_reset_init,20,10,C_new_R0_wrong_to_correct_fraction,8,8,0,0.0,0.0,0.0
proxy,R_MC_reset_init,20,20,A_old_accuracy,8,0,8,,,
proxy,R_MC_reset_init,20,20,B0_old_accuracy,8,8,0,0.5247258771929825,0.25526315789473686,0.8495614035087721
proxy,R_MC_reset_init,20,20,B_old_accuracy,8,8,0,0.5247258771929825,0.25526315789473686,0.8495614035087721
proxy,R_MC_reset_init,20,20,C_old_columns_accuracy,8,8,0,0.5342105263157895,0.27324561403508774,0.8478070175438598
proxy,R_MC_reset_init,20,20,C_old_accuracy,8,8,0,0.3807017543859648,0.11798245614035088,0.7087719298245613
proxy,R_MC_reset_init,20,20,C_new_accuracy,8,8,0,0.32388157894736846,0.1386842105263158,0.5132894736842107
proxy,R_MC_reset_init,20,20,C_h,8,8,0,0.3416673491582608,0.12059738077400735,0.5741620101660129
proxy,R_MC_reset_init,20,20,adaptation_gain_B_minus_A,8,0,8,,,
proxy,R_MC_reset_init,20,20,support_adaptation_B_minus_B0,8,8,0,0.0,0.0,0.0
proxy,R_MC_reset_init,20,20,old_order_change,8,8,0,-0.009484649122807016,-0.025438596491228066,0.008333333333333333
proxy,R_MC_reset_init,20,20,new_competition_loss,8,8,0,0.15350877192982457,0.1333333333333333,0.16315789473684209
proxy,R_MC_reset_init,20,20,total_old_accuracy_drop,8,8,0,0.14402412280701754,0.13114035087719295,0.16184210526315787
proxy,R_MC_reset_init,20,20,C_abs_new_old_gap,8,8,0,0.1017434210526316,0.0537719298245614,0.22223684210526318
proxy,R_MC_reset_init,20,20,C_new_minus_old,8,8,0,-0.05682017543859649,-0.22206140350877193,0.021754385964912287
proxy,R_MC_reset_init,20,20,C_old_minus_R0,8,8,0,0.0,0.0,0.0
proxy,R_MC_reset_init,20,20,C_new_minus_R0,8,8,0,0.0,0.0,0.0
proxy,R_MC_reset_init,20,20,old_order_recovery_fraction,8,8,0,0.03163377192982456,0.007017543859649122,0.04912280701754386
proxy,R_MC_reset_init,20,20,total_recovery_fraction,8,8,0,0.0037828947368421057,0.0,0.009210526315789473
proxy,R_MC_reset_init,20,20,old_winner_changed_fraction,8,8,0,0.128125,0.03991228070175438,0.2100877192982456
proxy,R_MC_reset_init,20,20,old_displaced_by_new_fraction,8,8,0,0.48421052631578954,0.2307017543859649,0.7092105263157895
proxy,R_MC_reset_init,20,20,correctness_B_Cold_C_000,8,8,0,0.443640350877193,0.13947368421052633,0.6956140350877192
proxy,R_MC_reset_init,20,20,correctness_B_Cold_C_100,8,8,0,0.022149122807017547,0.012719298245614036,0.03114035087719298
proxy,R_MC_reset_init,20,20,correctness_B_Cold_C_010,8,8,0,0.02785087719298246,0.007017543859649122,0.046052631578947366
proxy,R_MC_reset_init,20,20,correctness_B_Cold_C_110,8,8,0,0.1256578947368421,0.1092105263157895,0.14649122807017542
proxy,R_MC_reset_init,20,20,correctness_B_Cold_C_011,8,8,0,0.0037828947368421057,0.0,0.009210526315789473
proxy,R_MC_reset_init,20,20,correctness_B_Cold_C_111,8,8,0,0.37691885964912275,0.11491228070175437,0.707456140350877
proxy,R_MC_reset_init,20,20,B_old_margin_mean,8,8,0,0.053247157502573174,-0.04272500381752698,0.18410890533566585
proxy,R_MC_reset_init,20,20,B_old_margin_minus_R0,8,8,0,0.0,0.0,0.0
proxy,R_MC_reset_init,20,20,B_old_winner_changed_from_R0_fraction,8,8,0,0.0,0.0,0.0
proxy,R_MC_reset_init,20,20,B_old_R0_correct_to_wrong_fraction,8,8,0,0.0,0.0,0.0
proxy,R_MC_reset_init,20,20,B_old_R0_wrong_to_correct_fraction,8,8,0,0.0,0.0,0.0
proxy,R_MC_reset_init,20,20,C_old_margin_mean,8,8,0,0.0007085607161213033,-0.0720939790049542,0.10056360738435335
proxy,R_MC_reset_init,20,20,C_old_margin_minus_R0,8,8,0,0.0,0.0,0.0
proxy,R_MC_reset_init,20,20,C_old_winner_changed_from_R0_fraction,8,8,0,0.0,0.0,0.0
proxy,R_MC_reset_init,20,20,C_old_R0_correct_to_wrong_fraction,8,8,0,0.0,0.0,0.0
proxy,R_MC_reset_init,20,20,C_old_R0_wrong_to_correct_fraction,8,8,0,0.0,0.0,0.0
proxy,R_MC_reset_init,20,20,C_new_margin_mean,8,8,0,-0.025633852428248595,-0.07432682554276712,0.021006078194618128
proxy,R_MC_reset_init,20,20,C_new_margin_minus_R0,8,8,0,0.0,0.0,0.0
proxy,R_MC_reset_init,20,20,C_new_winner_changed_from_R0_fraction,8,8,0,0.0,0.0,0.0
proxy,R_MC_reset_init,20,20,C_new_R0_correct_to_wrong_fraction,8,8,0,0.0,0.0,0.0
proxy,R_MC_reset_init,20,20,C_new_R0_wrong_to_correct_fraction,8,8,0,0.0,0.0,0.0
proxy,R_MC_seq,1,0,A_old_accuracy,8,0,8,,,
proxy,R_MC_seq,1,0,B0_old_accuracy,8,0,8,,,
proxy,R_MC_seq,1,0,B_old_accuracy,8,0,8,,,
proxy,R_MC_seq,1,0,C_old_columns_accuracy,8,0,8,,,
proxy,R_MC_seq,1,0,C_old_accuracy,8,0,8,,,
proxy,R_MC_seq,1,0,C_new_accuracy,8,0,8,,,
proxy,R_MC_seq,1,0,C_h,8,0,8,,,
proxy,R_MC_seq,1,0,adaptation_gain_B_minus_A,8,0,8,,,
proxy,R_MC_seq,1,0,support_adaptation_B_minus_B0,8,0,8,,,
proxy,R_MC_seq,1,0,old_order_change,8,0,8,,,
proxy,R_MC_seq,1,0,new_competition_loss,8,0,8,,,
proxy,R_MC_seq,1,0,total_old_accuracy_drop,8,0,8,,,
proxy,R_MC_seq,1,0,C_abs_new_old_gap,8,0,8,,,
proxy,R_MC_seq,1,0,C_new_minus_old,8,0,8,,,
proxy,R_MC_seq,1,0,C_old_minus_R0,8,0,8,,,
proxy,R_MC_seq,1,0,C_new_minus_R0,8,0,8,,,
proxy,R_MC_seq,1,0,old_order_recovery_fraction,8,0,8,,,
proxy,R_MC_seq,1,0,total_recovery_fraction,8,0,8,,,
proxy,R_MC_seq,1,0,old_winner_changed_fraction,8,0,8,,,
proxy,R_MC_seq,1,0,old_displaced_by_new_fraction,8,0,8,,,
proxy,R_MC_seq,1,0,correctness_B_Cold_C_000,8,0,8,,,
proxy,R_MC_seq,1,0,correctness_B_Cold_C_100,8,0,8,,,
proxy,R_MC_seq,1,0,correctness_B_Cold_C_010,8,0,8,,,
proxy,R_MC_seq,1,0,correctness_B_Cold_C_110,8,0,8,,,
proxy,R_MC_seq,1,0,correctness_B_Cold_C_011,8,0,8,,,
proxy,R_MC_seq,1,0,correctness_B_Cold_C_111,8,0,8,,,
proxy,R_MC_seq,1,0,B_old_margin_mean,8,0,8,,,
proxy,R_MC_seq,1,0,B_old_margin_minus_R0,8,0,8,,,
proxy,R_MC_seq,1,0,B_old_winner_changed_from_R0_fraction,8,0,8,,,
proxy,R_MC_seq,1,0,B_old_R0_correct_to_wrong_fraction,8,0,8,,,
proxy,R_MC_seq,1,0,B_old_R0_wrong_to_correct_fraction,8,0,8,,,
proxy,R_MC_seq,1,0,C_old_margin_mean,8,0,8,,,
proxy,R_MC_seq,1,0,C_old_margin_minus_R0,8,0,8,,,
proxy,R_MC_seq,1,0,C_old_winner_changed_from_R0_fraction,8,0,8,,,
proxy,R_MC_seq,1,0,C_old_R0_correct_to_wrong_fraction,8,0,8,,,
proxy,R_MC_seq,1,0,C_old_R0_wrong_to_correct_fraction,8,0,8,,,
proxy,R_MC_seq,1,0,C_new_margin_mean,8,0,8,,,
proxy,R_MC_seq,1,0,C_new_margin_minus_R0,8,0,8,,,
proxy,R_MC_seq,1,0,C_new_winner_changed_from_R0_fraction,8,0,8,,,
proxy,R_MC_seq,1,0,C_new_R0_correct_to_wrong_fraction,8,0,8,,,
proxy,R_MC_seq,1,0,C_new_R0_wrong_to_correct_fraction,8,0,8,,,
proxy,R_MC_seq,1,2,A_old_accuracy,8,0,8,,,
proxy,R_MC_seq,1,2,B0_old_accuracy,8,0,8,,,
proxy,R_MC_seq,1,2,B_old_accuracy,8,0,8,,,
proxy,R_MC_seq,1,2,C_old_columns_accuracy,8,0,8,,,
proxy,R_MC_seq,1,2,C_old_accuracy,8,0,8,,,
proxy,R_MC_seq,1,2,C_new_accuracy,8,0,8,,,
proxy,R_MC_seq,1,2,C_h,8,0,8,,,
proxy,R_MC_seq,1,2,adaptation_gain_B_minus_A,8,0,8,,,
proxy,R_MC_seq,1,2,support_adaptation_B_minus_B0,8,0,8,,,
proxy,R_MC_seq,1,2,old_order_change,8,0,8,,,
proxy,R_MC_seq,1,2,new_competition_loss,8,0,8,,,
proxy,R_MC_seq,1,2,total_old_accuracy_drop,8,0,8,,,
proxy,R_MC_seq,1,2,C_abs_new_old_gap,8,0,8,,,
proxy,R_MC_seq,1,2,C_new_minus_old,8,0,8,,,
proxy,R_MC_seq,1,2,C_old_minus_R0,8,0,8,,,
proxy,R_MC_seq,1,2,C_new_minus_R0,8,0,8,,,
proxy,R_MC_seq,1,2,old_order_recovery_fraction,8,0,8,,,
proxy,R_MC_seq,1,2,total_recovery_fraction,8,0,8,,,
proxy,R_MC_seq,1,2,old_winner_changed_fraction,8,0,8,,,
proxy,R_MC_seq,1,2,old_displaced_by_new_fraction,8,0,8,,,
proxy,R_MC_seq,1,2,correctness_B_Cold_C_000,8,0,8,,,
proxy,R_MC_seq,1,2,correctness_B_Cold_C_100,8,0,8,,,
proxy,R_MC_seq,1,2,correctness_B_Cold_C_010,8,0,8,,,
proxy,R_MC_seq,1,2,correctness_B_Cold_C_110,8,0,8,,,
proxy,R_MC_seq,1,2,correctness_B_Cold_C_011,8,0,8,,,
proxy,R_MC_seq,1,2,correctness_B_Cold_C_111,8,0,8,,,
proxy,R_MC_seq,1,2,B_old_margin_mean,8,0,8,,,
proxy,R_MC_seq,1,2,B_old_margin_minus_R0,8,0,8,,,
proxy,R_MC_seq,1,2,B_old_winner_changed_from_R0_fraction,8,0,8,,,
proxy,R_MC_seq,1,2,B_old_R0_correct_to_wrong_fraction,8,0,8,,,
proxy,R_MC_seq,1,2,B_old_R0_wrong_to_correct_fraction,8,0,8,,,
proxy,R_MC_seq,1,2,C_old_margin_mean,8,0,8,,,
proxy,R_MC_seq,1,2,C_old_margin_minus_R0,8,0,8,,,
proxy,R_MC_seq,1,2,C_old_winner_changed_from_R0_fraction,8,0,8,,,
proxy,R_MC_seq,1,2,C_old_R0_correct_to_wrong_fraction,8,0,8,,,
proxy,R_MC_seq,1,2,C_old_R0_wrong_to_correct_fraction,8,0,8,,,
proxy,R_MC_seq,1,2,C_new_margin_mean,8,0,8,,,
proxy,R_MC_seq,1,2,C_new_margin_minus_R0,8,0,8,,,
proxy,R_MC_seq,1,2,C_new_winner_changed_from_R0_fraction,8,0,8,,,
proxy,R_MC_seq,1,2,C_new_R0_correct_to_wrong_fraction,8,0,8,,,
proxy,R_MC_seq,1,2,C_new_R0_wrong_to_correct_fraction,8,0,8,,,
proxy,R_MC_seq,1,5,A_old_accuracy,8,0,8,,,
proxy,R_MC_seq,1,5,B0_old_accuracy,8,0,8,,,
proxy,R_MC_seq,1,5,B_old_accuracy,8,0,8,,,
proxy,R_MC_seq,1,5,C_old_columns_accuracy,8,0,8,,,
proxy,R_MC_seq,1,5,C_old_accuracy,8,0,8,,,
proxy,R_MC_seq,1,5,C_new_accuracy,8,0,8,,,
proxy,R_MC_seq,1,5,C_h,8,0,8,,,
proxy,R_MC_seq,1,5,adaptation_gain_B_minus_A,8,0,8,,,
proxy,R_MC_seq,1,5,support_adaptation_B_minus_B0,8,0,8,,,
proxy,R_MC_seq,1,5,old_order_change,8,0,8,,,
proxy,R_MC_seq,1,5,new_competition_loss,8,0,8,,,
proxy,R_MC_seq,1,5,total_old_accuracy_drop,8,0,8,,,
proxy,R_MC_seq,1,5,C_abs_new_old_gap,8,0,8,,,
proxy,R_MC_seq,1,5,C_new_minus_old,8,0,8,,,
proxy,R_MC_seq,1,5,C_old_minus_R0,8,0,8,,,
proxy,R_MC_seq,1,5,C_new_minus_R0,8,0,8,,,
proxy,R_MC_seq,1,5,old_order_recovery_fraction,8,0,8,,,
proxy,R_MC_seq,1,5,total_recovery_fraction,8,0,8,,,
proxy,R_MC_seq,1,5,old_winner_changed_fraction,8,0,8,,,
proxy,R_MC_seq,1,5,old_displaced_by_new_fraction,8,0,8,,,
proxy,R_MC_seq,1,5,correctness_B_Cold_C_000,8,0,8,,,
proxy,R_MC_seq,1,5,correctness_B_Cold_C_100,8,0,8,,,
proxy,R_MC_seq,1,5,correctness_B_Cold_C_010,8,0,8,,,
proxy,R_MC_seq,1,5,correctness_B_Cold_C_110,8,0,8,,,
proxy,R_MC_seq,1,5,correctness_B_Cold_C_011,8,0,8,,,
proxy,R_MC_seq,1,5,correctness_B_Cold_C_111,8,0,8,,,
proxy,R_MC_seq,1,5,B_old_margin_mean,8,0,8,,,
proxy,R_MC_seq,1,5,B_old_margin_minus_R0,8,0,8,,,
proxy,R_MC_seq,1,5,B_old_winner_changed_from_R0_fraction,8,0,8,,,
proxy,R_MC_seq,1,5,B_old_R0_correct_to_wrong_fraction,8,0,8,,,
proxy,R_MC_seq,1,5,B_old_R0_wrong_to_correct_fraction,8,0,8,,,
proxy,R_MC_seq,1,5,C_old_margin_mean,8,0,8,,,
proxy,R_MC_seq,1,5,C_old_margin_minus_R0,8,0,8,,,
proxy,R_MC_seq,1,5,C_old_winner_changed_from_R0_fraction,8,0,8,,,
proxy,R_MC_seq,1,5,C_old_R0_correct_to_wrong_fraction,8,0,8,,,
proxy,R_MC_seq,1,5,C_old_R0_wrong_to_correct_fraction,8,0,8,,,
proxy,R_MC_seq,1,5,C_new_margin_mean,8,0,8,,,
proxy,R_MC_seq,1,5,C_new_margin_minus_R0,8,0,8,,,
proxy,R_MC_seq,1,5,C_new_winner_changed_from_R0_fraction,8,0,8,,,
proxy,R_MC_seq,1,5,C_new_R0_correct_to_wrong_fraction,8,0,8,,,
proxy,R_MC_seq,1,5,C_new_R0_wrong_to_correct_fraction,8,0,8,,,
proxy,R_MC_seq,1,10,A_old_accuracy,8,0,8,,,
proxy,R_MC_seq,1,10,B0_old_accuracy,8,0,8,,,
proxy,R_MC_seq,1,10,B_old_accuracy,8,0,8,,,
proxy,R_MC_seq,1,10,C_old_columns_accuracy,8,0,8,,,
proxy,R_MC_seq,1,10,C_old_accuracy,8,0,8,,,
proxy,R_MC_seq,1,10,C_new_accuracy,8,0,8,,,
proxy,R_MC_seq,1,10,C_h,8,0,8,,,
proxy,R_MC_seq,1,10,adaptation_gain_B_minus_A,8,0,8,,,
proxy,R_MC_seq,1,10,support_adaptation_B_minus_B0,8,0,8,,,
proxy,R_MC_seq,1,10,old_order_change,8,0,8,,,
proxy,R_MC_seq,1,10,new_competition_loss,8,0,8,,,
proxy,R_MC_seq,1,10,total_old_accuracy_drop,8,0,8,,,
proxy,R_MC_seq,1,10,C_abs_new_old_gap,8,0,8,,,
proxy,R_MC_seq,1,10,C_new_minus_old,8,0,8,,,
proxy,R_MC_seq,1,10,C_old_minus_R0,8,0,8,,,
proxy,R_MC_seq,1,10,C_new_minus_R0,8,0,8,,,
proxy,R_MC_seq,1,10,old_order_recovery_fraction,8,0,8,,,
proxy,R_MC_seq,1,10,total_recovery_fraction,8,0,8,,,
proxy,R_MC_seq,1,10,old_winner_changed_fraction,8,0,8,,,
proxy,R_MC_seq,1,10,old_displaced_by_new_fraction,8,0,8,,,
proxy,R_MC_seq,1,10,correctness_B_Cold_C_000,8,0,8,,,
proxy,R_MC_seq,1,10,correctness_B_Cold_C_100,8,0,8,,,
proxy,R_MC_seq,1,10,correctness_B_Cold_C_010,8,0,8,,,
proxy,R_MC_seq,1,10,correctness_B_Cold_C_110,8,0,8,,,
proxy,R_MC_seq,1,10,correctness_B_Cold_C_011,8,0,8,,,
proxy,R_MC_seq,1,10,correctness_B_Cold_C_111,8,0,8,,,
proxy,R_MC_seq,1,10,B_old_margin_mean,8,0,8,,,
proxy,R_MC_seq,1,10,B_old_margin_minus_R0,8,0,8,,,
proxy,R_MC_seq,1,10,B_old_winner_changed_from_R0_fraction,8,0,8,,,
proxy,R_MC_seq,1,10,B_old_R0_correct_to_wrong_fraction,8,0,8,,,
proxy,R_MC_seq,1,10,B_old_R0_wrong_to_correct_fraction,8,0,8,,,
proxy,R_MC_seq,1,10,C_old_margin_mean,8,0,8,,,
proxy,R_MC_seq,1,10,C_old_margin_minus_R0,8,0,8,,,
proxy,R_MC_seq,1,10,C_old_winner_changed_from_R0_fraction,8,0,8,,,
proxy,R_MC_seq,1,10,C_old_R0_correct_to_wrong_fraction,8,0,8,,,
proxy,R_MC_seq,1,10,C_old_R0_wrong_to_correct_fraction,8,0,8,,,
proxy,R_MC_seq,1,10,C_new_margin_mean,8,0,8,,,
proxy,R_MC_seq,1,10,C_new_margin_minus_R0,8,0,8,,,
proxy,R_MC_seq,1,10,C_new_winner_changed_from_R0_fraction,8,0,8,,,
proxy,R_MC_seq,1,10,C_new_R0_correct_to_wrong_fraction,8,0,8,,,
proxy,R_MC_seq,1,10,C_new_R0_wrong_to_correct_fraction,8,0,8,,,
proxy,R_MC_seq,1,20,A_old_accuracy,8,0,8,,,
proxy,R_MC_seq,1,20,B0_old_accuracy,8,0,8,,,
proxy,R_MC_seq,1,20,B_old_accuracy,8,0,8,,,
proxy,R_MC_seq,1,20,C_old_columns_accuracy,8,0,8,,,
proxy,R_MC_seq,1,20,C_old_accuracy,8,0,8,,,
proxy,R_MC_seq,1,20,C_new_accuracy,8,0,8,,,
proxy,R_MC_seq,1,20,C_h,8,0,8,,,
proxy,R_MC_seq,1,20,adaptation_gain_B_minus_A,8,0,8,,,
proxy,R_MC_seq,1,20,support_adaptation_B_minus_B0,8,0,8,,,
proxy,R_MC_seq,1,20,old_order_change,8,0,8,,,
proxy,R_MC_seq,1,20,new_competition_loss,8,0,8,,,
proxy,R_MC_seq,1,20,total_old_accuracy_drop,8,0,8,,,
proxy,R_MC_seq,1,20,C_abs_new_old_gap,8,0,8,,,
proxy,R_MC_seq,1,20,C_new_minus_old,8,0,8,,,
proxy,R_MC_seq,1,20,C_old_minus_R0,8,0,8,,,
proxy,R_MC_seq,1,20,C_new_minus_R0,8,0,8,,,
proxy,R_MC_seq,1,20,old_order_recovery_fraction,8,0,8,,,
proxy,R_MC_seq,1,20,total_recovery_fraction,8,0,8,,,
proxy,R_MC_seq,1,20,old_winner_changed_fraction,8,0,8,,,
proxy,R_MC_seq,1,20,old_displaced_by_new_fraction,8,0,8,,,
proxy,R_MC_seq,1,20,correctness_B_Cold_C_000,8,0,8,,,
proxy,R_MC_seq,1,20,correctness_B_Cold_C_100,8,0,8,,,
proxy,R_MC_seq,1,20,correctness_B_Cold_C_010,8,0,8,,,
proxy,R_MC_seq,1,20,correctness_B_Cold_C_110,8,0,8,,,
proxy,R_MC_seq,1,20,correctness_B_Cold_C_011,8,0,8,,,
proxy,R_MC_seq,1,20,correctness_B_Cold_C_111,8,0,8,,,
proxy,R_MC_seq,1,20,B_old_margin_mean,8,0,8,,,
proxy,R_MC_seq,1,20,B_old_margin_minus_R0,8,0,8,,,
proxy,R_MC_seq,1,20,B_old_winner_changed_from_R0_fraction,8,0,8,,,
proxy,R_MC_seq,1,20,B_old_R0_correct_to_wrong_fraction,8,0,8,,,
proxy,R_MC_seq,1,20,B_old_R0_wrong_to_correct_fraction,8,0,8,,,
proxy,R_MC_seq,1,20,C_old_margin_mean,8,0,8,,,
proxy,R_MC_seq,1,20,C_old_margin_minus_R0,8,0,8,,,
proxy,R_MC_seq,1,20,C_old_winner_changed_from_R0_fraction,8,0,8,,,
proxy,R_MC_seq,1,20,C_old_R0_correct_to_wrong_fraction,8,0,8,,,
proxy,R_MC_seq,1,20,C_old_R0_wrong_to_correct_fraction,8,0,8,,,
proxy,R_MC_seq,1,20,C_new_margin_mean,8,0,8,,,
proxy,R_MC_seq,1,20,C_new_margin_minus_R0,8,0,8,,,
proxy,R_MC_seq,1,20,C_new_winner_changed_from_R0_fraction,8,0,8,,,
proxy,R_MC_seq,1,20,C_new_R0_correct_to_wrong_fraction,8,0,8,,,
proxy,R_MC_seq,1,20,C_new_R0_wrong_to_correct_fraction,8,0,8,,,
proxy,R_MC_seq,5,0,A_old_accuracy,8,0,8,,,
proxy,R_MC_seq,5,0,B0_old_accuracy,8,8,0,0.509375,0.19166666666666668,0.9166666666666666
proxy,R_MC_seq,5,0,B_old_accuracy,8,8,0,0.509375,0.19166666666666668,0.9166666666666666
proxy,R_MC_seq,5,0,C_old_columns_accuracy,8,8,0,0.509375,0.19166666666666668,0.9166666666666666
proxy,R_MC_seq,5,0,C_old_accuracy,8,8,0,0.509375,0.19166666666666668,0.9166666666666666
proxy,R_MC_seq,5,0,C_new_accuracy,8,0,8,,,
proxy,R_MC_seq,5,0,C_h,8,0,8,,,
proxy,R_MC_seq,5,0,adaptation_gain_B_minus_A,8,0,8,,,
proxy,R_MC_seq,5,0,support_adaptation_B_minus_B0,8,8,0,0.0,0.0,0.0
proxy,R_MC_seq,5,0,old_order_change,8,8,0,0.0,0.0,0.0
proxy,R_MC_seq,5,0,new_competition_loss,8,8,0,0.0,0.0,0.0
proxy,R_MC_seq,5,0,total_old_accuracy_drop,8,8,0,0.0,0.0,0.0
proxy,R_MC_seq,5,0,C_abs_new_old_gap,8,0,8,,,
proxy,R_MC_seq,5,0,C_new_minus_old,8,0,8,,,
proxy,R_MC_seq,5,0,C_old_minus_R0,8,8,0,0.0,0.0,0.0
proxy,R_MC_seq,5,0,C_new_minus_R0,8,0,8,,,
proxy,R_MC_seq,5,0,old_order_recovery_fraction,8,8,0,0.0,0.0,0.0
proxy,R_MC_seq,5,0,total_recovery_fraction,8,8,0,0.0,0.0,0.0
proxy,R_MC_seq,5,0,old_winner_changed_fraction,8,8,0,0.0,0.0,0.0
proxy,R_MC_seq,5,0,old_displaced_by_new_fraction,8,8,0,0.0,0.0,0.0
proxy,R_MC_seq,5,0,correctness_B_Cold_C_000,8,8,0,0.49062500000000003,0.08333333333333334,0.8083333333333333
proxy,R_MC_seq,5,0,correctness_B_Cold_C_100,8,8,0,0.0,0.0,0.0
proxy,R_MC_seq,5,0,correctness_B_Cold_C_010,8,8,0,0.0,0.0,0.0
proxy,R_MC_seq,5,0,correctness_B_Cold_C_110,8,8,0,0.0,0.0,0.0
proxy,R_MC_seq,5,0,correctness_B_Cold_C_011,8,8,0,0.0,0.0,0.0
proxy,R_MC_seq,5,0,correctness_B_Cold_C_111,8,8,0,0.509375,0.19166666666666668,0.9166666666666666
proxy,R_MC_seq,5,0,B_old_margin_mean,8,8,0,0.037532954900847855,-0.0654309618240832,0.1872973884838231
proxy,R_MC_seq,5,0,B_old_margin_minus_R0,8,8,0,0.0,0.0,0.0
proxy,R_MC_seq,5,0,B_old_winner_changed_from_R0_fraction,8,8,0,0.0,0.0,0.0
proxy,R_MC_seq,5,0,B_old_R0_correct_to_wrong_fraction,8,8,0,0.0,0.0,0.0
proxy,R_MC_seq,5,0,B_old_R0_wrong_to_correct_fraction,8,8,0,0.0,0.0,0.0
proxy,R_MC_seq,5,0,C_old_margin_mean,8,8,0,0.037532954900847855,-0.0654309618240832,0.1872973884838231
proxy,R_MC_seq,5,0,C_old_margin_minus_R0,8,8,0,0.0,0.0,0.0
proxy,R_MC_seq,5,0,C_old_winner_changed_from_R0_fraction,8,8,0,0.0,0.0,0.0
proxy,R_MC_seq,5,0,C_old_R0_correct_to_wrong_fraction,8,8,0,0.0,0.0,0.0
proxy,R_MC_seq,5,0,C_old_R0_wrong_to_correct_fraction,8,8,0,0.0,0.0,0.0
proxy,R_MC_seq,5,0,C_new_margin_mean,8,0,8,,,
proxy,R_MC_seq,5,0,C_new_margin_minus_R0,8,0,8,,,
proxy,R_MC_seq,5,0,C_new_winner_changed_from_R0_fraction,8,0,8,,,
proxy,R_MC_seq,5,0,C_new_R0_correct_to_wrong_fraction,8,0,8,,,
proxy,R_MC_seq,5,0,C_new_R0_wrong_to_correct_fraction,8,0,8,,,
proxy,R_MC_seq,5,2,A_old_accuracy,8,0,8,,,
proxy,R_MC_seq,5,2,B0_old_accuracy,8,8,0,0.509375,0.19166666666666668,0.9166666666666666
proxy,R_MC_seq,5,2,B_old_accuracy,8,8,0,0.509375,0.19166666666666668,0.9166666666666666
proxy,R_MC_seq,5,2,C_old_columns_accuracy,8,8,0,0.5166666666666666,0.2,0.9166666666666666
proxy,R_MC_seq,5,2,C_old_accuracy,8,8,0,0.49270833333333336,0.18333333333333332,0.9083333333333332
proxy,R_MC_seq,5,2,C_new_accuracy,8,8,0,0.33125,0.075,0.75
proxy,R_MC_seq,5,2,C_h,8,8,0,0.33342842735870915,0.0931547619047619,0.7061921215505607
proxy,R_MC_seq,5,2,adaptation_gain_B_minus_A,8,0,8,,,
proxy,R_MC_seq,5,2,support_adaptation_B_minus_B0,8,8,0,0.0,0.0,0.0
proxy,R_MC_seq,5,2,old_order_change,8,8,0,-0.007291666666666667,-0.03333333333333333,0.008333333333333333
proxy,R_MC_seq,5,2,new_competition_loss,8,8,0,0.02395833333333333,0.0,0.08333333333333333
proxy,R_MC_seq,5,2,total_old_accuracy_drop,8,8,0,0.016666666666666666,-0.008333333333333333,0.075
proxy,R_MC_seq,5,2,C_abs_new_old_gap,8,8,0,0.271875,0.10833333333333332,0.6916666666666667
proxy,R_MC_seq,5,2,C_new_minus_old,8,8,0,-0.16145833333333337,-0.6916666666666667,0.14166666666666666
proxy,R_MC_seq,5,2,C_old_minus_R0,8,8,0,0.0,0.0,0.0
proxy,R_MC_seq,5,2,C_new_minus_R0,8,8,0,0.0,0.0,0.0
proxy,R_MC_seq,5,2,old_order_recovery_fraction,8,8,0,0.016666666666666666,0.0,0.03333333333333333
proxy,R_MC_seq,5,2,total_recovery_fraction,8,8,0,0.008333333333333333,0.0,0.025
proxy,R_MC_seq,5,2,old_winner_changed_fraction,8,8,0,0.06770833333333334,0.008333333333333333,0.13333333333333336
proxy,R_MC_seq,5,2,old_displaced_by_new_fraction,8,8,0,0.13437500000000002,0.0,0.33333333333333337
proxy,R_MC_seq,5,2,correctness_B_Cold_C_000,8,8,0,0.47395833333333337,0.08333333333333334,0.7916666666666667
proxy,R_MC_seq,5,2,correctness_B_Cold_C_100,8,8,0,0.009375,0.0,0.025
proxy,R_MC_seq,5,2,correctness_B_Cold_C_010,8,8,0,0.008333333333333333,0.0,0.025
proxy,R_MC_seq,5,2,correctness_B_Cold_C_110,8,8,0,0.015625,0.0,0.058333333333333334
proxy,R_MC_seq,5,2,correctness_B_Cold_C_011,8,8,0,0.008333333333333333,0.0,0.025
proxy,R_MC_seq,5,2,correctness_B_Cold_C_111,8,8,0,0.48437500000000006,0.175,0.9083333333333332
proxy,R_MC_seq,5,2,B_old_margin_mean,8,8,0,0.037532954900847855,-0.0654309618240832,0.1872973884838231
proxy,R_MC_seq,5,2,B_old_margin_minus_R0,8,8,0,0.0,0.0,0.0
proxy,R_MC_seq,5,2,B_old_winner_changed_from_R0_fraction,8,8,0,0.0,0.0,0.0
proxy,R_MC_seq,5,2,B_old_R0_correct_to_wrong_fraction,8,8,0,0.0,0.0,0.0
proxy,R_MC_seq,5,2,B_old_R0_wrong_to_correct_fraction,8,8,0,0.0,0.0,0.0
proxy,R_MC_seq,5,2,C_old_margin_mean,8,8,0,0.02341769075380813,-0.07356396316653231,0.1633013088841191
proxy,R_MC_seq,5,2,C_old_margin_minus_R0,8,8,0,0.0,0.0,0.0
proxy,R_MC_seq,5,2,C_old_winner_changed_from_R0_fraction,8,8,0,0.0,0.0,0.0
proxy,R_MC_seq,5,2,C_old_R0_correct_to_wrong_fraction,8,8,0,0.0,0.0,0.0
proxy,R_MC_seq,5,2,C_old_R0_wrong_to_correct_fraction,8,8,0,0.0,0.0,0.0
proxy,R_MC_seq,5,2,C_new_margin_mean,8,8,0,-0.025809365415681743,-0.0877773877237166,0.10395246711226813
proxy,R_MC_seq,5,2,C_new_margin_minus_R0,8,8,0,0.0,0.0,0.0
proxy,R_MC_seq,5,2,C_new_winner_changed_from_R0_fraction,8,8,0,0.0,0.0,0.0
proxy,R_MC_seq,5,2,C_new_R0_correct_to_wrong_fraction,8,8,0,0.0,0.0,0.0
proxy,R_MC_seq,5,2,C_new_R0_wrong_to_correct_fraction,8,8,0,0.0,0.0,0.0
proxy,R_MC_seq,5,5,A_old_accuracy,8,0,8,,,
proxy,R_MC_seq,5,5,B0_old_accuracy,8,8,0,0.509375,0.19166666666666668,0.9166666666666666
proxy,R_MC_seq,5,5,B_old_accuracy,8,8,0,0.509375,0.19166666666666668,0.9166666666666666
proxy,R_MC_seq,5,5,C_old_columns_accuracy,8,8,0,0.515625,0.2,0.9166666666666666
proxy,R_MC_seq,5,5,C_old_accuracy,8,8,0,0.45729166666666665,0.15833333333333333,0.8666666666666666
proxy,R_MC_seq,5,5,C_new_accuracy,8,8,0,0.39625,0.11000000000000001,0.75
proxy,R_MC_seq,5,5,C_h,8,8,0,0.4106966747428163,0.12695013023960394,0.6951905759760825
proxy,R_MC_seq,5,5,adaptation_gain_B_minus_A,8,0,8,,,
proxy,R_MC_seq,5,5,support_adaptation_B_minus_B0,8,8,0,0.0,0.0,0.0
proxy,R_MC_seq,5,5,old_order_change,8,8,0,-0.0062499999999999995,-0.03333333333333333,0.025
proxy,R_MC_seq,5,5,new_competition_loss,8,8,0,0.058333333333333334,0.025,0.10833333333333335
proxy,R_MC_seq,5,5,total_old_accuracy_drop,8,8,0,0.05208333333333333,2.7755575615628915e-18,0.1
proxy,R_MC_seq,5,5,C_abs_new_old_gap,8,8,0,0.13437499999999997,0.04166666666666667,0.29666666666666663
proxy,R_MC_seq,5,5,C_new_minus_old,8,8,0,-0.06104166666666667,-0.29666666666666663,0.11666666666666667
proxy,R_MC_seq,5,5,C_old_minus_R0,8,8,0,0.0,0.0,0.0
proxy,R_MC_seq,5,5,C_new_minus_R0,8,8,0,0.0,0.0,0.0
proxy,R_MC_seq,5,5,old_order_recovery_fraction,8,8,0,0.01875,0.0,0.05
proxy,R_MC_seq,5,5,total_recovery_fraction,8,8,0,0.008333333333333333,0.0,0.03333333333333333
proxy,R_MC_seq,5,5,old_winner_changed_fraction,8,8,0,0.08124999999999999,0.0,0.13333333333333333
proxy,R_MC_seq,5,5,old_displaced_by_new_fraction,8,8,0,0.24270833333333336,0.049999999999999996,0.4833333333333333
proxy,R_MC_seq,5,5,correctness_B_Cold_C_000,8,8,0,0.471875,0.08333333333333334,0.7916666666666666
proxy,R_MC_seq,5,5,correctness_B_Cold_C_100,8,8,0,0.012499999999999999,0.0,0.025
proxy,R_MC_seq,5,5,correctness_B_Cold_C_010,8,8,0,0.010416666666666668,0.0,0.025
proxy,R_MC_seq,5,5,correctness_B_Cold_C_110,8,8,0,0.04791666666666667,0.008333333333333333,0.08333333333333334
proxy,R_MC_seq,5,5,correctness_B_Cold_C_011,8,8,0,0.008333333333333333,0.0,0.03333333333333333
proxy,R_MC_seq,5,5,correctness_B_Cold_C_111,8,8,0,0.44895833333333335,0.15,0.8666666666666666
proxy,R_MC_seq,5,5,B_old_margin_mean,8,8,0,0.037532954900847855,-0.0654309618240832,0.1872973884838231
proxy,R_MC_seq,5,5,B_old_margin_minus_R0,8,8,0,0.0,0.0,0.0
proxy,R_MC_seq,5,5,B_old_winner_changed_from_R0_fraction,8,8,0,0.0,0.0,0.0
proxy,R_MC_seq,5,5,B_old_R0_correct_to_wrong_fraction,8,8,0,0.0,0.0,0.0
proxy,R_MC_seq,5,5,B_old_R0_wrong_to_correct_fraction,8,8,0,0.0,0.0,0.0
proxy,R_MC_seq,5,5,C_old_margin_mean,8,8,0,0.009347059754341306,-0.07427202723773202,0.12483441036225382
proxy,R_MC_seq,5,5,C_old_margin_minus_R0,8,8,0,0.0,0.0,0.0
proxy,R_MC_seq,5,5,C_old_winner_changed_from_R0_fraction,8,8,0,0.0,0.0,0.0
proxy,R_MC_seq,5,5,C_old_R0_correct_to_wrong_fraction,8,8,0,0.0,0.0,0.0
proxy,R_MC_seq,5,5,C_old_R0_wrong_to_correct_fraction,8,8,0,0.0,0.0,0.0
proxy,R_MC_seq,5,5,C_new_margin_mean,8,8,0,-0.013657209671037056,-0.09882104680285883,0.09133906289251921
proxy,R_MC_seq,5,5,C_new_margin_minus_R0,8,8,0,0.0,0.0,0.0
proxy,R_MC_seq,5,5,C_new_winner_changed_from_R0_fraction,8,8,0,0.0,0.0,0.0
proxy,R_MC_seq,5,5,C_new_R0_correct_to_wrong_fraction,8,8,0,0.0,0.0,0.0
proxy,R_MC_seq,5,5,C_new_R0_wrong_to_correct_fraction,8,8,0,0.0,0.0,0.0
proxy,R_MC_seq,5,10,A_old_accuracy,8,0,8,,,
proxy,R_MC_seq,5,10,B0_old_accuracy,8,8,0,0.509375,0.19166666666666668,0.9166666666666666
proxy,R_MC_seq,5,10,B_old_accuracy,8,8,0,0.509375,0.19166666666666668,0.9166666666666666
proxy,R_MC_seq,5,10,C_old_columns_accuracy,8,8,0,0.5114583333333333,0.20833333333333331,0.9166666666666666
proxy,R_MC_seq,5,10,C_old_accuracy,8,8,0,0.4229166666666667,0.11666666666666665,0.8166666666666668
proxy,R_MC_seq,5,10,C_new_accuracy,8,8,0,0.374375,0.15499999999999997,0.62
proxy,R_MC_seq,5,10,C_h,8,8,0,0.387831494248831,0.12300079491255962,0.6894711262482947
proxy,R_MC_seq,5,10,adaptation_gain_B_minus_A,8,0,8,,,
proxy,R_MC_seq,5,10,support_adaptation_B_minus_B0,8,8,0,0.0,0.0,0.0
proxy,R_MC_seq,5,10,old_order_change,8,8,0,-0.002083333333333333,-0.016666666666666666,0.016666666666666666
proxy,R_MC_seq,5,10,new_competition_loss,8,8,0,0.08854166666666666,0.041666666666666664,0.14999999999999997
proxy,R_MC_seq,5,10,total_old_accuracy_drop,8,8,0,0.08645833333333333,0.049999999999999996,0.14166666666666666
proxy,R_MC_seq,5,10,C_abs_new_old_gap,8,8,0,0.10312500000000001,0.035,0.22166666666666668
proxy,R_MC_seq,5,10,C_new_minus_old,8,8,0,-0.048541666666666664,-0.22166666666666668,0.03833333333333334
proxy,R_MC_seq,5,10,C_old_minus_R0,8,8,0,0.0,0.0,0.0
proxy,R_MC_seq,5,10,C_new_minus_R0,8,8,0,0.0,0.0,0.0
proxy,R_MC_seq,5,10,old_order_recovery_fraction,8,8,0,0.017708333333333333,0.0,0.03333333333333333
proxy,R_MC_seq,5,10,total_recovery_fraction,8,8,0,0.003125,0.0,0.016666666666666666
proxy,R_MC_seq,5,10,old_winner_changed_fraction,8,8,0,0.09583333333333333,0.0,0.16666666666666666
proxy,R_MC_seq,5,10,old_displaced_by_new_fraction,8,8,0,0.3583333333333333,0.15,0.5916666666666666
proxy,R_MC_seq,5,10,correctness_B_Cold_C_000,8,8,0,0.47291666666666665,0.08333333333333334,0.775
proxy,R_MC_seq,5,10,correctness_B_Cold_C_100,8,8,0,0.015625,0.0,0.025
proxy,R_MC_seq,5,10,correctness_B_Cold_C_010,8,8,0,0.014583333333333334,0.0,0.03333333333333333
proxy,R_MC_seq,5,10,correctness_B_Cold_C_110,8,8,0,0.07395833333333332,0.03333333333333333,0.11666666666666665
proxy,R_MC_seq,5,10,correctness_B_Cold_C_011,8,8,0,0.003125,0.0,0.016666666666666666
proxy,R_MC_seq,5,10,correctness_B_Cold_C_111,8,8,0,0.4197916666666667,0.11666666666666665,0.8166666666666668
proxy,R_MC_seq,5,10,B_old_margin_mean,8,8,0,0.037532954900847855,-0.0654309618240832,0.1872973884838231
proxy,R_MC_seq,5,10,B_old_margin_minus_R0,8,8,0,0.0,0.0,0.0
proxy,R_MC_seq,5,10,B_old_winner_changed_from_R0_fraction,8,8,0,0.0,0.0,0.0
proxy,R_MC_seq,5,10,B_old_R0_correct_to_wrong_fraction,8,8,0,0.0,0.0,0.0
proxy,R_MC_seq,5,10,B_old_R0_wrong_to_correct_fraction,8,8,0,0.0,0.0,0.0
proxy,R_MC_seq,5,10,C_old_margin_mean,8,8,0,0.004553838515250536,-0.07210761919414972,0.11634199089444838
proxy,R_MC_seq,5,10,C_old_margin_minus_R0,8,8,0,0.0,0.0,0.0
proxy,R_MC_seq,5,10,C_old_winner_changed_from_R0_fraction,8,8,0,0.0,0.0,0.0
proxy,R_MC_seq,5,10,C_old_R0_correct_to_wrong_fraction,8,8,0,0.0,0.0,0.0
proxy,R_MC_seq,5,10,C_old_R0_wrong_to_correct_fraction,8,8,0,0.0,0.0,0.0
proxy,R_MC_seq,5,10,C_new_margin_mean,8,8,0,-0.01616407750197385,-0.08185435842850416,0.05181097358239399
proxy,R_MC_seq,5,10,C_new_margin_minus_R0,8,8,0,0.0,0.0,0.0
proxy,R_MC_seq,5,10,C_new_winner_changed_from_R0_fraction,8,8,0,0.0,0.0,0.0
proxy,R_MC_seq,5,10,C_new_R0_correct_to_wrong_fraction,8,8,0,0.0,0.0,0.0
proxy,R_MC_seq,5,10,C_new_R0_wrong_to_correct_fraction,8,8,0,0.0,0.0,0.0
proxy,R_MC_seq,5,20,A_old_accuracy,8,0,8,,,
proxy,R_MC_seq,5,20,B0_old_accuracy,8,8,0,0.509375,0.19166666666666668,0.9166666666666666
proxy,R_MC_seq,5,20,B_old_accuracy,8,8,0,0.509375,0.19166666666666668,0.9166666666666666
proxy,R_MC_seq,5,20,C_old_columns_accuracy,8,8,0,0.5177083333333333,0.20833333333333334,0.9083333333333334
proxy,R_MC_seq,5,20,C_old_accuracy,8,8,0,0.38437499999999997,0.10833333333333332,0.7750000000000001
proxy,R_MC_seq,5,20,C_new_accuracy,8,8,0,0.3328125,0.13999999999999999,0.5425000000000001
proxy,R_MC_seq,5,20,C_h,8,8,0,0.3414908195987779,0.10959045197417291,0.5747229837451411
proxy,R_MC_seq,5,20,adaptation_gain_B_minus_A,8,0,8,,,
proxy,R_MC_seq,5,20,support_adaptation_B_minus_B0,8,8,0,0.0,0.0,0.0
proxy,R_MC_seq,5,20,old_order_change,8,8,0,-0.008333333333333335,-0.03333333333333333,0.025
proxy,R_MC_seq,5,20,new_competition_loss,8,8,0,0.13333333333333333,0.06666666666666667,0.18333333333333332
proxy,R_MC_seq,5,20,total_old_accuracy_drop,8,8,0,0.125,0.05,0.18333333333333335
proxy,R_MC_seq,5,20,C_abs_new_old_gap,8,8,0,0.12281249999999999,0.0475,0.3175
proxy,R_MC_seq,5,20,C_new_minus_old,8,8,0,-0.0515625,-0.3175,0.06333333333333332
proxy,R_MC_seq,5,20,C_old_minus_R0,8,8,0,0.0,0.0,0.0
proxy,R_MC_seq,5,20,C_new_minus_R0,8,8,0,0.0,0.0,0.0
proxy,R_MC_seq,5,20,old_order_recovery_fraction,8,8,0,0.026041666666666664,0.0,0.05833333333333333
proxy,R_MC_seq,5,20,total_recovery_fraction,8,8,0,0.0020833333333333333,0.0,0.008333333333333333
proxy,R_MC_seq,5,20,old_winner_changed_fraction,8,8,0,0.11979166666666669,0.0,0.23333333333333334
proxy,R_MC_seq,5,20,old_displaced_by_new_fraction,8,8,0,0.45208333333333334,0.175,0.7
proxy,R_MC_seq,5,20,correctness_B_Cold_C_000,8,8,0,0.46458333333333335,0.08333333333333334,0.775
proxy,R_MC_seq,5,20,correctness_B_Cold_C_100,8,8,0,0.017708333333333333,0.0,0.03333333333333333
proxy,R_MC_seq,5,20,correctness_B_Cold_C_010,8,8,0,0.02395833333333333,0.0,0.05833333333333333
proxy,R_MC_seq,5,20,correctness_B_Cold_C_110,8,8,0,0.10937499999999999,0.041666666666666664,0.16666666666666669
proxy,R_MC_seq,5,20,correctness_B_Cold_C_011,8,8,0,0.0020833333333333333,0.0,0.008333333333333333
proxy,R_MC_seq,5,20,correctness_B_Cold_C_111,8,8,0,0.38229166666666664,0.10833333333333332,0.7750000000000001
proxy,R_MC_seq,5,20,B_old_margin_mean,8,8,0,0.037532954900847855,-0.0654309618240832,0.1872973884838231
proxy,R_MC_seq,5,20,B_old_margin_minus_R0,8,8,0,0.0,0.0,0.0
proxy,R_MC_seq,5,20,B_old_winner_changed_from_R0_fraction,8,8,0,0.0,0.0,0.0
proxy,R_MC_seq,5,20,B_old_R0_correct_to_wrong_fraction,8,8,0,0.0,0.0,0.0
proxy,R_MC_seq,5,20,B_old_R0_wrong_to_correct_fraction,8,8,0,0.0,0.0,0.0
proxy,R_MC_seq,5,20,C_old_margin_mean,8,8,0,-0.002536678009752531,-0.07205619995562182,0.1080057099535388
proxy,R_MC_seq,5,20,C_old_margin_minus_R0,8,8,0,0.0,0.0,0.0
proxy,R_MC_seq,5,20,C_old_winner_changed_from_R0_fraction,8,8,0,0.0,0.0,0.0
proxy,R_MC_seq,5,20,C_old_R0_correct_to_wrong_fraction,8,8,0,0.0,0.0,0.0
proxy,R_MC_seq,5,20,C_old_R0_wrong_to_correct_fraction,8,8,0,0.0,0.0,0.0
proxy,R_MC_seq,5,20,C_new_margin_mean,8,8,0,-0.024973777533822718,-0.08295927703052894,0.024799919862429555
proxy,R_MC_seq,5,20,C_new_margin_minus_R0,8,8,0,0.0,0.0,0.0
proxy,R_MC_seq,5,20,C_new_winner_changed_from_R0_fraction,8,8,0,0.0,0.0,0.0
proxy,R_MC_seq,5,20,C_new_R0_correct_to_wrong_fraction,8,8,0,0.0,0.0,0.0
proxy,R_MC_seq,5,20,C_new_R0_wrong_to_correct_fraction,8,8,0,0.0,0.0,0.0
proxy,R_MC_seq,10,0,A_old_accuracy,8,0,8,,,
proxy,R_MC_seq,10,0,B0_old_accuracy,8,8,0,0.530324074074074,0.24074074074074076,0.8777777777777777
proxy,R_MC_seq,10,0,B_old_accuracy,8,8,0,0.530324074074074,0.24074074074074076,0.8777777777777777
proxy,R_MC_seq,10,0,C_old_columns_accuracy,8,8,0,0.530324074074074,0.24074074074074076,0.8777777777777777
proxy,R_MC_seq,10,0,C_old_accuracy,8,8,0,0.530324074074074,0.24074074074074076,0.8777777777777777
proxy,R_MC_seq,10,0,C_new_accuracy,8,0,8,,,
proxy,R_MC_seq,10,0,C_h,8,0,8,,,
proxy,R_MC_seq,10,0,adaptation_gain_B_minus_A,8,0,8,,,
proxy,R_MC_seq,10,0,support_adaptation_B_minus_B0,8,8,0,0.0,0.0,0.0
proxy,R_MC_seq,10,0,old_order_change,8,8,0,0.0,0.0,0.0
proxy,R_MC_seq,10,0,new_competition_loss,8,8,0,0.0,0.0,0.0
proxy,R_MC_seq,10,0,total_old_accuracy_drop,8,8,0,0.0,0.0,0.0
proxy,R_MC_seq,10,0,C_abs_new_old_gap,8,0,8,,,
proxy,R_MC_seq,10,0,C_new_minus_old,8,0,8,,,
proxy,R_MC_seq,10,0,C_old_minus_R0,8,8,0,0.0,0.0,0.0
proxy,R_MC_seq,10,0,C_new_minus_R0,8,0,8,,,
proxy,R_MC_seq,10,0,old_order_recovery_fraction,8,8,0,0.0,0.0,0.0
proxy,R_MC_seq,10,0,total_recovery_fraction,8,8,0,0.0,0.0,0.0
proxy,R_MC_seq,10,0,old_winner_changed_fraction,8,8,0,0.0,0.0,0.0
proxy,R_MC_seq,10,0,old_displaced_by_new_fraction,8,8,0,0.0,0.0,0.0
proxy,R_MC_seq,10,0,correctness_B_Cold_C_000,8,8,0,0.4696759259259259,0.12222222222222223,0.7592592592592592
proxy,R_MC_seq,10,0,correctness_B_Cold_C_100,8,8,0,0.0,0.0,0.0
proxy,R_MC_seq,10,0,correctness_B_Cold_C_010,8,8,0,0.0,0.0,0.0
proxy,R_MC_seq,10,0,correctness_B_Cold_C_110,8,8,0,0.0,0.0,0.0
proxy,R_MC_seq,10,0,correctness_B_Cold_C_011,8,8,0,0.0,0.0,0.0
proxy,R_MC_seq,10,0,correctness_B_Cold_C_111,8,8,0,0.530324074074074,0.24074074074074076,0.8777777777777777
proxy,R_MC_seq,10,0,B_old_margin_mean,8,8,0,0.06061340399988212,-0.03965985757263899,0.19699386162502353
proxy,R_MC_seq,10,0,B_old_margin_minus_R0,8,8,0,0.0,0.0,0.0
proxy,R_MC_seq,10,0,B_old_winner_changed_from_R0_fraction,8,8,0,0.0,0.0,0.0
proxy,R_MC_seq,10,0,B_old_R0_correct_to_wrong_fraction,8,8,0,0.0,0.0,0.0
proxy,R_MC_seq,10,0,B_old_R0_wrong_to_correct_fraction,8,8,0,0.0,0.0,0.0
proxy,R_MC_seq,10,0,C_old_margin_mean,8,8,0,0.06061340399988212,-0.03965985757263899,0.19699386162502353
proxy,R_MC_seq,10,0,C_old_margin_minus_R0,8,8,0,0.0,0.0,0.0
proxy,R_MC_seq,10,0,C_old_winner_changed_from_R0_fraction,8,8,0,0.0,0.0,0.0
proxy,R_MC_seq,10,0,C_old_R0_correct_to_wrong_fraction,8,8,0,0.0,0.0,0.0
proxy,R_MC_seq,10,0,C_old_R0_wrong_to_correct_fraction,8,8,0,0.0,0.0,0.0
proxy,R_MC_seq,10,0,C_new_margin_mean,8,0,8,,,
proxy,R_MC_seq,10,0,C_new_margin_minus_R0,8,0,8,,,
proxy,R_MC_seq,10,0,C_new_winner_changed_from_R0_fraction,8,0,8,,,
proxy,R_MC_seq,10,0,C_new_R0_correct_to_wrong_fraction,8,0,8,,,
proxy,R_MC_seq,10,0,C_new_R0_wrong_to_correct_fraction,8,0,8,,,
proxy,R_MC_seq,10,2,A_old_accuracy,8,0,8,,,
proxy,R_MC_seq,10,2,B0_old_accuracy,8,8,0,0.530324074074074,0.24074074074074076,0.8777777777777777
proxy,R_MC_seq,10,2,B_old_accuracy,8,8,0,0.530324074074074,0.24074074074074076,0.8777777777777777
proxy,R_MC_seq,10,2,C_old_columns_accuracy,8,8,0,0.5405092592592592,0.2648148148148148,0.8851851851851851
proxy,R_MC_seq,10,2,C_old_accuracy,8,8,0,0.5101851851851852,0.2092592592592592,0.8833333333333334
proxy,R_MC_seq,10,2,C_new_accuracy,8,8,0,0.25555555555555554,0.17222222222222222,0.43888888888888894
proxy,R_MC_seq,10,2,C_h,8,8,0,0.2994416758808356,0.17873582134179775,0.517258652643089
proxy,R_MC_seq,10,2,adaptation_gain_B_minus_A,8,0,8,,,
proxy,R_MC_seq,10,2,support_adaptation_B_minus_B0,8,8,0,0.0,0.0,0.0
proxy,R_MC_seq,10,2,old_order_change,8,8,0,-0.010185185185185184,-0.024074074074074074,0.0037037037037037034
proxy,R_MC_seq,10,2,new_competition_loss,8,8,0,0.030324074074074076,0.0018518518518518517,0.05555555555555556
proxy,R_MC_seq,10,2,total_old_accuracy_drop,8,8,0,0.02013888888888889,-0.005555555555555555,0.04259259259259259
proxy,R_MC_seq,10,2,C_abs_new_old_gap,8,8,0,0.2953703703703704,0.09259259259259259,0.6722222222222223
proxy,R_MC_seq,10,2,C_new_minus_old,8,8,0,-0.2546296296296296,-0.6722222222222223,-0.0037037037037036895
proxy,R_MC_seq,10,2,C_old_minus_R0,8,8,0,0.0,0.0,0.0
proxy,R_MC_seq,10,2,C_new_minus_R0,8,8,0,0.0,0.0,0.0
proxy,R_MC_seq,10,2,old_order_recovery_fraction,8,8,0,0.020138888888888887,0.005555555555555555,0.037037037037037035
proxy,R_MC_seq,10,2,total_recovery_fraction,8,8,0,0.012037037037037035,0.005555555555555555,0.02222222222222222
proxy,R_MC_seq,10,2,old_winner_changed_fraction,8,8,0,0.06527777777777777,0.007407407407407407,0.12592592592592594
proxy,R_MC_seq,10,2,old_displaced_by_new_fraction,8,8,0,0.15694444444444444,0.009259259259259259,0.2814814814814815
proxy,R_MC_seq,10,2,correctness_B_Cold_C_000,8,8,0,0.44953703703703707,0.11481481481481481,0.7222222222222223
proxy,R_MC_seq,10,2,correctness_B_Cold_C_100,8,8,0,0.009953703703703702,0.0,0.02222222222222222
proxy,R_MC_seq,10,2,correctness_B_Cold_C_010,8,8,0,0.008101851851851851,0.0,0.016666666666666666
proxy,R_MC_seq,10,2,correctness_B_Cold_C_110,8,8,0,0.022222222222222223,0.0018518518518518517,0.040740740740740744
proxy,R_MC_seq,10,2,correctness_B_Cold_C_011,8,8,0,0.012037037037037035,0.005555555555555555,0.02222222222222222
proxy,R_MC_seq,10,2,correctness_B_Cold_C_111,8,8,0,0.4981481481481482,0.18703703703703703,0.875925925925926
proxy,R_MC_seq,10,2,B_old_margin_mean,8,8,0,0.06061340399988212,-0.03965985757263899,0.19699386162502353
proxy,R_MC_seq,10,2,B_old_margin_minus_R0,8,8,0,0.0,0.0,0.0
proxy,R_MC_seq,10,2,B_old_winner_changed_from_R0_fraction,8,8,0,0.0,0.0,0.0
proxy,R_MC_seq,10,2,B_old_R0_correct_to_wrong_fraction,8,8,0,0.0,0.0,0.0
proxy,R_MC_seq,10,2,B_old_R0_wrong_to_correct_fraction,8,8,0,0.0,0.0,0.0
proxy,R_MC_seq,10,2,C_old_margin_mean,8,8,0,0.039942858079542266,-0.059292365057044126,0.167811036377298
proxy,R_MC_seq,10,2,C_old_margin_minus_R0,8,8,0,0.0,0.0,0.0
proxy,R_MC_seq,10,2,C_old_winner_changed_from_R0_fraction,8,8,0,0.0,0.0,0.0
proxy,R_MC_seq,10,2,C_old_R0_correct_to_wrong_fraction,8,8,0,0.0,0.0,0.0
proxy,R_MC_seq,10,2,C_old_R0_wrong_to_correct_fraction,8,8,0,0.0,0.0,0.0
proxy,R_MC_seq,10,2,C_new_margin_mean,8,8,0,-0.05213482192943513,-0.0880986910766755,-0.006885340651666327
proxy,R_MC_seq,10,2,C_new_margin_minus_R0,8,8,0,0.0,0.0,0.0
proxy,R_MC_seq,10,2,C_new_winner_changed_from_R0_fraction,8,8,0,0.0,0.0,0.0
proxy,R_MC_seq,10,2,C_new_R0_correct_to_wrong_fraction,8,8,0,0.0,0.0,0.0
proxy,R_MC_seq,10,2,C_new_R0_wrong_to_correct_fraction,8,8,0,0.0,0.0,0.0
proxy,R_MC_seq,10,5,A_old_accuracy,8,0,8,,,
proxy,R_MC_seq,10,5,B0_old_accuracy,8,8,0,0.530324074074074,0.24074074074074076,0.8777777777777777
proxy,R_MC_seq,10,5,B_old_accuracy,8,8,0,0.530324074074074,0.24074074074074076,0.8777777777777777
proxy,R_MC_seq,10,5,C_old_columns_accuracy,8,8,0,0.5444444444444444,0.28518518518518515,0.8833333333333332
proxy,R_MC_seq,10,5,C_old_accuracy,8,8,0,0.47199074074074077,0.18148148148148147,0.8296296296296296
proxy,R_MC_seq,10,5,C_new_accuracy,8,8,0,0.3636111111111111,0.14888888888888888,0.6488888888888888
proxy,R_MC_seq,10,5,C_h,8,8,0,0.3986940439705287,0.1510502655073374,0.6686761552625203
proxy,R_MC_seq,10,5,adaptation_gain_B_minus_A,8,0,8,,,
proxy,R_MC_seq,10,5,support_adaptation_B_minus_B0,8,8,0,0.0,0.0,0.0
proxy,R_MC_seq,10,5,old_order_change,8,8,0,-0.01412037037037037,-0.04444444444444444,-0.0018518518518518517
proxy,R_MC_seq,10,5,new_competition_loss,8,8,0,0.07245370370370369,0.04259259259259259,0.10370370370370367
proxy,R_MC_seq,10,5,total_old_accuracy_drop,8,8,0,0.058333333333333334,0.040740740740740744,0.07222222222222223
proxy,R_MC_seq,10,5,C_abs_new_old_gap,8,8,0,0.14199074074074072,0.06074074074074073,0.3185185185185186
proxy,R_MC_seq,10,5,C_new_minus_old,8,8,0,-0.10837962962962963,-0.3185185185185186,-0.023333333333333317
proxy,R_MC_seq,10,5,C_old_minus_R0,8,8,0,0.0,0.0,0.0
proxy,R_MC_seq,10,5,C_new_minus_R0,8,8,0,0.0,0.0,0.0
proxy,R_MC_seq,10,5,old_order_recovery_fraction,8,8,0,0.027314814814814813,0.0018518518518518517,0.06296296296296296
proxy,R_MC_seq,10,5,total_recovery_fraction,8,8,0,0.010648148148148146,0.0,0.02037037037037037
proxy,R_MC_seq,10,5,old_winner_changed_fraction,8,8,0,0.09143518518518517,0.005555555555555555,0.15925925925925927
proxy,R_MC_seq,10,5,old_displaced_by_new_fraction,8,8,0,0.2423611111111111,0.0611111111111111,0.38888888888888895
proxy,R_MC_seq,10,5,correctness_B_Cold_C_000,8,8,0,0.4423611111111111,0.11481481481481481,0.6962962962962964
proxy,R_MC_seq,10,5,correctness_B_Cold_C_100,8,8,0,0.013194444444444443,0.0,0.029629629629629627
proxy,R_MC_seq,10,5,correctness_B_Cold_C_010,8,8,0,0.016666666666666666,0.0,0.042592592592592585
proxy,R_MC_seq,10,5,correctness_B_Cold_C_110,8,8,0,0.05578703703703703,0.040740740740740744,0.061111111111111116
proxy,R_MC_seq,10,5,correctness_B_Cold_C_011,8,8,0,0.010648148148148146,0.0,0.02037037037037037
proxy,R_MC_seq,10,5,correctness_B_Cold_C_111,8,8,0,0.46134259259259264,0.1611111111111111,0.8222222222222222
proxy,R_MC_seq,10,5,B_old_margin_mean,8,8,0,0.06061340399988212,-0.03965985757263899,0.19699386162502353
proxy,R_MC_seq,10,5,B_old_margin_minus_R0,8,8,0,0.0,0.0,0.0
proxy,R_MC_seq,10,5,B_old_winner_changed_from_R0_fraction,8,8,0,0.0,0.0,0.0
proxy,R_MC_seq,10,5,B_old_R0_correct_to_wrong_fraction,8,8,0,0.0,0.0,0.0
proxy,R_MC_seq,10,5,B_old_R0_wrong_to_correct_fraction,8,8,0,0.0,0.0,0.0
proxy,R_MC_seq,10,5,C_old_margin_mean,8,8,0,0.026489020471715884,-0.06102037328110049,0.13339257473566804
proxy,R_MC_seq,10,5,C_old_margin_minus_R0,8,8,0,0.0,0.0,0.0
proxy,R_MC_seq,10,5,C_old_winner_changed_from_R0_fraction,8,8,0,0.0,0.0,0.0
proxy,R_MC_seq,10,5,C_old_R0_correct_to_wrong_fraction,8,8,0,0.0,0.0,0.0
proxy,R_MC_seq,10,5,C_old_R0_wrong_to_correct_fraction,8,8,0,0.0,0.0,0.0
proxy,R_MC_seq,10,5,C_new_margin_mean,8,8,0,-0.0258504269962336,-0.09147233629870252,0.043384870855266836
proxy,R_MC_seq,10,5,C_new_margin_minus_R0,8,8,0,0.0,0.0,0.0
proxy,R_MC_seq,10,5,C_new_winner_changed_from_R0_fraction,8,8,0,0.0,0.0,0.0
proxy,R_MC_seq,10,5,C_new_R0_correct_to_wrong_fraction,8,8,0,0.0,0.0,0.0
proxy,R_MC_seq,10,5,C_new_R0_wrong_to_correct_fraction,8,8,0,0.0,0.0,0.0
proxy,R_MC_seq,10,10,A_old_accuracy,8,0,8,,,
proxy,R_MC_seq,10,10,B0_old_accuracy,8,8,0,0.530324074074074,0.24074074074074076,0.8777777777777777
proxy,R_MC_seq,10,10,B_old_accuracy,8,8,0,0.530324074074074,0.24074074074074076,0.8777777777777777
proxy,R_MC_seq,10,10,C_old_columns_accuracy,8,8,0,0.5435185185185184,0.28703703703703703,0.874074074074074
proxy,R_MC_seq,10,10,C_old_accuracy,8,8,0,0.43773148148148144,0.15555555555555553,0.7814814814814814
proxy,R_MC_seq,10,10,C_new_accuracy,8,8,0,0.36930555555555555,0.16444444444444445,0.5899999999999999
proxy,R_MC_seq,10,10,C_h,8,8,0,0.3906862470650353,0.14374620281602785,0.6697469494351105
proxy,R_MC_seq,10,10,adaptation_gain_B_minus_A,8,0,8,,,
proxy,R_MC_seq,10,10,support_adaptation_B_minus_B0,8,8,0,0.0,0.0,0.0
proxy,R_MC_seq,10,10,old_order_change,8,8,0,-0.013194444444444446,-0.046296296296296294,0.0037037037037037034
proxy,R_MC_seq,10,10,new_competition_loss,8,8,0,0.10578703703703704,0.07407407407407406,0.13333333333333333
proxy,R_MC_seq,10,10,total_old_accuracy_drop,8,8,0,0.0925925925925926,0.07037037037037037,0.12037037037037035
proxy,R_MC_seq,10,10,C_abs_new_old_gap,8,8,0,0.11740740740740743,0.05185185185185185,0.22037037037037038
proxy,R_MC_seq,10,10,C_new_minus_old,8,8,0,-0.06842592592592592,-0.22037037037037038,0.008888888888888896
proxy,R_MC_seq,10,10,C_old_minus_R0,8,8,0,0.0,0.0,0.0
proxy,R_MC_seq,10,10,C_new_minus_R0,8,8,0,0.0,0.0,0.0
proxy,R_MC_seq,10,10,old_order_recovery_fraction,8,8,0,0.029166666666666664,0.0018518518518518517,0.07222222222222222
proxy,R_MC_seq,10,10,total_recovery_fraction,8,8,0,0.005324074074074074,0.0,0.012962962962962963
proxy,R_MC_seq,10,10,old_winner_changed_fraction,8,8,0,0.10324074074074074,0.016666666666666666,0.18703703703703703
proxy,R_MC_seq,10,10,old_displaced_by_new_fraction,8,8,0,0.3636574074074074,0.14259259259259255,0.587037037037037
proxy,R_MC_seq,10,10,correctness_B_Cold_C_000,8,8,0,0.4405092592592592,0.12037037037037038,0.6888888888888889
proxy,R_MC_seq,10,10,correctness_B_Cold_C_100,8,8,0,0.01597222222222222,0.005555555555555555,0.029629629629629627
proxy,R_MC_seq,10,10,correctness_B_Cold_C_010,8,8,0,0.02384259259259259,0.0018518518518518517,0.059259259259259255
proxy,R_MC_seq,10,10,correctness_B_Cold_C_110,8,8,0,0.08194444444444444,0.06481481481481481,0.09814814814814814
proxy,R_MC_seq,10,10,correctness_B_Cold_C_011,8,8,0,0.005324074074074074,0.0,0.012962962962962963
proxy,R_MC_seq,10,10,correctness_B_Cold_C_111,8,8,0,0.4324074074074074,0.1425925925925926,0.7814814814814814
proxy,R_MC_seq,10,10,B_old_margin_mean,8,8,0,0.06061340399988212,-0.03965985757263899,0.19699386162502353
proxy,R_MC_seq,10,10,B_old_margin_minus_R0,8,8,0,0.0,0.0,0.0
proxy,R_MC_seq,10,10,B_old_winner_changed_from_R0_fraction,8,8,0,0.0,0.0,0.0
proxy,R_MC_seq,10,10,B_old_R0_correct_to_wrong_fraction,8,8,0,0.0,0.0,0.0
proxy,R_MC_seq,10,10,B_old_R0_wrong_to_correct_fraction,8,8,0,0.0,0.0,0.0
proxy,R_MC_seq,10,10,C_old_margin_mean,8,8,0,0.018771128643634,-0.062345697660763456,0.12472264334289399
proxy,R_MC_seq,10,10,C_old_margin_minus_R0,8,8,0,0.0,0.0,0.0
proxy,R_MC_seq,10,10,C_old_winner_changed_from_R0_fraction,8,8,0,0.0,0.0,0.0
proxy,R_MC_seq,10,10,C_old_R0_correct_to_wrong_fraction,8,8,0,0.0,0.0,0.0
proxy,R_MC_seq,10,10,C_old_R0_wrong_to_correct_fraction,8,8,0,0.0,0.0,0.0
proxy,R_MC_seq,10,10,C_new_margin_mean,8,8,0,-0.020366204931325044,-0.07896743186216655,0.044069542000897646
proxy,R_MC_seq,10,10,C_new_margin_minus_R0,8,8,0,0.0,0.0,0.0
proxy,R_MC_seq,10,10,C_new_winner_changed_from_R0_fraction,8,8,0,0.0,0.0,0.0
proxy,R_MC_seq,10,10,C_new_R0_correct_to_wrong_fraction,8,8,0,0.0,0.0,0.0
proxy,R_MC_seq,10,10,C_new_R0_wrong_to_correct_fraction,8,8,0,0.0,0.0,0.0
proxy,R_MC_seq,10,20,A_old_accuracy,8,0,8,,,
proxy,R_MC_seq,10,20,B0_old_accuracy,8,8,0,0.530324074074074,0.24074074074074076,0.8777777777777777
proxy,R_MC_seq,10,20,B_old_accuracy,8,8,0,0.530324074074074,0.24074074074074076,0.8777777777777777
proxy,R_MC_seq,10,20,C_old_columns_accuracy,8,8,0,0.545138888888889,0.2814814814814815,0.875925925925926
proxy,R_MC_seq,10,20,C_old_accuracy,8,8,0,0.3969907407407407,0.10925925925925925,0.7462962962962962
proxy,R_MC_seq,10,20,C_new_accuracy,8,8,0,0.3246527777777778,0.1522222222222222,0.495
proxy,R_MC_seq,10,20,C_h,8,8,0,0.34548004051050535,0.12568987030308312,0.5903705758053952
proxy,R_MC_seq,10,20,adaptation_gain_B_minus_A,8,0,8,,,
proxy,R_MC_seq,10,20,support_adaptation_B_minus_B0,8,8,0,0.0,0.0,0.0
proxy,R_MC_seq,10,20,old_order_change,8,8,0,-0.014814814814814814,-0.046296296296296294,0.0037037037037037034
proxy,R_MC_seq,10,20,new_competition_loss,8,8,0,0.14814814814814814,0.1074074074074074,0.17777777777777776
proxy,R_MC_seq,10,20,total_old_accuracy_drop,8,8,0,0.13333333333333333,0.11111111111111112,0.14629629629629629
proxy,R_MC_seq,10,20,C_abs_new_old_gap,8,8,0,0.13284722222222223,0.03481481481481481,0.2762962962962964
proxy,R_MC_seq,10,20,C_new_minus_old,8,8,0,-0.07233796296296295,-0.2762962962962964,0.048518518518518516
proxy,R_MC_seq,10,20,C_old_minus_R0,8,8,0,0.0,0.0,0.0
proxy,R_MC_seq,10,20,C_new_minus_R0,8,8,0,0.0,0.0,0.0
proxy,R_MC_seq,10,20,old_order_recovery_fraction,8,8,0,0.03217592592592593,0.0037037037037037034,0.06851851851851853
proxy,R_MC_seq,10,20,total_recovery_fraction,8,8,0,0.003935185185185186,0.0,0.009259259259259259
proxy,R_MC_seq,10,20,old_winner_changed_fraction,8,8,0,0.11157407407407408,0.016666666666666666,0.20185185185185187
proxy,R_MC_seq,10,20,old_displaced_by_new_fraction,8,8,0,0.4805555555555556,0.18518518518518517,0.712962962962963
proxy,R_MC_seq,10,20,correctness_B_Cold_C_000,8,8,0,0.43750000000000006,0.11851851851851851,0.6907407407407407
proxy,R_MC_seq,10,20,correctness_B_Cold_C_100,8,8,0,0.01736111111111111,0.005555555555555555,0.04074074074074074
proxy,R_MC_seq,10,20,correctness_B_Cold_C_010,8,8,0,0.02824074074074074,0.0037037037037037034,0.06296296296296297
proxy,R_MC_seq,10,20,correctness_B_Cold_C_110,8,8,0,0.1199074074074074,0.1037037037037037,0.13888888888888887
proxy,R_MC_seq,10,20,correctness_B_Cold_C_011,8,8,0,0.003935185185185186,0.0,0.009259259259259259
proxy,R_MC_seq,10,20,correctness_B_Cold_C_111,8,8,0,0.39305555555555555,0.1037037037037037,0.7462962962962962
proxy,R_MC_seq,10,20,B_old_margin_mean,8,8,0,0.06061340399988212,-0.03965985757263899,0.19699386162502353
proxy,R_MC_seq,10,20,B_old_margin_minus_R0,8,8,0,0.0,0.0,0.0
proxy,R_MC_seq,10,20,B_old_winner_changed_from_R0_fraction,8,8,0,0.0,0.0,0.0
proxy,R_MC_seq,10,20,B_old_R0_correct_to_wrong_fraction,8,8,0,0.0,0.0,0.0
proxy,R_MC_seq,10,20,B_old_R0_wrong_to_correct_fraction,8,8,0,0.0,0.0,0.0
proxy,R_MC_seq,10,20,C_old_margin_mean,8,8,0,0.007651357767243223,-0.07018192484926525,0.11123648363764385
proxy,R_MC_seq,10,20,C_old_margin_minus_R0,8,8,0,0.0,0.0,0.0
proxy,R_MC_seq,10,20,C_old_winner_changed_from_R0_fraction,8,8,0,0.0,0.0,0.0
proxy,R_MC_seq,10,20,C_old_R0_correct_to_wrong_fraction,8,8,0,0.0,0.0,0.0
proxy,R_MC_seq,10,20,C_old_R0_wrong_to_correct_fraction,8,8,0,0.0,0.0,0.0
proxy,R_MC_seq,10,20,C_new_margin_mean,8,8,0,-0.02809035123953787,-0.07690044479670818,0.018044292343959288
proxy,R_MC_seq,10,20,C_new_margin_minus_R0,8,8,0,0.0,0.0,0.0
proxy,R_MC_seq,10,20,C_new_winner_changed_from_R0_fraction,8,8,0,0.0,0.0,0.0
proxy,R_MC_seq,10,20,C_new_R0_correct_to_wrong_fraction,8,8,0,0.0,0.0,0.0
proxy,R_MC_seq,10,20,C_new_R0_wrong_to_correct_fraction,8,8,0,0.0,0.0,0.0
proxy,R_MC_seq,20,0,A_old_accuracy,8,0,8,,,
proxy,R_MC_seq,20,0,B0_old_accuracy,8,8,0,0.5247258771929825,0.25526315789473686,0.8495614035087721
proxy,R_MC_seq,20,0,B_old_accuracy,8,8,0,0.5247258771929825,0.25526315789473686,0.8495614035087721
proxy,R_MC_seq,20,0,C_old_columns_accuracy,8,8,0,0.5247258771929825,0.25526315789473686,0.8495614035087721
proxy,R_MC_seq,20,0,C_old_accuracy,8,8,0,0.5247258771929825,0.25526315789473686,0.8495614035087721
proxy,R_MC_seq,20,0,C_new_accuracy,8,0,8,,,
proxy,R_MC_seq,20,0,C_h,8,0,8,,,
proxy,R_MC_seq,20,0,adaptation_gain_B_minus_A,8,0,8,,,
proxy,R_MC_seq,20,0,support_adaptation_B_minus_B0,8,8,0,0.0,0.0,0.0
proxy,R_MC_seq,20,0,old_order_change,8,8,0,0.0,0.0,0.0
proxy,R_MC_seq,20,0,new_competition_loss,8,8,0,0.0,0.0,0.0
proxy,R_MC_seq,20,0,total_old_accuracy_drop,8,8,0,0.0,0.0,0.0
proxy,R_MC_seq,20,0,C_abs_new_old_gap,8,0,8,,,
proxy,R_MC_seq,20,0,C_new_minus_old,8,0,8,,,
proxy,R_MC_seq,20,0,C_old_minus_R0,8,8,0,0.0,0.0,0.0
proxy,R_MC_seq,20,0,C_new_minus_R0,8,0,8,,,
proxy,R_MC_seq,20,0,old_order_recovery_fraction,8,8,0,0.0,0.0,0.0
proxy,R_MC_seq,20,0,total_recovery_fraction,8,8,0,0.0,0.0,0.0
proxy,R_MC_seq,20,0,old_winner_changed_fraction,8,8,0,0.0,0.0,0.0
proxy,R_MC_seq,20,0,old_displaced_by_new_fraction,8,8,0,0.0,0.0,0.0
proxy,R_MC_seq,20,0,correctness_B_Cold_C_000,8,8,0,0.4752741228070176,0.1504385964912281,0.7447368421052633
proxy,R_MC_seq,20,0,correctness_B_Cold_C_100,8,8,0,0.0,0.0,0.0
proxy,R_MC_seq,20,0,correctness_B_Cold_C_010,8,8,0,0.0,0.0,0.0
proxy,R_MC_seq,20,0,correctness_B_Cold_C_110,8,8,0,0.0,0.0,0.0
proxy,R_MC_seq,20,0,correctness_B_Cold_C_011,8,8,0,0.0,0.0,0.0
proxy,R_MC_seq,20,0,correctness_B_Cold_C_111,8,8,0,0.5247258771929825,0.25526315789473686,0.8495614035087721
proxy,R_MC_seq,20,0,B_old_margin_mean,8,8,0,0.053247157502573174,-0.04272500381752698,0.18410890533566585
proxy,R_MC_seq,20,0,B_old_margin_minus_R0,8,8,0,0.0,0.0,0.0
proxy,R_MC_seq,20,0,B_old_winner_changed_from_R0_fraction,8,8,0,0.0,0.0,0.0
proxy,R_MC_seq,20,0,B_old_R0_correct_to_wrong_fraction,8,8,0,0.0,0.0,0.0
proxy,R_MC_seq,20,0,B_old_R0_wrong_to_correct_fraction,8,8,0,0.0,0.0,0.0
proxy,R_MC_seq,20,0,C_old_margin_mean,8,8,0,0.053247157502573174,-0.04272500381752698,0.18410890533566585
proxy,R_MC_seq,20,0,C_old_margin_minus_R0,8,8,0,0.0,0.0,0.0
proxy,R_MC_seq,20,0,C_old_winner_changed_from_R0_fraction,8,8,0,0.0,0.0,0.0
proxy,R_MC_seq,20,0,C_old_R0_correct_to_wrong_fraction,8,8,0,0.0,0.0,0.0
proxy,R_MC_seq,20,0,C_old_R0_wrong_to_correct_fraction,8,8,0,0.0,0.0,0.0
proxy,R_MC_seq,20,0,C_new_margin_mean,8,0,8,,,
proxy,R_MC_seq,20,0,C_new_margin_minus_R0,8,0,8,,,
proxy,R_MC_seq,20,0,C_new_winner_changed_from_R0_fraction,8,0,8,,,
proxy,R_MC_seq,20,0,C_new_R0_correct_to_wrong_fraction,8,0,8,,,
proxy,R_MC_seq,20,0,C_new_R0_wrong_to_correct_fraction,8,0,8,,,
proxy,R_MC_seq,20,2,A_old_accuracy,8,0,8,,,
proxy,R_MC_seq,20,2,B0_old_accuracy,8,8,0,0.5247258771929825,0.25526315789473686,0.8495614035087721
proxy,R_MC_seq,20,2,B_old_accuracy,8,8,0,0.5247258771929825,0.25526315789473686,0.8495614035087721
proxy,R_MC_seq,20,2,C_old_columns_accuracy,8,8,0,0.5260964912280702,0.26228070175438595,0.8469298245614036
proxy,R_MC_seq,20,2,C_old_accuracy,8,8,0,0.4964364035087719,0.21052631578947373,0.8385964912280702
proxy,R_MC_seq,20,2,C_new_accuracy,8,8,0,0.2898026315789474,0.1789473684210526,0.5618421052631579
proxy,R_MC_seq,20,2,C_h,8,8,0,0.3307844409643334,0.17046219130455575,0.6017454874960155
proxy,R_MC_seq,20,2,adaptation_gain_B_minus_A,8,0,8,,,
proxy,R_MC_seq,20,2,support_adaptation_B_minus_B0,8,8,0,0.0,0.0,0.0
proxy,R_MC_seq,20,2,old_order_change,8,8,0,-0.0013706140350877194,-0.007017543859649122,0.004824561403508771
proxy,R_MC_seq,20,2,new_competition_loss,8,8,0,0.029660087719298244,0.008333333333333333,0.055263157894736833
proxy,R_MC_seq,20,2,total_old_accuracy_drop,8,8,0,0.028289473684210528,0.010087719298245614,0.05263157894736843
proxy,R_MC_seq,20,2,C_abs_new_old_gap,8,8,0,0.253234649122807,0.11140350877192981,0.6109649122807018
proxy,R_MC_seq,20,2,C_new_minus_old,8,8,0,-0.20663377192982454,-0.6109649122807018,-0.025877192982456144
proxy,R_MC_seq,20,2,C_old_minus_R0,8,8,0,0.0,0.0,0.0
proxy,R_MC_seq,20,2,C_new_minus_R0,8,8,0,0.0,0.0,0.0
proxy,R_MC_seq,20,2,old_order_recovery_fraction,8,8,0,0.014418859649122805,0.003947368421052632,0.026754385964912288
proxy,R_MC_seq,20,2,total_recovery_fraction,8,8,0,0.008442982456140351,0.0030701754385964912,0.012719298245614036
proxy,R_MC_seq,20,2,old_winner_changed_fraction,8,8,0,0.07017543859649124,0.018859649122807014,0.1192982456140351
proxy,R_MC_seq,20,2,old_displaced_by_new_fraction,8,8,0,0.14287280701754385,0.018421052631578946,0.26973684210526316
proxy,R_MC_seq,20,2,correctness_B_Cold_C_000,8,8,0,0.46085526315789477,0.1464912280701754,0.717982456140351
proxy,R_MC_seq,20,2,correctness_B_Cold_C_100,8,8,0,0.013048245614035085,0.006578947368421052,0.019736842105263157
proxy,R_MC_seq,20,2,correctness_B_Cold_C_010,8,8,0,0.005975877192982456,0.00043859649122807013,0.015350877192982459
proxy,R_MC_seq,20,2,correctness_B_Cold_C_110,8,8,0,0.023684210526315787,0.007894736842105263,0.04342105263157895
proxy,R_MC_seq,20,2,correctness_B_Cold_C_011,8,8,0,0.008442982456140351,0.0030701754385964912,0.012719298245614036
proxy,R_MC_seq,20,2,correctness_B_Cold_C_111,8,8,0,0.4879934210526316,0.19912280701754387,0.8350877192982455
proxy,R_MC_seq,20,2,B_old_margin_mean,8,8,0,0.053247157502573174,-0.04272500381752698,0.18410890533566585
proxy,R_MC_seq,20,2,B_old_margin_minus_R0,8,8,0,0.0,0.0,0.0
proxy,R_MC_seq,20,2,B_old_winner_changed_from_R0_fraction,8,8,0,0.0,0.0,0.0
proxy,R_MC_seq,20,2,B_old_R0_correct_to_wrong_fraction,8,8,0,0.0,0.0,0.0
proxy,R_MC_seq,20,2,B_old_R0_wrong_to_correct_fraction,8,8,0,0.0,0.0,0.0
proxy,R_MC_seq,20,2,C_old_margin_mean,8,8,0,0.03674574507490099,-0.05193251289124199,0.16019508534641141
proxy,R_MC_seq,20,2,C_old_margin_minus_R0,8,8,0,0.0,0.0,0.0
proxy,R_MC_seq,20,2,C_old_winner_changed_from_R0_fraction,8,8,0,0.0,0.0,0.0
proxy,R_MC_seq,20,2,C_old_R0_correct_to_wrong_fraction,8,8,0,0.0,0.0,0.0
proxy,R_MC_seq,20,2,C_old_R0_wrong_to_correct_fraction,8,8,0,0.0,0.0,0.0
proxy,R_MC_seq,20,2,C_new_margin_mean,8,8,0,-0.044993727511680966,-0.08530952982024266,0.03754702828518
proxy,R_MC_seq,20,2,C_new_margin_minus_R0,8,8,0,0.0,0.0,0.0
proxy,R_MC_seq,20,2,C_new_winner_changed_from_R0_fraction,8,8,0,0.0,0.0,0.0
proxy,R_MC_seq,20,2,C_new_R0_correct_to_wrong_fraction,8,8,0,0.0,0.0,0.0
proxy,R_MC_seq,20,2,C_new_R0_wrong_to_correct_fraction,8,8,0,0.0,0.0,0.0
proxy,R_MC_seq,20,5,A_old_accuracy,8,0,8,,,
proxy,R_MC_seq,20,5,B0_old_accuracy,8,8,0,0.5247258771929825,0.25526315789473686,0.8495614035087721
proxy,R_MC_seq,20,5,B_old_accuracy,8,8,0,0.5247258771929825,0.25526315789473686,0.8495614035087721
proxy,R_MC_seq,20,5,C_old_columns_accuracy,8,8,0,0.5293859649122807,0.26140350877192986,0.849561403508772
proxy,R_MC_seq,20,5,C_old_accuracy,8,8,0,0.4548245614035088,0.18464912280701756,0.7807017543859649
proxy,R_MC_seq,20,5,C_new_accuracy,8,8,0,0.37052631578947376,0.1610526315789474,0.6157894736842107
proxy,R_MC_seq,20,5,C_h,8,8,0,0.3959780713312625,0.15545857663619495,0.6559729951220279
proxy,R_MC_seq,20,5,adaptation_gain_B_minus_A,8,0,8,,,
proxy,R_MC_seq,20,5,support_adaptation_B_minus_B0,8,8,0,0.0,0.0,0.0
proxy,R_MC_seq,20,5,old_order_change,8,8,0,-0.0046600877192982445,-0.013596491228070173,0.004824561403508771
proxy,R_MC_seq,20,5,new_competition_loss,8,8,0,0.07456140350877193,0.05614035087719298,0.08289473684210527
proxy,R_MC_seq,20,5,total_old_accuracy_drop,8,8,0,0.06990131578947367,0.051315789473684204,0.08771929824561403
proxy,R_MC_seq,20,5,C_abs_new_old_gap,8,8,0,0.12357456140350875,0.07833333333333332,0.2398245614035087
proxy,R_MC_seq,20,5,C_new_minus_old,8,8,0,-0.08429824561403507,-0.2398245614035087,-0.010087719298245621
proxy,R_MC_seq,20,5,C_old_minus_R0,8,8,0,0.0,0.0,0.0
proxy,R_MC_seq,20,5,C_new_minus_R0,8,8,0,0.0,0.0,0.0
proxy,R_MC_seq,20,5,old_order_recovery_fraction,8,8,0,0.020120614035087712,0.0043859649122807015,0.030701754385964907
proxy,R_MC_seq,20,5,total_recovery_fraction,8,8,0,0.008004385964912281,0.002631578947368421,0.014473684210526316
proxy,R_MC_seq,20,5,old_winner_changed_fraction,8,8,0,0.09057017543859648,0.02149122807017544,0.14342105263157895
proxy,R_MC_seq,20,5,old_displaced_by_new_fraction,8,8,0,0.25663377192982456,0.09517543859649122,0.4118421052631579
proxy,R_MC_seq,20,5,correctness_B_Cold_C_000,8,8,0,0.45515350877192984,0.14473684210526316,0.7140350877192982
proxy,R_MC_seq,20,5,correctness_B_Cold_C_100,8,8,0,0.015460526315789473,0.005701754385964912,0.02456140350877193
proxy,R_MC_seq,20,5,correctness_B_Cold_C_010,8,8,0,0.012116228070175435,0.0017543859649122805,0.02192982456140351
proxy,R_MC_seq,20,5,correctness_B_Cold_C_110,8,8,0,0.06244517543859649,0.05131578947368422,0.08114035087719298
proxy,R_MC_seq,20,5,correctness_B_Cold_C_011,8,8,0,0.008004385964912281,0.002631578947368421,0.014473684210526316
proxy,R_MC_seq,20,5,correctness_B_Cold_C_111,8,8,0,0.4468201754385964,0.1758771929824561,0.7776315789473683
proxy,R_MC_seq,20,5,B_old_margin_mean,8,8,0,0.053247157502573174,-0.04272500381752698,0.18410890533566585
proxy,R_MC_seq,20,5,B_old_margin_minus_R0,8,8,0,0.0,0.0,0.0
proxy,R_MC_seq,20,5,B_old_winner_changed_from_R0_fraction,8,8,0,0.0,0.0,0.0
proxy,R_MC_seq,20,5,B_old_R0_correct_to_wrong_fraction,8,8,0,0.0,0.0,0.0
proxy,R_MC_seq,20,5,B_old_R0_wrong_to_correct_fraction,8,8,0,0.0,0.0,0.0
proxy,R_MC_seq,20,5,C_old_margin_mean,8,8,0,0.019806927585284715,-0.05986130760445133,0.1229302632835988
proxy,R_MC_seq,20,5,C_old_margin_minus_R0,8,8,0,0.0,0.0,0.0
proxy,R_MC_seq,20,5,C_old_winner_changed_from_R0_fraction,8,8,0,0.0,0.0,0.0
proxy,R_MC_seq,20,5,C_old_R0_correct_to_wrong_fraction,8,8,0,0.0,0.0,0.0
proxy,R_MC_seq,20,5,C_old_R0_wrong_to_correct_fraction,8,8,0,0.0,0.0,0.0
proxy,R_MC_seq,20,5,C_new_margin_mean,8,8,0,-0.023224736945277144,-0.08806551081693273,0.04374460736826478
proxy,R_MC_seq,20,5,C_new_margin_minus_R0,8,8,0,0.0,0.0,0.0
proxy,R_MC_seq,20,5,C_new_winner_changed_from_R0_fraction,8,8,0,0.0,0.0,0.0
proxy,R_MC_seq,20,5,C_new_R0_correct_to_wrong_fraction,8,8,0,0.0,0.0,0.0
proxy,R_MC_seq,20,5,C_new_R0_wrong_to_correct_fraction,8,8,0,0.0,0.0,0.0
proxy,R_MC_seq,20,10,A_old_accuracy,8,0,8,,,
proxy,R_MC_seq,20,10,B0_old_accuracy,8,8,0,0.5247258771929825,0.25526315789473686,0.8495614035087721
proxy,R_MC_seq,20,10,B_old_accuracy,8,8,0,0.5247258771929825,0.25526315789473686,0.8495614035087721
proxy,R_MC_seq,20,10,C_old_columns_accuracy,8,8,0,0.5291666666666668,0.2679824561403509,0.8473684210526317
proxy,R_MC_seq,20,10,C_old_accuracy,8,8,0,0.41633771929824565,0.1530701754385965,0.7368421052631577
proxy,R_MC_seq,20,10,C_new_accuracy,8,8,0,0.3608881578947368,0.16236842105263158,0.5897368421052631
proxy,R_MC_seq,20,10,C_h,8,8,0,0.376857602104404,0.14333664005549043,0.6182873113249728
proxy,R_MC_seq,20,10,adaptation_gain_B_minus_A,8,0,8,,,
proxy,R_MC_seq,20,10,support_adaptation_B_minus_B0,8,8,0,0.0,0.0,0.0
proxy,R_MC_seq,20,10,old_order_change,8,8,0,-0.0044407894736842105,-0.013596491228070173,0.008771929824561403
proxy,R_MC_seq,20,10,new_competition_loss,8,8,0,0.11282894736842107,0.07763157894736841,0.13157894736842107
proxy,R_MC_seq,20,10,total_old_accuracy_drop,8,8,0,0.10838815789473683,0.07587719298245614,0.14035087719298245
proxy,R_MC_seq,20,10,C_abs_new_old_gap,8,8,0,0.10398026315789474,0.06412280701754387,0.20271929824561402
proxy,R_MC_seq,20,10,C_new_minus_old,8,8,0,-0.05544956140350876,-0.20114035087719295,0.01833333333333334
proxy,R_MC_seq,20,10,C_old_minus_R0,8,8,0,0.0,0.0,0.0
proxy,R_MC_seq,20,10,C_new_minus_R0,8,8,0,0.0,0.0,0.0
proxy,R_MC_seq,20,10,old_order_recovery_fraction,8,8,0,0.023574561403508772,0.0043859649122807015,0.04298245614035087
proxy,R_MC_seq,20,10,total_recovery_fraction,8,8,0,0.0060855263157894735,0.0008771929824561403,0.010087719298245614
proxy,R_MC_seq,20,10,old_winner_changed_fraction,8,8,0,0.10487938596491228,0.030263157894736846,0.18333333333333335
proxy,R_MC_seq,20,10,old_displaced_by_new_fraction,8,8,0,0.38179824561403514,0.18859649122807018,0.5657894736842104
proxy,R_MC_seq,20,10,correctness_B_Cold_C_000,8,8,0,0.45169956140350875,0.1429824561403509,0.7026315789473683
proxy,R_MC_seq,20,10,correctness_B_Cold_C_100,8,8,0,0.019133771929824562,0.009649122807017543,0.029385964912280703
proxy,R_MC_seq,20,10,correctness_B_Cold_C_010,8,8,0,0.017489035087719297,0.003508771929824561,0.03640350877192982
proxy,R_MC_seq,20,10,correctness_B_Cold_C_110,8,8,0,0.09533991228070174,0.07280701754385964,0.1280701754385965
proxy,R_MC_seq,20,10,correctness_B_Cold_C_011,8,8,0,0.0060855263157894735,0.0008771929824561403,0.010087719298245614
proxy,R_MC_seq,20,10,correctness_B_Cold_C_111,8,8,0,0.41025219298245613,0.14649122807017545,0.7342105263157894
proxy,R_MC_seq,20,10,B_old_margin_mean,8,8,0,0.053247157502573174,-0.04272500381752698,0.18410890533566585
proxy,R_MC_seq,20,10,B_old_margin_minus_R0,8,8,0,0.0,0.0,0.0
proxy,R_MC_seq,20,10,B_old_winner_changed_from_R0_fraction,8,8,0,0.0,0.0,0.0
proxy,R_MC_seq,20,10,B_old_R0_correct_to_wrong_fraction,8,8,0,0.0,0.0,0.0
proxy,R_MC_seq,20,10,B_old_R0_wrong_to_correct_fraction,8,8,0,0.0,0.0,0.0
proxy,R_MC_seq,20,10,C_old_margin_mean,8,8,0,0.009623682218077067,-0.06876200292117754,0.11252908155257368
proxy,R_MC_seq,20,10,C_old_margin_minus_R0,8,8,0,0.0,0.0,0.0
proxy,R_MC_seq,20,10,C_old_winner_changed_from_R0_fraction,8,8,0,0.0,0.0,0.0
proxy,R_MC_seq,20,10,C_old_R0_correct_to_wrong_fraction,8,8,0,0.0,0.0,0.0
proxy,R_MC_seq,20,10,C_old_R0_wrong_to_correct_fraction,8,8,0,0.0,0.0,0.0
proxy,R_MC_seq,20,10,C_new_margin_mean,8,8,0,-0.019482932195258262,-0.07228708314045867,0.03518411189781524
proxy,R_MC_seq,20,10,C_new_margin_minus_R0,8,8,0,0.0,0.0,0.0
proxy,R_MC_seq,20,10,C_new_winner_changed_from_R0_fraction,8,8,0,0.0,0.0,0.0
proxy,R_MC_seq,20,10,C_new_R0_correct_to_wrong_fraction,8,8,0,0.0,0.0,0.0
proxy,R_MC_seq,20,10,C_new_R0_wrong_to_correct_fraction,8,8,0,0.0,0.0,0.0
proxy,R_MC_seq,20,20,A_old_accuracy,8,0,8,,,
proxy,R_MC_seq,20,20,B0_old_accuracy,8,8,0,0.5247258771929825,0.25526315789473686,0.8495614035087721
proxy,R_MC_seq,20,20,B_old_accuracy,8,8,0,0.5247258771929825,0.25526315789473686,0.8495614035087721
proxy,R_MC_seq,20,20,C_old_columns_accuracy,8,8,0,0.5342105263157895,0.27324561403508774,0.8478070175438598
proxy,R_MC_seq,20,20,C_old_accuracy,8,8,0,0.3807017543859648,0.11798245614035088,0.7087719298245613
proxy,R_MC_seq,20,20,C_new_accuracy,8,8,0,0.32388157894736846,0.1386842105263158,0.5132894736842107
proxy,R_MC_seq,20,20,C_h,8,8,0,0.3416673491582608,0.12059738077400735,0.5741620101660129
proxy,R_MC_seq,20,20,adaptation_gain_B_minus_A,8,0,8,,,
proxy,R_MC_seq,20,20,support_adaptation_B_minus_B0,8,8,0,0.0,0.0,0.0
proxy,R_MC_seq,20,20,old_order_change,8,8,0,-0.009484649122807016,-0.025438596491228066,0.008333333333333333
proxy,R_MC_seq,20,20,new_competition_loss,8,8,0,0.15350877192982457,0.1333333333333333,0.16315789473684209
proxy,R_MC_seq,20,20,total_old_accuracy_drop,8,8,0,0.14402412280701754,0.13114035087719295,0.16184210526315787
proxy,R_MC_seq,20,20,C_abs_new_old_gap,8,8,0,0.1017434210526316,0.0537719298245614,0.22223684210526318
proxy,R_MC_seq,20,20,C_new_minus_old,8,8,0,-0.05682017543859649,-0.22206140350877193,0.021754385964912287
proxy,R_MC_seq,20,20,C_old_minus_R0,8,8,0,0.0,0.0,0.0
proxy,R_MC_seq,20,20,C_new_minus_R0,8,8,0,0.0,0.0,0.0
proxy,R_MC_seq,20,20,old_order_recovery_fraction,8,8,0,0.03163377192982456,0.007017543859649122,0.04912280701754386
proxy,R_MC_seq,20,20,total_recovery_fraction,8,8,0,0.0037828947368421057,0.0,0.009210526315789473
proxy,R_MC_seq,20,20,old_winner_changed_fraction,8,8,0,0.128125,0.03991228070175438,0.2100877192982456
proxy,R_MC_seq,20,20,old_displaced_by_new_fraction,8,8,0,0.48421052631578954,0.2307017543859649,0.7092105263157895
proxy,R_MC_seq,20,20,correctness_B_Cold_C_000,8,8,0,0.443640350877193,0.13947368421052633,0.6956140350877192
proxy,R_MC_seq,20,20,correctness_B_Cold_C_100,8,8,0,0.022149122807017547,0.012719298245614036,0.03114035087719298
proxy,R_MC_seq,20,20,correctness_B_Cold_C_010,8,8,0,0.02785087719298246,0.007017543859649122,0.046052631578947366
proxy,R_MC_seq,20,20,correctness_B_Cold_C_110,8,8,0,0.1256578947368421,0.1092105263157895,0.14649122807017542
proxy,R_MC_seq,20,20,correctness_B_Cold_C_011,8,8,0,0.0037828947368421057,0.0,0.009210526315789473
proxy,R_MC_seq,20,20,correctness_B_Cold_C_111,8,8,0,0.37691885964912275,0.11491228070175437,0.707456140350877
proxy,R_MC_seq,20,20,B_old_margin_mean,8,8,0,0.053247157502573174,-0.04272500381752698,0.18410890533566585
proxy,R_MC_seq,20,20,B_old_margin_minus_R0,8,8,0,0.0,0.0,0.0
proxy,R_MC_seq,20,20,B_old_winner_changed_from_R0_fraction,8,8,0,0.0,0.0,0.0
proxy,R_MC_seq,20,20,B_old_R0_correct_to_wrong_fraction,8,8,0,0.0,0.0,0.0
proxy,R_MC_seq,20,20,B_old_R0_wrong_to_correct_fraction,8,8,0,0.0,0.0,0.0
proxy,R_MC_seq,20,20,C_old_margin_mean,8,8,0,0.0007085607161213033,-0.0720939790049542,0.10056360738435335
proxy,R_MC_seq,20,20,C_old_margin_minus_R0,8,8,0,0.0,0.0,0.0
proxy,R_MC_seq,20,20,C_old_winner_changed_from_R0_fraction,8,8,0,0.0,0.0,0.0
proxy,R_MC_seq,20,20,C_old_R0_correct_to_wrong_fraction,8,8,0,0.0,0.0,0.0
proxy,R_MC_seq,20,20,C_old_R0_wrong_to_correct_fraction,8,8,0,0.0,0.0,0.0
proxy,R_MC_seq,20,20,C_new_margin_mean,8,8,0,-0.025633852428248595,-0.07432682554276712,0.021006078194618128
proxy,R_MC_seq,20,20,C_new_margin_minus_R0,8,8,0,0.0,0.0,0.0
proxy,R_MC_seq,20,20,C_new_winner_changed_from_R0_fraction,8,8,0,0.0,0.0,0.0
proxy,R_MC_seq,20,20,C_new_R0_correct_to_wrong_fraction,8,8,0,0.0,0.0,0.0
proxy,R_MC_seq,20,20,C_new_R0_wrong_to_correct_fraction,8,8,0,0.0,0.0,0.0
