accuracy,alignment_strength,coherence_mean,count,day,fallback_fraction,model_seed,nominal_residual_cfo_hz_mean,receiver,relative_cfo_hz_max,relative_cfo_hz_mean,relative_cfo_hz_min,residual_estimated_cfo_hz_mean,residual_formula_eligible_count,residual_formula_max_error_hz,residual_valid_fraction,tx,unit_embedding_trace_variance,variant
0.9933333333333333,0.0,0.9921577136218548,300,1,0.0,2026092701,-26914.05865234375,1,-23710.791015625,-26914.05865234375,-34867.8046875,-26914.05865234375,300,0.0,1.0,0,0.10199240698343282,adaptive_volterra_lag4
1.0,0.0,0.9969143839677175,300,2,0.0,2026092701,-26997.29896484375,1,-24915.0703125,-26997.29896484375,-29281.009765625,-26997.29896484375,300,0.0,1.0,0,0.10956323591417305,adaptive_volterra_lag4
0.9933333333333333,0.0,0.9959728302558263,300,3,0.0,2026092701,-27036.744583333333,1,-17193.962890625,-27036.744583333333,-29216.671875,-27036.744583333333,300,0.0,1.0,0,0.07091578643700147,adaptive_volterra_lag4
0.92,0.0,0.8407306848093867,300,1,0.0,2026092701,-32599.654809977215,3,599168.375,-32599.654809977215,-621967.875,-32599.654809977215,300,0.0,1.0,0,0.2901038557800293,adaptive_volterra_lag4
0.9733333333333334,0.0,0.8427451226736108,300,2,0.0,2026092701,-19893.017174886067,3,578542.5625,-19893.017174886067,-610105.75,-19893.017174886067,300,0.0,1.0,0,0.27371098853125475,adaptive_volterra_lag4
0.9666666666666667,0.0,0.8296312564238906,300,3,0.0,2026092701,-16558.236828918456,3,572646.875,-16558.236828918456,-557283.0625,-16558.236828918456,300,0.0,1.0,0,0.37435667050812127,adaptive_volterra_lag4
1.0,0.0,0.996070388952891,300,1,0.0,2026092701,-28011.63046875,4,-24516.6171875,-28011.63046875,-32686.943359375,-28011.63046875,300,0.0,1.0,0,0.06459156714268544,adaptive_volterra_lag4
1.0,0.0,0.9986021320025126,300,2,0.0,2026092701,-27672.128684895833,4,-25615.763671875,-27672.128684895833,-29823.333984375,-27672.128684895833,300,0.0,1.0,0,0.052202214144667636,adaptive_volterra_lag4
1.0,0.0,0.998875458240509,300,3,0.0,2026092701,-27824.992005208333,4,-25399.595703125,-27824.992005208333,-29762.24609375,-27824.992005208333,300,0.0,1.0,0,0.050200367041123406,adaptive_volterra_lag4
0.9966666666666667,0.0,0.990090055714051,300,1,0.0,2026092701,-26924.773723958333,6,-22339.32421875,-26924.773723958333,-128068.515625,-26924.773723958333,300,0.0,1.0,0,0.07463461161065443,adaptive_volterra_lag4
1.0,0.0,0.9876185045639674,300,2,0.0,2026092701,-27468.35755859375,6,-20680.72265625,-27468.35755859375,-38947.83984375,-27468.35755859375,300,0.0,1.0,0,0.08812434437851246,adaptive_volterra_lag4
1.0,0.0,0.9805694196621577,300,3,0.0,2026092701,-26280.906529947915,6,-20889.609375,-26280.906529947915,-32613.501953125,-26280.906529947915,300,0.0,1.0,0,0.09056478364290599,adaptive_volterra_lag4
0.9766666666666667,0.0,0.8392215252419313,300,1,0.0,2026092701,-19500.58509174347,8,597359.9375,-19500.58509174347,-202708.546875,-19500.58509174347,300,0.0,1.0,0,0.24963810177838275,adaptive_volterra_lag4
0.9666666666666667,0.0,0.860476649403572,300,2,0.0,2026092701,-27325.18803914388,8,23424.271484375,-27325.18803914388,-609270.1875,-27325.18803914388,300,0.0,1.0,0,0.2956954094408103,adaptive_volterra_lag4
0.9766666666666667,0.0,0.8545868360002835,300,3,0.0,2026092701,-23919.98753751119,8,580221.0,-23919.98753751119,-559319.3125,-23919.98753751119,300,0.0,1.0,0,0.30632449931044303,adaptive_volterra_lag4
0.9966666666666667,0.0,0.9927015282710393,300,1,0.0,2026092701,-21306.525276285807,1,-1809.8533935546875,-21306.525276285807,-25667.486328125,-21306.525276285807,300,0.0,1.0,1,0.11175948580083084,adaptive_volterra_lag4
0.9933333333333333,0.0,0.9973381127913793,300,2,0.0,2026092701,-22190.22104817708,1,-17622.93359375,-22190.22104817708,-24787.240234375,-22190.22104817708,300,0.0,1.0,1,0.06979447681599771,adaptive_volterra_lag4
0.99,0.0,0.9990472426017125,300,3,0.0,2026092701,-22559.388478190103,1,-4857.29345703125,-22559.388478190103,-25170.203125,-22559.388478190103,300,0.0,1.0,1,0.0864041260421049,adaptive_volterra_lag4
0.98,0.0,0.8815935239195823,300,1,0.0,2026092701,-21378.820799560548,3,446114.0,-21378.820799560548,-108983.53125,-21378.820799560548,300,0.0,1.0,1,0.28808199532945555,adaptive_volterra_lag4
0.9733333333333334,0.0,0.8745111145886282,300,2,0.0,2026092701,-22024.885188395183,3,335975.90625,-22024.885188395183,-556382.25,-22024.885188395183,300,0.0,1.0,1,0.2852025036975907,adaptive_volterra_lag4
0.9266666666666666,0.0,0.8518686656405529,300,3,0.0,2026092701,-24257.959638773602,3,611520.1875,-24257.959638773602,-610973.1875,-24257.959638773602,300,0.0,1.0,1,0.3730093724685134,adaptive_volterra_lag4
0.9933333333333333,0.0,0.9991894960403442,300,1,0.0,2026092701,-23169.138821614582,4,-20509.126953125,-23169.138821614582,-25406.765625,-23169.138821614582,300,0.0,1.0,1,0.1283089965542752,adaptive_volterra_lag4
0.9933333333333333,0.0,0.9986263140042623,300,2,0.0,2026092701,-22632.316471354166,4,-14038.548828125,-22632.316471354166,-24574.96875,-22632.316471354166,300,0.0,1.0,1,0.16093333143519606,adaptive_volterra_lag4
0.98,0.0,0.9981225313742955,300,3,0.0,2026092701,-23001.16021077474,4,1132.475341796875,-23001.16021077474,-24915.26171875,-23001.16021077474,300,0.0,1.0,1,0.1711526422029661,adaptive_volterra_lag4
0.9933333333333333,0.0,0.9948582658171654,300,1,0.0,2026092701,-23038.641243489583,6,-15437.158203125,-23038.641243489583,-270619.1875,-23038.641243489583,300,0.0,1.0,1,0.09281024444161912,adaptive_volterra_lag4
0.9966666666666667,0.0,0.9939415416121483,300,2,0.0,2026092701,-22659.027272135416,6,-13901.150390625,-22659.027272135416,-237097.1875,-22659.027272135416,300,0.0,1.0,1,0.09959604373539432,adaptive_volterra_lag4
0.9866666666666667,0.0,0.9923021006087462,300,3,0.0,2026092701,-22575.722891438803,6,-3095.299072265625,-22575.722891438803,-172514.359375,-22575.722891438803,300,0.0,1.0,1,0.17158417374927037,adaptive_volterra_lag4
0.9666666666666667,0.0,0.8593488229314487,300,1,0.0,2026092701,-20772.708798828124,8,450508.75,-20772.708798828124,-226374.15625,-20772.708798828124,300,0.0,1.0,1,0.31460791255239906,adaptive_volterra_lag4
0.97,0.0,0.8749892761806647,300,2,0.0,2026092701,-21225.562836812336,8,4392.654296875,-21225.562836812336,-204099.90625,-21225.562836812336,300,0.0,1.0,1,0.32665540878029,adaptive_volterra_lag4
0.9633333333333334,0.0,0.8787944091359774,300,3,0.0,2026092701,-19687.938111012776,8,541056.9375,-19687.938111012776,-396135.09375,-19687.938111012776,300,0.0,1.0,1,0.32525433194866715,adaptive_volterra_lag4
0.9966666666666667,0.0,0.9987207810084026,300,1,0.0,2026092701,-22064.192858072918,1,-19434.201171875,-22064.192858072918,-24899.802734375,-22064.192858072918,300,0.0,1.0,2,0.04594466917553919,adaptive_volterra_lag4
1.0,0.0,0.9987414896488189,300,2,0.0,2026092701,-21583.2346875,1,-18921.12890625,-21583.2346875,-23712.373046875,-21583.2346875,300,0.0,1.0,2,0.04943156336785737,adaptive_volterra_lag4
0.9966666666666667,0.0,0.9984172634283701,300,3,0.0,2026092701,-22135.415572916667,1,-19751.6796875,-22135.415572916667,-24196.537109375,-22135.415572916667,300,0.0,1.0,2,0.07780056176578154,adaptive_volterra_lag4
0.9833333333333333,0.0,0.8800891214609146,300,1,0.0,2026092701,-22153.40174621582,3,80448.65625,-22153.40174621582,-95076.3046875,-22153.40174621582,300,0.0,1.0,2,0.1754242814054554,adaptive_volterra_lag4
0.9933333333333333,0.0,0.877268965219458,300,2,0.0,2026092701,-21170.907107289633,3,12866.681640625,-21170.907107289633,-106148.5234375,-21170.907107289633,300,0.0,1.0,2,0.14359870049570445,adaptive_volterra_lag4
0.9866666666666667,0.0,0.8882330258687338,300,3,0.0,2026092701,-19384.25474866231,3,489075.03125,-19384.25474866231,-99052.359375,-19384.25474866231,300,0.0,1.0,2,0.20693291919414336,adaptive_volterra_lag4
0.9766666666666667,0.0,0.9545144002139568,300,1,0.0,2026092701,-15601.102389322916,4,488752.28125,-15601.102389322916,-503510.03125,-15601.102389322916,300,0.0,1.0,2,0.14306620206450804,adaptive_volterra_lag4
0.99,0.0,0.9807366546740135,300,2,0.0,2026092701,-20197.78306681315,4,508878.125,-20197.78306681315,-562488.375,-20197.78306681315,300,0.0,1.0,2,0.15483536620127658,adaptive_volterra_lag4
0.98,0.0,0.9833251300702492,300,3,0.0,2026092701,-24374.858152669272,4,52141.28515625,-24374.858152669272,-533169.375,-24374.858152669272,300,0.0,1.0,2,0.0669895716154042,adaptive_volterra_lag4
1.0,0.0,0.9954308191935222,300,1,0.0,2026092701,-22650.558255208332,6,-19642.076171875,-22650.558255208332,-31095.6796875,-22650.558255208332,300,0.0,1.0,2,0.06420504960406359,adaptive_volterra_lag4
1.0,0.0,0.9979568711916605,300,2,0.0,2026092701,-22341.060983072915,6,-20186.369140625,-22341.060983072915,-25786.19140625,-22341.060983072915,300,0.0,1.0,2,0.0437107631901571,adaptive_volterra_lag4
1.0,0.0,0.9987439831097921,300,3,0.0,2026092701,-22441.754010416666,6,-19984.583984375,-22441.754010416666,-24038.400390625,-22441.754010416666,300,0.0,1.0,2,0.015895692611823886,adaptive_volterra_lag4
1.0,0.0,0.9081011878947417,300,1,0.0,2026092701,-21003.09012682597,8,28203.36328125,-21003.09012682597,-98927.9453125,-21003.09012682597,300,0.0,1.0,2,0.08117598887270794,adaptive_volterra_lag4
1.0,0.0,0.9055181274811427,300,2,0.0,2026092701,-20531.140282058717,8,47107.25,-20531.140282058717,-76422.125,-20531.140282058717,300,0.0,1.0,2,0.0841504739275255,adaptive_volterra_lag4
0.9966666666666667,0.0,0.9105378817518552,300,3,0.0,2026092701,-22384.335665690105,8,14195.4716796875,-22384.335665690105,-496795.40625,-22384.335665690105,300,0.0,1.0,2,0.10472875258540915,adaptive_volterra_lag4
1.0,0.0,0.9987421586116155,300,1,0.0,2026092701,-22931.140227864584,1,-19074.873046875,-22931.140227864584,-25098.576171875,-22931.140227864584,300,0.0,1.0,3,0.1636148883439883,adaptive_volterra_lag4
0.9966666666666667,0.0,0.9988671799500783,300,2,0.0,2026092701,-22377.433307291667,1,-16658.80859375,-22377.433307291667,-29830.681640625,-22377.433307291667,300,0.0,1.0,3,0.14121292851691836,adaptive_volterra_lag4
0.9966666666666667,0.0,0.9978403655687967,300,3,0.0,2026092701,-22819.563631388348,1,-440.51129150390625,-22819.563631388348,-28203.619140625,-22819.563631388348,300,0.0,1.0,3,0.14371572942084465,adaptive_volterra_lag4
0.9433333333333334,0.0,0.865618384530147,300,1,0.0,2026092701,-21195.431389770507,3,612900.1875,-21195.431389770507,-441303.46875,-21195.431389770507,300,0.0,1.0,3,0.3272917945214995,adaptive_volterra_lag4
0.93,0.0,0.8713305069506169,300,2,0.0,2026092701,-21528.43489250183,3,265072.9375,-21528.43489250183,-97111.40625,-21528.43489250183,300,0.0,1.0,3,0.3249964550595704,adaptive_volterra_lag4
0.9233333333333333,0.0,0.8631079876050353,300,3,0.0,2026092701,-18159.263392944336,3,492900.09375,-18159.263392944336,-99733.5859375,-18159.263392944336,300,0.0,1.0,3,0.3525298523967868,adaptive_volterra_lag4
0.98,0.0,0.9924259837468465,300,1,0.0,2026092701,-23087.82831258138,4,-2014.2171630859375,-23087.82831258138,-63384.9765625,-23087.82831258138,300,0.0,1.0,3,0.12135012768661613,adaptive_volterra_lag4
0.9633333333333334,0.0,0.9915273221333821,300,2,0.0,2026092701,-22005.049450683593,4,163272.875,-22005.049450683593,-29471.982421875,-22005.049450683593,300,0.0,1.0,3,0.125534158624785,adaptive_volterra_lag4
0.9766666666666667,0.0,0.9860645049065352,300,3,0.0,2026092701,-23351.807674967447,4,33403.87109375,-23351.807674967447,-303930.8125,-23351.807674967447,300,0.0,1.0,3,0.09650175554206408,adaptive_volterra_lag4
0.99,0.0,0.9995619833469391,300,1,0.0,2026092701,-22036.864798177085,6,-18655.6875,-22036.864798177085,-23398.740234375,-22036.864798177085,300,0.0,1.0,3,0.04604910029893938,adaptive_volterra_lag4
1.0,0.0,0.9995536784331004,300,2,0.0,2026092701,-22094.688385416666,6,-20940.001953125,-22094.688385416666,-23784.7734375,-22094.688385416666,300,0.0,1.0,3,0.03350013057876344,adaptive_volterra_lag4
1.0,0.0,0.9996031298240026,300,3,0.0,2026092701,-22472.7951171875,6,-20929.408203125,-22472.7951171875,-24151.763671875,-22472.7951171875,300,0.0,1.0,3,0.030666866015574334,adaptive_volterra_lag4
0.9533333333333334,0.0,0.8408772169239819,300,1,0.0,2026092701,-17307.98534301758,8,560956.25,-17307.98534301758,-262169.78125,-17307.98534301758,300,0.0,1.0,3,0.4056768238481252,adaptive_volterra_lag4
0.98,0.0,0.8444221367438635,300,2,0.0,2026092701,-19846.144803466796,8,541814.9375,-19846.144803466796,-238445.421875,-19846.144803466796,300,0.0,1.0,3,0.42603131133341066,adaptive_volterra_lag4
0.9933333333333333,0.0,0.8163974509636561,300,3,0.0,2026092701,-12324.808023910522,8,617916.3125,-12324.808023910522,-577506.5625,-12324.808023910522,300,0.0,1.0,3,0.40896727150646994,adaptive_volterra_lag4
1.0,0.0,0.9997017898162206,300,1,0.0,2026092701,-12186.958955078126,1,-10876.2939453125,-12186.958955078126,-13452.248046875,-12186.958955078126,300,0.0,1.0,4,0.010480794655248094,adaptive_volterra_lag4
1.0,0.0,0.9996826122204463,300,2,0.0,2026092701,-12152.860891927083,1,-10567.009765625,-12152.860891927083,-13546.9658203125,-12152.860891927083,300,0.0,1.0,4,0.01842951817525995,adaptive_volterra_lag4
1.0,0.0,0.9997086195151011,300,3,0.0,2026092701,-11981.437057291667,1,-10768.1123046875,-11981.437057291667,-13070.76171875,-11981.437057291667,300,0.0,1.0,4,0.021527005450862946,adaptive_volterra_lag4
0.96,0.0,0.8342477931827307,300,1,0.0,2026092701,-10820.90757446289,3,606852.0625,-10820.90757446289,-553874.5625,-10820.90757446289,300,0.0,1.0,4,0.33716877072156615,adaptive_volterra_lag4
0.94,0.0,0.8177648937702179,300,2,0.0,2026092701,-13117.563010101318,3,543099.8125,-13117.563010101318,-582237.25,-13117.563010101318,300,0.0,1.0,4,0.30078573715424395,adaptive_volterra_lag4
0.93,0.0,0.7870791389172276,300,3,0.0,2026092701,-7291.635153617859,3,622686.0,-7291.635153617859,-616600.1875,-7291.635153617859,300,0.0,1.0,4,0.3943191645439853,adaptive_volterra_lag4
1.0,0.0,0.9983373133341471,300,1,0.0,2026092701,-12843.360208333334,4,-10647.2158203125,-12843.360208333334,-15868.83984375,-12843.360208333334,300,0.0,1.0,4,0.025251902890806477,adaptive_volterra_lag4
1.0,0.0,0.9971807022889455,300,2,0.0,2026092701,-12609.797067057292,4,-9167.263671875,-12609.797067057292,-15754.1220703125,-12609.797067057292,300,0.0,1.0,4,0.03177469656652321,adaptive_volterra_lag4
1.0,0.0,0.994736109127601,300,3,0.0,2026092701,-14361.629742838542,4,-10348.0478515625,-14361.629742838542,-509598.1875,-14361.629742838542,300,0.0,1.0,4,0.030942823590289326,adaptive_volterra_lag4
0.9933333333333333,0.0,0.9805895109474659,300,1,0.0,2026092701,-13043.826184895834,6,163459.546875,-13043.826184895834,-579876.8125,-13043.826184895834,300,0.0,1.0,4,0.10841993854906895,adaptive_volterra_lag4
0.9966666666666667,0.0,0.9744761701424917,300,2,0.0,2026092701,-11046.928647155763,6,16647.359375,-11046.928647155763,-22569.498046875,-11046.928647155763,300,0.0,1.0,4,0.1306330790587784,adaptive_volterra_lag4
0.9966666666666667,0.0,0.9873833298186461,300,3,0.0,2026092701,-10715.544656575521,6,220832.859375,-10715.544656575521,-18375.380859375,-10715.544656575521,300,0.0,1.0,4,0.09864257472419335,adaptive_volterra_lag4
1.0,0.0,0.8916868689407905,300,1,0.0,2026092701,-8880.49575302124,8,330305.1875,-8880.49575302124,-36389.27734375,-8880.49575302124,300,0.0,1.0,4,0.18469659827842178,adaptive_volterra_lag4
1.0,0.0,0.8893355586131414,300,2,0.0,2026092701,-11499.081474787394,8,42320.04296875,-11499.081474787394,-106413.0390625,-11499.081474787394,300,0.0,1.0,4,0.18405450975046045,adaptive_volterra_lag4
0.99,0.0,0.8946144796411196,300,3,0.0,2026092701,-12472.267841288249,8,23379.1796875,-12472.267841288249,-472079.09375,-12472.267841288249,300,0.0,1.0,4,0.23728093098636616,adaptive_volterra_lag4
1.0,0.0,0.9985529824097952,300,1,0.0,2026092701,-20179.50728515625,1,-17820.69140625,-20179.50728515625,-22284.58984375,-20179.50728515625,300,0.0,1.0,5,0.031131954594209366,adaptive_volterra_lag4
0.9933333333333333,0.0,0.998565810918808,300,2,0.0,2026092701,-20282.956861979168,1,-16371.84765625,-20282.956861979168,-22749.0546875,-20282.956861979168,300,0.0,1.0,5,0.03355212545622899,adaptive_volterra_lag4
1.0,0.0,0.997731768488884,300,3,0.0,2026092701,-20415.447024739584,1,-18463.630859375,-20415.447024739584,-22537.9375,-20415.447024739584,300,0.0,1.0,5,0.05972397391646611,adaptive_volterra_lag4
0.98,0.0,0.8766845100124677,300,1,0.0,2026092701,-19625.03742960612,3,16550.4140625,-19625.03742960612,-124709.3515625,-19625.03742960612,300,0.0,1.0,5,0.11426645875273611,adaptive_volterra_lag4
0.9866666666666667,0.0,0.8878560337424278,300,2,0.0,2026092701,-19126.945930887858,3,262821.46875,-19126.945930887858,-76552.3125,-19126.945930887858,300,0.0,1.0,5,0.09956991620936562,adaptive_volterra_lag4
0.9833333333333333,0.0,0.8658727371195952,300,3,0.0,2026092701,-17358.69468465169,3,496442.8125,-17358.69468465169,-270683.96875,-17358.69468465169,300,0.0,1.0,5,0.08441690882911379,adaptive_volterra_lag4
0.9966666666666667,0.0,0.9919818715751171,300,1,0.0,2026092701,-19742.31517578125,4,144524.046875,-19742.31517578125,-153345.0,-19742.31517578125,300,0.0,1.0,5,0.0805513626220079,adaptive_volterra_lag4
0.9866666666666667,0.0,0.9833062568306923,300,2,0.0,2026092701,-21667.58068359375,4,-10637.8173828125,-21667.58068359375,-217863.453125,-21667.58068359375,300,0.0,1.0,5,0.15136464257122795,adaptive_volterra_lag4
0.9933333333333333,0.0,0.982509353607893,300,3,0.0,2026092701,-21725.051258951822,4,-2253.889404296875,-21725.051258951822,-239948.171875,-21725.051258951822,300,0.0,1.0,5,0.14663024710812456,adaptive_volterra_lag4
1.0,0.0,0.9970015901327133,300,1,0.0,2026092701,-18900.94838541667,6,-16564.119140625,-18900.94838541667,-21957.5,-18900.94838541667,300,0.0,1.0,5,0.1366778947010041,adaptive_volterra_lag4
1.0,0.0,0.9979795678456624,300,2,0.0,2026092701,-18715.40726236979,6,-15966.869140625,-18715.40726236979,-22037.232421875,-18715.40726236979,300,0.0,1.0,5,0.1674717261901385,adaptive_volterra_lag4
0.9966666666666667,0.0,0.9951539301872253,300,3,0.0,2026092701,-18021.071728515624,6,-6698.458984375,-18021.071728515624,-22221.98046875,-18021.071728515624,300,0.0,1.0,5,0.12936312338536182,adaptive_volterra_lag4
0.9866666666666667,0.0,0.9236229381958644,300,1,0.0,2026092701,-20494.906968536376,8,19617.720703125,-20494.906968536376,-282722.0,-20494.906968536376,300,0.0,1.0,5,0.07788712194146497,adaptive_volterra_lag4
0.9866666666666667,0.0,0.9255151661237081,300,2,0.0,2026092701,-20989.74442586263,8,876.0730590820312,-20989.74442586263,-48763.5859375,-20989.74442586263,300,0.0,1.0,5,0.1016785948696407,adaptive_volterra_lag4
0.99,0.0,0.9128801691532135,300,3,0.0,2026092701,-19253.109247233075,8,6383.14892578125,-19253.109247233075,-86005.375,-19253.109247233075,300,0.0,1.0,5,0.0927669687368825,adaptive_volterra_lag4
0.9933333333333333,0.0,0.9921577136218548,300,1,0.0,2026092702,-26914.05865234375,1,-23710.791015625,-26914.05865234375,-34867.8046875,-26914.05865234375,300,0.0,1.0,0,0.1440973083662529,adaptive_volterra_lag4
1.0,0.0,0.9969143839677175,300,2,0.0,2026092702,-26997.29896484375,1,-24915.0703125,-26997.29896484375,-29281.009765625,-26997.29896484375,300,0.0,1.0,0,0.1669833615421109,adaptive_volterra_lag4
0.9933333333333333,0.0,0.9959728302558263,300,3,0.0,2026092702,-27036.744583333333,1,-17193.962890625,-27036.744583333333,-29216.671875,-27036.744583333333,300,0.0,1.0,0,0.10344289892155412,adaptive_volterra_lag4
0.93,0.0,0.8407306848093867,300,1,0.0,2026092702,-32599.654809977215,3,599168.375,-32599.654809977215,-621967.875,-32599.654809977215,300,0.0,1.0,0,0.3372880118951933,adaptive_volterra_lag4
0.96,0.0,0.8427451226736108,300,2,0.0,2026092702,-19893.017174886067,3,578542.5625,-19893.017174886067,-610105.75,-19893.017174886067,300,0.0,1.0,0,0.3202294509322219,adaptive_volterra_lag4
0.9466666666666667,0.0,0.8296312564238906,300,3,0.0,2026092702,-16558.236828918456,3,572646.875,-16558.236828918456,-557283.0625,-16558.236828918456,300,0.0,1.0,0,0.42717509726665115,adaptive_volterra_lag4
1.0,0.0,0.996070388952891,300,1,0.0,2026092702,-28011.63046875,4,-24516.6171875,-28011.63046875,-32686.943359375,-28011.63046875,300,0.0,1.0,0,0.07173231745977826,adaptive_volterra_lag4
1.0,0.0,0.9986021320025126,300,2,0.0,2026092702,-27672.128684895833,4,-25615.763671875,-27672.128684895833,-29823.333984375,-27672.128684895833,300,0.0,1.0,0,0.07139274719012545,adaptive_volterra_lag4
1.0,0.0,0.998875458240509,300,3,0.0,2026092702,-27824.992005208333,4,-25399.595703125,-27824.992005208333,-29762.24609375,-27824.992005208333,300,0.0,1.0,0,0.06140123024464961,adaptive_volterra_lag4
0.9933333333333333,0.0,0.990090055714051,300,1,0.0,2026092702,-26924.773723958333,6,-22339.32421875,-26924.773723958333,-128068.515625,-26924.773723958333,300,0.0,1.0,0,0.08508289808753433,adaptive_volterra_lag4
1.0,0.0,0.9876185045639674,300,2,0.0,2026092702,-27468.35755859375,6,-20680.72265625,-27468.35755859375,-38947.83984375,-27468.35755859375,300,0.0,1.0,0,0.0972732002679465,adaptive_volterra_lag4
1.0,0.0,0.9805694196621577,300,3,0.0,2026092702,-26280.906529947915,6,-20889.609375,-26280.906529947915,-32613.501953125,-26280.906529947915,300,0.0,1.0,0,0.08553573087421151,adaptive_volterra_lag4
0.97,0.0,0.8392215252419313,300,1,0.0,2026092702,-19500.58509174347,8,597359.9375,-19500.58509174347,-202708.546875,-19500.58509174347,300,0.0,1.0,0,0.25830040478269545,adaptive_volterra_lag4
0.99,0.0,0.860476649403572,300,2,0.0,2026092702,-27325.18803914388,8,23424.271484375,-27325.18803914388,-609270.1875,-27325.18803914388,300,0.0,1.0,0,0.3162973656419512,adaptive_volterra_lag4
0.98,0.0,0.8545868360002835,300,3,0.0,2026092702,-23919.98753751119,8,580221.0,-23919.98753751119,-559319.3125,-23919.98753751119,300,0.0,1.0,0,0.3358507753531649,adaptive_volterra_lag4
0.9966666666666667,0.0,0.9927015282710393,300,1,0.0,2026092702,-21306.525276285807,1,-1809.8533935546875,-21306.525276285807,-25667.486328125,-21306.525276285807,300,0.0,1.0,1,0.07758932849259403,adaptive_volterra_lag4
0.9933333333333333,0.0,0.9973381127913793,300,2,0.0,2026092702,-22190.22104817708,1,-17622.93359375,-22190.22104817708,-24787.240234375,-22190.22104817708,300,0.0,1.0,1,0.07338024948575339,adaptive_volterra_lag4
0.99,0.0,0.9990472426017125,300,3,0.0,2026092702,-22559.388478190103,1,-4857.29345703125,-22559.388478190103,-25170.203125,-22559.388478190103,300,0.0,1.0,1,0.07895414541009416,adaptive_volterra_lag4
0.9766666666666667,0.0,0.8815935239195823,300,1,0.0,2026092702,-21378.820799560548,3,446114.0,-21378.820799560548,-108983.53125,-21378.820799560548,300,0.0,1.0,1,0.2903900365710651,adaptive_volterra_lag4
0.9733333333333334,0.0,0.8745111145886282,300,2,0.0,2026092702,-22024.885188395183,3,335975.90625,-22024.885188395183,-556382.25,-22024.885188395183,300,0.0,1.0,1,0.2930570797041063,adaptive_volterra_lag4
0.9066666666666666,0.0,0.8518686656405529,300,3,0.0,2026092702,-24257.959638773602,3,611520.1875,-24257.959638773602,-610973.1875,-24257.959638773602,300,0.0,1.0,1,0.3648743712859477,adaptive_volterra_lag4
0.9966666666666667,0.0,0.9991894960403442,300,1,0.0,2026092702,-23169.138821614582,4,-20509.126953125,-23169.138821614582,-25406.765625,-23169.138821614582,300,0.0,1.0,1,0.12342199268628673,adaptive_volterra_lag4
1.0,0.0,0.9986263140042623,300,2,0.0,2026092702,-22632.316471354166,4,-14038.548828125,-22632.316471354166,-24574.96875,-22632.316471354166,300,0.0,1.0,1,0.15445054197791785,adaptive_volterra_lag4
0.99,0.0,0.9981225313742955,300,3,0.0,2026092702,-23001.16021077474,4,1132.475341796875,-23001.16021077474,-24915.26171875,-23001.16021077474,300,0.0,1.0,1,0.166158720182775,adaptive_volterra_lag4
0.9866666666666667,0.0,0.9948582658171654,300,1,0.0,2026092702,-23038.641243489583,6,-15437.158203125,-23038.641243489583,-270619.1875,-23038.641243489583,300,0.0,1.0,1,0.10099757738330783,adaptive_volterra_lag4
0.99,0.0,0.9939415416121483,300,2,0.0,2026092702,-22659.027272135416,6,-13901.150390625,-22659.027272135416,-237097.1875,-22659.027272135416,300,0.0,1.0,1,0.1078998849986248,adaptive_volterra_lag4
0.9833333333333333,0.0,0.9923021006087462,300,3,0.0,2026092702,-22575.722891438803,6,-3095.299072265625,-22575.722891438803,-172514.359375,-22575.722891438803,300,0.0,1.0,1,0.1930818419329392,adaptive_volterra_lag4
0.9533333333333334,0.0,0.8593488229314487,300,1,0.0,2026092702,-20772.708798828124,8,450508.75,-20772.708798828124,-226374.15625,-20772.708798828124,300,0.0,1.0,1,0.31307933438791213,adaptive_volterra_lag4
0.95,0.0,0.8749892761806647,300,2,0.0,2026092702,-21225.562836812336,8,4392.654296875,-21225.562836812336,-204099.90625,-21225.562836812336,300,0.0,1.0,1,0.30707438687940036,adaptive_volterra_lag4
0.9566666666666667,0.0,0.8787944091359774,300,3,0.0,2026092702,-19687.938111012776,8,541056.9375,-19687.938111012776,-396135.09375,-19687.938111012776,300,0.0,1.0,1,0.3141459471575647,adaptive_volterra_lag4
1.0,0.0,0.9987207810084026,300,1,0.0,2026092702,-22064.192858072918,1,-19434.201171875,-22064.192858072918,-24899.802734375,-22064.192858072918,300,0.0,1.0,2,0.06448216550225971,adaptive_volterra_lag4
1.0,0.0,0.9987414896488189,300,2,0.0,2026092702,-21583.2346875,1,-18921.12890625,-21583.2346875,-23712.373046875,-21583.2346875,300,0.0,1.0,2,0.058449201778042026,adaptive_volterra_lag4
1.0,0.0,0.9984172634283701,300,3,0.0,2026092702,-22135.415572916667,1,-19751.6796875,-22135.415572916667,-24196.537109375,-22135.415572916667,300,0.0,1.0,2,0.07507182660558953,adaptive_volterra_lag4
0.9766666666666667,0.0,0.8800891214609146,300,1,0.0,2026092702,-22153.40174621582,3,80448.65625,-22153.40174621582,-95076.3046875,-22153.40174621582,300,0.0,1.0,2,0.16404661101356233,adaptive_volterra_lag4
0.9966666666666667,0.0,0.877268965219458,300,2,0.0,2026092702,-21170.907107289633,3,12866.681640625,-21170.907107289633,-106148.5234375,-21170.907107289633,300,0.0,1.0,2,0.16839468937616353,adaptive_volterra_lag4
0.9966666666666667,0.0,0.8882330258687338,300,3,0.0,2026092702,-19384.25474866231,3,489075.03125,-19384.25474866231,-99052.359375,-19384.25474866231,300,0.0,1.0,2,0.19663924457748194,adaptive_volterra_lag4
0.97,0.0,0.9545144002139568,300,1,0.0,2026092702,-15601.102389322916,4,488752.28125,-15601.102389322916,-503510.03125,-15601.102389322916,300,0.0,1.0,2,0.14902557860340382,adaptive_volterra_lag4
0.9833333333333333,0.0,0.9807366546740135,300,2,0.0,2026092702,-20197.78306681315,4,508878.125,-20197.78306681315,-562488.375,-20197.78306681315,300,0.0,1.0,2,0.18000736096125824,adaptive_volterra_lag4
0.98,0.0,0.9833251300702492,300,3,0.0,2026092702,-24374.858152669272,4,52141.28515625,-24374.858152669272,-533169.375,-24374.858152669272,300,0.0,1.0,2,0.08118109105312765,adaptive_volterra_lag4
1.0,0.0,0.9954308191935222,300,1,0.0,2026092702,-22650.558255208332,6,-19642.076171875,-22650.558255208332,-31095.6796875,-22650.558255208332,300,0.0,1.0,2,0.06745133366032885,adaptive_volterra_lag4
1.0,0.0,0.9979568711916605,300,2,0.0,2026092702,-22341.060983072915,6,-20186.369140625,-22341.060983072915,-25786.19140625,-22341.060983072915,300,0.0,1.0,2,0.04630640908188133,adaptive_volterra_lag4
1.0,0.0,0.9987439831097921,300,3,0.0,2026092702,-22441.754010416666,6,-19984.583984375,-22441.754010416666,-24038.400390625,-22441.754010416666,300,0.0,1.0,2,0.028267948029704892,adaptive_volterra_lag4
1.0,0.0,0.9081011878947417,300,1,0.0,2026092702,-21003.09012682597,8,28203.36328125,-21003.09012682597,-98927.9453125,-21003.09012682597,300,0.0,1.0,2,0.07217968687764753,adaptive_volterra_lag4
1.0,0.0,0.9055181274811427,300,2,0.0,2026092702,-20531.140282058717,8,47107.25,-20531.140282058717,-76422.125,-20531.140282058717,300,0.0,1.0,2,0.07000432385637412,adaptive_volterra_lag4
1.0,0.0,0.9105378817518552,300,3,0.0,2026092702,-22384.335665690105,8,14195.4716796875,-22384.335665690105,-496795.40625,-22384.335665690105,300,0.0,1.0,2,0.08129242389542302,adaptive_volterra_lag4
0.9966666666666667,0.0,0.9987421586116155,300,1,0.0,2026092702,-22931.140227864584,1,-19074.873046875,-22931.140227864584,-25098.576171875,-22931.140227864584,300,0.0,1.0,3,0.16722490658085232,adaptive_volterra_lag4
0.99,0.0,0.9988671799500783,300,2,0.0,2026092702,-22377.433307291667,1,-16658.80859375,-22377.433307291667,-29830.681640625,-22377.433307291667,300,0.0,1.0,3,0.13543140089090566,adaptive_volterra_lag4
0.9933333333333333,0.0,0.9978403655687967,300,3,0.0,2026092702,-22819.563631388348,1,-440.51129150390625,-22819.563631388348,-28203.619140625,-22819.563631388348,300,0.0,1.0,3,0.13596697942626423,adaptive_volterra_lag4
0.9433333333333334,0.0,0.865618384530147,300,1,0.0,2026092702,-21195.431389770507,3,612900.1875,-21195.431389770507,-441303.46875,-21195.431389770507,300,0.0,1.0,3,0.3119508324319832,adaptive_volterra_lag4
0.9566666666666667,0.0,0.8713305069506169,300,2,0.0,2026092702,-21528.43489250183,3,265072.9375,-21528.43489250183,-97111.40625,-21528.43489250183,300,0.0,1.0,3,0.29565587650381964,adaptive_volterra_lag4
0.92,0.0,0.8631079876050353,300,3,0.0,2026092702,-18159.263392944336,3,492900.09375,-18159.263392944336,-99733.5859375,-18159.263392944336,300,0.0,1.0,3,0.34184264520398344,adaptive_volterra_lag4
0.9766666666666667,0.0,0.9924259837468465,300,1,0.0,2026092702,-23087.82831258138,4,-2014.2171630859375,-23087.82831258138,-63384.9765625,-23087.82831258138,300,0.0,1.0,3,0.12445361842554259,adaptive_volterra_lag4
0.9666666666666667,0.0,0.9915273221333821,300,2,0.0,2026092702,-22005.049450683593,4,163272.875,-22005.049450683593,-29471.982421875,-22005.049450683593,300,0.0,1.0,3,0.14780138785034458,adaptive_volterra_lag4
0.9766666666666667,0.0,0.9860645049065352,300,3,0.0,2026092702,-23351.807674967447,4,33403.87109375,-23351.807674967447,-303930.8125,-23351.807674967447,300,0.0,1.0,3,0.12283365709903304,adaptive_volterra_lag4
0.99,0.0,0.9995619833469391,300,1,0.0,2026092702,-22036.864798177085,6,-18655.6875,-22036.864798177085,-23398.740234375,-22036.864798177085,300,0.0,1.0,3,0.042268069255413376,adaptive_volterra_lag4
1.0,0.0,0.9995536784331004,300,2,0.0,2026092702,-22094.688385416666,6,-20940.001953125,-22094.688385416666,-23784.7734375,-22094.688385416666,300,0.0,1.0,3,0.03435261202560602,adaptive_volterra_lag4
1.0,0.0,0.9996031298240026,300,3,0.0,2026092702,-22472.7951171875,6,-20929.408203125,-22472.7951171875,-24151.763671875,-22472.7951171875,300,0.0,1.0,3,0.03697531733387027,adaptive_volterra_lag4
0.94,0.0,0.8408772169239819,300,1,0.0,2026092702,-17307.98534301758,8,560956.25,-17307.98534301758,-262169.78125,-17307.98534301758,300,0.0,1.0,3,0.38849385341265796,adaptive_volterra_lag4
0.98,0.0,0.8444221367438635,300,2,0.0,2026092702,-19846.144803466796,8,541814.9375,-19846.144803466796,-238445.421875,-19846.144803466796,300,0.0,1.0,3,0.3623760307626799,adaptive_volterra_lag4
0.99,0.0,0.8163974509636561,300,3,0.0,2026092702,-12324.808023910522,8,617916.3125,-12324.808023910522,-577506.5625,-12324.808023910522,300,0.0,1.0,3,0.4099180284727758,adaptive_volterra_lag4
1.0,0.0,0.9997017898162206,300,1,0.0,2026092702,-12186.958955078126,1,-10876.2939453125,-12186.958955078126,-13452.248046875,-12186.958955078126,300,0.0,1.0,4,0.010967155437075271,adaptive_volterra_lag4
1.0,0.0,0.9996826122204463,300,2,0.0,2026092702,-12152.860891927083,1,-10567.009765625,-12152.860891927083,-13546.9658203125,-12152.860891927083,300,0.0,1.0,4,0.016566694225290446,adaptive_volterra_lag4
1.0,0.0,0.9997086195151011,300,3,0.0,2026092702,-11981.437057291667,1,-10768.1123046875,-11981.437057291667,-13070.76171875,-11981.437057291667,300,0.0,1.0,4,0.028756346850466574,adaptive_volterra_lag4
0.9633333333333334,0.0,0.8342477931827307,300,1,0.0,2026092702,-10820.90757446289,3,606852.0625,-10820.90757446289,-553874.5625,-10820.90757446289,300,0.0,1.0,4,0.39913556333996425,adaptive_volterra_lag4
0.9466666666666667,0.0,0.8177648937702179,300,2,0.0,2026092702,-13117.563010101318,3,543099.8125,-13117.563010101318,-582237.25,-13117.563010101318,300,0.0,1.0,4,0.3605201856445296,adaptive_volterra_lag4
0.9566666666666667,0.0,0.7870791389172276,300,3,0.0,2026092702,-7291.635153617859,3,622686.0,-7291.635153617859,-616600.1875,-7291.635153617859,300,0.0,1.0,4,0.4425148419340834,adaptive_volterra_lag4
1.0,0.0,0.9983373133341471,300,1,0.0,2026092702,-12843.360208333334,4,-10647.2158203125,-12843.360208333334,-15868.83984375,-12843.360208333334,300,0.0,1.0,4,0.023229293941232076,adaptive_volterra_lag4
1.0,0.0,0.9971807022889455,300,2,0.0,2026092702,-12609.797067057292,4,-9167.263671875,-12609.797067057292,-15754.1220703125,-12609.797067057292,300,0.0,1.0,4,0.027863535697562614,adaptive_volterra_lag4
1.0,0.0,0.994736109127601,300,3,0.0,2026092702,-14361.629742838542,4,-10348.0478515625,-14361.629742838542,-509598.1875,-14361.629742838542,300,0.0,1.0,4,0.03066813204586949,adaptive_volterra_lag4
0.99,0.0,0.9805895109474659,300,1,0.0,2026092702,-13043.826184895834,6,163459.546875,-13043.826184895834,-579876.8125,-13043.826184895834,300,0.0,1.0,4,0.14709978134958013,adaptive_volterra_lag4
1.0,0.0,0.9744761701424917,300,2,0.0,2026092702,-11046.928647155763,6,16647.359375,-11046.928647155763,-22569.498046875,-11046.928647155763,300,0.0,1.0,4,0.16237835577887494,adaptive_volterra_lag4
1.0,0.0,0.9873833298186461,300,3,0.0,2026092702,-10715.544656575521,6,220832.859375,-10715.544656575521,-18375.380859375,-10715.544656575521,300,0.0,1.0,4,0.12128463805520318,adaptive_volterra_lag4
1.0,0.0,0.8916868689407905,300,1,0.0,2026092702,-8880.49575302124,8,330305.1875,-8880.49575302124,-36389.27734375,-8880.49575302124,300,0.0,1.0,4,0.1551972064978948,adaptive_volterra_lag4
1.0,0.0,0.8893355586131414,300,2,0.0,2026092702,-11499.081474787394,8,42320.04296875,-11499.081474787394,-106413.0390625,-11499.081474787394,300,0.0,1.0,4,0.15829917838257268,adaptive_volterra_lag4
0.99,0.0,0.8946144796411196,300,3,0.0,2026092702,-12472.267841288249,8,23379.1796875,-12472.267841288249,-472079.09375,-12472.267841288249,300,0.0,1.0,4,0.20980250637164455,adaptive_volterra_lag4
1.0,0.0,0.9985529824097952,300,1,0.0,2026092702,-20179.50728515625,1,-17820.69140625,-20179.50728515625,-22284.58984375,-20179.50728515625,300,0.0,1.0,5,0.0541194942259805,adaptive_volterra_lag4
0.9933333333333333,0.0,0.998565810918808,300,2,0.0,2026092702,-20282.956861979168,1,-16371.84765625,-20282.956861979168,-22749.0546875,-20282.956861979168,300,0.0,1.0,5,0.04512386971339055,adaptive_volterra_lag4
0.99,0.0,0.997731768488884,300,3,0.0,2026092702,-20415.447024739584,1,-18463.630859375,-20415.447024739584,-22537.9375,-20415.447024739584,300,0.0,1.0,5,0.05358643142208763,adaptive_volterra_lag4
0.9833333333333333,0.0,0.8766845100124677,300,1,0.0,2026092702,-19625.03742960612,3,16550.4140625,-19625.03742960612,-124709.3515625,-19625.03742960612,300,0.0,1.0,5,0.1077624862115314,adaptive_volterra_lag4
0.9833333333333333,0.0,0.8878560337424278,300,2,0.0,2026092702,-19126.945930887858,3,262821.46875,-19126.945930887858,-76552.3125,-19126.945930887858,300,0.0,1.0,5,0.08944998336200416,adaptive_volterra_lag4
0.9866666666666667,0.0,0.8658727371195952,300,3,0.0,2026092702,-17358.69468465169,3,496442.8125,-17358.69468465169,-270683.96875,-17358.69468465169,300,0.0,1.0,5,0.0783560672768635,adaptive_volterra_lag4
0.9966666666666667,0.0,0.9919818715751171,300,1,0.0,2026092702,-19742.31517578125,4,144524.046875,-19742.31517578125,-153345.0,-19742.31517578125,300,0.0,1.0,5,0.09053134495398474,adaptive_volterra_lag4
0.9933333333333333,0.0,0.9833062568306923,300,2,0.0,2026092702,-21667.58068359375,4,-10637.8173828125,-21667.58068359375,-217863.453125,-21667.58068359375,300,0.0,1.0,5,0.1625524419910287,adaptive_volterra_lag4
0.9933333333333333,0.0,0.982509353607893,300,3,0.0,2026092702,-21725.051258951822,4,-2253.889404296875,-21725.051258951822,-239948.171875,-21725.051258951822,300,0.0,1.0,5,0.17173601011881812,adaptive_volterra_lag4
1.0,0.0,0.9970015901327133,300,1,0.0,2026092702,-18900.94838541667,6,-16564.119140625,-18900.94838541667,-21957.5,-18900.94838541667,300,0.0,1.0,5,0.12398269815860274,adaptive_volterra_lag4
1.0,0.0,0.9979795678456624,300,2,0.0,2026092702,-18715.40726236979,6,-15966.869140625,-18715.40726236979,-22037.232421875,-18715.40726236979,300,0.0,1.0,5,0.1222649120113688,adaptive_volterra_lag4
0.9966666666666667,0.0,0.9951539301872253,300,3,0.0,2026092702,-18021.071728515624,6,-6698.458984375,-18021.071728515624,-22221.98046875,-18021.071728515624,300,0.0,1.0,5,0.12777602526212795,adaptive_volterra_lag4
0.99,0.0,0.9236229381958644,300,1,0.0,2026092702,-20494.906968536376,8,19617.720703125,-20494.906968536376,-282722.0,-20494.906968536376,300,0.0,1.0,5,0.06014317064498931,adaptive_volterra_lag4
0.9833333333333333,0.0,0.9255151661237081,300,2,0.0,2026092702,-20989.74442586263,8,876.0730590820312,-20989.74442586263,-48763.5859375,-20989.74442586263,300,0.0,1.0,5,0.07350491220580779,adaptive_volterra_lag4
0.99,0.0,0.9128801691532135,300,3,0.0,2026092702,-19253.109247233075,8,6383.14892578125,-19253.109247233075,-86005.375,-19253.109247233075,300,0.0,1.0,5,0.07576632852663612,adaptive_volterra_lag4
0.9933333333333333,0.0,0.9921577136218548,300,1,0.0,2026092703,-26914.05865234375,1,-23710.791015625,-26914.05865234375,-34867.8046875,-26914.05865234375,300,0.0,1.0,0,0.11422972117508945,adaptive_volterra_lag4
1.0,0.0,0.9969143839677175,300,2,0.0,2026092703,-26997.29896484375,1,-24915.0703125,-26997.29896484375,-29281.009765625,-26997.29896484375,300,0.0,1.0,0,0.11476995433658921,adaptive_volterra_lag4
0.9933333333333333,0.0,0.9959728302558263,300,3,0.0,2026092703,-27036.744583333333,1,-17193.962890625,-27036.744583333333,-29216.671875,-27036.744583333333,300,0.0,1.0,0,0.07855295155706665,adaptive_volterra_lag4
0.9333333333333333,0.0,0.8407306848093867,300,1,0.0,2026092703,-32599.654809977215,3,599168.375,-32599.654809977215,-621967.875,-32599.654809977215,300,0.0,1.0,0,0.2914234519786941,adaptive_volterra_lag4
0.9633333333333334,0.0,0.8427451226736108,300,2,0.0,2026092703,-19893.017174886067,3,578542.5625,-19893.017174886067,-610105.75,-19893.017174886067,300,0.0,1.0,0,0.283838072720646,adaptive_volterra_lag4
0.9366666666666666,0.0,0.8296312564238906,300,3,0.0,2026092703,-16558.236828918456,3,572646.875,-16558.236828918456,-557283.0625,-16558.236828918456,300,0.0,1.0,0,0.3865874223685537,adaptive_volterra_lag4
1.0,0.0,0.996070388952891,300,1,0.0,2026092703,-28011.63046875,4,-24516.6171875,-28011.63046875,-32686.943359375,-28011.63046875,300,0.0,1.0,0,0.05244379982748093,adaptive_volterra_lag4
1.0,0.0,0.9986021320025126,300,2,0.0,2026092703,-27672.128684895833,4,-25615.763671875,-27672.128684895833,-29823.333984375,-27672.128684895833,300,0.0,1.0,0,0.056584577787345935,adaptive_volterra_lag4
0.9966666666666667,0.0,0.998875458240509,300,3,0.0,2026092703,-27824.992005208333,4,-25399.595703125,-27824.992005208333,-29762.24609375,-27824.992005208333,300,0.0,1.0,0,0.05140609199764801,adaptive_volterra_lag4
0.9966666666666667,0.0,0.990090055714051,300,1,0.0,2026092703,-26924.773723958333,6,-22339.32421875,-26924.773723958333,-128068.515625,-26924.773723958333,300,0.0,1.0,0,0.09252702764073051,adaptive_volterra_lag4
1.0,0.0,0.9876185045639674,300,2,0.0,2026092703,-27468.35755859375,6,-20680.72265625,-27468.35755859375,-38947.83984375,-27468.35755859375,300,0.0,1.0,0,0.11603676728220957,adaptive_volterra_lag4
0.9966666666666667,0.0,0.9805694196621577,300,3,0.0,2026092703,-26280.906529947915,6,-20889.609375,-26280.906529947915,-32613.501953125,-26280.906529947915,300,0.0,1.0,0,0.08296940493567873,adaptive_volterra_lag4
0.9633333333333334,0.0,0.8392215252419313,300,1,0.0,2026092703,-19500.58509174347,8,597359.9375,-19500.58509174347,-202708.546875,-19500.58509174347,300,0.0,1.0,0,0.27013192867018565,adaptive_volterra_lag4
0.9733333333333334,0.0,0.860476649403572,300,2,0.0,2026092703,-27325.18803914388,8,23424.271484375,-27325.18803914388,-609270.1875,-27325.18803914388,300,0.0,1.0,0,0.28440669388638873,adaptive_volterra_lag4
0.96,0.0,0.8545868360002835,300,3,0.0,2026092703,-23919.98753751119,8,580221.0,-23919.98753751119,-559319.3125,-23919.98753751119,300,0.0,1.0,0,0.32186676008206005,adaptive_volterra_lag4
1.0,0.0,0.9927015282710393,300,1,0.0,2026092703,-21306.525276285807,1,-1809.8533935546875,-21306.525276285807,-25667.486328125,-21306.525276285807,300,0.0,1.0,1,0.10400795609123736,adaptive_volterra_lag4
0.9933333333333333,0.0,0.9973381127913793,300,2,0.0,2026092703,-22190.22104817708,1,-17622.93359375,-22190.22104817708,-24787.240234375,-22190.22104817708,300,0.0,1.0,1,0.05921085690946837,adaptive_volterra_lag4
0.99,0.0,0.9990472426017125,300,3,0.0,2026092703,-22559.388478190103,1,-4857.29345703125,-22559.388478190103,-25170.203125,-22559.388478190103,300,0.0,1.0,1,0.07699164370470146,adaptive_volterra_lag4
0.9733333333333334,0.0,0.8815935239195823,300,1,0.0,2026092703,-21378.820799560548,3,446114.0,-21378.820799560548,-108983.53125,-21378.820799560548,300,0.0,1.0,1,0.31874339717569233,adaptive_volterra_lag4
0.9766666666666667,0.0,0.8745111145886282,300,2,0.0,2026092703,-22024.885188395183,3,335975.90625,-22024.885188395183,-556382.25,-22024.885188395183,300,0.0,1.0,1,0.31288894792008004,adaptive_volterra_lag4
0.91,0.0,0.8518686656405529,300,3,0.0,2026092703,-24257.959638773602,3,611520.1875,-24257.959638773602,-610973.1875,-24257.959638773602,300,0.0,1.0,1,0.41276691106006413,adaptive_volterra_lag4
0.9933333333333333,0.0,0.9991894960403442,300,1,0.0,2026092703,-23169.138821614582,4,-20509.126953125,-23169.138821614582,-25406.765625,-23169.138821614582,300,0.0,1.0,1,0.12285268542153605,adaptive_volterra_lag4
1.0,0.0,0.9986263140042623,300,2,0.0,2026092703,-22632.316471354166,4,-14038.548828125,-22632.316471354166,-24574.96875,-22632.316471354166,300,0.0,1.0,1,0.18433385359639098,adaptive_volterra_lag4
0.9833333333333333,0.0,0.9981225313742955,300,3,0.0,2026092703,-23001.16021077474,4,1132.475341796875,-23001.16021077474,-24915.26171875,-23001.16021077474,300,0.0,1.0,1,0.16193950444533023,adaptive_volterra_lag4
0.9933333333333333,0.0,0.9948582658171654,300,1,0.0,2026092703,-23038.641243489583,6,-15437.158203125,-23038.641243489583,-270619.1875,-23038.641243489583,300,0.0,1.0,1,0.10590207338460766,adaptive_volterra_lag4
0.9866666666666667,0.0,0.9939415416121483,300,2,0.0,2026092703,-22659.027272135416,6,-13901.150390625,-22659.027272135416,-237097.1875,-22659.027272135416,300,0.0,1.0,1,0.11940404918967895,adaptive_volterra_lag4
0.9833333333333333,0.0,0.9923021006087462,300,3,0.0,2026092703,-22575.722891438803,6,-3095.299072265625,-22575.722891438803,-172514.359375,-22575.722891438803,300,0.0,1.0,1,0.23589077845243456,adaptive_volterra_lag4
0.9666666666666667,0.0,0.8593488229314487,300,1,0.0,2026092703,-20772.708798828124,8,450508.75,-20772.708798828124,-226374.15625,-20772.708798828124,300,0.0,1.0,1,0.3054613361234776,adaptive_volterra_lag4
0.96,0.0,0.8749892761806647,300,2,0.0,2026092703,-21225.562836812336,8,4392.654296875,-21225.562836812336,-204099.90625,-21225.562836812336,300,0.0,1.0,1,0.3034492663267727,adaptive_volterra_lag4
0.9533333333333334,0.0,0.8787944091359774,300,3,0.0,2026092703,-19687.938111012776,8,541056.9375,-19687.938111012776,-396135.09375,-19687.938111012776,300,0.0,1.0,1,0.3235307735117856,adaptive_volterra_lag4
1.0,0.0,0.9987207810084026,300,1,0.0,2026092703,-22064.192858072918,1,-19434.201171875,-22064.192858072918,-24899.802734375,-22064.192858072918,300,0.0,1.0,2,0.039805191562924835,adaptive_volterra_lag4
1.0,0.0,0.9987414896488189,300,2,0.0,2026092703,-21583.2346875,1,-18921.12890625,-21583.2346875,-23712.373046875,-21583.2346875,300,0.0,1.0,2,0.047070313708810096,adaptive_volterra_lag4
0.9966666666666667,0.0,0.9984172634283701,300,3,0.0,2026092703,-22135.415572916667,1,-19751.6796875,-22135.415572916667,-24196.537109375,-22135.415572916667,300,0.0,1.0,2,0.05923524433499994,adaptive_volterra_lag4
0.99,0.0,0.8800891214609146,300,1,0.0,2026092703,-22153.40174621582,3,80448.65625,-22153.40174621582,-95076.3046875,-22153.40174621582,300,0.0,1.0,2,0.19312439858374353,adaptive_volterra_lag4
0.9933333333333333,0.0,0.877268965219458,300,2,0.0,2026092703,-21170.907107289633,3,12866.681640625,-21170.907107289633,-106148.5234375,-21170.907107289633,300,0.0,1.0,2,0.16911920134352743,adaptive_volterra_lag4
0.9933333333333333,0.0,0.8882330258687338,300,3,0.0,2026092703,-19384.25474866231,3,489075.03125,-19384.25474866231,-99052.359375,-19384.25474866231,300,0.0,1.0,2,0.20074254069469433,adaptive_volterra_lag4
0.9666666666666667,0.0,0.9545144002139568,300,1,0.0,2026092703,-15601.102389322916,4,488752.28125,-15601.102389322916,-503510.03125,-15601.102389322916,300,0.0,1.0,2,0.1599688257804851,adaptive_volterra_lag4
0.9766666666666667,0.0,0.9807366546740135,300,2,0.0,2026092703,-20197.78306681315,4,508878.125,-20197.78306681315,-562488.375,-20197.78306681315,300,0.0,1.0,2,0.16850199831042678,adaptive_volterra_lag4
0.9833333333333333,0.0,0.9833251300702492,300,3,0.0,2026092703,-24374.858152669272,4,52141.28515625,-24374.858152669272,-533169.375,-24374.858152669272,300,0.0,1.0,2,0.0803987456874754,adaptive_volterra_lag4
1.0,0.0,0.9954308191935222,300,1,0.0,2026092703,-22650.558255208332,6,-19642.076171875,-22650.558255208332,-31095.6796875,-22650.558255208332,300,0.0,1.0,2,0.051032051596658023,adaptive_volterra_lag4
1.0,0.0,0.9979568711916605,300,2,0.0,2026092703,-22341.060983072915,6,-20186.369140625,-22341.060983072915,-25786.19140625,-22341.060983072915,300,0.0,1.0,2,0.044246438375235675,adaptive_volterra_lag4
1.0,0.0,0.9987439831097921,300,3,0.0,2026092703,-22441.754010416666,6,-19984.583984375,-22441.754010416666,-24038.400390625,-22441.754010416666,300,0.0,1.0,2,0.017191242550124053,adaptive_volterra_lag4
0.9966666666666667,0.0,0.9081011878947417,300,1,0.0,2026092703,-21003.09012682597,8,28203.36328125,-21003.09012682597,-98927.9453125,-21003.09012682597,300,0.0,1.0,2,0.0735702856862338,adaptive_volterra_lag4
1.0,0.0,0.9055181274811427,300,2,0.0,2026092703,-20531.140282058717,8,47107.25,-20531.140282058717,-76422.125,-20531.140282058717,300,0.0,1.0,2,0.07150569147490204,adaptive_volterra_lag4
0.9966666666666667,0.0,0.9105378817518552,300,3,0.0,2026092703,-22384.335665690105,8,14195.4716796875,-22384.335665690105,-496795.40625,-22384.335665690105,300,0.0,1.0,2,0.09515875354280856,adaptive_volterra_lag4
0.9966666666666667,0.0,0.9987421586116155,300,1,0.0,2026092703,-22931.140227864584,1,-19074.873046875,-22931.140227864584,-25098.576171875,-22931.140227864584,300,0.0,1.0,3,0.17849726982794312,adaptive_volterra_lag4
0.9966666666666667,0.0,0.9988671799500783,300,2,0.0,2026092703,-22377.433307291667,1,-16658.80859375,-22377.433307291667,-29830.681640625,-22377.433307291667,300,0.0,1.0,3,0.14615514861919954,adaptive_volterra_lag4
1.0,0.0,0.9978403655687967,300,3,0.0,2026092703,-22819.563631388348,1,-440.51129150390625,-22819.563631388348,-28203.619140625,-22819.563631388348,300,0.0,1.0,3,0.14818362440154342,adaptive_volterra_lag4
0.9433333333333334,0.0,0.865618384530147,300,1,0.0,2026092703,-21195.431389770507,3,612900.1875,-21195.431389770507,-441303.46875,-21195.431389770507,300,0.0,1.0,3,0.35257503077879637,adaptive_volterra_lag4
0.9133333333333333,0.0,0.8713305069506169,300,2,0.0,2026092703,-21528.43489250183,3,265072.9375,-21528.43489250183,-97111.40625,-21528.43489250183,300,0.0,1.0,3,0.35882441449112723,adaptive_volterra_lag4
0.9266666666666666,0.0,0.8631079876050353,300,3,0.0,2026092703,-18159.263392944336,3,492900.09375,-18159.263392944336,-99733.5859375,-18159.263392944336,300,0.0,1.0,3,0.386353047803097,adaptive_volterra_lag4
0.98,0.0,0.9924259837468465,300,1,0.0,2026092703,-23087.82831258138,4,-2014.2171630859375,-23087.82831258138,-63384.9765625,-23087.82831258138,300,0.0,1.0,3,0.12217525911549243,adaptive_volterra_lag4
0.9566666666666667,0.0,0.9915273221333821,300,2,0.0,2026092703,-22005.049450683593,4,163272.875,-22005.049450683593,-29471.982421875,-22005.049450683593,300,0.0,1.0,3,0.13975124204009326,adaptive_volterra_lag4
0.9833333333333333,0.0,0.9860645049065352,300,3,0.0,2026092703,-23351.807674967447,4,33403.87109375,-23351.807674967447,-303930.8125,-23351.807674967447,300,0.0,1.0,3,0.11538816863334456,adaptive_volterra_lag4
0.99,0.0,0.9995619833469391,300,1,0.0,2026092703,-22036.864798177085,6,-18655.6875,-22036.864798177085,-23398.740234375,-22036.864798177085,300,0.0,1.0,3,0.05160584248766176,adaptive_volterra_lag4
1.0,0.0,0.9995536784331004,300,2,0.0,2026092703,-22094.688385416666,6,-20940.001953125,-22094.688385416666,-23784.7734375,-22094.688385416666,300,0.0,1.0,3,0.03668294546312412,adaptive_volterra_lag4
1.0,0.0,0.9996031298240026,300,3,0.0,2026092703,-22472.7951171875,6,-20929.408203125,-22472.7951171875,-24151.763671875,-22472.7951171875,300,0.0,1.0,3,0.039851425811329166,adaptive_volterra_lag4
0.9433333333333334,0.0,0.8408772169239819,300,1,0.0,2026092703,-17307.98534301758,8,560956.25,-17307.98534301758,-262169.78125,-17307.98534301758,300,0.0,1.0,3,0.4577066507257461,adaptive_volterra_lag4
0.9833333333333333,0.0,0.8444221367438635,300,2,0.0,2026092703,-19846.144803466796,8,541814.9375,-19846.144803466796,-238445.421875,-19846.144803466796,300,0.0,1.0,3,0.428068919345337,adaptive_volterra_lag4
0.9833333333333333,0.0,0.8163974509636561,300,3,0.0,2026092703,-12324.808023910522,8,617916.3125,-12324.808023910522,-577506.5625,-12324.808023910522,300,0.0,1.0,3,0.4699045389158756,adaptive_volterra_lag4
1.0,0.0,0.9997017898162206,300,1,0.0,2026092703,-12186.958955078126,1,-10876.2939453125,-12186.958955078126,-13452.248046875,-12186.958955078126,300,0.0,1.0,4,0.01378696802590107,adaptive_volterra_lag4
1.0,0.0,0.9996826122204463,300,2,0.0,2026092703,-12152.860891927083,1,-10567.009765625,-12152.860891927083,-13546.9658203125,-12152.860891927083,300,0.0,1.0,4,0.020850625047714955,adaptive_volterra_lag4
1.0,0.0,0.9997086195151011,300,3,0.0,2026092703,-11981.437057291667,1,-10768.1123046875,-11981.437057291667,-13070.76171875,-11981.437057291667,300,0.0,1.0,4,0.034541660898395055,adaptive_volterra_lag4
0.9566666666666667,0.0,0.8342477931827307,300,1,0.0,2026092703,-10820.90757446289,3,606852.0625,-10820.90757446289,-553874.5625,-10820.90757446289,300,0.0,1.0,4,0.41284623478575866,adaptive_volterra_lag4
0.95,0.0,0.8177648937702179,300,2,0.0,2026092703,-13117.563010101318,3,543099.8125,-13117.563010101318,-582237.25,-13117.563010101318,300,0.0,1.0,4,0.37978190596355743,adaptive_volterra_lag4
0.9366666666666666,0.0,0.7870791389172276,300,3,0.0,2026092703,-7291.635153617859,3,622686.0,-7291.635153617859,-616600.1875,-7291.635153617859,300,0.0,1.0,4,0.4080953166681608,adaptive_volterra_lag4
1.0,0.0,0.9983373133341471,300,1,0.0,2026092703,-12843.360208333334,4,-10647.2158203125,-12843.360208333334,-15868.83984375,-12843.360208333334,300,0.0,1.0,4,0.030834394055632153,adaptive_volterra_lag4
1.0,0.0,0.9971807022889455,300,2,0.0,2026092703,-12609.797067057292,4,-9167.263671875,-12609.797067057292,-15754.1220703125,-12609.797067057292,300,0.0,1.0,4,0.03993191647387018,adaptive_volterra_lag4
0.9966666666666667,0.0,0.994736109127601,300,3,0.0,2026092703,-14361.629742838542,4,-10348.0478515625,-14361.629742838542,-509598.1875,-14361.629742838542,300,0.0,1.0,4,0.03823955510731736,adaptive_volterra_lag4
0.99,0.0,0.9805895109474659,300,1,0.0,2026092703,-13043.826184895834,6,163459.546875,-13043.826184895834,-579876.8125,-13043.826184895834,300,0.0,1.0,4,0.13930598428325036,adaptive_volterra_lag4
0.9966666666666667,0.0,0.9744761701424917,300,2,0.0,2026092703,-11046.928647155763,6,16647.359375,-11046.928647155763,-22569.498046875,-11046.928647155763,300,0.0,1.0,4,0.17428897314099623,adaptive_volterra_lag4
0.9966666666666667,0.0,0.9873833298186461,300,3,0.0,2026092703,-10715.544656575521,6,220832.859375,-10715.544656575521,-18375.380859375,-10715.544656575521,300,0.0,1.0,4,0.11840180666453304,adaptive_volterra_lag4
1.0,0.0,0.8916868689407905,300,1,0.0,2026092703,-8880.49575302124,8,330305.1875,-8880.49575302124,-36389.27734375,-8880.49575302124,300,0.0,1.0,4,0.17159137228583454,adaptive_volterra_lag4
1.0,0.0,0.8893355586131414,300,2,0.0,2026092703,-11499.081474787394,8,42320.04296875,-11499.081474787394,-106413.0390625,-11499.081474787394,300,0.0,1.0,4,0.1679745191712636,adaptive_volterra_lag4
0.9866666666666667,0.0,0.8946144796411196,300,3,0.0,2026092703,-12472.267841288249,8,23379.1796875,-12472.267841288249,-472079.09375,-12472.267841288249,300,0.0,1.0,4,0.20489983992752336,adaptive_volterra_lag4
1.0,0.0,0.9985529824097952,300,1,0.0,2026092703,-20179.50728515625,1,-17820.69140625,-20179.50728515625,-22284.58984375,-20179.50728515625,300,0.0,1.0,5,0.049211517098417534,adaptive_volterra_lag4
0.9933333333333333,0.0,0.998565810918808,300,2,0.0,2026092703,-20282.956861979168,1,-16371.84765625,-20282.956861979168,-22749.0546875,-20282.956861979168,300,0.0,1.0,5,0.047223772484148885,adaptive_volterra_lag4
1.0,0.0,0.997731768488884,300,3,0.0,2026092703,-20415.447024739584,1,-18463.630859375,-20415.447024739584,-22537.9375,-20415.447024739584,300,0.0,1.0,5,0.06490798570455658,adaptive_volterra_lag4
0.9833333333333333,0.0,0.8766845100124677,300,1,0.0,2026092703,-19625.03742960612,3,16550.4140625,-19625.03742960612,-124709.3515625,-19625.03742960612,300,0.0,1.0,5,0.1201221269462136,adaptive_volterra_lag4
0.98,0.0,0.8878560337424278,300,2,0.0,2026092703,-19126.945930887858,3,262821.46875,-19126.945930887858,-76552.3125,-19126.945930887858,300,0.0,1.0,5,0.1150678485372626,adaptive_volterra_lag4
0.9833333333333333,0.0,0.8658727371195952,300,3,0.0,2026092703,-17358.69468465169,3,496442.8125,-17358.69468465169,-270683.96875,-17358.69468465169,300,0.0,1.0,5,0.09578614266533336,adaptive_volterra_lag4
0.9966666666666667,0.0,0.9919818715751171,300,1,0.0,2026092703,-19742.31517578125,4,144524.046875,-19742.31517578125,-153345.0,-19742.31517578125,300,0.0,1.0,5,0.11834440417903402,adaptive_volterra_lag4
0.9866666666666667,0.0,0.9833062568306923,300,2,0.0,2026092703,-21667.58068359375,4,-10637.8173828125,-21667.58068359375,-217863.453125,-21667.58068359375,300,0.0,1.0,5,0.1565939194846242,adaptive_volterra_lag4
0.9866666666666667,0.0,0.982509353607893,300,3,0.0,2026092703,-21725.051258951822,4,-2253.889404296875,-21725.051258951822,-239948.171875,-21725.051258951822,300,0.0,1.0,5,0.16423993877663257,adaptive_volterra_lag4
1.0,0.0,0.9970015901327133,300,1,0.0,2026092703,-18900.94838541667,6,-16564.119140625,-18900.94838541667,-21957.5,-18900.94838541667,300,0.0,1.0,5,0.10912226694516947,adaptive_volterra_lag4
1.0,0.0,0.9979795678456624,300,2,0.0,2026092703,-18715.40726236979,6,-15966.869140625,-18715.40726236979,-22037.232421875,-18715.40726236979,300,0.0,1.0,5,0.14535026686692532,adaptive_volterra_lag4
0.9966666666666667,0.0,0.9951539301872253,300,3,0.0,2026092703,-18021.071728515624,6,-6698.458984375,-18021.071728515624,-22221.98046875,-18021.071728515624,300,0.0,1.0,5,0.09585964271070435,adaptive_volterra_lag4
0.99,0.0,0.9236229381958644,300,1,0.0,2026092703,-20494.906968536376,8,19617.720703125,-20494.906968536376,-282722.0,-20494.906968536376,300,0.0,1.0,5,0.05861012869272886,adaptive_volterra_lag4
0.9833333333333333,0.0,0.9255151661237081,300,2,0.0,2026092703,-20989.74442586263,8,876.0730590820312,-20989.74442586263,-48763.5859375,-20989.74442586263,300,0.0,1.0,5,0.06434058501156559,adaptive_volterra_lag4
0.99,0.0,0.9128801691532135,300,3,0.0,2026092703,-19253.109247233075,8,6383.14892578125,-19253.109247233075,-86005.375,-19253.109247233075,300,0.0,1.0,5,0.06507443299920757,adaptive_volterra_lag4
0.9933333333333333,0.0,0.9921577136218548,300,1,0.0,2026092704,-26914.05865234375,1,-23710.791015625,-26914.05865234375,-34867.8046875,-26914.05865234375,300,0.0,1.0,0,0.15019715759103858,adaptive_volterra_lag4
1.0,0.0,0.9969143839677175,300,2,0.0,2026092704,-26997.29896484375,1,-24915.0703125,-26997.29896484375,-29281.009765625,-26997.29896484375,300,0.0,1.0,0,0.14686624547776117,adaptive_volterra_lag4
0.9933333333333333,0.0,0.9959728302558263,300,3,0.0,2026092704,-27036.744583333333,1,-17193.962890625,-27036.744583333333,-29216.671875,-27036.744583333333,300,0.0,1.0,0,0.11377032070362136,adaptive_volterra_lag4
0.9166666666666666,0.0,0.8407306848093867,300,1,0.0,2026092704,-32599.654809977215,3,599168.375,-32599.654809977215,-621967.875,-32599.654809977215,300,0.0,1.0,0,0.29857922555097294,adaptive_volterra_lag4
0.9466666666666667,0.0,0.8427451226736108,300,2,0.0,2026092704,-19893.017174886067,3,578542.5625,-19893.017174886067,-610105.75,-19893.017174886067,300,0.0,1.0,0,0.27171259667386083,adaptive_volterra_lag4
0.9433333333333334,0.0,0.8296312564238906,300,3,0.0,2026092704,-16558.236828918456,3,572646.875,-16558.236828918456,-557283.0625,-16558.236828918456,300,0.0,1.0,0,0.3329625859598171,adaptive_volterra_lag4
1.0,0.0,0.996070388952891,300,1,0.0,2026092704,-28011.63046875,4,-24516.6171875,-28011.63046875,-32686.943359375,-28011.63046875,300,0.0,1.0,0,0.04436496173805016,adaptive_volterra_lag4
1.0,0.0,0.9986021320025126,300,2,0.0,2026092704,-27672.128684895833,4,-25615.763671875,-27672.128684895833,-29823.333984375,-27672.128684895833,300,0.0,1.0,0,0.05095382773568646,adaptive_volterra_lag4
1.0,0.0,0.998875458240509,300,3,0.0,2026092704,-27824.992005208333,4,-25399.595703125,-27824.992005208333,-29762.24609375,-27824.992005208333,300,0.0,1.0,0,0.046400072046147045,adaptive_volterra_lag4
0.99,0.0,0.990090055714051,300,1,0.0,2026092704,-26924.773723958333,6,-22339.32421875,-26924.773723958333,-128068.515625,-26924.773723958333,300,0.0,1.0,0,0.08444435417678597,adaptive_volterra_lag4
1.0,0.0,0.9876185045639674,300,2,0.0,2026092704,-27468.35755859375,6,-20680.72265625,-27468.35755859375,-38947.83984375,-27468.35755859375,300,0.0,1.0,0,0.0978818440992909,adaptive_volterra_lag4
0.9966666666666667,0.0,0.9805694196621577,300,3,0.0,2026092704,-26280.906529947915,6,-20889.609375,-26280.906529947915,-32613.501953125,-26280.906529947915,300,0.0,1.0,0,0.07667607537056365,adaptive_volterra_lag4
0.9666666666666667,0.0,0.8392215252419313,300,1,0.0,2026092704,-19500.58509174347,8,597359.9375,-19500.58509174347,-202708.546875,-19500.58509174347,300,0.0,1.0,0,0.2230642967003471,adaptive_volterra_lag4
0.97,0.0,0.860476649403572,300,2,0.0,2026092704,-27325.18803914388,8,23424.271484375,-27325.18803914388,-609270.1875,-27325.18803914388,300,0.0,1.0,0,0.25213657514433263,adaptive_volterra_lag4
0.9666666666666667,0.0,0.8545868360002835,300,3,0.0,2026092704,-23919.98753751119,8,580221.0,-23919.98753751119,-559319.3125,-23919.98753751119,300,0.0,1.0,0,0.24888301250531264,adaptive_volterra_lag4
0.9966666666666667,0.0,0.9927015282710393,300,1,0.0,2026092704,-21306.525276285807,1,-1809.8533935546875,-21306.525276285807,-25667.486328125,-21306.525276285807,300,0.0,1.0,1,0.08441394052149842,adaptive_volterra_lag4
0.99,0.0,0.9973381127913793,300,2,0.0,2026092704,-22190.22104817708,1,-17622.93359375,-22190.22104817708,-24787.240234375,-22190.22104817708,300,0.0,1.0,1,0.06514145700105689,adaptive_volterra_lag4
0.9966666666666667,0.0,0.9990472426017125,300,3,0.0,2026092704,-22559.388478190103,1,-4857.29345703125,-22559.388478190103,-25170.203125,-22559.388478190103,300,0.0,1.0,1,0.07412504597730574,adaptive_volterra_lag4
0.98,0.0,0.8815935239195823,300,1,0.0,2026092704,-21378.820799560548,3,446114.0,-21378.820799560548,-108983.53125,-21378.820799560548,300,0.0,1.0,1,0.25248566214480617,adaptive_volterra_lag4
0.96,0.0,0.8745111145886282,300,2,0.0,2026092704,-22024.885188395183,3,335975.90625,-22024.885188395183,-556382.25,-22024.885188395183,300,0.0,1.0,1,0.24967579470743329,adaptive_volterra_lag4
0.88,0.0,0.8518686656405529,300,3,0.0,2026092704,-24257.959638773602,3,611520.1875,-24257.959638773602,-610973.1875,-24257.959638773602,300,0.0,1.0,1,0.3556382967015226,adaptive_volterra_lag4
0.9933333333333333,0.0,0.9991894960403442,300,1,0.0,2026092704,-23169.138821614582,4,-20509.126953125,-23169.138821614582,-25406.765625,-23169.138821614582,300,0.0,1.0,1,0.09264822225912628,adaptive_volterra_lag4
0.9966666666666667,0.0,0.9986263140042623,300,2,0.0,2026092704,-22632.316471354166,4,-14038.548828125,-22632.316471354166,-24574.96875,-22632.316471354166,300,0.0,1.0,1,0.12486679310909832,adaptive_volterra_lag4
0.98,0.0,0.9981225313742955,300,3,0.0,2026092704,-23001.16021077474,4,1132.475341796875,-23001.16021077474,-24915.26171875,-23001.16021077474,300,0.0,1.0,1,0.1533108554366973,adaptive_volterra_lag4
0.9866666666666667,0.0,0.9948582658171654,300,1,0.0,2026092704,-23038.641243489583,6,-15437.158203125,-23038.641243489583,-270619.1875,-23038.641243489583,300,0.0,1.0,1,0.10374683296131182,adaptive_volterra_lag4
0.9833333333333333,0.0,0.9939415416121483,300,2,0.0,2026092704,-22659.027272135416,6,-13901.150390625,-22659.027272135416,-237097.1875,-22659.027272135416,300,0.0,1.0,1,0.102427142322017,adaptive_volterra_lag4
0.9833333333333333,0.0,0.9923021006087462,300,3,0.0,2026092704,-22575.722891438803,6,-3095.299072265625,-22575.722891438803,-172514.359375,-22575.722891438803,300,0.0,1.0,1,0.17647292258900527,adaptive_volterra_lag4
0.94,0.0,0.8593488229314487,300,1,0.0,2026092704,-20772.708798828124,8,450508.75,-20772.708798828124,-226374.15625,-20772.708798828124,300,0.0,1.0,1,0.3137923936652064,adaptive_volterra_lag4
0.94,0.0,0.8749892761806647,300,2,0.0,2026092704,-21225.562836812336,8,4392.654296875,-21225.562836812336,-204099.90625,-21225.562836812336,300,0.0,1.0,1,0.2991326503398085,adaptive_volterra_lag4
0.9466666666666667,0.0,0.8787944091359774,300,3,0.0,2026092704,-19687.938111012776,8,541056.9375,-19687.938111012776,-396135.09375,-19687.938111012776,300,0.0,1.0,1,0.3290147593841217,adaptive_volterra_lag4
1.0,0.0,0.9987207810084026,300,1,0.0,2026092704,-22064.192858072918,1,-19434.201171875,-22064.192858072918,-24899.802734375,-22064.192858072918,300,0.0,1.0,2,0.04233403212673026,adaptive_volterra_lag4
1.0,0.0,0.9987414896488189,300,2,0.0,2026092704,-21583.2346875,1,-18921.12890625,-21583.2346875,-23712.373046875,-21583.2346875,300,0.0,1.0,2,0.04973131016374743,adaptive_volterra_lag4
0.9966666666666667,0.0,0.9984172634283701,300,3,0.0,2026092704,-22135.415572916667,1,-19751.6796875,-22135.415572916667,-24196.537109375,-22135.415572916667,300,0.0,1.0,2,0.08708082696425645,adaptive_volterra_lag4
0.9833333333333333,0.0,0.8800891214609146,300,1,0.0,2026092704,-22153.40174621582,3,80448.65625,-22153.40174621582,-95076.3046875,-22153.40174621582,300,0.0,1.0,2,0.15635794037450568,adaptive_volterra_lag4
0.9933333333333333,0.0,0.877268965219458,300,2,0.0,2026092704,-21170.907107289633,3,12866.681640625,-21170.907107289633,-106148.5234375,-21170.907107289633,300,0.0,1.0,2,0.14991035229664929,adaptive_volterra_lag4
0.9866666666666667,0.0,0.8882330258687338,300,3,0.0,2026092704,-19384.25474866231,3,489075.03125,-19384.25474866231,-99052.359375,-19384.25474866231,300,0.0,1.0,2,0.2034630948456898,adaptive_volterra_lag4
0.99,0.0,0.9545144002139568,300,1,0.0,2026092704,-15601.102389322916,4,488752.28125,-15601.102389322916,-503510.03125,-15601.102389322916,300,0.0,1.0,2,0.1601393463601425,adaptive_volterra_lag4
0.9933333333333333,0.0,0.9807366546740135,300,2,0.0,2026092704,-20197.78306681315,4,508878.125,-20197.78306681315,-562488.375,-20197.78306681315,300,0.0,1.0,2,0.19089037126621677,adaptive_volterra_lag4
0.9866666666666667,0.0,0.9833251300702492,300,3,0.0,2026092704,-24374.858152669272,4,52141.28515625,-24374.858152669272,-533169.375,-24374.858152669272,300,0.0,1.0,2,0.06878358804670137,adaptive_volterra_lag4
1.0,0.0,0.9954308191935222,300,1,0.0,2026092704,-22650.558255208332,6,-19642.076171875,-22650.558255208332,-31095.6796875,-22650.558255208332,300,0.0,1.0,2,0.05361350884127214,adaptive_volterra_lag4
1.0,0.0,0.9979568711916605,300,2,0.0,2026092704,-22341.060983072915,6,-20186.369140625,-22341.060983072915,-25786.19140625,-22341.060983072915,300,0.0,1.0,2,0.04289531337235053,adaptive_volterra_lag4
1.0,0.0,0.9987439831097921,300,3,0.0,2026092704,-22441.754010416666,6,-19984.583984375,-22441.754010416666,-24038.400390625,-22441.754010416666,300,0.0,1.0,2,0.02120012427747575,adaptive_volterra_lag4
1.0,0.0,0.9081011878947417,300,1,0.0,2026092704,-21003.09012682597,8,28203.36328125,-21003.09012682597,-98927.9453125,-21003.09012682597,300,0.0,1.0,2,0.07980848112160854,adaptive_volterra_lag4
1.0,0.0,0.9055181274811427,300,2,0.0,2026092704,-20531.140282058717,8,47107.25,-20531.140282058717,-76422.125,-20531.140282058717,300,0.0,1.0,2,0.08271887708759662,adaptive_volterra_lag4
1.0,0.0,0.9105378817518552,300,3,0.0,2026092704,-22384.335665690105,8,14195.4716796875,-22384.335665690105,-496795.40625,-22384.335665690105,300,0.0,1.0,2,0.09003563544874804,adaptive_volterra_lag4
1.0,0.0,0.9987421586116155,300,1,0.0,2026092704,-22931.140227864584,1,-19074.873046875,-22931.140227864584,-25098.576171875,-22931.140227864584,300,0.0,1.0,3,0.2057450559812437,adaptive_volterra_lag4
0.9966666666666667,0.0,0.9988671799500783,300,2,0.0,2026092704,-22377.433307291667,1,-16658.80859375,-22377.433307291667,-29830.681640625,-22377.433307291667,300,0.0,1.0,3,0.16755906621896832,adaptive_volterra_lag4
0.9966666666666667,0.0,0.9978403655687967,300,3,0.0,2026092704,-22819.563631388348,1,-440.51129150390625,-22819.563631388348,-28203.619140625,-22819.563631388348,300,0.0,1.0,3,0.14695290436331576,adaptive_volterra_lag4
0.9466666666666667,0.0,0.865618384530147,300,1,0.0,2026092704,-21195.431389770507,3,612900.1875,-21195.431389770507,-441303.46875,-21195.431389770507,300,0.0,1.0,3,0.28878293603325655,adaptive_volterra_lag4
0.9,0.0,0.8713305069506169,300,2,0.0,2026092704,-21528.43489250183,3,265072.9375,-21528.43489250183,-97111.40625,-21528.43489250183,300,0.0,1.0,3,0.2900297780197697,adaptive_volterra_lag4
0.8766666666666667,0.0,0.8631079876050353,300,3,0.0,2026092704,-18159.263392944336,3,492900.09375,-18159.263392944336,-99733.5859375,-18159.263392944336,300,0.0,1.0,3,0.32368317402375557,adaptive_volterra_lag4
0.98,0.0,0.9924259837468465,300,1,0.0,2026092704,-23087.82831258138,4,-2014.2171630859375,-23087.82831258138,-63384.9765625,-23087.82831258138,300,0.0,1.0,3,0.11946657409229922,adaptive_volterra_lag4
0.96,0.0,0.9915273221333821,300,2,0.0,2026092704,-22005.049450683593,4,163272.875,-22005.049450683593,-29471.982421875,-22005.049450683593,300,0.0,1.0,3,0.1513244366039106,adaptive_volterra_lag4
0.9833333333333333,0.0,0.9860645049065352,300,3,0.0,2026092704,-23351.807674967447,4,33403.87109375,-23351.807674967447,-303930.8125,-23351.807674967447,300,0.0,1.0,3,0.11869868680714146,adaptive_volterra_lag4
0.99,0.0,0.9995619833469391,300,1,0.0,2026092704,-22036.864798177085,6,-18655.6875,-22036.864798177085,-23398.740234375,-22036.864798177085,300,0.0,1.0,3,0.03700345207110134,adaptive_volterra_lag4
1.0,0.0,0.9995536784331004,300,2,0.0,2026092704,-22094.688385416666,6,-20940.001953125,-22094.688385416666,-23784.7734375,-22094.688385416666,300,0.0,1.0,3,0.029920610673197068,adaptive_volterra_lag4
1.0,0.0,0.9996031298240026,300,3,0.0,2026092704,-22472.7951171875,6,-20929.408203125,-22472.7951171875,-24151.763671875,-22472.7951171875,300,0.0,1.0,3,0.028177300617952983,adaptive_volterra_lag4
0.94,0.0,0.8408772169239819,300,1,0.0,2026092704,-17307.98534301758,8,560956.25,-17307.98534301758,-262169.78125,-17307.98534301758,300,0.0,1.0,3,0.36935864223469383,adaptive_volterra_lag4
0.9733333333333334,0.0,0.8444221367438635,300,2,0.0,2026092704,-19846.144803466796,8,541814.9375,-19846.144803466796,-238445.421875,-19846.144803466796,300,0.0,1.0,3,0.3573316679794334,adaptive_volterra_lag4
0.9766666666666667,0.0,0.8163974509636561,300,3,0.0,2026092704,-12324.808023910522,8,617916.3125,-12324.808023910522,-577506.5625,-12324.808023910522,300,0.0,1.0,3,0.3919974442121319,adaptive_volterra_lag4
1.0,0.0,0.9997017898162206,300,1,0.0,2026092704,-12186.958955078126,1,-10876.2939453125,-12186.958955078126,-13452.248046875,-12186.958955078126,300,0.0,1.0,4,0.013082135624044144,adaptive_volterra_lag4
1.0,0.0,0.9996826122204463,300,2,0.0,2026092704,-12152.860891927083,1,-10567.009765625,-12152.860891927083,-13546.9658203125,-12152.860891927083,300,0.0,1.0,4,0.02018853119566344,adaptive_volterra_lag4
1.0,0.0,0.9997086195151011,300,3,0.0,2026092704,-11981.437057291667,1,-10768.1123046875,-11981.437057291667,-13070.76171875,-11981.437057291667,300,0.0,1.0,4,0.025159239119654897,adaptive_volterra_lag4
0.9666666666666667,0.0,0.8342477931827307,300,1,0.0,2026092704,-10820.90757446289,3,606852.0625,-10820.90757446289,-553874.5625,-10820.90757446289,300,0.0,1.0,4,0.35616987687881774,adaptive_volterra_lag4
0.9466666666666667,0.0,0.8177648937702179,300,2,0.0,2026092704,-13117.563010101318,3,543099.8125,-13117.563010101318,-582237.25,-13117.563010101318,300,0.0,1.0,4,0.3174499472256118,adaptive_volterra_lag4
0.9466666666666667,0.0,0.7870791389172276,300,3,0.0,2026092704,-7291.635153617859,3,622686.0,-7291.635153617859,-616600.1875,-7291.635153617859,300,0.0,1.0,4,0.42658388455602736,adaptive_volterra_lag4
1.0,0.0,0.9983373133341471,300,1,0.0,2026092704,-12843.360208333334,4,-10647.2158203125,-12843.360208333334,-15868.83984375,-12843.360208333334,300,0.0,1.0,4,0.025484171405276035,adaptive_volterra_lag4
1.0,0.0,0.9971807022889455,300,2,0.0,2026092704,-12609.797067057292,4,-9167.263671875,-12609.797067057292,-15754.1220703125,-12609.797067057292,300,0.0,1.0,4,0.030209895406677845,adaptive_volterra_lag4
1.0,0.0,0.994736109127601,300,3,0.0,2026092704,-14361.629742838542,4,-10348.0478515625,-14361.629742838542,-509598.1875,-14361.629742838542,300,0.0,1.0,4,0.029327572089928533,adaptive_volterra_lag4
0.99,0.0,0.9805895109474659,300,1,0.0,2026092704,-13043.826184895834,6,163459.546875,-13043.826184895834,-579876.8125,-13043.826184895834,300,0.0,1.0,4,0.1025685630920159,adaptive_volterra_lag4
0.9933333333333333,0.0,0.9744761701424917,300,2,0.0,2026092704,-11046.928647155763,6,16647.359375,-11046.928647155763,-22569.498046875,-11046.928647155763,300,0.0,1.0,4,0.1322876290793622,adaptive_volterra_lag4
0.9966666666666667,0.0,0.9873833298186461,300,3,0.0,2026092704,-10715.544656575521,6,220832.859375,-10715.544656575521,-18375.380859375,-10715.544656575521,300,0.0,1.0,4,0.09017516278039506,adaptive_volterra_lag4
0.9966666666666667,0.0,0.8916868689407905,300,1,0.0,2026092704,-8880.49575302124,8,330305.1875,-8880.49575302124,-36389.27734375,-8880.49575302124,300,0.0,1.0,4,0.17382421303729645,adaptive_volterra_lag4
1.0,0.0,0.8893355586131414,300,2,0.0,2026092704,-11499.081474787394,8,42320.04296875,-11499.081474787394,-106413.0390625,-11499.081474787394,300,0.0,1.0,4,0.1702864004031025,adaptive_volterra_lag4
0.99,0.0,0.8946144796411196,300,3,0.0,2026092704,-12472.267841288249,8,23379.1796875,-12472.267841288249,-472079.09375,-12472.267841288249,300,0.0,1.0,4,0.21621868436673652,adaptive_volterra_lag4
1.0,0.0,0.9985529824097952,300,1,0.0,2026092704,-20179.50728515625,1,-17820.69140625,-20179.50728515625,-22284.58984375,-20179.50728515625,300,0.0,1.0,5,0.04260617678538625,adaptive_volterra_lag4
0.9966666666666667,0.0,0.998565810918808,300,2,0.0,2026092704,-20282.956861979168,1,-16371.84765625,-20282.956861979168,-22749.0546875,-20282.956861979168,300,0.0,1.0,5,0.04543016324845606,adaptive_volterra_lag4
0.99,0.0,0.997731768488884,300,3,0.0,2026092704,-20415.447024739584,1,-18463.630859375,-20415.447024739584,-22537.9375,-20415.447024739584,300,0.0,1.0,5,0.04143296453706191,adaptive_volterra_lag4
0.98,0.0,0.8766845100124677,300,1,0.0,2026092704,-19625.03742960612,3,16550.4140625,-19625.03742960612,-124709.3515625,-19625.03742960612,300,0.0,1.0,5,0.09227277540547019,adaptive_volterra_lag4
0.9833333333333333,0.0,0.8878560337424278,300,2,0.0,2026092704,-19126.945930887858,3,262821.46875,-19126.945930887858,-76552.3125,-19126.945930887858,300,0.0,1.0,5,0.08085525826581841,adaptive_volterra_lag4
0.9833333333333333,0.0,0.8658727371195952,300,3,0.0,2026092704,-17358.69468465169,3,496442.8125,-17358.69468465169,-270683.96875,-17358.69468465169,300,0.0,1.0,5,0.07020662823388313,adaptive_volterra_lag4
0.9933333333333333,0.0,0.9919818715751171,300,1,0.0,2026092704,-19742.31517578125,4,144524.046875,-19742.31517578125,-153345.0,-19742.31517578125,300,0.0,1.0,5,0.09713175509780458,adaptive_volterra_lag4
0.99,0.0,0.9833062568306923,300,2,0.0,2026092704,-21667.58068359375,4,-10637.8173828125,-21667.58068359375,-217863.453125,-21667.58068359375,300,0.0,1.0,5,0.13258455232956723,adaptive_volterra_lag4
0.99,0.0,0.982509353607893,300,3,0.0,2026092704,-21725.051258951822,4,-2253.889404296875,-21725.051258951822,-239948.171875,-21725.051258951822,300,0.0,1.0,5,0.1492152838710461,adaptive_volterra_lag4
1.0,0.0,0.9970015901327133,300,1,0.0,2026092704,-18900.94838541667,6,-16564.119140625,-18900.94838541667,-21957.5,-18900.94838541667,300,0.0,1.0,5,0.19266246938896436,adaptive_volterra_lag4
1.0,0.0,0.9979795678456624,300,2,0.0,2026092704,-18715.40726236979,6,-15966.869140625,-18715.40726236979,-22037.232421875,-18715.40726236979,300,0.0,1.0,5,0.19400866753691826,adaptive_volterra_lag4
0.9966666666666667,0.0,0.9951539301872253,300,3,0.0,2026092704,-18021.071728515624,6,-6698.458984375,-18021.071728515624,-22221.98046875,-18021.071728515624,300,0.0,1.0,5,0.14645498239484545,adaptive_volterra_lag4
0.9866666666666667,0.0,0.9236229381958644,300,1,0.0,2026092704,-20494.906968536376,8,19617.720703125,-20494.906968536376,-282722.0,-20494.906968536376,300,0.0,1.0,5,0.06648447902874954,adaptive_volterra_lag4
0.9833333333333333,0.0,0.9255151661237081,300,2,0.0,2026092704,-20989.74442586263,8,876.0730590820312,-20989.74442586263,-48763.5859375,-20989.74442586263,300,0.0,1.0,5,0.08293293978447736,adaptive_volterra_lag4
0.99,0.0,0.9128801691532135,300,3,0.0,2026092704,-19253.109247233075,8,6383.14892578125,-19253.109247233075,-86005.375,-19253.109247233075,300,0.0,1.0,5,0.07464272344244172,adaptive_volterra_lag4
0.9933333333333333,0.0,0.9921577136218548,300,1,0.0,2026092701,-26914.05865234375,1,-23710.791015625,-26914.05865234375,-34867.8046875,-26914.05865234375,300,0.0,1.0,0,0.10141576388832241,neural_residual_shallow
1.0,0.0,0.9969143839677175,300,2,0.0,2026092701,-26997.29896484375,1,-24915.0703125,-26997.29896484375,-29281.009765625,-26997.29896484375,300,0.0,1.0,0,0.10280961643097208,neural_residual_shallow
0.9933333333333333,0.0,0.9959728302558263,300,3,0.0,2026092701,-27036.744583333333,1,-17193.962890625,-27036.744583333333,-29216.671875,-27036.744583333333,300,0.0,1.0,0,0.07122990919638672,neural_residual_shallow
0.93,0.0,0.8407306848093867,300,1,0.0,2026092701,-32599.654809977215,3,599168.375,-32599.654809977215,-621967.875,-32599.654809977215,300,0.0,1.0,0,0.2866910802637044,neural_residual_shallow
0.9633333333333334,0.0,0.8427451226736108,300,2,0.0,2026092701,-19893.017174886067,3,578542.5625,-19893.017174886067,-610105.75,-19893.017174886067,300,0.0,1.0,0,0.2672681550430921,neural_residual_shallow
0.9666666666666667,0.0,0.8296312564238906,300,3,0.0,2026092701,-16558.236828918456,3,572646.875,-16558.236828918456,-557283.0625,-16558.236828918456,300,0.0,1.0,0,0.33684889104708216,neural_residual_shallow
1.0,0.0,0.996070388952891,300,1,0.0,2026092701,-28011.63046875,4,-24516.6171875,-28011.63046875,-32686.943359375,-28011.63046875,300,0.0,1.0,0,0.06922710241511854,neural_residual_shallow
1.0,0.0,0.9986021320025126,300,2,0.0,2026092701,-27672.128684895833,4,-25615.763671875,-27672.128684895833,-29823.333984375,-27672.128684895833,300,0.0,1.0,0,0.046992917872227924,neural_residual_shallow
1.0,0.0,0.998875458240509,300,3,0.0,2026092701,-27824.992005208333,4,-25399.595703125,-27824.992005208333,-29762.24609375,-27824.992005208333,300,0.0,1.0,0,0.05265769125409303,neural_residual_shallow
0.9933333333333333,0.0,0.990090055714051,300,1,0.0,2026092701,-26924.773723958333,6,-22339.32421875,-26924.773723958333,-128068.515625,-26924.773723958333,300,0.0,1.0,0,0.07264053533522286,neural_residual_shallow
1.0,0.0,0.9876185045639674,300,2,0.0,2026092701,-27468.35755859375,6,-20680.72265625,-27468.35755859375,-38947.83984375,-27468.35755859375,300,0.0,1.0,0,0.08300623325880441,neural_residual_shallow
1.0,0.0,0.9805694196621577,300,3,0.0,2026092701,-26280.906529947915,6,-20889.609375,-26280.906529947915,-32613.501953125,-26280.906529947915,300,0.0,1.0,0,0.09578593905800403,neural_residual_shallow
0.9733333333333334,0.0,0.8392215252419313,300,1,0.0,2026092701,-19500.58509174347,8,597359.9375,-19500.58509174347,-202708.546875,-19500.58509174347,300,0.0,1.0,0,0.22222620084008593,neural_residual_shallow
0.9833333333333333,0.0,0.860476649403572,300,2,0.0,2026092701,-27325.18803914388,8,23424.271484375,-27325.18803914388,-609270.1875,-27325.18803914388,300,0.0,1.0,0,0.2571921661259622,neural_residual_shallow
0.9733333333333334,0.0,0.8545868360002835,300,3,0.0,2026092701,-23919.98753751119,8,580221.0,-23919.98753751119,-559319.3125,-23919.98753751119,300,0.0,1.0,0,0.26741194351075537,neural_residual_shallow
0.9966666666666667,0.0,0.9927015282710393,300,1,0.0,2026092701,-21306.525276285807,1,-1809.8533935546875,-21306.525276285807,-25667.486328125,-21306.525276285807,300,0.0,1.0,1,0.1003107050230424,neural_residual_shallow
0.9933333333333333,0.0,0.9973381127913793,300,2,0.0,2026092701,-22190.22104817708,1,-17622.93359375,-22190.22104817708,-24787.240234375,-22190.22104817708,300,0.0,1.0,1,0.06385705296605426,neural_residual_shallow
0.99,0.0,0.9990472426017125,300,3,0.0,2026092701,-22559.388478190103,1,-4857.29345703125,-22559.388478190103,-25170.203125,-22559.388478190103,300,0.0,1.0,1,0.06774752928193428,neural_residual_shallow
0.98,0.0,0.8815935239195823,300,1,0.0,2026092701,-21378.820799560548,3,446114.0,-21378.820799560548,-108983.53125,-21378.820799560548,300,0.0,1.0,1,0.2610306384522919,neural_residual_shallow
0.97,0.0,0.8745111145886282,300,2,0.0,2026092701,-22024.885188395183,3,335975.90625,-22024.885188395183,-556382.25,-22024.885188395183,300,0.0,1.0,1,0.264543088129787,neural_residual_shallow
0.9133333333333333,0.0,0.8518686656405529,300,3,0.0,2026092701,-24257.959638773602,3,611520.1875,-24257.959638773602,-610973.1875,-24257.959638773602,300,0.0,1.0,1,0.3441081396454282,neural_residual_shallow
0.9933333333333333,0.0,0.9991894960403442,300,1,0.0,2026092701,-23169.138821614582,4,-20509.126953125,-23169.138821614582,-25406.765625,-23169.138821614582,300,0.0,1.0,1,0.11589003447980517,neural_residual_shallow
0.9933333333333333,0.0,0.9986263140042623,300,2,0.0,2026092701,-22632.316471354166,4,-14038.548828125,-22632.316471354166,-24574.96875,-22632.316471354166,300,0.0,1.0,1,0.15703125159207376,neural_residual_shallow
0.9866666666666667,0.0,0.9981225313742955,300,3,0.0,2026092701,-23001.16021077474,4,1132.475341796875,-23001.16021077474,-24915.26171875,-23001.16021077474,300,0.0,1.0,1,0.15238348965957982,neural_residual_shallow
0.9933333333333333,0.0,0.9948582658171654,300,1,0.0,2026092701,-23038.641243489583,6,-15437.158203125,-23038.641243489583,-270619.1875,-23038.641243489583,300,0.0,1.0,1,0.0854956853753196,neural_residual_shallow
0.9966666666666667,0.0,0.9939415416121483,300,2,0.0,2026092701,-22659.027272135416,6,-13901.150390625,-22659.027272135416,-237097.1875,-22659.027272135416,300,0.0,1.0,1,0.08587083693953357,neural_residual_shallow
0.9866666666666667,0.0,0.9923021006087462,300,3,0.0,2026092701,-22575.722891438803,6,-3095.299072265625,-22575.722891438803,-172514.359375,-22575.722891438803,300,0.0,1.0,1,0.14923583837398713,neural_residual_shallow
0.97,0.0,0.8593488229314487,300,1,0.0,2026092701,-20772.708798828124,8,450508.75,-20772.708798828124,-226374.15625,-20772.708798828124,300,0.0,1.0,1,0.29316494204141597,neural_residual_shallow
0.97,0.0,0.8749892761806647,300,2,0.0,2026092701,-21225.562836812336,8,4392.654296875,-21225.562836812336,-204099.90625,-21225.562836812336,300,0.0,1.0,1,0.2985081905853939,neural_residual_shallow
0.9666666666666667,0.0,0.8787944091359774,300,3,0.0,2026092701,-19687.938111012776,8,541056.9375,-19687.938111012776,-396135.09375,-19687.938111012776,300,0.0,1.0,1,0.30336853567146393,neural_residual_shallow
1.0,0.0,0.9987207810084026,300,1,0.0,2026092701,-22064.192858072918,1,-19434.201171875,-22064.192858072918,-24899.802734375,-22064.192858072918,300,0.0,1.0,2,0.04058524610682146,neural_residual_shallow
1.0,0.0,0.9987414896488189,300,2,0.0,2026092701,-21583.2346875,1,-18921.12890625,-21583.2346875,-23712.373046875,-21583.2346875,300,0.0,1.0,2,0.043666731134903713,neural_residual_shallow
0.9966666666666667,0.0,0.9984172634283701,300,3,0.0,2026092701,-22135.415572916667,1,-19751.6796875,-22135.415572916667,-24196.537109375,-22135.415572916667,300,0.0,1.0,2,0.053397521261177916,neural_residual_shallow
0.97,0.0,0.8800891214609146,300,1,0.0,2026092701,-22153.40174621582,3,80448.65625,-22153.40174621582,-95076.3046875,-22153.40174621582,300,0.0,1.0,2,0.17168645243798053,neural_residual_shallow
0.9933333333333333,0.0,0.877268965219458,300,2,0.0,2026092701,-21170.907107289633,3,12866.681640625,-21170.907107289633,-106148.5234375,-21170.907107289633,300,0.0,1.0,2,0.15319432679375933,neural_residual_shallow
0.9866666666666667,0.0,0.8882330258687338,300,3,0.0,2026092701,-19384.25474866231,3,489075.03125,-19384.25474866231,-99052.359375,-19384.25474866231,300,0.0,1.0,2,0.20219897153390065,neural_residual_shallow
0.97,0.0,0.9545144002139568,300,1,0.0,2026092701,-15601.102389322916,4,488752.28125,-15601.102389322916,-503510.03125,-15601.102389322916,300,0.0,1.0,2,0.123000543018424,neural_residual_shallow
0.99,0.0,0.9807366546740135,300,2,0.0,2026092701,-20197.78306681315,4,508878.125,-20197.78306681315,-562488.375,-20197.78306681315,300,0.0,1.0,2,0.15140781710323703,neural_residual_shallow
0.9833333333333333,0.0,0.9833251300702492,300,3,0.0,2026092701,-24374.858152669272,4,52141.28515625,-24374.858152669272,-533169.375,-24374.858152669272,300,0.0,1.0,2,0.06190609994783958,neural_residual_shallow
1.0,0.0,0.9954308191935222,300,1,0.0,2026092701,-22650.558255208332,6,-19642.076171875,-22650.558255208332,-31095.6796875,-22650.558255208332,300,0.0,1.0,2,0.06318984394580118,neural_residual_shallow
1.0,0.0,0.9979568711916605,300,2,0.0,2026092701,-22341.060983072915,6,-20186.369140625,-22341.060983072915,-25786.19140625,-22341.060983072915,300,0.0,1.0,2,0.039251247573287906,neural_residual_shallow
1.0,0.0,0.9987439831097921,300,3,0.0,2026092701,-22441.754010416666,6,-19984.583984375,-22441.754010416666,-24038.400390625,-22441.754010416666,300,0.0,1.0,2,0.01640580222174559,neural_residual_shallow
1.0,0.0,0.9081011878947417,300,1,0.0,2026092701,-21003.09012682597,8,28203.36328125,-21003.09012682597,-98927.9453125,-21003.09012682597,300,0.0,1.0,2,0.066755532289691,neural_residual_shallow
1.0,0.0,0.9055181274811427,300,2,0.0,2026092701,-20531.140282058717,8,47107.25,-20531.140282058717,-76422.125,-20531.140282058717,300,0.0,1.0,2,0.06994447242909096,neural_residual_shallow
0.9933333333333333,0.0,0.9105378817518552,300,3,0.0,2026092701,-22384.335665690105,8,14195.4716796875,-22384.335665690105,-496795.40625,-22384.335665690105,300,0.0,1.0,2,0.09234741529943846,neural_residual_shallow
1.0,0.0,0.9987421586116155,300,1,0.0,2026092701,-22931.140227864584,1,-19074.873046875,-22931.140227864584,-25098.576171875,-22931.140227864584,300,0.0,1.0,3,0.17911037241312344,neural_residual_shallow
1.0,0.0,0.9988671799500783,300,2,0.0,2026092701,-22377.433307291667,1,-16658.80859375,-22377.433307291667,-29830.681640625,-22377.433307291667,300,0.0,1.0,3,0.15682704856280527,neural_residual_shallow
1.0,0.0,0.9978403655687967,300,3,0.0,2026092701,-22819.563631388348,1,-440.51129150390625,-22819.563631388348,-28203.619140625,-22819.563631388348,300,0.0,1.0,3,0.15532576400587073,neural_residual_shallow
0.9566666666666667,0.0,0.865618384530147,300,1,0.0,2026092701,-21195.431389770507,3,612900.1875,-21195.431389770507,-441303.46875,-21195.431389770507,300,0.0,1.0,3,0.3000866613744755,neural_residual_shallow
0.9333333333333333,0.0,0.8713305069506169,300,2,0.0,2026092701,-21528.43489250183,3,265072.9375,-21528.43489250183,-97111.40625,-21528.43489250183,300,0.0,1.0,3,0.3104190332105802,neural_residual_shallow
0.9266666666666666,0.0,0.8631079876050353,300,3,0.0,2026092701,-18159.263392944336,3,492900.09375,-18159.263392944336,-99733.5859375,-18159.263392944336,300,0.0,1.0,3,0.33234145660225334,neural_residual_shallow
0.9833333333333333,0.0,0.9924259837468465,300,1,0.0,2026092701,-23087.82831258138,4,-2014.2171630859375,-23087.82831258138,-63384.9765625,-23087.82831258138,300,0.0,1.0,3,0.11718191842778714,neural_residual_shallow
0.9733333333333334,0.0,0.9915273221333821,300,2,0.0,2026092701,-22005.049450683593,4,163272.875,-22005.049450683593,-29471.982421875,-22005.049450683593,300,0.0,1.0,3,0.12782702634013698,neural_residual_shallow
0.9733333333333334,0.0,0.9860645049065352,300,3,0.0,2026092701,-23351.807674967447,4,33403.87109375,-23351.807674967447,-303930.8125,-23351.807674967447,300,0.0,1.0,3,0.09992560529912142,neural_residual_shallow
0.99,0.0,0.9995619833469391,300,1,0.0,2026092701,-22036.864798177085,6,-18655.6875,-22036.864798177085,-23398.740234375,-22036.864798177085,300,0.0,1.0,3,0.047249680593943855,neural_residual_shallow
1.0,0.0,0.9995536784331004,300,2,0.0,2026092701,-22094.688385416666,6,-20940.001953125,-22094.688385416666,-23784.7734375,-22094.688385416666,300,0.0,1.0,3,0.03926131671126276,neural_residual_shallow
1.0,0.0,0.9996031298240026,300,3,0.0,2026092701,-22472.7951171875,6,-20929.408203125,-22472.7951171875,-24151.763671875,-22472.7951171875,300,0.0,1.0,3,0.036010084821309074,neural_residual_shallow
0.9733333333333334,0.0,0.8408772169239819,300,1,0.0,2026092701,-17307.98534301758,8,560956.25,-17307.98534301758,-262169.78125,-17307.98534301758,300,0.0,1.0,3,0.3421607041932986,neural_residual_shallow
0.9866666666666667,0.0,0.8444221367438635,300,2,0.0,2026092701,-19846.144803466796,8,541814.9375,-19846.144803466796,-238445.421875,-19846.144803466796,300,0.0,1.0,3,0.36479539107992454,neural_residual_shallow
0.9833333333333333,0.0,0.8163974509636561,300,3,0.0,2026092701,-12324.808023910522,8,617916.3125,-12324.808023910522,-577506.5625,-12324.808023910522,300,0.0,1.0,3,0.355122022650326,neural_residual_shallow
1.0,0.0,0.9997017898162206,300,1,0.0,2026092701,-12186.958955078126,1,-10876.2939453125,-12186.958955078126,-13452.248046875,-12186.958955078126,300,0.0,1.0,4,0.009448690476400401,neural_residual_shallow
1.0,0.0,0.9996826122204463,300,2,0.0,2026092701,-12152.860891927083,1,-10567.009765625,-12152.860891927083,-13546.9658203125,-12152.860891927083,300,0.0,1.0,4,0.015075439793039935,neural_residual_shallow
1.0,0.0,0.9997086195151011,300,3,0.0,2026092701,-11981.437057291667,1,-10768.1123046875,-11981.437057291667,-13070.76171875,-11981.437057291667,300,0.0,1.0,4,0.02073076407479313,neural_residual_shallow
0.9666666666666667,0.0,0.8342477931827307,300,1,0.0,2026092701,-10820.90757446289,3,606852.0625,-10820.90757446289,-553874.5625,-10820.90757446289,300,0.0,1.0,4,0.29148861042904495,neural_residual_shallow
0.9433333333333334,0.0,0.8177648937702179,300,2,0.0,2026092701,-13117.563010101318,3,543099.8125,-13117.563010101318,-582237.25,-13117.563010101318,300,0.0,1.0,4,0.2623056843434788,neural_residual_shallow
0.93,0.0,0.7870791389172276,300,3,0.0,2026092701,-7291.635153617859,3,622686.0,-7291.635153617859,-616600.1875,-7291.635153617859,300,0.0,1.0,4,0.3399693046242561,neural_residual_shallow
1.0,0.0,0.9983373133341471,300,1,0.0,2026092701,-12843.360208333334,4,-10647.2158203125,-12843.360208333334,-15868.83984375,-12843.360208333334,300,0.0,1.0,4,0.021038447465569377,neural_residual_shallow
1.0,0.0,0.9971807022889455,300,2,0.0,2026092701,-12609.797067057292,4,-9167.263671875,-12609.797067057292,-15754.1220703125,-12609.797067057292,300,0.0,1.0,4,0.027646661737435796,neural_residual_shallow
1.0,0.0,0.994736109127601,300,3,0.0,2026092701,-14361.629742838542,4,-10348.0478515625,-14361.629742838542,-509598.1875,-14361.629742838542,300,0.0,1.0,4,0.028565145279617843,neural_residual_shallow
0.99,0.0,0.9805895109474659,300,1,0.0,2026092701,-13043.826184895834,6,163459.546875,-13043.826184895834,-579876.8125,-13043.826184895834,300,0.0,1.0,4,0.09286203561529327,neural_residual_shallow
0.9966666666666667,0.0,0.9744761701424917,300,2,0.0,2026092701,-11046.928647155763,6,16647.359375,-11046.928647155763,-22569.498046875,-11046.928647155763,300,0.0,1.0,4,0.11027323174248926,neural_residual_shallow
0.9966666666666667,0.0,0.9873833298186461,300,3,0.0,2026092701,-10715.544656575521,6,220832.859375,-10715.544656575521,-18375.380859375,-10715.544656575521,300,0.0,1.0,4,0.09170691307849221,neural_residual_shallow
1.0,0.0,0.8916868689407905,300,1,0.0,2026092701,-8880.49575302124,8,330305.1875,-8880.49575302124,-36389.27734375,-8880.49575302124,300,0.0,1.0,4,0.17737408515224085,neural_residual_shallow
1.0,0.0,0.8893355586131414,300,2,0.0,2026092701,-11499.081474787394,8,42320.04296875,-11499.081474787394,-106413.0390625,-11499.081474787394,300,0.0,1.0,4,0.17321735700736218,neural_residual_shallow
0.9933333333333333,0.0,0.8946144796411196,300,3,0.0,2026092701,-12472.267841288249,8,23379.1796875,-12472.267841288249,-472079.09375,-12472.267841288249,300,0.0,1.0,4,0.23234326818096473,neural_residual_shallow
1.0,0.0,0.9985529824097952,300,1,0.0,2026092701,-20179.50728515625,1,-17820.69140625,-20179.50728515625,-22284.58984375,-20179.50728515625,300,0.0,1.0,5,0.04038460004673927,neural_residual_shallow
0.9933333333333333,0.0,0.998565810918808,300,2,0.0,2026092701,-20282.956861979168,1,-16371.84765625,-20282.956861979168,-22749.0546875,-20282.956861979168,300,0.0,1.0,5,0.03509637023189449,neural_residual_shallow
0.99,0.0,0.997731768488884,300,3,0.0,2026092701,-20415.447024739584,1,-18463.630859375,-20415.447024739584,-22537.9375,-20415.447024739584,300,0.0,1.0,5,0.06273342924021519,neural_residual_shallow
0.98,0.0,0.8766845100124677,300,1,0.0,2026092701,-19625.03742960612,3,16550.4140625,-19625.03742960612,-124709.3515625,-19625.03742960612,300,0.0,1.0,5,0.09102204462588181,neural_residual_shallow
0.9866666666666667,0.0,0.8878560337424278,300,2,0.0,2026092701,-19126.945930887858,3,262821.46875,-19126.945930887858,-76552.3125,-19126.945930887858,300,0.0,1.0,5,0.08349883236516042,neural_residual_shallow
0.9833333333333333,0.0,0.8658727371195952,300,3,0.0,2026092701,-17358.69468465169,3,496442.8125,-17358.69468465169,-270683.96875,-17358.69468465169,300,0.0,1.0,5,0.07168095342784442,neural_residual_shallow
0.9966666666666667,0.0,0.9919818715751171,300,1,0.0,2026092701,-19742.31517578125,4,144524.046875,-19742.31517578125,-153345.0,-19742.31517578125,300,0.0,1.0,5,0.08591511963592868,neural_residual_shallow
0.99,0.0,0.9833062568306923,300,2,0.0,2026092701,-21667.58068359375,4,-10637.8173828125,-21667.58068359375,-217863.453125,-21667.58068359375,300,0.0,1.0,5,0.1543306630234892,neural_residual_shallow
0.99,0.0,0.982509353607893,300,3,0.0,2026092701,-21725.051258951822,4,-2253.889404296875,-21725.051258951822,-239948.171875,-21725.051258951822,300,0.0,1.0,5,0.15119311283235481,neural_residual_shallow
1.0,0.0,0.9970015901327133,300,1,0.0,2026092701,-18900.94838541667,6,-16564.119140625,-18900.94838541667,-21957.5,-18900.94838541667,300,0.0,1.0,5,0.12108080528396525,neural_residual_shallow
1.0,0.0,0.9979795678456624,300,2,0.0,2026092701,-18715.40726236979,6,-15966.869140625,-18715.40726236979,-22037.232421875,-18715.40726236979,300,0.0,1.0,5,0.1303551815225712,neural_residual_shallow
1.0,0.0,0.9951539301872253,300,3,0.0,2026092701,-18021.071728515624,6,-6698.458984375,-18021.071728515624,-22221.98046875,-18021.071728515624,300,0.0,1.0,5,0.11713541522959692,neural_residual_shallow
0.99,0.0,0.9236229381958644,300,1,0.0,2026092701,-20494.906968536376,8,19617.720703125,-20494.906968536376,-282722.0,-20494.906968536376,300,0.0,1.0,5,0.07105394733050963,neural_residual_shallow
0.9833333333333333,0.0,0.9255151661237081,300,2,0.0,2026092701,-20989.74442586263,8,876.0730590820312,-20989.74442586263,-48763.5859375,-20989.74442586263,300,0.0,1.0,5,0.09336242922414051,neural_residual_shallow
0.99,0.0,0.9128801691532135,300,3,0.0,2026092701,-19253.109247233075,8,6383.14892578125,-19253.109247233075,-86005.375,-19253.109247233075,300,0.0,1.0,5,0.08629528528845398,neural_residual_shallow
0.9933333333333333,0.0,0.9921577136218548,300,1,0.0,2026092701,-26914.05865234375,1,-23710.791015625,-26914.05865234375,-34867.8046875,-26914.05865234375,300,0.0,1.0,0,0.09186538272631728,neural_residual_deep
1.0,0.0,0.9969143839677175,300,2,0.0,2026092701,-26997.29896484375,1,-24915.0703125,-26997.29896484375,-29281.009765625,-26997.29896484375,300,0.0,1.0,0,0.0880811627093876,neural_residual_deep
0.9933333333333333,0.0,0.9959728302558263,300,3,0.0,2026092701,-27036.744583333333,1,-17193.962890625,-27036.744583333333,-29216.671875,-27036.744583333333,300,0.0,1.0,0,0.06534115472726443,neural_residual_deep
0.94,0.0,0.8407306848093867,300,1,0.0,2026092701,-32599.654809977215,3,599168.375,-32599.654809977215,-621967.875,-32599.654809977215,300,0.0,1.0,0,0.2575685238788801,neural_residual_deep
0.9766666666666667,0.0,0.8427451226736108,300,2,0.0,2026092701,-19893.017174886067,3,578542.5625,-19893.017174886067,-610105.75,-19893.017174886067,300,0.0,1.0,0,0.23009628194730014,neural_residual_deep
0.96,0.0,0.8296312564238906,300,3,0.0,2026092701,-16558.236828918456,3,572646.875,-16558.236828918456,-557283.0625,-16558.236828918456,300,0.0,1.0,0,0.28975822439235055,neural_residual_deep
1.0,0.0,0.996070388952891,300,1,0.0,2026092701,-28011.63046875,4,-24516.6171875,-28011.63046875,-32686.943359375,-28011.63046875,300,0.0,1.0,0,0.0582661084672258,neural_residual_deep
1.0,0.0,0.9986021320025126,300,2,0.0,2026092701,-27672.128684895833,4,-25615.763671875,-27672.128684895833,-29823.333984375,-27672.128684895833,300,0.0,1.0,0,0.04589575029808213,neural_residual_deep
1.0,0.0,0.998875458240509,300,3,0.0,2026092701,-27824.992005208333,4,-25399.595703125,-27824.992005208333,-29762.24609375,-27824.992005208333,300,0.0,1.0,0,0.0472827162215359,neural_residual_deep
0.9966666666666667,0.0,0.990090055714051,300,1,0.0,2026092701,-26924.773723958333,6,-22339.32421875,-26924.773723958333,-128068.515625,-26924.773723958333,300,0.0,1.0,0,0.07005263367768433,neural_residual_deep
1.0,0.0,0.9876185045639674,300,2,0.0,2026092701,-27468.35755859375,6,-20680.72265625,-27468.35755859375,-38947.83984375,-27468.35755859375,300,0.0,1.0,0,0.07487733716651768,neural_residual_deep
0.9966666666666667,0.0,0.9805694196621577,300,3,0.0,2026092701,-26280.906529947915,6,-20889.609375,-26280.906529947915,-32613.501953125,-26280.906529947915,300,0.0,1.0,0,0.08028983595989725,neural_residual_deep
0.9733333333333334,0.0,0.8392215252419313,300,1,0.0,2026092701,-19500.58509174347,8,597359.9375,-19500.58509174347,-202708.546875,-19500.58509174347,300,0.0,1.0,0,0.19302744150559492,neural_residual_deep
0.97,0.0,0.860476649403572,300,2,0.0,2026092701,-27325.18803914388,8,23424.271484375,-27325.18803914388,-609270.1875,-27325.18803914388,300,0.0,1.0,0,0.22310574043827025,neural_residual_deep
0.9766666666666667,0.0,0.8545868360002835,300,3,0.0,2026092701,-23919.98753751119,8,580221.0,-23919.98753751119,-559319.3125,-23919.98753751119,300,0.0,1.0,0,0.23811023920047925,neural_residual_deep
0.9966666666666667,0.0,0.9927015282710393,300,1,0.0,2026092701,-21306.525276285807,1,-1809.8533935546875,-21306.525276285807,-25667.486328125,-21306.525276285807,300,0.0,1.0,1,0.09228150687895875,neural_residual_deep
0.99,0.0,0.9973381127913793,300,2,0.0,2026092701,-22190.22104817708,1,-17622.93359375,-22190.22104817708,-24787.240234375,-22190.22104817708,300,0.0,1.0,1,0.06092026011694307,neural_residual_deep
0.99,0.0,0.9990472426017125,300,3,0.0,2026092701,-22559.388478190103,1,-4857.29345703125,-22559.388478190103,-25170.203125,-22559.388478190103,300,0.0,1.0,1,0.06705812160580948,neural_residual_deep
0.98,0.0,0.8815935239195823,300,1,0.0,2026092701,-21378.820799560548,3,446114.0,-21378.820799560548,-108983.53125,-21378.820799560548,300,0.0,1.0,1,0.23788302909795167,neural_residual_deep
0.9733333333333334,0.0,0.8745111145886282,300,2,0.0,2026092701,-22024.885188395183,3,335975.90625,-22024.885188395183,-556382.25,-22024.885188395183,300,0.0,1.0,1,0.23755004422644943,neural_residual_deep
0.8933333333333333,0.0,0.8518686656405529,300,3,0.0,2026092701,-24257.959638773602,3,611520.1875,-24257.959638773602,-610973.1875,-24257.959638773602,300,0.0,1.0,1,0.31984134775209205,neural_residual_deep
0.9933333333333333,0.0,0.9991894960403442,300,1,0.0,2026092701,-23169.138821614582,4,-20509.126953125,-23169.138821614582,-25406.765625,-23169.138821614582,300,0.0,1.0,1,0.10020312722201785,neural_residual_deep
0.9966666666666667,0.0,0.9986263140042623,300,2,0.0,2026092701,-22632.316471354166,4,-14038.548828125,-22632.316471354166,-24574.96875,-22632.316471354166,300,0.0,1.0,1,0.13149501694208943,neural_residual_deep
0.9866666666666667,0.0,0.9981225313742955,300,3,0.0,2026092701,-23001.16021077474,4,1132.475341796875,-23001.16021077474,-24915.26171875,-23001.16021077474,300,0.0,1.0,1,0.13368928176120154,neural_residual_deep
0.9933333333333333,0.0,0.9948582658171654,300,1,0.0,2026092701,-23038.641243489583,6,-15437.158203125,-23038.641243489583,-270619.1875,-23038.641243489583,300,0.0,1.0,1,0.07900426116999715,neural_residual_deep
0.9933333333333333,0.0,0.9939415416121483,300,2,0.0,2026092701,-22659.027272135416,6,-13901.150390625,-22659.027272135416,-237097.1875,-22659.027272135416,300,0.0,1.0,1,0.08103774678081299,neural_residual_deep
0.98,0.0,0.9923021006087462,300,3,0.0,2026092701,-22575.722891438803,6,-3095.299072265625,-22575.722891438803,-172514.359375,-22575.722891438803,300,0.0,1.0,1,0.13859817018237386,neural_residual_deep
0.9533333333333334,0.0,0.8593488229314487,300,1,0.0,2026092701,-20772.708798828124,8,450508.75,-20772.708798828124,-226374.15625,-20772.708798828124,300,0.0,1.0,1,0.2660495661586858,neural_residual_deep
0.9566666666666667,0.0,0.8749892761806647,300,2,0.0,2026092701,-21225.562836812336,8,4392.654296875,-21225.562836812336,-204099.90625,-21225.562836812336,300,0.0,1.0,1,0.2676737918608588,neural_residual_deep
0.96,0.0,0.8787944091359774,300,3,0.0,2026092701,-19687.938111012776,8,541056.9375,-19687.938111012776,-396135.09375,-19687.938111012776,300,0.0,1.0,1,0.27938455012547736,neural_residual_deep
0.9966666666666667,0.0,0.9987207810084026,300,1,0.0,2026092701,-22064.192858072918,1,-19434.201171875,-22064.192858072918,-24899.802734375,-22064.192858072918,300,0.0,1.0,2,0.03562927831101992,neural_residual_deep
1.0,0.0,0.9987414896488189,300,2,0.0,2026092701,-21583.2346875,1,-18921.12890625,-21583.2346875,-23712.373046875,-21583.2346875,300,0.0,1.0,2,0.04338511618406293,neural_residual_deep
0.9966666666666667,0.0,0.9984172634283701,300,3,0.0,2026092701,-22135.415572916667,1,-19751.6796875,-22135.415572916667,-24196.537109375,-22135.415572916667,300,0.0,1.0,2,0.05753502398191135,neural_residual_deep
0.9733333333333334,0.0,0.8800891214609146,300,1,0.0,2026092701,-22153.40174621582,3,80448.65625,-22153.40174621582,-95076.3046875,-22153.40174621582,300,0.0,1.0,2,0.15312700621585718,neural_residual_deep
0.99,0.0,0.877268965219458,300,2,0.0,2026092701,-21170.907107289633,3,12866.681640625,-21170.907107289633,-106148.5234375,-21170.907107289633,300,0.0,1.0,2,0.14616998990569385,neural_residual_deep
0.9933333333333333,0.0,0.8882330258687338,300,3,0.0,2026092701,-19384.25474866231,3,489075.03125,-19384.25474866231,-99052.359375,-19384.25474866231,300,0.0,1.0,2,0.18616959587913862,neural_residual_deep
0.9766666666666667,0.0,0.9545144002139568,300,1,0.0,2026092701,-15601.102389322916,4,488752.28125,-15601.102389322916,-503510.03125,-15601.102389322916,300,0.0,1.0,2,0.12198325326259762,neural_residual_deep
0.99,0.0,0.9807366546740135,300,2,0.0,2026092701,-20197.78306681315,4,508878.125,-20197.78306681315,-562488.375,-20197.78306681315,300,0.0,1.0,2,0.14109581611831978,neural_residual_deep
0.98,0.0,0.9833251300702492,300,3,0.0,2026092701,-24374.858152669272,4,52141.28515625,-24374.858152669272,-533169.375,-24374.858152669272,300,0.0,1.0,2,0.05254089841280518,neural_residual_deep
1.0,0.0,0.9954308191935222,300,1,0.0,2026092701,-22650.558255208332,6,-19642.076171875,-22650.558255208332,-31095.6796875,-22650.558255208332,300,0.0,1.0,2,0.05091184863832865,neural_residual_deep
1.0,0.0,0.9979568711916605,300,2,0.0,2026092701,-22341.060983072915,6,-20186.369140625,-22341.060983072915,-25786.19140625,-22341.060983072915,300,0.0,1.0,2,0.033910443497571,neural_residual_deep
1.0,0.0,0.9987439831097921,300,3,0.0,2026092701,-22441.754010416666,6,-19984.583984375,-22441.754010416666,-24038.400390625,-22441.754010416666,300,0.0,1.0,2,0.012767230608044744,neural_residual_deep
1.0,0.0,0.9081011878947417,300,1,0.0,2026092701,-21003.09012682597,8,28203.36328125,-21003.09012682597,-98927.9453125,-21003.09012682597,300,0.0,1.0,2,0.061768504948983116,neural_residual_deep
1.0,0.0,0.9055181274811427,300,2,0.0,2026092701,-20531.140282058717,8,47107.25,-20531.140282058717,-76422.125,-20531.140282058717,300,0.0,1.0,2,0.06915483973845371,neural_residual_deep
0.9933333333333333,0.0,0.9105378817518552,300,3,0.0,2026092701,-22384.335665690105,8,14195.4716796875,-22384.335665690105,-496795.40625,-22384.335665690105,300,0.0,1.0,2,0.08808641503485592,neural_residual_deep
1.0,0.0,0.9987421586116155,300,1,0.0,2026092701,-22931.140227864584,1,-19074.873046875,-22931.140227864584,-25098.576171875,-22931.140227864584,300,0.0,1.0,3,0.1592874345605585,neural_residual_deep
1.0,0.0,0.9988671799500783,300,2,0.0,2026092701,-22377.433307291667,1,-16658.80859375,-22377.433307291667,-29830.681640625,-22377.433307291667,300,0.0,1.0,3,0.13477847790340003,neural_residual_deep
0.9966666666666667,0.0,0.9978403655687967,300,3,0.0,2026092701,-22819.563631388348,1,-440.51129150390625,-22819.563631388348,-28203.619140625,-22819.563631388348,300,0.0,1.0,3,0.13558707256768654,neural_residual_deep
0.9533333333333334,0.0,0.865618384530147,300,1,0.0,2026092701,-21195.431389770507,3,612900.1875,-21195.431389770507,-441303.46875,-21195.431389770507,300,0.0,1.0,3,0.2876438558319099,neural_residual_deep
0.93,0.0,0.8713305069506169,300,2,0.0,2026092701,-21528.43489250183,3,265072.9375,-21528.43489250183,-97111.40625,-21528.43489250183,300,0.0,1.0,3,0.29348495598899327,neural_residual_deep
0.9133333333333333,0.0,0.8631079876050353,300,3,0.0,2026092701,-18159.263392944336,3,492900.09375,-18159.263392944336,-99733.5859375,-18159.263392944336,300,0.0,1.0,3,0.3120487844732207,neural_residual_deep
0.9766666666666667,0.0,0.9924259837468465,300,1,0.0,2026092701,-23087.82831258138,4,-2014.2171630859375,-23087.82831258138,-63384.9765625,-23087.82831258138,300,0.0,1.0,3,0.10637677689358593,neural_residual_deep
0.9733333333333334,0.0,0.9915273221333821,300,2,0.0,2026092701,-22005.049450683593,4,163272.875,-22005.049450683593,-29471.982421875,-22005.049450683593,300,0.0,1.0,3,0.11056664272183969,neural_residual_deep
0.98,0.0,0.9860645049065352,300,3,0.0,2026092701,-23351.807674967447,4,33403.87109375,-23351.807674967447,-303930.8125,-23351.807674967447,300,0.0,1.0,3,0.08506474234948569,neural_residual_deep
0.99,0.0,0.9995619833469391,300,1,0.0,2026092701,-22036.864798177085,6,-18655.6875,-22036.864798177085,-23398.740234375,-22036.864798177085,300,0.0,1.0,3,0.03825171006108952,neural_residual_deep
1.0,0.0,0.9995536784331004,300,2,0.0,2026092701,-22094.688385416666,6,-20940.001953125,-22094.688385416666,-23784.7734375,-22094.688385416666,300,0.0,1.0,3,0.027420076073868316,neural_residual_deep
1.0,0.0,0.9996031298240026,300,3,0.0,2026092701,-22472.7951171875,6,-20929.408203125,-22472.7951171875,-24151.763671875,-22472.7951171875,300,0.0,1.0,3,0.026313283853741765,neural_residual_deep
0.96,0.0,0.8408772169239819,300,1,0.0,2026092701,-17307.98534301758,8,560956.25,-17307.98534301758,-262169.78125,-17307.98534301758,300,0.0,1.0,3,0.33486422111990544,neural_residual_deep
0.9866666666666667,0.0,0.8444221367438635,300,2,0.0,2026092701,-19846.144803466796,8,541814.9375,-19846.144803466796,-238445.421875,-19846.144803466796,300,0.0,1.0,3,0.3499456768753749,neural_residual_deep
0.9833333333333333,0.0,0.8163974509636561,300,3,0.0,2026092701,-12324.808023910522,8,617916.3125,-12324.808023910522,-577506.5625,-12324.808023910522,300,0.0,1.0,3,0.35180066006206245,neural_residual_deep
1.0,0.0,0.9997017898162206,300,1,0.0,2026092701,-12186.958955078126,1,-10876.2939453125,-12186.958955078126,-13452.248046875,-12186.958955078126,300,0.0,1.0,4,0.00821713342663899,neural_residual_deep
1.0,0.0,0.9996826122204463,300,2,0.0,2026092701,-12152.860891927083,1,-10567.009765625,-12152.860891927083,-13546.9658203125,-12152.860891927083,300,0.0,1.0,4,0.013491892321005117,neural_residual_deep
1.0,0.0,0.9997086195151011,300,3,0.0,2026092701,-11981.437057291667,1,-10768.1123046875,-11981.437057291667,-13070.76171875,-11981.437057291667,300,0.0,1.0,4,0.017196540249205028,neural_residual_deep
0.96,0.0,0.8342477931827307,300,1,0.0,2026092701,-10820.90757446289,3,606852.0625,-10820.90757446289,-553874.5625,-10820.90757446289,300,0.0,1.0,4,0.2642994660818888,neural_residual_deep
0.94,0.0,0.8177648937702179,300,2,0.0,2026092701,-13117.563010101318,3,543099.8125,-13117.563010101318,-582237.25,-13117.563010101318,300,0.0,1.0,4,0.23813304900778287,neural_residual_deep
0.94,0.0,0.7870791389172276,300,3,0.0,2026092701,-7291.635153617859,3,622686.0,-7291.635153617859,-616600.1875,-7291.635153617859,300,0.0,1.0,4,0.31950930703930414,neural_residual_deep
1.0,0.0,0.9983373133341471,300,1,0.0,2026092701,-12843.360208333334,4,-10647.2158203125,-12843.360208333334,-15868.83984375,-12843.360208333334,300,0.0,1.0,4,0.018045665229284302,neural_residual_deep
1.0,0.0,0.9971807022889455,300,2,0.0,2026092701,-12609.797067057292,4,-9167.263671875,-12609.797067057292,-15754.1220703125,-12609.797067057292,300,0.0,1.0,4,0.022373015518776684,neural_residual_deep
1.0,0.0,0.994736109127601,300,3,0.0,2026092701,-14361.629742838542,4,-10348.0478515625,-14361.629742838542,-509598.1875,-14361.629742838542,300,0.0,1.0,4,0.025900981642059673,neural_residual_deep
0.99,0.0,0.9805895109474659,300,1,0.0,2026092701,-13043.826184895834,6,163459.546875,-13043.826184895834,-579876.8125,-13043.826184895834,300,0.0,1.0,4,0.07719532814173002,neural_residual_deep
0.9933333333333333,0.0,0.9744761701424917,300,2,0.0,2026092701,-11046.928647155763,6,16647.359375,-11046.928647155763,-22569.498046875,-11046.928647155763,300,0.0,1.0,4,0.09519767522412026,neural_residual_deep
0.9966666666666667,0.0,0.9873833298186461,300,3,0.0,2026092701,-10715.544656575521,6,220832.859375,-10715.544656575521,-18375.380859375,-10715.544656575521,300,0.0,1.0,4,0.07114756959613333,neural_residual_deep
1.0,0.0,0.8916868689407905,300,1,0.0,2026092701,-8880.49575302124,8,330305.1875,-8880.49575302124,-36389.27734375,-8880.49575302124,300,0.0,1.0,4,0.16984719478202526,neural_residual_deep
1.0,0.0,0.8893355586131414,300,2,0.0,2026092701,-11499.081474787394,8,42320.04296875,-11499.081474787394,-106413.0390625,-11499.081474787394,300,0.0,1.0,4,0.16353825074610562,neural_residual_deep
0.9933333333333333,0.0,0.8946144796411196,300,3,0.0,2026092701,-12472.267841288249,8,23379.1796875,-12472.267841288249,-472079.09375,-12472.267841288249,300,0.0,1.0,4,0.20457582577915823,neural_residual_deep
1.0,0.0,0.9985529824097952,300,1,0.0,2026092701,-20179.50728515625,1,-17820.69140625,-20179.50728515625,-22284.58984375,-20179.50728515625,300,0.0,1.0,5,0.035678246117425094,neural_residual_deep
0.9933333333333333,0.0,0.998565810918808,300,2,0.0,2026092701,-20282.956861979168,1,-16371.84765625,-20282.956861979168,-22749.0546875,-20282.956861979168,300,0.0,1.0,5,0.033465351151101386,neural_residual_deep
0.99,0.0,0.997731768488884,300,3,0.0,2026092701,-20415.447024739584,1,-18463.630859375,-20415.447024739584,-22537.9375,-20415.447024739584,300,0.0,1.0,5,0.05336426456375343,neural_residual_deep
0.98,0.0,0.8766845100124677,300,1,0.0,2026092701,-19625.03742960612,3,16550.4140625,-19625.03742960612,-124709.3515625,-19625.03742960612,300,0.0,1.0,5,0.09385073076648598,neural_residual_deep
0.9866666666666667,0.0,0.8878560337424278,300,2,0.0,2026092701,-19126.945930887858,3,262821.46875,-19126.945930887858,-76552.3125,-19126.945930887858,300,0.0,1.0,5,0.08125367250652227,neural_residual_deep
0.9833333333333333,0.0,0.8658727371195952,300,3,0.0,2026092701,-17358.69468465169,3,496442.8125,-17358.69468465169,-270683.96875,-17358.69468465169,300,0.0,1.0,5,0.07260170661784682,neural_residual_deep
0.9966666666666667,0.0,0.9919818715751171,300,1,0.0,2026092701,-19742.31517578125,4,144524.046875,-19742.31517578125,-153345.0,-19742.31517578125,300,0.0,1.0,5,0.07103165238454956,neural_residual_deep
0.99,0.0,0.9833062568306923,300,2,0.0,2026092701,-21667.58068359375,4,-10637.8173828125,-21667.58068359375,-217863.453125,-21667.58068359375,300,0.0,1.0,5,0.12129665831090719,neural_residual_deep
0.99,0.0,0.982509353607893,300,3,0.0,2026092701,-21725.051258951822,4,-2253.889404296875,-21725.051258951822,-239948.171875,-21725.051258951822,300,0.0,1.0,5,0.12601117064474532,neural_residual_deep
1.0,0.0,0.9970015901327133,300,1,0.0,2026092701,-18900.94838541667,6,-16564.119140625,-18900.94838541667,-21957.5,-18900.94838541667,300,0.0,1.0,5,0.12755663605424317,neural_residual_deep
1.0,0.0,0.9979795678456624,300,2,0.0,2026092701,-18715.40726236979,6,-15966.869140625,-18715.40726236979,-22037.232421875,-18715.40726236979,300,0.0,1.0,5,0.12545365093431016,neural_residual_deep
1.0,0.0,0.9951539301872253,300,3,0.0,2026092701,-18021.071728515624,6,-6698.458984375,-18021.071728515624,-22221.98046875,-18021.071728515624,300,0.0,1.0,5,0.12114314582543573,neural_residual_deep
0.99,0.0,0.9236229381958644,300,1,0.0,2026092701,-20494.906968536376,8,19617.720703125,-20494.906968536376,-282722.0,-20494.906968536376,300,0.0,1.0,5,0.07483513055702784,neural_residual_deep
0.9833333333333333,0.0,0.9255151661237081,300,2,0.0,2026092701,-20989.74442586263,8,876.0730590820312,-20989.74442586263,-48763.5859375,-20989.74442586263,300,0.0,1.0,5,0.10354126764183857,neural_residual_deep
0.99,0.0,0.9128801691532135,300,3,0.0,2026092701,-19253.109247233075,8,6383.14892578125,-19253.109247233075,-86005.375,-19253.109247233075,300,0.0,1.0,5,0.0904544829146039,neural_residual_deep
0.9933333333333333,0.0,0.9921577136218548,300,1,0.0,2026092702,-26914.05865234375,1,-23710.791015625,-26914.05865234375,-34867.8046875,-26914.05865234375,300,0.0,1.0,0,0.11526219022727757,neural_residual_shallow
1.0,0.0,0.9969143839677175,300,2,0.0,2026092702,-26997.29896484375,1,-24915.0703125,-26997.29896484375,-29281.009765625,-26997.29896484375,300,0.0,1.0,0,0.10958097008341161,neural_residual_shallow
0.9933333333333333,0.0,0.9959728302558263,300,3,0.0,2026092702,-27036.744583333333,1,-17193.962890625,-27036.744583333333,-29216.671875,-27036.744583333333,300,0.0,1.0,0,0.08689308370423166,neural_residual_shallow
0.9333333333333333,0.0,0.8407306848093867,300,1,0.0,2026092702,-32599.654809977215,3,599168.375,-32599.654809977215,-621967.875,-32599.654809977215,300,0.0,1.0,0,0.27970376204347636,neural_residual_shallow
0.97,0.0,0.8427451226736108,300,2,0.0,2026092702,-19893.017174886067,3,578542.5625,-19893.017174886067,-610105.75,-19893.017174886067,300,0.0,1.0,0,0.2657253380098785,neural_residual_shallow
0.9566666666666667,0.0,0.8296312564238906,300,3,0.0,2026092702,-16558.236828918456,3,572646.875,-16558.236828918456,-557283.0625,-16558.236828918456,300,0.0,1.0,0,0.35275160457356713,neural_residual_shallow
1.0,0.0,0.996070388952891,300,1,0.0,2026092702,-28011.63046875,4,-24516.6171875,-28011.63046875,-32686.943359375,-28011.63046875,300,0.0,1.0,0,0.047646350657187586,neural_residual_shallow
1.0,0.0,0.9986021320025126,300,2,0.0,2026092702,-27672.128684895833,4,-25615.763671875,-27672.128684895833,-29823.333984375,-27672.128684895833,300,0.0,1.0,0,0.05036222225224685,neural_residual_shallow
1.0,0.0,0.998875458240509,300,3,0.0,2026092702,-27824.992005208333,4,-25399.595703125,-27824.992005208333,-29762.24609375,-27824.992005208333,300,0.0,1.0,0,0.04890350624432016,neural_residual_shallow
0.99,0.0,0.990090055714051,300,1,0.0,2026092702,-26924.773723958333,6,-22339.32421875,-26924.773723958333,-128068.515625,-26924.773723958333,300,0.0,1.0,0,0.06837155078109858,neural_residual_shallow
1.0,0.0,0.9876185045639674,300,2,0.0,2026092702,-27468.35755859375,6,-20680.72265625,-27468.35755859375,-38947.83984375,-27468.35755859375,300,0.0,1.0,0,0.0758972360969532,neural_residual_shallow
0.9966666666666667,0.0,0.9805694196621577,300,3,0.0,2026092702,-26280.906529947915,6,-20889.609375,-26280.906529947915,-32613.501953125,-26280.906529947915,300,0.0,1.0,0,0.06440412233423021,neural_residual_shallow
0.97,0.0,0.8392215252419313,300,1,0.0,2026092702,-19500.58509174347,8,597359.9375,-19500.58509174347,-202708.546875,-19500.58509174347,300,0.0,1.0,0,0.21694271959124167,neural_residual_shallow
0.9866666666666667,0.0,0.860476649403572,300,2,0.0,2026092702,-27325.18803914388,8,23424.271484375,-27325.18803914388,-609270.1875,-27325.18803914388,300,0.0,1.0,0,0.24519829271152782,neural_residual_shallow
0.98,0.0,0.8545868360002835,300,3,0.0,2026092702,-23919.98753751119,8,580221.0,-23919.98753751119,-559319.3125,-23919.98753751119,300,0.0,1.0,0,0.2516431329705924,neural_residual_shallow
0.9966666666666667,0.0,0.9927015282710393,300,1,0.0,2026092702,-21306.525276285807,1,-1809.8533935546875,-21306.525276285807,-25667.486328125,-21306.525276285807,300,0.0,1.0,1,0.06877604025296724,neural_residual_shallow
0.9933333333333333,0.0,0.9973381127913793,300,2,0.0,2026092702,-22190.22104817708,1,-17622.93359375,-22190.22104817708,-24787.240234375,-22190.22104817708,300,0.0,1.0,1,0.05594219262048494,neural_residual_shallow
0.9866666666666667,0.0,0.9990472426017125,300,3,0.0,2026092702,-22559.388478190103,1,-4857.29345703125,-22559.388478190103,-25170.203125,-22559.388478190103,300,0.0,1.0,1,0.05845117508582076,neural_residual_shallow
0.9733333333333334,0.0,0.8815935239195823,300,1,0.0,2026092702,-21378.820799560548,3,446114.0,-21378.820799560548,-108983.53125,-21378.820799560548,300,0.0,1.0,1,0.24727919905283458,neural_residual_shallow
0.9733333333333334,0.0,0.8745111145886282,300,2,0.0,2026092702,-22024.885188395183,3,335975.90625,-22024.885188395183,-556382.25,-22024.885188395183,300,0.0,1.0,1,0.2534534527229171,neural_residual_shallow
0.8766666666666667,0.0,0.8518686656405529,300,3,0.0,2026092702,-24257.959638773602,3,611520.1875,-24257.959638773602,-610973.1875,-24257.959638773602,300,0.0,1.0,1,0.3261939769684681,neural_residual_shallow
0.9966666666666667,0.0,0.9991894960403442,300,1,0.0,2026092702,-23169.138821614582,4,-20509.126953125,-23169.138821614582,-25406.765625,-23169.138821614582,300,0.0,1.0,1,0.08022590525215989,neural_residual_shallow
1.0,0.0,0.9986263140042623,300,2,0.0,2026092702,-22632.316471354166,4,-14038.548828125,-22632.316471354166,-24574.96875,-22632.316471354166,300,0.0,1.0,1,0.10265645712365579,neural_residual_shallow
0.9933333333333333,0.0,0.9981225313742955,300,3,0.0,2026092702,-23001.16021077474,4,1132.475341796875,-23001.16021077474,-24915.26171875,-23001.16021077474,300,0.0,1.0,1,0.11635981813754082,neural_residual_shallow
0.9866666666666667,0.0,0.9948582658171654,300,1,0.0,2026092702,-23038.641243489583,6,-15437.158203125,-23038.641243489583,-270619.1875,-23038.641243489583,300,0.0,1.0,1,0.07740704330291637,neural_residual_shallow
0.9933333333333333,0.0,0.9939415416121483,300,2,0.0,2026092702,-22659.027272135416,6,-13901.150390625,-22659.027272135416,-237097.1875,-22659.027272135416,300,0.0,1.0,1,0.07869796726068612,neural_residual_shallow
0.9833333333333333,0.0,0.9923021006087462,300,3,0.0,2026092702,-22575.722891438803,6,-3095.299072265625,-22575.722891438803,-172514.359375,-22575.722891438803,300,0.0,1.0,1,0.14538942711761216,neural_residual_shallow
0.9433333333333334,0.0,0.8593488229314487,300,1,0.0,2026092702,-20772.708798828124,8,450508.75,-20772.708798828124,-226374.15625,-20772.708798828124,300,0.0,1.0,1,0.2853177389153627,neural_residual_shallow
0.9466666666666667,0.0,0.8749892761806647,300,2,0.0,2026092702,-21225.562836812336,8,4392.654296875,-21225.562836812336,-204099.90625,-21225.562836812336,300,0.0,1.0,1,0.2822991800696194,neural_residual_shallow
0.96,0.0,0.8787944091359774,300,3,0.0,2026092702,-19687.938111012776,8,541056.9375,-19687.938111012776,-396135.09375,-19687.938111012776,300,0.0,1.0,1,0.29106580636113255,neural_residual_shallow
1.0,0.0,0.9987207810084026,300,1,0.0,2026092702,-22064.192858072918,1,-19434.201171875,-22064.192858072918,-24899.802734375,-22064.192858072918,300,0.0,1.0,2,0.053455846668841844,neural_residual_shallow
1.0,0.0,0.9987414896488189,300,2,0.0,2026092702,-21583.2346875,1,-18921.12890625,-21583.2346875,-23712.373046875,-21583.2346875,300,0.0,1.0,2,0.04986009528659707,neural_residual_shallow
1.0,0.0,0.9984172634283701,300,3,0.0,2026092702,-22135.415572916667,1,-19751.6796875,-22135.415572916667,-24196.537109375,-22135.415572916667,300,0.0,1.0,2,0.07974959833063533,neural_residual_shallow
0.98,0.0,0.8800891214609146,300,1,0.0,2026092702,-22153.40174621582,3,80448.65625,-22153.40174621582,-95076.3046875,-22153.40174621582,300,0.0,1.0,2,0.15256871027342167,neural_residual_shallow
0.9966666666666667,0.0,0.877268965219458,300,2,0.0,2026092702,-21170.907107289633,3,12866.681640625,-21170.907107289633,-106148.5234375,-21170.907107289633,300,0.0,1.0,2,0.14652185838059173,neural_residual_shallow
0.9866666666666667,0.0,0.8882330258687338,300,3,0.0,2026092702,-19384.25474866231,3,489075.03125,-19384.25474866231,-99052.359375,-19384.25474866231,300,0.0,1.0,2,0.18081578465571402,neural_residual_shallow
0.9766666666666667,0.0,0.9545144002139568,300,1,0.0,2026092702,-15601.102389322916,4,488752.28125,-15601.102389322916,-503510.03125,-15601.102389322916,300,0.0,1.0,2,0.125025700399642,neural_residual_shallow
0.99,0.0,0.9807366546740135,300,2,0.0,2026092702,-20197.78306681315,4,508878.125,-20197.78306681315,-562488.375,-20197.78306681315,300,0.0,1.0,2,0.18202550098374504,neural_residual_shallow
0.9833333333333333,0.0,0.9833251300702492,300,3,0.0,2026092702,-24374.858152669272,4,52141.28515625,-24374.858152669272,-533169.375,-24374.858152669272,300,0.0,1.0,2,0.07834390577235073,neural_residual_shallow
1.0,0.0,0.9954308191935222,300,1,0.0,2026092702,-22650.558255208332,6,-19642.076171875,-22650.558255208332,-31095.6796875,-22650.558255208332,300,0.0,1.0,2,0.05261239445564048,neural_residual_shallow
1.0,0.0,0.9979568711916605,300,2,0.0,2026092702,-22341.060983072915,6,-20186.369140625,-22341.060983072915,-25786.19140625,-22341.060983072915,300,0.0,1.0,2,0.036915288679171376,neural_residual_shallow
1.0,0.0,0.9987439831097921,300,3,0.0,2026092702,-22441.754010416666,6,-19984.583984375,-22441.754010416666,-24038.400390625,-22441.754010416666,300,0.0,1.0,2,0.020239114969896055,neural_residual_shallow
1.0,0.0,0.9081011878947417,300,1,0.0,2026092702,-21003.09012682597,8,28203.36328125,-21003.09012682597,-98927.9453125,-21003.09012682597,300,0.0,1.0,2,0.0612094722892893,neural_residual_shallow
1.0,0.0,0.9055181274811427,300,2,0.0,2026092702,-20531.140282058717,8,47107.25,-20531.140282058717,-76422.125,-20531.140282058717,300,0.0,1.0,2,0.057500807757460914,neural_residual_shallow
0.9966666666666667,0.0,0.9105378817518552,300,3,0.0,2026092702,-22384.335665690105,8,14195.4716796875,-22384.335665690105,-496795.40625,-22384.335665690105,300,0.0,1.0,2,0.07072030586566669,neural_residual_shallow
1.0,0.0,0.9987421586116155,300,1,0.0,2026092702,-22931.140227864584,1,-19074.873046875,-22931.140227864584,-25098.576171875,-22931.140227864584,300,0.0,1.0,3,0.11850328830388357,neural_residual_shallow
0.9966666666666667,0.0,0.9988671799500783,300,2,0.0,2026092702,-22377.433307291667,1,-16658.80859375,-22377.433307291667,-29830.681640625,-22377.433307291667,300,0.0,1.0,3,0.09846295171567099,neural_residual_shallow
0.9933333333333333,0.0,0.9978403655687967,300,3,0.0,2026092702,-22819.563631388348,1,-440.51129150390625,-22819.563631388348,-28203.619140625,-22819.563631388348,300,0.0,1.0,3,0.09915200677312375,neural_residual_shallow
0.94,0.0,0.865618384530147,300,1,0.0,2026092702,-21195.431389770507,3,612900.1875,-21195.431389770507,-441303.46875,-21195.431389770507,300,0.0,1.0,3,0.2618570484589289,neural_residual_shallow
0.9466666666666667,0.0,0.8713305069506169,300,2,0.0,2026092702,-21528.43489250183,3,265072.9375,-21528.43489250183,-97111.40625,-21528.43489250183,300,0.0,1.0,3,0.25193337994717857,neural_residual_shallow
0.9,0.0,0.8631079876050353,300,3,0.0,2026092702,-18159.263392944336,3,492900.09375,-18159.263392944336,-99733.5859375,-18159.263392944336,300,0.0,1.0,3,0.30027877034437533,neural_residual_shallow
0.9766666666666667,0.0,0.9924259837468465,300,1,0.0,2026092702,-23087.82831258138,4,-2014.2171630859375,-23087.82831258138,-63384.9765625,-23087.82831258138,300,0.0,1.0,3,0.0978790835360841,neural_residual_shallow
0.9633333333333334,0.0,0.9915273221333821,300,2,0.0,2026092702,-22005.049450683593,4,163272.875,-22005.049450683593,-29471.982421875,-22005.049450683593,300,0.0,1.0,3,0.12138349141639093,neural_residual_shallow
0.97,0.0,0.9860645049065352,300,3,0.0,2026092702,-23351.807674967447,4,33403.87109375,-23351.807674967447,-303930.8125,-23351.807674967447,300,0.0,1.0,3,0.09967955743818424,neural_residual_shallow
0.99,0.0,0.9995619833469391,300,1,0.0,2026092702,-22036.864798177085,6,-18655.6875,-22036.864798177085,-23398.740234375,-22036.864798177085,300,0.0,1.0,3,0.0329134451563311,neural_residual_shallow
1.0,0.0,0.9995536784331004,300,2,0.0,2026092702,-22094.688385416666,6,-20940.001953125,-22094.688385416666,-23784.7734375,-22094.688385416666,300,0.0,1.0,3,0.02627927982274325,neural_residual_shallow
1.0,0.0,0.9996031298240026,300,3,0.0,2026092702,-22472.7951171875,6,-20929.408203125,-22472.7951171875,-24151.763671875,-22472.7951171875,300,0.0,1.0,3,0.025634826771462338,neural_residual_shallow
0.9366666666666666,0.0,0.8408772169239819,300,1,0.0,2026092702,-17307.98534301758,8,560956.25,-17307.98534301758,-262169.78125,-17307.98534301758,300,0.0,1.0,3,0.32037974130287017,neural_residual_shallow
0.9766666666666667,0.0,0.8444221367438635,300,2,0.0,2026092702,-19846.144803466796,8,541814.9375,-19846.144803466796,-238445.421875,-19846.144803466796,300,0.0,1.0,3,0.3016556912777124,neural_residual_shallow
0.9833333333333333,0.0,0.8163974509636561,300,3,0.0,2026092702,-12324.808023910522,8,617916.3125,-12324.808023910522,-577506.5625,-12324.808023910522,300,0.0,1.0,3,0.3376895364917798,neural_residual_shallow
1.0,0.0,0.9997017898162206,300,1,0.0,2026092702,-12186.958955078126,1,-10876.2939453125,-12186.958955078126,-13452.248046875,-12186.958955078126,300,0.0,1.0,4,0.010764805076799666,neural_residual_shallow
1.0,0.0,0.9996826122204463,300,2,0.0,2026092702,-12152.860891927083,1,-10567.009765625,-12152.860891927083,-13546.9658203125,-12152.860891927083,300,0.0,1.0,4,0.015092456157767442,neural_residual_shallow
1.0,0.0,0.9997086195151011,300,3,0.0,2026092702,-11981.437057291667,1,-10768.1123046875,-11981.437057291667,-13070.76171875,-11981.437057291667,300,0.0,1.0,4,0.02339375795908538,neural_residual_shallow
0.9666666666666667,0.0,0.8342477931827307,300,1,0.0,2026092702,-10820.90757446289,3,606852.0625,-10820.90757446289,-553874.5625,-10820.90757446289,300,0.0,1.0,4,0.31729987801218573,neural_residual_shallow
0.9533333333333334,0.0,0.8177648937702179,300,2,0.0,2026092702,-13117.563010101318,3,543099.8125,-13117.563010101318,-582237.25,-13117.563010101318,300,0.0,1.0,4,0.29307950222223056,neural_residual_shallow
0.9566666666666667,0.0,0.7870791389172276,300,3,0.0,2026092702,-7291.635153617859,3,622686.0,-7291.635153617859,-616600.1875,-7291.635153617859,300,0.0,1.0,4,0.3538186806079391,neural_residual_shallow
1.0,0.0,0.9983373133341471,300,1,0.0,2026092702,-12843.360208333334,4,-10647.2158203125,-12843.360208333334,-15868.83984375,-12843.360208333334,300,0.0,1.0,4,0.01941628228311376,neural_residual_shallow
1.0,0.0,0.9971807022889455,300,2,0.0,2026092702,-12609.797067057292,4,-9167.263671875,-12609.797067057292,-15754.1220703125,-12609.797067057292,300,0.0,1.0,4,0.023619256938971156,neural_residual_shallow
1.0,0.0,0.994736109127601,300,3,0.0,2026092702,-14361.629742838542,4,-10348.0478515625,-14361.629742838542,-509598.1875,-14361.629742838542,300,0.0,1.0,4,0.022720634612520496,neural_residual_shallow
0.99,0.0,0.9805895109474659,300,1,0.0,2026092702,-13043.826184895834,6,163459.546875,-13043.826184895834,-579876.8125,-13043.826184895834,300,0.0,1.0,4,0.11173088924202812,neural_residual_shallow
0.9966666666666667,0.0,0.9744761701424917,300,2,0.0,2026092702,-11046.928647155763,6,16647.359375,-11046.928647155763,-22569.498046875,-11046.928647155763,300,0.0,1.0,4,0.12983144169684535,neural_residual_shallow
1.0,0.0,0.9873833298186461,300,3,0.0,2026092702,-10715.544656575521,6,220832.859375,-10715.544656575521,-18375.380859375,-10715.544656575521,300,0.0,1.0,4,0.09851064342936378,neural_residual_shallow
1.0,0.0,0.8916868689407905,300,1,0.0,2026092702,-8880.49575302124,8,330305.1875,-8880.49575302124,-36389.27734375,-8880.49575302124,300,0.0,1.0,4,0.1584966018824966,neural_residual_shallow
1.0,0.0,0.8893355586131414,300,2,0.0,2026092702,-11499.081474787394,8,42320.04296875,-11499.081474787394,-106413.0390625,-11499.081474787394,300,0.0,1.0,4,0.15905677387154515,neural_residual_shallow
0.99,0.0,0.8946144796411196,300,3,0.0,2026092702,-12472.267841288249,8,23379.1796875,-12472.267841288249,-472079.09375,-12472.267841288249,300,0.0,1.0,4,0.20732065540517497,neural_residual_shallow
1.0,0.0,0.9985529824097952,300,1,0.0,2026092702,-20179.50728515625,1,-17820.69140625,-20179.50728515625,-22284.58984375,-20179.50728515625,300,0.0,1.0,5,0.05228751358114003,neural_residual_shallow
0.9933333333333333,0.0,0.998565810918808,300,2,0.0,2026092702,-20282.956861979168,1,-16371.84765625,-20282.956861979168,-22749.0546875,-20282.956861979168,300,0.0,1.0,5,0.053357693190874245,neural_residual_shallow
0.99,0.0,0.997731768488884,300,3,0.0,2026092702,-20415.447024739584,1,-18463.630859375,-20415.447024739584,-22537.9375,-20415.447024739584,300,0.0,1.0,5,0.05114457869475353,neural_residual_shallow
0.9866666666666667,0.0,0.8766845100124677,300,1,0.0,2026092702,-19625.03742960612,3,16550.4140625,-19625.03742960612,-124709.3515625,-19625.03742960612,300,0.0,1.0,5,0.10356073534591503,neural_residual_shallow
0.9833333333333333,0.0,0.8878560337424278,300,2,0.0,2026092702,-19126.945930887858,3,262821.46875,-19126.945930887858,-76552.3125,-19126.945930887858,300,0.0,1.0,5,0.0866361582058508,neural_residual_shallow
0.9866666666666667,0.0,0.8658727371195952,300,3,0.0,2026092702,-17358.69468465169,3,496442.8125,-17358.69468465169,-270683.96875,-17358.69468465169,300,0.0,1.0,5,0.07881427572506372,neural_residual_shallow
0.9966666666666667,0.0,0.9919818715751171,300,1,0.0,2026092702,-19742.31517578125,4,144524.046875,-19742.31517578125,-153345.0,-19742.31517578125,300,0.0,1.0,5,0.07476494077428497,neural_residual_shallow
0.9933333333333333,0.0,0.9833062568306923,300,2,0.0,2026092702,-21667.58068359375,4,-10637.8173828125,-21667.58068359375,-217863.453125,-21667.58068359375,300,0.0,1.0,5,0.15239302707818503,neural_residual_shallow
0.99,0.0,0.982509353607893,300,3,0.0,2026092702,-21725.051258951822,4,-2253.889404296875,-21725.051258951822,-239948.171875,-21725.051258951822,300,0.0,1.0,5,0.17053375283641137,neural_residual_shallow
1.0,0.0,0.9970015901327133,300,1,0.0,2026092702,-18900.94838541667,6,-16564.119140625,-18900.94838541667,-21957.5,-18900.94838541667,300,0.0,1.0,5,0.11119118438815534,neural_residual_shallow
1.0,0.0,0.9979795678456624,300,2,0.0,2026092702,-18715.40726236979,6,-15966.869140625,-18715.40726236979,-22037.232421875,-18715.40726236979,300,0.0,1.0,5,0.11555171357505867,neural_residual_shallow
0.9966666666666667,0.0,0.9951539301872253,300,3,0.0,2026092702,-18021.071728515624,6,-6698.458984375,-18021.071728515624,-22221.98046875,-18021.071728515624,300,0.0,1.0,5,0.13370148689066919,neural_residual_shallow
0.9933333333333333,0.0,0.9236229381958644,300,1,0.0,2026092702,-20494.906968536376,8,19617.720703125,-20494.906968536376,-282722.0,-20494.906968536376,300,0.0,1.0,5,0.05533284811850536,neural_residual_shallow
0.9833333333333333,0.0,0.9255151661237081,300,2,0.0,2026092702,-20989.74442586263,8,876.0730590820312,-20989.74442586263,-48763.5859375,-20989.74442586263,300,0.0,1.0,5,0.0727467455088523,neural_residual_shallow
0.99,0.0,0.9128801691532135,300,3,0.0,2026092702,-19253.109247233075,8,6383.14892578125,-19253.109247233075,-86005.375,-19253.109247233075,300,0.0,1.0,5,0.0732792454040937,neural_residual_shallow
0.9933333333333333,0.0,0.9921577136218548,300,1,0.0,2026092702,-26914.05865234375,1,-23710.791015625,-26914.05865234375,-34867.8046875,-26914.05865234375,300,0.0,1.0,0,0.09977855878732833,neural_residual_deep
1.0,0.0,0.9969143839677175,300,2,0.0,2026092702,-26997.29896484375,1,-24915.0703125,-26997.29896484375,-29281.009765625,-26997.29896484375,300,0.0,1.0,0,0.09565121599580462,neural_residual_deep
0.9933333333333333,0.0,0.9959728302558263,300,3,0.0,2026092702,-27036.744583333333,1,-17193.962890625,-27036.744583333333,-29216.671875,-27036.744583333333,300,0.0,1.0,0,0.07887452975993514,neural_residual_deep
0.9233333333333333,0.0,0.8407306848093867,300,1,0.0,2026092702,-32599.654809977215,3,599168.375,-32599.654809977215,-621967.875,-32599.654809977215,300,0.0,1.0,0,0.27923616876383295,neural_residual_deep
0.9666666666666667,0.0,0.8427451226736108,300,2,0.0,2026092702,-19893.017174886067,3,578542.5625,-19893.017174886067,-610105.75,-19893.017174886067,300,0.0,1.0,0,0.2503466624804249,neural_residual_deep
0.96,0.0,0.8296312564238906,300,3,0.0,2026092702,-16558.236828918456,3,572646.875,-16558.236828918456,-557283.0625,-16558.236828918456,300,0.0,1.0,0,0.32610343456405955,neural_residual_deep
1.0,0.0,0.996070388952891,300,1,0.0,2026092702,-28011.63046875,4,-24516.6171875,-28011.63046875,-32686.943359375,-28011.63046875,300,0.0,1.0,0,0.04463170785245185,neural_residual_deep
1.0,0.0,0.9986021320025126,300,2,0.0,2026092702,-27672.128684895833,4,-25615.763671875,-27672.128684895833,-29823.333984375,-27672.128684895833,300,0.0,1.0,0,0.04504258937196148,neural_residual_deep
1.0,0.0,0.998875458240509,300,3,0.0,2026092702,-27824.992005208333,4,-25399.595703125,-27824.992005208333,-29762.24609375,-27824.992005208333,300,0.0,1.0,0,0.04206656921091789,neural_residual_deep
0.9933333333333333,0.0,0.990090055714051,300,1,0.0,2026092702,-26924.773723958333,6,-22339.32421875,-26924.773723958333,-128068.515625,-26924.773723958333,300,0.0,1.0,0,0.06792820989621018,neural_residual_deep
1.0,0.0,0.9876185045639674,300,2,0.0,2026092702,-27468.35755859375,6,-20680.72265625,-27468.35755859375,-38947.83984375,-27468.35755859375,300,0.0,1.0,0,0.08523970815362214,neural_residual_deep
0.9966666666666667,0.0,0.9805694196621577,300,3,0.0,2026092702,-26280.906529947915,6,-20889.609375,-26280.906529947915,-32613.501953125,-26280.906529947915,300,0.0,1.0,0,0.06317863634978038,neural_residual_deep
0.9666666666666667,0.0,0.8392215252419313,300,1,0.0,2026092702,-19500.58509174347,8,597359.9375,-19500.58509174347,-202708.546875,-19500.58509174347,300,0.0,1.0,0,0.20672576870076065,neural_residual_deep
0.9833333333333333,0.0,0.860476649403572,300,2,0.0,2026092702,-27325.18803914388,8,23424.271484375,-27325.18803914388,-609270.1875,-27325.18803914388,300,0.0,1.0,0,0.24155846133251102,neural_residual_deep
0.9833333333333333,0.0,0.8545868360002835,300,3,0.0,2026092702,-23919.98753751119,8,580221.0,-23919.98753751119,-559319.3125,-23919.98753751119,300,0.0,1.0,0,0.2399412295235568,neural_residual_deep
0.9966666666666667,0.0,0.9927015282710393,300,1,0.0,2026092702,-21306.525276285807,1,-1809.8533935546875,-21306.525276285807,-25667.486328125,-21306.525276285807,300,0.0,1.0,1,0.07348299052375984,neural_residual_deep
0.9933333333333333,0.0,0.9973381127913793,300,2,0.0,2026092702,-22190.22104817708,1,-17622.93359375,-22190.22104817708,-24787.240234375,-22190.22104817708,300,0.0,1.0,1,0.056258345137029764,neural_residual_deep
0.99,0.0,0.9990472426017125,300,3,0.0,2026092702,-22559.388478190103,1,-4857.29345703125,-22559.388478190103,-25170.203125,-22559.388478190103,300,0.0,1.0,1,0.061753241068975284,neural_residual_deep
0.9766666666666667,0.0,0.8815935239195823,300,1,0.0,2026092702,-21378.820799560548,3,446114.0,-21378.820799560548,-108983.53125,-21378.820799560548,300,0.0,1.0,1,0.23678640621314895,neural_residual_deep
0.9733333333333334,0.0,0.8745111145886282,300,2,0.0,2026092702,-22024.885188395183,3,335975.90625,-22024.885188395183,-556382.25,-22024.885188395183,300,0.0,1.0,1,0.24557878986468962,neural_residual_deep
0.8866666666666667,0.0,0.8518686656405529,300,3,0.0,2026092702,-24257.959638773602,3,611520.1875,-24257.959638773602,-610973.1875,-24257.959638773602,300,0.0,1.0,1,0.33384341957446895,neural_residual_deep
0.9966666666666667,0.0,0.9991894960403442,300,1,0.0,2026092702,-23169.138821614582,4,-20509.126953125,-23169.138821614582,-25406.765625,-23169.138821614582,300,0.0,1.0,1,0.09326295309583355,neural_residual_deep
1.0,0.0,0.9986263140042623,300,2,0.0,2026092702,-22632.316471354166,4,-14038.548828125,-22632.316471354166,-24574.96875,-22632.316471354166,300,0.0,1.0,1,0.09594895731999231,neural_residual_deep
0.9933333333333333,0.0,0.9981225313742955,300,3,0.0,2026092702,-23001.16021077474,4,1132.475341796875,-23001.16021077474,-24915.26171875,-23001.16021077474,300,0.0,1.0,1,0.1223267145518484,neural_residual_deep
0.9933333333333333,0.0,0.9948582658171654,300,1,0.0,2026092702,-23038.641243489583,6,-15437.158203125,-23038.641243489583,-270619.1875,-23038.641243489583,300,0.0,1.0,1,0.0767998313963768,neural_residual_deep
0.9966666666666667,0.0,0.9939415416121483,300,2,0.0,2026092702,-22659.027272135416,6,-13901.150390625,-22659.027272135416,-237097.1875,-22659.027272135416,300,0.0,1.0,1,0.0778386581256525,neural_residual_deep
0.9833333333333333,0.0,0.9923021006087462,300,3,0.0,2026092702,-22575.722891438803,6,-3095.299072265625,-22575.722891438803,-172514.359375,-22575.722891438803,300,0.0,1.0,1,0.15443356316038848,neural_residual_deep
0.9433333333333334,0.0,0.8593488229314487,300,1,0.0,2026092702,-20772.708798828124,8,450508.75,-20772.708798828124,-226374.15625,-20772.708798828124,300,0.0,1.0,1,0.3025057779990924,neural_residual_deep
0.94,0.0,0.8749892761806647,300,2,0.0,2026092702,-21225.562836812336,8,4392.654296875,-21225.562836812336,-204099.90625,-21225.562836812336,300,0.0,1.0,1,0.2984627449200272,neural_residual_deep
0.9533333333333334,0.0,0.8787944091359774,300,3,0.0,2026092702,-19687.938111012776,8,541056.9375,-19687.938111012776,-396135.09375,-19687.938111012776,300,0.0,1.0,1,0.30370103531217396,neural_residual_deep
0.9966666666666667,0.0,0.9987207810084026,300,1,0.0,2026092702,-22064.192858072918,1,-19434.201171875,-22064.192858072918,-24899.802734375,-22064.192858072918,300,0.0,1.0,2,0.04867126601612437,neural_residual_deep
1.0,0.0,0.9987414896488189,300,2,0.0,2026092702,-21583.2346875,1,-18921.12890625,-21583.2346875,-23712.373046875,-21583.2346875,300,0.0,1.0,2,0.047488444793219675,neural_residual_deep
1.0,0.0,0.9984172634283701,300,3,0.0,2026092702,-22135.415572916667,1,-19751.6796875,-22135.415572916667,-24196.537109375,-22135.415572916667,300,0.0,1.0,2,0.05561910417564819,neural_residual_deep
0.9866666666666667,0.0,0.8800891214609146,300,1,0.0,2026092702,-22153.40174621582,3,80448.65625,-22153.40174621582,-95076.3046875,-22153.40174621582,300,0.0,1.0,2,0.15434606340874024,neural_residual_deep
0.9933333333333333,0.0,0.877268965219458,300,2,0.0,2026092702,-21170.907107289633,3,12866.681640625,-21170.907107289633,-106148.5234375,-21170.907107289633,300,0.0,1.0,2,0.14967626688734825,neural_residual_deep
0.9833333333333333,0.0,0.8882330258687338,300,3,0.0,2026092702,-19384.25474866231,3,489075.03125,-19384.25474866231,-99052.359375,-19384.25474866231,300,0.0,1.0,2,0.1867376509706702,neural_residual_deep
0.97,0.0,0.9545144002139568,300,1,0.0,2026092702,-15601.102389322916,4,488752.28125,-15601.102389322916,-503510.03125,-15601.102389322916,300,0.0,1.0,2,0.12575921301275528,neural_residual_deep
0.9866666666666667,0.0,0.9807366546740135,300,2,0.0,2026092702,-20197.78306681315,4,508878.125,-20197.78306681315,-562488.375,-20197.78306681315,300,0.0,1.0,2,0.1840263327762004,neural_residual_deep
0.9833333333333333,0.0,0.9833251300702492,300,3,0.0,2026092702,-24374.858152669272,4,52141.28515625,-24374.858152669272,-533169.375,-24374.858152669272,300,0.0,1.0,2,0.0671285324086488,neural_residual_deep
1.0,0.0,0.9954308191935222,300,1,0.0,2026092702,-22650.558255208332,6,-19642.076171875,-22650.558255208332,-31095.6796875,-22650.558255208332,300,0.0,1.0,2,0.05434314050391931,neural_residual_deep
1.0,0.0,0.9979568711916605,300,2,0.0,2026092702,-22341.060983072915,6,-20186.369140625,-22341.060983072915,-25786.19140625,-22341.060983072915,300,0.0,1.0,2,0.035094250587033304,neural_residual_deep
1.0,0.0,0.9987439831097921,300,3,0.0,2026092702,-22441.754010416666,6,-19984.583984375,-22441.754010416666,-24038.400390625,-22441.754010416666,300,0.0,1.0,2,0.019632289212327292,neural_residual_deep
1.0,0.0,0.9081011878947417,300,1,0.0,2026092702,-21003.09012682597,8,28203.36328125,-21003.09012682597,-98927.9453125,-21003.09012682597,300,0.0,1.0,2,0.07512622650792611,neural_residual_deep
0.9966666666666667,0.0,0.9055181274811427,300,2,0.0,2026092702,-20531.140282058717,8,47107.25,-20531.140282058717,-76422.125,-20531.140282058717,300,0.0,1.0,2,0.07222447823860889,neural_residual_deep
1.0,0.0,0.9105378817518552,300,3,0.0,2026092702,-22384.335665690105,8,14195.4716796875,-22384.335665690105,-496795.40625,-22384.335665690105,300,0.0,1.0,2,0.0910473655609414,neural_residual_deep
1.0,0.0,0.9987421586116155,300,1,0.0,2026092702,-22931.140227864584,1,-19074.873046875,-22931.140227864584,-25098.576171875,-22931.140227864584,300,0.0,1.0,3,0.10272622170018209,neural_residual_deep
0.9966666666666667,0.0,0.9988671799500783,300,2,0.0,2026092702,-22377.433307291667,1,-16658.80859375,-22377.433307291667,-29830.681640625,-22377.433307291667,300,0.0,1.0,3,0.09681420624139103,neural_residual_deep
0.9933333333333333,0.0,0.9978403655687967,300,3,0.0,2026092702,-22819.563631388348,1,-440.51129150390625,-22819.563631388348,-28203.619140625,-22819.563631388348,300,0.0,1.0,3,0.0947247314635613,neural_residual_deep
0.94,0.0,0.865618384530147,300,1,0.0,2026092702,-21195.431389770507,3,612900.1875,-21195.431389770507,-441303.46875,-21195.431389770507,300,0.0,1.0,3,0.2842599557181864,neural_residual_deep
0.9366666666666666,0.0,0.8713305069506169,300,2,0.0,2026092702,-21528.43489250183,3,265072.9375,-21528.43489250183,-97111.40625,-21528.43489250183,300,0.0,1.0,3,0.27806976562182495,neural_residual_deep
0.9166666666666666,0.0,0.8631079876050353,300,3,0.0,2026092702,-18159.263392944336,3,492900.09375,-18159.263392944336,-99733.5859375,-18159.263392944336,300,0.0,1.0,3,0.31885352532134936,neural_residual_deep
0.9733333333333334,0.0,0.9924259837468465,300,1,0.0,2026092702,-23087.82831258138,4,-2014.2171630859375,-23087.82831258138,-63384.9765625,-23087.82831258138,300,0.0,1.0,3,0.0985824455581612,neural_residual_deep
0.9533333333333334,0.0,0.9915273221333821,300,2,0.0,2026092702,-22005.049450683593,4,163272.875,-22005.049450683593,-29471.982421875,-22005.049450683593,300,0.0,1.0,3,0.12420361587052975,neural_residual_deep
0.9666666666666667,0.0,0.9860645049065352,300,3,0.0,2026092702,-23351.807674967447,4,33403.87109375,-23351.807674967447,-303930.8125,-23351.807674967447,300,0.0,1.0,3,0.09996935481549174,neural_residual_deep
0.99,0.0,0.9995619833469391,300,1,0.0,2026092702,-22036.864798177085,6,-18655.6875,-22036.864798177085,-23398.740234375,-22036.864798177085,300,0.0,1.0,3,0.03515370057454659,neural_residual_deep
1.0,0.0,0.9995536784331004,300,2,0.0,2026092702,-22094.688385416666,6,-20940.001953125,-22094.688385416666,-23784.7734375,-22094.688385416666,300,0.0,1.0,3,0.028030888153173228,neural_residual_deep
1.0,0.0,0.9996031298240026,300,3,0.0,2026092702,-22472.7951171875,6,-20929.408203125,-22472.7951171875,-24151.763671875,-22472.7951171875,300,0.0,1.0,3,0.02699206757952788,neural_residual_deep
0.94,0.0,0.8408772169239819,300,1,0.0,2026092702,-17307.98534301758,8,560956.25,-17307.98534301758,-262169.78125,-17307.98534301758,300,0.0,1.0,3,0.3233148498868068,neural_residual_deep
0.9833333333333333,0.0,0.8444221367438635,300,2,0.0,2026092702,-19846.144803466796,8,541814.9375,-19846.144803466796,-238445.421875,-19846.144803466796,300,0.0,1.0,3,0.30453113999030956,neural_residual_deep
0.9833333333333333,0.0,0.8163974509636561,300,3,0.0,2026092702,-12324.808023910522,8,617916.3125,-12324.808023910522,-577506.5625,-12324.808023910522,300,0.0,1.0,3,0.3339086669462198,neural_residual_deep
1.0,0.0,0.9997017898162206,300,1,0.0,2026092702,-12186.958955078126,1,-10876.2939453125,-12186.958955078126,-13452.248046875,-12186.958955078126,300,0.0,1.0,4,0.008189728720619405,neural_residual_deep
1.0,0.0,0.9996826122204463,300,2,0.0,2026092702,-12152.860891927083,1,-10567.009765625,-12152.860891927083,-13546.9658203125,-12152.860891927083,300,0.0,1.0,4,0.01195166283709348,neural_residual_deep
1.0,0.0,0.9997086195151011,300,3,0.0,2026092702,-11981.437057291667,1,-10768.1123046875,-11981.437057291667,-13070.76171875,-11981.437057291667,300,0.0,1.0,4,0.01662663659235064,neural_residual_deep
0.9533333333333334,0.0,0.8342477931827307,300,1,0.0,2026092702,-10820.90757446289,3,606852.0625,-10820.90757446289,-553874.5625,-10820.90757446289,300,0.0,1.0,4,0.3142822293474662,neural_residual_deep
0.95,0.0,0.8177648937702179,300,2,0.0,2026092702,-13117.563010101318,3,543099.8125,-13117.563010101318,-582237.25,-13117.563010101318,300,0.0,1.0,4,0.28305207984550096,neural_residual_deep
0.9533333333333334,0.0,0.7870791389172276,300,3,0.0,2026092702,-7291.635153617859,3,622686.0,-7291.635153617859,-616600.1875,-7291.635153617859,300,0.0,1.0,4,0.3331847497196835,neural_residual_deep
1.0,0.0,0.9983373133341471,300,1,0.0,2026092702,-12843.360208333334,4,-10647.2158203125,-12843.360208333334,-15868.83984375,-12843.360208333334,300,0.0,1.0,4,0.016136923668612635,neural_residual_deep
1.0,0.0,0.9971807022889455,300,2,0.0,2026092702,-12609.797067057292,4,-9167.263671875,-12609.797067057292,-15754.1220703125,-12609.797067057292,300,0.0,1.0,4,0.019402310289284963,neural_residual_deep
1.0,0.0,0.994736109127601,300,3,0.0,2026092702,-14361.629742838542,4,-10348.0478515625,-14361.629742838542,-509598.1875,-14361.629742838542,300,0.0,1.0,4,0.019959770081945938,neural_residual_deep
1.0,0.0,0.9805895109474659,300,1,0.0,2026092702,-13043.826184895834,6,163459.546875,-13043.826184895834,-579876.8125,-13043.826184895834,300,0.0,1.0,4,0.10893148123295904,neural_residual_deep
0.9966666666666667,0.0,0.9744761701424917,300,2,0.0,2026092702,-11046.928647155763,6,16647.359375,-11046.928647155763,-22569.498046875,-11046.928647155763,300,0.0,1.0,4,0.12607008400648334,neural_residual_deep
1.0,0.0,0.9873833298186461,300,3,0.0,2026092702,-10715.544656575521,6,220832.859375,-10715.544656575521,-18375.380859375,-10715.544656575521,300,0.0,1.0,4,0.09725950919926207,neural_residual_deep
1.0,0.0,0.8916868689407905,300,1,0.0,2026092702,-8880.49575302124,8,330305.1875,-8880.49575302124,-36389.27734375,-8880.49575302124,300,0.0,1.0,4,0.16674423329493404,neural_residual_deep
1.0,0.0,0.8893355586131414,300,2,0.0,2026092702,-11499.081474787394,8,42320.04296875,-11499.081474787394,-106413.0390625,-11499.081474787394,300,0.0,1.0,4,0.16669555495479804,neural_residual_deep
0.99,0.0,0.8946144796411196,300,3,0.0,2026092702,-12472.267841288249,8,23379.1796875,-12472.267841288249,-472079.09375,-12472.267841288249,300,0.0,1.0,4,0.20330865367001583,neural_residual_deep
1.0,0.0,0.9985529824097952,300,1,0.0,2026092702,-20179.50728515625,1,-17820.69140625,-20179.50728515625,-22284.58984375,-20179.50728515625,300,0.0,1.0,5,0.06039929547676659,neural_residual_deep
0.9933333333333333,0.0,0.998565810918808,300,2,0.0,2026092702,-20282.956861979168,1,-16371.84765625,-20282.956861979168,-22749.0546875,-20282.956861979168,300,0.0,1.0,5,0.046075817609698255,neural_residual_deep
0.99,0.0,0.997731768488884,300,3,0.0,2026092702,-20415.447024739584,1,-18463.630859375,-20415.447024739584,-22537.9375,-20415.447024739584,300,0.0,1.0,5,0.056298300213797225,neural_residual_deep
0.9833333333333333,0.0,0.8766845100124677,300,1,0.0,2026092702,-19625.03742960612,3,16550.4140625,-19625.03742960612,-124709.3515625,-19625.03742960612,300,0.0,1.0,5,0.10874424925808579,neural_residual_deep
0.9833333333333333,0.0,0.8878560337424278,300,2,0.0,2026092702,-19126.945930887858,3,262821.46875,-19126.945930887858,-76552.3125,-19126.945930887858,300,0.0,1.0,5,0.0958668552767643,neural_residual_deep
0.9866666666666667,0.0,0.8658727371195952,300,3,0.0,2026092702,-17358.69468465169,3,496442.8125,-17358.69468465169,-270683.96875,-17358.69468465169,300,0.0,1.0,5,0.08047095582946628,neural_residual_deep
0.9933333333333333,0.0,0.9919818715751171,300,1,0.0,2026092702,-19742.31517578125,4,144524.046875,-19742.31517578125,-153345.0,-19742.31517578125,300,0.0,1.0,5,0.07374916315116553,neural_residual_deep
0.99,0.0,0.9833062568306923,300,2,0.0,2026092702,-21667.58068359375,4,-10637.8173828125,-21667.58068359375,-217863.453125,-21667.58068359375,300,0.0,1.0,5,0.14053268397854002,neural_residual_deep
0.99,0.0,0.982509353607893,300,3,0.0,2026092702,-21725.051258951822,4,-2253.889404296875,-21725.051258951822,-239948.171875,-21725.051258951822,300,0.0,1.0,5,0.1575029952810244,neural_residual_deep
1.0,0.0,0.9970015901327133,300,1,0.0,2026092702,-18900.94838541667,6,-16564.119140625,-18900.94838541667,-21957.5,-18900.94838541667,300,0.0,1.0,5,0.12850706784913857,neural_residual_deep
1.0,0.0,0.9979795678456624,300,2,0.0,2026092702,-18715.40726236979,6,-15966.869140625,-18715.40726236979,-22037.232421875,-18715.40726236979,300,0.0,1.0,5,0.11616789986150056,neural_residual_deep
0.9966666666666667,0.0,0.9951539301872253,300,3,0.0,2026092702,-18021.071728515624,6,-6698.458984375,-18021.071728515624,-22221.98046875,-18021.071728515624,300,0.0,1.0,5,0.14917911277852114,neural_residual_deep
0.9933333333333333,0.0,0.9236229381958644,300,1,0.0,2026092702,-20494.906968536376,8,19617.720703125,-20494.906968536376,-282722.0,-20494.906968536376,300,0.0,1.0,5,0.05545804701742507,neural_residual_deep
0.9833333333333333,0.0,0.9255151661237081,300,2,0.0,2026092702,-20989.74442586263,8,876.0730590820312,-20989.74442586263,-48763.5859375,-20989.74442586263,300,0.0,1.0,5,0.0706370901299852,neural_residual_deep
0.99,0.0,0.9128801691532135,300,3,0.0,2026092702,-19253.109247233075,8,6383.14892578125,-19253.109247233075,-86005.375,-19253.109247233075,300,0.0,1.0,5,0.07012049290554978,neural_residual_deep
0.9933333333333333,0.0,0.9921577136218548,300,1,0.0,2026092703,-26914.05865234375,1,-23710.791015625,-26914.05865234375,-34867.8046875,-26914.05865234375,300,0.0,1.0,0,0.10547273546682356,neural_residual_shallow
1.0,0.0,0.9969143839677175,300,2,0.0,2026092703,-26997.29896484375,1,-24915.0703125,-26997.29896484375,-29281.009765625,-26997.29896484375,300,0.0,1.0,0,0.10295533976384785,neural_residual_shallow
0.9933333333333333,0.0,0.9959728302558263,300,3,0.0,2026092703,-27036.744583333333,1,-17193.962890625,-27036.744583333333,-29216.671875,-27036.744583333333,300,0.0,1.0,0,0.07316471815346537,neural_residual_shallow
0.9433333333333334,0.0,0.8407306848093867,300,1,0.0,2026092703,-32599.654809977215,3,599168.375,-32599.654809977215,-621967.875,-32599.654809977215,300,0.0,1.0,0,0.2864150587381772,neural_residual_shallow
0.9666666666666667,0.0,0.8427451226736108,300,2,0.0,2026092703,-19893.017174886067,3,578542.5625,-19893.017174886067,-610105.75,-19893.017174886067,300,0.0,1.0,0,0.2857827055864771,neural_residual_shallow
0.95,0.0,0.8296312564238906,300,3,0.0,2026092703,-16558.236828918456,3,572646.875,-16558.236828918456,-557283.0625,-16558.236828918456,300,0.0,1.0,0,0.37849165650153094,neural_residual_shallow
1.0,0.0,0.996070388952891,300,1,0.0,2026092703,-28011.63046875,4,-24516.6171875,-28011.63046875,-32686.943359375,-28011.63046875,300,0.0,1.0,0,0.05234769258766614,neural_residual_shallow
1.0,0.0,0.9986021320025126,300,2,0.0,2026092703,-27672.128684895833,4,-25615.763671875,-27672.128684895833,-29823.333984375,-27672.128684895833,300,0.0,1.0,0,0.05508688245878268,neural_residual_shallow
1.0,0.0,0.998875458240509,300,3,0.0,2026092703,-27824.992005208333,4,-25399.595703125,-27824.992005208333,-29762.24609375,-27824.992005208333,300,0.0,1.0,0,0.05285020290079856,neural_residual_shallow
0.9966666666666667,0.0,0.990090055714051,300,1,0.0,2026092703,-26924.773723958333,6,-22339.32421875,-26924.773723958333,-128068.515625,-26924.773723958333,300,0.0,1.0,0,0.0871708194999562,neural_residual_shallow
1.0,0.0,0.9876185045639674,300,2,0.0,2026092703,-27468.35755859375,6,-20680.72265625,-27468.35755859375,-38947.83984375,-27468.35755859375,300,0.0,1.0,0,0.09199492123263375,neural_residual_shallow
0.9966666666666667,0.0,0.9805694196621577,300,3,0.0,2026092703,-26280.906529947915,6,-20889.609375,-26280.906529947915,-32613.501953125,-26280.906529947915,300,0.0,1.0,0,0.08243424575740854,neural_residual_shallow
0.9733333333333334,0.0,0.8392215252419313,300,1,0.0,2026092703,-19500.58509174347,8,597359.9375,-19500.58509174347,-202708.546875,-19500.58509174347,300,0.0,1.0,0,0.2647112946710459,neural_residual_shallow
0.9733333333333334,0.0,0.860476649403572,300,2,0.0,2026092703,-27325.18803914388,8,23424.271484375,-27325.18803914388,-609270.1875,-27325.18803914388,300,0.0,1.0,0,0.2826301609721118,neural_residual_shallow
0.97,0.0,0.8545868360002835,300,3,0.0,2026092703,-23919.98753751119,8,580221.0,-23919.98753751119,-559319.3125,-23919.98753751119,300,0.0,1.0,0,0.31091087029108755,neural_residual_shallow
1.0,0.0,0.9927015282710393,300,1,0.0,2026092703,-21306.525276285807,1,-1809.8533935546875,-21306.525276285807,-25667.486328125,-21306.525276285807,300,0.0,1.0,1,0.0921424595353082,neural_residual_shallow
0.9933333333333333,0.0,0.9973381127913793,300,2,0.0,2026092703,-22190.22104817708,1,-17622.93359375,-22190.22104817708,-24787.240234375,-22190.22104817708,300,0.0,1.0,1,0.06091766489315531,neural_residual_shallow
0.99,0.0,0.9990472426017125,300,3,0.0,2026092703,-22559.388478190103,1,-4857.29345703125,-22559.388478190103,-25170.203125,-22559.388478190103,300,0.0,1.0,1,0.07566564503553663,neural_residual_shallow
0.9733333333333334,0.0,0.8815935239195823,300,1,0.0,2026092703,-21378.820799560548,3,446114.0,-21378.820799560548,-108983.53125,-21378.820799560548,300,0.0,1.0,1,0.29053084413489993,neural_residual_shallow
0.9666666666666667,0.0,0.8745111145886282,300,2,0.0,2026092703,-22024.885188395183,3,335975.90625,-22024.885188395183,-556382.25,-22024.885188395183,300,0.0,1.0,1,0.28419672996625933,neural_residual_shallow
0.9033333333333333,0.0,0.8518686656405529,300,3,0.0,2026092703,-24257.959638773602,3,611520.1875,-24257.959638773602,-610973.1875,-24257.959638773602,300,0.0,1.0,1,0.38957104827973166,neural_residual_shallow
0.9966666666666667,0.0,0.9991894960403442,300,1,0.0,2026092703,-23169.138821614582,4,-20509.126953125,-23169.138821614582,-25406.765625,-23169.138821614582,300,0.0,1.0,1,0.13109433248951585,neural_residual_shallow
1.0,0.0,0.9986263140042623,300,2,0.0,2026092703,-22632.316471354166,4,-14038.548828125,-22632.316471354166,-24574.96875,-22632.316471354166,300,0.0,1.0,1,0.18680519253191752,neural_residual_shallow
0.9933333333333333,0.0,0.9981225313742955,300,3,0.0,2026092703,-23001.16021077474,4,1132.475341796875,-23001.16021077474,-24915.26171875,-23001.16021077474,300,0.0,1.0,1,0.17537782607394892,neural_residual_shallow
0.99,0.0,0.9948582658171654,300,1,0.0,2026092703,-23038.641243489583,6,-15437.158203125,-23038.641243489583,-270619.1875,-23038.641243489583,300,0.0,1.0,1,0.10491654400455663,neural_residual_shallow
0.99,0.0,0.9939415416121483,300,2,0.0,2026092703,-22659.027272135416,6,-13901.150390625,-22659.027272135416,-237097.1875,-22659.027272135416,300,0.0,1.0,1,0.11514868613946672,neural_residual_shallow
0.9866666666666667,0.0,0.9923021006087462,300,3,0.0,2026092703,-22575.722891438803,6,-3095.299072265625,-22575.722891438803,-172514.359375,-22575.722891438803,300,0.0,1.0,1,0.21182625521094667,neural_residual_shallow
0.9633333333333334,0.0,0.8593488229314487,300,1,0.0,2026092703,-20772.708798828124,8,450508.75,-20772.708798828124,-226374.15625,-20772.708798828124,300,0.0,1.0,1,0.2822106541240684,neural_residual_shallow
0.96,0.0,0.8749892761806647,300,2,0.0,2026092703,-21225.562836812336,8,4392.654296875,-21225.562836812336,-204099.90625,-21225.562836812336,300,0.0,1.0,1,0.28822011497364275,neural_residual_shallow
0.9533333333333334,0.0,0.8787944091359774,300,3,0.0,2026092703,-19687.938111012776,8,541056.9375,-19687.938111012776,-396135.09375,-19687.938111012776,300,0.0,1.0,1,0.30543265054360935,neural_residual_shallow
1.0,0.0,0.9987207810084026,300,1,0.0,2026092703,-22064.192858072918,1,-19434.201171875,-22064.192858072918,-24899.802734375,-22064.192858072918,300,0.0,1.0,2,0.04280077626444401,neural_residual_shallow
1.0,0.0,0.9987414896488189,300,2,0.0,2026092703,-21583.2346875,1,-18921.12890625,-21583.2346875,-23712.373046875,-21583.2346875,300,0.0,1.0,2,0.04295237320330958,neural_residual_shallow
0.9966666666666667,0.0,0.9984172634283701,300,3,0.0,2026092703,-22135.415572916667,1,-19751.6796875,-22135.415572916667,-24196.537109375,-22135.415572916667,300,0.0,1.0,2,0.050739704678111175,neural_residual_shallow
0.9833333333333333,0.0,0.8800891214609146,300,1,0.0,2026092703,-22153.40174621582,3,80448.65625,-22153.40174621582,-95076.3046875,-22153.40174621582,300,0.0,1.0,2,0.15369255105615587,neural_residual_shallow
0.9933333333333333,0.0,0.877268965219458,300,2,0.0,2026092703,-21170.907107289633,3,12866.681640625,-21170.907107289633,-106148.5234375,-21170.907107289633,300,0.0,1.0,2,0.16183601124724678,neural_residual_shallow
0.99,0.0,0.8882330258687338,300,3,0.0,2026092703,-19384.25474866231,3,489075.03125,-19384.25474866231,-99052.359375,-19384.25474866231,300,0.0,1.0,2,0.1761719038269829,neural_residual_shallow
0.9633333333333334,0.0,0.9545144002139568,300,1,0.0,2026092703,-15601.102389322916,4,488752.28125,-15601.102389322916,-503510.03125,-15601.102389322916,300,0.0,1.0,2,0.1563219918449794,neural_residual_shallow
0.99,0.0,0.9807366546740135,300,2,0.0,2026092703,-20197.78306681315,4,508878.125,-20197.78306681315,-562488.375,-20197.78306681315,300,0.0,1.0,2,0.16871946845224217,neural_residual_shallow
0.98,0.0,0.9833251300702492,300,3,0.0,2026092703,-24374.858152669272,4,52141.28515625,-24374.858152669272,-533169.375,-24374.858152669272,300,0.0,1.0,2,0.08004533872050779,neural_residual_shallow
1.0,0.0,0.9954308191935222,300,1,0.0,2026092703,-22650.558255208332,6,-19642.076171875,-22650.558255208332,-31095.6796875,-22650.558255208332,300,0.0,1.0,2,0.03617904033852892,neural_residual_shallow
1.0,0.0,0.9979568711916605,300,2,0.0,2026092703,-22341.060983072915,6,-20186.369140625,-22341.060983072915,-25786.19140625,-22341.060983072915,300,0.0,1.0,2,0.03238153061782367,neural_residual_shallow
1.0,0.0,0.9987439831097921,300,3,0.0,2026092703,-22441.754010416666,6,-19984.583984375,-22441.754010416666,-24038.400390625,-22441.754010416666,300,0.0,1.0,2,0.012762855059825773,neural_residual_shallow
0.9966666666666667,0.0,0.9081011878947417,300,1,0.0,2026092703,-21003.09012682597,8,28203.36328125,-21003.09012682597,-98927.9453125,-21003.09012682597,300,0.0,1.0,2,0.0743387896231339,neural_residual_shallow
1.0,0.0,0.9055181274811427,300,2,0.0,2026092703,-20531.140282058717,8,47107.25,-20531.140282058717,-76422.125,-20531.140282058717,300,0.0,1.0,2,0.07215663501377279,neural_residual_shallow
0.9966666666666667,0.0,0.9105378817518552,300,3,0.0,2026092703,-22384.335665690105,8,14195.4716796875,-22384.335665690105,-496795.40625,-22384.335665690105,300,0.0,1.0,2,0.0943242895544738,neural_residual_shallow
0.9966666666666667,0.0,0.9987421586116155,300,1,0.0,2026092703,-22931.140227864584,1,-19074.873046875,-22931.140227864584,-25098.576171875,-22931.140227864584,300,0.0,1.0,3,0.16828695077645495,neural_residual_shallow
0.9966666666666667,0.0,0.9988671799500783,300,2,0.0,2026092703,-22377.433307291667,1,-16658.80859375,-22377.433307291667,-29830.681640625,-22377.433307291667,300,0.0,1.0,3,0.12814411376458046,neural_residual_shallow
1.0,0.0,0.9978403655687967,300,3,0.0,2026092703,-22819.563631388348,1,-440.51129150390625,-22819.563631388348,-28203.619140625,-22819.563631388348,300,0.0,1.0,3,0.13136304122015163,neural_residual_shallow
0.9433333333333334,0.0,0.865618384530147,300,1,0.0,2026092703,-21195.431389770507,3,612900.1875,-21195.431389770507,-441303.46875,-21195.431389770507,300,0.0,1.0,3,0.3172258366828101,neural_residual_shallow
0.9166666666666666,0.0,0.8713305069506169,300,2,0.0,2026092703,-21528.43489250183,3,265072.9375,-21528.43489250183,-97111.40625,-21528.43489250183,300,0.0,1.0,3,0.32246756612782446,neural_residual_shallow
0.92,0.0,0.8631079876050353,300,3,0.0,2026092703,-18159.263392944336,3,492900.09375,-18159.263392944336,-99733.5859375,-18159.263392944336,300,0.0,1.0,3,0.35838465000095054,neural_residual_shallow
0.97,0.0,0.9924259837468465,300,1,0.0,2026092703,-23087.82831258138,4,-2014.2171630859375,-23087.82831258138,-63384.9765625,-23087.82831258138,300,0.0,1.0,3,0.10869750443162396,neural_residual_shallow
0.96,0.0,0.9915273221333821,300,2,0.0,2026092703,-22005.049450683593,4,163272.875,-22005.049450683593,-29471.982421875,-22005.049450683593,300,0.0,1.0,3,0.1271760102424465,neural_residual_shallow
0.9633333333333334,0.0,0.9860645049065352,300,3,0.0,2026092703,-23351.807674967447,4,33403.87109375,-23351.807674967447,-303930.8125,-23351.807674967447,300,0.0,1.0,3,0.10498091831246004,neural_residual_shallow
0.99,0.0,0.9995619833469391,300,1,0.0,2026092703,-22036.864798177085,6,-18655.6875,-22036.864798177085,-23398.740234375,-22036.864798177085,300,0.0,1.0,3,0.04991835869532668,neural_residual_shallow
1.0,0.0,0.9995536784331004,300,2,0.0,2026092703,-22094.688385416666,6,-20940.001953125,-22094.688385416666,-23784.7734375,-22094.688385416666,300,0.0,1.0,3,0.035150253322586034,neural_residual_shallow
1.0,0.0,0.9996031298240026,300,3,0.0,2026092703,-22472.7951171875,6,-20929.408203125,-22472.7951171875,-24151.763671875,-22472.7951171875,300,0.0,1.0,3,0.03548617424947209,neural_residual_shallow
0.96,0.0,0.8408772169239819,300,1,0.0,2026092703,-17307.98534301758,8,560956.25,-17307.98534301758,-262169.78125,-17307.98534301758,300,0.0,1.0,3,0.4175076391602729,neural_residual_shallow
0.9866666666666667,0.0,0.8444221367438635,300,2,0.0,2026092703,-19846.144803466796,8,541814.9375,-19846.144803466796,-238445.421875,-19846.144803466796,300,0.0,1.0,3,0.40503821360757886,neural_residual_shallow
0.99,0.0,0.8163974509636561,300,3,0.0,2026092703,-12324.808023910522,8,617916.3125,-12324.808023910522,-577506.5625,-12324.808023910522,300,0.0,1.0,3,0.4301717270210762,neural_residual_shallow
1.0,0.0,0.9997017898162206,300,1,0.0,2026092703,-12186.958955078126,1,-10876.2939453125,-12186.958955078126,-13452.248046875,-12186.958955078126,300,0.0,1.0,4,0.01334916902004013,neural_residual_shallow
1.0,0.0,0.9996826122204463,300,2,0.0,2026092703,-12152.860891927083,1,-10567.009765625,-12152.860891927083,-13546.9658203125,-12152.860891927083,300,0.0,1.0,4,0.018731964995789552,neural_residual_shallow
1.0,0.0,0.9997086195151011,300,3,0.0,2026092703,-11981.437057291667,1,-10768.1123046875,-11981.437057291667,-13070.76171875,-11981.437057291667,300,0.0,1.0,4,0.027578529515705608,neural_residual_shallow
0.9633333333333334,0.0,0.8342477931827307,300,1,0.0,2026092703,-10820.90757446289,3,606852.0625,-10820.90757446289,-553874.5625,-10820.90757446289,300,0.0,1.0,4,0.36892244741224856,neural_residual_shallow
0.95,0.0,0.8177648937702179,300,2,0.0,2026092703,-13117.563010101318,3,543099.8125,-13117.563010101318,-582237.25,-13117.563010101318,300,0.0,1.0,4,0.34276263653215255,neural_residual_shallow
0.9366666666666666,0.0,0.7870791389172276,300,3,0.0,2026092703,-7291.635153617859,3,622686.0,-7291.635153617859,-616600.1875,-7291.635153617859,300,0.0,1.0,4,0.3833358809678996,neural_residual_shallow
1.0,0.0,0.9983373133341471,300,1,0.0,2026092703,-12843.360208333334,4,-10647.2158203125,-12843.360208333334,-15868.83984375,-12843.360208333334,300,0.0,1.0,4,0.026540179744024117,neural_residual_shallow
1.0,0.0,0.9971807022889455,300,2,0.0,2026092703,-12609.797067057292,4,-9167.263671875,-12609.797067057292,-15754.1220703125,-12609.797067057292,300,0.0,1.0,4,0.034853040764562415,neural_residual_shallow
0.9966666666666667,0.0,0.994736109127601,300,3,0.0,2026092703,-14361.629742838542,4,-10348.0478515625,-14361.629742838542,-509598.1875,-14361.629742838542,300,0.0,1.0,4,0.03203166313920214,neural_residual_shallow
0.9966666666666667,0.0,0.9805895109474659,300,1,0.0,2026092703,-13043.826184895834,6,163459.546875,-13043.826184895834,-579876.8125,-13043.826184895834,300,0.0,1.0,4,0.12226980330721726,neural_residual_shallow
0.9966666666666667,0.0,0.9744761701424917,300,2,0.0,2026092703,-11046.928647155763,6,16647.359375,-11046.928647155763,-22569.498046875,-11046.928647155763,300,0.0,1.0,4,0.14426512948011794,neural_residual_shallow
0.9966666666666667,0.0,0.9873833298186461,300,3,0.0,2026092703,-10715.544656575521,6,220832.859375,-10715.544656575521,-18375.380859375,-10715.544656575521,300,0.0,1.0,4,0.10070923968916234,neural_residual_shallow
1.0,0.0,0.8916868689407905,300,1,0.0,2026092703,-8880.49575302124,8,330305.1875,-8880.49575302124,-36389.27734375,-8880.49575302124,300,0.0,1.0,4,0.17433687677660648,neural_residual_shallow
0.9966666666666667,0.0,0.8893355586131414,300,2,0.0,2026092703,-11499.081474787394,8,42320.04296875,-11499.081474787394,-106413.0390625,-11499.081474787394,300,0.0,1.0,4,0.17766197526433647,neural_residual_shallow
0.99,0.0,0.8946144796411196,300,3,0.0,2026092703,-12472.267841288249,8,23379.1796875,-12472.267841288249,-472079.09375,-12472.267841288249,300,0.0,1.0,4,0.21452108809846893,neural_residual_shallow
1.0,0.0,0.9985529824097952,300,1,0.0,2026092703,-20179.50728515625,1,-17820.69140625,-20179.50728515625,-22284.58984375,-20179.50728515625,300,0.0,1.0,5,0.03631676140470097,neural_residual_shallow
0.9933333333333333,0.0,0.998565810918808,300,2,0.0,2026092703,-20282.956861979168,1,-16371.84765625,-20282.956861979168,-22749.0546875,-20282.956861979168,300,0.0,1.0,5,0.033364783808844445,neural_residual_shallow
0.99,0.0,0.997731768488884,300,3,0.0,2026092703,-20415.447024739584,1,-18463.630859375,-20415.447024739584,-22537.9375,-20415.447024739584,300,0.0,1.0,5,0.061647303947412135,neural_residual_shallow
0.9833333333333333,0.0,0.8766845100124677,300,1,0.0,2026092703,-19625.03742960612,3,16550.4140625,-19625.03742960612,-124709.3515625,-19625.03742960612,300,0.0,1.0,5,0.1059973169809253,neural_residual_shallow
0.9766666666666667,0.0,0.8878560337424278,300,2,0.0,2026092703,-19126.945930887858,3,262821.46875,-19126.945930887858,-76552.3125,-19126.945930887858,300,0.0,1.0,5,0.09735128144853156,neural_residual_shallow
0.9833333333333333,0.0,0.8658727371195952,300,3,0.0,2026092703,-17358.69468465169,3,496442.8125,-17358.69468465169,-270683.96875,-17358.69468465169,300,0.0,1.0,5,0.0885244651064605,neural_residual_shallow
0.9966666666666667,0.0,0.9919818715751171,300,1,0.0,2026092703,-19742.31517578125,4,144524.046875,-19742.31517578125,-153345.0,-19742.31517578125,300,0.0,1.0,5,0.12204509500841931,neural_residual_shallow
0.99,0.0,0.9833062568306923,300,2,0.0,2026092703,-21667.58068359375,4,-10637.8173828125,-21667.58068359375,-217863.453125,-21667.58068359375,300,0.0,1.0,5,0.1412297191476276,neural_residual_shallow
0.99,0.0,0.982509353607893,300,3,0.0,2026092703,-21725.051258951822,4,-2253.889404296875,-21725.051258951822,-239948.171875,-21725.051258951822,300,0.0,1.0,5,0.15253382435023266,neural_residual_shallow
1.0,0.0,0.9970015901327133,300,1,0.0,2026092703,-18900.94838541667,6,-16564.119140625,-18900.94838541667,-21957.5,-18900.94838541667,300,0.0,1.0,5,0.1362068084118061,neural_residual_shallow
1.0,0.0,0.9979795678456624,300,2,0.0,2026092703,-18715.40726236979,6,-15966.869140625,-18715.40726236979,-22037.232421875,-18715.40726236979,300,0.0,1.0,5,0.12725570662620722,neural_residual_shallow
0.9966666666666667,0.0,0.9951539301872253,300,3,0.0,2026092703,-18021.071728515624,6,-6698.458984375,-18021.071728515624,-22221.98046875,-18021.071728515624,300,0.0,1.0,5,0.1175696948524444,neural_residual_shallow
0.9866666666666667,0.0,0.9236229381958644,300,1,0.0,2026092703,-20494.906968536376,8,19617.720703125,-20494.906968536376,-282722.0,-20494.906968536376,300,0.0,1.0,5,0.05123169064488553,neural_residual_shallow
0.9833333333333333,0.0,0.9255151661237081,300,2,0.0,2026092703,-20989.74442586263,8,876.0730590820312,-20989.74442586263,-48763.5859375,-20989.74442586263,300,0.0,1.0,5,0.06005937563803643,neural_residual_shallow
0.99,0.0,0.9128801691532135,300,3,0.0,2026092703,-19253.109247233075,8,6383.14892578125,-19253.109247233075,-86005.375,-19253.109247233075,300,0.0,1.0,5,0.059612819472682155,neural_residual_shallow
0.9933333333333333,0.0,0.9921577136218548,300,1,0.0,2026092703,-26914.05865234375,1,-23710.791015625,-26914.05865234375,-34867.8046875,-26914.05865234375,300,0.0,1.0,0,0.09688533437905411,neural_residual_deep
1.0,0.0,0.9969143839677175,300,2,0.0,2026092703,-26997.29896484375,1,-24915.0703125,-26997.29896484375,-29281.009765625,-26997.29896484375,300,0.0,1.0,0,0.08300676766821735,neural_residual_deep
0.9933333333333333,0.0,0.9959728302558263,300,3,0.0,2026092703,-27036.744583333333,1,-17193.962890625,-27036.744583333333,-29216.671875,-27036.744583333333,300,0.0,1.0,0,0.057675626604263064,neural_residual_deep
0.9233333333333333,0.0,0.8407306848093867,300,1,0.0,2026092703,-32599.654809977215,3,599168.375,-32599.654809977215,-621967.875,-32599.654809977215,300,0.0,1.0,0,0.2711361816445568,neural_residual_deep
0.9633333333333334,0.0,0.8427451226736108,300,2,0.0,2026092703,-19893.017174886067,3,578542.5625,-19893.017174886067,-610105.75,-19893.017174886067,300,0.0,1.0,0,0.2667921718718279,neural_residual_deep
0.93,0.0,0.8296312564238906,300,3,0.0,2026092703,-16558.236828918456,3,572646.875,-16558.236828918456,-557283.0625,-16558.236828918456,300,0.0,1.0,0,0.34160916062006397,neural_residual_deep
1.0,0.0,0.996070388952891,300,1,0.0,2026092703,-28011.63046875,4,-24516.6171875,-28011.63046875,-32686.943359375,-28011.63046875,300,0.0,1.0,0,0.04816935122321786,neural_residual_deep
1.0,0.0,0.9986021320025126,300,2,0.0,2026092703,-27672.128684895833,4,-25615.763671875,-27672.128684895833,-29823.333984375,-27672.128684895833,300,0.0,1.0,0,0.054277437867455314,neural_residual_deep
0.9966666666666667,0.0,0.998875458240509,300,3,0.0,2026092703,-27824.992005208333,4,-25399.595703125,-27824.992005208333,-29762.24609375,-27824.992005208333,300,0.0,1.0,0,0.05234460681624131,neural_residual_deep
0.99,0.0,0.990090055714051,300,1,0.0,2026092703,-26924.773723958333,6,-22339.32421875,-26924.773723958333,-128068.515625,-26924.773723958333,300,0.0,1.0,0,0.08663635560365468,neural_residual_deep
1.0,0.0,0.9876185045639674,300,2,0.0,2026092703,-27468.35755859375,6,-20680.72265625,-27468.35755859375,-38947.83984375,-27468.35755859375,300,0.0,1.0,0,0.08866171388243371,neural_residual_deep
0.9966666666666667,0.0,0.9805694196621577,300,3,0.0,2026092703,-26280.906529947915,6,-20889.609375,-26280.906529947915,-32613.501953125,-26280.906529947915,300,0.0,1.0,0,0.08343407728594021,neural_residual_deep
0.9733333333333334,0.0,0.8392215252419313,300,1,0.0,2026092703,-19500.58509174347,8,597359.9375,-19500.58509174347,-202708.546875,-19500.58509174347,300,0.0,1.0,0,0.23116821704003732,neural_residual_deep
0.9733333333333334,0.0,0.860476649403572,300,2,0.0,2026092703,-27325.18803914388,8,23424.271484375,-27325.18803914388,-609270.1875,-27325.18803914388,300,0.0,1.0,0,0.2517379296573272,neural_residual_deep
0.97,0.0,0.8545868360002835,300,3,0.0,2026092703,-23919.98753751119,8,580221.0,-23919.98753751119,-559319.3125,-23919.98753751119,300,0.0,1.0,0,0.26938844460577005,neural_residual_deep
1.0,0.0,0.9927015282710393,300,1,0.0,2026092703,-21306.525276285807,1,-1809.8533935546875,-21306.525276285807,-25667.486328125,-21306.525276285807,300,0.0,1.0,1,0.08797171675746629,neural_residual_deep
0.9933333333333333,0.0,0.9973381127913793,300,2,0.0,2026092703,-22190.22104817708,1,-17622.93359375,-22190.22104817708,-24787.240234375,-22190.22104817708,300,0.0,1.0,1,0.05631334427911572,neural_residual_deep
0.9933333333333333,0.0,0.9990472426017125,300,3,0.0,2026092703,-22559.388478190103,1,-4857.29345703125,-22559.388478190103,-25170.203125,-22559.388478190103,300,0.0,1.0,1,0.07054090683563274,neural_residual_deep
0.97,0.0,0.8815935239195823,300,1,0.0,2026092703,-21378.820799560548,3,446114.0,-21378.820799560548,-108983.53125,-21378.820799560548,300,0.0,1.0,1,0.26305469046643526,neural_residual_deep
0.9766666666666667,0.0,0.8745111145886282,300,2,0.0,2026092703,-22024.885188395183,3,335975.90625,-22024.885188395183,-556382.25,-22024.885188395183,300,0.0,1.0,1,0.2539440056759511,neural_residual_deep
0.9066666666666666,0.0,0.8518686656405529,300,3,0.0,2026092703,-24257.959638773602,3,611520.1875,-24257.959638773602,-610973.1875,-24257.959638773602,300,0.0,1.0,1,0.35191816227908934,neural_residual_deep
0.9966666666666667,0.0,0.9991894960403442,300,1,0.0,2026092703,-23169.138821614582,4,-20509.126953125,-23169.138821614582,-25406.765625,-23169.138821614582,300,0.0,1.0,1,0.12014176444430524,neural_residual_deep
1.0,0.0,0.9986263140042623,300,2,0.0,2026092703,-22632.316471354166,4,-14038.548828125,-22632.316471354166,-24574.96875,-22632.316471354166,300,0.0,1.0,1,0.16776993759940328,neural_residual_deep
0.99,0.0,0.9981225313742955,300,3,0.0,2026092703,-23001.16021077474,4,1132.475341796875,-23001.16021077474,-24915.26171875,-23001.16021077474,300,0.0,1.0,1,0.15219918956287515,neural_residual_deep
0.9966666666666667,0.0,0.9948582658171654,300,1,0.0,2026092703,-23038.641243489583,6,-15437.158203125,-23038.641243489583,-270619.1875,-23038.641243489583,300,0.0,1.0,1,0.08649941830054686,neural_residual_deep
0.9933333333333333,0.0,0.9939415416121483,300,2,0.0,2026092703,-22659.027272135416,6,-13901.150390625,-22659.027272135416,-237097.1875,-22659.027272135416,300,0.0,1.0,1,0.09831178566715426,neural_residual_deep
0.9833333333333333,0.0,0.9923021006087462,300,3,0.0,2026092703,-22575.722891438803,6,-3095.299072265625,-22575.722891438803,-172514.359375,-22575.722891438803,300,0.0,1.0,1,0.16597550253558346,neural_residual_deep
0.96,0.0,0.8593488229314487,300,1,0.0,2026092703,-20772.708798828124,8,450508.75,-20772.708798828124,-226374.15625,-20772.708798828124,300,0.0,1.0,1,0.257275435463294,neural_residual_deep
0.9666666666666667,0.0,0.8749892761806647,300,2,0.0,2026092703,-21225.562836812336,8,4392.654296875,-21225.562836812336,-204099.90625,-21225.562836812336,300,0.0,1.0,1,0.26277039386826595,neural_residual_deep
0.94,0.0,0.8787944091359774,300,3,0.0,2026092703,-19687.938111012776,8,541056.9375,-19687.938111012776,-396135.09375,-19687.938111012776,300,0.0,1.0,1,0.2862029681242181,neural_residual_deep
1.0,0.0,0.9987207810084026,300,1,0.0,2026092703,-22064.192858072918,1,-19434.201171875,-22064.192858072918,-24899.802734375,-22064.192858072918,300,0.0,1.0,2,0.03702099241603507,neural_residual_deep
1.0,0.0,0.9987414896488189,300,2,0.0,2026092703,-21583.2346875,1,-18921.12890625,-21583.2346875,-23712.373046875,-21583.2346875,300,0.0,1.0,2,0.0400985335483659,neural_residual_deep
0.9966666666666667,0.0,0.9984172634283701,300,3,0.0,2026092703,-22135.415572916667,1,-19751.6796875,-22135.415572916667,-24196.537109375,-22135.415572916667,300,0.0,1.0,2,0.04792035835100272,neural_residual_deep
0.98,0.0,0.8800891214609146,300,1,0.0,2026092703,-22153.40174621582,3,80448.65625,-22153.40174621582,-95076.3046875,-22153.40174621582,300,0.0,1.0,2,0.14706556371629365,neural_residual_deep
0.9966666666666667,0.0,0.877268965219458,300,2,0.0,2026092703,-21170.907107289633,3,12866.681640625,-21170.907107289633,-106148.5234375,-21170.907107289633,300,0.0,1.0,2,0.15209044326700238,neural_residual_deep
0.9966666666666667,0.0,0.8882330258687338,300,3,0.0,2026092703,-19384.25474866231,3,489075.03125,-19384.25474866231,-99052.359375,-19384.25474866231,300,0.0,1.0,2,0.17416236907254046,neural_residual_deep
0.9666666666666667,0.0,0.9545144002139568,300,1,0.0,2026092703,-15601.102389322916,4,488752.28125,-15601.102389322916,-503510.03125,-15601.102389322916,300,0.0,1.0,2,0.14524091009465567,neural_residual_deep
0.98,0.0,0.9807366546740135,300,2,0.0,2026092703,-20197.78306681315,4,508878.125,-20197.78306681315,-562488.375,-20197.78306681315,300,0.0,1.0,2,0.16279775228181448,neural_residual_deep
0.98,0.0,0.9833251300702492,300,3,0.0,2026092703,-24374.858152669272,4,52141.28515625,-24374.858152669272,-533169.375,-24374.858152669272,300,0.0,1.0,2,0.06288003193471015,neural_residual_deep
1.0,0.0,0.9954308191935222,300,1,0.0,2026092703,-22650.558255208332,6,-19642.076171875,-22650.558255208332,-31095.6796875,-22650.558255208332,300,0.0,1.0,2,0.03237086173284065,neural_residual_deep
1.0,0.0,0.9979568711916605,300,2,0.0,2026092703,-22341.060983072915,6,-20186.369140625,-22341.060983072915,-25786.19140625,-22341.060983072915,300,0.0,1.0,2,0.028010859124619425,neural_residual_deep
1.0,0.0,0.9987439831097921,300,3,0.0,2026092703,-22441.754010416666,6,-19984.583984375,-22441.754010416666,-24038.400390625,-22441.754010416666,300,0.0,1.0,2,0.012856747304622052,neural_residual_deep
0.9966666666666667,0.0,0.9081011878947417,300,1,0.0,2026092703,-21003.09012682597,8,28203.36328125,-21003.09012682597,-98927.9453125,-21003.09012682597,300,0.0,1.0,2,0.06519655036539873,neural_residual_deep
1.0,0.0,0.9055181274811427,300,2,0.0,2026092703,-20531.140282058717,8,47107.25,-20531.140282058717,-76422.125,-20531.140282058717,300,0.0,1.0,2,0.0627213309463599,neural_residual_deep
0.9966666666666667,0.0,0.9105378817518552,300,3,0.0,2026092703,-22384.335665690105,8,14195.4716796875,-22384.335665690105,-496795.40625,-22384.335665690105,300,0.0,1.0,2,0.08261063155579429,neural_residual_deep
0.9966666666666667,0.0,0.9987421586116155,300,1,0.0,2026092703,-22931.140227864584,1,-19074.873046875,-22931.140227864584,-25098.576171875,-22931.140227864584,300,0.0,1.0,3,0.1436880268216978,neural_residual_deep
0.9966666666666667,0.0,0.9988671799500783,300,2,0.0,2026092703,-22377.433307291667,1,-16658.80859375,-22377.433307291667,-29830.681640625,-22377.433307291667,300,0.0,1.0,3,0.11560502776267567,neural_residual_deep
0.9966666666666667,0.0,0.9978403655687967,300,3,0.0,2026092703,-22819.563631388348,1,-440.51129150390625,-22819.563631388348,-28203.619140625,-22819.563631388348,300,0.0,1.0,3,0.11837651923603643,neural_residual_deep
0.95,0.0,0.865618384530147,300,1,0.0,2026092703,-21195.431389770507,3,612900.1875,-21195.431389770507,-441303.46875,-21195.431389770507,300,0.0,1.0,3,0.2835192445524207,neural_residual_deep
0.92,0.0,0.8713305069506169,300,2,0.0,2026092703,-21528.43489250183,3,265072.9375,-21528.43489250183,-97111.40625,-21528.43489250183,300,0.0,1.0,3,0.2893266961981209,neural_residual_deep
0.9233333333333333,0.0,0.8631079876050353,300,3,0.0,2026092703,-18159.263392944336,3,492900.09375,-18159.263392944336,-99733.5859375,-18159.263392944336,300,0.0,1.0,3,0.31717130582134356,neural_residual_deep
0.9766666666666667,0.0,0.9924259837468465,300,1,0.0,2026092703,-23087.82831258138,4,-2014.2171630859375,-23087.82831258138,-63384.9765625,-23087.82831258138,300,0.0,1.0,3,0.09735764102689015,neural_residual_deep
0.9533333333333334,0.0,0.9915273221333821,300,2,0.0,2026092703,-22005.049450683593,4,163272.875,-22005.049450683593,-29471.982421875,-22005.049450683593,300,0.0,1.0,3,0.11750730554145994,neural_residual_deep
0.98,0.0,0.9860645049065352,300,3,0.0,2026092703,-23351.807674967447,4,33403.87109375,-23351.807674967447,-303930.8125,-23351.807674967447,300,0.0,1.0,3,0.09416883976795642,neural_residual_deep
0.99,0.0,0.9995619833469391,300,1,0.0,2026092703,-22036.864798177085,6,-18655.6875,-22036.864798177085,-23398.740234375,-22036.864798177085,300,0.0,1.0,3,0.044663560278813574,neural_residual_deep
1.0,0.0,0.9995536784331004,300,2,0.0,2026092703,-22094.688385416666,6,-20940.001953125,-22094.688385416666,-23784.7734375,-22094.688385416666,300,0.0,1.0,3,0.027860272072186887,neural_residual_deep
1.0,0.0,0.9996031298240026,300,3,0.0,2026092703,-22472.7951171875,6,-20929.408203125,-22472.7951171875,-24151.763671875,-22472.7951171875,300,0.0,1.0,3,0.03035816338613373,neural_residual_deep
0.98,0.0,0.8408772169239819,300,1,0.0,2026092703,-17307.98534301758,8,560956.25,-17307.98534301758,-262169.78125,-17307.98534301758,300,0.0,1.0,3,0.3679677475964839,neural_residual_deep
0.98,0.0,0.8444221367438635,300,2,0.0,2026092703,-19846.144803466796,8,541814.9375,-19846.144803466796,-238445.421875,-19846.144803466796,300,0.0,1.0,3,0.3586977200037512,neural_residual_deep
0.99,0.0,0.8163974509636561,300,3,0.0,2026092703,-12324.808023910522,8,617916.3125,-12324.808023910522,-577506.5625,-12324.808023910522,300,0.0,1.0,3,0.39202494549249134,neural_residual_deep
1.0,0.0,0.9997017898162206,300,1,0.0,2026092703,-12186.958955078126,1,-10876.2939453125,-12186.958955078126,-13452.248046875,-12186.958955078126,300,0.0,1.0,4,0.016098231608724367,neural_residual_deep
1.0,0.0,0.9996826122204463,300,2,0.0,2026092703,-12152.860891927083,1,-10567.009765625,-12152.860891927083,-13546.9658203125,-12152.860891927083,300,0.0,1.0,4,0.024129965968198608,neural_residual_deep
1.0,0.0,0.9997086195151011,300,3,0.0,2026092703,-11981.437057291667,1,-10768.1123046875,-11981.437057291667,-13070.76171875,-11981.437057291667,300,0.0,1.0,4,0.027929442666418725,neural_residual_deep
0.96,0.0,0.8342477931827307,300,1,0.0,2026092703,-10820.90757446289,3,606852.0625,-10820.90757446289,-553874.5625,-10820.90757446289,300,0.0,1.0,4,0.32547053828364914,neural_residual_deep
0.9533333333333334,0.0,0.8177648937702179,300,2,0.0,2026092703,-13117.563010101318,3,543099.8125,-13117.563010101318,-582237.25,-13117.563010101318,300,0.0,1.0,4,0.2983546342360819,neural_residual_deep
0.9333333333333333,0.0,0.7870791389172276,300,3,0.0,2026092703,-7291.635153617859,3,622686.0,-7291.635153617859,-616600.1875,-7291.635153617859,300,0.0,1.0,4,0.35210542650927,neural_residual_deep
1.0,0.0,0.9983373133341471,300,1,0.0,2026092703,-12843.360208333334,4,-10647.2158203125,-12843.360208333334,-15868.83984375,-12843.360208333334,300,0.0,1.0,4,0.029569575915978974,neural_residual_deep
1.0,0.0,0.9971807022889455,300,2,0.0,2026092703,-12609.797067057292,4,-9167.263671875,-12609.797067057292,-15754.1220703125,-12609.797067057292,300,0.0,1.0,4,0.041405221853294316,neural_residual_deep
1.0,0.0,0.994736109127601,300,3,0.0,2026092703,-14361.629742838542,4,-10348.0478515625,-14361.629742838542,-509598.1875,-14361.629742838542,300,0.0,1.0,4,0.0332615471812675,neural_residual_deep
0.9933333333333333,0.0,0.9805895109474659,300,1,0.0,2026092703,-13043.826184895834,6,163459.546875,-13043.826184895834,-579876.8125,-13043.826184895834,300,0.0,1.0,4,0.13723358123417106,neural_residual_deep
0.9966666666666667,0.0,0.9744761701424917,300,2,0.0,2026092703,-11046.928647155763,6,16647.359375,-11046.928647155763,-22569.498046875,-11046.928647155763,300,0.0,1.0,4,0.14431766450126582,neural_residual_deep
1.0,0.0,0.9873833298186461,300,3,0.0,2026092703,-10715.544656575521,6,220832.859375,-10715.544656575521,-18375.380859375,-10715.544656575521,300,0.0,1.0,4,0.10888106503521877,neural_residual_deep
1.0,0.0,0.8916868689407905,300,1,0.0,2026092703,-8880.49575302124,8,330305.1875,-8880.49575302124,-36389.27734375,-8880.49575302124,300,0.0,1.0,4,0.19616559784182241,neural_residual_deep
1.0,0.0,0.8893355586131414,300,2,0.0,2026092703,-11499.081474787394,8,42320.04296875,-11499.081474787394,-106413.0390625,-11499.081474787394,300,0.0,1.0,4,0.19713485605868808,neural_residual_deep
0.9866666666666667,0.0,0.8946144796411196,300,3,0.0,2026092703,-12472.267841288249,8,23379.1796875,-12472.267841288249,-472079.09375,-12472.267841288249,300,0.0,1.0,4,0.24240699951898725,neural_residual_deep
1.0,0.0,0.9985529824097952,300,1,0.0,2026092703,-20179.50728515625,1,-17820.69140625,-20179.50728515625,-22284.58984375,-20179.50728515625,300,0.0,1.0,5,0.03760477626331571,neural_residual_deep
0.9933333333333333,0.0,0.998565810918808,300,2,0.0,2026092703,-20282.956861979168,1,-16371.84765625,-20282.956861979168,-22749.0546875,-20282.956861979168,300,0.0,1.0,5,0.03705577740301236,neural_residual_deep
0.99,0.0,0.997731768488884,300,3,0.0,2026092703,-20415.447024739584,1,-18463.630859375,-20415.447024739584,-22537.9375,-20415.447024739584,300,0.0,1.0,5,0.07013805383115446,neural_residual_deep
0.9833333333333333,0.0,0.8766845100124677,300,1,0.0,2026092703,-19625.03742960612,3,16550.4140625,-19625.03742960612,-124709.3515625,-19625.03742960612,300,0.0,1.0,5,0.09769184795499608,neural_residual_deep
0.98,0.0,0.8878560337424278,300,2,0.0,2026092703,-19126.945930887858,3,262821.46875,-19126.945930887858,-76552.3125,-19126.945930887858,300,0.0,1.0,5,0.08969618606083751,neural_residual_deep
0.9866666666666667,0.0,0.8658727371195952,300,3,0.0,2026092703,-17358.69468465169,3,496442.8125,-17358.69468465169,-270683.96875,-17358.69468465169,300,0.0,1.0,5,0.07549931732076454,neural_residual_deep
1.0,0.0,0.9919818715751171,300,1,0.0,2026092703,-19742.31517578125,4,144524.046875,-19742.31517578125,-153345.0,-19742.31517578125,300,0.0,1.0,5,0.09599739635754156,neural_residual_deep
0.99,0.0,0.9833062568306923,300,2,0.0,2026092703,-21667.58068359375,4,-10637.8173828125,-21667.58068359375,-217863.453125,-21667.58068359375,300,0.0,1.0,5,0.14526465790486653,neural_residual_deep
0.99,0.0,0.982509353607893,300,3,0.0,2026092703,-21725.051258951822,4,-2253.889404296875,-21725.051258951822,-239948.171875,-21725.051258951822,300,0.0,1.0,5,0.1486911842695694,neural_residual_deep
1.0,0.0,0.9970015901327133,300,1,0.0,2026092703,-18900.94838541667,6,-16564.119140625,-18900.94838541667,-21957.5,-18900.94838541667,300,0.0,1.0,5,0.09867228643835158,neural_residual_deep
1.0,0.0,0.9979795678456624,300,2,0.0,2026092703,-18715.40726236979,6,-15966.869140625,-18715.40726236979,-22037.232421875,-18715.40726236979,300,0.0,1.0,5,0.10737521748370893,neural_residual_deep
0.9966666666666667,0.0,0.9951539301872253,300,3,0.0,2026092703,-18021.071728515624,6,-6698.458984375,-18021.071728515624,-22221.98046875,-18021.071728515624,300,0.0,1.0,5,0.0869638166661717,neural_residual_deep
0.9866666666666667,0.0,0.9236229381958644,300,1,0.0,2026092703,-20494.906968536376,8,19617.720703125,-20494.906968536376,-282722.0,-20494.906968536376,300,0.0,1.0,5,0.05540866092497909,neural_residual_deep
0.9833333333333333,0.0,0.9255151661237081,300,2,0.0,2026092703,-20989.74442586263,8,876.0730590820312,-20989.74442586263,-48763.5859375,-20989.74442586263,300,0.0,1.0,5,0.06709831945977995,neural_residual_deep
0.99,0.0,0.9128801691532135,300,3,0.0,2026092703,-19253.109247233075,8,6383.14892578125,-19253.109247233075,-86005.375,-19253.109247233075,300,0.0,1.0,5,0.0683852250362269,neural_residual_deep
0.9933333333333333,0.0,0.9921577136218548,300,1,0.0,2026092704,-26914.05865234375,1,-23710.791015625,-26914.05865234375,-34867.8046875,-26914.05865234375,300,0.0,1.0,0,0.14902942839249111,neural_residual_shallow
1.0,0.0,0.9969143839677175,300,2,0.0,2026092704,-26997.29896484375,1,-24915.0703125,-26997.29896484375,-29281.009765625,-26997.29896484375,300,0.0,1.0,0,0.12814455662881719,neural_residual_shallow
0.9933333333333333,0.0,0.9959728302558263,300,3,0.0,2026092704,-27036.744583333333,1,-17193.962890625,-27036.744583333333,-29216.671875,-27036.744583333333,300,0.0,1.0,0,0.1044906184648281,neural_residual_shallow
0.9133333333333333,0.0,0.8407306848093867,300,1,0.0,2026092704,-32599.654809977215,3,599168.375,-32599.654809977215,-621967.875,-32599.654809977215,300,0.0,1.0,0,0.2868025792561324,neural_residual_shallow
0.97,0.0,0.8427451226736108,300,2,0.0,2026092704,-19893.017174886067,3,578542.5625,-19893.017174886067,-610105.75,-19893.017174886067,300,0.0,1.0,0,0.2590473152696192,neural_residual_shallow
0.9466666666666667,0.0,0.8296312564238906,300,3,0.0,2026092704,-16558.236828918456,3,572646.875,-16558.236828918456,-557283.0625,-16558.236828918456,300,0.0,1.0,0,0.3155642719536834,neural_residual_shallow
1.0,0.0,0.996070388952891,300,1,0.0,2026092704,-28011.63046875,4,-24516.6171875,-28011.63046875,-32686.943359375,-28011.63046875,300,0.0,1.0,0,0.04250038466059591,neural_residual_shallow
1.0,0.0,0.9986021320025126,300,2,0.0,2026092704,-27672.128684895833,4,-25615.763671875,-27672.128684895833,-29823.333984375,-27672.128684895833,300,0.0,1.0,0,0.04398777766897033,neural_residual_shallow
1.0,0.0,0.998875458240509,300,3,0.0,2026092704,-27824.992005208333,4,-25399.595703125,-27824.992005208333,-29762.24609375,-27824.992005208333,300,0.0,1.0,0,0.040416302589835196,neural_residual_shallow
0.99,0.0,0.990090055714051,300,1,0.0,2026092704,-26924.773723958333,6,-22339.32421875,-26924.773723958333,-128068.515625,-26924.773723958333,300,0.0,1.0,0,0.07792473587424342,neural_residual_shallow
1.0,0.0,0.9876185045639674,300,2,0.0,2026092704,-27468.35755859375,6,-20680.72265625,-27468.35755859375,-38947.83984375,-27468.35755859375,300,0.0,1.0,0,0.08752395772575272,neural_residual_shallow
0.9966666666666667,0.0,0.9805694196621577,300,3,0.0,2026092704,-26280.906529947915,6,-20889.609375,-26280.906529947915,-32613.501953125,-26280.906529947915,300,0.0,1.0,0,0.07305902047285717,neural_residual_shallow
0.9766666666666667,0.0,0.8392215252419313,300,1,0.0,2026092704,-19500.58509174347,8,597359.9375,-19500.58509174347,-202708.546875,-19500.58509174347,300,0.0,1.0,0,0.21005153069232896,neural_residual_shallow
0.9733333333333334,0.0,0.860476649403572,300,2,0.0,2026092704,-27325.18803914388,8,23424.271484375,-27325.18803914388,-609270.1875,-27325.18803914388,300,0.0,1.0,0,0.2359882720453641,neural_residual_shallow
0.98,0.0,0.8545868360002835,300,3,0.0,2026092704,-23919.98753751119,8,580221.0,-23919.98753751119,-559319.3125,-23919.98753751119,300,0.0,1.0,0,0.23377404984567363,neural_residual_shallow
0.9966666666666667,0.0,0.9927015282710393,300,1,0.0,2026092704,-21306.525276285807,1,-1809.8533935546875,-21306.525276285807,-25667.486328125,-21306.525276285807,300,0.0,1.0,1,0.09429250067336359,neural_residual_shallow
0.9966666666666667,0.0,0.9973381127913793,300,2,0.0,2026092704,-22190.22104817708,1,-17622.93359375,-22190.22104817708,-24787.240234375,-22190.22104817708,300,0.0,1.0,1,0.057439577268594166,neural_residual_shallow
0.99,0.0,0.9990472426017125,300,3,0.0,2026092704,-22559.388478190103,1,-4857.29345703125,-22559.388478190103,-25170.203125,-22559.388478190103,300,0.0,1.0,1,0.06988534637758326,neural_residual_shallow
0.98,0.0,0.8815935239195823,300,1,0.0,2026092704,-21378.820799560548,3,446114.0,-21378.820799560548,-108983.53125,-21378.820799560548,300,0.0,1.0,1,0.24681827705009607,neural_residual_shallow
0.9633333333333334,0.0,0.8745111145886282,300,2,0.0,2026092704,-22024.885188395183,3,335975.90625,-22024.885188395183,-556382.25,-22024.885188395183,300,0.0,1.0,1,0.2416094114039502,neural_residual_shallow
0.8766666666666667,0.0,0.8518686656405529,300,3,0.0,2026092704,-24257.959638773602,3,611520.1875,-24257.959638773602,-610973.1875,-24257.959638773602,300,0.0,1.0,1,0.3512932772225399,neural_residual_shallow
0.9966666666666667,0.0,0.9991894960403442,300,1,0.0,2026092704,-23169.138821614582,4,-20509.126953125,-23169.138821614582,-25406.765625,-23169.138821614582,300,0.0,1.0,1,0.09148167598527912,neural_residual_shallow
1.0,0.0,0.9986263140042623,300,2,0.0,2026092704,-22632.316471354166,4,-14038.548828125,-22632.316471354166,-24574.96875,-22632.316471354166,300,0.0,1.0,1,0.12355009538206763,neural_residual_shallow
0.98,0.0,0.9981225313742955,300,3,0.0,2026092704,-23001.16021077474,4,1132.475341796875,-23001.16021077474,-24915.26171875,-23001.16021077474,300,0.0,1.0,1,0.1505779983099449,neural_residual_shallow
0.99,0.0,0.9948582658171654,300,1,0.0,2026092704,-23038.641243489583,6,-15437.158203125,-23038.641243489583,-270619.1875,-23038.641243489583,300,0.0,1.0,1,0.09868306739916732,neural_residual_shallow
0.9766666666666667,0.0,0.9939415416121483,300,2,0.0,2026092704,-22659.027272135416,6,-13901.150390625,-22659.027272135416,-237097.1875,-22659.027272135416,300,0.0,1.0,1,0.09820857081289913,neural_residual_shallow
0.98,0.0,0.9923021006087462,300,3,0.0,2026092704,-22575.722891438803,6,-3095.299072265625,-22575.722891438803,-172514.359375,-22575.722891438803,300,0.0,1.0,1,0.1612864578559824,neural_residual_shallow
0.9433333333333334,0.0,0.8593488229314487,300,1,0.0,2026092704,-20772.708798828124,8,450508.75,-20772.708798828124,-226374.15625,-20772.708798828124,300,0.0,1.0,1,0.3064870542140816,neural_residual_shallow
0.9466666666666667,0.0,0.8749892761806647,300,2,0.0,2026092704,-21225.562836812336,8,4392.654296875,-21225.562836812336,-204099.90625,-21225.562836812336,300,0.0,1.0,1,0.2854412180677134,neural_residual_shallow
0.9366666666666666,0.0,0.8787944091359774,300,3,0.0,2026092704,-19687.938111012776,8,541056.9375,-19687.938111012776,-396135.09375,-19687.938111012776,300,0.0,1.0,1,0.3188272274635927,neural_residual_shallow
1.0,0.0,0.9987207810084026,300,1,0.0,2026092704,-22064.192858072918,1,-19434.201171875,-22064.192858072918,-24899.802734375,-22064.192858072918,300,0.0,1.0,2,0.05440042564154002,neural_residual_shallow
1.0,0.0,0.9987414896488189,300,2,0.0,2026092704,-21583.2346875,1,-18921.12890625,-21583.2346875,-23712.373046875,-21583.2346875,300,0.0,1.0,2,0.06316206894379206,neural_residual_shallow
1.0,0.0,0.9984172634283701,300,3,0.0,2026092704,-22135.415572916667,1,-19751.6796875,-22135.415572916667,-24196.537109375,-22135.415572916667,300,0.0,1.0,2,0.08762226126526262,neural_residual_shallow
0.9733333333333334,0.0,0.8800891214609146,300,1,0.0,2026092704,-22153.40174621582,3,80448.65625,-22153.40174621582,-95076.3046875,-22153.40174621582,300,0.0,1.0,2,0.1489587015679391,neural_residual_shallow
0.9966666666666667,0.0,0.877268965219458,300,2,0.0,2026092704,-21170.907107289633,3,12866.681640625,-21170.907107289633,-106148.5234375,-21170.907107289633,300,0.0,1.0,2,0.14582392647050535,neural_residual_shallow
0.99,0.0,0.8882330258687338,300,3,0.0,2026092704,-19384.25474866231,3,489075.03125,-19384.25474866231,-99052.359375,-19384.25474866231,300,0.0,1.0,2,0.19323911414241401,neural_residual_shallow
0.99,0.0,0.9545144002139568,300,1,0.0,2026092704,-15601.102389322916,4,488752.28125,-15601.102389322916,-503510.03125,-15601.102389322916,300,0.0,1.0,2,0.14353935745373003,neural_residual_shallow
0.9866666666666667,0.0,0.9807366546740135,300,2,0.0,2026092704,-20197.78306681315,4,508878.125,-20197.78306681315,-562488.375,-20197.78306681315,300,0.0,1.0,2,0.1899633650889626,neural_residual_shallow
0.9766666666666667,0.0,0.9833251300702492,300,3,0.0,2026092704,-24374.858152669272,4,52141.28515625,-24374.858152669272,-533169.375,-24374.858152669272,300,0.0,1.0,2,0.0588758582529737,neural_residual_shallow
1.0,0.0,0.9954308191935222,300,1,0.0,2026092704,-22650.558255208332,6,-19642.076171875,-22650.558255208332,-31095.6796875,-22650.558255208332,300,0.0,1.0,2,0.05191117322062255,neural_residual_shallow
1.0,0.0,0.9979568711916605,300,2,0.0,2026092704,-22341.060983072915,6,-20186.369140625,-22341.060983072915,-25786.19140625,-22341.060983072915,300,0.0,1.0,2,0.03776192390723909,neural_residual_shallow
1.0,0.0,0.9987439831097921,300,3,0.0,2026092704,-22441.754010416666,6,-19984.583984375,-22441.754010416666,-24038.400390625,-22441.754010416666,300,0.0,1.0,2,0.017302515847288258,neural_residual_shallow
1.0,0.0,0.9081011878947417,300,1,0.0,2026092704,-21003.09012682597,8,28203.36328125,-21003.09012682597,-98927.9453125,-21003.09012682597,300,0.0,1.0,2,0.06902595461431726,neural_residual_shallow
1.0,0.0,0.9055181274811427,300,2,0.0,2026092704,-20531.140282058717,8,47107.25,-20531.140282058717,-76422.125,-20531.140282058717,300,0.0,1.0,2,0.06475813080640458,neural_residual_shallow
1.0,0.0,0.9105378817518552,300,3,0.0,2026092704,-22384.335665690105,8,14195.4716796875,-22384.335665690105,-496795.40625,-22384.335665690105,300,0.0,1.0,2,0.08311071106111734,neural_residual_shallow
1.0,0.0,0.9987421586116155,300,1,0.0,2026092704,-22931.140227864584,1,-19074.873046875,-22931.140227864584,-25098.576171875,-22931.140227864584,300,0.0,1.0,3,0.16757106841885971,neural_residual_shallow
0.9966666666666667,0.0,0.9988671799500783,300,2,0.0,2026092704,-22377.433307291667,1,-16658.80859375,-22377.433307291667,-29830.681640625,-22377.433307291667,300,0.0,1.0,3,0.13983799090285876,neural_residual_shallow
0.9966666666666667,0.0,0.9978403655687967,300,3,0.0,2026092704,-22819.563631388348,1,-440.51129150390625,-22819.563631388348,-28203.619140625,-22819.563631388348,300,0.0,1.0,3,0.12334437692369393,neural_residual_shallow
0.9466666666666667,0.0,0.865618384530147,300,1,0.0,2026092704,-21195.431389770507,3,612900.1875,-21195.431389770507,-441303.46875,-21195.431389770507,300,0.0,1.0,3,0.2662194378433226,neural_residual_shallow
0.9233333333333333,0.0,0.8713305069506169,300,2,0.0,2026092704,-21528.43489250183,3,265072.9375,-21528.43489250183,-97111.40625,-21528.43489250183,300,0.0,1.0,3,0.2726828576283984,neural_residual_shallow
0.91,0.0,0.8631079876050353,300,3,0.0,2026092704,-18159.263392944336,3,492900.09375,-18159.263392944336,-99733.5859375,-18159.263392944336,300,0.0,1.0,3,0.3036478284843185,neural_residual_shallow
0.9833333333333333,0.0,0.9924259837468465,300,1,0.0,2026092704,-23087.82831258138,4,-2014.2171630859375,-23087.82831258138,-63384.9765625,-23087.82831258138,300,0.0,1.0,3,0.10228339543863041,neural_residual_shallow
0.9633333333333334,0.0,0.9915273221333821,300,2,0.0,2026092704,-22005.049450683593,4,163272.875,-22005.049450683593,-29471.982421875,-22005.049450683593,300,0.0,1.0,3,0.14017710680486595,neural_residual_shallow
0.9866666666666667,0.0,0.9860645049065352,300,3,0.0,2026092704,-23351.807674967447,4,33403.87109375,-23351.807674967447,-303930.8125,-23351.807674967447,300,0.0,1.0,3,0.10471108420534558,neural_residual_shallow
0.99,0.0,0.9995619833469391,300,1,0.0,2026092704,-22036.864798177085,6,-18655.6875,-22036.864798177085,-23398.740234375,-22036.864798177085,300,0.0,1.0,3,0.03290920093623695,neural_residual_shallow
1.0,0.0,0.9995536784331004,300,2,0.0,2026092704,-22094.688385416666,6,-20940.001953125,-22094.688385416666,-23784.7734375,-22094.688385416666,300,0.0,1.0,3,0.025594521012192284,neural_residual_shallow
1.0,0.0,0.9996031298240026,300,3,0.0,2026092704,-22472.7951171875,6,-20929.408203125,-22472.7951171875,-24151.763671875,-22472.7951171875,300,0.0,1.0,3,0.025379106316526623,neural_residual_shallow
0.96,0.0,0.8408772169239819,300,1,0.0,2026092704,-17307.98534301758,8,560956.25,-17307.98534301758,-262169.78125,-17307.98534301758,300,0.0,1.0,3,0.35340286118342945,neural_residual_shallow
0.98,0.0,0.8444221367438635,300,2,0.0,2026092704,-19846.144803466796,8,541814.9375,-19846.144803466796,-238445.421875,-19846.144803466796,300,0.0,1.0,3,0.33569403192202474,neural_residual_shallow
0.9766666666666667,0.0,0.8163974509636561,300,3,0.0,2026092704,-12324.808023910522,8,617916.3125,-12324.808023910522,-577506.5625,-12324.808023910522,300,0.0,1.0,3,0.37576721912903666,neural_residual_shallow
1.0,0.0,0.9997017898162206,300,1,0.0,2026092704,-12186.958955078126,1,-10876.2939453125,-12186.958955078126,-13452.248046875,-12186.958955078126,300,0.0,1.0,4,0.011418346309205796,neural_residual_shallow
1.0,0.0,0.9996826122204463,300,2,0.0,2026092704,-12152.860891927083,1,-10567.009765625,-12152.860891927083,-13546.9658203125,-12152.860891927083,300,0.0,1.0,4,0.017797676218135328,neural_residual_shallow
1.0,0.0,0.9997086195151011,300,3,0.0,2026092704,-11981.437057291667,1,-10768.1123046875,-11981.437057291667,-13070.76171875,-11981.437057291667,300,0.0,1.0,4,0.01982314945080421,neural_residual_shallow
0.96,0.0,0.8342477931827307,300,1,0.0,2026092704,-10820.90757446289,3,606852.0625,-10820.90757446289,-553874.5625,-10820.90757446289,300,0.0,1.0,4,0.33204008711965605,neural_residual_shallow
0.95,0.0,0.8177648937702179,300,2,0.0,2026092704,-13117.563010101318,3,543099.8125,-13117.563010101318,-582237.25,-13117.563010101318,300,0.0,1.0,4,0.29016260348734635,neural_residual_shallow
0.9333333333333333,0.0,0.7870791389172276,300,3,0.0,2026092704,-7291.635153617859,3,622686.0,-7291.635153617859,-616600.1875,-7291.635153617859,300,0.0,1.0,4,0.3947414553489468,neural_residual_shallow
1.0,0.0,0.9983373133341471,300,1,0.0,2026092704,-12843.360208333334,4,-10647.2158203125,-12843.360208333334,-15868.83984375,-12843.360208333334,300,0.0,1.0,4,0.022014626849239494,neural_residual_shallow
1.0,0.0,0.9971807022889455,300,2,0.0,2026092704,-12609.797067057292,4,-9167.263671875,-12609.797067057292,-15754.1220703125,-12609.797067057292,300,0.0,1.0,4,0.02712845064635261,neural_residual_shallow
1.0,0.0,0.994736109127601,300,3,0.0,2026092704,-14361.629742838542,4,-10348.0478515625,-14361.629742838542,-509598.1875,-14361.629742838542,300,0.0,1.0,4,0.026165644668759924,neural_residual_shallow
0.99,0.0,0.9805895109474659,300,1,0.0,2026092704,-13043.826184895834,6,163459.546875,-13043.826184895834,-579876.8125,-13043.826184895834,300,0.0,1.0,4,0.08766894931504177,neural_residual_shallow
0.9933333333333333,0.0,0.9744761701424917,300,2,0.0,2026092704,-11046.928647155763,6,16647.359375,-11046.928647155763,-22569.498046875,-11046.928647155763,300,0.0,1.0,4,0.11419107868655898,neural_residual_shallow
0.9966666666666667,0.0,0.9873833298186461,300,3,0.0,2026092704,-10715.544656575521,6,220832.859375,-10715.544656575521,-18375.380859375,-10715.544656575521,300,0.0,1.0,4,0.08694544689207773,neural_residual_shallow
0.9966666666666667,0.0,0.8916868689407905,300,1,0.0,2026092704,-8880.49575302124,8,330305.1875,-8880.49575302124,-36389.27734375,-8880.49575302124,300,0.0,1.0,4,0.1578559503512893,neural_residual_shallow
0.9966666666666667,0.0,0.8893355586131414,300,2,0.0,2026092704,-11499.081474787394,8,42320.04296875,-11499.081474787394,-106413.0390625,-11499.081474787394,300,0.0,1.0,4,0.15337702652193363,neural_residual_shallow
0.99,0.0,0.8946144796411196,300,3,0.0,2026092704,-12472.267841288249,8,23379.1796875,-12472.267841288249,-472079.09375,-12472.267841288249,300,0.0,1.0,4,0.1985092191668445,neural_residual_shallow
1.0,0.0,0.9985529824097952,300,1,0.0,2026092704,-20179.50728515625,1,-17820.69140625,-20179.50728515625,-22284.58984375,-20179.50728515625,300,0.0,1.0,5,0.04325364412873145,neural_residual_shallow
0.9933333333333333,0.0,0.998565810918808,300,2,0.0,2026092704,-20282.956861979168,1,-16371.84765625,-20282.956861979168,-22749.0546875,-20282.956861979168,300,0.0,1.0,5,0.05111648651553269,neural_residual_shallow
0.99,0.0,0.997731768488884,300,3,0.0,2026092704,-20415.447024739584,1,-18463.630859375,-20415.447024739584,-22537.9375,-20415.447024739584,300,0.0,1.0,5,0.0460774882233137,neural_residual_shallow
0.9833333333333333,0.0,0.8766845100124677,300,1,0.0,2026092704,-19625.03742960612,3,16550.4140625,-19625.03742960612,-124709.3515625,-19625.03742960612,300,0.0,1.0,5,0.0933558103747637,neural_residual_shallow
0.9833333333333333,0.0,0.8878560337424278,300,2,0.0,2026092704,-19126.945930887858,3,262821.46875,-19126.945930887858,-76552.3125,-19126.945930887858,300,0.0,1.0,5,0.07793900625390116,neural_residual_shallow
0.9866666666666667,0.0,0.8658727371195952,300,3,0.0,2026092704,-17358.69468465169,3,496442.8125,-17358.69468465169,-270683.96875,-17358.69468465169,300,0.0,1.0,5,0.07215798864458756,neural_residual_shallow
0.9966666666666667,0.0,0.9919818715751171,300,1,0.0,2026092704,-19742.31517578125,4,144524.046875,-19742.31517578125,-153345.0,-19742.31517578125,300,0.0,1.0,5,0.09565591063791756,neural_residual_shallow
0.9933333333333333,0.0,0.9833062568306923,300,2,0.0,2026092704,-21667.58068359375,4,-10637.8173828125,-21667.58068359375,-217863.453125,-21667.58068359375,300,0.0,1.0,5,0.14753587777746924,neural_residual_shallow
0.99,0.0,0.982509353607893,300,3,0.0,2026092704,-21725.051258951822,4,-2253.889404296875,-21725.051258951822,-239948.171875,-21725.051258951822,300,0.0,1.0,5,0.1421714741402078,neural_residual_shallow
1.0,0.0,0.9970015901327133,300,1,0.0,2026092704,-18900.94838541667,6,-16564.119140625,-18900.94838541667,-21957.5,-18900.94838541667,300,0.0,1.0,5,0.16292846579564535,neural_residual_shallow
1.0,0.0,0.9979795678456624,300,2,0.0,2026092704,-18715.40726236979,6,-15966.869140625,-18715.40726236979,-22037.232421875,-18715.40726236979,300,0.0,1.0,5,0.16994268257785405,neural_residual_shallow
0.9966666666666667,0.0,0.9951539301872253,300,3,0.0,2026092704,-18021.071728515624,6,-6698.458984375,-18021.071728515624,-22221.98046875,-18021.071728515624,300,0.0,1.0,5,0.14162829649528286,neural_residual_shallow
0.9866666666666667,0.0,0.9236229381958644,300,1,0.0,2026092704,-20494.906968536376,8,19617.720703125,-20494.906968536376,-282722.0,-20494.906968536376,300,0.0,1.0,5,0.06847469645800808,neural_residual_shallow
0.9833333333333333,0.0,0.9255151661237081,300,2,0.0,2026092704,-20989.74442586263,8,876.0730590820312,-20989.74442586263,-48763.5859375,-20989.74442586263,300,0.0,1.0,5,0.08095701585883464,neural_residual_shallow
0.99,0.0,0.9128801691532135,300,3,0.0,2026092704,-19253.109247233075,8,6383.14892578125,-19253.109247233075,-86005.375,-19253.109247233075,300,0.0,1.0,5,0.0737379831350804,neural_residual_shallow
0.9933333333333333,0.0,0.9921577136218548,300,1,0.0,2026092704,-26914.05865234375,1,-23710.791015625,-26914.05865234375,-34867.8046875,-26914.05865234375,300,0.0,1.0,0,0.13188268487203292,neural_residual_deep
1.0,0.0,0.9969143839677175,300,2,0.0,2026092704,-26997.29896484375,1,-24915.0703125,-26997.29896484375,-29281.009765625,-26997.29896484375,300,0.0,1.0,0,0.1304890106413641,neural_residual_deep
0.9933333333333333,0.0,0.9959728302558263,300,3,0.0,2026092704,-27036.744583333333,1,-17193.962890625,-27036.744583333333,-29216.671875,-27036.744583333333,300,0.0,1.0,0,0.07828050192225211,neural_residual_deep
0.8966666666666666,0.0,0.8407306848093867,300,1,0.0,2026092704,-32599.654809977215,3,599168.375,-32599.654809977215,-621967.875,-32599.654809977215,300,0.0,1.0,0,0.2751036689441113,neural_residual_deep
0.9666666666666667,0.0,0.8427451226736108,300,2,0.0,2026092704,-19893.017174886067,3,578542.5625,-19893.017174886067,-610105.75,-19893.017174886067,300,0.0,1.0,0,0.24289447723013402,neural_residual_deep
0.9366666666666666,0.0,0.8296312564238906,300,3,0.0,2026092704,-16558.236828918456,3,572646.875,-16558.236828918456,-557283.0625,-16558.236828918456,300,0.0,1.0,0,0.3022979063522312,neural_residual_deep
1.0,0.0,0.996070388952891,300,1,0.0,2026092704,-28011.63046875,4,-24516.6171875,-28011.63046875,-32686.943359375,-28011.63046875,300,0.0,1.0,0,0.03875525206453001,neural_residual_deep
1.0,0.0,0.9986021320025126,300,2,0.0,2026092704,-27672.128684895833,4,-25615.763671875,-27672.128684895833,-29823.333984375,-27672.128684895833,300,0.0,1.0,0,0.03727882961074458,neural_residual_deep
1.0,0.0,0.998875458240509,300,3,0.0,2026092704,-27824.992005208333,4,-25399.595703125,-27824.992005208333,-29762.24609375,-27824.992005208333,300,0.0,1.0,0,0.03926480303802693,neural_residual_deep
0.9866666666666667,0.0,0.990090055714051,300,1,0.0,2026092704,-26924.773723958333,6,-22339.32421875,-26924.773723958333,-128068.515625,-26924.773723958333,300,0.0,1.0,0,0.0756491102686846,neural_residual_deep
1.0,0.0,0.9876185045639674,300,2,0.0,2026092704,-27468.35755859375,6,-20680.72265625,-27468.35755859375,-38947.83984375,-27468.35755859375,300,0.0,1.0,0,0.07499018483303777,neural_residual_deep
0.9966666666666667,0.0,0.9805694196621577,300,3,0.0,2026092704,-26280.906529947915,6,-20889.609375,-26280.906529947915,-32613.501953125,-26280.906529947915,300,0.0,1.0,0,0.06518124805880776,neural_residual_deep
0.9733333333333334,0.0,0.8392215252419313,300,1,0.0,2026092704,-19500.58509174347,8,597359.9375,-19500.58509174347,-202708.546875,-19500.58509174347,300,0.0,1.0,0,0.18799952985920765,neural_residual_deep
0.98,0.0,0.860476649403572,300,2,0.0,2026092704,-27325.18803914388,8,23424.271484375,-27325.18803914388,-609270.1875,-27325.18803914388,300,0.0,1.0,0,0.21222093308389745,neural_residual_deep
0.97,0.0,0.8545868360002835,300,3,0.0,2026092704,-23919.98753751119,8,580221.0,-23919.98753751119,-559319.3125,-23919.98753751119,300,0.0,1.0,0,0.21186457344623766,neural_residual_deep
0.9966666666666667,0.0,0.9927015282710393,300,1,0.0,2026092704,-21306.525276285807,1,-1809.8533935546875,-21306.525276285807,-25667.486328125,-21306.525276285807,300,0.0,1.0,1,0.09112397369032965,neural_residual_deep
0.99,0.0,0.9973381127913793,300,2,0.0,2026092704,-22190.22104817708,1,-17622.93359375,-22190.22104817708,-24787.240234375,-22190.22104817708,300,0.0,1.0,1,0.05391092702208988,neural_residual_deep
0.9866666666666667,0.0,0.9990472426017125,300,3,0.0,2026092704,-22559.388478190103,1,-4857.29345703125,-22559.388478190103,-25170.203125,-22559.388478190103,300,0.0,1.0,1,0.06683126807521733,neural_residual_deep
0.9766666666666667,0.0,0.8815935239195823,300,1,0.0,2026092704,-21378.820799560548,3,446114.0,-21378.820799560548,-108983.53125,-21378.820799560548,300,0.0,1.0,1,0.22397009333981766,neural_residual_deep
0.9666666666666667,0.0,0.8745111145886282,300,2,0.0,2026092704,-22024.885188395183,3,335975.90625,-22024.885188395183,-556382.25,-22024.885188395183,300,0.0,1.0,1,0.22661759564775696,neural_residual_deep
0.8766666666666667,0.0,0.8518686656405529,300,3,0.0,2026092704,-24257.959638773602,3,611520.1875,-24257.959638773602,-610973.1875,-24257.959638773602,300,0.0,1.0,1,0.3309423309253259,neural_residual_deep
0.9966666666666667,0.0,0.9991894960403442,300,1,0.0,2026092704,-23169.138821614582,4,-20509.126953125,-23169.138821614582,-25406.765625,-23169.138821614582,300,0.0,1.0,1,0.08249887667322242,neural_residual_deep
1.0,0.0,0.9986263140042623,300,2,0.0,2026092704,-22632.316471354166,4,-14038.548828125,-22632.316471354166,-24574.96875,-22632.316471354166,300,0.0,1.0,1,0.11112686252906656,neural_residual_deep
0.9833333333333333,0.0,0.9981225313742955,300,3,0.0,2026092704,-23001.16021077474,4,1132.475341796875,-23001.16021077474,-24915.26171875,-23001.16021077474,300,0.0,1.0,1,0.13281513308148696,neural_residual_deep
0.9866666666666667,0.0,0.9948582658171654,300,1,0.0,2026092704,-23038.641243489583,6,-15437.158203125,-23038.641243489583,-270619.1875,-23038.641243489583,300,0.0,1.0,1,0.09440671675275614,neural_residual_deep
0.9866666666666667,0.0,0.9939415416121483,300,2,0.0,2026092704,-22659.027272135416,6,-13901.150390625,-22659.027272135416,-237097.1875,-22659.027272135416,300,0.0,1.0,1,0.09247282104454002,neural_residual_deep
0.98,0.0,0.9923021006087462,300,3,0.0,2026092704,-22575.722891438803,6,-3095.299072265625,-22575.722891438803,-172514.359375,-22575.722891438803,300,0.0,1.0,1,0.15161796255188054,neural_residual_deep
0.9366666666666666,0.0,0.8593488229314487,300,1,0.0,2026092704,-20772.708798828124,8,450508.75,-20772.708798828124,-226374.15625,-20772.708798828124,300,0.0,1.0,1,0.2740185239144006,neural_residual_deep
0.9566666666666667,0.0,0.8749892761806647,300,2,0.0,2026092704,-21225.562836812336,8,4392.654296875,-21225.562836812336,-204099.90625,-21225.562836812336,300,0.0,1.0,1,0.25608219165020474,neural_residual_deep
0.9333333333333333,0.0,0.8787944091359774,300,3,0.0,2026092704,-19687.938111012776,8,541056.9375,-19687.938111012776,-396135.09375,-19687.938111012776,300,0.0,1.0,1,0.2844837095899808,neural_residual_deep
1.0,0.0,0.9987207810084026,300,1,0.0,2026092704,-22064.192858072918,1,-19434.201171875,-22064.192858072918,-24899.802734375,-22064.192858072918,300,0.0,1.0,2,0.058143859180830315,neural_residual_deep
1.0,0.0,0.9987414896488189,300,2,0.0,2026092704,-21583.2346875,1,-18921.12890625,-21583.2346875,-23712.373046875,-21583.2346875,300,0.0,1.0,2,0.06411409061436457,neural_residual_deep
1.0,0.0,0.9984172634283701,300,3,0.0,2026092704,-22135.415572916667,1,-19751.6796875,-22135.415572916667,-24196.537109375,-22135.415572916667,300,0.0,1.0,2,0.08822637427494795,neural_residual_deep
0.9833333333333333,0.0,0.8800891214609146,300,1,0.0,2026092704,-22153.40174621582,3,80448.65625,-22153.40174621582,-95076.3046875,-22153.40174621582,300,0.0,1.0,2,0.1569646221290223,neural_residual_deep
0.9933333333333333,0.0,0.877268965219458,300,2,0.0,2026092704,-21170.907107289633,3,12866.681640625,-21170.907107289633,-106148.5234375,-21170.907107289633,300,0.0,1.0,2,0.1581964815823529,neural_residual_deep
0.9833333333333333,0.0,0.8882330258687338,300,3,0.0,2026092704,-19384.25474866231,3,489075.03125,-19384.25474866231,-99052.359375,-19384.25474866231,300,0.0,1.0,2,0.20075320366139948,neural_residual_deep
0.9866666666666667,0.0,0.9545144002139568,300,1,0.0,2026092704,-15601.102389322916,4,488752.28125,-15601.102389322916,-503510.03125,-15601.102389322916,300,0.0,1.0,2,0.13277173102596296,neural_residual_deep
0.9866666666666667,0.0,0.9807366546740135,300,2,0.0,2026092704,-20197.78306681315,4,508878.125,-20197.78306681315,-562488.375,-20197.78306681315,300,0.0,1.0,2,0.18893355304467763,neural_residual_deep
0.9766666666666667,0.0,0.9833251300702492,300,3,0.0,2026092704,-24374.858152669272,4,52141.28515625,-24374.858152669272,-533169.375,-24374.858152669272,300,0.0,1.0,2,0.06135630535552017,neural_residual_deep
1.0,0.0,0.9954308191935222,300,1,0.0,2026092704,-22650.558255208332,6,-19642.076171875,-22650.558255208332,-31095.6796875,-22650.558255208332,300,0.0,1.0,2,0.04714624228528841,neural_residual_deep
1.0,0.0,0.9979568711916605,300,2,0.0,2026092704,-22341.060983072915,6,-20186.369140625,-22341.060983072915,-25786.19140625,-22341.060983072915,300,0.0,1.0,2,0.036601487126182164,neural_residual_deep
1.0,0.0,0.9987439831097921,300,3,0.0,2026092704,-22441.754010416666,6,-19984.583984375,-22441.754010416666,-24038.400390625,-22441.754010416666,300,0.0,1.0,2,0.022953205696434775,neural_residual_deep
1.0,0.0,0.9081011878947417,300,1,0.0,2026092704,-21003.09012682597,8,28203.36328125,-21003.09012682597,-98927.9453125,-21003.09012682597,300,0.0,1.0,2,0.08004872862525547,neural_residual_deep
1.0,0.0,0.9055181274811427,300,2,0.0,2026092704,-20531.140282058717,8,47107.25,-20531.140282058717,-76422.125,-20531.140282058717,300,0.0,1.0,2,0.08116475210651808,neural_residual_deep
1.0,0.0,0.9105378817518552,300,3,0.0,2026092704,-22384.335665690105,8,14195.4716796875,-22384.335665690105,-496795.40625,-22384.335665690105,300,0.0,1.0,2,0.08833718130970969,neural_residual_deep
1.0,0.0,0.9987421586116155,300,1,0.0,2026092704,-22931.140227864584,1,-19074.873046875,-22931.140227864584,-25098.576171875,-22931.140227864584,300,0.0,1.0,3,0.15823642758492462,neural_residual_deep
0.9966666666666667,0.0,0.9988671799500783,300,2,0.0,2026092704,-22377.433307291667,1,-16658.80859375,-22377.433307291667,-29830.681640625,-22377.433307291667,300,0.0,1.0,3,0.13263608764393986,neural_residual_deep
0.9966666666666667,0.0,0.9978403655687967,300,3,0.0,2026092704,-22819.563631388348,1,-440.51129150390625,-22819.563631388348,-28203.619140625,-22819.563631388348,300,0.0,1.0,3,0.11515587264631721,neural_residual_deep
0.95,0.0,0.865618384530147,300,1,0.0,2026092704,-21195.431389770507,3,612900.1875,-21195.431389770507,-441303.46875,-21195.431389770507,300,0.0,1.0,3,0.2414430775391997,neural_residual_deep
0.9333333333333333,0.0,0.8713305069506169,300,2,0.0,2026092704,-21528.43489250183,3,265072.9375,-21528.43489250183,-97111.40625,-21528.43489250183,300,0.0,1.0,3,0.24760268551445386,neural_residual_deep
0.9066666666666666,0.0,0.8631079876050353,300,3,0.0,2026092704,-18159.263392944336,3,492900.09375,-18159.263392944336,-99733.5859375,-18159.263392944336,300,0.0,1.0,3,0.2839033310861492,neural_residual_deep
0.98,0.0,0.9924259837468465,300,1,0.0,2026092704,-23087.82831258138,4,-2014.2171630859375,-23087.82831258138,-63384.9765625,-23087.82831258138,300,0.0,1.0,3,0.09307610922784848,neural_residual_deep
0.96,0.0,0.9915273221333821,300,2,0.0,2026092704,-22005.049450683593,4,163272.875,-22005.049450683593,-29471.982421875,-22005.049450683593,300,0.0,1.0,3,0.1325583361892413,neural_residual_deep
0.9833333333333333,0.0,0.9860645049065352,300,3,0.0,2026092704,-23351.807674967447,4,33403.87109375,-23351.807674967447,-303930.8125,-23351.807674967447,300,0.0,1.0,3,0.09483106969954413,neural_residual_deep
0.99,0.0,0.9995619833469391,300,1,0.0,2026092704,-22036.864798177085,6,-18655.6875,-22036.864798177085,-23398.740234375,-22036.864798177085,300,0.0,1.0,3,0.028816672644468966,neural_residual_deep
1.0,0.0,0.9995536784331004,300,2,0.0,2026092704,-22094.688385416666,6,-20940.001953125,-22094.688385416666,-23784.7734375,-22094.688385416666,300,0.0,1.0,3,0.022763617551718518,neural_residual_deep
1.0,0.0,0.9996031298240026,300,3,0.0,2026092704,-22472.7951171875,6,-20929.408203125,-22472.7951171875,-24151.763671875,-22472.7951171875,300,0.0,1.0,3,0.02112869505088899,neural_residual_deep
0.9366666666666666,0.0,0.8408772169239819,300,1,0.0,2026092704,-17307.98534301758,8,560956.25,-17307.98534301758,-262169.78125,-17307.98534301758,300,0.0,1.0,3,0.32702981644217444,neural_residual_deep
0.98,0.0,0.8444221367438635,300,2,0.0,2026092704,-19846.144803466796,8,541814.9375,-19846.144803466796,-238445.421875,-19846.144803466796,300,0.0,1.0,3,0.30489619629499076,neural_residual_deep
0.9766666666666667,0.0,0.8163974509636561,300,3,0.0,2026092704,-12324.808023910522,8,617916.3125,-12324.808023910522,-577506.5625,-12324.808023910522,300,0.0,1.0,3,0.3504035916257704,neural_residual_deep
1.0,0.0,0.9997017898162206,300,1,0.0,2026092704,-12186.958955078126,1,-10876.2939453125,-12186.958955078126,-13452.248046875,-12186.958955078126,300,0.0,1.0,4,0.010827897582259771,neural_residual_deep
1.0,0.0,0.9996826122204463,300,2,0.0,2026092704,-12152.860891927083,1,-10567.009765625,-12152.860891927083,-13546.9658203125,-12152.860891927083,300,0.0,1.0,4,0.015632623383387223,neural_residual_deep
1.0,0.0,0.9997086195151011,300,3,0.0,2026092704,-11981.437057291667,1,-10768.1123046875,-11981.437057291667,-13070.76171875,-11981.437057291667,300,0.0,1.0,4,0.01918540245390199,neural_residual_deep
0.9633333333333334,0.0,0.8342477931827307,300,1,0.0,2026092704,-10820.90757446289,3,606852.0625,-10820.90757446289,-553874.5625,-10820.90757446289,300,0.0,1.0,4,0.3108748460767956,neural_residual_deep
0.9533333333333334,0.0,0.8177648937702179,300,2,0.0,2026092704,-13117.563010101318,3,543099.8125,-13117.563010101318,-582237.25,-13117.563010101318,300,0.0,1.0,4,0.27167302424392703,neural_residual_deep
0.94,0.0,0.7870791389172276,300,3,0.0,2026092704,-7291.635153617859,3,622686.0,-7291.635153617859,-616600.1875,-7291.635153617859,300,0.0,1.0,4,0.3646520470813509,neural_residual_deep
1.0,0.0,0.9983373133341471,300,1,0.0,2026092704,-12843.360208333334,4,-10647.2158203125,-12843.360208333334,-15868.83984375,-12843.360208333334,300,0.0,1.0,4,0.020393167911151755,neural_residual_deep
1.0,0.0,0.9971807022889455,300,2,0.0,2026092704,-12609.797067057292,4,-9167.263671875,-12609.797067057292,-15754.1220703125,-12609.797067057292,300,0.0,1.0,4,0.02372651240620205,neural_residual_deep
1.0,0.0,0.994736109127601,300,3,0.0,2026092704,-14361.629742838542,4,-10348.0478515625,-14361.629742838542,-509598.1875,-14361.629742838542,300,0.0,1.0,4,0.025751688161282593,neural_residual_deep
0.99,0.0,0.9805895109474659,300,1,0.0,2026092704,-13043.826184895834,6,163459.546875,-13043.826184895834,-579876.8125,-13043.826184895834,300,0.0,1.0,4,0.08194959453466855,neural_residual_deep
0.9966666666666667,0.0,0.9744761701424917,300,2,0.0,2026092704,-11046.928647155763,6,16647.359375,-11046.928647155763,-22569.498046875,-11046.928647155763,300,0.0,1.0,4,0.10686150695331242,neural_residual_deep
0.9966666666666667,0.0,0.9873833298186461,300,3,0.0,2026092704,-10715.544656575521,6,220832.859375,-10715.544656575521,-18375.380859375,-10715.544656575521,300,0.0,1.0,4,0.0800407754796385,neural_residual_deep
1.0,0.0,0.8916868689407905,300,1,0.0,2026092704,-8880.49575302124,8,330305.1875,-8880.49575302124,-36389.27734375,-8880.49575302124,300,0.0,1.0,4,0.14218860004876144,neural_residual_deep
0.9966666666666667,0.0,0.8893355586131414,300,2,0.0,2026092704,-11499.081474787394,8,42320.04296875,-11499.081474787394,-106413.0390625,-11499.081474787394,300,0.0,1.0,4,0.14063521926643574,neural_residual_deep
0.99,0.0,0.8946144796411196,300,3,0.0,2026092704,-12472.267841288249,8,23379.1796875,-12472.267841288249,-472079.09375,-12472.267841288249,300,0.0,1.0,4,0.18746734924370267,neural_residual_deep
1.0,0.0,0.9985529824097952,300,1,0.0,2026092704,-20179.50728515625,1,-17820.69140625,-20179.50728515625,-22284.58984375,-20179.50728515625,300,0.0,1.0,5,0.03651952604733388,neural_residual_deep
0.9933333333333333,0.0,0.998565810918808,300,2,0.0,2026092704,-20282.956861979168,1,-16371.84765625,-20282.956861979168,-22749.0546875,-20282.956861979168,300,0.0,1.0,5,0.04198206836097673,neural_residual_deep
0.99,0.0,0.997731768488884,300,3,0.0,2026092704,-20415.447024739584,1,-18463.630859375,-20415.447024739584,-22537.9375,-20415.447024739584,300,0.0,1.0,5,0.04237589043851564,neural_residual_deep
0.98,0.0,0.8766845100124677,300,1,0.0,2026092704,-19625.03742960612,3,16550.4140625,-19625.03742960612,-124709.3515625,-19625.03742960612,300,0.0,1.0,5,0.08218322316639648,neural_residual_deep
0.9833333333333333,0.0,0.8878560337424278,300,2,0.0,2026092704,-19126.945930887858,3,262821.46875,-19126.945930887858,-76552.3125,-19126.945930887858,300,0.0,1.0,5,0.06930045735526102,neural_residual_deep
0.9866666666666667,0.0,0.8658727371195952,300,3,0.0,2026092704,-17358.69468465169,3,496442.8125,-17358.69468465169,-270683.96875,-17358.69468465169,300,0.0,1.0,5,0.06524397063483167,neural_residual_deep
0.9966666666666667,0.0,0.9919818715751171,300,1,0.0,2026092704,-19742.31517578125,4,144524.046875,-19742.31517578125,-153345.0,-19742.31517578125,300,0.0,1.0,5,0.08867331822397606,neural_residual_deep
0.99,0.0,0.9833062568306923,300,2,0.0,2026092704,-21667.58068359375,4,-10637.8173828125,-21667.58068359375,-217863.453125,-21667.58068359375,300,0.0,1.0,5,0.13176112369895132,neural_residual_deep
0.99,0.0,0.982509353607893,300,3,0.0,2026092704,-21725.051258951822,4,-2253.889404296875,-21725.051258951822,-239948.171875,-21725.051258951822,300,0.0,1.0,5,0.12916740841355634,neural_residual_deep
1.0,0.0,0.9970015901327133,300,1,0.0,2026092704,-18900.94838541667,6,-16564.119140625,-18900.94838541667,-21957.5,-18900.94838541667,300,0.0,1.0,5,0.17025376544841753,neural_residual_deep
1.0,0.0,0.9979795678456624,300,2,0.0,2026092704,-18715.40726236979,6,-15966.869140625,-18715.40726236979,-22037.232421875,-18715.40726236979,300,0.0,1.0,5,0.15763246002578546,neural_residual_deep
1.0,0.0,0.9951539301872253,300,3,0.0,2026092704,-18021.071728515624,6,-6698.458984375,-18021.071728515624,-22221.98046875,-18021.071728515624,300,0.0,1.0,5,0.1343584320153266,neural_residual_deep
0.9866666666666667,0.0,0.9236229381958644,300,1,0.0,2026092704,-20494.906968536376,8,19617.720703125,-20494.906968536376,-282722.0,-20494.906968536376,300,0.0,1.0,5,0.06419162447258009,neural_residual_deep
0.9866666666666667,0.0,0.9255151661237081,300,2,0.0,2026092704,-20989.74442586263,8,876.0730590820312,-20989.74442586263,-48763.5859375,-20989.74442586263,300,0.0,1.0,5,0.0726857535715335,neural_residual_deep
0.99,0.0,0.9128801691532135,300,3,0.0,2026092704,-19253.109247233075,8,6383.14892578125,-19253.109247233075,-86005.375,-19253.109247233075,300,0.0,1.0,5,0.06732599431427655,neural_residual_deep
