row,epoch,mean_loss,epoch_seconds,tx,dom,adv,orth,cons,group_ce,fishr,proto,open_world_feat,zid_compact,proxy_unknown,soft_unknown_mixup,source_episode,sat_cls,unlabeled_ce,unlabeled_entropy
C2,1,16.92733336468132,53.663648943882436,12.509137990523358,2.713561028850322,2.7179068497249057,0.0004681919289192147,0.0,12.965909159913355,0.013832302155847452,0.2842652408444152,0.0,0.0,0.0,0.0,0.0,0.0,,
C2,2,16.182343521896673,49.72401209408417,11.892772168529277,2.646048677210905,2.7098108943627803,0.0005674400023536339,0.0,12.228721540801379,0.0131104709200409,0.2445977372782571,0.0,0.0,0.0,0.0,0.0,0.0,,
C2,3,14.695684024265834,64.73918513720855,10.754297061842315,2.3384199920965703,2.706042528152466,0.0010172031826947872,0.0,11.731901460764359,0.013989552969531137,0.2654440603694137,0.0,0.0,0.0,0.0,0.0,0.0,,
C2,4,12.295450872304489,63.82083712890744,8.70506528932221,2.0817514584988963,2.70413453238351,0.000687886841419362,0.0,10.556676261279048,0.01370639602976794,0.319255030276824,0.0,0.0,0.0,0.0,0.0,0.0,,
C2,5,11.256803707200653,68.17006001388654,7.825359363945163,1.9759051094249802,2.703586583234826,0.000619261975195829,0.0,9.89500244296327,0.012510319202378089,0.3263881109198745,0.0,0.0,0.0,0.0,0.0,0.0,,
C2,6,10.350270718944316,68.21960525680333,7.058949431594537,1.876145642630908,2.6985937429934133,0.0006087725074505623,0.0,9.40565351564057,0.012721763258533818,0.3262154788387065,0.0,0.0,0.0,0.0,0.0,0.0,,
C2,7,9.264843366584,65.70982481259853,6.109015445319974,1.82331083258804,2.6976079356913663,0.0005926444425071799,0.0,8.374940930580607,0.012149663242910589,0.34595316830946476,0.0,0.0,0.0,0.0,0.0,0.0,,
C2,8,8.698638624074508,67.26233364082873,5.589604966494502,1.7853349666206204,2.6946139481602884,0.000566492462411941,0.0,8.246986213995486,0.01114787370422665,0.36449412606200393,0.0,0.06665406391328695,0.0,0.0,0.0,0.0,,
C2,9,8.89937770609953,65.70767144812271,5.8288198490532075,1.7234155158607327,2.6944310032591527,0.0005703786262120976,0.0,8.512859354213793,0.009795422665774822,0.3892044266875909,0.0,0.13520431077601958,0.0,0.0,0.0,0.0,,
C2,10,7.460344878994689,68.70915016904473,4.564316399243413,1.631910200021705,2.6916203596154036,0.000610879534197382,0.0,7.459610569233797,0.009255463342961609,0.35468903366400273,0.0,0.19943440751153596,0.0,0.0,0.0,0.0,,
C2,11,7.910536950948287,69.16869141720235,4.960774893663367,1.658609314840667,2.6890761122411613,0.0006589348722256397,0.0,7.77603006362915,0.008391724210422563,0.3739265325118084,0.0,0.2718121789547862,0.0,0.0,0.0,0.0,,
C2,12,8.848815392474739,77.21432936331257,5.85322597318766,1.6442524073075275,2.6886465598125846,0.0006628322084814462,0.0,8.498596634183611,0.009338372329972228,0.39968887153936894,0.005805452211702965,0.3452476147486239,0.0,0.0,0.0,0.0,,
C2,13,7.833409319118577,76.79738315194845,4.958780249770807,1.5972253473437563,2.6868737619750354,0.0008374418699828794,0.0,7.555942277519071,0.00862885329264159,0.3775410676489071,0.010708609671921146,0.4076345398717997,0.0,0.0,0.0,0.0,,
C2,14,7.504302180543238,78.4365319358185,4.71318046170838,1.531648300131973,2.6847879837970345,0.0007370010345618298,0.0,7.310220747577901,0.008618177950610312,0.375035928220165,0.016359227424373433,0.4775054837976183,0.0,0.0,0.0,0.0,,
C2,15,6.986501002798275,76.35749741224572,4.2350093320924405,1.5277965895983638,2.6827811124373455,0.0008393502449711822,0.0,6.8450038676359215,0.008732206397214714,0.35442446871679656,0.02038100911114289,0.5393797293001291,0.0,0.0,0.0,0.0,,
C2,16,7.928897448948452,84.96022083377466,5.081800806279085,1.5596342889630064,2.6814113879690367,0.0007057151037306354,0.0,7.613080705915179,0.008430146797541149,0.3766412491701087,0.028145880989578306,0.6200783897419365,0.0,0.0,0.0,0.0,,
C2,17,7.405591614392339,84.14494684990495,4.463382012990056,1.4974218777247839,2.6786171124905955,0.0006897701431607486,0.4313277504882034,6.766037420350678,0.007736431358724224,0.37070996968113645,0.030764110120279447,0.6751354069125896,0.0,0.0,0.0,0.0,,
C2,18,8.532327189737437,84.93429830111563,5.416135736874172,1.5544259085947154,2.6775706203616396,0.0006822492821588732,0.4315038803888827,7.772042892417129,0.008845540538088096,0.38792649519686795,0.04165951535105705,0.762806844954588,0.0,0.0,0.0,0.0,,
C2,19,7.454777960874597,83.50595529889688,4.502470050539289,1.481536098888942,2.6773504481023673,0.0007982842065275133,0.42653830258213743,6.9264613122356185,0.0072351824064567985,0.37771740738226445,0.044057718193044465,0.8216990536572982,0.0,0.0,0.0,0.0,,
C2,20,7.170695115108879,111.20552503177896,4.303473504222169,1.4244746383355589,2.676592899828541,0.0007697576478750882,0.4212416380035634,6.636399901643092,0.007884046162611671,0.362492100316651,0.04919983233724322,0.8866406156092274,0.0,0.0,0.004472002501086313,0.0,,
C2,21,7.532710391647962,129.87417063117027,4.52894292072374,1.5143859410772518,2.6739137513296947,0.0008664957805398889,0.4122242702513325,7.0076764603050385,0.008039990335474817,0.3637960309884986,0.05322508213623446,0.9557073469064674,0.0,0.0,0.008686978170382125,0.0,,
C2,22,6.043268228063778,112.41537863109261,3.3569204880266774,1.3441151818450616,2.6673291508032353,0.0010830020378771409,0.39450374549748946,5.679394707387807,0.006588294028247498,0.3311946130528742,0.05013543489027997,0.9928588137334707,0.0,0.0,0.011922643272852411,0.0,,
C2,23,6.209932405121473,126.67807874409482,3.5280138132523517,1.329405529158456,2.668670955969363,0.0008888410939478638,0.3914373310244813,5.712681293487549,0.006883750184990314,0.3348285610578498,0.05706516676107232,1.0600420577185494,0.0,0.0,0.015436445666971256,0.0,,
C2,24,7.721664813100075,128.21216072607785,4.7660048275577775,1.4321069303823977,2.662491243712756,0.0008301495242393481,0.42597323656082153,7.148848154106918,0.007744272272767765,0.3771493884981895,0.07753966885561846,1.1777595938468466,0.0,0.0,0.023390083820844183,0.0,,
C2,25,7.752250564341643,134.1874553556554,4.735927817772846,1.5084415333611625,2.6733429431915283,0.0008191604196029829,0.405371044971505,6.918744019099644,0.007943497248450103,0.37796011384652584,0.08240055384076371,1.242194878811739,0.0,0.1409036847097533,0.025183603813757702,0.0,,
C2,26,6.38988226287219,154.0472139096819,3.650719552623982,1.3625435829162598,2.666129778842537,0.0009653224123936451,0.39745078828870034,5.726478479346451,0.006467369708175562,0.345954489951231,0.07748994018350329,1.2785013622167158,0.0,0.24891330210530027,0.02841039142590396,0.0,,
C2,27,8.161331225414665,135.20113056665286,5.0983568113677356,1.4900267270146583,2.669106906774093,0.0008853160795798449,0.4022049587600085,7.331668469370628,0.008313276572152972,0.386031908040144,0.10223656550657992,1.395322043068555,0.0,0.4288967300434502,0.033161575012669274,0.0,,
C2,28,6.488388314539073,128.82418732577935,3.768719789933185,1.28077651529896,2.663469903323115,0.0011536464450301184,0.39379136598840053,6.118108374731881,0.0070688022557189875,0.34857133091712483,0.08948141496096339,1.4194464951145405,0.0,0.49084687658718656,0.03650319367191013,0.0,,
C2,29,7.517058873663143,131.57640313729644,4.5611297159778825,1.4299761202870582,2.6719707372237225,0.0011403173438691515,0.39768892344163387,6.750407934188843,0.0071021975445732174,0.37966274363654,0.11329531776053565,1.5281179729773073,0.0,0.6783457076062962,0.04201302764823242,0.0,,
C2,30,5.6945842090918095,131.98738879989833,3.1189165164013297,1.2287743602480208,2.6624575683048795,0.0014528916149081814,0.3758689596944926,5.180243180722607,0.00621313749508438,0.32456205207474376,0.08491736483208988,1.5178526275011959,0.0,0.7324355384524988,0.04070244611678075,0.0,,
C2,31,7.452936415769616,153.22305362159386,4.517112915613214,1.4105296706666752,2.6697061159172835,0.0010966603713685038,0.38447046584012556,6.578012763237466,0.006692292365929758,0.3727027515367586,0.11578994852547743,1.6420592045297429,0.0,0.9398493754620455,0.045728091644693394,0.0,,
C2,32,7.87037104489852,133.94958953000605,4.851615821828648,1.4250880151378864,2.6656088147844588,0.0011925006642277182,0.38722359160987696,7.065999269485474,0.007833333633726045,0.38323642891280507,0.12597313416855677,1.7178004663817736,0.0,1.1324800873289302,0.05132479452509053,0.0,,
C2,33,5.858937088324099,130.36405165307224,3.25292630098304,1.2285441610277916,2.651665838397279,0.0015500019570546491,0.36549212981243523,5.226362661439545,0.005781731946032723,0.3274081583533968,0.10649111745308856,1.6525810129788456,0.0,1.0782122429536314,0.05026428352053068,0.0,,
C2,34,6.733938231760142,128.447381217964,3.9697701906671328,1.2884663075816876,2.6646002506723208,0.0014399345570697676,0.3720197744515477,5.931211493453201,0.006612605579216413,0.35389355007483037,0.12637559073616048,1.688931552731261,0.0,1.3056268801494522,0.056026303418436826,0.0,,
C2,35,4.8429839027171235,133.86112203681841,2.4542313692521076,1.0823887075696672,2.6495407016909853,0.0016069474240422857,0.3659394669289492,4.509230380155603,0.004544550895082707,0.2936348957674844,0.09917140166674342,1.6127460878722522,0.0,1.1956974645050205,0.058721152799470086,0.0,,
C2,36,6.97055181191892,135.67233467381448,4.1444830602529095,1.2853969736975066,2.658365852978765,0.0014973458503159142,0.3640847035816738,6.327592990836319,0.006176162116723705,0.351735632638542,0.12905187038134555,1.6719956641294518,0.0,1.5320007825384334,0.05909691884049347,0.0,,
C2,37,7.452132614291444,129.8026622547768,4.530053821145271,1.3466206667374592,2.6629853978448983,0.0015745621022521233,0.37359048213277546,6.497531650017719,0.007005666213927372,0.3704191792984398,0.145091569165186,1.7222148861203874,0.0,1.7134376618326927,0.06762591950899484,0.0,,
C2,38,6.138730209700915,133.28710345970467,3.4568424078882956,1.2337471769780528,2.6596012893988163,0.0015459846733708162,0.36464724370411467,5.401307451481721,0.005721492056107643,0.33648428138421504,0.120965910885407,1.6650727330421915,0.0,1.6624888716911783,0.06885986904404601,0.0,,
C2,39,6.718985489436558,133.15962708368897,3.935185541912001,1.2524934727318433,2.657663175037929,0.0015566117826336045,0.374926609652383,5.974466919898987,0.006270834971789499,0.3504796313996218,0.14705730594542563,1.707643917628697,0.0,1.9162268079057032,0.07807189689911141,0.0,,
C2,40,5.266707396020695,132.54219271196052,2.79994481193776,1.085663869672892,2.658334814772314,0.002069058083235381,0.34885060057348133,4.709800559647229,0.004988595753033854,0.3048093221625503,0.11224721212472234,1.6330081783995336,0.0,1.8097846921609373,0.07098155575139183,0.0,,
C2,41,6.433023754431277,133.49573263013735,3.728852209996204,1.1693540702060776,2.6578686383305765,0.001684555613996499,0.36908023150599734,5.830137773435943,0.00573825485985346,0.3379138066452377,0.12390581206703673,1.6770362026837407,0.0,2.1015658986811734,0.08295738187675573,0.0,,
C2,42,5.828258991241455,129.7590508395806,3.225021991194511,1.1371290221506236,2.6577451521036575,0.0018481493046108102,0.3496202127057679,5.2056078180974845,0.005433028570984547,0.31962743279885275,0.12473308751169516,1.6615301516591285,0.0,2.095488176053884,0.08051277134491473,0.0,,
C2,43,4.90168926667194,132.3523297975771,2.4743408232319113,1.0723836555772899,2.659987503168534,0.0019538875355038375,0.3372901678085327,4.259993151742584,0.004291245623548724,0.29350935591726884,0.10397404531130985,1.6137140600048765,0.0,2.006172647281569,0.07589778524576402,0.0,,
C2,44,5.25506718791261,129.91981848562136,2.7621465982223046,1.077236412739267,2.656756255091453,0.0018626467668693702,0.34195137966652306,4.644395694440725,0.004669295571630402,0.3010476143384466,0.11271762475371361,1.627643490324215,0.0,2.282962086249371,0.08458671825272697,0.0,,
C2,45,5.992602664597181,138.74958157306537,3.3498764001593297,1.1250419458564447,2.659131643723468,0.0019135846909639255,0.3498398910979835,5.315395710419636,0.005452334709769609,0.32960884759620745,0.12153809745700991,1.6483907821227093,0.3304655725250439,2.492905835716092,0.08734364412268814,0.0,,
C2,46,6.339948848802216,146.47116462513804,3.5974753158433095,1.1931065661566598,2.6587449287881655,0.0019567759412968035,0.3613627029924977,5.431269129928277,0.0053810601369762906,0.34074651586766147,0.13949270926567972,1.6919158137574488,0.691165630914727,2.739025960163194,0.09243865478403714,0.0,,
C2,47,5.852290766579764,155.8823996866122,3.150420440703022,1.18115933695618,2.6591348745384993,0.002127196993773841,0.35420035160317714,5.118994428187,0.005410191491341257,0.31665781261969583,0.12539594118692438,1.664583286460565,0.9595970620914381,2.685427030738519,0.08809290985975947,0.0,,
C2,48,5.725124505101418,139.39207330392674,3.113933356440797,1.0963846773517376,2.6640810917834847,0.002118516462731498,0.3466826221164392,4.9559173729954935,0.005397951546391206,0.31898510364853605,0.12048213016621921,1.6606552114292068,1.3226942772767982,2.8068274454194673,0.0868354147034032,0.0,,
C2,49,6.6447507897201845,138.20111944712698,3.8038141301700046,1.2326716865812029,2.662717322913968,0.0018764199069534828,0.35249754908133524,5.535259327109979,0.005524444493598172,0.3459952631775214,0.13553939698910228,1.6749563363133644,1.7397005995925592,3.064179532381953,0.08720115298519329,0.0,,
C2,50,6.4350937239977775,140.16800330905244,3.6760836778854835,1.1307503349927006,2.6614451505699934,0.0018663202075059622,0.35171024531734235,5.571698344483668,0.0057918168010418205,0.34174824399607523,0.13776090490270634,1.689245834642527,2.1242255775295957,2.999991419363995,0.09137366385180123,0.0,,
C2,51,5.774670250561773,137.67082930868492,3.1423678179176484,1.076145361880867,2.663266031109557,0.0022482541882746605,0.33949202724865507,4.946920711167005,0.004865898487006067,0.32042816889529324,0.12349088596446174,1.645459627618595,2.335087564526772,2.88577870933377,0.08237604036623118,0.0,,
C2,52,5.608320245937425,139.3392638489604,3.0169186896207383,1.022752514907292,2.6633234121361555,0.002263757853996845,0.3437036786760603,4.932166296608594,0.004726270270742932,0.3077927666659258,0.11856679131790084,1.6438713098058895,2.6063962347653447,2.8326414969502665,0.08619303054803489,0.0,,
C2,53,6.117829682875652,140.03772588819265,3.4107661758150374,1.0809285263625943,2.659608485747357,0.0022909999142011286,0.3519823654573791,5.227655700274876,0.005106556975301735,0.32505930777715175,0.13062232983659725,1.6566079660337798,3.154500810467467,2.9810223263137194,0.08753720325018678,0.0,,
C2,54,5.704442063156439,137.13786920020357,3.0369143169753405,1.0759463127778501,2.6645429037055193,0.002075607253758864,0.33819972799748793,4.879692184681795,0.004774673998697984,0.31550244196337096,0.11473867814151609,1.639738569454271,3.2285776284276224,2.7749593111933493,0.08282558133407515,0.0,,
C2,55,6.146514235710611,143.31686388328671,3.381398165712551,1.1103821323842418,2.663397185656489,0.0023592560011857873,0.3508958244810299,5.19602066643384,0.005279338887740611,0.32966103784892026,0.1316091076908063,1.6732960866422069,3.763610771724156,2.892952641662286,0.08840041584810432,0.0,,
C2,56,5.500556639262608,137.4512690892443,2.8652509511733544,1.041999627132805,2.6703849082090416,0.0028163670652488967,0.3316002038060402,4.664295517668432,0.00481431477356284,0.3005503628935133,0.11250516605012272,1.6304069003280328,3.7366232677381865,2.81973549541162,0.07956059497534013,0.0,,
C2,57,6.028261934007917,138.40679772011936,3.2688430900476417,1.0689274291602933,2.6617001611359266,0.0021962019471138032,0.3490391939270253,5.218536055817896,0.005116339848966015,0.3154160188777106,0.1264753913392826,1.6672782581679675,4.440301296662311,2.948698562018725,0.09022174296634537,0.0,,
C2,58,6.15754340619457,132.9310817848891,3.365690075621313,1.097175654099912,2.666179909998057,0.002462992181512052,0.3330174763591922,5.131919019076289,0.005256204140058966,0.3316589195509346,0.12850519186075854,1.668337079943443,4.550127345688489,2.947633441613645,0.08269416799350661,0.0,,
C2,59,6.150605629901497,140.66773466579616,3.3817934509442775,1.0558850497615582,2.6701846220055403,0.002380050076718195,0.34554788105341855,5.116005502185043,0.004664086753369442,0.32633086552425306,0.13127677644393881,1.6711820412655265,5.252091855418925,2.9082016312346166,0.08791410907798884,0.0,,
C2,60,5.378353474091511,136.63384171389043,2.7387528784421025,1.0043473888416679,2.6684788295200894,0.002599245424938331,0.32126245267537173,4.519576432753582,0.004645780394119876,0.2975011702094759,0.11005530802875149,1.622483246180476,4.98393828528268,2.738337906039491,0.07885803662392558,0.0,,
C2,61,5.573413771025988,135.89014869974926,2.862316586533371,1.0385863951274328,2.6692326750074113,0.0030398893512177225,0.32677418814629927,4.6473775201914265,0.0046536442954378315,0.30208369907067745,0.1193366454420041,1.6489876800653887,5.313828833249151,2.724966273015859,0.08384428196111504,0.0,,
C2,62,6.455342137083715,160.66759949410334,3.5492886669781742,1.1198696299475066,2.672884600503104,0.00253622441826393,0.34133374660598986,5.23962817386705,0.0053177656806596765,0.33937454679790807,0.13415860947297545,1.6743758722227446,6.279506809857427,3.026168942451477,0.08836468217932449,0.0,,
C2,63,6.027926644500421,142.5596215846017,3.2002634296611863,1.0699309341761531,2.6685066417771943,0.00261267003477361,0.3380634133913079,4.959241132346952,0.005170245360278962,0.3221051759865819,0.12491970668945994,1.6629503211196588,6.2709338810979105,2.897936395236424,0.08435150023017611,0.0,,
C2,64,5.829366017361076,140.2936122608371,3.055375259749743,1.0068924451360897,2.6693516166842715,0.0027570354939932575,0.3428580736627384,4.899679612140266,0.004951604893811199,0.30910803255986197,0.11909572529245396,1.6548041640495768,6.594450376471695,2.913350394793919,0.08632624255759376,0.0,,
C2,65,5.862340124285951,137.28509229794145,3.075550928407786,1.0094363981363725,2.6734363400206274,0.0029415095543336807,0.33037642617614904,4.84845981062675,0.004642014824120062,0.3071944084094495,0.12059409467845547,1.647324800491333,6.827808749919035,2.8612742545653362,0.08559789337521913,0.0,,
C2,66,5.456099276639978,135.2290186882019,2.7625972525197633,0.9604966372859721,2.66683571192683,0.003067100898134617,0.32837239789719486,4.471904383630169,0.004363374288041829,0.3029844526733671,0.12198876308239236,1.6483189573093338,6.92075996982808,2.756829235018516,0.08343047831131488,0.0,,
C2,67,5.603426534302381,163.40678003197536,2.8818205327403787,0.9664892967866392,2.6709749601325212,0.0029978299295477457,0.33546458488824416,4.489718401918606,0.004323837535018671,0.30720190521405666,0.11226687048162733,1.6389439251958107,7.1593355062056565,2.7377126703456955,0.0850902263227166,0.0,,
C2,68,5.662128117619728,138.7611821242608,2.88148695230484,0.9846651177017056,2.669093540736607,0.002792954099203023,0.34447157139680823,4.630922144773055,0.0045829903374768185,0.308125129159616,0.11369640273707253,1.6455466674298656,7.357604367392404,2.7821943394991817,0.08830301277339458,0.0,,
C2,69,5.775705882481167,140.8474739533849,2.9983540341562156,0.974712190579395,2.6770542397791024,0.003262741341521697,0.33035315056236425,4.618390720717761,0.004500450076397547,0.3109713838416703,0.11793470603166795,1.64932711513675,8.142710199161451,2.865100220758088,0.08612504042685032,0.0,,
C2,70,4.7248446600777765,137.82786602480337,2.164265429487034,0.8815852695581864,2.6698218073163713,0.0034413601744596903,0.31327014249198293,3.9176859052813784,0.0036675632867144837,0.27027981104899423,0.09801952647311347,1.5971165992775742,7.16429598477422,2.5126957260832494,0.07494927091257912,0.0,,
C2,71,5.58955810021381,138.0109879677184,2.8588542293529122,0.962144287265077,2.667955067692971,0.003341777969451089,0.32874553969928194,4.43915395834008,0.004418681999335864,0.3072039162626072,0.11312058712450826,1.6342781125282755,7.926210607801165,2.691524077434929,0.083260144278103,0.0,,
C2,72,6.337705500271856,142.57381050195545,3.395069885618833,1.0606243208963044,2.675022402588202,0.0028049822422148356,0.340998112243049,5.096176013654592,0.004743671787151953,0.3284780556450085,0.12961273397109946,1.6756511610381457,8.538759066134084,2.8446484244599635,0.08963443281851252,0.0,,
C2,73,5.888664586203439,136.4267824003473,3.0470506871233183,0.999019420876795,2.6736167888252105,0.003081715468267378,0.33242030168066217,4.8698453708570835,0.004647759666039171,0.3110312001437557,0.1218088509096783,1.6553023226407109,8.182002816881452,2.860794541787128,0.08296090736985207,0.0,,
C2,74,5.579961411807002,138.95829555206,2.8514628288697224,0.9695306104056689,2.6787074293409074,0.0035162466016600423,0.33025723117954875,4.357524000868505,0.004506360209661023,0.31113734111493946,0.11245459964384838,1.638258593423026,7.694260908632862,2.699927356778359,0.08536950483614085,0.0,,
C2,75,5.65161504550856,135.67585446080193,2.9037071734058615,0.9409433238360346,2.6787856111721116,0.0036346501562677857,0.3306709473230401,4.646311654120075,0.00416394642064804,0.3066040219701066,0.12030785203892358,1.644554437423239,7.91810603044471,2.7725976583909016,0.08633863648437724,0.0,,
C2,76,5.951651592643893,143.6576360971667,3.1231659596063652,1.001260621207101,2.6849949165266387,0.003192360786131906,0.3275453953110442,4.754639450384646,0.004540186026133597,0.31949787632543214,0.12102587559089369,1.6543975314315484,7.975552996810602,2.8080330089646943,0.08274509769161137,0.0,,
C2,77,5.166925902269324,136.9241026341915,2.5439135474818095,0.8890518071700115,2.6775317338048197,0.004187618971479182,0.3290231106232624,4.2101872551197905,0.0035009465135196795,0.28743323257991243,0.10649636319401312,1.6144184968909439,7.586191663936693,2.6434861275614523,0.08684213702775995,0.0,,
C2,78,6.53243392340991,140.83656128961593,3.5680458740312226,1.040622165008467,2.6804063660757884,0.0030036953465575923,0.3308809226264759,5.328343488732163,0.005280721053595142,0.33550391726347867,0.14050371564772665,1.6888540764244235,8.819923595506317,2.9372024584789664,0.08495996523724526,0.0,,
C2,79,6.13456687635305,133.0552649879828,3.2698937447703615,0.9845507461197522,2.6750010908866417,0.003369334347460571,0.3325888544929271,5.082751536855892,0.004971097997978938,0.32464345103623915,0.12584469490209405,1.676826396766974,8.374018425844154,2.841539665144317,0.09027529568696509,0.0,,
C2,80,7.16129714615491,138.25031308503821,2.521930695188289,0.9149836277475163,2.67329740524292,0.003278402262367308,0.3208043794242703,4.335708126729848,0.0038018363340263615,0.28734842277303035,0.10977502003768269,1.6291128664600605,7.600111572109923,2.6293741488943296,0.08044005801178972,2.8987696657375412,,
C2,81,8.771087870305898,139.27166105573997,3.720030346695258,1.0470235055806685,2.6828512804848805,0.0029095372503471313,0.3501278806705864,5.323787076132638,0.005356055093995694,0.3450996562534449,0.13693958368836617,1.6931053740637643,9.02116348305527,3.0249512609170406,0.09497988368479574,3.053356039280794,,
C2,82,7.295308346651038,143.76285267993808,2.6296410074039382,0.9247467980092886,2.682019992750518,0.0038441559935359247,0.31857743646417347,4.322643484388079,0.004000955084291268,0.2913472035101482,0.10964857117862117,1.6252575090953283,7.7073012663393605,2.6572118778618012,0.07695909319635556,2.9202059507369995,,
C2,83,6.676993764176661,138.25256284838542,2.1583691926635042,0.9010696897701341,2.681338208062308,0.004385143390970129,0.3076171303281979,3.7049387827211495,0.003500490502824969,0.2680881531262884,0.09610257522031969,1.5922239507947649,7.164920417629943,2.4741883813118446,0.07108507153331017,2.8917490341225447,,
C2,84,7.136374274078681,137.78912930889055,2.521122563250211,0.9038552982466561,2.6819233213152205,0.004245998266590189,0.31108432856141305,4.121054414583712,0.0034985281301339213,0.288667903566847,0.10552620279545687,1.6041241032736642,7.665846513242138,2.619323496915856,0.07412345844263933,2.9256466116224016,,
C2,85,8.013334303486104,134.68454675888643,3.1635063095968596,0.9538910413274959,2.6800380142367617,0.0035748245718423277,0.3395073620640502,4.85535280801812,0.004713601299694606,0.3157433709319757,0.1228732737351437,1.674861185404719,8.458220919784235,2.8231695890426636,0.0903958402269957,3.0111115878942063,,
C2,86,6.356873502536696,139.83157659322023,1.9767780814852034,0.8153476617774185,2.679658442127461,0.004372604318409778,0.30034234085861516,3.552726863598337,0.0031245672084600187,0.2582399696111679,0.09163725117639619,1.577605743797458,6.810447644214241,2.5017790429446163,0.06985671806852428,2.853501190944594,,
C2,87,6.9141948806996245,137.58602460520342,2.539760308606284,0.8670374836240496,2.6783690306605124,0.004606140181137135,0.3057984731027058,4.0372892934448865,0.00382597308798351,0.2863727616412299,0.10295829534226535,1.5902843402356517,7.60663840235496,2.5522479013520845,0.0728029834904841,2.6487237215042114,,
C2,88,6.529307122133216,138.01476488774642,2.0995909462169724,0.8274405245878258,2.6787632728109556,0.0044632023366700324,0.29954003709919597,3.577033062370456,0.0034736952321527867,0.26306383311748505,0.09196308794982579,1.573221965711944,7.0140911802953605,2.414679123430836,0.06940685569935916,2.902911655756892,,
C2,89,7.030387946537563,138.9060446904041,2.5200677140026677,0.8875639073702754,2.6791692169345156,0.004304414196296272,0.32405814163538876,4.179609341280801,0.0038280576349910803,0.28622253147923216,0.10866420586802522,1.6218471624413315,7.462008417869101,2.623508565279902,0.08335351335759066,2.7812708786555698,,
C2,90,7.444861139569964,139.86172410892323,2.808833753576084,0.9150851101291423,2.677676940450863,0.004032935853928746,0.3233433420560798,4.469441592693329,0.00439121916519516,0.3031778016260692,0.11359312514565428,1.6376554163134829,8.060481295293691,2.700458151953561,0.08045722901517031,2.8530092458335723,,
C2,91,7.287088520672857,133.974966107402,2.76739403483819,0.8687652720480549,2.6858671441370126,0.0047060809298941145,0.3112024302993502,4.316108999203663,0.004147832558373921,0.2973196518664457,0.10935892335766433,1.6192650576027072,8.130266851308395,2.7082913700415165,0.07516668921298518,2.7837264270198587,,
C2,92,6.580823927509542,138.9850736972876,2.159298906520921,0.8427082738097833,2.6808238224107392,0.0042826477966832035,0.30393670256040534,3.775512169818489,0.003370172622119438,0.2654983893949158,0.08914743888438964,1.5751799807256581,6.916733303848578,2.5677821538886247,0.07027898037007876,2.819686682856813,,
C2,93,7.315878323146275,139.467971035745,2.765306837096506,0.9137867968909594,2.68427351056313,0.004392833661582625,0.31587712953285296,4.2758892275849165,0.00398536333671714,0.2980413065881145,0.11257236846247498,1.6382288470560191,7.733740942818778,2.6912583453314647,0.0804587191312897,2.7744943536057765,,
C2,94,8.124116814866358,138.49773944495246,3.3849535256016012,1.0338298605412852,2.6786473381276035,0.003184803723825655,0.3456888974321132,5.1140881180763245,0.005078885099038063,0.32995762235047865,0.1312456714483548,1.6984102920610078,8.549878645916374,2.89780534043604,0.09500603138336114,2.6676002740859985,,
C2,95,6.851938622338431,133.14036851888523,2.4886660271761367,0.8639745298697024,2.6734201129601924,0.00487040271548963,0.31155997879651126,4.100241347235077,0.003624225685097353,0.28619409641441035,0.10559512967509883,1.6160575467713025,7.592829869717968,2.579272970861318,0.0775056822339491,2.6225299372964974,,
C2,96,6.184053581588122,139.09639328997582,1.9433699767200314,0.7996194180177183,2.6790468449495277,0.004890596246993055,0.2978349851102245,3.373960005993746,0.0031408203708730184,0.25502424094141746,0.08629216386803559,1.5680162103808657,6.996916478993941,2.3999046038608163,0.0695095428322651,2.7141744433617103,,
C2,97,6.375653330160647,137.70207549491897,2.110292040267769,0.8221532665953344,2.6791708858645693,0.0052196684017853465,0.3086901574718709,3.572871371191375,0.003261286117331296,0.2592260451341162,0.09094905275471356,1.5821098867727785,7.143919633359325,2.548028396100414,0.07562053785184208,2.666468257806739,,
C2,98,6.826039713256213,138.6219628052786,2.4755792861082115,0.8786852238129597,2.681255880667239,0.004630910971544075,0.3130050654314002,3.9390005554471696,0.0035034619694651694,0.2770558267223592,0.0995459104983174,1.6014069148472376,7.503254073006766,2.6548449652535573,0.07761888943460522,2.6166615802414563,,
C2,99,7.553675335280749,135.12481680884957,2.967492505603907,0.9247751588724098,2.6838309813518912,0.004334863872808993,0.31054673815260125,4.4625332696097235,0.0043890718465708954,0.30982112580416155,0.11364822724491966,1.6203893569051002,8.27990724602524,2.6879109095553964,0.07471886429251456,2.7648412621751124,,
C2,100,7.1585197205446205,134.36143732024357,2.6920242516361936,0.8671826671580879,2.6838444641658237,0.004612250282068034,0.30862535232183885,4.244319080090036,0.003978960212481645,0.29004854632883653,0.10171775694708435,1.6157108545303345,7.708606116625727,2.667152433979268,0.07611415903939277,2.729358906648597,,
C2,101,6.774360209095235,138.53220455069095,2.37851004150449,0.858580681742454,2.6860371803750795,0.004317192575770753,0.30786648483908907,3.9457664757358786,0.003710364371096259,0.27667639541382694,0.0978316807625245,1.5976781139568406,7.42077991913776,2.578285261076324,0.07715064754747615,2.710777253520732,,
C2,102,7.336844604842517,141.01709289569408,2.8185906246000405,0.8982490301132202,2.6857506012429995,0.004105910309887377,0.32527447081342037,4.49377853651436,0.004462188628872818,0.29118526559703206,0.10789425648292716,1.6327945310242322,7.711445759753792,2.6615851339028804,0.08468735130617813,2.6973040955407277,,
C2,103,7.7367434404334245,135.4039799212478,3.1529379353231315,0.9620618503920886,2.6836588334064095,0.004056437390949102,0.3356188471828188,4.903266352050158,0.0044970497980770865,0.3134135999241654,0.1165241117075998,1.646742665037817,8.216620309012276,2.8296428286299413,0.08797257853557869,2.5981083402828293,,
C2,104,7.5624484188702645,139.70193698909134,3.0250035606476726,0.9237288565051799,2.6773969445909773,0.004767409156965168,0.3341674190394732,4.631317154485352,0.004129580408572315,0.30853576866947874,0.11598962986347627,1.6544892423006954,8.222240613431346,2.7768092496054515,0.08912307286292923,2.653621116463019,,
C2,105,8.240924090755229,136.47585233300924,3.614672215009222,1.0175671796409451,2.687038480019083,0.004042242191273396,0.34413921772217265,5.3210364117914315,0.005330923500432804,0.33811989517844454,0.12746869354527823,1.6808235207382514,8.95835407412782,2.927687387077176,0.08990697038112855,2.470489431400688,,
C2,106,6.356516317445404,138.4117081607692,2.1567702199123344,0.797450356337489,2.690394109609176,0.005321306180938299,0.2943709526134997,3.6245939415328357,0.0031924727396583376,0.26473207954241307,0.08638007444690685,1.5604424209010845,7.185585566929409,2.5551373350376987,0.06806265003979206,2.590763821893809,,
C2,107,6.359950352688225,132.2144236159511,2.177005657736136,0.7982638636413886,2.6861772050662918,0.0054439623182050275,0.30968876912885784,3.855826025106469,0.0035689188029655082,0.26269466992543666,0.08975096575307603,1.5837919590424518,7.234098317671795,2.4353985518825296,0.07464067786171728,2.5101253475461687,,
C2,108,6.447125960369499,139.9681585538201,2.250911522884758,0.8267140315503491,2.678069294715414,0.004852145926893822,0.30235936659939433,3.7360380535223046,0.003457085930918134,0.2642717422271261,0.09145041197842481,1.5767528183606205,7.3763739722115655,2.485518579580346,0.06937470028595048,2.5201439419571234,,
C2,109,6.125347833244168,134.15240280423313,2.0340159279959544,0.8129154200456581,2.681379016564817,0.005999062104597308,0.281084698073718,3.3518675079151077,0.0032314167652583246,0.2618621931392319,0.08794323507012153,1.548611762572308,7.088700333420111,2.4589243883989296,0.06062187364667046,2.4807910627248337,,
C2,110,6.228121334192704,137.28258484508842,2.095502495157475,0.7816482186317444,2.6834446508057264,0.00568464657586372,0.3001445775129357,3.6634375647622712,0.0034882283997626938,0.25829516199170327,0.08866002083737023,1.5704297435526946,7.105210391842589,2.3718943717528362,0.07111451276863108,2.510280506951468,,
C2,111,6.370832409177508,131.64989777328447,2.1381471829146754,0.8134436497882921,2.6831679246863542,0.005185090797734732,0.3092413952155989,3.7255718130238202,0.00368147725696742,0.25792074051438546,0.0884049122354814,1.5831614830056016,7.186419292372101,2.486539901519308,0.0759679202218445,2.5932390811491985,,
C2,112,5.88619740641847,136.8081567310728,1.891375367130552,0.7502248153394583,2.680866932382389,0.006217474840125259,0.29432410366681155,3.419663497379848,0.0029287457059859775,0.2397104760213774,0.08134868851273644,1.5556566617926773,6.781521923687993,2.3699572548574332,0.06842783834709197,2.4161900573847244,,
C2,113,6.255184582301548,133.68263591313735,2.074334671910928,0.8250711614988289,2.6782228703401527,0.0058768694051446356,0.30128455314101005,3.552736293296425,0.0033341727994040263,0.2520758126463209,0.08754706025427701,1.5886613349525296,7.063715613618189,2.482891231167073,0.07282077452662039,2.544653610307343,,
C2,114,6.297883476529803,139.66116356803104,2.1532158152181275,0.8756818649720173,2.681194407599313,0.005850079215763669,0.28620274547411473,3.4331061876550013,0.003269227624904098,0.2617555808047859,0.08714170248380729,1.5593681578733483,7.2550270703374125,2.5280916009630476,0.06366439547617825,2.445232238088335,,
C2,115,5.017615960568798,132.68693606415763,1.2947895481270186,0.6764624739179805,2.679040577946877,0.006527428036527138,0.2694948133157224,2.529099919358078,0.002197678589347598,0.20987946068754001,0.06846013919887495,1.5079034615536124,6.263786267261116,2.185936745332212,0.05529132861720056,2.3452408435393353,,
C2,116,5.49775996500132,136.06793385976925,1.5459097870150391,0.7543292732871308,2.6799889340692635,0.007060537998545535,0.2792606338554499,2.734553794471585,0.0025258400395503076,0.22724827211730333,0.07027349685679893,1.508616955912843,6.5885321169483415,2.19551906050468,0.05920363753577884,2.5151384776952317,,
C2,117,5.985394020469821,132.0218068631366,1.9553305512788344,0.7907487622329167,2.6862166025200667,0.0059098982648943,0.29708822284426006,3.3496437766114058,0.0029985098167065985,0.2500674131573463,0.08368640986024117,1.5627604552677699,7.022959485345957,2.4570339820822893,0.07002901027397233,2.419263195018379,,
C2,118,5.616257696735616,137.09082290809602,1.6654976965213308,0.7773434136595044,2.6866534291481483,0.00590901404538439,0.27863456400073305,2.953298444650611,0.0024698605684905636,0.23554173750536783,0.07413528023325668,1.5251928640871633,6.776317499121841,2.281984793896578,0.058930041724625896,2.42230702176386,,
C2,119,6.60584924172382,135.9698148719035,2.4936690640692807,0.8648700574222876,2.685695239475795,0.004665593439665604,0.3173266034953448,4.066963777250173,0.00375997765602696,0.27624348383777,0.0964386137392448,1.5989348985710923,7.419966853394801,2.5114767356794707,0.08183381592436713,2.2552551493352775,,
C2,120,6.596901071314909,132.53250694693998,2.3635623321241264,0.8648414696965899,2.6806002830972475,0.006654733421318993,0.30754413896677446,3.9234562552705103,0.003682637028871294,0.267485396290312,0.09157082845209813,1.5816206786097313,7.394257759561344,2.5758633832542266,0.07577583710758054,2.471518107822963,,
C2,121,5.478340163522837,136.337760171853,1.679609523439894,0.7930793604072259,2.6824561771081417,0.0068162809635693095,0.28464585633910433,2.8823177796237323,0.002792060297702401,0.23717373579132314,0.07276630439624494,1.514364556390412,6.663307014776736,2.34760447181001,0.06428158317445493,2.1944548256543217,,
C2,122,7.173968383244106,134.08185186283663,2.8315738549037857,0.9029514248273811,2.681812150137765,0.0058286038963290465,0.329588275782916,4.415513594539798,0.004303187920654915,0.29625025695684004,0.10484524854287809,1.6350268904043703,8.111874123008883,2.689860088484628,0.08688159798252948,2.448623080642856,,
C2,123,5.763962682412595,153.57304534409195,1.8289626672559856,0.8105686805686172,2.686572955579174,0.006201461608502634,0.28921657435748044,3.216528907114146,0.003036184513190647,0.24356831366918524,0.07723551954389835,1.537652426836442,6.923092219294334,2.37312295485516,0.06647246042076423,2.2848265049408893,,
C2,124,6.356165735089049,135.7808761447668,2.256394257350844,0.8594683542543528,2.687478834268998,0.005375252327435099,0.30404229218862494,3.709147574342027,0.0032875863594663502,0.26589264796704665,0.08698907677008182,1.5689769569708376,7.355305554915447,2.5117190905979703,0.07091663755020317,2.3317376910423744,,
C2,125,5.81438439719531,134.53703780798241,1.8903310268509144,0.7667499172444247,2.685623957186329,0.006317092909962319,0.28567613843752415,3.2937586952228934,0.0031024744479955,0.24432087552790738,0.08183519124072425,1.542963414776082,7.002117497580392,2.4048898293047536,0.062233105415896495,2.314907670021057,,
C2,126,6.061214928724328,134.57846717117354,2.0799411857614714,0.8102559690572777,2.68384152529191,0.005882850989499795,0.29829039044526157,3.5376264452934265,0.0033130406678834818,0.25428022778764064,0.08884681460960787,1.5748519532534542,6.96815502400301,2.5581166817217458,0.070321599705791,2.274745009383377,,
C2,127,6.130592594341356,132.62810571398586,2.1538800329578165,0.8012105421144136,2.6862180330315413,0.005640055471674862,0.3045790706362043,3.7178527220171325,0.0033210303363561326,0.2568797067720063,0.08927520904309895,1.5834211962563651,7.1924586101454135,2.437315322914902,0.07534881346687979,2.235859749268512,,
C2,128,6.067636509330905,135.82718408713117,2.0452170414584026,0.7741255699371805,2.6860860221239986,0.006076939123069716,0.29547681340149473,3.5491926074028015,0.0033661287785175125,0.25444829311906075,0.08311389367647316,1.555844175572298,7.20546953045592,2.4030700630071213,0.06802752408750203,2.385204573066867,,
C2,129,6.211431303802802,135.2000730219297,2.19944883001094,0.8050449143867103,2.678803959671332,0.006132437993667791,0.30375172197818756,3.8644439237458363,0.003432599395841398,0.25645454501619147,0.08932197622346635,1.5830664488734032,7.145503783712582,2.4821503284026165,0.07600041900818445,2.251496271211274,,
C2,130,5.58665233728837,133.77129768999293,1.7325156501361303,0.7678652582119923,2.682617221559797,0.006821360303640214,0.27741359569588486,3.068941358400851,0.00300540130975067,0.2379114938025572,0.07408471188831087,1.523388174115395,6.805707065426573,2.258170483063678,0.05903336316423149,2.2691012134357376,,
C2,131,5.279401093113179,154.60585630778223,1.5480878672429494,0.7060744391412151,2.686601108434249,0.006863208234010797,0.2770013124967108,2.8346538555865384,0.0025771385416915944,0.2246663892755703,0.06991000492505882,1.5065721516706505,6.551468635091976,2.260583838637994,0.05824219425950123,2.2346695320946828,0.0008897456771734948,0.010473569406114472
C2,132,7.019946297820733,151.8241463340819,2.8096635706570683,0.9097570229549797,2.682537604351433,0.0058195208316925455,0.33338581603400563,4.674730033290629,0.0045239328506535715,0.28965915526662556,0.10392135526148641,1.636318885550207,7.967762178304244,2.7445711870582734,0.09185986984901283,2.18232798576355,0.0018771407143201115,0.018909161729170034
C2,133,5.528990998560069,154.85238353908062,1.6813378051227452,0.7163960970177943,2.688549275300941,0.007020984640896169,0.2810679138923178,3.0963709804476522,0.0028995757029220766,0.2332875071739664,0.07457660621374237,1.5313561887157208,6.577130862644741,2.2899314651683884,0.06302617511198837,2.325930111262263,0.0006030866224338696,0.011287847155012876
C2,134,5.510796318248826,155.5187473730184,1.753691236583554,0.721122287365855,2.6868090240322813,0.007815117889549583,0.2879555565970285,3.0654989967540818,0.0028751847555157635,0.23639702462420173,0.07654868663117594,1.532289101153004,6.690657790826291,2.3633826241201286,0.06642808217783364,2.1917248891324412,0.0009941584649802607,0.009660736642556412
C2,135,6.115531780281845,150.9530416401103,2.234222469281177,0.7816666790417263,2.680484951758871,0.006441363669238149,0.3126067136015211,3.728173623279649,0.003732444002763463,0.2601586628933342,0.08968955346820306,1.590958410379838,7.150765428737718,2.440776681413456,0.07942235884161628,2.1233476424703794,0.0007284177778956871,0.009398024566099611
C2,136,6.168995594491764,155.03758334601298,2.191641568833468,0.8571516019957406,2.6813743163128287,0.006702547100591188,0.30828729180657133,3.5967566529098822,0.00367808784833368,0.2609415787215136,0.08530025073916328,1.5784435539829487,7.180320515924571,2.5157982208290877,0.07513889210412697,2.1843122730449753,0.0009328880571481639,0.01680484581711704
C2,137,5.669542341816182,154.18353904085234,1.8641299334715824,0.7696135482009576,2.6864328433056266,0.0067325842213978495,0.29063826647340035,3.0727244153314706,0.002955033955264038,0.24380277675025316,0.08012727484563176,1.5390497908300282,6.784238542829241,2.4276756072530943,0.06584935200077538,2.18846142535307,0.00047474112414812335,0.006972278076416062
C2,138,5.9536658355167935,174.42766805086285,2.1095003430940666,0.8090093810947574,2.6872120584760393,0.006913899543828198,0.2925711937096654,3.4464487658471477,0.003306512969750341,0.2573434330370961,0.08393633399842954,1.5614560453259214,7.3003879858523,2.4477225809681173,0.06734712847641536,2.0940090880102042,0.0012189778539419011,0.010151425221047991
C2,139,5.927332751604975,153.86368468403816,2.051061843122755,0.7801429830035385,2.684779619684025,0.006247404213799924,0.30682544197355,3.5098677131594442,0.0035746860468156673,0.24981135798960316,0.0840938421992623,1.5681340572785358,7.051252900337686,2.4858193640806237,0.07579085540634636,2.1696320212617213,0.0005506325808832632,0.007345562994090665
C2,140,5.227548725750982,150.6900038733147,1.5739412496284562,0.739392413776748,2.6858733770798664,0.007226693753998878,0.27408207557639297,2.758511338915144,0.0026074788733314227,0.22902661561965942,0.07299368440800784,1.5161965282595888,6.625969818660191,2.1769467494925676,0.05712151130167197,2.089585232491396,0.0009290951628374454,0.009939397707187578
C2,141,5.671675516634571,152.33365454291925,1.9303970899508924,0.759374452488763,2.6756969909278716,0.007239710217655389,0.297183523372728,3.393274023216598,0.0031402465508423975,0.24354715402028998,0.08182709409418154,1.5533043146133423,6.83132418807672,2.327466908766299,0.07282406477523702,2.037970876207157,0.0006348681159380476,0.015124325455134363
C2,142,6.794523453225895,153.29908697120845,2.692749007015812,0.8835215805744638,2.686602816289785,0.00604650379326052,0.3139279731074158,4.43184663385761,0.004184012379074393,0.28496865624067735,0.09902644047171485,1.6144215379442488,7.77758585676855,2.576781696202804,0.0779228578036537,2.1221789072970956,0.0022631399465469757,0.014043898572309648
C2,143,5.3327575313801665,165.0218137288466,1.6592049598693848,0.7210239068586,2.683017755041317,0.0073277797473936665,0.2808348706790379,3.1347291323603415,0.002767006754970216,0.23257427191247745,0.07356302375544091,1.5285789066431474,6.691735004892155,2.291229746779617,0.061146305303792566,2.0563467084145057,0.000568898207938287,0.009247955378580683
C2,144,5.291373627526419,158.56940094428137,1.6170485202147036,0.6689350051539285,2.6790951028162118,0.007856089198885828,0.2790927832223931,3.041253520517933,0.002497103047433632,0.22684109515073347,0.07330891672445804,1.5322510295984697,6.547579590155154,2.3578303030558994,0.062204672365772484,2.1585552436964854,0.0008259033878717367,0.011046184404013192
C2,145,5.623216385744056,153.39979310519993,1.9408808545190461,0.7729578912258148,2.6811983439387106,0.00812915853006119,0.2927764666323759,3.3754622997069847,0.003360997903284294,0.2440166476429725,0.07823554658311971,1.548615854613635,6.892172793952787,2.325551159527837,0.06724129024208808,1.932929236061719,0.0010486677843681664,0.012219367769125246
C2,146,6.7009692970587285,153.8696125196293,2.5880156927266897,0.8948005790613136,2.6796493384302877,0.006216076026582729,0.30907042172490334,4.225894414040507,0.004383280400509889,0.27710323279001275,0.09705375518877896,1.5946842577992653,7.501907669768041,2.576329698367995,0.07799723003135652,2.177871521638364,0.0007250069719524083,0.0077673103619185805
C2,147,6.08918360787995,148.05540971877053,2.1966077192705504,0.7827608238677589,2.682478899858436,0.006925538943709844,0.3082767648964512,3.8572474876228644,0.003592809039163308,0.256562099164846,0.08692043917063548,1.5758619624741224,6.918461342247165,2.5375341517584666,0.07551686541766536,2.1088817898108037,0.0013071447459644357,0.01135303429257837
C2,148,6.378324659503236,153.01622948003933,2.5002896058924344,0.8266108261079205,2.68355875599141,0.00655947832927602,0.31636732907927767,3.983652163525017,0.003878417866166719,0.27501734148482887,0.09633517637848854,1.5977039069545513,7.336076678061972,2.6645091382824644,0.08016820105590991,1.9871402468000139,0.0008658392465935152,0.008692068327646591
C2,149,5.9376740698911705,151.09745270898566,2.116091532062511,0.7940360307693481,2.6786157403673445,0.007114267511274286,0.30611800691302943,3.5795298994195703,0.003580849915588446,0.2600161226428285,0.08967266106331835,1.581748086578992,7.051878481495137,2.478341669452434,0.07425695783173551,2.0549279621669223,0.0004245282786254458,0.00899016642803445
C2,150,5.275445602378067,153.06790204672143,1.619913535458701,0.6832922538932489,2.680372515503241,0.008042948033033433,0.28691522959543736,3.0642774834924813,0.002755410612289965,0.2272219837320094,0.07385731309804382,1.5270874816544202,6.519145148141043,2.297869937760489,0.06682162538018761,2.1035099370138988,0.0008304295507213867,0.015826626530761875
C2,151,5.314271177564349,152.22925995476544,1.7350294413615246,0.706678285890696,2.6888869927853953,0.007692323002146975,0.2784136913868846,3.0342171769969317,0.002793153757419513,0.2338471677230329,0.07691567136468935,1.5232164616487465,6.720695359366281,2.449943793063261,0.06377037568968169,1.9584994510728486,0.0009510716870478546,0.011018956562545137
C2,152,5.838343260239582,151.72946629626676,2.110000492054589,0.7700961889052877,2.677966069202034,0.007134261337935696,0.3013055941888264,3.646063672036541,0.0036432877003585882,0.25171493997379224,0.08753407571692856,1.565580552938033,6.899494550666031,2.5044976399869334,0.07591783460609768,1.9399478362531077,0.000358631569990477,0.006176179076062128
C2,153,5.710365392723862,150.73341368883848,1.9981367527222147,0.7565763975892749,2.6759441434120643,0.008144710446964493,0.29902293487470977,3.4277922000203813,0.003559139350486197,0.24649476366383688,0.08249072635508313,1.5493994343037507,6.960925987788609,2.4109310106355317,0.07341260616952668,1.9896762444048512,0.00046676980159947225,0.010136549897016284
C2,154,4.888477388693362,149.82450277218595,1.3855791616500641,0.6703578008680927,2.6759616404163595,0.008945903032828046,0.27423808586840726,2.6164811359984532,0.0026095407309333738,0.21233613789081573,0.06701339758476432,1.4930978794487155,6.295298887758839,2.2413760302018146,0.06043929646589926,2.0108073949813843,0.0006406226507872257,0.012865612838428502
C2,155,5.184044740637955,156.16356168081984,1.6357996208327157,0.7121306207715249,2.6820775343447316,0.007050506179030909,0.2873559058928976,2.9653700918567423,0.002731048056858174,0.22878428959116645,0.07403123713269526,1.514480902224171,6.561795935338857,2.2669737290362924,0.06469467472361058,1.926435656693517,0.000570726681171645,0.008130934176654833
C2,156,5.6758178934759025,147.29011515295133,1.9212413776894004,0.7510272884855465,2.678191734819996,0.007513155407576385,0.3026678239812656,3.5713548867069944,0.0033816785922235982,0.24367509934366965,0.0817389517490353,1.559643986273785,6.7002719665060235,2.3956245086631,0.07449945666808255,2.0260955654844945,0.0008049192261629062,0.009045155428529308
C2,157,5.834854388723568,151.9895796352066,2.1455675424361718,0.7591179159222817,2.681576563387501,0.007676677848450004,0.309356833903157,3.7040173983087343,0.0035732326273597323,0.25620145487542056,0.08934786060482872,1.5690008474856008,6.975940110732098,2.39683752887103,0.0800415745803288,1.8820723763534002,0.0008152667233046275,0.005952385934422785
C2,158,5.8691712252947745,153.15109730931,2.136707526080462,0.8145573279079126,2.683707227512282,0.0062478040036156165,0.3110006475935177,3.6359845509334487,0.0035219885853157206,0.25125589662668657,0.09171110958013,1.5863797372701216,6.788746687830711,2.4902431575619444,0.08197059813050592,1.8786393683783862,0.0008835186622341806,0.0071330866534996245
C2,159,5.344419347996614,173.26262264186516,1.7172105488728504,0.7215336688927242,2.683565300338122,0.008194367662048424,0.27726421642060184,2.939291161542036,0.002909378467569584,0.2325247775535194,0.07199074727083955,1.5079165697097778,6.613354935937998,2.346021603564827,0.06098166032105076,2.034374660375167,0.0013603475714568138,0.014022387027905227
C2,160,5.942631643645617,149.07442231290042,2.174515042377978,0.7997119444973615,2.6824413464993846,0.007957871372238924,0.2978478557601267,3.7646530121564865,0.003651566340912333,0.2585093588853369,0.0847824759857387,1.5659706081662859,7.2074369994961485,2.433545874089611,0.07190214374995961,1.9231142438187891,0.0013642620956996357,0.012009014462898208
C2,161,4.651409879022715,154.2779950099066,1.2720920048197921,0.615110840724439,2.678652821754923,0.008485719718381154,0.26498323557328207,2.394187502106842,0.002006101431812122,0.20587011958871568,0.06337688296881257,1.485334155510883,6.123724528721401,2.144154745705274,0.05432743793923636,1.9645927682214854,0.001102008214119815,0.0068824801532433155
C2,162,5.356221072527827,155.23653242643923,1.7825239209496244,0.7531488507377858,2.689316374914987,0.007599704500943498,0.28556707166895573,3.1861336365038033,0.0030193674242675154,0.23270782858741526,0.07457756216884875,1.525560593118473,6.769853017768082,2.2612862343690834,0.06372849375237616,1.8461055694794168,0.0006080179046375285,0.01063000827857
C2,163,4.922451627497771,150.27800292242318,1.5369672717488543,0.6877186413930387,2.6778383790230262,0.009006950138279294,0.27497746384873684,2.73018093802491,0.002474600776177071,0.22423410902217944,0.0715104025617546,1.5085944886110267,6.477360297222527,2.2464480351428597,0.06126998222376011,1.7827234766921218,0.0009251230167801832,0.01100863426197242
C2,164,4.733133437682171,174.36355657689273,1.3640916209135736,0.665308555778192,2.6828234001081817,0.009155247101503216,0.25891364411431916,2.534374282524294,0.0022591394935799905,0.20896869806610807,0.06428532769941554,1.4807731764657157,6.25249431571182,2.1819277734172586,0.05400803290801693,1.8404974475198863,0.00016091611403426238,0.006838965588253721
C2,165,5.895497263694296,153.65007660118863,2.1661196171629187,0.8073130870351986,2.686760644523465,0.007974872983307863,0.30673937377881033,3.620790915069531,0.0035172795919804806,0.2550047000451964,0.08950294377472327,1.57233223623159,7.090160807784723,2.5061164729449215,0.07707184935178683,1.8857919087215347,0.0005775134188878575,0.006386829326123804
C2,166,5.410592701970314,151.68130414187908,1.8312736402968972,0.7428903208703411,2.6801585080672283,0.00992839835995181,0.2877833095132088,3.146929057276979,0.002992332096886346,0.23679368593254868,0.07669302817358047,1.5319150418651348,6.791759656400097,2.3433660366097273,0.06685547287366828,1.8819169171002446,0.0008970723721292627,0.007375304617138385
C2,167,5.684448933114811,153.05381876509637,2.0102017290738163,0.8147009963891945,2.678094747115155,0.00789274806715073,0.30122071413361295,3.576016732624599,0.003260780021320192,0.24515834633184938,0.08479872311712527,1.5631761161648496,6.787004607064383,2.381280062149982,0.07599350772037798,1.8126752449541677,0.001137416631643052,0.009361541256562212
C2,168,4.969952422745374,153.7169498600997,1.4788171667225507,0.6207894780197922,2.679765608845925,0.008961223722025704,0.27094828078941424,2.678001260270878,0.00225025282671428,0.2141091227531433,0.06878240471135597,1.5059598732967765,6.330306461879185,2.20838476200493,0.05845635040302058,2.0497168594477126,0.0008457916170484321,0.012130843160928969
C2,169,5.3317196174543735,158.88494845898822,1.7665074589301129,0.7400469092690215,2.678806110304229,0.007921567941630944,0.2886376998254231,3.1124718128418434,0.0028957233993498113,0.2416489997080394,0.07732373776332456,1.5332526065865342,6.870466631285998,2.341837525367737,0.06644728867223068,1.8734363706744448,0.0012611551097719764,0.013537159072006479
C2,170,5.511172299482385,149.618897379376,1.9376629083132257,0.8101559311759715,2.680793100473832,0.007824592727678353,0.29700965844855015,3.3410120083361257,0.003157648905322944,0.2479553830866911,0.0809188147588652,1.542984736209013,6.805036612919399,2.3136356314834283,0.07176508381962776,1.727072325288033,0.0007111910368911193,0.006438843179109556
C2,171,5.146383436358705,152.6847370271571,1.6849013687092431,0.7249816735180057,2.674633960334622,0.008012755994913074,0.2809698694214529,2.999408721923828,0.0027645261037907067,0.22928829399906858,0.07288363746994612,1.5171472904633503,6.596494227039571,2.32330592797727,0.06285259467834721,1.7756532248185606,0.0008408702953727764,0.008924283715352468
C2,172,5.257019558731391,151.85152370715514,1.7755110872035125,0.7223114559845049,2.6766002275505842,0.009301433875463066,0.29896604406590366,3.131983367156009,0.0031636974385854007,0.2379748553645854,0.08042283428414744,1.5449221791053305,6.614119558918233,2.376651829602767,0.07271163608422693,1.7726267478903945,0.0009438874446448067,0.011849322995523872
C2,173,4.5427877951641475,153.80573130305856,1.2020547943455833,0.671951883301443,2.6800111605196584,0.008951407431966948,0.24848116903888937,2.338547710253268,0.001915179884978285,0.19819348472721723,0.058271495777429363,1.458838024917914,6.0966140396740975,2.091362476348877,0.048066680110534846,1.8403583217640311,0.0014295485943654112,0.006358929334327031
C2,174,5.148310447225765,154.02749751415104,1.6944325922095045,0.7254523178752588,2.68126663869741,0.007923472132201173,0.2807320648310136,3.11533777506984,0.0028633559571118188,0.22713139653205872,0.0742826989034609,1.5183189718090757,6.5657415292700945,2.2973443294058042,0.06403344211035542,1.7335192427343251,0.0005555996941286385,0.007761980666558958
C2,175,5.032571417944772,152.64823183510453,1.6086617890669375,0.6853620154517037,2.678745595776305,0.007511187485557011,0.27768349921216773,2.9558548428574385,0.0030883929397606726,0.22280312648841313,0.07445014192133534,1.5281759281547702,6.292911704705686,2.2767554205291125,0.06262799588089087,1.7892278007098608,0.000225419596083449,0.004917725425229946
C2,176,4.609410655741789,152.47709435923025,1.274195326834309,0.6510888794246985,2.678751308090833,0.009231822253965145,0.26092510168649713,2.4410636038804543,0.0020779636341066348,0.20806591729728544,0.06229820060638749,1.4729991445736008,6.219118595123291,2.1741224697657993,0.053996359511297574,1.8358576541044274,0.0012932748192719175,0.007469698550498926
C2,177,5.300492846235937,150.42324054799974,1.8112321581159319,0.7421845124692333,2.6794075917224496,0.008586856016261997,0.28727662563323975,3.1278728337920443,0.002875919411480379,0.23549147284760766,0.07732897768823468,1.5306599067181956,6.749638615822305,2.388803153621907,0.06608994996973447,1.7554829947802486,0.0010547825412888358,0.012568668702758204
C2,178,5.414614667697829,133.58266123803332,1.8864899739927175,0.7553327320789804,2.6756294844101887,0.00858796860699599,0.2965008348834758,3.377403284213981,0.003219014394503296,0.23910698294639587,0.08038007958354998,1.5466009548732214,6.751365778397541,2.4055249861308505,0.0698438272146242,1.734361198483681,0.0017941998610773169,0.010643970248029941
C2,179,4.970649913865692,129.79091775603592,1.6626297557840541,0.6850559747948939,2.6743514245870164,0.010173586839560553,0.2770319216105403,2.876631267520846,0.0026195096968654164,0.22474851900217485,0.07223235591485792,1.5127154904968885,6.419143355622584,2.253457811413979,0.06446444438960479,1.6400067112883743,0.0005662002052151032,0.0057336895159616165
C2,180,4.816806053628727,130.45362211437896,1.4571376981175677,0.675192521542919,2.674215268115608,0.008332030567321546,0.2701987751892635,2.806848698732804,0.0024827433434048934,0.21864681097925925,0.06809683185907042,1.5062609278425878,6.186673096248081,2.250993232337796,0.05693604257337901,1.7497423011429456,0.0007850580644185516,0.009033297156286015
C2,181,4.98149477219095,128.6220138859935,1.5301927586599273,0.7106151617303187,2.6731832368033275,0.010029726039276135,0.2821795770100185,2.8767103504161446,0.002639503144286098,0.22036906407803905,0.07200352889390624,1.5104462540879542,6.261455185559331,2.2647867032459805,0.06454802390035926,1.8141651469833997,0.0005771309393476456,0.008675774853191815
C2,182,4.66391228169811,131.04695780808106,1.3945169429085693,0.6740637798698581,2.6758532816050002,0.00934279937658231,0.27018329440330974,2.5741105958515282,0.002488736998964678,0.21313232061814288,0.06615577497500547,1.4867885283061437,6.239206615759402,2.256062517360765,0.058990364286060235,1.6731263532930492,0.0006242271454606434,0.0064979382811627
C2,183,4.665694932548368,128.42632507998496,1.3960417302287356,0.6549485581261771,2.6715780034357186,0.008999851007223586,0.27027678155169194,2.6361740991777305,0.0024683003846023765,0.2093125931462463,0.06716856980050097,1.4890724931444441,6.144370653191391,2.265536687812027,0.05908685228882395,1.6897065286733666,0.0005510212755161333,0.007242045394131848
C2,184,5.536980312697741,147.07671647379175,2.0776309422692476,0.778755421541175,2.677789118825173,0.008416079365759993,0.2976729535326666,3.597221131835665,0.0032102061441222833,0.2485222007547106,0.0833447455827679,1.562371008250178,6.9247971359564335,2.398830318937496,0.0722835475997049,1.5441085671891972,0.0010323095090148473,0.008987533026713988
C2,185,5.579031282541703,129.90014536492527,2.0500723822992675,0.7884071682180677,2.68052660689062,0.008061802597379084,0.3027217479384675,3.57504879333535,0.0034858702066620545,0.2505558041893706,0.08685893972157216,1.5609683406596282,6.7553912279557204,2.392908453941345,0.07502428100121264,1.6368450729214414,0.0006039385709176567,0.005699890899141532
C2,186,4.652376904779551,128.87156698666513,1.4091139228976504,0.6504369256447773,2.674536111403485,0.010175568745376505,0.27189382332928325,2.585244653784499,0.002288211461356176,0.21176626487654082,0.06668286591920318,1.483444264956883,6.179003686321025,2.153124198621633,0.06048702642473639,1.6683186840037911,0.0010824004625977542,0.010344620842776136
C2,187,4.566887018631916,132.1934333499521,1.3202940883989236,0.6746564665619208,2.678229434149606,0.008369152341513154,0.26568344752399287,2.648670832873607,0.0023976106321224135,0.20614088524361046,0.06632946091418972,1.4843594006129675,6.185795842384805,2.2038825190797144,0.056453942216704696,1.62133134810292,0.0008259932776805304,0.009282851061317736
C2,188,5.148315561061003,126.85057455021888,1.7519766670100543,0.7080177731659948,2.6772160870688304,0.007770763094357585,0.2858504701633843,3.057412678793985,0.0029589621606609566,0.23468029772748752,0.0737671151909293,1.514868483251455,6.61347331806105,2.350207888350195,0.06428991394991777,1.6890514286196963,0.0009849107596771635,0.005661599708606464
C2,189,4.949121893668662,134.70089341700077,1.3342855178884097,0.6308212030907067,2.6773756474864725,0.008647725898392347,0.2693756815730309,2.576478447080875,0.00238432131854728,0.21028180268346047,0.06459345712269447,1.4889852222131224,6.245416466070681,2.199847642256289,0.05569273731386175,2.243760824203491,0.0005943776122078895,0.009286041780731986
C2,190,5.521885891349948,130.6490803794004,1.080325963849924,0.597581648704957,2.6758083761954796,0.009341273328517469,0.25005234443411534,2.14290451091163,0.0018733107566249044,0.1955840040226372,0.05549151602448249,1.4523079784549013,6.121632468943694,2.149368166923523,0.046417721775265375,3.6166285252084536,0.00017438225912267357,0.008428576283547175
C2,191,6.040483990494086,131.19540354888886,1.5547812617554957,0.6515425127379748,2.6762838412304313,0.008603244329736168,0.27045007536605914,2.748244359176986,0.002537860909277307,0.21893627090113504,0.06681883688635971,1.4934923186594127,6.355424900444186,2.255118185160111,0.05660330897615272,3.4526773180280412,0.00048121928737969585,0.007826649833977895
C2,192,6.116794342897376,127.86605866672471,1.6728078078250497,0.6803900222389065,2.675471729161788,0.009054398997769957,0.2740434952536408,3.0837259031071955,0.002660860407596207,0.22230606450110066,0.0744516167181487,1.5208551518771114,6.488665804571035,2.372221297147323,0.06282011104025403,3.2669053929192677,0.0005304023736019941,0.0070830202754148894
C2,193,6.021579105026868,128.38161663431674,1.5680286318671948,0.6924424086298261,2.677384323003341,0.007907668442515257,0.2733893652959746,2.8177207559347153,0.0026653815136286336,0.22082397524191408,0.07252518802273031,1.5077930177961076,6.371611429720509,2.261707595416478,0.0626957503204443,3.3270271748912577,0.0010261079289056842,0.007300088198768876
C2,194,6.37867420060294,140.71339000482112,1.7682110696118705,0.7439610441120303,2.6845165223491434,0.007754362573162938,0.2851392794020322,3.1569066692371757,0.0030424699469556206,0.230425698720679,0.07560053076214936,1.524514414826218,6.626515174398617,2.389196495620572,0.06434241768770985,3.393876696119503,0.000553113681021375,0.007194683924980177
C2,195,6.456609852459966,139.44895311212167,1.8267846688324092,0.7142609503804421,2.6714327238043962,0.007126224009564849,0.2988257137488346,3.311727694710907,0.003213623376463407,0.23689949968639684,0.08392681371496648,1.55458914260475,6.562328679221017,2.3774120783319277,0.07472572285605937,3.4334838439007194,0.001382944698132967,0.010842641411068608
C2,196,5.6420130389077325,134.11977574182674,1.2981765324972114,0.623397275501368,2.6775128500802174,0.007640704229873206,0.269313994110847,2.526821092683442,0.002293071520992327,0.20828899558709593,0.06673078314990413,1.4911459514072962,6.111004556928362,2.1797927739668865,0.05666783442530705,3.338893856321062,0.00231152083598655,0.013161117409959398
C2,197,6.238729219047391,127.68084202473983,1.672264278847344,0.7599853830678123,2.6752181588387,0.0074167182557379864,0.28867896387771685,3.124178789403974,0.0029832512282526443,0.2276809023959296,0.0750431660182622,1.5248044339977964,6.436365176220329,2.307396027506614,0.067750092671842,3.3195566060591717,0.00039923588792589726,0.005134195330741449
C2,198,6.356466444171205,130.07329610502347,1.7892277529653238,0.7701533935507949,2.679417663690995,0.007411723148685937,0.2863797946852081,3.0076439791187948,0.003017114972213416,0.23434111658407716,0.0725517720744318,1.5184054496336956,6.591167488876654,2.351481715027167,0.06493464486711488,3.3300737020920734,0.001002102320635064,0.0071763216927008345
C2,199,6.138204443211458,132.0032482300885,1.7179165804872707,0.6919073693606318,2.6796245818235436,0.007596530179417103,0.2744242658420485,2.9623143800667355,0.002955329088596342,0.23015228734940898,0.07188462929762139,1.4938675919357611,6.606689667215153,2.320600594793047,0.05920055027747033,3.242340708265499,0.0006743049091679096,0.009732519869713746
C2,200,5.966818113716281,145.74953664187342,1.5792075276983029,0.6945521612556613,2.675243533387476,0.007780674164306981,0.2810186713325734,2.786744632891246,0.0025944048645716086,0.22081301680633,0.072841719401126,1.510237216949463,6.372044718995387,2.223610430347676,0.0637764907727132,3.234784243058185,0.00020881789398720347,0.007037394570112824
S4,1,16.926675212626556,53.947540347930044,12.508608117395518,2.713448548803524,2.717907628234552,0.0004676116787239301,0.0,12.96571161309067,0.013833621858942265,0.28418363539540037,0.0,0.0,0.0,0.0,0.0,0.0,,
S4,2,16.183887325987524,49.22605495899916,11.894932240855937,2.6452791690826416,2.7099757194519043,0.0005653441695933592,0.0,12.23014650539476,0.013109694767211164,0.2442794971320094,0.0,0.0,0.0,0.0,0.0,0.0,,
S4,3,14.699037668656329,64.48647644231096,10.758892078788913,2.3364481293425268,2.7060089889837773,0.0010072011904486893,0.0,11.741107006462252,0.01404120790182936,0.2655679997132749,0.0,0.0,0.0,0.0,0.0,0.0,,
S4,4,12.314264900830327,63.81848921999335,8.721343536766208,2.0842686161702995,2.70399225488001,0.0006980844713956574,0.0,10.557229042053223,0.013895717202400674,0.31970530079335585,0.0,0.0,0.0,0.0,0.0,0.0,,
S4,5,11.34079022310218,68.55332998977974,7.893569089928452,1.9831151743324436,2.7041579898522823,0.0006466748659755578,0.0,10.000423217306333,0.012633715452132176,0.3224667681723225,0.0,0.0,0.0,0.0,0.0,0.0,,
S4,6,10.38440735486089,68.1413430259563,7.084145623810437,1.8866140720795612,2.6990639384911983,0.0006306258693090355,0.0,9.385270361997643,0.012906275233443903,0.31980372691641046,0.0,0.0,0.0,0.0,0.0,0.0,,
S4,7,9.331115158236756,65.69067971594632,6.160055627628249,1.834475860303762,2.6977851244868063,0.0005826910503911881,0.0,8.42541589542311,0.012098111354802944,0.3420733408052094,0.0,0.0,0.0,0.0,0.0,0.0,,
S4,8,8.787462322079406,67.2035529310815,5.665509866208446,1.7899882696112808,2.695559633021452,0.0005695637204441984,0.0,8.347244807652064,0.011544739105263534,0.3630540060753725,0.0,0.0667102900998933,0.0,0.0,0.0,0.0,,
S4,9,8.892567391298256,65.68125634500757,5.816920324247711,1.727361564733544,2.694884694352442,0.0005671159923789377,0.0,8.52582566592158,0.009727142109744707,0.38722607615042703,0.0,0.13532170851011666,0.0,0.0,0.0,0.0,,
S4,10,7.423724962740528,68.81717260880396,4.5332878025210634,1.6286890750028649,2.6917735800451164,0.0006375354322680862,0.0,7.429964990031962,0.009162252388742506,0.35029837367485983,0.0,0.1988426778389483,0.0,0.0,0.0,0.0,,
S4,11,7.832123892647879,69.07468830794096,4.89742289757242,1.6497617157138125,2.690345963653253,0.0006719241191975164,0.0,7.69471956759083,0.00880444241801695,0.37044334898189624,0.0,0.27101728441763895,0.0,0.0,0.0,0.0,,
S4,12,8.840629723607277,76.71015351684764,5.8432229003127745,1.6456897818312353,2.690830692952993,0.000643035518694479,0.0,8.49607988279693,0.009599428671431176,0.4064705128572425,0.005869708332822335,0.34569452490125385,0.0,0.0,0.0,0.0,,
S4,13,7.791208160166838,77.11213866667822,4.92318099372241,1.5955053616543204,2.6882436275482178,0.00089523080933592,0.0,7.491778091508515,0.008773006978729854,0.37674999115418417,0.010549257823019003,0.4048656955057261,0.0,0.0,0.0,0.0,,
S4,14,7.567798176590277,78.84791015880182,4.757760089270922,1.547699869895468,2.6867492636855768,0.0007532904627234009,0.0,7.341223483182946,0.008996191809942223,0.37294330584759616,0.015892474436942413,0.47426743349250483,0.0,0.0,0.0,0.0,,
S4,15,7.02007161354532,76.49861648585647,4.26558010432185,1.5269613314648063,2.6839901281862844,0.00086031625182748,0.0,6.888911076954433,0.008439689779616132,0.35839744854946526,0.020726209848510976,0.540123959585112,0.0,0.0,0.0,0.0,,
S4,16,8.043244780326376,85.21513403812423,5.179591840627242,1.564159201115978,2.6833020035101445,0.0007104136454231315,0.0,7.756779403102641,0.008786322016801153,0.3792737296649388,0.028344379433867882,0.6216088873999459,0.0,0.0,0.0,0.0,,
S4,17,7.4198602024389775,84.00896099954844,4.46870375166134,1.5030882796462701,2.679394327864355,0.0007376575020465011,0.43443148598379017,6.791655238793821,0.00794812370262736,0.376318306947241,0.031495015383983145,0.6794819734534439,0.0,0.0,0.0,0.0,,
S4,18,8.589682335756263,84.83838326530531,5.4558267277114245,1.5574140864975599,2.6788386763358605,0.0006745356260988937,0.43899204536360137,7.896980134808287,0.00878470253237352,0.3934749632465596,0.042734354772433945,0.7694778235591188,0.0,0.0,0.0,0.0,,
S4,19,7.441012713373924,83.79737261636183,4.485125376253712,1.4894899835391922,2.6777731009892056,0.0008154206033748556,0.4229341100673286,6.887156282152448,0.007379657284793805,0.3728368324892862,0.0440008390542804,0.8218419928939975,0.0,0.0,0.0,0.0,,
S4,20,7.122627024747888,110.70470181014389,4.267894034482995,1.4222353575180988,2.6770714837677625,0.0007380235688380745,0.424108692577907,6.542030353935397,0.007783757655748299,0.364525990826743,0.05056580490603739,0.8929265676712503,0.0,0.0,0.004595020990248541,0.0,,
S4,21,7.534349986485073,129.85579062066972,4.529454593755761,1.5190396333227352,2.675067191221276,0.0008122683805651126,0.4180968823481579,6.970707479788333,0.008016866793361853,0.3692081309094721,0.055028476771347375,0.9632804868172626,0.0,0.0,0.008998009661326602,0.0,,
S4,22,6.034416081954022,113.12842862214893,3.341830827751938,1.3555183045718135,2.670185492963207,0.0010262826230134625,0.4058323970862797,5.621367206378859,0.006528912549268226,0.33837094173139454,0.05396126925337071,1.0074454777094783,0.0,0.0,0.013123501234744884,0.0,,
S4,23,6.2621230592533035,126.74372322065756,3.558277499919035,1.3420872834264015,2.6684012656309166,0.000947352028356827,0.39732650469760505,5.790245649765949,0.006854317010836486,0.33795907302778594,0.05994989012120938,1.0721911775822541,0.0,0.0,0.016646390077562963,0.0,,
S4,24,7.63032357546748,128.8160422546789,4.668686852163198,1.4529224974768502,2.6652023062414054,0.000837033707470329,0.427139012181029,7.010233601745294,0.007799943562178891,0.37864439219844587,0.08012040217920226,1.1848327262060983,0.0,0.0,0.023970772968415096,0.0,,
S4,25,7.750956734832452,134.93659346085042,4.750692080478279,1.4909431472116588,2.6729062333398934,0.0008630552730043133,0.41298005045676717,6.926672735992743,0.007930932053345807,0.3859398875917707,0.08719594578961937,1.2564437219074793,0.0,0.14216356237932126,0.026893788682562963,0.0,,
S4,26,6.438641285409733,155.63668446429074,3.7032016004834856,1.3489041790670278,2.6677105718729446,0.0010183475334292315,0.3975645455778862,5.807190267407164,0.0063987868714469424,0.3476140511279203,0.07878427435548938,1.2860769884926933,0.0,0.25082822752242184,0.029080249635236605,0.0,,
S4,27,8.139019679050056,136.77330071525648,5.054377344189858,1.5093105763805157,2.6707174534700355,0.000864658140629644,0.4056626460990127,7.344900155554012,0.008502604050219667,0.3887678354370351,0.10721546624388013,1.406766796598629,0.0,0.4268607409024725,0.034537038670814764,0.0,,
S4,28,6.584978327459218,130.69834732590243,3.8480827054198907,1.2930624849942265,2.663861610451523,0.0011148223705703811,0.3984230671610151,6.155514663579512,0.006830281231134217,0.3539931105107677,0.09313889957812367,1.4314231775244888,0.0,0.495463705792719,0.038243788731645564,0.0,,
S4,29,7.539632738852988,132.15556563669816,4.568633544201753,1.446722259326857,2.6731175889774246,0.001101812724634644,0.40326011971551545,6.729563192445404,0.007289668858735537,0.3835278524427998,0.11684592805650769,1.5374135654799792,0.0,0.6814619503459152,0.043916646201087504,0.0,,
S4,30,5.795823248065248,132.22065288294107,3.1939775457187576,1.2387357402820975,2.6617882592337474,0.001299888152172979,0.3853005791197018,5.313510872879807,0.0062509646867306866,0.3321676312052474,0.09060631631588449,1.5355384909376806,0.0,0.7357587102724581,0.04430840225244055,0.0,,
S4,31,7.381491982207006,153.60255778487772,4.476331962614643,1.3903647928821796,2.666975741483727,0.0010680418808431346,0.3866642506755128,6.491726899633602,0.006631951750617246,0.37316306117846043,0.11796948838294768,1.6507658617837089,0.0,0.940953715723388,0.04704082046388364,0.0,,
S4,32,8.0148187608135,132.81159260682762,4.9503477921291275,1.4404112258735968,2.667677086226794,0.0011452777627190308,0.39236948198201704,7.311595298806015,0.007692290671949028,0.38873089637075153,0.13249669870247646,1.7373695324878304,0.0,1.1505339157824614,0.053916958217718164,0.0,,
S4,33,5.890615672481303,130.04910680977628,3.258438757487706,1.2575859111182544,2.6524507902106462,0.0014897458889635699,0.36895224391197673,5.19611534293817,0.005529078486261471,0.32974207005938705,0.11130641644098321,1.6650339243363361,0.0,1.0840274642924874,0.0519581317369427,0.0,,
S4,34,6.783223736042879,127.99296000506729,4.003725584672422,1.296770295318292,2.6656291630803324,0.0014475880785279774,0.37323814143939893,5.983554538415403,0.006700070496477491,0.3546092762630813,0.13233387128126864,1.6992060238001299,0.0,1.332139151436942,0.05769245619220393,0.0,,
S4,35,4.860858075472773,134.3568386072293,2.4553013346633135,1.1047266989338154,2.6515146761524435,0.001675073128687788,0.3643476981289533,4.456785620475302,0.004670152419284746,0.2934154484953199,0.10063345258941456,1.6217735251601861,0.0,1.1935977923626802,0.058700757063165,0.0,,
S4,36,6.543484230430758,153.94241695897654,3.787645627041252,1.267853251525334,2.6600633202766883,0.0014013577474171904,0.3656855249891476,5.883958648662178,0.006277571413285879,0.3459629452958399,0.13919671404422546,1.695593770669431,0.0,1.473560858745964,0.06342980584927968,0.0,,
S4,37,7.431152368078426,132.4021995086223,4.5116197637149265,1.3426055105365053,2.666114043216316,0.0013914980132094755,0.3750418673972694,6.4977854514608575,0.006819292432533539,0.3738568720160698,0.15424901110177136,1.7361730483113502,0.0,1.7345671337478015,0.0704667943016607,0.0,,
S4,38,6.285365420944837,133.60048803780228,3.56387383840522,1.2482125260392014,2.6639108511866354,0.0016550869450486284,0.3622034958430699,5.596849434229792,0.005808132980969183,0.33722420249666485,0.12134877113359314,1.6664284370383438,0.0,1.6645963410941922,0.06778914739890975,0.0,,
S4,39,6.69866909299578,131.138861796353,3.9082075138481294,1.2695173706327165,2.6583436167969996,0.0016390196195024314,0.37448047131908185,5.887762911465703,0.006248194600778575,0.35024660795318835,0.14849756034661313,1.7120473384857178,0.0,1.9218494648836097,0.07883759591804475,0.0,,
S4,40,5.2863351812168045,132.12602760922164,2.806456238639598,1.097164228254435,2.6575848958930193,0.0019058814220016403,0.3467100013275536,4.725749127718867,0.004930132738675694,0.30316710472106934,0.11022524543258609,1.6284753230153297,0.0,1.8235740953562212,0.07047479356430014,0.0,,
S4,41,6.199473702177709,151.57163253612816,3.517824430854953,1.1884669028982824,2.653910461737185,0.001689908555019837,0.37391402830882947,5.50564224136119,0.00580098065642678,0.3368679823315873,0.12851898562239142,1.6859751501861884,0.0,2.027387949885154,0.08806800568590359,0.0,,
S4,42,5.887209551674979,135.41765203420073,3.265557832863866,1.1377050657661594,2.6575218074175777,0.0019509115847949014,0.3501562226791771,5.345234924433183,0.005476485132429825,0.32121153631988836,0.1270445947896461,1.6620511935681712,0.0,2.142829727153389,0.0824545935860702,0.0,,
S4,43,4.916043811914872,131.04079224681482,2.502841236639996,1.0559048397200448,2.6553669754339726,0.001994588779706071,0.3335367179646784,4.29070308743691,0.004485551035031676,0.29136330892845075,0.10248628395552538,1.6077703797087377,0.0,2.0107413895276127,0.07420342582829144,0.0,,
S4,44,5.243131024496896,128.42684386624023,2.7406541717295743,1.0963677094907176,2.652674538748605,0.001944482926699827,0.34127387191568104,4.576933189314239,0.004548832750404064,0.3001992115560843,0.11473591488843062,1.6340206545226428,0.0,2.290168307265457,0.08597297943672355,0.0,,
S4,45,5.952318318036138,138.66833189502358,3.28894411057842,1.151994752640627,2.656511097538228,0.001953016873627274,0.35395912369903254,5.2692139270354295,0.005360105226994778,0.33286614259895014,0.12527628501459043,1.6601990096423092,0.3329625607145076,2.460796981441731,0.09105251919554204,0.0,,
S4,46,6.583708967481341,150.63755113910884,3.794272467798116,1.1951530259482714,2.656362771987915,0.0019353546560932026,0.3614829663111239,5.77510097318766,0.005553738686864321,0.3461323930900924,0.14383534258421588,1.7045238018035889,0.7004278928649669,2.8051814692361012,0.09337681645945627,0.0,,
S4,47,5.869873290159265,152.6968832751736,3.162421868771923,1.181486574970946,2.6590797706526152,0.0020441544522550336,0.3582129058789234,5.156511063478431,0.005621138857962678,0.32048275306516766,0.12600384287688196,1.6709296192441667,0.9549248924060744,2.68323485462033,0.09201459685454563,0.0,,
S4,48,5.754672867911203,139.3431227421388,3.121900839465005,1.115093670329269,2.665664273865369,0.0020882506526374656,0.34654069980796504,4.972349106049051,0.005141081937056567,0.3226481341585821,0.12350379006595028,1.6648079789414698,1.3237486591144485,2.8271901437214444,0.08793561571106619,0.0,,
S4,49,6.72643544236008,136.7178529999219,3.859367587128464,1.239010970203244,2.6631896544475944,0.0019335886567465163,0.35576068260231797,5.67617959392314,0.005634261139582994,0.3499604992720546,0.14543337466157213,1.6901384932654244,1.7156447269478623,3.1223995053038305,0.09244014596452518,0.0,,
S4,50,6.39339247041819,140.5053199552931,3.6255560249698404,1.1517941939587495,2.6608790475495008,0.0019208274648657867,0.3458829436983381,5.483162600166944,0.0057423309499055756,0.33861126309754896,0.1412950133030512,1.6923510055152737,2.107847624895524,3.017932641262911,0.09011148562540813,0.0,,
S4,51,5.860631076657042,140.18052819604054,3.211015612495189,1.0692055225372314,2.6629729368248762,0.002214566694586823,0.34123048064660055,5.119953780758138,0.00511055508609481,0.32192685227004847,0.130812263914517,1.66311480317797,2.3343794345855713,2.9157383904165153,0.08612032401926663,0.0,,
S4,52,5.5607011658804755,138.41642433777452,2.97603316088112,1.0180494164933964,2.658014419127484,0.002444670912785912,0.34508460881758707,4.927063985746734,0.004853946487039176,0.3090621622241273,0.12378491993461337,1.6545541432439064,2.60582219824499,2.7955002152189916,0.08803254867694815,0.0,,
S4,53,6.107415481489532,140.67125776968896,3.425924138147004,1.050004591747206,2.656536559669339,0.0021672598145693086,0.35086231602697954,5.268148665525476,0.005068579588883689,0.32825594258551694,0.13811253368550416,1.6757492581192328,3.14942488378408,3.003754275185721,0.08989964828503375,0.0,,
S4,54,5.752340647639061,137.13436572765931,3.0995355297108085,1.0596846342086792,2.663198485666392,0.002281408723115883,0.3392827541244273,4.889815048295624,0.004979220166688367,0.3192955097373651,0.1214341156336726,1.6530095582105675,3.180673988497987,2.825437862045911,0.08502559899827655,0.0,,
S4,55,6.170618203221535,139.98770211683586,3.400608456864649,1.095118183262494,2.6637991107240016,0.00230870941113051,0.3515539795768504,5.332971728577906,0.005673947520744131,0.333720044822109,0.1402755291486273,1.6907276474699682,3.755675476424548,2.917382919058508,0.0925715268418497,0.0,,
S4,56,5.551653594386821,138.721259042155,2.9059022713680656,1.0423863615308488,2.6675639639095383,0.0026399206580375607,0.33765596881204724,4.736030021492316,0.004874387211926586,0.3040414270089597,0.11964073077756532,1.650997451373509,3.7058118216845455,2.7964937467964326,0.08657739805627843,0.0,,
S4,57,6.02929840282518,138.73053213115782,3.2628429434737383,1.0785284808703832,2.6578396242492053,0.002302089442940885,0.3466276429137405,5.208617378254326,0.005247862219610917,0.3150903105127568,0.13005234589990305,1.6767039493638642,4.464080411560682,2.894438697367298,0.09021562854854429,0.0,,
S4,58,6.372876746313913,134.2567490148358,3.5546197903399563,1.0866761377879552,2.664263647429797,0.0025820167208380276,0.34066563054006926,5.379220220507408,0.005526529487260446,0.33567724240069485,0.13251713009513155,1.6718888380089585,4.701396844824966,3.0467325351676164,0.08589044038434418,0.0,,
S4,59,6.177923367947948,137.32046018214896,3.391474085194724,1.0702866096885837,2.6668059728583513,0.002560121930270855,0.34801672916023096,5.137247511318752,0.004866785714307762,0.3290819914973512,0.1375867901559995,1.686299730320366,5.3513398559726015,2.932415692173705,0.09070628524130704,0.0,,
S4,60,5.325765220486388,137.04973786883056,2.7029149653960247,0.9998437555468812,2.6664810423948326,0.002802056423744795,0.32714316005609473,4.438918488366263,0.004285341969748236,0.30356699714855273,0.11467425624022679,1.6324180096996075,4.956242561340332,2.693976562850329,0.08344736322760582,0.0,,
S4,61,5.698052197086568,137.8314819498919,2.988548000248111,1.0174086580471116,2.6682705149358634,0.003504354950415959,0.33279052528799796,4.772170696939741,0.00470000460544335,0.3081453694980972,0.12435990442730943,1.6581152093653777,5.414940089595561,2.7588550655209287,0.08758392869209757,0.0,,
S4,62,6.44983526638576,160.4567197090946,3.547569217730542,1.1094058812881002,2.6711817614886226,0.002896127974815258,0.3419199558545132,5.285276546770213,0.005216360877372553,0.33979704246229053,0.1386341042816639,1.682249745544122,6.283712970967195,3.0326277066250236,0.08867783804557153,0.0,,
S4,63,6.103404784689144,140.3151587098837,3.27873174998225,1.0494299506654545,2.670765682142608,0.002348413519865396,0.33800556160965745,5.062174162086175,0.005123662244414492,0.3276635046516146,0.13247183459449788,1.6777664033734068,6.382468223571777,2.9177570634958694,0.0864905803559386,0.0,,
S4,64,5.9927060068870075,141.0297508733347,3.198525613668014,1.0025102836745126,2.6667086640182807,0.0028935345364924595,0.34736672226263554,5.055254868098667,0.005273250297510198,0.3154757658437807,0.1252969802186197,1.670505358248341,6.7535339569558905,2.9172231542820835,0.08895829479609217,0.0,,
S4,65,5.939340610893405,136.73434032592922,3.127314866805563,1.009134908111728,2.6757657527923584,0.0028606075499496633,0.33532359283797597,5.000793058045057,0.005059110340472235,0.3125264647663856,0.12331695596174318,1.6586314634400972,6.87407179268039,2.9065557377679005,0.08856906620215396,0.0,,
S4,66,5.4874676587630296,138.19796882010996,2.8052355403802833,0.9465275248702691,2.6676614576456497,0.00306596930497516,0.32935045750773684,4.482081221074474,0.004629063099261602,0.30300693609276597,0.12005902507475444,1.64480083329337,7.028389560933015,2.842173393891782,0.08412441679713678,0.0,,
S4,67,5.744208627817582,139.6606986108236,2.9834944180079868,0.9762135476482158,2.6697148011655223,0.0027148018648125685,0.3339970613620719,4.670541579626044,0.004524623571267846,0.30860537929194315,0.11571409021105085,1.648028741077501,7.350177083696638,2.762491440286442,0.08428109365002233,0.0,,
S4,68,5.54119306194539,139.1993558271788,2.7659276000091007,1.002404053600467,2.664734884184234,0.00275850889619858,0.3298184226970283,4.50546622154664,0.004500550443629677,0.2969627684476424,0.11382018174139821,1.6305394440281147,7.390227950349146,2.7296143794546324,0.08073713717868133,0.0,,
S4,69,5.7575248358201,138.48660572897643,2.9682007967209327,0.9917218794628065,2.6741310236405353,0.003162138127218172,0.31905968396031126,4.600423429693494,0.0044143671836295376,0.3062168101266939,0.11444639977143735,1.6398899092966197,8.12606937058118,2.8800743502013537,0.07779872573303934,0.0,,
S4,70,4.771668619039107,142.04763808473945,2.1977889093817495,0.8909782061771471,2.670502098239198,0.0034179931722714435,0.31201131459401577,3.9369251144175625,0.0035648583125665175,0.2699439902694858,0.0989014947292756,1.5999100329924603,7.293638521311235,2.5141536532616127,0.0758900447767608,0.0,,
S4,71,5.694391197087813,135.14876008685678,2.9293810542748897,0.9694715555833311,2.668315580912999,0.003628137156756937,0.32622214938913074,4.595051149932706,0.004599020879345053,0.30719445068009044,0.12141386449945216,1.6496964498442046,8.220434218036885,2.741838272736997,0.08244464903765795,0.0,,
S4,72,6.3606445837994015,138.18648477410898,3.4071682046870797,1.0676803175283938,2.67491720647228,0.0031383347457597907,0.33070366084575653,5.122807174312825,0.004897325500437267,0.32621666941107536,0.13114746028975566,1.672189447344566,8.60656264363503,2.8616086828465366,0.08408926678251247,0.0,,
S4,73,5.829048492470566,135.61453962512314,3.010813365177232,0.9941110574469274,2.672545608209104,0.0034496723252529166,0.3250521293708256,4.754633052008493,0.004800674164601203,0.30885907308179505,0.12285636973624327,1.6495313766051312,8.436352651946398,2.8348690344362844,0.07910014939855556,0.0,,
S4,74,5.58212897242332,140.4865082888864,2.8482343682221005,0.9698227862922513,2.675394204198098,0.0038632929556152535,0.3254828322298673,4.395624795738532,0.0045397378889159585,0.3080337114480077,0.11406921762592938,1.6344482850055306,7.866115375440948,2.6665086162333584,0.0818407060008268,0.0,,
S4,75,5.6867082751527125,136.34440826578066,2.952362605503627,0.9457159589747993,2.6760273612275416,0.003876441818833047,0.3228051458694497,4.538970755071056,0.004316347646431959,0.30276875745277015,0.12031923705826,1.637581236508428,8.07188015568013,2.75207244376747,0.07992141653916665,0.0,,
S4,76,5.888537854564433,140.80223317211494,3.0689719282850927,1.0058718384528647,2.6829153226346385,0.0032699912013153414,0.32465334449495586,4.674820423126221,0.004525789005054655,0.31441345141858473,0.12408627455635947,1.6516030248330564,8.084176550106127,2.7605921103029836,0.08094660439813624,0.0,,
S4,77,5.0877982548304965,159.5582480248995,2.5059025488337694,0.8653193517607085,2.6767870601342647,0.004123721773051942,0.3239815922415986,4.10612262633382,0.0035768586498381074,0.2851636184721577,0.1083735423732777,1.617017278865892,7.553145651914636,2.637612817238788,0.0823464061380649,0.0,,
S4,78,6.546154455262787,139.3366367467679,3.5905384841013928,1.0395449071514362,2.681990788907421,0.002786802546993107,0.33322090731591597,5.278306195930559,0.005259222178470476,0.33949787945163495,0.14273234555611805,1.6958086758243793,8.686636652265276,2.9265767603504416,0.08639380757753946,0.0,,
S4,79,6.215599186566411,136.66104373103008,3.332247314404468,0.9853979379546886,2.6775278607193305,0.003705415519534097,0.3298189040957665,5.1824570480658085,0.004749031155370176,0.32558641902038027,0.13578505122235843,1.6909738779067993,8.511509700697296,2.8630116326468333,0.08895321197959842,0.0,,
S4,80,9.064362740030093,135.90281174425036,2.5724553368529497,0.9037414108003888,2.6741411199375076,0.0035134369058401455,0.3144787686819933,4.283851355922465,0.003940953820829793,0.28950135409832,0.1137172447479501,1.634213104539988,7.787621887362733,2.6537383770456118,0.07681578888120699,5.650414719873545,,
S4,81,10.354636367486448,138.87238606903702,3.6737630038845297,1.042075790921036,2.683928679446785,0.002933465485159327,0.34097129106521606,5.222983154715324,0.005488813067168682,0.3394188680210892,0.13855656358052273,1.6890805424476156,9.015950066702706,3.0035568889306514,0.08717959545248626,5.482017750642737,,
S4,82,9.007676027259048,164.33383381785825,2.6566695978446884,0.9224854330627286,2.6770618643079485,0.0036913606802082373,0.3172491864890468,4.420565298625401,0.004220507352384834,0.2940326755752369,0.11171110662422618,1.6327058587755476,7.831218048017853,2.6343647168607127,0.07712546462307171,5.380590545887849,,
S4,83,8.474523563774264,141.60385612398386,2.262094108425841,0.8810683172576281,2.6794991395911394,0.003529214551384271,0.3162389680439112,3.8402702735394847,0.0035602281651725726,0.2761696321623666,0.10390752660376686,1.6133715230591443,7.2433361228631465,2.467553527987733,0.07649824973575924,5.378667573539579,,
S4,84,8.881792438273527,136.48010812606663,2.6238024666601296,0.8875642881101492,2.6787150344070123,0.003782766160189307,0.31519193369515086,4.296840188454609,0.0038143278916879576,0.2909935280984762,0.1098165211780947,1.6199899546954097,7.794212205069406,2.6541308042954426,0.07607405735369847,5.323362365060923,,
S4,85,9.411330836159843,134.3013305333443,3.095346436208608,0.9661872143648109,2.676842504618119,0.003474428335962608,0.3365257230340218,4.728673735443427,0.004705300084220207,0.31509573909701133,0.12469436851691226,1.6740676772837737,8.457966950474953,2.7711040608736934,0.08910659160845134,5.181338295644643,,
S4,86,8.001859343781764,138.10985910799354,1.9733059029189908,0.8278855365149829,2.678263216602559,0.004132606615359914,0.3040419144898045,3.5019373285527133,0.0032200822155276426,0.2585914816175188,0.0930731218232184,1.58399164433382,6.80966195281671,2.472424636081773,0.06947337946265328,5.271405638480673,,
S4,87,8.646852045643087,165.14328468218446,2.578646505973777,0.871968716991191,2.677790554202333,0.00440825269217793,0.3046371611405392,4.136978852505586,0.004127286993470803,0.28547926034246174,0.10557911316959226,1.5990734781537737,7.629908094600755,2.5791878602942644,0.07107421079156351,5.108544067460663,,
S4,88,8.082913077607447,138.66544268094003,2.1175020020835253,0.8386040244783673,2.6821097403156515,0.004134718574018085,0.3007019940687686,3.59680066303331,0.003767278684512237,0.2636501773887751,0.09393683227957511,1.5756633549320453,7.084757989766646,2.4477380368174337,0.07069955408877256,5.137548368804309,,
S4,89,8.651521663276517,136.8322304203175,2.5531905731376336,0.8830288782411692,2.6770900317600796,0.004159197049709607,0.3258012709568958,4.222321600330119,0.0038851819331377595,0.2869084799776272,0.10865458085828898,1.6267410492410466,7.518763376741993,2.6115024892651304,0.0832156350418013,5.113543758586961,,
S4,90,9.026511172859037,136.30153356213123,2.775487622436212,0.9146833456292445,2.677193208616607,0.003934000188731874,0.32859348368888,4.478079249664229,0.0043977353275202365,0.30155903009735807,0.11498994718552852,1.639952732592213,8.065635311360262,2.674559527513932,0.08209907491596377,5.226223721796153,,
S4,91,9.806441482232541,137.36097076395527,2.7544152420394274,0.865097707023426,2.680192455953481,0.004129709190052307,0.31465492078236174,4.339319566074683,0.004117426461283573,0.29486228160712186,0.11010886721160947,1.6216001072708441,8.076666257819351,2.7643302557419758,0.07503093570014652,6.510118036854024,,
S4,92,8.99373129435948,155.13362620398402,2.189905728612627,0.8512474359298239,2.683144725098902,0.004225688996280505,0.30534268489905764,3.883598499152125,0.003641258589020569,0.2661968487866071,0.09357536318046707,1.5857157999155473,6.865035465785435,2.5106261798313687,0.07209344557961639,6.283904649773422,,
S4,93,9.521069886733075,147.92318142112345,2.640771655403838,0.8969006441077407,2.6825072862664046,0.0035859863345074107,0.3282462702113755,4.181235542102736,0.00419461698394877,0.2966731534320481,0.11009664559850887,1.640057989529201,7.775872970113949,2.6444127438019733,0.08635786164323894,6.247097998249288,,
S4,94,10.344766237297836,131.57218298502266,3.3151663894556007,1.0063734285685482,2.6764575656579463,0.003125424543455034,0.35921050973084506,5.0909384501223665,0.00512563646592827,0.3284065577448631,0.1282755812744097,1.6956133574855572,8.465764619866196,2.849035469853148,0.10178960722928145,6.082245233107586,,
S4,95,9.161603713522153,137.1356014511548,2.4451217633120867,0.8779652836371441,2.672715391431536,0.004013737898239182,0.3220170404838056,4.103263189598006,0.0038042617165863664,0.28681974265040183,0.10302423670583842,1.617095606667655,7.522369014973543,2.5837486422791773,0.08080722281367195,6.061408081833197,,
S4,96,8.645643185596077,137.99930557003245,1.9997501853777437,0.8002637880189079,2.6790916384482872,0.004349036672038539,0.3103788026741573,3.5473962487006676,0.0035064756722968755,0.2588537006962056,0.08697570856584579,1.5753169911248344,7.08256365328419,2.43706167474085,0.07414717094174453,6.206809793199811,,
S4,97,8.678962016592221,148.35786743089557,2.122322732088517,0.8216265245359771,2.6735667647147667,0.004374796935661259,0.3194339430453826,3.63534091808358,0.0034409623084665866,0.2636016607284546,0.09102031022158204,1.5992305789675032,7.1441148835785535,2.5672644206455777,0.08000804385056301,6.022765033099116,,
S4,98,9.009655932990873,148.01520608412102,2.416578493556198,0.8697065376505559,2.6805601801191057,0.004078183384916308,0.32497721332676555,3.888141503139418,0.003744267969634574,0.2774351151013861,0.09793434839467613,1.6003066495973237,7.330002268966363,2.6527028497384517,0.08320113070005057,5.939962280039885,,
S4,99,9.745728317572146,137.5466305911541,2.95267322233745,0.9287149042499309,2.682421046860364,0.00365430294483786,0.32507386681984884,4.535380482673645,0.004522378954380675,0.3108392877846348,0.11227371026666796,1.6339657306671143,8.233174956574732,2.6923497647655252,0.08155799140127337,5.98597221958394,,
S4,100,9.136488204099694,133.56374250212684,2.4946934957893525,0.8760130393261812,2.6766938773953184,0.003983802557685317,0.3144772834315592,4.0138654964310785,0.0038957921918766686,0.2796672759007435,0.09831088393622515,1.6064903249545974,7.648176348939234,2.5788901265786617,0.07692837065123782,5.974084591378971,,
S4,101,8.81143839505254,141.63718588789925,2.262918752066943,0.8580830267497471,2.682448226578382,0.0037925109672312606,0.3164499468949376,3.867321025352089,0.003633542198982394,0.27338273975313926,0.09381670664463725,1.597943096744771,7.408238323367372,2.4949667405109017,0.07827011853152392,5.897183476662149,,
S4,102,9.417640355168556,134.7941795908846,2.762284235686672,0.8930184269437984,2.6777739962752984,0.003624084684166259,0.32803993474464027,4.481024012881882,0.004375858772284713,0.28901824476767557,0.10555341144149401,1.640245493577451,7.7494339553677305,2.6017638298929953,0.08517348255049817,5.854424933997953,,
S4,103,9.70204800002429,157.2559956079349,3.0219063691946926,0.9552931153044408,2.678349898785961,0.003415431576360454,0.33702409845225667,4.8284105488232205,0.004719717009943359,0.30614638906352376,0.11035574824378198,1.6448974439076014,8.120807482271779,2.8131710826134193,0.08649922048254889,5.712017682133888,,
S4,104,9.441705557764793,136.93092183582485,2.868751674890518,0.9134093827130844,2.6673878747589734,0.004143018968645673,0.3461166212753374,4.648328214883804,0.004470192520803183,0.3017560550752951,0.10859457255170053,1.6512823810382766,7.9775076982926345,2.6879664051289462,0.09459798760255989,5.664349964686802,,
S4,105,10.383011370289083,139.4186434270814,3.5625980545063407,1.003395911382169,2.681393808248092,0.0034812739984921123,0.35908444408251317,5.449061770828402,0.005813109181222639,0.33710516958820574,0.12623018490112559,1.6945786524792106,8.729742682709986,2.9403080405021202,0.10048514201628919,5.689810519315759,,
S4,106,8.600640277473294,133.94170686602592,2.182841738267821,0.8026186221716355,2.6758048583050162,0.004545671813372921,0.30924165583386715,3.7614079093446535,0.0034231085898069552,0.26599674474219887,0.08860115615689025,1.5805084145798975,7.157016617911203,2.48551750669674,0.07458841948941046,5.818274887240663,,
S4,107,8.408273531466115,135.610530057922,2.199068307268376,0.8167717225697576,2.6769505812197316,0.004820380560645111,0.32087891199150864,3.94403803105257,0.0036653257319608666,0.2623986778210621,0.09168839614306178,1.6040358592052848,7.0655613626752585,2.4434832480488993,0.08168766989695783,5.4454873046096495,,
S4,108,8.291145266318807,158.60652973502874,2.174204100759662,0.8120882304347291,2.670747708301155,0.004207167001108506,0.3188238691310493,3.8928872286056984,0.0036340005308560723,0.2600607172567017,0.09235738065777993,1.5951868052385292,7.098339032153694,2.4303249388324972,0.08128286894334823,5.332506471750688,,
S4,109,8.274746593163938,135.29249925771728,2.145710811323049,0.8000291482526429,2.67353368778618,0.004530389183224654,0.2937919974935298,3.5979875228842912,0.0035226319997324323,0.2633252986231629,0.0882867445447007,1.5734329758858194,7.1560293217094575,2.4927782014924653,0.06732756218739919,5.439207996640887,,
S4,110,8.26732434058676,134.4269851851277,2.100092410433049,0.7859076638610996,2.673741496339136,0.005019553837233356,0.3072419850801935,3.828132687782755,0.003890612091374945,0.25579710365558156,0.08747913673215983,1.5767423303759829,6.994497523015859,2.3930779087300205,0.07538315697516106,5.461816787719727,,
S4,111,8.230659533520134,134.8533250647597,2.080294509323276,0.8072636954638422,2.6778471226594887,0.004527097632063134,0.3171598886956974,3.790663477109403,0.003685585597924394,0.2536801960395307,0.0895740167066759,1.5951628830968116,6.904438349665428,2.489700653115097,0.08241439527090715,5.410247092344323,,
S4,112,7.722156086746527,132.6889824802056,1.7524919506846641,0.7314273569048667,2.6773295548497416,0.005091188021707444,0.2995048740080425,3.1897285106230755,0.002991060482228783,0.2364734742714434,0.07903183597539153,1.5484586881131541,6.694493186717131,2.3486545548147086,0.06970127219600337,5.4044779466123,,
S4,113,8.01210203949286,156.24330782797188,2.003303343544201,0.8074758381259685,2.673678626819533,0.004525226128658241,0.309105430330549,3.6030586641661975,0.003468902767350783,0.2474759506935976,0.08782371878623962,1.5938494497415971,6.812961130726094,2.4459388669656246,0.07681035284637189,5.2500186015148556,,
S4,114,8.14833876551414,136.09463574690744,2.0690352022647858,0.8705695113357232,2.676796767176414,0.005250716244722289,0.29762803839177504,3.508607810857345,0.003658029262679724,0.2557872597660337,0.08563193906934893,1.5711125451691297,7.122385268308679,2.482663582782356,0.06821844791423301,5.28161417708105,,
S4,115,7.135656152452741,133.43738017510623,1.393526165765159,0.6818042050819008,2.670318919785169,0.005135622191508966,0.2835770723771076,2.7971745650379027,0.0025104215987530364,0.21735498369956502,0.07259487410132982,1.5301915966734594,6.277238972333013,2.2265049024504058,0.061684061868154276,5.245300400013826,,
S4,116,7.26818290048716,132.8771202173084,1.5223328313049005,0.7542355212630057,2.67264664902979,0.005477043133637659,0.2854081976170443,2.838852196323628,0.002644440419354229,0.22539032691595506,0.07176845528337421,1.5216096031422517,6.463753096911372,2.2294433287211826,0.06284829164494057,5.13211068328546,,
S4,117,7.940471989767892,135.9113016659394,1.9000044799580866,0.8003445851559542,2.679543431924314,0.004975150991468786,0.30959481244184534,3.498398308851281,0.003255754611835036,0.2482440930848219,0.0850058381578752,1.5787948175352446,6.754767923938985,2.388369385077029,0.07695813347794572,5.3300870243383915,,
S4,118,7.477013870161407,134.6523510548286,1.6876026890715774,0.7744299440967793,2.676917397246069,0.00504783533955449,0.2909057940147361,3.061214940888541,0.002750765843487972,0.2347495400783967,0.07576466108463248,1.5412444849403537,6.640838584121393,2.2778881666611652,0.06464392509387464,5.10884926757034,,
S4,119,8.413270833540937,137.9076700201258,2.3584971701612276,0.857758817015862,2.6795716772274094,0.004544620261983756,0.3207409141623244,4.112353285964654,0.0038049147115089,0.26732457535607473,0.09367713583063106,1.606697719924304,7.28794729466341,2.4791476653546702,0.0817866397603434,5.115318867625023,,
S4,120,8.145117827824183,130.67442802805454,2.2465831661710935,0.84059931429065,2.675687449319022,0.00503832842454989,0.31417527460322087,3.883878390399777,0.004006237308352197,0.2599791075502123,0.08788624284218768,1.5786434193046726,7.161900413279631,2.5029092856815884,0.07585620572220306,4.969354994442998,,
S4,121,7.423782864395453,137.19817394111305,1.7396016832517118,0.7564821419667225,2.6723273578955204,0.005784045158866413,0.2949548336316128,3.1603024918205884,0.002909828865382706,0.23543449263183439,0.07746712981286097,1.5332405129257514,6.644021511077881,2.4619143447097467,0.07001728796381124,4.958101939181892,,
S4,122,8.669425925429987,132.80233997991309,2.605215177548175,0.9419339086328234,2.6733252126343396,0.004878755306946209,0.33898236830623785,4.413815001443941,0.004440282686489957,0.2856961339712143,0.10550886324169684,1.6396614702380434,7.465894202796781,2.632632107150798,0.09444826134309477,4.931547009215063,,
S4,123,7.580569403512137,130.39498995570466,1.8324485652300777,0.8130438899507328,2.682547321124953,0.0054406616230951435,0.30095815263232406,3.4164772860857906,0.003284855657827337,0.23917037400664115,0.0794927139139297,1.5502649156414732,6.693630967821393,2.3695350690763823,0.07251080802204657,4.902156265414491,,
S4,124,8.013707647518236,136.00198287703097,2.202390117608771,0.863663953177783,2.683072362627302,0.004865440787101279,0.3098058110597182,3.8241543830657494,0.0035637978723329702,0.2615588824359738,0.08971796443267745,1.5815854048242375,7.14285609186912,2.496378336633955,0.07644979336432048,4.81799424911032,,
S4,125,7.701022790402782,134.51938295504078,1.8692617939443004,0.753662932892235,2.6801111892778047,0.005727308387725557,0.29644875562920864,3.4401783845862566,0.0033420786862641723,0.24139968138568255,0.08068297963057246,1.552044235930151,6.7675252252695515,2.390148182304538,0.06716568794633661,5.107968417965636,,
S4,126,7.703589799452801,132.82838425878435,1.9828401323483915,0.80303947718776,2.6751102087449055,0.005044491995453873,0.30921467621715704,3.5467156317769266,0.0033528709140302117,0.2487233761621981,0.0854037317010213,1.5702354907989502,6.684709237546337,2.474895783833095,0.07578184444229213,4.847193688762431,,
S4,127,7.748451719478685,131.96148821618408,2.017954573947556,0.8084391586634577,2.6776483983409647,0.004386591148914351,0.31455206080358855,3.7261635168474547,0.0035183989479710175,0.2503244475442536,0.09063265248372847,1.5914796396177642,6.806729793548584,2.418141272603249,0.08172900875916286,4.807980605534145,,
S4,128,7.506282971829784,159.27918106177822,1.8451819018441804,0.7680588814677024,2.6768340529227745,0.005180363922869331,0.3054724883060066,3.398597560366806,0.003389297482647876,0.24729029195649282,0.08487507313185809,1.558079522483203,6.712285956557916,2.3725554480844613,0.07500974765541601,4.846388685459993,,
S4,129,7.682187927012541,133.91359019232914,2.0150398764075064,0.8153628676521535,2.668822020900493,0.004962345420107321,0.31533543826365956,3.7518028750711556,0.003570467556175795,0.25061539484530077,0.0904702149635675,1.5937185895686248,6.797224375666405,2.3910440644439386,0.08214053743499883,4.703144730353842,,
S4,130,7.167059051747224,128.68808310106397,1.6841696646748756,0.7602418375258543,2.678878273282732,0.005580677740556207,0.2920041795896024,3.111682138880905,0.0028816782293261544,0.23650760766194792,0.07795489868339227,1.542615834547549,6.496414116450718,2.2736325385619183,0.06924265754238075,4.666766444031073,,
S4,131,7.042294638497489,156.23823685804382,1.5404840488823093,0.7191501326706945,2.6781818039563237,0.005728108053183544,0.29105113720407294,2.9199233930938098,0.0027469289833584763,0.2260598558552411,0.07429810811062248,1.5268066707922487,6.345699728751669,2.2952710171135102,0.06759219985379249,4.801776336163891,0.001258163648368126,0.013906921748508577
S4,132,8.424995870006327,150.90256148111075,2.618241849602485,0.9129681721025583,2.675529382666763,0.004645287163783701,0.3445188056449501,4.492333441364522,0.004532824759846743,0.28220717365644415,0.10635106409994924,1.6514813291783235,7.420817433571329,2.7005682551130956,0.098480419578905,4.5738168541265996,0.0020861016607407424,0.017627308760536056
S4,133,6.853961243921397,176.59035792481154,1.5263310032231467,0.7240806714612611,2.680267703776457,0.005252562700865829,0.28869749940171535,2.9482494410203426,0.002827002606307137,0.22847610833693524,0.07390689713006117,1.5375459851050863,6.282235038523772,2.2491085383356832,0.06633790308723644,4.531020534281828,0.0019600074953586085,0.01237079104052267
S4,134,7.00722242861378,153.0327641959302,1.6409332384260333,0.7258735001087189,2.6769933554590963,0.00550401202885301,0.2965616088132469,3.069544190654949,0.002579026234250668,0.23317239418321725,0.07821567827949719,1.5465046799912745,6.440679151184705,2.350634307277446,0.07069164286462629,4.55556288057444,0.0008743940499403562,0.008472120411026332
S4,135,7.623095337225466,151.3959546117112,2.009108836553535,0.7956361898354122,2.6715608227009677,0.00515963763654308,0.3178283128203178,3.5818382051526285,0.0034356188790502064,0.25431172519314044,0.08978585092997064,1.5847391279376284,6.762892440873749,2.4107624876255893,0.08529620959746595,4.692393176409663,0.0008578760709015138,0.010264311199915362
S4,136,7.728351719525396,155.22519614407793,2.0993830205834643,0.8553200832435063,2.671837534223284,0.0050477849899278,0.31686772223638027,3.6801248168458742,0.0034010126451458024,0.2531996214268159,0.08983339057589064,1.5893751723425729,6.742131768440713,2.443700909614563,0.08382486078736125,4.602824065150047,0.0020905174533680793,0.01773531720251338
S4,137,7.30585071018764,154.06518166791648,1.885445311665535,0.7624475195699808,2.6730575172268614,0.005439864761999105,0.30174995441826025,3.2951536342805747,0.002907511329442282,0.24383406036970567,0.08403073194227656,1.5599371146182626,6.767691193794717,2.443031831663482,0.07319501262842393,4.526094130107334,0.001176279104069029,0.00983105670717327
S4,138,7.416094322593844,173.57830817019567,1.9859977610865418,0.8051856689307154,2.6775160614325078,0.0053097980610113974,0.3028417244857671,3.4358167183034274,0.003313354435091724,0.25131344247837456,0.08715172370477599,1.5749367378195938,6.734019376793686,2.3830490404245803,0.07538625744304486,4.441875350718596,0.000888664721576136,0.010492952404236497
S4,139,7.370176140142947,151.86258081812412,1.9225207402998088,0.7771145141854578,2.6756946602646186,0.005276401503467742,0.31192539814783604,3.5747194569938037,0.0034581698365604542,0.24205927368329497,0.08788484844322107,1.5767245073707736,6.668158842592823,2.4389936413083757,0.08092131678547178,4.47615984994538,0.0010454653328898886,0.007444312843188305
S4,140,6.970579215458462,152.6475287922658,1.6370714513622984,0.7189111107466172,2.6790139723797233,0.005661858302156194,0.28526485756951936,2.990393937850485,0.0027529792907666794,0.22997062212350416,0.07779631045247827,1.5394329635464414,6.415846814914626,2.257182595681171,0.06583996976212579,4.537639043769058,0.0007487784380048522,0.010646618723948988
S4,141,7.151382193273427,150.6466230833903,1.8227590146113415,0.75369928442702,2.6717375005994524,0.005260603295102221,0.30185166396656815,3.3028757620830924,0.0029608223887816146,0.24087071479583272,0.08476644739204524,1.567037000948069,6.636510887924506,2.298788618068306,0.07603302632211423,4.404222765747382,0.0011371351812156797,0.017829067541423663
S4,142,8.087561480853022,153.48040809156373,2.4512206814727007,0.9120267343764402,2.680209461523562,0.004900842718542458,0.3220089388136961,4.260666299839409,0.004212232054762391,0.27238369626658304,0.0996858793862012,1.618217453664663,7.4317509300854745,2.4900651561970615,0.08497596919840696,4.382751270216339,0.000825440249761271,0.011759029636866161
S4,143,6.878229880819515,168.11174773331732,1.580260611310297,0.7217957219299005,2.6746495207961725,0.005380224097966768,0.285590548296364,3.1077938134572944,0.002876529966336105,0.22807935001898785,0.07548694802942324,1.5433339318450616,6.513239159875987,2.317528206474927,0.06502393646431821,4.454509521017269,0.0008514173689534647,0.010158484854094482
S4,144,6.6412752793759715,156.54883622098714,1.5329805211145051,0.662377022358836,2.674695671821127,0.005885519372413353,0.28347175887652803,3.076621386469627,0.0025144585067339775,0.2221251090570372,0.07508249120900826,1.5387035048737818,6.315828595842634,2.2843898924029604,0.06624450739853237,4.272174796279596,0.001208434894237038,0.010774480073320904
S4,145,7.3139638316874604,152.5712635340169,1.8660486936569214,0.7660463263793867,2.675357079019352,0.005485989407598212,0.3012083425205581,3.4965992436117057,0.0034398066108019985,0.23894017630693865,0.08359187499296908,1.5610461113404255,6.639438327477903,2.330912777355739,0.07479118863690873,4.513928462047966,0.0022851880688549223,0.01453814920855899
S4,146,7.824087989573576,152.59841231117025,2.334777442776427,0.8658557096306159,2.6740327173349807,0.004872684081605331,0.31925248491520786,3.9855758413976554,0.003984316922154049,0.2691175511905125,0.09745347534059262,1.6039491891860962,7.110982349940708,2.4756455956673133,0.085801345391237,4.305631204527252,0.0008434870369206478,0.008224402490394805
S4,147,7.262827055794852,150.06951591884717,1.976448532878136,0.7869966200419835,2.675766779451954,0.005336339140610237,0.31300358839181003,3.659958787110387,0.0035028255910479595,0.247143597931278,0.08691486199291384,1.570810283933367,6.569692796590377,2.4739995392001406,0.07945149524935655,4.204902118566085,0.0009810070328289933,0.009237669642024396
S4,148,7.841697079794748,155.91409868001938,2.418582572316637,0.849221124940989,2.6783932715046164,0.005127220610584304,0.32372941076755524,4.085693475543236,0.003937275671609202,0.2679958218822674,0.09572405269255443,1.6066161053521293,7.130576036414322,2.5811066262576046,0.08502673167659312,4.2054614242242305,0.000859726233820493,0.008222227138392145
S4,149,7.257695850060911,168.3997212680988,1.9367125271534433,0.7769539721158086,2.6702219466773833,0.005421747593684312,0.30902278605772526,3.5175964710663776,0.0033679236533186796,0.2465813439719531,0.08936546598466075,1.5745696340288435,6.589535839703618,2.422040895539887,0.07803381671558837,4.307487653226269,0.0007712123200354853,0.007869814852859477
S4,150,6.487077508653913,152.11544356122613,1.4880061946353134,0.7020754868886909,2.6709007097750295,0.005904031953090156,0.28907376223680925,2.9898070778165544,0.002620829217021867,0.21967517447714902,0.07330746621805795,1.524711088258393,6.225812610314817,2.237777999469212,0.06734503178420115,4.076354800438394,0.001361399044076372,0.015485256502443565
S4,151,6.6659796091975,150.44412012165412,1.656276327918987,0.7119109271740427,2.6833266919972947,0.0052328599035996485,0.28489019372025315,3.0975514334075305,0.0029446980430404847,0.22879609617651725,0.07897705113401218,1.5379283525505845,6.499984030820886,2.3827395001236273,0.06827201844402114,4.042817149843488,0.0016827161314726096,0.011757442412614665
S4,152,7.4567974343591805,153.1533381352201,2.05769795118546,0.7763789502941832,2.669726780482701,0.0049475540029246135,0.3133131286927632,3.733510952823016,0.0036260910743220274,0.25025928294172095,0.09178472439549407,1.5884629025751231,6.723542904367252,2.5063770912131487,0.08332323632678207,4.369862082053204,0.0013676503779241878,0.009382907235230588
S4,153,7.12144685764702,151.53105642879382,1.8633431579385484,0.7720293372261281,2.673620710567552,0.005832565953118765,0.30495109880457116,3.496397485538405,0.0034908721958790733,0.24152417055198125,0.08414440871957614,1.5572869656037311,6.720850749891632,2.340688705444336,0.07663696494941809,4.226403747286115,0.0009874125014347004,0.009052904806265137
S4,154,6.25639026019038,151.54872049298137,1.2893626641254037,0.6615159821753599,2.674611860392045,0.006334371776890238,0.2752698377078893,2.609608021317696,0.0023450491331014024,0.20876972529352927,0.06905311505709376,1.497534348040211,6.137337762482312,2.1676830685868556,0.06058401141163646,4.1805972761037395,0.0010354297363193155,0.011679659212511385
S4,155,6.524408612932477,152.3600244591944,1.5387474815456235,0.7055951624500508,2.677596145746659,0.00564782846391163,0.29004257522067245,2.9367735921120155,0.0026598600914217153,0.22393526562622615,0.07491735912555335,1.5241037582864567,6.298126210971755,2.2309145343546963,0.0671152483519851,4.0602588312966486,0.0005405374932171391,0.008556299408053523
S4,156,7.120623792920794,150.48989234119654,1.9039121598613507,0.7485913664710765,2.6751830675164046,0.005225191975002918,0.30965159042757384,3.6752943092462966,0.0033993982384456513,0.24023187099670879,0.08768100321901087,1.5760672433035714,6.513547011784145,2.4659283550418154,0.081557925486443,4.156057795699762,0.001712322388822757,0.009007481930406616
S4,157,7.197629792349679,150.87866988498718,1.9681269103775219,0.7643455035832464,2.676217828478132,0.005810032056392722,0.30636797571668817,3.5278173697238064,0.003613248520307433,0.24794163691754245,0.08710277289608304,1.5660952645905164,6.811932524856256,2.3815013632482414,0.07808101724605171,4.185424610060089,0.0009814172977703596,0.007891774845623851
S4,158,7.048254470435941,153.4932584669441,1.9272953344851125,0.80346395349016,2.6742791740261778,0.005079900033947803,0.31083071262252576,3.5060590773212668,0.0034394763072724548,0.24378129718255023,0.08929852719361685,1.5852199281964983,6.558476837313905,2.4243146546032963,0.08047064416566674,3.974447673680831,0.0008801460494144136,0.007913374759069409
S4,159,6.647406685109041,154.8811105727218,1.6337353508083188,0.7107275189185629,2.6777178024759096,0.005770199537771393,0.2864500740352942,2.9315594641529783,0.002813994420017591,0.2346091556305788,0.07476931654525046,1.5264671748998213,6.515889391607168,2.344423559247231,0.06532565800815213,4.092624703232123,0.0022115794041224846,0.0160154236009197
S4,160,7.081696364344383,153.4776945398189,1.9741904796386252,0.777810982295445,2.672899290006988,0.005541174340819731,0.2998205043223439,3.573734097943014,0.0035285524672315437,0.2508814480839943,0.08689922558105721,1.5675010656823918,6.651740054694974,2.4524142206931603,0.07587059361061879,3.978347277154728,0.0010867483378303535,0.01232075311932764
S4,161,6.0996019888897335,152.56269337330014,1.2609502940761799,0.6205808094569615,2.6735791235553976,0.006309095249815407,0.27266562015426404,2.504635431328598,0.0021044207746947034,0.20607726245510335,0.06777989472813752,1.50022727372695,6.014943794328339,2.160453973984232,0.05836851898656816,4.078365515689461,0.0009847092391649947,0.009467160939372977
S4,162,6.644192666423564,150.36017409712076,1.7336264054994195,0.7078170727710335,2.68166437440989,0.006158312545062936,0.2960005876969318,3.1651131012001814,0.0030842231912063243,0.2305523655852493,0.07865087589134975,1.5405055795397078,6.561401182291459,2.3254198273833917,0.07019578608475169,3.8865629750855115,0.0013008447583580831,0.0107234035555514
S4,163,6.411045463717714,150.43099696328864,1.555862434664551,0.7016868390599076,2.6729237838667266,0.006351483163746948,0.277529990490602,2.889905216742535,0.002604514900927565,0.22096498401797549,0.07329377235502613,1.5210616418293543,6.393109214549162,2.2834809750926737,0.06225006198700594,3.887710921618403,0.0023649179810203923,0.012269266586641531
S4,164,6.075004441397531,174.51159320911393,1.2846704101075932,0.6660068412216342,2.679695007752399,0.007062346324068019,0.2610760741696066,2.4815786286276214,0.002235425864845248,0.2055009031782345,0.06356629786290685,1.4830431111004887,6.195301240804244,2.1517952023720253,0.05390135748121811,3.9438520742922414,0.0008319154863657758,0.00821830363533341
S4,165,6.920658763574094,150.1777092241682,1.8828417410960003,0.8163930433137077,2.6790011804931018,0.00527973769337167,0.3004042421068464,3.3961215746037814,0.0033754056345055594,0.2425358234619608,0.08393836897626823,1.5593310278289172,6.683747525117835,2.3915337397127736,0.07203695668401766,3.858502533971047,0.0007350523212222372,0.009655354427418295
S4,166,6.4538304805755615,155.20571853686124,1.6223505726274179,0.7241910568305424,2.6763828190005556,0.0060896271915764225,0.2891033513813603,3.0023514920351455,0.0029869038054519998,0.22977831412334832,0.0775399566533006,1.5360371823213539,6.52074164760356,2.2757068458868535,0.070330251654496,3.7890901857492874,0.00037714436403862286,0.008005015410923747
S4,167,6.903666759023861,152.10175626305863,1.8073087839447721,0.8187962764379929,2.6715105407092037,0.005555941561731149,0.3002442167121537,3.4303553128729063,0.003148529860927552,0.23551989757284827,0.08445115341823928,1.563192455136046,6.443687828219667,2.3028388801886113,0.07610893401564384,3.9388705078436406,0.0007948865665759237,0.008948867221617399
S4,168,6.156814176209119,155.2936623552814,1.3407330969158484,0.6333585752516376,2.67160127600845,0.007049030562855626,0.2711362659322972,2.4607097688986332,0.002395376819661077,0.21072658470698766,0.06697556186391383,1.5000439614665753,6.205492759237484,2.1235040353268992,0.05763800316775332,4.036819343664209,0.0007386930959372695,0.013536595584123368
S4,169,6.469980755630805,175.11947419075295,1.6626936793327332,0.7423046614442553,2.6702058217963396,0.0060549211832076994,0.29197227894043437,3.034199198898004,0.002922939512598309,0.234510353937441,0.0811591517104178,1.5430554978701534,6.5374961677862675,2.290180220895884,0.0698196499475411,3.7212112971714566,0.001973147741357282,0.012976953491548853
S4,170,6.736807623688056,153.53443375276402,1.8482310978733762,0.7967471176264237,2.677475116690811,0.005455949943636221,0.294008338025638,3.290911706126466,0.003166458519574787,0.2374654771113882,0.08139856068455444,1.5483374084745134,6.700968752101976,2.284769211496626,0.07126297244840131,3.6953222265048904,0.0010727571468520387,0.0069114735644401366
S4,171,6.341435597867382,150.4614134086296,1.5680550342919874,0.7031890038324862,2.671443919746243,0.0061761320197992785,0.27917430838760066,3.0201436390682144,0.002634870018501177,0.21952050498553685,0.07278298913520209,1.5254247139911263,6.313495616523587,2.2656101158687045,0.0630549634711779,3.7359225676984202,0.0010224015833122562,0.010680585211090072
S4,172,6.482026148815544,150.75821874616668,1.679530750123822,0.7058677843638829,2.6726063465585512,0.0067695588935451695,0.2973357277865313,3.1677856700760976,0.0028301497395102847,0.228541085306479,0.08185539972417209,1.5593176715228023,6.3615858895438055,2.3758379245290953,0.07253446612431079,3.7345446421175588,0.0007853033081213756,0.01169357156867108
S4,173,5.756407718269193,152.63509595161304,1.2034813202157313,0.6494682820475831,2.6796441613411415,0.00658718049668764,0.2557648405128596,2.402042648621968,0.0019476330353241718,0.20014550369613024,0.06337577727984409,1.4850993107776254,6.034535807006213,2.1101021304422494,0.05316207641545607,3.6398999399068406,0.00018805131661078382,0.007269651389137556
S4,174,6.4498972065594735,174.89453007793054,1.6035174134434487,0.7332741399200595,2.675159809540729,0.005782438541895577,0.28346261260460837,3.1633901328456644,0.003168326611891959,0.22366572156244394,0.07520915662907825,1.5309494539183013,6.462993660751654,2.2882225975698356,0.06516252766002198,3.761581756630722,0.0006396457846376762,0.009147488260929763
S4,175,6.438944042945395,154.51961521571502,1.5649574861234548,0.6809343172579395,2.673677546637399,0.005758084382918872,0.2824804527418954,3.0582504041340886,0.002894488629844629,0.22085183706818795,0.07863369329395342,1.5379943361087722,6.206343485384571,2.2665641818727766,0.0660156334123137,3.9061885999173533,0.0010997540899730476,0.008831496554184737
S4,176,5.793329817908151,143.64910451695323,1.221201319475563,0.6496392470233294,2.676507687082096,0.006590727941199605,0.2660941651889256,2.5219565331935883,0.0021835594194940036,0.20461637663597965,0.06392303276426937,1.4839476468611736,6.138665004652374,2.1382973267107594,0.05557463240182521,3.6389468178457145,0.0012362179597827452,0.007714862284028269
S4,177,6.469464574541364,131.95838176179677,1.6957016082442538,0.7423971781925279,2.677000040910682,0.00641234365781313,0.28972555514501064,3.1423924443673115,0.003063548002297021,0.22836888018919496,0.07848115181740449,1.5387280595545867,6.568742265506667,2.3750744084922637,0.06829344511640315,3.6426959086437614,0.0012216001331538866,0.013856170273301155
S4,178,6.514843639062375,129.70496314624324,1.6752856434607992,0.756165300704995,2.669424767396888,0.005912883229772275,0.2934621712382959,3.198371032062842,0.0029688001329991587,0.2291742584535054,0.07970822750761801,1.550561437801439,6.419749892487818,2.3273872307368686,0.06881519543881319,3.710300387168417,0.0011106230176238796,0.013574239768823479
S4,179,6.459947488745865,147.12481664307415,1.6507553972151814,0.691691207642458,2.6729316224857254,0.007199221127904116,0.277751765384966,3.010881003068418,0.002611501746041169,0.22179952567937422,0.0755493980737365,1.5277554502292556,6.386755700014075,2.2225034553177503,0.06534708063213193,3.806886337241348,0.00031041489339000294,0.0067468614567300095
S4,180,6.112822007159798,129.9230260429904,1.4231958066930577,0.6792366121496473,2.6730793154969508,0.006556143665838302,0.2698749820796811,2.8441841164413764,0.002408783033499684,0.2108276969924265,0.07107349310298355,1.5171766135157372,6.08956698008946,2.242426777372555,0.058983417094818184,3.691761469354435,0.0009114519949367188,0.00893713659783019
S4,181,5.971459724465195,127.64778681797907,1.4211150112808968,0.7077513106015264,2.6741088945038465,0.007268592662995263,0.278627019451589,2.7975668700373904,0.00242824315827587,0.21296563440439653,0.07266149373382938,1.5168928126899563,6.1024438799644,2.234978070064467,0.06355319286183435,3.454232945734141,0.000962367970036054,0.012431209795531872
S4,182,5.955672088934451,132.50862898072228,1.3656034515220292,0.6723018939397774,2.672917511998391,0.006894574716820249,0.26814845964616657,2.701732895203999,0.0023515936888858905,0.2087937702938002,0.06920259084780606,1.5003336278759702,6.192374823044758,2.2227902096145007,0.059960996789135496,3.5897449182004344,0.00039467071510700596,0.006495341139846144
S4,183,6.01883863429634,128.76432516472414,1.3877137239490236,0.6565559390856295,2.6732121535709927,0.006626578197548432,0.27353551071517324,2.7723613953103823,0.0025502711745948358,0.20912858083540078,0.0707343134420867,1.5139293962595415,6.125542416864512,2.2462578476691735,0.061098468242859354,3.6555165222712924,0.0003003732043246853,0.0079884420015843
S4,184,6.692817955600972,147.4592648120597,1.8918468876152623,0.7834149538254251,2.6773346784163494,0.006437373153653889,0.29642707383146094,3.4860907939015604,0.0032733880599357225,0.23893312805769396,0.08501903735557381,1.5725882102032096,6.63804478548011,2.3666395240900466,0.07307393928723675,3.538423611193287,0.0016597478888001826,0.008550461920516941
S4,185,6.651230067622905,129.9136155745946,1.8545459162215798,0.8016078234935293,2.675749053760451,0.006304321681417772,0.2985178113591914,3.419884965127828,0.0034412389374052993,0.23939876380015393,0.08284072479119106,1.5563546127202559,6.682033996192777,2.2894987135517355,0.07223585544496167,3.5227869676083934,0.0004908947430453794,0.008170587196807863
S4,186,5.973276629739878,130.6826568939723,1.3505263620493364,0.6454775090120277,2.6727947750870062,0.006980658245120882,0.2739537522500875,2.609054763098152,0.0022432950197015795,0.21070497254936063,0.06838112195231477,1.4985924059030962,6.0445144614394835,2.13481567343887,0.06113052636156885,3.699893065861293,0.0008617769066867302,0.011129047214182014
S4,187,5.977586502931556,128.69987505022436,1.3888067268595403,0.6657093836336719,2.6720094924070397,0.007538841818744431,0.2705921488148825,2.8926030677192065,0.0025089610853869164,0.2067545859181151,0.0699488677996762,1.5110299757548742,6.123564798004773,2.2037293570382253,0.059451627278966565,3.5524599844095657,0.0016484777401429636,0.012603845116118185
S4,188,6.155576847037491,129.6771710012108,1.5768218037425255,0.7297041738519863,2.6716685343761832,0.00657135681816429,0.2841154449448294,2.9282888009840127,0.002714908302272195,0.2231926069575913,0.07798836710957849,1.5309293221454232,6.220670232967454,2.278980836576345,0.06806556840560266,3.431943367938606,0.0006331555665851436,0.00737898099854721
S4,189,5.702306314390533,148.27472081501037,1.2394683671240905,0.6219954490661621,2.672284559327729,0.00684583736631107,0.26556734497449835,2.502137047599773,0.002475773768941397,0.2026278498221417,0.06554023771337708,1.4922956276913077,6.013812094318624,2.130360012151757,0.05531417580359444,3.526240808623178,0.0010186128477257324,0.010603946784659474
S4,190,5.644469772066389,126.22287901770324,1.168067954936806,0.6224164099109416,2.6724544349981816,0.00696644494167472,0.2567251826427421,2.380097895860672,0.001968945799768446,0.19710924187485052,0.06402499226815238,1.4868738018736547,6.062333690876863,2.138964151849552,0.052834139395581216,3.5750687560256647,0.0014860980371650197,0.010596004378983856
S4,191,6.1007761371379,130.44508313573897,1.5230513598237718,0.6675117727445097,2.6702932824893875,0.0070267832583785815,0.28097604458429376,2.870048206679675,0.002568277978214758,0.2170599899729904,0.07740374772372294,1.5251909494400024,6.169759039976159,2.241738015291642,0.0681017957323668,3.5375922504736454,0.0002894313501643962,0.008493838274582268
S4,192,6.205032611379818,130.28356515383348,1.6503630499450528,0.6860978536459864,2.6719793494866817,0.006616578062007926,0.27990811667880233,3.1065400346201293,0.002838854909320932,0.22170687208370288,0.0785429444240064,1.5393540032055912,6.361871660972128,2.294436904848838,0.06757896068524949,3.417592311392025,0.0006589684656502442,0.008014980965893356
S4,193,5.943399823441798,131.03401654632762,1.4639277759255196,0.6773613125694041,2.670694969138321,0.005409633563189976,0.27570801790879695,2.837701531697293,0.0027525064650369448,0.21591597065633658,0.07204947008618287,1.5135341517779293,6.17747400244888,2.2877529932528127,0.0635134227649898,3.3867388574444517,0.0014301421376499916,0.007405225281041678
S4,194,6.381525239165948,140.75283648399636,1.640965394523679,0.7683250265462058,2.678202346879609,0.006375008616691494,0.28193513227968797,3.114744694257269,0.0029179544232034943,0.22215001315486674,0.07438807945926579,1.523523362315431,6.403124059949603,2.3483060720015545,0.063040164356329,3.564813472786728,0.000833641674425388,0.006387766475079249
S4,195,6.2413570540291925,138.13974153483286,1.705852942807334,0.7064124668131069,2.6668076028629226,0.006162146968340587,0.2982057913833735,3.202288740143484,0.003282065240176851,0.22932735420003228,0.08138121520074046,1.5517317324268574,6.365820631688955,2.297627952634072,0.07270344515920293,3.336581137715554,0.0013768051929210806,0.012691061605149729
S4,196,5.65555367664415,132.70447963988408,1.2316501876529382,0.6293278008091207,2.6728367708167253,0.006305138570997788,0.2668908603337346,2.5099867424186395,0.002286489606283757,0.20136569987754432,0.06703721545636654,1.4903199745684255,6.054566490406892,2.1294587047732607,0.05520425467010664,3.455785707551606,0.0010658352896382671,0.010532147244512832
S4,197,5.910905794221527,126.34295444609597,1.4446966535582835,0.7472448306424277,2.673811080504437,0.006376224724404818,0.2806546736736687,2.8011204101601423,0.0026493892920018192,0.2158855561699186,0.07051229967298556,1.5098550441313763,6.207713740212577,2.212495959534937,0.06361297819269252,3.27155864238739,0.0004614615276591916,0.005133222910356436
S4,198,6.284800957660286,129.11436418397352,1.6560736073523152,0.7459844727905429,2.6758714646709207,0.006358292622596254,0.2835871981722968,3.014387090595401,0.0028584558811936794,0.2246479163972699,0.07237940502105927,1.516763913388155,6.317164099946314,2.2970433016212617,0.0648732558272931,3.4590059299858247,0.0008239074037968997,0.00907893679736937
S4,199,6.127756955672283,123.14247707696632,1.592808181534008,0.7010413329212033,2.679884988434461,0.005989605892326074,0.2770760214450408,2.9166826855163186,0.002731203891833465,0.22374690521736534,0.07013772998233231,1.5006044543519312,6.466089997972761,2.298694980387785,0.05907428872828581,3.408667194600008,0.0009086477018099361,0.01127180439267732
S4,200,6.112033021693327,123.15818974375725,1.5525479401860918,0.7148026100226811,2.672584056854248,0.006585540119273474,0.27755916513958756,2.885478526353836,0.002527210194432196,0.21632596698342538,0.07354902369635445,1.5171654662307428,6.222062393110626,2.1959246737616405,0.06229792278716151,3.4371365089805757,0.0007441894429840264,0.007748300480011958
B0,1,16.926882607596262,54.29047958692536,12.509042370076083,2.7131597022621,2.717868221049406,0.00047134387138185604,0.0,12.96659720673853,0.013833385987245306,0.2843395982469831,0.0,0.0,0.0,0.0,0.0,0.0,,
B0,2,16.179496881913167,51.25978538906202,11.89400528888313,2.641931392708603,2.7097927210282307,0.0005816077303892115,0.0,12.229259821833397,0.013100667552528332,0.24428376281748013,0.0,0.0,0.0,0.0,0.0,0.0,,
B0,3,14.675652854296626,53.195547946728766,10.744921372861278,2.329144944950026,2.706059742947014,0.001024963904400261,0.0,11.71454565865653,0.013999720256091381,0.2664373091288975,0.0,0.0,0.0,0.0,0.0,0.0,,
B0,4,12.217494244478187,51.57519789179787,8.62822609531636,2.0846308299473355,2.704131467001779,0.0007129723861889572,0.0,10.506736677520129,0.01364905855675437,0.31952262958701777,0.0,0.0,0.0,0.0,0.0,0.0,,
B0,5,11.264495363040846,53.69291742891073,7.826264254900874,1.9813116302295608,2.7037376335689,0.0006599245160552007,0.0,9.912044826818972,0.012392960602835732,0.3212268808666541,0.0,0.0,0.0,0.0,0.0,0.0,,
B0,6,10.308926582336426,52.55658185482025,7.021278322959433,1.8767549602352842,2.698587631692692,0.0006352211871393481,0.0,9.352395018752741,0.012478179146288609,0.32272544320748775,0.0,0.0,0.0,0.0,0.0,0.0,,
B0,7,9.277656224309181,53.395255606621504,6.12351528965697,1.8191706112452917,2.6975090455035775,0.0006127044088112153,0.0,8.40595463344029,0.01205102262106173,0.34588309879205664,0.0,0.0,0.0,0.0,0.0,0.0,,
B0,8,8.726792744227819,52.495694188866764,5.6145279504814924,1.784772194161707,2.694863664860628,0.0005822711887327498,0.0,8.293426075760198,0.011191158802533636,0.36695368070991674,0.0,0.06689272334381026,0.0,0.0,0.0,0.0,,
B0,9,8.845675517101677,52.66082603810355,5.775752863105462,1.7244733766633638,2.695061425773465,0.0005738162474198343,0.0,8.490166469496124,0.009667742926133226,0.3836052137978223,0.0,0.13491771187709303,0.0,0.0,0.0,0.0,,
B0,10,7.351512519680724,53.2929480667226,4.465928014443845,1.629175407545907,2.6915162388159306,0.0006398808101800328,0.0,7.364427274587203,0.009073927143246544,0.34870142535287507,0.0,0.1980832045783802,0.0,0.0,0.0,0.0,,
B0,11,7.86335935398024,53.352006112691015,4.925998775326476,1.649923392704555,2.689861166233919,0.0007163809740984794,0.0,7.7286131527959085,0.008387675575379814,0.36440844195229666,0.0,0.2691414420093809,0.0,0.0,0.0,0.0,,
B0,12,8.85276476217776,63.05345485499129,5.856157884305837,1.649374472851656,2.6889099685513242,0.0007234594787052851,0.0,8.447738997790278,0.00951104969907628,0.3948038025778167,0.005587257577904633,0.3423407631261008,0.0,0.0,0.0,0.0,,
B0,13,7.7250993592398505,61.218085946980864,4.869895166280318,1.5900254930768694,2.6873754043968354,0.000932622717560402,0.0,7.403851567482461,0.008567982315256888,0.3712387741828451,0.010311970867368639,0.40264854017569096,0.0,0.0,0.0,0.0,,
B0,14,7.448004323609021,62.52261340525001,4.655903006086544,1.5374518292290824,2.685214461112509,0.0007760320797239488,0.0,7.250904852030229,0.00890065662619867,0.3683668186469954,0.015760908910662542,0.4721099272066233,0.0,0.0,0.0,0.0,,
B0,15,7.006204517520204,59.823766849935055,4.254325129547897,1.5284631763185774,2.68297384709728,0.0008633174795101454,0.0,6.841318928465551,0.008675285268156809,0.35433355703645825,0.020337142563444013,0.538461333634902,0.0,0.0,0.0,0.0,,
B0,16,7.940263582735645,61.520782297011465,5.096488947771033,1.5566071880107024,2.6816151434061477,0.0007300118946028417,0.0,7.610071848849861,0.008824255488508818,0.3745762821362943,0.02775514610491845,0.6165453730797281,0.0,0.0,0.0,0.0,,
B0,17,7.387615466604427,66.54975649295375,4.443685101003063,1.5016199107072792,2.677687318957582,0.0007498764969902683,0.43124857058330457,6.746893113973189,0.007610581539647311,0.37037318519183565,0.030383420119784316,0.6720427408510324,0.0,0.0,0.0,0.0,,
B0,18,8.53365369718902,66.89883859222755,5.422179694078406,1.543955136318596,2.6768698546351217,0.0007135931429766803,0.43670253850975815,7.824544016195803,0.00877664197350339,0.38861657405386163,0.04115635228856486,0.7613381013578299,0.0,0.0,0.0,0.0,,
B0,19,7.4175258558623645,65.79338964540511,4.453031065512676,1.4980672281615588,2.676527670451573,0.0008477073873165158,0.4252219735359659,6.891587028698045,0.007205010120927983,0.3735966962210986,0.04292065106636407,0.8158017299613174,0.0,0.0,0.0,0.0,,
B0,20,7.105504794996612,89.32498978218064,4.240885651841456,1.4256125347954887,2.674953572604121,0.0008065239413479837,0.42171486482328296,6.607385596450494,0.007609580135048956,0.3594682514667511,0.04866421135256485,0.8847835234233311,0.0,0.0,0.004495142940051702,0.0,,
B0,21,7.545865404362581,88.80644784774631,4.547813252526886,1.5030784752904152,2.673864875520979,0.000905941517569828,0.4113858950381376,7.058613558204806,0.00781752752159171,0.362019200714267,0.05266691778539395,0.9521730748974547,0.0,0.0,0.008601496746877626,0.0,,
B0,22,5.9077432836805075,88.26225561695173,3.224329418065597,1.355280302008804,2.6685487104921926,0.0010825363863901027,0.39672986159519275,5.551960312590307,0.006454736022848864,0.3281950877637279,0.04981284250258183,0.9925192472886066,0.0,0.0,0.012076960848074178,0.0,,
B0,23,6.220101609521983,90.62049001595005,3.5289670788511938,1.3327393799412006,2.668458505552642,0.0009127394224954199,0.3914542715160214,5.764486658329866,0.0069542652357141585,0.33323287294835463,0.05748866654324288,1.0618405171803065,0.0,0.0,0.015585871280304022,0.0,,
B0,24,7.663541813285983,87.48040712205693,4.710650152089644,1.4343529623381945,2.6655758740950604,0.0008400982612273561,0.42252823771262654,7.098165186084047,0.007519850151005144,0.37146606798074683,0.07800132089427539,1.1800512695799068,0.0,0.0,0.02313707595957177,0.0,,
B0,25,7.6893832196994705,90.10856126993895,4.689625195094517,1.4990046170293068,2.6742450655723107,0.0009010159190772671,0.4012745047102169,6.85436749458313,0.007855033910624226,0.3732827585570666,0.08426582250668078,1.244608801238391,0.0,0.14247806583132064,0.025173875674301266,0.0,,
B0,26,6.500850589907899,89.98535441979766,3.7648254511307697,1.3511862146611116,2.6671560443177516,0.0010944255473263258,0.3903606491429465,5.796492094896277,0.006555549425015949,0.33972039332195203,0.07621045661519985,1.2803549304300426,0.0,0.25356615714880887,0.027509522339215085,0.0,,
B0,27,8.137649244191696,108.52724614506587,5.066450642079723,1.49785865326317,2.66878106156174,0.0008849985956936618,0.4072189665570551,7.332175488374671,0.008313266926312022,0.3854043660115223,0.105679274821768,1.4054803896923453,0.0,0.4252699075304732,0.034910238100862016,0.0,,
B0,28,6.633965725801429,111.02152458718047,3.8856534519974066,1.296858054034564,2.6648801443528156,0.001188793537392262,0.39387925121248984,6.222938206731056,0.006800035214317697,0.3492563877786909,0.08980225589202374,1.4208684332516728,0.0,0.4986579843929836,0.03692653018753139,0.0,,
B0,29,7.532336804331566,112.181117516011,4.570146484034402,1.4341378516080427,2.6711637049305197,0.0011656023039273461,0.39502301994635136,6.770461612818193,0.007263688593912794,0.37468379553483455,0.1110253538556245,1.529387075073865,0.0,0.6791291011839496,0.040902203595151704,0.0,,
B0,30,5.660896019059784,112.86160137178376,3.083516833733539,1.2358206291587985,2.660388270202948,0.0013647024779300187,0.3766522383203312,5.138973172830076,0.006004794990187701,0.3252024656655837,0.08539637801598529,1.5190079917713089,0.0,0.7257011569276148,0.0414104089140892,0.0,,
B0,31,7.54386196331102,110.92742353398353,4.599097402728334,1.4081061640564276,2.669110663083135,0.0011767991925399676,0.3843993824355456,6.673138837425077,0.00695525622945659,0.3696334945912264,0.11669540367260271,1.6495276178632463,0.0,0.9617451003619603,0.04630881886245036,0.0,,
B0,32,7.885722140876615,111.7735718912445,4.866699097107868,1.4135130692501456,2.6670618349192092,0.0012091934691035968,0.3873015484031366,7.161284782448593,0.007885162276691017,0.38249796507309897,0.12829664250721737,1.7241758813663406,0.0,1.132844079513939,0.05146957614592144,0.0,,
B0,33,5.874358819455517,110.30184083990753,3.2642500716812757,1.2357077403944365,2.6547030478107687,0.0015934421057214162,0.36255907404179477,5.193561325267869,0.005728687680022297,0.32237030139991213,0.10781606286764145,1.6552935960341473,0.0,1.0860439782239952,0.049569561051166784,0.0,,
B0,34,6.801041919357923,113.27224113792181,4.012804229648745,1.3039012539143464,2.6673513237310917,0.0015816248483226482,0.3688015439072434,5.997292990587195,0.006653789647056588,0.34807154414605124,0.1285531891852009,1.6913480612696434,0.0,1.3098959460550426,0.05625725678187244,0.0,,
B0,35,4.7231740367655854,111.78666373016313,2.3339894620739683,1.110104621673117,2.655104719862646,0.0017121284439855693,0.35730235978048674,4.273550848571622,0.004483002287867878,0.28808395807840387,0.095531913242778,1.6123786556477449,0.0,1.1604063060818885,0.05557004875522487,0.0,,
B0,36,6.581398195149947,110.36118142865598,3.8344600650728964,1.2599469715235185,2.662379668683422,0.0014231150268401228,0.3669705920073451,5.873581008035309,0.006142984667070666,0.34419477290036726,0.1350930279158816,1.6855446513818235,0.0,1.464824997648901,0.06286632870228923,0.0,,
B0,37,7.442840727008119,112.00540514616296,4.525973025633364,1.335319916812741,2.664034142786143,0.0015407833769651397,0.3735486773812041,6.540772028115331,0.006809378335043332,0.3699203385990493,0.15606730917886813,1.7337439133196462,0.0,1.746821218607377,0.07026430519715864,0.0,,
B0,38,6.090277773993356,114.30809782585129,3.4033975126791973,1.248894415339645,2.663264970390164,0.001730068410064892,0.3615388152550678,5.3132946856167855,0.005729015864317818,0.33216836379498854,0.12027754018805464,1.657233209026103,0.0,1.6621163134672203,0.06769110566499281,0.0,,
B0,39,6.784790413720267,112.61149875307456,3.9963701707976207,1.2543840177205143,2.6591644287109375,0.001751060313093761,0.3736797619839104,5.992553560101256,0.0060918069663172475,0.34764196130694175,0.14591890307409422,1.7029991344529756,0.0,1.9792026865239045,0.07741285191506755,0.0,,
B0,40,5.266361285229118,111.33423494175076,2.801744273730687,1.0804079114174356,2.657822015334149,0.0019724263134887634,0.3473682184608615,4.7360794933474795,0.004835307709777689,0.3050057121685573,0.1119549670541773,1.6330926345319163,0.0,1.8165292277628062,0.07078129349618542,0.0,,
B0,41,6.214328410674114,111.7906207870692,3.5329655871099357,1.1784212406800718,2.6576242495556266,0.0018287507047382544,0.3674080067751359,5.577489368769587,0.005667230948254618,0.3324830477335015,0.12376399110166394,1.6818653345108032,0.0,2.0478236237350775,0.08345294143168294,0.0,,
B0,42,5.889339237797017,112.49037148617208,3.271322566635755,1.1380291800109708,2.659985148176855,0.0021325873801418182,0.3510413997027339,5.308004213839161,0.005533687126518664,0.3197088238536095,0.12553102561101623,1.6695149699035956,0.0,2.0962927317132753,0.08345653534847863,0.0,,
B0,43,4.922386646270752,109.97561642387882,2.496507476787178,1.0628469257938618,2.659897599901472,0.0021170749105109206,0.33269522202258206,4.3250638319521535,0.004509424890524575,0.2886839201863931,0.10276866993125604,1.6121197501007392,0.0,2.007911351262307,0.0744522255750335,0.0,,
B0,44,5.238544794977928,110.50671393889934,2.7494444129418354,1.078647566084959,2.6573142178204594,0.002097885519662891,0.34015487134456635,4.6027518973058585,0.004626934700502957,0.29739401869627896,0.11188971623778343,1.6302240040837501,0.0,2.2669325507417017,0.08499377372921729,0.0,,
B0,45,5.934218961365369,116.21718645701185,3.285676537727823,1.1365961627084382,2.660658296273679,0.0021226767347222765,0.3459736458501037,5.267232328045125,0.005372163960805201,0.32656832890851156,0.1225800594809104,1.6556976376747599,0.32867281108486407,2.48252256062566,0.0875179656610197,0.0,,
B0,46,6.4342519020547675,117.40029110107571,3.6850410955292836,1.177614231498874,2.6602487028861534,0.0021399933062565078,0.3605122262117814,5.5931916626132265,0.005640845332408742,0.33962478990457495,0.14042909694265346,1.7022044318062919,0.7052504712221573,2.807266493232883,0.09450782333709756,0.0,,
B0,47,5.76155313666986,118.87059844471514,3.076542842144869,1.181791682632602,2.6645765791133957,0.002185202742408847,0.3569575171081387,4.975413826047157,0.005321623921413355,0.31372447311878204,0.12272820659742063,1.6633509446163566,0.9512130995186008,2.6410044747955945,0.09154426397717728,0.0,,
B0,48,5.665246841858845,118.78515139687806,3.0512809583118985,1.1109202419008528,2.6663679687344297,0.0020559382083236563,0.34264106744406175,4.864616297945684,0.0050001621498175115,0.315572656843127,0.11847156316650156,1.6545446089335851,1.3124726998562715,2.828637663198977,0.08530145989997047,0.0,,
B0,49,6.654998764699819,116.5945507818833,3.8241694338467656,1.218299509311209,2.6632221815537434,0.0021026214689838377,0.3584549208076633,5.561167819159372,0.005658138241637878,0.34794027829656793,0.1388895457648501,1.6817986819208885,1.7329006657308461,3.1091389388454203,0.09267983654019785,0.0,,
B0,50,6.316457699756233,117.2331267609261,3.581763604465796,1.1353172963979292,2.6575219193283393,0.0019098477217140703,0.35111682451501186,5.369528417684594,0.00572825898891505,0.337322294103856,0.13634327624221237,1.6839647731002496,2.0789675663928597,2.9870495771875185,0.0917966209960227,0.0,,
B0,51,5.785074511352851,117.76044879294932,3.14739652555816,1.075088030221511,2.6644768374306813,0.002450739780716522,0.33827260197425374,4.989432106212694,0.005118286106450369,0.31833380460739136,0.12486779355272955,1.648415173803057,2.3417639829674544,2.9289319953139947,0.08279517209347413,0.0,,
B0,52,5.5947911739349365,117.5459979120642,3.0030951785797977,1.0315755885474536,2.6616386491425184,0.002468909415516204,0.3451071329871003,4.870692592494342,0.004764683823794962,0.3061971594484485,0.12153152079910648,1.655695409190898,2.5975160306813767,2.831181076108193,0.08960871311018662,0.0,,
B0,53,6.111627184614843,120.14605522574857,3.421891990973025,1.0714778912310698,2.6569066728864397,0.0024334457198072375,0.3543806367990922,5.171895834864403,0.0049469369173772175,0.32773382536002565,0.13898255128641518,1.6812024189501393,3.126229471089889,2.948791319010209,0.09340329377018676,0.0,,
B0,54,5.701237712587629,115.32062030304223,3.043979217811507,1.0651876756123133,2.6629369940076555,0.0024357371484238313,0.33693804485457285,4.88711628378654,0.004786985242093096,0.31444164988945944,0.11620829664931005,1.6397167103631156,3.1884259399102657,2.8088227048212167,0.08440849302830744,0.0,,
B0,55,6.131866635108481,118.09001175500453,3.3731454683809865,1.0968169022579581,2.6620900630950928,0.002385693012465894,0.35362481341070057,5.2455063790691145,0.0054570487130205245,0.33182560546057566,0.13480167045276992,1.6836222142589337,3.786889193009357,2.894978350522567,0.09173593289998112,0.0,,
B0,56,5.557621965602952,116.0545544042252,2.89621024594015,1.0550359049621894,2.671799611072151,0.0034017232983202046,0.33169223763504807,4.748970618053359,0.004951161177999967,0.3007679815803255,0.11711332551678832,1.641587563923427,3.7653240573649502,2.8275678668703352,0.08096687853032229,0.0,,
B0,57,5.981559495536649,116.37357285805047,3.2350581178859787,1.0651552798796673,2.662516808023258,0.0024703639073591984,0.3534424384029544,5.149659188426271,0.005091651928449544,0.31689984457833426,0.1296969530533771,1.680607953850104,4.431531560664275,2.9197501844289353,0.09398537828606002,0.0,,
B0,58,6.206069858706727,115.36620578588918,3.4018395993174337,1.0939619820945117,2.661408998528305,0.0030202384647908527,0.33665099375101987,5.246356124780616,0.005599491925415944,0.3326886442242836,0.13199671274241137,1.6784856854652872,4.543788326029875,2.943229230082765,0.08536593790869323,0.0,,
B0,59,6.201501432730227,117.11565246200189,3.4156447843629487,1.0632525840584113,2.6720110883518142,0.0027246119371943213,0.3496487073752345,5.169059738820913,0.004960936384883766,0.3292005472645468,0.13485800353239993,1.6871284611371098,5.3279788980678635,2.955480157112589,0.09289952154670443,0.0,,
B0,60,5.378634214401245,115.20470964489505,2.7557617888158683,0.9935689690161724,2.6688614280856386,0.003108947313918105,0.31746996787129617,4.479292035102844,0.00459144106111014,0.29575035158468754,0.10977305091765462,1.6244522162846156,4.996032773231973,2.7244597600430858,0.07747256409909044,0.0,,
B0,61,5.603349048264173,116.3717804630287,2.9036100129691924,1.0190988693918501,2.6728210546532454,0.0032914332755632244,0.3269330019853553,4.695653453165171,0.004750951266923577,0.30062063889844076,0.11894338699627896,1.643193750965352,5.278615250879405,2.7414442033183817,0.08451724455368761,0.0,,
B0,62,6.529313583763278,117.98525242228061,3.6221341369103413,1.0948189642964576,2.6700279031481062,0.0027087061154853305,0.34009050288978887,5.418029685409701,0.005545428744992431,0.3366940237429677,0.13583608986619783,1.677165376896761,6.281255527418487,3.066628414757398,0.08824395707675389,0.0,,
B0,63,6.010523144079714,117.77189803589135,3.2020105232997818,1.0533061696558583,2.671900671355578,0.00256442029993715,0.3391630117382322,4.9326261865849395,0.005021795970197691,0.32414964236775223,0.12840298859744656,1.6715965465623506,6.271957076325709,2.9066597466566124,0.08722525477713468,0.0,,
B0,64,5.8141056518165435,115.3718699971214,3.0522521320654423,0.9976919986763779,2.6674056928984973,0.00306456233018401,0.34417243332278974,4.882790044862396,0.005047786338207293,0.3077534482795365,0.1233431977428952,1.6574942165491533,6.616174551905418,2.919372585355019,0.08821401593028283,0.0,,
B0,65,5.984441465261031,113.31761843524873,3.175444482540598,1.0103465878233617,2.676542637299518,0.002821496387881854,0.33319254706100543,4.974904882664583,0.004539832907576798,0.310458847454616,0.12513932905026845,1.6612313985824585,6.82277149083663,2.8638010900847766,0.08821235433677022,0.0,,
B0,66,5.5191627570561,116.53868938796222,2.830000952798493,0.9417301124455978,2.6674214869129416,0.0031070523486681737,0.32614597130794915,4.558945015985138,0.004565808439760336,0.29758221975394655,0.12071794400713881,1.6492807597530132,7.000274502501195,2.8285777885086683,0.08395855250407239,0.0,,
B0,67,5.6560061659131735,116.92284800577909,2.9116330499551735,0.9792873093060085,2.672857192097878,0.0031954395876988314,0.32828488520213533,4.5493505402487155,0.0045214316805311456,0.3009369957203768,0.11280777807138404,1.6353711960267048,7.243418226436693,2.7460749052008806,0.08253183155035486,0.0,,
B0,68,5.517503665418041,115.97674531675875,2.7501232423344435,1.0037305440221513,2.6710125572827397,0.002964787980201844,0.32657447426903,4.441351132733481,0.004517769507531609,0.2899318839214286,0.10662753484687026,1.6193417578327411,7.276675886037398,2.717940714894509,0.07927982995704728,0.0,,
B0,69,5.729395418750997,116.79093112517148,2.944726839357493,0.9934888834855995,2.6788296845494486,0.0037695148654462657,0.31900170019694735,4.5513700903678425,0.004445865973046201,0.2999467089468119,0.1148383328501059,1.6335508142198836,8.151976565925443,2.8483990260532925,0.07831505229886697,0.0,,
B0,70,4.70304672085509,118.56770790414885,2.1494782086537807,0.8806272331549196,2.670853483433626,0.003788201814298803,0.30748440963881357,3.8799136451312473,0.0035761983350052367,0.26458299312056327,0.09737797119483656,1.592449275814757,7.215872589422732,2.502237380767355,0.07358095262731824,0.0,,
B0,71,5.663990497589111,116.34567929897457,2.883533929683724,0.9991018747796818,2.672452386544675,0.003907434938698817,0.3228794847215925,4.509791559102584,0.004277729053924583,0.30011567929569555,0.11241812737924713,1.6300619791965096,7.9936831532692425,2.729295630844272,0.07878276207769404,0.0,,
B0,72,6.4251934168290115,114.3519457038492,3.4752240995971526,1.0507179997405227,2.673918149909195,0.0033332356156743305,0.33055630143807857,5.2063770805086405,0.004995355282777122,0.324516591064784,0.12981229138617612,1.6740977253232683,8.611568275763064,2.9415339669402765,0.08283554964071634,0.0,,
B0,73,5.876699583871024,115.69092518137768,3.0398414031583436,1.0119066420866518,2.6722649360189634,0.0035725620174923037,0.32141142049614263,4.763917868234674,0.004567078722769166,0.306661705277404,0.12234591662275549,1.6512174241396846,8.346840089681198,2.847748951036103,0.07774704964641406,0.0,,
B0,74,5.581069941423377,116.45496512576938,2.851248328783074,0.9698491753364096,2.6791358383334414,0.003968074763810252,0.3236765350614275,4.361892598015921,0.004421717887601758,0.30731904080935885,0.11431788497281317,1.6335268190928869,7.878811262091812,2.68695508217325,0.08071924092210069,0.0,,
B0,75,5.750632650998174,117.78105759108439,3.001991713533596,0.9337545925257157,2.6779518273411966,0.0037793159569204995,0.3269623618344871,4.693856875507199,0.00427787596293326,0.30543442313768426,0.1223772935265181,1.651167597089495,8.06304475239345,2.772855841383642,0.08346292273882701,0.0,,
B0,76,5.880183458328247,119.52533348090947,3.051678398433997,1.0196392013102162,2.6854364434067084,0.0032144517189946634,0.32138873363027765,4.64156947573837,0.00427934207492603,0.31346927157470156,0.12062466722361896,1.6519408104371052,8.042598529737823,2.7711745500564575,0.07939027451282861,0.0,,
B0,77,5.224306515284947,117.31397241307423,2.5981903380277207,0.8760601549732442,2.6796487107568856,0.003678447232529407,0.3269161971247926,4.303074043624255,0.003680372547728903,0.28764908198191197,0.10854090484125274,1.629349183063118,7.632861799123336,2.6397066773200524,0.0828573922721707,0.0,,
B0,78,6.520358319185218,114.11394154513255,3.55550024399952,1.0602694640354233,2.6869863101414273,0.0027201680261024026,0.33150059015167005,5.195366462882684,0.005226005961624335,0.3353795731554226,0.141312553490303,1.6959767438927476,8.758118074767443,2.895056824294888,0.08659534106905363,0.0,,
B0,79,6.250547608550714,115.71235616179183,3.3463018597388756,0.9963371942237932,2.682202840337948,0.0038597717945349917,0.3306052195174353,5.235569438155816,0.004911464342030184,0.31916054718348447,0.13058921877218752,1.6806894954369993,8.522799306986283,2.8759718427852707,0.08932853068168066,0.0,,
B0,80,9.062291904371612,116.23795878188685,2.5597125820967617,0.9164844568894834,2.6771012082391854,0.0038092266839491774,0.3121997671467917,4.318831015606316,0.004113558458867578,0.2833115619664289,0.10936132628394633,1.6220761999791982,7.880014623914446,2.6400425336798845,0.07449452179883208,5.637939492050482,,
B0,81,10.38357112845596,118.34682055190206,3.7005447295247293,1.0447063117611164,2.6839246457936814,0.003200705165853629,0.3371934638339646,5.237224486409401,0.005480604488592671,0.3346262303542118,0.1344633847475052,1.6798386841404194,9.054586030999008,3.0129848815956892,0.08441264399004225,5.478535146129374,,
B0,82,9.007683861012362,116.99399810330942,2.6579091427277546,0.9196697096435391,2.678728483161148,0.004309885662966122,0.3167982305191001,4.382524478192232,0.004173877403111558,0.2895853583301817,0.10945543380720275,1.6249288247556102,7.866726291422942,2.6494733581737595,0.07598189496416219,5.391086724339699,,
B0,83,8.443393658618538,118.96259626792744,2.242655013896981,0.8815736369210847,2.6787469095113328,0.004522225328178231,0.30946881704184476,3.780303958727389,0.003567922051416292,0.2701472269029033,0.09778570927375434,1.603228369537665,7.20586312547022,2.4734486098192177,0.07283328427952163,5.376683517378204,,
B0,84,8.809085378841479,114.45628309296444,2.5772609248453255,0.8931767247161086,2.6771653525683345,0.004711643499274719,0.3084905418206234,4.222585454279063,0.0038359764766195143,0.286179030124022,0.10470439630503557,1.6095911069792144,7.795891528226892,2.6466931104660034,0.07276810629635441,5.296191434470975,,
B0,85,9.35683637735795,113.3161356113851,3.0474163549286977,0.9619687053622031,2.6770766073343704,0.003607012741909153,0.32945482341610655,4.715058265900125,0.004475556633539726,0.30772985943726133,0.1206519827246666,1.6617249663995237,8.380407352836764,2.7691123631535746,0.084170917201103,5.182989032901063,,
B0,86,7.967380046844482,115.19279469922185,1.9529263413682276,0.8298303107826077,2.681478427380932,0.004708878275444161,0.29840380196668664,3.523739963161702,0.0031899558202059444,0.25453918259971,0.08950476918597611,1.5797790824150553,6.87042438740633,2.48086594318857,0.06821508751231797,5.241426988523834,,
B0,87,8.629987045210235,118.23939493391663,2.5603813243155575,0.8773585497116556,2.6780984158418617,0.004776835100064814,0.2997992887180679,4.127373132170463,0.004291317825994397,0.2804840240551501,0.10335895137823357,1.588560398744077,7.647667223093461,2.59014055193687,0.06932979852569346,5.105656166465915,,
B0,88,7.98584306483366,115.36466031614691,2.0777388154243934,0.8497749007478053,2.6814165261327005,0.0048908390602505555,0.2923537416725743,3.6047813357139122,0.003416356071117049,0.25662340619126145,0.08900997293542842,1.5643288189051103,7.132235128052381,2.431381858125025,0.06526982731052808,5.036677920088476,,
B0,89,8.73332743742028,119.06071116030216,2.6145051389324423,0.8733504305080492,2.6761992561573886,0.004436576210332996,0.32210862393281897,4.362674715567608,0.003880941488409453,0.2852661637019138,0.10790631220656999,1.6258561343562847,7.720102631315893,2.6384944575173512,0.08170072487270345,5.124307992507,,
B0,90,8.963301454271589,115.6862026178278,2.741165128289437,0.9180779140822741,2.6762518152898673,0.004177788463456803,0.3227683022922399,4.448601584045255,0.004324377495415357,0.2974732460416093,0.11014696750409748,1.635768167826594,8.047345472841847,2.681579159230602,0.0789776228520335,5.187166496199005,,
B0,91,9.640642467810183,112.80615624599159,2.666479529166708,0.8700041837838232,2.6822574917151005,0.004370476183367475,0.3131089730530369,4.229914294213665,0.004070033787331563,0.29096302055582707,0.1076005254016847,1.621340350228913,8.056247477628746,2.6797089479407488,0.07551822146134717,6.413976406564518,,
B0,92,8.985541402077189,115.52411753125489,2.1909758813527165,0.833953256509742,2.679974531640812,0.004665454900680984,0.3076945926461901,3.8903368249231454,0.0035621552616452836,0.2661055724839775,0.0941370241343975,1.592034792413517,6.862156537114357,2.504760795710038,0.07475900585402032,6.295206721948118,,
B0,93,9.570684199430504,117.11643484281376,2.7049055896243273,0.8952166462431148,2.683661801474435,0.0036975018435385916,0.3263055879850777,4.269868325213997,0.004177565850336485,0.29484242535367305,0.1083133811397212,1.6375227631354818,7.679511586014105,2.6382488936794046,0.08322801957933271,6.207822721831652,,
B0,94,10.373828070504326,113.78863755939528,3.3124729741592795,1.0133552247164201,2.67474508772091,0.0028225894258904023,0.3588693202758322,5.0905948804349315,0.005034727011735988,0.3274215794339472,0.12891477137347873,1.701292762950975,8.488661211364123,2.840543141170424,0.10375787074468573,6.119336225548569,,
B0,95,9.098847116742816,116.80151852173731,2.4217302215342618,0.8723046426870384,2.669054415761208,0.004578430139951465,0.31887988594113564,4.061269823385745,0.0036684261244123,0.282314233025726,0.10174518530922276,1.6191100855262912,7.456759968582465,2.5682979165291298,0.07937090197692112,6.024418091287418,,
B0,96,8.463269194778132,116.27080289274454,1.9155841196069912,0.7901838798912204,2.676263561054152,0.004749784216983244,0.3035026916435787,3.4373865164056117,0.003265370015525354,0.25321374468657437,0.08400018528407933,1.567900409503859,7.041509024950923,2.4213385557641787,0.0704266837208855,6.106124809810093,,
B0,97,8.619213191830383,114.31708355527371,2.0843038747505265,0.8063918400783928,2.674387133851343,0.0050138115231898065,0.3131146126863908,3.615185650027528,0.003475896865058196,0.2572065746905852,0.08717845357498344,1.5872419804942852,7.221896239689419,2.559512474098984,0.0755120794840005,6.018395005440225,,
B0,98,9.190800228897405,116.91208874201402,2.5182862804860484,0.8761453938727476,2.6783567739992726,0.004931043008489686,0.32047077891777975,4.115278623542007,0.0037757348618470132,0.2748745734594306,0.0967762327315856,1.603667283544735,7.439924794800428,2.685083975597304,0.07973922245508554,5.994401454925537,,
B0,99,9.615904467446464,118.21556349517778,2.8881469466248335,0.9293678925961865,2.679224812254614,0.003689607026825222,0.31863947790496205,4.467157519593531,0.004655579728673079,0.3038761837750065,0.10735304410360297,1.6236400725890179,8.185452003868258,2.703983708303802,0.07807479563112162,5.908222918607751,,
B0,100,9.09817106869756,116.85239551588893,2.501186710231158,0.8817437583086442,2.6754338498018226,0.00427076544574633,0.3104590539421354,4.10527085771366,0.0039599553862472575,0.27716346085071564,0.09581620063708753,1.6086700181571805,7.610659706349275,2.5669728809473464,0.07591108924576215,5.879599084659499,,
B0,101,8.76202003323302,116.84394801408052,2.23879630833256,0.8554026095234618,2.683814369902319,0.003906862139084129,0.3099498152732849,3.816201645500806,0.003732369094849469,0.2693786371727379,0.09044666603511693,1.5908115421022688,7.370505459454595,2.497596818573621,0.07547036060417185,5.876614015929553,,
B0,102,9.352305869666898,112.90142133273184,2.7287146777522806,0.9075971318750965,2.6775068847500547,0.0040646740752129755,0.3277212509087154,4.487761171496644,0.0044349580207288415,0.28457398165245446,0.10288882293567365,1.6362735470946954,7.730137737429872,2.605241515198532,0.08518255597018466,5.785148207022219,,
B0,103,9.706608217589709,115.49502140283585,3.0088623482353833,0.9602434452699156,2.68156513389276,0.0033799542039300184,0.337475913519762,4.84467613697052,0.004822305662614502,0.3013638750630982,0.11077807729645651,1.6446237077518386,8.01343264871714,2.804346420327011,0.08839208241171982,5.725880574206917,,
B0,104,9.451563465351962,116.49767666403204,2.8981801642447103,0.9238275423341867,2.66729136389129,0.003982543698820874,0.347425713222854,4.7328543176456375,0.004496298368060391,0.3007861175099198,0.10930805717956046,1.6563236981022114,7.930135678271858,2.6883999547179864,0.09474294480620599,5.600340794543831,,
B0,105,10.297986507415771,117.69638959411532,3.536994979697831,1.0054570436477661,2.681470812583456,0.0035935563132718056,0.36353316355724724,5.475074069840567,0.005582970133459918,0.3360621387861213,0.12566714741441667,1.6952941198738254,8.530054705483574,2.8924642703971086,0.10235994248365869,5.5943178741299375,,
B0,106,8.382710894759821,117.15740531962365,2.107400576070863,0.7975663025768436,2.679063612101029,0.004539470525983512,0.30610425253303686,3.6430611294143054,0.003365762939210981,0.2604708297520268,0.08487851058646124,1.5659821155119915,7.095071958035839,2.501352555897771,0.07183345950835822,5.643747066964909,,
B0,107,8.263938475628288,117.16085038194433,2.151568966252463,0.8077546862923369,2.6798757193039875,0.004884166868726666,0.3189721724816731,3.840415006997634,0.003703794171273404,0.2587855649845941,0.08971302492582069,1.58558261637785,7.023647580827985,2.446920874167462,0.07979035784243321,5.3405925108461965,,
B0,108,8.291225482006462,114.10092395870015,2.152525150654267,0.8285193017550877,2.6719325415942135,0.004884755916000173,0.3133915693176036,3.834666145091154,0.0035133887764199506,0.25661015480148547,0.0891108925701404,1.5815163583171612,7.076037212293976,2.446060983502135,0.07619131930476548,5.3547681886322644,,
B0,109,8.150569604367625,114.29390880465508,2.053198903799057,0.811076685482142,2.6772515189890957,0.004616224160061541,0.2915395668574742,3.522233096920714,0.0034063851950233994,0.25971715121853106,0.08672482972698552,1.5567956773602232,7.038439264102858,2.442531232931176,0.06509759949938375,5.39449929217903,,
B0,110,8.189501665076431,114.37461305316538,2.0821260852473125,0.7880399890091955,2.675100939614432,0.005575569247950477,0.3035969001298048,3.8317583981825383,0.0038781180934462584,0.25314178150527333,0.08547230486815073,1.5702652858228099,7.041806863278759,2.3885857621017768,0.07263924901810836,5.369547863395846,,
B0,111,8.376568385532924,114.55366632994264,2.1680141285974153,0.8020091044659517,2.678184664979273,0.004769237545124084,0.3200652921686367,3.882300398787674,0.0036449006845347813,0.2569321847083617,0.08965565477098737,1.5926528998783656,7.023557439142344,2.5799096433483824,0.08226020885061244,5.480172283795415,,
B0,112,7.758185834300761,118.3433021903038,1.7795581440536343,0.7291295540576078,2.6749831511049855,0.005437915230036846,0.2986890399942593,3.239820488253418,0.0029108637981877035,0.23678752323802638,0.0792102299402563,1.553382185040688,6.749734148687246,2.3574095064279983,0.06899861023970405,5.409881737767433,,
B0,113,8.054052839473803,113.96948020393029,2.0374851646471996,0.8120224743473287,2.6769206523895264,0.005157155818686041,0.3104358914555336,3.6584073937669093,0.0033942641338751633,0.24932278327795923,0.08659249407296278,1.5914007765906197,6.950648492696334,2.4632770869196676,0.07663431672417388,5.238952860540273,,
B0,114,8.18884073958105,113.55464415904135,2.047723810891716,0.8793644661806068,2.677691552103782,0.005485161679959619,0.29296599328517914,3.4720287760909723,0.0032917936332523823,0.2549658843449184,0.08527370454857544,1.5648475739420677,7.2692690187571,2.5006963330872205,0.06635221010264085,5.367499789413141,,
B0,115,6.944592018516696,114.76723330887035,1.3279102973792019,0.6615279621007492,2.6736600544987894,0.005663646004941999,0.27968696854552444,2.676617271437937,0.002396080928037361,0.21353894502532725,0.07045786101751182,1.5201087460225942,6.286091376324089,2.195434010758692,0.059556208817022185,5.118365813274773,,
B0,116,7.305627307113336,115.5733170681633,1.5368183948555771,0.7539665844975686,2.671136121360623,0.006547585937517638,0.28703345449603335,2.8683029145610575,0.002643111988674013,0.2258155035729311,0.07379744080256442,1.5284978929831057,6.436007052051778,2.2125544377735684,0.06452094919371362,5.159800617062316,,
B0,117,8.02378728438397,116.39020950207487,1.9681450657698574,0.8087179381020215,2.6779445093505236,0.005747012315289479,0.3087319540125983,3.535871770917153,0.0032316370503691844,0.24831395489828928,0.08665594352143151,1.581890495455995,6.86214727284957,2.4453573616183535,0.07726883720986698,5.330899593781452,,
B0,118,7.479741602527852,115.41936252498999,1.6961651505256186,0.779624235265109,2.67968665337076,0.005312485114329172,0.2928796650803819,3.2061313098790696,0.002801391122653624,0.23583137228780862,0.07817753457597323,1.5490067491725998,6.690585691101697,2.287935665675572,0.06624343630154522,5.056069276770767,,
B0,119,8.310284507517911,114.99508763477206,2.325275697878429,0.8675554875208407,2.6795629238595766,0.004662346068712674,0.32095240695135935,4.040255601308783,0.003739927851414422,0.2687151030618317,0.09404882195652747,1.6063411795363134,7.2898828545395205,2.4979613094913717,0.08268830902418312,5.0151223893068275,,
B0,120,8.01787890220175,114.52333763195202,2.18844981278692,0.8511190949654093,2.67623876065624,0.004892620504227923,0.3150133180375002,3.8298700001775003,0.0038317097879575603,0.2593335229523328,0.08923796986286738,1.5817479600711746,7.04404388155256,2.4628875742153244,0.07906790446414023,4.865485741167652,,
B0,121,7.31559520838212,113.90320313209668,1.7039498437424094,0.7764668841751254,2.6769389327691524,0.005764229163736561,0.2904008797236851,3.1286711957381694,0.0028483907980796862,0.2332191385176717,0.07593051747095828,1.5257699489593506,6.550095976615439,2.419921361670202,0.0679475773810124,4.828929706495636,,
B0,122,8.85050715232382,116.3847255599685,2.6960116186920478,0.93125091280256,2.674907767042822,0.005187066129351757,0.3361337817445093,4.516999706930044,0.004373431217628627,0.28386154588387935,0.10613532375772389,1.6408522615627366,7.4355223032892965,2.6627963416430416,0.09511446914806658,5.055200275109739,,
B0,123,7.617988313947405,113.4292713967152,1.812204727104732,0.8312327886114315,2.6813429277770373,0.006030648628401817,0.2964827841033741,3.3417356403506533,0.003121583876366328,0.23800633665250273,0.07830579061897433,1.5494715340283451,6.7182080697040165,2.3602515945629197,0.0700276143164659,4.978863540960818,,
B0,124,7.945592364486383,115.85068036289886,2.172207015509508,0.8663383959507456,2.68203261920384,0.005082938499387582,0.30453180628163473,3.7767316632124843,0.0034796512612659597,0.2548470889427224,0.08542149840873114,1.5721347429314438,7.18238826673858,2.491062811442784,0.07230072590161343,4.770867839151499,,
B0,125,7.545730941149653,113.06870189681649,1.784952989038156,0.7508616453530838,2.6770317213875905,0.0061407795571484505,0.29523715468085543,3.2891807799436608,0.0032810257861808855,0.23708476247836133,0.07929957566820846,1.5489502391036676,6.754745162263209,2.3511394481269683,0.06758830430252212,5.045441977831782,,
B0,126,7.598839390034578,114.14850609609857,1.98854533081152,0.8019429262803526,2.6755868269472707,0.005402576484793455,0.3073737000932499,3.5886206420100466,0.0034134562242519565,0.24669381094222165,0.0864189968121295,1.5752092891809892,6.786106284783811,2.4840975853861593,0.07514421130549542,4.675496310603862,,
B0,127,7.755160156561404,117.0782794249244,2.0118536128073323,0.8106749854525741,2.6734205022150155,0.004816633589774826,0.3118280099362743,3.7670629961150035,0.003393304339438981,0.24912215678059324,0.09110073038205808,1.5917901725185162,6.813832730663066,2.4013774492302717,0.08027103539480239,4.816439599406962,,
B0,128,7.539934343221236,115.180753541179,1.863066988331931,0.7788437203485139,2.678914405861679,0.005987975575630933,0.3035697879231706,3.432285941376978,0.003353522306460203,0.24480490447307118,0.08210212524448122,1.5516568470974357,6.854927773378333,2.374136433309438,0.07367560461315574,4.84425967566821,,
B0,129,7.769235143856126,112.87732199113816,2.0329122640648665,0.8160667413351487,2.668241549511345,0.004672861426393977,0.31073690038554524,3.7512598658094602,0.003386500832026026,0.24663417010891195,0.08848215548359618,1.584406271272776,6.802214097003548,2.411932718997099,0.07941956666051125,4.8051437115182685,,
B0,130,7.25387395158106,113.38629688601941,1.724134893441687,0.7659514132811098,2.6771785629038907,0.00529140344588086,0.29236725155188115,3.26364775701445,0.0029079066642930694,0.2365421689286524,0.07937956403712837,1.5437899317060197,6.548570379918935,2.2571349946820005,0.06941425336562858,4.692064479905731,,
B0,131,6.9613852014347,135.32540967408568,1.5373459339750057,0.7172355414653311,2.675295348070106,0.006192781000840002,0.2871245757049444,2.898826826591881,0.0025850687744998734,0.22554410264200095,0.07344428913629784,1.52122400244888,6.4068082303416976,2.312778519124401,0.06332528330765817,4.696943273349684,0.001049503335564725,0.012884763452357405
B0,132,8.33083574139342,133.4096467080526,2.5573384056285935,0.9099468862523838,2.6730949489437803,0.005293604980783575,0.34096774063548263,4.38918366724131,0.004462365866448654,0.27615904199833774,0.10623545853459106,1.6360645683444277,7.205299474755112,2.72107740567655,0.09818469311053656,4.55706845984167,0.002987781479018078,0.01876362696602697
B0,133,6.868185422858414,133.96329983323812,1.5270633010231718,0.7493149133361116,2.680227211543492,0.0061709971466500846,0.28651520062466057,2.942970559305074,0.0027387314606743046,0.22456394652931058,0.07409711394991193,1.5343930186057577,6.297150135040283,2.226730692143343,0.0654285197735441,4.5155326736216646,0.0015638416121371867,0.011718839182906646
B0,134,7.000159935075409,131.86974638793617,1.6056994211917022,0.7317938451864281,2.6787573561376457,0.006192437580095281,0.291241352959555,3.0182422344781914,0.0029719922455783213,0.22723029341016496,0.07442462508927802,1.5302071717320656,6.463973580574502,2.3162343866971074,0.06710578868051573,4.600793176767778,0.0013334502653391059,0.008413074406893874
B0,135,7.645595355909698,132.48466303478926,2.067043041088143,0.7900685868701156,2.6719387015517877,0.005481747438779519,0.3099388525802262,3.674711288846269,0.0037109124562132874,0.2487276032262919,0.08705756391341589,1.575539389435126,6.830363789383246,2.4091590253674253,0.07869176771871898,4.627352865374818,0.0009188614182142035,0.011141586682896911
B0,136,7.396684909353451,134.9186298637651,1.919013351202011,0.8535965529023385,2.67420270978188,0.005719379612187646,0.3080423249273884,3.4236485057947585,0.0032910221815822,0.2435325578767426,0.08506424785876761,1.570092120949103,6.612395880173664,2.3790783882141113,0.077983477837121,4.445474571111251,0.0013547595985150857,0.015892086112657758
B0,137,7.170261567952681,133.42241912521422,1.8172627997641662,0.7787494969611265,2.674700508312303,0.0049815566483314856,0.2968518183547623,3.196696692583512,0.0028033504952743116,0.2384758339244492,0.08017051854760063,1.5506639358948688,6.5507712850765305,2.38411689291195,0.06934171626154258,4.428498341112721,0.00025232424060315183,0.007759950276735884
B0,138,7.413555310696972,131.97622252861038,1.9841220269397812,0.8197487933295113,2.6756313868931363,0.005487588000821178,0.29965880330728023,3.4149446548247826,0.0032518501978543377,0.24822079070976802,0.08417774828112855,1.5681989825501734,6.858158637066277,2.373925571538964,0.0724551775207629,4.425388355644381,0.0005883105836351878,0.011040079724051218
B0,139,7.312575174837696,134.19694909919053,1.9030785706578468,0.7753401514218778,2.6746379112710756,0.0054238276076218,0.3095669059120879,3.5052438451319325,0.0033983060435572527,0.24117568408956333,0.08378600051664577,1.5684394860754207,6.804192757119938,2.4294197997268365,0.0781691100220291,4.439328023365566,0.0013366127467148725,0.007701859237279362
B0,140,6.9371777067379075,132.65505485516042,1.6040301438497038,0.7218818743618167,2.680230680777102,0.006132522639188897,0.284416208157734,2.958739868232182,0.0026447907243427647,0.22918813386741949,0.07575146770294831,1.5341224037871068,6.53874346674705,2.2418798962417914,0.06319755581872803,4.539171398902426,0.0009603648555861239,0.008961727936306191
B0,141,7.1412218249574,130.8049367251806,1.8288731599340633,0.7559780752172276,2.6710157637693444,0.005814103613374755,0.29995972374264074,3.3031460861770476,0.0030971555483565493,0.23693222993490648,0.08312628083691305,1.5563755327341509,6.578936927172602,2.278385179383414,0.07461022646451483,4.378479393161073,0.0012673493704267816,0.015078277471558271
B0,142,8.064704583615672,131.3962422166951,2.440607579386964,0.8953834504497294,2.6752835098578007,0.0049893399216448505,0.31912061997822355,4.192838558128902,0.004264821313863278,0.27036697189418635,0.09621539472469262,1.6113576670082248,7.3034820848581745,2.502197800850382,0.08111140519684674,4.409086071715063,0.0011000915432277205,0.013689537679615383
B0,143,6.887452816476627,129.29092625482008,1.6186377771046696,0.7453696563535807,2.6748126088356483,0.005741556196435526,0.2873491486724542,3.121673610745644,0.0027984179869978403,0.23112188583734083,0.0769046845712832,1.5446601449226847,6.543003559112549,2.3003985711506436,0.06444185736532114,4.373334831121016,0.0005042284396472903,0.008380114284002085
B0,144,6.709272734972895,129.6097213421017,1.5430320233714825,0.6781223769090614,2.671995396516761,0.0059493113337654845,0.28297840697424753,3.0800566429994545,0.002564419919805487,0.22076909730629046,0.0749195813372427,1.5342530523027693,6.30417352793168,2.271392362458365,0.06599548441947115,4.335246076389235,0.001261214832403098,0.01000534642658675
B0,145,7.312626381309665,131.0102470801212,1.8695824888287758,0.7771655953660304,2.6729338607009576,0.005345199044499242,0.29751054273576155,3.4650023652582753,0.0034350763094060273,0.23664319059070277,0.08141423077607642,1.5557128263979543,6.739664749223358,2.334463637702319,0.07162572975669589,4.499177460767785,0.002156058563746321,0.014019492018623892
B0,146,7.901387564989985,131.7998364144005,2.373545087721883,0.8774004450866154,2.670727574095434,0.004292813656561799,0.31933760004384176,4.069381986953775,0.004091671310431723,0.2663235995842486,0.0963431830917086,1.6022842319644228,7.0645429455504125,2.510436853583978,0.08488246330953374,4.327612823369551,0.0003572142358708027,0.008615136054797813
B0,147,7.170451816247434,130.95623914105818,1.9605401380329717,0.7943585946851847,2.6764745031084334,0.00554370207353305,0.3116932192019054,3.5901234487489777,0.0035656975862589113,0.2442680180680995,0.08644500887971751,1.5675420517824135,6.533262836689851,2.380698357309614,0.07834280612973535,4.0988418082801665,0.0009276211036788828,0.011377455282520398
B0,148,7.653066664325948,131.59485631808639,2.2923888898625666,0.8299644364386188,2.6736241506070506,0.00531773612809567,0.3209907093218395,3.8331108750129235,0.004057594857710812,0.26479203269189716,0.09372155353122828,1.6042222490116043,7.041136537279401,2.54673412138102,0.08311444030580473,4.2050692110645524,0.0009732402917279614,0.009323503842716602
B0,149,7.318084347004793,132.73823093995452,1.9518861174583435,0.7994402981534297,2.6663688104979846,0.0055846011346890306,0.3084774960060509,3.5940867078547574,0.003574549234163358,0.2477151757600356,0.08668037268276117,1.5696690325834313,6.586995202667859,2.4326352732522145,0.07538657095663402,4.3251462371981875,0.0005839819434031922,0.00995043544370052
B0,150,6.5012127331324985,132.7255882997997,1.4947230688163213,0.690834036895207,2.673420677379686,0.006122142698957908,0.28714005071289683,2.985779163788776,0.0027482413516940586,0.22040853117193496,0.07267115877142974,1.5249663688698594,6.272453629240697,2.2566364395375156,0.06597845465400998,4.103187069600942,0.0014287953797153586,0.01602641993793682
B0,151,6.70482493906605,131.91325305821374,1.6863844996812392,0.7176700392547919,2.6795536158036213,0.00567557066275111,0.28718288060353725,3.144450313886818,0.0028212769147084684,0.230988365959148,0.07865400007944934,1.539735205319463,6.553815549733687,2.4051858430006066,0.0687949999938814,4.037240609830739,0.0015515496478553466,0.011570415732403118
B0,152,7.301510869240274,130.59833751479164,1.9502961264581096,0.7881330671359081,2.66969134369675,0.005540786507035777,0.3047092459639724,3.6014392302960765,0.0034305845073671366,0.24512474603798926,0.08586524271083121,1.576645242924593,6.724604071403037,2.433679454180659,0.07552949107271067,4.3154447589601785,0.0010138839994148876,0.008412020200569028
B0,153,7.116842474256243,129.5487080560997,1.894836732319423,0.7659520798799943,2.6719559796002446,0.006389095289965293,0.3010683236073475,3.4826215472148387,0.0033925114290394385,0.23927616921006417,0.08190218845800477,1.555333534065558,6.876026387117347,2.336110903292286,0.07399400127861573,4.185905174333222,0.000875157109963506,0.010704583703115104
B0,154,6.173560337144501,130.89849345665425,1.284451882449948,0.6580300398018896,2.670336455714946,0.006217742120200882,0.2734306734435412,2.57481962381577,0.002284008000468911,0.20907764258433362,0.06731701129097112,1.49747553893498,6.154129008857572,2.2008095468793596,0.05934506004714236,4.081362534542473,0.0013052156022277067,0.012276451512596915
B0,155,6.846917361629252,132.9491965631023,1.6792660823890142,0.699400066721196,2.674998949985115,0.005503858306578228,0.2928464096419665,3.235432860802631,0.00295239608682578,0.22673755884170532,0.0762318525539369,1.5314607109342302,6.510978650073616,2.289824658510636,0.06837123088842752,4.265520139616363,0.0007694280854958513,0.007641217382876434
B0,156,6.856840114204251,132.02316767303273,1.822099254751692,0.7392323406375184,2.6702831083414504,0.005476748329653803,0.304404903431328,3.52738409991167,0.003272295694285053,0.2361586553101637,0.08380602992006711,1.566162342927894,6.474816186087472,2.4064500429192366,0.07722152256387838,3.9412426267351424,0.0018401704076602098,0.01214437977171897
B0,157,6.998724470333177,130.72891147993505,1.910981684923172,0.7686202562585169,2.6752637211157353,0.0052565480220103065,0.30471466937843633,3.4675027521289126,0.0033143245851459478,0.24210551381111145,0.08512545745743781,1.5621668294984468,6.649193121462452,2.3368919625574227,0.07645648200901187,3.9873488435939866,0.00045052392984608645,0.006459248381950564
B0,158,7.106966680409957,132.4069092962891,1.9657454594057433,0.812592905394885,2.6738410531258094,0.005258479920021087,0.3083234538837355,3.546845478670938,0.00343406757301822,0.24227094346163225,0.08793748527461169,1.5818353331818873,6.628530083870401,2.4442072960795187,0.07769046970928202,3.981347979331503,0.0007445150289090135,0.008264126074209344
B0,159,6.635950000918641,129.14331402815878,1.6365537345409393,0.718026223231335,2.673425864200203,0.006358659096841453,0.2811727444736325,2.9134114408979612,0.0028155127335909983,0.22881671938360953,0.07252721412449467,1.518785082564062,6.4911300698105165,2.3239622140417295,0.06312601773866586,4.068707592633306,0.0020659524155223954,0.01529689589597183
B0,160,7.018809396393445,128.77164855320007,1.9528753258744065,0.7873941343657824,2.6697257586887906,0.005607167227379028,0.29507011844187364,3.587678327852366,0.003533950975350085,0.2453099607813115,0.0820129717491111,1.5582996387870944,6.72952582884808,2.4081758674310176,0.07108058339479018,3.9022068734071693,0.0015149467889925142,0.012123901641931594
B0,161,5.904320420051108,129.36542722396553,1.2156930511095085,0.6173432603174326,2.6722243805320893,0.006521777373415475,0.26559778530986944,2.4742222361418666,0.002046432151585076,0.2024431325951401,0.06497598849997228,1.4889922482626778,6.032773086002895,2.0961192603013954,0.055047356124435155,3.8721567854589347,0.0007577221927207649,0.006224315947571197
B0,162,6.633542936675402,131.51373309409246,1.7196147636491426,0.702717267128886,2.6766760933155918,0.006188165688678166,0.2913846616842309,3.2044951781934623,0.003005152665629831,0.2279635394106106,0.0746091006285682,1.5290175287091001,6.638968691533925,2.298660545933003,0.06531124284528957,3.8930174185305226,0.001644350305344561,0.011464525268699934
B0,163,6.3002841277998325,130.94774237461388,1.493440073363635,0.7038332473258583,2.6718212293118846,0.006369332934976841,0.2757146093918353,2.8346840812235463,0.00259228749022515,0.21742573806217738,0.06968121386456247,1.5075315115403156,6.3299616696883225,2.2652784269683215,0.059745918351168534,3.8288261744440817,0.0007540443534432658,0.013055047799785566
B0,164,6.160591086562799,129.9515719152987,1.310315191745758,0.6684571899929825,2.675733571149865,0.007388095102363209,0.26163434374089145,2.518921216531676,0.0022496502402200537,0.20640378855929084,0.0630861081715141,1.4860228616364148,6.154010548883555,2.1900558617650248,0.05483005574087099,4.021278809527962,0.001426656329933141,0.009185782637331965
B0,165,6.992954147105315,129.37483680993319,1.9113630360486555,0.8465471626544485,2.6805738867545617,0.005939211571655635,0.2972824914114816,3.40269579023731,0.0034940210776878713,0.23949493133291908,0.0817525106653267,1.5514605264274441,6.697918522114656,2.400861380051593,0.06983391383700834,3.8767390007875404,0.000801693862908279,0.0083479850589226
B0,166,6.385705947875977,129.06968430615962,1.6064109157542794,0.7212863138743809,2.6745843449417426,0.0062997624876775914,0.2831834606370147,2.9485160197530473,0.002791783694006807,0.22213754666094876,0.07372610495254701,1.5200821331569128,6.481605442202821,2.2626932883749205,0.06455167681358907,3.732041918501562,0.0005195088465981132,0.008305732377465926
B0,167,6.8548038930309065,131.1243602000177,1.7645018404843855,0.822428363318346,2.6715824458063864,0.00618547551055933,0.29249248486392354,3.3748253413609097,0.0031045286973216094,0.22984650579034066,0.07928686946326373,1.5512781970354976,6.5971546075782,2.3346212250845775,0.06990839301475457,3.9379547907381642,0.0007237288874181656,0.00855878053204963
B0,168,6.200716967485389,127.97377068316564,1.3724143438193264,0.6417171541525393,2.671558127111318,0.006954252929842498,0.27115731823201084,2.5766506529584223,0.00235552230448348,0.20990405155687916,0.06841171411227207,1.5086823458574257,6.170407382809386,2.1255016278247445,0.058733515707509856,4.014902338689687,0.001365627062627548,0.013856527763576251
B0,169,6.460613236135366,128.6767239589244,1.608789977978687,0.7464442648449723,2.6694793555201315,0.005958907245016866,0.29193461914451757,3.0207198882589537,0.0029909721782373985,0.23214913083582508,0.07699813971257939,1.5355423932172814,6.582326168916663,2.2741134264031233,0.06809076811282003,3.784514821305567,0.0012757780456942496,0.014213356994713074
B0,170,6.68734165600368,130.62904427805915,1.7887794922809213,0.8133336816515241,2.678054313270413,0.0051569742761191206,0.2959536155875848,3.278620427968551,0.0030571170274776463,0.23726204554645383,0.07981792407832583,1.543596318789891,6.762277301476926,2.285550983584657,0.07060294583135722,3.6879440910962162,0.0005764210245374246,0.007144064199827212
B0,171,6.27010584364132,129.0643845773302,1.5185702987471406,0.7212734246740535,2.670812728453656,0.006366408248289431,0.28312940591452074,2.941907494652028,0.0027069221286350215,0.22041023963568163,0.07285943015345506,1.5208101491538846,6.415815470170002,2.276382713901753,0.0650257666462234,3.694919379390016,0.0010154565165852254,0.009940704876069559
B0,172,6.40147209654049,129.58579837204888,1.6157688285623277,0.7054505196152902,2.673196014092893,0.005547673127861048,0.2945434454144264,3.0471215540049026,0.0027194847519110355,0.2271716026019077,0.07964820585840819,1.5485826949683987,6.35726801229983,2.3134733706104513,0.07034903335175952,3.7395531547312832,0.0022341619178084912,0.015418722226295544
B0,173,5.909806032570041,129.8755815080367,1.2374733938854567,0.6694945540963387,2.679771822326037,0.005637824535369873,0.25759139900304834,2.4854168107314987,0.0020993304057569454,0.20104155126883058,0.06344643755986983,1.4851695956016073,6.052038338719582,2.1442802244303176,0.05384114707763098,3.765804164263667,0.00033000969727109983,0.008559972218883596
B0,174,6.46906489255477,129.51128925010562,1.6136964790675106,0.7287179444517408,2.675691439180958,0.005364367752027109,0.2803515013383359,3.1237609471593584,0.0031447287848485367,0.22072150269333196,0.07353722642422938,1.522896340915135,6.324174696085405,2.275580269949777,0.06329530964092332,3.7922841115873687,0.0010410250390341493,0.007899275450487336
B0,175,6.369479091799989,128.52164885401726,1.5426010258343754,0.6862565467552263,2.6753974982670377,0.0056688548030084645,0.27854528202086076,2.9440960573906803,0.0028440509432788976,0.2185403339716853,0.07497140768991441,1.5298342534473963,6.288309398962527,2.239234671300771,0.062118538978452584,3.85559166694174,0.001169342037115359,0.008157219452831835
B0,176,5.881601119528011,129.80922918161377,1.2936514184183003,0.6497483308217964,2.675246540380984,0.0062574600617933485,0.2670704165891725,2.5940277734581305,0.002217700880743107,0.2059632305588041,0.0646618801188104,1.4916031993165308,6.198043725928482,2.188486172228443,0.05604691472740806,3.6446789722053374,0.0007030805701110207,0.007812233586844518
B0,177,6.446980841305791,130.35264530731365,1.6963135554474227,0.7493543387675772,2.6693164085855288,0.006040964703840602,0.2867377747078331,3.1204446055451216,0.0029918903446927362,0.22856952554109145,0.07688403988675195,1.531433370648598,6.599632126944406,2.374931306255107,0.06560093780257265,3.6082238761746153,0.0009670735518387592,0.013637631940777542
B0,178,6.539220785608097,128.73062193533406,1.7115759733988314,0.7580962594674558,2.6705075964635734,0.006248182682463025,0.29321714445036284,3.2768372850758687,0.003033030853602009,0.22674099371141318,0.0815293329710863,1.5498150222155513,6.391940691033188,2.3647033097792645,0.0701185984879124,3.6709085435283426,0.0011223192350623707,0.012286175394541604
B0,179,6.581450710491258,128.54840049007908,1.7284855088409112,0.6989396098925142,2.6682931598351924,0.007071739667907776,0.2830196165916871,3.1575014846665517,0.0027504631262320113,0.22453721597486612,0.0777181267206158,1.5344222248816977,6.466021907572844,2.255804202994522,0.06674907208249277,3.8265922361490676,0.0010335468326352802,0.008120620171096061
B0,180,6.194200686046055,126.58706310996786,1.4676607184264125,0.6695661009574423,2.669056410692176,0.006364682313929103,0.276060799859008,3.0069009917122975,0.002676257653380459,0.2169165723786062,0.07290940716558574,1.5264464519461807,6.116101148177166,2.210414957027046,0.0613003850591426,3.7229621264399313,0.0005092610545416502,0.009492756680615179
B0,181,5.949776800311342,132.51679773814976,1.4000794565191075,0.7182482201225904,2.6705009888629525,0.007411794204797063,0.27697512872365054,2.715352795561966,0.00248843792776045,0.21401467098265278,0.06957485804296269,1.504918207927626,6.17945198136933,2.2521743847399343,0.06040190418764037,3.4592401811054776,0.0007929102153548693,0.011616819137891664
B0,182,5.8721431274803315,130.9255452156067,1.3388527625677538,0.6800969468087567,2.67474999233168,0.006612472312182796,0.2657804315795704,2.6119746501956667,0.0023709375581143386,0.20706745069854113,0.06769841160549193,1.4939599937322188,6.182501316070557,2.185611318568794,0.05711937608311371,3.515831236936608,0.0006646409169271565,0.00673263139970468
B0,183,5.928387797608668,131.3886585170403,1.3811826140296704,0.6622247081630084,2.6743280984917464,0.006972167016083032,0.26875539032780393,2.8096088104102077,0.0026628248194857426,0.20767620753268806,0.06782670528152768,1.4991217048800722,6.154680436971236,2.1957773797366085,0.05782407161076458,3.5156726983128763,0.000835445318509216,0.010294378852306033
B0,184,6.719671969511071,129.91877140197903,1.8905035242134212,0.7775425588598057,2.6742741964301286,0.0063191929805966815,0.2987457154964914,3.560758090749079,0.0032088035742552684,0.2390491159594789,0.0858614267591311,1.5728787646001698,6.625177792140415,2.3871032267200705,0.07382453453479981,3.5721354825156078,0.0018988308048882194,0.009196467372786935
B0,185,6.643842113261321,129.76427976833656,1.8539952295167106,0.7796363958290645,2.677348078513632,0.0068309552993088465,0.29953753279179945,3.467338956132227,0.0034133242431324813,0.23897250635283335,0.08284350070266092,1.553988252367292,6.5543201407607725,2.2606535030871022,0.0734250583895007,3.5340224090887578,0.0006481281504918872,0.006909694042359642
B0,186,6.06540128162929,128.68876234535128,1.4045387512567091,0.6455527793387977,2.670269177884472,0.006782935725582041,0.27787569286871927,2.6708623718242257,0.002289942643909278,0.21303253331962896,0.07044735482456732,1.505858302116394,6.064259918368593,2.1300861981450296,0.06361682030695434,3.741566297959308,0.001193373144242774,0.012532041627397975
B0,187,5.883179022341358,126.92137261014432,1.321070842292844,0.6655869477865647,2.672864626864998,0.006577149458818746,0.26953762556825367,2.836077321548851,0.002317445781212585,0.20599790282395422,0.06823415141932819,1.5000463894435339,6.1208315187571,2.194568607271934,0.058302144957136134,3.527141502925328,0.0015309096315734838,0.011267562028539329
B0,188,6.028191459422209,130.4181135040708,1.4973509755669807,0.7096310355225388,2.673388486005822,0.00659392150897029,0.2810928915836373,2.8375188878604343,0.0027229975343548824,0.22066784361187292,0.07409599986003369,1.520411846589069,6.184290710760623,2.236737219654784,0.06491287651338748,3.4128198429029815,0.0008660878155631494,0.007945299763614643
B0,189,5.887291825547511,132.6381136579439,1.3155621953156529,0.6395491641394946,2.674374463606854,0.006360830190325422,0.26687346003493484,2.6672539942118587,0.0023510929069966457,0.2028314012045763,0.06835845447316462,1.5042318908535703,6.069045241998166,2.2103722071161074,0.05665207146761977,3.6191875496689154,0.0005255192638318876,0.009100544578860554
B0,190,5.501089144726189,129.90827154088765,1.1581591124437294,0.6062102634079602,2.6741693944347147,0.006220073470066549,0.25385923926927606,2.4114651515775796,0.0020451521683883455,0.19502471721902184,0.06207242303965043,1.4796276700739959,6.049655087140142,2.103524869802047,0.05018687371772771,3.395645718185269,0.0006182747779642942,0.010046477889708123
B0,191,6.032016613045517,128.67725547403097,1.4637945537664452,0.6646006898004182,2.6737861973898753,0.006828912200610515,0.2733706065586635,2.8358111685636094,0.0025286396296590337,0.21372901268151343,0.07087076417341524,1.5123562253251368,6.175510786017593,2.2397888728550504,0.0607392567456985,3.535533111922595,0.0010729876152366239,0.00892676029126719
B0,192,6.177670868075624,128.56086467579007,1.6098970138296789,0.7029221361997177,2.6715802465166365,0.00718959731944333,0.27067678163246234,3.050343787183567,0.0026421838452474083,0.21642699351116101,0.07505278293119401,1.5296824294693616,6.4353636722175445,2.323369532215352,0.061216624681742826,3.426412669979796,0.0007798836985174677,0.008785860804079806
B0,193,5.94004885517821,130.10064492793754,1.4275234934626793,0.6883921416438356,2.671795066522092,0.006029039591358386,0.27236983818667276,2.7450054549441045,0.002648360160065397,0.2128758698093648,0.0679547019987082,1.5008218799318587,6.248162726966703,2.256565137785308,0.05869126966109081,3.441179372826401,0.0011018354811795916,0.008161668489139852
B0,194,6.302082076364634,130.70275258272886,1.6074060463175481,0.7602627836928075,2.6784307129529057,0.006574117177052005,0.2828853221572175,3.0591919118044326,0.0027989324767912303,0.22153158516299967,0.07332846442503589,1.524293235370091,6.412776791319555,2.302537988643257,0.06299531060670104,3.5223490024099546,0.00039693912714893967,0.005790581347907521
B0,195,6.1829623348858895,130.45461936388165,1.7082342158774941,0.7188012660766134,2.669376801471321,0.006299751672634798,0.29904741930718326,3.2339885715319188,0.00299085575341228,0.2283001903976713,0.08104233842875276,1.5519797850628287,6.3150254074408085,2.2861977912941756,0.07337892903205083,3.2206989940331905,0.0007072072795579618,0.01092338907628986
B0,196,5.587189873870538,133.19431839231402,1.2179875465071932,0.6360087929939737,2.6733497113597635,0.00642305254765159,0.2676910171095206,2.562223867494233,0.00229243674358277,0.2002018492440788,0.06523593788852497,1.4871876020820773,6.035659566217539,2.1141101657127845,0.05545616645974164,3.353026886375583,0.001835751395745868,0.012992826773518814
B0,197,6.081935318148866,128.20506375003606,1.5339974426493352,0.762559997183936,2.671974936310126,0.006526763895431495,0.2817438445529159,3.026888578521962,0.002939554072122983,0.2158677039705977,0.07203446959658545,1.5175830223122422,6.289594299939214,2.2399691270322215,0.06394250451454095,3.31567628529607,0.0010114831932366648,0.004630176372872985
B0,198,6.303298595000286,128.151885708794,1.6654772892290233,0.7933706476980326,2.669844165140269,0.0065482154284242765,0.281268412665445,3.0429131425156886,0.00297624029709758,0.22243558204903893,0.07127376687617934,1.5131801342477604,6.308003299090327,2.2972623109817505,0.06284129115923935,3.399598150837178,0.0007506891310283338,0.00960983199331854
B0,199,6.035036510350753,130.56652218289673,1.5693301523522454,0.7086790416921888,2.677048327971478,0.006602010696803277,0.27438776499154616,2.8617357131169765,0.0027874670048156393,0.22175451535351423,0.07133493009878665,1.4950436450997178,6.442871152138223,2.2760315525288486,0.05939786514381365,3.3107293090041803,0.0013512097340195601,0.01128786463709266
B0,200,6.048186433558562,130.40546001680195,1.4934050182298737,0.7108214874656833,2.669015032904489,0.007255800322591498,0.2768101233000658,2.765806042418188,0.00242637234890824,0.2137750593983397,0.07179544204655959,1.5064166565330661,6.243869800956881,2.176612445286342,0.06126945347962331,3.4665897403444563,0.0008600080350810961,0.00841512690821293
B1,1,16.92576902739856,55.30851281108335,12.507980327216947,2.713209239804015,2.7178702062490037,0.0004689275579317948,0.0,12.965329754109286,0.013835947010286,0.2842974814833427,0.0,0.0,0.0,0.0,0.0,0.0,,
B1,2,16.180390786151495,51.40251877810806,11.89377296214201,2.6430178759049396,2.7099609958882236,0.0005787369214254906,0.0,12.22924466035804,0.013098331491405867,0.2442378943063775,0.0,0.0,0.0,0.0,0.0,0.0,,
B1,3,14.677914210728236,52.8403086499311,10.750440344518545,2.3242989656876545,2.7056338057226066,0.0010318038973254056,0.0,11.735694671163754,0.0140121371618339,0.26649669573015095,0.0,0.0,0.0,0.0,0.0,0.0,,
B1,4,12.332811452904526,51.3588842600584,8.741742708245102,2.079316968820533,2.704080051305343,0.0006884763709849164,0.0,10.595738566651637,0.013795380613633565,0.32001901889333917,0.0,0.0,0.0,0.0,0.0,0.0,,
B1,5,11.324492104199468,53.818149206228554,7.88527385555968,1.978647609146274,2.703884479950885,0.0006314236070837217,0.0,9.957157310174436,0.012426281442903742,0.3230084010532924,0.0,0.0,0.0,0.0,0.0,0.0,,
B1,6,10.418225307853854,53.34101518196985,7.12433908423599,1.8781962078444812,2.698759988862641,0.000641394138089096,0.0,9.411861653230629,0.012576378653852307,0.320566286846083,0.0,0.0,0.0,0.0,0.0,0.0,,
B1,7,9.383169865121646,53.51608976488933,6.212749033558126,1.8277054416890046,2.6976962916705074,0.000602020266434957,0.0,8.502351342415324,0.012256667246015705,0.33948938883080776,0.0,0.0,0.0,0.0,0.0,0.0,,
B1,8,8.809223700542839,52.654411654919386,5.686992776637175,1.789500151361738,2.6946500466794383,0.0005789383362660337,0.0,8.359934096433678,0.011308252972987841,0.35917630609200923,0.0,0.06658345088362694,0.0,0.0,0.0,0.0,,
B1,9,8.89358104978289,53.51844037976116,5.82503570829119,1.7188527194821104,2.6945324868572,0.000579165077972587,0.0,8.544609887259346,0.0098143312414842,0.3858077921429459,0.0,0.13505301943847112,0.0,0.0,0.0,0.0,,
B1,10,7.4288283659487355,53.90580177213997,4.53109588914988,1.6371278130278295,2.6936342813530745,0.0006344661375564732,0.0,7.409853137269312,0.009387023518888317,0.35096247281347004,0.0,0.19879956695498252,0.0,0.0,0.0,0.0,,
B1,11,7.877072840320821,54.352415326051414,4.93662413285703,1.6506380596939398,2.69072150210945,0.0006927702221330445,0.0,7.754661375162553,0.008734161927535827,0.3716592898174208,0.0,0.2704676736374291,0.0,0.0,0.0,0.0,,
B1,12,8.916955110978106,62.80964867211878,5.907993462620949,1.6526001448533973,2.690589496067592,0.00068503967753602,0.0,8.555723248695841,0.009731945125576185,0.4029710761138371,0.005761090238407558,0.3437306376136079,0.0,0.0,0.0,0.0,,
B1,13,7.861864226205008,61.24957270221785,4.9894538217661335,1.5914243265074126,2.688463863061399,0.0009291346234801624,0.0,7.596870811618104,0.008754801499296208,0.3768743319170816,0.01053989762250258,0.40493934981677,0.0,0.0,0.0,0.0,,
B1,14,7.4791193397677675,62.33199613308534,4.6645691443462765,1.5567136273092153,2.686463852317966,0.000753190164687112,0.0,7.285319790548208,0.008798575214091308,0.3743078337640178,0.016362269275954792,0.47560920885631014,0.0,0.0,0.0,0.0,,
B1,15,7.048846828694246,60.16359372297302,4.27934865318999,1.5385789335990439,2.6842461800088686,0.0008622146872637261,0.0,6.9306201448245925,0.008430192750707572,0.3563820269643044,0.0205611489257034,0.5400253509988591,0.0,0.0,0.0,0.0,,
B1,16,7.97704419311212,62.19094805791974,5.1225786501047565,1.5659274811647377,2.683994400257967,0.0007260072912797521,0.0,7.6184574730542245,0.008853928090966478,0.37950962660264,0.028282379503456915,0.6196344044743752,0.0,0.0,0.0,0.0,,
B1,17,7.577380092776552,67.72903673071414,4.60362771092629,1.5176492272591104,2.678112180865541,0.0007659995730025504,0.4350970472608294,6.866801091602871,0.008006102172657847,0.37522807899786503,0.03162287909309475,0.6769226327234384,0.0,0.0,0.0,0.0,,
B1,18,8.698552929625219,67.53962921118364,5.539743523208463,1.5702973044648463,2.677711477085036,0.000748055770266231,0.43472418675617297,8.008481755548594,0.00867432902320003,0.3882340454325384,0.04247641175681231,0.7672339811617014,0.0,0.0,0.0,0.0,,
B1,19,7.454477621584522,67.49852309934795,4.476300818579538,1.5159186927639707,2.6793652359320195,0.0008256434904273637,0.4270998288174065,6.845836478836683,0.007305346856996113,0.3783623630903205,0.04474863824339546,0.8226496516441812,0.0,0.0,0.0,0.0,,
B1,20,7.117099348379641,89.85981166409329,4.248633968586824,1.4293141219080712,2.6807825565338135,0.0007459526288807772,0.4243545714689761,6.594412205170612,0.007988136945938577,0.36247764193281834,0.049920661222873905,0.8879458466354682,0.0,0.0,0.004554938482196659,0.0,,
B1,21,7.5801165833765145,90.91913436399773,4.561725042304214,1.518894069048823,2.6767137293912926,0.0009149073594016954,0.41429830996357664,7.089944800552057,0.008215346872540457,0.36476868512679117,0.0539905378709034,0.9587044557746576,0.0,0.0,0.008805116705064262,0.0,,
B1,22,5.8811313424791605,89.19665085989982,3.1985600164958408,1.363621322476134,2.6727463371899662,0.0010501115231855524,0.4029458633490971,5.458598959202669,0.006431779429810692,0.3348820051368402,0.0517219643735764,0.9989385908963729,0.0,0.0,0.012706830128267104,0.0,,
B1,23,6.307910651576762,90.7097233729437,3.5950817842872773,1.3474521831590303,2.6740582427200006,0.000908996454886712,0.39842874359111397,5.810585445287276,0.007305692838580936,0.3394364471338233,0.05906163581780025,1.0681542717680639,0.0,0.0,0.016298316267071938,0.0,,
B1,24,7.6932917419745,88.46343599259853,4.724741364011959,1.4453088020791813,2.6687991521796404,0.0008630230541730641,0.4213385533313362,7.132879228008036,0.007869167357911261,0.3719972238248708,0.0780263645004253,1.1786084758992097,0.0,0.0,0.02305400850517409,0.0,,
B1,25,7.879342346775289,90.6597453020513,4.809391681028872,1.547391524120253,2.6763840500189335,0.0008865023751705124,0.40160784003685934,7.040564274301334,0.008014802844738779,0.3744048597861309,0.08427150342233326,1.2441975316222833,0.0,0.14272980711289815,0.024868705081848467,0.0,,
B1,26,6.518781370046187,90.78857615916058,3.7643974484229576,1.3691017165475963,2.6686178080889644,0.001056151700381912,0.3884369007178715,5.798985724546472,0.00643581420905432,0.3392431967112483,0.07621427169259713,1.2755149992144839,0.0,0.25165066275061393,0.026884172320822065,0.0,,
B1,27,8.101007106352826,110.4670285419561,5.0279794006931535,1.5026431375620317,2.67049689195594,0.0009131307733881914,0.4023723006248474,7.30447504958328,0.008391912052483887,0.38358558075768606,0.10635638115357379,1.4027112284485175,0.0,0.4219389469647894,0.0341932975440001,0.0,,
B1,28,6.5370797040511155,108.42365069082007,3.7986523667160346,1.298796836210757,2.666586296898978,0.001191617264673684,0.39045272554670063,6.119396326493244,0.007015108311434789,0.3469983114271748,0.0894486736126092,1.4152698419531997,0.0,0.4921590679762315,0.03611779733732039,0.0,,
B1,29,7.549487152878119,110.77842105412856,4.585571111464987,1.4344856885014747,2.6709632338309777,0.0011821624095912796,0.3950223892318959,6.782435645862502,0.007146780179547412,0.3760071348170845,0.11459180393389293,1.5312039560201216,0.0,0.6720233170353637,0.041449161626550615,0.0,,
B1,30,5.746400244381963,109.3149949121289,3.14921997031387,1.242461081670255,2.663635020353356,0.001396626649823572,0.38012320593911775,5.242493624589881,0.0062280016789706995,0.32753571016447885,0.08592679123489225,1.5231261812910741,0.0,0.7283313298711971,0.04225197073300274,0.0,,
B1,31,7.409686200472773,113.62385585671291,4.472919697664222,1.415477957044329,2.6679020706488163,0.0011766921997317398,0.37944585753946886,6.550297386792241,0.006826252149113891,0.3680290929516967,0.11472864319779436,1.6362494789824193,0.0,0.9435019371460895,0.04469965767039328,0.0,,
B1,32,7.897417472333324,108.30514572001994,4.8569027805814935,1.4366137871936875,2.6654710185771084,0.0012673614237799632,0.3828327820009115,7.154514349236781,0.00757158023295734,0.379917750553209,0.12716982703731985,1.7172953474278352,0.0,1.1200931814252113,0.05038661471739107,0.0,,
B1,33,5.884135343590561,110.47622290579602,3.269147965372825,1.2309210227460277,2.654885992711904,0.0016657093786919604,0.36564023579869953,5.272785790112554,0.00577523723501256,0.32845908677091407,0.1091707807262333,1.6579611058137855,0.0,1.090962566891495,0.0504197609819928,0.0,,
B1,34,6.8272392944413784,110.39504270488396,4.028428772274329,1.3103557922402207,2.6639450715512645,0.0015368453624636904,0.3741987396259697,6.036148679499724,0.006678623574956947,0.354054610644068,0.1310178088594456,1.6958896627231521,0.0,1.3256068545944837,0.05687070702563743,0.0,,
B1,35,4.81071061017562,109.00259448587894,2.4037390618908163,1.1124635825351792,2.6527853304026077,0.0016915105652700805,0.3603697923981414,4.406530010456941,0.004604054655290532,0.2885882577725819,0.09679830971421027,1.6071783717797727,0.0,1.189984754640229,0.05584889471682967,0.0,,
B1,36,6.48332497051784,111.1132954810746,3.7214707257796307,1.2836516900938384,2.659160857297936,0.001609988300348347,0.36060610839298796,5.812207348492681,0.006337992357546274,0.33965700104528546,0.1314086602354536,1.6779270318089698,0.0,1.4440456008424565,0.05960815456904927,0.0,,
B1,37,7.452513558523996,111.40655876835808,4.510670133999416,1.3655708724138689,2.6638723490189533,0.0015488898628676425,0.3720921466545183,6.500340914239689,0.006875243726927711,0.368527782510738,0.15147176141641577,1.7259594566968022,0.0,1.7458581729811065,0.06901797815701183,0.0,,
B1,38,6.091722989568905,110.2055204808712,3.407765088032703,1.2483461572199452,2.6627037087265326,0.0018791496451963118,0.35998890107991743,5.295546157019479,0.0055537801734837034,0.33108480457140477,0.11978217716119727,1.6572382425775334,0.0,1.6621557401151072,0.06688439294847907,0.0,,
B1,39,6.845385789871216,111.3618830232881,4.016932204061625,1.2815223956594661,2.6542630195617676,0.0016922009752455111,0.3734964418167971,6.106334433263662,0.006373773899157436,0.34947818791379737,0.1495990106950001,1.709770944653725,0.0,1.9628176543177391,0.07870662079325744,0.0,,
B1,40,5.280223067925901,108.13233419787139,2.799298322930628,1.0980928905156193,2.6546720387984295,0.0020685148228206957,0.3505947054648886,4.729703105225855,0.004979108776231962,0.3066315784746287,0.11277788999129315,1.6380001647131783,0.0,1.8179680668577856,0.07181622551716103,0.0,,
B1,41,6.278641321221176,111.6315416241996,3.5817477751751334,1.1866837058748518,2.6531365063725687,0.0017995718267879315,0.3757724579499692,5.640301787123388,0.005840951327367553,0.3386648914643696,0.12837861387097105,1.6921907687673763,0.0,2.04984691434977,0.08768898012990854,0.0,,
B1,42,5.89145463826705,111.04213818721473,3.2798606558721892,1.1422070155338364,2.655711903864024,0.0020355373360834332,0.3550830300973386,5.232963447668115,0.0056051943802787945,0.3248657568985102,0.12509199862881581,1.6667407605112816,0.0,2.0989303540210336,0.08376775864435702,0.0,,
B1,43,4.937981191946536,108.3857024689205,2.504595550955558,1.0785842623029436,2.6569693915697994,0.0021079165919812167,0.3357888496651941,4.2676838490427755,0.004423269593365946,0.29355161591451995,0.10156398388196011,1.6063816960977049,0.0,2.0005521287723464,0.0746537523762304,0.0,,
B1,44,5.2786219120025635,110.34225291525945,2.7912102305159276,1.0713991753909053,2.652087557072542,0.002016650665461143,0.3392583381156532,4.657922387123108,0.004621692785841166,0.29982183904063947,0.11424496176899696,1.6287988910869675,0.0,2.27170083717424,0.08305298620644881,0.0,,
B1,45,5.957173994609287,113.32847979478538,3.3071244650957534,1.1283529011570677,2.6598148978486353,0.0019830889466494247,0.34716331533023287,5.3429250084624,0.005540677507845115,0.3271548075943577,0.1226230753319604,1.6618717057364327,0.3328779689511474,2.4710932775419585,0.08722911691483186,0.0,,
B1,46,6.5605544703347345,118.94607639219612,3.784041714911558,1.1873193103439954,2.657214442077948,0.002056131863726626,0.3548164915065376,5.738047176477861,0.00572049042343029,0.3416907887677757,0.14091976116202315,1.6963835516754462,0.7056690217280874,2.7989076375961304,0.09013946483633956,0.0,,
B1,47,5.84356630578333,117.15882042516023,3.1552368864721183,1.1714841103067204,2.656755802582721,0.0021590354602323007,0.3519770430058849,5.095584292801059,0.005533602706403757,0.31529628287772743,0.12311699347836631,1.6628772823178037,0.9629285627481888,2.689098044317596,0.08698924395198725,0.0,,
B1,48,5.6862689572937635,116.03475672984496,3.0651225429408404,1.1168790131199116,2.6601230368322257,0.00201042581970889,0.3376487347544456,4.889540557958642,0.005152684261034034,0.3145408125556245,0.11806872342618144,1.650517278788041,1.3132906604786307,2.837998178540444,0.08141486795277011,0.0,,
B1,49,6.7039714930008865,115.58461678028107,3.8628645551447964,1.2238149521302204,2.6602120691416213,0.0020458063328096985,0.35728897549668137,5.602013441981102,0.0059066581093155,0.3478928241802722,0.14089596347541225,1.6898830885789833,1.71332978715702,3.118694952556065,0.09247661746886311,0.0,,
B1,50,6.426022417691289,114.54508538171649,3.671534069946834,1.1351864094636879,2.65502515617682,0.001919266254919087,0.3506386225320855,5.522510263384605,0.005748073081010763,0.33763287596556607,0.1360810671990015,1.6819248977972536,2.077144496294917,3.015728624499574,0.0909003146676993,0.0,,
B1,51,5.867700659498876,114.85569454869255,3.2078848651477267,1.088287213627173,2.6581927367619107,0.0024131222293065973,0.3357536403500304,5.07110947248887,0.004957180472604018,0.3172549267812651,0.12419565865884022,1.6484399571710704,2.3245435831498127,2.904706575432602,0.08116399717270112,0.0,,
B1,52,5.645747963263064,115.65052803000435,3.044025624284939,1.0335118308359263,2.6569607257843018,0.0024069963511298125,0.3465493047723965,4.938596637881532,0.004753920468216648,0.30882091789829486,0.12290079579973708,1.6583776060415774,2.6047293701950385,2.8301510713538347,0.08911082943027117,0.0,,
B1,53,6.08320478517182,119.6190198068507,3.380417907724575,1.0886710456439428,2.653926907753458,0.002249973331939201,0.3479857785361154,5.153799015648511,0.005031808262823948,0.32381042868507154,0.13461670203476536,1.666884928333516,3.1165041339640713,2.9654511602557436,0.08765639737248421,0.0,,
B1,54,5.695070441888303,117.73903702292591,3.025951089907666,1.0822504333087377,2.662348679133824,0.0021076662824085286,0.34076715732107354,4.850705528745846,0.004825074786358342,0.31661162023641626,0.11632601574671511,1.6399458062892058,3.1612002703608297,2.8145910671779086,0.08545179269751724,0.0,,
B1,55,6.120173634315024,115.41944164363667,3.349599613218891,1.1135785701323528,2.6578343206522415,0.002260982006748459,0.35207765625447646,5.221017394747053,0.005335133273287543,0.33083733399303594,0.13400955239729007,1.6855839734174767,3.746777753440701,2.9088253682973435,0.09024529782484988,0.0,,
B1,56,5.662816495311503,116.23705047089607,2.9902584747392305,1.048448686697045,2.66877979161788,0.002779785206907296,0.33522238050188335,4.878629933814613,0.004944701663608074,0.3042410417478912,0.11708189509048754,1.6436801078368206,3.7828800532282614,2.8124106854808573,0.08311051411592231,0.0,,
B1,57,6.120598194550495,116.80696832481772,3.327269230570112,1.087253628944864,2.6581681115286693,0.0021836985139014695,0.34872719949605513,5.332280217384805,0.005366361831856549,0.3171844455052395,0.13034308960243146,1.6734482414868412,4.457807102981879,2.9633348328726634,0.09032229638221312,0.0,,
B1,58,6.209862952329675,113.84341235971078,3.391188205504904,1.1153825703932314,2.6591837260187887,0.002503159197584289,0.3328329038863279,5.205926041213834,0.005593615783644574,0.3304144186632974,0.12997562301402188,1.6672440499675518,4.61283768926348,2.914201505330144,0.08193849285646361,0.0,,
B1,59,6.300715942772067,115.96390121709555,3.480149113402075,1.0844793806270676,2.6678223609924316,0.0023641496833190514,0.34850102602219096,5.273813505561984,0.004803817678832126,0.32884690652088244,0.1343187801539898,1.6798657884403152,5.2830601273750775,2.958703315987879,0.08956936807656775,0.0,,
B1,60,5.420821939195905,114.56115872925147,2.786264633645817,0.9902829734646544,2.6644217870673357,0.0027473857023453873,0.32465516791051746,4.585808174950736,0.004534003713253734,0.3021154625683415,0.11255830883675692,1.6331450987835319,5.022203085373859,2.700374036419148,0.0816780370945225,0.0,,
B1,61,5.684582539967129,112.50779038108885,2.954019460142875,1.035479383809226,2.667269755382927,0.00321625227735815,0.3296434772866113,4.802561665067867,0.004848651718633364,0.30570406451517224,0.11921762925933818,1.649097094730455,5.297282355172293,2.7128538525834376,0.08475715701221204,0.0,,
B1,62,6.545535243287379,117.91557871131226,3.595986476358102,1.1484105647826681,2.666143899061242,0.0029203650409893884,0.34049609698811356,5.350877934572648,0.005532287475201587,0.33790645976455846,0.13394019091311765,1.6714663018985672,6.3653249156718354,3.057308875784582,0.08707966081493972,0.0,,
B1,63,6.127632282218155,116.94432618515566,3.279490197191433,1.0709303885090107,2.667763583514155,0.002738268607609658,0.33838186093739103,5.079534048936805,0.005026141965609728,0.3267713040113449,0.13077677999223983,1.6730497783544112,6.444723070884238,2.9554249997041664,0.08604126073876206,0.0,,
B1,64,5.851540453579961,116.325019240845,3.0667753316918196,1.0088755184290361,2.664965250054184,0.003246438581429954,0.34319160787426695,4.965964898771169,0.004936635567882687,0.3101656379140153,0.12112432870329642,1.6535660831295713,6.616467894340048,2.906090210895149,0.08619791352931334,0.0,,
B1,65,5.890075805235882,112.56067935889587,3.0716199534279958,1.033850519024596,2.674482043908567,0.003200373763209019,0.33559058515393003,4.886354976770829,0.004991506608868284,0.3098353323887806,0.12430379638562397,1.6581054415021623,6.930454088717091,2.8309478808422477,0.088139501761417,0.0,,
B1,66,5.547198577803009,115.61170246312395,2.8426001339542624,0.9566157910288596,2.6687921504585113,0.0034308864364438517,0.3341232316226375,4.554439717409562,0.00455084149915801,0.30619889345704293,0.1242973520135393,1.6576027164653855,7.032297504191496,2.7976296288626537,0.08653640047628053,0.0,,
B1,67,5.77303976428752,116.07744296593592,2.9961846476914933,0.9780240484646389,2.672949168146873,0.003415047138221372,0.33190000999946984,4.7571260418210715,0.004728589929184135,0.30674238168463414,0.11568274212126829,1.6456592204619427,7.294413225991385,2.741874636435995,0.08435987038727925,0.0,,
B1,68,5.79560679805522,114.84084303304553,2.9468449670441297,1.0257657364923127,2.667692924032406,0.0033226947553161227,0.33474806376865934,4.805877332784692,0.004656454004176265,0.3018446780589162,0.11787593402728742,1.6433755475647596,7.433621562257105,2.742141220034385,0.08517511728770878,0.0,,
B1,69,5.9196962629045755,116.64955646218732,3.0763163043528188,1.0128819832996445,2.6748365674700056,0.0037473777121370087,0.3211946545206771,4.796588462226245,0.0047987044494295,0.30685586740775983,0.11857485086942206,1.6477414564210542,8.269560414917615,2.914346765498726,0.08043266794815356,0.0,,
B1,70,4.795055846778714,117.27000900590792,2.215421269134599,0.8914774656295776,2.667471554814553,0.0036517494626590336,0.3108993622721458,3.97946989171359,0.0036222588636779358,0.2696825950121393,0.099138257987037,1.597927806328754,7.2335638999938965,2.4937151232544257,0.07506971148659988,0.0,,
B1,71,5.6204200910062205,117.8497454142198,2.869745827451044,0.9753880975197773,2.669908718186982,0.0035799969384465746,0.32538461198612134,4.472444840839931,0.004287170053801822,0.3035043152619381,0.11683536260103693,1.6413854190281458,8.056935427140216,2.720503882485993,0.08235757357003737,0.0,,
B1,72,6.3438094538085315,117.04333543172106,3.3962923975623385,1.0683619903058421,2.676434716399835,0.0029340357307644028,0.33867169186776996,5.078457355499268,0.004957187800829736,0.3283133628417034,0.1318987702228585,1.6806965896061488,8.388542632667386,2.875874025481088,0.08934935182332993,0.0,,
B1,73,6.092416714648811,116.74963764892891,3.203668489748118,1.0062436595255015,2.6768162883057887,0.003580739761747857,0.3346700358147524,5.095518738639598,0.004879283098675006,0.31754818893208797,0.131147811911544,1.6726136329222698,8.529129709516253,2.9328026941844394,0.08546742515600457,0.0,,
B1,74,5.708241375125184,113.7653129179962,2.9323526353252176,0.9907472924310334,2.676738447072555,0.0041629013631252895,0.3311927370270904,4.520851125522536,0.004598900906228442,0.30961969525230176,0.11608034737256108,1.6464437708562734,7.79766389301845,2.6768309632126166,0.08585608302026379,0.0,,
B1,75,5.655319160344649,118.72551087895408,2.9175082463390973,0.9467064117898747,2.680583671647675,0.0037586210326443674,0.32186742765562876,4.543650259776991,0.004214568244179292,0.30232706878866467,0.1257225572682765,1.6487748890506977,8.071438088708994,2.7147456334561717,0.08210809893754063,0.0,,
B1,76,6.038052500510703,116.17746709100902,3.182431396781182,1.0137791122709001,2.684255653498124,0.003331388252411912,0.3256374363388334,4.843141004747274,0.004559898797698243,0.31887100363264276,0.1250656393869799,1.6584072648262491,8.114257179960912,2.826390042596934,0.08296220441709976,0.0,,
B1,77,5.193752318012471,118.29895759094507,2.547972710156927,0.9080627475466047,2.6802553254730848,0.004489698860680266,0.3256148820628925,4.232177784248274,0.003634347890418175,0.28478878371569577,0.10524394857336064,1.6106791252992592,7.519942361481336,2.6335807576471444,0.08199675537037607,0.0,,
B1,78,6.656787439268463,114.10377343185246,3.6458574764582576,1.0696072651415456,2.688432114464896,0.003158986314237878,0.3308762032158521,5.421181710398927,0.005171352856060756,0.33487033083730816,0.13885008718590347,1.6883969890828034,8.794560208612559,2.9436056492279987,0.08399662941846313,0.0,,
B1,79,6.207011325018747,116.15609494037926,3.3054675009785868,1.0029999613761902,2.6826228560233605,0.0033503422318786687,0.33323945196307436,5.179283940062231,0.004933876048402899,0.32228741475514006,0.13160992390951332,1.6836220196315221,8.425384015453105,2.798269646508353,0.09114327152468721,0.0,,
B1,80,9.040218246226408,113.82575178099796,2.550179504618353,0.9222465388628901,2.679010264727534,0.0034404094948680426,0.3197595100013577,4.333920122409354,0.004194258281020258,0.2855707340094508,0.11006596752879572,1.62839459643072,7.744877902828917,2.608464464849355,0.0788615238757766,5.60645495628824,,
B1,81,10.520172615440524,117.37675316585228,3.7442380554822026,1.0611982382073695,2.6848252354835975,0.0032731757501653414,0.3413874433965099,5.371412824611275,0.00571073167387168,0.3374723098715957,0.13711593193667276,1.6845815862928117,9.187684195382255,3.022845978639564,0.08670694939792156,5.557186311605025,,
B1,82,9.111721583775111,115.53359300270677,2.6745375212357967,0.9394167235919407,2.6747715229890785,0.0040767307969983855,0.3186493561584122,4.4734707924784445,0.004256362874745106,0.2902146550465603,0.10860532940346368,1.6250377358222494,7.874570428108682,2.6687385768306497,0.07517307244089184,5.470851333773866,,
B1,83,8.447750879793752,118.20318065909669,2.2169587545248928,0.9082459381648472,2.6806002344403947,0.0038737786867850633,0.3118029096905066,3.756713855023287,0.0036374206514553907,0.27150019881676657,0.10017133336894367,1.6010495983824438,7.305256337535624,2.468234986675029,0.07315165690165393,5.385492441605549,,
B1,84,8.955596018810661,113.34871013881639,2.6419805166672687,0.9072925825508273,2.6779975258574193,0.0041361388397564616,0.3125058926489888,4.3283209362808535,0.0038096505640150637,0.28994863830050643,0.10769240520134264,1.6193934314104976,7.8783179497232245,2.654682383245351,0.07391622658742934,5.368891360808392,,
B1,85,9.525574304619614,114.66292798286304,3.150740684295187,0.9647190145083836,2.6763455867767334,0.0036528214787926562,0.3375379242459122,4.88677952727493,0.0046920110732887165,0.31320712365666215,0.12499829138420065,1.6774010779906292,8.298737117222377,2.7639148429948457,0.08897396028802103,5.233916467549849,,
B1,86,8.016028491818176,111.56225894903764,1.9698947290984952,0.8178202266595802,2.679051082961413,0.004682294550418321,0.3023844577220021,3.548854236700097,0.003296972290441698,0.25738492790533574,0.0908921947132568,1.5774662567644704,6.85095265446877,2.473862489875482,0.0694494043685952,5.3008041576463345,,
B1,87,8.658088937097666,120.59388815611601,2.5744361804456126,0.8708010851120462,2.675228094568058,0.004966960425194049,0.30009448011310735,4.139235293378635,0.004130174016831823,0.2849648102205627,0.10429064868664255,1.5918660431492084,7.689215144332574,2.575424593322131,0.0679372292848266,5.134253589474425,,
B1,88,8.149080013742251,112.74795220373198,2.136517623857576,0.8458838669621215,2.678450798501774,0.004824810688697486,0.2955569196112302,3.701274441213024,0.003786358922929028,0.2615694598275788,0.09075563218520612,1.5706442059302816,7.2834747470155055,2.4267851965767995,0.06596987778130843,5.173142812689957,,
B1,89,8.787886833658023,118.07820648187771,2.6033642954972325,0.9069167691834119,2.676151129664207,0.004492887470108571,0.32335682517411757,4.359851789717772,0.0038829167784495775,0.2858332146187218,0.10679062744792626,1.6245298555919103,7.726819203824413,2.6861327181057053,0.08070205133028176,5.171810826476739,,
B1,90,9.069941014659648,112.48509209183976,2.8165142043512694,0.9178713328984319,2.6753024762990525,0.004171406951191246,0.33063160612875103,4.565812193617528,0.0045156969584296556,0.30116730289799826,0.11148661998461704,1.6417638501342462,8.048357827322823,2.701334680829729,0.0825181478938582,5.204999602570826,,
B1,91,9.757059058364558,116.00230906298384,2.705971749461427,0.8936793019576948,2.675884553364345,0.004258422311680506,0.3143092749678359,4.274945940290179,0.0041339891969834515,0.29357836471528426,0.10639140488845962,1.618778827239056,7.990550167706548,2.730459084316176,0.07365210749665085,6.4850528191547,,
B1,92,9.003482526662399,114.19631294487044,2.1862660305840627,0.847948934350695,2.678775417561434,0.004530945930591956,0.30798844962703936,3.953066443910404,0.003541244854390317,0.26619873271912947,0.09350735321640968,1.5894637010535415,6.947069265404526,2.4982424171603457,0.07346368132501233,6.293379618197071,,
B1,93,9.679639495148951,118.9800836998038,2.764456202181018,0.9058433442699666,2.680082997497247,0.004088156342824769,0.3277089167006162,4.357764521423651,0.004240286238348986,0.2957331136781342,0.10756599644617158,1.6377256500477693,7.828929774615229,2.650498035002728,0.08304955380759677,6.244732350719218,,
B1,94,10.449239322117396,111.86800648085773,3.3586810580929933,1.0280176109197188,2.675676097675246,0.0030024564169865214,0.35526492279403066,5.161199972337606,0.00512827456897904,0.32579187288576245,0.12492415654872145,1.6946388507375911,8.492780004228864,2.8318744630229715,0.0979790569340088,6.124427844067009,,
B1,95,9.219846472448232,115.46999703394249,2.476017191093795,0.8680288110460553,2.672889281292351,0.0040454077837295,0.31902824463892954,4.056547739067856,0.0037284820335822142,0.2859825805133703,0.10361322034530494,1.6162530524390084,7.524910070458237,2.5819664998930327,0.07938553062172568,6.127537026697276,,
B1,96,8.60957298473436,113.68100036727265,1.9982469112289196,0.8101025673807883,2.6788290763387876,0.004889541442805369,0.3036896197163329,3.5348649608845615,0.003501023453356204,0.2546684732850717,0.08668715613228935,1.5733588082449776,7.0123915088420015,2.450806279571689,0.07173751252798402,6.145837180468501,,
B1,97,8.68363450497997,118.89353259420022,2.1248694719100487,0.8257141015967544,2.671813862664359,0.004639628459699452,0.3157507780255104,3.6568731276356443,0.0035360483363584367,0.2603007938180651,0.09095620557817878,1.5938003111858756,7.167682939646196,2.542431955434838,0.07718532996214165,6.016418213746985,,
B1,98,9.089523111070905,112.95217621698976,2.3897223369199403,0.8936549084527152,2.6785278563596764,0.004373376425510101,0.3228727995741124,3.9086937417789382,0.00355050259873233,0.2749326429804977,0.09732187968887845,1.6012274318811845,7.3630641625852,2.6195546948179906,0.0807546084860758,6.058121447660485,,
B1,99,9.651552346287941,120.62204589229077,2.8684868867299995,0.9290148773971869,2.6788855134224403,0.004151195349475863,0.3166034428440795,4.443002500096146,0.0044440648516126885,0.3031898396355765,0.1069022464965071,1.617573086096316,8.218291282653809,2.636773948766747,0.07675078005662986,5.996678099340322,,
B1,100,9.195071852937037,110.67666887212545,2.5423284452788684,0.8642820703740023,2.6745234508903657,0.004383828347235234,0.31177250828061787,4.11637839979055,0.003937907313823472,0.28032280139777127,0.09993743911689641,1.6105822835649763,7.725357912024673,2.591248848000351,0.07601457952084589,5.983930616962667,,
B1,101,8.806928430284772,116.78990788012743,2.2387661124978746,0.8622772742290886,2.6814875359437904,0.003980784998299098,0.3133854704852007,3.7920969700326723,0.003656410251040848,0.27353541765894207,0.0927382345710482,1.5921888254126724,7.405314747168093,2.513016160653562,0.07663209899803813,5.938623730017214,,
B1,102,9.400569487591179,112.90691015822813,2.745064948286329,0.9079072171328019,2.675751510931521,0.003808041012605975,0.329119475520387,4.486168189924591,0.004564564500469714,0.2856592152799879,0.10580650675205552,1.63499239269568,7.726124053098718,2.603814193180629,0.08512009539622434,5.832830078747808,,
B1,103,9.850459575653076,118.1175661101006,3.0346754016924877,0.9798109859836345,2.684685755749138,0.0036109079406667997,0.3436944761446544,4.852595446061115,0.004806062364618161,0.306254861306171,0.1176312910963078,1.6547252864253765,8.169022268178512,2.839787865171627,0.09163729063406283,5.864670062551693,,
B1,104,9.617471062407201,113.62755577405915,2.9537109507589925,0.9339128465068584,2.6692409612694563,0.003915446952379746,0.35231372105832004,4.744324457888701,0.004812669114100424,0.30735669330674775,0.11259219901902336,1.6639757059058364,8.032183199512716,2.7166838743248762,0.09833885577260232,5.7422537025140254,,
B1,105,10.300325033616046,119.16197196161374,3.5199211860189634,1.0047181917696584,2.6859321010356045,0.0036285127690109443,0.35803004551906975,5.247942787043902,0.00544883267792436,0.3370062724059942,0.12918704504869422,1.689591918672834,8.675780471490354,2.923661543398487,0.10178273840218174,5.674834932599749,,
B1,106,8.463986922283562,112.69129480281845,2.1254363394513422,0.8049799751262275,2.6809050793550453,0.004029038750652072,0.3103607701403754,3.6382677652397932,0.0033566193988936364,0.26626851789805356,0.08865329938731631,1.5749978094684833,7.13228989620598,2.4781413710847193,0.07652785594822192,5.724980724101164,,
B1,107,8.375427129317304,116.79423139989376,2.1617695561477115,0.8069888402004631,2.6787351248215656,0.004193534137329505,0.3233728639933528,3.8946914040312475,0.0036184939945458757,0.2622561053353913,0.09273183592880259,1.5974529324745645,6.924729493199562,2.4291119064603532,0.08336870235447981,5.478194402188671,,
B1,108,8.31544625029272,116.81679991586134,2.162331605444149,0.8224021159872716,2.673488057389551,0.004260052474244136,0.31936074610875576,3.826123553879407,0.003693914942547907,0.2584757938676951,0.09097158657957097,1.5937298755256497,7.057765357348384,2.452668827407214,0.08124892056292417,5.3849648894095905,,
B1,109,8.238574514583666,114.71007724897936,2.07105893626505,0.8213204936105378,2.6816990278205095,0.00460140038417101,0.2919796772149144,3.5324385555423037,0.00341132529939962,0.26092673473212186,0.08733851599450014,1.5598942527965622,7.017200372656998,2.4394886931594537,0.0652984237412409,5.477853629053856,,
B1,110,8.217695469758949,113.17923289397731,2.109631816343385,0.7870287366059362,2.6804452574982935,0.004727056760778081,0.3055350607147022,3.854285880010955,0.0037400660072976002,0.25403955487572416,0.0870408132216152,1.572977647489431,7.0156609087574235,2.3535098980884164,0.0745230498438587,5.364096111180831,,
B1,111,8.264571900270424,113.85355802532285,2.084566564584265,0.8238151158605304,2.682265967738872,0.0045309723182628886,0.3216757242168699,3.8224677589474894,0.0037567112048403645,0.2542637449746229,0.08998845806535409,1.5942402226584298,6.949122662446936,2.5030434009980183,0.08421243176016273,5.418847940406021,,
B1,112,7.823440639340148,114.31567998090759,1.809268750554445,0.7455759991188439,2.6805317353229134,0.004948623144609511,0.30034022489372564,3.2882837054072596,0.0030410537821102925,0.23722632624665085,0.08033437574548381,1.5497758291205581,6.689960596512775,2.3659404686519077,0.07134994607874934,5.424032483782087,,
B1,113,8.164969103676933,114.63060596911237,2.0528564301072336,0.8140215666926637,2.677502374259793,0.004656040006345708,0.30934947759521253,3.62424534680892,0.0034570217011401392,0.24816966512981725,0.08547761253252321,1.5846187289880247,6.89784760377845,2.4920815083445333,0.07606984302401543,5.384910116390306,,
B1,114,8.175916447931407,114.73532108636573,2.0750719150718377,0.8727811976354949,2.6804182383478903,0.005168104759293931,0.29895762825498773,3.5533790612707334,0.003488781786528511,0.25654303236883513,0.0862221070850382,1.570424561597863,7.152141668358627,2.473760198573677,0.06874308970813849,5.297386928480499,,
B1,115,7.1257400318067905,114.04655133979395,1.3816022641804753,0.6773088811611643,2.674154534631846,0.004849781822745821,0.28737022013080366,2.7145474467958723,0.0024316310443041125,0.21912559319515618,0.07405708467929947,1.5340655944785293,6.31471264119051,2.226758137041209,0.06344798199680386,5.2714561150998485,,
B1,116,7.295846413592903,114.02018833393231,1.5195312299290482,0.7444989194675368,2.674433790907568,0.005833154114210332,0.28498116865450024,2.810007881145088,0.0025828431671656364,0.22329698503017426,0.07279442619456321,1.521118820930014,6.389671831714864,2.2047904072975624,0.06429970040157133,5.197800889307139,,
B1,117,7.839895803101209,112.32507248129696,1.8438607877006337,0.7956534247009122,2.683876626345576,0.005051884044684014,0.30378020357112495,3.3519147488535666,0.003193021530988721,0.24217126716156395,0.08344365032959958,1.5626008534918026,6.775143691471645,2.397460234408476,0.07540110871195793,5.305171552969485,,
B1,118,7.468558992658343,116.62588853714988,1.686169084845757,0.7741236844841315,2.683824417542438,0.0055408017758555635,0.288088292187574,3.137804691888848,0.002806486160380348,0.23387772088148157,0.07730878342171105,1.5411552628692315,6.697373078793896,2.2698011860555534,0.06322084317858122,5.077379606208023,,
B1,119,8.287451306167913,116.80572174303234,2.282642737335088,0.8755001450071529,2.682401574387842,0.004505463005685039,0.3232504050342404,4.024245931177723,0.003962220489855247,0.26670254918993735,0.09350182017197414,1.6012110710144043,7.307453174980319,2.4398897764634113,0.08207210465049257,5.035114473226119,,
B1,120,8.175177885561574,114.46814501704648,2.267942350129692,0.8576295686011411,2.6780434190010536,0.005201230375618883,0.31495783067479427,3.9379904768904863,0.00388395952593003,0.261207180972002,0.09153176673060777,1.581766585914456,7.162066955955661,2.4869286016542085,0.07941911772501711,4.942984858337714,,
B1,121,7.323192450464989,113.61813893122599,1.7128060113410561,0.7597313468553581,2.6751547151682327,0.005613274328239566,0.294403646673475,3.177332971169024,0.0029419341527890147,0.23356125792678523,0.07735254113771478,1.5356241878198118,6.625394071851458,2.3754086056534125,0.070496415396278,4.840005232363331,,
B1,122,8.700320204909968,112.96069251792505,2.6084709927743797,0.9155290765421731,2.6760724174733066,0.004825780023844457,0.34202949793971316,4.385732541278917,0.004232237509888958,0.2886356030191694,0.10483901548598494,1.64044147121663,7.48467662383099,2.620286841781772,0.09629639508012607,5.015773374207166,,
B1,123,7.541258909264389,113.32538351463154,1.8061384668155593,0.8134701020863592,2.6801794061855393,0.005382793668030324,0.302150053333263,3.3972006853745906,0.0033573823866947573,0.24017897704426122,0.08085461911194179,1.5541904751135378,6.626352650778634,2.362995614810866,0.07396419000412736,4.888312184080785,,
B1,124,7.937888583358453,118.42484791809693,2.1507439005131626,0.8527493422128716,2.6829116198481344,0.0051709916502028245,0.31404064048309716,3.7995292179438533,0.0034344916241433546,0.26150132594059927,0.0870148032827645,1.578909460379153,7.065182627463828,2.4836143814787572,0.07760129853778956,4.804589047723887,,
B1,125,7.7599974165157395,111.37770769093186,1.903454675358169,0.7508929390080121,2.6818128361993905,0.006388409654205969,0.29838447485651287,3.4930598638495622,0.0034658004047482143,0.24200040406110335,0.0825761644815912,1.560185269433625,6.873658871164127,2.3980216736696205,0.06959241704673183,5.133723993690646,,
B1,126,7.656303833942024,115.32546970900148,1.9900839182795311,0.8111004908474124,2.680522072071932,0.005310007898441079,0.3067382224360291,3.538085801260812,0.0034799412663845458,0.24777644507739008,0.08542047281350408,1.5707477647431043,6.709238110756387,2.452994412305404,0.07449670058047893,4.754627388350817,,
B1,127,7.768280000102763,110.97905157972127,2.0391866917512855,0.809469499150101,2.6779670472047767,0.005054365850661938,0.31451151930556004,3.7587361980457694,0.003592741757640805,0.2503154889053228,0.09098268547380457,1.5904038828246447,6.741235168612733,2.4096827823288587,0.08257325974350073,4.797058470395147,,
B1,128,7.521201425669145,118.41437886981294,1.8505082857243869,0.7670012596918612,2.6806361091380215,0.0056876607794001015,0.3041570128834977,3.4095161070629043,0.0034564747641395244,0.24584263228640266,0.08319711240426618,1.54759038954365,6.7603156226021905,2.3642836590202485,0.07403579780033656,4.857885886211784,,
B1,129,7.758159092494419,110.71891719289124,2.042320820141812,0.805444135349624,2.669904348801593,0.005295279338404688,0.31034033030879743,3.780205118412874,0.003523152361966061,0.248078103880493,0.08819710558318362,1.5806566866076723,6.836423650079844,2.409791070587781,0.0788458205227341,4.782928559244896,,
B1,130,7.195743424551828,110.2167977639474,1.692307515411961,0.7796190241161658,2.6813266277313232,0.005979255267670758,0.2856701478666189,3.099718806694965,0.0030179958551770493,0.23083756286270765,0.07590625499736289,1.5262502042614683,6.622233916302116,2.215259184642714,0.06527573210472355,4.671126818170353,,
B1,131,7.109655020188312,132.999495674856,1.5613396623913123,0.7166622189842925,2.6798086847577776,0.00650573763978544,0.2837434231626744,2.9846583957574806,0.002792579695054957,0.22316802308267478,0.07115361957373667,1.5144075325557165,6.56478382616627,2.3251987403752854,0.061563952445831835,4.857520794381901,0.0014934989628175152,0.011876256950727668
B1,132,8.520230760379713,136.0090618529357,2.6574171392285093,0.9207041360894028,2.6794687825806287,0.005054727853014495,0.3399229706550131,4.687760115886221,0.004770890370068349,0.2755523348341183,0.10334235999961289,1.6380223668351466,7.472468843265456,2.700705791006283,0.09480095464660197,4.597870851049618,0.0014633346389483306,0.017248066411866603
B1,133,6.93674679191745,131.51386500522494,1.5621466545426115,0.7485167384147644,2.6762529879200216,0.0057435023184979755,0.28601724456767647,2.9838736276237334,0.0028607644953251798,0.22457801535421487,0.07333214942137806,1.5364811225813262,6.429801094288728,2.2770583970206126,0.06418944526539773,4.557160323979903,0.0014471506529271116,0.012405564644857767
B1,134,7.1223129155684495,131.77442359318957,1.683528638311795,0.7345580586365291,2.6813633101327077,0.006170172526736325,0.29123289426978755,3.1548648339753247,0.0030580511559733445,0.2273375610915982,0.07534042510146997,1.5336375966364024,6.596279144287109,2.3057213437800503,0.06653297346617494,4.627235422329027,0.002137414104351722,0.010268886611338159
B1,135,7.806459835597447,130.88448650296777,2.1527679653800265,0.7813864088788325,2.674520711509549,0.005406556437172147,0.31165509321251694,3.8364085299628123,0.0038273066017368088,0.25186410667944925,0.08805319678266438,1.5864896676978286,7.0011314080685985,2.4457158580118294,0.07904843529876397,4.708888058759729,0.0018694673442592128,0.012661371885431026
B1,136,7.521392092412832,133.15592622710392,1.9538376118455614,0.8481886332132378,2.6770493011085357,0.0052318206836222386,0.3086222303765161,3.501119541878603,0.003403475000558668,0.24361810513905116,0.08338705556733268,1.566945066257399,6.713424633960335,2.3802014759608676,0.07750562006341559,4.565365022542525,0.0012375409593180487,0.017119371912346595
B1,137,7.535984263128164,135.4269384900108,1.954020050715427,0.7789473874228341,2.675919401402376,0.0057139294198239035,0.30080247199048804,3.400083228033416,0.0033162687376512177,0.2437086230029865,0.08285317391309203,1.5563511240239045,6.811583947162239,2.4611822512685038,0.07053695752152375,4.71328778169593,0.0005457918416236309,0.006985969165614325
B1,138,7.451118089714829,129.87897652713582,1.9686607335294997,0.8154329061508179,2.6810110199208164,0.00552782397040128,0.2973422158737572,3.3750004087175642,0.0031989324678742916,0.2462130611648365,0.08230099161820752,1.555211368872195,6.755658869840661,2.413272967143935,0.07056421311382129,4.517415917649561,0.0016620671908686765,0.011072803503649845
B1,139,7.376832971767503,132.48397112777457,1.9126535197909997,0.7855669381667156,2.6764665233845615,0.005342859258086478,0.31039631549192936,3.588360207421439,0.0035406105666972547,0.2415766606525499,0.08440935794188052,1.5683594455524368,6.791844728041668,2.389528342655727,0.07909062405934139,4.484588068358752,0.0007315968451174385,0.007806336427641289
B1,140,6.908490502104467,131.3500069580041,1.566866212961625,0.7392633983067104,2.6821162506025664,0.006011582512173289,0.2815589311779762,2.9374222852745833,0.0027774628584406207,0.2256399779295435,0.0733238165171779,1.5224692967473243,6.575153467606525,2.25210871745129,0.060847546107002666,4.53071065824859,0.001096767604703133,0.00848214171884713
B1,141,7.085796083722796,131.92743539623916,1.808449071889021,0.7705270009381431,2.674189703805106,0.0057541298910462274,0.29701020249298643,3.219630033385997,0.003034022329636488,0.23473396471568517,0.08248143327631513,1.5514500116815373,6.534711828037184,2.2756461586271013,0.07361186850739986,4.324417308885224,0.0017047349778578087,0.016668875300545515
B1,142,7.989708511196837,132.64451433019713,2.395313555488781,0.9035983596529279,2.6783496263075848,0.004621432364469261,0.32063592970371246,4.10535222778515,0.0040603428330671576,0.26910420127060947,0.09527179241484525,1.6056169733709218,7.330327608147446,2.4590965850012645,0.08359465637833488,4.372559318737108,0.001286823615431364,0.011284937719830052
B1,143,6.981266274744151,132.9312223540619,1.6496375446416893,0.7225324079698446,2.6755405153547014,0.0057397117667204265,0.285428804706554,3.225300728666539,0.0028141600813963736,0.22838129711394406,0.07721333334944686,1.545464121565527,6.586703787044603,2.3227217367717197,0.06495754812292907,4.474080124679877,0.0013733869243545932,0.009027206666819531
B1,144,6.783559059610172,131.4360943059437,1.625912727141867,0.6753393959025947,2.6725843147355683,0.006560640114986775,0.28363758690503177,3.163813510719611,0.002631298369699519,0.22342360384610235,0.07470615086506824,1.5381734346856877,6.44905306368458,2.290715898786272,0.06511909275182656,4.305333059661242,0.0009249493671560157,0.012088370737051357
B1,145,7.275595168678128,129.12056528916582,1.826453581756475,0.7853746456759316,2.676810152676641,0.006088233165614003,0.29276725801886344,3.42057472953991,0.00344791630525332,0.2348973410470145,0.07803007937511619,1.5438942155059503,6.709758018960758,2.316220774942515,0.06783397104210999,4.506173951285226,0.0011080972329675868,0.015420132217815656
B1,146,7.985411371503558,130.85800607455894,2.4146602950534044,0.9046402488436017,2.6723566639180087,0.0051792705430392634,0.3220579618093919,4.177449903926071,0.00418911946519297,0.2664258942312124,0.09716316612855512,1.61054536031217,7.0792951875803425,2.5589287767604905,0.08737858981654352,4.3229458915944,0.0013128157328197302,0.00886137347958297
B1,147,7.178790150856485,130.42289815889671,1.944257073864645,0.8000871344488494,2.673804862158639,0.005531434473410553,0.30997554988277204,3.60060523359143,0.00348702436716923,0.24245404710575025,0.08408493598048784,1.5628967577097368,6.57602411386918,2.400496166579577,0.07653764832992943,4.12555177357732,0.001050063564316785,0.010747711165215744
B1,148,7.7879942874519195,132.34712567785755,2.386578749029004,0.8611565676270699,2.6743254612903207,0.005969249583395882,0.32006626925906356,4.029828917007057,0.0038465854571657064,0.2622551610883401,0.09388941826716977,1.6001123749479955,7.183935934183549,2.591177444068753,0.08353845071883834,4.171436767188871,0.0012127390679287477,0.009531314267405833
B1,149,7.242890815345609,130.523838927038,1.912004141175017,0.8099740384792795,2.6705500836275062,0.005910227084722446,0.306006269795554,3.5024043272952645,0.00335149633180236,0.24578875546552698,0.08465849745030306,1.5637795633199263,6.707970317529172,2.451474832028759,0.07317260291655453,4.276703513398463,0.0010788367587500698,0.00900780461536818
B1,150,6.409576892852783,131.151495995,1.448671708301622,0.7043763259235694,2.6719500775239906,0.006191163649307374,0.2884471808769265,2.898842290956147,0.0027230761776564226,0.21931359354330568,0.07210622093051064,1.5216271415048717,6.252726175347153,2.1998792010910657,0.06645548149791299,4.037865191089864,0.0017461650054485455,0.017332468479814768
B1,151,6.648750329504208,132.59725000942126,1.6233504543803177,0.7143899658504798,2.678836919823471,0.006316996240698524,0.28190680304352117,3.116452463123263,0.00285847641067931,0.22574675843423728,0.07696859219244548,1.5263087871123333,6.538061978865643,2.3745676498023833,0.06638347677772446,4.060939929923233,0.0009692756349199745,0.01194826670668163
B1,152,7.347376453633211,131.23193796398118,1.9997173930917467,0.8175918861311309,2.669930934906006,0.005836337710949307,0.30758241031851086,3.611640842593446,0.0034268418925681283,0.24602308565256548,0.08901270646221783,1.5759915891958742,6.6426912035260886,2.4530163030235137,0.08002910211834373,4.264457021440778,0.0009049679408974498,0.007434707543315922
B1,153,7.044432192432637,131.8773707919754,1.82867595431756,0.7848270292184791,2.6723962997903628,0.0064471660203262405,0.3036417334663625,3.405894178517011,0.003481536218658926,0.2390949272987794,0.08304727518436861,1.5530106413121125,6.654551126519028,2.2943576914923534,0.07650861801693634,4.168256891017058,0.0010135828506982571,0.011909975550957935
B1,154,6.248666539484141,130.38112167501822,1.3159222481202106,0.6667218597567811,2.67111984077765,0.007352135731002354,0.2771317831107548,2.6303961848726076,0.0024039016030396204,0.20989074421172238,0.06991122533776323,1.5020839389489622,6.177516586926519,2.183638565394343,0.062196151391431996,4.118414596635468,0.001313480028365177,0.015167539443470504
B1,155,6.723412951644586,131.49389927322045,1.6198145327519398,0.7000672190773244,2.6752834076784096,0.005926221571102434,0.2928456223132659,3.1851632485584336,0.0029061924558066365,0.22684031268771815,0.0778135035415085,1.5361686093466622,6.463760483021638,2.2716174879852606,0.06960662674843049,4.182175903904195,0.0007011652956251459,0.01011219276172745
B1,156,6.7680568013872415,129.99827056378126,1.7242210297560205,0.7527992013765841,2.672540246223917,0.005479082238280727,0.3030153114576729,3.386848268460254,0.0030434775874208734,0.23236978692667826,0.08263838595273543,1.5562887799983123,6.433972485211431,2.3952430413693797,0.07703484058836285,3.9677406817066427,0.0013204850089755498,0.009569688735725822
B1,157,7.059713655588578,132.07950448524207,1.911672489983695,0.7766405581211557,2.675093801654115,0.006158164379837904,0.30443597144010115,3.4563976514096164,0.0033716083330824517,0.24257927068642207,0.08524175691513383,1.5619835318351278,6.666518123782411,2.370366685244502,0.07667808044625789,4.0664470779652495,0.0008489960534243622,0.007802081265713334
B1,158,7.132403908943643,134.03219042299315,1.9841733860726258,0.8194284907409123,2.6774606218143386,0.005555653288290475,0.30524709699105246,3.586069817445716,0.0034779437843767205,0.24139646151844335,0.08766516480518848,1.5800519889714766,6.656625027559241,2.444871734599678,0.07679184001623368,3.9708028520856584,0.0005596208243497823,0.0077526192815556135
B1,159,6.716745410646711,129.42828214820474,1.6527209084252923,0.7203407749837759,2.675693453574667,0.006720259364537552,0.27957578885311984,2.957769493059236,0.0029426672197735812,0.22814259054709454,0.06996728977834692,1.513306865886766,6.60671363558088,2.3259408473968506,0.060242638296010544,4.148415779580875,0.0018405137499263563,0.017931081905498084
B1,160,7.130662558030109,130.5140300062485,1.97793455330693,0.7972567385556747,2.6691066002359194,0.006114519196467436,0.29721977424864865,3.693797363310444,0.0034619577119735126,0.2453177650364078,0.0834378966187336,1.561247589636822,6.8486448015485495,2.426255376971498,0.07186270811195884,3.989326053736161,0.0014281039036130407,0.015059764953525236
B1,161,5.880629344862335,128.75556331779808,1.2181068494611857,0.615571892991358,2.6737436080465513,0.0068084236414989036,0.27043173751052546,2.4657068179578197,0.0020826738327741623,0.2036940856855743,0.06573002656199495,1.495846473440832,5.9693439833971915,2.1375601364641774,0.057331622084032516,3.836734630623642,0.0009198531842406045,0.008392334587880418
B1,162,6.5046276413664526,130.4985052999109,1.658763347231612,0.7334363022629096,2.6786813784618766,0.006186249326173292,0.2924456027697544,3.0874454293932234,0.002897952484888766,0.22795326582023076,0.07577980252705058,1.5305228695577504,6.584019466322296,2.2700868163790022,0.06712042380656515,3.7748284388561637,0.0007811068946560224,0.010264199427958412
B1,163,6.3350624113666765,131.3148341840133,1.5223644245035794,0.7122400190149035,2.6715171531755098,0.006542067923131684,0.27591764774857735,2.810727067139684,0.0024472974960654216,0.21789590771100958,0.07173460881624903,1.5134828966491076,6.389445742782281,2.216594550074363,0.06080439835026556,3.8303824249578984,0.0011361247082077727,0.012954903041557428
B1,164,6.034868736656344,133.66582555975765,1.3043418338104171,0.6683791115575907,2.6832787649972096,0.007571777897264466,0.26105547468273005,2.5207268577449176,0.00232579265376648,0.20518352243365073,0.06372324643390519,1.4818242618015833,6.07104170079134,2.2011734587805614,0.05469409275647937,3.841914717031985,0.0006095670781687902,0.00841454776075213
B1,165,7.070796348610703,130.0990799376741,1.9538811110720342,0.8343559010904662,2.6843322977727775,0.006162325158472914,0.29858633754204733,3.438967247398532,0.0035414725972092425,0.24146249282116794,0.08456041739911449,1.558310250846707,6.731208003297144,2.420603353150037,0.07212131314587836,3.9351463366527946,0.0012231152836018769,0.009938255315597527
B1,166,6.349491907625782,130.57951610488817,1.588440128126923,0.7327738629311932,2.6785467644127046,0.006083629051299423,0.2821124338982057,2.966251431679239,0.002790679076534449,0.22216442531468916,0.07500748241282239,1.5218159933479465,6.4131114531536495,2.243549865119311,0.06593400692301137,3.6826047216142928,0.0010293784585126023,0.009077996341412306
B1,167,6.892385142190116,133.12459652591497,1.8056806052217678,0.825526549499862,2.672533132592026,0.005477215596403432,0.300110327041879,3.3804996634016233,0.0031107795022057407,0.23215451775764934,0.0860855477500935,1.563680471206198,6.399058449025056,2.3045570096191095,0.0778644113060163,3.926358495439802,0.0005028691264081605,0.007401956318670607
B1,168,6.221299779658415,127.64360568020493,1.3653476645751876,0.6307705208963278,2.679375633901479,0.006992423990818586,0.2700450563309144,2.6115787479342245,0.0024501058125716386,0.20851453196029274,0.06787837190287453,1.504249628709287,6.0974071074505245,2.1274648685844575,0.05787891731122319,4.060401792428931,0.0007727069626123373,0.011885549817439564
B1,169,6.548229334305744,131.32313055591658,1.6764682063034602,0.7446080470571712,2.672826489623712,0.006239252439961407,0.2912874881710325,3.060353470700128,0.002960923459257322,0.23240010683633844,0.07857650134484379,1.5372795085517728,6.568166217025445,2.3078431037007547,0.06856463361075338,3.8052397698772196,0.001762272372662103,0.012177954030058962
B1,170,6.696919334178069,130.94389645243064,1.8194630693416207,0.8017863509606342,2.6798198077143454,0.005397794577554438,0.29608988974775585,3.3124564387360396,0.003210749930336273,0.24077751806804112,0.08340880727129323,1.552074882448936,6.69712935661783,2.3038795505251204,0.07389238294290036,3.664446178747683,0.0021711396425956185,0.008342958665308492
B1,171,6.419647557394845,129.95824303710833,1.5909021892109696,0.7166669204527018,2.6768541919941806,0.006248432740198487,0.284931838816526,3.0761074800880586,0.00272264927198008,0.22188170223819967,0.07612095081380435,1.5322519443473037,6.3600181268185985,2.3112055257875093,0.0679439111441678,3.779967320208647,0.0009060555039058079,0.008059615256714244
B1,172,6.402160235813686,131.3066328437999,1.620656085865838,0.7332676490958856,2.677715486409713,0.0065258787802363535,0.29550762687410626,3.093627446768235,0.0027606583192079726,0.22426555472977308,0.07999536801813817,1.5452702921264025,6.204053392215651,2.299300261906215,0.07207333155888684,3.680502468225907,0.0013708984597063912,0.014173003911713639
B1,173,5.938483028995748,133.37914905510843,1.2537346801587514,0.6544100915899083,2.6858817995810997,0.006637120906890807,0.25754657022807065,2.558847567864827,0.0019660672536404916,0.1994583798306329,0.06521383076145941,1.4827457934009785,6.085765420174112,2.1034437734253553,0.05392638500779867,3.7858350520231285,0.0007969637555278871,0.007161420844424208
B1,174,6.546802481826471,135.24241485679522,1.6443965514095462,0.7467254607044921,2.6764447348458424,0.005930953371642652,0.2866563772668644,3.2042083947026,0.003223287755366871,0.22439925098905758,0.07724281244588141,1.538853372846331,6.409157782184835,2.2656438253363786,0.06744363961019079,3.813632629355606,0.0006693924616189755,0.009673939634922135
B1,175,6.358193961941466,130.49597562197596,1.5427114860135682,0.6871677418144382,2.6772900162910926,0.005882587517274315,0.28336699002859544,2.996440824197263,0.003011052269840195,0.22082530722326163,0.07828667501405794,1.538777996082695,6.273778847285679,2.255621396765417,0.0670251365066791,3.823218214268587,0.0008326719360955879,0.007483303217891169
B1,176,5.913183801028193,131.64959122985601,1.2694623683180128,0.6506638776282875,2.679481185212427,0.006585578710358704,0.26998317606595096,2.589247287536154,0.00237479936794796,0.20827245438585476,0.06615222880274665,1.4909339680963634,6.118759632110596,2.135178675456923,0.05749417457501499,3.7248299024542986,0.0005983918727272734,0.0077569183842467965
B1,177,6.4132764874672405,131.1759293479845,1.6658002065152537,0.7463013243918516,2.676291456027907,0.0059426166865575525,0.28879291549020886,3.016801422651933,0.0030337721617222403,0.22869341744452107,0.0770531605396952,1.53381161787072,6.511354280977833,2.351432116664186,0.06773601601622542,3.6292970253496755,0.0006450333968438005,0.01193659369593141
B1,178,6.547193731580462,132.34708913089707,1.7108649854757347,0.7618320699857206,2.6748786848418566,0.006009299564650472,0.29584990046462234,3.3351223322809957,0.0029916204126048075,0.23016833985338406,0.08377948494590058,1.5556501442072344,6.410411095132633,2.369560791521656,0.07141649494973981,3.661559756921262,0.000751819568105758,0.012232879447797782
B1,179,6.5361208818396745,132.98219886003062,1.677824275682167,0.6968163184973658,2.6752173851947396,0.007889601725096606,0.28384120062905915,3.121843552711059,0.002630227559889971,0.22480597514279035,0.07662458440326915,1.5329857359127121,6.398635533391213,2.2398359970170625,0.0676185145441975,3.8428500233864296,0.0010670228752424728,0.007502825396989706
B1,180,6.039678938534795,130.15001737326384,1.3506243533017683,0.7081936111255568,2.67362574168614,0.006923084478701788,0.2701664643020046,2.7354724030105437,0.002455356624096214,0.21224336417353884,0.06905119546822139,1.5081423764326134,6.07965256243336,2.1942135071267885,0.05798171388403493,3.67439325001775,0.0008466502041261841,0.009505705710172169
B1,181,6.075824937041925,132.361964661628,1.4490728840536,0.7297495445426629,2.67624924134235,0.0074410420077453765,0.2808396287110387,2.82855170356984,0.0025831500248869464,0.21569397528560794,0.07182897429685203,1.517660666485222,6.165659009193887,2.243763563584308,0.06269635324727516,3.525014434541975,0.0011473509364747644,0.01215279330301887
B1,182,5.967529189829924,130.45003093592823,1.3811427117610464,0.666297586596742,2.678016234417351,0.007297861708176075,0.26894441307807454,2.721335541532964,0.0024520437637336875,0.2100473140575448,0.06871213125331062,1.4996002596251818,6.215660192528549,2.223815363280627,0.059138364025524685,3.585501271851209,0.0009789579559735535,0.00847497310011783
B1,183,6.046663936303586,133.61486222362146,1.4022733426215697,0.665842745377093,2.6731885501316617,0.007081318865245094,0.27337497320710397,2.8281401876284153,0.002515439830877229,0.21003097964792836,0.07065388510877989,1.5069542004137624,6.145019443667665,2.195634209379858,0.061047683983128896,3.6487079396539803,0.0004517887100056569,0.010035471639866955
B1,184,6.895472959596283,131.24976757075638,1.9945734197996101,0.7793023671422686,2.6800525188446045,0.006593525910403161,0.29654690714514986,3.6833917906089706,0.003333576192262069,0.23999987542629242,0.08444678429894302,1.5686073035609966,6.726715272786666,2.4216794043171164,0.07252085296323105,3.643071646593055,0.0005355830005277926,0.008725109156733996
B1,185,6.739490937213509,131.92731875693426,1.9330750849782203,0.8009473851748875,2.6796261339771505,0.006515142371538285,0.3053985423579508,3.6075798005473856,0.003475147555463434,0.24188946856527913,0.08453737978576398,1.5581037317003523,6.600232396806989,2.330215422474608,0.07640197869314223,3.491198612719166,0.000679783705072449,0.007539388673394013
B1,186,6.038662608788938,132.16291680186987,1.3824614049220572,0.6497256834896243,2.676313113193123,0.006913770489128572,0.2741743146764989,2.6531762973386415,0.002408123393994471,0.2101979690546892,0.06993854760515447,1.4976693318814647,6.081697220704993,2.1498532635825023,0.06117521597034469,3.730213547239498,0.001311776153679063,0.010478542993858317
B1,187,5.856336554702447,130.98298169206828,1.3281401116020826,0.6706052604986696,2.6793627203727257,0.006849341814368203,0.2670234861422558,2.790563623515927,0.0023675842902014907,0.20336541837575484,0.068928311826015,1.4990776558311618,6.045644906102394,2.197061285680654,0.05793761990356202,3.4780332166321424,0.0017285116815425486,0.010421425219712026
B1,188,6.060183194218849,131.0421331897378,1.5109335877457444,0.7226716632745704,2.67313273099004,0.005855767807402952,0.28285650574431126,2.7892773856922073,0.0026016738948801874,0.220576496148596,0.07351187350494522,1.5143808394062275,6.23463079880695,2.2480351365342433,0.06470613451484515,3.4319692631157075,0.0007314960950047143,0.007470845753942387
B1,189,5.79808463369097,142.29937019012868,1.240278812087312,0.6336241315822212,2.6737838375325107,0.006520507132577501,0.2669715656309712,2.5246066426744265,0.0022871200282159926,0.20219184245382035,0.06718979844329309,1.4938855755085847,6.002095164084921,2.1678544574854324,0.05651007577472804,3.64243500086726,0.0008078481009610353,0.00847650394191115
B1,190,5.509455919265747,131.80842601694167,1.140994981843598,0.6232408139170432,2.676504524386659,0.007096104744384635,0.2584828439415718,2.35968977334548,0.002023279051562505,0.19769061463219778,0.06265986821025002,1.4814712976922795,6.120277015530333,2.11606003800217,0.05257984579597809,3.4176045072321988,0.001617277788170668,0.011137652918712458
B1,191,5.9000827876888975,132.454715447966,1.395764596304115,0.664762597911212,2.6693040302821567,0.006735682016183926,0.27892244592004894,2.659630458573906,0.0024759746055660428,0.2164694450947703,0.07210451030001348,1.5112110108745342,6.1540053231375555,2.192826837909465,0.0644106038142832,3.4849627261259117,0.0007576491431283399,0.010215616047403552
B1,192,6.303150838735152,132.83914172742516,1.6201315260663325,0.6956831076923682,2.6743926223443477,0.007013708426693112,0.2784938064156746,3.120969548517344,0.002796164917229789,0.22033881745776351,0.07815415864544255,1.5372864324219373,6.3067168897512005,2.358362754996942,0.06636714425926306,3.58767632562287,0.0012077416101002902,0.007755759430298839
B1,193,6.046658705691902,128.73287250474095,1.5122862439982745,0.6943205357814322,2.672525201525007,0.006899944058742983,0.2768445097062053,2.8774102342372037,0.002759542805617865,0.21721805784167075,0.07239217337753091,1.509556169412574,6.252013663856351,2.2558380146415864,0.06331847260268975,3.4319347508099614,0.0013069729897540931,0.0073305801445768546
B1,194,6.287217203451663,133.79519919212908,1.6355159413449618,0.7758513749862204,2.676115118727392,0.0063037515935079405,0.2884021021273671,3.0896645528929576,0.0029207036351756553,0.2251836359500885,0.07547786953497906,1.5250698887571996,6.353208785154382,2.324274863515581,0.06596800150843907,3.429659833713454,0.0008289523264217135,0.007425217706538335
B1,195,6.3080128990874,133.64212704543024,1.722576874859479,0.7380267953386113,2.6693886980718498,0.006418194927985552,0.30326784265284634,3.2996689300147857,0.0031488145946890916,0.23116069910477618,0.08345224423219963,1.5557061847375364,6.337062027989601,2.277099368523578,0.07675418048640903,3.3389953204563687,0.0004854997258866675,0.011852031005376802
B1,196,5.380388654008204,134.2461599581875,1.160297848132192,0.6397290625134293,2.6729812135501785,0.0065739560986355855,0.2660293542608923,2.423199243691503,0.0021781810548641167,0.19906568010242617,0.06426787874376287,1.4834485248643525,6.016345958320462,2.115604573366593,0.0538507236966065,3.161985180815872,0.0007608865669939804,0.009274069661185477
B1,197,6.12040968330539,133.17045491095632,1.5276131380577476,0.7559434400529278,2.672367275977621,0.006712422023137689,0.2876315871063544,2.9843311881532473,0.0028537092801677634,0.21884474857729308,0.07385786721596913,1.519303820571121,6.1747285589879874,2.249594841684614,0.06678757052488472,3.4010697481583576,0.0009417153051784897,0.00547830471438309
B1,198,6.134048705198327,132.8828496611677,1.5652461745301072,0.7694840072369089,2.672789126026387,0.006539133420138031,0.2832965653161613,2.8461991572866636,0.0029589405469833967,0.22098244270499873,0.07252372721476215,1.5102525973806575,6.239642736863117,2.2652245176081753,0.06636208651245248,3.3785938973329506,0.0004917474153422304,0.010550376826238196
B1,199,6.054135118212018,131.01664595212787,1.5778414883783884,0.7125894634091124,2.6763273988451277,0.005783648402382601,0.27813549887160866,2.85827467392902,0.0027559609446384734,0.22362228163651057,0.07249679469636508,1.5023802348545618,6.46668630716752,2.28395453034615,0.06218701177181638,3.3208052187549826,0.0011856269231407574,0.011689933086356586
B1,200,5.951114114449949,115.15257993899286,1.4508119669495796,0.7078538695160224,2.674116864496348,0.0060060760992275055,0.27780289066081143,2.6859453946960214,0.002363555654019179,0.21383856084881997,0.07419866562954017,1.5116935919742196,6.213210602195895,2.1853332616844954,0.06278888077228045,3.4068581620041205,0.0008753361797600661,0.008370358649272578
C1,1,16.92660798831862,56.02395685808733,12.508556307578573,2.7133702939870408,2.717865481668589,0.0004705716339082514,0.0,12.966615229236837,0.013831111906590511,0.2843546240913625,0.0,0.0,0.0,0.0,0.0,0.0,,
C1,2,16.182352143891002,51.641640016809106,11.89207666747424,2.6464991715489603,2.709976390916474,0.0005652249668373213,0.0,12.23136804541763,0.013155803806623635,0.24444497026959244,0.0,0.0,0.0,0.0,0.0,0.0,,
C1,3,14.664205745774872,53.214715760201216,10.728873116629464,2.3338290623256137,2.7059389523097446,0.0010346540722672884,0.0,11.713833069314761,0.01399336494885537,0.26757499636435994,0.0,0.0,0.0,0.0,0.0,0.0,,
C1,4,12.220501529927157,52.20522642694414,8.62665757354425,2.08956693386545,2.7040337251157176,0.0007119654073161358,0.0,10.502350846115423,0.013834807651155457,0.3217423661630981,0.0,0.0,0.0,0.0,0.0,0.0,,
C1,5,11.238666787439463,54.290175893809646,7.805230014178218,1.9787698984146118,2.7033159586848043,0.0006508565126509615,0.0,9.885072824906329,0.0124398977400697,0.3233689708369119,0.0,0.0,0.0,0.0,0.0,0.0,,
C1,6,10.320335972065829,54.09099776810035,7.026218832755576,1.882380716654719,2.6979925924417922,0.0006457585960208457,0.0,9.364719030808429,0.012575738664184297,0.32235939466223423,0.0,0.0,0.0,0.0,0.0,0.0,,
C1,7,9.225119503176941,53.56283609988168,6.07548831433666,1.8191976182314815,2.6967981299575494,0.0006118153114399246,0.0,8.351464806770792,0.012117029699896063,0.34400905942430304,0.0,0.0,0.0,0.0,0.0,0.0,,
C1,8,8.813984413536227,52.94387621572241,5.689604885724126,1.7879502286716384,2.6944926466260637,0.0005814738408899961,0.0,8.406325603018002,0.011223389643567557,0.36488017622305424,0.0,0.06692345736890423,0.0,0.0,0.0,0.0,,
C1,9,8.874386738757698,52.71805681614205,5.808770359778891,1.7198943872841037,2.694187183769382,0.0005816723587114972,0.0,8.495926749949552,0.009950871113687754,0.38603342674216445,0.0,0.1351294406518644,0.0,0.0,0.0,0.0,,
C1,10,7.502825318550577,53.765870184637606,4.592663803879096,1.6451098237718855,2.6924919303582637,0.0006337829393914387,0.0,7.469214682676355,0.00937151567706344,0.3486280258820981,0.0,0.19836643399024495,0.0,0.0,0.0,0.0,,
C1,11,7.864111073163091,54.660312342923135,4.921677321803813,1.6546019875273412,2.689695951889972,0.0007189401656766992,0.0,7.733806736615239,0.008585384096570161,0.3644120565482548,0.0,0.26950615066654826,0.0,0.0,0.0,0.0,,
C1,12,8.840636224162822,62.82815340301022,5.843356499866563,1.6482989617756434,2.6886925113444424,0.0006757940638487285,0.0,8.469664768296845,0.009529419670983846,0.39837476063747795,0.005659045613541895,0.34348409516470774,0.0,0.0,0.0,0.0,,
C1,13,7.803732998517095,61.641448427923024,4.926805549738359,1.6035058303755156,2.6873406731352514,0.000865269807518973,0.0,7.505609020894887,0.008739996834525041,0.3737706894777259,0.010507376066276006,0.40568471806389944,0.0,0.0,0.0,0.0,,
C1,14,7.50683053658933,62.71834776876494,4.671973500932966,1.581966594773896,2.6865658468129685,0.0007252799244882652,0.0,7.223967639767394,0.008756117358309577,0.3705415938581739,0.015897412860423933,0.4741316826976075,0.0,0.0,0.0,0.0,,
C1,15,6.951882780814658,60.755159026011825,4.199206943414649,1.5322884807781296,2.682698750982479,0.0008689217419097466,0.0,6.805246017417129,0.008388186852466695,0.3482614786041026,0.01993202243228348,0.5370944519432224,0.0,0.0,0.0,0.0,,
C1,16,7.895574744866819,63.02599567687139,5.042922243780019,1.5693669635422376,2.682161365236555,0.000707255077978349,0.0,7.558895743623072,0.00868819839777235,0.3730258503738715,0.02797469931977744,0.6193225237787986,0.0,0.0,0.0,0.0,,
C1,17,7.29660786414633,67.0670633520931,4.34697996840185,1.521684150306546,2.6798814364842007,0.0007344443049300842,0.4260516993853511,6.6146731279334245,0.007682626377981232,0.3654219623731107,0.030450716424657374,0.6722739630815934,0.0,0.0,0.0,0.0,,
C1,18,8.50799529406489,67.95431046187878,5.379469467669117,1.5671207028992322,2.679353796705908,0.0006896668994010483,0.43110869855296857,7.7646176717719255,0.00853059232729126,0.38635993186308415,0.04143348237385555,0.7646535367381816,0.0,0.0,0.0,0.0,,
C1,19,7.398332916960424,66.99172563292086,4.428880504199436,1.511954472989452,2.679430085785535,0.0008171849785496158,0.4188525250979832,6.805496064984069,0.007048047133436312,0.37167178672187184,0.04432077055834994,0.820237398147583,0.0,0.0,0.0,0.0,,
C1,20,7.0215334794959245,90.16235531819984,4.155694676905262,1.4387586481717167,2.6789200403252424,0.0007535210526690876,0.4205689436318923,6.491788338641731,0.007534445044869671,0.3606741975764839,0.049439484253525734,0.8886955806187221,0.0,0.0,0.004509579485320315,0.0,,
C1,21,7.516098898284289,91.61859338590875,4.4978682897528826,1.5297731136789128,2.675772156034197,0.0008757771821383729,0.40961572710348637,6.995790758911444,0.008011182166674003,0.36070537323854407,0.05349358779435255,0.9560886767445779,0.0,0.0,0.008522045931645803,0.0,,
C1,22,5.9353179785670065,90.10376164875925,3.2328298675770664,1.3744121303363723,2.6700907678020243,0.0010961258676430515,0.3945294947040324,5.547789943461516,0.006487386600513544,0.32813891160244846,0.05030261854432067,0.9946145609933503,0.0,0.0,0.012015250321401626,0.0,,
C1,23,6.233224489250961,91.44254365190864,3.5218722820281982,1.356176578268713,2.671745645756624,0.0009135765716081903,0.39142502205712454,5.728107661617045,0.006975401297439726,0.3354710510798863,0.05781669796881627,1.0644291225744753,0.0,0.0,0.015673408969020357,0.0,,
C1,24,7.682197429695908,89.73576531698927,4.714906894430822,1.450631849619807,2.6645471709115163,0.0008720412193464913,0.4211592881046996,7.0840107616113155,0.007436163281565722,0.3740176290881877,0.07830957619815457,1.1802008176336483,0.0,0.0,0.022948450560928608,0.0,,
C1,25,7.71228593222949,91.8141321069561,4.686393455583222,1.5224425817022518,2.6729486329214915,0.0008913970294608069,0.3980411035673959,6.881908733017591,0.007784288043954543,0.3749005095082886,0.08407937963398135,1.2428150371629365,0.0,0.14024493539211702,0.024847403909935027,0.0,,
C1,26,6.4056477984603575,92.09800401795655,3.6584996398614376,1.3739040895384185,2.667045388902937,0.0010542272844313815,0.39591302737897754,5.693995324932799,0.006715337180399469,0.3446483910083771,0.07878357871454589,1.2829513428162556,0.0,0.24713840563686526,0.028733732939070583,0.0,,
C1,27,8.118127852070089,113.30435165995732,5.061438122574164,1.4918196395951875,2.6689914635249545,0.0009090551261300677,0.4056017471819508,7.257824751795555,0.008300078443574662,0.3871550298466974,0.1069098126371296,1.407617873075057,0.0,0.4238869666445012,0.03464213887951812,0.0,,
C1,28,6.552454432662652,111.54809607891366,3.805439301899501,1.311565913716141,2.6626428098094705,0.0011490837644728624,0.39651370717554674,6.088046648064438,0.00674293163156479,0.350363837821143,0.09070062333223772,1.424654955766639,0.0,0.49652612756709663,0.03764682818128138,0.0,,
C1,29,7.570707554719886,112.94818982295692,4.595055705430556,1.4464272139023762,2.6726792880467007,0.0011821780941800727,0.39873105652478275,6.7749791850849075,0.007302480421922341,0.38011849960502314,0.11404250372125178,1.5340329019390806,0.0,0.6805139828701409,0.04259847872415368,0.0,,
C1,30,5.732537060367818,109.49726633913815,3.1377566967691695,1.2453886015074593,2.662877082824707,0.0014287335192309503,0.3746986322256984,5.1993593999317715,0.006161450056777317,0.32546041388900915,0.08593218530319174,1.5227304672708317,0.0,0.7372632026672363,0.04127213047171126,0.0,,
C1,31,7.4054297816996675,111.46441824408248,4.482321126120431,1.4062832204663023,2.6695590067882926,0.0011500178706209765,0.38131184054880723,6.506302789765961,0.006795246819300311,0.37025624361573434,0.11496097259983724,1.6433847850682783,0.0,0.9441487898631972,0.0455183535054022,0.0,,
C1,32,7.877429412335766,113.11559434607625,4.845968276870494,1.4300986856830364,2.6673410474037635,0.001232772628415604,0.3836976739825035,7.125769897383087,0.007741726298189285,0.3806816722665514,0.12767781264015607,1.724639967996247,0.0,1.144095048612478,0.05114382722091918,0.0,,
C1,33,5.895736796515329,110.73036912595853,3.2632309952560736,1.256097360533111,2.655333528713304,0.001578871740446407,0.36091765092343703,5.210101789357711,0.005687495120991097,0.3237955926024184,0.10749394058877108,1.653688258054305,0.0,1.0786531093169232,0.04914016953232337,0.0,,
C1,34,6.776681846501876,108.74122217996046,3.9940774757034925,1.3016998025835778,2.6623910446556245,0.0015396069334665484,0.36999028252095595,5.9782209177406465,0.006455921677264328,0.35078063576805346,0.12960575536197547,1.6944666273739872,0.0,1.313423171335337,0.056172020201172145,0.0,,
C1,35,4.981406708152926,111.24722860194743,2.557464524191253,1.105618216553513,2.6515425808575688,0.0017757444649611656,0.3631806446581471,4.604443481990269,0.004594195097190689,0.2937183805874416,0.09968116909873728,1.6123753494145918,0.0,1.2073119817947855,0.058016986263041595,0.0,,
C1,36,6.838220649836015,112.04461897397414,4.041696154341405,1.2699856879759808,2.65420963326279,0.0015659259967220833,0.36647661973019036,6.216570114602848,0.006119585420214096,0.34835646590408015,0.13403943682811698,1.683065120054751,0.0,1.5270933630515118,0.06208703568091198,0.0,,
C1,37,7.514194308495035,111.42456447519362,4.577902224599098,1.35158187880808,2.6604101755181135,0.0015387378154293994,0.3806993274056182,6.572454534014877,0.007113065002771209,0.37566589822574536,0.15276515643511498,1.7384056193487984,0.0,1.726868714605059,0.07254613840914502,0.0,,
C1,38,6.218121951940108,113.06957774981856,3.5099618240278594,1.2537214914146735,2.656678155976899,0.0017167590588226687,0.3625809355657928,5.456805190261529,0.00579548207805397,0.33467781513321154,0.12260719274683875,1.6712823133079373,0.0,1.6895910404166397,0.06836178465461244,0.0,,
C1,39,6.749452031388575,114.21676718490198,3.9457827441546383,1.26811120948013,2.653466969120259,0.0015842273720891727,0.37416976021260634,6.0158001646703605,0.00617534805763969,0.3488504433510255,0.15011116641820693,1.7153516204989687,0.0,1.927738958475541,0.07863862348758445,0.0,,
C1,40,5.2276318219243265,110.56594670424238,2.7491060264256535,1.1107205760722259,2.6515279351448524,0.0019796017565697965,0.34818990011604467,4.619386867601044,0.0047488635671990255,0.3032285190966664,0.11138909469757761,1.6287745310335744,0.0,1.8059869883011799,0.07058274586285863,0.0,,
C1,41,6.143942093362614,112.8928498281166,3.461654506167587,1.1967325830946163,2.65143659650063,0.0017801653712569755,0.3664661724956668,5.453717591811199,0.00569684937007117,0.33168430413518635,0.12459969870289977,1.6792515929864378,0.0,2.033268928527832,0.08309946247205442,0.0,,
C1,42,5.824878249849592,110.91008686181158,3.215004638749726,1.1463284261372624,2.6537916417024574,0.001953338332265159,0.3488883357875201,5.19344889874361,0.005599800157550798,0.3188018017277426,0.12449050375393458,1.6642885305443589,0.0,2.092552231282604,0.08110337362301592,0.0,,
C1,43,4.826517294864265,112.32908880291507,2.418390446779679,1.0769964334916096,2.6559042249407088,0.002080713840657655,0.32945193441546694,4.086614572272008,0.004214160648003525,0.2874588145285237,0.10300843151552337,1.6038422195278867,0.0,1.9937545523351552,0.07271903700062207,0.0,,
C1,44,5.277332519998356,110.70708027295768,2.769492113468598,1.093943930402094,2.6532639143418293,0.0020266207227868276,0.3388065662311048,4.63943130386119,0.004461913579856331,0.29715196666668875,0.11117672395645356,1.6242519519766982,0.0,2.296058788591502,0.08220929386360305,0.0,,
C1,45,5.975316120653736,114.19848472299054,3.317274495046966,1.142568516487978,2.6582110122758515,0.0020541088733993166,0.34514249648366657,5.3016809857621485,0.005458775532374881,0.32606605729278254,0.12007353827357292,1.6487630921967176,0.33867569358981386,2.478884911050602,0.08549670411311851,0.0,,
C1,46,6.438001068270936,117.65077222511172,3.6785148783605925,1.192170152858812,2.6570810493157833,0.00199855207667534,0.35147561345781597,5.573305575215087,0.005491863327975176,0.33621824213436674,0.1388415411418798,1.6947386191815745,0.7078094750034566,2.7597111049963505,0.08878996147184956,0.0,,
C1,47,5.718327459023923,118.41896273195744,3.0340002641385917,1.1948604668889726,2.6571637805627315,0.002036342127676293,0.34961068508576376,4.890246082325371,0.0053266842412401216,0.31255474260875155,0.12098642301802733,1.6545229152757295,0.9485139944115464,2.674350784749401,0.08567645358948076,0.0,,
C1,48,5.618912142150256,118.51365205273032,3.010326401311524,1.115027065179786,2.6625780037471225,0.002089585147308642,0.33740437608592366,4.804917715033707,0.004964760135222531,0.3121155929200503,0.11823706427703098,1.6513701336724418,1.3011533520659622,2.801382536790809,0.08299899298925789,0.0,,
C1,49,6.574312594472145,116.79149661026895,3.747835498075096,1.2239111382134107,2.6613942409048277,0.0019321093910102903,0.35027341939965073,5.493214845657349,0.00581476844999255,0.3412912630913209,0.13764242440158006,1.6805785578124377,1.778789875458698,3.069568923541478,0.087975501748068,0.0,,
C1,50,6.369195120675223,116.95840672962368,3.626396973522342,1.12864936492881,2.6586441653115407,0.0018319346174616746,0.34627451641219004,5.475140907326523,0.005866658306034396,0.337098665079292,0.13749171785858214,1.6903789505666615,2.0818802093972963,3.0240287683448015,0.08968687384408347,0.0,,
C1,51,5.7974457838097395,116.1343337353319,3.1470205260782826,1.0890291394019613,2.661679608481271,0.002160878568692893,0.33451469455446514,4.990215749156718,0.005178070083089477,0.3158870561390507,0.1223233367259405,1.6489191444552675,2.317982921794969,2.883916686992256,0.0810798418004902,0.0,,
C1,52,5.570451712121769,118.34828258818015,2.996056994613336,1.0213808721425581,2.661091911549471,0.0024287506061302,0.338816404950862,4.823568411019384,0.004610369903776719,0.30289766344488883,0.1190984766094052,1.6470556040199436,2.5991898483159592,2.849225620834195,0.08457832684626385,0.0,,
C1,53,5.960870003213688,121.05673191975802,3.292412901411251,1.0726671389171056,2.656363774319084,0.0023498959216878426,0.3413184771732408,5.0215191670826504,0.004826653910306644,0.31932331652057416,0.1357327928500516,1.6631410754456812,3.1040289207380645,2.902608781444783,0.08582418567824121,0.0,,
C1,54,5.7342490079451585,117.96945396903902,3.0586432182058996,1.0881311443387245,2.667258608097933,0.002167791739339009,0.33160509564438645,4.848601127157406,0.004651470240490625,0.3156416455701906,0.11627103760838509,1.6434269632611955,3.1330689848685753,2.7739289561096503,0.08081584705077872,0.0,,
C1,55,6.133721410011758,118.3530884264037,3.3601857144005445,1.1153979325781063,2.6641930998588097,0.002311184807509488,0.34780039531844004,5.219026091147442,0.005289990155558501,0.32963106857270613,0.1339818793444001,1.6828869070325578,3.687971523829869,2.9083570631182925,0.09029393399856528,0.0,,
C1,56,5.575428252317468,116.02822199417278,2.9120600856080348,1.05329514766226,2.670912119807029,0.0026555784285420135,0.3287086432077447,4.779220554293419,0.004923006719244378,0.2996844974707584,0.11496064538250164,1.6402369080757608,3.7455406870160783,2.823041448787767,0.08051956942951193,0.0,,
C1,57,6.021701666773582,115.73286636499688,3.250242583605708,1.082711213705491,2.662544143443205,0.0021619850606895146,0.3445315537404041,5.204754826973896,0.005191805109628762,0.31367952574272545,0.12953090888200974,1.6730250168819816,4.456606256718538,2.9302747006319008,0.08931008490676783,0.0,,
C1,58,6.198549411734756,115.30235339514911,3.3844772650271047,1.1108136870423142,2.6637818959294535,0.0025727205817131517,0.3319026389900519,5.198126101980404,0.00542816339412286,0.32958989970538083,0.12893315488282514,1.6683730835817299,4.539223164928202,2.9106755305309684,0.08226513193578136,0.0,,
C1,59,6.265654257365635,116.81992567516863,3.4708850408086973,1.062414518424443,2.668135492169127,0.002455355963617449,0.34477679644312176,5.247879055081581,0.004815353786249702,0.3256210903732144,0.13376015683217923,1.6806629360938559,5.289442510020976,2.9795382777038886,0.08956954350733028,0.0,,
C1,60,5.291303717360204,114.89202587213367,2.6675215570294126,1.011793114701096,2.668598549706595,0.003054378955739037,0.31941118745171293,4.363412608905715,0.004461903330556364,0.29544580651789293,0.10980857346130878,1.620013256462253,5.035657191763119,2.6746145292204253,0.07843173006359412,0.0,,
C1,61,5.5774038032609585,113.72212431719527,2.882152868776905,1.0215596751290925,2.67305064201355,0.0032028026299132984,0.3283974172509446,4.646539821916697,0.004641910342556633,0.3018425426312855,0.12207826698312954,1.6492355964621719,5.291674803714363,2.735654361393987,0.08599856161341375,0.0,,
C1,62,6.5305527813580575,119.52442315034568,3.6057808715469983,1.1175825802647337,2.672984551410286,0.0028256171441468298,0.3394379433320493,5.376247965559667,0.005397685175067841,0.33348111656247353,0.13435268713807574,1.6738847591439072,6.329409813394352,3.0864085542912387,0.08782525444213225,0.0,,
C1,63,6.105534319974939,119.19239670597017,3.2661919861423727,1.0655236487485924,2.6742928952586893,0.00277326291377124,0.33640640426655205,5.042967993385938,0.0050072281844723895,0.3223569195489494,0.13070377775905084,1.6715606742975664,6.51414747627414,2.923559149917291,0.08467772587829707,0.0,,
C1,64,5.907120850621437,117.95866928203031,3.1204330069678172,0.9999715211440106,2.6666570731571744,0.0031431992859009424,0.3384243313755308,5.034301670230165,0.004998029844018118,0.3057690493914546,0.1192565212140278,1.650709410103,6.646377086639404,2.905241287484461,0.08425846627476263,0.0,,
C1,65,5.9332175595419745,113.87119863927364,3.1214925245362886,1.0146580642583418,2.676426279301546,0.0031218180980542866,0.3282531551560577,4.967556885310581,0.004929839571633813,0.3050250690810534,0.12104835939042423,1.6466905900410242,6.876913070678711,2.88708212667582,0.08404805055078195,0.0,,
C1,66,5.483893997815191,114.17997868079692,2.7902289701967824,0.9626353626348534,2.6681764077167123,0.0036894987582000997,0.32640114122507524,4.4579481494670015,0.0042212975902805976,0.2975917561930053,0.11851371665086065,1.6412116143168236,6.937045642307827,2.761592840661808,0.08293844398339184,0.0,,
C1,67,5.685983828135899,117.97051662625745,2.932690965277808,0.9816341509624403,2.6727290737385654,0.003246873658749142,0.3224737945259834,4.591495162370253,0.004657469012736514,0.2996258404181928,0.11247507558793438,1.6316655898580745,7.33810585372302,2.7431469255564163,0.07808739950462264,0.0,,
C1,68,5.489987850189209,117.29588941438124,2.736605413106023,0.9908041881055248,2.674026737407762,0.003027725746208916,0.32769410342586286,4.429668174714458,0.004565968163957705,0.2921752199834707,0.11048727596596795,1.619110503975226,7.212146622794015,2.707043567482306,0.0795204155907339,0.0,,
C1,69,5.792235797765303,118.54565550200641,2.994149776745816,0.9908781976115947,2.678553206580026,0.0038092471783914205,0.3203665066738518,4.653166326941276,0.0045767566385175274,0.30266890507571553,0.1159964314072716,1.6364774825621624,8.069209887056935,2.8486438916654,0.07934203436027984,0.0,,
C1,70,4.799200967866547,117.06664721434936,2.2235168498389575,0.8837663105555943,2.67122728970586,0.003746139255057716,0.30690096774879766,3.9955213264543183,0.0035567306188809475,0.26548558595229166,0.09732692057684976,1.5895466390921145,7.2878727718275425,2.5372134933666306,0.07356277594760972,0.0,,
C1,71,5.621092518981622,116.99992014793679,2.86631772347859,0.9753973362397175,2.6711321704241695,0.003357015184853796,0.3204328873936011,4.500524951487171,0.0043115081046993025,0.30034929392289145,0.11523199149844598,1.63066024926244,8.014273244507459,2.7383672169276645,0.07913925928272764,0.0,,
C1,72,6.333634668466996,120.22586129093543,3.37616914571548,1.075313434308889,2.6769792547031326,0.0029316186680391964,0.33078132265684557,5.0992962511218325,0.0048103292962080055,0.31883025503888424,0.12807002329096503,1.6618196891278636,8.601206030164446,2.816271480248899,0.08280445392034491,0.0,,
C1,73,6.001032804956242,115.15786420088261,3.129053710674753,1.0026241577401453,2.681965020238137,0.0036407781833763786,0.32402282101767405,5.015091431384184,0.004999781294716332,0.30787712761334013,0.12034794011590433,1.6473961144077534,8.465240721799889,2.8936565092631747,0.0784295496663877,0.0,,
C1,74,5.58465025862869,113.90540417190641,2.8417903111905467,0.9828849605151585,2.6834524261708164,0.004057368266869013,0.31647076290480947,4.364584717823535,0.004417007904837136,0.3000897299878451,0.10812798796259628,1.6166685819625854,7.730195123322156,2.6473209225401586,0.07651135085948876,0.0,,
C1,75,5.6068467120735015,117.36575512168929,2.869858704051193,0.9505141815360711,2.682475523072846,0.003934287277824834,0.31610928932014776,4.518285553066098,0.004093083428285483,0.2933841667004994,0.11668901814489949,1.6222955450719716,8.032779197303617,2.771742986173046,0.07722816067006515,0.0,,
C1,76,5.898793016161237,119.41124138282612,3.0702607424891726,1.00532899584089,2.691047293799264,0.003634843382537745,0.31750541469272303,4.7213581982924016,0.004449543519401733,0.3085876171078001,0.11815876186806329,1.6475388006288179,8.01724489367738,2.801790974578079,0.07789143444780185,0.0,,
C1,77,5.1766917170310505,117.75412582885474,2.542785095925234,0.8927790875337562,2.6856480034030215,0.004432006436162533,0.3183243134800269,4.249738619035604,0.003560321373456367,0.27954631587680506,0.10412593809317569,1.6012566600527083,7.4340420742424165,2.6249416215079173,0.07921078603486625,0.0,,
C1,78,6.504245524503747,118.71412318199873,3.5340459444084944,1.057744343670047,2.689372641699655,0.0030617868178524077,0.3203646449410186,5.247758622072181,0.005148999251624835,0.3258682160961385,0.134416685040508,1.6771921673599555,8.761359477529721,2.918629142702842,0.07862253749400985,0.0,,
C1,79,6.186465151455938,114.29909968189895,3.317915141582489,0.9817683264917257,2.684532496393943,0.003727234264465087,0.3245565398615234,5.105413191172541,0.004864164247956811,0.31544970097590463,0.1274875121913394,1.6674335489467698,8.503530356348778,2.8495656665490596,0.0851774730396514,0.0,,
C1,80,7.150382635544758,113.69232269795612,2.4997439761551057,0.9077078578423481,2.6835781506129672,0.0036539052059512815,0.30910075805625137,4.305987673146384,0.004128026692861957,0.2781028732353327,0.1072092356578428,1.6079733177107207,7.748164653778076,2.618643673098817,0.07391590115671255,2.929155627075507,,
C1,81,8.703800989657033,118.05185426492244,3.670195618454291,1.0453605031480595,2.6880090139350115,0.0028712233042639053,0.33454794026150997,5.259736934486701,0.0054855185883994,0.3311302372995688,0.1320916775385944,1.6732949310419512,9.091202716438138,3.0413716593567206,0.08326534782441294,3.0447809233957406,,
C1,82,7.3558909357810505,117.73794069001451,2.650196914770165,0.9246652114148043,2.683628666157625,0.0038322988661167647,0.312697424268236,4.464868932354207,0.004275420568978452,0.2848471862320997,0.10713148641647124,1.6165168601639417,7.839422430310931,2.667044943692733,0.073657701020034,2.9450707897848014,,
C1,83,6.8624522442720375,117.44593460299075,2.2934505611049887,0.8887560428405294,2.6881878278693376,0.004683462767852874,0.3116498349272475,3.907493464800776,0.003634257313358236,0.2691016729388918,0.10070903363580606,1.6020455238770466,7.3104265368714625,2.5110595956140633,0.07436388236831645,2.9305585598459047,,
C1,84,7.075592264837148,117.45282311318442,2.4820635677600396,0.8989515182923298,2.6882257510204703,0.004006143738052389,0.3055128193631464,4.0976755387929025,0.00366903857175945,0.2807469635593648,0.1061097002607219,1.606932856598679,7.796852637310417,2.6298895125486412,0.07283089157878136,2.902795431565265,,
C1,85,7.9685613379186515,114.56075355876237,3.1478100443372923,0.9638226968901498,2.685445478984288,0.0033940817511578718,0.3305937857652197,4.833130955696106,0.00463791448166784,0.3104969089736744,0.12454561721913669,1.6701910082174807,8.454628370246109,2.8227073513731664,0.08557218723759359,2.9575483385397465,,
C1,86,6.5178874171510035,113.18399315373972,2.0625097782027964,0.8084496758422073,2.6844279230857384,0.00457995862353175,0.2978282126845146,3.703329616663407,0.003290969338529382,0.2536050446179448,0.09279361534483578,1.584072962099192,6.972780286049356,2.5313734400029086,0.0688933756354512,2.9351824692317416,,
C1,87,6.921427517521138,119.38618645863608,2.5705731352981256,0.8611111276003779,2.6834269883681316,0.004309338449776097,0.2990867367812565,4.053373256508185,0.004010564489622733,0.28033257595130373,0.10627377208094207,1.591759825239376,7.600775699226224,2.6280712570462907,0.07099736609249091,2.6166684992459355,,
C1,88,6.638178295018721,115.48609788483009,2.1587364199210186,0.8493607883550682,2.6846573450127424,0.004693629617484438,0.2975416974145539,3.7243189665735983,0.0034530843437022094,0.25951260145829647,0.0942334458231926,1.5775528027086843,7.022780155648991,2.4506143696454106,0.07026807773782283,2.905837114976377,,
C1,89,7.044481895407852,116.48555523203686,2.5325533224611867,0.8979252443021658,2.684893243166865,0.004359008175943389,0.32216663384924127,4.214232958092982,0.0038218715950390516,0.28215246267464694,0.10745877559695925,1.6187056424666424,7.609679017748151,2.6244031434156456,0.08279625980221496,2.7567157477748636,,
C1,90,7.377321145972427,116.14327312586829,2.7568984463506814,0.9376880356243679,2.6798939656238168,0.004149606654228054,0.3235417361162147,4.433630109441523,0.004233219538463698,0.2962183474886174,0.11177298422826797,1.6368995248054972,7.936470742128333,2.6955946635226815,0.08140745983287996,2.8050068835822906,,
C1,91,7.159246970196159,116.99621585290879,2.683444152681195,0.8834600345212587,2.6844282977435054,0.004677584232068716,0.3113191520072976,4.2132012065576046,0.003947568632073092,0.2889979667201334,0.1073443304975422,1.6101920969632206,8.011696377579046,2.7064116098442854,0.07393214756584897,2.7238008878668962,,
C1,92,6.717165757198723,116.21507292380556,2.251966493470328,0.841588598124835,2.6897086075374057,0.004504903649070243,0.3071960198635958,3.962040840363016,0.003497488538934184,0.2672285331147058,0.09303350518552625,1.583344004592117,6.899009529425173,2.5908220325197493,0.07389651710281567,2.8362308886586405,,
C1,93,7.167487752680876,116.25012002605945,2.687978484192673,0.9162434862584484,2.6912174370824076,0.004575742601074887,0.3132377254719637,4.158193528652191,0.0038789459397275076,0.29106811631699,0.10753496515811706,1.6217306852340698,7.7569045825880405,2.657671147463273,0.07633568221056948,2.6917178314559314,,
C1,94,8.02119071143014,113.76032798504457,3.330507543622231,1.033041658450146,2.687229925272416,0.0034654399214374206,0.3470928389198926,5.101118209410687,0.004736338787811941,0.3239235561721179,0.12795783579349518,1.6884499301715774,8.528682757397087,2.8740249385639114,0.09569033531814206,2.5967365454654305,,
C1,95,6.7809560931458766,114.81274032406509,2.4285554174257786,0.8759099755968366,2.680881120720688,0.004362153837621231,0.31353913460459026,3.985746070438502,0.00356613783158685,0.2824316210284525,0.10328237636356938,1.6047475751565428,7.590129297606799,2.5854904919254538,0.07869624399713107,2.6124260084969655,,
C1,96,6.083669360803098,118.02921986021101,1.875074779804872,0.817223888270709,2.6910143336471246,0.004962157512710867,0.29456439857580224,3.2544497154196916,0.003043171573116691,0.24979223402179018,0.08373562086905752,1.5503048750818993,6.994231019701276,2.399143790712162,0.06674872190520471,2.6643453933754744,,
C1,97,6.349281087213633,120.34084360208362,2.08268779911557,0.8279732295445034,2.6841350428912105,0.004870388549942599,0.30849462139363193,3.5412950400187047,0.003340512869299903,0.258169810990898,0.09013264040861811,1.5737695839940284,7.187287418209777,2.5574207914118863,0.07371263162289955,2.664700882775443,,
C1,98,6.714248647495192,114.90780158899724,2.414806464496924,0.8788590893453482,2.6873636489011803,0.0046087196470970026,0.31053398215040867,3.888621004260316,0.003475421940437423,0.2709171650361042,0.09850521047352528,1.5908728229756257,7.4669511950745875,2.65131498599539,0.07328732642440164,2.5511975483018525,,
C1,99,7.592037142539511,114.3829960511066,2.9760340592082666,0.9518709413859309,2.6898363707016926,0.004132689662249189,0.3168099832778074,4.454055773968599,0.00441470980283101,0.30671138635703493,0.11146126820572785,1.618342788851991,8.175616819031385,2.7137914823026072,0.07866715685445436,2.7676453128152962,,
C1,100,7.084332232572595,113.50696121482179,2.6312472309385027,0.8757239689632338,2.685423889938666,0.004243298414714483,0.3095370750037991,4.183723431460711,0.0038730319380304037,0.28547765375400075,0.10071856840228548,1.612521808974597,7.69465531135092,2.66185884816306,0.07503101168846597,2.7107558201770394,,
C1,101,6.641276700156076,116.17380605079234,2.297801922778694,0.8686170140091254,2.691633647801925,0.004154259001014146,0.3059383059034542,3.805020563456477,0.0036104609364197037,0.2735007554292679,0.0930778009778991,1.5831876238998102,7.35697618795901,2.521973789954672,0.07396208665960906,2.6510012271452923,,
C1,102,7.417979751314435,118.51019010925665,2.869874227411893,0.9134419110356545,2.6839469160352434,0.004050628238177041,0.32334959628630655,4.530098995383905,0.004498276812005408,0.28842508154256,0.10805510934822414,1.6340658445747531,7.81462253843035,2.6875916451823954,0.08428171455708085,2.7105714617943275,,
C1,103,7.755015908455362,117.30788481514901,3.1892662948491624,0.975607228522398,2.6884209331201046,0.004234624206627795,0.33097029918310594,4.941756177921684,0.004566569579765201,0.30872979577706783,0.11781434863045508,1.651345352737271,8.250712832626032,2.8478212502537943,0.0850775801025483,2.540128136167721,,
C1,104,7.373270443507603,115.80931361205876,2.938755977214599,0.9159196067829521,2.677450350352696,0.004568616373759067,0.3362496832803804,4.525960514740068,0.004258713737244205,0.3016132493408359,0.11019049124906258,1.6454187801906042,8.022697906104886,2.7588368824550082,0.09038230088748495,2.540174352879427,,
C1,105,8.387897092468885,116.62354926671833,3.6929291073156865,1.0037016017096383,2.688729797090803,0.004307389787068039,0.3431628054502059,5.481344400619974,0.005511974735299544,0.3369105610312248,0.13022984647933317,1.6838002910419387,8.927078247070312,2.9506608004472694,0.09024088023876657,2.5533367152116737,,
C1,106,6.245710703791405,115.63977323006839,2.0919830190892124,0.8081071991093305,2.689917121614729,0.004869018226080308,0.2931138188863287,3.4828470951440385,0.0032371478475991407,0.26008749038589246,0.08325753398999876,1.5482312075945797,7.246675111809555,2.5097312319035434,0.06576099501428556,2.5417094449607696,,
C1,107,6.3149473813115335,115.93268649326637,2.1640298737555135,0.8104616579960804,2.6887533762017073,0.005330306098900964,0.3069900249948307,3.8084049194442984,0.0034320831517997787,0.25920008974415915,0.08892047907016715,1.5785162813809452,7.141924663465851,2.421505023022087,0.07288290685688963,2.456233022164325,,
C1,108,6.3053189443082225,120.54348396277055,2.188813717389593,0.821644086010602,2.6811613452677823,0.0052930040175703415,0.30156463871196826,3.6697890697693336,0.0030704038461185613,0.26105425248340686,0.09289944019852853,1.5765185112855873,7.299642806150476,2.4593849887653274,0.07050436712345298,2.425156530068845,,
C1,109,6.153468462885643,115.40447113895789,2.0510824067252025,0.8112859196808874,2.6834913224590067,0.005906021612701102,0.28165061619816995,3.3991641986126804,0.0031836995051945653,0.25712168581631717,0.08479523955255139,1.5520576141318496,7.071419180655966,2.4469243628638133,0.06110765895217049,2.487233397912006,,
C1,110,6.174371952913245,112.91575749963522,2.0662625964198793,0.7990908738301725,2.683341074963005,0.0055770825984298575,0.2989342094075923,3.55917064389404,0.003447308563223413,0.255791287641136,0.08554423794302406,1.5630187477384294,7.101608432069117,2.3587640110327275,0.06897174604997343,2.4738188909024608,,
C1,111,6.436151801323404,114.26371356798336,2.2002177241505407,0.8063499221996385,2.6860473447916458,0.004577327165657616,0.3064842668114876,3.740599032567472,0.003686455057486084,0.26102410287273176,0.0891066736788774,1.5827951650230252,7.223100671962816,2.527999620048367,0.07480659601943833,2.6032886748411217,,
C1,112,5.724569933755057,114.87819153582677,1.7813491894274343,0.7599749510385552,2.6871025513629525,0.0053441012515781485,0.2943682591525876,3.175229394922451,0.002906910741312087,0.23898092946227717,0.0793572406151465,1.5479728640342245,6.753162617586097,2.345624011390063,0.06691505079518775,2.3810604786386294,,
C1,113,6.295608681075427,115.39449287811294,2.09342835326584,0.8169681344713483,2.6836440611858756,0.005400555704872371,0.30642194316095234,3.590122957618869,0.0034660047172017545,0.25222446936733867,0.08739745936223439,1.5896735726570597,6.892502989087786,2.5054104109199677,0.07651626976320938,2.5766908538584805,,
C1,114,6.338574127275116,118.47377491602674,2.1929143691549497,0.8611034355601486,2.683140516281128,0.005972927572842383,0.2912814282641119,3.5473000686995837,0.0032329447151693913,0.26461314972566097,0.08851731629395972,1.5653253015206785,7.333725209138831,2.496392982346671,0.067705882561146,2.4390243097227446,,
C1,115,5.049690222253605,112.6872969828546,1.3356672063165782,0.693829499337138,2.680332699600531,0.005612643847802692,0.2748919299670628,2.608859552412617,0.002315907334025037,0.21374934546801508,0.06921974094394519,1.510281725805633,6.259119948562311,2.2355816875185286,0.05763986338005991,2.286305712193859,,
C1,116,5.619445825109676,114.38848872901872,1.6162287997347968,0.7563538995324349,2.6809069575095665,0.006125542444500084,0.2851682986531939,2.9024981649554507,0.0024950018791690923,0.22755080339859943,0.07280924825035796,1.5201240923939918,6.524834058722671,2.2247351991886997,0.06287412071714596,2.5467448453513946,,
C1,117,5.959856456639815,113.8213596669957,1.933293839498442,0.8078191207379711,2.686983687537057,0.005813660502804405,0.30018339138858174,3.343820938954548,0.003305961408804418,0.2508453301021031,0.08360495026774552,1.5636826802273185,6.974501415174835,2.4390652106732738,0.07196487454051266,2.3899943293357384,,
C1,118,5.7474247144193065,115.84785577701405,1.7402546752472312,0.7958231148671131,2.6877306626767528,0.005739872429367839,0.28465829120606795,3.0732136964797974,0.002575499171329358,0.23806117839959204,0.07829906608985394,1.537509246748321,6.742244039263044,2.2734792889380944,0.062272477134758114,2.4482730432432525,,
C1,119,6.700312536589953,119.87194171501324,2.5411179734736073,0.8726074434056574,2.691683920062318,0.005082900551556401,0.31821264569856683,4.225009578831342,0.003965226264565955,0.2780489964144571,0.09797104041339183,1.6023698631598025,7.614899820210982,2.534696790636802,0.08065766670113923,2.2709855230487124,,
C1,120,6.584302201562998,111.62442758586258,2.36385233791507,0.8759985718191886,2.6828025603780943,0.00645280138492033,0.30955405198797886,3.9221992571743165,0.0036694080297412276,0.2640317797052617,0.09281098656356335,1.5787831033979143,7.265925796664491,2.579666259337445,0.07747652997471849,2.4360584945094828,,
C1,121,5.59470135825021,114.67518304102123,1.7877140081658656,0.7558268363378486,2.6824895946346983,0.006520454606697039,0.2841154723143091,3.072142776177854,0.0027787050669442633,0.2355349450087061,0.07442060724965163,1.5157463818180317,6.7034551367467765,2.396545716694423,0.06343486426132065,2.2161347695759366,,
C1,122,7.158553639236762,113.89996321033686,2.833388393630787,0.9199457667311843,2.68370922244325,0.005682883413546547,0.32668823459926916,4.41977751741604,0.004348605463746935,0.2961222380399704,0.10285765103691695,1.6288752507190316,8.036838210358912,2.697313843941202,0.08439203488583467,2.397420880745868,,
C1,123,5.912448372159686,114.45938066206872,1.9221928813019578,0.8088089166855326,2.685744879197101,0.00605219590349351,0.2930493053733086,3.4655931458181266,0.0029898087680577394,0.2460383857999529,0.07901000740880869,1.5491770067993476,7.011648421384851,2.3846504031395424,0.06750736986191905,2.3088302904245803,,
C1,124,6.2835569722311835,120.37757693696767,2.225559476078773,0.8624991756312701,2.688567122634576,0.00516821812287125,0.3027540387547746,3.7152774340035966,0.003301898638209404,0.26294368596709505,0.08346845795001302,1.559206069732199,7.247251822023975,2.4925642743402596,0.07067317857730146,2.2653408220836093,,
C1,125,5.668494302399305,111.09417912177742,1.8078849929936078,0.7510123350182358,2.68537543744457,0.006628249264654836,0.283534397884291,3.170019051858357,0.002990488889532126,0.23715711096111608,0.07766386908384001,1.530412559606591,6.840882787899095,2.353866718253311,0.061433390961313734,2.2762777148460853,,
C1,126,5.89866853733452,113.77872191322967,1.9926329705179955,0.801386757772796,2.683439084461757,0.006016315442120314,0.29520128545712454,3.4038958914425907,0.0032592511525596207,0.24986829015673423,0.08231757303737865,1.5582844846102657,7.035918459600332,2.460485961972451,0.06640328866030488,2.2102148727494844,,
C1,127,5.999115476802904,113.48828169191256,2.0819160798374488,0.8040184415116602,2.6860846840605443,0.005542140677381231,0.30056394484578347,3.6240866962744267,0.0033749808166508694,0.25328589398033763,0.08694364446006259,1.5736949954714095,7.153255861632678,2.4407860940816453,0.07272848648456287,2.1675517023826134,,
C1,128,6.109460397642486,117.31778877601027,2.0780119378955995,0.7754917600933386,2.6864370326606597,0.0063060140902442595,0.29501912180258305,3.5944451957332846,0.0033166291238502506,0.25203101853935084,0.08283258035626946,1.552651765395184,7.36575969384641,2.4256298760978545,0.06704875594955317,2.384642474505366,,
C1,129,6.032639970584792,117.39930837182328,2.116097907022554,0.804249776869404,2.6788534728848203,0.005694429198878684,0.3033294057359501,3.7531544931080876,0.0035863451770155176,0.25060663235430813,0.08545727385398076,1.5686429179444605,7.102335725511823,2.3663193668637956,0.07377055637082275,2.1403287770796795,,
C1,130,5.625647097217794,109.93959499290213,1.8013794787076054,0.7613557917731149,2.6849161264847736,0.005945162806061229,0.2804404384627634,3.207178170583686,0.002927133985747564,0.237091634042409,0.07524804204550324,1.5242121414262422,6.845036837519432,2.30160137341947,0.0611466792012964,2.200154652400893,,
C1,131,5.247435389732828,133.1883723810315,1.545823345683059,0.6996230817570979,2.6802645848721873,0.00676065714785126,0.27633389617715565,2.794697396609248,0.0025032371067565543,0.22272271617334716,0.06776677653649632,1.4968191604225003,6.515222072601318,2.284803723802372,0.057045326986331114,2.213707829008297,0.0012812899386945014,0.01003160296626243
C1,132,6.919135531600641,133.87865149229765,2.734136447614553,0.9143706183044278,2.680464491552236,0.00575432065299389,0.33160498768699415,4.478729791787206,0.004485079351033331,0.28640755889367087,0.10080793484741328,1.6227256740842546,7.779205993730194,2.70306252946659,0.08872515677797552,2.188056994457634,0.0014994765087203805,0.0188604679502922
C1,133,5.342921378661175,134.7467268188484,1.6044532544150645,0.7273711318872413,2.6830382736361758,0.006958612353702513,0.2807706004502822,2.9069812991181196,0.0026775878219751225,0.23143233358860016,0.07064075361253047,1.5203507603431234,6.617795292212039,2.2490330180343316,0.06091870762863938,2.197040472711836,0.0012468670633280646,0.013762658293323828
C1,134,5.599407629090912,132.05112175410613,1.7999430858359045,0.7278759211910014,2.6827829662634404,0.0071634778138772795,0.28923177749526746,3.2037675395912055,0.0028073559993312563,0.23689861717272778,0.0754002067355477,1.5320111878064213,6.756731743715247,2.4448012697453403,0.06586447057827395,2.2125794911871153,0.0008689240808946254,0.010893105112598054
C1,135,6.106083602321391,131.38145637419075,2.2191386265414104,0.776405180595359,2.6796068269379285,0.006579765914559213,0.3091259665635167,3.796100384118606,0.003770965886212011,0.2537316813760874,0.08545457970883165,1.569963710648673,7.08186521335524,2.445692867648845,0.0770430426132314,2.1256186134961186,0.001031637365256255,0.010619479652748441
C1,136,5.962212411724791,133.88061053818092,2.060498460823176,0.839674099367492,2.681430685276888,0.006083862036371565,0.30147518156742564,3.430265579296618,0.0033360510115388172,0.25098540801174785,0.07958860912037138,1.5543161508988361,6.962299239878752,2.4757295384698983,0.0709100146682895,2.1417711997518736,0.000766215201065511,0.016245571820732316
C1,137,5.67153938449159,132.61073032207787,1.9051495620182581,0.7688640435131229,2.678855477547159,0.007148053464705447,0.2917083906275885,3.1653891275731887,0.0027617362766806986,0.24239967337676457,0.0798795390113884,1.5388905539804576,6.9519186701093405,2.4452026766173693,0.06553492911768202,2.11289390252561,0.0004623510380377977,0.008957206428801458
C1,138,5.899612232130401,132.27945967577398,2.0864251991923974,0.8149014991156909,2.684696134255857,0.0066540426733827564,0.2915671598546359,3.3964678073415953,0.0031366352317379596,0.255225270986557,0.08145421397473131,1.5574803109071693,7.226033093977947,2.469928933649647,0.06614024642550824,2.0534092504151014,0.0015853750395702585,0.013679900164728382
C1,139,5.845118654017546,133.2592179956846,1.9983530731833712,0.7801035052659561,2.6828719742444096,0.006114844863578601,0.30440517347686147,3.488498550288531,0.003508900753127373,0.24598575307398426,0.08104261007083922,1.560386881536367,7.0033458884881465,2.432639868891969,0.07290785543012376,2.1336338909304873,0.0006945504882855539,0.008529661016823132
C1,140,5.249952038940118,131.99911981076002,1.602564470196257,0.7145908706042231,2.6853217981299577,0.006615174642041781,0.27545939933280555,2.817993547843427,0.002697274047876613,0.22770134466035025,0.07199796528688499,1.514246865194671,6.545725666746801,2.23871631768285,0.0582651185365964,2.1032933556303686,0.0009777591392896442,0.009247613553015423
C1,141,5.740123865555744,130.6589124519378,1.9510673436583306,0.7597854484100731,2.6776468559187285,0.0067223889369527065,0.29775846399823014,3.422819295708014,0.0030362560343691054,0.24220619213824368,0.08231112494000367,1.5535380961943646,6.728878527271505,2.382355188836857,0.07332119784717049,2.0997463124138966,0.0014646287106817295,0.01605036101591395
C1,142,6.8471018586839945,133.24351291684434,2.743612083245297,0.8988991428394707,2.6839669723899995,0.005427228752523661,0.3164599473987307,4.374023312208604,0.004020760558683387,0.28562734564956355,0.09633121278365048,1.6032804323702443,7.728336178526586,2.569366379660003,0.07840869013144046,2.1177983673251406,0.0018426272822493353,0.014756489661826147
C1,143,5.304094368097734,133.42378205806017,1.6388744146240002,0.7202019454265127,2.681054232071857,0.006250272836412626,0.2793939569774939,3.06782882067622,0.002915155612958633,0.23233686205075713,0.07398867417050868,1.5242050594213057,6.66462804833237,2.331091231229354,0.06042477868649424,2.0622745071138655,0.0011402116028363873,0.00989426488608007
C1,144,5.111592219800365,131.0939940069802,1.519224736155296,0.6670933566531356,2.6794657366616383,0.0069704896114690575,0.27649826267544103,2.83102199374413,0.002526970464992812,0.22133036778897655,0.06975910576934717,1.5119306481614405,6.36118052930248,2.2779049289469815,0.06115145376902454,2.0931521447337404,0.0007919462625314198,0.011073914320451543
C1,145,5.662056733150871,131.3655353402719,1.961733992610659,0.7889458518855426,2.6811067036220004,0.006756715324460243,0.2955514505809667,3.4582015482746824,0.003543200899077085,0.24625852247890162,0.0795965824960446,1.5511791414144087,6.924882236792117,2.321997277590693,0.06873687634206548,1.9157749894930391,0.0012470269539725351,0.01588809334269599
C1,146,6.585453223208992,130.50168226193637,2.546521094684698,0.8709026599416927,2.679438036315295,0.005539809486992676,0.31977100883211407,4.144174294812339,0.004159415330813855,0.2792148547513144,0.09808689268419937,1.6018941791690127,7.284490458819331,2.5488299374677696,0.08452876807399551,2.1234824024901098,0.000939948603918174,0.007950012429722736
C1,147,5.881567079193738,130.95335107203573,2.064433984610499,0.7892547164644513,2.6825126579829623,0.0061809680934244654,0.3086934421135455,3.665356999149128,0.0033810956300264795,0.2529650975246819,0.08367092721164227,1.5644964344647465,6.8420597387819875,2.484237846063108,0.07502899529906559,2.035061794884351,0.0009370851514959515,0.010500830056692077
C1,148,6.356197697775705,131.48282009083778,2.4991515582921555,0.8554883422900219,2.6815120589976407,0.006814237341447496,0.3146675314222063,4.0589878553030445,0.00401285680115451,0.27474454623095845,0.09241841649826692,1.5898129137194887,7.478016376495361,2.657420722805724,0.07758635063940773,1.8967361158254195,0.0012532706551066245,0.007877608760256352
C1,149,5.92324388757044,131.15338680008426,2.093833084617342,0.7857042411152197,2.676570347377232,0.006463444583849716,0.30416950400994747,3.572109653025257,0.003521815231022406,0.25552734671806804,0.0840077919847503,1.5674035378864832,6.957741990381358,2.4693716010268854,0.07153139784171873,2.082997800136099,0.0011941204568171185,0.00937589775149922
C1,150,5.146260008520009,130.44103329721838,1.586326703429222,0.6850199200669114,2.675917557307652,0.007857625097112388,0.2813463156320611,2.9570843954475556,0.0027331629392633935,0.2234965459424622,0.07058329621748048,1.519523270276128,6.5368936013202275,2.318118088099421,0.062207642334456345,1.988805432708896,0.0005149158763187796,0.015422135495040196
C1,151,5.337484530040196,132.82450177241117,1.7309574393593534,0.7184684525947181,2.6877052735309213,0.00741943077490741,0.27638036286344336,3.0493411455227406,0.0027378942396928917,0.23286172473917202,0.07345446035722081,1.5197902042038587,6.828162689598239,2.430694601973709,0.06149925781908084,1.9780425344194685,0.0015851138121797006,0.011889942496300508
C1,152,5.9125882606117095,131.13398292195052,2.155034228247039,0.7803166654645181,2.679336747344659,0.006943789146821566,0.30306535351033115,3.743146632398878,0.003661812292601989,0.252356089499532,0.08654134484882257,1.5774709059267629,7.054659911564419,2.5176539518395247,0.07483174876138872,1.9423696350078195,0.0006481363297598712,0.008062586717642262
C1,153,5.723944007133951,130.8772234870121,1.9615599552587586,0.7745814645776943,2.679137181262581,0.00773862734905026,0.29838376446646087,3.429850300964044,0.0032034356551534707,0.244918198001628,0.07909769876574983,1.5445666824068343,7.0479195263921,2.3920404327159024,0.07055557452674423,2.0346939575915433,0.0006978367642807196,0.011283155714548285
C1,154,4.766669648034232,131.95872925501317,1.3726075395029418,0.6541093995376509,2.678988432397648,0.008639996925996122,0.27163371352516874,2.5465754459098893,0.002356482641795194,0.21119430722022542,0.06505078016495218,1.486500654901777,6.385351258881238,2.2384589886178774,0.05795418271528823,1.889558653442227,0.0010329166293006472,0.012271375673939084
C1,155,5.294239618340317,131.82631672918797,1.6912125388578492,0.6886955901068084,2.685028095634616,0.006351699737822447,0.28639486462486036,3.032599317784212,0.0028302509837180414,0.22855308469460936,0.07264461604004004,1.5175627859271303,6.720381084753543,2.2785013743809293,0.06330574358984524,2.023027147565569,0.0004989489226974855,0.009084143692039756
C1,156,5.746093229371674,131.54611820308492,1.964710068945982,0.745515266851503,2.680306780095003,0.006116335788665682,0.30370184961630375,3.61801690836342,0.003470900051571353,0.24533648454413123,0.08062843005267942,1.5596236720377086,6.884139109630974,2.4709430543743833,0.07279679544117985,2.059736261562425,0.0010396967928886973,0.011093331688517555
C1,157,5.828789725595591,131.27277713501826,2.136848266331517,0.7676502228999624,2.683861966035804,0.006939919895316683,0.2996684276327795,3.609458006158167,0.0033015488627323956,0.25328296210084644,0.08465177109655068,1.5599964467846617,7.055884001206379,2.4382602973860137,0.07382445835641452,1.8954954798124275,0.0003565458548159194,0.006421700045436586
C1,158,6.001656906945365,133.06169516732916,2.1724626488831578,0.8285608480171281,2.6798675498183893,0.006500008569469637,0.30812406600738057,3.757713692528861,0.003415452441134091,0.25102294707784845,0.08981455759886577,1.589427892042666,6.972225364373655,2.5385963235582625,0.07841272918241364,1.9723295180165037,0.0007399656019503932,0.007792755930727346
C1,159,5.4165378054794004,133.25711946515366,1.7609337084755605,0.7475381086067278,2.6788269111088345,0.008254049518098104,0.27778238909585135,3.0159844938589604,0.0029267543791413157,0.23119053214180227,0.07193983467865964,1.5085223548266353,6.672912743626808,2.3480769055230275,0.061542464306159894,2.021860031449065,0.000976147310303463,0.015072253629606
C1,160,5.986428260803223,129.99882233375683,2.2270687456641878,0.7834529043460379,2.678331336196588,0.007092694250025729,0.2946046904033544,3.831011345191878,0.0036684386957821684,0.2566425885472979,0.08434115346445113,1.5604318453341115,7.102500467884298,2.4869293728653266,0.07031623222770131,1.9217859664741828,0.0010062896988895249,0.01276593547541612
C1,161,4.737825700214931,132.60608429415151,1.3143256191088228,0.6132752244569817,2.671067612511771,0.007973950004623252,0.2653846041280396,2.494735383257574,0.002150021604801604,0.20736840397727732,0.06279712322415137,1.487364683832441,6.220983524711764,2.1833074360477682,0.053573855217926354,2.0115143401282176,0.0008836259733474277,0.009029005844983045
C1,162,5.321363419902568,131.00341342110187,1.8108469180914821,0.7089382744565302,2.6870604193940455,0.007195075009284275,0.28591688190187725,3.237626023438512,0.003036557376320588,0.23283338972500392,0.07398264858947724,1.5228266521376006,6.817364488329206,2.306350943993549,0.06290487713199489,1.8068935883288482,7.880999840013523e-05,0.010219894568981359
C1,163,5.038175451512239,130.93234598217532,1.601401342421162,0.7032292162885472,2.6752725328717912,0.008330926332356674,0.2735734965120043,2.824975853063622,0.0024853934461431465,0.2237263312753366,0.06950022082547752,1.5038198524591875,6.6733036625142,2.3159748972678673,0.057777655957152646,1.8130567414419991,0.0007552448661359143,0.014328438651068144
C1,164,5.795097540835945,132.45840200968087,1.381139375725571,0.6632274589976486,2.681962251663208,0.008835248159700814,0.25631399087759915,2.5293320441732603,0.002307069473614802,0.2094645764754743,0.061581206679040074,1.472295033688448,6.293581271658138,2.177120410666174,0.05139638799033603,3.3822663170950755,0.00030818264002401377,0.009172380794947161
C1,165,7.080100030315165,130.92242475878447,2.067950897679037,0.8090586844755678,2.6842116823001785,0.007277011927763684,0.2969412411354026,3.500886300084542,0.0035720703448792585,0.24903766658841348,0.08133443891621973,1.5520887009951534,7.003759705290502,2.404052488657893,0.0678360072553766,3.802712771357322,0.00029356434909999507,0.008935738314769006
C1,166,6.531509730280662,127.61464432487264,1.763286992907524,0.7066460051098649,2.679414194457385,0.007839964191329532,0.28618111324553586,3.0814812402335967,0.0029581267679495054,0.23167386286112726,0.07649503347977084,1.527161449802165,6.665929696997818,2.321441596868087,0.06824474629698968,3.7009532257002227,0.000873501589317402,0.007587452580732393
C1,167,6.989790103873428,128.82964109489694,2.0194497412564805,0.8087335526943207,2.67544479759372,0.006512247790981617,0.29566359428726896,3.601413449462579,0.0033353738455881117,0.2422241103284213,0.08048980614664603,1.5570832101666197,6.908384245269152,2.4008256780857944,0.06986356264322388,3.722943656298579,0.0014249118874104449,0.010230043641545958
C1,168,5.896760760521402,129.5659309127368,1.2612160778775507,0.6261616215413931,2.67444861665064,0.008512231281647287,0.26365802756377626,2.3013610401932074,0.002200960634247761,0.20714286000144724,0.06188055994559308,1.48225457814275,6.140512388579699,2.074008822441101,0.0523366102074482,3.8203269948764724,0.0007597902078353107,0.016605547884693102
C1,169,6.60468526762359,130.89440365787596,1.8268918729558283,0.7351388316981646,2.673436704947024,0.007558371022353139,0.290836113752151,3.2929660227833963,0.0029599443535386983,0.24064909681981925,0.07758575586640105,1.5359596816860899,6.815772942134312,2.3661419469483045,0.06619618719025534,3.624006495183828,0.0011733877485511357,0.014456167787766018
C1,170,6.734054789251211,128.73427607212216,1.900489171852871,0.7927035385248612,2.6792848450796947,0.006334383496824576,0.2916371740248738,3.259063170272477,0.0030643458374804457,0.24461103458793795,0.07570554407275452,1.526236310297129,6.937589732968077,2.3074594444158127,0.06559623131642536,3.6265485651639042,0.0007639157632800791,0.008056081161463894
C1,171,6.445083447865078,127.57088214810938,1.7244661496001847,0.7026180618879746,2.673866476331438,0.0070779263006276166,0.2803487063062434,3.07176436940018,0.0027783615265174638,0.22662907625947679,0.07182899585031734,1.5149993774842243,6.580273696354458,2.368953658609974,0.06217604436512504,3.6436458242182828,0.0007726391271932051,0.010131880370023764
C1,172,6.537618724667296,127.36788329202682,1.7818693080726935,0.7060771596675016,2.6765469385653127,0.007359689890350006,0.294374768831292,3.206639067859066,0.0029714138090268386,0.23374426364898682,0.07966194279035743,1.5476293953097597,6.600419774347422,2.3515296298630384,0.06969139816201463,3.653740250334448,0.0006622290081097628,0.014146825870831927
C1,173,5.720676665403405,129.5872229197994,1.1736011350033235,0.6652471137290098,2.6784524820288835,0.007935800850961586,0.2483867409886146,2.2781103724727827,0.0017636961200303038,0.19645487289039457,0.05663787991720803,1.450929892306425,6.050226367249781,2.0911078574706097,0.04682892260654849,3.6403374866563447,0.0002979422271446206,0.006263705051943751
C1,174,6.427555137751054,132.18920513568446,1.7455810588233325,0.7283598811042552,2.6774098629854164,0.006183052994429647,0.28266352962474434,3.2062230456848533,0.003071223306635927,0.22750785216993216,0.0738477782175249,1.5219412044602998,6.634228502001081,2.2796626504586666,0.06291209748585005,3.515141959093055,0.0009203852758322536,0.009612365236414323
C1,175,6.149097403701471,131.311317932792,1.5859125657957427,0.671713011605399,2.6768633102884096,0.006543267455916586,0.28073269280852103,3.003449204016705,0.0032840605643435325,0.2250814620329409,0.07217059033561726,1.5230774636171303,6.3899001588626785,2.249978092251992,0.06051336487337035,3.4738685062953403,0.000402587519280029,0.00825511102738003
C1,176,5.788900005574129,131.102744075004,1.2560215951228628,0.6328079767373144,2.678689547947475,0.007937543628718324,0.26191008425488765,2.4312739956135654,0.002189374935090998,0.20616170824790486,0.06101713519619436,1.4696012857008953,6.226310827294174,2.1092195291908418,0.05236562514411552,3.627039617421676,0.0006258897916785716,0.007440639156180735
C1,177,6.591249509733551,130.50415134290233,1.8400546020391035,0.7307870010940396,2.680705975513069,0.0069138676902797186,0.2865131147661988,3.2311668371667666,0.003102821394758375,0.23565280771985345,0.07610012275375883,1.5351777320005455,6.87961246529404,2.370525659347067,0.06442938089294702,3.602034568786621,0.001989593474242068,0.016791190753653554
C1,178,6.7467557118863475,130.84683541720733,1.8898762069186386,0.7474743620473512,2.6744454490895175,0.007062563174926885,0.2961480295171543,3.453188623700823,0.0033481733057391353,0.23756468813030088,0.07858706372124809,1.5443968334976508,6.882420199257987,2.4161858534326357,0.06718123533135774,3.6820131005073082,0.0018924506718045282,0.014010863761703669
C1,179,6.301652718563469,129.011253957171,1.7289067251341683,0.6761572050804995,2.6728741587424767,0.007359375870710581,0.2800095044836706,3.0102096011444015,0.0027246491788121474,0.22861854306289128,0.07434543127156033,1.5245898791721888,6.6281038011823386,2.2376984357833862,0.06364770009353453,3.480248821024992,0.0005686038744234835,0.00956329732665446
C1,180,6.053443772452218,126.11655848613009,1.4703321353513368,0.68965609706178,2.673391595178721,0.006653360141042087,0.27401113510131836,2.9556465246239485,0.0026980708874417563,0.22013480565985855,0.06885716136620969,1.5121944145280488,6.346154767639783,2.1586661801046256,0.057837512914319426,3.491931574685233,0.0008519261201669937,0.011985563131618767
C1,181,6.113173115010164,131.02824098523706,1.578192911585983,0.6969073962192146,2.674298953036873,0.006916558116969025,0.2838869389830803,2.9928796759673526,0.0026120384626461155,0.22308771707573716,0.07054915511030324,1.5139348482599064,6.343131804952816,2.2867787322219537,0.06290140614977904,3.3987464077618657,0.002134458243761706,0.017326432172342032
C1,182,5.860819573305091,129.3736008843407,1.4261813358384736,0.6473789136020505,2.674355594479308,0.007731820285624387,0.2703978769025024,2.673254694105411,0.002724161221058053,0.2136847750872982,0.06642897957365732,1.4891926025857731,6.343822897696982,2.2367065974644254,0.057428803456453036,3.402835193945437,0.00043502497010774967,0.007845191396469015
C1,183,6.101496034738969,129.1608764580451,1.5176880432634938,0.6472012370216603,2.670565201311695,0.008559866304680402,0.27345987546200656,2.8970842197233315,0.002620494379828285,0.21673344197321912,0.06902831081985211,1.5063184621382733,6.412035689062002,2.2402278841758263,0.05874369918767895,3.569999616973254,0.00045726629605196903,0.009078548289041964
C1,184,6.63020886693682,130.37511856341735,1.9714167288371496,0.7749942528958224,2.678699877797341,0.007206207554079402,0.29236743371097407,3.478936497046023,0.0032315558435547414,0.24610666048770047,0.08093838762415916,1.551727479817916,6.9734549035831375,2.3682821405177212,0.0676315726940425,3.3420574178501052,0.0008394999755515882,0.009916154299248216
C1,185,6.841486337233563,128.75783638609573,2.0400248571318023,0.7809418865612575,2.6802123225465113,0.006771854311465381,0.30478654254455956,3.6262889005699934,0.00342155237651278,0.2504113340864376,0.08260487210081548,1.5523906605584281,6.873621492969747,2.366712390160074,0.07430522706435651,3.5068057021316217,0.000943323954171187,0.008420974930538009
C1,186,5.8857205254690985,129.21862197620794,1.45079633350275,0.6395522331704899,2.672883515455285,0.008184725893851446,0.27502424437172557,2.73677461183801,0.002514719015714351,0.21430645305283216,0.06844318038498869,1.4986318885063639,6.134426593780518,2.1133014912507972,0.061446940526366234,3.4015309810638428,0.0010249015584714604,0.012594537210282638
C1,187,5.731844157588725,128.71732339495793,1.3393656976368962,0.6889986474903262,2.677010156670395,0.00783064992081526,0.26709285652150916,2.61464193949894,0.002245050960111109,0.2075085326725123,0.06542416848242283,1.4829397323180218,6.267929193924885,2.1844243078815695,0.05605273020966929,3.2934524842670987,0.001008184294503379,0.011892480504786586
C1,188,6.155441561523749,136.66984955314547,1.6756928693883273,0.7114882116415062,2.672098923702629,0.007117966086038255,0.28675653283693353,2.972659984109353,0.002971054122359159,0.23037128028820972,0.07455741785162566,1.5193973366095095,6.462843194299815,2.31293392667965,0.0655121031996547,3.300827520234244,0.0006061165766634449,0.006810960608557865
C1,189,5.6535371079736825,133.4078361140564,1.3691608238281037,0.626263827085495,2.672480359369395,0.008387505651774759,0.26985742638305743,2.6804686948961143,0.0024158845411207316,0.20703215532156885,0.06822153640796944,1.4989731311798096,6.1483723192798845,2.191583910766913,0.05812502496552711,3.2131814567410215,0.0010971822325712088,0.009926742157413359
C1,190,5.3695076679696845,131.12401565909386,1.1005127861791728,0.6049597366731994,2.6748703937141265,0.008794542767905764,0.25246657978515236,2.2097379023931465,0.0019519822891773085,0.1953763241062359,0.05793302521413686,1.4633042423092588,6.059179841255655,2.0723021565651405,0.04807014888798704,3.336755373040024,0.0006505736593227915,0.010976115597639698
C1,191,5.989334578416785,128.98230312997475,1.566571332970444,0.6667156748625697,2.675321389217766,0.007939042554982957,0.2750893016250766,2.828410551256063,0.0025090706452717813,0.21943980637861757,0.07072965758947694,1.5054902835768096,6.370713438306536,2.2836114435779806,0.061761765265647244,3.3179579365010166,0.0007549829052400545,0.009457360233487375
C1,192,6.2413608638607725,130.49047692213207,1.7695303066652648,0.6633825825185192,2.675719217378266,0.007907542543353902,0.2753765294138266,3.1899969796745147,0.0029273617523247184,0.22641938407810366,0.07584574506903181,1.5260127977449067,6.558483542228232,2.388873180564569,0.062063169874707044,3.306606321918721,0.001321165557801804,0.008115910838239647
C1,193,5.895016003628166,129.49435653164983,1.56524245957939,0.6704913256119709,2.674437561813666,0.007867077658337787,0.27395637455035227,2.871909348332152,0.002821613514168682,0.22156445469175065,0.07253937366209467,1.511787198027786,6.435098297741948,2.289315235858061,0.06213974103103487,3.1651430202990163,0.001096160344313894,0.009064357722619968
C1,194,6.318690903332769,131.3438319931738,1.7314119266003978,0.7429181325192354,2.67840576171875,0.007934686099416671,0.28787389792958085,3.1286857420084426,0.002899811278532107,0.23004351434658984,0.07534559493010141,1.5264442356265322,6.540464829425423,2.326532115741652,0.06520452091888505,3.3717197642034415,0.0003228406814491907,0.007248837146246898
C1,195,6.317110703915966,131.83514209790155,1.813983607961207,0.7214577775828692,2.672784002459779,0.0064949428251937355,0.300257929429716,3.299961523742092,0.0031372301995621194,0.23649532271891224,0.082331938555046,1.5558978878721899,6.620556860553975,2.345079555803416,0.07386087198570675,3.238359057173437,0.0011289512223343963,0.01184809161997914
C1,196,5.5432429508287075,131.68951211310923,1.2643755519268465,0.6278386134274152,2.6697256613750846,0.0074344692580706005,0.2703522592782974,2.5279942471153882,0.002270403243268707,0.20681390713672249,0.065851021710099,1.486846658648277,6.123528246976892,2.1835696721563536,0.05651178307907314,3.2407738043337453,0.001382534820894024,0.012907527002685779
C1,197,6.155608746470238,129.90532957809046,1.6552710736892662,0.7607407861826371,2.6749643354999777,0.007840318169340263,0.28403852332611473,3.0611871289355412,0.003080274964940126,0.2264175129180052,0.07232180492458296,1.511623343642877,6.514793979878328,2.3102247617682634,0.06416588120770697,3.2366064008401363,0.001025482123767507,0.006757994137239379
C1,198,6.258526188986642,131.2206970048137,1.8155140937591085,0.7441707624464619,2.6763310140492966,0.006377780912158897,0.28624289710910955,3.084092407202234,0.0031013935305444257,0.23341414058695034,0.0742261140626304,1.5216435461628193,6.515474445965825,2.394652335011229,0.06628162018498596,3.1693584286436742,0.0006742182726603814,0.011155890746322814
C1,199,6.115074892433322,132.93268548697233,1.7388394590543241,0.7010724435047228,2.680816718510219,0.006957297212187657,0.2767156645351527,3.092906100257319,0.002879892820601526,0.2312140923981764,0.0742959545317049,1.5068978046884343,6.658533008731141,2.3524736725554174,0.060202338314634195,3.1313271619835676,0.0006741316034180045,0.010242747573914
C1,200,5.918823621710953,127.10113792307675,1.5399749420431195,0.707354164853388,2.676128333928634,0.007685646096396507,0.2797475122675604,2.7654735591946817,0.0027394633447960473,0.217918085200446,0.07048678698436338,1.5044160254147587,6.429965311167192,2.201261678520514,0.06124790235213479,3.2076499413470834,0.0009413842797331763,0.008496483904346694
S3,1,16.926232162786988,59.4058812581934,12.508073923539142,2.7135765114609076,2.717869456933469,0.00047152659889044505,0.0,12.965360972346092,0.013837065243599365,0.2842217720284754,0.0,0.0,0.0,0.0,0.0,0.0,,
S3,2,16.181454055163325,51.59947990719229,11.889094683588768,2.648848222226513,2.709686279296875,0.0005647308663560115,0.0,12.228943163034867,0.013150087538726476,0.2445311610187803,0.0,0.0,0.0,0.0,0.0,0.0,,
S3,3,14.654519295205874,52.9131823037751,10.714861208078812,2.3384503539727657,2.7061366110431906,0.0010234126696429615,0.0,11.70957865033831,0.013954100027984502,0.26694237151924444,0.0,0.0,0.0,0.0,0.0,0.0,,
S3,4,12.204465301669373,51.7581893093884,8.613403047834124,2.0882743961957035,2.7039146763937816,0.0007028224989676811,0.0,10.484257795372788,0.013613098434039525,0.32063127233057603,0.0,0.0,0.0,0.0,0.0,0.0,,
S3,5,11.230917482959981,53.982364338357,7.796949620149573,1.9799820160379216,2.703838148895575,0.0006532174034984972,0.0,9.875061735814931,0.012426727090258988,0.3209965831162978,0.0,0.0,0.0,0.0,0.0,0.0,,
S3,6,10.292306413455885,53.75776025885716,6.999596323285784,1.8852674717805824,2.698404020192672,0.0006537202612629958,0.0,9.309737954820905,0.012528174214673286,0.3241067936225813,0.0,0.0,0.0,0.0,0.0,0.0,,
S3,7,9.195944455205177,53.783523123245686,6.041927415497449,1.8247865487118156,2.6973950084374874,0.0006078861357420872,0.0,8.334539831901083,0.011944546326234633,0.3476695278469397,0.0,0.0,0.0,0.0,0.0,0.0,,
S3,8,8.714024835703324,52.61426909873262,5.597836533371283,1.7903475493800884,2.6943826383473923,0.0005846281300717015,0.0,8.274418198332494,0.010983833815066181,0.36553629928705644,0.0,0.0668722435223813,0.0,0.0,0.0,0.0,,
S3,9,8.831701084059112,53.23443891108036,5.761117322104318,1.7282956595323524,2.6941617362353267,0.000586053464331246,0.0,8.453203483503692,0.009496290683366207,0.3878106079539474,0.0,0.1352077588743093,0.0,0.0,0.0,0.0,,
S3,10,7.400565225250867,56.822632587049156,4.501104145633931,1.6443674758988984,2.691798292860693,0.0006250858660882376,0.0,7.346854706199801,0.009190789319346753,0.34984063737246457,0.0,0.1984982992313346,0.0,0.0,0.0,0.0,,
S3,11,7.869578040376002,54.41620974428952,4.926872165835634,1.6499809805227785,2.689566062421215,0.0007108550657439806,0.0,7.794660256833446,0.008404906278438106,0.37026077752210657,0.0,0.27092487380212665,0.0,0.0,0.0,0.0,,
S3,12,8.807130735747668,63.101952387951314,5.809461652016153,1.6521099586876071,2.68876415369462,0.0006667508046399346,0.0,8.425611058060003,0.009600399361391152,0.40091823923344516,0.005826634131562041,0.34579583941673747,0.0,0.0,0.0,0.0,,
S3,13,7.769081543902962,61.745482257101685,4.89752078542904,1.6039910438109417,2.6872380509668465,0.0008647417589043248,0.0,7.4316403914471065,0.008621871347862239,0.37987925629226527,0.010911460927858645,0.40802835323372666,0.0,0.0,0.0,0.0,,
S3,14,7.442950423882932,62.507667251862586,4.632055966221556,1.558594516345433,2.686117006807911,0.000748415038343614,0.0,7.21661529735643,0.00880106185962047,0.3749061001806843,0.01638919535112016,0.47694485893054883,0.0,0.0,0.0,0.0,,
S3,15,7.032897190171845,60.90535198431462,4.264179920663639,1.538351603916713,2.682436028305365,0.0008584114598770797,0.0,6.927638983239933,0.008991019177839768,0.35719851206760017,0.020937881774592156,0.5432303754650817,0.0,0.0,0.0,0.0,,
S3,16,7.929827446840247,69.60300812032074,5.086755489816471,1.5587286803187157,2.6818237791256028,0.000703215598169125,0.0,7.570201538047012,0.008813874111795912,0.38493470208985464,0.02900347968905556,0.6252749391964504,0.0,0.0,0.0,0.0,,
S3,17,7.3382269995553155,67.08249721024185,4.399722559111459,1.5014960717181771,2.678105977116799,0.0007307220853827133,0.437102984408943,6.696334926449523,0.007767591777504707,0.3745631009948497,0.031292026216278274,0.6765849213210904,0.0,0.0,0.0,0.0,,
S3,18,8.628458752924082,70.67717897379771,5.479535552920128,1.573392096830874,2.67900529199717,0.0006933587191065736,0.44193593397432446,7.888395275388445,0.009014976705063363,0.3944842249763255,0.04205063601233521,0.7679859740393502,0.0,0.0,0.0,0.0,,
S3,19,7.3372833242221756,66.54037845414132,4.385476090470139,1.4996581466830508,2.679814504117382,0.0008103087531374198,0.43125266870673823,6.754729105501759,0.007245894412186985,0.37939406292779104,0.04458822800340701,0.8209895406450544,0.0,0.0,0.0,0.0,,
S3,20,7.0773694612541975,90.336031652987,4.203822576269811,1.4378091680760285,2.6792868108165506,0.000761251171993814,0.43262115303350956,6.564602954047067,0.007542157574195643,0.3684621349889405,0.05113708341912347,0.8931706669379254,0.0,0.0,0.004831857138256334,0.0,,
S3,21,7.469503524352093,105.78761756420135,4.46530924767864,1.5199651815453354,2.6760756823481344,0.0008632122840119374,0.4206276250128843,6.954436418961506,0.007862547165429105,0.3689071329272523,0.054554691500201515,0.9608660097024879,0.0,0.0,0.009117055712837954,0.0,,
S3,22,5.936561633129509,90.79114627186209,3.2555372496040498,1.3579938338727366,2.6716713759363913,0.0010842782049083474,0.4008770968232836,5.497303427482138,0.006524216412205477,0.3330478132987509,0.05110819778424137,0.9991549618390142,0.0,0.0,0.0125020519944326,0.0,,
S3,23,6.21274099544603,93.07521438412368,3.5161325980205924,1.3431378821937405,2.6728738132788212,0.0009028784089070764,0.3977281074134671,5.708749970611261,0.007056924490714256,0.33841035803970027,0.059007911429721484,1.0670704452358946,0.0,0.0,0.016282469205254196,0.0,,
S3,24,7.677086041898144,90.99732755031437,4.706157720818812,1.4534985167639596,2.665116383104908,0.0009122884500301348,0.4315310917338546,7.086895081461693,0.007507141403929919,0.3807054691168727,0.0796215753166043,1.1828037622023602,0.0,0.0,0.02443516267729657,0.0,,
S3,25,7.7195901335502155,92.33617101190612,4.701216804737947,1.5166295912801002,2.674773221113244,0.000894881103945687,0.40944573891406155,6.858482180809488,0.007841196177261216,0.3830622848199338,0.08683089220098086,1.2512700192782344,0.0,0.13955952014241899,0.026434167516322767,0.0,,
S3,26,6.380825183829483,115.46214328799397,3.6460281099591936,1.3552037842419682,2.669302692218703,0.0010448248952399104,0.40036058790829715,5.743826944000867,0.006449059792319123,0.34653204497025936,0.07889380115939647,1.2821873645393216,0.0,0.2501238687914245,0.029297623023086666,0.0,,
S3,27,8.112083512909559,113.39475244889036,5.055669387992547,1.487962117000502,2.6699209991766484,0.0008864030993320237,0.40811519659295376,7.285825797489712,0.008343472107484633,0.3899341675699974,0.10703165745552705,1.4093302853253422,0.0,0.42601684222416003,0.03499563338653165,0.0,,
S3,28,6.44414158743255,113.0147702130489,3.7262676783970425,1.2929365707903493,2.6644760735180912,0.0011671838541847787,0.4002828506790862,5.991630296317899,0.0068622477998842996,0.35376591767583576,0.09177049006126364,1.4289793481632156,0.0,0.48427240033538976,0.03848372126112179,0.0,,
S3,29,7.552117075238909,112.6177659756504,4.593802599274382,1.4265662760150677,2.6708358988469962,0.0012233706116343715,0.4012777531633572,6.800441435405186,0.007351286495484563,0.3817503871966381,0.11414559428789178,1.532519065603918,0.0,0.6851400520120349,0.04259904819939818,0.0,,
S3,30,5.7654913298937736,108.41213429812342,3.1636142146830655,1.2463099202331231,2.664360017192607,0.0013644864315841803,0.37900829436827677,5.24894734791347,0.0061720024024573515,0.32874318257886537,0.08552387280731785,1.5200681224161265,0.0,0.7355536830668546,0.0415753433290793,0.0,,
S3,31,7.376796167723986,130.36187951872125,4.472197744311119,1.3828588991749042,2.6706245091496683,0.0011739587210527413,0.3852259553208643,6.546006166205114,0.006707321391535961,0.37241129911675747,0.11400566660628027,1.6396901777812414,0.0,0.9462623048801811,0.04592090552406652,0.0,,
S3,32,7.907149397597021,112.34396855579689,4.869061901861308,1.4349371669243793,2.6652326632519157,0.0012812276058402673,0.39003909668143916,7.144210834892428,0.007630632049879249,0.3850014015119903,0.12836979185135997,1.7273362291102508,0.0,1.124675793307168,0.052714969012506156,0.0,,
S3,33,5.863561941652882,112.46200265409425,3.258401065456624,1.2309306057132021,2.6544703415461948,0.0015713285437395455,0.368563246970274,5.188716825173826,0.005749081748499706,0.32976920385749975,0.10958391587649073,1.6638540321466875,0.0,1.0913628522230654,0.051348019581364125,0.0,,
S3,34,6.79530624954068,109.77830749610439,4.0061299095348435,1.3127706136022295,2.666528692050856,0.0014694889008640122,0.3771756777957994,5.928905929837908,0.006561306701992087,0.3555975656728355,0.12914649686034846,1.6978744536030048,0.0,1.3173595545243244,0.0580308915933176,0.0,,
S3,35,4.7145538038137005,112.28334587626159,2.3242596485176863,1.1123421849036703,2.6536765779767717,0.0016494690469105024,0.36505468037663674,4.265213299770744,0.0044593574118097215,0.29183547046719766,0.09893075437570105,1.6124368370795736,0.0,1.1696187817320531,0.05792077710585935,0.0,,
S3,36,6.3497631987746885,129.02673088293523,3.625282799711033,1.2583878636360168,2.661522218159267,0.0014838621626745872,0.36261181381283975,5.707453759349122,0.00612267259299299,0.3411912039226415,0.1325647004556899,1.6769876090847715,0.0,1.4274868624550956,0.06104591492639513,0.0,,
S3,37,7.412148475646973,109.88408501725644,4.4929279088974,1.3520728410506735,2.66689826517689,0.001641498880974036,0.3790017895552577,6.417899540492466,0.006941185603678531,0.37336202300324733,0.14943283826720957,1.7264524138703639,0.0,1.7239431507733403,0.07016958364722681,0.0,,
S3,38,6.14159970380822,115.62490010634065,3.460649766484085,1.2345948280120382,2.6653785462282142,0.001962920710235378,0.3590666852435287,5.379305666806746,0.005722034853236864,0.3318632509635419,0.11757229876761534,1.6500760438490887,0.0,1.662762508100393,0.0653076645899184,0.0,,
S3,39,6.747997571010979,112.87908008694649,3.9637980534105886,1.255305354692498,2.6585556049736176,0.0018169470529347583,0.3749958264584444,5.954594556166201,0.006072260448899196,0.3515426644257137,0.14617501837866648,1.6978247408964195,0.0,1.940856544338927,0.07699598702697122,0.0,,
S3,40,5.214122840336391,110.54361364431679,2.7559461326015238,1.0877226810066067,2.658657657856844,0.002097921798181511,0.350654909197165,4.626083622173387,0.004789602971274634,0.3042169669452979,0.10820058436722171,1.6232938279910964,0.0,1.8020981793500939,0.06997181710844137,0.0,,
S3,41,6.168869159659561,126.9917320618406,3.499160489257501,1.178217426854737,2.6548306796015524,0.0018601906711558755,0.36921290779600335,5.49384876416654,0.005532105032791745,0.33496743379806987,0.12323752760278936,1.6761439503455648,0.0,2.030837263379778,0.08444982919157767,0.0,,
S3,42,5.851375156519365,112.75377959106117,3.2566234226129493,1.1246303502394228,2.6579631007447535,0.0020506080769819722,0.35436269762564676,5.233562491378006,0.005606484858376183,0.32331665255585496,0.12718293846261744,1.6659038748059953,0.0,2.1172976128909053,0.0841202342084476,0.0,,
S3,43,4.891590585513991,112.5856210719794,2.4694402643612454,1.0758842363649486,2.659363255208852,0.0021286222128059753,0.3370096701748517,4.1936447255465445,0.004382172494898646,0.29467655049294844,0.10468989838750994,1.6117298627386287,0.0,1.9997547013419015,0.07603692689112254,0.0,,
S3,44,5.299208767560064,110.03402858274058,2.80207173921624,1.0838190706408755,2.6569299503248565,0.002065223663372976,0.3448278612020064,4.6250516030253195,0.0046156500822541364,0.30011012329130754,0.11145615372426655,1.6273275978711186,0.0,2.2780373972289416,0.08666817167279672,0.0,,
S3,45,5.8764141919661546,116.10824338905513,3.2447450173144436,1.1296553733397503,2.664029043547961,0.002087257251295508,0.3524424232998673,5.182227397451595,0.0053311420405017474,0.33000292857082525,0.12375063053807434,1.6529498562520863,0.3295056102227192,2.473649630741197,0.09071650325643774,0.0,,
S3,46,6.503141845975604,126.77499391930178,3.7403064187692134,1.1820454840757408,2.6624889860347825,0.00207874626194469,0.3629632215110623,5.661021166918229,0.005487925544077036,0.343992996884852,0.14025414780694612,1.6910357888864012,0.715481520915518,2.7949298303954455,0.09351094181136209,0.0,,
S3,47,5.792221633755431,126.75316408229992,3.119373257062873,1.1680052876472473,2.662474890144504,0.0021483375755024657,0.35975623495724735,4.989244169118453,0.005272876849036892,0.3203523253299752,0.12372058128215829,1.6650530294496186,0.9673110538599442,2.6794061904050865,0.09075936332953219,0.0,,
S3,48,5.778366760331757,121.59710079291835,3.148224133618024,1.1067338707495709,2.6649370680049973,0.0021795048972363677,0.3530462414634471,5.012257422719683,0.004969849336740314,0.3251471738426053,0.12370590607122499,1.6651805128370012,1.3361223571154537,2.90365694007095,0.09024380915323083,0.0,,
S3,49,6.636195664503137,115.6563495406881,3.791342850850553,1.2356922930600691,2.664889394020548,0.002015988112900083,0.3595255972171316,5.531720538528598,0.005601614661400719,0.35074840151533787,0.1422619781627947,1.686972053683534,1.7506418690389516,3.0609364971822624,0.09318491215912664,0.0,,
S3,50,6.280495891765672,115.80305183818564,3.5491523876482125,1.1290196520941598,2.660570957222763,0.0018576406962855967,0.3542601180319883,5.384592450394923,0.005552814334954078,0.3424057102933222,0.13749118255717413,1.6851412276832425,2.0419606140681674,2.9909069562444883,0.09265294534211256,0.0,,
S3,51,5.844519172395978,117.20739439409226,3.1852621046864256,1.0789747019203342,2.6643228336256377,0.002133620654622435,0.34896630292036096,5.1143306055847475,0.00520283533545325,0.3277440597208179,0.12825204819744948,1.664714628336381,2.3066269767527676,2.9143198996174093,0.08883689222287158,0.0,,
S3,52,5.49583473010939,115.28562266007066,2.9240023116676177,1.0236517981607087,2.664128610066005,0.00222136686693839,0.3427719248800862,4.783240615105142,0.004786992124852021,0.30806900652087466,0.1210239762250258,1.652423196909379,2.5501862277789993,2.7728036763716717,0.08720078494171707,0.0,,
S3,53,6.076666827104529,122.34307371359318,3.3957737708578306,1.0628226338600626,2.6576710574480953,0.0022027117481730803,0.35511223941433184,5.170369754032213,0.005075879729999115,0.3292850161693534,0.13635747157493416,1.6734415657666264,3.13066857688281,2.9504550330492916,0.09113611166878623,0.0,,
S3,54,5.680383949863668,115.38747445167974,3.025111116925064,1.0716643990302572,2.6655376054802717,0.0022851239004272167,0.3417923821478474,4.819910879037818,0.004717561915250761,0.31859583453256257,0.11750009481091889,1.645313987926561,3.1535046830469247,2.7864943937379487,0.08561286831996878,0.0,,
S3,55,6.169535442274444,118.79781371494755,3.3934525908256066,1.1103668030427427,2.6680292207367566,0.002113575523847486,0.35745604488314414,5.25765442361637,0.005392204601868835,0.33551082319142866,0.134654168419692,1.6870905866428298,3.746690219762374,2.933185939886132,0.09354304453852225,0.0,,
S3,56,5.6415451984016265,116.36942214425653,2.957618103951824,1.0595345935043023,2.6765246002041563,0.0026661615298433725,0.3358250695223711,4.866493066962884,0.005045553690715864,0.3056491817138633,0.11665883683124367,1.6412530431942063,3.7183486004264985,2.799682220634149,0.08209729407514844,0.0,,
S3,57,5.994088907631076,116.41824320424348,3.2398937247237383,1.059210687267537,2.669124121568641,0.002273741725841727,0.3529249417538546,5.233077180628874,0.005285962133155186,0.3179761326434661,0.1314147783025187,1.6741484087340686,4.382526665317769,2.92594127752343,0.09244371334813078,0.0,,
S3,58,6.17390115893617,116.92550450982526,3.38930483496919,1.0847760791681251,2.666828072800928,0.002590889407545138,0.3417822238133878,5.1607226400959245,0.0056696735103899725,0.33647446760109495,0.13262472704661135,1.676124526529896,4.575240310357541,2.931420082948646,0.08733025683584261,0.0,,
S3,59,6.175236551129088,117.20744938636199,3.398074202999777,1.0614461339249903,2.6706130699235566,0.002715840800582165,0.3526879244921159,5.127714938046981,0.0047984776224903,0.3311186603137425,0.1351452943469797,1.6828354718733807,5.258960957429847,2.936981592859541,0.09302187543742511,0.0,,
S3,60,5.4117058004651755,115.56763155478984,2.770563061748232,1.0075619537003186,2.674246680979826,0.003005585848824216,0.32691243868701314,4.489972012383597,0.004546329295333969,0.3034104081440945,0.11386985491429057,1.6324818061322581,5.011069867075706,2.752411662315836,0.08258092106909168,0.0,,
S3,61,5.70297291327496,112.58861145190895,2.9868545726853974,1.0133646373846092,2.6786137405706913,0.003858764380292625,0.3326421571629388,4.825490649865598,0.004820054187914547,0.30499793376241413,0.11945374028719201,1.6499180866747487,5.325690040783006,2.757544824055263,0.08712972951482753,0.0,,
S3,62,6.4830891307519405,137.91707208100706,3.574555906106015,1.1113823846894868,2.6774961899737924,0.002747601255114019,0.3418630370680167,5.3056875175359295,0.005497865557043376,0.3398694344321076,0.1309456150142514,1.6671165495502704,6.217514359221166,3.0186548743929182,0.08704627943890435,0.0,,
S3,63,6.04849962312348,118.76293494272977,3.2229948347928574,1.059554057461875,2.6744215439776986,0.002664301304766737,0.3364612286796375,4.997512021843268,0.004980336404310501,0.32610024724687847,0.12808528147181686,1.6680203019356241,6.3390078155361875,2.902551716687728,0.08531660183655973,0.0,,
S3,64,5.834392333517269,118.5212892042473,3.069734682842177,1.005561786038535,2.674206091433155,0.002990708872319522,0.3463980747120721,4.835123874703232,0.0048675929963569705,0.31214287481745895,0.12196321352099886,1.6571463005883353,6.61790285305101,2.8870434006866144,0.089138835706577,0.0,,
S3,65,5.886968199087649,112.55521440692246,3.0726230253978652,1.0285462214022267,2.6825259753635953,0.0030325297961173083,0.33327000451331235,4.8796301471943755,0.004500860196291184,0.30948953512980015,0.12290351138431199,1.651646273476737,6.861939790297527,2.8714073507153257,0.08825367685331374,0.0,,
S3,66,5.5160508739704985,116.94710618397221,2.827138391076302,0.9442720315894302,2.671964694042595,0.0033728865578732626,0.33224021749837057,4.531195246443456,0.004445203077475712,0.30257635213890854,0.12303639359163995,1.6493896756853377,6.927727864713085,2.815068476054133,0.08614711858788315,0.0,,
S3,67,5.651314253709754,116.15070806676522,2.914281266684435,0.9743961521557399,2.677233112101652,0.003073499091646672,0.3334778383070109,4.523549852322559,0.004567876971345775,0.30715254222860144,0.11142013366429174,1.6308670627827546,7.239754297295395,2.737583245549883,0.08369844114141804,0.0,,
S3,68,5.584681107073414,119.19268416566774,2.806642094436957,0.992971443400091,2.67512415379894,0.0031198210852714826,0.3368919868858493,4.559297466764645,0.004424217853181977,0.30196078669051735,0.11405430277999566,1.6314366350368577,7.288669907316869,2.711475119298818,0.08380661106535367,0.0,,
S3,69,5.76786833879899,116.73006541421637,2.968600702529051,0.9959231189319065,2.6781042643955777,0.0032246075534946,0.32543701754540816,4.628554344177246,0.0045594142682194635,0.30897778667965714,0.11393442658745513,1.6400788511548723,8.013619257479299,2.8553448234285628,0.08100116040025439,0.0,,
S3,70,4.77628620303407,116.78063286002725,2.1948917386483173,0.9046534457985236,2.6711450012362734,0.0036163761254342994,0.31150275651289494,3.8972674316289475,0.003620483130881829,0.2701252434326678,0.09688833523161557,1.5915917328425817,7.342944855592688,2.5222341527744216,0.0743339361280811,0.0,,
S3,71,5.64405691866972,116.74239081703126,2.89046679467571,0.9749695816818549,2.6698079936358394,0.003388036323095938,0.33318281690685114,4.491280526530986,0.004331685824804388,0.30894491836732746,0.11946449307154636,1.6445688593144319,7.971705738379031,2.7377537853863774,0.08502660935022394,0.0,,
S3,72,6.394125578354816,117.21718035917729,3.446827764413795,1.062813404871493,2.6718657065411002,0.0031200606377120607,0.335369347613685,5.114753521218592,0.004833552611003421,0.32870710017729776,0.13439523291831112,1.677941502357016,8.723408193004374,2.8606376331679675,0.08567547471243508,0.0,,
S3,73,5.909381160930711,118.94162227865309,3.0662233245616055,1.0071219509961653,2.6740982094589545,0.0033011240753991417,0.32618077768354997,4.824340338609656,0.004645763186034651,0.3106504076597642,0.12447563216698412,1.6512388891103316,8.44539093484684,2.8452672958374023,0.07880066901597442,0.0,,
S3,74,5.601997030024626,116.22628633398563,2.860557884586101,0.9815536263037701,2.677456101592706,0.0038478333023091666,0.3262075106708371,4.367206876375238,0.004550851730639305,0.3110506513289043,0.11451355390706841,1.635956581757993,7.74883052280971,2.678651809692383,0.0826009209362828,0.0,,
S3,75,5.6773936797161495,117.73346845293418,2.935428161402138,0.9391948969996705,2.6767354887358996,0.003864113170753366,0.32340079211458866,4.6250746481272635,0.004112829028970885,0.3031282729032088,0.12141814238714929,1.6420048718549767,8.04221520131948,2.765893364439205,0.08251687264716139,0.0,,
S3,76,6.02987771618123,120.10020737163723,3.1797644051970266,0.9992499156874053,2.6834269056514817,0.0032378917468512164,0.32716794494463475,4.902800550266188,0.004525352736260286,0.3203127292954192,0.12619685408260142,1.6607450587408883,8.036055866552859,2.8107152520393837,0.08389890596878771,0.0,,
S3,77,5.022931775268243,138.30945795914158,2.443072648072729,0.8803691073339812,2.6792678346439285,0.003581230934918383,0.32349362422008904,3.997916669261699,0.003517604555354967,0.28552899433642015,0.10576859055733194,1.6120726843269504,7.473215453478755,2.6274623822192757,0.07997854783826945,0.0,,
S3,78,6.555058707996291,117.51231211610138,3.5823089820998057,1.0647412635842148,2.6832776118297965,0.0025730336133072303,0.33062030983214474,5.226806526281396,0.005092376911696712,0.33697961757377703,0.1404136387365205,1.6918643129115203,8.700004490054383,2.930299780806717,0.08538636280109688,0.0,,
S3,79,6.326866159633714,114.46314374776557,3.424272752538019,0.9852131483506184,2.676704455395134,0.0036776744789082786,0.33372502363457973,5.301498719624111,0.004830046689936093,0.32848271271403956,0.1344492812545932,1.6898895039850352,8.564794608524867,2.8991132269100266,0.09036347300422434,0.0,,
S3,80,9.029402946939273,115.40951127791777,2.5442480457072354,0.9186753423846498,2.6767669891824526,0.003688504566600052,0.317015351993697,4.297419988379186,0.00390011577377552,0.2858827409087395,0.1085560952826422,1.6178730799227345,7.705768721444266,2.6385937710197602,0.07549674162755207,5.615143162863595,,
S3,81,10.484480127996328,117.70407293224707,3.7370998506643334,1.0386609751351026,2.6835517980614485,0.0030868293326086725,0.34637944278668387,5.328905195605998,0.0053724615373743735,0.3433291340360836,0.13961949754430322,1.6910380295344762,9.091342838443055,3.015308599082791,0.09032598597814842,5.558802809034075,,
S3,82,8.876536398517842,119.83969198679551,2.5849002818672027,0.910152290548597,2.677908571398988,0.0040179295471289705,0.32160975373521145,4.298305900729432,0.004217951826998318,0.29230274503328363,0.1082409894740095,1.6164398728584757,7.727829154656858,2.622538084886512,0.07683585971897962,5.340784491324912,,
S3,83,8.43325999318337,118.99844982521608,2.2229377749014874,0.9048754560704134,2.6807258275090433,0.004137122044215046,0.30967102579924527,3.7366599550052566,0.0035230622838289304,0.2732845331941332,0.10148452001870895,1.5970933096749442,7.194879911383804,2.467450426549328,0.0718228775171601,5.366146710454201,,
S3,84,8.790968836570272,114.8615564731881,2.549706834919599,0.8944852060201217,2.6788899460617377,0.004495758235119569,0.31306556110479394,4.145736397529135,0.003739814591185399,0.2896116868573792,0.10743864450831803,1.6095293371044859,7.797084584528086,2.664711115311603,0.07460389065803313,5.324672514078569,,
S3,85,9.585262804615255,114.32184453867376,3.1761628255552177,0.9586231963975089,2.6788576184486854,0.0036994885535654135,0.33728410638108547,4.9097325655878805,0.004613144506168153,0.3192666008764384,0.12588318551377375,1.6799044852354088,8.597591555848414,2.7806389088533363,0.08772317806676942,5.284378479938118,,
S3,86,8.04590587226712,115.24688358511776,2.0014205818273583,0.8232650452730607,2.6798253594612587,0.004695689142919241,0.3039450152796142,3.5944717149345244,0.003282782570601498,0.2603292884875317,0.09321618627528755,1.584434589561151,6.8835031353697484,2.483228318545283,0.07055975002597789,5.2784238542829245,,
S3,87,8.687472645117312,119.44817638909444,2.598386856366177,0.8611488755868406,2.6771500159283073,0.004900601402053381,0.30460780798172465,4.154318766934531,0.004194476766445275,0.2891428285107321,0.10812207349404997,1.597124381941192,7.66275151895017,2.5801733440282395,0.07040671890183371,5.1512202000131415,,
S3,88,8.097052272485227,117.99395511392504,2.13525684147465,0.8318451302392142,2.677463234687338,0.005001390082595337,0.3014736881061476,3.6655560500767765,0.0033962026152911844,0.2660812577422784,0.0936071090400219,1.5787709002592125,7.114110596325933,2.4685298228750425,0.07093000001445109,5.127762444165288,,
S3,89,8.677602544122813,116.64095709100366,2.538621816708117,0.8866878930403261,2.675776243209839,0.004593865734487012,0.3278820107177812,4.250112994593017,0.0038547458457380383,0.28802088420001826,0.11019742800569048,1.6308500450484607,7.5709860081575355,2.5880972074002635,0.08530737596506975,5.161398196706966,,
S3,90,9.035316321314598,115.52213427005336,2.801150756831072,0.9111092917773188,2.677645036152431,0.004200404814898265,0.3337743136347557,4.512847041597172,0.004401518712628024,0.3030170874328029,0.11539666248219353,1.644126651238422,7.957470757620675,2.7047162566866194,0.08651795462534136,5.197934705383924,,
S3,91,9.79880207412097,115.06101257307455,2.7417132386139462,0.8624382548186244,2.6784670255622087,0.004104941122338404,0.31612859848810704,4.323696163235878,0.004096181490648614,0.29627239065510885,0.11123883199630952,1.6272811865320012,7.910943858477534,2.7090907072534365,0.07660666104330092,6.5270441308313485,,
S3,92,8.98727070555395,119.80875542899594,2.159862039040546,0.8246219632576923,2.67714972398719,0.004378139665017703,0.3085925290170981,3.81053111261251,0.003562110574792462,0.2666170317299512,0.0930258471290676,1.5924455316699282,6.865499292101179,2.5184481971117916,0.07397519576610351,6.377248559679304,,
S3,93,9.614114362366346,116.76835671393201,2.7104264789698074,0.8978193061692374,2.680954169253914,0.004340018479543149,0.32340277396902745,4.239249930089834,0.004043311165759758,0.29545733697560367,0.10644644225130276,1.6269713688869865,7.834570583032102,2.6304604982843203,0.08096333536110362,6.26818186896188,,
S3,94,10.476085293049715,113.77046925295144,3.3644419729101416,1.0228699105126517,2.677593722635386,0.0030822816241903193,0.3546960624505062,5.094980062878862,0.0050016754664414164,0.32915002533367704,0.12531866650192106,1.6876868058224113,8.516008951226059,2.8774903331484114,0.09703544534894885,6.177527291434152,,
S3,95,9.148725246896548,114.16562838107347,2.431320444053533,0.8674043185856878,2.670616578082649,0.0040780264834935145,0.3221637682647121,4.031321153348806,0.0038044369632226167,0.2864195190522136,0.10267849566833097,1.6148833595976537,7.4354831637168415,2.5826625653675626,0.08186964211719376,6.096965575704769,,
S3,96,8.615733915445755,117.50103450892493,1.9993154485614932,0.7985552026301014,2.678678950484918,0.00444820383385451,0.30777587635176523,3.5687064041896743,0.0034274700853845334,0.2568265576751865,0.08578747476698184,1.570755316286671,7.025304044995989,2.4538538650590547,0.07305719692031948,6.161981183655408,,
S3,97,8.687319366299377,120.47976559819654,2.0864721500143713,0.8191827924884095,2.673328239090589,0.004155518759127555,0.31369334124788945,3.566879846003591,0.0034288871767265455,0.2609124691510687,0.08806051462128454,1.5923534485758568,7.241093518782635,2.524629845911143,0.0756682254069922,6.108303284158512,,
S3,98,9.146363530840192,115.7055212710984,2.4741146090079327,0.8848965216656121,2.6785213509384467,0.00388484115935672,0.3227823261095553,3.9837393201127345,0.003661822380345999,0.27725048697724636,0.09638132215762625,1.598909382917443,7.345575673239572,2.669895498120055,0.08111634861905964,6.012751686329744,,
S3,99,9.720365417246915,114.80041228793561,2.926109543260263,0.9303826799198073,2.679085283863301,0.003487830963199578,0.3187261375845695,4.48926055431366,0.004587736645979541,0.30847713472891825,0.10766118407553556,1.6194604635238647,8.10703436209231,2.696111632853138,0.07829079123175874,6.00014591217041,,
S3,100,9.160666251669126,114.01034726435319,2.523933846731575,0.8670767399729514,2.6746274549133924,0.003714798084859337,0.3136394017813157,4.097273434911456,0.0038980742956853795,0.2817311776535852,0.09844291381233809,1.6158202618968731,7.503690291424187,2.5911768528879904,0.07855275984169269,5.961755207606724,,
S3,101,8.865479303866017,115.87244329880923,2.328505577481523,0.8455324854169574,2.6822531807179355,0.003728311151332621,0.3181377114081869,3.945636900103822,0.0038642930140129613,0.2754903575595544,0.09421329306704658,1.6030568030415748,7.260509169831568,2.533704879332562,0.08075047782337179,5.8805831500462125,,
S3,102,9.455695541537537,117.51909588789567,2.7703113641057695,0.9137694032824769,2.677490672286676,0.003577830072145491,0.33658354197229656,4.502045334601889,0.0044808343328459534,0.2909311688676172,0.10649265584592917,1.641997943119127,7.606419631413051,2.6341317551476613,0.09118061375861265,5.862865905372464,,
S3,103,9.770945656056307,118.28924912633374,3.0128483066753464,0.9621745226334553,2.6824076759571933,0.002939477957884914,0.34571415064286215,4.817971377956624,0.004839782401140095,0.3094275578552363,0.11259833191122327,1.6502777483998512,7.900747435433524,2.781757082257952,0.09237098880112171,5.8172692668681245,,
S3,104,9.503758722422074,115.18306777114049,2.9024464153513616,0.9185359715198984,2.669771875653948,0.003776785474489158,0.35070561602407574,4.634219443311497,0.0045177649156599095,0.305862091329633,0.1105467905195392,1.6617840723115571,8.000464069600008,2.6723985988266614,0.0983580771301474,5.699502584885578,,
S3,105,10.266488522899394,114.16751387016848,3.5001887861563237,1.0090534200473709,2.6802676745823453,0.003386829643241814,0.35743117028353166,5.3193522509263484,0.005677600457732167,0.33607264228013095,0.12627698884022479,1.6881914065808665,8.574883071743713,2.90453881633525,0.0982815543455737,5.634798867361886,,
S3,106,8.637711787710385,112.40616698516533,2.2392089415569694,0.798017538931905,2.6774176383505064,0.004028496635384022,0.31065532930043277,3.8757046290806363,0.00358222936973812,0.2670961609300302,0.08833809782351766,1.578236767223903,7.317660691786785,2.5422665951203327,0.07528470886148969,5.767464404203454,,
S3,107,8.390909360379588,115.51157519826666,2.201290472429626,0.7994997750739662,2.680696068977823,0.00451840615798054,0.323833452803748,3.955643707392167,0.003736631083539782,0.26484921331308325,0.09191450104117393,1.5979163573712718,6.995115601286596,2.434342544905993,0.08245957593376539,5.437893789641711,,
S3,108,8.37618959193327,115.48494776012376,2.206435035077893,0.809486637310106,2.6727306648176543,0.00369984332391308,0.32260236721865987,3.8790630941488304,0.0037706622305060072,0.26318030150569216,0.09410982951521873,1.6020144759392252,7.146025570071473,2.4882601353586935,0.08251290996463931,5.414768403890181,,
S3,109,8.218636347323049,111.88894941704348,2.076095315874839,0.7971586700604887,2.6761724608285085,0.004518716439262641,0.2927490275125114,3.5500709888886433,0.003526499737244175,0.2624228736575769,0.08511420324140666,1.5611494536302528,7.011300369184845,2.449762667928423,0.06457158482196379,5.475179672241211,,
S3,110,8.341566046889948,111.66065873904154,2.1499092712694283,0.7821361787465154,2.675643964689605,0.004635296200107479,0.3084765642273183,3.930990857737405,0.0038878691943400366,0.25724402526203466,0.08803645411164177,1.5757706627553822,7.025198654252655,2.422385587984202,0.07626639565034789,5.4776191954710045,,
S3,111,8.259373664855957,112.10216222004965,2.101098145149192,0.7977126082595514,2.682938108638841,0.0044030980403031396,0.3201119948406609,3.758053655527076,0.0036676421586889774,0.2567559508036594,0.08958796206481602,1.5937583470831111,6.975324805901975,2.5197894062314714,0.08360957783855955,5.440018517630441,,
S3,112,7.904612842871218,115.90230249986053,1.8343727710295696,0.7604375487687637,2.679178554184583,0.004851962192630281,0.3027810119852728,3.3451845353963425,0.00310957493861586,0.24018662407690164,0.08184980521244663,1.560952471227062,6.74870135832806,2.40664858234172,0.0722506371307738,5.470446474698125,,
S3,113,8.037602152143206,111.42682404397056,2.0142078612531935,0.8048018338728924,2.6742520380993278,0.004213966139383158,0.3108147899715268,3.5594038866004167,0.0033049386586252675,0.2501040985997842,0.08486210402785516,1.5820611763973624,6.879161562238421,2.4773895813494313,0.07585588682975088,5.2851346171632105,,
S3,114,8.24994742140478,114.90562853217125,2.091927547844089,0.86094460560351,2.6777082803298016,0.004893433457217892,0.3031205659618183,3.6212905742684187,0.003604913661398982,0.26262208332820813,0.08648798896037803,1.5730650473614127,7.156619558528978,2.4711274881752168,0.07047902678652686,5.38363943294603,,
S3,115,7.0472608780374335,110.5084482980892,1.3765268362298304,0.6777708773710289,2.6707844734191895,0.00526428298207418,0.28763463120071253,2.740717806378189,0.0024492277250606188,0.21915556885758225,0.0738239868410996,1.5311026256911608,6.259181003181302,2.214032686486536,0.06436280948014891,5.158931372117023,,
S3,116,7.421812553795016,114.99431255785748,1.5832786061325852,0.7463465977688225,2.6717214243752614,0.005473835143137115,0.2910588408003048,2.9576078933112475,0.0026930850129859634,0.22983541841409644,0.07455140679162375,1.5279313958421046,6.511794168121961,2.2268392188208446,0.0657366013952664,5.25123438543203,,
S3,117,8.03179916070432,111.32297477172688,1.9717052651911366,0.7931147832043317,2.6762758858349858,0.005011666328551209,0.31343651334850153,3.5678842761078657,0.0035001648844181733,0.2528709705386843,0.08734733322445228,1.5827330886101236,6.904380895653549,2.4389971883929507,0.07978384295592503,5.352889581602447,,
S3,118,7.4564323036038145,115.6791624459438,1.6674399898976695,0.7834018791208461,2.6798207516572914,0.005504158697309618,0.2900990542708611,3.0957044727948246,0.002815562117445682,0.2345458290406636,0.07760797691892604,1.5403051254700642,6.587281587172527,2.280604124069214,0.06554596057655859,5.085857761149504,,
S3,119,8.47670451962218,112.80655744299293,2.369391605562093,0.8674668250035267,2.676038527975277,0.004416571486365924,0.3251879747424807,4.1564411989280154,0.004034891077174748,0.2723838674778841,0.09526441683422546,1.6043106658118111,7.277183591103067,2.4978831033317412,0.08442773825812097,5.1692400270578815,,
S3,120,8.216189267684003,114.48145870072767,2.260453330010784,0.8618019235377409,2.675905689901235,0.004961964396322716,0.31399077237868794,3.8726464497799777,0.0037542946852876674,0.26246036132987666,0.09131345076828587,1.5835840653400033,7.100407181953897,2.4915688110857594,0.07848199593777559,5.025079036245541,,
S3,121,7.420936545547174,109.52133423322812,1.7443866273578332,0.7607590148643572,2.6753763374017208,0.005776848509190224,0.2963562732448383,3.196666502222723,0.0029407504199688056,0.23701477689402445,0.07799882875109206,1.532326654512055,6.617835404921551,2.4205332678191516,0.07070238648780755,4.930775695917558,,
S3,122,8.75307323494736,114.49044465599582,2.648881499864617,0.9029001441537118,2.6750160869286983,0.004805379756548138,0.3360491641321961,4.480062489606897,0.004351925960746689,0.28885966843488264,0.1036119558373276,1.6412122906470785,7.728778099527164,2.62293710757275,0.09226828072296113,5.02989725190766,,
S3,123,7.563734181073247,112.00099511491135,1.8276572695800237,0.8047279721620132,2.6804254444278017,0.005283898930540498,0.30092834453193507,3.3654819897242954,0.0032402765604534318,0.23958241148870818,0.07868459615476277,1.5488177051349563,6.758562759477265,2.367180332845571,0.0718037370896461,4.9094410818450305,,
S3,124,7.980638941939996,114.07281980104744,2.1723981417563496,0.8573517683817415,2.6843214667573267,0.004830521213042797,0.3065890520811081,3.7264862218681647,0.0034092842946179466,0.25845407679372906,0.08570444549680972,1.5704189490298837,7.1190126088200785,2.4597456017319037,0.07260785031379485,4.8464544646593986,,
S3,125,7.597408966142304,104.51944057596847,1.8275876641273499,0.7589707587446485,2.6771955003543777,0.006284600375006355,0.30133228247262994,3.3913570034260654,0.003251468133162327,0.24090731721751543,0.08264783807859129,1.5612562310938933,6.650298906832325,2.399660665161756,0.07196481168574216,5.021702873463533,,
S3,126,7.6375328278055,86.97180031891912,2.004099342287803,0.7994577014932827,2.675206588239086,0.0048188741315317776,0.3075206909252673,3.578582162759742,0.0034808522272660224,0.24907618396136225,0.08734633020904599,1.5753060530643075,6.6739528714394085,2.4314946398443107,0.07599436121099458,4.7168256895882745,,
S3,127,7.785012799866346,86.0472991312854,2.020980277839972,0.8052706523817412,2.676175506747499,0.0039788601796465865,0.317623110450044,3.795042766600239,0.0034475871587495263,0.2518999941495,0.09177230511392866,1.599021588053022,6.714447654023463,2.4198966829144224,0.0832789392039484,4.846405608313424,,
S3,128,7.497681997260269,88.94682076200843,1.8281290038507811,0.7795192027578548,2.681938886642456,0.0051347823499949,0.30574577073661646,3.328378420703265,0.003324980457308607,0.24684511763708933,0.08312223342304327,1.5523791799739914,6.732061512616216,2.350882805123621,0.07453372587963027,4.856125734290298,,
S3,129,7.615879993049466,84.12317381100729,1.934694501818443,0.8053567300037462,2.6708162901352863,0.0044093123501717894,0.3116787173310105,3.5732559427923087,0.0034007238145746595,0.24967615154324746,0.0865429334190427,1.578732154807266,6.7355736810333875,2.3429983270411587,0.07898005120912377,4.781434166188142,,
S3,130,7.217113601918123,82.99256705492735,1.7277949050981172,0.7710131418948271,2.6806090218680247,0.0047334943415730125,0.29182262049645796,3.208767774153729,0.0030745605787271825,0.23628871720664354,0.07895250409385379,1.5423794984817505,6.5159483442501145,2.260224398301572,0.06942057974484502,4.636686062326237,,
S3,131,7.0586284131419905,104.86665250919759,1.5636692016708607,0.7144067889573623,2.6743533222042783,0.005106484208301147,0.2887971188340868,2.9551140751157488,0.002773977697313744,0.22583038557548912,0.07236180587538651,1.5236753103684406,6.414268240636709,2.3038638611229096,0.06381601661595764,4.79239422934396,0.001041508481843961,0.013683250131667333
S3,132,8.420965545031489,105.92982420278713,2.593669264900441,0.9027012106107206,2.6751292141116396,0.004592639970835488,0.34113760718277525,4.49172799197995,0.004375483586490914,0.27779471813415996,0.10355044460418272,1.6387673373125038,7.32245025829393,2.7041919985596015,0.0961207493151329,4.621109349387033,0.0022087341558337916,0.01857046229350795
S3,133,6.922049726758685,104.2220763610676,1.5493689909273265,0.7329722186740564,2.6799529717893016,0.005196997940977465,0.2895744397323959,2.903246113232204,0.002844422628000683,0.22724999487400055,0.07317447362049502,1.5300466454758936,6.348723654844323,2.2869646670866985,0.06566615634578832,4.594672412288432,0.0013271719705746344,0.012166190915060762
S3,134,6.915792747419708,102.63995252875611,1.6034254209727656,0.7231333432148914,2.6782614454931144,0.00539955658997333,0.29716699129464674,3.0441932507923672,0.0028804670514453352,0.22845545380699392,0.07499120091753346,1.5361432202008305,6.348189383136983,2.3063437403464806,0.0698206870227444,4.486808767124098,0.001416125294432922,0.009912778946718204
S3,135,7.6443911766519355,103.07840480422601,2.0892967940593254,0.7849262946722458,2.6755426805846545,0.004915665351662176,0.3170073379059227,3.799686772482736,0.0036515974474130007,0.2520059921911785,0.08884403523893988,1.58652105623362,6.875541005815778,2.4033019883292064,0.08305300452879497,4.567533473579251,0.0009494040007284383,0.011738055818564042
S3,136,7.475403445107596,104.4151455629617,1.9322388549240268,0.8472037862758247,2.676652660175246,0.005327885546982858,0.3083559384151381,3.422820427588054,0.0034201884379714957,0.2450150041555872,0.08242624321458292,1.5620222553914906,6.677365624174779,2.386982190365694,0.07505586534282382,4.549847130872766,0.0019475938481376693,0.018294439130325985
S3,137,7.419051063304045,106.46375909727067,1.9229572330202376,0.7575650482761617,2.6777896832446664,0.004874097077028674,0.30170368175117335,3.402245885863596,0.0031616336628034407,0.2442804170506341,0.080191150915866,1.5537696517243678,6.745366427363182,2.4191690415752176,0.06892602058241562,4.617658347499614,0.0011201349182626626,0.007327425589674207
S3,138,7.389031526993732,100.00730627356097,1.9785576921944716,0.8146713315224161,2.679518003853,0.0051749645083743545,0.29729797736722596,3.3670702114397164,0.003077729701359129,0.24702960587277703,0.08144800775513357,1.5614631565249697,6.84452130843182,2.3623148105582414,0.06948805094829627,4.414726398429092,0.0019257462809753295,0.01255516398790099
S3,139,7.343318618073756,103.8071983535774,1.9345636428618918,0.7676765870074836,2.675075487214692,0.005158120156289554,0.3131416969153346,3.581219969963541,0.003478432671708644,0.2430535700856423,0.08616493703151236,1.5765831811087472,6.788146369311274,2.433772692874986,0.08087681473365851,4.4305901089493105,0.0015475871728841118,0.00926749349560405
S3,140,7.0245025936438115,103.35984531603754,1.6442136843593753,0.719764204049597,2.6804929704082254,0.005744184307963112,0.2855338694489732,2.999630297933306,0.0028338427875162463,0.22763605446231608,0.07391017310473384,1.5270050958711274,6.515913788153201,2.266164349049938,0.06332612315154805,4.601331657292891,0.004003713959488606,0.011102598686114348
S3,141,7.088611700096909,102.40320511022583,1.8062001065332063,0.7661912343939956,2.6717384396767128,0.005259807038059154,0.30273970140486345,3.268337142710783,0.0030366842580331985,0.2375236460748984,0.08442990706131166,1.5615298407418388,6.560823936851657,2.2898122388489393,0.07727417403033801,4.3266182481026165,0.0016766388870986962,0.017559680285706477
S3,142,8.199030214426468,103.32336992304772,2.5066595874270616,0.8893825898365099,2.678992903962427,0.004338566879076617,0.32587943667051744,4.337399105636441,0.004275452835029181,0.2731030622915346,0.09671336488456142,1.6131827587984047,7.339084177601094,2.489096780212558,0.08582276102079421,4.481371412471849,0.0010491613893999173,0.01428822543750255
S3,143,6.86586636913066,103.139980123844,1.5831490219855795,0.7156364662306649,2.67757003161372,0.0054398420152767584,0.2882419280251678,3.156347367228294,0.0028699544918894464,0.22902323001501512,0.07631483191282165,1.5435634072946043,6.512011819956254,2.317872696993302,0.06602129659482411,4.42759590732808,0.002005893909955806,0.01079075836004245
S3,144,6.761903402756672,101.94942026212811,1.579167592282198,0.673908169172248,2.672866490422463,0.006235906956432273,0.28435986808368136,3.1101313707779865,0.002612139373941689,0.22381451330622848,0.07493682258895465,1.5372424952837886,6.343271245761794,2.303635937826974,0.06606052112670577,4.357427903584072,0.0010258345532492411,0.009318445878427749
S3,145,7.2633232778432415,106.95738329179585,1.815790312022579,0.7816787824338797,2.6756846710127227,0.0058202400473326595,0.29941906460693907,3.369796501130474,0.0033376534120179713,0.2399463960710837,0.07932561810831634,1.5484335909084397,6.675365389609824,2.317311481553681,0.07197638296959352,4.520647336025627,0.0024268185971204636,0.01635105888435739
S3,146,7.886876232770025,98.35039212182164,2.3596871270208943,0.8951189104391604,2.674504985614699,0.004995937504608431,0.32141515126033704,4.085381357037291,0.00426602014518647,0.2692914443964861,0.09661202280953222,1.603543369137511,7.05838527484816,2.543520363009706,0.08561041126293796,4.294332173405861,0.0002980783480186126,0.009006889628580563
S3,147,7.20093618120466,103.94397413777187,1.9904659962167546,0.7871320709890249,2.6786818990902024,0.005605614874797056,0.3172572793401017,3.6464361694394327,0.0034814034160986847,0.24876846768418137,0.08919563688033698,1.5770142662281892,6.573197345344388,2.4346833350707073,0.08161966375322366,4.094058294685519,0.0013194340956494105,0.010299401528137813
S3,148,7.676939429069052,102.96615074481815,2.327400349840826,0.8425234835975024,2.678253864755436,0.005234287366893485,0.32733300784412694,3.9700287130414225,0.003944398079789719,0.265821176524065,0.09504182081745595,1.6062776385521402,7.086893636353162,2.6070676579767342,0.08794794060593965,4.133953741618565,0.0014865312403833692,0.007952614609686342
S3,149,7.290480701290831,102.27519711572677,1.9397078630875568,0.8103568529596135,2.670420875354689,0.005023499798713898,0.3128692215802718,3.548325301433096,0.0035660431437593487,0.24960047128249188,0.08843740604209657,1.5760845602775106,6.618348802839007,2.4135007639320527,0.07812567165463555,4.294046557679469,0.0012911731564880858,0.009260842023650184
S3,150,6.5383129898382695,104.06561255315319,1.4820808190472272,0.6872233517315923,2.675700304459552,0.005464983467316749,0.28956895732149784,2.923718903745924,0.002660258388032719,0.2209988184729401,0.07336851943056194,1.525600708260828,6.27962859796018,2.2476163032103558,0.06690201779105226,4.194681576320103,0.0020712769351543072,0.014942038252275797
S3,151,6.768715926579067,100.0413695499301,1.7040052724127868,0.7197122519113579,2.6835520364800276,0.0057044577427274945,0.28355917364967115,3.1798441346202577,0.003028484958233502,0.23013764863111535,0.07708262804211402,1.5302252088274275,6.597804176564119,2.3761545200737153,0.0660124477379176,4.0928440629219525,0.0008834117072493028,0.011126919078411188
S3,152,7.16059026912767,102.35034945001826,1.9090835251370255,0.7960564694842514,2.6689119095704994,0.005573184319714807,0.3027197964945618,3.519437772887094,0.003492858389164416,0.24163902596551545,0.0860688398231049,1.5642475984534439,6.634010324672777,2.440453918612733,0.07567355979462059,4.178205806381849,0.0012068905514651333,0.0076331950533539365
S3,153,7.012710561557692,104.41968190995976,1.813237615385834,0.7829403889422514,2.6731541594680475,0.00623997392807612,0.3037297579706932,3.348834598550991,0.0033939700099706116,0.24003098479339055,0.08222106943021015,1.5528544528143746,6.743168169138383,2.3272799521076437,0.07511764837010783,4.159264593708272,0.0013406984335140768,0.011787748125155359
S3,154,6.244350530663315,102.81853345921263,1.2869566110323887,0.6595388273803555,2.676758104441117,0.00628282279203817,0.278593008919638,2.626853346824646,0.0023203896143597228,0.2112098509559826,0.06997254129727276,1.5017279946074193,6.129766775637257,2.1716384230827797,0.06241061812152668,4.163642878435096,0.0006940011477396399,0.013684278994356201
S3,155,6.6345256299388655,104.56857848307118,1.5980279062475478,0.7014207280412013,2.6755774069805534,0.0060391992007439235,0.29305133770923225,3.065353572368622,0.0028290639320217377,0.22816048623347768,0.07846876408676712,1.5361835956573486,6.38546897927109,2.2492431499520125,0.06998267534131906,4.110138664440233,0.000849292804856062,0.010158524989659485
S3,156,6.8569261784456215,101.70556142227724,1.810967291496238,0.7520369005446531,2.6727732930864607,0.005341780978986728,0.3082157756601061,3.4735330756829708,0.0031445560375779717,0.23877914645233933,0.08424501086832309,1.566191970085611,6.426334167013363,2.369931554307743,0.07920895528276356,3.950671071908912,0.0007605779414877317,0.011303322493497072
S3,157,7.01230017992915,101.59197456995025,1.9160003868900999,0.7669494170315412,2.6747334635987574,0.006023225274735263,0.3069286614048238,3.433431333425094,0.0035002478932942816,0.244771986895678,0.08480506778067472,1.5622211767702687,6.739716053009033,2.3543896529139303,0.07785848224041414,4.009429634833823,0.0012397887327185288,0.006487683890912065
S3,158,7.0610895546115175,104.85888130404055,1.9592112211548551,0.8014671571400701,2.6767006601606096,0.005353033193981047,0.3081348763436687,3.527374807669192,0.0034078179564022894,0.24273098640295923,0.08917117054213067,1.5841618387066587,6.608544865433051,2.448118577198106,0.07758850874189212,3.9430407650616703,0.000477633348752733,0.007668607947185332
S3,159,6.724415292545241,102.90677063912153,1.6808060219093246,0.706433502995238,2.677574989747028,0.006793608496378993,0.2836373944063576,2.9442551026538926,0.0029145448364089337,0.2297207977698774,0.0750679317101532,1.5233613228311345,6.445979663303921,2.339235381204255,0.06527276445484283,4.1410055841718405,0.002096728220577955,0.015248891555399626
S3,160,6.9891190139614805,100.37809004029259,1.9401061723426896,0.7692250250553598,2.6715814824006996,0.006243779168675692,0.29764321020671297,3.5738537907600403,0.0034005407318805476,0.24632918500170417,0.08432587331198917,1.562588567636451,6.648156253658995,2.3784240021997567,0.0732852377719721,3.9064097842391656,0.0018550374444436218,0.013296575437732603
S3,161,5.8865600945998215,103.0785050871782,1.2201259641014799,0.6336418840349937,2.678057461368794,0.006764384637567766,0.26982907555541213,2.5117461517149087,0.0021141448654519506,0.20433289177563727,0.06557220794564607,1.490163044053681,5.994074150007599,2.1277986156697177,0.057304139020947775,3.8028283703083896,0.002155790777116081,0.00700173993130898
S3,162,6.523990743014277,101.01609190367162,1.6653179863885956,0.7124443224498204,2.6803737708500455,0.006679021145160101,0.2923724362436606,3.105030761689556,0.0027662774165427046,0.22839083294479215,0.07617195577797842,1.53320147796553,6.511972008919229,2.2512347211643142,0.06652167329222572,3.819939321401168,0.0009722866202429955,0.010063096204508579
S3,163,6.198656889857078,105.19902425911278,1.449208384265705,0.7027143617065585,2.672507130369848,0.006693691123343472,0.2772346373115267,2.724978971238039,0.0023134437719911187,0.2174344972080114,0.0704466029241377,1.5077579191752843,6.298894171812097,2.2170525935231424,0.06086639364307024,3.7719034662052078,0.0005554826455387885,0.012293102183385989
S3,164,6.126358382555903,100.53912865323946,1.2894750529406023,0.6793104951478997,2.6800559929439,0.008034525655343063,0.2617844242830666,2.494656227072891,0.002196503901136659,0.20673391891985524,0.06467878027838103,1.4831152010937125,6.1295042232591275,2.167923469932712,0.05487039928533593,3.9897899773656107,0.0001352680707609823,0.009018690633016673
S3,165,6.924569650572174,101.69157870300114,1.899796141045434,0.8164787736474252,2.6815562345543684,0.006179277278478162,0.3010196424260431,3.4301353855704773,0.0033676781041526273,0.24283964810322742,0.08521178478793222,1.5572003880325629,6.725125410118881,2.376180490668939,0.073372278571585,3.8296443150967967,0.0007657041773732507,0.009784503745266898
S3,166,6.4137111585967395,103.5036587221548,1.6297105757557615,0.7288053637864639,2.6783248648351554,0.006483648783688871,0.2867274412087032,3.008394411023782,0.002880389711282653,0.228174268895266,0.07703234605035003,1.5357098506421458,6.458446687581588,2.2454519125880026,0.06735555704074855,3.71061110496521,0.0017808428065786374,0.00993480528671969
S3,167,6.9109945978437155,101.57888243393973,1.8032910787329381,0.8231297348226819,2.6774001802716936,0.006268267728250512,0.2987908885187032,3.423246349607195,0.003098002382511349,0.23312445106555005,0.08296710720323787,1.558751755831193,6.498881622236603,2.347304419595368,0.07447137326306226,3.9476131614373653,0.0004549100071320523,0.008036008436109262
S3,168,6.1202998355943325,104.53227157192305,1.3125357530554946,0.6398408540657589,2.678099505755366,0.007394624730555474,0.27196600820337025,2.5768904369704577,0.002439177427583431,0.2091654453958784,0.06660122021424528,1.504103531642836,6.1124904107074345,2.0929349831172397,0.058645608967968395,3.984654256275722,0.001625573687454223,0.014624822499441432
S3,169,6.457115489609388,114.24100399715826,1.635936096614721,0.7408984303474426,2.674391104250538,0.00569377502079635,0.29042112249500895,3.103345353992618,0.002751473003014808,0.2339072783990782,0.07733624557755431,1.534662845183392,6.603832536814164,2.2866963075131785,0.0681002707581739,3.725464236979582,0.0019756562797819213,0.015964008273761706
S3,170,6.6785790676973305,102.45135353319347,1.7902672710467358,0.7979765601304113,2.6798655256933097,0.005507999677709969,0.2973813657857934,3.3140052131244113,0.0030818188905107733,0.23731085658073425,0.0829580858805958,1.5479454069721454,6.537308517767459,2.280316318784441,0.07454441003121283,3.6871678147997176,0.001100480574192007,0.006911791090812715
S3,171,6.365105682489824,102.53620612388477,1.547557848448656,0.7013298723162437,2.6701294013432095,0.0062938056083168,0.28347274509011483,2.982032286877535,0.0025875869038400755,0.2202001642815921,0.07443383978489711,1.523055064434908,6.3102511094540965,2.303404134147021,0.06585508372102465,3.8126709290913174,0.0008080777768765823,0.009311863107406717
S3,172,6.337180930740979,102.20090209506452,1.6069732521261488,0.7017334845601296,2.673329562556987,0.006098296486164386,0.2933394775098684,2.944709209155063,0.0027643861023386065,0.22655538454347726,0.07811607933622233,1.5367188137404773,6.278658477627501,2.3165084293910434,0.06922787435504855,3.6887232770725173,0.0016180501946506324,0.017399429621335987
S3,173,5.881666417024573,105.69361385097727,1.2373174763455683,0.6593152242047446,2.680364029748099,0.006903175901317475,0.25848724769086256,2.4651134652750835,0.0019336833632836233,0.2026280803339822,0.06303753821673441,1.4761547142145586,6.071912658457854,2.121108738743529,0.05372138433538529,3.744310743954717,0.0005236941047924375,0.007835183490899499
S3,174,6.480487930531404,115.63189596356824,1.6378659095082964,0.7309812623627332,2.675041140342245,0.005918483056213555,0.2868542741147839,3.1495825319874045,0.0031842761405753164,0.22522905499351267,0.07671762516303939,1.5307446742544368,6.447271648718386,2.277132333541403,0.06732665416689551,3.7623204528069008,0.0013329722195685903,0.009625153787909563
S3,175,6.337198379088421,100.42965555982664,1.5346742631221304,0.6773557510911202,2.6723448597655004,0.006056379980041778,0.282513789376434,3.0172078731108685,0.0028729438318452817,0.2222485031400408,0.07808125528449915,1.5420841027279288,6.292968701343147,2.265681874995329,0.06556900024262009,3.8158203679688123,0.0014508523283750178,0.009699211270140505
S3,176,5.7852082398473,102.92346238391474,1.1995314511717583,0.6510775928594628,2.676517608214398,0.006229167688894561,0.2670988349282012,2.448534973421875,0.002221700787955268,0.20583724519427943,0.06296282854615426,1.4813931693836135,6.0983386818243535,2.110913013925358,0.055892939299192965,3.6746344031119835,0.000637120628153655,0.007929726935530273
S3,177,6.537935364003084,102.78067738516256,1.7435200399890238,0.7418210445618143,2.679205072169401,0.0062172003304205685,0.29177062243831403,3.1829050329266764,0.0030490816594576655,0.23144971716160678,0.08060806396664405,1.5424446743361804,6.548220488489891,2.3821161693456223,0.0690497357056153,3.662966844986896,0.0010758010021611577,0.012311998788186894
S3,178,6.567528101862694,100.14762334991246,1.7259307211759138,0.7521500599627592,2.6725743936032664,0.005888222708433334,0.29902998798963976,3.3577609755554976,0.003046138244158379,0.23200652763551596,0.08380545067543886,1.5542651560841774,6.462705291047389,2.352662035397121,0.07201829579259668,3.678770060441932,0.0011069484692668237,0.012393657471819803
S3,179,6.408755482459555,117.34888340905309,1.6144865970222317,0.6751480862802389,2.6733349634676564,0.006705864026135176,0.2870208952499896,2.9996784968035564,0.0026924726767085343,0.22586804719603792,0.07825502004398376,1.5315092753390878,6.350860478926678,2.194238008285055,0.06962142694665462,3.8106091363089427,0.0011607290426841315,0.008491482901226102
S3,180,6.071694223248229,103.97349681286141,1.3966252146934977,0.6772564643499802,2.6710203959017385,0.006011527547213648,0.2757872884370843,2.8907066814753475,0.002491012120878381,0.21679126212791522,0.07150576111613488,1.5191627765188411,6.099805403728874,2.196927763977829,0.060600263807846576,3.662743957675233,0.0010643456514510977,0.011700112916955453
S3,181,6.089877892513664,107.72277334425598,1.4823784828186035,0.7138625681400299,2.672861945872404,0.0066262948284001675,0.2814093113553767,2.8737568672822444,0.0025954186929418345,0.21693734763836375,0.07302695949923019,1.5165999860179669,6.145681605047109,2.2677930690804304,0.06396502807584344,3.5112809721304448,0.0006780906009681491,0.012143185722379712
S3,182,5.943952322006226,107.16326215537265,1.3432826144354684,0.6795058858637907,2.6734830360023345,0.0069636978132992374,0.2722466378187647,2.615988087593293,0.0024855720160359145,0.21026273102176432,0.06829888244368593,1.4946857666482731,6.198542049952915,2.213088322658928,0.05966579594782421,3.6143498761313304,0.0005897215340696988,0.007922889821420354
S3,183,5.703714039860939,109.74907228862867,1.2805979257943678,0.654865466210307,2.674275709658253,0.006749685093456385,0.26842069595443957,2.563572128816527,0.002300152829515615,0.20560708094616326,0.06562641696358214,1.4892297083017778,5.97768665819752,2.182423219388845,0.056584756612321555,3.403834192120299,0.00046878976561854366,0.010790630732859723
S3,184,6.6969068001727665,118.15319522889331,1.8957150184682436,0.7644750238681326,2.675439197189954,0.00694121600708411,0.29625625817143186,3.5119226617472514,0.003135890116658518,0.23883289463666021,0.08420976855773099,1.5650886394539658,6.608792480157346,2.394603600307387,0.0727468687394748,3.5619640496312357,0.0012320140899469592,0.008069079762658382
S3,185,6.653947178198367,106.3912278371863,1.8883602594842717,0.7842643522486394,2.677882749207166,0.006978187547005922,0.3036801124713859,3.573868593391107,0.0035229424093089694,0.24113383980429903,0.08387709967792034,1.5506795547446426,6.556920333784454,2.3564989664116682,0.07424883457014755,3.4652478208347244,0.00041702091320619923,0.00603502583984367
S3,186,6.022008769366206,107.94010991882533,1.3746043863345165,0.638537022532249,2.671477745990364,0.0069874612239132425,0.27844043410554226,2.6187361716007698,0.002349028729106661,0.21375096300426794,0.0701870389890914,1.5021651034452477,6.127645005985182,2.0979146105902537,0.06270199289963561,3.7434306485312328,0.002050002557814394,0.011689445639599306
S3,187,5.7557481989568595,104.94614495104179,1.280400000968758,0.6815614566511038,2.674583318282147,0.006374599806470226,0.2684543455133633,2.665612679963209,0.0022915779032069736,0.20505571699872308,0.06705277333302158,1.4924734782199471,6.077453418653839,2.1830933726563746,0.057461886837774395,3.416191431940818,0.0012880296992476565,0.01317389395805493
S3,188,6.151973145348685,107.72588715190068,1.5917745735876414,0.7109696907656533,2.67079572774926,0.006007095726387461,0.28572545884823314,2.8537479465713305,0.002607632167085712,0.22595053424640577,0.0759496916161508,1.527298462634184,6.242739638503717,2.2925820010049,0.06718499635403254,3.449875836469689,0.0011910525518365024,0.0058883283651196
S3,189,5.692672291580512,118.796018502675,1.2363209912971573,0.6335221334379546,2.673992429460798,0.007085730126887864,0.2696796594833841,2.4600620373171203,0.002238783245901482,0.20310524501362626,0.06704733231846167,1.4927850986013607,5.9886563164847235,2.1585585462803745,0.057677616669359257,3.5080679290148677,0.0016980727121162374,0.010150072075164792
S3,190,5.340909875169093,105.8729583718814,1.0935356545509125,0.6050911138252336,2.6736025907555403,0.0070954618086962375,0.25480800410922694,2.228083913119472,0.0019108761833714588,0.19559243868808357,0.06070557172049065,1.4688307484801935,6.060553200390874,2.0728665711928387,0.04990107123264853,3.3006768348265667,0.0005252211749379108,0.011944692684539628
S3,191,5.892956256866455,106.23112097522244,1.4354765244892664,0.671498988355909,2.6681225640433177,0.007851213903691411,0.2765318061016044,2.7077685606722928,0.0025621633673780504,0.21526205509292837,0.07148452224780102,1.5075141410438382,6.114056577487868,2.2557718632172565,0.06283778636431207,3.395670443165059,0.0009526980079748896,0.008397963818665909
S3,192,6.345462429280183,107.06263533513993,1.674063159494984,0.6785231767868509,2.670021864832664,0.0075051281770467946,0.28095365148417806,3.137888873110012,0.0028699475075640926,0.22507277435185957,0.07686654485914172,1.5325846623401254,6.514607273802465,2.374980140705498,0.06535148282288289,3.592642360804032,0.0005758986377312498,0.007167443514961225
S3,193,5.987155379081259,106.33137219119817,1.4643517738702345,0.6778475459741087,2.66875205721174,0.006359899477149379,0.27774278545866204,2.8464522337426943,0.002843732197236802,0.21742833512169973,0.07061717203077005,1.5069716876866865,6.262942761790995,2.2679301767933127,0.06267370317815518,3.4484094405660826,0.0007134892838565915,0.008015702839708067
S3,194,6.248822679325026,115.87275040103123,1.5920226418850374,0.7480109887463706,2.671285016196115,0.006460172199045441,0.28879061158822505,3.0311807278467686,0.0028135635392925683,0.22463791102779154,0.07615471042084451,1.5249098709651403,6.3549851981961,2.2813865165321197,0.06657267559547814,3.4946492545458736,0.0004625970448246938,0.00806333538789009
S3,195,6.1003216480722235,113.29358927998692,1.658623718181435,0.720284848797078,2.6720861950699164,0.006985056117219775,0.2958448690419294,3.1399479788176867,0.003194023025274391,0.22865439799367165,0.08004142746937518,1.5446446671777843,6.278408449523303,2.275452219710058,0.07173664255865983,3.191764009242155,0.00022241338388635874,0.011566682280842115
S3,196,5.476686949632605,107.78126510884613,1.1567672059244039,0.6544178633057341,2.6730574345102114,0.0073540153347754055,0.2689474526108528,2.4381590412587535,0.0022336465035736257,0.20099657348224095,0.06484028434723008,1.4810920905093758,5.991817279737823,2.1283374197629032,0.05575069564641738,3.2832222228147545,0.0013988574930803798,0.010908327718643519
S3,197,6.124230311841381,104.57447268627584,1.5333401360073868,0.7571629936597786,2.675260451375222,0.006979979543794631,0.28668136073618516,2.9993758049546457,0.002908095430846478,0.22093106958330894,0.07485626044930244,1.5203830733591197,6.254876808244354,2.23537400547339,0.06720249029826753,3.3910744920068856,0.0007763166612466314,0.005102078348708884
S3,198,6.285006751819533,106.29318314511329,1.650938403849699,0.7522041913197965,2.6747930633778476,0.006955513779349549,0.28847422131470274,2.92285711120586,0.0027786345510358674,0.22824875949596873,0.07238560580477423,1.5177417969217106,6.291232576175612,2.3061341801468207,0.0664761798190219,3.479347428497003,0.000232701558538955,0.01064450983837597
S3,199,6.104597991826583,105.58062960021198,1.596285028421149,0.6971157929118799,2.6775003550003986,0.00678216765589575,0.27522692722933634,2.8954741741929735,0.002787977757291127,0.2245065734094503,0.07050451453851193,1.4933107434486856,6.502267487195073,2.2779465913772583,0.05888406681467076,3.3818231115535813,0.0012249736365872047,0.010099887942942587
S3,200,5.946691624972285,123.2891848529689,1.4474784477936977,0.6931188136947398,2.673294242547483,0.006607282879448743,0.2782396683279349,2.652784524219377,0.0023632612006919346,0.21368057934605345,0.07120422159834784,1.5032801409156955,6.214727479584363,2.1715294317323335,0.06149656158320758,3.4355954588675988,0.00063593930377888,0.00921091151302771
B8,1,16.92694749637526,77.60584344016388,12.508807065535565,2.7134795091590105,2.718063952971478,0.00047161689322745923,0.0,12.965750460722008,0.01384060387024466,0.284296878138367,0.0,0.0,0.0,0.0,0.0,0.0,,
B8,2,16.1725428639626,71.59695165744051,11.886273481407944,2.6426607929930395,2.7097859528599955,0.0005751381834911904,0.0,12.229829710357043,0.013159076683223248,0.2449479382865283,0.0,0.0,0.0,0.0,0.0,0.0,,
B8,3,14.636347945855588,73.99186520418152,10.70591891541773,2.329131778405637,2.7058281947155387,0.001001266735292287,0.0,11.711629069581324,0.01400760070857953,0.26678011764068993,0.0,0.0,0.0,0.0,0.0,0.0,,
B8,4,12.212324473322655,72.01245279191062,8.62561710513368,2.081853744935016,2.703714059323681,0.0006964965723454952,0.0,10.5105382958237,0.013757781011565608,0.322797385405521,0.0,0.0,0.0,0.0,0.0,0.0,,
B8,5,11.24833260750284,76.38003111211583,7.8096248762948175,1.983667821300273,2.7029814282242133,0.000656555902108322,0.0,9.890746136100924,0.012494088397646437,0.32305072460855755,0.0,0.0,0.0,0.0,0.0,0.0,,
B8,6,10.307720067549726,74.92939522210509,7.013807228633335,1.8832423030113687,2.6977651119232178,0.0006303482383670172,0.0,9.352163421864413,0.012521502770939651,0.3213738799095154,0.0,0.0,0.0,0.0,0.0,0.0,,
B8,7,9.222721917288643,75.64088691119105,6.063291744310028,1.8294502618361492,2.6964938154025955,0.0006023296116428374,0.0,8.34675880354278,0.012059077202361457,0.34400198167684126,0.0,0.0,0.0,0.0,0.0,0.0,,
B8,8,8.752555049195582,74.28576027601957,5.625824967209174,1.7954276775827214,2.69386608746587,0.000565846687318206,0.0,8.344310312855,0.010995674897365424,0.3657724236955448,0.0,0.06674838164935307,0.0,0.0,0.0,0.0,,
B8,9,8.889648213678477,76.34958991175517,5.812303771778029,1.7328067871989037,2.6930660228339995,0.0005771248952998798,0.0,8.484579816156504,0.009846866121325565,0.3881910437223863,0.0,0.13498554622032205,0.0,0.0,0.0,0.0,,
B8,10,7.453191844784484,76.97604400431737,4.533724220431581,1.6559203035977421,2.6905477436221377,0.0006005048216676948,0.0,7.455890597129355,0.009476284068838065,0.3542163852526217,0.0,0.19888593682221004,0.0,0.0,0.0,0.0,,
B8,11,7.898315741091358,77.1344209020026,4.949768309690515,1.6595470686348117,2.6880472290272617,0.0006867300672100249,0.0,7.75300609822176,0.008580268398687547,0.3690968028136662,0.0,0.2702116744250667,0.0,0.0,0.0,0.0,,
B8,12,8.944512435368129,94.55806043511257,5.9313503625441575,1.656547176594637,2.688026880731388,0.0006759071307451635,0.0,8.567216746661128,0.009531794781131404,0.39725419757317526,0.005673528254526306,0.34337504968351246,0.0,0.0,0.0,0.0,,
B8,13,7.883439171070955,91.41480587609112,5.002629825047085,1.5973037602950115,2.6855490304985823,0.0008496987545501669,0.0,7.636536131099779,0.008929889748937317,0.37719522325360044,0.01060545971921208,0.40663378518454885,0.0,0.0,0.0,0.0,,
B8,14,7.5732680632143605,93.55200241692364,4.7526160162322375,1.5569745399514023,2.6832223717047246,0.0007442658635245978,0.0,7.367792314412642,0.00890334237994132,0.3754178163956623,0.016519859357147802,0.47652868652830316,0.0,0.0,0.0,0.0,,
B8,15,7.070531747779068,90.39705204730853,4.2941237396123455,1.5461940570753447,2.6812331043944067,0.0008542987405754891,0.0,6.930157048361642,0.008643982242982911,0.35773969426447033,0.020816635264425863,0.5417946187817321,0.0,0.0,0.0,0.0,,
B8,16,7.950898043963374,92.6869166539982,5.09752066281377,1.5667699794380032,2.6801575154674295,0.000681363065472842,0.0,7.6040003153742575,0.008771203130445614,0.3840635662176171,0.029378661429699585,0.6244191892293035,0.0,0.0,0.0,0.0,,
B8,17,7.437540132172254,102.91507523832843,4.478397208817151,1.5182549588534298,2.676461107876836,0.0007247440481311356,0.43587445117989365,6.733652207316185,0.00778320142334061,0.3776805042004099,0.032067570949391444,0.6799902283415502,0.0,0.0,0.0,0.0,,
B8,18,8.741071087973458,103.84489089623094,5.581798052301212,1.5569434749836824,2.6786752282356727,0.0006799619010535582,0.4404492597190701,8.12698078642086,0.00871067096441224,0.39950305345107096,0.043744350156309654,0.7722473752741911,0.0,0.0,0.0,0.0,,
B8,19,7.421808583395822,103.33602642267942,4.4712352095818035,1.4886392817205312,2.6765835285186768,0.0007956582979817057,0.4293456260038882,6.848252904658415,0.007177632430340259,0.38014915098949353,0.045363733126800886,0.8242392758933865,0.0,0.0,0.0,0.0,,
B8,20,7.150858553088441,150.1986164948903,4.27745178767613,1.4347382832546622,2.6777717872541777,0.0007349019950346033,0.43210695471082416,6.592997507173187,0.007958396846352488,0.3726498417708339,0.052444941003103644,0.8958169684118155,0.0,0.0,0.0048384996349638216,0.0,,
B8,21,7.5448669511444715,220.24580444628373,4.5370297675230065,1.517189969821852,2.675259930746896,0.0008826254423332343,0.42149231567674755,7.011074625715917,0.00781965324161004,0.37482572696646865,0.05653482968253749,0.9668931024415153,0.0,0.0,0.00926263653198067,0.0,,
B8,22,6.0325453476029995,219.85986488498747,3.32476806640625,1.3632977592701814,2.669993765500127,0.000983692894806154,0.40665815740215533,5.688166793511838,0.006409793759563139,0.3401183151468939,0.053260207176208496,1.004145773089662,0.0,0.0,0.013014867711736232,0.0,,
B8,23,6.257449150085449,227.91929317405447,3.5546438645343392,1.3410493719334504,2.669938476718202,0.0008889281028187929,0.4009126224079911,5.785479949445141,0.00693760308132944,0.343562972788908,0.06074768449274861,1.0744910021217502,0.0,0.0,0.016865613319131792,0.0,,
B8,24,7.629460149881791,215.08445000089705,4.674475801234343,1.438280421860364,2.665651846905144,0.0007756057166261598,0.43634338950624274,7.075062411172049,0.0076990596028234885,0.38716934712565676,0.08282630054318176,1.194357341649581,0.0,0.0,0.02548531727979378,0.0,,
B8,25,7.7176215454023716,221.13057775888592,4.709959949765887,1.5016364686343135,2.6718884779482472,0.0007884410133927452,0.4125980801728307,6.89937551654115,0.007905275779491176,0.38879367648338786,0.08900555154802847,1.2590184309044663,0.0,0.1402674113609353,0.027029543202750538,0.0,,
B8,26,6.513005791878213,226.59366324637085,3.7612260458420734,1.3583045151768898,2.6673142472091986,0.000957486411254872,0.40300504954493777,5.865251920661148,0.0066304492136957695,0.35284743077900943,0.08100639238041274,1.2938083434591487,0.0,0.2513704981122698,0.029635904318824107,0.0,,
B8,27,8.04795720625897,224.71624632412568,4.999398377476906,1.4905950025636323,2.6685963066256777,0.0008302194562892676,0.4059446679086101,7.195640607756012,0.00802319659376327,0.39360305180354993,0.11159870416230085,1.4184359458028053,0.0,0.42002021110787685,0.03543078671304547,0.0,,
B8,28,6.61510283606393,219.54408562509343,3.872576037231757,1.2914239703392496,2.664901164113259,0.0011236488157455639,0.39657897730262914,6.216764975567253,0.006919884293967364,0.35372967987644427,0.093219664023847,1.4294331292716824,0.0,0.499523255898028,0.037817792016632705,0.0,,
B8,29,7.572521063746239,216.44448946462944,4.593655583809833,1.4507297970810715,2.6699204639512666,0.0011351369888574,0.39593212154446816,6.771431375523003,0.0072223669279138656,0.38001004165532637,0.11522928716576829,1.53635451015161,0.0,0.6831187228767239,0.04194907311882291,0.0,,
B8,30,5.793566158839634,218.07632871204987,3.1888364188525142,1.237730293857808,2.6629222655782896,0.0013515647445515521,0.37814427577719395,5.3483403604857775,0.0060560556214150725,0.32877780618716257,0.08695815343941961,1.5272100117741798,0.0,0.7305151394435337,0.04193516790258641,0.0,,
B8,31,7.512663928829894,221.75964009109885,4.570739982079487,1.4073909058862804,2.6675410805916298,0.0010956358660501903,0.39316544970687556,6.653497535355237,0.006935680308854397,0.3816209937236747,0.12012772535791202,1.6619406281685343,0.0,0.9510017548288617,0.04921934396332624,0.0,,
B8,32,8.000864797708939,220.00895272009075,4.953317667756762,1.4326391305242265,2.6653947489602223,0.0012746457690883865,0.3932958458151136,7.2349236790014775,0.007615296897117277,0.39451649359294344,0.1389780696861598,1.7524347889180085,0.0,1.1390620226762733,0.05536782418434717,0.0,,
B8,33,5.877712522234235,218.44110374804586,3.2533923874095994,1.244741073676518,2.6549485751560757,0.0015373072219889003,0.36725565791130066,5.23295673545526,0.005826818835161322,0.33184063465011365,0.11210067851506934,1.6656999515027415,0.0,1.0746198929086024,0.05156678295865351,0.0,,
B8,34,6.816194417525311,216.36254855198786,4.033492752483913,1.2929976570362947,2.663283143724714,0.0014371570064306107,0.3749016128024276,6.046738770543312,0.006613306328179125,0.35793776445242825,0.1337887446339033,1.7011820661778352,0.0,1.3161198545475394,0.05758919217148606,0.0,,
B8,35,4.815592902047293,222.18419601907954,2.4186937614363067,1.1013777706087853,2.653954437800816,0.001715610964979254,0.36659726135584775,4.408780287723152,0.004726592719801987,0.2949439427074121,0.1003755835094014,1.6183229757814992,0.0,1.1651040023686934,0.05839925145312232,0.0,,
B8,36,6.522404008982133,220.09066083701327,3.7495755066677017,1.2821071768293575,2.6627813115411874,0.0014361362803040777,0.3727087141299734,5.898300078450417,0.006203267145996952,0.3514194683152802,0.140935623904272,1.7017222740212266,0.0,1.4476414955392176,0.0664706819367652,0.0,,
B8,37,7.49311173205473,221.3671742938459,4.546852636093996,1.3558716019805597,2.666022320182956,0.0015009230653736361,0.3797582333185235,6.6059330701828,0.006922206066890943,0.3782133831053364,0.15404433232485032,1.740610889026097,0.0,1.7385672574140587,0.07310113801183749,0.0,,
B8,38,6.140768075475887,226.41377223981544,3.453008922995353,1.2447922181109994,2.6638248404678033,0.0016428091372030654,0.36401817202568054,5.350198594891295,0.005640781890809992,0.33979446577782535,0.12396208500983763,1.6649265264978215,0.0,1.6538849533820639,0.06942732411683822,0.0,,
B8,39,6.790960886040512,221.44838295970112,3.989235689445418,1.2521817051634496,2.659129201149454,0.001586548922873311,0.376748371489194,6.114518817590207,0.005999501887233738,0.3572584792059295,0.15264135120170458,1.7185577835355486,0.0,1.940046942963892,0.08144058902957002,0.0,,
B8,40,5.313275132860456,219.50190649926662,2.81582379827694,1.1124139415974519,2.657432677794476,0.0019684914090879716,0.35034686691906985,4.741382725384771,0.0049332869714316056,0.3083213330531607,0.11512938940099307,1.6402388154243936,0.0,1.8021626788742688,0.07277329235660787,0.0,,
B8,41,6.29869776355977,218.83022986957803,3.594459683311229,1.1958820771197884,2.6558681896754672,0.0016420911231353804,0.3754227909506584,5.618869934763227,0.005530514811374703,0.3414467627904853,0.13055725114382044,1.6940693003790719,0.0,2.0576953401370925,0.0887610623422934,0.0,,
B8,42,5.953897398345324,221.43873812118545,3.314466493470328,1.1503339713933516,2.656463233792052,0.0019204883191173859,0.3562141006090203,5.3840983911436435,0.005769224545196155,0.3278508554307782,0.1300429361967408,1.6770780889355406,0.0,2.1044609692631937,0.08600092261117331,0.0,,
B8,43,4.903849207625097,220.23130391165614,2.481569758483342,1.0680799970821457,2.6594189332456004,0.0019546279488297713,0.3385862720255949,4.253749482485713,0.004356447787841364,0.29646444351089246,0.10598631955835285,1.620133215067338,0.0,1.9884257316589355,0.07763482979973968,0.0,,
B8,44,5.3689591008789685,220.37310625379905,2.84867068699428,1.0892989124570573,2.6530242550129794,0.0020154502411486998,0.3435009924732909,4.767769864627293,0.004574857887393814,0.30341869988003556,0.11639923298237276,1.6388651813779558,0.0,2.3043148639250775,0.08648015763990734,0.0,,
B8,45,6.082531919284743,231.08374348515645,3.4080470240845973,1.1417839977206017,2.6568678155237313,0.0019618633386740765,0.35085393275533405,5.431133382174433,0.005647969351397181,0.33549793399110134,0.1262283528945884,1.6646042575641555,0.3344663104840687,2.5106372152056013,0.088898097069896,0.0,,
B8,46,6.460813770488817,235.40537971118465,3.6952412760987574,1.194056869769583,2.6569923673357283,0.0018260688814976044,0.363192579271842,5.597843848929113,0.005707960198063175,0.3466704506046918,0.14350183391753507,1.7074621550890865,0.7066947209591768,2.797937334800253,0.09550294074781086,0.0,,
B8,47,5.766384139352915,237.0684919403866,3.0764495766892725,1.1833780140292889,2.6616856176026014,0.002013779546452534,0.35674721610789395,5.005706208092826,0.005538385173743021,0.31953349101300144,0.12475428426144075,1.664292751526346,0.9664009554045541,2.6586045707975114,0.08986013283839031,0.0,,
B8,48,5.753369730346057,237.14263702509925,3.119546499787545,1.119720999075442,2.6614275124608255,0.0020095493141989397,0.3515150595684441,4.952823714334137,0.005117961449063934,0.32465667079906074,0.12516913912734207,1.6678660499806306,1.3057443207624007,2.835597719464983,0.08972174347359307,0.0,,
B8,49,6.753330741609846,234.67534526530653,3.8936665678510862,1.228408936335116,2.6623040316056232,0.0020460500263095815,0.36061882364506626,5.697670106985131,0.005696759923902929,0.3549871411250562,0.14651917597773123,1.6973479256338002,1.7627659452204802,3.107430406979152,0.09486834176492934,0.0,,
B8,50,6.369534769836737,234.35851752199233,3.6072852380421696,1.1550280828865207,2.654443920875082,0.0018780907109375016,0.34808155164426685,5.433768038847009,0.005712354524840354,0.3437272182532719,0.1416092159948787,1.6873442299511967,2.104404483522688,2.9768614160771274,0.09064166719207958,0.0,,
B8,51,5.910898393514205,227.38859463576227,3.2261530659636675,1.102058534719506,2.6603520257132396,0.002112304325552885,0.34661093901614753,5.1394719761245105,0.004815148237180345,0.32889849646967284,0.13021131141149267,1.6663349185671126,2.3462513198657913,2.9223971561509736,0.08815960943394778,0.0,,
B8,52,5.546234354680898,235.44217383302748,2.966046563824829,1.0260310428483146,2.655617193299897,0.0022980341223325126,0.3468886960525902,4.840545466967991,0.0048283422080685895,0.31260555222326397,0.12209841023598399,1.6588057620184762,2.588532486740424,2.7953183529328327,0.08884809972072134,0.0,,
B8,53,6.111462996930492,234.03278943290934,3.4107893413426926,1.075279947446317,2.65277623157112,0.0022344574972521514,0.35224249837349875,5.233844834931043,0.004897416277066329,0.33006157558791493,0.1362853505629666,1.6749693641857224,3.115381956100464,2.984783705399961,0.09148021551723383,0.0,,
B8,54,5.805624377970793,233.9761728812009,3.114499475274767,1.0907594269635725,2.6575858009104825,0.00205320810301619,0.34184639368738445,4.952985211294525,0.0048441571202509255,0.3237548139022321,0.12085191274479944,1.6594026550954701,3.1701367387966233,2.795760222843715,0.0874098003366772,0.0,,
B8,55,6.110462928304867,234.15556018520147,3.3363975335140617,1.1179925069517018,2.657951846414683,0.0021729940667775775,0.3561528805567294,5.211463054832147,0.005383449601845777,0.33627330557424195,0.1381877437233925,1.695996116618721,3.7197041511535645,2.901010041334191,0.09418508973048657,0.0,,
B8,56,5.642846628111236,232.84642009809613,2.956046427999224,1.062635290379427,2.6682844113330453,0.002664216421663343,0.33989900198518014,4.878328676126441,0.004776985925023577,0.30865028105220016,0.11990402258780537,1.6541128912750556,3.718546487847153,2.8078157804450212,0.08762014927152469,0.0,,
B8,57,6.06123982157026,233.08764024777338,3.2760009376370176,1.0836403321246713,2.658959237896666,0.002080319326950655,0.35757996415605353,5.295369637255766,0.005176278322992124,0.3263468131118891,0.1335696270879434,1.6914012529412095,4.4081443913128915,2.9149900407207254,0.096331209248426,0.0,,
B8,58,6.257266973962589,228.5184924500063,3.4443809961786074,1.097587514896782,2.6668160204984703,0.0023592528931639747,0.3452478644191002,5.263348815392475,0.005509496281607722,0.34361595128263744,0.13637405246192094,1.6902404561334727,4.543520080799959,2.953877643663056,0.09130259276348718,0.0,,
B8,59,6.120374168668475,230.1903399056755,3.3572712595365486,1.0640074659366996,2.663522949024123,0.002395420389877138,0.34543344378471375,5.034295736526956,0.004905452591851734,0.32985597027807817,0.1358175443447366,1.684264316850779,5.222267583924896,2.8969604531112982,0.0893239429866781,0.0,,
B8,60,5.417728278101707,229.27658613817766,2.7848119790456733,0.9959211349487305,2.6621195783420486,0.0027029965237989947,0.32646697455522966,4.538032961135008,0.004442552453838289,0.30429029221437415,0.11519283679675082,1.6384788727273747,5.023474785746361,2.7563773150346718,0.08276650119496852,0.0,,
B8,61,5.696907656533377,224.72835675161332,2.9856587113166344,1.0155790423860356,2.668655507418574,0.002866365645693767,0.33127483968832055,4.799057877793604,0.004764265117083429,0.309177638316641,0.12241229612608345,1.6604460356186848,5.303745464402802,2.7519447024987667,0.08727362637921256,0.0,,
B8,62,6.6327608410193,236.58615905418992,3.667318267481668,1.1468259959804767,2.6688903205248775,0.002426107685801535,0.3465190879544433,5.455189583252888,0.0057461737056395835,0.3469270911751961,0.13971682379440387,1.6889125352003136,6.350886009177383,3.058873181440392,0.09070773411314098,0.0,,
B8,63,6.222218654593643,235.03824566444382,3.366239471094949,1.0609464292623558,2.6676186931376553,0.002447667040764734,0.34432284503566973,5.188621832399952,0.005096355752487268,0.33590586088141616,0.1357013640203038,1.6922462838036674,6.470042501177106,2.996101605648897,0.08881123044661113,0.0,,
B8,64,5.949112644000929,233.71031064726412,3.158740373290315,1.0047662501432457,2.6616420307937934,0.002759303262086623,0.3544252490510746,5.025550954195918,0.0049785274361279245,0.32075443559763384,0.12666810904534495,1.6792031161639156,6.641129162846779,2.9239388996241042,0.09430462920239993,0.0,,
B8,65,5.976935698061573,226.47750861244276,3.1486659621705813,1.0339976330192722,2.6636339304398517,0.0028067486406997684,0.3443557063535768,4.96832660023047,0.004947306830626057,0.31946832154478344,0.1275079032900382,1.669306173616526,6.85909551503707,2.845327136467914,0.0931280782180173,0.0,,
B8,66,5.536859084148796,228.8468436030671,2.837438683120572,0.9507349230805222,2.659526708174725,0.0029533550128986947,0.3336332507279454,4.580905615066995,0.004415261784891541,0.30834320370031865,0.12527578286066346,1.6608110131049643,6.960973418488795,2.796197635786874,0.08760039660395408,0.0,,
B8,67,5.656175194954385,236.933181413915,2.923953264343495,0.967048455257805,2.6667838145275504,0.0026403275788856708,0.3332195002205518,4.558938722221219,0.004602668423215117,0.31229058516268826,0.1171378738113812,1.6458858592169625,7.24694130372028,2.7466430347792956,0.08462711184152535,0.0,,
B8,68,5.56591509799568,218.2921297410503,2.791313496171212,0.9947180541194215,2.6626042346565093,0.0027025854981228784,0.3354762531056696,4.5510406275184785,0.004618533696903258,0.30573065092369,0.11594671938492328,1.6406726131633835,7.354063063251729,2.713970344893786,0.08370474908424884,0.0,,
B8,69,5.764904781263702,226.788850590121,2.9600978165256735,1.0015316654224784,2.675508216935761,0.0029239461674682833,0.3274312016307091,4.6251731186496965,0.0045114336083928236,0.3137319468113841,0.11998198538714526,1.6549608975040668,8.157785075051445,2.8765406316640427,0.08429606426127102,0.0,,
B8,70,4.735752879356851,222.26316297566518,2.17261361467595,0.890653669834137,2.6644174566074295,0.003160180282845561,0.310077430642381,3.887405517149945,0.0036558827530231556,0.2711723802649245,0.0988680073345194,1.602025839747215,7.214472994512441,2.528371407061207,0.07558296046846984,0.0,,
B8,71,5.692571455118608,224.87777752103284,2.9149092861584256,0.9901351052887586,2.6664446519345653,0.0031429134586669163,0.3306162673599866,4.553644571985517,0.004457599029648213,0.3111804653795398,0.12042542014803205,1.6529516638541708,7.919770143469986,2.791106508702648,0.08630231836316538,0.0,,
B8,72,6.373846088136945,224.37348630884662,3.4226155439201666,1.0645303361269893,2.669840146084221,0.002921698454289925,0.3374576255375025,5.135737730532276,0.0048992993768627695,0.33332545751211595,0.13206609201674557,1.6844483954565865,8.55115487624188,2.856678308272848,0.08739340031633572,0.0,,
B8,73,5.890915739293001,220.1602963320911,3.053695571665861,1.002097329314874,2.670276962980932,0.0034390297749231817,0.3257202530393795,4.832359982996571,0.004805855505282478,0.31347656280410535,0.12292018821653054,1.651234118305907,8.261603472184161,2.8403012411934987,0.07994799103055682,0.0,,
B8,74,5.612969967783714,223.3243520539254,2.862585104241663,0.981069701058524,2.6723862472845585,0.004083065814558388,0.32425070934149686,4.443150128637042,0.004405128771952372,0.3097546714909223,0.11201317889653907,1.6237903541448164,7.658275866995052,2.678106721566648,0.08074113490934275,0.0,,
B8,75,5.689098392214094,222.43022167962044,2.933875389853302,0.9625172213632234,2.67694421203769,0.003670954620655702,0.32345759564516496,4.558653763362339,0.004331390702460265,0.306483482219735,0.12465156352489579,1.6462726568689152,8.139339982246867,2.7423350494735095,0.0825781638030799,0.0,,
B8,76,6.035089502529222,227.02845719270408,3.188311658951701,1.00622581584113,2.6838907854897633,0.003351507414422207,0.3243833357582287,4.836602976127547,0.00450148567086922,0.3203786003346346,0.1237697497922547,1.6619464280653973,8.112394362079854,2.7993701769381154,0.07995119846749063,0.0,,
B8,77,5.3442679667959405,225.12482307385653,2.6957277734668885,0.8784392731530326,2.6753978339993223,0.004092671302009412,0.3260294785913156,4.433496954489727,0.0037303751605391807,0.2933798812481822,0.11063708114076634,1.6274711331542657,7.727696486881801,2.710477031007105,0.0821857149047511,0.0,,
B8,78,6.698913428248192,221.8842854872346,3.6900426745414734,1.0610564679515606,2.682256829981901,0.00292443727530368,0.33127633375780924,5.467938773486079,0.005274912494481827,0.33988361668830014,0.13958829778189563,1.689618509642932,9.005631271673709,2.9757948894889985,0.08363043208967666,0.0,,
B8,79,6.290313258463023,217.1788132400252,3.387039852385618,0.9928873935524298,2.678744398817724,0.0033209516847392128,0.3300499076745948,5.259881467235331,0.004968144192018223,0.32789234543333245,0.13129139927272893,1.6788786114478598,8.503207605712268,2.872842331321872,0.0876283881311514,0.0,,
B8,80,9.09886847710123,220.38808169122785,2.592105497511066,0.9062483614804794,2.675633717556389,0.0034353115598252993,0.3210464481796537,4.44620140717954,0.004094164665284738,0.29111957397996163,0.11244545816158762,1.631512131009783,7.695636223773567,2.6679601012444008,0.08041811916901141,5.62950323065933,,
B8,81,10.472919288946658,227.0970985852182,3.719851085117885,1.0534820228206867,2.6844713395955613,0.0030005302755946144,0.34215905988702966,5.272003881785334,0.005313545168491499,0.3436952899305188,0.13901070231685833,1.6874806880950928,9.044638731041733,2.9585112235984026,0.086456512081988,5.5596383737058055,,
B8,82,9.113735646617656,227.87733699707314,2.695504916565759,0.9401209354400635,2.67551487805892,0.004044791852089586,0.32156268157521073,4.4658980977778535,0.004260506365704826,0.2956665152189683,0.1106661499610969,1.6291747141857535,7.872266166064204,2.6937498511100304,0.0783323634187786,5.442622428037683,,
B8,83,8.415409516315071,217.03676277399063,2.206393682835053,0.9040547621493437,2.677810508377698,0.003934621772974164,0.30905269025539867,3.749451980298879,0.0035982765875072504,0.2721546289263939,0.09935514621284543,1.6002018865273924,7.238616719537852,2.444261743097889,0.07206355860190732,5.363733408402424,,
B8,84,8.83307815084652,218.20842422172427,2.5688464744966857,0.9014018372613557,2.677324830269327,0.003929548698467944,0.31181032681951715,4.190430037829341,0.003898967100231319,0.29053540619052187,0.10712207306404503,1.6105265787669591,7.7974686525305925,2.6767387122524027,0.07324012448745114,5.338621762334084,,
B8,85,9.509871482849121,211.42662250995636,3.1483584240991243,0.9623797450746808,2.676596466375857,0.0035796106955730263,0.33480381874405607,4.849676796368191,0.004559306060771781,0.31338976597299384,0.12154442254377872,1.667223300252642,8.416784471395065,2.766034101953312,0.08554137247253438,5.226415955290502,,
B8,86,8.139294429701202,218.07444656267762,2.030765010386097,0.8339846462619548,2.6793802222427057,0.004256265121512115,0.3041791520556625,3.634072410817049,0.0032364448546717056,0.2610498466053788,0.09115147993576769,1.5794619516450532,6.915156091962542,2.5071336566185463,0.06930666675373,5.347637838246871,,
B8,87,8.726812849239428,226.89569836575538,2.5898497043823707,0.8779127245046654,2.671242178702841,0.004445314324194831,0.3035332034437024,4.123867347532389,0.004044828606218251,0.2890939901069719,0.1020918487742239,1.5931610915125634,7.6106606600235915,2.5852342868337828,0.06925730220973492,5.207874886843623,,
B8,88,8.061071746203364,215.61958709917963,2.1153106634714165,0.8530293107032776,2.6783109927664,0.004227247354051821,0.2979974871387287,3.6374800326872845,0.0035924597438995024,0.2639202478588844,0.08946155380381614,1.5678168097320868,7.086594766500045,2.4539950915745328,0.06715870466159314,5.080491318994639,,
B8,89,8.799384029544129,220.30538790300488,2.6187217186908334,0.8958711247054898,2.674142496926444,0.0042315356882422096,0.32492197533043066,4.343103613172259,0.0038706969103908966,0.28874803684195693,0.10912503081620956,1.6290707077298845,7.632419508330676,2.6480783978287055,0.08261382146453371,5.187819038118635,,
B8,90,9.084019281426254,216.9445783640258,2.8390432955050957,0.9127639471268167,2.675860195743794,0.0037918245278498425,0.3292997591957754,4.554895066485113,0.004419249173595893,0.30435426077064204,0.11515499183870091,1.6432117807621858,8.124680645611821,2.7089268285401014,0.08184972587896854,5.201906768643126,,
B8,91,9.830388915782072,216.07230958994478,2.7494989518000157,0.8746518808968213,2.680707396293173,0.0041887082494510225,0.3093085200810919,4.317731667538078,0.0042444376912851795,0.29637251277359167,0.10744197062235705,1.6195955081861846,8.038551525193817,2.738845426209119,0.07197049488218463,6.544479477162263,,
B8,92,8.942827399896116,217.85235256003216,2.1407430293608685,0.8425551360967208,2.68299413700493,0.004593719118298507,0.3044843898743999,3.7971140316554477,0.003416824758014813,0.2660070171161574,0.09057483806902049,1.5827488315348723,6.982201761128951,2.527322231506815,0.07131976531628444,6.313910143715995,,
B8,93,9.6807507787432,220.39175979513675,2.7063403743870404,0.9128638591085162,2.6834222881161436,0.004062208076772679,0.3186703187470533,4.259034093545408,0.004067024842085203,0.29445080215833624,0.10651906762196094,1.6243415876310698,7.812816590678935,2.65086757893465,0.07805744908293899,6.3448635315408515,,
B8,94,10.560959018006617,212.99395985668525,3.4040380856212304,1.0311096152480768,2.6749466487339566,0.00328814932941079,0.35060802436604793,5.193397863787048,0.005037388725120726,0.3258919661142388,0.1225191887316047,1.6809777653947169,8.580667777937286,2.9074592784959443,0.09263401086993363,6.210401194436209,,
B8,95,9.214424357122304,216.43749448098242,2.4419307568851782,0.8819713081632342,2.671577064358458,0.004518873920683198,0.31473842506506006,4.016941081504433,0.003691497760140622,0.2865074763492662,0.10090334576611616,1.6041531416834618,7.57884355467193,2.5428258107633006,0.07581165201049678,6.160150576610954,,
B8,96,8.672928274894247,214.22495580697432,1.9725157138036222,0.808829241869401,2.680339190424705,0.004608293327654959,0.3039334924245367,3.4866341267313277,0.0033581654151559484,0.25831740516789103,0.08626550914985794,1.5674298807066314,7.1024598296807735,2.435776708077411,0.07050720602273941,6.2890638721232515,,
B8,97,8.776682104383196,221.06125890510157,2.1529605863045673,0.8282935692339527,2.6739496795498594,0.004532181626965045,0.3144535467940934,3.680924955679446,0.0033402347376532094,0.26433935426935856,0.0897946978101925,1.5878482059556611,7.384523888023532,2.5759592056274414,0.07490969787598872,6.100182474875937,,
B8,98,9.223310246759532,215.70759274577722,2.4727234621437226,0.8692836287070294,2.6810823605985057,0.00458746198897383,0.3219716606699691,4.005578143256051,0.0038210391078847554,0.2796752531917728,0.09910145744073148,1.6023597084746068,7.452286671619026,2.634197018584427,0.0796529688321206,6.143846657811379,,
B8,99,9.828210597135582,212.41324356524274,2.9879379175147234,0.9380493176226713,2.684763869460748,0.0037204008870187918,0.3203656916715661,4.544072800753068,0.004490450489078173,0.309164431934454,0.10847239743690101,1.6232281923294067,8.225306433074328,2.7474566454790077,0.07852171178983182,6.039212178210823,,
B8,100,9.308879229487205,212.95691418787464,2.587833971393352,0.8909699332957365,2.6755545479910716,0.003856157060779099,0.3115801333772893,4.119494297066513,0.003982019499039316,0.2858427428469366,0.0993600598707491,1.6066533983970175,7.752748129319172,2.6040291810522276,0.07569961713588967,6.04381935937064,,
B8,101,8.93249275246445,220.01646280707791,2.2806601585174096,0.8636308373237143,2.6835282432789707,0.004077951831871415,0.3137649182154208,3.7930284422271106,0.0035447074345084932,0.2762552758260649,0.09375014163705768,1.5931779657091414,7.564177931571494,2.5299407876267725,0.07651729896968724,6.0571372363032125,,
B8,102,9.518754929912333,216.83938176184893,2.784260012665573,0.9021513522887716,2.6804145793525542,0.003889250041612861,0.328501501253673,4.467289638762572,0.004484197546547393,0.2901614648955209,0.10508809269082789,1.6314490863255091,7.727286513970823,2.6560291197835184,0.08486916113416759,5.95936647726565,,
B8,103,9.923086020411278,221.8224121890962,3.111401311597046,0.9590366640869452,2.6793826842794615,0.003677898763420003,0.33985893124220323,4.899747223270182,0.004883910573268195,0.3095109480984357,0.11258395479954018,1.6379686545352548,8.129673033344503,2.823150021689279,0.08703801826554902,5.882453889262919,,
B8,104,9.640826332325839,218.06907140510157,2.974947159995838,0.9249340222806347,2.670124190194266,0.00413393028904874,0.3443561427447261,4.713107070144342,0.004568043885971134,0.30625100646700176,0.11076841248693514,1.6519921361183634,8.03341733192911,2.7169370480946133,0.09290456486751839,5.7669931236578496,,
B8,105,10.493073239618418,222.8920424748212,3.622957500268002,1.008931648974516,2.6834074575073865,0.0035162118061003752,0.35591929512364523,5.4661931821278165,0.005510989802281315,0.3395515801955242,0.12315245269208538,1.6807189668927873,8.734135559626989,2.91767143230049,0.0951928621424096,5.7508812534565825,,
B8,106,8.47501210777127,218.46053139818832,2.096421011856624,0.8043254394920505,2.6812318782417144,0.004333691334717774,0.30463106169992565,3.5530471856496773,0.003343461371829961,0.26333592011004076,0.0828203975165985,1.5515231599613113,7.129545163135139,2.4540273583665186,0.06935046115243922,5.80671637398856,,
B8,107,8.420266657459493,216.58847356773913,2.1712790891832237,0.8166731559500402,2.6828373792220135,0.004476572377417161,0.31693416316898504,3.822580515121927,0.0035948383322517785,0.26204109921747326,0.0877753842469989,1.5839408271166744,7.062648062803308,2.464666712040804,0.07742824169750116,5.531039461797597,,
B8,108,8.394278185708183,224.4539092220366,2.182909218024234,0.8129900487101808,2.6738898170237637,0.004288233980555467,0.3156460487112707,3.788362545626504,0.0037512168572141733,0.2614919357762045,0.0885238588160398,1.578727276957765,7.284212248665946,2.459246659765438,0.07443601501231291,5.492777590848962,,
B8,109,8.33604925505969,218.0154336411506,2.1044295995819327,0.8142568669757064,2.6756355421883717,0.004761141120831539,0.2903422691992351,3.5791292482492874,0.0034268774538852124,0.2618227418588132,0.0859647803388688,1.5568392568705034,7.032385865036322,2.4740414789744785,0.0635181265141891,5.574651309422085,,
B8,110,8.30646125637755,216.08235839381814,2.1106315516695684,0.790497003769388,2.6771655228673197,0.004552687309226211,0.30890111473141885,3.8852595686912537,0.003812173259389891,0.25814107972748424,0.08802267144985344,1.5736796320701132,7.054448069358359,2.4170100591620622,0.07518742326647043,5.4813399996076315,,
B8,111,8.353998359368772,216.7926812050864,2.1229536195798797,0.8163805895922135,2.6775626552348233,0.0041750470052796355,0.3230561592749187,3.7751615923278186,0.00377825739893264,0.2630841114691326,0.09117158015771788,1.593449901561348,7.05861471137222,2.540297213865786,0.08367122306811567,5.517276384392563,,
B8,112,7.897914331786486,219.5276601370424,1.8078199272253075,0.7459860133881472,2.6782132168205415,0.004933036254405291,0.30333241364177393,3.225138957403144,0.0030229726820537933,0.24213817715644836,0.08057532117378954,1.5547106995874522,6.7724394409023985,2.33428599883099,0.0714199312259348,5.5501885706064655,,
B8,113,8.144617927317716,214.35718458564952,2.077480912816768,0.8158470939616768,2.675399507795061,0.004527888285727906,0.3171233990970923,3.651657537538178,0.003470483049512746,0.2554185688495636,0.0900569563465459,1.5974080878861097,6.874000646630112,2.4730039689005636,0.08190184135978319,5.309413209253428,,
B8,114,8.314098640364044,221.466342903208,2.1142926854746684,0.8751914866116582,2.679598277928878,0.005050898979659125,0.3001471718355101,3.6103396963100045,0.003660238699569386,0.25957837731254346,0.08674616758160446,1.5681951654200652,7.1031555545573335,2.4963612994369195,0.07061544611898003,5.426505818658946,,
B8,115,7.125879667243179,217.81212365068495,1.3571404832966474,0.6677958977465727,2.6714799890712815,0.005103934686916063,0.2835115598780768,2.6849412395029653,0.0023697147618656103,0.2166539658697284,0.07148426584899426,1.516137300705423,6.368079487158328,2.2142617288900883,0.06064600862410604,5.331014166072923,,
B8,116,7.373834629448092,215.4454282228835,1.5323033235511,0.7493063083716801,2.669900879567983,0.005373230595996946,0.28830328857412146,2.866303044922498,0.0025960830947840395,0.22533035582425642,0.07179432012596909,1.512472719562297,6.452911766207948,2.2074910256327414,0.0645675032342575,5.275329531455527,,
B8,117,8.07442010178858,166.86214300058782,1.972702484958026,0.7927664579177389,2.682221402927321,0.0052858661356553135,0.30952929842228794,3.5744017581550445,0.0033119524382434935,0.2517741599253246,0.08528300025025193,1.5691449496210839,6.96739877973284,2.420615466273561,0.07724793445394963,5.4108394749310555,,
B8,118,7.610875470297677,155.23649260401726,1.7175430181075115,0.7839693950147045,2.678173697724634,0.005007270502629785,0.2917125371037697,3.1412816716700185,0.0027974409589363375,0.23734594851124044,0.07734758825022348,1.5365539229646021,6.639371268603266,2.2965062637718354,0.06558194558839409,5.22815017797509,,
B8,119,8.63105735973436,150.49067320628092,2.4360680263869616,0.868990134219734,2.678796179440557,0.004388096336066267,0.32411780588480893,4.205717828808998,0.004032258628582468,0.2741910307383051,0.095857581655894,1.6003183686003393,7.325277182520653,2.4933463043096116,0.08396979090662635,5.282941443579538,,
B8,120,8.162545797776202,150.14468190073967,2.226471321923392,0.8450091462962481,2.670414097455083,0.00519559054477473,0.31550114525824174,3.8616804188611558,0.003959696407296828,0.26250602913146115,0.08946886548430336,1.575393693787711,7.076051089228416,2.4743991652313544,0.07965837156742203,5.0267206600734164,,
B8,121,7.424761217467639,150.88510932819918,1.740177996912781,0.7716275563045424,2.6701499248037535,0.005545777155856165,0.29607065082812795,3.180087617465428,0.0030363026616752756,0.23675028128283365,0.07750882455432902,1.531576251497074,6.532716828949598,2.4394643331060606,0.07097194554778385,4.933716851837781,,
B8,122,8.89351598583922,152.1711589009501,2.697264534478285,0.9183045108707584,2.6686541109668966,0.00494432842450416,0.34093223572993764,4.5686863818947145,0.004458261726243536,0.29288937273074167,0.10457951336034707,1.634251088512187,7.486776458973787,2.685039014232402,0.09580384599691143,5.125934201843885,,
B8,123,7.768344548283791,149.53382458211854,1.918781827907173,0.8243638064180102,2.673191075422326,0.005413849251843723,0.30726784194002343,3.5694924179388554,0.003352377008960335,0.24638400150805104,0.08321253457391749,1.5600547985154756,6.819605905182508,2.3848413131674944,0.07580550934891311,5.001296802442901,,
B8,124,8.040256860304853,151.5125189931132,2.1893599842275893,0.8576560957091195,2.6750100340162004,0.004682936193659066,0.31313019565173555,3.746777610511196,0.0036959135725236573,0.2627538378749575,0.08738666054393564,1.5771712040414616,7.083700121665488,2.4740636567680205,0.07699182177228588,4.907751535882755,,
B8,125,7.801192429600929,149.64926369674504,1.8747434026124525,0.7684240858165585,2.679115879292391,0.005296483856259978,0.3026246121343301,3.4430288854910405,0.003294890894963197,0.24714335464701362,0.08409030127282045,1.5586000924207726,6.777203491755894,2.4057796560988134,0.07186621674621592,5.224118203532939,,
B8,126,7.716593586668676,151.1683320859447,2.029648415288147,0.8100013386230079,2.6718937182913023,0.0050678300755621145,0.3103372111004226,3.5984749745349496,0.003411684558270689,0.2523950849260603,0.08836503547369218,1.5751797131129675,6.743761880057199,2.483269917721651,0.07754185829995847,4.775867136157289,,
B8,127,7.832579505686858,150.92611245298758,2.0762586894692205,0.816841362690439,2.6734728764514535,0.004278655267292064,0.3192189317576739,3.8403955503385894,0.003552375371420604,0.25624947827689504,0.09308565244534794,1.5953119190371767,6.810816249068902,2.3777068829049868,0.08461924969237677,4.808337016981476,,
B8,128,7.686007879218277,150.43358349474147,1.918017458550784,0.7676223905719056,2.6763396749691086,0.004780476528566749,0.30445859079458276,3.4959143643476525,0.003601593742318147,0.24797278794707084,0.08272163189795552,1.546850630215236,6.746628615320946,2.3684728413212057,0.07253505814136291,4.982058748906972,,
B8,129,7.8722601812713,149.07194336410612,2.0921052238162683,0.8004843726450083,2.6646681075193444,0.004879196699499628,0.31554167367974106,3.8489314925913907,0.003716426055726348,0.25230685363010485,0.08944469918401873,1.5809185699540742,6.750144676286347,2.4363218959496944,0.08122270204582993,4.8710836196432306,,
B8,130,7.391165120261056,151.98975244071335,1.7913361112682187,0.7707755577807524,2.675500353988336,0.005318010457534799,0.291352383944453,3.2598708953176225,0.0030566353477984288,0.23857176303863525,0.07798768880263883,1.5363707542419434,6.538536198285161,2.301006553124408,0.06829184251932466,4.7900310925074985,,
B8,131,7.128772258758545,171.62494160002097,1.5625656934417025,0.7288459052844923,2.6730980386539382,0.006058737294384924,0.2875314291034426,2.980092091219766,0.002738139627748454,0.22486455768954997,0.07273667678236961,1.520924339489061,6.400811360806835,2.2955749229509004,0.06458241747198057,4.87105622583506,0.0012017414183418396,0.011270109000782454
B8,132,8.465871022672069,173.10018660128117,2.5695812763000023,0.9037614014683938,2.6695017863293082,0.004925835563454359,0.3404929683524735,4.458818445400316,0.004403044147730558,0.2800444808541512,0.10236806236207485,1.6296119349343436,7.445144867410465,2.6765068696469676,0.09451887087554348,4.731683920840828,0.0014950182773227588,0.017795166875337564
B8,133,6.985000454649633,181.0526014789939,1.5838193911678937,0.7261427543601211,2.6734900085293516,0.0055123691385307785,0.292028545420997,3.0125132142281044,0.0028305784240840195,0.23005669913729843,0.0744782852731189,1.5369962916082265,6.381431842336849,2.298345685005188,0.06673962394801938,4.623202912661494,0.0016795594598079044,0.012554814662995082
B8,134,7.152525055165193,173.37976202880964,1.6680477130777982,0.7337872014970196,2.6723130479150887,0.0056066546952637025,0.2969675629722829,3.1417729459246813,0.0027587061845317333,0.23412722014651008,0.07596890461079929,1.5402517245740306,6.465659482138498,2.3166494783090084,0.06946066626328595,4.703215282790515,0.0016698777158922274,0.01122572536844612
B8,135,7.827214046400421,174.56722090672702,2.13314312757278,0.7775407019926577,2.667900854227494,0.004928903434454102,0.31566146745973706,3.769401418919466,0.003800983143357408,0.2561931330330518,0.08760023740481357,1.5824389409045785,6.983897812512456,2.414965488472763,0.0797250941015628,4.793264710173315,0.0013898320392441092,0.012497949535047934
B8,136,7.563299062300701,175.43591011408716,1.9726512432098389,0.8472308090754918,2.6703406937268315,0.005062700048497669,0.31344230381809934,3.4985396922851097,0.003652168156897497,0.24884034632420055,0.08511661122343978,1.5720355632353802,6.620794957997847,2.3836820660805214,0.08001918448325322,4.6043813861146266,0.0017596163547643315,0.019004548422298265
B8,137,7.526452444037613,178.56549713388085,1.952187499829701,0.7750795580902878,2.6693565261607266,0.005216532421288822,0.3039789424867046,3.420556415100487,0.0030963586136100014,0.24744339378512636,0.08276567315416676,1.5574147360665458,6.698808543536128,2.473669314871029,0.07266398796773686,4.70623686362286,0.0014690171718117473,0.008421398122543312
B8,138,7.406495415434545,173.36889311904088,1.9641117921897344,0.8330049429621015,2.6727810976456623,0.00553220750500296,0.3000494396808196,3.4328828183363895,0.0031933623023939375,0.24930924602917262,0.08402450337093703,1.5627681527818953,6.717733967060945,2.362147803209266,0.0729576774625754,4.423328224493533,0.0009246132067039061,0.010181595458812363
B8,139,7.297815974877805,177.95269932085648,1.9242575852846613,0.782134972056564,2.674925015897167,0.004806239344417213,0.3159288131460852,3.58304841056162,0.0035267154589932108,0.24505876339211755,0.08612021203247869,1.5654988580820512,6.683388855992531,2.4173897383164387,0.08176470966059335,4.358245426294755,0.0014504466708937882,0.009077539390710737
B8,140,6.901771126961221,179.850274191238,1.5836231720690825,0.7263386851670791,2.678313196921835,0.005737882788169521,0.2861500646995038,2.9665825963020325,0.0028328147921141008,0.22887935687084587,0.07577682233282498,1.5312126266713044,6.5619799360937,2.2228174136609447,0.06433681166749827,4.509614793621764,0.0009334126348505833,0.009695560943550752
B8,141,7.2907856629819285,174.3138131708838,1.8879541894611047,0.7713221792055636,2.671013510957056,0.005441663315168069,0.30383017567955717,3.3681364302732506,0.0031931305331491617,0.24210751786523935,0.08484617259581478,1.5623134228647972,6.666026329507633,2.348630639971519,0.0769641566261345,4.471528466866941,0.0026879839486976414,0.016932205991883612
B8,142,8.245442273665448,183.09319211682305,2.52704265956976,0.9042253299635283,2.6802170763210373,0.004883692559444023,0.3217838950911347,4.304041868569899,0.004470122445312956,0.2753805883076726,0.0970593443026348,1.6077856384978002,7.355545384543283,2.50082756791796,0.08379505734358515,4.505524445553215,0.0012301085642313291,0.012235666901340071
B8,143,6.9905054569244385,176.22877705888823,1.6874321401119232,0.7239856549671718,2.6713557048719756,0.005372494693170777,0.2884130769846391,3.2781534620693753,0.0030494836676979854,0.23260754225205402,0.07846404646276212,1.54517920163213,6.558836849368348,2.347937116817552,0.06586756215107684,4.419372276384003,0.001113509802888989,0.010425750142503045
B8,144,6.832553075284374,163.43110682303086,1.6249681285449438,0.6726323195866176,2.6709596040297527,0.005620971210395956,0.2877783903053829,3.1368432373416666,0.0024974091223212984,0.22503032337646095,0.0763567756785422,1.5419309625820237,6.3493199543077115,2.3046692512473284,0.0682698407647561,4.38984033039638,0.0012648602555580218,0.009779718792654477
B8,145,7.327224721713942,145.14232822600752,1.8581138040338243,0.7693342688132305,2.6742031525592416,0.0051905703552694495,0.2973422803440873,3.493565200542917,0.003577164627317035,0.23812149769189406,0.0808461419097623,1.5597416770701507,6.696543391869993,2.3194735463784664,0.0710406326783859,4.542021006953959,0.001470049034857658,0.01471714723408825
B8,146,7.94652542775991,133.79421676695347,2.370460638586356,0.8735111447013154,2.6724147553346596,0.004410339520272456,0.3232102987109398,4.042179110098858,0.004159394037501164,0.27183495340298636,0.09734797371285302,1.6024081609687026,7.163637170986253,2.5218457713419076,0.08576775349828662,4.408466227200567,0.0006746693254689088,0.008589069349120702
B8,147,7.312011913377411,138.58020296972245,2.0083812858377184,0.7834871849235223,2.67287624125578,0.004841815157881368,0.3154607208407655,3.721593341048883,0.0033482513556789073,0.24994548121277166,0.08618065194055742,1.5721385503301815,6.589842533578678,2.446861352239336,0.07930058598214267,4.221991422225018,0.0014876604154017464,0.011903935870243597
B8,148,7.842013894295206,139.936028460972,2.3714196116340402,0.829252767319582,2.6753286147604185,0.004970427426570142,0.323851758728222,3.9441282822161305,0.003929737007378468,0.26838238324437824,0.09491038938262025,1.5980943563033123,7.107051713126046,2.5451018664301657,0.08475250988362396,4.340379515472724,0.0006058264411612819,0.009025330924784185
B8,149,7.448877937939702,133.46506486460567,2.0324575846292534,0.7933374929184817,2.667682876392287,0.005276145902937468,0.31382559300685414,3.7035585009321874,0.0037808173065244847,0.25342462774442165,0.09003281182780558,1.5825464019970017,6.693382175601259,2.492941148427068,0.0787533134298057,4.379117425607175,0.0007628552682213441,0.009893987878411057
B8,150,6.524211630529287,138.0915505043231,1.4757306016221339,0.6983699670859745,2.669408691172697,0.006144138212239712,0.28989895874140215,2.996297889826249,0.0028290771365484073,0.21941864520919566,0.07258560276609294,1.5199876488471518,6.291461740221296,2.257647920627983,0.06706545893483017,4.153336364395765,0.000956599708365473,0.0154612217918616
B8,151,6.726968677676454,139.57083553168923,1.6942451535439005,0.7346414984488974,2.6807034988792573,0.005715082805218859,0.28599976976307073,3.183418258112304,0.003017708210735487,0.2306630237370121,0.07686139529152793,1.5313635675274595,6.545515031230693,2.376848257317835,0.06731383485377443,4.024464845657349,0.0008246022522118961,0.01219571063440099
B8,152,7.829040556537862,133.61865803180262,2.204867567334856,0.7849305868148804,2.671030268377187,0.005324648098060291,0.31223585988794056,4.051840639844233,0.004005457720082557,0.254527930702482,0.09033125992484238,1.5909859063673992,6.947491704201211,2.52325084258099,0.07968916766801659,4.611090236780595,0.001280329923858693,0.009580833069201024
B8,153,7.133588956326855,140.00150212366134,1.848072662037246,0.7624446214461813,2.6731903942263857,0.006267235104745368,0.2999494407249957,3.402469346717912,0.0033990937719900844,0.23970638884573567,0.08146842588119362,1.547139116695949,6.701492114942901,2.323664404908005,0.07450727095865474,4.304333881456024,0.0013278547962063177,0.011026813391676374
B8,154,6.3681513241359164,140.65643818071112,1.3280799203381246,0.6663721288953509,2.6717124131261087,0.006332053990597475,0.27844409583782664,2.6613273182693793,0.0023379920921240914,0.21135729308031043,0.06867735285540016,1.5005122398843571,6.120281297333387,2.212168661915526,0.06205882751667986,4.269539093484684,0.000733352605699622,0.01273323712853291
B8,155,6.733691809128742,133.89411952672526,1.633142229853844,0.7011308189557524,2.6790583036383806,0.005557793882741992,0.29252276919326003,3.108484378882817,0.0027614571320425186,0.22758736446195718,0.07561433684004813,1.5267549558561675,6.4599616186959405,2.288676368946932,0.06709969161572504,4.192691885695165,0.000628468625087774,0.01001030636207268
B8,156,7.034604130959024,138.02517308713868,1.8892841661462978,0.7527697475589051,2.6749238724611244,0.005717472283749328,0.3043214782160156,3.584315916713403,0.0033839587929981704,0.23809362826298694,0.08409096068721644,1.5615242743978694,6.556012163356859,2.3992500572788473,0.07670479895052862,4.067886245493987,0.0018845748955033262,0.010552524390421389
B8,157,7.110717812362982,140.68586861621588,1.9469455927610397,0.7771511065716646,2.6763260121248207,0.005767394311022849,0.3015126163253979,3.522074807663353,0.0035285811264861413,0.24477621122282378,0.08349841331340829,1.5560836256766806,6.824479696701984,2.3552302073459237,0.07441674123461149,4.072385218678688,0.0011038947275248078,0.007849986162900491
B8,158,7.11257485954129,138.5466206399724,1.9475590586662292,0.8073588767830207,2.674878894066324,0.005359383147300164,0.3054968836356182,3.50825443194837,0.003390293539862852,0.24320519913216027,0.08623552022083682,1.5724029419373493,6.626500879015241,2.4335462317174796,0.07663582295787577,4.033348244063708,0.0011298108451085205,0.008722341919852921
B8,159,6.77644006573424,140.12002997193485,1.683024095029247,0.7187414625469519,2.6739769809100093,0.0065334354359799125,0.2843439664159502,2.994466185569763,0.0029278575544891767,0.23302192408211378,0.07354819869660602,1.524895006296586,6.595458877329924,2.31753708878342,0.0637802402964052,4.18537468326335,0.001335328514721997,0.015767714074785062
B8,160,7.164459715084154,122.03393700392917,2.010438363466944,0.7853852467877525,2.673934824612676,0.005836205362468217,0.29720553056317933,3.638588079992606,0.0035353482918272137,0.250806131533214,0.08466003922631546,1.563076698050207,6.795513746689777,2.447219264750578,0.0719212377063778,4.019464765276227,0.001004297558759968,0.011025878784967434
B8,161,6.0037784430445456,118.16467100102454,1.2707692716194658,0.628030328726282,2.6695171910889295,0.006954910910726354,0.2699593968537389,2.572178280171083,0.002199692597876455,0.20560689361727968,0.06617110636921561,1.496118735293953,5.998458035138189,2.107311409346911,0.057249329223924755,3.8990668812576605,0.0015366833779678149,0.008664256004366582
B8,162,6.555737670587034,111.9298666822724,1.6441866609514977,0.7131290843292158,2.6803108040167363,0.006278443921176831,0.28989867075365416,3.0799435066933536,0.0029257589865627947,0.22758758311368982,0.07568134504313372,1.5323765277862549,6.522057620846495,2.24922336364279,0.06596404589636594,3.902910076842016,0.00111627627117033,0.009439894956446496
B8,163,6.363476602398619,112.59456074703485,1.5176287384665743,0.710793309673971,2.6694273413444054,0.005996243619569102,0.27842206097379024,2.8430239874489454,0.0024740235186276995,0.2216564727072813,0.07404687057952491,1.5224106482097082,6.388204165867397,2.236570107693575,0.06194875883508702,3.873928605293741,0.0010456175249103983,0.012744492644088144
B8,164,6.191705762123575,112.73897291673347,1.3036329837477938,0.6740649847351775,2.6763628794222463,0.006708641294793853,0.2617458552122116,2.481298257501758,0.0022292897875577553,0.20897436263609906,0.0636452033127449,1.482333601737509,6.131691095780353,2.161077543180816,0.0539004939741322,4.077888420649937,0.0006293751884782626,0.008180902376542856
B8,165,7.171719482966831,110.56393647007644,1.9982471314011787,0.8400049069706275,2.677013168529588,0.005185615880134497,0.3008714293947025,3.5739143448216573,0.003693514547491332,0.24745723422692747,0.08457514244530882,1.559996028335727,6.771980538660166,2.4488540936489493,0.07217420303091711,3.9815182880479463,0.00023096651447276624,0.007944603952066654
B8,166,6.529183820802338,109.64902441715822,1.653517559170723,0.7331022833074842,2.674189402132618,0.006124184658152184,0.2897598247747032,3.064129134221953,0.0028718892872162467,0.22992414327300326,0.07780403328337232,1.5338059639444157,6.456475218948053,2.2861990101483403,0.06977909706456929,3.8277256148202077,0.0012667679822081252,0.008852900352120724
B8,167,7.015772707608281,125.40437371190637,1.8219579993462076,0.8296831529967639,2.6713867820039088,0.005779382105137469,0.3033212879482581,3.440632980697009,0.0031752542518934577,0.23685788378423575,0.08495125003463151,1.5691537638099826,6.536801454972248,2.3106616857100506,0.07717863774421263,4.062546540279778,0.0005687127688656453,0.008221383811926398
B8,168,6.186756367586097,110.19178327079862,1.3571556237887363,0.64521296109472,2.6728968133731765,0.007188847154106859,0.27404910690930423,2.5920655076601067,0.0024440472009199746,0.21171727077085145,0.06958100693870564,1.514006140280743,6.124505276582679,2.1041218674912745,0.060666621947775085,4.007143886721864,0.0013093989876165556,0.01610546409129451
B8,169,6.589814653201979,111.08861890388653,1.6886921421605714,0.7520417942076313,2.669966001899875,0.005505771116039963,0.2913701564681773,3.129910845537575,0.0030351764755917484,0.23554812858299334,0.07950791366854493,1.5470364458706913,6.457710305038764,2.293346465850363,0.06896819094462055,3.823101214000157,0.001080142127663658,0.014804987014717974
B8,170,6.869444934689269,164.95844393130392,1.884140322403032,0.7910450186048236,2.6773329754264985,0.005316392827436936,0.3015133358386098,3.4326867899116205,0.0031443572079297155,0.2433504027371504,0.0845640801197412,1.5582067479892654,6.6878665418041,2.3426122081523038,0.07574458207402911,3.8110690068225472,0.0006975226405331529,0.006551442885698374
B8,171,6.433319276692916,257.8835560940206,1.646227778828874,0.6980084144339269,2.671641481165983,0.006173992655430065,0.2864713975969626,3.1744197753010965,0.0028075870020761707,0.2250668205776993,0.07606885696248132,1.5300605297088623,6.440568369262072,2.3371002382161667,0.06679144611924279,3.7247736137740466,0.0014005125752475163,0.009453577489777524
B8,172,6.423549438009457,309.50898125674576,1.6357669635694854,0.7143189943566615,2.671978940769118,0.0061452167966327045,0.2956931657937108,3.063866604347618,0.0029616999328231476,0.2281100126553555,0.0783299485183492,1.5407561355707597,6.30017410978979,2.288210447953672,0.07077590744866401,3.7271503039768765,0.0015934734238019896,0.013635209766933406
B8,173,5.780102773588531,281.5171771273017,1.1792901681393992,0.6699410695202497,2.682389025785485,0.006089237618393132,0.25511701252995705,2.3711645256499856,0.0020192166997062763,0.1999841974097855,0.06256352414434053,1.4775085643846162,5.949070658002581,2.0918148999311486,0.0521008712714728,3.6871128325559654,0.0006412802457271781,0.007849070675934872
B8,174,6.541281018938337,156.73530940432101,1.6320190159033756,0.736879075668296,2.6708864095259686,0.005955987622395956,0.2882268577814102,3.151860956634794,0.0033240527192567836,0.22651396722209696,0.0768615151470413,1.5346927983420235,6.423960238086934,2.2683677454384004,0.06826507243118723,3.853122745241438,0.0012200976099421142,0.00935132430774446
B8,175,6.261919167577004,116.14864243520424,1.4996942780455764,0.6875205629942368,2.6757471707402445,0.0057040854459343366,0.27982864878615554,2.947922035139434,0.0029432849331321766,0.22096815978994175,0.07641973411094169,1.5332314943780705,6.204425938275396,2.2686880024112,0.06433630586430734,3.757674231821177,0.0008408600621242603,0.007486711839512319
B8,176,6.034638565413806,110.00919836014509,1.340091502179905,0.6423836502493644,2.678940544323045,0.006624165226287227,0.271336733990786,2.699368156948868,0.0021898967014359577,0.20920909302575247,0.06712447084030326,1.4970148266578207,6.206739104523951,2.177699458842375,0.059693875171396196,3.7847531668993892,0.0008084773877011944,0.007412413089074404
B8,177,6.639603308268955,110.9116155859083,1.7859769043873768,0.7443307461787243,2.6762915582072977,0.006108002781117221,0.29467648024461707,3.2406654175446956,0.0030898228085751893,0.2361354824839806,0.08037534607004146,1.544188757332004,6.6652321036981075,2.3497083916956063,0.07047971102352045,3.7332737251203887,0.0009918896746086148,0.012276568297289597
B8,178,6.5390874171743585,114.47808302380145,1.69472558522711,0.7590038387142882,2.674227490717051,0.005877347968932127,0.2954896131948549,3.176472546494737,0.003046982105267804,0.23295899434965484,0.08190288014557896,1.5501794839391903,6.463125267807318,2.3578304587578285,0.06978964845516852,3.7148881396468805,0.0021805452029691912,0.012865834088879823
B8,179,6.6004347071355705,110.95180798508227,1.7280457919957686,0.6802240026240446,2.6703545901240133,0.007007658188183773,0.28931095375090227,3.1336359144473565,0.002645760243467521,0.22826482142720902,0.08058213001611281,1.5429702267354848,6.4017237935747415,2.2488528782007644,0.0722554075740734,3.886468235327273,0.0012075423715145336,0.008707236723350843
B8,180,6.139757097983847,108.8068454330787,1.4227117491619927,0.6874696867806571,2.6731372366146164,0.006348029905169898,0.27707995535159596,2.8876032330551924,0.0026962638574851944,0.21662100875864224,0.07297881263099154,1.5246755857856906,6.058853927923709,2.235472990542042,0.06277658680111778,3.708649966181541,0.0011484333988795005,0.010164637759924851
B8,181,6.185845282613014,110.47135432017967,1.5122592376202952,0.7325660549864477,2.673649651663644,0.007452049657312811,0.2808987586473932,2.9621390268510703,0.0024975861092478187,0.21832051386638562,0.07504087618114996,1.5254763900017252,6.156805826693165,2.2939200522948284,0.06482832897834633,3.558985646890134,0.0011837920690146691,0.01072375323813002
B8,182,6.015788161024755,114.45981895411387,1.3968604146217813,0.6720245073036272,2.6741684407603983,0.0068041992264476665,0.2679730991319734,2.687160087787375,0.0023090494519701866,0.2084321589494238,0.06905296328952726,1.4972584515201801,6.161660982637989,2.21700796302484,0.0596088494877426,3.6356764958829295,0.0008957679179032112,0.0067387481441092325
B8,183,6.0213380930375076,109.85138196498156,1.3911654094652253,0.6663073702734343,2.6721406907451395,0.006289521662271296,0.2741361987225863,2.781549346690275,0.0023874311413311835,0.20926244708956504,0.0695850420743227,1.506765448317236,6.076580543907321,2.2509733560133953,0.061444773243702185,3.638694685332629,0.0005441938111235403,0.008567155037511914
B8,184,6.7942115044107245,110.96559385489672,1.8975621580469364,0.7845701879384567,2.678809355716316,0.005862585956121472,0.29624304601124357,3.5698793530464172,0.0033388289804712925,0.240267669668003,0.08645854810518878,1.5719928960410916,6.665444276770767,2.3824420899760965,0.07297430117139403,3.656890124690776,0.0010779988869700219,0.008030115847859355
B8,185,6.7394571207007585,109.8068127031438,1.9220851854402192,0.7854189550390049,2.678725914079316,0.005965546252234478,0.3010430117042697,3.5791279077529907,0.003792850197321374,0.24237478053083225,0.08495179088596179,1.561154029807266,6.651450682659538,2.3389756801177044,0.07397332354163637,3.5372560024261475,0.000877458670047864,0.007839277971823098
B8,186,6.111860411507743,110.2775190458633,1.3925573257159214,0.6627658952255638,2.6699844915039685,0.006616997670344248,0.2750678661526466,2.6836461598167616,0.0024608739129652517,0.21126765164793754,0.06964698106962808,1.507465698281113,6.122356463451775,2.147659644788625,0.06130529677837479,3.7991969682732405,0.0008817449583365921,0.011779945235823144
B8,187,5.990903620817224,124.43304343195632,1.3751910249797665,0.6716477062020983,2.6735195383733634,0.006225718337358261,0.2728478060084946,2.8900635753359114,0.002533900351631835,0.2081351268048189,0.06958088723524493,1.506080418216939,6.141444984747439,2.196581631290669,0.060293693627629964,3.5832215815174338,0.0013469983691877308,0.011639903926440025
B8,188,6.094722348816541,139.67536314902827,1.5348197699201351,0.7071222589940441,2.6728706116579017,0.005902568900711806,0.28375218869472035,2.808182503191792,0.002755383999212835,0.2251703760453633,0.07540445809005475,1.522667605049756,6.3216242984849575,2.2745655142531103,0.06500896499777327,3.464834077017648,0.0010884439607223714,0.0062346183552442515
B8,189,5.732490622267431,140.22114484291524,1.2057946658864314,0.6503928206404861,2.6711214756479067,0.006716617247640935,0.268552802046951,2.436738192426915,0.0022838611698623897,0.20339165445493193,0.06524394790889049,1.492337102792701,5.969445870847118,2.125384279659816,0.05690187858227564,3.594452670642308,0.0007230437675891422,0.008963228353585302
B8,190,5.625115997937261,139.43104684818536,1.1478754884126234,0.6164750456809998,2.675056671609684,0.006519083152240028,0.2579703470882104,2.3534531690636458,0.0020212436472635945,0.19755195628623573,0.061721017584204674,1.4794854460930338,6.063959501227554,2.1518915624034647,0.05147205355900283,3.5902078200359733,0.0010841780507189701,0.01086452082219638
B8,191,6.052056930503067,134.1285984921269,1.4954250862403793,0.66952481987525,2.6737384747485726,0.006757252480198002,0.2759371156595191,2.8006204658625076,0.002580044886135325,0.21795373668476026,0.070561947491096,1.5099073891737023,6.186145675425627,2.247320214096381,0.061053407967698814,3.5192852458175348,0.0008882137967369354,0.00790408165355019
B8,192,6.217317206518991,128.0190046709031,1.609059639731232,0.6847885731531649,2.673525776181902,0.0067561727610526,0.27833759298129956,2.9744279202149837,0.0026305403259858414,0.22171470492470022,0.07755345425435475,1.5349075575264133,6.325540591259392,2.3367860317230225,0.06674837938756967,3.5288884980337962,0.0010527718442922517,0.0077169395900705704
B8,193,5.960730766763493,127.91251629637554,1.466451921025101,0.6896332429379833,2.671911906222908,0.006240873885333861,0.27690877172411704,2.8061084233376445,0.0026983046048613055,0.21891241839953832,0.07171208498885437,1.5141399904173247,6.199222846907013,2.2565990564774494,0.06319951074083849,3.3972326152178707,0.0008572395231364485,0.0073678002412523305
B8,194,6.331247534070696,128.64093147404492,1.6431414506265096,0.7535881241973565,2.6777994097495568,0.005682877662867232,0.28749449186179105,3.090643527556439,0.002743974041754418,0.22792477175897483,0.07876545551936237,1.540139653244797,6.354521819523403,2.350409826453851,0.06666172202676535,3.514156069074358,0.0005323150488187152,0.007212268910595357
B8,195,6.2926687853676935,132.64818959403783,1.7550010197624868,0.7141307075412906,2.6689993751292325,0.005839128453790553,0.29989729730450376,3.2438840939074147,0.002917252055711436,0.23223779031208583,0.08451183710475357,1.5566856958428208,6.359723782052799,2.2845450153156204,0.07510048989206553,3.3174881959448057,0.0004391841682019281,0.008124984969341238
B8,196,5.645376716341291,127.7990389931947,1.2594177291101338,0.6450736528756668,2.6677873280583597,0.0064447389188583715,0.27086676292273465,2.580898027030789,0.002304944411699413,0.20422718415454943,0.06755693469728742,1.4979462282998222,6.048752726340781,2.109662912329849,0.05743189317611407,3.362106513003914,0.0008559003336005487,0.009917944439389337
B8,197,6.085998564350362,117.56395424902439,1.5498793499202144,0.7788543257178092,2.6714803929231605,0.006442299438165311,0.28327932345623874,2.9798783161202254,0.002997818971213134,0.21788437603687755,0.0737274339308544,1.5172976133774738,6.3093032642286655,2.281668159426475,0.06521200675669374,3.2851675091957557,0.0005145303489929429,0.005037998984344271
B8,198,6.210466511395513,118.96498477691785,1.642434728692989,0.7739347736446225,2.675317671834206,0.006823052096237637,0.2828624491788903,3.0060454217755064,0.0029641496491551933,0.22486914086098575,0.07183395968560054,1.5184482992911825,6.396009211637536,2.2941068118932297,0.06472871910628615,3.3303668669291904,0.0007909143325612289,0.008950735590007976
B8,199,6.116706108560368,118.74820581264794,1.6060157342224706,0.6945482492446899,2.6754719432519405,0.006182997104383967,0.27645994662022105,2.959128276425965,0.0029167208724954563,0.22421576082706451,0.07352369122815375,1.5022550675333763,6.465973309108189,2.2471901664928513,0.062041374018453825,3.3749666724886214,0.0013938608596114962,0.013098216357390384
B8,200,5.952730602147628,121.01840189332142,1.4415223406893867,0.7092951493603843,2.6680928930944328,0.0068978600629263235,0.2809575117972432,2.6054374508711757,0.0023635988829334323,0.21575819868214277,0.07301197056563533,1.512367652387035,6.25725810381831,2.1582436075015945,0.06390834130270749,3.4422790712239792,0.0005241163009338138,0.01061331685533722
