1890493 execve("/home/szu2070436088/.conda/envs/CVS-RFFI/bin/python3.10", ["/home/szu2070436088/.conda/envs/CVS-RFFI/bin/python3.10", "/home/szu2070436088/2510044040/CV-SincNet/code/scripts/run_phase2_landlock_isolated.py", "--allowlist", "/home/szu2070436088/2510044040/CV-SincNet/runs/qknn_ground_effective8_r16_e12_leoonly_20260715_v14_landlock_strict300_v5/cells/rx_20_1__seed_713101__new_20__k_1/pre_run_evidence/landlock_allowlist.json", "--write-dir", "/home/szu2070436088/2510044040/CV-SincNet/runs/qknn_ground_effective8_r16_e12_leoonly_20260715_v14_landlock_strict300_v5/cells/rx_20_1__seed_713101__new_20__k_1/predictor_output", "--runtime-read-dir", "/home/szu2070436088/.conda/envs/CVS-RFFI", "--require-pinned-inputs", "--attestation-out", "/home/szu2070436088/2510044040/CV-SincNet/runs/qknn_ground_effective8_r16_e12_leoonly_20260715_v14_landlock_strict300_v5/cells/rx_20_1__seed_713101__new_20__k_1/predictor_output/landlock_runtime_attestation.json", "--", "/home/szu2070436088/.conda/envs/CVS-RFFI/bin/python3.10", "/home/szu2070436088/2510044040/CV-SincNet/runs/qknn_ground_effective8_r16_e12_leoonly_20260715_v14/runtime_artifacts_strict_v10/runtime_closure/runtime/scripts/run_cvs_stage2_predictor.py", "--request-json", "/home/szu2070436088/2510044040/CV-SincNet/runs/qknn_ground_effective8_r16_e12_leoonly_20260715_v14_landlock_strict300_v5/cells/rx_20_1__seed_713101__new_20__k_1/request.json", "--predictor-package-root", "/home/szu2070436088/2510044040/CV-SincNet/runs/qknn_ground_effective8_r16_e12_leoonly_20260715_v14_landlock_strict300_v5/packages/rx_20_1__seed_713101__new_20/predictor", "--detached-seal-path", "/home/szu2070436088/2510044040/CV-SincNet/runs/qknn_ground_effective8_r16_e12_leoonly_20260715_v14_landlock_strict300_v5/packages/rx_20_1__seed_713101__new_20/predictor.seal.json", "--expected-seal-sha256", "622483367910d7ddb8dd88cdf36616db971f148f5016b1d95318c9d1368b59ce", "--output-root", "/home/szu2070436088/2510044040/CV-SincNet/runs/qknn_ground_effective8_r16_e12_leoonly_20260715_v14_landlock_strict300_v5/cells/rx_20_1__seed_713101__new_20__k_1/predictor_output", "--device", "cuda:0", "--batch-size", "256"], 0x7ffcf3a7bb30 /* 8 vars */) = 0
1890493 openat(AT_FDCWD</home/szu2070436088/2510044040/CV-SincNet>, "/home/szu2070436088/.conda/envs/CVS-RFFI/bin/../lib/glibc-hwcaps/x86-64-v4/libpthread.so.0", O_RDONLY|O_CLOEXEC) = -1 ENOENT (No such file or directory)
1890493 openat(AT_FDCWD</home/szu2070436088/2510044040/CV-SincNet>, "/home/szu2070436088/.conda/envs/CVS-RFFI/bin/../lib/glibc-hwcaps/x86-64-v3/libpthread.so.0", O_RDONLY|O_CLOEXEC) = -1 ENOENT (No such file or directory)
1890493 openat(AT_FDCWD</home/szu2070436088/2510044040/CV-SincNet>, "/home/szu2070436088/.conda/envs/CVS-RFFI/bin/../lib/glibc-hwcaps/x86-64-v2/libpthread.so.0", O_RDONLY|O_CLOEXEC) = -1 ENOENT (No such file or directory)
1890493 openat(AT_FDCWD</home/szu2070436088/2510044040/CV-SincNet>, "/home/szu2070436088/.conda/envs/CVS-RFFI/bin/../lib/libpthread.so.0", O_RDONLY|O_CLOEXEC) = -1 ENOENT (No such file or directory)
1890493 openat(AT_FDCWD</home/szu2070436088/2510044040/CV-SincNet>, "/etc/ld.so.cache", O_RDONLY|O_CLOEXEC) = 17</etc/ld.so.cache>
1890493 openat(AT_FDCWD</home/szu2070436088/2510044040/CV-SincNet>, "/lib/x86_64-linux-gnu/libpthread.so.0", O_RDONLY|O_CLOEXEC) = 17</usr/lib/x86_64-linux-gnu/libpthread.so.0>
1890493 openat(AT_FDCWD</home/szu2070436088/2510044040/CV-SincNet>, "/home/szu2070436088/.conda/envs/CVS-RFFI/bin/../lib/libdl.so.2", O_RDONLY|O_CLOEXEC) = -1 ENOENT (No such file or directory)
1890493 openat(AT_FDCWD</home/szu2070436088/2510044040/CV-SincNet>, "/lib/x86_64-linux-gnu/libdl.so.2", O_RDONLY|O_CLOEXEC) = 17</usr/lib/x86_64-linux-gnu/libdl.so.2>
1890493 openat(AT_FDCWD</home/szu2070436088/2510044040/CV-SincNet>, "/home/szu2070436088/.conda/envs/CVS-RFFI/bin/../lib/libutil.so.1", O_RDONLY|O_CLOEXEC) = -1 ENOENT (No such file or directory)
1890493 openat(AT_FDCWD</home/szu2070436088/2510044040/CV-SincNet>, "/lib/x86_64-linux-gnu/libutil.so.1", O_RDONLY|O_CLOEXEC) = 17</usr/lib/x86_64-linux-gnu/libutil.so.1>
1890493 openat(AT_FDCWD</home/szu2070436088/2510044040/CV-SincNet>, "/home/szu2070436088/.conda/envs/CVS-RFFI/bin/../lib/libm.so.6", O_RDONLY|O_CLOEXEC) = -1 ENOENT (No such file or directory)
1890493 openat(AT_FDCWD</home/szu2070436088/2510044040/CV-SincNet>, "/lib/x86_64-linux-gnu/libm.so.6", O_RDONLY|O_CLOEXEC) = 17</usr/lib/x86_64-linux-gnu/libm.so.6>
1890493 openat(AT_FDCWD</home/szu2070436088/2510044040/CV-SincNet>, "/home/szu2070436088/.conda/envs/CVS-RFFI/bin/../lib/libc.so.6", O_RDONLY|O_CLOEXEC) = -1 ENOENT (No such file or directory)
1890493 openat(AT_FDCWD</home/szu2070436088/2510044040/CV-SincNet>, "/lib/x86_64-linux-gnu/libc.so.6", O_RDONLY|O_CLOEXEC) = 17</usr/lib/x86_64-linux-gnu/libc.so.6>
1890493 openat(AT_FDCWD</home/szu2070436088/2510044040/CV-SincNet>, "/usr/lib/locale/locale-archive", O_RDONLY|O_CLOEXEC) = 17</usr/lib/locale/locale-archive>
1890493 openat(AT_FDCWD</home/szu2070436088/2510044040/CV-SincNet>, "/usr/share/locale/locale.alias", O_RDONLY|O_CLOEXEC) = 17</etc/locale.alias>
1890493 openat(AT_FDCWD</home/szu2070436088/2510044040/CV-SincNet>, "/usr/lib/locale/C.UTF-8/LC_CTYPE", O_RDONLY|O_CLOEXEC) = -1 ENOENT (No such file or directory)
1890493 openat(AT_FDCWD</home/szu2070436088/2510044040/CV-SincNet>, "/usr/lib/locale/C.utf8/LC_CTYPE", O_RDONLY|O_CLOEXEC) = 17</usr/lib/locale/C.utf8/LC_CTYPE>
1890493 openat(AT_FDCWD</home/szu2070436088/2510044040/CV-SincNet>, "/usr/lib/x86_64-linux-gnu/gconv/gconv-modules.cache", O_RDONLY|O_CLOEXEC) = 17</usr/lib/x86_64-linux-gnu/gconv/gconv-modules.cache>
1890493 openat(AT_FDCWD</home/szu2070436088/2510044040/CV-SincNet>, "/home/szu2070436088/.conda/envs/CVS-RFFI/bin/pyvenv.cfg", O_RDONLY) = -1 ENOENT (No such file or directory)
1890493 openat(AT_FDCWD</home/szu2070436088/2510044040/CV-SincNet>, "/home/szu2070436088/.conda/envs/CVS-RFFI/pyvenv.cfg", O_RDONLY) = -1 ENOENT (No such file or directory)
1890493 openat(AT_FDCWD</home/szu2070436088/2510044040/CV-SincNet>, "/home/szu2070436088/.conda/envs/CVS-RFFI/bin/pybuilddir.txt", O_RDONLY) = -1 ENOENT (No such file or directory)
1890493 openat(AT_FDCWD</home/szu2070436088/2510044040/CV-SincNet>, "/etc/localtime", O_RDONLY|O_CLOEXEC) = 17</usr/share/zoneinfo/Asia/Shanghai>
1890493 openat(AT_FDCWD</home/szu2070436088/2510044040/CV-SincNet>, "/home/szu2070436088/2510044040/CV-SincNet/runs/qknn_ground_effective8_r16_e12_leoonly_20260715_v14/runtime_artifacts_strict_v10/runtime_closure/runtime", O_RDONLY|O_NONBLOCK|O_CLOEXEC|O_DIRECTORY) = 17</home/szu2070436088/2510044040/CV-SincNet/runs/qknn_ground_effective8_r16_e12_leoonly_20260715_v14/runtime_artifacts_strict_v10/runtime_closure/runtime>
1890493 openat(AT_FDCWD</home/szu2070436088/2510044040/CV-SincNet>, "/home/szu2070436088/.conda/envs/CVS-RFFI/lib/python3.10", O_RDONLY|O_NONBLOCK|O_CLOEXEC|O_DIRECTORY) = 17</home/szu2070436088/.conda/envs/CVS-RFFI/lib/python3.10>
1890493 openat(AT_FDCWD</home/szu2070436088/2510044040/CV-SincNet>, "/home/szu2070436088/.conda/envs/CVS-RFFI/lib/python3.10/encodings/__pycache__/__init__.cpython-310.pyc", O_RDONLY|O_CLOEXEC) = 17</home/szu2070436088/.conda/envs/CVS-RFFI/lib/python3.10/encodings/__pycache__/__init__.cpython-310.pyc>
1890493 openat(AT_FDCWD</home/szu2070436088/2510044040/CV-SincNet>, "/home/szu2070436088/.conda/envs/CVS-RFFI/lib/python3.10/__pycache__/codecs.cpython-310.pyc", O_RDONLY|O_CLOEXEC) = 17</home/szu2070436088/.conda/envs/CVS-RFFI/lib/python3.10/__pycache__/codecs.cpython-310.pyc>
1890493 openat(AT_FDCWD</home/szu2070436088/2510044040/CV-SincNet>, "/home/szu2070436088/.conda/envs/CVS-RFFI/lib/python3.10/encodings", O_RDONLY|O_NONBLOCK|O_CLOEXEC|O_DIRECTORY) = 17</home/szu2070436088/.conda/envs/CVS-RFFI/lib/python3.10/encodings>
1890493 openat(AT_FDCWD</home/szu2070436088/2510044040/CV-SincNet>, "/home/szu2070436088/.conda/envs/CVS-RFFI/lib/python3.10/encodings/__pycache__/aliases.cpython-310.pyc", O_RDONLY|O_CLOEXEC) = 17</home/szu2070436088/.conda/envs/CVS-RFFI/lib/python3.10/encodings/__pycache__/aliases.cpython-310.pyc>
1890493 openat(AT_FDCWD</home/szu2070436088/2510044040/CV-SincNet>, "/home/szu2070436088/.conda/envs/CVS-RFFI/lib/python3.10/encodings/__pycache__/utf_8.cpython-310.pyc", O_RDONLY|O_CLOEXEC) = 17</home/szu2070436088/.conda/envs/CVS-RFFI/lib/python3.10/encodings/__pycache__/utf_8.cpython-310.pyc>
1890493 openat(AT_FDCWD</home/szu2070436088/2510044040/CV-SincNet>, "/home/szu2070436088/.conda/envs/CVS-RFFI/lib/python3.10/__pycache__/io.cpython-310.pyc", O_RDONLY|O_CLOEXEC) = 17</home/szu2070436088/.conda/envs/CVS-RFFI/lib/python3.10/__pycache__/io.cpython-310.pyc>
1890493 openat(AT_FDCWD</home/szu2070436088/2510044040/CV-SincNet>, "/home/szu2070436088/.conda/envs/CVS-RFFI/lib/python3.10/__pycache__/abc.cpython-310.pyc", O_RDONLY|O_CLOEXEC) = 17</home/szu2070436088/.conda/envs/CVS-RFFI/lib/python3.10/__pycache__/abc.cpython-310.pyc>
1890493 openat(AT_FDCWD</home/szu2070436088/2510044040/CV-SincNet>, "/home/szu2070436088/.conda/envs/CVS-RFFI/lib/python3.10/__pycache__/site.cpython-310.pyc", O_RDONLY|O_CLOEXEC) = 17</home/szu2070436088/.conda/envs/CVS-RFFI/lib/python3.10/__pycache__/site.cpython-310.pyc>
1890493 openat(AT_FDCWD</home/szu2070436088/2510044040/CV-SincNet>, "/home/szu2070436088/.conda/envs/CVS-RFFI/lib/python3.10/__pycache__/os.cpython-310.pyc", O_RDONLY|O_CLOEXEC) = 17</home/szu2070436088/.conda/envs/CVS-RFFI/lib/python3.10/__pycache__/os.cpython-310.pyc>
1890493 openat(AT_FDCWD</home/szu2070436088/2510044040/CV-SincNet>, "/home/szu2070436088/.conda/envs/CVS-RFFI/lib/python3.10/__pycache__/stat.cpython-310.pyc", O_RDONLY|O_CLOEXEC) = 17</home/szu2070436088/.conda/envs/CVS-RFFI/lib/python3.10/__pycache__/stat.cpython-310.pyc>
1890493 openat(AT_FDCWD</home/szu2070436088/2510044040/CV-SincNet>, "/home/szu2070436088/.conda/envs/CVS-RFFI/lib/python3.10/__pycache__/_collections_abc.cpython-310.pyc", O_RDONLY|O_CLOEXEC) = 17</home/szu2070436088/.conda/envs/CVS-RFFI/lib/python3.10/__pycache__/_collections_abc.cpython-310.pyc>
1890493 openat(AT_FDCWD</home/szu2070436088/2510044040/CV-SincNet>, "/home/szu2070436088/.conda/envs/CVS-RFFI/lib/python3.10/__pycache__/posixpath.cpython-310.pyc", O_RDONLY|O_CLOEXEC) = 17</home/szu2070436088/.conda/envs/CVS-RFFI/lib/python3.10/__pycache__/posixpath.cpython-310.pyc>
1890493 openat(AT_FDCWD</home/szu2070436088/2510044040/CV-SincNet>, "/home/szu2070436088/.conda/envs/CVS-RFFI/lib/python3.10/__pycache__/genericpath.cpython-310.pyc", O_RDONLY|O_CLOEXEC) = 17</home/szu2070436088/.conda/envs/CVS-RFFI/lib/python3.10/__pycache__/genericpath.cpython-310.pyc>
1890493 openat(AT_FDCWD</home/szu2070436088/2510044040/CV-SincNet>, "/home/szu2070436088/.conda/envs/CVS-RFFI/lib/python3.10/__pycache__/_sitebuiltins.cpython-310.pyc", O_RDONLY|O_CLOEXEC) = 17</home/szu2070436088/.conda/envs/CVS-RFFI/lib/python3.10/__pycache__/_sitebuiltins.cpython-310.pyc>
1890493 socket(AF_UNIX, SOCK_STREAM|SOCK_CLOEXEC|SOCK_NONBLOCK, 0) = 17<UNIX-STREAM:[1048826525]>
1890493 connect(17<UNIX-STREAM:[1048826525]>, {sa_family=AF_UNIX, sun_path="/var/run/nscd/socket"}, 110) = -1 ENOENT (No such file or directory)
1890493 socket(AF_UNIX, SOCK_STREAM|SOCK_CLOEXEC|SOCK_NONBLOCK, 0) = 17<UNIX-STREAM:[1048826526]>
1890493 connect(17<UNIX-STREAM:[1048826526]>, {sa_family=AF_UNIX, sun_path="/var/run/nscd/socket"}, 110) = -1 ENOENT (No such file or directory)
1890493 openat(AT_FDCWD</home/szu2070436088/2510044040/CV-SincNet>, "/etc/nsswitch.conf", O_RDONLY|O_CLOEXEC) = 17</etc/nsswitch.conf>
1890493 openat(AT_FDCWD</home/szu2070436088/2510044040/CV-SincNet>, "/etc/passwd", O_RDONLY|O_CLOEXEC) = 17</etc/passwd>
1890493 openat(AT_FDCWD</home/szu2070436088/2510044040/CV-SincNet>, "/home/szu2070436088/.conda/envs/CVS-RFFI/lib/python3.10/site-packages", O_RDONLY|O_NONBLOCK|O_CLOEXEC|O_DIRECTORY) = 17</home/szu2070436088/.conda/envs/CVS-RFFI/lib/python3.10/site-packages>
1890493 openat(AT_FDCWD</home/szu2070436088/2510044040/CV-SincNet>, "/home/szu2070436088/.conda/envs/CVS-RFFI/lib/python3.10/site-packages/distutils-precedence.pth", O_RDONLY|O_CLOEXEC) = 17</home/szu2070436088/.conda/envs/CVS-RFFI/lib/python3.10/site-packages/distutils-precedence.pth>
1890493 openat(AT_FDCWD</home/szu2070436088/2510044040/CV-SincNet>, "/home/szu2070436088/.conda/envs/CVS-RFFI/lib/python3.10/lib-dynload", O_RDONLY|O_NONBLOCK|O_CLOEXEC|O_DIRECTORY) = 18</home/szu2070436088/.conda/envs/CVS-RFFI/lib/python3.10/lib-dynload>
1890493 openat(AT_FDCWD</home/szu2070436088/2510044040/CV-SincNet>, "/home/szu2070436088/.conda/envs/CVS-RFFI/lib/python3.10/site-packages", O_RDONLY|O_NONBLOCK|O_CLOEXEC|O_DIRECTORY) = 18</home/szu2070436088/.conda/envs/CVS-RFFI/lib/python3.10/site-packages>
1890493 openat(AT_FDCWD</home/szu2070436088/2510044040/CV-SincNet>, "/home/szu2070436088/.conda/envs/CVS-RFFI/lib/python3.10/site-packages/_distutils_hack/__pycache__/__init__.cpython-310.pyc", O_RDONLY|O_CLOEXEC) = 18</home/szu2070436088/.conda/envs/CVS-RFFI/lib/python3.10/site-packages/_distutils_hack/__pycache__/__init__.cpython-310.pyc>
1890493 openat(AT_FDCWD</home/szu2070436088/2510044040/CV-SincNet>, "/home/szu2070436088/2510044040/CV-SincNet/code/scripts/run_phase2_landlock_isolated.py", O_RDONLY|O_CLOEXEC) = 17</home/szu2070436088/2510044040/CV-SincNet/code/scripts/run_phase2_landlock_isolated.py>
1890493 openat(AT_FDCWD</home/szu2070436088/2510044040/CV-SincNet>, "/home/szu2070436088/2510044040/CV-SincNet/code/scripts/run_phase2_landlock_isolated.py", O_RDONLY) = 17</home/szu2070436088/2510044040/CV-SincNet/code/scripts/run_phase2_landlock_isolated.py>
1890493 openat(AT_FDCWD</home/szu2070436088/2510044040/CV-SincNet>, "/home/szu2070436088/2510044040/CV-SincNet/code/scripts", O_RDONLY|O_NONBLOCK|O_CLOEXEC|O_DIRECTORY) = 17</home/szu2070436088/2510044040/CV-SincNet/code/scripts>
1890493 openat(AT_FDCWD</home/szu2070436088/2510044040/CV-SincNet>, "/home/szu2070436088/.conda/envs/CVS-RFFI/lib/python3.10/__pycache__/__future__.cpython-310.pyc", O_RDONLY|O_CLOEXEC) = 17</home/szu2070436088/.conda/envs/CVS-RFFI/lib/python3.10/__pycache__/__future__.cpython-310.pyc>
1890493 openat(AT_FDCWD</home/szu2070436088/2510044040/CV-SincNet>, "/home/szu2070436088/.conda/envs/CVS-RFFI/lib/python3.10/__pycache__/argparse.cpython-310.pyc", O_RDONLY|O_CLOEXEC) = 17</home/szu2070436088/.conda/envs/CVS-RFFI/lib/python3.10/__pycache__/argparse.cpython-310.pyc>
1890493 openat(AT_FDCWD</home/szu2070436088/2510044040/CV-SincNet>, "/home/szu2070436088/.conda/envs/CVS-RFFI/lib/python3.10/__pycache__/re.cpython-310.pyc", O_RDONLY|O_CLOEXEC) = 17</home/szu2070436088/.conda/envs/CVS-RFFI/lib/python3.10/__pycache__/re.cpython-310.pyc>
1890493 openat(AT_FDCWD</home/szu2070436088/2510044040/CV-SincNet>, "/home/szu2070436088/.conda/envs/CVS-RFFI/lib/python3.10/__pycache__/enum.cpython-310.pyc", O_RDONLY|O_CLOEXEC) = 17</home/szu2070436088/.conda/envs/CVS-RFFI/lib/python3.10/__pycache__/enum.cpython-310.pyc>
1890493 openat(AT_FDCWD</home/szu2070436088/2510044040/CV-SincNet>, "/home/szu2070436088/.conda/envs/CVS-RFFI/lib/python3.10/__pycache__/types.cpython-310.pyc", O_RDONLY|O_CLOEXEC) = 17</home/szu2070436088/.conda/envs/CVS-RFFI/lib/python3.10/__pycache__/types.cpython-310.pyc>
1890493 openat(AT_FDCWD</home/szu2070436088/2510044040/CV-SincNet>, "/home/szu2070436088/.conda/envs/CVS-RFFI/lib/python3.10/__pycache__/sre_compile.cpython-310.pyc", O_RDONLY|O_CLOEXEC) = 17</home/szu2070436088/.conda/envs/CVS-RFFI/lib/python3.10/__pycache__/sre_compile.cpython-310.pyc>
1890493 openat(AT_FDCWD</home/szu2070436088/2510044040/CV-SincNet>, "/home/szu2070436088/.conda/envs/CVS-RFFI/lib/python3.10/__pycache__/sre_parse.cpython-310.pyc", O_RDONLY|O_CLOEXEC) = 17</home/szu2070436088/.conda/envs/CVS-RFFI/lib/python3.10/__pycache__/sre_parse.cpython-310.pyc>
1890493 openat(AT_FDCWD</home/szu2070436088/2510044040/CV-SincNet>, "/home/szu2070436088/.conda/envs/CVS-RFFI/lib/python3.10/__pycache__/sre_constants.cpython-310.pyc", O_RDONLY|O_CLOEXEC) = 17</home/szu2070436088/.conda/envs/CVS-RFFI/lib/python3.10/__pycache__/sre_constants.cpython-310.pyc>
1890493 openat(AT_FDCWD</home/szu2070436088/2510044040/CV-SincNet>, "/home/szu2070436088/.conda/envs/CVS-RFFI/lib/python3.10/__pycache__/functools.cpython-310.pyc", O_RDONLY|O_CLOEXEC) = 17</home/szu2070436088/.conda/envs/CVS-RFFI/lib/python3.10/__pycache__/functools.cpython-310.pyc>
1890493 openat(AT_FDCWD</home/szu2070436088/2510044040/CV-SincNet>, "/home/szu2070436088/.conda/envs/CVS-RFFI/lib/python3.10/collections/__pycache__/__init__.cpython-310.pyc", O_RDONLY|O_CLOEXEC) = 17</home/szu2070436088/.conda/envs/CVS-RFFI/lib/python3.10/collections/__pycache__/__init__.cpython-310.pyc>
1890493 openat(AT_FDCWD</home/szu2070436088/2510044040/CV-SincNet>, "/home/szu2070436088/.conda/envs/CVS-RFFI/lib/python3.10/__pycache__/keyword.cpython-310.pyc", O_RDONLY|O_CLOEXEC) = 17</home/szu2070436088/.conda/envs/CVS-RFFI/lib/python3.10/__pycache__/keyword.cpython-310.pyc>
1890493 openat(AT_FDCWD</home/szu2070436088/2510044040/CV-SincNet>, "/home/szu2070436088/.conda/envs/CVS-RFFI/lib/python3.10/__pycache__/operator.cpython-310.pyc", O_RDONLY|O_CLOEXEC) = 17</home/szu2070436088/.conda/envs/CVS-RFFI/lib/python3.10/__pycache__/operator.cpython-310.pyc>
1890493 openat(AT_FDCWD</home/szu2070436088/2510044040/CV-SincNet>, "/home/szu2070436088/.conda/envs/CVS-RFFI/lib/python3.10/__pycache__/reprlib.cpython-310.pyc", O_RDONLY|O_CLOEXEC) = 17</home/szu2070436088/.conda/envs/CVS-RFFI/lib/python3.10/__pycache__/reprlib.cpython-310.pyc>
1890493 openat(AT_FDCWD</home/szu2070436088/2510044040/CV-SincNet>, "/home/szu2070436088/.conda/envs/CVS-RFFI/lib/python3.10/__pycache__/copyreg.cpython-310.pyc", O_RDONLY|O_CLOEXEC) = 17</home/szu2070436088/.conda/envs/CVS-RFFI/lib/python3.10/__pycache__/copyreg.cpython-310.pyc>
1890493 openat(AT_FDCWD</home/szu2070436088/2510044040/CV-SincNet>, "/home/szu2070436088/.conda/envs/CVS-RFFI/lib/python3.10/__pycache__/gettext.cpython-310.pyc", O_RDONLY|O_CLOEXEC) = 17</home/szu2070436088/.conda/envs/CVS-RFFI/lib/python3.10/__pycache__/gettext.cpython-310.pyc>
1890493 openat(AT_FDCWD</home/szu2070436088/2510044040/CV-SincNet>, "/home/szu2070436088/.conda/envs/CVS-RFFI/lib/python3.10/ctypes/__pycache__/__init__.cpython-310.pyc", O_RDONLY|O_CLOEXEC) = 17</home/szu2070436088/.conda/envs/CVS-RFFI/lib/python3.10/ctypes/__pycache__/__init__.cpython-310.pyc>
1890493 openat(AT_FDCWD</home/szu2070436088/2510044040/CV-SincNet>, "/home/szu2070436088/.conda/envs/CVS-RFFI/lib/python3.10/lib-dynload/_ctypes.cpython-310-x86_64-linux-gnu.so", O_RDONLY|O_CLOEXEC) = 17</home/szu2070436088/.conda/envs/CVS-RFFI/lib/python3.10/lib-dynload/_ctypes.cpython-310-x86_64-linux-gnu.so>
1890493 openat(AT_FDCWD</home/szu2070436088/2510044040/CV-SincNet>, "/home/szu2070436088/.conda/envs/CVS-RFFI/lib/python3.10/lib-dynload/../../glibc-hwcaps/x86-64-v4/libffi.so.8", O_RDONLY|O_CLOEXEC) = -1 ENOENT (No such file or directory)
1890493 openat(AT_FDCWD</home/szu2070436088/2510044040/CV-SincNet>, "/home/szu2070436088/.conda/envs/CVS-RFFI/lib/python3.10/lib-dynload/../../glibc-hwcaps/x86-64-v3/libffi.so.8", O_RDONLY|O_CLOEXEC) = -1 ENOENT (No such file or directory)
1890493 openat(AT_FDCWD</home/szu2070436088/2510044040/CV-SincNet>, "/home/szu2070436088/.conda/envs/CVS-RFFI/lib/python3.10/lib-dynload/../../glibc-hwcaps/x86-64-v2/libffi.so.8", O_RDONLY|O_CLOEXEC) = -1 ENOENT (No such file or directory)
1890493 openat(AT_FDCWD</home/szu2070436088/2510044040/CV-SincNet>, "/home/szu2070436088/.conda/envs/CVS-RFFI/lib/python3.10/lib-dynload/../../libffi.so.8", O_RDONLY|O_CLOEXEC) = 17</home/szu2070436088/.conda/envs/CVS-RFFI/lib/libffi.so.8.1.2>
1890493 openat(AT_FDCWD</home/szu2070436088/2510044040/CV-SincNet>, "/home/szu2070436088/.conda/envs/CVS-RFFI/lib/python3.10/__pycache__/struct.cpython-310.pyc", O_RDONLY|O_CLOEXEC) = 17</home/szu2070436088/.conda/envs/CVS-RFFI/lib/python3.10/__pycache__/struct.cpython-310.pyc>
1890493 openat(AT_FDCWD</home/szu2070436088/2510044040/CV-SincNet>, "/home/szu2070436088/.conda/envs/CVS-RFFI/lib/python3.10/lib-dynload/_struct.cpython-310-x86_64-linux-gnu.so", O_RDONLY|O_CLOEXEC) = 17</home/szu2070436088/.conda/envs/CVS-RFFI/lib/python3.10/lib-dynload/_struct.cpython-310-x86_64-linux-gnu.so>
1890493 openat(AT_FDCWD</home/szu2070436088/2510044040/CV-SincNet>, "/home/szu2070436088/.conda/envs/CVS-RFFI/lib/python3.10/ctypes", O_RDONLY|O_NONBLOCK|O_CLOEXEC|O_DIRECTORY) = 17</home/szu2070436088/.conda/envs/CVS-RFFI/lib/python3.10/ctypes>
1890493 openat(AT_FDCWD</home/szu2070436088/2510044040/CV-SincNet>, "/home/szu2070436088/.conda/envs/CVS-RFFI/lib/python3.10/ctypes/__pycache__/_endian.cpython-310.pyc", O_RDONLY|O_CLOEXEC) = 17</home/szu2070436088/.conda/envs/CVS-RFFI/lib/python3.10/ctypes/__pycache__/_endian.cpython-310.pyc>
1890493 openat(AT_FDCWD</home/szu2070436088/2510044040/CV-SincNet>, "/home/szu2070436088/.conda/envs/CVS-RFFI/lib/python3.10/json/__pycache__/__init__.cpython-310.pyc", O_RDONLY|O_CLOEXEC) = 17</home/szu2070436088/.conda/envs/CVS-RFFI/lib/python3.10/json/__pycache__/__init__.cpython-310.pyc>
1890493 openat(AT_FDCWD</home/szu2070436088/2510044040/CV-SincNet>, "/home/szu2070436088/.conda/envs/CVS-RFFI/lib/python3.10/json", O_RDONLY|O_NONBLOCK|O_CLOEXEC|O_DIRECTORY) = 17</home/szu2070436088/.conda/envs/CVS-RFFI/lib/python3.10/json>
1890493 openat(AT_FDCWD</home/szu2070436088/2510044040/CV-SincNet>, "/home/szu2070436088/.conda/envs/CVS-RFFI/lib/python3.10/json/__pycache__/decoder.cpython-310.pyc", O_RDONLY|O_CLOEXEC) = 17</home/szu2070436088/.conda/envs/CVS-RFFI/lib/python3.10/json/__pycache__/decoder.cpython-310.pyc>
1890493 openat(AT_FDCWD</home/szu2070436088/2510044040/CV-SincNet>, "/home/szu2070436088/.conda/envs/CVS-RFFI/lib/python3.10/json/__pycache__/scanner.cpython-310.pyc", O_RDONLY|O_CLOEXEC) = 17</home/szu2070436088/.conda/envs/CVS-RFFI/lib/python3.10/json/__pycache__/scanner.cpython-310.pyc>
1890493 openat(AT_FDCWD</home/szu2070436088/2510044040/CV-SincNet>, "/home/szu2070436088/.conda/envs/CVS-RFFI/lib/python3.10/lib-dynload/_json.cpython-310-x86_64-linux-gnu.so", O_RDONLY|O_CLOEXEC) = 17</home/szu2070436088/.conda/envs/CVS-RFFI/lib/python3.10/lib-dynload/_json.cpython-310-x86_64-linux-gnu.so>
1890493 openat(AT_FDCWD</home/szu2070436088/2510044040/CV-SincNet>, "/home/szu2070436088/.conda/envs/CVS-RFFI/lib/python3.10/json/__pycache__/encoder.cpython-310.pyc", O_RDONLY|O_CLOEXEC) = 17</home/szu2070436088/.conda/envs/CVS-RFFI/lib/python3.10/json/__pycache__/encoder.cpython-310.pyc>
1890493 openat(AT_FDCWD</home/szu2070436088/2510044040/CV-SincNet>, "/home/szu2070436088/.conda/envs/CVS-RFFI/lib/python3.10/__pycache__/platform.cpython-310.pyc", O_RDONLY|O_CLOEXEC) = 17</home/szu2070436088/.conda/envs/CVS-RFFI/lib/python3.10/__pycache__/platform.cpython-310.pyc>
1890493 openat(AT_FDCWD</home/szu2070436088/2510044040/CV-SincNet>, "/home/szu2070436088/.conda/envs/CVS-RFFI/lib/python3.10/__pycache__/subprocess.cpython-310.pyc", O_RDONLY|O_CLOEXEC) = 17</home/szu2070436088/.conda/envs/CVS-RFFI/lib/python3.10/__pycache__/subprocess.cpython-310.pyc>
1890493 openat(AT_FDCWD</home/szu2070436088/2510044040/CV-SincNet>, "/home/szu2070436088/.conda/envs/CVS-RFFI/lib/python3.10/__pycache__/signal.cpython-310.pyc", O_RDONLY|O_CLOEXEC) = 17</home/szu2070436088/.conda/envs/CVS-RFFI/lib/python3.10/__pycache__/signal.cpython-310.pyc>
1890493 openat(AT_FDCWD</home/szu2070436088/2510044040/CV-SincNet>, "/home/szu2070436088/.conda/envs/CVS-RFFI/lib/python3.10/__pycache__/threading.cpython-310.pyc", O_RDONLY|O_CLOEXEC) = 17</home/szu2070436088/.conda/envs/CVS-RFFI/lib/python3.10/__pycache__/threading.cpython-310.pyc>
1890493 openat(AT_FDCWD</home/szu2070436088/2510044040/CV-SincNet>, "/home/szu2070436088/.conda/envs/CVS-RFFI/lib/python3.10/__pycache__/_weakrefset.cpython-310.pyc", O_RDONLY|O_CLOEXEC) = 17</home/szu2070436088/.conda/envs/CVS-RFFI/lib/python3.10/__pycache__/_weakrefset.cpython-310.pyc>
1890493 openat(AT_FDCWD</home/szu2070436088/2510044040/CV-SincNet>, "/home/szu2070436088/.conda/envs/CVS-RFFI/lib/python3.10/__pycache__/warnings.cpython-310.pyc", O_RDONLY|O_CLOEXEC) = 17</home/szu2070436088/.conda/envs/CVS-RFFI/lib/python3.10/__pycache__/warnings.cpython-310.pyc>
1890493 openat(AT_FDCWD</home/szu2070436088/2510044040/CV-SincNet>, "/home/szu2070436088/.conda/envs/CVS-RFFI/lib/python3.10/__pycache__/contextlib.cpython-310.pyc", O_RDONLY|O_CLOEXEC) = 17</home/szu2070436088/.conda/envs/CVS-RFFI/lib/python3.10/__pycache__/contextlib.cpython-310.pyc>
1890493 openat(AT_FDCWD</home/szu2070436088/2510044040/CV-SincNet>, "/home/szu2070436088/.conda/envs/CVS-RFFI/lib/python3.10/lib-dynload/fcntl.cpython-310-x86_64-linux-gnu.so", O_RDONLY|O_CLOEXEC) = 17</home/szu2070436088/.conda/envs/CVS-RFFI/lib/python3.10/lib-dynload/fcntl.cpython-310-x86_64-linux-gnu.so>
1890493 openat(AT_FDCWD</home/szu2070436088/2510044040/CV-SincNet>, "/home/szu2070436088/.conda/envs/CVS-RFFI/lib/python3.10/lib-dynload/_posixsubprocess.cpython-310-x86_64-linux-gnu.so", O_RDONLY|O_CLOEXEC) = 17</home/szu2070436088/.conda/envs/CVS-RFFI/lib/python3.10/lib-dynload/_posixsubprocess.cpython-310-x86_64-linux-gnu.so>
1890493 openat(AT_FDCWD</home/szu2070436088/2510044040/CV-SincNet>, "/home/szu2070436088/.conda/envs/CVS-RFFI/lib/python3.10/lib-dynload/select.cpython-310-x86_64-linux-gnu.so", O_RDONLY|O_CLOEXEC) = 17</home/szu2070436088/.conda/envs/CVS-RFFI/lib/python3.10/lib-dynload/select.cpython-310-x86_64-linux-gnu.so>
1890493 openat(AT_FDCWD</home/szu2070436088/2510044040/CV-SincNet>, "/home/szu2070436088/.conda/envs/CVS-RFFI/lib/python3.10/__pycache__/selectors.cpython-310.pyc", O_RDONLY|O_CLOEXEC) = 17</home/szu2070436088/.conda/envs/CVS-RFFI/lib/python3.10/__pycache__/selectors.cpython-310.pyc>
1890493 openat(AT_FDCWD</home/szu2070436088/2510044040/CV-SincNet>, "/home/szu2070436088/.conda/envs/CVS-RFFI/lib/python3.10/collections", O_RDONLY|O_NONBLOCK|O_CLOEXEC|O_DIRECTORY) = 17</home/szu2070436088/.conda/envs/CVS-RFFI/lib/python3.10/collections>
1890493 openat(AT_FDCWD</home/szu2070436088/2510044040/CV-SincNet>, "/home/szu2070436088/.conda/envs/CVS-RFFI/lib/python3.10/collections/__pycache__/abc.cpython-310.pyc", O_RDONLY|O_CLOEXEC) = 17</home/szu2070436088/.conda/envs/CVS-RFFI/lib/python3.10/collections/__pycache__/abc.cpython-310.pyc>
1890493 openat(AT_FDCWD</home/szu2070436088/2510044040/CV-SincNet>, "/home/szu2070436088/.conda/envs/CVS-RFFI/lib/python3.10/lib-dynload/math.cpython-310-x86_64-linux-gnu.so", O_RDONLY|O_CLOEXEC) = 17</home/szu2070436088/.conda/envs/CVS-RFFI/lib/python3.10/lib-dynload/math.cpython-310-x86_64-linux-gnu.so>
1890493 openat(AT_FDCWD</home/szu2070436088/2510044040/CV-SincNet>, "/home/szu2070436088/.conda/envs/CVS-RFFI/lib/python3.10/__pycache__/pathlib.cpython-310.pyc", O_RDONLY|O_CLOEXEC) = 17</home/szu2070436088/.conda/envs/CVS-RFFI/lib/python3.10/__pycache__/pathlib.cpython-310.pyc>
1890493 openat(AT_FDCWD</home/szu2070436088/2510044040/CV-SincNet>, "/home/szu2070436088/.conda/envs/CVS-RFFI/lib/python3.10/__pycache__/fnmatch.cpython-310.pyc", O_RDONLY|O_CLOEXEC) = 17</home/szu2070436088/.conda/envs/CVS-RFFI/lib/python3.10/__pycache__/fnmatch.cpython-310.pyc>
1890493 openat(AT_FDCWD</home/szu2070436088/2510044040/CV-SincNet>, "/home/szu2070436088/.conda/envs/CVS-RFFI/lib/python3.10/__pycache__/ntpath.cpython-310.pyc", O_RDONLY|O_CLOEXEC) = 17</home/szu2070436088/.conda/envs/CVS-RFFI/lib/python3.10/__pycache__/ntpath.cpython-310.pyc>
1890493 openat(AT_FDCWD</home/szu2070436088/2510044040/CV-SincNet>, "/home/szu2070436088/.conda/envs/CVS-RFFI/lib/python3.10/urllib/__pycache__/__init__.cpython-310.pyc", O_RDONLY|O_CLOEXEC) = 17</home/szu2070436088/.conda/envs/CVS-RFFI/lib/python3.10/urllib/__pycache__/__init__.cpython-310.pyc>
1890493 openat(AT_FDCWD</home/szu2070436088/2510044040/CV-SincNet>, "/home/szu2070436088/.conda/envs/CVS-RFFI/lib/python3.10/urllib", O_RDONLY|O_NONBLOCK|O_CLOEXEC|O_DIRECTORY) = 17</home/szu2070436088/.conda/envs/CVS-RFFI/lib/python3.10/urllib>
1890493 openat(AT_FDCWD</home/szu2070436088/2510044040/CV-SincNet>, "/home/szu2070436088/.conda/envs/CVS-RFFI/lib/python3.10/urllib/__pycache__/parse.cpython-310.pyc", O_RDONLY|O_CLOEXEC) = 17</home/szu2070436088/.conda/envs/CVS-RFFI/lib/python3.10/urllib/__pycache__/parse.cpython-310.pyc>
1890493 openat(AT_FDCWD</home/szu2070436088/2510044040/CV-SincNet>, "/home/szu2070436088/.conda/envs/CVS-RFFI/lib/python3.10/__pycache__/ipaddress.cpython-310.pyc", O_RDONLY|O_CLOEXEC) = 17</home/szu2070436088/.conda/envs/CVS-RFFI/lib/python3.10/__pycache__/ipaddress.cpython-310.pyc>
1890493 openat(AT_FDCWD</home/szu2070436088/2510044040/CV-SincNet>, "/home/szu2070436088/.conda/envs/CVS-RFFI/lib/python3.10/__pycache__/locale.cpython-310.pyc", O_RDONLY|O_CLOEXEC) = 17</home/szu2070436088/.conda/envs/CVS-RFFI/lib/python3.10/__pycache__/locale.cpython-310.pyc>
1890493 openat(AT_FDCWD</home/szu2070436088/2510044040/CV-SincNet>, "/home/szu2070436088/.conda/envs/CVS-RFFI/lib/python3.10/__pycache__/shutil.cpython-310.pyc", O_RDONLY|O_CLOEXEC) = 17</home/szu2070436088/.conda/envs/CVS-RFFI/lib/python3.10/__pycache__/shutil.cpython-310.pyc>
1890493 openat(AT_FDCWD</home/szu2070436088/2510044040/CV-SincNet>, "/home/szu2070436088/.conda/envs/CVS-RFFI/lib/python3.10/lib-dynload/zlib.cpython-310-x86_64-linux-gnu.so", O_RDONLY|O_CLOEXEC) = 17</home/szu2070436088/.conda/envs/CVS-RFFI/lib/python3.10/lib-dynload/zlib.cpython-310-x86_64-linux-gnu.so>
1890493 openat(AT_FDCWD</home/szu2070436088/2510044040/CV-SincNet>, "/home/szu2070436088/.conda/envs/CVS-RFFI/lib/python3.10/lib-dynload/../../libz.so.1", O_RDONLY|O_CLOEXEC) = 17</home/szu2070436088/.conda/envs/CVS-RFFI/lib/libz.so.1.3.1>
1890493 openat(AT_FDCWD</home/szu2070436088/2510044040/CV-SincNet>, "/home/szu2070436088/.conda/envs/CVS-RFFI/lib/python3.10/__pycache__/bz2.cpython-310.pyc", O_RDONLY|O_CLOEXEC) = 17</home/szu2070436088/.conda/envs/CVS-RFFI/lib/python3.10/__pycache__/bz2.cpython-310.pyc>
1890493 openat(AT_FDCWD</home/szu2070436088/2510044040/CV-SincNet>, "/home/szu2070436088/.conda/envs/CVS-RFFI/lib/python3.10/__pycache__/_compression.cpython-310.pyc", O_RDONLY|O_CLOEXEC) = 17</home/szu2070436088/.conda/envs/CVS-RFFI/lib/python3.10/__pycache__/_compression.cpython-310.pyc>
1890493 openat(AT_FDCWD</home/szu2070436088/2510044040/CV-SincNet>, "/home/szu2070436088/.conda/envs/CVS-RFFI/lib/python3.10/lib-dynload/_bz2.cpython-310-x86_64-linux-gnu.so", O_RDONLY|O_CLOEXEC) = 17</home/szu2070436088/.conda/envs/CVS-RFFI/lib/python3.10/lib-dynload/_bz2.cpython-310-x86_64-linux-gnu.so>
1890493 openat(AT_FDCWD</home/szu2070436088/2510044040/CV-SincNet>, "/home/szu2070436088/.conda/envs/CVS-RFFI/lib/python3.10/lib-dynload/../../libbz2.so.1.0", O_RDONLY|O_CLOEXEC) = 17</home/szu2070436088/.conda/envs/CVS-RFFI/lib/libbz2.so.1.0.8>
1890493 openat(AT_FDCWD</home/szu2070436088/2510044040/CV-SincNet>, "/home/szu2070436088/.conda/envs/CVS-RFFI/lib/python3.10/__pycache__/lzma.cpython-310.pyc", O_RDONLY|O_CLOEXEC) = 17</home/szu2070436088/.conda/envs/CVS-RFFI/lib/python3.10/__pycache__/lzma.cpython-310.pyc>
1890493 openat(AT_FDCWD</home/szu2070436088/2510044040/CV-SincNet>, "/home/szu2070436088/.conda/envs/CVS-RFFI/lib/python3.10/lib-dynload/_lzma.cpython-310-x86_64-linux-gnu.so", O_RDONLY|O_CLOEXEC) = 17</home/szu2070436088/.conda/envs/CVS-RFFI/lib/python3.10/lib-dynload/_lzma.cpython-310-x86_64-linux-gnu.so>
1890493 openat(AT_FDCWD</home/szu2070436088/2510044040/CV-SincNet>, "/home/szu2070436088/.conda/envs/CVS-RFFI/lib/python3.10/lib-dynload/../../liblzma.so.5", O_RDONLY|O_CLOEXEC) = 17</home/szu2070436088/.conda/envs/CVS-RFFI/lib/liblzma.so.5.6.4>
1890493 openat(AT_FDCWD</home/szu2070436088/2510044040/CV-SincNet>, "/home/szu2070436088/2510044040/CV-SincNet/runs/qknn_ground_effective8_r16_e12_leoonly_20260715_v14_landlock_strict300_v5/cells/rx_20_1__seed_713101__new_20__k_1/pre_run_evidence/landlock_allowlist.json", O_RDONLY|O_CLOEXEC) = 17</home/szu2070436088/2510044040/CV-SincNet/runs/qknn_ground_effective8_r16_e12_leoonly_20260715_v14_landlock_strict300_v5/cells/rx_20_1__seed_713101__new_20__k_1/pre_run_evidence/landlock_allowlist.json>
1890493 openat(AT_FDCWD</home/szu2070436088/2510044040/CV-SincNet>, "/home/szu2070436088/.conda/envs/CVS-RFFI/lib/python3.10/encodings/__pycache__/utf_8_sig.cpython-310.pyc", O_RDONLY|O_CLOEXEC) = 18</home/szu2070436088/.conda/envs/CVS-RFFI/lib/python3.10/encodings/__pycache__/utf_8_sig.cpython-310.pyc>
1890493 openat(AT_FDCWD</home/szu2070436088/2510044040/CV-SincNet>, "/home/szu2070436088/2510044040/CV-SincNet/runs/qknn_ground_effective8_r16_e12_leoonly_20260715_v14/runtime_artifacts_strict_v10/runtime_closure/runtime/cvsrffi/__init__.py", O_RDONLY|O_CLOEXEC|O_PATH) = 18</home/szu2070436088/2510044040/CV-SincNet/runs/qknn_ground_effective8_r16_e12_leoonly_20260715_v14/runtime_artifacts_strict_v10/runtime_closure/runtime/cvsrffi/__init__.py>
1890493 openat(AT_FDCWD</home/szu2070436088/2510044040/CV-SincNet>, "/home/szu2070436088/2510044040/CV-SincNet/runs/qknn_ground_effective8_r16_e12_leoonly_20260715_v14/runtime_artifacts_strict_v10/runtime_closure/runtime/cvsrffi/phase2_memfd_snapshot.py", O_RDONLY|O_CLOEXEC|O_PATH) = 18</home/szu2070436088/2510044040/CV-SincNet/runs/qknn_ground_effective8_r16_e12_leoonly_20260715_v14/runtime_artifacts_strict_v10/runtime_closure/runtime/cvsrffi/phase2_memfd_snapshot.py>
1890493 openat(AT_FDCWD</home/szu2070436088/2510044040/CV-SincNet>, "/home/szu2070436088/2510044040/CV-SincNet/runs/qknn_ground_effective8_r16_e12_leoonly_20260715_v14/runtime_artifacts_strict_v10/runtime_closure/runtime/cvsrffi/phase2_runtime_contract.py", O_RDONLY|O_CLOEXEC|O_PATH) = 18</home/szu2070436088/2510044040/CV-SincNet/runs/qknn_ground_effective8_r16_e12_leoonly_20260715_v14/runtime_artifacts_strict_v10/runtime_closure/runtime/cvsrffi/phase2_runtime_contract.py>
1890493 openat(AT_FDCWD</home/szu2070436088/2510044040/CV-SincNet>, "/home/szu2070436088/2510044040/CV-SincNet/runs/qknn_ground_effective8_r16_e12_leoonly_20260715_v14/runtime_artifacts_strict_v10/runtime_closure/runtime/cvsrffi/phase2_symmetric_head.py", O_RDONLY|O_CLOEXEC|O_PATH) = 18</home/szu2070436088/2510044040/CV-SincNet/runs/qknn_ground_effective8_r16_e12_leoonly_20260715_v14/runtime_artifacts_strict_v10/runtime_closure/runtime/cvsrffi/phase2_symmetric_head.py>
1890493 openat(AT_FDCWD</home/szu2070436088/2510044040/CV-SincNet>, "/home/szu2070436088/2510044040/CV-SincNet/runs/qknn_ground_effective8_r16_e12_leoonly_20260715_v14/runtime_artifacts_strict_v10/runtime_closure/runtime/cvsrffi/stage2_prediction_artifact.py", O_RDONLY|O_CLOEXEC|O_PATH) = 18</home/szu2070436088/2510044040/CV-SincNet/runs/qknn_ground_effective8_r16_e12_leoonly_20260715_v14/runtime_artifacts_strict_v10/runtime_closure/runtime/cvsrffi/stage2_prediction_artifact.py>
1890493 openat(AT_FDCWD</home/szu2070436088/2510044040/CV-SincNet>, "/home/szu2070436088/2510044040/CV-SincNet/runs/qknn_ground_effective8_r16_e12_leoonly_20260715_v14/runtime_artifacts_strict_v10/runtime_closure/runtime/cvsrffi/stage2_predictor_bundle.py", O_RDONLY|O_CLOEXEC|O_PATH) = 18</home/szu2070436088/2510044040/CV-SincNet/runs/qknn_ground_effective8_r16_e12_leoonly_20260715_v14/runtime_artifacts_strict_v10/runtime_closure/runtime/cvsrffi/stage2_predictor_bundle.py>
1890493 openat(AT_FDCWD</home/szu2070436088/2510044040/CV-SincNet>, "/home/szu2070436088/2510044040/CV-SincNet/runs/qknn_ground_effective8_r16_e12_leoonly_20260715_v14/runtime_artifacts_strict_v10/runtime_closure/runtime/cvsrffi/stage2_predictor_entry.py", O_RDONLY|O_CLOEXEC|O_PATH) = 18</home/szu2070436088/2510044040/CV-SincNet/runs/qknn_ground_effective8_r16_e12_leoonly_20260715_v14/runtime_artifacts_strict_v10/runtime_closure/runtime/cvsrffi/stage2_predictor_entry.py>
1890493 openat(AT_FDCWD</home/szu2070436088/2510044040/CV-SincNet>, "/home/szu2070436088/2510044040/CV-SincNet/runs/qknn_ground_effective8_r16_e12_leoonly_20260715_v14/runtime_artifacts_strict_v10/runtime_closure/runtime/cvsrffi/stage2_predictor_runtime.py", O_RDONLY|O_CLOEXEC|O_PATH) = 18</home/szu2070436088/2510044040/CV-SincNet/runs/qknn_ground_effective8_r16_e12_leoonly_20260715_v14/runtime_artifacts_strict_v10/runtime_closure/runtime/cvsrffi/stage2_predictor_runtime.py>
1890493 openat(AT_FDCWD</home/szu2070436088/2510044040/CV-SincNet>, "/home/szu2070436088/2510044040/CV-SincNet/runs/qknn_ground_effective8_r16_e12_leoonly_20260715_v14/runtime_artifacts_strict_v10/runtime_closure/runtime/scripts/run_cvs_stage2_predictor.py", O_RDONLY|O_CLOEXEC|O_PATH) = 18</home/szu2070436088/2510044040/CV-SincNet/runs/qknn_ground_effective8_r16_e12_leoonly_20260715_v14/runtime_artifacts_strict_v10/runtime_closure/runtime/scripts/run_cvs_stage2_predictor.py>
1890493 openat(AT_FDCWD</home/szu2070436088/2510044040/CV-SincNet>, "/home/szu2070436088/2510044040/CV-SincNet/runs/qknn_ground_effective8_r16_e12_leoonly_20260715_v14/runtime_artifacts_strict_v10/runtime_closure", O_RDONLY|O_CLOEXEC|O_PATH) = 18</home/szu2070436088/2510044040/CV-SincNet/runs/qknn_ground_effective8_r16_e12_leoonly_20260715_v14/runtime_artifacts_strict_v10/runtime_closure>
1890493 openat(AT_FDCWD</home/szu2070436088/2510044040/CV-SincNet>, "/home/szu2070436088/2510044040/CV-SincNet/runs/qknn_ground_effective8_r16_e12_leoonly_20260715_v14/runtime_artifacts_strict_v10/runtime_closure/runtime", O_RDONLY|O_CLOEXEC|O_PATH) = 18</home/szu2070436088/2510044040/CV-SincNet/runs/qknn_ground_effective8_r16_e12_leoonly_20260715_v14/runtime_artifacts_strict_v10/runtime_closure/runtime>
1890493 openat(AT_FDCWD</home/szu2070436088/2510044040/CV-SincNet>, "/home/szu2070436088/2510044040/CV-SincNet/runs/qknn_ground_effective8_r16_e12_leoonly_20260715_v14/runtime_artifacts_strict_v10/runtime_closure/runtime/cvsrffi", O_RDONLY|O_CLOEXEC|O_PATH) = 18</home/szu2070436088/2510044040/CV-SincNet/runs/qknn_ground_effective8_r16_e12_leoonly_20260715_v14/runtime_artifacts_strict_v10/runtime_closure/runtime/cvsrffi>
1890493 openat(AT_FDCWD</home/szu2070436088/2510044040/CV-SincNet>, "/home/szu2070436088/2510044040/CV-SincNet/runs/qknn_ground_effective8_r16_e12_leoonly_20260715_v14/runtime_artifacts_strict_v10/runtime_closure/runtime/scripts", O_RDONLY|O_CLOEXEC|O_PATH) = 18</home/szu2070436088/2510044040/CV-SincNet/runs/qknn_ground_effective8_r16_e12_leoonly_20260715_v14/runtime_artifacts_strict_v10/runtime_closure/runtime/scripts>
1890493 openat(AT_FDCWD</home/szu2070436088/2510044040/CV-SincNet>, "/home/szu2070436088/.conda/envs/CVS-RFFI", O_RDONLY|O_CLOEXEC|O_PATH) = 18</home/szu2070436088/.conda/envs/CVS-RFFI>
1890493 openat(AT_FDCWD</home/szu2070436088/2510044040/CV-SincNet>, "/usr", O_RDONLY|O_CLOEXEC|O_PATH) = 18</usr>
1890493 openat(AT_FDCWD</home/szu2070436088/2510044040/CV-SincNet>, "/lib", O_RDONLY|O_CLOEXEC|O_PATH) = 18</usr/lib>
1890493 openat(AT_FDCWD</home/szu2070436088/2510044040/CV-SincNet>, "/lib64", O_RDONLY|O_CLOEXEC|O_PATH) = 18</usr/lib64>
1890493 openat(AT_FDCWD</home/szu2070436088/2510044040/CV-SincNet>, "/etc", O_RDONLY|O_CLOEXEC|O_PATH) = 18</etc>
1890493 openat(AT_FDCWD</home/szu2070436088/2510044040/CV-SincNet>, "/proc", O_RDONLY|O_CLOEXEC|O_PATH) = 18</proc>
1890493 openat(AT_FDCWD</home/szu2070436088/2510044040/CV-SincNet>, "/sys", O_RDONLY|O_CLOEXEC|O_PATH) = 18</sys>
1890493 openat(AT_FDCWD</home/szu2070436088/2510044040/CV-SincNet>, "/run", O_RDONLY|O_CLOEXEC|O_PATH) = 18</run>
1890493 openat(AT_FDCWD</home/szu2070436088/2510044040/CV-SincNet>, "/dev", O_RDONLY|O_CLOEXEC|O_PATH) = 18</dev>
1890493 openat(AT_FDCWD</home/szu2070436088/2510044040/CV-SincNet>, "/home/szu2070436088/2510044040/CV-SincNet/runs/qknn_ground_effective8_r16_e12_leoonly_20260715_v14_landlock_strict300_v5/cells/rx_20_1__seed_713101__new_20__k_1/predictor_output", O_RDONLY|O_CLOEXEC|O_PATH) = 18</home/szu2070436088/2510044040/CV-SincNet/runs/qknn_ground_effective8_r16_e12_leoonly_20260715_v14_landlock_strict300_v5/cells/rx_20_1__seed_713101__new_20__k_1/predictor_output>
1890493 openat(AT_FDCWD</home/szu2070436088/2510044040/CV-SincNet>, "/home/szu2070436088/2510044040/CV-SincNet/runs/qknn_ground_effective8_r16_e12_leoonly_20260715_v14_landlock_strict300_v5/cells/rx_20_1__seed_713101__new_20__k_1/predictor_output/landlock_runtime_attestation.json", O_WRONLY|O_CREAT|O_EXCL|O_CLOEXEC, 0444) = 17</home/szu2070436088/2510044040/CV-SincNet/runs/qknn_ground_effective8_r16_e12_leoonly_20260715_v14_landlock_strict300_v5/cells/rx_20_1__seed_713101__new_20__k_1/predictor_output/landlock_runtime_attestation.json>
1890493 execve("/home/szu2070436088/.conda/envs/CVS-RFFI/bin/python3.10", ["/home/szu2070436088/.conda/envs/CVS-RFFI/bin/python3.10", "/home/szu2070436088/2510044040/CV-SincNet/runs/qknn_ground_effective8_r16_e12_leoonly_20260715_v14/runtime_artifacts_strict_v10/runtime_closure/runtime/scripts/run_cvs_stage2_predictor.py", "--request-json", "/home/szu2070436088/2510044040/CV-SincNet/runs/qknn_ground_effective8_r16_e12_leoonly_20260715_v14_landlock_strict300_v5/cells/rx_20_1__seed_713101__new_20__k_1/request.json", "--predictor-package-root", "/home/szu2070436088/2510044040/CV-SincNet/runs/qknn_ground_effective8_r16_e12_leoonly_20260715_v14_landlock_strict300_v5/packages/rx_20_1__seed_713101__new_20/predictor", "--detached-seal-path", "/home/szu2070436088/2510044040/CV-SincNet/runs/qknn_ground_effective8_r16_e12_leoonly_20260715_v14_landlock_strict300_v5/packages/rx_20_1__seed_713101__new_20/predictor.seal.json", "--expected-seal-sha256", "622483367910d7ddb8dd88cdf36616db971f148f5016b1d95318c9d1368b59ce", "--output-root", "/home/szu2070436088/2510044040/CV-SincNet/runs/qknn_ground_effective8_r16_e12_leoonly_20260715_v14_landlock_strict300_v5/cells/rx_20_1__seed_713101__new_20__k_1/predictor_output", "--device", "cuda:0", "--batch-size", "256"], 0x7e9c8b91ef00 /* 13 vars */) = 0
1890493 openat(AT_FDCWD</home/szu2070436088/2510044040/CV-SincNet>, "/home/szu2070436088/.conda/envs/CVS-RFFI/bin/../lib/glibc-hwcaps/x86-64-v4/libpthread.so.0", O_RDONLY|O_CLOEXEC) = -1 ENOENT (No such file or directory)
1890493 openat(AT_FDCWD</home/szu2070436088/2510044040/CV-SincNet>, "/home/szu2070436088/.conda/envs/CVS-RFFI/bin/../lib/glibc-hwcaps/x86-64-v3/libpthread.so.0", O_RDONLY|O_CLOEXEC) = -1 ENOENT (No such file or directory)
1890493 openat(AT_FDCWD</home/szu2070436088/2510044040/CV-SincNet>, "/home/szu2070436088/.conda/envs/CVS-RFFI/bin/../lib/glibc-hwcaps/x86-64-v2/libpthread.so.0", O_RDONLY|O_CLOEXEC) = -1 ENOENT (No such file or directory)
1890493 openat(AT_FDCWD</home/szu2070436088/2510044040/CV-SincNet>, "/home/szu2070436088/.conda/envs/CVS-RFFI/bin/../lib/libpthread.so.0", O_RDONLY|O_CLOEXEC) = -1 ENOENT (No such file or directory)
1890493 openat(AT_FDCWD</home/szu2070436088/2510044040/CV-SincNet>, "/etc/ld.so.cache", O_RDONLY|O_CLOEXEC) = 17</etc/ld.so.cache>
1890493 openat(AT_FDCWD</home/szu2070436088/2510044040/CV-SincNet>, "/lib/x86_64-linux-gnu/libpthread.so.0", O_RDONLY|O_CLOEXEC) = 17</usr/lib/x86_64-linux-gnu/libpthread.so.0>
1890493 openat(AT_FDCWD</home/szu2070436088/2510044040/CV-SincNet>, "/home/szu2070436088/.conda/envs/CVS-RFFI/bin/../lib/libdl.so.2", O_RDONLY|O_CLOEXEC) = -1 ENOENT (No such file or directory)
1890493 openat(AT_FDCWD</home/szu2070436088/2510044040/CV-SincNet>, "/lib/x86_64-linux-gnu/libdl.so.2", O_RDONLY|O_CLOEXEC) = 17</usr/lib/x86_64-linux-gnu/libdl.so.2>
1890493 openat(AT_FDCWD</home/szu2070436088/2510044040/CV-SincNet>, "/home/szu2070436088/.conda/envs/CVS-RFFI/bin/../lib/libutil.so.1", O_RDONLY|O_CLOEXEC) = -1 ENOENT (No such file or directory)
1890493 openat(AT_FDCWD</home/szu2070436088/2510044040/CV-SincNet>, "/lib/x86_64-linux-gnu/libutil.so.1", O_RDONLY|O_CLOEXEC) = 17</usr/lib/x86_64-linux-gnu/libutil.so.1>
1890493 openat(AT_FDCWD</home/szu2070436088/2510044040/CV-SincNet>, "/home/szu2070436088/.conda/envs/CVS-RFFI/bin/../lib/libm.so.6", O_RDONLY|O_CLOEXEC) = -1 ENOENT (No such file or directory)
1890493 openat(AT_FDCWD</home/szu2070436088/2510044040/CV-SincNet>, "/lib/x86_64-linux-gnu/libm.so.6", O_RDONLY|O_CLOEXEC) = 17</usr/lib/x86_64-linux-gnu/libm.so.6>
1890493 openat(AT_FDCWD</home/szu2070436088/2510044040/CV-SincNet>, "/home/szu2070436088/.conda/envs/CVS-RFFI/bin/../lib/libc.so.6", O_RDONLY|O_CLOEXEC) = -1 ENOENT (No such file or directory)
1890493 openat(AT_FDCWD</home/szu2070436088/2510044040/CV-SincNet>, "/lib/x86_64-linux-gnu/libc.so.6", O_RDONLY|O_CLOEXEC) = 17</usr/lib/x86_64-linux-gnu/libc.so.6>
1890493 openat(AT_FDCWD</home/szu2070436088/2510044040/CV-SincNet>, "/usr/lib/locale/locale-archive", O_RDONLY|O_CLOEXEC) = 17</usr/lib/locale/locale-archive>
1890493 openat(AT_FDCWD</home/szu2070436088/2510044040/CV-SincNet>, "/usr/share/locale/locale.alias", O_RDONLY|O_CLOEXEC) = 17</etc/locale.alias>
1890493 openat(AT_FDCWD</home/szu2070436088/2510044040/CV-SincNet>, "/usr/lib/locale/C.UTF-8/LC_CTYPE", O_RDONLY|O_CLOEXEC) = -1 ENOENT (No such file or directory)
1890493 openat(AT_FDCWD</home/szu2070436088/2510044040/CV-SincNet>, "/usr/lib/locale/C.utf8/LC_CTYPE", O_RDONLY|O_CLOEXEC) = 17</usr/lib/locale/C.utf8/LC_CTYPE>
1890493 openat(AT_FDCWD</home/szu2070436088/2510044040/CV-SincNet>, "/usr/lib/x86_64-linux-gnu/gconv/gconv-modules.cache", O_RDONLY|O_CLOEXEC) = 17</usr/lib/x86_64-linux-gnu/gconv/gconv-modules.cache>
1890493 openat(AT_FDCWD</home/szu2070436088/2510044040/CV-SincNet>, "/home/szu2070436088/.conda/envs/CVS-RFFI/bin/pyvenv.cfg", O_RDONLY) = -1 ENOENT (No such file or directory)
1890493 openat(AT_FDCWD</home/szu2070436088/2510044040/CV-SincNet>, "/home/szu2070436088/.conda/envs/CVS-RFFI/pyvenv.cfg", O_RDONLY) = -1 ENOENT (No such file or directory)
1890493 openat(AT_FDCWD</home/szu2070436088/2510044040/CV-SincNet>, "/home/szu2070436088/.conda/envs/CVS-RFFI/bin/pybuilddir.txt", O_RDONLY) = -1 ENOENT (No such file or directory)
1890493 openat(AT_FDCWD</home/szu2070436088/2510044040/CV-SincNet>, "/etc/localtime", O_RDONLY|O_CLOEXEC) = 17</usr/share/zoneinfo/Asia/Shanghai>
1890493 openat(AT_FDCWD</home/szu2070436088/2510044040/CV-SincNet>, "/home/szu2070436088/2510044040/CV-SincNet/runs/qknn_ground_effective8_r16_e12_leoonly_20260715_v14/runtime_artifacts_strict_v10/runtime_closure/runtime", O_RDONLY|O_NONBLOCK|O_CLOEXEC|O_DIRECTORY) = 17</home/szu2070436088/2510044040/CV-SincNet/runs/qknn_ground_effective8_r16_e12_leoonly_20260715_v14/runtime_artifacts_strict_v10/runtime_closure/runtime>
1890493 openat(AT_FDCWD</home/szu2070436088/2510044040/CV-SincNet>, "/home/szu2070436088/.conda/envs/CVS-RFFI/lib/python3.10", O_RDONLY|O_NONBLOCK|O_CLOEXEC|O_DIRECTORY) = 17</home/szu2070436088/.conda/envs/CVS-RFFI/lib/python3.10>
1890493 openat(AT_FDCWD</home/szu2070436088/2510044040/CV-SincNet>, "/home/szu2070436088/.conda/envs/CVS-RFFI/lib/python3.10/encodings/__pycache__/__init__.cpython-310.pyc", O_RDONLY|O_CLOEXEC) = 17</home/szu2070436088/.conda/envs/CVS-RFFI/lib/python3.10/encodings/__pycache__/__init__.cpython-310.pyc>
1890493 openat(AT_FDCWD</home/szu2070436088/2510044040/CV-SincNet>, "/home/szu2070436088/.conda/envs/CVS-RFFI/lib/python3.10/__pycache__/codecs.cpython-310.pyc", O_RDONLY|O_CLOEXEC) = 17</home/szu2070436088/.conda/envs/CVS-RFFI/lib/python3.10/__pycache__/codecs.cpython-310.pyc>
1890493 openat(AT_FDCWD</home/szu2070436088/2510044040/CV-SincNet>, "/home/szu2070436088/.conda/envs/CVS-RFFI/lib/python3.10/encodings", O_RDONLY|O_NONBLOCK|O_CLOEXEC|O_DIRECTORY) = 17</home/szu2070436088/.conda/envs/CVS-RFFI/lib/python3.10/encodings>
1890493 openat(AT_FDCWD</home/szu2070436088/2510044040/CV-SincNet>, "/home/szu2070436088/.conda/envs/CVS-RFFI/lib/python3.10/encodings/__pycache__/aliases.cpython-310.pyc", O_RDONLY|O_CLOEXEC) = 17</home/szu2070436088/.conda/envs/CVS-RFFI/lib/python3.10/encodings/__pycache__/aliases.cpython-310.pyc>
1890493 openat(AT_FDCWD</home/szu2070436088/2510044040/CV-SincNet>, "/home/szu2070436088/.conda/envs/CVS-RFFI/lib/python3.10/encodings/__pycache__/utf_8.cpython-310.pyc", O_RDONLY|O_CLOEXEC) = 17</home/szu2070436088/.conda/envs/CVS-RFFI/lib/python3.10/encodings/__pycache__/utf_8.cpython-310.pyc>
1890493 openat(AT_FDCWD</home/szu2070436088/2510044040/CV-SincNet>, "/home/szu2070436088/.conda/envs/CVS-RFFI/lib/python3.10/__pycache__/io.cpython-310.pyc", O_RDONLY|O_CLOEXEC) = 17</home/szu2070436088/.conda/envs/CVS-RFFI/lib/python3.10/__pycache__/io.cpython-310.pyc>
1890493 openat(AT_FDCWD</home/szu2070436088/2510044040/CV-SincNet>, "/home/szu2070436088/.conda/envs/CVS-RFFI/lib/python3.10/__pycache__/abc.cpython-310.pyc", O_RDONLY|O_CLOEXEC) = 17</home/szu2070436088/.conda/envs/CVS-RFFI/lib/python3.10/__pycache__/abc.cpython-310.pyc>
1890493 openat(AT_FDCWD</home/szu2070436088/2510044040/CV-SincNet>, "/home/szu2070436088/.conda/envs/CVS-RFFI/lib/python3.10/__pycache__/site.cpython-310.pyc", O_RDONLY|O_CLOEXEC) = 17</home/szu2070436088/.conda/envs/CVS-RFFI/lib/python3.10/__pycache__/site.cpython-310.pyc>
1890493 openat(AT_FDCWD</home/szu2070436088/2510044040/CV-SincNet>, "/home/szu2070436088/.conda/envs/CVS-RFFI/lib/python3.10/__pycache__/os.cpython-310.pyc", O_RDONLY|O_CLOEXEC) = 17</home/szu2070436088/.conda/envs/CVS-RFFI/lib/python3.10/__pycache__/os.cpython-310.pyc>
1890493 openat(AT_FDCWD</home/szu2070436088/2510044040/CV-SincNet>, "/home/szu2070436088/.conda/envs/CVS-RFFI/lib/python3.10/__pycache__/stat.cpython-310.pyc", O_RDONLY|O_CLOEXEC) = 17</home/szu2070436088/.conda/envs/CVS-RFFI/lib/python3.10/__pycache__/stat.cpython-310.pyc>
1890493 openat(AT_FDCWD</home/szu2070436088/2510044040/CV-SincNet>, "/home/szu2070436088/.conda/envs/CVS-RFFI/lib/python3.10/__pycache__/_collections_abc.cpython-310.pyc", O_RDONLY|O_CLOEXEC) = 17</home/szu2070436088/.conda/envs/CVS-RFFI/lib/python3.10/__pycache__/_collections_abc.cpython-310.pyc>
1890493 openat(AT_FDCWD</home/szu2070436088/2510044040/CV-SincNet>, "/home/szu2070436088/.conda/envs/CVS-RFFI/lib/python3.10/__pycache__/posixpath.cpython-310.pyc", O_RDONLY|O_CLOEXEC) = 17</home/szu2070436088/.conda/envs/CVS-RFFI/lib/python3.10/__pycache__/posixpath.cpython-310.pyc>
1890493 openat(AT_FDCWD</home/szu2070436088/2510044040/CV-SincNet>, "/home/szu2070436088/.conda/envs/CVS-RFFI/lib/python3.10/__pycache__/genericpath.cpython-310.pyc", O_RDONLY|O_CLOEXEC) = 17</home/szu2070436088/.conda/envs/CVS-RFFI/lib/python3.10/__pycache__/genericpath.cpython-310.pyc>
1890493 openat(AT_FDCWD</home/szu2070436088/2510044040/CV-SincNet>, "/home/szu2070436088/.conda/envs/CVS-RFFI/lib/python3.10/__pycache__/_sitebuiltins.cpython-310.pyc", O_RDONLY|O_CLOEXEC) = 17</home/szu2070436088/.conda/envs/CVS-RFFI/lib/python3.10/__pycache__/_sitebuiltins.cpython-310.pyc>
1890493 openat(AT_FDCWD</home/szu2070436088/2510044040/CV-SincNet>, "/home/szu2070436088/.conda/envs/CVS-RFFI/lib/python3.10/site-packages", O_RDONLY|O_NONBLOCK|O_CLOEXEC|O_DIRECTORY) = 17</home/szu2070436088/.conda/envs/CVS-RFFI/lib/python3.10/site-packages>
1890493 openat(AT_FDCWD</home/szu2070436088/2510044040/CV-SincNet>, "/home/szu2070436088/.conda/envs/CVS-RFFI/lib/python3.10/site-packages/distutils-precedence.pth", O_RDONLY|O_CLOEXEC) = 17</home/szu2070436088/.conda/envs/CVS-RFFI/lib/python3.10/site-packages/distutils-precedence.pth>
1890493 openat(AT_FDCWD</home/szu2070436088/2510044040/CV-SincNet>, "/home/szu2070436088/.conda/envs/CVS-RFFI/lib/python3.10/lib-dynload", O_RDONLY|O_NONBLOCK|O_CLOEXEC|O_DIRECTORY) = 18</home/szu2070436088/.conda/envs/CVS-RFFI/lib/python3.10/lib-dynload>
1890493 openat(AT_FDCWD</home/szu2070436088/2510044040/CV-SincNet>, "/home/szu2070436088/.conda/envs/CVS-RFFI/lib/python3.10/site-packages", O_RDONLY|O_NONBLOCK|O_CLOEXEC|O_DIRECTORY) = 18</home/szu2070436088/.conda/envs/CVS-RFFI/lib/python3.10/site-packages>
1890493 openat(AT_FDCWD</home/szu2070436088/2510044040/CV-SincNet>, "/home/szu2070436088/.conda/envs/CVS-RFFI/lib/python3.10/site-packages/_distutils_hack/__pycache__/__init__.cpython-310.pyc", O_RDONLY|O_CLOEXEC) = 18</home/szu2070436088/.conda/envs/CVS-RFFI/lib/python3.10/site-packages/_distutils_hack/__pycache__/__init__.cpython-310.pyc>
1890493 openat(AT_FDCWD</home/szu2070436088/2510044040/CV-SincNet>, "/home/szu2070436088/2510044040/CV-SincNet/runs/qknn_ground_effective8_r16_e12_leoonly_20260715_v14/runtime_artifacts_strict_v10/runtime_closure/runtime/scripts/run_cvs_stage2_predictor.py", O_RDONLY|O_CLOEXEC) = 17</home/szu2070436088/2510044040/CV-SincNet/runs/qknn_ground_effective8_r16_e12_leoonly_20260715_v14/runtime_artifacts_strict_v10/runtime_closure/runtime/scripts/run_cvs_stage2_predictor.py>
1890493 openat(AT_FDCWD</home/szu2070436088/2510044040/CV-SincNet>, "/home/szu2070436088/2510044040/CV-SincNet/runs/qknn_ground_effective8_r16_e12_leoonly_20260715_v14/runtime_artifacts_strict_v10/runtime_closure/runtime/scripts/run_cvs_stage2_predictor.py", O_RDONLY) = 17</home/szu2070436088/2510044040/CV-SincNet/runs/qknn_ground_effective8_r16_e12_leoonly_20260715_v14/runtime_artifacts_strict_v10/runtime_closure/runtime/scripts/run_cvs_stage2_predictor.py>
1890493 openat(AT_FDCWD</home/szu2070436088/2510044040/CV-SincNet>, "/home/szu2070436088/2510044040/CV-SincNet/runs/qknn_ground_effective8_r16_e12_leoonly_20260715_v14/runtime_artifacts_strict_v10/runtime_closure/runtime/scripts", O_RDONLY|O_NONBLOCK|O_CLOEXEC|O_DIRECTORY) = 17</home/szu2070436088/2510044040/CV-SincNet/runs/qknn_ground_effective8_r16_e12_leoonly_20260715_v14/runtime_artifacts_strict_v10/runtime_closure/runtime/scripts>
1890493 openat(AT_FDCWD</home/szu2070436088/2510044040/CV-SincNet>, "/home/szu2070436088/.conda/envs/CVS-RFFI/lib/python3.10/__pycache__/__future__.cpython-310.pyc", O_RDONLY|O_CLOEXEC) = 17</home/szu2070436088/.conda/envs/CVS-RFFI/lib/python3.10/__pycache__/__future__.cpython-310.pyc>
1890493 openat(AT_FDCWD</home/szu2070436088/2510044040/CV-SincNet>, "/home/szu2070436088/.conda/envs/CVS-RFFI/lib/python3.10/__pycache__/argparse.cpython-310.pyc", O_RDONLY|O_CLOEXEC) = 17</home/szu2070436088/.conda/envs/CVS-RFFI/lib/python3.10/__pycache__/argparse.cpython-310.pyc>
1890493 openat(AT_FDCWD</home/szu2070436088/2510044040/CV-SincNet>, "/home/szu2070436088/.conda/envs/CVS-RFFI/lib/python3.10/__pycache__/re.cpython-310.pyc", O_RDONLY|O_CLOEXEC) = 17</home/szu2070436088/.conda/envs/CVS-RFFI/lib/python3.10/__pycache__/re.cpython-310.pyc>
1890493 openat(AT_FDCWD</home/szu2070436088/2510044040/CV-SincNet>, "/home/szu2070436088/.conda/envs/CVS-RFFI/lib/python3.10/__pycache__/enum.cpython-310.pyc", O_RDONLY|O_CLOEXEC) = 17</home/szu2070436088/.conda/envs/CVS-RFFI/lib/python3.10/__pycache__/enum.cpython-310.pyc>
1890493 openat(AT_FDCWD</home/szu2070436088/2510044040/CV-SincNet>, "/home/szu2070436088/.conda/envs/CVS-RFFI/lib/python3.10/__pycache__/types.cpython-310.pyc", O_RDONLY|O_CLOEXEC) = 17</home/szu2070436088/.conda/envs/CVS-RFFI/lib/python3.10/__pycache__/types.cpython-310.pyc>
1890493 openat(AT_FDCWD</home/szu2070436088/2510044040/CV-SincNet>, "/home/szu2070436088/.conda/envs/CVS-RFFI/lib/python3.10/__pycache__/sre_compile.cpython-310.pyc", O_RDONLY|O_CLOEXEC) = 17</home/szu2070436088/.conda/envs/CVS-RFFI/lib/python3.10/__pycache__/sre_compile.cpython-310.pyc>
1890493 openat(AT_FDCWD</home/szu2070436088/2510044040/CV-SincNet>, "/home/szu2070436088/.conda/envs/CVS-RFFI/lib/python3.10/__pycache__/sre_parse.cpython-310.pyc", O_RDONLY|O_CLOEXEC) = 17</home/szu2070436088/.conda/envs/CVS-RFFI/lib/python3.10/__pycache__/sre_parse.cpython-310.pyc>
1890493 openat(AT_FDCWD</home/szu2070436088/2510044040/CV-SincNet>, "/home/szu2070436088/.conda/envs/CVS-RFFI/lib/python3.10/__pycache__/sre_constants.cpython-310.pyc", O_RDONLY|O_CLOEXEC) = 17</home/szu2070436088/.conda/envs/CVS-RFFI/lib/python3.10/__pycache__/sre_constants.cpython-310.pyc>
1890493 openat(AT_FDCWD</home/szu2070436088/2510044040/CV-SincNet>, "/home/szu2070436088/.conda/envs/CVS-RFFI/lib/python3.10/__pycache__/functools.cpython-310.pyc", O_RDONLY|O_CLOEXEC) = 17</home/szu2070436088/.conda/envs/CVS-RFFI/lib/python3.10/__pycache__/functools.cpython-310.pyc>
1890493 openat(AT_FDCWD</home/szu2070436088/2510044040/CV-SincNet>, "/home/szu2070436088/.conda/envs/CVS-RFFI/lib/python3.10/collections/__pycache__/__init__.cpython-310.pyc", O_RDONLY|O_CLOEXEC) = 17</home/szu2070436088/.conda/envs/CVS-RFFI/lib/python3.10/collections/__pycache__/__init__.cpython-310.pyc>
1890493 openat(AT_FDCWD</home/szu2070436088/2510044040/CV-SincNet>, "/home/szu2070436088/.conda/envs/CVS-RFFI/lib/python3.10/__pycache__/keyword.cpython-310.pyc", O_RDONLY|O_CLOEXEC) = 17</home/szu2070436088/.conda/envs/CVS-RFFI/lib/python3.10/__pycache__/keyword.cpython-310.pyc>
1890493 openat(AT_FDCWD</home/szu2070436088/2510044040/CV-SincNet>, "/home/szu2070436088/.conda/envs/CVS-RFFI/lib/python3.10/__pycache__/operator.cpython-310.pyc", O_RDONLY|O_CLOEXEC) = 17</home/szu2070436088/.conda/envs/CVS-RFFI/lib/python3.10/__pycache__/operator.cpython-310.pyc>
1890493 openat(AT_FDCWD</home/szu2070436088/2510044040/CV-SincNet>, "/home/szu2070436088/.conda/envs/CVS-RFFI/lib/python3.10/__pycache__/reprlib.cpython-310.pyc", O_RDONLY|O_CLOEXEC) = 17</home/szu2070436088/.conda/envs/CVS-RFFI/lib/python3.10/__pycache__/reprlib.cpython-310.pyc>
1890493 openat(AT_FDCWD</home/szu2070436088/2510044040/CV-SincNet>, "/home/szu2070436088/.conda/envs/CVS-RFFI/lib/python3.10/__pycache__/copyreg.cpython-310.pyc", O_RDONLY|O_CLOEXEC) = 17</home/szu2070436088/.conda/envs/CVS-RFFI/lib/python3.10/__pycache__/copyreg.cpython-310.pyc>
1890493 openat(AT_FDCWD</home/szu2070436088/2510044040/CV-SincNet>, "/home/szu2070436088/.conda/envs/CVS-RFFI/lib/python3.10/__pycache__/gettext.cpython-310.pyc", O_RDONLY|O_CLOEXEC) = 17</home/szu2070436088/.conda/envs/CVS-RFFI/lib/python3.10/__pycache__/gettext.cpython-310.pyc>
1890493 openat(AT_FDCWD</home/szu2070436088/2510044040/CV-SincNet>, "/home/szu2070436088/.conda/envs/CVS-RFFI/lib/python3.10/json/__pycache__/__init__.cpython-310.pyc", O_RDONLY|O_CLOEXEC) = 17</home/szu2070436088/.conda/envs/CVS-RFFI/lib/python3.10/json/__pycache__/__init__.cpython-310.pyc>
1890493 openat(AT_FDCWD</home/szu2070436088/2510044040/CV-SincNet>, "/home/szu2070436088/.conda/envs/CVS-RFFI/lib/python3.10/json", O_RDONLY|O_NONBLOCK|O_CLOEXEC|O_DIRECTORY) = 17</home/szu2070436088/.conda/envs/CVS-RFFI/lib/python3.10/json>
1890493 openat(AT_FDCWD</home/szu2070436088/2510044040/CV-SincNet>, "/home/szu2070436088/.conda/envs/CVS-RFFI/lib/python3.10/json/__pycache__/decoder.cpython-310.pyc", O_RDONLY|O_CLOEXEC) = 17</home/szu2070436088/.conda/envs/CVS-RFFI/lib/python3.10/json/__pycache__/decoder.cpython-310.pyc>
1890493 openat(AT_FDCWD</home/szu2070436088/2510044040/CV-SincNet>, "/home/szu2070436088/.conda/envs/CVS-RFFI/lib/python3.10/json/__pycache__/scanner.cpython-310.pyc", O_RDONLY|O_CLOEXEC) = 17</home/szu2070436088/.conda/envs/CVS-RFFI/lib/python3.10/json/__pycache__/scanner.cpython-310.pyc>
1890493 openat(AT_FDCWD</home/szu2070436088/2510044040/CV-SincNet>, "/home/szu2070436088/.conda/envs/CVS-RFFI/lib/python3.10/lib-dynload/_json.cpython-310-x86_64-linux-gnu.so", O_RDONLY|O_CLOEXEC) = 17</home/szu2070436088/.conda/envs/CVS-RFFI/lib/python3.10/lib-dynload/_json.cpython-310-x86_64-linux-gnu.so>
1890493 openat(AT_FDCWD</home/szu2070436088/2510044040/CV-SincNet>, "/home/szu2070436088/.conda/envs/CVS-RFFI/lib/python3.10/json/__pycache__/encoder.cpython-310.pyc", O_RDONLY|O_CLOEXEC) = 17</home/szu2070436088/.conda/envs/CVS-RFFI/lib/python3.10/json/__pycache__/encoder.cpython-310.pyc>
1890493 openat(AT_FDCWD</home/szu2070436088/2510044040/CV-SincNet>, "/home/szu2070436088/.conda/envs/CVS-RFFI/lib/python3.10/__pycache__/pathlib.cpython-310.pyc", O_RDONLY|O_CLOEXEC) = 17</home/szu2070436088/.conda/envs/CVS-RFFI/lib/python3.10/__pycache__/pathlib.cpython-310.pyc>
1890493 openat(AT_FDCWD</home/szu2070436088/2510044040/CV-SincNet>, "/home/szu2070436088/.conda/envs/CVS-RFFI/lib/python3.10/__pycache__/fnmatch.cpython-310.pyc", O_RDONLY|O_CLOEXEC) = 17</home/szu2070436088/.conda/envs/CVS-RFFI/lib/python3.10/__pycache__/fnmatch.cpython-310.pyc>
1890493 openat(AT_FDCWD</home/szu2070436088/2510044040/CV-SincNet>, "/home/szu2070436088/.conda/envs/CVS-RFFI/lib/python3.10/__pycache__/ntpath.cpython-310.pyc", O_RDONLY|O_CLOEXEC) = 17</home/szu2070436088/.conda/envs/CVS-RFFI/lib/python3.10/__pycache__/ntpath.cpython-310.pyc>
1890493 openat(AT_FDCWD</home/szu2070436088/2510044040/CV-SincNet>, "/home/szu2070436088/.conda/envs/CVS-RFFI/lib/python3.10/__pycache__/warnings.cpython-310.pyc", O_RDONLY|O_CLOEXEC) = 17</home/szu2070436088/.conda/envs/CVS-RFFI/lib/python3.10/__pycache__/warnings.cpython-310.pyc>
1890493 openat(AT_FDCWD</home/szu2070436088/2510044040/CV-SincNet>, "/home/szu2070436088/.conda/envs/CVS-RFFI/lib/python3.10/urllib/__pycache__/__init__.cpython-310.pyc", O_RDONLY|O_CLOEXEC) = 17</home/szu2070436088/.conda/envs/CVS-RFFI/lib/python3.10/urllib/__pycache__/__init__.cpython-310.pyc>
1890493 openat(AT_FDCWD</home/szu2070436088/2510044040/CV-SincNet>, "/home/szu2070436088/.conda/envs/CVS-RFFI/lib/python3.10/urllib", O_RDONLY|O_NONBLOCK|O_CLOEXEC|O_DIRECTORY) = 17</home/szu2070436088/.conda/envs/CVS-RFFI/lib/python3.10/urllib>
1890493 openat(AT_FDCWD</home/szu2070436088/2510044040/CV-SincNet>, "/home/szu2070436088/.conda/envs/CVS-RFFI/lib/python3.10/urllib/__pycache__/parse.cpython-310.pyc", O_RDONLY|O_CLOEXEC) = 17</home/szu2070436088/.conda/envs/CVS-RFFI/lib/python3.10/urllib/__pycache__/parse.cpython-310.pyc>
1890493 openat(AT_FDCWD</home/szu2070436088/2510044040/CV-SincNet>, "/home/szu2070436088/.conda/envs/CVS-RFFI/lib/python3.10/__pycache__/ipaddress.cpython-310.pyc", O_RDONLY|O_CLOEXEC) = 17</home/szu2070436088/.conda/envs/CVS-RFFI/lib/python3.10/__pycache__/ipaddress.cpython-310.pyc>
1890493 openat(AT_FDCWD</home/szu2070436088/2510044040/CV-SincNet>, "/home/szu2070436088/.conda/envs/CVS-RFFI/lib/python3.10/__pycache__/typing.cpython-310.pyc", O_RDONLY|O_CLOEXEC) = 17</home/szu2070436088/.conda/envs/CVS-RFFI/lib/python3.10/__pycache__/typing.cpython-310.pyc>
1890493 openat(AT_FDCWD</home/szu2070436088/2510044040/CV-SincNet>, "/home/szu2070436088/.conda/envs/CVS-RFFI/lib/python3.10/collections", O_RDONLY|O_NONBLOCK|O_CLOEXEC|O_DIRECTORY) = 17</home/szu2070436088/.conda/envs/CVS-RFFI/lib/python3.10/collections>
1890493 openat(AT_FDCWD</home/szu2070436088/2510044040/CV-SincNet>, "/home/szu2070436088/.conda/envs/CVS-RFFI/lib/python3.10/collections/__pycache__/abc.cpython-310.pyc", O_RDONLY|O_CLOEXEC) = 17</home/szu2070436088/.conda/envs/CVS-RFFI/lib/python3.10/collections/__pycache__/abc.cpython-310.pyc>
1890493 openat(AT_FDCWD</home/szu2070436088/2510044040/CV-SincNet>, "/home/szu2070436088/.conda/envs/CVS-RFFI/lib/python3.10/__pycache__/contextlib.cpython-310.pyc", O_RDONLY|O_CLOEXEC) = 17</home/szu2070436088/.conda/envs/CVS-RFFI/lib/python3.10/__pycache__/contextlib.cpython-310.pyc>
1890493 openat(AT_FDCWD</home/szu2070436088/2510044040/CV-SincNet>, "/home/szu2070436088/.conda/envs/CVS-RFFI/lib/python3.10/site-packages/numpy/__pycache__/__init__.cpython-310.pyc", O_RDONLY|O_CLOEXEC) = 17</home/szu2070436088/.conda/envs/CVS-RFFI/lib/python3.10/site-packages/numpy/__pycache__/__init__.cpython-310.pyc>
1890493 openat(AT_FDCWD</home/szu2070436088/2510044040/CV-SincNet>, "/home/szu2070436088/.conda/envs/CVS-RFFI/lib/python3.10/site-packages/numpy", O_RDONLY|O_NONBLOCK|O_CLOEXEC|O_DIRECTORY) = 17</home/szu2070436088/.conda/envs/CVS-RFFI/lib/python3.10/site-packages/numpy>
1890493 openat(AT_FDCWD</home/szu2070436088/2510044040/CV-SincNet>, "/home/szu2070436088/.conda/envs/CVS-RFFI/lib/python3.10/site-packages/numpy/__pycache__/_globals.cpython-310.pyc", O_RDONLY|O_CLOEXEC) = 17</home/szu2070436088/.conda/envs/CVS-RFFI/lib/python3.10/site-packages/numpy/__pycache__/_globals.cpython-310.pyc>
1890493 openat(AT_FDCWD</home/szu2070436088/2510044040/CV-SincNet>, "/home/szu2070436088/.conda/envs/CVS-RFFI/lib/python3.10/site-packages/numpy/_utils/__pycache__/__init__.cpython-310.pyc", O_RDONLY|O_CLOEXEC) = 17</home/szu2070436088/.conda/envs/CVS-RFFI/lib/python3.10/site-packages/numpy/_utils/__pycache__/__init__.cpython-310.pyc>
1890493 openat(AT_FDCWD</home/szu2070436088/2510044040/CV-SincNet>, "/home/szu2070436088/.conda/envs/CVS-RFFI/lib/python3.10/site-packages/numpy/_utils", O_RDONLY|O_NONBLOCK|O_CLOEXEC|O_DIRECTORY) = 17</home/szu2070436088/.conda/envs/CVS-RFFI/lib/python3.10/site-packages/numpy/_utils>
1890493 openat(AT_FDCWD</home/szu2070436088/2510044040/CV-SincNet>, "/home/szu2070436088/.conda/envs/CVS-RFFI/lib/python3.10/site-packages/numpy/_utils/__pycache__/_convertions.cpython-310.pyc", O_RDONLY|O_CLOEXEC) = 17</home/szu2070436088/.conda/envs/CVS-RFFI/lib/python3.10/site-packages/numpy/_utils/__pycache__/_convertions.cpython-310.pyc>
1890493 openat(AT_FDCWD</home/szu2070436088/2510044040/CV-SincNet>, "/home/szu2070436088/.conda/envs/CVS-RFFI/lib/python3.10/site-packages/numpy/__pycache__/_expired_attrs_2_0.cpython-310.pyc", O_RDONLY|O_CLOEXEC) = 17</home/szu2070436088/.conda/envs/CVS-RFFI/lib/python3.10/site-packages/numpy/__pycache__/_expired_attrs_2_0.cpython-310.pyc>
1890493 openat(AT_FDCWD</home/szu2070436088/2510044040/CV-SincNet>, "/home/szu2070436088/.conda/envs/CVS-RFFI/lib/python3.10/site-packages/numpy/__pycache__/version.cpython-310.pyc", O_RDONLY|O_CLOEXEC) = 17</home/szu2070436088/.conda/envs/CVS-RFFI/lib/python3.10/site-packages/numpy/__pycache__/version.cpython-310.pyc>
1890493 openat(AT_FDCWD</home/szu2070436088/2510044040/CV-SincNet>, "/home/szu2070436088/.conda/envs/CVS-RFFI/lib/python3.10/site-packages/numpy/__pycache__/_distributor_init.cpython-310.pyc", O_RDONLY|O_CLOEXEC) = 17</home/szu2070436088/.conda/envs/CVS-RFFI/lib/python3.10/site-packages/numpy/__pycache__/_distributor_init.cpython-310.pyc>
1890493 openat(AT_FDCWD</home/szu2070436088/2510044040/CV-SincNet>, "/home/szu2070436088/.conda/envs/CVS-RFFI/lib/python3.10/site-packages/mkl/__pycache__/__init__.cpython-310.pyc", O_RDONLY|O_CLOEXEC) = 17</home/szu2070436088/.conda/envs/CVS-RFFI/lib/python3.10/site-packages/mkl/__pycache__/__init__.cpython-310.pyc>
1890493 openat(AT_FDCWD</home/szu2070436088/2510044040/CV-SincNet>, "/home/szu2070436088/.conda/envs/CVS-RFFI/lib/python3.10/site-packages/mkl", O_RDONLY|O_NONBLOCK|O_CLOEXEC|O_DIRECTORY) = 17</home/szu2070436088/.conda/envs/CVS-RFFI/lib/python3.10/site-packages/mkl>
1890493 openat(AT_FDCWD</home/szu2070436088/2510044040/CV-SincNet>, "/home/szu2070436088/.conda/envs/CVS-RFFI/lib/python3.10/site-packages/mkl/__pycache__/_init_helper.cpython-310.pyc", O_RDONLY|O_CLOEXEC) = 17</home/szu2070436088/.conda/envs/CVS-RFFI/lib/python3.10/site-packages/mkl/__pycache__/_init_helper.cpython-310.pyc>
1890493 openat(AT_FDCWD</home/szu2070436088/2510044040/CV-SincNet>, "/home/szu2070436088/.conda/envs/CVS-RFFI/lib/python3.10/ctypes/__pycache__/__init__.cpython-310.pyc", O_RDONLY|O_CLOEXEC) = 17</home/szu2070436088/.conda/envs/CVS-RFFI/lib/python3.10/ctypes/__pycache__/__init__.cpython-310.pyc>
1890493 openat(AT_FDCWD</home/szu2070436088/2510044040/CV-SincNet>, "/home/szu2070436088/.conda/envs/CVS-RFFI/lib/python3.10/lib-dynload/_ctypes.cpython-310-x86_64-linux-gnu.so", O_RDONLY|O_CLOEXEC) = 17</home/szu2070436088/.conda/envs/CVS-RFFI/lib/python3.10/lib-dynload/_ctypes.cpython-310-x86_64-linux-gnu.so>
1890493 openat(AT_FDCWD</home/szu2070436088/2510044040/CV-SincNet>, "/home/szu2070436088/.conda/envs/CVS-RFFI/lib/python3.10/lib-dynload/../../glibc-hwcaps/x86-64-v4/libffi.so.8", O_RDONLY|O_CLOEXEC) = -1 ENOENT (No such file or directory)
1890493 openat(AT_FDCWD</home/szu2070436088/2510044040/CV-SincNet>, "/home/szu2070436088/.conda/envs/CVS-RFFI/lib/python3.10/lib-dynload/../../glibc-hwcaps/x86-64-v3/libffi.so.8", O_RDONLY|O_CLOEXEC) = -1 ENOENT (No such file or directory)
1890493 openat(AT_FDCWD</home/szu2070436088/2510044040/CV-SincNet>, "/home/szu2070436088/.conda/envs/CVS-RFFI/lib/python3.10/lib-dynload/../../glibc-hwcaps/x86-64-v2/libffi.so.8", O_RDONLY|O_CLOEXEC) = -1 ENOENT (No such file or directory)
1890493 openat(AT_FDCWD</home/szu2070436088/2510044040/CV-SincNet>, "/home/szu2070436088/.conda/envs/CVS-RFFI/lib/python3.10/lib-dynload/../../libffi.so.8", O_RDONLY|O_CLOEXEC) = 17</home/szu2070436088/.conda/envs/CVS-RFFI/lib/libffi.so.8.1.2>
1890493 openat(AT_FDCWD</home/szu2070436088/2510044040/CV-SincNet>, "/home/szu2070436088/.conda/envs/CVS-RFFI/lib/python3.10/__pycache__/struct.cpython-310.pyc", O_RDONLY|O_CLOEXEC) = 17</home/szu2070436088/.conda/envs/CVS-RFFI/lib/python3.10/__pycache__/struct.cpython-310.pyc>
1890493 openat(AT_FDCWD</home/szu2070436088/2510044040/CV-SincNet>, "/home/szu2070436088/.conda/envs/CVS-RFFI/lib/python3.10/lib-dynload/_struct.cpython-310-x86_64-linux-gnu.so", O_RDONLY|O_CLOEXEC) = 17</home/szu2070436088/.conda/envs/CVS-RFFI/lib/python3.10/lib-dynload/_struct.cpython-310-x86_64-linux-gnu.so>
1890493 openat(AT_FDCWD</home/szu2070436088/2510044040/CV-SincNet>, "/home/szu2070436088/.conda/envs/CVS-RFFI/lib/python3.10/ctypes", O_RDONLY|O_NONBLOCK|O_CLOEXEC|O_DIRECTORY) = 17</home/szu2070436088/.conda/envs/CVS-RFFI/lib/python3.10/ctypes>
1890493 openat(AT_FDCWD</home/szu2070436088/2510044040/CV-SincNet>, "/home/szu2070436088/.conda/envs/CVS-RFFI/lib/python3.10/ctypes/__pycache__/_endian.cpython-310.pyc", O_RDONLY|O_CLOEXEC) = 17</home/szu2070436088/.conda/envs/CVS-RFFI/lib/python3.10/ctypes/__pycache__/_endian.cpython-310.pyc>
1890493 openat(AT_FDCWD</home/szu2070436088/2510044040/CV-SincNet>, "/home/szu2070436088/.conda/envs/CVS-RFFI/lib/python3.10/site-packages/mkl/_mklinit.cpython-310-x86_64-linux-gnu.so", O_RDONLY|O_CLOEXEC) = 17</home/szu2070436088/.conda/envs/CVS-RFFI/lib/python3.10/site-packages/mkl/_mklinit.cpython-310-x86_64-linux-gnu.so>
1890493 openat(AT_FDCWD</home/szu2070436088/2510044040/CV-SincNet>, "/home/szu2070436088/.conda/envs/CVS-RFFI/lib/python3.10/site-packages/mkl/../../../glibc-hwcaps/x86-64-v4/libmkl_rt.so.2", O_RDONLY|O_CLOEXEC) = -1 ENOENT (No such file or directory)
1890493 openat(AT_FDCWD</home/szu2070436088/2510044040/CV-SincNet>, "/home/szu2070436088/.conda/envs/CVS-RFFI/lib/python3.10/site-packages/mkl/../../../glibc-hwcaps/x86-64-v3/libmkl_rt.so.2", O_RDONLY|O_CLOEXEC) = -1 ENOENT (No such file or directory)
1890493 openat(AT_FDCWD</home/szu2070436088/2510044040/CV-SincNet>, "/home/szu2070436088/.conda/envs/CVS-RFFI/lib/python3.10/site-packages/mkl/../../../glibc-hwcaps/x86-64-v2/libmkl_rt.so.2", O_RDONLY|O_CLOEXEC) = -1 ENOENT (No such file or directory)
1890493 openat(AT_FDCWD</home/szu2070436088/2510044040/CV-SincNet>, "/home/szu2070436088/.conda/envs/CVS-RFFI/lib/python3.10/site-packages/mkl/../../../libmkl_rt.so.2", O_RDONLY|O_CLOEXEC) = 17</home/szu2070436088/.conda/envs/CVS-RFFI/lib/libmkl_rt.so.2>
1890493 openat(AT_FDCWD</home/szu2070436088/2510044040/CV-SincNet>, "/home/szu2070436088/.conda/envs/CVS-RFFI/lib/python3.10/site-packages/mkl/../../../libiomp5.so", O_RDONLY|O_CLOEXEC) = 17</home/szu2070436088/.conda/envs/CVS-RFFI/lib/libiomp5.so>
1890493 openat(AT_FDCWD</home/szu2070436088/2510044040/CV-SincNet>, "/home/szu2070436088/.conda/envs/CVS-RFFI/lib/python3.10/site-packages/mkl/../../.././glibc-hwcaps/x86-64-v4/librt.so.1", O_RDONLY|O_CLOEXEC) = -1 ENOENT (No such file or directory)
1890493 openat(AT_FDCWD</home/szu2070436088/2510044040/CV-SincNet>, "/home/szu2070436088/.conda/envs/CVS-RFFI/lib/python3.10/site-packages/mkl/../../.././glibc-hwcaps/x86-64-v3/librt.so.1", O_RDONLY|O_CLOEXEC) = -1 ENOENT (No such file or directory)
1890493 openat(AT_FDCWD</home/szu2070436088/2510044040/CV-SincNet>, "/home/szu2070436088/.conda/envs/CVS-RFFI/lib/python3.10/site-packages/mkl/../../.././glibc-hwcaps/x86-64-v2/librt.so.1", O_RDONLY|O_CLOEXEC) = -1 ENOENT (No such file or directory)
1890493 openat(AT_FDCWD</home/szu2070436088/2510044040/CV-SincNet>, "/home/szu2070436088/.conda/envs/CVS-RFFI/lib/python3.10/site-packages/mkl/../../.././librt.so.1", O_RDONLY|O_CLOEXEC) = -1 ENOENT (No such file or directory)
1890493 openat(AT_FDCWD</home/szu2070436088/2510044040/CV-SincNet>, "/home/szu2070436088/.conda/envs/CVS-RFFI/bin/../lib/librt.so.1", O_RDONLY|O_CLOEXEC) = -1 ENOENT (No such file or directory)
1890493 openat(AT_FDCWD</home/szu2070436088/2510044040/CV-SincNet>, "/etc/ld.so.cache", O_RDONLY|O_CLOEXEC) = 17</etc/ld.so.cache>
1890493 openat(AT_FDCWD</home/szu2070436088/2510044040/CV-SincNet>, "/lib/x86_64-linux-gnu/librt.so.1", O_RDONLY|O_CLOEXEC) = 17</usr/lib/x86_64-linux-gnu/librt.so.1>
1890493 openat(AT_FDCWD</home/szu2070436088/2510044040/CV-SincNet>, "/home/szu2070436088/.conda/envs/CVS-RFFI/lib/python3.10/site-packages/mkl/_py_mkl_service.cpython-310-x86_64-linux-gnu.so", O_RDONLY|O_CLOEXEC) = 17</home/szu2070436088/.conda/envs/CVS-RFFI/lib/python3.10/site-packages/mkl/_py_mkl_service.cpython-310-x86_64-linux-gnu.so>
1890493 openat(AT_FDCWD</home/szu2070436088/2510044040/CV-SincNet>, "/home/szu2070436088/.conda/envs/CVS-RFFI/lib/python3.10/__pycache__/numbers.cpython-310.pyc", O_RDONLY|O_CLOEXEC) = 17</home/szu2070436088/.conda/envs/CVS-RFFI/lib/python3.10/__pycache__/numbers.cpython-310.pyc>
1890493 openat(AT_FDCWD</home/szu2070436088/2510044040/CV-SincNet>, "/home/szu2070436088/.conda/envs/CVS-RFFI/lib/python3.10/site-packages/mkl/__pycache__/_version.cpython-310.pyc", O_RDONLY|O_CLOEXEC) = 17</home/szu2070436088/.conda/envs/CVS-RFFI/lib/python3.10/site-packages/mkl/__pycache__/_version.cpython-310.pyc>
1890493 openat(AT_FDCWD</home/szu2070436088/2510044040/CV-SincNet>, "/home/szu2070436088/.conda/envs/CVS-RFFI/lib/python3.10/site-packages/mkl/../../../libmkl_core.so.2", O_RDONLY|O_CLOEXEC) = 17</home/szu2070436088/.conda/envs/CVS-RFFI/lib/libmkl_core.so.2>
1890493 openat(AT_FDCWD</home/szu2070436088/2510044040/CV-SincNet>, "/home/szu2070436088/.conda/envs/CVS-RFFI/lib/python3.10/site-packages/mkl/../../../libmkl_intel_thread.so.2", O_RDONLY|O_CLOEXEC) = 17</home/szu2070436088/.conda/envs/CVS-RFFI/lib/libmkl_intel_thread.so.2>
1890493 openat(AT_FDCWD</home/szu2070436088/2510044040/CV-SincNet>, "/home/szu2070436088/.conda/envs/CVS-RFFI/lib/python3.10/site-packages/mkl/../../../libmkl_intel_lp64.so.2", O_RDONLY|O_CLOEXEC) = 17</home/szu2070436088/.conda/envs/CVS-RFFI/lib/libmkl_intel_lp64.so.2>
1890493 open("/proc/self/environ", O_RDONLY) = 17</proc/1890493/environ>
1890493 openat(AT_FDCWD</home/szu2070436088/2510044040/CV-SincNet>, "/home/szu2070436088/.conda/envs/CVS-RFFI/lib/python3.10/site-packages/mkl/../../../libmkl_avx512.so.2", O_RDONLY|O_CLOEXEC) = 17</home/szu2070436088/.conda/envs/CVS-RFFI/lib/libmkl_avx512.so.2>
1890493 openat(AT_FDCWD</home/szu2070436088/2510044040/CV-SincNet>, "/home/szu2070436088/.conda/envs/CVS-RFFI/lib/python3.10/site-packages/mkl/../../../libmkl_vml_avx512.so.2", O_RDONLY|O_CLOEXEC) = 17</home/szu2070436088/.conda/envs/CVS-RFFI/lib/libmkl_vml_avx512.so.2>
1890493 openat(AT_FDCWD</home/szu2070436088/2510044040/CV-SincNet>, "/home/szu2070436088/.conda/envs/CVS-RFFI/lib/python3.10/site-packages/numpy/__pycache__/__config__.cpython-310.pyc", O_RDONLY|O_CLOEXEC) = 17</home/szu2070436088/.conda/envs/CVS-RFFI/lib/python3.10/site-packages/numpy/__pycache__/__config__.cpython-310.pyc>
1890493 openat(AT_FDCWD</home/szu2070436088/2510044040/CV-SincNet>, "/home/szu2070436088/.conda/envs/CVS-RFFI/lib/python3.10/site-packages/numpy/_core/__pycache__/__init__.cpython-310.pyc", O_RDONLY|O_CLOEXEC) = 17</home/szu2070436088/.conda/envs/CVS-RFFI/lib/python3.10/site-packages/numpy/_core/__pycache__/__init__.cpython-310.pyc>
1890493 openat(AT_FDCWD</home/szu2070436088/2510044040/CV-SincNet>, "/home/szu2070436088/.conda/envs/CVS-RFFI/lib/python3.10/site-packages/numpy/_core", O_RDONLY|O_NONBLOCK|O_CLOEXEC|O_DIRECTORY) = 17</home/szu2070436088/.conda/envs/CVS-RFFI/lib/python3.10/site-packages/numpy/_core>
1890493 openat(AT_FDCWD</home/szu2070436088/2510044040/CV-SincNet>, "/home/szu2070436088/.conda/envs/CVS-RFFI/lib/python3.10/site-packages/numpy/_core/__pycache__/multiarray.cpython-310.pyc", O_RDONLY|O_CLOEXEC) = 17</home/szu2070436088/.conda/envs/CVS-RFFI/lib/python3.10/site-packages/numpy/_core/__pycache__/multiarray.cpython-310.pyc>
1890493 openat(AT_FDCWD</home/szu2070436088/2510044040/CV-SincNet>, "/home/szu2070436088/.conda/envs/CVS-RFFI/lib/python3.10/site-packages/numpy/_core/__pycache__/overrides.cpython-310.pyc", O_RDONLY|O_CLOEXEC) = 17</home/szu2070436088/.conda/envs/CVS-RFFI/lib/python3.10/site-packages/numpy/_core/__pycache__/overrides.cpython-310.pyc>
1890493 openat(AT_FDCWD</home/szu2070436088/2510044040/CV-SincNet>, "/home/szu2070436088/.conda/envs/CVS-RFFI/lib/python3.10/site-packages/numpy/_utils/__pycache__/_inspect.cpython-310.pyc", O_RDONLY|O_CLOEXEC) = 17</home/szu2070436088/.conda/envs/CVS-RFFI/lib/python3.10/site-packages/numpy/_utils/__pycache__/_inspect.cpython-310.pyc>
1890493 openat(AT_FDCWD</home/szu2070436088/2510044040/CV-SincNet>, "/home/szu2070436088/.conda/envs/CVS-RFFI/lib/python3.10/site-packages/numpy/_core/_multiarray_umath.cpython-310-x86_64-linux-gnu.so", O_RDONLY|O_CLOEXEC) = 17</home/szu2070436088/.conda/envs/CVS-RFFI/lib/python3.10/site-packages/numpy/_core/_multiarray_umath.cpython-310-x86_64-linux-gnu.so>
1890493 openat(AT_FDCWD</home/szu2070436088/2510044040/CV-SincNet>, "/home/szu2070436088/.conda/envs/CVS-RFFI/lib/python3.10/site-packages/numpy/_core/../../../../glibc-hwcaps/x86-64-v4/libstdc++.so.6", O_RDONLY|O_CLOEXEC) = -1 ENOENT (No such file or directory)
1890493 openat(AT_FDCWD</home/szu2070436088/2510044040/CV-SincNet>, "/home/szu2070436088/.conda/envs/CVS-RFFI/lib/python3.10/site-packages/numpy/_core/../../../../glibc-hwcaps/x86-64-v3/libstdc++.so.6", O_RDONLY|O_CLOEXEC) = -1 ENOENT (No such file or directory)
1890493 openat(AT_FDCWD</home/szu2070436088/2510044040/CV-SincNet>, "/home/szu2070436088/.conda/envs/CVS-RFFI/lib/python3.10/site-packages/numpy/_core/../../../../glibc-hwcaps/x86-64-v2/libstdc++.so.6", O_RDONLY|O_CLOEXEC) = -1 ENOENT (No such file or directory)
1890493 openat(AT_FDCWD</home/szu2070436088/2510044040/CV-SincNet>, "/home/szu2070436088/.conda/envs/CVS-RFFI/lib/python3.10/site-packages/numpy/_core/../../../../libstdc++.so.6", O_RDONLY|O_CLOEXEC) = 17</home/szu2070436088/.conda/envs/CVS-RFFI/lib/libstdc++.so.6.0.34>
1890493 openat(AT_FDCWD</home/szu2070436088/2510044040/CV-SincNet>, "/home/szu2070436088/.conda/envs/CVS-RFFI/lib/python3.10/site-packages/numpy/_core/../../../../libgcc_s.so.1", O_RDONLY|O_CLOEXEC) = 17</home/szu2070436088/.conda/envs/CVS-RFFI/lib/libgcc_s.so.1>
1890493 openat(AT_FDCWD</home/szu2070436088/2510044040/CV-SincNet>, "/home/szu2070436088/.conda/envs/CVS-RFFI/lib/python3.10/__pycache__/datetime.cpython-310.pyc", O_RDONLY|O_CLOEXEC) = 17</home/szu2070436088/.conda/envs/CVS-RFFI/lib/python3.10/__pycache__/datetime.cpython-310.pyc>
1890493 openat(AT_FDCWD</home/szu2070436088/2510044040/CV-SincNet>, "/home/szu2070436088/.conda/envs/CVS-RFFI/lib/python3.10/lib-dynload/math.cpython-310-x86_64-linux-gnu.so", O_RDONLY|O_CLOEXEC) = 17</home/szu2070436088/.conda/envs/CVS-RFFI/lib/python3.10/lib-dynload/math.cpython-310-x86_64-linux-gnu.so>
1890493 openat(AT_FDCWD</home/szu2070436088/2510044040/CV-SincNet>, "/home/szu2070436088/.conda/envs/CVS-RFFI/lib/python3.10/lib-dynload/_datetime.cpython-310-x86_64-linux-gnu.so", O_RDONLY|O_CLOEXEC) = 17</home/szu2070436088/.conda/envs/CVS-RFFI/lib/python3.10/lib-dynload/_datetime.cpython-310-x86_64-linux-gnu.so>
1890493 openat(AT_FDCWD</home/szu2070436088/2510044040/CV-SincNet>, "/home/szu2070436088/.conda/envs/CVS-RFFI/lib/python3.10/site-packages/numpy/__pycache__/exceptions.cpython-310.pyc", O_RDONLY|O_CLOEXEC) = 17</home/szu2070436088/.conda/envs/CVS-RFFI/lib/python3.10/site-packages/numpy/__pycache__/exceptions.cpython-310.pyc>
1890493 openat(AT_FDCWD</home/szu2070436088/2510044040/CV-SincNet>, "/home/szu2070436088/.conda/envs/CVS-RFFI/lib/python3.10/site-packages/numpy/_core/__pycache__/_exceptions.cpython-310.pyc", O_RDONLY|O_CLOEXEC) = 17</home/szu2070436088/.conda/envs/CVS-RFFI/lib/python3.10/site-packages/numpy/_core/__pycache__/_exceptions.cpython-310.pyc>
1890493 openat(AT_FDCWD</home/szu2070436088/2510044040/CV-SincNet>, "/home/szu2070436088/.conda/envs/CVS-RFFI/lib/python3.10/site-packages/numpy/_core/__pycache__/printoptions.cpython-310.pyc", O_RDONLY|O_CLOEXEC) = 17</home/szu2070436088/.conda/envs/CVS-RFFI/lib/python3.10/site-packages/numpy/_core/__pycache__/printoptions.cpython-310.pyc>
1890493 openat(AT_FDCWD</home/szu2070436088/2510044040/CV-SincNet>, "/home/szu2070436088/.conda/envs/CVS-RFFI/lib/python3.10/__pycache__/contextvars.cpython-310.pyc", O_RDONLY|O_CLOEXEC) = 17</home/szu2070436088/.conda/envs/CVS-RFFI/lib/python3.10/__pycache__/contextvars.cpython-310.pyc>
1890493 openat(AT_FDCWD</home/szu2070436088/2510044040/CV-SincNet>, "/home/szu2070436088/.conda/envs/CVS-RFFI/lib/python3.10/lib-dynload/_contextvars.cpython-310-x86_64-linux-gnu.so", O_RDONLY|O_CLOEXEC) = 17</home/szu2070436088/.conda/envs/CVS-RFFI/lib/python3.10/lib-dynload/_contextvars.cpython-310-x86_64-linux-gnu.so>
1890493 openat(AT_FDCWD</home/szu2070436088/2510044040/CV-SincNet>, "/home/szu2070436088/.conda/envs/CVS-RFFI/lib/python3.10/site-packages/numpy/__pycache__/dtypes.cpython-310.pyc", O_RDONLY|O_CLOEXEC) = 17</home/szu2070436088/.conda/envs/CVS-RFFI/lib/python3.10/site-packages/numpy/__pycache__/dtypes.cpython-310.pyc>
1890493 openat(AT_FDCWD</home/szu2070436088/2510044040/CV-SincNet>, "/home/szu2070436088/.conda/envs/CVS-RFFI/lib/python3.10/site-packages/numpy/_core/__pycache__/umath.cpython-310.pyc", O_RDONLY|O_CLOEXEC) = 17</home/szu2070436088/.conda/envs/CVS-RFFI/lib/python3.10/site-packages/numpy/_core/__pycache__/umath.cpython-310.pyc>
1890493 openat(AT_FDCWD</home/szu2070436088/2510044040/CV-SincNet>, "/home/szu2070436088/.conda/envs/CVS-RFFI/lib/python3.10/site-packages/numpy/_core/__pycache__/numerictypes.cpython-310.pyc", O_RDONLY|O_CLOEXEC) = 17</home/szu2070436088/.conda/envs/CVS-RFFI/lib/python3.10/site-packages/numpy/_core/__pycache__/numerictypes.cpython-310.pyc>
1890493 openat(AT_FDCWD</home/szu2070436088/2510044040/CV-SincNet>, "/home/szu2070436088/.conda/envs/CVS-RFFI/lib/python3.10/site-packages/numpy/_core/__pycache__/_string_helpers.cpython-310.pyc", O_RDONLY|O_CLOEXEC) = 17</home/szu2070436088/.conda/envs/CVS-RFFI/lib/python3.10/site-packages/numpy/_core/__pycache__/_string_helpers.cpython-310.pyc>
1890493 openat(AT_FDCWD</home/szu2070436088/2510044040/CV-SincNet>, "/home/szu2070436088/.conda/envs/CVS-RFFI/lib/python3.10/site-packages/numpy/_core/__pycache__/_type_aliases.cpython-310.pyc", O_RDONLY|O_CLOEXEC) = 17</home/szu2070436088/.conda/envs/CVS-RFFI/lib/python3.10/site-packages/numpy/_core/__pycache__/_type_aliases.cpython-310.pyc>
1890493 openat(AT_FDCWD</home/szu2070436088/2510044040/CV-SincNet>, "/home/szu2070436088/.conda/envs/CVS-RFFI/lib/python3.10/site-packages/numpy/_core/__pycache__/_dtype.cpython-310.pyc", O_RDONLY|O_CLOEXEC) = 17</home/szu2070436088/.conda/envs/CVS-RFFI/lib/python3.10/site-packages/numpy/_core/__pycache__/_dtype.cpython-310.pyc>
1890493 openat(AT_FDCWD</home/szu2070436088/2510044040/CV-SincNet>, "/home/szu2070436088/.conda/envs/CVS-RFFI/lib/python3.10/site-packages/numpy/_core/__pycache__/numeric.cpython-310.pyc", O_RDONLY|O_CLOEXEC) = 17</home/szu2070436088/.conda/envs/CVS-RFFI/lib/python3.10/site-packages/numpy/_core/__pycache__/numeric.cpython-310.pyc>
1890493 openat(AT_FDCWD</home/szu2070436088/2510044040/CV-SincNet>, "/home/szu2070436088/.conda/envs/CVS-RFFI/lib/python3.10/site-packages/numpy/_core/__pycache__/shape_base.cpython-310.pyc", O_RDONLY|O_CLOEXEC) = 17</home/szu2070436088/.conda/envs/CVS-RFFI/lib/python3.10/site-packages/numpy/_core/__pycache__/shape_base.cpython-310.pyc>
1890493 openat(AT_FDCWD</home/szu2070436088/2510044040/CV-SincNet>, "/home/szu2070436088/.conda/envs/CVS-RFFI/lib/python3.10/site-packages/numpy/_core/__pycache__/fromnumeric.cpython-310.pyc", O_RDONLY|O_CLOEXEC) = 17</home/szu2070436088/.conda/envs/CVS-RFFI/lib/python3.10/site-packages/numpy/_core/__pycache__/fromnumeric.cpython-310.pyc>
1890493 openat(AT_FDCWD</home/szu2070436088/2510044040/CV-SincNet>, "/home/szu2070436088/.conda/envs/CVS-RFFI/lib/python3.10/site-packages/numpy/_core/__pycache__/_methods.cpython-310.pyc", O_RDONLY|O_CLOEXEC) = 17</home/szu2070436088/.conda/envs/CVS-RFFI/lib/python3.10/site-packages/numpy/_core/__pycache__/_methods.cpython-310.pyc>
1890493 openat(AT_FDCWD</home/szu2070436088/2510044040/CV-SincNet>, "/home/szu2070436088/.conda/envs/CVS-RFFI/lib/python3.10/__pycache__/pickle.cpython-310.pyc", O_RDONLY|O_CLOEXEC) = 17</home/szu2070436088/.conda/envs/CVS-RFFI/lib/python3.10/__pycache__/pickle.cpython-310.pyc>
1890493 openat(AT_FDCWD</home/szu2070436088/2510044040/CV-SincNet>, "/home/szu2070436088/.conda/envs/CVS-RFFI/lib/python3.10/__pycache__/_compat_pickle.cpython-310.pyc", O_RDONLY|O_CLOEXEC) = 17</home/szu2070436088/.conda/envs/CVS-RFFI/lib/python3.10/__pycache__/_compat_pickle.cpython-310.pyc>
1890493 openat(AT_FDCWD</home/szu2070436088/2510044040/CV-SincNet>, "/home/szu2070436088/.conda/envs/CVS-RFFI/lib/python3.10/lib-dynload/_pickle.cpython-310-x86_64-linux-gnu.so", O_RDONLY|O_CLOEXEC) = 17</home/szu2070436088/.conda/envs/CVS-RFFI/lib/python3.10/lib-dynload/_pickle.cpython-310-x86_64-linux-gnu.so>
1890493 openat(AT_FDCWD</home/szu2070436088/2510044040/CV-SincNet>, "/home/szu2070436088/.conda/envs/CVS-RFFI/lib/python3.10/site-packages/numpy/_core/__pycache__/_ufunc_config.cpython-310.pyc", O_RDONLY|O_CLOEXEC) = 17</home/szu2070436088/.conda/envs/CVS-RFFI/lib/python3.10/site-packages/numpy/_core/__pycache__/_ufunc_config.cpython-310.pyc>
1890493 openat(AT_FDCWD</home/szu2070436088/2510044040/CV-SincNet>, "/home/szu2070436088/.conda/envs/CVS-RFFI/lib/python3.10/site-packages/numpy/_core/__pycache__/arrayprint.cpython-310.pyc", O_RDONLY|O_CLOEXEC) = 17</home/szu2070436088/.conda/envs/CVS-RFFI/lib/python3.10/site-packages/numpy/_core/__pycache__/arrayprint.cpython-310.pyc>
1890493 openat(AT_FDCWD</home/szu2070436088/2510044040/CV-SincNet>, "/home/szu2070436088/.conda/envs/CVS-RFFI/lib/python3.10/site-packages/numpy/_core/__pycache__/_asarray.cpython-310.pyc", O_RDONLY|O_CLOEXEC) = 17</home/szu2070436088/.conda/envs/CVS-RFFI/lib/python3.10/site-packages/numpy/_core/__pycache__/_asarray.cpython-310.pyc>
1890493 openat(AT_FDCWD</home/szu2070436088/2510044040/CV-SincNet>, "/home/szu2070436088/.conda/envs/CVS-RFFI/lib/python3.10/site-packages/numpy/_core/__pycache__/records.cpython-310.pyc", O_RDONLY|O_CLOEXEC) = 17</home/szu2070436088/.conda/envs/CVS-RFFI/lib/python3.10/site-packages/numpy/_core/__pycache__/records.cpython-310.pyc>
1890493 openat(AT_FDCWD</home/szu2070436088/2510044040/CV-SincNet>, "/home/szu2070436088/.conda/envs/CVS-RFFI/lib/python3.10/site-packages/numpy/_core/__pycache__/memmap.cpython-310.pyc", O_RDONLY|O_CLOEXEC) = 17</home/szu2070436088/.conda/envs/CVS-RFFI/lib/python3.10/site-packages/numpy/_core/__pycache__/memmap.cpython-310.pyc>
1890493 openat(AT_FDCWD</home/szu2070436088/2510044040/CV-SincNet>, "/home/szu2070436088/.conda/envs/CVS-RFFI/lib/python3.10/site-packages/numpy/_core/__pycache__/function_base.cpython-310.pyc", O_RDONLY|O_CLOEXEC) = 17</home/szu2070436088/.conda/envs/CVS-RFFI/lib/python3.10/site-packages/numpy/_core/__pycache__/function_base.cpython-310.pyc>
1890493 openat(AT_FDCWD</home/szu2070436088/2510044040/CV-SincNet>, "/home/szu2070436088/.conda/envs/CVS-RFFI/lib/python3.10/site-packages/numpy/_core/__pycache__/_machar.cpython-310.pyc", O_RDONLY|O_CLOEXEC) = 17</home/szu2070436088/.conda/envs/CVS-RFFI/lib/python3.10/site-packages/numpy/_core/__pycache__/_machar.cpython-310.pyc>
1890493 openat(AT_FDCWD</home/szu2070436088/2510044040/CV-SincNet>, "/home/szu2070436088/.conda/envs/CVS-RFFI/lib/python3.10/site-packages/numpy/_core/__pycache__/getlimits.cpython-310.pyc", O_RDONLY|O_CLOEXEC) = 17</home/szu2070436088/.conda/envs/CVS-RFFI/lib/python3.10/site-packages/numpy/_core/__pycache__/getlimits.cpython-310.pyc>
1890493 openat(AT_FDCWD</home/szu2070436088/2510044040/CV-SincNet>, "/home/szu2070436088/.conda/envs/CVS-RFFI/lib/python3.10/site-packages/numpy/_core/__pycache__/einsumfunc.cpython-310.pyc", O_RDONLY|O_CLOEXEC) = 17</home/szu2070436088/.conda/envs/CVS-RFFI/lib/python3.10/site-packages/numpy/_core/__pycache__/einsumfunc.cpython-310.pyc>
1890493 openat(AT_FDCWD</home/szu2070436088/2510044040/CV-SincNet>, "/home/szu2070436088/.conda/envs/CVS-RFFI/lib/python3.10/site-packages/numpy/_core/__pycache__/_add_newdocs.cpython-310.pyc", O_RDONLY|O_CLOEXEC) = 17</home/szu2070436088/.conda/envs/CVS-RFFI/lib/python3.10/site-packages/numpy/_core/__pycache__/_add_newdocs.cpython-310.pyc>
1890493 openat(AT_FDCWD</home/szu2070436088/2510044040/CV-SincNet>, "/home/szu2070436088/.conda/envs/CVS-RFFI/lib/python3.10/site-packages/numpy/_core/__pycache__/_add_newdocs_scalars.cpython-310.pyc", O_RDONLY|O_CLOEXEC) = 17</home/szu2070436088/.conda/envs/CVS-RFFI/lib/python3.10/site-packages/numpy/_core/__pycache__/_add_newdocs_scalars.cpython-310.pyc>
1890493 openat(AT_FDCWD</home/szu2070436088/2510044040/CV-SincNet>, "/home/szu2070436088/.conda/envs/CVS-RFFI/lib/python3.10/site-packages/numpy/_core/__pycache__/_dtype_ctypes.cpython-310.pyc", O_RDONLY|O_CLOEXEC) = 17</home/szu2070436088/.conda/envs/CVS-RFFI/lib/python3.10/site-packages/numpy/_core/__pycache__/_dtype_ctypes.cpython-310.pyc>
1890493 openat(AT_FDCWD</home/szu2070436088/2510044040/CV-SincNet>, "/home/szu2070436088/.conda/envs/CVS-RFFI/lib/python3.10/site-packages/numpy/_core/__pycache__/_internal.cpython-310.pyc", O_RDONLY|O_CLOEXEC) = 17</home/szu2070436088/.conda/envs/CVS-RFFI/lib/python3.10/site-packages/numpy/_core/__pycache__/_internal.cpython-310.pyc>
1890493 openat(AT_FDCWD</home/szu2070436088/2510044040/CV-SincNet>, "/home/szu2070436088/.conda/envs/CVS-RFFI/lib/python3.10/__pycache__/ast.cpython-310.pyc", O_RDONLY|O_CLOEXEC) = 17</home/szu2070436088/.conda/envs/CVS-RFFI/lib/python3.10/__pycache__/ast.cpython-310.pyc>
1890493 openat(AT_FDCWD</home/szu2070436088/2510044040/CV-SincNet>, "/home/szu2070436088/.conda/envs/CVS-RFFI/lib/python3.10/site-packages/numpy/__pycache__/_pytesttester.cpython-310.pyc", O_RDONLY|O_CLOEXEC) = 17</home/szu2070436088/.conda/envs/CVS-RFFI/lib/python3.10/site-packages/numpy/__pycache__/_pytesttester.cpython-310.pyc>
1890493 openat(AT_FDCWD</home/szu2070436088/2510044040/CV-SincNet>, "/home/szu2070436088/.conda/envs/CVS-RFFI/lib/python3.10/site-packages/numpy/lib/__pycache__/__init__.cpython-310.pyc", O_RDONLY|O_CLOEXEC) = 17</home/szu2070436088/.conda/envs/CVS-RFFI/lib/python3.10/site-packages/numpy/lib/__pycache__/__init__.cpython-310.pyc>
1890493 openat(AT_FDCWD</home/szu2070436088/2510044040/CV-SincNet>, "/home/szu2070436088/.conda/envs/CVS-RFFI/lib/python3.10/site-packages/numpy/lib", O_RDONLY|O_NONBLOCK|O_CLOEXEC|O_DIRECTORY) = 17</home/szu2070436088/.conda/envs/CVS-RFFI/lib/python3.10/site-packages/numpy/lib>
1890493 openat(AT_FDCWD</home/szu2070436088/2510044040/CV-SincNet>, "/home/szu2070436088/.conda/envs/CVS-RFFI/lib/python3.10/site-packages/numpy/lib/__pycache__/array_utils.cpython-310.pyc", O_RDONLY|O_CLOEXEC) = 17</home/szu2070436088/.conda/envs/CVS-RFFI/lib/python3.10/site-packages/numpy/lib/__pycache__/array_utils.cpython-310.pyc>
1890493 openat(AT_FDCWD</home/szu2070436088/2510044040/CV-SincNet>, "/home/szu2070436088/.conda/envs/CVS-RFFI/lib/python3.10/site-packages/numpy/lib/__pycache__/_array_utils_impl.cpython-310.pyc", O_RDONLY|O_CLOEXEC) = 17</home/szu2070436088/.conda/envs/CVS-RFFI/lib/python3.10/site-packages/numpy/lib/__pycache__/_array_utils_impl.cpython-310.pyc>
1890493 openat(AT_FDCWD</home/szu2070436088/2510044040/CV-SincNet>, "/home/szu2070436088/.conda/envs/CVS-RFFI/lib/python3.10/site-packages/numpy/lib/__pycache__/introspect.cpython-310.pyc", O_RDONLY|O_CLOEXEC) = 17</home/szu2070436088/.conda/envs/CVS-RFFI/lib/python3.10/site-packages/numpy/lib/__pycache__/introspect.cpython-310.pyc>
1890493 openat(AT_FDCWD</home/szu2070436088/2510044040/CV-SincNet>, "/home/szu2070436088/.conda/envs/CVS-RFFI/lib/python3.10/site-packages/numpy/lib/__pycache__/mixins.cpython-310.pyc", O_RDONLY|O_CLOEXEC) = 17</home/szu2070436088/.conda/envs/CVS-RFFI/lib/python3.10/site-packages/numpy/lib/__pycache__/mixins.cpython-310.pyc>
1890493 openat(AT_FDCWD</home/szu2070436088/2510044040/CV-SincNet>, "/home/szu2070436088/.conda/envs/CVS-RFFI/lib/python3.10/site-packages/numpy/lib/__pycache__/npyio.cpython-310.pyc", O_RDONLY|O_CLOEXEC) = 17</home/szu2070436088/.conda/envs/CVS-RFFI/lib/python3.10/site-packages/numpy/lib/__pycache__/npyio.cpython-310.pyc>
1890493 openat(AT_FDCWD</home/szu2070436088/2510044040/CV-SincNet>, "/home/szu2070436088/.conda/envs/CVS-RFFI/lib/python3.10/site-packages/numpy/lib/__pycache__/_npyio_impl.cpython-310.pyc", O_RDONLY|O_CLOEXEC) = 17</home/szu2070436088/.conda/envs/CVS-RFFI/lib/python3.10/site-packages/numpy/lib/__pycache__/_npyio_impl.cpython-310.pyc>
1890493 openat(AT_FDCWD</home/szu2070436088/2510044040/CV-SincNet>, "/home/szu2070436088/.conda/envs/CVS-RFFI/lib/python3.10/__pycache__/weakref.cpython-310.pyc", O_RDONLY|O_CLOEXEC) = 17</home/szu2070436088/.conda/envs/CVS-RFFI/lib/python3.10/__pycache__/weakref.cpython-310.pyc>
1890493 openat(AT_FDCWD</home/szu2070436088/2510044040/CV-SincNet>, "/home/szu2070436088/.conda/envs/CVS-RFFI/lib/python3.10/__pycache__/_weakrefset.cpython-310.pyc", O_RDONLY|O_CLOEXEC) = 17</home/szu2070436088/.conda/envs/CVS-RFFI/lib/python3.10/__pycache__/_weakrefset.cpython-310.pyc>
1890493 openat(AT_FDCWD</home/szu2070436088/2510044040/CV-SincNet>, "/home/szu2070436088/.conda/envs/CVS-RFFI/lib/python3.10/site-packages/numpy/lib/__pycache__/format.cpython-310.pyc", O_RDONLY|O_CLOEXEC) = 17</home/szu2070436088/.conda/envs/CVS-RFFI/lib/python3.10/site-packages/numpy/lib/__pycache__/format.cpython-310.pyc>
1890493 openat(AT_FDCWD</home/szu2070436088/2510044040/CV-SincNet>, "/home/szu2070436088/.conda/envs/CVS-RFFI/lib/python3.10/site-packages/numpy/lib/__pycache__/_utils_impl.cpython-310.pyc", O_RDONLY|O_CLOEXEC) = 17</home/szu2070436088/.conda/envs/CVS-RFFI/lib/python3.10/site-packages/numpy/lib/__pycache__/_utils_impl.cpython-310.pyc>
1890493 openat(AT_FDCWD</home/szu2070436088/2510044040/CV-SincNet>, "/home/szu2070436088/.conda/envs/CVS-RFFI/lib/python3.10/__pycache__/textwrap.cpython-310.pyc", O_RDONLY|O_CLOEXEC) = 17</home/szu2070436088/.conda/envs/CVS-RFFI/lib/python3.10/__pycache__/textwrap.cpython-310.pyc>
1890493 openat(AT_FDCWD</home/szu2070436088/2510044040/CV-SincNet>, "/home/szu2070436088/.conda/envs/CVS-RFFI/lib/python3.10/__pycache__/platform.cpython-310.pyc", O_RDONLY|O_CLOEXEC) = 17</home/szu2070436088/.conda/envs/CVS-RFFI/lib/python3.10/__pycache__/platform.cpython-310.pyc>
1890493 openat(AT_FDCWD</home/szu2070436088/2510044040/CV-SincNet>, "/home/szu2070436088/.conda/envs/CVS-RFFI/lib/python3.10/__pycache__/subprocess.cpython-310.pyc", O_RDONLY|O_CLOEXEC) = 17</home/szu2070436088/.conda/envs/CVS-RFFI/lib/python3.10/__pycache__/subprocess.cpython-310.pyc>
1890493 openat(AT_FDCWD</home/szu2070436088/2510044040/CV-SincNet>, "/home/szu2070436088/.conda/envs/CVS-RFFI/lib/python3.10/__pycache__/signal.cpython-310.pyc", O_RDONLY|O_CLOEXEC) = 17</home/szu2070436088/.conda/envs/CVS-RFFI/lib/python3.10/__pycache__/signal.cpython-310.pyc>
1890493 openat(AT_FDCWD</home/szu2070436088/2510044040/CV-SincNet>, "/home/szu2070436088/.conda/envs/CVS-RFFI/lib/python3.10/__pycache__/threading.cpython-310.pyc", O_RDONLY|O_CLOEXEC) = 17</home/szu2070436088/.conda/envs/CVS-RFFI/lib/python3.10/__pycache__/threading.cpython-310.pyc>
1890493 openat(AT_FDCWD</home/szu2070436088/2510044040/CV-SincNet>, "/home/szu2070436088/.conda/envs/CVS-RFFI/lib/python3.10/lib-dynload/fcntl.cpython-310-x86_64-linux-gnu.so", O_RDONLY|O_CLOEXEC) = 17</home/szu2070436088/.conda/envs/CVS-RFFI/lib/python3.10/lib-dynload/fcntl.cpython-310-x86_64-linux-gnu.so>
1890493 openat(AT_FDCWD</home/szu2070436088/2510044040/CV-SincNet>, "/home/szu2070436088/.conda/envs/CVS-RFFI/lib/python3.10/lib-dynload/_posixsubprocess.cpython-310-x86_64-linux-gnu.so", O_RDONLY|O_CLOEXEC) = 17</home/szu2070436088/.conda/envs/CVS-RFFI/lib/python3.10/lib-dynload/_posixsubprocess.cpython-310-x86_64-linux-gnu.so>
1890493 openat(AT_FDCWD</home/szu2070436088/2510044040/CV-SincNet>, "/home/szu2070436088/.conda/envs/CVS-RFFI/lib/python3.10/lib-dynload/select.cpython-310-x86_64-linux-gnu.so", O_RDONLY|O_CLOEXEC) = 17</home/szu2070436088/.conda/envs/CVS-RFFI/lib/python3.10/lib-dynload/select.cpython-310-x86_64-linux-gnu.so>
1890493 openat(AT_FDCWD</home/szu2070436088/2510044040/CV-SincNet>, "/home/szu2070436088/.conda/envs/CVS-RFFI/lib/python3.10/__pycache__/selectors.cpython-310.pyc", O_RDONLY|O_CLOEXEC) = 17</home/szu2070436088/.conda/envs/CVS-RFFI/lib/python3.10/__pycache__/selectors.cpython-310.pyc>
1890493 openat(AT_FDCWD</home/szu2070436088/2510044040/CV-SincNet>, "/home/szu2070436088/.conda/envs/CVS-RFFI/lib/python3.10/site-packages/numpy/lib/__pycache__/_datasource.cpython-310.pyc", O_RDONLY|O_CLOEXEC) = 17</home/szu2070436088/.conda/envs/CVS-RFFI/lib/python3.10/site-packages/numpy/lib/__pycache__/_datasource.cpython-310.pyc>
1890493 openat(AT_FDCWD</home/szu2070436088/2510044040/CV-SincNet>, "/home/szu2070436088/.conda/envs/CVS-RFFI/lib/python3.10/site-packages/numpy/lib/__pycache__/_iotools.cpython-310.pyc", O_RDONLY|O_CLOEXEC) = 17</home/szu2070436088/.conda/envs/CVS-RFFI/lib/python3.10/site-packages/numpy/lib/__pycache__/_iotools.cpython-310.pyc>
1890493 openat(AT_FDCWD</home/szu2070436088/2510044040/CV-SincNet>, "/home/szu2070436088/.conda/envs/CVS-RFFI/lib/python3.10/site-packages/numpy/lib/__pycache__/scimath.cpython-310.pyc", O_RDONLY|O_CLOEXEC) = 17</home/szu2070436088/.conda/envs/CVS-RFFI/lib/python3.10/site-packages/numpy/lib/__pycache__/scimath.cpython-310.pyc>
1890493 openat(AT_FDCWD</home/szu2070436088/2510044040/CV-SincNet>, "/home/szu2070436088/.conda/envs/CVS-RFFI/lib/python3.10/site-packages/numpy/lib/__pycache__/_scimath_impl.cpython-310.pyc", O_RDONLY|O_CLOEXEC) = 17</home/szu2070436088/.conda/envs/CVS-RFFI/lib/python3.10/site-packages/numpy/lib/__pycache__/_scimath_impl.cpython-310.pyc>
1890493 openat(AT_FDCWD</home/szu2070436088/2510044040/CV-SincNet>, "/home/szu2070436088/.conda/envs/CVS-RFFI/lib/python3.10/site-packages/numpy/lib/__pycache__/_type_check_impl.cpython-310.pyc", O_RDONLY|O_CLOEXEC) = 17</home/szu2070436088/.conda/envs/CVS-RFFI/lib/python3.10/site-packages/numpy/lib/__pycache__/_type_check_impl.cpython-310.pyc>
1890493 openat(AT_FDCWD</home/szu2070436088/2510044040/CV-SincNet>, "/home/szu2070436088/.conda/envs/CVS-RFFI/lib/python3.10/site-packages/numpy/lib/__pycache__/_ufunclike_impl.cpython-310.pyc", O_RDONLY|O_CLOEXEC) = 17</home/szu2070436088/.conda/envs/CVS-RFFI/lib/python3.10/site-packages/numpy/lib/__pycache__/_ufunclike_impl.cpython-310.pyc>
1890493 openat(AT_FDCWD</home/szu2070436088/2510044040/CV-SincNet>, "/home/szu2070436088/.conda/envs/CVS-RFFI/lib/python3.10/site-packages/numpy/lib/__pycache__/stride_tricks.cpython-310.pyc", O_RDONLY|O_CLOEXEC) = 17</home/szu2070436088/.conda/envs/CVS-RFFI/lib/python3.10/site-packages/numpy/lib/__pycache__/stride_tricks.cpython-310.pyc>
1890493 openat(AT_FDCWD</home/szu2070436088/2510044040/CV-SincNet>, "/home/szu2070436088/.conda/envs/CVS-RFFI/lib/python3.10/site-packages/numpy/lib/__pycache__/_stride_tricks_impl.cpython-310.pyc", O_RDONLY|O_CLOEXEC) = 17</home/szu2070436088/.conda/envs/CVS-RFFI/lib/python3.10/site-packages/numpy/lib/__pycache__/_stride_tricks_impl.cpython-310.pyc>
1890493 openat(AT_FDCWD</home/szu2070436088/2510044040/CV-SincNet>, "/home/szu2070436088/.conda/envs/CVS-RFFI/lib/python3.10/site-packages/numpy/lib/__pycache__/_index_tricks_impl.cpython-310.pyc", O_RDONLY|O_CLOEXEC) = 17</home/szu2070436088/.conda/envs/CVS-RFFI/lib/python3.10/site-packages/numpy/lib/__pycache__/_index_tricks_impl.cpython-310.pyc>
1890493 openat(AT_FDCWD</home/szu2070436088/2510044040/CV-SincNet>, "/home/szu2070436088/.conda/envs/CVS-RFFI/lib/python3.10/site-packages/numpy/matrixlib/__pycache__/__init__.cpython-310.pyc", O_RDONLY|O_CLOEXEC) = 17</home/szu2070436088/.conda/envs/CVS-RFFI/lib/python3.10/site-packages/numpy/matrixlib/__pycache__/__init__.cpython-310.pyc>
1890493 openat(AT_FDCWD</home/szu2070436088/2510044040/CV-SincNet>, "/home/szu2070436088/.conda/envs/CVS-RFFI/lib/python3.10/site-packages/numpy/matrixlib", O_RDONLY|O_NONBLOCK|O_CLOEXEC|O_DIRECTORY) = 17</home/szu2070436088/.conda/envs/CVS-RFFI/lib/python3.10/site-packages/numpy/matrixlib>
1890493 openat(AT_FDCWD</home/szu2070436088/2510044040/CV-SincNet>, "/home/szu2070436088/.conda/envs/CVS-RFFI/lib/python3.10/site-packages/numpy/matrixlib/__pycache__/defmatrix.cpython-310.pyc", O_RDONLY|O_CLOEXEC) = 17</home/szu2070436088/.conda/envs/CVS-RFFI/lib/python3.10/site-packages/numpy/matrixlib/__pycache__/defmatrix.cpython-310.pyc>
1890493 openat(AT_FDCWD</home/szu2070436088/2510044040/CV-SincNet>, "/home/szu2070436088/.conda/envs/CVS-RFFI/lib/python3.10/site-packages/numpy/linalg/__pycache__/__init__.cpython-310.pyc", O_RDONLY|O_CLOEXEC) = 17</home/szu2070436088/.conda/envs/CVS-RFFI/lib/python3.10/site-packages/numpy/linalg/__pycache__/__init__.cpython-310.pyc>
1890493 openat(AT_FDCWD</home/szu2070436088/2510044040/CV-SincNet>, "/home/szu2070436088/.conda/envs/CVS-RFFI/lib/python3.10/site-packages/numpy/linalg", O_RDONLY|O_NONBLOCK|O_CLOEXEC|O_DIRECTORY) = 17</home/szu2070436088/.conda/envs/CVS-RFFI/lib/python3.10/site-packages/numpy/linalg>
1890493 openat(AT_FDCWD</home/szu2070436088/2510044040/CV-SincNet>, "/home/szu2070436088/.conda/envs/CVS-RFFI/lib/python3.10/site-packages/numpy/linalg/__pycache__/linalg.cpython-310.pyc", O_RDONLY|O_CLOEXEC) = 17</home/szu2070436088/.conda/envs/CVS-RFFI/lib/python3.10/site-packages/numpy/linalg/__pycache__/linalg.cpython-310.pyc>
1890493 openat(AT_FDCWD</home/szu2070436088/2510044040/CV-SincNet>, "/home/szu2070436088/.conda/envs/CVS-RFFI/lib/python3.10/site-packages/numpy/linalg/__pycache__/_linalg.cpython-310.pyc", O_RDONLY|O_CLOEXEC) = 17</home/szu2070436088/.conda/envs/CVS-RFFI/lib/python3.10/site-packages/numpy/linalg/__pycache__/_linalg.cpython-310.pyc>
1890493 openat(AT_FDCWD</home/szu2070436088/2510044040/CV-SincNet>, "/home/szu2070436088/.conda/envs/CVS-RFFI/lib/python3.10/site-packages/numpy/lib/__pycache__/_twodim_base_impl.cpython-310.pyc", O_RDONLY|O_CLOEXEC) = 17</home/szu2070436088/.conda/envs/CVS-RFFI/lib/python3.10/site-packages/numpy/lib/__pycache__/_twodim_base_impl.cpython-310.pyc>
1890493 openat(AT_FDCWD</home/szu2070436088/2510044040/CV-SincNet>, "/home/szu2070436088/.conda/envs/CVS-RFFI/lib/python3.10/site-packages/numpy/linalg/_umath_linalg.cpython-310-x86_64-linux-gnu.so", O_RDONLY|O_CLOEXEC) = 17</home/szu2070436088/.conda/envs/CVS-RFFI/lib/python3.10/site-packages/numpy/linalg/_umath_linalg.cpython-310-x86_64-linux-gnu.so>
1890493 openat(AT_FDCWD</home/szu2070436088/2510044040/CV-SincNet>, "/home/szu2070436088/.conda/envs/CVS-RFFI/lib/python3.10/site-packages/numpy/_typing/__pycache__/__init__.cpython-310.pyc", O_RDONLY|O_CLOEXEC) = 17</home/szu2070436088/.conda/envs/CVS-RFFI/lib/python3.10/site-packages/numpy/_typing/__pycache__/__init__.cpython-310.pyc>
1890493 openat(AT_FDCWD</home/szu2070436088/2510044040/CV-SincNet>, "/home/szu2070436088/.conda/envs/CVS-RFFI/lib/python3.10/site-packages/numpy/_typing", O_RDONLY|O_NONBLOCK|O_CLOEXEC|O_DIRECTORY) = 17</home/szu2070436088/.conda/envs/CVS-RFFI/lib/python3.10/site-packages/numpy/_typing>
1890493 openat(AT_FDCWD</home/szu2070436088/2510044040/CV-SincNet>, "/home/szu2070436088/.conda/envs/CVS-RFFI/lib/python3.10/site-packages/numpy/_typing/__pycache__/_nested_sequence.cpython-310.pyc", O_RDONLY|O_CLOEXEC) = 17</home/szu2070436088/.conda/envs/CVS-RFFI/lib/python3.10/site-packages/numpy/_typing/__pycache__/_nested_sequence.cpython-310.pyc>
1890493 openat(AT_FDCWD</home/szu2070436088/2510044040/CV-SincNet>, "/home/szu2070436088/.conda/envs/CVS-RFFI/lib/python3.10/site-packages/numpy/_typing/__pycache__/_nbit_base.cpython-310.pyc", O_RDONLY|O_CLOEXEC) = 17</home/szu2070436088/.conda/envs/CVS-RFFI/lib/python3.10/site-packages/numpy/_typing/__pycache__/_nbit_base.cpython-310.pyc>
1890493 openat(AT_FDCWD</home/szu2070436088/2510044040/CV-SincNet>, "/home/szu2070436088/.conda/envs/CVS-RFFI/lib/python3.10/site-packages/numpy/_typing/__pycache__/_nbit.cpython-310.pyc", O_RDONLY|O_CLOEXEC) = 17</home/szu2070436088/.conda/envs/CVS-RFFI/lib/python3.10/site-packages/numpy/_typing/__pycache__/_nbit.cpython-310.pyc>
1890493 openat(AT_FDCWD</home/szu2070436088/2510044040/CV-SincNet>, "/home/szu2070436088/.conda/envs/CVS-RFFI/lib/python3.10/site-packages/numpy/_typing/__pycache__/_char_codes.cpython-310.pyc", O_RDONLY|O_CLOEXEC) = 17</home/szu2070436088/.conda/envs/CVS-RFFI/lib/python3.10/site-packages/numpy/_typing/__pycache__/_char_codes.cpython-310.pyc>
1890493 openat(AT_FDCWD</home/szu2070436088/2510044040/CV-SincNet>, "/home/szu2070436088/.conda/envs/CVS-RFFI/lib/python3.10/site-packages/numpy/_typing/__pycache__/_scalars.cpython-310.pyc", O_RDONLY|O_CLOEXEC) = 17</home/szu2070436088/.conda/envs/CVS-RFFI/lib/python3.10/site-packages/numpy/_typing/__pycache__/_scalars.cpython-310.pyc>
1890493 openat(AT_FDCWD</home/szu2070436088/2510044040/CV-SincNet>, "/home/szu2070436088/.conda/envs/CVS-RFFI/lib/python3.10/site-packages/numpy/_typing/__pycache__/_shape.cpython-310.pyc", O_RDONLY|O_CLOEXEC) = 17</home/szu2070436088/.conda/envs/CVS-RFFI/lib/python3.10/site-packages/numpy/_typing/__pycache__/_shape.cpython-310.pyc>
1890493 openat(AT_FDCWD</home/szu2070436088/2510044040/CV-SincNet>, "/home/szu2070436088/.conda/envs/CVS-RFFI/lib/python3.10/site-packages/numpy/_typing/__pycache__/_dtype_like.cpython-310.pyc", O_RDONLY|O_CLOEXEC) = 17</home/szu2070436088/.conda/envs/CVS-RFFI/lib/python3.10/site-packages/numpy/_typing/__pycache__/_dtype_like.cpython-310.pyc>
1890493 openat(AT_FDCWD</home/szu2070436088/2510044040/CV-SincNet>, "/home/szu2070436088/.conda/envs/CVS-RFFI/lib/python3.10/site-packages/numpy/_typing/__pycache__/_array_like.cpython-310.pyc", O_RDONLY|O_CLOEXEC) = 17</home/szu2070436088/.conda/envs/CVS-RFFI/lib/python3.10/site-packages/numpy/_typing/__pycache__/_array_like.cpython-310.pyc>
1890493 openat(AT_FDCWD</home/szu2070436088/2510044040/CV-SincNet>, "/home/szu2070436088/.conda/envs/CVS-RFFI/lib/python3.10/site-packages/numpy/_typing/__pycache__/_ufunc.cpython-310.pyc", O_RDONLY|O_CLOEXEC) = 17</home/szu2070436088/.conda/envs/CVS-RFFI/lib/python3.10/site-packages/numpy/_typing/__pycache__/_ufunc.cpython-310.pyc>
1890493 openat(AT_FDCWD</home/szu2070436088/2510044040/CV-SincNet>, "/home/szu2070436088/.conda/envs/CVS-RFFI/lib/python3.10/site-packages/numpy/lib/__pycache__/_function_base_impl.cpython-310.pyc", O_RDONLY|O_CLOEXEC) = 17</home/szu2070436088/.conda/envs/CVS-RFFI/lib/python3.10/site-packages/numpy/lib/__pycache__/_function_base_impl.cpython-310.pyc>
1890493 openat(AT_FDCWD</home/szu2070436088/2510044040/CV-SincNet>, "/home/szu2070436088/.conda/envs/CVS-RFFI/lib/python3.10/site-packages/numpy/lib/__pycache__/_histograms_impl.cpython-310.pyc", O_RDONLY|O_CLOEXEC) = 17</home/szu2070436088/.conda/envs/CVS-RFFI/lib/python3.10/site-packages/numpy/lib/__pycache__/_histograms_impl.cpython-310.pyc>
1890493 openat(AT_FDCWD</home/szu2070436088/2510044040/CV-SincNet>, "/home/szu2070436088/.conda/envs/CVS-RFFI/lib/python3.10/site-packages/numpy/lib/__pycache__/_nanfunctions_impl.cpython-310.pyc", O_RDONLY|O_CLOEXEC) = 17</home/szu2070436088/.conda/envs/CVS-RFFI/lib/python3.10/site-packages/numpy/lib/__pycache__/_nanfunctions_impl.cpython-310.pyc>
1890493 openat(AT_FDCWD</home/szu2070436088/2510044040/CV-SincNet>, "/home/szu2070436088/.conda/envs/CVS-RFFI/lib/python3.10/site-packages/numpy/lib/__pycache__/_shape_base_impl.cpython-310.pyc", O_RDONLY|O_CLOEXEC) = 17</home/szu2070436088/.conda/envs/CVS-RFFI/lib/python3.10/site-packages/numpy/lib/__pycache__/_shape_base_impl.cpython-310.pyc>
1890493 openat(AT_FDCWD</home/szu2070436088/2510044040/CV-SincNet>, "/home/szu2070436088/.conda/envs/CVS-RFFI/lib/python3.10/site-packages/numpy/lib/__pycache__/_arraysetops_impl.cpython-310.pyc", O_RDONLY|O_CLOEXEC) = 17</home/szu2070436088/.conda/envs/CVS-RFFI/lib/python3.10/site-packages/numpy/lib/__pycache__/_arraysetops_impl.cpython-310.pyc>
1890493 openat(AT_FDCWD</home/szu2070436088/2510044040/CV-SincNet>, "/home/szu2070436088/.conda/envs/CVS-RFFI/lib/python3.10/site-packages/numpy/lib/__pycache__/_polynomial_impl.cpython-310.pyc", O_RDONLY|O_CLOEXEC) = 17</home/szu2070436088/.conda/envs/CVS-RFFI/lib/python3.10/site-packages/numpy/lib/__pycache__/_polynomial_impl.cpython-310.pyc>
1890493 openat(AT_FDCWD</home/szu2070436088/2510044040/CV-SincNet>, "/home/szu2070436088/.conda/envs/CVS-RFFI/lib/python3.10/site-packages/numpy/lib/__pycache__/_arrayterator_impl.cpython-310.pyc", O_RDONLY|O_CLOEXEC) = 17</home/szu2070436088/.conda/envs/CVS-RFFI/lib/python3.10/site-packages/numpy/lib/__pycache__/_arrayterator_impl.cpython-310.pyc>
1890493 openat(AT_FDCWD</home/szu2070436088/2510044040/CV-SincNet>, "/home/szu2070436088/.conda/envs/CVS-RFFI/lib/python3.10/site-packages/numpy/lib/__pycache__/_arraypad_impl.cpython-310.pyc", O_RDONLY|O_CLOEXEC) = 17</home/szu2070436088/.conda/envs/CVS-RFFI/lib/python3.10/site-packages/numpy/lib/__pycache__/_arraypad_impl.cpython-310.pyc>
1890493 openat(AT_FDCWD</home/szu2070436088/2510044040/CV-SincNet>, "/home/szu2070436088/.conda/envs/CVS-RFFI/lib/python3.10/site-packages/numpy/lib/__pycache__/_version.cpython-310.pyc", O_RDONLY|O_CLOEXEC) = 17</home/szu2070436088/.conda/envs/CVS-RFFI/lib/python3.10/site-packages/numpy/lib/__pycache__/_version.cpython-310.pyc>
1890493 openat(AT_FDCWD</home/szu2070436088/2510044040/CV-SincNet>, "/home/szu2070436088/.conda/envs/CVS-RFFI/lib/python3.10/site-packages/numpy/__pycache__/_array_api_info.cpython-310.pyc", O_RDONLY|O_CLOEXEC) = 17</home/szu2070436088/.conda/envs/CVS-RFFI/lib/python3.10/site-packages/numpy/__pycache__/_array_api_info.cpython-310.pyc>
1890493 openat(AT_FDCWD</home/szu2070436088/2510044040/CV-SincNet>, "/home/szu2070436088/.conda/envs/CVS-RFFI/lib/python3.10/site-packages/mkl/../../../libmkl_tbb_thread.so.2", O_RDONLY|O_CLOEXEC) = 17</home/szu2070436088/.conda/envs/CVS-RFFI/lib/libmkl_tbb_thread.so.2>
1890493 openat(AT_FDCWD</home/szu2070436088/2510044040/CV-SincNet>, "/home/szu2070436088/.conda/envs/CVS-RFFI/lib/python3.10/site-packages/torch/__pycache__/__init__.cpython-310.pyc", O_RDONLY|O_CLOEXEC) = 17</home/szu2070436088/.conda/envs/CVS-RFFI/lib/python3.10/site-packages/torch/__pycache__/__init__.cpython-310.pyc>
1890493 openat(AT_FDCWD</home/szu2070436088/2510044040/CV-SincNet>, "/home/szu2070436088/.conda/envs/CVS-RFFI/lib/python3.10/__pycache__/inspect.cpython-310.pyc", O_RDONLY|O_CLOEXEC) = 17</home/szu2070436088/.conda/envs/CVS-RFFI/lib/python3.10/__pycache__/inspect.cpython-310.pyc>
1890493 openat(AT_FDCWD</home/szu2070436088/2510044040/CV-SincNet>, "/home/szu2070436088/.conda/envs/CVS-RFFI/lib/python3.10/__pycache__/dis.cpython-310.pyc", O_RDONLY|O_CLOEXEC) = 17</home/szu2070436088/.conda/envs/CVS-RFFI/lib/python3.10/__pycache__/dis.cpython-310.pyc>
1890493 openat(AT_FDCWD</home/szu2070436088/2510044040/CV-SincNet>, "/home/szu2070436088/.conda/envs/CVS-RFFI/lib/python3.10/__pycache__/opcode.cpython-310.pyc", O_RDONLY|O_CLOEXEC) = 17</home/szu2070436088/.conda/envs/CVS-RFFI/lib/python3.10/__pycache__/opcode.cpython-310.pyc>
1890493 openat(AT_FDCWD</home/szu2070436088/2510044040/CV-SincNet>, "/home/szu2070436088/.conda/envs/CVS-RFFI/lib/python3.10/lib-dynload/_opcode.cpython-310-x86_64-linux-gnu.so", O_RDONLY|O_CLOEXEC) = 17</home/szu2070436088/.conda/envs/CVS-RFFI/lib/python3.10/lib-dynload/_opcode.cpython-310-x86_64-linux-gnu.so>
1890493 openat(AT_FDCWD</home/szu2070436088/2510044040/CV-SincNet>, "/home/szu2070436088/.conda/envs/CVS-RFFI/lib/python3.10/importlib/__pycache__/__init__.cpython-310.pyc", O_RDONLY|O_CLOEXEC) = 17</home/szu2070436088/.conda/envs/CVS-RFFI/lib/python3.10/importlib/__pycache__/__init__.cpython-310.pyc>
1890493 openat(AT_FDCWD</home/szu2070436088/2510044040/CV-SincNet>, "/home/szu2070436088/.conda/envs/CVS-RFFI/lib/python3.10/importlib", O_RDONLY|O_NONBLOCK|O_CLOEXEC|O_DIRECTORY) = 17</home/szu2070436088/.conda/envs/CVS-RFFI/lib/python3.10/importlib>
1890493 openat(AT_FDCWD</home/szu2070436088/2510044040/CV-SincNet>, "/home/szu2070436088/.conda/envs/CVS-RFFI/lib/python3.10/importlib/__pycache__/machinery.cpython-310.pyc", O_RDONLY|O_CLOEXEC) = 17</home/szu2070436088/.conda/envs/CVS-RFFI/lib/python3.10/importlib/__pycache__/machinery.cpython-310.pyc>
1890493 openat(AT_FDCWD</home/szu2070436088/2510044040/CV-SincNet>, "/home/szu2070436088/.conda/envs/CVS-RFFI/lib/python3.10/__pycache__/linecache.cpython-310.pyc", O_RDONLY|O_CLOEXEC) = 17</home/szu2070436088/.conda/envs/CVS-RFFI/lib/python3.10/__pycache__/linecache.cpython-310.pyc>
1890493 openat(AT_FDCWD</home/szu2070436088/2510044040/CV-SincNet>, "/home/szu2070436088/.conda/envs/CVS-RFFI/lib/python3.10/__pycache__/tokenize.cpython-310.pyc", O_RDONLY|O_CLOEXEC) = 17</home/szu2070436088/.conda/envs/CVS-RFFI/lib/python3.10/__pycache__/tokenize.cpython-310.pyc>
1890493 openat(AT_FDCWD</home/szu2070436088/2510044040/CV-SincNet>, "/home/szu2070436088/.conda/envs/CVS-RFFI/lib/python3.10/__pycache__/token.cpython-310.pyc", O_RDONLY|O_CLOEXEC) = 17</home/szu2070436088/.conda/envs/CVS-RFFI/lib/python3.10/__pycache__/token.cpython-310.pyc>
1890493 openat(AT_FDCWD</home/szu2070436088/2510044040/CV-SincNet>, "/home/szu2070436088/.conda/envs/CVS-RFFI/lib/python3.10/site-packages/torch", O_RDONLY|O_NONBLOCK|O_CLOEXEC|O_DIRECTORY) = 17</home/szu2070436088/.conda/envs/CVS-RFFI/lib/python3.10/site-packages/torch>
1890493 openat(AT_FDCWD</home/szu2070436088/2510044040/CV-SincNet>, "/home/szu2070436088/.conda/envs/CVS-RFFI/lib/python3.10/site-packages/torch/__pycache__/_utils.cpython-310.pyc", O_RDONLY|O_CLOEXEC) = 17</home/szu2070436088/.conda/envs/CVS-RFFI/lib/python3.10/site-packages/torch/__pycache__/_utils.cpython-310.pyc>
1890493 openat(AT_FDCWD</home/szu2070436088/2510044040/CV-SincNet>, "/home/szu2070436088/.conda/envs/CVS-RFFI/lib/python3.10/__pycache__/traceback.cpython-310.pyc", O_RDONLY|O_CLOEXEC) = 17</home/szu2070436088/.conda/envs/CVS-RFFI/lib/python3.10/__pycache__/traceback.cpython-310.pyc>
1890493 openat(AT_FDCWD</home/szu2070436088/2510044040/CV-SincNet>, "/home/szu2070436088/.conda/envs/CVS-RFFI/lib/python3.10/site-packages/torch/__pycache__/_utils_internal.cpython-310.pyc", O_RDONLY|O_CLOEXEC) = 17</home/szu2070436088/.conda/envs/CVS-RFFI/lib/python3.10/site-packages/torch/__pycache__/_utils_internal.cpython-310.pyc>
1890493 openat(AT_FDCWD</home/szu2070436088/2510044040/CV-SincNet>, "/home/szu2070436088/.conda/envs/CVS-RFFI/lib/python3.10/logging/__pycache__/__init__.cpython-310.pyc", O_RDONLY|O_CLOEXEC) = 17</home/szu2070436088/.conda/envs/CVS-RFFI/lib/python3.10/logging/__pycache__/__init__.cpython-310.pyc>
1890493 openat(AT_FDCWD</home/szu2070436088/2510044040/CV-SincNet>, "/home/szu2070436088/.conda/envs/CVS-RFFI/lib/python3.10/__pycache__/string.cpython-310.pyc", O_RDONLY|O_CLOEXEC) = 17</home/szu2070436088/.conda/envs/CVS-RFFI/lib/python3.10/__pycache__/string.cpython-310.pyc>
1890493 openat(AT_FDCWD</home/szu2070436088/2510044040/CV-SincNet>, "/home/szu2070436088/.conda/envs/CVS-RFFI/lib/python3.10/__pycache__/tempfile.cpython-310.pyc", O_RDONLY|O_CLOEXEC) = 17</home/szu2070436088/.conda/envs/CVS-RFFI/lib/python3.10/__pycache__/tempfile.cpython-310.pyc>
1890493 openat(AT_FDCWD</home/szu2070436088/2510044040/CV-SincNet>, "/home/szu2070436088/.conda/envs/CVS-RFFI/lib/python3.10/__pycache__/shutil.cpython-310.pyc", O_RDONLY|O_CLOEXEC) = 17</home/szu2070436088/.conda/envs/CVS-RFFI/lib/python3.10/__pycache__/shutil.cpython-310.pyc>
1890493 openat(AT_FDCWD</home/szu2070436088/2510044040/CV-SincNet>, "/home/szu2070436088/.conda/envs/CVS-RFFI/lib/python3.10/lib-dynload/zlib.cpython-310-x86_64-linux-gnu.so", O_RDONLY|O_CLOEXEC) = 17</home/szu2070436088/.conda/envs/CVS-RFFI/lib/python3.10/lib-dynload/zlib.cpython-310-x86_64-linux-gnu.so>
1890493 openat(AT_FDCWD</home/szu2070436088/2510044040/CV-SincNet>, "/home/szu2070436088/.conda/envs/CVS-RFFI/lib/python3.10/lib-dynload/../../libz.so.1", O_RDONLY|O_CLOEXEC) = 17</home/szu2070436088/.conda/envs/CVS-RFFI/lib/libz.so.1.3.1>
1890493 openat(AT_FDCWD</home/szu2070436088/2510044040/CV-SincNet>, "/home/szu2070436088/.conda/envs/CVS-RFFI/lib/python3.10/__pycache__/bz2.cpython-310.pyc", O_RDONLY|O_CLOEXEC) = 17</home/szu2070436088/.conda/envs/CVS-RFFI/lib/python3.10/__pycache__/bz2.cpython-310.pyc>
1890493 openat(AT_FDCWD</home/szu2070436088/2510044040/CV-SincNet>, "/home/szu2070436088/.conda/envs/CVS-RFFI/lib/python3.10/__pycache__/_compression.cpython-310.pyc", O_RDONLY|O_CLOEXEC) = 17</home/szu2070436088/.conda/envs/CVS-RFFI/lib/python3.10/__pycache__/_compression.cpython-310.pyc>
1890493 openat(AT_FDCWD</home/szu2070436088/2510044040/CV-SincNet>, "/home/szu2070436088/.conda/envs/CVS-RFFI/lib/python3.10/lib-dynload/_bz2.cpython-310-x86_64-linux-gnu.so", O_RDONLY|O_CLOEXEC) = 17</home/szu2070436088/.conda/envs/CVS-RFFI/lib/python3.10/lib-dynload/_bz2.cpython-310-x86_64-linux-gnu.so>
1890493 openat(AT_FDCWD</home/szu2070436088/2510044040/CV-SincNet>, "/home/szu2070436088/.conda/envs/CVS-RFFI/lib/python3.10/lib-dynload/../../libbz2.so.1.0", O_RDONLY|O_CLOEXEC) = 17</home/szu2070436088/.conda/envs/CVS-RFFI/lib/libbz2.so.1.0.8>
1890493 openat(AT_FDCWD</home/szu2070436088/2510044040/CV-SincNet>, "/home/szu2070436088/.conda/envs/CVS-RFFI/lib/python3.10/__pycache__/lzma.cpython-310.pyc", O_RDONLY|O_CLOEXEC) = 17</home/szu2070436088/.conda/envs/CVS-RFFI/lib/python3.10/__pycache__/lzma.cpython-310.pyc>
1890493 openat(AT_FDCWD</home/szu2070436088/2510044040/CV-SincNet>, "/home/szu2070436088/.conda/envs/CVS-RFFI/lib/python3.10/lib-dynload/_lzma.cpython-310-x86_64-linux-gnu.so", O_RDONLY|O_CLOEXEC) = 17</home/szu2070436088/.conda/envs/CVS-RFFI/lib/python3.10/lib-dynload/_lzma.cpython-310-x86_64-linux-gnu.so>
1890493 openat(AT_FDCWD</home/szu2070436088/2510044040/CV-SincNet>, "/home/szu2070436088/.conda/envs/CVS-RFFI/lib/python3.10/lib-dynload/../../liblzma.so.5", O_RDONLY|O_CLOEXEC) = 17</home/szu2070436088/.conda/envs/CVS-RFFI/lib/liblzma.so.5.6.4>
1890493 openat(AT_FDCWD</home/szu2070436088/2510044040/CV-SincNet>, "/home/szu2070436088/.conda/envs/CVS-RFFI/lib/python3.10/__pycache__/random.cpython-310.pyc", O_RDONLY|O_CLOEXEC) = 17</home/szu2070436088/.conda/envs/CVS-RFFI/lib/python3.10/__pycache__/random.cpython-310.pyc>
1890493 openat(AT_FDCWD</home/szu2070436088/2510044040/CV-SincNet>, "/home/szu2070436088/.conda/envs/CVS-RFFI/lib/python3.10/__pycache__/bisect.cpython-310.pyc", O_RDONLY|O_CLOEXEC) = 17</home/szu2070436088/.conda/envs/CVS-RFFI/lib/python3.10/__pycache__/bisect.cpython-310.pyc>
1890493 openat(AT_FDCWD</home/szu2070436088/2510044040/CV-SincNet>, "/home/szu2070436088/.conda/envs/CVS-RFFI/lib/python3.10/lib-dynload/_bisect.cpython-310-x86_64-linux-gnu.so", O_RDONLY|O_CLOEXEC) = 17</home/szu2070436088/.conda/envs/CVS-RFFI/lib/python3.10/lib-dynload/_bisect.cpython-310-x86_64-linux-gnu.so>
1890493 openat(AT_FDCWD</home/szu2070436088/2510044040/CV-SincNet>, "/home/szu2070436088/.conda/envs/CVS-RFFI/lib/python3.10/lib-dynload/_random.cpython-310-x86_64-linux-gnu.so", O_RDONLY|O_CLOEXEC) = 17</home/szu2070436088/.conda/envs/CVS-RFFI/lib/python3.10/lib-dynload/_random.cpython-310-x86_64-linux-gnu.so>
1890493 openat(AT_FDCWD</home/szu2070436088/2510044040/CV-SincNet>, "/home/szu2070436088/.conda/envs/CVS-RFFI/lib/python3.10/lib-dynload/_sha512.cpython-310-x86_64-linux-gnu.so", O_RDONLY|O_CLOEXEC) = 17</home/szu2070436088/.conda/envs/CVS-RFFI/lib/python3.10/lib-dynload/_sha512.cpython-310-x86_64-linux-gnu.so>
1890493 openat(AT_FDCWD</home/szu2070436088/2510044040/CV-SincNet>, "/home/szu2070436088/.conda/envs/CVS-RFFI/lib/python3.10/site-packages/torch/__pycache__/torch_version.cpython-310.pyc", O_RDONLY|O_CLOEXEC) = 17</home/szu2070436088/.conda/envs/CVS-RFFI/lib/python3.10/site-packages/torch/__pycache__/torch_version.cpython-310.pyc>
1890493 openat(AT_FDCWD</home/szu2070436088/2510044040/CV-SincNet>, "/home/szu2070436088/.conda/envs/CVS-RFFI/lib/python3.10/site-packages/torch/__pycache__/version.cpython-310.pyc", O_RDONLY|O_CLOEXEC) = 17</home/szu2070436088/.conda/envs/CVS-RFFI/lib/python3.10/site-packages/torch/__pycache__/version.cpython-310.pyc>
1890493 openat(AT_FDCWD</home/szu2070436088/2510044040/CV-SincNet>, "/home/szu2070436088/.conda/envs/CVS-RFFI/lib/python3.10/site-packages/torch/lib/libtorch_global_deps.so", O_RDONLY|O_CLOEXEC) = 17</home/szu2070436088/.conda/envs/CVS-RFFI/lib/python3.10/site-packages/torch/lib/libtorch_global_deps.so>
1890493 openat(AT_FDCWD</home/szu2070436088/2510044040/CV-SincNet>, "/home/szu2070436088/.conda/envs/CVS-RFFI/lib/python3.10/site-packages/torch/lib/../../nvidia/cublas/lib/glibc-hwcaps/x86-64-v4/libcufft.so.11", O_RDONLY|O_CLOEXEC) = -1 ENOENT (No such file or directory)
1890493 openat(AT_FDCWD</home/szu2070436088/2510044040/CV-SincNet>, "/home/szu2070436088/.conda/envs/CVS-RFFI/lib/python3.10/site-packages/torch/lib/../../nvidia/cublas/lib/glibc-hwcaps/x86-64-v3/libcufft.so.11", O_RDONLY|O_CLOEXEC) = -1 ENOENT (No such file or directory)
1890493 openat(AT_FDCWD</home/szu2070436088/2510044040/CV-SincNet>, "/home/szu2070436088/.conda/envs/CVS-RFFI/lib/python3.10/site-packages/torch/lib/../../nvidia/cublas/lib/glibc-hwcaps/x86-64-v2/libcufft.so.11", O_RDONLY|O_CLOEXEC) = -1 ENOENT (No such file or directory)
1890493 openat(AT_FDCWD</home/szu2070436088/2510044040/CV-SincNet>, "/home/szu2070436088/.conda/envs/CVS-RFFI/lib/python3.10/site-packages/torch/lib/../../nvidia/cublas/lib/libcufft.so.11", O_RDONLY|O_CLOEXEC) = -1 ENOENT (No such file or directory)
1890493 openat(AT_FDCWD</home/szu2070436088/2510044040/CV-SincNet>, "/home/szu2070436088/.conda/envs/CVS-RFFI/lib/python3.10/site-packages/torch/lib/../../nvidia/cuda_cupti/lib/glibc-hwcaps/x86-64-v4/libcufft.so.11", O_RDONLY|O_CLOEXEC) = -1 ENOENT (No such file or directory)
1890493 openat(AT_FDCWD</home/szu2070436088/2510044040/CV-SincNet>, "/home/szu2070436088/.conda/envs/CVS-RFFI/lib/python3.10/site-packages/torch/lib/../../nvidia/cuda_cupti/lib/glibc-hwcaps/x86-64-v3/libcufft.so.11", O_RDONLY|O_CLOEXEC) = -1 ENOENT (No such file or directory)
1890493 openat(AT_FDCWD</home/szu2070436088/2510044040/CV-SincNet>, "/home/szu2070436088/.conda/envs/CVS-RFFI/lib/python3.10/site-packages/torch/lib/../../nvidia/cuda_cupti/lib/glibc-hwcaps/x86-64-v2/libcufft.so.11", O_RDONLY|O_CLOEXEC) = -1 ENOENT (No such file or directory)
1890493 openat(AT_FDCWD</home/szu2070436088/2510044040/CV-SincNet>, "/home/szu2070436088/.conda/envs/CVS-RFFI/lib/python3.10/site-packages/torch/lib/../../nvidia/cuda_cupti/lib/libcufft.so.11", O_RDONLY|O_CLOEXEC) = -1 ENOENT (No such file or directory)
1890493 openat(AT_FDCWD</home/szu2070436088/2510044040/CV-SincNet>, "/home/szu2070436088/.conda/envs/CVS-RFFI/lib/python3.10/site-packages/torch/lib/../../nvidia/cuda_nvrtc/lib/glibc-hwcaps/x86-64-v4/libcufft.so.11", O_RDONLY|O_CLOEXEC) = -1 ENOENT (No such file or directory)
1890493 openat(AT_FDCWD</home/szu2070436088/2510044040/CV-SincNet>, "/home/szu2070436088/.conda/envs/CVS-RFFI/lib/python3.10/site-packages/torch/lib/../../nvidia/cuda_nvrtc/lib/glibc-hwcaps/x86-64-v3/libcufft.so.11", O_RDONLY|O_CLOEXEC) = -1 ENOENT (No such file or directory)
1890493 openat(AT_FDCWD</home/szu2070436088/2510044040/CV-SincNet>, "/home/szu2070436088/.conda/envs/CVS-RFFI/lib/python3.10/site-packages/torch/lib/../../nvidia/cuda_nvrtc/lib/glibc-hwcaps/x86-64-v2/libcufft.so.11", O_RDONLY|O_CLOEXEC) = -1 ENOENT (No such file or directory)
1890493 openat(AT_FDCWD</home/szu2070436088/2510044040/CV-SincNet>, "/home/szu2070436088/.conda/envs/CVS-RFFI/lib/python3.10/site-packages/torch/lib/../../nvidia/cuda_nvrtc/lib/libcufft.so.11", O_RDONLY|O_CLOEXEC) = -1 ENOENT (No such file or directory)
1890493 openat(AT_FDCWD</home/szu2070436088/2510044040/CV-SincNet>, "/home/szu2070436088/.conda/envs/CVS-RFFI/lib/python3.10/site-packages/torch/lib/../../nvidia/cuda_runtime/lib/glibc-hwcaps/x86-64-v4/libcufft.so.11", O_RDONLY|O_CLOEXEC) = -1 ENOENT (No such file or directory)
1890493 openat(AT_FDCWD</home/szu2070436088/2510044040/CV-SincNet>, "/home/szu2070436088/.conda/envs/CVS-RFFI/lib/python3.10/site-packages/torch/lib/../../nvidia/cuda_runtime/lib/glibc-hwcaps/x86-64-v3/libcufft.so.11", O_RDONLY|O_CLOEXEC) = -1 ENOENT (No such file or directory)
1890493 openat(AT_FDCWD</home/szu2070436088/2510044040/CV-SincNet>, "/home/szu2070436088/.conda/envs/CVS-RFFI/lib/python3.10/site-packages/torch/lib/../../nvidia/cuda_runtime/lib/glibc-hwcaps/x86-64-v2/libcufft.so.11", O_RDONLY|O_CLOEXEC) = -1 ENOENT (No such file or directory)
1890493 openat(AT_FDCWD</home/szu2070436088/2510044040/CV-SincNet>, "/home/szu2070436088/.conda/envs/CVS-RFFI/lib/python3.10/site-packages/torch/lib/../../nvidia/cuda_runtime/lib/libcufft.so.11", O_RDONLY|O_CLOEXEC) = -1 ENOENT (No such file or directory)
1890493 openat(AT_FDCWD</home/szu2070436088/2510044040/CV-SincNet>, "/home/szu2070436088/.conda/envs/CVS-RFFI/lib/python3.10/site-packages/torch/lib/../../nvidia/cudnn/lib/glibc-hwcaps/x86-64-v4/libcufft.so.11", O_RDONLY|O_CLOEXEC) = -1 ENOENT (No such file or directory)
1890493 openat(AT_FDCWD</home/szu2070436088/2510044040/CV-SincNet>, "/home/szu2070436088/.conda/envs/CVS-RFFI/lib/python3.10/site-packages/torch/lib/../../nvidia/cudnn/lib/glibc-hwcaps/x86-64-v3/libcufft.so.11", O_RDONLY|O_CLOEXEC) = -1 ENOENT (No such file or directory)
1890493 openat(AT_FDCWD</home/szu2070436088/2510044040/CV-SincNet>, "/home/szu2070436088/.conda/envs/CVS-RFFI/lib/python3.10/site-packages/torch/lib/../../nvidia/cudnn/lib/glibc-hwcaps/x86-64-v2/libcufft.so.11", O_RDONLY|O_CLOEXEC) = -1 ENOENT (No such file or directory)
1890493 openat(AT_FDCWD</home/szu2070436088/2510044040/CV-SincNet>, "/home/szu2070436088/.conda/envs/CVS-RFFI/lib/python3.10/site-packages/torch/lib/../../nvidia/cudnn/lib/libcufft.so.11", O_RDONLY|O_CLOEXEC) = -1 ENOENT (No such file or directory)
1890493 openat(AT_FDCWD</home/szu2070436088/2510044040/CV-SincNet>, "/home/szu2070436088/.conda/envs/CVS-RFFI/lib/python3.10/site-packages/torch/lib/../../nvidia/cufft/lib/glibc-hwcaps/x86-64-v4/libcufft.so.11", O_RDONLY|O_CLOEXEC) = -1 ENOENT (No such file or directory)
1890493 openat(AT_FDCWD</home/szu2070436088/2510044040/CV-SincNet>, "/home/szu2070436088/.conda/envs/CVS-RFFI/lib/python3.10/site-packages/torch/lib/../../nvidia/cufft/lib/glibc-hwcaps/x86-64-v3/libcufft.so.11", O_RDONLY|O_CLOEXEC) = -1 ENOENT (No such file or directory)
1890493 openat(AT_FDCWD</home/szu2070436088/2510044040/CV-SincNet>, "/home/szu2070436088/.conda/envs/CVS-RFFI/lib/python3.10/site-packages/torch/lib/../../nvidia/cufft/lib/glibc-hwcaps/x86-64-v2/libcufft.so.11", O_RDONLY|O_CLOEXEC) = -1 ENOENT (No such file or directory)
1890493 openat(AT_FDCWD</home/szu2070436088/2510044040/CV-SincNet>, "/home/szu2070436088/.conda/envs/CVS-RFFI/lib/python3.10/site-packages/torch/lib/../../nvidia/cufft/lib/libcufft.so.11", O_RDONLY|O_CLOEXEC) = 17</home/szu2070436088/.conda/envs/CVS-RFFI/lib/python3.10/site-packages/nvidia/cufft/lib/libcufft.so.11>
1890493 openat(AT_FDCWD</home/szu2070436088/2510044040/CV-SincNet>, "/home/szu2070436088/.conda/envs/CVS-RFFI/lib/python3.10/site-packages/torch/lib/../../nvidia/cublas/lib/libcurand.so.10", O_RDONLY|O_CLOEXEC) = -1 ENOENT (No such file or directory)
1890493 openat(AT_FDCWD</home/szu2070436088/2510044040/CV-SincNet>, "/home/szu2070436088/.conda/envs/CVS-RFFI/lib/python3.10/site-packages/torch/lib/../../nvidia/cuda_cupti/lib/libcurand.so.10", O_RDONLY|O_CLOEXEC) = -1 ENOENT (No such file or directory)
1890493 openat(AT_FDCWD</home/szu2070436088/2510044040/CV-SincNet>, "/home/szu2070436088/.conda/envs/CVS-RFFI/lib/python3.10/site-packages/torch/lib/../../nvidia/cuda_nvrtc/lib/libcurand.so.10", O_RDONLY|O_CLOEXEC) = -1 ENOENT (No such file or directory)
1890493 openat(AT_FDCWD</home/szu2070436088/2510044040/CV-SincNet>, "/home/szu2070436088/.conda/envs/CVS-RFFI/lib/python3.10/site-packages/torch/lib/../../nvidia/cuda_runtime/lib/libcurand.so.10", O_RDONLY|O_CLOEXEC) = -1 ENOENT (No such file or directory)
1890493 openat(AT_FDCWD</home/szu2070436088/2510044040/CV-SincNet>, "/home/szu2070436088/.conda/envs/CVS-RFFI/lib/python3.10/site-packages/torch/lib/../../nvidia/cudnn/lib/libcurand.so.10", O_RDONLY|O_CLOEXEC) = -1 ENOENT (No such file or directory)
1890493 openat(AT_FDCWD</home/szu2070436088/2510044040/CV-SincNet>, "/home/szu2070436088/.conda/envs/CVS-RFFI/lib/python3.10/site-packages/torch/lib/../../nvidia/cufft/lib/libcurand.so.10", O_RDONLY|O_CLOEXEC) = -1 ENOENT (No such file or directory)
1890493 openat(AT_FDCWD</home/szu2070436088/2510044040/CV-SincNet>, "/home/szu2070436088/.conda/envs/CVS-RFFI/lib/python3.10/site-packages/torch/lib/../../nvidia/curand/lib/glibc-hwcaps/x86-64-v4/libcurand.so.10", O_RDONLY|O_CLOEXEC) = -1 ENOENT (No such file or directory)
1890493 openat(AT_FDCWD</home/szu2070436088/2510044040/CV-SincNet>, "/home/szu2070436088/.conda/envs/CVS-RFFI/lib/python3.10/site-packages/torch/lib/../../nvidia/curand/lib/glibc-hwcaps/x86-64-v3/libcurand.so.10", O_RDONLY|O_CLOEXEC) = -1 ENOENT (No such file or directory)
1890493 openat(AT_FDCWD</home/szu2070436088/2510044040/CV-SincNet>, "/home/szu2070436088/.conda/envs/CVS-RFFI/lib/python3.10/site-packages/torch/lib/../../nvidia/curand/lib/glibc-hwcaps/x86-64-v2/libcurand.so.10", O_RDONLY|O_CLOEXEC) = -1 ENOENT (No such file or directory)
1890493 openat(AT_FDCWD</home/szu2070436088/2510044040/CV-SincNet>, "/home/szu2070436088/.conda/envs/CVS-RFFI/lib/python3.10/site-packages/torch/lib/../../nvidia/curand/lib/libcurand.so.10", O_RDONLY|O_CLOEXEC) = 17</home/szu2070436088/.conda/envs/CVS-RFFI/lib/python3.10/site-packages/nvidia/curand/lib/libcurand.so.10>
1890493 openat(AT_FDCWD</home/szu2070436088/2510044040/CV-SincNet>, "/home/szu2070436088/.conda/envs/CVS-RFFI/lib/python3.10/site-packages/torch/lib/../../nvidia/cublas/lib/libcublas.so.12", O_RDONLY|O_CLOEXEC) = 17</home/szu2070436088/.conda/envs/CVS-RFFI/lib/python3.10/site-packages/nvidia/cublas/lib/libcublas.so.12>
1890493 openat(AT_FDCWD</home/szu2070436088/2510044040/CV-SincNet>, "/home/szu2070436088/.conda/envs/CVS-RFFI/lib/python3.10/site-packages/torch/lib/../../nvidia/cublas/lib/libcublasLt.so.12", O_RDONLY|O_CLOEXEC) = 17</home/szu2070436088/.conda/envs/CVS-RFFI/lib/python3.10/site-packages/nvidia/cublas/lib/libcublasLt.so.12>
1890493 openat(AT_FDCWD</home/szu2070436088/2510044040/CV-SincNet>, "/home/szu2070436088/.conda/envs/CVS-RFFI/lib/python3.10/site-packages/torch/lib/../../nvidia/cublas/lib/libcudart.so.12", O_RDONLY|O_CLOEXEC) = -1 ENOENT (No such file or directory)
1890493 openat(AT_FDCWD</home/szu2070436088/2510044040/CV-SincNet>, "/home/szu2070436088/.conda/envs/CVS-RFFI/lib/python3.10/site-packages/torch/lib/../../nvidia/cuda_cupti/lib/libcudart.so.12", O_RDONLY|O_CLOEXEC) = -1 ENOENT (No such file or directory)
1890493 openat(AT_FDCWD</home/szu2070436088/2510044040/CV-SincNet>, "/home/szu2070436088/.conda/envs/CVS-RFFI/lib/python3.10/site-packages/torch/lib/../../nvidia/cuda_nvrtc/lib/libcudart.so.12", O_RDONLY|O_CLOEXEC) = -1 ENOENT (No such file or directory)
1890493 openat(AT_FDCWD</home/szu2070436088/2510044040/CV-SincNet>, "/home/szu2070436088/.conda/envs/CVS-RFFI/lib/python3.10/site-packages/torch/lib/../../nvidia/cuda_runtime/lib/libcudart.so.12", O_RDONLY|O_CLOEXEC) = 17</home/szu2070436088/.conda/envs/CVS-RFFI/lib/python3.10/site-packages/nvidia/cuda_runtime/lib/libcudart.so.12>
1890493 openat(AT_FDCWD</home/szu2070436088/2510044040/CV-SincNet>, "/home/szu2070436088/.conda/envs/CVS-RFFI/lib/python3.10/site-packages/torch/lib/../../nvidia/cublas/lib/libnvToolsExt.so.1", O_RDONLY|O_CLOEXEC) = -1 ENOENT (No such file or directory)
1890493 openat(AT_FDCWD</home/szu2070436088/2510044040/CV-SincNet>, "/home/szu2070436088/.conda/envs/CVS-RFFI/lib/python3.10/site-packages/torch/lib/../../nvidia/cuda_cupti/lib/libnvToolsExt.so.1", O_RDONLY|O_CLOEXEC) = -1 ENOENT (No such file or directory)
1890493 openat(AT_FDCWD</home/szu2070436088/2510044040/CV-SincNet>, "/home/szu2070436088/.conda/envs/CVS-RFFI/lib/python3.10/site-packages/torch/lib/../../nvidia/cuda_nvrtc/lib/libnvToolsExt.so.1", O_RDONLY|O_CLOEXEC) = -1 ENOENT (No such file or directory)
1890493 openat(AT_FDCWD</home/szu2070436088/2510044040/CV-SincNet>, "/home/szu2070436088/.conda/envs/CVS-RFFI/lib/python3.10/site-packages/torch/lib/../../nvidia/cuda_runtime/lib/libnvToolsExt.so.1", O_RDONLY|O_CLOEXEC) = -1 ENOENT (No such file or directory)
1890493 openat(AT_FDCWD</home/szu2070436088/2510044040/CV-SincNet>, "/home/szu2070436088/.conda/envs/CVS-RFFI/lib/python3.10/site-packages/torch/lib/../../nvidia/cudnn/lib/libnvToolsExt.so.1", O_RDONLY|O_CLOEXEC) = -1 ENOENT (No such file or directory)
1890493 openat(AT_FDCWD</home/szu2070436088/2510044040/CV-SincNet>, "/home/szu2070436088/.conda/envs/CVS-RFFI/lib/python3.10/site-packages/torch/lib/../../nvidia/cufft/lib/libnvToolsExt.so.1", O_RDONLY|O_CLOEXEC) = -1 ENOENT (No such file or directory)
1890493 openat(AT_FDCWD</home/szu2070436088/2510044040/CV-SincNet>, "/home/szu2070436088/.conda/envs/CVS-RFFI/lib/python3.10/site-packages/torch/lib/../../nvidia/curand/lib/libnvToolsExt.so.1", O_RDONLY|O_CLOEXEC) = -1 ENOENT (No such file or directory)
1890493 openat(AT_FDCWD</home/szu2070436088/2510044040/CV-SincNet>, "/home/szu2070436088/.conda/envs/CVS-RFFI/lib/python3.10/site-packages/torch/lib/../../nvidia/cusolver/lib/glibc-hwcaps/x86-64-v4/libnvToolsExt.so.1", O_RDONLY|O_CLOEXEC) = -1 ENOENT (No such file or directory)
1890493 openat(AT_FDCWD</home/szu2070436088/2510044040/CV-SincNet>, "/home/szu2070436088/.conda/envs/CVS-RFFI/lib/python3.10/site-packages/torch/lib/../../nvidia/cusolver/lib/glibc-hwcaps/x86-64-v3/libnvToolsExt.so.1", O_RDONLY|O_CLOEXEC) = -1 ENOENT (No such file or directory)
1890493 openat(AT_FDCWD</home/szu2070436088/2510044040/CV-SincNet>, "/home/szu2070436088/.conda/envs/CVS-RFFI/lib/python3.10/site-packages/torch/lib/../../nvidia/cusolver/lib/glibc-hwcaps/x86-64-v2/libnvToolsExt.so.1", O_RDONLY|O_CLOEXEC) = -1 ENOENT (No such file or directory)
1890493 openat(AT_FDCWD</home/szu2070436088/2510044040/CV-SincNet>, "/home/szu2070436088/.conda/envs/CVS-RFFI/lib/python3.10/site-packages/torch/lib/../../nvidia/cusolver/lib/libnvToolsExt.so.1", O_RDONLY|O_CLOEXEC) = -1 ENOENT (No such file or directory)
1890493 openat(AT_FDCWD</home/szu2070436088/2510044040/CV-SincNet>, "/home/szu2070436088/.conda/envs/CVS-RFFI/lib/python3.10/site-packages/torch/lib/../../nvidia/cusparse/lib/glibc-hwcaps/x86-64-v4/libnvToolsExt.so.1", O_RDONLY|O_CLOEXEC) = -1 ENOENT (No such file or directory)
1890493 openat(AT_FDCWD</home/szu2070436088/2510044040/CV-SincNet>, "/home/szu2070436088/.conda/envs/CVS-RFFI/lib/python3.10/site-packages/torch/lib/../../nvidia/cusparse/lib/glibc-hwcaps/x86-64-v3/libnvToolsExt.so.1", O_RDONLY|O_CLOEXEC) = -1 ENOENT (No such file or directory)
1890493 openat(AT_FDCWD</home/szu2070436088/2510044040/CV-SincNet>, "/home/szu2070436088/.conda/envs/CVS-RFFI/lib/python3.10/site-packages/torch/lib/../../nvidia/cusparse/lib/glibc-hwcaps/x86-64-v2/libnvToolsExt.so.1", O_RDONLY|O_CLOEXEC) = -1 ENOENT (No such file or directory)
1890493 openat(AT_FDCWD</home/szu2070436088/2510044040/CV-SincNet>, "/home/szu2070436088/.conda/envs/CVS-RFFI/lib/python3.10/site-packages/torch/lib/../../nvidia/cusparse/lib/libnvToolsExt.so.1", O_RDONLY|O_CLOEXEC) = -1 ENOENT (No such file or directory)
1890493 openat(AT_FDCWD</home/szu2070436088/2510044040/CV-SincNet>, "/home/szu2070436088/.conda/envs/CVS-RFFI/lib/python3.10/site-packages/torch/lib/../../nvidia/nccl/lib/glibc-hwcaps/x86-64-v4/libnvToolsExt.so.1", O_RDONLY|O_CLOEXEC) = -1 ENOENT (No such file or directory)
1890493 openat(AT_FDCWD</home/szu2070436088/2510044040/CV-SincNet>, "/home/szu2070436088/.conda/envs/CVS-RFFI/lib/python3.10/site-packages/torch/lib/../../nvidia/nccl/lib/glibc-hwcaps/x86-64-v3/libnvToolsExt.so.1", O_RDONLY|O_CLOEXEC) = -1 ENOENT (No such file or directory)
1890493 openat(AT_FDCWD</home/szu2070436088/2510044040/CV-SincNet>, "/home/szu2070436088/.conda/envs/CVS-RFFI/lib/python3.10/site-packages/torch/lib/../../nvidia/nccl/lib/glibc-hwcaps/x86-64-v2/libnvToolsExt.so.1", O_RDONLY|O_CLOEXEC) = -1 ENOENT (No such file or directory)
1890493 openat(AT_FDCWD</home/szu2070436088/2510044040/CV-SincNet>, "/home/szu2070436088/.conda/envs/CVS-RFFI/lib/python3.10/site-packages/torch/lib/../../nvidia/nccl/lib/libnvToolsExt.so.1", O_RDONLY|O_CLOEXEC) = -1 ENOENT (No such file or directory)
1890493 openat(AT_FDCWD</home/szu2070436088/2510044040/CV-SincNet>, "/home/szu2070436088/.conda/envs/CVS-RFFI/lib/python3.10/site-packages/torch/lib/../../nvidia/nvtx/lib/glibc-hwcaps/x86-64-v4/libnvToolsExt.so.1", O_RDONLY|O_CLOEXEC) = -1 ENOENT (No such file or directory)
1890493 openat(AT_FDCWD</home/szu2070436088/2510044040/CV-SincNet>, "/home/szu2070436088/.conda/envs/CVS-RFFI/lib/python3.10/site-packages/torch/lib/../../nvidia/nvtx/lib/glibc-hwcaps/x86-64-v3/libnvToolsExt.so.1", O_RDONLY|O_CLOEXEC) = -1 ENOENT (No such file or directory)
1890493 openat(AT_FDCWD</home/szu2070436088/2510044040/CV-SincNet>, "/home/szu2070436088/.conda/envs/CVS-RFFI/lib/python3.10/site-packages/torch/lib/../../nvidia/nvtx/lib/glibc-hwcaps/x86-64-v2/libnvToolsExt.so.1", O_RDONLY|O_CLOEXEC) = -1 ENOENT (No such file or directory)
1890493 openat(AT_FDCWD</home/szu2070436088/2510044040/CV-SincNet>, "/home/szu2070436088/.conda/envs/CVS-RFFI/lib/python3.10/site-packages/torch/lib/../../nvidia/nvtx/lib/libnvToolsExt.so.1", O_RDONLY|O_CLOEXEC) = 17</home/szu2070436088/.conda/envs/CVS-RFFI/lib/python3.10/site-packages/nvidia/nvtx/lib/libnvToolsExt.so.1>
1890493 openat(AT_FDCWD</home/szu2070436088/2510044040/CV-SincNet>, "/home/szu2070436088/.conda/envs/CVS-RFFI/lib/python3.10/site-packages/torch/lib/../../nvidia/cublas/lib/libgomp-a34b3233.so.1", O_RDONLY|O_CLOEXEC) = -1 ENOENT (No such file or directory)
1890493 openat(AT_FDCWD</home/szu2070436088/2510044040/CV-SincNet>, "/home/szu2070436088/.conda/envs/CVS-RFFI/lib/python3.10/site-packages/torch/lib/../../nvidia/cuda_cupti/lib/libgomp-a34b3233.so.1", O_RDONLY|O_CLOEXEC) = -1 ENOENT (No such file or directory)
1890493 openat(AT_FDCWD</home/szu2070436088/2510044040/CV-SincNet>, "/home/szu2070436088/.conda/envs/CVS-RFFI/lib/python3.10/site-packages/torch/lib/../../nvidia/cuda_nvrtc/lib/libgomp-a34b3233.so.1", O_RDONLY|O_CLOEXEC) = -1 ENOENT (No such file or directory)
1890493 openat(AT_FDCWD</home/szu2070436088/2510044040/CV-SincNet>, "/home/szu2070436088/.conda/envs/CVS-RFFI/lib/python3.10/site-packages/torch/lib/../../nvidia/cuda_runtime/lib/libgomp-a34b3233.so.1", O_RDONLY|O_CLOEXEC) = -1 ENOENT (No such file or directory)
1890493 openat(AT_FDCWD</home/szu2070436088/2510044040/CV-SincNet>, "/home/szu2070436088/.conda/envs/CVS-RFFI/lib/python3.10/site-packages/torch/lib/../../nvidia/cudnn/lib/libgomp-a34b3233.so.1", O_RDONLY|O_CLOEXEC) = -1 ENOENT (No such file or directory)
1890493 openat(AT_FDCWD</home/szu2070436088/2510044040/CV-SincNet>, "/home/szu2070436088/.conda/envs/CVS-RFFI/lib/python3.10/site-packages/torch/lib/../../nvidia/cufft/lib/libgomp-a34b3233.so.1", O_RDONLY|O_CLOEXEC) = -1 ENOENT (No such file or directory)
1890493 openat(AT_FDCWD</home/szu2070436088/2510044040/CV-SincNet>, "/home/szu2070436088/.conda/envs/CVS-RFFI/lib/python3.10/site-packages/torch/lib/../../nvidia/curand/lib/libgomp-a34b3233.so.1", O_RDONLY|O_CLOEXEC) = -1 ENOENT (No such file or directory)
1890493 openat(AT_FDCWD</home/szu2070436088/2510044040/CV-SincNet>, "/home/szu2070436088/.conda/envs/CVS-RFFI/lib/python3.10/site-packages/torch/lib/../../nvidia/cusolver/lib/libgomp-a34b3233.so.1", O_RDONLY|O_CLOEXEC) = -1 ENOENT (No such file or directory)
1890493 openat(AT_FDCWD</home/szu2070436088/2510044040/CV-SincNet>, "/home/szu2070436088/.conda/envs/CVS-RFFI/lib/python3.10/site-packages/torch/lib/../../nvidia/cusparse/lib/libgomp-a34b3233.so.1", O_RDONLY|O_CLOEXEC) = -1 ENOENT (No such file or directory)
1890493 openat(AT_FDCWD</home/szu2070436088/2510044040/CV-SincNet>, "/home/szu2070436088/.conda/envs/CVS-RFFI/lib/python3.10/site-packages/torch/lib/../../nvidia/nccl/lib/libgomp-a34b3233.so.1", O_RDONLY|O_CLOEXEC) = -1 ENOENT (No such file or directory)
1890493 openat(AT_FDCWD</home/szu2070436088/2510044040/CV-SincNet>, "/home/szu2070436088/.conda/envs/CVS-RFFI/lib/python3.10/site-packages/torch/lib/../../nvidia/nvtx/lib/libgomp-a34b3233.so.1", O_RDONLY|O_CLOEXEC) = -1 ENOENT (No such file or directory)
1890493 openat(AT_FDCWD</home/szu2070436088/2510044040/CV-SincNet>, "/home/szu2070436088/.conda/envs/CVS-RFFI/lib/python3.10/site-packages/torch/lib/glibc-hwcaps/x86-64-v4/libgomp-a34b3233.so.1", O_RDONLY|O_CLOEXEC) = -1 ENOENT (No such file or directory)
1890493 openat(AT_FDCWD</home/szu2070436088/2510044040/CV-SincNet>, "/home/szu2070436088/.conda/envs/CVS-RFFI/lib/python3.10/site-packages/torch/lib/glibc-hwcaps/x86-64-v3/libgomp-a34b3233.so.1", O_RDONLY|O_CLOEXEC) = -1 ENOENT (No such file or directory)
1890493 openat(AT_FDCWD</home/szu2070436088/2510044040/CV-SincNet>, "/home/szu2070436088/.conda/envs/CVS-RFFI/lib/python3.10/site-packages/torch/lib/glibc-hwcaps/x86-64-v2/libgomp-a34b3233.so.1", O_RDONLY|O_CLOEXEC) = -1 ENOENT (No such file or directory)
1890493 openat(AT_FDCWD</home/szu2070436088/2510044040/CV-SincNet>, "/home/szu2070436088/.conda/envs/CVS-RFFI/lib/python3.10/site-packages/torch/lib/libgomp-a34b3233.so.1", O_RDONLY|O_CLOEXEC) = 17</home/szu2070436088/.conda/envs/CVS-RFFI/lib/python3.10/site-packages/torch/lib/libgomp-a34b3233.so.1>
1890493 openat(AT_FDCWD</home/szu2070436088/2510044040/CV-SincNet>, "/sys/devices/system/cpu/possible", O_RDONLY|O_CLOEXEC) = 17</sys/devices/system/cpu/possible>
1890493 openat(AT_FDCWD</home/szu2070436088/2510044040/CV-SincNet>, "/home/szu2070436088/.conda/envs/CVS-RFFI/lib/python3.10/site-packages/torch/lib/../../nvidia/cublas/lib/libcuda.so.1", O_RDONLY|O_CLOEXEC) = -1 ENOENT (No such file or directory)
1890493 openat(AT_FDCWD</home/szu2070436088/2510044040/CV-SincNet>, "/etc/ld.so.cache", O_RDONLY|O_CLOEXEC) = 17</etc/ld.so.cache>
1890493 openat(AT_FDCWD</home/szu2070436088/2510044040/CV-SincNet>, "/lib/x86_64-linux-gnu/libcuda.so.1", O_RDONLY|O_CLOEXEC) = 17</usr/lib/x86_64-linux-gnu/libcuda.so.535.309.01>
1890493 openat(AT_FDCWD</home/szu2070436088/2510044040/CV-SincNet>, "/home/szu2070436088/.conda/envs/CVS-RFFI/lib/python3.10/site-packages/torch/_C.cpython-310-x86_64-linux-gnu.so", O_RDONLY|O_CLOEXEC) = 17</home/szu2070436088/.conda/envs/CVS-RFFI/lib/python3.10/site-packages/torch/_C.cpython-310-x86_64-linux-gnu.so>
1890493 openat(AT_FDCWD</home/szu2070436088/2510044040/CV-SincNet>, "/home/szu2070436088/.conda/envs/CVS-RFFI/lib/python3.10/site-packages/torch/../../nvidia/cublas/lib/glibc-hwcaps/x86-64-v4/libtorch_python.so", O_RDONLY|O_CLOEXEC) = -1 ENOENT (No such file or directory)
1890493 openat(AT_FDCWD</home/szu2070436088/2510044040/CV-SincNet>, "/home/szu2070436088/.conda/envs/CVS-RFFI/lib/python3.10/site-packages/torch/../../nvidia/cublas/lib/glibc-hwcaps/x86-64-v3/libtorch_python.so", O_RDONLY|O_CLOEXEC) = -1 ENOENT (No such file or directory)
1890493 openat(AT_FDCWD</home/szu2070436088/2510044040/CV-SincNet>, "/home/szu2070436088/.conda/envs/CVS-RFFI/lib/python3.10/site-packages/torch/../../nvidia/cublas/lib/glibc-hwcaps/x86-64-v2/libtorch_python.so", O_RDONLY|O_CLOEXEC) = -1 ENOENT (No such file or directory)
1890493 openat(AT_FDCWD</home/szu2070436088/2510044040/CV-SincNet>, "/home/szu2070436088/.conda/envs/CVS-RFFI/lib/python3.10/site-packages/torch/../../nvidia/cublas/lib/libtorch_python.so", O_RDONLY|O_CLOEXEC) = -1 ENOENT (No such file or directory)
1890493 openat(AT_FDCWD</home/szu2070436088/2510044040/CV-SincNet>, "/home/szu2070436088/.conda/envs/CVS-RFFI/lib/python3.10/site-packages/torch/../../nvidia/cuda_cupti/lib/glibc-hwcaps/x86-64-v4/libtorch_python.so", O_RDONLY|O_CLOEXEC) = -1 ENOENT (No such file or directory)
1890493 openat(AT_FDCWD</home/szu2070436088/2510044040/CV-SincNet>, "/home/szu2070436088/.conda/envs/CVS-RFFI/lib/python3.10/site-packages/torch/../../nvidia/cuda_cupti/lib/glibc-hwcaps/x86-64-v3/libtorch_python.so", O_RDONLY|O_CLOEXEC) = -1 ENOENT (No such file or directory)
1890493 openat(AT_FDCWD</home/szu2070436088/2510044040/CV-SincNet>, "/home/szu2070436088/.conda/envs/CVS-RFFI/lib/python3.10/site-packages/torch/../../nvidia/cuda_cupti/lib/glibc-hwcaps/x86-64-v2/libtorch_python.so", O_RDONLY|O_CLOEXEC) = -1 ENOENT (No such file or directory)
1890493 openat(AT_FDCWD</home/szu2070436088/2510044040/CV-SincNet>, "/home/szu2070436088/.conda/envs/CVS-RFFI/lib/python3.10/site-packages/torch/../../nvidia/cuda_cupti/lib/libtorch_python.so", O_RDONLY|O_CLOEXEC) = -1 ENOENT (No such file or directory)
1890493 openat(AT_FDCWD</home/szu2070436088/2510044040/CV-SincNet>, "/home/szu2070436088/.conda/envs/CVS-RFFI/lib/python3.10/site-packages/torch/../../nvidia/cuda_nvrtc/lib/glibc-hwcaps/x86-64-v4/libtorch_python.so", O_RDONLY|O_CLOEXEC) = -1 ENOENT (No such file or directory)
1890493 openat(AT_FDCWD</home/szu2070436088/2510044040/CV-SincNet>, "/home/szu2070436088/.conda/envs/CVS-RFFI/lib/python3.10/site-packages/torch/../../nvidia/cuda_nvrtc/lib/glibc-hwcaps/x86-64-v3/libtorch_python.so", O_RDONLY|O_CLOEXEC) = -1 ENOENT (No such file or directory)
1890493 openat(AT_FDCWD</home/szu2070436088/2510044040/CV-SincNet>, "/home/szu2070436088/.conda/envs/CVS-RFFI/lib/python3.10/site-packages/torch/../../nvidia/cuda_nvrtc/lib/glibc-hwcaps/x86-64-v2/libtorch_python.so", O_RDONLY|O_CLOEXEC) = -1 ENOENT (No such file or directory)
1890493 openat(AT_FDCWD</home/szu2070436088/2510044040/CV-SincNet>, "/home/szu2070436088/.conda/envs/CVS-RFFI/lib/python3.10/site-packages/torch/../../nvidia/cuda_nvrtc/lib/libtorch_python.so", O_RDONLY|O_CLOEXEC) = -1 ENOENT (No such file or directory)
1890493 openat(AT_FDCWD</home/szu2070436088/2510044040/CV-SincNet>, "/home/szu2070436088/.conda/envs/CVS-RFFI/lib/python3.10/site-packages/torch/../../nvidia/cuda_runtime/lib/glibc-hwcaps/x86-64-v4/libtorch_python.so", O_RDONLY|O_CLOEXEC) = -1 ENOENT (No such file or directory)
1890493 openat(AT_FDCWD</home/szu2070436088/2510044040/CV-SincNet>, "/home/szu2070436088/.conda/envs/CVS-RFFI/lib/python3.10/site-packages/torch/../../nvidia/cuda_runtime/lib/glibc-hwcaps/x86-64-v3/libtorch_python.so", O_RDONLY|O_CLOEXEC) = -1 ENOENT (No such file or directory)
1890493 openat(AT_FDCWD</home/szu2070436088/2510044040/CV-SincNet>, "/home/szu2070436088/.conda/envs/CVS-RFFI/lib/python3.10/site-packages/torch/../../nvidia/cuda_runtime/lib/glibc-hwcaps/x86-64-v2/libtorch_python.so", O_RDONLY|O_CLOEXEC) = -1 ENOENT (No such file or directory)
1890493 openat(AT_FDCWD</home/szu2070436088/2510044040/CV-SincNet>, "/home/szu2070436088/.conda/envs/CVS-RFFI/lib/python3.10/site-packages/torch/../../nvidia/cuda_runtime/lib/libtorch_python.so", O_RDONLY|O_CLOEXEC) = -1 ENOENT (No such file or directory)
1890493 openat(AT_FDCWD</home/szu2070436088/2510044040/CV-SincNet>, "/home/szu2070436088/.conda/envs/CVS-RFFI/lib/python3.10/site-packages/torch/../../nvidia/cudnn/lib/glibc-hwcaps/x86-64-v4/libtorch_python.so", O_RDONLY|O_CLOEXEC) = -1 ENOENT (No such file or directory)
1890493 openat(AT_FDCWD</home/szu2070436088/2510044040/CV-SincNet>, "/home/szu2070436088/.conda/envs/CVS-RFFI/lib/python3.10/site-packages/torch/../../nvidia/cudnn/lib/glibc-hwcaps/x86-64-v3/libtorch_python.so", O_RDONLY|O_CLOEXEC) = -1 ENOENT (No such file or directory)
1890493 openat(AT_FDCWD</home/szu2070436088/2510044040/CV-SincNet>, "/home/szu2070436088/.conda/envs/CVS-RFFI/lib/python3.10/site-packages/torch/../../nvidia/cudnn/lib/glibc-hwcaps/x86-64-v2/libtorch_python.so", O_RDONLY|O_CLOEXEC) = -1 ENOENT (No such file or directory)
1890493 openat(AT_FDCWD</home/szu2070436088/2510044040/CV-SincNet>, "/home/szu2070436088/.conda/envs/CVS-RFFI/lib/python3.10/site-packages/torch/../../nvidia/cudnn/lib/libtorch_python.so", O_RDONLY|O_CLOEXEC) = -1 ENOENT (No such file or directory)
1890493 openat(AT_FDCWD</home/szu2070436088/2510044040/CV-SincNet>, "/home/szu2070436088/.conda/envs/CVS-RFFI/lib/python3.10/site-packages/torch/../../nvidia/cufft/lib/glibc-hwcaps/x86-64-v4/libtorch_python.so", O_RDONLY|O_CLOEXEC) = -1 ENOENT (No such file or directory)
1890493 openat(AT_FDCWD</home/szu2070436088/2510044040/CV-SincNet>, "/home/szu2070436088/.conda/envs/CVS-RFFI/lib/python3.10/site-packages/torch/../../nvidia/cufft/lib/glibc-hwcaps/x86-64-v3/libtorch_python.so", O_RDONLY|O_CLOEXEC) = -1 ENOENT (No such file or directory)
1890493 openat(AT_FDCWD</home/szu2070436088/2510044040/CV-SincNet>, "/home/szu2070436088/.conda/envs/CVS-RFFI/lib/python3.10/site-packages/torch/../../nvidia/cufft/lib/glibc-hwcaps/x86-64-v2/libtorch_python.so", O_RDONLY|O_CLOEXEC) = -1 ENOENT (No such file or directory)
1890493 openat(AT_FDCWD</home/szu2070436088/2510044040/CV-SincNet>, "/home/szu2070436088/.conda/envs/CVS-RFFI/lib/python3.10/site-packages/torch/../../nvidia/cufft/lib/libtorch_python.so", O_RDONLY|O_CLOEXEC) = -1 ENOENT (No such file or directory)
1890493 openat(AT_FDCWD</home/szu2070436088/2510044040/CV-SincNet>, "/home/szu2070436088/.conda/envs/CVS-RFFI/lib/python3.10/site-packages/torch/../../nvidia/curand/lib/glibc-hwcaps/x86-64-v4/libtorch_python.so", O_RDONLY|O_CLOEXEC) = -1 ENOENT (No such file or directory)
1890493 openat(AT_FDCWD</home/szu2070436088/2510044040/CV-SincNet>, "/home/szu2070436088/.conda/envs/CVS-RFFI/lib/python3.10/site-packages/torch/../../nvidia/curand/lib/glibc-hwcaps/x86-64-v3/libtorch_python.so", O_RDONLY|O_CLOEXEC) = -1 ENOENT (No such file or directory)
1890493 openat(AT_FDCWD</home/szu2070436088/2510044040/CV-SincNet>, "/home/szu2070436088/.conda/envs/CVS-RFFI/lib/python3.10/site-packages/torch/../../nvidia/curand/lib/glibc-hwcaps/x86-64-v2/libtorch_python.so", O_RDONLY|O_CLOEXEC) = -1 ENOENT (No such file or directory)
1890493 openat(AT_FDCWD</home/szu2070436088/2510044040/CV-SincNet>, "/home/szu2070436088/.conda/envs/CVS-RFFI/lib/python3.10/site-packages/torch/../../nvidia/curand/lib/libtorch_python.so", O_RDONLY|O_CLOEXEC) = -1 ENOENT (No such file or directory)
1890493 openat(AT_FDCWD</home/szu2070436088/2510044040/CV-SincNet>, "/home/szu2070436088/.conda/envs/CVS-RFFI/lib/python3.10/site-packages/torch/../../nvidia/cusolver/lib/glibc-hwcaps/x86-64-v4/libtorch_python.so", O_RDONLY|O_CLOEXEC) = -1 ENOENT (No such file or directory)
1890493 openat(AT_FDCWD</home/szu2070436088/2510044040/CV-SincNet>, "/home/szu2070436088/.conda/envs/CVS-RFFI/lib/python3.10/site-packages/torch/../../nvidia/cusolver/lib/glibc-hwcaps/x86-64-v3/libtorch_python.so", O_RDONLY|O_CLOEXEC) = -1 ENOENT (No such file or directory)
1890493 openat(AT_FDCWD</home/szu2070436088/2510044040/CV-SincNet>, "/home/szu2070436088/.conda/envs/CVS-RFFI/lib/python3.10/site-packages/torch/../../nvidia/cusolver/lib/glibc-hwcaps/x86-64-v2/libtorch_python.so", O_RDONLY|O_CLOEXEC) = -1 ENOENT (No such file or directory)
1890493 openat(AT_FDCWD</home/szu2070436088/2510044040/CV-SincNet>, "/home/szu2070436088/.conda/envs/CVS-RFFI/lib/python3.10/site-packages/torch/../../nvidia/cusolver/lib/libtorch_python.so", O_RDONLY|O_CLOEXEC) = -1 ENOENT (No such file or directory)
1890493 openat(AT_FDCWD</home/szu2070436088/2510044040/CV-SincNet>, "/home/szu2070436088/.conda/envs/CVS-RFFI/lib/python3.10/site-packages/torch/../../nvidia/cusparse/lib/glibc-hwcaps/x86-64-v4/libtorch_python.so", O_RDONLY|O_CLOEXEC) = -1 ENOENT (No such file or directory)
1890493 openat(AT_FDCWD</home/szu2070436088/2510044040/CV-SincNet>, "/home/szu2070436088/.conda/envs/CVS-RFFI/lib/python3.10/site-packages/torch/../../nvidia/cusparse/lib/glibc-hwcaps/x86-64-v3/libtorch_python.so", O_RDONLY|O_CLOEXEC) = -1 ENOENT (No such file or directory)
1890493 openat(AT_FDCWD</home/szu2070436088/2510044040/CV-SincNet>, "/home/szu2070436088/.conda/envs/CVS-RFFI/lib/python3.10/site-packages/torch/../../nvidia/cusparse/lib/glibc-hwcaps/x86-64-v2/libtorch_python.so", O_RDONLY|O_CLOEXEC) = -1 ENOENT (No such file or directory)
1890493 openat(AT_FDCWD</home/szu2070436088/2510044040/CV-SincNet>, "/home/szu2070436088/.conda/envs/CVS-RFFI/lib/python3.10/site-packages/torch/../../nvidia/cusparse/lib/libtorch_python.so", O_RDONLY|O_CLOEXEC) = -1 ENOENT (No such file or directory)
1890493 openat(AT_FDCWD</home/szu2070436088/2510044040/CV-SincNet>, "/home/szu2070436088/.conda/envs/CVS-RFFI/lib/python3.10/site-packages/torch/../../nvidia/nccl/lib/glibc-hwcaps/x86-64-v4/libtorch_python.so", O_RDONLY|O_CLOEXEC) = -1 ENOENT (No such file or directory)
1890493 openat(AT_FDCWD</home/szu2070436088/2510044040/CV-SincNet>, "/home/szu2070436088/.conda/envs/CVS-RFFI/lib/python3.10/site-packages/torch/../../nvidia/nccl/lib/glibc-hwcaps/x86-64-v3/libtorch_python.so", O_RDONLY|O_CLOEXEC) = -1 ENOENT (No such file or directory)
1890493 openat(AT_FDCWD</home/szu2070436088/2510044040/CV-SincNet>, "/home/szu2070436088/.conda/envs/CVS-RFFI/lib/python3.10/site-packages/torch/../../nvidia/nccl/lib/glibc-hwcaps/x86-64-v2/libtorch_python.so", O_RDONLY|O_CLOEXEC) = -1 ENOENT (No such file or directory)
1890493 openat(AT_FDCWD</home/szu2070436088/2510044040/CV-SincNet>, "/home/szu2070436088/.conda/envs/CVS-RFFI/lib/python3.10/site-packages/torch/../../nvidia/nccl/lib/libtorch_python.so", O_RDONLY|O_CLOEXEC) = -1 ENOENT (No such file or directory)
1890493 openat(AT_FDCWD</home/szu2070436088/2510044040/CV-SincNet>, "/home/szu2070436088/.conda/envs/CVS-RFFI/lib/python3.10/site-packages/torch/../../nvidia/nvtx/lib/glibc-hwcaps/x86-64-v4/libtorch_python.so", O_RDONLY|O_CLOEXEC) = -1 ENOENT (No such file or directory)
1890493 openat(AT_FDCWD</home/szu2070436088/2510044040/CV-SincNet>, "/home/szu2070436088/.conda/envs/CVS-RFFI/lib/python3.10/site-packages/torch/../../nvidia/nvtx/lib/glibc-hwcaps/x86-64-v3/libtorch_python.so", O_RDONLY|O_CLOEXEC) = -1 ENOENT (No such file or directory)
1890493 openat(AT_FDCWD</home/szu2070436088/2510044040/CV-SincNet>, "/home/szu2070436088/.conda/envs/CVS-RFFI/lib/python3.10/site-packages/torch/../../nvidia/nvtx/lib/glibc-hwcaps/x86-64-v2/libtorch_python.so", O_RDONLY|O_CLOEXEC) = -1 ENOENT (No such file or directory)
1890493 openat(AT_FDCWD</home/szu2070436088/2510044040/CV-SincNet>, "/home/szu2070436088/.conda/envs/CVS-RFFI/lib/python3.10/site-packages/torch/../../nvidia/nvtx/lib/libtorch_python.so", O_RDONLY|O_CLOEXEC) = -1 ENOENT (No such file or directory)
1890493 openat(AT_FDCWD</home/szu2070436088/2510044040/CV-SincNet>, "/home/szu2070436088/.conda/envs/CVS-RFFI/lib/python3.10/site-packages/torch/glibc-hwcaps/x86-64-v4/libtorch_python.so", O_RDONLY|O_CLOEXEC) = -1 ENOENT (No such file or directory)
1890493 openat(AT_FDCWD</home/szu2070436088/2510044040/CV-SincNet>, "/home/szu2070436088/.conda/envs/CVS-RFFI/lib/python3.10/site-packages/torch/glibc-hwcaps/x86-64-v3/libtorch_python.so", O_RDONLY|O_CLOEXEC) = -1 ENOENT (No such file or directory)
1890493 openat(AT_FDCWD</home/szu2070436088/2510044040/CV-SincNet>, "/home/szu2070436088/.conda/envs/CVS-RFFI/lib/python3.10/site-packages/torch/glibc-hwcaps/x86-64-v2/libtorch_python.so", O_RDONLY|O_CLOEXEC) = -1 ENOENT (No such file or directory)
1890493 openat(AT_FDCWD</home/szu2070436088/2510044040/CV-SincNet>, "/home/szu2070436088/.conda/envs/CVS-RFFI/lib/python3.10/site-packages/torch/libtorch_python.so", O_RDONLY|O_CLOEXEC) = -1 ENOENT (No such file or directory)
1890493 openat(AT_FDCWD</home/szu2070436088/2510044040/CV-SincNet>, "/home/szu2070436088/.conda/envs/CVS-RFFI/lib/python3.10/site-packages/torch/lib/libtorch_python.so", O_RDONLY|O_CLOEXEC) = 17</home/szu2070436088/.conda/envs/CVS-RFFI/lib/python3.10/site-packages/torch/lib/libtorch_python.so>
1890493 openat(AT_FDCWD</home/szu2070436088/2510044040/CV-SincNet>, "/home/szu2070436088/.conda/envs/CVS-RFFI/lib/python3.10/site-packages/torch/lib/../../nvidia/cublas/lib/libshm.so", O_RDONLY|O_CLOEXEC) = -1 ENOENT (No such file or directory)
1890493 openat(AT_FDCWD</home/szu2070436088/2510044040/CV-SincNet>, "/home/szu2070436088/.conda/envs/CVS-RFFI/lib/python3.10/site-packages/torch/lib/../../nvidia/cuda_cupti/lib/libshm.so", O_RDONLY|O_CLOEXEC) = -1 ENOENT (No such file or directory)
1890493 openat(AT_FDCWD</home/szu2070436088/2510044040/CV-SincNet>, "/home/szu2070436088/.conda/envs/CVS-RFFI/lib/python3.10/site-packages/torch/lib/../../nvidia/cuda_nvrtc/lib/libshm.so", O_RDONLY|O_CLOEXEC) = -1 ENOENT (No such file or directory)
1890493 openat(AT_FDCWD</home/szu2070436088/2510044040/CV-SincNet>, "/home/szu2070436088/.conda/envs/CVS-RFFI/lib/python3.10/site-packages/torch/lib/../../nvidia/cuda_runtime/lib/libshm.so", O_RDONLY|O_CLOEXEC) = -1 ENOENT (No such file or directory)
1890493 openat(AT_FDCWD</home/szu2070436088/2510044040/CV-SincNet>, "/home/szu2070436088/.conda/envs/CVS-RFFI/lib/python3.10/site-packages/torch/lib/../../nvidia/cudnn/lib/libshm.so", O_RDONLY|O_CLOEXEC) = -1 ENOENT (No such file or directory)
1890493 openat(AT_FDCWD</home/szu2070436088/2510044040/CV-SincNet>, "/home/szu2070436088/.conda/envs/CVS-RFFI/lib/python3.10/site-packages/torch/lib/../../nvidia/cufft/lib/libshm.so", O_RDONLY|O_CLOEXEC) = -1 ENOENT (No such file or directory)
1890493 openat(AT_FDCWD</home/szu2070436088/2510044040/CV-SincNet>, "/home/szu2070436088/.conda/envs/CVS-RFFI/lib/python3.10/site-packages/torch/lib/../../nvidia/curand/lib/libshm.so", O_RDONLY|O_CLOEXEC) = -1 ENOENT (No such file or directory)
1890493 openat(AT_FDCWD</home/szu2070436088/2510044040/CV-SincNet>, "/home/szu2070436088/.conda/envs/CVS-RFFI/lib/python3.10/site-packages/torch/lib/../../nvidia/cusolver/lib/libshm.so", O_RDONLY|O_CLOEXEC) = -1 ENOENT (No such file or directory)
1890493 openat(AT_FDCWD</home/szu2070436088/2510044040/CV-SincNet>, "/home/szu2070436088/.conda/envs/CVS-RFFI/lib/python3.10/site-packages/torch/lib/../../nvidia/cusparse/lib/libshm.so", O_RDONLY|O_CLOEXEC) = -1 ENOENT (No such file or directory)
1890493 openat(AT_FDCWD</home/szu2070436088/2510044040/CV-SincNet>, "/home/szu2070436088/.conda/envs/CVS-RFFI/lib/python3.10/site-packages/torch/lib/../../nvidia/nccl/lib/libshm.so", O_RDONLY|O_CLOEXEC) = -1 ENOENT (No such file or directory)
1890493 openat(AT_FDCWD</home/szu2070436088/2510044040/CV-SincNet>, "/home/szu2070436088/.conda/envs/CVS-RFFI/lib/python3.10/site-packages/torch/lib/../../nvidia/nvtx/lib/libshm.so", O_RDONLY|O_CLOEXEC) = -1 ENOENT (No such file or directory)
1890493 openat(AT_FDCWD</home/szu2070436088/2510044040/CV-SincNet>, "/home/szu2070436088/.conda/envs/CVS-RFFI/lib/python3.10/site-packages/torch/lib/libshm.so", O_RDONLY|O_CLOEXEC) = 17</home/szu2070436088/.conda/envs/CVS-RFFI/lib/python3.10/site-packages/torch/lib/libshm.so>
1890493 openat(AT_FDCWD</home/szu2070436088/2510044040/CV-SincNet>, "/home/szu2070436088/.conda/envs/CVS-RFFI/lib/python3.10/site-packages/torch/lib/../../nvidia/cublas/lib/libtorch.so", O_RDONLY|O_CLOEXEC) = -1 ENOENT (No such file or directory)
1890493 openat(AT_FDCWD</home/szu2070436088/2510044040/CV-SincNet>, "/home/szu2070436088/.conda/envs/CVS-RFFI/lib/python3.10/site-packages/torch/lib/../../nvidia/cuda_cupti/lib/libtorch.so", O_RDONLY|O_CLOEXEC) = -1 ENOENT (No such file or directory)
1890493 openat(AT_FDCWD</home/szu2070436088/2510044040/CV-SincNet>, "/home/szu2070436088/.conda/envs/CVS-RFFI/lib/python3.10/site-packages/torch/lib/../../nvidia/cuda_nvrtc/lib/libtorch.so", O_RDONLY|O_CLOEXEC) = -1 ENOENT (No such file or directory)
1890493 openat(AT_FDCWD</home/szu2070436088/2510044040/CV-SincNet>, "/home/szu2070436088/.conda/envs/CVS-RFFI/lib/python3.10/site-packages/torch/lib/../../nvidia/cuda_runtime/lib/libtorch.so", O_RDONLY|O_CLOEXEC) = -1 ENOENT (No such file or directory)
1890493 openat(AT_FDCWD</home/szu2070436088/2510044040/CV-SincNet>, "/home/szu2070436088/.conda/envs/CVS-RFFI/lib/python3.10/site-packages/torch/lib/../../nvidia/cudnn/lib/libtorch.so", O_RDONLY|O_CLOEXEC) = -1 ENOENT (No such file or directory)
1890493 openat(AT_FDCWD</home/szu2070436088/2510044040/CV-SincNet>, "/home/szu2070436088/.conda/envs/CVS-RFFI/lib/python3.10/site-packages/torch/lib/../../nvidia/cufft/lib/libtorch.so", O_RDONLY|O_CLOEXEC) = -1 ENOENT (No such file or directory)
1890493 openat(AT_FDCWD</home/szu2070436088/2510044040/CV-SincNet>, "/home/szu2070436088/.conda/envs/CVS-RFFI/lib/python3.10/site-packages/torch/lib/../../nvidia/curand/lib/libtorch.so", O_RDONLY|O_CLOEXEC) = -1 ENOENT (No such file or directory)
1890493 openat(AT_FDCWD</home/szu2070436088/2510044040/CV-SincNet>, "/home/szu2070436088/.conda/envs/CVS-RFFI/lib/python3.10/site-packages/torch/lib/../../nvidia/cusolver/lib/libtorch.so", O_RDONLY|O_CLOEXEC) = -1 ENOENT (No such file or directory)
1890493 openat(AT_FDCWD</home/szu2070436088/2510044040/CV-SincNet>, "/home/szu2070436088/.conda/envs/CVS-RFFI/lib/python3.10/site-packages/torch/lib/../../nvidia/cusparse/lib/libtorch.so", O_RDONLY|O_CLOEXEC) = -1 ENOENT (No such file or directory)
1890493 openat(AT_FDCWD</home/szu2070436088/2510044040/CV-SincNet>, "/home/szu2070436088/.conda/envs/CVS-RFFI/lib/python3.10/site-packages/torch/lib/../../nvidia/nccl/lib/libtorch.so", O_RDONLY|O_CLOEXEC) = -1 ENOENT (No such file or directory)
1890493 openat(AT_FDCWD</home/szu2070436088/2510044040/CV-SincNet>, "/home/szu2070436088/.conda/envs/CVS-RFFI/lib/python3.10/site-packages/torch/lib/../../nvidia/nvtx/lib/libtorch.so", O_RDONLY|O_CLOEXEC) = -1 ENOENT (No such file or directory)
1890493 openat(AT_FDCWD</home/szu2070436088/2510044040/CV-SincNet>, "/home/szu2070436088/.conda/envs/CVS-RFFI/lib/python3.10/site-packages/torch/lib/libtorch.so", O_RDONLY|O_CLOEXEC) = 17</home/szu2070436088/.conda/envs/CVS-RFFI/lib/python3.10/site-packages/torch/lib/libtorch.so>
1890493 openat(AT_FDCWD</home/szu2070436088/2510044040/CV-SincNet>, "/home/szu2070436088/.conda/envs/CVS-RFFI/lib/python3.10/site-packages/torch/lib/../../nvidia/cublas/lib/libtorch_cpu.so", O_RDONLY|O_CLOEXEC) = -1 ENOENT (No such file or directory)
1890493 openat(AT_FDCWD</home/szu2070436088/2510044040/CV-SincNet>, "/home/szu2070436088/.conda/envs/CVS-RFFI/lib/python3.10/site-packages/torch/lib/../../nvidia/cuda_cupti/lib/libtorch_cpu.so", O_RDONLY|O_CLOEXEC) = -1 ENOENT (No such file or directory)
1890493 openat(AT_FDCWD</home/szu2070436088/2510044040/CV-SincNet>, "/home/szu2070436088/.conda/envs/CVS-RFFI/lib/python3.10/site-packages/torch/lib/../../nvidia/cuda_nvrtc/lib/libtorch_cpu.so", O_RDONLY|O_CLOEXEC) = -1 ENOENT (No such file or directory)
1890493 openat(AT_FDCWD</home/szu2070436088/2510044040/CV-SincNet>, "/home/szu2070436088/.conda/envs/CVS-RFFI/lib/python3.10/site-packages/torch/lib/../../nvidia/cuda_runtime/lib/libtorch_cpu.so", O_RDONLY|O_CLOEXEC) = -1 ENOENT (No such file or directory)
1890493 openat(AT_FDCWD</home/szu2070436088/2510044040/CV-SincNet>, "/home/szu2070436088/.conda/envs/CVS-RFFI/lib/python3.10/site-packages/torch/lib/../../nvidia/cudnn/lib/libtorch_cpu.so", O_RDONLY|O_CLOEXEC) = -1 ENOENT (No such file or directory)
1890493 openat(AT_FDCWD</home/szu2070436088/2510044040/CV-SincNet>, "/home/szu2070436088/.conda/envs/CVS-RFFI/lib/python3.10/site-packages/torch/lib/../../nvidia/cufft/lib/libtorch_cpu.so", O_RDONLY|O_CLOEXEC) = -1 ENOENT (No such file or directory)
1890493 openat(AT_FDCWD</home/szu2070436088/2510044040/CV-SincNet>, "/home/szu2070436088/.conda/envs/CVS-RFFI/lib/python3.10/site-packages/torch/lib/../../nvidia/curand/lib/libtorch_cpu.so", O_RDONLY|O_CLOEXEC) = -1 ENOENT (No such file or directory)
1890493 openat(AT_FDCWD</home/szu2070436088/2510044040/CV-SincNet>, "/home/szu2070436088/.conda/envs/CVS-RFFI/lib/python3.10/site-packages/torch/lib/../../nvidia/cusolver/lib/libtorch_cpu.so", O_RDONLY|O_CLOEXEC) = -1 ENOENT (No such file or directory)
1890493 openat(AT_FDCWD</home/szu2070436088/2510044040/CV-SincNet>, "/home/szu2070436088/.conda/envs/CVS-RFFI/lib/python3.10/site-packages/torch/lib/../../nvidia/cusparse/lib/libtorch_cpu.so", O_RDONLY|O_CLOEXEC) = -1 ENOENT (No such file or directory)
1890493 openat(AT_FDCWD</home/szu2070436088/2510044040/CV-SincNet>, "/home/szu2070436088/.conda/envs/CVS-RFFI/lib/python3.10/site-packages/torch/lib/../../nvidia/nccl/lib/libtorch_cpu.so", O_RDONLY|O_CLOEXEC) = -1 ENOENT (No such file or directory)
1890493 openat(AT_FDCWD</home/szu2070436088/2510044040/CV-SincNet>, "/home/szu2070436088/.conda/envs/CVS-RFFI/lib/python3.10/site-packages/torch/lib/../../nvidia/nvtx/lib/libtorch_cpu.so", O_RDONLY|O_CLOEXEC) = -1 ENOENT (No such file or directory)
1890493 openat(AT_FDCWD</home/szu2070436088/2510044040/CV-SincNet>, "/home/szu2070436088/.conda/envs/CVS-RFFI/lib/python3.10/site-packages/torch/lib/libtorch_cpu.so", O_RDONLY|O_CLOEXEC) = 17</home/szu2070436088/.conda/envs/CVS-RFFI/lib/python3.10/site-packages/torch/lib/libtorch_cpu.so>
1890493 openat(AT_FDCWD</home/szu2070436088/2510044040/CV-SincNet>, "/home/szu2070436088/.conda/envs/CVS-RFFI/lib/python3.10/site-packages/torch/lib/../../nvidia/cublas/lib/libtorch_cuda.so", O_RDONLY|O_CLOEXEC) = -1 ENOENT (No such file or directory)
1890493 openat(AT_FDCWD</home/szu2070436088/2510044040/CV-SincNet>, "/home/szu2070436088/.conda/envs/CVS-RFFI/lib/python3.10/site-packages/torch/lib/../../nvidia/cuda_cupti/lib/libtorch_cuda.so", O_RDONLY|O_CLOEXEC) = -1 ENOENT (No such file or directory)
1890493 openat(AT_FDCWD</home/szu2070436088/2510044040/CV-SincNet>, "/home/szu2070436088/.conda/envs/CVS-RFFI/lib/python3.10/site-packages/torch/lib/../../nvidia/cuda_nvrtc/lib/libtorch_cuda.so", O_RDONLY|O_CLOEXEC) = -1 ENOENT (No such file or directory)
1890493 openat(AT_FDCWD</home/szu2070436088/2510044040/CV-SincNet>, "/home/szu2070436088/.conda/envs/CVS-RFFI/lib/python3.10/site-packages/torch/lib/../../nvidia/cuda_runtime/lib/libtorch_cuda.so", O_RDONLY|O_CLOEXEC) = -1 ENOENT (No such file or directory)
1890493 openat(AT_FDCWD</home/szu2070436088/2510044040/CV-SincNet>, "/home/szu2070436088/.conda/envs/CVS-RFFI/lib/python3.10/site-packages/torch/lib/../../nvidia/cudnn/lib/libtorch_cuda.so", O_RDONLY|O_CLOEXEC) = -1 ENOENT (No such file or directory)
1890493 openat(AT_FDCWD</home/szu2070436088/2510044040/CV-SincNet>, "/home/szu2070436088/.conda/envs/CVS-RFFI/lib/python3.10/site-packages/torch/lib/../../nvidia/cufft/lib/libtorch_cuda.so", O_RDONLY|O_CLOEXEC) = -1 ENOENT (No such file or directory)
1890493 openat(AT_FDCWD</home/szu2070436088/2510044040/CV-SincNet>, "/home/szu2070436088/.conda/envs/CVS-RFFI/lib/python3.10/site-packages/torch/lib/../../nvidia/curand/lib/libtorch_cuda.so", O_RDONLY|O_CLOEXEC) = -1 ENOENT (No such file or directory)
1890493 openat(AT_FDCWD</home/szu2070436088/2510044040/CV-SincNet>, "/home/szu2070436088/.conda/envs/CVS-RFFI/lib/python3.10/site-packages/torch/lib/../../nvidia/cusolver/lib/libtorch_cuda.so", O_RDONLY|O_CLOEXEC) = -1 ENOENT (No such file or directory)
1890493 openat(AT_FDCWD</home/szu2070436088/2510044040/CV-SincNet>, "/home/szu2070436088/.conda/envs/CVS-RFFI/lib/python3.10/site-packages/torch/lib/../../nvidia/cusparse/lib/libtorch_cuda.so", O_RDONLY|O_CLOEXEC) = -1 ENOENT (No such file or directory)
1890493 openat(AT_FDCWD</home/szu2070436088/2510044040/CV-SincNet>, "/home/szu2070436088/.conda/envs/CVS-RFFI/lib/python3.10/site-packages/torch/lib/../../nvidia/nccl/lib/libtorch_cuda.so", O_RDONLY|O_CLOEXEC) = -1 ENOENT (No such file or directory)
1890493 openat(AT_FDCWD</home/szu2070436088/2510044040/CV-SincNet>, "/home/szu2070436088/.conda/envs/CVS-RFFI/lib/python3.10/site-packages/torch/lib/../../nvidia/nvtx/lib/libtorch_cuda.so", O_RDONLY|O_CLOEXEC) = -1 ENOENT (No such file or directory)
1890493 openat(AT_FDCWD</home/szu2070436088/2510044040/CV-SincNet>, "/home/szu2070436088/.conda/envs/CVS-RFFI/lib/python3.10/site-packages/torch/lib/libtorch_cuda.so", O_RDONLY|O_CLOEXEC) = 17</home/szu2070436088/.conda/envs/CVS-RFFI/lib/python3.10/site-packages/torch/lib/libtorch_cuda.so>
1890493 openat(AT_FDCWD</home/szu2070436088/2510044040/CV-SincNet>, "/home/szu2070436088/.conda/envs/CVS-RFFI/lib/python3.10/site-packages/torch/lib/../../nvidia/cublas/lib/libc10_cuda.so", O_RDONLY|O_CLOEXEC) = -1 ENOENT (No such file or directory)
1890493 openat(AT_FDCWD</home/szu2070436088/2510044040/CV-SincNet>, "/home/szu2070436088/.conda/envs/CVS-RFFI/lib/python3.10/site-packages/torch/lib/../../nvidia/cuda_cupti/lib/libc10_cuda.so", O_RDONLY|O_CLOEXEC) = -1 ENOENT (No such file or directory)
1890493 openat(AT_FDCWD</home/szu2070436088/2510044040/CV-SincNet>, "/home/szu2070436088/.conda/envs/CVS-RFFI/lib/python3.10/site-packages/torch/lib/../../nvidia/cuda_nvrtc/lib/libc10_cuda.so", O_RDONLY|O_CLOEXEC) = -1 ENOENT (No such file or directory)
1890493 openat(AT_FDCWD</home/szu2070436088/2510044040/CV-SincNet>, "/home/szu2070436088/.conda/envs/CVS-RFFI/lib/python3.10/site-packages/torch/lib/../../nvidia/cuda_runtime/lib/libc10_cuda.so", O_RDONLY|O_CLOEXEC) = -1 ENOENT (No such file or directory)
1890493 openat(AT_FDCWD</home/szu2070436088/2510044040/CV-SincNet>, "/home/szu2070436088/.conda/envs/CVS-RFFI/lib/python3.10/site-packages/torch/lib/../../nvidia/cudnn/lib/libc10_cuda.so", O_RDONLY|O_CLOEXEC) = -1 ENOENT (No such file or directory)
1890493 openat(AT_FDCWD</home/szu2070436088/2510044040/CV-SincNet>, "/home/szu2070436088/.conda/envs/CVS-RFFI/lib/python3.10/site-packages/torch/lib/../../nvidia/cufft/lib/libc10_cuda.so", O_RDONLY|O_CLOEXEC) = -1 ENOENT (No such file or directory)
1890493 openat(AT_FDCWD</home/szu2070436088/2510044040/CV-SincNet>, "/home/szu2070436088/.conda/envs/CVS-RFFI/lib/python3.10/site-packages/torch/lib/../../nvidia/curand/lib/libc10_cuda.so", O_RDONLY|O_CLOEXEC) = -1 ENOENT (No such file or directory)
1890493 openat(AT_FDCWD</home/szu2070436088/2510044040/CV-SincNet>, "/home/szu2070436088/.conda/envs/CVS-RFFI/lib/python3.10/site-packages/torch/lib/../../nvidia/cusolver/lib/libc10_cuda.so", O_RDONLY|O_CLOEXEC) = -1 ENOENT (No such file or directory)
1890493 openat(AT_FDCWD</home/szu2070436088/2510044040/CV-SincNet>, "/home/szu2070436088/.conda/envs/CVS-RFFI/lib/python3.10/site-packages/torch/lib/../../nvidia/cusparse/lib/libc10_cuda.so", O_RDONLY|O_CLOEXEC) = -1 ENOENT (No such file or directory)
1890493 openat(AT_FDCWD</home/szu2070436088/2510044040/CV-SincNet>, "/home/szu2070436088/.conda/envs/CVS-RFFI/lib/python3.10/site-packages/torch/lib/../../nvidia/nccl/lib/libc10_cuda.so", O_RDONLY|O_CLOEXEC) = -1 ENOENT (No such file or directory)
1890493 openat(AT_FDCWD</home/szu2070436088/2510044040/CV-SincNet>, "/home/szu2070436088/.conda/envs/CVS-RFFI/lib/python3.10/site-packages/torch/lib/../../nvidia/nvtx/lib/libc10_cuda.so", O_RDONLY|O_CLOEXEC) = -1 ENOENT (No such file or directory)
1890493 openat(AT_FDCWD</home/szu2070436088/2510044040/CV-SincNet>, "/home/szu2070436088/.conda/envs/CVS-RFFI/lib/python3.10/site-packages/torch/lib/libc10_cuda.so", O_RDONLY|O_CLOEXEC) = 17</home/szu2070436088/.conda/envs/CVS-RFFI/lib/python3.10/site-packages/torch/lib/libc10_cuda.so>
1890493 openat(AT_FDCWD</home/szu2070436088/2510044040/CV-SincNet>, "/home/szu2070436088/.conda/envs/CVS-RFFI/lib/python3.10/site-packages/torch/lib/../../nvidia/cublas/lib/libc10.so", O_RDONLY|O_CLOEXEC) = -1 ENOENT (No such file or directory)
1890493 openat(AT_FDCWD</home/szu2070436088/2510044040/CV-SincNet>, "/home/szu2070436088/.conda/envs/CVS-RFFI/lib/python3.10/site-packages/torch/lib/../../nvidia/cuda_cupti/lib/libc10.so", O_RDONLY|O_CLOEXEC) = -1 ENOENT (No such file or directory)
1890493 openat(AT_FDCWD</home/szu2070436088/2510044040/CV-SincNet>, "/home/szu2070436088/.conda/envs/CVS-RFFI/lib/python3.10/site-packages/torch/lib/../../nvidia/cuda_nvrtc/lib/libc10.so", O_RDONLY|O_CLOEXEC) = -1 ENOENT (No such file or directory)
1890493 openat(AT_FDCWD</home/szu2070436088/2510044040/CV-SincNet>, "/home/szu2070436088/.conda/envs/CVS-RFFI/lib/python3.10/site-packages/torch/lib/../../nvidia/cuda_runtime/lib/libc10.so", O_RDONLY|O_CLOEXEC) = -1 ENOENT (No such file or directory)
1890493 openat(AT_FDCWD</home/szu2070436088/2510044040/CV-SincNet>, "/home/szu2070436088/.conda/envs/CVS-RFFI/lib/python3.10/site-packages/torch/lib/../../nvidia/cudnn/lib/libc10.so", O_RDONLY|O_CLOEXEC) = -1 ENOENT (No such file or directory)
1890493 openat(AT_FDCWD</home/szu2070436088/2510044040/CV-SincNet>, "/home/szu2070436088/.conda/envs/CVS-RFFI/lib/python3.10/site-packages/torch/lib/../../nvidia/cufft/lib/libc10.so", O_RDONLY|O_CLOEXEC) = -1 ENOENT (No such file or directory)
1890493 openat(AT_FDCWD</home/szu2070436088/2510044040/CV-SincNet>, "/home/szu2070436088/.conda/envs/CVS-RFFI/lib/python3.10/site-packages/torch/lib/../../nvidia/curand/lib/libc10.so", O_RDONLY|O_CLOEXEC) = -1 ENOENT (No such file or directory)
1890493 openat(AT_FDCWD</home/szu2070436088/2510044040/CV-SincNet>, "/home/szu2070436088/.conda/envs/CVS-RFFI/lib/python3.10/site-packages/torch/lib/../../nvidia/cusolver/lib/libc10.so", O_RDONLY|O_CLOEXEC) = -1 ENOENT (No such file or directory)
1890493 openat(AT_FDCWD</home/szu2070436088/2510044040/CV-SincNet>, "/home/szu2070436088/.conda/envs/CVS-RFFI/lib/python3.10/site-packages/torch/lib/../../nvidia/cusparse/lib/libc10.so", O_RDONLY|O_CLOEXEC) = -1 ENOENT (No such file or directory)
1890493 openat(AT_FDCWD</home/szu2070436088/2510044040/CV-SincNet>, "/home/szu2070436088/.conda/envs/CVS-RFFI/lib/python3.10/site-packages/torch/lib/../../nvidia/nccl/lib/libc10.so", O_RDONLY|O_CLOEXEC) = -1 ENOENT (No such file or directory)
1890493 openat(AT_FDCWD</home/szu2070436088/2510044040/CV-SincNet>, "/home/szu2070436088/.conda/envs/CVS-RFFI/lib/python3.10/site-packages/torch/lib/../../nvidia/nvtx/lib/libc10.so", O_RDONLY|O_CLOEXEC) = -1 ENOENT (No such file or directory)
1890493 openat(AT_FDCWD</home/szu2070436088/2510044040/CV-SincNet>, "/home/szu2070436088/.conda/envs/CVS-RFFI/lib/python3.10/site-packages/torch/lib/libc10.so", O_RDONLY|O_CLOEXEC) = 17</home/szu2070436088/.conda/envs/CVS-RFFI/lib/python3.10/site-packages/torch/lib/libc10.so>
1890493 openat(AT_FDCWD</home/szu2070436088/2510044040/CV-SincNet>, "/home/szu2070436088/.conda/envs/CVS-RFFI/lib/python3.10/site-packages/torch/lib/../../nvidia/cublas/lib/libcudnn.so.8", O_RDONLY|O_CLOEXEC) = -1 ENOENT (No such file or directory)
1890493 openat(AT_FDCWD</home/szu2070436088/2510044040/CV-SincNet>, "/home/szu2070436088/.conda/envs/CVS-RFFI/lib/python3.10/site-packages/torch/lib/../../nvidia/cuda_cupti/lib/libcudnn.so.8", O_RDONLY|O_CLOEXEC) = -1 ENOENT (No such file or directory)
1890493 openat(AT_FDCWD</home/szu2070436088/2510044040/CV-SincNet>, "/home/szu2070436088/.conda/envs/CVS-RFFI/lib/python3.10/site-packages/torch/lib/../../nvidia/cuda_nvrtc/lib/libcudnn.so.8", O_RDONLY|O_CLOEXEC) = -1 ENOENT (No such file or directory)
1890493 openat(AT_FDCWD</home/szu2070436088/2510044040/CV-SincNet>, "/home/szu2070436088/.conda/envs/CVS-RFFI/lib/python3.10/site-packages/torch/lib/../../nvidia/cuda_runtime/lib/libcudnn.so.8", O_RDONLY|O_CLOEXEC) = -1 ENOENT (No such file or directory)
1890493 openat(AT_FDCWD</home/szu2070436088/2510044040/CV-SincNet>, "/home/szu2070436088/.conda/envs/CVS-RFFI/lib/python3.10/site-packages/torch/lib/../../nvidia/cudnn/lib/libcudnn.so.8", O_RDONLY|O_CLOEXEC) = 17</home/szu2070436088/.conda/envs/CVS-RFFI/lib/python3.10/site-packages/nvidia/cudnn/lib/libcudnn.so.8>
1890493 openat(AT_FDCWD</home/szu2070436088/2510044040/CV-SincNet>, "/home/szu2070436088/.conda/envs/CVS-RFFI/lib/python3.10/site-packages/torch/lib/../../nvidia/cublas/lib/libcupti.so.12", O_RDONLY|O_CLOEXEC) = -1 ENOENT (No such file or directory)
1890493 openat(AT_FDCWD</home/szu2070436088/2510044040/CV-SincNet>, "/home/szu2070436088/.conda/envs/CVS-RFFI/lib/python3.10/site-packages/torch/lib/../../nvidia/cuda_cupti/lib/libcupti.so.12", O_RDONLY|O_CLOEXEC) = 17</home/szu2070436088/.conda/envs/CVS-RFFI/lib/python3.10/site-packages/nvidia/cuda_cupti/lib/libcupti.so.12>
1890493 openat(AT_FDCWD</home/szu2070436088/2510044040/CV-SincNet>, "/home/szu2070436088/.conda/envs/CVS-RFFI/lib/python3.10/site-packages/torch/lib/../../nvidia/cublas/lib/libcusparse.so.12", O_RDONLY|O_CLOEXEC) = -1 ENOENT (No such file or directory)
1890493 openat(AT_FDCWD</home/szu2070436088/2510044040/CV-SincNet>, "/home/szu2070436088/.conda/envs/CVS-RFFI/lib/python3.10/site-packages/torch/lib/../../nvidia/cuda_cupti/lib/libcusparse.so.12", O_RDONLY|O_CLOEXEC) = -1 ENOENT (No such file or directory)
1890493 openat(AT_FDCWD</home/szu2070436088/2510044040/CV-SincNet>, "/home/szu2070436088/.conda/envs/CVS-RFFI/lib/python3.10/site-packages/torch/lib/../../nvidia/cuda_nvrtc/lib/libcusparse.so.12", O_RDONLY|O_CLOEXEC) = -1 ENOENT (No such file or directory)
1890493 openat(AT_FDCWD</home/szu2070436088/2510044040/CV-SincNet>, "/home/szu2070436088/.conda/envs/CVS-RFFI/lib/python3.10/site-packages/torch/lib/../../nvidia/cuda_runtime/lib/libcusparse.so.12", O_RDONLY|O_CLOEXEC) = -1 ENOENT (No such file or directory)
1890493 openat(AT_FDCWD</home/szu2070436088/2510044040/CV-SincNet>, "/home/szu2070436088/.conda/envs/CVS-RFFI/lib/python3.10/site-packages/torch/lib/../../nvidia/cudnn/lib/libcusparse.so.12", O_RDONLY|O_CLOEXEC) = -1 ENOENT (No such file or directory)
1890493 openat(AT_FDCWD</home/szu2070436088/2510044040/CV-SincNet>, "/home/szu2070436088/.conda/envs/CVS-RFFI/lib/python3.10/site-packages/torch/lib/../../nvidia/cufft/lib/libcusparse.so.12", O_RDONLY|O_CLOEXEC) = -1 ENOENT (No such file or directory)
1890493 openat(AT_FDCWD</home/szu2070436088/2510044040/CV-SincNet>, "/home/szu2070436088/.conda/envs/CVS-RFFI/lib/python3.10/site-packages/torch/lib/../../nvidia/curand/lib/libcusparse.so.12", O_RDONLY|O_CLOEXEC) = -1 ENOENT (No such file or directory)
1890493 openat(AT_FDCWD</home/szu2070436088/2510044040/CV-SincNet>, "/home/szu2070436088/.conda/envs/CVS-RFFI/lib/python3.10/site-packages/torch/lib/../../nvidia/cusolver/lib/libcusparse.so.12", O_RDONLY|O_CLOEXEC) = -1 ENOENT (No such file or directory)
1890493 openat(AT_FDCWD</home/szu2070436088/2510044040/CV-SincNet>, "/home/szu2070436088/.conda/envs/CVS-RFFI/lib/python3.10/site-packages/torch/lib/../../nvidia/cusparse/lib/libcusparse.so.12", O_RDONLY|O_CLOEXEC) = 17</home/szu2070436088/.conda/envs/CVS-RFFI/lib/python3.10/site-packages/nvidia/cusparse/lib/libcusparse.so.12>
1890493 openat(AT_FDCWD</home/szu2070436088/2510044040/CV-SincNet>, "/home/szu2070436088/.conda/envs/CVS-RFFI/lib/python3.10/site-packages/torch/lib/../../nvidia/cublas/lib/libnccl.so.2", O_RDONLY|O_CLOEXEC) = -1 ENOENT (No such file or directory)
1890493 openat(AT_FDCWD</home/szu2070436088/2510044040/CV-SincNet>, "/home/szu2070436088/.conda/envs/CVS-RFFI/lib/python3.10/site-packages/torch/lib/../../nvidia/cuda_cupti/lib/libnccl.so.2", O_RDONLY|O_CLOEXEC) = -1 ENOENT (No such file or directory)
1890493 openat(AT_FDCWD</home/szu2070436088/2510044040/CV-SincNet>, "/home/szu2070436088/.conda/envs/CVS-RFFI/lib/python3.10/site-packages/torch/lib/../../nvidia/cuda_nvrtc/lib/libnccl.so.2", O_RDONLY|O_CLOEXEC) = -1 ENOENT (No such file or directory)
1890493 openat(AT_FDCWD</home/szu2070436088/2510044040/CV-SincNet>, "/home/szu2070436088/.conda/envs/CVS-RFFI/lib/python3.10/site-packages/torch/lib/../../nvidia/cuda_runtime/lib/libnccl.so.2", O_RDONLY|O_CLOEXEC) = -1 ENOENT (No such file or directory)
1890493 openat(AT_FDCWD</home/szu2070436088/2510044040/CV-SincNet>, "/home/szu2070436088/.conda/envs/CVS-RFFI/lib/python3.10/site-packages/torch/lib/../../nvidia/cudnn/lib/libnccl.so.2", O_RDONLY|O_CLOEXEC) = -1 ENOENT (No such file or directory)
1890493 openat(AT_FDCWD</home/szu2070436088/2510044040/CV-SincNet>, "/home/szu2070436088/.conda/envs/CVS-RFFI/lib/python3.10/site-packages/torch/lib/../../nvidia/cufft/lib/libnccl.so.2", O_RDONLY|O_CLOEXEC) = -1 ENOENT (No such file or directory)
1890493 openat(AT_FDCWD</home/szu2070436088/2510044040/CV-SincNet>, "/home/szu2070436088/.conda/envs/CVS-RFFI/lib/python3.10/site-packages/torch/lib/../../nvidia/curand/lib/libnccl.so.2", O_RDONLY|O_CLOEXEC) = -1 ENOENT (No such file or directory)
1890493 openat(AT_FDCWD</home/szu2070436088/2510044040/CV-SincNet>, "/home/szu2070436088/.conda/envs/CVS-RFFI/lib/python3.10/site-packages/torch/lib/../../nvidia/cusolver/lib/libnccl.so.2", O_RDONLY|O_CLOEXEC) = -1 ENOENT (No such file or directory)
1890493 openat(AT_FDCWD</home/szu2070436088/2510044040/CV-SincNet>, "/home/szu2070436088/.conda/envs/CVS-RFFI/lib/python3.10/site-packages/torch/lib/../../nvidia/cusparse/lib/libnccl.so.2", O_RDONLY|O_CLOEXEC) = -1 ENOENT (No such file or directory)
1890493 openat(AT_FDCWD</home/szu2070436088/2510044040/CV-SincNet>, "/home/szu2070436088/.conda/envs/CVS-RFFI/lib/python3.10/site-packages/torch/lib/../../nvidia/nccl/lib/libnccl.so.2", O_RDONLY|O_CLOEXEC) = 17</home/szu2070436088/.conda/envs/CVS-RFFI/lib/python3.10/site-packages/nvidia/nccl/lib/libnccl.so.2>
1890493 openat(AT_FDCWD</home/szu2070436088/2510044040/CV-SincNet>, "/home/szu2070436088/.conda/envs/CVS-RFFI/lib/python3.10/site-packages/torch/lib/../../nvidia/cusparse/lib/libnvJitLink.so.12", O_RDONLY|O_CLOEXEC) = -1 ENOENT (No such file or directory)
1890493 openat(AT_FDCWD</home/szu2070436088/2510044040/CV-SincNet>, "/home/szu2070436088/.conda/envs/CVS-RFFI/lib/python3.10/site-packages/torch/lib/../../nvidia/cusparse/lib/../../nvjitlink/lib/glibc-hwcaps/x86-64-v4/libnvJitLink.so.12", O_RDONLY|O_CLOEXEC) = -1 ENOENT (No such file or directory)
1890493 openat(AT_FDCWD</home/szu2070436088/2510044040/CV-SincNet>, "/home/szu2070436088/.conda/envs/CVS-RFFI/lib/python3.10/site-packages/torch/lib/../../nvidia/cusparse/lib/../../nvjitlink/lib/glibc-hwcaps/x86-64-v3/libnvJitLink.so.12", O_RDONLY|O_CLOEXEC) = -1 ENOENT (No such file or directory)
1890493 openat(AT_FDCWD</home/szu2070436088/2510044040/CV-SincNet>, "/home/szu2070436088/.conda/envs/CVS-RFFI/lib/python3.10/site-packages/torch/lib/../../nvidia/cusparse/lib/../../nvjitlink/lib/glibc-hwcaps/x86-64-v2/libnvJitLink.so.12", O_RDONLY|O_CLOEXEC) = -1 ENOENT (No such file or directory)
1890493 openat(AT_FDCWD</home/szu2070436088/2510044040/CV-SincNet>, "/home/szu2070436088/.conda/envs/CVS-RFFI/lib/python3.10/site-packages/torch/lib/../../nvidia/cusparse/lib/../../nvjitlink/lib/libnvJitLink.so.12", O_RDONLY|O_CLOEXEC) = 17</home/szu2070436088/.conda/envs/CVS-RFFI/lib/python3.10/site-packages/nvidia/nvjitlink/lib/libnvJitLink.so.12>
1890493 openat(AT_FDCWD</home/szu2070436088/2510044040/CV-SincNet>, "/home/szu2070436088/.conda/envs/CVS-RFFI/lib/python3.10/site-packages/torch/lib/../../nvidia/cublas/lib/libnvfuser_codegen.so", O_RDONLY|O_CLOEXEC) = -1 ENOENT (No such file or directory)
1890493 openat(AT_FDCWD</home/szu2070436088/2510044040/CV-SincNet>, "/home/szu2070436088/.conda/envs/CVS-RFFI/lib/python3.10/site-packages/torch/lib/../../nvidia/cuda_cupti/lib/libnvfuser_codegen.so", O_RDONLY|O_CLOEXEC) = -1 ENOENT (No such file or directory)
1890493 openat(AT_FDCWD</home/szu2070436088/2510044040/CV-SincNet>, "/home/szu2070436088/.conda/envs/CVS-RFFI/lib/python3.10/site-packages/torch/lib/../../nvidia/cuda_nvrtc/lib/libnvfuser_codegen.so", O_RDONLY|O_CLOEXEC) = -1 ENOENT (No such file or directory)
1890493 openat(AT_FDCWD</home/szu2070436088/2510044040/CV-SincNet>, "/home/szu2070436088/.conda/envs/CVS-RFFI/lib/python3.10/site-packages/torch/lib/../../nvidia/cuda_runtime/lib/libnvfuser_codegen.so", O_RDONLY|O_CLOEXEC) = -1 ENOENT (No such file or directory)
1890493 openat(AT_FDCWD</home/szu2070436088/2510044040/CV-SincNet>, "/home/szu2070436088/.conda/envs/CVS-RFFI/lib/python3.10/site-packages/torch/lib/../../nvidia/cudnn/lib/libnvfuser_codegen.so", O_RDONLY|O_CLOEXEC) = -1 ENOENT (No such file or directory)
1890493 openat(AT_FDCWD</home/szu2070436088/2510044040/CV-SincNet>, "/home/szu2070436088/.conda/envs/CVS-RFFI/lib/python3.10/site-packages/torch/lib/../../nvidia/cufft/lib/libnvfuser_codegen.so", O_RDONLY|O_CLOEXEC) = -1 ENOENT (No such file or directory)
1890493 openat(AT_FDCWD</home/szu2070436088/2510044040/CV-SincNet>, "/home/szu2070436088/.conda/envs/CVS-RFFI/lib/python3.10/site-packages/torch/lib/../../nvidia/curand/lib/libnvfuser_codegen.so", O_RDONLY|O_CLOEXEC) = -1 ENOENT (No such file or directory)
1890493 openat(AT_FDCWD</home/szu2070436088/2510044040/CV-SincNet>, "/home/szu2070436088/.conda/envs/CVS-RFFI/lib/python3.10/site-packages/torch/lib/../../nvidia/cusolver/lib/libnvfuser_codegen.so", O_RDONLY|O_CLOEXEC) = -1 ENOENT (No such file or directory)
1890493 openat(AT_FDCWD</home/szu2070436088/2510044040/CV-SincNet>, "/home/szu2070436088/.conda/envs/CVS-RFFI/lib/python3.10/site-packages/torch/lib/../../nvidia/cusparse/lib/libnvfuser_codegen.so", O_RDONLY|O_CLOEXEC) = -1 ENOENT (No such file or directory)
1890493 openat(AT_FDCWD</home/szu2070436088/2510044040/CV-SincNet>, "/home/szu2070436088/.conda/envs/CVS-RFFI/lib/python3.10/site-packages/torch/lib/../../nvidia/nccl/lib/libnvfuser_codegen.so", O_RDONLY|O_CLOEXEC) = -1 ENOENT (No such file or directory)
1890493 openat(AT_FDCWD</home/szu2070436088/2510044040/CV-SincNet>, "/home/szu2070436088/.conda/envs/CVS-RFFI/lib/python3.10/site-packages/torch/lib/../../nvidia/nvtx/lib/libnvfuser_codegen.so", O_RDONLY|O_CLOEXEC) = -1 ENOENT (No such file or directory)
1890493 openat(AT_FDCWD</home/szu2070436088/2510044040/CV-SincNet>, "/home/szu2070436088/.conda/envs/CVS-RFFI/lib/python3.10/site-packages/torch/lib/libnvfuser_codegen.so", O_RDONLY|O_CLOEXEC) = 17</home/szu2070436088/.conda/envs/CVS-RFFI/lib/python3.10/site-packages/torch/lib/libnvfuser_codegen.so>
1890493 openat(AT_FDCWD</home/szu2070436088/2510044040/CV-SincNet>, "/home/szu2070436088/.conda/envs/CVS-RFFI/lib/python3.10/site-packages/torch/lib/../../nvidia/cublas/lib/libnvrtc.so.12", O_RDONLY|O_CLOEXEC) = -1 ENOENT (No such file or directory)
1890493 openat(AT_FDCWD</home/szu2070436088/2510044040/CV-SincNet>, "/home/szu2070436088/.conda/envs/CVS-RFFI/lib/python3.10/site-packages/torch/lib/../../nvidia/cuda_cupti/lib/libnvrtc.so.12", O_RDONLY|O_CLOEXEC) = -1 ENOENT (No such file or directory)
1890493 openat(AT_FDCWD</home/szu2070436088/2510044040/CV-SincNet>, "/home/szu2070436088/.conda/envs/CVS-RFFI/lib/python3.10/site-packages/torch/lib/../../nvidia/cuda_nvrtc/lib/libnvrtc.so.12", O_RDONLY|O_CLOEXEC) = 17</home/szu2070436088/.conda/envs/CVS-RFFI/lib/python3.10/site-packages/nvidia/cuda_nvrtc/lib/libnvrtc.so.12>
1890493 openat(AT_FDCWD</home/szu2070436088/2510044040/CV-SincNet>, "/home/szu2070436088/.conda/envs/CVS-RFFI/lib/python3.10/site-packages/mkl/../../.././libarcher.so", O_RDONLY|O_CLOEXEC) = 17</home/szu2070436088/.conda/envs/CVS-RFFI/lib/libarcher.so>
1890493 openat(AT_FDCWD</home/szu2070436088/2510044040/CV-SincNet>, "/home/szu2070436088/.conda/envs/CVS-RFFI/lib/python3.10/site-packages/mkl/../../../././glibc-hwcaps/x86-64-v4/libsvml.so", O_RDONLY|O_CLOEXEC) = -1 ENOENT (No such file or directory)
1890493 openat(AT_FDCWD</home/szu2070436088/2510044040/CV-SincNet>, "/home/szu2070436088/.conda/envs/CVS-RFFI/lib/python3.10/site-packages/mkl/../../../././glibc-hwcaps/x86-64-v3/libsvml.so", O_RDONLY|O_CLOEXEC) = -1 ENOENT (No such file or directory)
1890493 openat(AT_FDCWD</home/szu2070436088/2510044040/CV-SincNet>, "/home/szu2070436088/.conda/envs/CVS-RFFI/lib/python3.10/site-packages/mkl/../../../././glibc-hwcaps/x86-64-v2/libsvml.so", O_RDONLY|O_CLOEXEC) = -1 ENOENT (No such file or directory)
1890493 openat(AT_FDCWD</home/szu2070436088/2510044040/CV-SincNet>, "/home/szu2070436088/.conda/envs/CVS-RFFI/lib/python3.10/site-packages/mkl/../../../././libsvml.so", O_RDONLY|O_CLOEXEC) = -1 ENOENT (No such file or directory)
1890493 openat(AT_FDCWD</home/szu2070436088/2510044040/CV-SincNet>, "/home/szu2070436088/.conda/envs/CVS-RFFI/bin/../lib/libsvml.so", O_RDONLY|O_CLOEXEC) = -1 ENOENT (No such file or directory)
1890493 openat(AT_FDCWD</home/szu2070436088/2510044040/CV-SincNet>, "/etc/ld.so.cache", O_RDONLY|O_CLOEXEC) = 17</etc/ld.so.cache>
1890493 openat(AT_FDCWD</home/szu2070436088/2510044040/CV-SincNet>, "/lib/x86_64-linux-gnu/glibc-hwcaps/x86-64-v4/libsvml.so", O_RDONLY|O_CLOEXEC) = -1 ENOENT (No such file or directory)
1890493 openat(AT_FDCWD</home/szu2070436088/2510044040/CV-SincNet>, "/lib/x86_64-linux-gnu/glibc-hwcaps/x86-64-v3/libsvml.so", O_RDONLY|O_CLOEXEC) = -1 ENOENT (No such file or directory)
1890493 openat(AT_FDCWD</home/szu2070436088/2510044040/CV-SincNet>, "/lib/x86_64-linux-gnu/glibc-hwcaps/x86-64-v2/libsvml.so", O_RDONLY|O_CLOEXEC) = -1 ENOENT (No such file or directory)
1890493 openat(AT_FDCWD</home/szu2070436088/2510044040/CV-SincNet>, "/lib/x86_64-linux-gnu/libsvml.so", O_RDONLY|O_CLOEXEC) = -1 ENOENT (No such file or directory)
1890493 openat(AT_FDCWD</home/szu2070436088/2510044040/CV-SincNet>, "/usr/lib/x86_64-linux-gnu/glibc-hwcaps/x86-64-v4/libsvml.so", O_RDONLY|O_CLOEXEC) = -1 ENOENT (No such file or directory)
1890493 openat(AT_FDCWD</home/szu2070436088/2510044040/CV-SincNet>, "/usr/lib/x86_64-linux-gnu/glibc-hwcaps/x86-64-v3/libsvml.so", O_RDONLY|O_CLOEXEC) = -1 ENOENT (No such file or directory)
1890493 openat(AT_FDCWD</home/szu2070436088/2510044040/CV-SincNet>, "/usr/lib/x86_64-linux-gnu/glibc-hwcaps/x86-64-v2/libsvml.so", O_RDONLY|O_CLOEXEC) = -1 ENOENT (No such file or directory)
1890493 openat(AT_FDCWD</home/szu2070436088/2510044040/CV-SincNet>, "/usr/lib/x86_64-linux-gnu/libsvml.so", O_RDONLY|O_CLOEXEC) = -1 ENOENT (No such file or directory)
1890493 openat(AT_FDCWD</home/szu2070436088/2510044040/CV-SincNet>, "/lib/glibc-hwcaps/x86-64-v4/libsvml.so", O_RDONLY|O_CLOEXEC) = -1 ENOENT (No such file or directory)
1890493 openat(AT_FDCWD</home/szu2070436088/2510044040/CV-SincNet>, "/lib/glibc-hwcaps/x86-64-v3/libsvml.so", O_RDONLY|O_CLOEXEC) = -1 ENOENT (No such file or directory)
1890493 openat(AT_FDCWD</home/szu2070436088/2510044040/CV-SincNet>, "/lib/glibc-hwcaps/x86-64-v2/libsvml.so", O_RDONLY|O_CLOEXEC) = -1 ENOENT (No such file or directory)
1890493 openat(AT_FDCWD</home/szu2070436088/2510044040/CV-SincNet>, "/lib/libsvml.so", O_RDONLY|O_CLOEXEC) = -1 ENOENT (No such file or directory)
1890493 openat(AT_FDCWD</home/szu2070436088/2510044040/CV-SincNet>, "/usr/lib/glibc-hwcaps/x86-64-v4/libsvml.so", O_RDONLY|O_CLOEXEC) = -1 ENOENT (No such file or directory)
1890493 openat(AT_FDCWD</home/szu2070436088/2510044040/CV-SincNet>, "/usr/lib/glibc-hwcaps/x86-64-v3/libsvml.so", O_RDONLY|O_CLOEXEC) = -1 ENOENT (No such file or directory)
1890493 openat(AT_FDCWD</home/szu2070436088/2510044040/CV-SincNet>, "/usr/lib/glibc-hwcaps/x86-64-v2/libsvml.so", O_RDONLY|O_CLOEXEC) = -1 ENOENT (No such file or directory)
1890493 openat(AT_FDCWD</home/szu2070436088/2510044040/CV-SincNet>, "/usr/lib/libsvml.so", O_RDONLY|O_CLOEXEC) = -1 ENOENT (No such file or directory)
1890493 openat(AT_FDCWD</home/szu2070436088/2510044040/CV-SincNet>, "/home/szu2070436088/.conda/envs/CVS-RFFI/lib/python3.10/site-packages/mkl/../../../libtbbmalloc.so.2", O_RDONLY|O_CLOEXEC) = 17</home/szu2070436088/.conda/envs/CVS-RFFI/lib/libtbbmalloc.so.2.17>
1890493 openat(AT_FDCWD</home/szu2070436088/2510044040/CV-SincNet>, "/home/szu2070436088/.conda/envs/CVS-RFFI/lib/python3.10/site-packages/mkl/../../../libumf.so", O_RDONLY|O_CLOEXEC) = -1 ENOENT (No such file or directory)
1890493 openat(AT_FDCWD</home/szu2070436088/2510044040/CV-SincNet>, "/home/szu2070436088/.conda/envs/CVS-RFFI/lib/python3.10/site-packages/mkl/../../.././libmemkind.so", O_RDONLY|O_CLOEXEC) = -1 ENOENT (No such file or directory)
1890493 openat(AT_FDCWD</home/szu2070436088/2510044040/CV-SincNet>, "/home/szu2070436088/.conda/envs/CVS-RFFI/bin/../lib/libmemkind.so", O_RDONLY|O_CLOEXEC) = -1 ENOENT (No such file or directory)
1890493 openat(AT_FDCWD</home/szu2070436088/2510044040/CV-SincNet>, "/etc/ld.so.cache", O_RDONLY|O_CLOEXEC) = 17</etc/ld.so.cache>
1890493 openat(AT_FDCWD</home/szu2070436088/2510044040/CV-SincNet>, "/lib/x86_64-linux-gnu/libmemkind.so", O_RDONLY|O_CLOEXEC) = -1 ENOENT (No such file or directory)
1890493 openat(AT_FDCWD</home/szu2070436088/2510044040/CV-SincNet>, "/usr/lib/x86_64-linux-gnu/libmemkind.so", O_RDONLY|O_CLOEXEC) = -1 ENOENT (No such file or directory)
1890493 openat(AT_FDCWD</home/szu2070436088/2510044040/CV-SincNet>, "/lib/libmemkind.so", O_RDONLY|O_CLOEXEC) = -1 ENOENT (No such file or directory)
1890493 openat(AT_FDCWD</home/szu2070436088/2510044040/CV-SincNet>, "/usr/lib/libmemkind.so", O_RDONLY|O_CLOEXEC) = -1 ENOENT (No such file or directory)
1890493 openat(AT_FDCWD</home/szu2070436088/2510044040/CV-SincNet>, "/proc/meminfo", O_RDONLY) = 17</proc/meminfo>
1890493 openat(AT_FDCWD</home/szu2070436088/2510044040/CV-SincNet>, "/proc/sys/vm/nr_hugepages", O_RDONLY) = 17</proc/sys/vm/nr_hugepages>
1890493 openat(AT_FDCWD</home/szu2070436088/2510044040/CV-SincNet>, "/sys/kernel/mm/transparent_hugepage/enabled", O_RDONLY) = 17</sys/kernel/mm/transparent_hugepage/enabled>
1890493 openat(AT_FDCWD</home/szu2070436088/2510044040/CV-SincNet>, "/dev/shm", O_RDONLY|O_NONBLOCK|O_CLOEXEC|O_DIRECTORY) = 17</dev/shm>
1890493 openat(AT_FDCWD</home/szu2070436088/2510044040/CV-SincNet>, "/dev/shm/__KMP_REGISTERED_LIB_1890493_1000", O_RDWR|O_CREAT|O_EXCL|O_NOFOLLOW|O_CLOEXEC, 0600) = 17</dev/shm/__KMP_REGISTERED_LIB_1890493_1000>
1890493 openat(AT_FDCWD</home/szu2070436088/2510044040/CV-SincNet>, "/sys/devices/system/cpu/possible", O_RDONLY|O_CLOEXEC) = 17</sys/devices/system/cpu/possible>
1890493 openat(AT_FDCWD</home/szu2070436088/2510044040/CV-SincNet>, "/sys/devices/system/node/node0/cpulist", O_RDONLY) = 17</sys/devices/system/node/node0/cpulist>
1890493 openat(AT_FDCWD</home/szu2070436088/2510044040/CV-SincNet>, "/sys/devices/system/node/node1/cpulist", O_RDONLY) = 17</sys/devices/system/node/node1/cpulist>
1890493 openat(AT_FDCWD</home/szu2070436088/2510044040/CV-SincNet>, "/sys/devices/system/node/node2/cpulist", O_RDONLY) = -1 ENOENT (No such file or directory)
1890493 openat(AT_FDCWD</home/szu2070436088/2510044040/CV-SincNet>, "/sys/devices/system/node/node0/cpulist", O_RDONLY) = 17</sys/devices/system/node/node0/cpulist>
1890493 openat(AT_FDCWD</home/szu2070436088/2510044040/CV-SincNet>, "/sys/devices/system/node/node1/cpulist", O_RDONLY) = 17</sys/devices/system/node/node1/cpulist>
1890493 openat(AT_FDCWD</home/szu2070436088/2510044040/CV-SincNet>, "/proc/cpuinfo", O_RDONLY) = 17</proc/cpuinfo>
1890493 openat(AT_FDCWD</home/szu2070436088/2510044040/CV-SincNet>, "/dev/urandom", O_RDONLY) = 17</dev/urandom<char 1:9>>
1890493 openat(AT_FDCWD</home/szu2070436088/2510044040/CV-SincNet>, "/home/szu2070436088/.conda/envs/CVS-RFFI/lib/python3.10/site-packages/torch/__pycache__/_tensor.cpython-310.pyc", O_RDONLY|O_CLOEXEC) = 17</home/szu2070436088/.conda/envs/CVS-RFFI/lib/python3.10/site-packages/torch/__pycache__/_tensor.cpython-310.pyc>
1890493 openat(AT_FDCWD</home/szu2070436088/2510044040/CV-SincNet>, "/home/szu2070436088/.conda/envs/CVS-RFFI/lib/python3.10/__pycache__/copy.cpython-310.pyc", O_RDONLY|O_CLOEXEC) = 17</home/szu2070436088/.conda/envs/CVS-RFFI/lib/python3.10/__pycache__/copy.cpython-310.pyc>
1890493 openat(AT_FDCWD</home/szu2070436088/2510044040/CV-SincNet>, "/home/szu2070436088/.conda/envs/CVS-RFFI/lib/python3.10/site-packages/torch/utils/__pycache__/__init__.cpython-310.pyc", O_RDONLY|O_CLOEXEC) = 17</home/szu2070436088/.conda/envs/CVS-RFFI/lib/python3.10/site-packages/torch/utils/__pycache__/__init__.cpython-310.pyc>
1890493 openat(AT_FDCWD</home/szu2070436088/2510044040/CV-SincNet>, "/home/szu2070436088/.conda/envs/CVS-RFFI/lib/python3.10/site-packages/torch/utils", O_RDONLY|O_NONBLOCK|O_CLOEXEC|O_DIRECTORY) = 17</home/szu2070436088/.conda/envs/CVS-RFFI/lib/python3.10/site-packages/torch/utils>
1890493 openat(AT_FDCWD</home/szu2070436088/2510044040/CV-SincNet>, "/home/szu2070436088/.conda/envs/CVS-RFFI/lib/python3.10/site-packages/torch/utils/__pycache__/throughput_benchmark.cpython-310.pyc", O_RDONLY|O_CLOEXEC) = 17</home/szu2070436088/.conda/envs/CVS-RFFI/lib/python3.10/site-packages/torch/utils/__pycache__/throughput_benchmark.cpython-310.pyc>
1890493 openat(AT_FDCWD</home/szu2070436088/2510044040/CV-SincNet>, "/home/szu2070436088/.conda/envs/CVS-RFFI/lib/python3.10/site-packages/torch/utils/__pycache__/cpp_backtrace.cpython-310.pyc", O_RDONLY|O_CLOEXEC) = 17</home/szu2070436088/.conda/envs/CVS-RFFI/lib/python3.10/site-packages/torch/utils/__pycache__/cpp_backtrace.cpython-310.pyc>
1890493 openat(AT_FDCWD</home/szu2070436088/2510044040/CV-SincNet>, "/home/szu2070436088/.conda/envs/CVS-RFFI/lib/python3.10/site-packages/torch/utils/__pycache__/backend_registration.cpython-310.pyc", O_RDONLY|O_CLOEXEC) = 17</home/szu2070436088/.conda/envs/CVS-RFFI/lib/python3.10/site-packages/torch/utils/__pycache__/backend_registration.cpython-310.pyc>
1890493 openat(AT_FDCWD</home/szu2070436088/2510044040/CV-SincNet>, "/home/szu2070436088/.conda/envs/CVS-RFFI/lib/python3.10/site-packages/torch/utils/__pycache__/hooks.cpython-310.pyc", O_RDONLY|O_CLOEXEC) = 17</home/szu2070436088/.conda/envs/CVS-RFFI/lib/python3.10/site-packages/torch/utils/__pycache__/hooks.cpython-310.pyc>
1890493 openat(AT_FDCWD</home/szu2070436088/2510044040/CV-SincNet>, "/home/szu2070436088/.conda/envs/CVS-RFFI/lib/python3.10/site-packages/torch/__pycache__/_namedtensor_internals.cpython-310.pyc", O_RDONLY|O_CLOEXEC) = 17</home/szu2070436088/.conda/envs/CVS-RFFI/lib/python3.10/site-packages/torch/__pycache__/_namedtensor_internals.cpython-310.pyc>
1890493 openat(AT_FDCWD</home/szu2070436088/2510044040/CV-SincNet>, "/home/szu2070436088/.conda/envs/CVS-RFFI/lib/python3.10/site-packages/torch/__pycache__/overrides.cpython-310.pyc", O_RDONLY|O_CLOEXEC) = 17</home/szu2070436088/.conda/envs/CVS-RFFI/lib/python3.10/site-packages/torch/__pycache__/overrides.cpython-310.pyc>
1890493 openat(AT_FDCWD</home/szu2070436088/2510044040/CV-SincNet>, "/home/szu2070436088/.conda/envs/CVS-RFFI/lib/python3.10/site-packages/torch/utils/__pycache__/dlpack.cpython-310.pyc", O_RDONLY|O_CLOEXEC) = 17</home/szu2070436088/.conda/envs/CVS-RFFI/lib/python3.10/site-packages/torch/utils/__pycache__/dlpack.cpython-310.pyc>
1890493 openat(AT_FDCWD</home/szu2070436088/2510044040/CV-SincNet>, "/home/szu2070436088/.conda/envs/CVS-RFFI/lib/python3.10/site-packages/torch/__pycache__/storage.cpython-310.pyc", O_RDONLY|O_CLOEXEC) = 17</home/szu2070436088/.conda/envs/CVS-RFFI/lib/python3.10/site-packages/torch/__pycache__/storage.cpython-310.pyc>
1890493 openat(AT_FDCWD</home/szu2070436088/2510044040/CV-SincNet>, "/home/szu2070436088/.conda/envs/CVS-RFFI/lib/python3.10/site-packages/torch/__pycache__/types.cpython-310.pyc", O_RDONLY|O_CLOEXEC) = 17</home/szu2070436088/.conda/envs/CVS-RFFI/lib/python3.10/site-packages/torch/__pycache__/types.cpython-310.pyc>
1890493 openat(AT_FDCWD</home/szu2070436088/2510044040/CV-SincNet>, "/home/szu2070436088/.conda/envs/CVS-RFFI/lib/python3.10/site-packages/torch/__pycache__/random.cpython-310.pyc", O_RDONLY|O_CLOEXEC) = 17</home/szu2070436088/.conda/envs/CVS-RFFI/lib/python3.10/site-packages/torch/__pycache__/random.cpython-310.pyc>
1890493 openat(AT_FDCWD</home/szu2070436088/2510044040/CV-SincNet>, "/home/szu2070436088/.conda/envs/CVS-RFFI/lib/python3.10/site-packages/torch/__pycache__/serialization.cpython-310.pyc", O_RDONLY|O_CLOEXEC) = 17</home/szu2070436088/.conda/envs/CVS-RFFI/lib/python3.10/site-packages/torch/__pycache__/serialization.cpython-310.pyc>
1890493 openat(AT_FDCWD</home/szu2070436088/2510044040/CV-SincNet>, "/home/szu2070436088/.conda/envs/CVS-RFFI/lib/python3.10/__pycache__/difflib.cpython-310.pyc", O_RDONLY|O_CLOEXEC) = 17</home/szu2070436088/.conda/envs/CVS-RFFI/lib/python3.10/__pycache__/difflib.cpython-310.pyc>
1890493 openat(AT_FDCWD</home/szu2070436088/2510044040/CV-SincNet>, "/home/szu2070436088/.conda/envs/CVS-RFFI/lib/python3.10/__pycache__/heapq.cpython-310.pyc", O_RDONLY|O_CLOEXEC) = 17</home/szu2070436088/.conda/envs/CVS-RFFI/lib/python3.10/__pycache__/heapq.cpython-310.pyc>
1890493 openat(AT_FDCWD</home/szu2070436088/2510044040/CV-SincNet>, "/home/szu2070436088/.conda/envs/CVS-RFFI/lib/python3.10/lib-dynload/_heapq.cpython-310-x86_64-linux-gnu.so", O_RDONLY|O_CLOEXEC) = 17</home/szu2070436088/.conda/envs/CVS-RFFI/lib/python3.10/lib-dynload/_heapq.cpython-310-x86_64-linux-gnu.so>
1890493 openat(AT_FDCWD</home/szu2070436088/2510044040/CV-SincNet>, "/home/szu2070436088/.conda/envs/CVS-RFFI/lib/python3.10/__pycache__/tarfile.cpython-310.pyc", O_RDONLY|O_CLOEXEC) = 17</home/szu2070436088/.conda/envs/CVS-RFFI/lib/python3.10/__pycache__/tarfile.cpython-310.pyc>
1890493 openat(AT_FDCWD</home/szu2070436088/2510044040/CV-SincNet>, "/home/szu2070436088/.conda/envs/CVS-RFFI/lib/python3.10/lib-dynload/grp.cpython-310-x86_64-linux-gnu.so", O_RDONLY|O_CLOEXEC) = 17</home/szu2070436088/.conda/envs/CVS-RFFI/lib/python3.10/lib-dynload/grp.cpython-310-x86_64-linux-gnu.so>
1890493 openat(AT_FDCWD</home/szu2070436088/2510044040/CV-SincNet>, "/home/szu2070436088/.conda/envs/CVS-RFFI/lib/python3.10/site-packages/torch/__pycache__/_sources.cpython-310.pyc", O_RDONLY|O_CLOEXEC) = 17</home/szu2070436088/.conda/envs/CVS-RFFI/lib/python3.10/site-packages/torch/__pycache__/_sources.cpython-310.pyc>
1890493 openat(AT_FDCWD</home/szu2070436088/2510044040/CV-SincNet>, "/home/szu2070436088/.conda/envs/CVS-RFFI/lib/python3.10/site-packages/__pycache__/typing_extensions.cpython-310.pyc", O_RDONLY|O_CLOEXEC) = 17</home/szu2070436088/.conda/envs/CVS-RFFI/lib/python3.10/site-packages/__pycache__/typing_extensions.cpython-310.pyc>
1890493 openat(AT_FDCWD</home/szu2070436088/2510044040/CV-SincNet>, "/home/szu2070436088/.conda/envs/CVS-RFFI/lib/python3.10/lib-dynload/_socket.cpython-310-x86_64-linux-gnu.so", O_RDONLY|O_CLOEXEC) = 17</home/szu2070436088/.conda/envs/CVS-RFFI/lib/python3.10/lib-dynload/_socket.cpython-310-x86_64-linux-gnu.so>
1890493 openat(AT_FDCWD</home/szu2070436088/2510044040/CV-SincNet>, "/home/szu2070436088/.conda/envs/CVS-RFFI/lib/python3.10/site-packages/torch/__pycache__/_weights_only_unpickler.cpython-310.pyc", O_RDONLY|O_CLOEXEC) = 17</home/szu2070436088/.conda/envs/CVS-RFFI/lib/python3.10/site-packages/torch/__pycache__/_weights_only_unpickler.cpython-310.pyc>
1890493 openat(AT_FDCWD</home/szu2070436088/2510044040/CV-SincNet>, "/home/szu2070436088/.conda/envs/CVS-RFFI/lib/python3.10/site-packages/torch/__pycache__/_tensor_str.cpython-310.pyc", O_RDONLY|O_CLOEXEC) = 17</home/szu2070436088/.conda/envs/CVS-RFFI/lib/python3.10/site-packages/torch/__pycache__/_tensor_str.cpython-310.pyc>
1890493 openat(AT_FDCWD</home/szu2070436088/2510044040/CV-SincNet>, "/home/szu2070436088/.conda/envs/CVS-RFFI/lib/python3.10/__pycache__/dataclasses.cpython-310.pyc", O_RDONLY|O_CLOEXEC) = 17</home/szu2070436088/.conda/envs/CVS-RFFI/lib/python3.10/__pycache__/dataclasses.cpython-310.pyc>
1890493 openat(AT_FDCWD</home/szu2070436088/2510044040/CV-SincNet>, "/home/szu2070436088/.conda/envs/CVS-RFFI/lib/python3.10/site-packages/torch/amp/__pycache__/__init__.cpython-310.pyc", O_RDONLY|O_CLOEXEC) = 17</home/szu2070436088/.conda/envs/CVS-RFFI/lib/python3.10/site-packages/torch/amp/__pycache__/__init__.cpython-310.pyc>
1890493 openat(AT_FDCWD</home/szu2070436088/2510044040/CV-SincNet>, "/home/szu2070436088/.conda/envs/CVS-RFFI/lib/python3.10/site-packages/torch/amp", O_RDONLY|O_NONBLOCK|O_CLOEXEC|O_DIRECTORY) = 17</home/szu2070436088/.conda/envs/CVS-RFFI/lib/python3.10/site-packages/torch/amp>
1890493 openat(AT_FDCWD</home/szu2070436088/2510044040/CV-SincNet>, "/home/szu2070436088/.conda/envs/CVS-RFFI/lib/python3.10/site-packages/torch/amp/__pycache__/autocast_mode.cpython-310.pyc", O_RDONLY|O_CLOEXEC) = 17</home/szu2070436088/.conda/envs/CVS-RFFI/lib/python3.10/site-packages/torch/amp/__pycache__/autocast_mode.cpython-310.pyc>
1890493 openat(AT_FDCWD</home/szu2070436088/2510044040/CV-SincNet>, "/home/szu2070436088/.conda/envs/CVS-RFFI/lib/python3.10/site-packages/torch/cuda/__pycache__/__init__.cpython-310.pyc", O_RDONLY|O_CLOEXEC) = 17</home/szu2070436088/.conda/envs/CVS-RFFI/lib/python3.10/site-packages/torch/cuda/__pycache__/__init__.cpython-310.pyc>
1890493 openat(AT_FDCWD</home/szu2070436088/2510044040/CV-SincNet>, "/home/szu2070436088/.conda/envs/CVS-RFFI/lib/python3.10/site-packages/torch/cuda", O_RDONLY|O_NONBLOCK|O_CLOEXEC|O_DIRECTORY) = 17</home/szu2070436088/.conda/envs/CVS-RFFI/lib/python3.10/site-packages/torch/cuda>
1890493 openat(AT_FDCWD</home/szu2070436088/2510044040/CV-SincNet>, "/home/szu2070436088/.conda/envs/CVS-RFFI/lib/python3.10/site-packages/torch/cuda/__pycache__/_utils.cpython-310.pyc", O_RDONLY|O_CLOEXEC) = 17</home/szu2070436088/.conda/envs/CVS-RFFI/lib/python3.10/site-packages/torch/cuda/__pycache__/_utils.cpython-310.pyc>
1890493 openat(AT_FDCWD</home/szu2070436088/2510044040/CV-SincNet>, "/home/szu2070436088/.conda/envs/CVS-RFFI/lib/python3.10/site-packages/torch/cuda/__pycache__/graphs.cpython-310.pyc", O_RDONLY|O_CLOEXEC) = 17</home/szu2070436088/.conda/envs/CVS-RFFI/lib/python3.10/site-packages/torch/cuda/__pycache__/graphs.cpython-310.pyc>
1890493 openat(AT_FDCWD</home/szu2070436088/2510044040/CV-SincNet>, "/home/szu2070436088/.conda/envs/CVS-RFFI/lib/python3.10/site-packages/torch/utils/__pycache__/_pytree.cpython-310.pyc", O_RDONLY|O_CLOEXEC) = 17</home/szu2070436088/.conda/envs/CVS-RFFI/lib/python3.10/site-packages/torch/utils/__pycache__/_pytree.cpython-310.pyc>
1890493 openat(AT_FDCWD</home/szu2070436088/2510044040/CV-SincNet>, "/home/szu2070436088/.conda/envs/CVS-RFFI/lib/python3.10/site-packages/torch/cuda/__pycache__/streams.cpython-310.pyc", O_RDONLY|O_CLOEXEC) = 17</home/szu2070436088/.conda/envs/CVS-RFFI/lib/python3.10/site-packages/torch/cuda/__pycache__/streams.cpython-310.pyc>
1890493 openat(AT_FDCWD</home/szu2070436088/2510044040/CV-SincNet>, "/home/szu2070436088/.conda/envs/CVS-RFFI/lib/python3.10/site-packages/torch/cuda/__init__.py", O_RDONLY|O_CLOEXEC) = 17</home/szu2070436088/.conda/envs/CVS-RFFI/lib/python3.10/site-packages/torch/cuda/__init__.py>
1890493 openat(AT_FDCWD</home/szu2070436088/2510044040/CV-SincNet>, "/home/szu2070436088/.conda/envs/CVS-RFFI/lib/python3.10/site-packages/torch/__init__.py", O_RDONLY|O_CLOEXEC) = 17</home/szu2070436088/.conda/envs/CVS-RFFI/lib/python3.10/site-packages/torch/__init__.py>
1890493 openat(AT_FDCWD</home/szu2070436088/2510044040/CV-SincNet>, "/home/szu2070436088/2510044040/CV-SincNet/runs/qknn_ground_effective8_r16_e12_leoonly_20260715_v14/runtime_artifacts_strict_v10/runtime_closure/runtime/scripts/run_cvs_stage2_predictor.py", O_RDONLY|O_CLOEXEC) = 17</home/szu2070436088/2510044040/CV-SincNet/runs/qknn_ground_effective8_r16_e12_leoonly_20260715_v14/runtime_artifacts_strict_v10/runtime_closure/runtime/scripts/run_cvs_stage2_predictor.py>
1890493 openat(AT_FDCWD</home/szu2070436088/2510044040/CV-SincNet>, "/home/szu2070436088/.conda/envs/CVS-RFFI/lib/python3.10/site-packages/torch/cuda/__pycache__/memory.cpython-310.pyc", O_RDONLY|O_CLOEXEC) = 17</home/szu2070436088/.conda/envs/CVS-RFFI/lib/python3.10/site-packages/torch/cuda/__pycache__/memory.cpython-310.pyc>
1890493 openat(AT_FDCWD</home/szu2070436088/2510044040/CV-SincNet>, "/home/szu2070436088/.conda/envs/CVS-RFFI/lib/python3.10/site-packages/torch/cuda/__pycache__/_memory_viz.cpython-310.pyc", O_RDONLY|O_CLOEXEC) = 17</home/szu2070436088/.conda/envs/CVS-RFFI/lib/python3.10/site-packages/torch/cuda/__pycache__/_memory_viz.cpython-310.pyc>
1890493 openat(AT_FDCWD</home/szu2070436088/2510044040/CV-SincNet>, "/home/szu2070436088/.conda/envs/CVS-RFFI/lib/python3.10/__pycache__/base64.cpython-310.pyc", O_RDONLY|O_CLOEXEC) = 17</home/szu2070436088/.conda/envs/CVS-RFFI/lib/python3.10/__pycache__/base64.cpython-310.pyc>
1890493 openat(AT_FDCWD</home/szu2070436088/2510044040/CV-SincNet>, "/home/szu2070436088/.conda/envs/CVS-RFFI/lib/python3.10/lib-dynload/binascii.cpython-310-x86_64-linux-gnu.so", O_RDONLY|O_CLOEXEC) = 17</home/szu2070436088/.conda/envs/CVS-RFFI/lib/python3.10/lib-dynload/binascii.cpython-310-x86_64-linux-gnu.so>
1890493 openat(AT_FDCWD</home/szu2070436088/2510044040/CV-SincNet>, "/home/szu2070436088/.conda/envs/CVS-RFFI/lib/python3.10/site-packages/torch/cuda/__pycache__/random.cpython-310.pyc", O_RDONLY|O_CLOEXEC) = 17</home/szu2070436088/.conda/envs/CVS-RFFI/lib/python3.10/site-packages/torch/cuda/__pycache__/random.cpython-310.pyc>
1890493 openat(AT_FDCWD</home/szu2070436088/2510044040/CV-SincNet>, "/home/szu2070436088/.conda/envs/CVS-RFFI/lib/python3.10/site-packages/torch/cuda/amp/__pycache__/__init__.cpython-310.pyc", O_RDONLY|O_CLOEXEC) = 17</home/szu2070436088/.conda/envs/CVS-RFFI/lib/python3.10/site-packages/torch/cuda/amp/__pycache__/__init__.cpython-310.pyc>
1890493 openat(AT_FDCWD</home/szu2070436088/2510044040/CV-SincNet>, "/home/szu2070436088/.conda/envs/CVS-RFFI/lib/python3.10/site-packages/torch/cuda/amp", O_RDONLY|O_NONBLOCK|O_CLOEXEC|O_DIRECTORY) = 17</home/szu2070436088/.conda/envs/CVS-RFFI/lib/python3.10/site-packages/torch/cuda/amp>
1890493 openat(AT_FDCWD</home/szu2070436088/2510044040/CV-SincNet>, "/home/szu2070436088/.conda/envs/CVS-RFFI/lib/python3.10/site-packages/torch/cuda/amp/__pycache__/autocast_mode.cpython-310.pyc", O_RDONLY|O_CLOEXEC) = 17</home/szu2070436088/.conda/envs/CVS-RFFI/lib/python3.10/site-packages/torch/cuda/amp/__pycache__/autocast_mode.cpython-310.pyc>
1890493 openat(AT_FDCWD</home/szu2070436088/2510044040/CV-SincNet>, "/home/szu2070436088/.conda/envs/CVS-RFFI/lib/python3.10/site-packages/torch/cuda/amp/__pycache__/grad_scaler.cpython-310.pyc", O_RDONLY|O_CLOEXEC) = 17</home/szu2070436088/.conda/envs/CVS-RFFI/lib/python3.10/site-packages/torch/cuda/amp/__pycache__/grad_scaler.cpython-310.pyc>
1890493 openat(AT_FDCWD</home/szu2070436088/2510044040/CV-SincNet>, "/home/szu2070436088/.conda/envs/CVS-RFFI/lib/python3.10/site-packages/torch/cuda/amp/__pycache__/common.cpython-310.pyc", O_RDONLY|O_CLOEXEC) = 17</home/szu2070436088/.conda/envs/CVS-RFFI/lib/python3.10/site-packages/torch/cuda/amp/__pycache__/common.cpython-310.pyc>
1890493 openat(AT_FDCWD</home/szu2070436088/2510044040/CV-SincNet>, "/home/szu2070436088/.conda/envs/CVS-RFFI/lib/python3.10/importlib/__pycache__/util.cpython-310.pyc", O_RDONLY|O_CLOEXEC) = 17</home/szu2070436088/.conda/envs/CVS-RFFI/lib/python3.10/importlib/__pycache__/util.cpython-310.pyc>
1890493 openat(AT_FDCWD</home/szu2070436088/2510044040/CV-SincNet>, "/home/szu2070436088/.conda/envs/CVS-RFFI/lib/python3.10/importlib/__pycache__/_abc.cpython-310.pyc", O_RDONLY|O_CLOEXEC) = 17</home/szu2070436088/.conda/envs/CVS-RFFI/lib/python3.10/importlib/__pycache__/_abc.cpython-310.pyc>
1890493 openat(AT_FDCWD</home/szu2070436088/2510044040/CV-SincNet>, "/home/szu2070436088/.conda/envs/CVS-RFFI/lib/python3.10/site-packages/torch/cuda/__pycache__/jiterator.cpython-310.pyc", O_RDONLY|O_CLOEXEC) = 17</home/szu2070436088/.conda/envs/CVS-RFFI/lib/python3.10/site-packages/torch/cuda/__pycache__/jiterator.cpython-310.pyc>
1890493 openat(AT_FDCWD</home/szu2070436088/2510044040/CV-SincNet>, "/home/szu2070436088/.conda/envs/CVS-RFFI/lib/python3.10/site-packages/torch/cuda/__pycache__/nvtx.cpython-310.pyc", O_RDONLY|O_CLOEXEC) = 17</home/szu2070436088/.conda/envs/CVS-RFFI/lib/python3.10/site-packages/torch/cuda/__pycache__/nvtx.cpython-310.pyc>
1890493 openat(AT_FDCWD</home/szu2070436088/2510044040/CV-SincNet>, "/home/szu2070436088/.conda/envs/CVS-RFFI/lib/python3.10/site-packages/torch/cuda/__pycache__/profiler.cpython-310.pyc", O_RDONLY|O_CLOEXEC) = 17</home/szu2070436088/.conda/envs/CVS-RFFI/lib/python3.10/site-packages/torch/cuda/__pycache__/profiler.cpython-310.pyc>
1890493 openat(AT_FDCWD</home/szu2070436088/2510044040/CV-SincNet>, "/home/szu2070436088/.conda/envs/CVS-RFFI/lib/python3.10/site-packages/torch/cuda/__pycache__/sparse.cpython-310.pyc", O_RDONLY|O_CLOEXEC) = 17</home/szu2070436088/.conda/envs/CVS-RFFI/lib/python3.10/site-packages/torch/cuda/__pycache__/sparse.cpython-310.pyc>
1890493 openat(AT_FDCWD</home/szu2070436088/2510044040/CV-SincNet>, "/home/szu2070436088/.conda/envs/CVS-RFFI/lib/python3.10/site-packages/torch/sparse/__pycache__/__init__.cpython-310.pyc", O_RDONLY|O_CLOEXEC) = 17</home/szu2070436088/.conda/envs/CVS-RFFI/lib/python3.10/site-packages/torch/sparse/__pycache__/__init__.cpython-310.pyc>
1890493 openat(AT_FDCWD</home/szu2070436088/2510044040/CV-SincNet>, "/home/szu2070436088/.conda/envs/CVS-RFFI/lib/python3.10/site-packages/torch/sparse", O_RDONLY|O_NONBLOCK|O_CLOEXEC|O_DIRECTORY) = 17</home/szu2070436088/.conda/envs/CVS-RFFI/lib/python3.10/site-packages/torch/sparse>
1890493 openat(AT_FDCWD</home/szu2070436088/2510044040/CV-SincNet>, "/home/szu2070436088/.conda/envs/CVS-RFFI/lib/python3.10/site-packages/torch/sparse/__pycache__/semi_structured.cpython-310.pyc", O_RDONLY|O_CLOEXEC) = 17</home/szu2070436088/.conda/envs/CVS-RFFI/lib/python3.10/site-packages/torch/sparse/__pycache__/semi_structured.cpython-310.pyc>
1890493 openat(AT_FDCWD</home/szu2070436088/2510044040/CV-SincNet>, "/home/szu2070436088/.conda/envs/CVS-RFFI/lib/python3.10/site-packages/torch/__pycache__/_compile.cpython-310.pyc", O_RDONLY|O_CLOEXEC) = 17</home/szu2070436088/.conda/envs/CVS-RFFI/lib/python3.10/site-packages/torch/__pycache__/_compile.cpython-310.pyc>
1890493 openat(AT_FDCWD</home/szu2070436088/2510044040/CV-SincNet>, "/home/szu2070436088/.conda/envs/CVS-RFFI/lib/python3.10/site-packages/torch/__pycache__/functional.cpython-310.pyc", O_RDONLY|O_CLOEXEC) = 17</home/szu2070436088/.conda/envs/CVS-RFFI/lib/python3.10/site-packages/torch/__pycache__/functional.cpython-310.pyc>
1890493 openat(AT_FDCWD</home/szu2070436088/2510044040/CV-SincNet>, "/home/szu2070436088/.conda/envs/CVS-RFFI/lib/python3.10/site-packages/torch/nn/__pycache__/__init__.cpython-310.pyc", O_RDONLY|O_CLOEXEC) = 17</home/szu2070436088/.conda/envs/CVS-RFFI/lib/python3.10/site-packages/torch/nn/__pycache__/__init__.cpython-310.pyc>
1890493 openat(AT_FDCWD</home/szu2070436088/2510044040/CV-SincNet>, "/home/szu2070436088/.conda/envs/CVS-RFFI/lib/python3.10/site-packages/torch/nn", O_RDONLY|O_NONBLOCK|O_CLOEXEC|O_DIRECTORY) = 17</home/szu2070436088/.conda/envs/CVS-RFFI/lib/python3.10/site-packages/torch/nn>
1890493 openat(AT_FDCWD</home/szu2070436088/2510044040/CV-SincNet>, "/home/szu2070436088/.conda/envs/CVS-RFFI/lib/python3.10/site-packages/torch/nn/modules/__pycache__/__init__.cpython-310.pyc", O_RDONLY|O_CLOEXEC) = 17</home/szu2070436088/.conda/envs/CVS-RFFI/lib/python3.10/site-packages/torch/nn/modules/__pycache__/__init__.cpython-310.pyc>
1890493 openat(AT_FDCWD</home/szu2070436088/2510044040/CV-SincNet>, "/home/szu2070436088/.conda/envs/CVS-RFFI/lib/python3.10/site-packages/torch/nn/modules", O_RDONLY|O_NONBLOCK|O_CLOEXEC|O_DIRECTORY) = 17</home/szu2070436088/.conda/envs/CVS-RFFI/lib/python3.10/site-packages/torch/nn/modules>
1890493 openat(AT_FDCWD</home/szu2070436088/2510044040/CV-SincNet>, "/home/szu2070436088/.conda/envs/CVS-RFFI/lib/python3.10/site-packages/torch/nn/modules/__pycache__/module.cpython-310.pyc", O_RDONLY|O_CLOEXEC) = 17</home/szu2070436088/.conda/envs/CVS-RFFI/lib/python3.10/site-packages/torch/nn/modules/__pycache__/module.cpython-310.pyc>
1890493 openat(AT_FDCWD</home/szu2070436088/2510044040/CV-SincNet>, "/home/szu2070436088/.conda/envs/CVS-RFFI/lib/python3.10/site-packages/torch/nn/__pycache__/parameter.cpython-310.pyc", O_RDONLY|O_CLOEXEC) = 17</home/szu2070436088/.conda/envs/CVS-RFFI/lib/python3.10/site-packages/torch/nn/__pycache__/parameter.cpython-310.pyc>
1890493 openat(AT_FDCWD</home/szu2070436088/2510044040/CV-SincNet>, "/home/szu2070436088/.conda/envs/CVS-RFFI/lib/python3.10/site-packages/torch/nn/modules/__pycache__/linear.cpython-310.pyc", O_RDONLY|O_CLOEXEC) = 17</home/szu2070436088/.conda/envs/CVS-RFFI/lib/python3.10/site-packages/torch/nn/modules/__pycache__/linear.cpython-310.pyc>
1890493 openat(AT_FDCWD</home/szu2070436088/2510044040/CV-SincNet>, "/home/szu2070436088/.conda/envs/CVS-RFFI/lib/python3.10/site-packages/torch/nn/__pycache__/functional.cpython-310.pyc", O_RDONLY|O_CLOEXEC) = 17</home/szu2070436088/.conda/envs/CVS-RFFI/lib/python3.10/site-packages/torch/nn/__pycache__/functional.cpython-310.pyc>
1890493 openat(AT_FDCWD</home/szu2070436088/2510044040/CV-SincNet>, "/home/szu2070436088/.conda/envs/CVS-RFFI/lib/python3.10/site-packages/torch/__pycache__/_VF.cpython-310.pyc", O_RDONLY|O_CLOEXEC) = 17</home/szu2070436088/.conda/envs/CVS-RFFI/lib/python3.10/site-packages/torch/__pycache__/_VF.cpython-310.pyc>
1890493 openat(AT_FDCWD</home/szu2070436088/2510044040/CV-SincNet>, "/home/szu2070436088/.conda/envs/CVS-RFFI/lib/python3.10/site-packages/torch/__pycache__/_torch_docs.cpython-310.pyc", O_RDONLY|O_CLOEXEC) = 17</home/szu2070436088/.conda/envs/CVS-RFFI/lib/python3.10/site-packages/torch/__pycache__/_torch_docs.cpython-310.pyc>
1890493 openat(AT_FDCWD</home/szu2070436088/2510044040/CV-SincNet>, "/home/szu2070436088/.conda/envs/CVS-RFFI/lib/python3.10/site-packages/torch/__pycache__/_jit_internal.cpython-310.pyc", O_RDONLY|O_CLOEXEC) = 17</home/szu2070436088/.conda/envs/CVS-RFFI/lib/python3.10/site-packages/torch/__pycache__/_jit_internal.cpython-310.pyc>
1890493 openat(AT_FDCWD</home/szu2070436088/2510044040/CV-SincNet>, "/home/szu2070436088/.conda/envs/CVS-RFFI/lib/python3.10/site-packages/torch/distributed/__pycache__/__init__.cpython-310.pyc", O_RDONLY|O_CLOEXEC) = 17</home/szu2070436088/.conda/envs/CVS-RFFI/lib/python3.10/site-packages/torch/distributed/__pycache__/__init__.cpython-310.pyc>
1890493 openat(AT_FDCWD</home/szu2070436088/2510044040/CV-SincNet>, "/home/szu2070436088/.conda/envs/CVS-RFFI/lib/python3.10/site-packages/torch/distributed", O_RDONLY|O_NONBLOCK|O_CLOEXEC|O_DIRECTORY) = 17</home/szu2070436088/.conda/envs/CVS-RFFI/lib/python3.10/site-packages/torch/distributed>
1890493 openat(AT_FDCWD</home/szu2070436088/2510044040/CV-SincNet>, "/home/szu2070436088/.conda/envs/CVS-RFFI/lib/python3.10/site-packages/torch/distributed/__pycache__/distributed_c10d.cpython-310.pyc", O_RDONLY|O_CLOEXEC) = 17</home/szu2070436088/.conda/envs/CVS-RFFI/lib/python3.10/site-packages/torch/distributed/__pycache__/distributed_c10d.cpython-310.pyc>
1890493 openat(AT_FDCWD</home/szu2070436088/2510044040/CV-SincNet>, "/home/szu2070436088/.conda/envs/CVS-RFFI/lib/python3.10/__pycache__/hashlib.cpython-310.pyc", O_RDONLY|O_CLOEXEC) = 17</home/szu2070436088/.conda/envs/CVS-RFFI/lib/python3.10/__pycache__/hashlib.cpython-310.pyc>
1890493 openat(AT_FDCWD</home/szu2070436088/2510044040/CV-SincNet>, "/home/szu2070436088/.conda/envs/CVS-RFFI/lib/python3.10/lib-dynload/_hashlib.cpython-310-x86_64-linux-gnu.so", O_RDONLY|O_CLOEXEC) = 17</home/szu2070436088/.conda/envs/CVS-RFFI/lib/python3.10/lib-dynload/_hashlib.cpython-310-x86_64-linux-gnu.so>
1890493 openat(AT_FDCWD</home/szu2070436088/2510044040/CV-SincNet>, "/home/szu2070436088/.conda/envs/CVS-RFFI/lib/python3.10/lib-dynload/../../libcrypto.so.3", O_RDONLY|O_CLOEXEC) = 17</home/szu2070436088/.conda/envs/CVS-RFFI/lib/libcrypto.so.3>
1890493 openat(AT_FDCWD</home/szu2070436088/2510044040/CV-SincNet>, "/home/szu2070436088/.conda/envs/CVS-RFFI/ssl/openssl.cnf", O_RDONLY) = 17</home/szu2070436088/.conda/envs/CVS-RFFI/ssl/openssl.cnf>
1890493 openat(AT_FDCWD</home/szu2070436088/2510044040/CV-SincNet>, "/home/szu2070436088/.conda/envs/CVS-RFFI/lib/python3.10/lib-dynload/_blake2.cpython-310-x86_64-linux-gnu.so", O_RDONLY|O_CLOEXEC) = 17</home/szu2070436088/.conda/envs/CVS-RFFI/lib/python3.10/lib-dynload/_blake2.cpython-310-x86_64-linux-gnu.so>
1890493 openat(AT_FDCWD</home/szu2070436088/2510044040/CV-SincNet>, "/home/szu2070436088/.conda/envs/CVS-RFFI/lib/python3.10/site-packages/torch/distributed/__pycache__/constants.cpython-310.pyc", O_RDONLY|O_CLOEXEC) = 17</home/szu2070436088/.conda/envs/CVS-RFFI/lib/python3.10/site-packages/torch/distributed/__pycache__/constants.cpython-310.pyc>
1890493 openat(AT_FDCWD</home/szu2070436088/2510044040/CV-SincNet>, "/home/szu2070436088/.conda/envs/CVS-RFFI/lib/python3.10/site-packages/torch/distributed/__pycache__/c10d_logger.cpython-310.pyc", O_RDONLY|O_CLOEXEC) = 17</home/szu2070436088/.conda/envs/CVS-RFFI/lib/python3.10/site-packages/torch/distributed/__pycache__/c10d_logger.cpython-310.pyc>
1890493 openat(AT_FDCWD</home/szu2070436088/2510044040/CV-SincNet>, "/home/szu2070436088/.conda/envs/CVS-RFFI/lib/python3.10/site-packages/torch/distributed/__pycache__/logging_handlers.cpython-310.pyc", O_RDONLY|O_CLOEXEC) = 17</home/szu2070436088/.conda/envs/CVS-RFFI/lib/python3.10/site-packages/torch/distributed/__pycache__/logging_handlers.cpython-310.pyc>
1890493 openat(AT_FDCWD</home/szu2070436088/2510044040/CV-SincNet>, "/home/szu2070436088/.conda/envs/CVS-RFFI/lib/python3.10/site-packages/torch/distributed/__pycache__/rendezvous.cpython-310.pyc", O_RDONLY|O_CLOEXEC) = 17</home/szu2070436088/.conda/envs/CVS-RFFI/lib/python3.10/site-packages/torch/distributed/__pycache__/rendezvous.cpython-310.pyc>
1890493 openat(AT_FDCWD</home/szu2070436088/2510044040/CV-SincNet>, "/home/szu2070436088/.conda/envs/CVS-RFFI/lib/python3.10/site-packages/torch/distributed/__pycache__/remote_device.cpython-310.pyc", O_RDONLY|O_CLOEXEC) = 17</home/szu2070436088/.conda/envs/CVS-RFFI/lib/python3.10/site-packages/torch/distributed/__pycache__/remote_device.cpython-310.pyc>
1890493 openat(AT_FDCWD</home/szu2070436088/2510044040/CV-SincNet>, "/home/szu2070436088/.conda/envs/CVS-RFFI/lib/python3.10/site-packages/torch/distributed/rpc/__pycache__/__init__.cpython-310.pyc", O_RDONLY|O_CLOEXEC) = 17</home/szu2070436088/.conda/envs/CVS-RFFI/lib/python3.10/site-packages/torch/distributed/rpc/__pycache__/__init__.cpython-310.pyc>
1890493 openat(AT_FDCWD</home/szu2070436088/2510044040/CV-SincNet>, "/home/szu2070436088/.conda/envs/CVS-RFFI/lib/python3.10/site-packages/torch/distributed/rpc", O_RDONLY|O_NONBLOCK|O_CLOEXEC|O_DIRECTORY) = 17</home/szu2070436088/.conda/envs/CVS-RFFI/lib/python3.10/site-packages/torch/distributed/rpc>
1890493 openat(AT_FDCWD</home/szu2070436088/2510044040/CV-SincNet>, "/home/szu2070436088/.conda/envs/CVS-RFFI/lib/python3.10/site-packages/torch/distributed/rpc/__pycache__/api.cpython-310.pyc", O_RDONLY|O_CLOEXEC) = 17</home/szu2070436088/.conda/envs/CVS-RFFI/lib/python3.10/site-packages/torch/distributed/rpc/__pycache__/api.cpython-310.pyc>
1890493 openat(AT_FDCWD</home/szu2070436088/2510044040/CV-SincNet>, "/home/szu2070436088/.conda/envs/CVS-RFFI/lib/python3.10/site-packages/torch/futures/__pycache__/__init__.cpython-310.pyc", O_RDONLY|O_CLOEXEC) = 17</home/szu2070436088/.conda/envs/CVS-RFFI/lib/python3.10/site-packages/torch/futures/__pycache__/__init__.cpython-310.pyc>
1890493 openat(AT_FDCWD</home/szu2070436088/2510044040/CV-SincNet>, "/home/szu2070436088/.conda/envs/CVS-RFFI/lib/python3.10/site-packages/torch/distributed/rpc/__pycache__/internal.cpython-310.pyc", O_RDONLY|O_CLOEXEC) = 17</home/szu2070436088/.conda/envs/CVS-RFFI/lib/python3.10/site-packages/torch/distributed/rpc/__pycache__/internal.cpython-310.pyc>
1890493 openat(AT_FDCWD</home/szu2070436088/2510044040/CV-SincNet>, "/home/szu2070436088/.conda/envs/CVS-RFFI/lib/python3.10/site-packages/torch/distributed/rpc/__pycache__/constants.cpython-310.pyc", O_RDONLY|O_CLOEXEC) = 17</home/szu2070436088/.conda/envs/CVS-RFFI/lib/python3.10/site-packages/torch/distributed/rpc/__pycache__/constants.cpython-310.pyc>
1890493 openat(AT_FDCWD</home/szu2070436088/2510044040/CV-SincNet>, "/home/szu2070436088/.conda/envs/CVS-RFFI/lib/python3.10/site-packages/torch/distributed/rpc/__pycache__/_utils.cpython-310.pyc", O_RDONLY|O_CLOEXEC) = 17</home/szu2070436088/.conda/envs/CVS-RFFI/lib/python3.10/site-packages/torch/distributed/rpc/__pycache__/_utils.cpython-310.pyc>
1890493 openat(AT_FDCWD</home/szu2070436088/2510044040/CV-SincNet>, "/home/szu2070436088/.conda/envs/CVS-RFFI/lib/python3.10/site-packages/torch/distributed/rpc/__pycache__/backend_registry.cpython-310.pyc", O_RDONLY|O_CLOEXEC) = 17</home/szu2070436088/.conda/envs/CVS-RFFI/lib/python3.10/site-packages/torch/distributed/rpc/__pycache__/backend_registry.cpython-310.pyc>
1890493 openat(AT_FDCWD</home/szu2070436088/2510044040/CV-SincNet>, "/home/szu2070436088/.conda/envs/CVS-RFFI/lib/python3.10/site-packages/torch/distributed/rpc/__pycache__/functions.cpython-310.pyc", O_RDONLY|O_CLOEXEC) = 17</home/szu2070436088/.conda/envs/CVS-RFFI/lib/python3.10/site-packages/torch/distributed/rpc/__pycache__/functions.cpython-310.pyc>
1890493 openat(AT_FDCWD</home/szu2070436088/2510044040/CV-SincNet>, "/home/szu2070436088/.conda/envs/CVS-RFFI/lib/python3.10/site-packages/torch/distributed/autograd/__pycache__/__init__.cpython-310.pyc", O_RDONLY|O_CLOEXEC) = 17</home/szu2070436088/.conda/envs/CVS-RFFI/lib/python3.10/site-packages/torch/distributed/autograd/__pycache__/__init__.cpython-310.pyc>
1890493 openat(AT_FDCWD</home/szu2070436088/2510044040/CV-SincNet>, "/home/szu2070436088/.conda/envs/CVS-RFFI/lib/python3.10/site-packages/torch/distributed/rpc/__pycache__/options.cpython-310.pyc", O_RDONLY|O_CLOEXEC) = 17</home/szu2070436088/.conda/envs/CVS-RFFI/lib/python3.10/site-packages/torch/distributed/rpc/__pycache__/options.cpython-310.pyc>
1890493 openat(AT_FDCWD</home/szu2070436088/2510044040/CV-SincNet>, "/home/szu2070436088/.conda/envs/CVS-RFFI/lib/python3.10/site-packages/torch/distributed/rpc/__pycache__/server_process_global_profiler.cpython-310.pyc", O_RDONLY|O_CLOEXEC) = 17</home/szu2070436088/.conda/envs/CVS-RFFI/lib/python3.10/site-packages/torch/distributed/rpc/__pycache__/server_process_global_profiler.cpython-310.pyc>
1890493 openat(AT_FDCWD</home/szu2070436088/2510044040/CV-SincNet>, "/home/szu2070436088/.conda/envs/CVS-RFFI/lib/python3.10/site-packages/torch/autograd/__pycache__/__init__.cpython-310.pyc", O_RDONLY|O_CLOEXEC) = 17</home/szu2070436088/.conda/envs/CVS-RFFI/lib/python3.10/site-packages/torch/autograd/__pycache__/__init__.cpython-310.pyc>
1890493 openat(AT_FDCWD</home/szu2070436088/2510044040/CV-SincNet>, "/home/szu2070436088/.conda/envs/CVS-RFFI/lib/python3.10/site-packages/torch/__pycache__/_vmap_internals.cpython-310.pyc", O_RDONLY|O_CLOEXEC) = 17</home/szu2070436088/.conda/envs/CVS-RFFI/lib/python3.10/site-packages/torch/__pycache__/_vmap_internals.cpython-310.pyc>
1890493 openat(AT_FDCWD</home/szu2070436088/2510044040/CV-SincNet>, "/home/szu2070436088/.conda/envs/CVS-RFFI/lib/python3.10/site-packages/torch/autograd", O_RDONLY|O_NONBLOCK|O_CLOEXEC|O_DIRECTORY) = 17</home/szu2070436088/.conda/envs/CVS-RFFI/lib/python3.10/site-packages/torch/autograd>
1890493 openat(AT_FDCWD</home/szu2070436088/2510044040/CV-SincNet>, "/home/szu2070436088/.conda/envs/CVS-RFFI/lib/python3.10/site-packages/torch/autograd/__pycache__/forward_ad.cpython-310.pyc", O_RDONLY|O_CLOEXEC) = 17</home/szu2070436088/.conda/envs/CVS-RFFI/lib/python3.10/site-packages/torch/autograd/__pycache__/forward_ad.cpython-310.pyc>
1890493 openat(AT_FDCWD</home/szu2070436088/2510044040/CV-SincNet>, "/home/szu2070436088/.conda/envs/CVS-RFFI/lib/python3.10/site-packages/torch/autograd/__pycache__/grad_mode.cpython-310.pyc", O_RDONLY|O_CLOEXEC) = 17</home/szu2070436088/.conda/envs/CVS-RFFI/lib/python3.10/site-packages/torch/autograd/__pycache__/grad_mode.cpython-310.pyc>
1890493 openat(AT_FDCWD</home/szu2070436088/2510044040/CV-SincNet>, "/home/szu2070436088/.conda/envs/CVS-RFFI/lib/python3.10/site-packages/torch/utils/__pycache__/_contextlib.cpython-310.pyc", O_RDONLY|O_CLOEXEC) = 17</home/szu2070436088/.conda/envs/CVS-RFFI/lib/python3.10/site-packages/torch/utils/__pycache__/_contextlib.cpython-310.pyc>
1890493 openat(AT_FDCWD</home/szu2070436088/2510044040/CV-SincNet>, "/home/szu2070436088/.conda/envs/CVS-RFFI/lib/python3.10/site-packages/torch/autograd/__pycache__/functional.cpython-310.pyc", O_RDONLY|O_CLOEXEC) = 17</home/szu2070436088/.conda/envs/CVS-RFFI/lib/python3.10/site-packages/torch/autograd/__pycache__/functional.cpython-310.pyc>
1890493 openat(AT_FDCWD</home/szu2070436088/2510044040/CV-SincNet>, "/home/szu2070436088/.conda/envs/CVS-RFFI/lib/python3.10/site-packages/torch/autograd/__pycache__/graph.cpython-310.pyc", O_RDONLY|O_CLOEXEC) = 17</home/szu2070436088/.conda/envs/CVS-RFFI/lib/python3.10/site-packages/torch/autograd/__pycache__/graph.cpython-310.pyc>
1890493 openat(AT_FDCWD</home/szu2070436088/2510044040/CV-SincNet>, "/home/szu2070436088/.conda/envs/CVS-RFFI/lib/python3.10/site-packages/torch/utils/__pycache__/_python_dispatch.cpython-310.pyc", O_RDONLY|O_CLOEXEC) = 17</home/szu2070436088/.conda/envs/CVS-RFFI/lib/python3.10/site-packages/torch/utils/__pycache__/_python_dispatch.cpython-310.pyc>
1890493 openat(AT_FDCWD</home/szu2070436088/2510044040/CV-SincNet>, "/home/szu2070436088/.conda/envs/CVS-RFFI/lib/python3.10/site-packages/torch/autograd/__pycache__/anomaly_mode.cpython-310.pyc", O_RDONLY|O_CLOEXEC) = 17</home/szu2070436088/.conda/envs/CVS-RFFI/lib/python3.10/site-packages/torch/autograd/__pycache__/anomaly_mode.cpython-310.pyc>
1890493 openat(AT_FDCWD</home/szu2070436088/2510044040/CV-SincNet>, "/home/szu2070436088/.conda/envs/CVS-RFFI/lib/python3.10/site-packages/torch/autograd/__pycache__/function.cpython-310.pyc", O_RDONLY|O_CLOEXEC) = 17</home/szu2070436088/.conda/envs/CVS-RFFI/lib/python3.10/site-packages/torch/autograd/__pycache__/function.cpython-310.pyc>
1890493 openat(AT_FDCWD</home/szu2070436088/2510044040/CV-SincNet>, "/home/szu2070436088/.conda/envs/CVS-RFFI/lib/python3.10/site-packages/torch/_functorch/__pycache__/__init__.cpython-310.pyc", O_RDONLY|O_CLOEXEC) = 17</home/szu2070436088/.conda/envs/CVS-RFFI/lib/python3.10/site-packages/torch/_functorch/__pycache__/__init__.cpython-310.pyc>
1890493 openat(AT_FDCWD</home/szu2070436088/2510044040/CV-SincNet>, "/home/szu2070436088/.conda/envs/CVS-RFFI/lib/python3.10/site-packages/torch/_functorch", O_RDONLY|O_NONBLOCK|O_CLOEXEC|O_DIRECTORY) = 17</home/szu2070436088/.conda/envs/CVS-RFFI/lib/python3.10/site-packages/torch/_functorch>
1890493 openat(AT_FDCWD</home/szu2070436088/2510044040/CV-SincNet>, "/home/szu2070436088/.conda/envs/CVS-RFFI/lib/python3.10/site-packages/torch/_functorch/__pycache__/autograd_function.cpython-310.pyc", O_RDONLY|O_CLOEXEC) = 17</home/szu2070436088/.conda/envs/CVS-RFFI/lib/python3.10/site-packages/torch/_functorch/__pycache__/autograd_function.cpython-310.pyc>
1890493 openat(AT_FDCWD</home/szu2070436088/2510044040/CV-SincNet>, "/home/szu2070436088/.conda/envs/CVS-RFFI/lib/python3.10/site-packages/torch/__pycache__/_ops.cpython-310.pyc", O_RDONLY|O_CLOEXEC) = 17</home/szu2070436088/.conda/envs/CVS-RFFI/lib/python3.10/site-packages/torch/__pycache__/_ops.cpython-310.pyc>
1890493 openat(AT_FDCWD</home/szu2070436088/2510044040/CV-SincNet>, "/home/szu2070436088/.conda/envs/CVS-RFFI/lib/python3.10/site-packages/torch/_functorch/__pycache__/pyfunctorch.cpython-310.pyc", O_RDONLY|O_CLOEXEC) = 17</home/szu2070436088/.conda/envs/CVS-RFFI/lib/python3.10/site-packages/torch/_functorch/__pycache__/pyfunctorch.cpython-310.pyc>
1890493 openat(AT_FDCWD</home/szu2070436088/2510044040/CV-SincNet>, "/home/szu2070436088/.conda/envs/CVS-RFFI/lib/python3.10/site-packages/torch/_functorch/__pycache__/utils.cpython-310.pyc", O_RDONLY|O_CLOEXEC) = 17</home/szu2070436088/.conda/envs/CVS-RFFI/lib/python3.10/site-packages/torch/_functorch/__pycache__/utils.cpython-310.pyc>
1890493 openat(AT_FDCWD</home/szu2070436088/2510044040/CV-SincNet>, "/home/szu2070436088/.conda/envs/CVS-RFFI/lib/python3.10/site-packages/torch/_functorch/__pycache__/vmap.cpython-310.pyc", O_RDONLY|O_CLOEXEC) = 17</home/szu2070436088/.conda/envs/CVS-RFFI/lib/python3.10/site-packages/torch/_functorch/__pycache__/vmap.cpython-310.pyc>
1890493 openat(AT_FDCWD</home/szu2070436088/2510044040/CV-SincNet>, "/home/szu2070436088/.conda/envs/CVS-RFFI/lib/python3.10/site-packages/torch/_functorch/__pycache__/pytree_hacks.cpython-310.pyc", O_RDONLY|O_CLOEXEC) = 17</home/szu2070436088/.conda/envs/CVS-RFFI/lib/python3.10/site-packages/torch/_functorch/__pycache__/pytree_hacks.cpython-310.pyc>
1890493 openat(AT_FDCWD</home/szu2070436088/2510044040/CV-SincNet>, "/home/szu2070436088/.conda/envs/CVS-RFFI/lib/python3.10/site-packages/torch/_functorch/__pycache__/apis.cpython-310.pyc", O_RDONLY|O_CLOEXEC) = 17</home/szu2070436088/.conda/envs/CVS-RFFI/lib/python3.10/site-packages/torch/_functorch/__pycache__/apis.cpython-310.pyc>
1890493 openat(AT_FDCWD</home/szu2070436088/2510044040/CV-SincNet>, "/home/szu2070436088/.conda/envs/CVS-RFFI/lib/python3.10/site-packages/torch/autograd/__pycache__/gradcheck.cpython-310.pyc", O_RDONLY|O_CLOEXEC) = 17</home/szu2070436088/.conda/envs/CVS-RFFI/lib/python3.10/site-packages/torch/autograd/__pycache__/gradcheck.cpython-310.pyc>
1890493 openat(AT_FDCWD</home/szu2070436088/2510044040/CV-SincNet>, "/home/szu2070436088/.conda/envs/CVS-RFFI/lib/python3.10/site-packages/torch/testing/__pycache__/__init__.cpython-310.pyc", O_RDONLY|O_CLOEXEC) = 17</home/szu2070436088/.conda/envs/CVS-RFFI/lib/python3.10/site-packages/torch/testing/__pycache__/__init__.cpython-310.pyc>
1890493 openat(AT_FDCWD</home/szu2070436088/2510044040/CV-SincNet>, "/home/szu2070436088/.conda/envs/CVS-RFFI/lib/python3.10/site-packages/torch/testing", O_RDONLY|O_NONBLOCK|O_CLOEXEC|O_DIRECTORY) = 17</home/szu2070436088/.conda/envs/CVS-RFFI/lib/python3.10/site-packages/torch/testing>
1890493 openat(AT_FDCWD</home/szu2070436088/2510044040/CV-SincNet>, "/home/szu2070436088/.conda/envs/CVS-RFFI/lib/python3.10/site-packages/torch/testing/__pycache__/_comparison.cpython-310.pyc", O_RDONLY|O_CLOEXEC) = 17</home/szu2070436088/.conda/envs/CVS-RFFI/lib/python3.10/site-packages/torch/testing/__pycache__/_comparison.cpython-310.pyc>
1890493 openat(AT_FDCWD</home/szu2070436088/2510044040/CV-SincNet>, "/home/szu2070436088/.conda/envs/CVS-RFFI/lib/python3.10/lib-dynload/cmath.cpython-310-x86_64-linux-gnu.so", O_RDONLY|O_CLOEXEC) = 17</home/szu2070436088/.conda/envs/CVS-RFFI/lib/python3.10/lib-dynload/cmath.cpython-310-x86_64-linux-gnu.so>
1890493 openat(AT_FDCWD</home/szu2070436088/2510044040/CV-SincNet>, "/home/szu2070436088/.conda/envs/CVS-RFFI/lib/python3.10/site-packages/torch/testing/__pycache__/_creation.cpython-310.pyc", O_RDONLY|O_CLOEXEC) = 17</home/szu2070436088/.conda/envs/CVS-RFFI/lib/python3.10/site-packages/torch/testing/__pycache__/_creation.cpython-310.pyc>
1890493 openat(AT_FDCWD</home/szu2070436088/2510044040/CV-SincNet>, "/home/szu2070436088/.conda/envs/CVS-RFFI/lib/python3.10/site-packages/torch/autograd/__pycache__/variable.cpython-310.pyc", O_RDONLY|O_CLOEXEC) = 17</home/szu2070436088/.conda/envs/CVS-RFFI/lib/python3.10/site-packages/torch/autograd/__pycache__/variable.cpython-310.pyc>
1890493 openat(AT_FDCWD</home/szu2070436088/2510044040/CV-SincNet>, "/home/szu2070436088/.conda/envs/CVS-RFFI/lib/python3.10/site-packages/torch/autograd/__pycache__/profiler.cpython-310.pyc", O_RDONLY|O_CLOEXEC) = 17</home/szu2070436088/.conda/envs/CVS-RFFI/lib/python3.10/site-packages/torch/autograd/__pycache__/profiler.cpython-310.pyc>
1890493 openat(AT_FDCWD</home/szu2070436088/2510044040/CV-SincNet>, "/home/szu2070436088/.conda/envs/CVS-RFFI/lib/python3.10/site-packages/torch/autograd/__pycache__/profiler_util.cpython-310.pyc", O_RDONLY|O_CLOEXEC) = 17</home/szu2070436088/.conda/envs/CVS-RFFI/lib/python3.10/site-packages/torch/autograd/__pycache__/profiler_util.cpython-310.pyc>
1890493 openat(AT_FDCWD</home/szu2070436088/2510044040/CV-SincNet>, "/home/szu2070436088/.conda/envs/CVS-RFFI/lib/python3.10/site-packages/torch/autograd/__pycache__/profiler_legacy.cpython-310.pyc", O_RDONLY|O_CLOEXEC) = 17</home/szu2070436088/.conda/envs/CVS-RFFI/lib/python3.10/site-packages/torch/autograd/__pycache__/profiler_legacy.cpython-310.pyc>
1890493 openat(AT_FDCWD</home/szu2070436088/2510044040/CV-SincNet>, "/home/szu2070436088/.conda/envs/CVS-RFFI/lib/python3.10/site-packages/torch/package/__pycache__/__init__.cpython-310.pyc", O_RDONLY|O_CLOEXEC) = 17</home/szu2070436088/.conda/envs/CVS-RFFI/lib/python3.10/site-packages/torch/package/__pycache__/__init__.cpython-310.pyc>
1890493 openat(AT_FDCWD</home/szu2070436088/2510044040/CV-SincNet>, "/home/szu2070436088/.conda/envs/CVS-RFFI/lib/python3.10/site-packages/torch/package", O_RDONLY|O_NONBLOCK|O_CLOEXEC|O_DIRECTORY) = 17</home/szu2070436088/.conda/envs/CVS-RFFI/lib/python3.10/site-packages/torch/package>
1890493 openat(AT_FDCWD</home/szu2070436088/2510044040/CV-SincNet>, "/home/szu2070436088/.conda/envs/CVS-RFFI/lib/python3.10/site-packages/torch/package/analyze/__pycache__/__init__.cpython-310.pyc", O_RDONLY|O_CLOEXEC) = 17</home/szu2070436088/.conda/envs/CVS-RFFI/lib/python3.10/site-packages/torch/package/analyze/__pycache__/__init__.cpython-310.pyc>
1890493 openat(AT_FDCWD</home/szu2070436088/2510044040/CV-SincNet>, "/home/szu2070436088/.conda/envs/CVS-RFFI/lib/python3.10/site-packages/torch/package/analyze", O_RDONLY|O_NONBLOCK|O_CLOEXEC|O_DIRECTORY) = 17</home/szu2070436088/.conda/envs/CVS-RFFI/lib/python3.10/site-packages/torch/package/analyze>
1890493 openat(AT_FDCWD</home/szu2070436088/2510044040/CV-SincNet>, "/home/szu2070436088/.conda/envs/CVS-RFFI/lib/python3.10/site-packages/torch/package/analyze/__pycache__/find_first_use_of_broken_modules.cpython-310.pyc", O_RDONLY|O_CLOEXEC) = 17</home/szu2070436088/.conda/envs/CVS-RFFI/lib/python3.10/site-packages/torch/package/analyze/__pycache__/find_first_use_of_broken_modules.cpython-310.pyc>
1890493 openat(AT_FDCWD</home/szu2070436088/2510044040/CV-SincNet>, "/home/szu2070436088/.conda/envs/CVS-RFFI/lib/python3.10/site-packages/torch/package/__pycache__/package_exporter.cpython-310.pyc", O_RDONLY|O_CLOEXEC) = 17</home/szu2070436088/.conda/envs/CVS-RFFI/lib/python3.10/site-packages/torch/package/__pycache__/package_exporter.cpython-310.pyc>
1890493 openat(AT_FDCWD</home/szu2070436088/2510044040/CV-SincNet>, "/home/szu2070436088/.conda/envs/CVS-RFFI/lib/python3.10/__pycache__/pickletools.cpython-310.pyc", O_RDONLY|O_CLOEXEC) = 17</home/szu2070436088/.conda/envs/CVS-RFFI/lib/python3.10/__pycache__/pickletools.cpython-310.pyc>
1890493 openat(AT_FDCWD</home/szu2070436088/2510044040/CV-SincNet>, "/home/szu2070436088/.conda/envs/CVS-RFFI/lib/python3.10/site-packages/torch/package/__pycache__/_digraph.cpython-310.pyc", O_RDONLY|O_CLOEXEC) = 17</home/szu2070436088/.conda/envs/CVS-RFFI/lib/python3.10/site-packages/torch/package/__pycache__/_digraph.cpython-310.pyc>
1890493 openat(AT_FDCWD</home/szu2070436088/2510044040/CV-SincNet>, "/home/szu2070436088/.conda/envs/CVS-RFFI/lib/python3.10/site-packages/torch/package/__pycache__/_importlib.cpython-310.pyc", O_RDONLY|O_CLOEXEC) = 17</home/szu2070436088/.conda/envs/CVS-RFFI/lib/python3.10/site-packages/torch/package/__pycache__/_importlib.cpython-310.pyc>
1890493 openat(AT_FDCWD</home/szu2070436088/2510044040/CV-SincNet>, "/home/szu2070436088/.conda/envs/CVS-RFFI/lib/python3.10/site-packages/torch/package/__pycache__/_mangling.cpython-310.pyc", O_RDONLY|O_CLOEXEC) = 17</home/szu2070436088/.conda/envs/CVS-RFFI/lib/python3.10/site-packages/torch/package/__pycache__/_mangling.cpython-310.pyc>
1890493 openat(AT_FDCWD</home/szu2070436088/2510044040/CV-SincNet>, "/home/szu2070436088/.conda/envs/CVS-RFFI/lib/python3.10/site-packages/torch/package/__pycache__/_package_pickler.cpython-310.pyc", O_RDONLY|O_CLOEXEC) = 17</home/szu2070436088/.conda/envs/CVS-RFFI/lib/python3.10/site-packages/torch/package/__pycache__/_package_pickler.cpython-310.pyc>
1890493 openat(AT_FDCWD</home/szu2070436088/2510044040/CV-SincNet>, "/home/szu2070436088/.conda/envs/CVS-RFFI/lib/python3.10/site-packages/torch/package/__pycache__/importer.cpython-310.pyc", O_RDONLY|O_CLOEXEC) = 17</home/szu2070436088/.conda/envs/CVS-RFFI/lib/python3.10/site-packages/torch/package/__pycache__/importer.cpython-310.pyc>
1890493 openat(AT_FDCWD</home/szu2070436088/2510044040/CV-SincNet>, "/home/szu2070436088/.conda/envs/CVS-RFFI/lib/python3.10/site-packages/torch/package/__pycache__/_stdlib.cpython-310.pyc", O_RDONLY|O_CLOEXEC) = 17</home/szu2070436088/.conda/envs/CVS-RFFI/lib/python3.10/site-packages/torch/package/__pycache__/_stdlib.cpython-310.pyc>
1890493 openat(AT_FDCWD</home/szu2070436088/2510044040/CV-SincNet>, "/home/szu2070436088/.conda/envs/CVS-RFFI/lib/python3.10/site-packages/torch/package/__pycache__/find_file_dependencies.cpython-310.pyc", O_RDONLY|O_CLOEXEC) = 17</home/szu2070436088/.conda/envs/CVS-RFFI/lib/python3.10/site-packages/torch/package/__pycache__/find_file_dependencies.cpython-310.pyc>
1890493 openat(AT_FDCWD</home/szu2070436088/2510044040/CV-SincNet>, "/home/szu2070436088/.conda/envs/CVS-RFFI/lib/python3.10/site-packages/torch/package/__pycache__/glob_group.cpython-310.pyc", O_RDONLY|O_CLOEXEC) = 17</home/szu2070436088/.conda/envs/CVS-RFFI/lib/python3.10/site-packages/torch/package/__pycache__/glob_group.cpython-310.pyc>
1890493 openat(AT_FDCWD</home/szu2070436088/2510044040/CV-SincNet>, "/home/szu2070436088/.conda/envs/CVS-RFFI/lib/python3.10/site-packages/torch/package/analyze/__pycache__/trace_dependencies.cpython-310.pyc", O_RDONLY|O_CLOEXEC) = 17</home/szu2070436088/.conda/envs/CVS-RFFI/lib/python3.10/site-packages/torch/package/analyze/__pycache__/trace_dependencies.cpython-310.pyc>
1890493 openat(AT_FDCWD</home/szu2070436088/2510044040/CV-SincNet>, "/home/szu2070436088/.conda/envs/CVS-RFFI/lib/python3.10/site-packages/torch/package/analyze/__pycache__/is_from_package.cpython-310.pyc", O_RDONLY|O_CLOEXEC) = 17</home/szu2070436088/.conda/envs/CVS-RFFI/lib/python3.10/site-packages/torch/package/analyze/__pycache__/is_from_package.cpython-310.pyc>
1890493 openat(AT_FDCWD</home/szu2070436088/2510044040/CV-SincNet>, "/home/szu2070436088/.conda/envs/CVS-RFFI/lib/python3.10/site-packages/torch/package/__pycache__/file_structure_representation.cpython-310.pyc", O_RDONLY|O_CLOEXEC) = 17</home/szu2070436088/.conda/envs/CVS-RFFI/lib/python3.10/site-packages/torch/package/__pycache__/file_structure_representation.cpython-310.pyc>
1890493 openat(AT_FDCWD</home/szu2070436088/2510044040/CV-SincNet>, "/home/szu2070436088/.conda/envs/CVS-RFFI/lib/python3.10/site-packages/torch/package/__pycache__/package_importer.cpython-310.pyc", O_RDONLY|O_CLOEXEC) = 17</home/szu2070436088/.conda/envs/CVS-RFFI/lib/python3.10/site-packages/torch/package/__pycache__/package_importer.cpython-310.pyc>
1890493 openat(AT_FDCWD</home/szu2070436088/2510044040/CV-SincNet>, "/home/szu2070436088/.conda/envs/CVS-RFFI/lib/python3.10/site-packages/torch/package/__pycache__/_directory_reader.cpython-310.pyc", O_RDONLY|O_CLOEXEC) = 17</home/szu2070436088/.conda/envs/CVS-RFFI/lib/python3.10/site-packages/torch/package/__pycache__/_directory_reader.cpython-310.pyc>
1890493 openat(AT_FDCWD</home/szu2070436088/2510044040/CV-SincNet>, "/home/szu2070436088/.conda/envs/CVS-RFFI/lib/python3.10/__pycache__/glob.cpython-310.pyc", O_RDONLY|O_CLOEXEC) = 17</home/szu2070436088/.conda/envs/CVS-RFFI/lib/python3.10/__pycache__/glob.cpython-310.pyc>
1890493 openat(AT_FDCWD</home/szu2070436088/2510044040/CV-SincNet>, "/home/szu2070436088/.conda/envs/CVS-RFFI/lib/python3.10/site-packages/torch/package/__pycache__/_package_unpickler.cpython-310.pyc", O_RDONLY|O_CLOEXEC) = 17</home/szu2070436088/.conda/envs/CVS-RFFI/lib/python3.10/site-packages/torch/package/__pycache__/_package_unpickler.cpython-310.pyc>
1890493 openat(AT_FDCWD</home/szu2070436088/2510044040/CV-SincNet>, "/home/szu2070436088/.conda/envs/CVS-RFFI/lib/python3.10/site-packages/torch/_awaits/__pycache__/__init__.cpython-310.pyc", O_RDONLY|O_CLOEXEC) = 17</home/szu2070436088/.conda/envs/CVS-RFFI/lib/python3.10/site-packages/torch/_awaits/__pycache__/__init__.cpython-310.pyc>
1890493 openat(AT_FDCWD</home/szu2070436088/2510044040/CV-SincNet>, "/home/szu2070436088/.conda/envs/CVS-RFFI/lib/python3.10/site-packages/torch/nn/__pycache__/_reduction.cpython-310.pyc", O_RDONLY|O_CLOEXEC) = 17</home/szu2070436088/.conda/envs/CVS-RFFI/lib/python3.10/site-packages/torch/nn/__pycache__/_reduction.cpython-310.pyc>
1890493 openat(AT_FDCWD</home/szu2070436088/2510044040/CV-SincNet>, "/home/szu2070436088/.conda/envs/CVS-RFFI/lib/python3.10/site-packages/torch/nn/__pycache__/grad.cpython-310.pyc", O_RDONLY|O_CLOEXEC) = 17</home/szu2070436088/.conda/envs/CVS-RFFI/lib/python3.10/site-packages/torch/nn/__pycache__/grad.cpython-310.pyc>
1890493 openat(AT_FDCWD</home/szu2070436088/2510044040/CV-SincNet>, "/home/szu2070436088/.conda/envs/CVS-RFFI/lib/python3.10/site-packages/torch/nn/modules/__pycache__/utils.cpython-310.pyc", O_RDONLY|O_CLOEXEC) = 17</home/szu2070436088/.conda/envs/CVS-RFFI/lib/python3.10/site-packages/torch/nn/modules/__pycache__/utils.cpython-310.pyc>
1890493 openat(AT_FDCWD</home/szu2070436088/2510044040/CV-SincNet>, "/home/szu2070436088/.conda/envs/CVS-RFFI/lib/python3.10/site-packages/torch/nn/functional.py", O_RDONLY|O_CLOEXEC) = 17</home/szu2070436088/.conda/envs/CVS-RFFI/lib/python3.10/site-packages/torch/nn/functional.py>
1890493 openat(AT_FDCWD</home/szu2070436088/2510044040/CV-SincNet>, "/home/szu2070436088/.conda/envs/CVS-RFFI/lib/python3.10/site-packages/torch/nn/__pycache__/init.cpython-310.pyc", O_RDONLY|O_CLOEXEC) = 17</home/szu2070436088/.conda/envs/CVS-RFFI/lib/python3.10/site-packages/torch/nn/__pycache__/init.cpython-310.pyc>
1890493 openat(AT_FDCWD</home/szu2070436088/2510044040/CV-SincNet>, "/home/szu2070436088/.conda/envs/CVS-RFFI/lib/python3.10/site-packages/torch/nn/modules/__pycache__/lazy.cpython-310.pyc", O_RDONLY|O_CLOEXEC) = 17</home/szu2070436088/.conda/envs/CVS-RFFI/lib/python3.10/site-packages/torch/nn/modules/__pycache__/lazy.cpython-310.pyc>
1890493 openat(AT_FDCWD</home/szu2070436088/2510044040/CV-SincNet>, "/home/szu2070436088/.conda/envs/CVS-RFFI/lib/python3.10/site-packages/torch/nn/modules/__pycache__/conv.cpython-310.pyc", O_RDONLY|O_CLOEXEC) = 17</home/szu2070436088/.conda/envs/CVS-RFFI/lib/python3.10/site-packages/torch/nn/modules/__pycache__/conv.cpython-310.pyc>
1890493 openat(AT_FDCWD</home/szu2070436088/2510044040/CV-SincNet>, "/home/szu2070436088/.conda/envs/CVS-RFFI/lib/python3.10/site-packages/torch/nn/__pycache__/common_types.cpython-310.pyc", O_RDONLY|O_CLOEXEC) = 17</home/szu2070436088/.conda/envs/CVS-RFFI/lib/python3.10/site-packages/torch/nn/__pycache__/common_types.cpython-310.pyc>
1890493 openat(AT_FDCWD</home/szu2070436088/2510044040/CV-SincNet>, "/home/szu2070436088/.conda/envs/CVS-RFFI/lib/python3.10/site-packages/torch/nn/modules/__pycache__/activation.cpython-310.pyc", O_RDONLY|O_CLOEXEC) = 17</home/szu2070436088/.conda/envs/CVS-RFFI/lib/python3.10/site-packages/torch/nn/modules/__pycache__/activation.cpython-310.pyc>
1890493 openat(AT_FDCWD</home/szu2070436088/2510044040/CV-SincNet>, "/home/szu2070436088/.conda/envs/CVS-RFFI/lib/python3.10/site-packages/torch/nn/modules/__pycache__/loss.cpython-310.pyc", O_RDONLY|O_CLOEXEC) = 17</home/szu2070436088/.conda/envs/CVS-RFFI/lib/python3.10/site-packages/torch/nn/modules/__pycache__/loss.cpython-310.pyc>
1890493 openat(AT_FDCWD</home/szu2070436088/2510044040/CV-SincNet>, "/home/szu2070436088/.conda/envs/CVS-RFFI/lib/python3.10/site-packages/torch/nn/modules/__pycache__/distance.cpython-310.pyc", O_RDONLY|O_CLOEXEC) = 17</home/szu2070436088/.conda/envs/CVS-RFFI/lib/python3.10/site-packages/torch/nn/modules/__pycache__/distance.cpython-310.pyc>
1890493 openat(AT_FDCWD</home/szu2070436088/2510044040/CV-SincNet>, "/home/szu2070436088/.conda/envs/CVS-RFFI/lib/python3.10/site-packages/torch/nn/modules/__pycache__/container.cpython-310.pyc", O_RDONLY|O_CLOEXEC) = 17</home/szu2070436088/.conda/envs/CVS-RFFI/lib/python3.10/site-packages/torch/nn/modules/__pycache__/container.cpython-310.pyc>
1890493 openat(AT_FDCWD</home/szu2070436088/2510044040/CV-SincNet>, "/home/szu2070436088/.conda/envs/CVS-RFFI/lib/python3.10/site-packages/torch/nn/modules/__pycache__/pooling.cpython-310.pyc", O_RDONLY|O_CLOEXEC) = 17</home/szu2070436088/.conda/envs/CVS-RFFI/lib/python3.10/site-packages/torch/nn/modules/__pycache__/pooling.cpython-310.pyc>
1890493 openat(AT_FDCWD</home/szu2070436088/2510044040/CV-SincNet>, "/home/szu2070436088/.conda/envs/CVS-RFFI/lib/python3.10/site-packages/torch/nn/modules/__pycache__/batchnorm.cpython-310.pyc", O_RDONLY|O_CLOEXEC) = 17</home/szu2070436088/.conda/envs/CVS-RFFI/lib/python3.10/site-packages/torch/nn/modules/__pycache__/batchnorm.cpython-310.pyc>
1890493 openat(AT_FDCWD</home/szu2070436088/2510044040/CV-SincNet>, "/home/szu2070436088/.conda/envs/CVS-RFFI/lib/python3.10/site-packages/torch/nn/modules/__pycache__/_functions.cpython-310.pyc", O_RDONLY|O_CLOEXEC) = 17</home/szu2070436088/.conda/envs/CVS-RFFI/lib/python3.10/site-packages/torch/nn/modules/__pycache__/_functions.cpython-310.pyc>
1890493 openat(AT_FDCWD</home/szu2070436088/2510044040/CV-SincNet>, "/home/szu2070436088/.conda/envs/CVS-RFFI/lib/python3.10/site-packages/torch/nn/modules/__pycache__/instancenorm.cpython-310.pyc", O_RDONLY|O_CLOEXEC) = 17</home/szu2070436088/.conda/envs/CVS-RFFI/lib/python3.10/site-packages/torch/nn/modules/__pycache__/instancenorm.cpython-310.pyc>
1890493 openat(AT_FDCWD</home/szu2070436088/2510044040/CV-SincNet>, "/home/szu2070436088/.conda/envs/CVS-RFFI/lib/python3.10/site-packages/torch/nn/modules/__pycache__/normalization.cpython-310.pyc", O_RDONLY|O_CLOEXEC) = 17</home/szu2070436088/.conda/envs/CVS-RFFI/lib/python3.10/site-packages/torch/nn/modules/__pycache__/normalization.cpython-310.pyc>
1890493 openat(AT_FDCWD</home/szu2070436088/2510044040/CV-SincNet>, "/home/szu2070436088/.conda/envs/CVS-RFFI/lib/python3.10/site-packages/torch/nn/modules/__pycache__/dropout.cpython-310.pyc", O_RDONLY|O_CLOEXEC) = 17</home/szu2070436088/.conda/envs/CVS-RFFI/lib/python3.10/site-packages/torch/nn/modules/__pycache__/dropout.cpython-310.pyc>
1890493 openat(AT_FDCWD</home/szu2070436088/2510044040/CV-SincNet>, "/home/szu2070436088/.conda/envs/CVS-RFFI/lib/python3.10/site-packages/torch/nn/modules/__pycache__/padding.cpython-310.pyc", O_RDONLY|O_CLOEXEC) = 17</home/szu2070436088/.conda/envs/CVS-RFFI/lib/python3.10/site-packages/torch/nn/modules/__pycache__/padding.cpython-310.pyc>
1890493 openat(AT_FDCWD</home/szu2070436088/2510044040/CV-SincNet>, "/home/szu2070436088/.conda/envs/CVS-RFFI/lib/python3.10/site-packages/torch/nn/modules/__pycache__/sparse.cpython-310.pyc", O_RDONLY|O_CLOEXEC) = 17</home/szu2070436088/.conda/envs/CVS-RFFI/lib/python3.10/site-packages/torch/nn/modules/__pycache__/sparse.cpython-310.pyc>
1890493 openat(AT_FDCWD</home/szu2070436088/2510044040/CV-SincNet>, "/home/szu2070436088/.conda/envs/CVS-RFFI/lib/python3.10/site-packages/torch/nn/modules/__pycache__/rnn.cpython-310.pyc", O_RDONLY|O_CLOEXEC) = 17</home/szu2070436088/.conda/envs/CVS-RFFI/lib/python3.10/site-packages/torch/nn/modules/__pycache__/rnn.cpython-310.pyc>
1890493 openat(AT_FDCWD</home/szu2070436088/2510044040/CV-SincNet>, "/home/szu2070436088/.conda/envs/CVS-RFFI/lib/python3.10/site-packages/torch/nn/utils/__pycache__/__init__.cpython-310.pyc", O_RDONLY|O_CLOEXEC) = 17</home/szu2070436088/.conda/envs/CVS-RFFI/lib/python3.10/site-packages/torch/nn/utils/__pycache__/__init__.cpython-310.pyc>
1890493 openat(AT_FDCWD</home/szu2070436088/2510044040/CV-SincNet>, "/home/szu2070436088/.conda/envs/CVS-RFFI/lib/python3.10/site-packages/torch/nn/utils", O_RDONLY|O_NONBLOCK|O_CLOEXEC|O_DIRECTORY) = 17</home/szu2070436088/.conda/envs/CVS-RFFI/lib/python3.10/site-packages/torch/nn/utils>
1890493 openat(AT_FDCWD</home/szu2070436088/2510044040/CV-SincNet>, "/home/szu2070436088/.conda/envs/CVS-RFFI/lib/python3.10/site-packages/torch/nn/utils/__pycache__/rnn.cpython-310.pyc", O_RDONLY|O_CLOEXEC) = 17</home/szu2070436088/.conda/envs/CVS-RFFI/lib/python3.10/site-packages/torch/nn/utils/__pycache__/rnn.cpython-310.pyc>
1890493 openat(AT_FDCWD</home/szu2070436088/2510044040/CV-SincNet>, "/home/szu2070436088/.conda/envs/CVS-RFFI/lib/python3.10/site-packages/torch/nn/utils/__pycache__/clip_grad.cpython-310.pyc", O_RDONLY|O_CLOEXEC) = 17</home/szu2070436088/.conda/envs/CVS-RFFI/lib/python3.10/site-packages/torch/nn/utils/__pycache__/clip_grad.cpython-310.pyc>
1890493 openat(AT_FDCWD</home/szu2070436088/2510044040/CV-SincNet>, "/home/szu2070436088/.conda/envs/CVS-RFFI/lib/python3.10/site-packages/torch/utils/__pycache__/_foreach_utils.cpython-310.pyc", O_RDONLY|O_CLOEXEC) = 17</home/szu2070436088/.conda/envs/CVS-RFFI/lib/python3.10/site-packages/torch/utils/__pycache__/_foreach_utils.cpython-310.pyc>
1890493 openat(AT_FDCWD</home/szu2070436088/2510044040/CV-SincNet>, "/home/szu2070436088/.conda/envs/CVS-RFFI/lib/python3.10/site-packages/torch/nn/utils/__pycache__/weight_norm.cpython-310.pyc", O_RDONLY|O_CLOEXEC) = 17</home/szu2070436088/.conda/envs/CVS-RFFI/lib/python3.10/site-packages/torch/nn/utils/__pycache__/weight_norm.cpython-310.pyc>
1890493 openat(AT_FDCWD</home/szu2070436088/2510044040/CV-SincNet>, "/home/szu2070436088/.conda/envs/CVS-RFFI/lib/python3.10/site-packages/torch/nn/utils/__pycache__/convert_parameters.cpython-310.pyc", O_RDONLY|O_CLOEXEC) = 17</home/szu2070436088/.conda/envs/CVS-RFFI/lib/python3.10/site-packages/torch/nn/utils/__pycache__/convert_parameters.cpython-310.pyc>
1890493 openat(AT_FDCWD</home/szu2070436088/2510044040/CV-SincNet>, "/home/szu2070436088/.conda/envs/CVS-RFFI/lib/python3.10/site-packages/torch/nn/utils/__pycache__/spectral_norm.cpython-310.pyc", O_RDONLY|O_CLOEXEC) = 17</home/szu2070436088/.conda/envs/CVS-RFFI/lib/python3.10/site-packages/torch/nn/utils/__pycache__/spectral_norm.cpython-310.pyc>
1890493 openat(AT_FDCWD</home/szu2070436088/2510044040/CV-SincNet>, "/home/szu2070436088/.conda/envs/CVS-RFFI/lib/python3.10/site-packages/torch/nn/utils/__pycache__/fusion.cpython-310.pyc", O_RDONLY|O_CLOEXEC) = 17</home/szu2070436088/.conda/envs/CVS-RFFI/lib/python3.10/site-packages/torch/nn/utils/__pycache__/fusion.cpython-310.pyc>
1890493 openat(AT_FDCWD</home/szu2070436088/2510044040/CV-SincNet>, "/home/szu2070436088/.conda/envs/CVS-RFFI/lib/python3.10/site-packages/torch/nn/utils/__pycache__/memory_format.cpython-310.pyc", O_RDONLY|O_CLOEXEC) = 17</home/szu2070436088/.conda/envs/CVS-RFFI/lib/python3.10/site-packages/torch/nn/utils/__pycache__/memory_format.cpython-310.pyc>
1890493 openat(AT_FDCWD</home/szu2070436088/2510044040/CV-SincNet>, "/home/szu2070436088/.conda/envs/CVS-RFFI/lib/python3.10/site-packages/torch/nn/utils/__pycache__/parametrizations.cpython-310.pyc", O_RDONLY|O_CLOEXEC) = 17</home/szu2070436088/.conda/envs/CVS-RFFI/lib/python3.10/site-packages/torch/nn/utils/__pycache__/parametrizations.cpython-310.pyc>
1890493 openat(AT_FDCWD</home/szu2070436088/2510044040/CV-SincNet>, "/home/szu2070436088/.conda/envs/CVS-RFFI/lib/python3.10/site-packages/torch/nn/utils/__pycache__/parametrize.cpython-310.pyc", O_RDONLY|O_CLOEXEC) = 17</home/szu2070436088/.conda/envs/CVS-RFFI/lib/python3.10/site-packages/torch/nn/utils/__pycache__/parametrize.cpython-310.pyc>
1890493 openat(AT_FDCWD</home/szu2070436088/2510044040/CV-SincNet>, "/home/szu2070436088/.conda/envs/CVS-RFFI/lib/python3.10/site-packages/torch/nn/utils/__pycache__/init.cpython-310.pyc", O_RDONLY|O_CLOEXEC) = 17</home/szu2070436088/.conda/envs/CVS-RFFI/lib/python3.10/site-packages/torch/nn/utils/__pycache__/init.cpython-310.pyc>
1890493 openat(AT_FDCWD</home/szu2070436088/2510044040/CV-SincNet>, "/home/szu2070436088/.conda/envs/CVS-RFFI/lib/python3.10/site-packages/torch/nn/utils/__pycache__/stateless.cpython-310.pyc", O_RDONLY|O_CLOEXEC) = 17</home/szu2070436088/.conda/envs/CVS-RFFI/lib/python3.10/site-packages/torch/nn/utils/__pycache__/stateless.cpython-310.pyc>
1890493 openat(AT_FDCWD</home/szu2070436088/2510044040/CV-SincNet>, "/home/szu2070436088/.conda/envs/CVS-RFFI/lib/python3.10/site-packages/torch/nn/utils/__pycache__/_named_member_accessor.cpython-310.pyc", O_RDONLY|O_CLOEXEC) = 17</home/szu2070436088/.conda/envs/CVS-RFFI/lib/python3.10/site-packages/torch/nn/utils/__pycache__/_named_member_accessor.cpython-310.pyc>
1890493 openat(AT_FDCWD</home/szu2070436088/2510044040/CV-SincNet>, "/home/szu2070436088/.conda/envs/CVS-RFFI/lib/python3.10/site-packages/torch/nn/modules/rnn.py", O_RDONLY|O_CLOEXEC) = 17</home/szu2070436088/.conda/envs/CVS-RFFI/lib/python3.10/site-packages/torch/nn/modules/rnn.py>
1890493 openat(AT_FDCWD</home/szu2070436088/2510044040/CV-SincNet>, "/home/szu2070436088/.conda/envs/CVS-RFFI/lib/python3.10/site-packages/torch/nn/modules/__pycache__/pixelshuffle.cpython-310.pyc", O_RDONLY|O_CLOEXEC) = 17</home/szu2070436088/.conda/envs/CVS-RFFI/lib/python3.10/site-packages/torch/nn/modules/__pycache__/pixelshuffle.cpython-310.pyc>
1890493 openat(AT_FDCWD</home/szu2070436088/2510044040/CV-SincNet>, "/home/szu2070436088/.conda/envs/CVS-RFFI/lib/python3.10/site-packages/torch/nn/modules/__pycache__/upsampling.cpython-310.pyc", O_RDONLY|O_CLOEXEC) = 17</home/szu2070436088/.conda/envs/CVS-RFFI/lib/python3.10/site-packages/torch/nn/modules/__pycache__/upsampling.cpython-310.pyc>
1890493 openat(AT_FDCWD</home/szu2070436088/2510044040/CV-SincNet>, "/home/szu2070436088/.conda/envs/CVS-RFFI/lib/python3.10/site-packages/torch/nn/modules/__pycache__/fold.cpython-310.pyc", O_RDONLY|O_CLOEXEC) = 17</home/szu2070436088/.conda/envs/CVS-RFFI/lib/python3.10/site-packages/torch/nn/modules/__pycache__/fold.cpython-310.pyc>
1890493 openat(AT_FDCWD</home/szu2070436088/2510044040/CV-SincNet>, "/home/szu2070436088/.conda/envs/CVS-RFFI/lib/python3.10/site-packages/torch/nn/modules/__pycache__/adaptive.cpython-310.pyc", O_RDONLY|O_CLOEXEC) = 17</home/szu2070436088/.conda/envs/CVS-RFFI/lib/python3.10/site-packages/torch/nn/modules/__pycache__/adaptive.cpython-310.pyc>
1890493 openat(AT_FDCWD</home/szu2070436088/2510044040/CV-SincNet>, "/home/szu2070436088/.conda/envs/CVS-RFFI/lib/python3.10/site-packages/torch/nn/modules/__pycache__/transformer.cpython-310.pyc", O_RDONLY|O_CLOEXEC) = 17</home/szu2070436088/.conda/envs/CVS-RFFI/lib/python3.10/site-packages/torch/nn/modules/__pycache__/transformer.cpython-310.pyc>
1890493 openat(AT_FDCWD</home/szu2070436088/2510044040/CV-SincNet>, "/home/szu2070436088/.conda/envs/CVS-RFFI/lib/python3.10/site-packages/numpy/core/__pycache__/__init__.cpython-310.pyc", O_RDONLY|O_CLOEXEC) = 17</home/szu2070436088/.conda/envs/CVS-RFFI/lib/python3.10/site-packages/numpy/core/__pycache__/__init__.cpython-310.pyc>
1890493 openat(AT_FDCWD</home/szu2070436088/2510044040/CV-SincNet>, "/home/szu2070436088/.conda/envs/CVS-RFFI/lib/python3.10/site-packages/numpy/core", O_RDONLY|O_NONBLOCK|O_CLOEXEC|O_DIRECTORY) = 17</home/szu2070436088/.conda/envs/CVS-RFFI/lib/python3.10/site-packages/numpy/core>
1890493 openat(AT_FDCWD</home/szu2070436088/2510044040/CV-SincNet>, "/home/szu2070436088/.conda/envs/CVS-RFFI/lib/python3.10/site-packages/numpy/core/__pycache__/_utils.cpython-310.pyc", O_RDONLY|O_CLOEXEC) = 17</home/szu2070436088/.conda/envs/CVS-RFFI/lib/python3.10/site-packages/numpy/core/__pycache__/_utils.cpython-310.pyc>
1890493 openat(AT_FDCWD</home/szu2070436088/2510044040/CV-SincNet>, "/home/szu2070436088/.conda/envs/CVS-RFFI/lib/python3.10/site-packages/numpy/core/_multiarray_umath.cpython-310-x86_64-linux-gnu.so", O_RDONLY|O_CLOEXEC) = 17</home/szu2070436088/.conda/envs/CVS-RFFI/lib/python3.10/site-packages/numpy/core/_multiarray_umath.cpython-310-x86_64-linux-gnu.so>
1890493 openat(AT_FDCWD</home/szu2070436088/2510044040/CV-SincNet>, "/home/szu2070436088/.conda/envs/CVS-RFFI/lib/python3.10/site-packages/numpy/core/../../numpy.libs/glibc-hwcaps/x86-64-v4/libopenblas64_p-r0-0cf96a72.3.23.dev.so", O_RDONLY|O_CLOEXEC) = -1 ENOENT (No such file or directory)
1890493 openat(AT_FDCWD</home/szu2070436088/2510044040/CV-SincNet>, "/home/szu2070436088/.conda/envs/CVS-RFFI/lib/python3.10/site-packages/numpy/core/../../numpy.libs/glibc-hwcaps/x86-64-v3/libopenblas64_p-r0-0cf96a72.3.23.dev.so", O_RDONLY|O_CLOEXEC) = -1 ENOENT (No such file or directory)
1890493 openat(AT_FDCWD</home/szu2070436088/2510044040/CV-SincNet>, "/home/szu2070436088/.conda/envs/CVS-RFFI/lib/python3.10/site-packages/numpy/core/../../numpy.libs/glibc-hwcaps/x86-64-v2/libopenblas64_p-r0-0cf96a72.3.23.dev.so", O_RDONLY|O_CLOEXEC) = -1 ENOENT (No such file or directory)
1890493 openat(AT_FDCWD</home/szu2070436088/2510044040/CV-SincNet>, "/home/szu2070436088/.conda/envs/CVS-RFFI/lib/python3.10/site-packages/numpy/core/../../numpy.libs/libopenblas64_p-r0-0cf96a72.3.23.dev.so", O_RDONLY|O_CLOEXEC) = 17</home/szu2070436088/.conda/envs/CVS-RFFI/lib/python3.10/site-packages/numpy.libs/libopenblas64_p-r0-0cf96a72.3.23.dev.so>
1890493 openat(AT_FDCWD</home/szu2070436088/2510044040/CV-SincNet>, "/home/szu2070436088/.conda/envs/CVS-RFFI/lib/python3.10/site-packages/numpy/core/../../numpy.libs/libgfortran-040039e1.so.5.0.0", O_RDONLY|O_CLOEXEC) = 17</home/szu2070436088/.conda/envs/CVS-RFFI/lib/python3.10/site-packages/numpy.libs/libgfortran-040039e1.so.5.0.0>
1890493 openat(AT_FDCWD</home/szu2070436088/2510044040/CV-SincNet>, "/home/szu2070436088/.conda/envs/CVS-RFFI/lib/python3.10/site-packages/numpy/core/../../numpy.libs/libquadmath-96973f99.so.0.0.0", O_RDONLY|O_CLOEXEC) = 17</home/szu2070436088/.conda/envs/CVS-RFFI/lib/python3.10/site-packages/numpy.libs/libquadmath-96973f99.so.0.0.0>
1890493 openat(AT_FDCWD</home/szu2070436088/2510044040/CV-SincNet>, "/sys/devices/system/cpu/possible", O_RDONLY|O_CLOEXEC) = 17</sys/devices/system/cpu/possible>
1890493 openat(AT_FDCWD</home/szu2070436088/2510044040/CV-SincNet>, "/home/szu2070436088/.conda/envs/CVS-RFFI/lib/python3.10/site-packages/numpy/core/__pycache__/_exceptions.cpython-310.pyc", O_RDONLY|O_CLOEXEC) = 17</home/szu2070436088/.conda/envs/CVS-RFFI/lib/python3.10/site-packages/numpy/core/__pycache__/_exceptions.cpython-310.pyc>
1890493 openat(AT_FDCWD</home/szu2070436088/2510044040/CV-SincNet>, "/home/szu2070436088/.conda/envs/CVS-RFFI/lib/python3.10/site-packages/torch/nn/modules/__pycache__/flatten.cpython-310.pyc", O_RDONLY|O_CLOEXEC) = 17</home/szu2070436088/.conda/envs/CVS-RFFI/lib/python3.10/site-packages/torch/nn/modules/__pycache__/flatten.cpython-310.pyc>
1890493 openat(AT_FDCWD</home/szu2070436088/2510044040/CV-SincNet>, "/home/szu2070436088/.conda/envs/CVS-RFFI/lib/python3.10/site-packages/torch/nn/modules/__pycache__/channelshuffle.cpython-310.pyc", O_RDONLY|O_CLOEXEC) = 17</home/szu2070436088/.conda/envs/CVS-RFFI/lib/python3.10/site-packages/torch/nn/modules/__pycache__/channelshuffle.cpython-310.pyc>
1890493 openat(AT_FDCWD</home/szu2070436088/2510044040/CV-SincNet>, "/home/szu2070436088/.conda/envs/CVS-RFFI/lib/python3.10/site-packages/torch/nn/parallel/__pycache__/__init__.cpython-310.pyc", O_RDONLY|O_CLOEXEC) = 17</home/szu2070436088/.conda/envs/CVS-RFFI/lib/python3.10/site-packages/torch/nn/parallel/__pycache__/__init__.cpython-310.pyc>
1890493 openat(AT_FDCWD</home/szu2070436088/2510044040/CV-SincNet>, "/home/szu2070436088/.conda/envs/CVS-RFFI/lib/python3.10/site-packages/torch/nn/parallel", O_RDONLY|O_NONBLOCK|O_CLOEXEC|O_DIRECTORY) = 17</home/szu2070436088/.conda/envs/CVS-RFFI/lib/python3.10/site-packages/torch/nn/parallel>
1890493 openat(AT_FDCWD</home/szu2070436088/2510044040/CV-SincNet>, "/home/szu2070436088/.conda/envs/CVS-RFFI/lib/python3.10/site-packages/torch/nn/parallel/__pycache__/parallel_apply.cpython-310.pyc", O_RDONLY|O_CLOEXEC) = 17</home/szu2070436088/.conda/envs/CVS-RFFI/lib/python3.10/site-packages/torch/nn/parallel/__pycache__/parallel_apply.cpython-310.pyc>
1890493 openat(AT_FDCWD</home/szu2070436088/2510044040/CV-SincNet>, "/home/szu2070436088/.conda/envs/CVS-RFFI/lib/python3.10/site-packages/torch/nn/parallel/__pycache__/replicate.cpython-310.pyc", O_RDONLY|O_CLOEXEC) = 17</home/szu2070436088/.conda/envs/CVS-RFFI/lib/python3.10/site-packages/torch/nn/parallel/__pycache__/replicate.cpython-310.pyc>
1890493 openat(AT_FDCWD</home/szu2070436088/2510044040/CV-SincNet>, "/home/szu2070436088/.conda/envs/CVS-RFFI/lib/python3.10/site-packages/torch/nn/parallel/__pycache__/comm.cpython-310.pyc", O_RDONLY|O_CLOEXEC) = 17</home/szu2070436088/.conda/envs/CVS-RFFI/lib/python3.10/site-packages/torch/nn/parallel/__pycache__/comm.cpython-310.pyc>
1890493 openat(AT_FDCWD</home/szu2070436088/2510044040/CV-SincNet>, "/home/szu2070436088/.conda/envs/CVS-RFFI/lib/python3.10/site-packages/torch/cuda/__pycache__/nccl.cpython-310.pyc", O_RDONLY|O_CLOEXEC) = 17</home/szu2070436088/.conda/envs/CVS-RFFI/lib/python3.10/site-packages/torch/cuda/__pycache__/nccl.cpython-310.pyc>
1890493 openat(AT_FDCWD</home/szu2070436088/2510044040/CV-SincNet>, "/home/szu2070436088/.conda/envs/CVS-RFFI/lib/python3.10/site-packages/torch/nn/parallel/__pycache__/data_parallel.cpython-310.pyc", O_RDONLY|O_CLOEXEC) = 17</home/szu2070436088/.conda/envs/CVS-RFFI/lib/python3.10/site-packages/torch/nn/parallel/__pycache__/data_parallel.cpython-310.pyc>
1890493 openat(AT_FDCWD</home/szu2070436088/2510044040/CV-SincNet>, "/home/szu2070436088/.conda/envs/CVS-RFFI/lib/python3.10/site-packages/torch/nn/parallel/__pycache__/scatter_gather.cpython-310.pyc", O_RDONLY|O_CLOEXEC) = 17</home/szu2070436088/.conda/envs/CVS-RFFI/lib/python3.10/site-packages/torch/nn/parallel/__pycache__/scatter_gather.cpython-310.pyc>
1890493 openat(AT_FDCWD</home/szu2070436088/2510044040/CV-SincNet>, "/home/szu2070436088/.conda/envs/CVS-RFFI/lib/python3.10/site-packages/torch/nn/parallel/__pycache__/_functions.cpython-310.pyc", O_RDONLY|O_CLOEXEC) = 17</home/szu2070436088/.conda/envs/CVS-RFFI/lib/python3.10/site-packages/torch/nn/parallel/__pycache__/_functions.cpython-310.pyc>
1890493 openat(AT_FDCWD</home/szu2070436088/2510044040/CV-SincNet>, "/home/szu2070436088/.conda/envs/CVS-RFFI/lib/python3.10/site-packages/torch/nn/parallel/__pycache__/distributed.cpython-310.pyc", O_RDONLY|O_CLOEXEC) = 17</home/szu2070436088/.conda/envs/CVS-RFFI/lib/python3.10/site-packages/torch/nn/parallel/__pycache__/distributed.cpython-310.pyc>
1890493 openat(AT_FDCWD</home/szu2070436088/2510044040/CV-SincNet>, "/home/szu2070436088/.conda/envs/CVS-RFFI/lib/python3.10/site-packages/torch/distributed/algorithms/__pycache__/__init__.cpython-310.pyc", O_RDONLY|O_CLOEXEC) = 17</home/szu2070436088/.conda/envs/CVS-RFFI/lib/python3.10/site-packages/torch/distributed/algorithms/__pycache__/__init__.cpython-310.pyc>
1890493 openat(AT_FDCWD</home/szu2070436088/2510044040/CV-SincNet>, "/home/szu2070436088/.conda/envs/CVS-RFFI/lib/python3.10/site-packages/torch/distributed/algorithms", O_RDONLY|O_NONBLOCK|O_CLOEXEC|O_DIRECTORY) = 17</home/szu2070436088/.conda/envs/CVS-RFFI/lib/python3.10/site-packages/torch/distributed/algorithms>
1890493 openat(AT_FDCWD</home/szu2070436088/2510044040/CV-SincNet>, "/home/szu2070436088/.conda/envs/CVS-RFFI/lib/python3.10/site-packages/torch/distributed/algorithms/__pycache__/join.cpython-310.pyc", O_RDONLY|O_CLOEXEC) = 17</home/szu2070436088/.conda/envs/CVS-RFFI/lib/python3.10/site-packages/torch/distributed/algorithms/__pycache__/join.cpython-310.pyc>
1890493 openat(AT_FDCWD</home/szu2070436088/2510044040/CV-SincNet>, "/home/szu2070436088/.conda/envs/CVS-RFFI/lib/python3.10/site-packages/torch/distributed/__pycache__/utils.cpython-310.pyc", O_RDONLY|O_CLOEXEC) = 17</home/szu2070436088/.conda/envs/CVS-RFFI/lib/python3.10/site-packages/torch/distributed/__pycache__/utils.cpython-310.pyc>
1890493 openat(AT_FDCWD</home/szu2070436088/2510044040/CV-SincNet>, "/home/szu2070436088/.conda/envs/CVS-RFFI/lib/python3.10/site-packages/torch/__pycache__/_lowrank.cpython-310.pyc", O_RDONLY|O_CLOEXEC) = 17</home/szu2070436088/.conda/envs/CVS-RFFI/lib/python3.10/site-packages/torch/__pycache__/_lowrank.cpython-310.pyc>
1890493 openat(AT_FDCWD</home/szu2070436088/2510044040/CV-SincNet>, "/home/szu2070436088/.conda/envs/CVS-RFFI/lib/python3.10/site-packages/torch/__pycache__/_linalg_utils.cpython-310.pyc", O_RDONLY|O_CLOEXEC) = 17</home/szu2070436088/.conda/envs/CVS-RFFI/lib/python3.10/site-packages/torch/__pycache__/_linalg_utils.cpython-310.pyc>
1890493 openat(AT_FDCWD</home/szu2070436088/2510044040/CV-SincNet>, "/home/szu2070436088/.conda/envs/CVS-RFFI/lib/python3.10/site-packages/torch/functional.py", O_RDONLY|O_CLOEXEC) = 17</home/szu2070436088/.conda/envs/CVS-RFFI/lib/python3.10/site-packages/torch/functional.py>
1890493 openat(AT_FDCWD</home/szu2070436088/2510044040/CV-SincNet>, "/home/szu2070436088/.conda/envs/CVS-RFFI/lib/python3.10/site-packages/torch/cpu/__pycache__/__init__.cpython-310.pyc", O_RDONLY|O_CLOEXEC) = 17</home/szu2070436088/.conda/envs/CVS-RFFI/lib/python3.10/site-packages/torch/cpu/__pycache__/__init__.cpython-310.pyc>
1890493 openat(AT_FDCWD</home/szu2070436088/2510044040/CV-SincNet>, "/home/szu2070436088/.conda/envs/CVS-RFFI/lib/python3.10/site-packages/torch/cpu", O_RDONLY|O_NONBLOCK|O_CLOEXEC|O_DIRECTORY) = 17</home/szu2070436088/.conda/envs/CVS-RFFI/lib/python3.10/site-packages/torch/cpu>
1890493 openat(AT_FDCWD</home/szu2070436088/2510044040/CV-SincNet>, "/home/szu2070436088/.conda/envs/CVS-RFFI/lib/python3.10/site-packages/torch/cpu/amp/__pycache__/__init__.cpython-310.pyc", O_RDONLY|O_CLOEXEC) = 17</home/szu2070436088/.conda/envs/CVS-RFFI/lib/python3.10/site-packages/torch/cpu/amp/__pycache__/__init__.cpython-310.pyc>
1890493 openat(AT_FDCWD</home/szu2070436088/2510044040/CV-SincNet>, "/home/szu2070436088/.conda/envs/CVS-RFFI/lib/python3.10/site-packages/torch/cpu/amp", O_RDONLY|O_NONBLOCK|O_CLOEXEC|O_DIRECTORY) = 17</home/szu2070436088/.conda/envs/CVS-RFFI/lib/python3.10/site-packages/torch/cpu/amp>
1890493 openat(AT_FDCWD</home/szu2070436088/2510044040/CV-SincNet>, "/home/szu2070436088/.conda/envs/CVS-RFFI/lib/python3.10/site-packages/torch/cpu/amp/__pycache__/autocast_mode.cpython-310.pyc", O_RDONLY|O_CLOEXEC) = 17</home/szu2070436088/.conda/envs/CVS-RFFI/lib/python3.10/site-packages/torch/cpu/amp/__pycache__/autocast_mode.cpython-310.pyc>
1890493 openat(AT_FDCWD</home/szu2070436088/2510044040/CV-SincNet>, "/home/szu2070436088/.conda/envs/CVS-RFFI/lib/python3.10/site-packages/torch/mps/__pycache__/__init__.cpython-310.pyc", O_RDONLY|O_CLOEXEC) = 17</home/szu2070436088/.conda/envs/CVS-RFFI/lib/python3.10/site-packages/torch/mps/__pycache__/__init__.cpython-310.pyc>
1890493 openat(AT_FDCWD</home/szu2070436088/2510044040/CV-SincNet>, "/home/szu2070436088/.conda/envs/CVS-RFFI/lib/python3.10/site-packages/torch/mps", O_RDONLY|O_NONBLOCK|O_CLOEXEC|O_DIRECTORY) = 17</home/szu2070436088/.conda/envs/CVS-RFFI/lib/python3.10/site-packages/torch/mps>
1890493 openat(AT_FDCWD</home/szu2070436088/2510044040/CV-SincNet>, "/home/szu2070436088/.conda/envs/CVS-RFFI/lib/python3.10/site-packages/torch/mps/__pycache__/profiler.cpython-310.pyc", O_RDONLY|O_CLOEXEC) = 17</home/szu2070436088/.conda/envs/CVS-RFFI/lib/python3.10/site-packages/torch/mps/__pycache__/profiler.cpython-310.pyc>
1890493 openat(AT_FDCWD</home/szu2070436088/2510044040/CV-SincNet>, "/home/szu2070436088/.conda/envs/CVS-RFFI/lib/python3.10/site-packages/torch/mps/__pycache__/event.cpython-310.pyc", O_RDONLY|O_CLOEXEC) = 17</home/szu2070436088/.conda/envs/CVS-RFFI/lib/python3.10/site-packages/torch/mps/__pycache__/event.cpython-310.pyc>
1890493 openat(AT_FDCWD</home/szu2070436088/2510044040/CV-SincNet>, "/home/szu2070436088/.conda/envs/CVS-RFFI/lib/python3.10/site-packages/torch/fft/__pycache__/__init__.cpython-310.pyc", O_RDONLY|O_CLOEXEC) = 17</home/szu2070436088/.conda/envs/CVS-RFFI/lib/python3.10/site-packages/torch/fft/__pycache__/__init__.cpython-310.pyc>
1890493 openat(AT_FDCWD</home/szu2070436088/2510044040/CV-SincNet>, "/home/szu2070436088/.conda/envs/CVS-RFFI/lib/python3.10/site-packages/torch/nested/__pycache__/__init__.cpython-310.pyc", O_RDONLY|O_CLOEXEC) = 17</home/szu2070436088/.conda/envs/CVS-RFFI/lib/python3.10/site-packages/torch/nested/__pycache__/__init__.cpython-310.pyc>
1890493 openat(AT_FDCWD</home/szu2070436088/2510044040/CV-SincNet>, "/home/szu2070436088/.conda/envs/CVS-RFFI/lib/python3.10/site-packages/torch/signal/__pycache__/__init__.cpython-310.pyc", O_RDONLY|O_CLOEXEC) = 17</home/szu2070436088/.conda/envs/CVS-RFFI/lib/python3.10/site-packages/torch/signal/__pycache__/__init__.cpython-310.pyc>
1890493 openat(AT_FDCWD</home/szu2070436088/2510044040/CV-SincNet>, "/home/szu2070436088/.conda/envs/CVS-RFFI/lib/python3.10/site-packages/torch/signal", O_RDONLY|O_NONBLOCK|O_CLOEXEC|O_DIRECTORY) = 17</home/szu2070436088/.conda/envs/CVS-RFFI/lib/python3.10/site-packages/torch/signal>
1890493 openat(AT_FDCWD</home/szu2070436088/2510044040/CV-SincNet>, "/home/szu2070436088/.conda/envs/CVS-RFFI/lib/python3.10/site-packages/torch/signal/windows/__pycache__/__init__.cpython-310.pyc", O_RDONLY|O_CLOEXEC) = 17</home/szu2070436088/.conda/envs/CVS-RFFI/lib/python3.10/site-packages/torch/signal/windows/__pycache__/__init__.cpython-310.pyc>
1890493 openat(AT_FDCWD</home/szu2070436088/2510044040/CV-SincNet>, "/home/szu2070436088/.conda/envs/CVS-RFFI/lib/python3.10/site-packages/torch/signal/windows", O_RDONLY|O_NONBLOCK|O_CLOEXEC|O_DIRECTORY) = 17</home/szu2070436088/.conda/envs/CVS-RFFI/lib/python3.10/site-packages/torch/signal/windows>
1890493 openat(AT_FDCWD</home/szu2070436088/2510044040/CV-SincNet>, "/home/szu2070436088/.conda/envs/CVS-RFFI/lib/python3.10/site-packages/torch/signal/windows/__pycache__/windows.cpython-310.pyc", O_RDONLY|O_CLOEXEC) = 17</home/szu2070436088/.conda/envs/CVS-RFFI/lib/python3.10/site-packages/torch/signal/windows/__pycache__/windows.cpython-310.pyc>
1890493 openat(AT_FDCWD</home/szu2070436088/2510044040/CV-SincNet>, "/home/szu2070436088/.conda/envs/CVS-RFFI/lib/python3.10/site-packages/torch/optim/__pycache__/__init__.cpython-310.pyc", O_RDONLY|O_CLOEXEC) = 17</home/szu2070436088/.conda/envs/CVS-RFFI/lib/python3.10/site-packages/torch/optim/__pycache__/__init__.cpython-310.pyc>
1890493 openat(AT_FDCWD</home/szu2070436088/2510044040/CV-SincNet>, "/home/szu2070436088/.conda/envs/CVS-RFFI/lib/python3.10/site-packages/torch/optim", O_RDONLY|O_NONBLOCK|O_CLOEXEC|O_DIRECTORY) = 17</home/szu2070436088/.conda/envs/CVS-RFFI/lib/python3.10/site-packages/torch/optim>
1890493 openat(AT_FDCWD</home/szu2070436088/2510044040/CV-SincNet>, "/home/szu2070436088/.conda/envs/CVS-RFFI/lib/python3.10/site-packages/torch/optim/__pycache__/adadelta.cpython-310.pyc", O_RDONLY|O_CLOEXEC) = 17</home/szu2070436088/.conda/envs/CVS-RFFI/lib/python3.10/site-packages/torch/optim/__pycache__/adadelta.cpython-310.pyc>
1890493 openat(AT_FDCWD</home/szu2070436088/2510044040/CV-SincNet>, "/home/szu2070436088/.conda/envs/CVS-RFFI/lib/python3.10/site-packages/torch/optim/__pycache__/optimizer.cpython-310.pyc", O_RDONLY|O_CLOEXEC) = 17</home/szu2070436088/.conda/envs/CVS-RFFI/lib/python3.10/site-packages/torch/optim/__pycache__/optimizer.cpython-310.pyc>
1890493 openat(AT_FDCWD</home/szu2070436088/2510044040/CV-SincNet>, "/home/szu2070436088/.conda/envs/CVS-RFFI/lib/python3.10/site-packages/torch/optim/__pycache__/adagrad.cpython-310.pyc", O_RDONLY|O_CLOEXEC) = 17</home/szu2070436088/.conda/envs/CVS-RFFI/lib/python3.10/site-packages/torch/optim/__pycache__/adagrad.cpython-310.pyc>
1890493 openat(AT_FDCWD</home/szu2070436088/2510044040/CV-SincNet>, "/home/szu2070436088/.conda/envs/CVS-RFFI/lib/python3.10/site-packages/torch/optim/__pycache__/adam.cpython-310.pyc", O_RDONLY|O_CLOEXEC) = 17</home/szu2070436088/.conda/envs/CVS-RFFI/lib/python3.10/site-packages/torch/optim/__pycache__/adam.cpython-310.pyc>
1890493 openat(AT_FDCWD</home/szu2070436088/2510044040/CV-SincNet>, "/home/szu2070436088/.conda/envs/CVS-RFFI/lib/python3.10/site-packages/torch/optim/__pycache__/adamw.cpython-310.pyc", O_RDONLY|O_CLOEXEC) = 17</home/szu2070436088/.conda/envs/CVS-RFFI/lib/python3.10/site-packages/torch/optim/__pycache__/adamw.cpython-310.pyc>
1890493 openat(AT_FDCWD</home/szu2070436088/2510044040/CV-SincNet>, "/home/szu2070436088/.conda/envs/CVS-RFFI/lib/python3.10/site-packages/torch/optim/__pycache__/sparse_adam.cpython-310.pyc", O_RDONLY|O_CLOEXEC) = 17</home/szu2070436088/.conda/envs/CVS-RFFI/lib/python3.10/site-packages/torch/optim/__pycache__/sparse_adam.cpython-310.pyc>
1890493 openat(AT_FDCWD</home/szu2070436088/2510044040/CV-SincNet>, "/home/szu2070436088/.conda/envs/CVS-RFFI/lib/python3.10/site-packages/torch/optim/__pycache__/_functional.cpython-310.pyc", O_RDONLY|O_CLOEXEC) = 17</home/szu2070436088/.conda/envs/CVS-RFFI/lib/python3.10/site-packages/torch/optim/__pycache__/_functional.cpython-310.pyc>
1890493 openat(AT_FDCWD</home/szu2070436088/2510044040/CV-SincNet>, "/home/szu2070436088/.conda/envs/CVS-RFFI/lib/python3.10/site-packages/torch/optim/__pycache__/adamax.cpython-310.pyc", O_RDONLY|O_CLOEXEC) = 17</home/szu2070436088/.conda/envs/CVS-RFFI/lib/python3.10/site-packages/torch/optim/__pycache__/adamax.cpython-310.pyc>
1890493 openat(AT_FDCWD</home/szu2070436088/2510044040/CV-SincNet>, "/home/szu2070436088/.conda/envs/CVS-RFFI/lib/python3.10/site-packages/torch/optim/__pycache__/asgd.cpython-310.pyc", O_RDONLY|O_CLOEXEC) = 17</home/szu2070436088/.conda/envs/CVS-RFFI/lib/python3.10/site-packages/torch/optim/__pycache__/asgd.cpython-310.pyc>
1890493 openat(AT_FDCWD</home/szu2070436088/2510044040/CV-SincNet>, "/home/szu2070436088/.conda/envs/CVS-RFFI/lib/python3.10/site-packages/torch/optim/__pycache__/nadam.cpython-310.pyc", O_RDONLY|O_CLOEXEC) = 17</home/szu2070436088/.conda/envs/CVS-RFFI/lib/python3.10/site-packages/torch/optim/__pycache__/nadam.cpython-310.pyc>
1890493 openat(AT_FDCWD</home/szu2070436088/2510044040/CV-SincNet>, "/home/szu2070436088/.conda/envs/CVS-RFFI/lib/python3.10/site-packages/torch/optim/__pycache__/radam.cpython-310.pyc", O_RDONLY|O_CLOEXEC) = 17</home/szu2070436088/.conda/envs/CVS-RFFI/lib/python3.10/site-packages/torch/optim/__pycache__/radam.cpython-310.pyc>
1890493 openat(AT_FDCWD</home/szu2070436088/2510044040/CV-SincNet>, "/home/szu2070436088/.conda/envs/CVS-RFFI/lib/python3.10/site-packages/torch/optim/__pycache__/rmsprop.cpython-310.pyc", O_RDONLY|O_CLOEXEC) = 17</home/szu2070436088/.conda/envs/CVS-RFFI/lib/python3.10/site-packages/torch/optim/__pycache__/rmsprop.cpython-310.pyc>
1890493 openat(AT_FDCWD</home/szu2070436088/2510044040/CV-SincNet>, "/home/szu2070436088/.conda/envs/CVS-RFFI/lib/python3.10/site-packages/torch/optim/__pycache__/rprop.cpython-310.pyc", O_RDONLY|O_CLOEXEC) = 17</home/szu2070436088/.conda/envs/CVS-RFFI/lib/python3.10/site-packages/torch/optim/__pycache__/rprop.cpython-310.pyc>
1890493 openat(AT_FDCWD</home/szu2070436088/2510044040/CV-SincNet>, "/home/szu2070436088/.conda/envs/CVS-RFFI/lib/python3.10/site-packages/torch/optim/__pycache__/sgd.cpython-310.pyc", O_RDONLY|O_CLOEXEC) = 17</home/szu2070436088/.conda/envs/CVS-RFFI/lib/python3.10/site-packages/torch/optim/__pycache__/sgd.cpython-310.pyc>
1890493 openat(AT_FDCWD</home/szu2070436088/2510044040/CV-SincNet>, "/home/szu2070436088/.conda/envs/CVS-RFFI/lib/python3.10/site-packages/torch/optim/__pycache__/lbfgs.cpython-310.pyc", O_RDONLY|O_CLOEXEC) = 17</home/szu2070436088/.conda/envs/CVS-RFFI/lib/python3.10/site-packages/torch/optim/__pycache__/lbfgs.cpython-310.pyc>
1890493 openat(AT_FDCWD</home/szu2070436088/2510044040/CV-SincNet>, "/home/szu2070436088/.conda/envs/CVS-RFFI/lib/python3.10/site-packages/torch/optim/__pycache__/lr_scheduler.cpython-310.pyc", O_RDONLY|O_CLOEXEC) = 17</home/szu2070436088/.conda/envs/CVS-RFFI/lib/python3.10/site-packages/torch/optim/__pycache__/lr_scheduler.cpython-310.pyc>
1890493 openat(AT_FDCWD</home/szu2070436088/2510044040/CV-SincNet>, "/home/szu2070436088/.conda/envs/CVS-RFFI/lib/python3.10/site-packages/torch/optim/__pycache__/swa_utils.cpython-310.pyc", O_RDONLY|O_CLOEXEC) = 17</home/szu2070436088/.conda/envs/CVS-RFFI/lib/python3.10/site-packages/torch/optim/__pycache__/swa_utils.cpython-310.pyc>
1890493 openat(AT_FDCWD</home/szu2070436088/2510044040/CV-SincNet>, "/home/szu2070436088/.conda/envs/CVS-RFFI/lib/python3.10/site-packages/torch/optim/_multi_tensor/__pycache__/__init__.cpython-310.pyc", O_RDONLY|O_CLOEXEC) = 17</home/szu2070436088/.conda/envs/CVS-RFFI/lib/python3.10/site-packages/torch/optim/_multi_tensor/__pycache__/__init__.cpython-310.pyc>
1890493 openat(AT_FDCWD</home/szu2070436088/2510044040/CV-SincNet>, "/home/szu2070436088/.conda/envs/CVS-RFFI/lib/python3.10/site-packages/torch/multiprocessing/__pycache__/__init__.cpython-310.pyc", O_RDONLY|O_CLOEXEC) = 17</home/szu2070436088/.conda/envs/CVS-RFFI/lib/python3.10/site-packages/torch/multiprocessing/__pycache__/__init__.cpython-310.pyc>
1890493 openat(AT_FDCWD</home/szu2070436088/2510044040/CV-SincNet>, "/home/szu2070436088/.conda/envs/CVS-RFFI/lib/python3.10/multiprocessing/__pycache__/__init__.cpython-310.pyc", O_RDONLY|O_CLOEXEC) = 17</home/szu2070436088/.conda/envs/CVS-RFFI/lib/python3.10/multiprocessing/__pycache__/__init__.cpython-310.pyc>
1890493 openat(AT_FDCWD</home/szu2070436088/2510044040/CV-SincNet>, "/home/szu2070436088/.conda/envs/CVS-RFFI/lib/python3.10/multiprocessing", O_RDONLY|O_NONBLOCK|O_CLOEXEC|O_DIRECTORY) = 17</home/szu2070436088/.conda/envs/CVS-RFFI/lib/python3.10/multiprocessing>
1890493 openat(AT_FDCWD</home/szu2070436088/2510044040/CV-SincNet>, "/home/szu2070436088/.conda/envs/CVS-RFFI/lib/python3.10/multiprocessing/__pycache__/context.cpython-310.pyc", O_RDONLY|O_CLOEXEC) = 17</home/szu2070436088/.conda/envs/CVS-RFFI/lib/python3.10/multiprocessing/__pycache__/context.cpython-310.pyc>
1890493 openat(AT_FDCWD</home/szu2070436088/2510044040/CV-SincNet>, "/home/szu2070436088/.conda/envs/CVS-RFFI/lib/python3.10/multiprocessing/__pycache__/process.cpython-310.pyc", O_RDONLY|O_CLOEXEC) = 17</home/szu2070436088/.conda/envs/CVS-RFFI/lib/python3.10/multiprocessing/__pycache__/process.cpython-310.pyc>
1890493 openat(AT_FDCWD</home/szu2070436088/2510044040/CV-SincNet>, "/home/szu2070436088/.conda/envs/CVS-RFFI/lib/python3.10/multiprocessing/__pycache__/reduction.cpython-310.pyc", O_RDONLY|O_CLOEXEC) = 17</home/szu2070436088/.conda/envs/CVS-RFFI/lib/python3.10/multiprocessing/__pycache__/reduction.cpython-310.pyc>
1890493 openat(AT_FDCWD</home/szu2070436088/2510044040/CV-SincNet>, "/home/szu2070436088/.conda/envs/CVS-RFFI/lib/python3.10/__pycache__/socket.cpython-310.pyc", O_RDONLY|O_CLOEXEC) = 17</home/szu2070436088/.conda/envs/CVS-RFFI/lib/python3.10/__pycache__/socket.cpython-310.pyc>
1890493 openat(AT_FDCWD</home/szu2070436088/2510044040/CV-SincNet>, "/home/szu2070436088/.conda/envs/CVS-RFFI/lib/python3.10/lib-dynload/array.cpython-310-x86_64-linux-gnu.so", O_RDONLY|O_CLOEXEC) = 17</home/szu2070436088/.conda/envs/CVS-RFFI/lib/python3.10/lib-dynload/array.cpython-310-x86_64-linux-gnu.so>
1890493 openat(AT_FDCWD</home/szu2070436088/2510044040/CV-SincNet>, "/home/szu2070436088/.conda/envs/CVS-RFFI/lib/python3.10/site-packages/torch/multiprocessing", O_RDONLY|O_NONBLOCK|O_CLOEXEC|O_DIRECTORY) = 17</home/szu2070436088/.conda/envs/CVS-RFFI/lib/python3.10/site-packages/torch/multiprocessing>
1890493 openat(AT_FDCWD</home/szu2070436088/2510044040/CV-SincNet>, "/home/szu2070436088/.conda/envs/CVS-RFFI/lib/python3.10/site-packages/torch/multiprocessing/__pycache__/reductions.cpython-310.pyc", O_RDONLY|O_CLOEXEC) = 17</home/szu2070436088/.conda/envs/CVS-RFFI/lib/python3.10/site-packages/torch/multiprocessing/__pycache__/reductions.cpython-310.pyc>
1890493 openat(AT_FDCWD</home/szu2070436088/2510044040/CV-SincNet>, "/home/szu2070436088/.conda/envs/CVS-RFFI/lib/python3.10/multiprocessing/__pycache__/util.cpython-310.pyc", O_RDONLY|O_CLOEXEC) = 17</home/szu2070436088/.conda/envs/CVS-RFFI/lib/python3.10/multiprocessing/__pycache__/util.cpython-310.pyc>
1890493 openat(AT_FDCWD</home/szu2070436088/2510044040/CV-SincNet>, "/home/szu2070436088/.conda/envs/CVS-RFFI/lib/python3.10/multiprocessing/__pycache__/resource_sharer.cpython-310.pyc", O_RDONLY|O_CLOEXEC) = 17</home/szu2070436088/.conda/envs/CVS-RFFI/lib/python3.10/multiprocessing/__pycache__/resource_sharer.cpython-310.pyc>
1890493 openat(AT_FDCWD</home/szu2070436088/2510044040/CV-SincNet>, "/home/szu2070436088/.conda/envs/CVS-RFFI/lib/python3.10/site-packages/torch/multiprocessing/__pycache__/spawn.cpython-310.pyc", O_RDONLY|O_CLOEXEC) = 17</home/szu2070436088/.conda/envs/CVS-RFFI/lib/python3.10/site-packages/torch/multiprocessing/__pycache__/spawn.cpython-310.pyc>
1890493 openat(AT_FDCWD</home/szu2070436088/2510044040/CV-SincNet>, "/home/szu2070436088/.conda/envs/CVS-RFFI/lib/python3.10/multiprocessing/__pycache__/connection.cpython-310.pyc", O_RDONLY|O_CLOEXEC) = 17</home/szu2070436088/.conda/envs/CVS-RFFI/lib/python3.10/multiprocessing/__pycache__/connection.cpython-310.pyc>
1890493 openat(AT_FDCWD</home/szu2070436088/2510044040/CV-SincNet>, "/home/szu2070436088/.conda/envs/CVS-RFFI/lib/python3.10/lib-dynload/_multiprocessing.cpython-310-x86_64-linux-gnu.so", O_RDONLY|O_CLOEXEC) = 17</home/szu2070436088/.conda/envs/CVS-RFFI/lib/python3.10/lib-dynload/_multiprocessing.cpython-310-x86_64-linux-gnu.so>
1890493 openat(AT_FDCWD</home/szu2070436088/2510044040/CV-SincNet>, "/home/szu2070436088/.conda/envs/CVS-RFFI/lib/python3.10/site-packages/torch/special/__pycache__/__init__.cpython-310.pyc", O_RDONLY|O_CLOEXEC) = 17</home/szu2070436088/.conda/envs/CVS-RFFI/lib/python3.10/site-packages/torch/special/__pycache__/__init__.cpython-310.pyc>
1890493 openat(AT_FDCWD</home/szu2070436088/2510044040/CV-SincNet>, "/home/szu2070436088/.conda/envs/CVS-RFFI/lib/python3.10/site-packages/torch/utils/backcompat/__pycache__/__init__.cpython-310.pyc", O_RDONLY|O_CLOEXEC) = 17</home/szu2070436088/.conda/envs/CVS-RFFI/lib/python3.10/site-packages/torch/utils/backcompat/__pycache__/__init__.cpython-310.pyc>
1890493 openat(AT_FDCWD</home/szu2070436088/2510044040/CV-SincNet>, "/home/szu2070436088/.conda/envs/CVS-RFFI/lib/python3.10/site-packages/torch/jit/__pycache__/__init__.cpython-310.pyc", O_RDONLY|O_CLOEXEC) = 17</home/szu2070436088/.conda/envs/CVS-RFFI/lib/python3.10/site-packages/torch/jit/__pycache__/__init__.cpython-310.pyc>
1890493 openat(AT_FDCWD</home/szu2070436088/2510044040/CV-SincNet>, "/home/szu2070436088/.conda/envs/CVS-RFFI/lib/python3.10/site-packages/torch/jit", O_RDONLY|O_NONBLOCK|O_CLOEXEC|O_DIRECTORY) = 17</home/szu2070436088/.conda/envs/CVS-RFFI/lib/python3.10/site-packages/torch/jit>
1890493 openat(AT_FDCWD</home/szu2070436088/2510044040/CV-SincNet>, "/home/szu2070436088/.conda/envs/CVS-RFFI/lib/python3.10/site-packages/torch/jit/__pycache__/_async.cpython-310.pyc", O_RDONLY|O_CLOEXEC) = 17</home/szu2070436088/.conda/envs/CVS-RFFI/lib/python3.10/site-packages/torch/jit/__pycache__/_async.cpython-310.pyc>
1890493 openat(AT_FDCWD</home/szu2070436088/2510044040/CV-SincNet>, "/home/szu2070436088/.conda/envs/CVS-RFFI/lib/python3.10/site-packages/torch/jit/__pycache__/_builtins.cpython-310.pyc", O_RDONLY|O_CLOEXEC) = 17</home/szu2070436088/.conda/envs/CVS-RFFI/lib/python3.10/site-packages/torch/jit/__pycache__/_builtins.cpython-310.pyc>
1890493 openat(AT_FDCWD</home/szu2070436088/2510044040/CV-SincNet>, "/home/szu2070436088/.conda/envs/CVS-RFFI/lib/python3.10/site-packages/torch/backends/__pycache__/__init__.cpython-310.pyc", O_RDONLY|O_CLOEXEC) = 17</home/szu2070436088/.conda/envs/CVS-RFFI/lib/python3.10/site-packages/torch/backends/__pycache__/__init__.cpython-310.pyc>
1890493 openat(AT_FDCWD</home/szu2070436088/2510044040/CV-SincNet>, "/home/szu2070436088/.conda/envs/CVS-RFFI/lib/python3.10/site-packages/torch/backends", O_RDONLY|O_NONBLOCK|O_CLOEXEC|O_DIRECTORY) = 17</home/szu2070436088/.conda/envs/CVS-RFFI/lib/python3.10/site-packages/torch/backends>
1890493 openat(AT_FDCWD</home/szu2070436088/2510044040/CV-SincNet>, "/home/szu2070436088/.conda/envs/CVS-RFFI/lib/python3.10/site-packages/torch/backends/cpu/__pycache__/__init__.cpython-310.pyc", O_RDONLY|O_CLOEXEC) = 17</home/szu2070436088/.conda/envs/CVS-RFFI/lib/python3.10/site-packages/torch/backends/cpu/__pycache__/__init__.cpython-310.pyc>
1890493 openat(AT_FDCWD</home/szu2070436088/2510044040/CV-SincNet>, "/home/szu2070436088/.conda/envs/CVS-RFFI/lib/python3.10/site-packages/torch/backends/cuda/__pycache__/__init__.cpython-310.pyc", O_RDONLY|O_CLOEXEC) = 17</home/szu2070436088/.conda/envs/CVS-RFFI/lib/python3.10/site-packages/torch/backends/cuda/__pycache__/__init__.cpython-310.pyc>
1890493 openat(AT_FDCWD</home/szu2070436088/2510044040/CV-SincNet>, "/home/szu2070436088/.conda/envs/CVS-RFFI/lib/python3.10/site-packages/torch/backends/cudnn/__pycache__/__init__.cpython-310.pyc", O_RDONLY|O_CLOEXEC) = 17</home/szu2070436088/.conda/envs/CVS-RFFI/lib/python3.10/site-packages/torch/backends/cudnn/__pycache__/__init__.cpython-310.pyc>
1890493 openat(AT_FDCWD</home/szu2070436088/2510044040/CV-SincNet>, "/home/szu2070436088/.conda/envs/CVS-RFFI/lib/python3.10/site-packages/torch/backends/mkl/__pycache__/__init__.cpython-310.pyc", O_RDONLY|O_CLOEXEC) = 17</home/szu2070436088/.conda/envs/CVS-RFFI/lib/python3.10/site-packages/torch/backends/mkl/__pycache__/__init__.cpython-310.pyc>
1890493 openat(AT_FDCWD</home/szu2070436088/2510044040/CV-SincNet>, "/home/szu2070436088/.conda/envs/CVS-RFFI/lib/python3.10/site-packages/torch/backends/mkldnn/__pycache__/__init__.cpython-310.pyc", O_RDONLY|O_CLOEXEC) = 17</home/szu2070436088/.conda/envs/CVS-RFFI/lib/python3.10/site-packages/torch/backends/mkldnn/__pycache__/__init__.cpython-310.pyc>
1890493 openat(AT_FDCWD</home/szu2070436088/2510044040/CV-SincNet>, "/home/szu2070436088/.conda/envs/CVS-RFFI/lib/python3.10/site-packages/torch/backends/mps/__pycache__/__init__.cpython-310.pyc", O_RDONLY|O_CLOEXEC) = 17</home/szu2070436088/.conda/envs/CVS-RFFI/lib/python3.10/site-packages/torch/backends/mps/__pycache__/__init__.cpython-310.pyc>
1890493 openat(AT_FDCWD</home/szu2070436088/2510044040/CV-SincNet>, "/home/szu2070436088/.conda/envs/CVS-RFFI/lib/python3.10/site-packages/torch/__pycache__/library.cpython-310.pyc", O_RDONLY|O_CLOEXEC) = 17</home/szu2070436088/.conda/envs/CVS-RFFI/lib/python3.10/site-packages/torch/__pycache__/library.cpython-310.pyc>
1890493 openat(AT_FDCWD</home/szu2070436088/2510044040/CV-SincNet>, "/home/szu2070436088/.conda/envs/CVS-RFFI/lib/python3.10/site-packages/torch/backends/openmp/__pycache__/__init__.cpython-310.pyc", O_RDONLY|O_CLOEXEC) = 17</home/szu2070436088/.conda/envs/CVS-RFFI/lib/python3.10/site-packages/torch/backends/openmp/__pycache__/__init__.cpython-310.pyc>
1890493 openat(AT_FDCWD</home/szu2070436088/2510044040/CV-SincNet>, "/home/szu2070436088/.conda/envs/CVS-RFFI/lib/python3.10/site-packages/torch/backends/quantized/__pycache__/__init__.cpython-310.pyc", O_RDONLY|O_CLOEXEC) = 17</home/szu2070436088/.conda/envs/CVS-RFFI/lib/python3.10/site-packages/torch/backends/quantized/__pycache__/__init__.cpython-310.pyc>
1890493 openat(AT_FDCWD</home/szu2070436088/2510044040/CV-SincNet>, "/home/szu2070436088/.conda/envs/CVS-RFFI/lib/python3.10/site-packages/torch/jit/__pycache__/_await.cpython-310.pyc", O_RDONLY|O_CLOEXEC) = 17</home/szu2070436088/.conda/envs/CVS-RFFI/lib/python3.10/site-packages/torch/jit/__pycache__/_await.cpython-310.pyc>
1890493 openat(AT_FDCWD</home/szu2070436088/2510044040/CV-SincNet>, "/home/szu2070436088/.conda/envs/CVS-RFFI/lib/python3.10/site-packages/torch/jit/__pycache__/_decomposition_utils.cpython-310.pyc", O_RDONLY|O_CLOEXEC) = 17</home/szu2070436088/.conda/envs/CVS-RFFI/lib/python3.10/site-packages/torch/jit/__pycache__/_decomposition_utils.cpython-310.pyc>
1890493 openat(AT_FDCWD</home/szu2070436088/2510044040/CV-SincNet>, "/home/szu2070436088/.conda/envs/CVS-RFFI/lib/python3.10/site-packages/torch/jit/__pycache__/_freeze.cpython-310.pyc", O_RDONLY|O_CLOEXEC) = 17</home/szu2070436088/.conda/envs/CVS-RFFI/lib/python3.10/site-packages/torch/jit/__pycache__/_freeze.cpython-310.pyc>
1890493 openat(AT_FDCWD</home/szu2070436088/2510044040/CV-SincNet>, "/home/szu2070436088/.conda/envs/CVS-RFFI/lib/python3.10/site-packages/torch/jit/__pycache__/_script.cpython-310.pyc", O_RDONLY|O_CLOEXEC) = 17</home/szu2070436088/.conda/envs/CVS-RFFI/lib/python3.10/site-packages/torch/jit/__pycache__/_script.cpython-310.pyc>
1890493 openat(AT_FDCWD</home/szu2070436088/2510044040/CV-SincNet>, "/home/szu2070436088/.conda/envs/CVS-RFFI/lib/python3.10/site-packages/torch/__pycache__/_classes.cpython-310.pyc", O_RDONLY|O_CLOEXEC) = 17</home/szu2070436088/.conda/envs/CVS-RFFI/lib/python3.10/site-packages/torch/__pycache__/_classes.cpython-310.pyc>
1890493 openat(AT_FDCWD</home/szu2070436088/2510044040/CV-SincNet>, "/home/szu2070436088/.conda/envs/CVS-RFFI/lib/python3.10/site-packages/torch/jit/__pycache__/_fuser.cpython-310.pyc", O_RDONLY|O_CLOEXEC) = 17</home/szu2070436088/.conda/envs/CVS-RFFI/lib/python3.10/site-packages/torch/jit/__pycache__/_fuser.cpython-310.pyc>
1890493 openat(AT_FDCWD</home/szu2070436088/2510044040/CV-SincNet>, "/home/szu2070436088/.conda/envs/CVS-RFFI/lib/python3.10/site-packages/torch/jit/__pycache__/_monkeytype_config.cpython-310.pyc", O_RDONLY|O_CLOEXEC) = 17</home/szu2070436088/.conda/envs/CVS-RFFI/lib/python3.10/site-packages/torch/jit/__pycache__/_monkeytype_config.cpython-310.pyc>
1890493 openat(AT_FDCWD</home/szu2070436088/2510044040/CV-SincNet>, "/home/szu2070436088/.conda/envs/CVS-RFFI/lib/python3.10/site-packages/torch/jit/__pycache__/_recursive.cpython-310.pyc", O_RDONLY|O_CLOEXEC) = 17</home/szu2070436088/.conda/envs/CVS-RFFI/lib/python3.10/site-packages/torch/jit/__pycache__/_recursive.cpython-310.pyc>
1890493 openat(AT_FDCWD</home/szu2070436088/2510044040/CV-SincNet>, "/home/szu2070436088/.conda/envs/CVS-RFFI/lib/python3.10/site-packages/torch/jit/__pycache__/_check.cpython-310.pyc", O_RDONLY|O_CLOEXEC) = 17</home/szu2070436088/.conda/envs/CVS-RFFI/lib/python3.10/site-packages/torch/jit/__pycache__/_check.cpython-310.pyc>
1890493 openat(AT_FDCWD</home/szu2070436088/2510044040/CV-SincNet>, "/home/szu2070436088/.conda/envs/CVS-RFFI/lib/python3.10/site-packages/torch/jit/__pycache__/_state.cpython-310.pyc", O_RDONLY|O_CLOEXEC) = 17</home/szu2070436088/.conda/envs/CVS-RFFI/lib/python3.10/site-packages/torch/jit/__pycache__/_state.cpython-310.pyc>
1890493 openat(AT_FDCWD</home/szu2070436088/2510044040/CV-SincNet>, "/home/szu2070436088/.conda/envs/CVS-RFFI/lib/python3.10/site-packages/torch/jit/__pycache__/frontend.cpython-310.pyc", O_RDONLY|O_CLOEXEC) = 17</home/szu2070436088/.conda/envs/CVS-RFFI/lib/python3.10/site-packages/torch/jit/__pycache__/frontend.cpython-310.pyc>
1890493 openat(AT_FDCWD</home/szu2070436088/2510044040/CV-SincNet>, "/home/szu2070436088/.conda/envs/CVS-RFFI/lib/python3.10/site-packages/torch/jit/__pycache__/annotations.cpython-310.pyc", O_RDONLY|O_CLOEXEC) = 17</home/szu2070436088/.conda/envs/CVS-RFFI/lib/python3.10/site-packages/torch/jit/__pycache__/annotations.cpython-310.pyc>
1890493 openat(AT_FDCWD</home/szu2070436088/2510044040/CV-SincNet>, "/home/szu2070436088/.conda/envs/CVS-RFFI/lib/python3.10/site-packages/torch/jit/__pycache__/_dataclass_impls.cpython-310.pyc", O_RDONLY|O_CLOEXEC) = 17</home/szu2070436088/.conda/envs/CVS-RFFI/lib/python3.10/site-packages/torch/jit/__pycache__/_dataclass_impls.cpython-310.pyc>
1890493 openat(AT_FDCWD</home/szu2070436088/2510044040/CV-SincNet>, "/home/szu2070436088/.conda/envs/CVS-RFFI/lib/python3.10/site-packages/torch/jit/__pycache__/_serialization.cpython-310.pyc", O_RDONLY|O_CLOEXEC) = 17</home/szu2070436088/.conda/envs/CVS-RFFI/lib/python3.10/site-packages/torch/jit/__pycache__/_serialization.cpython-310.pyc>
1890493 openat(AT_FDCWD</home/szu2070436088/2510044040/CV-SincNet>, "/home/szu2070436088/.conda/envs/CVS-RFFI/lib/python3.10/site-packages/torch/jit/__pycache__/_ir_utils.cpython-310.pyc", O_RDONLY|O_CLOEXEC) = 17</home/szu2070436088/.conda/envs/CVS-RFFI/lib/python3.10/site-packages/torch/jit/__pycache__/_ir_utils.cpython-310.pyc>
1890493 openat(AT_FDCWD</home/szu2070436088/2510044040/CV-SincNet>, "/home/szu2070436088/.conda/envs/CVS-RFFI/lib/python3.10/site-packages/torch/jit/__pycache__/_trace.cpython-310.pyc", O_RDONLY|O_CLOEXEC) = 17</home/szu2070436088/.conda/envs/CVS-RFFI/lib/python3.10/site-packages/torch/jit/__pycache__/_trace.cpython-310.pyc>
1890493 openat(AT_FDCWD</home/szu2070436088/2510044040/CV-SincNet>, "/home/szu2070436088/.conda/envs/CVS-RFFI/lib/python3.10/site-packages/torch/linalg/__pycache__/__init__.cpython-310.pyc", O_RDONLY|O_CLOEXEC) = 17</home/szu2070436088/.conda/envs/CVS-RFFI/lib/python3.10/site-packages/torch/linalg/__pycache__/__init__.cpython-310.pyc>
1890493 openat(AT_FDCWD</home/szu2070436088/2510044040/CV-SincNet>, "/home/szu2070436088/.conda/envs/CVS-RFFI/lib/python3.10/site-packages/torch/__pycache__/hub.cpython-310.pyc", O_RDONLY|O_CLOEXEC) = 17</home/szu2070436088/.conda/envs/CVS-RFFI/lib/python3.10/site-packages/torch/__pycache__/hub.cpython-310.pyc>
1890493 openat(AT_FDCWD</home/szu2070436088/2510044040/CV-SincNet>, "/home/szu2070436088/.conda/envs/CVS-RFFI/lib/python3.10/__pycache__/uuid.cpython-310.pyc", O_RDONLY|O_CLOEXEC) = 17</home/szu2070436088/.conda/envs/CVS-RFFI/lib/python3.10/__pycache__/uuid.cpython-310.pyc>
1890493 openat(AT_FDCWD</home/szu2070436088/2510044040/CV-SincNet>, "/home/szu2070436088/.conda/envs/CVS-RFFI/lib/python3.10/lib-dynload/_uuid.cpython-310-x86_64-linux-gnu.so", O_RDONLY|O_CLOEXEC) = 17</home/szu2070436088/.conda/envs/CVS-RFFI/lib/python3.10/lib-dynload/_uuid.cpython-310-x86_64-linux-gnu.so>
1890493 openat(AT_FDCWD</home/szu2070436088/2510044040/CV-SincNet>, "/home/szu2070436088/.conda/envs/CVS-RFFI/lib/python3.10/lib-dynload/../../libuuid.so.1", O_RDONLY|O_CLOEXEC) = 17</home/szu2070436088/.conda/envs/CVS-RFFI/lib/libuuid.so.1.3.0>
1890493 openat(AT_FDCWD</home/szu2070436088/2510044040/CV-SincNet>, "/home/szu2070436088/.conda/envs/CVS-RFFI/lib/python3.10/__pycache__/zipfile.cpython-310.pyc", O_RDONLY|O_CLOEXEC) = 17</home/szu2070436088/.conda/envs/CVS-RFFI/lib/python3.10/__pycache__/zipfile.cpython-310.pyc>
1890493 openat(AT_FDCWD</home/szu2070436088/2510044040/CV-SincNet>, "/home/szu2070436088/.conda/envs/CVS-RFFI/lib/python3.10/urllib/__pycache__/error.cpython-310.pyc", O_RDONLY|O_CLOEXEC) = 17</home/szu2070436088/.conda/envs/CVS-RFFI/lib/python3.10/urllib/__pycache__/error.cpython-310.pyc>
1890493 openat(AT_FDCWD</home/szu2070436088/2510044040/CV-SincNet>, "/home/szu2070436088/.conda/envs/CVS-RFFI/lib/python3.10/urllib/__pycache__/response.cpython-310.pyc", O_RDONLY|O_CLOEXEC) = 17</home/szu2070436088/.conda/envs/CVS-RFFI/lib/python3.10/urllib/__pycache__/response.cpython-310.pyc>
1890493 openat(AT_FDCWD</home/szu2070436088/2510044040/CV-SincNet>, "/home/szu2070436088/.conda/envs/CVS-RFFI/lib/python3.10/urllib/__pycache__/request.cpython-310.pyc", O_RDONLY|O_CLOEXEC) = 17</home/szu2070436088/.conda/envs/CVS-RFFI/lib/python3.10/urllib/__pycache__/request.cpython-310.pyc>
1890493 openat(AT_FDCWD</home/szu2070436088/2510044040/CV-SincNet>, "/home/szu2070436088/.conda/envs/CVS-RFFI/lib/python3.10/email/__pycache__/__init__.cpython-310.pyc", O_RDONLY|O_CLOEXEC) = 17</home/szu2070436088/.conda/envs/CVS-RFFI/lib/python3.10/email/__pycache__/__init__.cpython-310.pyc>
1890493 openat(AT_FDCWD</home/szu2070436088/2510044040/CV-SincNet>, "/home/szu2070436088/.conda/envs/CVS-RFFI/lib/python3.10/http/__pycache__/__init__.cpython-310.pyc", O_RDONLY|O_CLOEXEC) = 17</home/szu2070436088/.conda/envs/CVS-RFFI/lib/python3.10/http/__pycache__/__init__.cpython-310.pyc>
1890493 openat(AT_FDCWD</home/szu2070436088/2510044040/CV-SincNet>, "/home/szu2070436088/.conda/envs/CVS-RFFI/lib/python3.10/http", O_RDONLY|O_NONBLOCK|O_CLOEXEC|O_DIRECTORY) = 17</home/szu2070436088/.conda/envs/CVS-RFFI/lib/python3.10/http>
1890493 openat(AT_FDCWD</home/szu2070436088/2510044040/CV-SincNet>, "/home/szu2070436088/.conda/envs/CVS-RFFI/lib/python3.10/http/__pycache__/client.cpython-310.pyc", O_RDONLY|O_CLOEXEC) = 17</home/szu2070436088/.conda/envs/CVS-RFFI/lib/python3.10/http/__pycache__/client.cpython-310.pyc>
1890493 openat(AT_FDCWD</home/szu2070436088/2510044040/CV-SincNet>, "/home/szu2070436088/.conda/envs/CVS-RFFI/lib/python3.10/email", O_RDONLY|O_NONBLOCK|O_CLOEXEC|O_DIRECTORY) = 17</home/szu2070436088/.conda/envs/CVS-RFFI/lib/python3.10/email>
1890493 openat(AT_FDCWD</home/szu2070436088/2510044040/CV-SincNet>, "/home/szu2070436088/.conda/envs/CVS-RFFI/lib/python3.10/email/__pycache__/parser.cpython-310.pyc", O_RDONLY|O_CLOEXEC) = 17</home/szu2070436088/.conda/envs/CVS-RFFI/lib/python3.10/email/__pycache__/parser.cpython-310.pyc>
1890493 openat(AT_FDCWD</home/szu2070436088/2510044040/CV-SincNet>, "/home/szu2070436088/.conda/envs/CVS-RFFI/lib/python3.10/email/__pycache__/feedparser.cpython-310.pyc", O_RDONLY|O_CLOEXEC) = 17</home/szu2070436088/.conda/envs/CVS-RFFI/lib/python3.10/email/__pycache__/feedparser.cpython-310.pyc>
1890493 openat(AT_FDCWD</home/szu2070436088/2510044040/CV-SincNet>, "/home/szu2070436088/.conda/envs/CVS-RFFI/lib/python3.10/email/__pycache__/errors.cpython-310.pyc", O_RDONLY|O_CLOEXEC) = 17</home/szu2070436088/.conda/envs/CVS-RFFI/lib/python3.10/email/__pycache__/errors.cpython-310.pyc>
1890493 openat(AT_FDCWD</home/szu2070436088/2510044040/CV-SincNet>, "/home/szu2070436088/.conda/envs/CVS-RFFI/lib/python3.10/email/__pycache__/_policybase.cpython-310.pyc", O_RDONLY|O_CLOEXEC) = 17</home/szu2070436088/.conda/envs/CVS-RFFI/lib/python3.10/email/__pycache__/_policybase.cpython-310.pyc>
1890493 openat(AT_FDCWD</home/szu2070436088/2510044040/CV-SincNet>, "/home/szu2070436088/.conda/envs/CVS-RFFI/lib/python3.10/email/__pycache__/header.cpython-310.pyc", O_RDONLY|O_CLOEXEC) = 17</home/szu2070436088/.conda/envs/CVS-RFFI/lib/python3.10/email/__pycache__/header.cpython-310.pyc>
1890493 openat(AT_FDCWD</home/szu2070436088/2510044040/CV-SincNet>, "/home/szu2070436088/.conda/envs/CVS-RFFI/lib/python3.10/email/__pycache__/quoprimime.cpython-310.pyc", O_RDONLY|O_CLOEXEC) = 17</home/szu2070436088/.conda/envs/CVS-RFFI/lib/python3.10/email/__pycache__/quoprimime.cpython-310.pyc>
1890493 openat(AT_FDCWD</home/szu2070436088/2510044040/CV-SincNet>, "/home/szu2070436088/.conda/envs/CVS-RFFI/lib/python3.10/email/__pycache__/base64mime.cpython-310.pyc", O_RDONLY|O_CLOEXEC) = 17</home/szu2070436088/.conda/envs/CVS-RFFI/lib/python3.10/email/__pycache__/base64mime.cpython-310.pyc>
1890493 openat(AT_FDCWD</home/szu2070436088/2510044040/CV-SincNet>, "/home/szu2070436088/.conda/envs/CVS-RFFI/lib/python3.10/email/__pycache__/charset.cpython-310.pyc", O_RDONLY|O_CLOEXEC) = 17</home/szu2070436088/.conda/envs/CVS-RFFI/lib/python3.10/email/__pycache__/charset.cpython-310.pyc>
1890493 openat(AT_FDCWD</home/szu2070436088/2510044040/CV-SincNet>, "/home/szu2070436088/.conda/envs/CVS-RFFI/lib/python3.10/email/__pycache__/encoders.cpython-310.pyc", O_RDONLY|O_CLOEXEC) = 17</home/szu2070436088/.conda/envs/CVS-RFFI/lib/python3.10/email/__pycache__/encoders.cpython-310.pyc>
1890493 openat(AT_FDCWD</home/szu2070436088/2510044040/CV-SincNet>, "/home/szu2070436088/.conda/envs/CVS-RFFI/lib/python3.10/__pycache__/quopri.cpython-310.pyc", O_RDONLY|O_CLOEXEC) = 17</home/szu2070436088/.conda/envs/CVS-RFFI/lib/python3.10/__pycache__/quopri.cpython-310.pyc>
1890493 openat(AT_FDCWD</home/szu2070436088/2510044040/CV-SincNet>, "/home/szu2070436088/.conda/envs/CVS-RFFI/lib/python3.10/email/__pycache__/utils.cpython-310.pyc", O_RDONLY|O_CLOEXEC) = 17</home/szu2070436088/.conda/envs/CVS-RFFI/lib/python3.10/email/__pycache__/utils.cpython-310.pyc>
1890493 openat(AT_FDCWD</home/szu2070436088/2510044040/CV-SincNet>, "/home/szu2070436088/.conda/envs/CVS-RFFI/lib/python3.10/email/__pycache__/_parseaddr.cpython-310.pyc", O_RDONLY|O_CLOEXEC) = 17</home/szu2070436088/.conda/envs/CVS-RFFI/lib/python3.10/email/__pycache__/_parseaddr.cpython-310.pyc>
1890493 openat(AT_FDCWD</home/szu2070436088/2510044040/CV-SincNet>, "/home/szu2070436088/.conda/envs/CVS-RFFI/lib/python3.10/__pycache__/calendar.cpython-310.pyc", O_RDONLY|O_CLOEXEC) = 17</home/szu2070436088/.conda/envs/CVS-RFFI/lib/python3.10/__pycache__/calendar.cpython-310.pyc>
1890493 openat(AT_FDCWD</home/szu2070436088/2510044040/CV-SincNet>, "/home/szu2070436088/.conda/envs/CVS-RFFI/lib/python3.10/__pycache__/locale.cpython-310.pyc", O_RDONLY|O_CLOEXEC) = 17</home/szu2070436088/.conda/envs/CVS-RFFI/lib/python3.10/__pycache__/locale.cpython-310.pyc>
1890493 openat(AT_FDCWD</home/szu2070436088/2510044040/CV-SincNet>, "/home/szu2070436088/.conda/envs/CVS-RFFI/lib/python3.10/email/__pycache__/message.cpython-310.pyc", O_RDONLY|O_CLOEXEC) = 17</home/szu2070436088/.conda/envs/CVS-RFFI/lib/python3.10/email/__pycache__/message.cpython-310.pyc>
1890493 openat(AT_FDCWD</home/szu2070436088/2510044040/CV-SincNet>, "/home/szu2070436088/.conda/envs/CVS-RFFI/lib/python3.10/__pycache__/uu.cpython-310.pyc", O_RDONLY|O_CLOEXEC) = 17</home/szu2070436088/.conda/envs/CVS-RFFI/lib/python3.10/__pycache__/uu.cpython-310.pyc>
1890493 openat(AT_FDCWD</home/szu2070436088/2510044040/CV-SincNet>, "/home/szu2070436088/.conda/envs/CVS-RFFI/lib/python3.10/email/__pycache__/_encoded_words.cpython-310.pyc", O_RDONLY|O_CLOEXEC) = 17</home/szu2070436088/.conda/envs/CVS-RFFI/lib/python3.10/email/__pycache__/_encoded_words.cpython-310.pyc>
1890493 openat(AT_FDCWD</home/szu2070436088/2510044040/CV-SincNet>, "/home/szu2070436088/.conda/envs/CVS-RFFI/lib/python3.10/email/__pycache__/iterators.cpython-310.pyc", O_RDONLY|O_CLOEXEC) = 17</home/szu2070436088/.conda/envs/CVS-RFFI/lib/python3.10/email/__pycache__/iterators.cpython-310.pyc>
1890493 openat(AT_FDCWD</home/szu2070436088/2510044040/CV-SincNet>, "/home/szu2070436088/.conda/envs/CVS-RFFI/lib/python3.10/__pycache__/ssl.cpython-310.pyc", O_RDONLY|O_CLOEXEC) = 17</home/szu2070436088/.conda/envs/CVS-RFFI/lib/python3.10/__pycache__/ssl.cpython-310.pyc>
1890493 openat(AT_FDCWD</home/szu2070436088/2510044040/CV-SincNet>, "/home/szu2070436088/.conda/envs/CVS-RFFI/lib/python3.10/lib-dynload/_ssl.cpython-310-x86_64-linux-gnu.so", O_RDONLY|O_CLOEXEC) = 17</home/szu2070436088/.conda/envs/CVS-RFFI/lib/python3.10/lib-dynload/_ssl.cpython-310-x86_64-linux-gnu.so>
1890493 openat(AT_FDCWD</home/szu2070436088/2510044040/CV-SincNet>, "/home/szu2070436088/.conda/envs/CVS-RFFI/lib/python3.10/lib-dynload/../../libssl.so.3", O_RDONLY|O_CLOEXEC) = 17</home/szu2070436088/.conda/envs/CVS-RFFI/lib/libssl.so.3>
1890493 openat(AT_FDCWD</home/szu2070436088/2510044040/CV-SincNet>, "/home/szu2070436088/.conda/envs/CVS-RFFI/lib/python3.10/site-packages/torch/distributions/__pycache__/__init__.cpython-310.pyc", O_RDONLY|O_CLOEXEC) = 17</home/szu2070436088/.conda/envs/CVS-RFFI/lib/python3.10/site-packages/torch/distributions/__pycache__/__init__.cpython-310.pyc>
1890493 openat(AT_FDCWD</home/szu2070436088/2510044040/CV-SincNet>, "/home/szu2070436088/.conda/envs/CVS-RFFI/lib/python3.10/site-packages/torch/distributions", O_RDONLY|O_NONBLOCK|O_CLOEXEC|O_DIRECTORY) = 17</home/szu2070436088/.conda/envs/CVS-RFFI/lib/python3.10/site-packages/torch/distributions>
1890493 openat(AT_FDCWD</home/szu2070436088/2510044040/CV-SincNet>, "/home/szu2070436088/.conda/envs/CVS-RFFI/lib/python3.10/site-packages/torch/distributions/__pycache__/bernoulli.cpython-310.pyc", O_RDONLY|O_CLOEXEC) = 17</home/szu2070436088/.conda/envs/CVS-RFFI/lib/python3.10/site-packages/torch/distributions/__pycache__/bernoulli.cpython-310.pyc>
1890493 openat(AT_FDCWD</home/szu2070436088/2510044040/CV-SincNet>, "/home/szu2070436088/.conda/envs/CVS-RFFI/lib/python3.10/site-packages/torch/distributions/__pycache__/constraints.cpython-310.pyc", O_RDONLY|O_CLOEXEC) = 17</home/szu2070436088/.conda/envs/CVS-RFFI/lib/python3.10/site-packages/torch/distributions/__pycache__/constraints.cpython-310.pyc>
1890493 openat(AT_FDCWD</home/szu2070436088/2510044040/CV-SincNet>, "/home/szu2070436088/.conda/envs/CVS-RFFI/lib/python3.10/site-packages/torch/distributions/__pycache__/exp_family.cpython-310.pyc", O_RDONLY|O_CLOEXEC) = 17</home/szu2070436088/.conda/envs/CVS-RFFI/lib/python3.10/site-packages/torch/distributions/__pycache__/exp_family.cpython-310.pyc>
1890493 openat(AT_FDCWD</home/szu2070436088/2510044040/CV-SincNet>, "/home/szu2070436088/.conda/envs/CVS-RFFI/lib/python3.10/site-packages/torch/distributions/__pycache__/distribution.cpython-310.pyc", O_RDONLY|O_CLOEXEC) = 17</home/szu2070436088/.conda/envs/CVS-RFFI/lib/python3.10/site-packages/torch/distributions/__pycache__/distribution.cpython-310.pyc>
1890493 openat(AT_FDCWD</home/szu2070436088/2510044040/CV-SincNet>, "/home/szu2070436088/.conda/envs/CVS-RFFI/lib/python3.10/site-packages/torch/distributions/__pycache__/utils.cpython-310.pyc", O_RDONLY|O_CLOEXEC) = 17</home/szu2070436088/.conda/envs/CVS-RFFI/lib/python3.10/site-packages/torch/distributions/__pycache__/utils.cpython-310.pyc>
1890493 openat(AT_FDCWD</home/szu2070436088/2510044040/CV-SincNet>, "/home/szu2070436088/.conda/envs/CVS-RFFI/lib/python3.10/site-packages/torch/distributions/__pycache__/beta.cpython-310.pyc", O_RDONLY|O_CLOEXEC) = 17</home/szu2070436088/.conda/envs/CVS-RFFI/lib/python3.10/site-packages/torch/distributions/__pycache__/beta.cpython-310.pyc>
1890493 openat(AT_FDCWD</home/szu2070436088/2510044040/CV-SincNet>, "/home/szu2070436088/.conda/envs/CVS-RFFI/lib/python3.10/site-packages/torch/distributions/__pycache__/dirichlet.cpython-310.pyc", O_RDONLY|O_CLOEXEC) = 17</home/szu2070436088/.conda/envs/CVS-RFFI/lib/python3.10/site-packages/torch/distributions/__pycache__/dirichlet.cpython-310.pyc>
1890493 openat(AT_FDCWD</home/szu2070436088/2510044040/CV-SincNet>, "/home/szu2070436088/.conda/envs/CVS-RFFI/lib/python3.10/site-packages/torch/distributions/__pycache__/binomial.cpython-310.pyc", O_RDONLY|O_CLOEXEC) = 17</home/szu2070436088/.conda/envs/CVS-RFFI/lib/python3.10/site-packages/torch/distributions/__pycache__/binomial.cpython-310.pyc>
1890493 openat(AT_FDCWD</home/szu2070436088/2510044040/CV-SincNet>, "/home/szu2070436088/.conda/envs/CVS-RFFI/lib/python3.10/site-packages/torch/distributions/__pycache__/categorical.cpython-310.pyc", O_RDONLY|O_CLOEXEC) = 17</home/szu2070436088/.conda/envs/CVS-RFFI/lib/python3.10/site-packages/torch/distributions/__pycache__/categorical.cpython-310.pyc>
1890493 openat(AT_FDCWD</home/szu2070436088/2510044040/CV-SincNet>, "/home/szu2070436088/.conda/envs/CVS-RFFI/lib/python3.10/site-packages/torch/distributions/__pycache__/cauchy.cpython-310.pyc", O_RDONLY|O_CLOEXEC) = 17</home/szu2070436088/.conda/envs/CVS-RFFI/lib/python3.10/site-packages/torch/distributions/__pycache__/cauchy.cpython-310.pyc>
1890493 openat(AT_FDCWD</home/szu2070436088/2510044040/CV-SincNet>, "/home/szu2070436088/.conda/envs/CVS-RFFI/lib/python3.10/site-packages/torch/distributions/__pycache__/chi2.cpython-310.pyc", O_RDONLY|O_CLOEXEC) = 17</home/szu2070436088/.conda/envs/CVS-RFFI/lib/python3.10/site-packages/torch/distributions/__pycache__/chi2.cpython-310.pyc>
1890493 openat(AT_FDCWD</home/szu2070436088/2510044040/CV-SincNet>, "/home/szu2070436088/.conda/envs/CVS-RFFI/lib/python3.10/site-packages/torch/distributions/__pycache__/gamma.cpython-310.pyc", O_RDONLY|O_CLOEXEC) = 17</home/szu2070436088/.conda/envs/CVS-RFFI/lib/python3.10/site-packages/torch/distributions/__pycache__/gamma.cpython-310.pyc>
1890493 openat(AT_FDCWD</home/szu2070436088/2510044040/CV-SincNet>, "/home/szu2070436088/.conda/envs/CVS-RFFI/lib/python3.10/site-packages/torch/distributions/__pycache__/constraint_registry.cpython-310.pyc", O_RDONLY|O_CLOEXEC) = 17</home/szu2070436088/.conda/envs/CVS-RFFI/lib/python3.10/site-packages/torch/distributions/__pycache__/constraint_registry.cpython-310.pyc>
1890493 openat(AT_FDCWD</home/szu2070436088/2510044040/CV-SincNet>, "/home/szu2070436088/.conda/envs/CVS-RFFI/lib/python3.10/site-packages/torch/distributions/__pycache__/transforms.cpython-310.pyc", O_RDONLY|O_CLOEXEC) = 17</home/szu2070436088/.conda/envs/CVS-RFFI/lib/python3.10/site-packages/torch/distributions/__pycache__/transforms.cpython-310.pyc>
1890493 openat(AT_FDCWD</home/szu2070436088/2510044040/CV-SincNet>, "/home/szu2070436088/.conda/envs/CVS-RFFI/lib/python3.10/site-packages/torch/distributions/__pycache__/continuous_bernoulli.cpython-310.pyc", O_RDONLY|O_CLOEXEC) = 17</home/szu2070436088/.conda/envs/CVS-RFFI/lib/python3.10/site-packages/torch/distributions/__pycache__/continuous_bernoulli.cpython-310.pyc>
1890493 openat(AT_FDCWD</home/szu2070436088/2510044040/CV-SincNet>, "/home/szu2070436088/.conda/envs/CVS-RFFI/lib/python3.10/site-packages/torch/distributions/__pycache__/exponential.cpython-310.pyc", O_RDONLY|O_CLOEXEC) = 17</home/szu2070436088/.conda/envs/CVS-RFFI/lib/python3.10/site-packages/torch/distributions/__pycache__/exponential.cpython-310.pyc>
1890493 openat(AT_FDCWD</home/szu2070436088/2510044040/CV-SincNet>, "/home/szu2070436088/.conda/envs/CVS-RFFI/lib/python3.10/site-packages/torch/distributions/__pycache__/fishersnedecor.cpython-310.pyc", O_RDONLY|O_CLOEXEC) = 17</home/szu2070436088/.conda/envs/CVS-RFFI/lib/python3.10/site-packages/torch/distributions/__pycache__/fishersnedecor.cpython-310.pyc>
1890493 openat(AT_FDCWD</home/szu2070436088/2510044040/CV-SincNet>, "/home/szu2070436088/.conda/envs/CVS-RFFI/lib/python3.10/site-packages/torch/distributions/__pycache__/geometric.cpython-310.pyc", O_RDONLY|O_CLOEXEC) = 17</home/szu2070436088/.conda/envs/CVS-RFFI/lib/python3.10/site-packages/torch/distributions/__pycache__/geometric.cpython-310.pyc>
1890493 openat(AT_FDCWD</home/szu2070436088/2510044040/CV-SincNet>, "/home/szu2070436088/.conda/envs/CVS-RFFI/lib/python3.10/site-packages/torch/distributions/__pycache__/gumbel.cpython-310.pyc", O_RDONLY|O_CLOEXEC) = 17</home/szu2070436088/.conda/envs/CVS-RFFI/lib/python3.10/site-packages/torch/distributions/__pycache__/gumbel.cpython-310.pyc>
1890493 openat(AT_FDCWD</home/szu2070436088/2510044040/CV-SincNet>, "/home/szu2070436088/.conda/envs/CVS-RFFI/lib/python3.10/site-packages/torch/distributions/__pycache__/transformed_distribution.cpython-310.pyc", O_RDONLY|O_CLOEXEC) = 17</home/szu2070436088/.conda/envs/CVS-RFFI/lib/python3.10/site-packages/torch/distributions/__pycache__/transformed_distribution.cpython-310.pyc>
1890493 openat(AT_FDCWD</home/szu2070436088/2510044040/CV-SincNet>, "/home/szu2070436088/.conda/envs/CVS-RFFI/lib/python3.10/site-packages/torch/distributions/__pycache__/independent.cpython-310.pyc", O_RDONLY|O_CLOEXEC) = 17</home/szu2070436088/.conda/envs/CVS-RFFI/lib/python3.10/site-packages/torch/distributions/__pycache__/independent.cpython-310.pyc>
1890493 openat(AT_FDCWD</home/szu2070436088/2510044040/CV-SincNet>, "/home/szu2070436088/.conda/envs/CVS-RFFI/lib/python3.10/site-packages/torch/distributions/__pycache__/uniform.cpython-310.pyc", O_RDONLY|O_CLOEXEC) = 17</home/szu2070436088/.conda/envs/CVS-RFFI/lib/python3.10/site-packages/torch/distributions/__pycache__/uniform.cpython-310.pyc>
1890493 openat(AT_FDCWD</home/szu2070436088/2510044040/CV-SincNet>, "/home/szu2070436088/.conda/envs/CVS-RFFI/lib/python3.10/site-packages/torch/distributions/__pycache__/half_cauchy.cpython-310.pyc", O_RDONLY|O_CLOEXEC) = 17</home/szu2070436088/.conda/envs/CVS-RFFI/lib/python3.10/site-packages/torch/distributions/__pycache__/half_cauchy.cpython-310.pyc>
1890493 openat(AT_FDCWD</home/szu2070436088/2510044040/CV-SincNet>, "/home/szu2070436088/.conda/envs/CVS-RFFI/lib/python3.10/site-packages/torch/distributions/__pycache__/half_normal.cpython-310.pyc", O_RDONLY|O_CLOEXEC) = 17</home/szu2070436088/.conda/envs/CVS-RFFI/lib/python3.10/site-packages/torch/distributions/__pycache__/half_normal.cpython-310.pyc>
1890493 openat(AT_FDCWD</home/szu2070436088/2510044040/CV-SincNet>, "/home/szu2070436088/.conda/envs/CVS-RFFI/lib/python3.10/site-packages/torch/distributions/__pycache__/normal.cpython-310.pyc", O_RDONLY|O_CLOEXEC) = 17</home/szu2070436088/.conda/envs/CVS-RFFI/lib/python3.10/site-packages/torch/distributions/__pycache__/normal.cpython-310.pyc>
1890493 openat(AT_FDCWD</home/szu2070436088/2510044040/CV-SincNet>, "/home/szu2070436088/.conda/envs/CVS-RFFI/lib/python3.10/site-packages/torch/distributions/__pycache__/kl.cpython-310.pyc", O_RDONLY|O_CLOEXEC) = 17</home/szu2070436088/.conda/envs/CVS-RFFI/lib/python3.10/site-packages/torch/distributions/__pycache__/kl.cpython-310.pyc>
1890493 openat(AT_FDCWD</home/szu2070436088/2510044040/CV-SincNet>, "/home/szu2070436088/.conda/envs/CVS-RFFI/lib/python3.10/site-packages/torch/distributions/__pycache__/laplace.cpython-310.pyc", O_RDONLY|O_CLOEXEC) = 17</home/szu2070436088/.conda/envs/CVS-RFFI/lib/python3.10/site-packages/torch/distributions/__pycache__/laplace.cpython-310.pyc>
1890493 openat(AT_FDCWD</home/szu2070436088/2510044040/CV-SincNet>, "/home/szu2070436088/.conda/envs/CVS-RFFI/lib/python3.10/site-packages/torch/distributions/__pycache__/lowrank_multivariate_normal.cpython-310.pyc", O_RDONLY|O_CLOEXEC) = 17</home/szu2070436088/.conda/envs/CVS-RFFI/lib/python3.10/site-packages/torch/distributions/__pycache__/lowrank_multivariate_normal.cpython-310.pyc>
1890493 openat(AT_FDCWD</home/szu2070436088/2510044040/CV-SincNet>, "/home/szu2070436088/.conda/envs/CVS-RFFI/lib/python3.10/site-packages/torch/distributions/__pycache__/multivariate_normal.cpython-310.pyc", O_RDONLY|O_CLOEXEC) = 17</home/szu2070436088/.conda/envs/CVS-RFFI/lib/python3.10/site-packages/torch/distributions/__pycache__/multivariate_normal.cpython-310.pyc>
1890493 openat(AT_FDCWD</home/szu2070436088/2510044040/CV-SincNet>, "/home/szu2070436088/.conda/envs/CVS-RFFI/lib/python3.10/site-packages/torch/distributions/__pycache__/one_hot_categorical.cpython-310.pyc", O_RDONLY|O_CLOEXEC) = 17</home/szu2070436088/.conda/envs/CVS-RFFI/lib/python3.10/site-packages/torch/distributions/__pycache__/one_hot_categorical.cpython-310.pyc>
1890493 openat(AT_FDCWD</home/szu2070436088/2510044040/CV-SincNet>, "/home/szu2070436088/.conda/envs/CVS-RFFI/lib/python3.10/site-packages/torch/distributions/__pycache__/pareto.cpython-310.pyc", O_RDONLY|O_CLOEXEC) = 17</home/szu2070436088/.conda/envs/CVS-RFFI/lib/python3.10/site-packages/torch/distributions/__pycache__/pareto.cpython-310.pyc>
1890493 openat(AT_FDCWD</home/szu2070436088/2510044040/CV-SincNet>, "/home/szu2070436088/.conda/envs/CVS-RFFI/lib/python3.10/site-packages/torch/distributions/__pycache__/poisson.cpython-310.pyc", O_RDONLY|O_CLOEXEC) = 17</home/szu2070436088/.conda/envs/CVS-RFFI/lib/python3.10/site-packages/torch/distributions/__pycache__/poisson.cpython-310.pyc>
1890493 openat(AT_FDCWD</home/szu2070436088/2510044040/CV-SincNet>, "/home/szu2070436088/.conda/envs/CVS-RFFI/lib/python3.10/site-packages/torch/distributions/__pycache__/kumaraswamy.cpython-310.pyc", O_RDONLY|O_CLOEXEC) = 17</home/szu2070436088/.conda/envs/CVS-RFFI/lib/python3.10/site-packages/torch/distributions/__pycache__/kumaraswamy.cpython-310.pyc>
1890493 openat(AT_FDCWD</home/szu2070436088/2510044040/CV-SincNet>, "/home/szu2070436088/.conda/envs/CVS-RFFI/lib/python3.10/site-packages/torch/distributions/__pycache__/lkj_cholesky.cpython-310.pyc", O_RDONLY|O_CLOEXEC) = 17</home/szu2070436088/.conda/envs/CVS-RFFI/lib/python3.10/site-packages/torch/distributions/__pycache__/lkj_cholesky.cpython-310.pyc>
1890493 openat(AT_FDCWD</home/szu2070436088/2510044040/CV-SincNet>, "/home/szu2070436088/.conda/envs/CVS-RFFI/lib/python3.10/site-packages/torch/distributions/__pycache__/log_normal.cpython-310.pyc", O_RDONLY|O_CLOEXEC) = 17</home/szu2070436088/.conda/envs/CVS-RFFI/lib/python3.10/site-packages/torch/distributions/__pycache__/log_normal.cpython-310.pyc>
1890493 openat(AT_FDCWD</home/szu2070436088/2510044040/CV-SincNet>, "/home/szu2070436088/.conda/envs/CVS-RFFI/lib/python3.10/site-packages/torch/distributions/__pycache__/logistic_normal.cpython-310.pyc", O_RDONLY|O_CLOEXEC) = 17</home/szu2070436088/.conda/envs/CVS-RFFI/lib/python3.10/site-packages/torch/distributions/__pycache__/logistic_normal.cpython-310.pyc>
1890493 openat(AT_FDCWD</home/szu2070436088/2510044040/CV-SincNet>, "/home/szu2070436088/.conda/envs/CVS-RFFI/lib/python3.10/site-packages/torch/distributions/__pycache__/mixture_same_family.cpython-310.pyc", O_RDONLY|O_CLOEXEC) = 17</home/szu2070436088/.conda/envs/CVS-RFFI/lib/python3.10/site-packages/torch/distributions/__pycache__/mixture_same_family.cpython-310.pyc>
1890493 openat(AT_FDCWD</home/szu2070436088/2510044040/CV-SincNet>, "/home/szu2070436088/.conda/envs/CVS-RFFI/lib/python3.10/site-packages/torch/distributions/__pycache__/multinomial.cpython-310.pyc", O_RDONLY|O_CLOEXEC) = 17</home/szu2070436088/.conda/envs/CVS-RFFI/lib/python3.10/site-packages/torch/distributions/__pycache__/multinomial.cpython-310.pyc>
1890493 openat(AT_FDCWD</home/szu2070436088/2510044040/CV-SincNet>, "/home/szu2070436088/.conda/envs/CVS-RFFI/lib/python3.10/site-packages/torch/distributions/__pycache__/negative_binomial.cpython-310.pyc", O_RDONLY|O_CLOEXEC) = 17</home/szu2070436088/.conda/envs/CVS-RFFI/lib/python3.10/site-packages/torch/distributions/__pycache__/negative_binomial.cpython-310.pyc>
1890493 openat(AT_FDCWD</home/szu2070436088/2510044040/CV-SincNet>, "/home/szu2070436088/.conda/envs/CVS-RFFI/lib/python3.10/site-packages/torch/distributions/__pycache__/relaxed_bernoulli.cpython-310.pyc", O_RDONLY|O_CLOEXEC) = 17</home/szu2070436088/.conda/envs/CVS-RFFI/lib/python3.10/site-packages/torch/distributions/__pycache__/relaxed_bernoulli.cpython-310.pyc>
1890493 openat(AT_FDCWD</home/szu2070436088/2510044040/CV-SincNet>, "/home/szu2070436088/.conda/envs/CVS-RFFI/lib/python3.10/site-packages/torch/distributions/__pycache__/relaxed_categorical.cpython-310.pyc", O_RDONLY|O_CLOEXEC) = 17</home/szu2070436088/.conda/envs/CVS-RFFI/lib/python3.10/site-packages/torch/distributions/__pycache__/relaxed_categorical.cpython-310.pyc>
1890493 openat(AT_FDCWD</home/szu2070436088/2510044040/CV-SincNet>, "/home/szu2070436088/.conda/envs/CVS-RFFI/lib/python3.10/site-packages/torch/distributions/__pycache__/studentT.cpython-310.pyc", O_RDONLY|O_CLOEXEC) = 17</home/szu2070436088/.conda/envs/CVS-RFFI/lib/python3.10/site-packages/torch/distributions/__pycache__/studentT.cpython-310.pyc>
1890493 openat(AT_FDCWD</home/szu2070436088/2510044040/CV-SincNet>, "/home/szu2070436088/.conda/envs/CVS-RFFI/lib/python3.10/site-packages/torch/distributions/__pycache__/von_mises.cpython-310.pyc", O_RDONLY|O_CLOEXEC) = 17</home/szu2070436088/.conda/envs/CVS-RFFI/lib/python3.10/site-packages/torch/distributions/__pycache__/von_mises.cpython-310.pyc>
1890493 openat(AT_FDCWD</home/szu2070436088/2510044040/CV-SincNet>, "/home/szu2070436088/.conda/envs/CVS-RFFI/lib/python3.10/site-packages/torch/distributions/__pycache__/weibull.cpython-310.pyc", O_RDONLY|O_CLOEXEC) = 17</home/szu2070436088/.conda/envs/CVS-RFFI/lib/python3.10/site-packages/torch/distributions/__pycache__/weibull.cpython-310.pyc>
1890493 openat(AT_FDCWD</home/szu2070436088/2510044040/CV-SincNet>, "/home/szu2070436088/.conda/envs/CVS-RFFI/lib/python3.10/site-packages/torch/distributions/__pycache__/wishart.cpython-310.pyc", O_RDONLY|O_CLOEXEC) = 17</home/szu2070436088/.conda/envs/CVS-RFFI/lib/python3.10/site-packages/torch/distributions/__pycache__/wishart.cpython-310.pyc>
1890493 openat(AT_FDCWD</home/szu2070436088/2510044040/CV-SincNet>, "/home/szu2070436088/.conda/envs/CVS-RFFI/lib/python3.10/site-packages/torch/utils/data/__pycache__/__init__.cpython-310.pyc", O_RDONLY|O_CLOEXEC) = 17</home/szu2070436088/.conda/envs/CVS-RFFI/lib/python3.10/site-packages/torch/utils/data/__pycache__/__init__.cpython-310.pyc>
1890493 openat(AT_FDCWD</home/szu2070436088/2510044040/CV-SincNet>, "/home/szu2070436088/.conda/envs/CVS-RFFI/lib/python3.10/site-packages/torch/utils/data", O_RDONLY|O_NONBLOCK|O_CLOEXEC|O_DIRECTORY) = 17</home/szu2070436088/.conda/envs/CVS-RFFI/lib/python3.10/site-packages/torch/utils/data>
1890493 openat(AT_FDCWD</home/szu2070436088/2510044040/CV-SincNet>, "/home/szu2070436088/.conda/envs/CVS-RFFI/lib/python3.10/site-packages/torch/utils/data/__pycache__/sampler.cpython-310.pyc", O_RDONLY|O_CLOEXEC) = 17</home/szu2070436088/.conda/envs/CVS-RFFI/lib/python3.10/site-packages/torch/utils/data/__pycache__/sampler.cpython-310.pyc>
1890493 openat(AT_FDCWD</home/szu2070436088/2510044040/CV-SincNet>, "/home/szu2070436088/.conda/envs/CVS-RFFI/lib/python3.10/site-packages/torch/utils/data/__pycache__/dataset.cpython-310.pyc", O_RDONLY|O_CLOEXEC) = 17</home/szu2070436088/.conda/envs/CVS-RFFI/lib/python3.10/site-packages/torch/utils/data/__pycache__/dataset.cpython-310.pyc>
1890493 openat(AT_FDCWD</home/szu2070436088/2510044040/CV-SincNet>, "/home/szu2070436088/.conda/envs/CVS-RFFI/lib/python3.10/site-packages/torch/utils/data/datapipes/__pycache__/__init__.cpython-310.pyc", O_RDONLY|O_CLOEXEC) = 17</home/szu2070436088/.conda/envs/CVS-RFFI/lib/python3.10/site-packages/torch/utils/data/datapipes/__pycache__/__init__.cpython-310.pyc>
1890493 openat(AT_FDCWD</home/szu2070436088/2510044040/CV-SincNet>, "/home/szu2070436088/.conda/envs/CVS-RFFI/lib/python3.10/site-packages/torch/utils/data/datapipes", O_RDONLY|O_NONBLOCK|O_CLOEXEC|O_DIRECTORY) = 17</home/szu2070436088/.conda/envs/CVS-RFFI/lib/python3.10/site-packages/torch/utils/data/datapipes>
1890493 openat(AT_FDCWD</home/szu2070436088/2510044040/CV-SincNet>, "/home/szu2070436088/.conda/envs/CVS-RFFI/lib/python3.10/site-packages/torch/utils/data/datapipes/iter/__pycache__/__init__.cpython-310.pyc", O_RDONLY|O_CLOEXEC) = 17</home/szu2070436088/.conda/envs/CVS-RFFI/lib/python3.10/site-packages/torch/utils/data/datapipes/iter/__pycache__/__init__.cpython-310.pyc>
1890493 openat(AT_FDCWD</home/szu2070436088/2510044040/CV-SincNet>, "/home/szu2070436088/.conda/envs/CVS-RFFI/lib/python3.10/site-packages/torch/utils/data/datapipes/iter", O_RDONLY|O_NONBLOCK|O_CLOEXEC|O_DIRECTORY) = 17</home/szu2070436088/.conda/envs/CVS-RFFI/lib/python3.10/site-packages/torch/utils/data/datapipes/iter>
1890493 openat(AT_FDCWD</home/szu2070436088/2510044040/CV-SincNet>, "/home/szu2070436088/.conda/envs/CVS-RFFI/lib/python3.10/site-packages/torch/utils/data/datapipes/iter/__pycache__/utils.cpython-310.pyc", O_RDONLY|O_CLOEXEC) = 17</home/szu2070436088/.conda/envs/CVS-RFFI/lib/python3.10/site-packages/torch/utils/data/datapipes/iter/__pycache__/utils.cpython-310.pyc>
1890493 openat(AT_FDCWD</home/szu2070436088/2510044040/CV-SincNet>, "/home/szu2070436088/.conda/envs/CVS-RFFI/lib/python3.10/site-packages/torch/utils/data/datapipes/__pycache__/datapipe.cpython-310.pyc", O_RDONLY|O_CLOEXEC) = 17</home/szu2070436088/.conda/envs/CVS-RFFI/lib/python3.10/site-packages/torch/utils/data/datapipes/__pycache__/datapipe.cpython-310.pyc>
1890493 openat(AT_FDCWD</home/szu2070436088/2510044040/CV-SincNet>, "/home/szu2070436088/.conda/envs/CVS-RFFI/lib/python3.10/site-packages/torch/utils/data/datapipes/__pycache__/_typing.cpython-310.pyc", O_RDONLY|O_CLOEXEC) = 17</home/szu2070436088/.conda/envs/CVS-RFFI/lib/python3.10/site-packages/torch/utils/data/datapipes/__pycache__/_typing.cpython-310.pyc>
1890493 openat(AT_FDCWD</home/szu2070436088/2510044040/CV-SincNet>, "/home/szu2070436088/.conda/envs/CVS-RFFI/lib/python3.10/site-packages/torch/utils/data/datapipes/__pycache__/_hook_iterator.cpython-310.pyc", O_RDONLY|O_CLOEXEC) = 17</home/szu2070436088/.conda/envs/CVS-RFFI/lib/python3.10/site-packages/torch/utils/data/datapipes/__pycache__/_hook_iterator.cpython-310.pyc>
1890493 openat(AT_FDCWD</home/szu2070436088/2510044040/CV-SincNet>, "/home/szu2070436088/.conda/envs/CVS-RFFI/lib/python3.10/site-packages/torch/utils/data/datapipes/utils/__pycache__/__init__.cpython-310.pyc", O_RDONLY|O_CLOEXEC) = 17</home/szu2070436088/.conda/envs/CVS-RFFI/lib/python3.10/site-packages/torch/utils/data/datapipes/utils/__pycache__/__init__.cpython-310.pyc>
1890493 openat(AT_FDCWD</home/szu2070436088/2510044040/CV-SincNet>, "/home/szu2070436088/.conda/envs/CVS-RFFI/lib/python3.10/site-packages/torch/utils/data/datapipes/utils", O_RDONLY|O_NONBLOCK|O_CLOEXEC|O_DIRECTORY) = 17</home/szu2070436088/.conda/envs/CVS-RFFI/lib/python3.10/site-packages/torch/utils/data/datapipes/utils>
1890493 openat(AT_FDCWD</home/szu2070436088/2510044040/CV-SincNet>, "/home/szu2070436088/.conda/envs/CVS-RFFI/lib/python3.10/site-packages/torch/utils/data/datapipes/utils/__pycache__/common.cpython-310.pyc", O_RDONLY|O_CLOEXEC) = 17</home/szu2070436088/.conda/envs/CVS-RFFI/lib/python3.10/site-packages/torch/utils/data/datapipes/utils/__pycache__/common.cpython-310.pyc>
1890493 openat(AT_FDCWD</home/szu2070436088/2510044040/CV-SincNet>, "/home/szu2070436088/.conda/envs/CVS-RFFI/lib/python3.10/site-packages/torch/utils/data/_utils/__pycache__/__init__.cpython-310.pyc", O_RDONLY|O_CLOEXEC) = 17</home/szu2070436088/.conda/envs/CVS-RFFI/lib/python3.10/site-packages/torch/utils/data/_utils/__pycache__/__init__.cpython-310.pyc>
1890493 openat(AT_FDCWD</home/szu2070436088/2510044040/CV-SincNet>, "/home/szu2070436088/.conda/envs/CVS-RFFI/lib/python3.10/site-packages/torch/utils/data/_utils", O_RDONLY|O_NONBLOCK|O_CLOEXEC|O_DIRECTORY) = 17</home/szu2070436088/.conda/envs/CVS-RFFI/lib/python3.10/site-packages/torch/utils/data/_utils>
1890493 openat(AT_FDCWD</home/szu2070436088/2510044040/CV-SincNet>, "/home/szu2070436088/.conda/envs/CVS-RFFI/lib/python3.10/site-packages/torch/utils/data/_utils/__pycache__/worker.cpython-310.pyc", O_RDONLY|O_CLOEXEC) = 17</home/szu2070436088/.conda/envs/CVS-RFFI/lib/python3.10/site-packages/torch/utils/data/_utils/__pycache__/worker.cpython-310.pyc>
1890493 openat(AT_FDCWD</home/szu2070436088/2510044040/CV-SincNet>, "/home/szu2070436088/.conda/envs/CVS-RFFI/lib/python3.10/__pycache__/queue.cpython-310.pyc", O_RDONLY|O_CLOEXEC) = 17</home/szu2070436088/.conda/envs/CVS-RFFI/lib/python3.10/__pycache__/queue.cpython-310.pyc>
1890493 openat(AT_FDCWD</home/szu2070436088/2510044040/CV-SincNet>, "/home/szu2070436088/.conda/envs/CVS-RFFI/lib/python3.10/lib-dynload/_queue.cpython-310-x86_64-linux-gnu.so", O_RDONLY|O_CLOEXEC) = 17</home/szu2070436088/.conda/envs/CVS-RFFI/lib/python3.10/lib-dynload/_queue.cpython-310-x86_64-linux-gnu.so>
1890493 openat(AT_FDCWD</home/szu2070436088/2510044040/CV-SincNet>, "/home/szu2070436088/.conda/envs/CVS-RFFI/lib/python3.10/site-packages/torch/utils/data/_utils/__pycache__/signal_handling.cpython-310.pyc", O_RDONLY|O_CLOEXEC) = 17</home/szu2070436088/.conda/envs/CVS-RFFI/lib/python3.10/site-packages/torch/utils/data/_utils/__pycache__/signal_handling.cpython-310.pyc>
1890493 openat(AT_FDCWD</home/szu2070436088/2510044040/CV-SincNet>, "/home/szu2070436088/.conda/envs/CVS-RFFI/lib/python3.10/site-packages/torch/utils/data/_utils/__pycache__/pin_memory.cpython-310.pyc", O_RDONLY|O_CLOEXEC) = 17</home/szu2070436088/.conda/envs/CVS-RFFI/lib/python3.10/site-packages/torch/utils/data/_utils/__pycache__/pin_memory.cpython-310.pyc>
1890493 openat(AT_FDCWD</home/szu2070436088/2510044040/CV-SincNet>, "/home/szu2070436088/.conda/envs/CVS-RFFI/lib/python3.10/site-packages/torch/utils/data/_utils/__pycache__/collate.cpython-310.pyc", O_RDONLY|O_CLOEXEC) = 17</home/szu2070436088/.conda/envs/CVS-RFFI/lib/python3.10/site-packages/torch/utils/data/_utils/__pycache__/collate.cpython-310.pyc>
1890493 openat(AT_FDCWD</home/szu2070436088/2510044040/CV-SincNet>, "/home/szu2070436088/.conda/envs/CVS-RFFI/lib/python3.10/site-packages/torch/utils/data/_utils/__pycache__/fetch.cpython-310.pyc", O_RDONLY|O_CLOEXEC) = 17</home/szu2070436088/.conda/envs/CVS-RFFI/lib/python3.10/site-packages/torch/utils/data/_utils/__pycache__/fetch.cpython-310.pyc>
1890493 openat(AT_FDCWD</home/szu2070436088/2510044040/CV-SincNet>, "/home/szu2070436088/.conda/envs/CVS-RFFI/lib/python3.10/site-packages/torch/utils/data/_utils/__pycache__/serialization.cpython-310.pyc", O_RDONLY|O_CLOEXEC) = 17</home/szu2070436088/.conda/envs/CVS-RFFI/lib/python3.10/site-packages/torch/utils/data/_utils/__pycache__/serialization.cpython-310.pyc>
1890493 openat(AT_FDCWD</home/szu2070436088/2510044040/CV-SincNet>, "/home/szu2070436088/.conda/envs/CVS-RFFI/lib/python3.10/site-packages/torch/utils/data/datapipes/iter/__pycache__/callable.cpython-310.pyc", O_RDONLY|O_CLOEXEC) = 17</home/szu2070436088/.conda/envs/CVS-RFFI/lib/python3.10/site-packages/torch/utils/data/datapipes/iter/__pycache__/callable.cpython-310.pyc>
1890493 openat(AT_FDCWD</home/szu2070436088/2510044040/CV-SincNet>, "/home/szu2070436088/.conda/envs/CVS-RFFI/lib/python3.10/site-packages/torch/utils/data/datapipes/__pycache__/_decorator.cpython-310.pyc", O_RDONLY|O_CLOEXEC) = 17</home/szu2070436088/.conda/envs/CVS-RFFI/lib/python3.10/site-packages/torch/utils/data/datapipes/__pycache__/_decorator.cpython-310.pyc>
1890493 openat(AT_FDCWD</home/szu2070436088/2510044040/CV-SincNet>, "/home/szu2070436088/.conda/envs/CVS-RFFI/lib/python3.10/site-packages/torch/utils/data/datapipes/dataframe/__pycache__/__init__.cpython-310.pyc", O_RDONLY|O_CLOEXEC) = 17</home/szu2070436088/.conda/envs/CVS-RFFI/lib/python3.10/site-packages/torch/utils/data/datapipes/dataframe/__pycache__/__init__.cpython-310.pyc>
1890493 openat(AT_FDCWD</home/szu2070436088/2510044040/CV-SincNet>, "/home/szu2070436088/.conda/envs/CVS-RFFI/lib/python3.10/site-packages/torch/utils/data/datapipes/dataframe", O_RDONLY|O_NONBLOCK|O_CLOEXEC|O_DIRECTORY) = 17</home/szu2070436088/.conda/envs/CVS-RFFI/lib/python3.10/site-packages/torch/utils/data/datapipes/dataframe>
1890493 openat(AT_FDCWD</home/szu2070436088/2510044040/CV-SincNet>, "/home/szu2070436088/.conda/envs/CVS-RFFI/lib/python3.10/site-packages/torch/utils/data/datapipes/dataframe/__pycache__/dataframes.cpython-310.pyc", O_RDONLY|O_CLOEXEC) = 17</home/szu2070436088/.conda/envs/CVS-RFFI/lib/python3.10/site-packages/torch/utils/data/datapipes/dataframe/__pycache__/dataframes.cpython-310.pyc>
1890493 openat(AT_FDCWD</home/szu2070436088/2510044040/CV-SincNet>, "/home/szu2070436088/.conda/envs/CVS-RFFI/lib/python3.10/site-packages/torch/utils/data/datapipes/dataframe/__pycache__/structures.cpython-310.pyc", O_RDONLY|O_CLOEXEC) = 17</home/szu2070436088/.conda/envs/CVS-RFFI/lib/python3.10/site-packages/torch/utils/data/datapipes/dataframe/__pycache__/structures.cpython-310.pyc>
1890493 openat(AT_FDCWD</home/szu2070436088/2510044040/CV-SincNet>, "/home/szu2070436088/.conda/envs/CVS-RFFI/lib/python3.10/site-packages/torch/utils/data/datapipes/dataframe/__pycache__/dataframe_wrapper.cpython-310.pyc", O_RDONLY|O_CLOEXEC) = 17</home/szu2070436088/.conda/envs/CVS-RFFI/lib/python3.10/site-packages/torch/utils/data/datapipes/dataframe/__pycache__/dataframe_wrapper.cpython-310.pyc>
1890493 openat(AT_FDCWD</home/szu2070436088/2510044040/CV-SincNet>, "/home/szu2070436088/.conda/envs/CVS-RFFI/lib/python3.10/site-packages/torch/utils/data/datapipes/dataframe/__pycache__/datapipes.cpython-310.pyc", O_RDONLY|O_CLOEXEC) = 17</home/szu2070436088/.conda/envs/CVS-RFFI/lib/python3.10/site-packages/torch/utils/data/datapipes/dataframe/__pycache__/datapipes.cpython-310.pyc>
1890493 openat(AT_FDCWD</home/szu2070436088/2510044040/CV-SincNet>, "/home/szu2070436088/.conda/envs/CVS-RFFI/lib/python3.10/site-packages/torch/utils/data/datapipes/iter/__pycache__/combinatorics.cpython-310.pyc", O_RDONLY|O_CLOEXEC) = 17</home/szu2070436088/.conda/envs/CVS-RFFI/lib/python3.10/site-packages/torch/utils/data/datapipes/iter/__pycache__/combinatorics.cpython-310.pyc>
1890493 openat(AT_FDCWD</home/szu2070436088/2510044040/CV-SincNet>, "/home/szu2070436088/.conda/envs/CVS-RFFI/lib/python3.10/site-packages/torch/utils/data/datapipes/iter/__pycache__/combining.cpython-310.pyc", O_RDONLY|O_CLOEXEC) = 17</home/szu2070436088/.conda/envs/CVS-RFFI/lib/python3.10/site-packages/torch/utils/data/datapipes/iter/__pycache__/combining.cpython-310.pyc>
1890493 openat(AT_FDCWD</home/szu2070436088/2510044040/CV-SincNet>, "/home/szu2070436088/.conda/envs/CVS-RFFI/lib/python3.10/site-packages/torch/utils/data/datapipes/iter/__pycache__/filelister.cpython-310.pyc", O_RDONLY|O_CLOEXEC) = 17</home/szu2070436088/.conda/envs/CVS-RFFI/lib/python3.10/site-packages/torch/utils/data/datapipes/iter/__pycache__/filelister.cpython-310.pyc>
1890493 openat(AT_FDCWD</home/szu2070436088/2510044040/CV-SincNet>, "/home/szu2070436088/.conda/envs/CVS-RFFI/lib/python3.10/site-packages/torch/utils/data/datapipes/iter/__pycache__/fileopener.cpython-310.pyc", O_RDONLY|O_CLOEXEC) = 17</home/szu2070436088/.conda/envs/CVS-RFFI/lib/python3.10/site-packages/torch/utils/data/datapipes/iter/__pycache__/fileopener.cpython-310.pyc>
1890493 openat(AT_FDCWD</home/szu2070436088/2510044040/CV-SincNet>, "/home/szu2070436088/.conda/envs/CVS-RFFI/lib/python3.10/site-packages/torch/utils/data/datapipes/iter/__pycache__/grouping.cpython-310.pyc", O_RDONLY|O_CLOEXEC) = 17</home/szu2070436088/.conda/envs/CVS-RFFI/lib/python3.10/site-packages/torch/utils/data/datapipes/iter/__pycache__/grouping.cpython-310.pyc>
1890493 openat(AT_FDCWD</home/szu2070436088/2510044040/CV-SincNet>, "/home/szu2070436088/.conda/envs/CVS-RFFI/lib/python3.10/site-packages/torch/utils/data/datapipes/iter/__pycache__/sharding.cpython-310.pyc", O_RDONLY|O_CLOEXEC) = 17</home/szu2070436088/.conda/envs/CVS-RFFI/lib/python3.10/site-packages/torch/utils/data/datapipes/iter/__pycache__/sharding.cpython-310.pyc>
1890493 openat(AT_FDCWD</home/szu2070436088/2510044040/CV-SincNet>, "/home/szu2070436088/.conda/envs/CVS-RFFI/lib/python3.10/site-packages/torch/utils/data/datapipes/iter/__pycache__/routeddecoder.cpython-310.pyc", O_RDONLY|O_CLOEXEC) = 17</home/szu2070436088/.conda/envs/CVS-RFFI/lib/python3.10/site-packages/torch/utils/data/datapipes/iter/__pycache__/routeddecoder.cpython-310.pyc>
1890493 openat(AT_FDCWD</home/szu2070436088/2510044040/CV-SincNet>, "/home/szu2070436088/.conda/envs/CVS-RFFI/lib/python3.10/site-packages/torch/utils/data/datapipes/utils/__pycache__/decoder.cpython-310.pyc", O_RDONLY|O_CLOEXEC) = 17</home/szu2070436088/.conda/envs/CVS-RFFI/lib/python3.10/site-packages/torch/utils/data/datapipes/utils/__pycache__/decoder.cpython-310.pyc>
1890493 openat(AT_FDCWD</home/szu2070436088/2510044040/CV-SincNet>, "/home/szu2070436088/.conda/envs/CVS-RFFI/lib/python3.10/site-packages/torch/utils/data/datapipes/iter/__pycache__/selecting.cpython-310.pyc", O_RDONLY|O_CLOEXEC) = 17</home/szu2070436088/.conda/envs/CVS-RFFI/lib/python3.10/site-packages/torch/utils/data/datapipes/iter/__pycache__/selecting.cpython-310.pyc>
1890493 openat(AT_FDCWD</home/szu2070436088/2510044040/CV-SincNet>, "/home/szu2070436088/.conda/envs/CVS-RFFI/lib/python3.10/site-packages/torch/utils/data/datapipes/iter/__pycache__/streamreader.cpython-310.pyc", O_RDONLY|O_CLOEXEC) = 17</home/szu2070436088/.conda/envs/CVS-RFFI/lib/python3.10/site-packages/torch/utils/data/datapipes/iter/__pycache__/streamreader.cpython-310.pyc>
1890493 openat(AT_FDCWD</home/szu2070436088/2510044040/CV-SincNet>, "/home/szu2070436088/.conda/envs/CVS-RFFI/lib/python3.10/site-packages/torch/utils/data/datapipes/map/__pycache__/__init__.cpython-310.pyc", O_RDONLY|O_CLOEXEC) = 17</home/szu2070436088/.conda/envs/CVS-RFFI/lib/python3.10/site-packages/torch/utils/data/datapipes/map/__pycache__/__init__.cpython-310.pyc>
1890493 openat(AT_FDCWD</home/szu2070436088/2510044040/CV-SincNet>, "/home/szu2070436088/.conda/envs/CVS-RFFI/lib/python3.10/site-packages/torch/utils/data/datapipes/map", O_RDONLY|O_NONBLOCK|O_CLOEXEC|O_DIRECTORY) = 17</home/szu2070436088/.conda/envs/CVS-RFFI/lib/python3.10/site-packages/torch/utils/data/datapipes/map>
1890493 openat(AT_FDCWD</home/szu2070436088/2510044040/CV-SincNet>, "/home/szu2070436088/.conda/envs/CVS-RFFI/lib/python3.10/site-packages/torch/utils/data/datapipes/map/__pycache__/callable.cpython-310.pyc", O_RDONLY|O_CLOEXEC) = 17</home/szu2070436088/.conda/envs/CVS-RFFI/lib/python3.10/site-packages/torch/utils/data/datapipes/map/__pycache__/callable.cpython-310.pyc>
1890493 openat(AT_FDCWD</home/szu2070436088/2510044040/CV-SincNet>, "/home/szu2070436088/.conda/envs/CVS-RFFI/lib/python3.10/site-packages/torch/utils/data/datapipes/map/__pycache__/combinatorics.cpython-310.pyc", O_RDONLY|O_CLOEXEC) = 17</home/szu2070436088/.conda/envs/CVS-RFFI/lib/python3.10/site-packages/torch/utils/data/datapipes/map/__pycache__/combinatorics.cpython-310.pyc>
1890493 openat(AT_FDCWD</home/szu2070436088/2510044040/CV-SincNet>, "/home/szu2070436088/.conda/envs/CVS-RFFI/lib/python3.10/site-packages/torch/utils/data/datapipes/map/__pycache__/combining.cpython-310.pyc", O_RDONLY|O_CLOEXEC) = 17</home/szu2070436088/.conda/envs/CVS-RFFI/lib/python3.10/site-packages/torch/utils/data/datapipes/map/__pycache__/combining.cpython-310.pyc>
1890493 openat(AT_FDCWD</home/szu2070436088/2510044040/CV-SincNet>, "/home/szu2070436088/.conda/envs/CVS-RFFI/lib/python3.10/site-packages/torch/utils/data/datapipes/map/__pycache__/grouping.cpython-310.pyc", O_RDONLY|O_CLOEXEC) = 17</home/szu2070436088/.conda/envs/CVS-RFFI/lib/python3.10/site-packages/torch/utils/data/datapipes/map/__pycache__/grouping.cpython-310.pyc>
1890493 openat(AT_FDCWD</home/szu2070436088/2510044040/CV-SincNet>, "/home/szu2070436088/.conda/envs/CVS-RFFI/lib/python3.10/site-packages/torch/utils/data/datapipes/map/__pycache__/utils.cpython-310.pyc", O_RDONLY|O_CLOEXEC) = 17</home/szu2070436088/.conda/envs/CVS-RFFI/lib/python3.10/site-packages/torch/utils/data/datapipes/map/__pycache__/utils.cpython-310.pyc>
1890493 openat(AT_FDCWD</home/szu2070436088/2510044040/CV-SincNet>, "/home/szu2070436088/.conda/envs/CVS-RFFI/lib/python3.10/site-packages/torch/utils/data/__pycache__/dataloader.cpython-310.pyc", O_RDONLY|O_CLOEXEC) = 17</home/szu2070436088/.conda/envs/CVS-RFFI/lib/python3.10/site-packages/torch/utils/data/__pycache__/dataloader.cpython-310.pyc>
1890493 openat(AT_FDCWD</home/szu2070436088/2510044040/CV-SincNet>, "/home/szu2070436088/.conda/envs/CVS-RFFI/lib/python3.10/site-packages/torch/utils/data/__pycache__/graph_settings.cpython-310.pyc", O_RDONLY|O_CLOEXEC) = 17</home/szu2070436088/.conda/envs/CVS-RFFI/lib/python3.10/site-packages/torch/utils/data/__pycache__/graph_settings.cpython-310.pyc>
1890493 openat(AT_FDCWD</home/szu2070436088/2510044040/CV-SincNet>, "/home/szu2070436088/.conda/envs/CVS-RFFI/lib/python3.10/site-packages/torch/utils/data/__pycache__/graph.cpython-310.pyc", O_RDONLY|O_CLOEXEC) = 17</home/szu2070436088/.conda/envs/CVS-RFFI/lib/python3.10/site-packages/torch/utils/data/__pycache__/graph.cpython-310.pyc>
1890493 openat(AT_FDCWD</home/szu2070436088/2510044040/CV-SincNet>, "/home/szu2070436088/.conda/envs/CVS-RFFI/lib/python3.10/site-packages/torch/utils/data/__pycache__/distributed.cpython-310.pyc", O_RDONLY|O_CLOEXEC) = 17</home/szu2070436088/.conda/envs/CVS-RFFI/lib/python3.10/site-packages/torch/utils/data/__pycache__/distributed.cpython-310.pyc>
1890493 openat(AT_FDCWD</home/szu2070436088/2510044040/CV-SincNet>, "/home/szu2070436088/.conda/envs/CVS-RFFI/lib/python3.10/site-packages/torch/__pycache__/__config__.cpython-310.pyc", O_RDONLY|O_CLOEXEC) = 17</home/szu2070436088/.conda/envs/CVS-RFFI/lib/python3.10/site-packages/torch/__pycache__/__config__.cpython-310.pyc>
1890493 openat(AT_FDCWD</home/szu2070436088/2510044040/CV-SincNet>, "/home/szu2070436088/.conda/envs/CVS-RFFI/lib/python3.10/site-packages/torch/__pycache__/__future__.cpython-310.pyc", O_RDONLY|O_CLOEXEC) = 17</home/szu2070436088/.conda/envs/CVS-RFFI/lib/python3.10/site-packages/torch/__pycache__/__future__.cpython-310.pyc>
1890493 openat(AT_FDCWD</home/szu2070436088/2510044040/CV-SincNet>, "/home/szu2070436088/.conda/envs/CVS-RFFI/lib/python3.10/site-packages/torch/profiler/__pycache__/__init__.cpython-310.pyc", O_RDONLY|O_CLOEXEC) = 17</home/szu2070436088/.conda/envs/CVS-RFFI/lib/python3.10/site-packages/torch/profiler/__pycache__/__init__.cpython-310.pyc>
1890493 openat(AT_FDCWD</home/szu2070436088/2510044040/CV-SincNet>, "/home/szu2070436088/.conda/envs/CVS-RFFI/lib/python3.10/site-packages/torch/profiler", O_RDONLY|O_NONBLOCK|O_CLOEXEC|O_DIRECTORY) = 17</home/szu2070436088/.conda/envs/CVS-RFFI/lib/python3.10/site-packages/torch/profiler>
1890493 openat(AT_FDCWD</home/szu2070436088/2510044040/CV-SincNet>, "/home/szu2070436088/.conda/envs/CVS-RFFI/lib/python3.10/site-packages/torch/profiler/__pycache__/profiler.cpython-310.pyc", O_RDONLY|O_CLOEXEC) = 17</home/szu2070436088/.conda/envs/CVS-RFFI/lib/python3.10/site-packages/torch/profiler/__pycache__/profiler.cpython-310.pyc>
1890493 openat(AT_FDCWD</home/szu2070436088/2510044040/CV-SincNet>, "/home/szu2070436088/.conda/envs/CVS-RFFI/lib/python3.10/__pycache__/gzip.cpython-310.pyc", O_RDONLY|O_CLOEXEC) = 17</home/szu2070436088/.conda/envs/CVS-RFFI/lib/python3.10/__pycache__/gzip.cpython-310.pyc>
1890493 openat(AT_FDCWD</home/szu2070436088/2510044040/CV-SincNet>, "/home/szu2070436088/.conda/envs/CVS-RFFI/lib/python3.10/site-packages/torch/profiler/__pycache__/_memory_profiler.cpython-310.pyc", O_RDONLY|O_CLOEXEC) = 17</home/szu2070436088/.conda/envs/CVS-RFFI/lib/python3.10/site-packages/torch/profiler/__pycache__/_memory_profiler.cpython-310.pyc>
1890493 openat(AT_FDCWD</home/szu2070436088/2510044040/CV-SincNet>, "/home/szu2070436088/.conda/envs/CVS-RFFI/lib/python3.10/site-packages/torch/profiler/__pycache__/_utils.cpython-310.pyc", O_RDONLY|O_CLOEXEC) = 17</home/szu2070436088/.conda/envs/CVS-RFFI/lib/python3.10/site-packages/torch/profiler/__pycache__/_utils.cpython-310.pyc>
1890493 openat(AT_FDCWD</home/szu2070436088/2510044040/CV-SincNet>, "/home/szu2070436088/.conda/envs/CVS-RFFI/lib/python3.10/site-packages/torch/profiler/__pycache__/itt.cpython-310.pyc", O_RDONLY|O_CLOEXEC) = 17</home/szu2070436088/.conda/envs/CVS-RFFI/lib/python3.10/site-packages/torch/profiler/__pycache__/itt.cpython-310.pyc>
1890493 openat(AT_FDCWD</home/szu2070436088/2510044040/CV-SincNet>, "/home/szu2070436088/.conda/envs/CVS-RFFI/lib/python3.10/site-packages/torch/ao/__pycache__/__init__.cpython-310.pyc", O_RDONLY|O_CLOEXEC) = 17</home/szu2070436088/.conda/envs/CVS-RFFI/lib/python3.10/site-packages/torch/ao/__pycache__/__init__.cpython-310.pyc>
1890493 openat(AT_FDCWD</home/szu2070436088/2510044040/CV-SincNet>, "/home/szu2070436088/.conda/envs/CVS-RFFI/lib/python3.10/site-packages/torch/nn/quantizable/__pycache__/__init__.cpython-310.pyc", O_RDONLY|O_CLOEXEC) = 17</home/szu2070436088/.conda/envs/CVS-RFFI/lib/python3.10/site-packages/torch/nn/quantizable/__pycache__/__init__.cpython-310.pyc>
1890493 openat(AT_FDCWD</home/szu2070436088/2510044040/CV-SincNet>, "/home/szu2070436088/.conda/envs/CVS-RFFI/lib/python3.10/site-packages/torch/nn/quantizable", O_RDONLY|O_NONBLOCK|O_CLOEXEC|O_DIRECTORY) = 17</home/szu2070436088/.conda/envs/CVS-RFFI/lib/python3.10/site-packages/torch/nn/quantizable>
1890493 openat(AT_FDCWD</home/szu2070436088/2510044040/CV-SincNet>, "/home/szu2070436088/.conda/envs/CVS-RFFI/lib/python3.10/site-packages/torch/nn/quantizable/modules/__pycache__/__init__.cpython-310.pyc", O_RDONLY|O_CLOEXEC) = 17</home/szu2070436088/.conda/envs/CVS-RFFI/lib/python3.10/site-packages/torch/nn/quantizable/modules/__pycache__/__init__.cpython-310.pyc>
1890493 openat(AT_FDCWD</home/szu2070436088/2510044040/CV-SincNet>, "/home/szu2070436088/.conda/envs/CVS-RFFI/lib/python3.10/site-packages/torch/ao", O_RDONLY|O_NONBLOCK|O_CLOEXEC|O_DIRECTORY) = 17</home/szu2070436088/.conda/envs/CVS-RFFI/lib/python3.10/site-packages/torch/ao>
1890493 openat(AT_FDCWD</home/szu2070436088/2510044040/CV-SincNet>, "/home/szu2070436088/.conda/envs/CVS-RFFI/lib/python3.10/site-packages/torch/ao/nn/__pycache__/__init__.cpython-310.pyc", O_RDONLY|O_CLOEXEC) = 17</home/szu2070436088/.conda/envs/CVS-RFFI/lib/python3.10/site-packages/torch/ao/nn/__pycache__/__init__.cpython-310.pyc>
1890493 openat(AT_FDCWD</home/szu2070436088/2510044040/CV-SincNet>, "/home/szu2070436088/.conda/envs/CVS-RFFI/lib/python3.10/site-packages/torch/ao/nn", O_RDONLY|O_NONBLOCK|O_CLOEXEC|O_DIRECTORY) = 17</home/szu2070436088/.conda/envs/CVS-RFFI/lib/python3.10/site-packages/torch/ao/nn>
1890493 openat(AT_FDCWD</home/szu2070436088/2510044040/CV-SincNet>, "/home/szu2070436088/.conda/envs/CVS-RFFI/lib/python3.10/site-packages/torch/ao/nn/quantizable/__pycache__/__init__.cpython-310.pyc", O_RDONLY|O_CLOEXEC) = 17</home/szu2070436088/.conda/envs/CVS-RFFI/lib/python3.10/site-packages/torch/ao/nn/quantizable/__pycache__/__init__.cpython-310.pyc>
1890493 openat(AT_FDCWD</home/szu2070436088/2510044040/CV-SincNet>, "/home/szu2070436088/.conda/envs/CVS-RFFI/lib/python3.10/site-packages/torch/ao/nn/quantizable", O_RDONLY|O_NONBLOCK|O_CLOEXEC|O_DIRECTORY) = 17</home/szu2070436088/.conda/envs/CVS-RFFI/lib/python3.10/site-packages/torch/ao/nn/quantizable>
1890493 openat(AT_FDCWD</home/szu2070436088/2510044040/CV-SincNet>, "/home/szu2070436088/.conda/envs/CVS-RFFI/lib/python3.10/site-packages/torch/ao/nn/quantizable/modules/__pycache__/__init__.cpython-310.pyc", O_RDONLY|O_CLOEXEC) = 17</home/szu2070436088/.conda/envs/CVS-RFFI/lib/python3.10/site-packages/torch/ao/nn/quantizable/modules/__pycache__/__init__.cpython-310.pyc>
1890493 openat(AT_FDCWD</home/szu2070436088/2510044040/CV-SincNet>, "/home/szu2070436088/.conda/envs/CVS-RFFI/lib/python3.10/site-packages/torch/ao/nn/quantizable/modules", O_RDONLY|O_NONBLOCK|O_CLOEXEC|O_DIRECTORY) = 17</home/szu2070436088/.conda/envs/CVS-RFFI/lib/python3.10/site-packages/torch/ao/nn/quantizable/modules>
1890493 openat(AT_FDCWD</home/szu2070436088/2510044040/CV-SincNet>, "/home/szu2070436088/.conda/envs/CVS-RFFI/lib/python3.10/site-packages/torch/ao/nn/quantizable/modules/__pycache__/activation.cpython-310.pyc", O_RDONLY|O_CLOEXEC) = 17</home/szu2070436088/.conda/envs/CVS-RFFI/lib/python3.10/site-packages/torch/ao/nn/quantizable/modules/__pycache__/activation.cpython-310.pyc>
1890493 openat(AT_FDCWD</home/szu2070436088/2510044040/CV-SincNet>, "/home/szu2070436088/.conda/envs/CVS-RFFI/lib/python3.10/site-packages/torch/ao/nn/quantizable/modules/__pycache__/rnn.cpython-310.pyc", O_RDONLY|O_CLOEXEC) = 17</home/szu2070436088/.conda/envs/CVS-RFFI/lib/python3.10/site-packages/torch/ao/nn/quantizable/modules/__pycache__/rnn.cpython-310.pyc>
1890493 openat(AT_FDCWD</home/szu2070436088/2510044040/CV-SincNet>, "/home/szu2070436088/.conda/envs/CVS-RFFI/lib/python3.10/site-packages/torch/nn/quantized/__pycache__/__init__.cpython-310.pyc", O_RDONLY|O_CLOEXEC) = 17</home/szu2070436088/.conda/envs/CVS-RFFI/lib/python3.10/site-packages/torch/nn/quantized/__pycache__/__init__.cpython-310.pyc>
1890493 openat(AT_FDCWD</home/szu2070436088/2510044040/CV-SincNet>, "/home/szu2070436088/.conda/envs/CVS-RFFI/lib/python3.10/site-packages/torch/nn/quantized", O_RDONLY|O_NONBLOCK|O_CLOEXEC|O_DIRECTORY) = 17</home/szu2070436088/.conda/envs/CVS-RFFI/lib/python3.10/site-packages/torch/nn/quantized>
1890493 openat(AT_FDCWD</home/szu2070436088/2510044040/CV-SincNet>, "/home/szu2070436088/.conda/envs/CVS-RFFI/lib/python3.10/site-packages/torch/nn/quantized/dynamic/__pycache__/__init__.cpython-310.pyc", O_RDONLY|O_CLOEXEC) = 17</home/szu2070436088/.conda/envs/CVS-RFFI/lib/python3.10/site-packages/torch/nn/quantized/dynamic/__pycache__/__init__.cpython-310.pyc>
1890493 openat(AT_FDCWD</home/szu2070436088/2510044040/CV-SincNet>, "/home/szu2070436088/.conda/envs/CVS-RFFI/lib/python3.10/site-packages/torch/ao/nn/quantized/__pycache__/__init__.cpython-310.pyc", O_RDONLY|O_CLOEXEC) = 17</home/szu2070436088/.conda/envs/CVS-RFFI/lib/python3.10/site-packages/torch/ao/nn/quantized/__pycache__/__init__.cpython-310.pyc>
1890493 openat(AT_FDCWD</home/szu2070436088/2510044040/CV-SincNet>, "/home/szu2070436088/.conda/envs/CVS-RFFI/lib/python3.10/site-packages/torch/ao/nn/quantized", O_RDONLY|O_NONBLOCK|O_CLOEXEC|O_DIRECTORY) = 17</home/szu2070436088/.conda/envs/CVS-RFFI/lib/python3.10/site-packages/torch/ao/nn/quantized>
1890493 openat(AT_FDCWD</home/szu2070436088/2510044040/CV-SincNet>, "/home/szu2070436088/.conda/envs/CVS-RFFI/lib/python3.10/site-packages/torch/ao/nn/quantized/__pycache__/functional.cpython-310.pyc", O_RDONLY|O_CLOEXEC) = 17</home/szu2070436088/.conda/envs/CVS-RFFI/lib/python3.10/site-packages/torch/ao/nn/quantized/__pycache__/functional.cpython-310.pyc>
1890493 openat(AT_FDCWD</home/szu2070436088/2510044040/CV-SincNet>, "/home/szu2070436088/.conda/envs/CVS-RFFI/lib/python3.10/site-packages/torch/ao/nn/quantized/modules/__pycache__/__init__.cpython-310.pyc", O_RDONLY|O_CLOEXEC) = 17</home/szu2070436088/.conda/envs/CVS-RFFI/lib/python3.10/site-packages/torch/ao/nn/quantized/modules/__pycache__/__init__.cpython-310.pyc>
1890493 openat(AT_FDCWD</home/szu2070436088/2510044040/CV-SincNet>, "/home/szu2070436088/.conda/envs/CVS-RFFI/lib/python3.10/site-packages/torch/ao/nn/quantized/modules", O_RDONLY|O_NONBLOCK|O_CLOEXEC|O_DIRECTORY) = 17</home/szu2070436088/.conda/envs/CVS-RFFI/lib/python3.10/site-packages/torch/ao/nn/quantized/modules>
1890493 openat(AT_FDCWD</home/szu2070436088/2510044040/CV-SincNet>, "/home/szu2070436088/.conda/envs/CVS-RFFI/lib/python3.10/site-packages/torch/ao/nn/quantized/modules/__pycache__/activation.cpython-310.pyc", O_RDONLY|O_CLOEXEC) = 17</home/szu2070436088/.conda/envs/CVS-RFFI/lib/python3.10/site-packages/torch/ao/nn/quantized/modules/__pycache__/activation.cpython-310.pyc>
1890493 openat(AT_FDCWD</home/szu2070436088/2510044040/CV-SincNet>, "/home/szu2070436088/.conda/envs/CVS-RFFI/lib/python3.10/site-packages/torch/ao/nn/quantized/modules/__pycache__/dropout.cpython-310.pyc", O_RDONLY|O_CLOEXEC) = 17</home/szu2070436088/.conda/envs/CVS-RFFI/lib/python3.10/site-packages/torch/ao/nn/quantized/modules/__pycache__/dropout.cpython-310.pyc>
1890493 openat(AT_FDCWD</home/szu2070436088/2510044040/CV-SincNet>, "/home/szu2070436088/.conda/envs/CVS-RFFI/lib/python3.10/site-packages/torch/ao/nn/quantized/modules/__pycache__/batchnorm.cpython-310.pyc", O_RDONLY|O_CLOEXEC) = 17</home/szu2070436088/.conda/envs/CVS-RFFI/lib/python3.10/site-packages/torch/ao/nn/quantized/modules/__pycache__/batchnorm.cpython-310.pyc>
1890493 openat(AT_FDCWD</home/szu2070436088/2510044040/CV-SincNet>, "/home/szu2070436088/.conda/envs/CVS-RFFI/lib/python3.10/site-packages/torch/ao/nn/intrinsic/__pycache__/__init__.cpython-310.pyc", O_RDONLY|O_CLOEXEC) = 17</home/szu2070436088/.conda/envs/CVS-RFFI/lib/python3.10/site-packages/torch/ao/nn/intrinsic/__pycache__/__init__.cpython-310.pyc>
1890493 openat(AT_FDCWD</home/szu2070436088/2510044040/CV-SincNet>, "/home/szu2070436088/.conda/envs/CVS-RFFI/lib/python3.10/site-packages/torch/ao/nn/intrinsic", O_RDONLY|O_NONBLOCK|O_CLOEXEC|O_DIRECTORY) = 17</home/szu2070436088/.conda/envs/CVS-RFFI/lib/python3.10/site-packages/torch/ao/nn/intrinsic>
1890493 openat(AT_FDCWD</home/szu2070436088/2510044040/CV-SincNet>, "/home/szu2070436088/.conda/envs/CVS-RFFI/lib/python3.10/site-packages/torch/ao/nn/intrinsic/modules/__pycache__/__init__.cpython-310.pyc", O_RDONLY|O_CLOEXEC) = 17</home/szu2070436088/.conda/envs/CVS-RFFI/lib/python3.10/site-packages/torch/ao/nn/intrinsic/modules/__pycache__/__init__.cpython-310.pyc>
1890493 openat(AT_FDCWD</home/szu2070436088/2510044040/CV-SincNet>, "/home/szu2070436088/.conda/envs/CVS-RFFI/lib/python3.10/site-packages/torch/ao/nn/intrinsic/modules", O_RDONLY|O_NONBLOCK|O_CLOEXEC|O_DIRECTORY) = 17</home/szu2070436088/.conda/envs/CVS-RFFI/lib/python3.10/site-packages/torch/ao/nn/intrinsic/modules>
1890493 openat(AT_FDCWD</home/szu2070436088/2510044040/CV-SincNet>, "/home/szu2070436088/.conda/envs/CVS-RFFI/lib/python3.10/site-packages/torch/ao/nn/intrinsic/modules/__pycache__/fused.cpython-310.pyc", O_RDONLY|O_CLOEXEC) = 17</home/szu2070436088/.conda/envs/CVS-RFFI/lib/python3.10/site-packages/torch/ao/nn/intrinsic/modules/__pycache__/fused.cpython-310.pyc>
1890493 openat(AT_FDCWD</home/szu2070436088/2510044040/CV-SincNet>, "/home/szu2070436088/.conda/envs/CVS-RFFI/lib/python3.10/site-packages/torch/ao/nn/quantized/modules/__pycache__/normalization.cpython-310.pyc", O_RDONLY|O_CLOEXEC) = 17</home/szu2070436088/.conda/envs/CVS-RFFI/lib/python3.10/site-packages/torch/ao/nn/quantized/modules/__pycache__/normalization.cpython-310.pyc>
1890493 openat(AT_FDCWD</home/szu2070436088/2510044040/CV-SincNet>, "/home/szu2070436088/.conda/envs/CVS-RFFI/lib/python3.10/site-packages/torch/ao/nn/quantized/modules/__pycache__/conv.cpython-310.pyc", O_RDONLY|O_CLOEXEC) = 17</home/szu2070436088/.conda/envs/CVS-RFFI/lib/python3.10/site-packages/torch/ao/nn/quantized/modules/__pycache__/conv.cpython-310.pyc>
1890493 openat(AT_FDCWD</home/szu2070436088/2510044040/CV-SincNet>, "/home/szu2070436088/.conda/envs/CVS-RFFI/lib/python3.10/site-packages/torch/ao/nn/intrinsic/qat/__pycache__/__init__.cpython-310.pyc", O_RDONLY|O_CLOEXEC) = 17</home/szu2070436088/.conda/envs/CVS-RFFI/lib/python3.10/site-packages/torch/ao/nn/intrinsic/qat/__pycache__/__init__.cpython-310.pyc>
1890493 openat(AT_FDCWD</home/szu2070436088/2510044040/CV-SincNet>, "/home/szu2070436088/.conda/envs/CVS-RFFI/lib/python3.10/site-packages/torch/ao/nn/intrinsic/qat", O_RDONLY|O_NONBLOCK|O_CLOEXEC|O_DIRECTORY) = 17</home/szu2070436088/.conda/envs/CVS-RFFI/lib/python3.10/site-packages/torch/ao/nn/intrinsic/qat>
1890493 openat(AT_FDCWD</home/szu2070436088/2510044040/CV-SincNet>, "/home/szu2070436088/.conda/envs/CVS-RFFI/lib/python3.10/site-packages/torch/ao/nn/intrinsic/qat/modules/__pycache__/__init__.cpython-310.pyc", O_RDONLY|O_CLOEXEC) = 17</home/szu2070436088/.conda/envs/CVS-RFFI/lib/python3.10/site-packages/torch/ao/nn/intrinsic/qat/modules/__pycache__/__init__.cpython-310.pyc>
1890493 openat(AT_FDCWD</home/szu2070436088/2510044040/CV-SincNet>, "/home/szu2070436088/.conda/envs/CVS-RFFI/lib/python3.10/site-packages/torch/ao/nn/intrinsic/qat/modules", O_RDONLY|O_NONBLOCK|O_CLOEXEC|O_DIRECTORY) = 17</home/szu2070436088/.conda/envs/CVS-RFFI/lib/python3.10/site-packages/torch/ao/nn/intrinsic/qat/modules>
1890493 openat(AT_FDCWD</home/szu2070436088/2510044040/CV-SincNet>, "/home/szu2070436088/.conda/envs/CVS-RFFI/lib/python3.10/site-packages/torch/ao/nn/intrinsic/qat/modules/__pycache__/linear_relu.cpython-310.pyc", O_RDONLY|O_CLOEXEC) = 17</home/szu2070436088/.conda/envs/CVS-RFFI/lib/python3.10/site-packages/torch/ao/nn/intrinsic/qat/modules/__pycache__/linear_relu.cpython-310.pyc>
1890493 openat(AT_FDCWD</home/szu2070436088/2510044040/CV-SincNet>, "/home/szu2070436088/.conda/envs/CVS-RFFI/lib/python3.10/site-packages/torch/ao/nn/qat/__pycache__/__init__.cpython-310.pyc", O_RDONLY|O_CLOEXEC) = 17</home/szu2070436088/.conda/envs/CVS-RFFI/lib/python3.10/site-packages/torch/ao/nn/qat/__pycache__/__init__.cpython-310.pyc>
1890493 openat(AT_FDCWD</home/szu2070436088/2510044040/CV-SincNet>, "/home/szu2070436088/.conda/envs/CVS-RFFI/lib/python3.10/site-packages/torch/ao/nn/qat", O_RDONLY|O_NONBLOCK|O_CLOEXEC|O_DIRECTORY) = 17</home/szu2070436088/.conda/envs/CVS-RFFI/lib/python3.10/site-packages/torch/ao/nn/qat>
1890493 openat(AT_FDCWD</home/szu2070436088/2510044040/CV-SincNet>, "/home/szu2070436088/.conda/envs/CVS-RFFI/lib/python3.10/site-packages/torch/ao/nn/qat/modules/__pycache__/__init__.cpython-310.pyc", O_RDONLY|O_CLOEXEC) = 17</home/szu2070436088/.conda/envs/CVS-RFFI/lib/python3.10/site-packages/torch/ao/nn/qat/modules/__pycache__/__init__.cpython-310.pyc>
1890493 openat(AT_FDCWD</home/szu2070436088/2510044040/CV-SincNet>, "/home/szu2070436088/.conda/envs/CVS-RFFI/lib/python3.10/site-packages/torch/ao/nn/qat/modules", O_RDONLY|O_NONBLOCK|O_CLOEXEC|O_DIRECTORY) = 17</home/szu2070436088/.conda/envs/CVS-RFFI/lib/python3.10/site-packages/torch/ao/nn/qat/modules>
1890493 openat(AT_FDCWD</home/szu2070436088/2510044040/CV-SincNet>, "/home/szu2070436088/.conda/envs/CVS-RFFI/lib/python3.10/site-packages/torch/ao/nn/qat/modules/__pycache__/linear.cpython-310.pyc", O_RDONLY|O_CLOEXEC) = 17</home/szu2070436088/.conda/envs/CVS-RFFI/lib/python3.10/site-packages/torch/ao/nn/qat/modules/__pycache__/linear.cpython-310.pyc>
1890493 openat(AT_FDCWD</home/szu2070436088/2510044040/CV-SincNet>, "/home/szu2070436088/.conda/envs/CVS-RFFI/lib/python3.10/site-packages/torch/ao/nn/qat/modules/__pycache__/conv.cpython-310.pyc", O_RDONLY|O_CLOEXEC) = 17</home/szu2070436088/.conda/envs/CVS-RFFI/lib/python3.10/site-packages/torch/ao/nn/qat/modules/__pycache__/conv.cpython-310.pyc>
1890493 openat(AT_FDCWD</home/szu2070436088/2510044040/CV-SincNet>, "/home/szu2070436088/.conda/envs/CVS-RFFI/lib/python3.10/site-packages/torch/ao/nn/qat/modules/__pycache__/embedding_ops.cpython-310.pyc", O_RDONLY|O_CLOEXEC) = 17</home/szu2070436088/.conda/envs/CVS-RFFI/lib/python3.10/site-packages/torch/ao/nn/qat/modules/__pycache__/embedding_ops.cpython-310.pyc>
1890493 openat(AT_FDCWD</home/szu2070436088/2510044040/CV-SincNet>, "/home/szu2070436088/.conda/envs/CVS-RFFI/lib/python3.10/site-packages/torch/ao/nn/intrinsic/qat/modules/__pycache__/linear_fused.cpython-310.pyc", O_RDONLY|O_CLOEXEC) = 17</home/szu2070436088/.conda/envs/CVS-RFFI/lib/python3.10/site-packages/torch/ao/nn/intrinsic/qat/modules/__pycache__/linear_fused.cpython-310.pyc>
1890493 openat(AT_FDCWD</home/szu2070436088/2510044040/CV-SincNet>, "/home/szu2070436088/.conda/envs/CVS-RFFI/lib/python3.10/site-packages/torch/ao/nn/intrinsic/qat/modules/__pycache__/conv_fused.cpython-310.pyc", O_RDONLY|O_CLOEXEC) = 17</home/szu2070436088/.conda/envs/CVS-RFFI/lib/python3.10/site-packages/torch/ao/nn/intrinsic/qat/modules/__pycache__/conv_fused.cpython-310.pyc>
1890493 openat(AT_FDCWD</home/szu2070436088/2510044040/CV-SincNet>, "/home/szu2070436088/.conda/envs/CVS-RFFI/lib/python3.10/site-packages/torch/ao/nn/quantized/modules/__pycache__/utils.cpython-310.pyc", O_RDONLY|O_CLOEXEC) = 17</home/szu2070436088/.conda/envs/CVS-RFFI/lib/python3.10/site-packages/torch/ao/nn/quantized/modules/__pycache__/utils.cpython-310.pyc>
1890493 openat(AT_FDCWD</home/szu2070436088/2510044040/CV-SincNet>, "/home/szu2070436088/.conda/envs/CVS-RFFI/lib/python3.10/site-packages/torch/ao/nn/quantized/modules/__pycache__/linear.cpython-310.pyc", O_RDONLY|O_CLOEXEC) = 17</home/szu2070436088/.conda/envs/CVS-RFFI/lib/python3.10/site-packages/torch/ao/nn/quantized/modules/__pycache__/linear.cpython-310.pyc>
1890493 openat(AT_FDCWD</home/szu2070436088/2510044040/CV-SincNet>, "/home/szu2070436088/.conda/envs/CVS-RFFI/lib/python3.10/site-packages/torch/ao/nn/quantized/modules/__pycache__/embedding_ops.cpython-310.pyc", O_RDONLY|O_CLOEXEC) = 17</home/szu2070436088/.conda/envs/CVS-RFFI/lib/python3.10/site-packages/torch/ao/nn/quantized/modules/__pycache__/embedding_ops.cpython-310.pyc>
1890493 openat(AT_FDCWD</home/szu2070436088/2510044040/CV-SincNet>, "/home/szu2070436088/.conda/envs/CVS-RFFI/lib/python3.10/site-packages/torch/ao/nn/quantized/modules/__pycache__/rnn.cpython-310.pyc", O_RDONLY|O_CLOEXEC) = 17</home/szu2070436088/.conda/envs/CVS-RFFI/lib/python3.10/site-packages/torch/ao/nn/quantized/modules/__pycache__/rnn.cpython-310.pyc>
1890493 openat(AT_FDCWD</home/szu2070436088/2510044040/CV-SincNet>, "/home/szu2070436088/.conda/envs/CVS-RFFI/lib/python3.10/site-packages/torch/ao/nn/quantized/modules/__pycache__/functional_modules.cpython-310.pyc", O_RDONLY|O_CLOEXEC) = 17</home/szu2070436088/.conda/envs/CVS-RFFI/lib/python3.10/site-packages/torch/ao/nn/quantized/modules/__pycache__/functional_modules.cpython-310.pyc>
1890493 openat(AT_FDCWD</home/szu2070436088/2510044040/CV-SincNet>, "/home/szu2070436088/.conda/envs/CVS-RFFI/lib/python3.10/site-packages/torch/ao/nn/quantized/dynamic/__pycache__/__init__.cpython-310.pyc", O_RDONLY|O_CLOEXEC) = 17</home/szu2070436088/.conda/envs/CVS-RFFI/lib/python3.10/site-packages/torch/ao/nn/quantized/dynamic/__pycache__/__init__.cpython-310.pyc>
1890493 openat(AT_FDCWD</home/szu2070436088/2510044040/CV-SincNet>, "/home/szu2070436088/.conda/envs/CVS-RFFI/lib/python3.10/site-packages/torch/ao/nn/quantized/dynamic", O_RDONLY|O_NONBLOCK|O_CLOEXEC|O_DIRECTORY) = 17</home/szu2070436088/.conda/envs/CVS-RFFI/lib/python3.10/site-packages/torch/ao/nn/quantized/dynamic>
1890493 openat(AT_FDCWD</home/szu2070436088/2510044040/CV-SincNet>, "/home/szu2070436088/.conda/envs/CVS-RFFI/lib/python3.10/site-packages/torch/ao/nn/quantized/dynamic/modules/__pycache__/__init__.cpython-310.pyc", O_RDONLY|O_CLOEXEC) = 17</home/szu2070436088/.conda/envs/CVS-RFFI/lib/python3.10/site-packages/torch/ao/nn/quantized/dynamic/modules/__pycache__/__init__.cpython-310.pyc>
1890493 openat(AT_FDCWD</home/szu2070436088/2510044040/CV-SincNet>, "/home/szu2070436088/.conda/envs/CVS-RFFI/lib/python3.10/site-packages/torch/ao/nn/quantized/dynamic/modules", O_RDONLY|O_NONBLOCK|O_CLOEXEC|O_DIRECTORY) = 17</home/szu2070436088/.conda/envs/CVS-RFFI/lib/python3.10/site-packages/torch/ao/nn/quantized/dynamic/modules>
1890493 openat(AT_FDCWD</home/szu2070436088/2510044040/CV-SincNet>, "/home/szu2070436088/.conda/envs/CVS-RFFI/lib/python3.10/site-packages/torch/ao/nn/quantized/dynamic/modules/__pycache__/linear.cpython-310.pyc", O_RDONLY|O_CLOEXEC) = 17</home/szu2070436088/.conda/envs/CVS-RFFI/lib/python3.10/site-packages/torch/ao/nn/quantized/dynamic/modules/__pycache__/linear.cpython-310.pyc>
1890493 openat(AT_FDCWD</home/szu2070436088/2510044040/CV-SincNet>, "/home/szu2070436088/.conda/envs/CVS-RFFI/lib/python3.10/site-packages/torch/ao/nn/quantized/dynamic/modules/__pycache__/rnn.cpython-310.pyc", O_RDONLY|O_CLOEXEC) = 17</home/szu2070436088/.conda/envs/CVS-RFFI/lib/python3.10/site-packages/torch/ao/nn/quantized/dynamic/modules/__pycache__/rnn.cpython-310.pyc>
1890493 openat(AT_FDCWD</home/szu2070436088/2510044040/CV-SincNet>, "/home/szu2070436088/.conda/envs/CVS-RFFI/lib/python3.10/site-packages/torch/ao/nn/quantized/dynamic/modules/__pycache__/conv.cpython-310.pyc", O_RDONLY|O_CLOEXEC) = 17</home/szu2070436088/.conda/envs/CVS-RFFI/lib/python3.10/site-packages/torch/ao/nn/quantized/dynamic/modules/__pycache__/conv.cpython-310.pyc>
1890493 openat(AT_FDCWD</home/szu2070436088/2510044040/CV-SincNet>, "/home/szu2070436088/.conda/envs/CVS-RFFI/lib/python3.10/site-packages/torch/nn/quantized/__pycache__/functional.cpython-310.pyc", O_RDONLY|O_CLOEXEC) = 17</home/szu2070436088/.conda/envs/CVS-RFFI/lib/python3.10/site-packages/torch/nn/quantized/__pycache__/functional.cpython-310.pyc>
1890493 openat(AT_FDCWD</home/szu2070436088/2510044040/CV-SincNet>, "/home/szu2070436088/.conda/envs/CVS-RFFI/lib/python3.10/site-packages/torch/nn/quantized/modules/__pycache__/__init__.cpython-310.pyc", O_RDONLY|O_CLOEXEC) = 17</home/szu2070436088/.conda/envs/CVS-RFFI/lib/python3.10/site-packages/torch/nn/quantized/modules/__pycache__/__init__.cpython-310.pyc>
1890493 openat(AT_FDCWD</home/szu2070436088/2510044040/CV-SincNet>, "/home/szu2070436088/.conda/envs/CVS-RFFI/lib/python3.10/site-packages/torch/nn/qat/__pycache__/__init__.cpython-310.pyc", O_RDONLY|O_CLOEXEC) = 17</home/szu2070436088/.conda/envs/CVS-RFFI/lib/python3.10/site-packages/torch/nn/qat/__pycache__/__init__.cpython-310.pyc>
1890493 openat(AT_FDCWD</home/szu2070436088/2510044040/CV-SincNet>, "/home/szu2070436088/.conda/envs/CVS-RFFI/lib/python3.10/site-packages/torch/nn/qat", O_RDONLY|O_NONBLOCK|O_CLOEXEC|O_DIRECTORY) = 17</home/szu2070436088/.conda/envs/CVS-RFFI/lib/python3.10/site-packages/torch/nn/qat>
1890493 openat(AT_FDCWD</home/szu2070436088/2510044040/CV-SincNet>, "/home/szu2070436088/.conda/envs/CVS-RFFI/lib/python3.10/site-packages/torch/nn/qat/dynamic/__pycache__/__init__.cpython-310.pyc", O_RDONLY|O_CLOEXEC) = 17</home/szu2070436088/.conda/envs/CVS-RFFI/lib/python3.10/site-packages/torch/nn/qat/dynamic/__pycache__/__init__.cpython-310.pyc>
1890493 openat(AT_FDCWD</home/szu2070436088/2510044040/CV-SincNet>, "/home/szu2070436088/.conda/envs/CVS-RFFI/lib/python3.10/site-packages/torch/nn/qat/dynamic", O_RDONLY|O_NONBLOCK|O_CLOEXEC|O_DIRECTORY) = 17</home/szu2070436088/.conda/envs/CVS-RFFI/lib/python3.10/site-packages/torch/nn/qat/dynamic>
1890493 openat(AT_FDCWD</home/szu2070436088/2510044040/CV-SincNet>, "/home/szu2070436088/.conda/envs/CVS-RFFI/lib/python3.10/site-packages/torch/nn/qat/dynamic/modules/__pycache__/__init__.cpython-310.pyc", O_RDONLY|O_CLOEXEC) = 17</home/szu2070436088/.conda/envs/CVS-RFFI/lib/python3.10/site-packages/torch/nn/qat/dynamic/modules/__pycache__/__init__.cpython-310.pyc>
1890493 openat(AT_FDCWD</home/szu2070436088/2510044040/CV-SincNet>, "/home/szu2070436088/.conda/envs/CVS-RFFI/lib/python3.10/site-packages/torch/nn/qat/dynamic/modules", O_RDONLY|O_NONBLOCK|O_CLOEXEC|O_DIRECTORY) = 17</home/szu2070436088/.conda/envs/CVS-RFFI/lib/python3.10/site-packages/torch/nn/qat/dynamic/modules>
1890493 openat(AT_FDCWD</home/szu2070436088/2510044040/CV-SincNet>, "/home/szu2070436088/.conda/envs/CVS-RFFI/lib/python3.10/site-packages/torch/nn/qat/dynamic/modules/__pycache__/linear.cpython-310.pyc", O_RDONLY|O_CLOEXEC) = 17</home/szu2070436088/.conda/envs/CVS-RFFI/lib/python3.10/site-packages/torch/nn/qat/dynamic/modules/__pycache__/linear.cpython-310.pyc>
1890493 openat(AT_FDCWD</home/szu2070436088/2510044040/CV-SincNet>, "/home/szu2070436088/.conda/envs/CVS-RFFI/lib/python3.10/site-packages/torch/ao/nn/qat/dynamic/__pycache__/__init__.cpython-310.pyc", O_RDONLY|O_CLOEXEC) = 17</home/szu2070436088/.conda/envs/CVS-RFFI/lib/python3.10/site-packages/torch/ao/nn/qat/dynamic/__pycache__/__init__.cpython-310.pyc>
1890493 openat(AT_FDCWD</home/szu2070436088/2510044040/CV-SincNet>, "/home/szu2070436088/.conda/envs/CVS-RFFI/lib/python3.10/site-packages/torch/ao/nn/qat/dynamic", O_RDONLY|O_NONBLOCK|O_CLOEXEC|O_DIRECTORY) = 17</home/szu2070436088/.conda/envs/CVS-RFFI/lib/python3.10/site-packages/torch/ao/nn/qat/dynamic>
1890493 openat(AT_FDCWD</home/szu2070436088/2510044040/CV-SincNet>, "/home/szu2070436088/.conda/envs/CVS-RFFI/lib/python3.10/site-packages/torch/ao/nn/qat/dynamic/modules/__pycache__/__init__.cpython-310.pyc", O_RDONLY|O_CLOEXEC) = 17</home/szu2070436088/.conda/envs/CVS-RFFI/lib/python3.10/site-packages/torch/ao/nn/qat/dynamic/modules/__pycache__/__init__.cpython-310.pyc>
1890493 openat(AT_FDCWD</home/szu2070436088/2510044040/CV-SincNet>, "/home/szu2070436088/.conda/envs/CVS-RFFI/lib/python3.10/site-packages/torch/ao/nn/qat/dynamic/modules", O_RDONLY|O_NONBLOCK|O_CLOEXEC|O_DIRECTORY) = 17</home/szu2070436088/.conda/envs/CVS-RFFI/lib/python3.10/site-packages/torch/ao/nn/qat/dynamic/modules>
1890493 openat(AT_FDCWD</home/szu2070436088/2510044040/CV-SincNet>, "/home/szu2070436088/.conda/envs/CVS-RFFI/lib/python3.10/site-packages/torch/ao/nn/qat/dynamic/modules/__pycache__/linear.cpython-310.pyc", O_RDONLY|O_CLOEXEC) = 17</home/szu2070436088/.conda/envs/CVS-RFFI/lib/python3.10/site-packages/torch/ao/nn/qat/dynamic/modules/__pycache__/linear.cpython-310.pyc>
1890493 openat(AT_FDCWD</home/szu2070436088/2510044040/CV-SincNet>, "/home/szu2070436088/.conda/envs/CVS-RFFI/lib/python3.10/site-packages/torch/nn/qat/modules/__pycache__/__init__.cpython-310.pyc", O_RDONLY|O_CLOEXEC) = 17</home/szu2070436088/.conda/envs/CVS-RFFI/lib/python3.10/site-packages/torch/nn/qat/modules/__pycache__/__init__.cpython-310.pyc>
1890493 openat(AT_FDCWD</home/szu2070436088/2510044040/CV-SincNet>, "/home/szu2070436088/.conda/envs/CVS-RFFI/lib/python3.10/site-packages/torch/nn/qat/modules", O_RDONLY|O_NONBLOCK|O_CLOEXEC|O_DIRECTORY) = 17</home/szu2070436088/.conda/envs/CVS-RFFI/lib/python3.10/site-packages/torch/nn/qat/modules>
1890493 openat(AT_FDCWD</home/szu2070436088/2510044040/CV-SincNet>, "/home/szu2070436088/.conda/envs/CVS-RFFI/lib/python3.10/site-packages/torch/nn/qat/modules/__pycache__/conv.cpython-310.pyc", O_RDONLY|O_CLOEXEC) = 17</home/szu2070436088/.conda/envs/CVS-RFFI/lib/python3.10/site-packages/torch/nn/qat/modules/__pycache__/conv.cpython-310.pyc>
1890493 openat(AT_FDCWD</home/szu2070436088/2510044040/CV-SincNet>, "/home/szu2070436088/.conda/envs/CVS-RFFI/lib/python3.10/site-packages/torch/nn/qat/modules/__pycache__/embedding_ops.cpython-310.pyc", O_RDONLY|O_CLOEXEC) = 17</home/szu2070436088/.conda/envs/CVS-RFFI/lib/python3.10/site-packages/torch/nn/qat/modules/__pycache__/embedding_ops.cpython-310.pyc>
1890493 openat(AT_FDCWD</home/szu2070436088/2510044040/CV-SincNet>, "/home/szu2070436088/.conda/envs/CVS-RFFI/lib/python3.10/site-packages/torch/nn/qat/modules/__pycache__/linear.cpython-310.pyc", O_RDONLY|O_CLOEXEC) = 17</home/szu2070436088/.conda/envs/CVS-RFFI/lib/python3.10/site-packages/torch/nn/qat/modules/__pycache__/linear.cpython-310.pyc>
1890493 openat(AT_FDCWD</home/szu2070436088/2510044040/CV-SincNet>, "/home/szu2070436088/.conda/envs/CVS-RFFI/lib/python3.10/site-packages/torch/nn/intrinsic/__pycache__/__init__.cpython-310.pyc", O_RDONLY|O_CLOEXEC) = 17</home/szu2070436088/.conda/envs/CVS-RFFI/lib/python3.10/site-packages/torch/nn/intrinsic/__pycache__/__init__.cpython-310.pyc>
1890493 openat(AT_FDCWD</home/szu2070436088/2510044040/CV-SincNet>, "/home/szu2070436088/.conda/envs/CVS-RFFI/lib/python3.10/site-packages/torch/nn/intrinsic", O_RDONLY|O_NONBLOCK|O_CLOEXEC|O_DIRECTORY) = 17</home/szu2070436088/.conda/envs/CVS-RFFI/lib/python3.10/site-packages/torch/nn/intrinsic>
1890493 openat(AT_FDCWD</home/szu2070436088/2510044040/CV-SincNet>, "/home/szu2070436088/.conda/envs/CVS-RFFI/lib/python3.10/site-packages/torch/nn/intrinsic/modules/__pycache__/__init__.cpython-310.pyc", O_RDONLY|O_CLOEXEC) = 17</home/szu2070436088/.conda/envs/CVS-RFFI/lib/python3.10/site-packages/torch/nn/intrinsic/modules/__pycache__/__init__.cpython-310.pyc>
1890493 openat(AT_FDCWD</home/szu2070436088/2510044040/CV-SincNet>, "/home/szu2070436088/.conda/envs/CVS-RFFI/lib/python3.10/site-packages/torch/nn/intrinsic/modules", O_RDONLY|O_NONBLOCK|O_CLOEXEC|O_DIRECTORY) = 17</home/szu2070436088/.conda/envs/CVS-RFFI/lib/python3.10/site-packages/torch/nn/intrinsic/modules>
1890493 openat(AT_FDCWD</home/szu2070436088/2510044040/CV-SincNet>, "/home/szu2070436088/.conda/envs/CVS-RFFI/lib/python3.10/site-packages/torch/nn/intrinsic/modules/__pycache__/fused.cpython-310.pyc", O_RDONLY|O_CLOEXEC) = 17</home/szu2070436088/.conda/envs/CVS-RFFI/lib/python3.10/site-packages/torch/nn/intrinsic/modules/__pycache__/fused.cpython-310.pyc>
1890493 openat(AT_FDCWD</home/szu2070436088/2510044040/CV-SincNet>, "/home/szu2070436088/.conda/envs/CVS-RFFI/lib/python3.10/site-packages/torch/nn/intrinsic/qat/__pycache__/__init__.cpython-310.pyc", O_RDONLY|O_CLOEXEC) = 17</home/szu2070436088/.conda/envs/CVS-RFFI/lib/python3.10/site-packages/torch/nn/intrinsic/qat/__pycache__/__init__.cpython-310.pyc>
1890493 openat(AT_FDCWD</home/szu2070436088/2510044040/CV-SincNet>, "/home/szu2070436088/.conda/envs/CVS-RFFI/lib/python3.10/site-packages/torch/nn/intrinsic/qat", O_RDONLY|O_NONBLOCK|O_CLOEXEC|O_DIRECTORY) = 17</home/szu2070436088/.conda/envs/CVS-RFFI/lib/python3.10/site-packages/torch/nn/intrinsic/qat>
1890493 openat(AT_FDCWD</home/szu2070436088/2510044040/CV-SincNet>, "/home/szu2070436088/.conda/envs/CVS-RFFI/lib/python3.10/site-packages/torch/nn/intrinsic/qat/modules/__pycache__/__init__.cpython-310.pyc", O_RDONLY|O_CLOEXEC) = 17</home/szu2070436088/.conda/envs/CVS-RFFI/lib/python3.10/site-packages/torch/nn/intrinsic/qat/modules/__pycache__/__init__.cpython-310.pyc>
1890493 openat(AT_FDCWD</home/szu2070436088/2510044040/CV-SincNet>, "/home/szu2070436088/.conda/envs/CVS-RFFI/lib/python3.10/site-packages/torch/nn/intrinsic/qat/modules", O_RDONLY|O_NONBLOCK|O_CLOEXEC|O_DIRECTORY) = 17</home/szu2070436088/.conda/envs/CVS-RFFI/lib/python3.10/site-packages/torch/nn/intrinsic/qat/modules>
1890493 openat(AT_FDCWD</home/szu2070436088/2510044040/CV-SincNet>, "/home/szu2070436088/.conda/envs/CVS-RFFI/lib/python3.10/site-packages/torch/nn/intrinsic/qat/modules/__pycache__/linear_relu.cpython-310.pyc", O_RDONLY|O_CLOEXEC) = 17</home/szu2070436088/.conda/envs/CVS-RFFI/lib/python3.10/site-packages/torch/nn/intrinsic/qat/modules/__pycache__/linear_relu.cpython-310.pyc>
1890493 openat(AT_FDCWD</home/szu2070436088/2510044040/CV-SincNet>, "/home/szu2070436088/.conda/envs/CVS-RFFI/lib/python3.10/site-packages/torch/nn/intrinsic/qat/modules/__pycache__/linear_fused.cpython-310.pyc", O_RDONLY|O_CLOEXEC) = 17</home/szu2070436088/.conda/envs/CVS-RFFI/lib/python3.10/site-packages/torch/nn/intrinsic/qat/modules/__pycache__/linear_fused.cpython-310.pyc>
1890493 openat(AT_FDCWD</home/szu2070436088/2510044040/CV-SincNet>, "/home/szu2070436088/.conda/envs/CVS-RFFI/lib/python3.10/site-packages/torch/nn/intrinsic/qat/modules/__pycache__/conv_fused.cpython-310.pyc", O_RDONLY|O_CLOEXEC) = 17</home/szu2070436088/.conda/envs/CVS-RFFI/lib/python3.10/site-packages/torch/nn/intrinsic/qat/modules/__pycache__/conv_fused.cpython-310.pyc>
1890493 openat(AT_FDCWD</home/szu2070436088/2510044040/CV-SincNet>, "/home/szu2070436088/.conda/envs/CVS-RFFI/lib/python3.10/site-packages/torch/nn/intrinsic/quantized/__pycache__/__init__.cpython-310.pyc", O_RDONLY|O_CLOEXEC) = 17</home/szu2070436088/.conda/envs/CVS-RFFI/lib/python3.10/site-packages/torch/nn/intrinsic/quantized/__pycache__/__init__.cpython-310.pyc>
1890493 openat(AT_FDCWD</home/szu2070436088/2510044040/CV-SincNet>, "/home/szu2070436088/.conda/envs/CVS-RFFI/lib/python3.10/site-packages/torch/nn/intrinsic/quantized", O_RDONLY|O_NONBLOCK|O_CLOEXEC|O_DIRECTORY) = 17</home/szu2070436088/.conda/envs/CVS-RFFI/lib/python3.10/site-packages/torch/nn/intrinsic/quantized>
1890493 openat(AT_FDCWD</home/szu2070436088/2510044040/CV-SincNet>, "/home/szu2070436088/.conda/envs/CVS-RFFI/lib/python3.10/site-packages/torch/nn/intrinsic/quantized/modules/__pycache__/__init__.cpython-310.pyc", O_RDONLY|O_CLOEXEC) = 17</home/szu2070436088/.conda/envs/CVS-RFFI/lib/python3.10/site-packages/torch/nn/intrinsic/quantized/modules/__pycache__/__init__.cpython-310.pyc>
1890493 openat(AT_FDCWD</home/szu2070436088/2510044040/CV-SincNet>, "/home/szu2070436088/.conda/envs/CVS-RFFI/lib/python3.10/site-packages/torch/nn/intrinsic/quantized/modules", O_RDONLY|O_NONBLOCK|O_CLOEXEC|O_DIRECTORY) = 17</home/szu2070436088/.conda/envs/CVS-RFFI/lib/python3.10/site-packages/torch/nn/intrinsic/quantized/modules>
1890493 openat(AT_FDCWD</home/szu2070436088/2510044040/CV-SincNet>, "/home/szu2070436088/.conda/envs/CVS-RFFI/lib/python3.10/site-packages/torch/nn/intrinsic/quantized/modules/__pycache__/linear_relu.cpython-310.pyc", O_RDONLY|O_CLOEXEC) = 17</home/szu2070436088/.conda/envs/CVS-RFFI/lib/python3.10/site-packages/torch/nn/intrinsic/quantized/modules/__pycache__/linear_relu.cpython-310.pyc>
1890493 openat(AT_FDCWD</home/szu2070436088/2510044040/CV-SincNet>, "/home/szu2070436088/.conda/envs/CVS-RFFI/lib/python3.10/site-packages/torch/ao/nn/intrinsic/quantized/__pycache__/__init__.cpython-310.pyc", O_RDONLY|O_CLOEXEC) = 17</home/szu2070436088/.conda/envs/CVS-RFFI/lib/python3.10/site-packages/torch/ao/nn/intrinsic/quantized/__pycache__/__init__.cpython-310.pyc>
1890493 openat(AT_FDCWD</home/szu2070436088/2510044040/CV-SincNet>, "/home/szu2070436088/.conda/envs/CVS-RFFI/lib/python3.10/site-packages/torch/ao/nn/intrinsic/quantized", O_RDONLY|O_NONBLOCK|O_CLOEXEC|O_DIRECTORY) = 17</home/szu2070436088/.conda/envs/CVS-RFFI/lib/python3.10/site-packages/torch/ao/nn/intrinsic/quantized>
1890493 openat(AT_FDCWD</home/szu2070436088/2510044040/CV-SincNet>, "/home/szu2070436088/.conda/envs/CVS-RFFI/lib/python3.10/site-packages/torch/ao/nn/intrinsic/quantized/modules/__pycache__/__init__.cpython-310.pyc", O_RDONLY|O_CLOEXEC) = 17</home/szu2070436088/.conda/envs/CVS-RFFI/lib/python3.10/site-packages/torch/ao/nn/intrinsic/quantized/modules/__pycache__/__init__.cpython-310.pyc>
1890493 openat(AT_FDCWD</home/szu2070436088/2510044040/CV-SincNet>, "/home/szu2070436088/.conda/envs/CVS-RFFI/lib/python3.10/site-packages/torch/ao/nn/intrinsic/quantized/modules", O_RDONLY|O_NONBLOCK|O_CLOEXEC|O_DIRECTORY) = 17</home/szu2070436088/.conda/envs/CVS-RFFI/lib/python3.10/site-packages/torch/ao/nn/intrinsic/quantized/modules>
1890493 openat(AT_FDCWD</home/szu2070436088/2510044040/CV-SincNet>, "/home/szu2070436088/.conda/envs/CVS-RFFI/lib/python3.10/site-packages/torch/ao/nn/intrinsic/quantized/modules/__pycache__/linear_relu.cpython-310.pyc", O_RDONLY|O_CLOEXEC) = 17</home/szu2070436088/.conda/envs/CVS-RFFI/lib/python3.10/site-packages/torch/ao/nn/intrinsic/quantized/modules/__pycache__/linear_relu.cpython-310.pyc>
1890493 openat(AT_FDCWD</home/szu2070436088/2510044040/CV-SincNet>, "/home/szu2070436088/.conda/envs/CVS-RFFI/lib/python3.10/site-packages/torch/ao/nn/intrinsic/quantized/modules/__pycache__/conv_relu.cpython-310.pyc", O_RDONLY|O_CLOEXEC) = 17</home/szu2070436088/.conda/envs/CVS-RFFI/lib/python3.10/site-packages/torch/ao/nn/intrinsic/quantized/modules/__pycache__/conv_relu.cpython-310.pyc>
1890493 openat(AT_FDCWD</home/szu2070436088/2510044040/CV-SincNet>, "/home/szu2070436088/.conda/envs/CVS-RFFI/lib/python3.10/site-packages/torch/ao/nn/intrinsic/quantized/modules/__pycache__/bn_relu.cpython-310.pyc", O_RDONLY|O_CLOEXEC) = 17</home/szu2070436088/.conda/envs/CVS-RFFI/lib/python3.10/site-packages/torch/ao/nn/intrinsic/quantized/modules/__pycache__/bn_relu.cpython-310.pyc>
1890493 openat(AT_FDCWD</home/szu2070436088/2510044040/CV-SincNet>, "/home/szu2070436088/.conda/envs/CVS-RFFI/lib/python3.10/site-packages/torch/ao/nn/intrinsic/quantized/modules/__pycache__/conv_add.cpython-310.pyc", O_RDONLY|O_CLOEXEC) = 17</home/szu2070436088/.conda/envs/CVS-RFFI/lib/python3.10/site-packages/torch/ao/nn/intrinsic/quantized/modules/__pycache__/conv_add.cpython-310.pyc>
1890493 openat(AT_FDCWD</home/szu2070436088/2510044040/CV-SincNet>, "/home/szu2070436088/.conda/envs/CVS-RFFI/lib/python3.10/site-packages/torch/nn/intrinsic/quantized/modules/__pycache__/conv_relu.cpython-310.pyc", O_RDONLY|O_CLOEXEC) = 17</home/szu2070436088/.conda/envs/CVS-RFFI/lib/python3.10/site-packages/torch/nn/intrinsic/quantized/modules/__pycache__/conv_relu.cpython-310.pyc>
1890493 openat(AT_FDCWD</home/szu2070436088/2510044040/CV-SincNet>, "/home/szu2070436088/.conda/envs/CVS-RFFI/lib/python3.10/site-packages/torch/nn/intrinsic/quantized/modules/__pycache__/bn_relu.cpython-310.pyc", O_RDONLY|O_CLOEXEC) = 17</home/szu2070436088/.conda/envs/CVS-RFFI/lib/python3.10/site-packages/torch/nn/intrinsic/quantized/modules/__pycache__/bn_relu.cpython-310.pyc>
1890493 openat(AT_FDCWD</home/szu2070436088/2510044040/CV-SincNet>, "/home/szu2070436088/.conda/envs/CVS-RFFI/lib/python3.10/site-packages/torch/nn/intrinsic/quantized/dynamic/__pycache__/__init__.cpython-310.pyc", O_RDONLY|O_CLOEXEC) = 17</home/szu2070436088/.conda/envs/CVS-RFFI/lib/python3.10/site-packages/torch/nn/intrinsic/quantized/dynamic/__pycache__/__init__.cpython-310.pyc>
1890493 openat(AT_FDCWD</home/szu2070436088/2510044040/CV-SincNet>, "/home/szu2070436088/.conda/envs/CVS-RFFI/lib/python3.10/site-packages/torch/nn/intrinsic/quantized/dynamic", O_RDONLY|O_NONBLOCK|O_CLOEXEC|O_DIRECTORY) = 17</home/szu2070436088/.conda/envs/CVS-RFFI/lib/python3.10/site-packages/torch/nn/intrinsic/quantized/dynamic>
1890493 openat(AT_FDCWD</home/szu2070436088/2510044040/CV-SincNet>, "/home/szu2070436088/.conda/envs/CVS-RFFI/lib/python3.10/site-packages/torch/nn/intrinsic/quantized/dynamic/modules/__pycache__/__init__.cpython-310.pyc", O_RDONLY|O_CLOEXEC) = 17</home/szu2070436088/.conda/envs/CVS-RFFI/lib/python3.10/site-packages/torch/nn/intrinsic/quantized/dynamic/modules/__pycache__/__init__.cpython-310.pyc>
1890493 openat(AT_FDCWD</home/szu2070436088/2510044040/CV-SincNet>, "/home/szu2070436088/.conda/envs/CVS-RFFI/lib/python3.10/site-packages/torch/nn/intrinsic/quantized/dynamic/modules", O_RDONLY|O_NONBLOCK|O_CLOEXEC|O_DIRECTORY) = 17</home/szu2070436088/.conda/envs/CVS-RFFI/lib/python3.10/site-packages/torch/nn/intrinsic/quantized/dynamic/modules>
1890493 openat(AT_FDCWD</home/szu2070436088/2510044040/CV-SincNet>, "/home/szu2070436088/.conda/envs/CVS-RFFI/lib/python3.10/site-packages/torch/nn/intrinsic/quantized/dynamic/modules/__pycache__/linear_relu.cpython-310.pyc", O_RDONLY|O_CLOEXEC) = 17</home/szu2070436088/.conda/envs/CVS-RFFI/lib/python3.10/site-packages/torch/nn/intrinsic/quantized/dynamic/modules/__pycache__/linear_relu.cpython-310.pyc>
1890493 openat(AT_FDCWD</home/szu2070436088/2510044040/CV-SincNet>, "/home/szu2070436088/.conda/envs/CVS-RFFI/lib/python3.10/site-packages/torch/ao/nn/intrinsic/quantized/dynamic/__pycache__/__init__.cpython-310.pyc", O_RDONLY|O_CLOEXEC) = 17</home/szu2070436088/.conda/envs/CVS-RFFI/lib/python3.10/site-packages/torch/ao/nn/intrinsic/quantized/dynamic/__pycache__/__init__.cpython-310.pyc>
1890493 openat(AT_FDCWD</home/szu2070436088/2510044040/CV-SincNet>, "/home/szu2070436088/.conda/envs/CVS-RFFI/lib/python3.10/site-packages/torch/ao/nn/intrinsic/quantized/dynamic", O_RDONLY|O_NONBLOCK|O_CLOEXEC|O_DIRECTORY) = 17</home/szu2070436088/.conda/envs/CVS-RFFI/lib/python3.10/site-packages/torch/ao/nn/intrinsic/quantized/dynamic>
1890493 openat(AT_FDCWD</home/szu2070436088/2510044040/CV-SincNet>, "/home/szu2070436088/.conda/envs/CVS-RFFI/lib/python3.10/site-packages/torch/ao/nn/intrinsic/quantized/dynamic/modules/__pycache__/__init__.cpython-310.pyc", O_RDONLY|O_CLOEXEC) = 17</home/szu2070436088/.conda/envs/CVS-RFFI/lib/python3.10/site-packages/torch/ao/nn/intrinsic/quantized/dynamic/modules/__pycache__/__init__.cpython-310.pyc>
1890493 openat(AT_FDCWD</home/szu2070436088/2510044040/CV-SincNet>, "/home/szu2070436088/.conda/envs/CVS-RFFI/lib/python3.10/site-packages/torch/ao/nn/intrinsic/quantized/dynamic/modules", O_RDONLY|O_NONBLOCK|O_CLOEXEC|O_DIRECTORY) = 17</home/szu2070436088/.conda/envs/CVS-RFFI/lib/python3.10/site-packages/torch/ao/nn/intrinsic/quantized/dynamic/modules>
1890493 openat(AT_FDCWD</home/szu2070436088/2510044040/CV-SincNet>, "/home/szu2070436088/.conda/envs/CVS-RFFI/lib/python3.10/site-packages/torch/ao/nn/intrinsic/quantized/dynamic/modules/__pycache__/linear_relu.cpython-310.pyc", O_RDONLY|O_CLOEXEC) = 17</home/szu2070436088/.conda/envs/CVS-RFFI/lib/python3.10/site-packages/torch/ao/nn/intrinsic/quantized/dynamic/modules/__pycache__/linear_relu.cpython-310.pyc>
1890493 openat(AT_FDCWD</home/szu2070436088/2510044040/CV-SincNet>, "/home/szu2070436088/.conda/envs/CVS-RFFI/lib/python3.10/site-packages/torch/__pycache__/_tensor_docs.cpython-310.pyc", O_RDONLY|O_CLOEXEC) = 17</home/szu2070436088/.conda/envs/CVS-RFFI/lib/python3.10/site-packages/torch/__pycache__/_tensor_docs.cpython-310.pyc>
1890493 openat(AT_FDCWD</home/szu2070436088/2510044040/CV-SincNet>, "/home/szu2070436088/.conda/envs/CVS-RFFI/lib/python3.10/site-packages/torch/__pycache__/_storage_docs.cpython-310.pyc", O_RDONLY|O_CLOEXEC) = 17</home/szu2070436088/.conda/envs/CVS-RFFI/lib/python3.10/site-packages/torch/__pycache__/_storage_docs.cpython-310.pyc>
1890493 openat(AT_FDCWD</home/szu2070436088/2510044040/CV-SincNet>, "/home/szu2070436088/.conda/envs/CVS-RFFI/lib/python3.10/site-packages/torch/quantization/__pycache__/__init__.cpython-310.pyc", O_RDONLY|O_CLOEXEC) = 17</home/szu2070436088/.conda/envs/CVS-RFFI/lib/python3.10/site-packages/torch/quantization/__pycache__/__init__.cpython-310.pyc>
1890493 openat(AT_FDCWD</home/szu2070436088/2510044040/CV-SincNet>, "/home/szu2070436088/.conda/envs/CVS-RFFI/lib/python3.10/site-packages/torch/quantization", O_RDONLY|O_NONBLOCK|O_CLOEXEC|O_DIRECTORY) = 17</home/szu2070436088/.conda/envs/CVS-RFFI/lib/python3.10/site-packages/torch/quantization>
1890493 openat(AT_FDCWD</home/szu2070436088/2510044040/CV-SincNet>, "/home/szu2070436088/.conda/envs/CVS-RFFI/lib/python3.10/site-packages/torch/quantization/__pycache__/quantize.cpython-310.pyc", O_RDONLY|O_CLOEXEC) = 17</home/szu2070436088/.conda/envs/CVS-RFFI/lib/python3.10/site-packages/torch/quantization/__pycache__/quantize.cpython-310.pyc>
1890493 openat(AT_FDCWD</home/szu2070436088/2510044040/CV-SincNet>, "/home/szu2070436088/.conda/envs/CVS-RFFI/lib/python3.10/site-packages/torch/ao/quantization/__pycache__/__init__.cpython-310.pyc", O_RDONLY|O_CLOEXEC) = 17</home/szu2070436088/.conda/envs/CVS-RFFI/lib/python3.10/site-packages/torch/ao/quantization/__pycache__/__init__.cpython-310.pyc>
1890493 openat(AT_FDCWD</home/szu2070436088/2510044040/CV-SincNet>, "/home/szu2070436088/.conda/envs/CVS-RFFI/lib/python3.10/site-packages/torch/ao/quantization", O_RDONLY|O_NONBLOCK|O_CLOEXEC|O_DIRECTORY) = 17</home/szu2070436088/.conda/envs/CVS-RFFI/lib/python3.10/site-packages/torch/ao/quantization>
1890493 openat(AT_FDCWD</home/szu2070436088/2510044040/CV-SincNet>, "/home/szu2070436088/.conda/envs/CVS-RFFI/lib/python3.10/site-packages/torch/ao/quantization/__pycache__/fake_quantize.cpython-310.pyc", O_RDONLY|O_CLOEXEC) = 17</home/szu2070436088/.conda/envs/CVS-RFFI/lib/python3.10/site-packages/torch/ao/quantization/__pycache__/fake_quantize.cpython-310.pyc>
1890493 openat(AT_FDCWD</home/szu2070436088/2510044040/CV-SincNet>, "/home/szu2070436088/.conda/envs/CVS-RFFI/lib/python3.10/site-packages/torch/ao/quantization/__pycache__/observer.cpython-310.pyc", O_RDONLY|O_CLOEXEC) = 17</home/szu2070436088/.conda/envs/CVS-RFFI/lib/python3.10/site-packages/torch/ao/quantization/__pycache__/observer.cpython-310.pyc>
1890493 openat(AT_FDCWD</home/szu2070436088/2510044040/CV-SincNet>, "/home/szu2070436088/.conda/envs/CVS-RFFI/lib/python3.10/site-packages/torch/ao/quantization/__pycache__/utils.cpython-310.pyc", O_RDONLY|O_CLOEXEC) = 17</home/szu2070436088/.conda/envs/CVS-RFFI/lib/python3.10/site-packages/torch/ao/quantization/__pycache__/utils.cpython-310.pyc>
1890493 openat(AT_FDCWD</home/szu2070436088/2510044040/CV-SincNet>, "/home/szu2070436088/.conda/envs/CVS-RFFI/lib/python3.10/site-packages/torch/ao/quantization/__pycache__/quant_type.cpython-310.pyc", O_RDONLY|O_CLOEXEC) = 17</home/szu2070436088/.conda/envs/CVS-RFFI/lib/python3.10/site-packages/torch/ao/quantization/__pycache__/quant_type.cpython-310.pyc>
1890493 openat(AT_FDCWD</home/szu2070436088/2510044040/CV-SincNet>, "/home/szu2070436088/.conda/envs/CVS-RFFI/lib/python3.10/site-packages/torch/fx/__pycache__/__init__.cpython-310.pyc", O_RDONLY|O_CLOEXEC) = 17</home/szu2070436088/.conda/envs/CVS-RFFI/lib/python3.10/site-packages/torch/fx/__pycache__/__init__.cpython-310.pyc>
1890493 openat(AT_FDCWD</home/szu2070436088/2510044040/CV-SincNet>, "/home/szu2070436088/.conda/envs/CVS-RFFI/lib/python3.10/site-packages/torch/fx", O_RDONLY|O_NONBLOCK|O_CLOEXEC|O_DIRECTORY) = 17</home/szu2070436088/.conda/envs/CVS-RFFI/lib/python3.10/site-packages/torch/fx>
1890493 openat(AT_FDCWD</home/szu2070436088/2510044040/CV-SincNet>, "/home/szu2070436088/.conda/envs/CVS-RFFI/lib/python3.10/site-packages/torch/fx/__pycache__/graph_module.cpython-310.pyc", O_RDONLY|O_CLOEXEC) = 17</home/szu2070436088/.conda/envs/CVS-RFFI/lib/python3.10/site-packages/torch/fx/__pycache__/graph_module.cpython-310.pyc>
1890493 openat(AT_FDCWD</home/szu2070436088/2510044040/CV-SincNet>, "/home/szu2070436088/.conda/envs/CVS-RFFI/lib/python3.10/site-packages/torch/fx/__pycache__/graph.cpython-310.pyc", O_RDONLY|O_CLOEXEC) = 17</home/szu2070436088/.conda/envs/CVS-RFFI/lib/python3.10/site-packages/torch/fx/__pycache__/graph.cpython-310.pyc>
1890493 openat(AT_FDCWD</home/szu2070436088/2510044040/CV-SincNet>, "/home/szu2070436088/.conda/envs/CVS-RFFI/lib/python3.10/site-packages/torch/fx/__pycache__/node.cpython-310.pyc", O_RDONLY|O_CLOEXEC) = 17</home/szu2070436088/.conda/envs/CVS-RFFI/lib/python3.10/site-packages/torch/fx/__pycache__/node.cpython-310.pyc>
1890493 openat(AT_FDCWD</home/szu2070436088/2510044040/CV-SincNet>, "/home/szu2070436088/.conda/envs/CVS-RFFI/lib/python3.10/site-packages/torch/fx/__pycache__/_compatibility.cpython-310.pyc", O_RDONLY|O_CLOEXEC) = 17</home/szu2070436088/.conda/envs/CVS-RFFI/lib/python3.10/site-packages/torch/fx/__pycache__/_compatibility.cpython-310.pyc>
1890493 openat(AT_FDCWD</home/szu2070436088/2510044040/CV-SincNet>, "/home/szu2070436088/.conda/envs/CVS-RFFI/lib/python3.10/site-packages/torch/fx/__pycache__/immutable_collections.cpython-310.pyc", O_RDONLY|O_CLOEXEC) = 17</home/szu2070436088/.conda/envs/CVS-RFFI/lib/python3.10/site-packages/torch/fx/__pycache__/immutable_collections.cpython-310.pyc>
1890493 openat(AT_FDCWD</home/szu2070436088/2510044040/CV-SincNet>, "/home/szu2070436088/.conda/envs/CVS-RFFI/lib/python3.10/site-packages/torch/fx/__pycache__/operator_schemas.cpython-310.pyc", O_RDONLY|O_CLOEXEC) = 17</home/szu2070436088/.conda/envs/CVS-RFFI/lib/python3.10/site-packages/torch/fx/__pycache__/operator_schemas.cpython-310.pyc>
1890493 openat(AT_FDCWD</home/szu2070436088/2510044040/CV-SincNet>, "/home/szu2070436088/.conda/envs/CVS-RFFI/lib/python3.10/site-packages/torch/fx/__pycache__/_pytree.cpython-310.pyc", O_RDONLY|O_CLOEXEC) = 17</home/szu2070436088/.conda/envs/CVS-RFFI/lib/python3.10/site-packages/torch/fx/__pycache__/_pytree.cpython-310.pyc>
1890493 openat(AT_FDCWD</home/szu2070436088/2510044040/CV-SincNet>, "/home/szu2070436088/.conda/envs/CVS-RFFI/lib/python3.10/site-packages/torch/fx/__pycache__/_symbolic_trace.cpython-310.pyc", O_RDONLY|O_CLOEXEC) = 17</home/szu2070436088/.conda/envs/CVS-RFFI/lib/python3.10/site-packages/torch/fx/__pycache__/_symbolic_trace.cpython-310.pyc>
1890493 openat(AT_FDCWD</home/szu2070436088/2510044040/CV-SincNet>, "/home/szu2070436088/.conda/envs/CVS-RFFI/lib/python3.10/site-packages/torch/fx/__pycache__/proxy.cpython-310.pyc", O_RDONLY|O_CLOEXEC) = 17</home/szu2070436088/.conda/envs/CVS-RFFI/lib/python3.10/site-packages/torch/fx/__pycache__/proxy.cpython-310.pyc>
1890493 openat(AT_FDCWD</home/szu2070436088/2510044040/CV-SincNet>, "/home/szu2070436088/.conda/envs/CVS-RFFI/lib/python3.10/site-packages/torch/fx/__pycache__/traceback.cpython-310.pyc", O_RDONLY|O_CLOEXEC) = 17</home/szu2070436088/.conda/envs/CVS-RFFI/lib/python3.10/site-packages/torch/fx/__pycache__/traceback.cpython-310.pyc>
1890493 openat(AT_FDCWD</home/szu2070436088/2510044040/CV-SincNet>, "/home/szu2070436088/.conda/envs/CVS-RFFI/lib/python3.10/site-packages/torch/fx/__pycache__/interpreter.cpython-310.pyc", O_RDONLY|O_CLOEXEC) = 17</home/szu2070436088/.conda/envs/CVS-RFFI/lib/python3.10/site-packages/torch/fx/__pycache__/interpreter.cpython-310.pyc>
1890493 openat(AT_FDCWD</home/szu2070436088/2510044040/CV-SincNet>, "/home/szu2070436088/.conda/envs/CVS-RFFI/lib/python3.10/site-packages/torch/fx/__pycache__/config.cpython-310.pyc", O_RDONLY|O_CLOEXEC) = 17</home/szu2070436088/.conda/envs/CVS-RFFI/lib/python3.10/site-packages/torch/fx/__pycache__/config.cpython-310.pyc>
1890493 openat(AT_FDCWD</home/szu2070436088/2510044040/CV-SincNet>, "/home/szu2070436088/.conda/envs/CVS-RFFI/lib/python3.10/site-packages/torch/fx/__pycache__/subgraph_rewriter.cpython-310.pyc", O_RDONLY|O_CLOEXEC) = 17</home/szu2070436088/.conda/envs/CVS-RFFI/lib/python3.10/site-packages/torch/fx/__pycache__/subgraph_rewriter.cpython-310.pyc>
1890493 openat(AT_FDCWD</home/szu2070436088/2510044040/CV-SincNet>, "/home/szu2070436088/.conda/envs/CVS-RFFI/lib/python3.10/site-packages/torch/ao/quantization/__pycache__/fuse_modules.cpython-310.pyc", O_RDONLY|O_CLOEXEC) = 17</home/szu2070436088/.conda/envs/CVS-RFFI/lib/python3.10/site-packages/torch/ao/quantization/__pycache__/fuse_modules.cpython-310.pyc>
1890493 openat(AT_FDCWD</home/szu2070436088/2510044040/CV-SincNet>, "/home/szu2070436088/.conda/envs/CVS-RFFI/lib/python3.10/site-packages/torch/ao/quantization/__pycache__/fuser_method_mappings.cpython-310.pyc", O_RDONLY|O_CLOEXEC) = 17</home/szu2070436088/.conda/envs/CVS-RFFI/lib/python3.10/site-packages/torch/ao/quantization/__pycache__/fuser_method_mappings.cpython-310.pyc>
1890493 openat(AT_FDCWD</home/szu2070436088/2510044040/CV-SincNet>, "/home/szu2070436088/.conda/envs/CVS-RFFI/lib/python3.10/site-packages/torch/ao/quantization/__pycache__/qconfig.cpython-310.pyc", O_RDONLY|O_CLOEXEC) = 17</home/szu2070436088/.conda/envs/CVS-RFFI/lib/python3.10/site-packages/torch/ao/quantization/__pycache__/qconfig.cpython-310.pyc>
1890493 openat(AT_FDCWD</home/szu2070436088/2510044040/CV-SincNet>, "/home/szu2070436088/.conda/envs/CVS-RFFI/lib/python3.10/site-packages/torch/ao/quantization/__pycache__/qconfig_mapping.cpython-310.pyc", O_RDONLY|O_CLOEXEC) = 17</home/szu2070436088/.conda/envs/CVS-RFFI/lib/python3.10/site-packages/torch/ao/quantization/__pycache__/qconfig_mapping.cpython-310.pyc>
1890493 openat(AT_FDCWD</home/szu2070436088/2510044040/CV-SincNet>, "/home/szu2070436088/.conda/envs/CVS-RFFI/lib/python3.10/site-packages/torch/ao/quantization/__pycache__/quantization_mappings.cpython-310.pyc", O_RDONLY|O_CLOEXEC) = 17</home/szu2070436088/.conda/envs/CVS-RFFI/lib/python3.10/site-packages/torch/ao/quantization/__pycache__/quantization_mappings.cpython-310.pyc>
1890493 openat(AT_FDCWD</home/szu2070436088/2510044040/CV-SincNet>, "/home/szu2070436088/.conda/envs/CVS-RFFI/lib/python3.10/site-packages/torch/ao/nn/quantized/reference/__pycache__/__init__.cpython-310.pyc", O_RDONLY|O_CLOEXEC) = 17</home/szu2070436088/.conda/envs/CVS-RFFI/lib/python3.10/site-packages/torch/ao/nn/quantized/reference/__pycache__/__init__.cpython-310.pyc>
1890493 openat(AT_FDCWD</home/szu2070436088/2510044040/CV-SincNet>, "/home/szu2070436088/.conda/envs/CVS-RFFI/lib/python3.10/site-packages/torch/ao/nn/quantized/reference", O_RDONLY|O_NONBLOCK|O_CLOEXEC|O_DIRECTORY) = 17</home/szu2070436088/.conda/envs/CVS-RFFI/lib/python3.10/site-packages/torch/ao/nn/quantized/reference>
1890493 openat(AT_FDCWD</home/szu2070436088/2510044040/CV-SincNet>, "/home/szu2070436088/.conda/envs/CVS-RFFI/lib/python3.10/site-packages/torch/ao/nn/quantized/reference/modules/__pycache__/__init__.cpython-310.pyc", O_RDONLY|O_CLOEXEC) = 17</home/szu2070436088/.conda/envs/CVS-RFFI/lib/python3.10/site-packages/torch/ao/nn/quantized/reference/modules/__pycache__/__init__.cpython-310.pyc>
1890493 openat(AT_FDCWD</home/szu2070436088/2510044040/CV-SincNet>, "/home/szu2070436088/.conda/envs/CVS-RFFI/lib/python3.10/site-packages/torch/ao/nn/quantized/reference/modules", O_RDONLY|O_NONBLOCK|O_CLOEXEC|O_DIRECTORY) = 17</home/szu2070436088/.conda/envs/CVS-RFFI/lib/python3.10/site-packages/torch/ao/nn/quantized/reference/modules>
1890493 openat(AT_FDCWD</home/szu2070436088/2510044040/CV-SincNet>, "/home/szu2070436088/.conda/envs/CVS-RFFI/lib/python3.10/site-packages/torch/ao/nn/quantized/reference/modules/__pycache__/linear.cpython-310.pyc", O_RDONLY|O_CLOEXEC) = 17</home/szu2070436088/.conda/envs/CVS-RFFI/lib/python3.10/site-packages/torch/ao/nn/quantized/reference/modules/__pycache__/linear.cpython-310.pyc>
1890493 openat(AT_FDCWD</home/szu2070436088/2510044040/CV-SincNet>, "/home/szu2070436088/.conda/envs/CVS-RFFI/lib/python3.10/site-packages/torch/ao/nn/quantized/reference/modules/__pycache__/utils.cpython-310.pyc", O_RDONLY|O_CLOEXEC) = 17</home/szu2070436088/.conda/envs/CVS-RFFI/lib/python3.10/site-packages/torch/ao/nn/quantized/reference/modules/__pycache__/utils.cpython-310.pyc>
1890493 openat(AT_FDCWD</home/szu2070436088/2510044040/CV-SincNet>, "/home/szu2070436088/.conda/envs/CVS-RFFI/lib/python3.10/site-packages/torch/ao/nn/quantized/reference/modules/__pycache__/conv.cpython-310.pyc", O_RDONLY|O_CLOEXEC) = 17</home/szu2070436088/.conda/envs/CVS-RFFI/lib/python3.10/site-packages/torch/ao/nn/quantized/reference/modules/__pycache__/conv.cpython-310.pyc>
1890493 openat(AT_FDCWD</home/szu2070436088/2510044040/CV-SincNet>, "/home/szu2070436088/.conda/envs/CVS-RFFI/lib/python3.10/site-packages/torch/ao/nn/quantized/reference/modules/__pycache__/rnn.cpython-310.pyc", O_RDONLY|O_CLOEXEC) = 17</home/szu2070436088/.conda/envs/CVS-RFFI/lib/python3.10/site-packages/torch/ao/nn/quantized/reference/modules/__pycache__/rnn.cpython-310.pyc>
1890493 openat(AT_FDCWD</home/szu2070436088/2510044040/CV-SincNet>, "/home/szu2070436088/.conda/envs/CVS-RFFI/lib/python3.10/site-packages/torch/ao/nn/quantized/reference/modules/__pycache__/sparse.cpython-310.pyc", O_RDONLY|O_CLOEXEC) = 17</home/szu2070436088/.conda/envs/CVS-RFFI/lib/python3.10/site-packages/torch/ao/nn/quantized/reference/modules/__pycache__/sparse.cpython-310.pyc>
1890493 openat(AT_FDCWD</home/szu2070436088/2510044040/CV-SincNet>, "/home/szu2070436088/.conda/envs/CVS-RFFI/lib/python3.10/site-packages/torch/ao/nn/sparse/__pycache__/__init__.cpython-310.pyc", O_RDONLY|O_CLOEXEC) = 17</home/szu2070436088/.conda/envs/CVS-RFFI/lib/python3.10/site-packages/torch/ao/nn/sparse/__pycache__/__init__.cpython-310.pyc>
1890493 openat(AT_FDCWD</home/szu2070436088/2510044040/CV-SincNet>, "/home/szu2070436088/.conda/envs/CVS-RFFI/lib/python3.10/site-packages/torch/ao/nn/sparse", O_RDONLY|O_NONBLOCK|O_CLOEXEC|O_DIRECTORY) = 17</home/szu2070436088/.conda/envs/CVS-RFFI/lib/python3.10/site-packages/torch/ao/nn/sparse>
1890493 openat(AT_FDCWD</home/szu2070436088/2510044040/CV-SincNet>, "/home/szu2070436088/.conda/envs/CVS-RFFI/lib/python3.10/site-packages/torch/ao/nn/sparse/quantized/__pycache__/__init__.cpython-310.pyc", O_RDONLY|O_CLOEXEC) = 17</home/szu2070436088/.conda/envs/CVS-RFFI/lib/python3.10/site-packages/torch/ao/nn/sparse/quantized/__pycache__/__init__.cpython-310.pyc>
1890493 openat(AT_FDCWD</home/szu2070436088/2510044040/CV-SincNet>, "/home/szu2070436088/.conda/envs/CVS-RFFI/lib/python3.10/site-packages/torch/ao/nn/sparse/quantized", O_RDONLY|O_NONBLOCK|O_CLOEXEC|O_DIRECTORY) = 17</home/szu2070436088/.conda/envs/CVS-RFFI/lib/python3.10/site-packages/torch/ao/nn/sparse/quantized>
1890493 openat(AT_FDCWD</home/szu2070436088/2510044040/CV-SincNet>, "/home/szu2070436088/.conda/envs/CVS-RFFI/lib/python3.10/site-packages/torch/ao/nn/sparse/quantized/dynamic/__pycache__/__init__.cpython-310.pyc", O_RDONLY|O_CLOEXEC) = 17</home/szu2070436088/.conda/envs/CVS-RFFI/lib/python3.10/site-packages/torch/ao/nn/sparse/quantized/dynamic/__pycache__/__init__.cpython-310.pyc>
1890493 openat(AT_FDCWD</home/szu2070436088/2510044040/CV-SincNet>, "/home/szu2070436088/.conda/envs/CVS-RFFI/lib/python3.10/site-packages/torch/ao/nn/sparse/quantized/dynamic", O_RDONLY|O_NONBLOCK|O_CLOEXEC|O_DIRECTORY) = 17</home/szu2070436088/.conda/envs/CVS-RFFI/lib/python3.10/site-packages/torch/ao/nn/sparse/quantized/dynamic>
1890493 openat(AT_FDCWD</home/szu2070436088/2510044040/CV-SincNet>, "/home/szu2070436088/.conda/envs/CVS-RFFI/lib/python3.10/site-packages/torch/ao/nn/sparse/quantized/dynamic/__pycache__/linear.cpython-310.pyc", O_RDONLY|O_CLOEXEC) = 17</home/szu2070436088/.conda/envs/CVS-RFFI/lib/python3.10/site-packages/torch/ao/nn/sparse/quantized/dynamic/__pycache__/linear.cpython-310.pyc>
1890493 openat(AT_FDCWD</home/szu2070436088/2510044040/CV-SincNet>, "/home/szu2070436088/.conda/envs/CVS-RFFI/lib/python3.10/site-packages/torch/ao/nn/sparse/quantized/__pycache__/linear.cpython-310.pyc", O_RDONLY|O_CLOEXEC) = 17</home/szu2070436088/.conda/envs/CVS-RFFI/lib/python3.10/site-packages/torch/ao/nn/sparse/quantized/__pycache__/linear.cpython-310.pyc>
1890493 openat(AT_FDCWD</home/szu2070436088/2510044040/CV-SincNet>, "/home/szu2070436088/.conda/envs/CVS-RFFI/lib/python3.10/site-packages/torch/ao/nn/sparse/quantized/__pycache__/utils.cpython-310.pyc", O_RDONLY|O_CLOEXEC) = 17</home/szu2070436088/.conda/envs/CVS-RFFI/lib/python3.10/site-packages/torch/ao/nn/sparse/quantized/__pycache__/utils.cpython-310.pyc>
1890493 openat(AT_FDCWD</home/szu2070436088/2510044040/CV-SincNet>, "/home/szu2070436088/.conda/envs/CVS-RFFI/lib/python3.10/site-packages/torch/ao/quantization/__pycache__/stubs.cpython-310.pyc", O_RDONLY|O_CLOEXEC) = 17</home/szu2070436088/.conda/envs/CVS-RFFI/lib/python3.10/site-packages/torch/ao/quantization/__pycache__/stubs.cpython-310.pyc>
1890493 openat(AT_FDCWD</home/szu2070436088/2510044040/CV-SincNet>, "/home/szu2070436088/.conda/envs/CVS-RFFI/lib/python3.10/site-packages/torch/ao/quantization/__pycache__/quantize.cpython-310.pyc", O_RDONLY|O_CLOEXEC) = 17</home/szu2070436088/.conda/envs/CVS-RFFI/lib/python3.10/site-packages/torch/ao/quantization/__pycache__/quantize.cpython-310.pyc>
1890493 openat(AT_FDCWD</home/szu2070436088/2510044040/CV-SincNet>, "/home/szu2070436088/.conda/envs/CVS-RFFI/lib/python3.10/site-packages/torch/ao/quantization/__pycache__/quantize_jit.cpython-310.pyc", O_RDONLY|O_CLOEXEC) = 17</home/szu2070436088/.conda/envs/CVS-RFFI/lib/python3.10/site-packages/torch/ao/quantization/__pycache__/quantize_jit.cpython-310.pyc>
1890493 openat(AT_FDCWD</home/szu2070436088/2510044040/CV-SincNet>, "/home/szu2070436088/.conda/envs/CVS-RFFI/lib/python3.10/site-packages/torch/ao/quantization/pt2e/__pycache__/__init__.cpython-310.pyc", O_RDONLY|O_CLOEXEC) = 17</home/szu2070436088/.conda/envs/CVS-RFFI/lib/python3.10/site-packages/torch/ao/quantization/pt2e/__pycache__/__init__.cpython-310.pyc>
1890493 openat(AT_FDCWD</home/szu2070436088/2510044040/CV-SincNet>, "/home/szu2070436088/.conda/envs/CVS-RFFI/lib/python3.10/site-packages/torch/ao/quantization/pt2e", O_RDONLY|O_NONBLOCK|O_CLOEXEC|O_DIRECTORY) = 17</home/szu2070436088/.conda/envs/CVS-RFFI/lib/python3.10/site-packages/torch/ao/quantization/pt2e>
1890493 openat(AT_FDCWD</home/szu2070436088/2510044040/CV-SincNet>, "/home/szu2070436088/.conda/envs/CVS-RFFI/lib/python3.10/site-packages/torch/ao/quantization/pt2e/__pycache__/utils.cpython-310.pyc", O_RDONLY|O_CLOEXEC) = 17</home/szu2070436088/.conda/envs/CVS-RFFI/lib/python3.10/site-packages/torch/ao/quantization/pt2e/__pycache__/utils.cpython-310.pyc>
1890493 openat(AT_FDCWD</home/szu2070436088/2510044040/CV-SincNet>, "/home/szu2070436088/.conda/envs/CVS-RFFI/lib/python3.10/site-packages/torch/quantization/__pycache__/observer.cpython-310.pyc", O_RDONLY|O_CLOEXEC) = 17</home/szu2070436088/.conda/envs/CVS-RFFI/lib/python3.10/site-packages/torch/quantization/__pycache__/observer.cpython-310.pyc>
1890493 openat(AT_FDCWD</home/szu2070436088/2510044040/CV-SincNet>, "/home/szu2070436088/.conda/envs/CVS-RFFI/lib/python3.10/site-packages/torch/quantization/__pycache__/qconfig.cpython-310.pyc", O_RDONLY|O_CLOEXEC) = 17</home/szu2070436088/.conda/envs/CVS-RFFI/lib/python3.10/site-packages/torch/quantization/__pycache__/qconfig.cpython-310.pyc>
1890493 openat(AT_FDCWD</home/szu2070436088/2510044040/CV-SincNet>, "/home/szu2070436088/.conda/envs/CVS-RFFI/lib/python3.10/site-packages/torch/quantization/__pycache__/fake_quantize.cpython-310.pyc", O_RDONLY|O_CLOEXEC) = 17</home/szu2070436088/.conda/envs/CVS-RFFI/lib/python3.10/site-packages/torch/quantization/__pycache__/fake_quantize.cpython-310.pyc>
1890493 openat(AT_FDCWD</home/szu2070436088/2510044040/CV-SincNet>, "/home/szu2070436088/.conda/envs/CVS-RFFI/lib/python3.10/site-packages/torch/quantization/__pycache__/fuse_modules.cpython-310.pyc", O_RDONLY|O_CLOEXEC) = 17</home/szu2070436088/.conda/envs/CVS-RFFI/lib/python3.10/site-packages/torch/quantization/__pycache__/fuse_modules.cpython-310.pyc>
1890493 openat(AT_FDCWD</home/szu2070436088/2510044040/CV-SincNet>, "/home/szu2070436088/.conda/envs/CVS-RFFI/lib/python3.10/site-packages/torch/quantization/__pycache__/stubs.cpython-310.pyc", O_RDONLY|O_CLOEXEC) = 17</home/szu2070436088/.conda/envs/CVS-RFFI/lib/python3.10/site-packages/torch/quantization/__pycache__/stubs.cpython-310.pyc>
1890493 openat(AT_FDCWD</home/szu2070436088/2510044040/CV-SincNet>, "/home/szu2070436088/.conda/envs/CVS-RFFI/lib/python3.10/site-packages/torch/quantization/__pycache__/quant_type.cpython-310.pyc", O_RDONLY|O_CLOEXEC) = 17</home/szu2070436088/.conda/envs/CVS-RFFI/lib/python3.10/site-packages/torch/quantization/__pycache__/quant_type.cpython-310.pyc>
1890493 openat(AT_FDCWD</home/szu2070436088/2510044040/CV-SincNet>, "/home/szu2070436088/.conda/envs/CVS-RFFI/lib/python3.10/site-packages/torch/quantization/__pycache__/quantize_jit.cpython-310.pyc", O_RDONLY|O_CLOEXEC) = 17</home/szu2070436088/.conda/envs/CVS-RFFI/lib/python3.10/site-packages/torch/quantization/__pycache__/quantize_jit.cpython-310.pyc>
1890493 openat(AT_FDCWD</home/szu2070436088/2510044040/CV-SincNet>, "/home/szu2070436088/.conda/envs/CVS-RFFI/lib/python3.10/site-packages/torch/quantization/__pycache__/quantization_mappings.cpython-310.pyc", O_RDONLY|O_CLOEXEC) = 17</home/szu2070436088/.conda/envs/CVS-RFFI/lib/python3.10/site-packages/torch/quantization/__pycache__/quantization_mappings.cpython-310.pyc>
1890493 openat(AT_FDCWD</home/szu2070436088/2510044040/CV-SincNet>, "/home/szu2070436088/.conda/envs/CVS-RFFI/lib/python3.10/site-packages/torch/quantization/__pycache__/fuser_method_mappings.cpython-310.pyc", O_RDONLY|O_CLOEXEC) = 17</home/szu2070436088/.conda/envs/CVS-RFFI/lib/python3.10/site-packages/torch/quantization/__pycache__/fuser_method_mappings.cpython-310.pyc>
1890493 openat(AT_FDCWD</home/szu2070436088/2510044040/CV-SincNet>, "/home/szu2070436088/.conda/envs/CVS-RFFI/lib/python3.10/site-packages/torch/__pycache__/quasirandom.cpython-310.pyc", O_RDONLY|O_CLOEXEC) = 17</home/szu2070436088/.conda/envs/CVS-RFFI/lib/python3.10/site-packages/torch/__pycache__/quasirandom.cpython-310.pyc>
1890493 openat(AT_FDCWD</home/szu2070436088/2510044040/CV-SincNet>, "/home/szu2070436088/.conda/envs/CVS-RFFI/lib/python3.10/site-packages/torch/multiprocessing/__pycache__/_atfork.cpython-310.pyc", O_RDONLY|O_CLOEXEC) = 17</home/szu2070436088/.conda/envs/CVS-RFFI/lib/python3.10/site-packages/torch/multiprocessing/__pycache__/_atfork.cpython-310.pyc>
1890493 openat(AT_FDCWD</home/szu2070436088/2510044040/CV-SincNet>, "/home/szu2070436088/.conda/envs/CVS-RFFI/lib/python3.10/site-packages/torch/__pycache__/_lobpcg.cpython-310.pyc", O_RDONLY|O_CLOEXEC) = 17</home/szu2070436088/.conda/envs/CVS-RFFI/lib/python3.10/site-packages/torch/__pycache__/_lobpcg.cpython-310.pyc>
1890493 openat(AT_FDCWD</home/szu2070436088/2510044040/CV-SincNet>, "/home/szu2070436088/.conda/envs/CVS-RFFI/lib/python3.10/site-packages/torch/masked/__pycache__/__init__.cpython-310.pyc", O_RDONLY|O_CLOEXEC) = 17</home/szu2070436088/.conda/envs/CVS-RFFI/lib/python3.10/site-packages/torch/masked/__pycache__/__init__.cpython-310.pyc>
1890493 openat(AT_FDCWD</home/szu2070436088/2510044040/CV-SincNet>, "/home/szu2070436088/.conda/envs/CVS-RFFI/lib/python3.10/site-packages/torch/masked", O_RDONLY|O_NONBLOCK|O_CLOEXEC|O_DIRECTORY) = 17</home/szu2070436088/.conda/envs/CVS-RFFI/lib/python3.10/site-packages/torch/masked>
1890493 openat(AT_FDCWD</home/szu2070436088/2510044040/CV-SincNet>, "/home/szu2070436088/.conda/envs/CVS-RFFI/lib/python3.10/site-packages/torch/masked/maskedtensor/__pycache__/__init__.cpython-310.pyc", O_RDONLY|O_CLOEXEC) = 17</home/szu2070436088/.conda/envs/CVS-RFFI/lib/python3.10/site-packages/torch/masked/maskedtensor/__pycache__/__init__.cpython-310.pyc>
1890493 openat(AT_FDCWD</home/szu2070436088/2510044040/CV-SincNet>, "/home/szu2070436088/.conda/envs/CVS-RFFI/lib/python3.10/site-packages/torch/masked/maskedtensor", O_RDONLY|O_NONBLOCK|O_CLOEXEC|O_DIRECTORY) = 17</home/szu2070436088/.conda/envs/CVS-RFFI/lib/python3.10/site-packages/torch/masked/maskedtensor>
1890493 openat(AT_FDCWD</home/szu2070436088/2510044040/CV-SincNet>, "/home/szu2070436088/.conda/envs/CVS-RFFI/lib/python3.10/site-packages/torch/masked/maskedtensor/__pycache__/binary.cpython-310.pyc", O_RDONLY|O_CLOEXEC) = 17</home/szu2070436088/.conda/envs/CVS-RFFI/lib/python3.10/site-packages/torch/masked/maskedtensor/__pycache__/binary.cpython-310.pyc>
1890493 openat(AT_FDCWD</home/szu2070436088/2510044040/CV-SincNet>, "/home/szu2070436088/.conda/envs/CVS-RFFI/lib/python3.10/site-packages/torch/masked/maskedtensor/__pycache__/core.cpython-310.pyc", O_RDONLY|O_CLOEXEC) = 17</home/szu2070436088/.conda/envs/CVS-RFFI/lib/python3.10/site-packages/torch/masked/maskedtensor/__pycache__/core.cpython-310.pyc>
1890493 openat(AT_FDCWD</home/szu2070436088/2510044040/CV-SincNet>, "/home/szu2070436088/.conda/envs/CVS-RFFI/lib/python3.10/site-packages/torch/masked/maskedtensor/__pycache__/passthrough.cpython-310.pyc", O_RDONLY|O_CLOEXEC) = 17</home/szu2070436088/.conda/envs/CVS-RFFI/lib/python3.10/site-packages/torch/masked/maskedtensor/__pycache__/passthrough.cpython-310.pyc>
1890493 openat(AT_FDCWD</home/szu2070436088/2510044040/CV-SincNet>, "/home/szu2070436088/.conda/envs/CVS-RFFI/lib/python3.10/site-packages/torch/masked/maskedtensor/__pycache__/reductions.cpython-310.pyc", O_RDONLY|O_CLOEXEC) = 17</home/szu2070436088/.conda/envs/CVS-RFFI/lib/python3.10/site-packages/torch/masked/maskedtensor/__pycache__/reductions.cpython-310.pyc>
1890493 openat(AT_FDCWD</home/szu2070436088/2510044040/CV-SincNet>, "/home/szu2070436088/.conda/envs/CVS-RFFI/lib/python3.10/site-packages/torch/masked/maskedtensor/__pycache__/creation.cpython-310.pyc", O_RDONLY|O_CLOEXEC) = 17</home/szu2070436088/.conda/envs/CVS-RFFI/lib/python3.10/site-packages/torch/masked/maskedtensor/__pycache__/creation.cpython-310.pyc>
1890493 openat(AT_FDCWD</home/szu2070436088/2510044040/CV-SincNet>, "/home/szu2070436088/.conda/envs/CVS-RFFI/lib/python3.10/site-packages/torch/masked/maskedtensor/__pycache__/unary.cpython-310.pyc", O_RDONLY|O_CLOEXEC) = 17</home/szu2070436088/.conda/envs/CVS-RFFI/lib/python3.10/site-packages/torch/masked/maskedtensor/__pycache__/unary.cpython-310.pyc>
1890493 openat(AT_FDCWD</home/szu2070436088/2510044040/CV-SincNet>, "/home/szu2070436088/.conda/envs/CVS-RFFI/lib/python3.10/site-packages/torch/masked/__pycache__/_ops.cpython-310.pyc", O_RDONLY|O_CLOEXEC) = 17</home/szu2070436088/.conda/envs/CVS-RFFI/lib/python3.10/site-packages/torch/masked/__pycache__/_ops.cpython-310.pyc>
1890493 openat(AT_FDCWD</home/szu2070436088/2510044040/CV-SincNet>, "/home/szu2070436088/.conda/envs/CVS-RFFI/lib/python3.10/site-packages/torch/masked/__pycache__/_docs.cpython-310.pyc", O_RDONLY|O_CLOEXEC) = 17</home/szu2070436088/.conda/envs/CVS-RFFI/lib/python3.10/site-packages/torch/masked/__pycache__/_docs.cpython-310.pyc>
1890493 openat(AT_FDCWD</home/szu2070436088/2510044040/CV-SincNet>, "/home/szu2070436088/.conda/envs/CVS-RFFI/lib/python3.10/site-packages/torch/_prims_common/__pycache__/__init__.cpython-310.pyc", O_RDONLY|O_CLOEXEC) = 17</home/szu2070436088/.conda/envs/CVS-RFFI/lib/python3.10/site-packages/torch/_prims_common/__pycache__/__init__.cpython-310.pyc>
1890493 openat(AT_FDCWD</home/szu2070436088/2510044040/CV-SincNet>, "/home/szu2070436088/.conda/envs/CVS-RFFI/lib/python3.10/site-packages/sympy/__pycache__/__init__.cpython-310.pyc", O_RDONLY|O_CLOEXEC) = 17</home/szu2070436088/.conda/envs/CVS-RFFI/lib/python3.10/site-packages/sympy/__pycache__/__init__.cpython-310.pyc>
1890493 openat(AT_FDCWD</home/szu2070436088/2510044040/CV-SincNet>, "/home/szu2070436088/.conda/envs/CVS-RFFI/lib/python3.10/site-packages/mpmath/__pycache__/__init__.cpython-310.pyc", O_RDONLY|O_CLOEXEC) = 17</home/szu2070436088/.conda/envs/CVS-RFFI/lib/python3.10/site-packages/mpmath/__pycache__/__init__.cpython-310.pyc>
1890493 openat(AT_FDCWD</home/szu2070436088/2510044040/CV-SincNet>, "/home/szu2070436088/.conda/envs/CVS-RFFI/lib/python3.10/site-packages/mpmath", O_RDONLY|O_NONBLOCK|O_CLOEXEC|O_DIRECTORY) = 17</home/szu2070436088/.conda/envs/CVS-RFFI/lib/python3.10/site-packages/mpmath>
1890493 openat(AT_FDCWD</home/szu2070436088/2510044040/CV-SincNet>, "/home/szu2070436088/.conda/envs/CVS-RFFI/lib/python3.10/site-packages/mpmath/__pycache__/usertools.cpython-310.pyc", O_RDONLY|O_CLOEXEC) = 17</home/szu2070436088/.conda/envs/CVS-RFFI/lib/python3.10/site-packages/mpmath/__pycache__/usertools.cpython-310.pyc>
1890493 openat(AT_FDCWD</home/szu2070436088/2510044040/CV-SincNet>, "/home/szu2070436088/.conda/envs/CVS-RFFI/lib/python3.10/site-packages/mpmath/__pycache__/ctx_fp.cpython-310.pyc", O_RDONLY|O_CLOEXEC) = 17</home/szu2070436088/.conda/envs/CVS-RFFI/lib/python3.10/site-packages/mpmath/__pycache__/ctx_fp.cpython-310.pyc>
1890493 openat(AT_FDCWD</home/szu2070436088/2510044040/CV-SincNet>, "/home/szu2070436088/.conda/envs/CVS-RFFI/lib/python3.10/site-packages/mpmath/__pycache__/ctx_base.cpython-310.pyc", O_RDONLY|O_CLOEXEC) = 17</home/szu2070436088/.conda/envs/CVS-RFFI/lib/python3.10/site-packages/mpmath/__pycache__/ctx_base.cpython-310.pyc>
1890493 openat(AT_FDCWD</home/szu2070436088/2510044040/CV-SincNet>, "/home/szu2070436088/.conda/envs/CVS-RFFI/lib/python3.10/site-packages/mpmath/libmp/__pycache__/__init__.cpython-310.pyc", O_RDONLY|O_CLOEXEC) = 17</home/szu2070436088/.conda/envs/CVS-RFFI/lib/python3.10/site-packages/mpmath/libmp/__pycache__/__init__.cpython-310.pyc>
1890493 openat(AT_FDCWD</home/szu2070436088/2510044040/CV-SincNet>, "/home/szu2070436088/.conda/envs/CVS-RFFI/lib/python3.10/site-packages/mpmath/libmp", O_RDONLY|O_NONBLOCK|O_CLOEXEC|O_DIRECTORY) = 17</home/szu2070436088/.conda/envs/CVS-RFFI/lib/python3.10/site-packages/mpmath/libmp>
1890493 openat(AT_FDCWD</home/szu2070436088/2510044040/CV-SincNet>, "/home/szu2070436088/.conda/envs/CVS-RFFI/lib/python3.10/site-packages/mpmath/libmp/__pycache__/libmpf.cpython-310.pyc", O_RDONLY|O_CLOEXEC) = 17</home/szu2070436088/.conda/envs/CVS-RFFI/lib/python3.10/site-packages/mpmath/libmp/__pycache__/libmpf.cpython-310.pyc>
1890493 openat(AT_FDCWD</home/szu2070436088/2510044040/CV-SincNet>, "/home/szu2070436088/.conda/envs/CVS-RFFI/lib/python3.10/site-packages/mpmath/libmp/__pycache__/backend.cpython-310.pyc", O_RDONLY|O_CLOEXEC) = 17</home/szu2070436088/.conda/envs/CVS-RFFI/lib/python3.10/site-packages/mpmath/libmp/__pycache__/backend.cpython-310.pyc>
1890493 openat(AT_FDCWD</home/szu2070436088/2510044040/CV-SincNet>, "/home/szu2070436088/.conda/envs/CVS-RFFI/lib/python3.10/site-packages/mpmath/libmp/__pycache__/libintmath.cpython-310.pyc", O_RDONLY|O_CLOEXEC) = 17</home/szu2070436088/.conda/envs/CVS-RFFI/lib/python3.10/site-packages/mpmath/libmp/__pycache__/libintmath.cpython-310.pyc>
1890493 openat(AT_FDCWD</home/szu2070436088/2510044040/CV-SincNet>, "/home/szu2070436088/.conda/envs/CVS-RFFI/lib/python3.10/site-packages/mpmath/libmp/__pycache__/libmpc.cpython-310.pyc", O_RDONLY|O_CLOEXEC) = 17</home/szu2070436088/.conda/envs/CVS-RFFI/lib/python3.10/site-packages/mpmath/libmp/__pycache__/libmpc.cpython-310.pyc>
1890493 openat(AT_FDCWD</home/szu2070436088/2510044040/CV-SincNet>, "/home/szu2070436088/.conda/envs/CVS-RFFI/lib/python3.10/site-packages/mpmath/libmp/__pycache__/libelefun.cpython-310.pyc", O_RDONLY|O_CLOEXEC) = 17</home/szu2070436088/.conda/envs/CVS-RFFI/lib/python3.10/site-packages/mpmath/libmp/__pycache__/libelefun.cpython-310.pyc>
1890493 openat(AT_FDCWD</home/szu2070436088/2510044040/CV-SincNet>, "/home/szu2070436088/.conda/envs/CVS-RFFI/lib/python3.10/site-packages/mpmath/libmp/__pycache__/libhyper.cpython-310.pyc", O_RDONLY|O_CLOEXEC) = 17</home/szu2070436088/.conda/envs/CVS-RFFI/lib/python3.10/site-packages/mpmath/libmp/__pycache__/libhyper.cpython-310.pyc>
1890493 openat(AT_FDCWD</home/szu2070436088/2510044040/CV-SincNet>, "/home/szu2070436088/.conda/envs/CVS-RFFI/lib/python3.10/site-packages/mpmath/libmp/__pycache__/gammazeta.cpython-310.pyc", O_RDONLY|O_CLOEXEC) = 17</home/szu2070436088/.conda/envs/CVS-RFFI/lib/python3.10/site-packages/mpmath/libmp/__pycache__/gammazeta.cpython-310.pyc>
1890493 openat(AT_FDCWD</home/szu2070436088/2510044040/CV-SincNet>, "/home/szu2070436088/.conda/envs/CVS-RFFI/lib/python3.10/site-packages/mpmath/libmp/__pycache__/libmpi.cpython-310.pyc", O_RDONLY|O_CLOEXEC) = 17</home/szu2070436088/.conda/envs/CVS-RFFI/lib/python3.10/site-packages/mpmath/libmp/__pycache__/libmpi.cpython-310.pyc>
1890493 openat(AT_FDCWD</home/szu2070436088/2510044040/CV-SincNet>, "/home/szu2070436088/.conda/envs/CVS-RFFI/lib/python3.10/site-packages/mpmath/functions/__pycache__/__init__.cpython-310.pyc", O_RDONLY|O_CLOEXEC) = 17</home/szu2070436088/.conda/envs/CVS-RFFI/lib/python3.10/site-packages/mpmath/functions/__pycache__/__init__.cpython-310.pyc>
1890493 openat(AT_FDCWD</home/szu2070436088/2510044040/CV-SincNet>, "/home/szu2070436088/.conda/envs/CVS-RFFI/lib/python3.10/site-packages/mpmath/functions", O_RDONLY|O_NONBLOCK|O_CLOEXEC|O_DIRECTORY) = 17</home/szu2070436088/.conda/envs/CVS-RFFI/lib/python3.10/site-packages/mpmath/functions>
1890493 openat(AT_FDCWD</home/szu2070436088/2510044040/CV-SincNet>, "/home/szu2070436088/.conda/envs/CVS-RFFI/lib/python3.10/site-packages/mpmath/functions/__pycache__/functions.cpython-310.pyc", O_RDONLY|O_CLOEXEC) = 17</home/szu2070436088/.conda/envs/CVS-RFFI/lib/python3.10/site-packages/mpmath/functions/__pycache__/functions.cpython-310.pyc>
1890493 openat(AT_FDCWD</home/szu2070436088/2510044040/CV-SincNet>, "/home/szu2070436088/.conda/envs/CVS-RFFI/lib/python3.10/site-packages/mpmath/functions/__pycache__/factorials.cpython-310.pyc", O_RDONLY|O_CLOEXEC) = 17</home/szu2070436088/.conda/envs/CVS-RFFI/lib/python3.10/site-packages/mpmath/functions/__pycache__/factorials.cpython-310.pyc>
1890493 openat(AT_FDCWD</home/szu2070436088/2510044040/CV-SincNet>, "/home/szu2070436088/.conda/envs/CVS-RFFI/lib/python3.10/site-packages/mpmath/functions/__pycache__/hypergeometric.cpython-310.pyc", O_RDONLY|O_CLOEXEC) = 17</home/szu2070436088/.conda/envs/CVS-RFFI/lib/python3.10/site-packages/mpmath/functions/__pycache__/hypergeometric.cpython-310.pyc>
1890493 openat(AT_FDCWD</home/szu2070436088/2510044040/CV-SincNet>, "/home/szu2070436088/.conda/envs/CVS-RFFI/lib/python3.10/site-packages/mpmath/functions/__pycache__/expintegrals.cpython-310.pyc", O_RDONLY|O_CLOEXEC) = 17</home/szu2070436088/.conda/envs/CVS-RFFI/lib/python3.10/site-packages/mpmath/functions/__pycache__/expintegrals.cpython-310.pyc>
1890493 openat(AT_FDCWD</home/szu2070436088/2510044040/CV-SincNet>, "/home/szu2070436088/.conda/envs/CVS-RFFI/lib/python3.10/site-packages/mpmath/functions/__pycache__/bessel.cpython-310.pyc", O_RDONLY|O_CLOEXEC) = 17</home/szu2070436088/.conda/envs/CVS-RFFI/lib/python3.10/site-packages/mpmath/functions/__pycache__/bessel.cpython-310.pyc>
1890493 openat(AT_FDCWD</home/szu2070436088/2510044040/CV-SincNet>, "/home/szu2070436088/.conda/envs/CVS-RFFI/lib/python3.10/site-packages/mpmath/functions/__pycache__/orthogonal.cpython-310.pyc", O_RDONLY|O_CLOEXEC) = 17</home/szu2070436088/.conda/envs/CVS-RFFI/lib/python3.10/site-packages/mpmath/functions/__pycache__/orthogonal.cpython-310.pyc>
1890493 openat(AT_FDCWD</home/szu2070436088/2510044040/CV-SincNet>, "/home/szu2070436088/.conda/envs/CVS-RFFI/lib/python3.10/site-packages/mpmath/functions/__pycache__/theta.cpython-310.pyc", O_RDONLY|O_CLOEXEC) = 17</home/szu2070436088/.conda/envs/CVS-RFFI/lib/python3.10/site-packages/mpmath/functions/__pycache__/theta.cpython-310.pyc>
1890493 openat(AT_FDCWD</home/szu2070436088/2510044040/CV-SincNet>, "/home/szu2070436088/.conda/envs/CVS-RFFI/lib/python3.10/site-packages/mpmath/functions/__pycache__/elliptic.cpython-310.pyc", O_RDONLY|O_CLOEXEC) = 17</home/szu2070436088/.conda/envs/CVS-RFFI/lib/python3.10/site-packages/mpmath/functions/__pycache__/elliptic.cpython-310.pyc>
1890493 openat(AT_FDCWD</home/szu2070436088/2510044040/CV-SincNet>, "/home/szu2070436088/.conda/envs/CVS-RFFI/lib/python3.10/site-packages/mpmath/functions/__pycache__/signals.cpython-310.pyc", O_RDONLY|O_CLOEXEC) = 17</home/szu2070436088/.conda/envs/CVS-RFFI/lib/python3.10/site-packages/mpmath/functions/__pycache__/signals.cpython-310.pyc>
1890493 openat(AT_FDCWD</home/szu2070436088/2510044040/CV-SincNet>, "/home/szu2070436088/.conda/envs/CVS-RFFI/lib/python3.10/site-packages/mpmath/functions/__pycache__/zeta.cpython-310.pyc", O_RDONLY|O_CLOEXEC) = 17</home/szu2070436088/.conda/envs/CVS-RFFI/lib/python3.10/site-packages/mpmath/functions/__pycache__/zeta.cpython-310.pyc>
1890493 openat(AT_FDCWD</home/szu2070436088/2510044040/CV-SincNet>, "/home/szu2070436088/.conda/envs/CVS-RFFI/lib/python3.10/site-packages/mpmath/functions/__pycache__/rszeta.cpython-310.pyc", O_RDONLY|O_CLOEXEC) = 17</home/szu2070436088/.conda/envs/CVS-RFFI/lib/python3.10/site-packages/mpmath/functions/__pycache__/rszeta.cpython-310.pyc>
1890493 openat(AT_FDCWD</home/szu2070436088/2510044040/CV-SincNet>, "/home/szu2070436088/.conda/envs/CVS-RFFI/lib/python3.10/site-packages/mpmath/functions/__pycache__/zetazeros.cpython-310.pyc", O_RDONLY|O_CLOEXEC) = 17</home/szu2070436088/.conda/envs/CVS-RFFI/lib/python3.10/site-packages/mpmath/functions/__pycache__/zetazeros.cpython-310.pyc>
1890493 openat(AT_FDCWD</home/szu2070436088/2510044040/CV-SincNet>, "/home/szu2070436088/.conda/envs/CVS-RFFI/lib/python3.10/site-packages/mpmath/functions/__pycache__/qfunctions.cpython-310.pyc", O_RDONLY|O_CLOEXEC) = 17</home/szu2070436088/.conda/envs/CVS-RFFI/lib/python3.10/site-packages/mpmath/functions/__pycache__/qfunctions.cpython-310.pyc>
1890493 openat(AT_FDCWD</home/szu2070436088/2510044040/CV-SincNet>, "/home/szu2070436088/.conda/envs/CVS-RFFI/lib/python3.10/site-packages/mpmath/calculus/__pycache__/__init__.cpython-310.pyc", O_RDONLY|O_CLOEXEC) = 17</home/szu2070436088/.conda/envs/CVS-RFFI/lib/python3.10/site-packages/mpmath/calculus/__pycache__/__init__.cpython-310.pyc>
1890493 openat(AT_FDCWD</home/szu2070436088/2510044040/CV-SincNet>, "/home/szu2070436088/.conda/envs/CVS-RFFI/lib/python3.10/site-packages/mpmath/calculus", O_RDONLY|O_NONBLOCK|O_CLOEXEC|O_DIRECTORY) = 17</home/szu2070436088/.conda/envs/CVS-RFFI/lib/python3.10/site-packages/mpmath/calculus>
1890493 openat(AT_FDCWD</home/szu2070436088/2510044040/CV-SincNet>, "/home/szu2070436088/.conda/envs/CVS-RFFI/lib/python3.10/site-packages/mpmath/calculus/__pycache__/calculus.cpython-310.pyc", O_RDONLY|O_CLOEXEC) = 17</home/szu2070436088/.conda/envs/CVS-RFFI/lib/python3.10/site-packages/mpmath/calculus/__pycache__/calculus.cpython-310.pyc>
1890493 openat(AT_FDCWD</home/szu2070436088/2510044040/CV-SincNet>, "/home/szu2070436088/.conda/envs/CVS-RFFI/lib/python3.10/site-packages/mpmath/calculus/__pycache__/approximation.cpython-310.pyc", O_RDONLY|O_CLOEXEC) = 17</home/szu2070436088/.conda/envs/CVS-RFFI/lib/python3.10/site-packages/mpmath/calculus/__pycache__/approximation.cpython-310.pyc>
1890493 openat(AT_FDCWD</home/szu2070436088/2510044040/CV-SincNet>, "/home/szu2070436088/.conda/envs/CVS-RFFI/lib/python3.10/site-packages/mpmath/calculus/__pycache__/differentiation.cpython-310.pyc", O_RDONLY|O_CLOEXEC) = 17</home/szu2070436088/.conda/envs/CVS-RFFI/lib/python3.10/site-packages/mpmath/calculus/__pycache__/differentiation.cpython-310.pyc>
1890493 openat(AT_FDCWD</home/szu2070436088/2510044040/CV-SincNet>, "/home/szu2070436088/.conda/envs/CVS-RFFI/lib/python3.10/site-packages/mpmath/calculus/__pycache__/extrapolation.cpython-310.pyc", O_RDONLY|O_CLOEXEC) = 17</home/szu2070436088/.conda/envs/CVS-RFFI/lib/python3.10/site-packages/mpmath/calculus/__pycache__/extrapolation.cpython-310.pyc>
1890493 openat(AT_FDCWD</home/szu2070436088/2510044040/CV-SincNet>, "/home/szu2070436088/.conda/envs/CVS-RFFI/lib/python3.10/site-packages/mpmath/calculus/__pycache__/polynomials.cpython-310.pyc", O_RDONLY|O_CLOEXEC) = 17</home/szu2070436088/.conda/envs/CVS-RFFI/lib/python3.10/site-packages/mpmath/calculus/__pycache__/polynomials.cpython-310.pyc>
1890493 openat(AT_FDCWD</home/szu2070436088/2510044040/CV-SincNet>, "/home/szu2070436088/.conda/envs/CVS-RFFI/lib/python3.10/site-packages/mpmath/calculus/__pycache__/quadrature.cpython-310.pyc", O_RDONLY|O_CLOEXEC) = 17</home/szu2070436088/.conda/envs/CVS-RFFI/lib/python3.10/site-packages/mpmath/calculus/__pycache__/quadrature.cpython-310.pyc>
1890493 openat(AT_FDCWD</home/szu2070436088/2510044040/CV-SincNet>, "/home/szu2070436088/.conda/envs/CVS-RFFI/lib/python3.10/site-packages/mpmath/calculus/__pycache__/inverselaplace.cpython-310.pyc", O_RDONLY|O_CLOEXEC) = 17</home/szu2070436088/.conda/envs/CVS-RFFI/lib/python3.10/site-packages/mpmath/calculus/__pycache__/inverselaplace.cpython-310.pyc>
1890493 openat(AT_FDCWD</home/szu2070436088/2510044040/CV-SincNet>, "/home/szu2070436088/.conda/envs/CVS-RFFI/lib/python3.10/site-packages/mpmath/calculus/__pycache__/optimization.cpython-310.pyc", O_RDONLY|O_CLOEXEC) = 17</home/szu2070436088/.conda/envs/CVS-RFFI/lib/python3.10/site-packages/mpmath/calculus/__pycache__/optimization.cpython-310.pyc>
1890493 openat(AT_FDCWD</home/szu2070436088/2510044040/CV-SincNet>, "/home/szu2070436088/.conda/envs/CVS-RFFI/lib/python3.10/site-packages/mpmath/calculus/__pycache__/odes.cpython-310.pyc", O_RDONLY|O_CLOEXEC) = 17</home/szu2070436088/.conda/envs/CVS-RFFI/lib/python3.10/site-packages/mpmath/calculus/__pycache__/odes.cpython-310.pyc>
1890493 openat(AT_FDCWD</home/szu2070436088/2510044040/CV-SincNet>, "/home/szu2070436088/.conda/envs/CVS-RFFI/lib/python3.10/site-packages/mpmath/matrices/__pycache__/__init__.cpython-310.pyc", O_RDONLY|O_CLOEXEC) = 17</home/szu2070436088/.conda/envs/CVS-RFFI/lib/python3.10/site-packages/mpmath/matrices/__pycache__/__init__.cpython-310.pyc>
1890493 openat(AT_FDCWD</home/szu2070436088/2510044040/CV-SincNet>, "/home/szu2070436088/.conda/envs/CVS-RFFI/lib/python3.10/site-packages/mpmath/matrices", O_RDONLY|O_NONBLOCK|O_CLOEXEC|O_DIRECTORY) = 17</home/szu2070436088/.conda/envs/CVS-RFFI/lib/python3.10/site-packages/mpmath/matrices>
1890493 openat(AT_FDCWD</home/szu2070436088/2510044040/CV-SincNet>, "/home/szu2070436088/.conda/envs/CVS-RFFI/lib/python3.10/site-packages/mpmath/matrices/__pycache__/eigen.cpython-310.pyc", O_RDONLY|O_CLOEXEC) = 17</home/szu2070436088/.conda/envs/CVS-RFFI/lib/python3.10/site-packages/mpmath/matrices/__pycache__/eigen.cpython-310.pyc>
1890493 openat(AT_FDCWD</home/szu2070436088/2510044040/CV-SincNet>, "/home/szu2070436088/.conda/envs/CVS-RFFI/lib/python3.10/site-packages/mpmath/matrices/__pycache__/eigen_symmetric.cpython-310.pyc", O_RDONLY|O_CLOEXEC) = 17</home/szu2070436088/.conda/envs/CVS-RFFI/lib/python3.10/site-packages/mpmath/matrices/__pycache__/eigen_symmetric.cpython-310.pyc>
1890493 openat(AT_FDCWD</home/szu2070436088/2510044040/CV-SincNet>, "/home/szu2070436088/.conda/envs/CVS-RFFI/lib/python3.10/site-packages/mpmath/matrices/__pycache__/matrices.cpython-310.pyc", O_RDONLY|O_CLOEXEC) = 17</home/szu2070436088/.conda/envs/CVS-RFFI/lib/python3.10/site-packages/mpmath/matrices/__pycache__/matrices.cpython-310.pyc>
1890493 openat(AT_FDCWD</home/szu2070436088/2510044040/CV-SincNet>, "/home/szu2070436088/.conda/envs/CVS-RFFI/lib/python3.10/site-packages/mpmath/matrices/__pycache__/calculus.cpython-310.pyc", O_RDONLY|O_CLOEXEC) = 17</home/szu2070436088/.conda/envs/CVS-RFFI/lib/python3.10/site-packages/mpmath/matrices/__pycache__/calculus.cpython-310.pyc>
1890493 openat(AT_FDCWD</home/szu2070436088/2510044040/CV-SincNet>, "/home/szu2070436088/.conda/envs/CVS-RFFI/lib/python3.10/site-packages/mpmath/matrices/__pycache__/linalg.cpython-310.pyc", O_RDONLY|O_CLOEXEC) = 17</home/szu2070436088/.conda/envs/CVS-RFFI/lib/python3.10/site-packages/mpmath/matrices/__pycache__/linalg.cpython-310.pyc>
1890493 openat(AT_FDCWD</home/szu2070436088/2510044040/CV-SincNet>, "/home/szu2070436088/.conda/envs/CVS-RFFI/lib/python3.10/site-packages/mpmath/__pycache__/identification.cpython-310.pyc", O_RDONLY|O_CLOEXEC) = 17</home/szu2070436088/.conda/envs/CVS-RFFI/lib/python3.10/site-packages/mpmath/__pycache__/identification.cpython-310.pyc>
1890493 openat(AT_FDCWD</home/szu2070436088/2510044040/CV-SincNet>, "/home/szu2070436088/.conda/envs/CVS-RFFI/lib/python3.10/site-packages/mpmath/__pycache__/visualization.cpython-310.pyc", O_RDONLY|O_CLOEXEC) = 17</home/szu2070436088/.conda/envs/CVS-RFFI/lib/python3.10/site-packages/mpmath/__pycache__/visualization.cpython-310.pyc>
1890493 openat(AT_FDCWD</home/szu2070436088/2510044040/CV-SincNet>, "/home/szu2070436088/.conda/envs/CVS-RFFI/lib/python3.10/__pycache__/colorsys.cpython-310.pyc", O_RDONLY|O_CLOEXEC) = 17</home/szu2070436088/.conda/envs/CVS-RFFI/lib/python3.10/__pycache__/colorsys.cpython-310.pyc>
1890493 openat(AT_FDCWD</home/szu2070436088/2510044040/CV-SincNet>, "/home/szu2070436088/.conda/envs/CVS-RFFI/lib/python3.10/site-packages/mpmath/__pycache__/math2.cpython-310.pyc", O_RDONLY|O_CLOEXEC) = 17</home/szu2070436088/.conda/envs/CVS-RFFI/lib/python3.10/site-packages/mpmath/__pycache__/math2.cpython-310.pyc>
1890493 openat(AT_FDCWD</home/szu2070436088/2510044040/CV-SincNet>, "/home/szu2070436088/.conda/envs/CVS-RFFI/lib/python3.10/site-packages/mpmath/__pycache__/function_docs.cpython-310.pyc", O_RDONLY|O_CLOEXEC) = 17</home/szu2070436088/.conda/envs/CVS-RFFI/lib/python3.10/site-packages/mpmath/__pycache__/function_docs.cpython-310.pyc>
1890493 openat(AT_FDCWD</home/szu2070436088/2510044040/CV-SincNet>, "/home/szu2070436088/.conda/envs/CVS-RFFI/lib/python3.10/site-packages/mpmath/__pycache__/ctx_mp.cpython-310.pyc", O_RDONLY|O_CLOEXEC) = 17</home/szu2070436088/.conda/envs/CVS-RFFI/lib/python3.10/site-packages/mpmath/__pycache__/ctx_mp.cpython-310.pyc>
1890493 openat(AT_FDCWD</home/szu2070436088/2510044040/CV-SincNet>, "/home/szu2070436088/.conda/envs/CVS-RFFI/lib/python3.10/site-packages/mpmath/__pycache__/rational.cpython-310.pyc", O_RDONLY|O_CLOEXEC) = 17</home/szu2070436088/.conda/envs/CVS-RFFI/lib/python3.10/site-packages/mpmath/__pycache__/rational.cpython-310.pyc>
1890493 openat(AT_FDCWD</home/szu2070436088/2510044040/CV-SincNet>, "/home/szu2070436088/.conda/envs/CVS-RFFI/lib/python3.10/site-packages/mpmath/__pycache__/ctx_mp_python.cpython-310.pyc", O_RDONLY|O_CLOEXEC) = 17</home/szu2070436088/.conda/envs/CVS-RFFI/lib/python3.10/site-packages/mpmath/__pycache__/ctx_mp_python.cpython-310.pyc>
1890493 openat(AT_FDCWD</home/szu2070436088/2510044040/CV-SincNet>, "/home/szu2070436088/.conda/envs/CVS-RFFI/lib/python3.10/site-packages/mpmath/__pycache__/ctx_iv.cpython-310.pyc", O_RDONLY|O_CLOEXEC) = 17</home/szu2070436088/.conda/envs/CVS-RFFI/lib/python3.10/site-packages/mpmath/__pycache__/ctx_iv.cpython-310.pyc>
1890493 openat(AT_FDCWD</home/szu2070436088/2510044040/CV-SincNet>, "/home/szu2070436088/.conda/envs/CVS-RFFI/lib/python3.10/site-packages/sympy", O_RDONLY|O_NONBLOCK|O_CLOEXEC|O_DIRECTORY) = 17</home/szu2070436088/.conda/envs/CVS-RFFI/lib/python3.10/site-packages/sympy>
1890493 openat(AT_FDCWD</home/szu2070436088/2510044040/CV-SincNet>, "/home/szu2070436088/.conda/envs/CVS-RFFI/lib/python3.10/site-packages/sympy/__pycache__/release.cpython-310.pyc", O_RDONLY|O_CLOEXEC) = 17</home/szu2070436088/.conda/envs/CVS-RFFI/lib/python3.10/site-packages/sympy/__pycache__/release.cpython-310.pyc>
1890493 openat(AT_FDCWD</home/szu2070436088/2510044040/CV-SincNet>, "/home/szu2070436088/.conda/envs/CVS-RFFI/lib/python3.10/site-packages/sympy/core/__pycache__/__init__.cpython-310.pyc", O_RDONLY|O_CLOEXEC) = 17</home/szu2070436088/.conda/envs/CVS-RFFI/lib/python3.10/site-packages/sympy/core/__pycache__/__init__.cpython-310.pyc>
1890493 openat(AT_FDCWD</home/szu2070436088/2510044040/CV-SincNet>, "/home/szu2070436088/.conda/envs/CVS-RFFI/lib/python3.10/site-packages/sympy/core", O_RDONLY|O_NONBLOCK|O_CLOEXEC|O_DIRECTORY) = 17</home/szu2070436088/.conda/envs/CVS-RFFI/lib/python3.10/site-packages/sympy/core>
1890493 openat(AT_FDCWD</home/szu2070436088/2510044040/CV-SincNet>, "/home/szu2070436088/.conda/envs/CVS-RFFI/lib/python3.10/site-packages/sympy/core/__pycache__/sympify.cpython-310.pyc", O_RDONLY|O_CLOEXEC) = 17</home/szu2070436088/.conda/envs/CVS-RFFI/lib/python3.10/site-packages/sympy/core/__pycache__/sympify.cpython-310.pyc>
1890493 openat(AT_FDCWD</home/szu2070436088/2510044040/CV-SincNet>, "/home/szu2070436088/.conda/envs/CVS-RFFI/lib/python3.10/site-packages/sympy/core/__pycache__/random.cpython-310.pyc", O_RDONLY|O_CLOEXEC) = 17</home/szu2070436088/.conda/envs/CVS-RFFI/lib/python3.10/site-packages/sympy/core/__pycache__/random.cpython-310.pyc>
1890493 openat(AT_FDCWD</home/szu2070436088/2510044040/CV-SincNet>, "/home/szu2070436088/.conda/envs/CVS-RFFI/lib/python3.10/site-packages/sympy/utilities/__pycache__/__init__.cpython-310.pyc", O_RDONLY|O_CLOEXEC) = 17</home/szu2070436088/.conda/envs/CVS-RFFI/lib/python3.10/site-packages/sympy/utilities/__pycache__/__init__.cpython-310.pyc>
1890493 openat(AT_FDCWD</home/szu2070436088/2510044040/CV-SincNet>, "/home/szu2070436088/.conda/envs/CVS-RFFI/lib/python3.10/site-packages/sympy/utilities", O_RDONLY|O_NONBLOCK|O_CLOEXEC|O_DIRECTORY) = 17</home/szu2070436088/.conda/envs/CVS-RFFI/lib/python3.10/site-packages/sympy/utilities>
1890493 openat(AT_FDCWD</home/szu2070436088/2510044040/CV-SincNet>, "/home/szu2070436088/.conda/envs/CVS-RFFI/lib/python3.10/site-packages/sympy/utilities/__pycache__/iterables.cpython-310.pyc", O_RDONLY|O_CLOEXEC) = 17</home/szu2070436088/.conda/envs/CVS-RFFI/lib/python3.10/site-packages/sympy/utilities/__pycache__/iterables.cpython-310.pyc>
1890493 openat(AT_FDCWD</home/szu2070436088/2510044040/CV-SincNet>, "/home/szu2070436088/.conda/envs/CVS-RFFI/lib/python3.10/site-packages/sympy/utilities/__pycache__/enumerative.cpython-310.pyc", O_RDONLY|O_CLOEXEC) = 17</home/szu2070436088/.conda/envs/CVS-RFFI/lib/python3.10/site-packages/sympy/utilities/__pycache__/enumerative.cpython-310.pyc>
1890493 openat(AT_FDCWD</home/szu2070436088/2510044040/CV-SincNet>, "/home/szu2070436088/.conda/envs/CVS-RFFI/lib/python3.10/site-packages/sympy/utilities/__pycache__/misc.cpython-310.pyc", O_RDONLY|O_CLOEXEC) = 17</home/szu2070436088/.conda/envs/CVS-RFFI/lib/python3.10/site-packages/sympy/utilities/__pycache__/misc.cpython-310.pyc>
1890493 openat(AT_FDCWD</home/szu2070436088/2510044040/CV-SincNet>, "/home/szu2070436088/.conda/envs/CVS-RFFI/lib/python3.10/site-packages/sympy/utilities/__pycache__/decorator.cpython-310.pyc", O_RDONLY|O_CLOEXEC) = 17</home/szu2070436088/.conda/envs/CVS-RFFI/lib/python3.10/site-packages/sympy/utilities/__pycache__/decorator.cpython-310.pyc>
1890493 openat(AT_FDCWD</home/szu2070436088/2510044040/CV-SincNet>, "/home/szu2070436088/.conda/envs/CVS-RFFI/lib/python3.10/site-packages/sympy/utilities/__pycache__/exceptions.cpython-310.pyc", O_RDONLY|O_CLOEXEC) = 17</home/szu2070436088/.conda/envs/CVS-RFFI/lib/python3.10/site-packages/sympy/utilities/__pycache__/exceptions.cpython-310.pyc>
1890493 openat(AT_FDCWD</home/szu2070436088/2510044040/CV-SincNet>, "/home/szu2070436088/.conda/envs/CVS-RFFI/lib/python3.10/site-packages/sympy/utilities/__pycache__/lambdify.cpython-310.pyc", O_RDONLY|O_CLOEXEC) = 17</home/szu2070436088/.conda/envs/CVS-RFFI/lib/python3.10/site-packages/sympy/utilities/__pycache__/lambdify.cpython-310.pyc>
1890493 openat(AT_FDCWD</home/szu2070436088/2510044040/CV-SincNet>, "/home/szu2070436088/.conda/envs/CVS-RFFI/lib/python3.10/site-packages/sympy/external/__pycache__/__init__.cpython-310.pyc", O_RDONLY|O_CLOEXEC) = 17</home/szu2070436088/.conda/envs/CVS-RFFI/lib/python3.10/site-packages/sympy/external/__pycache__/__init__.cpython-310.pyc>
1890493 openat(AT_FDCWD</home/szu2070436088/2510044040/CV-SincNet>, "/home/szu2070436088/.conda/envs/CVS-RFFI/lib/python3.10/site-packages/sympy/external", O_RDONLY|O_NONBLOCK|O_CLOEXEC|O_DIRECTORY) = 17</home/szu2070436088/.conda/envs/CVS-RFFI/lib/python3.10/site-packages/sympy/external>
1890493 openat(AT_FDCWD</home/szu2070436088/2510044040/CV-SincNet>, "/home/szu2070436088/.conda/envs/CVS-RFFI/lib/python3.10/site-packages/sympy/external/__pycache__/importtools.cpython-310.pyc", O_RDONLY|O_CLOEXEC) = 17</home/szu2070436088/.conda/envs/CVS-RFFI/lib/python3.10/site-packages/sympy/external/__pycache__/importtools.cpython-310.pyc>
1890493 openat(AT_FDCWD</home/szu2070436088/2510044040/CV-SincNet>, "/home/szu2070436088/.conda/envs/CVS-RFFI/lib/python3.10/site-packages/sympy/utilities/__pycache__/timeutils.cpython-310.pyc", O_RDONLY|O_CLOEXEC) = 17</home/szu2070436088/.conda/envs/CVS-RFFI/lib/python3.10/site-packages/sympy/utilities/__pycache__/timeutils.cpython-310.pyc>
1890493 openat(AT_FDCWD</home/szu2070436088/2510044040/CV-SincNet>, "/home/szu2070436088/.conda/envs/CVS-RFFI/lib/python3.10/__pycache__/timeit.cpython-310.pyc", O_RDONLY|O_CLOEXEC) = 17</home/szu2070436088/.conda/envs/CVS-RFFI/lib/python3.10/__pycache__/timeit.cpython-310.pyc>
1890493 openat(AT_FDCWD</home/szu2070436088/2510044040/CV-SincNet>, "/home/szu2070436088/.conda/envs/CVS-RFFI/lib/python3.10/site-packages/sympy/core/__pycache__/parameters.cpython-310.pyc", O_RDONLY|O_CLOEXEC) = 17</home/szu2070436088/.conda/envs/CVS-RFFI/lib/python3.10/site-packages/sympy/core/__pycache__/parameters.cpython-310.pyc>
1890493 openat(AT_FDCWD</home/szu2070436088/2510044040/CV-SincNet>, "/home/szu2070436088/.conda/envs/CVS-RFFI/lib/python3.10/site-packages/sympy/core/__pycache__/cache.cpython-310.pyc", O_RDONLY|O_CLOEXEC) = 17</home/szu2070436088/.conda/envs/CVS-RFFI/lib/python3.10/site-packages/sympy/core/__pycache__/cache.cpython-310.pyc>
1890493 openat(AT_FDCWD</home/szu2070436088/2510044040/CV-SincNet>, "/home/szu2070436088/.conda/envs/CVS-RFFI/lib/python3.10/site-packages/sympy/core/__pycache__/basic.cpython-310.pyc", O_RDONLY|O_CLOEXEC) = 17</home/szu2070436088/.conda/envs/CVS-RFFI/lib/python3.10/site-packages/sympy/core/__pycache__/basic.cpython-310.pyc>
1890493 openat(AT_FDCWD</home/szu2070436088/2510044040/CV-SincNet>, "/home/szu2070436088/.conda/envs/CVS-RFFI/lib/python3.10/site-packages/sympy/core/__pycache__/assumptions.cpython-310.pyc", O_RDONLY|O_CLOEXEC) = 17</home/szu2070436088/.conda/envs/CVS-RFFI/lib/python3.10/site-packages/sympy/core/__pycache__/assumptions.cpython-310.pyc>
1890493 openat(AT_FDCWD</home/szu2070436088/2510044040/CV-SincNet>, "/home/szu2070436088/.conda/envs/CVS-RFFI/lib/python3.10/site-packages/sympy/core/__pycache__/facts.cpython-310.pyc", O_RDONLY|O_CLOEXEC) = 17</home/szu2070436088/.conda/envs/CVS-RFFI/lib/python3.10/site-packages/sympy/core/__pycache__/facts.cpython-310.pyc>
1890493 openat(AT_FDCWD</home/szu2070436088/2510044040/CV-SincNet>, "/home/szu2070436088/.conda/envs/CVS-RFFI/lib/python3.10/site-packages/sympy/core/__pycache__/logic.cpython-310.pyc", O_RDONLY|O_CLOEXEC) = 17</home/szu2070436088/.conda/envs/CVS-RFFI/lib/python3.10/site-packages/sympy/core/__pycache__/logic.cpython-310.pyc>
1890493 openat(AT_FDCWD</home/szu2070436088/2510044040/CV-SincNet>, "/home/szu2070436088/.conda/envs/CVS-RFFI/lib/python3.10/site-packages/sympy/core/__pycache__/assumptions_generated.cpython-310.pyc", O_RDONLY|O_CLOEXEC) = 17</home/szu2070436088/.conda/envs/CVS-RFFI/lib/python3.10/site-packages/sympy/core/__pycache__/assumptions_generated.cpython-310.pyc>
1890493 openat(AT_FDCWD</home/szu2070436088/2510044040/CV-SincNet>, "/home/szu2070436088/.conda/envs/CVS-RFFI/lib/python3.10/site-packages/sympy/core/__pycache__/sorting.cpython-310.pyc", O_RDONLY|O_CLOEXEC) = 17</home/szu2070436088/.conda/envs/CVS-RFFI/lib/python3.10/site-packages/sympy/core/__pycache__/sorting.cpython-310.pyc>
1890493 openat(AT_FDCWD</home/szu2070436088/2510044040/CV-SincNet>, "/home/szu2070436088/.conda/envs/CVS-RFFI/lib/python3.10/site-packages/sympy/core/__pycache__/kind.cpython-310.pyc", O_RDONLY|O_CLOEXEC) = 17</home/szu2070436088/.conda/envs/CVS-RFFI/lib/python3.10/site-packages/sympy/core/__pycache__/kind.cpython-310.pyc>
1890493 openat(AT_FDCWD</home/szu2070436088/2510044040/CV-SincNet>, "/home/szu2070436088/.conda/envs/CVS-RFFI/lib/python3.10/site-packages/sympy/multipledispatch/__pycache__/__init__.cpython-310.pyc", O_RDONLY|O_CLOEXEC) = 17</home/szu2070436088/.conda/envs/CVS-RFFI/lib/python3.10/site-packages/sympy/multipledispatch/__pycache__/__init__.cpython-310.pyc>
1890493 openat(AT_FDCWD</home/szu2070436088/2510044040/CV-SincNet>, "/home/szu2070436088/.conda/envs/CVS-RFFI/lib/python3.10/site-packages/sympy/multipledispatch", O_RDONLY|O_NONBLOCK|O_CLOEXEC|O_DIRECTORY) = 17</home/szu2070436088/.conda/envs/CVS-RFFI/lib/python3.10/site-packages/sympy/multipledispatch>
1890493 openat(AT_FDCWD</home/szu2070436088/2510044040/CV-SincNet>, "/home/szu2070436088/.conda/envs/CVS-RFFI/lib/python3.10/site-packages/sympy/multipledispatch/__pycache__/core.cpython-310.pyc", O_RDONLY|O_CLOEXEC) = 17</home/szu2070436088/.conda/envs/CVS-RFFI/lib/python3.10/site-packages/sympy/multipledispatch/__pycache__/core.cpython-310.pyc>
1890493 openat(AT_FDCWD</home/szu2070436088/2510044040/CV-SincNet>, "/home/szu2070436088/.conda/envs/CVS-RFFI/lib/python3.10/site-packages/sympy/multipledispatch/__pycache__/dispatcher.cpython-310.pyc", O_RDONLY|O_CLOEXEC) = 17</home/szu2070436088/.conda/envs/CVS-RFFI/lib/python3.10/site-packages/sympy/multipledispatch/__pycache__/dispatcher.cpython-310.pyc>
1890493 openat(AT_FDCWD</home/szu2070436088/2510044040/CV-SincNet>, "/home/szu2070436088/.conda/envs/CVS-RFFI/lib/python3.10/site-packages/sympy/multipledispatch/__pycache__/conflict.cpython-310.pyc", O_RDONLY|O_CLOEXEC) = 17</home/szu2070436088/.conda/envs/CVS-RFFI/lib/python3.10/site-packages/sympy/multipledispatch/__pycache__/conflict.cpython-310.pyc>
1890493 openat(AT_FDCWD</home/szu2070436088/2510044040/CV-SincNet>, "/home/szu2070436088/.conda/envs/CVS-RFFI/lib/python3.10/site-packages/sympy/multipledispatch/__pycache__/utils.cpython-310.pyc", O_RDONLY|O_CLOEXEC) = 17</home/szu2070436088/.conda/envs/CVS-RFFI/lib/python3.10/site-packages/sympy/multipledispatch/__pycache__/utils.cpython-310.pyc>
1890493 openat(AT_FDCWD</home/szu2070436088/2510044040/CV-SincNet>, "/home/szu2070436088/.conda/envs/CVS-RFFI/lib/python3.10/site-packages/sympy/core/__pycache__/_print_helpers.cpython-310.pyc", O_RDONLY|O_CLOEXEC) = 17</home/szu2070436088/.conda/envs/CVS-RFFI/lib/python3.10/site-packages/sympy/core/__pycache__/_print_helpers.cpython-310.pyc>
1890493 openat(AT_FDCWD</home/szu2070436088/2510044040/CV-SincNet>, "/home/szu2070436088/.conda/envs/CVS-RFFI/lib/python3.10/site-packages/sympy/core/__pycache__/singleton.cpython-310.pyc", O_RDONLY|O_CLOEXEC) = 17</home/szu2070436088/.conda/envs/CVS-RFFI/lib/python3.10/site-packages/sympy/core/__pycache__/singleton.cpython-310.pyc>
1890493 openat(AT_FDCWD</home/szu2070436088/2510044040/CV-SincNet>, "/home/szu2070436088/.conda/envs/CVS-RFFI/lib/python3.10/site-packages/sympy/core/__pycache__/core.cpython-310.pyc", O_RDONLY|O_CLOEXEC) = 17</home/szu2070436088/.conda/envs/CVS-RFFI/lib/python3.10/site-packages/sympy/core/__pycache__/core.cpython-310.pyc>
1890493 openat(AT_FDCWD</home/szu2070436088/2510044040/CV-SincNet>, "/home/szu2070436088/.conda/envs/CVS-RFFI/lib/python3.10/site-packages/sympy/core/__pycache__/traversal.cpython-310.pyc", O_RDONLY|O_CLOEXEC) = 17</home/szu2070436088/.conda/envs/CVS-RFFI/lib/python3.10/site-packages/sympy/core/__pycache__/traversal.cpython-310.pyc>
1890493 openat(AT_FDCWD</home/szu2070436088/2510044040/CV-SincNet>, "/home/szu2070436088/.conda/envs/CVS-RFFI/lib/python3.10/site-packages/sympy/core/__pycache__/expr.cpython-310.pyc", O_RDONLY|O_CLOEXEC) = 17</home/szu2070436088/.conda/envs/CVS-RFFI/lib/python3.10/site-packages/sympy/core/__pycache__/expr.cpython-310.pyc>
1890493 openat(AT_FDCWD</home/szu2070436088/2510044040/CV-SincNet>, "/home/szu2070436088/.conda/envs/CVS-RFFI/lib/python3.10/site-packages/sympy/core/__pycache__/evalf.cpython-310.pyc", O_RDONLY|O_CLOEXEC) = 17</home/szu2070436088/.conda/envs/CVS-RFFI/lib/python3.10/site-packages/sympy/core/__pycache__/evalf.cpython-310.pyc>
1890493 openat(AT_FDCWD</home/szu2070436088/2510044040/CV-SincNet>, "/home/szu2070436088/.conda/envs/CVS-RFFI/lib/python3.10/site-packages/sympy/external/__pycache__/gmpy.cpython-310.pyc", O_RDONLY|O_CLOEXEC) = 17</home/szu2070436088/.conda/envs/CVS-RFFI/lib/python3.10/site-packages/sympy/external/__pycache__/gmpy.cpython-310.pyc>
1890493 openat(AT_FDCWD</home/szu2070436088/2510044040/CV-SincNet>, "/home/szu2070436088/.conda/envs/CVS-RFFI/lib/python3.10/site-packages/sympy/external/__pycache__/pythonmpq.cpython-310.pyc", O_RDONLY|O_CLOEXEC) = 17</home/szu2070436088/.conda/envs/CVS-RFFI/lib/python3.10/site-packages/sympy/external/__pycache__/pythonmpq.cpython-310.pyc>
1890493 openat(AT_FDCWD</home/szu2070436088/2510044040/CV-SincNet>, "/home/szu2070436088/.conda/envs/CVS-RFFI/lib/python3.10/__pycache__/decimal.cpython-310.pyc", O_RDONLY|O_CLOEXEC) = 17</home/szu2070436088/.conda/envs/CVS-RFFI/lib/python3.10/__pycache__/decimal.cpython-310.pyc>
1890493 openat(AT_FDCWD</home/szu2070436088/2510044040/CV-SincNet>, "/home/szu2070436088/.conda/envs/CVS-RFFI/lib/python3.10/lib-dynload/_decimal.cpython-310-x86_64-linux-gnu.so", O_RDONLY|O_CLOEXEC) = 17</home/szu2070436088/.conda/envs/CVS-RFFI/lib/python3.10/lib-dynload/_decimal.cpython-310-x86_64-linux-gnu.so>
1890493 openat(AT_FDCWD</home/szu2070436088/2510044040/CV-SincNet>, "/home/szu2070436088/.conda/envs/CVS-RFFI/lib/python3.10/__pycache__/fractions.cpython-310.pyc", O_RDONLY|O_CLOEXEC) = 17</home/szu2070436088/.conda/envs/CVS-RFFI/lib/python3.10/__pycache__/fractions.cpython-310.pyc>
1890493 openat(AT_FDCWD</home/szu2070436088/2510044040/CV-SincNet>, "/home/szu2070436088/.conda/envs/CVS-RFFI/lib/python3.10/site-packages/sympy/external/__pycache__/ntheory.cpython-310.pyc", O_RDONLY|O_CLOEXEC) = 17</home/szu2070436088/.conda/envs/CVS-RFFI/lib/python3.10/site-packages/sympy/external/__pycache__/ntheory.cpython-310.pyc>
1890493 openat(AT_FDCWD</home/szu2070436088/2510044040/CV-SincNet>, "/home/szu2070436088/.conda/envs/CVS-RFFI/lib/python3.10/site-packages/sympy/core/__pycache__/decorators.cpython-310.pyc", O_RDONLY|O_CLOEXEC) = 17</home/szu2070436088/.conda/envs/CVS-RFFI/lib/python3.10/site-packages/sympy/core/__pycache__/decorators.cpython-310.pyc>
1890493 openat(AT_FDCWD</home/szu2070436088/2510044040/CV-SincNet>, "/home/szu2070436088/.conda/envs/CVS-RFFI/lib/python3.10/site-packages/sympy/core/__pycache__/intfunc.cpython-310.pyc", O_RDONLY|O_CLOEXEC) = 17</home/szu2070436088/.conda/envs/CVS-RFFI/lib/python3.10/site-packages/sympy/core/__pycache__/intfunc.cpython-310.pyc>
1890493 openat(AT_FDCWD</home/szu2070436088/2510044040/CV-SincNet>, "/home/szu2070436088/.conda/envs/CVS-RFFI/lib/python3.10/site-packages/sympy/core/__pycache__/mul.cpython-310.pyc", O_RDONLY|O_CLOEXEC) = 17</home/szu2070436088/.conda/envs/CVS-RFFI/lib/python3.10/site-packages/sympy/core/__pycache__/mul.cpython-310.pyc>
1890493 openat(AT_FDCWD</home/szu2070436088/2510044040/CV-SincNet>, "/home/szu2070436088/.conda/envs/CVS-RFFI/lib/python3.10/site-packages/sympy/core/__pycache__/operations.cpython-310.pyc", O_RDONLY|O_CLOEXEC) = 17</home/szu2070436088/.conda/envs/CVS-RFFI/lib/python3.10/site-packages/sympy/core/__pycache__/operations.cpython-310.pyc>
1890493 openat(AT_FDCWD</home/szu2070436088/2510044040/CV-SincNet>, "/home/szu2070436088/.conda/envs/CVS-RFFI/lib/python3.10/site-packages/sympy/core/__pycache__/numbers.cpython-310.pyc", O_RDONLY|O_CLOEXEC) = 17</home/szu2070436088/.conda/envs/CVS-RFFI/lib/python3.10/site-packages/sympy/core/__pycache__/numbers.cpython-310.pyc>
1890493 openat(AT_FDCWD</home/szu2070436088/2510044040/CV-SincNet>, "/home/szu2070436088/.conda/envs/CVS-RFFI/lib/python3.10/site-packages/sympy/core/__pycache__/containers.cpython-310.pyc", O_RDONLY|O_CLOEXEC) = 17</home/szu2070436088/.conda/envs/CVS-RFFI/lib/python3.10/site-packages/sympy/core/__pycache__/containers.cpython-310.pyc>
1890493 openat(AT_FDCWD</home/szu2070436088/2510044040/CV-SincNet>, "/home/szu2070436088/.conda/envs/CVS-RFFI/lib/python3.10/site-packages/sympy/core/__pycache__/power.cpython-310.pyc", O_RDONLY|O_CLOEXEC) = 17</home/szu2070436088/.conda/envs/CVS-RFFI/lib/python3.10/site-packages/sympy/core/__pycache__/power.cpython-310.pyc>
1890493 openat(AT_FDCWD</home/szu2070436088/2510044040/CV-SincNet>, "/home/szu2070436088/.conda/envs/CVS-RFFI/lib/python3.10/site-packages/sympy/core/__pycache__/function.cpython-310.pyc", O_RDONLY|O_CLOEXEC) = 17</home/szu2070436088/.conda/envs/CVS-RFFI/lib/python3.10/site-packages/sympy/core/__pycache__/function.cpython-310.pyc>
1890493 openat(AT_FDCWD</home/szu2070436088/2510044040/CV-SincNet>, "/home/szu2070436088/.conda/envs/CVS-RFFI/lib/python3.10/site-packages/sympy/core/__pycache__/add.cpython-310.pyc", O_RDONLY|O_CLOEXEC) = 17</home/szu2070436088/.conda/envs/CVS-RFFI/lib/python3.10/site-packages/sympy/core/__pycache__/add.cpython-310.pyc>
1890493 openat(AT_FDCWD</home/szu2070436088/2510044040/CV-SincNet>, "/home/szu2070436088/.conda/envs/CVS-RFFI/lib/python3.10/site-packages/sympy/core/__pycache__/rules.cpython-310.pyc", O_RDONLY|O_CLOEXEC) = 17</home/szu2070436088/.conda/envs/CVS-RFFI/lib/python3.10/site-packages/sympy/core/__pycache__/rules.cpython-310.pyc>
1890493 openat(AT_FDCWD</home/szu2070436088/2510044040/CV-SincNet>, "/home/szu2070436088/.conda/envs/CVS-RFFI/lib/python3.10/site-packages/sympy/core/__pycache__/symbol.cpython-310.pyc", O_RDONLY|O_CLOEXEC) = 17</home/szu2070436088/.conda/envs/CVS-RFFI/lib/python3.10/site-packages/sympy/core/__pycache__/symbol.cpython-310.pyc>
1890493 openat(AT_FDCWD</home/szu2070436088/2510044040/CV-SincNet>, "/home/szu2070436088/.conda/envs/CVS-RFFI/lib/python3.10/site-packages/sympy/logic/__pycache__/__init__.cpython-310.pyc", O_RDONLY|O_CLOEXEC) = 17</home/szu2070436088/.conda/envs/CVS-RFFI/lib/python3.10/site-packages/sympy/logic/__pycache__/__init__.cpython-310.pyc>
1890493 openat(AT_FDCWD</home/szu2070436088/2510044040/CV-SincNet>, "/home/szu2070436088/.conda/envs/CVS-RFFI/lib/python3.10/site-packages/sympy/logic", O_RDONLY|O_NONBLOCK|O_CLOEXEC|O_DIRECTORY) = 17</home/szu2070436088/.conda/envs/CVS-RFFI/lib/python3.10/site-packages/sympy/logic>
1890493 openat(AT_FDCWD</home/szu2070436088/2510044040/CV-SincNet>, "/home/szu2070436088/.conda/envs/CVS-RFFI/lib/python3.10/site-packages/sympy/logic/__pycache__/boolalg.cpython-310.pyc", O_RDONLY|O_CLOEXEC) = 17</home/szu2070436088/.conda/envs/CVS-RFFI/lib/python3.10/site-packages/sympy/logic/__pycache__/boolalg.cpython-310.pyc>
1890493 openat(AT_FDCWD</home/szu2070436088/2510044040/CV-SincNet>, "/home/szu2070436088/.conda/envs/CVS-RFFI/lib/python3.10/site-packages/sympy/logic/__pycache__/inference.cpython-310.pyc", O_RDONLY|O_CLOEXEC) = 17</home/szu2070436088/.conda/envs/CVS-RFFI/lib/python3.10/site-packages/sympy/logic/__pycache__/inference.cpython-310.pyc>
1890493 openat(AT_FDCWD</home/szu2070436088/2510044040/CV-SincNet>, "/home/szu2070436088/.conda/envs/CVS-RFFI/lib/python3.10/site-packages/sympy/core/__pycache__/relational.cpython-310.pyc", O_RDONLY|O_CLOEXEC) = 17</home/szu2070436088/.conda/envs/CVS-RFFI/lib/python3.10/site-packages/sympy/core/__pycache__/relational.cpython-310.pyc>
1890493 openat(AT_FDCWD</home/szu2070436088/2510044040/CV-SincNet>, "/home/szu2070436088/.conda/envs/CVS-RFFI/lib/python3.10/site-packages/sympy/core/__pycache__/coreerrors.cpython-310.pyc", O_RDONLY|O_CLOEXEC) = 17</home/szu2070436088/.conda/envs/CVS-RFFI/lib/python3.10/site-packages/sympy/core/__pycache__/coreerrors.cpython-310.pyc>
1890493 openat(AT_FDCWD</home/szu2070436088/2510044040/CV-SincNet>, "/home/szu2070436088/.conda/envs/CVS-RFFI/lib/python3.10/site-packages/sympy/core/__pycache__/mod.cpython-310.pyc", O_RDONLY|O_CLOEXEC) = 17</home/szu2070436088/.conda/envs/CVS-RFFI/lib/python3.10/site-packages/sympy/core/__pycache__/mod.cpython-310.pyc>
1890493 openat(AT_FDCWD</home/szu2070436088/2510044040/CV-SincNet>, "/home/szu2070436088/.conda/envs/CVS-RFFI/lib/python3.10/site-packages/sympy/core/__pycache__/exprtools.cpython-310.pyc", O_RDONLY|O_CLOEXEC) = 17</home/szu2070436088/.conda/envs/CVS-RFFI/lib/python3.10/site-packages/sympy/core/__pycache__/exprtools.cpython-310.pyc>
1890493 openat(AT_FDCWD</home/szu2070436088/2510044040/CV-SincNet>, "/home/szu2070436088/.conda/envs/CVS-RFFI/lib/python3.10/site-packages/sympy/core/__pycache__/multidimensional.cpython-310.pyc", O_RDONLY|O_CLOEXEC) = 17</home/szu2070436088/.conda/envs/CVS-RFFI/lib/python3.10/site-packages/sympy/core/__pycache__/multidimensional.cpython-310.pyc>
1890493 openat(AT_FDCWD</home/szu2070436088/2510044040/CV-SincNet>, "/home/szu2070436088/.conda/envs/CVS-RFFI/lib/python3.10/site-packages/sympy/assumptions/__pycache__/__init__.cpython-310.pyc", O_RDONLY|O_CLOEXEC) = 17</home/szu2070436088/.conda/envs/CVS-RFFI/lib/python3.10/site-packages/sympy/assumptions/__pycache__/__init__.cpython-310.pyc>
1890493 openat(AT_FDCWD</home/szu2070436088/2510044040/CV-SincNet>, "/home/szu2070436088/.conda/envs/CVS-RFFI/lib/python3.10/site-packages/sympy/assumptions", O_RDONLY|O_NONBLOCK|O_CLOEXEC|O_DIRECTORY) = 17</home/szu2070436088/.conda/envs/CVS-RFFI/lib/python3.10/site-packages/sympy/assumptions>
1890493 openat(AT_FDCWD</home/szu2070436088/2510044040/CV-SincNet>, "/home/szu2070436088/.conda/envs/CVS-RFFI/lib/python3.10/site-packages/sympy/assumptions/__pycache__/assume.cpython-310.pyc", O_RDONLY|O_CLOEXEC) = 17</home/szu2070436088/.conda/envs/CVS-RFFI/lib/python3.10/site-packages/sympy/assumptions/__pycache__/assume.cpython-310.pyc>
1890493 openat(AT_FDCWD</home/szu2070436088/2510044040/CV-SincNet>, "/home/szu2070436088/.conda/envs/CVS-RFFI/lib/python3.10/site-packages/sympy/utilities/__pycache__/source.cpython-310.pyc", O_RDONLY|O_CLOEXEC) = 17</home/szu2070436088/.conda/envs/CVS-RFFI/lib/python3.10/site-packages/sympy/utilities/__pycache__/source.cpython-310.pyc>
1890493 openat(AT_FDCWD</home/szu2070436088/2510044040/CV-SincNet>, "/home/szu2070436088/.conda/envs/CVS-RFFI/lib/python3.10/site-packages/sympy/assumptions/__pycache__/ask.cpython-310.pyc", O_RDONLY|O_CLOEXEC) = 17</home/szu2070436088/.conda/envs/CVS-RFFI/lib/python3.10/site-packages/sympy/assumptions/__pycache__/ask.cpython-310.pyc>
1890493 openat(AT_FDCWD</home/szu2070436088/2510044040/CV-SincNet>, "/home/szu2070436088/.conda/envs/CVS-RFFI/lib/python3.10/site-packages/sympy/assumptions/__pycache__/cnf.cpython-310.pyc", O_RDONLY|O_CLOEXEC) = 17</home/szu2070436088/.conda/envs/CVS-RFFI/lib/python3.10/site-packages/sympy/assumptions/__pycache__/cnf.cpython-310.pyc>
1890493 openat(AT_FDCWD</home/szu2070436088/2510044040/CV-SincNet>, "/home/szu2070436088/.conda/envs/CVS-RFFI/lib/python3.10/site-packages/sympy/assumptions/__pycache__/ask_generated.cpython-310.pyc", O_RDONLY|O_CLOEXEC) = 17</home/szu2070436088/.conda/envs/CVS-RFFI/lib/python3.10/site-packages/sympy/assumptions/__pycache__/ask_generated.cpython-310.pyc>
1890493 openat(AT_FDCWD</home/szu2070436088/2510044040/CV-SincNet>, "/home/szu2070436088/.conda/envs/CVS-RFFI/lib/python3.10/site-packages/sympy/assumptions/__pycache__/refine.cpython-310.pyc", O_RDONLY|O_CLOEXEC) = 17</home/szu2070436088/.conda/envs/CVS-RFFI/lib/python3.10/site-packages/sympy/assumptions/__pycache__/refine.cpython-310.pyc>
1890493 openat(AT_FDCWD</home/szu2070436088/2510044040/CV-SincNet>, "/home/szu2070436088/.conda/envs/CVS-RFFI/lib/python3.10/site-packages/sympy/assumptions/relation/__pycache__/__init__.cpython-310.pyc", O_RDONLY|O_CLOEXEC) = 17</home/szu2070436088/.conda/envs/CVS-RFFI/lib/python3.10/site-packages/sympy/assumptions/relation/__pycache__/__init__.cpython-310.pyc>
1890493 openat(AT_FDCWD</home/szu2070436088/2510044040/CV-SincNet>, "/home/szu2070436088/.conda/envs/CVS-RFFI/lib/python3.10/site-packages/sympy/assumptions/relation", O_RDONLY|O_NONBLOCK|O_CLOEXEC|O_DIRECTORY) = 17</home/szu2070436088/.conda/envs/CVS-RFFI/lib/python3.10/site-packages/sympy/assumptions/relation>
1890493 openat(AT_FDCWD</home/szu2070436088/2510044040/CV-SincNet>, "/home/szu2070436088/.conda/envs/CVS-RFFI/lib/python3.10/site-packages/sympy/assumptions/relation/__pycache__/binrel.cpython-310.pyc", O_RDONLY|O_CLOEXEC) = 17</home/szu2070436088/.conda/envs/CVS-RFFI/lib/python3.10/site-packages/sympy/assumptions/relation/__pycache__/binrel.cpython-310.pyc>
1890493 openat(AT_FDCWD</home/szu2070436088/2510044040/CV-SincNet>, "/home/szu2070436088/.conda/envs/CVS-RFFI/lib/python3.10/site-packages/sympy/polys/__pycache__/__init__.cpython-310.pyc", O_RDONLY|O_CLOEXEC) = 17</home/szu2070436088/.conda/envs/CVS-RFFI/lib/python3.10/site-packages/sympy/polys/__pycache__/__init__.cpython-310.pyc>
1890493 openat(AT_FDCWD</home/szu2070436088/2510044040/CV-SincNet>, "/home/szu2070436088/.conda/envs/CVS-RFFI/lib/python3.10/site-packages/sympy/polys", O_RDONLY|O_NONBLOCK|O_CLOEXEC|O_DIRECTORY) = 17</home/szu2070436088/.conda/envs/CVS-RFFI/lib/python3.10/site-packages/sympy/polys>
1890493 openat(AT_FDCWD</home/szu2070436088/2510044040/CV-SincNet>, "/home/szu2070436088/.conda/envs/CVS-RFFI/lib/python3.10/site-packages/sympy/polys/__pycache__/polytools.cpython-310.pyc", O_RDONLY|O_CLOEXEC) = 17</home/szu2070436088/.conda/envs/CVS-RFFI/lib/python3.10/site-packages/sympy/polys/__pycache__/polytools.cpython-310.pyc>
1890493 openat(AT_FDCWD</home/szu2070436088/2510044040/CV-SincNet>, "/home/szu2070436088/.conda/envs/CVS-RFFI/lib/python3.10/site-packages/sympy/polys/__pycache__/polyoptions.cpython-310.pyc", O_RDONLY|O_CLOEXEC) = 17</home/szu2070436088/.conda/envs/CVS-RFFI/lib/python3.10/site-packages/sympy/polys/__pycache__/polyoptions.cpython-310.pyc>
1890493 openat(AT_FDCWD</home/szu2070436088/2510044040/CV-SincNet>, "/home/szu2070436088/.conda/envs/CVS-RFFI/lib/python3.10/site-packages/sympy/polys/__pycache__/polyerrors.cpython-310.pyc", O_RDONLY|O_CLOEXEC) = 17</home/szu2070436088/.conda/envs/CVS-RFFI/lib/python3.10/site-packages/sympy/polys/__pycache__/polyerrors.cpython-310.pyc>
1890493 openat(AT_FDCWD</home/szu2070436088/2510044040/CV-SincNet>, "/home/szu2070436088/.conda/envs/CVS-RFFI/lib/python3.10/site-packages/sympy/polys/__pycache__/constructor.cpython-310.pyc", O_RDONLY|O_CLOEXEC) = 17</home/szu2070436088/.conda/envs/CVS-RFFI/lib/python3.10/site-packages/sympy/polys/__pycache__/constructor.cpython-310.pyc>
1890493 openat(AT_FDCWD</home/szu2070436088/2510044040/CV-SincNet>, "/home/szu2070436088/.conda/envs/CVS-RFFI/lib/python3.10/site-packages/sympy/polys/domains/__pycache__/__init__.cpython-310.pyc", O_RDONLY|O_CLOEXEC) = 17</home/szu2070436088/.conda/envs/CVS-RFFI/lib/python3.10/site-packages/sympy/polys/domains/__pycache__/__init__.cpython-310.pyc>
1890493 openat(AT_FDCWD</home/szu2070436088/2510044040/CV-SincNet>, "/home/szu2070436088/.conda/envs/CVS-RFFI/lib/python3.10/site-packages/sympy/polys/domains", O_RDONLY|O_NONBLOCK|O_CLOEXEC|O_DIRECTORY) = 17</home/szu2070436088/.conda/envs/CVS-RFFI/lib/python3.10/site-packages/sympy/polys/domains>
1890493 openat(AT_FDCWD</home/szu2070436088/2510044040/CV-SincNet>, "/home/szu2070436088/.conda/envs/CVS-RFFI/lib/python3.10/site-packages/sympy/polys/domains/__pycache__/domain.cpython-310.pyc", O_RDONLY|O_CLOEXEC) = 17</home/szu2070436088/.conda/envs/CVS-RFFI/lib/python3.10/site-packages/sympy/polys/domains/__pycache__/domain.cpython-310.pyc>
1890493 openat(AT_FDCWD</home/szu2070436088/2510044040/CV-SincNet>, "/home/szu2070436088/.conda/envs/CVS-RFFI/lib/python3.10/site-packages/sympy/polys/domains/__pycache__/domainelement.cpython-310.pyc", O_RDONLY|O_CLOEXEC) = 17</home/szu2070436088/.conda/envs/CVS-RFFI/lib/python3.10/site-packages/sympy/polys/domains/__pycache__/domainelement.cpython-310.pyc>
1890493 openat(AT_FDCWD</home/szu2070436088/2510044040/CV-SincNet>, "/home/szu2070436088/.conda/envs/CVS-RFFI/lib/python3.10/site-packages/sympy/polys/__pycache__/orderings.cpython-310.pyc", O_RDONLY|O_CLOEXEC) = 17</home/szu2070436088/.conda/envs/CVS-RFFI/lib/python3.10/site-packages/sympy/polys/__pycache__/orderings.cpython-310.pyc>
1890493 openat(AT_FDCWD</home/szu2070436088/2510044040/CV-SincNet>, "/home/szu2070436088/.conda/envs/CVS-RFFI/lib/python3.10/site-packages/sympy/polys/__pycache__/polyutils.cpython-310.pyc", O_RDONLY|O_CLOEXEC) = 17</home/szu2070436088/.conda/envs/CVS-RFFI/lib/python3.10/site-packages/sympy/polys/__pycache__/polyutils.cpython-310.pyc>
1890493 openat(AT_FDCWD</home/szu2070436088/2510044040/CV-SincNet>, "/home/szu2070436088/.conda/envs/CVS-RFFI/lib/python3.10/site-packages/sympy/polys/domains/__pycache__/modularinteger.cpython-310.pyc", O_RDONLY|O_CLOEXEC) = 17</home/szu2070436088/.conda/envs/CVS-RFFI/lib/python3.10/site-packages/sympy/polys/domains/__pycache__/modularinteger.cpython-310.pyc>
1890493 openat(AT_FDCWD</home/szu2070436088/2510044040/CV-SincNet>, "/home/szu2070436088/.conda/envs/CVS-RFFI/lib/python3.10/site-packages/sympy/polys/domains/__pycache__/finitefield.cpython-310.pyc", O_RDONLY|O_CLOEXEC) = 17</home/szu2070436088/.conda/envs/CVS-RFFI/lib/python3.10/site-packages/sympy/polys/domains/__pycache__/finitefield.cpython-310.pyc>
1890493 openat(AT_FDCWD</home/szu2070436088/2510044040/CV-SincNet>, "/home/szu2070436088/.conda/envs/CVS-RFFI/lib/python3.10/site-packages/sympy/polys/domains/__pycache__/field.cpython-310.pyc", O_RDONLY|O_CLOEXEC) = 17</home/szu2070436088/.conda/envs/CVS-RFFI/lib/python3.10/site-packages/sympy/polys/domains/__pycache__/field.cpython-310.pyc>
1890493 openat(AT_FDCWD</home/szu2070436088/2510044040/CV-SincNet>, "/home/szu2070436088/.conda/envs/CVS-RFFI/lib/python3.10/site-packages/sympy/polys/domains/__pycache__/ring.cpython-310.pyc", O_RDONLY|O_CLOEXEC) = 17</home/szu2070436088/.conda/envs/CVS-RFFI/lib/python3.10/site-packages/sympy/polys/domains/__pycache__/ring.cpython-310.pyc>
1890493 openat(AT_FDCWD</home/szu2070436088/2510044040/CV-SincNet>, "/home/szu2070436088/.conda/envs/CVS-RFFI/lib/python3.10/site-packages/sympy/polys/domains/__pycache__/simpledomain.cpython-310.pyc", O_RDONLY|O_CLOEXEC) = 17</home/szu2070436088/.conda/envs/CVS-RFFI/lib/python3.10/site-packages/sympy/polys/domains/__pycache__/simpledomain.cpython-310.pyc>
1890493 openat(AT_FDCWD</home/szu2070436088/2510044040/CV-SincNet>, "/home/szu2070436088/.conda/envs/CVS-RFFI/lib/python3.10/site-packages/sympy/polys/__pycache__/galoistools.cpython-310.pyc", O_RDONLY|O_CLOEXEC) = 17</home/szu2070436088/.conda/envs/CVS-RFFI/lib/python3.10/site-packages/sympy/polys/__pycache__/galoistools.cpython-310.pyc>
1890493 openat(AT_FDCWD</home/szu2070436088/2510044040/CV-SincNet>, "/home/szu2070436088/.conda/envs/CVS-RFFI/lib/python3.10/site-packages/sympy/polys/__pycache__/polyconfig.cpython-310.pyc", O_RDONLY|O_CLOEXEC) = 17</home/szu2070436088/.conda/envs/CVS-RFFI/lib/python3.10/site-packages/sympy/polys/__pycache__/polyconfig.cpython-310.pyc>
1890493 openat(AT_FDCWD</home/szu2070436088/2510044040/CV-SincNet>, "/home/szu2070436088/.conda/envs/CVS-RFFI/lib/python3.10/site-packages/sympy/polys/domains/__pycache__/groundtypes.cpython-310.pyc", O_RDONLY|O_CLOEXEC) = 17</home/szu2070436088/.conda/envs/CVS-RFFI/lib/python3.10/site-packages/sympy/polys/domains/__pycache__/groundtypes.cpython-310.pyc>
1890493 openat(AT_FDCWD</home/szu2070436088/2510044040/CV-SincNet>, "/home/szu2070436088/.conda/envs/CVS-RFFI/lib/python3.10/site-packages/sympy/polys/domains/__pycache__/pythonrational.cpython-310.pyc", O_RDONLY|O_CLOEXEC) = 17</home/szu2070436088/.conda/envs/CVS-RFFI/lib/python3.10/site-packages/sympy/polys/domains/__pycache__/pythonrational.cpython-310.pyc>
1890493 openat(AT_FDCWD</home/szu2070436088/2510044040/CV-SincNet>, "/home/szu2070436088/.conda/envs/CVS-RFFI/lib/python3.10/site-packages/sympy/polys/domains/__pycache__/integerring.cpython-310.pyc", O_RDONLY|O_CLOEXEC) = 17</home/szu2070436088/.conda/envs/CVS-RFFI/lib/python3.10/site-packages/sympy/polys/domains/__pycache__/integerring.cpython-310.pyc>
1890493 openat(AT_FDCWD</home/szu2070436088/2510044040/CV-SincNet>, "/home/szu2070436088/.conda/envs/CVS-RFFI/lib/python3.10/site-packages/sympy/polys/domains/__pycache__/characteristiczero.cpython-310.pyc", O_RDONLY|O_CLOEXEC) = 17</home/szu2070436088/.conda/envs/CVS-RFFI/lib/python3.10/site-packages/sympy/polys/domains/__pycache__/characteristiczero.cpython-310.pyc>
1890493 openat(AT_FDCWD</home/szu2070436088/2510044040/CV-SincNet>, "/home/szu2070436088/.conda/envs/CVS-RFFI/lib/python3.10/site-packages/sympy/polys/domains/__pycache__/rationalfield.cpython-310.pyc", O_RDONLY|O_CLOEXEC) = 17</home/szu2070436088/.conda/envs/CVS-RFFI/lib/python3.10/site-packages/sympy/polys/domains/__pycache__/rationalfield.cpython-310.pyc>
1890493 openat(AT_FDCWD</home/szu2070436088/2510044040/CV-SincNet>, "/home/szu2070436088/.conda/envs/CVS-RFFI/lib/python3.10/site-packages/sympy/polys/domains/__pycache__/algebraicfield.cpython-310.pyc", O_RDONLY|O_CLOEXEC) = 17</home/szu2070436088/.conda/envs/CVS-RFFI/lib/python3.10/site-packages/sympy/polys/domains/__pycache__/algebraicfield.cpython-310.pyc>
1890493 openat(AT_FDCWD</home/szu2070436088/2510044040/CV-SincNet>, "/home/szu2070436088/.conda/envs/CVS-RFFI/lib/python3.10/site-packages/sympy/polys/__pycache__/polyclasses.cpython-310.pyc", O_RDONLY|O_CLOEXEC) = 17</home/szu2070436088/.conda/envs/CVS-RFFI/lib/python3.10/site-packages/sympy/polys/__pycache__/polyclasses.cpython-310.pyc>
1890493 openat(AT_FDCWD</home/szu2070436088/2510044040/CV-SincNet>, "/home/szu2070436088/.conda/envs/CVS-RFFI/lib/python3.10/site-packages/sympy/polys/__pycache__/densebasic.cpython-310.pyc", O_RDONLY|O_CLOEXEC) = 17</home/szu2070436088/.conda/envs/CVS-RFFI/lib/python3.10/site-packages/sympy/polys/__pycache__/densebasic.cpython-310.pyc>
1890493 openat(AT_FDCWD</home/szu2070436088/2510044040/CV-SincNet>, "/home/szu2070436088/.conda/envs/CVS-RFFI/lib/python3.10/site-packages/sympy/polys/__pycache__/monomials.cpython-310.pyc", O_RDONLY|O_CLOEXEC) = 17</home/szu2070436088/.conda/envs/CVS-RFFI/lib/python3.10/site-packages/sympy/polys/__pycache__/monomials.cpython-310.pyc>
1890493 openat(AT_FDCWD</home/szu2070436088/2510044040/CV-SincNet>, "/home/szu2070436088/.conda/envs/CVS-RFFI/lib/python3.10/site-packages/sympy/polys/__pycache__/densearith.cpython-310.pyc", O_RDONLY|O_CLOEXEC) = 17</home/szu2070436088/.conda/envs/CVS-RFFI/lib/python3.10/site-packages/sympy/polys/__pycache__/densearith.cpython-310.pyc>
1890493 openat(AT_FDCWD</home/szu2070436088/2510044040/CV-SincNet>, "/home/szu2070436088/.conda/envs/CVS-RFFI/lib/python3.10/site-packages/sympy/polys/__pycache__/densetools.cpython-310.pyc", O_RDONLY|O_CLOEXEC) = 17</home/szu2070436088/.conda/envs/CVS-RFFI/lib/python3.10/site-packages/sympy/polys/__pycache__/densetools.cpython-310.pyc>
1890493 openat(AT_FDCWD</home/szu2070436088/2510044040/CV-SincNet>, "/home/szu2070436088/.conda/envs/CVS-RFFI/lib/python3.10/site-packages/sympy/polys/__pycache__/euclidtools.cpython-310.pyc", O_RDONLY|O_CLOEXEC) = 17</home/szu2070436088/.conda/envs/CVS-RFFI/lib/python3.10/site-packages/sympy/polys/__pycache__/euclidtools.cpython-310.pyc>
1890493 openat(AT_FDCWD</home/szu2070436088/2510044040/CV-SincNet>, "/home/szu2070436088/.conda/envs/CVS-RFFI/lib/python3.10/site-packages/sympy/polys/__pycache__/sqfreetools.cpython-310.pyc", O_RDONLY|O_CLOEXEC) = 17</home/szu2070436088/.conda/envs/CVS-RFFI/lib/python3.10/site-packages/sympy/polys/__pycache__/sqfreetools.cpython-310.pyc>
1890493 openat(AT_FDCWD</home/szu2070436088/2510044040/CV-SincNet>, "/home/szu2070436088/.conda/envs/CVS-RFFI/lib/python3.10/site-packages/sympy/polys/__pycache__/factortools.cpython-310.pyc", O_RDONLY|O_CLOEXEC) = 17</home/szu2070436088/.conda/envs/CVS-RFFI/lib/python3.10/site-packages/sympy/polys/__pycache__/factortools.cpython-310.pyc>
1890493 openat(AT_FDCWD</home/szu2070436088/2510044040/CV-SincNet>, "/home/szu2070436088/.conda/envs/CVS-RFFI/lib/python3.10/site-packages/sympy/polys/__pycache__/rootisolation.cpython-310.pyc", O_RDONLY|O_CLOEXEC) = 17</home/szu2070436088/.conda/envs/CVS-RFFI/lib/python3.10/site-packages/sympy/polys/__pycache__/rootisolation.cpython-310.pyc>
1890493 openat(AT_FDCWD</home/szu2070436088/2510044040/CV-SincNet>, "/home/szu2070436088/.conda/envs/CVS-RFFI/lib/python3.10/site-packages/sympy/polys/domains/__pycache__/gaussiandomains.cpython-310.pyc", O_RDONLY|O_CLOEXEC) = 17</home/szu2070436088/.conda/envs/CVS-RFFI/lib/python3.10/site-packages/sympy/polys/domains/__pycache__/gaussiandomains.cpython-310.pyc>
1890493 openat(AT_FDCWD</home/szu2070436088/2510044040/CV-SincNet>, "/home/szu2070436088/.conda/envs/CVS-RFFI/lib/python3.10/site-packages/sympy/polys/domains/__pycache__/realfield.cpython-310.pyc", O_RDONLY|O_CLOEXEC) = 17</home/szu2070436088/.conda/envs/CVS-RFFI/lib/python3.10/site-packages/sympy/polys/domains/__pycache__/realfield.cpython-310.pyc>
1890493 openat(AT_FDCWD</home/szu2070436088/2510044040/CV-SincNet>, "/home/szu2070436088/.conda/envs/CVS-RFFI/lib/python3.10/site-packages/sympy/polys/domains/__pycache__/complexfield.cpython-310.pyc", O_RDONLY|O_CLOEXEC) = 17</home/szu2070436088/.conda/envs/CVS-RFFI/lib/python3.10/site-packages/sympy/polys/domains/__pycache__/complexfield.cpython-310.pyc>
1890493 openat(AT_FDCWD</home/szu2070436088/2510044040/CV-SincNet>, "/home/szu2070436088/.conda/envs/CVS-RFFI/lib/python3.10/site-packages/sympy/polys/domains/__pycache__/polynomialring.cpython-310.pyc", O_RDONLY|O_CLOEXEC) = 17</home/szu2070436088/.conda/envs/CVS-RFFI/lib/python3.10/site-packages/sympy/polys/domains/__pycache__/polynomialring.cpython-310.pyc>
1890493 openat(AT_FDCWD</home/szu2070436088/2510044040/CV-SincNet>, "/home/szu2070436088/.conda/envs/CVS-RFFI/lib/python3.10/site-packages/sympy/polys/domains/__pycache__/compositedomain.cpython-310.pyc", O_RDONLY|O_CLOEXEC) = 17</home/szu2070436088/.conda/envs/CVS-RFFI/lib/python3.10/site-packages/sympy/polys/domains/__pycache__/compositedomain.cpython-310.pyc>
1890493 openat(AT_FDCWD</home/szu2070436088/2510044040/CV-SincNet>, "/home/szu2070436088/.conda/envs/CVS-RFFI/lib/python3.10/site-packages/sympy/polys/domains/__pycache__/fractionfield.cpython-310.pyc", O_RDONLY|O_CLOEXEC) = 17</home/szu2070436088/.conda/envs/CVS-RFFI/lib/python3.10/site-packages/sympy/polys/domains/__pycache__/fractionfield.cpython-310.pyc>
1890493 openat(AT_FDCWD</home/szu2070436088/2510044040/CV-SincNet>, "/home/szu2070436088/.conda/envs/CVS-RFFI/lib/python3.10/site-packages/sympy/polys/domains/__pycache__/expressiondomain.cpython-310.pyc", O_RDONLY|O_CLOEXEC) = 17</home/szu2070436088/.conda/envs/CVS-RFFI/lib/python3.10/site-packages/sympy/polys/domains/__pycache__/expressiondomain.cpython-310.pyc>
1890493 openat(AT_FDCWD</home/szu2070436088/2510044040/CV-SincNet>, "/home/szu2070436088/.conda/envs/CVS-RFFI/lib/python3.10/site-packages/sympy/polys/domains/__pycache__/expressionrawdomain.cpython-310.pyc", O_RDONLY|O_CLOEXEC) = 17</home/szu2070436088/.conda/envs/CVS-RFFI/lib/python3.10/site-packages/sympy/polys/domains/__pycache__/expressionrawdomain.cpython-310.pyc>
1890493 openat(AT_FDCWD</home/szu2070436088/2510044040/CV-SincNet>, "/home/szu2070436088/.conda/envs/CVS-RFFI/lib/python3.10/site-packages/sympy/polys/domains/__pycache__/pythonfinitefield.cpython-310.pyc", O_RDONLY|O_CLOEXEC) = 17</home/szu2070436088/.conda/envs/CVS-RFFI/lib/python3.10/site-packages/sympy/polys/domains/__pycache__/pythonfinitefield.cpython-310.pyc>
1890493 openat(AT_FDCWD</home/szu2070436088/2510044040/CV-SincNet>, "/home/szu2070436088/.conda/envs/CVS-RFFI/lib/python3.10/site-packages/sympy/polys/domains/__pycache__/pythonintegerring.cpython-310.pyc", O_RDONLY|O_CLOEXEC) = 17</home/szu2070436088/.conda/envs/CVS-RFFI/lib/python3.10/site-packages/sympy/polys/domains/__pycache__/pythonintegerring.cpython-310.pyc>
1890493 openat(AT_FDCWD</home/szu2070436088/2510044040/CV-SincNet>, "/home/szu2070436088/.conda/envs/CVS-RFFI/lib/python3.10/site-packages/sympy/polys/domains/__pycache__/gmpyfinitefield.cpython-310.pyc", O_RDONLY|O_CLOEXEC) = 17</home/szu2070436088/.conda/envs/CVS-RFFI/lib/python3.10/site-packages/sympy/polys/domains/__pycache__/gmpyfinitefield.cpython-310.pyc>
1890493 openat(AT_FDCWD</home/szu2070436088/2510044040/CV-SincNet>, "/home/szu2070436088/.conda/envs/CVS-RFFI/lib/python3.10/site-packages/sympy/polys/domains/__pycache__/gmpyintegerring.cpython-310.pyc", O_RDONLY|O_CLOEXEC) = 17</home/szu2070436088/.conda/envs/CVS-RFFI/lib/python3.10/site-packages/sympy/polys/domains/__pycache__/gmpyintegerring.cpython-310.pyc>
1890493 openat(AT_FDCWD</home/szu2070436088/2510044040/CV-SincNet>, "/home/szu2070436088/.conda/envs/CVS-RFFI/lib/python3.10/site-packages/sympy/polys/domains/__pycache__/pythonrationalfield.cpython-310.pyc", O_RDONLY|O_CLOEXEC) = 17</home/szu2070436088/.conda/envs/CVS-RFFI/lib/python3.10/site-packages/sympy/polys/domains/__pycache__/pythonrationalfield.cpython-310.pyc>
1890493 openat(AT_FDCWD</home/szu2070436088/2510044040/CV-SincNet>, "/home/szu2070436088/.conda/envs/CVS-RFFI/lib/python3.10/site-packages/sympy/polys/domains/__pycache__/gmpyrationalfield.cpython-310.pyc", O_RDONLY|O_CLOEXEC) = 17</home/szu2070436088/.conda/envs/CVS-RFFI/lib/python3.10/site-packages/sympy/polys/domains/__pycache__/gmpyrationalfield.cpython-310.pyc>
1890493 openat(AT_FDCWD</home/szu2070436088/2510044040/CV-SincNet>, "/home/szu2070436088/.conda/envs/CVS-RFFI/lib/python3.10/site-packages/sympy/polys/__pycache__/fglmtools.cpython-310.pyc", O_RDONLY|O_CLOEXEC) = 17</home/szu2070436088/.conda/envs/CVS-RFFI/lib/python3.10/site-packages/sympy/polys/__pycache__/fglmtools.cpython-310.pyc>
1890493 openat(AT_FDCWD</home/szu2070436088/2510044040/CV-SincNet>, "/home/szu2070436088/.conda/envs/CVS-RFFI/lib/python3.10/site-packages/sympy/polys/__pycache__/groebnertools.cpython-310.pyc", O_RDONLY|O_CLOEXEC) = 17</home/szu2070436088/.conda/envs/CVS-RFFI/lib/python3.10/site-packages/sympy/polys/__pycache__/groebnertools.cpython-310.pyc>
1890493 openat(AT_FDCWD</home/szu2070436088/2510044040/CV-SincNet>, "/home/szu2070436088/.conda/envs/CVS-RFFI/lib/python3.10/site-packages/sympy/polys/__pycache__/rationaltools.cpython-310.pyc", O_RDONLY|O_CLOEXEC) = 17</home/szu2070436088/.conda/envs/CVS-RFFI/lib/python3.10/site-packages/sympy/polys/__pycache__/rationaltools.cpython-310.pyc>
1890493 openat(AT_FDCWD</home/szu2070436088/2510044040/CV-SincNet>, "/home/szu2070436088/.conda/envs/CVS-RFFI/lib/python3.10/site-packages/sympy/polys/__pycache__/polyfuncs.cpython-310.pyc", O_RDONLY|O_CLOEXEC) = 17</home/szu2070436088/.conda/envs/CVS-RFFI/lib/python3.10/site-packages/sympy/polys/__pycache__/polyfuncs.cpython-310.pyc>
1890493 openat(AT_FDCWD</home/szu2070436088/2510044040/CV-SincNet>, "/home/szu2070436088/.conda/envs/CVS-RFFI/lib/python3.10/site-packages/sympy/polys/__pycache__/specialpolys.cpython-310.pyc", O_RDONLY|O_CLOEXEC) = 17</home/szu2070436088/.conda/envs/CVS-RFFI/lib/python3.10/site-packages/sympy/polys/__pycache__/specialpolys.cpython-310.pyc>
1890493 openat(AT_FDCWD</home/szu2070436088/2510044040/CV-SincNet>, "/home/szu2070436088/.conda/envs/CVS-RFFI/lib/python3.10/site-packages/sympy/ntheory/__pycache__/__init__.cpython-310.pyc", O_RDONLY|O_CLOEXEC) = 17</home/szu2070436088/.conda/envs/CVS-RFFI/lib/python3.10/site-packages/sympy/ntheory/__pycache__/__init__.cpython-310.pyc>
1890493 openat(AT_FDCWD</home/szu2070436088/2510044040/CV-SincNet>, "/home/szu2070436088/.conda/envs/CVS-RFFI/lib/python3.10/site-packages/sympy/ntheory", O_RDONLY|O_NONBLOCK|O_CLOEXEC|O_DIRECTORY) = 17</home/szu2070436088/.conda/envs/CVS-RFFI/lib/python3.10/site-packages/sympy/ntheory>
1890493 openat(AT_FDCWD</home/szu2070436088/2510044040/CV-SincNet>, "/home/szu2070436088/.conda/envs/CVS-RFFI/lib/python3.10/site-packages/sympy/ntheory/__pycache__/generate.cpython-310.pyc", O_RDONLY|O_CLOEXEC) = 17</home/szu2070436088/.conda/envs/CVS-RFFI/lib/python3.10/site-packages/sympy/ntheory/__pycache__/generate.cpython-310.pyc>
1890493 openat(AT_FDCWD</home/szu2070436088/2510044040/CV-SincNet>, "/home/szu2070436088/.conda/envs/CVS-RFFI/lib/python3.10/site-packages/sympy/ntheory/__pycache__/primetest.cpython-310.pyc", O_RDONLY|O_CLOEXEC) = 17</home/szu2070436088/.conda/envs/CVS-RFFI/lib/python3.10/site-packages/sympy/ntheory/__pycache__/primetest.cpython-310.pyc>
1890493 openat(AT_FDCWD</home/szu2070436088/2510044040/CV-SincNet>, "/home/szu2070436088/.conda/envs/CVS-RFFI/lib/python3.10/site-packages/sympy/ntheory/__pycache__/factor_.cpython-310.pyc", O_RDONLY|O_CLOEXEC) = 17</home/szu2070436088/.conda/envs/CVS-RFFI/lib/python3.10/site-packages/sympy/ntheory/__pycache__/factor_.cpython-310.pyc>
1890493 openat(AT_FDCWD</home/szu2070436088/2510044040/CV-SincNet>, "/home/szu2070436088/.conda/envs/CVS-RFFI/lib/python3.10/site-packages/sympy/ntheory/__pycache__/digits.cpython-310.pyc", O_RDONLY|O_CLOEXEC) = 17</home/szu2070436088/.conda/envs/CVS-RFFI/lib/python3.10/site-packages/sympy/ntheory/__pycache__/digits.cpython-310.pyc>
1890493 openat(AT_FDCWD</home/szu2070436088/2510044040/CV-SincNet>, "/home/szu2070436088/.conda/envs/CVS-RFFI/lib/python3.10/site-packages/sympy/ntheory/__pycache__/ecm.cpython-310.pyc", O_RDONLY|O_CLOEXEC) = 17</home/szu2070436088/.conda/envs/CVS-RFFI/lib/python3.10/site-packages/sympy/ntheory/__pycache__/ecm.cpython-310.pyc>
1890493 openat(AT_FDCWD</home/szu2070436088/2510044040/CV-SincNet>, "/home/szu2070436088/.conda/envs/CVS-RFFI/lib/python3.10/site-packages/sympy/ntheory/__pycache__/partitions_.cpython-310.pyc", O_RDONLY|O_CLOEXEC) = 17</home/szu2070436088/.conda/envs/CVS-RFFI/lib/python3.10/site-packages/sympy/ntheory/__pycache__/partitions_.cpython-310.pyc>
1890493 openat(AT_FDCWD</home/szu2070436088/2510044040/CV-SincNet>, "/home/szu2070436088/.conda/envs/CVS-RFFI/lib/python3.10/site-packages/sympy/ntheory/__pycache__/residue_ntheory.cpython-310.pyc", O_RDONLY|O_CLOEXEC) = 17</home/szu2070436088/.conda/envs/CVS-RFFI/lib/python3.10/site-packages/sympy/ntheory/__pycache__/residue_ntheory.cpython-310.pyc>
1890493 openat(AT_FDCWD</home/szu2070436088/2510044040/CV-SincNet>, "/home/szu2070436088/.conda/envs/CVS-RFFI/lib/python3.10/site-packages/sympy/ntheory/__pycache__/modular.cpython-310.pyc", O_RDONLY|O_CLOEXEC) = 17</home/szu2070436088/.conda/envs/CVS-RFFI/lib/python3.10/site-packages/sympy/ntheory/__pycache__/modular.cpython-310.pyc>
1890493 openat(AT_FDCWD</home/szu2070436088/2510044040/CV-SincNet>, "/home/szu2070436088/.conda/envs/CVS-RFFI/lib/python3.10/site-packages/sympy/utilities/__pycache__/memoization.cpython-310.pyc", O_RDONLY|O_CLOEXEC) = 17</home/szu2070436088/.conda/envs/CVS-RFFI/lib/python3.10/site-packages/sympy/utilities/__pycache__/memoization.cpython-310.pyc>
1890493 openat(AT_FDCWD</home/szu2070436088/2510044040/CV-SincNet>, "/home/szu2070436088/.conda/envs/CVS-RFFI/lib/python3.10/site-packages/sympy/ntheory/__pycache__/multinomial.cpython-310.pyc", O_RDONLY|O_CLOEXEC) = 17</home/szu2070436088/.conda/envs/CVS-RFFI/lib/python3.10/site-packages/sympy/ntheory/__pycache__/multinomial.cpython-310.pyc>
1890493 openat(AT_FDCWD</home/szu2070436088/2510044040/CV-SincNet>, "/home/szu2070436088/.conda/envs/CVS-RFFI/lib/python3.10/site-packages/sympy/ntheory/__pycache__/continued_fraction.cpython-310.pyc", O_RDONLY|O_CLOEXEC) = 17</home/szu2070436088/.conda/envs/CVS-RFFI/lib/python3.10/site-packages/sympy/ntheory/__pycache__/continued_fraction.cpython-310.pyc>
1890493 openat(AT_FDCWD</home/szu2070436088/2510044040/CV-SincNet>, "/home/szu2070436088/.conda/envs/CVS-RFFI/lib/python3.10/site-packages/sympy/ntheory/__pycache__/egyptian_fraction.cpython-310.pyc", O_RDONLY|O_CLOEXEC) = 17</home/szu2070436088/.conda/envs/CVS-RFFI/lib/python3.10/site-packages/sympy/ntheory/__pycache__/egyptian_fraction.cpython-310.pyc>
1890493 openat(AT_FDCWD</home/szu2070436088/2510044040/CV-SincNet>, "/home/szu2070436088/.conda/envs/CVS-RFFI/lib/python3.10/site-packages/sympy/ntheory/__pycache__/qs.cpython-310.pyc", O_RDONLY|O_CLOEXEC) = 17</home/szu2070436088/.conda/envs/CVS-RFFI/lib/python3.10/site-packages/sympy/ntheory/__pycache__/qs.cpython-310.pyc>
1890493 openat(AT_FDCWD</home/szu2070436088/2510044040/CV-SincNet>, "/home/szu2070436088/.conda/envs/CVS-RFFI/lib/python3.10/site-packages/sympy/polys/__pycache__/rings.cpython-310.pyc", O_RDONLY|O_CLOEXEC) = 17</home/szu2070436088/.conda/envs/CVS-RFFI/lib/python3.10/site-packages/sympy/polys/__pycache__/rings.cpython-310.pyc>
1890493 openat(AT_FDCWD</home/szu2070436088/2510044040/CV-SincNet>, "/home/szu2070436088/.conda/envs/CVS-RFFI/lib/python3.10/site-packages/sympy/polys/__pycache__/compatibility.cpython-310.pyc", O_RDONLY|O_CLOEXEC) = 17</home/szu2070436088/.conda/envs/CVS-RFFI/lib/python3.10/site-packages/sympy/polys/__pycache__/compatibility.cpython-310.pyc>
1890493 openat(AT_FDCWD</home/szu2070436088/2510044040/CV-SincNet>, "/home/szu2070436088/.conda/envs/CVS-RFFI/lib/python3.10/site-packages/sympy/polys/__pycache__/heuristicgcd.cpython-310.pyc", O_RDONLY|O_CLOEXEC) = 17</home/szu2070436088/.conda/envs/CVS-RFFI/lib/python3.10/site-packages/sympy/polys/__pycache__/heuristicgcd.cpython-310.pyc>
1890493 openat(AT_FDCWD</home/szu2070436088/2510044040/CV-SincNet>, "/home/szu2070436088/.conda/envs/CVS-RFFI/lib/python3.10/site-packages/sympy/printing/__pycache__/__init__.cpython-310.pyc", O_RDONLY|O_CLOEXEC) = 17</home/szu2070436088/.conda/envs/CVS-RFFI/lib/python3.10/site-packages/sympy/printing/__pycache__/__init__.cpython-310.pyc>
1890493 openat(AT_FDCWD</home/szu2070436088/2510044040/CV-SincNet>, "/home/szu2070436088/.conda/envs/CVS-RFFI/lib/python3.10/site-packages/sympy/printing", O_RDONLY|O_NONBLOCK|O_CLOEXEC|O_DIRECTORY) = 17</home/szu2070436088/.conda/envs/CVS-RFFI/lib/python3.10/site-packages/sympy/printing>
1890493 openat(AT_FDCWD</home/szu2070436088/2510044040/CV-SincNet>, "/home/szu2070436088/.conda/envs/CVS-RFFI/lib/python3.10/site-packages/sympy/printing/pretty/__pycache__/__init__.cpython-310.pyc", O_RDONLY|O_CLOEXEC) = 17</home/szu2070436088/.conda/envs/CVS-RFFI/lib/python3.10/site-packages/sympy/printing/pretty/__pycache__/__init__.cpython-310.pyc>
1890493 openat(AT_FDCWD</home/szu2070436088/2510044040/CV-SincNet>, "/home/szu2070436088/.conda/envs/CVS-RFFI/lib/python3.10/site-packages/sympy/printing/pretty", O_RDONLY|O_NONBLOCK|O_CLOEXEC|O_DIRECTORY) = 17</home/szu2070436088/.conda/envs/CVS-RFFI/lib/python3.10/site-packages/sympy/printing/pretty>
1890493 openat(AT_FDCWD</home/szu2070436088/2510044040/CV-SincNet>, "/home/szu2070436088/.conda/envs/CVS-RFFI/lib/python3.10/site-packages/sympy/printing/pretty/__pycache__/pretty.cpython-310.pyc", O_RDONLY|O_CLOEXEC) = 17</home/szu2070436088/.conda/envs/CVS-RFFI/lib/python3.10/site-packages/sympy/printing/pretty/__pycache__/pretty.cpython-310.pyc>
1890493 openat(AT_FDCWD</home/szu2070436088/2510044040/CV-SincNet>, "/home/szu2070436088/.conda/envs/CVS-RFFI/lib/python3.10/site-packages/sympy/printing/__pycache__/conventions.cpython-310.pyc", O_RDONLY|O_CLOEXEC) = 17</home/szu2070436088/.conda/envs/CVS-RFFI/lib/python3.10/site-packages/sympy/printing/__pycache__/conventions.cpython-310.pyc>
1890493 openat(AT_FDCWD</home/szu2070436088/2510044040/CV-SincNet>, "/home/szu2070436088/.conda/envs/CVS-RFFI/lib/python3.10/site-packages/sympy/printing/__pycache__/precedence.cpython-310.pyc", O_RDONLY|O_CLOEXEC) = 17</home/szu2070436088/.conda/envs/CVS-RFFI/lib/python3.10/site-packages/sympy/printing/__pycache__/precedence.cpython-310.pyc>
1890493 openat(AT_FDCWD</home/szu2070436088/2510044040/CV-SincNet>, "/home/szu2070436088/.conda/envs/CVS-RFFI/lib/python3.10/site-packages/sympy/printing/__pycache__/printer.cpython-310.pyc", O_RDONLY|O_CLOEXEC) = 17</home/szu2070436088/.conda/envs/CVS-RFFI/lib/python3.10/site-packages/sympy/printing/__pycache__/printer.cpython-310.pyc>
1890493 openat(AT_FDCWD</home/szu2070436088/2510044040/CV-SincNet>, "/home/szu2070436088/.conda/envs/CVS-RFFI/lib/python3.10/site-packages/sympy/printing/__pycache__/str.cpython-310.pyc", O_RDONLY|O_CLOEXEC) = 17</home/szu2070436088/.conda/envs/CVS-RFFI/lib/python3.10/site-packages/sympy/printing/__pycache__/str.cpython-310.pyc>
1890493 openat(AT_FDCWD</home/szu2070436088/2510044040/CV-SincNet>, "/home/szu2070436088/.conda/envs/CVS-RFFI/lib/python3.10/site-packages/sympy/printing/pretty/__pycache__/stringpict.cpython-310.pyc", O_RDONLY|O_CLOEXEC) = 17</home/szu2070436088/.conda/envs/CVS-RFFI/lib/python3.10/site-packages/sympy/printing/pretty/__pycache__/stringpict.cpython-310.pyc>
1890493 openat(AT_FDCWD</home/szu2070436088/2510044040/CV-SincNet>, "/home/szu2070436088/.conda/envs/CVS-RFFI/lib/python3.10/site-packages/sympy/printing/pretty/__pycache__/pretty_symbology.cpython-310.pyc", O_RDONLY|O_CLOEXEC) = 17</home/szu2070436088/.conda/envs/CVS-RFFI/lib/python3.10/site-packages/sympy/printing/pretty/__pycache__/pretty_symbology.cpython-310.pyc>
1890493 openat(AT_FDCWD</home/szu2070436088/2510044040/CV-SincNet>, "/home/szu2070436088/.conda/envs/CVS-RFFI/lib/python3.10/lib-dynload/unicodedata.cpython-310-x86_64-linux-gnu.so", O_RDONLY|O_CLOEXEC) = 17</home/szu2070436088/.conda/envs/CVS-RFFI/lib/python3.10/lib-dynload/unicodedata.cpython-310-x86_64-linux-gnu.so>
1890493 openat(AT_FDCWD</home/szu2070436088/2510044040/CV-SincNet>, "/home/szu2070436088/.conda/envs/CVS-RFFI/lib/python3.10/site-packages/sympy/core/__pycache__/alphabets.cpython-310.pyc", O_RDONLY|O_CLOEXEC) = 17</home/szu2070436088/.conda/envs/CVS-RFFI/lib/python3.10/site-packages/sympy/core/__pycache__/alphabets.cpython-310.pyc>
1890493 openat(AT_FDCWD</home/szu2070436088/2510044040/CV-SincNet>, "/home/szu2070436088/.conda/envs/CVS-RFFI/lib/python3.10/site-packages/sympy/printing/__pycache__/latex.cpython-310.pyc", O_RDONLY|O_CLOEXEC) = 17</home/szu2070436088/.conda/envs/CVS-RFFI/lib/python3.10/site-packages/sympy/printing/__pycache__/latex.cpython-310.pyc>
1890493 openat(AT_FDCWD</home/szu2070436088/2510044040/CV-SincNet>, "/home/szu2070436088/.conda/envs/CVS-RFFI/lib/python3.10/site-packages/sympy/printing/__pycache__/mathml.cpython-310.pyc", O_RDONLY|O_CLOEXEC) = 17</home/szu2070436088/.conda/envs/CVS-RFFI/lib/python3.10/site-packages/sympy/printing/__pycache__/mathml.cpython-310.pyc>
1890493 openat(AT_FDCWD</home/szu2070436088/2510044040/CV-SincNet>, "/home/szu2070436088/.conda/envs/CVS-RFFI/lib/python3.10/site-packages/sympy/printing/__pycache__/python.cpython-310.pyc", O_RDONLY|O_CLOEXEC) = 17</home/szu2070436088/.conda/envs/CVS-RFFI/lib/python3.10/site-packages/sympy/printing/__pycache__/python.cpython-310.pyc>
1890493 openat(AT_FDCWD</home/szu2070436088/2510044040/CV-SincNet>, "/home/szu2070436088/.conda/envs/CVS-RFFI/lib/python3.10/site-packages/sympy/printing/__pycache__/repr.cpython-310.pyc", O_RDONLY|O_CLOEXEC) = 17</home/szu2070436088/.conda/envs/CVS-RFFI/lib/python3.10/site-packages/sympy/printing/__pycache__/repr.cpython-310.pyc>
1890493 openat(AT_FDCWD</home/szu2070436088/2510044040/CV-SincNet>, "/home/szu2070436088/.conda/envs/CVS-RFFI/lib/python3.10/site-packages/sympy/printing/__pycache__/pycode.cpython-310.pyc", O_RDONLY|O_CLOEXEC) = 17</home/szu2070436088/.conda/envs/CVS-RFFI/lib/python3.10/site-packages/sympy/printing/__pycache__/pycode.cpython-310.pyc>
1890493 openat(AT_FDCWD</home/szu2070436088/2510044040/CV-SincNet>, "/home/szu2070436088/.conda/envs/CVS-RFFI/lib/python3.10/site-packages/sympy/printing/__pycache__/codeprinter.cpython-310.pyc", O_RDONLY|O_CLOEXEC) = 17</home/szu2070436088/.conda/envs/CVS-RFFI/lib/python3.10/site-packages/sympy/printing/__pycache__/codeprinter.cpython-310.pyc>
1890493 openat(AT_FDCWD</home/szu2070436088/2510044040/CV-SincNet>, "/home/szu2070436088/.conda/envs/CVS-RFFI/lib/python3.10/site-packages/sympy/functions/__pycache__/__init__.cpython-310.pyc", O_RDONLY|O_CLOEXEC) = 17</home/szu2070436088/.conda/envs/CVS-RFFI/lib/python3.10/site-packages/sympy/functions/__pycache__/__init__.cpython-310.pyc>
1890493 openat(AT_FDCWD</home/szu2070436088/2510044040/CV-SincNet>, "/home/szu2070436088/.conda/envs/CVS-RFFI/lib/python3.10/site-packages/sympy/functions", O_RDONLY|O_NONBLOCK|O_CLOEXEC|O_DIRECTORY) = 17</home/szu2070436088/.conda/envs/CVS-RFFI/lib/python3.10/site-packages/sympy/functions>
1890493 openat(AT_FDCWD</home/szu2070436088/2510044040/CV-SincNet>, "/home/szu2070436088/.conda/envs/CVS-RFFI/lib/python3.10/site-packages/sympy/functions/combinatorial/__pycache__/__init__.cpython-310.pyc", O_RDONLY|O_CLOEXEC) = 17</home/szu2070436088/.conda/envs/CVS-RFFI/lib/python3.10/site-packages/sympy/functions/combinatorial/__pycache__/__init__.cpython-310.pyc>
1890493 openat(AT_FDCWD</home/szu2070436088/2510044040/CV-SincNet>, "/home/szu2070436088/.conda/envs/CVS-RFFI/lib/python3.10/site-packages/sympy/functions/combinatorial", O_RDONLY|O_NONBLOCK|O_CLOEXEC|O_DIRECTORY) = 17</home/szu2070436088/.conda/envs/CVS-RFFI/lib/python3.10/site-packages/sympy/functions/combinatorial>
1890493 openat(AT_FDCWD</home/szu2070436088/2510044040/CV-SincNet>, "/home/szu2070436088/.conda/envs/CVS-RFFI/lib/python3.10/site-packages/sympy/functions/combinatorial/__pycache__/factorials.cpython-310.pyc", O_RDONLY|O_CLOEXEC) = 17</home/szu2070436088/.conda/envs/CVS-RFFI/lib/python3.10/site-packages/sympy/functions/combinatorial/__pycache__/factorials.cpython-310.pyc>
1890493 openat(AT_FDCWD</home/szu2070436088/2510044040/CV-SincNet>, "/home/szu2070436088/.conda/envs/CVS-RFFI/lib/python3.10/site-packages/sympy/functions/combinatorial/__pycache__/numbers.cpython-310.pyc", O_RDONLY|O_CLOEXEC) = 17</home/szu2070436088/.conda/envs/CVS-RFFI/lib/python3.10/site-packages/sympy/functions/combinatorial/__pycache__/numbers.cpython-310.pyc>
1890493 openat(AT_FDCWD</home/szu2070436088/2510044040/CV-SincNet>, "/home/szu2070436088/.conda/envs/CVS-RFFI/lib/python3.10/site-packages/sympy/functions/elementary/__pycache__/__init__.cpython-310.pyc", O_RDONLY|O_CLOEXEC) = 17</home/szu2070436088/.conda/envs/CVS-RFFI/lib/python3.10/site-packages/sympy/functions/elementary/__pycache__/__init__.cpython-310.pyc>
1890493 openat(AT_FDCWD</home/szu2070436088/2510044040/CV-SincNet>, "/home/szu2070436088/.conda/envs/CVS-RFFI/lib/python3.10/site-packages/sympy/functions/elementary", O_RDONLY|O_NONBLOCK|O_CLOEXEC|O_DIRECTORY) = 17</home/szu2070436088/.conda/envs/CVS-RFFI/lib/python3.10/site-packages/sympy/functions/elementary>
1890493 openat(AT_FDCWD</home/szu2070436088/2510044040/CV-SincNet>, "/home/szu2070436088/.conda/envs/CVS-RFFI/lib/python3.10/site-packages/sympy/functions/elementary/__pycache__/exponential.cpython-310.pyc", O_RDONLY|O_CLOEXEC) = 17</home/szu2070436088/.conda/envs/CVS-RFFI/lib/python3.10/site-packages/sympy/functions/elementary/__pycache__/exponential.cpython-310.pyc>
1890493 openat(AT_FDCWD</home/szu2070436088/2510044040/CV-SincNet>, "/home/szu2070436088/.conda/envs/CVS-RFFI/lib/python3.10/site-packages/sympy/functions/elementary/__pycache__/complexes.cpython-310.pyc", O_RDONLY|O_CLOEXEC) = 17</home/szu2070436088/.conda/envs/CVS-RFFI/lib/python3.10/site-packages/sympy/functions/elementary/__pycache__/complexes.cpython-310.pyc>
1890493 openat(AT_FDCWD</home/szu2070436088/2510044040/CV-SincNet>, "/home/szu2070436088/.conda/envs/CVS-RFFI/lib/python3.10/site-packages/sympy/functions/elementary/__pycache__/miscellaneous.cpython-310.pyc", O_RDONLY|O_CLOEXEC) = 17</home/szu2070436088/.conda/envs/CVS-RFFI/lib/python3.10/site-packages/sympy/functions/elementary/__pycache__/miscellaneous.cpython-310.pyc>
1890493 openat(AT_FDCWD</home/szu2070436088/2510044040/CV-SincNet>, "/home/szu2070436088/.conda/envs/CVS-RFFI/lib/python3.10/site-packages/sympy/functions/elementary/__pycache__/piecewise.cpython-310.pyc", O_RDONLY|O_CLOEXEC) = 17</home/szu2070436088/.conda/envs/CVS-RFFI/lib/python3.10/site-packages/sympy/functions/elementary/__pycache__/piecewise.cpython-310.pyc>
1890493 openat(AT_FDCWD</home/szu2070436088/2510044040/CV-SincNet>, "/home/szu2070436088/.conda/envs/CVS-RFFI/lib/python3.10/site-packages/sympy/polys/__pycache__/appellseqs.cpython-310.pyc", O_RDONLY|O_CLOEXEC) = 17</home/szu2070436088/.conda/envs/CVS-RFFI/lib/python3.10/site-packages/sympy/polys/__pycache__/appellseqs.cpython-310.pyc>
1890493 openat(AT_FDCWD</home/szu2070436088/2510044040/CV-SincNet>, "/home/szu2070436088/.conda/envs/CVS-RFFI/lib/python3.10/site-packages/sympy/functions/elementary/__pycache__/trigonometric.cpython-310.pyc", O_RDONLY|O_CLOEXEC) = 17</home/szu2070436088/.conda/envs/CVS-RFFI/lib/python3.10/site-packages/sympy/functions/elementary/__pycache__/trigonometric.cpython-310.pyc>
1890493 openat(AT_FDCWD</home/szu2070436088/2510044040/CV-SincNet>, "/home/szu2070436088/.conda/envs/CVS-RFFI/lib/python3.10/site-packages/sympy/functions/elementary/__pycache__/integers.cpython-310.pyc", O_RDONLY|O_CLOEXEC) = 17</home/szu2070436088/.conda/envs/CVS-RFFI/lib/python3.10/site-packages/sympy/functions/elementary/__pycache__/integers.cpython-310.pyc>
1890493 openat(AT_FDCWD</home/szu2070436088/2510044040/CV-SincNet>, "/home/szu2070436088/.conda/envs/CVS-RFFI/lib/python3.10/site-packages/sympy/functions/elementary/__pycache__/_trigonometric_special.cpython-310.pyc", O_RDONLY|O_CLOEXEC) = 17</home/szu2070436088/.conda/envs/CVS-RFFI/lib/python3.10/site-packages/sympy/functions/elementary/__pycache__/_trigonometric_special.cpython-310.pyc>
1890493 openat(AT_FDCWD</home/szu2070436088/2510044040/CV-SincNet>, "/home/szu2070436088/.conda/envs/CVS-RFFI/lib/python3.10/site-packages/sympy/functions/elementary/__pycache__/hyperbolic.cpython-310.pyc", O_RDONLY|O_CLOEXEC) = 17</home/szu2070436088/.conda/envs/CVS-RFFI/lib/python3.10/site-packages/sympy/functions/elementary/__pycache__/hyperbolic.cpython-310.pyc>
1890493 openat(AT_FDCWD</home/szu2070436088/2510044040/CV-SincNet>, "/home/szu2070436088/.conda/envs/CVS-RFFI/lib/python3.10/site-packages/sympy/functions/special/__pycache__/__init__.cpython-310.pyc", O_RDONLY|O_CLOEXEC) = 17</home/szu2070436088/.conda/envs/CVS-RFFI/lib/python3.10/site-packages/sympy/functions/special/__pycache__/__init__.cpython-310.pyc>
1890493 openat(AT_FDCWD</home/szu2070436088/2510044040/CV-SincNet>, "/home/szu2070436088/.conda/envs/CVS-RFFI/lib/python3.10/site-packages/sympy/functions/special", O_RDONLY|O_NONBLOCK|O_CLOEXEC|O_DIRECTORY) = 17</home/szu2070436088/.conda/envs/CVS-RFFI/lib/python3.10/site-packages/sympy/functions/special>
1890493 openat(AT_FDCWD</home/szu2070436088/2510044040/CV-SincNet>, "/home/szu2070436088/.conda/envs/CVS-RFFI/lib/python3.10/site-packages/sympy/functions/special/__pycache__/error_functions.cpython-310.pyc", O_RDONLY|O_CLOEXEC) = 17</home/szu2070436088/.conda/envs/CVS-RFFI/lib/python3.10/site-packages/sympy/functions/special/__pycache__/error_functions.cpython-310.pyc>
1890493 openat(AT_FDCWD</home/szu2070436088/2510044040/CV-SincNet>, "/home/szu2070436088/.conda/envs/CVS-RFFI/lib/python3.10/site-packages/sympy/functions/special/__pycache__/hyper.cpython-310.pyc", O_RDONLY|O_CLOEXEC) = 17</home/szu2070436088/.conda/envs/CVS-RFFI/lib/python3.10/site-packages/sympy/functions/special/__pycache__/hyper.cpython-310.pyc>
1890493 openat(AT_FDCWD</home/szu2070436088/2510044040/CV-SincNet>, "/home/szu2070436088/.conda/envs/CVS-RFFI/lib/python3.10/site-packages/sympy/functions/special/__pycache__/gamma_functions.cpython-310.pyc", O_RDONLY|O_CLOEXEC) = 17</home/szu2070436088/.conda/envs/CVS-RFFI/lib/python3.10/site-packages/sympy/functions/special/__pycache__/gamma_functions.cpython-310.pyc>
1890493 openat(AT_FDCWD</home/szu2070436088/2510044040/CV-SincNet>, "/home/szu2070436088/.conda/envs/CVS-RFFI/lib/python3.10/site-packages/sympy/functions/special/__pycache__/zeta_functions.cpython-310.pyc", O_RDONLY|O_CLOEXEC) = 17</home/szu2070436088/.conda/envs/CVS-RFFI/lib/python3.10/site-packages/sympy/functions/special/__pycache__/zeta_functions.cpython-310.pyc>
1890493 openat(AT_FDCWD</home/szu2070436088/2510044040/CV-SincNet>, "/home/szu2070436088/.conda/envs/CVS-RFFI/lib/python3.10/site-packages/sympy/functions/special/__pycache__/tensor_functions.cpython-310.pyc", O_RDONLY|O_CLOEXEC) = 17</home/szu2070436088/.conda/envs/CVS-RFFI/lib/python3.10/site-packages/sympy/functions/special/__pycache__/tensor_functions.cpython-310.pyc>
1890493 openat(AT_FDCWD</home/szu2070436088/2510044040/CV-SincNet>, "/home/szu2070436088/.conda/envs/CVS-RFFI/lib/python3.10/site-packages/sympy/functions/special/__pycache__/singularity_functions.cpython-310.pyc", O_RDONLY|O_CLOEXEC) = 17</home/szu2070436088/.conda/envs/CVS-RFFI/lib/python3.10/site-packages/sympy/functions/special/__pycache__/singularity_functions.cpython-310.pyc>
1890493 openat(AT_FDCWD</home/szu2070436088/2510044040/CV-SincNet>, "/home/szu2070436088/.conda/envs/CVS-RFFI/lib/python3.10/site-packages/sympy/functions/special/__pycache__/delta_functions.cpython-310.pyc", O_RDONLY|O_CLOEXEC) = 17</home/szu2070436088/.conda/envs/CVS-RFFI/lib/python3.10/site-packages/sympy/functions/special/__pycache__/delta_functions.cpython-310.pyc>
1890493 openat(AT_FDCWD</home/szu2070436088/2510044040/CV-SincNet>, "/home/szu2070436088/.conda/envs/CVS-RFFI/lib/python3.10/site-packages/sympy/polys/__pycache__/polyroots.cpython-310.pyc", O_RDONLY|O_CLOEXEC) = 17</home/szu2070436088/.conda/envs/CVS-RFFI/lib/python3.10/site-packages/sympy/polys/__pycache__/polyroots.cpython-310.pyc>
1890493 openat(AT_FDCWD</home/szu2070436088/2510044040/CV-SincNet>, "/home/szu2070436088/.conda/envs/CVS-RFFI/lib/python3.10/site-packages/sympy/polys/__pycache__/polyquinticconst.cpython-310.pyc", O_RDONLY|O_CLOEXEC) = 17</home/szu2070436088/.conda/envs/CVS-RFFI/lib/python3.10/site-packages/sympy/polys/__pycache__/polyquinticconst.cpython-310.pyc>
1890493 openat(AT_FDCWD</home/szu2070436088/2510044040/CV-SincNet>, "/home/szu2070436088/.conda/envs/CVS-RFFI/lib/python3.10/site-packages/sympy/functions/special/__pycache__/bsplines.cpython-310.pyc", O_RDONLY|O_CLOEXEC) = 17</home/szu2070436088/.conda/envs/CVS-RFFI/lib/python3.10/site-packages/sympy/functions/special/__pycache__/bsplines.cpython-310.pyc>
1890493 openat(AT_FDCWD</home/szu2070436088/2510044040/CV-SincNet>, "/home/szu2070436088/.conda/envs/CVS-RFFI/lib/python3.10/site-packages/sympy/sets/__pycache__/__init__.cpython-310.pyc", O_RDONLY|O_CLOEXEC) = 17</home/szu2070436088/.conda/envs/CVS-RFFI/lib/python3.10/site-packages/sympy/sets/__pycache__/__init__.cpython-310.pyc>
1890493 openat(AT_FDCWD</home/szu2070436088/2510044040/CV-SincNet>, "/home/szu2070436088/.conda/envs/CVS-RFFI/lib/python3.10/site-packages/sympy/sets", O_RDONLY|O_NONBLOCK|O_CLOEXEC|O_DIRECTORY) = 17</home/szu2070436088/.conda/envs/CVS-RFFI/lib/python3.10/site-packages/sympy/sets>
1890493 openat(AT_FDCWD</home/szu2070436088/2510044040/CV-SincNet>, "/home/szu2070436088/.conda/envs/CVS-RFFI/lib/python3.10/site-packages/sympy/sets/__pycache__/sets.cpython-310.pyc", O_RDONLY|O_CLOEXEC) = 17</home/szu2070436088/.conda/envs/CVS-RFFI/lib/python3.10/site-packages/sympy/sets/__pycache__/sets.cpython-310.pyc>
1890493 openat(AT_FDCWD</home/szu2070436088/2510044040/CV-SincNet>, "/home/szu2070436088/.conda/envs/CVS-RFFI/lib/python3.10/site-packages/sympy/sets/__pycache__/fancysets.cpython-310.pyc", O_RDONLY|O_CLOEXEC) = 17</home/szu2070436088/.conda/envs/CVS-RFFI/lib/python3.10/site-packages/sympy/sets/__pycache__/fancysets.cpython-310.pyc>
1890493 openat(AT_FDCWD</home/szu2070436088/2510044040/CV-SincNet>, "/home/szu2070436088/.conda/envs/CVS-RFFI/lib/python3.10/site-packages/sympy/sets/__pycache__/contains.cpython-310.pyc", O_RDONLY|O_CLOEXEC) = 17</home/szu2070436088/.conda/envs/CVS-RFFI/lib/python3.10/site-packages/sympy/sets/__pycache__/contains.cpython-310.pyc>
1890493 openat(AT_FDCWD</home/szu2070436088/2510044040/CV-SincNet>, "/home/szu2070436088/.conda/envs/CVS-RFFI/lib/python3.10/site-packages/sympy/sets/__pycache__/conditionset.cpython-310.pyc", O_RDONLY|O_CLOEXEC) = 17</home/szu2070436088/.conda/envs/CVS-RFFI/lib/python3.10/site-packages/sympy/sets/__pycache__/conditionset.cpython-310.pyc>
1890493 openat(AT_FDCWD</home/szu2070436088/2510044040/CV-SincNet>, "/home/szu2070436088/.conda/envs/CVS-RFFI/lib/python3.10/site-packages/sympy/sets/__pycache__/ordinals.cpython-310.pyc", O_RDONLY|O_CLOEXEC) = 17</home/szu2070436088/.conda/envs/CVS-RFFI/lib/python3.10/site-packages/sympy/sets/__pycache__/ordinals.cpython-310.pyc>
1890493 openat(AT_FDCWD</home/szu2070436088/2510044040/CV-SincNet>, "/home/szu2070436088/.conda/envs/CVS-RFFI/lib/python3.10/site-packages/sympy/sets/__pycache__/powerset.cpython-310.pyc", O_RDONLY|O_CLOEXEC) = 17</home/szu2070436088/.conda/envs/CVS-RFFI/lib/python3.10/site-packages/sympy/sets/__pycache__/powerset.cpython-310.pyc>
1890493 openat(AT_FDCWD</home/szu2070436088/2510044040/CV-SincNet>, "/home/szu2070436088/.conda/envs/CVS-RFFI/lib/python3.10/site-packages/sympy/sets/handlers/__pycache__/__init__.cpython-310.pyc", O_RDONLY|O_CLOEXEC) = 17</home/szu2070436088/.conda/envs/CVS-RFFI/lib/python3.10/site-packages/sympy/sets/handlers/__pycache__/__init__.cpython-310.pyc>
1890493 openat(AT_FDCWD</home/szu2070436088/2510044040/CV-SincNet>, "/home/szu2070436088/.conda/envs/CVS-RFFI/lib/python3.10/site-packages/sympy/sets/handlers", O_RDONLY|O_NONBLOCK|O_CLOEXEC|O_DIRECTORY) = 17</home/szu2070436088/.conda/envs/CVS-RFFI/lib/python3.10/site-packages/sympy/sets/handlers>
1890493 openat(AT_FDCWD</home/szu2070436088/2510044040/CV-SincNet>, "/home/szu2070436088/.conda/envs/CVS-RFFI/lib/python3.10/site-packages/sympy/sets/handlers/__pycache__/comparison.cpython-310.pyc", O_RDONLY|O_CLOEXEC) = 17</home/szu2070436088/.conda/envs/CVS-RFFI/lib/python3.10/site-packages/sympy/sets/handlers/__pycache__/comparison.cpython-310.pyc>
1890493 openat(AT_FDCWD</home/szu2070436088/2510044040/CV-SincNet>, "/home/szu2070436088/.conda/envs/CVS-RFFI/lib/python3.10/site-packages/sympy/functions/special/__pycache__/bessel.cpython-310.pyc", O_RDONLY|O_CLOEXEC) = 17</home/szu2070436088/.conda/envs/CVS-RFFI/lib/python3.10/site-packages/sympy/functions/special/__pycache__/bessel.cpython-310.pyc>
1890493 openat(AT_FDCWD</home/szu2070436088/2510044040/CV-SincNet>, "/home/szu2070436088/.conda/envs/CVS-RFFI/lib/python3.10/site-packages/sympy/polys/__pycache__/orthopolys.cpython-310.pyc", O_RDONLY|O_CLOEXEC) = 17</home/szu2070436088/.conda/envs/CVS-RFFI/lib/python3.10/site-packages/sympy/polys/__pycache__/orthopolys.cpython-310.pyc>
1890493 openat(AT_FDCWD</home/szu2070436088/2510044040/CV-SincNet>, "/home/szu2070436088/.conda/envs/CVS-RFFI/lib/python3.10/site-packages/sympy/functions/special/__pycache__/polynomials.cpython-310.pyc", O_RDONLY|O_CLOEXEC) = 17</home/szu2070436088/.conda/envs/CVS-RFFI/lib/python3.10/site-packages/sympy/functions/special/__pycache__/polynomials.cpython-310.pyc>
1890493 openat(AT_FDCWD</home/szu2070436088/2510044040/CV-SincNet>, "/home/szu2070436088/.conda/envs/CVS-RFFI/lib/python3.10/site-packages/sympy/functions/special/__pycache__/spherical_harmonics.cpython-310.pyc", O_RDONLY|O_CLOEXEC) = 17</home/szu2070436088/.conda/envs/CVS-RFFI/lib/python3.10/site-packages/sympy/functions/special/__pycache__/spherical_harmonics.cpython-310.pyc>
1890493 openat(AT_FDCWD</home/szu2070436088/2510044040/CV-SincNet>, "/home/szu2070436088/.conda/envs/CVS-RFFI/lib/python3.10/site-packages/sympy/functions/special/__pycache__/elliptic_integrals.cpython-310.pyc", O_RDONLY|O_CLOEXEC) = 17</home/szu2070436088/.conda/envs/CVS-RFFI/lib/python3.10/site-packages/sympy/functions/special/__pycache__/elliptic_integrals.cpython-310.pyc>
1890493 openat(AT_FDCWD</home/szu2070436088/2510044040/CV-SincNet>, "/home/szu2070436088/.conda/envs/CVS-RFFI/lib/python3.10/site-packages/sympy/functions/special/__pycache__/beta_functions.cpython-310.pyc", O_RDONLY|O_CLOEXEC) = 17</home/szu2070436088/.conda/envs/CVS-RFFI/lib/python3.10/site-packages/sympy/functions/special/__pycache__/beta_functions.cpython-310.pyc>
1890493 openat(AT_FDCWD</home/szu2070436088/2510044040/CV-SincNet>, "/home/szu2070436088/.conda/envs/CVS-RFFI/lib/python3.10/site-packages/sympy/functions/special/__pycache__/mathieu_functions.cpython-310.pyc", O_RDONLY|O_CLOEXEC) = 17</home/szu2070436088/.conda/envs/CVS-RFFI/lib/python3.10/site-packages/sympy/functions/special/__pycache__/mathieu_functions.cpython-310.pyc>
1890493 openat(AT_FDCWD</home/szu2070436088/2510044040/CV-SincNet>, "/home/szu2070436088/.conda/envs/CVS-RFFI/lib/python3.10/site-packages/sympy/printing/__pycache__/smtlib.cpython-310.pyc", O_RDONLY|O_CLOEXEC) = 17</home/szu2070436088/.conda/envs/CVS-RFFI/lib/python3.10/site-packages/sympy/printing/__pycache__/smtlib.cpython-310.pyc>
1890493 openat(AT_FDCWD</home/szu2070436088/2510044040/CV-SincNet>, "/home/szu2070436088/.conda/envs/CVS-RFFI/lib/python3.10/site-packages/sympy/assumptions/relation/__pycache__/equality.cpython-310.pyc", O_RDONLY|O_CLOEXEC) = 17</home/szu2070436088/.conda/envs/CVS-RFFI/lib/python3.10/site-packages/sympy/assumptions/relation/__pycache__/equality.cpython-310.pyc>
1890493 openat(AT_FDCWD</home/szu2070436088/2510044040/CV-SincNet>, "/home/szu2070436088/.conda/envs/CVS-RFFI/lib/python3.10/site-packages/sympy/printing/__pycache__/glsl.cpython-310.pyc", O_RDONLY|O_CLOEXEC) = 17</home/szu2070436088/.conda/envs/CVS-RFFI/lib/python3.10/site-packages/sympy/printing/__pycache__/glsl.cpython-310.pyc>
1890493 openat(AT_FDCWD</home/szu2070436088/2510044040/CV-SincNet>, "/home/szu2070436088/.conda/envs/CVS-RFFI/lib/python3.10/site-packages/sympy/printing/__pycache__/rcode.cpython-310.pyc", O_RDONLY|O_CLOEXEC) = 17</home/szu2070436088/.conda/envs/CVS-RFFI/lib/python3.10/site-packages/sympy/printing/__pycache__/rcode.cpython-310.pyc>
1890493 openat(AT_FDCWD</home/szu2070436088/2510044040/CV-SincNet>, "/home/szu2070436088/.conda/envs/CVS-RFFI/lib/python3.10/site-packages/sympy/printing/__pycache__/jscode.cpython-310.pyc", O_RDONLY|O_CLOEXEC) = 17</home/szu2070436088/.conda/envs/CVS-RFFI/lib/python3.10/site-packages/sympy/printing/__pycache__/jscode.cpython-310.pyc>
1890493 openat(AT_FDCWD</home/szu2070436088/2510044040/CV-SincNet>, "/home/szu2070436088/.conda/envs/CVS-RFFI/lib/python3.10/site-packages/sympy/printing/__pycache__/julia.cpython-310.pyc", O_RDONLY|O_CLOEXEC) = 17</home/szu2070436088/.conda/envs/CVS-RFFI/lib/python3.10/site-packages/sympy/printing/__pycache__/julia.cpython-310.pyc>
1890493 openat(AT_FDCWD</home/szu2070436088/2510044040/CV-SincNet>, "/home/szu2070436088/.conda/envs/CVS-RFFI/lib/python3.10/site-packages/sympy/printing/__pycache__/mathematica.cpython-310.pyc", O_RDONLY|O_CLOEXEC) = 17</home/szu2070436088/.conda/envs/CVS-RFFI/lib/python3.10/site-packages/sympy/printing/__pycache__/mathematica.cpython-310.pyc>
1890493 openat(AT_FDCWD</home/szu2070436088/2510044040/CV-SincNet>, "/home/szu2070436088/.conda/envs/CVS-RFFI/lib/python3.10/site-packages/sympy/printing/__pycache__/octave.cpython-310.pyc", O_RDONLY|O_CLOEXEC) = 17</home/szu2070436088/.conda/envs/CVS-RFFI/lib/python3.10/site-packages/sympy/printing/__pycache__/octave.cpython-310.pyc>
1890493 openat(AT_FDCWD</home/szu2070436088/2510044040/CV-SincNet>, "/home/szu2070436088/.conda/envs/CVS-RFFI/lib/python3.10/site-packages/sympy/printing/__pycache__/gtk.cpython-310.pyc", O_RDONLY|O_CLOEXEC) = 17</home/szu2070436088/.conda/envs/CVS-RFFI/lib/python3.10/site-packages/sympy/printing/__pycache__/gtk.cpython-310.pyc>
1890493 openat(AT_FDCWD</home/szu2070436088/2510044040/CV-SincNet>, "/home/szu2070436088/.conda/envs/CVS-RFFI/lib/python3.10/site-packages/sympy/utilities/mathml/__pycache__/__init__.cpython-310.pyc", O_RDONLY|O_CLOEXEC) = 17</home/szu2070436088/.conda/envs/CVS-RFFI/lib/python3.10/site-packages/sympy/utilities/mathml/__pycache__/__init__.cpython-310.pyc>
1890493 openat(AT_FDCWD</home/szu2070436088/2510044040/CV-SincNet>, "/home/szu2070436088/.conda/envs/CVS-RFFI/lib/python3.10/site-packages/sympy/printing/__pycache__/preview.cpython-310.pyc", O_RDONLY|O_CLOEXEC) = 17</home/szu2070436088/.conda/envs/CVS-RFFI/lib/python3.10/site-packages/sympy/printing/__pycache__/preview.cpython-310.pyc>
1890493 openat(AT_FDCWD</home/szu2070436088/2510044040/CV-SincNet>, "/home/szu2070436088/.conda/envs/CVS-RFFI/lib/python3.10/site-packages/sympy/printing/__pycache__/tree.cpython-310.pyc", O_RDONLY|O_CLOEXEC) = 17</home/szu2070436088/.conda/envs/CVS-RFFI/lib/python3.10/site-packages/sympy/printing/__pycache__/tree.cpython-310.pyc>
1890493 openat(AT_FDCWD</home/szu2070436088/2510044040/CV-SincNet>, "/home/szu2070436088/.conda/envs/CVS-RFFI/lib/python3.10/site-packages/sympy/printing/__pycache__/tableform.cpython-310.pyc", O_RDONLY|O_CLOEXEC) = 17</home/szu2070436088/.conda/envs/CVS-RFFI/lib/python3.10/site-packages/sympy/printing/__pycache__/tableform.cpython-310.pyc>
1890493 openat(AT_FDCWD</home/szu2070436088/2510044040/CV-SincNet>, "/home/szu2070436088/.conda/envs/CVS-RFFI/lib/python3.10/site-packages/sympy/printing/__pycache__/dot.cpython-310.pyc", O_RDONLY|O_CLOEXEC) = 17</home/szu2070436088/.conda/envs/CVS-RFFI/lib/python3.10/site-packages/sympy/printing/__pycache__/dot.cpython-310.pyc>
1890493 openat(AT_FDCWD</home/szu2070436088/2510044040/CV-SincNet>, "/home/szu2070436088/.conda/envs/CVS-RFFI/lib/python3.10/site-packages/sympy/printing/__pycache__/maple.cpython-310.pyc", O_RDONLY|O_CLOEXEC) = 17</home/szu2070436088/.conda/envs/CVS-RFFI/lib/python3.10/site-packages/sympy/printing/__pycache__/maple.cpython-310.pyc>
1890493 openat(AT_FDCWD</home/szu2070436088/2510044040/CV-SincNet>, "/home/szu2070436088/.conda/envs/CVS-RFFI/lib/python3.10/site-packages/sympy/printing/__pycache__/defaults.cpython-310.pyc", O_RDONLY|O_CLOEXEC) = 17</home/szu2070436088/.conda/envs/CVS-RFFI/lib/python3.10/site-packages/sympy/printing/__pycache__/defaults.cpython-310.pyc>
1890493 openat(AT_FDCWD</home/szu2070436088/2510044040/CV-SincNet>, "/home/szu2070436088/.conda/envs/CVS-RFFI/lib/python3.10/site-packages/sympy/utilities/__pycache__/magic.cpython-310.pyc", O_RDONLY|O_CLOEXEC) = 17</home/szu2070436088/.conda/envs/CVS-RFFI/lib/python3.10/site-packages/sympy/utilities/__pycache__/magic.cpython-310.pyc>
1890493 openat(AT_FDCWD</home/szu2070436088/2510044040/CV-SincNet>, "/home/szu2070436088/.conda/envs/CVS-RFFI/lib/python3.10/site-packages/sympy/polys/numberfields/__pycache__/__init__.cpython-310.pyc", O_RDONLY|O_CLOEXEC) = 17</home/szu2070436088/.conda/envs/CVS-RFFI/lib/python3.10/site-packages/sympy/polys/numberfields/__pycache__/__init__.cpython-310.pyc>
1890493 openat(AT_FDCWD</home/szu2070436088/2510044040/CV-SincNet>, "/home/szu2070436088/.conda/envs/CVS-RFFI/lib/python3.10/site-packages/sympy/polys/numberfields", O_RDONLY|O_NONBLOCK|O_CLOEXEC|O_DIRECTORY) = 17</home/szu2070436088/.conda/envs/CVS-RFFI/lib/python3.10/site-packages/sympy/polys/numberfields>
1890493 openat(AT_FDCWD</home/szu2070436088/2510044040/CV-SincNet>, "/home/szu2070436088/.conda/envs/CVS-RFFI/lib/python3.10/site-packages/sympy/polys/numberfields/__pycache__/minpoly.cpython-310.pyc", O_RDONLY|O_CLOEXEC) = 17</home/szu2070436088/.conda/envs/CVS-RFFI/lib/python3.10/site-packages/sympy/polys/numberfields/__pycache__/minpoly.cpython-310.pyc>
1890493 openat(AT_FDCWD</home/szu2070436088/2510044040/CV-SincNet>, "/home/szu2070436088/.conda/envs/CVS-RFFI/lib/python3.10/site-packages/sympy/polys/__pycache__/ring_series.cpython-310.pyc", O_RDONLY|O_CLOEXEC) = 17</home/szu2070436088/.conda/envs/CVS-RFFI/lib/python3.10/site-packages/sympy/polys/__pycache__/ring_series.cpython-310.pyc>
1890493 openat(AT_FDCWD</home/szu2070436088/2510044040/CV-SincNet>, "/home/szu2070436088/.conda/envs/CVS-RFFI/lib/python3.10/site-packages/sympy/polys/__pycache__/puiseux.cpython-310.pyc", O_RDONLY|O_CLOEXEC) = 17</home/szu2070436088/.conda/envs/CVS-RFFI/lib/python3.10/site-packages/sympy/polys/__pycache__/puiseux.cpython-310.pyc>
1890493 openat(AT_FDCWD</home/szu2070436088/2510044040/CV-SincNet>, "/home/szu2070436088/.conda/envs/CVS-RFFI/lib/python3.10/site-packages/sympy/polys/__pycache__/rootoftools.cpython-310.pyc", O_RDONLY|O_CLOEXEC) = 17</home/szu2070436088/.conda/envs/CVS-RFFI/lib/python3.10/site-packages/sympy/polys/__pycache__/rootoftools.cpython-310.pyc>
1890493 openat(AT_FDCWD</home/szu2070436088/2510044040/CV-SincNet>, "/home/szu2070436088/.conda/envs/CVS-RFFI/lib/python3.10/site-packages/sympy/polys/numberfields/__pycache__/subfield.cpython-310.pyc", O_RDONLY|O_CLOEXEC) = 17</home/szu2070436088/.conda/envs/CVS-RFFI/lib/python3.10/site-packages/sympy/polys/numberfields/__pycache__/subfield.cpython-310.pyc>
1890493 openat(AT_FDCWD</home/szu2070436088/2510044040/CV-SincNet>, "/home/szu2070436088/.conda/envs/CVS-RFFI/lib/python3.10/site-packages/sympy/polys/numberfields/__pycache__/utilities.cpython-310.pyc", O_RDONLY|O_CLOEXEC) = 17</home/szu2070436088/.conda/envs/CVS-RFFI/lib/python3.10/site-packages/sympy/polys/numberfields/__pycache__/utilities.cpython-310.pyc>
1890493 openat(AT_FDCWD</home/szu2070436088/2510044040/CV-SincNet>, "/home/szu2070436088/.conda/envs/CVS-RFFI/lib/python3.10/site-packages/sympy/polys/matrices/__pycache__/__init__.cpython-310.pyc", O_RDONLY|O_CLOEXEC) = 17</home/szu2070436088/.conda/envs/CVS-RFFI/lib/python3.10/site-packages/sympy/polys/matrices/__pycache__/__init__.cpython-310.pyc>
1890493 openat(AT_FDCWD</home/szu2070436088/2510044040/CV-SincNet>, "/home/szu2070436088/.conda/envs/CVS-RFFI/lib/python3.10/site-packages/sympy/polys/matrices", O_RDONLY|O_NONBLOCK|O_CLOEXEC|O_DIRECTORY) = 17</home/szu2070436088/.conda/envs/CVS-RFFI/lib/python3.10/site-packages/sympy/polys/matrices>
1890493 openat(AT_FDCWD</home/szu2070436088/2510044040/CV-SincNet>, "/home/szu2070436088/.conda/envs/CVS-RFFI/lib/python3.10/site-packages/sympy/polys/matrices/__pycache__/domainmatrix.cpython-310.pyc", O_RDONLY|O_CLOEXEC) = 17</home/szu2070436088/.conda/envs/CVS-RFFI/lib/python3.10/site-packages/sympy/polys/matrices/__pycache__/domainmatrix.cpython-310.pyc>
1890493 openat(AT_FDCWD</home/szu2070436088/2510044040/CV-SincNet>, "/home/szu2070436088/.conda/envs/CVS-RFFI/lib/python3.10/site-packages/sympy/polys/matrices/__pycache__/exceptions.cpython-310.pyc", O_RDONLY|O_CLOEXEC) = 17</home/szu2070436088/.conda/envs/CVS-RFFI/lib/python3.10/site-packages/sympy/polys/matrices/__pycache__/exceptions.cpython-310.pyc>
1890493 openat(AT_FDCWD</home/szu2070436088/2510044040/CV-SincNet>, "/home/szu2070436088/.conda/envs/CVS-RFFI/lib/python3.10/site-packages/sympy/polys/matrices/__pycache__/domainscalar.cpython-310.pyc", O_RDONLY|O_CLOEXEC) = 17</home/szu2070436088/.conda/envs/CVS-RFFI/lib/python3.10/site-packages/sympy/polys/matrices/__pycache__/domainscalar.cpython-310.pyc>
1890493 openat(AT_FDCWD</home/szu2070436088/2510044040/CV-SincNet>, "/home/szu2070436088/.conda/envs/CVS-RFFI/lib/python3.10/site-packages/sympy/polys/matrices/__pycache__/ddm.cpython-310.pyc", O_RDONLY|O_CLOEXEC) = 17</home/szu2070436088/.conda/envs/CVS-RFFI/lib/python3.10/site-packages/sympy/polys/matrices/__pycache__/ddm.cpython-310.pyc>
1890493 openat(AT_FDCWD</home/szu2070436088/2510044040/CV-SincNet>, "/home/szu2070436088/.conda/envs/CVS-RFFI/lib/python3.10/site-packages/sympy/polys/matrices/__pycache__/dense.cpython-310.pyc", O_RDONLY|O_CLOEXEC) = 17</home/szu2070436088/.conda/envs/CVS-RFFI/lib/python3.10/site-packages/sympy/polys/matrices/__pycache__/dense.cpython-310.pyc>
1890493 openat(AT_FDCWD</home/szu2070436088/2510044040/CV-SincNet>, "/home/szu2070436088/.conda/envs/CVS-RFFI/lib/python3.10/site-packages/sympy/polys/matrices/__pycache__/_typing.cpython-310.pyc", O_RDONLY|O_CLOEXEC) = 17</home/szu2070436088/.conda/envs/CVS-RFFI/lib/python3.10/site-packages/sympy/polys/matrices/__pycache__/_typing.cpython-310.pyc>
1890493 openat(AT_FDCWD</home/szu2070436088/2510044040/CV-SincNet>, "/home/szu2070436088/.conda/envs/CVS-RFFI/lib/python3.10/site-packages/sympy/polys/matrices/__pycache__/lll.cpython-310.pyc", O_RDONLY|O_CLOEXEC) = 17</home/szu2070436088/.conda/envs/CVS-RFFI/lib/python3.10/site-packages/sympy/polys/matrices/__pycache__/lll.cpython-310.pyc>
1890493 openat(AT_FDCWD</home/szu2070436088/2510044040/CV-SincNet>, "/home/szu2070436088/.conda/envs/CVS-RFFI/lib/python3.10/site-packages/sympy/polys/matrices/__pycache__/sdm.cpython-310.pyc", O_RDONLY|O_CLOEXEC) = 17</home/szu2070436088/.conda/envs/CVS-RFFI/lib/python3.10/site-packages/sympy/polys/matrices/__pycache__/sdm.cpython-310.pyc>
1890493 openat(AT_FDCWD</home/szu2070436088/2510044040/CV-SincNet>, "/home/szu2070436088/.conda/envs/CVS-RFFI/lib/python3.10/site-packages/sympy/polys/matrices/__pycache__/dfm.cpython-310.pyc", O_RDONLY|O_CLOEXEC) = 17</home/szu2070436088/.conda/envs/CVS-RFFI/lib/python3.10/site-packages/sympy/polys/matrices/__pycache__/dfm.cpython-310.pyc>
1890493 openat(AT_FDCWD</home/szu2070436088/2510044040/CV-SincNet>, "/home/szu2070436088/.conda/envs/CVS-RFFI/lib/python3.10/site-packages/sympy/polys/matrices/__pycache__/rref.cpython-310.pyc", O_RDONLY|O_CLOEXEC) = 17</home/szu2070436088/.conda/envs/CVS-RFFI/lib/python3.10/site-packages/sympy/polys/matrices/__pycache__/rref.cpython-310.pyc>
1890493 openat(AT_FDCWD</home/szu2070436088/2510044040/CV-SincNet>, "/home/szu2070436088/.conda/envs/CVS-RFFI/lib/python3.10/site-packages/sympy/printing/__pycache__/lambdarepr.cpython-310.pyc", O_RDONLY|O_CLOEXEC) = 17</home/szu2070436088/.conda/envs/CVS-RFFI/lib/python3.10/site-packages/sympy/printing/__pycache__/lambdarepr.cpython-310.pyc>
1890493 openat(AT_FDCWD</home/szu2070436088/2510044040/CV-SincNet>, "/home/szu2070436088/.conda/envs/CVS-RFFI/lib/python3.10/site-packages/sympy/printing/__pycache__/numpy.cpython-310.pyc", O_RDONLY|O_CLOEXEC) = 17</home/szu2070436088/.conda/envs/CVS-RFFI/lib/python3.10/site-packages/sympy/printing/__pycache__/numpy.cpython-310.pyc>
1890493 openat(AT_FDCWD</home/szu2070436088/2510044040/CV-SincNet>, "/home/szu2070436088/.conda/envs/CVS-RFFI/lib/python3.10/site-packages/sympy/polys/numberfields/__pycache__/basis.cpython-310.pyc", O_RDONLY|O_CLOEXEC) = 17</home/szu2070436088/.conda/envs/CVS-RFFI/lib/python3.10/site-packages/sympy/polys/numberfields/__pycache__/basis.cpython-310.pyc>
1890493 openat(AT_FDCWD</home/szu2070436088/2510044040/CV-SincNet>, "/home/szu2070436088/.conda/envs/CVS-RFFI/lib/python3.10/site-packages/sympy/polys/numberfields/__pycache__/modules.cpython-310.pyc", O_RDONLY|O_CLOEXEC) = 17</home/szu2070436088/.conda/envs/CVS-RFFI/lib/python3.10/site-packages/sympy/polys/numberfields/__pycache__/modules.cpython-310.pyc>
1890493 openat(AT_FDCWD</home/szu2070436088/2510044040/CV-SincNet>, "/home/szu2070436088/.conda/envs/CVS-RFFI/lib/python3.10/site-packages/sympy/polys/matrices/__pycache__/normalforms.cpython-310.pyc", O_RDONLY|O_CLOEXEC) = 17</home/szu2070436088/.conda/envs/CVS-RFFI/lib/python3.10/site-packages/sympy/polys/matrices/__pycache__/normalforms.cpython-310.pyc>
1890493 openat(AT_FDCWD</home/szu2070436088/2510044040/CV-SincNet>, "/home/szu2070436088/.conda/envs/CVS-RFFI/lib/python3.10/site-packages/sympy/polys/numberfields/__pycache__/exceptions.cpython-310.pyc", O_RDONLY|O_CLOEXEC) = 17</home/szu2070436088/.conda/envs/CVS-RFFI/lib/python3.10/site-packages/sympy/polys/numberfields/__pycache__/exceptions.cpython-310.pyc>
1890493 openat(AT_FDCWD</home/szu2070436088/2510044040/CV-SincNet>, "/home/szu2070436088/.conda/envs/CVS-RFFI/lib/python3.10/site-packages/sympy/polys/numberfields/__pycache__/primes.cpython-310.pyc", O_RDONLY|O_CLOEXEC) = 17</home/szu2070436088/.conda/envs/CVS-RFFI/lib/python3.10/site-packages/sympy/polys/numberfields/__pycache__/primes.cpython-310.pyc>
1890493 openat(AT_FDCWD</home/szu2070436088/2510044040/CV-SincNet>, "/home/szu2070436088/.conda/envs/CVS-RFFI/lib/python3.10/site-packages/sympy/polys/numberfields/__pycache__/galoisgroups.cpython-310.pyc", O_RDONLY|O_CLOEXEC) = 17</home/szu2070436088/.conda/envs/CVS-RFFI/lib/python3.10/site-packages/sympy/polys/numberfields/__pycache__/galoisgroups.cpython-310.pyc>
1890493 openat(AT_FDCWD</home/szu2070436088/2510044040/CV-SincNet>, "/home/szu2070436088/.conda/envs/CVS-RFFI/lib/python3.10/site-packages/sympy/polys/numberfields/__pycache__/galois_resolvents.cpython-310.pyc", O_RDONLY|O_CLOEXEC) = 17</home/szu2070436088/.conda/envs/CVS-RFFI/lib/python3.10/site-packages/sympy/polys/numberfields/__pycache__/galois_resolvents.cpython-310.pyc>
1890493 openat(AT_FDCWD</home/szu2070436088/2510044040/CV-SincNet>, "/home/szu2070436088/.conda/envs/CVS-RFFI/lib/python3.10/site-packages/sympy/polys/__pycache__/partfrac.cpython-310.pyc", O_RDONLY|O_CLOEXEC) = 17</home/szu2070436088/.conda/envs/CVS-RFFI/lib/python3.10/site-packages/sympy/polys/__pycache__/partfrac.cpython-310.pyc>
1890493 openat(AT_FDCWD</home/szu2070436088/2510044040/CV-SincNet>, "/home/szu2070436088/.conda/envs/CVS-RFFI/lib/python3.10/site-packages/sympy/matrices/__pycache__/__init__.cpython-310.pyc", O_RDONLY|O_CLOEXEC) = 17</home/szu2070436088/.conda/envs/CVS-RFFI/lib/python3.10/site-packages/sympy/matrices/__pycache__/__init__.cpython-310.pyc>
1890493 openat(AT_FDCWD</home/szu2070436088/2510044040/CV-SincNet>, "/home/szu2070436088/.conda/envs/CVS-RFFI/lib/python3.10/site-packages/sympy/matrices", O_RDONLY|O_NONBLOCK|O_CLOEXEC|O_DIRECTORY) = 17</home/szu2070436088/.conda/envs/CVS-RFFI/lib/python3.10/site-packages/sympy/matrices>
1890493 openat(AT_FDCWD</home/szu2070436088/2510044040/CV-SincNet>, "/home/szu2070436088/.conda/envs/CVS-RFFI/lib/python3.10/site-packages/sympy/matrices/__pycache__/exceptions.cpython-310.pyc", O_RDONLY|O_CLOEXEC) = 17</home/szu2070436088/.conda/envs/CVS-RFFI/lib/python3.10/site-packages/sympy/matrices/__pycache__/exceptions.cpython-310.pyc>
1890493 openat(AT_FDCWD</home/szu2070436088/2510044040/CV-SincNet>, "/home/szu2070436088/.conda/envs/CVS-RFFI/lib/python3.10/site-packages/sympy/matrices/__pycache__/kind.cpython-310.pyc", O_RDONLY|O_CLOEXEC) = 17</home/szu2070436088/.conda/envs/CVS-RFFI/lib/python3.10/site-packages/sympy/matrices/__pycache__/kind.cpython-310.pyc>
1890493 openat(AT_FDCWD</home/szu2070436088/2510044040/CV-SincNet>, "/home/szu2070436088/.conda/envs/CVS-RFFI/lib/python3.10/site-packages/sympy/matrices/__pycache__/dense.cpython-310.pyc", O_RDONLY|O_CLOEXEC) = 17</home/szu2070436088/.conda/envs/CVS-RFFI/lib/python3.10/site-packages/sympy/matrices/__pycache__/dense.cpython-310.pyc>
1890493 openat(AT_FDCWD</home/szu2070436088/2510044040/CV-SincNet>, "/home/szu2070436088/.conda/envs/CVS-RFFI/lib/python3.10/site-packages/sympy/matrices/__pycache__/decompositions.cpython-310.pyc", O_RDONLY|O_CLOEXEC) = 17</home/szu2070436088/.conda/envs/CVS-RFFI/lib/python3.10/site-packages/sympy/matrices/__pycache__/decompositions.cpython-310.pyc>
1890493 openat(AT_FDCWD</home/szu2070436088/2510044040/CV-SincNet>, "/home/szu2070436088/.conda/envs/CVS-RFFI/lib/python3.10/site-packages/sympy/matrices/__pycache__/utilities.cpython-310.pyc", O_RDONLY|O_CLOEXEC) = 17</home/szu2070436088/.conda/envs/CVS-RFFI/lib/python3.10/site-packages/sympy/matrices/__pycache__/utilities.cpython-310.pyc>
1890493 openat(AT_FDCWD</home/szu2070436088/2510044040/CV-SincNet>, "/home/szu2070436088/.conda/envs/CVS-RFFI/lib/python3.10/site-packages/sympy/matrices/__pycache__/determinant.cpython-310.pyc", O_RDONLY|O_CLOEXEC) = 17</home/szu2070436088/.conda/envs/CVS-RFFI/lib/python3.10/site-packages/sympy/matrices/__pycache__/determinant.cpython-310.pyc>
1890493 openat(AT_FDCWD</home/szu2070436088/2510044040/CV-SincNet>, "/home/szu2070436088/.conda/envs/CVS-RFFI/lib/python3.10/site-packages/sympy/matrices/__pycache__/matrixbase.cpython-310.pyc", O_RDONLY|O_CLOEXEC) = 17</home/szu2070436088/.conda/envs/CVS-RFFI/lib/python3.10/site-packages/sympy/matrices/__pycache__/matrixbase.cpython-310.pyc>
1890493 openat(AT_FDCWD</home/szu2070436088/2510044040/CV-SincNet>, "/home/szu2070436088/.conda/envs/CVS-RFFI/lib/python3.10/site-packages/sympy/tensor/__pycache__/__init__.cpython-310.pyc", O_RDONLY|O_CLOEXEC) = 17</home/szu2070436088/.conda/envs/CVS-RFFI/lib/python3.10/site-packages/sympy/tensor/__pycache__/__init__.cpython-310.pyc>
1890493 openat(AT_FDCWD</home/szu2070436088/2510044040/CV-SincNet>, "/home/szu2070436088/.conda/envs/CVS-RFFI/lib/python3.10/site-packages/sympy/tensor", O_RDONLY|O_NONBLOCK|O_CLOEXEC|O_DIRECTORY) = 17</home/szu2070436088/.conda/envs/CVS-RFFI/lib/python3.10/site-packages/sympy/tensor>
1890493 openat(AT_FDCWD</home/szu2070436088/2510044040/CV-SincNet>, "/home/szu2070436088/.conda/envs/CVS-RFFI/lib/python3.10/site-packages/sympy/tensor/__pycache__/indexed.cpython-310.pyc", O_RDONLY|O_CLOEXEC) = 17</home/szu2070436088/.conda/envs/CVS-RFFI/lib/python3.10/site-packages/sympy/tensor/__pycache__/indexed.cpython-310.pyc>
1890493 openat(AT_FDCWD</home/szu2070436088/2510044040/CV-SincNet>, "/home/szu2070436088/.conda/envs/CVS-RFFI/lib/python3.10/site-packages/sympy/tensor/__pycache__/index_methods.cpython-310.pyc", O_RDONLY|O_CLOEXEC) = 17</home/szu2070436088/.conda/envs/CVS-RFFI/lib/python3.10/site-packages/sympy/tensor/__pycache__/index_methods.cpython-310.pyc>
1890493 openat(AT_FDCWD</home/szu2070436088/2510044040/CV-SincNet>, "/home/szu2070436088/.conda/envs/CVS-RFFI/lib/python3.10/site-packages/sympy/tensor/__pycache__/functions.cpython-310.pyc", O_RDONLY|O_CLOEXEC) = 17</home/szu2070436088/.conda/envs/CVS-RFFI/lib/python3.10/site-packages/sympy/tensor/__pycache__/functions.cpython-310.pyc>
1890493 openat(AT_FDCWD</home/szu2070436088/2510044040/CV-SincNet>, "/home/szu2070436088/.conda/envs/CVS-RFFI/lib/python3.10/site-packages/sympy/tensor/array/__pycache__/__init__.cpython-310.pyc", O_RDONLY|O_CLOEXEC) = 17</home/szu2070436088/.conda/envs/CVS-RFFI/lib/python3.10/site-packages/sympy/tensor/array/__pycache__/__init__.cpython-310.pyc>
1890493 openat(AT_FDCWD</home/szu2070436088/2510044040/CV-SincNet>, "/home/szu2070436088/.conda/envs/CVS-RFFI/lib/python3.10/site-packages/sympy/tensor/array", O_RDONLY|O_NONBLOCK|O_CLOEXEC|O_DIRECTORY) = 17</home/szu2070436088/.conda/envs/CVS-RFFI/lib/python3.10/site-packages/sympy/tensor/array>
1890493 openat(AT_FDCWD</home/szu2070436088/2510044040/CV-SincNet>, "/home/szu2070436088/.conda/envs/CVS-RFFI/lib/python3.10/site-packages/sympy/tensor/array/__pycache__/dense_ndim_array.cpython-310.pyc", O_RDONLY|O_CLOEXEC) = 17</home/szu2070436088/.conda/envs/CVS-RFFI/lib/python3.10/site-packages/sympy/tensor/array/__pycache__/dense_ndim_array.cpython-310.pyc>
1890493 openat(AT_FDCWD</home/szu2070436088/2510044040/CV-SincNet>, "/home/szu2070436088/.conda/envs/CVS-RFFI/lib/python3.10/site-packages/sympy/tensor/array/__pycache__/mutable_ndim_array.cpython-310.pyc", O_RDONLY|O_CLOEXEC) = 17</home/szu2070436088/.conda/envs/CVS-RFFI/lib/python3.10/site-packages/sympy/tensor/array/__pycache__/mutable_ndim_array.cpython-310.pyc>
1890493 openat(AT_FDCWD</home/szu2070436088/2510044040/CV-SincNet>, "/home/szu2070436088/.conda/envs/CVS-RFFI/lib/python3.10/site-packages/sympy/tensor/array/__pycache__/ndim_array.cpython-310.pyc", O_RDONLY|O_CLOEXEC) = 17</home/szu2070436088/.conda/envs/CVS-RFFI/lib/python3.10/site-packages/sympy/tensor/array/__pycache__/ndim_array.cpython-310.pyc>
1890493 openat(AT_FDCWD</home/szu2070436088/2510044040/CV-SincNet>, "/home/szu2070436088/.conda/envs/CVS-RFFI/lib/python3.10/site-packages/sympy/tensor/array/__pycache__/sparse_ndim_array.cpython-310.pyc", O_RDONLY|O_CLOEXEC) = 17</home/szu2070436088/.conda/envs/CVS-RFFI/lib/python3.10/site-packages/sympy/tensor/array/__pycache__/sparse_ndim_array.cpython-310.pyc>
1890493 openat(AT_FDCWD</home/szu2070436088/2510044040/CV-SincNet>, "/home/szu2070436088/.conda/envs/CVS-RFFI/lib/python3.10/site-packages/sympy/tensor/array/__pycache__/arrayop.cpython-310.pyc", O_RDONLY|O_CLOEXEC) = 17</home/szu2070436088/.conda/envs/CVS-RFFI/lib/python3.10/site-packages/sympy/tensor/array/__pycache__/arrayop.cpython-310.pyc>
1890493 openat(AT_FDCWD</home/szu2070436088/2510044040/CV-SincNet>, "/home/szu2070436088/.conda/envs/CVS-RFFI/lib/python3.10/site-packages/sympy/tensor/array/__pycache__/array_comprehension.cpython-310.pyc", O_RDONLY|O_CLOEXEC) = 17</home/szu2070436088/.conda/envs/CVS-RFFI/lib/python3.10/site-packages/sympy/tensor/array/__pycache__/array_comprehension.cpython-310.pyc>
1890493 openat(AT_FDCWD</home/szu2070436088/2510044040/CV-SincNet>, "/home/szu2070436088/.conda/envs/CVS-RFFI/lib/python3.10/site-packages/sympy/matrices/__pycache__/reductions.cpython-310.pyc", O_RDONLY|O_CLOEXEC) = 17</home/szu2070436088/.conda/envs/CVS-RFFI/lib/python3.10/site-packages/sympy/matrices/__pycache__/reductions.cpython-310.pyc>
1890493 openat(AT_FDCWD</home/szu2070436088/2510044040/CV-SincNet>, "/home/szu2070436088/.conda/envs/CVS-RFFI/lib/python3.10/site-packages/sympy/matrices/__pycache__/solvers.cpython-310.pyc", O_RDONLY|O_CLOEXEC) = 17</home/szu2070436088/.conda/envs/CVS-RFFI/lib/python3.10/site-packages/sympy/matrices/__pycache__/solvers.cpython-310.pyc>
1890493 openat(AT_FDCWD</home/szu2070436088/2510044040/CV-SincNet>, "/home/szu2070436088/.conda/envs/CVS-RFFI/lib/python3.10/site-packages/sympy/matrices/__pycache__/eigen.cpython-310.pyc", O_RDONLY|O_CLOEXEC) = 17</home/szu2070436088/.conda/envs/CVS-RFFI/lib/python3.10/site-packages/sympy/matrices/__pycache__/eigen.cpython-310.pyc>
1890493 openat(AT_FDCWD</home/szu2070436088/2510044040/CV-SincNet>, "/home/szu2070436088/.conda/envs/CVS-RFFI/lib/python3.10/site-packages/sympy/polys/matrices/__pycache__/eigen.cpython-310.pyc", O_RDONLY|O_CLOEXEC) = 17</home/szu2070436088/.conda/envs/CVS-RFFI/lib/python3.10/site-packages/sympy/polys/matrices/__pycache__/eigen.cpython-310.pyc>
1890493 openat(AT_FDCWD</home/szu2070436088/2510044040/CV-SincNet>, "/home/szu2070436088/.conda/envs/CVS-RFFI/lib/python3.10/site-packages/sympy/polys/agca/__pycache__/__init__.cpython-310.pyc", O_RDONLY|O_CLOEXEC) = 17</home/szu2070436088/.conda/envs/CVS-RFFI/lib/python3.10/site-packages/sympy/polys/agca/__pycache__/__init__.cpython-310.pyc>
1890493 openat(AT_FDCWD</home/szu2070436088/2510044040/CV-SincNet>, "/home/szu2070436088/.conda/envs/CVS-RFFI/lib/python3.10/site-packages/sympy/polys/agca", O_RDONLY|O_NONBLOCK|O_CLOEXEC|O_DIRECTORY) = 17</home/szu2070436088/.conda/envs/CVS-RFFI/lib/python3.10/site-packages/sympy/polys/agca>
1890493 openat(AT_FDCWD</home/szu2070436088/2510044040/CV-SincNet>, "/home/szu2070436088/.conda/envs/CVS-RFFI/lib/python3.10/site-packages/sympy/polys/agca/__pycache__/homomorphisms.cpython-310.pyc", O_RDONLY|O_CLOEXEC) = 17</home/szu2070436088/.conda/envs/CVS-RFFI/lib/python3.10/site-packages/sympy/polys/agca/__pycache__/homomorphisms.cpython-310.pyc>
1890493 openat(AT_FDCWD</home/szu2070436088/2510044040/CV-SincNet>, "/home/szu2070436088/.conda/envs/CVS-RFFI/lib/python3.10/site-packages/sympy/polys/agca/__pycache__/modules.cpython-310.pyc", O_RDONLY|O_CLOEXEC) = 17</home/szu2070436088/.conda/envs/CVS-RFFI/lib/python3.10/site-packages/sympy/polys/agca/__pycache__/modules.cpython-310.pyc>
1890493 openat(AT_FDCWD</home/szu2070436088/2510044040/CV-SincNet>, "/home/szu2070436088/.conda/envs/CVS-RFFI/lib/python3.10/site-packages/sympy/polys/agca/__pycache__/ideals.cpython-310.pyc", O_RDONLY|O_CLOEXEC) = 17</home/szu2070436088/.conda/envs/CVS-RFFI/lib/python3.10/site-packages/sympy/polys/agca/__pycache__/ideals.cpython-310.pyc>
1890493 openat(AT_FDCWD</home/szu2070436088/2510044040/CV-SincNet>, "/home/szu2070436088/.conda/envs/CVS-RFFI/lib/python3.10/site-packages/sympy/polys/agca/__pycache__/extensions.cpython-310.pyc", O_RDONLY|O_CLOEXEC) = 17</home/szu2070436088/.conda/envs/CVS-RFFI/lib/python3.10/site-packages/sympy/polys/agca/__pycache__/extensions.cpython-310.pyc>
1890493 openat(AT_FDCWD</home/szu2070436088/2510044040/CV-SincNet>, "/home/szu2070436088/.conda/envs/CVS-RFFI/lib/python3.10/site-packages/sympy/matrices/__pycache__/inverse.cpython-310.pyc", O_RDONLY|O_CLOEXEC) = 17</home/szu2070436088/.conda/envs/CVS-RFFI/lib/python3.10/site-packages/sympy/matrices/__pycache__/inverse.cpython-310.pyc>
1890493 openat(AT_FDCWD</home/szu2070436088/2510044040/CV-SincNet>, "/home/szu2070436088/.conda/envs/CVS-RFFI/lib/python3.10/site-packages/sympy/matrices/__pycache__/subspaces.cpython-310.pyc", O_RDONLY|O_CLOEXEC) = 17</home/szu2070436088/.conda/envs/CVS-RFFI/lib/python3.10/site-packages/sympy/matrices/__pycache__/subspaces.cpython-310.pyc>
1890493 openat(AT_FDCWD</home/szu2070436088/2510044040/CV-SincNet>, "/home/szu2070436088/.conda/envs/CVS-RFFI/lib/python3.10/site-packages/sympy/matrices/__pycache__/graph.cpython-310.pyc", O_RDONLY|O_CLOEXEC) = 17</home/szu2070436088/.conda/envs/CVS-RFFI/lib/python3.10/site-packages/sympy/matrices/__pycache__/graph.cpython-310.pyc>
1890493 openat(AT_FDCWD</home/szu2070436088/2510044040/CV-SincNet>, "/home/szu2070436088/.conda/envs/CVS-RFFI/lib/python3.10/site-packages/sympy/matrices/__pycache__/repmatrix.cpython-310.pyc", O_RDONLY|O_CLOEXEC) = 17</home/szu2070436088/.conda/envs/CVS-RFFI/lib/python3.10/site-packages/sympy/matrices/__pycache__/repmatrix.cpython-310.pyc>
1890493 openat(AT_FDCWD</home/szu2070436088/2510044040/CV-SincNet>, "/home/szu2070436088/.conda/envs/CVS-RFFI/lib/python3.10/site-packages/sympy/matrices/__pycache__/sparse.cpython-310.pyc", O_RDONLY|O_CLOEXEC) = 17</home/szu2070436088/.conda/envs/CVS-RFFI/lib/python3.10/site-packages/sympy/matrices/__pycache__/sparse.cpython-310.pyc>
1890493 openat(AT_FDCWD</home/szu2070436088/2510044040/CV-SincNet>, "/home/szu2070436088/.conda/envs/CVS-RFFI/lib/python3.10/site-packages/sympy/matrices/__pycache__/sparsetools.cpython-310.pyc", O_RDONLY|O_CLOEXEC) = 17</home/szu2070436088/.conda/envs/CVS-RFFI/lib/python3.10/site-packages/sympy/matrices/__pycache__/sparsetools.cpython-310.pyc>
1890493 openat(AT_FDCWD</home/szu2070436088/2510044040/CV-SincNet>, "/home/szu2070436088/.conda/envs/CVS-RFFI/lib/python3.10/site-packages/sympy/matrices/__pycache__/immutable.cpython-310.pyc", O_RDONLY|O_CLOEXEC) = 17</home/szu2070436088/.conda/envs/CVS-RFFI/lib/python3.10/site-packages/sympy/matrices/__pycache__/immutable.cpython-310.pyc>
1890493 openat(AT_FDCWD</home/szu2070436088/2510044040/CV-SincNet>, "/home/szu2070436088/.conda/envs/CVS-RFFI/lib/python3.10/site-packages/sympy/matrices/expressions/__pycache__/__init__.cpython-310.pyc", O_RDONLY|O_CLOEXEC) = 17</home/szu2070436088/.conda/envs/CVS-RFFI/lib/python3.10/site-packages/sympy/matrices/expressions/__pycache__/__init__.cpython-310.pyc>
1890493 openat(AT_FDCWD</home/szu2070436088/2510044040/CV-SincNet>, "/home/szu2070436088/.conda/envs/CVS-RFFI/lib/python3.10/site-packages/sympy/matrices/expressions", O_RDONLY|O_NONBLOCK|O_CLOEXEC|O_DIRECTORY) = 17</home/szu2070436088/.conda/envs/CVS-RFFI/lib/python3.10/site-packages/sympy/matrices/expressions>
1890493 openat(AT_FDCWD</home/szu2070436088/2510044040/CV-SincNet>, "/home/szu2070436088/.conda/envs/CVS-RFFI/lib/python3.10/site-packages/sympy/matrices/expressions/__pycache__/slice.cpython-310.pyc", O_RDONLY|O_CLOEXEC) = 17</home/szu2070436088/.conda/envs/CVS-RFFI/lib/python3.10/site-packages/sympy/matrices/expressions/__pycache__/slice.cpython-310.pyc>
1890493 openat(AT_FDCWD</home/szu2070436088/2510044040/CV-SincNet>, "/home/szu2070436088/.conda/envs/CVS-RFFI/lib/python3.10/site-packages/sympy/matrices/expressions/__pycache__/matexpr.cpython-310.pyc", O_RDONLY|O_CLOEXEC) = 17</home/szu2070436088/.conda/envs/CVS-RFFI/lib/python3.10/site-packages/sympy/matrices/expressions/__pycache__/matexpr.cpython-310.pyc>
1890493 openat(AT_FDCWD</home/szu2070436088/2510044040/CV-SincNet>, "/home/szu2070436088/.conda/envs/CVS-RFFI/lib/python3.10/site-packages/sympy/matrices/expressions/__pycache__/matmul.cpython-310.pyc", O_RDONLY|O_CLOEXEC) = 17</home/szu2070436088/.conda/envs/CVS-RFFI/lib/python3.10/site-packages/sympy/matrices/expressions/__pycache__/matmul.cpython-310.pyc>
1890493 openat(AT_FDCWD</home/szu2070436088/2510044040/CV-SincNet>, "/home/szu2070436088/.conda/envs/CVS-RFFI/lib/python3.10/site-packages/sympy/strategies/__pycache__/__init__.cpython-310.pyc", O_RDONLY|O_CLOEXEC) = 17</home/szu2070436088/.conda/envs/CVS-RFFI/lib/python3.10/site-packages/sympy/strategies/__pycache__/__init__.cpython-310.pyc>
1890493 openat(AT_FDCWD</home/szu2070436088/2510044040/CV-SincNet>, "/home/szu2070436088/.conda/envs/CVS-RFFI/lib/python3.10/site-packages/sympy/strategies", O_RDONLY|O_NONBLOCK|O_CLOEXEC|O_DIRECTORY) = 17</home/szu2070436088/.conda/envs/CVS-RFFI/lib/python3.10/site-packages/sympy/strategies>
1890493 openat(AT_FDCWD</home/szu2070436088/2510044040/CV-SincNet>, "/home/szu2070436088/.conda/envs/CVS-RFFI/lib/python3.10/site-packages/sympy/strategies/__pycache__/rl.cpython-310.pyc", O_RDONLY|O_CLOEXEC) = 17</home/szu2070436088/.conda/envs/CVS-RFFI/lib/python3.10/site-packages/sympy/strategies/__pycache__/rl.cpython-310.pyc>
1890493 openat(AT_FDCWD</home/szu2070436088/2510044040/CV-SincNet>, "/home/szu2070436088/.conda/envs/CVS-RFFI/lib/python3.10/site-packages/sympy/strategies/__pycache__/util.cpython-310.pyc", O_RDONLY|O_CLOEXEC) = 17</home/szu2070436088/.conda/envs/CVS-RFFI/lib/python3.10/site-packages/sympy/strategies/__pycache__/util.cpython-310.pyc>
1890493 openat(AT_FDCWD</home/szu2070436088/2510044040/CV-SincNet>, "/home/szu2070436088/.conda/envs/CVS-RFFI/lib/python3.10/site-packages/sympy/strategies/__pycache__/traverse.cpython-310.pyc", O_RDONLY|O_CLOEXEC) = 17</home/szu2070436088/.conda/envs/CVS-RFFI/lib/python3.10/site-packages/sympy/strategies/__pycache__/traverse.cpython-310.pyc>
1890493 openat(AT_FDCWD</home/szu2070436088/2510044040/CV-SincNet>, "/home/szu2070436088/.conda/envs/CVS-RFFI/lib/python3.10/site-packages/sympy/strategies/__pycache__/core.cpython-310.pyc", O_RDONLY|O_CLOEXEC) = 17</home/szu2070436088/.conda/envs/CVS-RFFI/lib/python3.10/site-packages/sympy/strategies/__pycache__/core.cpython-310.pyc>
1890493 openat(AT_FDCWD</home/szu2070436088/2510044040/CV-SincNet>, "/home/szu2070436088/.conda/envs/CVS-RFFI/lib/python3.10/site-packages/sympy/strategies/__pycache__/tools.cpython-310.pyc", O_RDONLY|O_CLOEXEC) = 17</home/szu2070436088/.conda/envs/CVS-RFFI/lib/python3.10/site-packages/sympy/strategies/__pycache__/tools.cpython-310.pyc>
1890493 openat(AT_FDCWD</home/szu2070436088/2510044040/CV-SincNet>, "/home/szu2070436088/.conda/envs/CVS-RFFI/lib/python3.10/site-packages/sympy/strategies/branch/__pycache__/__init__.cpython-310.pyc", O_RDONLY|O_CLOEXEC) = 17</home/szu2070436088/.conda/envs/CVS-RFFI/lib/python3.10/site-packages/sympy/strategies/branch/__pycache__/__init__.cpython-310.pyc>
1890493 openat(AT_FDCWD</home/szu2070436088/2510044040/CV-SincNet>, "/home/szu2070436088/.conda/envs/CVS-RFFI/lib/python3.10/site-packages/sympy/strategies/branch", O_RDONLY|O_NONBLOCK|O_CLOEXEC|O_DIRECTORY) = 17</home/szu2070436088/.conda/envs/CVS-RFFI/lib/python3.10/site-packages/sympy/strategies/branch>
1890493 openat(AT_FDCWD</home/szu2070436088/2510044040/CV-SincNet>, "/home/szu2070436088/.conda/envs/CVS-RFFI/lib/python3.10/site-packages/sympy/strategies/branch/__pycache__/traverse.cpython-310.pyc", O_RDONLY|O_CLOEXEC) = 17</home/szu2070436088/.conda/envs/CVS-RFFI/lib/python3.10/site-packages/sympy/strategies/branch/__pycache__/traverse.cpython-310.pyc>
1890493 openat(AT_FDCWD</home/szu2070436088/2510044040/CV-SincNet>, "/home/szu2070436088/.conda/envs/CVS-RFFI/lib/python3.10/site-packages/sympy/strategies/branch/__pycache__/core.cpython-310.pyc", O_RDONLY|O_CLOEXEC) = 17</home/szu2070436088/.conda/envs/CVS-RFFI/lib/python3.10/site-packages/sympy/strategies/branch/__pycache__/core.cpython-310.pyc>
1890493 openat(AT_FDCWD</home/szu2070436088/2510044040/CV-SincNet>, "/home/szu2070436088/.conda/envs/CVS-RFFI/lib/python3.10/site-packages/sympy/strategies/branch/__pycache__/tools.cpython-310.pyc", O_RDONLY|O_CLOEXEC) = 17</home/szu2070436088/.conda/envs/CVS-RFFI/lib/python3.10/site-packages/sympy/strategies/branch/__pycache__/tools.cpython-310.pyc>
1890493 openat(AT_FDCWD</home/szu2070436088/2510044040/CV-SincNet>, "/home/szu2070436088/.conda/envs/CVS-RFFI/lib/python3.10/site-packages/sympy/matrices/expressions/__pycache__/_shape.cpython-310.pyc", O_RDONLY|O_CLOEXEC) = 17</home/szu2070436088/.conda/envs/CVS-RFFI/lib/python3.10/site-packages/sympy/matrices/expressions/__pycache__/_shape.cpython-310.pyc>
1890493 openat(AT_FDCWD</home/szu2070436088/2510044040/CV-SincNet>, "/home/szu2070436088/.conda/envs/CVS-RFFI/lib/python3.10/site-packages/sympy/matrices/expressions/__pycache__/inverse.cpython-310.pyc", O_RDONLY|O_CLOEXEC) = 17</home/szu2070436088/.conda/envs/CVS-RFFI/lib/python3.10/site-packages/sympy/matrices/expressions/__pycache__/inverse.cpython-310.pyc>
1890493 openat(AT_FDCWD</home/szu2070436088/2510044040/CV-SincNet>, "/home/szu2070436088/.conda/envs/CVS-RFFI/lib/python3.10/site-packages/sympy/matrices/expressions/__pycache__/matpow.cpython-310.pyc", O_RDONLY|O_CLOEXEC) = 17</home/szu2070436088/.conda/envs/CVS-RFFI/lib/python3.10/site-packages/sympy/matrices/expressions/__pycache__/matpow.cpython-310.pyc>
1890493 openat(AT_FDCWD</home/szu2070436088/2510044040/CV-SincNet>, "/home/szu2070436088/.conda/envs/CVS-RFFI/lib/python3.10/site-packages/sympy/matrices/expressions/__pycache__/special.cpython-310.pyc", O_RDONLY|O_CLOEXEC) = 17</home/szu2070436088/.conda/envs/CVS-RFFI/lib/python3.10/site-packages/sympy/matrices/expressions/__pycache__/special.cpython-310.pyc>
1890493 openat(AT_FDCWD</home/szu2070436088/2510044040/CV-SincNet>, "/home/szu2070436088/.conda/envs/CVS-RFFI/lib/python3.10/site-packages/sympy/matrices/expressions/__pycache__/transpose.cpython-310.pyc", O_RDONLY|O_CLOEXEC) = 17</home/szu2070436088/.conda/envs/CVS-RFFI/lib/python3.10/site-packages/sympy/matrices/expressions/__pycache__/transpose.cpython-310.pyc>
1890493 openat(AT_FDCWD</home/szu2070436088/2510044040/CV-SincNet>, "/home/szu2070436088/.conda/envs/CVS-RFFI/lib/python3.10/site-packages/sympy/matrices/expressions/__pycache__/permutation.cpython-310.pyc", O_RDONLY|O_CLOEXEC) = 17</home/szu2070436088/.conda/envs/CVS-RFFI/lib/python3.10/site-packages/sympy/matrices/expressions/__pycache__/permutation.cpython-310.pyc>
1890493 openat(AT_FDCWD</home/szu2070436088/2510044040/CV-SincNet>, "/home/szu2070436088/.conda/envs/CVS-RFFI/lib/python3.10/site-packages/sympy/matrices/expressions/__pycache__/matadd.cpython-310.pyc", O_RDONLY|O_CLOEXEC) = 17</home/szu2070436088/.conda/envs/CVS-RFFI/lib/python3.10/site-packages/sympy/matrices/expressions/__pycache__/matadd.cpython-310.pyc>
1890493 openat(AT_FDCWD</home/szu2070436088/2510044040/CV-SincNet>, "/home/szu2070436088/.conda/envs/CVS-RFFI/lib/python3.10/site-packages/sympy/matrices/expressions/__pycache__/determinant.cpython-310.pyc", O_RDONLY|O_CLOEXEC) = 17</home/szu2070436088/.conda/envs/CVS-RFFI/lib/python3.10/site-packages/sympy/matrices/expressions/__pycache__/determinant.cpython-310.pyc>
1890493 openat(AT_FDCWD</home/szu2070436088/2510044040/CV-SincNet>, "/home/szu2070436088/.conda/envs/CVS-RFFI/lib/python3.10/site-packages/sympy/matrices/expressions/__pycache__/blockmatrix.cpython-310.pyc", O_RDONLY|O_CLOEXEC) = 17</home/szu2070436088/.conda/envs/CVS-RFFI/lib/python3.10/site-packages/sympy/matrices/expressions/__pycache__/blockmatrix.cpython-310.pyc>
1890493 openat(AT_FDCWD</home/szu2070436088/2510044040/CV-SincNet>, "/home/szu2070436088/.conda/envs/CVS-RFFI/lib/python3.10/site-packages/sympy/matrices/expressions/__pycache__/trace.cpython-310.pyc", O_RDONLY|O_CLOEXEC) = 17</home/szu2070436088/.conda/envs/CVS-RFFI/lib/python3.10/site-packages/sympy/matrices/expressions/__pycache__/trace.cpython-310.pyc>
1890493 openat(AT_FDCWD</home/szu2070436088/2510044040/CV-SincNet>, "/home/szu2070436088/.conda/envs/CVS-RFFI/lib/python3.10/site-packages/sympy/matrices/expressions/__pycache__/companion.cpython-310.pyc", O_RDONLY|O_CLOEXEC) = 17</home/szu2070436088/.conda/envs/CVS-RFFI/lib/python3.10/site-packages/sympy/matrices/expressions/__pycache__/companion.cpython-310.pyc>
1890493 openat(AT_FDCWD</home/szu2070436088/2510044040/CV-SincNet>, "/home/szu2070436088/.conda/envs/CVS-RFFI/lib/python3.10/site-packages/sympy/matrices/expressions/__pycache__/funcmatrix.cpython-310.pyc", O_RDONLY|O_CLOEXEC) = 17</home/szu2070436088/.conda/envs/CVS-RFFI/lib/python3.10/site-packages/sympy/matrices/expressions/__pycache__/funcmatrix.cpython-310.pyc>
1890493 openat(AT_FDCWD</home/szu2070436088/2510044040/CV-SincNet>, "/home/szu2070436088/.conda/envs/CVS-RFFI/lib/python3.10/site-packages/sympy/matrices/expressions/__pycache__/adjoint.cpython-310.pyc", O_RDONLY|O_CLOEXEC) = 17</home/szu2070436088/.conda/envs/CVS-RFFI/lib/python3.10/site-packages/sympy/matrices/expressions/__pycache__/adjoint.cpython-310.pyc>
1890493 openat(AT_FDCWD</home/szu2070436088/2510044040/CV-SincNet>, "/home/szu2070436088/.conda/envs/CVS-RFFI/lib/python3.10/site-packages/sympy/matrices/expressions/__pycache__/hadamard.cpython-310.pyc", O_RDONLY|O_CLOEXEC) = 17</home/szu2070436088/.conda/envs/CVS-RFFI/lib/python3.10/site-packages/sympy/matrices/expressions/__pycache__/hadamard.cpython-310.pyc>
1890493 openat(AT_FDCWD</home/szu2070436088/2510044040/CV-SincNet>, "/home/szu2070436088/.conda/envs/CVS-RFFI/lib/python3.10/site-packages/sympy/matrices/expressions/__pycache__/diagonal.cpython-310.pyc", O_RDONLY|O_CLOEXEC) = 17</home/szu2070436088/.conda/envs/CVS-RFFI/lib/python3.10/site-packages/sympy/matrices/expressions/__pycache__/diagonal.cpython-310.pyc>
1890493 openat(AT_FDCWD</home/szu2070436088/2510044040/CV-SincNet>, "/home/szu2070436088/.conda/envs/CVS-RFFI/lib/python3.10/site-packages/sympy/matrices/expressions/__pycache__/dotproduct.cpython-310.pyc", O_RDONLY|O_CLOEXEC) = 17</home/szu2070436088/.conda/envs/CVS-RFFI/lib/python3.10/site-packages/sympy/matrices/expressions/__pycache__/dotproduct.cpython-310.pyc>
1890493 openat(AT_FDCWD</home/szu2070436088/2510044040/CV-SincNet>, "/home/szu2070436088/.conda/envs/CVS-RFFI/lib/python3.10/site-packages/sympy/matrices/expressions/__pycache__/kronecker.cpython-310.pyc", O_RDONLY|O_CLOEXEC) = 17</home/szu2070436088/.conda/envs/CVS-RFFI/lib/python3.10/site-packages/sympy/matrices/expressions/__pycache__/kronecker.cpython-310.pyc>
1890493 openat(AT_FDCWD</home/szu2070436088/2510044040/CV-SincNet>, "/home/szu2070436088/.conda/envs/CVS-RFFI/lib/python3.10/site-packages/sympy/matrices/expressions/__pycache__/sets.cpython-310.pyc", O_RDONLY|O_CLOEXEC) = 17</home/szu2070436088/.conda/envs/CVS-RFFI/lib/python3.10/site-packages/sympy/matrices/expressions/__pycache__/sets.cpython-310.pyc>
1890493 openat(AT_FDCWD</home/szu2070436088/2510044040/CV-SincNet>, "/home/szu2070436088/.conda/envs/CVS-RFFI/lib/python3.10/site-packages/sympy/polys/__pycache__/fields.cpython-310.pyc", O_RDONLY|O_CLOEXEC) = 17</home/szu2070436088/.conda/envs/CVS-RFFI/lib/python3.10/site-packages/sympy/polys/__pycache__/fields.cpython-310.pyc>
1890493 openat(AT_FDCWD</home/szu2070436088/2510044040/CV-SincNet>, "/home/szu2070436088/.conda/envs/CVS-RFFI/lib/python3.10/site-packages/sympy/series/__pycache__/__init__.cpython-310.pyc", O_RDONLY|O_CLOEXEC) = 17</home/szu2070436088/.conda/envs/CVS-RFFI/lib/python3.10/site-packages/sympy/series/__pycache__/__init__.cpython-310.pyc>
1890493 openat(AT_FDCWD</home/szu2070436088/2510044040/CV-SincNet>, "/home/szu2070436088/.conda/envs/CVS-RFFI/lib/python3.10/site-packages/sympy/series", O_RDONLY|O_NONBLOCK|O_CLOEXEC|O_DIRECTORY) = 17</home/szu2070436088/.conda/envs/CVS-RFFI/lib/python3.10/site-packages/sympy/series>
1890493 openat(AT_FDCWD</home/szu2070436088/2510044040/CV-SincNet>, "/home/szu2070436088/.conda/envs/CVS-RFFI/lib/python3.10/site-packages/sympy/series/__pycache__/order.cpython-310.pyc", O_RDONLY|O_CLOEXEC) = 17</home/szu2070436088/.conda/envs/CVS-RFFI/lib/python3.10/site-packages/sympy/series/__pycache__/order.cpython-310.pyc>
1890493 openat(AT_FDCWD</home/szu2070436088/2510044040/CV-SincNet>, "/home/szu2070436088/.conda/envs/CVS-RFFI/lib/python3.10/site-packages/sympy/series/__pycache__/limits.cpython-310.pyc", O_RDONLY|O_CLOEXEC) = 17</home/szu2070436088/.conda/envs/CVS-RFFI/lib/python3.10/site-packages/sympy/series/__pycache__/limits.cpython-310.pyc>
1890493 openat(AT_FDCWD</home/szu2070436088/2510044040/CV-SincNet>, "/home/szu2070436088/.conda/envs/CVS-RFFI/lib/python3.10/site-packages/sympy/calculus/__pycache__/__init__.cpython-310.pyc", O_RDONLY|O_CLOEXEC) = 17</home/szu2070436088/.conda/envs/CVS-RFFI/lib/python3.10/site-packages/sympy/calculus/__pycache__/__init__.cpython-310.pyc>
1890493 openat(AT_FDCWD</home/szu2070436088/2510044040/CV-SincNet>, "/home/szu2070436088/.conda/envs/CVS-RFFI/lib/python3.10/site-packages/sympy/calculus", O_RDONLY|O_NONBLOCK|O_CLOEXEC|O_DIRECTORY) = 17</home/szu2070436088/.conda/envs/CVS-RFFI/lib/python3.10/site-packages/sympy/calculus>
1890493 openat(AT_FDCWD</home/szu2070436088/2510044040/CV-SincNet>, "/home/szu2070436088/.conda/envs/CVS-RFFI/lib/python3.10/site-packages/sympy/calculus/__pycache__/euler.cpython-310.pyc", O_RDONLY|O_CLOEXEC) = 17</home/szu2070436088/.conda/envs/CVS-RFFI/lib/python3.10/site-packages/sympy/calculus/__pycache__/euler.cpython-310.pyc>
1890493 openat(AT_FDCWD</home/szu2070436088/2510044040/CV-SincNet>, "/home/szu2070436088/.conda/envs/CVS-RFFI/lib/python3.10/site-packages/sympy/calculus/__pycache__/singularities.cpython-310.pyc", O_RDONLY|O_CLOEXEC) = 17</home/szu2070436088/.conda/envs/CVS-RFFI/lib/python3.10/site-packages/sympy/calculus/__pycache__/singularities.cpython-310.pyc>
1890493 openat(AT_FDCWD</home/szu2070436088/2510044040/CV-SincNet>, "/home/szu2070436088/.conda/envs/CVS-RFFI/lib/python3.10/site-packages/sympy/calculus/__pycache__/finite_diff.cpython-310.pyc", O_RDONLY|O_CLOEXEC) = 17</home/szu2070436088/.conda/envs/CVS-RFFI/lib/python3.10/site-packages/sympy/calculus/__pycache__/finite_diff.cpython-310.pyc>
1890493 openat(AT_FDCWD</home/szu2070436088/2510044040/CV-SincNet>, "/home/szu2070436088/.conda/envs/CVS-RFFI/lib/python3.10/site-packages/sympy/calculus/__pycache__/util.cpython-310.pyc", O_RDONLY|O_CLOEXEC) = 17</home/szu2070436088/.conda/envs/CVS-RFFI/lib/python3.10/site-packages/sympy/calculus/__pycache__/util.cpython-310.pyc>
1890493 openat(AT_FDCWD</home/szu2070436088/2510044040/CV-SincNet>, "/home/szu2070436088/.conda/envs/CVS-RFFI/lib/python3.10/site-packages/sympy/calculus/__pycache__/accumulationbounds.cpython-310.pyc", O_RDONLY|O_CLOEXEC) = 17</home/szu2070436088/.conda/envs/CVS-RFFI/lib/python3.10/site-packages/sympy/calculus/__pycache__/accumulationbounds.cpython-310.pyc>
1890493 openat(AT_FDCWD</home/szu2070436088/2510044040/CV-SincNet>, "/home/szu2070436088/.conda/envs/CVS-RFFI/lib/python3.10/site-packages/sympy/series/__pycache__/gruntz.cpython-310.pyc", O_RDONLY|O_CLOEXEC) = 17</home/szu2070436088/.conda/envs/CVS-RFFI/lib/python3.10/site-packages/sympy/series/__pycache__/gruntz.cpython-310.pyc>
1890493 openat(AT_FDCWD</home/szu2070436088/2510044040/CV-SincNet>, "/home/szu2070436088/.conda/envs/CVS-RFFI/lib/python3.10/site-packages/sympy/series/__pycache__/series.cpython-310.pyc", O_RDONLY|O_CLOEXEC) = 17</home/szu2070436088/.conda/envs/CVS-RFFI/lib/python3.10/site-packages/sympy/series/__pycache__/series.cpython-310.pyc>
1890493 openat(AT_FDCWD</home/szu2070436088/2510044040/CV-SincNet>, "/home/szu2070436088/.conda/envs/CVS-RFFI/lib/python3.10/site-packages/sympy/series/__pycache__/approximants.cpython-310.pyc", O_RDONLY|O_CLOEXEC) = 17</home/szu2070436088/.conda/envs/CVS-RFFI/lib/python3.10/site-packages/sympy/series/__pycache__/approximants.cpython-310.pyc>
1890493 openat(AT_FDCWD</home/szu2070436088/2510044040/CV-SincNet>, "/home/szu2070436088/.conda/envs/CVS-RFFI/lib/python3.10/site-packages/sympy/series/__pycache__/residues.cpython-310.pyc", O_RDONLY|O_CLOEXEC) = 17</home/szu2070436088/.conda/envs/CVS-RFFI/lib/python3.10/site-packages/sympy/series/__pycache__/residues.cpython-310.pyc>
1890493 openat(AT_FDCWD</home/szu2070436088/2510044040/CV-SincNet>, "/home/szu2070436088/.conda/envs/CVS-RFFI/lib/python3.10/site-packages/sympy/series/__pycache__/sequences.cpython-310.pyc", O_RDONLY|O_CLOEXEC) = 17</home/szu2070436088/.conda/envs/CVS-RFFI/lib/python3.10/site-packages/sympy/series/__pycache__/sequences.cpython-310.pyc>
1890493 openat(AT_FDCWD</home/szu2070436088/2510044040/CV-SincNet>, "/home/szu2070436088/.conda/envs/CVS-RFFI/lib/python3.10/site-packages/sympy/series/__pycache__/fourier.cpython-310.pyc", O_RDONLY|O_CLOEXEC) = 17</home/szu2070436088/.conda/envs/CVS-RFFI/lib/python3.10/site-packages/sympy/series/__pycache__/fourier.cpython-310.pyc>
1890493 openat(AT_FDCWD</home/szu2070436088/2510044040/CV-SincNet>, "/home/szu2070436088/.conda/envs/CVS-RFFI/lib/python3.10/site-packages/sympy/series/__pycache__/series_class.cpython-310.pyc", O_RDONLY|O_CLOEXEC) = 17</home/szu2070436088/.conda/envs/CVS-RFFI/lib/python3.10/site-packages/sympy/series/__pycache__/series_class.cpython-310.pyc>
1890493 openat(AT_FDCWD</home/szu2070436088/2510044040/CV-SincNet>, "/home/szu2070436088/.conda/envs/CVS-RFFI/lib/python3.10/site-packages/sympy/series/__pycache__/formal.cpython-310.pyc", O_RDONLY|O_CLOEXEC) = 17</home/szu2070436088/.conda/envs/CVS-RFFI/lib/python3.10/site-packages/sympy/series/__pycache__/formal.cpython-310.pyc>
1890493 openat(AT_FDCWD</home/szu2070436088/2510044040/CV-SincNet>, "/home/szu2070436088/.conda/envs/CVS-RFFI/lib/python3.10/site-packages/sympy/discrete/__pycache__/__init__.cpython-310.pyc", O_RDONLY|O_CLOEXEC) = 17</home/szu2070436088/.conda/envs/CVS-RFFI/lib/python3.10/site-packages/sympy/discrete/__pycache__/__init__.cpython-310.pyc>
1890493 openat(AT_FDCWD</home/szu2070436088/2510044040/CV-SincNet>, "/home/szu2070436088/.conda/envs/CVS-RFFI/lib/python3.10/site-packages/sympy/discrete", O_RDONLY|O_NONBLOCK|O_CLOEXEC|O_DIRECTORY) = 17</home/szu2070436088/.conda/envs/CVS-RFFI/lib/python3.10/site-packages/sympy/discrete>
1890493 openat(AT_FDCWD</home/szu2070436088/2510044040/CV-SincNet>, "/home/szu2070436088/.conda/envs/CVS-RFFI/lib/python3.10/site-packages/sympy/discrete/__pycache__/transforms.cpython-310.pyc", O_RDONLY|O_CLOEXEC) = 17</home/szu2070436088/.conda/envs/CVS-RFFI/lib/python3.10/site-packages/sympy/discrete/__pycache__/transforms.cpython-310.pyc>
1890493 openat(AT_FDCWD</home/szu2070436088/2510044040/CV-SincNet>, "/home/szu2070436088/.conda/envs/CVS-RFFI/lib/python3.10/site-packages/sympy/discrete/__pycache__/convolutions.cpython-310.pyc", O_RDONLY|O_CLOEXEC) = 17</home/szu2070436088/.conda/envs/CVS-RFFI/lib/python3.10/site-packages/sympy/discrete/__pycache__/convolutions.cpython-310.pyc>
1890493 openat(AT_FDCWD</home/szu2070436088/2510044040/CV-SincNet>, "/home/szu2070436088/.conda/envs/CVS-RFFI/lib/python3.10/site-packages/sympy/series/__pycache__/limitseq.cpython-310.pyc", O_RDONLY|O_CLOEXEC) = 17</home/szu2070436088/.conda/envs/CVS-RFFI/lib/python3.10/site-packages/sympy/series/__pycache__/limitseq.cpython-310.pyc>
1890493 openat(AT_FDCWD</home/szu2070436088/2510044040/CV-SincNet>, "/home/szu2070436088/.conda/envs/CVS-RFFI/lib/python3.10/site-packages/sympy/concrete/__pycache__/__init__.cpython-310.pyc", O_RDONLY|O_CLOEXEC) = 17</home/szu2070436088/.conda/envs/CVS-RFFI/lib/python3.10/site-packages/sympy/concrete/__pycache__/__init__.cpython-310.pyc>
1890493 openat(AT_FDCWD</home/szu2070436088/2510044040/CV-SincNet>, "/home/szu2070436088/.conda/envs/CVS-RFFI/lib/python3.10/site-packages/sympy/concrete", O_RDONLY|O_NONBLOCK|O_CLOEXEC|O_DIRECTORY) = 17</home/szu2070436088/.conda/envs/CVS-RFFI/lib/python3.10/site-packages/sympy/concrete>
1890493 openat(AT_FDCWD</home/szu2070436088/2510044040/CV-SincNet>, "/home/szu2070436088/.conda/envs/CVS-RFFI/lib/python3.10/site-packages/sympy/concrete/__pycache__/products.cpython-310.pyc", O_RDONLY|O_CLOEXEC) = 17</home/szu2070436088/.conda/envs/CVS-RFFI/lib/python3.10/site-packages/sympy/concrete/__pycache__/products.cpython-310.pyc>
1890493 openat(AT_FDCWD</home/szu2070436088/2510044040/CV-SincNet>, "/home/szu2070436088/.conda/envs/CVS-RFFI/lib/python3.10/site-packages/sympy/concrete/__pycache__/expr_with_intlimits.cpython-310.pyc", O_RDONLY|O_CLOEXEC) = 17</home/szu2070436088/.conda/envs/CVS-RFFI/lib/python3.10/site-packages/sympy/concrete/__pycache__/expr_with_intlimits.cpython-310.pyc>
1890493 openat(AT_FDCWD</home/szu2070436088/2510044040/CV-SincNet>, "/home/szu2070436088/.conda/envs/CVS-RFFI/lib/python3.10/site-packages/sympy/concrete/__pycache__/expr_with_limits.cpython-310.pyc", O_RDONLY|O_CLOEXEC) = 17</home/szu2070436088/.conda/envs/CVS-RFFI/lib/python3.10/site-packages/sympy/concrete/__pycache__/expr_with_limits.cpython-310.pyc>
1890493 openat(AT_FDCWD</home/szu2070436088/2510044040/CV-SincNet>, "/home/szu2070436088/.conda/envs/CVS-RFFI/lib/python3.10/site-packages/sympy/concrete/__pycache__/summations.cpython-310.pyc", O_RDONLY|O_CLOEXEC) = 17</home/szu2070436088/.conda/envs/CVS-RFFI/lib/python3.10/site-packages/sympy/concrete/__pycache__/summations.cpython-310.pyc>
1890493 openat(AT_FDCWD</home/szu2070436088/2510044040/CV-SincNet>, "/home/szu2070436088/.conda/envs/CVS-RFFI/lib/python3.10/site-packages/sympy/concrete/__pycache__/gosper.cpython-310.pyc", O_RDONLY|O_CLOEXEC) = 17</home/szu2070436088/.conda/envs/CVS-RFFI/lib/python3.10/site-packages/sympy/concrete/__pycache__/gosper.cpython-310.pyc>
1890493 openat(AT_FDCWD</home/szu2070436088/2510044040/CV-SincNet>, "/home/szu2070436088/.conda/envs/CVS-RFFI/lib/python3.10/site-packages/sympy/integrals/__pycache__/__init__.cpython-310.pyc", O_RDONLY|O_CLOEXEC) = 17</home/szu2070436088/.conda/envs/CVS-RFFI/lib/python3.10/site-packages/sympy/integrals/__pycache__/__init__.cpython-310.pyc>
1890493 openat(AT_FDCWD</home/szu2070436088/2510044040/CV-SincNet>, "/home/szu2070436088/.conda/envs/CVS-RFFI/lib/python3.10/site-packages/sympy/integrals", O_RDONLY|O_NONBLOCK|O_CLOEXEC|O_DIRECTORY) = 17</home/szu2070436088/.conda/envs/CVS-RFFI/lib/python3.10/site-packages/sympy/integrals>
1890493 openat(AT_FDCWD</home/szu2070436088/2510044040/CV-SincNet>, "/home/szu2070436088/.conda/envs/CVS-RFFI/lib/python3.10/site-packages/sympy/integrals/__pycache__/integrals.cpython-310.pyc", O_RDONLY|O_CLOEXEC) = 17</home/szu2070436088/.conda/envs/CVS-RFFI/lib/python3.10/site-packages/sympy/integrals/__pycache__/integrals.cpython-310.pyc>
1890493 openat(AT_FDCWD</home/szu2070436088/2510044040/CV-SincNet>, "/home/szu2070436088/.conda/envs/CVS-RFFI/lib/python3.10/site-packages/sympy/integrals/__pycache__/rationaltools.cpython-310.pyc", O_RDONLY|O_CLOEXEC) = 17</home/szu2070436088/.conda/envs/CVS-RFFI/lib/python3.10/site-packages/sympy/integrals/__pycache__/rationaltools.cpython-310.pyc>
1890493 openat(AT_FDCWD</home/szu2070436088/2510044040/CV-SincNet>, "/home/szu2070436088/.conda/envs/CVS-RFFI/lib/python3.10/site-packages/sympy/integrals/__pycache__/deltafunctions.cpython-310.pyc", O_RDONLY|O_CLOEXEC) = 17</home/szu2070436088/.conda/envs/CVS-RFFI/lib/python3.10/site-packages/sympy/integrals/__pycache__/deltafunctions.cpython-310.pyc>
1890493 openat(AT_FDCWD</home/szu2070436088/2510044040/CV-SincNet>, "/home/szu2070436088/.conda/envs/CVS-RFFI/lib/python3.10/site-packages/sympy/integrals/__pycache__/meijerint.cpython-310.pyc", O_RDONLY|O_CLOEXEC) = 17</home/szu2070436088/.conda/envs/CVS-RFFI/lib/python3.10/site-packages/sympy/integrals/__pycache__/meijerint.cpython-310.pyc>
1890493 openat(AT_FDCWD</home/szu2070436088/2510044040/CV-SincNet>, "/home/szu2070436088/.conda/envs/CVS-RFFI/lib/python3.10/site-packages/sympy/integrals/__pycache__/trigonometry.cpython-310.pyc", O_RDONLY|O_CLOEXEC) = 17</home/szu2070436088/.conda/envs/CVS-RFFI/lib/python3.10/site-packages/sympy/integrals/__pycache__/trigonometry.cpython-310.pyc>
1890493 openat(AT_FDCWD</home/szu2070436088/2510044040/CV-SincNet>, "/home/szu2070436088/.conda/envs/CVS-RFFI/lib/python3.10/site-packages/sympy/integrals/__pycache__/transforms.cpython-310.pyc", O_RDONLY|O_CLOEXEC) = 17</home/szu2070436088/.conda/envs/CVS-RFFI/lib/python3.10/site-packages/sympy/integrals/__pycache__/transforms.cpython-310.pyc>
1890493 openat(AT_FDCWD</home/szu2070436088/2510044040/CV-SincNet>, "/home/szu2070436088/.conda/envs/CVS-RFFI/lib/python3.10/site-packages/sympy/integrals/__pycache__/laplace.cpython-310.pyc", O_RDONLY|O_CLOEXEC) = 17</home/szu2070436088/.conda/envs/CVS-RFFI/lib/python3.10/site-packages/sympy/integrals/__pycache__/laplace.cpython-310.pyc>
1890493 openat(AT_FDCWD</home/szu2070436088/2510044040/CV-SincNet>, "/home/szu2070436088/.conda/envs/CVS-RFFI/lib/python3.10/site-packages/sympy/polys/matrices/__pycache__/linsolve.cpython-310.pyc", O_RDONLY|O_CLOEXEC) = 17</home/szu2070436088/.conda/envs/CVS-RFFI/lib/python3.10/site-packages/sympy/polys/matrices/__pycache__/linsolve.cpython-310.pyc>
1890493 openat(AT_FDCWD</home/szu2070436088/2510044040/CV-SincNet>, "/home/szu2070436088/.conda/envs/CVS-RFFI/lib/python3.10/site-packages/sympy/polys/__pycache__/solvers.cpython-310.pyc", O_RDONLY|O_CLOEXEC) = 17</home/szu2070436088/.conda/envs/CVS-RFFI/lib/python3.10/site-packages/sympy/polys/__pycache__/solvers.cpython-310.pyc>
1890493 openat(AT_FDCWD</home/szu2070436088/2510044040/CV-SincNet>, "/home/szu2070436088/.conda/envs/CVS-RFFI/lib/python3.10/site-packages/sympy/polys/__pycache__/domainmatrix.cpython-310.pyc", O_RDONLY|O_CLOEXEC) = 17</home/szu2070436088/.conda/envs/CVS-RFFI/lib/python3.10/site-packages/sympy/polys/__pycache__/domainmatrix.cpython-310.pyc>
1890493 openat(AT_FDCWD</home/szu2070436088/2510044040/CV-SincNet>, "/home/szu2070436088/.conda/envs/CVS-RFFI/lib/python3.10/site-packages/sympy/integrals/__pycache__/singularityfunctions.cpython-310.pyc", O_RDONLY|O_CLOEXEC) = 17</home/szu2070436088/.conda/envs/CVS-RFFI/lib/python3.10/site-packages/sympy/integrals/__pycache__/singularityfunctions.cpython-310.pyc>
1890493 openat(AT_FDCWD</home/szu2070436088/2510044040/CV-SincNet>, "/home/szu2070436088/.conda/envs/CVS-RFFI/lib/python3.10/site-packages/sympy/simplify/__pycache__/__init__.cpython-310.pyc", O_RDONLY|O_CLOEXEC) = 17</home/szu2070436088/.conda/envs/CVS-RFFI/lib/python3.10/site-packages/sympy/simplify/__pycache__/__init__.cpython-310.pyc>
1890493 openat(AT_FDCWD</home/szu2070436088/2510044040/CV-SincNet>, "/home/szu2070436088/.conda/envs/CVS-RFFI/lib/python3.10/site-packages/sympy/simplify", O_RDONLY|O_NONBLOCK|O_CLOEXEC|O_DIRECTORY) = 17</home/szu2070436088/.conda/envs/CVS-RFFI/lib/python3.10/site-packages/sympy/simplify>
1890493 openat(AT_FDCWD</home/szu2070436088/2510044040/CV-SincNet>, "/home/szu2070436088/.conda/envs/CVS-RFFI/lib/python3.10/site-packages/sympy/simplify/__pycache__/simplify.cpython-310.pyc", O_RDONLY|O_CLOEXEC) = 17</home/szu2070436088/.conda/envs/CVS-RFFI/lib/python3.10/site-packages/sympy/simplify/__pycache__/simplify.cpython-310.pyc>
1890493 openat(AT_FDCWD</home/szu2070436088/2510044040/CV-SincNet>, "/home/szu2070436088/.conda/envs/CVS-RFFI/lib/python3.10/site-packages/sympy/simplify/__pycache__/combsimp.cpython-310.pyc", O_RDONLY|O_CLOEXEC) = 17</home/szu2070436088/.conda/envs/CVS-RFFI/lib/python3.10/site-packages/sympy/simplify/__pycache__/combsimp.cpython-310.pyc>
1890493 openat(AT_FDCWD</home/szu2070436088/2510044040/CV-SincNet>, "/home/szu2070436088/.conda/envs/CVS-RFFI/lib/python3.10/site-packages/sympy/simplify/__pycache__/gammasimp.cpython-310.pyc", O_RDONLY|O_CLOEXEC) = 17</home/szu2070436088/.conda/envs/CVS-RFFI/lib/python3.10/site-packages/sympy/simplify/__pycache__/gammasimp.cpython-310.pyc>
1890493 openat(AT_FDCWD</home/szu2070436088/2510044040/CV-SincNet>, "/home/szu2070436088/.conda/envs/CVS-RFFI/lib/python3.10/site-packages/sympy/simplify/__pycache__/cse_opts.cpython-310.pyc", O_RDONLY|O_CLOEXEC) = 17</home/szu2070436088/.conda/envs/CVS-RFFI/lib/python3.10/site-packages/sympy/simplify/__pycache__/cse_opts.cpython-310.pyc>
1890493 openat(AT_FDCWD</home/szu2070436088/2510044040/CV-SincNet>, "/home/szu2070436088/.conda/envs/CVS-RFFI/lib/python3.10/site-packages/sympy/simplify/__pycache__/hyperexpand.cpython-310.pyc", O_RDONLY|O_CLOEXEC) = 17</home/szu2070436088/.conda/envs/CVS-RFFI/lib/python3.10/site-packages/sympy/simplify/__pycache__/hyperexpand.cpython-310.pyc>
1890493 openat(AT_FDCWD</home/szu2070436088/2510044040/CV-SincNet>, "/home/szu2070436088/.conda/envs/CVS-RFFI/lib/python3.10/site-packages/sympy/simplify/__pycache__/powsimp.cpython-310.pyc", O_RDONLY|O_CLOEXEC) = 17</home/szu2070436088/.conda/envs/CVS-RFFI/lib/python3.10/site-packages/sympy/simplify/__pycache__/powsimp.cpython-310.pyc>
1890493 openat(AT_FDCWD</home/szu2070436088/2510044040/CV-SincNet>, "/home/szu2070436088/.conda/envs/CVS-RFFI/lib/python3.10/site-packages/sympy/simplify/__pycache__/radsimp.cpython-310.pyc", O_RDONLY|O_CLOEXEC) = 17</home/szu2070436088/.conda/envs/CVS-RFFI/lib/python3.10/site-packages/sympy/simplify/__pycache__/radsimp.cpython-310.pyc>
1890493 openat(AT_FDCWD</home/szu2070436088/2510044040/CV-SincNet>, "/home/szu2070436088/.conda/envs/CVS-RFFI/lib/python3.10/site-packages/sympy/simplify/__pycache__/sqrtdenest.cpython-310.pyc", O_RDONLY|O_CLOEXEC) = 17</home/szu2070436088/.conda/envs/CVS-RFFI/lib/python3.10/site-packages/sympy/simplify/__pycache__/sqrtdenest.cpython-310.pyc>
1890493 openat(AT_FDCWD</home/szu2070436088/2510044040/CV-SincNet>, "/home/szu2070436088/.conda/envs/CVS-RFFI/lib/python3.10/site-packages/sympy/simplify/__pycache__/trigsimp.cpython-310.pyc", O_RDONLY|O_CLOEXEC) = 17</home/szu2070436088/.conda/envs/CVS-RFFI/lib/python3.10/site-packages/sympy/simplify/__pycache__/trigsimp.cpython-310.pyc>
1890493 openat(AT_FDCWD</home/szu2070436088/2510044040/CV-SincNet>, "/home/szu2070436088/.conda/envs/CVS-RFFI/lib/python3.10/site-packages/sympy/simplify/__pycache__/cse_main.cpython-310.pyc", O_RDONLY|O_CLOEXEC) = 17</home/szu2070436088/.conda/envs/CVS-RFFI/lib/python3.10/site-packages/sympy/simplify/__pycache__/cse_main.cpython-310.pyc>
1890493 openat(AT_FDCWD</home/szu2070436088/2510044040/CV-SincNet>, "/home/szu2070436088/.conda/envs/CVS-RFFI/lib/python3.10/site-packages/sympy/strategies/__pycache__/tree.cpython-310.pyc", O_RDONLY|O_CLOEXEC) = 17</home/szu2070436088/.conda/envs/CVS-RFFI/lib/python3.10/site-packages/sympy/strategies/__pycache__/tree.cpython-310.pyc>
1890493 openat(AT_FDCWD</home/szu2070436088/2510044040/CV-SincNet>, "/home/szu2070436088/.conda/envs/CVS-RFFI/lib/python3.10/site-packages/sympy/simplify/__pycache__/fu.cpython-310.pyc", O_RDONLY|O_CLOEXEC) = 17</home/szu2070436088/.conda/envs/CVS-RFFI/lib/python3.10/site-packages/sympy/simplify/__pycache__/fu.cpython-310.pyc>
1890493 openat(AT_FDCWD</home/szu2070436088/2510044040/CV-SincNet>, "/home/szu2070436088/.conda/envs/CVS-RFFI/lib/python3.10/site-packages/sympy/simplify/__pycache__/epathtools.cpython-310.pyc", O_RDONLY|O_CLOEXEC) = 17</home/szu2070436088/.conda/envs/CVS-RFFI/lib/python3.10/site-packages/sympy/simplify/__pycache__/epathtools.cpython-310.pyc>
1890493 openat(AT_FDCWD</home/szu2070436088/2510044040/CV-SincNet>, "/home/szu2070436088/.conda/envs/CVS-RFFI/lib/python3.10/site-packages/sympy/simplify/__pycache__/ratsimp.cpython-310.pyc", O_RDONLY|O_CLOEXEC) = 17</home/szu2070436088/.conda/envs/CVS-RFFI/lib/python3.10/site-packages/sympy/simplify/__pycache__/ratsimp.cpython-310.pyc>
1890493 openat(AT_FDCWD</home/szu2070436088/2510044040/CV-SincNet>, "/home/szu2070436088/.conda/envs/CVS-RFFI/lib/python3.10/site-packages/sympy/solvers/__pycache__/__init__.cpython-310.pyc", O_RDONLY|O_CLOEXEC) = 17</home/szu2070436088/.conda/envs/CVS-RFFI/lib/python3.10/site-packages/sympy/solvers/__pycache__/__init__.cpython-310.pyc>
1890493 openat(AT_FDCWD</home/szu2070436088/2510044040/CV-SincNet>, "/home/szu2070436088/.conda/envs/CVS-RFFI/lib/python3.10/site-packages/sympy/solvers", O_RDONLY|O_NONBLOCK|O_CLOEXEC|O_DIRECTORY) = 17</home/szu2070436088/.conda/envs/CVS-RFFI/lib/python3.10/site-packages/sympy/solvers>
1890493 openat(AT_FDCWD</home/szu2070436088/2510044040/CV-SincNet>, "/home/szu2070436088/.conda/envs/CVS-RFFI/lib/python3.10/site-packages/sympy/solvers/__pycache__/solvers.cpython-310.pyc", O_RDONLY|O_CLOEXEC) = 17</home/szu2070436088/.conda/envs/CVS-RFFI/lib/python3.10/site-packages/sympy/solvers/__pycache__/solvers.cpython-310.pyc>
1890493 openat(AT_FDCWD</home/szu2070436088/2510044040/CV-SincNet>, "/home/szu2070436088/.conda/envs/CVS-RFFI/lib/python3.10/site-packages/sympy/solvers/__pycache__/polysys.cpython-310.pyc", O_RDONLY|O_CLOEXEC) = 17</home/szu2070436088/.conda/envs/CVS-RFFI/lib/python3.10/site-packages/sympy/solvers/__pycache__/polysys.cpython-310.pyc>
1890493 openat(AT_FDCWD</home/szu2070436088/2510044040/CV-SincNet>, "/home/szu2070436088/.conda/envs/CVS-RFFI/lib/python3.10/site-packages/sympy/solvers/__pycache__/bivariate.cpython-310.pyc", O_RDONLY|O_CLOEXEC) = 17</home/szu2070436088/.conda/envs/CVS-RFFI/lib/python3.10/site-packages/sympy/solvers/__pycache__/bivariate.cpython-310.pyc>
1890493 openat(AT_FDCWD</home/szu2070436088/2510044040/CV-SincNet>, "/home/szu2070436088/.conda/envs/CVS-RFFI/lib/python3.10/site-packages/sympy/solvers/diophantine/__pycache__/__init__.cpython-310.pyc", O_RDONLY|O_CLOEXEC) = 17</home/szu2070436088/.conda/envs/CVS-RFFI/lib/python3.10/site-packages/sympy/solvers/diophantine/__pycache__/__init__.cpython-310.pyc>
1890493 openat(AT_FDCWD</home/szu2070436088/2510044040/CV-SincNet>, "/home/szu2070436088/.conda/envs/CVS-RFFI/lib/python3.10/site-packages/sympy/solvers/diophantine", O_RDONLY|O_NONBLOCK|O_CLOEXEC|O_DIRECTORY) = 17</home/szu2070436088/.conda/envs/CVS-RFFI/lib/python3.10/site-packages/sympy/solvers/diophantine>
1890493 openat(AT_FDCWD</home/szu2070436088/2510044040/CV-SincNet>, "/home/szu2070436088/.conda/envs/CVS-RFFI/lib/python3.10/site-packages/sympy/solvers/diophantine/__pycache__/diophantine.cpython-310.pyc", O_RDONLY|O_CLOEXEC) = 17</home/szu2070436088/.conda/envs/CVS-RFFI/lib/python3.10/site-packages/sympy/solvers/diophantine/__pycache__/diophantine.cpython-310.pyc>
1890493 openat(AT_FDCWD</home/szu2070436088/2510044040/CV-SincNet>, "/home/szu2070436088/.conda/envs/CVS-RFFI/lib/python3.10/site-packages/sympy/solvers/__pycache__/solveset.cpython-310.pyc", O_RDONLY|O_CLOEXEC) = 17</home/szu2070436088/.conda/envs/CVS-RFFI/lib/python3.10/site-packages/sympy/solvers/__pycache__/solveset.cpython-310.pyc>
1890493 openat(AT_FDCWD</home/szu2070436088/2510044040/CV-SincNet>, "/home/szu2070436088/.conda/envs/CVS-RFFI/lib/python3.10/site-packages/sympy/solvers/__pycache__/recurr.cpython-310.pyc", O_RDONLY|O_CLOEXEC) = 17</home/szu2070436088/.conda/envs/CVS-RFFI/lib/python3.10/site-packages/sympy/solvers/__pycache__/recurr.cpython-310.pyc>
1890493 openat(AT_FDCWD</home/szu2070436088/2510044040/CV-SincNet>, "/home/szu2070436088/.conda/envs/CVS-RFFI/lib/python3.10/site-packages/sympy/solvers/ode/__pycache__/__init__.cpython-310.pyc", O_RDONLY|O_CLOEXEC) = 17</home/szu2070436088/.conda/envs/CVS-RFFI/lib/python3.10/site-packages/sympy/solvers/ode/__pycache__/__init__.cpython-310.pyc>
1890493 openat(AT_FDCWD</home/szu2070436088/2510044040/CV-SincNet>, "/home/szu2070436088/.conda/envs/CVS-RFFI/lib/python3.10/site-packages/sympy/solvers/ode", O_RDONLY|O_NONBLOCK|O_CLOEXEC|O_DIRECTORY) = 17</home/szu2070436088/.conda/envs/CVS-RFFI/lib/python3.10/site-packages/sympy/solvers/ode>
1890493 openat(AT_FDCWD</home/szu2070436088/2510044040/CV-SincNet>, "/home/szu2070436088/.conda/envs/CVS-RFFI/lib/python3.10/site-packages/sympy/solvers/ode/__pycache__/ode.cpython-310.pyc", O_RDONLY|O_CLOEXEC) = 17</home/szu2070436088/.conda/envs/CVS-RFFI/lib/python3.10/site-packages/sympy/solvers/ode/__pycache__/ode.cpython-310.pyc>
1890493 openat(AT_FDCWD</home/szu2070436088/2510044040/CV-SincNet>, "/home/szu2070436088/.conda/envs/CVS-RFFI/lib/python3.10/site-packages/sympy/solvers/__pycache__/deutils.cpython-310.pyc", O_RDONLY|O_CLOEXEC) = 17</home/szu2070436088/.conda/envs/CVS-RFFI/lib/python3.10/site-packages/sympy/solvers/__pycache__/deutils.cpython-310.pyc>
1890493 openat(AT_FDCWD</home/szu2070436088/2510044040/CV-SincNet>, "/home/szu2070436088/.conda/envs/CVS-RFFI/lib/python3.10/site-packages/sympy/solvers/ode/__pycache__/single.cpython-310.pyc", O_RDONLY|O_CLOEXEC) = 17</home/szu2070436088/.conda/envs/CVS-RFFI/lib/python3.10/site-packages/sympy/solvers/ode/__pycache__/single.cpython-310.pyc>
1890493 openat(AT_FDCWD</home/szu2070436088/2510044040/CV-SincNet>, "/home/szu2070436088/.conda/envs/CVS-RFFI/lib/python3.10/site-packages/sympy/solvers/ode/__pycache__/riccati.cpython-310.pyc", O_RDONLY|O_CLOEXEC) = 17</home/szu2070436088/.conda/envs/CVS-RFFI/lib/python3.10/site-packages/sympy/solvers/ode/__pycache__/riccati.cpython-310.pyc>
1890493 openat(AT_FDCWD</home/szu2070436088/2510044040/CV-SincNet>, "/home/szu2070436088/.conda/envs/CVS-RFFI/lib/python3.10/site-packages/sympy/solvers/ode/__pycache__/hypergeometric.cpython-310.pyc", O_RDONLY|O_CLOEXEC) = 17</home/szu2070436088/.conda/envs/CVS-RFFI/lib/python3.10/site-packages/sympy/solvers/ode/__pycache__/hypergeometric.cpython-310.pyc>
1890493 openat(AT_FDCWD</home/szu2070436088/2510044040/CV-SincNet>, "/home/szu2070436088/.conda/envs/CVS-RFFI/lib/python3.10/site-packages/sympy/solvers/ode/__pycache__/nonhomogeneous.cpython-310.pyc", O_RDONLY|O_CLOEXEC) = 17</home/szu2070436088/.conda/envs/CVS-RFFI/lib/python3.10/site-packages/sympy/solvers/ode/__pycache__/nonhomogeneous.cpython-310.pyc>
1890493 openat(AT_FDCWD</home/szu2070436088/2510044040/CV-SincNet>, "/home/szu2070436088/.conda/envs/CVS-RFFI/lib/python3.10/site-packages/sympy/solvers/ode/__pycache__/subscheck.cpython-310.pyc", O_RDONLY|O_CLOEXEC) = 17</home/szu2070436088/.conda/envs/CVS-RFFI/lib/python3.10/site-packages/sympy/solvers/ode/__pycache__/subscheck.cpython-310.pyc>
1890493 openat(AT_FDCWD</home/szu2070436088/2510044040/CV-SincNet>, "/home/szu2070436088/.conda/envs/CVS-RFFI/lib/python3.10/site-packages/sympy/solvers/ode/__pycache__/lie_group.cpython-310.pyc", O_RDONLY|O_CLOEXEC) = 17</home/szu2070436088/.conda/envs/CVS-RFFI/lib/python3.10/site-packages/sympy/solvers/ode/__pycache__/lie_group.cpython-310.pyc>
1890493 openat(AT_FDCWD</home/szu2070436088/2510044040/CV-SincNet>, "/home/szu2070436088/.conda/envs/CVS-RFFI/lib/python3.10/site-packages/sympy/solvers/__pycache__/pde.cpython-310.pyc", O_RDONLY|O_CLOEXEC) = 17</home/szu2070436088/.conda/envs/CVS-RFFI/lib/python3.10/site-packages/sympy/solvers/__pycache__/pde.cpython-310.pyc>
1890493 openat(AT_FDCWD</home/szu2070436088/2510044040/CV-SincNet>, "/home/szu2070436088/.conda/envs/CVS-RFFI/lib/python3.10/site-packages/sympy/solvers/ode/__pycache__/systems.cpython-310.pyc", O_RDONLY|O_CLOEXEC) = 17</home/szu2070436088/.conda/envs/CVS-RFFI/lib/python3.10/site-packages/sympy/solvers/ode/__pycache__/systems.cpython-310.pyc>
1890493 openat(AT_FDCWD</home/szu2070436088/2510044040/CV-SincNet>, "/home/szu2070436088/.conda/envs/CVS-RFFI/lib/python3.10/site-packages/sympy/solvers/__pycache__/inequalities.cpython-310.pyc", O_RDONLY|O_CLOEXEC) = 17</home/szu2070436088/.conda/envs/CVS-RFFI/lib/python3.10/site-packages/sympy/solvers/__pycache__/inequalities.cpython-310.pyc>
1890493 openat(AT_FDCWD</home/szu2070436088/2510044040/CV-SincNet>, "/home/szu2070436088/.conda/envs/CVS-RFFI/lib/python3.10/site-packages/sympy/solvers/__pycache__/decompogen.cpython-310.pyc", O_RDONLY|O_CLOEXEC) = 17</home/szu2070436088/.conda/envs/CVS-RFFI/lib/python3.10/site-packages/sympy/solvers/__pycache__/decompogen.cpython-310.pyc>
1890493 openat(AT_FDCWD</home/szu2070436088/2510044040/CV-SincNet>, "/home/szu2070436088/.conda/envs/CVS-RFFI/lib/python3.10/site-packages/sympy/solvers/__pycache__/simplex.cpython-310.pyc", O_RDONLY|O_CLOEXEC) = 17</home/szu2070436088/.conda/envs/CVS-RFFI/lib/python3.10/site-packages/sympy/solvers/__pycache__/simplex.cpython-310.pyc>
1890493 openat(AT_FDCWD</home/szu2070436088/2510044040/CV-SincNet>, "/home/szu2070436088/.conda/envs/CVS-RFFI/lib/python3.10/site-packages/sympy/geometry/__pycache__/__init__.cpython-310.pyc", O_RDONLY|O_CLOEXEC) = 17</home/szu2070436088/.conda/envs/CVS-RFFI/lib/python3.10/site-packages/sympy/geometry/__pycache__/__init__.cpython-310.pyc>
1890493 openat(AT_FDCWD</home/szu2070436088/2510044040/CV-SincNet>, "/home/szu2070436088/.conda/envs/CVS-RFFI/lib/python3.10/site-packages/sympy/geometry", O_RDONLY|O_NONBLOCK|O_CLOEXEC|O_DIRECTORY) = 17</home/szu2070436088/.conda/envs/CVS-RFFI/lib/python3.10/site-packages/sympy/geometry>
1890493 openat(AT_FDCWD</home/szu2070436088/2510044040/CV-SincNet>, "/home/szu2070436088/.conda/envs/CVS-RFFI/lib/python3.10/site-packages/sympy/geometry/__pycache__/point.cpython-310.pyc", O_RDONLY|O_CLOEXEC) = 17</home/szu2070436088/.conda/envs/CVS-RFFI/lib/python3.10/site-packages/sympy/geometry/__pycache__/point.cpython-310.pyc>
1890493 openat(AT_FDCWD</home/szu2070436088/2510044040/CV-SincNet>, "/home/szu2070436088/.conda/envs/CVS-RFFI/lib/python3.10/site-packages/sympy/geometry/__pycache__/exceptions.cpython-310.pyc", O_RDONLY|O_CLOEXEC) = 17</home/szu2070436088/.conda/envs/CVS-RFFI/lib/python3.10/site-packages/sympy/geometry/__pycache__/exceptions.cpython-310.pyc>
1890493 openat(AT_FDCWD</home/szu2070436088/2510044040/CV-SincNet>, "/home/szu2070436088/.conda/envs/CVS-RFFI/lib/python3.10/site-packages/sympy/geometry/__pycache__/entity.cpython-310.pyc", O_RDONLY|O_CLOEXEC) = 17</home/szu2070436088/.conda/envs/CVS-RFFI/lib/python3.10/site-packages/sympy/geometry/__pycache__/entity.cpython-310.pyc>
1890493 openat(AT_FDCWD</home/szu2070436088/2510044040/CV-SincNet>, "/home/szu2070436088/.conda/envs/CVS-RFFI/lib/python3.10/site-packages/sympy/sets/handlers/__pycache__/intersection.cpython-310.pyc", O_RDONLY|O_CLOEXEC) = 17</home/szu2070436088/.conda/envs/CVS-RFFI/lib/python3.10/site-packages/sympy/sets/handlers/__pycache__/intersection.cpython-310.pyc>
1890493 openat(AT_FDCWD</home/szu2070436088/2510044040/CV-SincNet>, "/home/szu2070436088/.conda/envs/CVS-RFFI/lib/python3.10/site-packages/sympy/sets/handlers/__pycache__/union.cpython-310.pyc", O_RDONLY|O_CLOEXEC) = 17</home/szu2070436088/.conda/envs/CVS-RFFI/lib/python3.10/site-packages/sympy/sets/handlers/__pycache__/union.cpython-310.pyc>
1890493 openat(AT_FDCWD</home/szu2070436088/2510044040/CV-SincNet>, "/home/szu2070436088/.conda/envs/CVS-RFFI/lib/python3.10/site-packages/sympy/geometry/__pycache__/line.cpython-310.pyc", O_RDONLY|O_CLOEXEC) = 17</home/szu2070436088/.conda/envs/CVS-RFFI/lib/python3.10/site-packages/sympy/geometry/__pycache__/line.cpython-310.pyc>
1890493 openat(AT_FDCWD</home/szu2070436088/2510044040/CV-SincNet>, "/home/szu2070436088/.conda/envs/CVS-RFFI/lib/python3.10/site-packages/sympy/geometry/__pycache__/util.cpython-310.pyc", O_RDONLY|O_CLOEXEC) = 17</home/szu2070436088/.conda/envs/CVS-RFFI/lib/python3.10/site-packages/sympy/geometry/__pycache__/util.cpython-310.pyc>
1890493 openat(AT_FDCWD</home/szu2070436088/2510044040/CV-SincNet>, "/home/szu2070436088/.conda/envs/CVS-RFFI/lib/python3.10/site-packages/sympy/geometry/__pycache__/plane.cpython-310.pyc", O_RDONLY|O_CLOEXEC) = 17</home/szu2070436088/.conda/envs/CVS-RFFI/lib/python3.10/site-packages/sympy/geometry/__pycache__/plane.cpython-310.pyc>
1890493 openat(AT_FDCWD</home/szu2070436088/2510044040/CV-SincNet>, "/home/szu2070436088/.conda/envs/CVS-RFFI/lib/python3.10/site-packages/sympy/geometry/__pycache__/ellipse.cpython-310.pyc", O_RDONLY|O_CLOEXEC) = 17</home/szu2070436088/.conda/envs/CVS-RFFI/lib/python3.10/site-packages/sympy/geometry/__pycache__/ellipse.cpython-310.pyc>
1890493 openat(AT_FDCWD</home/szu2070436088/2510044040/CV-SincNet>, "/home/szu2070436088/.conda/envs/CVS-RFFI/lib/python3.10/site-packages/sympy/geometry/__pycache__/polygon.cpython-310.pyc", O_RDONLY|O_CLOEXEC) = 17</home/szu2070436088/.conda/envs/CVS-RFFI/lib/python3.10/site-packages/sympy/geometry/__pycache__/polygon.cpython-310.pyc>
1890493 openat(AT_FDCWD</home/szu2070436088/2510044040/CV-SincNet>, "/home/szu2070436088/.conda/envs/CVS-RFFI/lib/python3.10/site-packages/sympy/geometry/__pycache__/curve.cpython-310.pyc", O_RDONLY|O_CLOEXEC) = 17</home/szu2070436088/.conda/envs/CVS-RFFI/lib/python3.10/site-packages/sympy/geometry/__pycache__/curve.cpython-310.pyc>
1890493 openat(AT_FDCWD</home/szu2070436088/2510044040/CV-SincNet>, "/home/szu2070436088/.conda/envs/CVS-RFFI/lib/python3.10/site-packages/sympy/geometry/__pycache__/parabola.cpython-310.pyc", O_RDONLY|O_CLOEXEC) = 17</home/szu2070436088/.conda/envs/CVS-RFFI/lib/python3.10/site-packages/sympy/geometry/__pycache__/parabola.cpython-310.pyc>
1890493 openat(AT_FDCWD</home/szu2070436088/2510044040/CV-SincNet>, "/home/szu2070436088/.conda/envs/CVS-RFFI/lib/python3.10/site-packages/sympy/parsing/__pycache__/__init__.cpython-310.pyc", O_RDONLY|O_CLOEXEC) = 17</home/szu2070436088/.conda/envs/CVS-RFFI/lib/python3.10/site-packages/sympy/parsing/__pycache__/__init__.cpython-310.pyc>
1890493 openat(AT_FDCWD</home/szu2070436088/2510044040/CV-SincNet>, "/home/szu2070436088/.conda/envs/CVS-RFFI/lib/python3.10/site-packages/sympy/parsing", O_RDONLY|O_NONBLOCK|O_CLOEXEC|O_DIRECTORY) = 17</home/szu2070436088/.conda/envs/CVS-RFFI/lib/python3.10/site-packages/sympy/parsing>
1890493 openat(AT_FDCWD</home/szu2070436088/2510044040/CV-SincNet>, "/home/szu2070436088/.conda/envs/CVS-RFFI/lib/python3.10/site-packages/sympy/parsing/__pycache__/sympy_parser.cpython-310.pyc", O_RDONLY|O_CLOEXEC) = 17</home/szu2070436088/.conda/envs/CVS-RFFI/lib/python3.10/site-packages/sympy/parsing/__pycache__/sympy_parser.cpython-310.pyc>
1890493 openat(AT_FDCWD</home/szu2070436088/2510044040/CV-SincNet>, "/home/szu2070436088/.conda/envs/CVS-RFFI/lib/python3.10/site-packages/sympy/algebras/__pycache__/__init__.cpython-310.pyc", O_RDONLY|O_CLOEXEC) = 17</home/szu2070436088/.conda/envs/CVS-RFFI/lib/python3.10/site-packages/sympy/algebras/__pycache__/__init__.cpython-310.pyc>
1890493 openat(AT_FDCWD</home/szu2070436088/2510044040/CV-SincNet>, "/home/szu2070436088/.conda/envs/CVS-RFFI/lib/python3.10/site-packages/sympy/algebras", O_RDONLY|O_NONBLOCK|O_CLOEXEC|O_DIRECTORY) = 17</home/szu2070436088/.conda/envs/CVS-RFFI/lib/python3.10/site-packages/sympy/algebras>
1890493 openat(AT_FDCWD</home/szu2070436088/2510044040/CV-SincNet>, "/home/szu2070436088/.conda/envs/CVS-RFFI/lib/python3.10/site-packages/sympy/algebras/__pycache__/quaternion.cpython-310.pyc", O_RDONLY|O_CLOEXEC) = 17</home/szu2070436088/.conda/envs/CVS-RFFI/lib/python3.10/site-packages/sympy/algebras/__pycache__/quaternion.cpython-310.pyc>
1890493 openat(AT_FDCWD</home/szu2070436088/2510044040/CV-SincNet>, "/home/szu2070436088/.conda/envs/CVS-RFFI/lib/python3.10/site-packages/sympy/plotting/__pycache__/__init__.cpython-310.pyc", O_RDONLY|O_CLOEXEC) = 17</home/szu2070436088/.conda/envs/CVS-RFFI/lib/python3.10/site-packages/sympy/plotting/__pycache__/__init__.cpython-310.pyc>
1890493 openat(AT_FDCWD</home/szu2070436088/2510044040/CV-SincNet>, "/home/szu2070436088/.conda/envs/CVS-RFFI/lib/python3.10/site-packages/sympy/plotting", O_RDONLY|O_NONBLOCK|O_CLOEXEC|O_DIRECTORY) = 17</home/szu2070436088/.conda/envs/CVS-RFFI/lib/python3.10/site-packages/sympy/plotting>
1890493 openat(AT_FDCWD</home/szu2070436088/2510044040/CV-SincNet>, "/home/szu2070436088/.conda/envs/CVS-RFFI/lib/python3.10/site-packages/sympy/plotting/__pycache__/plot.cpython-310.pyc", O_RDONLY|O_CLOEXEC) = 17</home/szu2070436088/.conda/envs/CVS-RFFI/lib/python3.10/site-packages/sympy/plotting/__pycache__/plot.cpython-310.pyc>
1890493 openat(AT_FDCWD</home/szu2070436088/2510044040/CV-SincNet>, "/home/szu2070436088/.conda/envs/CVS-RFFI/lib/python3.10/site-packages/sympy/plotting/backends/__pycache__/__init__.cpython-310.pyc", O_RDONLY|O_CLOEXEC) = 17</home/szu2070436088/.conda/envs/CVS-RFFI/lib/python3.10/site-packages/sympy/plotting/backends/__pycache__/__init__.cpython-310.pyc>
1890493 openat(AT_FDCWD</home/szu2070436088/2510044040/CV-SincNet>, "/home/szu2070436088/.conda/envs/CVS-RFFI/lib/python3.10/site-packages/sympy/plotting/backends", O_RDONLY|O_NONBLOCK|O_CLOEXEC|O_DIRECTORY) = 17</home/szu2070436088/.conda/envs/CVS-RFFI/lib/python3.10/site-packages/sympy/plotting/backends>
1890493 openat(AT_FDCWD</home/szu2070436088/2510044040/CV-SincNet>, "/home/szu2070436088/.conda/envs/CVS-RFFI/lib/python3.10/site-packages/sympy/plotting/backends/__pycache__/base_backend.cpython-310.pyc", O_RDONLY|O_CLOEXEC) = 17</home/szu2070436088/.conda/envs/CVS-RFFI/lib/python3.10/site-packages/sympy/plotting/backends/__pycache__/base_backend.cpython-310.pyc>
1890493 openat(AT_FDCWD</home/szu2070436088/2510044040/CV-SincNet>, "/home/szu2070436088/.conda/envs/CVS-RFFI/lib/python3.10/site-packages/sympy/plotting/__pycache__/series.cpython-310.pyc", O_RDONLY|O_CLOEXEC) = 17</home/szu2070436088/.conda/envs/CVS-RFFI/lib/python3.10/site-packages/sympy/plotting/__pycache__/series.cpython-310.pyc>
1890493 openat(AT_FDCWD</home/szu2070436088/2510044040/CV-SincNet>, "/home/szu2070436088/.conda/envs/CVS-RFFI/lib/python3.10/site-packages/sympy/plotting/__pycache__/utils.cpython-310.pyc", O_RDONLY|O_CLOEXEC) = 17</home/szu2070436088/.conda/envs/CVS-RFFI/lib/python3.10/site-packages/sympy/plotting/__pycache__/utils.cpython-310.pyc>
1890493 openat(AT_FDCWD</home/szu2070436088/2510044040/CV-SincNet>, "/home/szu2070436088/.conda/envs/CVS-RFFI/lib/python3.10/site-packages/sympy/plotting/intervalmath/__pycache__/__init__.cpython-310.pyc", O_RDONLY|O_CLOEXEC) = 17</home/szu2070436088/.conda/envs/CVS-RFFI/lib/python3.10/site-packages/sympy/plotting/intervalmath/__pycache__/__init__.cpython-310.pyc>
1890493 openat(AT_FDCWD</home/szu2070436088/2510044040/CV-SincNet>, "/home/szu2070436088/.conda/envs/CVS-RFFI/lib/python3.10/site-packages/sympy/plotting/intervalmath", O_RDONLY|O_NONBLOCK|O_CLOEXEC|O_DIRECTORY) = 17</home/szu2070436088/.conda/envs/CVS-RFFI/lib/python3.10/site-packages/sympy/plotting/intervalmath>
1890493 openat(AT_FDCWD</home/szu2070436088/2510044040/CV-SincNet>, "/home/szu2070436088/.conda/envs/CVS-RFFI/lib/python3.10/site-packages/sympy/plotting/intervalmath/__pycache__/interval_arithmetic.cpython-310.pyc", O_RDONLY|O_CLOEXEC) = 17</home/szu2070436088/.conda/envs/CVS-RFFI/lib/python3.10/site-packages/sympy/plotting/intervalmath/__pycache__/interval_arithmetic.cpython-310.pyc>
1890493 openat(AT_FDCWD</home/szu2070436088/2510044040/CV-SincNet>, "/home/szu2070436088/.conda/envs/CVS-RFFI/lib/python3.10/site-packages/sympy/plotting/intervalmath/__pycache__/interval_membership.cpython-310.pyc", O_RDONLY|O_CLOEXEC) = 17</home/szu2070436088/.conda/envs/CVS-RFFI/lib/python3.10/site-packages/sympy/plotting/intervalmath/__pycache__/interval_membership.cpython-310.pyc>
1890493 openat(AT_FDCWD</home/szu2070436088/2510044040/CV-SincNet>, "/home/szu2070436088/.conda/envs/CVS-RFFI/lib/python3.10/site-packages/sympy/plotting/intervalmath/__pycache__/lib_interval.cpython-310.pyc", O_RDONLY|O_CLOEXEC) = 17</home/szu2070436088/.conda/envs/CVS-RFFI/lib/python3.10/site-packages/sympy/plotting/intervalmath/__pycache__/lib_interval.cpython-310.pyc>
1890493 openat(AT_FDCWD</home/szu2070436088/2510044040/CV-SincNet>, "/home/szu2070436088/.conda/envs/CVS-RFFI/lib/python3.10/site-packages/sympy/plotting/backends/matplotlibbackend/__pycache__/__init__.cpython-310.pyc", O_RDONLY|O_CLOEXEC) = 17</home/szu2070436088/.conda/envs/CVS-RFFI/lib/python3.10/site-packages/sympy/plotting/backends/matplotlibbackend/__pycache__/__init__.cpython-310.pyc>
1890493 openat(AT_FDCWD</home/szu2070436088/2510044040/CV-SincNet>, "/home/szu2070436088/.conda/envs/CVS-RFFI/lib/python3.10/site-packages/sympy/plotting/backends/matplotlibbackend", O_RDONLY|O_NONBLOCK|O_CLOEXEC|O_DIRECTORY) = 17</home/szu2070436088/.conda/envs/CVS-RFFI/lib/python3.10/site-packages/sympy/plotting/backends/matplotlibbackend>
1890493 openat(AT_FDCWD</home/szu2070436088/2510044040/CV-SincNet>, "/home/szu2070436088/.conda/envs/CVS-RFFI/lib/python3.10/site-packages/sympy/plotting/backends/matplotlibbackend/__pycache__/matplotlib.cpython-310.pyc", O_RDONLY|O_CLOEXEC) = 17</home/szu2070436088/.conda/envs/CVS-RFFI/lib/python3.10/site-packages/sympy/plotting/backends/matplotlibbackend/__pycache__/matplotlib.cpython-310.pyc>
1890493 openat(AT_FDCWD</home/szu2070436088/2510044040/CV-SincNet>, "/home/szu2070436088/.conda/envs/CVS-RFFI/lib/python3.10/site-packages/sympy/plotting/backends/textbackend/__pycache__/__init__.cpython-310.pyc", O_RDONLY|O_CLOEXEC) = 17</home/szu2070436088/.conda/envs/CVS-RFFI/lib/python3.10/site-packages/sympy/plotting/backends/textbackend/__pycache__/__init__.cpython-310.pyc>
1890493 openat(AT_FDCWD</home/szu2070436088/2510044040/CV-SincNet>, "/home/szu2070436088/.conda/envs/CVS-RFFI/lib/python3.10/site-packages/sympy/plotting/backends/textbackend", O_RDONLY|O_NONBLOCK|O_CLOEXEC|O_DIRECTORY) = 17</home/szu2070436088/.conda/envs/CVS-RFFI/lib/python3.10/site-packages/sympy/plotting/backends/textbackend>
1890493 openat(AT_FDCWD</home/szu2070436088/2510044040/CV-SincNet>, "/home/szu2070436088/.conda/envs/CVS-RFFI/lib/python3.10/site-packages/sympy/plotting/backends/textbackend/__pycache__/text.cpython-310.pyc", O_RDONLY|O_CLOEXEC) = 17</home/szu2070436088/.conda/envs/CVS-RFFI/lib/python3.10/site-packages/sympy/plotting/backends/textbackend/__pycache__/text.cpython-310.pyc>
1890493 openat(AT_FDCWD</home/szu2070436088/2510044040/CV-SincNet>, "/home/szu2070436088/.conda/envs/CVS-RFFI/lib/python3.10/site-packages/sympy/plotting/__pycache__/textplot.cpython-310.pyc", O_RDONLY|O_CLOEXEC) = 17</home/szu2070436088/.conda/envs/CVS-RFFI/lib/python3.10/site-packages/sympy/plotting/__pycache__/textplot.cpython-310.pyc>
1890493 openat(AT_FDCWD</home/szu2070436088/2510044040/CV-SincNet>, "/home/szu2070436088/.conda/envs/CVS-RFFI/lib/python3.10/site-packages/sympy/plotting/__pycache__/plotgrid.cpython-310.pyc", O_RDONLY|O_CLOEXEC) = 17</home/szu2070436088/.conda/envs/CVS-RFFI/lib/python3.10/site-packages/sympy/plotting/__pycache__/plotgrid.cpython-310.pyc>
1890493 openat(AT_FDCWD</home/szu2070436088/2510044040/CV-SincNet>, "/home/szu2070436088/.conda/envs/CVS-RFFI/lib/python3.10/site-packages/sympy/plotting/__pycache__/plot_implicit.cpython-310.pyc", O_RDONLY|O_CLOEXEC) = 17</home/szu2070436088/.conda/envs/CVS-RFFI/lib/python3.10/site-packages/sympy/plotting/__pycache__/plot_implicit.cpython-310.pyc>
1890493 openat(AT_FDCWD</home/szu2070436088/2510044040/CV-SincNet>, "/home/szu2070436088/.conda/envs/CVS-RFFI/lib/python3.10/site-packages/sympy/plotting/pygletplot/__pycache__/__init__.cpython-310.pyc", O_RDONLY|O_CLOEXEC) = 17</home/szu2070436088/.conda/envs/CVS-RFFI/lib/python3.10/site-packages/sympy/plotting/pygletplot/__pycache__/__init__.cpython-310.pyc>
1890493 openat(AT_FDCWD</home/szu2070436088/2510044040/CV-SincNet>, "/home/szu2070436088/.conda/envs/CVS-RFFI/lib/python3.10/site-packages/sympy/interactive/__pycache__/__init__.cpython-310.pyc", O_RDONLY|O_CLOEXEC) = 17</home/szu2070436088/.conda/envs/CVS-RFFI/lib/python3.10/site-packages/sympy/interactive/__pycache__/__init__.cpython-310.pyc>
1890493 openat(AT_FDCWD</home/szu2070436088/2510044040/CV-SincNet>, "/home/szu2070436088/.conda/envs/CVS-RFFI/lib/python3.10/site-packages/sympy/interactive", O_RDONLY|O_NONBLOCK|O_CLOEXEC|O_DIRECTORY) = 17</home/szu2070436088/.conda/envs/CVS-RFFI/lib/python3.10/site-packages/sympy/interactive>
1890493 openat(AT_FDCWD</home/szu2070436088/2510044040/CV-SincNet>, "/home/szu2070436088/.conda/envs/CVS-RFFI/lib/python3.10/site-packages/sympy/interactive/__pycache__/printing.cpython-310.pyc", O_RDONLY|O_CLOEXEC) = 17</home/szu2070436088/.conda/envs/CVS-RFFI/lib/python3.10/site-packages/sympy/interactive/__pycache__/printing.cpython-310.pyc>
1890493 openat(AT_FDCWD</home/szu2070436088/2510044040/CV-SincNet>, "/home/szu2070436088/.conda/envs/CVS-RFFI/lib/python3.10/site-packages/sympy/interactive/__pycache__/session.cpython-310.pyc", O_RDONLY|O_CLOEXEC) = 17</home/szu2070436088/.conda/envs/CVS-RFFI/lib/python3.10/site-packages/sympy/interactive/__pycache__/session.cpython-310.pyc>
1890493 openat(AT_FDCWD</home/szu2070436088/2510044040/CV-SincNet>, "/home/szu2070436088/.conda/envs/CVS-RFFI/lib/python3.10/site-packages/sympy/interactive/__pycache__/traversal.cpython-310.pyc", O_RDONLY|O_CLOEXEC) = 17</home/szu2070436088/.conda/envs/CVS-RFFI/lib/python3.10/site-packages/sympy/interactive/__pycache__/traversal.cpython-310.pyc>
1890493 openat(AT_FDCWD</home/szu2070436088/2510044040/CV-SincNet>, "/home/szu2070436088/.conda/envs/CVS-RFFI/lib/python3.10/site-packages/torch/export/__pycache__/__init__.cpython-310.pyc", O_RDONLY|O_CLOEXEC) = 17</home/szu2070436088/.conda/envs/CVS-RFFI/lib/python3.10/site-packages/torch/export/__pycache__/__init__.cpython-310.pyc>
1890493 openat(AT_FDCWD</home/szu2070436088/2510044040/CV-SincNet>, "/home/szu2070436088/.conda/envs/CVS-RFFI/lib/python3.10/site-packages/torch/fx/experimental/__pycache__/__init__.cpython-310.pyc", O_RDONLY|O_CLOEXEC) = 17</home/szu2070436088/.conda/envs/CVS-RFFI/lib/python3.10/site-packages/torch/fx/experimental/__pycache__/__init__.cpython-310.pyc>
1890493 openat(AT_FDCWD</home/szu2070436088/2510044040/CV-SincNet>, "/home/szu2070436088/.conda/envs/CVS-RFFI/lib/python3.10/site-packages/torch/fx/experimental", O_RDONLY|O_NONBLOCK|O_CLOEXEC|O_DIRECTORY) = 17</home/szu2070436088/.conda/envs/CVS-RFFI/lib/python3.10/site-packages/torch/fx/experimental>
1890493 openat(AT_FDCWD</home/szu2070436088/2510044040/CV-SincNet>, "/home/szu2070436088/.conda/envs/CVS-RFFI/lib/python3.10/site-packages/torch/fx/experimental/__pycache__/symbolic_shapes.cpython-310.pyc", O_RDONLY|O_CLOEXEC) = 17</home/szu2070436088/.conda/envs/CVS-RFFI/lib/python3.10/site-packages/torch/fx/experimental/__pycache__/symbolic_shapes.cpython-310.pyc>
1890493 openat(AT_FDCWD</home/szu2070436088/2510044040/CV-SincNet>, "/home/szu2070436088/.conda/envs/CVS-RFFI/lib/python3.10/site-packages/torch/__pycache__/_guards.cpython-310.pyc", O_RDONLY|O_CLOEXEC) = 17</home/szu2070436088/.conda/envs/CVS-RFFI/lib/python3.10/site-packages/torch/__pycache__/_guards.cpython-310.pyc>
1890493 openat(AT_FDCWD</home/szu2070436088/2510044040/CV-SincNet>, "/home/szu2070436088/.conda/envs/CVS-RFFI/lib/python3.10/unittest/__pycache__/__init__.cpython-310.pyc", O_RDONLY|O_CLOEXEC) = 17</home/szu2070436088/.conda/envs/CVS-RFFI/lib/python3.10/unittest/__pycache__/__init__.cpython-310.pyc>
1890493 openat(AT_FDCWD</home/szu2070436088/2510044040/CV-SincNet>, "/home/szu2070436088/.conda/envs/CVS-RFFI/lib/python3.10/unittest", O_RDONLY|O_NONBLOCK|O_CLOEXEC|O_DIRECTORY) = 17</home/szu2070436088/.conda/envs/CVS-RFFI/lib/python3.10/unittest>
1890493 openat(AT_FDCWD</home/szu2070436088/2510044040/CV-SincNet>, "/home/szu2070436088/.conda/envs/CVS-RFFI/lib/python3.10/unittest/__pycache__/result.cpython-310.pyc", O_RDONLY|O_CLOEXEC) = 17</home/szu2070436088/.conda/envs/CVS-RFFI/lib/python3.10/unittest/__pycache__/result.cpython-310.pyc>
1890493 openat(AT_FDCWD</home/szu2070436088/2510044040/CV-SincNet>, "/home/szu2070436088/.conda/envs/CVS-RFFI/lib/python3.10/unittest/__pycache__/util.cpython-310.pyc", O_RDONLY|O_CLOEXEC) = 17</home/szu2070436088/.conda/envs/CVS-RFFI/lib/python3.10/unittest/__pycache__/util.cpython-310.pyc>
1890493 openat(AT_FDCWD</home/szu2070436088/2510044040/CV-SincNet>, "/home/szu2070436088/.conda/envs/CVS-RFFI/lib/python3.10/unittest/__pycache__/case.cpython-310.pyc", O_RDONLY|O_CLOEXEC) = 17</home/szu2070436088/.conda/envs/CVS-RFFI/lib/python3.10/unittest/__pycache__/case.cpython-310.pyc>
1890493 openat(AT_FDCWD</home/szu2070436088/2510044040/CV-SincNet>, "/home/szu2070436088/.conda/envs/CVS-RFFI/lib/python3.10/__pycache__/pprint.cpython-310.pyc", O_RDONLY|O_CLOEXEC) = 17</home/szu2070436088/.conda/envs/CVS-RFFI/lib/python3.10/__pycache__/pprint.cpython-310.pyc>
1890493 openat(AT_FDCWD</home/szu2070436088/2510044040/CV-SincNet>, "/home/szu2070436088/.conda/envs/CVS-RFFI/lib/python3.10/unittest/__pycache__/suite.cpython-310.pyc", O_RDONLY|O_CLOEXEC) = 17</home/szu2070436088/.conda/envs/CVS-RFFI/lib/python3.10/unittest/__pycache__/suite.cpython-310.pyc>
1890493 openat(AT_FDCWD</home/szu2070436088/2510044040/CV-SincNet>, "/home/szu2070436088/.conda/envs/CVS-RFFI/lib/python3.10/unittest/__pycache__/loader.cpython-310.pyc", O_RDONLY|O_CLOEXEC) = 17</home/szu2070436088/.conda/envs/CVS-RFFI/lib/python3.10/unittest/__pycache__/loader.cpython-310.pyc>
1890493 openat(AT_FDCWD</home/szu2070436088/2510044040/CV-SincNet>, "/home/szu2070436088/.conda/envs/CVS-RFFI/lib/python3.10/unittest/__pycache__/main.cpython-310.pyc", O_RDONLY|O_CLOEXEC) = 17</home/szu2070436088/.conda/envs/CVS-RFFI/lib/python3.10/unittest/__pycache__/main.cpython-310.pyc>
1890493 openat(AT_FDCWD</home/szu2070436088/2510044040/CV-SincNet>, "/home/szu2070436088/.conda/envs/CVS-RFFI/lib/python3.10/unittest/__pycache__/runner.cpython-310.pyc", O_RDONLY|O_CLOEXEC) = 17</home/szu2070436088/.conda/envs/CVS-RFFI/lib/python3.10/unittest/__pycache__/runner.cpython-310.pyc>
1890493 openat(AT_FDCWD</home/szu2070436088/2510044040/CV-SincNet>, "/home/szu2070436088/.conda/envs/CVS-RFFI/lib/python3.10/unittest/__pycache__/signals.cpython-310.pyc", O_RDONLY|O_CLOEXEC) = 17</home/szu2070436088/.conda/envs/CVS-RFFI/lib/python3.10/unittest/__pycache__/signals.cpython-310.pyc>
1890493 openat(AT_FDCWD</home/szu2070436088/2510044040/CV-SincNet>, "/home/szu2070436088/.conda/envs/CVS-RFFI/lib/python3.10/unittest/__pycache__/mock.cpython-310.pyc", O_RDONLY|O_CLOEXEC) = 17</home/szu2070436088/.conda/envs/CVS-RFFI/lib/python3.10/unittest/__pycache__/mock.cpython-310.pyc>
1890493 openat(AT_FDCWD</home/szu2070436088/2510044040/CV-SincNet>, "/home/szu2070436088/.conda/envs/CVS-RFFI/lib/python3.10/asyncio/__pycache__/__init__.cpython-310.pyc", O_RDONLY|O_CLOEXEC) = 17</home/szu2070436088/.conda/envs/CVS-RFFI/lib/python3.10/asyncio/__pycache__/__init__.cpython-310.pyc>
1890493 openat(AT_FDCWD</home/szu2070436088/2510044040/CV-SincNet>, "/home/szu2070436088/.conda/envs/CVS-RFFI/lib/python3.10/asyncio", O_RDONLY|O_NONBLOCK|O_CLOEXEC|O_DIRECTORY) = 17</home/szu2070436088/.conda/envs/CVS-RFFI/lib/python3.10/asyncio>
1890493 openat(AT_FDCWD</home/szu2070436088/2510044040/CV-SincNet>, "/home/szu2070436088/.conda/envs/CVS-RFFI/lib/python3.10/asyncio/__pycache__/base_events.cpython-310.pyc", O_RDONLY|O_CLOEXEC) = 17</home/szu2070436088/.conda/envs/CVS-RFFI/lib/python3.10/asyncio/__pycache__/base_events.cpython-310.pyc>
1890493 openat(AT_FDCWD</home/szu2070436088/2510044040/CV-SincNet>, "/home/szu2070436088/.conda/envs/CVS-RFFI/lib/python3.10/concurrent/__pycache__/__init__.cpython-310.pyc", O_RDONLY|O_CLOEXEC) = 17</home/szu2070436088/.conda/envs/CVS-RFFI/lib/python3.10/concurrent/__pycache__/__init__.cpython-310.pyc>
1890493 openat(AT_FDCWD</home/szu2070436088/2510044040/CV-SincNet>, "/home/szu2070436088/.conda/envs/CVS-RFFI/lib/python3.10/concurrent", O_RDONLY|O_NONBLOCK|O_CLOEXEC|O_DIRECTORY) = 17</home/szu2070436088/.conda/envs/CVS-RFFI/lib/python3.10/concurrent>
1890493 openat(AT_FDCWD</home/szu2070436088/2510044040/CV-SincNet>, "/home/szu2070436088/.conda/envs/CVS-RFFI/lib/python3.10/concurrent/futures/__pycache__/__init__.cpython-310.pyc", O_RDONLY|O_CLOEXEC) = 17</home/szu2070436088/.conda/envs/CVS-RFFI/lib/python3.10/concurrent/futures/__pycache__/__init__.cpython-310.pyc>
1890493 openat(AT_FDCWD</home/szu2070436088/2510044040/CV-SincNet>, "/home/szu2070436088/.conda/envs/CVS-RFFI/lib/python3.10/concurrent/futures", O_RDONLY|O_NONBLOCK|O_CLOEXEC|O_DIRECTORY) = 17</home/szu2070436088/.conda/envs/CVS-RFFI/lib/python3.10/concurrent/futures>
1890493 openat(AT_FDCWD</home/szu2070436088/2510044040/CV-SincNet>, "/home/szu2070436088/.conda/envs/CVS-RFFI/lib/python3.10/concurrent/futures/__pycache__/_base.cpython-310.pyc", O_RDONLY|O_CLOEXEC) = 17</home/szu2070436088/.conda/envs/CVS-RFFI/lib/python3.10/concurrent/futures/__pycache__/_base.cpython-310.pyc>
1890493 openat(AT_FDCWD</home/szu2070436088/2510044040/CV-SincNet>, "/home/szu2070436088/.conda/envs/CVS-RFFI/lib/python3.10/asyncio/__pycache__/constants.cpython-310.pyc", O_RDONLY|O_CLOEXEC) = 17</home/szu2070436088/.conda/envs/CVS-RFFI/lib/python3.10/asyncio/__pycache__/constants.cpython-310.pyc>
1890493 openat(AT_FDCWD</home/szu2070436088/2510044040/CV-SincNet>, "/home/szu2070436088/.conda/envs/CVS-RFFI/lib/python3.10/asyncio/__pycache__/coroutines.cpython-310.pyc", O_RDONLY|O_CLOEXEC) = 17</home/szu2070436088/.conda/envs/CVS-RFFI/lib/python3.10/asyncio/__pycache__/coroutines.cpython-310.pyc>
1890493 openat(AT_FDCWD</home/szu2070436088/2510044040/CV-SincNet>, "/home/szu2070436088/.conda/envs/CVS-RFFI/lib/python3.10/asyncio/__pycache__/base_futures.cpython-310.pyc", O_RDONLY|O_CLOEXEC) = 17</home/szu2070436088/.conda/envs/CVS-RFFI/lib/python3.10/asyncio/__pycache__/base_futures.cpython-310.pyc>
1890493 openat(AT_FDCWD</home/szu2070436088/2510044040/CV-SincNet>, "/home/szu2070436088/.conda/envs/CVS-RFFI/lib/python3.10/asyncio/__pycache__/format_helpers.cpython-310.pyc", O_RDONLY|O_CLOEXEC) = 17</home/szu2070436088/.conda/envs/CVS-RFFI/lib/python3.10/asyncio/__pycache__/format_helpers.cpython-310.pyc>
1890493 openat(AT_FDCWD</home/szu2070436088/2510044040/CV-SincNet>, "/home/szu2070436088/.conda/envs/CVS-RFFI/lib/python3.10/asyncio/__pycache__/log.cpython-310.pyc", O_RDONLY|O_CLOEXEC) = 17</home/szu2070436088/.conda/envs/CVS-RFFI/lib/python3.10/asyncio/__pycache__/log.cpython-310.pyc>
1890493 openat(AT_FDCWD</home/szu2070436088/2510044040/CV-SincNet>, "/home/szu2070436088/.conda/envs/CVS-RFFI/lib/python3.10/asyncio/__pycache__/events.cpython-310.pyc", O_RDONLY|O_CLOEXEC) = 17</home/szu2070436088/.conda/envs/CVS-RFFI/lib/python3.10/asyncio/__pycache__/events.cpython-310.pyc>
1890493 openat(AT_FDCWD</home/szu2070436088/2510044040/CV-SincNet>, "/home/szu2070436088/.conda/envs/CVS-RFFI/lib/python3.10/lib-dynload/_asyncio.cpython-310-x86_64-linux-gnu.so", O_RDONLY|O_CLOEXEC) = 17</home/szu2070436088/.conda/envs/CVS-RFFI/lib/python3.10/lib-dynload/_asyncio.cpython-310-x86_64-linux-gnu.so>
1890493 openat(AT_FDCWD</home/szu2070436088/2510044040/CV-SincNet>, "/home/szu2070436088/.conda/envs/CVS-RFFI/lib/python3.10/asyncio/__pycache__/exceptions.cpython-310.pyc", O_RDONLY|O_CLOEXEC) = 17</home/szu2070436088/.conda/envs/CVS-RFFI/lib/python3.10/asyncio/__pycache__/exceptions.cpython-310.pyc>
1890493 openat(AT_FDCWD</home/szu2070436088/2510044040/CV-SincNet>, "/home/szu2070436088/.conda/envs/CVS-RFFI/lib/python3.10/asyncio/__pycache__/base_tasks.cpython-310.pyc", O_RDONLY|O_CLOEXEC) = 17</home/szu2070436088/.conda/envs/CVS-RFFI/lib/python3.10/asyncio/__pycache__/base_tasks.cpython-310.pyc>
1890493 openat(AT_FDCWD</home/szu2070436088/2510044040/CV-SincNet>, "/home/szu2070436088/.conda/envs/CVS-RFFI/lib/python3.10/asyncio/__pycache__/futures.cpython-310.pyc", O_RDONLY|O_CLOEXEC) = 17</home/szu2070436088/.conda/envs/CVS-RFFI/lib/python3.10/asyncio/__pycache__/futures.cpython-310.pyc>
1890493 openat(AT_FDCWD</home/szu2070436088/2510044040/CV-SincNet>, "/home/szu2070436088/.conda/envs/CVS-RFFI/lib/python3.10/asyncio/__pycache__/protocols.cpython-310.pyc", O_RDONLY|O_CLOEXEC) = 17</home/szu2070436088/.conda/envs/CVS-RFFI/lib/python3.10/asyncio/__pycache__/protocols.cpython-310.pyc>
1890493 openat(AT_FDCWD</home/szu2070436088/2510044040/CV-SincNet>, "/home/szu2070436088/.conda/envs/CVS-RFFI/lib/python3.10/asyncio/__pycache__/sslproto.cpython-310.pyc", O_RDONLY|O_CLOEXEC) = 17</home/szu2070436088/.conda/envs/CVS-RFFI/lib/python3.10/asyncio/__pycache__/sslproto.cpython-310.pyc>
1890493 openat(AT_FDCWD</home/szu2070436088/2510044040/CV-SincNet>, "/home/szu2070436088/.conda/envs/CVS-RFFI/lib/python3.10/asyncio/__pycache__/transports.cpython-310.pyc", O_RDONLY|O_CLOEXEC) = 17</home/szu2070436088/.conda/envs/CVS-RFFI/lib/python3.10/asyncio/__pycache__/transports.cpython-310.pyc>
1890493 openat(AT_FDCWD</home/szu2070436088/2510044040/CV-SincNet>, "/home/szu2070436088/.conda/envs/CVS-RFFI/lib/python3.10/asyncio/__pycache__/staggered.cpython-310.pyc", O_RDONLY|O_CLOEXEC) = 17</home/szu2070436088/.conda/envs/CVS-RFFI/lib/python3.10/asyncio/__pycache__/staggered.cpython-310.pyc>
1890493 openat(AT_FDCWD</home/szu2070436088/2510044040/CV-SincNet>, "/home/szu2070436088/.conda/envs/CVS-RFFI/lib/python3.10/asyncio/__pycache__/locks.cpython-310.pyc", O_RDONLY|O_CLOEXEC) = 17</home/szu2070436088/.conda/envs/CVS-RFFI/lib/python3.10/asyncio/__pycache__/locks.cpython-310.pyc>
1890493 openat(AT_FDCWD</home/szu2070436088/2510044040/CV-SincNet>, "/home/szu2070436088/.conda/envs/CVS-RFFI/lib/python3.10/asyncio/__pycache__/mixins.cpython-310.pyc", O_RDONLY|O_CLOEXEC) = 17</home/szu2070436088/.conda/envs/CVS-RFFI/lib/python3.10/asyncio/__pycache__/mixins.cpython-310.pyc>
1890493 openat(AT_FDCWD</home/szu2070436088/2510044040/CV-SincNet>, "/home/szu2070436088/.conda/envs/CVS-RFFI/lib/python3.10/asyncio/__pycache__/tasks.cpython-310.pyc", O_RDONLY|O_CLOEXEC) = 17</home/szu2070436088/.conda/envs/CVS-RFFI/lib/python3.10/asyncio/__pycache__/tasks.cpython-310.pyc>
1890493 openat(AT_FDCWD</home/szu2070436088/2510044040/CV-SincNet>, "/home/szu2070436088/.conda/envs/CVS-RFFI/lib/python3.10/asyncio/__pycache__/trsock.cpython-310.pyc", O_RDONLY|O_CLOEXEC) = 17</home/szu2070436088/.conda/envs/CVS-RFFI/lib/python3.10/asyncio/__pycache__/trsock.cpython-310.pyc>
1890493 openat(AT_FDCWD</home/szu2070436088/2510044040/CV-SincNet>, "/home/szu2070436088/.conda/envs/CVS-RFFI/lib/python3.10/asyncio/__pycache__/runners.cpython-310.pyc", O_RDONLY|O_CLOEXEC) = 17</home/szu2070436088/.conda/envs/CVS-RFFI/lib/python3.10/asyncio/__pycache__/runners.cpython-310.pyc>
1890493 openat(AT_FDCWD</home/szu2070436088/2510044040/CV-SincNet>, "/home/szu2070436088/.conda/envs/CVS-RFFI/lib/python3.10/asyncio/__pycache__/queues.cpython-310.pyc", O_RDONLY|O_CLOEXEC) = 17</home/szu2070436088/.conda/envs/CVS-RFFI/lib/python3.10/asyncio/__pycache__/queues.cpython-310.pyc>
1890493 openat(AT_FDCWD</home/szu2070436088/2510044040/CV-SincNet>, "/home/szu2070436088/.conda/envs/CVS-RFFI/lib/python3.10/asyncio/__pycache__/streams.cpython-310.pyc", O_RDONLY|O_CLOEXEC) = 17</home/szu2070436088/.conda/envs/CVS-RFFI/lib/python3.10/asyncio/__pycache__/streams.cpython-310.pyc>
1890493 openat(AT_FDCWD</home/szu2070436088/2510044040/CV-SincNet>, "/home/szu2070436088/.conda/envs/CVS-RFFI/lib/python3.10/asyncio/__pycache__/subprocess.cpython-310.pyc", O_RDONLY|O_CLOEXEC) = 17</home/szu2070436088/.conda/envs/CVS-RFFI/lib/python3.10/asyncio/__pycache__/subprocess.cpython-310.pyc>
1890493 openat(AT_FDCWD</home/szu2070436088/2510044040/CV-SincNet>, "/home/szu2070436088/.conda/envs/CVS-RFFI/lib/python3.10/asyncio/__pycache__/threads.cpython-310.pyc", O_RDONLY|O_CLOEXEC) = 17</home/szu2070436088/.conda/envs/CVS-RFFI/lib/python3.10/asyncio/__pycache__/threads.cpython-310.pyc>
1890493 openat(AT_FDCWD</home/szu2070436088/2510044040/CV-SincNet>, "/home/szu2070436088/.conda/envs/CVS-RFFI/lib/python3.10/asyncio/__pycache__/unix_events.cpython-310.pyc", O_RDONLY|O_CLOEXEC) = 17</home/szu2070436088/.conda/envs/CVS-RFFI/lib/python3.10/asyncio/__pycache__/unix_events.cpython-310.pyc>
1890493 openat(AT_FDCWD</home/szu2070436088/2510044040/CV-SincNet>, "/home/szu2070436088/.conda/envs/CVS-RFFI/lib/python3.10/asyncio/__pycache__/base_subprocess.cpython-310.pyc", O_RDONLY|O_CLOEXEC) = 17</home/szu2070436088/.conda/envs/CVS-RFFI/lib/python3.10/asyncio/__pycache__/base_subprocess.cpython-310.pyc>
1890493 openat(AT_FDCWD</home/szu2070436088/2510044040/CV-SincNet>, "/home/szu2070436088/.conda/envs/CVS-RFFI/lib/python3.10/asyncio/__pycache__/selector_events.cpython-310.pyc", O_RDONLY|O_CLOEXEC) = 17</home/szu2070436088/.conda/envs/CVS-RFFI/lib/python3.10/asyncio/__pycache__/selector_events.cpython-310.pyc>
1890493 openat(AT_FDCWD</home/szu2070436088/2510044040/CV-SincNet>, "/home/szu2070436088/.conda/envs/CVS-RFFI/lib/python3.10/site-packages/torch/utils/__pycache__/_traceback.cpython-310.pyc", O_RDONLY|O_CLOEXEC) = 17</home/szu2070436088/.conda/envs/CVS-RFFI/lib/python3.10/site-packages/torch/utils/__pycache__/_traceback.cpython-310.pyc>
1890493 openat(AT_FDCWD</home/szu2070436088/2510044040/CV-SincNet>, "/home/szu2070436088/.conda/envs/CVS-RFFI/lib/python3.10/site-packages/torch/utils/_sympy/__pycache__/__init__.cpython-310.pyc", O_RDONLY|O_CLOEXEC) = 17</home/szu2070436088/.conda/envs/CVS-RFFI/lib/python3.10/site-packages/torch/utils/_sympy/__pycache__/__init__.cpython-310.pyc>
1890493 openat(AT_FDCWD</home/szu2070436088/2510044040/CV-SincNet>, "/home/szu2070436088/.conda/envs/CVS-RFFI/lib/python3.10/site-packages/torch/utils/_sympy", O_RDONLY|O_NONBLOCK|O_CLOEXEC|O_DIRECTORY) = 17</home/szu2070436088/.conda/envs/CVS-RFFI/lib/python3.10/site-packages/torch/utils/_sympy>
1890493 openat(AT_FDCWD</home/szu2070436088/2510044040/CV-SincNet>, "/home/szu2070436088/.conda/envs/CVS-RFFI/lib/python3.10/site-packages/torch/utils/_sympy/__pycache__/functions.cpython-310.pyc", O_RDONLY|O_CLOEXEC) = 17</home/szu2070436088/.conda/envs/CVS-RFFI/lib/python3.10/site-packages/torch/utils/_sympy/__pycache__/functions.cpython-310.pyc>
1890493 openat(AT_FDCWD</home/szu2070436088/2510044040/CV-SincNet>, "/home/szu2070436088/.conda/envs/CVS-RFFI/lib/python3.10/site-packages/torch/utils/_sympy/__pycache__/solve.cpython-310.pyc", O_RDONLY|O_CLOEXEC) = 17</home/szu2070436088/.conda/envs/CVS-RFFI/lib/python3.10/site-packages/torch/utils/_sympy/__pycache__/solve.cpython-310.pyc>
1890493 openat(AT_FDCWD</home/szu2070436088/2510044040/CV-SincNet>, "/home/szu2070436088/.conda/envs/CVS-RFFI/lib/python3.10/site-packages/torch/utils/_sympy/__pycache__/value_ranges.cpython-310.pyc", O_RDONLY|O_CLOEXEC) = 17</home/szu2070436088/.conda/envs/CVS-RFFI/lib/python3.10/site-packages/torch/utils/_sympy/__pycache__/value_ranges.cpython-310.pyc>
1890493 openat(AT_FDCWD</home/szu2070436088/2510044040/CV-SincNet>, "/home/szu2070436088/.conda/envs/CVS-RFFI/lib/python3.10/site-packages/torch/utils/_sympy/__pycache__/interp.cpython-310.pyc", O_RDONLY|O_CLOEXEC) = 17</home/szu2070436088/.conda/envs/CVS-RFFI/lib/python3.10/site-packages/torch/utils/_sympy/__pycache__/interp.cpython-310.pyc>
1890493 openat(AT_FDCWD</home/szu2070436088/2510044040/CV-SincNet>, "/home/szu2070436088/.conda/envs/CVS-RFFI/lib/python3.10/site-packages/torch/fx/passes/__pycache__/__init__.cpython-310.pyc", O_RDONLY|O_CLOEXEC) = 17</home/szu2070436088/.conda/envs/CVS-RFFI/lib/python3.10/site-packages/torch/fx/passes/__pycache__/__init__.cpython-310.pyc>
1890493 openat(AT_FDCWD</home/szu2070436088/2510044040/CV-SincNet>, "/home/szu2070436088/.conda/envs/CVS-RFFI/lib/python3.10/site-packages/torch/fx/passes", O_RDONLY|O_NONBLOCK|O_CLOEXEC|O_DIRECTORY) = 17</home/szu2070436088/.conda/envs/CVS-RFFI/lib/python3.10/site-packages/torch/fx/passes>
1890493 openat(AT_FDCWD</home/szu2070436088/2510044040/CV-SincNet>, "/home/szu2070436088/.conda/envs/CVS-RFFI/lib/python3.10/site-packages/torch/fx/passes/__pycache__/graph_drawer.cpython-310.pyc", O_RDONLY|O_CLOEXEC) = 17</home/szu2070436088/.conda/envs/CVS-RFFI/lib/python3.10/site-packages/torch/fx/passes/__pycache__/graph_drawer.cpython-310.pyc>
1890493 openat(AT_FDCWD</home/szu2070436088/2510044040/CV-SincNet>, "/home/szu2070436088/.conda/envs/CVS-RFFI/lib/python3.10/site-packages/torch/fx/passes/__pycache__/shape_prop.cpython-310.pyc", O_RDONLY|O_CLOEXEC) = 17</home/szu2070436088/.conda/envs/CVS-RFFI/lib/python3.10/site-packages/torch/fx/passes/__pycache__/shape_prop.cpython-310.pyc>
1890493 openat(AT_FDCWD</home/szu2070436088/2510044040/CV-SincNet>, "/home/szu2070436088/.conda/envs/CVS-RFFI/lib/python3.10/site-packages/torch/_dispatch/__pycache__/__init__.cpython-310.pyc", O_RDONLY|O_CLOEXEC) = 17</home/szu2070436088/.conda/envs/CVS-RFFI/lib/python3.10/site-packages/torch/_dispatch/__pycache__/__init__.cpython-310.pyc>
1890493 openat(AT_FDCWD</home/szu2070436088/2510044040/CV-SincNet>, "/home/szu2070436088/.conda/envs/CVS-RFFI/lib/python3.10/site-packages/torch/_dispatch", O_RDONLY|O_NONBLOCK|O_CLOEXEC|O_DIRECTORY) = 17</home/szu2070436088/.conda/envs/CVS-RFFI/lib/python3.10/site-packages/torch/_dispatch>
1890493 openat(AT_FDCWD</home/szu2070436088/2510044040/CV-SincNet>, "/home/szu2070436088/.conda/envs/CVS-RFFI/lib/python3.10/site-packages/torch/_dispatch/__pycache__/python.cpython-310.pyc", O_RDONLY|O_CLOEXEC) = 17</home/szu2070436088/.conda/envs/CVS-RFFI/lib/python3.10/site-packages/torch/_dispatch/__pycache__/python.cpython-310.pyc>
1890493 openat(AT_FDCWD</home/szu2070436088/2510044040/CV-SincNet>, "/home/szu2070436088/.conda/envs/CVS-RFFI/lib/python3.10/site-packages/torch/fx/passes/__pycache__/graph_manipulation.cpython-310.pyc", O_RDONLY|O_CLOEXEC) = 17</home/szu2070436088/.conda/envs/CVS-RFFI/lib/python3.10/site-packages/torch/fx/passes/__pycache__/graph_manipulation.cpython-310.pyc>
1890493 openat(AT_FDCWD</home/szu2070436088/2510044040/CV-SincNet>, "/home/szu2070436088/.conda/envs/CVS-RFFI/lib/python3.10/site-packages/torch/fx/passes/__pycache__/net_min_base.cpython-310.pyc", O_RDONLY|O_CLOEXEC) = 17</home/szu2070436088/.conda/envs/CVS-RFFI/lib/python3.10/site-packages/torch/fx/passes/__pycache__/net_min_base.cpython-310.pyc>
1890493 openat(AT_FDCWD</home/szu2070436088/2510044040/CV-SincNet>, "/home/szu2070436088/.conda/envs/CVS-RFFI/lib/python3.10/site-packages/torch/fx/passes/__pycache__/split_utils.cpython-310.pyc", O_RDONLY|O_CLOEXEC) = 17</home/szu2070436088/.conda/envs/CVS-RFFI/lib/python3.10/site-packages/torch/fx/passes/__pycache__/split_utils.cpython-310.pyc>
1890493 openat(AT_FDCWD</home/szu2070436088/2510044040/CV-SincNet>, "/home/szu2070436088/.conda/envs/CVS-RFFI/lib/python3.10/site-packages/torch/fx/passes/utils/__pycache__/__init__.cpython-310.pyc", O_RDONLY|O_CLOEXEC) = 17</home/szu2070436088/.conda/envs/CVS-RFFI/lib/python3.10/site-packages/torch/fx/passes/utils/__pycache__/__init__.cpython-310.pyc>
1890493 openat(AT_FDCWD</home/szu2070436088/2510044040/CV-SincNet>, "/home/szu2070436088/.conda/envs/CVS-RFFI/lib/python3.10/site-packages/torch/fx/passes/utils", O_RDONLY|O_NONBLOCK|O_CLOEXEC|O_DIRECTORY) = 17</home/szu2070436088/.conda/envs/CVS-RFFI/lib/python3.10/site-packages/torch/fx/passes/utils>
1890493 openat(AT_FDCWD</home/szu2070436088/2510044040/CV-SincNet>, "/home/szu2070436088/.conda/envs/CVS-RFFI/lib/python3.10/site-packages/torch/fx/passes/utils/__pycache__/common.cpython-310.pyc", O_RDONLY|O_CLOEXEC) = 17</home/szu2070436088/.conda/envs/CVS-RFFI/lib/python3.10/site-packages/torch/fx/passes/utils/__pycache__/common.cpython-310.pyc>
1890493 openat(AT_FDCWD</home/szu2070436088/2510044040/CV-SincNet>, "/home/szu2070436088/.conda/envs/CVS-RFFI/lib/python3.10/site-packages/torch/fx/passes/utils/__pycache__/matcher_utils.cpython-310.pyc", O_RDONLY|O_CLOEXEC) = 17</home/szu2070436088/.conda/envs/CVS-RFFI/lib/python3.10/site-packages/torch/fx/passes/utils/__pycache__/matcher_utils.cpython-310.pyc>
1890493 openat(AT_FDCWD</home/szu2070436088/2510044040/CV-SincNet>, "/home/szu2070436088/.conda/envs/CVS-RFFI/lib/python3.10/site-packages/torch/fx/passes/__pycache__/tools_common.cpython-310.pyc", O_RDONLY|O_CLOEXEC) = 17</home/szu2070436088/.conda/envs/CVS-RFFI/lib/python3.10/site-packages/torch/fx/passes/__pycache__/tools_common.cpython-310.pyc>
1890493 openat(AT_FDCWD</home/szu2070436088/2510044040/CV-SincNet>, "/home/szu2070436088/.conda/envs/CVS-RFFI/lib/python3.10/site-packages/torch/fx/passes/__pycache__/operator_support.cpython-310.pyc", O_RDONLY|O_CLOEXEC) = 17</home/szu2070436088/.conda/envs/CVS-RFFI/lib/python3.10/site-packages/torch/fx/passes/__pycache__/operator_support.cpython-310.pyc>
1890493 openat(AT_FDCWD</home/szu2070436088/2510044040/CV-SincNet>, "/home/szu2070436088/.conda/envs/CVS-RFFI/lib/python3.10/site-packages/torch/fx/passes/__pycache__/param_fetch.cpython-310.pyc", O_RDONLY|O_CLOEXEC) = 17</home/szu2070436088/.conda/envs/CVS-RFFI/lib/python3.10/site-packages/torch/fx/passes/__pycache__/param_fetch.cpython-310.pyc>
1890493 openat(AT_FDCWD</home/szu2070436088/2510044040/CV-SincNet>, "/home/szu2070436088/.conda/envs/CVS-RFFI/lib/python3.10/site-packages/torch/fx/passes/__pycache__/reinplace.cpython-310.pyc", O_RDONLY|O_CLOEXEC) = 17</home/szu2070436088/.conda/envs/CVS-RFFI/lib/python3.10/site-packages/torch/fx/passes/__pycache__/reinplace.cpython-310.pyc>
1890493 openat(AT_FDCWD</home/szu2070436088/2510044040/CV-SincNet>, "/home/szu2070436088/.conda/envs/CVS-RFFI/lib/python3.10/site-packages/torch/_subclasses/__pycache__/__init__.cpython-310.pyc", O_RDONLY|O_CLOEXEC) = 17</home/szu2070436088/.conda/envs/CVS-RFFI/lib/python3.10/site-packages/torch/_subclasses/__pycache__/__init__.cpython-310.pyc>
1890493 openat(AT_FDCWD</home/szu2070436088/2510044040/CV-SincNet>, "/home/szu2070436088/.conda/envs/CVS-RFFI/lib/python3.10/site-packages/torch/_subclasses", O_RDONLY|O_NONBLOCK|O_CLOEXEC|O_DIRECTORY) = 17</home/szu2070436088/.conda/envs/CVS-RFFI/lib/python3.10/site-packages/torch/_subclasses>
1890493 openat(AT_FDCWD</home/szu2070436088/2510044040/CV-SincNet>, "/home/szu2070436088/.conda/envs/CVS-RFFI/lib/python3.10/site-packages/torch/_subclasses/__pycache__/fake_tensor.cpython-310.pyc", O_RDONLY|O_CLOEXEC) = 17</home/szu2070436088/.conda/envs/CVS-RFFI/lib/python3.10/site-packages/torch/_subclasses/__pycache__/fake_tensor.cpython-310.pyc>
1890493 openat(AT_FDCWD</home/szu2070436088/2510044040/CV-SincNet>, "/home/szu2070436088/.conda/envs/CVS-RFFI/lib/python3.10/site-packages/torch/_custom_op/__pycache__/__init__.cpython-310.pyc", O_RDONLY|O_CLOEXEC) = 17</home/szu2070436088/.conda/envs/CVS-RFFI/lib/python3.10/site-packages/torch/_custom_op/__pycache__/__init__.cpython-310.pyc>
1890493 openat(AT_FDCWD</home/szu2070436088/2510044040/CV-SincNet>, "/home/szu2070436088/.conda/envs/CVS-RFFI/lib/python3.10/site-packages/torch/_logging/__pycache__/__init__.cpython-310.pyc", O_RDONLY|O_CLOEXEC) = 17</home/szu2070436088/.conda/envs/CVS-RFFI/lib/python3.10/site-packages/torch/_logging/__pycache__/__init__.cpython-310.pyc>
1890493 openat(AT_FDCWD</home/szu2070436088/2510044040/CV-SincNet>, "/home/szu2070436088/.conda/envs/CVS-RFFI/lib/python3.10/site-packages/torch/_logging", O_RDONLY|O_NONBLOCK|O_CLOEXEC|O_DIRECTORY) = 17</home/szu2070436088/.conda/envs/CVS-RFFI/lib/python3.10/site-packages/torch/_logging>
1890493 openat(AT_FDCWD</home/szu2070436088/2510044040/CV-SincNet>, "/home/szu2070436088/.conda/envs/CVS-RFFI/lib/python3.10/site-packages/torch/_logging/__pycache__/_registrations.cpython-310.pyc", O_RDONLY|O_CLOEXEC) = 17</home/szu2070436088/.conda/envs/CVS-RFFI/lib/python3.10/site-packages/torch/_logging/__pycache__/_registrations.cpython-310.pyc>
1890493 openat(AT_FDCWD</home/szu2070436088/2510044040/CV-SincNet>, "/home/szu2070436088/.conda/envs/CVS-RFFI/lib/python3.10/site-packages/torch/_logging/__pycache__/_internal.cpython-310.pyc", O_RDONLY|O_CLOEXEC) = 17</home/szu2070436088/.conda/envs/CVS-RFFI/lib/python3.10/site-packages/torch/_logging/__pycache__/_internal.cpython-310.pyc>
1890493 openat(AT_FDCWD</home/szu2070436088/2510044040/CV-SincNet>, "/home/szu2070436088/.conda/envs/CVS-RFFI/lib/python3.10/site-packages/torch/_subclasses/__pycache__/meta_utils.cpython-310.pyc", O_RDONLY|O_CLOEXEC) = 17</home/szu2070436088/.conda/envs/CVS-RFFI/lib/python3.10/site-packages/torch/_subclasses/__pycache__/meta_utils.cpython-310.pyc>
1890493 openat(AT_FDCWD</home/szu2070436088/2510044040/CV-SincNet>, "/home/szu2070436088/.conda/envs/CVS-RFFI/lib/python3.10/site-packages/torch/utils/__pycache__/weak.cpython-310.pyc", O_RDONLY|O_CLOEXEC) = 17</home/szu2070436088/.conda/envs/CVS-RFFI/lib/python3.10/site-packages/torch/utils/__pycache__/weak.cpython-310.pyc>
1890493 openat(AT_FDCWD</home/szu2070436088/2510044040/CV-SincNet>, "/home/szu2070436088/.conda/envs/CVS-RFFI/lib/python3.10/site-packages/torch/utils/__pycache__/_mode_utils.cpython-310.pyc", O_RDONLY|O_CLOEXEC) = 17</home/szu2070436088/.conda/envs/CVS-RFFI/lib/python3.10/site-packages/torch/utils/__pycache__/_mode_utils.cpython-310.pyc>
1890493 openat(AT_FDCWD</home/szu2070436088/2510044040/CV-SincNet>, "/home/szu2070436088/.conda/envs/CVS-RFFI/lib/python3.10/site-packages/torch/utils/__pycache__/_stats.cpython-310.pyc", O_RDONLY|O_CLOEXEC) = 17</home/szu2070436088/.conda/envs/CVS-RFFI/lib/python3.10/site-packages/torch/utils/__pycache__/_stats.cpython-310.pyc>
1890493 openat(AT_FDCWD</home/szu2070436088/2510044040/CV-SincNet>, "/home/szu2070436088/.conda/envs/CVS-RFFI/lib/python3.10/site-packages/torch/_subclasses/__pycache__/fake_utils.cpython-310.pyc", O_RDONLY|O_CLOEXEC) = 17</home/szu2070436088/.conda/envs/CVS-RFFI/lib/python3.10/site-packages/torch/_subclasses/__pycache__/fake_utils.cpython-310.pyc>
1890493 openat(AT_FDCWD</home/szu2070436088/2510044040/CV-SincNet>, "/home/szu2070436088/.conda/envs/CVS-RFFI/lib/python3.10/site-packages/torch/fx/passes/__pycache__/split_module.cpython-310.pyc", O_RDONLY|O_CLOEXEC) = 17</home/szu2070436088/.conda/envs/CVS-RFFI/lib/python3.10/site-packages/torch/fx/passes/__pycache__/split_module.cpython-310.pyc>
1890493 openat(AT_FDCWD</home/szu2070436088/2510044040/CV-SincNet>, "/home/szu2070436088/.conda/envs/CVS-RFFI/lib/python3.10/site-packages/torch/fx/passes/__pycache__/splitter_base.cpython-310.pyc", O_RDONLY|O_CLOEXEC) = 17</home/szu2070436088/.conda/envs/CVS-RFFI/lib/python3.10/site-packages/torch/fx/passes/__pycache__/splitter_base.cpython-310.pyc>
1890493 openat(AT_FDCWD</home/szu2070436088/2510044040/CV-SincNet>, "/home/szu2070436088/.conda/envs/CVS-RFFI/lib/python3.10/site-packages/torch/fx/passes/infra/__pycache__/__init__.cpython-310.pyc", O_RDONLY|O_CLOEXEC) = 17</home/szu2070436088/.conda/envs/CVS-RFFI/lib/python3.10/site-packages/torch/fx/passes/infra/__pycache__/__init__.cpython-310.pyc>
1890493 openat(AT_FDCWD</home/szu2070436088/2510044040/CV-SincNet>, "/home/szu2070436088/.conda/envs/CVS-RFFI/lib/python3.10/site-packages/torch/fx/passes/infra", O_RDONLY|O_NONBLOCK|O_CLOEXEC|O_DIRECTORY) = 17</home/szu2070436088/.conda/envs/CVS-RFFI/lib/python3.10/site-packages/torch/fx/passes/infra>
1890493 openat(AT_FDCWD</home/szu2070436088/2510044040/CV-SincNet>, "/home/szu2070436088/.conda/envs/CVS-RFFI/lib/python3.10/site-packages/torch/fx/passes/infra/__pycache__/pass_manager.cpython-310.pyc", O_RDONLY|O_CLOEXEC) = 17</home/szu2070436088/.conda/envs/CVS-RFFI/lib/python3.10/site-packages/torch/fx/passes/infra/__pycache__/pass_manager.cpython-310.pyc>
1890493 openat(AT_FDCWD</home/szu2070436088/2510044040/CV-SincNet>, "/home/szu2070436088/.conda/envs/CVS-RFFI/lib/python3.10/site-packages/torch/fx/passes/infra/__pycache__/pass_base.cpython-310.pyc", O_RDONLY|O_CLOEXEC) = 17</home/szu2070436088/.conda/envs/CVS-RFFI/lib/python3.10/site-packages/torch/fx/passes/infra/__pycache__/pass_base.cpython-310.pyc>
1890493 openat(AT_FDCWD</home/szu2070436088/2510044040/CV-SincNet>, "/home/szu2070436088/.conda/envs/CVS-RFFI/lib/python3.10/site-packages/torch/__pycache__/return_types.cpython-310.pyc", O_RDONLY|O_CLOEXEC) = 17</home/szu2070436088/.conda/envs/CVS-RFFI/lib/python3.10/site-packages/torch/__pycache__/return_types.cpython-310.pyc>
1890493 openat(AT_FDCWD</home/szu2070436088/2510044040/CV-SincNet>, "/home/szu2070436088/.conda/envs/CVS-RFFI/lib/python3.10/site-packages/torch/__pycache__/_meta_registrations.cpython-310.pyc", O_RDONLY|O_CLOEXEC) = 17</home/szu2070436088/.conda/envs/CVS-RFFI/lib/python3.10/site-packages/torch/__pycache__/_meta_registrations.cpython-310.pyc>
1890493 openat(AT_FDCWD</home/szu2070436088/2510044040/CV-SincNet>, "/home/szu2070436088/.conda/envs/CVS-RFFI/lib/python3.10/site-packages/torch/_decomp/__pycache__/__init__.cpython-310.pyc", O_RDONLY|O_CLOEXEC) = 17</home/szu2070436088/.conda/envs/CVS-RFFI/lib/python3.10/site-packages/torch/_decomp/__pycache__/__init__.cpython-310.pyc>
1890493 openat(AT_FDCWD</home/szu2070436088/2510044040/CV-SincNet>, "/home/szu2070436088/.conda/envs/CVS-RFFI/lib/python3.10/site-packages/torch/_decomp", O_RDONLY|O_NONBLOCK|O_CLOEXEC|O_DIRECTORY) = 17</home/szu2070436088/.conda/envs/CVS-RFFI/lib/python3.10/site-packages/torch/_decomp>
1890493 openat(AT_FDCWD</home/szu2070436088/2510044040/CV-SincNet>, "/home/szu2070436088/.conda/envs/CVS-RFFI/lib/python3.10/site-packages/torch/_decomp/__pycache__/decompositions.cpython-310.pyc", O_RDONLY|O_CLOEXEC) = 17</home/szu2070436088/.conda/envs/CVS-RFFI/lib/python3.10/site-packages/torch/_decomp/__pycache__/decompositions.cpython-310.pyc>
1890493 openat(AT_FDCWD</home/szu2070436088/2510044040/CV-SincNet>, "/home/szu2070436088/.conda/envs/CVS-RFFI/lib/python3.10/site-packages/torch/_prims/__pycache__/__init__.cpython-310.pyc", O_RDONLY|O_CLOEXEC) = 17</home/szu2070436088/.conda/envs/CVS-RFFI/lib/python3.10/site-packages/torch/_prims/__pycache__/__init__.cpython-310.pyc>
1890493 openat(AT_FDCWD</home/szu2070436088/2510044040/CV-SincNet>, "/home/szu2070436088/.conda/envs/CVS-RFFI/lib/python3.10/site-packages/torch/_prims", O_RDONLY|O_NONBLOCK|O_CLOEXEC|O_DIRECTORY) = 17</home/szu2070436088/.conda/envs/CVS-RFFI/lib/python3.10/site-packages/torch/_prims>
1890493 openat(AT_FDCWD</home/szu2070436088/2510044040/CV-SincNet>, "/home/szu2070436088/.conda/envs/CVS-RFFI/lib/python3.10/site-packages/torch/_prims/__pycache__/debug_prims.cpython-310.pyc", O_RDONLY|O_CLOEXEC) = 17</home/szu2070436088/.conda/envs/CVS-RFFI/lib/python3.10/site-packages/torch/_prims/__pycache__/debug_prims.cpython-310.pyc>
1890493 openat(AT_FDCWD</home/szu2070436088/2510044040/CV-SincNet>, "/home/szu2070436088/.conda/envs/CVS-RFFI/lib/python3.10/site-packages/torch/_custom_op", O_RDONLY|O_NONBLOCK|O_CLOEXEC|O_DIRECTORY) = 17</home/szu2070436088/.conda/envs/CVS-RFFI/lib/python3.10/site-packages/torch/_custom_op>
1890493 openat(AT_FDCWD</home/szu2070436088/2510044040/CV-SincNet>, "/home/szu2070436088/.conda/envs/CVS-RFFI/lib/python3.10/site-packages/torch/_custom_op/__pycache__/impl.cpython-310.pyc", O_RDONLY|O_CLOEXEC) = 17</home/szu2070436088/.conda/envs/CVS-RFFI/lib/python3.10/site-packages/torch/_custom_op/__pycache__/impl.cpython-310.pyc>
1890493 openat(AT_FDCWD</home/szu2070436088/2510044040/CV-SincNet>, "/home/szu2070436088/.conda/envs/CVS-RFFI/lib/python3.10/site-packages/torchgen/__pycache__/__init__.cpython-310.pyc", O_RDONLY|O_CLOEXEC) = 17</home/szu2070436088/.conda/envs/CVS-RFFI/lib/python3.10/site-packages/torchgen/__pycache__/__init__.cpython-310.pyc>
1890493 openat(AT_FDCWD</home/szu2070436088/2510044040/CV-SincNet>, "/home/szu2070436088/.conda/envs/CVS-RFFI/lib/python3.10/site-packages/torchgen", O_RDONLY|O_NONBLOCK|O_CLOEXEC|O_DIRECTORY) = 17</home/szu2070436088/.conda/envs/CVS-RFFI/lib/python3.10/site-packages/torchgen>
1890493 openat(AT_FDCWD</home/szu2070436088/2510044040/CV-SincNet>, "/home/szu2070436088/.conda/envs/CVS-RFFI/lib/python3.10/site-packages/torchgen/__pycache__/model.cpython-310.pyc", O_RDONLY|O_CLOEXEC) = 17</home/szu2070436088/.conda/envs/CVS-RFFI/lib/python3.10/site-packages/torchgen/__pycache__/model.cpython-310.pyc>
1890493 openat(AT_FDCWD</home/szu2070436088/2510044040/CV-SincNet>, "/home/szu2070436088/.conda/envs/CVS-RFFI/lib/python3.10/site-packages/torchgen/__pycache__/utils.cpython-310.pyc", O_RDONLY|O_CLOEXEC) = 17</home/szu2070436088/.conda/envs/CVS-RFFI/lib/python3.10/site-packages/torchgen/__pycache__/utils.cpython-310.pyc>
1890493 openat(AT_FDCWD</home/szu2070436088/2510044040/CV-SincNet>, "/home/szu2070436088/.conda/envs/CVS-RFFI/lib/python3.10/site-packages/torchgen/__pycache__/code_template.cpython-310.pyc", O_RDONLY|O_CLOEXEC) = 17</home/szu2070436088/.conda/envs/CVS-RFFI/lib/python3.10/site-packages/torchgen/__pycache__/code_template.cpython-310.pyc>
1890493 openat(AT_FDCWD</home/szu2070436088/2510044040/CV-SincNet>, "/home/szu2070436088/.conda/envs/CVS-RFFI/lib/python3.10/site-packages/torch/_custom_op/__pycache__/autograd.cpython-310.pyc", O_RDONLY|O_CLOEXEC) = 17</home/szu2070436088/.conda/envs/CVS-RFFI/lib/python3.10/site-packages/torch/_custom_op/__pycache__/autograd.cpython-310.pyc>
1890493 openat(AT_FDCWD</home/szu2070436088/2510044040/CV-SincNet>, "/home/szu2070436088/.conda/envs/CVS-RFFI/lib/python3.10/site-packages/torch/utils/__pycache__/_content_store.cpython-310.pyc", O_RDONLY|O_CLOEXEC) = 17</home/szu2070436088/.conda/envs/CVS-RFFI/lib/python3.10/site-packages/torch/utils/__pycache__/_content_store.cpython-310.pyc>
1890493 openat(AT_FDCWD</home/szu2070436088/2510044040/CV-SincNet>, "/home/szu2070436088/.conda/envs/CVS-RFFI/lib/python3.10/site-packages/torch/_prims/__pycache__/rng_prims.cpython-310.pyc", O_RDONLY|O_CLOEXEC) = 17</home/szu2070436088/.conda/envs/CVS-RFFI/lib/python3.10/site-packages/torch/_prims/__pycache__/rng_prims.cpython-310.pyc>
1890493 openat(AT_FDCWD</home/szu2070436088/2510044040/CV-SincNet>, "/home/szu2070436088/.conda/envs/CVS-RFFI/lib/python3.10/site-packages/torch/_higher_order_ops/__pycache__/__init__.cpython-310.pyc", O_RDONLY|O_CLOEXEC) = 17</home/szu2070436088/.conda/envs/CVS-RFFI/lib/python3.10/site-packages/torch/_higher_order_ops/__pycache__/__init__.cpython-310.pyc>
1890493 openat(AT_FDCWD</home/szu2070436088/2510044040/CV-SincNet>, "/home/szu2070436088/.conda/envs/CVS-RFFI/lib/python3.10/site-packages/torch/_higher_order_ops", O_RDONLY|O_NONBLOCK|O_CLOEXEC|O_DIRECTORY) = 17</home/szu2070436088/.conda/envs/CVS-RFFI/lib/python3.10/site-packages/torch/_higher_order_ops>
1890493 openat(AT_FDCWD</home/szu2070436088/2510044040/CV-SincNet>, "/home/szu2070436088/.conda/envs/CVS-RFFI/lib/python3.10/site-packages/torch/_higher_order_ops/__pycache__/utils.cpython-310.pyc", O_RDONLY|O_CLOEXEC) = 17</home/szu2070436088/.conda/envs/CVS-RFFI/lib/python3.10/site-packages/torch/_higher_order_ops/__pycache__/utils.cpython-310.pyc>
1890493 openat(AT_FDCWD</home/szu2070436088/2510044040/CV-SincNet>, "/home/szu2070436088/.conda/envs/CVS-RFFI/lib/python3.10/site-packages/torch/_prims_common", O_RDONLY|O_NONBLOCK|O_CLOEXEC|O_DIRECTORY) = 17</home/szu2070436088/.conda/envs/CVS-RFFI/lib/python3.10/site-packages/torch/_prims_common>
1890493 openat(AT_FDCWD</home/szu2070436088/2510044040/CV-SincNet>, "/home/szu2070436088/.conda/envs/CVS-RFFI/lib/python3.10/site-packages/torch/_prims_common/__pycache__/wrappers.cpython-310.pyc", O_RDONLY|O_CLOEXEC) = 17</home/szu2070436088/.conda/envs/CVS-RFFI/lib/python3.10/site-packages/torch/_prims_common/__pycache__/wrappers.cpython-310.pyc>
1890493 openat(AT_FDCWD</home/szu2070436088/2510044040/CV-SincNet>, "/home/szu2070436088/.conda/envs/CVS-RFFI/lib/python3.10/site-packages/torch/fx/experimental/__pycache__/proxy_tensor.cpython-310.pyc", O_RDONLY|O_CLOEXEC) = 17</home/szu2070436088/.conda/envs/CVS-RFFI/lib/python3.10/site-packages/torch/fx/experimental/__pycache__/proxy_tensor.cpython-310.pyc>
1890493 openat(AT_FDCWD</home/szu2070436088/2510044040/CV-SincNet>, "/home/szu2070436088/.conda/envs/CVS-RFFI/lib/python3.10/site-packages/torch/library.py", O_RDONLY|O_CLOEXEC) = 17</home/szu2070436088/.conda/envs/CVS-RFFI/lib/python3.10/site-packages/torch/library.py>
1890493 openat(AT_FDCWD</home/szu2070436088/2510044040/CV-SincNet>, "/home/szu2070436088/.conda/envs/CVS-RFFI/lib/python3.10/site-packages/torch/_prims/rng_prims.py", O_RDONLY|O_CLOEXEC) = 17</home/szu2070436088/.conda/envs/CVS-RFFI/lib/python3.10/site-packages/torch/_prims/rng_prims.py>
1890493 openat(AT_FDCWD</home/szu2070436088/2510044040/CV-SincNet>, "/home/szu2070436088/.conda/envs/CVS-RFFI/lib/python3.10/site-packages/torch/_prims/__init__.py", O_RDONLY|O_CLOEXEC) = 17</home/szu2070436088/.conda/envs/CVS-RFFI/lib/python3.10/site-packages/torch/_prims/__init__.py>
1890493 openat(AT_FDCWD</home/szu2070436088/2510044040/CV-SincNet>, "/home/szu2070436088/.conda/envs/CVS-RFFI/lib/python3.10/site-packages/torch/_custom_op/impl.py", O_RDONLY|O_CLOEXEC) = 17</home/szu2070436088/.conda/envs/CVS-RFFI/lib/python3.10/site-packages/torch/_custom_op/impl.py>
1890493 openat(AT_FDCWD</home/szu2070436088/2510044040/CV-SincNet>, "/home/szu2070436088/.conda/envs/CVS-RFFI/lib/python3.10/site-packages/torch/_prims/debug_prims.py", O_RDONLY|O_CLOEXEC) = 17</home/szu2070436088/.conda/envs/CVS-RFFI/lib/python3.10/site-packages/torch/_prims/debug_prims.py>
1890493 openat(AT_FDCWD</home/szu2070436088/2510044040/CV-SincNet>, "/home/szu2070436088/.conda/envs/CVS-RFFI/lib/python3.10/site-packages/torch/_refs/__pycache__/__init__.cpython-310.pyc", O_RDONLY|O_CLOEXEC) = 17</home/szu2070436088/.conda/envs/CVS-RFFI/lib/python3.10/site-packages/torch/_refs/__pycache__/__init__.cpython-310.pyc>
1890493 openat(AT_FDCWD</home/szu2070436088/2510044040/CV-SincNet>, "/home/szu2070436088/.conda/envs/CVS-RFFI/lib/python3.10/site-packages/torch/_refs", O_RDONLY|O_NONBLOCK|O_CLOEXEC|O_DIRECTORY) = 17</home/szu2070436088/.conda/envs/CVS-RFFI/lib/python3.10/site-packages/torch/_refs>
1890493 openat(AT_FDCWD</home/szu2070436088/2510044040/CV-SincNet>, "/home/szu2070436088/.conda/envs/CVS-RFFI/lib/python3.10/site-packages/torch/_refs/__pycache__/_conversions.cpython-310.pyc", O_RDONLY|O_CLOEXEC) = 17</home/szu2070436088/.conda/envs/CVS-RFFI/lib/python3.10/site-packages/torch/_refs/__pycache__/_conversions.cpython-310.pyc>
1890493 openat(AT_FDCWD</home/szu2070436088/2510044040/CV-SincNet>, "/home/szu2070436088/.conda/envs/CVS-RFFI/lib/python3.10/site-packages/torch/_refs/__pycache__/fft.cpython-310.pyc", O_RDONLY|O_CLOEXEC) = 17</home/szu2070436088/.conda/envs/CVS-RFFI/lib/python3.10/site-packages/torch/_refs/__pycache__/fft.cpython-310.pyc>
1890493 openat(AT_FDCWD</home/szu2070436088/2510044040/CV-SincNet>, "/home/szu2070436088/.conda/envs/CVS-RFFI/lib/python3.10/site-packages/torch/_refs/linalg/__pycache__/__init__.cpython-310.pyc", O_RDONLY|O_CLOEXEC) = 17</home/szu2070436088/.conda/envs/CVS-RFFI/lib/python3.10/site-packages/torch/_refs/linalg/__pycache__/__init__.cpython-310.pyc>
1890493 openat(AT_FDCWD</home/szu2070436088/2510044040/CV-SincNet>, "/home/szu2070436088/.conda/envs/CVS-RFFI/lib/python3.10/site-packages/torch/_refs/nn/__pycache__/__init__.cpython-310.pyc", O_RDONLY|O_CLOEXEC) = 17</home/szu2070436088/.conda/envs/CVS-RFFI/lib/python3.10/site-packages/torch/_refs/nn/__pycache__/__init__.cpython-310.pyc>
1890493 openat(AT_FDCWD</home/szu2070436088/2510044040/CV-SincNet>, "/home/szu2070436088/.conda/envs/CVS-RFFI/lib/python3.10/site-packages/torch/_refs/nn", O_RDONLY|O_NONBLOCK|O_CLOEXEC|O_DIRECTORY) = 17</home/szu2070436088/.conda/envs/CVS-RFFI/lib/python3.10/site-packages/torch/_refs/nn>
1890493 openat(AT_FDCWD</home/szu2070436088/2510044040/CV-SincNet>, "/home/szu2070436088/.conda/envs/CVS-RFFI/lib/python3.10/site-packages/torch/_refs/nn/functional/__pycache__/__init__.cpython-310.pyc", O_RDONLY|O_CLOEXEC) = 17</home/szu2070436088/.conda/envs/CVS-RFFI/lib/python3.10/site-packages/torch/_refs/nn/functional/__pycache__/__init__.cpython-310.pyc>
1890493 openat(AT_FDCWD</home/szu2070436088/2510044040/CV-SincNet>, "/home/szu2070436088/.conda/envs/CVS-RFFI/lib/python3.10/site-packages/torch/_refs/special/__pycache__/__init__.cpython-310.pyc", O_RDONLY|O_CLOEXEC) = 17</home/szu2070436088/.conda/envs/CVS-RFFI/lib/python3.10/site-packages/torch/_refs/special/__pycache__/__init__.cpython-310.pyc>
1890493 openat(AT_FDCWD</home/szu2070436088/2510044040/CV-SincNet>, "/home/szu2070436088/.conda/envs/CVS-RFFI/lib/python3.10/site-packages/torch/_meta_registrations.py", O_RDONLY|O_CLOEXEC) = 17</home/szu2070436088/.conda/envs/CVS-RFFI/lib/python3.10/site-packages/torch/_meta_registrations.py>
1890493 openat(AT_FDCWD</home/szu2070436088/2510044040/CV-SincNet>, "/home/szu2070436088/.conda/envs/CVS-RFFI/lib/python3.10/site-packages/torch/func/__pycache__/__init__.cpython-310.pyc", O_RDONLY|O_CLOEXEC) = 17</home/szu2070436088/.conda/envs/CVS-RFFI/lib/python3.10/site-packages/torch/func/__pycache__/__init__.cpython-310.pyc>
1890493 openat(AT_FDCWD</home/szu2070436088/2510044040/CV-SincNet>, "/home/szu2070436088/.conda/envs/CVS-RFFI/lib/python3.10/site-packages/torch/_functorch/__pycache__/eager_transforms.cpython-310.pyc", O_RDONLY|O_CLOEXEC) = 17</home/szu2070436088/.conda/envs/CVS-RFFI/lib/python3.10/site-packages/torch/_functorch/__pycache__/eager_transforms.cpython-310.pyc>
1890493 openat(AT_FDCWD</home/szu2070436088/2510044040/CV-SincNet>, "/home/szu2070436088/.conda/envs/CVS-RFFI/lib/python3.10/site-packages/torch/fx/experimental/__pycache__/const_fold.cpython-310.pyc", O_RDONLY|O_CLOEXEC) = 17</home/szu2070436088/.conda/envs/CVS-RFFI/lib/python3.10/site-packages/torch/fx/experimental/__pycache__/const_fold.cpython-310.pyc>
1890493 openat(AT_FDCWD</home/szu2070436088/2510044040/CV-SincNet>, "/home/szu2070436088/.conda/envs/CVS-RFFI/lib/python3.10/site-packages/torch/_functorch/__pycache__/functional_call.cpython-310.pyc", O_RDONLY|O_CLOEXEC) = 17</home/szu2070436088/.conda/envs/CVS-RFFI/lib/python3.10/site-packages/torch/_functorch/__pycache__/functional_call.cpython-310.pyc>
1890493 openat(AT_FDCWD</home/szu2070436088/2510044040/CV-SincNet>, "/home/szu2070436088/.conda/envs/CVS-RFFI/lib/python3.10/site-packages/torch/_functorch/__pycache__/batch_norm_replacement.cpython-310.pyc", O_RDONLY|O_CLOEXEC) = 17</home/szu2070436088/.conda/envs/CVS-RFFI/lib/python3.10/site-packages/torch/_functorch/__pycache__/batch_norm_replacement.cpython-310.pyc>
1890493 openat(AT_FDCWD</home/szu2070436088/2510044040/CV-SincNet>, "/home/szu2070436088/.conda/envs/CVS-RFFI/lib/python3.10/site-packages/torch/compiler/__pycache__/__init__.cpython-310.pyc", O_RDONLY|O_CLOEXEC) = 17</home/szu2070436088/.conda/envs/CVS-RFFI/lib/python3.10/site-packages/torch/compiler/__pycache__/__init__.cpython-310.pyc>
1890493 openat(AT_FDCWD</home/szu2070436088/2510044040/CV-SincNet>, "/home/szu2070436088/2510044040/CV-SincNet/runs/qknn_ground_effective8_r16_e12_leoonly_20260715_v14/runtime_artifacts_strict_v10/runtime_closure/runtime/cvsrffi/__pycache__/__init__.cpython-310.pyc", O_RDONLY|O_CLOEXEC) = -1 ENOENT (No such file or directory)
1890493 openat(AT_FDCWD</home/szu2070436088/2510044040/CV-SincNet>, "/home/szu2070436088/2510044040/CV-SincNet/runs/qknn_ground_effective8_r16_e12_leoonly_20260715_v14/runtime_artifacts_strict_v10/runtime_closure/runtime/cvsrffi/__init__.py", O_RDONLY|O_CLOEXEC) = 17</home/szu2070436088/2510044040/CV-SincNet/runs/qknn_ground_effective8_r16_e12_leoonly_20260715_v14/runtime_artifacts_strict_v10/runtime_closure/runtime/cvsrffi/__init__.py>
1890493 openat(AT_FDCWD</home/szu2070436088/2510044040/CV-SincNet>, "/home/szu2070436088/2510044040/CV-SincNet/runs/qknn_ground_effective8_r16_e12_leoonly_20260715_v14/runtime_artifacts_strict_v10/runtime_closure/runtime/cvsrffi", O_RDONLY|O_NONBLOCK|O_CLOEXEC|O_DIRECTORY) = 17</home/szu2070436088/2510044040/CV-SincNet/runs/qknn_ground_effective8_r16_e12_leoonly_20260715_v14/runtime_artifacts_strict_v10/runtime_closure/runtime/cvsrffi>
1890493 openat(AT_FDCWD</home/szu2070436088/2510044040/CV-SincNet>, "/home/szu2070436088/2510044040/CV-SincNet/runs/qknn_ground_effective8_r16_e12_leoonly_20260715_v14/runtime_artifacts_strict_v10/runtime_closure/runtime/cvsrffi/__pycache__/phase2_runtime_contract.cpython-310.pyc", O_RDONLY|O_CLOEXEC) = -1 ENOENT (No such file or directory)
1890493 openat(AT_FDCWD</home/szu2070436088/2510044040/CV-SincNet>, "/home/szu2070436088/2510044040/CV-SincNet/runs/qknn_ground_effective8_r16_e12_leoonly_20260715_v14/runtime_artifacts_strict_v10/runtime_closure/runtime/cvsrffi/phase2_runtime_contract.py", O_RDONLY|O_CLOEXEC) = 17</home/szu2070436088/2510044040/CV-SincNet/runs/qknn_ground_effective8_r16_e12_leoonly_20260715_v14/runtime_artifacts_strict_v10/runtime_closure/runtime/cvsrffi/phase2_runtime_contract.py>
1890493 openat(AT_FDCWD</home/szu2070436088/2510044040/CV-SincNet>, "/home/szu2070436088/2510044040/CV-SincNet/runs/qknn_ground_effective8_r16_e12_leoonly_20260715_v14/runtime_artifacts_strict_v10/runtime_closure/runtime/cvsrffi/__pycache__/phase2_memfd_snapshot.cpython-310.pyc", O_RDONLY|O_CLOEXEC) = -1 ENOENT (No such file or directory)
1890493 openat(AT_FDCWD</home/szu2070436088/2510044040/CV-SincNet>, "/home/szu2070436088/2510044040/CV-SincNet/runs/qknn_ground_effective8_r16_e12_leoonly_20260715_v14/runtime_artifacts_strict_v10/runtime_closure/runtime/cvsrffi/phase2_memfd_snapshot.py", O_RDONLY|O_CLOEXEC) = 17</home/szu2070436088/2510044040/CV-SincNet/runs/qknn_ground_effective8_r16_e12_leoonly_20260715_v14/runtime_artifacts_strict_v10/runtime_closure/runtime/cvsrffi/phase2_memfd_snapshot.py>
1890493 openat(AT_FDCWD</home/szu2070436088/2510044040/CV-SincNet>, "/home/szu2070436088/2510044040/CV-SincNet/runs/qknn_ground_effective8_r16_e12_leoonly_20260715_v14/runtime_artifacts_strict_v10/runtime_closure/runtime/cvsrffi/__pycache__/stage2_prediction_artifact.cpython-310.pyc", O_RDONLY|O_CLOEXEC) = -1 ENOENT (No such file or directory)
1890493 openat(AT_FDCWD</home/szu2070436088/2510044040/CV-SincNet>, "/home/szu2070436088/2510044040/CV-SincNet/runs/qknn_ground_effective8_r16_e12_leoonly_20260715_v14/runtime_artifacts_strict_v10/runtime_closure/runtime/cvsrffi/stage2_prediction_artifact.py", O_RDONLY|O_CLOEXEC) = 17</home/szu2070436088/2510044040/CV-SincNet/runs/qknn_ground_effective8_r16_e12_leoonly_20260715_v14/runtime_artifacts_strict_v10/runtime_closure/runtime/cvsrffi/stage2_prediction_artifact.py>
1890493 openat(AT_FDCWD</home/szu2070436088/2510044040/CV-SincNet>, "/home/szu2070436088/.conda/envs/CVS-RFFI/lib/python3.10/__pycache__/secrets.cpython-310.pyc", O_RDONLY|O_CLOEXEC) = 17</home/szu2070436088/.conda/envs/CVS-RFFI/lib/python3.10/__pycache__/secrets.cpython-310.pyc>
1890493 openat(AT_FDCWD</home/szu2070436088/2510044040/CV-SincNet>, "/home/szu2070436088/.conda/envs/CVS-RFFI/lib/python3.10/__pycache__/hmac.cpython-310.pyc", O_RDONLY|O_CLOEXEC) = 17</home/szu2070436088/.conda/envs/CVS-RFFI/lib/python3.10/__pycache__/hmac.cpython-310.pyc>
1890493 openat(AT_FDCWD</home/szu2070436088/2510044040/CV-SincNet>, "/home/szu2070436088/2510044040/CV-SincNet/runs/qknn_ground_effective8_r16_e12_leoonly_20260715_v14/runtime_artifacts_strict_v10/runtime_closure/runtime/cvsrffi/__pycache__/stage2_predictor_bundle.cpython-310.pyc", O_RDONLY|O_CLOEXEC) = -1 ENOENT (No such file or directory)
1890493 openat(AT_FDCWD</home/szu2070436088/2510044040/CV-SincNet>, "/home/szu2070436088/2510044040/CV-SincNet/runs/qknn_ground_effective8_r16_e12_leoonly_20260715_v14/runtime_artifacts_strict_v10/runtime_closure/runtime/cvsrffi/stage2_predictor_bundle.py", O_RDONLY|O_CLOEXEC) = 17</home/szu2070436088/2510044040/CV-SincNet/runs/qknn_ground_effective8_r16_e12_leoonly_20260715_v14/runtime_artifacts_strict_v10/runtime_closure/runtime/cvsrffi/stage2_predictor_bundle.py>
1890493 openat(AT_FDCWD</home/szu2070436088/2510044040/CV-SincNet>, "/home/szu2070436088/2510044040/CV-SincNet/runs/qknn_ground_effective8_r16_e12_leoonly_20260715_v14/runtime_artifacts_strict_v10/runtime_closure/runtime/cvsrffi/__pycache__/stage2_predictor_entry.cpython-310.pyc", O_RDONLY|O_CLOEXEC) = -1 ENOENT (No such file or directory)
1890493 openat(AT_FDCWD</home/szu2070436088/2510044040/CV-SincNet>, "/home/szu2070436088/2510044040/CV-SincNet/runs/qknn_ground_effective8_r16_e12_leoonly_20260715_v14/runtime_artifacts_strict_v10/runtime_closure/runtime/cvsrffi/stage2_predictor_entry.py", O_RDONLY|O_CLOEXEC) = 17</home/szu2070436088/2510044040/CV-SincNet/runs/qknn_ground_effective8_r16_e12_leoonly_20260715_v14/runtime_artifacts_strict_v10/runtime_closure/runtime/cvsrffi/stage2_predictor_entry.py>
1890493 openat(AT_FDCWD</home/szu2070436088/2510044040/CV-SincNet>, "/home/szu2070436088/2510044040/CV-SincNet/runs/qknn_ground_effective8_r16_e12_leoonly_20260715_v14/runtime_artifacts_strict_v10/runtime_closure/runtime/cvsrffi/__pycache__/stage2_predictor_runtime.cpython-310.pyc", O_RDONLY|O_CLOEXEC) = -1 ENOENT (No such file or directory)
1890493 openat(AT_FDCWD</home/szu2070436088/2510044040/CV-SincNet>, "/home/szu2070436088/2510044040/CV-SincNet/runs/qknn_ground_effective8_r16_e12_leoonly_20260715_v14/runtime_artifacts_strict_v10/runtime_closure/runtime/cvsrffi/stage2_predictor_runtime.py", O_RDONLY|O_CLOEXEC) = 17</home/szu2070436088/2510044040/CV-SincNet/runs/qknn_ground_effective8_r16_e12_leoonly_20260715_v14/runtime_artifacts_strict_v10/runtime_closure/runtime/cvsrffi/stage2_predictor_runtime.py>
1890493 openat(AT_FDCWD</home/szu2070436088/2510044040/CV-SincNet>, "/home/szu2070436088/2510044040/CV-SincNet/runs/qknn_ground_effective8_r16_e12_leoonly_20260715_v14/runtime_artifacts_strict_v10/runtime_closure/runtime/cvsrffi/__pycache__/phase2_symmetric_head.cpython-310.pyc", O_RDONLY|O_CLOEXEC) = -1 ENOENT (No such file or directory)
1890493 openat(AT_FDCWD</home/szu2070436088/2510044040/CV-SincNet>, "/home/szu2070436088/2510044040/CV-SincNet/runs/qknn_ground_effective8_r16_e12_leoonly_20260715_v14/runtime_artifacts_strict_v10/runtime_closure/runtime/cvsrffi/phase2_symmetric_head.py", O_RDONLY|O_CLOEXEC) = 17</home/szu2070436088/2510044040/CV-SincNet/runs/qknn_ground_effective8_r16_e12_leoonly_20260715_v14/runtime_artifacts_strict_v10/runtime_closure/runtime/cvsrffi/phase2_symmetric_head.py>
1890493 openat(AT_FDCWD</home/szu2070436088/2510044040/CV-SincNet>, "/sys/devices/system/cpu/online", O_RDONLY|O_CLOEXEC) = 17</sys/devices/system/cpu/online>
1890493 openat(AT_FDCWD</home/szu2070436088/2510044040/CV-SincNet>, "/sys/devices/system/cpu/online", O_RDONLY|O_CLOEXEC) = 17</sys/devices/system/cpu/online>
1890493 openat(AT_FDCWD</home/szu2070436088/2510044040/CV-SincNet>, "/proc/sys/vm/mmap_min_addr", O_RDONLY) = 17</proc/sys/vm/mmap_min_addr>
1890493 openat(AT_FDCWD</home/szu2070436088/2510044040/CV-SincNet>, "/proc/cpuinfo", O_RDONLY) = 17</proc/cpuinfo>
1890493 openat(AT_FDCWD</home/szu2070436088/2510044040/CV-SincNet>, "/proc/self/maps", O_RDONLY) = 17</proc/1890493/maps>
1890493 openat(AT_FDCWD</home/szu2070436088/2510044040/CV-SincNet>, "/sys/devices/system/cpu/online", O_RDONLY|O_CLOEXEC) = 17</sys/devices/system/cpu/online>
1890493 openat(AT_FDCWD</home/szu2070436088/2510044040/CV-SincNet>, "/dev/shm/cuda_injection_path_shm", O_RDWR|O_NOFOLLOW|O_CLOEXEC) = -1 ENOENT (No such file or directory)
1890493 openat(AT_FDCWD</home/szu2070436088/2510044040/CV-SincNet>, "/home/szu2070436088/2510044040/CV-SincNet/runs/qknn_ground_effective8_r16_e12_leoonly_20260715_v14_landlock_strict300_v5/cells/rx_20_1__seed_713101__new_20__k_1/predictor_output/.sandbox_home/.nv/nvidia-application-profile-globals-rc", O_RDONLY) = -1 ENOENT (No such file or directory)
1890493 openat(AT_FDCWD</home/szu2070436088/2510044040/CV-SincNet>, "/home/szu2070436088/2510044040/CV-SincNet/runs/qknn_ground_effective8_r16_e12_leoonly_20260715_v14_landlock_strict300_v5/cells/rx_20_1__seed_713101__new_20__k_1/predictor_output/.sandbox_home/.nv/nvidia-application-profiles-rc", O_RDONLY) = -1 ENOENT (No such file or directory)
1890493 openat(AT_FDCWD</home/szu2070436088/2510044040/CV-SincNet>, "/home/szu2070436088/2510044040/CV-SincNet/runs/qknn_ground_effective8_r16_e12_leoonly_20260715_v14_landlock_strict300_v5/cells/rx_20_1__seed_713101__new_20__k_1/predictor_output/.sandbox_home/.nv/nvidia-application-profiles-rc.d", O_RDONLY) = -1 ENOENT (No such file or directory)
1890493 openat(AT_FDCWD</home/szu2070436088/2510044040/CV-SincNet>, "/etc/nvidia/nvidia-application-profiles-rc", O_RDONLY) = -1 ENOENT (No such file or directory)
1890493 openat(AT_FDCWD</home/szu2070436088/2510044040/CV-SincNet>, "/etc/nvidia/nvidia-application-profiles-rc.d/", O_RDONLY) = -1 ENOENT (No such file or directory)
1890493 openat(AT_FDCWD</home/szu2070436088/2510044040/CV-SincNet>, "/usr/share/nvidia/nvidia-application-profiles-535.309.01-rc", O_RDONLY) = 17</usr/share/nvidia/nvidia-application-profiles-535.309.01-rc>
1890493 openat(AT_FDCWD</home/szu2070436088/2510044040/CV-SincNet>, "/usr/share/nvidia/nvidia-application-profiles-rc", O_RDONLY) = -1 ENOENT (No such file or directory)
1890493 openat(AT_FDCWD</home/szu2070436088/2510044040/CV-SincNet>, "/proc/self/cmdline", O_RDONLY) = 17</proc/1890493/cmdline>
1890493 socket(AF_UNIX, SOCK_SEQPACKET|SOCK_CLOEXEC, 0) = -1 EPERM (Operation not permitted)
1890493 openat(AT_FDCWD</home/szu2070436088/2510044040/CV-SincNet>, "/proc/driver/nvidia/params", O_RDONLY) = 17</proc/driver/nvidia/params>
1890493 openat(AT_FDCWD</home/szu2070436088/2510044040/CV-SincNet>, "/proc/driver/nvidia/params", O_RDONLY) = 17</proc/driver/nvidia/params>
1890493 openat(AT_FDCWD</home/szu2070436088/2510044040/CV-SincNet>, "/dev/nvidiactl", O_RDWR) = 17</dev/nvidiactl<char 195:255>>
1890493 openat(AT_FDCWD</home/szu2070436088/2510044040/CV-SincNet>, "/sys/devices/system/memory/block_size_bytes", O_RDONLY) = 18</sys/devices/system/memory/block_size_bytes>
1890493 openat(AT_FDCWD</home/szu2070436088/2510044040/CV-SincNet>, "/proc/driver/nvidia/params", O_RDONLY) = 17</proc/driver/nvidia/params>
1890493 openat(AT_FDCWD</home/szu2070436088/2510044040/CV-SincNet>, "/proc/driver/nvidia/params", O_RDONLY) = 17</proc/driver/nvidia/params>
1890493 openat(AT_FDCWD</home/szu2070436088/2510044040/CV-SincNet>, "/dev/nvidiactl", O_RDWR) = 17</dev/nvidiactl<char 195:255>>
1890493 openat(AT_FDCWD</home/szu2070436088/2510044040/CV-SincNet>, "/sys/devices/system/memory/block_size_bytes", O_RDONLY) = 18</sys/devices/system/memory/block_size_bytes>
1890493 openat(AT_FDCWD</home/szu2070436088/2510044040/CV-SincNet>, "/sys/devices/system/cpu/online", O_RDONLY|O_CLOEXEC) = 18</sys/devices/system/cpu/online>
1890493 openat(AT_FDCWD</home/szu2070436088/2510044040/CV-SincNet>, "/proc/self/status", O_RDONLY) = 18</proc/1890493/status>
1890493 openat(AT_FDCWD</home/szu2070436088/2510044040/CV-SincNet>, "/sys/devices/system/node", O_RDONLY|O_NONBLOCK|O_CLOEXEC|O_DIRECTORY) = 18</sys/devices/system/node>
1890493 openat(AT_FDCWD</home/szu2070436088/2510044040/CV-SincNet>, "/sys/devices/system/node/node0/cpumap", O_RDONLY) = 19</sys/devices/system/node/node0/cpumap>
1890493 openat(AT_FDCWD</home/szu2070436088/2510044040/CV-SincNet>, "/sys/devices/system/node/node1/cpumap", O_RDONLY) = 19</sys/devices/system/node/node1/cpumap>
1890493 openat(AT_FDCWD</home/szu2070436088/2510044040/CV-SincNet>, "/proc/devices", O_RDONLY) = 18</proc/devices>
1890493 openat(AT_FDCWD</home/szu2070436088/2510044040/CV-SincNet>, "/dev/nvidia-uvm", O_RDWR|O_CLOEXEC) = 18</dev/nvidia-uvm<char 234:0>>
1890493 openat(AT_FDCWD</home/szu2070436088/2510044040/CV-SincNet>, "/dev/nvidia-uvm", O_RDWR|O_CLOEXEC) = 19</dev/nvidia-uvm<char 234:0>>
1890493 openat(AT_FDCWD</home/szu2070436088/2510044040/CV-SincNet>, "/proc/driver/nvidia/params", O_RDONLY) = 19</proc/driver/nvidia/params>
1890493 openat(AT_FDCWD</home/szu2070436088/2510044040/CV-SincNet>, "/proc/driver/nvidia/params", O_RDONLY) = 19</proc/driver/nvidia/params>
1890493 openat(AT_FDCWD</home/szu2070436088/2510044040/CV-SincNet>, "/dev/nvidia0", O_RDWR|O_CLOEXEC) = 19</dev/nvidia0<char 195:0>>
1890493 openat(AT_FDCWD</home/szu2070436088/2510044040/CV-SincNet>, "/proc/driver/nvidia/params", O_RDONLY) = 20</proc/driver/nvidia/params>
1890493 openat(AT_FDCWD</home/szu2070436088/2510044040/CV-SincNet>, "/proc/driver/nvidia/params", O_RDONLY) = 20</proc/driver/nvidia/params>
1890493 openat(AT_FDCWD</home/szu2070436088/2510044040/CV-SincNet>, "/dev/nvidia1", O_RDWR|O_CLOEXEC) = 20</dev/nvidia1<char 195:1>>
1890493 openat(AT_FDCWD</home/szu2070436088/2510044040/CV-SincNet>, "/proc/driver/nvidia/params", O_RDONLY) = 21</proc/driver/nvidia/params>
1890493 openat(AT_FDCWD</home/szu2070436088/2510044040/CV-SincNet>, "/proc/driver/nvidia/params", O_RDONLY) = 21</proc/driver/nvidia/params>
1890493 openat(AT_FDCWD</home/szu2070436088/2510044040/CV-SincNet>, "/dev/nvidia2", O_RDWR|O_CLOEXEC) = 21</dev/nvidia2<char 195:2>>
1890493 openat(AT_FDCWD</home/szu2070436088/2510044040/CV-SincNet>, "/proc/driver/nvidia/params", O_RDONLY) = 22</proc/driver/nvidia/params>
1890493 openat(AT_FDCWD</home/szu2070436088/2510044040/CV-SincNet>, "/proc/driver/nvidia/params", O_RDONLY) = 22</proc/driver/nvidia/params>
1890493 openat(AT_FDCWD</home/szu2070436088/2510044040/CV-SincNet>, "/dev/nvidia3", O_RDWR|O_CLOEXEC) = 22</dev/nvidia3<char 195:3>>
1890493 openat(AT_FDCWD</home/szu2070436088/2510044040/CV-SincNet>, "/proc/driver/nvidia/params", O_RDONLY) = 23</proc/driver/nvidia/params>
1890493 openat(AT_FDCWD</home/szu2070436088/2510044040/CV-SincNet>, "/proc/driver/nvidia/params", O_RDONLY) = 23</proc/driver/nvidia/params>
1890493 openat(AT_FDCWD</home/szu2070436088/2510044040/CV-SincNet>, "/dev/nvidia4", O_RDWR|O_CLOEXEC) = 23</dev/nvidia4<char 195:4>>
1890493 openat(AT_FDCWD</home/szu2070436088/2510044040/CV-SincNet>, "/proc/driver/nvidia/params", O_RDONLY) = 24</proc/driver/nvidia/params>
1890493 openat(AT_FDCWD</home/szu2070436088/2510044040/CV-SincNet>, "/proc/driver/nvidia/params", O_RDONLY) = 24</proc/driver/nvidia/params>
1890493 openat(AT_FDCWD</home/szu2070436088/2510044040/CV-SincNet>, "/dev/nvidia5", O_RDWR|O_CLOEXEC) = 24</dev/nvidia5<char 195:5>>
1890493 openat(AT_FDCWD</home/szu2070436088/2510044040/CV-SincNet>, "/proc/driver/nvidia/params", O_RDONLY) = 25</proc/driver/nvidia/params>
1890493 openat(AT_FDCWD</home/szu2070436088/2510044040/CV-SincNet>, "/proc/driver/nvidia/params", O_RDONLY) = 25</proc/driver/nvidia/params>
1890493 openat(AT_FDCWD</home/szu2070436088/2510044040/CV-SincNet>, "/dev/nvidia6", O_RDWR|O_CLOEXEC) = 25</dev/nvidia6<char 195:6>>
1890493 openat(AT_FDCWD</home/szu2070436088/2510044040/CV-SincNet>, "/proc/driver/nvidia/params", O_RDONLY) = 26</proc/driver/nvidia/params>
1890493 openat(AT_FDCWD</home/szu2070436088/2510044040/CV-SincNet>, "/proc/driver/nvidia/params", O_RDONLY) = 26</proc/driver/nvidia/params>
1890493 openat(AT_FDCWD</home/szu2070436088/2510044040/CV-SincNet>, "/dev/nvidia7", O_RDWR|O_CLOEXEC) = 26</dev/nvidia7<char 195:7>>
1890493 openat(AT_FDCWD</home/szu2070436088/2510044040/CV-SincNet>, "/proc/driver/nvidia/params", O_RDONLY) = 27</proc/driver/nvidia/params>
1890493 openat(AT_FDCWD</home/szu2070436088/2510044040/CV-SincNet>, "/proc/driver/nvidia/params", O_RDONLY) = 27</proc/driver/nvidia/params>
1890493 openat(AT_FDCWD</home/szu2070436088/2510044040/CV-SincNet>, "/dev/nvidia0", O_RDWR|O_CLOEXEC) = 27</dev/nvidia0<char 195:0>>
1890493 openat(AT_FDCWD</home/szu2070436088/2510044040/CV-SincNet>, "/proc/driver/nvidia/params", O_RDONLY) = 28</proc/driver/nvidia/params>
1890493 openat(AT_FDCWD</home/szu2070436088/2510044040/CV-SincNet>, "/proc/driver/nvidia/params", O_RDONLY) = 28</proc/driver/nvidia/params>
1890493 openat(AT_FDCWD</home/szu2070436088/2510044040/CV-SincNet>, "/dev/nvidia0", O_RDWR|O_CLOEXEC) = 28</dev/nvidia0<char 195:0>>
1890493 openat(AT_FDCWD</home/szu2070436088/2510044040/CV-SincNet>, "/dev/nvidia0", O_RDWR|O_CLOEXEC) = 29</dev/nvidia0<char 195:0>>
1890493 openat(AT_FDCWD</home/szu2070436088/2510044040/CV-SincNet>, "/sys/bus/pci/devices/0000:12:00.0/numa_node", O_RDONLY) = 29</sys/devices/pci0000:0f/0000:0f:00.0/0000:10:00.0/0000:11:00.0/0000:12:00.0/numa_node>
1890493 openat(AT_FDCWD</home/szu2070436088/2510044040/CV-SincNet>, "/proc/driver/nvidia/params", O_RDONLY) = 29</proc/driver/nvidia/params>
1890493 openat(AT_FDCWD</home/szu2070436088/2510044040/CV-SincNet>, "/proc/driver/nvidia/params", O_RDONLY) = 29</proc/driver/nvidia/params>
1890493 openat(AT_FDCWD</home/szu2070436088/2510044040/CV-SincNet>, "/dev/nvidia1", O_RDWR|O_CLOEXEC) = 29</dev/nvidia1<char 195:1>>
1890493 openat(AT_FDCWD</home/szu2070436088/2510044040/CV-SincNet>, "/proc/driver/nvidia/params", O_RDONLY) = 30</proc/driver/nvidia/params>
1890493 openat(AT_FDCWD</home/szu2070436088/2510044040/CV-SincNet>, "/proc/driver/nvidia/params", O_RDONLY) = 30</proc/driver/nvidia/params>
1890493 openat(AT_FDCWD</home/szu2070436088/2510044040/CV-SincNet>, "/dev/nvidia1", O_RDWR|O_CLOEXEC) = 30</dev/nvidia1<char 195:1>>
1890493 openat(AT_FDCWD</home/szu2070436088/2510044040/CV-SincNet>, "/dev/nvidia1", O_RDWR|O_CLOEXEC) = 31</dev/nvidia1<char 195:1>>
1890493 openat(AT_FDCWD</home/szu2070436088/2510044040/CV-SincNet>, "/sys/bus/pci/devices/0000:13:00.0/numa_node", O_RDONLY) = 31</sys/devices/pci0000:0f/0000:0f:00.0/0000:10:00.0/0000:11:01.0/0000:13:00.0/numa_node>
1890493 openat(AT_FDCWD</home/szu2070436088/2510044040/CV-SincNet>, "/proc/driver/nvidia/params", O_RDONLY) = 31</proc/driver/nvidia/params>
1890493 openat(AT_FDCWD</home/szu2070436088/2510044040/CV-SincNet>, "/proc/driver/nvidia/params", O_RDONLY) = 31</proc/driver/nvidia/params>
1890493 openat(AT_FDCWD</home/szu2070436088/2510044040/CV-SincNet>, "/dev/nvidia2", O_RDWR|O_CLOEXEC) = 31</dev/nvidia2<char 195:2>>
1890493 openat(AT_FDCWD</home/szu2070436088/2510044040/CV-SincNet>, "/proc/driver/nvidia/params", O_RDONLY) = 32</proc/driver/nvidia/params>
1890493 openat(AT_FDCWD</home/szu2070436088/2510044040/CV-SincNet>, "/proc/driver/nvidia/params", O_RDONLY) = 32</proc/driver/nvidia/params>
1890493 openat(AT_FDCWD</home/szu2070436088/2510044040/CV-SincNet>, "/dev/nvidia2", O_RDWR|O_CLOEXEC) = 32</dev/nvidia2<char 195:2>>
1890493 openat(AT_FDCWD</home/szu2070436088/2510044040/CV-SincNet>, "/dev/nvidia2", O_RDWR|O_CLOEXEC) = 33</dev/nvidia2<char 195:2>>
1890493 openat(AT_FDCWD</home/szu2070436088/2510044040/CV-SincNet>, "/sys/bus/pci/devices/0000:48:00.0/numa_node", O_RDONLY) = 33</sys/devices/pci0000:45/0000:45:00.0/0000:46:00.0/0000:47:00.0/0000:48:00.0/numa_node>
1890493 openat(AT_FDCWD</home/szu2070436088/2510044040/CV-SincNet>, "/proc/driver/nvidia/params", O_RDONLY) = 33</proc/driver/nvidia/params>
1890493 openat(AT_FDCWD</home/szu2070436088/2510044040/CV-SincNet>, "/proc/driver/nvidia/params", O_RDONLY) = 33</proc/driver/nvidia/params>
1890493 openat(AT_FDCWD</home/szu2070436088/2510044040/CV-SincNet>, "/dev/nvidia3", O_RDWR|O_CLOEXEC) = 33</dev/nvidia3<char 195:3>>
1890493 openat(AT_FDCWD</home/szu2070436088/2510044040/CV-SincNet>, "/proc/driver/nvidia/params", O_RDONLY) = 34</proc/driver/nvidia/params>
1890493 openat(AT_FDCWD</home/szu2070436088/2510044040/CV-SincNet>, "/proc/driver/nvidia/params", O_RDONLY) = 34</proc/driver/nvidia/params>
1890493 openat(AT_FDCWD</home/szu2070436088/2510044040/CV-SincNet>, "/dev/nvidia3", O_RDWR|O_CLOEXEC) = 34</dev/nvidia3<char 195:3>>
1890493 openat(AT_FDCWD</home/szu2070436088/2510044040/CV-SincNet>, "/dev/nvidia3", O_RDWR|O_CLOEXEC) = 35</dev/nvidia3<char 195:3>>
1890493 openat(AT_FDCWD</home/szu2070436088/2510044040/CV-SincNet>, "/sys/bus/pci/devices/0000:89:00.0/numa_node", O_RDONLY) = 35</sys/devices/pci0000:83/0000:83:00.0/0000:84:00.0/0000:85:03.0/0000:89:00.0/numa_node>
1890493 openat(AT_FDCWD</home/szu2070436088/2510044040/CV-SincNet>, "/proc/driver/nvidia/params", O_RDONLY) = 35</proc/driver/nvidia/params>
1890493 openat(AT_FDCWD</home/szu2070436088/2510044040/CV-SincNet>, "/proc/driver/nvidia/params", O_RDONLY) = 35</proc/driver/nvidia/params>
1890493 openat(AT_FDCWD</home/szu2070436088/2510044040/CV-SincNet>, "/dev/nvidia4", O_RDWR|O_CLOEXEC) = 35</dev/nvidia4<char 195:4>>
1890493 openat(AT_FDCWD</home/szu2070436088/2510044040/CV-SincNet>, "/proc/driver/nvidia/params", O_RDONLY) = 36</proc/driver/nvidia/params>
1890493 openat(AT_FDCWD</home/szu2070436088/2510044040/CV-SincNet>, "/proc/driver/nvidia/params", O_RDONLY) = 36</proc/driver/nvidia/params>
1890493 openat(AT_FDCWD</home/szu2070436088/2510044040/CV-SincNet>, "/dev/nvidia4", O_RDWR|O_CLOEXEC) = 36</dev/nvidia4<char 195:4>>
1890493 openat(AT_FDCWD</home/szu2070436088/2510044040/CV-SincNet>, "/dev/nvidia4", O_RDWR|O_CLOEXEC) = 37</dev/nvidia4<char 195:4>>
1890493 openat(AT_FDCWD</home/szu2070436088/2510044040/CV-SincNet>, "/sys/bus/pci/devices/0000:8a:00.0/numa_node", O_RDONLY) = 37</sys/devices/pci0000:83/0000:83:00.0/0000:84:00.0/0000:85:04.0/0000:8a:00.0/numa_node>
1890493 openat(AT_FDCWD</home/szu2070436088/2510044040/CV-SincNet>, "/proc/driver/nvidia/params", O_RDONLY) = 37</proc/driver/nvidia/params>
1890493 openat(AT_FDCWD</home/szu2070436088/2510044040/CV-SincNet>, "/proc/driver/nvidia/params", O_RDONLY) = 37</proc/driver/nvidia/params>
1890493 openat(AT_FDCWD</home/szu2070436088/2510044040/CV-SincNet>, "/dev/nvidia5", O_RDWR|O_CLOEXEC) = 37</dev/nvidia5<char 195:5>>
1890493 openat(AT_FDCWD</home/szu2070436088/2510044040/CV-SincNet>, "/proc/driver/nvidia/params", O_RDONLY) = 38</proc/driver/nvidia/params>
1890493 openat(AT_FDCWD</home/szu2070436088/2510044040/CV-SincNet>, "/proc/driver/nvidia/params", O_RDONLY) = 38</proc/driver/nvidia/params>
1890493 openat(AT_FDCWD</home/szu2070436088/2510044040/CV-SincNet>, "/dev/nvidia5", O_RDWR|O_CLOEXEC) = 38</dev/nvidia5<char 195:5>>
1890493 openat(AT_FDCWD</home/szu2070436088/2510044040/CV-SincNet>, "/dev/nvidia5", O_RDWR|O_CLOEXEC) = 39</dev/nvidia5<char 195:5>>
1890493 openat(AT_FDCWD</home/szu2070436088/2510044040/CV-SincNet>, "/sys/bus/pci/devices/0000:c0:00.0/numa_node", O_RDONLY) = 39</sys/devices/pci0000:ba/0000:ba:00.0/0000:bb:00.0/0000:bc:03.0/0000:c0:00.0/numa_node>
1890493 openat(AT_FDCWD</home/szu2070436088/2510044040/CV-SincNet>, "/proc/driver/nvidia/params", O_RDONLY) = 39</proc/driver/nvidia/params>
1890493 openat(AT_FDCWD</home/szu2070436088/2510044040/CV-SincNet>, "/proc/driver/nvidia/params", O_RDONLY) = 39</proc/driver/nvidia/params>
1890493 openat(AT_FDCWD</home/szu2070436088/2510044040/CV-SincNet>, "/dev/nvidia6", O_RDWR|O_CLOEXEC) = 39</dev/nvidia6<char 195:6>>
1890493 openat(AT_FDCWD</home/szu2070436088/2510044040/CV-SincNet>, "/proc/driver/nvidia/params", O_RDONLY) = 40</proc/driver/nvidia/params>
1890493 openat(AT_FDCWD</home/szu2070436088/2510044040/CV-SincNet>, "/proc/driver/nvidia/params", O_RDONLY) = 40</proc/driver/nvidia/params>
1890493 openat(AT_FDCWD</home/szu2070436088/2510044040/CV-SincNet>, "/dev/nvidia6", O_RDWR|O_CLOEXEC) = 40</dev/nvidia6<char 195:6>>
1890493 openat(AT_FDCWD</home/szu2070436088/2510044040/CV-SincNet>, "/dev/nvidia6", O_RDWR|O_CLOEXEC) = 41</dev/nvidia6<char 195:6>>
1890493 openat(AT_FDCWD</home/szu2070436088/2510044040/CV-SincNet>, "/sys/bus/pci/devices/0000:c1:00.0/numa_node", O_RDONLY) = 41</sys/devices/pci0000:ba/0000:ba:00.0/0000:bb:00.0/0000:bc:04.0/0000:c1:00.0/numa_node>
1890493 openat(AT_FDCWD</home/szu2070436088/2510044040/CV-SincNet>, "/proc/driver/nvidia/params", O_RDONLY) = 41</proc/driver/nvidia/params>
1890493 openat(AT_FDCWD</home/szu2070436088/2510044040/CV-SincNet>, "/proc/driver/nvidia/params", O_RDONLY) = 41</proc/driver/nvidia/params>
1890493 openat(AT_FDCWD</home/szu2070436088/2510044040/CV-SincNet>, "/dev/nvidia7", O_RDWR|O_CLOEXEC) = 41</dev/nvidia7<char 195:7>>
1890493 openat(AT_FDCWD</home/szu2070436088/2510044040/CV-SincNet>, "/proc/driver/nvidia/params", O_RDONLY) = 42</proc/driver/nvidia/params>
1890493 openat(AT_FDCWD</home/szu2070436088/2510044040/CV-SincNet>, "/proc/driver/nvidia/params", O_RDONLY) = 42</proc/driver/nvidia/params>
1890493 openat(AT_FDCWD</home/szu2070436088/2510044040/CV-SincNet>, "/dev/nvidia7", O_RDWR|O_CLOEXEC) = 42</dev/nvidia7<char 195:7>>
1890493 openat(AT_FDCWD</home/szu2070436088/2510044040/CV-SincNet>, "/dev/nvidia7", O_RDWR|O_CLOEXEC) = 43</dev/nvidia7<char 195:7>>
1890493 openat(AT_FDCWD</home/szu2070436088/2510044040/CV-SincNet>, "/sys/bus/pci/devices/0000:c2:00.0/numa_node", O_RDONLY) = 43</sys/devices/pci0000:ba/0000:ba:00.0/0000:bb:00.0/0000:bc:05.0/0000:c2:00.0/numa_node>
1890493 openat(AT_FDCWD</home/szu2070436088/2510044040/CV-SincNet>, "/proc/self/task/1890993/comm", O_RDWR) = -1 EACCES (Permission denied)
1890493 socket(AF_UNIX, SOCK_SEQPACKET|SOCK_CLOEXEC, 0) = -1 EPERM (Operation not permitted)
1890493 openat(AT_FDCWD</home/szu2070436088/2510044040/CV-SincNet>, "/home/szu2070436088/.conda/envs/CVS-RFFI/lib/python3.10/encodings/__pycache__/utf_8_sig.cpython-310.pyc", O_RDONLY|O_CLOEXEC) = 17</home/szu2070436088/.conda/envs/CVS-RFFI/lib/python3.10/encodings/__pycache__/utf_8_sig.cpython-310.pyc>
1890493 openat(AT_FDCWD</home/szu2070436088/2510044040/CV-SincNet>, "/home/szu2070436088/.conda/envs/CVS-RFFI/lib/python3.10/encodings/__pycache__/cp437.cpython-310.pyc", O_RDONLY|O_CLOEXEC) = 18</home/szu2070436088/.conda/envs/CVS-RFFI/lib/python3.10/encodings/__pycache__/cp437.cpython-310.pyc>
1890493 openat(AT_FDCWD</home/szu2070436088/2510044040/CV-SincNet>, "/home/szu2070436088/2510044040/CV-SincNet/runs/qknn_ground_effective8_r16_e12_leoonly_20260715_v14/runtime_artifacts_strict_v10/runtime_closure/runtime/scripts/run_cvs_stage2_predictor.py", O_RDONLY|O_CLOEXEC) = 17</home/szu2070436088/2510044040/CV-SincNet/runs/qknn_ground_effective8_r16_e12_leoonly_20260715_v14/runtime_artifacts_strict_v10/runtime_closure/runtime/scripts/run_cvs_stage2_predictor.py>
1890493 openat(AT_FDCWD</home/szu2070436088/2510044040/CV-SincNet>, "/home/szu2070436088/2510044040/CV-SincNet/runs/qknn_ground_effective8_r16_e12_leoonly_20260715_v14/runtime_artifacts_strict_v10/runtime_closure/runtime/scripts/run_cvs_stage2_predictor.py", O_RDONLY|O_CLOEXEC) = 17</home/szu2070436088/2510044040/CV-SincNet/runs/qknn_ground_effective8_r16_e12_leoonly_20260715_v14/runtime_artifacts_strict_v10/runtime_closure/runtime/scripts/run_cvs_stage2_predictor.py>
1890493 openat(AT_FDCWD</home/szu2070436088/2510044040/CV-SincNet>, "/home/szu2070436088/2510044040/CV-SincNet/runs/qknn_ground_effective8_r16_e12_leoonly_20260715_v14/runtime_artifacts_strict_v10/runtime_closure/runtime/scripts/run_cvs_stage2_predictor.py", O_RDONLY|O_CLOEXEC) = 17</home/szu2070436088/2510044040/CV-SincNet/runs/qknn_ground_effective8_r16_e12_leoonly_20260715_v14/runtime_artifacts_strict_v10/runtime_closure/runtime/scripts/run_cvs_stage2_predictor.py>
1890493 openat(AT_FDCWD</home/szu2070436088/2510044040/CV-SincNet>, "/home/szu2070436088/2510044040/CV-SincNet/runs/qknn_ground_effective8_r16_e12_leoonly_20260715_v14/runtime_artifacts_strict_v10/runtime_closure/runtime/cvsrffi/stage2_predictor_entry.py", O_RDONLY|O_CLOEXEC) = 17</home/szu2070436088/2510044040/CV-SincNet/runs/qknn_ground_effective8_r16_e12_leoonly_20260715_v14/runtime_artifacts_strict_v10/runtime_closure/runtime/cvsrffi/stage2_predictor_entry.py>
1890493 openat(AT_FDCWD</home/szu2070436088/2510044040/CV-SincNet>, "/home/szu2070436088/2510044040/CV-SincNet/runs/qknn_ground_effective8_r16_e12_leoonly_20260715_v14/runtime_artifacts_strict_v10/runtime_closure/runtime/cvsrffi/stage2_predictor_runtime.py", O_RDONLY|O_CLOEXEC) = 17</home/szu2070436088/2510044040/CV-SincNet/runs/qknn_ground_effective8_r16_e12_leoonly_20260715_v14/runtime_artifacts_strict_v10/runtime_closure/runtime/cvsrffi/stage2_predictor_runtime.py>
1890493 openat(AT_FDCWD</home/szu2070436088/2510044040/CV-SincNet>, "/home/szu2070436088/2510044040/CV-SincNet/runs/qknn_ground_effective8_r16_e12_leoonly_20260715_v14/runtime_artifacts_strict_v10/runtime_closure/runtime/cvsrffi/stage2_predictor_runtime.py", O_RDONLY|O_CLOEXEC) = 17</home/szu2070436088/2510044040/CV-SincNet/runs/qknn_ground_effective8_r16_e12_leoonly_20260715_v14/runtime_artifacts_strict_v10/runtime_closure/runtime/cvsrffi/stage2_predictor_runtime.py>
1890493 openat(AT_FDCWD</home/szu2070436088/2510044040/CV-SincNet>, "/dev/shm/__KMP_REGISTERED_LIB_1890493_1000", O_RDONLY|O_NOFOLLOW|O_CLOEXEC) = 17</dev/shm/__KMP_REGISTERED_LIB_1890493_1000>
