accuracy,alignment_strength,coherence_mean,count,day,fallback_fraction,model_seed,nominal_residual_cfo_hz_mean,receiver,relative_cfo_hz_max,relative_cfo_hz_mean,relative_cfo_hz_min,residual_estimated_cfo_hz_mean,residual_formula_eligible_count,residual_formula_max_error_hz,residual_valid_fraction,tx,unit_embedding_trace_variance,variant
0.9933333333333333,0.0,0.9921577136218548,300,1,0.0,2026092701,-26914.05865234375,1,-23710.791015625,-26914.05865234375,-34867.8046875,-26914.05865234375,300,0.0,1.0,0,0.10141576388832241,neural_residual_shallow
1.0,0.0,0.9969143839677175,300,2,0.0,2026092701,-26997.29896484375,1,-24915.0703125,-26997.29896484375,-29281.009765625,-26997.29896484375,300,0.0,1.0,0,0.10280961643097208,neural_residual_shallow
0.9933333333333333,0.0,0.9959728302558263,300,3,0.0,2026092701,-27036.744583333333,1,-17193.962890625,-27036.744583333333,-29216.671875,-27036.744583333333,300,0.0,1.0,0,0.07122990919638672,neural_residual_shallow
0.93,0.0,0.8407306848093867,300,1,0.0,2026092701,-32599.654809977215,3,599168.375,-32599.654809977215,-621967.875,-32599.654809977215,300,0.0,1.0,0,0.2866910802637044,neural_residual_shallow
0.9633333333333334,0.0,0.8427451226736108,300,2,0.0,2026092701,-19893.017174886067,3,578542.5625,-19893.017174886067,-610105.75,-19893.017174886067,300,0.0,1.0,0,0.2672681550430921,neural_residual_shallow
0.9666666666666667,0.0,0.8296312564238906,300,3,0.0,2026092701,-16558.236828918456,3,572646.875,-16558.236828918456,-557283.0625,-16558.236828918456,300,0.0,1.0,0,0.33684889104708216,neural_residual_shallow
1.0,0.0,0.996070388952891,300,1,0.0,2026092701,-28011.63046875,4,-24516.6171875,-28011.63046875,-32686.943359375,-28011.63046875,300,0.0,1.0,0,0.06922710241511854,neural_residual_shallow
1.0,0.0,0.9986021320025126,300,2,0.0,2026092701,-27672.128684895833,4,-25615.763671875,-27672.128684895833,-29823.333984375,-27672.128684895833,300,0.0,1.0,0,0.046992917872227924,neural_residual_shallow
1.0,0.0,0.998875458240509,300,3,0.0,2026092701,-27824.992005208333,4,-25399.595703125,-27824.992005208333,-29762.24609375,-27824.992005208333,300,0.0,1.0,0,0.05265769125409303,neural_residual_shallow
0.9933333333333333,0.0,0.990090055714051,300,1,0.0,2026092701,-26924.773723958333,6,-22339.32421875,-26924.773723958333,-128068.515625,-26924.773723958333,300,0.0,1.0,0,0.07264053533522286,neural_residual_shallow
1.0,0.0,0.9876185045639674,300,2,0.0,2026092701,-27468.35755859375,6,-20680.72265625,-27468.35755859375,-38947.83984375,-27468.35755859375,300,0.0,1.0,0,0.08300623325880441,neural_residual_shallow
1.0,0.0,0.9805694196621577,300,3,0.0,2026092701,-26280.906529947915,6,-20889.609375,-26280.906529947915,-32613.501953125,-26280.906529947915,300,0.0,1.0,0,0.09578593905800403,neural_residual_shallow
0.9733333333333334,0.0,0.8392215252419313,300,1,0.0,2026092701,-19500.58509174347,8,597359.9375,-19500.58509174347,-202708.546875,-19500.58509174347,300,0.0,1.0,0,0.22222620084008593,neural_residual_shallow
0.9833333333333333,0.0,0.860476649403572,300,2,0.0,2026092701,-27325.18803914388,8,23424.271484375,-27325.18803914388,-609270.1875,-27325.18803914388,300,0.0,1.0,0,0.2571921661259622,neural_residual_shallow
0.9733333333333334,0.0,0.8545868360002835,300,3,0.0,2026092701,-23919.98753751119,8,580221.0,-23919.98753751119,-559319.3125,-23919.98753751119,300,0.0,1.0,0,0.26741194351075537,neural_residual_shallow
0.9966666666666667,0.0,0.9927015282710393,300,1,0.0,2026092701,-21306.525276285807,1,-1809.8533935546875,-21306.525276285807,-25667.486328125,-21306.525276285807,300,0.0,1.0,1,0.1003107050230424,neural_residual_shallow
0.9933333333333333,0.0,0.9973381127913793,300,2,0.0,2026092701,-22190.22104817708,1,-17622.93359375,-22190.22104817708,-24787.240234375,-22190.22104817708,300,0.0,1.0,1,0.06385705296605426,neural_residual_shallow
0.99,0.0,0.9990472426017125,300,3,0.0,2026092701,-22559.388478190103,1,-4857.29345703125,-22559.388478190103,-25170.203125,-22559.388478190103,300,0.0,1.0,1,0.06774752928193428,neural_residual_shallow
0.98,0.0,0.8815935239195823,300,1,0.0,2026092701,-21378.820799560548,3,446114.0,-21378.820799560548,-108983.53125,-21378.820799560548,300,0.0,1.0,1,0.2610306384522919,neural_residual_shallow
0.97,0.0,0.8745111145886282,300,2,0.0,2026092701,-22024.885188395183,3,335975.90625,-22024.885188395183,-556382.25,-22024.885188395183,300,0.0,1.0,1,0.264543088129787,neural_residual_shallow
0.9133333333333333,0.0,0.8518686656405529,300,3,0.0,2026092701,-24257.959638773602,3,611520.1875,-24257.959638773602,-610973.1875,-24257.959638773602,300,0.0,1.0,1,0.3441081396454282,neural_residual_shallow
0.9933333333333333,0.0,0.9991894960403442,300,1,0.0,2026092701,-23169.138821614582,4,-20509.126953125,-23169.138821614582,-25406.765625,-23169.138821614582,300,0.0,1.0,1,0.11589003447980517,neural_residual_shallow
0.9933333333333333,0.0,0.9986263140042623,300,2,0.0,2026092701,-22632.316471354166,4,-14038.548828125,-22632.316471354166,-24574.96875,-22632.316471354166,300,0.0,1.0,1,0.15703125159207376,neural_residual_shallow
0.9866666666666667,0.0,0.9981225313742955,300,3,0.0,2026092701,-23001.16021077474,4,1132.475341796875,-23001.16021077474,-24915.26171875,-23001.16021077474,300,0.0,1.0,1,0.15238348965957982,neural_residual_shallow
0.9933333333333333,0.0,0.9948582658171654,300,1,0.0,2026092701,-23038.641243489583,6,-15437.158203125,-23038.641243489583,-270619.1875,-23038.641243489583,300,0.0,1.0,1,0.0854956853753196,neural_residual_shallow
0.9966666666666667,0.0,0.9939415416121483,300,2,0.0,2026092701,-22659.027272135416,6,-13901.150390625,-22659.027272135416,-237097.1875,-22659.027272135416,300,0.0,1.0,1,0.08587083693953357,neural_residual_shallow
0.9866666666666667,0.0,0.9923021006087462,300,3,0.0,2026092701,-22575.722891438803,6,-3095.299072265625,-22575.722891438803,-172514.359375,-22575.722891438803,300,0.0,1.0,1,0.14923583837398713,neural_residual_shallow
0.97,0.0,0.8593488229314487,300,1,0.0,2026092701,-20772.708798828124,8,450508.75,-20772.708798828124,-226374.15625,-20772.708798828124,300,0.0,1.0,1,0.29316494204141597,neural_residual_shallow
0.97,0.0,0.8749892761806647,300,2,0.0,2026092701,-21225.562836812336,8,4392.654296875,-21225.562836812336,-204099.90625,-21225.562836812336,300,0.0,1.0,1,0.2985081905853939,neural_residual_shallow
0.9666666666666667,0.0,0.8787944091359774,300,3,0.0,2026092701,-19687.938111012776,8,541056.9375,-19687.938111012776,-396135.09375,-19687.938111012776,300,0.0,1.0,1,0.30336853567146393,neural_residual_shallow
1.0,0.0,0.9987207810084026,300,1,0.0,2026092701,-22064.192858072918,1,-19434.201171875,-22064.192858072918,-24899.802734375,-22064.192858072918,300,0.0,1.0,2,0.04058524610682146,neural_residual_shallow
1.0,0.0,0.9987414896488189,300,2,0.0,2026092701,-21583.2346875,1,-18921.12890625,-21583.2346875,-23712.373046875,-21583.2346875,300,0.0,1.0,2,0.043666731134903713,neural_residual_shallow
0.9966666666666667,0.0,0.9984172634283701,300,3,0.0,2026092701,-22135.415572916667,1,-19751.6796875,-22135.415572916667,-24196.537109375,-22135.415572916667,300,0.0,1.0,2,0.053397521261177916,neural_residual_shallow
0.97,0.0,0.8800891214609146,300,1,0.0,2026092701,-22153.40174621582,3,80448.65625,-22153.40174621582,-95076.3046875,-22153.40174621582,300,0.0,1.0,2,0.17168645243798053,neural_residual_shallow
0.9933333333333333,0.0,0.877268965219458,300,2,0.0,2026092701,-21170.907107289633,3,12866.681640625,-21170.907107289633,-106148.5234375,-21170.907107289633,300,0.0,1.0,2,0.15319432679375933,neural_residual_shallow
0.9866666666666667,0.0,0.8882330258687338,300,3,0.0,2026092701,-19384.25474866231,3,489075.03125,-19384.25474866231,-99052.359375,-19384.25474866231,300,0.0,1.0,2,0.20219897153390065,neural_residual_shallow
0.97,0.0,0.9545144002139568,300,1,0.0,2026092701,-15601.102389322916,4,488752.28125,-15601.102389322916,-503510.03125,-15601.102389322916,300,0.0,1.0,2,0.123000543018424,neural_residual_shallow
0.99,0.0,0.9807366546740135,300,2,0.0,2026092701,-20197.78306681315,4,508878.125,-20197.78306681315,-562488.375,-20197.78306681315,300,0.0,1.0,2,0.15140781710323703,neural_residual_shallow
0.9833333333333333,0.0,0.9833251300702492,300,3,0.0,2026092701,-24374.858152669272,4,52141.28515625,-24374.858152669272,-533169.375,-24374.858152669272,300,0.0,1.0,2,0.06190609994783958,neural_residual_shallow
1.0,0.0,0.9954308191935222,300,1,0.0,2026092701,-22650.558255208332,6,-19642.076171875,-22650.558255208332,-31095.6796875,-22650.558255208332,300,0.0,1.0,2,0.06318984394580118,neural_residual_shallow
1.0,0.0,0.9979568711916605,300,2,0.0,2026092701,-22341.060983072915,6,-20186.369140625,-22341.060983072915,-25786.19140625,-22341.060983072915,300,0.0,1.0,2,0.039251247573287906,neural_residual_shallow
1.0,0.0,0.9987439831097921,300,3,0.0,2026092701,-22441.754010416666,6,-19984.583984375,-22441.754010416666,-24038.400390625,-22441.754010416666,300,0.0,1.0,2,0.01640580222174559,neural_residual_shallow
1.0,0.0,0.9081011878947417,300,1,0.0,2026092701,-21003.09012682597,8,28203.36328125,-21003.09012682597,-98927.9453125,-21003.09012682597,300,0.0,1.0,2,0.066755532289691,neural_residual_shallow
1.0,0.0,0.9055181274811427,300,2,0.0,2026092701,-20531.140282058717,8,47107.25,-20531.140282058717,-76422.125,-20531.140282058717,300,0.0,1.0,2,0.06994447242909096,neural_residual_shallow
0.9933333333333333,0.0,0.9105378817518552,300,3,0.0,2026092701,-22384.335665690105,8,14195.4716796875,-22384.335665690105,-496795.40625,-22384.335665690105,300,0.0,1.0,2,0.09234741529943846,neural_residual_shallow
1.0,0.0,0.9987421586116155,300,1,0.0,2026092701,-22931.140227864584,1,-19074.873046875,-22931.140227864584,-25098.576171875,-22931.140227864584,300,0.0,1.0,3,0.17911037241312344,neural_residual_shallow
1.0,0.0,0.9988671799500783,300,2,0.0,2026092701,-22377.433307291667,1,-16658.80859375,-22377.433307291667,-29830.681640625,-22377.433307291667,300,0.0,1.0,3,0.15682704856280527,neural_residual_shallow
1.0,0.0,0.9978403655687967,300,3,0.0,2026092701,-22819.563631388348,1,-440.51129150390625,-22819.563631388348,-28203.619140625,-22819.563631388348,300,0.0,1.0,3,0.15532576400587073,neural_residual_shallow
0.9566666666666667,0.0,0.865618384530147,300,1,0.0,2026092701,-21195.431389770507,3,612900.1875,-21195.431389770507,-441303.46875,-21195.431389770507,300,0.0,1.0,3,0.3000866613744755,neural_residual_shallow
0.9333333333333333,0.0,0.8713305069506169,300,2,0.0,2026092701,-21528.43489250183,3,265072.9375,-21528.43489250183,-97111.40625,-21528.43489250183,300,0.0,1.0,3,0.3104190332105802,neural_residual_shallow
0.9266666666666666,0.0,0.8631079876050353,300,3,0.0,2026092701,-18159.263392944336,3,492900.09375,-18159.263392944336,-99733.5859375,-18159.263392944336,300,0.0,1.0,3,0.33234145660225334,neural_residual_shallow
0.9833333333333333,0.0,0.9924259837468465,300,1,0.0,2026092701,-23087.82831258138,4,-2014.2171630859375,-23087.82831258138,-63384.9765625,-23087.82831258138,300,0.0,1.0,3,0.11718191842778714,neural_residual_shallow
0.9733333333333334,0.0,0.9915273221333821,300,2,0.0,2026092701,-22005.049450683593,4,163272.875,-22005.049450683593,-29471.982421875,-22005.049450683593,300,0.0,1.0,3,0.12782702634013698,neural_residual_shallow
0.9733333333333334,0.0,0.9860645049065352,300,3,0.0,2026092701,-23351.807674967447,4,33403.87109375,-23351.807674967447,-303930.8125,-23351.807674967447,300,0.0,1.0,3,0.09992560529912142,neural_residual_shallow
0.99,0.0,0.9995619833469391,300,1,0.0,2026092701,-22036.864798177085,6,-18655.6875,-22036.864798177085,-23398.740234375,-22036.864798177085,300,0.0,1.0,3,0.047249680593943855,neural_residual_shallow
1.0,0.0,0.9995536784331004,300,2,0.0,2026092701,-22094.688385416666,6,-20940.001953125,-22094.688385416666,-23784.7734375,-22094.688385416666,300,0.0,1.0,3,0.03926131671126276,neural_residual_shallow
1.0,0.0,0.9996031298240026,300,3,0.0,2026092701,-22472.7951171875,6,-20929.408203125,-22472.7951171875,-24151.763671875,-22472.7951171875,300,0.0,1.0,3,0.036010084821309074,neural_residual_shallow
0.9733333333333334,0.0,0.8408772169239819,300,1,0.0,2026092701,-17307.98534301758,8,560956.25,-17307.98534301758,-262169.78125,-17307.98534301758,300,0.0,1.0,3,0.3421607041932986,neural_residual_shallow
0.9866666666666667,0.0,0.8444221367438635,300,2,0.0,2026092701,-19846.144803466796,8,541814.9375,-19846.144803466796,-238445.421875,-19846.144803466796,300,0.0,1.0,3,0.36479539107992454,neural_residual_shallow
0.9833333333333333,0.0,0.8163974509636561,300,3,0.0,2026092701,-12324.808023910522,8,617916.3125,-12324.808023910522,-577506.5625,-12324.808023910522,300,0.0,1.0,3,0.355122022650326,neural_residual_shallow
1.0,0.0,0.9997017898162206,300,1,0.0,2026092701,-12186.958955078126,1,-10876.2939453125,-12186.958955078126,-13452.248046875,-12186.958955078126,300,0.0,1.0,4,0.009448690476400401,neural_residual_shallow
1.0,0.0,0.9996826122204463,300,2,0.0,2026092701,-12152.860891927083,1,-10567.009765625,-12152.860891927083,-13546.9658203125,-12152.860891927083,300,0.0,1.0,4,0.015075439793039935,neural_residual_shallow
1.0,0.0,0.9997086195151011,300,3,0.0,2026092701,-11981.437057291667,1,-10768.1123046875,-11981.437057291667,-13070.76171875,-11981.437057291667,300,0.0,1.0,4,0.02073076407479313,neural_residual_shallow
0.9666666666666667,0.0,0.8342477931827307,300,1,0.0,2026092701,-10820.90757446289,3,606852.0625,-10820.90757446289,-553874.5625,-10820.90757446289,300,0.0,1.0,4,0.29148861042904495,neural_residual_shallow
0.9433333333333334,0.0,0.8177648937702179,300,2,0.0,2026092701,-13117.563010101318,3,543099.8125,-13117.563010101318,-582237.25,-13117.563010101318,300,0.0,1.0,4,0.2623056843434788,neural_residual_shallow
0.93,0.0,0.7870791389172276,300,3,0.0,2026092701,-7291.635153617859,3,622686.0,-7291.635153617859,-616600.1875,-7291.635153617859,300,0.0,1.0,4,0.3399693046242561,neural_residual_shallow
1.0,0.0,0.9983373133341471,300,1,0.0,2026092701,-12843.360208333334,4,-10647.2158203125,-12843.360208333334,-15868.83984375,-12843.360208333334,300,0.0,1.0,4,0.021038447465569377,neural_residual_shallow
1.0,0.0,0.9971807022889455,300,2,0.0,2026092701,-12609.797067057292,4,-9167.263671875,-12609.797067057292,-15754.1220703125,-12609.797067057292,300,0.0,1.0,4,0.027646661737435796,neural_residual_shallow
1.0,0.0,0.994736109127601,300,3,0.0,2026092701,-14361.629742838542,4,-10348.0478515625,-14361.629742838542,-509598.1875,-14361.629742838542,300,0.0,1.0,4,0.028565145279617843,neural_residual_shallow
0.99,0.0,0.9805895109474659,300,1,0.0,2026092701,-13043.826184895834,6,163459.546875,-13043.826184895834,-579876.8125,-13043.826184895834,300,0.0,1.0,4,0.09286203561529327,neural_residual_shallow
0.9966666666666667,0.0,0.9744761701424917,300,2,0.0,2026092701,-11046.928647155763,6,16647.359375,-11046.928647155763,-22569.498046875,-11046.928647155763,300,0.0,1.0,4,0.11027323174248926,neural_residual_shallow
0.9966666666666667,0.0,0.9873833298186461,300,3,0.0,2026092701,-10715.544656575521,6,220832.859375,-10715.544656575521,-18375.380859375,-10715.544656575521,300,0.0,1.0,4,0.09170691307849221,neural_residual_shallow
1.0,0.0,0.8916868689407905,300,1,0.0,2026092701,-8880.49575302124,8,330305.1875,-8880.49575302124,-36389.27734375,-8880.49575302124,300,0.0,1.0,4,0.17737408515224085,neural_residual_shallow
1.0,0.0,0.8893355586131414,300,2,0.0,2026092701,-11499.081474787394,8,42320.04296875,-11499.081474787394,-106413.0390625,-11499.081474787394,300,0.0,1.0,4,0.17321735700736218,neural_residual_shallow
0.9933333333333333,0.0,0.8946144796411196,300,3,0.0,2026092701,-12472.267841288249,8,23379.1796875,-12472.267841288249,-472079.09375,-12472.267841288249,300,0.0,1.0,4,0.23234326818096473,neural_residual_shallow
1.0,0.0,0.9985529824097952,300,1,0.0,2026092701,-20179.50728515625,1,-17820.69140625,-20179.50728515625,-22284.58984375,-20179.50728515625,300,0.0,1.0,5,0.04038460004673927,neural_residual_shallow
0.9933333333333333,0.0,0.998565810918808,300,2,0.0,2026092701,-20282.956861979168,1,-16371.84765625,-20282.956861979168,-22749.0546875,-20282.956861979168,300,0.0,1.0,5,0.03509637023189449,neural_residual_shallow
0.99,0.0,0.997731768488884,300,3,0.0,2026092701,-20415.447024739584,1,-18463.630859375,-20415.447024739584,-22537.9375,-20415.447024739584,300,0.0,1.0,5,0.06273342924021519,neural_residual_shallow
0.98,0.0,0.8766845100124677,300,1,0.0,2026092701,-19625.03742960612,3,16550.4140625,-19625.03742960612,-124709.3515625,-19625.03742960612,300,0.0,1.0,5,0.09102204462588181,neural_residual_shallow
0.9866666666666667,0.0,0.8878560337424278,300,2,0.0,2026092701,-19126.945930887858,3,262821.46875,-19126.945930887858,-76552.3125,-19126.945930887858,300,0.0,1.0,5,0.08349883236516042,neural_residual_shallow
0.9833333333333333,0.0,0.8658727371195952,300,3,0.0,2026092701,-17358.69468465169,3,496442.8125,-17358.69468465169,-270683.96875,-17358.69468465169,300,0.0,1.0,5,0.07168095342784442,neural_residual_shallow
0.9966666666666667,0.0,0.9919818715751171,300,1,0.0,2026092701,-19742.31517578125,4,144524.046875,-19742.31517578125,-153345.0,-19742.31517578125,300,0.0,1.0,5,0.08591511963592868,neural_residual_shallow
0.99,0.0,0.9833062568306923,300,2,0.0,2026092701,-21667.58068359375,4,-10637.8173828125,-21667.58068359375,-217863.453125,-21667.58068359375,300,0.0,1.0,5,0.1543306630234892,neural_residual_shallow
0.99,0.0,0.982509353607893,300,3,0.0,2026092701,-21725.051258951822,4,-2253.889404296875,-21725.051258951822,-239948.171875,-21725.051258951822,300,0.0,1.0,5,0.15119311283235481,neural_residual_shallow
1.0,0.0,0.9970015901327133,300,1,0.0,2026092701,-18900.94838541667,6,-16564.119140625,-18900.94838541667,-21957.5,-18900.94838541667,300,0.0,1.0,5,0.12108080528396525,neural_residual_shallow
1.0,0.0,0.9979795678456624,300,2,0.0,2026092701,-18715.40726236979,6,-15966.869140625,-18715.40726236979,-22037.232421875,-18715.40726236979,300,0.0,1.0,5,0.1303551815225712,neural_residual_shallow
1.0,0.0,0.9951539301872253,300,3,0.0,2026092701,-18021.071728515624,6,-6698.458984375,-18021.071728515624,-22221.98046875,-18021.071728515624,300,0.0,1.0,5,0.11713541522959692,neural_residual_shallow
0.99,0.0,0.9236229381958644,300,1,0.0,2026092701,-20494.906968536376,8,19617.720703125,-20494.906968536376,-282722.0,-20494.906968536376,300,0.0,1.0,5,0.07105394733050963,neural_residual_shallow
0.9833333333333333,0.0,0.9255151661237081,300,2,0.0,2026092701,-20989.74442586263,8,876.0730590820312,-20989.74442586263,-48763.5859375,-20989.74442586263,300,0.0,1.0,5,0.09336242922414051,neural_residual_shallow
0.99,0.0,0.9128801691532135,300,3,0.0,2026092701,-19253.109247233075,8,6383.14892578125,-19253.109247233075,-86005.375,-19253.109247233075,300,0.0,1.0,5,0.08629528528845398,neural_residual_shallow
0.9933333333333333,0.0,0.9921577136218548,300,1,0.0,2026092702,-26914.05865234375,1,-23710.791015625,-26914.05865234375,-34867.8046875,-26914.05865234375,300,0.0,1.0,0,0.11526219022727757,neural_residual_shallow
1.0,0.0,0.9969143839677175,300,2,0.0,2026092702,-26997.29896484375,1,-24915.0703125,-26997.29896484375,-29281.009765625,-26997.29896484375,300,0.0,1.0,0,0.10958097008341161,neural_residual_shallow
0.9933333333333333,0.0,0.9959728302558263,300,3,0.0,2026092702,-27036.744583333333,1,-17193.962890625,-27036.744583333333,-29216.671875,-27036.744583333333,300,0.0,1.0,0,0.08689308370423166,neural_residual_shallow
0.9333333333333333,0.0,0.8407306848093867,300,1,0.0,2026092702,-32599.654809977215,3,599168.375,-32599.654809977215,-621967.875,-32599.654809977215,300,0.0,1.0,0,0.27970376204347636,neural_residual_shallow
0.97,0.0,0.8427451226736108,300,2,0.0,2026092702,-19893.017174886067,3,578542.5625,-19893.017174886067,-610105.75,-19893.017174886067,300,0.0,1.0,0,0.2657253380098785,neural_residual_shallow
0.9566666666666667,0.0,0.8296312564238906,300,3,0.0,2026092702,-16558.236828918456,3,572646.875,-16558.236828918456,-557283.0625,-16558.236828918456,300,0.0,1.0,0,0.35275160457356713,neural_residual_shallow
1.0,0.0,0.996070388952891,300,1,0.0,2026092702,-28011.63046875,4,-24516.6171875,-28011.63046875,-32686.943359375,-28011.63046875,300,0.0,1.0,0,0.047646350657187586,neural_residual_shallow
1.0,0.0,0.9986021320025126,300,2,0.0,2026092702,-27672.128684895833,4,-25615.763671875,-27672.128684895833,-29823.333984375,-27672.128684895833,300,0.0,1.0,0,0.05036222225224685,neural_residual_shallow
1.0,0.0,0.998875458240509,300,3,0.0,2026092702,-27824.992005208333,4,-25399.595703125,-27824.992005208333,-29762.24609375,-27824.992005208333,300,0.0,1.0,0,0.04890350624432016,neural_residual_shallow
0.99,0.0,0.990090055714051,300,1,0.0,2026092702,-26924.773723958333,6,-22339.32421875,-26924.773723958333,-128068.515625,-26924.773723958333,300,0.0,1.0,0,0.06837155078109858,neural_residual_shallow
1.0,0.0,0.9876185045639674,300,2,0.0,2026092702,-27468.35755859375,6,-20680.72265625,-27468.35755859375,-38947.83984375,-27468.35755859375,300,0.0,1.0,0,0.0758972360969532,neural_residual_shallow
0.9966666666666667,0.0,0.9805694196621577,300,3,0.0,2026092702,-26280.906529947915,6,-20889.609375,-26280.906529947915,-32613.501953125,-26280.906529947915,300,0.0,1.0,0,0.06440412233423021,neural_residual_shallow
0.97,0.0,0.8392215252419313,300,1,0.0,2026092702,-19500.58509174347,8,597359.9375,-19500.58509174347,-202708.546875,-19500.58509174347,300,0.0,1.0,0,0.21694271959124167,neural_residual_shallow
0.9866666666666667,0.0,0.860476649403572,300,2,0.0,2026092702,-27325.18803914388,8,23424.271484375,-27325.18803914388,-609270.1875,-27325.18803914388,300,0.0,1.0,0,0.24519829271152782,neural_residual_shallow
0.98,0.0,0.8545868360002835,300,3,0.0,2026092702,-23919.98753751119,8,580221.0,-23919.98753751119,-559319.3125,-23919.98753751119,300,0.0,1.0,0,0.2516431329705924,neural_residual_shallow
0.9966666666666667,0.0,0.9927015282710393,300,1,0.0,2026092702,-21306.525276285807,1,-1809.8533935546875,-21306.525276285807,-25667.486328125,-21306.525276285807,300,0.0,1.0,1,0.06877604025296724,neural_residual_shallow
0.9933333333333333,0.0,0.9973381127913793,300,2,0.0,2026092702,-22190.22104817708,1,-17622.93359375,-22190.22104817708,-24787.240234375,-22190.22104817708,300,0.0,1.0,1,0.05594219262048494,neural_residual_shallow
0.9866666666666667,0.0,0.9990472426017125,300,3,0.0,2026092702,-22559.388478190103,1,-4857.29345703125,-22559.388478190103,-25170.203125,-22559.388478190103,300,0.0,1.0,1,0.05845117508582076,neural_residual_shallow
0.9733333333333334,0.0,0.8815935239195823,300,1,0.0,2026092702,-21378.820799560548,3,446114.0,-21378.820799560548,-108983.53125,-21378.820799560548,300,0.0,1.0,1,0.24727919905283458,neural_residual_shallow
0.9733333333333334,0.0,0.8745111145886282,300,2,0.0,2026092702,-22024.885188395183,3,335975.90625,-22024.885188395183,-556382.25,-22024.885188395183,300,0.0,1.0,1,0.2534534527229171,neural_residual_shallow
0.8766666666666667,0.0,0.8518686656405529,300,3,0.0,2026092702,-24257.959638773602,3,611520.1875,-24257.959638773602,-610973.1875,-24257.959638773602,300,0.0,1.0,1,0.3261939769684681,neural_residual_shallow
0.9966666666666667,0.0,0.9991894960403442,300,1,0.0,2026092702,-23169.138821614582,4,-20509.126953125,-23169.138821614582,-25406.765625,-23169.138821614582,300,0.0,1.0,1,0.08022590525215989,neural_residual_shallow
1.0,0.0,0.9986263140042623,300,2,0.0,2026092702,-22632.316471354166,4,-14038.548828125,-22632.316471354166,-24574.96875,-22632.316471354166,300,0.0,1.0,1,0.10265645712365579,neural_residual_shallow
0.9933333333333333,0.0,0.9981225313742955,300,3,0.0,2026092702,-23001.16021077474,4,1132.475341796875,-23001.16021077474,-24915.26171875,-23001.16021077474,300,0.0,1.0,1,0.11635981813754082,neural_residual_shallow
0.9866666666666667,0.0,0.9948582658171654,300,1,0.0,2026092702,-23038.641243489583,6,-15437.158203125,-23038.641243489583,-270619.1875,-23038.641243489583,300,0.0,1.0,1,0.07740704330291637,neural_residual_shallow
0.9933333333333333,0.0,0.9939415416121483,300,2,0.0,2026092702,-22659.027272135416,6,-13901.150390625,-22659.027272135416,-237097.1875,-22659.027272135416,300,0.0,1.0,1,0.07869796726068612,neural_residual_shallow
0.9833333333333333,0.0,0.9923021006087462,300,3,0.0,2026092702,-22575.722891438803,6,-3095.299072265625,-22575.722891438803,-172514.359375,-22575.722891438803,300,0.0,1.0,1,0.14538942711761216,neural_residual_shallow
0.9433333333333334,0.0,0.8593488229314487,300,1,0.0,2026092702,-20772.708798828124,8,450508.75,-20772.708798828124,-226374.15625,-20772.708798828124,300,0.0,1.0,1,0.2853177389153627,neural_residual_shallow
0.9466666666666667,0.0,0.8749892761806647,300,2,0.0,2026092702,-21225.562836812336,8,4392.654296875,-21225.562836812336,-204099.90625,-21225.562836812336,300,0.0,1.0,1,0.2822991800696194,neural_residual_shallow
0.96,0.0,0.8787944091359774,300,3,0.0,2026092702,-19687.938111012776,8,541056.9375,-19687.938111012776,-396135.09375,-19687.938111012776,300,0.0,1.0,1,0.29106580636113255,neural_residual_shallow
1.0,0.0,0.9987207810084026,300,1,0.0,2026092702,-22064.192858072918,1,-19434.201171875,-22064.192858072918,-24899.802734375,-22064.192858072918,300,0.0,1.0,2,0.053455846668841844,neural_residual_shallow
1.0,0.0,0.9987414896488189,300,2,0.0,2026092702,-21583.2346875,1,-18921.12890625,-21583.2346875,-23712.373046875,-21583.2346875,300,0.0,1.0,2,0.04986009528659707,neural_residual_shallow
1.0,0.0,0.9984172634283701,300,3,0.0,2026092702,-22135.415572916667,1,-19751.6796875,-22135.415572916667,-24196.537109375,-22135.415572916667,300,0.0,1.0,2,0.07974959833063533,neural_residual_shallow
0.98,0.0,0.8800891214609146,300,1,0.0,2026092702,-22153.40174621582,3,80448.65625,-22153.40174621582,-95076.3046875,-22153.40174621582,300,0.0,1.0,2,0.15256871027342167,neural_residual_shallow
0.9966666666666667,0.0,0.877268965219458,300,2,0.0,2026092702,-21170.907107289633,3,12866.681640625,-21170.907107289633,-106148.5234375,-21170.907107289633,300,0.0,1.0,2,0.14652185838059173,neural_residual_shallow
0.9866666666666667,0.0,0.8882330258687338,300,3,0.0,2026092702,-19384.25474866231,3,489075.03125,-19384.25474866231,-99052.359375,-19384.25474866231,300,0.0,1.0,2,0.18081578465571402,neural_residual_shallow
0.9766666666666667,0.0,0.9545144002139568,300,1,0.0,2026092702,-15601.102389322916,4,488752.28125,-15601.102389322916,-503510.03125,-15601.102389322916,300,0.0,1.0,2,0.125025700399642,neural_residual_shallow
0.99,0.0,0.9807366546740135,300,2,0.0,2026092702,-20197.78306681315,4,508878.125,-20197.78306681315,-562488.375,-20197.78306681315,300,0.0,1.0,2,0.18202550098374504,neural_residual_shallow
0.9833333333333333,0.0,0.9833251300702492,300,3,0.0,2026092702,-24374.858152669272,4,52141.28515625,-24374.858152669272,-533169.375,-24374.858152669272,300,0.0,1.0,2,0.07834390577235073,neural_residual_shallow
1.0,0.0,0.9954308191935222,300,1,0.0,2026092702,-22650.558255208332,6,-19642.076171875,-22650.558255208332,-31095.6796875,-22650.558255208332,300,0.0,1.0,2,0.05261239445564048,neural_residual_shallow
1.0,0.0,0.9979568711916605,300,2,0.0,2026092702,-22341.060983072915,6,-20186.369140625,-22341.060983072915,-25786.19140625,-22341.060983072915,300,0.0,1.0,2,0.036915288679171376,neural_residual_shallow
1.0,0.0,0.9987439831097921,300,3,0.0,2026092702,-22441.754010416666,6,-19984.583984375,-22441.754010416666,-24038.400390625,-22441.754010416666,300,0.0,1.0,2,0.020239114969896055,neural_residual_shallow
1.0,0.0,0.9081011878947417,300,1,0.0,2026092702,-21003.09012682597,8,28203.36328125,-21003.09012682597,-98927.9453125,-21003.09012682597,300,0.0,1.0,2,0.0612094722892893,neural_residual_shallow
1.0,0.0,0.9055181274811427,300,2,0.0,2026092702,-20531.140282058717,8,47107.25,-20531.140282058717,-76422.125,-20531.140282058717,300,0.0,1.0,2,0.057500807757460914,neural_residual_shallow
0.9966666666666667,0.0,0.9105378817518552,300,3,0.0,2026092702,-22384.335665690105,8,14195.4716796875,-22384.335665690105,-496795.40625,-22384.335665690105,300,0.0,1.0,2,0.07072030586566669,neural_residual_shallow
1.0,0.0,0.9987421586116155,300,1,0.0,2026092702,-22931.140227864584,1,-19074.873046875,-22931.140227864584,-25098.576171875,-22931.140227864584,300,0.0,1.0,3,0.11850328830388357,neural_residual_shallow
0.9966666666666667,0.0,0.9988671799500783,300,2,0.0,2026092702,-22377.433307291667,1,-16658.80859375,-22377.433307291667,-29830.681640625,-22377.433307291667,300,0.0,1.0,3,0.09846295171567099,neural_residual_shallow
0.9933333333333333,0.0,0.9978403655687967,300,3,0.0,2026092702,-22819.563631388348,1,-440.51129150390625,-22819.563631388348,-28203.619140625,-22819.563631388348,300,0.0,1.0,3,0.09915200677312375,neural_residual_shallow
0.94,0.0,0.865618384530147,300,1,0.0,2026092702,-21195.431389770507,3,612900.1875,-21195.431389770507,-441303.46875,-21195.431389770507,300,0.0,1.0,3,0.2618570484589289,neural_residual_shallow
0.9466666666666667,0.0,0.8713305069506169,300,2,0.0,2026092702,-21528.43489250183,3,265072.9375,-21528.43489250183,-97111.40625,-21528.43489250183,300,0.0,1.0,3,0.25193337994717857,neural_residual_shallow
0.9,0.0,0.8631079876050353,300,3,0.0,2026092702,-18159.263392944336,3,492900.09375,-18159.263392944336,-99733.5859375,-18159.263392944336,300,0.0,1.0,3,0.30027877034437533,neural_residual_shallow
0.9766666666666667,0.0,0.9924259837468465,300,1,0.0,2026092702,-23087.82831258138,4,-2014.2171630859375,-23087.82831258138,-63384.9765625,-23087.82831258138,300,0.0,1.0,3,0.0978790835360841,neural_residual_shallow
0.9633333333333334,0.0,0.9915273221333821,300,2,0.0,2026092702,-22005.049450683593,4,163272.875,-22005.049450683593,-29471.982421875,-22005.049450683593,300,0.0,1.0,3,0.12138349141639093,neural_residual_shallow
0.97,0.0,0.9860645049065352,300,3,0.0,2026092702,-23351.807674967447,4,33403.87109375,-23351.807674967447,-303930.8125,-23351.807674967447,300,0.0,1.0,3,0.09967955743818424,neural_residual_shallow
0.99,0.0,0.9995619833469391,300,1,0.0,2026092702,-22036.864798177085,6,-18655.6875,-22036.864798177085,-23398.740234375,-22036.864798177085,300,0.0,1.0,3,0.0329134451563311,neural_residual_shallow
1.0,0.0,0.9995536784331004,300,2,0.0,2026092702,-22094.688385416666,6,-20940.001953125,-22094.688385416666,-23784.7734375,-22094.688385416666,300,0.0,1.0,3,0.02627927982274325,neural_residual_shallow
1.0,0.0,0.9996031298240026,300,3,0.0,2026092702,-22472.7951171875,6,-20929.408203125,-22472.7951171875,-24151.763671875,-22472.7951171875,300,0.0,1.0,3,0.025634826771462338,neural_residual_shallow
0.9366666666666666,0.0,0.8408772169239819,300,1,0.0,2026092702,-17307.98534301758,8,560956.25,-17307.98534301758,-262169.78125,-17307.98534301758,300,0.0,1.0,3,0.32037974130287017,neural_residual_shallow
0.9766666666666667,0.0,0.8444221367438635,300,2,0.0,2026092702,-19846.144803466796,8,541814.9375,-19846.144803466796,-238445.421875,-19846.144803466796,300,0.0,1.0,3,0.3016556912777124,neural_residual_shallow
0.9833333333333333,0.0,0.8163974509636561,300,3,0.0,2026092702,-12324.808023910522,8,617916.3125,-12324.808023910522,-577506.5625,-12324.808023910522,300,0.0,1.0,3,0.3376895364917798,neural_residual_shallow
1.0,0.0,0.9997017898162206,300,1,0.0,2026092702,-12186.958955078126,1,-10876.2939453125,-12186.958955078126,-13452.248046875,-12186.958955078126,300,0.0,1.0,4,0.010764805076799666,neural_residual_shallow
1.0,0.0,0.9996826122204463,300,2,0.0,2026092702,-12152.860891927083,1,-10567.009765625,-12152.860891927083,-13546.9658203125,-12152.860891927083,300,0.0,1.0,4,0.015092456157767442,neural_residual_shallow
1.0,0.0,0.9997086195151011,300,3,0.0,2026092702,-11981.437057291667,1,-10768.1123046875,-11981.437057291667,-13070.76171875,-11981.437057291667,300,0.0,1.0,4,0.02339375795908538,neural_residual_shallow
0.9666666666666667,0.0,0.8342477931827307,300,1,0.0,2026092702,-10820.90757446289,3,606852.0625,-10820.90757446289,-553874.5625,-10820.90757446289,300,0.0,1.0,4,0.31729987801218573,neural_residual_shallow
0.9533333333333334,0.0,0.8177648937702179,300,2,0.0,2026092702,-13117.563010101318,3,543099.8125,-13117.563010101318,-582237.25,-13117.563010101318,300,0.0,1.0,4,0.29307950222223056,neural_residual_shallow
0.9566666666666667,0.0,0.7870791389172276,300,3,0.0,2026092702,-7291.635153617859,3,622686.0,-7291.635153617859,-616600.1875,-7291.635153617859,300,0.0,1.0,4,0.3538186806079391,neural_residual_shallow
1.0,0.0,0.9983373133341471,300,1,0.0,2026092702,-12843.360208333334,4,-10647.2158203125,-12843.360208333334,-15868.83984375,-12843.360208333334,300,0.0,1.0,4,0.01941628228311376,neural_residual_shallow
1.0,0.0,0.9971807022889455,300,2,0.0,2026092702,-12609.797067057292,4,-9167.263671875,-12609.797067057292,-15754.1220703125,-12609.797067057292,300,0.0,1.0,4,0.023619256938971156,neural_residual_shallow
1.0,0.0,0.994736109127601,300,3,0.0,2026092702,-14361.629742838542,4,-10348.0478515625,-14361.629742838542,-509598.1875,-14361.629742838542,300,0.0,1.0,4,0.022720634612520496,neural_residual_shallow
0.99,0.0,0.9805895109474659,300,1,0.0,2026092702,-13043.826184895834,6,163459.546875,-13043.826184895834,-579876.8125,-13043.826184895834,300,0.0,1.0,4,0.11173088924202812,neural_residual_shallow
0.9966666666666667,0.0,0.9744761701424917,300,2,0.0,2026092702,-11046.928647155763,6,16647.359375,-11046.928647155763,-22569.498046875,-11046.928647155763,300,0.0,1.0,4,0.12983144169684535,neural_residual_shallow
1.0,0.0,0.9873833298186461,300,3,0.0,2026092702,-10715.544656575521,6,220832.859375,-10715.544656575521,-18375.380859375,-10715.544656575521,300,0.0,1.0,4,0.09851064342936378,neural_residual_shallow
1.0,0.0,0.8916868689407905,300,1,0.0,2026092702,-8880.49575302124,8,330305.1875,-8880.49575302124,-36389.27734375,-8880.49575302124,300,0.0,1.0,4,0.1584966018824966,neural_residual_shallow
1.0,0.0,0.8893355586131414,300,2,0.0,2026092702,-11499.081474787394,8,42320.04296875,-11499.081474787394,-106413.0390625,-11499.081474787394,300,0.0,1.0,4,0.15905677387154515,neural_residual_shallow
0.99,0.0,0.8946144796411196,300,3,0.0,2026092702,-12472.267841288249,8,23379.1796875,-12472.267841288249,-472079.09375,-12472.267841288249,300,0.0,1.0,4,0.20732065540517497,neural_residual_shallow
1.0,0.0,0.9985529824097952,300,1,0.0,2026092702,-20179.50728515625,1,-17820.69140625,-20179.50728515625,-22284.58984375,-20179.50728515625,300,0.0,1.0,5,0.05228751358114003,neural_residual_shallow
0.9933333333333333,0.0,0.998565810918808,300,2,0.0,2026092702,-20282.956861979168,1,-16371.84765625,-20282.956861979168,-22749.0546875,-20282.956861979168,300,0.0,1.0,5,0.053357693190874245,neural_residual_shallow
0.99,0.0,0.997731768488884,300,3,0.0,2026092702,-20415.447024739584,1,-18463.630859375,-20415.447024739584,-22537.9375,-20415.447024739584,300,0.0,1.0,5,0.05114457869475353,neural_residual_shallow
0.9866666666666667,0.0,0.8766845100124677,300,1,0.0,2026092702,-19625.03742960612,3,16550.4140625,-19625.03742960612,-124709.3515625,-19625.03742960612,300,0.0,1.0,5,0.10356073534591503,neural_residual_shallow
0.9833333333333333,0.0,0.8878560337424278,300,2,0.0,2026092702,-19126.945930887858,3,262821.46875,-19126.945930887858,-76552.3125,-19126.945930887858,300,0.0,1.0,5,0.0866361582058508,neural_residual_shallow
0.9866666666666667,0.0,0.8658727371195952,300,3,0.0,2026092702,-17358.69468465169,3,496442.8125,-17358.69468465169,-270683.96875,-17358.69468465169,300,0.0,1.0,5,0.07881427572506372,neural_residual_shallow
0.9966666666666667,0.0,0.9919818715751171,300,1,0.0,2026092702,-19742.31517578125,4,144524.046875,-19742.31517578125,-153345.0,-19742.31517578125,300,0.0,1.0,5,0.07476494077428497,neural_residual_shallow
0.9933333333333333,0.0,0.9833062568306923,300,2,0.0,2026092702,-21667.58068359375,4,-10637.8173828125,-21667.58068359375,-217863.453125,-21667.58068359375,300,0.0,1.0,5,0.15239302707818503,neural_residual_shallow
0.99,0.0,0.982509353607893,300,3,0.0,2026092702,-21725.051258951822,4,-2253.889404296875,-21725.051258951822,-239948.171875,-21725.051258951822,300,0.0,1.0,5,0.17053375283641137,neural_residual_shallow
1.0,0.0,0.9970015901327133,300,1,0.0,2026092702,-18900.94838541667,6,-16564.119140625,-18900.94838541667,-21957.5,-18900.94838541667,300,0.0,1.0,5,0.11119118438815534,neural_residual_shallow
1.0,0.0,0.9979795678456624,300,2,0.0,2026092702,-18715.40726236979,6,-15966.869140625,-18715.40726236979,-22037.232421875,-18715.40726236979,300,0.0,1.0,5,0.11555171357505867,neural_residual_shallow
0.9966666666666667,0.0,0.9951539301872253,300,3,0.0,2026092702,-18021.071728515624,6,-6698.458984375,-18021.071728515624,-22221.98046875,-18021.071728515624,300,0.0,1.0,5,0.13370148689066919,neural_residual_shallow
0.9933333333333333,0.0,0.9236229381958644,300,1,0.0,2026092702,-20494.906968536376,8,19617.720703125,-20494.906968536376,-282722.0,-20494.906968536376,300,0.0,1.0,5,0.05533284811850536,neural_residual_shallow
0.9833333333333333,0.0,0.9255151661237081,300,2,0.0,2026092702,-20989.74442586263,8,876.0730590820312,-20989.74442586263,-48763.5859375,-20989.74442586263,300,0.0,1.0,5,0.0727467455088523,neural_residual_shallow
0.99,0.0,0.9128801691532135,300,3,0.0,2026092702,-19253.109247233075,8,6383.14892578125,-19253.109247233075,-86005.375,-19253.109247233075,300,0.0,1.0,5,0.0732792454040937,neural_residual_shallow
0.9933333333333333,0.0,0.9921577136218548,300,1,0.0,2026092703,-26914.05865234375,1,-23710.791015625,-26914.05865234375,-34867.8046875,-26914.05865234375,300,0.0,1.0,0,0.10547273546682356,neural_residual_shallow
1.0,0.0,0.9969143839677175,300,2,0.0,2026092703,-26997.29896484375,1,-24915.0703125,-26997.29896484375,-29281.009765625,-26997.29896484375,300,0.0,1.0,0,0.10295533976384785,neural_residual_shallow
0.9933333333333333,0.0,0.9959728302558263,300,3,0.0,2026092703,-27036.744583333333,1,-17193.962890625,-27036.744583333333,-29216.671875,-27036.744583333333,300,0.0,1.0,0,0.07316471815346537,neural_residual_shallow
0.9433333333333334,0.0,0.8407306848093867,300,1,0.0,2026092703,-32599.654809977215,3,599168.375,-32599.654809977215,-621967.875,-32599.654809977215,300,0.0,1.0,0,0.2864150587381772,neural_residual_shallow
0.9666666666666667,0.0,0.8427451226736108,300,2,0.0,2026092703,-19893.017174886067,3,578542.5625,-19893.017174886067,-610105.75,-19893.017174886067,300,0.0,1.0,0,0.2857827055864771,neural_residual_shallow
0.95,0.0,0.8296312564238906,300,3,0.0,2026092703,-16558.236828918456,3,572646.875,-16558.236828918456,-557283.0625,-16558.236828918456,300,0.0,1.0,0,0.37849165650153094,neural_residual_shallow
1.0,0.0,0.996070388952891,300,1,0.0,2026092703,-28011.63046875,4,-24516.6171875,-28011.63046875,-32686.943359375,-28011.63046875,300,0.0,1.0,0,0.05234769258766614,neural_residual_shallow
1.0,0.0,0.9986021320025126,300,2,0.0,2026092703,-27672.128684895833,4,-25615.763671875,-27672.128684895833,-29823.333984375,-27672.128684895833,300,0.0,1.0,0,0.05508688245878268,neural_residual_shallow
1.0,0.0,0.998875458240509,300,3,0.0,2026092703,-27824.992005208333,4,-25399.595703125,-27824.992005208333,-29762.24609375,-27824.992005208333,300,0.0,1.0,0,0.05285020290079856,neural_residual_shallow
0.9966666666666667,0.0,0.990090055714051,300,1,0.0,2026092703,-26924.773723958333,6,-22339.32421875,-26924.773723958333,-128068.515625,-26924.773723958333,300,0.0,1.0,0,0.0871708194999562,neural_residual_shallow
1.0,0.0,0.9876185045639674,300,2,0.0,2026092703,-27468.35755859375,6,-20680.72265625,-27468.35755859375,-38947.83984375,-27468.35755859375,300,0.0,1.0,0,0.09199492123263375,neural_residual_shallow
0.9966666666666667,0.0,0.9805694196621577,300,3,0.0,2026092703,-26280.906529947915,6,-20889.609375,-26280.906529947915,-32613.501953125,-26280.906529947915,300,0.0,1.0,0,0.08243424575740854,neural_residual_shallow
0.9733333333333334,0.0,0.8392215252419313,300,1,0.0,2026092703,-19500.58509174347,8,597359.9375,-19500.58509174347,-202708.546875,-19500.58509174347,300,0.0,1.0,0,0.2647112946710459,neural_residual_shallow
0.9733333333333334,0.0,0.860476649403572,300,2,0.0,2026092703,-27325.18803914388,8,23424.271484375,-27325.18803914388,-609270.1875,-27325.18803914388,300,0.0,1.0,0,0.2826301609721118,neural_residual_shallow
0.97,0.0,0.8545868360002835,300,3,0.0,2026092703,-23919.98753751119,8,580221.0,-23919.98753751119,-559319.3125,-23919.98753751119,300,0.0,1.0,0,0.31091087029108755,neural_residual_shallow
1.0,0.0,0.9927015282710393,300,1,0.0,2026092703,-21306.525276285807,1,-1809.8533935546875,-21306.525276285807,-25667.486328125,-21306.525276285807,300,0.0,1.0,1,0.0921424595353082,neural_residual_shallow
0.9933333333333333,0.0,0.9973381127913793,300,2,0.0,2026092703,-22190.22104817708,1,-17622.93359375,-22190.22104817708,-24787.240234375,-22190.22104817708,300,0.0,1.0,1,0.06091766489315531,neural_residual_shallow
0.99,0.0,0.9990472426017125,300,3,0.0,2026092703,-22559.388478190103,1,-4857.29345703125,-22559.388478190103,-25170.203125,-22559.388478190103,300,0.0,1.0,1,0.07566564503553663,neural_residual_shallow
0.9733333333333334,0.0,0.8815935239195823,300,1,0.0,2026092703,-21378.820799560548,3,446114.0,-21378.820799560548,-108983.53125,-21378.820799560548,300,0.0,1.0,1,0.29053084413489993,neural_residual_shallow
0.9666666666666667,0.0,0.8745111145886282,300,2,0.0,2026092703,-22024.885188395183,3,335975.90625,-22024.885188395183,-556382.25,-22024.885188395183,300,0.0,1.0,1,0.28419672996625933,neural_residual_shallow
0.9033333333333333,0.0,0.8518686656405529,300,3,0.0,2026092703,-24257.959638773602,3,611520.1875,-24257.959638773602,-610973.1875,-24257.959638773602,300,0.0,1.0,1,0.38957104827973166,neural_residual_shallow
0.9966666666666667,0.0,0.9991894960403442,300,1,0.0,2026092703,-23169.138821614582,4,-20509.126953125,-23169.138821614582,-25406.765625,-23169.138821614582,300,0.0,1.0,1,0.13109433248951585,neural_residual_shallow
1.0,0.0,0.9986263140042623,300,2,0.0,2026092703,-22632.316471354166,4,-14038.548828125,-22632.316471354166,-24574.96875,-22632.316471354166,300,0.0,1.0,1,0.18680519253191752,neural_residual_shallow
0.9933333333333333,0.0,0.9981225313742955,300,3,0.0,2026092703,-23001.16021077474,4,1132.475341796875,-23001.16021077474,-24915.26171875,-23001.16021077474,300,0.0,1.0,1,0.17537782607394892,neural_residual_shallow
0.99,0.0,0.9948582658171654,300,1,0.0,2026092703,-23038.641243489583,6,-15437.158203125,-23038.641243489583,-270619.1875,-23038.641243489583,300,0.0,1.0,1,0.10491654400455663,neural_residual_shallow
0.99,0.0,0.9939415416121483,300,2,0.0,2026092703,-22659.027272135416,6,-13901.150390625,-22659.027272135416,-237097.1875,-22659.027272135416,300,0.0,1.0,1,0.11514868613946672,neural_residual_shallow
0.9866666666666667,0.0,0.9923021006087462,300,3,0.0,2026092703,-22575.722891438803,6,-3095.299072265625,-22575.722891438803,-172514.359375,-22575.722891438803,300,0.0,1.0,1,0.21182625521094667,neural_residual_shallow
0.9633333333333334,0.0,0.8593488229314487,300,1,0.0,2026092703,-20772.708798828124,8,450508.75,-20772.708798828124,-226374.15625,-20772.708798828124,300,0.0,1.0,1,0.2822106541240684,neural_residual_shallow
0.96,0.0,0.8749892761806647,300,2,0.0,2026092703,-21225.562836812336,8,4392.654296875,-21225.562836812336,-204099.90625,-21225.562836812336,300,0.0,1.0,1,0.28822011497364275,neural_residual_shallow
0.9533333333333334,0.0,0.8787944091359774,300,3,0.0,2026092703,-19687.938111012776,8,541056.9375,-19687.938111012776,-396135.09375,-19687.938111012776,300,0.0,1.0,1,0.30543265054360935,neural_residual_shallow
1.0,0.0,0.9987207810084026,300,1,0.0,2026092703,-22064.192858072918,1,-19434.201171875,-22064.192858072918,-24899.802734375,-22064.192858072918,300,0.0,1.0,2,0.04280077626444401,neural_residual_shallow
1.0,0.0,0.9987414896488189,300,2,0.0,2026092703,-21583.2346875,1,-18921.12890625,-21583.2346875,-23712.373046875,-21583.2346875,300,0.0,1.0,2,0.04295237320330958,neural_residual_shallow
0.9966666666666667,0.0,0.9984172634283701,300,3,0.0,2026092703,-22135.415572916667,1,-19751.6796875,-22135.415572916667,-24196.537109375,-22135.415572916667,300,0.0,1.0,2,0.050739704678111175,neural_residual_shallow
0.9833333333333333,0.0,0.8800891214609146,300,1,0.0,2026092703,-22153.40174621582,3,80448.65625,-22153.40174621582,-95076.3046875,-22153.40174621582,300,0.0,1.0,2,0.15369255105615587,neural_residual_shallow
0.9933333333333333,0.0,0.877268965219458,300,2,0.0,2026092703,-21170.907107289633,3,12866.681640625,-21170.907107289633,-106148.5234375,-21170.907107289633,300,0.0,1.0,2,0.16183601124724678,neural_residual_shallow
0.99,0.0,0.8882330258687338,300,3,0.0,2026092703,-19384.25474866231,3,489075.03125,-19384.25474866231,-99052.359375,-19384.25474866231,300,0.0,1.0,2,0.1761719038269829,neural_residual_shallow
0.9633333333333334,0.0,0.9545144002139568,300,1,0.0,2026092703,-15601.102389322916,4,488752.28125,-15601.102389322916,-503510.03125,-15601.102389322916,300,0.0,1.0,2,0.1563219918449794,neural_residual_shallow
0.99,0.0,0.9807366546740135,300,2,0.0,2026092703,-20197.78306681315,4,508878.125,-20197.78306681315,-562488.375,-20197.78306681315,300,0.0,1.0,2,0.16871946845224217,neural_residual_shallow
0.98,0.0,0.9833251300702492,300,3,0.0,2026092703,-24374.858152669272,4,52141.28515625,-24374.858152669272,-533169.375,-24374.858152669272,300,0.0,1.0,2,0.08004533872050779,neural_residual_shallow
1.0,0.0,0.9954308191935222,300,1,0.0,2026092703,-22650.558255208332,6,-19642.076171875,-22650.558255208332,-31095.6796875,-22650.558255208332,300,0.0,1.0,2,0.03617904033852892,neural_residual_shallow
1.0,0.0,0.9979568711916605,300,2,0.0,2026092703,-22341.060983072915,6,-20186.369140625,-22341.060983072915,-25786.19140625,-22341.060983072915,300,0.0,1.0,2,0.03238153061782367,neural_residual_shallow
1.0,0.0,0.9987439831097921,300,3,0.0,2026092703,-22441.754010416666,6,-19984.583984375,-22441.754010416666,-24038.400390625,-22441.754010416666,300,0.0,1.0,2,0.012762855059825773,neural_residual_shallow
0.9966666666666667,0.0,0.9081011878947417,300,1,0.0,2026092703,-21003.09012682597,8,28203.36328125,-21003.09012682597,-98927.9453125,-21003.09012682597,300,0.0,1.0,2,0.0743387896231339,neural_residual_shallow
1.0,0.0,0.9055181274811427,300,2,0.0,2026092703,-20531.140282058717,8,47107.25,-20531.140282058717,-76422.125,-20531.140282058717,300,0.0,1.0,2,0.07215663501377279,neural_residual_shallow
0.9966666666666667,0.0,0.9105378817518552,300,3,0.0,2026092703,-22384.335665690105,8,14195.4716796875,-22384.335665690105,-496795.40625,-22384.335665690105,300,0.0,1.0,2,0.0943242895544738,neural_residual_shallow
0.9966666666666667,0.0,0.9987421586116155,300,1,0.0,2026092703,-22931.140227864584,1,-19074.873046875,-22931.140227864584,-25098.576171875,-22931.140227864584,300,0.0,1.0,3,0.16828695077645495,neural_residual_shallow
0.9966666666666667,0.0,0.9988671799500783,300,2,0.0,2026092703,-22377.433307291667,1,-16658.80859375,-22377.433307291667,-29830.681640625,-22377.433307291667,300,0.0,1.0,3,0.12814411376458046,neural_residual_shallow
1.0,0.0,0.9978403655687967,300,3,0.0,2026092703,-22819.563631388348,1,-440.51129150390625,-22819.563631388348,-28203.619140625,-22819.563631388348,300,0.0,1.0,3,0.13136304122015163,neural_residual_shallow
0.9433333333333334,0.0,0.865618384530147,300,1,0.0,2026092703,-21195.431389770507,3,612900.1875,-21195.431389770507,-441303.46875,-21195.431389770507,300,0.0,1.0,3,0.3172258366828101,neural_residual_shallow
0.9166666666666666,0.0,0.8713305069506169,300,2,0.0,2026092703,-21528.43489250183,3,265072.9375,-21528.43489250183,-97111.40625,-21528.43489250183,300,0.0,1.0,3,0.32246756612782446,neural_residual_shallow
0.92,0.0,0.8631079876050353,300,3,0.0,2026092703,-18159.263392944336,3,492900.09375,-18159.263392944336,-99733.5859375,-18159.263392944336,300,0.0,1.0,3,0.35838465000095054,neural_residual_shallow
0.97,0.0,0.9924259837468465,300,1,0.0,2026092703,-23087.82831258138,4,-2014.2171630859375,-23087.82831258138,-63384.9765625,-23087.82831258138,300,0.0,1.0,3,0.10869750443162396,neural_residual_shallow
0.96,0.0,0.9915273221333821,300,2,0.0,2026092703,-22005.049450683593,4,163272.875,-22005.049450683593,-29471.982421875,-22005.049450683593,300,0.0,1.0,3,0.1271760102424465,neural_residual_shallow
0.9633333333333334,0.0,0.9860645049065352,300,3,0.0,2026092703,-23351.807674967447,4,33403.87109375,-23351.807674967447,-303930.8125,-23351.807674967447,300,0.0,1.0,3,0.10498091831246004,neural_residual_shallow
0.99,0.0,0.9995619833469391,300,1,0.0,2026092703,-22036.864798177085,6,-18655.6875,-22036.864798177085,-23398.740234375,-22036.864798177085,300,0.0,1.0,3,0.04991835869532668,neural_residual_shallow
1.0,0.0,0.9995536784331004,300,2,0.0,2026092703,-22094.688385416666,6,-20940.001953125,-22094.688385416666,-23784.7734375,-22094.688385416666,300,0.0,1.0,3,0.035150253322586034,neural_residual_shallow
1.0,0.0,0.9996031298240026,300,3,0.0,2026092703,-22472.7951171875,6,-20929.408203125,-22472.7951171875,-24151.763671875,-22472.7951171875,300,0.0,1.0,3,0.03548617424947209,neural_residual_shallow
0.96,0.0,0.8408772169239819,300,1,0.0,2026092703,-17307.98534301758,8,560956.25,-17307.98534301758,-262169.78125,-17307.98534301758,300,0.0,1.0,3,0.4175076391602729,neural_residual_shallow
0.9866666666666667,0.0,0.8444221367438635,300,2,0.0,2026092703,-19846.144803466796,8,541814.9375,-19846.144803466796,-238445.421875,-19846.144803466796,300,0.0,1.0,3,0.40503821360757886,neural_residual_shallow
0.99,0.0,0.8163974509636561,300,3,0.0,2026092703,-12324.808023910522,8,617916.3125,-12324.808023910522,-577506.5625,-12324.808023910522,300,0.0,1.0,3,0.4301717270210762,neural_residual_shallow
1.0,0.0,0.9997017898162206,300,1,0.0,2026092703,-12186.958955078126,1,-10876.2939453125,-12186.958955078126,-13452.248046875,-12186.958955078126,300,0.0,1.0,4,0.01334916902004013,neural_residual_shallow
1.0,0.0,0.9996826122204463,300,2,0.0,2026092703,-12152.860891927083,1,-10567.009765625,-12152.860891927083,-13546.9658203125,-12152.860891927083,300,0.0,1.0,4,0.018731964995789552,neural_residual_shallow
1.0,0.0,0.9997086195151011,300,3,0.0,2026092703,-11981.437057291667,1,-10768.1123046875,-11981.437057291667,-13070.76171875,-11981.437057291667,300,0.0,1.0,4,0.027578529515705608,neural_residual_shallow
0.9633333333333334,0.0,0.8342477931827307,300,1,0.0,2026092703,-10820.90757446289,3,606852.0625,-10820.90757446289,-553874.5625,-10820.90757446289,300,0.0,1.0,4,0.36892244741224856,neural_residual_shallow
0.95,0.0,0.8177648937702179,300,2,0.0,2026092703,-13117.563010101318,3,543099.8125,-13117.563010101318,-582237.25,-13117.563010101318,300,0.0,1.0,4,0.34276263653215255,neural_residual_shallow
0.9366666666666666,0.0,0.7870791389172276,300,3,0.0,2026092703,-7291.635153617859,3,622686.0,-7291.635153617859,-616600.1875,-7291.635153617859,300,0.0,1.0,4,0.3833358809678996,neural_residual_shallow
1.0,0.0,0.9983373133341471,300,1,0.0,2026092703,-12843.360208333334,4,-10647.2158203125,-12843.360208333334,-15868.83984375,-12843.360208333334,300,0.0,1.0,4,0.026540179744024117,neural_residual_shallow
1.0,0.0,0.9971807022889455,300,2,0.0,2026092703,-12609.797067057292,4,-9167.263671875,-12609.797067057292,-15754.1220703125,-12609.797067057292,300,0.0,1.0,4,0.034853040764562415,neural_residual_shallow
0.9966666666666667,0.0,0.994736109127601,300,3,0.0,2026092703,-14361.629742838542,4,-10348.0478515625,-14361.629742838542,-509598.1875,-14361.629742838542,300,0.0,1.0,4,0.03203166313920214,neural_residual_shallow
0.9966666666666667,0.0,0.9805895109474659,300,1,0.0,2026092703,-13043.826184895834,6,163459.546875,-13043.826184895834,-579876.8125,-13043.826184895834,300,0.0,1.0,4,0.12226980330721726,neural_residual_shallow
0.9966666666666667,0.0,0.9744761701424917,300,2,0.0,2026092703,-11046.928647155763,6,16647.359375,-11046.928647155763,-22569.498046875,-11046.928647155763,300,0.0,1.0,4,0.14426512948011794,neural_residual_shallow
0.9966666666666667,0.0,0.9873833298186461,300,3,0.0,2026092703,-10715.544656575521,6,220832.859375,-10715.544656575521,-18375.380859375,-10715.544656575521,300,0.0,1.0,4,0.10070923968916234,neural_residual_shallow
1.0,0.0,0.8916868689407905,300,1,0.0,2026092703,-8880.49575302124,8,330305.1875,-8880.49575302124,-36389.27734375,-8880.49575302124,300,0.0,1.0,4,0.17433687677660648,neural_residual_shallow
0.9966666666666667,0.0,0.8893355586131414,300,2,0.0,2026092703,-11499.081474787394,8,42320.04296875,-11499.081474787394,-106413.0390625,-11499.081474787394,300,0.0,1.0,4,0.17766197526433647,neural_residual_shallow
0.99,0.0,0.8946144796411196,300,3,0.0,2026092703,-12472.267841288249,8,23379.1796875,-12472.267841288249,-472079.09375,-12472.267841288249,300,0.0,1.0,4,0.21452108809846893,neural_residual_shallow
1.0,0.0,0.9985529824097952,300,1,0.0,2026092703,-20179.50728515625,1,-17820.69140625,-20179.50728515625,-22284.58984375,-20179.50728515625,300,0.0,1.0,5,0.03631676140470097,neural_residual_shallow
0.9933333333333333,0.0,0.998565810918808,300,2,0.0,2026092703,-20282.956861979168,1,-16371.84765625,-20282.956861979168,-22749.0546875,-20282.956861979168,300,0.0,1.0,5,0.033364783808844445,neural_residual_shallow
0.99,0.0,0.997731768488884,300,3,0.0,2026092703,-20415.447024739584,1,-18463.630859375,-20415.447024739584,-22537.9375,-20415.447024739584,300,0.0,1.0,5,0.061647303947412135,neural_residual_shallow
0.9833333333333333,0.0,0.8766845100124677,300,1,0.0,2026092703,-19625.03742960612,3,16550.4140625,-19625.03742960612,-124709.3515625,-19625.03742960612,300,0.0,1.0,5,0.1059973169809253,neural_residual_shallow
0.9766666666666667,0.0,0.8878560337424278,300,2,0.0,2026092703,-19126.945930887858,3,262821.46875,-19126.945930887858,-76552.3125,-19126.945930887858,300,0.0,1.0,5,0.09735128144853156,neural_residual_shallow
0.9833333333333333,0.0,0.8658727371195952,300,3,0.0,2026092703,-17358.69468465169,3,496442.8125,-17358.69468465169,-270683.96875,-17358.69468465169,300,0.0,1.0,5,0.0885244651064605,neural_residual_shallow
0.9966666666666667,0.0,0.9919818715751171,300,1,0.0,2026092703,-19742.31517578125,4,144524.046875,-19742.31517578125,-153345.0,-19742.31517578125,300,0.0,1.0,5,0.12204509500841931,neural_residual_shallow
0.99,0.0,0.9833062568306923,300,2,0.0,2026092703,-21667.58068359375,4,-10637.8173828125,-21667.58068359375,-217863.453125,-21667.58068359375,300,0.0,1.0,5,0.1412297191476276,neural_residual_shallow
0.99,0.0,0.982509353607893,300,3,0.0,2026092703,-21725.051258951822,4,-2253.889404296875,-21725.051258951822,-239948.171875,-21725.051258951822,300,0.0,1.0,5,0.15253382435023266,neural_residual_shallow
1.0,0.0,0.9970015901327133,300,1,0.0,2026092703,-18900.94838541667,6,-16564.119140625,-18900.94838541667,-21957.5,-18900.94838541667,300,0.0,1.0,5,0.1362068084118061,neural_residual_shallow
1.0,0.0,0.9979795678456624,300,2,0.0,2026092703,-18715.40726236979,6,-15966.869140625,-18715.40726236979,-22037.232421875,-18715.40726236979,300,0.0,1.0,5,0.12725570662620722,neural_residual_shallow
0.9966666666666667,0.0,0.9951539301872253,300,3,0.0,2026092703,-18021.071728515624,6,-6698.458984375,-18021.071728515624,-22221.98046875,-18021.071728515624,300,0.0,1.0,5,0.1175696948524444,neural_residual_shallow
0.9866666666666667,0.0,0.9236229381958644,300,1,0.0,2026092703,-20494.906968536376,8,19617.720703125,-20494.906968536376,-282722.0,-20494.906968536376,300,0.0,1.0,5,0.05123169064488553,neural_residual_shallow
0.9833333333333333,0.0,0.9255151661237081,300,2,0.0,2026092703,-20989.74442586263,8,876.0730590820312,-20989.74442586263,-48763.5859375,-20989.74442586263,300,0.0,1.0,5,0.06005937563803643,neural_residual_shallow
0.99,0.0,0.9128801691532135,300,3,0.0,2026092703,-19253.109247233075,8,6383.14892578125,-19253.109247233075,-86005.375,-19253.109247233075,300,0.0,1.0,5,0.059612819472682155,neural_residual_shallow
0.9933333333333333,0.0,0.9921577136218548,300,1,0.0,2026092704,-26914.05865234375,1,-23710.791015625,-26914.05865234375,-34867.8046875,-26914.05865234375,300,0.0,1.0,0,0.14902942839249111,neural_residual_shallow
1.0,0.0,0.9969143839677175,300,2,0.0,2026092704,-26997.29896484375,1,-24915.0703125,-26997.29896484375,-29281.009765625,-26997.29896484375,300,0.0,1.0,0,0.12814455662881719,neural_residual_shallow
0.9933333333333333,0.0,0.9959728302558263,300,3,0.0,2026092704,-27036.744583333333,1,-17193.962890625,-27036.744583333333,-29216.671875,-27036.744583333333,300,0.0,1.0,0,0.1044906184648281,neural_residual_shallow
0.9133333333333333,0.0,0.8407306848093867,300,1,0.0,2026092704,-32599.654809977215,3,599168.375,-32599.654809977215,-621967.875,-32599.654809977215,300,0.0,1.0,0,0.2868025792561324,neural_residual_shallow
0.97,0.0,0.8427451226736108,300,2,0.0,2026092704,-19893.017174886067,3,578542.5625,-19893.017174886067,-610105.75,-19893.017174886067,300,0.0,1.0,0,0.2590473152696192,neural_residual_shallow
0.9466666666666667,0.0,0.8296312564238906,300,3,0.0,2026092704,-16558.236828918456,3,572646.875,-16558.236828918456,-557283.0625,-16558.236828918456,300,0.0,1.0,0,0.3155642719536834,neural_residual_shallow
1.0,0.0,0.996070388952891,300,1,0.0,2026092704,-28011.63046875,4,-24516.6171875,-28011.63046875,-32686.943359375,-28011.63046875,300,0.0,1.0,0,0.04250038466059591,neural_residual_shallow
1.0,0.0,0.9986021320025126,300,2,0.0,2026092704,-27672.128684895833,4,-25615.763671875,-27672.128684895833,-29823.333984375,-27672.128684895833,300,0.0,1.0,0,0.04398777766897033,neural_residual_shallow
1.0,0.0,0.998875458240509,300,3,0.0,2026092704,-27824.992005208333,4,-25399.595703125,-27824.992005208333,-29762.24609375,-27824.992005208333,300,0.0,1.0,0,0.040416302589835196,neural_residual_shallow
0.99,0.0,0.990090055714051,300,1,0.0,2026092704,-26924.773723958333,6,-22339.32421875,-26924.773723958333,-128068.515625,-26924.773723958333,300,0.0,1.0,0,0.07792473587424342,neural_residual_shallow
1.0,0.0,0.9876185045639674,300,2,0.0,2026092704,-27468.35755859375,6,-20680.72265625,-27468.35755859375,-38947.83984375,-27468.35755859375,300,0.0,1.0,0,0.08752395772575272,neural_residual_shallow
0.9966666666666667,0.0,0.9805694196621577,300,3,0.0,2026092704,-26280.906529947915,6,-20889.609375,-26280.906529947915,-32613.501953125,-26280.906529947915,300,0.0,1.0,0,0.07305902047285717,neural_residual_shallow
0.9766666666666667,0.0,0.8392215252419313,300,1,0.0,2026092704,-19500.58509174347,8,597359.9375,-19500.58509174347,-202708.546875,-19500.58509174347,300,0.0,1.0,0,0.21005153069232896,neural_residual_shallow
0.9733333333333334,0.0,0.860476649403572,300,2,0.0,2026092704,-27325.18803914388,8,23424.271484375,-27325.18803914388,-609270.1875,-27325.18803914388,300,0.0,1.0,0,0.2359882720453641,neural_residual_shallow
0.98,0.0,0.8545868360002835,300,3,0.0,2026092704,-23919.98753751119,8,580221.0,-23919.98753751119,-559319.3125,-23919.98753751119,300,0.0,1.0,0,0.23377404984567363,neural_residual_shallow
0.9966666666666667,0.0,0.9927015282710393,300,1,0.0,2026092704,-21306.525276285807,1,-1809.8533935546875,-21306.525276285807,-25667.486328125,-21306.525276285807,300,0.0,1.0,1,0.09429250067336359,neural_residual_shallow
0.9966666666666667,0.0,0.9973381127913793,300,2,0.0,2026092704,-22190.22104817708,1,-17622.93359375,-22190.22104817708,-24787.240234375,-22190.22104817708,300,0.0,1.0,1,0.057439577268594166,neural_residual_shallow
0.99,0.0,0.9990472426017125,300,3,0.0,2026092704,-22559.388478190103,1,-4857.29345703125,-22559.388478190103,-25170.203125,-22559.388478190103,300,0.0,1.0,1,0.06988534637758326,neural_residual_shallow
0.98,0.0,0.8815935239195823,300,1,0.0,2026092704,-21378.820799560548,3,446114.0,-21378.820799560548,-108983.53125,-21378.820799560548,300,0.0,1.0,1,0.24681827705009607,neural_residual_shallow
0.9633333333333334,0.0,0.8745111145886282,300,2,0.0,2026092704,-22024.885188395183,3,335975.90625,-22024.885188395183,-556382.25,-22024.885188395183,300,0.0,1.0,1,0.2416094114039502,neural_residual_shallow
0.8766666666666667,0.0,0.8518686656405529,300,3,0.0,2026092704,-24257.959638773602,3,611520.1875,-24257.959638773602,-610973.1875,-24257.959638773602,300,0.0,1.0,1,0.3512932772225399,neural_residual_shallow
0.9966666666666667,0.0,0.9991894960403442,300,1,0.0,2026092704,-23169.138821614582,4,-20509.126953125,-23169.138821614582,-25406.765625,-23169.138821614582,300,0.0,1.0,1,0.09148167598527912,neural_residual_shallow
1.0,0.0,0.9986263140042623,300,2,0.0,2026092704,-22632.316471354166,4,-14038.548828125,-22632.316471354166,-24574.96875,-22632.316471354166,300,0.0,1.0,1,0.12355009538206763,neural_residual_shallow
0.98,0.0,0.9981225313742955,300,3,0.0,2026092704,-23001.16021077474,4,1132.475341796875,-23001.16021077474,-24915.26171875,-23001.16021077474,300,0.0,1.0,1,0.1505779983099449,neural_residual_shallow
0.99,0.0,0.9948582658171654,300,1,0.0,2026092704,-23038.641243489583,6,-15437.158203125,-23038.641243489583,-270619.1875,-23038.641243489583,300,0.0,1.0,1,0.09868306739916732,neural_residual_shallow
0.9766666666666667,0.0,0.9939415416121483,300,2,0.0,2026092704,-22659.027272135416,6,-13901.150390625,-22659.027272135416,-237097.1875,-22659.027272135416,300,0.0,1.0,1,0.09820857081289913,neural_residual_shallow
0.98,0.0,0.9923021006087462,300,3,0.0,2026092704,-22575.722891438803,6,-3095.299072265625,-22575.722891438803,-172514.359375,-22575.722891438803,300,0.0,1.0,1,0.1612864578559824,neural_residual_shallow
0.9433333333333334,0.0,0.8593488229314487,300,1,0.0,2026092704,-20772.708798828124,8,450508.75,-20772.708798828124,-226374.15625,-20772.708798828124,300,0.0,1.0,1,0.3064870542140816,neural_residual_shallow
0.9466666666666667,0.0,0.8749892761806647,300,2,0.0,2026092704,-21225.562836812336,8,4392.654296875,-21225.562836812336,-204099.90625,-21225.562836812336,300,0.0,1.0,1,0.2854412180677134,neural_residual_shallow
0.9366666666666666,0.0,0.8787944091359774,300,3,0.0,2026092704,-19687.938111012776,8,541056.9375,-19687.938111012776,-396135.09375,-19687.938111012776,300,0.0,1.0,1,0.3188272274635927,neural_residual_shallow
1.0,0.0,0.9987207810084026,300,1,0.0,2026092704,-22064.192858072918,1,-19434.201171875,-22064.192858072918,-24899.802734375,-22064.192858072918,300,0.0,1.0,2,0.05440042564154002,neural_residual_shallow
1.0,0.0,0.9987414896488189,300,2,0.0,2026092704,-21583.2346875,1,-18921.12890625,-21583.2346875,-23712.373046875,-21583.2346875,300,0.0,1.0,2,0.06316206894379206,neural_residual_shallow
1.0,0.0,0.9984172634283701,300,3,0.0,2026092704,-22135.415572916667,1,-19751.6796875,-22135.415572916667,-24196.537109375,-22135.415572916667,300,0.0,1.0,2,0.08762226126526262,neural_residual_shallow
0.9733333333333334,0.0,0.8800891214609146,300,1,0.0,2026092704,-22153.40174621582,3,80448.65625,-22153.40174621582,-95076.3046875,-22153.40174621582,300,0.0,1.0,2,0.1489587015679391,neural_residual_shallow
0.9966666666666667,0.0,0.877268965219458,300,2,0.0,2026092704,-21170.907107289633,3,12866.681640625,-21170.907107289633,-106148.5234375,-21170.907107289633,300,0.0,1.0,2,0.14582392647050535,neural_residual_shallow
0.99,0.0,0.8882330258687338,300,3,0.0,2026092704,-19384.25474866231,3,489075.03125,-19384.25474866231,-99052.359375,-19384.25474866231,300,0.0,1.0,2,0.19323911414241401,neural_residual_shallow
0.99,0.0,0.9545144002139568,300,1,0.0,2026092704,-15601.102389322916,4,488752.28125,-15601.102389322916,-503510.03125,-15601.102389322916,300,0.0,1.0,2,0.14353935745373003,neural_residual_shallow
0.9866666666666667,0.0,0.9807366546740135,300,2,0.0,2026092704,-20197.78306681315,4,508878.125,-20197.78306681315,-562488.375,-20197.78306681315,300,0.0,1.0,2,0.1899633650889626,neural_residual_shallow
0.9766666666666667,0.0,0.9833251300702492,300,3,0.0,2026092704,-24374.858152669272,4,52141.28515625,-24374.858152669272,-533169.375,-24374.858152669272,300,0.0,1.0,2,0.0588758582529737,neural_residual_shallow
1.0,0.0,0.9954308191935222,300,1,0.0,2026092704,-22650.558255208332,6,-19642.076171875,-22650.558255208332,-31095.6796875,-22650.558255208332,300,0.0,1.0,2,0.05191117322062255,neural_residual_shallow
1.0,0.0,0.9979568711916605,300,2,0.0,2026092704,-22341.060983072915,6,-20186.369140625,-22341.060983072915,-25786.19140625,-22341.060983072915,300,0.0,1.0,2,0.03776192390723909,neural_residual_shallow
1.0,0.0,0.9987439831097921,300,3,0.0,2026092704,-22441.754010416666,6,-19984.583984375,-22441.754010416666,-24038.400390625,-22441.754010416666,300,0.0,1.0,2,0.017302515847288258,neural_residual_shallow
1.0,0.0,0.9081011878947417,300,1,0.0,2026092704,-21003.09012682597,8,28203.36328125,-21003.09012682597,-98927.9453125,-21003.09012682597,300,0.0,1.0,2,0.06902595461431726,neural_residual_shallow
1.0,0.0,0.9055181274811427,300,2,0.0,2026092704,-20531.140282058717,8,47107.25,-20531.140282058717,-76422.125,-20531.140282058717,300,0.0,1.0,2,0.06475813080640458,neural_residual_shallow
1.0,0.0,0.9105378817518552,300,3,0.0,2026092704,-22384.335665690105,8,14195.4716796875,-22384.335665690105,-496795.40625,-22384.335665690105,300,0.0,1.0,2,0.08311071106111734,neural_residual_shallow
1.0,0.0,0.9987421586116155,300,1,0.0,2026092704,-22931.140227864584,1,-19074.873046875,-22931.140227864584,-25098.576171875,-22931.140227864584,300,0.0,1.0,3,0.16757106841885971,neural_residual_shallow
0.9966666666666667,0.0,0.9988671799500783,300,2,0.0,2026092704,-22377.433307291667,1,-16658.80859375,-22377.433307291667,-29830.681640625,-22377.433307291667,300,0.0,1.0,3,0.13983799090285876,neural_residual_shallow
0.9966666666666667,0.0,0.9978403655687967,300,3,0.0,2026092704,-22819.563631388348,1,-440.51129150390625,-22819.563631388348,-28203.619140625,-22819.563631388348,300,0.0,1.0,3,0.12334437692369393,neural_residual_shallow
0.9466666666666667,0.0,0.865618384530147,300,1,0.0,2026092704,-21195.431389770507,3,612900.1875,-21195.431389770507,-441303.46875,-21195.431389770507,300,0.0,1.0,3,0.2662194378433226,neural_residual_shallow
0.9233333333333333,0.0,0.8713305069506169,300,2,0.0,2026092704,-21528.43489250183,3,265072.9375,-21528.43489250183,-97111.40625,-21528.43489250183,300,0.0,1.0,3,0.2726828576283984,neural_residual_shallow
0.91,0.0,0.8631079876050353,300,3,0.0,2026092704,-18159.263392944336,3,492900.09375,-18159.263392944336,-99733.5859375,-18159.263392944336,300,0.0,1.0,3,0.3036478284843185,neural_residual_shallow
0.9833333333333333,0.0,0.9924259837468465,300,1,0.0,2026092704,-23087.82831258138,4,-2014.2171630859375,-23087.82831258138,-63384.9765625,-23087.82831258138,300,0.0,1.0,3,0.10228339543863041,neural_residual_shallow
0.9633333333333334,0.0,0.9915273221333821,300,2,0.0,2026092704,-22005.049450683593,4,163272.875,-22005.049450683593,-29471.982421875,-22005.049450683593,300,0.0,1.0,3,0.14017710680486595,neural_residual_shallow
0.9866666666666667,0.0,0.9860645049065352,300,3,0.0,2026092704,-23351.807674967447,4,33403.87109375,-23351.807674967447,-303930.8125,-23351.807674967447,300,0.0,1.0,3,0.10471108420534558,neural_residual_shallow
0.99,0.0,0.9995619833469391,300,1,0.0,2026092704,-22036.864798177085,6,-18655.6875,-22036.864798177085,-23398.740234375,-22036.864798177085,300,0.0,1.0,3,0.03290920093623695,neural_residual_shallow
1.0,0.0,0.9995536784331004,300,2,0.0,2026092704,-22094.688385416666,6,-20940.001953125,-22094.688385416666,-23784.7734375,-22094.688385416666,300,0.0,1.0,3,0.025594521012192284,neural_residual_shallow
1.0,0.0,0.9996031298240026,300,3,0.0,2026092704,-22472.7951171875,6,-20929.408203125,-22472.7951171875,-24151.763671875,-22472.7951171875,300,0.0,1.0,3,0.025379106316526623,neural_residual_shallow
0.96,0.0,0.8408772169239819,300,1,0.0,2026092704,-17307.98534301758,8,560956.25,-17307.98534301758,-262169.78125,-17307.98534301758,300,0.0,1.0,3,0.35340286118342945,neural_residual_shallow
0.98,0.0,0.8444221367438635,300,2,0.0,2026092704,-19846.144803466796,8,541814.9375,-19846.144803466796,-238445.421875,-19846.144803466796,300,0.0,1.0,3,0.33569403192202474,neural_residual_shallow
0.9766666666666667,0.0,0.8163974509636561,300,3,0.0,2026092704,-12324.808023910522,8,617916.3125,-12324.808023910522,-577506.5625,-12324.808023910522,300,0.0,1.0,3,0.37576721912903666,neural_residual_shallow
1.0,0.0,0.9997017898162206,300,1,0.0,2026092704,-12186.958955078126,1,-10876.2939453125,-12186.958955078126,-13452.248046875,-12186.958955078126,300,0.0,1.0,4,0.011418346309205796,neural_residual_shallow
1.0,0.0,0.9996826122204463,300,2,0.0,2026092704,-12152.860891927083,1,-10567.009765625,-12152.860891927083,-13546.9658203125,-12152.860891927083,300,0.0,1.0,4,0.017797676218135328,neural_residual_shallow
1.0,0.0,0.9997086195151011,300,3,0.0,2026092704,-11981.437057291667,1,-10768.1123046875,-11981.437057291667,-13070.76171875,-11981.437057291667,300,0.0,1.0,4,0.01982314945080421,neural_residual_shallow
0.96,0.0,0.8342477931827307,300,1,0.0,2026092704,-10820.90757446289,3,606852.0625,-10820.90757446289,-553874.5625,-10820.90757446289,300,0.0,1.0,4,0.33204008711965605,neural_residual_shallow
0.95,0.0,0.8177648937702179,300,2,0.0,2026092704,-13117.563010101318,3,543099.8125,-13117.563010101318,-582237.25,-13117.563010101318,300,0.0,1.0,4,0.29016260348734635,neural_residual_shallow
0.9333333333333333,0.0,0.7870791389172276,300,3,0.0,2026092704,-7291.635153617859,3,622686.0,-7291.635153617859,-616600.1875,-7291.635153617859,300,0.0,1.0,4,0.3947414553489468,neural_residual_shallow
1.0,0.0,0.9983373133341471,300,1,0.0,2026092704,-12843.360208333334,4,-10647.2158203125,-12843.360208333334,-15868.83984375,-12843.360208333334,300,0.0,1.0,4,0.022014626849239494,neural_residual_shallow
1.0,0.0,0.9971807022889455,300,2,0.0,2026092704,-12609.797067057292,4,-9167.263671875,-12609.797067057292,-15754.1220703125,-12609.797067057292,300,0.0,1.0,4,0.02712845064635261,neural_residual_shallow
1.0,0.0,0.994736109127601,300,3,0.0,2026092704,-14361.629742838542,4,-10348.0478515625,-14361.629742838542,-509598.1875,-14361.629742838542,300,0.0,1.0,4,0.026165644668759924,neural_residual_shallow
0.99,0.0,0.9805895109474659,300,1,0.0,2026092704,-13043.826184895834,6,163459.546875,-13043.826184895834,-579876.8125,-13043.826184895834,300,0.0,1.0,4,0.08766894931504177,neural_residual_shallow
0.9933333333333333,0.0,0.9744761701424917,300,2,0.0,2026092704,-11046.928647155763,6,16647.359375,-11046.928647155763,-22569.498046875,-11046.928647155763,300,0.0,1.0,4,0.11419107868655898,neural_residual_shallow
0.9966666666666667,0.0,0.9873833298186461,300,3,0.0,2026092704,-10715.544656575521,6,220832.859375,-10715.544656575521,-18375.380859375,-10715.544656575521,300,0.0,1.0,4,0.08694544689207773,neural_residual_shallow
0.9966666666666667,0.0,0.8916868689407905,300,1,0.0,2026092704,-8880.49575302124,8,330305.1875,-8880.49575302124,-36389.27734375,-8880.49575302124,300,0.0,1.0,4,0.1578559503512893,neural_residual_shallow
0.9966666666666667,0.0,0.8893355586131414,300,2,0.0,2026092704,-11499.081474787394,8,42320.04296875,-11499.081474787394,-106413.0390625,-11499.081474787394,300,0.0,1.0,4,0.15337702652193363,neural_residual_shallow
0.99,0.0,0.8946144796411196,300,3,0.0,2026092704,-12472.267841288249,8,23379.1796875,-12472.267841288249,-472079.09375,-12472.267841288249,300,0.0,1.0,4,0.1985092191668445,neural_residual_shallow
1.0,0.0,0.9985529824097952,300,1,0.0,2026092704,-20179.50728515625,1,-17820.69140625,-20179.50728515625,-22284.58984375,-20179.50728515625,300,0.0,1.0,5,0.04325364412873145,neural_residual_shallow
0.9933333333333333,0.0,0.998565810918808,300,2,0.0,2026092704,-20282.956861979168,1,-16371.84765625,-20282.956861979168,-22749.0546875,-20282.956861979168,300,0.0,1.0,5,0.05111648651553269,neural_residual_shallow
0.99,0.0,0.997731768488884,300,3,0.0,2026092704,-20415.447024739584,1,-18463.630859375,-20415.447024739584,-22537.9375,-20415.447024739584,300,0.0,1.0,5,0.0460774882233137,neural_residual_shallow
0.9833333333333333,0.0,0.8766845100124677,300,1,0.0,2026092704,-19625.03742960612,3,16550.4140625,-19625.03742960612,-124709.3515625,-19625.03742960612,300,0.0,1.0,5,0.0933558103747637,neural_residual_shallow
0.9833333333333333,0.0,0.8878560337424278,300,2,0.0,2026092704,-19126.945930887858,3,262821.46875,-19126.945930887858,-76552.3125,-19126.945930887858,300,0.0,1.0,5,0.07793900625390116,neural_residual_shallow
0.9866666666666667,0.0,0.8658727371195952,300,3,0.0,2026092704,-17358.69468465169,3,496442.8125,-17358.69468465169,-270683.96875,-17358.69468465169,300,0.0,1.0,5,0.07215798864458756,neural_residual_shallow
0.9966666666666667,0.0,0.9919818715751171,300,1,0.0,2026092704,-19742.31517578125,4,144524.046875,-19742.31517578125,-153345.0,-19742.31517578125,300,0.0,1.0,5,0.09565591063791756,neural_residual_shallow
0.9933333333333333,0.0,0.9833062568306923,300,2,0.0,2026092704,-21667.58068359375,4,-10637.8173828125,-21667.58068359375,-217863.453125,-21667.58068359375,300,0.0,1.0,5,0.14753587777746924,neural_residual_shallow
0.99,0.0,0.982509353607893,300,3,0.0,2026092704,-21725.051258951822,4,-2253.889404296875,-21725.051258951822,-239948.171875,-21725.051258951822,300,0.0,1.0,5,0.1421714741402078,neural_residual_shallow
1.0,0.0,0.9970015901327133,300,1,0.0,2026092704,-18900.94838541667,6,-16564.119140625,-18900.94838541667,-21957.5,-18900.94838541667,300,0.0,1.0,5,0.16292846579564535,neural_residual_shallow
1.0,0.0,0.9979795678456624,300,2,0.0,2026092704,-18715.40726236979,6,-15966.869140625,-18715.40726236979,-22037.232421875,-18715.40726236979,300,0.0,1.0,5,0.16994268257785405,neural_residual_shallow
0.9966666666666667,0.0,0.9951539301872253,300,3,0.0,2026092704,-18021.071728515624,6,-6698.458984375,-18021.071728515624,-22221.98046875,-18021.071728515624,300,0.0,1.0,5,0.14162829649528286,neural_residual_shallow
0.9866666666666667,0.0,0.9236229381958644,300,1,0.0,2026092704,-20494.906968536376,8,19617.720703125,-20494.906968536376,-282722.0,-20494.906968536376,300,0.0,1.0,5,0.06847469645800808,neural_residual_shallow
0.9833333333333333,0.0,0.9255151661237081,300,2,0.0,2026092704,-20989.74442586263,8,876.0730590820312,-20989.74442586263,-48763.5859375,-20989.74442586263,300,0.0,1.0,5,0.08095701585883464,neural_residual_shallow
0.99,0.0,0.9128801691532135,300,3,0.0,2026092704,-19253.109247233075,8,6383.14892578125,-19253.109247233075,-86005.375,-19253.109247233075,300,0.0,1.0,5,0.0737379831350804,neural_residual_shallow
0.9933333333333333,0.0,0.9921577136218548,300,1,0.0,2026092701,-26914.05865234375,1,-23710.791015625,-26914.05865234375,-34867.8046875,-26914.05865234375,300,0.0,1.0,0,0.09365790416865749,response_anchor_mean
1.0,0.0,0.9969143839677175,300,2,0.0,2026092701,-26997.29896484375,1,-24915.0703125,-26997.29896484375,-29281.009765625,-26997.29896484375,300,0.0,1.0,0,0.0900688696027172,response_anchor_mean
0.9933333333333333,0.0,0.9959728302558263,300,3,0.0,2026092701,-27036.744583333333,1,-17193.962890625,-27036.744583333333,-29216.671875,-27036.744583333333,300,0.0,1.0,0,0.06573027445030644,response_anchor_mean
0.93,0.0,0.8407306848093867,300,1,0.0,2026092701,-32599.654809977215,3,599168.375,-32599.654809977215,-621967.875,-32599.654809977215,300,0.0,1.0,0,0.2737799069508292,response_anchor_mean
0.96,0.0,0.8427451226736108,300,2,0.0,2026092701,-19893.017174886067,3,578542.5625,-19893.017174886067,-610105.75,-19893.017174886067,300,0.0,1.0,0,0.2571450927931185,response_anchor_mean
0.9633333333333334,0.0,0.8296312564238906,300,3,0.0,2026092701,-16558.236828918456,3,572646.875,-16558.236828918456,-557283.0625,-16558.236828918456,300,0.0,1.0,0,0.32478312185474667,response_anchor_mean
1.0,0.0,0.996070388952891,300,1,0.0,2026092701,-28011.63046875,4,-24516.6171875,-28011.63046875,-32686.943359375,-28011.63046875,300,0.0,1.0,0,0.07188281084810855,response_anchor_mean
1.0,0.0,0.9986021320025126,300,2,0.0,2026092701,-27672.128684895833,4,-25615.763671875,-27672.128684895833,-29823.333984375,-27672.128684895833,300,0.0,1.0,0,0.05328339424030004,response_anchor_mean
1.0,0.0,0.998875458240509,300,3,0.0,2026092701,-27824.992005208333,4,-25399.595703125,-27824.992005208333,-29762.24609375,-27824.992005208333,300,0.0,1.0,0,0.0571989937588282,response_anchor_mean
0.9966666666666667,0.0,0.990090055714051,300,1,0.0,2026092701,-26924.773723958333,6,-22339.32421875,-26924.773723958333,-128068.515625,-26924.773723958333,300,0.0,1.0,0,0.07039682231708111,response_anchor_mean
1.0,0.0,0.9876185045639674,300,2,0.0,2026092701,-27468.35755859375,6,-20680.72265625,-27468.35755859375,-38947.83984375,-27468.35755859375,300,0.0,1.0,0,0.08282409503411226,response_anchor_mean
0.9966666666666667,0.0,0.9805694196621577,300,3,0.0,2026092701,-26280.906529947915,6,-20889.609375,-26280.906529947915,-32613.501953125,-26280.906529947915,300,0.0,1.0,0,0.09417512561854324,response_anchor_mean
0.9733333333333334,0.0,0.8392215252419313,300,1,0.0,2026092701,-19500.58509174347,8,597359.9375,-19500.58509174347,-202708.546875,-19500.58509174347,300,0.0,1.0,0,0.22078417018016683,response_anchor_mean
0.9733333333333334,0.0,0.860476649403572,300,2,0.0,2026092701,-27325.18803914388,8,23424.271484375,-27325.18803914388,-609270.1875,-27325.18803914388,300,0.0,1.0,0,0.26140547105284906,response_anchor_mean
0.9733333333333334,0.0,0.8545868360002835,300,3,0.0,2026092701,-23919.98753751119,8,580221.0,-23919.98753751119,-559319.3125,-23919.98753751119,300,0.0,1.0,0,0.26586910925169527,response_anchor_mean
0.9966666666666667,0.0,0.9927015282710393,300,1,0.0,2026092701,-21306.525276285807,1,-1809.8533935546875,-21306.525276285807,-25667.486328125,-21306.525276285807,300,0.0,1.0,1,0.08959646952703648,response_anchor_mean
0.9933333333333333,0.0,0.9973381127913793,300,2,0.0,2026092701,-22190.22104817708,1,-17622.93359375,-22190.22104817708,-24787.240234375,-22190.22104817708,300,0.0,1.0,1,0.059554870137387805,response_anchor_mean
0.99,0.0,0.9990472426017125,300,3,0.0,2026092701,-22559.388478190103,1,-4857.29345703125,-22559.388478190103,-25170.203125,-22559.388478190103,300,0.0,1.0,1,0.0657460045048015,response_anchor_mean
0.98,0.0,0.8815935239195823,300,1,0.0,2026092701,-21378.820799560548,3,446114.0,-21378.820799560548,-108983.53125,-21378.820799560548,300,0.0,1.0,1,0.24580196467202042,response_anchor_mean
0.97,0.0,0.8745111145886282,300,2,0.0,2026092701,-22024.885188395183,3,335975.90625,-22024.885188395183,-556382.25,-22024.885188395183,300,0.0,1.0,1,0.24791895150911492,response_anchor_mean
0.91,0.0,0.8518686656405529,300,3,0.0,2026092701,-24257.959638773602,3,611520.1875,-24257.959638773602,-610973.1875,-24257.959638773602,300,0.0,1.0,1,0.32469931923001827,response_anchor_mean
0.9933333333333333,0.0,0.9991894960403442,300,1,0.0,2026092701,-23169.138821614582,4,-20509.126953125,-23169.138821614582,-25406.765625,-23169.138821614582,300,0.0,1.0,1,0.09412063811286131,response_anchor_mean
0.9933333333333333,0.0,0.9986263140042623,300,2,0.0,2026092701,-22632.316471354166,4,-14038.548828125,-22632.316471354166,-24574.96875,-22632.316471354166,300,0.0,1.0,1,0.13152095065503944,response_anchor_mean
0.99,0.0,0.9981225313742955,300,3,0.0,2026092701,-23001.16021077474,4,1132.475341796875,-23001.16021077474,-24915.26171875,-23001.16021077474,300,0.0,1.0,1,0.13584304940010394,response_anchor_mean
0.99,0.0,0.9948582658171654,300,1,0.0,2026092701,-23038.641243489583,6,-15437.158203125,-23038.641243489583,-270619.1875,-23038.641243489583,300,0.0,1.0,1,0.08060099693785505,response_anchor_mean
0.9966666666666667,0.0,0.9939415416121483,300,2,0.0,2026092701,-22659.027272135416,6,-13901.150390625,-22659.027272135416,-237097.1875,-22659.027272135416,300,0.0,1.0,1,0.08269269160853432,response_anchor_mean
0.9833333333333333,0.0,0.9923021006087462,300,3,0.0,2026092701,-22575.722891438803,6,-3095.299072265625,-22575.722891438803,-172514.359375,-22575.722891438803,300,0.0,1.0,1,0.14945907231870992,response_anchor_mean
0.9666666666666667,0.0,0.8593488229314487,300,1,0.0,2026092701,-20772.708798828124,8,450508.75,-20772.708798828124,-226374.15625,-20772.708798828124,300,0.0,1.0,1,0.277986453258092,response_anchor_mean
0.9666666666666667,0.0,0.8749892761806647,300,2,0.0,2026092701,-21225.562836812336,8,4392.654296875,-21225.562836812336,-204099.90625,-21225.562836812336,300,0.0,1.0,1,0.28550299942592106,response_anchor_mean
0.9666666666666667,0.0,0.8787944091359774,300,3,0.0,2026092701,-19687.938111012776,8,541056.9375,-19687.938111012776,-396135.09375,-19687.938111012776,300,0.0,1.0,1,0.29081664205219715,response_anchor_mean
0.9966666666666667,0.0,0.9987207810084026,300,1,0.0,2026092701,-22064.192858072918,1,-19434.201171875,-22064.192858072918,-24899.802734375,-22064.192858072918,300,0.0,1.0,2,0.040680228504381355,response_anchor_mean
1.0,0.0,0.9987414896488189,300,2,0.0,2026092701,-21583.2346875,1,-18921.12890625,-21583.2346875,-23712.373046875,-21583.2346875,300,0.0,1.0,2,0.040060177795751994,response_anchor_mean
0.9966666666666667,0.0,0.9984172634283701,300,3,0.0,2026092701,-22135.415572916667,1,-19751.6796875,-22135.415572916667,-24196.537109375,-22135.415572916667,300,0.0,1.0,2,0.05871705922701276,response_anchor_mean
0.98,0.0,0.8800891214609146,300,1,0.0,2026092701,-22153.40174621582,3,80448.65625,-22153.40174621582,-95076.3046875,-22153.40174621582,300,0.0,1.0,2,0.15574391300260704,response_anchor_mean
0.9933333333333333,0.0,0.877268965219458,300,2,0.0,2026092701,-21170.907107289633,3,12866.681640625,-21170.907107289633,-106148.5234375,-21170.907107289633,300,0.0,1.0,2,0.14843359606800588,response_anchor_mean
0.99,0.0,0.8882330258687338,300,3,0.0,2026092701,-19384.25474866231,3,489075.03125,-19384.25474866231,-99052.359375,-19384.25474866231,300,0.0,1.0,2,0.18582806484029746,response_anchor_mean
0.9766666666666667,0.0,0.9545144002139568,300,1,0.0,2026092701,-15601.102389322916,4,488752.28125,-15601.102389322916,-503510.03125,-15601.102389322916,300,0.0,1.0,2,0.11947910349350577,response_anchor_mean
0.99,0.0,0.9807366546740135,300,2,0.0,2026092701,-20197.78306681315,4,508878.125,-20197.78306681315,-562488.375,-20197.78306681315,300,0.0,1.0,2,0.15533955399971444,response_anchor_mean
0.9766666666666667,0.0,0.9833251300702492,300,3,0.0,2026092701,-24374.858152669272,4,52141.28515625,-24374.858152669272,-533169.375,-24374.858152669272,300,0.0,1.0,2,0.059993068855074716,response_anchor_mean
1.0,0.0,0.9954308191935222,300,1,0.0,2026092701,-22650.558255208332,6,-19642.076171875,-22650.558255208332,-31095.6796875,-22650.558255208332,300,0.0,1.0,2,0.06428987341170056,response_anchor_mean
1.0,0.0,0.9979568711916605,300,2,0.0,2026092701,-22341.060983072915,6,-20186.369140625,-22341.060983072915,-25786.19140625,-22341.060983072915,300,0.0,1.0,2,0.039619156098497976,response_anchor_mean
1.0,0.0,0.9987439831097921,300,3,0.0,2026092701,-22441.754010416666,6,-19984.583984375,-22441.754010416666,-24038.400390625,-22441.754010416666,300,0.0,1.0,2,0.015708394957076877,response_anchor_mean
1.0,0.0,0.9081011878947417,300,1,0.0,2026092701,-21003.09012682597,8,28203.36328125,-21003.09012682597,-98927.9453125,-21003.09012682597,300,0.0,1.0,2,0.06894820711543814,response_anchor_mean
1.0,0.0,0.9055181274811427,300,2,0.0,2026092701,-20531.140282058717,8,47107.25,-20531.140282058717,-76422.125,-20531.140282058717,300,0.0,1.0,2,0.07294771463505856,response_anchor_mean
0.9966666666666667,0.0,0.9105378817518552,300,3,0.0,2026092701,-22384.335665690105,8,14195.4716796875,-22384.335665690105,-496795.40625,-22384.335665690105,300,0.0,1.0,2,0.09714741685383399,response_anchor_mean
1.0,0.0,0.9987421586116155,300,1,0.0,2026092701,-22931.140227864584,1,-19074.873046875,-22931.140227864584,-25098.576171875,-22931.140227864584,300,0.0,1.0,3,0.14737543609014714,response_anchor_mean
1.0,0.0,0.9988671799500783,300,2,0.0,2026092701,-22377.433307291667,1,-16658.80859375,-22377.433307291667,-29830.681640625,-22377.433307291667,300,0.0,1.0,3,0.13018723270272403,response_anchor_mean
1.0,0.0,0.9978403655687967,300,3,0.0,2026092701,-22819.563631388348,1,-440.51129150390625,-22819.563631388348,-28203.619140625,-22819.563631388348,300,0.0,1.0,3,0.1304772157687495,response_anchor_mean
0.9566666666666667,0.0,0.865618384530147,300,1,0.0,2026092701,-21195.431389770507,3,612900.1875,-21195.431389770507,-441303.46875,-21195.431389770507,300,0.0,1.0,3,0.28401047355609443,response_anchor_mean
0.9433333333333334,0.0,0.8713305069506169,300,2,0.0,2026092701,-21528.43489250183,3,265072.9375,-21528.43489250183,-97111.40625,-21528.43489250183,300,0.0,1.0,3,0.2916282512795245,response_anchor_mean
0.9233333333333333,0.0,0.8631079876050353,300,3,0.0,2026092701,-18159.263392944336,3,492900.09375,-18159.263392944336,-99733.5859375,-18159.263392944336,300,0.0,1.0,3,0.31208383660042927,response_anchor_mean
0.98,0.0,0.9924259837468465,300,1,0.0,2026092701,-23087.82831258138,4,-2014.2171630859375,-23087.82831258138,-63384.9765625,-23087.82831258138,300,0.0,1.0,3,0.11528690724515489,response_anchor_mean
0.9733333333333334,0.0,0.9915273221333821,300,2,0.0,2026092701,-22005.049450683593,4,163272.875,-22005.049450683593,-29471.982421875,-22005.049450683593,300,0.0,1.0,3,0.12344800299244951,response_anchor_mean
0.9766666666666667,0.0,0.9860645049065352,300,3,0.0,2026092701,-23351.807674967447,4,33403.87109375,-23351.807674967447,-303930.8125,-23351.807674967447,300,0.0,1.0,3,0.09807600132902505,response_anchor_mean
0.99,0.0,0.9995619833469391,300,1,0.0,2026092701,-22036.864798177085,6,-18655.6875,-22036.864798177085,-23398.740234375,-22036.864798177085,300,0.0,1.0,3,0.039891757840488595,response_anchor_mean
1.0,0.0,0.9995536784331004,300,2,0.0,2026092701,-22094.688385416666,6,-20940.001953125,-22094.688385416666,-23784.7734375,-22094.688385416666,300,0.0,1.0,3,0.0320019956261437,response_anchor_mean
1.0,0.0,0.9996031298240026,300,3,0.0,2026092701,-22472.7951171875,6,-20929.408203125,-22472.7951171875,-24151.763671875,-22472.7951171875,300,0.0,1.0,3,0.028298422211103458,response_anchor_mean
0.9733333333333334,0.0,0.8408772169239819,300,1,0.0,2026092701,-17307.98534301758,8,560956.25,-17307.98534301758,-262169.78125,-17307.98534301758,300,0.0,1.0,3,0.328227921336842,response_anchor_mean
0.99,0.0,0.8444221367438635,300,2,0.0,2026092701,-19846.144803466796,8,541814.9375,-19846.144803466796,-238445.421875,-19846.144803466796,300,0.0,1.0,3,0.3484926847309454,response_anchor_mean
0.9866666666666667,0.0,0.8163974509636561,300,3,0.0,2026092701,-12324.808023910522,8,617916.3125,-12324.808023910522,-577506.5625,-12324.808023910522,300,0.0,1.0,3,0.34297699282162897,response_anchor_mean
1.0,0.0,0.9997017898162206,300,1,0.0,2026092701,-12186.958955078126,1,-10876.2939453125,-12186.958955078126,-13452.248046875,-12186.958955078126,300,0.0,1.0,4,0.010806475720568143,response_anchor_mean
1.0,0.0,0.9996826122204463,300,2,0.0,2026092701,-12152.860891927083,1,-10567.009765625,-12152.860891927083,-13546.9658203125,-12152.860891927083,300,0.0,1.0,4,0.016682868012421248,response_anchor_mean
1.0,0.0,0.9997086195151011,300,3,0.0,2026092701,-11981.437057291667,1,-10768.1123046875,-11981.437057291667,-13070.76171875,-11981.437057291667,300,0.0,1.0,4,0.020210122827618915,response_anchor_mean
0.9666666666666667,0.0,0.8342477931827307,300,1,0.0,2026092701,-10820.90757446289,3,606852.0625,-10820.90757446289,-553874.5625,-10820.90757446289,300,0.0,1.0,4,0.28797630787329076,response_anchor_mean
0.9433333333333334,0.0,0.8177648937702179,300,2,0.0,2026092701,-13117.563010101318,3,543099.8125,-13117.563010101318,-582237.25,-13117.563010101318,300,0.0,1.0,4,0.26038711202522025,response_anchor_mean
0.93,0.0,0.7870791389172276,300,3,0.0,2026092701,-7291.635153617859,3,622686.0,-7291.635153617859,-616600.1875,-7291.635153617859,300,0.0,1.0,4,0.33491864790693715,response_anchor_mean
1.0,0.0,0.9983373133341471,300,1,0.0,2026092701,-12843.360208333334,4,-10647.2158203125,-12843.360208333334,-15868.83984375,-12843.360208333334,300,0.0,1.0,4,0.0223298393013589,response_anchor_mean
1.0,0.0,0.9971807022889455,300,2,0.0,2026092701,-12609.797067057292,4,-9167.263671875,-12609.797067057292,-15754.1220703125,-12609.797067057292,300,0.0,1.0,4,0.029249198916098673,response_anchor_mean
1.0,0.0,0.994736109127601,300,3,0.0,2026092701,-14361.629742838542,4,-10348.0478515625,-14361.629742838542,-509598.1875,-14361.629742838542,300,0.0,1.0,4,0.028864224073864797,response_anchor_mean
0.99,0.0,0.9805895109474659,300,1,0.0,2026092701,-13043.826184895834,6,163459.546875,-13043.826184895834,-579876.8125,-13043.826184895834,300,0.0,1.0,4,0.09135484109229752,response_anchor_mean
0.9966666666666667,0.0,0.9744761701424917,300,2,0.0,2026092701,-11046.928647155763,6,16647.359375,-11046.928647155763,-22569.498046875,-11046.928647155763,300,0.0,1.0,4,0.10804527311213374,response_anchor_mean
0.9966666666666667,0.0,0.9873833298186461,300,3,0.0,2026092701,-10715.544656575521,6,220832.859375,-10715.544656575521,-18375.380859375,-10715.544656575521,300,0.0,1.0,4,0.0882968519589723,response_anchor_mean
1.0,0.0,0.8916868689407905,300,1,0.0,2026092701,-8880.49575302124,8,330305.1875,-8880.49575302124,-36389.27734375,-8880.49575302124,300,0.0,1.0,4,0.17915064886792664,response_anchor_mean
1.0,0.0,0.8893355586131414,300,2,0.0,2026092701,-11499.081474787394,8,42320.04296875,-11499.081474787394,-106413.0390625,-11499.081474787394,300,0.0,1.0,4,0.17517326110112508,response_anchor_mean
0.99,0.0,0.8946144796411196,300,3,0.0,2026092701,-12472.267841288249,8,23379.1796875,-12472.267841288249,-472079.09375,-12472.267841288249,300,0.0,1.0,4,0.2271104274347232,response_anchor_mean
1.0,0.0,0.9985529824097952,300,1,0.0,2026092701,-20179.50728515625,1,-17820.69140625,-20179.50728515625,-22284.58984375,-20179.50728515625,300,0.0,1.0,5,0.03604938136793723,response_anchor_mean
0.9933333333333333,0.0,0.998565810918808,300,2,0.0,2026092701,-20282.956861979168,1,-16371.84765625,-20282.956861979168,-22749.0546875,-20282.956861979168,300,0.0,1.0,5,0.030995609810997027,response_anchor_mean
0.99,0.0,0.997731768488884,300,3,0.0,2026092701,-20415.447024739584,1,-18463.630859375,-20415.447024739584,-22537.9375,-20415.447024739584,300,0.0,1.0,5,0.058188241239186755,response_anchor_mean
0.98,0.0,0.8766845100124677,300,1,0.0,2026092701,-19625.03742960612,3,16550.4140625,-19625.03742960612,-124709.3515625,-19625.03742960612,300,0.0,1.0,5,0.08708557286066809,response_anchor_mean
0.9866666666666667,0.0,0.8878560337424278,300,2,0.0,2026092701,-19126.945930887858,3,262821.46875,-19126.945930887858,-76552.3125,-19126.945930887858,300,0.0,1.0,5,0.07828935259698044,response_anchor_mean
0.9833333333333333,0.0,0.8658727371195952,300,3,0.0,2026092701,-17358.69468465169,3,496442.8125,-17358.69468465169,-270683.96875,-17358.69468465169,300,0.0,1.0,5,0.0712981562470939,response_anchor_mean
0.9966666666666667,0.0,0.9919818715751171,300,1,0.0,2026092701,-19742.31517578125,4,144524.046875,-19742.31517578125,-153345.0,-19742.31517578125,300,0.0,1.0,5,0.07542015604628804,response_anchor_mean
0.99,0.0,0.9833062568306923,300,2,0.0,2026092701,-21667.58068359375,4,-10637.8173828125,-21667.58068359375,-217863.453125,-21667.58068359375,300,0.0,1.0,5,0.1423531840888711,response_anchor_mean
0.9933333333333333,0.0,0.982509353607893,300,3,0.0,2026092701,-21725.051258951822,4,-2253.889404296875,-21725.051258951822,-239948.171875,-21725.051258951822,300,0.0,1.0,5,0.13821289906738987,response_anchor_mean
1.0,0.0,0.9970015901327133,300,1,0.0,2026092701,-18900.94838541667,6,-16564.119140625,-18900.94838541667,-21957.5,-18900.94838541667,300,0.0,1.0,5,0.11085521582663149,response_anchor_mean
1.0,0.0,0.9979795678456624,300,2,0.0,2026092701,-18715.40726236979,6,-15966.869140625,-18715.40726236979,-22037.232421875,-18715.40726236979,300,0.0,1.0,5,0.12497317344223524,response_anchor_mean
0.9966666666666667,0.0,0.9951539301872253,300,3,0.0,2026092701,-18021.071728515624,6,-6698.458984375,-18021.071728515624,-22221.98046875,-18021.071728515624,300,0.0,1.0,5,0.11189485502794116,response_anchor_mean
0.99,0.0,0.9236229381958644,300,1,0.0,2026092701,-20494.906968536376,8,19617.720703125,-20494.906968536376,-282722.0,-20494.906968536376,300,0.0,1.0,5,0.07319246504143151,response_anchor_mean
0.9833333333333333,0.0,0.9255151661237081,300,2,0.0,2026092701,-20989.74442586263,8,876.0730590820312,-20989.74442586263,-48763.5859375,-20989.74442586263,300,0.0,1.0,5,0.09770590858019801,response_anchor_mean
0.99,0.0,0.9128801691532135,300,3,0.0,2026092701,-19253.109247233075,8,6383.14892578125,-19253.109247233075,-86005.375,-19253.109247233075,300,0.0,1.0,5,0.09225041149857227,response_anchor_mean
0.9933333333333333,0.0,0.9921577136218548,300,1,0.0,2026092702,-26914.05865234375,1,-23710.791015625,-26914.05865234375,-34867.8046875,-26914.05865234375,300,0.0,1.0,0,0.10600744993225053,response_anchor_mean
1.0,0.0,0.9969143839677175,300,2,0.0,2026092702,-26997.29896484375,1,-24915.0703125,-26997.29896484375,-29281.009765625,-26997.29896484375,300,0.0,1.0,0,0.11262342939246273,response_anchor_mean
0.9933333333333333,0.0,0.9959728302558263,300,3,0.0,2026092702,-27036.744583333333,1,-17193.962890625,-27036.744583333333,-29216.671875,-27036.744583333333,300,0.0,1.0,0,0.08105009262852492,response_anchor_mean
0.95,0.0,0.8407306848093867,300,1,0.0,2026092702,-32599.654809977215,3,599168.375,-32599.654809977215,-621967.875,-32599.654809977215,300,0.0,1.0,0,0.28425878817366124,response_anchor_mean
0.97,0.0,0.8427451226736108,300,2,0.0,2026092702,-19893.017174886067,3,578542.5625,-19893.017174886067,-610105.75,-19893.017174886067,300,0.0,1.0,0,0.2773492774588062,response_anchor_mean
0.9566666666666667,0.0,0.8296312564238906,300,3,0.0,2026092702,-16558.236828918456,3,572646.875,-16558.236828918456,-557283.0625,-16558.236828918456,300,0.0,1.0,0,0.37323299262053156,response_anchor_mean
1.0,0.0,0.996070388952891,300,1,0.0,2026092702,-28011.63046875,4,-24516.6171875,-28011.63046875,-32686.943359375,-28011.63046875,300,0.0,1.0,0,0.04852022602037753,response_anchor_mean
1.0,0.0,0.9986021320025126,300,2,0.0,2026092702,-27672.128684895833,4,-25615.763671875,-27672.128684895833,-29823.333984375,-27672.128684895833,300,0.0,1.0,0,0.052720874765339265,response_anchor_mean
1.0,0.0,0.998875458240509,300,3,0.0,2026092702,-27824.992005208333,4,-25399.595703125,-27824.992005208333,-29762.24609375,-27824.992005208333,300,0.0,1.0,0,0.04987886522074425,response_anchor_mean
0.99,0.0,0.990090055714051,300,1,0.0,2026092702,-26924.773723958333,6,-22339.32421875,-26924.773723958333,-128068.515625,-26924.773723958333,300,0.0,1.0,0,0.06652527503892902,response_anchor_mean
1.0,0.0,0.9876185045639674,300,2,0.0,2026092702,-27468.35755859375,6,-20680.72265625,-27468.35755859375,-38947.83984375,-27468.35755859375,300,0.0,1.0,0,0.07265782035021029,response_anchor_mean
0.9966666666666667,0.0,0.9805694196621577,300,3,0.0,2026092702,-26280.906529947915,6,-20889.609375,-26280.906529947915,-32613.501953125,-26280.906529947915,300,0.0,1.0,0,0.06489298434240165,response_anchor_mean
0.97,0.0,0.8392215252419313,300,1,0.0,2026092702,-19500.58509174347,8,597359.9375,-19500.58509174347,-202708.546875,-19500.58509174347,300,0.0,1.0,0,0.2326976542234478,response_anchor_mean
0.9866666666666667,0.0,0.860476649403572,300,2,0.0,2026092702,-27325.18803914388,8,23424.271484375,-27325.18803914388,-609270.1875,-27325.18803914388,300,0.0,1.0,0,0.25526695906177865,response_anchor_mean
0.98,0.0,0.8545868360002835,300,3,0.0,2026092702,-23919.98753751119,8,580221.0,-23919.98753751119,-559319.3125,-23919.98753751119,300,0.0,1.0,0,0.2636309876768339,response_anchor_mean
0.9966666666666667,0.0,0.9927015282710393,300,1,0.0,2026092702,-21306.525276285807,1,-1809.8533935546875,-21306.525276285807,-25667.486328125,-21306.525276285807,300,0.0,1.0,1,0.07206198707153799,response_anchor_mean
0.99,0.0,0.9973381127913793,300,2,0.0,2026092702,-22190.22104817708,1,-17622.93359375,-22190.22104817708,-24787.240234375,-22190.22104817708,300,0.0,1.0,1,0.05936037176048614,response_anchor_mean
0.99,0.0,0.9990472426017125,300,3,0.0,2026092702,-22559.388478190103,1,-4857.29345703125,-22559.388478190103,-25170.203125,-22559.388478190103,300,0.0,1.0,1,0.061763077840581326,response_anchor_mean
0.9733333333333334,0.0,0.8815935239195823,300,1,0.0,2026092702,-21378.820799560548,3,446114.0,-21378.820799560548,-108983.53125,-21378.820799560548,300,0.0,1.0,1,0.2410087096747312,response_anchor_mean
0.9733333333333334,0.0,0.8745111145886282,300,2,0.0,2026092702,-22024.885188395183,3,335975.90625,-22024.885188395183,-556382.25,-22024.885188395183,300,0.0,1.0,1,0.24978606334131925,response_anchor_mean
0.8766666666666667,0.0,0.8518686656405529,300,3,0.0,2026092702,-24257.959638773602,3,611520.1875,-24257.959638773602,-610973.1875,-24257.959638773602,300,0.0,1.0,1,0.31945185585795066,response_anchor_mean
0.9966666666666667,0.0,0.9991894960403442,300,1,0.0,2026092702,-23169.138821614582,4,-20509.126953125,-23169.138821614582,-25406.765625,-23169.138821614582,300,0.0,1.0,1,0.08913285632082213,response_anchor_mean
1.0,0.0,0.9986263140042623,300,2,0.0,2026092702,-22632.316471354166,4,-14038.548828125,-22632.316471354166,-24574.96875,-22632.316471354166,300,0.0,1.0,1,0.1134256454834448,response_anchor_mean
0.9933333333333333,0.0,0.9981225313742955,300,3,0.0,2026092702,-23001.16021077474,4,1132.475341796875,-23001.16021077474,-24915.26171875,-23001.16021077474,300,0.0,1.0,1,0.12609769238706137,response_anchor_mean
0.9866666666666667,0.0,0.9948582658171654,300,1,0.0,2026092702,-23038.641243489583,6,-15437.158203125,-23038.641243489583,-270619.1875,-23038.641243489583,300,0.0,1.0,1,0.08094800447068817,response_anchor_mean
0.9933333333333333,0.0,0.9939415416121483,300,2,0.0,2026092702,-22659.027272135416,6,-13901.150390625,-22659.027272135416,-237097.1875,-22659.027272135416,300,0.0,1.0,1,0.08087482741595009,response_anchor_mean
0.9833333333333333,0.0,0.9923021006087462,300,3,0.0,2026092702,-22575.722891438803,6,-3095.299072265625,-22575.722891438803,-172514.359375,-22575.722891438803,300,0.0,1.0,1,0.1535617329298622,response_anchor_mean
0.94,0.0,0.8593488229314487,300,1,0.0,2026092702,-20772.708798828124,8,450508.75,-20772.708798828124,-226374.15625,-20772.708798828124,300,0.0,1.0,1,0.29028339930592606,response_anchor_mean
0.9533333333333334,0.0,0.8749892761806647,300,2,0.0,2026092702,-21225.562836812336,8,4392.654296875,-21225.562836812336,-204099.90625,-21225.562836812336,300,0.0,1.0,1,0.2859371293311226,response_anchor_mean
0.9566666666666667,0.0,0.8787944091359774,300,3,0.0,2026092702,-19687.938111012776,8,541056.9375,-19687.938111012776,-396135.09375,-19687.938111012776,300,0.0,1.0,1,0.29358839683624005,response_anchor_mean
1.0,0.0,0.9987207810084026,300,1,0.0,2026092702,-22064.192858072918,1,-19434.201171875,-22064.192858072918,-24899.802734375,-22064.192858072918,300,0.0,1.0,2,0.05658587862171205,response_anchor_mean
1.0,0.0,0.9987414896488189,300,2,0.0,2026092702,-21583.2346875,1,-18921.12890625,-21583.2346875,-23712.373046875,-21583.2346875,300,0.0,1.0,2,0.05762661888937104,response_anchor_mean
1.0,0.0,0.9984172634283701,300,3,0.0,2026092702,-22135.415572916667,1,-19751.6796875,-22135.415572916667,-24196.537109375,-22135.415572916667,300,0.0,1.0,2,0.09033207509279062,response_anchor_mean
0.98,0.0,0.8800891214609146,300,1,0.0,2026092702,-22153.40174621582,3,80448.65625,-22153.40174621582,-95076.3046875,-22153.40174621582,300,0.0,1.0,2,0.15363023312507784,response_anchor_mean
0.9966666666666667,0.0,0.877268965219458,300,2,0.0,2026092702,-21170.907107289633,3,12866.681640625,-21170.907107289633,-106148.5234375,-21170.907107289633,300,0.0,1.0,2,0.14878740111809752,response_anchor_mean
0.99,0.0,0.8882330258687338,300,3,0.0,2026092702,-19384.25474866231,3,489075.03125,-19384.25474866231,-99052.359375,-19384.25474866231,300,0.0,1.0,2,0.18417885530035905,response_anchor_mean
0.9833333333333333,0.0,0.9545144002139568,300,1,0.0,2026092702,-15601.102389322916,4,488752.28125,-15601.102389322916,-503510.03125,-15601.102389322916,300,0.0,1.0,2,0.1279707759347175,response_anchor_mean
0.9933333333333333,0.0,0.9807366546740135,300,2,0.0,2026092702,-20197.78306681315,4,508878.125,-20197.78306681315,-562488.375,-20197.78306681315,300,0.0,1.0,2,0.20058002689396714,response_anchor_mean
0.98,0.0,0.9833251300702492,300,3,0.0,2026092702,-24374.858152669272,4,52141.28515625,-24374.858152669272,-533169.375,-24374.858152669272,300,0.0,1.0,2,0.07224196039839814,response_anchor_mean
1.0,0.0,0.9954308191935222,300,1,0.0,2026092702,-22650.558255208332,6,-19642.076171875,-22650.558255208332,-31095.6796875,-22650.558255208332,300,0.0,1.0,2,0.05600377223927433,response_anchor_mean
1.0,0.0,0.9979568711916605,300,2,0.0,2026092702,-22341.060983072915,6,-20186.369140625,-22341.060983072915,-25786.19140625,-22341.060983072915,300,0.0,1.0,2,0.03974451039363858,response_anchor_mean
1.0,0.0,0.9987439831097921,300,3,0.0,2026092702,-22441.754010416666,6,-19984.583984375,-22441.754010416666,-24038.400390625,-22441.754010416666,300,0.0,1.0,2,0.019437995197142288,response_anchor_mean
1.0,0.0,0.9081011878947417,300,1,0.0,2026092702,-21003.09012682597,8,28203.36328125,-21003.09012682597,-98927.9453125,-21003.09012682597,300,0.0,1.0,2,0.06422316156623753,response_anchor_mean
1.0,0.0,0.9055181274811427,300,2,0.0,2026092702,-20531.140282058717,8,47107.25,-20531.140282058717,-76422.125,-20531.140282058717,300,0.0,1.0,2,0.05900163037810058,response_anchor_mean
0.9966666666666667,0.0,0.9105378817518552,300,3,0.0,2026092702,-22384.335665690105,8,14195.4716796875,-22384.335665690105,-496795.40625,-22384.335665690105,300,0.0,1.0,2,0.07352596836137948,response_anchor_mean
1.0,0.0,0.9987421586116155,300,1,0.0,2026092702,-22931.140227864584,1,-19074.873046875,-22931.140227864584,-25098.576171875,-22931.140227864584,300,0.0,1.0,3,0.12082052039791902,response_anchor_mean
0.9966666666666667,0.0,0.9988671799500783,300,2,0.0,2026092702,-22377.433307291667,1,-16658.80859375,-22377.433307291667,-29830.681640625,-22377.433307291667,300,0.0,1.0,3,0.10041919165909341,response_anchor_mean
0.9933333333333333,0.0,0.9978403655687967,300,3,0.0,2026092702,-22819.563631388348,1,-440.51129150390625,-22819.563631388348,-28203.619140625,-22819.563631388348,300,0.0,1.0,3,0.1022259058291527,response_anchor_mean
0.9366666666666666,0.0,0.865618384530147,300,1,0.0,2026092702,-21195.431389770507,3,612900.1875,-21195.431389770507,-441303.46875,-21195.431389770507,300,0.0,1.0,3,0.262783653800448,response_anchor_mean
0.9433333333333334,0.0,0.8713305069506169,300,2,0.0,2026092702,-21528.43489250183,3,265072.9375,-21528.43489250183,-97111.40625,-21528.43489250183,300,0.0,1.0,3,0.25480045029668885,response_anchor_mean
0.9,0.0,0.8631079876050353,300,3,0.0,2026092702,-18159.263392944336,3,492900.09375,-18159.263392944336,-99733.5859375,-18159.263392944336,300,0.0,1.0,3,0.2995065532703344,response_anchor_mean
0.9766666666666667,0.0,0.9924259837468465,300,1,0.0,2026092702,-23087.82831258138,4,-2014.2171630859375,-23087.82831258138,-63384.9765625,-23087.82831258138,300,0.0,1.0,3,0.10508424822944928,response_anchor_mean
0.9633333333333334,0.0,0.9915273221333821,300,2,0.0,2026092702,-22005.049450683593,4,163272.875,-22005.049450683593,-29471.982421875,-22005.049450683593,300,0.0,1.0,3,0.12210142111698685,response_anchor_mean
0.97,0.0,0.9860645049065352,300,3,0.0,2026092702,-23351.807674967447,4,33403.87109375,-23351.807674967447,-303930.8125,-23351.807674967447,300,0.0,1.0,3,0.10027999776671326,response_anchor_mean
0.99,0.0,0.9995619833469391,300,1,0.0,2026092702,-22036.864798177085,6,-18655.6875,-22036.864798177085,-23398.740234375,-22036.864798177085,300,0.0,1.0,3,0.030765871235223008,response_anchor_mean
1.0,0.0,0.9995536784331004,300,2,0.0,2026092702,-22094.688385416666,6,-20940.001953125,-22094.688385416666,-23784.7734375,-22094.688385416666,300,0.0,1.0,3,0.024720674511019336,response_anchor_mean
1.0,0.0,0.9996031298240026,300,3,0.0,2026092702,-22472.7951171875,6,-20929.408203125,-22472.7951171875,-24151.763671875,-22472.7951171875,300,0.0,1.0,3,0.024401961033604147,response_anchor_mean
0.9366666666666666,0.0,0.8408772169239819,300,1,0.0,2026092702,-17307.98534301758,8,560956.25,-17307.98534301758,-262169.78125,-17307.98534301758,300,0.0,1.0,3,0.31977167216126745,response_anchor_mean
0.9833333333333333,0.0,0.8444221367438635,300,2,0.0,2026092702,-19846.144803466796,8,541814.9375,-19846.144803466796,-238445.421875,-19846.144803466796,300,0.0,1.0,3,0.2983599624792077,response_anchor_mean
0.9866666666666667,0.0,0.8163974509636561,300,3,0.0,2026092702,-12324.808023910522,8,617916.3125,-12324.808023910522,-577506.5625,-12324.808023910522,300,0.0,1.0,3,0.33252158265002085,response_anchor_mean
1.0,0.0,0.9997017898162206,300,1,0.0,2026092702,-12186.958955078126,1,-10876.2939453125,-12186.958955078126,-13452.248046875,-12186.958955078126,300,0.0,1.0,4,0.0112945746849199,response_anchor_mean
1.0,0.0,0.9996826122204463,300,2,0.0,2026092702,-12152.860891927083,1,-10567.009765625,-12152.860891927083,-13546.9658203125,-12152.860891927083,300,0.0,1.0,4,0.016476988590263475,response_anchor_mean
1.0,0.0,0.9997086195151011,300,3,0.0,2026092702,-11981.437057291667,1,-10768.1123046875,-11981.437057291667,-13070.76171875,-11981.437057291667,300,0.0,1.0,4,0.025409257205544544,response_anchor_mean
0.96,0.0,0.8342477931827307,300,1,0.0,2026092702,-10820.90757446289,3,606852.0625,-10820.90757446289,-553874.5625,-10820.90757446289,300,0.0,1.0,4,0.3276952862855408,response_anchor_mean
0.9533333333333334,0.0,0.8177648937702179,300,2,0.0,2026092702,-13117.563010101318,3,543099.8125,-13117.563010101318,-582237.25,-13117.563010101318,300,0.0,1.0,4,0.3032839870429165,response_anchor_mean
0.9566666666666667,0.0,0.7870791389172276,300,3,0.0,2026092702,-7291.635153617859,3,622686.0,-7291.635153617859,-616600.1875,-7291.635153617859,300,0.0,1.0,4,0.382750226455704,response_anchor_mean
1.0,0.0,0.9983373133341471,300,1,0.0,2026092702,-12843.360208333334,4,-10647.2158203125,-12843.360208333334,-15868.83984375,-12843.360208333334,300,0.0,1.0,4,0.01987105499801034,response_anchor_mean
1.0,0.0,0.9971807022889455,300,2,0.0,2026092702,-12609.797067057292,4,-9167.263671875,-12609.797067057292,-15754.1220703125,-12609.797067057292,300,0.0,1.0,4,0.02385128990431018,response_anchor_mean
1.0,0.0,0.994736109127601,300,3,0.0,2026092702,-14361.629742838542,4,-10348.0478515625,-14361.629742838542,-509598.1875,-14361.629742838542,300,0.0,1.0,4,0.023769027919983587,response_anchor_mean
0.99,0.0,0.9805895109474659,300,1,0.0,2026092702,-13043.826184895834,6,163459.546875,-13043.826184895834,-579876.8125,-13043.826184895834,300,0.0,1.0,4,0.12082066861349028,response_anchor_mean
0.9966666666666667,0.0,0.9744761701424917,300,2,0.0,2026092702,-11046.928647155763,6,16647.359375,-11046.928647155763,-22569.498046875,-11046.928647155763,300,0.0,1.0,4,0.14003474403023775,response_anchor_mean
1.0,0.0,0.9873833298186461,300,3,0.0,2026092702,-10715.544656575521,6,220832.859375,-10715.544656575521,-18375.380859375,-10715.544656575521,300,0.0,1.0,4,0.10795364675741681,response_anchor_mean
1.0,0.0,0.8916868689407905,300,1,0.0,2026092702,-8880.49575302124,8,330305.1875,-8880.49575302124,-36389.27734375,-8880.49575302124,300,0.0,1.0,4,0.16914548887424907,response_anchor_mean
1.0,0.0,0.8893355586131414,300,2,0.0,2026092702,-11499.081474787394,8,42320.04296875,-11499.081474787394,-106413.0390625,-11499.081474787394,300,0.0,1.0,4,0.16860297688319992,response_anchor_mean
0.99,0.0,0.8946144796411196,300,3,0.0,2026092702,-12472.267841288249,8,23379.1796875,-12472.267841288249,-472079.09375,-12472.267841288249,300,0.0,1.0,4,0.21732143168333695,response_anchor_mean
1.0,0.0,0.9985529824097952,300,1,0.0,2026092702,-20179.50728515625,1,-17820.69140625,-20179.50728515625,-22284.58984375,-20179.50728515625,300,0.0,1.0,5,0.05716744252608119,response_anchor_mean
0.9933333333333333,0.0,0.998565810918808,300,2,0.0,2026092702,-20282.956861979168,1,-16371.84765625,-20282.956861979168,-22749.0546875,-20282.956861979168,300,0.0,1.0,5,0.051358227915939914,response_anchor_mean
0.99,0.0,0.997731768488884,300,3,0.0,2026092702,-20415.447024739584,1,-18463.630859375,-20415.447024739584,-22537.9375,-20415.447024739584,300,0.0,1.0,5,0.05496293934376972,response_anchor_mean
0.9866666666666667,0.0,0.8766845100124677,300,1,0.0,2026092702,-19625.03742960612,3,16550.4140625,-19625.03742960612,-124709.3515625,-19625.03742960612,300,0.0,1.0,5,0.10093030865377484,response_anchor_mean
0.9833333333333333,0.0,0.8878560337424278,300,2,0.0,2026092702,-19126.945930887858,3,262821.46875,-19126.945930887858,-76552.3125,-19126.945930887858,300,0.0,1.0,5,0.08685462414763201,response_anchor_mean
0.9866666666666667,0.0,0.8658727371195952,300,3,0.0,2026092702,-17358.69468465169,3,496442.8125,-17358.69468465169,-270683.96875,-17358.69468465169,300,0.0,1.0,5,0.08134367207327486,response_anchor_mean
0.9966666666666667,0.0,0.9919818715751171,300,1,0.0,2026092702,-19742.31517578125,4,144524.046875,-19742.31517578125,-153345.0,-19742.31517578125,300,0.0,1.0,5,0.075724949322315,response_anchor_mean
0.9933333333333333,0.0,0.9833062568306923,300,2,0.0,2026092702,-21667.58068359375,4,-10637.8173828125,-21667.58068359375,-217863.453125,-21667.58068359375,300,0.0,1.0,5,0.14892734980484024,response_anchor_mean
0.9933333333333333,0.0,0.982509353607893,300,3,0.0,2026092702,-21725.051258951822,4,-2253.889404296875,-21725.051258951822,-239948.171875,-21725.051258951822,300,0.0,1.0,5,0.16681941800332445,response_anchor_mean
1.0,0.0,0.9970015901327133,300,1,0.0,2026092702,-18900.94838541667,6,-16564.119140625,-18900.94838541667,-21957.5,-18900.94838541667,300,0.0,1.0,5,0.1215538208700242,response_anchor_mean
1.0,0.0,0.9979795678456624,300,2,0.0,2026092702,-18715.40726236979,6,-15966.869140625,-18715.40726236979,-22037.232421875,-18715.40726236979,300,0.0,1.0,5,0.10916249296963287,response_anchor_mean
1.0,0.0,0.9951539301872253,300,3,0.0,2026092702,-18021.071728515624,6,-6698.458984375,-18021.071728515624,-22221.98046875,-18021.071728515624,300,0.0,1.0,5,0.12730113129397336,response_anchor_mean
0.9933333333333333,0.0,0.9236229381958644,300,1,0.0,2026092702,-20494.906968536376,8,19617.720703125,-20494.906968536376,-282722.0,-20494.906968536376,300,0.0,1.0,5,0.05748273110267221,response_anchor_mean
0.9833333333333333,0.0,0.9255151661237081,300,2,0.0,2026092702,-20989.74442586263,8,876.0730590820312,-20989.74442586263,-48763.5859375,-20989.74442586263,300,0.0,1.0,5,0.07326797428770815,response_anchor_mean
0.99,0.0,0.9128801691532135,300,3,0.0,2026092702,-19253.109247233075,8,6383.14892578125,-19253.109247233075,-86005.375,-19253.109247233075,300,0.0,1.0,5,0.07403641192167898,response_anchor_mean
0.9933333333333333,0.0,0.9921577136218548,300,1,0.0,2026092703,-26914.05865234375,1,-23710.791015625,-26914.05865234375,-34867.8046875,-26914.05865234375,300,0.0,1.0,0,0.10061777940046635,response_anchor_mean
1.0,0.0,0.9969143839677175,300,2,0.0,2026092703,-26997.29896484375,1,-24915.0703125,-26997.29896484375,-29281.009765625,-26997.29896484375,300,0.0,1.0,0,0.10057865577078529,response_anchor_mean
0.9933333333333333,0.0,0.9959728302558263,300,3,0.0,2026092703,-27036.744583333333,1,-17193.962890625,-27036.744583333333,-29216.671875,-27036.744583333333,300,0.0,1.0,0,0.06112151540895794,response_anchor_mean
0.9433333333333334,0.0,0.8407306848093867,300,1,0.0,2026092703,-32599.654809977215,3,599168.375,-32599.654809977215,-621967.875,-32599.654809977215,300,0.0,1.0,0,0.27976597410453374,response_anchor_mean
0.9633333333333334,0.0,0.8427451226736108,300,2,0.0,2026092703,-19893.017174886067,3,578542.5625,-19893.017174886067,-610105.75,-19893.017174886067,300,0.0,1.0,0,0.283439867940678,response_anchor_mean
0.9433333333333334,0.0,0.8296312564238906,300,3,0.0,2026092703,-16558.236828918456,3,572646.875,-16558.236828918456,-557283.0625,-16558.236828918456,300,0.0,1.0,0,0.3757044323591333,response_anchor_mean
1.0,0.0,0.996070388952891,300,1,0.0,2026092703,-28011.63046875,4,-24516.6171875,-28011.63046875,-32686.943359375,-28011.63046875,300,0.0,1.0,0,0.06380096328923723,response_anchor_mean
1.0,0.0,0.9986021320025126,300,2,0.0,2026092703,-27672.128684895833,4,-25615.763671875,-27672.128684895833,-29823.333984375,-27672.128684895833,300,0.0,1.0,0,0.059388336923852814,response_anchor_mean
1.0,0.0,0.998875458240509,300,3,0.0,2026092703,-27824.992005208333,4,-25399.595703125,-27824.992005208333,-29762.24609375,-27824.992005208333,300,0.0,1.0,0,0.054606345588000815,response_anchor_mean
0.9933333333333333,0.0,0.990090055714051,300,1,0.0,2026092703,-26924.773723958333,6,-22339.32421875,-26924.773723958333,-128068.515625,-26924.773723958333,300,0.0,1.0,0,0.0896206661660982,response_anchor_mean
1.0,0.0,0.9876185045639674,300,2,0.0,2026092703,-27468.35755859375,6,-20680.72265625,-27468.35755859375,-38947.83984375,-27468.35755859375,300,0.0,1.0,0,0.10100038491605501,response_anchor_mean
0.9966666666666667,0.0,0.9805694196621577,300,3,0.0,2026092703,-26280.906529947915,6,-20889.609375,-26280.906529947915,-32613.501953125,-26280.906529947915,300,0.0,1.0,0,0.08530245281852455,response_anchor_mean
0.98,0.0,0.8392215252419313,300,1,0.0,2026092703,-19500.58509174347,8,597359.9375,-19500.58509174347,-202708.546875,-19500.58509174347,300,0.0,1.0,0,0.2623976170647896,response_anchor_mean
0.9733333333333334,0.0,0.860476649403572,300,2,0.0,2026092703,-27325.18803914388,8,23424.271484375,-27325.18803914388,-609270.1875,-27325.18803914388,300,0.0,1.0,0,0.2850662656936208,response_anchor_mean
0.97,0.0,0.8545868360002835,300,3,0.0,2026092703,-23919.98753751119,8,580221.0,-23919.98753751119,-559319.3125,-23919.98753751119,300,0.0,1.0,0,0.3206268983963967,response_anchor_mean
1.0,0.0,0.9927015282710393,300,1,0.0,2026092703,-21306.525276285807,1,-1809.8533935546875,-21306.525276285807,-25667.486328125,-21306.525276285807,300,0.0,1.0,1,0.0929161470352593,response_anchor_mean
0.99,0.0,0.9973381127913793,300,2,0.0,2026092703,-22190.22104817708,1,-17622.93359375,-22190.22104817708,-24787.240234375,-22190.22104817708,300,0.0,1.0,1,0.06320433253023583,response_anchor_mean
0.9866666666666667,0.0,0.9990472426017125,300,3,0.0,2026092703,-22559.388478190103,1,-4857.29345703125,-22559.388478190103,-25170.203125,-22559.388478190103,300,0.0,1.0,1,0.08160839674643572,response_anchor_mean
0.9766666666666667,0.0,0.8815935239195823,300,1,0.0,2026092703,-21378.820799560548,3,446114.0,-21378.820799560548,-108983.53125,-21378.820799560548,300,0.0,1.0,1,0.2887766987389614,response_anchor_mean
0.9733333333333334,0.0,0.8745111145886282,300,2,0.0,2026092703,-22024.885188395183,3,335975.90625,-22024.885188395183,-556382.25,-22024.885188395183,300,0.0,1.0,1,0.28528193275716274,response_anchor_mean
0.9033333333333333,0.0,0.8518686656405529,300,3,0.0,2026092703,-24257.959638773602,3,611520.1875,-24257.959638773602,-610973.1875,-24257.959638773602,300,0.0,1.0,1,0.3867336711591993,response_anchor_mean
0.9966666666666667,0.0,0.9991894960403442,300,1,0.0,2026092703,-23169.138821614582,4,-20509.126953125,-23169.138821614582,-25406.765625,-23169.138821614582,300,0.0,1.0,1,0.12627761734479437,response_anchor_mean
1.0,0.0,0.9986263140042623,300,2,0.0,2026092703,-22632.316471354166,4,-14038.548828125,-22632.316471354166,-24574.96875,-22632.316471354166,300,0.0,1.0,1,0.18697632211383675,response_anchor_mean
0.9933333333333333,0.0,0.9981225313742955,300,3,0.0,2026092703,-23001.16021077474,4,1132.475341796875,-23001.16021077474,-24915.26171875,-23001.16021077474,300,0.0,1.0,1,0.1704455695038355,response_anchor_mean
0.9933333333333333,0.0,0.9948582658171654,300,1,0.0,2026092703,-23038.641243489583,6,-15437.158203125,-23038.641243489583,-270619.1875,-23038.641243489583,300,0.0,1.0,1,0.10704481031037716,response_anchor_mean
0.9866666666666667,0.0,0.9939415416121483,300,2,0.0,2026092703,-22659.027272135416,6,-13901.150390625,-22659.027272135416,-237097.1875,-22659.027272135416,300,0.0,1.0,1,0.1174428532634546,response_anchor_mean
0.9866666666666667,0.0,0.9923021006087462,300,3,0.0,2026092703,-22575.722891438803,6,-3095.299072265625,-22575.722891438803,-172514.359375,-22575.722891438803,300,0.0,1.0,1,0.2087971368366871,response_anchor_mean
0.9666666666666667,0.0,0.8593488229314487,300,1,0.0,2026092703,-20772.708798828124,8,450508.75,-20772.708798828124,-226374.15625,-20772.708798828124,300,0.0,1.0,1,0.2894159913093879,response_anchor_mean
0.9566666666666667,0.0,0.8749892761806647,300,2,0.0,2026092703,-21225.562836812336,8,4392.654296875,-21225.562836812336,-204099.90625,-21225.562836812336,300,0.0,1.0,1,0.2971456164957921,response_anchor_mean
0.9533333333333334,0.0,0.8787944091359774,300,3,0.0,2026092703,-19687.938111012776,8,541056.9375,-19687.938111012776,-396135.09375,-19687.938111012776,300,0.0,1.0,1,0.308582925125895,response_anchor_mean
1.0,0.0,0.9987207810084026,300,1,0.0,2026092703,-22064.192858072918,1,-19434.201171875,-22064.192858072918,-24899.802734375,-22064.192858072918,300,0.0,1.0,2,0.036436159669582247,response_anchor_mean
1.0,0.0,0.9987414896488189,300,2,0.0,2026092703,-21583.2346875,1,-18921.12890625,-21583.2346875,-23712.373046875,-21583.2346875,300,0.0,1.0,2,0.03986389961748327,response_anchor_mean
0.9966666666666667,0.0,0.9984172634283701,300,3,0.0,2026092703,-22135.415572916667,1,-19751.6796875,-22135.415572916667,-24196.537109375,-22135.415572916667,300,0.0,1.0,2,0.04721643044660617,response_anchor_mean
0.9866666666666667,0.0,0.8800891214609146,300,1,0.0,2026092703,-22153.40174621582,3,80448.65625,-22153.40174621582,-95076.3046875,-22153.40174621582,300,0.0,1.0,2,0.16054076349320023,response_anchor_mean
0.9933333333333333,0.0,0.877268965219458,300,2,0.0,2026092703,-21170.907107289633,3,12866.681640625,-21170.907107289633,-106148.5234375,-21170.907107289633,300,0.0,1.0,2,0.1628761518204631,response_anchor_mean
0.9933333333333333,0.0,0.8882330258687338,300,3,0.0,2026092703,-19384.25474866231,3,489075.03125,-19384.25474866231,-99052.359375,-19384.25474866231,300,0.0,1.0,2,0.17872502039600802,response_anchor_mean
0.9633333333333334,0.0,0.9545144002139568,300,1,0.0,2026092703,-15601.102389322916,4,488752.28125,-15601.102389322916,-503510.03125,-15601.102389322916,300,0.0,1.0,2,0.1576425929585592,response_anchor_mean
0.9866666666666667,0.0,0.9807366546740135,300,2,0.0,2026092703,-20197.78306681315,4,508878.125,-20197.78306681315,-562488.375,-20197.78306681315,300,0.0,1.0,2,0.16121709626732228,response_anchor_mean
0.98,0.0,0.9833251300702492,300,3,0.0,2026092703,-24374.858152669272,4,52141.28515625,-24374.858152669272,-533169.375,-24374.858152669272,300,0.0,1.0,2,0.07490080869170312,response_anchor_mean
1.0,0.0,0.9954308191935222,300,1,0.0,2026092703,-22650.558255208332,6,-19642.076171875,-22650.558255208332,-31095.6796875,-22650.558255208332,300,0.0,1.0,2,0.038194325171446164,response_anchor_mean
1.0,0.0,0.9979568711916605,300,2,0.0,2026092703,-22341.060983072915,6,-20186.369140625,-22341.060983072915,-25786.19140625,-22341.060983072915,300,0.0,1.0,2,0.03394083273985116,response_anchor_mean
1.0,0.0,0.9987439831097921,300,3,0.0,2026092703,-22441.754010416666,6,-19984.583984375,-22441.754010416666,-24038.400390625,-22441.754010416666,300,0.0,1.0,2,0.013923877121685857,response_anchor_mean
0.9966666666666667,0.0,0.9081011878947417,300,1,0.0,2026092703,-21003.09012682597,8,28203.36328125,-21003.09012682597,-98927.9453125,-21003.09012682597,300,0.0,1.0,2,0.0669002274649737,response_anchor_mean
1.0,0.0,0.9055181274811427,300,2,0.0,2026092703,-20531.140282058717,8,47107.25,-20531.140282058717,-76422.125,-20531.140282058717,300,0.0,1.0,2,0.06522944177540202,response_anchor_mean
0.9966666666666667,0.0,0.9105378817518552,300,3,0.0,2026092703,-22384.335665690105,8,14195.4716796875,-22384.335665690105,-496795.40625,-22384.335665690105,300,0.0,1.0,2,0.08900938848196305,response_anchor_mean
0.9966666666666667,0.0,0.9987421586116155,300,1,0.0,2026092703,-22931.140227864584,1,-19074.873046875,-22931.140227864584,-25098.576171875,-22931.140227864584,300,0.0,1.0,3,0.15808674048424154,response_anchor_mean
0.9966666666666667,0.0,0.9988671799500783,300,2,0.0,2026092703,-22377.433307291667,1,-16658.80859375,-22377.433307291667,-29830.681640625,-22377.433307291667,300,0.0,1.0,3,0.12365699101667738,response_anchor_mean
1.0,0.0,0.9978403655687967,300,3,0.0,2026092703,-22819.563631388348,1,-440.51129150390625,-22819.563631388348,-28203.619140625,-22819.563631388348,300,0.0,1.0,3,0.12564855785188056,response_anchor_mean
0.94,0.0,0.865618384530147,300,1,0.0,2026092703,-21195.431389770507,3,612900.1875,-21195.431389770507,-441303.46875,-21195.431389770507,300,0.0,1.0,3,0.319601505406535,response_anchor_mean
0.9133333333333333,0.0,0.8713305069506169,300,2,0.0,2026092703,-21528.43489250183,3,265072.9375,-21528.43489250183,-97111.40625,-21528.43489250183,300,0.0,1.0,3,0.32709012724620445,response_anchor_mean
0.92,0.0,0.8631079876050353,300,3,0.0,2026092703,-18159.263392944336,3,492900.09375,-18159.263392944336,-99733.5859375,-18159.263392944336,300,0.0,1.0,3,0.35750473902138213,response_anchor_mean
0.97,0.0,0.9924259837468465,300,1,0.0,2026092703,-23087.82831258138,4,-2014.2171630859375,-23087.82831258138,-63384.9765625,-23087.82831258138,300,0.0,1.0,3,0.1056710654903853,response_anchor_mean
0.9633333333333334,0.0,0.9915273221333821,300,2,0.0,2026092703,-22005.049450683593,4,163272.875,-22005.049450683593,-29471.982421875,-22005.049450683593,300,0.0,1.0,3,0.1240303870972439,response_anchor_mean
0.9766666666666667,0.0,0.9860645049065352,300,3,0.0,2026092703,-23351.807674967447,4,33403.87109375,-23351.807674967447,-303930.8125,-23351.807674967447,300,0.0,1.0,3,0.10277957827456141,response_anchor_mean
0.99,0.0,0.9995619833469391,300,1,0.0,2026092703,-22036.864798177085,6,-18655.6875,-22036.864798177085,-23398.740234375,-22036.864798177085,300,0.0,1.0,3,0.04820864304556538,response_anchor_mean
1.0,0.0,0.9995536784331004,300,2,0.0,2026092703,-22094.688385416666,6,-20940.001953125,-22094.688385416666,-23784.7734375,-22094.688385416666,300,0.0,1.0,3,0.03484919258037322,response_anchor_mean
1.0,0.0,0.9996031298240026,300,3,0.0,2026092703,-22472.7951171875,6,-20929.408203125,-22472.7951171875,-24151.763671875,-22472.7951171875,300,0.0,1.0,3,0.035656692834649784,response_anchor_mean
0.9633333333333334,0.0,0.8408772169239819,300,1,0.0,2026092703,-17307.98534301758,8,560956.25,-17307.98534301758,-262169.78125,-17307.98534301758,300,0.0,1.0,3,0.40515989522619045,response_anchor_mean
0.98,0.0,0.8444221367438635,300,2,0.0,2026092703,-19846.144803466796,8,541814.9375,-19846.144803466796,-238445.421875,-19846.144803466796,300,0.0,1.0,3,0.3723878615115723,response_anchor_mean
0.99,0.0,0.8163974509636561,300,3,0.0,2026092703,-12324.808023910522,8,617916.3125,-12324.808023910522,-577506.5625,-12324.808023910522,300,0.0,1.0,3,0.4073612804878257,response_anchor_mean
1.0,0.0,0.9997017898162206,300,1,0.0,2026092703,-12186.958955078126,1,-10876.2939453125,-12186.958955078126,-13452.248046875,-12186.958955078126,300,0.0,1.0,4,0.011500104508847198,response_anchor_mean
1.0,0.0,0.9996826122204463,300,2,0.0,2026092703,-12152.860891927083,1,-10567.009765625,-12152.860891927083,-13546.9658203125,-12152.860891927083,300,0.0,1.0,4,0.017053157646168327,response_anchor_mean
1.0,0.0,0.9997086195151011,300,3,0.0,2026092703,-11981.437057291667,1,-10768.1123046875,-11981.437057291667,-13070.76171875,-11981.437057291667,300,0.0,1.0,4,0.027114433481947642,response_anchor_mean
0.9566666666666667,0.0,0.8342477931827307,300,1,0.0,2026092703,-10820.90757446289,3,606852.0625,-10820.90757446289,-553874.5625,-10820.90757446289,300,0.0,1.0,4,0.37488654420305856,response_anchor_mean
0.95,0.0,0.8177648937702179,300,2,0.0,2026092703,-13117.563010101318,3,543099.8125,-13117.563010101318,-582237.25,-13117.563010101318,300,0.0,1.0,4,0.3509422251422285,response_anchor_mean
0.9366666666666666,0.0,0.7870791389172276,300,3,0.0,2026092703,-7291.635153617859,3,622686.0,-7291.635153617859,-616600.1875,-7291.635153617859,300,0.0,1.0,4,0.38154504054536476,response_anchor_mean
1.0,0.0,0.9983373133341471,300,1,0.0,2026092703,-12843.360208333334,4,-10647.2158203125,-12843.360208333334,-15868.83984375,-12843.360208333334,300,0.0,1.0,4,0.025537149744145116,response_anchor_mean
1.0,0.0,0.9971807022889455,300,2,0.0,2026092703,-12609.797067057292,4,-9167.263671875,-12609.797067057292,-15754.1220703125,-12609.797067057292,300,0.0,1.0,4,0.03250371382394346,response_anchor_mean
0.9966666666666667,0.0,0.994736109127601,300,3,0.0,2026092703,-14361.629742838542,4,-10348.0478515625,-14361.629742838542,-509598.1875,-14361.629742838542,300,0.0,1.0,4,0.030932047736168533,response_anchor_mean
0.9933333333333333,0.0,0.9805895109474659,300,1,0.0,2026092703,-13043.826184895834,6,163459.546875,-13043.826184895834,-579876.8125,-13043.826184895834,300,0.0,1.0,4,0.12237621976567392,response_anchor_mean
0.9966666666666667,0.0,0.9744761701424917,300,2,0.0,2026092703,-11046.928647155763,6,16647.359375,-11046.928647155763,-22569.498046875,-11046.928647155763,300,0.0,1.0,4,0.1451405014446756,response_anchor_mean
0.9966666666666667,0.0,0.9873833298186461,300,3,0.0,2026092703,-10715.544656575521,6,220832.859375,-10715.544656575521,-18375.380859375,-10715.544656575521,300,0.0,1.0,4,0.10695883374980353,response_anchor_mean
1.0,0.0,0.8916868689407905,300,1,0.0,2026092703,-8880.49575302124,8,330305.1875,-8880.49575302124,-36389.27734375,-8880.49575302124,300,0.0,1.0,4,0.15276846025732227,response_anchor_mean
0.9966666666666667,0.0,0.8893355586131414,300,2,0.0,2026092703,-11499.081474787394,8,42320.04296875,-11499.081474787394,-106413.0390625,-11499.081474787394,300,0.0,1.0,4,0.15636279485158644,response_anchor_mean
0.99,0.0,0.8946144796411196,300,3,0.0,2026092703,-12472.267841288249,8,23379.1796875,-12472.267841288249,-472079.09375,-12472.267841288249,300,0.0,1.0,4,0.19387563688182152,response_anchor_mean
1.0,0.0,0.9985529824097952,300,1,0.0,2026092703,-20179.50728515625,1,-17820.69140625,-20179.50728515625,-22284.58984375,-20179.50728515625,300,0.0,1.0,5,0.03732628183299147,response_anchor_mean
0.9933333333333333,0.0,0.998565810918808,300,2,0.0,2026092703,-20282.956861979168,1,-16371.84765625,-20282.956861979168,-22749.0546875,-20282.956861979168,300,0.0,1.0,5,0.03501523591025146,response_anchor_mean
0.99,0.0,0.997731768488884,300,3,0.0,2026092703,-20415.447024739584,1,-18463.630859375,-20415.447024739584,-22537.9375,-20415.447024739584,300,0.0,1.0,5,0.06026735793295168,response_anchor_mean
0.9833333333333333,0.0,0.8766845100124677,300,1,0.0,2026092703,-19625.03742960612,3,16550.4140625,-19625.03742960612,-124709.3515625,-19625.03742960612,300,0.0,1.0,5,0.09830933893870863,response_anchor_mean
0.98,0.0,0.8878560337424278,300,2,0.0,2026092703,-19126.945930887858,3,262821.46875,-19126.945930887858,-76552.3125,-19126.945930887858,300,0.0,1.0,5,0.09013593717750334,response_anchor_mean
0.9833333333333333,0.0,0.8658727371195952,300,3,0.0,2026092703,-17358.69468465169,3,496442.8125,-17358.69468465169,-270683.96875,-17358.69468465169,300,0.0,1.0,5,0.08571083552069081,response_anchor_mean
0.9966666666666667,0.0,0.9919818715751171,300,1,0.0,2026092703,-19742.31517578125,4,144524.046875,-19742.31517578125,-153345.0,-19742.31517578125,300,0.0,1.0,5,0.10660811078033072,response_anchor_mean
0.99,0.0,0.9833062568306923,300,2,0.0,2026092703,-21667.58068359375,4,-10637.8173828125,-21667.58068359375,-217863.453125,-21667.58068359375,300,0.0,1.0,5,0.14458960904374063,response_anchor_mean
0.99,0.0,0.982509353607893,300,3,0.0,2026092703,-21725.051258951822,4,-2253.889404296875,-21725.051258951822,-239948.171875,-21725.051258951822,300,0.0,1.0,5,0.16068808882278074,response_anchor_mean
1.0,0.0,0.9970015901327133,300,1,0.0,2026092703,-18900.94838541667,6,-16564.119140625,-18900.94838541667,-21957.5,-18900.94838541667,300,0.0,1.0,5,0.125349512212224,response_anchor_mean
1.0,0.0,0.9979795678456624,300,2,0.0,2026092703,-18715.40726236979,6,-15966.869140625,-18715.40726236979,-22037.232421875,-18715.40726236979,300,0.0,1.0,5,0.14492723552375086,response_anchor_mean
0.9966666666666667,0.0,0.9951539301872253,300,3,0.0,2026092703,-18021.071728515624,6,-6698.458984375,-18021.071728515624,-22221.98046875,-18021.071728515624,300,0.0,1.0,5,0.1106701633440379,response_anchor_mean
0.9866666666666667,0.0,0.9236229381958644,300,1,0.0,2026092703,-20494.906968536376,8,19617.720703125,-20494.906968536376,-282722.0,-20494.906968536376,300,0.0,1.0,5,0.050220944184145244,response_anchor_mean
0.9833333333333333,0.0,0.9255151661237081,300,2,0.0,2026092703,-20989.74442586263,8,876.0730590820312,-20989.74442586263,-48763.5859375,-20989.74442586263,300,0.0,1.0,5,0.059415313976691086,response_anchor_mean
0.99,0.0,0.9128801691532135,300,3,0.0,2026092703,-19253.109247233075,8,6383.14892578125,-19253.109247233075,-86005.375,-19253.109247233075,300,0.0,1.0,5,0.06123212582270332,response_anchor_mean
0.9933333333333333,0.0,0.9921577136218548,300,1,0.0,2026092704,-26914.05865234375,1,-23710.791015625,-26914.05865234375,-34867.8046875,-26914.05865234375,300,0.0,1.0,0,0.1500858116445235,response_anchor_mean
1.0,0.0,0.9969143839677175,300,2,0.0,2026092704,-26997.29896484375,1,-24915.0703125,-26997.29896484375,-29281.009765625,-26997.29896484375,300,0.0,1.0,0,0.13261922464521236,response_anchor_mean
0.9933333333333333,0.0,0.9959728302558263,300,3,0.0,2026092704,-27036.744583333333,1,-17193.962890625,-27036.744583333333,-29216.671875,-27036.744583333333,300,0.0,1.0,0,0.11349759819280658,response_anchor_mean
0.9033333333333333,0.0,0.8407306848093867,300,1,0.0,2026092704,-32599.654809977215,3,599168.375,-32599.654809977215,-621967.875,-32599.654809977215,300,0.0,1.0,0,0.2800589687655005,response_anchor_mean
0.96,0.0,0.8427451226736108,300,2,0.0,2026092704,-19893.017174886067,3,578542.5625,-19893.017174886067,-610105.75,-19893.017174886067,300,0.0,1.0,0,0.2489815306063925,response_anchor_mean
0.9433333333333334,0.0,0.8296312564238906,300,3,0.0,2026092704,-16558.236828918456,3,572646.875,-16558.236828918456,-557283.0625,-16558.236828918456,300,0.0,1.0,0,0.309590231685856,response_anchor_mean
1.0,0.0,0.996070388952891,300,1,0.0,2026092704,-28011.63046875,4,-24516.6171875,-28011.63046875,-32686.943359375,-28011.63046875,300,0.0,1.0,0,0.04173504077206025,response_anchor_mean
1.0,0.0,0.9986021320025126,300,2,0.0,2026092704,-27672.128684895833,4,-25615.763671875,-27672.128684895833,-29823.333984375,-27672.128684895833,300,0.0,1.0,0,0.04386175169813489,response_anchor_mean
1.0,0.0,0.998875458240509,300,3,0.0,2026092704,-27824.992005208333,4,-25399.595703125,-27824.992005208333,-29762.24609375,-27824.992005208333,300,0.0,1.0,0,0.043094735014109986,response_anchor_mean
0.99,0.0,0.990090055714051,300,1,0.0,2026092704,-26924.773723958333,6,-22339.32421875,-26924.773723958333,-128068.515625,-26924.773723958333,300,0.0,1.0,0,0.07151404060659017,response_anchor_mean
1.0,0.0,0.9876185045639674,300,2,0.0,2026092704,-27468.35755859375,6,-20680.72265625,-27468.35755859375,-38947.83984375,-27468.35755859375,300,0.0,1.0,0,0.07728636779395348,response_anchor_mean
0.9966666666666667,0.0,0.9805694196621577,300,3,0.0,2026092704,-26280.906529947915,6,-20889.609375,-26280.906529947915,-32613.501953125,-26280.906529947915,300,0.0,1.0,0,0.07163266445265637,response_anchor_mean
0.9733333333333334,0.0,0.8392215252419313,300,1,0.0,2026092704,-19500.58509174347,8,597359.9375,-19500.58509174347,-202708.546875,-19500.58509174347,300,0.0,1.0,0,0.20509001439807184,response_anchor_mean
0.9733333333333334,0.0,0.860476649403572,300,2,0.0,2026092704,-27325.18803914388,8,23424.271484375,-27325.18803914388,-609270.1875,-27325.18803914388,300,0.0,1.0,0,0.2201062310515024,response_anchor_mean
0.98,0.0,0.8545868360002835,300,3,0.0,2026092704,-23919.98753751119,8,580221.0,-23919.98753751119,-559319.3125,-23919.98753751119,300,0.0,1.0,0,0.2246245617123318,response_anchor_mean
0.9966666666666667,0.0,0.9927015282710393,300,1,0.0,2026092704,-21306.525276285807,1,-1809.8533935546875,-21306.525276285807,-25667.486328125,-21306.525276285807,300,0.0,1.0,1,0.09091048348265685,response_anchor_mean
0.9933333333333333,0.0,0.9973381127913793,300,2,0.0,2026092704,-22190.22104817708,1,-17622.93359375,-22190.22104817708,-24787.240234375,-22190.22104817708,300,0.0,1.0,1,0.05808562932204664,response_anchor_mean
0.99,0.0,0.9990472426017125,300,3,0.0,2026092704,-22559.388478190103,1,-4857.29345703125,-22559.388478190103,-25170.203125,-22559.388478190103,300,0.0,1.0,1,0.07392944426373482,response_anchor_mean
0.98,0.0,0.8815935239195823,300,1,0.0,2026092704,-21378.820799560548,3,446114.0,-21378.820799560548,-108983.53125,-21378.820799560548,300,0.0,1.0,1,0.24368784845022406,response_anchor_mean
0.9633333333333334,0.0,0.8745111145886282,300,2,0.0,2026092704,-22024.885188395183,3,335975.90625,-22024.885188395183,-556382.25,-22024.885188395183,300,0.0,1.0,1,0.24192616673074308,response_anchor_mean
0.87,0.0,0.8518686656405529,300,3,0.0,2026092704,-24257.959638773602,3,611520.1875,-24257.959638773602,-610973.1875,-24257.959638773602,300,0.0,1.0,1,0.3418807805518612,response_anchor_mean
0.9966666666666667,0.0,0.9991894960403442,300,1,0.0,2026092704,-23169.138821614582,4,-20509.126953125,-23169.138821614582,-25406.765625,-23169.138821614582,300,0.0,1.0,1,0.09695219197457638,response_anchor_mean
1.0,0.0,0.9986263140042623,300,2,0.0,2026092704,-22632.316471354166,4,-14038.548828125,-22632.316471354166,-24574.96875,-22632.316471354166,300,0.0,1.0,1,0.12304706883380678,response_anchor_mean
0.9866666666666667,0.0,0.9981225313742955,300,3,0.0,2026092704,-23001.16021077474,4,1132.475341796875,-23001.16021077474,-24915.26171875,-23001.16021077474,300,0.0,1.0,1,0.1465165654844771,response_anchor_mean
0.99,0.0,0.9948582658171654,300,1,0.0,2026092704,-23038.641243489583,6,-15437.158203125,-23038.641243489583,-270619.1875,-23038.641243489583,300,0.0,1.0,1,0.09949591386876322,response_anchor_mean
0.9766666666666667,0.0,0.9939415416121483,300,2,0.0,2026092704,-22659.027272135416,6,-13901.150390625,-22659.027272135416,-237097.1875,-22659.027272135416,300,0.0,1.0,1,0.09716465532802365,response_anchor_mean
0.9833333333333333,0.0,0.9923021006087462,300,3,0.0,2026092704,-22575.722891438803,6,-3095.299072265625,-22575.722891438803,-172514.359375,-22575.722891438803,300,0.0,1.0,1,0.16338267096787196,response_anchor_mean
0.9433333333333334,0.0,0.8593488229314487,300,1,0.0,2026092704,-20772.708798828124,8,450508.75,-20772.708798828124,-226374.15625,-20772.708798828124,300,0.0,1.0,1,0.2968592369527083,response_anchor_mean
0.9466666666666667,0.0,0.8749892761806647,300,2,0.0,2026092704,-21225.562836812336,8,4392.654296875,-21225.562836812336,-204099.90625,-21225.562836812336,300,0.0,1.0,1,0.2739659874943696,response_anchor_mean
0.93,0.0,0.8787944091359774,300,3,0.0,2026092704,-19687.938111012776,8,541056.9375,-19687.938111012776,-396135.09375,-19687.938111012776,300,0.0,1.0,1,0.30706512792586604,response_anchor_mean
1.0,0.0,0.9987207810084026,300,1,0.0,2026092704,-22064.192858072918,1,-19434.201171875,-22064.192858072918,-24899.802734375,-22064.192858072918,300,0.0,1.0,2,0.06698993712256229,response_anchor_mean
1.0,0.0,0.9987414896488189,300,2,0.0,2026092704,-21583.2346875,1,-18921.12890625,-21583.2346875,-23712.373046875,-21583.2346875,300,0.0,1.0,2,0.07729920368488041,response_anchor_mean
1.0,0.0,0.9984172634283701,300,3,0.0,2026092704,-22135.415572916667,1,-19751.6796875,-22135.415572916667,-24196.537109375,-22135.415572916667,300,0.0,1.0,2,0.11019259552910432,response_anchor_mean
0.9766666666666667,0.0,0.8800891214609146,300,1,0.0,2026092704,-22153.40174621582,3,80448.65625,-22153.40174621582,-95076.3046875,-22153.40174621582,300,0.0,1.0,2,0.16205070758202045,response_anchor_mean
0.9966666666666667,0.0,0.877268965219458,300,2,0.0,2026092704,-21170.907107289633,3,12866.681640625,-21170.907107289633,-106148.5234375,-21170.907107289633,300,0.0,1.0,2,0.15134901982876225,response_anchor_mean
0.99,0.0,0.8882330258687338,300,3,0.0,2026092704,-19384.25474866231,3,489075.03125,-19384.25474866231,-99052.359375,-19384.25474866231,300,0.0,1.0,2,0.20462386605984317,response_anchor_mean
0.99,0.0,0.9545144002139568,300,1,0.0,2026092704,-15601.102389322916,4,488752.28125,-15601.102389322916,-503510.03125,-15601.102389322916,300,0.0,1.0,2,0.14168459834186975,response_anchor_mean
0.9866666666666667,0.0,0.9807366546740135,300,2,0.0,2026092704,-20197.78306681315,4,508878.125,-20197.78306681315,-562488.375,-20197.78306681315,300,0.0,1.0,2,0.1991836882518594,response_anchor_mean
0.9766666666666667,0.0,0.9833251300702492,300,3,0.0,2026092704,-24374.858152669272,4,52141.28515625,-24374.858152669272,-533169.375,-24374.858152669272,300,0.0,1.0,2,0.05630723003081073,response_anchor_mean
1.0,0.0,0.9954308191935222,300,1,0.0,2026092704,-22650.558255208332,6,-19642.076171875,-22650.558255208332,-31095.6796875,-22650.558255208332,300,0.0,1.0,2,0.05083499985652007,response_anchor_mean
1.0,0.0,0.9979568711916605,300,2,0.0,2026092704,-22341.060983072915,6,-20186.369140625,-22341.060983072915,-25786.19140625,-22341.060983072915,300,0.0,1.0,2,0.04077605070482493,response_anchor_mean
1.0,0.0,0.9987439831097921,300,3,0.0,2026092704,-22441.754010416666,6,-19984.583984375,-22441.754010416666,-24038.400390625,-22441.754010416666,300,0.0,1.0,2,0.019269532626167596,response_anchor_mean
1.0,0.0,0.9081011878947417,300,1,0.0,2026092704,-21003.09012682597,8,28203.36328125,-21003.09012682597,-98927.9453125,-21003.09012682597,300,0.0,1.0,2,0.06537465799337816,response_anchor_mean
1.0,0.0,0.9055181274811427,300,2,0.0,2026092704,-20531.140282058717,8,47107.25,-20531.140282058717,-76422.125,-20531.140282058717,300,0.0,1.0,2,0.07028959995330553,response_anchor_mean
1.0,0.0,0.9105378817518552,300,3,0.0,2026092704,-22384.335665690105,8,14195.4716796875,-22384.335665690105,-496795.40625,-22384.335665690105,300,0.0,1.0,2,0.07893995353897298,response_anchor_mean
1.0,0.0,0.9987421586116155,300,1,0.0,2026092704,-22931.140227864584,1,-19074.873046875,-22931.140227864584,-25098.576171875,-22931.140227864584,300,0.0,1.0,3,0.17527197555996654,response_anchor_mean
0.9966666666666667,0.0,0.9988671799500783,300,2,0.0,2026092704,-22377.433307291667,1,-16658.80859375,-22377.433307291667,-29830.681640625,-22377.433307291667,300,0.0,1.0,3,0.15431439422853532,response_anchor_mean
0.9966666666666667,0.0,0.9978403655687967,300,3,0.0,2026092704,-22819.563631388348,1,-440.51129150390625,-22819.563631388348,-28203.619140625,-22819.563631388348,300,0.0,1.0,3,0.13754926029550996,response_anchor_mean
0.95,0.0,0.865618384530147,300,1,0.0,2026092704,-21195.431389770507,3,612900.1875,-21195.431389770507,-441303.46875,-21195.431389770507,300,0.0,1.0,3,0.2585307361144845,response_anchor_mean
0.9266666666666666,0.0,0.8713305069506169,300,2,0.0,2026092704,-21528.43489250183,3,265072.9375,-21528.43489250183,-97111.40625,-21528.43489250183,300,0.0,1.0,3,0.2666689785065848,response_anchor_mean
0.9233333333333333,0.0,0.8631079876050353,300,3,0.0,2026092704,-18159.263392944336,3,492900.09375,-18159.263392944336,-99733.5859375,-18159.263392944336,300,0.0,1.0,3,0.2988865380204573,response_anchor_mean
0.9866666666666667,0.0,0.9924259837468465,300,1,0.0,2026092704,-23087.82831258138,4,-2014.2171630859375,-23087.82831258138,-63384.9765625,-23087.82831258138,300,0.0,1.0,3,0.10355031016913063,response_anchor_mean
0.96,0.0,0.9915273221333821,300,2,0.0,2026092704,-22005.049450683593,4,163272.875,-22005.049450683593,-29471.982421875,-22005.049450683593,300,0.0,1.0,3,0.14204067851409163,response_anchor_mean
0.9866666666666667,0.0,0.9860645049065352,300,3,0.0,2026092704,-23351.807674967447,4,33403.87109375,-23351.807674967447,-303930.8125,-23351.807674967447,300,0.0,1.0,3,0.1043613693073624,response_anchor_mean
0.99,0.0,0.9995619833469391,300,1,0.0,2026092704,-22036.864798177085,6,-18655.6875,-22036.864798177085,-23398.740234375,-22036.864798177085,300,0.0,1.0,3,0.03594691269982475,response_anchor_mean
1.0,0.0,0.9995536784331004,300,2,0.0,2026092704,-22094.688385416666,6,-20940.001953125,-22094.688385416666,-23784.7734375,-22094.688385416666,300,0.0,1.0,3,0.026489935868278414,response_anchor_mean
1.0,0.0,0.9996031298240026,300,3,0.0,2026092704,-22472.7951171875,6,-20929.408203125,-22472.7951171875,-24151.763671875,-22472.7951171875,300,0.0,1.0,3,0.026749019930352724,response_anchor_mean
0.9466666666666667,0.0,0.8408772169239819,300,1,0.0,2026092704,-17307.98534301758,8,560956.25,-17307.98534301758,-262169.78125,-17307.98534301758,300,0.0,1.0,3,0.3387813702716347,response_anchor_mean
0.9733333333333334,0.0,0.8444221367438635,300,2,0.0,2026092704,-19846.144803466796,8,541814.9375,-19846.144803466796,-238445.421875,-19846.144803466796,300,0.0,1.0,3,0.32037551457628033,response_anchor_mean
0.9766666666666667,0.0,0.8163974509636561,300,3,0.0,2026092704,-12324.808023910522,8,617916.3125,-12324.808023910522,-577506.5625,-12324.808023910522,300,0.0,1.0,3,0.35441126130079414,response_anchor_mean
1.0,0.0,0.9997017898162206,300,1,0.0,2026092704,-12186.958955078126,1,-10876.2939453125,-12186.958955078126,-13452.248046875,-12186.958955078126,300,0.0,1.0,4,0.013111904752394321,response_anchor_mean
1.0,0.0,0.9996826122204463,300,2,0.0,2026092704,-12152.860891927083,1,-10567.009765625,-12152.860891927083,-13546.9658203125,-12152.860891927083,300,0.0,1.0,4,0.019120052423456824,response_anchor_mean
1.0,0.0,0.9997086195151011,300,3,0.0,2026092704,-11981.437057291667,1,-10768.1123046875,-11981.437057291667,-13070.76171875,-11981.437057291667,300,0.0,1.0,4,0.02698109340146837,response_anchor_mean
0.9633333333333334,0.0,0.8342477931827307,300,1,0.0,2026092704,-10820.90757446289,3,606852.0625,-10820.90757446289,-553874.5625,-10820.90757446289,300,0.0,1.0,4,0.3476470437967968,response_anchor_mean
0.95,0.0,0.8177648937702179,300,2,0.0,2026092704,-13117.563010101318,3,543099.8125,-13117.563010101318,-582237.25,-13117.563010101318,300,0.0,1.0,4,0.30605439242771904,response_anchor_mean
0.9366666666666666,0.0,0.7870791389172276,300,3,0.0,2026092704,-7291.635153617859,3,622686.0,-7291.635153617859,-616600.1875,-7291.635153617859,300,0.0,1.0,4,0.4274569246731341,response_anchor_mean
1.0,0.0,0.9983373133341471,300,1,0.0,2026092704,-12843.360208333334,4,-10647.2158203125,-12843.360208333334,-15868.83984375,-12843.360208333334,300,0.0,1.0,4,0.024882415385724554,response_anchor_mean
1.0,0.0,0.9971807022889455,300,2,0.0,2026092704,-12609.797067057292,4,-9167.263671875,-12609.797067057292,-15754.1220703125,-12609.797067057292,300,0.0,1.0,4,0.02949370364664783,response_anchor_mean
1.0,0.0,0.994736109127601,300,3,0.0,2026092704,-14361.629742838542,4,-10348.0478515625,-14361.629742838542,-509598.1875,-14361.629742838542,300,0.0,1.0,4,0.029285176609550434,response_anchor_mean
0.99,0.0,0.9805895109474659,300,1,0.0,2026092704,-13043.826184895834,6,163459.546875,-13043.826184895834,-579876.8125,-13043.826184895834,300,0.0,1.0,4,0.10196338929396287,response_anchor_mean
0.9933333333333333,0.0,0.9744761701424917,300,2,0.0,2026092704,-11046.928647155763,6,16647.359375,-11046.928647155763,-22569.498046875,-11046.928647155763,300,0.0,1.0,4,0.12928844746772605,response_anchor_mean
0.9966666666666667,0.0,0.9873833298186461,300,3,0.0,2026092704,-10715.544656575521,6,220832.859375,-10715.544656575521,-18375.380859375,-10715.544656575521,300,0.0,1.0,4,0.09332353001956317,response_anchor_mean
0.9966666666666667,0.0,0.8916868689407905,300,1,0.0,2026092704,-8880.49575302124,8,330305.1875,-8880.49575302124,-36389.27734375,-8880.49575302124,300,0.0,1.0,4,0.15612437134487678,response_anchor_mean
0.9966666666666667,0.0,0.8893355586131414,300,2,0.0,2026092704,-11499.081474787394,8,42320.04296875,-11499.081474787394,-106413.0390625,-11499.081474787394,300,0.0,1.0,4,0.15227263041047956,response_anchor_mean
0.99,0.0,0.8946144796411196,300,3,0.0,2026092704,-12472.267841288249,8,23379.1796875,-12472.267841288249,-472079.09375,-12472.267841288249,300,0.0,1.0,4,0.20636571939986437,response_anchor_mean
1.0,0.0,0.9985529824097952,300,1,0.0,2026092704,-20179.50728515625,1,-17820.69140625,-20179.50728515625,-22284.58984375,-20179.50728515625,300,0.0,1.0,5,0.04462398209523155,response_anchor_mean
0.9933333333333333,0.0,0.998565810918808,300,2,0.0,2026092704,-20282.956861979168,1,-16371.84765625,-20282.956861979168,-22749.0546875,-20282.956861979168,300,0.0,1.0,5,0.044125151100648186,response_anchor_mean
0.99,0.0,0.997731768488884,300,3,0.0,2026092704,-20415.447024739584,1,-18463.630859375,-20415.447024739584,-22537.9375,-20415.447024739584,300,0.0,1.0,5,0.04875191346700536,response_anchor_mean
0.9833333333333333,0.0,0.8766845100124677,300,1,0.0,2026092704,-19625.03742960612,3,16550.4140625,-19625.03742960612,-124709.3515625,-19625.03742960612,300,0.0,1.0,5,0.09447536227809894,response_anchor_mean
0.9833333333333333,0.0,0.8878560337424278,300,2,0.0,2026092704,-19126.945930887858,3,262821.46875,-19126.945930887858,-76552.3125,-19126.945930887858,300,0.0,1.0,5,0.08188153285112842,response_anchor_mean
0.9866666666666667,0.0,0.8658727371195952,300,3,0.0,2026092704,-17358.69468465169,3,496442.8125,-17358.69468465169,-270683.96875,-17358.69468465169,300,0.0,1.0,5,0.07242160245592344,response_anchor_mean
0.9966666666666667,0.0,0.9919818715751171,300,1,0.0,2026092704,-19742.31517578125,4,144524.046875,-19742.31517578125,-153345.0,-19742.31517578125,300,0.0,1.0,5,0.112891550373863,response_anchor_mean
0.9933333333333333,0.0,0.9833062568306923,300,2,0.0,2026092704,-21667.58068359375,4,-10637.8173828125,-21667.58068359375,-217863.453125,-21667.58068359375,300,0.0,1.0,5,0.16588554595462845,response_anchor_mean
0.9933333333333333,0.0,0.982509353607893,300,3,0.0,2026092704,-21725.051258951822,4,-2253.889404296875,-21725.051258951822,-239948.171875,-21725.051258951822,300,0.0,1.0,5,0.16084750045437823,response_anchor_mean
1.0,0.0,0.9970015901327133,300,1,0.0,2026092704,-18900.94838541667,6,-16564.119140625,-18900.94838541667,-21957.5,-18900.94838541667,300,0.0,1.0,5,0.1621205160622653,response_anchor_mean
1.0,0.0,0.9979795678456624,300,2,0.0,2026092704,-18715.40726236979,6,-15966.869140625,-18715.40726236979,-22037.232421875,-18715.40726236979,300,0.0,1.0,5,0.16271345818863858,response_anchor_mean
0.9966666666666667,0.0,0.9951539301872253,300,3,0.0,2026092704,-18021.071728515624,6,-6698.458984375,-18021.071728515624,-22221.98046875,-18021.071728515624,300,0.0,1.0,5,0.13246228496785128,response_anchor_mean
0.9866666666666667,0.0,0.9236229381958644,300,1,0.0,2026092704,-20494.906968536376,8,19617.720703125,-20494.906968536376,-282722.0,-20494.906968536376,300,0.0,1.0,5,0.0676221307356426,response_anchor_mean
0.9833333333333333,0.0,0.9255151661237081,300,2,0.0,2026092704,-20989.74442586263,8,876.0730590820312,-20989.74442586263,-48763.5859375,-20989.74442586263,300,0.0,1.0,5,0.07989581867139017,response_anchor_mean
0.99,0.0,0.9128801691532135,300,3,0.0,2026092704,-19253.109247233075,8,6383.14892578125,-19253.109247233075,-86005.375,-19253.109247233075,300,0.0,1.0,5,0.07334489062798966,response_anchor_mean
0.9933333333333333,0.0,0.9921577136218548,300,1,0.0,2026092701,-26914.05865234375,1,-23710.791015625,-26914.05865234375,-34867.8046875,-26914.05865234375,300,0.0,1.0,0,0.10989382900418598,readout_attention
1.0,0.0,0.9969143839677175,300,2,0.0,2026092701,-26997.29896484375,1,-24915.0703125,-26997.29896484375,-29281.009765625,-26997.29896484375,300,0.0,1.0,0,0.1016177320670113,readout_attention
0.9933333333333333,0.0,0.9959728302558263,300,3,0.0,2026092701,-27036.744583333333,1,-17193.962890625,-27036.744583333333,-29216.671875,-27036.744583333333,300,0.0,1.0,0,0.0732398444919029,readout_attention
0.8866666666666667,0.0,0.8407306848093867,300,1,0.0,2026092701,-32599.654809977215,3,599168.375,-32599.654809977215,-621967.875,-32599.654809977215,300,0.0,1.0,0,0.24540457107697577,readout_attention
0.9333333333333333,0.0,0.8427451226736108,300,2,0.0,2026092701,-19893.017174886067,3,578542.5625,-19893.017174886067,-610105.75,-19893.017174886067,300,0.0,1.0,0,0.22256292258683696,readout_attention
0.92,0.0,0.8296312564238906,300,3,0.0,2026092701,-16558.236828918456,3,572646.875,-16558.236828918456,-557283.0625,-16558.236828918456,300,0.0,1.0,0,0.2905771930173354,readout_attention
1.0,0.0,0.996070388952891,300,1,0.0,2026092701,-28011.63046875,4,-24516.6171875,-28011.63046875,-32686.943359375,-28011.63046875,300,0.0,1.0,0,0.06457686373886251,readout_attention
1.0,0.0,0.9986021320025126,300,2,0.0,2026092701,-27672.128684895833,4,-25615.763671875,-27672.128684895833,-29823.333984375,-27672.128684895833,300,0.0,1.0,0,0.04877718073030324,readout_attention
1.0,0.0,0.998875458240509,300,3,0.0,2026092701,-27824.992005208333,4,-25399.595703125,-27824.992005208333,-29762.24609375,-27824.992005208333,300,0.0,1.0,0,0.050886916991275455,readout_attention
0.9933333333333333,0.0,0.990090055714051,300,1,0.0,2026092701,-26924.773723958333,6,-22339.32421875,-26924.773723958333,-128068.515625,-26924.773723958333,300,0.0,1.0,0,0.05970721331171536,readout_attention
1.0,0.0,0.9876185045639674,300,2,0.0,2026092701,-27468.35755859375,6,-20680.72265625,-27468.35755859375,-38947.83984375,-27468.35755859375,300,0.0,1.0,0,0.06915711675373049,readout_attention
0.9966666666666667,0.0,0.9805694196621577,300,3,0.0,2026092701,-26280.906529947915,6,-20889.609375,-26280.906529947915,-32613.501953125,-26280.906529947915,300,0.0,1.0,0,0.07423349217727404,readout_attention
0.9666666666666667,0.0,0.8392215252419313,300,1,0.0,2026092701,-19500.58509174347,8,597359.9375,-19500.58509174347,-202708.546875,-19500.58509174347,300,0.0,1.0,0,0.1951794614404574,readout_attention
0.93,0.0,0.860476649403572,300,2,0.0,2026092701,-27325.18803914388,8,23424.271484375,-27325.18803914388,-609270.1875,-27325.18803914388,300,0.0,1.0,0,0.23017352643933953,readout_attention
0.9666666666666667,0.0,0.8545868360002835,300,3,0.0,2026092701,-23919.98753751119,8,580221.0,-23919.98753751119,-559319.3125,-23919.98753751119,300,0.0,1.0,0,0.24234006882699743,readout_attention
0.9833333333333333,0.0,0.9927015282710393,300,1,0.0,2026092701,-21306.525276285807,1,-1809.8533935546875,-21306.525276285807,-25667.486328125,-21306.525276285807,300,0.0,1.0,1,0.08743330659331727,readout_attention
0.9933333333333333,0.0,0.9973381127913793,300,2,0.0,2026092701,-22190.22104817708,1,-17622.93359375,-22190.22104817708,-24787.240234375,-22190.22104817708,300,0.0,1.0,1,0.06076957391565263,readout_attention
0.9866666666666667,0.0,0.9990472426017125,300,3,0.0,2026092701,-22559.388478190103,1,-4857.29345703125,-22559.388478190103,-25170.203125,-22559.388478190103,300,0.0,1.0,1,0.0834380170076362,readout_attention
0.9766666666666667,0.0,0.8815935239195823,300,1,0.0,2026092701,-21378.820799560548,3,446114.0,-21378.820799560548,-108983.53125,-21378.820799560548,300,0.0,1.0,1,0.2501477566448149,readout_attention
0.9533333333333334,0.0,0.8745111145886282,300,2,0.0,2026092701,-22024.885188395183,3,335975.90625,-22024.885188395183,-556382.25,-22024.885188395183,300,0.0,1.0,1,0.2385333114274758,readout_attention
0.8633333333333333,0.0,0.8518686656405529,300,3,0.0,2026092701,-24257.959638773602,3,611520.1875,-24257.959638773602,-610973.1875,-24257.959638773602,300,0.0,1.0,1,0.32519721074467234,readout_attention
0.9966666666666667,0.0,0.9991894960403442,300,1,0.0,2026092701,-23169.138821614582,4,-20509.126953125,-23169.138821614582,-25406.765625,-23169.138821614582,300,0.0,1.0,1,0.08091927715509839,readout_attention
0.99,0.0,0.9986263140042623,300,2,0.0,2026092701,-22632.316471354166,4,-14038.548828125,-22632.316471354166,-24574.96875,-22632.316471354166,300,0.0,1.0,1,0.11219527945899599,readout_attention
0.9933333333333333,0.0,0.9981225313742955,300,3,0.0,2026092701,-23001.16021077474,4,1132.475341796875,-23001.16021077474,-24915.26171875,-23001.16021077474,300,0.0,1.0,1,0.11053116058328116,readout_attention
0.9866666666666667,0.0,0.9948582658171654,300,1,0.0,2026092701,-23038.641243489583,6,-15437.158203125,-23038.641243489583,-270619.1875,-23038.641243489583,300,0.0,1.0,1,0.07272313394873475,readout_attention
0.9933333333333333,0.0,0.9939415416121483,300,2,0.0,2026092701,-22659.027272135416,6,-13901.150390625,-22659.027272135416,-237097.1875,-22659.027272135416,300,0.0,1.0,1,0.0803021820012787,readout_attention
0.97,0.0,0.9923021006087462,300,3,0.0,2026092701,-22575.722891438803,6,-3095.299072265625,-22575.722891438803,-172514.359375,-22575.722891438803,300,0.0,1.0,1,0.13143336411031425,readout_attention
0.95,0.0,0.8593488229314487,300,1,0.0,2026092701,-20772.708798828124,8,450508.75,-20772.708798828124,-226374.15625,-20772.708798828124,300,0.0,1.0,1,0.24422681697738224,readout_attention
0.9133333333333333,0.0,0.8749892761806647,300,2,0.0,2026092701,-21225.562836812336,8,4392.654296875,-21225.562836812336,-204099.90625,-21225.562836812336,300,0.0,1.0,1,0.26269316131124254,readout_attention
0.9366666666666666,0.0,0.8787944091359774,300,3,0.0,2026092701,-19687.938111012776,8,541056.9375,-19687.938111012776,-396135.09375,-19687.938111012776,300,0.0,1.0,1,0.260706514749796,readout_attention
1.0,0.0,0.9987207810084026,300,1,0.0,2026092701,-22064.192858072918,1,-19434.201171875,-22064.192858072918,-24899.802734375,-22064.192858072918,300,0.0,1.0,2,0.04102398507756411,readout_attention
1.0,0.0,0.9987414896488189,300,2,0.0,2026092701,-21583.2346875,1,-18921.12890625,-21583.2346875,-23712.373046875,-21583.2346875,300,0.0,1.0,2,0.04657678695932854,readout_attention
0.9966666666666667,0.0,0.9984172634283701,300,3,0.0,2026092701,-22135.415572916667,1,-19751.6796875,-22135.415572916667,-24196.537109375,-22135.415572916667,300,0.0,1.0,2,0.0545562131310765,readout_attention
0.9866666666666667,0.0,0.8800891214609146,300,1,0.0,2026092701,-22153.40174621582,3,80448.65625,-22153.40174621582,-95076.3046875,-22153.40174621582,300,0.0,1.0,2,0.12266405420126847,readout_attention
0.9933333333333333,0.0,0.877268965219458,300,2,0.0,2026092701,-21170.907107289633,3,12866.681640625,-21170.907107289633,-106148.5234375,-21170.907107289633,300,0.0,1.0,2,0.14596714999907923,readout_attention
0.9766666666666667,0.0,0.8882330258687338,300,3,0.0,2026092701,-19384.25474866231,3,489075.03125,-19384.25474866231,-99052.359375,-19384.25474866231,300,0.0,1.0,2,0.1638293013765565,readout_attention
0.9766666666666667,0.0,0.9545144002139568,300,1,0.0,2026092701,-15601.102389322916,4,488752.28125,-15601.102389322916,-503510.03125,-15601.102389322916,300,0.0,1.0,2,0.10643028399734,readout_attention
0.9866666666666667,0.0,0.9807366546740135,300,2,0.0,2026092701,-20197.78306681315,4,508878.125,-20197.78306681315,-562488.375,-20197.78306681315,300,0.0,1.0,2,0.14306868765037373,readout_attention
0.9833333333333333,0.0,0.9833251300702492,300,3,0.0,2026092701,-24374.858152669272,4,52141.28515625,-24374.858152669272,-533169.375,-24374.858152669272,300,0.0,1.0,2,0.04547164931718839,readout_attention
1.0,0.0,0.9954308191935222,300,1,0.0,2026092701,-22650.558255208332,6,-19642.076171875,-22650.558255208332,-31095.6796875,-22650.558255208332,300,0.0,1.0,2,0.053292904223878446,readout_attention
1.0,0.0,0.9979568711916605,300,2,0.0,2026092701,-22341.060983072915,6,-20186.369140625,-22341.060983072915,-25786.19140625,-22341.060983072915,300,0.0,1.0,2,0.0389417651283247,readout_attention
1.0,0.0,0.9987439831097921,300,3,0.0,2026092701,-22441.754010416666,6,-19984.583984375,-22441.754010416666,-24038.400390625,-22441.754010416666,300,0.0,1.0,2,0.013393857262436693,readout_attention
1.0,0.0,0.9081011878947417,300,1,0.0,2026092701,-21003.09012682597,8,28203.36328125,-21003.09012682597,-98927.9453125,-21003.09012682597,300,0.0,1.0,2,0.056893591321605985,readout_attention
1.0,0.0,0.9055181274811427,300,2,0.0,2026092701,-20531.140282058717,8,47107.25,-20531.140282058717,-76422.125,-20531.140282058717,300,0.0,1.0,2,0.05916463272927086,readout_attention
0.9966666666666667,0.0,0.9105378817518552,300,3,0.0,2026092701,-22384.335665690105,8,14195.4716796875,-22384.335665690105,-496795.40625,-22384.335665690105,300,0.0,1.0,2,0.07294243504135123,readout_attention
0.9933333333333333,0.0,0.9987421586116155,300,1,0.0,2026092701,-22931.140227864584,1,-19074.873046875,-22931.140227864584,-25098.576171875,-22931.140227864584,300,0.0,1.0,3,0.1580813488223075,readout_attention
1.0,0.0,0.9988671799500783,300,2,0.0,2026092701,-22377.433307291667,1,-16658.80859375,-22377.433307291667,-29830.681640625,-22377.433307291667,300,0.0,1.0,3,0.1229812675075097,readout_attention
0.9933333333333333,0.0,0.9978403655687967,300,3,0.0,2026092701,-22819.563631388348,1,-440.51129150390625,-22819.563631388348,-28203.619140625,-22819.563631388348,300,0.0,1.0,3,0.11708675639351562,readout_attention
0.9366666666666666,0.0,0.865618384530147,300,1,0.0,2026092701,-21195.431389770507,3,612900.1875,-21195.431389770507,-441303.46875,-21195.431389770507,300,0.0,1.0,3,0.2635504835175957,readout_attention
0.91,0.0,0.8713305069506169,300,2,0.0,2026092701,-21528.43489250183,3,265072.9375,-21528.43489250183,-97111.40625,-21528.43489250183,300,0.0,1.0,3,0.27080130560128757,readout_attention
0.9133333333333333,0.0,0.8631079876050353,300,3,0.0,2026092701,-18159.263392944336,3,492900.09375,-18159.263392944336,-99733.5859375,-18159.263392944336,300,0.0,1.0,3,0.2887053088120175,readout_attention
0.9833333333333333,0.0,0.9924259837468465,300,1,0.0,2026092701,-23087.82831258138,4,-2014.2171630859375,-23087.82831258138,-63384.9765625,-23087.82831258138,300,0.0,1.0,3,0.0917794481711608,readout_attention
0.9633333333333334,0.0,0.9915273221333821,300,2,0.0,2026092701,-22005.049450683593,4,163272.875,-22005.049450683593,-29471.982421875,-22005.049450683593,300,0.0,1.0,3,0.10553604767527958,readout_attention
0.9766666666666667,0.0,0.9860645049065352,300,3,0.0,2026092701,-23351.807674967447,4,33403.87109375,-23351.807674967447,-303930.8125,-23351.807674967447,300,0.0,1.0,3,0.09621486806132828,readout_attention
0.99,0.0,0.9995619833469391,300,1,0.0,2026092701,-22036.864798177085,6,-18655.6875,-22036.864798177085,-23398.740234375,-22036.864798177085,300,0.0,1.0,3,0.03557517327184512,readout_attention
1.0,0.0,0.9995536784331004,300,2,0.0,2026092701,-22094.688385416666,6,-20940.001953125,-22094.688385416666,-23784.7734375,-22094.688385416666,300,0.0,1.0,3,0.023574706793422107,readout_attention
1.0,0.0,0.9996031298240026,300,3,0.0,2026092701,-22472.7951171875,6,-20929.408203125,-22472.7951171875,-24151.763671875,-22472.7951171875,300,0.0,1.0,3,0.02568266848301548,readout_attention
0.93,0.0,0.8408772169239819,300,1,0.0,2026092701,-17307.98534301758,8,560956.25,-17307.98534301758,-262169.78125,-17307.98534301758,300,0.0,1.0,3,0.3231749391040929,readout_attention
0.9633333333333334,0.0,0.8444221367438635,300,2,0.0,2026092701,-19846.144803466796,8,541814.9375,-19846.144803466796,-238445.421875,-19846.144803466796,300,0.0,1.0,3,0.31568510760503854,readout_attention
0.96,0.0,0.8163974509636561,300,3,0.0,2026092701,-12324.808023910522,8,617916.3125,-12324.808023910522,-577506.5625,-12324.808023910522,300,0.0,1.0,3,0.33276901718689944,readout_attention
1.0,0.0,0.9997017898162206,300,1,0.0,2026092701,-12186.958955078126,1,-10876.2939453125,-12186.958955078126,-13452.248046875,-12186.958955078126,300,0.0,1.0,4,0.012210029829203939,readout_attention
1.0,0.0,0.9996826122204463,300,2,0.0,2026092701,-12152.860891927083,1,-10567.009765625,-12152.860891927083,-13546.9658203125,-12152.860891927083,300,0.0,1.0,4,0.020513999243657155,readout_attention
1.0,0.0,0.9997086195151011,300,3,0.0,2026092701,-11981.437057291667,1,-10768.1123046875,-11981.437057291667,-13070.76171875,-11981.437057291667,300,0.0,1.0,4,0.03826695786112477,readout_attention
0.95,0.0,0.8342477931827307,300,1,0.0,2026092701,-10820.90757446289,3,606852.0625,-10820.90757446289,-553874.5625,-10820.90757446289,300,0.0,1.0,4,0.25630457007749297,readout_attention
0.95,0.0,0.8177648937702179,300,2,0.0,2026092701,-13117.563010101318,3,543099.8125,-13117.563010101318,-582237.25,-13117.563010101318,300,0.0,1.0,4,0.22612042636767937,readout_attention
0.9233333333333333,0.0,0.7870791389172276,300,3,0.0,2026092701,-7291.635153617859,3,622686.0,-7291.635153617859,-616600.1875,-7291.635153617859,300,0.0,1.0,4,0.2853883542235589,readout_attention
1.0,0.0,0.9983373133341471,300,1,0.0,2026092701,-12843.360208333334,4,-10647.2158203125,-12843.360208333334,-15868.83984375,-12843.360208333334,300,0.0,1.0,4,0.026018956855616282,readout_attention
1.0,0.0,0.9971807022889455,300,2,0.0,2026092701,-12609.797067057292,4,-9167.263671875,-12609.797067057292,-15754.1220703125,-12609.797067057292,300,0.0,1.0,4,0.030435603612109285,readout_attention
0.9966666666666667,0.0,0.994736109127601,300,3,0.0,2026092701,-14361.629742838542,4,-10348.0478515625,-14361.629742838542,-509598.1875,-14361.629742838542,300,0.0,1.0,4,0.029473218610760465,readout_attention
0.9933333333333333,0.0,0.9805895109474659,300,1,0.0,2026092701,-13043.826184895834,6,163459.546875,-13043.826184895834,-579876.8125,-13043.826184895834,300,0.0,1.0,4,0.0976174681967441,readout_attention
0.9966666666666667,0.0,0.9744761701424917,300,2,0.0,2026092701,-11046.928647155763,6,16647.359375,-11046.928647155763,-22569.498046875,-11046.928647155763,300,0.0,1.0,4,0.11780099869881144,readout_attention
0.9966666666666667,0.0,0.9873833298186461,300,3,0.0,2026092701,-10715.544656575521,6,220832.859375,-10715.544656575521,-18375.380859375,-10715.544656575521,300,0.0,1.0,4,0.09220800115532013,readout_attention
1.0,0.0,0.8916868689407905,300,1,0.0,2026092701,-8880.49575302124,8,330305.1875,-8880.49575302124,-36389.27734375,-8880.49575302124,300,0.0,1.0,4,0.14005845361183478,readout_attention
0.9966666666666667,0.0,0.8893355586131414,300,2,0.0,2026092701,-11499.081474787394,8,42320.04296875,-11499.081474787394,-106413.0390625,-11499.081474787394,300,0.0,1.0,4,0.137636694236547,readout_attention
0.9933333333333333,0.0,0.8946144796411196,300,3,0.0,2026092701,-12472.267841288249,8,23379.1796875,-12472.267841288249,-472079.09375,-12472.267841288249,300,0.0,1.0,4,0.18101310424410777,readout_attention
1.0,0.0,0.9985529824097952,300,1,0.0,2026092701,-20179.50728515625,1,-17820.69140625,-20179.50728515625,-22284.58984375,-20179.50728515625,300,0.0,1.0,5,0.034195913006142,readout_attention
0.9933333333333333,0.0,0.998565810918808,300,2,0.0,2026092701,-20282.956861979168,1,-16371.84765625,-20282.956861979168,-22749.0546875,-20282.956861979168,300,0.0,1.0,5,0.03630045025649453,readout_attention
0.99,0.0,0.997731768488884,300,3,0.0,2026092701,-20415.447024739584,1,-18463.630859375,-20415.447024739584,-22537.9375,-20415.447024739584,300,0.0,1.0,5,0.049768762311354076,readout_attention
0.98,0.0,0.8766845100124677,300,1,0.0,2026092701,-19625.03742960612,3,16550.4140625,-19625.03742960612,-124709.3515625,-19625.03742960612,300,0.0,1.0,5,0.07671021687518775,readout_attention
0.9866666666666667,0.0,0.8878560337424278,300,2,0.0,2026092701,-19126.945930887858,3,262821.46875,-19126.945930887858,-76552.3125,-19126.945930887858,300,0.0,1.0,5,0.06900608061430114,readout_attention
0.9833333333333333,0.0,0.8658727371195952,300,3,0.0,2026092701,-17358.69468465169,3,496442.8125,-17358.69468465169,-270683.96875,-17358.69468465169,300,0.0,1.0,5,0.06132592704282358,readout_attention
0.9966666666666667,0.0,0.9919818715751171,300,1,0.0,2026092701,-19742.31517578125,4,144524.046875,-19742.31517578125,-153345.0,-19742.31517578125,300,0.0,1.0,5,0.06373309218852075,readout_attention
0.99,0.0,0.9833062568306923,300,2,0.0,2026092701,-21667.58068359375,4,-10637.8173828125,-21667.58068359375,-217863.453125,-21667.58068359375,300,0.0,1.0,5,0.12435646953582713,readout_attention
0.9933333333333333,0.0,0.982509353607893,300,3,0.0,2026092701,-21725.051258951822,4,-2253.889404296875,-21725.051258951822,-239948.171875,-21725.051258951822,300,0.0,1.0,5,0.11739237978400452,readout_attention
1.0,0.0,0.9970015901327133,300,1,0.0,2026092701,-18900.94838541667,6,-16564.119140625,-18900.94838541667,-21957.5,-18900.94838541667,300,0.0,1.0,5,0.09534442780600161,readout_attention
1.0,0.0,0.9979795678456624,300,2,0.0,2026092701,-18715.40726236979,6,-15966.869140625,-18715.40726236979,-22037.232421875,-18715.40726236979,300,0.0,1.0,5,0.10733350683211085,readout_attention
1.0,0.0,0.9951539301872253,300,3,0.0,2026092701,-18021.071728515624,6,-6698.458984375,-18021.071728515624,-22221.98046875,-18021.071728515624,300,0.0,1.0,5,0.10036949763632264,readout_attention
0.99,0.0,0.9236229381958644,300,1,0.0,2026092701,-20494.906968536376,8,19617.720703125,-20494.906968536376,-282722.0,-20494.906968536376,300,0.0,1.0,5,0.06531327957334498,readout_attention
0.9833333333333333,0.0,0.9255151661237081,300,2,0.0,2026092701,-20989.74442586263,8,876.0730590820312,-20989.74442586263,-48763.5859375,-20989.74442586263,300,0.0,1.0,5,0.08625616017348947,readout_attention
0.99,0.0,0.9128801691532135,300,3,0.0,2026092701,-19253.109247233075,8,6383.14892578125,-19253.109247233075,-86005.375,-19253.109247233075,300,0.0,1.0,5,0.08382157461730577,readout_attention
0.9933333333333333,0.0,0.9921577136218548,300,1,0.0,2026092701,-26914.05865234375,1,-23710.791015625,-26914.05865234375,-34867.8046875,-26914.05865234375,300,0.0,1.0,0,0.10431422493044573,readout_complex_attention
1.0,0.0,0.9969143839677175,300,2,0.0,2026092701,-26997.29896484375,1,-24915.0703125,-26997.29896484375,-29281.009765625,-26997.29896484375,300,0.0,1.0,0,0.09547107037799385,readout_complex_attention
0.9933333333333333,0.0,0.9959728302558263,300,3,0.0,2026092701,-27036.744583333333,1,-17193.962890625,-27036.744583333333,-29216.671875,-27036.744583333333,300,0.0,1.0,0,0.06824622821783133,readout_complex_attention
0.8833333333333333,0.0,0.8407306848093867,300,1,0.0,2026092701,-32599.654809977215,3,599168.375,-32599.654809977215,-621967.875,-32599.654809977215,300,0.0,1.0,0,0.23670377807448206,readout_complex_attention
0.9233333333333333,0.0,0.8427451226736108,300,2,0.0,2026092701,-19893.017174886067,3,578542.5625,-19893.017174886067,-610105.75,-19893.017174886067,300,0.0,1.0,0,0.21405777202719678,readout_complex_attention
0.94,0.0,0.8296312564238906,300,3,0.0,2026092701,-16558.236828918456,3,572646.875,-16558.236828918456,-557283.0625,-16558.236828918456,300,0.0,1.0,0,0.2731100910007097,readout_complex_attention
1.0,0.0,0.996070388952891,300,1,0.0,2026092701,-28011.63046875,4,-24516.6171875,-28011.63046875,-32686.943359375,-28011.63046875,300,0.0,1.0,0,0.04721624782826306,readout_complex_attention
1.0,0.0,0.9986021320025126,300,2,0.0,2026092701,-27672.128684895833,4,-25615.763671875,-27672.128684895833,-29823.333984375,-27672.128684895833,300,0.0,1.0,0,0.03765636732686439,readout_complex_attention
1.0,0.0,0.998875458240509,300,3,0.0,2026092701,-27824.992005208333,4,-25399.595703125,-27824.992005208333,-29762.24609375,-27824.992005208333,300,0.0,1.0,0,0.03921650624762574,readout_complex_attention
0.99,0.0,0.990090055714051,300,1,0.0,2026092701,-26924.773723958333,6,-22339.32421875,-26924.773723958333,-128068.515625,-26924.773723958333,300,0.0,1.0,0,0.055858299226372754,readout_complex_attention
1.0,0.0,0.9876185045639674,300,2,0.0,2026092701,-27468.35755859375,6,-20680.72265625,-27468.35755859375,-38947.83984375,-27468.35755859375,300,0.0,1.0,0,0.06071884113456327,readout_complex_attention
0.9933333333333333,0.0,0.9805694196621577,300,3,0.0,2026092701,-26280.906529947915,6,-20889.609375,-26280.906529947915,-32613.501953125,-26280.906529947915,300,0.0,1.0,0,0.0667883209919432,readout_complex_attention
0.9666666666666667,0.0,0.8392215252419313,300,1,0.0,2026092701,-19500.58509174347,8,597359.9375,-19500.58509174347,-202708.546875,-19500.58509174347,300,0.0,1.0,0,0.18023108415132205,readout_complex_attention
0.9166666666666666,0.0,0.860476649403572,300,2,0.0,2026092701,-27325.18803914388,8,23424.271484375,-27325.18803914388,-609270.1875,-27325.18803914388,300,0.0,1.0,0,0.21168253964590544,readout_complex_attention
0.9566666666666667,0.0,0.8545868360002835,300,3,0.0,2026092701,-23919.98753751119,8,580221.0,-23919.98753751119,-559319.3125,-23919.98753751119,300,0.0,1.0,0,0.22459976249174896,readout_complex_attention
0.9866666666666667,0.0,0.9927015282710393,300,1,0.0,2026092701,-21306.525276285807,1,-1809.8533935546875,-21306.525276285807,-25667.486328125,-21306.525276285807,300,0.0,1.0,1,0.08342313825016134,readout_complex_attention
0.9933333333333333,0.0,0.9973381127913793,300,2,0.0,2026092701,-22190.22104817708,1,-17622.93359375,-22190.22104817708,-24787.240234375,-22190.22104817708,300,0.0,1.0,1,0.04914192414028329,readout_complex_attention
0.9933333333333333,0.0,0.9990472426017125,300,3,0.0,2026092701,-22559.388478190103,1,-4857.29345703125,-22559.388478190103,-25170.203125,-22559.388478190103,300,0.0,1.0,1,0.06760022057449078,readout_complex_attention
0.9733333333333334,0.0,0.8815935239195823,300,1,0.0,2026092701,-21378.820799560548,3,446114.0,-21378.820799560548,-108983.53125,-21378.820799560548,300,0.0,1.0,1,0.23422579604634453,readout_complex_attention
0.94,0.0,0.8745111145886282,300,2,0.0,2026092701,-22024.885188395183,3,335975.90625,-22024.885188395183,-556382.25,-22024.885188395183,300,0.0,1.0,1,0.23125787888094096,readout_complex_attention
0.8733333333333333,0.0,0.8518686656405529,300,3,0.0,2026092701,-24257.959638773602,3,611520.1875,-24257.959638773602,-610973.1875,-24257.959638773602,300,0.0,1.0,1,0.3139674004675732,readout_complex_attention
0.9966666666666667,0.0,0.9991894960403442,300,1,0.0,2026092701,-23169.138821614582,4,-20509.126953125,-23169.138821614582,-25406.765625,-23169.138821614582,300,0.0,1.0,1,0.0862064180217138,readout_complex_attention
0.99,0.0,0.9986263140042623,300,2,0.0,2026092701,-22632.316471354166,4,-14038.548828125,-22632.316471354166,-24574.96875,-22632.316471354166,300,0.0,1.0,1,0.1024051037886321,readout_complex_attention
0.99,0.0,0.9981225313742955,300,3,0.0,2026092701,-23001.16021077474,4,1132.475341796875,-23001.16021077474,-24915.26171875,-23001.16021077474,300,0.0,1.0,1,0.10673823324369369,readout_complex_attention
0.9933333333333333,0.0,0.9948582658171654,300,1,0.0,2026092701,-23038.641243489583,6,-15437.158203125,-23038.641243489583,-270619.1875,-23038.641243489583,300,0.0,1.0,1,0.06597787656194865,readout_complex_attention
0.9866666666666667,0.0,0.9939415416121483,300,2,0.0,2026092701,-22659.027272135416,6,-13901.150390625,-22659.027272135416,-237097.1875,-22659.027272135416,300,0.0,1.0,1,0.07581792846823132,readout_complex_attention
0.9966666666666667,0.0,0.9923021006087462,300,3,0.0,2026092701,-22575.722891438803,6,-3095.299072265625,-22575.722891438803,-172514.359375,-22575.722891438803,300,0.0,1.0,1,0.11347463527315915,readout_complex_attention
0.9333333333333333,0.0,0.8593488229314487,300,1,0.0,2026092701,-20772.708798828124,8,450508.75,-20772.708798828124,-226374.15625,-20772.708798828124,300,0.0,1.0,1,0.2423882756336907,readout_complex_attention
0.8866666666666667,0.0,0.8749892761806647,300,2,0.0,2026092701,-21225.562836812336,8,4392.654296875,-21225.562836812336,-204099.90625,-21225.562836812336,300,0.0,1.0,1,0.2583097785934838,readout_complex_attention
0.9333333333333333,0.0,0.8787944091359774,300,3,0.0,2026092701,-19687.938111012776,8,541056.9375,-19687.938111012776,-396135.09375,-19687.938111012776,300,0.0,1.0,1,0.2623593290024041,readout_complex_attention
1.0,0.0,0.9987207810084026,300,1,0.0,2026092701,-22064.192858072918,1,-19434.201171875,-22064.192858072918,-24899.802734375,-22064.192858072918,300,0.0,1.0,2,0.03632849237318092,readout_complex_attention
1.0,0.0,0.9987414896488189,300,2,0.0,2026092701,-21583.2346875,1,-18921.12890625,-21583.2346875,-23712.373046875,-21583.2346875,300,0.0,1.0,2,0.03634591615835081,readout_complex_attention
1.0,0.0,0.9984172634283701,300,3,0.0,2026092701,-22135.415572916667,1,-19751.6796875,-22135.415572916667,-24196.537109375,-22135.415572916667,300,0.0,1.0,2,0.04436328861275096,readout_complex_attention
0.9866666666666667,0.0,0.8800891214609146,300,1,0.0,2026092701,-22153.40174621582,3,80448.65625,-22153.40174621582,-95076.3046875,-22153.40174621582,300,0.0,1.0,2,0.12987352579237244,readout_complex_attention
0.9966666666666667,0.0,0.877268965219458,300,2,0.0,2026092701,-21170.907107289633,3,12866.681640625,-21170.907107289633,-106148.5234375,-21170.907107289633,300,0.0,1.0,2,0.1410466113343931,readout_complex_attention
0.9833333333333333,0.0,0.8882330258687338,300,3,0.0,2026092701,-19384.25474866231,3,489075.03125,-19384.25474866231,-99052.359375,-19384.25474866231,300,0.0,1.0,2,0.16481620937952235,readout_complex_attention
0.97,0.0,0.9545144002139568,300,1,0.0,2026092701,-15601.102389322916,4,488752.28125,-15601.102389322916,-503510.03125,-15601.102389322916,300,0.0,1.0,2,0.0990813938722539,readout_complex_attention
0.9866666666666667,0.0,0.9807366546740135,300,2,0.0,2026092701,-20197.78306681315,4,508878.125,-20197.78306681315,-562488.375,-20197.78306681315,300,0.0,1.0,2,0.12192970057511099,readout_complex_attention
0.9733333333333334,0.0,0.9833251300702492,300,3,0.0,2026092701,-24374.858152669272,4,52141.28515625,-24374.858152669272,-533169.375,-24374.858152669272,300,0.0,1.0,2,0.04568667225424572,readout_complex_attention
1.0,0.0,0.9954308191935222,300,1,0.0,2026092701,-22650.558255208332,6,-19642.076171875,-22650.558255208332,-31095.6796875,-22650.558255208332,300,0.0,1.0,2,0.048688509704730154,readout_complex_attention
1.0,0.0,0.9979568711916605,300,2,0.0,2026092701,-22341.060983072915,6,-20186.369140625,-22341.060983072915,-25786.19140625,-22341.060983072915,300,0.0,1.0,2,0.028911920797857316,readout_complex_attention
1.0,0.0,0.9987439831097921,300,3,0.0,2026092701,-22441.754010416666,6,-19984.583984375,-22441.754010416666,-24038.400390625,-22441.754010416666,300,0.0,1.0,2,0.010416699162540288,readout_complex_attention
1.0,0.0,0.9081011878947417,300,1,0.0,2026092701,-21003.09012682597,8,28203.36328125,-21003.09012682597,-98927.9453125,-21003.09012682597,300,0.0,1.0,2,0.053638607017490125,readout_complex_attention
1.0,0.0,0.9055181274811427,300,2,0.0,2026092701,-20531.140282058717,8,47107.25,-20531.140282058717,-76422.125,-20531.140282058717,300,0.0,1.0,2,0.057257684237202455,readout_complex_attention
0.9966666666666667,0.0,0.9105378817518552,300,3,0.0,2026092701,-22384.335665690105,8,14195.4716796875,-22384.335665690105,-496795.40625,-22384.335665690105,300,0.0,1.0,2,0.06704000781857489,readout_complex_attention
0.9933333333333333,0.0,0.9987421586116155,300,1,0.0,2026092701,-22931.140227864584,1,-19074.873046875,-22931.140227864584,-25098.576171875,-22931.140227864584,300,0.0,1.0,3,0.15665525874961095,readout_complex_attention
0.9966666666666667,0.0,0.9988671799500783,300,2,0.0,2026092701,-22377.433307291667,1,-16658.80859375,-22377.433307291667,-29830.681640625,-22377.433307291667,300,0.0,1.0,3,0.11941792313039434,readout_complex_attention
0.9933333333333333,0.0,0.9978403655687967,300,3,0.0,2026092701,-22819.563631388348,1,-440.51129150390625,-22819.563631388348,-28203.619140625,-22819.563631388348,300,0.0,1.0,3,0.11156829288648318,readout_complex_attention
0.9433333333333334,0.0,0.865618384530147,300,1,0.0,2026092701,-21195.431389770507,3,612900.1875,-21195.431389770507,-441303.46875,-21195.431389770507,300,0.0,1.0,3,0.23576768368443746,readout_complex_attention
0.9366666666666666,0.0,0.8713305069506169,300,2,0.0,2026092701,-21528.43489250183,3,265072.9375,-21528.43489250183,-97111.40625,-21528.43489250183,300,0.0,1.0,3,0.2387168729840201,readout_complex_attention
0.9,0.0,0.8631079876050353,300,3,0.0,2026092701,-18159.263392944336,3,492900.09375,-18159.263392944336,-99733.5859375,-18159.263392944336,300,0.0,1.0,3,0.2668808695661117,readout_complex_attention
0.9766666666666667,0.0,0.9924259837468465,300,1,0.0,2026092701,-23087.82831258138,4,-2014.2171630859375,-23087.82831258138,-63384.9765625,-23087.82831258138,300,0.0,1.0,3,0.079007875523736,readout_complex_attention
0.96,0.0,0.9915273221333821,300,2,0.0,2026092701,-22005.049450683593,4,163272.875,-22005.049450683593,-29471.982421875,-22005.049450683593,300,0.0,1.0,3,0.09779173830066556,readout_complex_attention
0.9533333333333334,0.0,0.9860645049065352,300,3,0.0,2026092701,-23351.807674967447,4,33403.87109375,-23351.807674967447,-303930.8125,-23351.807674967447,300,0.0,1.0,3,0.09169558705303105,readout_complex_attention
0.99,0.0,0.9995619833469391,300,1,0.0,2026092701,-22036.864798177085,6,-18655.6875,-22036.864798177085,-23398.740234375,-22036.864798177085,300,0.0,1.0,3,0.03379278199736124,readout_complex_attention
1.0,0.0,0.9995536784331004,300,2,0.0,2026092701,-22094.688385416666,6,-20940.001953125,-22094.688385416666,-23784.7734375,-22094.688385416666,300,0.0,1.0,3,0.021702467093046796,readout_complex_attention
1.0,0.0,0.9996031298240026,300,3,0.0,2026092701,-22472.7951171875,6,-20929.408203125,-22472.7951171875,-24151.763671875,-22472.7951171875,300,0.0,1.0,3,0.024760973392667918,readout_complex_attention
0.87,0.0,0.8408772169239819,300,1,0.0,2026092701,-17307.98534301758,8,560956.25,-17307.98534301758,-262169.78125,-17307.98534301758,300,0.0,1.0,3,0.3168778388730582,readout_complex_attention
0.9666666666666667,0.0,0.8444221367438635,300,2,0.0,2026092701,-19846.144803466796,8,541814.9375,-19846.144803466796,-238445.421875,-19846.144803466796,300,0.0,1.0,3,0.301596244072284,readout_complex_attention
0.9633333333333334,0.0,0.8163974509636561,300,3,0.0,2026092701,-12324.808023910522,8,617916.3125,-12324.808023910522,-577506.5625,-12324.808023910522,300,0.0,1.0,3,0.31929749405262975,readout_complex_attention
1.0,0.0,0.9997017898162206,300,1,0.0,2026092701,-12186.958955078126,1,-10876.2939453125,-12186.958955078126,-13452.248046875,-12186.958955078126,300,0.0,1.0,4,0.009809787084205324,readout_complex_attention
1.0,0.0,0.9996826122204463,300,2,0.0,2026092701,-12152.860891927083,1,-10567.009765625,-12152.860891927083,-13546.9658203125,-12152.860891927083,300,0.0,1.0,4,0.017323078840594253,readout_complex_attention
1.0,0.0,0.9997086195151011,300,3,0.0,2026092701,-11981.437057291667,1,-10768.1123046875,-11981.437057291667,-13070.76171875,-11981.437057291667,300,0.0,1.0,4,0.03326795244066072,readout_complex_attention
0.9566666666666667,0.0,0.8342477931827307,300,1,0.0,2026092701,-10820.90757446289,3,606852.0625,-10820.90757446289,-553874.5625,-10820.90757446289,300,0.0,1.0,4,0.2224805225156996,readout_complex_attention
0.95,0.0,0.8177648937702179,300,2,0.0,2026092701,-13117.563010101318,3,543099.8125,-13117.563010101318,-582237.25,-13117.563010101318,300,0.0,1.0,4,0.20005564685640442,readout_complex_attention
0.94,0.0,0.7870791389172276,300,3,0.0,2026092701,-7291.635153617859,3,622686.0,-7291.635153617859,-616600.1875,-7291.635153617859,300,0.0,1.0,4,0.26443171528211373,readout_complex_attention
1.0,0.0,0.9983373133341471,300,1,0.0,2026092701,-12843.360208333334,4,-10647.2158203125,-12843.360208333334,-15868.83984375,-12843.360208333334,300,0.0,1.0,4,0.02161640882957183,readout_complex_attention
1.0,0.0,0.9971807022889455,300,2,0.0,2026092701,-12609.797067057292,4,-9167.263671875,-12609.797067057292,-15754.1220703125,-12609.797067057292,300,0.0,1.0,4,0.02359140159304074,readout_complex_attention
1.0,0.0,0.994736109127601,300,3,0.0,2026092701,-14361.629742838542,4,-10348.0478515625,-14361.629742838542,-509598.1875,-14361.629742838542,300,0.0,1.0,4,0.022464724473691744,readout_complex_attention
0.9933333333333333,0.0,0.9805895109474659,300,1,0.0,2026092701,-13043.826184895834,6,163459.546875,-13043.826184895834,-579876.8125,-13043.826184895834,300,0.0,1.0,4,0.08533759776054617,readout_complex_attention
0.9933333333333333,0.0,0.9744761701424917,300,2,0.0,2026092701,-11046.928647155763,6,16647.359375,-11046.928647155763,-22569.498046875,-11046.928647155763,300,0.0,1.0,4,0.09466532860256915,readout_complex_attention
0.9966666666666667,0.0,0.9873833298186461,300,3,0.0,2026092701,-10715.544656575521,6,220832.859375,-10715.544656575521,-18375.380859375,-10715.544656575521,300,0.0,1.0,4,0.07496061582305524,readout_complex_attention
1.0,0.0,0.8916868689407905,300,1,0.0,2026092701,-8880.49575302124,8,330305.1875,-8880.49575302124,-36389.27734375,-8880.49575302124,300,0.0,1.0,4,0.13798500040316009,readout_complex_attention
1.0,0.0,0.8893355586131414,300,2,0.0,2026092701,-11499.081474787394,8,42320.04296875,-11499.081474787394,-106413.0390625,-11499.081474787394,300,0.0,1.0,4,0.13255271019198545,readout_complex_attention
0.9933333333333333,0.0,0.8946144796411196,300,3,0.0,2026092701,-12472.267841288249,8,23379.1796875,-12472.267841288249,-472079.09375,-12472.267841288249,300,0.0,1.0,4,0.17623857196137793,readout_complex_attention
1.0,0.0,0.9985529824097952,300,1,0.0,2026092701,-20179.50728515625,1,-17820.69140625,-20179.50728515625,-22284.58984375,-20179.50728515625,300,0.0,1.0,5,0.03493115476493225,readout_complex_attention
0.9966666666666667,0.0,0.998565810918808,300,2,0.0,2026092701,-20282.956861979168,1,-16371.84765625,-20282.956861979168,-22749.0546875,-20282.956861979168,300,0.0,1.0,5,0.029625218628758554,readout_complex_attention
0.99,0.0,0.997731768488884,300,3,0.0,2026092701,-20415.447024739584,1,-18463.630859375,-20415.447024739584,-22537.9375,-20415.447024739584,300,0.0,1.0,5,0.04455141241190941,readout_complex_attention
0.98,0.0,0.8766845100124677,300,1,0.0,2026092701,-19625.03742960612,3,16550.4140625,-19625.03742960612,-124709.3515625,-19625.03742960612,300,0.0,1.0,5,0.07498274378901015,readout_complex_attention
0.9866666666666667,0.0,0.8878560337424278,300,2,0.0,2026092701,-19126.945930887858,3,262821.46875,-19126.945930887858,-76552.3125,-19126.945930887858,300,0.0,1.0,5,0.06866940742508798,readout_complex_attention
0.9866666666666667,0.0,0.8658727371195952,300,3,0.0,2026092701,-17358.69468465169,3,496442.8125,-17358.69468465169,-270683.96875,-17358.69468465169,300,0.0,1.0,5,0.055569108246203536,readout_complex_attention
0.9966666666666667,0.0,0.9919818715751171,300,1,0.0,2026092701,-19742.31517578125,4,144524.046875,-19742.31517578125,-153345.0,-19742.31517578125,300,0.0,1.0,5,0.061364155192257686,readout_complex_attention
0.99,0.0,0.9833062568306923,300,2,0.0,2026092701,-21667.58068359375,4,-10637.8173828125,-21667.58068359375,-217863.453125,-21667.58068359375,300,0.0,1.0,5,0.10947185150088767,readout_complex_attention
0.9933333333333333,0.0,0.982509353607893,300,3,0.0,2026092701,-21725.051258951822,4,-2253.889404296875,-21725.051258951822,-239948.171875,-21725.051258951822,300,0.0,1.0,5,0.1065935727232874,readout_complex_attention
1.0,0.0,0.9970015901327133,300,1,0.0,2026092701,-18900.94838541667,6,-16564.119140625,-18900.94838541667,-21957.5,-18900.94838541667,300,0.0,1.0,5,0.0877344440685136,readout_complex_attention
1.0,0.0,0.9979795678456624,300,2,0.0,2026092701,-18715.40726236979,6,-15966.869140625,-18715.40726236979,-22037.232421875,-18715.40726236979,300,0.0,1.0,5,0.0966912881719515,readout_complex_attention
0.9966666666666667,0.0,0.9951539301872253,300,3,0.0,2026092701,-18021.071728515624,6,-6698.458984375,-18021.071728515624,-22221.98046875,-18021.071728515624,300,0.0,1.0,5,0.09278857299339305,readout_complex_attention
0.99,0.0,0.9236229381958644,300,1,0.0,2026092701,-20494.906968536376,8,19617.720703125,-20494.906968536376,-282722.0,-20494.906968536376,300,0.0,1.0,5,0.06140208356456367,readout_complex_attention
0.9866666666666667,0.0,0.9255151661237081,300,2,0.0,2026092701,-20989.74442586263,8,876.0730590820312,-20989.74442586263,-48763.5859375,-20989.74442586263,300,0.0,1.0,5,0.0830455471057181,readout_complex_attention
0.99,0.0,0.9128801691532135,300,3,0.0,2026092701,-19253.109247233075,8,6383.14892578125,-19253.109247233075,-86005.375,-19253.109247233075,300,0.0,1.0,5,0.07781764417158898,readout_complex_attention
0.9933333333333333,0.0,0.9921577136218548,300,1,0.0,2026092702,-26914.05865234375,1,-23710.791015625,-26914.05865234375,-34867.8046875,-26914.05865234375,300,0.0,1.0,0,0.11040415734246267,readout_attention
1.0,0.0,0.9969143839677175,300,2,0.0,2026092702,-26997.29896484375,1,-24915.0703125,-26997.29896484375,-29281.009765625,-26997.29896484375,300,0.0,1.0,0,0.11055318755298305,readout_attention
0.9933333333333333,0.0,0.9959728302558263,300,3,0.0,2026092702,-27036.744583333333,1,-17193.962890625,-27036.744583333333,-29216.671875,-27036.744583333333,300,0.0,1.0,0,0.07189442149530101,readout_attention
0.92,0.0,0.8407306848093867,300,1,0.0,2026092702,-32599.654809977215,3,599168.375,-32599.654809977215,-621967.875,-32599.654809977215,300,0.0,1.0,0,0.24687748166636503,readout_attention
0.9566666666666667,0.0,0.8427451226736108,300,2,0.0,2026092702,-19893.017174886067,3,578542.5625,-19893.017174886067,-610105.75,-19893.017174886067,300,0.0,1.0,0,0.23151094980244313,readout_attention
0.9533333333333334,0.0,0.8296312564238906,300,3,0.0,2026092702,-16558.236828918456,3,572646.875,-16558.236828918456,-557283.0625,-16558.236828918456,300,0.0,1.0,0,0.3460666118387017,readout_attention
1.0,0.0,0.996070388952891,300,1,0.0,2026092702,-28011.63046875,4,-24516.6171875,-28011.63046875,-32686.943359375,-28011.63046875,300,0.0,1.0,0,0.03471498622557356,readout_attention
1.0,0.0,0.9986021320025126,300,2,0.0,2026092702,-27672.128684895833,4,-25615.763671875,-27672.128684895833,-29823.333984375,-27672.128684895833,300,0.0,1.0,0,0.03619130376141089,readout_attention
1.0,0.0,0.998875458240509,300,3,0.0,2026092702,-27824.992005208333,4,-25399.595703125,-27824.992005208333,-29762.24609375,-27824.992005208333,300,0.0,1.0,0,0.03454151054708765,readout_attention
0.9933333333333333,0.0,0.990090055714051,300,1,0.0,2026092702,-26924.773723958333,6,-22339.32421875,-26924.773723958333,-128068.515625,-26924.773723958333,300,0.0,1.0,0,0.05781215421377506,readout_attention
1.0,0.0,0.9876185045639674,300,2,0.0,2026092702,-27468.35755859375,6,-20680.72265625,-27468.35755859375,-38947.83984375,-27468.35755859375,300,0.0,1.0,0,0.06326716341102034,readout_attention
0.9966666666666667,0.0,0.9805694196621577,300,3,0.0,2026092702,-26280.906529947915,6,-20889.609375,-26280.906529947915,-32613.501953125,-26280.906529947915,300,0.0,1.0,0,0.05726403617285658,readout_attention
0.9733333333333334,0.0,0.8392215252419313,300,1,0.0,2026092702,-19500.58509174347,8,597359.9375,-19500.58509174347,-202708.546875,-19500.58509174347,300,0.0,1.0,0,0.2052539815843888,readout_attention
0.9866666666666667,0.0,0.860476649403572,300,2,0.0,2026092702,-27325.18803914388,8,23424.271484375,-27325.18803914388,-609270.1875,-27325.18803914388,300,0.0,1.0,0,0.2123659580426549,readout_attention
0.9833333333333333,0.0,0.8545868360002835,300,3,0.0,2026092702,-23919.98753751119,8,580221.0,-23919.98753751119,-559319.3125,-23919.98753751119,300,0.0,1.0,0,0.2357786139208663,readout_attention
1.0,0.0,0.9927015282710393,300,1,0.0,2026092702,-21306.525276285807,1,-1809.8533935546875,-21306.525276285807,-25667.486328125,-21306.525276285807,300,0.0,1.0,1,0.07129981088128001,readout_attention
0.99,0.0,0.9973381127913793,300,2,0.0,2026092702,-22190.22104817708,1,-17622.93359375,-22190.22104817708,-24787.240234375,-22190.22104817708,300,0.0,1.0,1,0.03949361776373739,readout_attention
0.9866666666666667,0.0,0.9990472426017125,300,3,0.0,2026092702,-22559.388478190103,1,-4857.29345703125,-22559.388478190103,-25170.203125,-22559.388478190103,300,0.0,1.0,1,0.05275200900767918,readout_attention
0.97,0.0,0.8815935239195823,300,1,0.0,2026092702,-21378.820799560548,3,446114.0,-21378.820799560548,-108983.53125,-21378.820799560548,300,0.0,1.0,1,0.2224811069406788,readout_attention
0.9633333333333334,0.0,0.8745111145886282,300,2,0.0,2026092702,-22024.885188395183,3,335975.90625,-22024.885188395183,-556382.25,-22024.885188395183,300,0.0,1.0,1,0.21003746280836255,readout_attention
0.88,0.0,0.8518686656405529,300,3,0.0,2026092702,-24257.959638773602,3,611520.1875,-24257.959638773602,-610973.1875,-24257.959638773602,300,0.0,1.0,1,0.29694814159573024,readout_attention
0.9966666666666667,0.0,0.9991894960403442,300,1,0.0,2026092702,-23169.138821614582,4,-20509.126953125,-23169.138821614582,-25406.765625,-23169.138821614582,300,0.0,1.0,1,0.06041823853285755,readout_attention
1.0,0.0,0.9986263140042623,300,2,0.0,2026092702,-22632.316471354166,4,-14038.548828125,-22632.316471354166,-24574.96875,-22632.316471354166,300,0.0,1.0,1,0.08120766309216398,readout_attention
0.99,0.0,0.9981225313742955,300,3,0.0,2026092702,-23001.16021077474,4,1132.475341796875,-23001.16021077474,-24915.26171875,-23001.16021077474,300,0.0,1.0,1,0.09015563305584018,readout_attention
0.9833333333333333,0.0,0.9948582658171654,300,1,0.0,2026092702,-23038.641243489583,6,-15437.158203125,-23038.641243489583,-270619.1875,-23038.641243489583,300,0.0,1.0,1,0.06229371126132777,readout_attention
0.9833333333333333,0.0,0.9939415416121483,300,2,0.0,2026092702,-22659.027272135416,6,-13901.150390625,-22659.027272135416,-237097.1875,-22659.027272135416,300,0.0,1.0,1,0.07274128487921361,readout_attention
0.9866666666666667,0.0,0.9923021006087462,300,3,0.0,2026092702,-22575.722891438803,6,-3095.299072265625,-22575.722891438803,-172514.359375,-22575.722891438803,300,0.0,1.0,1,0.14127996391219744,readout_attention
0.94,0.0,0.8593488229314487,300,1,0.0,2026092702,-20772.708798828124,8,450508.75,-20772.708798828124,-226374.15625,-20772.708798828124,300,0.0,1.0,1,0.2408700859116033,readout_attention
0.93,0.0,0.8749892761806647,300,2,0.0,2026092702,-21225.562836812336,8,4392.654296875,-21225.562836812336,-204099.90625,-21225.562836812336,300,0.0,1.0,1,0.24473147107878435,readout_attention
0.9533333333333334,0.0,0.8787944091359774,300,3,0.0,2026092702,-19687.938111012776,8,541056.9375,-19687.938111012776,-396135.09375,-19687.938111012776,300,0.0,1.0,1,0.24781536678697436,readout_attention
1.0,0.0,0.9987207810084026,300,1,0.0,2026092702,-22064.192858072918,1,-19434.201171875,-22064.192858072918,-24899.802734375,-22064.192858072918,300,0.0,1.0,2,0.050127833920952325,readout_attention
1.0,0.0,0.9987414896488189,300,2,0.0,2026092702,-21583.2346875,1,-18921.12890625,-21583.2346875,-23712.373046875,-21583.2346875,300,0.0,1.0,2,0.05413916215145953,readout_attention
1.0,0.0,0.9984172634283701,300,3,0.0,2026092702,-22135.415572916667,1,-19751.6796875,-22135.415572916667,-24196.537109375,-22135.415572916667,300,0.0,1.0,2,0.07064595404763419,readout_attention
0.9766666666666667,0.0,0.8800891214609146,300,1,0.0,2026092702,-22153.40174621582,3,80448.65625,-22153.40174621582,-95076.3046875,-22153.40174621582,300,0.0,1.0,2,0.14494143843315566,readout_attention
0.9933333333333333,0.0,0.877268965219458,300,2,0.0,2026092702,-21170.907107289633,3,12866.681640625,-21170.907107289633,-106148.5234375,-21170.907107289633,300,0.0,1.0,2,0.16137440476930287,readout_attention
0.9833333333333333,0.0,0.8882330258687338,300,3,0.0,2026092702,-19384.25474866231,3,489075.03125,-19384.25474866231,-99052.359375,-19384.25474866231,300,0.0,1.0,2,0.18908729187008255,readout_attention
0.9666666666666667,0.0,0.9545144002139568,300,1,0.0,2026092702,-15601.102389322916,4,488752.28125,-15601.102389322916,-503510.03125,-15601.102389322916,300,0.0,1.0,2,0.12594930691138473,readout_attention
0.9833333333333333,0.0,0.9807366546740135,300,2,0.0,2026092702,-20197.78306681315,4,508878.125,-20197.78306681315,-562488.375,-20197.78306681315,300,0.0,1.0,2,0.22627617023855529,readout_attention
0.9833333333333333,0.0,0.9833251300702492,300,3,0.0,2026092702,-24374.858152669272,4,52141.28515625,-24374.858152669272,-533169.375,-24374.858152669272,300,0.0,1.0,2,0.06473666991297566,readout_attention
1.0,0.0,0.9954308191935222,300,1,0.0,2026092702,-22650.558255208332,6,-19642.076171875,-22650.558255208332,-31095.6796875,-22650.558255208332,300,0.0,1.0,2,0.07020866724441499,readout_attention
1.0,0.0,0.9979568711916605,300,2,0.0,2026092702,-22341.060983072915,6,-20186.369140625,-22341.060983072915,-25786.19140625,-22341.060983072915,300,0.0,1.0,2,0.04118585472997294,readout_attention
1.0,0.0,0.9987439831097921,300,3,0.0,2026092702,-22441.754010416666,6,-19984.583984375,-22441.754010416666,-24038.400390625,-22441.754010416666,300,0.0,1.0,2,0.025295146664647716,readout_attention
0.9966666666666667,0.0,0.9081011878947417,300,1,0.0,2026092702,-21003.09012682597,8,28203.36328125,-21003.09012682597,-98927.9453125,-21003.09012682597,300,0.0,1.0,2,0.04962081917291605,readout_attention
1.0,0.0,0.9055181274811427,300,2,0.0,2026092702,-20531.140282058717,8,47107.25,-20531.140282058717,-76422.125,-20531.140282058717,300,0.0,1.0,2,0.052462958071679444,readout_attention
0.9933333333333333,0.0,0.9105378817518552,300,3,0.0,2026092702,-22384.335665690105,8,14195.4716796875,-22384.335665690105,-496795.40625,-22384.335665690105,300,0.0,1.0,2,0.06229310505372343,readout_attention
1.0,0.0,0.9987421586116155,300,1,0.0,2026092702,-22931.140227864584,1,-19074.873046875,-22931.140227864584,-25098.576171875,-22931.140227864584,300,0.0,1.0,3,0.10770582574286802,readout_attention
0.9933333333333333,0.0,0.9988671799500783,300,2,0.0,2026092702,-22377.433307291667,1,-16658.80859375,-22377.433307291667,-29830.681640625,-22377.433307291667,300,0.0,1.0,3,0.10319565004714526,readout_attention
1.0,0.0,0.9978403655687967,300,3,0.0,2026092702,-22819.563631388348,1,-440.51129150390625,-22819.563631388348,-28203.619140625,-22819.563631388348,300,0.0,1.0,3,0.09675888292363455,readout_attention
0.94,0.0,0.865618384530147,300,1,0.0,2026092702,-21195.431389770507,3,612900.1875,-21195.431389770507,-441303.46875,-21195.431389770507,300,0.0,1.0,3,0.24507531285864315,readout_attention
0.94,0.0,0.8713305069506169,300,2,0.0,2026092702,-21528.43489250183,3,265072.9375,-21528.43489250183,-97111.40625,-21528.43489250183,300,0.0,1.0,3,0.2393423807310353,readout_attention
0.9033333333333333,0.0,0.8631079876050353,300,3,0.0,2026092702,-18159.263392944336,3,492900.09375,-18159.263392944336,-99733.5859375,-18159.263392944336,300,0.0,1.0,3,0.281093936702289,readout_attention
0.98,0.0,0.9924259837468465,300,1,0.0,2026092702,-23087.82831258138,4,-2014.2171630859375,-23087.82831258138,-63384.9765625,-23087.82831258138,300,0.0,1.0,3,0.08178863278494863,readout_attention
0.97,0.0,0.9915273221333821,300,2,0.0,2026092702,-22005.049450683593,4,163272.875,-22005.049450683593,-29471.982421875,-22005.049450683593,300,0.0,1.0,3,0.10617618109507276,readout_attention
0.9766666666666667,0.0,0.9860645049065352,300,3,0.0,2026092702,-23351.807674967447,4,33403.87109375,-23351.807674967447,-303930.8125,-23351.807674967447,300,0.0,1.0,3,0.09113450737272066,readout_attention
0.99,0.0,0.9995619833469391,300,1,0.0,2026092702,-22036.864798177085,6,-18655.6875,-22036.864798177085,-23398.740234375,-22036.864798177085,300,0.0,1.0,3,0.027806776180356874,readout_attention
1.0,0.0,0.9995536784331004,300,2,0.0,2026092702,-22094.688385416666,6,-20940.001953125,-22094.688385416666,-23784.7734375,-22094.688385416666,300,0.0,1.0,3,0.020189712498198675,readout_attention
1.0,0.0,0.9996031298240026,300,3,0.0,2026092702,-22472.7951171875,6,-20929.408203125,-22472.7951171875,-24151.763671875,-22472.7951171875,300,0.0,1.0,3,0.020784534891250206,readout_attention
0.9333333333333333,0.0,0.8408772169239819,300,1,0.0,2026092702,-17307.98534301758,8,560956.25,-17307.98534301758,-262169.78125,-17307.98534301758,300,0.0,1.0,3,0.2831584092979159,readout_attention
0.97,0.0,0.8444221367438635,300,2,0.0,2026092702,-19846.144803466796,8,541814.9375,-19846.144803466796,-238445.421875,-19846.144803466796,300,0.0,1.0,3,0.26299267580342134,readout_attention
0.9566666666666667,0.0,0.8163974509636561,300,3,0.0,2026092702,-12324.808023910522,8,617916.3125,-12324.808023910522,-577506.5625,-12324.808023910522,300,0.0,1.0,3,0.2941839917097291,readout_attention
1.0,0.0,0.9997017898162206,300,1,0.0,2026092702,-12186.958955078126,1,-10876.2939453125,-12186.958955078126,-13452.248046875,-12186.958955078126,300,0.0,1.0,4,0.010173634248132446,readout_attention
1.0,0.0,0.9996826122204463,300,2,0.0,2026092702,-12152.860891927083,1,-10567.009765625,-12152.860891927083,-13546.9658203125,-12152.860891927083,300,0.0,1.0,4,0.013899262650663102,readout_attention
1.0,0.0,0.9997086195151011,300,3,0.0,2026092702,-11981.437057291667,1,-10768.1123046875,-11981.437057291667,-13070.76171875,-11981.437057291667,300,0.0,1.0,4,0.022400926540976474,readout_attention
0.97,0.0,0.8342477931827307,300,1,0.0,2026092702,-10820.90757446289,3,606852.0625,-10820.90757446289,-553874.5625,-10820.90757446289,300,0.0,1.0,4,0.2482116661768643,readout_attention
0.95,0.0,0.8177648937702179,300,2,0.0,2026092702,-13117.563010101318,3,543099.8125,-13117.563010101318,-582237.25,-13117.563010101318,300,0.0,1.0,4,0.2418195498658655,readout_attention
0.9466666666666667,0.0,0.7870791389172276,300,3,0.0,2026092702,-7291.635153617859,3,622686.0,-7291.635153617859,-616600.1875,-7291.635153617859,300,0.0,1.0,4,0.2885778461702493,readout_attention
1.0,0.0,0.9983373133341471,300,1,0.0,2026092702,-12843.360208333334,4,-10647.2158203125,-12843.360208333334,-15868.83984375,-12843.360208333334,300,0.0,1.0,4,0.018546178681402514,readout_attention
1.0,0.0,0.9971807022889455,300,2,0.0,2026092702,-12609.797067057292,4,-9167.263671875,-12609.797067057292,-15754.1220703125,-12609.797067057292,300,0.0,1.0,4,0.020441343403016177,readout_attention
1.0,0.0,0.994736109127601,300,3,0.0,2026092702,-14361.629742838542,4,-10348.0478515625,-14361.629742838542,-509598.1875,-14361.629742838542,300,0.0,1.0,4,0.018996168575297956,readout_attention
0.99,0.0,0.9805895109474659,300,1,0.0,2026092702,-13043.826184895834,6,163459.546875,-13043.826184895834,-579876.8125,-13043.826184895834,300,0.0,1.0,4,0.1049526851280872,readout_attention
0.9966666666666667,0.0,0.9744761701424917,300,2,0.0,2026092702,-11046.928647155763,6,16647.359375,-11046.928647155763,-22569.498046875,-11046.928647155763,300,0.0,1.0,4,0.10857549726480131,readout_attention
1.0,0.0,0.9873833298186461,300,3,0.0,2026092702,-10715.544656575521,6,220832.859375,-10715.544656575521,-18375.380859375,-10715.544656575521,300,0.0,1.0,4,0.08152723289308295,readout_attention
1.0,0.0,0.8916868689407905,300,1,0.0,2026092702,-8880.49575302124,8,330305.1875,-8880.49575302124,-36389.27734375,-8880.49575302124,300,0.0,1.0,4,0.1485188219804534,readout_attention
1.0,0.0,0.8893355586131414,300,2,0.0,2026092702,-11499.081474787394,8,42320.04296875,-11499.081474787394,-106413.0390625,-11499.081474787394,300,0.0,1.0,4,0.1457714399860086,readout_attention
0.99,0.0,0.8946144796411196,300,3,0.0,2026092702,-12472.267841288249,8,23379.1796875,-12472.267841288249,-472079.09375,-12472.267841288249,300,0.0,1.0,4,0.18540787534201675,readout_attention
1.0,0.0,0.9985529824097952,300,1,0.0,2026092702,-20179.50728515625,1,-17820.69140625,-20179.50728515625,-22284.58984375,-20179.50728515625,300,0.0,1.0,5,0.049158636605735384,readout_attention
0.9933333333333333,0.0,0.998565810918808,300,2,0.0,2026092702,-20282.956861979168,1,-16371.84765625,-20282.956861979168,-22749.0546875,-20282.956861979168,300,0.0,1.0,5,0.053872782281744414,readout_attention
0.99,0.0,0.997731768488884,300,3,0.0,2026092702,-20415.447024739584,1,-18463.630859375,-20415.447024739584,-22537.9375,-20415.447024739584,300,0.0,1.0,5,0.05034189840928682,readout_attention
0.9833333333333333,0.0,0.8766845100124677,300,1,0.0,2026092702,-19625.03742960612,3,16550.4140625,-19625.03742960612,-124709.3515625,-19625.03742960612,300,0.0,1.0,5,0.09731391279323875,readout_attention
0.9833333333333333,0.0,0.8878560337424278,300,2,0.0,2026092702,-19126.945930887858,3,262821.46875,-19126.945930887858,-76552.3125,-19126.945930887858,300,0.0,1.0,5,0.08485488421931064,readout_attention
0.9866666666666667,0.0,0.8658727371195952,300,3,0.0,2026092702,-17358.69468465169,3,496442.8125,-17358.69468465169,-270683.96875,-17358.69468465169,300,0.0,1.0,5,0.07394235155274198,readout_attention
0.9966666666666667,0.0,0.9919818715751171,300,1,0.0,2026092702,-19742.31517578125,4,144524.046875,-19742.31517578125,-153345.0,-19742.31517578125,300,0.0,1.0,5,0.079611899608241,readout_attention
0.9933333333333333,0.0,0.9833062568306923,300,2,0.0,2026092702,-21667.58068359375,4,-10637.8173828125,-21667.58068359375,-217863.453125,-21667.58068359375,300,0.0,1.0,5,0.14764872189443845,readout_attention
0.9933333333333333,0.0,0.982509353607893,300,3,0.0,2026092702,-21725.051258951822,4,-2253.889404296875,-21725.051258951822,-239948.171875,-21725.051258951822,300,0.0,1.0,5,0.17167328312096264,readout_attention
1.0,0.0,0.9970015901327133,300,1,0.0,2026092702,-18900.94838541667,6,-16564.119140625,-18900.94838541667,-21957.5,-18900.94838541667,300,0.0,1.0,5,0.09239540817902281,readout_attention
1.0,0.0,0.9979795678456624,300,2,0.0,2026092702,-18715.40726236979,6,-15966.869140625,-18715.40726236979,-22037.232421875,-18715.40726236979,300,0.0,1.0,5,0.09223881778601739,readout_attention
1.0,0.0,0.9951539301872253,300,3,0.0,2026092702,-18021.071728515624,6,-6698.458984375,-18021.071728515624,-22221.98046875,-18021.071728515624,300,0.0,1.0,5,0.12548526649906255,readout_attention
0.9933333333333333,0.0,0.9236229381958644,300,1,0.0,2026092702,-20494.906968536376,8,19617.720703125,-20494.906968536376,-282722.0,-20494.906968536376,300,0.0,1.0,5,0.05057028763449878,readout_attention
0.9833333333333333,0.0,0.9255151661237081,300,2,0.0,2026092702,-20989.74442586263,8,876.0730590820312,-20989.74442586263,-48763.5859375,-20989.74442586263,300,0.0,1.0,5,0.06814783291360105,readout_attention
0.99,0.0,0.9128801691532135,300,3,0.0,2026092702,-19253.109247233075,8,6383.14892578125,-19253.109247233075,-86005.375,-19253.109247233075,300,0.0,1.0,5,0.06664481428685143,readout_attention
0.9933333333333333,0.0,0.9921577136218548,300,1,0.0,2026092702,-26914.05865234375,1,-23710.791015625,-26914.05865234375,-34867.8046875,-26914.05865234375,300,0.0,1.0,0,0.10897482648342294,readout_complex_attention
1.0,0.0,0.9969143839677175,300,2,0.0,2026092702,-26997.29896484375,1,-24915.0703125,-26997.29896484375,-29281.009765625,-26997.29896484375,300,0.0,1.0,0,0.1051996648383452,readout_complex_attention
0.9933333333333333,0.0,0.9959728302558263,300,3,0.0,2026092702,-27036.744583333333,1,-17193.962890625,-27036.744583333333,-29216.671875,-27036.744583333333,300,0.0,1.0,0,0.06291910859850636,readout_complex_attention
0.9,0.0,0.8407306848093867,300,1,0.0,2026092702,-32599.654809977215,3,599168.375,-32599.654809977215,-621967.875,-32599.654809977215,300,0.0,1.0,0,0.22083498934496693,readout_complex_attention
0.9366666666666666,0.0,0.8427451226736108,300,2,0.0,2026092702,-19893.017174886067,3,578542.5625,-19893.017174886067,-610105.75,-19893.017174886067,300,0.0,1.0,0,0.21017950058008683,readout_complex_attention
0.9433333333333334,0.0,0.8296312564238906,300,3,0.0,2026092702,-16558.236828918456,3,572646.875,-16558.236828918456,-557283.0625,-16558.236828918456,300,0.0,1.0,0,0.31900173535770726,readout_complex_attention
1.0,0.0,0.996070388952891,300,1,0.0,2026092702,-28011.63046875,4,-24516.6171875,-28011.63046875,-32686.943359375,-28011.63046875,300,0.0,1.0,0,0.03359820770131683,readout_complex_attention
1.0,0.0,0.9986021320025126,300,2,0.0,2026092702,-27672.128684895833,4,-25615.763671875,-27672.128684895833,-29823.333984375,-27672.128684895833,300,0.0,1.0,0,0.02911020889452509,readout_complex_attention
1.0,0.0,0.998875458240509,300,3,0.0,2026092702,-27824.992005208333,4,-25399.595703125,-27824.992005208333,-29762.24609375,-27824.992005208333,300,0.0,1.0,0,0.03180833924449533,readout_complex_attention
0.9866666666666667,0.0,0.990090055714051,300,1,0.0,2026092702,-26924.773723958333,6,-22339.32421875,-26924.773723958333,-128068.515625,-26924.773723958333,300,0.0,1.0,0,0.04965868789704486,readout_complex_attention
1.0,0.0,0.9876185045639674,300,2,0.0,2026092702,-27468.35755859375,6,-20680.72265625,-27468.35755859375,-38947.83984375,-27468.35755859375,300,0.0,1.0,0,0.05219051503771921,readout_complex_attention
1.0,0.0,0.9805694196621577,300,3,0.0,2026092702,-26280.906529947915,6,-20889.609375,-26280.906529947915,-32613.501953125,-26280.906529947915,300,0.0,1.0,0,0.04647692121971503,readout_complex_attention
0.98,0.0,0.8392215252419313,300,1,0.0,2026092702,-19500.58509174347,8,597359.9375,-19500.58509174347,-202708.546875,-19500.58509174347,300,0.0,1.0,0,0.19397926404476729,readout_complex_attention
0.97,0.0,0.860476649403572,300,2,0.0,2026092702,-27325.18803914388,8,23424.271484375,-27325.18803914388,-609270.1875,-27325.18803914388,300,0.0,1.0,0,0.19805390126760214,readout_complex_attention
0.98,0.0,0.8545868360002835,300,3,0.0,2026092702,-23919.98753751119,8,580221.0,-23919.98753751119,-559319.3125,-23919.98753751119,300,0.0,1.0,0,0.22328790558692302,readout_complex_attention
0.9933333333333333,0.0,0.9927015282710393,300,1,0.0,2026092702,-21306.525276285807,1,-1809.8533935546875,-21306.525276285807,-25667.486328125,-21306.525276285807,300,0.0,1.0,1,0.06100042573368636,readout_complex_attention
0.99,0.0,0.9973381127913793,300,2,0.0,2026092702,-22190.22104817708,1,-17622.93359375,-22190.22104817708,-24787.240234375,-22190.22104817708,300,0.0,1.0,1,0.035593156907052004,readout_complex_attention
0.99,0.0,0.9990472426017125,300,3,0.0,2026092702,-22559.388478190103,1,-4857.29345703125,-22559.388478190103,-25170.203125,-22559.388478190103,300,0.0,1.0,1,0.052388937247071166,readout_complex_attention
0.96,0.0,0.8815935239195823,300,1,0.0,2026092702,-21378.820799560548,3,446114.0,-21378.820799560548,-108983.53125,-21378.820799560548,300,0.0,1.0,1,0.1929242148637237,readout_complex_attention
0.9433333333333334,0.0,0.8745111145886282,300,2,0.0,2026092702,-22024.885188395183,3,335975.90625,-22024.885188395183,-556382.25,-22024.885188395183,300,0.0,1.0,1,0.19405641400478912,readout_complex_attention
0.84,0.0,0.8518686656405529,300,3,0.0,2026092702,-24257.959638773602,3,611520.1875,-24257.959638773602,-610973.1875,-24257.959638773602,300,0.0,1.0,1,0.2651371570947417,readout_complex_attention
0.9966666666666667,0.0,0.9991894960403442,300,1,0.0,2026092702,-23169.138821614582,4,-20509.126953125,-23169.138821614582,-25406.765625,-23169.138821614582,300,0.0,1.0,1,0.06292661937294719,readout_complex_attention
1.0,0.0,0.9986263140042623,300,2,0.0,2026092702,-22632.316471354166,4,-14038.548828125,-22632.316471354166,-24574.96875,-22632.316471354166,300,0.0,1.0,1,0.0883101595807384,readout_complex_attention
0.99,0.0,0.9981225313742955,300,3,0.0,2026092702,-23001.16021077474,4,1132.475341796875,-23001.16021077474,-24915.26171875,-23001.16021077474,300,0.0,1.0,1,0.08497549459110987,readout_complex_attention
0.98,0.0,0.9948582658171654,300,1,0.0,2026092702,-23038.641243489583,6,-15437.158203125,-23038.641243489583,-270619.1875,-23038.641243489583,300,0.0,1.0,1,0.058728387008619154,readout_complex_attention
0.9766666666666667,0.0,0.9939415416121483,300,2,0.0,2026092702,-22659.027272135416,6,-13901.150390625,-22659.027272135416,-237097.1875,-22659.027272135416,300,0.0,1.0,1,0.06617345007662445,readout_complex_attention
0.9833333333333333,0.0,0.9923021006087462,300,3,0.0,2026092702,-22575.722891438803,6,-3095.299072265625,-22575.722891438803,-172514.359375,-22575.722891438803,300,0.0,1.0,1,0.12564207653498916,readout_complex_attention
0.93,0.0,0.8593488229314487,300,1,0.0,2026092702,-20772.708798828124,8,450508.75,-20772.708798828124,-226374.15625,-20772.708798828124,300,0.0,1.0,1,0.21707603044132107,readout_complex_attention
0.8666666666666667,0.0,0.8749892761806647,300,2,0.0,2026092702,-21225.562836812336,8,4392.654296875,-21225.562836812336,-204099.90625,-21225.562836812336,300,0.0,1.0,1,0.22340271153431301,readout_complex_attention
0.9333333333333333,0.0,0.8787944091359774,300,3,0.0,2026092702,-19687.938111012776,8,541056.9375,-19687.938111012776,-396135.09375,-19687.938111012776,300,0.0,1.0,1,0.22105885677094594,readout_complex_attention
1.0,0.0,0.9987207810084026,300,1,0.0,2026092702,-22064.192858072918,1,-19434.201171875,-22064.192858072918,-24899.802734375,-22064.192858072918,300,0.0,1.0,2,0.038440380716069145,readout_complex_attention
1.0,0.0,0.9987414896488189,300,2,0.0,2026092702,-21583.2346875,1,-18921.12890625,-21583.2346875,-23712.373046875,-21583.2346875,300,0.0,1.0,2,0.039412619626510215,readout_complex_attention
1.0,0.0,0.9984172634283701,300,3,0.0,2026092702,-22135.415572916667,1,-19751.6796875,-22135.415572916667,-24196.537109375,-22135.415572916667,300,0.0,1.0,2,0.051762203130890416,readout_complex_attention
0.98,0.0,0.8800891214609146,300,1,0.0,2026092702,-22153.40174621582,3,80448.65625,-22153.40174621582,-95076.3046875,-22153.40174621582,300,0.0,1.0,2,0.15213712806022983,readout_complex_attention
0.9933333333333333,0.0,0.877268965219458,300,2,0.0,2026092702,-21170.907107289633,3,12866.681640625,-21170.907107289633,-106148.5234375,-21170.907107289633,300,0.0,1.0,2,0.1535925293787086,readout_complex_attention
0.9866666666666667,0.0,0.8882330258687338,300,3,0.0,2026092702,-19384.25474866231,3,489075.03125,-19384.25474866231,-99052.359375,-19384.25474866231,300,0.0,1.0,2,0.19721786402330033,readout_complex_attention
0.96,0.0,0.9545144002139568,300,1,0.0,2026092702,-15601.102389322916,4,488752.28125,-15601.102389322916,-503510.03125,-15601.102389322916,300,0.0,1.0,2,0.11154579748405447,readout_complex_attention
0.9866666666666667,0.0,0.9807366546740135,300,2,0.0,2026092702,-20197.78306681315,4,508878.125,-20197.78306681315,-562488.375,-20197.78306681315,300,0.0,1.0,2,0.21042581039071817,readout_complex_attention
0.98,0.0,0.9833251300702492,300,3,0.0,2026092702,-24374.858152669272,4,52141.28515625,-24374.858152669272,-533169.375,-24374.858152669272,300,0.0,1.0,2,0.055184501244234796,readout_complex_attention
1.0,0.0,0.9954308191935222,300,1,0.0,2026092702,-22650.558255208332,6,-19642.076171875,-22650.558255208332,-31095.6796875,-22650.558255208332,300,0.0,1.0,2,0.06241218347162192,readout_complex_attention
1.0,0.0,0.9979568711916605,300,2,0.0,2026092702,-22341.060983072915,6,-20186.369140625,-22341.060983072915,-25786.19140625,-22341.060983072915,300,0.0,1.0,2,0.035746350873244404,readout_complex_attention
1.0,0.0,0.9987439831097921,300,3,0.0,2026092702,-22441.754010416666,6,-19984.583984375,-22441.754010416666,-24038.400390625,-22441.754010416666,300,0.0,1.0,2,0.0195309097945795,readout_complex_attention
0.9966666666666667,0.0,0.9081011878947417,300,1,0.0,2026092702,-21003.09012682597,8,28203.36328125,-21003.09012682597,-98927.9453125,-21003.09012682597,300,0.0,1.0,2,0.04221616322405963,readout_complex_attention
1.0,0.0,0.9055181274811427,300,2,0.0,2026092702,-20531.140282058717,8,47107.25,-20531.140282058717,-76422.125,-20531.140282058717,300,0.0,1.0,2,0.04531333675558358,readout_complex_attention
0.9966666666666667,0.0,0.9105378817518552,300,3,0.0,2026092702,-22384.335665690105,8,14195.4716796875,-22384.335665690105,-496795.40625,-22384.335665690105,300,0.0,1.0,2,0.05230482763626554,readout_complex_attention
1.0,0.0,0.9987421586116155,300,1,0.0,2026092702,-22931.140227864584,1,-19074.873046875,-22931.140227864584,-25098.576171875,-22931.140227864584,300,0.0,1.0,3,0.10634915832690706,readout_complex_attention
0.9933333333333333,0.0,0.9988671799500783,300,2,0.0,2026092702,-22377.433307291667,1,-16658.80859375,-22377.433307291667,-29830.681640625,-22377.433307291667,300,0.0,1.0,3,0.0984118236757816,readout_complex_attention
1.0,0.0,0.9978403655687967,300,3,0.0,2026092702,-22819.563631388348,1,-440.51129150390625,-22819.563631388348,-28203.619140625,-22819.563631388348,300,0.0,1.0,3,0.09174323444480026,readout_complex_attention
0.9466666666666667,0.0,0.865618384530147,300,1,0.0,2026092702,-21195.431389770507,3,612900.1875,-21195.431389770507,-441303.46875,-21195.431389770507,300,0.0,1.0,3,0.20697054388727953,readout_complex_attention
0.9466666666666667,0.0,0.8713305069506169,300,2,0.0,2026092702,-21528.43489250183,3,265072.9375,-21528.43489250183,-97111.40625,-21528.43489250183,300,0.0,1.0,3,0.20197042046705527,readout_complex_attention
0.8933333333333333,0.0,0.8631079876050353,300,3,0.0,2026092702,-18159.263392944336,3,492900.09375,-18159.263392944336,-99733.5859375,-18159.263392944336,300,0.0,1.0,3,0.2443200890883167,readout_complex_attention
0.9766666666666667,0.0,0.9924259837468465,300,1,0.0,2026092702,-23087.82831258138,4,-2014.2171630859375,-23087.82831258138,-63384.9765625,-23087.82831258138,300,0.0,1.0,3,0.07778158791659295,readout_complex_attention
0.97,0.0,0.9915273221333821,300,2,0.0,2026092702,-22005.049450683593,4,163272.875,-22005.049450683593,-29471.982421875,-22005.049450683593,300,0.0,1.0,3,0.09963675092603608,readout_complex_attention
0.9733333333333334,0.0,0.9860645049065352,300,3,0.0,2026092702,-23351.807674967447,4,33403.87109375,-23351.807674967447,-303930.8125,-23351.807674967447,300,0.0,1.0,3,0.09126457846963276,readout_complex_attention
0.99,0.0,0.9995619833469391,300,1,0.0,2026092702,-22036.864798177085,6,-18655.6875,-22036.864798177085,-23398.740234375,-22036.864798177085,300,0.0,1.0,3,0.02335494785904957,readout_complex_attention
1.0,0.0,0.9995536784331004,300,2,0.0,2026092702,-22094.688385416666,6,-20940.001953125,-22094.688385416666,-23784.7734375,-22094.688385416666,300,0.0,1.0,3,0.015989831207115057,readout_complex_attention
1.0,0.0,0.9996031298240026,300,3,0.0,2026092702,-22472.7951171875,6,-20929.408203125,-22472.7951171875,-24151.763671875,-22472.7951171875,300,0.0,1.0,3,0.01813352342866137,readout_complex_attention
0.88,0.0,0.8408772169239819,300,1,0.0,2026092702,-17307.98534301758,8,560956.25,-17307.98534301758,-262169.78125,-17307.98534301758,300,0.0,1.0,3,0.2438998790371394,readout_complex_attention
0.9566666666666667,0.0,0.8444221367438635,300,2,0.0,2026092702,-19846.144803466796,8,541814.9375,-19846.144803466796,-238445.421875,-19846.144803466796,300,0.0,1.0,3,0.21597346328383027,readout_complex_attention
0.9466666666666667,0.0,0.8163974509636561,300,3,0.0,2026092702,-12324.808023910522,8,617916.3125,-12324.808023910522,-577506.5625,-12324.808023910522,300,0.0,1.0,3,0.2488522880667311,readout_complex_attention
1.0,0.0,0.9997017898162206,300,1,0.0,2026092702,-12186.958955078126,1,-10876.2939453125,-12186.958955078126,-13452.248046875,-12186.958955078126,300,0.0,1.0,4,0.009498075262548533,readout_complex_attention
1.0,0.0,0.9996826122204463,300,2,0.0,2026092702,-12152.860891927083,1,-10567.009765625,-12152.860891927083,-13546.9658203125,-12152.860891927083,300,0.0,1.0,4,0.013529607179557424,readout_complex_attention
1.0,0.0,0.9997086195151011,300,3,0.0,2026092702,-11981.437057291667,1,-10768.1123046875,-11981.437057291667,-13070.76171875,-11981.437057291667,300,0.0,1.0,4,0.02088709580446957,readout_complex_attention
0.96,0.0,0.8342477931827307,300,1,0.0,2026092702,-10820.90757446289,3,606852.0625,-10820.90757446289,-553874.5625,-10820.90757446289,300,0.0,1.0,4,0.21785197514694388,readout_complex_attention
0.9633333333333334,0.0,0.8177648937702179,300,2,0.0,2026092702,-13117.563010101318,3,543099.8125,-13117.563010101318,-582237.25,-13117.563010101318,300,0.0,1.0,4,0.21022103333517939,readout_complex_attention
0.9533333333333334,0.0,0.7870791389172276,300,3,0.0,2026092702,-7291.635153617859,3,622686.0,-7291.635153617859,-616600.1875,-7291.635153617859,300,0.0,1.0,4,0.263180789795751,readout_complex_attention
1.0,0.0,0.9983373133341471,300,1,0.0,2026092702,-12843.360208333334,4,-10647.2158203125,-12843.360208333334,-15868.83984375,-12843.360208333334,300,0.0,1.0,4,0.0147312968917378,readout_complex_attention
1.0,0.0,0.9971807022889455,300,2,0.0,2026092702,-12609.797067057292,4,-9167.263671875,-12609.797067057292,-15754.1220703125,-12609.797067057292,300,0.0,1.0,4,0.01697445549634491,readout_complex_attention
1.0,0.0,0.994736109127601,300,3,0.0,2026092702,-14361.629742838542,4,-10348.0478515625,-14361.629742838542,-509598.1875,-14361.629742838542,300,0.0,1.0,4,0.015176257342522259,readout_complex_attention
0.99,0.0,0.9805895109474659,300,1,0.0,2026092702,-13043.826184895834,6,163459.546875,-13043.826184895834,-579876.8125,-13043.826184895834,300,0.0,1.0,4,0.09008252411798023,readout_complex_attention
0.99,0.0,0.9744761701424917,300,2,0.0,2026092702,-11046.928647155763,6,16647.359375,-11046.928647155763,-22569.498046875,-11046.928647155763,300,0.0,1.0,4,0.08673033459016155,readout_complex_attention
0.9966666666666667,0.0,0.9873833298186461,300,3,0.0,2026092702,-10715.544656575521,6,220832.859375,-10715.544656575521,-18375.380859375,-10715.544656575521,300,0.0,1.0,4,0.06591147898861105,readout_complex_attention
1.0,0.0,0.8916868689407905,300,1,0.0,2026092702,-8880.49575302124,8,330305.1875,-8880.49575302124,-36389.27734375,-8880.49575302124,300,0.0,1.0,4,0.14100154553849265,readout_complex_attention
1.0,0.0,0.8893355586131414,300,2,0.0,2026092702,-11499.081474787394,8,42320.04296875,-11499.081474787394,-106413.0390625,-11499.081474787394,300,0.0,1.0,4,0.1412589413808849,readout_complex_attention
0.9866666666666667,0.0,0.8946144796411196,300,3,0.0,2026092702,-12472.267841288249,8,23379.1796875,-12472.267841288249,-472079.09375,-12472.267841288249,300,0.0,1.0,4,0.17443361836028326,readout_complex_attention
1.0,0.0,0.9985529824097952,300,1,0.0,2026092702,-20179.50728515625,1,-17820.69140625,-20179.50728515625,-22284.58984375,-20179.50728515625,300,0.0,1.0,5,0.05202407732111458,readout_complex_attention
0.9933333333333333,0.0,0.998565810918808,300,2,0.0,2026092702,-20282.956861979168,1,-16371.84765625,-20282.956861979168,-22749.0546875,-20282.956861979168,300,0.0,1.0,5,0.03759347371259436,readout_complex_attention
0.99,0.0,0.997731768488884,300,3,0.0,2026092702,-20415.447024739584,1,-18463.630859375,-20415.447024739584,-22537.9375,-20415.447024739584,300,0.0,1.0,5,0.05281670417438655,readout_complex_attention
0.98,0.0,0.8766845100124677,300,1,0.0,2026092702,-19625.03742960612,3,16550.4140625,-19625.03742960612,-124709.3515625,-19625.03742960612,300,0.0,1.0,5,0.09391794845152235,readout_complex_attention
0.9833333333333333,0.0,0.8878560337424278,300,2,0.0,2026092702,-19126.945930887858,3,262821.46875,-19126.945930887858,-76552.3125,-19126.945930887858,300,0.0,1.0,5,0.08169854147854116,readout_complex_attention
0.9866666666666667,0.0,0.8658727371195952,300,3,0.0,2026092702,-17358.69468465169,3,496442.8125,-17358.69468465169,-270683.96875,-17358.69468465169,300,0.0,1.0,5,0.07257983490602449,readout_complex_attention
0.9966666666666667,0.0,0.9919818715751171,300,1,0.0,2026092702,-19742.31517578125,4,144524.046875,-19742.31517578125,-153345.0,-19742.31517578125,300,0.0,1.0,5,0.06790423291897751,readout_complex_attention
0.9933333333333333,0.0,0.9833062568306923,300,2,0.0,2026092702,-21667.58068359375,4,-10637.8173828125,-21667.58068359375,-217863.453125,-21667.58068359375,300,0.0,1.0,5,0.13291307765458082,readout_complex_attention
0.9933333333333333,0.0,0.982509353607893,300,3,0.0,2026092702,-21725.051258951822,4,-2253.889404296875,-21725.051258951822,-239948.171875,-21725.051258951822,300,0.0,1.0,5,0.15167046445911936,readout_complex_attention
1.0,0.0,0.9970015901327133,300,1,0.0,2026092702,-18900.94838541667,6,-16564.119140625,-18900.94838541667,-21957.5,-18900.94838541667,300,0.0,1.0,5,0.07984966379820713,readout_complex_attention
1.0,0.0,0.9979795678456624,300,2,0.0,2026092702,-18715.40726236979,6,-15966.869140625,-18715.40726236979,-22037.232421875,-18715.40726236979,300,0.0,1.0,5,0.09377842147076776,readout_complex_attention
1.0,0.0,0.9951539301872253,300,3,0.0,2026092702,-18021.071728515624,6,-6698.458984375,-18021.071728515624,-22221.98046875,-18021.071728515624,300,0.0,1.0,5,0.11840084201482626,readout_complex_attention
0.9933333333333333,0.0,0.9236229381958644,300,1,0.0,2026092702,-20494.906968536376,8,19617.720703125,-20494.906968536376,-282722.0,-20494.906968536376,300,0.0,1.0,5,0.045894054030462095,readout_complex_attention
0.9833333333333333,0.0,0.9255151661237081,300,2,0.0,2026092702,-20989.74442586263,8,876.0730590820312,-20989.74442586263,-48763.5859375,-20989.74442586263,300,0.0,1.0,5,0.06319235063984774,readout_complex_attention
0.99,0.0,0.9128801691532135,300,3,0.0,2026092702,-19253.109247233075,8,6383.14892578125,-19253.109247233075,-86005.375,-19253.109247233075,300,0.0,1.0,5,0.05952911296335439,readout_complex_attention
0.9933333333333333,0.0,0.9921577136218548,300,1,0.0,2026092703,-26914.05865234375,1,-23710.791015625,-26914.05865234375,-34867.8046875,-26914.05865234375,300,0.0,1.0,0,0.11471956887944501,readout_attention
1.0,0.0,0.9969143839677175,300,2,0.0,2026092703,-26997.29896484375,1,-24915.0703125,-26997.29896484375,-29281.009765625,-26997.29896484375,300,0.0,1.0,0,0.11870392038171795,readout_attention
0.9933333333333333,0.0,0.9959728302558263,300,3,0.0,2026092703,-27036.744583333333,1,-17193.962890625,-27036.744583333333,-29216.671875,-27036.744583333333,300,0.0,1.0,0,0.0745973504277081,readout_attention
0.9333333333333333,0.0,0.8407306848093867,300,1,0.0,2026092703,-32599.654809977215,3,599168.375,-32599.654809977215,-621967.875,-32599.654809977215,300,0.0,1.0,0,0.2592664105302893,readout_attention
0.9666666666666667,0.0,0.8427451226736108,300,2,0.0,2026092703,-19893.017174886067,3,578542.5625,-19893.017174886067,-610105.75,-19893.017174886067,300,0.0,1.0,0,0.25848159868054454,readout_attention
0.93,0.0,0.8296312564238906,300,3,0.0,2026092703,-16558.236828918456,3,572646.875,-16558.236828918456,-557283.0625,-16558.236828918456,300,0.0,1.0,0,0.3607876274279396,readout_attention
1.0,0.0,0.996070388952891,300,1,0.0,2026092703,-28011.63046875,4,-24516.6171875,-28011.63046875,-32686.943359375,-28011.63046875,300,0.0,1.0,0,0.05741470684137884,readout_attention
1.0,0.0,0.9986021320025126,300,2,0.0,2026092703,-27672.128684895833,4,-25615.763671875,-27672.128684895833,-29823.333984375,-27672.128684895833,300,0.0,1.0,0,0.057518809891593636,readout_attention
1.0,0.0,0.998875458240509,300,3,0.0,2026092703,-27824.992005208333,4,-25399.595703125,-27824.992005208333,-29762.24609375,-27824.992005208333,300,0.0,1.0,0,0.05453886080802106,readout_attention
0.99,0.0,0.990090055714051,300,1,0.0,2026092703,-26924.773723958333,6,-22339.32421875,-26924.773723958333,-128068.515625,-26924.773723958333,300,0.0,1.0,0,0.08014697120427416,readout_attention
1.0,0.0,0.9876185045639674,300,2,0.0,2026092703,-27468.35755859375,6,-20680.72265625,-27468.35755859375,-38947.83984375,-27468.35755859375,300,0.0,1.0,0,0.09379166883636814,readout_attention
0.9966666666666667,0.0,0.9805694196621577,300,3,0.0,2026092703,-26280.906529947915,6,-20889.609375,-26280.906529947915,-32613.501953125,-26280.906529947915,300,0.0,1.0,0,0.07320475818471295,readout_attention
0.98,0.0,0.8392215252419313,300,1,0.0,2026092703,-19500.58509174347,8,597359.9375,-19500.58509174347,-202708.546875,-19500.58509174347,300,0.0,1.0,0,0.2469565550389251,readout_attention
0.9733333333333334,0.0,0.860476649403572,300,2,0.0,2026092703,-27325.18803914388,8,23424.271484375,-27325.18803914388,-609270.1875,-27325.18803914388,300,0.0,1.0,0,0.246141435379732,readout_attention
0.96,0.0,0.8545868360002835,300,3,0.0,2026092703,-23919.98753751119,8,580221.0,-23919.98753751119,-559319.3125,-23919.98753751119,300,0.0,1.0,0,0.2940840936886505,readout_attention
0.9933333333333333,0.0,0.9927015282710393,300,1,0.0,2026092703,-21306.525276285807,1,-1809.8533935546875,-21306.525276285807,-25667.486328125,-21306.525276285807,300,0.0,1.0,1,0.09671852521511404,readout_attention
0.9833333333333333,0.0,0.9973381127913793,300,2,0.0,2026092703,-22190.22104817708,1,-17622.93359375,-22190.22104817708,-24787.240234375,-22190.22104817708,300,0.0,1.0,1,0.06004762871320313,readout_attention
0.9933333333333333,0.0,0.9990472426017125,300,3,0.0,2026092703,-22559.388478190103,1,-4857.29345703125,-22559.388478190103,-25170.203125,-22559.388478190103,300,0.0,1.0,1,0.0807886718240588,readout_attention
0.9666666666666667,0.0,0.8815935239195823,300,1,0.0,2026092703,-21378.820799560548,3,446114.0,-21378.820799560548,-108983.53125,-21378.820799560548,300,0.0,1.0,1,0.29045199050153947,readout_attention
0.9666666666666667,0.0,0.8745111145886282,300,2,0.0,2026092703,-22024.885188395183,3,335975.90625,-22024.885188395183,-556382.25,-22024.885188395183,300,0.0,1.0,1,0.2921102612489239,readout_attention
0.8933333333333333,0.0,0.8518686656405529,300,3,0.0,2026092703,-24257.959638773602,3,611520.1875,-24257.959638773602,-610973.1875,-24257.959638773602,300,0.0,1.0,1,0.3787936467954096,readout_attention
1.0,0.0,0.9991894960403442,300,1,0.0,2026092703,-23169.138821614582,4,-20509.126953125,-23169.138821614582,-25406.765625,-23169.138821614582,300,0.0,1.0,1,0.10924324537715135,readout_attention
1.0,0.0,0.9986263140042623,300,2,0.0,2026092703,-22632.316471354166,4,-14038.548828125,-22632.316471354166,-24574.96875,-22632.316471354166,300,0.0,1.0,1,0.18013185733827342,readout_attention
0.99,0.0,0.9981225313742955,300,3,0.0,2026092703,-23001.16021077474,4,1132.475341796875,-23001.16021077474,-24915.26171875,-23001.16021077474,300,0.0,1.0,1,0.14859182425726714,readout_attention
0.9933333333333333,0.0,0.9948582658171654,300,1,0.0,2026092703,-23038.641243489583,6,-15437.158203125,-23038.641243489583,-270619.1875,-23038.641243489583,300,0.0,1.0,1,0.09301981190233843,readout_attention
0.9866666666666667,0.0,0.9939415416121483,300,2,0.0,2026092703,-22659.027272135416,6,-13901.150390625,-22659.027272135416,-237097.1875,-22659.027272135416,300,0.0,1.0,1,0.10775458174728303,readout_attention
0.98,0.0,0.9923021006087462,300,3,0.0,2026092703,-22575.722891438803,6,-3095.299072265625,-22575.722891438803,-172514.359375,-22575.722891438803,300,0.0,1.0,1,0.19481413546852389,readout_attention
0.9566666666666667,0.0,0.8593488229314487,300,1,0.0,2026092703,-20772.708798828124,8,450508.75,-20772.708798828124,-226374.15625,-20772.708798828124,300,0.0,1.0,1,0.2500575611695435,readout_attention
0.9466666666666667,0.0,0.8749892761806647,300,2,0.0,2026092703,-21225.562836812336,8,4392.654296875,-21225.562836812336,-204099.90625,-21225.562836812336,300,0.0,1.0,1,0.25725413379754736,readout_attention
0.9466666666666667,0.0,0.8787944091359774,300,3,0.0,2026092703,-19687.938111012776,8,541056.9375,-19687.938111012776,-396135.09375,-19687.938111012776,300,0.0,1.0,1,0.2730772618668469,readout_attention
1.0,0.0,0.9987207810084026,300,1,0.0,2026092703,-22064.192858072918,1,-19434.201171875,-22064.192858072918,-24899.802734375,-22064.192858072918,300,0.0,1.0,2,0.034556076536453206,readout_attention
1.0,0.0,0.9987414896488189,300,2,0.0,2026092703,-21583.2346875,1,-18921.12890625,-21583.2346875,-23712.373046875,-21583.2346875,300,0.0,1.0,2,0.038903343600570794,readout_attention
0.9966666666666667,0.0,0.9984172634283701,300,3,0.0,2026092703,-22135.415572916667,1,-19751.6796875,-22135.415572916667,-24196.537109375,-22135.415572916667,300,0.0,1.0,2,0.05794775261488949,readout_attention
0.9833333333333333,0.0,0.8800891214609146,300,1,0.0,2026092703,-22153.40174621582,3,80448.65625,-22153.40174621582,-95076.3046875,-22153.40174621582,300,0.0,1.0,2,0.15622814625830206,readout_attention
0.99,0.0,0.877268965219458,300,2,0.0,2026092703,-21170.907107289633,3,12866.681640625,-21170.907107289633,-106148.5234375,-21170.907107289633,300,0.0,1.0,2,0.17551935261137697,readout_attention
0.99,0.0,0.8882330258687338,300,3,0.0,2026092703,-19384.25474866231,3,489075.03125,-19384.25474866231,-99052.359375,-19384.25474866231,300,0.0,1.0,2,0.18214791735204983,readout_attention
0.9633333333333334,0.0,0.9545144002139568,300,1,0.0,2026092703,-15601.102389322916,4,488752.28125,-15601.102389322916,-503510.03125,-15601.102389322916,300,0.0,1.0,2,0.15727839040775837,readout_attention
0.98,0.0,0.9807366546740135,300,2,0.0,2026092703,-20197.78306681315,4,508878.125,-20197.78306681315,-562488.375,-20197.78306681315,300,0.0,1.0,2,0.17574839592022184,readout_attention
0.9833333333333333,0.0,0.9833251300702492,300,3,0.0,2026092703,-24374.858152669272,4,52141.28515625,-24374.858152669272,-533169.375,-24374.858152669272,300,0.0,1.0,2,0.06128089370330425,readout_attention
1.0,0.0,0.9954308191935222,300,1,0.0,2026092703,-22650.558255208332,6,-19642.076171875,-22650.558255208332,-31095.6796875,-22650.558255208332,300,0.0,1.0,2,0.04137326063258939,readout_attention
1.0,0.0,0.9979568711916605,300,2,0.0,2026092703,-22341.060983072915,6,-20186.369140625,-22341.060983072915,-25786.19140625,-22341.060983072915,300,0.0,1.0,2,0.03897379579640914,readout_attention
1.0,0.0,0.9987439831097921,300,3,0.0,2026092703,-22441.754010416666,6,-19984.583984375,-22441.754010416666,-24038.400390625,-22441.754010416666,300,0.0,1.0,2,0.014769180228445533,readout_attention
0.99,0.0,0.9081011878947417,300,1,0.0,2026092703,-21003.09012682597,8,28203.36328125,-21003.09012682597,-98927.9453125,-21003.09012682597,300,0.0,1.0,2,0.0571011512674936,readout_attention
1.0,0.0,0.9055181274811427,300,2,0.0,2026092703,-20531.140282058717,8,47107.25,-20531.140282058717,-76422.125,-20531.140282058717,300,0.0,1.0,2,0.04893089184465638,readout_attention
0.9966666666666667,0.0,0.9105378817518552,300,3,0.0,2026092703,-22384.335665690105,8,14195.4716796875,-22384.335665690105,-496795.40625,-22384.335665690105,300,0.0,1.0,2,0.06720363463967705,readout_attention
0.9933333333333333,0.0,0.9987421586116155,300,1,0.0,2026092703,-22931.140227864584,1,-19074.873046875,-22931.140227864584,-25098.576171875,-22931.140227864584,300,0.0,1.0,3,0.14871589878164693,readout_attention
0.9933333333333333,0.0,0.9988671799500783,300,2,0.0,2026092703,-22377.433307291667,1,-16658.80859375,-22377.433307291667,-29830.681640625,-22377.433307291667,300,0.0,1.0,3,0.11225193324890137,readout_attention
1.0,0.0,0.9978403655687967,300,3,0.0,2026092703,-22819.563631388348,1,-440.51129150390625,-22819.563631388348,-28203.619140625,-22819.563631388348,300,0.0,1.0,3,0.11155623906806533,readout_attention
0.94,0.0,0.865618384530147,300,1,0.0,2026092703,-21195.431389770507,3,612900.1875,-21195.431389770507,-441303.46875,-21195.431389770507,300,0.0,1.0,3,0.29585365470573877,readout_attention
0.9133333333333333,0.0,0.8713305069506169,300,2,0.0,2026092703,-21528.43489250183,3,265072.9375,-21528.43489250183,-97111.40625,-21528.43489250183,300,0.0,1.0,3,0.3143528173721667,readout_attention
0.9233333333333333,0.0,0.8631079876050353,300,3,0.0,2026092703,-18159.263392944336,3,492900.09375,-18159.263392944336,-99733.5859375,-18159.263392944336,300,0.0,1.0,3,0.3270242053510427,readout_attention
0.9733333333333334,0.0,0.9924259837468465,300,1,0.0,2026092703,-23087.82831258138,4,-2014.2171630859375,-23087.82831258138,-63384.9765625,-23087.82831258138,300,0.0,1.0,3,0.08790437381155791,readout_attention
0.9633333333333334,0.0,0.9915273221333821,300,2,0.0,2026092703,-22005.049450683593,4,163272.875,-22005.049450683593,-29471.982421875,-22005.049450683593,300,0.0,1.0,3,0.10201819313791216,readout_attention
0.97,0.0,0.9860645049065352,300,3,0.0,2026092703,-23351.807674967447,4,33403.87109375,-23351.807674967447,-303930.8125,-23351.807674967447,300,0.0,1.0,3,0.0958765323216002,readout_attention
0.99,0.0,0.9995619833469391,300,1,0.0,2026092703,-22036.864798177085,6,-18655.6875,-22036.864798177085,-23398.740234375,-22036.864798177085,300,0.0,1.0,3,0.03927990379933166,readout_attention
1.0,0.0,0.9995536784331004,300,2,0.0,2026092703,-22094.688385416666,6,-20940.001953125,-22094.688385416666,-23784.7734375,-22094.688385416666,300,0.0,1.0,3,0.02580922117774176,readout_attention
1.0,0.0,0.9996031298240026,300,3,0.0,2026092703,-22472.7951171875,6,-20929.408203125,-22472.7951171875,-24151.763671875,-22472.7951171875,300,0.0,1.0,3,0.027606094953124494,readout_attention
0.97,0.0,0.8408772169239819,300,1,0.0,2026092703,-17307.98534301758,8,560956.25,-17307.98534301758,-262169.78125,-17307.98534301758,300,0.0,1.0,3,0.3739214295223432,readout_attention
0.9766666666666667,0.0,0.8444221367438635,300,2,0.0,2026092703,-19846.144803466796,8,541814.9375,-19846.144803466796,-238445.421875,-19846.144803466796,300,0.0,1.0,3,0.3235098484451867,readout_attention
0.9733333333333334,0.0,0.8163974509636561,300,3,0.0,2026092703,-12324.808023910522,8,617916.3125,-12324.808023910522,-577506.5625,-12324.808023910522,300,0.0,1.0,3,0.3770836334266663,readout_attention
1.0,0.0,0.9997017898162206,300,1,0.0,2026092703,-12186.958955078126,1,-10876.2939453125,-12186.958955078126,-13452.248046875,-12186.958955078126,300,0.0,1.0,4,0.011675151956388463,readout_attention
1.0,0.0,0.9996826122204463,300,2,0.0,2026092703,-12152.860891927083,1,-10567.009765625,-12152.860891927083,-13546.9658203125,-12152.860891927083,300,0.0,1.0,4,0.01666057016054656,readout_attention
1.0,0.0,0.9997086195151011,300,3,0.0,2026092703,-11981.437057291667,1,-10768.1123046875,-11981.437057291667,-13070.76171875,-11981.437057291667,300,0.0,1.0,4,0.02236758593862831,readout_attention
0.9566666666666667,0.0,0.8342477931827307,300,1,0.0,2026092703,-10820.90757446289,3,606852.0625,-10820.90757446289,-553874.5625,-10820.90757446289,300,0.0,1.0,4,0.3381440383693741,readout_attention
0.9466666666666667,0.0,0.8177648937702179,300,2,0.0,2026092703,-13117.563010101318,3,543099.8125,-13117.563010101318,-582237.25,-13117.563010101318,300,0.0,1.0,4,0.3286628866000345,readout_attention
0.94,0.0,0.7870791389172276,300,3,0.0,2026092703,-7291.635153617859,3,622686.0,-7291.635153617859,-616600.1875,-7291.635153617859,300,0.0,1.0,4,0.33807794424452153,readout_attention
1.0,0.0,0.9983373133341471,300,1,0.0,2026092703,-12843.360208333334,4,-10647.2158203125,-12843.360208333334,-15868.83984375,-12843.360208333334,300,0.0,1.0,4,0.025291291472964383,readout_attention
1.0,0.0,0.9971807022889455,300,2,0.0,2026092703,-12609.797067057292,4,-9167.263671875,-12609.797067057292,-15754.1220703125,-12609.797067057292,300,0.0,1.0,4,0.031718638165125435,readout_attention
1.0,0.0,0.994736109127601,300,3,0.0,2026092703,-14361.629742838542,4,-10348.0478515625,-14361.629742838542,-509598.1875,-14361.629742838542,300,0.0,1.0,4,0.030118831142102342,readout_attention
0.9933333333333333,0.0,0.9805895109474659,300,1,0.0,2026092703,-13043.826184895834,6,163459.546875,-13043.826184895834,-579876.8125,-13043.826184895834,300,0.0,1.0,4,0.12588142620843368,readout_attention
0.9966666666666667,0.0,0.9744761701424917,300,2,0.0,2026092703,-11046.928647155763,6,16647.359375,-11046.928647155763,-22569.498046875,-11046.928647155763,300,0.0,1.0,4,0.14418153827250524,readout_attention
1.0,0.0,0.9873833298186461,300,3,0.0,2026092703,-10715.544656575521,6,220832.859375,-10715.544656575521,-18375.380859375,-10715.544656575521,300,0.0,1.0,4,0.11126970461551855,readout_attention
1.0,0.0,0.8916868689407905,300,1,0.0,2026092703,-8880.49575302124,8,330305.1875,-8880.49575302124,-36389.27734375,-8880.49575302124,300,0.0,1.0,4,0.1508103159592561,readout_attention
1.0,0.0,0.8893355586131414,300,2,0.0,2026092703,-11499.081474787394,8,42320.04296875,-11499.081474787394,-106413.0390625,-11499.081474787394,300,0.0,1.0,4,0.1492058755129967,readout_attention
0.9866666666666667,0.0,0.8946144796411196,300,3,0.0,2026092703,-12472.267841288249,8,23379.1796875,-12472.267841288249,-472079.09375,-12472.267841288249,300,0.0,1.0,4,0.17635342030639667,readout_attention
1.0,0.0,0.9985529824097952,300,1,0.0,2026092703,-20179.50728515625,1,-17820.69140625,-20179.50728515625,-22284.58984375,-20179.50728515625,300,0.0,1.0,5,0.0352569552801949,readout_attention
0.9933333333333333,0.0,0.998565810918808,300,2,0.0,2026092703,-20282.956861979168,1,-16371.84765625,-20282.956861979168,-22749.0546875,-20282.956861979168,300,0.0,1.0,5,0.037689716720500366,readout_attention
0.9966666666666667,0.0,0.997731768488884,300,3,0.0,2026092703,-20415.447024739584,1,-18463.630859375,-20415.447024739584,-22537.9375,-20415.447024739584,300,0.0,1.0,5,0.0574497549076487,readout_attention
0.98,0.0,0.8766845100124677,300,1,0.0,2026092703,-19625.03742960612,3,16550.4140625,-19625.03742960612,-124709.3515625,-19625.03742960612,300,0.0,1.0,5,0.09272181061878759,readout_attention
0.98,0.0,0.8878560337424278,300,2,0.0,2026092703,-19126.945930887858,3,262821.46875,-19126.945930887858,-76552.3125,-19126.945930887858,300,0.0,1.0,5,0.07907231375914447,readout_attention
0.9866666666666667,0.0,0.8658727371195952,300,3,0.0,2026092703,-17358.69468465169,3,496442.8125,-17358.69468465169,-270683.96875,-17358.69468465169,300,0.0,1.0,5,0.07425142222640913,readout_attention
0.9966666666666667,0.0,0.9919818715751171,300,1,0.0,2026092703,-19742.31517578125,4,144524.046875,-19742.31517578125,-153345.0,-19742.31517578125,300,0.0,1.0,5,0.12825829357721397,readout_attention
0.99,0.0,0.9833062568306923,300,2,0.0,2026092703,-21667.58068359375,4,-10637.8173828125,-21667.58068359375,-217863.453125,-21667.58068359375,300,0.0,1.0,5,0.16559632472900698,readout_attention
0.9933333333333333,0.0,0.982509353607893,300,3,0.0,2026092703,-21725.051258951822,4,-2253.889404296875,-21725.051258951822,-239948.171875,-21725.051258951822,300,0.0,1.0,5,0.1799208620848679,readout_attention
1.0,0.0,0.9970015901327133,300,1,0.0,2026092703,-18900.94838541667,6,-16564.119140625,-18900.94838541667,-21957.5,-18900.94838541667,300,0.0,1.0,5,0.10770745462756581,readout_attention
1.0,0.0,0.9979795678456624,300,2,0.0,2026092703,-18715.40726236979,6,-15966.869140625,-18715.40726236979,-22037.232421875,-18715.40726236979,300,0.0,1.0,5,0.12347519115388017,readout_attention
1.0,0.0,0.9951539301872253,300,3,0.0,2026092703,-18021.071728515624,6,-6698.458984375,-18021.071728515624,-22221.98046875,-18021.071728515624,300,0.0,1.0,5,0.09370584810731775,readout_attention
0.99,0.0,0.9236229381958644,300,1,0.0,2026092703,-20494.906968536376,8,19617.720703125,-20494.906968536376,-282722.0,-20494.906968536376,300,0.0,1.0,5,0.04541678194557508,readout_attention
0.9833333333333333,0.0,0.9255151661237081,300,2,0.0,2026092703,-20989.74442586263,8,876.0730590820312,-20989.74442586263,-48763.5859375,-20989.74442586263,300,0.0,1.0,5,0.052048644110443076,readout_attention
0.99,0.0,0.9128801691532135,300,3,0.0,2026092703,-19253.109247233075,8,6383.14892578125,-19253.109247233075,-86005.375,-19253.109247233075,300,0.0,1.0,5,0.05593988292673746,readout_attention
0.9933333333333333,0.0,0.9921577136218548,300,1,0.0,2026092703,-26914.05865234375,1,-23710.791015625,-26914.05865234375,-34867.8046875,-26914.05865234375,300,0.0,1.0,0,0.1157806896130471,readout_complex_attention
1.0,0.0,0.9969143839677175,300,2,0.0,2026092703,-26997.29896484375,1,-24915.0703125,-26997.29896484375,-29281.009765625,-26997.29896484375,300,0.0,1.0,0,0.1115884165334321,readout_complex_attention
0.9933333333333333,0.0,0.9959728302558263,300,3,0.0,2026092703,-27036.744583333333,1,-17193.962890625,-27036.744583333333,-29216.671875,-27036.744583333333,300,0.0,1.0,0,0.07780989702158148,readout_complex_attention
0.9333333333333333,0.0,0.8407306848093867,300,1,0.0,2026092703,-32599.654809977215,3,599168.375,-32599.654809977215,-621967.875,-32599.654809977215,300,0.0,1.0,0,0.23606091033358745,readout_complex_attention
0.9366666666666666,0.0,0.8427451226736108,300,2,0.0,2026092703,-19893.017174886067,3,578542.5625,-19893.017174886067,-610105.75,-19893.017174886067,300,0.0,1.0,0,0.23568609351960612,readout_complex_attention
0.9266666666666666,0.0,0.8296312564238906,300,3,0.0,2026092703,-16558.236828918456,3,572646.875,-16558.236828918456,-557283.0625,-16558.236828918456,300,0.0,1.0,0,0.32890760642625105,readout_complex_attention
1.0,0.0,0.996070388952891,300,1,0.0,2026092703,-28011.63046875,4,-24516.6171875,-28011.63046875,-32686.943359375,-28011.63046875,300,0.0,1.0,0,0.044718577973607565,readout_complex_attention
1.0,0.0,0.9986021320025126,300,2,0.0,2026092703,-27672.128684895833,4,-25615.763671875,-27672.128684895833,-29823.333984375,-27672.128684895833,300,0.0,1.0,0,0.04851874232521791,readout_complex_attention
1.0,0.0,0.998875458240509,300,3,0.0,2026092703,-27824.992005208333,4,-25399.595703125,-27824.992005208333,-29762.24609375,-27824.992005208333,300,0.0,1.0,0,0.04449091204485034,readout_complex_attention
0.9866666666666667,0.0,0.990090055714051,300,1,0.0,2026092703,-26924.773723958333,6,-22339.32421875,-26924.773723958333,-128068.515625,-26924.773723958333,300,0.0,1.0,0,0.07107167557284133,readout_complex_attention
1.0,0.0,0.9876185045639674,300,2,0.0,2026092703,-27468.35755859375,6,-20680.72265625,-27468.35755859375,-38947.83984375,-27468.35755859375,300,0.0,1.0,0,0.08049418014143606,readout_complex_attention
0.9966666666666667,0.0,0.9805694196621577,300,3,0.0,2026092703,-26280.906529947915,6,-20889.609375,-26280.906529947915,-32613.501953125,-26280.906529947915,300,0.0,1.0,0,0.06625594698348691,readout_complex_attention
0.9766666666666667,0.0,0.8392215252419313,300,1,0.0,2026092703,-19500.58509174347,8,597359.9375,-19500.58509174347,-202708.546875,-19500.58509174347,300,0.0,1.0,0,0.222157723566902,readout_complex_attention
0.96,0.0,0.860476649403572,300,2,0.0,2026092703,-27325.18803914388,8,23424.271484375,-27325.18803914388,-609270.1875,-27325.18803914388,300,0.0,1.0,0,0.2288824764119296,readout_complex_attention
0.9666666666666667,0.0,0.8545868360002835,300,3,0.0,2026092703,-23919.98753751119,8,580221.0,-23919.98753751119,-559319.3125,-23919.98753751119,300,0.0,1.0,0,0.27012461077350247,readout_complex_attention
0.9933333333333333,0.0,0.9927015282710393,300,1,0.0,2026092703,-21306.525276285807,1,-1809.8533935546875,-21306.525276285807,-25667.486328125,-21306.525276285807,300,0.0,1.0,1,0.09330489184728075,readout_complex_attention
0.98,0.0,0.9973381127913793,300,2,0.0,2026092703,-22190.22104817708,1,-17622.93359375,-22190.22104817708,-24787.240234375,-22190.22104817708,300,0.0,1.0,1,0.056614321991847905,readout_complex_attention
0.9933333333333333,0.0,0.9990472426017125,300,3,0.0,2026092703,-22559.388478190103,1,-4857.29345703125,-22559.388478190103,-25170.203125,-22559.388478190103,300,0.0,1.0,1,0.08148182782112179,readout_complex_attention
0.95,0.0,0.8815935239195823,300,1,0.0,2026092703,-21378.820799560548,3,446114.0,-21378.820799560548,-108983.53125,-21378.820799560548,300,0.0,1.0,1,0.28076039987556656,readout_complex_attention
0.95,0.0,0.8745111145886282,300,2,0.0,2026092703,-22024.885188395183,3,335975.90625,-22024.885188395183,-556382.25,-22024.885188395183,300,0.0,1.0,1,0.2665319859497062,readout_complex_attention
0.8566666666666667,0.0,0.8518686656405529,300,3,0.0,2026092703,-24257.959638773602,3,611520.1875,-24257.959638773602,-610973.1875,-24257.959638773602,300,0.0,1.0,1,0.35384276069217857,readout_complex_attention
1.0,0.0,0.9991894960403442,300,1,0.0,2026092703,-23169.138821614582,4,-20509.126953125,-23169.138821614582,-25406.765625,-23169.138821614582,300,0.0,1.0,1,0.09479848960020854,readout_complex_attention
0.9966666666666667,0.0,0.9986263140042623,300,2,0.0,2026092703,-22632.316471354166,4,-14038.548828125,-22632.316471354166,-24574.96875,-22632.316471354166,300,0.0,1.0,1,0.14753928223126844,readout_complex_attention
0.9833333333333333,0.0,0.9981225313742955,300,3,0.0,2026092703,-23001.16021077474,4,1132.475341796875,-23001.16021077474,-24915.26171875,-23001.16021077474,300,0.0,1.0,1,0.12940654932524398,readout_complex_attention
0.9833333333333333,0.0,0.9948582658171654,300,1,0.0,2026092703,-23038.641243489583,6,-15437.158203125,-23038.641243489583,-270619.1875,-23038.641243489583,300,0.0,1.0,1,0.0903886891277711,readout_complex_attention
0.9866666666666667,0.0,0.9939415416121483,300,2,0.0,2026092703,-22659.027272135416,6,-13901.150390625,-22659.027272135416,-237097.1875,-22659.027272135416,300,0.0,1.0,1,0.09788630334445159,readout_complex_attention
0.9866666666666667,0.0,0.9923021006087462,300,3,0.0,2026092703,-22575.722891438803,6,-3095.299072265625,-22575.722891438803,-172514.359375,-22575.722891438803,300,0.0,1.0,1,0.17387499384397065,readout_complex_attention
0.9466666666666667,0.0,0.8593488229314487,300,1,0.0,2026092703,-20772.708798828124,8,450508.75,-20772.708798828124,-226374.15625,-20772.708798828124,300,0.0,1.0,1,0.22864923124939074,readout_complex_attention
0.9233333333333333,0.0,0.8749892761806647,300,2,0.0,2026092703,-21225.562836812336,8,4392.654296875,-21225.562836812336,-204099.90625,-21225.562836812336,300,0.0,1.0,1,0.23786452828354188,readout_complex_attention
0.9333333333333333,0.0,0.8787944091359774,300,3,0.0,2026092703,-19687.938111012776,8,541056.9375,-19687.938111012776,-396135.09375,-19687.938111012776,300,0.0,1.0,1,0.25508113107809527,readout_complex_attention
1.0,0.0,0.9987207810084026,300,1,0.0,2026092703,-22064.192858072918,1,-19434.201171875,-22064.192858072918,-24899.802734375,-22064.192858072918,300,0.0,1.0,2,0.02806858224838593,readout_complex_attention
1.0,0.0,0.9987414896488189,300,2,0.0,2026092703,-21583.2346875,1,-18921.12890625,-21583.2346875,-23712.373046875,-21583.2346875,300,0.0,1.0,2,0.0429681800419951,readout_complex_attention
0.9966666666666667,0.0,0.9984172634283701,300,3,0.0,2026092703,-22135.415572916667,1,-19751.6796875,-22135.415572916667,-24196.537109375,-22135.415572916667,300,0.0,1.0,2,0.047629255007559435,readout_complex_attention
0.9766666666666667,0.0,0.8800891214609146,300,1,0.0,2026092703,-22153.40174621582,3,80448.65625,-22153.40174621582,-95076.3046875,-22153.40174621582,300,0.0,1.0,2,0.14425419820347074,readout_complex_attention
0.99,0.0,0.877268965219458,300,2,0.0,2026092703,-21170.907107289633,3,12866.681640625,-21170.907107289633,-106148.5234375,-21170.907107289633,300,0.0,1.0,2,0.17347050267768527,readout_complex_attention
0.98,0.0,0.8882330258687338,300,3,0.0,2026092703,-19384.25474866231,3,489075.03125,-19384.25474866231,-99052.359375,-19384.25474866231,300,0.0,1.0,2,0.1804690016265107,readout_complex_attention
0.97,0.0,0.9545144002139568,300,1,0.0,2026092703,-15601.102389322916,4,488752.28125,-15601.102389322916,-503510.03125,-15601.102389322916,300,0.0,1.0,2,0.13840545368327384,readout_complex_attention
0.9833333333333333,0.0,0.9807366546740135,300,2,0.0,2026092703,-20197.78306681315,4,508878.125,-20197.78306681315,-562488.375,-20197.78306681315,300,0.0,1.0,2,0.1715712332066509,readout_complex_attention
0.9833333333333333,0.0,0.9833251300702492,300,3,0.0,2026092703,-24374.858152669272,4,52141.28515625,-24374.858152669272,-533169.375,-24374.858152669272,300,0.0,1.0,2,0.048015659572659186,readout_complex_attention
1.0,0.0,0.9954308191935222,300,1,0.0,2026092703,-22650.558255208332,6,-19642.076171875,-22650.558255208332,-31095.6796875,-22650.558255208332,300,0.0,1.0,2,0.03274560240959634,readout_complex_attention
1.0,0.0,0.9979568711916605,300,2,0.0,2026092703,-22341.060983072915,6,-20186.369140625,-22341.060983072915,-25786.19140625,-22341.060983072915,300,0.0,1.0,2,0.027678562728439382,readout_complex_attention
1.0,0.0,0.9987439831097921,300,3,0.0,2026092703,-22441.754010416666,6,-19984.583984375,-22441.754010416666,-24038.400390625,-22441.754010416666,300,0.0,1.0,2,0.0119084565226375,readout_complex_attention
0.9933333333333333,0.0,0.9081011878947417,300,1,0.0,2026092703,-21003.09012682597,8,28203.36328125,-21003.09012682597,-98927.9453125,-21003.09012682597,300,0.0,1.0,2,0.05247228941439164,readout_complex_attention
1.0,0.0,0.9055181274811427,300,2,0.0,2026092703,-20531.140282058717,8,47107.25,-20531.140282058717,-76422.125,-20531.140282058717,300,0.0,1.0,2,0.04481556889834215,readout_complex_attention
0.9966666666666667,0.0,0.9105378817518552,300,3,0.0,2026092703,-22384.335665690105,8,14195.4716796875,-22384.335665690105,-496795.40625,-22384.335665690105,300,0.0,1.0,2,0.06516350685891648,readout_complex_attention
0.9933333333333333,0.0,0.9987421586116155,300,1,0.0,2026092703,-22931.140227864584,1,-19074.873046875,-22931.140227864584,-25098.576171875,-22931.140227864584,300,0.0,1.0,3,0.15378264625959404,readout_complex_attention
0.9966666666666667,0.0,0.9988671799500783,300,2,0.0,2026092703,-22377.433307291667,1,-16658.80859375,-22377.433307291667,-29830.681640625,-22377.433307291667,300,0.0,1.0,3,0.11819099941308753,readout_complex_attention
0.9966666666666667,0.0,0.9978403655687967,300,3,0.0,2026092703,-22819.563631388348,1,-440.51129150390625,-22819.563631388348,-28203.619140625,-22819.563631388348,300,0.0,1.0,3,0.11366794946734593,readout_complex_attention
0.9433333333333334,0.0,0.865618384530147,300,1,0.0,2026092703,-21195.431389770507,3,612900.1875,-21195.431389770507,-441303.46875,-21195.431389770507,300,0.0,1.0,3,0.26342066772021433,readout_complex_attention
0.93,0.0,0.8713305069506169,300,2,0.0,2026092703,-21528.43489250183,3,265072.9375,-21528.43489250183,-97111.40625,-21528.43489250183,300,0.0,1.0,3,0.2732072126743713,readout_complex_attention
0.9066666666666666,0.0,0.8631079876050353,300,3,0.0,2026092703,-18159.263392944336,3,492900.09375,-18159.263392944336,-99733.5859375,-18159.263392944336,300,0.0,1.0,3,0.29723449676822644,readout_complex_attention
0.98,0.0,0.9924259837468465,300,1,0.0,2026092703,-23087.82831258138,4,-2014.2171630859375,-23087.82831258138,-63384.9765625,-23087.82831258138,300,0.0,1.0,3,0.07897079321177436,readout_complex_attention
0.97,0.0,0.9915273221333821,300,2,0.0,2026092703,-22005.049450683593,4,163272.875,-22005.049450683593,-29471.982421875,-22005.049450683593,300,0.0,1.0,3,0.10022180936271075,readout_complex_attention
0.9633333333333334,0.0,0.9860645049065352,300,3,0.0,2026092703,-23351.807674967447,4,33403.87109375,-23351.807674967447,-303930.8125,-23351.807674967447,300,0.0,1.0,3,0.09256309397887819,readout_complex_attention
0.9866666666666667,0.0,0.9995619833469391,300,1,0.0,2026092703,-22036.864798177085,6,-18655.6875,-22036.864798177085,-23398.740234375,-22036.864798177085,300,0.0,1.0,3,0.0371599753841203,readout_complex_attention
1.0,0.0,0.9995536784331004,300,2,0.0,2026092703,-22094.688385416666,6,-20940.001953125,-22094.688385416666,-23784.7734375,-22094.688385416666,300,0.0,1.0,3,0.023133413873270947,readout_complex_attention
1.0,0.0,0.9996031298240026,300,3,0.0,2026092703,-22472.7951171875,6,-20929.408203125,-22472.7951171875,-24151.763671875,-22472.7951171875,300,0.0,1.0,3,0.02798039561080079,readout_complex_attention
0.92,0.0,0.8408772169239819,300,1,0.0,2026092703,-17307.98534301758,8,560956.25,-17307.98534301758,-262169.78125,-17307.98534301758,300,0.0,1.0,3,0.37850418612551284,readout_complex_attention
0.97,0.0,0.8444221367438635,300,2,0.0,2026092703,-19846.144803466796,8,541814.9375,-19846.144803466796,-238445.421875,-19846.144803466796,300,0.0,1.0,3,0.3477188121884758,readout_complex_attention
0.9633333333333334,0.0,0.8163974509636561,300,3,0.0,2026092703,-12324.808023910522,8,617916.3125,-12324.808023910522,-577506.5625,-12324.808023910522,300,0.0,1.0,3,0.40106088691662445,readout_complex_attention
1.0,0.0,0.9997017898162206,300,1,0.0,2026092703,-12186.958955078126,1,-10876.2939453125,-12186.958955078126,-13452.248046875,-12186.958955078126,300,0.0,1.0,4,0.010498094752295795,readout_complex_attention
1.0,0.0,0.9996826122204463,300,2,0.0,2026092703,-12152.860891927083,1,-10567.009765625,-12152.860891927083,-13546.9658203125,-12152.860891927083,300,0.0,1.0,4,0.014702437538754332,readout_complex_attention
1.0,0.0,0.9997086195151011,300,3,0.0,2026092703,-11981.437057291667,1,-10768.1123046875,-11981.437057291667,-13070.76171875,-11981.437057291667,300,0.0,1.0,4,0.022846288875371767,readout_complex_attention
0.9533333333333334,0.0,0.8342477931827307,300,1,0.0,2026092703,-10820.90757446289,3,606852.0625,-10820.90757446289,-553874.5625,-10820.90757446289,300,0.0,1.0,4,0.29064432935218154,readout_complex_attention
0.9533333333333334,0.0,0.8177648937702179,300,2,0.0,2026092703,-13117.563010101318,3,543099.8125,-13117.563010101318,-582237.25,-13117.563010101318,300,0.0,1.0,4,0.2811251711552719,readout_complex_attention
0.9466666666666667,0.0,0.7870791389172276,300,3,0.0,2026092703,-7291.635153617859,3,622686.0,-7291.635153617859,-616600.1875,-7291.635153617859,300,0.0,1.0,4,0.29898639675351846,readout_complex_attention
1.0,0.0,0.9983373133341471,300,1,0.0,2026092703,-12843.360208333334,4,-10647.2158203125,-12843.360208333334,-15868.83984375,-12843.360208333334,300,0.0,1.0,4,0.024056942138297788,readout_complex_attention
1.0,0.0,0.9971807022889455,300,2,0.0,2026092703,-12609.797067057292,4,-9167.263671875,-12609.797067057292,-15754.1220703125,-12609.797067057292,300,0.0,1.0,4,0.027907052893057394,readout_complex_attention
1.0,0.0,0.994736109127601,300,3,0.0,2026092703,-14361.629742838542,4,-10348.0478515625,-14361.629742838542,-509598.1875,-14361.629742838542,300,0.0,1.0,4,0.027304247653895497,readout_complex_attention
0.9933333333333333,0.0,0.9805895109474659,300,1,0.0,2026092703,-13043.826184895834,6,163459.546875,-13043.826184895834,-579876.8125,-13043.826184895834,300,0.0,1.0,4,0.1189000082387014,readout_complex_attention
0.9966666666666667,0.0,0.9744761701424917,300,2,0.0,2026092703,-11046.928647155763,6,16647.359375,-11046.928647155763,-22569.498046875,-11046.928647155763,300,0.0,1.0,4,0.13489247200859078,readout_complex_attention
1.0,0.0,0.9873833298186461,300,3,0.0,2026092703,-10715.544656575521,6,220832.859375,-10715.544656575521,-18375.380859375,-10715.544656575521,300,0.0,1.0,4,0.10547597483878213,readout_complex_attention
0.9966666666666667,0.0,0.8916868689407905,300,1,0.0,2026092703,-8880.49575302124,8,330305.1875,-8880.49575302124,-36389.27734375,-8880.49575302124,300,0.0,1.0,4,0.15165761626553187,readout_complex_attention
0.9966666666666667,0.0,0.8893355586131414,300,2,0.0,2026092703,-11499.081474787394,8,42320.04296875,-11499.081474787394,-106413.0390625,-11499.081474787394,300,0.0,1.0,4,0.14718925220114987,readout_complex_attention
0.9833333333333333,0.0,0.8946144796411196,300,3,0.0,2026092703,-12472.267841288249,8,23379.1796875,-12472.267841288249,-472079.09375,-12472.267841288249,300,0.0,1.0,4,0.18682223783126006,readout_complex_attention
1.0,0.0,0.9985529824097952,300,1,0.0,2026092703,-20179.50728515625,1,-17820.69140625,-20179.50728515625,-22284.58984375,-20179.50728515625,300,0.0,1.0,5,0.03960181604283952,readout_complex_attention
0.9933333333333333,0.0,0.998565810918808,300,2,0.0,2026092703,-20282.956861979168,1,-16371.84765625,-20282.956861979168,-22749.0546875,-20282.956861979168,300,0.0,1.0,5,0.03718542403010361,readout_complex_attention
0.99,0.0,0.997731768488884,300,3,0.0,2026092703,-20415.447024739584,1,-18463.630859375,-20415.447024739584,-22537.9375,-20415.447024739584,300,0.0,1.0,5,0.06049896714884129,readout_complex_attention
0.98,0.0,0.8766845100124677,300,1,0.0,2026092703,-19625.03742960612,3,16550.4140625,-19625.03742960612,-124709.3515625,-19625.03742960612,300,0.0,1.0,5,0.08692631718247035,readout_complex_attention
0.98,0.0,0.8878560337424278,300,2,0.0,2026092703,-19126.945930887858,3,262821.46875,-19126.945930887858,-76552.3125,-19126.945930887858,300,0.0,1.0,5,0.07645246796306693,readout_complex_attention
0.9833333333333333,0.0,0.8658727371195952,300,3,0.0,2026092703,-17358.69468465169,3,496442.8125,-17358.69468465169,-270683.96875,-17358.69468465169,300,0.0,1.0,5,0.06996498016269825,readout_complex_attention
0.9966666666666667,0.0,0.9919818715751171,300,1,0.0,2026092703,-19742.31517578125,4,144524.046875,-19742.31517578125,-153345.0,-19742.31517578125,300,0.0,1.0,5,0.11848630095211266,readout_complex_attention
0.99,0.0,0.9833062568306923,300,2,0.0,2026092703,-21667.58068359375,4,-10637.8173828125,-21667.58068359375,-217863.453125,-21667.58068359375,300,0.0,1.0,5,0.15549830627221084,readout_complex_attention
0.99,0.0,0.982509353607893,300,3,0.0,2026092703,-21725.051258951822,4,-2253.889404296875,-21725.051258951822,-239948.171875,-21725.051258951822,300,0.0,1.0,5,0.15811554083050416,readout_complex_attention
1.0,0.0,0.9970015901327133,300,1,0.0,2026092703,-18900.94838541667,6,-16564.119140625,-18900.94838541667,-21957.5,-18900.94838541667,300,0.0,1.0,5,0.09703527457402839,readout_complex_attention
1.0,0.0,0.9979795678456624,300,2,0.0,2026092703,-18715.40726236979,6,-15966.869140625,-18715.40726236979,-22037.232421875,-18715.40726236979,300,0.0,1.0,5,0.09207528196539883,readout_complex_attention
1.0,0.0,0.9951539301872253,300,3,0.0,2026092703,-18021.071728515624,6,-6698.458984375,-18021.071728515624,-22221.98046875,-18021.071728515624,300,0.0,1.0,5,0.0817018242375589,readout_complex_attention
0.99,0.0,0.9236229381958644,300,1,0.0,2026092703,-20494.906968536376,8,19617.720703125,-20494.906968536376,-282722.0,-20494.906968536376,300,0.0,1.0,5,0.04443238747914391,readout_complex_attention
0.9833333333333333,0.0,0.9255151661237081,300,2,0.0,2026092703,-20989.74442586263,8,876.0730590820312,-20989.74442586263,-48763.5859375,-20989.74442586263,300,0.0,1.0,5,0.058252602976711754,readout_complex_attention
0.99,0.0,0.9128801691532135,300,3,0.0,2026092703,-19253.109247233075,8,6383.14892578125,-19253.109247233075,-86005.375,-19253.109247233075,300,0.0,1.0,5,0.056056638340692855,readout_complex_attention
0.9933333333333333,0.0,0.9921577136218548,300,1,0.0,2026092704,-26914.05865234375,1,-23710.791015625,-26914.05865234375,-34867.8046875,-26914.05865234375,300,0.0,1.0,0,0.13702565185510318,readout_attention
1.0,0.0,0.9969143839677175,300,2,0.0,2026092704,-26997.29896484375,1,-24915.0703125,-26997.29896484375,-29281.009765625,-26997.29896484375,300,0.0,1.0,0,0.12838309480100896,readout_attention
0.9933333333333333,0.0,0.9959728302558263,300,3,0.0,2026092704,-27036.744583333333,1,-17193.962890625,-27036.744583333333,-29216.671875,-27036.744583333333,300,0.0,1.0,0,0.10586370481846497,readout_attention
0.9066666666666666,0.0,0.8407306848093867,300,1,0.0,2026092704,-32599.654809977215,3,599168.375,-32599.654809977215,-621967.875,-32599.654809977215,300,0.0,1.0,0,0.24345574741117848,readout_attention
0.9666666666666667,0.0,0.8427451226736108,300,2,0.0,2026092704,-19893.017174886067,3,578542.5625,-19893.017174886067,-610105.75,-19893.017174886067,300,0.0,1.0,0,0.21775144168131455,readout_attention
0.9566666666666667,0.0,0.8296312564238906,300,3,0.0,2026092704,-16558.236828918456,3,572646.875,-16558.236828918456,-557283.0625,-16558.236828918456,300,0.0,1.0,0,0.2884680858599903,readout_attention
1.0,0.0,0.996070388952891,300,1,0.0,2026092704,-28011.63046875,4,-24516.6171875,-28011.63046875,-32686.943359375,-28011.63046875,300,0.0,1.0,0,0.029572118571278727,readout_attention
1.0,0.0,0.9986021320025126,300,2,0.0,2026092704,-27672.128684895833,4,-25615.763671875,-27672.128684895833,-29823.333984375,-27672.128684895833,300,0.0,1.0,0,0.03364057362486439,readout_attention
1.0,0.0,0.998875458240509,300,3,0.0,2026092704,-27824.992005208333,4,-25399.595703125,-27824.992005208333,-29762.24609375,-27824.992005208333,300,0.0,1.0,0,0.03357236106311712,readout_attention
0.99,0.0,0.990090055714051,300,1,0.0,2026092704,-26924.773723958333,6,-22339.32421875,-26924.773723958333,-128068.515625,-26924.773723958333,300,0.0,1.0,0,0.05132728505612272,readout_attention
1.0,0.0,0.9876185045639674,300,2,0.0,2026092704,-27468.35755859375,6,-20680.72265625,-27468.35755859375,-38947.83984375,-27468.35755859375,300,0.0,1.0,0,0.05307436650242792,readout_attention
0.9966666666666667,0.0,0.9805694196621577,300,3,0.0,2026092704,-26280.906529947915,6,-20889.609375,-26280.906529947915,-32613.501953125,-26280.906529947915,300,0.0,1.0,0,0.05324106588978128,readout_attention
0.9666666666666667,0.0,0.8392215252419313,300,1,0.0,2026092704,-19500.58509174347,8,597359.9375,-19500.58509174347,-202708.546875,-19500.58509174347,300,0.0,1.0,0,0.17830313771070938,readout_attention
0.9833333333333333,0.0,0.860476649403572,300,2,0.0,2026092704,-27325.18803914388,8,23424.271484375,-27325.18803914388,-609270.1875,-27325.18803914388,300,0.0,1.0,0,0.1754448420167487,readout_attention
0.97,0.0,0.8545868360002835,300,3,0.0,2026092704,-23919.98753751119,8,580221.0,-23919.98753751119,-559319.3125,-23919.98753751119,300,0.0,1.0,0,0.19521866238670849,readout_attention
0.9933333333333333,0.0,0.9927015282710393,300,1,0.0,2026092704,-21306.525276285807,1,-1809.8533935546875,-21306.525276285807,-25667.486328125,-21306.525276285807,300,0.0,1.0,1,0.09241802366386409,readout_attention
0.9933333333333333,0.0,0.9973381127913793,300,2,0.0,2026092704,-22190.22104817708,1,-17622.93359375,-22190.22104817708,-24787.240234375,-22190.22104817708,300,0.0,1.0,1,0.05020455352686937,readout_attention
0.9866666666666667,0.0,0.9990472426017125,300,3,0.0,2026092704,-22559.388478190103,1,-4857.29345703125,-22559.388478190103,-25170.203125,-22559.388478190103,300,0.0,1.0,1,0.06344314269778506,readout_attention
0.97,0.0,0.8815935239195823,300,1,0.0,2026092704,-21378.820799560548,3,446114.0,-21378.820799560548,-108983.53125,-21378.820799560548,300,0.0,1.0,1,0.21590522711878102,readout_attention
0.9466666666666667,0.0,0.8745111145886282,300,2,0.0,2026092704,-22024.885188395183,3,335975.90625,-22024.885188395183,-556382.25,-22024.885188395183,300,0.0,1.0,1,0.22578167887159428,readout_attention
0.8466666666666667,0.0,0.8518686656405529,300,3,0.0,2026092704,-24257.959638773602,3,611520.1875,-24257.959638773602,-610973.1875,-24257.959638773602,300,0.0,1.0,1,0.3087700277338933,readout_attention
0.99,0.0,0.9991894960403442,300,1,0.0,2026092704,-23169.138821614582,4,-20509.126953125,-23169.138821614582,-25406.765625,-23169.138821614582,300,0.0,1.0,1,0.0823180027532876,readout_attention
1.0,0.0,0.9986263140042623,300,2,0.0,2026092704,-22632.316471354166,4,-14038.548828125,-22632.316471354166,-24574.96875,-22632.316471354166,300,0.0,1.0,1,0.10554451064008097,readout_attention
0.9866666666666667,0.0,0.9981225313742955,300,3,0.0,2026092704,-23001.16021077474,4,1132.475341796875,-23001.16021077474,-24915.26171875,-23001.16021077474,300,0.0,1.0,1,0.12930315682782978,readout_attention
0.99,0.0,0.9948582658171654,300,1,0.0,2026092704,-23038.641243489583,6,-15437.158203125,-23038.641243489583,-270619.1875,-23038.641243489583,300,0.0,1.0,1,0.08538930460232241,readout_attention
0.9933333333333333,0.0,0.9939415416121483,300,2,0.0,2026092704,-22659.027272135416,6,-13901.150390625,-22659.027272135416,-237097.1875,-22659.027272135416,300,0.0,1.0,1,0.0888336080399117,readout_attention
0.98,0.0,0.9923021006087462,300,3,0.0,2026092704,-22575.722891438803,6,-3095.299072265625,-22575.722891438803,-172514.359375,-22575.722891438803,300,0.0,1.0,1,0.13946020874625553,readout_attention
0.97,0.0,0.8593488229314487,300,1,0.0,2026092704,-20772.708798828124,8,450508.75,-20772.708798828124,-226374.15625,-20772.708798828124,300,0.0,1.0,1,0.24294158124700416,readout_attention
0.9633333333333334,0.0,0.8749892761806647,300,2,0.0,2026092704,-21225.562836812336,8,4392.654296875,-21225.562836812336,-204099.90625,-21225.562836812336,300,0.0,1.0,1,0.2292972554488314,readout_attention
0.9566666666666667,0.0,0.8787944091359774,300,3,0.0,2026092704,-19687.938111012776,8,541056.9375,-19687.938111012776,-396135.09375,-19687.938111012776,300,0.0,1.0,1,0.25272432461067373,readout_attention
1.0,0.0,0.9987207810084026,300,1,0.0,2026092704,-22064.192858072918,1,-19434.201171875,-22064.192858072918,-24899.802734375,-22064.192858072918,300,0.0,1.0,2,0.06461089421372235,readout_attention
1.0,0.0,0.9987414896488189,300,2,0.0,2026092704,-21583.2346875,1,-18921.12890625,-21583.2346875,-23712.373046875,-21583.2346875,300,0.0,1.0,2,0.06970456796970925,readout_attention
0.9966666666666667,0.0,0.9984172634283701,300,3,0.0,2026092704,-22135.415572916667,1,-19751.6796875,-22135.415572916667,-24196.537109375,-22135.415572916667,300,0.0,1.0,2,0.10315481562006412,readout_attention
0.98,0.0,0.8800891214609146,300,1,0.0,2026092704,-22153.40174621582,3,80448.65625,-22153.40174621582,-95076.3046875,-22153.40174621582,300,0.0,1.0,2,0.18746326432420102,readout_attention
0.9933333333333333,0.0,0.877268965219458,300,2,0.0,2026092704,-21170.907107289633,3,12866.681640625,-21170.907107289633,-106148.5234375,-21170.907107289633,300,0.0,1.0,2,0.17410026761847908,readout_attention
0.99,0.0,0.8882330258687338,300,3,0.0,2026092704,-19384.25474866231,3,489075.03125,-19384.25474866231,-99052.359375,-19384.25474866231,300,0.0,1.0,2,0.21886497152247564,readout_attention
0.9866666666666667,0.0,0.9545144002139568,300,1,0.0,2026092704,-15601.102389322916,4,488752.28125,-15601.102389322916,-503510.03125,-15601.102389322916,300,0.0,1.0,2,0.16358896831076863,readout_attention
0.99,0.0,0.9807366546740135,300,2,0.0,2026092704,-20197.78306681315,4,508878.125,-20197.78306681315,-562488.375,-20197.78306681315,300,0.0,1.0,2,0.2248789454838449,readout_attention
0.98,0.0,0.9833251300702492,300,3,0.0,2026092704,-24374.858152669272,4,52141.28515625,-24374.858152669272,-533169.375,-24374.858152669272,300,0.0,1.0,2,0.058376089202875736,readout_attention
1.0,0.0,0.9954308191935222,300,1,0.0,2026092704,-22650.558255208332,6,-19642.076171875,-22650.558255208332,-31095.6796875,-22650.558255208332,300,0.0,1.0,2,0.04704817304681108,readout_attention
1.0,0.0,0.9979568711916605,300,2,0.0,2026092704,-22341.060983072915,6,-20186.369140625,-22341.060983072915,-25786.19140625,-22341.060983072915,300,0.0,1.0,2,0.041402301073236836,readout_attention
1.0,0.0,0.9987439831097921,300,3,0.0,2026092704,-22441.754010416666,6,-19984.583984375,-22441.754010416666,-24038.400390625,-22441.754010416666,300,0.0,1.0,2,0.021548940416235784,readout_attention
0.9966666666666667,0.0,0.9081011878947417,300,1,0.0,2026092704,-21003.09012682597,8,28203.36328125,-21003.09012682597,-98927.9453125,-21003.09012682597,300,0.0,1.0,2,0.06314608269832267,readout_attention
1.0,0.0,0.9055181274811427,300,2,0.0,2026092704,-20531.140282058717,8,47107.25,-20531.140282058717,-76422.125,-20531.140282058717,300,0.0,1.0,2,0.059800414788107714,readout_attention
0.9966666666666667,0.0,0.9105378817518552,300,3,0.0,2026092704,-22384.335665690105,8,14195.4716796875,-22384.335665690105,-496795.40625,-22384.335665690105,300,0.0,1.0,2,0.07653095663550735,readout_attention
1.0,0.0,0.9987421586116155,300,1,0.0,2026092704,-22931.140227864584,1,-19074.873046875,-22931.140227864584,-25098.576171875,-22931.140227864584,300,0.0,1.0,3,0.1452641683425666,readout_attention
1.0,0.0,0.9988671799500783,300,2,0.0,2026092704,-22377.433307291667,1,-16658.80859375,-22377.433307291667,-29830.681640625,-22377.433307291667,300,0.0,1.0,3,0.13378146844727068,readout_attention
0.9966666666666667,0.0,0.9978403655687967,300,3,0.0,2026092704,-22819.563631388348,1,-440.51129150390625,-22819.563631388348,-28203.619140625,-22819.563631388348,300,0.0,1.0,3,0.11793259692980163,readout_attention
0.93,0.0,0.865618384530147,300,1,0.0,2026092704,-21195.431389770507,3,612900.1875,-21195.431389770507,-441303.46875,-21195.431389770507,300,0.0,1.0,3,0.21622107035411808,readout_attention
0.9166666666666666,0.0,0.8713305069506169,300,2,0.0,2026092704,-21528.43489250183,3,265072.9375,-21528.43489250183,-97111.40625,-21528.43489250183,300,0.0,1.0,3,0.22754620828882144,readout_attention
0.9266666666666666,0.0,0.8631079876050353,300,3,0.0,2026092704,-18159.263392944336,3,492900.09375,-18159.263392944336,-99733.5859375,-18159.263392944336,300,0.0,1.0,3,0.25302452240542017,readout_attention
0.9866666666666667,0.0,0.9924259837468465,300,1,0.0,2026092704,-23087.82831258138,4,-2014.2171630859375,-23087.82831258138,-63384.9765625,-23087.82831258138,300,0.0,1.0,3,0.09029490112926031,readout_attention
0.9733333333333334,0.0,0.9915273221333821,300,2,0.0,2026092704,-22005.049450683593,4,163272.875,-22005.049450683593,-29471.982421875,-22005.049450683593,300,0.0,1.0,3,0.12479087752705154,readout_attention
0.9766666666666667,0.0,0.9860645049065352,300,3,0.0,2026092704,-23351.807674967447,4,33403.87109375,-23351.807674967447,-303930.8125,-23351.807674967447,300,0.0,1.0,3,0.09618211066099935,readout_attention
0.99,0.0,0.9995619833469391,300,1,0.0,2026092704,-22036.864798177085,6,-18655.6875,-22036.864798177085,-23398.740234375,-22036.864798177085,300,0.0,1.0,3,0.03337778570053984,readout_attention
1.0,0.0,0.9995536784331004,300,2,0.0,2026092704,-22094.688385416666,6,-20940.001953125,-22094.688385416666,-23784.7734375,-22094.688385416666,300,0.0,1.0,3,0.021746331597050528,readout_attention
1.0,0.0,0.9996031298240026,300,3,0.0,2026092704,-22472.7951171875,6,-20929.408203125,-22472.7951171875,-24151.763671875,-22472.7951171875,300,0.0,1.0,3,0.02580508479002519,readout_attention
0.9366666666666666,0.0,0.8408772169239819,300,1,0.0,2026092704,-17307.98534301758,8,560956.25,-17307.98534301758,-262169.78125,-17307.98534301758,300,0.0,1.0,3,0.30275105647568645,readout_attention
0.98,0.0,0.8444221367438635,300,2,0.0,2026092704,-19846.144803466796,8,541814.9375,-19846.144803466796,-238445.421875,-19846.144803466796,300,0.0,1.0,3,0.26564049844153226,readout_attention
0.9733333333333334,0.0,0.8163974509636561,300,3,0.0,2026092704,-12324.808023910522,8,617916.3125,-12324.808023910522,-577506.5625,-12324.808023910522,300,0.0,1.0,3,0.3210617760961577,readout_attention
1.0,0.0,0.9997017898162206,300,1,0.0,2026092704,-12186.958955078126,1,-10876.2939453125,-12186.958955078126,-13452.248046875,-12186.958955078126,300,0.0,1.0,4,0.012623882337385872,readout_attention
1.0,0.0,0.9996826122204463,300,2,0.0,2026092704,-12152.860891927083,1,-10567.009765625,-12152.860891927083,-13546.9658203125,-12152.860891927083,300,0.0,1.0,4,0.01938685176333066,readout_attention
1.0,0.0,0.9997086195151011,300,3,0.0,2026092704,-11981.437057291667,1,-10768.1123046875,-11981.437057291667,-13070.76171875,-11981.437057291667,300,0.0,1.0,4,0.017336318510822846,readout_attention
0.9566666666666667,0.0,0.8342477931827307,300,1,0.0,2026092704,-10820.90757446289,3,606852.0625,-10820.90757446289,-553874.5625,-10820.90757446289,300,0.0,1.0,4,0.3191410219685452,readout_attention
0.9433333333333334,0.0,0.8177648937702179,300,2,0.0,2026092704,-13117.563010101318,3,543099.8125,-13117.563010101318,-582237.25,-13117.563010101318,300,0.0,1.0,4,0.29702073235166215,readout_attention
0.9333333333333333,0.0,0.7870791389172276,300,3,0.0,2026092704,-7291.635153617859,3,622686.0,-7291.635153617859,-616600.1875,-7291.635153617859,300,0.0,1.0,4,0.4113441419440046,readout_attention
1.0,0.0,0.9983373133341471,300,1,0.0,2026092704,-12843.360208333334,4,-10647.2158203125,-12843.360208333334,-15868.83984375,-12843.360208333334,300,0.0,1.0,4,0.023012154301825127,readout_attention
1.0,0.0,0.9971807022889455,300,2,0.0,2026092704,-12609.797067057292,4,-9167.263671875,-12609.797067057292,-15754.1220703125,-12609.797067057292,300,0.0,1.0,4,0.027512809812955008,readout_attention
1.0,0.0,0.994736109127601,300,3,0.0,2026092704,-14361.629742838542,4,-10348.0478515625,-14361.629742838542,-509598.1875,-14361.629742838542,300,0.0,1.0,4,0.022700617560551195,readout_attention
0.9866666666666667,0.0,0.9805895109474659,300,1,0.0,2026092704,-13043.826184895834,6,163459.546875,-13043.826184895834,-579876.8125,-13043.826184895834,300,0.0,1.0,4,0.0881546007941747,readout_attention
0.9933333333333333,0.0,0.9744761701424917,300,2,0.0,2026092704,-11046.928647155763,6,16647.359375,-11046.928647155763,-22569.498046875,-11046.928647155763,300,0.0,1.0,4,0.11858273516730833,readout_attention
1.0,0.0,0.9873833298186461,300,3,0.0,2026092704,-10715.544656575521,6,220832.859375,-10715.544656575521,-18375.380859375,-10715.544656575521,300,0.0,1.0,4,0.08216154025986921,readout_attention
0.9966666666666667,0.0,0.8916868689407905,300,1,0.0,2026092704,-8880.49575302124,8,330305.1875,-8880.49575302124,-36389.27734375,-8880.49575302124,300,0.0,1.0,4,0.14437540948116334,readout_attention
0.9966666666666667,0.0,0.8893355586131414,300,2,0.0,2026092704,-11499.081474787394,8,42320.04296875,-11499.081474787394,-106413.0390625,-11499.081474787394,300,0.0,1.0,4,0.14662849803703093,readout_attention
0.99,0.0,0.8946144796411196,300,3,0.0,2026092704,-12472.267841288249,8,23379.1796875,-12472.267841288249,-472079.09375,-12472.267841288249,300,0.0,1.0,4,0.1852625854740747,readout_attention
1.0,0.0,0.9985529824097952,300,1,0.0,2026092704,-20179.50728515625,1,-17820.69140625,-20179.50728515625,-22284.58984375,-20179.50728515625,300,0.0,1.0,5,0.04555039848007025,readout_attention
0.9933333333333333,0.0,0.998565810918808,300,2,0.0,2026092704,-20282.956861979168,1,-16371.84765625,-20282.956861979168,-22749.0546875,-20282.956861979168,300,0.0,1.0,5,0.05521648221714681,readout_attention
0.99,0.0,0.997731768488884,300,3,0.0,2026092704,-20415.447024739584,1,-18463.630859375,-20415.447024739584,-22537.9375,-20415.447024739584,300,0.0,1.0,5,0.05165515635073914,readout_attention
0.9833333333333333,0.0,0.8766845100124677,300,1,0.0,2026092704,-19625.03742960612,3,16550.4140625,-19625.03742960612,-124709.3515625,-19625.03742960612,300,0.0,1.0,5,0.08266432768787224,readout_attention
0.9833333333333333,0.0,0.8878560337424278,300,2,0.0,2026092704,-19126.945930887858,3,262821.46875,-19126.945930887858,-76552.3125,-19126.945930887858,300,0.0,1.0,5,0.07475381277615001,readout_attention
0.9866666666666667,0.0,0.8658727371195952,300,3,0.0,2026092704,-17358.69468465169,3,496442.8125,-17358.69468465169,-270683.96875,-17358.69468465169,300,0.0,1.0,5,0.06938041141071427,readout_attention
0.9933333333333333,0.0,0.9919818715751171,300,1,0.0,2026092704,-19742.31517578125,4,144524.046875,-19742.31517578125,-153345.0,-19742.31517578125,300,0.0,1.0,5,0.10785649227842142,readout_attention
0.99,0.0,0.9833062568306923,300,2,0.0,2026092704,-21667.58068359375,4,-10637.8173828125,-21667.58068359375,-217863.453125,-21667.58068359375,300,0.0,1.0,5,0.16825464670929313,readout_attention
0.9933333333333333,0.0,0.982509353607893,300,3,0.0,2026092704,-21725.051258951822,4,-2253.889404296875,-21725.051258951822,-239948.171875,-21725.051258951822,300,0.0,1.0,5,0.15985768510850162,readout_attention
1.0,0.0,0.9970015901327133,300,1,0.0,2026092704,-18900.94838541667,6,-16564.119140625,-18900.94838541667,-21957.5,-18900.94838541667,300,0.0,1.0,5,0.13260700358588895,readout_attention
1.0,0.0,0.9979795678456624,300,2,0.0,2026092704,-18715.40726236979,6,-15966.869140625,-18715.40726236979,-22037.232421875,-18715.40726236979,300,0.0,1.0,5,0.13595564727108722,readout_attention
0.9966666666666667,0.0,0.9951539301872253,300,3,0.0,2026092704,-18021.071728515624,6,-6698.458984375,-18021.071728515624,-22221.98046875,-18021.071728515624,300,0.0,1.0,5,0.103036857040539,readout_attention
0.9866666666666667,0.0,0.9236229381958644,300,1,0.0,2026092704,-20494.906968536376,8,19617.720703125,-20494.906968536376,-282722.0,-20494.906968536376,300,0.0,1.0,5,0.06203199791425518,readout_attention
0.9866666666666667,0.0,0.9255151661237081,300,2,0.0,2026092704,-20989.74442586263,8,876.0730590820312,-20989.74442586263,-48763.5859375,-20989.74442586263,300,0.0,1.0,5,0.07192868903743954,readout_attention
0.99,0.0,0.9128801691532135,300,3,0.0,2026092704,-19253.109247233075,8,6383.14892578125,-19253.109247233075,-86005.375,-19253.109247233075,300,0.0,1.0,5,0.06599549607697175,readout_attention
0.9933333333333333,0.0,0.9921577136218548,300,1,0.0,2026092704,-26914.05865234375,1,-23710.791015625,-26914.05865234375,-34867.8046875,-26914.05865234375,300,0.0,1.0,0,0.12681102151863355,readout_complex_attention
1.0,0.0,0.9969143839677175,300,2,0.0,2026092704,-26997.29896484375,1,-24915.0703125,-26997.29896484375,-29281.009765625,-26997.29896484375,300,0.0,1.0,0,0.12522890221394478,readout_complex_attention
0.9933333333333333,0.0,0.9959728302558263,300,3,0.0,2026092704,-27036.744583333333,1,-17193.962890625,-27036.744583333333,-29216.671875,-27036.744583333333,300,0.0,1.0,0,0.0859812951880281,readout_complex_attention
0.9166666666666666,0.0,0.8407306848093867,300,1,0.0,2026092704,-32599.654809977215,3,599168.375,-32599.654809977215,-621967.875,-32599.654809977215,300,0.0,1.0,0,0.2263642881354727,readout_complex_attention
0.9566666666666667,0.0,0.8427451226736108,300,2,0.0,2026092704,-19893.017174886067,3,578542.5625,-19893.017174886067,-610105.75,-19893.017174886067,300,0.0,1.0,0,0.2078351069603327,readout_complex_attention
0.9333333333333333,0.0,0.8296312564238906,300,3,0.0,2026092704,-16558.236828918456,3,572646.875,-16558.236828918456,-557283.0625,-16558.236828918456,300,0.0,1.0,0,0.27922031489770016,readout_complex_attention
1.0,0.0,0.996070388952891,300,1,0.0,2026092704,-28011.63046875,4,-24516.6171875,-28011.63046875,-32686.943359375,-28011.63046875,300,0.0,1.0,0,0.027850414434651194,readout_complex_attention
1.0,0.0,0.9986021320025126,300,2,0.0,2026092704,-27672.128684895833,4,-25615.763671875,-27672.128684895833,-29823.333984375,-27672.128684895833,300,0.0,1.0,0,0.029035401395855143,readout_complex_attention
1.0,0.0,0.998875458240509,300,3,0.0,2026092704,-27824.992005208333,4,-25399.595703125,-27824.992005208333,-29762.24609375,-27824.992005208333,300,0.0,1.0,0,0.031096871370029366,readout_complex_attention
0.99,0.0,0.990090055714051,300,1,0.0,2026092704,-26924.773723958333,6,-22339.32421875,-26924.773723958333,-128068.515625,-26924.773723958333,300,0.0,1.0,0,0.04890733035632944,readout_complex_attention
1.0,0.0,0.9876185045639674,300,2,0.0,2026092704,-27468.35755859375,6,-20680.72265625,-27468.35755859375,-38947.83984375,-27468.35755859375,300,0.0,1.0,0,0.04804663414282706,readout_complex_attention
0.9966666666666667,0.0,0.9805694196621577,300,3,0.0,2026092704,-26280.906529947915,6,-20889.609375,-26280.906529947915,-32613.501953125,-26280.906529947915,300,0.0,1.0,0,0.048994778905753544,readout_complex_attention
0.9633333333333334,0.0,0.8392215252419313,300,1,0.0,2026092704,-19500.58509174347,8,597359.9375,-19500.58509174347,-202708.546875,-19500.58509174347,300,0.0,1.0,0,0.1699033488413465,readout_complex_attention
0.9766666666666667,0.0,0.860476649403572,300,2,0.0,2026092704,-27325.18803914388,8,23424.271484375,-27325.18803914388,-609270.1875,-27325.18803914388,300,0.0,1.0,0,0.16828092686652174,readout_complex_attention
0.9633333333333334,0.0,0.8545868360002835,300,3,0.0,2026092704,-23919.98753751119,8,580221.0,-23919.98753751119,-559319.3125,-23919.98753751119,300,0.0,1.0,0,0.1914588360835543,readout_complex_attention
0.9966666666666667,0.0,0.9927015282710393,300,1,0.0,2026092704,-21306.525276285807,1,-1809.8533935546875,-21306.525276285807,-25667.486328125,-21306.525276285807,300,0.0,1.0,1,0.08112726527214043,readout_complex_attention
0.9933333333333333,0.0,0.9973381127913793,300,2,0.0,2026092704,-22190.22104817708,1,-17622.93359375,-22190.22104817708,-24787.240234375,-22190.22104817708,300,0.0,1.0,1,0.04130555256838919,readout_complex_attention
0.9866666666666667,0.0,0.9990472426017125,300,3,0.0,2026092704,-22559.388478190103,1,-4857.29345703125,-22559.388478190103,-25170.203125,-22559.388478190103,300,0.0,1.0,1,0.058340383424809295,readout_complex_attention
0.97,0.0,0.8815935239195823,300,1,0.0,2026092704,-21378.820799560548,3,446114.0,-21378.820799560548,-108983.53125,-21378.820799560548,300,0.0,1.0,1,0.2124611030627035,readout_complex_attention
0.9433333333333334,0.0,0.8745111145886282,300,2,0.0,2026092704,-22024.885188395183,3,335975.90625,-22024.885188395183,-556382.25,-22024.885188395183,300,0.0,1.0,1,0.2189554813198482,readout_complex_attention
0.83,0.0,0.8518686656405529,300,3,0.0,2026092704,-24257.959638773602,3,611520.1875,-24257.959638773602,-610973.1875,-24257.959638773602,300,0.0,1.0,1,0.2999332117673976,readout_complex_attention
0.9933333333333333,0.0,0.9991894960403442,300,1,0.0,2026092704,-23169.138821614582,4,-20509.126953125,-23169.138821614582,-25406.765625,-23169.138821614582,300,0.0,1.0,1,0.07258754124368094,readout_complex_attention
1.0,0.0,0.9986263140042623,300,2,0.0,2026092704,-22632.316471354166,4,-14038.548828125,-22632.316471354166,-24574.96875,-22632.316471354166,300,0.0,1.0,1,0.08852311563095827,readout_complex_attention
0.9866666666666667,0.0,0.9981225313742955,300,3,0.0,2026092704,-23001.16021077474,4,1132.475341796875,-23001.16021077474,-24915.26171875,-23001.16021077474,300,0.0,1.0,1,0.11189578532262034,readout_complex_attention
0.9866666666666667,0.0,0.9948582658171654,300,1,0.0,2026092704,-23038.641243489583,6,-15437.158203125,-23038.641243489583,-270619.1875,-23038.641243489583,300,0.0,1.0,1,0.07747273429754409,readout_complex_attention
0.9866666666666667,0.0,0.9939415416121483,300,2,0.0,2026092704,-22659.027272135416,6,-13901.150390625,-22659.027272135416,-237097.1875,-22659.027272135416,300,0.0,1.0,1,0.07926084683652279,readout_complex_attention
0.99,0.0,0.9923021006087462,300,3,0.0,2026092704,-22575.722891438803,6,-3095.299072265625,-22575.722891438803,-172514.359375,-22575.722891438803,300,0.0,1.0,1,0.1431289787650547,readout_complex_attention
0.9533333333333334,0.0,0.8593488229314487,300,1,0.0,2026092704,-20772.708798828124,8,450508.75,-20772.708798828124,-226374.15625,-20772.708798828124,300,0.0,1.0,1,0.21693969102400656,readout_complex_attention
0.9433333333333334,0.0,0.8749892761806647,300,2,0.0,2026092704,-21225.562836812336,8,4392.654296875,-21225.562836812336,-204099.90625,-21225.562836812336,300,0.0,1.0,1,0.20834819475559618,readout_complex_attention
0.9566666666666667,0.0,0.8787944091359774,300,3,0.0,2026092704,-19687.938111012776,8,541056.9375,-19687.938111012776,-396135.09375,-19687.938111012776,300,0.0,1.0,1,0.2269937204613982,readout_complex_attention
1.0,0.0,0.9987207810084026,300,1,0.0,2026092704,-22064.192858072918,1,-19434.201171875,-22064.192858072918,-24899.802734375,-22064.192858072918,300,0.0,1.0,2,0.0565099066585083,readout_complex_attention
1.0,0.0,0.9987414896488189,300,2,0.0,2026092704,-21583.2346875,1,-18921.12890625,-21583.2346875,-23712.373046875,-21583.2346875,300,0.0,1.0,2,0.0584244374497247,readout_complex_attention
0.9966666666666667,0.0,0.9984172634283701,300,3,0.0,2026092704,-22135.415572916667,1,-19751.6796875,-22135.415572916667,-24196.537109375,-22135.415572916667,300,0.0,1.0,2,0.09779476857250802,readout_complex_attention
0.98,0.0,0.8800891214609146,300,1,0.0,2026092704,-22153.40174621582,3,80448.65625,-22153.40174621582,-95076.3046875,-22153.40174621582,300,0.0,1.0,2,0.17121196998238752,readout_complex_attention
0.9933333333333333,0.0,0.877268965219458,300,2,0.0,2026092704,-21170.907107289633,3,12866.681640625,-21170.907107289633,-106148.5234375,-21170.907107289633,300,0.0,1.0,2,0.17304714095244078,readout_complex_attention
0.9833333333333333,0.0,0.8882330258687338,300,3,0.0,2026092704,-19384.25474866231,3,489075.03125,-19384.25474866231,-99052.359375,-19384.25474866231,300,0.0,1.0,2,0.21360535090450494,readout_complex_attention
0.99,0.0,0.9545144002139568,300,1,0.0,2026092704,-15601.102389322916,4,488752.28125,-15601.102389322916,-503510.03125,-15601.102389322916,300,0.0,1.0,2,0.16331754250154307,readout_complex_attention
0.9866666666666667,0.0,0.9807366546740135,300,2,0.0,2026092704,-20197.78306681315,4,508878.125,-20197.78306681315,-562488.375,-20197.78306681315,300,0.0,1.0,2,0.20939328931082568,readout_complex_attention
0.9766666666666667,0.0,0.9833251300702492,300,3,0.0,2026092704,-24374.858152669272,4,52141.28515625,-24374.858152669272,-533169.375,-24374.858152669272,300,0.0,1.0,2,0.05184168427633684,readout_complex_attention
1.0,0.0,0.9954308191935222,300,1,0.0,2026092704,-22650.558255208332,6,-19642.076171875,-22650.558255208332,-31095.6796875,-22650.558255208332,300,0.0,1.0,2,0.0449251377090637,readout_complex_attention
1.0,0.0,0.9979568711916605,300,2,0.0,2026092704,-22341.060983072915,6,-20186.369140625,-22341.060983072915,-25786.19140625,-22341.060983072915,300,0.0,1.0,2,0.04177567964953777,readout_complex_attention
1.0,0.0,0.9987439831097921,300,3,0.0,2026092704,-22441.754010416666,6,-19984.583984375,-22441.754010416666,-24038.400390625,-22441.754010416666,300,0.0,1.0,2,0.021331917939290568,readout_complex_attention
0.9966666666666667,0.0,0.9081011878947417,300,1,0.0,2026092704,-21003.09012682597,8,28203.36328125,-21003.09012682597,-98927.9453125,-21003.09012682597,300,0.0,1.0,2,0.05168816718958735,readout_complex_attention
1.0,0.0,0.9055181274811427,300,2,0.0,2026092704,-20531.140282058717,8,47107.25,-20531.140282058717,-76422.125,-20531.140282058717,300,0.0,1.0,2,0.053923684391725235,readout_complex_attention
1.0,0.0,0.9105378817518552,300,3,0.0,2026092704,-22384.335665690105,8,14195.4716796875,-22384.335665690105,-496795.40625,-22384.335665690105,300,0.0,1.0,2,0.06285383151334256,readout_complex_attention
0.9933333333333333,0.0,0.9987421586116155,300,1,0.0,2026092704,-22931.140227864584,1,-19074.873046875,-22931.140227864584,-25098.576171875,-22931.140227864584,300,0.0,1.0,3,0.1274547501103116,readout_complex_attention
1.0,0.0,0.9988671799500783,300,2,0.0,2026092704,-22377.433307291667,1,-16658.80859375,-22377.433307291667,-29830.681640625,-22377.433307291667,300,0.0,1.0,3,0.10707003404078308,readout_complex_attention
0.9966666666666667,0.0,0.9978403655687967,300,3,0.0,2026092704,-22819.563631388348,1,-440.51129150390625,-22819.563631388348,-28203.619140625,-22819.563631388348,300,0.0,1.0,3,0.09196392907359019,readout_complex_attention
0.9466666666666667,0.0,0.865618384530147,300,1,0.0,2026092704,-21195.431389770507,3,612900.1875,-21195.431389770507,-441303.46875,-21195.431389770507,300,0.0,1.0,3,0.18672531806339265,readout_complex_attention
0.9366666666666666,0.0,0.8713305069506169,300,2,0.0,2026092704,-21528.43489250183,3,265072.9375,-21528.43489250183,-97111.40625,-21528.43489250183,300,0.0,1.0,3,0.19888107517175413,readout_complex_attention
0.91,0.0,0.8631079876050353,300,3,0.0,2026092704,-18159.263392944336,3,492900.09375,-18159.263392944336,-99733.5859375,-18159.263392944336,300,0.0,1.0,3,0.22613544559418886,readout_complex_attention
0.9766666666666667,0.0,0.9924259837468465,300,1,0.0,2026092704,-23087.82831258138,4,-2014.2171630859375,-23087.82831258138,-63384.9765625,-23087.82831258138,300,0.0,1.0,3,0.075657426522582,readout_complex_attention
0.9666666666666667,0.0,0.9915273221333821,300,2,0.0,2026092704,-22005.049450683593,4,163272.875,-22005.049450683593,-29471.982421875,-22005.049450683593,300,0.0,1.0,3,0.11246199206085239,readout_complex_attention
0.9633333333333334,0.0,0.9860645049065352,300,3,0.0,2026092704,-23351.807674967447,4,33403.87109375,-23351.807674967447,-303930.8125,-23351.807674967447,300,0.0,1.0,3,0.09256222064624353,readout_complex_attention
0.99,0.0,0.9995619833469391,300,1,0.0,2026092704,-22036.864798177085,6,-18655.6875,-22036.864798177085,-23398.740234375,-22036.864798177085,300,0.0,1.0,3,0.027324005500951043,readout_complex_attention
1.0,0.0,0.9995536784331004,300,2,0.0,2026092704,-22094.688385416666,6,-20940.001953125,-22094.688385416666,-23784.7734375,-22094.688385416666,300,0.0,1.0,3,0.015699395038158537,readout_complex_attention
1.0,0.0,0.9996031298240026,300,3,0.0,2026092704,-22472.7951171875,6,-20929.408203125,-22472.7951171875,-24151.763671875,-22472.7951171875,300,0.0,1.0,3,0.020460306211295465,readout_complex_attention
0.9066666666666666,0.0,0.8408772169239819,300,1,0.0,2026092704,-17307.98534301758,8,560956.25,-17307.98534301758,-262169.78125,-17307.98534301758,300,0.0,1.0,3,0.2643575193681964,readout_complex_attention
0.9766666666666667,0.0,0.8444221367438635,300,2,0.0,2026092704,-19846.144803466796,8,541814.9375,-19846.144803466796,-238445.421875,-19846.144803466796,300,0.0,1.0,3,0.23907159873994854,readout_complex_attention
0.9666666666666667,0.0,0.8163974509636561,300,3,0.0,2026092704,-12324.808023910522,8,617916.3125,-12324.808023910522,-577506.5625,-12324.808023910522,300,0.0,1.0,3,0.2703404325803299,readout_complex_attention
1.0,0.0,0.9997017898162206,300,1,0.0,2026092704,-12186.958955078126,1,-10876.2939453125,-12186.958955078126,-13452.248046875,-12186.958955078126,300,0.0,1.0,4,0.009647776930613361,readout_complex_attention
1.0,0.0,0.9996826122204463,300,2,0.0,2026092704,-12152.860891927083,1,-10567.009765625,-12152.860891927083,-13546.9658203125,-12152.860891927083,300,0.0,1.0,4,0.014838213221137098,readout_complex_attention
1.0,0.0,0.9997086195151011,300,3,0.0,2026092704,-11981.437057291667,1,-10768.1123046875,-11981.437057291667,-13070.76171875,-11981.437057291667,300,0.0,1.0,4,0.016310602736750446,readout_complex_attention
0.96,0.0,0.8342477931827307,300,1,0.0,2026092704,-10820.90757446289,3,606852.0625,-10820.90757446289,-553874.5625,-10820.90757446289,300,0.0,1.0,4,0.2786088045340287,readout_complex_attention
0.9466666666666667,0.0,0.8177648937702179,300,2,0.0,2026092704,-13117.563010101318,3,543099.8125,-13117.563010101318,-582237.25,-13117.563010101318,300,0.0,1.0,4,0.24887368111717934,readout_complex_attention
0.93,0.0,0.7870791389172276,300,3,0.0,2026092704,-7291.635153617859,3,622686.0,-7291.635153617859,-616600.1875,-7291.635153617859,300,0.0,1.0,4,0.3565260486859184,readout_complex_attention
1.0,0.0,0.9983373133341471,300,1,0.0,2026092704,-12843.360208333334,4,-10647.2158203125,-12843.360208333334,-15868.83984375,-12843.360208333334,300,0.0,1.0,4,0.01662933117798937,readout_complex_attention
1.0,0.0,0.9971807022889455,300,2,0.0,2026092704,-12609.797067057292,4,-9167.263671875,-12609.797067057292,-15754.1220703125,-12609.797067057292,300,0.0,1.0,4,0.019166442192926958,readout_complex_attention
1.0,0.0,0.994736109127601,300,3,0.0,2026092704,-14361.629742838542,4,-10348.0478515625,-14361.629742838542,-509598.1875,-14361.629742838542,300,0.0,1.0,4,0.019456223229990077,readout_complex_attention
0.99,0.0,0.9805895109474659,300,1,0.0,2026092704,-13043.826184895834,6,163459.546875,-13043.826184895834,-579876.8125,-13043.826184895834,300,0.0,1.0,4,0.0707910710656896,readout_complex_attention
0.9966666666666667,0.0,0.9744761701424917,300,2,0.0,2026092704,-11046.928647155763,6,16647.359375,-11046.928647155763,-22569.498046875,-11046.928647155763,300,0.0,1.0,4,0.08674491741372492,readout_complex_attention
0.9966666666666667,0.0,0.9873833298186461,300,3,0.0,2026092704,-10715.544656575521,6,220832.859375,-10715.544656575521,-18375.380859375,-10715.544656575521,300,0.0,1.0,4,0.07240811224543742,readout_complex_attention
0.9966666666666667,0.0,0.8916868689407905,300,1,0.0,2026092704,-8880.49575302124,8,330305.1875,-8880.49575302124,-36389.27734375,-8880.49575302124,300,0.0,1.0,4,0.10854999790482178,readout_complex_attention
0.9966666666666667,0.0,0.8893355586131414,300,2,0.0,2026092704,-11499.081474787394,8,42320.04296875,-11499.081474787394,-106413.0390625,-11499.081474787394,300,0.0,1.0,4,0.10946380992347293,readout_complex_attention
0.99,0.0,0.8946144796411196,300,3,0.0,2026092704,-12472.267841288249,8,23379.1796875,-12472.267841288249,-472079.09375,-12472.267841288249,300,0.0,1.0,4,0.1402040352518491,readout_complex_attention
1.0,0.0,0.9985529824097952,300,1,0.0,2026092704,-20179.50728515625,1,-17820.69140625,-20179.50728515625,-22284.58984375,-20179.50728515625,300,0.0,1.0,5,0.03336823275536316,readout_complex_attention
0.9966666666666667,0.0,0.998565810918808,300,2,0.0,2026092704,-20282.956861979168,1,-16371.84765625,-20282.956861979168,-22749.0546875,-20282.956861979168,300,0.0,1.0,5,0.04539732720610434,readout_complex_attention
0.99,0.0,0.997731768488884,300,3,0.0,2026092704,-20415.447024739584,1,-18463.630859375,-20415.447024739584,-22537.9375,-20415.447024739584,300,0.0,1.0,5,0.04244924876424527,readout_complex_attention
0.98,0.0,0.8766845100124677,300,1,0.0,2026092704,-19625.03742960612,3,16550.4140625,-19625.03742960612,-124709.3515625,-19625.03742960612,300,0.0,1.0,5,0.08239413376669558,readout_complex_attention
0.9833333333333333,0.0,0.8878560337424278,300,2,0.0,2026092704,-19126.945930887858,3,262821.46875,-19126.945930887858,-76552.3125,-19126.945930887858,300,0.0,1.0,5,0.07303821505585428,readout_complex_attention
0.9866666666666667,0.0,0.8658727371195952,300,3,0.0,2026092704,-17358.69468465169,3,496442.8125,-17358.69468465169,-270683.96875,-17358.69468465169,300,0.0,1.0,5,0.0643295617674674,readout_complex_attention
0.9966666666666667,0.0,0.9919818715751171,300,1,0.0,2026092704,-19742.31517578125,4,144524.046875,-19742.31517578125,-153345.0,-19742.31517578125,300,0.0,1.0,5,0.0954813907747174,readout_complex_attention
0.99,0.0,0.9833062568306923,300,2,0.0,2026092704,-21667.58068359375,4,-10637.8173828125,-21667.58068359375,-217863.453125,-21667.58068359375,300,0.0,1.0,5,0.16389323830718738,readout_complex_attention
0.9933333333333333,0.0,0.982509353607893,300,3,0.0,2026092704,-21725.051258951822,4,-2253.889404296875,-21725.051258951822,-239948.171875,-21725.051258951822,300,0.0,1.0,5,0.1538714979306357,readout_complex_attention
1.0,0.0,0.9970015901327133,300,1,0.0,2026092704,-18900.94838541667,6,-16564.119140625,-18900.94838541667,-21957.5,-18900.94838541667,300,0.0,1.0,5,0.11839673089941594,readout_complex_attention
1.0,0.0,0.9979795678456624,300,2,0.0,2026092704,-18715.40726236979,6,-15966.869140625,-18715.40726236979,-22037.232421875,-18715.40726236979,300,0.0,1.0,5,0.1126992485186491,readout_complex_attention
0.9966666666666667,0.0,0.9951539301872253,300,3,0.0,2026092704,-18021.071728515624,6,-6698.458984375,-18021.071728515624,-22221.98046875,-18021.071728515624,300,0.0,1.0,5,0.09603574500508338,readout_complex_attention
0.99,0.0,0.9236229381958644,300,1,0.0,2026092704,-20494.906968536376,8,19617.720703125,-20494.906968536376,-282722.0,-20494.906968536376,300,0.0,1.0,5,0.056340118071143475,readout_complex_attention
0.9866666666666667,0.0,0.9255151661237081,300,2,0.0,2026092704,-20989.74442586263,8,876.0730590820312,-20989.74442586263,-48763.5859375,-20989.74442586263,300,0.0,1.0,5,0.06618257100891023,readout_complex_attention
0.99,0.0,0.9128801691532135,300,3,0.0,2026092704,-19253.109247233075,8,6383.14892578125,-19253.109247233075,-86005.375,-19253.109247233075,300,0.0,1.0,5,0.06216747745325879,readout_complex_attention
