coherence_mean,conditioner_active,epoch,fallback_fraction,gain_max,gain_mean,gain_min,hardware_parameter_recovery,relative_cfo_hz_max,relative_cfo_hz_mean,relative_cfo_hz_min,seed,variant,whole_affine_invariance_claim
0.9550355076789856,True,1,0.0,1.0025802850723267,1.0000346899032593,0.9985867142677307,False,-7396.4951171875,-20576.53125,-28496.638671875,2026092701,coordinate_equivariant,False
0.9596505165100098,True,2,0.0,1.004883050918579,1.0002232789993286,0.9974566102027893,False,7803.99951171875,-21411.748046875,-87474.0,2026092701,coordinate_equivariant,False
0.9576945900917053,True,3,0.0,1.005447506904602,1.0004998445510864,0.9964333772659302,False,-17848.26171875,-24163.189453125,-33914.6171875,2026092701,coordinate_equivariant,False
0.958249568939209,True,4,0.0,1.00679612159729,1.0008004903793335,0.9950399994850159,False,-2.9366064071655273,-20510.041015625,-30175.625,2026092701,coordinate_equivariant,False
0.922065794467926,True,5,0.0,1.008541464805603,1.001072645187378,0.9919376373291016,False,94212.703125,-16768.6640625,-29930.34375,2026092701,coordinate_equivariant,False
0.939960777759552,True,6,0.0,1.0094578266143799,1.001356840133667,0.9881576299667358,False,80134.7109375,-15879.5341796875,-27627.703125,2026092701,coordinate_equivariant,False
0.9225175380706787,True,7,0.0,1.013089895248413,1.0016316175460815,0.9846272468566895,False,522.2033081054688,-19281.068359375,-43341.37109375,2026092701,coordinate_equivariant,False
0.9627142548561096,True,8,0.0,1.012014389038086,1.0018783807754517,0.9824985861778259,False,12103.640625,-18298.18359375,-29424.703125,2026092701,coordinate_equivariant,False
0.9477553367614746,True,9,0.0,1.0143085718154907,1.0021538734436035,0.9794512391090393,False,-10494.78125,-22105.1171875,-36218.65625,2026092701,coordinate_equivariant,False
0.9461244344711304,True,10,0.0,1.0160046815872192,1.0023995637893677,0.9758893251419067,False,-12803.345703125,-23525.318359375,-53196.8359375,2026092701,coordinate_equivariant,False
0.9551719427108765,True,11,0.0,1.0151523351669312,1.0025660991668701,0.975025475025177,False,15689.4228515625,-18949.076171875,-28967.576171875,2026092701,coordinate_equivariant,False
0.9494668841362,True,12,0.0,1.0160422325134277,1.0027679204940796,0.9729208946228027,False,-7566.68115234375,-18930.38671875,-29481.875,2026092701,coordinate_equivariant,False
0.9630353450775146,True,13,0.0,1.0167229175567627,1.0029951333999634,0.9706223011016846,False,-12169.8681640625,-21581.6171875,-29702.5390625,2026092701,coordinate_equivariant,False
0.9533374309539795,True,14,0.0,1.0184499025344849,1.0031710863113403,0.9684489965438843,False,8726.6171875,-19759.67578125,-29583.0078125,2026092701,coordinate_equivariant,False
0.9678292274475098,True,15,0.0,1.0200164318084717,1.0033856630325317,0.9641107320785522,False,-10473.5166015625,-24203.76171875,-55276.02734375,2026092701,coordinate_equivariant,False
0.8989368677139282,True,16,0.0,1.0227837562561035,1.0033437013626099,0.9598466157913208,False,305330.0625,-2627.118408203125,-77367.1796875,2026092701,coordinate_equivariant,False
0.9500226974487305,True,17,0.0,1.020738124847412,1.0036818981170654,0.9633128643035889,False,-6460.978515625,-20245.20703125,-29433.8203125,2026092701,coordinate_equivariant,False
0.9062872529029846,True,18,0.0,1.0216453075408936,1.0038814544677734,0.9600058197975159,False,-2709.642333984375,-21988.287109375,-44432.5703125,2026092701,coordinate_equivariant,False
0.9215970039367676,True,19,0.0,1.0289204120635986,1.004024863243103,0.9574239253997803,False,-6509.62109375,-21641.873046875,-45662.08203125,2026092701,coordinate_equivariant,False
0.938037097454071,True,20,0.0,1.0218994617462158,1.0041371583938599,0.9583711624145508,False,4138.02880859375,-18653.998046875,-35097.1484375,2026092701,coordinate_equivariant,False
0.9293653964996338,True,21,0.0,1.038042426109314,1.004373550415039,0.9431864619255066,False,2239.617431640625,-25430.666015625,-164209.78125,2026092701,coordinate_equivariant,False
0.9280997514724731,True,22,0.0,1.0543471574783325,1.0045897960662842,0.9408015012741089,False,-4732.046875,-38748.2578125,-365337.53125,2026092701,coordinate_equivariant,False
0.9456778168678284,True,23,0.0,1.0260443687438965,1.0046330690383911,0.9517718553543091,False,-8367.0947265625,-23688.42578125,-57416.71875,2026092701,coordinate_equivariant,False
0.9471951127052307,True,24,0.0,1.029788851737976,1.004622459411621,0.9528912305831909,False,113612.78125,-14123.576171875,-40223.77734375,2026092701,coordinate_equivariant,False
0.9658308029174805,True,25,0.0,1.0251085758209229,1.0048878192901611,0.9522828459739685,False,-12216.6083984375,-22736.861328125,-34244.37890625,2026092701,coordinate_equivariant,False
0.9680831432342529,True,26,0.0,1.0293828248977661,1.0049957036972046,0.946796178817749,False,-7918.3740234375,-22199.224609375,-57898.80078125,2026092701,coordinate_equivariant,False
0.9194502830505371,True,27,0.0,1.0580623149871826,1.0051006078720093,0.9471954703330994,False,21800.751953125,-35266.9296875,-495208.125,2026092701,coordinate_equivariant,False
0.9703652858734131,True,28,0.0,1.0265706777572632,1.0052069425582886,0.9499891400337219,False,-4931.0771484375,-20739.310546875,-28647.927734375,2026092701,coordinate_equivariant,False
0.9526694416999817,True,29,0.0,1.0279386043548584,1.0053218603134155,0.9484221339225769,False,-4599.7626953125,-20401.9296875,-31802.353515625,2026092701,coordinate_equivariant,False
0.9129822850227356,True,30,0.0,1.0370601415634155,1.0053794384002686,0.9465479850769043,False,98894.34375,-15561.69921875,-32337.6796875,2026092701,coordinate_equivariant,False
0.8684938549995422,True,31,0.0,1.062583327293396,1.0055274963378906,0.9427980780601501,False,80134.7109375,-34987.08984375,-533549.3125,2026092701,coordinate_equivariant,False
0.9484857320785522,True,32,0.0,1.0295145511627197,1.0056445598602295,0.9456790089607239,False,-2525.7099609375,-20118.994140625,-30851.1328125,2026092701,coordinate_equivariant,False
0.9332302808761597,True,33,0.0,1.0307483673095703,1.0058106184005737,0.9406281113624573,False,-7051.83837890625,-22867.30859375,-55100.96484375,2026092701,coordinate_equivariant,False
0.9546278715133667,True,34,0.0,1.0324329137802124,1.0058685541152954,0.938843846321106,False,-6344.4462890625,-21462.5078125,-58558.69140625,2026092701,coordinate_equivariant,False
0.9468487501144409,True,35,0.0,1.0319470167160034,1.0059360265731812,0.9421230554580688,False,-2886.341552734375,-19482.46484375,-33039.84765625,2026092701,coordinate_equivariant,False
0.9372373819351196,True,36,0.0,1.0315334796905518,1.006003499031067,0.9429588317871094,False,-1080.7781982421875,-17664.154296875,-29415.607421875,2026092701,coordinate_equivariant,False
0.915754497051239,True,37,0.0,1.0684821605682373,1.0062155723571777,0.9339759349822998,False,-10532.357421875,-39441.3125,-507834.75,2026092701,coordinate_equivariant,False
0.9136285781860352,True,38,0.0,1.0434799194335938,1.0060787200927734,0.9376214742660522,False,301528.3125,-8642.7255859375,-42153.18359375,2026092701,coordinate_equivariant,False
0.9537681341171265,True,39,0.0,1.0383809804916382,1.0063302516937256,0.9317792057991028,False,17974.853515625,-21587.74609375,-65233.06640625,2026092701,coordinate_equivariant,False
0.9340863227844238,True,40,0.0,1.0407109260559082,1.0064164400100708,0.9362506866455078,False,-3203.535888671875,-20099.796875,-31802.353515625,2026092701,coordinate_equivariant,False
0.8920159935951233,True,41,0.0,1.0473419427871704,1.0065078735351562,0.9201191067695618,False,98894.34375,-18993.58203125,-131600.234375,2026092701,coordinate_equivariant,False
0.8676117658615112,True,42,0.0,1.0754903554916382,1.0062098503112793,0.936984658241272,False,369370.75,-14757.1904296875,-620115.375,2026092701,coordinate_equivariant,False
0.9574459195137024,True,43,0.0,1.0334386825561523,1.0066546201705933,0.9357456564903259,False,25.487794876098633,-21626.412109375,-36713.3046875,2026092701,coordinate_equivariant,False
0.9452939033508301,True,44,0.0,1.0360232591629028,1.0066909790039062,0.9302374720573425,False,7702.302734375,-18876.947265625,-62033.4609375,2026092701,coordinate_equivariant,False
0.9196262359619141,True,45,0.0,1.0367809534072876,1.0068408250808716,0.9309793710708618,False,4733.28564453125,-20801.9296875,-47706.6484375,2026092701,coordinate_equivariant,False
0.9442312121391296,True,46,0.0,1.0389217138290405,1.0068858861923218,0.9274497628211975,False,-5691.66796875,-20706.810546875,-61707.54296875,2026092701,coordinate_equivariant,False
0.9482951760292053,True,47,0.0,1.043166995048523,1.0068888664245605,0.93532395362854,False,36219.20703125,-17853.34375,-28410.8515625,2026092701,coordinate_equivariant,False
0.898015022277832,True,48,0.0,1.0504378080368042,1.0069096088409424,0.9262996315956116,False,265346.34375,-10315.0,-50404.93359375,2026092701,coordinate_equivariant,False
0.8292838931083679,True,49,0.0,1.0528712272644043,1.0071412324905396,0.9198473691940308,False,233174.0625,-14371.12109375,-45662.08203125,2026092701,coordinate_equivariant,False
0.9513630867004395,True,50,0.0,1.0390971899032593,1.0071535110473633,0.9290585517883301,False,2788.489501953125,-21519.15234375,-40604.359375,2026092701,coordinate_equivariant,False
0.938007652759552,True,51,0.0,1.0380934476852417,1.0071840286254883,0.929947555065155,False,-2046.4583740234375,-19123.9296875,-30017.224609375,2026092701,coordinate_equivariant,False
0.9543059468269348,True,52,0.0,1.0398322343826294,1.0073060989379883,0.9261096715927124,False,-11207.8349609375,-23124.6796875,-48081.94140625,2026092701,coordinate_equivariant,False
0.9424206018447876,True,53,0.0,1.038800597190857,1.007353663444519,0.9296057820320129,False,-11918.2255859375,-21462.880859375,-29981.79296875,2026092701,coordinate_equivariant,False
0.9367164373397827,True,54,0.0,1.0416910648345947,1.0074092149734497,0.9250460863113403,False,-793.2008666992188,-20622.30078125,-41000.828125,2026092701,coordinate_equivariant,False
0.9256972074508667,True,55,0.0,1.0657929182052612,1.0076383352279663,0.8997302055358887,False,-6759.578125,-28467.62890625,-136846.234375,2026092701,coordinate_equivariant,False
0.9546173214912415,True,56,0.0,1.0414139032363892,1.0074794292449951,0.9262031316757202,False,-5691.66796875,-19651.666015625,-29360.880859375,2026092701,coordinate_equivariant,False
0.9157276749610901,True,57,0.0,1.0607082843780518,1.007415533065796,0.9210790991783142,False,332660.6875,-6813.85693359375,-51768.87890625,2026092701,coordinate_equivariant,False
0.9691725969314575,True,58,0.0,1.0406219959259033,1.0075854063034058,0.9256978034973145,False,-10403.1630859375,-21188.53125,-37576.44140625,2026092701,coordinate_equivariant,False
0.9417999982833862,True,59,0.0,1.041916847229004,1.0076414346694946,0.9241089820861816,False,-793.2008666992188,-19117.822265625,-39336.23828125,2026092701,coordinate_equivariant,False
0.9335029125213623,True,60,0.0,1.0468183755874634,1.0076135396957397,0.9250121712684631,False,73236.765625,-14629.57421875,-29147.033203125,2026092701,coordinate_equivariant,False
0.9275410771369934,True,61,0.0,1.0479298830032349,1.0078706741333008,0.9165554046630859,False,-10290.5751953125,-24034.6796875,-58562.52734375,2026092701,coordinate_equivariant,False
0.8960287570953369,True,62,0.0,1.0663071870803833,1.0079269409179688,0.8973190188407898,False,12034.052734375,-21908.544921875,-112026.0625,2026092701,coordinate_equivariant,False
0.9523025751113892,True,63,0.0,1.045508623123169,1.0078513622283936,0.9216963052749634,False,-11207.8349609375,-20561.89453125,-27795.900390625,2026092701,coordinate_equivariant,False
0.9473162293434143,True,64,0.0,1.0448330640792847,1.007878065109253,0.9221254587173462,False,-1747.1239013671875,-19200.625,-33914.6171875,2026092701,coordinate_equivariant,False
0.9381566643714905,True,65,0.0,1.0500375032424927,1.0079717636108398,0.9162570238113403,False,-6373.267578125,-20754.3984375,-35974.20703125,2026092701,coordinate_equivariant,False
0.9264971017837524,True,66,0.0,1.052411437034607,1.0079492330551147,0.9212188124656677,False,86082.7578125,-16596.107421875,-31280.76171875,2026092701,coordinate_equivariant,False
0.9337549805641174,True,67,0.0,1.0493550300598145,1.008062720298767,0.9153292775154114,False,17974.853515625,-20476.982421875,-49134.89453125,2026092701,coordinate_equivariant,False
0.9331007599830627,True,68,0.0,1.0485033988952637,1.0080749988555908,0.9186460375785828,False,2607.862548828125,-18952.150390625,-31593.5625,2026092701,coordinate_equivariant,False
0.9396259188652039,True,69,0.0,1.091383934020996,1.008069396018982,0.9208077192306519,False,542213.3125,-730.6038208007812,-36179.33984375,2026092701,coordinate_equivariant,False
0.9398552179336548,True,70,0.0,1.0513120889663696,1.0081453323364258,0.911109447479248,False,94218.25,-19081.779296875,-73322.59375,2026092701,coordinate_equivariant,False
0.9474483728408813,True,71,0.0,1.046054720878601,1.0082252025604248,0.9183737635612488,False,-11301.400390625,-21750.296875,-41781.48828125,2026092701,coordinate_equivariant,False
0.9589481353759766,True,72,0.0,1.0478655099868774,1.0081396102905273,0.9188330173492432,False,13826.1328125,-17270.708984375,-32771.37109375,2026092701,coordinate_equivariant,False
0.9019331932067871,True,73,0.0,1.098084807395935,1.0081745386123657,0.9062662720680237,False,605984.3125,10804.984375,-42153.18359375,2026092701,coordinate_equivariant,False
0.9600270390510559,True,74,0.0,1.0476710796356201,1.0082646608352661,0.9189394116401672,False,-2566.960693359375,-19860.822265625,-29121.798828125,2026092701,coordinate_equivariant,False
0.9262385368347168,True,75,0.0,1.0630526542663574,1.0081572532653809,0.9149364233016968,False,324096.5,-5808.72412109375,-39645.59765625,2026092701,coordinate_equivariant,False
0.9406534433364868,True,76,0.0,1.0491645336151123,1.0082732439041138,0.9171338677406311,False,94218.25,-15484.318359375,-34509.828125,2026092701,coordinate_equivariant,False
0.941216766834259,True,77,0.0,1.052894115447998,1.0084304809570312,0.9103958010673523,False,-1853.34619140625,-21156.107421875,-57416.71875,2026092701,coordinate_equivariant,False
0.9477328062057495,True,78,0.0,1.0515642166137695,1.0084425210952759,0.9124853610992432,False,-6487.2734375,-20688.412109375,-42869.23828125,2026092701,coordinate_equivariant,False
0.942681074142456,True,79,0.0,1.0493299961090088,1.0084642171859741,0.9164349436759949,False,2014.4024658203125,-19851.0078125,-33882.0703125,2026092701,coordinate_equivariant,False
0.927422285079956,True,80,0.0,1.0600643157958984,1.008457899093628,0.9056346416473389,False,32602.0390625,-16900.1640625,-32465.955078125,2026092701,coordinate_equivariant,False
0.9381979703903198,True,81,0.0,1.056441068649292,1.0085350275039673,0.9087014198303223,False,826.6701049804688,-20274.8046875,-42171.78515625,2026092701,coordinate_equivariant,False
0.946968138217926,True,82,0.0,1.048153042793274,1.008522629737854,0.9164392948150635,False,10546.5185546875,-19620.0703125,-35614.390625,2026092701,coordinate_equivariant,False
0.917539656162262,True,83,0.0,1.1047974824905396,1.0087324380874634,0.8623737096786499,False,94218.25,-29665.24609375,-348374.4375,2026092701,coordinate_equivariant,False
0.9440743923187256,True,84,0.0,1.0927281379699707,1.0085763931274414,0.910175621509552,False,513705.09375,-4207.78076171875,-55276.02734375,2026092701,coordinate_equivariant,False
0.9593735337257385,True,85,0.0,1.0516149997711182,1.0085432529449463,0.9128826856613159,False,-6094.81787109375,-18624.724609375,-32337.6796875,2026092701,coordinate_equivariant,False
0.9464584589004517,True,86,0.0,1.0539292097091675,1.0086482763290405,0.9104256629943848,False,-6249.81787109375,-21107.046875,-42171.78515625,2026092701,coordinate_equivariant,False
0.9512653946876526,True,87,0.0,1.0539679527282715,1.008663535118103,0.9098615050315857,False,-4914.37841796875,-21394.83984375,-44432.5703125,2026092701,coordinate_equivariant,False
0.9562132954597473,True,88,0.0,1.063319206237793,1.0087639093399048,0.8978490829467773,False,-8100.69482421875,-25413.92578125,-94581.5078125,2026092701,coordinate_equivariant,False
0.9717038869857788,True,89,0.0,1.0522222518920898,1.0086272954940796,0.9119907021522522,False,-10787.494140625,-20058.900390625,-34361.23046875,2026092701,coordinate_equivariant,False
0.9273977875709534,True,90,0.0,1.0692296028137207,1.0086272954940796,0.9140380620956421,False,240913.78125,-12355.935546875,-27944.96875,2026092701,coordinate_equivariant,False
0.9547513723373413,True,91,0.0,1.052426815032959,1.0086880922317505,0.9113638997077942,False,588.2970581054688,-19204.384765625,-39322.83984375,2026092701,coordinate_equivariant,False
0.9115377068519592,True,92,0.0,1.0618852376937866,1.0088757276535034,0.9010633826255798,False,-2709.642333984375,-22288.66796875,-41108.08984375,2026092701,coordinate_equivariant,False
0.911030113697052,True,93,0.0,1.070789098739624,1.0088679790496826,0.891921877861023,False,-2465.52490234375,-21161.263671875,-33585.046875,2026092701,coordinate_equivariant,False
0.9662972092628479,True,94,0.0,1.0530107021331787,1.0087707042694092,0.9105925559997559,False,-6241.10107421875,-21780.662109375,-43341.37109375,2026092701,coordinate_equivariant,False
0.9355998039245605,True,95,0.0,1.1091890335083008,1.0088117122650146,0.883087158203125,False,610782.0625,2545.582763671875,-42753.37890625,2026092701,coordinate_equivariant,False
0.9472454786300659,True,96,0.0,1.0557277202606201,1.0088574886322021,0.9068543910980225,False,-9307.919921875,-22068.10546875,-47424.48046875,2026092701,coordinate_equivariant,False
0.9501200318336487,True,97,0.0,1.1053210496902466,1.0088295936584473,0.8894087672233582,False,546475.4375,-2291.8037109375,-28335.826171875,2026092701,coordinate_equivariant,False
0.9380559921264648,True,98,0.0,1.0556724071502686,1.0089229345321655,0.9064714908599854,False,4415.74853515625,-22008.228515625,-46699.7421875,2026092701,coordinate_equivariant,False
0.9319615364074707,True,99,0.0,1.0814770460128784,1.0088051557540894,0.8994784355163574,False,317898.21875,-10580.14453125,-57101.984375,2026092701,coordinate_equivariant,False
0.942729115486145,True,100,0.0,1.054837703704834,1.008873701095581,0.9071253538131714,False,4733.28564453125,-18912.36328125,-28141.607421875,2026092701,coordinate_equivariant,False
0.9368607401847839,True,101,0.0,1.0803806781768799,1.0087264776229858,0.9095101952552795,False,369370.75,-3961.761962890625,-27758.171875,2026092701,coordinate_equivariant,False
0.9484603404998779,True,102,0.0,1.0577579736709595,1.008914589881897,0.9037907123565674,False,-10127.2587890625,-19784.546875,-44376.625,2026092701,coordinate_equivariant,False
0.931995153427124,True,103,0.0,1.0617363452911377,1.0089970827102661,0.898178219795227,False,16835.875,-21035.0703125,-40137.359375,2026092701,coordinate_equivariant,False
0.944721519947052,True,104,0.0,1.0527174472808838,1.0089499950408936,0.9092854261398315,False,6447.0673828125,-19763.23046875,-40464.05859375,2026092701,coordinate_equivariant,False
0.9390612244606018,True,105,0.0,1.0543224811553955,1.0089787244796753,0.9071028828620911,False,1887.128173828125,-19686.69921875,-43265.84765625,2026092701,coordinate_equivariant,False
0.9625120759010315,True,106,0.0,1.0537217855453491,1.0089881420135498,0.9077305793762207,False,-10138.775390625,-22112.064453125,-41781.48828125,2026092701,coordinate_equivariant,False
0.9294983148574829,True,107,0.0,1.0586254596710205,1.0090285539627075,0.9019984602928162,False,-8035.90869140625,-19583.95703125,-42451.9375,2026092701,coordinate_equivariant,False
0.9520174264907837,True,108,0.0,1.0521881580352783,1.0089881420135498,0.9090807437896729,False,1467.06298828125,-19731.978515625,-27851.97265625,2026092701,coordinate_equivariant,False
0.9312679171562195,True,109,0.0,1.0618360042572021,1.0090539455413818,0.8974140286445618,False,4438.5517578125,-19796.943359375,-27781.04296875,2026092701,coordinate_equivariant,False
0.9175260066986084,True,110,0.0,1.1138263940811157,1.0091134309768677,0.8491213321685791,False,332660.6875,-20033.71484375,-365337.53125,2026092701,coordinate_equivariant,False
0.9243168830871582,True,111,0.0,1.0667495727539062,1.0090951919555664,0.8910903334617615,False,4123.5537109375,-19707.384765625,-40857.60546875,2026092701,coordinate_equivariant,False
0.9510855674743652,True,112,0.0,1.0561566352844238,1.009055256843567,0.9041703939437866,False,8726.6171875,-20369.998046875,-36179.33984375,2026092701,coordinate_equivariant,False
0.949920654296875,True,113,0.0,1.056439995765686,1.0090413093566895,0.9028860330581665,False,-9017.068359375,-19140.09375,-28367.2109375,2026092701,coordinate_equivariant,False
0.9290177822113037,True,114,0.0,1.1064703464508057,1.0090452432632446,0.8824922442436218,False,541633.625,1274.833740234375,-34365.4375,2026092701,coordinate_equivariant,False
0.9482586979866028,True,115,0.0,1.0536329746246338,1.0091066360473633,0.9060198664665222,False,-6460.978515625,-20994.55859375,-32599.50390625,2026092701,coordinate_equivariant,False
0.9361519813537598,True,116,0.0,1.0805273056030273,1.0090107917785645,0.9023866057395935,False,287956.34375,-11185.169921875,-36629.98828125,2026092701,coordinate_equivariant,False
0.9686556458473206,True,117,0.0,1.0529319047927856,1.0090792179107666,0.9068701267242432,False,237.56475830078125,-21258.8203125,-28806.583984375,2026092701,coordinate_equivariant,False
0.9273165464401245,True,118,0.0,1.0593401193618774,1.009250521659851,0.8999754190444946,False,-10872.76171875,-23297.525390625,-50232.375,2026092701,coordinate_equivariant,False
0.9418671131134033,True,119,0.0,1.0589396953582764,1.0091276168823242,0.9013737440109253,False,1469.447265625,-19269.853515625,-56897.69140625,2026092701,coordinate_equivariant,False
0.9667714238166809,True,120,0.0,1.05610990524292,1.0090770721435547,0.9022184610366821,False,-793.2008666992188,-19558.64453125,-28069.572265625,2026092701,coordinate_equivariant,False
0.947522759437561,True,121,0.0,1.0572154521942139,1.0091267824172974,0.9014432430267334,False,11266.7890625,-19151.03515625,-43265.84765625,2026092701,coordinate_equivariant,False
0.9448771476745605,True,122,0.0,1.0554454326629639,1.0091291666030884,0.9030478596687317,False,9106.84375,-18522.765625,-27963.98046875,2026092701,coordinate_equivariant,False
0.9358937740325928,True,123,0.0,1.06093430519104,1.0092017650604248,0.8986306190490723,False,15508.7236328125,-20297.08203125,-58938.87890625,2026092701,coordinate_equivariant,False
0.9431315064430237,True,124,0.0,1.0564658641815186,1.0091757774353027,0.9022387266159058,False,19712.8359375,-19776.7734375,-28673.306640625,2026092701,coordinate_equivariant,False
0.9415336847305298,True,125,0.0,1.0852423906326294,1.009079933166504,0.9007679224014282,False,369370.75,-7420.79052734375,-29667.935546875,2026092701,coordinate_equivariant,False
0.9141016602516174,True,126,0.0,1.078431487083435,1.0091358423233032,0.8960331082344055,False,265346.34375,-10522.8310546875,-53712.5234375,2026092701,coordinate_equivariant,False
0.9540157914161682,True,127,0.0,1.0981574058532715,1.0091038942337036,0.8927584886550903,False,495525.125,-1812.536376953125,-27316.14453125,2026092701,coordinate_equivariant,False
0.9539644122123718,True,128,0.0,1.057705283164978,1.0091410875320435,0.8999530673027039,False,1082.138427734375,-18056.728515625,-34093.140625,2026092701,coordinate_equivariant,False
0.9648264646530151,True,129,0.0,1.0540988445281982,1.009184718132019,0.9041222929954529,False,110.16361999511719,-20939.169921875,-29325.505859375,2026092701,coordinate_equivariant,False
0.9069077968597412,True,130,0.0,1.1217336654663086,1.0094598531723022,0.8407695293426514,False,2265.80322265625,-32874.625,-405687.8125,2026092701,coordinate_equivariant,False
0.970518171787262,True,131,0.0,1.0545305013656616,1.0091921091079712,0.9041942358016968,False,4138.02880859375,-21493.5625,-33654.2890625,2026092701,coordinate_equivariant,False
0.9222771525382996,True,132,0.0,1.081692099571228,1.00923752784729,0.8758167028427124,False,340223.09375,-11492.888671875,-131600.234375,2026092701,coordinate_equivariant,False
0.9580852389335632,True,133,0.0,1.0561254024505615,1.0092705488204956,0.9014909267425537,False,-10071.2548828125,-22930.77734375,-28875.865234375,2026092701,coordinate_equivariant,False
0.9662359952926636,True,134,0.0,1.0573012828826904,1.009157657623291,0.9012866020202637,False,-6733.25341796875,-18844.87890625,-41699.73046875,2026092701,coordinate_equivariant,False
0.9621453285217285,True,135,0.0,1.0657445192337036,1.0093159675598145,0.8922064304351807,False,-11516.166015625,-24890.197265625,-71605.984375,2026092701,coordinate_equivariant,False
0.9727889895439148,True,136,0.0,1.0549917221069336,1.009189486503601,0.9031938314437866,False,-2852.947021484375,-20495.169921875,-30464.826171875,2026092701,coordinate_equivariant,False
0.9424360394477844,True,137,0.0,1.0610119104385376,1.0092918872833252,0.8971529006958008,False,-636.8631591796875,-21182.05859375,-52282.3359375,2026092701,coordinate_equivariant,False
0.955233633518219,True,138,0.0,1.0631029605865479,1.0092957019805908,0.8947429060935974,False,-7621.60888671875,-22469.8359375,-57416.71875,2026092701,coordinate_equivariant,False
0.9390231966972351,True,139,0.0,1.058398723602295,1.009243369102478,0.8977318406105042,False,19712.8359375,-18137.95703125,-36668.9609375,2026092701,coordinate_equivariant,False
0.9083428382873535,True,140,0.0,1.1136716604232788,1.009381651878357,0.8682512044906616,False,546475.4375,-1759.46435546875,-33585.046875,2026092701,coordinate_equivariant,False
0.9621610641479492,True,141,0.0,1.060532569885254,1.0092512369155884,0.8956573605537415,False,-9910.85546875,-20779.8359375,-34524.5546875,2026092701,coordinate_equivariant,False
0.9364714622497559,True,142,0.0,1.0600205659866333,1.0093129873275757,0.8970322608947754,False,-3069.28857421875,-20229.263671875,-37706.4921875,2026092701,coordinate_equivariant,False
0.9647845029830933,True,143,0.0,1.0616562366485596,1.0092891454696655,0.8951858878135681,False,-10430.4189453125,-22345.68359375,-41055.609375,2026092701,coordinate_equivariant,False
0.9263386726379395,True,144,0.0,1.0698063373565674,1.009335994720459,0.8833348155021667,False,5856.55810546875,-19653.6796875,-41000.828125,2026092701,coordinate_equivariant,False
0.971571683883667,True,145,0.0,1.0588244199752808,1.0092544555664062,0.8988115787506104,False,-10108.0146484375,-21310.02734375,-46699.7421875,2026092701,coordinate_equivariant,False
0.9697567224502563,True,146,0.0,1.0653483867645264,1.0093023777008057,0.8918704986572266,False,-8744.373046875,-22961.74609375,-67448.2578125,2026092701,coordinate_equivariant,False
0.9550978541374207,True,147,0.0,1.0734909772872925,1.0093289613723755,0.8825030326843262,False,11266.7890625,-22298.853515625,-109689.734375,2026092701,coordinate_equivariant,False
0.9826878309249878,True,148,0.0,1.0554579496383667,1.0092350244522095,0.900589108467102,False,-10128.3974609375,-21385.232421875,-29977.234375,2026092701,coordinate_equivariant,False
0.9438076019287109,True,149,0.0,1.058454990386963,1.009315013885498,0.8981578350067139,False,6009.21484375,-20085.919921875,-34552.7890625,2026092701,coordinate_equivariant,False
0.9646995067596436,True,150,0.0,1.057431697845459,1.0092765092849731,0.8993929028511047,False,-11947.94140625,-20780.107421875,-35097.1484375,2026092701,coordinate_equivariant,False
0.9595573544502258,True,151,0.0,1.0605965852737427,1.009277105331421,0.8953571319580078,False,-793.2008666992188,-20106.373046875,-36000.35546875,2026092701,coordinate_equivariant,False
0.9594277143478394,True,152,0.0,1.0624185800552368,1.0093077421188354,0.8934288620948792,False,-1080.7781982421875,-21316.3671875,-42158.13671875,2026092701,coordinate_equivariant,False
0.9177613258361816,True,153,0.0,1.0882420539855957,1.0092047452926636,0.8937364816665649,False,332660.6875,-5946.77978515625,-31111.283203125,2026092701,coordinate_equivariant,False
0.9651989936828613,True,154,0.0,1.05885910987854,1.0092841386795044,0.8978095650672913,False,-5233.34814453125,-20789.125,-43265.84765625,2026092701,coordinate_equivariant,False
0.9291571378707886,True,155,0.0,1.0584490299224854,1.0094026327133179,0.8976341485977173,False,2550.03173828125,-21450.09375,-45744.2421875,2026092701,coordinate_equivariant,False
0.915948212146759,True,156,0.0,1.0687942504882812,1.0093870162963867,0.8872461915016174,False,17683.70703125,-19145.921875,-74626.4140625,2026092701,coordinate_equivariant,False
0.8953685760498047,True,157,0.0,1.121254563331604,1.0094839334487915,0.8430241942405701,False,541633.625,-11183.88671875,-441772.3125,2026092701,coordinate_equivariant,False
0.9593059420585632,True,158,0.0,1.0589426755905151,1.0092658996582031,0.896344006061554,False,-11257.3818359375,-18964.609375,-30137.021484375,2026092701,coordinate_equivariant,False
0.8798010945320129,True,159,0.0,1.0833429098129272,1.0093454122543335,0.8818309307098389,False,301528.3125,-8163.7509765625,-38458.45703125,2026092701,coordinate_equivariant,False
0.9078343510627747,True,160,0.0,1.1137852668762207,1.0093368291854858,0.8661041259765625,False,542213.3125,2540.88623046875,-34034.21484375,2026092701,coordinate_equivariant,False
0.9474926590919495,True,161,0.0,1.0584653615951538,1.0093365907669067,0.8972819447517395,False,-3933.06982421875,-20319.0234375,-33158.35546875,2026092701,coordinate_equivariant,False
0.9668532013893127,True,162,0.0,1.0605255365371704,1.0093234777450562,0.8945554494857788,False,-11164.0830078125,-21979.009765625,-36135.23046875,2026092701,coordinate_equivariant,False
0.9632574915885925,True,163,0.0,1.06900954246521,1.0093965530395508,0.886938750743866,False,-9747.9853515625,-24628.5546875,-92520.2890625,2026092701,coordinate_equivariant,False
0.9356224536895752,True,164,0.0,1.0586873292922974,1.0093612670898438,0.8959736824035645,False,32602.0390625,-19670.107421875,-43341.37109375,2026092701,coordinate_equivariant,False
0.9504629373550415,True,165,0.0,1.0601558685302734,1.0093544721603394,0.8943783044815063,False,-6826.421875,-21091.216796875,-30853.56640625,2026092701,coordinate_equivariant,False
0.9306601285934448,True,166,0.0,1.1008132696151733,1.0092203617095947,0.879402756690979,False,418192.15625,-2630.813720703125,-28498.236328125,2026092701,coordinate_equivariant,False
0.9452698826789856,True,167,0.0,1.0664533376693726,1.0094038248062134,0.8870858550071716,False,-11320.1748046875,-22390.419921875,-41248.7421875,2026092701,coordinate_equivariant,False
0.9427388906478882,True,168,0.0,1.0597513914108276,1.0093635320663452,0.8948338031768799,False,6009.21484375,-20315.62109375,-27463.21875,2026092701,coordinate_equivariant,False
0.9195854067802429,True,169,0.0,1.1208209991455078,1.0094434022903442,0.8551875352859497,False,605814.5,1904.6162109375,-40464.05859375,2026092701,coordinate_equivariant,False
0.9111685752868652,True,170,0.0,1.0705369710922241,1.0094878673553467,0.8803926706314087,False,1467.06298828125,-21649.982421875,-51768.87890625,2026092701,coordinate_equivariant,False
0.9640501737594604,True,171,0.0,1.0597083568572998,1.0092915296554565,0.8949500918388367,False,-2525.7099609375,-19578.5625,-28601.45703125,2026092701,coordinate_equivariant,False
0.9420930743217468,True,172,0.0,1.0697813034057617,1.0093746185302734,0.8831195831298828,False,4733.28564453125,-20417.69921875,-41108.08984375,2026092701,coordinate_equivariant,False
0.9684834480285645,True,173,0.0,1.0685946941375732,1.009334921836853,0.8871207237243652,False,-8586.7080078125,-21884.228515625,-79863.625,2026092701,coordinate_equivariant,False
0.9338403940200806,True,174,0.0,1.0608887672424316,1.0093799829483032,0.8924607038497925,False,-1109.3099365234375,-19591.509765625,-27645.595703125,2026092701,coordinate_equivariant,False
0.9391152858734131,True,175,0.0,1.1143043041229248,1.0093966722488403,0.8645333051681519,False,542213.3125,-2557.890625,-51161.359375,2026092701,coordinate_equivariant,False
0.9693034887313843,True,176,0.0,1.0592886209487915,1.0093575716018677,0.8951037526130676,False,-11650.146484375,-22809.357421875,-31746.794921875,2026092701,coordinate_equivariant,False
0.9531024694442749,True,177,0.0,1.0667797327041626,1.0093425512313843,0.8889116048812866,False,8400.916015625,-20183.88671875,-74216.171875,2026092701,coordinate_equivariant,False
0.9194343090057373,True,178,0.0,1.0923545360565186,1.0096040964126587,0.8604166507720947,False,-9493.4501953125,-27554.474609375,-164209.78125,2026092701,coordinate_equivariant,False
0.9503363370895386,True,179,0.0,1.060560941696167,1.0094020366668701,0.8947543501853943,False,-6249.81787109375,-22326.158203125,-45204.45703125,2026092701,coordinate_equivariant,False
0.9436951279640198,True,180,0.0,1.0607558488845825,1.009399652481079,0.8933601379394531,False,-8327.6748046875,-21386.67578125,-33353.83984375,2026092701,coordinate_equivariant,False
0.9388377070426941,True,181,0.0,1.0912076234817505,1.0092384815216064,0.8884543776512146,False,317898.21875,-8603.4482421875,-28498.236328125,2026092701,coordinate_equivariant,False
0.9270689487457275,True,182,0.0,1.0636836290359497,1.0094293355941772,0.8914628624916077,False,-2709.642333984375,-20596.451171875,-55793.95703125,2026092701,coordinate_equivariant,False
0.9733415246009827,True,183,0.0,1.0588449239730835,1.0092799663543701,0.8955353498458862,False,-9392.8759765625,-19770.943359375,-28586.31640625,2026092701,coordinate_equivariant,False
0.950084388256073,True,184,0.0,1.0588489770889282,1.0093743801116943,0.895513117313385,False,-11504.8544921875,-20967.2734375,-30622.630859375,2026092701,coordinate_equivariant,False
0.9400513768196106,True,185,0.0,1.062489628791809,1.0093528032302856,0.8919451832771301,False,-1487.5699462890625,-18832.384765625,-41055.609375,2026092701,coordinate_equivariant,False
0.9625886082649231,True,186,0.0,1.060640573501587,1.0093168020248413,0.893764853477478,False,-2202.5322265625,-19990.060546875,-33063.35546875,2026092701,coordinate_equivariant,False
0.9541516900062561,True,187,0.0,1.0663208961486816,1.0094101428985596,0.8892092704772949,False,-1109.3099365234375,-22930.740234375,-71967.421875,2026092701,coordinate_equivariant,False
0.9562574625015259,True,188,0.0,1.0598618984222412,1.0093988180160522,0.8948764801025391,False,-6266.02001953125,-22678.580078125,-39015.15234375,2026092701,coordinate_equivariant,False
0.9482081532478333,True,189,0.0,1.0695894956588745,1.009425163269043,0.8844295740127563,False,-10111.3740234375,-22815.076171875,-62276.09765625,2026092701,coordinate_equivariant,False
0.9004446268081665,True,190,0.0,1.08941650390625,1.0093770027160645,0.8896096348762512,False,305330.0625,-10178.966796875,-61707.54296875,2026092701,coordinate_equivariant,False
0.9536965489387512,True,191,0.0,1.0616838932037354,1.009339690208435,0.8932057023048401,False,-4850.3330078125,-19817.318359375,-45254.1953125,2026092701,coordinate_equivariant,False
0.9426611661911011,True,192,0.0,1.0696074962615967,1.0094761848449707,0.8843882083892822,False,-8655.8583984375,-24275.8046875,-62276.09765625,2026092701,coordinate_equivariant,False
0.9521591067314148,True,193,0.0,1.0583455562591553,1.0093735456466675,0.8957855105400085,False,-12195.001953125,-21050.1015625,-31759.248046875,2026092701,coordinate_equivariant,False
0.9317785501480103,True,194,0.0,1.0593267679214478,1.0093835592269897,0.8951204419136047,False,1082.138427734375,-19019.0546875,-29433.8203125,2026092701,coordinate_equivariant,False
0.9391604065895081,True,195,0.0,1.066784381866455,1.0094401836395264,0.8861575126647949,False,-7447.1357421875,-22297.291015625,-39645.59765625,2026092701,coordinate_equivariant,False
0.8838262557983398,True,196,0.0,1.1267672777175903,1.0097713470458984,0.8349581956863403,False,2653.55224609375,-51764.6953125,-507834.75,2026092701,coordinate_equivariant,False
0.9566852450370789,True,197,0.0,1.0640459060668945,1.0094118118286133,0.8905827403068542,False,-7091.0029296875,-23187.947265625,-51191.1640625,2026092701,coordinate_equivariant,False
0.9404575228691101,True,198,0.0,1.1218228340148926,1.0095298290252686,0.8353856205940247,False,522.2033081054688,-30613.673828125,-348374.4375,2026092701,coordinate_equivariant,False
0.9398095607757568,True,199,0.0,1.0593805313110352,1.0093696117401123,0.8948208093643188,False,15508.7236328125,-19340.33984375,-29219.0703125,2026092701,coordinate_equivariant,False
0.9570783376693726,True,200,0.0,1.0601375102996826,1.0093994140625,0.894730806350708,False,-9747.9853515625,-22694.0390625,-39313.58203125,2026092701,coordinate_equivariant,False
0.9550355076789856,True,1,0.0,1.0031899213790894,1.0000444650650024,0.9982431530952454,False,-7396.4951171875,-20576.53125,-28496.638671875,2026092701,coordinate_gauge,False
0.9596505165100098,True,2,0.0,1.0077056884765625,1.0001044273376465,0.9962018728256226,False,7803.99951171875,-21411.748046875,-87474.0,2026092701,coordinate_gauge,False
0.9576945900917053,True,3,0.0,1.0066039562225342,1.0002423524856567,0.9962043762207031,False,-17848.26171875,-24163.189453125,-33914.6171875,2026092701,coordinate_gauge,False
0.958249568939209,True,4,0.0,1.0056535005569458,1.000423789024353,0.9951968789100647,False,-2.9366064071655273,-20510.041015625,-30175.625,2026092701,coordinate_gauge,False
0.922065794467926,True,5,0.0,1.0100352764129639,1.0006294250488281,0.9888316988945007,False,94212.703125,-16768.6640625,-29930.34375,2026092701,coordinate_gauge,False
0.939960777759552,True,6,0.0,1.0120352506637573,1.000851035118103,0.9861610531806946,False,80134.7109375,-15879.5341796875,-27627.703125,2026092701,coordinate_gauge,False
0.9225175380706787,True,7,0.0,1.0138200521469116,1.0011050701141357,0.9873924851417542,False,522.2033081054688,-19281.068359375,-43341.37109375,2026092701,coordinate_gauge,False
0.9627142548561096,True,8,0.0,1.0131587982177734,1.001304030418396,0.9900517463684082,False,12103.640625,-18298.18359375,-29424.703125,2026092701,coordinate_gauge,False
0.9477553367614746,True,9,0.0,1.0152177810668945,1.0015066862106323,0.9879220128059387,False,-10494.78125,-22105.1171875,-36218.65625,2026092701,coordinate_gauge,False
0.9461244344711304,True,10,0.0,1.017937421798706,1.0016919374465942,0.9863895177841187,False,-12803.345703125,-23525.318359375,-53196.8359375,2026092701,coordinate_gauge,False
0.9551719427108765,True,11,0.0,1.0168575048446655,1.001805067062378,0.9847456216812134,False,15689.4228515625,-18949.076171875,-28967.576171875,2026092701,coordinate_gauge,False
0.9494668841362,True,12,0.0,1.0177117586135864,1.0019365549087524,0.983730137348175,False,-7566.68115234375,-18930.38671875,-29481.875,2026092701,coordinate_gauge,False
0.9630353450775146,True,13,0.0,1.018566608428955,1.002074122428894,0.9825839996337891,False,-12169.8681640625,-21581.6171875,-29702.5390625,2026092701,coordinate_gauge,False
0.9533374309539795,True,14,0.0,1.0200790166854858,1.0021641254425049,0.9814154505729675,False,8726.6171875,-19759.67578125,-29583.0078125,2026092701,coordinate_gauge,False
0.9678292274475098,True,15,0.0,1.0225841999053955,1.002337098121643,0.9792675971984863,False,-10473.5166015625,-24203.76171875,-55276.02734375,2026092701,coordinate_gauge,False
0.8989368677139282,True,16,0.0,1.0514057874679565,1.0022162199020386,0.9535466432571411,False,305330.0625,-2627.118408203125,-77367.1796875,2026092701,coordinate_gauge,False
0.9500226974487305,True,17,0.0,1.0226280689239502,1.0025458335876465,0.9783378839492798,False,-6460.978515625,-20245.20703125,-29433.8203125,2026092701,coordinate_gauge,False
0.9062872529029846,True,18,0.0,1.0247966051101685,1.0026319026947021,0.9769887328147888,False,-2709.642333984375,-21988.287109375,-44432.5703125,2026092701,coordinate_gauge,False
0.9215970039367676,True,19,0.0,1.0297878980636597,1.0027575492858887,0.9761463403701782,False,-6509.62109375,-21641.873046875,-45662.08203125,2026092701,coordinate_gauge,False
0.938037097454071,True,20,0.0,1.0250564813613892,1.0028268098831177,0.975288987159729,False,4138.02880859375,-18653.998046875,-35097.1484375,2026092701,coordinate_gauge,False
0.9293653964996338,True,21,0.0,1.0413434505462646,1.0029780864715576,0.9687864184379578,False,2239.617431640625,-25430.666015625,-164209.78125,2026092701,coordinate_gauge,False
0.9280997514724731,True,22,0.0,1.0728168487548828,1.0031191110610962,0.9550077319145203,False,-4732.046875,-38748.2578125,-365337.53125,2026092701,coordinate_gauge,False
0.9456778168678284,True,23,0.0,1.029293417930603,1.0032037496566772,0.9712661504745483,False,-8367.0947265625,-23688.42578125,-57416.71875,2026092701,coordinate_gauge,False
0.9471951127052307,True,24,0.0,1.037530541419983,1.0031625032424927,0.9588088393211365,False,113612.78125,-14123.576171875,-40223.77734375,2026092701,coordinate_gauge,False
0.9658308029174805,True,25,0.0,1.0291327238082886,1.0034174919128418,0.9698718190193176,False,-12216.6083984375,-22736.861328125,-34244.37890625,2026092701,coordinate_gauge,False
0.9680831432342529,True,26,0.0,1.0314288139343262,1.0035102367401123,0.9689533710479736,False,-7918.3740234375,-22199.224609375,-57898.80078125,2026092701,coordinate_gauge,False
0.9194502830505371,True,27,0.0,1.0858426094055176,1.0034338235855103,0.9499609470367432,False,21800.751953125,-35266.9296875,-495208.125,2026092701,coordinate_gauge,False
0.9703652858734131,True,28,0.0,1.031397819519043,1.0036771297454834,0.9669169783592224,False,-4931.0771484375,-20739.310546875,-28647.927734375,2026092701,coordinate_gauge,False
0.9526694416999817,True,29,0.0,1.031920313835144,1.0037325620651245,0.9663563370704651,False,-4599.7626953125,-20401.9296875,-31802.353515625,2026092701,coordinate_gauge,False
0.9129822850227356,True,30,0.0,1.0434670448303223,1.0036594867706299,0.952039361000061,False,98894.34375,-15561.69921875,-32337.6796875,2026092701,coordinate_gauge,False
0.8684938549995422,True,31,0.0,1.0950124263763428,1.003588318824768,0.944631040096283,False,80134.7109375,-34987.08984375,-533549.3125,2026092701,coordinate_gauge,False
0.9484857320785522,True,32,0.0,1.0342683792114258,1.0039488077163696,0.9631552696228027,False,-2525.7099609375,-20118.994140625,-30851.1328125,2026092701,coordinate_gauge,False
0.9332302808761597,True,33,0.0,1.037231683731079,1.004032850265503,0.9610399007797241,False,-7051.83837890625,-22867.30859375,-55100.96484375,2026092701,coordinate_gauge,False
0.9546278715133667,True,34,0.0,1.037474513053894,1.0041083097457886,0.9605573415756226,False,-6344.4462890625,-21462.5078125,-58558.69140625,2026092701,coordinate_gauge,False
0.9468487501144409,True,35,0.0,1.0353366136550903,1.0041314363479614,0.9605000019073486,False,-2886.341552734375,-19482.46484375,-33039.84765625,2026092701,coordinate_gauge,False
0.9372373819351196,True,36,0.0,1.035834789276123,1.004143238067627,0.9596092700958252,False,-1080.7781982421875,-17664.154296875,-29415.607421875,2026092701,coordinate_gauge,False
0.915754497051239,True,37,0.0,1.1022520065307617,1.0041608810424805,0.9369163513183594,False,-10532.357421875,-39441.3125,-507834.75,2026092701,coordinate_gauge,False
0.9136285781860352,True,38,0.0,1.0804351568222046,1.004018783569336,0.9247006177902222,False,301528.3125,-8642.7255859375,-42153.18359375,2026092701,coordinate_gauge,False
0.9537681341171265,True,39,0.0,1.0391651391983032,1.004422903060913,0.9567389488220215,False,17974.853515625,-21587.74609375,-65233.06640625,2026092701,coordinate_gauge,False
0.9340863227844238,True,40,0.0,1.0396429300308228,1.0043916702270508,0.9556208252906799,False,-3203.535888671875,-20099.796875,-31802.353515625,2026092701,coordinate_gauge,False
0.8920159935951233,True,41,0.0,1.0532375574111938,1.004294753074646,0.9439049363136292,False,98894.34375,-18993.58203125,-131600.234375,2026092701,coordinate_gauge,False
0.8676117658615112,True,42,0.0,1.1110304594039917,1.003557801246643,0.9177003502845764,False,369370.75,-14757.1904296875,-620115.375,2026092701,coordinate_gauge,False
0.9574459195137024,True,43,0.0,1.0397942066192627,1.0046361684799194,0.9523741006851196,False,25.487794876098633,-21626.412109375,-36713.3046875,2026092701,coordinate_gauge,False
0.9452939033508301,True,44,0.0,1.0448477268218994,1.0046031475067139,0.9481367468833923,False,7702.302734375,-18876.947265625,-62033.4609375,2026092701,coordinate_gauge,False
0.9196262359619141,True,45,0.0,1.0412908792495728,1.004636287689209,0.9499827027320862,False,4733.28564453125,-20801.9296875,-47706.6484375,2026092701,coordinate_gauge,False
0.9442312121391296,True,46,0.0,1.0443764925003052,1.0047513246536255,0.9486902952194214,False,-5691.66796875,-20706.810546875,-61707.54296875,2026092701,coordinate_gauge,False
0.9482951760292053,True,47,0.0,1.0419822931289673,1.0047361850738525,0.9482912421226501,False,36219.20703125,-17853.34375,-28410.8515625,2026092701,coordinate_gauge,False
0.898015022277832,True,48,0.0,1.0889980792999268,1.0044260025024414,0.9180306196212769,False,265346.34375,-10315.0,-50404.93359375,2026092701,coordinate_gauge,False
0.8292838931083679,True,49,0.0,1.086663007736206,1.0043450593948364,0.9201039671897888,False,233174.0625,-14371.12109375,-45662.08203125,2026092701,coordinate_gauge,False
0.9513630867004395,True,50,0.0,1.044044017791748,1.0049359798431396,0.9467077851295471,False,2788.489501953125,-21519.15234375,-40604.359375,2026092701,coordinate_gauge,False
0.938007652759552,True,51,0.0,1.0436886548995972,1.0048803091049194,0.9455119371414185,False,-2046.4583740234375,-19123.9296875,-30017.224609375,2026092701,coordinate_gauge,False
0.9543059468269348,True,52,0.0,1.0455677509307861,1.0050594806671143,0.9448121190071106,False,-11207.8349609375,-23124.6796875,-48081.94140625,2026092701,coordinate_gauge,False
0.9424206018447876,True,53,0.0,1.0449808835983276,1.005020022392273,0.9437790513038635,False,-11918.2255859375,-21462.880859375,-29981.79296875,2026092701,coordinate_gauge,False
0.9367164373397827,True,54,0.0,1.04502534866333,1.0049957036972046,0.9434202909469604,False,-793.2008666992188,-20622.30078125,-41000.828125,2026092701,coordinate_gauge,False
0.9256972074508667,True,55,0.0,1.07858407497406,1.0051339864730835,0.9364144802093506,False,-6759.578125,-28467.62890625,-136846.234375,2026092701,coordinate_gauge,False
0.9546173214912415,True,56,0.0,1.0458203554153442,1.00507390499115,0.9415758848190308,False,-5691.66796875,-19651.666015625,-29360.880859375,2026092701,coordinate_gauge,False
0.9157276749610901,True,57,0.0,1.1040382385253906,1.0046331882476807,0.9032745361328125,False,332660.6875,-6813.85693359375,-51768.87890625,2026092701,coordinate_gauge,False
0.9691725969314575,True,58,0.0,1.0464370250701904,1.005220890045166,0.9405809640884399,False,-10403.1630859375,-21188.53125,-37576.44140625,2026092701,coordinate_gauge,False
0.9417999982833862,True,59,0.0,1.0471439361572266,1.005092740058899,0.9398460388183594,False,-793.2008666992188,-19117.822265625,-39336.23828125,2026092701,coordinate_gauge,False
0.9335029125213623,True,60,0.0,1.050671935081482,1.004967451095581,0.9395740032196045,False,73236.765625,-14629.57421875,-29147.033203125,2026092701,coordinate_gauge,False
0.9275410771369934,True,61,0.0,1.0498358011245728,1.0052365064620972,0.9387898445129395,False,-10290.5751953125,-24034.6796875,-58562.52734375,2026092701,coordinate_gauge,False
0.8960287570953369,True,62,0.0,1.0774435997009277,1.0050806999206543,0.9380086064338684,False,12034.052734375,-21908.544921875,-112026.0625,2026092701,coordinate_gauge,False
0.9523025751113892,True,63,0.0,1.048450231552124,1.0052787065505981,0.9374926686286926,False,-11207.8349609375,-20561.89453125,-27795.900390625,2026092701,coordinate_gauge,False
0.9473162293434143,True,64,0.0,1.0485916137695312,1.0052440166473389,0.9371418952941895,False,-1747.1239013671875,-19200.625,-33914.6171875,2026092701,coordinate_gauge,False
0.9381566643714905,True,65,0.0,1.0493727922439575,1.005272626876831,0.9366828799247742,False,-6373.267578125,-20754.3984375,-35974.20703125,2026092701,coordinate_gauge,False
0.9264971017837524,True,66,0.0,1.060801386833191,1.005130648612976,0.935983419418335,False,86082.7578125,-16596.107421875,-31280.76171875,2026092701,coordinate_gauge,False
0.9337549805641174,True,67,0.0,1.0492446422576904,1.0052967071533203,0.9357953071594238,False,17974.853515625,-20476.982421875,-49134.89453125,2026092701,coordinate_gauge,False
0.9331007599830627,True,68,0.0,1.0497641563415527,1.0052824020385742,0.9347742199897766,False,2607.862548828125,-18952.150390625,-31593.5625,2026092701,coordinate_gauge,False
0.9396259188652039,True,69,0.0,1.1214747428894043,1.0050301551818848,0.8827638626098633,False,542213.3125,-730.6038208007812,-36179.33984375,2026092701,coordinate_gauge,False
0.9398552179336548,True,70,0.0,1.058899998664856,1.0053170919418335,0.9297009110450745,False,94218.25,-19081.779296875,-73322.59375,2026092701,coordinate_gauge,False
0.9474483728408813,True,71,0.0,1.0520782470703125,1.0054504871368408,0.9337493777275085,False,-11301.400390625,-21750.296875,-41781.48828125,2026092701,coordinate_gauge,False
0.9589481353759766,True,72,0.0,1.0517659187316895,1.0053901672363281,0.932512640953064,False,13826.1328125,-17270.708984375,-32771.37109375,2026092701,coordinate_gauge,False
0.9019331932067871,True,73,0.0,1.1376105546951294,1.0046937465667725,0.887349545955658,False,605984.3125,10804.984375,-42153.18359375,2026092701,coordinate_gauge,False
0.9600270390510559,True,74,0.0,1.0513380765914917,1.0055068731307983,0.9317982196807861,False,-2566.960693359375,-19860.822265625,-29121.798828125,2026092701,coordinate_gauge,False
0.9262385368347168,True,75,0.0,1.1154131889343262,1.004957675933838,0.8952445387840271,False,324096.5,-5808.72412109375,-39645.59765625,2026092701,coordinate_gauge,False
0.9406534433364868,True,76,0.0,1.0615798234939575,1.0053176879882812,0.931596577167511,False,94218.25,-15484.318359375,-34509.828125,2026092701,coordinate_gauge,False
0.941216766834259,True,77,0.0,1.056140661239624,1.0055105686187744,0.9301190376281738,False,-1853.34619140625,-21156.107421875,-57416.71875,2026092701,coordinate_gauge,False
0.9477328062057495,True,78,0.0,1.0528913736343384,1.0055243968963623,0.9297558069229126,False,-6487.2734375,-20688.412109375,-42869.23828125,2026092701,coordinate_gauge,False
0.942681074142456,True,79,0.0,1.0530399084091187,1.005479335784912,0.929213285446167,False,2014.4024658203125,-19851.0078125,-33882.0703125,2026092701,coordinate_gauge,False
0.927422285079956,True,80,0.0,1.0581459999084473,1.0053461790084839,0.9282827973365784,False,32602.0390625,-16900.1640625,-32465.955078125,2026092701,coordinate_gauge,False
0.9381979703903198,True,81,0.0,1.0530617237091064,1.0054947137832642,0.9285885095596313,False,826.6701049804688,-20274.8046875,-42171.78515625,2026092701,coordinate_gauge,False
0.946968138217926,True,82,0.0,1.0534594058990479,1.0055181980133057,0.9282344579696655,False,10546.5185546875,-19620.0703125,-35614.390625,2026092701,coordinate_gauge,False
0.917539656162262,True,83,0.0,1.1463632583618164,1.005364179611206,0.8928412199020386,False,94218.25,-29665.24609375,-348374.4375,2026092701,coordinate_gauge,False
0.9440743923187256,True,84,0.0,1.1174625158309937,1.0052274465560913,0.8762458562850952,False,513705.09375,-4207.78076171875,-55276.02734375,2026092701,coordinate_gauge,False
0.9593735337257385,True,85,0.0,1.0528061389923096,1.0055676698684692,0.9279025197029114,False,-6094.81787109375,-18624.724609375,-32337.6796875,2026092701,coordinate_gauge,False
0.9464584589004517,True,86,0.0,1.0537331104278564,1.0055878162384033,0.9276118278503418,False,-6249.81787109375,-21107.046875,-42171.78515625,2026092701,coordinate_gauge,False
0.9512653946876526,True,87,0.0,1.0543038845062256,1.005613923072815,0.9260597229003906,False,-4914.37841796875,-21394.83984375,-44432.5703125,2026092701,coordinate_gauge,False
0.9562132954597473,True,88,0.0,1.067469835281372,1.005744457244873,0.9206888675689697,False,-8100.69482421875,-25413.92578125,-94581.5078125,2026092701,coordinate_gauge,False
0.9717038869857788,True,89,0.0,1.0544483661651611,1.005677342414856,0.9252947568893433,False,-10787.494140625,-20058.900390625,-34361.23046875,2026092701,coordinate_gauge,False
0.9273977875709534,True,90,0.0,1.1231127977371216,1.0052390098571777,0.8937075734138489,False,240913.78125,-12355.935546875,-27944.96875,2026092701,coordinate_gauge,False
0.9547513723373413,True,91,0.0,1.0540876388549805,1.0055997371673584,0.9252917766571045,False,588.2970581054688,-19204.384765625,-39322.83984375,2026092701,coordinate_gauge,False
0.9115377068519592,True,92,0.0,1.0547183752059937,1.0055173635482788,0.9244092106819153,False,-2709.642333984375,-22288.66796875,-41108.08984375,2026092701,coordinate_gauge,False
0.911030113697052,True,93,0.0,1.077631950378418,1.0054917335510254,0.9234988689422607,False,-2465.52490234375,-21161.263671875,-33585.046875,2026092701,coordinate_gauge,False
0.9662972092628479,True,94,0.0,1.0572580099105835,1.005737066268921,0.9233980178833008,False,-6241.10107421875,-21780.662109375,-43341.37109375,2026092701,coordinate_gauge,False
0.9355998039245605,True,95,0.0,1.151243805885315,1.0052355527877808,0.8733924031257629,False,610782.0625,2545.582763671875,-42753.37890625,2026092701,coordinate_gauge,False
0.9472454786300659,True,96,0.0,1.0558613538742065,1.005674958229065,0.9224812984466553,False,-9307.919921875,-22068.10546875,-47424.48046875,2026092701,coordinate_gauge,False
0.9501200318336487,True,97,0.0,1.1428980827331543,1.0053273439407349,0.8592103719711304,False,546475.4375,-2291.8037109375,-28335.826171875,2026092701,coordinate_gauge,False
0.9380559921264648,True,98,0.0,1.057833194732666,1.005652904510498,0.9221125245094299,False,4415.74853515625,-22008.228515625,-46699.7421875,2026092701,coordinate_gauge,False
0.9319615364074707,True,99,0.0,1.139101266860962,1.005252718925476,0.8656248450279236,False,317898.21875,-10580.14453125,-57101.984375,2026092701,coordinate_gauge,False
0.942729115486145,True,100,0.0,1.0557500123977661,1.0055854320526123,0.9216960668563843,False,4733.28564453125,-18912.36328125,-28141.607421875,2026092701,coordinate_gauge,False
0.9368607401847839,True,101,0.0,1.1353833675384521,1.005103588104248,0.8635293245315552,False,369370.75,-3961.761962890625,-27758.171875,2026092701,coordinate_gauge,False
0.9484603404998779,True,102,0.0,1.0551514625549316,1.005639672279358,0.9219086170196533,False,-10127.2587890625,-19784.546875,-44376.625,2026092701,coordinate_gauge,False
0.931995153427124,True,103,0.0,1.0590046644210815,1.0056076049804688,0.9207724928855896,False,16835.875,-21035.0703125,-40137.359375,2026092701,coordinate_gauge,False
0.944721519947052,True,104,0.0,1.0574421882629395,1.005626916885376,0.9204365611076355,False,6447.0673828125,-19763.23046875,-40464.05859375,2026092701,coordinate_gauge,False
0.9390612244606018,True,105,0.0,1.0571057796478271,1.0056010484695435,0.9203928112983704,False,1887.128173828125,-19686.69921875,-43265.84765625,2026092701,coordinate_gauge,False
0.9625120759010315,True,106,0.0,1.057403564453125,1.0057772397994995,0.9200842380523682,False,-10138.775390625,-22112.064453125,-41781.48828125,2026092701,coordinate_gauge,False
0.9294983148574829,True,107,0.0,1.0562187433242798,1.0055714845657349,0.9199647307395935,False,-8035.90869140625,-19583.95703125,-42451.9375,2026092701,coordinate_gauge,False
0.9520174264907837,True,108,0.0,1.05674147605896,1.0056686401367188,0.9193715453147888,False,1467.06298828125,-19731.978515625,-27851.97265625,2026092701,coordinate_gauge,False
0.9312679171562195,True,109,0.0,1.0563181638717651,1.0055855512619019,0.9196624159812927,False,4438.5517578125,-19796.943359375,-27781.04296875,2026092701,coordinate_gauge,False
0.9175260066986084,True,110,0.0,1.1595386266708374,1.0051251649856567,0.8619080781936646,False,332660.6875,-20033.71484375,-365337.53125,2026092701,coordinate_gauge,False
0.9243168830871582,True,111,0.0,1.0653523206710815,1.0055574178695679,0.9182259440422058,False,4123.5537109375,-19707.384765625,-40857.60546875,2026092701,coordinate_gauge,False
0.9510855674743652,True,112,0.0,1.0571117401123047,1.005683422088623,0.918789803981781,False,8726.6171875,-20369.998046875,-36179.33984375,2026092701,coordinate_gauge,False
0.949920654296875,True,113,0.0,1.0573655366897583,1.0056509971618652,0.9184092283248901,False,-9017.068359375,-19140.09375,-28367.2109375,2026092701,coordinate_gauge,False
0.9290177822113037,True,114,0.0,1.1409435272216797,1.005147933959961,0.856000542640686,False,541633.625,1274.833740234375,-34365.4375,2026092701,coordinate_gauge,False
0.9482586979866028,True,115,0.0,1.0572092533111572,1.0056976079940796,0.9181393980979919,False,-6460.978515625,-20994.55859375,-32599.50390625,2026092701,coordinate_gauge,False
0.9361519813537598,True,116,0.0,1.1414034366607666,1.0052964687347412,0.8690687417984009,False,287956.34375,-11185.169921875,-36629.98828125,2026092701,coordinate_gauge,False
0.9686556458473206,True,117,0.0,1.057739019393921,1.0057846307754517,0.9176304340362549,False,237.56475830078125,-21258.8203125,-28806.583984375,2026092701,coordinate_gauge,False
0.9273165464401245,True,118,0.0,1.0589289665222168,1.0056660175323486,0.9172821044921875,False,-10872.76171875,-23297.525390625,-50232.375,2026092701,coordinate_gauge,False
0.9418671131134033,True,119,0.0,1.0631868839263916,1.0056012868881226,0.914769172668457,False,1469.447265625,-19269.853515625,-56897.69140625,2026092701,coordinate_gauge,False
0.9667714238166809,True,120,0.0,1.0576858520507812,1.0057225227355957,0.917479932308197,False,-793.2008666992188,-19558.64453125,-28069.572265625,2026092701,coordinate_gauge,False
0.947522759437561,True,121,0.0,1.0585083961486816,1.0056277513504028,0.9182766675949097,False,11266.7890625,-19151.03515625,-43265.84765625,2026092701,coordinate_gauge,False
0.9448771476745605,True,122,0.0,1.0580402612686157,1.0055973529815674,0.9168617725372314,False,9106.84375,-18522.765625,-27963.98046875,2026092701,coordinate_gauge,False
0.9358937740325928,True,123,0.0,1.0624828338623047,1.0056060552597046,0.9155234694480896,False,15508.7236328125,-20297.08203125,-58938.87890625,2026092701,coordinate_gauge,False
0.9431315064430237,True,124,0.0,1.0582622289657593,1.0056277513504028,0.916572630405426,False,19712.8359375,-19776.7734375,-28673.306640625,2026092701,coordinate_gauge,False
0.9415336847305298,True,125,0.0,1.1440048217773438,1.0052322149276733,0.8549529910087585,False,369370.75,-7420.79052734375,-29667.935546875,2026092701,coordinate_gauge,False
0.9141016602516174,True,126,0.0,1.1405746936798096,1.005163311958313,0.8739527463912964,False,265346.34375,-10522.8310546875,-53712.5234375,2026092701,coordinate_gauge,False
0.9540157914161682,True,127,0.0,1.125290036201477,1.0052539110183716,0.8591679930686951,False,495525.125,-1812.536376953125,-27316.14453125,2026092701,coordinate_gauge,False
0.9539644122123718,True,128,0.0,1.0589206218719482,1.005621075630188,0.91550612449646,False,1082.138427734375,-18056.728515625,-34093.140625,2026092701,coordinate_gauge,False
0.9648264646530151,True,129,0.0,1.0582408905029297,1.005759358406067,0.9158685207366943,False,110.16361999511719,-20939.169921875,-29325.505859375,2026092701,coordinate_gauge,False
0.9069077968597412,True,130,0.0,1.1739557981491089,1.0053898096084595,0.871214747428894,False,2265.80322265625,-32874.625,-405687.8125,2026092701,coordinate_gauge,False
0.970518171787262,True,131,0.0,1.0587871074676514,1.0058003664016724,0.9150410890579224,False,4138.02880859375,-21493.5625,-33654.2890625,2026092701,coordinate_gauge,False
0.9222771525382996,True,132,0.0,1.1446154117584229,1.0052193403244019,0.8605197668075562,False,340223.09375,-11492.888671875,-131600.234375,2026092701,coordinate_gauge,False
0.9580852389335632,True,133,0.0,1.058497428894043,1.0057926177978516,0.914832592010498,False,-10071.2548828125,-22930.77734375,-28875.865234375,2026092701,coordinate_gauge,False
0.9662359952926636,True,134,0.0,1.0592716932296753,1.0056960582733154,0.9157479405403137,False,-6733.25341796875,-18844.87890625,-41699.73046875,2026092701,coordinate_gauge,False
0.9621453285217285,True,135,0.0,1.0656068325042725,1.005863070487976,0.9121853113174438,False,-11516.166015625,-24890.197265625,-71605.984375,2026092701,coordinate_gauge,False
0.9727889895439148,True,136,0.0,1.0591877698898315,1.0057802200317383,0.913948118686676,False,-2852.947021484375,-20495.169921875,-30464.826171875,2026092701,coordinate_gauge,False
0.9424360394477844,True,137,0.0,1.0609039068222046,1.0056694746017456,0.9145554900169373,False,-636.8631591796875,-21182.05859375,-52282.3359375,2026092701,coordinate_gauge,False
0.955233633518219,True,138,0.0,1.0612998008728027,1.005763292312622,0.9140446186065674,False,-7621.60888671875,-22469.8359375,-57416.71875,2026092701,coordinate_gauge,False
0.9390231966972351,True,139,0.0,1.0591365098953247,1.0055536031723022,0.9138071537017822,False,19712.8359375,-18137.95703125,-36668.9609375,2026092701,coordinate_gauge,False
0.9083428382873535,True,140,0.0,1.155612587928772,1.0051417350769043,0.8451207876205444,False,546475.4375,-1759.46435546875,-33585.046875,2026092701,coordinate_gauge,False
0.9621610641479492,True,141,0.0,1.0591679811477661,1.005741000175476,0.9134471416473389,False,-9910.85546875,-20779.8359375,-34524.5546875,2026092701,coordinate_gauge,False
0.9364714622497559,True,142,0.0,1.0590838193893433,1.0056155920028687,0.913388729095459,False,-3069.28857421875,-20229.263671875,-37706.4921875,2026092701,coordinate_gauge,False
0.9647845029830933,True,143,0.0,1.059117317199707,1.0058048963546753,0.9133080840110779,False,-10430.4189453125,-22345.68359375,-41055.609375,2026092701,coordinate_gauge,False
0.9263386726379395,True,144,0.0,1.0672657489776611,1.0055516958236694,0.9131971001625061,False,5856.55810546875,-19653.6796875,-41000.828125,2026092701,coordinate_gauge,False
0.971571683883667,True,145,0.0,1.0615869760513306,1.0057990550994873,0.9124941229820251,False,-10108.0146484375,-21310.02734375,-46699.7421875,2026092701,coordinate_gauge,False
0.9697567224502563,True,146,0.0,1.064929485321045,1.0058387517929077,0.9108946323394775,False,-8744.373046875,-22961.74609375,-67448.2578125,2026092701,coordinate_gauge,False
0.9550978541374207,True,147,0.0,1.081390619277954,1.005736231803894,0.9025125503540039,False,11266.7890625,-22298.853515625,-109689.734375,2026092701,coordinate_gauge,False
0.9826878309249878,True,148,0.0,1.059346318244934,1.0058513879776,0.9125862717628479,False,-10128.3974609375,-21385.232421875,-29977.234375,2026092701,coordinate_gauge,False
0.9438076019287109,True,149,0.0,1.059298038482666,1.0056427717208862,0.9125090837478638,False,6009.21484375,-20085.919921875,-34552.7890625,2026092701,coordinate_gauge,False
0.9646995067596436,True,150,0.0,1.0593172311782837,1.0057553052902222,0.9123439788818359,False,-11947.94140625,-20780.107421875,-35097.1484375,2026092701,coordinate_gauge,False
0.9595573544502258,True,151,0.0,1.0599284172058105,1.005710482597351,0.9117310047149658,False,-793.2008666992188,-20106.373046875,-36000.35546875,2026092701,coordinate_gauge,False
0.9594277143478394,True,152,0.0,1.0604535341262817,1.0057481527328491,0.911270022392273,False,-1080.7781982421875,-21316.3671875,-42158.13671875,2026092701,coordinate_gauge,False
0.9177613258361816,True,153,0.0,1.1518365144729614,1.005059838294983,0.8526679873466492,False,332660.6875,-5946.77978515625,-31111.283203125,2026092701,coordinate_gauge,False
0.9651989936828613,True,154,0.0,1.0610549449920654,1.0057569742202759,0.9115945100784302,False,-5233.34814453125,-20789.125,-43265.84765625,2026092701,coordinate_gauge,False
0.9291571378707886,True,155,0.0,1.0620495080947876,1.0056222677230835,0.9108549356460571,False,2550.03173828125,-21450.09375,-45744.2421875,2026092701,coordinate_gauge,False
0.915948212146759,True,156,0.0,1.0687904357910156,1.005481481552124,0.9095655083656311,False,17683.70703125,-19145.921875,-74626.4140625,2026092701,coordinate_gauge,False
0.8953685760498047,True,157,0.0,1.1708033084869385,1.0047856569290161,0.8475016355514526,False,541633.625,-11183.88671875,-441772.3125,2026092701,coordinate_gauge,False
0.9593059420585632,True,158,0.0,1.0593489408493042,1.005677342414856,0.9117788672447205,False,-11257.3818359375,-18964.609375,-30137.021484375,2026092701,coordinate_gauge,False
0.8798010945320129,True,159,0.0,1.149424433708191,1.0049481391906738,0.8613322973251343,False,301528.3125,-8163.7509765625,-38458.45703125,2026092701,coordinate_gauge,False
0.9078343510627747,True,160,0.0,1.1550449132919312,1.004996657371521,0.8438247442245483,False,542213.3125,2540.88623046875,-34034.21484375,2026092701,coordinate_gauge,False
0.9474926590919495,True,161,0.0,1.0597763061523438,1.0056657791137695,0.9111282229423523,False,-3933.06982421875,-20319.0234375,-33158.35546875,2026092701,coordinate_gauge,False
0.9668532013893127,True,162,0.0,1.0599018335342407,1.0058025121688843,0.9109248518943787,False,-11164.0830078125,-21979.009765625,-36135.23046875,2026092701,coordinate_gauge,False
0.9632574915885925,True,163,0.0,1.0746444463729858,1.0058530569076538,0.9012806415557861,False,-9747.9853515625,-24628.5546875,-92520.2890625,2026092701,coordinate_gauge,False
0.9356224536895752,True,164,0.0,1.0615183115005493,1.005588173866272,0.9106354713439941,False,32602.0390625,-19670.107421875,-43341.37109375,2026092701,coordinate_gauge,False
0.9504629373550415,True,165,0.0,1.0596623420715332,1.0057047605514526,0.9110004901885986,False,-6826.421875,-21091.216796875,-30853.56640625,2026092701,coordinate_gauge,False
0.9306601285934448,True,166,0.0,1.1512573957443237,1.0050792694091797,0.8365710973739624,False,418192.15625,-2630.813720703125,-28498.236328125,2026092701,coordinate_gauge,False
0.9452698826789856,True,167,0.0,1.0605136156082153,1.0057204961776733,0.9109055995941162,False,-11320.1748046875,-22390.419921875,-41248.7421875,2026092701,coordinate_gauge,False
0.9427388906478882,True,168,0.0,1.05953848361969,1.005645513534546,0.9109691381454468,False,6009.21484375,-20315.62109375,-27463.21875,2026092701,coordinate_gauge,False
0.9195854067802429,True,169,0.0,1.1692473888397217,1.0051895380020142,0.8525578379631042,False,605814.5,1904.6162109375,-40464.05859375,2026092701,coordinate_gauge,False
0.9111685752868652,True,170,0.0,1.0684723854064941,1.0055460929870605,0.9111239910125732,False,1467.06298828125,-21649.982421875,-51768.87890625,2026092701,coordinate_gauge,False
0.9640501737594604,True,171,0.0,1.0600001811981201,1.005712628364563,0.910462498664856,False,-2525.7099609375,-19578.5625,-28601.45703125,2026092701,coordinate_gauge,False
0.9420930743217468,True,172,0.0,1.0588915348052979,1.0056426525115967,0.9118942022323608,False,4733.28564453125,-20417.69921875,-41108.08984375,2026092701,coordinate_gauge,False
0.9684834480285645,True,173,0.0,1.0706113576889038,1.0057945251464844,0.9059810638427734,False,-8586.7080078125,-21884.228515625,-79863.625,2026092701,coordinate_gauge,False
0.9338403940200806,True,174,0.0,1.0596126317977905,1.0055829286575317,0.9107519388198853,False,-1109.3099365234375,-19591.509765625,-27645.595703125,2026092701,coordinate_gauge,False
0.9391152858734131,True,175,0.0,1.155913233757019,1.0052886009216309,0.8430627584457397,False,542213.3125,-2557.890625,-51161.359375,2026092701,coordinate_gauge,False
0.9693034887313843,True,176,0.0,1.0600470304489136,1.0058372020721436,0.910290002822876,False,-11650.146484375,-22809.357421875,-31746.794921875,2026092701,coordinate_gauge,False
0.9531024694442749,True,177,0.0,1.0679798126220703,1.0056744813919067,0.9059573411941528,False,8400.916015625,-20183.88671875,-74216.171875,2026092701,coordinate_gauge,False
0.9194343090057373,True,178,0.0,1.105549693107605,1.0057017803192139,0.9056991338729858,False,-9493.4501953125,-27554.474609375,-164209.78125,2026092701,coordinate_gauge,False
0.9503363370895386,True,179,0.0,1.0599644184112549,1.0057380199432373,0.910291850566864,False,-6249.81787109375,-22326.158203125,-45204.45703125,2026092701,coordinate_gauge,False
0.9436951279640198,True,180,0.0,1.0602538585662842,1.005680799484253,0.9100005030632019,False,-8327.6748046875,-21386.67578125,-33353.83984375,2026092701,coordinate_gauge,False
0.9388377070426941,True,181,0.0,1.1556084156036377,1.005224347114563,0.850049614906311,False,317898.21875,-8603.4482421875,-28498.236328125,2026092701,coordinate_gauge,False
0.9270689487457275,True,182,0.0,1.0620568990707397,1.0055805444717407,0.9107903838157654,False,-2709.642333984375,-20596.451171875,-55793.95703125,2026092701,coordinate_gauge,False
0.9733415246009827,True,183,0.0,1.060119390487671,1.0057586431503296,0.9100512862205505,False,-9392.8759765625,-19770.943359375,-28586.31640625,2026092701,coordinate_gauge,False
0.950084388256073,True,184,0.0,1.060425877571106,1.0056966543197632,0.9097480773925781,False,-11504.8544921875,-20967.2734375,-30622.630859375,2026092701,coordinate_gauge,False
0.9400513768196106,True,185,0.0,1.059397578239441,1.0055840015411377,0.9106849431991577,False,-1487.5699462890625,-18832.384765625,-41055.609375,2026092701,coordinate_gauge,False
0.9625886082649231,True,186,0.0,1.060072660446167,1.0057183504104614,0.9100378155708313,False,-2202.5322265625,-19990.060546875,-33063.35546875,2026092701,coordinate_gauge,False
0.9541516900062561,True,187,0.0,1.0674505233764648,1.005766749382019,0.9060280323028564,False,-1109.3099365234375,-22930.740234375,-71967.421875,2026092701,coordinate_gauge,False
0.9562574625015259,True,188,0.0,1.0605437755584717,1.0057748556137085,0.909910261631012,False,-6266.02001953125,-22678.580078125,-39015.15234375,2026092701,coordinate_gauge,False
0.9482081532478333,True,189,0.0,1.0655577182769775,1.005740761756897,0.9099767208099365,False,-10111.3740234375,-22815.076171875,-62276.09765625,2026092701,coordinate_gauge,False
0.9004446268081665,True,190,0.0,1.154558777809143,1.005090355873108,0.8534606099128723,False,305330.0625,-10178.966796875,-61707.54296875,2026092701,coordinate_gauge,False
0.9536965489387512,True,191,0.0,1.0599839687347412,1.0056734085083008,0.9100725054740906,False,-4850.3330078125,-19817.318359375,-45254.1953125,2026092701,coordinate_gauge,False
0.9426611661911011,True,192,0.0,1.0655697584152222,1.005760669708252,0.908072829246521,False,-8655.8583984375,-24275.8046875,-62276.09765625,2026092701,coordinate_gauge,False
0.9521591067314148,True,193,0.0,1.0600953102111816,1.0057076215744019,0.9099507331848145,False,-12195.001953125,-21050.1015625,-31759.248046875,2026092701,coordinate_gauge,False
0.9317785501480103,True,194,0.0,1.0600979328155518,1.0055532455444336,0.9099413156509399,False,1082.138427734375,-19019.0546875,-29433.8203125,2026092701,coordinate_gauge,False
0.9391604065895081,True,195,0.0,1.059416651725769,1.0056886672973633,0.910544753074646,False,-7447.1357421875,-22297.291015625,-39645.59765625,2026092701,coordinate_gauge,False
0.8838262557983398,True,196,0.0,1.1846476793289185,1.0050045251846313,0.8655394315719604,False,2653.55224609375,-51764.6953125,-507834.75,2026092701,coordinate_gauge,False
0.9566852450370789,True,197,0.0,1.0595043897628784,1.0057907104492188,0.9104745984077454,False,-7091.0029296875,-23187.947265625,-51191.1640625,2026092701,coordinate_gauge,False
0.9404575228691101,True,198,0.0,1.1679718494415283,1.0055869817733765,0.8737123608589172,False,522.2033081054688,-30613.673828125,-348374.4375,2026092701,coordinate_gauge,False
0.9398095607757568,True,199,0.0,1.060320496559143,1.0055968761444092,0.9097456932067871,False,15508.7236328125,-19340.33984375,-29219.0703125,2026092701,coordinate_gauge,False
0.9570783376693726,True,200,0.0,1.0598191022872925,1.00577974319458,0.9103012681007385,False,-9747.9853515625,-22694.0390625,-39313.58203125,2026092701,coordinate_gauge,False
0.9263358116149902,True,1,0.0,1.0032814741134644,1.0001909732818604,0.9973649978637695,False,223348.671875,-10802.2099609375,-35108.05859375,2026092702,coordinate_equivariant,False
0.9135782122612,True,2,0.0,1.0062222480773926,1.0005731582641602,0.99691241979599,False,-2515.307373046875,-19858.583984375,-35483.5,2026092702,coordinate_equivariant,False
0.9705933332443237,True,3,0.0,1.0076032876968384,1.0009052753448486,0.9959293603897095,False,-6982.650390625,-20745.30859375,-30163.5390625,2026092702,coordinate_equivariant,False
0.9462128281593323,True,4,0.0,1.0102391242980957,1.001169204711914,0.9927753806114197,False,-11650.146484375,-22325.15234375,-46621.28125,2026092702,coordinate_equivariant,False
0.9641473293304443,True,5,0.0,1.0101302862167358,1.0013905763626099,0.9901721477508545,False,-5404.8408203125,-20176.498046875,-30210.423828125,2026092702,coordinate_equivariant,False
0.9513486623764038,True,6,0.0,1.0118614435195923,1.0015884637832642,0.9878033399581909,False,12103.640625,-18494.1484375,-35614.390625,2026092702,coordinate_equivariant,False
0.9610216021537781,True,7,0.0,1.0121296644210815,1.0018044710159302,0.9857597351074219,False,6447.0673828125,-19742.232421875,-35201.6953125,2026092702,coordinate_equivariant,False
0.9493824243545532,True,8,0.0,1.0165736675262451,1.0020304918289185,0.9823057055473328,False,-10306.3984375,-26548.978515625,-103039.71875,2026092702,coordinate_equivariant,False
0.9539032578468323,True,9,0.0,1.0172876119613647,1.0021864175796509,0.982325553894043,False,-8864.8974609375,-21115.56640625,-74330.4609375,2026092702,coordinate_equivariant,False
0.923898458480835,True,10,0.0,1.0283318758010864,1.002323031425476,0.9745835661888123,False,17974.853515625,-40888.59375,-613652.5625,2026092702,coordinate_equivariant,False
0.9469099044799805,True,11,0.0,1.0190743207931519,1.0025628805160522,0.9790442585945129,False,-6490.18896484375,-21768.31640625,-57416.71875,2026092702,coordinate_equivariant,False
0.9312384724617004,True,12,0.0,1.0183625221252441,1.0026975870132446,0.977797269821167,False,56576.859375,-16662.919921875,-35451.94140625,2026092702,coordinate_equivariant,False
0.9469119906425476,True,13,0.0,1.0217256546020508,1.0029033422470093,0.976294994354248,False,4733.28564453125,-20445.08984375,-41248.7421875,2026092702,coordinate_equivariant,False
0.9310033917427063,True,14,0.0,1.0209943056106567,1.0030419826507568,0.97547847032547,False,23883.11328125,-18762.6640625,-38459.8046875,2026092702,coordinate_equivariant,False
0.9580206871032715,True,15,0.0,1.0212421417236328,1.0032320022583008,0.9740644097328186,False,2788.489501953125,-20077.3359375,-33972.7421875,2026092702,coordinate_equivariant,False
0.9317575693130493,True,16,0.0,1.0455892086029053,1.0034549236297607,0.9629566669464111,False,-8035.90869140625,-34417.921875,-365337.53125,2026092702,coordinate_equivariant,False
0.9104474186897278,True,17,0.0,1.0278006792068481,1.0034570693969727,0.9714743494987488,False,265346.34375,-11391.5205078125,-42171.78515625,2026092702,coordinate_equivariant,False
0.930590808391571,True,18,0.0,1.025261640548706,1.003731608390808,0.9705657958984375,False,-9870.3447265625,-22889.931640625,-36487.921875,2026092702,coordinate_equivariant,False
0.9377676248550415,True,19,0.0,1.0280781984329224,1.0037297010421753,0.9684287309646606,False,223348.671875,-12137.6591796875,-28870.212890625,2026092702,coordinate_equivariant,False
0.9482697248458862,True,20,0.0,1.0254155397415161,1.0039557218551636,0.9666938781738281,False,1467.06298828125,-18235.296875,-32380.45703125,2026092702,coordinate_equivariant,False
0.9266605973243713,True,21,0.0,1.030269742012024,1.0041191577911377,0.9643151164054871,False,11358.2255859375,-19777.755859375,-53712.5234375,2026092702,coordinate_equivariant,False
0.9632368683815002,True,22,0.0,1.0282971858978271,1.0042781829833984,0.9634829163551331,False,-9493.4501953125,-21366.00390625,-37268.23828125,2026092702,coordinate_equivariant,False
0.9531524777412415,True,23,0.0,1.0294686555862427,1.0043869018554688,0.9617955684661865,False,-8056.49267578125,-20701.857421875,-38657.28515625,2026092702,coordinate_equivariant,False
0.9311352372169495,True,24,0.0,1.0285899639129639,1.0044729709625244,0.9604346752166748,False,2958.46826171875,-18017.537109375,-28101.9765625,2026092702,coordinate_equivariant,False
0.9358850717544556,True,25,0.0,1.0337060689926147,1.0047155618667603,0.9569315314292908,False,-9246.1181640625,-25655.013671875,-55354.359375,2026092702,coordinate_equivariant,False
0.9297987222671509,True,26,0.0,1.0303186178207397,1.0046873092651367,0.9574578404426575,False,98894.34375,-16359.517578125,-32599.50390625,2026092702,coordinate_equivariant,False
0.9601926803588867,True,27,0.0,1.0316705703735352,1.0048407316207886,0.9553586840629578,False,446.507568359375,-18750.888671875,-40857.60546875,2026092702,coordinate_equivariant,False
0.9320734739303589,True,28,0.0,1.0341923236846924,1.0048412084579468,0.9542080760002136,False,240913.78125,-11046.20703125,-36487.921875,2026092702,coordinate_equivariant,False
0.9462664723396301,True,29,0.0,1.0338377952575684,1.0051171779632568,0.9519669413566589,False,-11286.51953125,-22510.767578125,-47424.48046875,2026092702,coordinate_equivariant,False
0.9071062803268433,True,30,0.0,1.0375115871429443,1.0052192211151123,0.948053240776062,False,4438.5517578125,-21011.341796875,-70285.7265625,2026092702,coordinate_equivariant,False
0.9611374735832214,True,31,0.0,1.0330226421356201,1.0052884817123413,0.9497647881507874,False,1759.846435546875,-20291.46875,-40604.359375,2026092702,coordinate_equivariant,False
0.9479758143424988,True,32,0.0,1.0337951183319092,1.0053842067718506,0.9490641355514526,False,9106.84375,-19913.412109375,-35108.05859375,2026092702,coordinate_equivariant,False
0.939436137676239,True,33,0.0,1.0381933450698853,1.005523920059204,0.9429173469543457,False,110.16361999511719,-21981.927734375,-73322.59375,2026092702,coordinate_equivariant,False
0.9295093417167664,True,34,0.0,1.044321060180664,1.0055980682373047,0.934245228767395,False,51413.00390625,-20193.40234375,-76897.1015625,2026092702,coordinate_equivariant,False
0.9269694089889526,True,35,0.0,1.0684199333190918,1.0057326555252075,0.9094762206077576,False,-10335.7861328125,-39085.1953125,-510346.40625,2026092702,coordinate_equivariant,False
0.9209374189376831,True,36,0.0,1.0361427068710327,1.0057320594787598,0.9412884712219238,False,17683.70703125,-17620.55078125,-48869.21484375,2026092702,coordinate_equivariant,False
0.9335246086120605,True,37,0.0,1.0358564853668213,1.005895733833313,0.9414082765579224,False,-9009.6015625,-21869.91796875,-39322.83984375,2026092702,coordinate_equivariant,False
0.9471930265426636,True,38,0.0,1.0343106985092163,1.005876898765564,0.941631019115448,False,73236.765625,-17188.9765625,-29415.607421875,2026092702,coordinate_equivariant,False
0.9679131507873535,True,39,0.0,1.0373471975326538,1.0060055255889893,0.9395804405212402,False,-3323.251220703125,-20162.947265625,-37706.4921875,2026092702,coordinate_equivariant,False
0.8959320783615112,True,40,0.0,1.036413311958313,1.0059528350830078,0.9396202564239502,False,94218.25,-11445.8115234375,-28856.671875,2026092702,coordinate_equivariant,False
0.9442821145057678,True,41,0.0,1.0370992422103882,1.0061748027801514,0.9386201500892639,False,-10038.1875,-20120.927734375,-30115.40234375,2026092702,coordinate_equivariant,False
0.9684352874755859,True,42,0.0,1.039278268814087,1.0062850713729858,0.9360634088516235,False,-13112.05078125,-22633.73046875,-40464.05859375,2026092702,coordinate_equivariant,False
0.966314435005188,True,43,0.0,1.0419381856918335,1.0063515901565552,0.9341272115707397,False,-7957.99560546875,-22152.326171875,-47706.6484375,2026092702,coordinate_equivariant,False
0.9625457525253296,True,44,0.0,1.0390044450759888,1.0063952207565308,0.935936450958252,False,-7752.93310546875,-20544.23828125,-30729.06640625,2026092702,coordinate_equivariant,False
0.8920037746429443,True,45,0.0,1.0411638021469116,1.0064921379089355,0.933517336845398,False,36219.20703125,-19461.25390625,-37120.92578125,2026092702,coordinate_equivariant,False
0.9316109418869019,True,46,0.0,1.0437405109405518,1.0063855648040771,0.9330655336380005,False,233174.0625,-10923.1083984375,-34552.7890625,2026092702,coordinate_equivariant,False
0.9249756932258606,True,47,0.0,1.040026307106018,1.0066354274749756,0.9332264065742493,False,4415.74853515625,-20175.525390625,-28383.466796875,2026092702,coordinate_equivariant,False
0.9464554786682129,True,48,0.0,1.0834773778915405,1.006714105606079,0.8824979662895203,False,-4735.76220703125,-33000.484375,-441772.3125,2026092702,coordinate_equivariant,False
0.9350230693817139,True,49,0.0,1.046937108039856,1.0065991878509521,0.9298784732818604,False,265346.34375,-10839.328125,-36858.3046875,2026092702,coordinate_equivariant,False
0.9538007974624634,True,50,0.0,1.0468268394470215,1.0068503618240356,0.9253628253936768,False,-8439.7216796875,-22298.728515625,-55793.95703125,2026092702,coordinate_equivariant,False
0.9694838523864746,True,51,0.0,1.044704556465149,1.006833791732788,0.9266179203987122,False,-4887.41845703125,-19723.58984375,-46621.28125,2026092702,coordinate_equivariant,False
0.9700278043746948,True,52,0.0,1.0449200868606567,1.0069386959075928,0.9261825680732727,False,-6963.8095703125,-21967.52734375,-45163.51171875,2026092702,coordinate_equivariant,False
0.9464423656463623,True,53,0.0,1.0482466220855713,1.0070356130599976,0.9227824211120605,False,-12343.763671875,-22840.8046875,-58938.87890625,2026092702,coordinate_equivariant,False
0.9228521585464478,True,54,0.0,1.0493745803833008,1.0069656372070312,0.9249724745750427,False,98894.34375,-15698.466796875,-33862.44921875,2026092702,coordinate_equivariant,False
0.9386053681373596,True,55,0.0,1.0485320091247559,1.007102370262146,0.9213769435882568,False,-7435.3349609375,-20027.638671875,-55793.95703125,2026092702,coordinate_equivariant,False
0.94719398021698,True,56,0.0,1.0444872379302979,1.0071319341659546,0.9266220331192017,False,4138.02880859375,-19478.951171875,-29062.447265625,2026092702,coordinate_equivariant,False
0.9385203123092651,True,57,0.0,1.045606017112732,1.007200837135315,0.9247263073921204,False,8726.6171875,-19802.130859375,-29481.875,2026092702,coordinate_equivariant,False
0.956953763961792,True,58,0.0,1.04640793800354,1.0072270631790161,0.922728419303894,False,2207.453125,-19567.958984375,-35097.1484375,2026092702,coordinate_equivariant,False
0.9503930807113647,True,59,0.0,1.0460039377212524,1.0072579383850098,0.9240624308586121,False,6701.88330078125,-18466.810546875,-28736.599609375,2026092702,coordinate_equivariant,False
0.9187156558036804,True,60,0.0,1.0478620529174805,1.0073386430740356,0.9208582639694214,False,56576.859375,-18145.9296875,-35152.76953125,2026092702,coordinate_equivariant,False
0.969999372959137,True,61,0.0,1.0495513677597046,1.0074375867843628,0.9178290367126465,False,-10820.2939453125,-22558.0859375,-45699.59375,2026092702,coordinate_equivariant,False
0.9230800867080688,True,62,0.0,1.0721200704574585,1.0076464414596558,0.886735737323761,False,-4181.39599609375,-28315.87109375,-164209.78125,2026092702,coordinate_equivariant,False
0.941125750541687,True,63,0.0,1.094457745552063,1.007503867149353,0.8722449541091919,False,-6177.97802734375,-42857.328125,-620278.0625,2026092702,coordinate_equivariant,False
0.8833537101745605,True,64,0.0,1.0550645589828491,1.0074279308319092,0.8994578123092651,False,94218.25,-12177.908203125,-34519.71484375,2026092702,coordinate_equivariant,False
0.9518073201179504,True,65,0.0,1.0498628616333008,1.0075232982635498,0.9169286489486694,False,7803.99951171875,-18250.8046875,-33825.7109375,2026092702,coordinate_equivariant,False
0.9645394086837769,True,66,0.0,1.0511096715927124,1.0076234340667725,0.9140747785568237,False,-8805.5556640625,-21736.2109375,-50201.921875,2026092702,coordinate_equivariant,False
0.8884676694869995,True,67,0.0,1.1053857803344727,1.0078341960906982,0.8509522676467896,False,-8100.69482421875,-37002.984375,-457181.34375,2026092702,coordinate_equivariant,False
0.9741977453231812,True,68,0.0,1.0494496822357178,1.0076557397842407,0.9173941016197205,False,-4017.410888671875,-20338.291015625,-28586.31640625,2026092702,coordinate_equivariant,False
0.957504391670227,True,69,0.0,1.052111268043518,1.0077146291732788,0.9124258756637573,False,-4914.37841796875,-20410.025390625,-36747.64453125,2026092702,coordinate_equivariant,False
0.9602547883987427,True,70,0.0,1.0499027967453003,1.0077649354934692,0.9160445332527161,False,-8746.125,-21440.341796875,-32380.45703125,2026092702,coordinate_equivariant,False
0.9439555406570435,True,71,0.0,1.0515409708023071,1.0078132152557373,0.9137822389602661,False,2958.46826171875,-21142.318359375,-28299.912109375,2026092702,coordinate_equivariant,False
0.9094630479812622,True,72,0.0,1.0560429096221924,1.0077886581420898,0.9121015667915344,False,86082.7578125,-16626.021484375,-34244.37890625,2026092702,coordinate_equivariant,False
0.9213029146194458,True,73,0.0,1.1006959676742554,1.0079187154769897,0.8489471673965454,False,498987.40625,-14307.8935546875,-348374.4375,2026092702,coordinate_equivariant,False
0.9465398788452148,True,74,0.0,1.0519253015518188,1.007886528968811,0.9125300645828247,False,6009.21484375,-20456.296875,-39015.15234375,2026092702,coordinate_equivariant,False
0.9296236634254456,True,75,0.0,1.1054069995880127,1.008117914199829,0.8437364101409912,False,-11121.9765625,-36347.46875,-405687.8125,2026092702,coordinate_equivariant,False
0.9731417298316956,True,76,0.0,1.0523897409439087,1.0079706907272339,0.9113678932189941,False,-10679.869140625,-22944.076171875,-31280.76171875,2026092702,coordinate_equivariant,False
0.9552695751190186,True,77,0.0,1.0782142877578735,1.0080766677856445,0.8786408305168152,False,-1251.5523681640625,-26389.626953125,-182050.59375,2026092702,coordinate_equivariant,False
0.9746193885803223,True,78,0.0,1.0518786907196045,1.0079751014709473,0.912049412727356,False,-9762.4404296875,-20950.669921875,-30618.25,2026092702,coordinate_equivariant,False
0.9630305767059326,True,79,0.0,1.0530482530593872,1.0080350637435913,0.9098588228225708,False,-6733.25341796875,-21814.3671875,-33353.83984375,2026092702,coordinate_equivariant,False
0.9424751400947571,True,80,0.0,1.0530858039855957,1.0080875158309937,0.9090633988380432,False,-2.9366064071655273,-21816.7109375,-38459.8046875,2026092702,coordinate_equivariant,False
0.950267493724823,True,81,0.0,1.0531034469604492,1.0080422163009644,0.9091600179672241,False,5797.3984375,-19215.5625,-34772.42578125,2026092702,coordinate_equivariant,False
0.9060579538345337,True,82,0.0,1.0604296922683716,1.0081324577331543,0.9008232355117798,False,21800.751953125,-19309.197265625,-73322.59375,2026092702,coordinate_equivariant,False
0.9637196660041809,True,83,0.0,1.0533651113510132,1.0080989599227905,0.9089041352272034,False,-4335.9990234375,-20449.94921875,-33589.0390625,2026092702,coordinate_equivariant,False
0.9670863747596741,True,84,0.0,1.0523524284362793,1.0080784559249878,0.9106302261352539,False,-7544.4580078125,-18820.638671875,-29415.607421875,2026092702,coordinate_equivariant,False
0.9270082116127014,True,85,0.0,1.0698610544204712,1.0081087350845337,0.9070116281509399,False,240913.78125,-14463.8759765625,-35108.05859375,2026092702,coordinate_equivariant,False
0.9152724742889404,True,86,0.0,1.0576343536376953,1.008275032043457,0.8959423303604126,False,17683.70703125,-21085.951171875,-37051.51171875,2026092702,coordinate_equivariant,False
0.8755892515182495,True,87,0.0,1.1039248704910278,1.008325219154358,0.8540941476821899,False,-1533.65966796875,-41858.03125,-620865.25,2026092702,coordinate_equivariant,False
0.9648474454879761,True,88,0.0,1.0529441833496094,1.008169174194336,0.9089886546134949,False,588.2970581054688,-18090.966796875,-29279.302734375,2026092702,coordinate_equivariant,False
0.962313175201416,True,89,0.0,1.054723858833313,1.0082188844680786,0.9057868719100952,False,-5233.34814453125,-19262.755859375,-32599.50390625,2026092702,coordinate_equivariant,False
0.9781670570373535,True,90,0.0,1.055787205696106,1.008267879486084,0.9032377600669861,False,-10185.525390625,-21517.90234375,-45146.75,2026092702,coordinate_equivariant,False
0.9292536973953247,True,91,0.0,1.0580154657363892,1.0083906650543213,0.899051308631897,False,12034.052734375,-22633.576171875,-49134.89453125,2026092702,coordinate_equivariant,False
0.9562655091285706,True,92,0.0,1.0557622909545898,1.0083402395248413,0.9034789800643921,False,-9979.9599609375,-21526.984375,-36761.32421875,2026092702,coordinate_equivariant,False
0.979687511920929,True,93,0.0,1.053784728050232,1.0082862377166748,0.9071990251541138,False,-7202.3525390625,-20313.962890625,-29362.103515625,2026092702,coordinate_equivariant,False
0.9566536545753479,True,94,0.0,1.053912878036499,1.0083142518997192,0.9072180390357971,False,-2238.48681640625,-19248.15234375,-28788.439453125,2026092702,coordinate_equivariant,False
0.9705160856246948,True,95,0.0,1.054808259010315,1.0082963705062866,0.9061006307601929,False,-7957.99560546875,-18805.49609375,-24231.38671875,2026092702,coordinate_equivariant,False
0.9549112915992737,True,96,0.0,1.0593411922454834,1.0084573030471802,0.8987955451011658,False,3318.52197265625,-23748.810546875,-60279.8671875,2026092702,coordinate_equivariant,False
0.919620156288147,True,97,0.0,1.0641977787017822,1.008394479751587,0.8976799249649048,False,80134.7109375,-17918.11328125,-55793.95703125,2026092702,coordinate_equivariant,False
0.951057493686676,True,98,0.0,1.0559791326522827,1.0084728002548218,0.9037784337997437,False,8400.916015625,-22513.041015625,-35451.94140625,2026092702,coordinate_equivariant,False
0.9630139470100403,True,99,0.0,1.0565316677093506,1.0084224939346313,0.9020026326179504,False,-1236.0029296875,-20595.509765625,-43650.34375,2026092702,coordinate_equivariant,False
0.9346895813941956,True,100,0.0,1.0741796493530273,1.0083099603652954,0.8957405686378479,False,240913.78125,-11643.4462890625,-49581.94921875,2026092702,coordinate_equivariant,False
0.9204471111297607,True,101,0.0,1.0585737228393555,1.0085622072219849,0.8982470631599426,False,-1109.3099365234375,-22118.494140625,-52282.3359375,2026092702,coordinate_equivariant,False
0.9302040338516235,True,102,0.0,1.0610612630844116,1.0086323022842407,0.8943592309951782,False,-11735.6787109375,-25103.69140625,-60893.7421875,2026092702,coordinate_equivariant,False
0.9347584843635559,True,103,0.0,1.0569840669631958,1.008512020111084,0.9016953110694885,False,-5233.34814453125,-20096.880859375,-36487.921875,2026092702,coordinate_equivariant,False
0.9343772530555725,True,104,0.0,1.1047037839889526,1.0085673332214355,0.8505529165267944,False,610782.0625,-284.2087097167969,-44432.5703125,2026092702,coordinate_equivariant,False
0.9411094188690186,True,105,0.0,1.0573499202728271,1.0085346698760986,0.9001826047897339,False,12034.052734375,-20375.25,-39015.15234375,2026092702,coordinate_equivariant,False
0.9706316590309143,True,106,0.0,1.0572117567062378,1.008482575416565,0.9000534415245056,False,-8805.5556640625,-19714.11328125,-27815.59375,2026092702,coordinate_equivariant,False
0.9589398503303528,True,107,0.0,1.0583661794662476,1.008558750152588,0.898294985294342,False,4123.5537109375,-21467.33984375,-45282.37890625,2026092702,coordinate_equivariant,False
0.9171048402786255,True,108,0.0,1.0825026035308838,1.0086703300476074,0.8552325367927551,False,1830.2186279296875,-22897.74609375,-136846.234375,2026092702,coordinate_equivariant,False
0.9200997352600098,True,109,0.0,1.067338466644287,1.0085618495941162,0.8756089806556702,False,6754.419921875,-18045.37890625,-26787.666015625,2026092702,coordinate_equivariant,False
0.9635083675384521,True,110,0.0,1.0583648681640625,1.0085786581039429,0.8982210159301758,False,-7621.60888671875,-21378.681640625,-34342.3984375,2026092702,coordinate_equivariant,False
0.9393947124481201,True,111,0.0,1.0588027238845825,1.008566975593567,0.8975713849067688,False,23883.11328125,-18692.43359375,-37824.1171875,2026092702,coordinate_equivariant,False
0.9703750610351562,True,112,0.0,1.057028889656067,1.00858736038208,0.9010399580001831,False,19712.8359375,-21174.228515625,-34390.9609375,2026092702,coordinate_equivariant,False
0.9625411629676819,True,113,0.0,1.062840223312378,1.0086525678634644,0.890904426574707,False,-9910.85546875,-22784.943359375,-66789.3125,2026092702,coordinate_equivariant,False
0.9329176545143127,True,114,0.0,1.0609186887741089,1.0087405443191528,0.8940302133560181,False,-8933.94140625,-23618.177734375,-60279.8671875,2026092702,coordinate_equivariant,False
0.9396849274635315,True,115,0.0,1.101311206817627,1.0085725784301758,0.8573130369186401,False,546475.4375,248.94532775878906,-34093.140625,2026092702,coordinate_equivariant,False
0.9182726144790649,True,116,0.0,1.1133718490600586,1.0087890625,0.8318608999252319,False,7840.19482421875,-36519.9296875,-495208.125,2026092702,coordinate_equivariant,False
0.947946310043335,True,117,0.0,1.0583637952804565,1.008630394935608,0.8984467387199402,False,9545.5400390625,-18690.44921875,-40464.05859375,2026092702,coordinate_equivariant,False
0.913844883441925,True,118,0.0,1.0606434345245361,1.0086348056793213,0.8972563147544861,False,73236.765625,-15798.7890625,-32664.34765625,2026092702,coordinate_equivariant,False
0.9223278760910034,True,119,0.0,1.0681771039962769,1.0086215734481812,0.8974262475967407,False,113612.78125,-15330.138671875,-27015.169921875,2026092702,coordinate_equivariant,False
0.9606800675392151,True,120,0.0,1.0589349269866943,1.0087319612503052,0.8972968459129333,False,-11854.3828125,-22196.462890625,-37942.359375,2026092702,coordinate_equivariant,False
0.9565638303756714,True,121,0.0,1.0590568780899048,1.0087286233901978,0.8972286581993103,False,-9403.85546875,-21431.478515625,-30622.630859375,2026092702,coordinate_equivariant,False
0.9535182118415833,True,122,0.0,1.0585800409317017,1.0086838006973267,0.8979663848876953,False,-9511.9169921875,-19128.32421875,-30115.40234375,2026092702,coordinate_equivariant,False
0.949944257736206,True,123,0.0,1.0669116973876953,1.0088130235671997,0.881514847278595,False,-11078.6123046875,-23794.65234375,-74330.4609375,2026092702,coordinate_equivariant,False
0.9405109286308289,True,124,0.0,1.070886254310608,1.0087491273880005,0.8671047687530518,False,25.487794876098633,-20303.919921875,-45662.08203125,2026092702,coordinate_equivariant,False
0.9518409967422485,True,125,0.0,1.060865879058838,1.0087767839431763,0.8929307460784912,False,-7051.83837890625,-21973.86328125,-35006.609375,2026092702,coordinate_equivariant,False
0.9685288071632385,True,126,0.0,1.0602800846099854,1.0087077617645264,0.8950789570808411,False,-1762.7828369140625,-20191.0234375,-31601.26953125,2026092702,coordinate_equivariant,False
0.9451969861984253,True,127,0.0,1.0590262413024902,1.0087974071502686,0.8972337245941162,False,-11776.6669921875,-21688.125,-36179.33984375,2026092702,coordinate_equivariant,False
0.9150112867355347,True,128,0.0,1.081235647201538,1.0086818933486938,0.8953644633293152,False,265346.34375,-11879.5126953125,-37268.23828125,2026092702,coordinate_equivariant,False
0.941415011882782,True,129,0.0,1.0622273683547974,1.0087748765945435,0.8885930180549622,False,-1533.65966796875,-20084.72265625,-29420.94140625,2026092702,coordinate_equivariant,False
0.9336444735527039,True,130,0.0,1.0614718198776245,1.008881688117981,0.8915219306945801,False,-7255.306640625,-23460.0234375,-43977.8828125,2026092702,coordinate_equivariant,False
0.9266043305397034,True,131,0.0,1.0689328908920288,1.0088495016098022,0.8688558340072632,False,5021.69384765625,-21402.4296875,-37068.6796875,2026092702,coordinate_equivariant,False
0.9554229974746704,True,132,0.0,1.0609781742095947,1.0087484121322632,0.8937746286392212,False,2239.617431640625,-19260.91015625,-35785.75390625,2026092702,coordinate_equivariant,False
0.9577305316925049,True,133,0.0,1.059370994567871,1.0087758302688599,0.8968127369880676,False,-7435.3349609375,-20320.0,-30556.00390625,2026092702,coordinate_equivariant,False
0.970594048500061,True,134,0.0,1.0605578422546387,1.0087099075317383,0.8938543200492859,False,-7957.99560546875,-18455.650390625,-26414.939453125,2026092702,coordinate_equivariant,False
0.9601976275444031,True,135,0.0,1.0626585483551025,1.0088669061660767,0.8887389898300171,False,-11122.138671875,-23673.26953125,-46646.1171875,2026092702,coordinate_equivariant,False
0.9563580751419067,True,136,0.0,1.0606638193130493,1.0088186264038086,0.893949568271637,False,-10555.4033203125,-21312.5078125,-39336.23828125,2026092702,coordinate_equivariant,False
0.9617605209350586,True,137,0.0,1.0621381998062134,1.0087637901306152,0.8904852867126465,False,4889.22705078125,-19295.40625,-46213.8828125,2026092702,coordinate_equivariant,False
0.9839480519294739,True,138,0.0,1.0579380989074707,1.0087401866912842,0.9000025987625122,False,-7917.77099609375,-19851.962890625,-27461.927734375,2026092702,coordinate_equivariant,False
0.9565562009811401,True,139,0.0,1.0603235960006714,1.0088202953338623,0.8950502276420593,False,1469.447265625,-20786.20703125,-37576.44140625,2026092702,coordinate_equivariant,False
0.955462634563446,True,140,0.0,1.0602436065673828,1.008852243423462,0.8952983021736145,False,-11625.25,-21775.912109375,-34390.9609375,2026092702,coordinate_equivariant,False
0.9471489191055298,True,141,0.0,1.0603688955307007,1.0088304281234741,0.894842803478241,False,-2778.6298828125,-20177.78125,-33039.84765625,2026092702,coordinate_equivariant,False
0.9404622912406921,True,142,0.0,1.0662643909454346,1.0089709758758545,0.8777400851249695,False,-11947.94140625,-25129.2421875,-67448.2578125,2026092702,coordinate_equivariant,False
0.9269005060195923,True,143,0.0,1.06011962890625,1.0088224411010742,0.8955703973770142,False,2265.80322265625,-18036.859375,-30556.00390625,2026092702,coordinate_equivariant,False
0.9402249455451965,True,144,0.0,1.0636050701141357,1.0088647603988647,0.886743426322937,False,-4017.410888671875,-20492.3828125,-49581.94921875,2026092702,coordinate_equivariant,False
0.9621163010597229,True,145,0.0,1.0603127479553223,1.0088317394256592,0.8956411480903625,False,-9387.57421875,-20692.650390625,-29583.0078125,2026092702,coordinate_equivariant,False
0.9173401594161987,True,146,0.0,1.0889408588409424,1.0086662769317627,0.8909785151481628,False,332660.6875,-5471.4287109375,-27853.98828125,2026092702,coordinate_equivariant,False
0.9541380405426025,True,147,0.0,1.0625346899032593,1.0089032649993896,0.8901635408401489,False,-9762.4404296875,-22503.9453125,-45254.1953125,2026092702,coordinate_equivariant,False
0.9432600736618042,True,148,0.0,1.0618066787719727,1.0089143514633179,0.891909122467041,False,-7255.306640625,-21954.9296875,-39313.58203125,2026092702,coordinate_equivariant,False
0.9320728182792664,True,149,0.0,1.1110820770263672,1.0089627504348755,0.8394726514816284,False,605814.5,-1250.70654296875,-77367.1796875,2026092702,coordinate_equivariant,False
0.9457451105117798,True,150,0.0,1.0633732080459595,1.0087535381317139,0.8945258259773254,False,73236.765625,-15447.8671875,-28790.384765625,2026092702,coordinate_equivariant,False
0.9383012652397156,True,151,0.0,1.0622801780700684,1.0087860822677612,0.8938189148902893,False,94218.25,-15949.181640625,-31455.021484375,2026092702,coordinate_equivariant,False
0.9400707483291626,True,152,0.0,1.0632106065750122,1.0089200735092163,0.8877236247062683,False,-4584.92333984375,-21353.68359375,-37120.92578125,2026092702,coordinate_equivariant,False
0.9486701488494873,True,153,0.0,1.061206579208374,1.0089043378829956,0.892909049987793,False,-2.9366064071655273,-21291.6640625,-41781.48828125,2026092702,coordinate_equivariant,False
0.9173558354377747,True,154,0.0,1.068840742111206,1.0088293552398682,0.8873586058616638,False,76379.171875,-15810.8388671875,-30042.39453125,2026092702,coordinate_equivariant,False
0.9559915065765381,True,155,0.0,1.0627591609954834,1.008858561515808,0.888519823551178,False,-788.5709838867188,-19840.982421875,-29362.103515625,2026092702,coordinate_equivariant,False
0.9625271558761597,True,156,0.0,1.0615922212600708,1.0088862180709839,0.8925068378448486,False,-10335.7861328125,-21311.494140625,-31280.76171875,2026092702,coordinate_equivariant,False
0.959050714969635,True,157,0.0,1.0616909265518188,1.008854866027832,0.8919927477836609,False,8726.6171875,-19724.380859375,-29567.28125,2026092702,coordinate_equivariant,False
0.9542275071144104,True,158,0.0,1.0625941753387451,1.0089213848114014,0.8887904286384583,False,-10914.2724609375,-21884.349609375,-28673.646484375,2026092702,coordinate_equivariant,False
0.9305942058563232,True,159,0.0,1.06282377243042,1.0089470148086548,0.8891581296920776,False,-8909.7724609375,-21010.90234375,-41774.5546875,2026092702,coordinate_equivariant,False
0.9474824070930481,True,160,0.0,1.066199779510498,1.008833885192871,0.8826029300689697,False,40597.5390625,-17805.927734375,-70285.7265625,2026092702,coordinate_equivariant,False
0.9513012170791626,True,161,0.0,1.0618165731430054,1.0088517665863037,0.8917936682701111,False,-2.9366064071655273,-18709.59375,-36668.9609375,2026092702,coordinate_equivariant,False
0.8866136074066162,True,162,0.0,1.1162753105163574,1.008980393409729,0.8324531316757202,False,2958.46826171875,-40068.2734375,-620278.0625,2026092702,coordinate_equivariant,False
0.9468937516212463,True,163,0.0,1.0614306926727295,1.0089434385299683,0.8921579718589783,False,-6154.85888671875,-21842.06640625,-43977.8828125,2026092702,coordinate_equivariant,False
0.9259827733039856,True,164,0.0,1.072168231010437,1.0089837312698364,0.8661785125732422,False,-8521.53125,-21759.462890625,-42158.13671875,2026092702,coordinate_equivariant,False
0.9443722367286682,True,165,0.0,1.115676760673523,1.0090436935424805,0.8198779821395874,False,-6604.048828125,-30480.302734375,-348374.4375,2026092702,coordinate_equivariant,False
0.9626625776290894,True,166,0.0,1.0602765083312988,1.0088645219802856,0.8948163986206055,False,-6177.97802734375,-19746.69921875,-31072.857421875,2026092702,coordinate_equivariant,False
0.9557855725288391,True,167,0.0,1.0605145692825317,1.008945107460022,0.8944767713546753,False,-6604.048828125,-22321.5859375,-33654.2890625,2026092702,coordinate_equivariant,False
0.9133160710334778,True,168,0.0,1.0620225667953491,1.0089045763015747,0.8907475471496582,False,13072.7353515625,-17426.76171875,-37942.359375,2026092702,coordinate_equivariant,False
0.9235879778862,True,169,0.0,1.107892394065857,1.0091369152069092,0.8263698220252991,False,-9199.7490234375,-31333.6640625,-324498.0,2026092702,coordinate_equivariant,False
0.9340646266937256,True,170,0.0,1.066811203956604,1.009045124053955,0.8787712454795837,False,-11428.0556640625,-24380.08203125,-66783.140625,2026092702,coordinate_equivariant,False
0.9461566805839539,True,171,0.0,1.0626939535140991,1.0089555978775024,0.8892134428024292,False,-1080.7781982421875,-21725.70703125,-39336.23828125,2026092702,coordinate_equivariant,False
0.9051299691200256,True,172,0.0,1.1117994785308838,1.0090619325637817,0.830143928527832,False,11846.2275390625,-36327.7734375,-510346.40625,2026092702,coordinate_equivariant,False
0.9588336944580078,True,173,0.0,1.0614912509918213,1.0088647603988647,0.8927624225616455,False,10100.546875,-18951.41796875,-28044.884765625,2026092702,coordinate_equivariant,False
0.9704715609550476,True,174,0.0,1.0610631704330444,1.0088657140731812,0.893900454044342,False,-8336.345703125,-19812.701171875,-28406.5625,2026092702,coordinate_equivariant,False
0.9521523714065552,True,175,0.0,1.060879111289978,1.0088703632354736,0.8936614990234375,False,15508.7236328125,-18565.775390625,-32465.955078125,2026092702,coordinate_equivariant,False
0.8991845846176147,True,176,0.0,1.1196132898330688,1.0088673830032349,0.824556827545166,False,316734.96875,-24977.974609375,-533549.3125,2026092702,coordinate_equivariant,False
0.9427493214607239,True,177,0.0,1.0643577575683594,1.008989691734314,0.8856533765792847,False,4138.02880859375,-22450.216796875,-55793.95703125,2026092702,coordinate_equivariant,False
0.969287097454071,True,178,0.0,1.0598620176315308,1.008841633796692,0.8968585133552551,False,522.2033081054688,-18635.3828125,-27461.927734375,2026092702,coordinate_equivariant,False
0.9498834609985352,True,179,0.0,1.0630563497543335,1.0089433193206787,0.888584315776825,False,987.9216918945312,-21101.052734375,-36000.35546875,2026092702,coordinate_equivariant,False
0.9482436180114746,True,180,0.0,1.063369870185852,1.0089359283447266,0.8881034255027771,False,2014.4024658203125,-20662.103515625,-55276.02734375,2026092702,coordinate_equivariant,False
0.9362408518791199,True,181,0.0,1.063557744026184,1.0089850425720215,0.8870401382446289,False,-7051.83837890625,-21629.044921875,-35483.5,2026092702,coordinate_equivariant,False
0.9260349869728088,True,182,0.0,1.0869799852371216,1.0088095664978027,0.8768399953842163,False,340223.09375,-8398.9345703125,-62276.09765625,2026092702,coordinate_equivariant,False
0.9521825313568115,True,183,0.0,1.061962366104126,1.0088998079299927,0.8910861611366272,False,7840.19482421875,-19467.04296875,-43268.3203125,2026092702,coordinate_equivariant,False
0.918361485004425,True,184,0.0,1.0636417865753174,1.0089777708053589,0.8870651125907898,False,-5404.8408203125,-19888.54296875,-40137.359375,2026092702,coordinate_equivariant,False
0.9816548824310303,True,185,0.0,1.0600608587265015,1.0088651180267334,0.8953582048416138,False,-9950.984375,-20308.458984375,-28806.583984375,2026092702,coordinate_equivariant,False
0.938313364982605,True,186,0.0,1.0617669820785522,1.008915662765503,0.8920329213142395,False,-8680.8408203125,-18941.677734375,-31254.05859375,2026092702,coordinate_equivariant,False
0.9190660715103149,True,187,0.0,1.116770625114441,1.0090733766555786,0.8222908973693848,False,76379.171875,-33040.76171875,-441772.3125,2026092702,coordinate_equivariant,False
0.9138084053993225,True,188,0.0,1.1157729625701904,1.009135365486145,0.826453685760498,False,-12024.189453125,-39103.32421875,-507834.75,2026092702,coordinate_equivariant,False
0.9361198544502258,True,189,0.0,1.0911729335784912,1.0087592601776123,0.8871630430221558,False,305330.0625,-8403.498046875,-28669.541015625,2026092702,coordinate_equivariant,False
0.952934980392456,True,190,0.0,1.063827633857727,1.008892297744751,0.8866164684295654,False,-109.91448211669922,-19060.759765625,-41000.828125,2026092702,coordinate_equivariant,False
0.9465133547782898,True,191,0.0,1.0638959407806396,1.0089576244354248,0.886660635471344,False,-1762.7828369140625,-21109.978515625,-45699.59375,2026092702,coordinate_equivariant,False
0.961368203163147,True,192,0.0,1.0617355108261108,1.008870005607605,0.8923705816268921,False,12103.640625,-18813.478515625,-33788.5546875,2026092702,coordinate_equivariant,False
0.9686259031295776,True,193,0.0,1.0604931116104126,1.0088634490966797,0.8946561813354492,False,-8569.7841796875,-19099.90625,-27142.50390625,2026092702,coordinate_equivariant,False
0.9526638984680176,True,194,0.0,1.06163489818573,1.0089154243469238,0.8924834132194519,False,-10353.451171875,-19902.28515625,-35409.3828125,2026092702,coordinate_equivariant,False
0.9458657503128052,True,195,0.0,1.1121320724487305,1.0090240240097046,0.8297460079193115,False,-109.91448211669922,-37276.390625,-510346.40625,2026092702,coordinate_equivariant,False
0.9323203563690186,True,196,0.0,1.063387155532837,1.0090513229370117,0.8881641626358032,False,-7593.6650390625,-23652.474609375,-51825.76171875,2026092702,coordinate_equivariant,False
0.9523721933364868,True,197,0.0,1.076725721359253,1.0087579488754272,0.8949698209762573,False,216716.0625,-12052.5068359375,-32771.37109375,2026092702,coordinate_equivariant,False
0.8458318114280701,True,198,0.0,1.0868065357208252,1.0093189477920532,0.844833254814148,False,1550.9083251953125,-27751.271484375,-136846.234375,2026092702,coordinate_equivariant,False
0.9632337093353271,True,199,0.0,1.0605555772781372,1.008920669555664,0.8947416543960571,False,4889.22705078125,-20873.404296875,-30853.56640625,2026092702,coordinate_equivariant,False
0.9429713487625122,True,200,0.0,1.062512993812561,1.0089681148529053,0.8903985619544983,False,-6226.109375,-21173.962890625,-35152.76953125,2026092702,coordinate_equivariant,False
0.9263358116149902,True,1,0.0,1.002802848815918,1.0001022815704346,0.9967914819717407,False,223348.671875,-10802.2099609375,-35108.05859375,2026092702,coordinate_gauge,False
0.9135782122612,True,2,0.0,1.005491018295288,1.000277042388916,0.997151255607605,False,-2515.307373046875,-19858.583984375,-35483.5,2026092702,coordinate_gauge,False
0.9705933332443237,True,3,0.0,1.0053859949111938,1.000426173210144,0.9967978000640869,False,-6982.650390625,-20745.30859375,-30163.5390625,2026092702,coordinate_gauge,False
0.9462128281593323,True,4,0.0,1.0077908039093018,1.0005935430526733,0.996486246585846,False,-11650.146484375,-22325.15234375,-46621.28125,2026092702,coordinate_gauge,False
0.9641473293304443,True,5,0.0,1.0094367265701294,1.0007352828979492,0.996568500995636,False,-5404.8408203125,-20176.498046875,-30210.423828125,2026092702,coordinate_gauge,False
0.9513486623764038,True,6,0.0,1.0112369060516357,1.0008769035339355,0.9951989054679871,False,12103.640625,-18494.1484375,-35614.390625,2026092702,coordinate_gauge,False
0.9610216021537781,True,7,0.0,1.0128202438354492,1.001022458076477,0.9927660226821899,False,6447.0673828125,-19742.232421875,-35201.6953125,2026092702,coordinate_gauge,False
0.9493824243545532,True,8,0.0,1.017293930053711,1.0011786222457886,0.9893591403961182,False,-10306.3984375,-26548.978515625,-103039.71875,2026092702,coordinate_gauge,False
0.9539032578468323,True,9,0.0,1.0178579092025757,1.0012919902801514,0.9885955452919006,False,-8864.8974609375,-21115.56640625,-74330.4609375,2026092702,coordinate_gauge,False
0.923898458480835,True,10,0.0,1.0300971269607544,1.0012983083724976,0.9706039428710938,False,17974.853515625,-40888.59375,-613652.5625,2026092702,coordinate_gauge,False
0.9469099044799805,True,11,0.0,1.0199781656265259,1.001479983329773,0.9860202670097351,False,-6490.18896484375,-21768.31640625,-57416.71875,2026092702,coordinate_gauge,False
0.9312384724617004,True,12,0.0,1.019529938697815,1.001556396484375,0.9845456480979919,False,56576.859375,-16662.919921875,-35451.94140625,2026092702,coordinate_gauge,False
0.9469119906425476,True,13,0.0,1.0217485427856445,1.0016900300979614,0.9829999208450317,False,4733.28564453125,-20445.08984375,-41248.7421875,2026092702,coordinate_gauge,False
0.9310033917427063,True,14,0.0,1.022468090057373,1.001747727394104,0.9818705916404724,False,23883.11328125,-18762.6640625,-38459.8046875,2026092702,coordinate_gauge,False
0.9580206871032715,True,15,0.0,1.0232434272766113,1.0018718242645264,0.9810389280319214,False,2788.489501953125,-20077.3359375,-33972.7421875,2026092702,coordinate_gauge,False
0.9317575693130493,True,16,0.0,1.0478047132492065,1.0019007921218872,0.9539124369621277,False,-8035.90869140625,-34417.921875,-365337.53125,2026092702,coordinate_gauge,False
0.9104474186897278,True,17,0.0,1.0406479835510254,1.0018970966339111,0.9572727084159851,False,265346.34375,-11391.5205078125,-42171.78515625,2026092702,coordinate_gauge,False
0.930590808391571,True,18,0.0,1.0270780324935913,1.0020999908447266,0.9782383441925049,False,-9870.3447265625,-22889.931640625,-36487.921875,2026092702,coordinate_gauge,False
0.9377676248550415,True,19,0.0,1.0393328666687012,1.0020956993103027,0.9576874375343323,False,223348.671875,-12137.6591796875,-28870.212890625,2026092702,coordinate_gauge,False
0.9482697248458862,True,20,0.0,1.0285512208938599,1.0022526979446411,0.9764306545257568,False,1467.06298828125,-18235.296875,-32380.45703125,2026092702,coordinate_gauge,False
0.9266605973243713,True,21,0.0,1.0318782329559326,1.0023045539855957,0.9755733013153076,False,11358.2255859375,-19777.755859375,-53712.5234375,2026092702,coordinate_gauge,False
0.9632368683815002,True,22,0.0,1.030946135520935,1.0024741888046265,0.974990725517273,False,-9493.4501953125,-21366.00390625,-37268.23828125,2026092702,coordinate_gauge,False
0.9531524777412415,True,23,0.0,1.0320321321487427,1.0025410652160645,0.9739166498184204,False,-8056.49267578125,-20701.857421875,-38657.28515625,2026092702,coordinate_gauge,False
0.9311352372169495,True,24,0.0,1.0318681001663208,1.0025568008422852,0.9730482697486877,False,2958.46826171875,-18017.537109375,-28101.9765625,2026092702,coordinate_gauge,False
0.9358850717544556,True,25,0.0,1.0361003875732422,1.0026987791061401,0.9718374013900757,False,-9246.1181640625,-25655.013671875,-55354.359375,2026092702,coordinate_gauge,False
0.9297987222671509,True,26,0.0,1.039141297340393,1.0027010440826416,0.9607846140861511,False,98894.34375,-16359.517578125,-32599.50390625,2026092702,coordinate_gauge,False
0.9601926803588867,True,27,0.0,1.0361891984939575,1.0028808116912842,0.9701673984527588,False,446.507568359375,-18750.888671875,-40857.60546875,2026092702,coordinate_gauge,False
0.9320734739303589,True,28,0.0,1.0534693002700806,1.0027775764465332,0.9417744874954224,False,240913.78125,-11046.20703125,-36487.921875,2026092702,coordinate_gauge,False
0.9462664723396301,True,29,0.0,1.0382850170135498,1.0030310153961182,0.9683791399002075,False,-11286.51953125,-22510.767578125,-47424.48046875,2026092702,coordinate_gauge,False
0.9071062803268433,True,30,0.0,1.0421727895736694,1.002995252609253,0.967754065990448,False,4438.5517578125,-21011.341796875,-70285.7265625,2026092702,coordinate_gauge,False
0.9611374735832214,True,31,0.0,1.0389519929885864,1.0032095909118652,0.9665991067886353,False,1759.846435546875,-20291.46875,-40604.359375,2026092702,coordinate_gauge,False
0.9479758143424988,True,32,0.0,1.0389611721038818,1.0032501220703125,0.9658004641532898,False,9106.84375,-19913.412109375,-35108.05859375,2026092702,coordinate_gauge,False
0.939436137676239,True,33,0.0,1.044969916343689,1.0033143758773804,0.9650319814682007,False,110.16361999511719,-21981.927734375,-73322.59375,2026092702,coordinate_gauge,False
0.9295093417167664,True,34,0.0,1.0512460470199585,1.0033355951309204,0.9600716829299927,False,51413.00390625,-20193.40234375,-76897.1015625,2026092702,coordinate_gauge,False
0.9269694089889526,True,35,0.0,1.0750279426574707,1.003240942955017,0.9199924468994141,False,-10335.7861328125,-39085.1953125,-510346.40625,2026092702,coordinate_gauge,False
0.9209374189376831,True,36,0.0,1.0433913469314575,1.0034047365188599,0.963501513004303,False,17683.70703125,-17620.55078125,-48869.21484375,2026092702,coordinate_gauge,False
0.9335246086120605,True,37,0.0,1.042357087135315,1.0035508871078491,0.9626790285110474,False,-9009.6015625,-21869.91796875,-39322.83984375,2026092702,coordinate_gauge,False
0.9471930265426636,True,38,0.0,1.0419684648513794,1.0035902261734009,0.9621889591217041,False,73236.765625,-17188.9765625,-29415.607421875,2026092702,coordinate_gauge,False
0.9679131507873535,True,39,0.0,1.0428158044815063,1.0037540197372437,0.9611598253250122,False,-3323.251220703125,-20162.947265625,-37706.4921875,2026092702,coordinate_gauge,False
0.8959320783615112,True,40,0.0,1.0482640266418457,1.0034626722335815,0.9569356441497803,False,94218.25,-11445.8115234375,-28856.671875,2026092702,coordinate_gauge,False
0.9442821145057678,True,41,0.0,1.0430400371551514,1.0038025379180908,0.9595216512680054,False,-10038.1875,-20120.927734375,-30115.40234375,2026092702,coordinate_gauge,False
0.9684352874755859,True,42,0.0,1.045283317565918,1.003963828086853,0.9588841795921326,False,-13112.05078125,-22633.73046875,-40464.05859375,2026092702,coordinate_gauge,False
0.966314435005188,True,43,0.0,1.0472770929336548,1.0039974451065063,0.9583888053894043,False,-7957.99560546875,-22152.326171875,-47706.6484375,2026092702,coordinate_gauge,False
0.9625457525253296,True,44,0.0,1.0447317361831665,1.004014015197754,0.9576868414878845,False,-7752.93310546875,-20544.23828125,-30729.06640625,2026092702,coordinate_gauge,False
0.8920037746429443,True,45,0.0,1.0449930429458618,1.0037912130355835,0.9576582312583923,False,36219.20703125,-19461.25390625,-37120.92578125,2026092702,coordinate_gauge,False
0.9316109418869019,True,46,0.0,1.0739359855651855,1.0038069486618042,0.922530472278595,False,233174.0625,-10923.1083984375,-34552.7890625,2026092702,coordinate_gauge,False
0.9249756932258606,True,47,0.0,1.0456252098083496,1.0040080547332764,0.9564311504364014,False,4415.74853515625,-20175.525390625,-28383.466796875,2026092702,coordinate_gauge,False
0.9464554786682129,True,48,0.0,1.103933572769165,1.0039470195770264,0.8954532146453857,False,-4735.76220703125,-33000.484375,-441772.3125,2026092702,coordinate_gauge,False
0.9350230693817139,True,49,0.0,1.0798898935317993,1.0039132833480835,0.916418731212616,False,265346.34375,-10839.328125,-36858.3046875,2026092702,coordinate_gauge,False
0.9538007974624634,True,50,0.0,1.0506314039230347,1.0042297840118408,0.954669177532196,False,-8439.7216796875,-22298.728515625,-55793.95703125,2026092702,coordinate_gauge,False
0.9694838523864746,True,51,0.0,1.0504631996154785,1.0043023824691772,0.9543942213058472,False,-4887.41845703125,-19723.58984375,-46621.28125,2026092702,coordinate_gauge,False
0.9700278043746948,True,52,0.0,1.0501902103424072,1.0043745040893555,0.9537532329559326,False,-6963.8095703125,-21967.52734375,-45163.51171875,2026092702,coordinate_gauge,False
0.9464423656463623,True,53,0.0,1.0527362823486328,1.00432288646698,0.9535834789276123,False,-12343.763671875,-22840.8046875,-58938.87890625,2026092702,coordinate_gauge,False
0.9228521585464478,True,54,0.0,1.0650721788406372,1.004146695137024,0.9436022043228149,False,98894.34375,-15698.466796875,-33862.44921875,2026092702,coordinate_gauge,False
0.9386053681373596,True,55,0.0,1.052708625793457,1.0042997598648071,0.9531099796295166,False,-7435.3349609375,-20027.638671875,-55793.95703125,2026092702,coordinate_gauge,False
0.94719398021698,True,56,0.0,1.049648642539978,1.0043630599975586,0.952327311038971,False,4138.02880859375,-19478.951171875,-29062.447265625,2026092702,coordinate_gauge,False
0.9385203123092651,True,57,0.0,1.049965500831604,1.0043730735778809,0.9516792893409729,False,8726.6171875,-19802.130859375,-29481.875,2026092702,coordinate_gauge,False
0.956953763961792,True,58,0.0,1.05061936378479,1.0044668912887573,0.9511470198631287,False,2207.453125,-19567.958984375,-35097.1484375,2026092702,coordinate_gauge,False
0.9503930807113647,True,59,0.0,1.0511692762374878,1.0044527053833008,0.9504568576812744,False,6701.88330078125,-18466.810546875,-28736.599609375,2026092702,coordinate_gauge,False
0.9187156558036804,True,60,0.0,1.0510586500167847,1.004338026046753,0.9504073858261108,False,56576.859375,-18145.9296875,-35152.76953125,2026092702,coordinate_gauge,False
0.969999372959137,True,61,0.0,1.053148627281189,1.0046316385269165,0.9501057863235474,False,-10820.2939453125,-22558.0859375,-45699.59375,2026092702,coordinate_gauge,False
0.9230800867080688,True,62,0.0,1.088856816291809,1.0044631958007812,0.928135097026825,False,-4181.39599609375,-28315.87109375,-164209.78125,2026092702,coordinate_gauge,False
0.941125750541687,True,63,0.0,1.1062668561935425,1.0042288303375244,0.8839227557182312,False,-6177.97802734375,-42857.328125,-620278.0625,2026092702,coordinate_gauge,False
0.8833537101745605,True,64,0.0,1.0637528896331787,1.0041780471801758,0.948479175567627,False,94218.25,-12177.908203125,-34519.71484375,2026092702,coordinate_gauge,False
0.9518073201179504,True,65,0.0,1.0522018671035767,1.004582166671753,0.9479032158851624,False,7803.99951171875,-18250.8046875,-33825.7109375,2026092702,coordinate_gauge,False
0.9645394086837769,True,66,0.0,1.0564767122268677,1.0046898126602173,0.9475173950195312,False,-8805.5556640625,-21736.2109375,-50201.921875,2026092702,coordinate_gauge,False
0.8884676694869995,True,67,0.0,1.1354341506958008,1.0042023658752441,0.8712713718414307,False,-8100.69482421875,-37002.984375,-457181.34375,2026092702,coordinate_gauge,False
0.9741977453231812,True,68,0.0,1.0530246496200562,1.0047794580459595,0.9461233615875244,False,-4017.410888671875,-20338.291015625,-28586.31640625,2026092702,coordinate_gauge,False
0.957504391670227,True,69,0.0,1.0531246662139893,1.0047283172607422,0.9460044503211975,False,-4914.37841796875,-20410.025390625,-36747.64453125,2026092702,coordinate_gauge,False
0.9602547883987427,True,70,0.0,1.0536631345748901,1.004784107208252,0.9453174471855164,False,-8746.125,-21440.341796875,-32380.45703125,2026092702,coordinate_gauge,False
0.9439555406570435,True,71,0.0,1.0534781217575073,1.0047309398651123,0.9447339177131653,False,2958.46826171875,-21142.318359375,-28299.912109375,2026092702,coordinate_gauge,False
0.9094630479812622,True,72,0.0,1.0695171356201172,1.0045113563537598,0.9435321688652039,False,86082.7578125,-16626.021484375,-34244.37890625,2026092702,coordinate_gauge,False
0.9213029146194458,True,73,0.0,1.1397804021835327,1.004193663597107,0.8781642913818359,False,498987.40625,-14307.8935546875,-348374.4375,2026092702,coordinate_gauge,False
0.9465398788452148,True,74,0.0,1.0558549165725708,1.0047789812088013,0.9432734847068787,False,6009.21484375,-20456.296875,-39015.15234375,2026092702,coordinate_gauge,False
0.9296236634254456,True,75,0.0,1.1451724767684937,1.00459623336792,0.8697599172592163,False,-11121.9765625,-36347.46875,-405687.8125,2026092702,coordinate_gauge,False
0.9731417298316956,True,76,0.0,1.055206298828125,1.0049649477005005,0.942592442035675,False,-10679.869140625,-22944.076171875,-31280.76171875,2026092702,coordinate_gauge,False
0.9552695751190186,True,77,0.0,1.0991559028625488,1.0048470497131348,0.9262733459472656,False,-1251.5523681640625,-26389.626953125,-182050.59375,2026092702,coordinate_gauge,False
0.9746193885803223,True,78,0.0,1.055903434753418,1.004979133605957,0.9418466687202454,False,-9762.4404296875,-20950.669921875,-30618.25,2026092702,coordinate_gauge,False
0.9630305767059326,True,79,0.0,1.056084394454956,1.004952311515808,0.941356897354126,False,-6733.25341796875,-21814.3671875,-33353.83984375,2026092702,coordinate_gauge,False
0.9424751400947571,True,80,0.0,1.0575886964797974,1.0048760175704956,0.9407696723937988,False,-2.9366064071655273,-21816.7109375,-38459.8046875,2026092702,coordinate_gauge,False
0.950267493724823,True,81,0.0,1.0569599866867065,1.00489342212677,0.9403557777404785,False,5797.3984375,-19215.5625,-34772.42578125,2026092702,coordinate_gauge,False
0.9060579538345337,True,82,0.0,1.0659528970718384,1.0046879053115845,0.940500020980835,False,21800.751953125,-19309.197265625,-73322.59375,2026092702,coordinate_gauge,False
0.9637196660041809,True,83,0.0,1.056861162185669,1.0049840211868286,0.93998783826828,False,-4335.9990234375,-20449.94921875,-33589.0390625,2026092702,coordinate_gauge,False
0.9670863747596741,True,84,0.0,1.0574737787246704,1.0049917697906494,0.9395763278007507,False,-7544.4580078125,-18820.638671875,-29415.607421875,2026092702,coordinate_gauge,False
0.9270082116127014,True,85,0.0,1.108439326286316,1.0046526193618774,0.8985516428947449,False,240913.78125,-14463.8759765625,-35108.05859375,2026092702,coordinate_gauge,False
0.9152724742889404,True,86,0.0,1.0600310564041138,1.0047944784164429,0.9386957287788391,False,17683.70703125,-21085.951171875,-37051.51171875,2026092702,coordinate_gauge,False
0.8755892515182495,True,87,0.0,1.1225852966308594,1.0042564868927002,0.8655900359153748,False,-1533.65966796875,-41858.03125,-620865.25,2026092702,coordinate_gauge,False
0.9648474454879761,True,88,0.0,1.057965636253357,1.0050017833709717,0.9380246996879578,False,588.2970581054688,-18090.966796875,-29279.302734375,2026092702,coordinate_gauge,False
0.962313175201416,True,89,0.0,1.057637095451355,1.0050219297409058,0.9378950595855713,False,-5233.34814453125,-19262.755859375,-32599.50390625,2026092702,coordinate_gauge,False
0.9781670570373535,True,90,0.0,1.0604203939437866,1.0051448345184326,0.9376271367073059,False,-10185.525390625,-21517.90234375,-45146.75,2026092702,coordinate_gauge,False
0.9292536973953247,True,91,0.0,1.059637188911438,1.0049270391464233,0.936877429485321,False,12034.052734375,-22633.576171875,-49134.89453125,2026092702,coordinate_gauge,False
0.9562655091285706,True,92,0.0,1.0594806671142578,1.0050506591796875,0.9367291927337646,False,-9979.9599609375,-21526.984375,-36761.32421875,2026092702,coordinate_gauge,False
0.979687511920929,True,93,0.0,1.0587184429168701,1.005150318145752,0.9363348484039307,False,-7202.3525390625,-20313.962890625,-29362.103515625,2026092702,coordinate_gauge,False
0.9566536545753479,True,94,0.0,1.0583769083023071,1.0050336122512817,0.9364025592803955,False,-2238.48681640625,-19248.15234375,-28788.439453125,2026092702,coordinate_gauge,False
0.9705160856246948,True,95,0.0,1.057560920715332,1.0051077604293823,0.9364352226257324,False,-7957.99560546875,-18805.49609375,-24231.38671875,2026092702,coordinate_gauge,False
0.9549112915992737,True,96,0.0,1.065267562866211,1.0051027536392212,0.9352818131446838,False,3318.52197265625,-23748.810546875,-60279.8671875,2026092702,coordinate_gauge,False
0.919620156288147,True,97,0.0,1.0787149667739868,1.00483238697052,0.935218870639801,False,80134.7109375,-17918.11328125,-55793.95703125,2026092702,coordinate_gauge,False
0.951057493686676,True,98,0.0,1.0592790842056274,1.0050764083862305,0.9348745346069336,False,8400.916015625,-22513.041015625,-35451.94140625,2026092702,coordinate_gauge,False
0.9630139470100403,True,99,0.0,1.0617554187774658,1.0051149129867554,0.9339234232902527,False,-1236.0029296875,-20595.509765625,-43650.34375,2026092702,coordinate_gauge,False
0.9346895813941956,True,100,0.0,1.1159188747406006,1.0047463178634644,0.892343282699585,False,240913.78125,-11643.4462890625,-49581.94921875,2026092702,coordinate_gauge,False
0.9204471111297607,True,101,0.0,1.0631508827209473,1.0049289464950562,0.9341102838516235,False,-1109.3099365234375,-22118.494140625,-52282.3359375,2026092702,coordinate_gauge,False
0.9302040338516235,True,102,0.0,1.064873456954956,1.0050232410430908,0.9334176182746887,False,-11735.6787109375,-25103.69140625,-60893.7421875,2026092702,coordinate_gauge,False
0.9347584843635559,True,103,0.0,1.0597959756851196,1.0049819946289062,0.933230996131897,False,-5233.34814453125,-20096.880859375,-36487.921875,2026092702,coordinate_gauge,False
0.9343772530555725,True,104,0.0,1.1301358938217163,1.0046457052230835,0.8608940839767456,False,610782.0625,-284.2087097167969,-44432.5703125,2026092702,coordinate_gauge,False
0.9411094188690186,True,105,0.0,1.0615376234054565,1.0050227642059326,0.932328462600708,False,12034.052734375,-20375.25,-39015.15234375,2026092702,coordinate_gauge,False
0.9706316590309143,True,106,0.0,1.0597556829452515,1.0051687955856323,0.9324396848678589,False,-8805.5556640625,-19714.11328125,-27815.59375,2026092702,coordinate_gauge,False
0.9589398503303528,True,107,0.0,1.062281847000122,1.0051308870315552,0.9322327971458435,False,4123.5537109375,-21467.33984375,-45282.37890625,2026092702,coordinate_gauge,False
0.9171048402786255,True,108,0.0,1.114841341972351,1.00490140914917,0.9067931175231934,False,1830.2186279296875,-22897.74609375,-136846.234375,2026092702,coordinate_gauge,False
0.9200997352600098,True,109,0.0,1.0694684982299805,1.0048868656158447,0.932274580001831,False,6754.419921875,-18045.37890625,-26787.666015625,2026092702,coordinate_gauge,False
0.9635083675384521,True,110,0.0,1.0598474740982056,1.0051581859588623,0.9316830635070801,False,-7621.60888671875,-21378.681640625,-34342.3984375,2026092702,coordinate_gauge,False
0.9393947124481201,True,111,0.0,1.0602306127548218,1.0049864053726196,0.9314730167388916,False,23883.11328125,-18692.43359375,-37824.1171875,2026092702,coordinate_gauge,False
0.9703750610351562,True,112,0.0,1.060573935508728,1.0051887035369873,0.9307137727737427,False,19712.8359375,-21174.228515625,-34390.9609375,2026092702,coordinate_gauge,False
0.9625411629676819,True,113,0.0,1.0676305294036865,1.0051709413528442,0.9307132363319397,False,-9910.85546875,-22784.943359375,-66789.3125,2026092702,coordinate_gauge,False
0.9329176545143127,True,114,0.0,1.067055106163025,1.005028247833252,0.9306173324584961,False,-8933.94140625,-23618.177734375,-60279.8671875,2026092702,coordinate_gauge,False
0.9396849274635315,True,115,0.0,1.1407079696655273,1.0046101808547974,0.8632388710975647,False,546475.4375,248.94532775878906,-34093.140625,2026092702,coordinate_gauge,False
0.9182726144790649,True,116,0.0,1.1606781482696533,1.0046274662017822,0.8551430702209473,False,7840.19482421875,-36519.9296875,-495208.125,2026092702,coordinate_gauge,False
0.947946310043335,True,117,0.0,1.0628185272216797,1.0050458908081055,0.9301245808601379,False,9545.5400390625,-18690.44921875,-40464.05859375,2026092702,coordinate_gauge,False
0.913844883441925,True,118,0.0,1.070094347000122,1.0048036575317383,0.9296361804008484,False,73236.765625,-15798.7890625,-32664.34765625,2026092702,coordinate_gauge,False
0.9223278760910034,True,119,0.0,1.0900695323944092,1.0048370361328125,0.9297842383384705,False,113612.78125,-15330.138671875,-27015.169921875,2026092702,coordinate_gauge,False
0.9606800675392151,True,120,0.0,1.0617949962615967,1.0051772594451904,0.9292462468147278,False,-11854.3828125,-22196.462890625,-37942.359375,2026092702,coordinate_gauge,False
0.9565638303756714,True,121,0.0,1.0608015060424805,1.0051482915878296,0.9293747544288635,False,-9403.85546875,-21431.478515625,-30622.630859375,2026092702,coordinate_gauge,False
0.9535182118415833,True,122,0.0,1.0597704648971558,1.0051058530807495,0.9295753836631775,False,-9511.9169921875,-19128.32421875,-30115.40234375,2026092702,coordinate_gauge,False
0.949944257736206,True,123,0.0,1.0761222839355469,1.0051451921463013,0.9286882877349854,False,-11078.6123046875,-23794.65234375,-74330.4609375,2026092702,coordinate_gauge,False
0.9405109286308289,True,124,0.0,1.084063172340393,1.0050532817840576,0.9281853437423706,False,25.487794876098633,-20303.919921875,-45662.08203125,2026092702,coordinate_gauge,False
0.9518409967422485,True,125,0.0,1.0615228414535522,1.005137324333191,0.9280409812927246,False,-7051.83837890625,-21973.86328125,-35006.609375,2026092702,coordinate_gauge,False
0.9685288071632385,True,126,0.0,1.0615776777267456,1.0052001476287842,0.9279371500015259,False,-1762.7828369140625,-20191.0234375,-31601.26953125,2026092702,coordinate_gauge,False
0.9451969861984253,True,127,0.0,1.0621755123138428,1.0051034688949585,0.9279358386993408,False,-11776.6669921875,-21688.125,-36179.33984375,2026092702,coordinate_gauge,False
0.9150112867355347,True,128,0.0,1.1268439292907715,1.0046840906143188,0.880688488483429,False,265346.34375,-11879.5126953125,-37268.23828125,2026092702,coordinate_gauge,False
0.941415011882782,True,129,0.0,1.0614250898361206,1.005062460899353,0.9277700781822205,False,-1533.65966796875,-20084.72265625,-29420.94140625,2026092702,coordinate_gauge,False
0.9336444735527039,True,130,0.0,1.0643482208251953,1.0050697326660156,0.9274307489395142,False,-7255.306640625,-23460.0234375,-43977.8828125,2026092702,coordinate_gauge,False
0.9266043305397034,True,131,0.0,1.07973051071167,1.0050079822540283,0.9273754358291626,False,5021.69384765625,-21402.4296875,-37068.6796875,2026092702,coordinate_gauge,False
0.9554229974746704,True,132,0.0,1.061694860458374,1.005132794380188,0.9269793033599854,False,2239.617431640625,-19260.91015625,-35785.75390625,2026092702,coordinate_gauge,False
0.9577305316925049,True,133,0.0,1.0613964796066284,1.0051624774932861,0.9268742799758911,False,-7435.3349609375,-20320.0,-30556.00390625,2026092702,coordinate_gauge,False
0.970594048500061,True,134,0.0,1.0609519481658936,1.005205750465393,0.9271591305732727,False,-7957.99560546875,-18455.650390625,-26414.939453125,2026092702,coordinate_gauge,False
0.9601976275444031,True,135,0.0,1.0626535415649414,1.0052242279052734,0.926237165927887,False,-11122.138671875,-23673.26953125,-46646.1171875,2026092702,coordinate_gauge,False
0.9563580751419067,True,136,0.0,1.0622061491012573,1.0051743984222412,0.9267045855522156,False,-10555.4033203125,-21312.5078125,-39336.23828125,2026092702,coordinate_gauge,False
0.9617605209350586,True,137,0.0,1.0634169578552246,1.0051695108413696,0.9260267615318298,False,4889.22705078125,-19295.40625,-46213.8828125,2026092702,coordinate_gauge,False
0.9839480519294739,True,138,0.0,1.0614323616027832,1.0052992105484009,0.9263543486595154,False,-7917.77099609375,-19851.962890625,-27461.927734375,2026092702,coordinate_gauge,False
0.9565562009811401,True,139,0.0,1.0626081228256226,1.0051645040512085,0.9259803891181946,False,1469.447265625,-20786.20703125,-37576.44140625,2026092702,coordinate_gauge,False
0.955462634563446,True,140,0.0,1.0620837211608887,1.0051753520965576,0.9257999062538147,False,-11625.25,-21775.912109375,-34390.9609375,2026092702,coordinate_gauge,False
0.9471489191055298,True,141,0.0,1.062010407447815,1.0051100254058838,0.925348699092865,False,-2778.6298828125,-20177.78125,-33039.84765625,2026092702,coordinate_gauge,False
0.9404622912406921,True,142,0.0,1.0708187818527222,1.0051358938217163,0.925588846206665,False,-11947.94140625,-25129.2421875,-67448.2578125,2026092702,coordinate_gauge,False
0.9269005060195923,True,143,0.0,1.0615514516830444,1.004974126815796,0.9253851175308228,False,2265.80322265625,-18036.859375,-30556.00390625,2026092702,coordinate_gauge,False
0.9402249455451965,True,144,0.0,1.0645848512649536,1.005075454711914,0.9252344965934753,False,-4017.410888671875,-20492.3828125,-49581.94921875,2026092702,coordinate_gauge,False
0.9621163010597229,True,145,0.0,1.0617061853408813,1.0051982402801514,0.9250545501708984,False,-9387.57421875,-20692.650390625,-29583.0078125,2026092702,coordinate_gauge,False
0.9173401594161987,True,146,0.0,1.1397502422332764,1.0045888423919678,0.8681366443634033,False,332660.6875,-5471.4287109375,-27853.98828125,2026092702,coordinate_gauge,False
0.9541380405426025,True,147,0.0,1.0634291172027588,1.0051846504211426,0.9248185157775879,False,-9762.4404296875,-22503.9453125,-45254.1953125,2026092702,coordinate_gauge,False
0.9432600736618042,True,148,0.0,1.0619581937789917,1.0051223039627075,0.9246988296508789,False,-7255.306640625,-21954.9296875,-39313.58203125,2026092702,coordinate_gauge,False
0.9320728182792664,True,149,0.0,1.1442291736602783,1.0046794414520264,0.848481297492981,False,605814.5,-1250.70654296875,-77367.1796875,2026092702,coordinate_gauge,False
0.9457451105117798,True,150,0.0,1.0732072591781616,1.0050262212753296,0.9243671298027039,False,73236.765625,-15447.8671875,-28790.384765625,2026092702,coordinate_gauge,False
0.9383012652397156,True,151,0.0,1.0757319927215576,1.0049840211868286,0.9245515465736389,False,94218.25,-15949.181640625,-31455.021484375,2026092702,coordinate_gauge,False
0.9400707483291626,True,152,0.0,1.0624765157699585,1.0050982236862183,0.9239532351493835,False,-4584.92333984375,-21353.68359375,-37120.92578125,2026092702,coordinate_gauge,False
0.9486701488494873,True,153,0.0,1.0637904405593872,1.0051445960998535,0.924101710319519,False,-2.9366064071655273,-21291.6640625,-41781.48828125,2026092702,coordinate_gauge,False
0.9173558354377747,True,154,0.0,1.0832722187042236,1.0048812627792358,0.9248569011688232,False,76379.171875,-15810.8388671875,-30042.39453125,2026092702,coordinate_gauge,False
0.9559915065765381,True,155,0.0,1.061409592628479,1.0051677227020264,0.9241491556167603,False,-788.5709838867188,-19840.982421875,-29362.103515625,2026092702,coordinate_gauge,False
0.9625271558761597,True,156,0.0,1.0616892576217651,1.005223274230957,0.9238648414611816,False,-10335.7861328125,-21311.494140625,-31280.76171875,2026092702,coordinate_gauge,False
0.959050714969635,True,157,0.0,1.062033772468567,1.0051825046539307,0.9236318469047546,False,8726.6171875,-19724.380859375,-29567.28125,2026092702,coordinate_gauge,False
0.9542275071144104,True,158,0.0,1.06154203414917,1.0051895380020142,0.9236741662025452,False,-10914.2724609375,-21884.349609375,-28673.646484375,2026092702,coordinate_gauge,False
0.9305942058563232,True,159,0.0,1.0618757009506226,1.0050501823425293,0.9242478609085083,False,-8909.7724609375,-21010.90234375,-41774.5546875,2026092702,coordinate_gauge,False
0.9474824070930481,True,160,0.0,1.0729737281799316,1.005079746246338,0.9234896898269653,False,40597.5390625,-17805.927734375,-70285.7265625,2026092702,coordinate_gauge,False
0.9513012170791626,True,161,0.0,1.0616834163665771,1.005127191543579,0.9233096837997437,False,-2.9366064071655273,-18709.59375,-36668.9609375,2026092702,coordinate_gauge,False
0.8866136074066162,True,162,0.0,1.1506925821304321,1.0043903589248657,0.8426461219787598,False,2958.46826171875,-40068.2734375,-620278.0625,2026092702,coordinate_gauge,False
0.9468937516212463,True,163,0.0,1.0647121667861938,1.005149245262146,0.9233283400535583,False,-6154.85888671875,-21842.06640625,-43977.8828125,2026092702,coordinate_gauge,False
0.9259827733039856,True,164,0.0,1.0752707719802856,1.0050370693206787,0.9228249192237854,False,-8521.53125,-21759.462890625,-42158.13671875,2026092702,coordinate_gauge,False
0.9443722367286682,True,165,0.0,1.1759681701660156,1.0049540996551514,0.853550910949707,False,-6604.048828125,-30480.302734375,-348374.4375,2026092702,coordinate_gauge,False
0.9626625776290894,True,166,0.0,1.0617941617965698,1.0052052736282349,0.9229649305343628,False,-6177.97802734375,-19746.69921875,-31072.857421875,2026092702,coordinate_gauge,False
0.9557855725288391,True,167,0.0,1.0625797510147095,1.0052051544189453,0.922979474067688,False,-6604.048828125,-22321.5859375,-33654.2890625,2026092702,coordinate_gauge,False
0.9133160710334778,True,168,0.0,1.0625075101852417,1.0049035549163818,0.9229932427406311,False,13072.7353515625,-17426.76171875,-37942.359375,2026092702,coordinate_gauge,False
0.9235879778862,True,169,0.0,1.1690059900283813,1.0048930644989014,0.8653751611709595,False,-9199.7490234375,-31333.6640625,-324498.0,2026092702,coordinate_gauge,False
0.9340646266937256,True,170,0.0,1.0757408142089844,1.0051124095916748,0.923021674156189,False,-11428.0556640625,-24380.08203125,-66783.140625,2026092702,coordinate_gauge,False
0.9461566805839539,True,171,0.0,1.0623722076416016,1.0051454305648804,0.9225299954414368,False,-1080.7781982421875,-21725.70703125,-39336.23828125,2026092702,coordinate_gauge,False
0.9051299691200256,True,172,0.0,1.1652607917785645,1.004572868347168,0.8529043197631836,False,11846.2275390625,-36327.7734375,-510346.40625,2026092702,coordinate_gauge,False
0.9588336944580078,True,173,0.0,1.0614571571350098,1.0051758289337158,0.9227969646453857,False,10100.546875,-18951.41796875,-28044.884765625,2026092702,coordinate_gauge,False
0.9704715609550476,True,174,0.0,1.0618308782577515,1.0052521228790283,0.922553300857544,False,-8336.345703125,-19812.701171875,-28406.5625,2026092702,coordinate_gauge,False
0.9521523714065552,True,175,0.0,1.0610159635543823,1.0051352977752686,0.923324704170227,False,15508.7236328125,-18565.775390625,-32465.955078125,2026092702,coordinate_gauge,False
0.8991845846176147,True,176,0.0,1.1684911251068115,1.0042062997817993,0.8433542251586914,False,316734.96875,-24977.974609375,-533549.3125,2026092702,coordinate_gauge,False
0.9427493214607239,True,177,0.0,1.0663670301437378,1.0051321983337402,0.9223459362983704,False,4138.02880859375,-22450.216796875,-55793.95703125,2026092702,coordinate_gauge,False
0.969287097454071,True,178,0.0,1.0615665912628174,1.0052293539047241,0.9228069186210632,False,522.2033081054688,-18635.3828125,-27461.927734375,2026092702,coordinate_gauge,False
0.9498834609985352,True,179,0.0,1.0616390705108643,1.0051590204238892,0.9226704835891724,False,987.9216918945312,-21101.052734375,-36000.35546875,2026092702,coordinate_gauge,False
0.9482436180114746,True,180,0.0,1.0674381256103516,1.0051416158676147,0.9223777055740356,False,2014.4024658203125,-20662.103515625,-55276.02734375,2026092702,coordinate_gauge,False
0.9362408518791199,True,181,0.0,1.061690330505371,1.0050941705703735,0.9223652482032776,False,-7051.83837890625,-21629.044921875,-35483.5,2026092702,coordinate_gauge,False
0.9260349869728088,True,182,0.0,1.1363461017608643,1.0046857595443726,0.8675882816314697,False,340223.09375,-8398.9345703125,-62276.09765625,2026092702,coordinate_gauge,False
0.9521825313568115,True,183,0.0,1.0643303394317627,1.0051484107971191,0.922477126121521,False,7840.19482421875,-19467.04296875,-43268.3203125,2026092702,coordinate_gauge,False
0.918361485004425,True,184,0.0,1.0610712766647339,1.004974365234375,0.9227731227874756,False,-5404.8408203125,-19888.54296875,-40137.359375,2026092702,coordinate_gauge,False
0.9816548824310303,True,185,0.0,1.062021255493164,1.0053209066390991,0.9223084449768066,False,-9950.984375,-20308.458984375,-28806.583984375,2026092702,coordinate_gauge,False
0.938313364982605,True,186,0.0,1.0603841543197632,1.0050698518753052,0.9230635762214661,False,-8680.8408203125,-18941.677734375,-31254.05859375,2026092702,coordinate_gauge,False
0.9190660715103149,True,187,0.0,1.1753437519073486,1.0046892166137695,0.8481281995773315,False,76379.171875,-33040.76171875,-441772.3125,2026092702,coordinate_gauge,False
0.9138084053993225,True,188,0.0,1.1688882112503052,1.0046693086624146,0.8484647274017334,False,-12024.189453125,-39103.32421875,-507834.75,2026092702,coordinate_gauge,False
0.9361198544502258,True,189,0.0,1.1426531076431274,1.0047634840011597,0.867676317691803,False,305330.0625,-8403.498046875,-28669.541015625,2026092702,coordinate_gauge,False
0.952934980392456,True,190,0.0,1.0617954730987549,1.0051473379135132,0.9222050905227661,False,-109.91448211669922,-19060.759765625,-41000.828125,2026092702,coordinate_gauge,False
0.9465133547782898,True,191,0.0,1.063025951385498,1.0051405429840088,0.9221839308738708,False,-1762.7828369140625,-21109.978515625,-45699.59375,2026092702,coordinate_gauge,False
0.961368203163147,True,192,0.0,1.0620968341827393,1.0051875114440918,0.9219797849655151,False,12103.640625,-18813.478515625,-33788.5546875,2026092702,coordinate_gauge,False
0.9686259031295776,True,193,0.0,1.0615994930267334,1.0052348375320435,0.9222127795219421,False,-8569.7841796875,-19099.90625,-27142.50390625,2026092702,coordinate_gauge,False
0.9526638984680176,True,194,0.0,1.0625354051589966,1.00515878200531,0.9220148921012878,False,-10353.451171875,-19902.28515625,-35409.3828125,2026092702,coordinate_gauge,False
0.9458657503128052,True,195,0.0,1.165825605392456,1.0048072338104248,0.8523802757263184,False,-109.91448211669922,-37276.390625,-510346.40625,2026092702,coordinate_gauge,False
0.9323203563690186,True,196,0.0,1.066171646118164,1.0050965547561646,0.9224225282669067,False,-7593.6650390625,-23652.474609375,-51825.76171875,2026092702,coordinate_gauge,False
0.9523721933364868,True,197,0.0,1.1176191568374634,1.0049464702606201,0.8897624015808105,False,216716.0625,-12052.5068359375,-32771.37109375,2026092702,coordinate_gauge,False
0.8458318114280701,True,198,0.0,1.1259393692016602,1.0046467781066895,0.8998286724090576,False,1550.9083251953125,-27751.271484375,-136846.234375,2026092702,coordinate_gauge,False
0.9632337093353271,True,199,0.0,1.0619064569473267,1.0052287578582764,0.9220985770225525,False,4889.22705078125,-20873.404296875,-30853.56640625,2026092702,coordinate_gauge,False
0.9429713487625122,True,200,0.0,1.0615407228469849,1.005124568939209,0.9223661422729492,False,-6226.109375,-21173.962890625,-35152.76953125,2026092702,coordinate_gauge,False
0.916504442691803,True,1,0.0,1.0064976215362549,1.0002521276474,0.9960463643074036,False,11266.7890625,-36152.0546875,-533549.3125,2026092703,coordinate_equivariant,False
0.9488738179206848,True,2,0.0,1.004114031791687,1.000629186630249,0.9974290132522583,False,5856.55810546875,-20353.927734375,-30508.146484375,2026092703,coordinate_equivariant,False
0.9271686673164368,True,3,0.0,1.0080877542495728,1.000977873802185,0.9950916171073914,False,-9886.3642578125,-23608.13671875,-95902.8125,2026092703,coordinate_equivariant,False
0.9135088920593262,True,4,0.0,1.0162431001663208,1.0013175010681152,0.989885687828064,False,10867.70703125,-49764.359375,-533549.3125,2026092703,coordinate_equivariant,False
0.9495779871940613,True,5,0.0,1.0088326930999756,1.0016006231307983,0.9899996519088745,False,-6680.83349609375,-20533.8515625,-26660.296875,2026092703,coordinate_equivariant,False
0.9567146897315979,True,6,0.0,1.0108333826065063,1.0018935203552246,0.9874147772789001,False,-11769.857421875,-21188.197265625,-35974.20703125,2026092703,coordinate_equivariant,False
0.9727523326873779,True,7,0.0,1.0119789838790894,1.0021559000015259,0.9853275418281555,False,-11404.474609375,-21107.3046875,-34509.828125,2026092703,coordinate_equivariant,False
0.918419599533081,True,8,0.0,1.0133558511734009,1.002399206161499,0.9836071133613586,False,11358.2255859375,-18717.560546875,-30995.01171875,2026092703,coordinate_equivariant,False
0.9601226449012756,True,9,0.0,1.0141901969909668,1.0026400089263916,0.9814966320991516,False,-6916.52587890625,-18704.7265625,-27596.9453125,2026092703,coordinate_equivariant,False
0.8980157375335693,True,10,0.0,1.0287028551101685,1.0028784275054932,0.9785823822021484,False,605814.5,1192.212646484375,-31343.2578125,2026092703,coordinate_equivariant,False
0.9055882096290588,True,11,0.0,1.029286503791809,1.0031092166900635,0.9741945266723633,False,4889.22705078125,-41117.95703125,-608281.125,2026092703,coordinate_equivariant,False
0.9298189878463745,True,12,0.0,1.0324748754501343,1.003313660621643,0.9717892408370972,False,605814.5,2087.7216796875,-32664.34765625,2026092703,coordinate_equivariant,False
0.9599815607070923,True,13,0.0,1.018137812614441,1.0035547018051147,0.9746032953262329,False,-8056.49267578125,-20235.96484375,-30948.443359375,2026092703,coordinate_equivariant,False
0.8909296989440918,True,14,0.0,1.0249534845352173,1.0035947561264038,0.971823513507843,False,305330.0625,1932.6702880859375,-48869.21484375,2026092703,coordinate_equivariant,False
0.93979811668396,True,15,0.0,1.023791790008545,1.004051923751831,0.9679065942764282,False,-10244.2216796875,-25441.4921875,-82312.4453125,2026092703,coordinate_equivariant,False
0.9568926095962524,True,16,0.0,1.0234891176223755,1.0041800737380981,0.9696398377418518,False,522.2033081054688,-20091.65625,-32104.400390625,2026092703,coordinate_equivariant,False
0.9652379751205444,True,17,0.0,1.0214850902557373,1.004370093345642,0.9683800339698792,False,-7383.54833984375,-20103.291015625,-28113.87890625,2026092703,coordinate_equivariant,False
0.9439907670021057,True,18,0.0,1.045336127281189,1.0046979188919067,0.9319211840629578,False,486.135009765625,-35369.76953125,-365337.53125,2026092703,coordinate_equivariant,False
0.9344955682754517,True,19,0.0,1.0240263938903809,1.0047450065612793,0.9626404047012329,False,6447.0673828125,-19123.15625,-32762.765625,2026092703,coordinate_equivariant,False
0.8943904638290405,True,20,0.0,1.0451754331588745,1.004873275756836,0.9261313676834106,False,340223.09375,-24023.791015625,-495208.125,2026092703,coordinate_equivariant,False
0.961567759513855,True,21,0.0,1.026148796081543,1.0051146745681763,0.9578552842140198,False,6821.4384765625,-20706.208984375,-33882.0703125,2026092703,coordinate_equivariant,False
0.907684326171875,True,22,0.0,1.0341434478759766,1.005151629447937,0.9508724808692932,False,316734.96875,-7441.61328125,-62033.4609375,2026092703,coordinate_equivariant,False
0.9492941498756409,True,23,0.0,1.0280593633651733,1.0054724216461182,0.9521501660346985,False,4123.5537109375,-21366.87109375,-36338.46875,2026092703,coordinate_equivariant,False
0.9549239873886108,True,24,0.0,1.028993010520935,1.005651593208313,0.9493148922920227,False,-6963.8095703125,-22616.11328125,-45163.51171875,2026092703,coordinate_equivariant,False
0.9389699101448059,True,25,0.0,1.0296785831451416,1.0057910680770874,0.9481714367866516,False,987.9216918945312,-20967.537109375,-32519.150390625,2026092703,coordinate_equivariant,False
0.9103796482086182,True,26,0.0,1.0307034254074097,1.0059019327163696,0.9449865221977234,False,80134.7109375,-16936.75390625,-29278.1796875,2026092703,coordinate_equivariant,False
0.9604656100273132,True,27,0.0,1.0300122499465942,1.006027102470398,0.9459751844406128,False,-2886.341552734375,-18293.794921875,-26750.4453125,2026092703,coordinate_equivariant,False
0.9628779888153076,True,28,0.0,1.03109872341156,1.0061962604522705,0.9437009692192078,False,5241.52099609375,-19773.662109375,-27851.5078125,2026092703,coordinate_equivariant,False
0.91078782081604,True,29,0.0,1.040924072265625,1.0064195394515991,0.9236940145492554,False,7969.814453125,-21564.443359375,-87474.0,2026092703,coordinate_equivariant,False
0.893451452255249,True,30,0.0,1.0395320653915405,1.006432056427002,0.9247976541519165,False,287956.34375,-11799.7275390625,-39796.01953125,2026092703,coordinate_equivariant,False
0.9498518705368042,True,31,0.0,1.0347626209259033,1.0066609382629395,0.9349828958511353,False,-7993.8583984375,-22338.884765625,-50201.921875,2026092703,coordinate_equivariant,False
0.933292031288147,True,32,0.0,1.0351982116699219,1.0068118572235107,0.9334511160850525,False,-6982.650390625,-22082.08984375,-41774.5546875,2026092703,coordinate_equivariant,False
0.9234974980354309,True,33,0.0,1.0349159240722656,1.0069376230239868,0.9333914518356323,False,-6680.83349609375,-21309.55859375,-30853.56640625,2026092703,coordinate_equivariant,False
0.9542829990386963,True,34,0.0,1.0342414379119873,1.0069987773895264,0.9340574145317078,False,237.56475830078125,-20587.77734375,-35409.3828125,2026092703,coordinate_equivariant,False
0.913540244102478,True,35,0.0,1.0357418060302734,1.0071295499801636,0.9304218888282776,False,31662.91796875,-18224.884765625,-30777.658203125,2026092703,coordinate_equivariant,False
0.9396000504493713,True,36,0.0,1.036681890487671,1.0072534084320068,0.9289662837982178,False,17974.853515625,-20311.060546875,-43268.3203125,2026092703,coordinate_equivariant,False
0.9222818613052368,True,37,0.0,1.0438541173934937,1.0071687698364258,0.9261762499809265,False,301528.3125,-6926.79248046875,-28723.763671875,2026092703,coordinate_equivariant,False
0.9719793200492859,True,38,0.0,1.036607027053833,1.0074293613433838,0.9276039600372314,False,-9307.919921875,-19907.326171875,-33970.46875,2026092703,coordinate_equivariant,False
0.9149437546730042,True,39,0.0,1.0733166933059692,1.0077950954437256,0.8663662672042847,False,-6177.97802734375,-30534.962890625,-239235.171875,2026092703,coordinate_equivariant,False
0.9648962616920471,True,40,0.0,1.0359129905700684,1.0076185464859009,0.9277819991111755,False,7969.814453125,-19350.583984375,-29539.556640625,2026092703,coordinate_equivariant,False
0.8988033533096313,True,41,0.0,1.0560579299926758,1.0077788829803467,0.9084989428520203,False,513705.09375,-4223.41552734375,-82312.4453125,2026092703,coordinate_equivariant,False
0.9310615062713623,True,42,0.0,1.0422254800796509,1.0079237222671509,0.9107562303543091,False,3757.361083984375,-21590.248046875,-37051.51171875,2026092703,coordinate_equivariant,False
0.9772788882255554,True,43,0.0,1.0387519598007202,1.0079470872879028,0.919449508190155,False,-7973.46826171875,-21126.318359375,-28440.416015625,2026092703,coordinate_equivariant,False
0.8945805430412292,True,44,0.0,1.0697615146636963,1.0081145763397217,0.8759498596191406,False,610782.0625,1953.571533203125,-41774.5546875,2026092703,coordinate_equivariant,False
0.9290066361427307,True,45,0.0,1.0419994592666626,1.0082523822784424,0.9133672714233398,False,-10797.1416015625,-23307.23828125,-50201.921875,2026092703,coordinate_equivariant,False
0.9399701356887817,True,46,0.0,1.039684772491455,1.0081714391708374,0.9175547957420349,False,9106.84375,-16992.125,-33788.5546875,2026092703,coordinate_equivariant,False
0.9605138897895813,True,47,0.0,1.0396308898925781,1.0082595348358154,0.9170804023742676,False,10867.70703125,-18418.546875,-29622.970703125,2026092703,coordinate_equivariant,False
0.9042245745658875,True,48,0.0,1.0698379278182983,1.0082249641418457,0.8819319009780884,False,546475.4375,15571.1025390625,-30000.626953125,2026092703,coordinate_equivariant,False
0.9637549519538879,True,49,0.0,1.0462316274642944,1.0085499286651611,0.9049416184425354,False,-6604.048828125,-23662.05859375,-58558.69140625,2026092703,coordinate_equivariant,False
0.9332131147384644,True,50,0.0,1.0513375997543335,1.0086588859558105,0.8969332575798035,False,-9493.4501953125,-22386.83203125,-79863.625,2026092703,coordinate_equivariant,False
0.9393694400787354,True,51,0.0,1.0412789583206177,1.0086591243743896,0.9092286825180054,False,-3323.251220703125,-19916.62890625,-37738.15625,2026092703,coordinate_equivariant,False
0.9616608619689941,True,52,0.0,1.0396314859390259,1.0086085796356201,0.9140027165412903,False,12103.640625,-16745.779296875,-27093.318359375,2026092703,coordinate_equivariant,False
0.9465394020080566,True,53,0.0,1.0411913394927979,1.008795976638794,0.909305214881897,False,-2.9366064071655273,-20612.12109375,-32996.24609375,2026092703,coordinate_equivariant,False
0.9398141503334045,True,54,0.0,1.042832612991333,1.0088818073272705,0.9013890027999878,False,31662.91796875,-20757.45703125,-31176.900390625,2026092703,coordinate_equivariant,False
0.9479628801345825,True,55,0.0,1.0453835725784302,1.0089576244354248,0.9043396711349487,False,-3438.49609375,-21777.05078125,-44515.421875,2026092703,coordinate_equivariant,False
0.9279467463493347,True,56,0.0,1.051517367362976,1.0090066194534302,0.8830236196517944,False,3757.361083984375,-19488.857421875,-31720.90625,2026092703,coordinate_equivariant,False
0.9586466550827026,True,57,0.0,1.044708013534546,1.0090492963790894,0.9056158065795898,False,6701.88330078125,-21154.48046875,-43078.2890625,2026092703,coordinate_equivariant,False
0.9698894023895264,True,58,0.0,1.046809196472168,1.009123682975769,0.899387776851654,False,-11823.4521484375,-22741.99609375,-40137.359375,2026092703,coordinate_equivariant,False
0.9092869758605957,True,59,0.0,1.0567140579223633,1.009280800819397,0.8745080828666687,False,-10124.46484375,-21429.228515625,-45662.08203125,2026092703,coordinate_equivariant,False
0.8848563432693481,True,60,0.0,1.083088755607605,1.009092926979065,0.8659155964851379,False,548236.375,11831.8017578125,-29705.599609375,2026092703,coordinate_equivariant,False
0.9523892402648926,True,61,0.0,1.046425461769104,1.0093421936035156,0.9001114964485168,False,-10433.357421875,-21876.138671875,-30770.0546875,2026092703,coordinate_equivariant,False
0.9488447904586792,True,62,0.0,1.0457936525344849,1.009312629699707,0.8982247114181519,False,-6635.19287109375,-18050.015625,-26639.080078125,2026092703,coordinate_equivariant,False
0.9089359045028687,True,63,0.0,1.0560816526412964,1.0096057653427124,0.8834603428840637,False,-6826.421875,-23825.87109375,-65233.06640625,2026092703,coordinate_equivariant,False
0.9670088887214661,True,64,0.0,1.0461554527282715,1.0094314813613892,0.9014050364494324,False,12103.640625,-20148.6640625,-30833.705078125,2026092703,coordinate_equivariant,False
0.9179528951644897,True,65,0.0,1.0656578540802002,1.0096213817596436,0.8638869524002075,False,110.16361999511719,-20980.7734375,-76897.1015625,2026092703,coordinate_equivariant,False
0.9799820780754089,True,66,0.0,1.0485979318618774,1.0095298290252686,0.8986444473266602,False,-2046.4583740234375,-20750.25,-43268.3203125,2026092703,coordinate_equivariant,False
0.9528987407684326,True,67,0.0,1.0518279075622559,1.0096954107284546,0.8925595283508301,False,-4914.37841796875,-22978.673828125,-52282.3359375,2026092703,coordinate_equivariant,False
0.9484224915504456,True,68,0.0,1.047170639038086,1.0097326040267944,0.8985949158668518,False,-6426.328125,-22188.138671875,-30842.125,2026092703,coordinate_equivariant,False
0.9344926476478577,True,69,0.0,1.046987771987915,1.0097726583480835,0.8949013948440552,False,7840.19482421875,-20579.88671875,-34093.140625,2026092703,coordinate_equivariant,False
0.9621225595474243,True,70,0.0,1.0473078489303589,1.0097532272338867,0.8982009887695312,False,-3404.59814453125,-20573.802734375,-30806.6953125,2026092703,coordinate_equivariant,False
0.9480611681938171,True,71,0.0,1.0508307218551636,1.0097883939743042,0.89014732837677,False,-5977.6064453125,-18813.568359375,-35483.5,2026092703,coordinate_equivariant,False
0.9683793783187866,True,72,0.0,1.0479798316955566,1.0098423957824707,0.8966565132141113,False,-7389.79052734375,-21161.8359375,-35916.4453125,2026092703,coordinate_equivariant,False
0.9060950875282288,True,73,0.0,1.0502145290374756,1.009940266609192,0.8884725570678711,False,4438.5517578125,-17470.71875,-28557.197265625,2026092703,coordinate_equivariant,False
0.886897087097168,True,74,0.0,1.061762809753418,1.009696125984192,0.8978108167648315,False,324096.5,1608.7012939453125,-26907.22265625,2026092703,coordinate_equivariant,False
0.9360791444778442,True,75,0.0,1.0495463609695435,1.0099934339523315,0.8945505023002625,False,6821.4384765625,-19099.62109375,-37576.44140625,2026092703,coordinate_equivariant,False
0.931236982345581,True,76,0.0,1.1005733013153076,1.010237216949463,0.8155649900436401,False,-9992.3837890625,-38905.3046875,-495208.125,2026092703,coordinate_equivariant,False
0.9389650225639343,True,77,0.0,1.084030032157898,1.0098713636398315,0.8793525099754333,False,495525.125,2448.26953125,-34195.4296875,2026092703,coordinate_equivariant,False
0.9661523699760437,True,78,0.0,1.050474762916565,1.0100902318954468,0.8908410668373108,False,-8909.4208984375,-20996.35546875,-33420.49609375,2026092703,coordinate_equivariant,False
0.9297387599945068,True,79,0.0,1.0812151432037354,1.0102888345718384,0.8419052362442017,False,32602.0390625,-23618.283203125,-133544.21875,2026092703,coordinate_equivariant,False
0.9001277089118958,True,80,0.0,1.1012885570526123,1.0103991031646729,0.8306719660758972,False,4889.22705078125,-43948.03515625,-613652.5625,2026092703,coordinate_equivariant,False
0.9503906965255737,True,81,0.0,1.1058940887451172,1.0104020833969116,0.8127548098564148,False,6447.0673828125,-31109.609375,-324498.0,2026092703,coordinate_equivariant,False
0.9508209824562073,True,82,0.0,1.051287055015564,1.0102734565734863,0.8907199501991272,False,-7630.662109375,-21019.67578125,-39327.84765625,2026092703,coordinate_equivariant,False
0.9521214365959167,True,83,0.0,1.0616518259048462,1.0103721618652344,0.8710448741912842,False,-2525.7099609375,-23375.697265625,-62276.09765625,2026092703,coordinate_equivariant,False
0.9409968852996826,True,84,0.0,1.0491256713867188,1.0102787017822266,0.8933735489845276,False,11266.7890625,-17468.455078125,-30217.064453125,2026092703,coordinate_equivariant,False
0.928592324256897,True,85,0.0,1.0510523319244385,1.0104299783706665,0.8873264789581299,False,-2431.294921875,-20588.490234375,-32741.87890625,2026092703,coordinate_equivariant,False
0.9651089310646057,True,86,0.0,1.0534248352050781,1.0104520320892334,0.885401725769043,False,-10577.212890625,-24058.87109375,-43341.37109375,2026092703,coordinate_equivariant,False
0.9547818303108215,True,87,0.0,1.0520439147949219,1.0103838443756104,0.8861868977546692,False,-7140.830078125,-19400.46875,-30171.20703125,2026092703,coordinate_equivariant,False
0.973456084728241,True,88,0.0,1.0503724813461304,1.0103662014007568,0.8917491436004639,False,347.2801208496094,-19696.37109375,-26695.916015625,2026092703,coordinate_equivariant,False
0.9214325547218323,True,89,0.0,1.0527459383010864,1.0105525255203247,0.8839961290359497,False,43237.8671875,-19849.384765625,-32993.421875,2026092703,coordinate_equivariant,False
0.9334680438041687,True,90,0.0,1.079444408416748,1.0106987953186035,0.8477984666824341,False,21800.751953125,-25670.1171875,-131600.234375,2026092703,coordinate_equivariant,False
0.9520027041435242,True,91,0.0,1.0553308725357056,1.0104740858078003,0.8798530697822571,False,1527.9034423828125,-18315.771484375,-35483.5,2026092703,coordinate_equivariant,False
0.961372971534729,True,92,0.0,1.0553772449493408,1.0105115175247192,0.8783888816833496,False,-6266.02001953125,-19875.623046875,-31868.5234375,2026092703,coordinate_equivariant,False
0.9311955571174622,True,93,0.0,1.0583152770996094,1.0106416940689087,0.8712016344070435,False,17285.845703125,-20572.515625,-28755.361328125,2026092703,coordinate_equivariant,False
0.9555111527442932,True,94,0.0,1.0529136657714844,1.0106327533721924,0.8839013576507568,False,-11177.048828125,-22040.345703125,-32741.87890625,2026092703,coordinate_equivariant,False
0.9407826066017151,True,95,0.0,1.0559184551239014,1.0106391906738281,0.882127583026886,False,2556.7001953125,-20023.5625,-44515.421875,2026092703,coordinate_equivariant,False
0.945489764213562,True,96,0.0,1.060905933380127,1.0106384754180908,0.8718318939208984,False,6009.21484375,-19693.96875,-53196.8359375,2026092703,coordinate_equivariant,False
0.9391852021217346,True,97,0.0,1.0564366579055786,1.0106192827224731,0.8815935254096985,False,31501.203125,-17613.919921875,-48869.21484375,2026092703,coordinate_equivariant,False
0.918337881565094,True,98,0.0,1.0599048137664795,1.010701060295105,0.8688327074050903,False,16835.875,-17338.68359375,-41248.7421875,2026092703,coordinate_equivariant,False
0.9511994123458862,True,99,0.0,1.0578994750976562,1.0107518434524536,0.8768194913864136,False,-10410.3310546875,-21558.36328125,-43928.8359375,2026092703,coordinate_equivariant,False
0.9497454762458801,True,100,0.0,1.0691876411437988,1.0105019807815552,0.8911594152450562,False,324096.5,-6522.21826171875,-27605.982421875,2026092703,coordinate_equivariant,False
0.9347774982452393,True,101,0.0,1.052493691444397,1.0107829570770264,0.8809225559234619,False,-1533.65966796875,-19426.3125,-31072.857421875,2026092703,coordinate_equivariant,False
0.9537011981010437,True,102,0.0,1.0555282831192017,1.0107645988464355,0.8817116022109985,False,-3438.49609375,-20189.134765625,-39322.83984375,2026092703,coordinate_equivariant,False
0.9135128259658813,True,103,0.0,1.0640147924423218,1.0109440088272095,0.8659284710884094,False,-10577.212890625,-21410.599609375,-57101.984375,2026092703,coordinate_equivariant,False
0.9468598365783691,True,104,0.0,1.0593210458755493,1.0108742713928223,0.8761493563652039,False,-2525.7099609375,-22003.912109375,-50232.375,2026092703,coordinate_equivariant,False
0.9632853269577026,True,105,0.0,1.0552430152893066,1.0108321905136108,0.8814654350280762,False,6009.21484375,-21713.875,-35006.609375,2026092703,coordinate_equivariant,False
0.9370319843292236,True,106,0.0,1.0743474960327148,1.0109704732894897,0.8492231369018555,False,-1380.5928955078125,-23194.83984375,-82153.78125,2026092703,coordinate_equivariant,False
0.9385430812835693,True,107,0.0,1.0552852153778076,1.010940670967102,0.8826872706413269,False,-8025.57470703125,-21732.40234375,-38458.45703125,2026092703,coordinate_equivariant,False
0.9260092377662659,True,108,0.0,1.0689630508422852,1.0109342336654663,0.8601745367050171,False,18758.482421875,-19654.724609375,-74330.4609375,2026092703,coordinate_equivariant,False
0.9359265565872192,True,109,0.0,1.0758211612701416,1.010763168334961,0.8749111890792847,False,340223.09375,-8303.57421875,-40137.359375,2026092703,coordinate_equivariant,False
0.9566095471382141,True,110,0.0,1.0541642904281616,1.0108942985534668,0.8819327354431152,False,-9467.212890625,-20576.96875,-28165.265625,2026092703,coordinate_equivariant,False
0.9445047974586487,True,111,0.0,1.0577870607376099,1.0109105110168457,0.8767989277839661,False,522.2033081054688,-19333.27734375,-37706.4921875,2026092703,coordinate_equivariant,False
0.9453350305557251,True,112,0.0,1.0694072246551514,1.0110002756118774,0.8594393134117126,False,-6084.955078125,-22191.07421875,-74330.4609375,2026092703,coordinate_equivariant,False
0.9340330362319946,True,113,0.0,1.054581880569458,1.0109457969665527,0.8790289163589478,False,6821.4384765625,-18530.427734375,-35614.390625,2026092703,coordinate_equivariant,False
0.9511111378669739,True,114,0.0,1.0595461130142212,1.0108839273452759,0.8786678910255432,False,76379.171875,-17743.828125,-38459.8046875,2026092703,coordinate_equivariant,False
0.9611673951148987,True,115,0.0,1.0619568824768066,1.0110076665878296,0.8700414896011353,False,-10787.494140625,-22991.71484375,-49581.94921875,2026092703,coordinate_equivariant,False
0.9167840480804443,True,116,0.0,1.0602630376815796,1.0110989809036255,0.8709560036659241,False,-2852.947021484375,-20868.390625,-39821.5546875,2026092703,coordinate_equivariant,False
0.9400163292884827,True,117,0.0,1.113687515258789,1.0112422704696655,0.7984529733657837,False,1258.375,-37195.77734375,-441772.3125,2026092703,coordinate_equivariant,False
0.9529703855514526,True,118,0.0,1.0540776252746582,1.0109723806381226,0.8820013403892517,False,237.56475830078125,-19618.37109375,-27891.439453125,2026092703,coordinate_equivariant,False
0.939874529838562,True,119,0.0,1.0664232969284058,1.0111167430877686,0.866375207901001,False,-11209.9111328125,-22919.220703125,-73322.59375,2026092703,coordinate_equivariant,False
0.9337683916091919,True,120,0.0,1.060438632965088,1.0110445022583008,0.8711107969284058,False,36219.20703125,-19283.33203125,-28496.638671875,2026092703,coordinate_equivariant,False
0.9163797497749329,True,121,0.0,1.0682873725891113,1.010982871055603,0.8745313882827759,False,240913.78125,-12402.462890625,-36000.35546875,2026092703,coordinate_equivariant,False
0.953590452671051,True,122,0.0,1.0561021566390991,1.0110186338424683,0.8784024119377136,False,-4181.39599609375,-19904.154296875,-31111.283203125,2026092703,coordinate_equivariant,False
0.9579946398735046,True,123,0.0,1.0573033094406128,1.0110490322113037,0.8762563467025757,False,2556.7001953125,-21192.947265625,-31916.466796875,2026092703,coordinate_equivariant,False
0.9446194767951965,True,124,0.0,1.0616381168365479,1.0111383199691772,0.8736916780471802,False,-3322.501708984375,-22544.8046875,-56897.69140625,2026092703,coordinate_equivariant,False
0.9505922198295593,True,125,0.0,1.0610384941101074,1.0111618041992188,0.872138500213623,False,-12076.6806640625,-23685.025390625,-47706.6484375,2026092703,coordinate_equivariant,False
0.9219160676002502,True,126,0.0,1.0638108253479004,1.0110783576965332,0.8628053665161133,False,17285.845703125,-17171.748046875,-32104.400390625,2026092703,coordinate_equivariant,False
0.955092191696167,True,127,0.0,1.0579900741577148,1.011115550994873,0.8754297494888306,False,-6509.62109375,-21927.9296875,-39322.83984375,2026092703,coordinate_equivariant,False
0.9585217237472534,True,128,0.0,1.0719876289367676,1.011167049407959,0.8591766953468323,False,-3754.478515625,-23770.486328125,-92520.2890625,2026092703,coordinate_equivariant,False
0.9696137309074402,True,129,0.0,1.0544776916503906,1.01104736328125,0.8826436996459961,False,2607.862548828125,-20384.3046875,-28980.806640625,2026092703,coordinate_equivariant,False
0.9134118556976318,True,130,0.0,1.1110409498214722,1.0111770629882812,0.8276205062866211,False,546475.4375,-145.10826110839844,-39821.5546875,2026092703,coordinate_equivariant,False
0.9410825967788696,True,131,0.0,1.072211742401123,1.0111349821090698,0.8588217496871948,False,94218.25,-19497.228515625,-92520.2890625,2026092703,coordinate_equivariant,False
0.9047547578811646,True,132,0.0,1.0771138668060303,1.0114495754241943,0.8443281650543213,False,-6084.955078125,-26390.568359375,-98425.5,2026092703,coordinate_equivariant,False
0.9106733202934265,True,133,0.0,1.1183080673217773,1.0113698244094849,0.8084728717803955,False,-7752.93310546875,-44525.50390625,-620865.25,2026092703,coordinate_equivariant,False
0.9215471744537354,True,134,0.0,1.063288688659668,1.0111920833587646,0.8656668663024902,False,31729.732421875,-18562.8515625,-29675.263671875,2026092703,coordinate_equivariant,False
0.9518032670021057,True,135,0.0,1.06900954246521,1.0110810995101929,0.8580806255340576,False,13033.869140625,-17861.978515625,-65233.06640625,2026092703,coordinate_equivariant,False
0.9466478824615479,True,136,0.0,1.0749406814575195,1.0110375881195068,0.8716549277305603,False,324096.5,-10237.7607421875,-55276.02734375,2026092703,coordinate_equivariant,False
0.9506399035453796,True,137,0.0,1.0575140714645386,1.011168360710144,0.872755765914917,False,-3905.421875,-20336.451171875,-33310.9453125,2026092703,coordinate_equivariant,False
0.9492650032043457,True,138,0.0,1.0573713779449463,1.011168360710144,0.8780307173728943,False,10365.8076171875,-19946.927734375,-37551.91015625,2026092703,coordinate_equivariant,False
0.9368087649345398,True,139,0.0,1.0563451051712036,1.011169672012329,0.8772988319396973,False,18758.482421875,-18323.59375,-31365.44921875,2026092703,coordinate_equivariant,False
0.9549331665039062,True,140,0.0,1.0621070861816406,1.0112055540084839,0.868161678314209,False,-8326.3857421875,-21494.97265625,-44376.625,2026092703,coordinate_equivariant,False
0.9562182426452637,True,141,0.0,1.0636286735534668,1.011262059211731,0.8662363886833191,False,-10335.7861328125,-23419.8984375,-49581.94921875,2026092703,coordinate_equivariant,False
0.9456341862678528,True,142,0.0,1.0674422979354858,1.0112870931625366,0.8597232103347778,False,-4009.08740234375,-22678.537109375,-57898.80078125,2026092703,coordinate_equivariant,False
0.9722180962562561,True,143,0.0,1.0561602115631104,1.011170744895935,0.8780808448791504,False,-10192.083984375,-21358.62890625,-28316.205078125,2026092703,coordinate_equivariant,False
0.9137375950813293,True,144,0.0,1.1168816089630127,1.0114117860794067,0.8119733333587646,False,-11618.2294921875,-42910.89453125,-613652.5625,2026092703,coordinate_equivariant,False
0.9482975006103516,True,145,0.0,1.062576413154602,1.0112391710281372,0.8697085380554199,False,1469.447265625,-20560.513671875,-55354.359375,2026092703,coordinate_equivariant,False
0.949996829032898,True,146,0.0,1.058457851409912,1.0112186670303345,0.8721868991851807,False,-1236.0029296875,-19862.48828125,-32762.765625,2026092703,coordinate_equivariant,False
0.9081931114196777,True,147,0.0,1.117194414138794,1.011753797531128,0.7945208549499512,False,-8336.345703125,-44562.63671875,-441772.3125,2026092703,coordinate_equivariant,False
0.9396079182624817,True,148,0.0,1.0781152248382568,1.0112733840942383,0.8395044803619385,False,-2585.077392578125,-20194.318359375,-70133.3125,2026092703,coordinate_equivariant,False
0.8993363380432129,True,149,0.0,1.113310694694519,1.0112357139587402,0.8250460624694824,False,548236.375,9589.0546875,-47706.6484375,2026092703,coordinate_equivariant,False
0.9508190751075745,True,150,0.0,1.056624174118042,1.0112577676773071,0.8769711256027222,False,-8452.7021484375,-20584.921875,-29433.8203125,2026092703,coordinate_equivariant,False
0.9655405879020691,True,151,0.0,1.072112798690796,1.011251449584961,0.8565739393234253,False,2653.55224609375,-21952.916015625,-82312.4453125,2026092703,coordinate_equivariant,False
0.9218180775642395,True,152,0.0,1.0663214921951294,1.0114390850067139,0.863855242729187,False,1443.2974853515625,-23251.0234375,-60893.7421875,2026092703,coordinate_equivariant,False
0.9346693158149719,True,153,0.0,1.0601271390914917,1.0113941431045532,0.8677318692207336,False,-11823.4521484375,-22994.201171875,-40223.77734375,2026092703,coordinate_equivariant,False
0.9377548694610596,True,154,0.0,1.0571489334106445,1.011237621307373,0.8706467747688293,False,-3203.535888671875,-17704.390625,-24311.31640625,2026092703,coordinate_equivariant,False
0.8912664651870728,True,155,0.0,1.0773204565048218,1.0112557411193848,0.8570183515548706,False,287956.34375,-8884.076171875,-76566.8359375,2026092703,coordinate_equivariant,False
0.9498269557952881,True,156,0.0,1.0561813116073608,1.0111805200576782,0.8770190477371216,False,94218.25,-16621.6875,-27674.712890625,2026092703,coordinate_equivariant,False
0.977530837059021,True,157,0.0,1.0564348697662354,1.0111644268035889,0.8782103061676025,False,-9654.302734375,-19374.107421875,-29622.970703125,2026092703,coordinate_equivariant,False
0.9367775917053223,True,158,0.0,1.0596660375595093,1.0113414525985718,0.8738699555397034,False,11266.7890625,-20699.294921875,-40857.60546875,2026092703,coordinate_equivariant,False
0.9259870052337646,True,159,0.0,1.0659962892532349,1.0113685131072998,0.856855034828186,False,-6355.6923828125,-20260.3046875,-44515.421875,2026092703,coordinate_equivariant,False
0.9371418952941895,True,160,0.0,1.0768091678619385,1.0114346742630005,0.8515259027481079,False,-8304.931640625,-23826.6171875,-103039.71875,2026092703,coordinate_equivariant,False
0.9516720771789551,True,161,0.0,1.0646899938583374,1.0113780498504639,0.8677605986595154,False,-7170.3935546875,-23395.755859375,-60279.8671875,2026092703,coordinate_equivariant,False
0.9491215348243713,True,162,0.0,1.0621005296707153,1.0112769603729248,0.8676464557647705,False,-8875.7548828125,-19391.3515625,-41000.828125,2026092703,coordinate_equivariant,False
0.9504324197769165,True,163,0.0,1.0585020780563354,1.0113146305084229,0.8709803819656372,False,-6094.81787109375,-20771.818359375,-32651.388671875,2026092703,coordinate_equivariant,False
0.9522380828857422,True,164,0.0,1.0577834844589233,1.0113846063613892,0.8762590885162354,False,-9054.1015625,-23365.302734375,-37797.390625,2026092703,coordinate_equivariant,False
0.911273717880249,True,165,0.0,1.1180243492126465,1.0115084648132324,0.8100579977035522,False,-5404.8408203125,-42786.765625,-613652.5625,2026092703,coordinate_equivariant,False
0.9672327637672424,True,166,0.0,1.0560176372528076,1.011232852935791,0.8797771334648132,False,-11914.537109375,-19649.77734375,-29420.94140625,2026092703,coordinate_equivariant,False
0.9514171481132507,True,167,0.0,1.0727295875549316,1.0113824605941772,0.8526785373687744,False,-8530.3583984375,-22952.955078125,-74330.4609375,2026092703,coordinate_equivariant,False
0.9468784332275391,True,168,0.0,1.0563889741897583,1.011290192604065,0.8777539134025574,False,2556.7001953125,-19083.451171875,-28967.576171875,2026092703,coordinate_equivariant,False
0.9161442518234253,True,169,0.0,1.1188796758651733,1.011353850364685,0.8114380240440369,False,605984.3125,4939.966796875,-27844.7734375,2026092703,coordinate_equivariant,False
0.9432809352874756,True,170,0.0,1.0854188203811646,1.0114907026290894,0.8377526998519897,False,-6415.693359375,-25585.13671875,-124212.578125,2026092703,coordinate_equivariant,False
0.899947464466095,True,171,0.0,1.0738297700881958,1.0115684270858765,0.8409180641174316,False,5021.69384765625,-22965.947265625,-52980.5234375,2026092703,coordinate_equivariant,False
0.9594697952270508,True,172,0.0,1.0621929168701172,1.0113086700439453,0.8653475046157837,False,-8088.1474609375,-20822.912109375,-34893.20703125,2026092703,coordinate_equivariant,False
0.9130666255950928,True,173,0.0,1.076925277709961,1.0114600658416748,0.8369542956352234,False,1467.06298828125,-20566.7265625,-36713.3046875,2026092703,coordinate_equivariant,False
0.939360499382019,True,174,0.0,1.0669164657592773,1.0113481283187866,0.8627643585205078,False,10546.5185546875,-19704.068359375,-61707.54296875,2026092703,coordinate_equivariant,False
0.9776352643966675,True,175,0.0,1.056576132774353,1.0112494230270386,0.8772263526916504,False,-11005.2294921875,-20709.5546875,-28415.552734375,2026092703,coordinate_equivariant,False
0.946922779083252,True,176,0.0,1.1011669635772705,1.0111675262451172,0.8546672463417053,False,498987.40625,981.5391235351562,-28988.177734375,2026092703,coordinate_equivariant,False
0.9398570656776428,True,177,0.0,1.0822405815124512,1.011207103729248,0.8767304420471191,False,340223.09375,-8664.357421875,-29420.94140625,2026092703,coordinate_equivariant,False
0.9527701139450073,True,178,0.0,1.0796184539794922,1.0114014148712158,0.8470141291618347,False,-1079.551025390625,-23029.0546875,-109689.734375,2026092703,coordinate_equivariant,False
0.8925630450248718,True,179,0.0,1.1010651588439941,1.011228322982788,0.8548305034637451,False,495525.125,5505.6220703125,-33618.08984375,2026092703,coordinate_equivariant,False
0.9150525331497192,True,180,0.0,1.0692710876464844,1.0114383697509766,0.8496943712234497,False,-11745.96875,-19688.95703125,-42869.23828125,2026092703,coordinate_equivariant,False
0.9563378095626831,True,181,0.0,1.0566930770874023,1.0112971067428589,0.8775708079338074,False,-3660.69873046875,-19593.228515625,-27735.853515625,2026092703,coordinate_equivariant,False
0.9077305793762207,True,182,0.0,1.0693482160568237,1.0113378763198853,0.8665791153907776,False,98894.34375,-15022.6171875,-36339.27734375,2026092703,coordinate_equivariant,False
0.9763242602348328,True,183,0.0,1.0564464330673218,1.0112746953964233,0.8792845606803894,False,-9155.4140625,-21087.8359375,-28907.662109375,2026092703,coordinate_equivariant,False
0.9466009140014648,True,184,0.0,1.0603821277618408,1.0113736391067505,0.869389533996582,False,-4335.9990234375,-21008.05859375,-33240.01953125,2026092703,coordinate_equivariant,False
0.8769795298576355,True,185,0.0,1.1241400241851807,1.0115787982940674,0.7899920344352722,False,316734.96875,-20072.49609375,-365337.53125,2026092703,coordinate_equivariant,False
0.9295481443405151,True,186,0.0,1.0592691898345947,1.0114188194274902,0.8714121580123901,False,31501.203125,-20512.998046875,-33158.35546875,2026092703,coordinate_equivariant,False
0.9674650430679321,True,187,0.0,1.0579795837402344,1.011320948600769,0.8736588954925537,False,-10038.1875,-21557.255859375,-30853.56640625,2026092703,coordinate_equivariant,False
0.9371926784515381,True,188,0.0,1.0682635307312012,1.011407732963562,0.8530141115188599,False,-8440.087890625,-20987.849609375,-41108.08984375,2026092703,coordinate_equivariant,False
0.9395173788070679,True,189,0.0,1.0613847970962524,1.0113741159439087,0.8710806965827942,False,-4584.92333984375,-20080.169921875,-45146.75,2026092703,coordinate_equivariant,False
0.9756608009338379,True,190,0.0,1.0584238767623901,1.0112606287002563,0.8749973773956299,False,-8534.7607421875,-20362.541015625,-34772.42578125,2026092703,coordinate_equivariant,False
0.9165676832199097,True,191,0.0,1.0999003648757935,1.0111596584320068,0.8518149852752686,False,418192.15625,244.7522430419922,-35614.390625,2026092703,coordinate_equivariant,False
0.9292742609977722,True,192,0.0,1.0943721532821655,1.0116147994995117,0.8218446969985962,False,-5691.66796875,-27385.83203125,-133544.21875,2026092703,coordinate_equivariant,False
0.9803525805473328,True,193,0.0,1.055835247039795,1.0112875699996948,0.8816754221916199,False,-7917.77099609375,-21818.365234375,-27853.98828125,2026092703,coordinate_equivariant,False
0.9425315856933594,True,194,0.0,1.0838377475738525,1.011164903640747,0.8739293813705444,False,316734.96875,-8049.591796875,-27326.693359375,2026092703,coordinate_equivariant,False
0.9402197599411011,True,195,0.0,1.0604724884033203,1.0113722085952759,0.86532062292099,False,4438.5517578125,-20009.232421875,-29147.033203125,2026092703,coordinate_equivariant,False
0.8935678005218506,True,196,0.0,1.1012517213821411,1.0113006830215454,0.8545311689376831,False,495525.125,3030.03369140625,-74216.171875,2026092703,coordinate_equivariant,False
0.9387944340705872,True,197,0.0,1.0593829154968262,1.0113470554351807,0.8722814917564392,False,1469.447265625,-18942.65625,-40223.77734375,2026092703,coordinate_equivariant,False
0.9175053238868713,True,198,0.0,1.1249943971633911,1.0116997957229614,0.7871895432472229,False,110.16361999511719,-35696.578125,-405687.8125,2026092703,coordinate_equivariant,False
0.9432772397994995,True,199,0.0,1.0575000047683716,1.0113638639450073,0.8735717535018921,False,2958.46826171875,-20046.134765625,-31298.62109375,2026092703,coordinate_equivariant,False
0.9561159014701843,True,200,0.0,1.058902621269226,1.011399269104004,0.8700747489929199,False,-8455.771484375,-22783.8515625,-34893.20703125,2026092703,coordinate_equivariant,False
0.916504442691803,True,1,0.0,1.006395936012268,1.000175952911377,0.9961433410644531,False,11266.7890625,-36152.0546875,-533549.3125,2026092703,coordinate_gauge,False
0.9488738179206848,True,2,0.0,1.0063227415084839,1.0003622770309448,0.9975782632827759,False,5856.55810546875,-20353.927734375,-30508.146484375,2026092703,coordinate_gauge,False
0.9271686673164368,True,3,0.0,1.0113532543182373,1.0005942583084106,0.9951236844062805,False,-9886.3642578125,-23608.13671875,-95902.8125,2026092703,coordinate_gauge,False
0.9135088920593262,True,4,0.0,1.0169341564178467,1.0008349418640137,0.9862675070762634,False,10867.70703125,-49764.359375,-533549.3125,2026092703,coordinate_gauge,False
0.9495779871940613,True,5,0.0,1.0101187229156494,1.0010828971862793,0.9948431253433228,False,-6680.83349609375,-20533.8515625,-26660.296875,2026092703,coordinate_gauge,False
0.9567146897315979,True,6,0.0,1.0142086744308472,1.0013266801834106,0.9918752908706665,False,-11769.857421875,-21188.197265625,-35974.20703125,2026092703,coordinate_gauge,False
0.9727523326873779,True,7,0.0,1.0149699449539185,1.0015709400177002,0.9914723634719849,False,-11404.474609375,-21107.3046875,-34509.828125,2026092703,coordinate_gauge,False
0.918419599533081,True,8,0.0,1.0174214839935303,1.0017904043197632,0.98939448595047,False,11358.2255859375,-18717.560546875,-30995.01171875,2026092703,coordinate_gauge,False
0.9601226449012756,True,9,0.0,1.0189409255981445,1.0020166635513306,0.9871035814285278,False,-6916.52587890625,-18704.7265625,-27596.9453125,2026092703,coordinate_gauge,False
0.8980157375335693,True,10,0.0,1.030340313911438,1.0021668672561646,0.9749722480773926,False,605814.5,1192.212646484375,-31343.2578125,2026092703,coordinate_gauge,False
0.9055882096290588,True,11,0.0,1.0326142311096191,1.0023353099822998,0.9761407971382141,False,4889.22705078125,-41117.95703125,-608281.125,2026092703,coordinate_gauge,False
0.9298189878463745,True,12,0.0,1.0346633195877075,1.0025044679641724,0.9712396860122681,False,605814.5,2087.7216796875,-32664.34765625,2026092703,coordinate_gauge,False
0.9599815607070923,True,13,0.0,1.0262919664382935,1.0027453899383545,0.9801141023635864,False,-8056.49267578125,-20235.96484375,-30948.443359375,2026092703,coordinate_gauge,False
0.8909296989440918,True,14,0.0,1.0418580770492554,1.0026345252990723,0.9623064994812012,False,305330.0625,1932.6702880859375,-48869.21484375,2026092703,coordinate_gauge,False
0.93979811668396,True,15,0.0,1.0354045629501343,1.0031211376190186,0.9758883714675903,False,-10244.2216796875,-25441.4921875,-82312.4453125,2026092703,coordinate_gauge,False
0.9568926095962524,True,16,0.0,1.0361874103546143,1.003229022026062,0.9756373167037964,False,522.2033081054688,-20091.65625,-32104.400390625,2026092703,coordinate_gauge,False
0.9652379751205444,True,17,0.0,1.0308659076690674,1.003395915031433,0.9741805195808411,False,-7383.54833984375,-20103.291015625,-28113.87890625,2026092703,coordinate_gauge,False
0.9439907670021057,True,18,0.0,1.0662838220596313,1.0035816431045532,0.9615408778190613,False,486.135009765625,-35369.76953125,-365337.53125,2026092703,coordinate_gauge,False
0.9344955682754517,True,19,0.0,1.0342804193496704,1.003610610961914,0.971994161605835,False,6447.0673828125,-19123.15625,-32762.765625,2026092703,coordinate_gauge,False
0.8943904638290405,True,20,0.0,1.0632352828979492,1.003524661064148,0.953241229057312,False,340223.09375,-24023.791015625,-495208.125,2026092703,coordinate_gauge,False
0.961567759513855,True,21,0.0,1.036027193069458,1.0039769411087036,0.9694350361824036,False,6821.4384765625,-20706.208984375,-33882.0703125,2026092703,coordinate_gauge,False
0.907684326171875,True,22,0.0,1.0590252876281738,1.003821611404419,0.9491246342658997,False,316734.96875,-7441.61328125,-62033.4609375,2026092703,coordinate_gauge,False
0.9492941498756409,True,23,0.0,1.0383884906768799,1.0042319297790527,0.9673617482185364,False,4123.5537109375,-21366.87109375,-36338.46875,2026092703,coordinate_gauge,False
0.9549239873886108,True,24,0.0,1.0396816730499268,1.004392147064209,0.9662624001502991,False,-6963.8095703125,-22616.11328125,-45163.51171875,2026092703,coordinate_gauge,False
0.9389699101448059,True,25,0.0,1.039040207862854,1.0044320821762085,0.9653263688087463,False,987.9216918945312,-20967.537109375,-32519.150390625,2026092703,coordinate_gauge,False
0.9103796482086182,True,26,0.0,1.039974570274353,1.0044093132019043,0.964012622833252,False,80134.7109375,-16936.75390625,-29278.1796875,2026092703,coordinate_gauge,False
0.9604656100273132,True,27,0.0,1.0380371809005737,1.0046312808990479,0.9629117250442505,False,-2886.341552734375,-18293.794921875,-26750.4453125,2026092703,coordinate_gauge,False
0.9628779888153076,True,28,0.0,1.0388637781143188,1.0047627687454224,0.9612281322479248,False,5241.52099609375,-19773.662109375,-27851.5078125,2026092703,coordinate_gauge,False
0.91078782081604,True,29,0.0,1.0534734725952148,1.0048032999038696,0.9598640203475952,False,7969.814453125,-21564.443359375,-87474.0,2026092703,coordinate_gauge,False
0.893451452255249,True,30,0.0,1.0749400854110718,1.0046747922897339,0.9391343593597412,False,287956.34375,-11799.7275390625,-39796.01953125,2026092703,coordinate_gauge,False
0.9498518705368042,True,31,0.0,1.0438363552093506,1.0050990581512451,0.9574454426765442,False,-7993.8583984375,-22338.884765625,-50201.921875,2026092703,coordinate_gauge,False
0.933292031288147,True,32,0.0,1.0437442064285278,1.0051422119140625,0.9562344551086426,False,-6982.650390625,-22082.08984375,-41774.5546875,2026092703,coordinate_gauge,False
0.9234974980354309,True,33,0.0,1.0427308082580566,1.0051980018615723,0.9548449516296387,False,-6680.83349609375,-21309.55859375,-30853.56640625,2026092703,coordinate_gauge,False
0.9542829990386963,True,34,0.0,1.0419890880584717,1.005324125289917,0.9537879228591919,False,237.56475830078125,-20587.77734375,-35409.3828125,2026092703,coordinate_gauge,False
0.913540244102478,True,35,0.0,1.041723370552063,1.0052369832992554,0.9528281092643738,False,31662.91796875,-18224.884765625,-30777.658203125,2026092703,coordinate_gauge,False
0.9396000504493713,True,36,0.0,1.044146180152893,1.0054279565811157,0.9525628089904785,False,17974.853515625,-20311.060546875,-43268.3203125,2026092703,coordinate_gauge,False
0.9222818613052368,True,37,0.0,1.0864723920822144,1.0051528215408325,0.9276467561721802,False,301528.3125,-6926.79248046875,-28723.763671875,2026092703,coordinate_gauge,False
0.9719793200492859,True,38,0.0,1.0427587032318115,1.0056575536727905,0.9505406022071838,False,-9307.919921875,-19907.326171875,-33970.46875,2026092703,coordinate_gauge,False
0.9149437546730042,True,39,0.0,1.0826177597045898,1.0057744979858398,0.9399974942207336,False,-6177.97802734375,-30534.962890625,-239235.171875,2026092703,coordinate_gauge,False
0.9648962616920471,True,40,0.0,1.041471242904663,1.0057786703109741,0.9477289319038391,False,7969.814453125,-19350.583984375,-29539.556640625,2026092703,coordinate_gauge,False
0.8988033533096313,True,41,0.0,1.0785188674926758,1.0054965019226074,0.9236143827438354,False,513705.09375,-4223.41552734375,-82312.4453125,2026092703,coordinate_gauge,False
0.9310615062713623,True,42,0.0,1.0481928586959839,1.0059059858322144,0.9453650116920471,False,3757.361083984375,-21590.248046875,-37051.51171875,2026092703,coordinate_gauge,False
0.9772788882255554,True,43,0.0,1.0423272848129272,1.0060709714889526,0.944675087928772,False,-7973.46826171875,-21126.318359375,-28440.416015625,2026092703,coordinate_gauge,False
0.8945805430412292,True,44,0.0,1.072977900505066,1.0056822299957275,0.9228065013885498,False,610782.0625,1953.571533203125,-41774.5546875,2026092703,coordinate_gauge,False
0.9290066361427307,True,45,0.0,1.0477514266967773,1.0061156749725342,0.9434337019920349,False,-10797.1416015625,-23307.23828125,-50201.921875,2026092703,coordinate_gauge,False
0.9399701356887817,True,46,0.0,1.04456627368927,1.00602388381958,0.9430312514305115,False,9106.84375,-16992.125,-33788.5546875,2026092703,coordinate_gauge,False
0.9605138897895813,True,47,0.0,1.0438450574874878,1.0061640739440918,0.9423903822898865,False,10867.70703125,-18418.546875,-29622.970703125,2026092703,coordinate_gauge,False
0.9042245745658875,True,48,0.0,1.108390212059021,1.0054761171340942,0.8970140814781189,False,546475.4375,15571.1025390625,-30000.626953125,2026092703,coordinate_gauge,False
0.9637549519538879,True,49,0.0,1.0503908395767212,1.0063834190368652,0.9413010478019714,False,-6604.048828125,-23662.05859375,-58558.69140625,2026092703,coordinate_gauge,False
0.9332131147384644,True,50,0.0,1.0552831888198853,1.006307601928711,0.9408960342407227,False,-9493.4501953125,-22386.83203125,-79863.625,2026092703,coordinate_gauge,False
0.9393694400787354,True,51,0.0,1.0461541414260864,1.0062999725341797,0.9404537677764893,False,-3323.251220703125,-19916.62890625,-37738.15625,2026092703,coordinate_gauge,False
0.9616608619689941,True,52,0.0,1.044398546218872,1.0063204765319824,0.9399716854095459,False,12103.640625,-16745.779296875,-27093.318359375,2026092703,coordinate_gauge,False
0.9465394020080566,True,53,0.0,1.045383095741272,1.0064181089401245,0.9390540719032288,False,-2.9366064071655273,-20612.12109375,-32996.24609375,2026092703,coordinate_gauge,False
0.9398141503334045,True,54,0.0,1.0523165464401245,1.0064247846603394,0.9384551048278809,False,31662.91796875,-20757.45703125,-31176.900390625,2026092703,coordinate_gauge,False
0.9479628801345825,True,55,0.0,1.048018455505371,1.0065052509307861,0.9380821585655212,False,-3438.49609375,-21777.05078125,-44515.421875,2026092703,coordinate_gauge,False
0.9279467463493347,True,56,0.0,1.0564712285995483,1.0064234733581543,0.937430739402771,False,3757.361083984375,-19488.857421875,-31720.90625,2026092703,coordinate_gauge,False
0.9586466550827026,True,57,0.0,1.0490567684173584,1.006591558456421,0.9367677569389343,False,6701.88330078125,-21154.48046875,-43078.2890625,2026092703,coordinate_gauge,False
0.9698894023895264,True,58,0.0,1.0486479997634888,1.0067063570022583,0.9358991980552673,False,-11823.4521484375,-22741.99609375,-40137.359375,2026092703,coordinate_gauge,False
0.9092869758605957,True,59,0.0,1.061501145362854,1.0065207481384277,0.9354843497276306,False,-10124.46484375,-21429.228515625,-45662.08203125,2026092703,coordinate_gauge,False
0.8848563432693481,True,60,0.0,1.1192076206207275,1.0057909488677979,0.8970503211021423,False,548236.375,11831.8017578125,-29705.599609375,2026092703,coordinate_gauge,False
0.9523892402648926,True,61,0.0,1.0469496250152588,1.0067384243011475,0.9342936277389526,False,-10433.357421875,-21876.138671875,-30770.0546875,2026092703,coordinate_gauge,False
0.9488447904586792,True,62,0.0,1.0460976362228394,1.0066475868225098,0.9336065053939819,False,-6635.19287109375,-18050.015625,-26639.080078125,2026092703,coordinate_gauge,False
0.9089359045028687,True,63,0.0,1.0555275678634644,1.0067143440246582,0.9327102899551392,False,-6826.421875,-23825.87109375,-65233.06640625,2026092703,coordinate_gauge,False
0.9670088887214661,True,64,0.0,1.0471519231796265,1.006803274154663,0.9323917627334595,False,12103.640625,-20148.6640625,-30833.705078125,2026092703,coordinate_gauge,False
0.9179528951644897,True,65,0.0,1.0697358846664429,1.0066856145858765,0.9321366548538208,False,110.16361999511719,-20980.7734375,-76897.1015625,2026092703,coordinate_gauge,False
0.9799820780754089,True,66,0.0,1.049946665763855,1.0069104433059692,0.9315770864486694,False,-2046.4583740234375,-20750.25,-43268.3203125,2026092703,coordinate_gauge,False
0.9528987407684326,True,67,0.0,1.0520178079605103,1.0069035291671753,0.9309494495391846,False,-4914.37841796875,-22978.673828125,-52282.3359375,2026092703,coordinate_gauge,False
0.9484224915504456,True,68,0.0,1.04744553565979,1.006892204284668,0.9307501316070557,False,-6426.328125,-22188.138671875,-30842.125,2026092703,coordinate_gauge,False
0.9344926476478577,True,69,0.0,1.0476460456848145,1.0068267583847046,0.9301217198371887,False,7840.19482421875,-20579.88671875,-34093.140625,2026092703,coordinate_gauge,False
0.9621225595474243,True,70,0.0,1.0468072891235352,1.0069282054901123,0.930439293384552,False,-3404.59814453125,-20573.802734375,-30806.6953125,2026092703,coordinate_gauge,False
0.9480611681938171,True,71,0.0,1.049202561378479,1.0068472623825073,0.9298296570777893,False,-5977.6064453125,-18813.568359375,-35483.5,2026092703,coordinate_gauge,False
0.9683793783187866,True,72,0.0,1.049898624420166,1.0070050954818726,0.929537832736969,False,-7389.79052734375,-21161.8359375,-35916.4453125,2026092703,coordinate_gauge,False
0.9060950875282288,True,73,0.0,1.0489611625671387,1.006707787513733,0.9290345311164856,False,4438.5517578125,-17470.71875,-28557.197265625,2026092703,coordinate_gauge,False
0.886897087097168,True,74,0.0,1.1213411092758179,1.0060533285140991,0.8956966400146484,False,324096.5,1608.7012939453125,-26907.22265625,2026092703,coordinate_gauge,False
0.9360791444778442,True,75,0.0,1.0493148565292358,1.0068780183792114,0.928401529788971,False,6821.4384765625,-19099.62109375,-37576.44140625,2026092703,coordinate_gauge,False
0.931236982345581,True,76,0.0,1.1329114437103271,1.0068702697753906,0.9056737422943115,False,-9992.3837890625,-38905.3046875,-495208.125,2026092703,coordinate_gauge,False
0.9389650225639343,True,77,0.0,1.1128939390182495,1.006404161453247,0.8915594816207886,False,495525.125,2448.26953125,-34195.4296875,2026092703,coordinate_gauge,False
0.9661523699760437,True,78,0.0,1.0492273569107056,1.007051944732666,0.928007960319519,False,-8909.4208984375,-20996.35546875,-33420.49609375,2026092703,coordinate_gauge,False
0.9297387599945068,True,79,0.0,1.0850576162338257,1.0070024728775024,0.9186813235282898,False,32602.0390625,-23618.283203125,-133544.21875,2026092703,coordinate_gauge,False
0.9001277089118958,True,80,0.0,1.1158859729766846,1.0066739320755005,0.9010855555534363,False,4889.22705078125,-43948.03515625,-613652.5625,2026092703,coordinate_gauge,False
0.9503906965255737,True,81,0.0,1.1297197341918945,1.0070756673812866,0.9057409167289734,False,6447.0673828125,-31109.609375,-324498.0,2026092703,coordinate_gauge,False
0.9508209824562073,True,82,0.0,1.0515118837356567,1.0070432424545288,0.9266903400421143,False,-7630.662109375,-21019.67578125,-39327.84765625,2026092703,coordinate_gauge,False
0.9521214365959167,True,83,0.0,1.061279296875,1.0071247816085815,0.9253450632095337,False,-2525.7099609375,-23375.697265625,-62276.09765625,2026092703,coordinate_gauge,False
0.9409968852996826,True,84,0.0,1.0511887073516846,1.0069087743759155,0.9258875846862793,False,11266.7890625,-17468.455078125,-30217.064453125,2026092703,coordinate_gauge,False
0.928592324256897,True,85,0.0,1.0506523847579956,1.0069832801818848,0.9259794354438782,False,-2431.294921875,-20588.490234375,-32741.87890625,2026092703,coordinate_gauge,False
0.9651089310646057,True,86,0.0,1.0540539026260376,1.0072218179702759,0.9250869750976562,False,-10577.212890625,-24058.87109375,-43341.37109375,2026092703,coordinate_gauge,False
0.9547818303108215,True,87,0.0,1.0513063669204712,1.0070439577102661,0.9253246784210205,False,-7140.830078125,-19400.46875,-30171.20703125,2026092703,coordinate_gauge,False
0.973456084728241,True,88,0.0,1.0511375665664673,1.0071240663528442,0.9253714084625244,False,347.2801208496094,-19696.37109375,-26695.916015625,2026092703,coordinate_gauge,False
0.9214325547218323,True,89,0.0,1.051612138748169,1.0069648027420044,0.9246472120285034,False,43237.8671875,-19849.384765625,-32993.421875,2026092703,coordinate_gauge,False
0.9334680438041687,True,90,0.0,1.0807586908340454,1.007174015045166,0.9087923169136047,False,21800.751953125,-25670.1171875,-131600.234375,2026092703,coordinate_gauge,False
0.9520027041435242,True,91,0.0,1.0534350872039795,1.0070322751998901,0.9240416288375854,False,1527.9034423828125,-18315.771484375,-35483.5,2026092703,coordinate_gauge,False
0.961372971534729,True,92,0.0,1.0543980598449707,1.007123589515686,0.923901379108429,False,-6266.02001953125,-19875.623046875,-31868.5234375,2026092703,coordinate_gauge,False
0.9311955571174622,True,93,0.0,1.0674726963043213,1.0070425271987915,0.9234500527381897,False,17285.845703125,-20572.515625,-28755.361328125,2026092703,coordinate_gauge,False
0.9555111527442932,True,94,0.0,1.052362084388733,1.007179617881775,0.9233843088150024,False,-11177.048828125,-22040.345703125,-32741.87890625,2026092703,coordinate_gauge,False
0.9407826066017151,True,95,0.0,1.0544463396072388,1.0070668458938599,0.9227026700973511,False,2556.7001953125,-20023.5625,-44515.421875,2026092703,coordinate_gauge,False
0.945489764213562,True,96,0.0,1.059876561164856,1.0070719718933105,0.9227041006088257,False,6009.21484375,-19693.96875,-53196.8359375,2026092703,coordinate_gauge,False
0.9391852021217346,True,97,0.0,1.0616868734359741,1.006985068321228,0.9202860593795776,False,31501.203125,-17613.919921875,-48869.21484375,2026092703,coordinate_gauge,False
0.918337881565094,True,98,0.0,1.069063425064087,1.006912112236023,0.9220403432846069,False,16835.875,-17338.68359375,-41248.7421875,2026092703,coordinate_gauge,False
0.9511994123458862,True,99,0.0,1.0557773113250732,1.007175087928772,0.9212167263031006,False,-10410.3310546875,-21558.36328125,-43928.8359375,2026092703,coordinate_gauge,False
0.9497454762458801,True,100,0.0,1.1326608657836914,1.0066864490509033,0.8820278644561768,False,324096.5,-6522.21826171875,-27605.982421875,2026092703,coordinate_gauge,False
0.9347774982452393,True,101,0.0,1.0538541078567505,1.0070550441741943,0.9207488298416138,False,-1533.65966796875,-19426.3125,-31072.857421875,2026092703,coordinate_gauge,False
0.9537011981010437,True,102,0.0,1.0539597272872925,1.0071487426757812,0.9202788472175598,False,-3438.49609375,-20189.134765625,-39322.83984375,2026092703,coordinate_gauge,False
0.9135128259658813,True,103,0.0,1.0639852285385132,1.007062554359436,0.9208853244781494,False,-10577.212890625,-21410.599609375,-57101.984375,2026092703,coordinate_gauge,False
0.9468598365783691,True,104,0.0,1.0567481517791748,1.0072003602981567,0.9194279313087463,False,-2525.7099609375,-22003.912109375,-50232.375,2026092703,coordinate_gauge,False
0.9632853269577026,True,105,0.0,1.054129958152771,1.0072461366653442,0.9196162819862366,False,6009.21484375,-21713.875,-35006.609375,2026092703,coordinate_gauge,False
0.9370319843292236,True,106,0.0,1.0774867534637451,1.0072014331817627,0.9178816676139832,False,-1380.5928955078125,-23194.83984375,-82153.78125,2026092703,coordinate_gauge,False
0.9385430812835693,True,107,0.0,1.0551851987838745,1.007169246673584,0.9191561937332153,False,-8025.57470703125,-21732.40234375,-38458.45703125,2026092703,coordinate_gauge,False
0.9260092377662659,True,108,0.0,1.0688447952270508,1.007049798965454,0.9157736301422119,False,18758.482421875,-19654.724609375,-74330.4609375,2026092703,coordinate_gauge,False
0.9359265565872192,True,109,0.0,1.139209270477295,1.0067470073699951,0.870758056640625,False,340223.09375,-8303.57421875,-40137.359375,2026092703,coordinate_gauge,False
0.9566095471382141,True,110,0.0,1.0536062717437744,1.0071978569030762,0.9192430377006531,False,-9467.212890625,-20576.96875,-28165.265625,2026092703,coordinate_gauge,False
0.9445047974586487,True,111,0.0,1.055463433265686,1.0071122646331787,0.9183623790740967,False,522.2033081054688,-19333.27734375,-37706.4921875,2026092703,coordinate_gauge,False
0.9453350305557251,True,112,0.0,1.0696125030517578,1.0072078704833984,0.9146751165390015,False,-6084.955078125,-22191.07421875,-74330.4609375,2026092703,coordinate_gauge,False
0.9340330362319946,True,113,0.0,1.0549577474594116,1.0070576667785645,0.9178749918937683,False,6821.4384765625,-18530.427734375,-35614.390625,2026092703,coordinate_gauge,False
0.9511111378669739,True,114,0.0,1.086045503616333,1.007078766822815,0.9184697270393372,False,76379.171875,-17743.828125,-38459.8046875,2026092703,coordinate_gauge,False
0.9611673951148987,True,115,0.0,1.0608011484146118,1.007301688194275,0.9172725677490234,False,-10787.494140625,-22991.71484375,-49581.94921875,2026092703,coordinate_gauge,False
0.9167840480804443,True,116,0.0,1.0597407817840576,1.007090449333191,0.9169595837593079,False,-2852.947021484375,-20868.390625,-39821.5546875,2026092703,coordinate_gauge,False
0.9400163292884827,True,117,0.0,1.1571145057678223,1.0071749687194824,0.8891189098358154,False,1258.375,-37195.77734375,-441772.3125,2026092703,coordinate_gauge,False
0.9529703855514526,True,118,0.0,1.0555393695831299,1.007175326347351,0.9165304899215698,False,237.56475830078125,-19618.37109375,-27891.439453125,2026092703,coordinate_gauge,False
0.939874529838562,True,119,0.0,1.0683515071868896,1.0072383880615234,0.909467339515686,False,-11209.9111328125,-22919.220703125,-73322.59375,2026092703,coordinate_gauge,False
0.9337683916091919,True,120,0.0,1.0753717422485352,1.0071007013320923,0.9160014390945435,False,36219.20703125,-19283.33203125,-28496.638671875,2026092703,coordinate_gauge,False
0.9163797497749329,True,121,0.0,1.1355148553848267,1.0067968368530273,0.880039393901825,False,240913.78125,-12402.462890625,-36000.35546875,2026092703,coordinate_gauge,False
0.953590452671051,True,122,0.0,1.0569599866867065,1.007193922996521,0.9153158068656921,False,-4181.39599609375,-19904.154296875,-31111.283203125,2026092703,coordinate_gauge,False
0.9579946398735046,True,123,0.0,1.0563347339630127,1.0072505474090576,0.9152426719665527,False,2556.7001953125,-21192.947265625,-31916.466796875,2026092703,coordinate_gauge,False
0.9446194767951965,True,124,0.0,1.0628308057785034,1.0072523355484009,0.9112482070922852,False,-3322.501708984375,-22544.8046875,-56897.69140625,2026092703,coordinate_gauge,False
0.9505922198295593,True,125,0.0,1.0590295791625977,1.0073150396347046,0.9148561954498291,False,-12076.6806640625,-23685.025390625,-47706.6484375,2026092703,coordinate_gauge,False
0.9219160676002502,True,126,0.0,1.0746022462844849,1.0069983005523682,0.9148982763290405,False,17285.845703125,-17171.748046875,-32104.400390625,2026092703,coordinate_gauge,False
0.955092191696167,True,127,0.0,1.056645393371582,1.0072740316390991,0.9145280718803406,False,-6509.62109375,-21927.9296875,-39322.83984375,2026092703,coordinate_gauge,False
0.9585217237472534,True,128,0.0,1.0777156352996826,1.0073351860046387,0.9016680121421814,False,-3754.478515625,-23770.486328125,-92520.2890625,2026092703,coordinate_gauge,False
0.9696137309074402,True,129,0.0,1.057031273841858,1.0072699785232544,0.9138990640640259,False,2607.862548828125,-20384.3046875,-28980.806640625,2026092703,coordinate_gauge,False
0.9134118556976318,True,130,0.0,1.157877802848816,1.0067466497421265,0.8569912314414978,False,546475.4375,-145.10826110839844,-39821.5546875,2026092703,coordinate_gauge,False
0.9410825967788696,True,131,0.0,1.084464430809021,1.0071203708648682,0.9012370109558105,False,94218.25,-19497.228515625,-92520.2890625,2026092703,coordinate_gauge,False
0.9047547578811646,True,132,0.0,1.0818424224853516,1.0072423219680786,0.9006819725036621,False,-6084.955078125,-26390.568359375,-98425.5,2026092703,coordinate_gauge,False
0.9106733202934265,True,133,0.0,1.153684139251709,1.0069106817245483,0.8721916079521179,False,-7752.93310546875,-44525.50390625,-620865.25,2026092703,coordinate_gauge,False
0.9215471744537354,True,134,0.0,1.0787235498428345,1.00705087184906,0.9139550924301147,False,31729.732421875,-18562.8515625,-29675.263671875,2026092703,coordinate_gauge,False
0.9518032670021057,True,135,0.0,1.0701380968093872,1.0071218013763428,0.91087806224823,False,13033.869140625,-17861.978515625,-65233.06640625,2026092703,coordinate_gauge,False
0.9466478824615479,True,136,0.0,1.1400359869003296,1.006870985031128,0.8718441724777222,False,324096.5,-10237.7607421875,-55276.02734375,2026092703,coordinate_gauge,False
0.9506399035453796,True,137,0.0,1.0578830242156982,1.0072110891342163,0.9123628735542297,False,-3905.421875,-20336.451171875,-33310.9453125,2026092703,coordinate_gauge,False
0.9492650032043457,True,138,0.0,1.0582189559936523,1.0071908235549927,0.9118930101394653,False,10365.8076171875,-19946.927734375,-37551.91015625,2026092703,coordinate_gauge,False
0.9368087649345398,True,139,0.0,1.0571491718292236,1.007097840309143,0.912267804145813,False,18758.482421875,-18323.59375,-31365.44921875,2026092703,coordinate_gauge,False
0.9549331665039062,True,140,0.0,1.0615516901016235,1.007267713546753,0.9122120141983032,False,-8326.3857421875,-21494.97265625,-44376.625,2026092703,coordinate_gauge,False
0.9562182426452637,True,141,0.0,1.0631873607635498,1.007336974143982,0.9119564294815063,False,-10335.7861328125,-23419.8984375,-49581.94921875,2026092703,coordinate_gauge,False
0.9456341862678528,True,142,0.0,1.0685138702392578,1.0072734355926514,0.9114670753479004,False,-4009.08740234375,-22678.537109375,-57898.80078125,2026092703,coordinate_gauge,False
0.9722180962562561,True,143,0.0,1.0576711893081665,1.0073224306106567,0.9115485548973083,False,-10192.083984375,-21358.62890625,-28316.205078125,2026092703,coordinate_gauge,False
0.9137375950813293,True,144,0.0,1.1479322910308838,1.0068893432617188,0.8829706907272339,False,-11618.2294921875,-42910.89453125,-613652.5625,2026092703,coordinate_gauge,False
0.9482975006103516,True,145,0.0,1.0630689859390259,1.00721275806427,0.9076732397079468,False,1469.447265625,-20560.513671875,-55354.359375,2026092703,coordinate_gauge,False
0.949996829032898,True,146,0.0,1.0578296184539795,1.007197618484497,0.9112575054168701,False,-1236.0029296875,-19862.48828125,-32762.765625,2026092703,coordinate_gauge,False
0.9081931114196777,True,147,0.0,1.1646144390106201,1.0071502923965454,0.8836485147476196,False,-8336.345703125,-44562.63671875,-441772.3125,2026092703,coordinate_gauge,False
0.9396079182624817,True,148,0.0,1.085404634475708,1.007168173789978,0.9112594127655029,False,-2585.077392578125,-20194.318359375,-70133.3125,2026092703,coordinate_gauge,False
0.8993363380432129,True,149,0.0,1.1617965698242188,1.0063976049423218,0.8552424311637878,False,548236.375,9589.0546875,-47706.6484375,2026092703,coordinate_gauge,False
0.9508190751075745,True,150,0.0,1.0578516721725464,1.0072250366210938,0.9109387993812561,False,-8452.7021484375,-20584.921875,-29433.8203125,2026092703,coordinate_gauge,False
0.9655405879020691,True,151,0.0,1.0731391906738281,1.007311224937439,0.901324450969696,False,2653.55224609375,-21952.916015625,-82312.4453125,2026092703,coordinate_gauge,False
0.9218180775642395,True,152,0.0,1.0651662349700928,1.007214903831482,0.9068352580070496,False,1443.2974853515625,-23251.0234375,-60893.7421875,2026092703,coordinate_gauge,False
0.9346693158149719,True,153,0.0,1.0609099864959717,1.0072529315948486,0.9106966257095337,False,-11823.4521484375,-22994.201171875,-40223.77734375,2026092703,coordinate_gauge,False
0.9377548694610596,True,154,0.0,1.058241367340088,1.0070841312408447,0.9113207459449768,False,-3203.535888671875,-17704.390625,-24311.31640625,2026092703,coordinate_gauge,False
0.8912664651870728,True,155,0.0,1.1460559368133545,1.006619930267334,0.8632605075836182,False,287956.34375,-8884.076171875,-76566.8359375,2026092703,coordinate_gauge,False
0.9498269557952881,True,156,0.0,1.085876703262329,1.0070692300796509,0.9104994535446167,False,94218.25,-16621.6875,-27674.712890625,2026092703,coordinate_gauge,False
0.977530837059021,True,157,0.0,1.0580931901931763,1.0072709321975708,0.9102846384048462,False,-9654.302734375,-19374.107421875,-29622.970703125,2026092703,coordinate_gauge,False
0.9367775917053223,True,158,0.0,1.0591721534729004,1.0071778297424316,0.909661591053009,False,11266.7890625,-20699.294921875,-40857.60546875,2026092703,coordinate_gauge,False
0.9259870052337646,True,159,0.0,1.0695427656173706,1.007127046585083,0.9095659255981445,False,-6355.6923828125,-20260.3046875,-44515.421875,2026092703,coordinate_gauge,False
0.9371418952941895,True,160,0.0,1.083009958267212,1.007266640663147,0.8943932056427002,False,-8304.931640625,-23826.6171875,-103039.71875,2026092703,coordinate_gauge,False
0.9516720771789551,True,161,0.0,1.0655007362365723,1.0073144435882568,0.9045137763023376,False,-7170.3935546875,-23395.755859375,-60279.8671875,2026092703,coordinate_gauge,False
0.9491215348243713,True,162,0.0,1.0613112449645996,1.0071748495101929,0.9100502729415894,False,-8875.7548828125,-19391.3515625,-41000.828125,2026092703,coordinate_gauge,False
0.9504324197769165,True,163,0.0,1.0582160949707031,1.007225513458252,0.9107446670532227,False,-6094.81787109375,-20771.818359375,-32651.388671875,2026092703,coordinate_gauge,False
0.9522380828857422,True,164,0.0,1.058843970298767,1.0073184967041016,0.9099423885345459,False,-9054.1015625,-23365.302734375,-37797.390625,2026092703,coordinate_gauge,False
0.911273717880249,True,165,0.0,1.1504894495010376,1.00686514377594,0.8810203075408936,False,-5404.8408203125,-42786.765625,-613652.5625,2026092703,coordinate_gauge,False
0.9672327637672424,True,166,0.0,1.0582661628723145,1.007241129875183,0.9103553295135498,False,-11914.537109375,-19649.77734375,-29420.94140625,2026092703,coordinate_gauge,False
0.9514171481132507,True,167,0.0,1.074224829673767,1.007292628288269,0.9036459922790527,False,-8530.3583984375,-22952.955078125,-74330.4609375,2026092703,coordinate_gauge,False
0.9468784332275391,True,168,0.0,1.0583765506744385,1.0071545839309692,0.9096418619155884,False,2556.7001953125,-19083.451171875,-28967.576171875,2026092703,coordinate_gauge,False
0.9161442518234253,True,169,0.0,1.1590150594711304,1.006710410118103,0.8660088777542114,False,605984.3125,4939.966796875,-27844.7734375,2026092703,coordinate_gauge,False
0.9432809352874756,True,170,0.0,1.0908945798873901,1.0073323249816895,0.891321063041687,False,-6415.693359375,-25585.13671875,-124212.578125,2026092703,coordinate_gauge,False
0.899947464466095,True,171,0.0,1.0826308727264404,1.007124662399292,0.9093954563140869,False,5021.69384765625,-22965.947265625,-52980.5234375,2026092703,coordinate_gauge,False
0.9594697952270508,True,172,0.0,1.06267511844635,1.0072537660598755,0.9095983505249023,False,-8088.1474609375,-20822.912109375,-34893.20703125,2026092703,coordinate_gauge,False
0.9130666255950928,True,173,0.0,1.0860838890075684,1.0070908069610596,0.9095423817634583,False,1467.06298828125,-20566.7265625,-36713.3046875,2026092703,coordinate_gauge,False
0.939360499382019,True,174,0.0,1.0656630992889404,1.0071443319320679,0.9044826626777649,False,10546.5185546875,-19704.068359375,-61707.54296875,2026092703,coordinate_gauge,False
0.9776352643966675,True,175,0.0,1.0587821006774902,1.0073107481002808,0.9091742038726807,False,-11005.2294921875,-20709.5546875,-28415.552734375,2026092703,coordinate_gauge,False
0.946922779083252,True,176,0.0,1.1497784852981567,1.006709337234497,0.8674906492233276,False,498987.40625,981.5391235351562,-28988.177734375,2026092703,coordinate_gauge,False
0.9398570656776428,True,177,0.0,1.148224949836731,1.006812572479248,0.8608066439628601,False,340223.09375,-8664.357421875,-29420.94140625,2026092703,coordinate_gauge,False
0.9527701139450073,True,178,0.0,1.0853058099746704,1.0072851181030273,0.8921553492546082,False,-1079.551025390625,-23029.0546875,-109689.734375,2026092703,coordinate_gauge,False
0.8925630450248718,True,179,0.0,1.1505241394042969,1.0063567161560059,0.8663280606269836,False,495525.125,5505.6220703125,-33618.08984375,2026092703,coordinate_gauge,False
0.9150525331497192,True,180,0.0,1.0744616985321045,1.0070682764053345,0.909462571144104,False,-11745.96875,-19688.95703125,-42869.23828125,2026092703,coordinate_gauge,False
0.9563378095626831,True,181,0.0,1.0585637092590332,1.0072028636932373,0.9091939330101013,False,-3660.69873046875,-19593.228515625,-27735.853515625,2026092703,coordinate_gauge,False
0.9077305793762207,True,182,0.0,1.1082295179367065,1.006868600845337,0.9091434478759766,False,98894.34375,-15022.6171875,-36339.27734375,2026092703,coordinate_gauge,False
0.9763242602348328,True,183,0.0,1.0589854717254639,1.0073193311691284,0.9089367985725403,False,-9155.4140625,-21087.8359375,-28907.662109375,2026092703,coordinate_gauge,False
0.9466009140014648,True,184,0.0,1.059478759765625,1.0072182416915894,0.9090229272842407,False,-4335.9990234375,-21008.05859375,-33240.01953125,2026092703,coordinate_gauge,False
0.8769795298576355,True,185,0.0,1.1661919355392456,1.0065929889678955,0.853102445602417,False,316734.96875,-20072.49609375,-365337.53125,2026092703,coordinate_gauge,False
0.9295481443405151,True,186,0.0,1.0713753700256348,1.0071409940719604,0.9092651009559631,False,31501.203125,-20512.998046875,-33158.35546875,2026092703,coordinate_gauge,False
0.9674650430679321,True,187,0.0,1.0587215423583984,1.0073058605194092,0.9089876413345337,False,-10038.1875,-21557.255859375,-30853.56640625,2026092703,coordinate_gauge,False
0.9371926784515381,True,188,0.0,1.072594165802002,1.0071842670440674,0.9088208675384521,False,-8440.087890625,-20987.849609375,-41108.08984375,2026092703,coordinate_gauge,False
0.9395173788070679,True,189,0.0,1.0598682165145874,1.0071616172790527,0.9079249501228333,False,-4584.92333984375,-20080.169921875,-45146.75,2026092703,coordinate_gauge,False
0.9756608009338379,True,190,0.0,1.0589196681976318,1.0072911977767944,0.9088727831840515,False,-8534.7607421875,-20362.541015625,-34772.42578125,2026092703,coordinate_gauge,False
0.9165676832199097,True,191,0.0,1.1663867235183716,1.0065118074417114,0.8414161205291748,False,418192.15625,244.7522430419922,-35614.390625,2026092703,coordinate_gauge,False
0.9292742609977722,True,192,0.0,1.1069674491882324,1.007328748703003,0.8942090272903442,False,-5691.66796875,-27385.83203125,-133544.21875,2026092703,coordinate_gauge,False
0.9803525805473328,True,193,0.0,1.0585038661956787,1.0073567628860474,0.909107506275177,False,-7917.77099609375,-21818.365234375,-27853.98828125,2026092703,coordinate_gauge,False
0.9425315856933594,True,194,0.0,1.1546854972839355,1.0067859888076782,0.8529956936836243,False,316734.96875,-8049.591796875,-27326.693359375,2026092703,coordinate_gauge,False
0.9402197599411011,True,195,0.0,1.0640807151794434,1.007162094116211,0.9092453122138977,False,4438.5517578125,-20009.232421875,-29147.033203125,2026092703,coordinate_gauge,False
0.8935678005218506,True,196,0.0,1.1508188247680664,1.006442666053772,0.8661454916000366,False,495525.125,3030.03369140625,-74216.171875,2026092703,coordinate_gauge,False
0.9387944340705872,True,197,0.0,1.0591340065002441,1.0071203708648682,0.9087738990783691,False,1469.447265625,-18942.65625,-40223.77734375,2026092703,coordinate_gauge,False
0.9175053238868713,True,198,0.0,1.1720166206359863,1.0071461200714111,0.8766405582427979,False,110.16361999511719,-35696.578125,-405687.8125,2026092703,coordinate_gauge,False
0.9432772397994995,True,199,0.0,1.0585495233535767,1.0071731805801392,0.9090291261672974,False,2958.46826171875,-20046.134765625,-31298.62109375,2026092703,coordinate_gauge,False
0.9561159014701843,True,200,0.0,1.0585973262786865,1.0073086023330688,0.9092357158660889,False,-8455.771484375,-22783.8515625,-34893.20703125,2026092703,coordinate_gauge,False
0.9489465951919556,True,1,0.0,1.0050373077392578,1.0001519918441772,0.9961444139480591,False,-5900.02587890625,-41168.46484375,-608281.125,2026092704,coordinate_equivariant,False
0.9568460583686829,True,2,0.0,1.0046731233596802,1.0004668235778809,0.9971298575401306,False,8400.916015625,-23168.693359375,-65700.90625,2026092704,coordinate_equivariant,False
0.9214732646942139,True,3,0.0,1.0078296661376953,1.0007309913635254,0.9912257194519043,False,332660.6875,-5277.29638671875,-34250.828125,2026092704,coordinate_equivariant,False
0.9421459436416626,True,4,0.0,1.006899118423462,1.0010864734649658,0.9916535019874573,False,1550.9083251953125,-19450.041015625,-27416.01953125,2026092704,coordinate_equivariant,False
0.9064803123474121,True,5,0.0,1.0201025009155273,1.0013694763183594,0.9852903485298157,False,56576.859375,-36116.9375,-510346.40625,2026092704,coordinate_equivariant,False
0.9624487161636353,True,6,0.0,1.010756015777588,1.0016568899154663,0.9866123199462891,False,-2238.48681640625,-21915.36328125,-42171.78515625,2026092704,coordinate_equivariant,False
0.9471898078918457,True,7,0.0,1.0118896961212158,1.0018925666809082,0.9849294424057007,False,18758.482421875,-19570.62109375,-29987.7890625,2026092704,coordinate_equivariant,False
0.9560108780860901,True,8,0.0,1.013450026512146,1.002119541168213,0.9831668138504028,False,-1380.5928955078125,-19899.712890625,-34440.5703125,2026092704,coordinate_equivariant,False
0.9466580152511597,True,9,0.0,1.0188809633255005,1.0022906064987183,0.9811953902244568,False,498987.40625,-1762.00732421875,-47926.7578125,2026092704,coordinate_equivariant,False
0.9457264542579651,True,10,0.0,1.0397982597351074,1.0026646852493286,0.9758201241493225,False,-11282.8271484375,-34004.328125,-365337.53125,2026092704,coordinate_equivariant,False
0.937248706817627,True,11,0.0,1.0175827741622925,1.0027858018875122,0.9781835079193115,False,9106.84375,-18994.427734375,-46213.8828125,2026092704,coordinate_equivariant,False
0.9530123472213745,True,12,0.0,1.0223286151885986,1.0030040740966797,0.9727632403373718,False,13072.7353515625,-21380.556640625,-102144.546875,2026092704,coordinate_equivariant,False
0.9548130631446838,True,13,0.0,1.0197503566741943,1.003175139427185,0.9765720963478088,False,-10945.4677734375,-20845.75390625,-28623.099609375,2026092704,coordinate_equivariant,False
0.9219727516174316,True,14,0.0,1.0210453271865845,1.0033537149429321,0.9747114777565002,False,-104.57867431640625,-19818.982421875,-37475.38671875,2026092704,coordinate_equivariant,False
0.9174398183822632,True,15,0.0,1.0417592525482178,1.0035508871078491,0.971944272518158,False,610782.0625,-610.8783569335938,-40250.27734375,2026092704,coordinate_equivariant,False
0.9073488712310791,True,16,0.0,1.0298575162887573,1.0037018060684204,0.9701894521713257,False,73236.765625,-17913.03125,-47565.9453125,2026092704,coordinate_equivariant,False
0.9564533233642578,True,17,0.0,1.026375651359558,1.0038886070251465,0.968147337436676,False,17683.70703125,-19403.138671875,-33970.46875,2026092704,coordinate_equivariant,False
0.9241058826446533,True,18,0.0,1.0277091264724731,1.0040658712387085,0.9661803245544434,False,17683.70703125,-19543.197265625,-31272.3828125,2026092704,coordinate_equivariant,False
0.9663524627685547,True,19,0.0,1.027706503868103,1.0042461156845093,0.9643009901046753,False,-10401.033203125,-20649.294921875,-27891.439453125,2026092704,coordinate_equivariant,False
0.9265356063842773,True,20,0.0,1.0405383110046387,1.0044366121292114,0.949161171913147,False,446.507568359375,-23702.17578125,-164209.78125,2026092704,coordinate_equivariant,False
0.9533162117004395,True,21,0.0,1.0302094221115112,1.004517912864685,0.9586915373802185,False,826.6701049804688,-18670.623046875,-45146.75,2026092704,coordinate_equivariant,False
0.9375617504119873,True,22,0.0,1.031370997428894,1.0046981573104858,0.9587302207946777,False,237.56475830078125,-19768.171875,-31176.900390625,2026092704,coordinate_equivariant,False
0.9372155666351318,True,23,0.0,1.030830979347229,1.0047461986541748,0.9573239088058472,False,94212.703125,-14685.759765625,-30618.25,2026092704,coordinate_equivariant,False
0.9674328565597534,True,24,0.0,1.0317707061767578,1.004962682723999,0.9555890560150146,False,1258.375,-18689.36328125,-30556.00390625,2026092704,coordinate_equivariant,False
0.9452726244926453,True,25,0.0,1.0356744527816772,1.0051528215408325,0.9490957260131836,False,-2046.4583740234375,-21387.791015625,-58938.87890625,2026092704,coordinate_equivariant,False
0.9410405158996582,True,26,0.0,1.035593867301941,1.0052753686904907,0.9508500099182129,False,-7447.1357421875,-21022.33203125,-38348.2734375,2026092704,coordinate_equivariant,False
0.9012923240661621,True,27,0.0,1.043352723121643,1.0054471492767334,0.9455516338348389,False,-4732.046875,-22863.755859375,-59379.375,2026092704,coordinate_equivariant,False
0.9274700880050659,True,28,0.0,1.0355525016784668,1.005475640296936,0.9482691884040833,False,17974.853515625,-18979.18359375,-35108.05859375,2026092704,coordinate_equivariant,False
0.9428561925888062,True,29,0.0,1.0374829769134521,1.0056047439575195,0.9444544911384583,False,-3754.478515625,-19457.63671875,-45254.1953125,2026092704,coordinate_equivariant,False
0.9643478989601135,True,30,0.0,1.0379914045333862,1.0057555437088013,0.9455155730247498,False,-10600.1240234375,-20610.478515625,-29567.28125,2026092704,coordinate_equivariant,False
0.9775248169898987,True,31,0.0,1.0366764068603516,1.0058672428131104,0.9432716965675354,False,-8033.87158203125,-20917.05859375,-31675.634765625,2026092704,coordinate_equivariant,False
0.9339850544929504,True,32,0.0,1.0392310619354248,1.0060195922851562,0.9406324028968811,False,-11835.46875,-22075.330078125,-37692.02734375,2026092704,coordinate_equivariant,False
0.9688818454742432,True,33,0.0,1.0394871234893799,1.0060839653015137,0.9389076232910156,False,-2886.341552734375,-20660.11328125,-37551.91015625,2026092704,coordinate_equivariant,False
0.9596244692802429,True,34,0.0,1.039413571357727,1.0061564445495605,0.9391728639602661,False,6821.4384765625,-18979.904296875,-29539.556640625,2026092704,coordinate_equivariant,False
0.9378958344459534,True,35,0.0,1.0535569190979004,1.006332278251648,0.9258646368980408,False,-6355.6923828125,-21853.486328125,-76897.1015625,2026092704,coordinate_equivariant,False
0.9410489201545715,True,36,0.0,1.0449771881103516,1.0064321756362915,0.9274709820747375,False,-5346.9873046875,-21782.75390625,-73322.59375,2026092704,coordinate_equivariant,False
0.9440169334411621,True,37,0.0,1.040876030921936,1.006402850151062,0.934939980506897,False,486.135009765625,-16951.71484375,-29544.7734375,2026092704,coordinate_equivariant,False
0.9095011949539185,True,38,0.0,1.0738855600357056,1.006680965423584,0.8993845582008362,False,31729.732421875,-25955.845703125,-239235.171875,2026092704,coordinate_equivariant,False
0.8948284387588501,True,39,0.0,1.085613489151001,1.006714940071106,0.917860209941864,False,46613.1640625,-37466.4296875,-533549.3125,2026092704,coordinate_equivariant,False
0.9519115686416626,True,40,0.0,1.0427649021148682,1.006777286529541,0.9308921098709106,False,987.9216918945312,-20996.8984375,-29547.966796875,2026092704,coordinate_equivariant,False
0.9708172678947449,True,41,0.0,1.0446304082870483,1.0068806409835815,0.925316333770752,False,7840.19482421875,-21959.916015625,-48081.94140625,2026092704,coordinate_equivariant,False
0.9392304420471191,True,42,0.0,1.0439939498901367,1.006899118423462,0.9286324381828308,False,13033.869140625,-18703.046875,-27683.4921875,2026092704,coordinate_equivariant,False
0.9136293530464172,True,43,0.0,1.0596110820770264,1.007024884223938,0.9051920771598816,False,113612.78125,-19521.728515625,-131600.234375,2026092704,coordinate_equivariant,False
0.9227917790412903,True,44,0.0,1.047576904296875,1.0071295499801636,0.9223671555519104,False,12034.052734375,-20128.01953125,-42869.23828125,2026092704,coordinate_equivariant,False
0.9307869672775269,True,45,0.0,1.0460470914840698,1.007200837135315,0.9229392409324646,False,-629.9263916015625,-20262.16015625,-40604.359375,2026092704,coordinate_equivariant,False
0.9443107843399048,True,46,0.0,1.046473503112793,1.007290005683899,0.9234528541564941,False,-4335.9990234375,-20974.26953125,-32664.34765625,2026092704,coordinate_equivariant,False
0.9584136605262756,True,47,0.0,1.0475448369979858,1.0073192119598389,0.9219483137130737,False,46613.1640625,-19466.587890625,-34008.86328125,2026092704,coordinate_equivariant,False
0.945408046245575,True,48,0.0,1.046115517616272,1.007305383682251,0.9213791489601135,False,100366.859375,-15818.431640625,-32204.158203125,2026092704,coordinate_equivariant,False
0.9473848938941956,True,49,0.0,1.0502547025680542,1.0075433254241943,0.9158486127853394,False,-11005.2294921875,-22069.904296875,-47424.48046875,2026092704,coordinate_equivariant,False
0.9537094831466675,True,50,0.0,1.0489439964294434,1.0075441598892212,0.9210524559020996,False,-4808.4638671875,-19753.134765625,-27781.04296875,2026092704,coordinate_equivariant,False
0.937004566192627,True,51,0.0,1.0626604557037354,1.0076991319656372,0.9104259014129639,False,-12478.8017578125,-22680.025390625,-57898.80078125,2026092704,coordinate_equivariant,False
0.9600952863693237,True,52,0.0,1.051457405090332,1.0077095031738281,0.9148180484771729,False,-9054.1015625,-21618.666015625,-45744.2421875,2026092704,coordinate_equivariant,False
0.9496173858642578,True,53,0.0,1.0491523742675781,1.0077540874481201,0.9185042381286621,False,-1533.65966796875,-20743.859375,-28669.541015625,2026092704,coordinate_equivariant,False
0.9414079189300537,True,54,0.0,1.0525144338607788,1.0078580379486084,0.9124430418014526,False,-9017.068359375,-22269.4609375,-48081.94140625,2026092704,coordinate_equivariant,False
0.9604805707931519,True,55,0.0,1.051108717918396,1.0078777074813843,0.9164981842041016,False,-8327.6748046875,-21525.11328125,-28914.44140625,2026092704,coordinate_equivariant,False
0.9643093943595886,True,56,0.0,1.0503456592559814,1.0078954696655273,0.9154966473579407,False,-4971.611328125,-20403.40625,-33914.6171875,2026092704,coordinate_equivariant,False
0.9516091346740723,True,57,0.0,1.0513639450073242,1.0080150365829468,0.9151900410652161,False,1759.846435546875,-22368.02734375,-32883.0390625,2026092704,coordinate_equivariant,False
0.9541271328926086,True,58,0.0,1.0663752555847168,1.0078538656234741,0.9165220856666565,False,498987.40625,-1562.76513671875,-29124.5703125,2026092704,coordinate_equivariant,False
0.9718054533004761,True,59,0.0,1.0555541515350342,1.0081260204315186,0.9075204133987427,False,-7396.4951171875,-23103.138671875,-56897.69140625,2026092704,coordinate_equivariant,False
0.9542528390884399,True,60,0.0,1.0529283285140991,1.0081173181533813,0.9151286482810974,False,11266.7890625,-20077.28125,-27997.3125,2026092704,coordinate_equivariant,False
0.9578946232795715,True,61,0.0,1.054377555847168,1.0082265138626099,0.910590410232544,False,-1819.9215087890625,-22333.51953125,-38459.8046875,2026092704,coordinate_equivariant,False
0.9694507122039795,True,62,0.0,1.0527068376541138,1.008187174797058,0.9139960408210754,False,-1819.9215087890625,-19676.56640625,-27064.26171875,2026092704,coordinate_equivariant,False
0.973244309425354,True,63,0.0,1.0575233697891235,1.008299708366394,0.9070218801498413,False,-12009.2587890625,-22139.126953125,-42869.23828125,2026092704,coordinate_equivariant,False
0.9571111798286438,True,64,0.0,1.0601418018341064,1.008352518081665,0.901909351348877,False,19712.8359375,-21657.005859375,-61707.54296875,2026092704,coordinate_equivariant,False
0.9153835773468018,True,65,0.0,1.062967300415039,1.0082371234893799,0.9046881794929504,False,316734.96875,-10173.0986328125,-35974.20703125,2026092704,coordinate_equivariant,False
0.9664002060890198,True,66,0.0,1.061005711555481,1.0084385871887207,0.9021598696708679,False,-7068.10302734375,-21889.755859375,-53712.5234375,2026092704,coordinate_equivariant,False
0.9523671865463257,True,67,0.0,1.0595818758010864,1.008484959602356,0.9049535393714905,False,486.135009765625,-21432.53125,-41055.609375,2026092704,coordinate_equivariant,False
0.9290246963500977,True,68,0.0,1.0596884489059448,1.0084443092346191,0.906984806060791,False,-5404.8408203125,-17659.00390625,-28557.197265625,2026092704,coordinate_equivariant,False
0.9091763496398926,True,69,0.0,1.098083257675171,1.0085936784744263,0.898418664932251,False,605984.3125,144.65960693359375,-40250.27734375,2026092704,coordinate_equivariant,False
0.9236422181129456,True,70,0.0,1.0712592601776123,1.0084513425827026,0.9055810570716858,False,495525.125,-1737.1273193359375,-36339.27734375,2026092704,coordinate_equivariant,False
0.9708058834075928,True,71,0.0,1.0616596937179565,1.0085822343826294,0.9013697504997253,False,-5956.76904296875,-20284.5078125,-46646.1171875,2026092704,coordinate_equivariant,False
0.9556446075439453,True,72,0.0,1.0594942569732666,1.008641004562378,0.9042163491249084,False,588.2970581054688,-20455.109375,-43977.8828125,2026092704,coordinate_equivariant,False
0.9457716941833496,True,73,0.0,1.0590014457702637,1.008691668510437,0.9023352861404419,False,19712.8359375,-20421.083984375,-48869.21484375,2026092704,coordinate_equivariant,False
0.9342103004455566,True,74,0.0,1.0590527057647705,1.0086458921432495,0.9050527811050415,False,12034.052734375,-17160.6484375,-39015.15234375,2026092704,coordinate_equivariant,False
0.9172473549842834,True,75,0.0,1.1044570207595825,1.0090205669403076,0.8571921586990356,False,8400.916015625,-30742.724609375,-269732.53125,2026092704,coordinate_equivariant,False
0.9629532694816589,True,76,0.0,1.055836796760559,1.008732557296753,0.9088791608810425,False,32602.0390625,-19073.619140625,-28561.927734375,2026092704,coordinate_equivariant,False
0.9562126994132996,True,77,0.0,1.0688011646270752,1.008917212486267,0.888769268989563,False,-5404.8408203125,-24083.529296875,-92520.2890625,2026092704,coordinate_equivariant,False
0.9736654162406921,True,78,0.0,1.056986689567566,1.00885009765625,0.9057535529136658,False,-9724.7998046875,-21457.685546875,-30103.39453125,2026092704,coordinate_equivariant,False
0.9089205861091614,True,79,0.0,1.1073347330093384,1.0087753534317017,0.8827395439147949,False,418192.15625,-28295.416015625,-620865.25,2026092704,coordinate_equivariant,False
0.93275386095047,True,80,0.0,1.1051559448242188,1.0089329481124878,0.8843291401863098,False,2788.489501953125,-41133.796875,-608281.125,2026092704,coordinate_equivariant,False
0.924375057220459,True,81,0.0,1.076931357383728,1.0089547634124756,0.893466055393219,False,-5019.873046875,-19294.9921875,-31802.353515625,2026092704,coordinate_equivariant,False
0.9408432245254517,True,82,0.0,1.0928196907043457,1.00910222530365,0.8679168224334717,False,-4887.41845703125,-25028.876953125,-136846.234375,2026092704,coordinate_equivariant,False
0.958859920501709,True,83,0.0,1.0610442161560059,1.0090100765228271,0.9027801156044006,False,-8452.7021484375,-20913.634765625,-37797.390625,2026092704,coordinate_equivariant,False
0.9446430206298828,True,84,0.0,1.0662471055984497,1.009069561958313,0.9021017551422119,False,6821.4384765625,-21276.98046875,-34989.17578125,2026092704,coordinate_equivariant,False
0.9547905921936035,True,85,0.0,1.0610642433166504,1.0090495347976685,0.9025876522064209,False,-6092.92578125,-20412.58984375,-30842.125,2026092704,coordinate_equivariant,False
0.8982082009315491,True,86,0.0,1.081532597541809,1.0091623067855835,0.8839925527572632,False,-1533.65966796875,-20926.92578125,-59379.375,2026092704,coordinate_equivariant,False
0.936829686164856,True,87,0.0,1.0702948570251465,1.0091047286987305,0.8971742987632751,False,3515.373291015625,-20383.67578125,-48081.94140625,2026092704,coordinate_equivariant,False
0.961821436882019,True,88,0.0,1.066136360168457,1.0091702938079834,0.8976242542266846,False,-9736.5244140625,-23300.18359375,-44515.421875,2026092704,coordinate_equivariant,False
0.8963989019393921,True,89,0.0,1.0660501718521118,1.0091187953948975,0.9007254242897034,False,17683.70703125,-17906.046875,-28337.79296875,2026092704,coordinate_equivariant,False
0.9409177303314209,True,90,0.0,1.064632773399353,1.0091279745101929,0.8985302448272705,False,1550.9083251953125,-19909.787109375,-33956.02734375,2026092704,coordinate_equivariant,False
0.9573101997375488,True,91,0.0,1.0619595050811768,1.0091441869735718,0.9019222259521484,False,-6656.703125,-20676.005859375,-29424.703125,2026092704,coordinate_equivariant,False
0.9664943218231201,True,92,0.0,1.0617287158966064,1.0091686248779297,0.9008153676986694,False,-3069.28857421875,-21495.990234375,-35409.3828125,2026092704,coordinate_equivariant,False
0.8826401829719543,True,93,0.0,1.1068480014801025,1.0091924667358398,0.8814340829849243,False,610782.0625,3806.58935546875,-41108.08984375,2026092704,coordinate_equivariant,False
0.9195349812507629,True,94,0.0,1.1169676780700684,1.0091273784637451,0.8556869029998779,False,324096.5,-25387.693359375,-495208.125,2026092704,coordinate_equivariant,False
0.9039441347122192,True,95,0.0,1.117398977279663,1.0092849731445312,0.8554444313049316,False,33088.0234375,-33891.42578125,-495208.125,2026092704,coordinate_equivariant,False
0.9522659182548523,True,96,0.0,1.0624796152114868,1.0091825723648071,0.8994322419166565,False,8726.6171875,-19072.0859375,-29156.228515625,2026092704,coordinate_equivariant,False
0.9642760157585144,True,97,0.0,1.0664830207824707,1.0092864036560059,0.8925865888595581,False,-4887.41845703125,-22624.912109375,-50232.375,2026092704,coordinate_equivariant,False
0.9550751447677612,True,98,0.0,1.065618872642517,1.0093004703521729,0.8973385095596313,False,-12527.89453125,-22220.970703125,-37576.44140625,2026092704,coordinate_equivariant,False
0.9558035135269165,True,99,0.0,1.0651873350143433,1.0092304944992065,0.8968963623046875,False,-1819.9215087890625,-19564.322265625,-28299.912109375,2026092704,coordinate_equivariant,False
0.9540788531303406,True,100,0.0,1.0716886520385742,1.009273886680603,0.8881803154945374,False,-11536.1611328125,-20497.984375,-50404.93359375,2026092704,coordinate_equivariant,False
0.9607077240943909,True,101,0.0,1.0629231929779053,1.0092564821243286,0.8972723484039307,False,-10826.9375,-19854.93359375,-34917.453125,2026092704,coordinate_equivariant,False
0.9307464361190796,True,102,0.0,1.0776793956756592,1.009313702583313,0.8903576135635376,False,-2046.4583740234375,-19762.3125,-31176.900390625,2026092704,coordinate_equivariant,False
0.9192574620246887,True,103,0.0,1.0737143754959106,1.0091203451156616,0.8821491003036499,False,216716.0625,-11033.1884765625,-79863.625,2026092704,coordinate_equivariant,False
0.9480185508728027,True,104,0.0,1.0649340152740479,1.0093438625335693,0.8959542512893677,False,5021.69384765625,-20828.8359375,-36713.3046875,2026092704,coordinate_equivariant,False
0.9464298486709595,True,105,0.0,1.0617752075195312,1.0090916156768799,0.899530827999115,False,192734.359375,-11149.2841796875,-28316.205078125,2026092704,coordinate_equivariant,False
0.9429794549942017,True,106,0.0,1.069186806678772,1.0093404054641724,0.8916897773742676,False,543.9459838867188,-19743.263671875,-36747.64453125,2026092704,coordinate_equivariant,False
0.9410502314567566,True,107,0.0,1.068756341934204,1.0093302726745605,0.8923052549362183,False,2607.862548828125,-18839.072265625,-36858.3046875,2026092704,coordinate_equivariant,False
0.9462204575538635,True,108,0.0,1.0702441930770874,1.009429931640625,0.8895969390869141,False,-4887.41845703125,-22014.1171875,-42451.9375,2026092704,coordinate_equivariant,False
0.9171942472457886,True,109,0.0,1.1105375289916992,1.0093457698822021,0.8746510148048401,False,610782.0625,4131.7783203125,-39313.58203125,2026092704,coordinate_equivariant,False
0.9747418165206909,True,110,0.0,1.0633459091186523,1.0093828439712524,0.8979678153991699,False,-12196.623046875,-21284.826171875,-27193.80859375,2026092704,coordinate_equivariant,False
0.9191843271255493,True,111,0.0,1.0774224996566772,1.0095478296279907,0.8844572901725769,False,-8746.125,-23333.96484375,-41248.7421875,2026092704,coordinate_equivariant,False
0.9511359333992004,True,112,0.0,1.0735119581222534,1.009465217590332,0.8841118216514587,False,-5364.3583984375,-22100.64453125,-58562.52734375,2026092704,coordinate_equivariant,False
0.9084343910217285,True,113,0.0,1.0692884922027588,1.0095809698104858,0.8894699811935425,False,-3892.0732421875,-23239.4296875,-45744.2421875,2026092704,coordinate_equivariant,False
0.9695196151733398,True,114,0.0,1.0632166862487793,1.0093525648117065,0.8983300924301147,False,-3321.152587890625,-18787.10546875,-28044.001953125,2026092704,coordinate_equivariant,False
0.9470793008804321,True,115,0.0,1.0703351497650146,1.0094397068023682,0.8881573677062988,False,-1533.65966796875,-20068.12890625,-44376.625,2026092704,coordinate_equivariant,False
0.9609429836273193,True,116,0.0,1.0699220895767212,1.0094925165176392,0.8864955902099609,False,-9793.3486328125,-22242.92578125,-60279.8671875,2026092704,coordinate_equivariant,False
0.95462965965271,True,117,0.0,1.0694191455841064,1.0094844102859497,0.8885659575462341,False,-8118.06494140625,-21281.978515625,-43928.8359375,2026092704,coordinate_equivariant,False
0.9448586702346802,True,118,0.0,1.0678510665893555,1.0095359086990356,0.890250563621521,False,-10239.9453125,-22140.533203125,-44515.421875,2026092704,coordinate_equivariant,False
0.8845331072807312,True,119,0.0,1.071593165397644,1.0091681480407715,0.8903359770774841,False,305330.0625,-1287.546142578125,-46699.7421875,2026092704,coordinate_equivariant,False
0.926364004611969,True,120,0.0,1.1168832778930664,1.0097469091415405,0.8389443159103394,False,-11005.2294921875,-29944.609375,-269732.53125,2026092704,coordinate_equivariant,False
0.9425898194313049,True,121,0.0,1.0660796165466309,1.0093806982040405,0.8945973515510559,False,55429.171875,-16055.2978515625,-29090.740234375,2026092704,coordinate_equivariant,False
0.9004944562911987,True,122,0.0,1.073312520980835,1.0093331336975098,0.8815670609474182,False,265346.34375,-9175.1533203125,-67448.2578125,2026092704,coordinate_equivariant,False
0.9610639810562134,True,123,0.0,1.0660474300384521,1.0095330476760864,0.8935920000076294,False,25.487794876098633,-21334.75390625,-28790.384765625,2026092704,coordinate_equivariant,False
0.9470372200012207,True,124,0.0,1.070976734161377,1.009575605392456,0.8885113000869751,False,-9511.9169921875,-21625.93359375,-31868.5234375,2026092704,coordinate_equivariant,False
0.9403706192970276,True,125,0.0,1.068044662475586,1.0095382928848267,0.8913639783859253,False,2207.453125,-19825.59375,-33189.05859375,2026092704,coordinate_equivariant,False
0.9368210434913635,True,126,0.0,1.065656304359436,1.009511947631836,0.8915931582450867,False,33088.0234375,-18439.51171875,-38972.25,2026092704,coordinate_equivariant,False
0.9396802186965942,True,127,0.0,1.0989327430725098,1.0096970796585083,0.8563359379768372,False,-11209.9111328125,-24462.162109375,-112026.0625,2026092704,coordinate_equivariant,False
0.9211012125015259,True,128,0.0,1.1178433895111084,1.0096735954284668,0.861562192440033,False,15689.4228515625,-44159.6328125,-620865.25,2026092704,coordinate_equivariant,False
0.9370207786560059,True,129,0.0,1.0697238445281982,1.009613037109375,0.8875059485435486,False,-8530.3583984375,-21043.3359375,-43247.30078125,2026092704,coordinate_equivariant,False
0.9325353503227234,True,130,0.0,1.1264891624450684,1.0098718404769897,0.8328195810317993,False,-6604.048828125,-34835.87109375,-365337.53125,2026092704,coordinate_equivariant,False
0.9661943912506104,True,131,0.0,1.0671554803848267,1.0095781087875366,0.8917180895805359,False,-10523.318359375,-21068.7734375,-30757.685546875,2026092704,coordinate_equivariant,False
0.9444909691810608,True,132,0.0,1.0721461772918701,1.0096049308776855,0.885198175907135,False,-8249.716796875,-20432.33984375,-44376.625,2026092704,coordinate_equivariant,False
0.9216221570968628,True,133,0.0,1.1247007846832275,1.0097383260726929,0.8464797735214233,False,2785.79638671875,-38820.9765625,-533549.3125,2026092704,coordinate_equivariant,False
0.9571320414543152,True,134,0.0,1.0704879760742188,1.0096293687820435,0.8899505138397217,False,905.2308349609375,-21531.5390625,-32651.39453125,2026092704,coordinate_equivariant,False
0.946130633354187,True,135,0.0,1.0715118646621704,1.0096979141235352,0.8871803283691406,False,-5346.9873046875,-22729.28515625,-46699.7421875,2026092704,coordinate_equivariant,False
0.9270797967910767,True,136,0.0,1.0722624063491821,1.0095781087875366,0.8860738277435303,False,94218.25,-17419.115234375,-36362.50390625,2026092704,coordinate_equivariant,False
0.8958777189254761,True,137,0.0,1.1054389476776123,1.0095514059066772,0.8804266452789307,False,546475.4375,2505.755126953125,-49134.89453125,2026092704,coordinate_equivariant,False
0.9544442296028137,True,138,0.0,1.0827295780181885,1.0097320079803467,0.8705714344978333,False,4703.29248046875,-23742.634765625,-103039.71875,2026092704,coordinate_equivariant,False
0.9316346049308777,True,139,0.0,1.0717507600784302,1.0097953081130981,0.8848400115966797,False,-3079.4443359375,-24134.998046875,-50201.921875,2026092704,coordinate_equivariant,False
0.9571423530578613,True,140,0.0,1.0664005279541016,1.0096091032028198,0.8913599252700806,False,35.4875373840332,-19461.0,-32472.21484375,2026092704,coordinate_equivariant,False
0.948671817779541,True,141,0.0,1.0669721364974976,1.009644865989685,0.8903957605361938,False,1258.375,-19939.4296875,-38739.3828125,2026092704,coordinate_equivariant,False
0.9565129280090332,True,142,0.0,1.0739648342132568,1.009714961051941,0.8825877904891968,False,-11702.0146484375,-22368.51171875,-47926.7578125,2026092704,coordinate_equivariant,False
0.9806878566741943,True,143,0.0,1.0643996000289917,1.0096317529678345,0.8951077461242676,False,-10235.5849609375,-20961.6875,-28453.23046875,2026092704,coordinate_equivariant,False
0.9510472416877747,True,144,0.0,1.0718294382095337,1.0096919536590576,0.884193480014801,False,-2566.960693359375,-21021.873046875,-47706.6484375,2026092704,coordinate_equivariant,False
0.946546196937561,True,145,0.0,1.071396827697754,1.009740948677063,0.8853453397750854,False,-12448.1826171875,-22139.54296875,-41774.5546875,2026092704,coordinate_equivariant,False
0.9664099812507629,True,146,0.0,1.0699055194854736,1.0096317529678345,0.888549268245697,False,5372.86474609375,-19673.453125,-38458.45703125,2026092704,coordinate_equivariant,False
0.9649398326873779,True,147,0.0,1.0697509050369263,1.009702205657959,0.8861840963363647,False,-10679.869140625,-21693.84375,-44515.421875,2026092704,coordinate_equivariant,False
0.9661591649055481,True,148,0.0,1.0684140920639038,1.0096385478973389,0.8893412947654724,False,10100.546875,-19617.697265625,-31062.837890625,2026092704,coordinate_equivariant,False
0.9117951393127441,True,149,0.0,1.116103172302246,1.0097061395645142,0.8644576668739319,False,610782.0625,3093.165771484375,-34791.7890625,2026092704,coordinate_equivariant,False
0.9764112234115601,True,150,0.0,1.0648350715637207,1.009677767753601,0.8935556411743164,False,-1747.1239013671875,-21227.404296875,-28586.31640625,2026092704,coordinate_equivariant,False
0.9574486613273621,True,151,0.0,1.0824699401855469,1.0098460912704468,0.8694301247596741,False,-7569.70263671875,-25467.779296875,-98425.5,2026092704,coordinate_equivariant,False
0.9363281726837158,True,152,0.0,1.0674740076065063,1.0096263885498047,0.8921024203300476,False,5241.52099609375,-17008.435546875,-28788.439453125,2026092704,coordinate_equivariant,False
0.9148970246315002,True,153,0.0,1.0712988376617432,1.0095529556274414,0.8872974514961243,False,301528.3125,-9469.564453125,-43977.8828125,2026092704,coordinate_equivariant,False
0.9662702083587646,True,154,0.0,1.0679852962493896,1.009686827659607,0.8914511799812317,False,-10991.5751953125,-20402.771484375,-27502.927734375,2026092704,coordinate_equivariant,False
0.931926965713501,True,155,0.0,1.0696260929107666,1.0097578763961792,0.8886851072311401,False,1759.846435546875,-20604.435546875,-33353.83984375,2026092704,coordinate_equivariant,False
0.9531202912330627,True,156,0.0,1.071860432624817,1.009759783744812,0.8839311599731445,False,-10841.8203125,-21783.515625,-45254.1953125,2026092704,coordinate_equivariant,False
0.9280098080635071,True,157,0.0,1.1268210411071777,1.0100584030151367,0.8290766477584839,False,5021.69384765625,-33470.63671875,-308564.09375,2026092704,coordinate_equivariant,False
0.9454439878463745,True,158,0.0,1.069698691368103,1.009772539138794,0.8881908059120178,False,2550.03173828125,-21531.685546875,-34509.828125,2026092704,coordinate_equivariant,False
0.949429988861084,True,159,0.0,1.0706725120544434,1.0097817182540894,0.8862426280975342,False,33088.0234375,-21974.42578125,-38458.45703125,2026092704,coordinate_equivariant,False
0.9395142197608948,True,160,0.0,1.0699927806854248,1.0097039937973022,0.8868595361709595,False,3318.52197265625,-18850.8984375,-35174.30859375,2026092704,coordinate_equivariant,False
0.967851996421814,True,161,0.0,1.067840814590454,1.0097616910934448,0.8887439966201782,False,-11922.2724609375,-22240.568359375,-34917.453125,2026092704,coordinate_equivariant,False
0.9644048810005188,True,162,0.0,1.0747489929199219,1.0098248720169067,0.8808325529098511,False,-17546.14453125,-23981.59765625,-47926.7578125,2026092704,coordinate_equivariant,False
0.9367406368255615,True,163,0.0,1.0723073482513428,1.0096664428710938,0.8882098197937012,False,2239.617431640625,-17274.12890625,-27501.98046875,2026092704,coordinate_equivariant,False
0.9209628105163574,True,164,0.0,1.1019599437713623,1.0098295211791992,0.8514987230300903,False,13033.869140625,-21631.154296875,-112026.0625,2026092704,coordinate_equivariant,False
0.9627750515937805,True,165,0.0,1.068007469177246,1.0097309350967407,0.8895114064216614,False,-9186.8740234375,-20641.349609375,-33914.6171875,2026092704,coordinate_equivariant,False
0.951047420501709,True,166,0.0,1.068764567375183,1.009748935699463,0.8886513113975525,False,-7202.3525390625,-20448.431640625,-28659.576171875,2026092704,coordinate_equivariant,False
0.9290571808815002,True,167,0.0,1.0924592018127441,1.0096609592437744,0.8847106695175171,False,513705.09375,-1356.7857666015625,-37692.02734375,2026092704,coordinate_equivariant,False
0.9282654523849487,True,168,0.0,1.0835750102996826,1.009827971458435,0.8788657188415527,False,-8457.7939453125,-21485.943359375,-33420.49609375,2026092704,coordinate_equivariant,False
0.9805566072463989,True,169,0.0,1.0654008388519287,1.0096750259399414,0.8921585083007812,False,826.6701049804688,-19606.701171875,-28823.10546875,2026092704,coordinate_equivariant,False
0.9292872548103333,True,170,0.0,1.077249526977539,1.0098859071731567,0.8758926391601562,False,11358.2255859375,-23297.201171875,-73322.59375,2026092704,coordinate_equivariant,False
0.9319466352462769,True,171,0.0,1.077728271484375,1.009617567062378,0.8862593770027161,False,317898.21875,-10372.447265625,-43341.37109375,2026092704,coordinate_equivariant,False
0.9342516660690308,True,172,0.0,1.0805964469909668,1.0098426342010498,0.8736326098442078,False,-5691.66796875,-22048.05078125,-62276.09765625,2026092704,coordinate_equivariant,False
0.9446130394935608,True,173,0.0,1.077337384223938,1.0098340511322021,0.8757674694061279,False,-1487.5699462890625,-22349.458984375,-73322.59375,2026092704,coordinate_equivariant,False
0.9163194894790649,True,174,0.0,1.1254788637161255,1.0099704265594482,0.8423094153404236,False,-8549.0751953125,-38795.5859375,-507834.75,2026092704,coordinate_equivariant,False
0.9651439189910889,True,175,0.0,1.0680572986602783,1.0097205638885498,0.88826984167099,False,1467.06298828125,-19841.572265625,-33788.5546875,2026092704,coordinate_equivariant,False
0.9204976558685303,True,176,0.0,1.0732872486114502,1.0098146200180054,0.8844833374023438,False,-2709.642333984375,-20195.5234375,-43650.34375,2026092704,coordinate_equivariant,False
0.9326651096343994,True,177,0.0,1.0730735063552856,1.0097883939743042,0.8847785592079163,False,19712.8359375,-20012.5625,-29124.5703125,2026092704,coordinate_equivariant,False
0.9152238965034485,True,178,0.0,1.0930601358413696,1.009872555732727,0.8655921816825867,False,-12112.49609375,-21610.73828125,-35483.5,2026092704,coordinate_equivariant,False
0.8970829248428345,True,179,0.0,1.1028878688812256,1.0100852251052856,0.8468918204307556,False,-6733.25341796875,-27812.7578125,-164209.78125,2026092704,coordinate_equivariant,False
0.9478933215141296,True,180,0.0,1.0801042318344116,1.0097275972366333,0.8829933404922485,False,-2465.52490234375,-18865.7734375,-29622.970703125,2026092704,coordinate_equivariant,False
0.9611727595329285,True,181,0.0,1.0842657089233398,1.0098482370376587,0.8664641380310059,False,-9530.126953125,-23555.201171875,-102144.546875,2026092704,coordinate_equivariant,False
0.9655358195304871,True,182,0.0,1.0686930418014526,1.0097479820251465,0.8885837197303772,False,-3321.152587890625,-20496.115234375,-34440.5703125,2026092704,coordinate_equivariant,False
0.9448208808898926,True,183,0.0,1.0790654420852661,1.0097715854644775,0.8805166482925415,False,-8554.884765625,-20001.865234375,-29930.34375,2026092704,coordinate_equivariant,False
0.954071581363678,True,184,0.0,1.075392723083496,1.0097975730895996,0.8792477250099182,False,-5364.3583984375,-21355.74609375,-51768.87890625,2026092704,coordinate_equivariant,False
0.9349732398986816,True,185,0.0,1.069512128829956,1.009817361831665,0.8863034844398499,False,2788.489501953125,-20843.57421875,-37764.89453125,2026092704,coordinate_equivariant,False
0.926705002784729,True,186,0.0,1.06794011592865,1.0095769166946411,0.8890466690063477,False,192734.359375,-11606.5927734375,-29663.50390625,2026092704,coordinate_equivariant,False
0.9086204171180725,True,187,0.0,1.1238526105880737,1.0098364353179932,0.8527315855026245,False,5447.78076171875,-41494.546875,-620115.375,2026092704,coordinate_equivariant,False
0.935900866985321,True,188,0.0,1.0737344026565552,1.0096908807754517,0.8881382346153259,False,76379.171875,-16762.390625,-28699.609375,2026092704,coordinate_equivariant,False
0.9324686527252197,True,189,0.0,1.0761301517486572,1.0099186897277832,0.8765368461608887,False,987.9216918945312,-23852.576171875,-66789.3125,2026092704,coordinate_equivariant,False
0.9127261638641357,True,190,0.0,1.0911184549331665,1.0098868608474731,0.8677025437355042,False,10867.70703125,-21656.3359375,-43650.34375,2026092704,coordinate_equivariant,False
0.970877468585968,True,191,0.0,1.0657483339309692,1.0097328424453735,0.8923007845878601,False,-4335.9990234375,-20159.71484375,-28720.91796875,2026092704,coordinate_equivariant,False
0.9387805461883545,True,192,0.0,1.0733851194381714,1.0097603797912598,0.8852967023849487,False,7840.19482421875,-19152.09375,-30914.53515625,2026092704,coordinate_equivariant,False
0.950162947177887,True,193,0.0,1.076470971107483,1.0097970962524414,0.8817965984344482,False,-4584.92333984375,-20968.541015625,-35785.75390625,2026092704,coordinate_equivariant,False
0.9327518343925476,True,194,0.0,1.1275932788848877,1.0099886655807495,0.8337888121604919,False,-9793.3486328125,-35807.87109375,-441772.3125,2026092704,coordinate_equivariant,False
0.9635884165763855,True,195,0.0,1.0849311351776123,1.0097377300262451,0.8765200972557068,False,-11480.2138671875,-19858.646484375,-26368.16015625,2026092704,coordinate_equivariant,False
0.9081805348396301,True,196,0.0,1.0756529569625854,1.0096871852874756,0.8866832256317139,False,80134.7109375,-14949.51171875,-31280.76171875,2026092704,coordinate_equivariant,False
0.9660873413085938,True,197,0.0,1.0687063932418823,1.0097401142120361,0.8883644342422485,False,1443.2974853515625,-20062.83203125,-31380.01171875,2026092704,coordinate_equivariant,False
0.9464030265808105,True,198,0.0,1.0797535181045532,1.0097594261169434,0.8735162615776062,False,12034.052734375,-19541.40625,-66783.140625,2026092704,coordinate_equivariant,False
0.9295966029167175,True,199,0.0,1.0895284414291382,1.0098689794540405,0.8637094497680664,False,12034.052734375,-22051.072265625,-82153.78125,2026092704,coordinate_equivariant,False
0.9288137555122375,True,200,0.0,1.0793476104736328,1.0095860958099365,0.8722019791603088,False,332660.6875,-7986.3388671875,-79863.625,2026092704,coordinate_equivariant,False
0.9489465951919556,True,1,0.0,1.0046608448028564,1.0001411437988281,0.9961677193641663,False,-5900.02587890625,-41168.46484375,-608281.125,2026092704,coordinate_gauge,False
0.9568460583686829,True,2,0.0,1.0047409534454346,1.0002738237380981,0.9967372417449951,False,8400.916015625,-23168.693359375,-65700.90625,2026092704,coordinate_gauge,False
0.9214732646942139,True,3,0.0,1.0115017890930176,1.0004407167434692,0.989145815372467,False,332660.6875,-5277.29638671875,-34250.828125,2026092704,coordinate_gauge,False
0.9421459436416626,True,4,0.0,1.0076271295547485,1.0007100105285645,0.9954699277877808,False,1550.9083251953125,-19450.041015625,-27416.01953125,2026092704,coordinate_gauge,False
0.9064803123474121,True,5,0.0,1.0218946933746338,1.0009576082229614,0.9847011566162109,False,56576.859375,-36116.9375,-510346.40625,2026092704,coordinate_gauge,False
0.9624487161636353,True,6,0.0,1.012253761291504,1.0012017488479614,0.9916747212409973,False,-2238.48681640625,-21915.36328125,-42171.78515625,2026092704,coordinate_gauge,False
0.9471898078918457,True,7,0.0,1.0136432647705078,1.0014069080352783,0.9897313714027405,False,18758.482421875,-19570.62109375,-29987.7890625,2026092704,coordinate_gauge,False
0.9560108780860901,True,8,0.0,1.0151925086975098,1.0016329288482666,0.9873020052909851,False,-1380.5928955078125,-19899.712890625,-34440.5703125,2026092704,coordinate_gauge,False
0.9466580152511597,True,9,0.0,1.0342109203338623,1.001776099205017,0.9692404270172119,False,498987.40625,-1762.00732421875,-47926.7578125,2026092704,coordinate_gauge,False
0.9457264542579651,True,10,0.0,1.0433701276779175,1.0020664930343628,0.9750179648399353,False,-11282.8271484375,-34004.328125,-365337.53125,2026092704,coordinate_gauge,False
0.937248706817627,True,11,0.0,1.0208078622817993,1.0021450519561768,0.981181263923645,False,9106.84375,-18994.427734375,-46213.8828125,2026092704,coordinate_gauge,False
0.9530123472213745,True,12,0.0,1.0285143852233887,1.002325415611267,0.9759418368339539,False,13072.7353515625,-21380.556640625,-102144.546875,2026092704,coordinate_gauge,False
0.9548130631446838,True,13,0.0,1.0213615894317627,1.0024617910385132,0.979297935962677,False,-10945.4677734375,-20845.75390625,-28623.099609375,2026092704,coordinate_gauge,False
0.9219727516174316,True,14,0.0,1.0230532884597778,1.0025336742401123,0.9779235124588013,False,-104.57867431640625,-19818.982421875,-37475.38671875,2026092704,coordinate_gauge,False
0.9174398183822632,True,15,0.0,1.0553278923034668,1.0026140213012695,0.9520527124404907,False,610782.0625,-610.8783569335938,-40250.27734375,2026092704,coordinate_gauge,False
0.9073488712310791,True,16,0.0,1.0339144468307495,1.0027250051498413,0.975899875164032,False,73236.765625,-17913.03125,-47565.9453125,2026092704,coordinate_gauge,False
0.9564533233642578,True,17,0.0,1.0261098146438599,1.002924919128418,0.9746580123901367,False,17683.70703125,-19403.138671875,-33970.46875,2026092704,coordinate_gauge,False
0.9241058826446533,True,18,0.0,1.0273317098617554,1.002988576889038,0.9743428826332092,False,17683.70703125,-19543.197265625,-31272.3828125,2026092704,coordinate_gauge,False
0.9663524627685547,True,19,0.0,1.0269992351531982,1.0031709671020508,0.9733666777610779,False,-10401.033203125,-20649.294921875,-27891.439453125,2026092704,coordinate_gauge,False
0.9265356063842773,True,20,0.0,1.0526719093322754,1.0032237768173218,0.9633339643478394,False,446.507568359375,-23702.17578125,-164209.78125,2026092704,coordinate_gauge,False
0.9533162117004395,True,21,0.0,1.031701683998108,1.0033001899719238,0.9715131521224976,False,826.6701049804688,-18670.623046875,-45146.75,2026092704,coordinate_gauge,False
0.9375617504119873,True,22,0.0,1.0307615995407104,1.0033847093582153,0.9709979295730591,False,237.56475830078125,-19768.171875,-31176.900390625,2026092704,coordinate_gauge,False
0.9372155666351318,True,23,0.0,1.0307413339614868,1.0033830404281616,0.9689201712608337,False,94212.703125,-14685.759765625,-30618.25,2026092704,coordinate_gauge,False
0.9674328565597534,True,24,0.0,1.0325607061386108,1.003592848777771,0.9683266282081604,False,1258.375,-18689.36328125,-30556.00390625,2026092704,coordinate_gauge,False
0.9452726244926453,True,25,0.0,1.0387823581695557,1.0036818981170654,0.9651099443435669,False,-2046.4583740234375,-21387.791015625,-58938.87890625,2026092704,coordinate_gauge,False
0.9410405158996582,True,26,0.0,1.0371763706207275,1.0037654638290405,0.966439425945282,False,-7447.1357421875,-21022.33203125,-38348.2734375,2026092704,coordinate_gauge,False
0.9012923240661621,True,27,0.0,1.0464218854904175,1.003790020942688,0.9653631448745728,False,-4732.046875,-22863.755859375,-59379.375,2026092704,coordinate_gauge,False
0.9274700880050659,True,28,0.0,1.0363163948059082,1.0038520097732544,0.9647020101547241,False,17974.853515625,-18979.18359375,-35108.05859375,2026092704,coordinate_gauge,False
0.9428561925888062,True,29,0.0,1.0402395725250244,1.0039786100387573,0.9627350568771362,False,-3754.478515625,-19457.63671875,-45254.1953125,2026092704,coordinate_gauge,False
0.9643478989601135,True,30,0.0,1.0376651287078857,1.0041310787200928,0.9624035954475403,False,-10600.1240234375,-20610.478515625,-29567.28125,2026092704,coordinate_gauge,False
0.9775248169898987,True,31,0.0,1.0385339260101318,1.0042451620101929,0.9616942405700684,False,-8033.87158203125,-20917.05859375,-31675.634765625,2026092704,coordinate_gauge,False
0.9339850544929504,True,32,0.0,1.0408101081848145,1.0042445659637451,0.9590920209884644,False,-11835.46875,-22075.330078125,-37692.02734375,2026092704,coordinate_gauge,False
0.9688818454742432,True,33,0.0,1.0403507947921753,1.0043621063232422,0.9587838649749756,False,-2886.341552734375,-20660.11328125,-37551.91015625,2026092704,coordinate_gauge,False
0.9596244692802429,True,34,0.0,1.0413479804992676,1.004358172416687,0.9571977257728577,False,6821.4384765625,-18979.904296875,-29539.556640625,2026092704,coordinate_gauge,False
0.9378958344459534,True,35,0.0,1.0573627948760986,1.0044134855270386,0.9569535851478577,False,-6355.6923828125,-21853.486328125,-76897.1015625,2026092704,coordinate_gauge,False
0.9410489201545715,True,36,0.0,1.0514765977859497,1.0044782161712646,0.9473698735237122,False,-5346.9873046875,-21782.75390625,-73322.59375,2026092704,coordinate_gauge,False
0.9440169334411621,True,37,0.0,1.0427738428115845,1.0044307708740234,0.9537208676338196,False,486.135009765625,-16951.71484375,-29544.7734375,2026092704,coordinate_gauge,False
0.9095011949539185,True,38,0.0,1.093961477279663,1.0045210123062134,0.9339079856872559,False,31729.732421875,-25955.845703125,-239235.171875,2026092704,coordinate_gauge,False
0.8948284387588501,True,39,0.0,1.0972665548324585,1.0043563842773438,0.9306665658950806,False,46613.1640625,-37466.4296875,-533549.3125,2026092704,coordinate_gauge,False
0.9519115686416626,True,40,0.0,1.0452423095703125,1.0047239065170288,0.950008749961853,False,987.9216918945312,-20996.8984375,-29547.966796875,2026092704,coordinate_gauge,False
0.9708172678947449,True,41,0.0,1.048580288887024,1.0048449039459229,0.9474735260009766,False,7840.19482421875,-21959.916015625,-48081.94140625,2026092704,coordinate_gauge,False
0.9392304420471191,True,42,0.0,1.0455749034881592,1.0046944618225098,0.9485707879066467,False,13033.869140625,-18703.046875,-27683.4921875,2026092704,coordinate_gauge,False
0.9136293530464172,True,43,0.0,1.0706411600112915,1.00465726852417,0.9306644797325134,False,113612.78125,-19521.728515625,-131600.234375,2026092704,coordinate_gauge,False
0.9227917790412903,True,44,0.0,1.0481395721435547,1.0047739744186401,0.9467288851737976,False,12034.052734375,-20128.01953125,-42869.23828125,2026092704,coordinate_gauge,False
0.9307869672775269,True,45,0.0,1.0492923259735107,1.0048359632492065,0.9450557231903076,False,-629.9263916015625,-20262.16015625,-40604.359375,2026092704,coordinate_gauge,False
0.9443107843399048,True,46,0.0,1.0477118492126465,1.0049312114715576,0.9447169303894043,False,-4335.9990234375,-20974.26953125,-32664.34765625,2026092704,coordinate_gauge,False
0.9584136605262756,True,47,0.0,1.0480780601501465,1.0049654245376587,0.9442475438117981,False,46613.1640625,-19466.587890625,-34008.86328125,2026092704,coordinate_gauge,False
0.945408046245575,True,48,0.0,1.048432469367981,1.0048563480377197,0.9429739117622375,False,100366.859375,-15818.431640625,-32204.158203125,2026092704,coordinate_gauge,False
0.9473848938941956,True,49,0.0,1.0522633790969849,1.005081295967102,0.9414950013160706,False,-11005.2294921875,-22069.904296875,-47424.48046875,2026092704,coordinate_gauge,False
0.9537094831466675,True,50,0.0,1.0485130548477173,1.0050780773162842,0.9423446655273438,False,-4808.4638671875,-19753.134765625,-27781.04296875,2026092704,coordinate_gauge,False
0.937004566192627,True,51,0.0,1.0559710264205933,1.0051189661026,0.9403612017631531,False,-12478.8017578125,-22680.025390625,-57898.80078125,2026092704,coordinate_gauge,False
0.9600952863693237,True,52,0.0,1.0544990301132202,1.005213737487793,0.9367767572402954,False,-9054.1015625,-21618.666015625,-45744.2421875,2026092704,coordinate_gauge,False
0.9496173858642578,True,53,0.0,1.0503008365631104,1.0051738023757935,0.9386300444602966,False,-1533.65966796875,-20743.859375,-28669.541015625,2026092704,coordinate_gauge,False
0.9414079189300537,True,54,0.0,1.0556061267852783,1.0052227973937988,0.9362582564353943,False,-9017.068359375,-22269.4609375,-48081.94140625,2026092704,coordinate_gauge,False
0.9604805707931519,True,55,0.0,1.0507376194000244,1.0053054094314575,0.93728107213974,False,-8327.6748046875,-21525.11328125,-28914.44140625,2026092704,coordinate_gauge,False
0.9643093943595886,True,56,0.0,1.0519099235534668,1.0052971839904785,0.9370471239089966,False,-4971.611328125,-20403.40625,-33914.6171875,2026092704,coordinate_gauge,False
0.9516091346740723,True,57,0.0,1.0524002313613892,1.0053277015686035,0.9361782670021057,False,1759.846435546875,-22368.02734375,-32883.0390625,2026092704,coordinate_gauge,False
0.9541271328926086,True,58,0.0,1.0983619689941406,1.0049501657485962,0.9097961187362671,False,498987.40625,-1562.76513671875,-29124.5703125,2026092704,coordinate_gauge,False
0.9718054533004761,True,59,0.0,1.060912013053894,1.0054752826690674,0.9288285374641418,False,-7396.4951171875,-23103.138671875,-56897.69140625,2026092704,coordinate_gauge,False
0.9542528390884399,True,60,0.0,1.0524927377700806,1.0053342580795288,0.9340421557426453,False,11266.7890625,-20077.28125,-27997.3125,2026092704,coordinate_gauge,False
0.9578946232795715,True,61,0.0,1.0551283359527588,1.0054341554641724,0.9334139823913574,False,-1819.9215087890625,-22333.51953125,-38459.8046875,2026092704,coordinate_gauge,False
0.9694507122039795,True,62,0.0,1.052364706993103,1.0054157972335815,0.933976948261261,False,-1819.9215087890625,-19676.56640625,-27064.26171875,2026092704,coordinate_gauge,False
0.973244309425354,True,63,0.0,1.0559868812561035,1.0055159330368042,0.9331846237182617,False,-12009.2587890625,-22139.126953125,-42869.23828125,2026092704,coordinate_gauge,False
0.9571111798286438,True,64,0.0,1.0631637573242188,1.005459189414978,0.928511917591095,False,19712.8359375,-21657.005859375,-61707.54296875,2026092704,coordinate_gauge,False
0.9153835773468018,True,65,0.0,1.0969492197036743,1.0049585103988647,0.9008735418319702,False,316734.96875,-10173.0986328125,-35974.20703125,2026092704,coordinate_gauge,False
0.9664002060890198,True,66,0.0,1.0608627796173096,1.0055299997329712,0.9314606785774231,False,-7068.10302734375,-21889.755859375,-53712.5234375,2026092704,coordinate_gauge,False
0.9523671865463257,True,67,0.0,1.0566033124923706,1.0054655075073242,0.93126380443573,False,486.135009765625,-21432.53125,-41055.609375,2026092704,coordinate_gauge,False
0.9290246963500977,True,68,0.0,1.0540940761566162,1.0052714347839355,0.930752694606781,False,-5404.8408203125,-17659.00390625,-28557.197265625,2026092704,coordinate_gauge,False
0.9091763496398926,True,69,0.0,1.1177431344985962,1.0050761699676514,0.8977975249290466,False,605984.3125,144.65960693359375,-40250.27734375,2026092704,coordinate_gauge,False
0.9236422181129456,True,70,0.0,1.1090178489685059,1.0049835443496704,0.9007601141929626,False,495525.125,-1737.1273193359375,-36339.27734375,2026092704,coordinate_gauge,False
0.9708058834075928,True,71,0.0,1.0597399473190308,1.0055670738220215,0.9280148148536682,False,-5956.76904296875,-20284.5078125,-46646.1171875,2026092704,coordinate_gauge,False
0.9556446075439453,True,72,0.0,1.060411810874939,1.005521297454834,0.9263578653335571,False,588.2970581054688,-20455.109375,-43977.8828125,2026092704,coordinate_gauge,False
0.9457716941833496,True,73,0.0,1.0623433589935303,1.0054811239242554,0.9247822165489197,False,19712.8359375,-20421.083984375,-48869.21484375,2026092704,coordinate_gauge,False
0.9342103004455566,True,74,0.0,1.0590704679489136,1.0053342580795288,0.9269416332244873,False,12034.052734375,-17160.6484375,-39015.15234375,2026092704,coordinate_gauge,False
0.9172473549842834,True,75,0.0,1.143892526626587,1.0055129528045654,0.9050100445747375,False,8400.916015625,-30742.724609375,-269732.53125,2026092704,coordinate_gauge,False
0.9629532694816589,True,76,0.0,1.0560321807861328,1.0055452585220337,0.9263975024223328,False,32602.0390625,-19073.619140625,-28561.927734375,2026092704,coordinate_gauge,False
0.9562126994132996,True,77,0.0,1.0784248113632202,1.005670428276062,0.9112673401832581,False,-5404.8408203125,-24083.529296875,-92520.2890625,2026092704,coordinate_gauge,False
0.9736654162406921,True,78,0.0,1.0561492443084717,1.0056802034378052,0.9262524843215942,False,-9724.7998046875,-21457.685546875,-30103.39453125,2026092704,coordinate_gauge,False
0.9089205861091614,True,79,0.0,1.1275924444198608,1.0047756433486938,0.88382887840271,False,418192.15625,-28295.416015625,-620865.25,2026092704,coordinate_gauge,False
0.93275386095047,True,80,0.0,1.1282246112823486,1.0052218437194824,0.9007567167282104,False,2788.489501953125,-41133.796875,-608281.125,2026092704,coordinate_gauge,False
0.924375057220459,True,81,0.0,1.0656911134719849,1.0054048299789429,0.926045298576355,False,-5019.873046875,-19294.9921875,-31802.353515625,2026092704,coordinate_gauge,False
0.9408432245254517,True,82,0.0,1.116378664970398,1.0056288242340088,0.920968770980835,False,-4887.41845703125,-25028.876953125,-136846.234375,2026092704,coordinate_gauge,False
0.958859920501709,True,83,0.0,1.0601511001586914,1.0056281089782715,0.9241243600845337,False,-8452.7021484375,-20913.634765625,-37797.390625,2026092704,coordinate_gauge,False
0.9446430206298828,True,84,0.0,1.0587501525878906,1.0055792331695557,0.9240208864212036,False,6821.4384765625,-21276.98046875,-34989.17578125,2026092704,coordinate_gauge,False
0.9547905921936035,True,85,0.0,1.0570091009140015,1.005607008934021,0.9237586259841919,False,-6092.92578125,-20412.58984375,-30842.125,2026092704,coordinate_gauge,False
0.8982082009315491,True,86,0.0,1.0842763185501099,1.005362868309021,0.922881543636322,False,-1533.65966796875,-20926.92578125,-59379.375,2026092704,coordinate_gauge,False
0.936829686164856,True,87,0.0,1.064263939857483,1.0055302381515503,0.9222704172134399,False,3515.373291015625,-20383.67578125,-48081.94140625,2026092704,coordinate_gauge,False
0.961821436882019,True,88,0.0,1.0632917881011963,1.0057560205459595,0.922237753868103,False,-9736.5244140625,-23300.18359375,-44515.421875,2026092704,coordinate_gauge,False
0.8963989019393921,True,89,0.0,1.0576955080032349,1.0052739381790161,0.9220913648605347,False,17683.70703125,-17906.046875,-28337.79296875,2026092704,coordinate_gauge,False
0.9409177303314209,True,90,0.0,1.059372067451477,1.0055561065673828,0.9220022559165955,False,1550.9083251953125,-19909.787109375,-33956.02734375,2026092704,coordinate_gauge,False
0.9573101997375488,True,91,0.0,1.0575817823410034,1.0056618452072144,0.922082245349884,False,-6656.703125,-20676.005859375,-29424.703125,2026092704,coordinate_gauge,False
0.9664943218231201,True,92,0.0,1.0604571104049683,1.0057340860366821,0.9216232895851135,False,-3069.28857421875,-21495.990234375,-35409.3828125,2026092704,coordinate_gauge,False
0.8826401829719543,True,93,0.0,1.1348587274551392,1.0049558877944946,0.8867701292037964,False,610782.0625,3806.58935546875,-41108.08984375,2026092704,coordinate_gauge,False
0.9195349812507629,True,94,0.0,1.1521680355072021,1.0049644708633423,0.8885785341262817,False,324096.5,-25387.693359375,-495208.125,2026092704,coordinate_gauge,False
0.9039441347122192,True,95,0.0,1.15290105342865,1.0051482915878296,0.8884304761886597,False,33088.0234375,-33891.42578125,-495208.125,2026092704,coordinate_gauge,False
0.9522659182548523,True,96,0.0,1.0577328205108643,1.0055816173553467,0.9222058653831482,False,8726.6171875,-19072.0859375,-29156.228515625,2026092704,coordinate_gauge,False
0.9642760157585144,True,97,0.0,1.0667314529418945,1.0057569742202759,0.9177971482276917,False,-4887.41845703125,-22624.912109375,-50232.375,2026092704,coordinate_gauge,False
0.9550751447677612,True,98,0.0,1.06182861328125,1.005703091621399,0.9196668863296509,False,-12527.89453125,-22220.970703125,-37576.44140625,2026092704,coordinate_gauge,False
0.9558035135269165,True,99,0.0,1.057143211364746,1.0056103467941284,0.9211536049842834,False,-1819.9215087890625,-19564.322265625,-28299.912109375,2026092704,coordinate_gauge,False
0.9540788531303406,True,100,0.0,1.0671945810317993,1.0056289434432983,0.9189173579216003,False,-11536.1611328125,-20497.984375,-50404.93359375,2026092704,coordinate_gauge,False
0.9607077240943909,True,101,0.0,1.061082363128662,1.0056445598602295,0.9188157320022583,False,-10826.9375,-19854.93359375,-34917.453125,2026092704,coordinate_gauge,False
0.9307464361190796,True,102,0.0,1.065725326538086,1.0054936408996582,0.918708860874176,False,-2046.4583740234375,-19762.3125,-31176.900390625,2026092704,coordinate_gauge,False
0.9192574620246887,True,103,0.0,1.0876233577728271,1.0051085948944092,0.9087563753128052,False,216716.0625,-11033.1884765625,-79863.625,2026092704,coordinate_gauge,False
0.9480185508728027,True,104,0.0,1.0622446537017822,1.0056145191192627,0.9188277721405029,False,5021.69384765625,-20828.8359375,-36713.3046875,2026092704,coordinate_gauge,False
0.9464298486709595,True,105,0.0,1.0859081745147705,1.005262851715088,0.9157974720001221,False,192734.359375,-11149.2841796875,-28316.205078125,2026092704,coordinate_gauge,False
0.9429794549942017,True,106,0.0,1.0612597465515137,1.0055510997772217,0.9175188541412354,False,543.9459838867188,-19743.263671875,-36747.64453125,2026092704,coordinate_gauge,False
0.9410502314567566,True,107,0.0,1.0626994371414185,1.0055092573165894,0.9173188805580139,False,2607.862548828125,-18839.072265625,-36858.3046875,2026092704,coordinate_gauge,False
0.9462204575538635,True,108,0.0,1.0640268325805664,1.0056363344192505,0.9166405200958252,False,-4887.41845703125,-22014.1171875,-42451.9375,2026092704,coordinate_gauge,False
0.9171942472457886,True,109,0.0,1.1438087224960327,1.0050640106201172,0.8804763555526733,False,610782.0625,4131.7783203125,-39313.58203125,2026092704,coordinate_gauge,False
0.9747418165206909,True,110,0.0,1.0591731071472168,1.0057487487792969,0.9167888164520264,False,-12196.623046875,-21284.826171875,-27193.80859375,2026092704,coordinate_gauge,False
0.9191843271255493,True,111,0.0,1.0726492404937744,1.0055294036865234,0.9158920645713806,False,-8746.125,-23333.96484375,-41248.7421875,2026092704,coordinate_gauge,False
0.9511359333992004,True,112,0.0,1.0717934370040894,1.0056520700454712,0.9163147211074829,False,-5364.3583984375,-22100.64453125,-58562.52734375,2026092704,coordinate_gauge,False
0.9084343910217285,True,113,0.0,1.067071557044983,1.0054709911346436,0.9136238098144531,False,-3892.0732421875,-23239.4296875,-45744.2421875,2026092704,coordinate_gauge,False
0.9695196151733398,True,114,0.0,1.059779167175293,1.0056432485580444,0.9156820774078369,False,-3321.152587890625,-18787.10546875,-28044.001953125,2026092704,coordinate_gauge,False
0.9470793008804321,True,115,0.0,1.0656354427337646,1.0055668354034424,0.9154183864593506,False,-1533.65966796875,-20068.12890625,-44376.625,2026092704,coordinate_gauge,False
0.9609429836273193,True,116,0.0,1.0734740495681763,1.0057079792022705,0.9088187217712402,False,-9793.3486328125,-22242.92578125,-60279.8671875,2026092704,coordinate_gauge,False
0.95462965965271,True,117,0.0,1.0658183097839355,1.0056467056274414,0.9147167801856995,False,-8118.06494140625,-21281.978515625,-43928.8359375,2026092704,coordinate_gauge,False
0.9448586702346802,True,118,0.0,1.0666694641113281,1.0056192874908447,0.9143163561820984,False,-10239.9453125,-22140.533203125,-44515.421875,2026092704,coordinate_gauge,False
0.8845331072807312,True,119,0.0,1.1154708862304688,1.0045892000198364,0.8801759481430054,False,305330.0625,-1287.546142578125,-46699.7421875,2026092704,coordinate_gauge,False
0.926364004611969,True,120,0.0,1.167487621307373,1.0055652856826782,0.8890523314476013,False,-11005.2294921875,-29944.609375,-269732.53125,2026092704,coordinate_gauge,False
0.9425898194313049,True,121,0.0,1.0606454610824585,1.0054011344909668,0.9141950607299805,False,55429.171875,-16055.2978515625,-29090.740234375,2026092704,coordinate_gauge,False
0.9004944562911987,True,122,0.0,1.1026878356933594,1.0049265623092651,0.8908630609512329,False,265346.34375,-9175.1533203125,-67448.2578125,2026092704,coordinate_gauge,False
0.9610639810562134,True,123,0.0,1.060587763786316,1.0056778192520142,0.9135246276855469,False,25.487794876098633,-21334.75390625,-28790.384765625,2026092704,coordinate_gauge,False
0.9470372200012207,True,124,0.0,1.060981273651123,1.005611538887024,0.9135381579399109,False,-9511.9169921875,-21625.93359375,-31868.5234375,2026092704,coordinate_gauge,False
0.9403706192970276,True,125,0.0,1.0617488622665405,1.0055180788040161,0.9137750267982483,False,2207.453125,-19825.59375,-33189.05859375,2026092704,coordinate_gauge,False
0.9368210434913635,True,126,0.0,1.0648258924484253,1.0054491758346558,0.9128855466842651,False,33088.0234375,-18439.51171875,-38972.25,2026092704,coordinate_gauge,False
0.9396802186965942,True,127,0.0,1.1250313520431519,1.0056312084197998,0.9137470722198486,False,-11209.9111328125,-24462.162109375,-112026.0625,2026092704,coordinate_gauge,False
0.9211012125015259,True,128,0.0,1.151399850845337,1.0052071809768677,0.8750256299972534,False,15689.4228515625,-44159.6328125,-620865.25,2026092704,coordinate_gauge,False
0.9370207786560059,True,129,0.0,1.066411018371582,1.0055322647094727,0.9131220579147339,False,-8530.3583984375,-21043.3359375,-43247.30078125,2026092704,coordinate_gauge,False
0.9325353503227234,True,130,0.0,1.1795350313186646,1.0055485963821411,0.8771975040435791,False,-6604.048828125,-34835.87109375,-365337.53125,2026092704,coordinate_gauge,False
0.9661943912506104,True,131,0.0,1.0615413188934326,1.0056827068328857,0.9133592247962952,False,-10523.318359375,-21068.7734375,-30757.685546875,2026092704,coordinate_gauge,False
0.9444909691810608,True,132,0.0,1.066892385482788,1.0055447816848755,0.9126371145248413,False,-8249.716796875,-20432.33984375,-44376.625,2026092704,coordinate_gauge,False
0.9216221570968628,True,133,0.0,1.1604673862457275,1.0052319765090942,0.8830506205558777,False,2785.79638671875,-38820.9765625,-533549.3125,2026092704,coordinate_gauge,False
0.9571320414543152,True,134,0.0,1.0626206398010254,1.0056450366973877,0.9118344187736511,False,905.2308349609375,-21531.5390625,-32651.39453125,2026092704,coordinate_gauge,False
0.946130633354187,True,135,0.0,1.068826675415039,1.0056214332580566,0.9096299409866333,False,-5346.9873046875,-22729.28515625,-46699.7421875,2026092704,coordinate_gauge,False
0.9270797967910767,True,136,0.0,1.0633342266082764,1.0053333044052124,0.9120668768882751,False,94218.25,-17419.115234375,-36362.50390625,2026092704,coordinate_gauge,False
0.8958777189254761,True,137,0.0,1.152850866317749,1.0048152208328247,0.8655110597610474,False,546475.4375,2505.755126953125,-49134.89453125,2026092704,coordinate_gauge,False
0.9544442296028137,True,138,0.0,1.0940228700637817,1.005682110786438,0.8930201530456543,False,4703.29248046875,-23742.634765625,-103039.71875,2026092704,coordinate_gauge,False
0.9316346049308777,True,139,0.0,1.0705243349075317,1.0055910348892212,0.9085773825645447,False,-3079.4443359375,-24134.998046875,-50201.921875,2026092704,coordinate_gauge,False
0.9571423530578613,True,140,0.0,1.0624687671661377,1.005578637123108,0.9112647175788879,False,35.4875373840332,-19461.0,-32472.21484375,2026092704,coordinate_gauge,False
0.948671817779541,True,141,0.0,1.0655701160430908,1.0055489540100098,0.9105929732322693,False,1258.375,-19939.4296875,-38739.3828125,2026092704,coordinate_gauge,False
0.9565129280090332,True,142,0.0,1.069004774093628,1.0056637525558472,0.9109932780265808,False,-11702.0146484375,-22368.51171875,-47926.7578125,2026092704,coordinate_gauge,False
0.9806878566741943,True,143,0.0,1.061158299446106,1.0057464838027954,0.9107415676116943,False,-10235.5849609375,-20961.6875,-28453.23046875,2026092704,coordinate_gauge,False
0.9510472416877747,True,144,0.0,1.069267749786377,1.0055891275405884,0.911460280418396,False,-2566.960693359375,-21021.873046875,-47706.6484375,2026092704,coordinate_gauge,False
0.946546196937561,True,145,0.0,1.0664706230163574,1.0056008100509644,0.9104713797569275,False,-12448.1826171875,-22139.54296875,-41774.5546875,2026092704,coordinate_gauge,False
0.9664099812507629,True,146,0.0,1.0656225681304932,1.0056217908859253,0.9102898836135864,False,5372.86474609375,-19673.453125,-38458.45703125,2026092704,coordinate_gauge,False
0.9649398326873779,True,147,0.0,1.068138837814331,1.0056792497634888,0.9101259112358093,False,-10679.869140625,-21693.84375,-44515.421875,2026092704,coordinate_gauge,False
0.9661591649055481,True,148,0.0,1.0623008012771606,1.0056134462356567,0.9091026186943054,False,10100.546875,-19617.697265625,-31062.837890625,2026092704,coordinate_gauge,False
0.9117951393127441,True,149,0.0,1.153810977935791,1.0050135850906372,0.8715915679931641,False,610782.0625,3093.165771484375,-34791.7890625,2026092704,coordinate_gauge,False
0.9764112234115601,True,150,0.0,1.0614802837371826,1.0057231187820435,0.9096603393554688,False,-1747.1239013671875,-21227.404296875,-28586.31640625,2026092704,coordinate_gauge,False
0.9574486613273621,True,151,0.0,1.094516396522522,1.005743384361267,0.8936877846717834,False,-7569.70263671875,-25467.779296875,-98425.5,2026092704,coordinate_gauge,False
0.9363281726837158,True,152,0.0,1.0613226890563965,1.0053731203079224,0.9105950593948364,False,5241.52099609375,-17008.435546875,-28788.439453125,2026092704,coordinate_gauge,False
0.9148970246315002,True,153,0.0,1.1141338348388672,1.004997968673706,0.8827608823776245,False,301528.3125,-9469.564453125,-43977.8828125,2026092704,coordinate_gauge,False
0.9662702083587646,True,154,0.0,1.0610253810882568,1.0056400299072266,0.9099358320236206,False,-10991.5751953125,-20402.771484375,-27502.927734375,2026092704,coordinate_gauge,False
0.931926965713501,True,155,0.0,1.0630232095718384,1.0054621696472168,0.9092677235603333,False,1759.846435546875,-20604.435546875,-33353.83984375,2026092704,coordinate_gauge,False
0.9531202912330627,True,156,0.0,1.0684462785720825,1.005613088607788,0.9091488718986511,False,-10841.8203125,-21783.515625,-45254.1953125,2026092704,coordinate_gauge,False
0.9280098080635071,True,157,0.0,1.1810131072998047,1.005552887916565,0.8775334358215332,False,5021.69384765625,-33470.63671875,-308564.09375,2026092704,coordinate_gauge,False
0.9454439878463745,True,158,0.0,1.0636223554611206,1.0055625438690186,0.9110482335090637,False,2550.03173828125,-21531.685546875,-34509.828125,2026092704,coordinate_gauge,False
0.949429988861084,True,159,0.0,1.0658035278320312,1.0055911540985107,0.9081271290779114,False,33088.0234375,-21974.42578125,-38458.45703125,2026092704,coordinate_gauge,False
0.9395142197608948,True,160,0.0,1.063780426979065,1.0054402351379395,0.9090412259101868,False,3318.52197265625,-18850.8984375,-35174.30859375,2026092704,coordinate_gauge,False
0.967851996421814,True,161,0.0,1.0640047788619995,1.0057018995285034,0.9096319675445557,False,-11922.2724609375,-22240.568359375,-34917.453125,2026092704,coordinate_gauge,False
0.9644048810005188,True,162,0.0,1.0698070526123047,1.0057364702224731,0.9108433723449707,False,-17546.14453125,-23981.59765625,-47926.7578125,2026092704,coordinate_gauge,False
0.9367406368255615,True,163,0.0,1.0610957145690918,1.005372166633606,0.9090734124183655,False,2239.617431640625,-17274.12890625,-27501.98046875,2026092704,coordinate_gauge,False
0.9209628105163574,True,164,0.0,1.1300352811813354,1.005398154258728,0.9088630676269531,False,13033.869140625,-21631.154296875,-112026.0625,2026092704,coordinate_gauge,False
0.9627750515937805,True,165,0.0,1.0637158155441284,1.005620002746582,0.9087784290313721,False,-9186.8740234375,-20641.349609375,-33914.6171875,2026092704,coordinate_gauge,False
0.951047420501709,True,166,0.0,1.0609265565872192,1.0055524110794067,0.9091677665710449,False,-7202.3525390625,-20448.431640625,-28659.576171875,2026092704,coordinate_gauge,False
0.9290571808815002,True,167,0.0,1.1459522247314453,1.005042552947998,0.8691277503967285,False,513705.09375,-1356.7857666015625,-37692.02734375,2026092704,coordinate_gauge,False
0.9282654523849487,True,168,0.0,1.0742392539978027,1.0054631233215332,0.9087224006652832,False,-8457.7939453125,-21485.943359375,-33420.49609375,2026092704,coordinate_gauge,False
0.9805566072463989,True,169,0.0,1.0617841482162476,1.0056779384613037,0.9082099199295044,False,826.6701049804688,-19606.701171875,-28823.10546875,2026092704,coordinate_gauge,False
0.9292872548103333,True,170,0.0,1.0812863111495972,1.0055115222930908,0.8985260128974915,False,11358.2255859375,-23297.201171875,-73322.59375,2026092704,coordinate_gauge,False
0.9319466352462769,True,171,0.0,1.1246516704559326,1.0051172971725464,0.8723474740982056,False,317898.21875,-10372.447265625,-43341.37109375,2026092704,coordinate_gauge,False
0.9342516660690308,True,172,0.0,1.0837478637695312,1.0055031776428223,0.9085087180137634,False,-5691.66796875,-22048.05078125,-62276.09765625,2026092704,coordinate_gauge,False
0.9446130394935608,True,173,0.0,1.0813395977020264,1.0055668354034424,0.8984253406524658,False,-1487.5699462890625,-22349.458984375,-73322.59375,2026092704,coordinate_gauge,False
0.9163194894790649,True,174,0.0,1.1645963191986084,1.005218744277954,0.8819909691810608,False,-8549.0751953125,-38795.5859375,-507834.75,2026092704,coordinate_gauge,False
0.9651439189910889,True,175,0.0,1.0635783672332764,1.0055986642837524,0.9077421426773071,False,1467.06298828125,-19841.572265625,-33788.5546875,2026092704,coordinate_gauge,False
0.9204976558685303,True,176,0.0,1.0683943033218384,1.0053712129592896,0.9065080881118774,False,-2709.642333984375,-20195.5234375,-43650.34375,2026092704,coordinate_gauge,False
0.9326651096343994,True,177,0.0,1.0619592666625977,1.0054293870925903,0.9081840515136719,False,19712.8359375,-20012.5625,-29124.5703125,2026092704,coordinate_gauge,False
0.9152238965034485,True,178,0.0,1.097368836402893,1.0053893327713013,0.9086278080940247,False,-12112.49609375,-21610.73828125,-35483.5,2026092704,coordinate_gauge,False
0.8970829248428345,True,179,0.0,1.140431523323059,1.005423903465271,0.8890582323074341,False,-6733.25341796875,-27812.7578125,-164209.78125,2026092704,coordinate_gauge,False
0.9478933215141296,True,180,0.0,1.0660316944122314,1.0054757595062256,0.9080919027328491,False,-2465.52490234375,-18865.7734375,-29622.970703125,2026092704,coordinate_gauge,False
0.9611727595329285,True,181,0.0,1.0985596179962158,1.005678415298462,0.8915536403656006,False,-9530.126953125,-23555.201171875,-102144.546875,2026092704,coordinate_gauge,False
0.9655358195304871,True,182,0.0,1.0641322135925293,1.0056222677230835,0.9081244468688965,False,-3321.152587890625,-20496.115234375,-34440.5703125,2026092704,coordinate_gauge,False
0.9448208808898926,True,183,0.0,1.07001793384552,1.005496621131897,0.9082273840904236,False,-8554.884765625,-20001.865234375,-29930.34375,2026092704,coordinate_gauge,False
0.954071581363678,True,184,0.0,1.071720838546753,1.0055867433547974,0.9070224165916443,False,-5364.3583984375,-21355.74609375,-51768.87890625,2026092704,coordinate_gauge,False
0.9349732398986816,True,185,0.0,1.0654182434082031,1.005470633506775,0.9081412553787231,False,2788.489501953125,-20843.57421875,-37764.89453125,2026092704,coordinate_gauge,False
0.926705002784729,True,186,0.0,1.0948983430862427,1.005096197128296,0.9078614115715027,False,192734.359375,-11606.5927734375,-29663.50390625,2026092704,coordinate_gauge,False
0.9086204171180725,True,187,0.0,1.1592075824737549,1.0050148963928223,0.8688634634017944,False,5447.78076171875,-41494.546875,-620115.375,2026092704,coordinate_gauge,False
0.935900866985321,True,188,0.0,1.0680612325668335,1.0053331851959229,0.9086431264877319,False,76379.171875,-16762.390625,-28699.609375,2026092704,coordinate_gauge,False
0.9324686527252197,True,189,0.0,1.0784910917282104,1.0055474042892456,0.9014902710914612,False,987.9216918945312,-23852.576171875,-66789.3125,2026092704,coordinate_gauge,False
0.9127261638641357,True,190,0.0,1.0955803394317627,1.0053720474243164,0.9062523245811462,False,10867.70703125,-21656.3359375,-43650.34375,2026092704,coordinate_gauge,False
0.970877468585968,True,191,0.0,1.0616298913955688,1.005639672279358,0.9085842370986938,False,-4335.9990234375,-20159.71484375,-28720.91796875,2026092704,coordinate_gauge,False
0.9387805461883545,True,192,0.0,1.0628786087036133,1.0054353475570679,0.9070637226104736,False,7840.19482421875,-19152.09375,-30914.53515625,2026092704,coordinate_gauge,False
0.950162947177887,True,193,0.0,1.066893219947815,1.00555419921875,0.9086240530014038,False,-4584.92333984375,-20968.541015625,-35785.75390625,2026092704,coordinate_gauge,False
0.9327518343925476,True,194,0.0,1.1770989894866943,1.0053585767745972,0.8757749199867249,False,-9793.3486328125,-35807.87109375,-441772.3125,2026092704,coordinate_gauge,False
0.9635884165763855,True,195,0.0,1.0777473449707031,1.0055912733078003,0.908817708492279,False,-11480.2138671875,-19858.646484375,-26368.16015625,2026092704,coordinate_gauge,False
0.9081805348396301,True,196,0.0,1.0728812217712402,1.0051220655441284,0.9078322649002075,False,80134.7109375,-14949.51171875,-31280.76171875,2026092704,coordinate_gauge,False
0.9660873413085938,True,197,0.0,1.0630860328674316,1.005609393119812,0.9070394039154053,False,1443.2974853515625,-20062.83203125,-31380.01171875,2026092704,coordinate_gauge,False
0.9464030265808105,True,198,0.0,1.0832712650299072,1.005480408668518,0.9061315655708313,False,12034.052734375,-19541.40625,-66783.140625,2026092704,coordinate_gauge,False
0.9295966029167175,True,199,0.0,1.1036027669906616,1.0054658651351929,0.9080979824066162,False,12034.052734375,-22051.072265625,-82153.78125,2026092704,coordinate_gauge,False
0.9288137555122375,True,200,0.0,1.1251707077026367,1.0050127506256104,0.8743334412574768,False,332660.6875,-7986.3388671875,-79863.625,2026092704,coordinate_gauge,False
