block,eligible_packets,epoch,relative_energy_fraction_max_error,relative_energy_fraction_variance_mean,seed,variant
time.0,28,1,2.2351741790771484e-08,0.0002564416790846735,2026092701,coupled_lag1
time.1,28,1,1.1175870895385742e-08,0.00014976877719163895,2026092701,coupled_lag1
time.2,28,1,1.4901161193847656e-08,0.0002934358490165323,2026092701,coupled_lag1
behavior.0,28,1,1.4901161193847656e-08,0.0001090763253159821,2026092701,coupled_lag1
behavior.1,28,1,1.4901161193847656e-08,0.0002975589013658464,2026092701,coupled_lag1
behavior.2,28,1,1.1175870895385742e-08,0.00018812163034453988,2026092701,coupled_lag1
time.0,28,2,1.4901161193847656e-08,0.00024310516892001033,2026092701,coupled_lag1
time.1,28,2,1.4901161193847656e-08,0.00013943140220362693,2026092701,coupled_lag1
time.2,28,2,2.2351741790771484e-08,0.00039443295099772513,2026092701,coupled_lag1
behavior.0,28,2,1.4901161193847656e-08,0.000156478927237913,2026092701,coupled_lag1
behavior.1,28,2,1.4901161193847656e-08,0.00020537889213301241,2026092701,coupled_lag1
behavior.2,28,2,1.1175870895385742e-08,0.00017427184502594173,2026092701,coupled_lag1
time.0,28,3,2.2351741790771484e-08,0.0002785142860375345,2026092701,coupled_lag1
time.1,28,3,1.4901161193847656e-08,0.00015709205763414502,2026092701,coupled_lag1
time.2,28,3,2.2351741790771484e-08,0.0003799153782892972,2026092701,coupled_lag1
behavior.0,28,3,1.1175870895385742e-08,0.00013551689335145056,2026092701,coupled_lag1
behavior.1,28,3,1.4901161193847656e-08,0.0002165493497159332,2026092701,coupled_lag1
behavior.2,28,3,1.4901161193847656e-08,0.00019559172505978495,2026092701,coupled_lag1
time.0,28,4,1.4901161193847656e-08,0.00025416139396838844,2026092701,coupled_lag1
time.1,28,4,1.4901161193847656e-08,0.00016297261754516512,2026092701,coupled_lag1
time.2,28,4,1.4901161193847656e-08,0.00039578278665430844,2026092701,coupled_lag1
behavior.0,28,4,1.4901161193847656e-08,0.0001498750934842974,2026092701,coupled_lag1
behavior.1,28,4,1.4901161193847656e-08,0.00019694904040079564,2026092701,coupled_lag1
behavior.2,28,4,1.4901161193847656e-08,0.00018583255587145686,2026092701,coupled_lag1
time.0,28,5,1.4901161193847656e-08,0.0003261358360759914,2026092701,coupled_lag1
time.1,28,5,1.4901161193847656e-08,0.00019806048658210784,2026092701,coupled_lag1
time.2,28,5,1.4901161193847656e-08,0.00042647524969652295,2026092701,coupled_lag1
behavior.0,28,5,1.4901161193847656e-08,0.00017117544484790415,2026092701,coupled_lag1
behavior.1,28,5,1.4901161193847656e-08,0.0001668846671236679,2026092701,coupled_lag1
behavior.2,28,5,1.1175870895385742e-08,0.00014758086763322353,2026092701,coupled_lag1
time.0,28,6,2.2351741790771484e-08,0.0003193648881278932,2026092701,coupled_lag1
time.1,28,6,1.4901161193847656e-08,0.0001979368826141581,2026092701,coupled_lag1
time.2,28,6,1.4901161193847656e-08,0.00043050426756963134,2026092701,coupled_lag1
behavior.0,28,6,1.4901161193847656e-08,0.00016593957843724638,2026092701,coupled_lag1
behavior.1,28,6,1.4901161193847656e-08,0.0001528467983007431,2026092701,coupled_lag1
behavior.2,28,6,1.4901161193847656e-08,0.00015524245100095868,2026092701,coupled_lag1
time.0,28,7,2.2351741790771484e-08,0.0003610877611208707,2026092701,coupled_lag1
time.1,28,7,1.4901161193847656e-08,0.00020850221335422248,2026092701,coupled_lag1
time.2,28,7,2.2351741790771484e-08,0.0004663993895519525,2026092701,coupled_lag1
behavior.0,28,7,1.4901161193847656e-08,0.00017520150868222117,2026092701,coupled_lag1
behavior.1,28,7,1.4901161193847656e-08,0.00015867847832851112,2026092701,coupled_lag1
behavior.2,28,7,1.4901161193847656e-08,0.00016221776604652405,2026092701,coupled_lag1
time.0,28,8,1.4901161193847656e-08,0.0003224310639780015,2026092701,coupled_lag1
time.1,28,8,1.4901161193847656e-08,0.00018688529962673783,2026092701,coupled_lag1
time.2,28,8,1.4901161193847656e-08,0.0004453877336345613,2026092701,coupled_lag1
behavior.0,28,8,1.4901161193847656e-08,0.0001492637093178928,2026092701,coupled_lag1
behavior.1,28,8,1.4901161193847656e-08,0.00014627781638409942,2026092701,coupled_lag1
behavior.2,28,8,1.4901161193847656e-08,0.000183051495696418,2026092701,coupled_lag1
time.0,28,9,1.4901161193847656e-08,0.0002625710912980139,2026092701,coupled_lag1
time.1,28,9,1.4901161193847656e-08,0.00017710443353280425,2026092701,coupled_lag1
time.2,28,9,1.4901161193847656e-08,0.0003795754455495626,2026092701,coupled_lag1
behavior.0,28,9,1.4901161193847656e-08,0.0001778461446519941,2026092701,coupled_lag1
behavior.1,28,9,1.4901161193847656e-08,0.00016017041343729943,2026092701,coupled_lag1
behavior.2,28,9,7.450580596923828e-09,0.00016815979324746877,2026092701,coupled_lag1
time.0,28,10,1.4901161193847656e-08,0.00025994976749643683,2026092701,coupled_lag1
time.1,28,10,1.4901161193847656e-08,0.0001729134382912889,2026092701,coupled_lag1
time.2,28,10,2.2351741790771484e-08,0.00036045224987901747,2026092701,coupled_lag1
behavior.0,28,10,1.4901161193847656e-08,0.00017670223314780742,2026092701,coupled_lag1
behavior.1,28,10,1.4901161193847656e-08,0.0001451321440981701,2026092701,coupled_lag1
behavior.2,28,10,1.4901161193847656e-08,0.0001625457953196019,2026092701,coupled_lag1
time.0,28,11,1.4901161193847656e-08,0.0003102862392552197,2026092701,coupled_lag1
time.1,28,11,1.4901161193847656e-08,0.00018377052037976682,2026092701,coupled_lag1
time.2,28,11,1.4901161193847656e-08,0.0004204902797937393,2026092701,coupled_lag1
behavior.0,28,11,1.4901161193847656e-08,0.00017489382298663259,2026092701,coupled_lag1
behavior.1,28,11,1.4901161193847656e-08,0.00013893700088374317,2026092701,coupled_lag1
behavior.2,28,11,1.4901161193847656e-08,0.000164453245815821,2026092701,coupled_lag1
time.0,28,12,1.4901161193847656e-08,0.000267678260570392,2026092701,coupled_lag1
time.1,28,12,1.4901161193847656e-08,0.0001516536285635084,2026092701,coupled_lag1
time.2,28,12,1.4901161193847656e-08,0.0004217576642986387,2026092701,coupled_lag1
behavior.0,28,12,1.4901161193847656e-08,0.00017941750411409885,2026092701,coupled_lag1
behavior.1,28,12,1.4901161193847656e-08,0.00013697594113182276,2026092701,coupled_lag1
behavior.2,28,12,1.1175870895385742e-08,0.00018573756096884608,2026092701,coupled_lag1
time.0,28,13,1.4901161193847656e-08,0.00026954172062687576,2026092701,coupled_lag1
time.1,28,13,1.4901161193847656e-08,0.00016599116497673094,2026092701,coupled_lag1
time.2,28,13,2.2351741790771484e-08,0.00042120905709452927,2026092701,coupled_lag1
behavior.0,28,13,1.4901161193847656e-08,0.00016069132834672928,2026092701,coupled_lag1
behavior.1,28,13,1.1175870895385742e-08,0.00013925340317655355,2026092701,coupled_lag1
behavior.2,28,13,1.4901161193847656e-08,0.00020489796588663012,2026092701,coupled_lag1
time.0,28,14,1.4901161193847656e-08,0.00032001856015995145,2026092701,coupled_lag1
time.1,28,14,1.4901161193847656e-08,0.00018987742078024894,2026092701,coupled_lag1
time.2,28,14,1.4901161193847656e-08,0.00048144609900191426,2026092701,coupled_lag1
behavior.0,28,14,2.2351741790771484e-08,0.00017913930059876293,2026092701,coupled_lag1
behavior.1,28,14,2.2351741790771484e-08,0.00014169156202115119,2026092701,coupled_lag1
behavior.2,28,14,1.1175870895385742e-08,0.000208424506126903,2026092701,coupled_lag1
time.0,28,15,1.4901161193847656e-08,0.0003109544049948454,2026092701,coupled_lag1
time.1,28,15,7.450580596923828e-09,0.000184162228833884,2026092701,coupled_lag1
time.2,28,15,2.9802322387695312e-08,0.0004790720995515585,2026092701,coupled_lag1
behavior.0,28,15,1.4901161193847656e-08,0.00017544307047501206,2026092701,coupled_lag1
behavior.1,28,15,1.862645149230957e-08,0.00013611212489195168,2026092701,coupled_lag1
behavior.2,28,15,1.4901161193847656e-08,0.0001818481250666082,2026092701,coupled_lag1
time.0,28,16,2.2351741790771484e-08,0.0003402857400942594,2026092701,coupled_lag1
time.1,28,16,1.4901161193847656e-08,0.00019259395776316524,2026092701,coupled_lag1
time.2,28,16,2.2351741790771484e-08,0.0004967550048604608,2026092701,coupled_lag1
behavior.0,28,16,1.4901161193847656e-08,0.0002178749127779156,2026092701,coupled_lag1
behavior.1,28,16,1.1175870895385742e-08,0.0001414446160197258,2026092701,coupled_lag1
behavior.2,28,16,1.4901161193847656e-08,0.00019239333050791174,2026092701,coupled_lag1
time.0,28,17,1.4901161193847656e-08,0.0003055211273021996,2026092701,coupled_lag1
time.1,28,17,1.1175870895385742e-08,0.00018322975665796548,2026092701,coupled_lag1
time.2,28,17,1.4901161193847656e-08,0.00046788985491730273,2026092701,coupled_lag1
behavior.0,28,17,1.4901161193847656e-08,0.00018156181613449007,2026092701,coupled_lag1
behavior.1,28,17,1.4901161193847656e-08,0.00012513990805018693,2026092701,coupled_lag1
behavior.2,28,17,1.4901161193847656e-08,0.00018311565509065986,2026092701,coupled_lag1
time.0,28,18,1.4901161193847656e-08,0.00035839955671690404,2026092701,coupled_lag1
time.1,28,18,1.4901161193847656e-08,0.00020956834487151355,2026092701,coupled_lag1
time.2,28,18,1.4901161193847656e-08,0.0005792596493847668,2026092701,coupled_lag1
behavior.0,28,18,2.2351741790771484e-08,0.00020874619076494128,2026092701,coupled_lag1
behavior.1,28,18,1.4901161193847656e-08,0.00013798108557239175,2026092701,coupled_lag1
behavior.2,28,18,1.1175870895385742e-08,0.00016306819452438504,2026092701,coupled_lag1
time.0,28,19,2.2351741790771484e-08,0.0003388579352758825,2026092701,coupled_lag1
time.1,28,19,2.2351741790771484e-08,0.0001885992824099958,2026092701,coupled_lag1
time.2,28,19,1.4901161193847656e-08,0.0005163723835721612,2026092701,coupled_lag1
behavior.0,28,19,1.4901161193847656e-08,0.00020506569126155227,2026092701,coupled_lag1
behavior.1,28,19,1.4901161193847656e-08,0.00013169676822144538,2026092701,coupled_lag1
behavior.2,28,19,1.4901161193847656e-08,0.00017062918050214648,2026092701,coupled_lag1
time.0,28,20,1.4901161193847656e-08,0.00038212345680221915,2026092701,coupled_lag1
time.1,28,20,1.1175870895385742e-08,0.00023542105918750167,2026092701,coupled_lag1
time.2,28,20,2.9802322387695312e-08,0.0006029714713804424,2026092701,coupled_lag1
behavior.0,28,20,1.4901161193847656e-08,0.00020826356194447726,2026092701,coupled_lag1
behavior.1,28,20,1.1175870895385742e-08,0.00013607963046524674,2026092701,coupled_lag1
behavior.2,28,20,1.4901161193847656e-08,0.0001816082076402381,2026092701,coupled_lag1
time.0,28,21,1.4901161193847656e-08,0.0003452661621849984,2026092701,coupled_lag1
time.1,28,21,1.4901161193847656e-08,0.00022237020311877131,2026092701,coupled_lag1
time.2,28,21,2.9802322387695312e-08,0.0005563434096984565,2026092701,coupled_lag1
behavior.0,28,21,1.4901161193847656e-08,0.00019735553360078484,2026092701,coupled_lag1
behavior.1,28,21,1.4901161193847656e-08,0.00012319204688537866,2026092701,coupled_lag1
behavior.2,28,21,1.4901161193847656e-08,0.00018262784578837454,2026092701,coupled_lag1
time.0,28,22,2.2351741790771484e-08,0.00031015858985483646,2026092701,coupled_lag1
time.1,28,22,1.4901161193847656e-08,0.0001894502784125507,2026092701,coupled_lag1
time.2,28,22,2.2351741790771484e-08,0.0005345867248252034,2026092701,coupled_lag1
behavior.0,28,22,2.2351741790771484e-08,0.00023497120128013194,2026092701,coupled_lag1
behavior.1,28,22,1.4901161193847656e-08,0.00013047551328781992,2026092701,coupled_lag1
behavior.2,28,22,1.4901161193847656e-08,0.00021292120800353587,2026092701,coupled_lag1
time.0,28,23,1.4901161193847656e-08,0.00029131764313206077,2026092701,coupled_lag1
time.1,28,23,1.4901161193847656e-08,0.0001768174406606704,2026092701,coupled_lag1
time.2,28,23,1.4901161193847656e-08,0.0005334086017683148,2026092701,coupled_lag1
behavior.0,28,23,1.4901161193847656e-08,0.0001947238197317347,2026092701,coupled_lag1
behavior.1,28,23,1.4901161193847656e-08,0.0001243605511263013,2026092701,coupled_lag1
behavior.2,28,23,1.4901161193847656e-08,0.00019906261877622455,2026092701,coupled_lag1
time.0,28,24,2.2351741790771484e-08,0.0003434934769757092,2026092701,coupled_lag1
time.1,28,24,1.4901161193847656e-08,0.00020313842105679214,2026092701,coupled_lag1
time.2,28,24,1.4901161193847656e-08,0.0005995494429953396,2026092701,coupled_lag1
behavior.0,28,24,1.1175870895385742e-08,0.0002029043680522591,2026092701,coupled_lag1
behavior.1,28,24,1.1175870895385742e-08,0.00012395349040161818,2026092701,coupled_lag1
behavior.2,28,24,1.4901161193847656e-08,0.00021372444462031126,2026092701,coupled_lag1
time.0,28,25,1.4901161193847656e-08,0.00034943351056426764,2026092701,coupled_lag1
time.1,28,25,1.4901161193847656e-08,0.00021425343584269285,2026092701,coupled_lag1
time.2,28,25,1.4901161193847656e-08,0.0006385750020854175,2026092701,coupled_lag1
behavior.0,28,25,1.4901161193847656e-08,0.0001731080119498074,2026092701,coupled_lag1
behavior.1,28,25,1.1175870895385742e-08,0.00011187932250322774,2026092701,coupled_lag1
behavior.2,28,25,1.4901161193847656e-08,0.00019590245210565627,2026092701,coupled_lag1
time.0,28,26,1.4901161193847656e-08,0.0004035631427541375,2026092701,coupled_lag1
time.1,28,26,1.4901161193847656e-08,0.00023411658185068518,2026092701,coupled_lag1
time.2,28,26,2.9802322387695312e-08,0.0007167505682446063,2026092701,coupled_lag1
behavior.0,28,26,1.4901161193847656e-08,0.0001788856607163325,2026092701,coupled_lag1
behavior.1,28,26,1.4901161193847656e-08,0.00010895740706473589,2026092701,coupled_lag1
behavior.2,28,26,1.4901161193847656e-08,0.00020541247795335948,2026092701,coupled_lag1
time.0,28,27,2.2351741790771484e-08,0.0004220252449158579,2026092701,coupled_lag1
time.1,28,27,1.4901161193847656e-08,0.0002383762621320784,2026092701,coupled_lag1
time.2,28,27,2.2351741790771484e-08,0.0006867409101687372,2026092701,coupled_lag1
behavior.0,28,27,1.4901161193847656e-08,0.00021118791482876986,2026092701,coupled_lag1
behavior.1,28,27,1.4901161193847656e-08,0.00011500312393764034,2026092701,coupled_lag1
behavior.2,28,27,1.1175870895385742e-08,0.00016841705655679107,2026092701,coupled_lag1
time.0,28,28,1.4901161193847656e-08,0.0002972405927721411,2026092701,coupled_lag1
time.1,28,28,1.4901161193847656e-08,0.00016771421360317618,2026092701,coupled_lag1
time.2,28,28,2.2351741790771484e-08,0.0005942650604993105,2026092701,coupled_lag1
behavior.0,28,28,1.4901161193847656e-08,0.00017937812663149089,2026092701,coupled_lag1
behavior.1,28,28,1.4901161193847656e-08,0.00011119808914372697,2026092701,coupled_lag1
behavior.2,28,28,1.4901161193847656e-08,0.00021010483033023775,2026092701,coupled_lag1
time.0,28,29,1.4901161193847656e-08,0.0003586202801670879,2026092701,coupled_lag1
time.1,28,29,1.4901161193847656e-08,0.00020087922166567296,2026092701,coupled_lag1
time.2,28,29,1.4901161193847656e-08,0.0006820095586590469,2026092701,coupled_lag1
behavior.0,28,29,1.4901161193847656e-08,0.00019366997003089637,2026092701,coupled_lag1
behavior.1,28,29,1.4901161193847656e-08,0.0001167050504591316,2026092701,coupled_lag1
behavior.2,28,29,1.4901161193847656e-08,0.0001713644596748054,2026092701,coupled_lag1
time.0,28,30,2.2351741790771484e-08,0.0003270444576628506,2026092701,coupled_lag1
time.1,28,30,1.4901161193847656e-08,0.00018001646094489843,2026092701,coupled_lag1
time.2,28,30,2.2351741790771484e-08,0.0006570079131051898,2026092701,coupled_lag1
behavior.0,28,30,1.4901161193847656e-08,0.0002148730563931167,2026092701,coupled_lag1
behavior.1,28,30,1.4901161193847656e-08,0.000121729273814708,2026092701,coupled_lag1
behavior.2,28,30,1.4901161193847656e-08,0.00017610928625799716,2026092701,coupled_lag1
time.0,28,31,1.4901161193847656e-08,0.0003277540090493858,2026092701,coupled_lag1
time.1,28,31,1.4901161193847656e-08,0.000195531829376705,2026092701,coupled_lag1
time.2,28,31,2.9802322387695312e-08,0.0006487847422249615,2026092701,coupled_lag1
behavior.0,28,31,1.4901161193847656e-08,0.00022834369156043977,2026092701,coupled_lag1
behavior.1,28,31,1.4901161193847656e-08,0.000123121528304182,2026092701,coupled_lag1
behavior.2,28,31,1.4901161193847656e-08,0.00019558875646907836,2026092701,coupled_lag1
time.0,28,32,1.4901161193847656e-08,0.0003584232472348958,2026092701,coupled_lag1
time.1,28,32,1.4901161193847656e-08,0.00020732318807858974,2026092701,coupled_lag1
time.2,28,32,2.2351741790771484e-08,0.0006539848982356489,2026092701,coupled_lag1
behavior.0,28,32,1.4901161193847656e-08,0.0001870847336249426,2026092701,coupled_lag1
behavior.1,28,32,1.4901161193847656e-08,0.00011309322144370526,2026092701,coupled_lag1
behavior.2,28,32,1.4901161193847656e-08,0.00021082645980641246,2026092701,coupled_lag1
time.0,28,33,1.862645149230957e-08,0.0002716700255405158,2026092701,coupled_lag1
time.1,28,33,1.4901161193847656e-08,0.00017237929569091648,2026092701,coupled_lag1
time.2,28,33,1.4901161193847656e-08,0.000551774981431663,2026092701,coupled_lag1
behavior.0,28,33,1.4901161193847656e-08,0.00022783273016102612,2026092701,coupled_lag1
behavior.1,28,33,1.1175870895385742e-08,0.00011873952462337911,2026092701,coupled_lag1
behavior.2,28,33,1.4901161193847656e-08,0.00016413905541412532,2026092701,coupled_lag1
time.0,28,34,2.2351741790771484e-08,0.00028933348949067295,2026092701,coupled_lag1
time.1,28,34,1.1175870895385742e-08,0.00018033100059255958,2026092701,coupled_lag1
time.2,28,34,2.2351741790771484e-08,0.0006359250983223319,2026092701,coupled_lag1
behavior.0,28,34,1.4901161193847656e-08,0.00017919424863066524,2026092701,coupled_lag1
behavior.1,28,34,1.4901161193847656e-08,0.00011223311594221741,2026092701,coupled_lag1
behavior.2,28,34,1.4901161193847656e-08,0.0002319885097676888,2026092701,coupled_lag1
time.0,28,35,1.4901161193847656e-08,0.0004113407921977341,2026092701,coupled_lag1
time.1,28,35,1.4901161193847656e-08,0.0002456849324516952,2026092701,coupled_lag1
time.2,28,35,1.4901161193847656e-08,0.0008142389124259353,2026092701,coupled_lag1
behavior.0,28,35,1.4901161193847656e-08,0.00019203168631065637,2026092701,coupled_lag1
behavior.1,28,35,1.1175870895385742e-08,0.0001215384472743608,2026092701,coupled_lag1
behavior.2,28,35,1.4901161193847656e-08,0.00020299101015552878,2026092701,coupled_lag1
time.0,28,36,1.4901161193847656e-08,0.0002972219663206488,2026092701,coupled_lag1
time.1,28,36,2.2351741790771484e-08,0.00018673787417355925,2026092701,coupled_lag1
time.2,28,36,2.2351741790771484e-08,0.0006087303045205772,2026092701,coupled_lag1
behavior.0,28,36,1.1175870895385742e-08,0.00021402067795861512,2026092701,coupled_lag1
behavior.1,28,36,1.4901161193847656e-08,0.0001115999766625464,2026092701,coupled_lag1
behavior.2,28,36,1.4901161193847656e-08,0.0001867833052529022,2026092701,coupled_lag1
time.0,28,37,2.2351741790771484e-08,0.00036140394513495266,2026092701,coupled_lag1
time.1,28,37,1.1175870895385742e-08,0.00020176662656012923,2026092701,coupled_lag1
time.2,28,37,2.2351741790771484e-08,0.0007412600098177791,2026092701,coupled_lag1
behavior.0,28,37,1.4901161193847656e-08,0.00021218429901637137,2026092701,coupled_lag1
behavior.1,28,37,1.4901161193847656e-08,0.00011840993829537183,2026092701,coupled_lag1
behavior.2,28,37,1.4901161193847656e-08,0.00021566842042375356,2026092701,coupled_lag1
time.0,28,38,1.4901161193847656e-08,0.00033644901122897863,2026092701,coupled_lag1
time.1,28,38,1.1175870895385742e-08,0.00019572647579479963,2026092701,coupled_lag1
time.2,28,38,2.9802322387695312e-08,0.0007350121741183102,2026092701,coupled_lag1
behavior.0,28,38,1.4901161193847656e-08,0.00023065511777531356,2026092701,coupled_lag1
behavior.1,28,38,1.1175870895385742e-08,0.0001237879623658955,2026092701,coupled_lag1
behavior.2,28,38,2.2351741790771484e-08,0.00019808752404060215,2026092701,coupled_lag1
time.0,28,39,1.4901161193847656e-08,0.00032711561652831733,2026092701,coupled_lag1
time.1,28,39,1.4901161193847656e-08,0.00018570121028460562,2026092701,coupled_lag1
time.2,28,39,2.2351741790771484e-08,0.0007529860595241189,2026092701,coupled_lag1
behavior.0,28,39,1.4901161193847656e-08,0.0001783893967512995,2026092701,coupled_lag1
behavior.1,28,39,7.450580596923828e-09,0.00010246845340589061,2026092701,coupled_lag1
behavior.2,28,39,1.4901161193847656e-08,0.00022017737501300871,2026092701,coupled_lag1
time.0,28,40,1.4901161193847656e-08,0.0002732132561504841,2026092701,coupled_lag1
time.1,28,40,1.4901161193847656e-08,0.00015904824249446392,2026092701,coupled_lag1
time.2,28,40,2.9802322387695312e-08,0.0006082995096221566,2026092701,coupled_lag1
behavior.0,28,40,1.4901161193847656e-08,0.00021093414397910237,2026092701,coupled_lag1
behavior.1,28,40,1.4901161193847656e-08,0.0001158330196631141,2026092701,coupled_lag1
behavior.2,28,40,1.4901161193847656e-08,0.00021228252444416285,2026092701,coupled_lag1
time.0,28,41,1.4901161193847656e-08,0.0003525491920299828,2026092701,coupled_lag1
time.1,28,41,1.4901161193847656e-08,0.00019279761181678623,2026092701,coupled_lag1
time.2,28,41,2.9802322387695312e-08,0.0007344550685957074,2026092701,coupled_lag1
behavior.0,28,41,1.4901161193847656e-08,0.00020286031940486282,2026092701,coupled_lag1
behavior.1,28,41,1.4901161193847656e-08,0.00011198309948667884,2026092701,coupled_lag1
behavior.2,28,41,1.4901161193847656e-08,0.0001814179850043729,2026092701,coupled_lag1
time.0,28,42,1.4901161193847656e-08,0.00041297796997241676,2026092701,coupled_lag1
time.1,28,42,1.4901161193847656e-08,0.00023645912006031722,2026092701,coupled_lag1
time.2,28,42,1.4901161193847656e-08,0.000810858968179673,2026092701,coupled_lag1
behavior.0,28,42,1.4901161193847656e-08,0.00026107829762622714,2026092701,coupled_lag1
behavior.1,28,42,1.4901161193847656e-08,0.00012860383139923215,2026092701,coupled_lag1
behavior.2,28,42,1.4901161193847656e-08,0.00018521408492233604,2026092701,coupled_lag1
time.0,28,43,2.2351741790771484e-08,0.0002955318195745349,2026092701,coupled_lag1
time.1,28,43,1.4901161193847656e-08,0.00017619639402255416,2026092701,coupled_lag1
time.2,28,43,2.2351741790771484e-08,0.0006597668980248272,2026092701,coupled_lag1
behavior.0,28,43,1.4901161193847656e-08,0.00018637861649040133,2026092701,coupled_lag1
behavior.1,28,43,1.4901161193847656e-08,0.00010882874630624428,2026092701,coupled_lag1
behavior.2,28,43,1.4901161193847656e-08,0.00022541751968674362,2026092701,coupled_lag1
time.0,28,44,1.4901161193847656e-08,0.0003232339513488114,2026092701,coupled_lag1
time.1,28,44,1.4901161193847656e-08,0.00018898065900430083,2026092701,coupled_lag1
time.2,28,44,1.4901161193847656e-08,0.0006995674921199679,2026092701,coupled_lag1
behavior.0,28,44,1.4901161193847656e-08,0.00022196953068487346,2026092701,coupled_lag1
behavior.1,28,44,1.4901161193847656e-08,0.00011569164780667052,2026092701,coupled_lag1
behavior.2,28,44,1.4901161193847656e-08,0.00019537837943062186,2026092701,coupled_lag1
time.0,28,45,2.2351741790771484e-08,0.00031821211450733244,2026092701,coupled_lag1
time.1,28,45,1.4901161193847656e-08,0.00018086688942275941,2026092701,coupled_lag1
time.2,28,45,2.2351741790771484e-08,0.0007164811249822378,2026092701,coupled_lag1
behavior.0,28,45,1.4901161193847656e-08,0.0002162832533940673,2026092701,coupled_lag1
behavior.1,28,45,1.4901161193847656e-08,0.00011592938972171396,2026092701,coupled_lag1
behavior.2,28,45,1.4901161193847656e-08,0.0002057432138826698,2026092701,coupled_lag1
time.0,28,46,2.2351741790771484e-08,0.00036184609052725136,2026092701,coupled_lag1
time.1,28,46,1.1175870895385742e-08,0.0002136360271833837,2026092701,coupled_lag1
time.2,28,46,2.9802322387695312e-08,0.0008150105131790042,2026092701,coupled_lag1
behavior.0,28,46,1.4901161193847656e-08,0.0001774210832081735,2026092701,coupled_lag1
behavior.1,28,46,1.1175870895385742e-08,0.00010892905993387103,2026092701,coupled_lag1
behavior.2,28,46,1.4901161193847656e-08,0.00021015686797909439,2026092701,coupled_lag1
time.0,28,47,1.4901161193847656e-08,0.00035476646735332906,2026092701,coupled_lag1
time.1,28,47,1.4901161193847656e-08,0.00021116626157891005,2026092701,coupled_lag1
time.2,28,47,2.9802322387695312e-08,0.0008022375986911356,2026092701,coupled_lag1
behavior.0,28,47,1.4901161193847656e-08,0.000208018216653727,2026092701,coupled_lag1
behavior.1,28,47,1.1175870895385742e-08,9.658341878093779e-05,2026092701,coupled_lag1
behavior.2,28,47,1.4901161193847656e-08,0.00023134698858484626,2026092701,coupled_lag1
time.0,28,48,1.4901161193847656e-08,0.0002862992405425757,2026092701,coupled_lag1
time.1,28,48,1.4901161193847656e-08,0.00017892425239551812,2026092701,coupled_lag1
time.2,28,48,1.4901161193847656e-08,0.0006640932988375425,2026092701,coupled_lag1
behavior.0,28,48,1.4901161193847656e-08,0.0002160956646548584,2026092701,coupled_lag1
behavior.1,28,48,1.1175870895385742e-08,0.00011729610559996217,2026092701,coupled_lag1
behavior.2,28,48,1.4901161193847656e-08,0.00022651944891549647,2026092701,coupled_lag1
time.0,28,49,1.4901161193847656e-08,0.00040070287650451064,2026092701,coupled_lag1
time.1,28,49,1.4901161193847656e-08,0.0002186892816098407,2026092701,coupled_lag1
time.2,28,49,2.9802322387695312e-08,0.000866514805238694,2026092701,coupled_lag1
behavior.0,28,49,1.4901161193847656e-08,0.00024079647846519947,2026092701,coupled_lag1
behavior.1,28,49,1.4901161193847656e-08,0.0001163921770057641,2026092701,coupled_lag1
behavior.2,28,49,1.4901161193847656e-08,0.00019827998767141253,2026092701,coupled_lag1
time.0,28,50,1.4901161193847656e-08,0.0003302178520243615,2026092701,coupled_lag1
time.1,28,50,1.4901161193847656e-08,0.0001933508610818535,2026092701,coupled_lag1
time.2,28,50,2.9802322387695312e-08,0.000747581769246608,2026092701,coupled_lag1
behavior.0,28,50,1.4901161193847656e-08,0.00018258937052451074,2026092701,coupled_lag1
behavior.1,28,50,1.1175870895385742e-08,0.00010968792776111513,2026092701,coupled_lag1
behavior.2,28,50,1.4901161193847656e-08,0.00021277206542436033,2026092701,coupled_lag1
time.0,28,51,2.2351741790771484e-08,0.0002989129279740155,2026092701,coupled_lag1
time.1,28,51,1.1175870895385742e-08,0.00016976708138827235,2026092701,coupled_lag1
time.2,28,51,2.2351741790771484e-08,0.0006546967197209597,2026092701,coupled_lag1
behavior.0,28,51,1.4901161193847656e-08,0.00021413232025224715,2026092701,coupled_lag1
behavior.1,28,51,1.1175870895385742e-08,0.0001073916646419093,2026092701,coupled_lag1
behavior.2,28,51,1.4901161193847656e-08,0.00020960663096047938,2026092701,coupled_lag1
time.0,28,52,2.2351741790771484e-08,0.000255776772974059,2026092701,coupled_lag1
time.1,28,52,1.1175870895385742e-08,0.00016086203686427325,2026092701,coupled_lag1
time.2,28,52,1.4901161193847656e-08,0.0006020847940817475,2026092701,coupled_lag1
behavior.0,28,52,1.4901161193847656e-08,0.00018562344484962523,2026092701,coupled_lag1
behavior.1,28,52,7.450580596923828e-09,0.0001068624624167569,2026092701,coupled_lag1
behavior.2,28,52,1.4901161193847656e-08,0.0002133239759132266,2026092701,coupled_lag1
time.0,28,53,1.4901161193847656e-08,0.00031101482454687357,2026092701,coupled_lag1
time.1,28,53,1.4901161193847656e-08,0.00016422463522758335,2026092701,coupled_lag1
time.2,28,53,1.4901161193847656e-08,0.0006824283045716584,2026092701,coupled_lag1
behavior.0,28,53,1.4901161193847656e-08,0.00020350777776911855,2026092701,coupled_lag1
behavior.1,28,53,1.4901161193847656e-08,0.0001106240160879679,2026092701,coupled_lag1
behavior.2,28,53,1.4901161193847656e-08,0.00021867398754693568,2026092701,coupled_lag1
time.0,28,54,1.4901161193847656e-08,0.00026128985336981714,2026092701,coupled_lag1
time.1,28,54,1.1175870895385742e-08,0.00015555213030893356,2026092701,coupled_lag1
time.2,28,54,1.4901161193847656e-08,0.0006359291728585958,2026092701,coupled_lag1
behavior.0,28,54,1.4901161193847656e-08,0.00020284349739085883,2026092701,coupled_lag1
behavior.1,28,54,1.1175870895385742e-08,0.00011211010860279202,2026092701,coupled_lag1
behavior.2,28,54,1.4901161193847656e-08,0.00021820802066940814,2026092701,coupled_lag1
time.0,28,55,2.2351741790771484e-08,0.0002479739487171173,2026092701,coupled_lag1
time.1,28,55,1.1175870895385742e-08,0.00014493548951577395,2026092701,coupled_lag1
time.2,28,55,1.4901161193847656e-08,0.000622703111730516,2026092701,coupled_lag1
behavior.0,28,55,2.2351741790771484e-08,0.00017423862300347537,2026092701,coupled_lag1
behavior.1,28,55,1.1175870895385742e-08,0.0001077020206139423,2026092701,coupled_lag1
behavior.2,28,55,7.450580596923828e-09,0.00021953911345917732,2026092701,coupled_lag1
time.0,28,56,1.4901161193847656e-08,0.0003291672619525343,2026092701,coupled_lag1
time.1,28,56,1.1175870895385742e-08,0.00018949704826809466,2026092701,coupled_lag1
time.2,28,56,1.4901161193847656e-08,0.0007877942989580333,2026092701,coupled_lag1
behavior.0,28,56,1.4901161193847656e-08,0.00017773114086594433,2026092701,coupled_lag1
behavior.1,28,56,1.1175870895385742e-08,0.00010376071440987289,2026092701,coupled_lag1
behavior.2,28,56,1.4901161193847656e-08,0.00022675773652736098,2026092701,coupled_lag1
time.0,28,57,1.4901161193847656e-08,0.00023663676984142512,2026092701,coupled_lag1
time.1,28,57,1.1175870895385742e-08,0.00014074420323595405,2026092701,coupled_lag1
time.2,28,57,2.9802322387695312e-08,0.0005977781838737428,2026092701,coupled_lag1
behavior.0,28,57,1.4901161193847656e-08,0.00021891333744861186,2026092701,coupled_lag1
behavior.1,28,57,2.2351741790771484e-08,0.00011245040514040738,2026092701,coupled_lag1
behavior.2,28,57,1.4901161193847656e-08,0.00019412583787925541,2026092701,coupled_lag1
time.0,28,58,1.4901161193847656e-08,0.00032385531812906265,2026092701,coupled_lag1
time.1,28,58,1.4901161193847656e-08,0.00019592716125771403,2026092701,coupled_lag1
time.2,28,58,1.4901161193847656e-08,0.000754414708353579,2026092701,coupled_lag1
behavior.0,28,58,1.4901161193847656e-08,0.00019117545161861926,2026092701,coupled_lag1
behavior.1,28,58,1.4901161193847656e-08,0.00010418037709314376,2026092701,coupled_lag1
behavior.2,28,58,1.4901161193847656e-08,0.0002144343452528119,2026092701,coupled_lag1
time.0,28,59,2.2351741790771484e-08,0.00025831523817032576,2026092701,coupled_lag1
time.1,28,59,1.4901161193847656e-08,0.00016342304297722876,2026092701,coupled_lag1
time.2,28,59,2.9802322387695312e-08,0.0007324179750867188,2026092701,coupled_lag1
behavior.0,28,59,1.4901161193847656e-08,0.00019530364079400897,2026092701,coupled_lag1
behavior.1,28,59,1.1175870895385742e-08,0.00010798779840115458,2026092701,coupled_lag1
behavior.2,28,59,1.4901161193847656e-08,0.00024105876218527555,2026092701,coupled_lag1
time.0,28,60,1.4901161193847656e-08,0.00030447906465269625,2026092701,coupled_lag1
time.1,28,60,1.4901161193847656e-08,0.00019252758647780865,2026092701,coupled_lag1
time.2,28,60,2.9802322387695312e-08,0.0008183656609617174,2026092701,coupled_lag1
behavior.0,28,60,1.4901161193847656e-08,0.0001898462069220841,2026092701,coupled_lag1
behavior.1,28,60,7.450580596923828e-09,0.00010200623364653438,2026092701,coupled_lag1
behavior.2,28,60,7.450580596923828e-09,0.00019753086962737143,2026092701,coupled_lag1
time.0,28,61,2.2351741790771484e-08,0.0003144990769214928,2026092701,coupled_lag1
time.1,28,61,1.4901161193847656e-08,0.00020005049009341747,2026092701,coupled_lag1
time.2,28,61,2.9802322387695312e-08,0.0008306224481202662,2026092701,coupled_lag1
behavior.0,28,61,1.4901161193847656e-08,0.0002105461317114532,2026092701,coupled_lag1
behavior.1,28,61,1.4901161193847656e-08,0.00011378317867638543,2026092701,coupled_lag1
behavior.2,28,61,1.4901161193847656e-08,0.00020535227668005973,2026092701,coupled_lag1
time.0,28,62,2.2351741790771484e-08,0.0003023217141162604,2026092701,coupled_lag1
time.1,28,62,1.4901161193847656e-08,0.00016975619655568153,2026092701,coupled_lag1
time.2,28,62,2.9802322387695312e-08,0.0007164335693232715,2026092701,coupled_lag1
behavior.0,28,62,1.4901161193847656e-08,0.0002096466487273574,2026092701,coupled_lag1
behavior.1,28,62,7.450580596923828e-09,0.0001081485315808095,2026092701,coupled_lag1
behavior.2,28,62,1.1175870895385742e-08,0.00020691071404144168,2026092701,coupled_lag1
time.0,28,63,2.2351741790771484e-08,0.0002848345902748406,2026092701,coupled_lag1
time.1,28,63,1.4901161193847656e-08,0.00018270195869263262,2026092701,coupled_lag1
time.2,28,63,1.4901161193847656e-08,0.0007169715827330947,2026092701,coupled_lag1
behavior.0,28,63,1.4901161193847656e-08,0.00020036139176227152,2026092701,coupled_lag1
behavior.1,28,63,1.4901161193847656e-08,0.00011061219265684485,2026092701,coupled_lag1
behavior.2,28,63,1.4901161193847656e-08,0.00024899528943933547,2026092701,coupled_lag1
time.0,28,64,1.4901161193847656e-08,0.0003294109192211181,2026092701,coupled_lag1
time.1,28,64,1.4901161193847656e-08,0.00019791341037489474,2026092701,coupled_lag1
time.2,28,64,2.9802322387695312e-08,0.0008364134118892252,2026092701,coupled_lag1
behavior.0,28,64,1.4901161193847656e-08,0.00019860231259372085,2026092701,coupled_lag1
behavior.1,28,64,1.1175870895385742e-08,0.00011236409045523033,2026092701,coupled_lag1
behavior.2,28,64,1.1175870895385742e-08,0.00022290126071311533,2026092701,coupled_lag1
time.0,28,65,1.4901161193847656e-08,0.0002573124074842781,2026092701,coupled_lag1
time.1,28,65,1.4901161193847656e-08,0.00016058461915235966,2026092701,coupled_lag1
time.2,28,65,2.9802322387695312e-08,0.000690741406287998,2026092701,coupled_lag1
behavior.0,28,65,1.4901161193847656e-08,0.0001980399392778054,2026092701,coupled_lag1
behavior.1,28,65,7.450580596923828e-09,0.000109364467789419,2026092701,coupled_lag1
behavior.2,28,65,1.4901161193847656e-08,0.00021130558161530644,2026092701,coupled_lag1
time.0,28,66,2.2351741790771484e-08,0.0002757037873379886,2026092701,coupled_lag1
time.1,28,66,1.1175870895385742e-08,0.0001638688991079107,2026092701,coupled_lag1
time.2,28,66,2.9802322387695312e-08,0.0007002021884545684,2026092701,coupled_lag1
behavior.0,28,66,1.1175870895385742e-08,0.0001910817954922095,2026092701,coupled_lag1
behavior.1,28,66,1.4901161193847656e-08,0.00010838903108378872,2026092701,coupled_lag1
behavior.2,28,66,1.4901161193847656e-08,0.0002305152011103928,2026092701,coupled_lag1
time.0,28,67,1.4901161193847656e-08,0.00031648058211430907,2026092701,coupled_lag1
time.1,28,67,1.4901161193847656e-08,0.00018815571093000472,2026092701,coupled_lag1
time.2,28,67,2.9802322387695312e-08,0.0007696942193433642,2026092701,coupled_lag1
behavior.0,28,67,1.862645149230957e-08,0.00019192004401702434,2026092701,coupled_lag1
behavior.1,28,67,1.1175870895385742e-08,0.00010126161214429885,2026092701,coupled_lag1
behavior.2,28,67,1.4901161193847656e-08,0.00021755919442512095,2026092701,coupled_lag1
time.0,28,68,2.2351741790771484e-08,0.000300963525660336,2026092701,coupled_lag1
time.1,28,68,1.4901161193847656e-08,0.0001936029439093545,2026092701,coupled_lag1
time.2,28,68,1.4901161193847656e-08,0.0007876920280978084,2026092701,coupled_lag1
behavior.0,28,68,2.2351741790771484e-08,0.00019080138008575886,2026092701,coupled_lag1
behavior.1,28,68,1.4901161193847656e-08,0.00010636135266395286,2026092701,coupled_lag1
behavior.2,28,68,1.4901161193847656e-08,0.00021319993538782,2026092701,coupled_lag1
time.0,28,69,2.2351741790771484e-08,0.0003192553704138845,2026092701,coupled_lag1
time.1,28,69,1.4901161193847656e-08,0.00019336909463163465,2026092701,coupled_lag1
time.2,28,69,2.9802322387695312e-08,0.0010020624613389373,2026092701,coupled_lag1
behavior.0,28,69,1.4901161193847656e-08,0.00021025081514380872,2026092701,coupled_lag1
behavior.1,28,69,1.4901161193847656e-08,0.00011436451313784346,2026092701,coupled_lag1
behavior.2,28,69,1.4901161193847656e-08,0.00022428487136494368,2026092701,coupled_lag1
time.0,28,70,1.4901161193847656e-08,0.0002817916392814368,2026092701,coupled_lag1
time.1,28,70,1.1175870895385742e-08,0.00018374522915109992,2026092701,coupled_lag1
time.2,28,70,2.9802322387695312e-08,0.0009760897373780608,2026092701,coupled_lag1
behavior.0,28,70,1.4901161193847656e-08,0.00019666500156745315,2026092701,coupled_lag1
behavior.1,28,70,1.1175870895385742e-08,0.00011543845175765455,2026092701,coupled_lag1
behavior.2,28,70,2.2351741790771484e-08,0.00021632641437463462,2026092701,coupled_lag1
time.0,28,71,1.862645149230957e-08,0.0003514057316351682,2026092701,coupled_lag1
time.1,28,71,1.4901161193847656e-08,0.00021982067846693099,2026092701,coupled_lag1
time.2,28,71,5.960464477539063e-08,0.0011136950924992561,2026092701,coupled_lag1
behavior.0,28,71,1.4901161193847656e-08,0.0002028948802035302,2026092701,coupled_lag1
behavior.1,28,71,1.4901161193847656e-08,0.00010718802514020354,2026092701,coupled_lag1
behavior.2,28,71,1.4901161193847656e-08,0.00020276707073207945,2026092701,coupled_lag1
time.0,28,72,1.4901161193847656e-08,0.00036025853478349745,2026092701,coupled_lag1
time.1,28,72,1.4901161193847656e-08,0.00021728726278524846,2026092701,coupled_lag1
time.2,28,72,2.9802322387695312e-08,0.0010262146824970841,2026092701,coupled_lag1
behavior.0,28,72,1.4901161193847656e-08,0.00019696449453476816,2026092701,coupled_lag1
behavior.1,28,72,1.4901161193847656e-08,0.00010973533790092915,2026092701,coupled_lag1
behavior.2,28,72,1.4901161193847656e-08,0.0002497350797057152,2026092701,coupled_lag1
time.0,28,73,1.4901161193847656e-08,0.0004234236548654735,2026092701,coupled_lag1
time.1,28,73,1.4901161193847656e-08,0.00026662315940484405,2026092701,coupled_lag1
time.2,28,73,2.9802322387695312e-08,0.0011247409274801612,2026092701,coupled_lag1
behavior.0,28,73,1.4901161193847656e-08,0.00023949326714500785,2026092701,coupled_lag1
behavior.1,28,73,1.4901161193847656e-08,0.00012369133764877915,2026092701,coupled_lag1
behavior.2,28,73,1.1175870895385742e-08,0.00021776807261630893,2026092701,coupled_lag1
time.0,28,74,1.4901161193847656e-08,0.00025978812482208014,2026092701,coupled_lag1
time.1,28,74,1.4901161193847656e-08,0.00018523009202908725,2026092701,coupled_lag1
time.2,28,74,2.9802322387695312e-08,0.0008406026172451675,2026092701,coupled_lag1
behavior.0,28,74,1.4901161193847656e-08,0.00018382984853815287,2026092701,coupled_lag1
behavior.1,28,74,1.4901161193847656e-08,0.00010276026296196505,2026092701,coupled_lag1
behavior.2,28,74,1.4901161193847656e-08,0.0002256436418974772,2026092701,coupled_lag1
time.0,28,75,2.2351741790771484e-08,0.000363610073691234,2026092701,coupled_lag1
time.1,28,75,1.1175870895385742e-08,0.0002308550465386361,2026092701,coupled_lag1
time.2,28,75,2.9802322387695312e-08,0.0009557076846249402,2026092701,coupled_lag1
behavior.0,28,75,1.4901161193847656e-08,0.00024196665617637336,2026092701,coupled_lag1
behavior.1,28,75,1.4901161193847656e-08,0.00010993050818797201,2026092701,coupled_lag1
behavior.2,28,75,1.4901161193847656e-08,0.00024308045976795256,2026092701,coupled_lag1
time.0,28,76,2.2351741790771484e-08,0.000310845032799989,2026092701,coupled_lag1
time.1,28,76,1.4901161193847656e-08,0.00019843621703330427,2026092701,coupled_lag1
time.2,28,76,2.2351741790771484e-08,0.0008004690171219409,2026092701,coupled_lag1
behavior.0,28,76,1.4901161193847656e-08,0.00019274177611805499,2026092701,coupled_lag1
behavior.1,28,76,1.4901161193847656e-08,0.00011290267138974741,2026092701,coupled_lag1
behavior.2,28,76,1.4901161193847656e-08,0.00022197366342879832,2026092701,coupled_lag1
time.0,28,77,1.4901161193847656e-08,0.00031639556982554495,2026092701,coupled_lag1
time.1,28,77,1.4901161193847656e-08,0.00020091091573704034,2026092701,coupled_lag1
time.2,28,77,1.4901161193847656e-08,0.0008437969372607768,2026092701,coupled_lag1
behavior.0,28,77,2.2351741790771484e-08,0.00020213752577546984,2026092701,coupled_lag1
behavior.1,28,77,1.4901161193847656e-08,0.00011002281826222315,2026092701,coupled_lag1
behavior.2,28,77,1.4901161193847656e-08,0.00020721592591144145,2026092701,coupled_lag1
time.0,28,78,1.4901161193847656e-08,0.0002700468758121133,2026092701,coupled_lag1
time.1,28,78,1.4901161193847656e-08,0.00017769662372302264,2026092701,coupled_lag1
time.2,28,78,2.2351741790771484e-08,0.0007894849986769259,2026092701,coupled_lag1
behavior.0,28,78,1.4901161193847656e-08,0.00019682126003317535,2026092701,coupled_lag1
behavior.1,28,78,1.1175870895385742e-08,0.00011154015373904258,2026092701,coupled_lag1
behavior.2,28,78,1.4901161193847656e-08,0.00022350833751261234,2026092701,coupled_lag1
time.0,28,79,1.4901161193847656e-08,0.00028643966652452946,2026092701,coupled_lag1
time.1,28,79,1.4901161193847656e-08,0.00018585749785415828,2026092701,coupled_lag1
time.2,28,79,2.9802322387695312e-08,0.0007589210290461779,2026092701,coupled_lag1
behavior.0,28,79,1.4901161193847656e-08,0.00018396471568848938,2026092701,coupled_lag1
behavior.1,28,79,1.1175870895385742e-08,0.00010554733307799324,2026092701,coupled_lag1
behavior.2,28,79,7.450580596923828e-09,0.0002225318894488737,2026092701,coupled_lag1
time.0,28,80,1.4901161193847656e-08,0.00033804550184868276,2026092701,coupled_lag1
time.1,28,80,1.4901161193847656e-08,0.00022602618264500052,2026092701,coupled_lag1
time.2,28,80,2.9802322387695312e-08,0.0008809113642200828,2026092701,coupled_lag1
behavior.0,28,80,1.4901161193847656e-08,0.00018679870117921382,2026092701,coupled_lag1
behavior.1,28,80,1.4901161193847656e-08,0.0001113033649744466,2026092701,coupled_lag1
behavior.2,28,80,1.4901161193847656e-08,0.0002499763504602015,2026092701,coupled_lag1
time.0,28,81,1.4901161193847656e-08,0.00027086862246505916,2026092701,coupled_lag1
time.1,28,81,1.4901161193847656e-08,0.0001762255997164175,2026092701,coupled_lag1
time.2,28,81,2.9802322387695312e-08,0.0007650002371519804,2026092701,coupled_lag1
behavior.0,28,81,1.4901161193847656e-08,0.00019218766828998923,2026092701,coupled_lag1
behavior.1,28,81,1.4901161193847656e-08,0.00010671124618966132,2026092701,coupled_lag1
behavior.2,28,81,1.4901161193847656e-08,0.0002260878827655688,2026092701,coupled_lag1
time.0,28,82,1.4901161193847656e-08,0.0002788772981148213,2026092701,coupled_lag1
time.1,28,82,1.4901161193847656e-08,0.00018515113333705813,2026092701,coupled_lag1
time.2,28,82,2.2351741790771484e-08,0.0007724611787125468,2026092701,coupled_lag1
behavior.0,28,82,1.4901161193847656e-08,0.00021900905994698405,2026092701,coupled_lag1
behavior.1,28,82,1.4901161193847656e-08,0.00011507760791573673,2026092701,coupled_lag1
behavior.2,28,82,1.4901161193847656e-08,0.00019069452537223697,2026092701,coupled_lag1
time.0,28,83,2.2351741790771484e-08,0.00036902460851706564,2026092701,coupled_lag1
time.1,28,83,1.4901161193847656e-08,0.0002379396464675665,2026092701,coupled_lag1
time.2,28,83,2.2351741790771484e-08,0.000919885584153235,2026092701,coupled_lag1
behavior.0,28,83,2.2351741790771484e-08,0.00021279722568579018,2026092701,coupled_lag1
behavior.1,28,83,1.1175870895385742e-08,0.00011379933857824653,2026092701,coupled_lag1
behavior.2,28,83,1.4901161193847656e-08,0.0002204376069130376,2026092701,coupled_lag1
time.0,28,84,2.2351741790771484e-08,0.0003575711452867836,2026092701,coupled_lag1
time.1,28,84,2.2351741790771484e-08,0.00022678864479530603,2026092701,coupled_lag1
time.2,28,84,2.9802322387695312e-08,0.0008938026730902493,2026092701,coupled_lag1
behavior.0,28,84,1.4901161193847656e-08,0.00019605059060268104,2026092701,coupled_lag1
behavior.1,28,84,7.450580596923828e-09,0.00011595507385209203,2026092701,coupled_lag1
behavior.2,28,84,1.4901161193847656e-08,0.00023412887821905315,2026092701,coupled_lag1
time.0,28,85,2.2351741790771484e-08,0.0003136111772619188,2026092701,coupled_lag1
time.1,28,85,1.4901161193847656e-08,0.0002001331449719146,2026092701,coupled_lag1
time.2,28,85,2.9802322387695312e-08,0.000919032609090209,2026092701,coupled_lag1
behavior.0,28,85,2.2351741790771484e-08,0.00018807580636348575,2026092701,coupled_lag1
behavior.1,28,85,1.4901161193847656e-08,0.00010873845894820988,2026092701,coupled_lag1
behavior.2,28,85,1.4901161193847656e-08,0.00023436664196196944,2026092701,coupled_lag1
time.0,28,86,1.4901161193847656e-08,0.0002811304002534598,2026092701,coupled_lag1
time.1,28,86,1.1175870895385742e-08,0.00018287327839061618,2026092701,coupled_lag1
time.2,28,86,2.9802322387695312e-08,0.000830923265311867,2026092701,coupled_lag1
behavior.0,28,86,1.4901161193847656e-08,0.00019495617016218603,2026092701,coupled_lag1
behavior.1,28,86,7.450580596923828e-09,0.0001087110213120468,2026092701,coupled_lag1
behavior.2,28,86,1.4901161193847656e-08,0.0002165715559385717,2026092701,coupled_lag1
time.0,28,87,1.4901161193847656e-08,0.0003582659119274467,2026092701,coupled_lag1
time.1,28,87,1.1175870895385742e-08,0.0002274244325235486,2026092701,coupled_lag1
time.2,28,87,2.9802322387695312e-08,0.000904962420463562,2026092701,coupled_lag1
behavior.0,28,87,1.4901161193847656e-08,0.00018314000044483691,2026092701,coupled_lag1
behavior.1,28,87,1.4901161193847656e-08,0.00010557330097071826,2026092701,coupled_lag1
behavior.2,28,87,1.4901161193847656e-08,0.00020980503177270293,2026092701,coupled_lag1
time.0,28,88,2.2351741790771484e-08,0.0003194175660610199,2026092701,coupled_lag1
time.1,28,88,1.4901161193847656e-08,0.00020916415087413043,2026092701,coupled_lag1
time.2,28,88,1.4901161193847656e-08,0.0008698711171746254,2026092701,coupled_lag1
behavior.0,28,88,1.4901161193847656e-08,0.0001729576470097527,2026092701,coupled_lag1
behavior.1,28,88,1.4901161193847656e-08,0.000105077720945701,2026092701,coupled_lag1
behavior.2,28,88,1.4901161193847656e-08,0.00023178082483354956,2026092701,coupled_lag1
time.0,28,89,2.2351741790771484e-08,0.0002961819991469383,2026092701,coupled_lag1
time.1,28,89,1.4901161193847656e-08,0.00018776288197841495,2026092701,coupled_lag1
time.2,28,89,2.9802322387695312e-08,0.0008544428856112063,2026092701,coupled_lag1
behavior.0,28,89,1.4901161193847656e-08,0.000185211596544832,2026092701,coupled_lag1
behavior.1,28,89,1.1175870895385742e-08,0.00010017013119067997,2026092701,coupled_lag1
behavior.2,28,89,1.4901161193847656e-08,0.00022567239648196846,2026092701,coupled_lag1
time.0,28,90,1.4901161193847656e-08,0.0002717548923101276,2026092701,coupled_lag1
time.1,28,90,1.4901161193847656e-08,0.00018065498443320394,2026092701,coupled_lag1
time.2,28,90,2.9802322387695312e-08,0.000801357498858124,2026092701,coupled_lag1
behavior.0,28,90,1.4901161193847656e-08,0.00021799877868033946,2026092701,coupled_lag1
behavior.1,28,90,1.4901161193847656e-08,0.00011126474419143051,2026092701,coupled_lag1
behavior.2,28,90,1.4901161193847656e-08,0.00024877378018572927,2026092701,coupled_lag1
time.0,28,91,1.4901161193847656e-08,0.0002773398591671139,2026092701,coupled_lag1
time.1,28,91,1.4901161193847656e-08,0.0001725230977172032,2026092701,coupled_lag1
time.2,28,91,2.9802322387695312e-08,0.0007877998286858201,2026092701,coupled_lag1
behavior.0,28,91,2.2351741790771484e-08,0.0002013795165112242,2026092701,coupled_lag1
behavior.1,28,91,1.4901161193847656e-08,9.893047536024824e-05,2026092701,coupled_lag1
behavior.2,28,91,1.4901161193847656e-08,0.0001990472082979977,2026092701,coupled_lag1
time.0,28,92,1.4901161193847656e-08,0.00032492802711203694,2026092701,coupled_lag1
time.1,28,92,1.4901161193847656e-08,0.0002172354725189507,2026092701,coupled_lag1
time.2,28,92,2.9802322387695312e-08,0.0008865949348546565,2026092701,coupled_lag1
behavior.0,28,92,2.2351741790771484e-08,0.00021784633281640708,2026092701,coupled_lag1
behavior.1,28,92,1.4901161193847656e-08,0.00011387145787011832,2026092701,coupled_lag1
behavior.2,28,92,1.4901161193847656e-08,0.00019982534286100417,2026092701,coupled_lag1
time.0,28,93,1.4901161193847656e-08,0.00027219453477300704,2026092701,coupled_lag1
time.1,28,93,1.1175870895385742e-08,0.00016863645578268915,2026092701,coupled_lag1
time.2,28,93,2.9802322387695312e-08,0.0007626509177498519,2026092701,coupled_lag1
behavior.0,28,93,2.2351741790771484e-08,0.0002047214948106557,2026092701,coupled_lag1
behavior.1,28,93,2.2351741790771484e-08,0.00010315139661543071,2026092701,coupled_lag1
behavior.2,28,93,1.4901161193847656e-08,0.00021627465321216732,2026092701,coupled_lag1
time.0,28,94,2.2351741790771484e-08,0.0003826349857263267,2026092701,coupled_lag1
time.1,28,94,1.4901161193847656e-08,0.0002331060532014817,2026092701,coupled_lag1
time.2,28,94,2.9802322387695312e-08,0.0009952073451131582,2026092701,coupled_lag1
behavior.0,28,94,2.2351741790771484e-08,0.00018928163626696914,2026092701,coupled_lag1
behavior.1,28,94,1.4901161193847656e-08,0.00010646654118318111,2026092701,coupled_lag1
behavior.2,28,94,1.4901161193847656e-08,0.00021023421140853316,2026092701,coupled_lag1
time.0,28,95,1.4901161193847656e-08,0.00032345764338970184,2026092701,coupled_lag1
time.1,28,95,1.4901161193847656e-08,0.00019599444931373,2026092701,coupled_lag1
time.2,28,95,2.9802322387695312e-08,0.0008588042110204697,2026092701,coupled_lag1
behavior.0,28,95,1.4901161193847656e-08,0.0001782946928869933,2026092701,coupled_lag1
behavior.1,28,95,1.1175870895385742e-08,0.0001005644298857078,2026092701,coupled_lag1
behavior.2,28,95,1.4901161193847656e-08,0.00022787651687394828,2026092701,coupled_lag1
time.0,28,96,1.4901161193847656e-08,0.00032522325636819005,2026092701,coupled_lag1
time.1,28,96,1.1175870895385742e-08,0.00018859017291106284,2026092701,coupled_lag1
time.2,28,96,2.9802322387695312e-08,0.0009210231364704669,2026092701,coupled_lag1
behavior.0,28,96,1.4901161193847656e-08,0.00018480444850865752,2026092701,coupled_lag1
behavior.1,28,96,1.1175870895385742e-08,0.00011355768219800666,2026092701,coupled_lag1
behavior.2,28,96,1.4901161193847656e-08,0.0002543832815717906,2026092701,coupled_lag1
time.0,28,97,2.2351741790771484e-08,0.0002862226392608136,2026092701,coupled_lag1
time.1,28,97,1.4901161193847656e-08,0.00016812837566249073,2026092701,coupled_lag1
time.2,28,97,2.9802322387695312e-08,0.000739811104722321,2026092701,coupled_lag1
behavior.0,28,97,1.4901161193847656e-08,0.00017787075194064528,2026092701,coupled_lag1
behavior.1,28,97,7.450580596923828e-09,9.90337211987935e-05,2026092701,coupled_lag1
behavior.2,28,97,1.4901161193847656e-08,0.00023582359426654875,2026092701,coupled_lag1
time.0,28,98,1.4901161193847656e-08,0.00021812254271935672,2026092701,coupled_lag1
time.1,28,98,1.1175870895385742e-08,0.00014109077164903283,2026092701,coupled_lag1
time.2,28,98,2.2351741790771484e-08,0.0007076090550981462,2026092701,coupled_lag1
behavior.0,28,98,1.4901161193847656e-08,0.00019672872440423816,2026092701,coupled_lag1
behavior.1,28,98,1.4901161193847656e-08,0.00010723190644057468,2026092701,coupled_lag1
behavior.2,28,98,1.4901161193847656e-08,0.000234232225921005,2026092701,coupled_lag1
time.0,28,99,1.4901161193847656e-08,0.000327657995512709,2026092701,coupled_lag1
time.1,28,99,1.4901161193847656e-08,0.00020144121663179249,2026092701,coupled_lag1
time.2,28,99,2.9802322387695312e-08,0.000883622735273093,2026092701,coupled_lag1
behavior.0,28,99,1.4901161193847656e-08,0.00022328564955387264,2026092701,coupled_lag1
behavior.1,28,99,1.1175870895385742e-08,0.00010628530435496941,2026092701,coupled_lag1
behavior.2,28,99,1.4901161193847656e-08,0.00026935699861496687,2026092701,coupled_lag1
time.0,28,100,1.4901161193847656e-08,0.0003290068416390568,2026092701,coupled_lag1
time.1,28,100,1.4901161193847656e-08,0.00021941868180874735,2026092701,coupled_lag1
time.2,28,100,2.2351741790771484e-08,0.0009095810819417238,2026092701,coupled_lag1
behavior.0,28,100,2.9802322387695312e-08,0.00020055638742633164,2026092701,coupled_lag1
behavior.1,28,100,1.4901161193847656e-08,0.00011307078239042312,2026092701,coupled_lag1
behavior.2,28,100,1.4901161193847656e-08,0.00022540871577803046,2026092701,coupled_lag1
time.0,28,101,2.2351741790771484e-08,0.00029522867407649755,2026092701,coupled_lag1
time.1,28,101,1.4901161193847656e-08,0.00018164627545047551,2026092701,coupled_lag1
time.2,28,101,4.470348358154297e-08,0.0008315677987411618,2026092701,coupled_lag1
behavior.0,28,101,1.4901161193847656e-08,0.0001767966605257243,2026092701,coupled_lag1
behavior.1,28,101,1.1175870895385742e-08,0.0001023867807816714,2026092701,coupled_lag1
behavior.2,28,101,7.450580596923828e-09,0.00025711616035550833,2026092701,coupled_lag1
time.0,28,102,1.4901161193847656e-08,0.0002657750155776739,2026092701,coupled_lag1
time.1,28,102,1.4901161193847656e-08,0.00017281874897889793,2026092701,coupled_lag1
time.2,28,102,5.960464477539063e-08,0.0008580504218116403,2026092701,coupled_lag1
behavior.0,28,102,1.1175870895385742e-08,0.00017585848399903625,2026092701,coupled_lag1
behavior.1,28,102,1.1175870895385742e-08,0.00010636589286150411,2026092701,coupled_lag1
behavior.2,28,102,1.4901161193847656e-08,0.00023747638624627143,2026092701,coupled_lag1
time.0,28,103,1.4901161193847656e-08,0.0002663519117049873,2026092701,coupled_lag1
time.1,28,103,1.1175870895385742e-08,0.0001724039757391438,2026092701,coupled_lag1
time.2,28,103,2.9802322387695312e-08,0.0007806649664416909,2026092701,coupled_lag1
behavior.0,28,103,1.4901161193847656e-08,0.0001966487179743126,2026092701,coupled_lag1
behavior.1,28,103,1.1175870895385742e-08,0.0001065994001692161,2026092701,coupled_lag1
behavior.2,28,103,1.4901161193847656e-08,0.00024060672149062157,2026092701,coupled_lag1
time.0,28,104,1.4901161193847656e-08,0.00026871226145885885,2026092701,coupled_lag1
time.1,28,104,1.4901161193847656e-08,0.00017684855265542865,2026092701,coupled_lag1
time.2,28,104,1.4901161193847656e-08,0.0008003715774975717,2026092701,coupled_lag1
behavior.0,28,104,2.2351741790771484e-08,0.00020536647934932262,2026092701,coupled_lag1
behavior.1,28,104,7.450580596923828e-09,0.0001109899312723428,2026092701,coupled_lag1
behavior.2,28,104,1.4901161193847656e-08,0.00021544266201090068,2026092701,coupled_lag1
time.0,28,105,1.4901161193847656e-08,0.0002583636378403753,2026092701,coupled_lag1
time.1,28,105,1.4901161193847656e-08,0.00018208638357464224,2026092701,coupled_lag1
time.2,28,105,2.2351741790771484e-08,0.0007813824922777712,2026092701,coupled_lag1
behavior.0,28,105,1.4901161193847656e-08,0.00021427452156785876,2026092701,coupled_lag1
behavior.1,28,105,1.1175870895385742e-08,0.0001063999516190961,2026092701,coupled_lag1
behavior.2,28,105,1.4901161193847656e-08,0.0002128665364580229,2026092701,coupled_lag1
time.0,28,106,1.4901161193847656e-08,0.0002865079732146114,2026092701,coupled_lag1
time.1,28,106,1.4901161193847656e-08,0.00017844470858108252,2026092701,coupled_lag1
time.2,28,106,1.4901161193847656e-08,0.0007986485143192112,2026092701,coupled_lag1
behavior.0,28,106,1.4901161193847656e-08,0.0001924891403177753,2026092701,coupled_lag1
behavior.1,28,106,1.1175870895385742e-08,0.00011262179032200947,2026092701,coupled_lag1
behavior.2,28,106,1.4901161193847656e-08,0.00024235990713350475,2026092701,coupled_lag1
time.0,28,107,1.4901161193847656e-08,0.00038118293741717935,2026092701,coupled_lag1
time.1,28,107,2.2351741790771484e-08,0.0002242170157842338,2026092701,coupled_lag1
time.2,28,107,2.9802322387695312e-08,0.0009392410283908248,2026092701,coupled_lag1
behavior.0,28,107,1.4901161193847656e-08,0.00023014095495454967,2026092701,coupled_lag1
behavior.1,28,107,1.1175870895385742e-08,0.00011359099153196439,2026092701,coupled_lag1
behavior.2,28,107,1.4901161193847656e-08,0.00018777340301312506,2026092701,coupled_lag1
time.0,28,108,1.4901161193847656e-08,0.0002932107599917799,2026092701,coupled_lag1
time.1,28,108,1.1175870895385742e-08,0.00017983307770919055,2026092701,coupled_lag1
time.2,28,108,2.9802322387695312e-08,0.0007994848419912159,2026092701,coupled_lag1
behavior.0,28,108,1.4901161193847656e-08,0.00018952731625176966,2026092701,coupled_lag1
behavior.1,28,108,1.1175870895385742e-08,0.00010493468289496377,2026092701,coupled_lag1
behavior.2,28,108,1.4901161193847656e-08,0.0002236626169178635,2026092701,coupled_lag1
time.0,28,109,1.4901161193847656e-08,0.00029330281540751457,2026092701,coupled_lag1
time.1,28,109,1.4901161193847656e-08,0.00017201589071191847,2026092701,coupled_lag1
time.2,28,109,1.4901161193847656e-08,0.0007385191274806857,2026092701,coupled_lag1
behavior.0,28,109,1.4901161193847656e-08,0.00017887013382278383,2026092701,coupled_lag1
behavior.1,28,109,1.1175870895385742e-08,0.00010808755905600265,2026092701,coupled_lag1
behavior.2,28,109,1.4901161193847656e-08,0.00023512658663094044,2026092701,coupled_lag1
time.0,28,110,1.4901161193847656e-08,0.00032398459734395146,2026092701,coupled_lag1
time.1,28,110,2.2351741790771484e-08,0.00020153046352788806,2026092701,coupled_lag1
time.2,28,110,1.4901161193847656e-08,0.0008260917384177446,2026092701,coupled_lag1
behavior.0,28,110,1.4901161193847656e-08,0.00019333841919433326,2026092701,coupled_lag1
behavior.1,28,110,1.4901161193847656e-08,9.896887058857828e-05,2026092701,coupled_lag1
behavior.2,28,110,1.4901161193847656e-08,0.00023958197562023997,2026092701,coupled_lag1
time.0,28,111,1.4901161193847656e-08,0.0002620883460622281,2026092701,coupled_lag1
time.1,28,111,1.1175870895385742e-08,0.0001658099063206464,2026092701,coupled_lag1
time.2,28,111,1.4901161193847656e-08,0.0007472747820429504,2026092701,coupled_lag1
behavior.0,28,111,1.4901161193847656e-08,0.00020398978085722774,2026092701,coupled_lag1
behavior.1,28,111,1.4901161193847656e-08,0.00011113060463685542,2026092701,coupled_lag1
behavior.2,28,111,1.4901161193847656e-08,0.00023428149870596826,2026092701,coupled_lag1
time.0,28,112,2.9802322387695312e-08,0.0003593472356442362,2026092701,coupled_lag1
time.1,28,112,1.4901161193847656e-08,0.00021676559117622674,2026092701,coupled_lag1
time.2,28,112,2.9802322387695312e-08,0.0009086198406293988,2026092701,coupled_lag1
behavior.0,28,112,1.4901161193847656e-08,0.00020503239647950977,2026092701,coupled_lag1
behavior.1,28,112,1.1175870895385742e-08,0.00010821092291735113,2026092701,coupled_lag1
behavior.2,28,112,1.4901161193847656e-08,0.0002080307313008234,2026092701,coupled_lag1
time.0,28,113,2.2351741790771484e-08,0.00033642727066762745,2026092701,coupled_lag1
time.1,28,113,1.1175870895385742e-08,0.0001991021999856457,2026092701,coupled_lag1
time.2,28,113,1.4901161193847656e-08,0.0008790919091552496,2026092701,coupled_lag1
behavior.0,28,113,1.1175870895385742e-08,0.00019403597980272025,2026092701,coupled_lag1
behavior.1,28,113,1.4901161193847656e-08,0.00011216217535547912,2026092701,coupled_lag1
behavior.2,28,113,2.2351741790771484e-08,0.0002435799833619967,2026092701,coupled_lag1
time.0,28,114,2.2351741790771484e-08,0.00033273789449594915,2026092701,coupled_lag1
time.1,28,114,1.4901161193847656e-08,0.00020291940018069,2026092701,coupled_lag1
time.2,28,114,2.9802322387695312e-08,0.0008395985350944102,2026092701,coupled_lag1
behavior.0,28,114,1.4901161193847656e-08,0.0001947006821865216,2026092701,coupled_lag1
behavior.1,28,114,1.4901161193847656e-08,0.00010369801748311147,2026092701,coupled_lag1
behavior.2,28,114,1.4901161193847656e-08,0.0002058697718894109,2026092701,coupled_lag1
time.0,28,115,1.4901161193847656e-08,0.0002835166815202683,2026092701,coupled_lag1
time.1,28,115,1.4901161193847656e-08,0.0001758017751853913,2026092701,coupled_lag1
time.2,28,115,2.2351741790771484e-08,0.0007571350433863699,2026092701,coupled_lag1
behavior.0,28,115,1.4901161193847656e-08,0.000196634151507169,2026092701,coupled_lag1
behavior.1,28,115,1.1175870895385742e-08,0.00010453567665535957,2026092701,coupled_lag1
behavior.2,28,115,1.4901161193847656e-08,0.00019141225493513048,2026092701,coupled_lag1
time.0,28,116,1.4901161193847656e-08,0.00031643157126381993,2026092701,coupled_lag1
time.1,28,116,1.4901161193847656e-08,0.00018852001812774688,2026092701,coupled_lag1
time.2,28,116,2.9802322387695312e-08,0.0007924528908915818,2026092701,coupled_lag1
behavior.0,28,116,1.4901161193847656e-08,0.00018469417409505695,2026092701,coupled_lag1
behavior.1,28,116,1.4901161193847656e-08,0.00011071022890973836,2026092701,coupled_lag1
behavior.2,28,116,1.4901161193847656e-08,0.0002299055049661547,2026092701,coupled_lag1
time.0,28,117,1.4901161193847656e-08,0.0003084341005887836,2026092701,coupled_lag1
time.1,28,117,1.4901161193847656e-08,0.00018223279039375484,2026092701,coupled_lag1
time.2,28,117,1.4901161193847656e-08,0.0007753798854537308,2026092701,coupled_lag1
behavior.0,28,117,1.4901161193847656e-08,0.00016435649013146758,2026092701,coupled_lag1
behavior.1,28,117,1.1175870895385742e-08,0.00010409785318188369,2026092701,coupled_lag1
behavior.2,28,117,1.4901161193847656e-08,0.0002716720919124782,2026092701,coupled_lag1
time.0,28,118,1.4901161193847656e-08,0.0002710654807742685,2026092701,coupled_lag1
time.1,28,118,1.1175870895385742e-08,0.0001657148532103747,2026092701,coupled_lag1
time.2,28,118,2.9802322387695312e-08,0.0007667246391065419,2026092701,coupled_lag1
behavior.0,28,118,1.4901161193847656e-08,0.00020314326684456319,2026092701,coupled_lag1
behavior.1,28,118,1.1175870895385742e-08,0.00011283143976470456,2026092701,coupled_lag1
behavior.2,28,118,1.4901161193847656e-08,0.0002483699645381421,2026092701,coupled_lag1
time.0,28,119,1.4901161193847656e-08,0.00039441074477508664,2026092701,coupled_lag1
time.1,28,119,1.4901161193847656e-08,0.00023061342653818429,2026092701,coupled_lag1
time.2,28,119,2.9802322387695312e-08,0.0009848366025835276,2026092701,coupled_lag1
behavior.0,28,119,1.4901161193847656e-08,0.00018703339446801692,2026092701,coupled_lag1
behavior.1,28,119,1.4901161193847656e-08,0.00010428512905491516,2026092701,coupled_lag1
behavior.2,28,119,2.2351741790771484e-08,0.00020262737234588712,2026092701,coupled_lag1
time.0,28,120,1.4901161193847656e-08,0.00031822436721995473,2026092701,coupled_lag1
time.1,28,120,1.4901161193847656e-08,0.00019211674225516617,2026092701,coupled_lag1
time.2,28,120,1.4901161193847656e-08,0.000829647178761661,2026092701,coupled_lag1
behavior.0,28,120,1.4901161193847656e-08,0.00016327468620147556,2026092701,coupled_lag1
behavior.1,28,120,1.4901161193847656e-08,9.711166785564274e-05,2026092701,coupled_lag1
behavior.2,28,120,1.4901161193847656e-08,0.0002294617734150961,2026092701,coupled_lag1
time.0,28,121,1.4901161193847656e-08,0.0003137666208203882,2026092701,coupled_lag1
time.1,28,121,1.1175870895385742e-08,0.00018704516696743667,2026092701,coupled_lag1
time.2,28,121,1.4901161193847656e-08,0.0008832230232656002,2026092701,coupled_lag1
behavior.0,28,121,1.4901161193847656e-08,0.00018856898532249033,2026092701,coupled_lag1
behavior.1,28,121,1.4901161193847656e-08,0.0001046799443429336,2026092701,coupled_lag1
behavior.2,28,121,1.4901161193847656e-08,0.00022058835020288825,2026092701,coupled_lag1
time.0,28,122,1.4901161193847656e-08,0.00035709532676264644,2026092701,coupled_lag1
time.1,28,122,1.4901161193847656e-08,0.00021096717682667077,2026092701,coupled_lag1
time.2,28,122,2.9802322387695312e-08,0.0009337235242128372,2026092701,coupled_lag1
behavior.0,28,122,1.4901161193847656e-08,0.00020424013200681657,2026092701,coupled_lag1
behavior.1,28,122,1.1175870895385742e-08,0.00011112970241811126,2026092701,coupled_lag1
behavior.2,28,122,1.4901161193847656e-08,0.00020985813171137124,2026092701,coupled_lag1
time.0,28,123,1.4901161193847656e-08,0.0002886955044232309,2026092701,coupled_lag1
time.1,28,123,1.4901161193847656e-08,0.00018249386630486697,2026092701,coupled_lag1
time.2,28,123,2.9802322387695312e-08,0.0008221437456086278,2026092701,coupled_lag1
behavior.0,28,123,1.1175870895385742e-08,0.0001896920002764091,2026092701,coupled_lag1
behavior.1,28,123,1.4901161193847656e-08,0.00010688608745113015,2026092701,coupled_lag1
behavior.2,28,123,1.4901161193847656e-08,0.00021759691298939288,2026092701,coupled_lag1
time.0,28,124,1.4901161193847656e-08,0.0002656722499523312,2026092701,coupled_lag1
time.1,28,124,1.1175870895385742e-08,0.0001636076340219006,2026092701,coupled_lag1
time.2,28,124,2.9802322387695312e-08,0.0007772284443490207,2026092701,coupled_lag1
behavior.0,28,124,1.4901161193847656e-08,0.00019489593978505582,2026092701,coupled_lag1
behavior.1,28,124,1.4901161193847656e-08,0.00011264778004260734,2026092701,coupled_lag1
behavior.2,28,124,1.4901161193847656e-08,0.000229936238611117,2026092701,coupled_lag1
time.0,28,125,2.2351741790771484e-08,0.000371196394553408,2026092701,coupled_lag1
time.1,28,125,1.1175870895385742e-08,0.0002224898780696094,2026092701,coupled_lag1
time.2,28,125,2.9802322387695312e-08,0.0009331518667750061,2026092701,coupled_lag1
behavior.0,28,125,1.4901161193847656e-08,0.00019666660227812827,2026092701,coupled_lag1
behavior.1,28,125,1.1175870895385742e-08,0.00010783064499264583,2026092701,coupled_lag1
behavior.2,28,125,1.4901161193847656e-08,0.00019760584109462798,2026092701,coupled_lag1
time.0,28,126,2.2351741790771484e-08,0.0003298228548374027,2026092701,coupled_lag1
time.1,28,126,1.4901161193847656e-08,0.00020349069382064044,2026092701,coupled_lag1
time.2,28,126,2.9802322387695312e-08,0.0008678728481754661,2026092701,coupled_lag1
behavior.0,28,126,1.4901161193847656e-08,0.00020193032105453312,2026092701,coupled_lag1
behavior.1,28,126,1.4901161193847656e-08,0.00011422147508710623,2026092701,coupled_lag1
behavior.2,28,126,1.4901161193847656e-08,0.00023851075093261898,2026092701,coupled_lag1
time.0,28,127,2.2351741790771484e-08,0.0002836305648088455,2026092701,coupled_lag1
time.1,28,127,1.4901161193847656e-08,0.00017132102220784873,2026092701,coupled_lag1
time.2,28,127,2.9802322387695312e-08,0.0007643167627975345,2026092701,coupled_lag1
behavior.0,28,127,1.4901161193847656e-08,0.0002088803012156859,2026092701,coupled_lag1
behavior.1,28,127,1.862645149230957e-08,0.00010587900032987818,2026092701,coupled_lag1
behavior.2,28,127,1.4901161193847656e-08,0.0002503774012438953,2026092701,coupled_lag1
time.0,28,128,2.2351741790771484e-08,0.00024759789812378585,2026092701,coupled_lag1
time.1,28,128,1.1175870895385742e-08,0.00015308134607039392,2026092701,coupled_lag1
time.2,28,128,1.4901161193847656e-08,0.0007001388003118336,2026092701,coupled_lag1
behavior.0,28,128,1.4901161193847656e-08,0.00019350292859598994,2026092701,coupled_lag1
behavior.1,28,128,1.4901161193847656e-08,0.00010583445691736415,2026092701,coupled_lag1
behavior.2,28,128,1.4901161193847656e-08,0.00024254166055470705,2026092701,coupled_lag1
time.0,28,129,2.2351741790771484e-08,0.00040964336949400604,2026092701,coupled_lag1
time.1,28,129,2.2351741790771484e-08,0.0002552440273575485,2026092701,coupled_lag1
time.2,28,129,2.9802322387695312e-08,0.0010027261450886726,2026092701,coupled_lag1
behavior.0,28,129,1.4901161193847656e-08,0.00018980521417688578,2026092701,coupled_lag1
behavior.1,28,129,1.4901161193847656e-08,0.0001022406795527786,2026092701,coupled_lag1
behavior.2,28,129,1.4901161193847656e-08,0.00021982639736961573,2026092701,coupled_lag1
time.0,28,130,2.2351741790771484e-08,0.00034234148915857077,2026092701,coupled_lag1
time.1,28,130,1.4901161193847656e-08,0.0002176171401515603,2026092701,coupled_lag1
time.2,28,130,2.2351741790771484e-08,0.0009077599970623851,2026092701,coupled_lag1
behavior.0,28,130,1.4901161193847656e-08,0.00021151441615074873,2026092701,coupled_lag1
behavior.1,28,130,1.1175870895385742e-08,0.00011104640725534409,2026092701,coupled_lag1
behavior.2,28,130,1.4901161193847656e-08,0.00019984686514362693,2026092701,coupled_lag1
time.0,28,131,2.2351741790771484e-08,0.00029227836057543755,2026092701,coupled_lag1
time.1,28,131,1.1175870895385742e-08,0.00018838128016795963,2026092701,coupled_lag1
time.2,28,131,2.2351741790771484e-08,0.0008198391878977418,2026092701,coupled_lag1
behavior.0,28,131,1.4901161193847656e-08,0.00019760726718232036,2026092701,coupled_lag1
behavior.1,28,131,1.4901161193847656e-08,0.0001062842202372849,2026092701,coupled_lag1
behavior.2,28,131,1.4901161193847656e-08,0.0002155394176952541,2026092701,coupled_lag1
time.0,28,132,1.4901161193847656e-08,0.00028482190100476146,2026092701,coupled_lag1
time.1,28,132,2.2351741790771484e-08,0.00017497010412625968,2026092701,coupled_lag1
time.2,28,132,2.9802322387695312e-08,0.0007723956950940192,2026092701,coupled_lag1
behavior.0,28,132,1.4901161193847656e-08,0.00025810181978158653,2026092701,coupled_lag1
behavior.1,28,132,1.4901161193847656e-08,0.00012719992082566023,2026092701,coupled_lag1
behavior.2,28,132,1.4901161193847656e-08,0.00022631752653978765,2026092701,coupled_lag1
time.0,28,133,2.2351741790771484e-08,0.0003391205391380936,2026092701,coupled_lag1
time.1,28,133,1.4901161193847656e-08,0.0002174198889406398,2026092701,coupled_lag1
time.2,28,133,2.9802322387695312e-08,0.0008856552303768694,2026092701,coupled_lag1
behavior.0,28,133,1.4901161193847656e-08,0.00019409974629525095,2026092701,coupled_lag1
behavior.1,28,133,1.4901161193847656e-08,0.00010415646829642355,2026092701,coupled_lag1
behavior.2,28,133,1.4901161193847656e-08,0.00021805059805046767,2026092701,coupled_lag1
time.0,28,134,1.4901161193847656e-08,0.00023142635473050177,2026092701,coupled_lag1
time.1,28,134,1.1175870895385742e-08,0.000152765482198447,2026092701,coupled_lag1
time.2,28,134,2.9802322387695312e-08,0.0007153801852837205,2026092701,coupled_lag1
behavior.0,28,134,1.4901161193847656e-08,0.00017838877101894468,2026092701,coupled_lag1
behavior.1,28,134,1.1175870895385742e-08,0.0001018182301777415,2026092701,coupled_lag1
behavior.2,28,134,1.4901161193847656e-08,0.00023090554168447852,2026092701,coupled_lag1
time.0,28,135,2.2351741790771484e-08,0.00023417505144607276,2026092701,coupled_lag1
time.1,28,135,1.1175870895385742e-08,0.00016343894822057337,2026092701,coupled_lag1
time.2,28,135,2.9802322387695312e-08,0.0007688604528084397,2026092701,coupled_lag1
behavior.0,28,135,1.4901161193847656e-08,0.0001847289822762832,2026092701,coupled_lag1
behavior.1,28,135,1.1175870895385742e-08,0.0001075345862773247,2026092701,coupled_lag1
behavior.2,28,135,1.4901161193847656e-08,0.00025131978327408433,2026092701,coupled_lag1
time.0,28,136,1.4901161193847656e-08,0.0002490371116437018,2026092701,coupled_lag1
time.1,28,136,1.4901161193847656e-08,0.00015803365386091173,2026092701,coupled_lag1
time.2,28,136,2.9802322387695312e-08,0.0007635532529093325,2026092701,coupled_lag1
behavior.0,28,136,1.4901161193847656e-08,0.0001744239852996543,2026092701,coupled_lag1
behavior.1,28,136,1.1175870895385742e-08,0.00010605940769892186,2026092701,coupled_lag1
behavior.2,28,136,1.4901161193847656e-08,0.00025264930445700884,2026092701,coupled_lag1
time.0,28,137,1.4901161193847656e-08,0.0002834728511516005,2026092701,coupled_lag1
time.1,28,137,1.4901161193847656e-08,0.00017154264787677675,2026092701,coupled_lag1
time.2,28,137,2.2351741790771484e-08,0.0008140057907439768,2026092701,coupled_lag1
behavior.0,28,137,2.2351741790771484e-08,0.00019115106260869652,2026092701,coupled_lag1
behavior.1,28,137,1.1175870895385742e-08,0.00010834055865416303,2026092701,coupled_lag1
behavior.2,28,137,1.4901161193847656e-08,0.00023205748584587127,2026092701,coupled_lag1
time.0,28,138,1.4901161193847656e-08,0.0003203189407940954,2026092701,coupled_lag1
time.1,28,138,1.4901161193847656e-08,0.00019664345018099993,2026092701,coupled_lag1
time.2,28,138,4.470348358154297e-08,0.0008667949587106705,2026092701,coupled_lag1
behavior.0,28,138,1.4901161193847656e-08,0.00018218923651147634,2026092701,coupled_lag1
behavior.1,28,138,1.1175870895385742e-08,0.00010577345528872684,2026092701,coupled_lag1
behavior.2,28,138,1.4901161193847656e-08,0.00021165913494769484,2026092701,coupled_lag1
time.0,28,139,1.4901161193847656e-08,0.00037699274253100157,2026092701,coupled_lag1
time.1,28,139,1.4901161193847656e-08,0.00021578192536253482,2026092701,coupled_lag1
time.2,28,139,2.9802322387695312e-08,0.0010003949282690883,2026092701,coupled_lag1
behavior.0,28,139,1.4901161193847656e-08,0.00022822624305263162,2026092701,coupled_lag1
behavior.1,28,139,1.4901161193847656e-08,0.0001152058393927291,2026092701,coupled_lag1
behavior.2,28,139,1.4901161193847656e-08,0.00019633791816886514,2026092701,coupled_lag1
time.0,28,140,2.2351741790771484e-08,0.0003011708613485098,2026092701,coupled_lag1
time.1,28,140,1.4901161193847656e-08,0.00018133300181943923,2026092701,coupled_lag1
time.2,28,140,2.9802322387695312e-08,0.0008964136941358447,2026092701,coupled_lag1
behavior.0,28,140,2.2351741790771484e-08,0.00020042051619384438,2026092701,coupled_lag1
behavior.1,28,140,1.4901161193847656e-08,0.00010947689588647336,2026092701,coupled_lag1
behavior.2,28,140,1.4901161193847656e-08,0.00022496518795378506,2026092701,coupled_lag1
time.0,28,141,1.4901161193847656e-08,0.00033148584770970047,2026092701,coupled_lag1
time.1,28,141,1.4901161193847656e-08,0.00018119024753104895,2026092701,coupled_lag1
time.2,28,141,2.9802322387695312e-08,0.0008866939460858703,2026092701,coupled_lag1
behavior.0,28,141,1.4901161193847656e-08,0.00019395904382690787,2026092701,coupled_lag1
behavior.1,28,141,1.4901161193847656e-08,0.00010960902727674693,2026092701,coupled_lag1
behavior.2,28,141,1.4901161193847656e-08,0.00022895172878634185,2026092701,coupled_lag1
time.0,28,142,1.4901161193847656e-08,0.0003681579837575555,2026092701,coupled_lag1
time.1,28,142,1.1175870895385742e-08,0.00021061852748971432,2026092701,coupled_lag1
time.2,28,142,2.9802322387695312e-08,0.0009513731929473579,2026092701,coupled_lag1
behavior.0,28,142,1.4901161193847656e-08,0.00019799360597971827,2026092701,coupled_lag1
behavior.1,28,142,1.4901161193847656e-08,0.00010174843919230625,2026092701,coupled_lag1
behavior.2,28,142,1.4901161193847656e-08,0.0002061405248241499,2026092701,coupled_lag1
time.0,28,143,2.9802322387695312e-08,0.0002558034611865878,2026092701,coupled_lag1
time.1,28,143,1.4901161193847656e-08,0.00015937694115564227,2026092701,coupled_lag1
time.2,28,143,1.4901161193847656e-08,0.000749961705878377,2026092701,coupled_lag1
behavior.0,28,143,1.4901161193847656e-08,0.00018556589202489704,2026092701,coupled_lag1
behavior.1,28,143,7.450580596923828e-09,0.00010321736772311851,2026092701,coupled_lag1
behavior.2,28,143,1.4901161193847656e-08,0.00024478917475789785,2026092701,coupled_lag1
time.0,28,144,2.2351741790771484e-08,0.0003739921667147428,2026092701,coupled_lag1
time.1,28,144,2.2351741790771484e-08,0.00022468787210527807,2026092701,coupled_lag1
time.2,28,144,2.9802322387695312e-08,0.000953441543970257,2026092701,coupled_lag1
behavior.0,28,144,1.4901161193847656e-08,0.00019670295296236873,2026092701,coupled_lag1
behavior.1,28,144,1.1175870895385742e-08,0.0001016419701045379,2026092701,coupled_lag1
behavior.2,28,144,1.4901161193847656e-08,0.0001996127684833482,2026092701,coupled_lag1
time.0,28,145,2.2351741790771484e-08,0.0002702955389395356,2026092701,coupled_lag1
time.1,28,145,1.4901161193847656e-08,0.00016484058869536966,2026092701,coupled_lag1
time.2,28,145,2.9802322387695312e-08,0.0008147942717187107,2026092701,coupled_lag1
behavior.0,28,145,1.4901161193847656e-08,0.00017112723435275257,2026092701,coupled_lag1
behavior.1,28,145,1.4901161193847656e-08,0.00010157514770980924,2026092701,coupled_lag1
behavior.2,28,145,1.4901161193847656e-08,0.00023724690254312009,2026092701,coupled_lag1
time.0,28,146,2.2351741790771484e-08,0.00046858240966685116,2026092701,coupled_lag1
time.1,28,146,1.4901161193847656e-08,0.000270615128101781,2026092701,coupled_lag1
time.2,28,146,2.9802322387695312e-08,0.0011484764982014894,2026092701,coupled_lag1
behavior.0,28,146,1.4901161193847656e-08,0.00017667209613136947,2026092701,coupled_lag1
behavior.1,28,146,1.1175870895385742e-08,0.00010644280700944364,2026092701,coupled_lag1
behavior.2,28,146,1.4901161193847656e-08,0.00023145163140725344,2026092701,coupled_lag1
time.0,28,147,1.4901161193847656e-08,0.000364322419045493,2026092701,coupled_lag1
time.1,28,147,1.4901161193847656e-08,0.0002114421222358942,2026092701,coupled_lag1
time.2,28,147,2.9802322387695312e-08,0.0009094348060898483,2026092701,coupled_lag1
behavior.0,28,147,1.4901161193847656e-08,0.00017327028035651892,2026092701,coupled_lag1
behavior.1,28,147,1.4901161193847656e-08,0.00010004486830439419,2026092701,coupled_lag1
behavior.2,28,147,1.4901161193847656e-08,0.0002477342204656452,2026092701,coupled_lag1
time.0,28,148,1.4901161193847656e-08,0.00029303680639714,2026092701,coupled_lag1
time.1,28,148,1.1175870895385742e-08,0.00018305036064703017,2026092701,coupled_lag1
time.2,28,148,2.9802322387695312e-08,0.0008510818588547409,2026092701,coupled_lag1
behavior.0,28,148,1.4901161193847656e-08,0.0001605249271960929,2026092701,coupled_lag1
behavior.1,28,148,1.1175870895385742e-08,9.888478962238878e-05,2026092701,coupled_lag1
behavior.2,28,148,1.4901161193847656e-08,0.00024686488904990256,2026092701,coupled_lag1
time.0,28,149,1.4901161193847656e-08,0.00028705139993689954,2026092701,coupled_lag1
time.1,28,149,1.1175870895385742e-08,0.0001933014573296532,2026092701,coupled_lag1
time.2,28,149,2.9802322387695312e-08,0.0008423755061812699,2026092701,coupled_lag1
behavior.0,28,149,1.4901161193847656e-08,0.00018849287880584598,2026092701,coupled_lag1
behavior.1,28,149,1.1175870895385742e-08,0.00010774360271170735,2026092701,coupled_lag1
behavior.2,28,149,1.4901161193847656e-08,0.00023440772201865911,2026092701,coupled_lag1
time.0,28,150,1.4901161193847656e-08,0.0003243006067350507,2026092701,coupled_lag1
time.1,28,150,1.1175870895385742e-08,0.0001949785801116377,2026092701,coupled_lag1
time.2,28,150,2.9802322387695312e-08,0.0008723889477550983,2026092701,coupled_lag1
behavior.0,28,150,1.4901161193847656e-08,0.00017786769603844732,2026092701,coupled_lag1
behavior.1,28,150,1.4901161193847656e-08,0.00010452306742081419,2026092701,coupled_lag1
behavior.2,28,150,1.4901161193847656e-08,0.00024985545314848423,2026092701,coupled_lag1
time.0,28,151,2.2351741790771484e-08,0.0003111764381173998,2026092701,coupled_lag1
time.1,28,151,1.4901161193847656e-08,0.0001929366117110476,2026092701,coupled_lag1
time.2,28,151,1.4901161193847656e-08,0.0008240172173827887,2026092701,coupled_lag1
behavior.0,28,151,1.4901161193847656e-08,0.00018772711337078363,2026092701,coupled_lag1
behavior.1,28,151,1.4901161193847656e-08,0.00010141262464458123,2026092701,coupled_lag1
behavior.2,28,151,1.4901161193847656e-08,0.0002287059760419652,2026092701,coupled_lag1
time.0,28,152,2.2351741790771484e-08,0.0004237098910380155,2026092701,coupled_lag1
time.1,28,152,1.4901161193847656e-08,0.00025431212270632386,2026092701,coupled_lag1
time.2,28,152,4.470348358154297e-08,0.000984347308985889,2026092701,coupled_lag1
behavior.0,28,152,1.4901161193847656e-08,0.00018585844372864813,2026092701,coupled_lag1
behavior.1,28,152,1.4901161193847656e-08,0.00010383770859334618,2026092701,coupled_lag1
behavior.2,28,152,1.4901161193847656e-08,0.00021633077994920313,2026092701,coupled_lag1
time.0,28,153,1.4901161193847656e-08,0.0002746904210653156,2026092701,coupled_lag1
time.1,28,153,1.4901161193847656e-08,0.00017150682106148452,2026092701,coupled_lag1
time.2,28,153,2.9802322387695312e-08,0.0007417685119435191,2026092701,coupled_lag1
behavior.0,28,153,1.4901161193847656e-08,0.00019630990573205054,2026092701,coupled_lag1
behavior.1,28,153,7.450580596923828e-09,0.00010477806790731847,2026092701,coupled_lag1
behavior.2,28,153,1.4901161193847656e-08,0.00022515169985126704,2026092701,coupled_lag1
time.0,28,154,1.4901161193847656e-08,0.00030142729519866407,2026092701,coupled_lag1
time.1,28,154,1.4901161193847656e-08,0.00019028691167477518,2026092701,coupled_lag1
time.2,28,154,1.4901161193847656e-08,0.000833472644444555,2026092701,coupled_lag1
behavior.0,28,154,1.4901161193847656e-08,0.00017961973208002746,2026092701,coupled_lag1
behavior.1,28,154,1.1175870895385742e-08,0.00010031161218648776,2026092701,coupled_lag1
behavior.2,28,154,1.4901161193847656e-08,0.0002376935153733939,2026092701,coupled_lag1
time.0,28,155,2.2351741790771484e-08,0.0002411574387224391,2026092701,coupled_lag1
time.1,28,155,1.4901161193847656e-08,0.00015887866902630776,2026092701,coupled_lag1
time.2,28,155,2.9802322387695312e-08,0.0007293099770322442,2026092701,coupled_lag1
behavior.0,28,155,1.4901161193847656e-08,0.0002200532762799412,2026092701,coupled_lag1
behavior.1,28,155,1.1175870895385742e-08,0.00010966110858134925,2026092701,coupled_lag1
behavior.2,28,155,1.4901161193847656e-08,0.00019334764510858804,2026092701,coupled_lag1
time.0,28,156,2.2351741790771484e-08,0.00028768647462129593,2026092701,coupled_lag1
time.1,28,156,1.4901161193847656e-08,0.0001846368977567181,2026092701,coupled_lag1
time.2,28,156,2.9802322387695312e-08,0.0008033849881030619,2026092701,coupled_lag1
behavior.0,28,156,1.4901161193847656e-08,0.00022092959261499345,2026092701,coupled_lag1
behavior.1,28,156,1.4901161193847656e-08,0.00011433599865995347,2026092701,coupled_lag1
behavior.2,28,156,1.4901161193847656e-08,0.0001813425769796595,2026092701,coupled_lag1
time.0,28,157,1.4901161193847656e-08,0.0002603433094918728,2026092701,coupled_lag1
time.1,28,157,1.4901161193847656e-08,0.00016664624854456633,2026092701,coupled_lag1
time.2,28,157,2.9802322387695312e-08,0.000719004834536463,2026092701,coupled_lag1
behavior.0,28,157,1.4901161193847656e-08,0.0002516312524676323,2026092701,coupled_lag1
behavior.1,28,157,1.1175870895385742e-08,0.00010005377407651395,2026092701,coupled_lag1
behavior.2,28,157,1.4901161193847656e-08,0.00021030187781434506,2026092701,coupled_lag1
time.0,28,158,1.4901161193847656e-08,0.00029315141728147864,2026092701,coupled_lag1
time.1,28,158,1.4901161193847656e-08,0.00018699032079894096,2026092701,coupled_lag1
time.2,28,158,2.9802322387695312e-08,0.0008080009138211608,2026092701,coupled_lag1
behavior.0,28,158,1.4901161193847656e-08,0.00018193096912000328,2026092701,coupled_lag1
behavior.1,28,158,1.4901161193847656e-08,9.959475573850796e-05,2026092701,coupled_lag1
behavior.2,28,158,1.4901161193847656e-08,0.00022721527784597129,2026092701,coupled_lag1
time.0,28,159,1.4901161193847656e-08,0.0003167731629218906,2026092701,coupled_lag1
time.1,28,159,1.4901161193847656e-08,0.00020827114349231124,2026092701,coupled_lag1
time.2,28,159,2.9802322387695312e-08,0.0008787444094195962,2026092701,coupled_lag1
behavior.0,28,159,2.2351741790771484e-08,0.00023043803230393678,2026092701,coupled_lag1
behavior.1,28,159,1.4901161193847656e-08,0.00011662781616905704,2026092701,coupled_lag1
behavior.2,28,159,1.4901161193847656e-08,0.00020417098130565137,2026092701,coupled_lag1
time.0,28,160,1.4901161193847656e-08,0.0003112143895123154,2026092701,coupled_lag1
time.1,28,160,1.1175870895385742e-08,0.0002015745994867757,2026092701,coupled_lag1
time.2,28,160,4.470348358154297e-08,0.0008357827318832278,2026092701,coupled_lag1
behavior.0,28,160,1.4901161193847656e-08,0.0002282496716361493,2026092701,coupled_lag1
behavior.1,28,160,1.1175870895385742e-08,0.00011415471090003848,2026092701,coupled_lag1
behavior.2,28,160,1.4901161193847656e-08,0.00020179922285024077,2026092701,coupled_lag1
time.0,28,161,1.4901161193847656e-08,0.00030548020731657743,2026092701,coupled_lag1
time.1,28,161,1.4901161193847656e-08,0.0001943699608091265,2026092701,coupled_lag1
time.2,28,161,2.9802322387695312e-08,0.000836172082927078,2026092701,coupled_lag1
behavior.0,28,161,1.4901161193847656e-08,0.00020042782125528902,2026092701,coupled_lag1
behavior.1,28,161,1.1175870895385742e-08,0.0001169113238574937,2026092701,coupled_lag1
behavior.2,28,161,1.4901161193847656e-08,0.0002294124715263024,2026092701,coupled_lag1
time.0,28,162,2.2351741790771484e-08,0.0003260080120526254,2026092701,coupled_lag1
time.1,28,162,1.4901161193847656e-08,0.00020357497851364315,2026092701,coupled_lag1
time.2,28,162,2.9802322387695312e-08,0.0008573324885219336,2026092701,coupled_lag1
behavior.0,28,162,1.4901161193847656e-08,0.0001815237628761679,2026092701,coupled_lag1
behavior.1,28,162,1.1175870895385742e-08,0.00010086226393468678,2026092701,coupled_lag1
behavior.2,28,162,1.4901161193847656e-08,0.0002375688636675477,2026092701,coupled_lag1
time.0,28,163,1.4901161193847656e-08,0.00030885805608704686,2026092701,coupled_lag1
time.1,28,163,1.4901161193847656e-08,0.00020673270046245307,2026092701,coupled_lag1
time.2,28,163,2.9802322387695312e-08,0.0008546347380615771,2026092701,coupled_lag1
behavior.0,28,163,1.4901161193847656e-08,0.00020316576410550624,2026092701,coupled_lag1
behavior.1,28,163,1.1175870895385742e-08,0.0001087599084712565,2026092701,coupled_lag1
behavior.2,28,163,1.4901161193847656e-08,0.00022937089670449495,2026092701,coupled_lag1
time.0,28,164,1.4901161193847656e-08,0.00034780704299919307,2026092701,coupled_lag1
time.1,28,164,1.4901161193847656e-08,0.00021405305596999824,2026092701,coupled_lag1
time.2,28,164,2.9802322387695312e-08,0.0008834933396428823,2026092701,coupled_lag1
behavior.0,28,164,1.4901161193847656e-08,0.00020216369011905044,2026092701,coupled_lag1
behavior.1,28,164,1.1175870895385742e-08,0.00011269687820458785,2026092701,coupled_lag1
behavior.2,28,164,2.2351741790771484e-08,0.00023291663092095405,2026092701,coupled_lag1
time.0,28,165,1.4901161193847656e-08,0.0003737528750207275,2026092701,coupled_lag1
time.1,28,165,1.4901161193847656e-08,0.00023690133821219206,2026092701,coupled_lag1
time.2,28,165,1.4901161193847656e-08,0.0009375336230732501,2026092701,coupled_lag1
behavior.0,28,165,1.4901161193847656e-08,0.00021096218551974744,2026092701,coupled_lag1
behavior.1,28,165,1.4901161193847656e-08,0.00010333214595448226,2026092701,coupled_lag1
behavior.2,28,165,1.4901161193847656e-08,0.0001903110241983086,2026092701,coupled_lag1
time.0,28,166,1.4901161193847656e-08,0.00031178619246929884,2026092701,coupled_lag1
time.1,28,166,1.4901161193847656e-08,0.00019254250219091773,2026092701,coupled_lag1
time.2,28,166,2.9802322387695312e-08,0.0008029738673940301,2026092701,coupled_lag1
behavior.0,28,166,1.4901161193847656e-08,0.00019359566795174032,2026092701,coupled_lag1
behavior.1,28,166,1.1175870895385742e-08,0.00010495410242583603,2026092701,coupled_lag1
behavior.2,28,166,1.4901161193847656e-08,0.0002236047002952546,2026092701,coupled_lag1
time.0,28,167,1.4901161193847656e-08,0.00025702849961817265,2026092701,coupled_lag1
time.1,28,167,2.2351741790771484e-08,0.00016578576469328254,2026092701,coupled_lag1
time.2,28,167,2.9802322387695312e-08,0.000763698248192668,2026092701,coupled_lag1
behavior.0,28,167,1.4901161193847656e-08,0.00020363173098303378,2026092701,coupled_lag1
behavior.1,28,167,1.4901161193847656e-08,0.0001133389669121243,2026092701,coupled_lag1
behavior.2,28,167,1.4901161193847656e-08,0.00023691877140663564,2026092701,coupled_lag1
time.0,28,168,1.4901161193847656e-08,0.0002851906465366483,2026092701,coupled_lag1
time.1,28,168,1.1175870895385742e-08,0.0001812654809327796,2026092701,coupled_lag1
time.2,28,168,2.9802322387695312e-08,0.0007766816997900605,2026092701,coupled_lag1
behavior.0,28,168,1.4901161193847656e-08,0.00018699836800806224,2026092701,coupled_lag1
behavior.1,28,168,1.4901161193847656e-08,0.00010580020898487419,2026092701,coupled_lag1
behavior.2,28,168,2.2351741790771484e-08,0.00024905320606194437,2026092701,coupled_lag1
time.0,28,169,1.4901161193847656e-08,0.00027733383467420936,2026092701,coupled_lag1
time.1,28,169,1.1175870895385742e-08,0.00017747851961757988,2026092701,coupled_lag1
time.2,28,169,2.9802322387695312e-08,0.0007285734754987061,2026092701,coupled_lag1
behavior.0,28,169,1.4901161193847656e-08,0.00021513059618882835,2026092701,coupled_lag1
behavior.1,28,169,1.4901161193847656e-08,0.00010994918557116762,2026092701,coupled_lag1
behavior.2,28,169,1.4901161193847656e-08,0.00018654631276149303,2026092701,coupled_lag1
time.0,28,170,1.4901161193847656e-08,0.0002779529895633459,2026092701,coupled_lag1
time.1,28,170,7.450580596923828e-09,0.00018465590255800635,2026092701,coupled_lag1
time.2,28,170,2.9802322387695312e-08,0.0007853115675970912,2026092701,coupled_lag1
behavior.0,28,170,1.4901161193847656e-08,0.00022004215861670673,2026092701,coupled_lag1
behavior.1,28,170,1.1175870895385742e-08,0.00011165181786054745,2026092701,coupled_lag1
behavior.2,28,170,1.4901161193847656e-08,0.00022106293181423098,2026092701,coupled_lag1
time.0,28,171,1.4901161193847656e-08,0.000358629651600495,2026092701,coupled_lag1
time.1,28,171,1.4901161193847656e-08,0.00022308476036414504,2026092701,coupled_lag1
time.2,28,171,2.9802322387695312e-08,0.000895748264156282,2026092701,coupled_lag1
behavior.0,28,171,2.2351741790771484e-08,0.00020113115897402167,2026092701,coupled_lag1
behavior.1,28,171,1.4901161193847656e-08,0.00010377249418525025,2026092701,coupled_lag1
behavior.2,28,171,1.4901161193847656e-08,0.00022542434453498572,2026092701,coupled_lag1
time.0,28,172,1.4901161193847656e-08,0.00022233188792597502,2026092701,coupled_lag1
time.1,28,172,1.1175870895385742e-08,0.00015148155216593295,2026092701,coupled_lag1
time.2,28,172,2.2351741790771484e-08,0.0006826051976531744,2026092701,coupled_lag1
behavior.0,28,172,1.4901161193847656e-08,0.00018485893087927252,2026092701,coupled_lag1
behavior.1,28,172,1.1175870895385742e-08,0.00010393124830443412,2026092701,coupled_lag1
behavior.2,28,172,1.4901161193847656e-08,0.00023461689124815166,2026092701,coupled_lag1
time.0,28,173,1.4901161193847656e-08,0.00028365253820084035,2026092701,coupled_lag1
time.1,28,173,7.450580596923828e-09,0.0001908327976707369,2026092701,coupled_lag1
time.2,28,173,2.9802322387695312e-08,0.0007885912782512605,2026092701,coupled_lag1
behavior.0,28,173,1.4901161193847656e-08,0.000185968674486503,2026092701,coupled_lag1
behavior.1,28,173,1.4901161193847656e-08,0.00010638832463882864,2026092701,coupled_lag1
behavior.2,28,173,1.4901161193847656e-08,0.00023164846061263233,2026092701,coupled_lag1
time.0,28,174,2.2351741790771484e-08,0.0003612414875533432,2026092701,coupled_lag1
time.1,28,174,1.4901161193847656e-08,0.0002171682717744261,2026092701,coupled_lag1
time.2,28,174,2.9802322387695312e-08,0.000873309385497123,2026092701,coupled_lag1
behavior.0,28,174,1.4901161193847656e-08,0.0002005399001063779,2026092701,coupled_lag1
behavior.1,28,174,1.1175870895385742e-08,0.0001040352217387408,2026092701,coupled_lag1
behavior.2,28,174,1.4901161193847656e-08,0.00020937250519637018,2026092701,coupled_lag1
time.0,28,175,1.4901161193847656e-08,0.0002729092666413635,2026092701,coupled_lag1
time.1,28,175,1.4901161193847656e-08,0.0001755612756824121,2026092701,coupled_lag1
time.2,28,175,2.9802322387695312e-08,0.0007423848146572709,2026092701,coupled_lag1
behavior.0,28,175,1.4901161193847656e-08,0.0001944607065524906,2026092701,coupled_lag1
behavior.1,28,175,1.1175870895385742e-08,0.00010082270455313846,2026092701,coupled_lag1
behavior.2,28,175,1.862645149230957e-08,0.00024940178263932467,2026092701,coupled_lag1
time.0,28,176,2.2351741790771484e-08,0.0003463034809101373,2026092701,coupled_lag1
time.1,28,176,1.1175870895385742e-08,0.00022373080719262362,2026092701,coupled_lag1
time.2,28,176,2.9802322387695312e-08,0.0009047120111063123,2026092701,coupled_lag1
behavior.0,28,176,1.4901161193847656e-08,0.00017587054753676057,2026092701,coupled_lag1
behavior.1,28,176,1.4901161193847656e-08,0.00010320250294171274,2026092701,coupled_lag1
behavior.2,28,176,2.2351741790771484e-08,0.0002511217608116567,2026092701,coupled_lag1
time.0,28,177,2.9802322387695312e-08,0.0003727005678229034,2026092701,coupled_lag1
time.1,28,177,1.4901161193847656e-08,0.0002359990612603724,2026092701,coupled_lag1
time.2,28,177,4.470348358154297e-08,0.0009433318045921624,2026092701,coupled_lag1
behavior.0,28,177,1.4901161193847656e-08,0.00017431598098482937,2026092701,coupled_lag1
behavior.1,28,177,1.4901161193847656e-08,0.00010307462798664346,2026092701,coupled_lag1
behavior.2,28,177,1.4901161193847656e-08,0.0002532036742195487,2026092701,coupled_lag1
time.0,28,178,2.9802322387695312e-08,0.00031841167947277427,2026092701,coupled_lag1
time.1,28,178,1.4901161193847656e-08,0.00020080186368431896,2026092701,coupled_lag1
time.2,28,178,2.9802322387695312e-08,0.0007957821944728494,2026092701,coupled_lag1
behavior.0,28,178,1.4901161193847656e-08,0.0002048643509624526,2026092701,coupled_lag1
behavior.1,28,178,1.4901161193847656e-08,0.00010190580360358581,2026092701,coupled_lag1
behavior.2,28,178,1.4901161193847656e-08,0.0002022281551035121,2026092701,coupled_lag1
time.0,28,179,1.4901161193847656e-08,0.00023599338601343334,2026092701,coupled_lag1
time.1,28,179,1.4901161193847656e-08,0.00016238137322943658,2026092701,coupled_lag1
time.2,28,179,2.9802322387695312e-08,0.0006943912012502551,2026092701,coupled_lag1
behavior.0,28,179,1.4901161193847656e-08,0.00021049119823146611,2026092701,coupled_lag1
behavior.1,28,179,1.1175870895385742e-08,0.00010451795969856903,2026092701,coupled_lag1
behavior.2,28,179,1.4901161193847656e-08,0.00018659346096683294,2026092701,coupled_lag1
time.0,28,180,1.4901161193847656e-08,0.00032981083495542407,2026092701,coupled_lag1
time.1,28,180,1.4901161193847656e-08,0.00021260041103232652,2026092701,coupled_lag1
time.2,28,180,2.9802322387695312e-08,0.0008724751533009112,2026092701,coupled_lag1
behavior.0,28,180,1.4901161193847656e-08,0.00018408453615847975,2026092701,coupled_lag1
behavior.1,28,180,1.4901161193847656e-08,0.00010579455556580797,2026092701,coupled_lag1
behavior.2,28,180,1.4901161193847656e-08,0.00022449734387919307,2026092701,coupled_lag1
time.0,28,181,2.2351741790771484e-08,0.0003363763098604977,2026092701,coupled_lag1
time.1,28,181,1.4901161193847656e-08,0.00020572953508235514,2026092701,coupled_lag1
time.2,28,181,2.9802322387695312e-08,0.0008538915426470339,2026092701,coupled_lag1
behavior.0,28,181,1.4901161193847656e-08,0.00022628725855611265,2026092701,coupled_lag1
behavior.1,28,181,1.4901161193847656e-08,0.00011435992928454652,2026092701,coupled_lag1
behavior.2,28,181,1.4901161193847656e-08,0.000271202705334872,2026092701,coupled_lag1
time.0,28,182,2.2351741790771484e-08,0.00033157228608615696,2026092701,coupled_lag1
time.1,28,182,1.4901161193847656e-08,0.00021986041974741966,2026092701,coupled_lag1
time.2,28,182,2.2351741790771484e-08,0.0008963332511484623,2026092701,coupled_lag1
behavior.0,28,182,1.4901161193847656e-08,0.00020616638357751071,2026092701,coupled_lag1
behavior.1,28,182,2.2351741790771484e-08,0.0001135350321419537,2026092701,coupled_lag1
behavior.2,28,182,1.4901161193847656e-08,0.00021818713867105544,2026092701,coupled_lag1
time.0,28,183,1.4901161193847656e-08,0.00026280057500116527,2026092701,coupled_lag1
time.1,28,183,1.4901161193847656e-08,0.0001760887389536947,2026092701,coupled_lag1
time.2,28,183,2.9802322387695312e-08,0.0007636029622517526,2026092701,coupled_lag1
behavior.0,28,183,1.4901161193847656e-08,0.00017534990911372006,2026092701,coupled_lag1
behavior.1,28,183,1.1175870895385742e-08,0.00011104982695542276,2026092701,coupled_lag1
behavior.2,28,183,1.4901161193847656e-08,0.0002780443464871496,2026092701,coupled_lag1
time.0,28,184,1.4901161193847656e-08,0.00021027268667239696,2026092701,coupled_lag1
time.1,28,184,1.1175870895385742e-08,0.00013962291995994747,2026092701,coupled_lag1
time.2,28,184,2.9802322387695312e-08,0.000664032413624227,2026092701,coupled_lag1
behavior.0,28,184,1.4901161193847656e-08,0.0001780194288585335,2026092701,coupled_lag1
behavior.1,28,184,7.450580596923828e-09,0.00010967972775688395,2026092701,coupled_lag1
behavior.2,28,184,1.4901161193847656e-08,0.0002521069545764476,2026092701,coupled_lag1
time.0,28,185,1.4901161193847656e-08,0.00024787685833871365,2026092701,coupled_lag1
time.1,28,185,1.4901161193847656e-08,0.00016763930034358054,2026092701,coupled_lag1
time.2,28,185,2.9802322387695312e-08,0.0007424099603667855,2026092701,coupled_lag1
behavior.0,28,185,1.4901161193847656e-08,0.00018583009659778327,2026092701,coupled_lag1
behavior.1,28,185,1.4901161193847656e-08,0.00010587718134047464,2026092701,coupled_lag1
behavior.2,28,185,1.1175870895385742e-08,0.00022603649995289743,2026092701,coupled_lag1
time.0,28,186,1.4901161193847656e-08,0.00032332571572624147,2026092701,coupled_lag1
time.1,28,186,1.4901161193847656e-08,0.00020881379896309227,2026092701,coupled_lag1
time.2,28,186,1.4901161193847656e-08,0.0008684239001013339,2026092701,coupled_lag1
behavior.0,28,186,1.4901161193847656e-08,0.00018328246369492263,2026092701,coupled_lag1
behavior.1,28,186,1.1175870895385742e-08,0.00010671233758330345,2026092701,coupled_lag1
behavior.2,28,186,1.4901161193847656e-08,0.00023968379537109286,2026092701,coupled_lag1
time.0,28,187,1.4901161193847656e-08,0.00024415069492533803,2026092701,coupled_lag1
time.1,28,187,1.1175870895385742e-08,0.0001720720320008695,2026092701,coupled_lag1
time.2,28,187,4.470348358154297e-08,0.0007515255711041391,2026092701,coupled_lag1
behavior.0,28,187,1.4901161193847656e-08,0.0001894360757432878,2026092701,coupled_lag1
behavior.1,28,187,1.4901161193847656e-08,0.00010899831249844283,2026092701,coupled_lag1
behavior.2,28,187,1.4901161193847656e-08,0.00024227247922681272,2026092701,coupled_lag1
time.0,28,188,1.4901161193847656e-08,0.00031231535831466317,2026092701,coupled_lag1
time.1,28,188,1.1175870895385742e-08,0.00019948670524172485,2026092701,coupled_lag1
time.2,28,188,2.2351741790771484e-08,0.0008094218792393804,2026092701,coupled_lag1
behavior.0,28,188,1.4901161193847656e-08,0.00019025000801775604,2026092701,coupled_lag1
behavior.1,28,188,1.4901161193847656e-08,0.0001033401204040274,2026092701,coupled_lag1
behavior.2,28,188,1.1175870895385742e-08,0.00020438381761778146,2026092701,coupled_lag1
time.0,28,189,2.9802322387695312e-08,0.000341586273862049,2026092701,coupled_lag1
time.1,28,189,1.4901161193847656e-08,0.00022033641289453954,2026092701,coupled_lag1
time.2,28,189,2.9802322387695312e-08,0.0008893172489479184,2026092701,coupled_lag1
behavior.0,28,189,2.2351741790771484e-08,0.00019916491874027997,2026092701,coupled_lag1
behavior.1,28,189,1.1175870895385742e-08,0.00010259880946250632,2026092701,coupled_lag1
behavior.2,28,189,1.4901161193847656e-08,0.00019515043823048472,2026092701,coupled_lag1
time.0,28,190,2.2351741790771484e-08,0.0003092140832450241,2026092701,coupled_lag1
time.1,28,190,1.1175870895385742e-08,0.00019714649533852935,2026092701,coupled_lag1
time.2,28,190,2.9802322387695312e-08,0.0008373908931389451,2026092701,coupled_lag1
behavior.0,28,190,1.4901161193847656e-08,0.00020014103210996836,2026092701,coupled_lag1
behavior.1,28,190,1.4901161193847656e-08,0.00010895104060182348,2026092701,coupled_lag1
behavior.2,28,190,1.4901161193847656e-08,0.0002303571964148432,2026092701,coupled_lag1
time.0,28,191,2.2351741790771484e-08,0.00031153339659795165,2026092701,coupled_lag1
time.1,28,191,1.4901161193847656e-08,0.00019217665249016136,2026092701,coupled_lag1
time.2,28,191,2.9802322387695312e-08,0.0007996118511073291,2026092701,coupled_lag1
behavior.0,28,191,2.2351741790771484e-08,0.00020375355961732566,2026092701,coupled_lag1
behavior.1,28,191,1.1175870895385742e-08,0.0001043845186359249,2026092701,coupled_lag1
behavior.2,28,191,1.4901161193847656e-08,0.00019619551312644035,2026092701,coupled_lag1
time.0,28,192,2.2351741790771484e-08,0.00028698338428512216,2026092701,coupled_lag1
time.1,28,192,1.4901161193847656e-08,0.00017903067055158317,2026092701,coupled_lag1
time.2,28,192,2.2351741790771484e-08,0.0007791667594574392,2026092701,coupled_lag1
behavior.0,28,192,1.4901161193847656e-08,0.00019285855523776263,2026092701,coupled_lag1
behavior.1,28,192,1.4901161193847656e-08,0.0001080885631381534,2026092701,coupled_lag1
behavior.2,28,192,1.4901161193847656e-08,0.00022616505157202482,2026092701,coupled_lag1
time.0,28,193,1.4901161193847656e-08,0.0003643186064437032,2026092701,coupled_lag1
time.1,28,193,7.450580596923828e-09,0.00021431509230751544,2026092701,coupled_lag1
time.2,28,193,2.9802322387695312e-08,0.0008766439277678728,2026092701,coupled_lag1
behavior.0,28,193,1.4901161193847656e-08,0.00020462855172809213,2026092701,coupled_lag1
behavior.1,28,193,1.4901161193847656e-08,0.0001098697175621055,2026092701,coupled_lag1
behavior.2,28,193,1.4901161193847656e-08,0.0002084122534142807,2026092701,coupled_lag1
time.0,28,194,2.2351741790771484e-08,0.0002820949594024569,2026092701,coupled_lag1
time.1,28,194,1.4901161193847656e-08,0.00018038420239463449,2026092701,coupled_lag1
time.2,28,194,2.9802322387695312e-08,0.0007657228852622211,2026092701,coupled_lag1
behavior.0,28,194,1.4901161193847656e-08,0.00019595230696722865,2026092701,coupled_lag1
behavior.1,28,194,7.450580596923828e-09,0.00010613967606332153,2026092701,coupled_lag1
behavior.2,28,194,1.4901161193847656e-08,0.0002305834204889834,2026092701,coupled_lag1
time.0,28,195,1.4901161193847656e-08,0.0002561646979302168,2026092701,coupled_lag1
time.1,28,195,1.1175870895385742e-08,0.0001618830137886107,2026092701,coupled_lag1
time.2,28,195,2.9802322387695312e-08,0.0007469940464943647,2026092701,coupled_lag1
behavior.0,28,195,1.4901161193847656e-08,0.00020181840227451175,2026092701,coupled_lag1
behavior.1,28,195,1.4901161193847656e-08,0.00011082080891355872,2026092701,coupled_lag1
behavior.2,28,195,1.4901161193847656e-08,0.0002303541114088148,2026092701,coupled_lag1
time.0,28,196,2.2351741790771484e-08,0.0003055715933442116,2026092701,coupled_lag1
time.1,28,196,1.4901161193847656e-08,0.00019363757746759802,2026092701,coupled_lag1
time.2,28,196,1.4901161193847656e-08,0.0008039232925511897,2026092701,coupled_lag1
behavior.0,28,196,2.2351741790771484e-08,0.0002195027336711064,2026092701,coupled_lag1
behavior.1,28,196,1.862645149230957e-08,0.0001080186411854811,2026092701,coupled_lag1
behavior.2,28,196,1.4901161193847656e-08,0.00020624924218282104,2026092701,coupled_lag1
time.0,28,197,1.4901161193847656e-08,0.0003407975600566715,2026092701,coupled_lag1
time.1,28,197,1.4901161193847656e-08,0.0002261847403133288,2026092701,coupled_lag1
time.2,28,197,2.9802322387695312e-08,0.0009046053746715188,2026092701,coupled_lag1
behavior.0,28,197,1.4901161193847656e-08,0.00018623503274284303,2026092701,coupled_lag1
behavior.1,28,197,1.1175870895385742e-08,0.00010470392589922994,2026092701,coupled_lag1
behavior.2,28,197,1.4901161193847656e-08,0.00023188619525171816,2026092701,coupled_lag1
time.0,28,198,2.2351741790771484e-08,0.00031449776724912226,2026092701,coupled_lag1
time.1,28,198,1.4901161193847656e-08,0.00020149833289906383,2026092701,coupled_lag1
time.2,28,198,2.9802322387695312e-08,0.0008357074693776667,2026092701,coupled_lag1
behavior.0,28,198,1.4901161193847656e-08,0.00019671126210596412,2026092701,coupled_lag1
behavior.1,28,198,1.4901161193847656e-08,0.00011310161789879203,2026092701,coupled_lag1
behavior.2,28,198,1.4901161193847656e-08,0.00024406047305092216,2026092701,coupled_lag1
time.0,28,199,1.4901161193847656e-08,0.00031936782761476934,2026092701,coupled_lag1
time.1,28,199,1.4901161193847656e-08,0.00021270601428113878,2026092701,coupled_lag1
time.2,28,199,4.470348358154297e-08,0.0008613696554675698,2026092701,coupled_lag1
behavior.0,28,199,1.4901161193847656e-08,0.00021481234580278397,2026092701,coupled_lag1
behavior.1,28,199,7.450580596923828e-09,0.0001027576217893511,2026092701,coupled_lag1
behavior.2,28,199,1.4901161193847656e-08,0.00020868258434347808,2026092701,coupled_lag1
time.0,28,200,2.2351741790771484e-08,0.0003148866235278547,2026092701,coupled_lag1
time.1,28,200,1.1175870895385742e-08,0.0002057432575384155,2026092701,coupled_lag1
time.2,28,200,2.2351741790771484e-08,0.0008395297336392105,2026092701,coupled_lag1
behavior.0,28,200,1.4901161193847656e-08,0.00018620691844262183,2026092701,coupled_lag1
behavior.1,28,200,7.450580596923828e-09,0.0001044439704855904,2026092701,coupled_lag1
behavior.2,28,200,1.1175870895385742e-08,0.00023237711866386235,2026092701,coupled_lag1
time.0,28,1,1.4901161193847656e-08,0.00025630847085267305,2026092701,coupled_lag4
time.1,28,1,1.1175870895385742e-08,0.00014978411491028965,2026092701,coupled_lag4
time.2,28,1,1.4901161193847656e-08,0.000295814941637218,2026092701,coupled_lag4
behavior.0,28,1,1.1175870895385742e-08,0.00010738866694737226,2026092701,coupled_lag4
behavior.1,28,1,2.2351741790771484e-08,0.00030339916702359915,2026092701,coupled_lag4
behavior.2,28,1,1.1175870895385742e-08,0.00018002089927904308,2026092701,coupled_lag4
time.0,28,2,2.2351741790771484e-08,0.00024375462089665234,2026092701,coupled_lag4
time.1,28,2,1.1175870895385742e-08,0.00014021212700754404,2026092701,coupled_lag4
time.2,28,2,2.2351741790771484e-08,0.0003917250724043697,2026092701,coupled_lag4
behavior.0,28,2,1.4901161193847656e-08,0.00013874113210476935,2026092701,coupled_lag4
behavior.1,28,2,1.1175870895385742e-08,0.0002079782570945099,2026092701,coupled_lag4
behavior.2,28,2,1.1175870895385742e-08,0.0001765243214322254,2026092701,coupled_lag4
time.0,28,3,1.4901161193847656e-08,0.0002770849678199738,2026092701,coupled_lag4
time.1,28,3,1.4901161193847656e-08,0.00015566364163532853,2026092701,coupled_lag4
time.2,28,3,2.2351741790771484e-08,0.0003764114517252892,2026092701,coupled_lag4
behavior.0,28,3,1.4901161193847656e-08,0.00012843988952226937,2026092701,coupled_lag4
behavior.1,28,3,1.1175870895385742e-08,0.00021668625413440168,2026092701,coupled_lag4
behavior.2,28,3,1.1175870895385742e-08,0.00019715700182132423,2026092701,coupled_lag4
time.0,28,4,1.4901161193847656e-08,0.00025803802418522537,2026092701,coupled_lag4
time.1,28,4,1.4901161193847656e-08,0.00016100445645861328,2026092701,coupled_lag4
time.2,28,4,1.4901161193847656e-08,0.0003875602560583502,2026092701,coupled_lag4
behavior.0,28,4,1.4901161193847656e-08,0.0001407060626661405,2026092701,coupled_lag4
behavior.1,28,4,1.4901161193847656e-08,0.00020227997447364032,2026092701,coupled_lag4
behavior.2,28,4,1.4901161193847656e-08,0.00018133023695554584,2026092701,coupled_lag4
time.0,28,5,1.4901161193847656e-08,0.0003199792990926653,2026092701,coupled_lag4
time.1,28,5,1.4901161193847656e-08,0.00019457920279819518,2026092701,coupled_lag4
time.2,28,5,2.9802322387695312e-08,0.0004374325799290091,2026092701,coupled_lag4
behavior.0,28,5,1.4901161193847656e-08,0.00016051623970270157,2026092701,coupled_lag4
behavior.1,28,5,1.4901161193847656e-08,0.00017270697571802884,2026092701,coupled_lag4
behavior.2,28,5,1.4901161193847656e-08,0.00015222518413793296,2026092701,coupled_lag4
time.0,28,6,2.2351741790771484e-08,0.0003192559815943241,2026092701,coupled_lag4
time.1,28,6,1.4901161193847656e-08,0.0001924460375448689,2026092701,coupled_lag4
time.2,28,6,1.4901161193847656e-08,0.000419539341237396,2026092701,coupled_lag4
behavior.0,28,6,1.4901161193847656e-08,0.0001467162073822692,2026092701,coupled_lag4
behavior.1,28,6,1.4901161193847656e-08,0.0001578556839376688,2026092701,coupled_lag4
behavior.2,28,6,1.4901161193847656e-08,0.00015849329065531492,2026092701,coupled_lag4
time.0,28,7,1.4901161193847656e-08,0.00036628294037654996,2026092701,coupled_lag4
time.1,28,7,2.2351741790771484e-08,0.00020118556858506054,2026092701,coupled_lag4
time.2,28,7,2.2351741790771484e-08,0.00046690236194990575,2026092701,coupled_lag4
behavior.0,28,7,1.1175870895385742e-08,0.00015826840535737574,2026092701,coupled_lag4
behavior.1,28,7,1.4901161193847656e-08,0.00016468987450934947,2026092701,coupled_lag4
behavior.2,28,7,1.1175870895385742e-08,0.00015309448644984514,2026092701,coupled_lag4
time.0,28,8,1.4901161193847656e-08,0.0003284748236183077,2026092701,coupled_lag4
time.1,28,8,1.4901161193847656e-08,0.00018673289741855115,2026092701,coupled_lag4
time.2,28,8,1.4901161193847656e-08,0.00044849843834526837,2026092701,coupled_lag4
behavior.0,28,8,1.4901161193847656e-08,0.00013774610124528408,2026092701,coupled_lag4
behavior.1,28,8,1.4901161193847656e-08,0.00015733791224192828,2026092701,coupled_lag4
behavior.2,28,8,1.4901161193847656e-08,0.00017523110727779567,2026092701,coupled_lag4
time.0,28,9,1.4901161193847656e-08,0.00026125548174604774,2026092701,coupled_lag4
time.1,28,9,1.4901161193847656e-08,0.00018217733304481953,2026092701,coupled_lag4
time.2,28,9,2.2351741790771484e-08,0.00034967894316650927,2026092701,coupled_lag4
behavior.0,28,9,1.4901161193847656e-08,0.0001585576101206243,2026092701,coupled_lag4
behavior.1,28,9,1.4901161193847656e-08,0.0001723708410281688,2026092701,coupled_lag4
behavior.2,28,9,1.4901161193847656e-08,0.00015188507677521557,2026092701,coupled_lag4
time.0,28,10,1.4901161193847656e-08,0.00026346315280534327,2026092701,coupled_lag4
time.1,28,10,1.1175870895385742e-08,0.00018055307737085968,2026092701,coupled_lag4
time.2,28,10,1.4901161193847656e-08,0.0003489891823846847,2026092701,coupled_lag4
behavior.0,28,10,1.4901161193847656e-08,0.00016318581765517592,2026092701,coupled_lag4
behavior.1,28,10,1.4901161193847656e-08,0.00016565700934734195,2026092701,coupled_lag4
behavior.2,28,10,2.2351741790771484e-08,0.0001484334352426231,2026092701,coupled_lag4
time.0,28,11,1.4901161193847656e-08,0.00031954655423760414,2026092701,coupled_lag4
time.1,28,11,1.1175870895385742e-08,0.0001868291146820411,2026092701,coupled_lag4
time.2,28,11,1.4901161193847656e-08,0.00044225077726878226,2026092701,coupled_lag4
behavior.0,28,11,1.4901161193847656e-08,0.00015622421051375568,2026092701,coupled_lag4
behavior.1,28,11,1.1175870895385742e-08,0.0001489362184656784,2026092701,coupled_lag4
behavior.2,28,11,1.4901161193847656e-08,0.00015204260125756264,2026092701,coupled_lag4
time.0,28,12,1.4901161193847656e-08,0.0002750865533016622,2026092701,coupled_lag4
time.1,28,12,1.4901161193847656e-08,0.00014472092152573168,2026092701,coupled_lag4
time.2,28,12,1.4901161193847656e-08,0.0003905607736669481,2026092701,coupled_lag4
behavior.0,28,12,1.4901161193847656e-08,0.0001629979960853234,2026092701,coupled_lag4
behavior.1,28,12,1.4901161193847656e-08,0.00015347691078204662,2026092701,coupled_lag4
behavior.2,28,12,7.450580596923828e-09,0.00017258421576116234,2026092701,coupled_lag4
time.0,28,13,1.4901161193847656e-08,0.0002687751257326454,2026092701,coupled_lag4
time.1,28,13,1.4901161193847656e-08,0.00016396465071011335,2026092701,coupled_lag4
time.2,28,13,1.4901161193847656e-08,0.00042548548663035035,2026092701,coupled_lag4
behavior.0,28,13,1.4901161193847656e-08,0.00014189381909091026,2026092701,coupled_lag4
behavior.1,28,13,1.4901161193847656e-08,0.00015003378211986274,2026092701,coupled_lag4
behavior.2,28,13,1.4901161193847656e-08,0.00018701094086281955,2026092701,coupled_lag4
time.0,28,14,1.4901161193847656e-08,0.0003222184022888541,2026092701,coupled_lag4
time.1,28,14,1.4901161193847656e-08,0.00019523761875461787,2026092701,coupled_lag4
time.2,28,14,1.4901161193847656e-08,0.00048695853911340237,2026092701,coupled_lag4
behavior.0,28,14,2.2351741790771484e-08,0.00016501540085300803,2026092701,coupled_lag4
behavior.1,28,14,1.4901161193847656e-08,0.0001568439620314166,2026092701,coupled_lag4
behavior.2,28,14,7.450580596923828e-09,0.00018215052841696888,2026092701,coupled_lag4
time.0,28,15,2.2351741790771484e-08,0.0003107314696535468,2026092701,coupled_lag4
time.1,28,15,1.4901161193847656e-08,0.00019020060426555574,2026092701,coupled_lag4
time.2,28,15,1.4901161193847656e-08,0.00048822950338944793,2026092701,coupled_lag4
behavior.0,28,15,1.4901161193847656e-08,0.0001569657470099628,2026092701,coupled_lag4
behavior.1,28,15,1.4901161193847656e-08,0.00014873864711262286,2026092701,coupled_lag4
behavior.2,28,15,1.4901161193847656e-08,0.0001765991619322449,2026092701,coupled_lag4
time.0,28,16,2.2351741790771484e-08,0.0003354850341565907,2026092701,coupled_lag4
time.1,28,16,1.4901161193847656e-08,0.0001996338105527684,2026092701,coupled_lag4
time.2,28,16,2.2351741790771484e-08,0.0005028360756114125,2026092701,coupled_lag4
behavior.0,28,16,1.4901161193847656e-08,0.0002059964172076434,2026092701,coupled_lag4
behavior.1,28,16,2.2351741790771484e-08,0.00015551148680970073,2026092701,coupled_lag4
behavior.2,28,16,1.4901161193847656e-08,0.00016965890245046467,2026092701,coupled_lag4
time.0,28,17,1.4901161193847656e-08,0.00029520265525206923,2026092701,coupled_lag4
time.1,28,17,1.4901161193847656e-08,0.00019386765779927373,2026092701,coupled_lag4
time.2,28,17,1.4901161193847656e-08,0.0004508276761043817,2026092701,coupled_lag4
behavior.0,28,17,1.4901161193847656e-08,0.0001574639172758907,2026092701,coupled_lag4
behavior.1,28,17,1.4901161193847656e-08,0.00013999990187585354,2026092701,coupled_lag4
behavior.2,28,17,1.862645149230957e-08,0.00016765706823207438,2026092701,coupled_lag4
time.0,28,18,1.4901161193847656e-08,0.0003582103527151048,2026092701,coupled_lag4
time.1,28,18,1.4901161193847656e-08,0.00021342375839594752,2026092701,coupled_lag4
time.2,28,18,1.4901161193847656e-08,0.0005478176753968,2026092701,coupled_lag4
behavior.0,28,18,1.4901161193847656e-08,0.00019064164371229708,2026092701,coupled_lag4
behavior.1,28,18,1.4901161193847656e-08,0.00014946130977477878,2026092701,coupled_lag4
behavior.2,28,18,1.4901161193847656e-08,0.00013949671119917184,2026092701,coupled_lag4
time.0,28,19,1.4901161193847656e-08,0.0003307031583972275,2026092701,coupled_lag4
time.1,28,19,1.4901161193847656e-08,0.0001942972739925608,2026092701,coupled_lag4
time.2,28,19,2.2351741790771484e-08,0.000530117133166641,2026092701,coupled_lag4
behavior.0,28,19,1.4901161193847656e-08,0.00019660805992316455,2026092701,coupled_lag4
behavior.1,28,19,7.450580596923828e-09,0.00015078902652021497,2026092701,coupled_lag4
behavior.2,28,19,1.1175870895385742e-08,0.00015203387010842562,2026092701,coupled_lag4
time.0,28,20,1.4901161193847656e-08,0.0003849878266919404,2026092701,coupled_lag4
time.1,28,20,1.4901161193847656e-08,0.0002447923761792481,2026092701,coupled_lag4
time.2,28,20,1.4901161193847656e-08,0.0006786204176023602,2026092701,coupled_lag4
behavior.0,28,20,1.4901161193847656e-08,0.00020199277787469327,2026092701,coupled_lag4
behavior.1,28,20,1.4901161193847656e-08,0.00015271190204657614,2026092701,coupled_lag4
behavior.2,28,20,1.4901161193847656e-08,0.00015555262507405132,2026092701,coupled_lag4
time.0,28,21,1.4901161193847656e-08,0.0003397322434466332,2026092701,coupled_lag4
time.1,28,21,1.4901161193847656e-08,0.00023027844144962728,2026092701,coupled_lag4
time.2,28,21,2.9802322387695312e-08,0.0006205462268553674,2026092701,coupled_lag4
behavior.0,28,21,1.4901161193847656e-08,0.00018003866716753691,2026092701,coupled_lag4
behavior.1,28,21,1.4901161193847656e-08,0.00014257465954869986,2026092701,coupled_lag4
behavior.2,28,21,1.4901161193847656e-08,0.0001567973813507706,2026092701,coupled_lag4
time.0,28,22,1.4901161193847656e-08,0.0003026734630111605,2026092701,coupled_lag4
time.1,28,22,1.4901161193847656e-08,0.00019461610645521432,2026092701,coupled_lag4
time.2,28,22,2.9802322387695312e-08,0.0005925928708165884,2026092701,coupled_lag4
behavior.0,28,22,1.4901161193847656e-08,0.0002028641611104831,2026092701,coupled_lag4
behavior.1,28,22,1.4901161193847656e-08,0.00014244472549762577,2026092701,coupled_lag4
behavior.2,28,22,1.4901161193847656e-08,0.00018310650193598121,2026092701,coupled_lag4
time.0,28,23,1.4901161193847656e-08,0.0002670923713594675,2026092701,coupled_lag4
time.1,28,23,1.1175870895385742e-08,0.00017776885943021625,2026092701,coupled_lag4
time.2,28,23,1.4901161193847656e-08,0.0005830529262311757,2026092701,coupled_lag4
behavior.0,28,23,1.4901161193847656e-08,0.00017204269533976912,2026092701,coupled_lag4
behavior.1,28,23,1.4901161193847656e-08,0.00013827663497067988,2026092701,coupled_lag4
behavior.2,28,23,1.4901161193847656e-08,0.00017033844778779894,2026092701,coupled_lag4
time.0,28,24,1.4901161193847656e-08,0.0003278976655565202,2026092701,coupled_lag4
time.1,28,24,1.4901161193847656e-08,0.00020828151900786906,2026092701,coupled_lag4
time.2,28,24,2.9802322387695312e-08,0.0006492834072560072,2026092701,coupled_lag4
behavior.0,28,24,1.4901161193847656e-08,0.00017623054736759514,2026092701,coupled_lag4
behavior.1,28,24,1.1175870895385742e-08,0.00014339378685690463,2026092701,coupled_lag4
behavior.2,28,24,1.4901161193847656e-08,0.0001970718876691535,2026092701,coupled_lag4
time.0,28,25,2.2351741790771484e-08,0.0003303031553514302,2026092701,coupled_lag4
time.1,28,25,1.4901161193847656e-08,0.00022399789304472506,2026092701,coupled_lag4
time.2,28,25,2.9802322387695312e-08,0.0007449977565556765,2026092701,coupled_lag4
behavior.0,28,25,1.4901161193847656e-08,0.00016183718980755657,2026092701,coupled_lag4
behavior.1,28,25,1.4901161193847656e-08,0.00013273145304992795,2026092701,coupled_lag4
behavior.2,28,25,1.4901161193847656e-08,0.00016217429947573692,2026092701,coupled_lag4
time.0,28,26,1.4901161193847656e-08,0.0003857173433061689,2026092701,coupled_lag4
time.1,28,26,1.4901161193847656e-08,0.00026130033074878156,2026092701,coupled_lag4
time.2,28,26,2.9802322387695312e-08,0.0007891754503361881,2026092701,coupled_lag4
behavior.0,28,26,1.4901161193847656e-08,0.00015734482440166175,2026092701,coupled_lag4
behavior.1,28,26,1.4901161193847656e-08,0.00012998474994674325,2026092701,coupled_lag4
behavior.2,28,26,1.4901161193847656e-08,0.00017784420924726874,2026092701,coupled_lag4
time.0,28,27,1.4901161193847656e-08,0.000406815146561712,2026092701,coupled_lag4
time.1,28,27,2.2351741790771484e-08,0.0002450812316965312,2026092701,coupled_lag4
time.2,28,27,2.9802322387695312e-08,0.0008027016301639378,2026092701,coupled_lag4
behavior.0,28,27,1.4901161193847656e-08,0.00019508195691742003,2026092701,coupled_lag4
behavior.1,28,27,1.4901161193847656e-08,0.00012997390876989812,2026092701,coupled_lag4
behavior.2,28,27,1.4901161193847656e-08,0.00014260481111705303,2026092701,coupled_lag4
time.0,28,28,1.4901161193847656e-08,0.0002923209103755653,2026092701,coupled_lag4
time.1,28,28,1.4901161193847656e-08,0.00017925436259247363,2026092701,coupled_lag4
time.2,28,28,2.9802322387695312e-08,0.0006992869894020259,2026092701,coupled_lag4
behavior.0,28,28,1.4901161193847656e-08,0.00015373050700873137,2026092701,coupled_lag4
behavior.1,28,28,1.4901161193847656e-08,0.0001246339816134423,2026092701,coupled_lag4
behavior.2,28,28,1.4901161193847656e-08,0.0001823725615395233,2026092701,coupled_lag4
time.0,28,29,1.4901161193847656e-08,0.0003535904688760638,2026092701,coupled_lag4
time.1,28,29,1.4901161193847656e-08,0.00022676192747894675,2026092701,coupled_lag4
time.2,28,29,1.4901161193847656e-08,0.0008489886531606317,2026092701,coupled_lag4
behavior.0,28,29,1.4901161193847656e-08,0.00017187448975164443,2026092701,coupled_lag4
behavior.1,28,29,1.4901161193847656e-08,0.00012935447739437222,2026092701,coupled_lag4
behavior.2,28,29,1.1175870895385742e-08,0.00015059052384458482,2026092701,coupled_lag4
time.0,28,30,1.862645149230957e-08,0.00030146288918331265,2026092701,coupled_lag4
time.1,28,30,1.4901161193847656e-08,0.0001886059035314247,2026092701,coupled_lag4
time.2,28,30,2.2351741790771484e-08,0.0007713648374192417,2026092701,coupled_lag4
behavior.0,28,30,1.4901161193847656e-08,0.00019377793068997562,2026092701,coupled_lag4
behavior.1,28,30,1.4901161193847656e-08,0.00013858565944246948,2026092701,coupled_lag4
behavior.2,28,30,1.4901161193847656e-08,0.00016235047951340675,2026092701,coupled_lag4
time.0,28,31,1.4901161193847656e-08,0.00030915485695004463,2026092701,coupled_lag4
time.1,28,31,1.4901161193847656e-08,0.00019604632689151913,2026092701,coupled_lag4
time.2,28,31,2.9802322387695312e-08,0.0007814700365997851,2026092701,coupled_lag4
behavior.0,28,31,1.4901161193847656e-08,0.00020842396770603955,2026092701,coupled_lag4
behavior.1,28,31,1.4901161193847656e-08,0.0001438108301954344,2026092701,coupled_lag4
behavior.2,28,31,1.1175870895385742e-08,0.0001639903784962371,2026092701,coupled_lag4
time.0,28,32,1.4901161193847656e-08,0.00034650517045520246,2026092701,coupled_lag4
time.1,28,32,1.4901161193847656e-08,0.0002078623219858855,2026092701,coupled_lag4
time.2,28,32,2.9802322387695312e-08,0.0008184175821952522,2026092701,coupled_lag4
behavior.0,28,32,2.2351741790771484e-08,0.00017299476894550025,2026092701,coupled_lag4
behavior.1,28,32,1.4901161193847656e-08,0.00013036734890192747,2026092701,coupled_lag4
behavior.2,28,32,1.4901161193847656e-08,0.00017863541143015027,2026092701,coupled_lag4
time.0,28,33,1.4901161193847656e-08,0.00025918331812135875,2026092701,coupled_lag4
time.1,28,33,7.450580596923828e-09,0.00018320087110623717,2026092701,coupled_lag4
time.2,28,33,2.9802322387695312e-08,0.000709031883161515,2026092701,coupled_lag4
behavior.0,28,33,1.4901161193847656e-08,0.00021438344265334308,2026092701,coupled_lag4
behavior.1,28,33,7.450580596923828e-09,0.00013545715773943812,2026092701,coupled_lag4
behavior.2,28,33,1.4901161193847656e-08,0.00014975861995480955,2026092701,coupled_lag4
time.0,28,34,1.4901161193847656e-08,0.0002792206360027194,2026092701,coupled_lag4
time.1,28,34,1.1175870895385742e-08,0.000192209190572612,2026092701,coupled_lag4
time.2,28,34,2.9802322387695312e-08,0.0007942193769849837,2026092701,coupled_lag4
behavior.0,28,34,1.4901161193847656e-08,0.00015914834511931986,2026092701,coupled_lag4
behavior.1,28,34,1.4901161193847656e-08,0.00012904376490041614,2026092701,coupled_lag4
behavior.2,28,34,2.2351741790771484e-08,0.00019175636407453567,2026092701,coupled_lag4
time.0,28,35,1.4901161193847656e-08,0.0003870421787723899,2026092701,coupled_lag4
time.1,28,35,1.4901161193847656e-08,0.0002520171401556581,2026092701,coupled_lag4
time.2,28,35,2.9802322387695312e-08,0.0010491603752598166,2026092701,coupled_lag4
behavior.0,28,35,1.4901161193847656e-08,0.00018387121963314712,2026092701,coupled_lag4
behavior.1,28,35,7.450580596923828e-09,0.00013664059224538505,2026092701,coupled_lag4
behavior.2,28,35,1.4901161193847656e-08,0.00017111429770011455,2026092701,coupled_lag4
time.0,28,36,2.2351741790771484e-08,0.0002766897960100323,2026092701,coupled_lag4
time.1,28,36,1.1175870895385742e-08,0.00019349119975231588,2026092701,coupled_lag4
time.2,28,36,2.9802322387695312e-08,0.0007539063226431608,2026092701,coupled_lag4
behavior.0,28,36,1.4901161193847656e-08,0.00018864983576349914,2026092701,coupled_lag4
behavior.1,28,36,1.4901161193847656e-08,0.00012899674766231328,2026092701,coupled_lag4
behavior.2,28,36,1.4901161193847656e-08,0.00017362154903821647,2026092701,coupled_lag4
time.0,28,37,2.9802322387695312e-08,0.0003454635152593255,2026092701,coupled_lag4
time.1,28,37,1.4901161193847656e-08,0.00021133468544576317,2026092701,coupled_lag4
time.2,28,37,1.4901161193847656e-08,0.0008621379965916276,2026092701,coupled_lag4
behavior.0,28,37,1.4901161193847656e-08,0.00020019810472149402,2026092701,coupled_lag4
behavior.1,28,37,1.4901161193847656e-08,0.0001409073156537488,2026092701,coupled_lag4
behavior.2,28,37,1.4901161193847656e-08,0.0001785161584848538,2026092701,coupled_lag4
time.0,28,38,1.4901161193847656e-08,0.00031705686706118286,2026092701,coupled_lag4
time.1,28,38,1.4901161193847656e-08,0.00019905257795471698,2026092701,coupled_lag4
time.2,28,38,2.9802322387695312e-08,0.0008446496212854981,2026092701,coupled_lag4
behavior.0,28,38,1.4901161193847656e-08,0.00021577169536612928,2026092701,coupled_lag4
behavior.1,28,38,1.4901161193847656e-08,0.0001430447882739827,2026092701,coupled_lag4
behavior.2,28,38,1.4901161193847656e-08,0.00015907071065157652,2026092701,coupled_lag4
time.0,28,39,1.4901161193847656e-08,0.0003045723424293101,2026092701,coupled_lag4
time.1,28,39,1.4901161193847656e-08,0.00019808653451036662,2026092701,coupled_lag4
time.2,28,39,2.9802322387695312e-08,0.0008782442309893668,2026092701,coupled_lag4
behavior.0,28,39,2.2351741790771484e-08,0.00016361048619728535,2026092701,coupled_lag4
behavior.1,28,39,7.450580596923828e-09,0.00012073085963493213,2026092701,coupled_lag4
behavior.2,28,39,1.4901161193847656e-08,0.00018682461814023554,2026092701,coupled_lag4
time.0,28,40,1.4901161193847656e-08,0.0002565899339970201,2026092701,coupled_lag4
time.1,28,40,1.4901161193847656e-08,0.0001672539656283334,2026092701,coupled_lag4
time.2,28,40,1.4901161193847656e-08,0.0007602126570418477,2026092701,coupled_lag4
behavior.0,28,40,1.4901161193847656e-08,0.00018860312411561608,2026092701,coupled_lag4
behavior.1,28,40,1.1175870895385742e-08,0.0001316376292379573,2026092701,coupled_lag4
behavior.2,28,40,1.4901161193847656e-08,0.00018294765322934836,2026092701,coupled_lag4
time.0,28,41,2.2351741790771484e-08,0.0003251655725762248,2026092701,coupled_lag4
time.1,28,41,1.4901161193847656e-08,0.00020362710347399116,2026092701,coupled_lag4
time.2,28,41,1.4901161193847656e-08,0.0008754512527957559,2026092701,coupled_lag4
behavior.0,28,41,1.4901161193847656e-08,0.00019397950381971896,2026092701,coupled_lag4
behavior.1,28,41,1.4901161193847656e-08,0.00012514347326941788,2026092701,coupled_lag4
behavior.2,28,41,1.1175870895385742e-08,0.00014768075197935104,2026092701,coupled_lag4
time.0,28,42,1.4901161193847656e-08,0.0003857789852190763,2026092701,coupled_lag4
time.1,28,42,1.1175870895385742e-08,0.0002395590563537553,2026092701,coupled_lag4
time.2,28,42,4.470348358154297e-08,0.0010153173934668303,2026092701,coupled_lag4
behavior.0,28,42,1.4901161193847656e-08,0.00022977075423114002,2026092701,coupled_lag4
behavior.1,28,42,1.4901161193847656e-08,0.00013555650366470218,2026092701,coupled_lag4
behavior.2,28,42,1.4901161193847656e-08,0.00016651845362503082,2026092701,coupled_lag4
time.0,28,43,1.4901161193847656e-08,0.00027388808666728437,2026092701,coupled_lag4
time.1,28,43,1.4901161193847656e-08,0.00017914266209118068,2026092701,coupled_lag4
time.2,28,43,2.2351741790771484e-08,0.0007913450826890767,2026092701,coupled_lag4
behavior.0,28,43,1.4901161193847656e-08,0.00017647167260292917,2026092701,coupled_lag4
behavior.1,28,43,1.4901161193847656e-08,0.00012326592695899308,2026092701,coupled_lag4
behavior.2,28,43,1.4901161193847656e-08,0.00017826237308327109,2026092701,coupled_lag4
time.0,28,44,2.2351741790771484e-08,0.0003055646666325629,2026092701,coupled_lag4
time.1,28,44,1.4901161193847656e-08,0.00020471315656322986,2026092701,coupled_lag4
time.2,28,44,2.9802322387695312e-08,0.0008251958643086255,2026092701,coupled_lag4
behavior.0,28,44,2.2351741790771484e-08,0.00020778123871423304,2026092701,coupled_lag4
behavior.1,28,44,1.4901161193847656e-08,0.00013120536459609866,2026092701,coupled_lag4
behavior.2,28,44,1.4901161193847656e-08,0.00016190065070986748,2026092701,coupled_lag4
time.0,28,45,1.4901161193847656e-08,0.0002986059116665274,2026092701,coupled_lag4
time.1,28,45,2.2351741790771484e-08,0.00018605688819661736,2026092701,coupled_lag4
time.2,28,45,2.9802322387695312e-08,0.000878529972396791,2026092701,coupled_lag4
behavior.0,28,45,1.4901161193847656e-08,0.0001957117929123342,2026092701,coupled_lag4
behavior.1,28,45,1.4901161193847656e-08,0.0001303519238717854,2026092701,coupled_lag4
behavior.2,28,45,1.1175870895385742e-08,0.0001681297435425222,2026092701,coupled_lag4
time.0,28,46,2.2351741790771484e-08,0.00034571808646433055,2026092701,coupled_lag4
time.1,28,46,1.4901161193847656e-08,0.00022462656488642097,2026092701,coupled_lag4
time.2,28,46,2.9802322387695312e-08,0.0009785940637812018,2026092701,coupled_lag4
behavior.0,28,46,1.4901161193847656e-08,0.0001661499700276181,2026092701,coupled_lag4
behavior.1,28,46,1.1175870895385742e-08,0.00012195566523587331,2026092701,coupled_lag4
behavior.2,28,46,1.1175870895385742e-08,0.00016923515067901462,2026092701,coupled_lag4
time.0,28,47,2.2351741790771484e-08,0.00035491326707415283,2026092701,coupled_lag4
time.1,28,47,2.2351741790771484e-08,0.00022731350327376276,2026092701,coupled_lag4
time.2,28,47,2.9802322387695312e-08,0.0010378366569057107,2026092701,coupled_lag4
behavior.0,28,47,1.4901161193847656e-08,0.00018207963148597628,2026092701,coupled_lag4
behavior.1,28,47,2.2351741790771484e-08,0.00011357443872839212,2026092701,coupled_lag4
behavior.2,28,47,1.4901161193847656e-08,0.00019429253006819636,2026092701,coupled_lag4
time.0,28,48,1.4901161193847656e-08,0.00028603593818843365,2026092701,coupled_lag4
time.1,28,48,1.4901161193847656e-08,0.00019166633137501776,2026092701,coupled_lag4
time.2,28,48,2.9802322387695312e-08,0.000901880266610533,2026092701,coupled_lag4
behavior.0,28,48,1.4901161193847656e-08,0.00019794932450167835,2026092701,coupled_lag4
behavior.1,28,48,1.4901161193847656e-08,0.0001289716165047139,2026092701,coupled_lag4
behavior.2,28,48,1.1175870895385742e-08,0.00017991570348385721,2026092701,coupled_lag4
time.0,28,49,1.4901161193847656e-08,0.0004073534510098398,2026092701,coupled_lag4
time.1,28,49,1.4901161193847656e-08,0.00025094288866966963,2026092701,coupled_lag4
time.2,28,49,2.9802322387695312e-08,0.0011092001805081964,2026092701,coupled_lag4
behavior.0,28,49,1.1175870895385742e-08,0.00021757795184385031,2026092701,coupled_lag4
behavior.1,28,49,7.450580596923828e-09,0.00012495946430135518,2026092701,coupled_lag4
behavior.2,28,49,1.4901161193847656e-08,0.0001690875069471076,2026092701,coupled_lag4
time.0,28,50,1.4901161193847656e-08,0.0003364001458976418,2026092701,coupled_lag4
time.1,28,50,2.2351741790771484e-08,0.00021102574828546494,2026092701,coupled_lag4
time.2,28,50,4.470348358154297e-08,0.0009460370056331158,2026092701,coupled_lag4
behavior.0,28,50,1.4901161193847656e-08,0.00017035826749633998,2026092701,coupled_lag4
behavior.1,28,50,1.4901161193847656e-08,0.00012288072321098298,2026092701,coupled_lag4
behavior.2,28,50,1.4901161193847656e-08,0.0001697132393019274,2026092701,coupled_lag4
time.0,28,51,1.4901161193847656e-08,0.00030249799601733685,2026092701,coupled_lag4
time.1,28,51,2.2351741790771484e-08,0.00019455964502412826,2026092701,coupled_lag4
time.2,28,51,1.4901161193847656e-08,0.0008733345894142985,2026092701,coupled_lag4
behavior.0,28,51,1.4901161193847656e-08,0.00020319504255894572,2026092701,coupled_lag4
behavior.1,28,51,1.1175870895385742e-08,0.00012017590051982552,2026092701,coupled_lag4
behavior.2,28,51,1.1175870895385742e-08,0.000160639378009364,2026092701,coupled_lag4
time.0,28,52,1.4901161193847656e-08,0.0002580862492322922,2026092701,coupled_lag4
time.1,28,52,1.1175870895385742e-08,0.0001794456475181505,2026092701,coupled_lag4
time.2,28,52,2.9802322387695312e-08,0.000826196395792067,2026092701,coupled_lag4
behavior.0,28,52,1.1175870895385742e-08,0.0001774314878275618,2026092701,coupled_lag4
behavior.1,28,52,1.4901161193847656e-08,0.00012220762437209487,2026092701,coupled_lag4
behavior.2,28,52,1.4901161193847656e-08,0.00018123169138561934,2026092701,coupled_lag4
time.0,28,53,1.4901161193847656e-08,0.0003072889521718025,2026092701,coupled_lag4
time.1,28,53,1.4901161193847656e-08,0.00018945388728752732,2026092701,coupled_lag4
time.2,28,53,2.9802322387695312e-08,0.0009264404070563614,2026092701,coupled_lag4
behavior.0,28,53,1.4901161193847656e-08,0.00019080835045315325,2026092701,coupled_lag4
behavior.1,28,53,1.4901161193847656e-08,0.000124667480122298,2026092701,coupled_lag4
behavior.2,28,53,1.4901161193847656e-08,0.00018004777666646987,2026092701,coupled_lag4
time.0,28,54,1.4901161193847656e-08,0.00024990239762701094,2026092701,coupled_lag4
time.1,28,54,1.1175870895385742e-08,0.0001778139703674242,2026092701,coupled_lag4
time.2,28,54,2.9802322387695312e-08,0.0008300137124024332,2026092701,coupled_lag4
behavior.0,28,54,1.4901161193847656e-08,0.00018708578136283904,2026092701,coupled_lag4
behavior.1,28,54,1.4901161193847656e-08,0.00012347454321570694,2026092701,coupled_lag4
behavior.2,28,54,1.4901161193847656e-08,0.0001719951251288876,2026092701,coupled_lag4
time.0,28,55,1.4901161193847656e-08,0.00023676303680986166,2026092701,coupled_lag4
time.1,28,55,1.4901161193847656e-08,0.00016647385200485587,2026092701,coupled_lag4
time.2,28,55,2.9802322387695312e-08,0.0008651880780234933,2026092701,coupled_lag4
behavior.0,28,55,1.1175870895385742e-08,0.0001615505461813882,2026092701,coupled_lag4
behavior.1,28,55,7.450580596923828e-09,0.00011935634393012151,2026092701,coupled_lag4
behavior.2,28,55,1.4901161193847656e-08,0.0001737279089866206,2026092701,coupled_lag4
time.0,28,56,1.4901161193847656e-08,0.00031683509587310255,2026092701,coupled_lag4
time.1,28,56,1.4901161193847656e-08,0.0002062470157397911,2026092701,coupled_lag4
time.2,28,56,2.9802322387695312e-08,0.0010034689912572503,2026092701,coupled_lag4
behavior.0,28,56,1.4901161193847656e-08,0.00016118385246954858,2026092701,coupled_lag4
behavior.1,28,56,1.1175870895385742e-08,0.00011506497685331851,2026092701,coupled_lag4
behavior.2,28,56,1.4901161193847656e-08,0.0001845736405812204,2026092701,coupled_lag4
time.0,28,57,1.4901161193847656e-08,0.00022941154020372778,2026092701,coupled_lag4
time.1,28,57,1.4901161193847656e-08,0.00015772812184877694,2026092701,coupled_lag4
time.2,28,57,2.9802322387695312e-08,0.0007642498821951449,2026092701,coupled_lag4
behavior.0,28,57,1.4901161193847656e-08,0.00020349331316538155,2026092701,coupled_lag4
behavior.1,28,57,1.4901161193847656e-08,0.00012420103303156793,2026092701,coupled_lag4
behavior.2,28,57,1.1175870895385742e-08,0.00015673348389100283,2026092701,coupled_lag4
time.0,28,58,2.2351741790771484e-08,0.00031486107036471367,2026092701,coupled_lag4
time.1,28,58,1.1175870895385742e-08,0.00021065393229946494,2026092701,coupled_lag4
time.2,28,58,2.9802322387695312e-08,0.0009957198053598404,2026092701,coupled_lag4
behavior.0,28,58,1.1175870895385742e-08,0.0001703351445030421,2026092701,coupled_lag4
behavior.1,28,58,1.4901161193847656e-08,0.0001172401534859091,2026092701,coupled_lag4
behavior.2,28,58,2.2351741790771484e-08,0.00017796676547732204,2026092701,coupled_lag4
time.0,28,59,1.4901161193847656e-08,0.0002455706417094916,2026092701,coupled_lag4
time.1,28,59,1.4901161193847656e-08,0.0001670471829129383,2026092701,coupled_lag4
time.2,28,59,2.2351741790771484e-08,0.0008425950072705746,2026092701,coupled_lag4
behavior.0,28,59,1.4901161193847656e-08,0.00017538464453537017,2026092701,coupled_lag4
behavior.1,28,59,1.4901161193847656e-08,0.00011838987848022953,2026092701,coupled_lag4
behavior.2,28,59,1.4901161193847656e-08,0.0001895995083032176,2026092701,coupled_lag4
time.0,28,60,2.2351741790771484e-08,0.00028856616700068116,2026092701,coupled_lag4
time.1,28,60,1.4901161193847656e-08,0.0001962563837878406,2026092701,coupled_lag4
time.2,28,60,2.9802322387695312e-08,0.0009955493733286858,2026092701,coupled_lag4
behavior.0,28,60,1.4901161193847656e-08,0.00017552395001985133,2026092701,coupled_lag4
behavior.1,28,60,1.4901161193847656e-08,0.00011418382200645283,2026092701,coupled_lag4
behavior.2,28,60,1.4901161193847656e-08,0.0001671429054113105,2026092701,coupled_lag4
time.0,28,61,1.4901161193847656e-08,0.0003040874726139009,2026092701,coupled_lag4
time.1,28,61,1.4901161193847656e-08,0.00020576406677719206,2026092701,coupled_lag4
time.2,28,61,2.9802322387695312e-08,0.0010078464401885867,2026092701,coupled_lag4
behavior.0,28,61,1.4901161193847656e-08,0.00018419948173686862,2026092701,coupled_lag4
behavior.1,28,61,1.4901161193847656e-08,0.00011989306949544698,2026092701,coupled_lag4
behavior.2,28,61,1.4901161193847656e-08,0.0001628027093829587,2026092701,coupled_lag4
time.0,28,62,1.4901161193847656e-08,0.00029035494662821293,2026092701,coupled_lag4
time.1,28,62,1.4901161193847656e-08,0.0001818185264710337,2026092701,coupled_lag4
time.2,28,62,1.4901161193847656e-08,0.0008887604344636202,2026092701,coupled_lag4
behavior.0,28,62,2.2351741790771484e-08,0.00019189399608876556,2026092701,coupled_lag4
behavior.1,28,62,1.1175870895385742e-08,0.00012079616135451943,2026092701,coupled_lag4
behavior.2,28,62,1.4901161193847656e-08,0.0001701066066743806,2026092701,coupled_lag4
time.0,28,63,2.2351741790771484e-08,0.000269985175691545,2026092701,coupled_lag4
time.1,28,63,1.1175870895385742e-08,0.00018152830307371914,2026092701,coupled_lag4
time.2,28,63,2.9802322387695312e-08,0.0008699926547706127,2026092701,coupled_lag4
behavior.0,28,63,1.4901161193847656e-08,0.00018338787776883692,2026092701,coupled_lag4
behavior.1,28,63,1.4901161193847656e-08,0.00012516426795627922,2026092701,coupled_lag4
behavior.2,28,63,1.4901161193847656e-08,0.00019582650566007942,2026092701,coupled_lag4
time.0,28,64,2.2351741790771484e-08,0.00030139522277750075,2026092701,coupled_lag4
time.1,28,64,1.4901161193847656e-08,0.0002092736103804782,2026092701,coupled_lag4
time.2,28,64,2.9802322387695312e-08,0.0010281408904120326,2026092701,coupled_lag4
behavior.0,28,64,1.4901161193847656e-08,0.00018296194321010262,2026092701,coupled_lag4
behavior.1,28,64,1.4901161193847656e-08,0.00012107784277759492,2026092701,coupled_lag4
behavior.2,28,64,7.450580596923828e-09,0.00017610000213608146,2026092701,coupled_lag4
time.0,28,65,1.4901161193847656e-08,0.0002379797660978511,2026092701,coupled_lag4
time.1,28,65,1.1175870895385742e-08,0.00017328963440377265,2026092701,coupled_lag4
time.2,28,65,2.9802322387695312e-08,0.0009121013572439551,2026092701,coupled_lag4
behavior.0,28,65,1.4901161193847656e-08,0.00018474351963959634,2026092701,coupled_lag4
behavior.1,28,65,1.4901161193847656e-08,0.00012257753405719995,2026092701,coupled_lag4
behavior.2,28,65,7.450580596923828e-09,0.00017632583330851048,2026092701,coupled_lag4
time.0,28,66,1.4901161193847656e-08,0.0002588480128906667,2026092701,coupled_lag4
time.1,28,66,1.4901161193847656e-08,0.00018210116832051426,2026092701,coupled_lag4
time.2,28,66,2.9802322387695312e-08,0.0009332100162282586,2026092701,coupled_lag4
behavior.0,28,66,1.1175870895385742e-08,0.00017901281535159796,2026092701,coupled_lag4
behavior.1,28,66,1.1175870895385742e-08,0.00011864860425703228,2026092701,coupled_lag4
behavior.2,28,66,1.4901161193847656e-08,0.00018127492512576282,2026092701,coupled_lag4
time.0,28,67,1.4901161193847656e-08,0.0002929805195890367,2026092701,coupled_lag4
time.1,28,67,1.4901161193847656e-08,0.00020732375560328364,2026092701,coupled_lag4
time.2,28,67,4.470348358154297e-08,0.0009905433980748057,2026092701,coupled_lag4
behavior.0,28,67,1.4901161193847656e-08,0.00018132684635929763,2026092701,coupled_lag4
behavior.1,28,67,1.4901161193847656e-08,0.00011112421634607017,2026092701,coupled_lag4
behavior.2,28,67,1.4901161193847656e-08,0.00016820771270431578,2026092701,coupled_lag4
time.0,28,68,2.2351741790771484e-08,0.00028371112421154976,2026092701,coupled_lag4
time.1,28,68,1.4901161193847656e-08,0.00020904485427308828,2026092701,coupled_lag4
time.2,28,68,2.9802322387695312e-08,0.001081160269677639,2026092701,coupled_lag4
behavior.0,28,68,1.4901161193847656e-08,0.0001794724230421707,2026092701,coupled_lag4
behavior.1,28,68,1.1175870895385742e-08,0.00011709359387168661,2026092701,coupled_lag4
behavior.2,28,68,1.4901161193847656e-08,0.00016477557073812932,2026092701,coupled_lag4
time.0,28,69,1.4901161193847656e-08,0.0002866388822440058,2026092701,coupled_lag4
time.1,28,69,1.4901161193847656e-08,0.00019314044038765132,2026092701,coupled_lag4
time.2,28,69,2.9802322387695312e-08,0.001042323769070208,2026092701,coupled_lag4
behavior.0,28,69,1.4901161193847656e-08,0.0001905158133013174,2026092701,coupled_lag4
behavior.1,28,69,1.1175870895385742e-08,0.00012147724919486791,2026092701,coupled_lag4
behavior.2,28,69,1.4901161193847656e-08,0.00018498435383662581,2026092701,coupled_lag4
time.0,28,70,1.4901161193847656e-08,0.0002500911650713533,2026092701,coupled_lag4
time.1,28,70,1.4901161193847656e-08,0.00017763901269063354,2026092701,coupled_lag4
time.2,28,70,2.9802322387695312e-08,0.0010074786841869354,2026092701,coupled_lag4
behavior.0,28,70,1.1175870895385742e-08,0.00017327300156466663,2026092701,coupled_lag4
behavior.1,28,70,1.4901161193847656e-08,0.0001251672365469858,2026092701,coupled_lag4
behavior.2,28,70,1.1175870895385742e-08,0.0001860740449046716,2026092701,coupled_lag4
time.0,28,71,1.4901161193847656e-08,0.00032371346605941653,2026092701,coupled_lag4
time.1,28,71,1.4901161193847656e-08,0.0002225038770120591,2026092701,coupled_lag4
time.2,28,71,2.9802322387695312e-08,0.0011330749839544296,2026092701,coupled_lag4
behavior.0,28,71,1.4901161193847656e-08,0.0001813726412365213,2026092701,coupled_lag4
behavior.1,28,71,7.450580596923828e-09,0.00011574580275919288,2026092701,coupled_lag4
behavior.2,28,71,1.4901161193847656e-08,0.000173945416463539,2026092701,coupled_lag4
time.0,28,72,1.4901161193847656e-08,0.00033934490056708455,2026092701,coupled_lag4
time.1,28,72,1.4901161193847656e-08,0.00022920931223779917,2026092701,coupled_lag4
time.2,28,72,2.9802322387695312e-08,0.0011780336499214172,2026092701,coupled_lag4
behavior.0,28,72,1.4901161193847656e-08,0.00015737791545689106,2026092701,coupled_lag4
behavior.1,28,72,1.1175870895385742e-08,0.00010957459744531661,2026092701,coupled_lag4
behavior.2,28,72,1.1175870895385742e-08,0.00019112131849396974,2026092701,coupled_lag4
time.0,28,73,2.2351741790771484e-08,0.0004035844176542014,2026092701,coupled_lag4
time.1,28,73,1.4901161193847656e-08,0.00027190434047952294,2026092701,coupled_lag4
time.2,28,73,2.9802322387695312e-08,0.0013233493082225323,2026092701,coupled_lag4
behavior.0,28,73,1.4901161193847656e-08,0.00022536137839779258,2026092701,coupled_lag4
behavior.1,28,73,1.4901161193847656e-08,0.0001312107197009027,2026092701,coupled_lag4
behavior.2,28,73,1.4901161193847656e-08,0.00017892784671857953,2026092701,coupled_lag4
time.0,28,74,2.2351741790771484e-08,0.0002435916248941794,2026092701,coupled_lag4
time.1,28,74,1.4901161193847656e-08,0.00018123650806955993,2026092701,coupled_lag4
time.2,28,74,2.9802322387695312e-08,0.0009206408867612481,2026092701,coupled_lag4
behavior.0,28,74,1.4901161193847656e-08,0.00015791755868121982,2026092701,coupled_lag4
behavior.1,28,74,1.4901161193847656e-08,0.00010905099043156952,2026092701,coupled_lag4
behavior.2,28,74,1.4901161193847656e-08,0.0001869755215011537,2026092701,coupled_lag4
time.0,28,75,1.4901161193847656e-08,0.0003470756346359849,2026092701,coupled_lag4
time.1,28,75,1.1175870895385742e-08,0.00022299146803561598,2026092701,coupled_lag4
time.2,28,75,2.2351741790771484e-08,0.0010090533178299665,2026092701,coupled_lag4
behavior.0,28,75,1.4901161193847656e-08,0.00022729970805812627,2026092701,coupled_lag4
behavior.1,28,75,1.1175870895385742e-08,0.00011459139204816893,2026092701,coupled_lag4
behavior.2,28,75,1.4901161193847656e-08,0.00019476053421385586,2026092701,coupled_lag4
time.0,28,76,1.4901161193847656e-08,0.0002974124508909881,2026092701,coupled_lag4
time.1,28,76,1.4901161193847656e-08,0.00020687877258751541,2026092701,coupled_lag4
time.2,28,76,4.470348358154297e-08,0.0010133967734873295,2026092701,coupled_lag4
behavior.0,28,76,1.4901161193847656e-08,0.00018548675870988518,2026092701,coupled_lag4
behavior.1,28,76,7.450580596923828e-09,0.00012337676889728755,2026092701,coupled_lag4
behavior.2,28,76,1.4901161193847656e-08,0.00018143237684853375,2026092701,coupled_lag4
time.0,28,77,1.4901161193847656e-08,0.00029683945467695594,2026092701,coupled_lag4
time.1,28,77,1.1175870895385742e-08,0.0002020201354753226,2026092701,coupled_lag4
time.2,28,77,2.9802322387695312e-08,0.0009959959425032139,2026092701,coupled_lag4
behavior.0,28,77,1.4901161193847656e-08,0.00017516363004688174,2026092701,coupled_lag4
behavior.1,28,77,1.4901161193847656e-08,0.00011385116522433236,2026092701,coupled_lag4
behavior.2,28,77,1.4901161193847656e-08,0.00017378503980580717,2026092701,coupled_lag4
time.0,28,78,2.2351741790771484e-08,0.00025530357379466295,2026092701,coupled_lag4
time.1,28,78,1.4901161193847656e-08,0.00018167147936765105,2026092701,coupled_lag4
time.2,28,78,2.9802322387695312e-08,0.0009107402293011546,2026092701,coupled_lag4
behavior.0,28,78,1.4901161193847656e-08,0.00017597222176846117,2026092701,coupled_lag4
behavior.1,28,78,1.4901161193847656e-08,0.00011850366718135774,2026092701,coupled_lag4
behavior.2,28,78,1.4901161193847656e-08,0.00017910597671288997,2026092701,coupled_lag4
time.0,28,79,1.4901161193847656e-08,0.0002749682462308556,2026092701,coupled_lag4
time.1,28,79,1.4901161193847656e-08,0.00018962960166390985,2026092701,coupled_lag4
time.2,28,79,2.9802322387695312e-08,0.0008803583332337439,2026092701,coupled_lag4
behavior.0,28,79,1.4901161193847656e-08,0.00017670360102783889,2026092701,coupled_lag4
behavior.1,28,79,7.450580596923828e-09,0.0001123984475270845,2026092701,coupled_lag4
behavior.2,28,79,1.4901161193847656e-08,0.00018557444855105132,2026092701,coupled_lag4
time.0,28,80,1.4901161193847656e-08,0.000325443601468578,2026092701,coupled_lag4
time.1,28,80,1.4901161193847656e-08,0.00022673730563838035,2026092701,coupled_lag4
time.2,28,80,2.9802322387695312e-08,0.0010537940543144941,2026092701,coupled_lag4
behavior.0,28,80,1.4901161193847656e-08,0.0001661032874835655,2026092701,coupled_lag4
behavior.1,28,80,1.1175870895385742e-08,0.00011676611757138744,2026092701,coupled_lag4
behavior.2,28,80,1.4901161193847656e-08,0.00020181959553156048,2026092701,coupled_lag4
time.0,28,81,1.4901161193847656e-08,0.00025551882572472095,2026092701,coupled_lag4
time.1,28,81,1.1175870895385742e-08,0.0001823780476115644,2026092701,coupled_lag4
time.2,28,81,2.2351741790771484e-08,0.0008998943376354873,2026092701,coupled_lag4
behavior.0,28,81,1.1175870895385742e-08,0.00016470972332172096,2026092701,coupled_lag4
behavior.1,28,81,7.450580596923828e-09,0.00011200866720173508,2026092701,coupled_lag4
behavior.2,28,81,1.4901161193847656e-08,0.00018467918562237173,2026092701,coupled_lag4
time.0,28,82,1.4901161193847656e-08,0.0002627731009852141,2026092701,coupled_lag4
time.1,28,82,1.4901161193847656e-08,0.00019925909873563796,2026092701,coupled_lag4
time.2,28,82,2.9802322387695312e-08,0.0008609472424723208,2026092701,coupled_lag4
behavior.0,28,82,1.4901161193847656e-08,0.00019321894797030836,2026092701,coupled_lag4
behavior.1,28,82,7.450580596923828e-09,0.00011787614494096488,2026092701,coupled_lag4
behavior.2,28,82,1.4901161193847656e-08,0.00015993157285265625,2026092701,coupled_lag4
time.0,28,83,1.4901161193847656e-08,0.0003534920688252896,2026092701,coupled_lag4
time.1,28,83,1.4901161193847656e-08,0.00024736812338232994,2026092701,coupled_lag4
time.2,28,83,4.470348358154297e-08,0.0010134055046364665,2026092701,coupled_lag4
behavior.0,28,83,1.4901161193847656e-08,0.00019744060409720987,2026092701,coupled_lag4
behavior.1,28,83,1.4901161193847656e-08,0.00012507528299465775,2026092701,coupled_lag4
behavior.2,28,83,1.4901161193847656e-08,0.0001785735657904297,2026092701,coupled_lag4
time.0,28,84,1.4901161193847656e-08,0.0003430649230722338,2026092701,coupled_lag4
time.1,28,84,1.4901161193847656e-08,0.00022869771055411547,2026092701,coupled_lag4
time.2,28,84,2.9802322387695312e-08,0.001045529148541391,2026092701,coupled_lag4
behavior.0,28,84,1.4901161193847656e-08,0.00018008789629675448,2026092701,coupled_lag4
behavior.1,28,84,1.4901161193847656e-08,0.0001167409063782543,2026092701,coupled_lag4
behavior.2,28,84,1.4901161193847656e-08,0.00018223159713670611,2026092701,coupled_lag4
time.0,28,85,2.2351741790771484e-08,0.0002802578383125365,2026092701,coupled_lag4
time.1,28,85,1.1175870895385742e-08,0.00020255931303836405,2026092701,coupled_lag4
time.2,28,85,2.9802322387695312e-08,0.0010342259192839265,2026092701,coupled_lag4
behavior.0,28,85,1.4901161193847656e-08,0.00017120710981544107,2026092701,coupled_lag4
behavior.1,28,85,1.1175870895385742e-08,0.0001106520212488249,2026092701,coupled_lag4
behavior.2,28,85,1.1175870895385742e-08,0.00018843721773009747,2026092701,coupled_lag4
time.0,28,86,1.4901161193847656e-08,0.0002543990558478981,2026092701,coupled_lag4
time.1,28,86,1.4901161193847656e-08,0.00018097560678143054,2026092701,coupled_lag4
time.2,28,86,4.470348358154297e-08,0.0009235346224159002,2026092701,coupled_lag4
behavior.0,28,86,1.4901161193847656e-08,0.00017617472622077912,2026092701,coupled_lag4
behavior.1,28,86,1.4901161193847656e-08,0.00011269676906522363,2026092701,coupled_lag4
behavior.2,28,86,1.4901161193847656e-08,0.00017524197755847126,2026092701,coupled_lag4
time.0,28,87,1.4901161193847656e-08,0.0003433818637859076,2026092701,coupled_lag4
time.1,28,87,1.4901161193847656e-08,0.0002255225263070315,2026092701,coupled_lag4
time.2,28,87,2.2351741790771484e-08,0.001150046125985682,2026092701,coupled_lag4
behavior.0,28,87,1.4901161193847656e-08,0.0001738984719850123,2026092701,coupled_lag4
behavior.1,28,87,1.4901161193847656e-08,0.00011001674283761531,2026092701,coupled_lag4
behavior.2,28,87,2.2351741790771484e-08,0.00016556242189835757,2026092701,coupled_lag4
time.0,28,88,1.4901161193847656e-08,0.0003005873877555132,2026092701,coupled_lag4
time.1,28,88,1.4901161193847656e-08,0.00021060592553112656,2026092701,coupled_lag4
time.2,28,88,2.9802322387695312e-08,0.0010975416516885161,2026092701,coupled_lag4
behavior.0,28,88,1.4901161193847656e-08,0.00015283175162039697,2026092701,coupled_lag4
behavior.1,28,88,1.4901161193847656e-08,0.00010551128798397258,2026092701,coupled_lag4
behavior.2,28,88,1.4901161193847656e-08,0.0001841901830630377,2026092701,coupled_lag4
time.0,28,89,1.4901161193847656e-08,0.0002740242634899914,2026092701,coupled_lag4
time.1,28,89,1.4901161193847656e-08,0.0001873729343060404,2026092701,coupled_lag4
time.2,28,89,2.9802322387695312e-08,0.0009975159773603082,2026092701,coupled_lag4
behavior.0,28,89,1.4901161193847656e-08,0.00016550527652725577,2026092701,coupled_lag4
behavior.1,28,89,7.450580596923828e-09,0.00010456609743414447,2026092701,coupled_lag4
behavior.2,28,89,1.4901161193847656e-08,0.00018075804109685123,2026092701,coupled_lag4
time.0,28,90,1.862645149230957e-08,0.00025695719523355365,2026092701,coupled_lag4
time.1,28,90,1.4901161193847656e-08,0.00017414918693248183,2026092701,coupled_lag4
time.2,28,90,2.9802322387695312e-08,0.0009326947038061917,2026092701,coupled_lag4
behavior.0,28,90,1.862645149230957e-08,0.00020587057224474847,2026092701,coupled_lag4
behavior.1,28,90,1.1175870895385742e-08,0.00011303634528303519,2026092701,coupled_lag4
behavior.2,28,90,1.4901161193847656e-08,0.0001888504921225831,2026092701,coupled_lag4
time.0,28,91,1.4901161193847656e-08,0.0002576502156443894,2026092701,coupled_lag4
time.1,28,91,1.4901161193847656e-08,0.0001725407928461209,2026092701,coupled_lag4
time.2,28,91,2.9802322387695312e-08,0.0009063698817044497,2026092701,coupled_lag4
behavior.0,28,91,1.4901161193847656e-08,0.00018479740538168699,2026092701,coupled_lag4
behavior.1,28,91,1.1175870895385742e-08,0.00010673765791580081,2026092701,coupled_lag4
behavior.2,28,91,1.4901161193847656e-08,0.00015860861458349973,2026092701,coupled_lag4
time.0,28,92,2.2351741790771484e-08,0.0003040873561985791,2026092701,coupled_lag4
time.1,28,92,1.4901161193847656e-08,0.00022553364397026598,2026092701,coupled_lag4
time.2,28,92,4.470348358154297e-08,0.0010976684279739857,2026092701,coupled_lag4
behavior.0,28,92,2.2351741790771484e-08,0.0002049923496088013,2026092701,coupled_lag4
behavior.1,28,92,1.4901161193847656e-08,0.00012018889538012445,2026092701,coupled_lag4
behavior.2,28,92,1.4901161193847656e-08,0.0001568938314449042,2026092701,coupled_lag4
time.0,28,93,2.2351741790771484e-08,0.0002546324103605002,2026092701,coupled_lag4
time.1,28,93,1.4901161193847656e-08,0.0001750562951201573,2026092701,coupled_lag4
time.2,28,93,2.9802322387695312e-08,0.0009072346147149801,2026092701,coupled_lag4
behavior.0,28,93,1.4901161193847656e-08,0.00018623397045303136,2026092701,coupled_lag4
behavior.1,28,93,1.1175870895385742e-08,0.00010798817675095052,2026092701,coupled_lag4
behavior.2,28,93,1.4901161193847656e-08,0.00017014643526636064,2026092701,coupled_lag4
time.0,28,94,1.4901161193847656e-08,0.0003561291960068047,2026092701,coupled_lag4
time.1,28,94,2.2351741790771484e-08,0.0002482759882695973,2026092701,coupled_lag4
time.2,28,94,2.9802322387695312e-08,0.0011938581010326743,2026092701,coupled_lag4
behavior.0,28,94,2.2351741790771484e-08,0.0001651365018915385,2026092701,coupled_lag4
behavior.1,28,94,1.1175870895385742e-08,0.00010753882816061378,2026092701,coupled_lag4
behavior.2,28,94,1.4901161193847656e-08,0.00017921799735631794,2026092701,coupled_lag4
time.0,28,95,2.2351741790771484e-08,0.00029040739173069596,2026092701,coupled_lag4
time.1,28,95,1.4901161193847656e-08,0.00021144654601812363,2026092701,coupled_lag4
time.2,28,95,2.9802322387695312e-08,0.0010201077675446868,2026092701,coupled_lag4
behavior.0,28,95,2.2351741790771484e-08,0.00016615896311122924,2026092701,coupled_lag4
behavior.1,28,95,1.4901161193847656e-08,0.00010484076483407989,2026092701,coupled_lag4
behavior.2,28,95,1.4901161193847656e-08,0.0001846224331529811,2026092701,coupled_lag4
time.0,28,96,2.9802322387695312e-08,0.00029126802110113204,2026092701,coupled_lag4
time.1,28,96,1.1175870895385742e-08,0.0002016041980823502,2026092701,coupled_lag4
time.2,28,96,2.9802322387695312e-08,0.0010565341217443347,2026092701,coupled_lag4
behavior.0,28,96,1.4901161193847656e-08,0.00016335010877810419,2026092701,coupled_lag4
behavior.1,28,96,1.1175870895385742e-08,0.00011028306471416727,2026092701,coupled_lag4
behavior.2,28,96,1.4901161193847656e-08,0.00020348581892903894,2026092701,coupled_lag4
time.0,28,97,1.4901161193847656e-08,0.0002670320391189307,2026092701,coupled_lag4
time.1,28,97,1.4901161193847656e-08,0.00018349509628023952,2026092701,coupled_lag4
time.2,28,97,2.9802322387695312e-08,0.0009216070757247508,2026092701,coupled_lag4
behavior.0,28,97,1.4901161193847656e-08,0.00016572845925111324,2026092701,coupled_lag4
behavior.1,28,97,7.450580596923828e-09,9.994659922085702e-05,2026092701,coupled_lag4
behavior.2,28,97,1.4901161193847656e-08,0.00018206577806267887,2026092701,coupled_lag4
time.0,28,98,1.4901161193847656e-08,0.00020495308854151517,2026092701,coupled_lag4
time.1,28,98,1.4901161193847656e-08,0.00015469717618543655,2026092701,coupled_lag4
time.2,28,98,2.9802322387695312e-08,0.0008363729575648904,2026092701,coupled_lag4
behavior.0,28,98,1.4901161193847656e-08,0.00018205861852038652,2026092701,coupled_lag4
behavior.1,28,98,1.4901161193847656e-08,0.00010945302346954122,2026092701,coupled_lag4
behavior.2,28,98,1.1175870895385742e-08,0.00018226481915917248,2026092701,coupled_lag4
time.0,28,99,1.4901161193847656e-08,0.00031197472708299756,2026092701,coupled_lag4
time.1,28,99,1.4901161193847656e-08,0.00021086203923914582,2026092701,coupled_lag4
time.2,28,99,2.9802322387695312e-08,0.001027084537781775,2026092701,coupled_lag4
behavior.0,28,99,1.4901161193847656e-08,0.0002007284783758223,2026092701,coupled_lag4
behavior.1,28,99,1.4901161193847656e-08,0.00011224827903788537,2026092701,coupled_lag4
behavior.2,28,99,1.4901161193847656e-08,0.00020898306684102863,2026092701,coupled_lag4
time.0,28,100,2.2351741790771484e-08,0.00031124529778026044,2026092701,coupled_lag4
time.1,28,100,1.4901161193847656e-08,0.00021695479517802596,2026092701,coupled_lag4
time.2,28,100,1.4901161193847656e-08,0.0010273691732436419,2026092701,coupled_lag4
behavior.0,28,100,1.4901161193847656e-08,0.00018652979633770883,2026092701,coupled_lag4
behavior.1,28,100,1.1175870895385742e-08,0.00011433353938627988,2026092701,coupled_lag4
behavior.2,28,100,1.4901161193847656e-08,0.00017327941895928234,2026092701,coupled_lag4
time.0,28,101,1.4901161193847656e-08,0.0002782330266200006,2026092701,coupled_lag4
time.1,28,101,1.4901161193847656e-08,0.00019417455769143999,2026092701,coupled_lag4
time.2,28,101,2.9802322387695312e-08,0.0009418046684004366,2026092701,coupled_lag4
behavior.0,28,101,1.4901161193847656e-08,0.00015833531506359577,2026092701,coupled_lag4
behavior.1,28,101,1.4901161193847656e-08,0.00010462349018780515,2026092701,coupled_lag4
behavior.2,28,101,1.4901161193847656e-08,0.00020015562768094242,2026092701,coupled_lag4
time.0,28,102,1.4901161193847656e-08,0.00024089963699225336,2026092701,coupled_lag4
time.1,28,102,1.1175870895385742e-08,0.00017701010801829398,2026092701,coupled_lag4
time.2,28,102,2.9802322387695312e-08,0.0009462666348554194,2026092701,coupled_lag4
behavior.0,28,102,1.4901161193847656e-08,0.0001577502116560936,2026092701,coupled_lag4
behavior.1,28,102,1.1175870895385742e-08,0.00010341820598114282,2026092701,coupled_lag4
behavior.2,28,102,1.4901161193847656e-08,0.00018171421834267676,2026092701,coupled_lag4
time.0,28,103,2.2351741790771484e-08,0.0002485485456418246,2026092701,coupled_lag4
time.1,28,103,1.4901161193847656e-08,0.00018102845933753997,2026092701,coupled_lag4
time.2,28,103,4.470348358154297e-08,0.0009226120309904218,2026092701,coupled_lag4
behavior.0,28,103,1.1175870895385742e-08,0.00017308616952504963,2026092701,coupled_lag4
behavior.1,28,103,1.1175870895385742e-08,0.00010835473221959546,2026092701,coupled_lag4
behavior.2,28,103,1.4901161193847656e-08,0.00020246111671440303,2026092701,coupled_lag4
time.0,28,104,1.4901161193847656e-08,0.0002552104997448623,2026092701,coupled_lag4
time.1,28,104,1.1175870895385742e-08,0.00018356781220063567,2026092701,coupled_lag4
time.2,28,104,2.9802322387695312e-08,0.001009623403660953,2026092701,coupled_lag4
behavior.0,28,104,1.4901161193847656e-08,0.00018583631026558578,2026092701,coupled_lag4
behavior.1,28,104,1.1175870895385742e-08,0.00011114085646113381,2026092701,coupled_lag4
behavior.2,28,104,1.4901161193847656e-08,0.0001717917330097407,2026092701,coupled_lag4
time.0,28,105,1.4901161193847656e-08,0.00024297015625052154,2026092701,coupled_lag4
time.1,28,105,1.4901161193847656e-08,0.00018269455176778138,2026092701,coupled_lag4
time.2,28,105,2.9802322387695312e-08,0.00091841648099944,2026092701,coupled_lag4
behavior.0,28,105,1.4901161193847656e-08,0.00019432649423833936,2026092701,coupled_lag4
behavior.1,28,105,1.4901161193847656e-08,0.00010878223838517442,2026092701,coupled_lag4
behavior.2,28,105,1.4901161193847656e-08,0.00018270248256158084,2026092701,coupled_lag4
time.0,28,106,2.2351741790771484e-08,0.00026900472585111856,2026092701,coupled_lag4
time.1,28,106,1.1175870895385742e-08,0.00018101015302818269,2026092701,coupled_lag4
time.2,28,106,2.9802322387695312e-08,0.0009712678147479892,2026092701,coupled_lag4
behavior.0,28,106,2.2351741790771484e-08,0.00017704539641272277,2026092701,coupled_lag4
behavior.1,28,106,1.4901161193847656e-08,0.00011105447629233822,2026092701,coupled_lag4
behavior.2,28,106,1.4901161193847656e-08,0.00019179795344825834,2026092701,coupled_lag4
time.0,28,107,2.2351741790771484e-08,0.00036048615584149957,2026092701,coupled_lag4
time.1,28,107,1.4901161193847656e-08,0.00023471501481253654,2026092701,coupled_lag4
time.2,28,107,2.9802322387695312e-08,0.0011032955953851342,2026092701,coupled_lag4
behavior.0,28,107,1.4901161193847656e-08,0.0002097400138154626,2026092701,coupled_lag4
behavior.1,28,107,1.1175870895385742e-08,0.00010956358892144635,2026092701,coupled_lag4
behavior.2,28,107,1.4901161193847656e-08,0.0001579727977514267,2026092701,coupled_lag4
time.0,28,108,1.4901161193847656e-08,0.000273506942903623,2026092701,coupled_lag4
time.1,28,108,1.4901161193847656e-08,0.000188908408745192,2026092701,coupled_lag4
time.2,28,108,2.2351741790771484e-08,0.000957828713580966,2026092701,coupled_lag4
behavior.0,28,108,1.4901161193847656e-08,0.00017525428847875446,2026092701,coupled_lag4
behavior.1,28,108,1.4901161193847656e-08,0.00010587363067315891,2026092701,coupled_lag4
behavior.2,28,108,1.4901161193847656e-08,0.00018247849948238581,2026092701,coupled_lag4
time.0,28,109,1.4901161193847656e-08,0.0002835108316503465,2026092701,coupled_lag4
time.1,28,109,1.4901161193847656e-08,0.0001889630948426202,2026092701,coupled_lag4
time.2,28,109,2.9802322387695312e-08,0.0009328240994364023,2026092701,coupled_lag4
behavior.0,28,109,1.4901161193847656e-08,0.0001685610186541453,2026092701,coupled_lag4
behavior.1,28,109,1.1175870895385742e-08,0.00010700052371248603,2026092701,coupled_lag4
behavior.2,28,109,1.4901161193847656e-08,0.00017938994278665632,2026092701,coupled_lag4
time.0,28,110,1.4901161193847656e-08,0.00030969837098382413,2026092701,coupled_lag4
time.1,28,110,1.4901161193847656e-08,0.00022511988936457783,2026092701,coupled_lag4
time.2,28,110,2.9802322387695312e-08,0.0010456725722178817,2026092701,coupled_lag4
behavior.0,28,110,1.4901161193847656e-08,0.00018360294052399695,2026092701,coupled_lag4
behavior.1,28,110,1.1175870895385742e-08,9.932949615176767e-05,2026092701,coupled_lag4
behavior.2,28,110,1.1175870895385742e-08,0.00017836345068644732,2026092701,coupled_lag4
time.0,28,111,2.9802322387695312e-08,0.00024359181406907737,2026092701,coupled_lag4
time.1,28,111,1.4901161193847656e-08,0.0001877972244983539,2026092701,coupled_lag4
time.2,28,111,2.9802322387695312e-08,0.000901785446330905,2026092701,coupled_lag4
behavior.0,28,111,1.862645149230957e-08,0.00018104321497958153,2026092701,coupled_lag4
behavior.1,28,111,1.4901161193847656e-08,0.00011072559573221952,2026092701,coupled_lag4
behavior.2,28,111,1.4901161193847656e-08,0.00019275557133369148,2026092701,coupled_lag4
time.0,28,112,1.4901161193847656e-08,0.00033729089773260057,2026092701,coupled_lag4
time.1,28,112,1.4901161193847656e-08,0.00024049723288044333,2026092701,coupled_lag4
time.2,28,112,2.9802322387695312e-08,0.0011102133430540562,2026092701,coupled_lag4
behavior.0,28,112,1.4901161193847656e-08,0.00018380863184574991,2026092701,coupled_lag4
behavior.1,28,112,1.1175870895385742e-08,0.00010649688920238987,2026092701,coupled_lag4
behavior.2,28,112,1.4901161193847656e-08,0.00017864596156869084,2026092701,coupled_lag4
time.0,28,113,1.4901161193847656e-08,0.00031796525581739843,2026092701,coupled_lag4
time.1,28,113,1.1175870895385742e-08,0.0002188356884289533,2026092701,coupled_lag4
time.2,28,113,2.9802322387695312e-08,0.0011885305866599083,2026092701,coupled_lag4
behavior.0,28,113,1.4901161193847656e-08,0.0001816837611841038,2026092701,coupled_lag4
behavior.1,28,113,1.1175870895385742e-08,0.00010939072672044858,2026092701,coupled_lag4
behavior.2,28,113,1.4901161193847656e-08,0.00018893156084232032,2026092701,coupled_lag4
time.0,28,114,1.4901161193847656e-08,0.0003151720738969743,2026092701,coupled_lag4
time.1,28,114,1.4901161193847656e-08,0.00022200380044523627,2026092701,coupled_lag4
time.2,28,114,1.4901161193847656e-08,0.0010738936252892017,2026092701,coupled_lag4
behavior.0,28,114,1.4901161193847656e-08,0.00018473310046829283,2026092701,coupled_lag4
behavior.1,28,114,7.450580596923828e-09,0.00010585760173853487,2026092701,coupled_lag4
behavior.2,28,114,1.4901161193847656e-08,0.00017421030497644097,2026092701,coupled_lag4
time.0,28,115,2.9802322387695312e-08,0.00026998590328730643,2026092701,coupled_lag4
time.1,28,115,1.4901161193847656e-08,0.00019169204460922629,2026092701,coupled_lag4
time.2,28,115,4.470348358154297e-08,0.0009650254505686462,2026092701,coupled_lag4
behavior.0,28,115,1.4901161193847656e-08,0.00018259481294080615,2026092701,coupled_lag4
behavior.1,28,115,1.1175870895385742e-08,0.00010713815572671592,2026092701,coupled_lag4
behavior.2,28,115,1.4901161193847656e-08,0.00015842878201510757,2026092701,coupled_lag4
time.0,28,116,1.4901161193847656e-08,0.0003025549231097102,2026092701,coupled_lag4
time.1,28,116,1.4901161193847656e-08,0.00020407467673067003,2026092701,coupled_lag4
time.2,28,116,2.9802322387695312e-08,0.0010113767348229885,2026092701,coupled_lag4
behavior.0,28,116,1.4901161193847656e-08,0.0001700944994809106,2026092701,coupled_lag4
behavior.1,28,116,1.1175870895385742e-08,0.00010855316213564947,2026092701,coupled_lag4
behavior.2,28,116,1.4901161193847656e-08,0.00018663480295799673,2026092701,coupled_lag4
time.0,28,117,2.2351741790771484e-08,0.0002944556181319058,2026092701,coupled_lag4
time.1,28,117,1.4901161193847656e-08,0.00019213913765270263,2026092701,coupled_lag4
time.2,28,117,2.9802322387695312e-08,0.001029815524816513,2026092701,coupled_lag4
behavior.0,28,117,1.4901161193847656e-08,0.00015118331066332757,2026092701,coupled_lag4
behavior.1,28,117,1.1175870895385742e-08,0.00010364643821958452,2026092701,coupled_lag4
behavior.2,28,117,1.4901161193847656e-08,0.00021376408403739333,2026092701,coupled_lag4
time.0,28,118,1.4901161193847656e-08,0.0002558084379415959,2026092701,coupled_lag4
time.1,28,118,1.4901161193847656e-08,0.0001789942180039361,2026092701,coupled_lag4
time.2,28,118,2.9802322387695312e-08,0.0009713031467981637,2026092701,coupled_lag4
behavior.0,28,118,1.4901161193847656e-08,0.00017775146989151835,2026092701,coupled_lag4
behavior.1,28,118,1.1175870895385742e-08,0.0001110477460315451,2026092701,coupled_lag4
behavior.2,28,118,1.4901161193847656e-08,0.00020513693743851036,2026092701,coupled_lag4
time.0,28,119,2.2351741790771484e-08,0.0003696171334013343,2026092701,coupled_lag4
time.1,28,119,1.4901161193847656e-08,0.0002447627775836736,2026092701,coupled_lag4
time.2,28,119,2.9802322387695312e-08,0.0011837363708764315,2026092701,coupled_lag4
behavior.0,28,119,1.4901161193847656e-08,0.0001682309084571898,2026092701,coupled_lag4
behavior.1,28,119,1.4901161193847656e-08,0.00010037035099230707,2026092701,coupled_lag4
behavior.2,28,119,1.4901161193847656e-08,0.00016045445227064192,2026092701,coupled_lag4
time.0,28,120,1.4901161193847656e-08,0.0003012767410837114,2026092701,coupled_lag4
time.1,28,120,7.450580596923828e-09,0.00020422025409061462,2026092701,coupled_lag4
time.2,28,120,2.9802322387695312e-08,0.0009906155755743384,2026092701,coupled_lag4
behavior.0,28,120,2.2351741790771484e-08,0.00014749018009752035,2026092701,coupled_lag4
behavior.1,28,120,1.1175870895385742e-08,0.00010008544632000849,2026092701,coupled_lag4
behavior.2,28,120,1.4901161193847656e-08,0.00018065569747705013,2026092701,coupled_lag4
time.0,28,121,1.4901161193847656e-08,0.00029179343255236745,2026092701,coupled_lag4
time.1,28,121,1.4901161193847656e-08,0.00019556267943698913,2026092701,coupled_lag4
time.2,28,121,2.9802322387695312e-08,0.001013296190649271,2026092701,coupled_lag4
behavior.0,28,121,1.4901161193847656e-08,0.00017069430032279342,2026092701,coupled_lag4
behavior.1,28,121,1.4901161193847656e-08,0.00010268788901157677,2026092701,coupled_lag4
behavior.2,28,121,1.4901161193847656e-08,0.00018532252579461783,2026092701,coupled_lag4
time.0,28,122,1.4901161193847656e-08,0.0003398776170797646,2026092701,coupled_lag4
time.1,28,122,1.4901161193847656e-08,0.00022149362484924495,2026092701,coupled_lag4
time.2,28,122,4.470348358154297e-08,0.0011239968007430434,2026092701,coupled_lag4
behavior.0,28,122,1.4901161193847656e-08,0.00017421480151824653,2026092701,coupled_lag4
behavior.1,28,122,1.1175870895385742e-08,0.00010550787555985153,2026092701,coupled_lag4
behavior.2,28,122,1.4901161193847656e-08,0.00017642047896515578,2026092701,coupled_lag4
time.0,28,123,1.4901161193847656e-08,0.00027017039246857166,2026092701,coupled_lag4
time.1,28,123,1.4901161193847656e-08,0.0001968897704500705,2026092701,coupled_lag4
time.2,28,123,2.9802322387695312e-08,0.0010041579371318221,2026092701,coupled_lag4
behavior.0,28,123,1.4901161193847656e-08,0.00018006950267590582,2026092701,coupled_lag4
behavior.1,28,123,1.1175870895385742e-08,0.00010426561493659392,2026092701,coupled_lag4
behavior.2,28,123,1.4901161193847656e-08,0.000175937355379574,2026092701,coupled_lag4
time.0,28,124,1.4901161193847656e-08,0.00025056939921341836,2026092701,coupled_lag4
time.1,28,124,1.1175870895385742e-08,0.0001761254679877311,2026092701,coupled_lag4
time.2,28,124,2.9802322387695312e-08,0.0009764609858393669,2026092701,coupled_lag4
behavior.0,28,124,1.4901161193847656e-08,0.00017620707512833178,2026092701,coupled_lag4
behavior.1,28,124,1.1175870895385742e-08,0.00010809271043399349,2026092701,coupled_lag4
behavior.2,28,124,1.4901161193847656e-08,0.0001847465173341334,2026092701,coupled_lag4
time.0,28,125,2.2351741790771484e-08,0.0003533081035129726,2026092701,coupled_lag4
time.1,28,125,1.4901161193847656e-08,0.0002351657021790743,2026092701,coupled_lag4
time.2,28,125,2.9802322387695312e-08,0.0011351080611348152,2026092701,coupled_lag4
behavior.0,28,125,1.4901161193847656e-08,0.0001867998653324321,2026092701,coupled_lag4
behavior.1,28,125,1.4901161193847656e-08,0.0001069003192242235,2026092701,coupled_lag4
behavior.2,28,125,1.4901161193847656e-08,0.00015931246161926538,2026092701,coupled_lag4
time.0,28,126,1.4901161193847656e-08,0.00031458461307920516,2026092701,coupled_lag4
time.1,28,126,1.4901161193847656e-08,0.00021613080753013492,2026092701,coupled_lag4
time.2,28,126,2.9802322387695312e-08,0.0010549830039963126,2026092701,coupled_lag4
behavior.0,28,126,1.4901161193847656e-08,0.00018660085333976895,2026092701,coupled_lag4
behavior.1,28,126,1.4901161193847656e-08,0.00011261799227213487,2026092701,coupled_lag4
behavior.2,28,126,1.4901161193847656e-08,0.00018564450147096068,2026092701,coupled_lag4
time.0,28,127,1.4901161193847656e-08,0.00026859284844249487,2026092701,coupled_lag4
time.1,28,127,1.1175870895385742e-08,0.0001851489651016891,2026092701,coupled_lag4
time.2,28,127,2.9802322387695312e-08,0.0009174638544209301,2026092701,coupled_lag4
behavior.0,28,127,2.9802322387695312e-08,0.0001856368180597201,2026092701,coupled_lag4
behavior.1,28,127,1.1175870895385742e-08,0.00010475105955265462,2026092701,coupled_lag4
behavior.2,28,127,1.4901161193847656e-08,0.0002000139356823638,2026092701,coupled_lag4
time.0,28,128,1.4901161193847656e-08,0.00023241224698722363,2026092701,coupled_lag4
time.1,28,128,1.4901161193847656e-08,0.0001628242462174967,2026092701,coupled_lag4
time.2,28,128,2.9802322387695312e-08,0.000869656156282872,2026092701,coupled_lag4
behavior.0,28,128,1.4901161193847656e-08,0.0001778418809408322,2026092701,coupled_lag4
behavior.1,28,128,1.4901161193847656e-08,0.00010189940803684294,2026092701,coupled_lag4
behavior.2,28,128,1.4901161193847656e-08,0.00019641389371827245,2026092701,coupled_lag4
time.0,28,129,1.4901161193847656e-08,0.00039313730667345226,2026092701,coupled_lag4
time.1,28,129,1.4901161193847656e-08,0.0002644425258040428,2026092701,coupled_lag4
time.2,28,129,2.9802322387695312e-08,0.0012250893050804734,2026092701,coupled_lag4
behavior.0,28,129,1.4901161193847656e-08,0.00016901078925002366,2026092701,coupled_lag4
behavior.1,28,129,1.1175870895385742e-08,9.969044185709208e-05,2026092701,coupled_lag4
behavior.2,28,129,1.4901161193847656e-08,0.00018193587311543524,2026092701,coupled_lag4
time.0,28,130,1.4901161193847656e-08,0.0003217124321963638,2026092701,coupled_lag4
time.1,28,130,1.4901161193847656e-08,0.0002301065542269498,2026092701,coupled_lag4
time.2,28,130,2.9802322387695312e-08,0.0010800439631566405,2026092701,coupled_lag4
behavior.0,28,130,2.2351741790771484e-08,0.00019867598894052207,2026092701,coupled_lag4
behavior.1,28,130,1.4901161193847656e-08,0.00011136371904285625,2026092701,coupled_lag4
behavior.2,28,130,1.4901161193847656e-08,0.00016542317462153733,2026092701,coupled_lag4
time.0,28,131,1.4901161193847656e-08,0.00027541551389731467,2026092701,coupled_lag4
time.1,28,131,1.1175870895385742e-08,0.000199315240024589,2026092701,coupled_lag4
time.2,28,131,2.9802322387695312e-08,0.0009895998518913984,2026092701,coupled_lag4
behavior.0,28,131,1.4901161193847656e-08,0.0001670254277996719,2026092701,coupled_lag4
behavior.1,28,131,1.1175870895385742e-08,0.00010188433952862397,2026092701,coupled_lag4
behavior.2,28,131,1.4901161193847656e-08,0.00018259228090755641,2026092701,coupled_lag4
time.0,28,132,1.4901161193847656e-08,0.0002704170474316925,2026092701,coupled_lag4
time.1,28,132,1.4901161193847656e-08,0.00018805898434948176,2026092701,coupled_lag4
time.2,28,132,2.9802322387695312e-08,0.0009117053705267608,2026092701,coupled_lag4
behavior.0,28,132,1.4901161193847656e-08,0.000244820024818182,2026092701,coupled_lag4
behavior.1,28,132,1.4901161193847656e-08,0.00013033609138801694,2026092701,coupled_lag4
behavior.2,28,132,1.4901161193847656e-08,0.00021226596436463296,2026092701,coupled_lag4
time.0,28,133,1.4901161193847656e-08,0.00032285318593494594,2026092701,coupled_lag4
time.1,28,133,1.4901161193847656e-08,0.00022911434643901885,2026092701,coupled_lag4
time.2,28,133,2.9802322387695312e-08,0.0010665935697034001,2026092701,coupled_lag4
behavior.0,28,133,1.4901161193847656e-08,0.0001843587524490431,2026092701,coupled_lag4
behavior.1,28,133,1.1175870895385742e-08,0.00010530717554502189,2026092701,coupled_lag4
behavior.2,28,133,1.4901161193847656e-08,0.0001811651891330257,2026092701,coupled_lag4
time.0,28,134,1.4901161193847656e-08,0.00021432952780742198,2026092701,coupled_lag4
time.1,28,134,1.1175870895385742e-08,0.00015800549590494484,2026092701,coupled_lag4
time.2,28,134,4.470348358154297e-08,0.0008277947781607509,2026092701,coupled_lag4
behavior.0,28,134,1.4901161193847656e-08,0.00016676752420607954,2026092701,coupled_lag4
behavior.1,28,134,1.1175870895385742e-08,0.00010119636863237247,2026092701,coupled_lag4
behavior.2,28,134,1.4901161193847656e-08,0.00018433647346682847,2026092701,coupled_lag4
time.0,28,135,1.4901161193847656e-08,0.00021873423247598112,2026092701,coupled_lag4
time.1,28,135,1.4901161193847656e-08,0.000167783786309883,2026092701,coupled_lag4
time.2,28,135,2.9802322387695312e-08,0.0009270184673368931,2026092701,coupled_lag4
behavior.0,28,135,1.4901161193847656e-08,0.00016619040980003774,2026092701,coupled_lag4
behavior.1,28,135,1.1175870895385742e-08,0.00010465645755175501,2026092701,coupled_lag4
behavior.2,28,135,1.4901161193847656e-08,0.0002104795421473682,2026092701,coupled_lag4
time.0,28,136,1.4901161193847656e-08,0.00023550016339868307,2026092701,coupled_lag4
time.1,28,136,1.4901161193847656e-08,0.00016186929133255035,2026092701,coupled_lag4
time.2,28,136,2.9802322387695312e-08,0.0009177052415907383,2026092701,coupled_lag4
behavior.0,28,136,1.4901161193847656e-08,0.00015648847329430282,2026092701,coupled_lag4
behavior.1,28,136,1.1175870895385742e-08,0.00010561534145381302,2026092701,coupled_lag4
behavior.2,28,136,1.4901161193847656e-08,0.0001972860045498237,2026092701,coupled_lag4
time.0,28,137,1.4901161193847656e-08,0.0002575645921751857,2026092701,coupled_lag4
time.1,28,137,1.4901161193847656e-08,0.00017879930965136737,2026092701,coupled_lag4
time.2,28,137,2.9802322387695312e-08,0.0010006795637309551,2026092701,coupled_lag4
behavior.0,28,137,1.4901161193847656e-08,0.00017488366574980319,2026092701,coupled_lag4
behavior.1,28,137,1.1175870895385742e-08,0.0001085026451619342,2026092701,coupled_lag4
behavior.2,28,137,1.4901161193847656e-08,0.0001896472240332514,2026092701,coupled_lag4
time.0,28,138,2.2351741790771484e-08,0.0003005894832313061,2026092701,coupled_lag4
time.1,28,138,1.1175870895385742e-08,0.00019993673777207732,2026092701,coupled_lag4
time.2,28,138,2.9802322387695312e-08,0.0010167922591790557,2026092701,coupled_lag4
behavior.0,28,138,1.4901161193847656e-08,0.00017407324048690498,2026092701,coupled_lag4
behavior.1,28,138,1.4901161193847656e-08,0.00010640142136253417,2026092701,coupled_lag4
behavior.2,28,138,1.4901161193847656e-08,0.00017198777641169727,2026092701,coupled_lag4
time.0,28,139,2.2351741790771484e-08,0.0003537384036462754,2026092701,coupled_lag4
time.1,28,139,1.4901161193847656e-08,0.0002244023489765823,2026092701,coupled_lag4
time.2,28,139,2.9802322387695312e-08,0.0010874627623707056,2026092701,coupled_lag4
behavior.0,28,139,1.4901161193847656e-08,0.00020203810709062964,2026092701,coupled_lag4
behavior.1,28,139,1.4901161193847656e-08,0.0001117728534154594,2026092701,coupled_lag4
behavior.2,28,139,1.4901161193847656e-08,0.000156986468937248,2026092701,coupled_lag4
time.0,28,140,1.4901161193847656e-08,0.00027875255909748375,2026092701,coupled_lag4
time.1,28,140,1.1175870895385742e-08,0.00019319688726682216,2026092701,coupled_lag4
time.2,28,140,2.9802322387695312e-08,0.0009393988293595612,2026092701,coupled_lag4
behavior.0,28,140,1.4901161193847656e-08,0.00018920181901194155,2026092701,coupled_lag4
behavior.1,28,140,1.1175870895385742e-08,0.00010634267528075725,2026092701,coupled_lag4
behavior.2,28,140,1.1175870895385742e-08,0.00018439433188177645,2026092701,coupled_lag4
time.0,28,141,1.4901161193847656e-08,0.00031538293114863336,2026092701,coupled_lag4
time.1,28,141,1.4901161193847656e-08,0.00018780519894789904,2026092701,coupled_lag4
time.2,28,141,2.9802322387695312e-08,0.0009434298845008016,2026092701,coupled_lag4
behavior.0,28,141,2.2351741790771484e-08,0.00017445176490582526,2026092701,coupled_lag4
behavior.1,28,141,1.1175870895385742e-08,0.0001078361165127717,2026092701,coupled_lag4
behavior.2,28,141,1.4901161193847656e-08,0.00018535232811700553,2026092701,coupled_lag4
time.0,28,142,2.2351741790771484e-08,0.00035133687197230756,2026092701,coupled_lag4
time.1,28,142,1.4901161193847656e-08,0.00020583235891535878,2026092701,coupled_lag4
time.2,28,142,2.9802322387695312e-08,0.0010457232128828764,2026092701,coupled_lag4
behavior.0,28,142,1.862645149230957e-08,0.00018242691294290125,2026092701,coupled_lag4
behavior.1,28,142,1.1175870895385742e-08,0.00010195958020631224,2026092701,coupled_lag4
behavior.2,28,142,1.4901161193847656e-08,0.0001732910895952955,2026092701,coupled_lag4
time.0,28,143,1.4901161193847656e-08,0.0002423056575935334,2026092701,coupled_lag4
time.1,28,143,1.4901161193847656e-08,0.0001611418410902843,2026092701,coupled_lag4
time.2,28,143,2.9802322387695312e-08,0.0008494970970787108,2026092701,coupled_lag4
behavior.0,28,143,1.4901161193847656e-08,0.00016725731256883591,2026092701,coupled_lag4
behavior.1,28,143,1.4901161193847656e-08,0.00010580019443295896,2026092701,coupled_lag4
behavior.2,28,143,2.2351741790771484e-08,0.00019868204253725708,2026092701,coupled_lag4
time.0,28,144,2.9802322387695312e-08,0.0003534262359607965,2026092701,coupled_lag4
time.1,28,144,1.4901161193847656e-08,0.00023042999964673072,2026092701,coupled_lag4
time.2,28,144,2.9802322387695312e-08,0.0010731512447819114,2026092701,coupled_lag4
behavior.0,28,144,1.4901161193847656e-08,0.0001842030615080148,2026092701,coupled_lag4
behavior.1,28,144,1.1175870895385742e-08,0.00010430092515889555,2026092701,coupled_lag4
behavior.2,28,144,1.1175870895385742e-08,0.0001680559216765687,2026092701,coupled_lag4
time.0,28,145,1.4901161193847656e-08,0.00025728295440785587,2026092701,coupled_lag4
time.1,28,145,7.450580596923828e-09,0.0001666445896262303,2026092701,coupled_lag4
time.2,28,145,2.2351741790771484e-08,0.0009031136287376285,2026092701,coupled_lag4
behavior.0,28,145,2.2351741790771484e-08,0.0001549029693705961,2026092701,coupled_lag4
behavior.1,28,145,1.1175870895385742e-08,9.913555550156161e-05,2026092701,coupled_lag4
behavior.2,28,145,1.4901161193847656e-08,0.00018410738266538829,2026092701,coupled_lag4
time.0,28,146,1.4901161193847656e-08,0.00045635452261194587,2026092701,coupled_lag4
time.1,28,146,1.4901161193847656e-08,0.00027118701837025583,2026092701,coupled_lag4
time.2,28,146,2.9802322387695312e-08,0.0013249915791675448,2026092701,coupled_lag4
behavior.0,28,146,1.4901161193847656e-08,0.00017002521781250834,2026092701,coupled_lag4
behavior.1,28,146,1.1175870895385742e-08,0.0001058585912687704,2026092701,coupled_lag4
behavior.2,28,146,1.4901161193847656e-08,0.00018481392180547118,2026092701,coupled_lag4
time.0,28,147,2.2351741790771484e-08,0.0003542630292940885,2026092701,coupled_lag4
time.1,28,147,1.1175870895385742e-08,0.00021375891810748726,2026092701,coupled_lag4
time.2,28,147,2.9802322387695312e-08,0.001080656424164772,2026092701,coupled_lag4
behavior.0,28,147,1.4901161193847656e-08,0.0001614630309632048,2026092701,coupled_lag4
behavior.1,28,147,1.1175870895385742e-08,0.000102718171547167,2026092701,coupled_lag4
behavior.2,28,147,1.4901161193847656e-08,0.00019545547547750175,2026092701,coupled_lag4
time.0,28,148,1.4901161193847656e-08,0.000280359381577,2026092701,coupled_lag4
time.1,28,148,1.4901161193847656e-08,0.00018652871949598193,2026092701,coupled_lag4
time.2,28,148,2.9802322387695312e-08,0.0009761565597727895,2026092701,coupled_lag4
behavior.0,28,148,1.4901161193847656e-08,0.0001443535293219611,2026092701,coupled_lag4
behavior.1,28,148,9.313225746154785e-09,9.784074063645676e-05,2026092701,coupled_lag4
behavior.2,28,148,1.4901161193847656e-08,0.0002028845192398876,2026092701,coupled_lag4
time.0,28,149,1.4901161193847656e-08,0.0002809140714816749,2026092701,coupled_lag4
time.1,28,149,1.4901161193847656e-08,0.00019655177311506122,2026092701,coupled_lag4
time.2,28,149,2.9802322387695312e-08,0.0010000488255172968,2026092701,coupled_lag4
behavior.0,28,149,1.4901161193847656e-08,0.0001694438687991351,2026092701,coupled_lag4
behavior.1,28,149,1.1175870895385742e-08,0.00010564785043243319,2026092701,coupled_lag4
behavior.2,28,149,1.4901161193847656e-08,0.0001875177549663931,2026092701,coupled_lag4
time.0,28,150,1.4901161193847656e-08,0.00031373457750305533,2026092701,coupled_lag4
time.1,28,150,1.4901161193847656e-08,0.00019480240007396787,2026092701,coupled_lag4
time.2,28,150,2.9802322387695312e-08,0.0010391498217359185,2026092701,coupled_lag4
behavior.0,28,150,1.4901161193847656e-08,0.00016741697618272156,2026092701,coupled_lag4
behavior.1,28,150,1.1175870895385742e-08,0.00010326072515454143,2026092701,coupled_lag4
behavior.2,28,150,1.4901161193847656e-08,0.000201946881134063,2026092701,coupled_lag4
time.0,28,151,1.4901161193847656e-08,0.00030230192351154983,2026092701,coupled_lag4
time.1,28,151,1.1175870895385742e-08,0.00019092966977041215,2026092701,coupled_lag4
time.2,28,151,2.9802322387695312e-08,0.0009905131300911307,2026092701,coupled_lag4
behavior.0,28,151,1.4901161193847656e-08,0.000168499507708475,2026092701,coupled_lag4
behavior.1,28,151,1.1175870895385742e-08,0.00010116131306858733,2026092701,coupled_lag4
behavior.2,28,151,1.4901161193847656e-08,0.00018414189980830997,2026092701,coupled_lag4
time.0,28,152,2.9802322387695312e-08,0.00041594638605602086,2026092701,coupled_lag4
time.1,28,152,1.4901161193847656e-08,0.0002537023392505944,2026092701,coupled_lag4
time.2,28,152,2.9802322387695312e-08,0.0011901609832420945,2026092701,coupled_lag4
behavior.0,28,152,1.4901161193847656e-08,0.00017361964273732156,2026092701,coupled_lag4
behavior.1,28,152,1.4901161193847656e-08,0.00010315993131371215,2026092701,coupled_lag4
behavior.2,28,152,1.1175870895385742e-08,0.00018041943258140236,2026092701,coupled_lag4
time.0,28,153,1.4901161193847656e-08,0.00026418076595291495,2026092701,coupled_lag4
time.1,28,153,1.4901161193847656e-08,0.00017005916743073612,2026092701,coupled_lag4
time.2,28,153,2.9802322387695312e-08,0.0008751140558160841,2026092701,coupled_lag4
behavior.0,28,153,1.4901161193847656e-08,0.00018741314124781638,2026092701,coupled_lag4
behavior.1,28,153,1.4901161193847656e-08,0.00010112736345035955,2026092701,coupled_lag4
behavior.2,28,153,1.4901161193847656e-08,0.00018040330905932933,2026092701,coupled_lag4
time.0,28,154,1.4901161193847656e-08,0.000286914873868227,2026092701,coupled_lag4
time.1,28,154,1.4901161193847656e-08,0.0001908932172227651,2026092701,coupled_lag4
time.2,28,154,2.2351741790771484e-08,0.000977234449237585,2026092701,coupled_lag4
behavior.0,28,154,1.4901161193847656e-08,0.00016399536980316043,2026092701,coupled_lag4
behavior.1,28,154,1.1175870895385742e-08,9.777982631931081e-05,2026092701,coupled_lag4
behavior.2,28,154,1.4901161193847656e-08,0.00019189255544915795,2026092701,coupled_lag4
time.0,28,155,1.4901161193847656e-08,0.00022540993813890964,2026092701,coupled_lag4
time.1,28,155,1.4901161193847656e-08,0.00015887507470324636,2026092701,coupled_lag4
time.2,28,155,2.9802322387695312e-08,0.0008402864914387465,2026092701,coupled_lag4
behavior.0,28,155,1.4901161193847656e-08,0.00020727675291709602,2026092701,coupled_lag4
behavior.1,28,155,1.4901161193847656e-08,0.00011243765038670972,2026092701,coupled_lag4
behavior.2,28,155,2.2351741790771484e-08,0.00015409414481837302,2026092701,coupled_lag4
time.0,28,156,2.2351741790771484e-08,0.0002721022756304592,2026092701,coupled_lag4
time.1,28,156,1.1175870895385742e-08,0.00018454469682183117,2026092701,coupled_lag4
time.2,28,156,1.4901161193847656e-08,0.0009151138365268707,2026092701,coupled_lag4
behavior.0,28,156,1.4901161193847656e-08,0.00020863738609477878,2026092701,coupled_lag4
behavior.1,28,156,1.4901161193847656e-08,0.00010984380060108379,2026092701,coupled_lag4
behavior.2,28,156,1.1175870895385742e-08,0.0001432358694728464,2026092701,coupled_lag4
time.0,28,157,1.4901161193847656e-08,0.0002489134203642607,2026092701,coupled_lag4
time.1,28,157,7.450580596923828e-09,0.00016809308726806194,2026092701,coupled_lag4
time.2,28,157,2.9802322387695312e-08,0.0008334085578098893,2026092701,coupled_lag4
behavior.0,28,157,1.4901161193847656e-08,0.0002322621294297278,2026092701,coupled_lag4
behavior.1,28,157,1.4901161193847656e-08,0.0001056954642990604,2026092701,coupled_lag4
behavior.2,28,157,2.2351741790771484e-08,0.0001671159261604771,2026092701,coupled_lag4
time.0,28,158,2.2351741790771484e-08,0.0002817370695993304,2026092701,coupled_lag4
time.1,28,158,1.1175870895385742e-08,0.00019015056022908539,2026092701,coupled_lag4
time.2,28,158,2.9802322387695312e-08,0.000949118984863162,2026092701,coupled_lag4
behavior.0,28,158,1.4901161193847656e-08,0.00016028856043703854,2026092701,coupled_lag4
behavior.1,28,158,1.1175870895385742e-08,9.99729527393356e-05,2026092701,coupled_lag4
behavior.2,28,158,1.4901161193847656e-08,0.00018172575801145285,2026092701,coupled_lag4
time.0,28,159,1.4901161193847656e-08,0.00029927550349384546,2026092701,coupled_lag4
time.1,28,159,2.2351741790771484e-08,0.00020618132839445025,2026092701,coupled_lag4
time.2,28,159,2.9802322387695312e-08,0.0010094931349158287,2026092701,coupled_lag4
behavior.0,28,159,1.4901161193847656e-08,0.00021808571182191372,2026092701,coupled_lag4
behavior.1,28,159,1.4901161193847656e-08,0.00011908567830687389,2026092701,coupled_lag4
behavior.2,28,159,1.4901161193847656e-08,0.0001605733559699729,2026092701,coupled_lag4
time.0,28,160,1.4901161193847656e-08,0.0002979619603138417,2026092701,coupled_lag4
time.1,28,160,1.4901161193847656e-08,0.00020061350369360298,2026092701,coupled_lag4
time.2,28,160,2.9802322387695312e-08,0.0009636537288315594,2026092701,coupled_lag4
behavior.0,28,160,1.4901161193847656e-08,0.00021149338863324374,2026092701,coupled_lag4
behavior.1,28,160,1.1175870895385742e-08,0.00011190740769961849,2026092701,coupled_lag4
behavior.2,28,160,1.4901161193847656e-08,0.00017128625768236816,2026092701,coupled_lag4
time.0,28,161,1.4901161193847656e-08,0.00029245379846543074,2026092701,coupled_lag4
time.1,28,161,1.1175870895385742e-08,0.00019208832236472517,2026092701,coupled_lag4
time.2,28,161,1.4901161193847656e-08,0.0009808358736336231,2026092701,coupled_lag4
behavior.0,28,161,1.4901161193847656e-08,0.00018845783779397607,2026092701,coupled_lag4
behavior.1,28,161,1.4901161193847656e-08,0.00012355580111034214,2026092701,coupled_lag4
behavior.2,28,161,1.4901161193847656e-08,0.00018776330398395658,2026092701,coupled_lag4
time.0,28,162,1.4901161193847656e-08,0.00031300834962166846,2026092701,coupled_lag4
time.1,28,162,1.4901161193847656e-08,0.0002042565174633637,2026092701,coupled_lag4
time.2,28,162,2.9802322387695312e-08,0.0010078712366521358,2026092701,coupled_lag4
behavior.0,28,162,1.4901161193847656e-08,0.00016066253010649234,2026092701,coupled_lag4
behavior.1,28,162,1.1175870895385742e-08,9.689634316600859e-05,2026092701,coupled_lag4
behavior.2,28,162,1.4901161193847656e-08,0.0001934594620252028,2026092701,coupled_lag4
time.0,28,163,1.4901161193847656e-08,0.0002978215925395489,2026092701,coupled_lag4
time.1,28,163,2.2351741790771484e-08,0.00021079825819469988,2026092701,coupled_lag4
time.2,28,163,2.9802322387695312e-08,0.0009902192978188396,2026092701,coupled_lag4
behavior.0,28,163,1.4901161193847656e-08,0.00018478960555512458,2026092701,coupled_lag4
behavior.1,28,163,1.1175870895385742e-08,0.00011120930139441043,2026092701,coupled_lag4
behavior.2,28,163,1.1175870895385742e-08,0.00019348616478964686,2026092701,coupled_lag4
time.0,28,164,2.2351741790771484e-08,0.0003339386894367635,2026092701,coupled_lag4
time.1,28,164,1.1175870895385742e-08,0.0002151765365852043,2026092701,coupled_lag4
time.2,28,164,2.9802322387695312e-08,0.0010313185630366206,2026092701,coupled_lag4
behavior.0,28,164,1.1175870895385742e-08,0.00018703172099776566,2026092701,coupled_lag4
behavior.1,28,164,7.450580596923828e-09,0.00011223071487620473,2026092701,coupled_lag4
behavior.2,28,164,1.4901161193847656e-08,0.0001876609749160707,2026092701,coupled_lag4
time.0,28,165,2.9802322387695312e-08,0.0003611637803260237,2026092701,coupled_lag4
time.1,28,165,2.2351741790771484e-08,0.00023611568030901253,2026092701,coupled_lag4
time.2,28,165,2.9802322387695312e-08,0.0010859941830858588,2026092701,coupled_lag4
behavior.0,28,165,1.4901161193847656e-08,0.00019094548770226538,2026092701,coupled_lag4
behavior.1,28,165,1.1175870895385742e-08,0.00010315833060303703,2026092701,coupled_lag4
behavior.2,28,165,1.4901161193847656e-08,0.00016098417108878493,2026092701,coupled_lag4
time.0,28,166,2.2351741790771484e-08,0.00029867328703403473,2026092701,coupled_lag4
time.1,28,166,1.4901161193847656e-08,0.00019629271992016584,2026092701,coupled_lag4
time.2,28,166,2.9802322387695312e-08,0.000930293754208833,2026092701,coupled_lag4
behavior.0,28,166,2.2351741790771484e-08,0.00018203268700744957,2026092701,coupled_lag4
behavior.1,28,166,1.4901161193847656e-08,0.00010860598558792844,2026092701,coupled_lag4
behavior.2,28,166,1.4901161193847656e-08,0.00018614348664414138,2026092701,coupled_lag4
time.0,28,167,1.4901161193847656e-08,0.00024234068405348808,2026092701,coupled_lag4
time.1,28,167,1.1175870895385742e-08,0.00016861579206306487,2026092701,coupled_lag4
time.2,28,167,2.9802322387695312e-08,0.0008788930717855692,2026092701,coupled_lag4
behavior.0,28,167,1.4901161193847656e-08,0.00018505968910176307,2026092701,coupled_lag4
behavior.1,28,167,1.4901161193847656e-08,0.00011337086471030489,2026092701,coupled_lag4
behavior.2,28,167,1.4901161193847656e-08,0.0002016509824898094,2026092701,coupled_lag4
time.0,28,168,1.4901161193847656e-08,0.00027157511794939637,2026092701,coupled_lag4
time.1,28,168,1.4901161193847656e-08,0.00018338604422751814,2026092701,coupled_lag4
time.2,28,168,2.9802322387695312e-08,0.000911080976948142,2026092701,coupled_lag4
behavior.0,28,168,1.4901161193847656e-08,0.00016697114915587008,2026092701,coupled_lag4
behavior.1,28,168,1.1175870895385742e-08,0.00010255041706841439,2026092701,coupled_lag4
behavior.2,28,168,1.4901161193847656e-08,0.00019439768220763654,2026092701,coupled_lag4
time.0,28,169,1.4901161193847656e-08,0.0002632754622027278,2026092701,coupled_lag4
time.1,28,169,1.4901161193847656e-08,0.00017907503934111446,2026092701,coupled_lag4
time.2,28,169,2.9802322387695312e-08,0.0008391212322749197,2026092701,coupled_lag4
behavior.0,28,169,1.4901161193847656e-08,0.00020567116735037416,2026092701,coupled_lag4
behavior.1,28,169,1.4901161193847656e-08,0.00011177678970852867,2026092701,coupled_lag4
behavior.2,28,169,1.4901161193847656e-08,0.0001528035500086844,2026092701,coupled_lag4
time.0,28,170,1.4901161193847656e-08,0.00026340613840147853,2026092701,coupled_lag4
time.1,28,170,1.4901161193847656e-08,0.00018500749138183892,2026092701,coupled_lag4
time.2,28,170,2.9802322387695312e-08,0.0009116186411119998,2026092701,coupled_lag4
behavior.0,28,170,1.4901161193847656e-08,0.00020804847008548677,2026092701,coupled_lag4
behavior.1,28,170,7.450580596923828e-09,0.00010918048064922914,2026092701,coupled_lag4
behavior.2,28,170,1.4901161193847656e-08,0.00017803894297685474,2026092701,coupled_lag4
time.0,28,171,2.2351741790771484e-08,0.000346847518812865,2026092701,coupled_lag4
time.1,28,171,1.4901161193847656e-08,0.00022445930517278612,2026092701,coupled_lag4
time.2,28,171,2.9802322387695312e-08,0.0010538604110479355,2026092701,coupled_lag4
behavior.0,28,171,2.2351741790771484e-08,0.00017669338558334857,2026092701,coupled_lag4
behavior.1,28,171,1.1175870895385742e-08,0.00010253970685880631,2026092701,coupled_lag4
behavior.2,28,171,1.4901161193847656e-08,0.00018342222028877586,2026092701,coupled_lag4
time.0,28,172,1.4901161193847656e-08,0.0002075551892630756,2026092701,coupled_lag4
time.1,28,172,1.4901161193847656e-08,0.0001535984774818644,2026092701,coupled_lag4
time.2,28,172,2.9802322387695312e-08,0.0007820858154445887,2026092701,coupled_lag4
behavior.0,28,172,1.4901161193847656e-08,0.00016252562636509538,2026092701,coupled_lag4
behavior.1,28,172,1.1175870895385742e-08,0.00010140128142666072,2026092701,coupled_lag4
behavior.2,28,172,1.4901161193847656e-08,0.00018695353355724365,2026092701,coupled_lag4
time.0,28,173,1.4901161193847656e-08,0.0002684975042939186,2026092701,coupled_lag4
time.1,28,173,1.4901161193847656e-08,0.0001911205326905474,2026092701,coupled_lag4
time.2,28,173,5.960464477539063e-08,0.0009143583010882139,2026092701,coupled_lag4
behavior.0,28,173,1.4901161193847656e-08,0.00016521228826604784,2026092701,coupled_lag4
behavior.1,28,173,1.1175870895385742e-08,0.00010587043652776629,2026092701,coupled_lag4
behavior.2,28,173,1.4901161193847656e-08,0.00019391441310290247,2026092701,coupled_lag4
time.0,28,174,1.4901161193847656e-08,0.0003533588896971196,2026092701,coupled_lag4
time.1,28,174,1.4901161193847656e-08,0.00021925756300333887,2026092701,coupled_lag4
time.2,28,174,4.470348358154297e-08,0.0010385068599134684,2026092701,coupled_lag4
behavior.0,28,174,2.2351741790771484e-08,0.00018420207197777927,2026092701,coupled_lag4
behavior.1,28,174,1.1175870895385742e-08,0.00010251633648294955,2026092701,coupled_lag4
behavior.2,28,174,1.4901161193847656e-08,0.00017272446712013334,2026092701,coupled_lag4
time.0,28,175,1.4901161193847656e-08,0.00026249472284689546,2026092701,coupled_lag4
time.1,28,175,2.2351741790771484e-08,0.00017588945047464222,2026092701,coupled_lag4
time.2,28,175,2.2351741790771484e-08,0.0008968638139776886,2026092701,coupled_lag4
behavior.0,28,175,1.4901161193847656e-08,0.00017136120004579425,2026092701,coupled_lag4
behavior.1,28,175,1.4901161193847656e-08,0.0001000949923763983,2026092701,coupled_lag4
behavior.2,28,175,1.4901161193847656e-08,0.00019421378965489566,2026092701,coupled_lag4
time.0,28,176,2.2351741790771484e-08,0.00033667715615592897,2026092701,coupled_lag4
time.1,28,176,1.4901161193847656e-08,0.00022548524430021644,2026092701,coupled_lag4
time.2,28,176,2.9802322387695312e-08,0.0010708903428167105,2026092701,coupled_lag4
behavior.0,28,176,1.4901161193847656e-08,0.00015996588626876473,2026092701,coupled_lag4
behavior.1,28,176,7.450580596923828e-09,0.00010181692778132856,2026092701,coupled_lag4
behavior.2,28,176,1.4901161193847656e-08,0.00020615392713807523,2026092701,coupled_lag4
time.0,28,177,1.4901161193847656e-08,0.00036325413384474814,2026092701,coupled_lag4
time.1,28,177,1.4901161193847656e-08,0.0002333859883947298,2026092701,coupled_lag4
time.2,28,177,2.9802322387695312e-08,0.00111097632907331,2026092701,coupled_lag4
behavior.0,28,177,1.4901161193847656e-08,0.00015117117436602712,2026092701,coupled_lag4
behavior.1,28,177,1.4901161193847656e-08,0.00010232438944512978,2026092701,coupled_lag4
behavior.2,28,177,1.4901161193847656e-08,0.0001969838485820219,2026092701,coupled_lag4
time.0,28,178,1.4901161193847656e-08,0.00030643760692328215,2026092701,coupled_lag4
time.1,28,178,1.1175870895385742e-08,0.00019820577290374786,2026092701,coupled_lag4
time.2,28,178,2.9802322387695312e-08,0.0009232312440872192,2026092701,coupled_lag4
behavior.0,28,178,1.4901161193847656e-08,0.00019231782061979175,2026092701,coupled_lag4
behavior.1,28,178,1.1175870895385742e-08,9.974183922167867e-05,2026092701,coupled_lag4
behavior.2,28,178,1.4901161193847656e-08,0.0001675617095315829,2026092701,coupled_lag4
time.0,28,179,1.4901161193847656e-08,0.00022354985412675887,2026092701,coupled_lag4
time.1,28,179,1.1175870895385742e-08,0.00016374870028812438,2026092701,coupled_lag4
time.2,28,179,1.4901161193847656e-08,0.0007995272753760219,2026092701,coupled_lag4
behavior.0,28,179,1.4901161193847656e-08,0.0002033344644587487,2026092701,coupled_lag4
behavior.1,28,179,1.4901161193847656e-08,0.00010990127339027822,2026092701,coupled_lag4
behavior.2,28,179,1.4901161193847656e-08,0.00016028461686801165,2026092701,coupled_lag4
time.0,28,180,2.2351741790771484e-08,0.0003186922986060381,2026092701,coupled_lag4
time.1,28,180,1.4901161193847656e-08,0.00021120780729688704,2026092701,coupled_lag4
time.2,28,180,2.9802322387695312e-08,0.001017965143546462,2026092701,coupled_lag4
behavior.0,28,180,1.4901161193847656e-08,0.00016814727860037237,2026092701,coupled_lag4
behavior.1,28,180,7.450580596923828e-09,0.00010331709199817851,2026092701,coupled_lag4
behavior.2,28,180,1.4901161193847656e-08,0.00017780544294510037,2026092701,coupled_lag4
time.0,28,181,1.4901161193847656e-08,0.00032880521030165255,2026092701,coupled_lag4
time.1,28,181,1.4901161193847656e-08,0.0002059514808934182,2026092701,coupled_lag4
time.2,28,181,2.9802322387695312e-08,0.000999248935841024,2026092701,coupled_lag4
behavior.0,28,181,1.4901161193847656e-08,0.00021246695541776717,2026092701,coupled_lag4
behavior.1,28,181,1.1175870895385742e-08,0.00012005184544250369,2026092701,coupled_lag4
behavior.2,28,181,1.4901161193847656e-08,0.00020778046746272594,2026092701,coupled_lag4
time.0,28,182,1.4901161193847656e-08,0.0003196815960109234,2026092701,coupled_lag4
time.1,28,182,1.4901161193847656e-08,0.0002173447865061462,2026092701,coupled_lag4
time.2,28,182,2.9802322387695312e-08,0.001016444293782115,2026092701,coupled_lag4
behavior.0,28,182,1.4901161193847656e-08,0.0001905163226183504,2026092701,coupled_lag4
behavior.1,28,182,1.1175870895385742e-08,0.00011028685548808426,2026092701,coupled_lag4
behavior.2,28,182,1.4901161193847656e-08,0.00017362672952003777,2026092701,coupled_lag4
time.0,28,183,1.4901161193847656e-08,0.0002525800955481827,2026092701,coupled_lag4
time.1,28,183,1.4901161193847656e-08,0.0001777808356564492,2026092701,coupled_lag4
time.2,28,183,2.9802322387695312e-08,0.0008953996584750712,2026092701,coupled_lag4
behavior.0,28,183,1.1175870895385742e-08,0.00015838905528653413,2026092701,coupled_lag4
behavior.1,28,183,1.4901161193847656e-08,0.00010858952009584755,2026092701,coupled_lag4
behavior.2,28,183,1.4901161193847656e-08,0.0002198125293944031,2026092701,coupled_lag4
time.0,28,184,1.4901161193847656e-08,0.00019805443298537284,2026092701,coupled_lag4
time.1,28,184,1.4901161193847656e-08,0.00014147043111734092,2026092701,coupled_lag4
time.2,28,184,2.9802322387695312e-08,0.0007676812238059938,2026092701,coupled_lag4
behavior.0,28,184,1.4901161193847656e-08,0.00016487167158629745,2026092701,coupled_lag4
behavior.1,28,184,1.1175870895385742e-08,0.00010755013499874622,2026092701,coupled_lag4
behavior.2,28,184,1.4901161193847656e-08,0.0001946136908372864,2026092701,coupled_lag4
time.0,28,185,1.4901161193847656e-08,0.00023338975734077394,2026092701,coupled_lag4
time.1,28,185,1.1175870895385742e-08,0.00016864824283402413,2026092701,coupled_lag4
time.2,28,185,2.9802322387695312e-08,0.0008574007079005241,2026092701,coupled_lag4
behavior.0,28,185,1.4901161193847656e-08,0.00017117679817602038,2026092701,coupled_lag4
behavior.1,28,185,1.1175870895385742e-08,0.00010421232582302764,2026092701,coupled_lag4
behavior.2,28,185,1.4901161193847656e-08,0.00017645677144173533,2026092701,coupled_lag4
time.0,28,186,1.4901161193847656e-08,0.00031041327747516334,2026092701,coupled_lag4
time.1,28,186,1.4901161193847656e-08,0.00020947848679497838,2026092701,coupled_lag4
time.2,28,186,2.9802322387695312e-08,0.0010066222166642547,2026092701,coupled_lag4
behavior.0,28,186,1.4901161193847656e-08,0.00016544548270758241,2026092701,coupled_lag4
behavior.1,28,186,1.4901161193847656e-08,0.00010259826376568526,2026092701,coupled_lag4
behavior.2,28,186,1.1175870895385742e-08,0.00018598788301460445,2026092701,coupled_lag4
time.0,28,187,1.4901161193847656e-08,0.00023119205434340984,2026092701,coupled_lag4
time.1,28,187,1.1175870895385742e-08,0.0001741584565024823,2026092701,coupled_lag4
time.2,28,187,2.9802322387695312e-08,0.000855577876791358,2026092701,coupled_lag4
behavior.0,28,187,1.4901161193847656e-08,0.00016480243357364088,2026092701,coupled_lag4
behavior.1,28,187,7.450580596923828e-09,0.0001064403768396005,2026092701,coupled_lag4
behavior.2,28,187,1.4901161193847656e-08,0.00018752973119262606,2026092701,coupled_lag4
time.0,28,188,1.4901161193847656e-08,0.00030198702006600797,2026092701,coupled_lag4
time.1,28,188,1.1175870895385742e-08,0.00019812498067039996,2026092701,coupled_lag4
time.2,28,188,2.9802322387695312e-08,0.0009413047810085118,2026092701,coupled_lag4
behavior.0,28,188,1.4901161193847656e-08,0.0001828931999625638,2026092701,coupled_lag4
behavior.1,28,188,1.1175870895385742e-08,0.00010469552216818556,2026092701,coupled_lag4
behavior.2,28,188,1.4901161193847656e-08,0.0001681377470958978,2026092701,coupled_lag4
time.0,28,189,1.4901161193847656e-08,0.0003274082555435598,2026092701,coupled_lag4
time.1,28,189,1.4901161193847656e-08,0.00022104650270193815,2026092701,coupled_lag4
time.2,28,189,1.4901161193847656e-08,0.001017870265059173,2026092701,coupled_lag4
behavior.0,28,189,1.4901161193847656e-08,0.0001758075231919065,2026092701,coupled_lag4
behavior.1,28,189,1.1175870895385742e-08,9.73719943431206e-05,2026092701,coupled_lag4
behavior.2,28,189,1.4901161193847656e-08,0.00016135431360453367,2026092701,coupled_lag4
time.0,28,190,2.2351741790771484e-08,0.0002945535525213927,2026092701,coupled_lag4
time.1,28,190,1.4901161193847656e-08,0.00019645951397251338,2026092701,coupled_lag4
time.2,28,190,2.9802322387695312e-08,0.0009775783400982618,2026092701,coupled_lag4
behavior.0,28,190,1.4901161193847656e-08,0.00017933544586412609,2026092701,coupled_lag4
behavior.1,28,190,1.4901161193847656e-08,0.00010459835903020576,2026092701,coupled_lag4
behavior.2,28,190,1.1175870895385742e-08,0.00018052375526167452,2026092701,coupled_lag4
time.0,28,191,1.4901161193847656e-08,0.00029842762160114944,2026092701,coupled_lag4
time.1,28,191,2.2351741790771484e-08,0.00019278541731182486,2026092701,coupled_lag4
time.2,28,191,2.9802322387695312e-08,0.0009233671007677913,2026092701,coupled_lag4
behavior.0,28,191,1.4901161193847656e-08,0.00018689375428948551,2026092701,coupled_lag4
behavior.1,28,191,1.4901161193847656e-08,0.00010485861275810748,2026092701,coupled_lag4
behavior.2,28,191,1.4901161193847656e-08,0.00017337340977974236,2026092701,coupled_lag4
time.0,28,192,1.4901161193847656e-08,0.00027645385125651956,2026092701,coupled_lag4
time.1,28,192,1.4901161193847656e-08,0.00017914040654432029,2026092701,coupled_lag4
time.2,28,192,2.9802322387695312e-08,0.0009165514493361115,2026092701,coupled_lag4
behavior.0,28,192,1.862645149230957e-08,0.00018180171900894493,2026092701,coupled_lag4
behavior.1,28,192,1.4901161193847656e-08,0.0001039630442392081,2026092701,coupled_lag4
behavior.2,28,192,1.4901161193847656e-08,0.00017772901628632098,2026092701,coupled_lag4
time.0,28,193,2.2351741790771484e-08,0.0003523126360960305,2026092701,coupled_lag4
time.1,28,193,1.4901161193847656e-08,0.00021440844284370542,2026092701,coupled_lag4
time.2,28,193,2.9802322387695312e-08,0.0010316231055185199,2026092701,coupled_lag4
behavior.0,28,193,1.4901161193847656e-08,0.00018197564349975437,2026092701,coupled_lag4
behavior.1,28,193,1.1175870895385742e-08,0.00010504374222364277,2026092701,coupled_lag4
behavior.2,28,193,7.450580596923828e-09,0.00017085771833080798,2026092701,coupled_lag4
time.0,28,194,1.4901161193847656e-08,0.00027006235904991627,2026092701,coupled_lag4
time.1,28,194,1.4901161193847656e-08,0.00018058266141451895,2026092701,coupled_lag4
time.2,28,194,2.9802322387695312e-08,0.0008998599369078875,2026092701,coupled_lag4
behavior.0,28,194,1.4901161193847656e-08,0.00017387700791005045,2026092701,coupled_lag4
behavior.1,28,194,1.1175870895385742e-08,0.00010789316729642451,2026092701,coupled_lag4
behavior.2,28,194,1.4901161193847656e-08,0.00018103691400028765,2026092701,coupled_lag4
time.0,28,195,1.4901161193847656e-08,0.00024325477716047317,2026092701,coupled_lag4
time.1,28,195,1.1175870895385742e-08,0.00016353260434698313,2026092701,coupled_lag4
time.2,28,195,2.9802322387695312e-08,0.0008839262882247567,2026092701,coupled_lag4
behavior.0,28,195,1.4901161193847656e-08,0.00018451592768542469,2026092701,coupled_lag4
behavior.1,28,195,1.4901161193847656e-08,0.00010851211845874786,2026092701,coupled_lag4
behavior.2,28,195,1.1175870895385742e-08,0.00018271208682563156,2026092701,coupled_lag4
time.0,28,196,1.4901161193847656e-08,0.000290357245830819,2026092701,coupled_lag4
time.1,28,196,1.4901161193847656e-08,0.00019361749582458287,2026092701,coupled_lag4
time.2,28,196,2.9802322387695312e-08,0.0009341598488390446,2026092701,coupled_lag4
behavior.0,28,196,1.4901161193847656e-08,0.00021006180031690747,2026092701,coupled_lag4
behavior.1,28,196,1.4901161193847656e-08,0.00011480460671009496,2026092701,coupled_lag4
behavior.2,28,196,1.1175870895385742e-08,0.00016609801969025284,2026092701,coupled_lag4
time.0,28,197,1.4901161193847656e-08,0.0003275316848885268,2026092701,coupled_lag4
time.1,28,197,1.4901161193847656e-08,0.00022659942624159157,2026092701,coupled_lag4
time.2,28,197,2.9802322387695312e-08,0.0010561723029240966,2026092701,coupled_lag4
behavior.0,28,197,1.4901161193847656e-08,0.00017888449656311423,2026092701,coupled_lag4
behavior.1,28,197,1.1175870895385742e-08,0.00010604092676658183,2026092701,coupled_lag4
behavior.2,28,197,1.4901161193847656e-08,0.00018576816364657134,2026092701,coupled_lag4
time.0,28,198,1.4901161193847656e-08,0.0003031948290299624,2026092701,coupled_lag4
time.1,28,198,1.4901161193847656e-08,0.0002013842313317582,2026092701,coupled_lag4
time.2,28,198,2.9802322387695312e-08,0.0009814176009967923,2026092701,coupled_lag4
behavior.0,28,198,1.4901161193847656e-08,0.0001725554175209254,2026092701,coupled_lag4
behavior.1,28,198,7.450580596923828e-09,0.00010782199387904257,2026092701,coupled_lag4
behavior.2,28,198,1.4901161193847656e-08,0.00019419279124122113,2026092701,coupled_lag4
time.0,28,199,1.4901161193847656e-08,0.00030954834073781967,2026092701,coupled_lag4
time.1,28,199,1.1175870895385742e-08,0.00021186222147662193,2026092701,coupled_lag4
time.2,28,199,5.960464477539063e-08,0.001012947759591043,2026092701,coupled_lag4
behavior.0,28,199,1.4901161193847656e-08,0.0001987950090551749,2026092701,coupled_lag4
behavior.1,28,199,1.4901161193847656e-08,0.00010871699487324804,2026092701,coupled_lag4
behavior.2,28,199,1.4901161193847656e-08,0.00017466720601078123,2026092701,coupled_lag4
time.0,28,200,2.2351741790771484e-08,0.0003026254998985678,2026092701,coupled_lag4
time.1,28,200,1.1175870895385742e-08,0.00020649177895393223,2026092701,coupled_lag4
time.2,28,200,2.9802322387695312e-08,0.0009819859405979514,2026092701,coupled_lag4
behavior.0,28,200,1.4901161193847656e-08,0.00016576345660723746,2026092701,coupled_lag4
behavior.1,28,200,1.1175870895385742e-08,0.00010163154365727678,2026092701,coupled_lag4
behavior.2,28,200,1.4901161193847656e-08,0.0001823336788220331,2026092701,coupled_lag4
time.0,28,1,2.9802322387695312e-08,0.000739005976356566,2026092702,coupled_lag1
time.1,28,1,1.4901161193847656e-08,0.0002580003929324448,2026092702,coupled_lag1
time.2,28,1,1.4901161193847656e-08,0.00034750447957776487,2026092702,coupled_lag1
behavior.0,28,1,1.4901161193847656e-08,0.00035761159961111844,2026092702,coupled_lag1
behavior.1,28,1,1.4901161193847656e-08,0.00016648712335154414,2026092702,coupled_lag1
behavior.2,28,1,7.450580596923828e-09,9.253908501705155e-05,2026092702,coupled_lag1
time.0,28,2,1.4901161193847656e-08,0.0007259587873704731,2026092702,coupled_lag1
time.1,28,2,1.4901161193847656e-08,0.00025556934997439384,2026092702,coupled_lag1
time.2,28,2,1.4901161193847656e-08,0.0003587125102058053,2026092702,coupled_lag1
behavior.0,28,2,2.2351741790771484e-08,0.00033333146711811423,2026092702,coupled_lag1
behavior.1,28,2,1.4901161193847656e-08,0.00016667897580191493,2026092702,coupled_lag1
behavior.2,28,2,1.1175870895385742e-08,0.00010149656736757606,2026092702,coupled_lag1
time.0,28,3,2.9802322387695312e-08,0.000669363362248987,2026092702,coupled_lag1
time.1,28,3,1.4901161193847656e-08,0.00022366686607711017,2026092702,coupled_lag1
time.2,28,3,2.2351741790771484e-08,0.0003704878909047693,2026092702,coupled_lag1
behavior.0,28,3,2.2351741790771484e-08,0.000380304001737386,2026092702,coupled_lag1
behavior.1,28,3,1.4901161193847656e-08,0.0001730815856717527,2026092702,coupled_lag1
behavior.2,28,3,1.4901161193847656e-08,0.00014358479529619217,2026092702,coupled_lag1
time.0,28,4,2.9802322387695312e-08,0.0007408912642858922,2026092702,coupled_lag1
time.1,28,4,1.4901161193847656e-08,0.00026358579634688795,2026092702,coupled_lag1
time.2,28,4,2.2351741790771484e-08,0.0004554454644676298,2026092702,coupled_lag1
behavior.0,28,4,2.2351741790771484e-08,0.0003446599585004151,2026092702,coupled_lag1
behavior.1,28,4,1.4901161193847656e-08,0.00015783942944835871,2026092702,coupled_lag1
behavior.2,28,4,1.4901161193847656e-08,0.00013458740431815386,2026092702,coupled_lag1
time.0,28,5,2.9802322387695312e-08,0.0006789547041989863,2026092702,coupled_lag1
time.1,28,5,1.4901161193847656e-08,0.00023322008200921118,2026092702,coupled_lag1
time.2,28,5,2.9802322387695312e-08,0.0004235644009895623,2026092702,coupled_lag1
behavior.0,28,5,2.2351741790771484e-08,0.0003373857180122286,2026092702,coupled_lag1
behavior.1,28,5,1.4901161193847656e-08,0.00015651772264391184,2026092702,coupled_lag1
behavior.2,28,5,1.4901161193847656e-08,0.00012442577281035483,2026092702,coupled_lag1
time.0,28,6,2.9802322387695312e-08,0.0006622587097808719,2026092702,coupled_lag1
time.1,28,6,1.4901161193847656e-08,0.00022587590501643717,2026092702,coupled_lag1
time.2,28,6,1.4901161193847656e-08,0.00039188412483781576,2026092702,coupled_lag1
behavior.0,28,6,1.4901161193847656e-08,0.00035916778142564,2026092702,coupled_lag1
behavior.1,28,6,1.4901161193847656e-08,0.0001526268752058968,2026092702,coupled_lag1
behavior.2,28,6,1.4901161193847656e-08,0.0001276021357625723,2026092702,coupled_lag1
time.0,28,7,2.2351741790771484e-08,0.0006660284707322717,2026092702,coupled_lag1
time.1,28,7,1.4901161193847656e-08,0.00022088797413744032,2026092702,coupled_lag1
time.2,28,7,1.4901161193847656e-08,0.0003899835282936692,2026092702,coupled_lag1
behavior.0,28,7,1.4901161193847656e-08,0.00033214822178706527,2026092702,coupled_lag1
behavior.1,28,7,2.2351741790771484e-08,0.00014714461576659232,2026092702,coupled_lag1
behavior.2,28,7,1.4901161193847656e-08,0.00013500680506695062,2026092702,coupled_lag1
time.0,28,8,2.2351741790771484e-08,0.000655868265312165,2026092702,coupled_lag1
time.1,28,8,1.1175870895385742e-08,0.0002231071121059358,2026092702,coupled_lag1
time.2,28,8,1.4901161193847656e-08,0.00037767711910419166,2026092702,coupled_lag1
behavior.0,28,8,1.4901161193847656e-08,0.0003466160560492426,2026092702,coupled_lag1
behavior.1,28,8,2.2351741790771484e-08,0.0001613943459233269,2026092702,coupled_lag1
behavior.2,28,8,1.4901161193847656e-08,0.0001327835489064455,2026092702,coupled_lag1
time.0,28,9,2.9802322387695312e-08,0.0006729750311933458,2026092702,coupled_lag1
time.1,28,9,1.4901161193847656e-08,0.00021725909027736634,2026092702,coupled_lag1
time.2,28,9,1.4901161193847656e-08,0.00037919305032119155,2026092702,coupled_lag1
behavior.0,28,9,1.4901161193847656e-08,0.000335974182235077,2026092702,coupled_lag1
behavior.1,28,9,1.4901161193847656e-08,0.00015727986465208232,2026092702,coupled_lag1
behavior.2,28,9,1.4901161193847656e-08,0.00014180153084453195,2026092702,coupled_lag1
time.0,28,10,2.9802322387695312e-08,0.000742056465242058,2026092702,coupled_lag1
time.1,28,10,1.4901161193847656e-08,0.00024262687657028437,2026092702,coupled_lag1
time.2,28,10,1.4901161193847656e-08,0.0004474232264328748,2026092702,coupled_lag1
behavior.0,28,10,2.2351741790771484e-08,0.0003289330343250185,2026092702,coupled_lag1
behavior.1,28,10,1.4901161193847656e-08,0.00015366154548246413,2026092702,coupled_lag1
behavior.2,28,10,1.4901161193847656e-08,0.00014184086467139423,2026092702,coupled_lag1
time.0,28,11,2.9802322387695312e-08,0.0006646809633821249,2026092702,coupled_lag1
time.1,28,11,1.4901161193847656e-08,0.00022901342890691012,2026092702,coupled_lag1
time.2,28,11,1.4901161193847656e-08,0.00041016630711965263,2026092702,coupled_lag1
behavior.0,28,11,1.4901161193847656e-08,0.000332478346535936,2026092702,coupled_lag1
behavior.1,28,11,1.4901161193847656e-08,0.00015866784087847918,2026092702,coupled_lag1
behavior.2,28,11,1.4901161193847656e-08,0.000156166308443062,2026092702,coupled_lag1
time.0,28,12,2.2351741790771484e-08,0.0007387494551949203,2026092702,coupled_lag1
time.1,28,12,1.4901161193847656e-08,0.00024002045392990112,2026092702,coupled_lag1
time.2,28,12,1.4901161193847656e-08,0.0004201718547847122,2026092702,coupled_lag1
behavior.0,28,12,1.4901161193847656e-08,0.00028747101896442473,2026092702,coupled_lag1
behavior.1,28,12,2.2351741790771484e-08,0.00013499526539817452,2026092702,coupled_lag1
behavior.2,28,12,1.1175870895385742e-08,0.00012760344543494284,2026092702,coupled_lag1
time.0,28,13,2.2351741790771484e-08,0.0006444273749366403,2026092702,coupled_lag1
time.1,28,13,1.4901161193847656e-08,0.00023523691925220191,2026092702,coupled_lag1
time.2,28,13,1.4901161193847656e-08,0.00043207488488405943,2026092702,coupled_lag1
behavior.0,28,13,1.4901161193847656e-08,0.00033643815550021827,2026092702,coupled_lag1
behavior.1,28,13,1.4901161193847656e-08,0.00017605761240702122,2026092702,coupled_lag1
behavior.2,28,13,1.4901161193847656e-08,0.00014833611203357577,2026092702,coupled_lag1
time.0,28,14,2.9802322387695312e-08,0.0006293737096711993,2026092702,coupled_lag1
time.1,28,14,1.4901161193847656e-08,0.0002222723123850301,2026092702,coupled_lag1
time.2,28,14,2.2351741790771484e-08,0.0003918348520528525,2026092702,coupled_lag1
behavior.0,28,14,1.4901161193847656e-08,0.0003139479085803032,2026092702,coupled_lag1
behavior.1,28,14,1.4901161193847656e-08,0.0001641152921365574,2026092702,coupled_lag1
behavior.2,28,14,1.4901161193847656e-08,0.00014729432587046176,2026092702,coupled_lag1
time.0,28,15,1.4901161193847656e-08,0.0006383995059877634,2026092702,coupled_lag1
time.1,28,15,1.4901161193847656e-08,0.00022701543639414012,2026092702,coupled_lag1
time.2,28,15,2.2351741790771484e-08,0.00041965238051488996,2026092702,coupled_lag1
behavior.0,28,15,1.4901161193847656e-08,0.0003212644369341433,2026092702,coupled_lag1
behavior.1,28,15,1.4901161193847656e-08,0.00017465172277297825,2026092702,coupled_lag1
behavior.2,28,15,1.4901161193847656e-08,0.00016385251365136355,2026092702,coupled_lag1
time.0,28,16,2.9802322387695312e-08,0.0007896461174823344,2026092702,coupled_lag1
time.1,28,16,1.4901161193847656e-08,0.0002695914008654654,2026092702,coupled_lag1
time.2,28,16,2.2351741790771484e-08,0.0005857252981513739,2026092702,coupled_lag1
behavior.0,28,16,1.4901161193847656e-08,0.0003102597256656736,2026092702,coupled_lag1
behavior.1,28,16,1.4901161193847656e-08,0.0001648288161959499,2026092702,coupled_lag1
behavior.2,28,16,1.1175870895385742e-08,0.000146365724503994,2026092702,coupled_lag1
time.0,28,17,1.4901161193847656e-08,0.0007622219854965806,2026092702,coupled_lag1
time.1,28,17,1.4901161193847656e-08,0.0002701588673517108,2026092702,coupled_lag1
time.2,28,17,2.9802322387695312e-08,0.0005630037048831582,2026092702,coupled_lag1
behavior.0,28,17,1.4901161193847656e-08,0.0002948244218714535,2026092702,coupled_lag1
behavior.1,28,17,1.4901161193847656e-08,0.00015955613343976438,2026092702,coupled_lag1
behavior.2,28,17,2.2351741790771484e-08,0.00013177421351429075,2026092702,coupled_lag1
time.0,28,18,2.9802322387695312e-08,0.0006928599905222654,2026092702,coupled_lag1
time.1,28,18,1.4901161193847656e-08,0.00024836655938997865,2026092702,coupled_lag1
time.2,28,18,2.9802322387695312e-08,0.0004933877498842776,2026092702,coupled_lag1
behavior.0,28,18,1.4901161193847656e-08,0.00030109891667962074,2026092702,coupled_lag1
behavior.1,28,18,2.2351741790771484e-08,0.00016139188664965332,2026092702,coupled_lag1
behavior.2,28,18,9.313225746154785e-09,0.0001295054389629513,2026092702,coupled_lag1
time.0,28,19,2.2351741790771484e-08,0.000718377239536494,2026092702,coupled_lag1
time.1,28,19,1.4901161193847656e-08,0.000260309869190678,2026092702,coupled_lag1
time.2,28,19,2.2351741790771484e-08,0.0005386261618696153,2026092702,coupled_lag1
behavior.0,28,19,2.2351741790771484e-08,0.00029714283300563693,2026092702,coupled_lag1
behavior.1,28,19,1.4901161193847656e-08,0.00016329910431522876,2026092702,coupled_lag1
behavior.2,28,19,1.1175870895385742e-08,0.00014633641694672406,2026092702,coupled_lag1
time.0,28,20,2.2351741790771484e-08,0.000684020051266998,2026092702,coupled_lag1
time.1,28,20,1.4901161193847656e-08,0.00023856459301896393,2026092702,coupled_lag1
time.2,28,20,1.4901161193847656e-08,0.0004214353975839913,2026092702,coupled_lag1
behavior.0,28,20,1.4901161193847656e-08,0.0002943475265055895,2026092702,coupled_lag1
behavior.1,28,20,1.4901161193847656e-08,0.000155288478708826,2026092702,coupled_lag1
behavior.2,28,20,1.4901161193847656e-08,0.00015195482410490513,2026092702,coupled_lag1
time.0,28,21,1.4901161193847656e-08,0.0006317825173027813,2026092702,coupled_lag1
time.1,28,21,1.4901161193847656e-08,0.00023545516887679696,2026092702,coupled_lag1
time.2,28,21,1.4901161193847656e-08,0.00045481990673579276,2026092702,coupled_lag1
behavior.0,28,21,1.4901161193847656e-08,0.00031282275449484587,2026092702,coupled_lag1
behavior.1,28,21,1.4901161193847656e-08,0.00016423777560703456,2026092702,coupled_lag1
behavior.2,28,21,7.450580596923828e-09,0.0001596210349816829,2026092702,coupled_lag1
time.0,28,22,2.9802322387695312e-08,0.0007423890638165176,2026092702,coupled_lag1
time.1,28,22,1.4901161193847656e-08,0.00025360131985507905,2026092702,coupled_lag1
time.2,28,22,2.9802322387695312e-08,0.0005336248432286084,2026092702,coupled_lag1
behavior.0,28,22,1.4901161193847656e-08,0.0002811145968735218,2026092702,coupled_lag1
behavior.1,28,22,2.2351741790771484e-08,0.00015443135634995997,2026092702,coupled_lag1
behavior.2,28,22,1.1175870895385742e-08,0.00013135754852555692,2026092702,coupled_lag1
time.0,28,23,2.2351741790771484e-08,0.0007370339590124786,2026092702,coupled_lag1
time.1,28,23,1.4901161193847656e-08,0.00026546750450506806,2026092702,coupled_lag1
time.2,28,23,2.2351741790771484e-08,0.000537631509359926,2026092702,coupled_lag1
behavior.0,28,23,1.4901161193847656e-08,0.000283540110103786,2026092702,coupled_lag1
behavior.1,28,23,2.2351741790771484e-08,0.00015266495756804943,2026092702,coupled_lag1
behavior.2,28,23,1.4901161193847656e-08,0.00013796848361380398,2026092702,coupled_lag1
time.0,28,24,2.2351741790771484e-08,0.0006541067268699408,2026092702,coupled_lag1
time.1,28,24,1.4901161193847656e-08,0.00022836356947664171,2026092702,coupled_lag1
time.2,28,24,2.2351741790771484e-08,0.00047780622844584286,2026092702,coupled_lag1
behavior.0,28,24,1.4901161193847656e-08,0.00028836840647272766,2026092702,coupled_lag1
behavior.1,28,24,1.4901161193847656e-08,0.00016343957395292819,2026092702,coupled_lag1
behavior.2,28,24,1.1175870895385742e-08,0.0001358540030196309,2026092702,coupled_lag1
time.0,28,25,2.2351741790771484e-08,0.0008572975057177246,2026092702,coupled_lag1
time.1,28,25,1.4901161193847656e-08,0.0003067006473429501,2026092702,coupled_lag1
time.2,28,25,2.9802322387695312e-08,0.0007568487781099975,2026092702,coupled_lag1
behavior.0,28,25,1.4901161193847656e-08,0.00030762702226638794,2026092702,coupled_lag1
behavior.1,28,25,1.4901161193847656e-08,0.00018103128240909427,2026092702,coupled_lag1
behavior.2,28,25,7.450580596923828e-09,0.0001707555347820744,2026092702,coupled_lag1
time.0,28,26,1.4901161193847656e-08,0.0007356510031968355,2026092702,coupled_lag1
time.1,28,26,1.4901161193847656e-08,0.00025991382426582277,2026092702,coupled_lag1
time.2,28,26,2.9802322387695312e-08,0.0006285081035457551,2026092702,coupled_lag1
behavior.0,28,26,2.2351741790771484e-08,0.0002931116323452443,2026092702,coupled_lag1
behavior.1,28,26,1.4901161193847656e-08,0.00015630149573553354,2026092702,coupled_lag1
behavior.2,28,26,1.1175870895385742e-08,0.0001283393066842109,2026092702,coupled_lag1
time.0,28,27,2.2351741790771484e-08,0.000739110226277262,2026092702,coupled_lag1
time.1,28,27,1.4901161193847656e-08,0.00026197900297120214,2026092702,coupled_lag1
time.2,28,27,1.4901161193847656e-08,0.0006417573895305395,2026092702,coupled_lag1
behavior.0,28,27,1.4901161193847656e-08,0.0003102928167209029,2026092702,coupled_lag1
behavior.1,28,27,1.4901161193847656e-08,0.00017277747974731028,2026092702,coupled_lag1
behavior.2,28,27,1.4901161193847656e-08,0.00017560810374561697,2026092702,coupled_lag1
time.0,28,28,2.2351741790771484e-08,0.0007610867032781243,2026092702,coupled_lag1
time.1,28,28,1.4901161193847656e-08,0.00026497719227336347,2026092702,coupled_lag1
time.2,28,28,2.9802322387695312e-08,0.0007094378233887255,2026092702,coupled_lag1
behavior.0,28,28,1.4901161193847656e-08,0.0003003522288054228,2026092702,coupled_lag1
behavior.1,28,28,2.2351741790771484e-08,0.0001651462516747415,2026092702,coupled_lag1
behavior.2,28,28,1.1175870895385742e-08,0.00016483770741615444,2026092702,coupled_lag1
time.0,28,29,2.2351741790771484e-08,0.0006578530301339924,2026092702,coupled_lag1
time.1,28,29,1.4901161193847656e-08,0.0002218593144789338,2026092702,coupled_lag1
time.2,28,29,1.4901161193847656e-08,0.0004966873093508184,2026092702,coupled_lag1
behavior.0,28,29,2.9802322387695312e-08,0.00029729196103289723,2026092702,coupled_lag1
behavior.1,28,29,2.2351741790771484e-08,0.0001711424411041662,2026092702,coupled_lag1
behavior.2,28,29,1.1175870895385742e-08,0.0001692447258392349,2026092702,coupled_lag1
time.0,28,30,2.9802322387695312e-08,0.0007108443533070385,2026092702,coupled_lag1
time.1,28,30,2.2351741790771484e-08,0.0002525582385715097,2026092702,coupled_lag1
time.2,28,30,2.9802322387695312e-08,0.0004966144915670156,2026092702,coupled_lag1
behavior.0,28,30,2.2351741790771484e-08,0.00029295796412043273,2026092702,coupled_lag1
behavior.1,28,30,1.4901161193847656e-08,0.00017098580428864807,2026092702,coupled_lag1
behavior.2,28,30,1.4901161193847656e-08,0.00015502417227253318,2026092702,coupled_lag1
time.0,28,31,2.9802322387695312e-08,0.0006110677495598793,2026092702,coupled_lag1
time.1,28,31,1.4901161193847656e-08,0.00022018601885065436,2026092702,coupled_lag1
time.2,28,31,2.9802322387695312e-08,0.0004652469069696963,2026092702,coupled_lag1
behavior.0,28,31,1.4901161193847656e-08,0.00031085911905393004,2026092702,coupled_lag1
behavior.1,28,31,1.4901161193847656e-08,0.00016766993212513626,2026092702,coupled_lag1
behavior.2,28,31,1.4901161193847656e-08,0.00019002780027221888,2026092702,coupled_lag1
time.0,28,32,1.4901161193847656e-08,0.0005759036866948009,2026092702,coupled_lag1
time.1,28,32,1.4901161193847656e-08,0.00020593292720150203,2026092702,coupled_lag1
time.2,28,32,2.2351741790771484e-08,0.000426781945861876,2026092702,coupled_lag1
behavior.0,28,32,1.4901161193847656e-08,0.0002990031207446009,2026092702,coupled_lag1
behavior.1,28,32,1.4901161193847656e-08,0.00016373541438952088,2026092702,coupled_lag1
behavior.2,28,32,1.1175870895385742e-08,0.00016163855616468936,2026092702,coupled_lag1
time.0,28,33,2.2351741790771484e-08,0.0006436716066673398,2026092702,coupled_lag1
time.1,28,33,1.4901161193847656e-08,0.0002112590882461518,2026092702,coupled_lag1
time.2,28,33,1.4901161193847656e-08,0.00043408648343756795,2026092702,coupled_lag1
behavior.0,28,33,1.862645149230957e-08,0.00029531391919590533,2026092702,coupled_lag1
behavior.1,28,33,1.4901161193847656e-08,0.0001795594725990668,2026092702,coupled_lag1
behavior.2,28,33,1.4901161193847656e-08,0.00017003413813654333,2026092702,coupled_lag1
time.0,28,34,2.9802322387695312e-08,0.0006867967895232141,2026092702,coupled_lag1
time.1,28,34,1.4901161193847656e-08,0.00023802441137377173,2026092702,coupled_lag1
time.2,28,34,2.9802322387695312e-08,0.0006083304760977626,2026092702,coupled_lag1
behavior.0,28,34,1.4901161193847656e-08,0.0003014904214069247,2026092702,coupled_lag1
behavior.1,28,34,1.4901161193847656e-08,0.00018064206233248115,2026092702,coupled_lag1
behavior.2,28,34,1.4901161193847656e-08,0.00021882366854697466,2026092702,coupled_lag1
time.0,28,35,1.4901161193847656e-08,0.0007563016843050718,2026092702,coupled_lag1
time.1,28,35,1.4901161193847656e-08,0.0002658712910488248,2026092702,coupled_lag1
time.2,28,35,2.2351741790771484e-08,0.0007094846805557609,2026092702,coupled_lag1
behavior.0,28,35,1.4901161193847656e-08,0.00028133607702329755,2026092702,coupled_lag1
behavior.1,28,35,1.4901161193847656e-08,0.00015837237879168242,2026092702,coupled_lag1
behavior.2,28,35,1.4901161193847656e-08,0.00014984174049459398,2026092702,coupled_lag1
time.0,28,36,1.4901161193847656e-08,0.0006628766423091292,2026092702,coupled_lag1
time.1,28,36,1.4901161193847656e-08,0.00023734536080155522,2026092702,coupled_lag1
time.2,28,36,1.4901161193847656e-08,0.0006357962265610695,2026092702,coupled_lag1
behavior.0,28,36,2.2351741790771484e-08,0.00028686001314781606,2026092702,coupled_lag1
behavior.1,28,36,1.4901161193847656e-08,0.0001723703753668815,2026092702,coupled_lag1
behavior.2,28,36,1.1175870895385742e-08,0.00015664134116377681,2026092702,coupled_lag1
time.0,28,37,2.9802322387695312e-08,0.0006990971742197871,2026092702,coupled_lag1
time.1,28,37,1.4901161193847656e-08,0.00024377676891162992,2026092702,coupled_lag1
time.2,28,37,2.2351741790771484e-08,0.0006549409008584917,2026092702,coupled_lag1
behavior.0,28,37,1.4901161193847656e-08,0.00028525752713903785,2026092702,coupled_lag1
behavior.1,28,37,2.2351741790771484e-08,0.00015967265062499791,2026092702,coupled_lag1
behavior.2,28,37,2.2351741790771484e-08,0.00014243826444726437,2026092702,coupled_lag1
time.0,28,38,2.9802322387695312e-08,0.000679396151099354,2026092702,coupled_lag1
time.1,28,38,2.2351741790771484e-08,0.00023036614584270865,2026092702,coupled_lag1
time.2,28,38,1.4901161193847656e-08,0.0005999812856316566,2026092702,coupled_lag1
behavior.0,28,38,2.2351741790771484e-08,0.0002819368673954159,2026092702,coupled_lag1
behavior.1,28,38,1.4901161193847656e-08,0.0001604038552613929,2026092702,coupled_lag1
behavior.2,28,38,1.4901161193847656e-08,0.00016131902521010488,2026092702,coupled_lag1
time.0,28,39,2.2351741790771484e-08,0.0007007797830738127,2026092702,coupled_lag1
time.1,28,39,2.2351741790771484e-08,0.00023586979659739882,2026092702,coupled_lag1
time.2,28,39,2.9802322387695312e-08,0.0006376779056154191,2026092702,coupled_lag1
behavior.0,28,39,1.4901161193847656e-08,0.0002868768060579896,2026092702,coupled_lag1
behavior.1,28,39,1.4901161193847656e-08,0.0001634767249925062,2026092702,coupled_lag1
behavior.2,28,39,1.4901161193847656e-08,0.0001478126214351505,2026092702,coupled_lag1
time.0,28,40,2.2351741790771484e-08,0.0007027217652648687,2026092702,coupled_lag1
time.1,28,40,1.4901161193847656e-08,0.000239506785874255,2026092702,coupled_lag1
time.2,28,40,1.4901161193847656e-08,0.0006419800920411944,2026092702,coupled_lag1
behavior.0,28,40,2.2351741790771484e-08,0.00031250022584572434,2026092702,coupled_lag1
behavior.1,28,40,1.4901161193847656e-08,0.00019992812303826213,2026092702,coupled_lag1
behavior.2,28,40,1.4901161193847656e-08,0.00018140191968996078,2026092702,coupled_lag1
time.0,28,41,2.9802322387695312e-08,0.0006226664409041405,2026092702,coupled_lag1
time.1,28,41,1.4901161193847656e-08,0.0002176665875595063,2026092702,coupled_lag1
time.2,28,41,1.4901161193847656e-08,0.0005449724849313498,2026092702,coupled_lag1
behavior.0,28,41,1.4901161193847656e-08,0.0002849288284778595,2026092702,coupled_lag1
behavior.1,28,41,1.1175870895385742e-08,0.00017679326992947608,2026092702,coupled_lag1
behavior.2,28,41,1.1175870895385742e-08,0.00015041950973682106,2026092702,coupled_lag1
time.0,28,42,2.9802322387695312e-08,0.0007417561137117445,2026092702,coupled_lag1
time.1,28,42,1.4901161193847656e-08,0.00025434105191379786,2026092702,coupled_lag1
time.2,28,42,2.9802322387695312e-08,0.0007207190501503646,2026092702,coupled_lag1
behavior.0,28,42,2.2351741790771484e-08,0.00029062837711535394,2026092702,coupled_lag1
behavior.1,28,42,1.4901161193847656e-08,0.0001764909247867763,2026092702,coupled_lag1
behavior.2,28,42,1.4901161193847656e-08,0.00019421936303842813,2026092702,coupled_lag1
time.0,28,43,2.2351741790771484e-08,0.000655973912216723,2026092702,coupled_lag1
time.1,28,43,1.1175870895385742e-08,0.00022737809922546148,2026092702,coupled_lag1
time.2,28,43,2.9802322387695312e-08,0.0006423479062505066,2026092702,coupled_lag1
behavior.0,28,43,1.4901161193847656e-08,0.0002919100224971771,2026092702,coupled_lag1
behavior.1,28,43,1.1175870895385742e-08,0.00017908924201037735,2026092702,coupled_lag1
behavior.2,28,43,1.4901161193847656e-08,0.00016228388994932175,2026092702,coupled_lag1
time.0,28,44,1.4901161193847656e-08,0.0006002227892167866,2026092702,coupled_lag1
time.1,28,44,1.4901161193847656e-08,0.00020023326214868575,2026092702,coupled_lag1
time.2,28,44,2.9802322387695312e-08,0.0004715814720839262,2026092702,coupled_lag1
behavior.0,28,44,1.4901161193847656e-08,0.0002928285102825612,2026092702,coupled_lag1
behavior.1,28,44,1.4901161193847656e-08,0.00016997818602249026,2026092702,coupled_lag1
behavior.2,28,44,1.1175870895385742e-08,0.00018731933960225433,2026092702,coupled_lag1
time.0,28,45,2.2351741790771484e-08,0.0006246276898309588,2026092702,coupled_lag1
time.1,28,45,1.4901161193847656e-08,0.00021377505618147552,2026092702,coupled_lag1
time.2,28,45,4.470348358154297e-08,0.0005206192727200687,2026092702,coupled_lag1
behavior.0,28,45,2.2351741790771484e-08,0.00027489481726661325,2026092702,coupled_lag1
behavior.1,28,45,1.4901161193847656e-08,0.00018097720749210566,2026092702,coupled_lag1
behavior.2,28,45,1.4901161193847656e-08,0.000133674155222252,2026092702,coupled_lag1
time.0,28,46,2.2351741790771484e-08,0.0007055909954942763,2026092702,coupled_lag1
time.1,28,46,1.4901161193847656e-08,0.00022878435265738517,2026092702,coupled_lag1
time.2,28,46,2.9802322387695312e-08,0.0006083038169890642,2026092702,coupled_lag1
behavior.0,28,46,1.4901161193847656e-08,0.0002985759638249874,2026092702,coupled_lag1
behavior.1,28,46,2.2351741790771484e-08,0.00017029409355018288,2026092702,coupled_lag1
behavior.2,28,46,1.4901161193847656e-08,0.00016595731722190976,2026092702,coupled_lag1
time.0,28,47,2.2351741790771484e-08,0.0006738833617419004,2026092702,coupled_lag1
time.1,28,47,1.4901161193847656e-08,0.00022249019821174443,2026092702,coupled_lag1
time.2,28,47,1.4901161193847656e-08,0.0005735680460929871,2026092702,coupled_lag1
behavior.0,28,47,2.2351741790771484e-08,0.0002844973932951689,2026092702,coupled_lag1
behavior.1,28,47,1.4901161193847656e-08,0.00018754444317892194,2026092702,coupled_lag1
behavior.2,28,47,1.4901161193847656e-08,0.00016305845929309726,2026092702,coupled_lag1
time.0,28,48,2.9802322387695312e-08,0.0007021770579740405,2026092702,coupled_lag1
time.1,28,48,2.2351741790771484e-08,0.00021734891925007105,2026092702,coupled_lag1
time.2,28,48,2.9802322387695312e-08,0.0006054531550034881,2026092702,coupled_lag1
behavior.0,28,48,1.4901161193847656e-08,0.00030354579212144017,2026092702,coupled_lag1
behavior.1,28,48,1.4901161193847656e-08,0.0001883380755316466,2026092702,coupled_lag1
behavior.2,28,48,1.4901161193847656e-08,0.00020668712386395782,2026092702,coupled_lag1
time.0,28,49,2.2351741790771484e-08,0.0007471598219126463,2026092702,coupled_lag1
time.1,28,49,1.4901161193847656e-08,0.00023880196386016905,2026092702,coupled_lag1
time.2,28,49,2.9802322387695312e-08,0.0006710574380122125,2026092702,coupled_lag1
behavior.0,28,49,1.4901161193847656e-08,0.000296885147690773,2026092702,coupled_lag1
behavior.1,28,49,1.4901161193847656e-08,0.00018100978923030198,2026092702,coupled_lag1
behavior.2,28,49,1.1175870895385742e-08,0.0001784231571946293,2026092702,coupled_lag1
time.0,28,50,2.2351741790771484e-08,0.0008042738190852106,2026092702,coupled_lag1
time.1,28,50,1.4901161193847656e-08,0.00025372556410729885,2026092702,coupled_lag1
time.2,28,50,2.9802322387695312e-08,0.0007937144837342203,2026092702,coupled_lag1
behavior.0,28,50,1.4901161193847656e-08,0.0002825533738359809,2026092702,coupled_lag1
behavior.1,28,50,1.4901161193847656e-08,0.00015048134082462639,2026092702,coupled_lag1
behavior.2,28,50,1.1175870895385742e-08,0.00017169109196402133,2026092702,coupled_lag1
time.0,28,51,2.9802322387695312e-08,0.0007230928749777377,2026092702,coupled_lag1
time.1,28,51,1.4901161193847656e-08,0.00023842537484597415,2026092702,coupled_lag1
time.2,28,51,2.9802322387695312e-08,0.0007122086826711893,2026092702,coupled_lag1
behavior.0,28,51,2.2351741790771484e-08,0.0002793298044707626,2026092702,coupled_lag1
behavior.1,28,51,1.4901161193847656e-08,0.0001545336563140154,2026092702,coupled_lag1
behavior.2,28,51,1.4901161193847656e-08,0.00019466069352347404,2026092702,coupled_lag1
time.0,28,52,1.4901161193847656e-08,0.0006606683018617332,2026092702,coupled_lag1
time.1,28,52,1.4901161193847656e-08,0.00022496996098197997,2026092702,coupled_lag1
time.2,28,52,1.4901161193847656e-08,0.00065693847136572,2026092702,coupled_lag1
behavior.0,28,52,1.4901161193847656e-08,0.0002838407235685736,2026092702,coupled_lag1
behavior.1,28,52,1.4901161193847656e-08,0.00017524318536743522,2026092702,coupled_lag1
behavior.2,28,52,1.1175870895385742e-08,0.00016754849639255553,2026092702,coupled_lag1
time.0,28,53,1.4901161193847656e-08,0.0007433402934111655,2026092702,coupled_lag1
time.1,28,53,1.4901161193847656e-08,0.0002450321626383811,2026092702,coupled_lag1
time.2,28,53,2.9802322387695312e-08,0.0007519483915530145,2026092702,coupled_lag1
behavior.0,28,53,1.4901161193847656e-08,0.00025962479412555695,2026092702,coupled_lag1
behavior.1,28,53,2.2351741790771484e-08,0.0001508655841462314,2026092702,coupled_lag1
behavior.2,28,53,1.4901161193847656e-08,0.00014608183118980378,2026092702,coupled_lag1
time.0,28,54,2.9802322387695312e-08,0.0006415999960154295,2026092702,coupled_lag1
time.1,28,54,1.4901161193847656e-08,0.0002130169013980776,2026092702,coupled_lag1
time.2,28,54,2.9802322387695312e-08,0.000611337716691196,2026092702,coupled_lag1
behavior.0,28,54,1.4901161193847656e-08,0.0002833411272149533,2026092702,coupled_lag1
behavior.1,28,54,1.4901161193847656e-08,0.0001617603120394051,2026092702,coupled_lag1
behavior.2,28,54,1.862645149230957e-08,0.0001674737868597731,2026092702,coupled_lag1
time.0,28,55,2.2351741790771484e-08,0.0007081593503244221,2026092702,coupled_lag1
time.1,28,55,1.4901161193847656e-08,0.00023837896878831089,2026092702,coupled_lag1
time.2,28,55,1.4901161193847656e-08,0.0007393009145744145,2026092702,coupled_lag1
behavior.0,28,55,1.4901161193847656e-08,0.0002687828382477164,2026092702,coupled_lag1
behavior.1,28,55,1.4901161193847656e-08,0.00015799472748767585,2026092702,coupled_lag1
behavior.2,28,55,1.4901161193847656e-08,0.00014941200788598508,2026092702,coupled_lag1
time.0,28,56,2.9802322387695312e-08,0.0007147411233745515,2026092702,coupled_lag1
time.1,28,56,1.4901161193847656e-08,0.00023145941668190062,2026092702,coupled_lag1
time.2,28,56,2.9802322387695312e-08,0.0006811057683080435,2026092702,coupled_lag1
behavior.0,28,56,2.2351741790771484e-08,0.0002777422487270087,2026092702,coupled_lag1
behavior.1,28,56,2.2351741790771484e-08,0.0001637582463445142,2026092702,coupled_lag1
behavior.2,28,56,1.1175870895385742e-08,0.00015559147868771106,2026092702,coupled_lag1
time.0,28,57,2.2351741790771484e-08,0.0006041560554876924,2026092702,coupled_lag1
time.1,28,57,1.4901161193847656e-08,0.00020328574464656413,2026092702,coupled_lag1
time.2,28,57,4.470348358154297e-08,0.0005458127125166357,2026092702,coupled_lag1
behavior.0,28,57,1.4901161193847656e-08,0.00027306308038532734,2026092702,coupled_lag1
behavior.1,28,57,1.4901161193847656e-08,0.00017141076386906207,2026092702,coupled_lag1
behavior.2,28,57,1.4901161193847656e-08,0.00017449044389650226,2026092702,coupled_lag1
time.0,28,58,1.4901161193847656e-08,0.0006477133720181882,2026092702,coupled_lag1
time.1,28,58,1.1175870895385742e-08,0.00020779497572220862,2026092702,coupled_lag1
time.2,28,58,2.9802322387695312e-08,0.0005895546055398881,2026092702,coupled_lag1
behavior.0,28,58,1.4901161193847656e-08,0.0002866850409191102,2026092702,coupled_lag1
behavior.1,28,58,7.450580596923828e-09,0.00016932359721977264,2026092702,coupled_lag1
behavior.2,28,58,1.1175870895385742e-08,0.00017604618915356696,2026092702,coupled_lag1
time.0,28,59,2.9802322387695312e-08,0.0006707364227622747,2026092702,coupled_lag1
time.1,28,59,1.4901161193847656e-08,0.00022023780911695212,2026092702,coupled_lag1
time.2,28,59,2.9802322387695312e-08,0.000591343967244029,2026092702,coupled_lag1
behavior.0,28,59,2.2351741790771484e-08,0.0002918277750723064,2026092702,coupled_lag1
behavior.1,28,59,2.2351741790771484e-08,0.00016885000513866544,2026092702,coupled_lag1
behavior.2,28,59,1.4901161193847656e-08,0.00019598453945945948,2026092702,coupled_lag1
time.0,28,60,2.2351741790771484e-08,0.0005953546497039497,2026092702,coupled_lag1
time.1,28,60,1.4901161193847656e-08,0.0002020381361944601,2026092702,coupled_lag1
time.2,28,60,2.2351741790771484e-08,0.0004886839305981994,2026092702,coupled_lag1
behavior.0,28,60,1.4901161193847656e-08,0.00027768220752477646,2026092702,coupled_lag1
behavior.1,28,60,1.4901161193847656e-08,0.00016615075583104044,2026092702,coupled_lag1
behavior.2,28,60,1.4901161193847656e-08,0.0001572881592437625,2026092702,coupled_lag1
time.0,28,61,2.9802322387695312e-08,0.0007906415266916156,2026092702,coupled_lag1
time.1,28,61,1.4901161193847656e-08,0.0002550423960201442,2026092702,coupled_lag1
time.2,28,61,2.9802322387695312e-08,0.0007469889824278653,2026092702,coupled_lag1
behavior.0,28,61,1.4901161193847656e-08,0.0002885613648686558,2026092702,coupled_lag1
behavior.1,28,61,1.4901161193847656e-08,0.0001630091283004731,2026092702,coupled_lag1
behavior.2,28,61,1.4901161193847656e-08,0.0002007817820413038,2026092702,coupled_lag1
time.0,28,62,1.4901161193847656e-08,0.0006295313942246139,2026092702,coupled_lag1
time.1,28,62,1.4901161193847656e-08,0.00019375172269064933,2026092702,coupled_lag1
time.2,28,62,1.4901161193847656e-08,0.0005406874697655439,2026092702,coupled_lag1
behavior.0,28,62,1.4901161193847656e-08,0.0002884776331484318,2026092702,coupled_lag1
behavior.1,28,62,1.4901161193847656e-08,0.00016997658531181514,2026092702,coupled_lag1
behavior.2,28,62,1.4901161193847656e-08,0.0001728870702208951,2026092702,coupled_lag1
time.0,28,63,4.470348358154297e-08,0.0006204528035596013,2026092702,coupled_lag1
time.1,28,63,1.4901161193847656e-08,0.00020468163711484522,2026092702,coupled_lag1
time.2,28,63,1.4901161193847656e-08,0.0005691059632226825,2026092702,coupled_lag1
behavior.0,28,63,1.4901161193847656e-08,0.00029155449010431767,2026092702,coupled_lag1
behavior.1,28,63,2.2351741790771484e-08,0.00017219586879946291,2026092702,coupled_lag1
behavior.2,28,63,1.1175870895385742e-08,0.0001768130314303562,2026092702,coupled_lag1
time.0,28,64,2.9802322387695312e-08,0.0007057414622977376,2026092702,coupled_lag1
time.1,28,64,1.4901161193847656e-08,0.00022750535572413355,2026092702,coupled_lag1
time.2,28,64,2.9802322387695312e-08,0.0006748106679879129,2026092702,coupled_lag1
behavior.0,28,64,1.4901161193847656e-08,0.0002996445691678673,2026092702,coupled_lag1
behavior.1,28,64,1.4901161193847656e-08,0.0001948989520315081,2026092702,coupled_lag1
behavior.2,28,64,1.4901161193847656e-08,0.0001895964815048501,2026092702,coupled_lag1
time.0,28,65,1.4901161193847656e-08,0.0006705968989990652,2026092702,coupled_lag1
time.1,28,65,2.2351741790771484e-08,0.00022242148406803608,2026092702,coupled_lag1
time.2,28,65,2.9802322387695312e-08,0.0006843989249318838,2026092702,coupled_lag1
behavior.0,28,65,1.4901161193847656e-08,0.00028131011640653014,2026092702,coupled_lag1
behavior.1,28,65,1.1175870895385742e-08,0.0001694450038485229,2026092702,coupled_lag1
behavior.2,28,65,1.1175870895385742e-08,0.00017370939895045012,2026092702,coupled_lag1
time.0,28,66,2.2351741790771484e-08,0.0006873187958262861,2026092702,coupled_lag1
time.1,28,66,1.4901161193847656e-08,0.00023353764845523983,2026092702,coupled_lag1
time.2,28,66,2.9802322387695312e-08,0.0007186823640950024,2026092702,coupled_lag1
behavior.0,28,66,1.4901161193847656e-08,0.00029008311685174704,2026092702,coupled_lag1
behavior.1,28,66,1.4901161193847656e-08,0.0001684063026914373,2026092702,coupled_lag1
behavior.2,28,66,1.1175870895385742e-08,0.00019497747416608036,2026092702,coupled_lag1
time.0,28,67,1.4901161193847656e-08,0.0006190668209455907,2026092702,coupled_lag1
time.1,28,67,2.2351741790771484e-08,0.00020447367569431663,2026092702,coupled_lag1
time.2,28,67,2.9802322387695312e-08,0.0005937739042565227,2026092702,coupled_lag1
behavior.0,28,67,1.4901161193847656e-08,0.0002759220660664141,2026092702,coupled_lag1
behavior.1,28,67,1.4901161193847656e-08,0.0001647582685109228,2026092702,coupled_lag1
behavior.2,28,67,1.4901161193847656e-08,0.0001715113321552053,2026092702,coupled_lag1
time.0,28,68,2.9802322387695312e-08,0.0007673085201531649,2026092702,coupled_lag1
time.1,28,68,1.1175870895385742e-08,0.0002493580395821482,2026092702,coupled_lag1
time.2,28,68,1.4901161193847656e-08,0.0006967370281927288,2026092702,coupled_lag1
behavior.0,28,68,1.862645149230957e-08,0.00029974832432344556,2026092702,coupled_lag1
behavior.1,28,68,1.4901161193847656e-08,0.00017043646948877722,2026092702,coupled_lag1
behavior.2,28,68,1.4901161193847656e-08,0.0002302104840055108,2026092702,coupled_lag1
time.0,28,69,2.9802322387695312e-08,0.0005430052406154573,2026092702,coupled_lag1
time.1,28,69,1.4901161193847656e-08,0.0001809647656045854,2026092702,coupled_lag1
time.2,28,69,2.2351741790771484e-08,0.0004620254330802709,2026092702,coupled_lag1
behavior.0,28,69,1.4901161193847656e-08,0.00027110398514196277,2026092702,coupled_lag1
behavior.1,28,69,1.4901161193847656e-08,0.0001636565721128136,2026092702,coupled_lag1
behavior.2,28,69,1.1175870895385742e-08,0.0001892829459393397,2026092702,coupled_lag1
time.0,28,70,2.2351741790771484e-08,0.0006760857650078833,2026092702,coupled_lag1
time.1,28,70,1.4901161193847656e-08,0.00022557417105417699,2026092702,coupled_lag1
time.2,28,70,2.9802322387695312e-08,0.0005997038679197431,2026092702,coupled_lag1
behavior.0,28,70,1.4901161193847656e-08,0.00027703994419425726,2026092702,coupled_lag1
behavior.1,28,70,2.2351741790771484e-08,0.00017123763973359019,2026092702,coupled_lag1
behavior.2,28,70,1.1175870895385742e-08,0.00017230729281436652,2026092702,coupled_lag1
time.0,28,71,2.9802322387695312e-08,0.0006228710990399122,2026092702,coupled_lag1
time.1,28,71,7.450580596923828e-09,0.00020611294894479215,2026092702,coupled_lag1
time.2,28,71,1.4901161193847656e-08,0.000532675941940397,2026092702,coupled_lag1
behavior.0,28,71,1.4901161193847656e-08,0.00029588790494017303,2026092702,coupled_lag1
behavior.1,28,71,1.4901161193847656e-08,0.00020465234410949051,2026092702,coupled_lag1
behavior.2,28,71,1.4901161193847656e-08,0.00022892348351888359,2026092702,coupled_lag1
time.0,28,72,2.9802322387695312e-08,0.0007238687830977142,2026092702,coupled_lag1
time.1,28,72,1.4901161193847656e-08,0.00025059518520720303,2026092702,coupled_lag1
time.2,28,72,2.9802322387695312e-08,0.0007147129508666694,2026092702,coupled_lag1
behavior.0,28,72,1.4901161193847656e-08,0.00027743796817958355,2026092702,coupled_lag1
behavior.1,28,72,1.4901161193847656e-08,0.00017894133634399623,2026092702,coupled_lag1
behavior.2,28,72,1.1175870895385742e-08,0.00017113107605837286,2026092702,coupled_lag1
time.0,28,73,1.4901161193847656e-08,0.0007318558054976165,2026092702,coupled_lag1
time.1,28,73,1.1175870895385742e-08,0.0002476646623108536,2026092702,coupled_lag1
time.2,28,73,2.9802322387695312e-08,0.0007773030083626509,2026092702,coupled_lag1
behavior.0,28,73,1.4901161193847656e-08,0.00029624486342072487,2026092702,coupled_lag1
behavior.1,28,73,1.4901161193847656e-08,0.0001758732250891626,2026092702,coupled_lag1
behavior.2,28,73,1.1175870895385742e-08,0.00016137234342750162,2026092702,coupled_lag1
time.0,28,74,2.9802322387695312e-08,0.0006988378590904176,2026092702,coupled_lag1
time.1,28,74,2.2351741790771484e-08,0.00023818488989491016,2026092702,coupled_lag1
time.2,28,74,2.9802322387695312e-08,0.0006924828048795462,2026092702,coupled_lag1
behavior.0,28,74,1.4901161193847656e-08,0.000295903068035841,2026092702,coupled_lag1
behavior.1,28,74,1.4901161193847656e-08,0.00019500179041642696,2026092702,coupled_lag1
behavior.2,28,74,1.4901161193847656e-08,0.00019589932344388217,2026092702,coupled_lag1
time.0,28,75,2.2351741790771484e-08,0.0006210197461768985,2026092702,coupled_lag1
time.1,28,75,1.1175870895385742e-08,0.0002182783791795373,2026092702,coupled_lag1
time.2,28,75,2.9802322387695312e-08,0.0006223938544280827,2026092702,coupled_lag1
behavior.0,28,75,2.2351741790771484e-08,0.00030115872505120933,2026092702,coupled_lag1
behavior.1,28,75,1.4901161193847656e-08,0.00018695186008699238,2026092702,coupled_lag1
behavior.2,28,75,1.4901161193847656e-08,0.00020985971787013113,2026092702,coupled_lag1
time.0,28,76,2.9802322387695312e-08,0.0006596602033823729,2026092702,coupled_lag1
time.1,28,76,1.4901161193847656e-08,0.00023329259420279413,2026092702,coupled_lag1
time.2,28,76,5.960464477539063e-08,0.0006771251792088151,2026092702,coupled_lag1
behavior.0,28,76,1.4901161193847656e-08,0.0002933336654677987,2026092702,coupled_lag1
behavior.1,28,76,1.4901161193847656e-08,0.00019710577907972038,2026092702,coupled_lag1
behavior.2,28,76,1.4901161193847656e-08,0.00019817592692561448,2026092702,coupled_lag1
time.0,28,77,1.4901161193847656e-08,0.0006471675587818027,2026092702,coupled_lag1
time.1,28,77,1.1175870895385742e-08,0.00020785639935638756,2026092702,coupled_lag1
time.2,28,77,1.4901161193847656e-08,0.0005967080360278487,2026092702,coupled_lag1
behavior.0,28,77,1.4901161193847656e-08,0.0002936263335868716,2026092702,coupled_lag1
behavior.1,28,77,1.4901161193847656e-08,0.00017631723312661052,2026092702,coupled_lag1
behavior.2,28,77,1.1175870895385742e-08,0.0002256769366795197,2026092702,coupled_lag1
time.0,28,78,2.2351741790771484e-08,0.0007742677698843181,2026092702,coupled_lag1
time.1,28,78,2.2351741790771484e-08,0.0002436166105326265,2026092702,coupled_lag1
time.2,28,78,4.470348358154297e-08,0.0008137986296787858,2026092702,coupled_lag1
behavior.0,28,78,2.2351741790771484e-08,0.00028328245389275253,2026092702,coupled_lag1
behavior.1,28,78,2.2351741790771484e-08,0.00016071142454165965,2026092702,coupled_lag1
behavior.2,28,78,1.4901161193847656e-08,0.0002033888886217028,2026092702,coupled_lag1
time.0,28,79,1.4901161193847656e-08,0.0006248389254324138,2026092702,coupled_lag1
time.1,28,79,1.4901161193847656e-08,0.00020959647372364998,2026092702,coupled_lag1
time.2,28,79,2.2351741790771484e-08,0.0005827710265293717,2026092702,coupled_lag1
behavior.0,28,79,1.4901161193847656e-08,0.0002775108441710472,2026092702,coupled_lag1
behavior.1,28,79,7.450580596923828e-09,0.00017875470803119242,2026092702,coupled_lag1
behavior.2,28,79,7.450580596923828e-09,0.0002053314383374527,2026092702,coupled_lag1
time.0,28,80,2.2351741790771484e-08,0.0007359922747127712,2026092702,coupled_lag1
time.1,28,80,1.4901161193847656e-08,0.00025531701976433396,2026092702,coupled_lag1
time.2,28,80,2.9802322387695312e-08,0.0009154086001217365,2026092702,coupled_lag1
behavior.0,28,80,1.4901161193847656e-08,0.00028029957320541143,2026092702,coupled_lag1
behavior.1,28,80,1.4901161193847656e-08,0.00019808071374427527,2026092702,coupled_lag1
behavior.2,28,80,1.1175870895385742e-08,0.00018401026318315417,2026092702,coupled_lag1
time.0,28,81,2.2351741790771484e-08,0.0007470347336493433,2026092702,coupled_lag1
time.1,28,81,1.4901161193847656e-08,0.0002443794801365584,2026092702,coupled_lag1
time.2,28,81,2.9802322387695312e-08,0.0008050357573665679,2026092702,coupled_lag1
behavior.0,28,81,1.4901161193847656e-08,0.00028000384918414056,2026092702,coupled_lag1
behavior.1,28,81,1.4901161193847656e-08,0.0001842958590714261,2026092702,coupled_lag1
behavior.2,28,81,1.4901161193847656e-08,0.00017601513536646962,2026092702,coupled_lag1
time.0,28,82,2.2351741790771484e-08,0.000735615729354322,2026092702,coupled_lag1
time.1,28,82,1.4901161193847656e-08,0.0002501372655387968,2026092702,coupled_lag1
time.2,28,82,2.9802322387695312e-08,0.0008078426471911371,2026092702,coupled_lag1
behavior.0,28,82,2.2351741790771484e-08,0.0002757734328042716,2026092702,coupled_lag1
behavior.1,28,82,1.4901161193847656e-08,0.0001739543949952349,2026092702,coupled_lag1
behavior.2,28,82,1.4901161193847656e-08,0.0001587521837791428,2026092702,coupled_lag1
time.0,28,83,2.9802322387695312e-08,0.0006790732149966061,2026092702,coupled_lag1
time.1,28,83,1.1175870895385742e-08,0.0002228693920187652,2026092702,coupled_lag1
time.2,28,83,2.9802322387695312e-08,0.0008149686036631465,2026092702,coupled_lag1
behavior.0,28,83,1.4901161193847656e-08,0.0002835711929947138,2026092702,coupled_lag1
behavior.1,28,83,1.4901161193847656e-08,0.0001844386279117316,2026092702,coupled_lag1
behavior.2,28,83,1.4901161193847656e-08,0.0002146310143871233,2026092702,coupled_lag1
time.0,28,84,1.4901161193847656e-08,0.0006574119906872511,2026092702,coupled_lag1
time.1,28,84,1.4901161193847656e-08,0.00020237844728399068,2026092702,coupled_lag1
time.2,28,84,1.4901161193847656e-08,0.0006095709977671504,2026092702,coupled_lag1
behavior.0,28,84,1.4901161193847656e-08,0.00028732919599860907,2026092702,coupled_lag1
behavior.1,28,84,1.4901161193847656e-08,0.00018554348207544535,2026092702,coupled_lag1
behavior.2,28,84,1.4901161193847656e-08,0.00022939828340895474,2026092702,coupled_lag1
time.0,28,85,2.9802322387695312e-08,0.0007636247901245952,2026092702,coupled_lag1
time.1,28,85,1.4901161193847656e-08,0.00026167932082898915,2026092702,coupled_lag1
time.2,28,85,2.9802322387695312e-08,0.0009179693297483027,2026092702,coupled_lag1
behavior.0,28,85,1.4901161193847656e-08,0.000285519752651453,2026092702,coupled_lag1
behavior.1,28,85,2.2351741790771484e-08,0.0001783340412657708,2026092702,coupled_lag1
behavior.2,28,85,1.1175870895385742e-08,0.00018433509103488177,2026092702,coupled_lag1
time.0,28,86,2.9802322387695312e-08,0.0008043436682783067,2026092702,coupled_lag1
time.1,28,86,1.4901161193847656e-08,0.00026485478156246245,2026092702,coupled_lag1
time.2,28,86,4.470348358154297e-08,0.0008808148559182882,2026092702,coupled_lag1
behavior.0,28,86,1.4901161193847656e-08,0.0002708662941586226,2026092702,coupled_lag1
behavior.1,28,86,1.4901161193847656e-08,0.0001762295578373596,2026092702,coupled_lag1
behavior.2,28,86,1.4901161193847656e-08,0.00017048110021278262,2026092702,coupled_lag1
time.0,28,87,1.4901161193847656e-08,0.0007285314495675266,2026092702,coupled_lag1
time.1,28,87,1.4901161193847656e-08,0.00024111084348987788,2026092702,coupled_lag1
time.2,28,87,2.9802322387695312e-08,0.0008431110181845725,2026092702,coupled_lag1
behavior.0,28,87,1.4901161193847656e-08,0.000272698380285874,2026092702,coupled_lag1
behavior.1,28,87,2.2351741790771484e-08,0.00018051498045679182,2026092702,coupled_lag1
behavior.2,28,87,1.1175870895385742e-08,0.00016147670976351947,2026092702,coupled_lag1
time.0,28,88,1.4901161193847656e-08,0.0007844443898648024,2026092702,coupled_lag1
time.1,28,88,1.4901161193847656e-08,0.0002509953046683222,2026092702,coupled_lag1
time.2,28,88,2.9802322387695312e-08,0.0008917109225876629,2026092702,coupled_lag1
behavior.0,28,88,2.2351741790771484e-08,0.00028571486473083496,2026092702,coupled_lag1
behavior.1,28,88,1.1175870895385742e-08,0.00017037682118825614,2026092702,coupled_lag1
behavior.2,28,88,1.4901161193847656e-08,0.00017998357361648232,2026092702,coupled_lag1
time.0,28,89,2.2351741790771484e-08,0.0006671849987469614,2026092702,coupled_lag1
time.1,28,89,1.4901161193847656e-08,0.0002196312852902338,2026092702,coupled_lag1
time.2,28,89,2.9802322387695312e-08,0.0006859719287604094,2026092702,coupled_lag1
behavior.0,28,89,1.4901161193847656e-08,0.00029589724726974964,2026092702,coupled_lag1
behavior.1,28,89,1.4901161193847656e-08,0.00019350092043168843,2026092702,coupled_lag1
behavior.2,28,89,1.4901161193847656e-08,0.0002460554242134094,2026092702,coupled_lag1
time.0,28,90,2.2351741790771484e-08,0.0006652204901911318,2026092702,coupled_lag1
time.1,28,90,1.4901161193847656e-08,0.0002227374934591353,2026092702,coupled_lag1
time.2,28,90,4.470348358154297e-08,0.0007303436868824065,2026092702,coupled_lag1
behavior.0,28,90,1.4901161193847656e-08,0.00028569751884788275,2026092702,coupled_lag1
behavior.1,28,90,2.2351741790771484e-08,0.00018786713189911097,2026092702,coupled_lag1
behavior.2,28,90,1.4901161193847656e-08,0.00021603591449093074,2026092702,coupled_lag1
time.0,28,91,1.4901161193847656e-08,0.000606018933467567,2026092702,coupled_lag1
time.1,28,91,1.4901161193847656e-08,0.00020015826157759875,2026092702,coupled_lag1
time.2,28,91,2.9802322387695312e-08,0.0005743711371906102,2026092702,coupled_lag1
behavior.0,28,91,1.4901161193847656e-08,0.0002872890036087483,2026092702,coupled_lag1
behavior.1,28,91,1.4901161193847656e-08,0.00019754869572352618,2026092702,coupled_lag1
behavior.2,28,91,1.4901161193847656e-08,0.00022363706375472248,2026092702,coupled_lag1
time.0,28,92,2.9802322387695312e-08,0.0006870985380373895,2026092702,coupled_lag1
time.1,28,92,2.2351741790771484e-08,0.00023538150708191097,2026092702,coupled_lag1
time.2,28,92,2.9802322387695312e-08,0.0007286797044798732,2026092702,coupled_lag1
behavior.0,28,92,1.862645149230957e-08,0.00029397691832855344,2026092702,coupled_lag1
behavior.1,28,92,1.4901161193847656e-08,0.0001823344937292859,2026092702,coupled_lag1
behavior.2,28,92,1.4901161193847656e-08,0.0002447366714477539,2026092702,coupled_lag1
time.0,28,93,2.9802322387695312e-08,0.0005918748793192208,2026092702,coupled_lag1
time.1,28,93,1.4901161193847656e-08,0.0001979951630346477,2026092702,coupled_lag1
time.2,28,93,1.4901161193847656e-08,0.0005998850101605058,2026092702,coupled_lag1
behavior.0,28,93,2.2351741790771484e-08,0.00029705636552535,2026092702,coupled_lag1
behavior.1,28,93,1.4901161193847656e-08,0.00018775445641949773,2026092702,coupled_lag1
behavior.2,28,93,2.2351741790771484e-08,0.00021031270443927497,2026092702,coupled_lag1
time.0,28,94,1.4901161193847656e-08,0.0006448642816394567,2026092702,coupled_lag1
time.1,28,94,1.1175870895385742e-08,0.0002110063360305503,2026092702,coupled_lag1
time.2,28,94,2.9802322387695312e-08,0.0006728449370712042,2026092702,coupled_lag1
behavior.0,28,94,1.862645149230957e-08,0.00026958060334436595,2026092702,coupled_lag1
behavior.1,28,94,1.4901161193847656e-08,0.000187073543202132,2026092702,coupled_lag1
behavior.2,28,94,1.4901161193847656e-08,0.00017879002552945167,2026092702,coupled_lag1
time.0,28,95,2.2351741790771484e-08,0.0006557178567163646,2026092702,coupled_lag1
time.1,28,95,1.4901161193847656e-08,0.00020900990057270974,2026092702,coupled_lag1
time.2,28,95,2.2351741790771484e-08,0.0007007826352491975,2026092702,coupled_lag1
behavior.0,28,95,2.2351741790771484e-08,0.0002778697817120701,2026092702,coupled_lag1
behavior.1,28,95,1.4901161193847656e-08,0.00016543276433367282,2026092702,coupled_lag1
behavior.2,28,95,1.4901161193847656e-08,0.00019163991964887828,2026092702,coupled_lag1
time.0,28,96,1.4901161193847656e-08,0.0006649431888945401,2026092702,coupled_lag1
time.1,28,96,1.4901161193847656e-08,0.00020956012303940952,2026092702,coupled_lag1
time.2,28,96,2.9802322387695312e-08,0.0006166381062939763,2026092702,coupled_lag1
behavior.0,28,96,1.4901161193847656e-08,0.00028431203099898994,2026092702,coupled_lag1
behavior.1,28,96,1.1175870895385742e-08,0.00018677675689104944,2026092702,coupled_lag1
behavior.2,28,96,1.4901161193847656e-08,0.00022332646767608821,2026092702,coupled_lag1
time.0,28,97,2.2351741790771484e-08,0.0007587168947793543,2026092702,coupled_lag1
time.1,28,97,1.4901161193847656e-08,0.0002507648605387658,2026092702,coupled_lag1
time.2,28,97,2.9802322387695312e-08,0.0007698611589148641,2026092702,coupled_lag1
behavior.0,28,97,2.2351741790771484e-08,0.0002787617559079081,2026092702,coupled_lag1
behavior.1,28,97,1.4901161193847656e-08,0.00017670665693003684,2026092702,coupled_lag1
behavior.2,28,97,1.4901161193847656e-08,0.00020640807633753866,2026092702,coupled_lag1
time.0,28,98,2.9802322387695312e-08,0.0006621454376727343,2026092702,coupled_lag1
time.1,28,98,1.4901161193847656e-08,0.00022127886768430471,2026092702,coupled_lag1
time.2,28,98,5.960464477539063e-08,0.0006868435884825885,2026092702,coupled_lag1
behavior.0,28,98,1.4901161193847656e-08,0.00028400603332556784,2026092702,coupled_lag1
behavior.1,28,98,1.4901161193847656e-08,0.00017219346773345023,2026092702,coupled_lag1
behavior.2,28,98,1.4901161193847656e-08,0.00018132511468138546,2026092702,coupled_lag1
time.0,28,99,1.4901161193847656e-08,0.000617199286352843,2026092702,coupled_lag1
time.1,28,99,1.1175870895385742e-08,0.00020630455401260406,2026092702,coupled_lag1
time.2,28,99,1.4901161193847656e-08,0.0006716345087625086,2026092702,coupled_lag1
behavior.0,28,99,1.4901161193847656e-08,0.00028656350332312286,2026092702,coupled_lag1
behavior.1,28,99,1.4901161193847656e-08,0.00018036396068055183,2026092702,coupled_lag1
behavior.2,28,99,1.1175870895385742e-08,0.00019983532547485083,2026092702,coupled_lag1
time.0,28,100,2.2351741790771484e-08,0.0007610518368892372,2026092702,coupled_lag1
time.1,28,100,1.4901161193847656e-08,0.0002379654615651816,2026092702,coupled_lag1
time.2,28,100,2.9802322387695312e-08,0.000825323339086026,2026092702,coupled_lag1
behavior.0,28,100,1.4901161193847656e-08,0.00027440860867500305,2026092702,coupled_lag1
behavior.1,28,100,2.2351741790771484e-08,0.00016988132847473025,2026092702,coupled_lag1
behavior.2,28,100,1.4901161193847656e-08,0.00020312625565566123,2026092702,coupled_lag1
time.0,28,101,2.9802322387695312e-08,0.0006817972171120346,2026092702,coupled_lag1
time.1,28,101,1.4901161193847656e-08,0.00022325936879497021,2026092702,coupled_lag1
time.2,28,101,2.9802322387695312e-08,0.0007092768209986389,2026092702,coupled_lag1
behavior.0,28,101,1.4901161193847656e-08,0.00026119971880689263,2026092702,coupled_lag1
behavior.1,28,101,1.4901161193847656e-08,0.00018115344573743641,2026092702,coupled_lag1
behavior.2,28,101,1.4901161193847656e-08,0.00015039686695672572,2026092702,coupled_lag1
time.0,28,102,2.9802322387695312e-08,0.0006014735554344952,2026092702,coupled_lag1
time.1,28,102,1.4901161193847656e-08,0.00020153206423856318,2026092702,coupled_lag1
time.2,28,102,2.9802322387695312e-08,0.000603682768996805,2026092702,coupled_lag1
behavior.0,28,102,1.4901161193847656e-08,0.0002806538832373917,2026092702,coupled_lag1
behavior.1,28,102,1.4901161193847656e-08,0.00019206728029530495,2026092702,coupled_lag1
behavior.2,28,102,1.4901161193847656e-08,0.00018919057038147002,2026092702,coupled_lag1
time.0,28,103,2.2351741790771484e-08,0.0007252593641169369,2026092702,coupled_lag1
time.1,28,103,1.4901161193847656e-08,0.0002310895943082869,2026092702,coupled_lag1
time.2,28,103,2.9802322387695312e-08,0.0006910628289915621,2026092702,coupled_lag1
behavior.0,28,103,1.4901161193847656e-08,0.00028012096299789846,2026092702,coupled_lag1
behavior.1,28,103,1.4901161193847656e-08,0.00018372478371020406,2026092702,coupled_lag1
behavior.2,28,103,2.2351741790771484e-08,0.00016464473446831107,2026092702,coupled_lag1
time.0,28,104,2.2351741790771484e-08,0.0006629963172599673,2026092702,coupled_lag1
time.1,28,104,1.1175870895385742e-08,0.00022372185776475817,2026092702,coupled_lag1
time.2,28,104,2.9802322387695312e-08,0.0007406952208839357,2026092702,coupled_lag1
behavior.0,28,104,1.4901161193847656e-08,0.00028293757350184023,2026092702,coupled_lag1
behavior.1,28,104,1.4901161193847656e-08,0.00017891488096211106,2026092702,coupled_lag1
behavior.2,28,104,1.1175870895385742e-08,0.00018145301146432757,2026092702,coupled_lag1
time.0,28,105,2.9802322387695312e-08,0.000553501711692661,2026092702,coupled_lag1
time.1,28,105,1.4901161193847656e-08,0.00017909386951941997,2026092702,coupled_lag1
time.2,28,105,1.4901161193847656e-08,0.0005345586105249822,2026092702,coupled_lag1
behavior.0,28,105,1.4901161193847656e-08,0.00026066519785672426,2026092702,coupled_lag1
behavior.1,28,105,1.4901161193847656e-08,0.0001761734893079847,2026092702,coupled_lag1
behavior.2,28,105,1.4901161193847656e-08,0.0002054588112514466,2026092702,coupled_lag1
time.0,28,106,2.2351741790771484e-08,0.0006546435761265457,2026092702,coupled_lag1
time.1,28,106,1.4901161193847656e-08,0.00021647851099260151,2026092702,coupled_lag1
time.2,28,106,2.2351741790771484e-08,0.000685676175635308,2026092702,coupled_lag1
behavior.0,28,106,2.2351741790771484e-08,0.00027489272179082036,2026092702,coupled_lag1
behavior.1,28,106,1.4901161193847656e-08,0.0001729816576698795,2026092702,coupled_lag1
behavior.2,28,106,1.4901161193847656e-08,0.00020665134070441127,2026092702,coupled_lag1
time.0,28,107,1.4901161193847656e-08,0.000720157811883837,2026092702,coupled_lag1
time.1,28,107,1.4901161193847656e-08,0.00023579911794513464,2026092702,coupled_lag1
time.2,28,107,2.9802322387695312e-08,0.0007807196234352887,2026092702,coupled_lag1
behavior.0,28,107,1.4901161193847656e-08,0.0002804413961712271,2026092702,coupled_lag1
behavior.1,28,107,2.2351741790771484e-08,0.00017726091027725488,2026092702,coupled_lag1
behavior.2,28,107,1.4901161193847656e-08,0.00020132680947426707,2026092702,coupled_lag1
time.0,28,108,2.2351741790771484e-08,0.0006072506657801569,2026092702,coupled_lag1
time.1,28,108,1.1175870895385742e-08,0.00019106299441773444,2026092702,coupled_lag1
time.2,28,108,1.4901161193847656e-08,0.0005698848981410265,2026092702,coupled_lag1
behavior.0,28,108,1.4901161193847656e-08,0.00026734243147075176,2026092702,coupled_lag1
behavior.1,28,108,1.4901161193847656e-08,0.00016774261894170195,2026092702,coupled_lag1
behavior.2,28,108,2.9802322387695312e-08,0.00019009674724657089,2026092702,coupled_lag1
time.0,28,109,2.2351741790771484e-08,0.0006477974820882082,2026092702,coupled_lag1
time.1,28,109,1.4901161193847656e-08,0.000197870351257734,2026092702,coupled_lag1
time.2,28,109,1.4901161193847656e-08,0.0006352431373670697,2026092702,coupled_lag1
behavior.0,28,109,1.4901161193847656e-08,0.0002899831160902977,2026092702,coupled_lag1
behavior.1,28,109,1.4901161193847656e-08,0.00018038861162494868,2026092702,coupled_lag1
behavior.2,28,109,1.4901161193847656e-08,0.00017430596926715225,2026092702,coupled_lag1
time.0,28,110,2.9802322387695312e-08,0.0007681056740693748,2026092702,coupled_lag1
time.1,28,110,1.1175870895385742e-08,0.0002483505813870579,2026092702,coupled_lag1
time.2,28,110,4.470348358154297e-08,0.0008500512922182679,2026092702,coupled_lag1
behavior.0,28,110,1.4901161193847656e-08,0.0002766236138995737,2026092702,coupled_lag1
behavior.1,28,110,1.4901161193847656e-08,0.00017256727733183652,2026092702,coupled_lag1
behavior.2,28,110,1.4901161193847656e-08,0.00022638976224698126,2026092702,coupled_lag1
time.0,28,111,2.2351741790771484e-08,0.0006427030311897397,2026092702,coupled_lag1
time.1,28,111,1.4901161193847656e-08,0.00020900429808534682,2026092702,coupled_lag1
time.2,28,111,2.9802322387695312e-08,0.0006833456573076546,2026092702,coupled_lag1
behavior.0,28,111,1.4901161193847656e-08,0.0002778007183223963,2026092702,coupled_lag1
behavior.1,28,111,1.4901161193847656e-08,0.00019395738490857184,2026092702,coupled_lag1
behavior.2,28,111,2.9802322387695312e-08,0.0002490890910848975,2026092702,coupled_lag1
time.0,28,112,2.9802322387695312e-08,0.0005873233894817531,2026092702,coupled_lag1
time.1,28,112,1.1175870895385742e-08,0.00019099183555226773,2026092702,coupled_lag1
time.2,28,112,2.9802322387695312e-08,0.000606246292591095,2026092702,coupled_lag1
behavior.0,28,112,1.4901161193847656e-08,0.00028702436247840524,2026092702,coupled_lag1
behavior.1,28,112,1.4901161193847656e-08,0.0001887612306745723,2026092702,coupled_lag1
behavior.2,28,112,1.4901161193847656e-08,0.00020514862262643874,2026092702,coupled_lag1
time.0,28,113,2.9802322387695312e-08,0.0006967957597225904,2026092702,coupled_lag1
time.1,28,113,1.4901161193847656e-08,0.00023334969591815025,2026092702,coupled_lag1
time.2,28,113,2.9802322387695312e-08,0.000807020056527108,2026092702,coupled_lag1
behavior.0,28,113,1.4901161193847656e-08,0.0002868336741812527,2026092702,coupled_lag1
behavior.1,28,113,1.4901161193847656e-08,0.00018305385310668498,2026092702,coupled_lag1
behavior.2,28,113,2.2351741790771484e-08,0.0002006163413170725,2026092702,coupled_lag1
time.0,28,114,1.4901161193847656e-08,0.0007139533990994096,2026092702,coupled_lag1
time.1,28,114,1.4901161193847656e-08,0.0002374084433540702,2026092702,coupled_lag1
time.2,28,114,2.9802322387695312e-08,0.0007801445899531245,2026092702,coupled_lag1
behavior.0,28,114,1.4901161193847656e-08,0.00025880555040203035,2026092702,coupled_lag1
behavior.1,28,114,1.4901161193847656e-08,0.00017656999989412725,2026092702,coupled_lag1
behavior.2,28,114,1.4901161193847656e-08,0.0001576374634169042,2026092702,coupled_lag1
time.0,28,115,2.2351741790771484e-08,0.0006668000714853406,2026092702,coupled_lag1
time.1,28,115,1.4901161193847656e-08,0.00022126355906948447,2026092702,coupled_lag1
time.2,28,115,2.9802322387695312e-08,0.0007376230787485838,2026092702,coupled_lag1
behavior.0,28,115,1.4901161193847656e-08,0.0002774005988612771,2026092702,coupled_lag1
behavior.1,28,115,1.4901161193847656e-08,0.00018938475113827735,2026092702,coupled_lag1
behavior.2,28,115,1.4901161193847656e-08,0.00022954454470891505,2026092702,coupled_lag1
time.0,28,116,2.9802322387695312e-08,0.0006368941394612193,2026092702,coupled_lag1
time.1,28,116,1.4901161193847656e-08,0.0002094098599627614,2026092702,coupled_lag1
time.2,28,116,2.9802322387695312e-08,0.0007187524461187422,2026092702,coupled_lag1
behavior.0,28,116,1.4901161193847656e-08,0.0002783623931463808,2026092702,coupled_lag1
behavior.1,28,116,1.4901161193847656e-08,0.00018655929306987673,2026092702,coupled_lag1
behavior.2,28,116,1.1175870895385742e-08,0.00018793331400956959,2026092702,coupled_lag1
time.0,28,117,2.9802322387695312e-08,0.0006839067791588604,2026092702,coupled_lag1
time.1,28,117,1.4901161193847656e-08,0.0002230825339211151,2026092702,coupled_lag1
time.2,28,117,2.9802322387695312e-08,0.0008253962150774896,2026092702,coupled_lag1
behavior.0,28,117,1.4901161193847656e-08,0.000282655208138749,2026092702,coupled_lag1
behavior.1,28,117,2.2351741790771484e-08,0.00018192223797086626,2026092702,coupled_lag1
behavior.2,28,117,1.4901161193847656e-08,0.00019644857093226165,2026092702,coupled_lag1
time.0,28,118,2.2351741790771484e-08,0.0006564398645423353,2026092702,coupled_lag1
time.1,28,118,1.1175870895385742e-08,0.00021862579160369933,2026092702,coupled_lag1
time.2,28,118,2.9802322387695312e-08,0.000750502513255924,2026092702,coupled_lag1
behavior.0,28,118,2.2351741790771484e-08,0.0002671651600394398,2026092702,coupled_lag1
behavior.1,28,118,1.4901161193847656e-08,0.0001720195432426408,2026092702,coupled_lag1
behavior.2,28,118,2.2351741790771484e-08,0.00018443151202518493,2026092702,coupled_lag1
time.0,28,119,2.2351741790771484e-08,0.000633657444268465,2026092702,coupled_lag1
time.1,28,119,1.1175870895385742e-08,0.00021179440955165774,2026092702,coupled_lag1
time.2,28,119,2.9802322387695312e-08,0.0007526266854256392,2026092702,coupled_lag1
behavior.0,28,119,1.4901161193847656e-08,0.0002655959688127041,2026092702,coupled_lag1
behavior.1,28,119,1.4901161193847656e-08,0.0001714538666419685,2026092702,coupled_lag1
behavior.2,28,119,1.1175870895385742e-08,0.00019231223268434405,2026092702,coupled_lag1
time.0,28,120,1.4901161193847656e-08,0.0006248074932955205,2026092702,coupled_lag1
time.1,28,120,1.4901161193847656e-08,0.0002123856684193015,2026092702,coupled_lag1
time.2,28,120,2.9802322387695312e-08,0.0007868148968555033,2026092702,coupled_lag1
behavior.0,28,120,1.4901161193847656e-08,0.0002877432852983475,2026092702,coupled_lag1
behavior.1,28,120,2.2351741790771484e-08,0.00019244298164267093,2026092702,coupled_lag1
behavior.2,28,120,1.4901161193847656e-08,0.00021969857334624976,2026092702,coupled_lag1
time.0,28,121,1.4901161193847656e-08,0.0006925005000084639,2026092702,coupled_lag1
time.1,28,121,1.4901161193847656e-08,0.00021942082094028592,2026092702,coupled_lag1
time.2,28,121,2.9802322387695312e-08,0.0007407583179883659,2026092702,coupled_lag1
behavior.0,28,121,1.4901161193847656e-08,0.00028582854429259896,2026092702,coupled_lag1
behavior.1,28,121,2.2351741790771484e-08,0.0001897681795526296,2026092702,coupled_lag1
behavior.2,28,121,1.4901161193847656e-08,0.0001850801781984046,2026092702,coupled_lag1
time.0,28,122,1.4901161193847656e-08,0.0006199332419782877,2026092702,coupled_lag1
time.1,28,122,1.4901161193847656e-08,0.00019857441657222807,2026092702,coupled_lag1
time.2,28,122,1.4901161193847656e-08,0.0006415387033484876,2026092702,coupled_lag1
behavior.0,28,122,1.4901161193847656e-08,0.0002805503609124571,2026092702,coupled_lag1
behavior.1,28,122,1.4901161193847656e-08,0.0001820662582758814,2026092702,coupled_lag1
behavior.2,28,122,2.2351741790771484e-08,0.0002115051174769178,2026092702,coupled_lag1
time.0,28,123,2.2351741790771484e-08,0.0006782937562093139,2026092702,coupled_lag1
time.1,28,123,1.4901161193847656e-08,0.0002219050657004118,2026092702,coupled_lag1
time.2,28,123,2.9802322387695312e-08,0.0007358822622336447,2026092702,coupled_lag1
behavior.0,28,123,1.4901161193847656e-08,0.00028457719599828124,2026092702,coupled_lag1
behavior.1,28,123,1.4901161193847656e-08,0.0001785888016456738,2026092702,coupled_lag1
behavior.2,28,123,1.4901161193847656e-08,0.0002071857888950035,2026092702,coupled_lag1
time.0,28,124,2.9802322387695312e-08,0.0007094700122252107,2026092702,coupled_lag1
time.1,28,124,1.4901161193847656e-08,0.00022407935466617346,2026092702,coupled_lag1
time.2,28,124,2.9802322387695312e-08,0.0007476984756067395,2026092702,coupled_lag1
behavior.0,28,124,1.4901161193847656e-08,0.0002836654894053936,2026092702,coupled_lag1
behavior.1,28,124,2.2351741790771484e-08,0.00017792325525078923,2026092702,coupled_lag1
behavior.2,28,124,1.4901161193847656e-08,0.0002148686326108873,2026092702,coupled_lag1
time.0,28,125,1.4901161193847656e-08,0.0006102003389969468,2026092702,coupled_lag1
time.1,28,125,1.4901161193847656e-08,0.00019677163800224662,2026092702,coupled_lag1
time.2,28,125,2.9802322387695312e-08,0.0006178512703627348,2026092702,coupled_lag1
behavior.0,28,125,1.4901161193847656e-08,0.000277197192190215,2026092702,coupled_lag1
behavior.1,28,125,1.4901161193847656e-08,0.00018038673442788422,2026092702,coupled_lag1
behavior.2,28,125,1.4901161193847656e-08,0.00018891127547249198,2026092702,coupled_lag1
time.0,28,126,2.2351741790771484e-08,0.0005905460566282272,2026092702,coupled_lag1
time.1,28,126,1.4901161193847656e-08,0.0001877257163869217,2026092702,coupled_lag1
time.2,28,126,1.4901161193847656e-08,0.0005880905082449317,2026092702,coupled_lag1
behavior.0,28,126,1.4901161193847656e-08,0.00028350166394375265,2026092702,coupled_lag1
behavior.1,28,126,1.4901161193847656e-08,0.00018888596969190985,2026092702,coupled_lag1
behavior.2,28,126,1.4901161193847656e-08,0.00027512534870766103,2026092702,coupled_lag1
time.0,28,127,1.4901161193847656e-08,0.0005956610548309982,2026092702,coupled_lag1
time.1,28,127,1.1175870895385742e-08,0.00019097505719400942,2026092702,coupled_lag1
time.2,28,127,2.9802322387695312e-08,0.0006037299754098058,2026092702,coupled_lag1
behavior.0,28,127,1.4901161193847656e-08,0.00027152267284691334,2026092702,coupled_lag1
behavior.1,28,127,1.4901161193847656e-08,0.00018228076805826277,2026092702,coupled_lag1
behavior.2,28,127,1.4901161193847656e-08,0.0001902002695715055,2026092702,coupled_lag1
time.0,28,128,2.9802322387695312e-08,0.0007967854617163539,2026092702,coupled_lag1
time.1,28,128,1.4901161193847656e-08,0.0002594127436168492,2026092702,coupled_lag1
time.2,28,128,2.9802322387695312e-08,0.0009042837773449719,2026092702,coupled_lag1
behavior.0,28,128,2.9802322387695312e-08,0.0002694367431104183,2026092702,coupled_lag1
behavior.1,28,128,1.4901161193847656e-08,0.00018703036766964942,2026092702,coupled_lag1
behavior.2,28,128,1.1175870895385742e-08,0.00020908101578243077,2026092702,coupled_lag1
time.0,28,129,2.9802322387695312e-08,0.0006550122634507716,2026092702,coupled_lag1
time.1,28,129,1.4901161193847656e-08,0.00021715147886425257,2026092702,coupled_lag1
time.2,28,129,2.9802322387695312e-08,0.000723264878615737,2026092702,coupled_lag1
behavior.0,28,129,1.4901161193847656e-08,0.0002825464471243322,2026092702,coupled_lag1
behavior.1,28,129,1.4901161193847656e-08,0.00019268201140221208,2026092702,coupled_lag1
behavior.2,28,129,1.4901161193847656e-08,0.0002163490280508995,2026092702,coupled_lag1
time.0,28,130,2.2351741790771484e-08,0.0006269327132031322,2026092702,coupled_lag1
time.1,28,130,1.4901161193847656e-08,0.00020300777396187186,2026092702,coupled_lag1
time.2,28,130,2.2351741790771484e-08,0.0006601938512176275,2026092702,coupled_lag1
behavior.0,28,130,1.4901161193847656e-08,0.00027525119367055595,2026092702,coupled_lag1
behavior.1,28,130,1.4901161193847656e-08,0.00019042490748688579,2026092702,coupled_lag1
behavior.2,28,130,1.4901161193847656e-08,0.0002083415020024404,2026092702,coupled_lag1
time.0,28,131,2.2351741790771484e-08,0.0006121674668975174,2026092702,coupled_lag1
time.1,28,131,1.1175870895385742e-08,0.0001944132091011852,2026092702,coupled_lag1
time.2,28,131,1.4901161193847656e-08,0.0005707050440832973,2026092702,coupled_lag1
behavior.0,28,131,1.4901161193847656e-08,0.0002753419685177505,2026092702,coupled_lag1
behavior.1,28,131,1.4901161193847656e-08,0.00017689481319393963,2026092702,coupled_lag1
behavior.2,28,131,1.4901161193847656e-08,0.00016967806732282043,2026092702,coupled_lag1
time.0,28,132,1.4901161193847656e-08,0.0006500585004687309,2026092702,coupled_lag1
time.1,28,132,1.4901161193847656e-08,0.0002155772817786783,2026092702,coupled_lag1
time.2,28,132,2.9802322387695312e-08,0.0006439884309656918,2026092702,coupled_lag1
behavior.0,28,132,1.4901161193847656e-08,0.00029528248705901206,2026092702,coupled_lag1
behavior.1,28,132,1.4901161193847656e-08,0.0001884542580228299,2026092702,coupled_lag1
behavior.2,28,132,1.4901161193847656e-08,0.0002338667691219598,2026092702,coupled_lag1
time.0,28,133,2.2351741790771484e-08,0.0006725158309563994,2026092702,coupled_lag1
time.1,28,133,7.450580596923828e-09,0.00022518806508742273,2026092702,coupled_lag1
time.2,28,133,1.4901161193847656e-08,0.0007053587469272316,2026092702,coupled_lag1
behavior.0,28,133,1.1175870895385742e-08,0.0002831981109920889,2026092702,coupled_lag1
behavior.1,28,133,1.4901161193847656e-08,0.0001784627529559657,2026092702,coupled_lag1
behavior.2,28,133,1.4901161193847656e-08,0.00021394682698883116,2026092702,coupled_lag1
time.0,28,134,2.2351741790771484e-08,0.0006758876843377948,2026092702,coupled_lag1
time.1,28,134,1.4901161193847656e-08,0.00021969166118651628,2026092702,coupled_lag1
time.2,28,134,4.470348358154297e-08,0.0007054786547087133,2026092702,coupled_lag1
behavior.0,28,134,1.862645149230957e-08,0.000275070546194911,2026092702,coupled_lag1
behavior.1,28,134,1.4901161193847656e-08,0.0001718648854875937,2026092702,coupled_lag1
behavior.2,28,134,1.4901161193847656e-08,0.00019779388094320893,2026092702,coupled_lag1
time.0,28,135,2.2351741790771484e-08,0.0006188228726387024,2026092702,coupled_lag1
time.1,28,135,1.4901161193847656e-08,0.00020175690588075668,2026092702,coupled_lag1
time.2,28,135,1.4901161193847656e-08,0.000635563803371042,2026092702,coupled_lag1
behavior.0,28,135,1.4901161193847656e-08,0.00028134961030445993,2026092702,coupled_lag1
behavior.1,28,135,1.4901161193847656e-08,0.00018383206042926759,2026092702,coupled_lag1
behavior.2,28,135,1.4901161193847656e-08,0.00021151943656150252,2026092702,coupled_lag1
time.0,28,136,1.4901161193847656e-08,0.0006734006456099451,2026092702,coupled_lag1
time.1,28,136,1.4901161193847656e-08,0.00021821424888912588,2026092702,coupled_lag1
time.2,28,136,2.9802322387695312e-08,0.0006832351209595799,2026092702,coupled_lag1
behavior.0,28,136,1.4901161193847656e-08,0.00026237068232148886,2026092702,coupled_lag1
behavior.1,28,136,1.4901161193847656e-08,0.0001656178937992081,2026092702,coupled_lag1
behavior.2,28,136,1.4901161193847656e-08,0.0001616667432244867,2026092702,coupled_lag1
time.0,28,137,1.4901161193847656e-08,0.0006270113517530262,2026092702,coupled_lag1
time.1,28,137,1.1175870895385742e-08,0.0002086832537315786,2026092702,coupled_lag1
time.2,28,137,2.9802322387695312e-08,0.0006571318372152746,2026092702,coupled_lag1
behavior.0,28,137,1.4901161193847656e-08,0.00029058975633233786,2026092702,coupled_lag1
behavior.1,28,137,1.4901161193847656e-08,0.00021537876455113292,2026092702,coupled_lag1
behavior.2,28,137,1.4901161193847656e-08,0.0002281619526911527,2026092702,coupled_lag1
time.0,28,138,2.2351741790771484e-08,0.0007161202956922352,2026092702,coupled_lag1
time.1,28,138,1.4901161193847656e-08,0.00024444275186397135,2026092702,coupled_lag1
time.2,28,138,2.2351741790771484e-08,0.0008241052855737507,2026092702,coupled_lag1
behavior.0,28,138,2.2351741790771484e-08,0.000289405754301697,2026092702,coupled_lag1
behavior.1,28,138,1.4901161193847656e-08,0.00019487344252411276,2026092702,coupled_lag1
behavior.2,28,138,1.4901161193847656e-08,0.0002739924821071327,2026092702,coupled_lag1
time.0,28,139,2.2351741790771484e-08,0.0006131040281616151,2026092702,coupled_lag1
time.1,28,139,1.1175870895385742e-08,0.0001989296724786982,2026092702,coupled_lag1
time.2,28,139,1.4901161193847656e-08,0.0006059549632482231,2026092702,coupled_lag1
behavior.0,28,139,1.4901161193847656e-08,0.00028388184728100896,2026092702,coupled_lag1
behavior.1,28,139,2.2351741790771484e-08,0.00019142383825965226,2026092702,coupled_lag1
behavior.2,28,139,1.4901161193847656e-08,0.0002187019563280046,2026092702,coupled_lag1
time.0,28,140,2.9802322387695312e-08,0.0007182987756095827,2026092702,coupled_lag1
time.1,28,140,1.4901161193847656e-08,0.0002466267324052751,2026092702,coupled_lag1
time.2,28,140,4.470348358154297e-08,0.0008375300676561892,2026092702,coupled_lag1
behavior.0,28,140,1.4901161193847656e-08,0.0002621064195409417,2026092702,coupled_lag1
behavior.1,28,140,1.4901161193847656e-08,0.00017028542060870677,2026092702,coupled_lag1
behavior.2,28,140,1.4901161193847656e-08,0.00018049325444735587,2026092702,coupled_lag1
time.0,28,141,2.9802322387695312e-08,0.0007377678994089365,2026092702,coupled_lag1
time.1,28,141,1.4901161193847656e-08,0.00024985623895190656,2026092702,coupled_lag1
time.2,28,141,2.9802322387695312e-08,0.0008399653015658259,2026092702,coupled_lag1
behavior.0,28,141,1.862645149230957e-08,0.00027143885381519794,2026092702,coupled_lag1
behavior.1,28,141,1.1175870895385742e-08,0.0001862630742834881,2026092702,coupled_lag1
behavior.2,28,141,1.1175870895385742e-08,0.00018855123198591173,2026092702,coupled_lag1
time.0,28,142,2.2351741790771484e-08,0.0006622739019803703,2026092702,coupled_lag1
time.1,28,142,1.4901161193847656e-08,0.00022271167836152017,2026092702,coupled_lag1
time.2,28,142,2.9802322387695312e-08,0.0007148877484723926,2026092702,coupled_lag1
behavior.0,28,142,1.4901161193847656e-08,0.00028738993569277227,2026092702,coupled_lag1
behavior.1,28,142,1.4901161193847656e-08,0.00020793975272681564,2026092702,coupled_lag1
behavior.2,28,142,1.4901161193847656e-08,0.00023696752032265067,2026092702,coupled_lag1
time.0,28,143,2.2351741790771484e-08,0.0007864449289627373,2026092702,coupled_lag1
time.1,28,143,1.1175870895385742e-08,0.0002530702331569046,2026092702,coupled_lag1
time.2,28,143,2.9802322387695312e-08,0.0008667695801705122,2026092702,coupled_lag1
behavior.0,28,143,1.4901161193847656e-08,0.0002697667514439672,2026092702,coupled_lag1
behavior.1,28,143,1.4901161193847656e-08,0.00017565723101142794,2026092702,coupled_lag1
behavior.2,28,143,1.4901161193847656e-08,0.0001628009631531313,2026092702,coupled_lag1
time.0,28,144,2.2351741790771484e-08,0.0007522677187807858,2026092702,coupled_lag1
time.1,28,144,1.4901161193847656e-08,0.00024024941376410425,2026092702,coupled_lag1
time.2,28,144,2.9802322387695312e-08,0.0008062093984335661,2026092702,coupled_lag1
behavior.0,28,144,1.4901161193847656e-08,0.0002694757131393999,2026092702,coupled_lag1
behavior.1,28,144,1.4901161193847656e-08,0.00018486744374968112,2026092702,coupled_lag1
behavior.2,28,144,1.4901161193847656e-08,0.00020166048489045352,2026092702,coupled_lag1
time.0,28,145,1.4901161193847656e-08,0.000599612423684448,2026092702,coupled_lag1
time.1,28,145,1.1175870895385742e-08,0.000189674407010898,2026092702,coupled_lag1
time.2,28,145,2.9802322387695312e-08,0.000583602231927216,2026092702,coupled_lag1
behavior.0,28,145,1.4901161193847656e-08,0.0002772999869193882,2026092702,coupled_lag1
behavior.1,28,145,1.4901161193847656e-08,0.0001768997753970325,2026092702,coupled_lag1
behavior.2,28,145,1.4901161193847656e-08,0.00023275410057976842,2026092702,coupled_lag1
time.0,28,146,1.4901161193847656e-08,0.0007581643294543028,2026092702,coupled_lag1
time.1,28,146,1.4901161193847656e-08,0.00023699086159467697,2026092702,coupled_lag1
time.2,28,146,2.9802322387695312e-08,0.0007466904353350401,2026092702,coupled_lag1
behavior.0,28,146,1.4901161193847656e-08,0.00026452052406966686,2026092702,coupled_lag1
behavior.1,28,146,2.2351741790771484e-08,0.00017366102838423103,2026092702,coupled_lag1
behavior.2,28,146,1.4901161193847656e-08,0.00022053024440538138,2026092702,coupled_lag1
time.0,28,147,2.2351741790771484e-08,0.0006062035681679845,2026092702,coupled_lag1
time.1,28,147,1.1175870895385742e-08,0.0002022211701842025,2026092702,coupled_lag1
time.2,28,147,2.9802322387695312e-08,0.0006713115144520998,2026092702,coupled_lag1
behavior.0,28,147,1.4901161193847656e-08,0.00027237270842306316,2026092702,coupled_lag1
behavior.1,28,147,1.4901161193847656e-08,0.00019270213670097291,2026092702,coupled_lag1
behavior.2,28,147,1.4901161193847656e-08,0.0001893628214020282,2026092702,coupled_lag1
time.0,28,148,1.4901161193847656e-08,0.0007207298185676336,2026092702,coupled_lag1
time.1,28,148,1.4901161193847656e-08,0.00023950640752445906,2026092702,coupled_lag1
time.2,28,148,2.9802322387695312e-08,0.0008073722128756344,2026092702,coupled_lag1
behavior.0,28,148,1.4901161193847656e-08,0.0002793229359667748,2026092702,coupled_lag1
behavior.1,28,148,2.2351741790771484e-08,0.0001837387535488233,2026092702,coupled_lag1
behavior.2,28,148,2.2351741790771484e-08,0.0001892031723400578,2026092702,coupled_lag1
time.0,28,149,2.2351741790771484e-08,0.0006981021142564714,2026092702,coupled_lag1
time.1,28,149,1.4901161193847656e-08,0.00022539736528415233,2026092702,coupled_lag1
time.2,28,149,4.470348358154297e-08,0.0007356837741099298,2026092702,coupled_lag1
behavior.0,28,149,1.4901161193847656e-08,0.0002962814178317785,2026092702,coupled_lag1
behavior.1,28,149,1.4901161193847656e-08,0.00018878756964113563,2026092702,coupled_lag1
behavior.2,28,149,1.4901161193847656e-08,0.00019976300245616585,2026092702,coupled_lag1
time.0,28,150,1.4901161193847656e-08,0.000724451441783458,2026092702,coupled_lag1
time.1,28,150,1.4901161193847656e-08,0.00022942235227674246,2026092702,coupled_lag1
time.2,28,150,1.4901161193847656e-08,0.0007990826270543039,2026092702,coupled_lag1
behavior.0,28,150,1.4901161193847656e-08,0.00028380678850226104,2026092702,coupled_lag1
behavior.1,28,150,1.4901161193847656e-08,0.00018234529125038534,2026092702,coupled_lag1
behavior.2,28,150,1.4901161193847656e-08,0.00021354836644604802,2026092702,coupled_lag1
time.0,28,151,2.2351741790771484e-08,0.0005905590951442719,2026092702,coupled_lag1
time.1,28,151,1.4901161193847656e-08,0.00019234087085351348,2026092702,coupled_lag1
time.2,28,151,1.4901161193847656e-08,0.0006292316829785705,2026092702,coupled_lag1
behavior.0,28,151,1.4901161193847656e-08,0.0002944352163467556,2026092702,coupled_lag1
behavior.1,28,151,1.4901161193847656e-08,0.00019796467677224427,2026092702,coupled_lag1
behavior.2,28,151,1.4901161193847656e-08,0.0002326580579392612,2026092702,coupled_lag1
time.0,28,152,2.2351741790771484e-08,0.0006637860788032413,2026092702,coupled_lag1
time.1,28,152,1.4901161193847656e-08,0.00021511359955184162,2026092702,coupled_lag1
time.2,28,152,2.9802322387695312e-08,0.0006989054963923991,2026092702,coupled_lag1
behavior.0,28,152,1.862645149230957e-08,0.00028121951618231833,2026092702,coupled_lag1
behavior.1,28,152,1.4901161193847656e-08,0.00019466558296699077,2026092702,coupled_lag1
behavior.2,28,152,1.4901161193847656e-08,0.00023151919594965875,2026092702,coupled_lag1
time.0,28,153,1.4901161193847656e-08,0.0006770719191990793,2026092702,coupled_lag1
time.1,28,153,1.4901161193847656e-08,0.00021170452237129211,2026092702,coupled_lag1
time.2,28,153,2.9802322387695312e-08,0.0006825047312304378,2026092702,coupled_lag1
behavior.0,28,153,1.4901161193847656e-08,0.0002705864026211202,2026092702,coupled_lag1
behavior.1,28,153,2.2351741790771484e-08,0.00018473804811947048,2026092702,coupled_lag1
behavior.2,28,153,1.4901161193847656e-08,0.000210549624171108,2026092702,coupled_lag1
time.0,28,154,2.2351741790771484e-08,0.0007285589235834777,2026092702,coupled_lag1
time.1,28,154,1.1175870895385742e-08,0.0002351047151023522,2026092702,coupled_lag1
time.2,28,154,2.9802322387695312e-08,0.0008026048308238387,2026092702,coupled_lag1
behavior.0,28,154,1.4901161193847656e-08,0.0002729918633121997,2026092702,coupled_lag1
behavior.1,28,154,1.4901161193847656e-08,0.00017177683184854686,2026092702,coupled_lag1
behavior.2,28,154,1.4901161193847656e-08,0.0001833077403716743,2026092702,coupled_lag1
time.0,28,155,2.2351741790771484e-08,0.0006332641351036727,2026092702,coupled_lag1
time.1,28,155,1.4901161193847656e-08,0.00021107103384565562,2026092702,coupled_lag1
time.2,28,155,2.9802322387695312e-08,0.0006909143412485719,2026092702,coupled_lag1
behavior.0,28,155,1.4901161193847656e-08,0.0002768998092506081,2026092702,coupled_lag1
behavior.1,28,155,1.4901161193847656e-08,0.00018801951955538243,2026092702,coupled_lag1
behavior.2,28,155,1.4901161193847656e-08,0.00019879902538377792,2026092702,coupled_lag1
time.0,28,156,2.2351741790771484e-08,0.0006001644069328904,2026092702,coupled_lag1
time.1,28,156,1.1175870895385742e-08,0.0001961898960871622,2026092702,coupled_lag1
time.2,28,156,2.9802322387695312e-08,0.0006292394828051329,2026092702,coupled_lag1
behavior.0,28,156,1.4901161193847656e-08,0.00027476466493681073,2026092702,coupled_lag1
behavior.1,28,156,2.2351741790771484e-08,0.00018223276128992438,2026092702,coupled_lag1
behavior.2,28,156,1.4901161193847656e-08,0.00021703228412661701,2026092702,coupled_lag1
time.0,28,157,2.2351741790771484e-08,0.0006367628229781985,2026092702,coupled_lag1
time.1,28,157,1.4901161193847656e-08,0.0002084045554511249,2026092702,coupled_lag1
time.2,28,157,2.9802322387695312e-08,0.0006830327911302447,2026092702,coupled_lag1
behavior.0,28,157,1.4901161193847656e-08,0.00028419349109753966,2026092702,coupled_lag1
behavior.1,28,157,1.4901161193847656e-08,0.00018595258006826043,2026092702,coupled_lag1
behavior.2,28,157,1.4901161193847656e-08,0.00028037477750331163,2026092702,coupled_lag1
time.0,28,158,2.9802322387695312e-08,0.0006956800352782011,2026092702,coupled_lag1
time.1,28,158,2.2351741790771484e-08,0.00021756946807727218,2026092702,coupled_lag1
time.2,28,158,4.470348358154297e-08,0.0007867923704907298,2026092702,coupled_lag1
behavior.0,28,158,1.4901161193847656e-08,0.00026677382993511856,2026092702,coupled_lag1
behavior.1,28,158,1.4901161193847656e-08,0.00017270752869080752,2026092702,coupled_lag1
behavior.2,28,158,1.1175870895385742e-08,0.00018725634436123073,2026092702,coupled_lag1
time.0,28,159,2.2351741790771484e-08,0.0006468907813541591,2026092702,coupled_lag1
time.1,28,159,1.1175870895385742e-08,0.0002099304983858019,2026092702,coupled_lag1
time.2,28,159,2.2351741790771484e-08,0.0006565785733982921,2026092702,coupled_lag1
behavior.0,28,159,1.4901161193847656e-08,0.00028440236928872764,2026092702,coupled_lag1
behavior.1,28,159,1.4901161193847656e-08,0.00019888249516952783,2026092702,coupled_lag1
behavior.2,28,159,2.2351741790771484e-08,0.0002225397329311818,2026092702,coupled_lag1
time.0,28,160,2.9802322387695312e-08,0.0006234773900359869,2026092702,coupled_lag1
time.1,28,160,1.4901161193847656e-08,0.00020061401301063597,2026092702,coupled_lag1
time.2,28,160,2.9802322387695312e-08,0.0006333686760626733,2026092702,coupled_lag1
behavior.0,28,160,1.4901161193847656e-08,0.00028160432702861726,2026092702,coupled_lag1
behavior.1,28,160,1.4901161193847656e-08,0.00018751878815237433,2026092702,coupled_lag1
behavior.2,28,160,1.4901161193847656e-08,0.00021807773737236857,2026092702,coupled_lag1
time.0,28,161,2.2351741790771484e-08,0.0005759817431680858,2026092702,coupled_lag1
time.1,28,161,1.4901161193847656e-08,0.00018586266378406435,2026092702,coupled_lag1
time.2,28,161,2.2351741790771484e-08,0.0005767492111772299,2026092702,coupled_lag1
behavior.0,28,161,2.2351741790771484e-08,0.0002724905498325825,2026092702,coupled_lag1
behavior.1,28,161,2.2351741790771484e-08,0.00019275220984127373,2026092702,coupled_lag1
behavior.2,28,161,1.4901161193847656e-08,0.00020721479086205363,2026092702,coupled_lag1
time.0,28,162,2.9802322387695312e-08,0.000677544972859323,2026092702,coupled_lag1
time.1,28,162,1.1175870895385742e-08,0.00021665811073035002,2026092702,coupled_lag1
time.2,28,162,2.9802322387695312e-08,0.0007253914955072105,2026092702,coupled_lag1
behavior.0,28,162,1.4901161193847656e-08,0.00028260034741833806,2026092702,coupled_lag1
behavior.1,28,162,1.4901161193847656e-08,0.00019919754413422197,2026092702,coupled_lag1
behavior.2,28,162,1.4901161193847656e-08,0.00020241897436790168,2026092702,coupled_lag1
time.0,28,163,1.4901161193847656e-08,0.0006978301680646837,2026092702,coupled_lag1
time.1,28,163,1.862645149230957e-08,0.00022606118000112474,2026092702,coupled_lag1
time.2,28,163,4.470348358154297e-08,0.0008044388378039002,2026092702,coupled_lag1
behavior.0,28,163,1.4901161193847656e-08,0.0002636882127262652,2026092702,coupled_lag1
behavior.1,28,163,1.4901161193847656e-08,0.0001797441072994843,2026092702,coupled_lag1
behavior.2,28,163,2.9802322387695312e-08,0.00021219413611106575,2026092702,coupled_lag1
time.0,28,164,2.9802322387695312e-08,0.0006326413131318986,2026092702,coupled_lag1
time.1,28,164,1.4901161193847656e-08,0.00020070411846973002,2026092702,coupled_lag1
time.2,28,164,2.9802322387695312e-08,0.0006506058853119612,2026092702,coupled_lag1
behavior.0,28,164,1.4901161193847656e-08,0.0003024273319169879,2026092702,coupled_lag1
behavior.1,28,164,2.2351741790771484e-08,0.00019160096417181194,2026092702,coupled_lag1
behavior.2,28,164,1.4901161193847656e-08,0.00023598529514856637,2026092702,coupled_lag1
time.0,28,165,1.4901161193847656e-08,0.0006248709978535771,2026092702,coupled_lag1
time.1,28,165,1.4901161193847656e-08,0.0002083770086755976,2026092702,coupled_lag1
time.2,28,165,2.9802322387695312e-08,0.0006958042504265904,2026092702,coupled_lag1
behavior.0,28,165,1.4901161193847656e-08,0.00030048759072087705,2026092702,coupled_lag1
behavior.1,28,165,2.2351741790771484e-08,0.00018069268844556063,2026092702,coupled_lag1
behavior.2,28,165,1.4901161193847656e-08,0.00022192808683030307,2026092702,coupled_lag1
time.0,28,166,1.4901161193847656e-08,0.0006406111642718315,2026092702,coupled_lag1
time.1,28,166,1.4901161193847656e-08,0.00021299408399499953,2026092702,coupled_lag1
time.2,28,166,2.9802322387695312e-08,0.0007085435790941119,2026092702,coupled_lag1
behavior.0,28,166,1.4901161193847656e-08,0.00028406153433024883,2026092702,coupled_lag1
behavior.1,28,166,1.4901161193847656e-08,0.0001950920996023342,2026092702,coupled_lag1
behavior.2,28,166,1.1175870895385742e-08,0.00023236389097291976,2026092702,coupled_lag1
time.0,28,167,2.2351741790771484e-08,0.000675956136547029,2026092702,coupled_lag1
time.1,28,167,1.4901161193847656e-08,0.000225882584345527,2026092702,coupled_lag1
time.2,28,167,1.4901161193847656e-08,0.0007495289319194853,2026092702,coupled_lag1
behavior.0,28,167,1.4901161193847656e-08,0.00027633621357381344,2026092702,coupled_lag1
behavior.1,28,167,1.4901161193847656e-08,0.00017896063218358904,2026092702,coupled_lag1
behavior.2,28,167,1.4901161193847656e-08,0.00022230829927138984,2026092702,coupled_lag1
time.0,28,168,2.2351741790771484e-08,0.0006720893434248865,2026092702,coupled_lag1
time.1,28,168,1.4901161193847656e-08,0.00021908912458457053,2026092702,coupled_lag1
time.2,28,168,2.9802322387695312e-08,0.0007293891394510865,2026092702,coupled_lag1
behavior.0,28,168,1.4901161193847656e-08,0.00027601365582086146,2026092702,coupled_lag1
behavior.1,28,168,1.4901161193847656e-08,0.000202637878828682,2026092702,coupled_lag1
behavior.2,28,168,1.4901161193847656e-08,0.00020722583576571196,2026092702,coupled_lag1
time.0,28,169,2.9802322387695312e-08,0.000729676045011729,2026092702,coupled_lag1
time.1,28,169,1.1175870895385742e-08,0.00023757365124765784,2026092702,coupled_lag1
time.2,28,169,2.9802322387695312e-08,0.0008624558104202151,2026092702,coupled_lag1
behavior.0,28,169,1.862645149230957e-08,0.0002960813872050494,2026092702,coupled_lag1
behavior.1,28,169,1.4901161193847656e-08,0.0001778552687028423,2026092702,coupled_lag1
behavior.2,28,169,1.4901161193847656e-08,0.00019678739772643894,2026092702,coupled_lag1
time.0,28,170,1.4901161193847656e-08,0.0005931437481194735,2026092702,coupled_lag1
time.1,28,170,1.1175870895385742e-08,0.00019665688159875572,2026092702,coupled_lag1
time.2,28,170,2.9802322387695312e-08,0.0006355367950163782,2026092702,coupled_lag1
behavior.0,28,170,1.4901161193847656e-08,0.00027977293939329684,2026092702,coupled_lag1
behavior.1,28,170,2.2351741790771484e-08,0.00018749144510366023,2026092702,coupled_lag1
behavior.2,28,170,1.4901161193847656e-08,0.00023516258806921542,2026092702,coupled_lag1
time.0,28,171,2.2351741790771484e-08,0.0006169529515318573,2026092702,coupled_lag1
time.1,28,171,1.1175870895385742e-08,0.00020501500694081187,2026092702,coupled_lag1
time.2,28,171,2.9802322387695312e-08,0.0006861296715214849,2026092702,coupled_lag1
behavior.0,28,171,1.4901161193847656e-08,0.00028730661142617464,2026092702,coupled_lag1
behavior.1,28,171,1.4901161193847656e-08,0.0002078819234156981,2026092702,coupled_lag1
behavior.2,28,171,1.4901161193847656e-08,0.00023440190125256777,2026092702,coupled_lag1
time.0,28,172,1.4901161193847656e-08,0.0006209674756973982,2026092702,coupled_lag1
time.1,28,172,1.1175870895385742e-08,0.00020095180661883205,2026092702,coupled_lag1
time.2,28,172,1.4901161193847656e-08,0.0006469431100413203,2026092702,coupled_lag1
behavior.0,28,172,1.4901161193847656e-08,0.0002825224946718663,2026092702,coupled_lag1
behavior.1,28,172,1.4901161193847656e-08,0.00019276034436188638,2026092702,coupled_lag1
behavior.2,28,172,1.4901161193847656e-08,0.00021738237410318106,2026092702,coupled_lag1
time.0,28,173,2.9802322387695312e-08,0.00075312121771276,2026092702,coupled_lag1
time.1,28,173,1.4901161193847656e-08,0.00025026287767104805,2026092702,coupled_lag1
time.2,28,173,4.470348358154297e-08,0.0008865970303304493,2026092702,coupled_lag1
behavior.0,28,173,1.4901161193847656e-08,0.00027686881367117167,2026092702,coupled_lag1
behavior.1,28,173,1.4901161193847656e-08,0.00018808415916282684,2026092702,coupled_lag1
behavior.2,28,173,1.4901161193847656e-08,0.00020067395234946162,2026092702,coupled_lag1
time.0,28,174,2.2351741790771484e-08,0.0005742952926084399,2026092702,coupled_lag1
time.1,28,174,1.1175870895385742e-08,0.00018833400099538267,2026092702,coupled_lag1
time.2,28,174,2.2351741790771484e-08,0.0006178722833283246,2026092702,coupled_lag1
behavior.0,28,174,1.4901161193847656e-08,0.00028361976728774607,2026092702,coupled_lag1
behavior.1,28,174,1.4901161193847656e-08,0.00017587705224286765,2026092702,coupled_lag1
behavior.2,28,174,1.4901161193847656e-08,0.00022981036454439163,2026092702,coupled_lag1
time.0,28,175,2.2351741790771484e-08,0.0005949684418737888,2026092702,coupled_lag1
time.1,28,175,1.4901161193847656e-08,0.00019741212599910796,2026092702,coupled_lag1
time.2,28,175,2.9802322387695312e-08,0.0006326927104964852,2026092702,coupled_lag1
behavior.0,28,175,1.4901161193847656e-08,0.00027847682940773666,2026092702,coupled_lag1
behavior.1,28,175,1.4901161193847656e-08,0.0001971228193724528,2026092702,coupled_lag1
behavior.2,28,175,1.4901161193847656e-08,0.0001976829080376774,2026092702,coupled_lag1
time.0,28,176,1.4901161193847656e-08,0.0006755820941179991,2026092702,coupled_lag1
time.1,28,176,1.4901161193847656e-08,0.00021820531401317567,2026092702,coupled_lag1
time.2,28,176,4.470348358154297e-08,0.0007436827872879803,2026092702,coupled_lag1
behavior.0,28,176,1.4901161193847656e-08,0.00028138895868323743,2026092702,coupled_lag1
behavior.1,28,176,1.4901161193847656e-08,0.00017897818179335445,2026092702,coupled_lag1
behavior.2,28,176,1.4901161193847656e-08,0.00021020272106397897,2026092702,coupled_lag1
time.0,28,177,2.2351741790771484e-08,0.0007008414249867201,2026092702,coupled_lag1
time.1,28,177,1.4901161193847656e-08,0.00022278146934695542,2026092702,coupled_lag1
time.2,28,177,2.9802322387695312e-08,0.0007506150868721306,2026092702,coupled_lag1
behavior.0,28,177,1.4901161193847656e-08,0.00027377018705010414,2026092702,coupled_lag1
behavior.1,28,177,1.4901161193847656e-08,0.00018627870304044336,2026092702,coupled_lag1
behavior.2,28,177,1.4901161193847656e-08,0.00018940394511446357,2026092702,coupled_lag1
time.0,28,178,1.4901161193847656e-08,0.0006469466025009751,2026092702,coupled_lag1
time.1,28,178,1.4901161193847656e-08,0.00021030993957538158,2026092702,coupled_lag1
time.2,28,178,2.9802322387695312e-08,0.0007119269575923681,2026092702,coupled_lag1
behavior.0,28,178,2.2351741790771484e-08,0.00028204312548041344,2026092702,coupled_lag1
behavior.1,28,178,2.2351741790771484e-08,0.00018126697978004813,2026092702,coupled_lag1
behavior.2,28,178,1.4901161193847656e-08,0.0002623642503749579,2026092702,coupled_lag1
time.0,28,179,2.9802322387695312e-08,0.0007299314602278173,2026092702,coupled_lag1
time.1,28,179,1.4901161193847656e-08,0.0002330831775907427,2026092702,coupled_lag1
time.2,28,179,1.4901161193847656e-08,0.0008215060224756598,2026092702,coupled_lag1
behavior.0,28,179,1.4901161193847656e-08,0.0002954037336166948,2026092702,coupled_lag1
behavior.1,28,179,1.4901161193847656e-08,0.00019989284919574857,2026092702,coupled_lag1
behavior.2,28,179,1.4901161193847656e-08,0.00023265420168172568,2026092702,coupled_lag1
time.0,28,180,4.470348358154297e-08,0.0006845597526989877,2026092702,coupled_lag1
time.1,28,180,1.4901161193847656e-08,0.00022404527408070862,2026092702,coupled_lag1
time.2,28,180,4.470348358154297e-08,0.0007695172680541873,2026092702,coupled_lag1
behavior.0,28,180,1.4901161193847656e-08,0.00028034462593495846,2026092702,coupled_lag1
behavior.1,28,180,2.2351741790771484e-08,0.00019546116527635604,2026092702,coupled_lag1
behavior.2,28,180,1.4901161193847656e-08,0.0001902005315059796,2026092702,coupled_lag1
time.0,28,181,2.2351741790771484e-08,0.0006437709671445191,2026092702,coupled_lag1
time.1,28,181,1.4901161193847656e-08,0.00021256522450130433,2026092702,coupled_lag1
time.2,28,181,2.9802322387695312e-08,0.0007363695185631514,2026092702,coupled_lag1
behavior.0,28,181,2.2351741790771484e-08,0.00027811637846753,2026092702,coupled_lag1
behavior.1,28,181,1.4901161193847656e-08,0.00019757772679440677,2026092702,coupled_lag1
behavior.2,28,181,1.4901161193847656e-08,0.00021931371884420514,2026092702,coupled_lag1
time.0,28,182,2.2351741790771484e-08,0.0006385116139426827,2026092702,coupled_lag1
time.1,28,182,1.4901161193847656e-08,0.00020677197608165443,2026092702,coupled_lag1
time.2,28,182,2.9802322387695312e-08,0.0007098692585714161,2026092702,coupled_lag1
behavior.0,28,182,1.4901161193847656e-08,0.00027788063744083047,2026092702,coupled_lag1
behavior.1,28,182,1.4901161193847656e-08,0.00016416716971434653,2026092702,coupled_lag1
behavior.2,28,182,1.4901161193847656e-08,0.0001902803487610072,2026092702,coupled_lag1
time.0,28,183,2.2351741790771484e-08,0.0006646180409006774,2026092702,coupled_lag1
time.1,28,183,1.4901161193847656e-08,0.00021839402324985713,2026092702,coupled_lag1
time.2,28,183,2.9802322387695312e-08,0.0007260603597387671,2026092702,coupled_lag1
behavior.0,28,183,1.4901161193847656e-08,0.0002697987365536392,2026092702,coupled_lag1
behavior.1,28,183,2.2351741790771484e-08,0.0001753567048581317,2026092702,coupled_lag1
behavior.2,28,183,1.4901161193847656e-08,0.0002165112819056958,2026092702,coupled_lag1
time.0,28,184,1.4901161193847656e-08,0.0006285289418883622,2026092702,coupled_lag1
time.1,28,184,1.4901161193847656e-08,0.00020499642414506525,2026092702,coupled_lag1
time.2,28,184,1.4901161193847656e-08,0.0006682940875180066,2026092702,coupled_lag1
behavior.0,28,184,1.862645149230957e-08,0.0002732534776441753,2026092702,coupled_lag1
behavior.1,28,184,1.4901161193847656e-08,0.00019334573880769312,2026092702,coupled_lag1
behavior.2,28,184,1.4901161193847656e-08,0.00020352347928564996,2026092702,coupled_lag1
time.0,28,185,2.2351741790771484e-08,0.0005683756899088621,2026092702,coupled_lag1
time.1,28,185,1.4901161193847656e-08,0.00018200391787104309,2026092702,coupled_lag1
time.2,28,185,2.9802322387695312e-08,0.0005797682679258287,2026092702,coupled_lag1
behavior.0,28,185,1.4901161193847656e-08,0.00028579318313859403,2026092702,coupled_lag1
behavior.1,28,185,1.1175870895385742e-08,0.00017688893422018737,2026092702,coupled_lag1
behavior.2,28,185,1.4901161193847656e-08,0.00024209072580561042,2026092702,coupled_lag1
time.0,28,186,2.9802322387695312e-08,0.0006790534825995564,2026092702,coupled_lag1
time.1,28,186,1.4901161193847656e-08,0.00022074501612223685,2026092702,coupled_lag1
time.2,28,186,1.4901161193847656e-08,0.0007557157659903169,2026092702,coupled_lag1
behavior.0,28,186,1.4901161193847656e-08,0.00026510522002354264,2026092702,coupled_lag1
behavior.1,28,186,1.4901161193847656e-08,0.00018060897127725184,2026092702,coupled_lag1
behavior.2,28,186,7.450580596923828e-09,0.00016284603043459356,2026092702,coupled_lag1
time.0,28,187,2.9802322387695312e-08,0.0006812284118495882,2026092702,coupled_lag1
time.1,28,187,2.2351741790771484e-08,0.00021943190949968994,2026092702,coupled_lag1
time.2,28,187,2.9802322387695312e-08,0.0007783801993355155,2026092702,coupled_lag1
behavior.0,28,187,1.4901161193847656e-08,0.00027233213768340647,2026092702,coupled_lag1
behavior.1,28,187,1.4901161193847656e-08,0.00015728150901850313,2026092702,coupled_lag1
behavior.2,28,187,1.4901161193847656e-08,0.0001882467040559277,2026092702,coupled_lag1
time.0,28,188,2.2351741790771484e-08,0.0006851865327917039,2026092702,coupled_lag1
time.1,28,188,1.4901161193847656e-08,0.00022519793128594756,2026092702,coupled_lag1
time.2,28,188,2.9802322387695312e-08,0.0008046292932704091,2026092702,coupled_lag1
behavior.0,28,188,1.4901161193847656e-08,0.00029632472433149815,2026092702,coupled_lag1
behavior.1,28,188,1.4901161193847656e-08,0.00020708121883217245,2026092702,coupled_lag1
behavior.2,28,188,1.4901161193847656e-08,0.00019314400560688227,2026092702,coupled_lag1
time.0,28,189,2.2351741790771484e-08,0.0005767768016085029,2026092702,coupled_lag1
time.1,28,189,1.4901161193847656e-08,0.00019022214110009372,2026092702,coupled_lag1
time.2,28,189,2.9802322387695312e-08,0.0006237332127057016,2026092702,coupled_lag1
behavior.0,28,189,1.4901161193847656e-08,0.0002866248250938952,2026092702,coupled_lag1
behavior.1,28,189,1.4901161193847656e-08,0.0001857076131273061,2026092702,coupled_lag1
behavior.2,28,189,1.4901161193847656e-08,0.00021623204520437866,2026092702,coupled_lag1
time.0,28,190,2.9802322387695312e-08,0.0006556601147167385,2026092702,coupled_lag1
time.1,28,190,1.4901161193847656e-08,0.00021252759324852377,2026092702,coupled_lag1
time.2,28,190,2.9802322387695312e-08,0.0007556891650892794,2026092702,coupled_lag1
behavior.0,28,190,1.4901161193847656e-08,0.0002786420227494091,2026092702,coupled_lag1
behavior.1,28,190,1.4901161193847656e-08,0.00017478295194450766,2026092702,coupled_lag1
behavior.2,28,190,1.4901161193847656e-08,0.00023145729210227728,2026092702,coupled_lag1
time.0,28,191,2.9802322387695312e-08,0.0006481508607976139,2026092702,coupled_lag1
time.1,28,191,1.1175870895385742e-08,0.0002090907219098881,2026092702,coupled_lag1
time.2,28,191,2.9802322387695312e-08,0.0007033589063212276,2026092702,coupled_lag1
behavior.0,28,191,1.4901161193847656e-08,0.000280236650723964,2026092702,coupled_lag1
behavior.1,28,191,1.4901161193847656e-08,0.00018835377704817802,2026092702,coupled_lag1
behavior.2,28,191,1.4901161193847656e-08,0.00017887067224364728,2026092702,coupled_lag1
time.0,28,192,2.2351741790771484e-08,0.0005840230733156204,2026092702,coupled_lag1
time.1,28,192,1.1175870895385742e-08,0.0001956304331542924,2026092702,coupled_lag1
time.2,28,192,2.9802322387695312e-08,0.0006204699166119099,2026092702,coupled_lag1
behavior.0,28,192,2.2351741790771484e-08,0.0002843713155016303,2026092702,coupled_lag1
behavior.1,28,192,1.4901161193847656e-08,0.00019609933951869607,2026092702,coupled_lag1
behavior.2,28,192,2.2351741790771484e-08,0.00023957564553711563,2026092702,coupled_lag1
time.0,28,193,2.2351741790771484e-08,0.0006620718049816787,2026092702,coupled_lag1
time.1,28,193,1.4901161193847656e-08,0.00021810075850225985,2026092702,coupled_lag1
time.2,28,193,4.470348358154297e-08,0.0007369884988293052,2026092702,coupled_lag1
behavior.0,28,193,1.4901161193847656e-08,0.00026508490554988384,2026092702,coupled_lag1
behavior.1,28,193,2.2351741790771484e-08,0.00016299526032526046,2026092702,coupled_lag1
behavior.2,28,193,1.4901161193847656e-08,0.00019180748495273292,2026092702,coupled_lag1
time.0,28,194,2.9802322387695312e-08,0.0006012549856677651,2026092702,coupled_lag1
time.1,28,194,1.4901161193847656e-08,0.0001993515033973381,2026092702,coupled_lag1
time.2,28,194,2.9802322387695312e-08,0.0006671239389106631,2026092702,coupled_lag1
behavior.0,28,194,1.4901161193847656e-08,0.00028112565632909536,2026092702,coupled_lag1
behavior.1,28,194,1.4901161193847656e-08,0.00018268678104504943,2026092702,coupled_lag1
behavior.2,28,194,1.4901161193847656e-08,0.00020719942403957248,2026092702,coupled_lag1
time.0,28,195,2.2351741790771484e-08,0.0006237743655219674,2026092702,coupled_lag1
time.1,28,195,1.4901161193847656e-08,0.00020423447131179273,2026092702,coupled_lag1
time.2,28,195,1.4901161193847656e-08,0.0006781384581699967,2026092702,coupled_lag1
behavior.0,28,195,2.2351741790771484e-08,0.00029763526981696486,2026092702,coupled_lag1
behavior.1,28,195,2.2351741790771484e-08,0.00017053232295438647,2026092702,coupled_lag1
behavior.2,28,195,1.4901161193847656e-08,0.0002240171452285722,2026092702,coupled_lag1
time.0,28,196,2.2351741790771484e-08,0.000640086189378053,2026092702,coupled_lag1
time.1,28,196,1.4901161193847656e-08,0.00021226030366960913,2026092702,coupled_lag1
time.2,28,196,2.9802322387695312e-08,0.0007323500467464328,2026092702,coupled_lag1
behavior.0,28,196,2.2351741790771484e-08,0.0002799406065605581,2026092702,coupled_lag1
behavior.1,28,196,1.4901161193847656e-08,0.00019235526269767433,2026092702,coupled_lag1
behavior.2,28,196,1.4901161193847656e-08,0.00019009025709237903,2026092702,coupled_lag1
time.0,28,197,2.2351741790771484e-08,0.0006551852566190064,2026092702,coupled_lag1
time.1,28,197,1.4901161193847656e-08,0.00021293807367328554,2026092702,coupled_lag1
time.2,28,197,2.9802322387695312e-08,0.0007207083981484175,2026092702,coupled_lag1
behavior.0,28,197,1.4901161193847656e-08,0.00027566117933019996,2026092702,coupled_lag1
behavior.1,28,197,1.4901161193847656e-08,0.00018100030138157308,2026092702,coupled_lag1
behavior.2,28,197,1.4901161193847656e-08,0.0002217231085523963,2026092702,coupled_lag1
time.0,28,198,2.2351741790771484e-08,0.0006167122046463192,2026092702,coupled_lag1
time.1,28,198,1.4901161193847656e-08,0.00019325275206938386,2026092702,coupled_lag1
time.2,28,198,2.2351741790771484e-08,0.0006094773416407406,2026092702,coupled_lag1
behavior.0,28,198,1.4901161193847656e-08,0.0002581777225714177,2026092702,coupled_lag1
behavior.1,28,198,1.4901161193847656e-08,0.00019799775327555835,2026092702,coupled_lag1
behavior.2,28,198,1.4901161193847656e-08,0.00015917117707431316,2026092702,coupled_lag1
time.0,28,199,2.9802322387695312e-08,0.0006871696095913649,2026092702,coupled_lag1
time.1,28,199,1.4901161193847656e-08,0.00022187620925251395,2026092702,coupled_lag1
time.2,28,199,2.9802322387695312e-08,0.0007610946195200086,2026092702,coupled_lag1
behavior.0,28,199,1.4901161193847656e-08,0.000285167305264622,2026092702,coupled_lag1
behavior.1,28,199,1.4901161193847656e-08,0.0001942833769135177,2026092702,coupled_lag1
behavior.2,28,199,1.4901161193847656e-08,0.0002810803707689047,2026092702,coupled_lag1
time.0,28,200,2.2351741790771484e-08,0.0007583290571346879,2026092702,coupled_lag1
time.1,28,200,1.4901161193847656e-08,0.0002469610481057316,2026092702,coupled_lag1
time.2,28,200,2.9802322387695312e-08,0.0008732395945116878,2026092702,coupled_lag1
behavior.0,28,200,1.4901161193847656e-08,0.00027110858354717493,2026092702,coupled_lag1
behavior.1,28,200,1.4901161193847656e-08,0.00018460903083905578,2026092702,coupled_lag1
behavior.2,28,200,1.4901161193847656e-08,0.00018475651449989527,2026092702,coupled_lag1
time.0,28,1,2.9802322387695312e-08,0.0007405274664051831,2026092702,coupled_lag4
time.1,28,1,1.4901161193847656e-08,0.00025624147383496165,2026092702,coupled_lag4
time.2,28,1,1.4901161193847656e-08,0.0003425637842155993,2026092702,coupled_lag4
behavior.0,28,1,1.4901161193847656e-08,0.0003656275512184948,2026092702,coupled_lag4
behavior.1,28,1,1.4901161193847656e-08,0.0001682377333054319,2026092702,coupled_lag4
behavior.2,28,1,7.450580596923828e-09,8.276191510958597e-05,2026092702,coupled_lag4
time.0,28,2,2.9802322387695312e-08,0.0007273625815287232,2026092702,coupled_lag4
time.1,28,2,1.4901161193847656e-08,0.0002528721233829856,2026092702,coupled_lag4
time.2,28,2,2.2351741790771484e-08,0.000347783206962049,2026092702,coupled_lag4
behavior.0,28,2,2.2351741790771484e-08,0.000337896024575457,2026092702,coupled_lag4
behavior.1,28,2,1.4901161193847656e-08,0.00016560849326197058,2026092702,coupled_lag4
behavior.2,28,2,1.1175870895385742e-08,9.736743231769651e-05,2026092702,coupled_lag4
time.0,28,3,2.9802322387695312e-08,0.0006713461480103433,2026092702,coupled_lag4
time.1,28,3,2.2351741790771484e-08,0.00022320444986689836,2026092702,coupled_lag4
time.2,28,3,1.4901161193847656e-08,0.0003867959894705564,2026092702,coupled_lag4
behavior.0,28,3,1.4901161193847656e-08,0.00039002022822387516,2026092702,coupled_lag4
behavior.1,28,3,1.4901161193847656e-08,0.00016801372112240642,2026092702,coupled_lag4
behavior.2,28,3,1.4901161193847656e-08,0.0001296467671636492,2026092702,coupled_lag4
time.0,28,4,2.2351741790771484e-08,0.0007409375975839794,2026092702,coupled_lag4
time.1,28,4,1.4901161193847656e-08,0.0002712642017286271,2026092702,coupled_lag4
time.2,28,4,1.4901161193847656e-08,0.00045525107998400927,2026092702,coupled_lag4
behavior.0,28,4,1.4901161193847656e-08,0.0003504798805806786,2026092702,coupled_lag4
behavior.1,28,4,1.4901161193847656e-08,0.0001438442850485444,2026092702,coupled_lag4
behavior.2,28,4,1.4901161193847656e-08,0.000123253368656151,2026092702,coupled_lag4
time.0,28,5,2.2351741790771484e-08,0.0006678266800008714,2026092702,coupled_lag4
time.1,28,5,1.4901161193847656e-08,0.00023725822393316776,2026092702,coupled_lag4
time.2,28,5,1.4901161193847656e-08,0.0003632988082244992,2026092702,coupled_lag4
behavior.0,28,5,2.2351741790771484e-08,0.00035170980845578015,2026092702,coupled_lag4
behavior.1,28,5,2.2351741790771484e-08,0.00014856294728815556,2026092702,coupled_lag4
behavior.2,28,5,1.1175870895385742e-08,0.00011459290544735268,2026092702,coupled_lag4
time.0,28,6,2.2351741790771484e-08,0.0006585992523469031,2026092702,coupled_lag4
time.1,28,6,1.4901161193847656e-08,0.00022637465735897422,2026092702,coupled_lag4
time.2,28,6,2.2351741790771484e-08,0.0003994322323706001,2026092702,coupled_lag4
behavior.0,28,6,1.4901161193847656e-08,0.0003557297168299556,2026092702,coupled_lag4
behavior.1,28,6,1.4901161193847656e-08,0.00014470453606918454,2026092702,coupled_lag4
behavior.2,28,6,7.450580596923828e-09,0.00011110483319498599,2026092702,coupled_lag4
time.0,28,7,1.4901161193847656e-08,0.0006512536783702672,2026092702,coupled_lag4
time.1,28,7,2.2351741790771484e-08,0.0002196163550252095,2026092702,coupled_lag4
time.2,28,7,1.4901161193847656e-08,0.0003916073765140027,2026092702,coupled_lag4
behavior.0,28,7,1.4901161193847656e-08,0.0003405287570785731,2026092702,coupled_lag4
behavior.1,28,7,1.4901161193847656e-08,0.0001397054293192923,2026092702,coupled_lag4
behavior.2,28,7,1.4901161193847656e-08,0.00012042652815580368,2026092702,coupled_lag4
time.0,28,8,2.9802322387695312e-08,0.0006580308545380831,2026092702,coupled_lag4
time.1,28,8,1.1175870895385742e-08,0.00022609683219343424,2026092702,coupled_lag4
time.2,28,8,2.9802322387695312e-08,0.0004170567844994366,2026092702,coupled_lag4
behavior.0,28,8,1.4901161193847656e-08,0.00034742263960652053,2026092702,coupled_lag4
behavior.1,28,8,1.4901161193847656e-08,0.00014759889745619148,2026092702,coupled_lag4
behavior.2,28,8,1.4901161193847656e-08,0.00011944565630983561,2026092702,coupled_lag4
time.0,28,9,2.2351741790771484e-08,0.0006627272232435644,2026092702,coupled_lag4
time.1,28,9,1.4901161193847656e-08,0.00021640790509991348,2026092702,coupled_lag4
time.2,28,9,1.4901161193847656e-08,0.00038983894046396017,2026092702,coupled_lag4
behavior.0,28,9,2.2351741790771484e-08,0.00034451312967576087,2026092702,coupled_lag4
behavior.1,28,9,1.4901161193847656e-08,0.00014671811368316412,2026092702,coupled_lag4
behavior.2,28,9,1.1175870895385742e-08,0.00012099345622118562,2026092702,coupled_lag4
time.0,28,10,2.9802322387695312e-08,0.0007335875416174531,2026092702,coupled_lag4
time.1,28,10,1.4901161193847656e-08,0.0002434399793855846,2026092702,coupled_lag4
time.2,28,10,1.4901161193847656e-08,0.00047332310350611806,2026092702,coupled_lag4
behavior.0,28,10,1.4901161193847656e-08,0.00033985820482484996,2026092702,coupled_lag4
behavior.1,28,10,1.4901161193847656e-08,0.00015485231415368617,2026092702,coupled_lag4
behavior.2,28,10,1.4901161193847656e-08,0.00012238899944350123,2026092702,coupled_lag4
time.0,28,11,2.2351741790771484e-08,0.0006517287692986429,2026092702,coupled_lag4
time.1,28,11,2.2351741790771484e-08,0.00023528172459919006,2026092702,coupled_lag4
time.2,28,11,2.9802322387695312e-08,0.00043100598850287497,2026092702,coupled_lag4
behavior.0,28,11,1.4901161193847656e-08,0.000339734397130087,2026092702,coupled_lag4
behavior.1,28,11,2.2351741790771484e-08,0.00015100615564733744,2026092702,coupled_lag4
behavior.2,28,11,1.4901161193847656e-08,0.0001373908598907292,2026092702,coupled_lag4
time.0,28,12,2.2351741790771484e-08,0.0007255556411109865,2026092702,coupled_lag4
time.1,28,12,1.4901161193847656e-08,0.0002445025311317295,2026092702,coupled_lag4
time.2,28,12,2.2351741790771484e-08,0.00046830245992168784,2026092702,coupled_lag4
behavior.0,28,12,1.4901161193847656e-08,0.0002998333366122097,2026092702,coupled_lag4
behavior.1,28,12,1.4901161193847656e-08,0.0001313181419391185,2026092702,coupled_lag4
behavior.2,28,12,1.4901161193847656e-08,0.00012160643382230774,2026092702,coupled_lag4
time.0,28,13,2.2351741790771484e-08,0.0006369100883603096,2026092702,coupled_lag4
time.1,28,13,1.1175870895385742e-08,0.00023409308050759137,2026092702,coupled_lag4
time.2,28,13,2.9802322387695312e-08,0.00042519468115642667,2026092702,coupled_lag4
behavior.0,28,13,1.4901161193847656e-08,0.0003430765646044165,2026092702,coupled_lag4
behavior.1,28,13,1.4901161193847656e-08,0.0001767440844560042,2026092702,coupled_lag4
behavior.2,28,13,1.1175870895385742e-08,0.00013279521954245865,2026092702,coupled_lag4
time.0,28,14,2.9802322387695312e-08,0.0006320936372503638,2026092702,coupled_lag4
time.1,28,14,1.4901161193847656e-08,0.00022259441902861,2026092702,coupled_lag4
time.2,28,14,1.4901161193847656e-08,0.00039308599662035704,2026092702,coupled_lag4
behavior.0,28,14,1.4901161193847656e-08,0.0003197038604412228,2026092702,coupled_lag4
behavior.1,28,14,1.4901161193847656e-08,0.00016160130326170474,2026092702,coupled_lag4
behavior.2,28,14,1.4901161193847656e-08,0.00012861605500802398,2026092702,coupled_lag4
time.0,28,15,2.2351741790771484e-08,0.000634757976513356,2026092702,coupled_lag4
time.1,28,15,1.4901161193847656e-08,0.00022703474678564817,2026092702,coupled_lag4
time.2,28,15,2.2351741790771484e-08,0.0004325407207943499,2026092702,coupled_lag4
behavior.0,28,15,2.2351741790771484e-08,0.000334566313540563,2026092702,coupled_lag4
behavior.1,28,15,2.2351741790771484e-08,0.00017292685515712947,2026092702,coupled_lag4
behavior.2,28,15,1.4901161193847656e-08,0.0001498669444117695,2026092702,coupled_lag4
time.0,28,16,1.4901161193847656e-08,0.0007794451666995883,2026092702,coupled_lag4
time.1,28,16,1.4901161193847656e-08,0.0002691997215151787,2026092702,coupled_lag4
time.2,28,16,2.9802322387695312e-08,0.000589713454246521,2026092702,coupled_lag4
behavior.0,28,16,1.4901161193847656e-08,0.00032043614191934466,2026092702,coupled_lag4
behavior.1,28,16,1.4901161193847656e-08,0.00016476759628858417,2026092702,coupled_lag4
behavior.2,28,16,7.450580596923828e-09,0.0001365149801131338,2026092702,coupled_lag4
time.0,28,17,2.9802322387695312e-08,0.0007478444022126496,2026092702,coupled_lag4
time.1,28,17,1.4901161193847656e-08,0.0002753004082478583,2026092702,coupled_lag4
time.2,28,17,1.4901161193847656e-08,0.0005381332593970001,2026092702,coupled_lag4
behavior.0,28,17,1.4901161193847656e-08,0.00029669346986338496,2026092702,coupled_lag4
behavior.1,28,17,1.4901161193847656e-08,0.0001549526787130162,2026092702,coupled_lag4
behavior.2,28,17,1.4901161193847656e-08,0.0001240027486346662,2026092702,coupled_lag4
time.0,28,18,2.2351741790771484e-08,0.0006697981152683496,2026092702,coupled_lag4
time.1,28,18,1.4901161193847656e-08,0.0002531154896132648,2026092702,coupled_lag4
time.2,28,18,1.4901161193847656e-08,0.0004690284258686006,2026092702,coupled_lag4
behavior.0,28,18,2.2351741790771484e-08,0.000302197557175532,2026092702,coupled_lag4
behavior.1,28,18,1.4901161193847656e-08,0.0001599316019564867,2026092702,coupled_lag4
behavior.2,28,18,1.4901161193847656e-08,0.00011685494246194139,2026092702,coupled_lag4
time.0,28,19,2.2351741790771484e-08,0.0007088586571626365,2026092702,coupled_lag4
time.1,28,19,1.4901161193847656e-08,0.00025500444462522864,2026092702,coupled_lag4
time.2,28,19,2.9802322387695312e-08,0.0005319529445841908,2026092702,coupled_lag4
behavior.0,28,19,1.4901161193847656e-08,0.0002997928822878748,2026092702,coupled_lag4
behavior.1,28,19,1.4901161193847656e-08,0.00015987646474968642,2026092702,coupled_lag4
behavior.2,28,19,1.4901161193847656e-08,0.00013253901852294803,2026092702,coupled_lag4
time.0,28,20,2.2351741790771484e-08,0.0006778357783332467,2026092702,coupled_lag4
time.1,28,20,1.1175870895385742e-08,0.00023954050266183913,2026092702,coupled_lag4
time.2,28,20,1.4901161193847656e-08,0.0003940235765185207,2026092702,coupled_lag4
behavior.0,28,20,1.4901161193847656e-08,0.00030341465026140213,2026092702,coupled_lag4
behavior.1,28,20,1.4901161193847656e-08,0.00015682895900681615,2026092702,coupled_lag4
behavior.2,28,20,1.1175870895385742e-08,0.00015100257587619126,2026092702,coupled_lag4
time.0,28,21,2.2351741790771484e-08,0.0006177911418490112,2026092702,coupled_lag4
time.1,28,21,1.4901161193847656e-08,0.00023085223801899701,2026092702,coupled_lag4
time.2,28,21,2.2351741790771484e-08,0.0004218356334604323,2026092702,coupled_lag4
behavior.0,28,21,2.2351741790771484e-08,0.0003185808309353888,2026092702,coupled_lag4
behavior.1,28,21,1.1175870895385742e-08,0.00017069569730665535,2026092702,coupled_lag4
behavior.2,28,21,1.4901161193847656e-08,0.00014835191541351378,2026092702,coupled_lag4
time.0,28,22,2.2351741790771484e-08,0.0007398611633107066,2026092702,coupled_lag4
time.1,28,22,1.4901161193847656e-08,0.00025447807274758816,2026092702,coupled_lag4
time.2,28,22,2.9802322387695312e-08,0.0004815266584046185,2026092702,coupled_lag4
behavior.0,28,22,1.4901161193847656e-08,0.0002886800211854279,2026092702,coupled_lag4
behavior.1,28,22,1.4901161193847656e-08,0.0001524778053862974,2026092702,coupled_lag4
behavior.2,28,22,1.4901161193847656e-08,0.00013005545770283788,2026092702,coupled_lag4
time.0,28,23,2.9802322387695312e-08,0.0007276901160366833,2026092702,coupled_lag4
time.1,28,23,1.4901161193847656e-08,0.00026193924713879824,2026092702,coupled_lag4
time.2,28,23,2.9802322387695312e-08,0.0005370734143070877,2026092702,coupled_lag4
behavior.0,28,23,1.4901161193847656e-08,0.00029247012571431696,2026092702,coupled_lag4
behavior.1,28,23,1.4901161193847656e-08,0.00015525786147918552,2026092702,coupled_lag4
behavior.2,28,23,1.1175870895385742e-08,0.00013164672418497503,2026092702,coupled_lag4
time.0,28,24,2.2351741790771484e-08,0.0006420186837203801,2026092702,coupled_lag4
time.1,28,24,1.4901161193847656e-08,0.0002289806434419006,2026092702,coupled_lag4
time.2,28,24,2.9802322387695312e-08,0.0004588778829202056,2026092702,coupled_lag4
behavior.0,28,24,1.4901161193847656e-08,0.0002926938468590379,2026092702,coupled_lag4
behavior.1,28,24,1.4901161193847656e-08,0.00016733893426135182,2026092702,coupled_lag4
behavior.2,28,24,1.1175870895385742e-08,0.0001315819245064631,2026092702,coupled_lag4
time.0,28,25,2.2351741790771484e-08,0.0008457331568934023,2026092702,coupled_lag4
time.1,28,25,1.4901161193847656e-08,0.0002965204184874892,2026092702,coupled_lag4
time.2,28,25,4.470348358154297e-08,0.0006812863284721971,2026092702,coupled_lag4
behavior.0,28,25,2.2351741790771484e-08,0.00031404095352627337,2026092702,coupled_lag4
behavior.1,28,25,1.4901161193847656e-08,0.0001858059986261651,2026092702,coupled_lag4
behavior.2,28,25,1.1175870895385742e-08,0.00016624205454718322,2026092702,coupled_lag4
time.0,28,26,2.2351741790771484e-08,0.0007265248568728566,2026092702,coupled_lag4
time.1,28,26,1.4901161193847656e-08,0.00025720061967149377,2026092702,coupled_lag4
time.2,28,26,2.9802322387695312e-08,0.0005848570144735277,2026092702,coupled_lag4
behavior.0,28,26,1.4901161193847656e-08,0.0002846754505299032,2026092702,coupled_lag4
behavior.1,28,26,1.4901161193847656e-08,0.00015859579434618354,2026092702,coupled_lag4
behavior.2,28,26,1.4901161193847656e-08,0.00012611057900357991,2026092702,coupled_lag4
time.0,28,27,1.4901161193847656e-08,0.0007230971241369843,2026092702,coupled_lag4
time.1,28,27,1.4901161193847656e-08,0.00025759110576473176,2026092702,coupled_lag4
time.2,28,27,2.9802322387695312e-08,0.0005871659377589822,2026092702,coupled_lag4
behavior.0,28,27,2.2351741790771484e-08,0.00031464631319977343,2026092702,coupled_lag4
behavior.1,28,27,2.2351741790771484e-08,0.00018072404782287776,2026092702,coupled_lag4
behavior.2,28,27,1.4901161193847656e-08,0.00015434203669428825,2026092702,coupled_lag4
time.0,28,28,1.4901161193847656e-08,0.000741690571885556,2026092702,coupled_lag4
time.1,28,28,1.4901161193847656e-08,0.0002573335950728506,2026092702,coupled_lag4
time.2,28,28,1.4901161193847656e-08,0.0006466518971137702,2026092702,coupled_lag4
behavior.0,28,28,1.4901161193847656e-08,0.00030311167938634753,2026092702,coupled_lag4
behavior.1,28,28,1.4901161193847656e-08,0.00016862408665474504,2026092702,coupled_lag4
behavior.2,28,28,1.1175870895385742e-08,0.0001476089091738686,2026092702,coupled_lag4
time.0,28,29,2.9802322387695312e-08,0.0006561331683769822,2026092702,coupled_lag4
time.1,28,29,1.4901161193847656e-08,0.00021926827321294695,2026092702,coupled_lag4
time.2,28,29,2.9802322387695312e-08,0.0005169246578589082,2026092702,coupled_lag4
behavior.0,28,29,2.2351741790771484e-08,0.00029445733525790274,2026092702,coupled_lag4
behavior.1,28,29,1.4901161193847656e-08,0.0001693001831881702,2026092702,coupled_lag4
behavior.2,28,29,1.4901161193847656e-08,0.0001598966191522777,2026092702,coupled_lag4
time.0,28,30,2.9802322387695312e-08,0.0007050520507618785,2026092702,coupled_lag4
time.1,28,30,1.862645149230957e-08,0.00023586612951476127,2026092702,coupled_lag4
time.2,28,30,1.4901161193847656e-08,0.0004957708297297359,2026092702,coupled_lag4
behavior.0,28,30,1.4901161193847656e-08,0.00028983212541788816,2026092702,coupled_lag4
behavior.1,28,30,1.4901161193847656e-08,0.0001645954471314326,2026092702,coupled_lag4
behavior.2,28,30,1.4901161193847656e-08,0.00013926684914622456,2026092702,coupled_lag4
time.0,28,31,2.2351741790771484e-08,0.0005948373000137508,2026092702,coupled_lag4
time.1,28,31,7.450580596923828e-09,0.0002161689626518637,2026092702,coupled_lag4
time.2,28,31,1.4901161193847656e-08,0.00043112545972689986,2026092702,coupled_lag4
behavior.0,28,31,2.2351741790771484e-08,0.0003128739190287888,2026092702,coupled_lag4
behavior.1,28,31,1.4901161193847656e-08,0.00017725248471833766,2026092702,coupled_lag4
behavior.2,28,31,2.2351741790771484e-08,0.00016636420332361013,2026092702,coupled_lag4
time.0,28,32,2.2351741790771484e-08,0.0005617559072561562,2026092702,coupled_lag4
time.1,28,32,1.4901161193847656e-08,0.00020191032672300935,2026092702,coupled_lag4
time.2,28,32,2.2351741790771484e-08,0.0004010876873508096,2026092702,coupled_lag4
behavior.0,28,32,1.4901161193847656e-08,0.0002899862884078175,2026092702,coupled_lag4
behavior.1,28,32,1.4901161193847656e-08,0.00015504097973462194,2026092702,coupled_lag4
behavior.2,28,32,1.4901161193847656e-08,0.0001585412974236533,2026092702,coupled_lag4
time.0,28,33,2.2351741790771484e-08,0.000622713181655854,2026092702,coupled_lag4
time.1,28,33,1.4901161193847656e-08,0.00021876476239413023,2026092702,coupled_lag4
time.2,28,33,2.9802322387695312e-08,0.0004511023289524019,2026092702,coupled_lag4
behavior.0,28,33,2.2351741790771484e-08,0.00029094176716171205,2026092702,coupled_lag4
behavior.1,28,33,1.4901161193847656e-08,0.0001720949512673542,2026092702,coupled_lag4
behavior.2,28,33,1.4901161193847656e-08,0.0001562808611197397,2026092702,coupled_lag4
time.0,28,34,2.2351741790771484e-08,0.0006763360579498112,2026092702,coupled_lag4
time.1,28,34,1.4901161193847656e-08,0.0002351606235606596,2026092702,coupled_lag4
time.2,28,34,2.2351741790771484e-08,0.0005050224135629833,2026092702,coupled_lag4
behavior.0,28,34,1.4901161193847656e-08,0.0003003826714120805,2026092702,coupled_lag4
behavior.1,28,34,2.2351741790771484e-08,0.00018299072689842433,2026092702,coupled_lag4
behavior.2,28,34,1.4901161193847656e-08,0.00020788624533452094,2026092702,coupled_lag4
time.0,28,35,2.9802322387695312e-08,0.0007561405654996634,2026092702,coupled_lag4
time.1,28,35,1.4901161193847656e-08,0.00027486527687869966,2026092702,coupled_lag4
time.2,28,35,2.9802322387695312e-08,0.0006728761363774538,2026092702,coupled_lag4
behavior.0,28,35,1.4901161193847656e-08,0.00027945046895183623,2026092702,coupled_lag4
behavior.1,28,35,1.1175870895385742e-08,0.00015666315448470414,2026092702,coupled_lag4
behavior.2,28,35,1.1175870895385742e-08,0.0001492915180278942,2026092702,coupled_lag4
time.0,28,36,1.4901161193847656e-08,0.0006638116901740432,2026092702,coupled_lag4
time.1,28,36,7.450580596923828e-09,0.00024256741744466126,2026092702,coupled_lag4
time.2,28,36,2.9802322387695312e-08,0.0005918270326219499,2026092702,coupled_lag4
behavior.0,28,36,2.2351741790771484e-08,0.00029432724113576114,2026092702,coupled_lag4
behavior.1,28,36,1.4901161193847656e-08,0.0001773087278706953,2026092702,coupled_lag4
behavior.2,28,36,1.1175870895385742e-08,0.00014312934945337474,2026092702,coupled_lag4
time.0,28,37,1.4901161193847656e-08,0.0006888280040584505,2026092702,coupled_lag4
time.1,28,37,1.1175870895385742e-08,0.00025053013814613223,2026092702,coupled_lag4
time.2,28,37,2.9802322387695312e-08,0.0006433107773773372,2026092702,coupled_lag4
behavior.0,28,37,1.4901161193847656e-08,0.00028223288245499134,2026092702,coupled_lag4
behavior.1,28,37,1.4901161193847656e-08,0.00015827831521164626,2026092702,coupled_lag4
behavior.2,28,37,1.1175870895385742e-08,0.00013372358807828277,2026092702,coupled_lag4
time.0,28,38,2.9802322387695312e-08,0.000677474366966635,2026092702,coupled_lag4
time.1,28,38,1.4901161193847656e-08,0.00023478367074858397,2026092702,coupled_lag4
time.2,28,38,2.2351741790771484e-08,0.0005926177254877985,2026092702,coupled_lag4
behavior.0,28,38,1.4901161193847656e-08,0.0002757857146207243,2026092702,coupled_lag4
behavior.1,28,38,1.1175870895385742e-08,0.00016584903642069548,2026092702,coupled_lag4
behavior.2,28,38,1.1175870895385742e-08,0.00015569971583317965,2026092702,coupled_lag4
time.0,28,39,1.4901161193847656e-08,0.0007010626723058522,2026092702,coupled_lag4
time.1,28,39,1.4901161193847656e-08,0.00024331668100785464,2026092702,coupled_lag4
time.2,28,39,2.9802322387695312e-08,0.000645047752186656,2026092702,coupled_lag4
behavior.0,28,39,1.4901161193847656e-08,0.00028752777143381536,2026092702,coupled_lag4
behavior.1,28,39,1.4901161193847656e-08,0.0001684773451415822,2026092702,coupled_lag4
behavior.2,28,39,7.450580596923828e-09,0.00013893134018871933,2026092702,coupled_lag4
time.0,28,40,2.9802322387695312e-08,0.0007007598760537803,2026092702,coupled_lag4
time.1,28,40,2.2351741790771484e-08,0.00023745952057652175,2026092702,coupled_lag4
time.2,28,40,2.9802322387695312e-08,0.0006386589375324547,2026092702,coupled_lag4
behavior.0,28,40,1.4901161193847656e-08,0.00030501160654239357,2026092702,coupled_lag4
behavior.1,28,40,1.4901161193847656e-08,0.0001970272569451481,2026092702,coupled_lag4
behavior.2,28,40,1.1175870895385742e-08,0.0001617425587028265,2026092702,coupled_lag4
time.0,28,41,1.4901161193847656e-08,0.0006182435899972916,2026092702,coupled_lag4
time.1,28,41,1.4901161193847656e-08,0.00021020420535933226,2026092702,coupled_lag4
time.2,28,41,2.2351741790771484e-08,0.0005322549841366708,2026092702,coupled_lag4
behavior.0,28,41,1.4901161193847656e-08,0.00027910820790566504,2026092702,coupled_lag4
behavior.1,28,41,1.4901161193847656e-08,0.0001707624614937231,2026092702,coupled_lag4
behavior.2,28,41,1.4901161193847656e-08,0.0001360998721793294,2026092702,coupled_lag4
time.0,28,42,1.4901161193847656e-08,0.0007259799749590456,2026092702,coupled_lag4
time.1,28,42,1.4901161193847656e-08,0.00025233218912035227,2026092702,coupled_lag4
time.2,28,42,4.470348358154297e-08,0.0006822035065852106,2026092702,coupled_lag4
behavior.0,28,42,1.4901161193847656e-08,0.00028984149685129523,2026092702,coupled_lag4
behavior.1,28,42,2.2351741790771484e-08,0.000167365389643237,2026092702,coupled_lag4
behavior.2,28,42,1.4901161193847656e-08,0.0001810254470910877,2026092702,coupled_lag4
time.0,28,43,2.2351741790771484e-08,0.0006479182047769427,2026092702,coupled_lag4
time.1,28,43,1.4901161193847656e-08,0.00022115053434390575,2026092702,coupled_lag4
time.2,28,43,2.9802322387695312e-08,0.0006165470113046467,2026092702,coupled_lag4
behavior.0,28,43,2.2351741790771484e-08,0.00029464991530403495,2026092702,coupled_lag4
behavior.1,28,43,1.4901161193847656e-08,0.00017411561566404998,2026092702,coupled_lag4
behavior.2,28,43,1.4901161193847656e-08,0.00014259517774917185,2026092702,coupled_lag4
time.0,28,44,1.4901161193847656e-08,0.0005899207899346948,2026092702,coupled_lag4
time.1,28,44,1.4901161193847656e-08,0.00020106040756218135,2026092702,coupled_lag4
time.2,28,44,1.4901161193847656e-08,0.000489070953335613,2026092702,coupled_lag4
behavior.0,28,44,1.4901161193847656e-08,0.0002943112631328404,2026092702,coupled_lag4
behavior.1,28,44,1.4901161193847656e-08,0.00016631410107947886,2026092702,coupled_lag4
behavior.2,28,44,1.4901161193847656e-08,0.00015869061462581158,2026092702,coupled_lag4
time.0,28,45,2.9802322387695312e-08,0.0006099272286519408,2026092702,coupled_lag4
time.1,28,45,1.4901161193847656e-08,0.00021370530885178596,2026092702,coupled_lag4
time.2,28,45,1.4901161193847656e-08,0.0005069944309070706,2026092702,coupled_lag4
behavior.0,28,45,1.4901161193847656e-08,0.0002703143691178411,2026092702,coupled_lag4
behavior.1,28,45,1.4901161193847656e-08,0.00017101035336963832,2026092702,coupled_lag4
behavior.2,28,45,1.4901161193847656e-08,0.0001261240686289966,2026092702,coupled_lag4
time.0,28,46,2.2351741790771484e-08,0.0006821703864261508,2026092702,coupled_lag4
time.1,28,46,1.4901161193847656e-08,0.00023687646898906678,2026092702,coupled_lag4
time.2,28,46,2.9802322387695312e-08,0.0005834146868437529,2026092702,coupled_lag4
behavior.0,28,46,1.4901161193847656e-08,0.0002930871560238302,2026092702,coupled_lag4
behavior.1,28,46,1.4901161193847656e-08,0.0001624636206543073,2026092702,coupled_lag4
behavior.2,28,46,1.1175870895385742e-08,0.00014896539505571127,2026092702,coupled_lag4
time.0,28,47,2.2351741790771484e-08,0.0006608903640881181,2026092702,coupled_lag4
time.1,28,47,1.4901161193847656e-08,0.00023026105191092938,2026092702,coupled_lag4
time.2,28,47,2.9802322387695312e-08,0.0005706137744709849,2026092702,coupled_lag4
behavior.0,28,47,1.4901161193847656e-08,0.0002802225935738534,2026092702,coupled_lag4
behavior.1,28,47,1.4901161193847656e-08,0.00017978234973270446,2026092702,coupled_lag4
behavior.2,28,47,1.4901161193847656e-08,0.00013673407374881208,2026092702,coupled_lag4
time.0,28,48,2.9802322387695312e-08,0.0006835016538389027,2026092702,coupled_lag4
time.1,28,48,1.4901161193847656e-08,0.00022345298202708364,2026092702,coupled_lag4
time.2,28,48,1.4901161193847656e-08,0.0005736846360377967,2026092702,coupled_lag4
behavior.0,28,48,2.2351741790771484e-08,0.0003079207381233573,2026092702,coupled_lag4
behavior.1,28,48,1.4901161193847656e-08,0.00018124688358511776,2026092702,coupled_lag4
behavior.2,28,48,1.4901161193847656e-08,0.00018581374024506658,2026092702,coupled_lag4
time.0,28,49,2.2351741790771484e-08,0.0007175288628786802,2026092702,coupled_lag4
time.1,28,49,1.4901161193847656e-08,0.0002467866288498044,2026092702,coupled_lag4
time.2,28,49,1.4901161193847656e-08,0.0006345940637402236,2026092702,coupled_lag4
behavior.0,28,49,1.4901161193847656e-08,0.00029716675635427237,2026092702,coupled_lag4
behavior.1,28,49,1.4901161193847656e-08,0.00017318293976131827,2026092702,coupled_lag4
behavior.2,28,49,1.4901161193847656e-08,0.000158093505888246,2026092702,coupled_lag4
time.0,28,50,2.2351741790771484e-08,0.000770909187849611,2026092702,coupled_lag4
time.1,28,50,1.1175870895385742e-08,0.00025693944189697504,2026092702,coupled_lag4
time.2,28,50,2.9802322387695312e-08,0.0007053067674860358,2026092702,coupled_lag4
behavior.0,28,50,1.4901161193847656e-08,0.0002782955707516521,2026092702,coupled_lag4
behavior.1,28,50,1.4901161193847656e-08,0.0001529189758002758,2026092702,coupled_lag4
behavior.2,28,50,1.4901161193847656e-08,0.0001598253584234044,2026092702,coupled_lag4
time.0,28,51,1.4901161193847656e-08,0.000717734161298722,2026092702,coupled_lag4
time.1,28,51,1.4901161193847656e-08,0.00023399041674565524,2026092702,coupled_lag4
time.2,28,51,2.9802322387695312e-08,0.0006718987133353949,2026092702,coupled_lag4
behavior.0,28,51,1.4901161193847656e-08,0.0002836128696799278,2026092702,coupled_lag4
behavior.1,28,51,1.4901161193847656e-08,0.00014672288671135902,2026092702,coupled_lag4
behavior.2,28,51,1.4901161193847656e-08,0.00019269292533863336,2026092702,coupled_lag4
time.0,28,52,2.2351741790771484e-08,0.0006545869982801378,2026092702,coupled_lag4
time.1,28,52,1.4901161193847656e-08,0.0002291208365932107,2026092702,coupled_lag4
time.2,28,52,1.4901161193847656e-08,0.0006595559534616768,2026092702,coupled_lag4
behavior.0,28,52,1.4901161193847656e-08,0.0002881669206544757,2026092702,coupled_lag4
behavior.1,28,52,1.4901161193847656e-08,0.00015696864284109324,2026092702,coupled_lag4
behavior.2,28,52,1.1175870895385742e-08,0.00014876601926516742,2026092702,coupled_lag4
time.0,28,53,2.2351741790771484e-08,0.0007245976594276726,2026092702,coupled_lag4
time.1,28,53,1.4901161193847656e-08,0.00025875173741951585,2026092702,coupled_lag4
time.2,28,53,2.9802322387695312e-08,0.0007515635224990547,2026092702,coupled_lag4
behavior.0,28,53,1.4901161193847656e-08,0.0002586370683275163,2026092702,coupled_lag4
behavior.1,28,53,1.4901161193847656e-08,0.0001439148181816563,2026092702,coupled_lag4
behavior.2,28,53,1.4901161193847656e-08,0.00013607529399450868,2026092702,coupled_lag4
time.0,28,54,2.2351741790771484e-08,0.0006336234509944916,2026092702,coupled_lag4
time.1,28,54,1.4901161193847656e-08,0.00021466676844283938,2026092702,coupled_lag4
time.2,28,54,2.2351741790771484e-08,0.000642410886939615,2026092702,coupled_lag4
behavior.0,28,54,1.4901161193847656e-08,0.00028619039221666753,2026092702,coupled_lag4
behavior.1,28,54,2.2351741790771484e-08,0.0001523491955595091,2026092702,coupled_lag4
behavior.2,28,54,1.4901161193847656e-08,0.0001590958418091759,2026092702,coupled_lag4
time.0,28,55,1.4901161193847656e-08,0.0006930129020474851,2026092702,coupled_lag4
time.1,28,55,7.450580596923828e-09,0.000236996726016514,2026092702,coupled_lag4
time.2,28,55,1.4901161193847656e-08,0.0007412095437757671,2026092702,coupled_lag4
behavior.0,28,55,1.4901161193847656e-08,0.00026681725285016,2026092702,coupled_lag4
behavior.1,28,55,1.4901161193847656e-08,0.00015220891509670764,2026092702,coupled_lag4
behavior.2,28,55,1.1175870895385742e-08,0.0001414024009136483,2026092702,coupled_lag4
time.0,28,56,2.2351741790771484e-08,0.0006999988690949976,2026092702,coupled_lag4
time.1,28,56,1.4901161193847656e-08,0.0002306162059539929,2026092702,coupled_lag4
time.2,28,56,2.2351741790771484e-08,0.0006399221601895988,2026092702,coupled_lag4
behavior.0,28,56,1.4901161193847656e-08,0.0002752342261373997,2026092702,coupled_lag4
behavior.1,28,56,1.4901161193847656e-08,0.00015818241809029132,2026092702,coupled_lag4
behavior.2,28,56,1.4901161193847656e-08,0.00015022109437268227,2026092702,coupled_lag4
time.0,28,57,1.4901161193847656e-08,0.0005915291840210557,2026092702,coupled_lag4
time.1,28,57,1.4901161193847656e-08,0.0002055903460131958,2026092702,coupled_lag4
time.2,28,57,1.4901161193847656e-08,0.000561460037715733,2026092702,coupled_lag4
behavior.0,28,57,1.4901161193847656e-08,0.00026955088833346963,2026092702,coupled_lag4
behavior.1,28,57,1.4901161193847656e-08,0.00016151153249666095,2026092702,coupled_lag4
behavior.2,28,57,1.1175870895385742e-08,0.00015764954150654376,2026092702,coupled_lag4
time.0,28,58,2.2351741790771484e-08,0.0006386545719578862,2026092702,coupled_lag4
time.1,28,58,1.4901161193847656e-08,0.0002130882057826966,2026092702,coupled_lag4
time.2,28,58,2.9802322387695312e-08,0.0005308428080752492,2026092702,coupled_lag4
behavior.0,28,58,2.2351741790771484e-08,0.0002853811893146485,2026092702,coupled_lag4
behavior.1,28,58,1.4901161193847656e-08,0.00016179947124328464,2026092702,coupled_lag4
behavior.2,28,58,1.4901161193847656e-08,0.0001579001545906067,2026092702,coupled_lag4
time.0,28,59,1.4901161193847656e-08,0.0006649151328019798,2026092702,coupled_lag4
time.1,28,59,1.4901161193847656e-08,0.00022391874517779797,2026092702,coupled_lag4
time.2,28,59,1.4901161193847656e-08,0.0005457056104205549,2026092702,coupled_lag4
behavior.0,28,59,2.2351741790771484e-08,0.000291892618406564,2026092702,coupled_lag4
behavior.1,28,59,1.4901161193847656e-08,0.00016395353304687887,2026092702,coupled_lag4
behavior.2,28,59,1.4901161193847656e-08,0.00017609655333217233,2026092702,coupled_lag4
time.0,28,60,2.2351741790771484e-08,0.0006045635091140866,2026092702,coupled_lag4
time.1,28,60,1.4901161193847656e-08,0.00020156717801000923,2026092702,coupled_lag4
time.2,28,60,1.4901161193847656e-08,0.00045228697126731277,2026092702,coupled_lag4
behavior.0,28,60,2.2351741790771484e-08,0.0002761173527687788,2026092702,coupled_lag4
behavior.1,28,60,1.4901161193847656e-08,0.0001527112617623061,2026092702,coupled_lag4
behavior.2,28,60,1.4901161193847656e-08,0.00014093569188844413,2026092702,coupled_lag4
time.0,28,61,1.4901161193847656e-08,0.0007874293951317668,2026092702,coupled_lag4
time.1,28,61,2.2351741790771484e-08,0.00026557486853562295,2026092702,coupled_lag4
time.2,28,61,2.9802322387695312e-08,0.0007428669487126172,2026092702,coupled_lag4
behavior.0,28,61,2.2351741790771484e-08,0.00028340271092019975,2026092702,coupled_lag4
behavior.1,28,61,1.4901161193847656e-08,0.00015442390576936305,2026092702,coupled_lag4
behavior.2,28,61,2.2351741790771484e-08,0.00018556970462668687,2026092702,coupled_lag4
time.0,28,62,2.2351741790771484e-08,0.0006250467267818749,2026092702,coupled_lag4
time.1,28,62,1.4901161193847656e-08,0.00020898184448014945,2026092702,coupled_lag4
time.2,28,62,2.9802322387695312e-08,0.0005736526800319552,2026092702,coupled_lag4
behavior.0,28,62,1.4901161193847656e-08,0.0002861045941244811,2026092702,coupled_lag4
behavior.1,28,62,1.4901161193847656e-08,0.0001596554648131132,2026092702,coupled_lag4
behavior.2,28,62,1.4901161193847656e-08,0.0001581053511472419,2026092702,coupled_lag4
time.0,28,63,1.4901161193847656e-08,0.0006119251484051347,2026092702,coupled_lag4
time.1,28,63,1.1175870895385742e-08,0.00020781032799277455,2026092702,coupled_lag4
time.2,28,63,1.4901161193847656e-08,0.0005781677318736911,2026092702,coupled_lag4
behavior.0,28,63,1.4901161193847656e-08,0.0002946585591416806,2026092702,coupled_lag4
behavior.1,28,63,1.4901161193847656e-08,0.00015994923887774348,2026092702,coupled_lag4
behavior.2,28,63,1.1175870895385742e-08,0.00015535573766101152,2026092702,coupled_lag4
time.0,28,64,1.4901161193847656e-08,0.000703479687217623,2026092702,coupled_lag4
time.1,28,64,1.4901161193847656e-08,0.00023459181829821318,2026092702,coupled_lag4
time.2,28,64,2.9802322387695312e-08,0.0006788236205466092,2026092702,coupled_lag4
behavior.0,28,64,2.2351741790771484e-08,0.0002945090818684548,2026092702,coupled_lag4
behavior.1,28,64,2.2351741790771484e-08,0.00019080404308624566,2026092702,coupled_lag4
behavior.2,28,64,2.2351741790771484e-08,0.00017243200272787362,2026092702,coupled_lag4
time.0,28,65,1.4901161193847656e-08,0.0006637379410676658,2026092702,coupled_lag4
time.1,28,65,1.4901161193847656e-08,0.00022639098460786045,2026092702,coupled_lag4
time.2,28,65,1.4901161193847656e-08,0.0006772049237042665,2026092702,coupled_lag4
behavior.0,28,65,2.2351741790771484e-08,0.0002824514522217214,2026092702,coupled_lag4
behavior.1,28,65,1.4901161193847656e-08,0.00015855075616855174,2026092702,coupled_lag4
behavior.2,28,65,1.4901161193847656e-08,0.00014944451686460525,2026092702,coupled_lag4
time.0,28,66,1.4901161193847656e-08,0.0006797515670768917,2026092702,coupled_lag4
time.1,28,66,1.4901161193847656e-08,0.00023639589198864996,2026092702,coupled_lag4
time.2,28,66,2.9802322387695312e-08,0.0007807505899108946,2026092702,coupled_lag4
behavior.0,28,66,1.4901161193847656e-08,0.0002887554874178022,2026092702,coupled_lag4
behavior.1,28,66,1.4901161193847656e-08,0.0001606117293704301,2026092702,coupled_lag4
behavior.2,28,66,1.1175870895385742e-08,0.00015833033830858767,2026092702,coupled_lag4
time.0,28,67,1.4901161193847656e-08,0.0006059377919882536,2026092702,coupled_lag4
time.1,28,67,1.4901161193847656e-08,0.00021051896328572184,2026092702,coupled_lag4
time.2,28,67,2.2351741790771484e-08,0.0006336750811897218,2026092702,coupled_lag4
behavior.0,28,67,1.4901161193847656e-08,0.0002840569941326976,2026092702,coupled_lag4
behavior.1,28,67,1.1175870895385742e-08,0.00015446424367837608,2026092702,coupled_lag4
behavior.2,28,67,1.4901161193847656e-08,0.0001485423999838531,2026092702,coupled_lag4
time.0,28,68,2.9802322387695312e-08,0.0007464546943083405,2026092702,coupled_lag4
time.1,28,68,1.4901161193847656e-08,0.00025368924252688885,2026092702,coupled_lag4
time.2,28,68,1.4901161193847656e-08,0.0007022646022960544,2026092702,coupled_lag4
behavior.0,28,68,2.2351741790771484e-08,0.00030553987016901374,2026092702,coupled_lag4
behavior.1,28,68,1.4901161193847656e-08,0.00016198522644117475,2026092702,coupled_lag4
behavior.2,28,68,1.4901161193847656e-08,0.00020138213585596532,2026092702,coupled_lag4
time.0,28,69,2.2351741790771484e-08,0.0005366281257010996,2026092702,coupled_lag4
time.1,28,69,1.4901161193847656e-08,0.0001837220770539716,2026092702,coupled_lag4
time.2,28,69,2.2351741790771484e-08,0.0004514137399382889,2026092702,coupled_lag4
behavior.0,28,69,2.2351741790771484e-08,0.0002720456977840513,2026092702,coupled_lag4
behavior.1,28,69,1.4901161193847656e-08,0.00015212519792839885,2026092702,coupled_lag4
behavior.2,28,69,1.4901161193847656e-08,0.00017591290816199034,2026092702,coupled_lag4
time.0,28,70,2.9802322387695312e-08,0.0006485850317403674,2026092702,coupled_lag4
time.1,28,70,1.4901161193847656e-08,0.0002303386718267575,2026092702,coupled_lag4
time.2,28,70,2.9802322387695312e-08,0.000619864440523088,2026092702,coupled_lag4
behavior.0,28,70,1.4901161193847656e-08,0.00027896935353055596,2026092702,coupled_lag4
behavior.1,28,70,2.2351741790771484e-08,0.00015259376959875226,2026092702,coupled_lag4
behavior.2,28,70,1.4901161193847656e-08,0.00015172982239164412,2026092702,coupled_lag4
time.0,28,71,1.4901161193847656e-08,0.0005956738023087382,2026092702,coupled_lag4
time.1,28,71,1.1175870895385742e-08,0.0002144596801372245,2026092702,coupled_lag4
time.2,28,71,2.2351741790771484e-08,0.0005457710940390825,2026092702,coupled_lag4
behavior.0,28,71,1.4901161193847656e-08,0.0003029323124792427,2026092702,coupled_lag4
behavior.1,28,71,1.4901161193847656e-08,0.00017754340660758317,2026092702,coupled_lag4
behavior.2,28,71,1.4901161193847656e-08,0.00019464486103970557,2026092702,coupled_lag4
time.0,28,72,2.2351741790771484e-08,0.0006790763000026345,2026092702,coupled_lag4
time.1,28,72,1.4901161193847656e-08,0.0002487126912456006,2026092702,coupled_lag4
time.2,28,72,2.9802322387695312e-08,0.0006913358811289072,2026092702,coupled_lag4
behavior.0,28,72,2.2351741790771484e-08,0.00028616804047487676,2026092702,coupled_lag4
behavior.1,28,72,1.4901161193847656e-08,0.00015953481488395482,2026092702,coupled_lag4
behavior.2,28,72,1.1175870895385742e-08,0.00014649645891040564,2026092702,coupled_lag4
time.0,28,73,2.2351741790771484e-08,0.0006953697302378714,2026092702,coupled_lag4
time.1,28,73,1.4901161193847656e-08,0.00024656724417582154,2026092702,coupled_lag4
time.2,28,73,5.960464477539063e-08,0.0007451362325809896,2026092702,coupled_lag4
behavior.0,28,73,1.4901161193847656e-08,0.00029443015228025615,2026092702,coupled_lag4
behavior.1,28,73,1.4901161193847656e-08,0.00016903180221561342,2026092702,coupled_lag4
behavior.2,28,73,1.4901161193847656e-08,0.0001460141211282462,2026092702,coupled_lag4
time.0,28,74,1.4901161193847656e-08,0.0006670980365015566,2026092702,coupled_lag4
time.1,28,74,1.4901161193847656e-08,0.00023451999004464597,2026092702,coupled_lag4
time.2,28,74,2.9802322387695312e-08,0.0006839664420112967,2026092702,coupled_lag4
behavior.0,28,74,1.4901161193847656e-08,0.00029861292568966746,2026092702,coupled_lag4
behavior.1,28,74,1.4901161193847656e-08,0.00017708390078041703,2026092702,coupled_lag4
behavior.2,28,74,1.4901161193847656e-08,0.0001637555251363665,2026092702,coupled_lag4
time.0,28,75,2.9802322387695312e-08,0.0006112086120992899,2026092702,coupled_lag4
time.1,28,75,1.4901161193847656e-08,0.00021804957941640168,2026092702,coupled_lag4
time.2,28,75,2.9802322387695312e-08,0.0006977426237426698,2026092702,coupled_lag4
behavior.0,28,75,1.4901161193847656e-08,0.00030465630698017776,2026092702,coupled_lag4
behavior.1,28,75,1.4901161193847656e-08,0.0001709559583105147,2026092702,coupled_lag4
behavior.2,28,75,2.2351741790771484e-08,0.00018508470384404063,2026092702,coupled_lag4
time.0,28,76,2.9802322387695312e-08,0.0006413490627892315,2026092702,coupled_lag4
time.1,28,76,2.2351741790771484e-08,0.000236594132729806,2026092702,coupled_lag4
time.2,28,76,2.9802322387695312e-08,0.0007236403180286288,2026092702,coupled_lag4
behavior.0,28,76,1.4901161193847656e-08,0.00030388004961423576,2026092702,coupled_lag4
behavior.1,28,76,1.4901161193847656e-08,0.00017638255667407066,2026092702,coupled_lag4
behavior.2,28,76,1.1175870895385742e-08,0.0001679994456935674,2026092702,coupled_lag4
time.0,28,77,2.9802322387695312e-08,0.0006301893736235797,2026092702,coupled_lag4
time.1,28,77,1.4901161193847656e-08,0.00020966652664355934,2026092702,coupled_lag4
time.2,28,77,2.9802322387695312e-08,0.0005869276938028634,2026092702,coupled_lag4
behavior.0,28,77,1.4901161193847656e-08,0.00030006366432644427,2026092702,coupled_lag4
behavior.1,28,77,1.4901161193847656e-08,0.00016429720562882721,2026092702,coupled_lag4
behavior.2,28,77,1.4901161193847656e-08,0.00019887746020685881,2026092702,coupled_lag4
time.0,28,78,2.2351741790771484e-08,0.0007578014046885073,2026092702,coupled_lag4
time.1,28,78,1.4901161193847656e-08,0.0002506523160263896,2026092702,coupled_lag4
time.2,28,78,2.9802322387695312e-08,0.0007929208222776651,2026092702,coupled_lag4
behavior.0,28,78,1.4901161193847656e-08,0.00028193648904561996,2026092702,coupled_lag4
behavior.1,28,78,1.4901161193847656e-08,0.00014585004828404635,2026092702,coupled_lag4
behavior.2,28,78,1.4901161193847656e-08,0.00019395472190808505,2026092702,coupled_lag4
time.0,28,79,1.4901161193847656e-08,0.0006111990660429001,2026092702,coupled_lag4
time.1,28,79,1.1175870895385742e-08,0.00020932902407366782,2026092702,coupled_lag4
time.2,28,79,1.4901161193847656e-08,0.0005528790643438697,2026092702,coupled_lag4
behavior.0,28,79,2.2351741790771484e-08,0.00028389287763275206,2026092702,coupled_lag4
behavior.1,28,79,1.4901161193847656e-08,0.00016273172514047474,2026092702,coupled_lag4
behavior.2,28,79,1.4901161193847656e-08,0.00017476176435593516,2026092702,coupled_lag4
time.0,28,80,1.4901161193847656e-08,0.0007120796362869442,2026092702,coupled_lag4
time.1,28,80,2.2351741790771484e-08,0.00025355216348543763,2026092702,coupled_lag4
time.2,28,80,2.9802322387695312e-08,0.0007583983824588358,2026092702,coupled_lag4
behavior.0,28,80,1.4901161193847656e-08,0.0002938894322142005,2026092702,coupled_lag4
behavior.1,28,80,2.2351741790771484e-08,0.00018074290710501373,2026092702,coupled_lag4
behavior.2,28,80,1.1175870895385742e-08,0.0001498099009040743,2026092702,coupled_lag4
time.0,28,81,1.4901161193847656e-08,0.0007253678049892187,2026092702,coupled_lag4
time.1,28,81,1.4901161193847656e-08,0.000245688104769215,2026092702,coupled_lag4
time.2,28,81,4.470348358154297e-08,0.0007372312829829752,2026092702,coupled_lag4
behavior.0,28,81,1.4901161193847656e-08,0.00028641941025853157,2026092702,coupled_lag4
behavior.1,28,81,1.4901161193847656e-08,0.00016506861720699817,2026092702,coupled_lag4
behavior.2,28,81,2.2351741790771484e-08,0.00015657104086130857,2026092702,coupled_lag4
time.0,28,82,2.2351741790771484e-08,0.0007118351059034467,2026092702,coupled_lag4
time.1,28,82,1.1175870895385742e-08,0.0002443450503051281,2026092702,coupled_lag4
time.2,28,82,2.9802322387695312e-08,0.0007142207468859851,2026092702,coupled_lag4
behavior.0,28,82,1.4901161193847656e-08,0.00026738562155514956,2026092702,coupled_lag4
behavior.1,28,82,1.1175870895385742e-08,0.00015394770889542997,2026092702,coupled_lag4
behavior.2,28,82,1.1175870895385742e-08,0.0001541097735753283,2026092702,coupled_lag4
time.0,28,83,2.2351741790771484e-08,0.0006594458827748895,2026092702,coupled_lag4
time.1,28,83,1.4901161193847656e-08,0.00022822912433184683,2026092702,coupled_lag4
time.2,28,83,2.9802322387695312e-08,0.0006978231249377131,2026092702,coupled_lag4
behavior.0,28,83,2.2351741790771484e-08,0.00029144459404051304,2026092702,coupled_lag4
behavior.1,28,83,1.4901161193847656e-08,0.00016361920279450715,2026092702,coupled_lag4
behavior.2,28,83,1.4901161193847656e-08,0.00016715812671463937,2026092702,coupled_lag4
time.0,28,84,2.9802322387695312e-08,0.0006364362197928131,2026092702,coupled_lag4
time.1,28,84,1.4901161193847656e-08,0.00021330085291992873,2026092702,coupled_lag4
time.2,28,84,2.9802322387695312e-08,0.0005714965518563986,2026092702,coupled_lag4
behavior.0,28,84,2.2351741790771484e-08,0.000297030434012413,2026092702,coupled_lag4
behavior.1,28,84,1.4901161193847656e-08,0.00016623928968328983,2026092702,coupled_lag4
behavior.2,28,84,1.4901161193847656e-08,0.00020108275930397213,2026092702,coupled_lag4
time.0,28,85,1.4901161193847656e-08,0.0007318504503928125,2026092702,coupled_lag4
time.1,28,85,1.4901161193847656e-08,0.00027825889992527664,2026092702,coupled_lag4
time.2,28,85,2.9802322387695312e-08,0.0009157757740467787,2026092702,coupled_lag4
behavior.0,28,85,1.4901161193847656e-08,0.0002966461470350623,2026092702,coupled_lag4
behavior.1,28,85,1.4901161193847656e-08,0.00016602275718469173,2026092702,coupled_lag4
behavior.2,28,85,1.4901161193847656e-08,0.0001543554535601288,2026092702,coupled_lag4
time.0,28,86,2.2351741790771484e-08,0.00079163140617311,2026092702,coupled_lag4
time.1,28,86,1.4901161193847656e-08,0.00027780086384154856,2026092702,coupled_lag4
time.2,28,86,2.9802322387695312e-08,0.0008323287474922836,2026092702,coupled_lag4
behavior.0,28,86,1.4901161193847656e-08,0.00027547148056328297,2026092702,coupled_lag4
behavior.1,28,86,1.4901161193847656e-08,0.0001645616430323571,2026092702,coupled_lag4
behavior.2,28,86,1.862645149230957e-08,0.00015693248133175075,2026092702,coupled_lag4
time.0,28,87,2.2351741790771484e-08,0.0007277174736373127,2026092702,coupled_lag4
time.1,28,87,1.4901161193847656e-08,0.0002543040318414569,2026092702,coupled_lag4
time.2,28,87,2.9802322387695312e-08,0.0007741700974293053,2026092702,coupled_lag4
behavior.0,28,87,1.4901161193847656e-08,0.00027876562671735883,2026092702,coupled_lag4
behavior.1,28,87,1.4901161193847656e-08,0.00016177906945813447,2026092702,coupled_lag4
behavior.2,28,87,1.4901161193847656e-08,0.0001417018356733024,2026092702,coupled_lag4
time.0,28,88,2.9802322387695312e-08,0.0007835134165361524,2026092702,coupled_lag4
time.1,28,88,1.4901161193847656e-08,0.00027222061180509627,2026092702,coupled_lag4
time.2,28,88,1.4901161193847656e-08,0.0008127309265546501,2026092702,coupled_lag4
behavior.0,28,88,1.4901161193847656e-08,0.0002853822661563754,2026092702,coupled_lag4
behavior.1,28,88,1.4901161193847656e-08,0.00016588371363468468,2026092702,coupled_lag4
behavior.2,28,88,1.1175870895385742e-08,0.00016245307051576674,2026092702,coupled_lag4
time.0,28,89,2.2351741790771484e-08,0.000671292538754642,2026092702,coupled_lag4
time.1,28,89,1.4901161193847656e-08,0.00024203868815675378,2026092702,coupled_lag4
time.2,28,89,2.9802322387695312e-08,0.0007135533378459513,2026092702,coupled_lag4
behavior.0,28,89,2.2351741790771484e-08,0.00030727690318599343,2026092702,coupled_lag4
behavior.1,28,89,1.4901161193847656e-08,0.00017447298159822822,2026092702,coupled_lag4
behavior.2,28,89,1.4901161193847656e-08,0.00020810001296922565,2026092702,coupled_lag4
time.0,28,90,1.4901161193847656e-08,0.0006744254496879876,2026092702,coupled_lag4
time.1,28,90,1.4901161193847656e-08,0.00023833454179111868,2026092702,coupled_lag4
time.2,28,90,4.470348358154297e-08,0.0007952936575748026,2026092702,coupled_lag4
behavior.0,28,90,1.4901161193847656e-08,0.0002976376563310623,2026092702,coupled_lag4
behavior.1,28,90,2.2351741790771484e-08,0.00016829078958835453,2026092702,coupled_lag4
behavior.2,28,90,1.1175870895385742e-08,0.00017715638387016952,2026092702,coupled_lag4
time.0,28,91,2.9802322387695312e-08,0.0006126167136244476,2026092702,coupled_lag4
time.1,28,91,1.1175870895385742e-08,0.00021053948148619384,2026092702,coupled_lag4
time.2,28,91,2.9802322387695312e-08,0.0005915014771744609,2026092702,coupled_lag4
behavior.0,28,91,2.2351741790771484e-08,0.00029349743272177875,2026092702,coupled_lag4
behavior.1,28,91,1.4901161193847656e-08,0.0001750616793287918,2026092702,coupled_lag4
behavior.2,28,91,1.4901161193847656e-08,0.00019320467254146934,2026092702,coupled_lag4
time.0,28,92,1.4901161193847656e-08,0.0006835184176452458,2026092702,coupled_lag4
time.1,28,92,1.4901161193847656e-08,0.0002371234877500683,2026092702,coupled_lag4
time.2,28,92,2.9802322387695312e-08,0.0006375442026183009,2026092702,coupled_lag4
behavior.0,28,92,1.4901161193847656e-08,0.00029583610012196004,2026092702,coupled_lag4
behavior.1,28,92,1.4901161193847656e-08,0.00016834375855978578,2026092702,coupled_lag4
behavior.2,28,92,1.4901161193847656e-08,0.0002178675204049796,2026092702,coupled_lag4
time.0,28,93,2.9802322387695312e-08,0.0005951146595180035,2026092702,coupled_lag4
time.1,28,93,1.4901161193847656e-08,0.00020530042820610106,2026092702,coupled_lag4
time.2,28,93,2.9802322387695312e-08,0.0005677288281731308,2026092702,coupled_lag4
behavior.0,28,93,2.2351741790771484e-08,0.0003046253405045718,2026092702,coupled_lag4
behavior.1,28,93,1.4901161193847656e-08,0.00016710368799977005,2026092702,coupled_lag4
behavior.2,28,93,1.4901161193847656e-08,0.00018053878739010543,2026092702,coupled_lag4
time.0,28,94,1.4901161193847656e-08,0.0006372180650942028,2026092702,coupled_lag4
time.1,28,94,1.4901161193847656e-08,0.00021976546850055456,2026092702,coupled_lag4
time.2,28,94,2.9802322387695312e-08,0.0006170509732328355,2026092702,coupled_lag4
behavior.0,28,94,2.2351741790771484e-08,0.00027241898351348937,2026092702,coupled_lag4
behavior.1,28,94,7.450580596923828e-09,0.00016036244051065296,2026092702,coupled_lag4
behavior.2,28,94,1.4901161193847656e-08,0.00015211392019409686,2026092702,coupled_lag4
time.0,28,95,1.4901161193847656e-08,0.0006478799623437226,2026092702,coupled_lag4
time.1,28,95,1.1175870895385742e-08,0.00022093384177424014,2026092702,coupled_lag4
time.2,28,95,2.2351741790771484e-08,0.0006806541350670159,2026092702,coupled_lag4
behavior.0,28,95,1.1175870895385742e-08,0.0002831263991538435,2026092702,coupled_lag4
behavior.1,28,95,1.4901161193847656e-08,0.00015270619769580662,2026092702,coupled_lag4
behavior.2,28,95,1.4901161193847656e-08,0.0001683265872998163,2026092702,coupled_lag4
time.0,28,96,2.2351741790771484e-08,0.0006572663551196456,2026092702,coupled_lag4
time.1,28,96,1.4901161193847656e-08,0.0002165147161576897,2026092702,coupled_lag4
time.2,28,96,2.9802322387695312e-08,0.0006049764342606068,2026092702,coupled_lag4
behavior.0,28,96,1.4901161193847656e-08,0.0002868291630875319,2026092702,coupled_lag4
behavior.1,28,96,1.4901161193847656e-08,0.00016572599997743964,2026092702,coupled_lag4
behavior.2,28,96,1.4901161193847656e-08,0.00018981205357704312,2026092702,coupled_lag4
time.0,28,97,2.9802322387695312e-08,0.0007440116605721414,2026092702,coupled_lag4
time.1,28,97,2.2351741790771484e-08,0.0002601639134809375,2026092702,coupled_lag4
time.2,28,97,2.9802322387695312e-08,0.0007721400470472872,2026092702,coupled_lag4
behavior.0,28,97,1.4901161193847656e-08,0.00028044357895851135,2026092702,coupled_lag4
behavior.1,28,97,2.2351741790771484e-08,0.00015694904141128063,2026092702,coupled_lag4
behavior.2,28,97,1.4901161193847656e-08,0.00017776915046852082,2026092702,coupled_lag4
time.0,28,98,1.4901161193847656e-08,0.0006411317735910416,2026092702,coupled_lag4
time.1,28,98,1.4901161193847656e-08,0.00022957398323342204,2026092702,coupled_lag4
time.2,28,98,2.9802322387695312e-08,0.0006837293622083962,2026092702,coupled_lag4
behavior.0,28,98,1.4901161193847656e-08,0.00029290589736774564,2026092702,coupled_lag4
behavior.1,28,98,7.450580596923828e-09,0.00015081185847520828,2026092702,coupled_lag4
behavior.2,28,98,1.1175870895385742e-08,0.00015382263518404216,2026092702,coupled_lag4
time.0,28,99,2.2351741790771484e-08,0.0006047342903912067,2026092702,coupled_lag4
time.1,28,99,1.4901161193847656e-08,0.000213490697205998,2026092702,coupled_lag4
time.2,28,99,2.9802322387695312e-08,0.0006445025792345405,2026092702,coupled_lag4
behavior.0,28,99,1.4901161193847656e-08,0.0002896465011872351,2026092702,coupled_lag4
behavior.1,28,99,1.4901161193847656e-08,0.00016378550208173692,2026092702,coupled_lag4
behavior.2,28,99,1.4901161193847656e-08,0.00016678374959155917,2026092702,coupled_lag4
time.0,28,100,2.2351741790771484e-08,0.0007421626360155642,2026092702,coupled_lag4
time.1,28,100,1.4901161193847656e-08,0.0002637575089465827,2026092702,coupled_lag4
time.2,28,100,4.470348358154297e-08,0.0008270966936834157,2026092702,coupled_lag4
behavior.0,28,100,2.2351741790771484e-08,0.00028264164575375617,2026092702,coupled_lag4
behavior.1,28,100,1.4901161193847656e-08,0.00015575833094771951,2026092702,coupled_lag4
behavior.2,28,100,1.4901161193847656e-08,0.00017008656868711114,2026092702,coupled_lag4
time.0,28,101,1.4901161193847656e-08,0.0006692546303384006,2026092702,coupled_lag4
time.1,28,101,1.4901161193847656e-08,0.000246286450419575,2026092702,coupled_lag4
time.2,28,101,2.9802322387695312e-08,0.0008138208067975938,2026092702,coupled_lag4
behavior.0,28,101,1.4901161193847656e-08,0.00025980491773225367,2026092702,coupled_lag4
behavior.1,28,101,1.4901161193847656e-08,0.0001575091009726748,2026092702,coupled_lag4
behavior.2,28,101,1.4901161193847656e-08,0.0001402830530423671,2026092702,coupled_lag4
time.0,28,102,1.4901161193847656e-08,0.0006053003598935902,2026092702,coupled_lag4
time.1,28,102,1.4901161193847656e-08,0.0002099288976751268,2026092702,coupled_lag4
time.2,28,102,2.9802322387695312e-08,0.0006388942711055279,2026092702,coupled_lag4
behavior.0,28,102,1.4901161193847656e-08,0.0002825553237926215,2026092702,coupled_lag4
behavior.1,28,102,1.4901161193847656e-08,0.00017069088062271476,2026092702,coupled_lag4
behavior.2,28,102,1.4901161193847656e-08,0.00016179351950995624,2026092702,coupled_lag4
time.0,28,103,2.9802322387695312e-08,0.0007231385679915547,2026092702,coupled_lag4
time.1,28,103,2.2351741790771484e-08,0.00023926672292873263,2026092702,coupled_lag4
time.2,28,103,2.9802322387695312e-08,0.0007325683836825192,2026092702,coupled_lag4
behavior.0,28,103,1.4901161193847656e-08,0.0002833611215464771,2026092702,coupled_lag4
behavior.1,28,103,1.4901161193847656e-08,0.0001622042473172769,2026092702,coupled_lag4
behavior.2,28,103,1.4901161193847656e-08,0.00014491142064798623,2026092702,coupled_lag4
time.0,28,104,2.9802322387695312e-08,0.0006608967087231576,2026092702,coupled_lag4
time.1,28,104,2.2351741790771484e-08,0.00023996710660867393,2026092702,coupled_lag4
time.2,28,104,2.9802322387695312e-08,0.0008021755493246019,2026092702,coupled_lag4
behavior.0,28,104,1.4901161193847656e-08,0.00029409624403342605,2026092702,coupled_lag4
behavior.1,28,104,7.450580596923828e-09,0.0001583520497661084,2026092702,coupled_lag4
behavior.2,28,104,1.4901161193847656e-08,0.00015526637434959412,2026092702,coupled_lag4
time.0,28,105,2.2351741790771484e-08,0.000552040000911802,2026092702,coupled_lag4
time.1,28,105,1.4901161193847656e-08,0.00019838489242829382,2026092702,coupled_lag4
time.2,28,105,4.470348358154297e-08,0.0006122186896391213,2026092702,coupled_lag4
behavior.0,28,105,1.4901161193847656e-08,0.00025847076904028654,2026092702,coupled_lag4
behavior.1,28,105,1.4901161193847656e-08,0.00015348820306826383,2026092702,coupled_lag4
behavior.2,28,105,2.2351741790771484e-08,0.0001787945511750877,2026092702,coupled_lag4
time.0,28,106,2.2351741790771484e-08,0.0006390110356733203,2026092702,coupled_lag4
time.1,28,106,1.4901161193847656e-08,0.00023105931177269667,2026092702,coupled_lag4
time.2,28,106,2.9802322387695312e-08,0.0007446681265719235,2026092702,coupled_lag4
behavior.0,28,106,1.4901161193847656e-08,0.00028156008920632303,2026092702,coupled_lag4
behavior.1,28,106,1.4901161193847656e-08,0.00015480510774068534,2026092702,coupled_lag4
behavior.2,28,106,1.1175870895385742e-08,0.00016810870147310197,2026092702,coupled_lag4
time.0,28,107,2.9802322387695312e-08,0.0007066148100420833,2026092702,coupled_lag4
time.1,28,107,1.4901161193847656e-08,0.0002598869032226503,2026092702,coupled_lag4
time.2,28,107,2.9802322387695312e-08,0.0008302413625642657,2026092702,coupled_lag4
behavior.0,28,107,1.4901161193847656e-08,0.0002948537585325539,2026092702,coupled_lag4
behavior.1,28,107,1.4901161193847656e-08,0.00015803280984982848,2026092702,coupled_lag4
behavior.2,28,107,1.4901161193847656e-08,0.00016870694526005536,2026092702,coupled_lag4
time.0,28,108,1.4901161193847656e-08,0.000603306689299643,2026092702,coupled_lag4
time.1,28,108,1.4901161193847656e-08,0.00021195999579504132,2026092702,coupled_lag4
time.2,28,108,2.9802322387695312e-08,0.0006506191566586494,2026092702,coupled_lag4
behavior.0,28,108,1.4901161193847656e-08,0.00026791641721501946,2026092702,coupled_lag4
behavior.1,28,108,1.4901161193847656e-08,0.00014422791718970984,2026092702,coupled_lag4
behavior.2,28,108,1.4901161193847656e-08,0.00017015237244777381,2026092702,coupled_lag4
time.0,28,109,2.2351741790771484e-08,0.0006353280623443425,2026092702,coupled_lag4
time.1,28,109,1.4901161193847656e-08,0.0002230923273600638,2026092702,coupled_lag4
time.2,28,109,2.2351741790771484e-08,0.0006940764142200351,2026092702,coupled_lag4
behavior.0,28,109,2.2351741790771484e-08,0.00029438987257890403,2026092702,coupled_lag4
behavior.1,28,109,1.4901161193847656e-08,0.00015764818817842752,2026092702,coupled_lag4
behavior.2,28,109,1.4901161193847656e-08,0.00015041237929835916,2026092702,coupled_lag4
time.0,28,110,2.9802322387695312e-08,0.0007395612774416804,2026092702,coupled_lag4
time.1,28,110,1.4901161193847656e-08,0.000275604659691453,2026092702,coupled_lag4
time.2,28,110,2.9802322387695312e-08,0.0008821283117868006,2026092702,coupled_lag4
behavior.0,28,110,1.4901161193847656e-08,0.00028081212076358497,2026092702,coupled_lag4
behavior.1,28,110,1.4901161193847656e-08,0.00016162269457709044,2026092702,coupled_lag4
behavior.2,28,110,1.4901161193847656e-08,0.00021293613826856017,2026092702,coupled_lag4
time.0,28,111,2.2351741790771484e-08,0.0006293505430221558,2026092702,coupled_lag4
time.1,28,111,1.4901161193847656e-08,0.00022769208590034395,2026092702,coupled_lag4
time.2,28,111,2.9802322387695312e-08,0.0007251755450852215,2026092702,coupled_lag4
behavior.0,28,111,2.2351741790771484e-08,0.00028490196564234793,2026092702,coupled_lag4
behavior.1,28,111,1.4901161193847656e-08,0.00017007061978802085,2026092702,coupled_lag4
behavior.2,28,111,1.4901161193847656e-08,0.0002142117009498179,2026092702,coupled_lag4
time.0,28,112,1.4901161193847656e-08,0.0005759535706602037,2026092702,coupled_lag4
time.1,28,112,1.4901161193847656e-08,0.00020704188500531018,2026092702,coupled_lag4
time.2,28,112,2.9802322387695312e-08,0.0006239566137082875,2026092702,coupled_lag4
behavior.0,28,112,1.4901161193847656e-08,0.00029755206196568906,2026092702,coupled_lag4
behavior.1,28,112,1.4901161193847656e-08,0.00016397327999584377,2026092702,coupled_lag4
behavior.2,28,112,1.4901161193847656e-08,0.00017278522136621177,2026092702,coupled_lag4
time.0,28,113,2.2351741790771484e-08,0.0006801285198889673,2026092702,coupled_lag4
time.1,28,113,1.4901161193847656e-08,0.00025164306862279773,2026092702,coupled_lag4
time.2,28,113,2.9802322387695312e-08,0.0008368116104975343,2026092702,coupled_lag4
behavior.0,28,113,1.4901161193847656e-08,0.000291300006210804,2026092702,coupled_lag4
behavior.1,28,113,1.4901161193847656e-08,0.0001654670777497813,2026092702,coupled_lag4
behavior.2,28,113,1.4901161193847656e-08,0.00016091964789666235,2026092702,coupled_lag4
time.0,28,114,2.9802322387695312e-08,0.000694671762175858,2026092702,coupled_lag4
time.1,28,114,1.4901161193847656e-08,0.00024894511443562806,2026092702,coupled_lag4
time.2,28,114,2.9802322387695312e-08,0.0007677475805394351,2026092702,coupled_lag4
behavior.0,28,114,1.4901161193847656e-08,0.00025792382075451314,2026092702,coupled_lag4
behavior.1,28,114,1.4901161193847656e-08,0.00015685481776017696,2026092702,coupled_lag4
behavior.2,28,114,1.4901161193847656e-08,0.0001397542073391378,2026092702,coupled_lag4
time.0,28,115,2.2351741790771484e-08,0.0006564616342075169,2026092702,coupled_lag4
time.1,28,115,1.4901161193847656e-08,0.0002459435199853033,2026092702,coupled_lag4
time.2,28,115,2.9802322387695312e-08,0.0007665077573619783,2026092702,coupled_lag4
behavior.0,28,115,2.2351741790771484e-08,0.0002833919716067612,2026092702,coupled_lag4
behavior.1,28,115,1.4901161193847656e-08,0.00016840298485476524,2026092702,coupled_lag4
behavior.2,28,115,2.9802322387695312e-08,0.00019537043408490717,2026092702,coupled_lag4
time.0,28,116,2.2351741790771484e-08,0.0006191137945279479,2026092702,coupled_lag4
time.1,28,116,1.4901161193847656e-08,0.00022675152285955846,2026092702,coupled_lag4
time.2,28,116,2.2351741790771484e-08,0.0007110201404429972,2026092702,coupled_lag4
behavior.0,28,116,1.4901161193847656e-08,0.000283270695945248,2026092702,coupled_lag4
behavior.1,28,116,1.4901161193847656e-08,0.00015980687749106437,2026092702,coupled_lag4
behavior.2,28,116,1.1175870895385742e-08,0.00015116676513571292,2026092702,coupled_lag4
time.0,28,117,2.2351741790771484e-08,0.0006655348115600646,2026092702,coupled_lag4
time.1,28,117,1.4901161193847656e-08,0.000238370819715783,2026092702,coupled_lag4
time.2,28,117,2.9802322387695312e-08,0.0007851346163079143,2026092702,coupled_lag4
behavior.0,28,117,1.4901161193847656e-08,0.00029436679324135184,2026092702,coupled_lag4
behavior.1,28,117,1.4901161193847656e-08,0.00016155614866875112,2026092702,coupled_lag4
behavior.2,28,117,1.4901161193847656e-08,0.00016041501658037305,2026092702,coupled_lag4
time.0,28,118,2.2351741790771484e-08,0.0006393351359292865,2026092702,coupled_lag4
time.1,28,118,1.4901161193847656e-08,0.00023030706506688148,2026092702,coupled_lag4
time.2,28,118,2.9802322387695312e-08,0.0007074539316818118,2026092702,coupled_lag4
behavior.0,28,118,2.2351741790771484e-08,0.00027114959084428847,2026092702,coupled_lag4
behavior.1,28,118,2.2351741790771484e-08,0.00015012155927252024,2026092702,coupled_lag4
behavior.2,28,118,1.4901161193847656e-08,0.00015437116962857544,2026092702,coupled_lag4
time.0,28,119,2.2351741790771484e-08,0.0006326951552182436,2026092702,coupled_lag4
time.1,28,119,1.4901161193847656e-08,0.00022778051788918674,2026092702,coupled_lag4
time.2,28,119,2.9802322387695312e-08,0.0007045985548757017,2026092702,coupled_lag4
behavior.0,28,119,2.2351741790771484e-08,0.00026344950310885906,2026092702,coupled_lag4
behavior.1,28,119,1.1175870895385742e-08,0.00014877021021675318,2026092702,coupled_lag4
behavior.2,28,119,1.4901161193847656e-08,0.00017351977294310927,2026092702,coupled_lag4
time.0,28,120,1.4901161193847656e-08,0.0006259137880988419,2026092702,coupled_lag4
time.1,28,120,1.4901161193847656e-08,0.0002253508719149977,2026092702,coupled_lag4
time.2,28,120,2.9802322387695312e-08,0.0007306899060495198,2026092702,coupled_lag4
behavior.0,28,120,1.4901161193847656e-08,0.0002982689766213298,2026092702,coupled_lag4
behavior.1,28,120,1.4901161193847656e-08,0.000166578363860026,2026092702,coupled_lag4
behavior.2,28,120,1.4901161193847656e-08,0.00017310920520685613,2026092702,coupled_lag4
time.0,28,121,2.2351741790771484e-08,0.0006811504135839641,2026092702,coupled_lag4
time.1,28,121,1.4901161193847656e-08,0.00022967606491874903,2026092702,coupled_lag4
time.2,28,121,2.9802322387695312e-08,0.0007601609104312956,2026092702,coupled_lag4
behavior.0,28,121,1.4901161193847656e-08,0.0002911821356974542,2026092702,coupled_lag4
behavior.1,28,121,1.4901161193847656e-08,0.00016114916070364416,2026092702,coupled_lag4
behavior.2,28,121,1.4901161193847656e-08,0.0001586634898558259,2026092702,coupled_lag4
time.0,28,122,1.4901161193847656e-08,0.0006149910623207688,2026092702,coupled_lag4
time.1,28,122,1.4901161193847656e-08,0.00021796075452584773,2026092702,coupled_lag4
time.2,28,122,2.9802322387695312e-08,0.0006780049880035222,2026092702,coupled_lag4
behavior.0,28,122,1.4901161193847656e-08,0.00028862361796200275,2026092702,coupled_lag4
behavior.1,28,122,1.4901161193847656e-08,0.00015722538228146732,2026092702,coupled_lag4
behavior.2,28,122,1.4901161193847656e-08,0.00017148818005807698,2026092702,coupled_lag4
time.0,28,123,1.4901161193847656e-08,0.0006798411486670375,2026092702,coupled_lag4
time.1,28,123,1.4901161193847656e-08,0.0002413972542854026,2026092702,coupled_lag4
time.2,28,123,2.9802322387695312e-08,0.0007320694858208299,2026092702,coupled_lag4
behavior.0,28,123,1.4901161193847656e-08,0.0002844065020326525,2026092702,coupled_lag4
behavior.1,28,123,1.4901161193847656e-08,0.00015288122813217342,2026092702,coupled_lag4
behavior.2,28,123,2.2351741790771484e-08,0.0001724416797515005,2026092702,coupled_lag4
time.0,28,124,2.2351741790771484e-08,0.0006948930094949901,2026092702,coupled_lag4
time.1,28,124,1.4901161193847656e-08,0.0002499842375982553,2026092702,coupled_lag4
time.2,28,124,2.9802322387695312e-08,0.0007671506609767675,2026092702,coupled_lag4
behavior.0,28,124,1.4901161193847656e-08,0.00028774962993338704,2026092702,coupled_lag4
behavior.1,28,124,1.1175870895385742e-08,0.00015872517542447895,2026092702,coupled_lag4
behavior.2,28,124,1.1175870895385742e-08,0.0001709066709736362,2026092702,coupled_lag4
time.0,28,125,1.4901161193847656e-08,0.0005995679530315101,2026092702,coupled_lag4
time.1,28,125,1.4901161193847656e-08,0.00021584457135759294,2026092702,coupled_lag4
time.2,28,125,4.470348358154297e-08,0.0006418333505280316,2026092702,coupled_lag4
behavior.0,28,125,1.4901161193847656e-08,0.0002843565307557583,2026092702,coupled_lag4
behavior.1,28,125,1.4901161193847656e-08,0.00015762608381919563,2026092702,coupled_lag4
behavior.2,28,125,2.2351741790771484e-08,0.00016233156202360988,2026092702,coupled_lag4
time.0,28,126,1.4901161193847656e-08,0.0005832299357280135,2026092702,coupled_lag4
time.1,28,126,7.450580596923828e-09,0.00020470800518523902,2026092702,coupled_lag4
time.2,28,126,1.4901161193847656e-08,0.0005921039846725762,2026092702,coupled_lag4
behavior.0,28,126,1.862645149230957e-08,0.00029023890965618193,2026092702,coupled_lag4
behavior.1,28,126,1.4901161193847656e-08,0.00016329567006323487,2026092702,coupled_lag4
behavior.2,28,126,1.1175870895385742e-08,0.00021488976199179888,2026092702,coupled_lag4
time.0,28,127,2.2351741790771484e-08,0.0005895732319913805,2026092702,coupled_lag4
time.1,28,127,1.4901161193847656e-08,0.00020870358275715262,2026092702,coupled_lag4
time.2,28,127,2.9802322387695312e-08,0.0006195502355694771,2026092702,coupled_lag4
behavior.0,28,127,1.4901161193847656e-08,0.0002806526026688516,2026092702,coupled_lag4
behavior.1,28,127,1.1175870895385742e-08,0.00015528863877989352,2026092702,coupled_lag4
behavior.2,28,127,1.4901161193847656e-08,0.00016106502152979374,2026092702,coupled_lag4
time.0,28,128,2.9802322387695312e-08,0.0007810633396729827,2026092702,coupled_lag4
time.1,28,128,1.4901161193847656e-08,0.00029338159947656095,2026092702,coupled_lag4
time.2,28,128,1.4901161193847656e-08,0.0009367815800942481,2026092702,coupled_lag4
behavior.0,28,128,1.4901161193847656e-08,0.00026556235388852656,2026092702,coupled_lag4
behavior.1,28,128,1.4901161193847656e-08,0.0001587557781022042,2026092702,coupled_lag4
behavior.2,28,128,1.4901161193847656e-08,0.00018215205636806786,2026092702,coupled_lag4
time.0,28,129,1.4901161193847656e-08,0.0006509862141683698,2026092702,coupled_lag4
time.1,28,129,1.4901161193847656e-08,0.0002376500196987763,2026092702,coupled_lag4
time.2,28,129,1.4901161193847656e-08,0.0007396846194751561,2026092702,coupled_lag4
behavior.0,28,129,1.4901161193847656e-08,0.0002950041671283543,2026092702,coupled_lag4
behavior.1,28,129,1.4901161193847656e-08,0.00016351095109712332,2026092702,coupled_lag4
behavior.2,28,129,1.4901161193847656e-08,0.000173533582710661,2026092702,coupled_lag4
time.0,28,130,2.9802322387695312e-08,0.0006209569983184338,2026092702,coupled_lag4
time.1,28,130,1.4901161193847656e-08,0.00022096514294389635,2026092702,coupled_lag4
time.2,28,130,1.4901161193847656e-08,0.0006792626809328794,2026092702,coupled_lag4
behavior.0,28,130,2.2351741790771484e-08,0.00028432035469450057,2026092702,coupled_lag4
behavior.1,28,130,1.4901161193847656e-08,0.00016783172031864524,2026092702,coupled_lag4
behavior.2,28,130,1.4901161193847656e-08,0.00017474220658186823,2026092702,coupled_lag4
time.0,28,131,2.2351741790771484e-08,0.0006168507388792932,2026092702,coupled_lag4
time.1,28,131,1.4901161193847656e-08,0.00021319178631529212,2026092702,coupled_lag4
time.2,28,131,2.9802322387695312e-08,0.0005968853365629911,2026092702,coupled_lag4
behavior.0,28,131,1.4901161193847656e-08,0.0002790377475321293,2026092702,coupled_lag4
behavior.1,28,131,1.4901161193847656e-08,0.00014943121641408652,2026092702,coupled_lag4
behavior.2,28,131,1.4901161193847656e-08,0.0001601771655259654,2026092702,coupled_lag4
time.0,28,132,2.9802322387695312e-08,0.0006529667880386114,2026092702,coupled_lag4
time.1,28,132,1.4901161193847656e-08,0.00022681281552650034,2026092702,coupled_lag4
time.2,28,132,1.4901161193847656e-08,0.0006543173221871257,2026092702,coupled_lag4
behavior.0,28,132,1.4901161193847656e-08,0.00029194061062298715,2026092702,coupled_lag4
behavior.1,28,132,1.4901161193847656e-08,0.00015715992776677012,2026092702,coupled_lag4
behavior.2,28,132,1.4901161193847656e-08,0.0001995806087506935,2026092702,coupled_lag4
time.0,28,133,2.2351741790771484e-08,0.0006699503865092993,2026092702,coupled_lag4
time.1,28,133,1.4901161193847656e-08,0.00023586364113725722,2026092702,coupled_lag4
time.2,28,133,2.9802322387695312e-08,0.0007078800117596984,2026092702,coupled_lag4
behavior.0,28,133,1.4901161193847656e-08,0.0002930517075583339,2026092702,coupled_lag4
behavior.1,28,133,1.4901161193847656e-08,0.00015203542716335505,2026092702,coupled_lag4
behavior.2,28,133,1.4901161193847656e-08,0.00017961916455533355,2026092702,coupled_lag4
time.0,28,134,2.9802322387695312e-08,0.0006740775424987078,2026092702,coupled_lag4
time.1,28,134,1.4901161193847656e-08,0.00023111526388674974,2026092702,coupled_lag4
time.2,28,134,2.9802322387695312e-08,0.0007103856187313795,2026092702,coupled_lag4
behavior.0,28,134,1.4901161193847656e-08,0.0002824151888489723,2026092702,coupled_lag4
behavior.1,28,134,1.4901161193847656e-08,0.00014560777344740927,2026092702,coupled_lag4
behavior.2,28,134,1.4901161193847656e-08,0.00015821773558855057,2026092702,coupled_lag4
time.0,28,135,2.2351741790771484e-08,0.0006195250316523015,2026092702,coupled_lag4
time.1,28,135,1.4901161193847656e-08,0.0002118153788615018,2026092702,coupled_lag4
time.2,28,135,2.9802322387695312e-08,0.0006533256382681429,2026092702,coupled_lag4
behavior.0,28,135,1.4901161193847656e-08,0.0002884575224015862,2026092702,coupled_lag4
behavior.1,28,135,1.4901161193847656e-08,0.00015357017400674522,2026092702,coupled_lag4
behavior.2,28,135,1.4901161193847656e-08,0.00016684456204529852,2026092702,coupled_lag4
time.0,28,136,2.2351741790771484e-08,0.0006675672484561801,2026092702,coupled_lag4
time.1,28,136,1.4901161193847656e-08,0.00022366776829585433,2026092702,coupled_lag4
time.2,28,136,2.9802322387695312e-08,0.0006763403071090579,2026092702,coupled_lag4
behavior.0,28,136,1.4901161193847656e-08,0.0002662217593751848,2026092702,coupled_lag4
behavior.1,28,136,1.1175870895385742e-08,0.00014554662629961967,2026092702,coupled_lag4
behavior.2,28,136,1.862645149230957e-08,0.00013534755271393806,2026092702,coupled_lag4
time.0,28,137,1.4901161193847656e-08,0.0006230206345207989,2026092702,coupled_lag4
time.1,28,137,1.4901161193847656e-08,0.00021665047097485512,2026092702,coupled_lag4
time.2,28,137,4.470348358154297e-08,0.0006616205209866166,2026092702,coupled_lag4
behavior.0,28,137,1.4901161193847656e-08,0.0002958810073323548,2026092702,coupled_lag4
behavior.1,28,137,1.1175870895385742e-08,0.00017586197645869106,2026092702,coupled_lag4
behavior.2,28,137,1.1175870895385742e-08,0.0001775026466930285,2026092702,coupled_lag4
time.0,28,138,1.4901161193847656e-08,0.0007020836928859353,2026092702,coupled_lag4
time.1,28,138,1.4901161193847656e-08,0.00025105520035140216,2026092702,coupled_lag4
time.2,28,138,5.960464477539063e-08,0.0007976182969287038,2026092702,coupled_lag4
behavior.0,28,138,2.2351741790771484e-08,0.0002992976224049926,2026092702,coupled_lag4
behavior.1,28,138,1.4901161193847656e-08,0.00017061746621038765,2026092702,coupled_lag4
behavior.2,28,138,1.4901161193847656e-08,0.00022092353901825845,2026092702,coupled_lag4
time.0,28,139,2.9802322387695312e-08,0.0006085268105380237,2026092702,coupled_lag4
time.1,28,139,1.4901161193847656e-08,0.00020630835206247866,2026092702,coupled_lag4
time.2,28,139,2.9802322387695312e-08,0.0006025884649716318,2026092702,coupled_lag4
behavior.0,28,139,2.2351741790771484e-08,0.00028928389656357467,2026092702,coupled_lag4
behavior.1,28,139,1.4901161193847656e-08,0.00016073051665443927,2026092702,coupled_lag4
behavior.2,28,139,1.4901161193847656e-08,0.00018152102711610496,2026092702,coupled_lag4
time.0,28,140,1.4901161193847656e-08,0.0007080698269419372,2026092702,coupled_lag4
time.1,28,140,1.4901161193847656e-08,0.00025226292200386524,2026092702,coupled_lag4
time.2,28,140,2.9802322387695312e-08,0.0007956121698953211,2026092702,coupled_lag4
behavior.0,28,140,1.4901161193847656e-08,0.0002641961327753961,2026092702,coupled_lag4
behavior.1,28,140,1.4901161193847656e-08,0.00014490148168988526,2026092702,coupled_lag4
behavior.2,28,140,7.450580596923828e-09,0.00015661078214179724,2026092702,coupled_lag4
time.0,28,141,2.9802322387695312e-08,0.0007284981547854841,2026092702,coupled_lag4
time.1,28,141,1.4901161193847656e-08,0.0002586044720374048,2026092702,coupled_lag4
time.2,28,141,2.9802322387695312e-08,0.0008091874187812209,2026092702,coupled_lag4
behavior.0,28,141,1.4901161193847656e-08,0.0002708971151150763,2026092702,coupled_lag4
behavior.1,28,141,2.2351741790771484e-08,0.00015465368051081896,2026092702,coupled_lag4
behavior.2,28,141,1.4901161193847656e-08,0.00015496017294935882,2026092702,coupled_lag4
time.0,28,142,2.9802322387695312e-08,0.0006552170380018651,2026092702,coupled_lag4
time.1,28,142,2.2351741790771484e-08,0.00023461936507374048,2026092702,coupled_lag4
time.2,28,142,2.9802322387695312e-08,0.0006889771902933717,2026092702,coupled_lag4
behavior.0,28,142,2.2351741790771484e-08,0.00029532177723012865,2026092702,coupled_lag4
behavior.1,28,142,1.4901161193847656e-08,0.0001744297769619152,2026092702,coupled_lag4
behavior.2,28,142,1.4901161193847656e-08,0.00019625846471171826,2026092702,coupled_lag4
time.0,28,143,2.2351741790771484e-08,0.0007757137063890696,2026092702,coupled_lag4
time.1,28,143,1.4901161193847656e-08,0.00026768018142320216,2026092702,coupled_lag4
time.2,28,143,2.9802322387695312e-08,0.0008410195587202907,2026092702,coupled_lag4
behavior.0,28,143,1.4901161193847656e-08,0.0002687832748051733,2026092702,coupled_lag4
behavior.1,28,143,1.4901161193847656e-08,0.00015529058873653412,2026092702,coupled_lag4
behavior.2,28,143,1.1175870895385742e-08,0.00014188152272254229,2026092702,coupled_lag4
time.0,28,144,1.4901161193847656e-08,0.0007423756178468466,2026092702,coupled_lag4
time.1,28,144,1.4901161193847656e-08,0.0002558079722803086,2026092702,coupled_lag4
time.2,28,144,2.9802322387695312e-08,0.0007705317693762481,2026092702,coupled_lag4
behavior.0,28,144,1.4901161193847656e-08,0.0002680605393834412,2026092702,coupled_lag4
behavior.1,28,144,1.4901161193847656e-08,0.00015614027506671846,2026092702,coupled_lag4
behavior.2,28,144,1.4901161193847656e-08,0.00016674269863869995,2026092702,coupled_lag4
time.0,28,145,1.4901161193847656e-08,0.0005960685084573925,2026092702,coupled_lag4
time.1,28,145,1.1175870895385742e-08,0.0002037918020505458,2026092702,coupled_lag4
time.2,28,145,2.2351741790771484e-08,0.0005949451588094234,2026092702,coupled_lag4
behavior.0,28,145,2.2351741790771484e-08,0.00028244813438504934,2026092702,coupled_lag4
behavior.1,28,145,1.4901161193847656e-08,0.00014970787742640823,2026092702,coupled_lag4
behavior.2,28,145,1.4901161193847656e-08,0.0001928247365867719,2026092702,coupled_lag4
time.0,28,146,2.9802322387695312e-08,0.00074334058444947,2026092702,coupled_lag4
time.1,28,146,1.4901161193847656e-08,0.000253603036981076,2026092702,coupled_lag4
time.2,28,146,2.9802322387695312e-08,0.0007630987674929202,2026092702,coupled_lag4
behavior.0,28,146,2.2351741790771484e-08,0.00026697784778662026,2026092702,coupled_lag4
behavior.1,28,146,1.1175870895385742e-08,0.00015065533807501197,2026092702,coupled_lag4
behavior.2,28,146,2.9802322387695312e-08,0.0001924927782965824,2026092702,coupled_lag4
time.0,28,147,2.2351741790771484e-08,0.0006039070431143045,2026092702,coupled_lag4
time.1,28,147,1.1175870895385742e-08,0.00021976089919917285,2026092702,coupled_lag4
time.2,28,147,2.9802322387695312e-08,0.000703308149240911,2026092702,coupled_lag4
behavior.0,28,147,1.4901161193847656e-08,0.00027400354156270623,2026092702,coupled_lag4
behavior.1,28,147,1.4901161193847656e-08,0.0001599597162567079,2026092702,coupled_lag4
behavior.2,28,147,1.1175870895385742e-08,0.00015020206046756357,2026092702,coupled_lag4
time.0,28,148,2.9802322387695312e-08,0.0007067673141136765,2026092702,coupled_lag4
time.1,28,148,1.4901161193847656e-08,0.00025283993454650044,2026092702,coupled_lag4
time.2,28,148,2.9802322387695312e-08,0.0008120624697767198,2026092702,coupled_lag4
behavior.0,28,148,2.2351741790771484e-08,0.00028081779601052403,2026092702,coupled_lag4
behavior.1,28,148,1.4901161193847656e-08,0.00015617725148331374,2026092702,coupled_lag4
behavior.2,28,148,1.4901161193847656e-08,0.00015381071716547012,2026092702,coupled_lag4
time.0,28,149,1.4901161193847656e-08,0.0006842263392172754,2026092702,coupled_lag4
time.1,28,149,2.2351741790771484e-08,0.00023737267474643886,2026092702,coupled_lag4
time.2,28,149,2.9802322387695312e-08,0.000720291689503938,2026092702,coupled_lag4
behavior.0,28,149,1.4901161193847656e-08,0.00029742272454313934,2026092702,coupled_lag4
behavior.1,28,149,1.4901161193847656e-08,0.00017600441060494632,2026092702,coupled_lag4
behavior.2,28,149,1.4901161193847656e-08,0.0001653268263908103,2026092702,coupled_lag4
time.0,28,150,2.9802322387695312e-08,0.0007118723005987704,2026092702,coupled_lag4
time.1,28,150,1.4901161193847656e-08,0.0002481701085343957,2026092702,coupled_lag4
time.2,28,150,2.9802322387695312e-08,0.0007753082318231463,2026092702,coupled_lag4
behavior.0,28,150,2.2351741790771484e-08,0.0002988033229485154,2026092702,coupled_lag4
behavior.1,28,150,2.2351741790771484e-08,0.00015281896048691124,2026092702,coupled_lag4
behavior.2,28,150,1.4901161193847656e-08,0.00017920565733220428,2026092702,coupled_lag4
time.0,28,151,2.2351741790771484e-08,0.0005827796412631869,2026092702,coupled_lag4
time.1,28,151,1.1175870895385742e-08,0.00020607897022273391,2026092702,coupled_lag4
time.2,28,151,2.2351741790771484e-08,0.0006437998963519931,2026092702,coupled_lag4
behavior.0,28,151,2.9802322387695312e-08,0.00030058957054279745,2026092702,coupled_lag4
behavior.1,28,151,1.4901161193847656e-08,0.00018744646513368934,2026092702,coupled_lag4
behavior.2,28,151,1.4901161193847656e-08,0.00018477362755220383,2026092702,coupled_lag4
time.0,28,152,1.4901161193847656e-08,0.0006504065822809935,2026092702,coupled_lag4
time.1,28,152,2.2351741790771484e-08,0.00023007568961475044,2026092702,coupled_lag4
time.2,28,152,2.9802322387695312e-08,0.0006862854934297502,2026092702,coupled_lag4
behavior.0,28,152,1.4901161193847656e-08,0.0002780387585517019,2026092702,coupled_lag4
behavior.1,28,152,2.2351741790771484e-08,0.00015976495342329144,2026092702,coupled_lag4
behavior.2,28,152,1.4901161193847656e-08,0.00018969438679050654,2026092702,coupled_lag4
time.0,28,153,2.2351741790771484e-08,0.0006679350044578314,2026092702,coupled_lag4
time.1,28,153,1.4901161193847656e-08,0.0002296679886057973,2026092702,coupled_lag4
time.2,28,153,2.9802322387695312e-08,0.000693921756464988,2026092702,coupled_lag4
behavior.0,28,153,1.4901161193847656e-08,0.0002760288480203599,2026092702,coupled_lag4
behavior.1,28,153,1.4901161193847656e-08,0.00015795641229487956,2026092702,coupled_lag4
behavior.2,28,153,1.4901161193847656e-08,0.00018632732098922133,2026092702,coupled_lag4
time.0,28,154,2.2351741790771484e-08,0.0007141609094105661,2026092702,coupled_lag4
time.1,28,154,1.4901161193847656e-08,0.0002509306068532169,2026092702,coupled_lag4
time.2,28,154,2.9802322387695312e-08,0.0007942654774524271,2026092702,coupled_lag4
behavior.0,28,154,1.4901161193847656e-08,0.00027709867572411895,2026092702,coupled_lag4
behavior.1,28,154,1.4901161193847656e-08,0.00015207247633952647,2026092702,coupled_lag4
behavior.2,28,154,1.4901161193847656e-08,0.00015591266856063157,2026092702,coupled_lag4
time.0,28,155,1.4901161193847656e-08,0.0006265501724556088,2026092702,coupled_lag4
time.1,28,155,1.4901161193847656e-08,0.00022621068637818098,2026092702,coupled_lag4
time.2,28,155,2.9802322387695312e-08,0.0006939086015336215,2026092702,coupled_lag4
behavior.0,28,155,1.4901161193847656e-08,0.0002799610956571996,2026092702,coupled_lag4
behavior.1,28,155,1.4901161193847656e-08,0.00015393429202958941,2026092702,coupled_lag4
behavior.2,28,155,1.1175870895385742e-08,0.0001736328995320946,2026092702,coupled_lag4
time.0,28,156,2.2351741790771484e-08,0.0005979479174129665,2026092702,coupled_lag4
time.1,28,156,1.4901161193847656e-08,0.00020710409444291145,2026092702,coupled_lag4
time.2,28,156,2.9802322387695312e-08,0.0006174193695187569,2026092702,coupled_lag4
behavior.0,28,156,1.4901161193847656e-08,0.000281269196420908,2026092702,coupled_lag4
behavior.1,28,156,1.4901161193847656e-08,0.00015310748131014407,2026092702,coupled_lag4
behavior.2,28,156,1.1175870895385742e-08,0.0001679800043348223,2026092702,coupled_lag4
time.0,28,157,2.2351741790771484e-08,0.0006358110695146024,2026092702,coupled_lag4
time.1,28,157,1.1175870895385742e-08,0.00021988851949572563,2026092702,coupled_lag4
time.2,28,157,2.9802322387695312e-08,0.0006923495093360543,2026092702,coupled_lag4
behavior.0,28,157,1.4901161193847656e-08,0.00029161875136196613,2026092702,coupled_lag4
behavior.1,28,157,7.450580596923828e-09,0.0001620272232685238,2026092702,coupled_lag4
behavior.2,28,157,1.4901161193847656e-08,0.00023258995497599244,2026092702,coupled_lag4
time.0,28,158,1.4901161193847656e-08,0.000689923414029181,2026092702,coupled_lag4
time.1,28,158,1.4901161193847656e-08,0.00023209785285871476,2026092702,coupled_lag4
time.2,28,158,2.9802322387695312e-08,0.0007953360909596086,2026092702,coupled_lag4
behavior.0,28,158,1.4901161193847656e-08,0.0002713267458602786,2026092702,coupled_lag4
behavior.1,28,158,1.4901161193847656e-08,0.00014721136540174484,2026092702,coupled_lag4
behavior.2,28,158,1.1175870895385742e-08,0.00014659366570413113,2026092702,coupled_lag4
time.0,28,159,1.4901161193847656e-08,0.0006401704158633947,2026092702,coupled_lag4
time.1,28,159,1.4901161193847656e-08,0.00022188207367435098,2026092702,coupled_lag4
time.2,28,159,2.9802322387695312e-08,0.0006540791946463287,2026092702,coupled_lag4
behavior.0,28,159,1.4901161193847656e-08,0.0002948748297058046,2026092702,coupled_lag4
behavior.1,28,159,2.2351741790771484e-08,0.0001678379048826173,2026092702,coupled_lag4
behavior.2,28,159,1.4901161193847656e-08,0.00017781162750907242,2026092702,coupled_lag4
time.0,28,160,2.9802322387695312e-08,0.0006218065973371267,2026092702,coupled_lag4
time.1,28,160,1.1175870895385742e-08,0.00021373445633798838,2026092702,coupled_lag4
time.2,28,160,2.9802322387695312e-08,0.0006501904572360218,2026092702,coupled_lag4
behavior.0,28,160,1.4901161193847656e-08,0.00028631099849008024,2026092702,coupled_lag4
behavior.1,28,160,1.4901161193847656e-08,0.00015545584028586745,2026092702,coupled_lag4
behavior.2,28,160,1.1175870895385742e-08,0.00017167306214105338,2026092702,coupled_lag4
time.0,28,161,2.2351741790771484e-08,0.000576048856601119,2026092702,coupled_lag4
time.1,28,161,1.1175870895385742e-08,0.00019891826377715915,2026092702,coupled_lag4
time.2,28,161,2.2351741790771484e-08,0.0005842194659635425,2026092702,coupled_lag4
behavior.0,28,161,2.2351741790771484e-08,0.00027608126401901245,2026092702,coupled_lag4
behavior.1,28,161,7.450580596923828e-09,0.00015892930969130248,2026092702,coupled_lag4
behavior.2,28,161,1.4901161193847656e-08,0.00016621088434476405,2026092702,coupled_lag4
time.0,28,162,1.4901161193847656e-08,0.0006745680002495646,2026092702,coupled_lag4
time.1,28,162,2.2351741790771484e-08,0.00023467198479920626,2026092702,coupled_lag4
time.2,28,162,4.470348358154297e-08,0.0007346419151872396,2026092702,coupled_lag4
behavior.0,28,162,2.2351741790771484e-08,0.0002862880937755108,2026092702,coupled_lag4
behavior.1,28,162,1.1175870895385742e-08,0.0001777931465767324,2026092702,coupled_lag4
behavior.2,28,162,1.4901161193847656e-08,0.00018486611952539533,2026092702,coupled_lag4
time.0,28,163,1.4901161193847656e-08,0.0006959664751775563,2026092702,coupled_lag4
time.1,28,163,1.4901161193847656e-08,0.0002457312657497823,2026092702,coupled_lag4
time.2,28,163,2.9802322387695312e-08,0.0008003201219253242,2026092702,coupled_lag4
behavior.0,28,163,2.2351741790771484e-08,0.0002633234835229814,2026092702,coupled_lag4
behavior.1,28,163,2.2351741790771484e-08,0.00015126563084777445,2026092702,coupled_lag4
behavior.2,28,163,1.4901161193847656e-08,0.00018118490697816014,2026092702,coupled_lag4
time.0,28,164,1.4901161193847656e-08,0.000632642419077456,2026092702,coupled_lag4
time.1,28,164,1.4901161193847656e-08,0.00021930028742644936,2026092702,coupled_lag4
time.2,28,164,2.9802322387695312e-08,0.0006642239750362933,2026092702,coupled_lag4
behavior.0,28,164,1.4901161193847656e-08,0.00030745318508706987,2026092702,coupled_lag4
behavior.1,28,164,1.4901161193847656e-08,0.00016213307389989495,2026092702,coupled_lag4
behavior.2,28,164,1.4901161193847656e-08,0.00018767283472698182,2026092702,coupled_lag4
time.0,28,165,2.2351741790771484e-08,0.0006252395687624812,2026092702,coupled_lag4
time.1,28,165,1.1175870895385742e-08,0.00022512127179652452,2026092702,coupled_lag4
time.2,28,165,2.9802322387695312e-08,0.0006991999107412994,2026092702,coupled_lag4
behavior.0,28,165,1.4901161193847656e-08,0.0003095877473242581,2026092702,coupled_lag4
behavior.1,28,165,1.4901161193847656e-08,0.00016290407802443951,2026092702,coupled_lag4
behavior.2,28,165,1.4901161193847656e-08,0.00017341828788630664,2026092702,coupled_lag4
time.0,28,166,2.9802322387695312e-08,0.0006397196557372808,2026092702,coupled_lag4
time.1,28,166,1.4901161193847656e-08,0.00023232802050188184,2026092702,coupled_lag4
time.2,28,166,2.9802322387695312e-08,0.0007138368091545999,2026092702,coupled_lag4
behavior.0,28,166,1.4901161193847656e-08,0.00028967641992494464,2026092702,coupled_lag4
behavior.1,28,166,7.450580596923828e-09,0.00016593580949120224,2026092702,coupled_lag4
behavior.2,28,166,1.1175870895385742e-08,0.00018193321011494845,2026092702,coupled_lag4
time.0,28,167,2.9802322387695312e-08,0.0006734707276336849,2026092702,coupled_lag4
time.1,28,167,1.1175870895385742e-08,0.00024315303016919643,2026092702,coupled_lag4
time.2,28,167,2.9802322387695312e-08,0.0007443374488502741,2026092702,coupled_lag4
behavior.0,28,167,2.2351741790771484e-08,0.000275482889264822,2026092702,coupled_lag4
behavior.1,28,167,1.4901161193847656e-08,0.0001499908830737695,2026092702,coupled_lag4
behavior.2,28,167,1.4901161193847656e-08,0.00018670827557798475,2026092702,coupled_lag4
time.0,28,168,1.4901161193847656e-08,0.0006698555080220103,2026092702,coupled_lag4
time.1,28,168,1.4901161193847656e-08,0.00023913700715638697,2026092702,coupled_lag4
time.2,28,168,2.9802322387695312e-08,0.0007428974495269358,2026092702,coupled_lag4
behavior.0,28,168,1.4901161193847656e-08,0.0002758785558398813,2026092702,coupled_lag4
behavior.1,28,168,1.4901161193847656e-08,0.00016271403001155704,2026092702,coupled_lag4
behavior.2,28,168,1.4901161193847656e-08,0.00017233143444173038,2026092702,coupled_lag4
time.0,28,169,2.2351741790771484e-08,0.0007273664232343435,2026092702,coupled_lag4
time.1,28,169,1.4901161193847656e-08,0.00025749157066456974,2026092702,coupled_lag4
time.2,28,169,2.9802322387695312e-08,0.0008497553644701838,2026092702,coupled_lag4
behavior.0,28,169,1.4901161193847656e-08,0.00029680467559956014,2026092702,coupled_lag4
behavior.1,28,169,1.4901161193847656e-08,0.00016174273332580924,2026092702,coupled_lag4
behavior.2,28,169,1.4901161193847656e-08,0.00017330485570710152,2026092702,coupled_lag4
time.0,28,170,2.2351741790771484e-08,0.0005931024788878858,2026092702,coupled_lag4
time.1,28,170,1.4901161193847656e-08,0.00021133405971340835,2026092702,coupled_lag4
time.2,28,170,1.4901161193847656e-08,0.0006377560785040259,2026092702,coupled_lag4
behavior.0,28,170,1.4901161193847656e-08,0.0002882579283323139,2026092702,coupled_lag4
behavior.1,28,170,2.2351741790771484e-08,0.00016214344941545278,2026092702,coupled_lag4
behavior.2,28,170,1.4901161193847656e-08,0.0001984065311262384,2026092702,coupled_lag4
time.0,28,171,2.2351741790771484e-08,0.000614101649262011,2026092702,coupled_lag4
time.1,28,171,2.2351741790771484e-08,0.00022156594786792994,2026092702,coupled_lag4
time.2,28,171,2.9802322387695312e-08,0.0007015243754722178,2026092702,coupled_lag4
behavior.0,28,171,1.4901161193847656e-08,0.0002956855751108378,2026092702,coupled_lag4
behavior.1,28,171,1.4901161193847656e-08,0.00017146076424978673,2026092702,coupled_lag4
behavior.2,28,171,1.4901161193847656e-08,0.0001963571266969666,2026092702,coupled_lag4
time.0,28,172,2.2351741790771484e-08,0.0006220840150490403,2026092702,coupled_lag4
time.1,28,172,2.2351741790771484e-08,0.0002185791963711381,2026092702,coupled_lag4
time.2,28,172,4.470348358154297e-08,0.0006615726742893457,2026092702,coupled_lag4
behavior.0,28,172,1.4901161193847656e-08,0.00028794040554203093,2026092702,coupled_lag4
behavior.1,28,172,1.4901161193847656e-08,0.00016022592899389565,2026092702,coupled_lag4
behavior.2,28,172,2.2351741790771484e-08,0.00018109046504832804,2026092702,coupled_lag4
time.0,28,173,2.9802322387695312e-08,0.0007401395123451948,2026092702,coupled_lag4
time.1,28,173,1.4901161193847656e-08,0.00026623503072187304,2026092702,coupled_lag4
time.2,28,173,2.9802322387695312e-08,0.000873679993674159,2026092702,coupled_lag4
behavior.0,28,173,1.4901161193847656e-08,0.0002821335510816425,2026092702,coupled_lag4
behavior.1,28,173,1.4901161193847656e-08,0.00016025523655116558,2026092702,coupled_lag4
behavior.2,28,173,1.1175870895385742e-08,0.00016396203136537224,2026092702,coupled_lag4
time.0,28,174,2.2351741790771484e-08,0.0005725313676521182,2026092702,coupled_lag4
time.1,28,174,1.4901161193847656e-08,0.0002029840979957953,2026092702,coupled_lag4
time.2,28,174,1.4901161193847656e-08,0.0006213082233443856,2026092702,coupled_lag4
behavior.0,28,174,1.4901161193847656e-08,0.00028666731668636203,2026092702,coupled_lag4
behavior.1,28,174,1.4901161193847656e-08,0.00015064449689816684,2026092702,coupled_lag4
behavior.2,28,174,1.4901161193847656e-08,0.00017313605349045247,2026092702,coupled_lag4
time.0,28,175,2.9802322387695312e-08,0.0005907667800784111,2026092702,coupled_lag4
time.1,28,175,1.4901161193847656e-08,0.0002121836005244404,2026092702,coupled_lag4
time.2,28,175,2.9802322387695312e-08,0.000648475019261241,2026092702,coupled_lag4
behavior.0,28,175,2.2351741790771484e-08,0.0002860509848687798,2026092702,coupled_lag4
behavior.1,28,175,1.4901161193847656e-08,0.00016457863966934383,2026092702,coupled_lag4
behavior.2,28,175,1.4901161193847656e-08,0.00016181636601686478,2026092702,coupled_lag4
time.0,28,176,2.2351741790771484e-08,0.0006701279780827463,2026092702,coupled_lag4
time.1,28,176,1.1175870895385742e-08,0.00023363486980088055,2026092702,coupled_lag4
time.2,28,176,2.9802322387695312e-08,0.0007380153401754797,2026092702,coupled_lag4
behavior.0,28,176,1.4901161193847656e-08,0.0002822635287884623,2026092702,coupled_lag4
behavior.1,28,176,1.4901161193847656e-08,0.00015572237316519022,2026092702,coupled_lag4
behavior.2,28,176,1.4901161193847656e-08,0.00016887190577108413,2026092702,coupled_lag4
time.0,28,177,1.4901161193847656e-08,0.0006908106151968241,2026092702,coupled_lag4
time.1,28,177,1.4901161193847656e-08,0.0002413709444226697,2026092702,coupled_lag4
time.2,28,177,2.9802322387695312e-08,0.0007535530021414161,2026092702,coupled_lag4
behavior.0,28,177,1.4901161193847656e-08,0.00028046302031725645,2026092702,coupled_lag4
behavior.1,28,177,1.4901161193847656e-08,0.00015804058057256043,2026092702,coupled_lag4
behavior.2,28,177,1.4901161193847656e-08,0.0001648503093747422,2026092702,coupled_lag4
time.0,28,178,2.2351741790771484e-08,0.0006382561405189335,2026092702,coupled_lag4
time.1,28,178,1.4901161193847656e-08,0.00022558393538929522,2026092702,coupled_lag4
time.2,28,178,2.9802322387695312e-08,0.0007034380687400699,2026092702,coupled_lag4
behavior.0,28,178,1.4901161193847656e-08,0.0002937625686172396,2026092702,coupled_lag4
behavior.1,28,178,1.4901161193847656e-08,0.00015794379578437656,2026092702,coupled_lag4
behavior.2,28,178,1.4901161193847656e-08,0.0002081094862660393,2026092702,coupled_lag4
time.0,28,179,1.4901161193847656e-08,0.0007215827936306596,2026092702,coupled_lag4
time.1,28,179,1.4901161193847656e-08,0.00025089207338169217,2026092702,coupled_lag4
time.2,28,179,2.9802322387695312e-08,0.000802583759650588,2026092702,coupled_lag4
behavior.0,28,179,1.4901161193847656e-08,0.00029954954516142607,2026092702,coupled_lag4
behavior.1,28,179,1.4901161193847656e-08,0.00016627172590233386,2026092702,coupled_lag4
behavior.2,28,179,1.4901161193847656e-08,0.00019165950652677566,2026092702,coupled_lag4
time.0,28,180,1.4901161193847656e-08,0.0006749127642251551,2026092702,coupled_lag4
time.1,28,180,1.4901161193847656e-08,0.00024030078202486038,2026092702,coupled_lag4
time.2,28,180,2.9802322387695312e-08,0.0007577447104267776,2026092702,coupled_lag4
behavior.0,28,180,2.2351741790771484e-08,0.00028787157498300076,2026092702,coupled_lag4
behavior.1,28,180,1.4901161193847656e-08,0.00016381527530029416,2026092702,coupled_lag4
behavior.2,28,180,1.4901161193847656e-08,0.00015484000323340297,2026092702,coupled_lag4
time.0,28,181,2.9802322387695312e-08,0.0006387283210642636,2026092702,coupled_lag4
time.1,28,181,1.1175870895385742e-08,0.00022869468375574797,2026092702,coupled_lag4
time.2,28,181,2.9802322387695312e-08,0.0007245763554237783,2026092702,coupled_lag4
behavior.0,28,181,2.2351741790771484e-08,0.0002864655980374664,2026092702,coupled_lag4
behavior.1,28,181,1.4901161193847656e-08,0.00016478031466249377,2026092702,coupled_lag4
behavior.2,28,181,7.450580596923828e-09,0.00017396471230313182,2026092702,coupled_lag4
time.0,28,182,1.4901161193847656e-08,0.0006377018871717155,2026092702,coupled_lag4
time.1,28,182,1.4901161193847656e-08,0.00022382270253729075,2026092702,coupled_lag4
time.2,28,182,2.2351741790771484e-08,0.0007004697108641267,2026092702,coupled_lag4
behavior.0,28,182,1.4901161193847656e-08,0.00029076996725052595,2026092702,coupled_lag4
behavior.1,28,182,1.4901161193847656e-08,0.00014041128451935947,2026092702,coupled_lag4
behavior.2,28,182,1.4901161193847656e-08,0.0001489233400207013,2026092702,coupled_lag4
time.0,28,183,2.9802322387695312e-08,0.000655549403745681,2026092702,coupled_lag4
time.1,28,183,1.1175870895385742e-08,0.00023388444969896227,2026092702,coupled_lag4
time.2,28,183,2.9802322387695312e-08,0.0007145174313336611,2026092702,coupled_lag4
behavior.0,28,183,1.4901161193847656e-08,0.00027491943910717964,2026092702,coupled_lag4
behavior.1,28,183,1.1175870895385742e-08,0.00015137906302697957,2026092702,coupled_lag4
behavior.2,28,183,1.4901161193847656e-08,0.00017490546451881528,2026092702,coupled_lag4
time.0,28,184,2.9802322387695312e-08,0.0006214104359969497,2026092702,coupled_lag4
time.1,28,184,1.4901161193847656e-08,0.0002201885508839041,2026092702,coupled_lag4
time.2,28,184,2.9802322387695312e-08,0.0006622672663070261,2026092702,coupled_lag4
behavior.0,28,184,1.4901161193847656e-08,0.00027791361208073795,2026092702,coupled_lag4
behavior.1,28,184,1.1175870895385742e-08,0.00016190677706617862,2026092702,coupled_lag4
behavior.2,28,184,1.4901161193847656e-08,0.0001775978016667068,2026092702,coupled_lag4
time.0,28,185,2.9802322387695312e-08,0.0005643348558805883,2026092702,coupled_lag4
time.1,28,185,1.4901161193847656e-08,0.00019648254965431988,2026092702,coupled_lag4
time.2,28,185,2.9802322387695312e-08,0.0005822314415127039,2026092702,coupled_lag4
behavior.0,28,185,1.4901161193847656e-08,0.000299464154522866,2026092702,coupled_lag4
behavior.1,28,185,1.4901161193847656e-08,0.000151460844790563,2026092702,coupled_lag4
behavior.2,28,185,1.4901161193847656e-08,0.00019394677656237036,2026092702,coupled_lag4
time.0,28,186,2.9802322387695312e-08,0.0006721586105413735,2026092702,coupled_lag4
time.1,28,186,1.4901161193847656e-08,0.00023780182527843863,2026092702,coupled_lag4
time.2,28,186,1.4901161193847656e-08,0.0007420266629196703,2026092702,coupled_lag4
behavior.0,28,186,1.4901161193847656e-08,0.00026184666785411537,2026092702,coupled_lag4
behavior.1,28,186,1.4901161193847656e-08,0.00014998993719927967,2026092702,coupled_lag4
behavior.2,28,186,1.4901161193847656e-08,0.00013731112994719297,2026092702,coupled_lag4
time.0,28,187,2.2351741790771484e-08,0.0006789330509491265,2026092702,coupled_lag4
time.1,28,187,2.2351741790771484e-08,0.00023691348906140774,2026092702,coupled_lag4
time.2,28,187,2.9802322387695312e-08,0.0007757160346955061,2026092702,coupled_lag4
behavior.0,28,187,1.4901161193847656e-08,0.0002820557856466621,2026092702,coupled_lag4
behavior.1,28,187,1.4901161193847656e-08,0.00014002709940541536,2026092702,coupled_lag4
behavior.2,28,187,1.1175870895385742e-08,0.00016621222312096506,2026092702,coupled_lag4
time.0,28,188,1.4901161193847656e-08,0.0006779778632335365,2026092702,coupled_lag4
time.1,28,188,2.2351741790771484e-08,0.00024005299201235175,2026092702,coupled_lag4
time.2,28,188,2.9802322387695312e-08,0.0007869862602092326,2026092702,coupled_lag4
behavior.0,28,188,1.4901161193847656e-08,0.0002976549440063536,2026092702,coupled_lag4
behavior.1,28,188,2.2351741790771484e-08,0.00018744291446637362,2026092702,coupled_lag4
behavior.2,28,188,1.4901161193847656e-08,0.0001666110911173746,2026092702,coupled_lag4
time.0,28,189,2.2351741790771484e-08,0.0005746243405155838,2026092702,coupled_lag4
time.1,28,189,1.4901161193847656e-08,0.00020514825882855803,2026092702,coupled_lag4
time.2,28,189,1.4901161193847656e-08,0.0006203787634149194,2026092702,coupled_lag4
behavior.0,28,189,2.2351741790771484e-08,0.00029176281532272696,2026092702,coupled_lag4
behavior.1,28,189,1.4901161193847656e-08,0.0001590051397215575,2026092702,coupled_lag4
behavior.2,28,189,1.1175870895385742e-08,0.0001846658269641921,2026092702,coupled_lag4
time.0,28,190,2.2351741790771484e-08,0.0006506069330498576,2026092702,coupled_lag4
time.1,28,190,2.2351741790771484e-08,0.0002293290162924677,2026092702,coupled_lag4
time.2,28,190,2.9802322387695312e-08,0.0007527496200054884,2026092702,coupled_lag4
behavior.0,28,190,1.4901161193847656e-08,0.00028219271916896105,2026092702,coupled_lag4
behavior.1,28,190,7.450580596923828e-09,0.00015090842498466372,2026092702,coupled_lag4
behavior.2,28,190,1.4901161193847656e-08,0.000195663160411641,2026092702,coupled_lag4
time.0,28,191,1.4901161193847656e-08,0.0006416010437533259,2026092702,coupled_lag4
time.1,28,191,1.4901161193847656e-08,0.00022523166262544692,2026092702,coupled_lag4
time.2,28,191,2.9802322387695312e-08,0.0006979670724831522,2026092702,coupled_lag4
behavior.0,28,191,1.4901161193847656e-08,0.0002810227160807699,2026092702,coupled_lag4
behavior.1,28,191,1.4901161193847656e-08,0.00015682551020290703,2026092702,coupled_lag4
behavior.2,28,191,1.4901161193847656e-08,0.00015040354628581554,2026092702,coupled_lag4
time.0,28,192,1.4901161193847656e-08,0.0005805784021504223,2026092702,coupled_lag4
time.1,28,192,1.1175870895385742e-08,0.00021040125284343958,2026092702,coupled_lag4
time.2,28,192,1.4901161193847656e-08,0.000613965792581439,2026092702,coupled_lag4
behavior.0,28,192,1.4901161193847656e-08,0.0002903506683651358,2026092702,coupled_lag4
behavior.1,28,192,1.4901161193847656e-08,0.00016405204951297492,2026092702,coupled_lag4
behavior.2,28,192,1.4901161193847656e-08,0.00019342935411259532,2026092702,coupled_lag4
time.0,28,193,1.4901161193847656e-08,0.0006541198818013072,2026092702,coupled_lag4
time.1,28,193,1.4901161193847656e-08,0.00023542768030893058,2026092702,coupled_lag4
time.2,28,193,4.470348358154297e-08,0.0007289719651453197,2026092702,coupled_lag4
behavior.0,28,193,1.4901161193847656e-08,0.00027324369875714183,2026092702,coupled_lag4
behavior.1,28,193,1.4901161193847656e-08,0.00013912105350755155,2026092702,coupled_lag4
behavior.2,28,193,1.4901161193847656e-08,0.0001607417652849108,2026092702,coupled_lag4
time.0,28,194,1.4901161193847656e-08,0.0005977200344204903,2026092702,coupled_lag4
time.1,28,194,1.4901161193847656e-08,0.00021448705228976905,2026092702,coupled_lag4
time.2,28,194,2.9802322387695312e-08,0.0006673772004432976,2026092702,coupled_lag4
behavior.0,28,194,1.4901161193847656e-08,0.0002917339443229139,2026092702,coupled_lag4
behavior.1,28,194,1.4901161193847656e-08,0.00015638892364222556,2026092702,coupled_lag4
behavior.2,28,194,1.4901161193847656e-08,0.00015739980153739452,2026092702,coupled_lag4
time.0,28,195,2.2351741790771484e-08,0.000621911371126771,2026092702,coupled_lag4
time.1,28,195,1.4901161193847656e-08,0.00022134336177259684,2026092702,coupled_lag4
time.2,28,195,2.9802322387695312e-08,0.0006699647638015449,2026092702,coupled_lag4
behavior.0,28,195,1.4901161193847656e-08,0.0002981782308779657,2026092702,coupled_lag4
behavior.1,28,195,1.4901161193847656e-08,0.00015795700892340392,2026092702,coupled_lag4
behavior.2,28,195,1.4901161193847656e-08,0.0002022703702095896,2026092702,coupled_lag4
time.0,28,196,2.2351741790771484e-08,0.0006362382555380464,2026092702,coupled_lag4
time.1,28,196,1.1175870895385742e-08,0.00022911682026460767,2026092702,coupled_lag4
time.2,28,196,2.9802322387695312e-08,0.0007254161173477769,2026092702,coupled_lag4
behavior.0,28,196,1.4901161193847656e-08,0.0002815193438436836,2026092702,coupled_lag4
behavior.1,28,196,1.4901161193847656e-08,0.00015910166257526726,2026092702,coupled_lag4
behavior.2,28,196,1.1175870895385742e-08,0.0001536210038466379,2026092702,coupled_lag4
time.0,28,197,1.4901161193847656e-08,0.0006504444754682481,2026092702,coupled_lag4
time.1,28,197,1.4901161193847656e-08,0.00023023605172056705,2026092702,coupled_lag4
time.2,28,197,1.4901161193847656e-08,0.0007122630486264825,2026092702,coupled_lag4
behavior.0,28,197,1.4901161193847656e-08,0.0002832718309946358,2026092702,coupled_lag4
behavior.1,28,197,1.4901161193847656e-08,0.00015539629384875298,2026092702,coupled_lag4
behavior.2,28,197,1.4901161193847656e-08,0.00017582440341357142,2026092702,coupled_lag4
time.0,28,198,2.2351741790771484e-08,0.0006124952924437821,2026092702,coupled_lag4
time.1,28,198,1.1175870895385742e-08,0.0002106663741869852,2026092702,coupled_lag4
time.2,28,198,2.9802322387695312e-08,0.0006097808363847435,2026092702,coupled_lag4
behavior.0,28,198,2.2351741790771484e-08,0.0002597729326225817,2026092702,coupled_lag4
behavior.1,28,198,1.4901161193847656e-08,0.00016067011165432632,2026092702,coupled_lag4
behavior.2,28,198,1.4901161193847656e-08,0.0001357050787191838,2026092702,coupled_lag4
time.0,28,199,1.4901161193847656e-08,0.0006788345635868609,2026092702,coupled_lag4
time.1,28,199,1.4901161193847656e-08,0.00023927909205667675,2026092702,coupled_lag4
time.2,28,199,2.9802322387695312e-08,0.0007498138002119958,2026092702,coupled_lag4
behavior.0,28,199,1.4901161193847656e-08,0.00029000360518693924,2026092702,coupled_lag4
behavior.1,28,199,1.4901161193847656e-08,0.00016762857558205724,2026092702,coupled_lag4
behavior.2,28,199,1.4901161193847656e-08,0.00023214607790578157,2026092702,coupled_lag4
time.0,28,200,2.2351741790771484e-08,0.0007488246774300933,2026092702,coupled_lag4
time.1,28,200,1.4901161193847656e-08,0.00026531462208367884,2026092702,coupled_lag4
time.2,28,200,2.9802322387695312e-08,0.0008472478948533535,2026092702,coupled_lag4
behavior.0,28,200,1.4901161193847656e-08,0.0002753682783804834,2026092702,coupled_lag4
behavior.1,28,200,1.4901161193847656e-08,0.00015618283941876143,2026092702,coupled_lag4
behavior.2,28,200,1.4901161193847656e-08,0.00015096721472218633,2026092702,coupled_lag4
time.0,28,1,1.4901161193847656e-08,0.0007066074176691473,2026092703,coupled_lag1
time.1,28,1,1.4901161193847656e-08,0.00029339929460547864,2026092703,coupled_lag1
time.2,28,1,2.9802322387695312e-08,0.0004269989731255919,2026092703,coupled_lag1
behavior.0,28,1,2.2351741790771484e-08,0.0003260104567743838,2026092703,coupled_lag1
behavior.1,28,1,1.4901161193847656e-08,0.0001432045246474445,2026092703,coupled_lag1
behavior.2,28,1,1.1175870895385742e-08,0.0001010261767078191,2026092703,coupled_lag1
time.0,28,2,1.4901161193847656e-08,0.0007461571367457509,2026092703,coupled_lag1
time.1,28,2,1.4901161193847656e-08,0.0003555403382051736,2026092703,coupled_lag1
time.2,28,2,1.4901161193847656e-08,0.0006520700408145785,2026092703,coupled_lag1
behavior.0,28,2,1.4901161193847656e-08,0.00035124554415233433,2026092703,coupled_lag1
behavior.1,28,2,1.4901161193847656e-08,0.00012750609312206507,2026092703,coupled_lag1
behavior.2,28,2,1.1175870895385742e-08,0.00010881739581236616,2026092703,coupled_lag1
time.0,28,3,2.2351741790771484e-08,0.0007462251815013587,2026092703,coupled_lag1
time.1,28,3,1.4901161193847656e-08,0.0003196254838258028,2026092703,coupled_lag1
time.2,28,3,2.2351741790771484e-08,0.0007563054095953703,2026092703,coupled_lag1
behavior.0,28,3,1.4901161193847656e-08,0.00032146734884008765,2026092703,coupled_lag1
behavior.1,28,3,1.4901161193847656e-08,0.00012774828064721078,2026092703,coupled_lag1
behavior.2,28,3,1.1175870895385742e-08,0.00010473540896782652,2026092703,coupled_lag1
time.0,28,4,1.4901161193847656e-08,0.0006183682125993073,2026092703,coupled_lag1
time.1,28,4,1.4901161193847656e-08,0.0002940857666544616,2026092703,coupled_lag1
time.2,28,4,2.2351741790771484e-08,0.0006595181184820831,2026092703,coupled_lag1
behavior.0,28,4,2.2351741790771484e-08,0.00036204795469529927,2026092703,coupled_lag1
behavior.1,28,4,1.4901161193847656e-08,0.00014187220949679613,2026092703,coupled_lag1
behavior.2,28,4,1.1175870895385742e-08,0.00012271341984160244,2026092703,coupled_lag1
time.0,28,5,1.4901161193847656e-08,0.0006591886631213129,2026092703,coupled_lag1
time.1,28,5,2.2351741790771484e-08,0.00029629922937601805,2026092703,coupled_lag1
time.2,28,5,2.9802322387695312e-08,0.0007955656037665904,2026092703,coupled_lag1
behavior.0,28,5,1.4901161193847656e-08,0.0003190673887729645,2026092703,coupled_lag1
behavior.1,28,5,7.450580596923828e-09,0.0001244699815288186,2026092703,coupled_lag1
behavior.2,28,5,1.4901161193847656e-08,9.748213778948411e-05,2026092703,coupled_lag1
time.0,28,6,2.2351741790771484e-08,0.0006006561452522874,2026092703,coupled_lag1
time.1,28,6,1.4901161193847656e-08,0.0002408173168078065,2026092703,coupled_lag1
time.2,28,6,2.2351741790771484e-08,0.0006937574944458902,2026092703,coupled_lag1
behavior.0,28,6,1.4901161193847656e-08,0.0003218438650947064,2026092703,coupled_lag1
behavior.1,28,6,2.2351741790771484e-08,0.00011746339441742748,2026092703,coupled_lag1
behavior.2,28,6,1.1175870895385742e-08,0.00011393611930543557,2026092703,coupled_lag1
time.0,28,7,1.4901161193847656e-08,0.0006413381779566407,2026092703,coupled_lag1
time.1,28,7,1.4901161193847656e-08,0.0002561432484071702,2026092703,coupled_lag1
time.2,28,7,2.9802322387695312e-08,0.000782955321483314,2026092703,coupled_lag1
behavior.0,28,7,2.2351741790771484e-08,0.0003228558343835175,2026092703,coupled_lag1
behavior.1,28,7,1.4901161193847656e-08,0.00011515922233229503,2026092703,coupled_lag1
behavior.2,28,7,1.1175870895385742e-08,0.00010836120054591447,2026092703,coupled_lag1
time.0,28,8,2.2351741790771484e-08,0.0006421896978281438,2026092703,coupled_lag1
time.1,28,8,1.4901161193847656e-08,0.00024594453861936927,2026092703,coupled_lag1
time.2,28,8,2.2351741790771484e-08,0.0006828623008914292,2026092703,coupled_lag1
behavior.0,28,8,1.4901161193847656e-08,0.00030670466367155313,2026092703,coupled_lag1
behavior.1,28,8,1.4901161193847656e-08,0.00011618484131759033,2026092703,coupled_lag1
behavior.2,28,8,1.1175870895385742e-08,9.407600737176836e-05,2026092703,coupled_lag1
time.0,28,9,2.2351741790771484e-08,0.0006761870463378727,2026092703,coupled_lag1
time.1,28,9,1.1175870895385742e-08,0.0002582437009550631,2026092703,coupled_lag1
time.2,28,9,2.9802322387695312e-08,0.000764570024330169,2026092703,coupled_lag1
behavior.0,28,9,1.4901161193847656e-08,0.00032573059434071183,2026092703,coupled_lag1
behavior.1,28,9,1.4901161193847656e-08,0.00011057477240683511,2026092703,coupled_lag1
behavior.2,28,9,1.4901161193847656e-08,0.00010685721645131707,2026092703,coupled_lag1
time.0,28,10,1.4901161193847656e-08,0.0007365389028564095,2026092703,coupled_lag1
time.1,28,10,1.1175870895385742e-08,0.0002652883995324373,2026092703,coupled_lag1
time.2,28,10,2.9802322387695312e-08,0.0008538656984455884,2026092703,coupled_lag1
behavior.0,28,10,1.4901161193847656e-08,0.00031691533513367176,2026092703,coupled_lag1
behavior.1,28,10,1.4901161193847656e-08,0.00012370268814265728,2026092703,coupled_lag1
behavior.2,28,10,1.1175870895385742e-08,0.00011648623330984265,2026092703,coupled_lag1
time.0,28,11,2.2351741790771484e-08,0.0006015647086314857,2026092703,coupled_lag1
time.1,28,11,1.4901161193847656e-08,0.00021706955158151686,2026092703,coupled_lag1
time.2,28,11,1.4901161193847656e-08,0.0005494497017934918,2026092703,coupled_lag1
behavior.0,28,11,1.4901161193847656e-08,0.00029157704557292163,2026092703,coupled_lag1
behavior.1,28,11,1.4901161193847656e-08,0.00011986484605586156,2026092703,coupled_lag1
behavior.2,28,11,1.1175870895385742e-08,0.00011231604730710387,2026092703,coupled_lag1
time.0,28,12,1.4901161193847656e-08,0.0005942846764810383,2026092703,coupled_lag1
time.1,28,12,1.4901161193847656e-08,0.00022565777180716395,2026092703,coupled_lag1
time.2,28,12,1.4901161193847656e-08,0.0006149589898996055,2026092703,coupled_lag1
behavior.0,28,12,1.4901161193847656e-08,0.0003181073989253491,2026092703,coupled_lag1
behavior.1,28,12,1.1175870895385742e-08,0.00012254592729732394,2026092703,coupled_lag1
behavior.2,28,12,1.1175870895385742e-08,0.00013310486974660307,2026092703,coupled_lag1
time.0,28,13,1.4901161193847656e-08,0.0006694996845908463,2026092703,coupled_lag1
time.1,28,13,1.4901161193847656e-08,0.0002534047525841743,2026092703,coupled_lag1
time.2,28,13,2.9802322387695312e-08,0.0007678541005589068,2026092703,coupled_lag1
behavior.0,28,13,1.4901161193847656e-08,0.0003071749524679035,2026092703,coupled_lag1
behavior.1,28,13,7.450580596923828e-09,0.00010488234693184495,2026092703,coupled_lag1
behavior.2,28,13,1.4901161193847656e-08,0.00011504816211527213,2026092703,coupled_lag1
time.0,28,14,1.4901161193847656e-08,0.0005768847768194973,2026092703,coupled_lag1
time.1,28,14,1.4901161193847656e-08,0.00020717873121611774,2026092703,coupled_lag1
time.2,28,14,1.4901161193847656e-08,0.0005530177149921656,2026092703,coupled_lag1
behavior.0,28,14,1.4901161193847656e-08,0.00031340072746388614,2026092703,coupled_lag1
behavior.1,28,14,1.4901161193847656e-08,0.00010634111822582781,2026092703,coupled_lag1
behavior.2,28,14,1.4901161193847656e-08,0.0001311829691985622,2026092703,coupled_lag1
time.0,28,15,2.2351741790771484e-08,0.000635316246189177,2026092703,coupled_lag1
time.1,28,15,1.4901161193847656e-08,0.00024029130872804672,2026092703,coupled_lag1
time.2,28,15,2.2351741790771484e-08,0.0006396250682882965,2026092703,coupled_lag1
behavior.0,28,15,1.4901161193847656e-08,0.0002991360961459577,2026092703,coupled_lag1
behavior.1,28,15,1.1175870895385742e-08,0.00010462343198014423,2026092703,coupled_lag1
behavior.2,28,15,1.1175870895385742e-08,0.00010779771400848404,2026092703,coupled_lag1
time.0,28,16,1.4901161193847656e-08,0.0006811295752413571,2026092703,coupled_lag1
time.1,28,16,1.1175870895385742e-08,0.0002561585861258209,2026092703,coupled_lag1
time.2,28,16,2.9802322387695312e-08,0.0007226312882266939,2026092703,coupled_lag1
behavior.0,28,16,1.4901161193847656e-08,0.0003220733779016882,2026092703,coupled_lag1
behavior.1,28,16,1.4901161193847656e-08,0.0001012215216178447,2026092703,coupled_lag1
behavior.2,28,16,1.1175870895385742e-08,0.00012746252468787134,2026092703,coupled_lag1
time.0,28,17,2.2351741790771484e-08,0.0006153212743811309,2026092703,coupled_lag1
time.1,28,17,1.4901161193847656e-08,0.0002204288321081549,2026092703,coupled_lag1
time.2,28,17,2.2351741790771484e-08,0.0006416451651602983,2026092703,coupled_lag1
behavior.0,28,17,1.4901161193847656e-08,0.00030379072995856404,2026092703,coupled_lag1
behavior.1,28,17,1.4901161193847656e-08,0.00010062124056275934,2026092703,coupled_lag1
behavior.2,28,17,1.4901161193847656e-08,0.00011734727013390511,2026092703,coupled_lag1
time.0,28,18,2.2351741790771484e-08,0.0006377789541147649,2026092703,coupled_lag1
time.1,28,18,1.1175870895385742e-08,0.00024684268282726407,2026092703,coupled_lag1
time.2,28,18,2.9802322387695312e-08,0.0007017523748800159,2026092703,coupled_lag1
behavior.0,28,18,1.4901161193847656e-08,0.0003183110384270549,2026092703,coupled_lag1
behavior.1,28,18,1.4901161193847656e-08,0.00010131067392649129,2026092703,coupled_lag1
behavior.2,28,18,1.4901161193847656e-08,0.0001375915016978979,2026092703,coupled_lag1
time.0,28,19,2.2351741790771484e-08,0.0007138179498724639,2026092703,coupled_lag1
time.1,28,19,1.4901161193847656e-08,0.00025173911126330495,2026092703,coupled_lag1
time.2,28,19,1.4901161193847656e-08,0.0008240201277658343,2026092703,coupled_lag1
behavior.0,28,19,1.4901161193847656e-08,0.0002883383131120354,2026092703,coupled_lag1
behavior.1,28,19,1.1175870895385742e-08,9.893192327581346e-05,2026092703,coupled_lag1
behavior.2,28,19,1.4901161193847656e-08,0.00013162106915842742,2026092703,coupled_lag1
time.0,28,20,1.4901161193847656e-08,0.000617684971075505,2026092703,coupled_lag1
time.1,28,20,1.4901161193847656e-08,0.00022623389668297023,2026092703,coupled_lag1
time.2,28,20,2.2351741790771484e-08,0.0007236622623167932,2026092703,coupled_lag1
behavior.0,28,20,2.2351741790771484e-08,0.0003050805244129151,2026092703,coupled_lag1
behavior.1,28,20,1.1175870895385742e-08,9.971894178306684e-05,2026092703,coupled_lag1
behavior.2,28,20,1.1175870895385742e-08,0.00012274840264581144,2026092703,coupled_lag1
time.0,28,21,2.9802322387695312e-08,0.0006089303060434759,2026092703,coupled_lag1
time.1,28,21,1.4901161193847656e-08,0.00022218417143449187,2026092703,coupled_lag1
time.2,28,21,2.9802322387695312e-08,0.0007666797027923167,2026092703,coupled_lag1
behavior.0,28,21,2.2351741790771484e-08,0.0003367374010849744,2026092703,coupled_lag1
behavior.1,28,21,1.4901161193847656e-08,0.00010344031761633232,2026092703,coupled_lag1
behavior.2,28,21,1.1175870895385742e-08,0.00014707431546412408,2026092703,coupled_lag1
time.0,28,22,1.4901161193847656e-08,0.0006045929621905088,2026092703,coupled_lag1
time.1,28,22,1.1175870895385742e-08,0.00021343992557376623,2026092703,coupled_lag1
time.2,28,22,2.9802322387695312e-08,0.000652271497529,2026092703,coupled_lag1
behavior.0,28,22,1.4901161193847656e-08,0.0003046285128220916,2026092703,coupled_lag1
behavior.1,28,22,1.4901161193847656e-08,9.710406447993591e-05,2026092703,coupled_lag1
behavior.2,28,22,1.4901161193847656e-08,0.00013528983981814235,2026092703,coupled_lag1
time.0,28,23,2.2351741790771484e-08,0.0006160181947052479,2026092703,coupled_lag1
time.1,28,23,1.1175870895385742e-08,0.00022183546388987452,2026092703,coupled_lag1
time.2,28,23,2.2351741790771484e-08,0.0007327760686166584,2026092703,coupled_lag1
behavior.0,28,23,1.4901161193847656e-08,0.000304145272821188,2026092703,coupled_lag1
behavior.1,28,23,1.1175870895385742e-08,9.647514525568113e-05,2026092703,coupled_lag1
behavior.2,28,23,1.1175870895385742e-08,0.0001269323256565258,2026092703,coupled_lag1
time.0,28,24,2.9802322387695312e-08,0.0006254127947613597,2026092703,coupled_lag1
time.1,28,24,1.4901161193847656e-08,0.00023407799017149955,2026092703,coupled_lag1
time.2,28,24,2.2351741790771484e-08,0.0007061654468998313,2026092703,coupled_lag1
behavior.0,28,24,1.4901161193847656e-08,0.00029785046353936195,2026092703,coupled_lag1
behavior.1,28,24,1.4901161193847656e-08,9.178894833894446e-05,2026092703,coupled_lag1
behavior.2,28,24,1.4901161193847656e-08,0.00011378522322047502,2026092703,coupled_lag1
time.0,28,25,2.2351741790771484e-08,0.0005765075329691172,2026092703,coupled_lag1
time.1,28,25,1.4901161193847656e-08,0.00021152535919100046,2026092703,coupled_lag1
time.2,28,25,2.2351741790771484e-08,0.0006540592294186354,2026092703,coupled_lag1
behavior.0,28,25,1.4901161193847656e-08,0.0003112946869805455,2026092703,coupled_lag1
behavior.1,28,25,7.450580596923828e-09,9.772650810191408e-05,2026092703,coupled_lag1
behavior.2,28,25,1.1175870895385742e-08,0.00013169572048354894,2026092703,coupled_lag1
time.0,28,26,2.2351741790771484e-08,0.0005695305299013853,2026092703,coupled_lag1
time.1,28,26,1.4901161193847656e-08,0.0002177296846639365,2026092703,coupled_lag1
time.2,28,26,1.4901161193847656e-08,0.0007884855149313807,2026092703,coupled_lag1
behavior.0,28,26,2.2351741790771484e-08,0.00029073000769130886,2026092703,coupled_lag1
behavior.1,28,26,1.4901161193847656e-08,9.351438347948715e-05,2026092703,coupled_lag1
behavior.2,28,26,1.4901161193847656e-08,0.00014445040142163634,2026092703,coupled_lag1
time.0,28,27,2.2351741790771484e-08,0.0005961476126685739,2026092703,coupled_lag1
time.1,28,27,1.4901161193847656e-08,0.00023608512128703296,2026092703,coupled_lag1
time.2,28,27,2.9802322387695312e-08,0.0008269829559139907,2026092703,coupled_lag1
behavior.0,28,27,1.4901161193847656e-08,0.00029795453883707523,2026092703,coupled_lag1
behavior.1,28,27,7.450580596923828e-09,0.00010210565233137459,2026092703,coupled_lag1
behavior.2,28,27,1.4901161193847656e-08,0.00015571346739307046,2026092703,coupled_lag1
time.0,28,28,2.2351741790771484e-08,0.0006147140520624816,2026092703,coupled_lag1
time.1,28,28,1.4901161193847656e-08,0.00022241521219257265,2026092703,coupled_lag1
time.2,28,28,2.9802322387695312e-08,0.0007538110367022455,2026092703,coupled_lag1
behavior.0,28,28,2.2351741790771484e-08,0.00029136950615793467,2026092703,coupled_lag1
behavior.1,28,28,1.4901161193847656e-08,9.721787500893697e-05,2026092703,coupled_lag1
behavior.2,28,28,1.4901161193847656e-08,0.0001352783729089424,2026092703,coupled_lag1
time.0,28,29,1.4901161193847656e-08,0.0005745937232859433,2026092703,coupled_lag1
time.1,28,29,1.4901161193847656e-08,0.0002106631436618045,2026092703,coupled_lag1
time.2,28,29,2.2351741790771484e-08,0.000725818274077028,2026092703,coupled_lag1
behavior.0,28,29,2.2351741790771484e-08,0.00028147822013124824,2026092703,coupled_lag1
behavior.1,28,29,1.1175870895385742e-08,9.373917418997735e-05,2026092703,coupled_lag1
behavior.2,28,29,1.1175870895385742e-08,0.00010915069287875667,2026092703,coupled_lag1
time.0,28,30,2.2351741790771484e-08,0.0006986275548115373,2026092703,coupled_lag1
time.1,28,30,2.2351741790771484e-08,0.00025485907099209726,2026092703,coupled_lag1
time.2,28,30,2.9802322387695312e-08,0.001029031234793365,2026092703,coupled_lag1
behavior.0,28,30,1.4901161193847656e-08,0.0002793541643768549,2026092703,coupled_lag1
behavior.1,28,30,1.4901161193847656e-08,9.037357085617259e-05,2026092703,coupled_lag1
behavior.2,28,30,1.1175870895385742e-08,0.00011289396206848323,2026092703,coupled_lag1
time.0,28,31,2.2351741790771484e-08,0.0005987061886116862,2026092703,coupled_lag1
time.1,28,31,1.1175870895385742e-08,0.00021841484704054892,2026092703,coupled_lag1
time.2,28,31,2.9802322387695312e-08,0.0007841952028684318,2026092703,coupled_lag1
behavior.0,28,31,2.9802322387695312e-08,0.00030223067733459175,2026092703,coupled_lag1
behavior.1,28,31,1.1175870895385742e-08,9.60189281613566e-05,2026092703,coupled_lag1
behavior.2,28,31,1.1175870895385742e-08,0.00013951025903224945,2026092703,coupled_lag1
time.0,28,32,2.2351741790771484e-08,0.0005490361363627017,2026092703,coupled_lag1
time.1,28,32,1.1175870895385742e-08,0.00022258111857809126,2026092703,coupled_lag1
time.2,28,32,2.2351741790771484e-08,0.0007331458036787808,2026092703,coupled_lag1
behavior.0,28,32,1.4901161193847656e-08,0.00030111975502222776,2026092703,coupled_lag1
behavior.1,28,32,1.4901161193847656e-08,9.365691221319139e-05,2026092703,coupled_lag1
behavior.2,28,32,1.1175870895385742e-08,0.00013226145529188216,2026092703,coupled_lag1
time.0,28,33,1.4901161193847656e-08,0.0005836760974489152,2026092703,coupled_lag1
time.1,28,33,1.4901161193847656e-08,0.00022667743905913085,2026092703,coupled_lag1
time.2,28,33,2.2351741790771484e-08,0.0008071396150626242,2026092703,coupled_lag1
behavior.0,28,33,1.4901161193847656e-08,0.0002926788292825222,2026092703,coupled_lag1
behavior.1,28,33,1.4901161193847656e-08,9.37625954975374e-05,2026092703,coupled_lag1
behavior.2,28,33,1.4901161193847656e-08,0.0001400594919687137,2026092703,coupled_lag1
time.0,28,34,1.4901161193847656e-08,0.0005934790824539959,2026092703,coupled_lag1
time.1,28,34,1.4901161193847656e-08,0.00023234663240145892,2026092703,coupled_lag1
time.2,28,34,2.2351741790771484e-08,0.0008675929275341332,2026092703,coupled_lag1
behavior.0,28,34,2.2351741790771484e-08,0.00031205773120746017,2026092703,coupled_lag1
behavior.1,28,34,1.4901161193847656e-08,0.00010056441533379257,2026092703,coupled_lag1
behavior.2,28,34,1.1175870895385742e-08,0.00012844109733123332,2026092703,coupled_lag1
time.0,28,35,2.2351741790771484e-08,0.0005508765461854637,2026092703,coupled_lag1
time.1,28,35,1.1175870895385742e-08,0.0002096108510158956,2026092703,coupled_lag1
time.2,28,35,2.2351741790771484e-08,0.0007814982673153281,2026092703,coupled_lag1
behavior.0,28,35,2.2351741790771484e-08,0.00029336914303712547,2026092703,coupled_lag1
behavior.1,28,35,1.4901161193847656e-08,9.921671153279021e-05,2026092703,coupled_lag1
behavior.2,28,35,1.1175870895385742e-08,0.00012825962039642036,2026092703,coupled_lag1
time.0,28,36,1.4901161193847656e-08,0.0005794522585347295,2026092703,coupled_lag1
time.1,28,36,1.1175870895385742e-08,0.0002258777094539255,2026092703,coupled_lag1
time.2,28,36,1.4901161193847656e-08,0.0008228372316807508,2026092703,coupled_lag1
behavior.0,28,36,1.4901161193847656e-08,0.00026327671366743743,2026092703,coupled_lag1
behavior.1,28,36,1.1175870895385742e-08,8.698423334863037e-05,2026092703,coupled_lag1
behavior.2,28,36,1.1175870895385742e-08,0.0001042832009261474,2026092703,coupled_lag1
time.0,28,37,1.4901161193847656e-08,0.0005761466454714537,2026092703,coupled_lag1
time.1,28,37,1.1175870895385742e-08,0.00022651908511761576,2026092703,coupled_lag1
time.2,28,37,2.2351741790771484e-08,0.0008710592519491911,2026092703,coupled_lag1
behavior.0,28,37,1.4901161193847656e-08,0.00031346798641607165,2026092703,coupled_lag1
behavior.1,28,37,1.4901161193847656e-08,0.00010241861309623346,2026092703,coupled_lag1
behavior.2,28,37,1.4901161193847656e-08,0.00014353809820022434,2026092703,coupled_lag1
time.0,28,38,1.4901161193847656e-08,0.0006094629061408341,2026092703,coupled_lag1
time.1,28,38,1.1175870895385742e-08,0.00022680021356791258,2026092703,coupled_lag1
time.2,28,38,2.9802322387695312e-08,0.0009827103931456804,2026092703,coupled_lag1
behavior.0,28,38,2.2351741790771484e-08,0.0003013115783687681,2026092703,coupled_lag1
behavior.1,28,38,1.1175870895385742e-08,9.657222108216956e-05,2026092703,coupled_lag1
behavior.2,28,38,1.1175870895385742e-08,0.00013829667295794934,2026092703,coupled_lag1
time.0,28,39,2.9802322387695312e-08,0.0005963655421510339,2026092703,coupled_lag1
time.1,28,39,1.1175870895385742e-08,0.0002190283266827464,2026092703,coupled_lag1
time.2,28,39,1.4901161193847656e-08,0.0008534868829883635,2026092703,coupled_lag1
behavior.0,28,39,2.2351741790771484e-08,0.0002790450816974044,2026092703,coupled_lag1
behavior.1,28,39,1.1175870895385742e-08,9.418807167094201e-05,2026092703,coupled_lag1
behavior.2,28,39,1.1175870895385742e-08,0.00011499518586788327,2026092703,coupled_lag1
time.0,28,40,2.2351741790771484e-08,0.0005605564219877124,2026092703,coupled_lag1
time.1,28,40,1.4901161193847656e-08,0.0002061331906588748,2026092703,coupled_lag1
time.2,28,40,2.9802322387695312e-08,0.0008606562623754144,2026092703,coupled_lag1
behavior.0,28,40,1.4901161193847656e-08,0.000323377171298489,2026092703,coupled_lag1
behavior.1,28,40,1.4901161193847656e-08,0.00010112909512827173,2026092703,coupled_lag1
behavior.2,28,40,1.4901161193847656e-08,0.00016096145554911345,2026092703,coupled_lag1
time.0,28,41,2.2351741790771484e-08,0.0005401805974543095,2026092703,coupled_lag1
time.1,28,41,1.1175870895385742e-08,0.00020079108071513474,2026092703,coupled_lag1
time.2,28,41,2.2351741790771484e-08,0.0008052267367020249,2026092703,coupled_lag1
behavior.0,28,41,1.4901161193847656e-08,0.00029920614906586707,2026092703,coupled_lag1
behavior.1,28,41,1.4901161193847656e-08,9.913051326293498e-05,2026092703,coupled_lag1
behavior.2,28,41,1.4901161193847656e-08,0.00013395605492405593,2026092703,coupled_lag1
time.0,28,42,2.2351741790771484e-08,0.0006403947481885552,2026092703,coupled_lag1
time.1,28,42,2.2351741790771484e-08,0.00023806930403225124,2026092703,coupled_lag1
time.2,28,42,2.2351741790771484e-08,0.0010532040614634752,2026092703,coupled_lag1
behavior.0,28,42,1.4901161193847656e-08,0.00029817415634170175,2026092703,coupled_lag1
behavior.1,28,42,7.450580596923828e-09,8.994869858724996e-05,2026092703,coupled_lag1
behavior.2,28,42,1.4901161193847656e-08,0.00012880569556728005,2026092703,coupled_lag1
time.0,28,43,2.9802322387695312e-08,0.0005888727027922869,2026092703,coupled_lag1
time.1,28,43,1.4901161193847656e-08,0.00022816931596025825,2026092703,coupled_lag1
time.2,28,43,1.4901161193847656e-08,0.0009250917355529964,2026092703,coupled_lag1
behavior.0,28,43,1.4901161193847656e-08,0.00033580142189748585,2026092703,coupled_lag1
behavior.1,28,43,1.4901161193847656e-08,9.942395990947261e-05,2026092703,coupled_lag1
behavior.2,28,43,1.1175870895385742e-08,0.00015835193335078657,2026092703,coupled_lag1
time.0,28,44,2.2351741790771484e-08,0.0006018840940669179,2026092703,coupled_lag1
time.1,28,44,1.4901161193847656e-08,0.00021795446809846908,2026092703,coupled_lag1
time.2,28,44,2.2351741790771484e-08,0.000846848648507148,2026092703,coupled_lag1
behavior.0,28,44,2.9802322387695312e-08,0.0002754043089225888,2026092703,coupled_lag1
behavior.1,28,44,7.450580596923828e-09,9.570417751092464e-05,2026092703,coupled_lag1
behavior.2,28,44,1.1175870895385742e-08,0.00013434948050417006,2026092703,coupled_lag1
time.0,28,45,1.4901161193847656e-08,0.0006335022044368088,2026092703,coupled_lag1
time.1,28,45,1.4901161193847656e-08,0.00022637328947894275,2026092703,coupled_lag1
time.2,28,45,2.9802322387695312e-08,0.0008842549286782742,2026092703,coupled_lag1
behavior.0,28,45,1.4901161193847656e-08,0.0002973428345285356,2026092703,coupled_lag1
behavior.1,28,45,1.4901161193847656e-08,9.406866593053564e-05,2026092703,coupled_lag1
behavior.2,28,45,1.1175870895385742e-08,0.00011970032937824726,2026092703,coupled_lag1
time.0,28,46,1.4901161193847656e-08,0.0006111306138336658,2026092703,coupled_lag1
time.1,28,46,1.4901161193847656e-08,0.0002280862972838804,2026092703,coupled_lag1
time.2,28,46,2.9802322387695312e-08,0.0009712514001876116,2026092703,coupled_lag1
behavior.0,28,46,2.2351741790771484e-08,0.0003233200986869633,2026092703,coupled_lag1
behavior.1,28,46,1.4901161193847656e-08,0.00010420227772556245,2026092703,coupled_lag1
behavior.2,28,46,7.450580596923828e-09,0.00013318812125362456,2026092703,coupled_lag1
time.0,28,47,1.4901161193847656e-08,0.000571776065044105,2026092703,coupled_lag1
time.1,28,47,2.2351741790771484e-08,0.00021439332340378314,2026092703,coupled_lag1
time.2,28,47,2.9802322387695312e-08,0.0009801508858799934,2026092703,coupled_lag1
behavior.0,28,47,2.2351741790771484e-08,0.00031705686706118286,2026092703,coupled_lag1
behavior.1,28,47,1.1175870895385742e-08,9.908182983053848e-05,2026092703,coupled_lag1
behavior.2,28,47,7.450580596923828e-09,0.00015095921116881073,2026092703,coupled_lag1
time.0,28,48,1.4901161193847656e-08,0.0006006553303450346,2026092703,coupled_lag1
time.1,28,48,7.450580596923828e-09,0.0002199139416916296,2026092703,coupled_lag1
time.2,28,48,2.9802322387695312e-08,0.000943870167247951,2026092703,coupled_lag1
behavior.0,28,48,1.4901161193847656e-08,0.00030169577803462744,2026092703,coupled_lag1
behavior.1,28,48,7.450580596923828e-09,9.722836693981662e-05,2026092703,coupled_lag1
behavior.2,28,48,1.1175870895385742e-08,0.00013462090282700956,2026092703,coupled_lag1
time.0,28,49,2.2351741790771484e-08,0.0005727745592594147,2026092703,coupled_lag1
time.1,28,49,1.1175870895385742e-08,0.00021923556050751358,2026092703,coupled_lag1
time.2,28,49,2.9802322387695312e-08,0.0009587226086296141,2026092703,coupled_lag1
behavior.0,28,49,2.2351741790771484e-08,0.00030414090724661946,2026092703,coupled_lag1
behavior.1,28,49,1.4901161193847656e-08,9.416208922630176e-05,2026092703,coupled_lag1
behavior.2,28,49,1.4901161193847656e-08,0.00013615105126518756,2026092703,coupled_lag1
time.0,28,50,1.4901161193847656e-08,0.0005000769160687923,2026092703,coupled_lag1
time.1,28,50,1.1175870895385742e-08,0.0001854669098975137,2026092703,coupled_lag1
time.2,28,50,2.9802322387695312e-08,0.0008802750962786376,2026092703,coupled_lag1
behavior.0,28,50,1.4901161193847656e-08,0.00029277123394422233,2026092703,coupled_lag1
behavior.1,28,50,1.4901161193847656e-08,9.406010940438136e-05,2026092703,coupled_lag1
behavior.2,28,50,1.1175870895385742e-08,0.0001392772392136976,2026092703,coupled_lag1
time.0,28,51,1.4901161193847656e-08,0.0005891259643249214,2026092703,coupled_lag1
time.1,28,51,7.450580596923828e-09,0.00022186303976923227,2026092703,coupled_lag1
time.2,28,51,2.9802322387695312e-08,0.0009290848975069821,2026092703,coupled_lag1
behavior.0,28,51,1.4901161193847656e-08,0.0002968552871607244,2026092703,coupled_lag1
behavior.1,28,51,1.1175870895385742e-08,9.464143658988178e-05,2026092703,coupled_lag1
behavior.2,28,51,7.450580596923828e-09,0.0001340307790087536,2026092703,coupled_lag1
time.0,28,52,1.4901161193847656e-08,0.0005698479944840074,2026092703,coupled_lag1
time.1,28,52,1.4901161193847656e-08,0.0002152438974007964,2026092703,coupled_lag1
time.2,28,52,2.2351741790771484e-08,0.0008781116339378059,2026092703,coupled_lag1
behavior.0,28,52,2.2351741790771484e-08,0.00032617506803944707,2026092703,coupled_lag1
behavior.1,28,52,1.4901161193847656e-08,9.727130964165553e-05,2026092703,coupled_lag1
behavior.2,28,52,1.4901161193847656e-08,0.00015201458882074803,2026092703,coupled_lag1
time.0,28,53,2.2351741790771484e-08,0.0005325282691046596,2026092703,coupled_lag1
time.1,28,53,1.862645149230957e-08,0.0001979989028768614,2026092703,coupled_lag1
time.2,28,53,2.9802322387695312e-08,0.0008953502983786166,2026092703,coupled_lag1
behavior.0,28,53,1.4901161193847656e-08,0.00030461547430604696,2026092703,coupled_lag1
behavior.1,28,53,1.1175870895385742e-08,9.936063725035638e-05,2026092703,coupled_lag1
behavior.2,28,53,1.1175870895385742e-08,0.00013824633788317442,2026092703,coupled_lag1
time.0,28,54,2.2351741790771484e-08,0.0005489614559337497,2026092703,coupled_lag1
time.1,28,54,1.4901161193847656e-08,0.00019676113151945174,2026092703,coupled_lag1
time.2,28,54,2.9802322387695312e-08,0.0008283513016067445,2026092703,coupled_lag1
behavior.0,28,54,1.4901161193847656e-08,0.00035190663766115904,2026092703,coupled_lag1
behavior.1,28,54,1.4901161193847656e-08,0.00011464032286312431,2026092703,coupled_lag1
behavior.2,28,54,1.4901161193847656e-08,0.00014551723143085837,2026092703,coupled_lag1
time.0,28,55,2.9802322387695312e-08,0.0005564279272221029,2026092703,coupled_lag1
time.1,28,55,1.1175870895385742e-08,0.00018994884158018976,2026092703,coupled_lag1
time.2,28,55,2.9802322387695312e-08,0.0009059809963218868,2026092703,coupled_lag1
behavior.0,28,55,2.2351741790771484e-08,0.00029214625828899443,2026092703,coupled_lag1
behavior.1,28,55,1.1175870895385742e-08,0.00010151176684303209,2026092703,coupled_lag1
behavior.2,28,55,1.1175870895385742e-08,0.00013310863869264722,2026092703,coupled_lag1
time.0,28,56,1.4901161193847656e-08,0.0006048013456165791,2026092703,coupled_lag1
time.1,28,56,2.2351741790771484e-08,0.00020399541244842112,2026092703,coupled_lag1
time.2,28,56,2.2351741790771484e-08,0.0009125981596298516,2026092703,coupled_lag1
behavior.0,28,56,2.2351741790771484e-08,0.0003000515280291438,2026092703,coupled_lag1
behavior.1,28,56,1.4901161193847656e-08,9.770724136615172e-05,2026092703,coupled_lag1
behavior.2,28,56,1.4901161193847656e-08,0.00014029693556949496,2026092703,coupled_lag1
time.0,28,57,2.9802322387695312e-08,0.0006354575743898749,2026092703,coupled_lag1
time.1,28,57,1.4901161193847656e-08,0.00021678197663277388,2026092703,coupled_lag1
time.2,28,57,2.9802322387695312e-08,0.0010844116332009435,2026092703,coupled_lag1
behavior.0,28,57,1.4901161193847656e-08,0.0003104460774920881,2026092703,coupled_lag1
behavior.1,28,57,7.450580596923828e-09,0.00010145714622922242,2026092703,coupled_lag1
behavior.2,28,57,1.4901161193847656e-08,0.00014029181329533458,2026092703,coupled_lag1
time.0,28,58,1.4901161193847656e-08,0.0005554258823394775,2026092703,coupled_lag1
time.1,28,58,1.1175870895385742e-08,0.00018360879039391875,2026092703,coupled_lag1
time.2,28,58,2.9802322387695312e-08,0.0009670584695413709,2026092703,coupled_lag1
behavior.0,28,58,1.4901161193847656e-08,0.0003414777456782758,2026092703,coupled_lag1
behavior.1,28,58,7.450580596923828e-09,0.00010317588021280244,2026092703,coupled_lag1
behavior.2,28,58,1.1175870895385742e-08,0.00014661984459962696,2026092703,coupled_lag1
time.0,28,59,2.2351741790771484e-08,0.0005702630151063204,2026092703,coupled_lag1
time.1,28,59,1.4901161193847656e-08,0.00019629466987680644,2026092703,coupled_lag1
time.2,28,59,2.2351741790771484e-08,0.0009983027121052146,2026092703,coupled_lag1
behavior.0,28,59,1.4901161193847656e-08,0.000294508266961202,2026092703,coupled_lag1
behavior.1,28,59,1.4901161193847656e-08,9.61256300797686e-05,2026092703,coupled_lag1
behavior.2,28,59,1.1175870895385742e-08,0.00013277982361614704,2026092703,coupled_lag1
time.0,28,60,1.4901161193847656e-08,0.0006057547871023417,2026092703,coupled_lag1
time.1,28,60,1.4901161193847656e-08,0.00021027914772275835,2026092703,coupled_lag1
time.2,28,60,1.4901161193847656e-08,0.0010411035036668181,2026092703,coupled_lag1
behavior.0,28,60,1.4901161193847656e-08,0.0003030025982297957,2026092703,coupled_lag1
behavior.1,28,60,1.4901161193847656e-08,0.0001030962957884185,2026092703,coupled_lag1
behavior.2,28,60,1.1175870895385742e-08,0.0001274213136639446,2026092703,coupled_lag1
time.0,28,61,1.4901161193847656e-08,0.0005642522592097521,2026092703,coupled_lag1
time.1,28,61,1.4901161193847656e-08,0.0001960518566193059,2026092703,coupled_lag1
time.2,28,61,1.4901161193847656e-08,0.0009706477867439389,2026092703,coupled_lag1
behavior.0,28,61,2.2351741790771484e-08,0.000317505095154047,2026092703,coupled_lag1
behavior.1,28,61,1.4901161193847656e-08,9.586154919816181e-05,2026092703,coupled_lag1
behavior.2,28,61,1.1175870895385742e-08,0.00013664376456290483,2026092703,coupled_lag1
time.0,28,62,1.4901161193847656e-08,0.0005802360828965902,2026092703,coupled_lag1
time.1,28,62,1.1175870895385742e-08,0.00020609244529623538,2026092703,coupled_lag1
time.2,28,62,2.9802322387695312e-08,0.0010824167402461171,2026092703,coupled_lag1
behavior.0,28,62,2.2351741790771484e-08,0.00029146004817448556,2026092703,coupled_lag1
behavior.1,28,62,1.1175870895385742e-08,9.476290870225057e-05,2026092703,coupled_lag1
behavior.2,28,62,1.4901161193847656e-08,0.00014066668518353254,2026092703,coupled_lag1
time.0,28,63,1.4901161193847656e-08,0.0005841892561875284,2026092703,coupled_lag1
time.1,28,63,1.4901161193847656e-08,0.00021475522953551263,2026092703,coupled_lag1
time.2,28,63,2.9802322387695312e-08,0.001117483014240861,2026092703,coupled_lag1
behavior.0,28,63,2.2351741790771484e-08,0.00031203392427414656,2026092703,coupled_lag1
behavior.1,28,63,7.450580596923828e-09,0.00010642558481777087,2026092703,coupled_lag1
behavior.2,28,63,1.4901161193847656e-08,0.00014055913197807968,2026092703,coupled_lag1
time.0,28,64,1.4901161193847656e-08,0.0006538749439641833,2026092703,coupled_lag1
time.1,28,64,1.4901161193847656e-08,0.00023741708719171584,2026092703,coupled_lag1
time.2,28,64,2.9802322387695312e-08,0.0012128923553973436,2026092703,coupled_lag1
behavior.0,28,64,2.2351741790771484e-08,0.00031178173958323896,2026092703,coupled_lag1
behavior.1,28,64,7.450580596923828e-09,0.0001080268484656699,2026092703,coupled_lag1
behavior.2,28,64,1.1175870895385742e-08,0.00014805817045271397,2026092703,coupled_lag1
time.0,28,65,1.4901161193847656e-08,0.0005487455055117607,2026092703,coupled_lag1
time.1,28,65,1.1175870895385742e-08,0.0002020404499489814,2026092703,coupled_lag1
time.2,28,65,2.2351741790771484e-08,0.00105514086317271,2026092703,coupled_lag1
behavior.0,28,65,1.4901161193847656e-08,0.0003081311588175595,2026092703,coupled_lag1
behavior.1,28,65,7.450580596923828e-09,0.00010534920147620142,2026092703,coupled_lag1
behavior.2,28,65,1.4901161193847656e-08,0.0001331521780230105,2026092703,coupled_lag1
time.0,28,66,2.2351741790771484e-08,0.0006285271374508739,2026092703,coupled_lag1
time.1,28,66,1.4901161193847656e-08,0.00022029082174412906,2026092703,coupled_lag1
time.2,28,66,2.9802322387695312e-08,0.001161722233518958,2026092703,coupled_lag1
behavior.0,28,66,1.4901161193847656e-08,0.000327792891766876,2026092703,coupled_lag1
behavior.1,28,66,7.450580596923828e-09,9.679027425590903e-05,2026092703,coupled_lag1
behavior.2,28,66,1.1175870895385742e-08,0.00013415653666015714,2026092703,coupled_lag1
time.0,28,67,1.4901161193847656e-08,0.0005477152881212533,2026092703,coupled_lag1
time.1,28,67,1.4901161193847656e-08,0.00019386777421459556,2026092703,coupled_lag1
time.2,28,67,2.9802322387695312e-08,0.0009512114338576794,2026092703,coupled_lag1
behavior.0,28,67,1.4901161193847656e-08,0.00030053657246753573,2026092703,coupled_lag1
behavior.1,28,67,1.1175870895385742e-08,9.906249033519998e-05,2026092703,coupled_lag1
behavior.2,28,67,7.450580596923828e-09,0.00012060379958711565,2026092703,coupled_lag1
time.0,28,68,1.4901161193847656e-08,0.0006265329429879785,2026092703,coupled_lag1
time.1,28,68,1.4901161193847656e-08,0.00021802815899718553,2026092703,coupled_lag1
time.2,28,68,2.9802322387695312e-08,0.0011653539258986712,2026092703,coupled_lag1
behavior.0,28,68,2.2351741790771484e-08,0.0002704978396650404,2026092703,coupled_lag1
behavior.1,28,68,1.4901161193847656e-08,0.00010252290667267516,2026092703,coupled_lag1
behavior.2,28,68,1.1175870895385742e-08,0.00011088879546150565,2026092703,coupled_lag1
time.0,28,69,2.2351741790771484e-08,0.0005888437735848129,2026092703,coupled_lag1
time.1,28,69,1.4901161193847656e-08,0.00023576566309202462,2026092703,coupled_lag1
time.2,28,69,2.9802322387695312e-08,0.0011602782178670168,2026092703,coupled_lag1
behavior.0,28,69,1.4901161193847656e-08,0.0003128552343696356,2026092703,coupled_lag1
behavior.1,28,69,1.1175870895385742e-08,9.660521027399227e-05,2026092703,coupled_lag1
behavior.2,28,69,1.1175870895385742e-08,0.00013240298721939325,2026092703,coupled_lag1
time.0,28,70,2.2351741790771484e-08,0.0006068749353289604,2026092703,coupled_lag1
time.1,28,70,1.4901161193847656e-08,0.00022905564401298761,2026092703,coupled_lag1
time.2,28,70,2.9802322387695312e-08,0.0011668860679492354,2026092703,coupled_lag1
behavior.0,28,70,1.4901161193847656e-08,0.0002846041170414537,2026092703,coupled_lag1
behavior.1,28,70,2.2351741790771484e-08,9.444022725801915e-05,2026092703,coupled_lag1
behavior.2,28,70,1.1175870895385742e-08,0.0001177267258754,2026092703,coupled_lag1
time.0,28,71,2.2351741790771484e-08,0.0005124754970893264,2026092703,coupled_lag1
time.1,28,71,1.4901161193847656e-08,0.00018886799807660282,2026092703,coupled_lag1
time.2,28,71,2.2351741790771484e-08,0.0008240418392233551,2026092703,coupled_lag1
behavior.0,28,71,1.4901161193847656e-08,0.00030446972232311964,2026092703,coupled_lag1
behavior.1,28,71,1.4901161193847656e-08,9.700490045361221e-05,2026092703,coupled_lag1
behavior.2,28,71,1.1175870895385742e-08,0.00012632249854505062,2026092703,coupled_lag1
time.0,28,72,1.4901161193847656e-08,0.0005373802268877625,2026092703,coupled_lag1
time.1,28,72,1.4901161193847656e-08,0.0001981454697670415,2026092703,coupled_lag1
time.2,28,72,2.9802322387695312e-08,0.0008941500564105809,2026092703,coupled_lag1
behavior.0,28,72,2.2351741790771484e-08,0.00032044737599790096,2026092703,coupled_lag1
behavior.1,28,72,1.4901161193847656e-08,9.77649906417355e-05,2026092703,coupled_lag1
behavior.2,28,72,1.4901161193847656e-08,0.00014806595572736114,2026092703,coupled_lag1
time.0,28,73,2.2351741790771484e-08,0.0005852921167388558,2026092703,coupled_lag1
time.1,28,73,1.4901161193847656e-08,0.00021772766194771975,2026092703,coupled_lag1
time.2,28,73,2.2351741790771484e-08,0.0009350195759907365,2026092703,coupled_lag1
behavior.0,28,73,1.4901161193847656e-08,0.0002937119861599058,2026092703,coupled_lag1
behavior.1,28,73,1.1175870895385742e-08,9.567596862325445e-05,2026092703,coupled_lag1
behavior.2,28,73,1.1175870895385742e-08,0.00011718836321961135,2026092703,coupled_lag1
time.0,28,74,2.2351741790771484e-08,0.0005924015422351658,2026092703,coupled_lag1
time.1,28,74,1.1175870895385742e-08,0.00021878533880226314,2026092703,coupled_lag1
time.2,28,74,2.9802322387695312e-08,0.0009672545711509883,2026092703,coupled_lag1
behavior.0,28,74,1.4901161193847656e-08,0.00029013873427174985,2026092703,coupled_lag1
behavior.1,28,74,1.1175870895385742e-08,0.00010067687253467739,2026092703,coupled_lag1
behavior.2,28,74,1.1175870895385742e-08,0.0001240625570062548,2026092703,coupled_lag1
time.0,28,75,2.2351741790771484e-08,0.000597801641561091,2026092703,coupled_lag1
time.1,28,75,1.4901161193847656e-08,0.00023054427583701909,2026092703,coupled_lag1
time.2,28,75,2.9802322387695312e-08,0.0010485041420906782,2026092703,coupled_lag1
behavior.0,28,75,2.2351741790771484e-08,0.00029599395929835737,2026092703,coupled_lag1
behavior.1,28,75,1.1175870895385742e-08,9.527292422717437e-05,2026092703,coupled_lag1
behavior.2,28,75,1.1175870895385742e-08,0.00014394838945008814,2026092703,coupled_lag1
time.0,28,76,1.4901161193847656e-08,0.0006150826811790466,2026092703,coupled_lag1
time.1,28,76,7.450580596923828e-09,0.0002259955508634448,2026092703,coupled_lag1
time.2,28,76,2.9802322387695312e-08,0.0010501615470275283,2026092703,coupled_lag1
behavior.0,28,76,1.4901161193847656e-08,0.000282107328530401,2026092703,coupled_lag1
behavior.1,28,76,1.4901161193847656e-08,0.00010043597285402939,2026092703,coupled_lag1
behavior.2,28,76,1.1175870895385742e-08,0.00013238046085461974,2026092703,coupled_lag1
time.0,28,77,2.2351741790771484e-08,0.0005847164429724216,2026092703,coupled_lag1
time.1,28,77,1.1175870895385742e-08,0.00021443868172354996,2026092703,coupled_lag1
time.2,28,77,2.9802322387695312e-08,0.00093244225718081,2026092703,coupled_lag1
behavior.0,28,77,2.2351741790771484e-08,0.00033123549656011164,2026092703,coupled_lag1
behavior.1,28,77,1.4901161193847656e-08,0.00012535169662442058,2026092703,coupled_lag1
behavior.2,28,77,1.4901161193847656e-08,0.00016492110444232821,2026092703,coupled_lag1
time.0,28,78,1.4901161193847656e-08,0.0005505910376086831,2026092703,coupled_lag1
time.1,28,78,1.1175870895385742e-08,0.00020564065198414028,2026092703,coupled_lag1
time.2,28,78,2.9802322387695312e-08,0.0009811491472646594,2026092703,coupled_lag1
behavior.0,28,78,1.4901161193847656e-08,0.00031410224619321525,2026092703,coupled_lag1
behavior.1,28,78,1.4901161193847656e-08,9.570141264703125e-05,2026092703,coupled_lag1
behavior.2,28,78,1.4901161193847656e-08,0.00013843415945302695,2026092703,coupled_lag1
time.0,28,79,1.4901161193847656e-08,0.000514004030264914,2026092703,coupled_lag1
time.1,28,79,1.4901161193847656e-08,0.00019168043218087405,2026092703,coupled_lag1
time.2,28,79,2.2351741790771484e-08,0.0008648469229228795,2026092703,coupled_lag1
behavior.0,28,79,2.2351741790771484e-08,0.00030887252069078386,2026092703,coupled_lag1
behavior.1,28,79,1.4901161193847656e-08,9.674400644144043e-05,2026092703,coupled_lag1
behavior.2,28,79,1.4901161193847656e-08,0.00013156665954738855,2026092703,coupled_lag1
time.0,28,80,2.2351741790771484e-08,0.0006152147543616593,2026092703,coupled_lag1
time.1,28,80,1.4901161193847656e-08,0.0002241854090243578,2026092703,coupled_lag1
time.2,28,80,2.9802322387695312e-08,0.0011324912775307894,2026092703,coupled_lag1
behavior.0,28,80,2.2351741790771484e-08,0.0003302058903500438,2026092703,coupled_lag1
behavior.1,28,80,7.450580596923828e-09,0.00010133002797374502,2026092703,coupled_lag1
behavior.2,28,80,1.1175870895385742e-08,0.00015436003741342574,2026092703,coupled_lag1
time.0,28,81,1.4901161193847656e-08,0.000621807121206075,2026092703,coupled_lag1
time.1,28,81,1.4901161193847656e-08,0.00023263139883056283,2026092703,coupled_lag1
time.2,28,81,2.9802322387695312e-08,0.0010827673831954598,2026092703,coupled_lag1
behavior.0,28,81,1.4901161193847656e-08,0.00030996178975328803,2026092703,coupled_lag1
behavior.1,28,81,1.1175870895385742e-08,9.814913209993392e-05,2026092703,coupled_lag1
behavior.2,28,81,1.1175870895385742e-08,0.00012354174396023154,2026092703,coupled_lag1
time.0,28,82,1.4901161193847656e-08,0.0005608233041130006,2026092703,coupled_lag1
time.1,28,82,1.4901161193847656e-08,0.0002056071680271998,2026092703,coupled_lag1
time.2,28,82,2.9802322387695312e-08,0.0009326852741651237,2026092703,coupled_lag1
behavior.0,28,82,1.4901161193847656e-08,0.0003030772786587477,2026092703,coupled_lag1
behavior.1,28,82,1.4901161193847656e-08,9.782826964510605e-05,2026092703,coupled_lag1
behavior.2,28,82,1.4901161193847656e-08,0.00012776644143741578,2026092703,coupled_lag1
time.0,28,83,2.2351741790771484e-08,0.0006473039393313229,2026092703,coupled_lag1
time.1,28,83,1.4901161193847656e-08,0.00023881277593318373,2026092703,coupled_lag1
time.2,28,83,2.9802322387695312e-08,0.0011933369096368551,2026092703,coupled_lag1
behavior.0,28,83,1.4901161193847656e-08,0.00031641926034353673,2026092703,coupled_lag1
behavior.1,28,83,1.4901161193847656e-08,9.631663851905614e-05,2026092703,coupled_lag1
behavior.2,28,83,1.4901161193847656e-08,0.0001293157401960343,2026092703,coupled_lag1
time.0,28,84,2.2351741790771484e-08,0.0005851587629877031,2026092703,coupled_lag1
time.1,28,84,1.4901161193847656e-08,0.0002146429178537801,2026092703,coupled_lag1
time.2,28,84,2.9802322387695312e-08,0.0010715470416471362,2026092703,coupled_lag1
behavior.0,28,84,1.4901161193847656e-08,0.0003065381897613406,2026092703,coupled_lag1
behavior.1,28,84,1.1175870895385742e-08,0.00010275914246449247,2026092703,coupled_lag1
behavior.2,28,84,7.450580596923828e-09,0.00012696125486399978,2026092703,coupled_lag1
time.0,28,85,2.2351741790771484e-08,0.0005376291228458285,2026092703,coupled_lag1
time.1,28,85,1.4901161193847656e-08,0.00019656358927022666,2026092703,coupled_lag1
time.2,28,85,2.2351741790771484e-08,0.0010115454206243157,2026092703,coupled_lag1
behavior.0,28,85,1.4901161193847656e-08,0.0003123034839518368,2026092703,coupled_lag1
behavior.1,28,85,7.450580596923828e-09,0.00010167712753172964,2026092703,coupled_lag1
behavior.2,28,85,7.450580596923828e-09,0.0001275085232919082,2026092703,coupled_lag1
time.0,28,86,1.4901161193847656e-08,0.0005597947165369987,2026092703,coupled_lag1
time.1,28,86,1.4901161193847656e-08,0.0002004532580031082,2026092703,coupled_lag1
time.2,28,86,2.9802322387695312e-08,0.0009891401277855039,2026092703,coupled_lag1
behavior.0,28,86,2.2351741790771484e-08,0.0003239259822294116,2026092703,coupled_lag1
behavior.1,28,86,7.450580596923828e-09,9.872468945104629e-05,2026092703,coupled_lag1
behavior.2,28,86,1.4901161193847656e-08,0.00013797082647215575,2026092703,coupled_lag1
time.0,28,87,1.4901161193847656e-08,0.0005603150930255651,2026092703,coupled_lag1
time.1,28,87,1.4901161193847656e-08,0.00019410971435718238,2026092703,coupled_lag1
time.2,28,87,2.2351741790771484e-08,0.000918678822927177,2026092703,coupled_lag1
behavior.0,28,87,1.4901161193847656e-08,0.00031078868778422475,2026092703,coupled_lag1
behavior.1,28,87,7.450580596923828e-09,9.318897355115041e-05,2026092703,coupled_lag1
behavior.2,28,87,1.4901161193847656e-08,0.00014224629558157176,2026092703,coupled_lag1
time.0,28,88,2.9802322387695312e-08,0.0005318148178048432,2026092703,coupled_lag1
time.1,28,88,1.1175870895385742e-08,0.00018519519653636962,2026092703,coupled_lag1
time.2,28,88,2.2351741790771484e-08,0.0008838046924211085,2026092703,coupled_lag1
behavior.0,28,88,2.2351741790771484e-08,0.0003221991064492613,2026092703,coupled_lag1
behavior.1,28,88,1.4901161193847656e-08,0.00010074696911033243,2026092703,coupled_lag1
behavior.2,28,88,1.1175870895385742e-08,0.00014618034765589982,2026092703,coupled_lag1
time.0,28,89,2.9802322387695312e-08,0.0005174071411602199,2026092703,coupled_lag1
time.1,28,89,1.1175870895385742e-08,0.00018239581550005823,2026092703,coupled_lag1
time.2,28,89,2.9802322387695312e-08,0.0008806033292785287,2026092703,coupled_lag1
behavior.0,28,89,1.4901161193847656e-08,0.0003152860444970429,2026092703,coupled_lag1
behavior.1,28,89,7.450580596923828e-09,0.00010091707372339442,2026092703,coupled_lag1
behavior.2,28,89,1.1175870895385742e-08,0.00011175750842085108,2026092703,coupled_lag1
time.0,28,90,2.2351741790771484e-08,0.000559725274797529,2026092703,coupled_lag1
time.1,28,90,1.1175870895385742e-08,0.0002093976509058848,2026092703,coupled_lag1
time.2,28,90,2.9802322387695312e-08,0.0009521542233414948,2026092703,coupled_lag1
behavior.0,28,90,1.4901161193847656e-08,0.0003313955676276237,2026092703,coupled_lag1
behavior.1,28,90,1.1175870895385742e-08,9.461238369112834e-05,2026092703,coupled_lag1
behavior.2,28,90,1.1175870895385742e-08,0.0001405048242304474,2026092703,coupled_lag1
time.0,28,91,1.4901161193847656e-08,0.00046409276546910405,2026092703,coupled_lag1
time.1,28,91,1.1175870895385742e-08,0.00018047812045551836,2026092703,coupled_lag1
time.2,28,91,2.9802322387695312e-08,0.0008344409870915115,2026092703,coupled_lag1
behavior.0,28,91,1.4901161193847656e-08,0.00030015886295586824,2026092703,coupled_lag1
behavior.1,28,91,1.4901161193847656e-08,9.707226126920432e-05,2026092703,coupled_lag1
behavior.2,28,91,1.1175870895385742e-08,0.00013491969730239362,2026092703,coupled_lag1
time.0,28,92,1.4901161193847656e-08,0.0005167002091184258,2026092703,coupled_lag1
time.1,28,92,1.1175870895385742e-08,0.0001943375973496586,2026092703,coupled_lag1
time.2,28,92,2.9802322387695312e-08,0.0009584440849721432,2026092703,coupled_lag1
behavior.0,28,92,1.4901161193847656e-08,0.00032850736170075834,2026092703,coupled_lag1
behavior.1,28,92,1.4901161193847656e-08,9.899357246467844e-05,2026092703,coupled_lag1
behavior.2,28,92,1.4901161193847656e-08,0.00014042315888218582,2026092703,coupled_lag1
time.0,28,93,1.4901161193847656e-08,0.0005556555697694421,2026092703,coupled_lag1
time.1,28,93,1.1175870895385742e-08,0.00020127842435613275,2026092703,coupled_lag1
time.2,28,93,2.9802322387695312e-08,0.0010605499846860766,2026092703,coupled_lag1
behavior.0,28,93,2.2351741790771484e-08,0.000330070877680555,2026092703,coupled_lag1
behavior.1,28,93,1.1175870895385742e-08,0.00010504833335289732,2026092703,coupled_lag1
behavior.2,28,93,1.4901161193847656e-08,0.0001351318642264232,2026092703,coupled_lag1
time.0,28,94,1.4901161193847656e-08,0.0004817148728761822,2026092703,coupled_lag1
time.1,28,94,1.1175870895385742e-08,0.00017929443856701255,2026092703,coupled_lag1
time.2,28,94,2.2351741790771484e-08,0.0008613410172984004,2026092703,coupled_lag1
behavior.0,28,94,2.2351741790771484e-08,0.00030054026865400374,2026092703,coupled_lag1
behavior.1,28,94,7.450580596923828e-09,9.537501318845898e-05,2026092703,coupled_lag1
behavior.2,28,94,1.1175870895385742e-08,0.00013288104673847556,2026092703,coupled_lag1
time.0,28,95,2.2351741790771484e-08,0.0006099161109887064,2026092703,coupled_lag1
time.1,28,95,1.1175870895385742e-08,0.00022055691806599498,2026092703,coupled_lag1
time.2,28,95,2.9802322387695312e-08,0.0011655433336272836,2026092703,coupled_lag1
behavior.0,28,95,1.4901161193847656e-08,0.00029600164270959795,2026092703,coupled_lag1
behavior.1,28,95,7.450580596923828e-09,9.585364750819281e-05,2026092703,coupled_lag1
behavior.2,28,95,1.1175870895385742e-08,0.0001352597464574501,2026092703,coupled_lag1
time.0,28,96,1.4901161193847656e-08,0.0005674729472957551,2026092703,coupled_lag1
time.1,28,96,1.4901161193847656e-08,0.00020536135707516223,2026092703,coupled_lag1
time.2,28,96,2.9802322387695312e-08,0.0010727706830948591,2026092703,coupled_lag1
behavior.0,28,96,1.4901161193847656e-08,0.00030796544160693884,2026092703,coupled_lag1
behavior.1,28,96,1.4901161193847656e-08,0.00010300885332981125,2026092703,coupled_lag1
behavior.2,28,96,1.1175870895385742e-08,0.00013204307470005006,2026092703,coupled_lag1
time.0,28,97,2.2351741790771484e-08,0.0005982634029351175,2026092703,coupled_lag1
time.1,28,97,1.4901161193847656e-08,0.00020473301992751658,2026092703,coupled_lag1
time.2,28,97,2.9802322387695312e-08,0.0011077579110860825,2026092703,coupled_lag1
behavior.0,28,97,1.4901161193847656e-08,0.0003265833656769246,2026092703,coupled_lag1
behavior.1,28,97,1.4901161193847656e-08,0.0001115536579163745,2026092703,coupled_lag1
behavior.2,28,97,1.4901161193847656e-08,0.00017459179798606783,2026092703,coupled_lag1
time.0,28,98,2.2351741790771484e-08,0.0005335111054591835,2026092703,coupled_lag1
time.1,28,98,1.4901161193847656e-08,0.00018756341887637973,2026092703,coupled_lag1
time.2,28,98,2.2351741790771484e-08,0.0009955569403246045,2026092703,coupled_lag1
behavior.0,28,98,1.4901161193847656e-08,0.0002963216102216393,2026092703,coupled_lag1
behavior.1,28,98,1.4901161193847656e-08,9.34361742110923e-05,2026092703,coupled_lag1
behavior.2,28,98,1.1175870895385742e-08,0.00013195858628023416,2026092703,coupled_lag1
time.0,28,99,1.4901161193847656e-08,0.0005492806667461991,2026092703,coupled_lag1
time.1,28,99,1.1175870895385742e-08,0.000188106409041211,2026092703,coupled_lag1
time.2,28,99,2.9802322387695312e-08,0.0010219545802101493,2026092703,coupled_lag1
behavior.0,28,99,1.4901161193847656e-08,0.000311286625219509,2026092703,coupled_lag1
behavior.1,28,99,1.4901161193847656e-08,9.78508178377524e-05,2026092703,coupled_lag1
behavior.2,28,99,1.4901161193847656e-08,0.00012669179704971611,2026092703,coupled_lag1
time.0,28,100,2.2351741790771484e-08,0.0005635101697407663,2026092703,coupled_lag1
time.1,28,100,1.1175870895385742e-08,0.00019369336951058358,2026092703,coupled_lag1
time.2,28,100,2.9802322387695312e-08,0.00104206008836627,2026092703,coupled_lag1
behavior.0,28,100,1.4901161193847656e-08,0.000322271283948794,2026092703,coupled_lag1
behavior.1,28,100,1.4901161193847656e-08,0.00010077251499751583,2026092703,coupled_lag1
behavior.2,28,100,7.450580596923828e-09,0.0001332670944975689,2026092703,coupled_lag1
time.0,28,101,2.2351741790771484e-08,0.0005596177652478218,2026092703,coupled_lag1
time.1,28,101,1.1175870895385742e-08,0.00019324994354974478,2026092703,coupled_lag1
time.2,28,101,2.9802322387695312e-08,0.0010571328457444906,2026092703,coupled_lag1
behavior.0,28,101,1.4901161193847656e-08,0.0002945437445305288,2026092703,coupled_lag1
behavior.1,28,101,1.4901161193847656e-08,9.229942952515557e-05,2026092703,coupled_lag1
behavior.2,28,101,1.1175870895385742e-08,0.00013307032349985093,2026092703,coupled_lag1
time.0,28,102,1.4901161193847656e-08,0.0005757773760706186,2026092703,coupled_lag1
time.1,28,102,1.4901161193847656e-08,0.00020953726198058575,2026092703,coupled_lag1
time.2,28,102,2.9802322387695312e-08,0.0010016353335231543,2026092703,coupled_lag1
behavior.0,28,102,2.2351741790771484e-08,0.00031320046400651336,2026092703,coupled_lag1
behavior.1,28,102,7.450580596923828e-09,9.920365118887275e-05,2026092703,coupled_lag1
behavior.2,28,102,1.4901161193847656e-08,0.00011762518261093646,2026092703,coupled_lag1
time.0,28,103,1.4901161193847656e-08,0.0005389616126194596,2026092703,coupled_lag1
time.1,28,103,1.1175870895385742e-08,0.00019610424351412803,2026092703,coupled_lag1
time.2,28,103,2.9802322387695312e-08,0.0008989443886093795,2026092703,coupled_lag1
behavior.0,28,103,1.4901161193847656e-08,0.00032352778362110257,2026092703,coupled_lag1
behavior.1,28,103,1.1175870895385742e-08,9.299047087552026e-05,2026092703,coupled_lag1
behavior.2,28,103,1.1175870895385742e-08,0.00012114190758438781,2026092703,coupled_lag1
time.0,28,104,1.4901161193847656e-08,0.0005188756040297449,2026092703,coupled_lag1
time.1,28,104,1.1175870895385742e-08,0.0001809619425330311,2026092703,coupled_lag1
time.2,28,104,2.9802322387695312e-08,0.0008248753729276359,2026092703,coupled_lag1
behavior.0,28,104,1.4901161193847656e-08,0.0002790691505651921,2026092703,coupled_lag1
behavior.1,28,104,1.1175870895385742e-08,9.038793359650299e-05,2026092703,coupled_lag1
behavior.2,28,104,1.4901161193847656e-08,0.00011801454093074426,2026092703,coupled_lag1
time.0,28,105,1.4901161193847656e-08,0.0005388265126384795,2026092703,coupled_lag1
time.1,28,105,1.4901161193847656e-08,0.00019496439199429005,2026092703,coupled_lag1
time.2,28,105,2.9802322387695312e-08,0.0009375090012326837,2026092703,coupled_lag1
behavior.0,28,105,2.2351741790771484e-08,0.0003219924110453576,2026092703,coupled_lag1
behavior.1,28,105,1.4901161193847656e-08,0.00010047305113403127,2026092703,coupled_lag1
behavior.2,28,105,1.4901161193847656e-08,0.0001540843368275091,2026092703,coupled_lag1
time.0,28,106,1.4901161193847656e-08,0.0005292792338877916,2026092703,coupled_lag1
time.1,28,106,1.1175870895385742e-08,0.00018627992540132254,2026092703,coupled_lag1
time.2,28,106,1.4901161193847656e-08,0.000886010704562068,2026092703,coupled_lag1
behavior.0,28,106,2.2351741790771484e-08,0.00033163471380248666,2026092703,coupled_lag1
behavior.1,28,106,1.4901161193847656e-08,0.00010552352614467964,2026092703,coupled_lag1
behavior.2,28,106,1.4901161193847656e-08,0.00014147126057650894,2026092703,coupled_lag1
time.0,28,107,1.4901161193847656e-08,0.0005625749472528696,2026092703,coupled_lag1
time.1,28,107,1.4901161193847656e-08,0.00019580502703320235,2026092703,coupled_lag1
time.2,28,107,1.4901161193847656e-08,0.0009386997553519905,2026092703,coupled_lag1
behavior.0,28,107,2.2351741790771484e-08,0.0003038957656826824,2026092703,coupled_lag1
behavior.1,28,107,1.1175870895385742e-08,9.7124524472747e-05,2026092703,coupled_lag1
behavior.2,28,107,1.4901161193847656e-08,0.00012651909491978586,2026092703,coupled_lag1
time.0,28,108,1.4901161193847656e-08,0.0005195998819544911,2026092703,coupled_lag1
time.1,28,108,1.1175870895385742e-08,0.00018491230730433017,2026092703,coupled_lag1
time.2,28,108,2.2351741790771484e-08,0.0008625477785244584,2026092703,coupled_lag1
behavior.0,28,108,2.2351741790771484e-08,0.0003371075144968927,2026092703,coupled_lag1
behavior.1,28,108,1.1175870895385742e-08,0.00010076230682898313,2026092703,coupled_lag1
behavior.2,28,108,1.1175870895385742e-08,0.00014113141514826566,2026092703,coupled_lag1
time.0,28,109,1.4901161193847656e-08,0.0005602368619292974,2026092703,coupled_lag1
time.1,28,109,1.4901161193847656e-08,0.00019598899234551936,2026092703,coupled_lag1
time.2,28,109,2.9802322387695312e-08,0.0009249814320355654,2026092703,coupled_lag1
behavior.0,28,109,1.4901161193847656e-08,0.0003330293402541429,2026092703,coupled_lag1
behavior.1,28,109,1.4901161193847656e-08,0.00010571210441412404,2026092703,coupled_lag1
behavior.2,28,109,1.1175870895385742e-08,0.00012500726734288037,2026092703,coupled_lag1
time.0,28,110,1.4901161193847656e-08,0.000595972640439868,2026092703,coupled_lag1
time.1,28,110,1.4901161193847656e-08,0.00020245682389941067,2026092703,coupled_lag1
time.2,28,110,2.9802322387695312e-08,0.0009841270511969924,2026092703,coupled_lag1
behavior.0,28,110,1.4901161193847656e-08,0.00030321136000566185,2026092703,coupled_lag1
behavior.1,28,110,1.4901161193847656e-08,9.241759107680991e-05,2026092703,coupled_lag1
behavior.2,28,110,1.4901161193847656e-08,0.0001221895799972117,2026092703,coupled_lag1
time.0,28,111,2.2351741790771484e-08,0.0005667282384820282,2026092703,coupled_lag1
time.1,28,111,1.4901161193847656e-08,0.00019438898016232997,2026092703,coupled_lag1
time.2,28,111,2.9802322387695312e-08,0.0009852420771494508,2026092703,coupled_lag1
behavior.0,28,111,2.2351741790771484e-08,0.00030705772223882377,2026092703,coupled_lag1
behavior.1,28,111,1.1175870895385742e-08,9.575195872457698e-05,2026092703,coupled_lag1
behavior.2,28,111,1.1175870895385742e-08,0.00012467580381780863,2026092703,coupled_lag1
time.0,28,112,2.2351741790771484e-08,0.0005737319006584585,2026092703,coupled_lag1
time.1,28,112,1.1175870895385742e-08,0.00019565860566217452,2026092703,coupled_lag1
time.2,28,112,2.2351741790771484e-08,0.0008961586863733828,2026092703,coupled_lag1
behavior.0,28,112,2.2351741790771484e-08,0.0003129371616523713,2026092703,coupled_lag1
behavior.1,28,112,1.4901161193847656e-08,9.478682477492839e-05,2026092703,coupled_lag1
behavior.2,28,112,1.1175870895385742e-08,0.00012855928798671812,2026092703,coupled_lag1
time.0,28,113,1.4901161193847656e-08,0.0005836777854710817,2026092703,coupled_lag1
time.1,28,113,1.4901161193847656e-08,0.0001998357765842229,2026092703,coupled_lag1
time.2,28,113,2.9802322387695312e-08,0.0009556320728734136,2026092703,coupled_lag1
behavior.0,28,113,2.2351741790771484e-08,0.0002928863978013396,2026092703,coupled_lag1
behavior.1,28,113,1.1175870895385742e-08,9.364119614474475e-05,2026092703,coupled_lag1
behavior.2,28,113,1.1175870895385742e-08,0.0001356965076411143,2026092703,coupled_lag1
time.0,28,114,2.9802322387695312e-08,0.0005519273108802736,2026092703,coupled_lag1
time.1,28,114,1.4901161193847656e-08,0.00019490945851430297,2026092703,coupled_lag1
time.2,28,114,2.9802322387695312e-08,0.0009220337378792465,2026092703,coupled_lag1
behavior.0,28,114,1.4901161193847656e-08,0.0003192702424712479,2026092703,coupled_lag1
behavior.1,28,114,1.1175870895385742e-08,9.379594848724082e-05,2026092703,coupled_lag1
behavior.2,28,114,1.1175870895385742e-08,0.00013964097888674587,2026092703,coupled_lag1
time.0,28,115,1.4901161193847656e-08,0.0005531865172088146,2026092703,coupled_lag1
time.1,28,115,1.4901161193847656e-08,0.00019427605730015785,2026092703,coupled_lag1
time.2,28,115,2.9802322387695312e-08,0.0008702107006683946,2026092703,coupled_lag1
behavior.0,28,115,1.4901161193847656e-08,0.00031191291054710746,2026092703,coupled_lag1
behavior.1,28,115,1.4901161193847656e-08,9.670529834693298e-05,2026092703,coupled_lag1
behavior.2,28,115,1.1175870895385742e-08,0.00014898827066645026,2026092703,coupled_lag1
time.0,28,116,1.4901161193847656e-08,0.000502845854498446,2026092703,coupled_lag1
time.1,28,116,1.1175870895385742e-08,0.00017797268810682,2026092703,coupled_lag1
time.2,28,116,2.2351741790771484e-08,0.0008089331677183509,2026092703,coupled_lag1
behavior.0,28,116,1.4901161193847656e-08,0.000319393293466419,2026092703,coupled_lag1
behavior.1,28,116,1.4901161193847656e-08,9.770872566150501e-05,2026092703,coupled_lag1
behavior.2,28,116,1.1175870895385742e-08,0.0001386180956615135,2026092703,coupled_lag1
time.0,28,117,1.4901161193847656e-08,0.0005604132893495262,2026092703,coupled_lag1
time.1,28,117,1.4901161193847656e-08,0.00019718849216587842,2026092703,coupled_lag1
time.2,28,117,2.9802322387695312e-08,0.0009302578982897103,2026092703,coupled_lag1
behavior.0,28,117,2.2351741790771484e-08,0.00034886470530182123,2026092703,coupled_lag1
behavior.1,28,117,1.4901161193847656e-08,0.0001076410262612626,2026092703,coupled_lag1
behavior.2,28,117,1.1175870895385742e-08,0.0001294520334340632,2026092703,coupled_lag1
time.0,28,118,1.4901161193847656e-08,0.0005628003855235875,2026092703,coupled_lag1
time.1,28,118,1.1175870895385742e-08,0.00019446374790277332,2026092703,coupled_lag1
time.2,28,118,2.9802322387695312e-08,0.000870299176312983,2026092703,coupled_lag1
behavior.0,28,118,1.4901161193847656e-08,0.000322229228913784,2026092703,coupled_lag1
behavior.1,28,118,1.4901161193847656e-08,0.00010094103345181793,2026092703,coupled_lag1
behavior.2,28,118,1.1175870895385742e-08,0.0001446062815375626,2026092703,coupled_lag1
time.0,28,119,2.2351741790771484e-08,0.0006304864655248821,2026092703,coupled_lag1
time.1,28,119,1.4901161193847656e-08,0.0002241462207166478,2026092703,coupled_lag1
time.2,28,119,2.9802322387695312e-08,0.000981432618573308,2026092703,coupled_lag1
behavior.0,28,119,1.4901161193847656e-08,0.00032449568971060216,2026092703,coupled_lag1
behavior.1,28,119,1.4901161193847656e-08,9.549907554173842e-05,2026092703,coupled_lag1
behavior.2,28,119,1.1175870895385742e-08,0.00012139402679167688,2026092703,coupled_lag1
time.0,28,120,1.4901161193847656e-08,0.0005081919371150434,2026092703,coupled_lag1
time.1,28,120,1.4901161193847656e-08,0.00018291115702595562,2026092703,coupled_lag1
time.2,28,120,2.2351741790771484e-08,0.0008114856318570673,2026092703,coupled_lag1
behavior.0,28,120,1.4901161193847656e-08,0.0003216213663108647,2026092703,coupled_lag1
behavior.1,28,120,1.1175870895385742e-08,0.00010608606680762023,2026092703,coupled_lag1
behavior.2,28,120,1.1175870895385742e-08,0.00013876466255169362,2026092703,coupled_lag1
time.0,28,121,1.4901161193847656e-08,0.0005917163798585534,2026092703,coupled_lag1
time.1,28,121,1.1175870895385742e-08,0.00020372339349705726,2026092703,coupled_lag1
time.2,28,121,2.9802322387695312e-08,0.0009180601919069886,2026092703,coupled_lag1
behavior.0,28,121,1.4901161193847656e-08,0.00031618415960110724,2026092703,coupled_lag1
behavior.1,28,121,1.1175870895385742e-08,0.0001001751224976033,2026092703,coupled_lag1
behavior.2,28,121,1.4901161193847656e-08,0.00014135215315036476,2026092703,coupled_lag1
time.0,28,122,1.4901161193847656e-08,0.0005538870464079082,2026092703,coupled_lag1
time.1,28,122,1.4901161193847656e-08,0.00019955620518885553,2026092703,coupled_lag1
time.2,28,122,2.9802322387695312e-08,0.0009238910861313343,2026092703,coupled_lag1
behavior.0,28,122,1.4901161193847656e-08,0.00033886099117808044,2026092703,coupled_lag1
behavior.1,28,122,1.4901161193847656e-08,9.795624646358192e-05,2026092703,coupled_lag1
behavior.2,28,122,7.450580596923828e-09,0.0001422946370439604,2026092703,coupled_lag1
time.0,28,123,2.2351741790771484e-08,0.0005837001954205334,2026092703,coupled_lag1
time.1,28,123,1.4901161193847656e-08,0.0002102391590597108,2026092703,coupled_lag1
time.2,28,123,2.9802322387695312e-08,0.0009914154652506113,2026092703,coupled_lag1
behavior.0,28,123,1.4901161193847656e-08,0.0003117306041531265,2026092703,coupled_lag1
behavior.1,28,123,1.4901161193847656e-08,9.65818326221779e-05,2026092703,coupled_lag1
behavior.2,28,123,7.450580596923828e-09,0.00012990835239179432,2026092703,coupled_lag1
time.0,28,124,1.4901161193847656e-08,0.0005350977880880237,2026092703,coupled_lag1
time.1,28,124,1.4901161193847656e-08,0.00019746275211218745,2026092703,coupled_lag1
time.2,28,124,2.9802322387695312e-08,0.000896322715561837,2026092703,coupled_lag1
behavior.0,28,124,2.2351741790771484e-08,0.0003146521339658648,2026092703,coupled_lag1
behavior.1,28,124,1.4901161193847656e-08,9.758474334375933e-05,2026092703,coupled_lag1
behavior.2,28,124,1.1175870895385742e-08,0.00013440308975987136,2026092703,coupled_lag1
time.0,28,125,1.4901161193847656e-08,0.0005234755226410925,2026092703,coupled_lag1
time.1,28,125,1.1175870895385742e-08,0.00018411962082609534,2026092703,coupled_lag1
time.2,28,125,2.9802322387695312e-08,0.0008961291750892997,2026092703,coupled_lag1
behavior.0,28,125,1.862645149230957e-08,0.00030901163700036705,2026092703,coupled_lag1
behavior.1,28,125,1.1175870895385742e-08,0.00010020382615039125,2026092703,coupled_lag1
behavior.2,28,125,1.4901161193847656e-08,0.00012928344949614257,2026092703,coupled_lag1
time.0,28,126,2.2351741790771484e-08,0.0005667591467499733,2026092703,coupled_lag1
time.1,28,126,1.4901161193847656e-08,0.00019769478240050375,2026092703,coupled_lag1
time.2,28,126,2.9802322387695312e-08,0.0009410916827619076,2026092703,coupled_lag1
behavior.0,28,126,1.4901161193847656e-08,0.000308726797811687,2026092703,coupled_lag1
behavior.1,28,126,1.1175870895385742e-08,0.00010196326911682263,2026092703,coupled_lag1
behavior.2,28,126,1.1175870895385742e-08,0.0001335383130935952,2026092703,coupled_lag1
time.0,28,127,1.4901161193847656e-08,0.00054181955056265,2026092703,coupled_lag1
time.1,28,127,1.4901161193847656e-08,0.0001873821165645495,2026092703,coupled_lag1
time.2,28,127,2.2351741790771484e-08,0.0009058064315468073,2026092703,coupled_lag1
behavior.0,28,127,1.4901161193847656e-08,0.00031773713999427855,2026092703,coupled_lag1
behavior.1,28,127,1.1175870895385742e-08,9.824349399423227e-05,2026092703,coupled_lag1
behavior.2,28,127,1.1175870895385742e-08,0.00013017214951105416,2026092703,coupled_lag1
time.0,28,128,2.2351741790771484e-08,0.0005148877389729023,2026092703,coupled_lag1
time.1,28,128,1.1175870895385742e-08,0.00017708956147544086,2026092703,coupled_lag1
time.2,28,128,2.9802322387695312e-08,0.0007401591865345836,2026092703,coupled_lag1
behavior.0,28,128,1.4901161193847656e-08,0.0003314106143079698,2026092703,coupled_lag1
behavior.1,28,128,1.1175870895385742e-08,9.554692223900929e-05,2026092703,coupled_lag1
behavior.2,28,128,1.4901161193847656e-08,0.00013645805302076042,2026092703,coupled_lag1
time.0,28,129,2.2351741790771484e-08,0.0005920939147472382,2026092703,coupled_lag1
time.1,28,129,1.1175870895385742e-08,0.00020595677779056132,2026092703,coupled_lag1
time.2,28,129,2.9802322387695312e-08,0.0008698763558641076,2026092703,coupled_lag1
behavior.0,28,129,1.4901161193847656e-08,0.0003420967550482601,2026092703,coupled_lag1
behavior.1,28,129,1.4901161193847656e-08,9.83312347671017e-05,2026092703,coupled_lag1
behavior.2,28,129,1.4901161193847656e-08,0.0001363838091492653,2026092703,coupled_lag1
time.0,28,130,2.2351741790771484e-08,0.0005761103238910437,2026092703,coupled_lag1
time.1,28,130,1.4901161193847656e-08,0.00020069889433216304,2026092703,coupled_lag1
time.2,28,130,2.9802322387695312e-08,0.0008221685420721769,2026092703,coupled_lag1
behavior.0,28,130,1.4901161193847656e-08,0.00030727515695616603,2026092703,coupled_lag1
behavior.1,28,130,1.4901161193847656e-08,0.00010149502486456186,2026092703,coupled_lag1
behavior.2,28,130,7.450580596923828e-09,0.00013922795187681913,2026092703,coupled_lag1
time.0,28,131,1.4901161193847656e-08,0.0005928007303737104,2026092703,coupled_lag1
time.1,28,131,1.4901161193847656e-08,0.00021114360424689949,2026092703,coupled_lag1
time.2,28,131,2.9802322387695312e-08,0.0008744408842176199,2026092703,coupled_lag1
behavior.0,28,131,2.2351741790771484e-08,0.00030847860034555197,2026092703,coupled_lag1
behavior.1,28,131,1.4901161193847656e-08,9.83842255664058e-05,2026092703,coupled_lag1
behavior.2,28,131,1.1175870895385742e-08,0.00013018901518080384,2026092703,coupled_lag1
time.0,28,132,2.2351741790771484e-08,0.000616462726611644,2026092703,coupled_lag1
time.1,28,132,1.4901161193847656e-08,0.00021952763199806213,2026092703,coupled_lag1
time.2,28,132,2.9802322387695312e-08,0.0009965795325115323,2026092703,coupled_lag1
behavior.0,28,132,1.4901161193847656e-08,0.00030774989863857627,2026092703,coupled_lag1
behavior.1,28,132,1.1175870895385742e-08,0.00010890820703934878,2026092703,coupled_lag1
behavior.2,28,132,1.1175870895385742e-08,0.00011884084960911423,2026092703,coupled_lag1
time.0,28,133,1.4901161193847656e-08,0.0005241938633844256,2026092703,coupled_lag1
time.1,28,133,1.1175870895385742e-08,0.00019202352268621325,2026092703,coupled_lag1
time.2,28,133,2.9802322387695312e-08,0.0008394521428272128,2026092703,coupled_lag1
behavior.0,28,133,1.4901161193847656e-08,0.00031693876371718943,2026092703,coupled_lag1
behavior.1,28,133,7.450580596923828e-09,9.819932165555656e-05,2026092703,coupled_lag1
behavior.2,28,133,1.4901161193847656e-08,0.0001363285700790584,2026092703,coupled_lag1
time.0,28,134,2.2351741790771484e-08,0.0005459691747091711,2026092703,coupled_lag1
time.1,28,134,1.1175870895385742e-08,0.00019410419918131083,2026092703,coupled_lag1
time.2,28,134,2.9802322387695312e-08,0.0008768191328272223,2026092703,coupled_lag1
behavior.0,28,134,1.4901161193847656e-08,0.0003117639571428299,2026092703,coupled_lag1
behavior.1,28,134,1.1175870895385742e-08,9.871574729913846e-05,2026092703,coupled_lag1
behavior.2,28,134,1.4901161193847656e-08,0.00013849258539266884,2026092703,coupled_lag1
time.0,28,135,1.4901161193847656e-08,0.0005951784551143646,2026092703,coupled_lag1
time.1,28,135,1.4901161193847656e-08,0.0002152344968635589,2026092703,coupled_lag1
time.2,28,135,2.2351741790771484e-08,0.0009898929856717587,2026092703,coupled_lag1
behavior.0,28,135,1.4901161193847656e-08,0.0003266740241087973,2026092703,coupled_lag1
behavior.1,28,135,1.1175870895385742e-08,9.254526230506599e-05,2026092703,coupled_lag1
behavior.2,28,135,1.1175870895385742e-08,0.00013329205103218555,2026092703,coupled_lag1
time.0,28,136,2.2351741790771484e-08,0.0005664599593728781,2026092703,coupled_lag1
time.1,28,136,1.4901161193847656e-08,0.00020348577527329326,2026092703,coupled_lag1
time.2,28,136,2.2351741790771484e-08,0.0009910868247970939,2026092703,coupled_lag1
behavior.0,28,136,1.4901161193847656e-08,0.000355627533281222,2026092703,coupled_lag1
behavior.1,28,136,1.4901161193847656e-08,0.00010909230331890285,2026092703,coupled_lag1
behavior.2,28,136,1.4901161193847656e-08,0.0001509728899691254,2026092703,coupled_lag1
time.0,28,137,1.4901161193847656e-08,0.0004753526591230184,2026092703,coupled_lag1
time.1,28,137,1.1175870895385742e-08,0.00016969404532574117,2026092703,coupled_lag1
time.2,28,137,2.2351741790771484e-08,0.0007166110444813967,2026092703,coupled_lag1
behavior.0,28,137,1.4901161193847656e-08,0.00030369486194103956,2026092703,coupled_lag1
behavior.1,28,137,1.4901161193847656e-08,9.391063213115558e-05,2026092703,coupled_lag1
behavior.2,28,137,1.4901161193847656e-08,0.00014989891496952623,2026092703,coupled_lag1
time.0,28,138,1.4901161193847656e-08,0.0005137501284480095,2026092703,coupled_lag1
time.1,28,138,1.1175870895385742e-08,0.00018720464140642434,2026092703,coupled_lag1
time.2,28,138,2.9802322387695312e-08,0.000841039523947984,2026092703,coupled_lag1
behavior.0,28,138,2.2351741790771484e-08,0.00035426850081421435,2026092703,coupled_lag1
behavior.1,28,138,1.4901161193847656e-08,9.857293480308726e-05,2026092703,coupled_lag1
behavior.2,28,138,1.4901161193847656e-08,0.00015270693984348327,2026092703,coupled_lag1
time.0,28,139,1.4901161193847656e-08,0.0005758207989856601,2026092703,coupled_lag1
time.1,28,139,1.4901161193847656e-08,0.00021304796973709017,2026092703,coupled_lag1
time.2,28,139,2.9802322387695312e-08,0.0010069799609482288,2026092703,coupled_lag1
behavior.0,28,139,1.4901161193847656e-08,0.00030098590650595725,2026092703,coupled_lag1
behavior.1,28,139,1.1175870895385742e-08,9.902510646497831e-05,2026092703,coupled_lag1
behavior.2,28,139,1.1175870895385742e-08,0.0001242545258719474,2026092703,coupled_lag1
time.0,28,140,2.2351741790771484e-08,0.0004853050922974944,2026092703,coupled_lag1
time.1,28,140,1.1175870895385742e-08,0.00017882470274344087,2026092703,coupled_lag1
time.2,28,140,2.9802322387695312e-08,0.000845442817080766,2026092703,coupled_lag1
behavior.0,28,140,2.9802322387695312e-08,0.0003362243587616831,2026092703,coupled_lag1
behavior.1,28,140,1.4901161193847656e-08,9.84181315288879e-05,2026092703,coupled_lag1
behavior.2,28,140,1.1175870895385742e-08,0.00014917278895154595,2026092703,coupled_lag1
time.0,28,141,1.4901161193847656e-08,0.0005444920971058309,2026092703,coupled_lag1
time.1,28,141,1.4901161193847656e-08,0.00019633301417343318,2026092703,coupled_lag1
time.2,28,141,2.9802322387695312e-08,0.0009041649755090475,2026092703,coupled_lag1
behavior.0,28,141,1.4901161193847656e-08,0.00030857897945679724,2026092703,coupled_lag1
behavior.1,28,141,7.450580596923828e-09,8.967593748820946e-05,2026092703,coupled_lag1
behavior.2,28,141,1.1175870895385742e-08,0.0001286384358536452,2026092703,coupled_lag1
time.0,28,142,1.4901161193847656e-08,0.0005325484671629965,2026092703,coupled_lag1
time.1,28,142,1.4901161193847656e-08,0.0001879262999864295,2026092703,coupled_lag1
time.2,28,142,2.9802322387695312e-08,0.0009061197051778436,2026092703,coupled_lag1
behavior.0,28,142,2.2351741790771484e-08,0.00033748018904589117,2026092703,coupled_lag1
behavior.1,28,142,1.1175870895385742e-08,9.889543434837833e-05,2026092703,coupled_lag1
behavior.2,28,142,1.1175870895385742e-08,0.00014978362014517188,2026092703,coupled_lag1
time.0,28,143,1.4901161193847656e-08,0.0005070346524007618,2026092703,coupled_lag1
time.1,28,143,1.4901161193847656e-08,0.0001812622940633446,2026092703,coupled_lag1
time.2,28,143,2.9802322387695312e-08,0.0008725321968086064,2026092703,coupled_lag1
behavior.0,28,143,1.4901161193847656e-08,0.0003434765385463834,2026092703,coupled_lag1
behavior.1,28,143,7.450580596923828e-09,9.667759150033817e-05,2026092703,coupled_lag1
behavior.2,28,143,1.4901161193847656e-08,0.00015196377353277057,2026092703,coupled_lag1
time.0,28,144,1.4901161193847656e-08,0.0006001780275255442,2026092703,coupled_lag1
time.1,28,144,1.4901161193847656e-08,0.0002086080494336784,2026092703,coupled_lag1
time.2,28,144,2.9802322387695312e-08,0.0010012085549533367,2026092703,coupled_lag1
behavior.0,28,144,1.4901161193847656e-08,0.0003320309042464942,2026092703,coupled_lag1
behavior.1,28,144,1.1175870895385742e-08,9.955382847692817e-05,2026092703,coupled_lag1
behavior.2,28,144,1.1175870895385742e-08,0.00013116489571984857,2026092703,coupled_lag1
time.0,28,145,1.4901161193847656e-08,0.0005247389199212193,2026092703,coupled_lag1
time.1,28,145,1.1175870895385742e-08,0.000185630822670646,2026092703,coupled_lag1
time.2,28,145,2.2351741790771484e-08,0.0008547061588615179,2026092703,coupled_lag1
behavior.0,28,145,1.4901161193847656e-08,0.00033676339080557227,2026092703,coupled_lag1
behavior.1,28,145,1.1175870895385742e-08,9.867460903478786e-05,2026092703,coupled_lag1
behavior.2,28,145,1.4901161193847656e-08,0.00014419551007449627,2026092703,coupled_lag1
time.0,28,146,2.2351741790771484e-08,0.0006134777795523405,2026092703,coupled_lag1
time.1,28,146,1.4901161193847656e-08,0.00021692761220037937,2026092703,coupled_lag1
time.2,28,146,2.9802322387695312e-08,0.0009750695899128914,2026092703,coupled_lag1
behavior.0,28,146,1.4901161193847656e-08,0.00032214829116128385,2026092703,coupled_lag1
behavior.1,28,146,1.4901161193847656e-08,9.96777307591401e-05,2026092703,coupled_lag1
behavior.2,28,146,1.1175870895385742e-08,0.0001282197772525251,2026092703,coupled_lag1
time.0,28,147,2.2351741790771484e-08,0.000600326806306839,2026092703,coupled_lag1
time.1,28,147,1.4901161193847656e-08,0.00020850131113547832,2026092703,coupled_lag1
time.2,28,147,2.9802322387695312e-08,0.000936111609917134,2026092703,coupled_lag1
behavior.0,28,147,2.2351741790771484e-08,0.0003247253771405667,2026092703,coupled_lag1
behavior.1,28,147,1.1175870895385742e-08,0.00011254652781644836,2026092703,coupled_lag1
behavior.2,28,147,2.2351741790771484e-08,0.0001406969386152923,2026092703,coupled_lag1
time.0,28,148,2.2351741790771484e-08,0.0005626253550872207,2026092703,coupled_lag1
time.1,28,148,1.1175870895385742e-08,0.00019644835265353322,2026092703,coupled_lag1
time.2,28,148,2.9802322387695312e-08,0.0008768909610807896,2026092703,coupled_lag1
behavior.0,28,148,1.4901161193847656e-08,0.00032047618879005313,2026092703,coupled_lag1
behavior.1,28,148,7.450580596923828e-09,0.00010471160931047052,2026092703,coupled_lag1
behavior.2,28,148,1.1175870895385742e-08,0.00014314059808384627,2026092703,coupled_lag1
time.0,28,149,1.4901161193847656e-08,0.0005326881655491889,2026092703,coupled_lag1
time.1,28,149,1.4901161193847656e-08,0.00018739957886282355,2026092703,coupled_lag1
time.2,28,149,2.2351741790771484e-08,0.0008729650289751589,2026092703,coupled_lag1
behavior.0,28,149,1.4901161193847656e-08,0.0003327093436382711,2026092703,coupled_lag1
behavior.1,28,149,1.4901161193847656e-08,0.00010721894796006382,2026092703,coupled_lag1
behavior.2,28,149,7.450580596923828e-09,0.00013224671420175582,2026092703,coupled_lag1
time.0,28,150,1.4901161193847656e-08,0.0005929542239755392,2026092703,coupled_lag1
time.1,28,150,1.4901161193847656e-08,0.00021021686552558094,2026092703,coupled_lag1
time.2,28,150,2.9802322387695312e-08,0.0009382169228047132,2026092703,coupled_lag1
behavior.0,28,150,1.4901161193847656e-08,0.0002988899068441242,2026092703,coupled_lag1
behavior.1,28,150,1.1175870895385742e-08,9.147099626716226e-05,2026092703,coupled_lag1
behavior.2,28,150,1.1175870895385742e-08,0.0001159139210358262,2026092703,coupled_lag1
time.0,28,151,2.2351741790771484e-08,0.0005504802684299648,2026092703,coupled_lag1
time.1,28,151,1.1175870895385742e-08,0.00018976062710862607,2026092703,coupled_lag1
time.2,28,151,1.4901161193847656e-08,0.000847433868329972,2026092703,coupled_lag1
behavior.0,28,151,1.4901161193847656e-08,0.0003069418598897755,2026092703,coupled_lag1
behavior.1,28,151,1.1175870895385742e-08,9.151290578301996e-05,2026092703,coupled_lag1
behavior.2,28,151,1.4901161193847656e-08,0.00014316693705040962,2026092703,coupled_lag1
time.0,28,152,1.4901161193847656e-08,0.0005344088422134519,2026092703,coupled_lag1
time.1,28,152,1.4901161193847656e-08,0.0001869774132501334,2026092703,coupled_lag1
time.2,28,152,2.2351741790771484e-08,0.0008357734186574817,2026092703,coupled_lag1
behavior.0,28,152,2.2351741790771484e-08,0.0002854129998013377,2026092703,coupled_lag1
behavior.1,28,152,1.4901161193847656e-08,9.555040742270648e-05,2026092703,coupled_lag1
behavior.2,28,152,1.1175870895385742e-08,0.00011236673162784427,2026092703,coupled_lag1
time.0,28,153,2.2351741790771484e-08,0.0005453042103908956,2026092703,coupled_lag1
time.1,28,153,1.1175870895385742e-08,0.00019319585408084095,2026092703,coupled_lag1
time.2,28,153,2.9802322387695312e-08,0.000904608576092869,2026092703,coupled_lag1
behavior.0,28,153,1.4901161193847656e-08,0.0003159040934406221,2026092703,coupled_lag1
behavior.1,28,153,1.4901161193847656e-08,9.785740985535085e-05,2026092703,coupled_lag1
behavior.2,28,153,1.1175870895385742e-08,0.00013315252726897597,2026092703,coupled_lag1
time.0,28,154,2.9802322387695312e-08,0.0005959928967058659,2026092703,coupled_lag1
time.1,28,154,1.4901161193847656e-08,0.00020612367370631546,2026092703,coupled_lag1
time.2,28,154,2.2351741790771484e-08,0.0009311430039815605,2026092703,coupled_lag1
behavior.0,28,154,1.4901161193847656e-08,0.00032775651197880507,2026092703,coupled_lag1
behavior.1,28,154,1.1175870895385742e-08,9.662084630690515e-05,2026092703,coupled_lag1
behavior.2,28,154,7.450580596923828e-09,0.000126616534544155,2026092703,coupled_lag1
time.0,28,155,2.2351741790771484e-08,0.0005476683145388961,2026092703,coupled_lag1
time.1,28,155,1.4901161193847656e-08,0.0001885698438854888,2026092703,coupled_lag1
time.2,28,155,2.9802322387695312e-08,0.0008547506877221167,2026092703,coupled_lag1
behavior.0,28,155,1.4901161193847656e-08,0.00030218856409192085,2026092703,coupled_lag1
behavior.1,28,155,1.1175870895385742e-08,9.306703577749431e-05,2026092703,coupled_lag1
behavior.2,28,155,1.1175870895385742e-08,0.0001369942183373496,2026092703,coupled_lag1
time.0,28,156,1.4901161193847656e-08,0.0005326283280737698,2026092703,coupled_lag1
time.1,28,156,1.1175870895385742e-08,0.00018524921324569732,2026092703,coupled_lag1
time.2,28,156,2.2351741790771484e-08,0.0008023107657209039,2026092703,coupled_lag1
behavior.0,28,156,2.2351741790771484e-08,0.0003228843561373651,2026092703,coupled_lag1
behavior.1,28,156,1.4901161193847656e-08,0.00010703665611799806,2026092703,coupled_lag1
behavior.2,28,156,1.1175870895385742e-08,0.00014052671031095088,2026092703,coupled_lag1
time.0,28,157,2.2351741790771484e-08,0.0005545198218896985,2026092703,coupled_lag1
time.1,28,157,1.4901161193847656e-08,0.00019080127822235227,2026092703,coupled_lag1
time.2,28,157,2.9802322387695312e-08,0.0009067719802260399,2026092703,coupled_lag1
behavior.0,28,157,2.2351741790771484e-08,0.0003393221995793283,2026092703,coupled_lag1
behavior.1,28,157,7.450580596923828e-09,9.914109978126362e-05,2026092703,coupled_lag1
behavior.2,28,157,1.1175870895385742e-08,0.0001434526202501729,2026092703,coupled_lag1
time.0,28,158,2.2351741790771484e-08,0.0005950678023509681,2026092703,coupled_lag1
time.1,28,158,1.1175870895385742e-08,0.0002008070587180555,2026092703,coupled_lag1
time.2,28,158,2.9802322387695312e-08,0.0009286830900236964,2026092703,coupled_lag1
behavior.0,28,158,2.2351741790771484e-08,0.00029118169913999736,2026092703,coupled_lag1
behavior.1,28,158,1.1175870895385742e-08,9.454348037252203e-05,2026092703,coupled_lag1
behavior.2,28,158,1.4901161193847656e-08,0.00012287942809052765,2026092703,coupled_lag1
time.0,28,159,1.4901161193847656e-08,0.0005739251500926912,2026092703,coupled_lag1
time.1,28,159,2.2351741790771484e-08,0.0001951340091181919,2026092703,coupled_lag1
time.2,28,159,2.9802322387695312e-08,0.000910116417799145,2026092703,coupled_lag1
behavior.0,28,159,1.4901161193847656e-08,0.00030484318267554045,2026092703,coupled_lag1
behavior.1,28,159,1.4901161193847656e-08,9.53748167376034e-05,2026092703,coupled_lag1
behavior.2,28,159,1.1175870895385742e-08,0.0001375230640405789,2026092703,coupled_lag1
time.0,28,160,1.4901161193847656e-08,0.0004951085429638624,2026092703,coupled_lag1
time.1,28,160,1.4901161193847656e-08,0.00016897155728656799,2026092703,coupled_lag1
time.2,28,160,4.470348358154297e-08,0.0007692801300436258,2026092703,coupled_lag1
behavior.0,28,160,1.4901161193847656e-08,0.0002956640091724694,2026092703,coupled_lag1
behavior.1,28,160,1.1175870895385742e-08,8.792613516561687e-05,2026092703,coupled_lag1
behavior.2,28,160,1.1175870895385742e-08,0.00013394076086115092,2026092703,coupled_lag1
time.0,28,161,2.9802322387695312e-08,0.0005999610875733197,2026092703,coupled_lag1
time.1,28,161,1.4901161193847656e-08,0.00020334900182206184,2026092703,coupled_lag1
time.2,28,161,2.9802322387695312e-08,0.0009812554344534874,2026092703,coupled_lag1
behavior.0,28,161,2.2351741790771484e-08,0.00031971174757927656,2026092703,coupled_lag1
behavior.1,28,161,1.4901161193847656e-08,9.748594311531633e-05,2026092703,coupled_lag1
behavior.2,28,161,1.1175870895385742e-08,0.00012168554530944675,2026092703,coupled_lag1
time.0,28,162,2.2351741790771484e-08,0.0005246599903330207,2026092703,coupled_lag1
time.1,28,162,1.4901161193847656e-08,0.0001807410444598645,2026092703,coupled_lag1
time.2,28,162,2.9802322387695312e-08,0.0008194523979909718,2026092703,coupled_lag1
behavior.0,28,162,1.4901161193847656e-08,0.00032478838693350554,2026092703,coupled_lag1
behavior.1,28,162,1.4901161193847656e-08,9.150624100584537e-05,2026092703,coupled_lag1
behavior.2,28,162,1.4901161193847656e-08,0.00014487854787148535,2026092703,coupled_lag1
time.0,28,163,1.4901161193847656e-08,0.0005411908496171236,2026092703,coupled_lag1
time.1,28,163,1.4901161193847656e-08,0.00018601609917823225,2026092703,coupled_lag1
time.2,28,163,3.725290298461914e-08,0.0008284782525151968,2026092703,coupled_lag1
behavior.0,28,163,2.2351741790771484e-08,0.0003115299332421273,2026092703,coupled_lag1
behavior.1,28,163,1.1175870895385742e-08,9.788040915736929e-05,2026092703,coupled_lag1
behavior.2,28,163,1.1175870895385742e-08,0.00012493814574554563,2026092703,coupled_lag1
time.0,28,164,1.4901161193847656e-08,0.000508003169670701,2026092703,coupled_lag1
time.1,28,164,1.1175870895385742e-08,0.00017677007417660207,2026092703,coupled_lag1
time.2,28,164,2.9802322387695312e-08,0.0007645126315765083,2026092703,coupled_lag1
behavior.0,28,164,1.4901161193847656e-08,0.00031484151259064674,2026092703,coupled_lag1
behavior.1,28,164,1.1175870895385742e-08,9.796282392926514e-05,2026092703,coupled_lag1
behavior.2,28,164,2.2351741790771484e-08,0.00013396440772339702,2026092703,coupled_lag1
time.0,28,165,2.2351741790771484e-08,0.0006212067091837525,2026092703,coupled_lag1
time.1,28,165,1.4901161193847656e-08,0.00020654175023082644,2026092703,coupled_lag1
time.2,28,165,2.9802322387695312e-08,0.0009642750956118107,2026092703,coupled_lag1
behavior.0,28,165,1.4901161193847656e-08,0.00033475778764113784,2026092703,coupled_lag1
behavior.1,28,165,1.1175870895385742e-08,9.964337368728593e-05,2026092703,coupled_lag1
behavior.2,28,165,1.1175870895385742e-08,0.00013870948168914765,2026092703,coupled_lag1
time.0,28,166,2.2351741790771484e-08,0.000558314670342952,2026092703,coupled_lag1
time.1,28,166,1.1175870895385742e-08,0.00019378190336283296,2026092703,coupled_lag1
time.2,28,166,2.9802322387695312e-08,0.000843899673782289,2026092703,coupled_lag1
behavior.0,28,166,1.4901161193847656e-08,0.00028381217271089554,2026092703,coupled_lag1
behavior.1,28,166,1.1175870895385742e-08,8.828732825350016e-05,2026092703,coupled_lag1
behavior.2,28,166,1.4901161193847656e-08,0.0001241623394889757,2026092703,coupled_lag1
time.0,28,167,1.4901161193847656e-08,0.0006166347302496433,2026092703,coupled_lag1
time.1,28,167,1.1175870895385742e-08,0.0002083427825709805,2026092703,coupled_lag1
time.2,28,167,4.470348358154297e-08,0.0009534739656373858,2026092703,coupled_lag1
behavior.0,28,167,1.4901161193847656e-08,0.00030965509358793497,2026092703,coupled_lag1
behavior.1,28,167,1.4901161193847656e-08,9.962778131011873e-05,2026092703,coupled_lag1
behavior.2,28,167,2.2351741790771484e-08,0.00014534378715325147,2026092703,coupled_lag1
time.0,28,168,1.4901161193847656e-08,0.0005633988184854388,2026092703,coupled_lag1
time.1,28,168,1.1175870895385742e-08,0.0001943659590324387,2026092703,coupled_lag1
time.2,28,168,2.2351741790771484e-08,0.0008377588237635791,2026092703,coupled_lag1
behavior.0,28,168,1.4901161193847656e-08,0.00027290027355775237,2026092703,coupled_lag1
behavior.1,28,168,1.4901161193847656e-08,9.264200343750417e-05,2026092703,coupled_lag1
behavior.2,28,168,1.1175870895385742e-08,0.00012253914610482752,2026092703,coupled_lag1
time.0,28,169,2.9802322387695312e-08,0.0005259184399619699,2026092703,coupled_lag1
time.1,28,169,1.1175870895385742e-08,0.00018522677419241518,2026092703,coupled_lag1
time.2,28,169,2.9802322387695312e-08,0.0008468956802971661,2026092703,coupled_lag1
behavior.0,28,169,2.2351741790771484e-08,0.00034247440635226667,2026092703,coupled_lag1
behavior.1,28,169,1.4901161193847656e-08,0.00010127516725333408,2026092703,coupled_lag1
behavior.2,28,169,1.1175870895385742e-08,0.00012485712068155408,2026092703,coupled_lag1
time.0,28,170,2.2351741790771484e-08,0.00048533466178923845,2026092703,coupled_lag1
time.1,28,170,1.4901161193847656e-08,0.0001685544557403773,2026092703,coupled_lag1
time.2,28,170,2.9802322387695312e-08,0.0007432139245793223,2026092703,coupled_lag1
behavior.0,28,170,1.4901161193847656e-08,0.00032665711478330195,2026092703,coupled_lag1
behavior.1,28,170,1.1175870895385742e-08,9.934683475876227e-05,2026092703,coupled_lag1
behavior.2,28,170,1.4901161193847656e-08,0.00013242843851912767,2026092703,coupled_lag1
time.0,28,171,1.4901161193847656e-08,0.0006088143563829362,2026092703,coupled_lag1
time.1,28,171,1.1175870895385742e-08,0.00020410091383382678,2026092703,coupled_lag1
time.2,28,171,1.4901161193847656e-08,0.000911382376216352,2026092703,coupled_lag1
behavior.0,28,171,1.4901161193847656e-08,0.0002841615059878677,2026092703,coupled_lag1
behavior.1,28,171,1.1175870895385742e-08,9.00701925274916e-05,2026092703,coupled_lag1
behavior.2,28,171,1.1175870895385742e-08,0.00011544411245267838,2026092703,coupled_lag1
time.0,28,172,1.4901161193847656e-08,0.0005252314731478691,2026092703,coupled_lag1
time.1,28,172,1.1175870895385742e-08,0.00017953068891074508,2026092703,coupled_lag1
time.2,28,172,2.9802322387695312e-08,0.0008565621683374047,2026092703,coupled_lag1
behavior.0,28,172,1.4901161193847656e-08,0.00033385769347660244,2026092703,coupled_lag1
behavior.1,28,172,1.1175870895385742e-08,9.89823674899526e-05,2026092703,coupled_lag1
behavior.2,28,172,1.4901161193847656e-08,0.00014614782412536442,2026092703,coupled_lag1
time.0,28,173,1.4901161193847656e-08,0.000653413007967174,2026092703,coupled_lag1
time.1,28,173,1.4901161193847656e-08,0.0002153717796318233,2026092703,coupled_lag1
time.2,28,173,2.9802322387695312e-08,0.0009618327603675425,2026092703,coupled_lag1
behavior.0,28,173,2.2351741790771484e-08,0.00027358761872164905,2026092703,coupled_lag1
behavior.1,28,173,1.4901161193847656e-08,9.156690794043243e-05,2026092703,coupled_lag1
behavior.2,28,173,1.4901161193847656e-08,0.00012334229541011155,2026092703,coupled_lag1
time.0,28,174,1.4901161193847656e-08,0.0005617489223368466,2026092703,coupled_lag1
time.1,28,174,1.1175870895385742e-08,0.00018817506497725844,2026092703,coupled_lag1
time.2,28,174,4.470348358154297e-08,0.0008866055868566036,2026092703,coupled_lag1
behavior.0,28,174,2.2351741790771484e-08,0.00030965631594881415,2026092703,coupled_lag1
behavior.1,28,174,1.4901161193847656e-08,9.596949530532584e-05,2026092703,coupled_lag1
behavior.2,28,174,1.1175870895385742e-08,0.00012172345304861665,2026092703,coupled_lag1
time.0,28,175,1.862645149230957e-08,0.0005462492699734867,2026092703,coupled_lag1
time.1,28,175,1.1175870895385742e-08,0.00018901781004387885,2026092703,coupled_lag1
time.2,28,175,2.2351741790771484e-08,0.0008583904127590358,2026092703,coupled_lag1
behavior.0,28,175,1.4901161193847656e-08,0.00034566252725198865,2026092703,coupled_lag1
behavior.1,28,175,1.4901161193847656e-08,0.0001016471505863592,2026092703,coupled_lag1
behavior.2,28,175,1.1175870895385742e-08,0.0001531004236312583,2026092703,coupled_lag1
time.0,28,176,2.9802322387695312e-08,0.0005671223625540733,2026092703,coupled_lag1
time.1,28,176,1.1175870895385742e-08,0.0001991441095015034,2026092703,coupled_lag1
time.2,28,176,2.9802322387695312e-08,0.0009018905693665147,2026092703,coupled_lag1
behavior.0,28,176,1.4901161193847656e-08,0.0003420308348722756,2026092703,coupled_lag1
behavior.1,28,176,1.4901161193847656e-08,0.00010730747453635558,2026092703,coupled_lag1
behavior.2,28,176,1.4901161193847656e-08,0.0001478374470025301,2026092703,coupled_lag1
time.0,28,177,2.9802322387695312e-08,0.0005366028635762632,2026092703,coupled_lag1
time.1,28,177,1.1175870895385742e-08,0.00018167665984947234,2026092703,coupled_lag1
time.2,28,177,2.9802322387695312e-08,0.0007936478359624743,2026092703,coupled_lag1
behavior.0,28,177,1.4901161193847656e-08,0.0003294113848824054,2026092703,coupled_lag1
behavior.1,28,177,1.4901161193847656e-08,0.00011133005318697542,2026092703,coupled_lag1
behavior.2,28,177,1.1175870895385742e-08,0.00013045896776020527,2026092703,coupled_lag1
time.0,28,178,2.2351741790771484e-08,0.0005562831647694111,2026092703,coupled_lag1
time.1,28,178,1.4901161193847656e-08,0.00018783575796987861,2026092703,coupled_lag1
time.2,28,178,2.2351741790771484e-08,0.0009002200094982982,2026092703,coupled_lag1
behavior.0,28,178,1.4901161193847656e-08,0.00031238002702593803,2026092703,coupled_lag1
behavior.1,28,178,1.4901161193847656e-08,9.407231846125796e-05,2026092703,coupled_lag1
behavior.2,28,178,1.1175870895385742e-08,0.00012695457553490996,2026092703,coupled_lag1
time.0,28,179,1.4901161193847656e-08,0.0005741513450630009,2026092703,coupled_lag1
time.1,28,179,1.4901161193847656e-08,0.00019330983923282474,2026092703,coupled_lag1
time.2,28,179,2.9802322387695312e-08,0.0008668240043334663,2026092703,coupled_lag1
behavior.0,28,179,2.9802322387695312e-08,0.00032731035025790334,2026092703,coupled_lag1
behavior.1,28,179,1.4901161193847656e-08,0.00011392038140911609,2026092703,coupled_lag1
behavior.2,28,179,1.1175870895385742e-08,0.0001234719529747963,2026092703,coupled_lag1
time.0,28,180,1.4901161193847656e-08,0.0005608572973869741,2026092703,coupled_lag1
time.1,28,180,1.4901161193847656e-08,0.0001894568995339796,2026092703,coupled_lag1
time.2,28,180,2.9802322387695312e-08,0.0008640740998089314,2026092703,coupled_lag1
behavior.0,28,180,1.4901161193847656e-08,0.0003153494908474386,2026092703,coupled_lag1
behavior.1,28,180,1.4901161193847656e-08,9.562486957293004e-05,2026092703,coupled_lag1
behavior.2,28,180,1.4901161193847656e-08,0.00013085118553135544,2026092703,coupled_lag1
time.0,28,181,1.4901161193847656e-08,0.0005431824247352779,2026092703,coupled_lag1
time.1,28,181,1.1175870895385742e-08,0.00018432275101076812,2026092703,coupled_lag1
time.2,28,181,1.4901161193847656e-08,0.00083770981291309,2026092703,coupled_lag1
behavior.0,28,181,1.4901161193847656e-08,0.00030485744355246425,2026092703,coupled_lag1
behavior.1,28,181,1.4901161193847656e-08,9.819608385441825e-05,2026092703,coupled_lag1
behavior.2,28,181,1.4901161193847656e-08,0.00013142760144546628,2026092703,coupled_lag1
time.0,28,182,2.9802322387695312e-08,0.000637797056697309,2026092703,coupled_lag1
time.1,28,182,1.4901161193847656e-08,0.00021348355221562088,2026092703,coupled_lag1
time.2,28,182,1.4901161193847656e-08,0.0010093114105984569,2026092703,coupled_lag1
behavior.0,28,182,2.2351741790771484e-08,0.00030100918957032263,2026092703,coupled_lag1
behavior.1,28,182,1.4901161193847656e-08,9.140284237219021e-05,2026092703,coupled_lag1
behavior.2,28,182,1.1175870895385742e-08,0.00011609363718889654,2026092703,coupled_lag1
time.0,28,183,2.2351741790771484e-08,0.0004931712173856795,2026092703,coupled_lag1
time.1,28,183,1.1175870895385742e-08,0.00017478650261182338,2026092703,coupled_lag1
time.2,28,183,2.9802322387695312e-08,0.0007871466223150492,2026092703,coupled_lag1
behavior.0,28,183,1.4901161193847656e-08,0.0003298884548712522,2026092703,coupled_lag1
behavior.1,28,183,1.1175870895385742e-08,0.00010561115050222725,2026092703,coupled_lag1
behavior.2,28,183,1.1175870895385742e-08,0.00015578018792439252,2026092703,coupled_lag1
time.0,28,184,2.2351741790771484e-08,0.0005479932297021151,2026092703,coupled_lag1
time.1,28,184,1.4901161193847656e-08,0.000188037462066859,2026092703,coupled_lag1
time.2,28,184,2.9802322387695312e-08,0.0008646798087283969,2026092703,coupled_lag1
behavior.0,28,184,1.4901161193847656e-08,0.0003026645281352103,2026092703,coupled_lag1
behavior.1,28,184,1.4901161193847656e-08,9.854709060164168e-05,2026092703,coupled_lag1
behavior.2,28,184,1.1175870895385742e-08,0.0001218822508235462,2026092703,coupled_lag1
time.0,28,185,1.4901161193847656e-08,0.0005395231419242918,2026092703,coupled_lag1
time.1,28,185,1.4901161193847656e-08,0.00018040640861727297,2026092703,coupled_lag1
time.2,28,185,2.9802322387695312e-08,0.0009003998711705208,2026092703,coupled_lag1
behavior.0,28,185,1.4901161193847656e-08,0.00032879976788535714,2026092703,coupled_lag1
behavior.1,28,185,1.4901161193847656e-08,0.00010860900511033833,2026092703,coupled_lag1
behavior.2,28,185,1.1175870895385742e-08,0.00013207114534452558,2026092703,coupled_lag1
time.0,28,186,1.4901161193847656e-08,0.0006084094056859612,2026092703,coupled_lag1
time.1,28,186,1.4901161193847656e-08,0.00020443365792743862,2026092703,coupled_lag1
time.2,28,186,2.9802322387695312e-08,0.000931152724660933,2026092703,coupled_lag1
behavior.0,28,186,2.2351741790771484e-08,0.00029574375366792083,2026092703,coupled_lag1
behavior.1,28,186,1.1175870895385742e-08,9.29367306525819e-05,2026092703,coupled_lag1
behavior.2,28,186,1.4901161193847656e-08,0.00013085857790429145,2026092703,coupled_lag1
time.0,28,187,2.2351741790771484e-08,0.00056282221339643,2026092703,coupled_lag1
time.1,28,187,1.1175870895385742e-08,0.0001919046335387975,2026092703,coupled_lag1
time.2,28,187,2.9802322387695312e-08,0.0008700593607500196,2026092703,coupled_lag1
behavior.0,28,187,1.4901161193847656e-08,0.000331637857016176,2026092703,coupled_lag1
behavior.1,28,187,1.1175870895385742e-08,9.709675941849127e-05,2026092703,coupled_lag1
behavior.2,28,187,1.4901161193847656e-08,0.00014926538278814405,2026092703,coupled_lag1
time.0,28,188,2.2351741790771484e-08,0.0005149597418494523,2026092703,coupled_lag1
time.1,28,188,1.4901161193847656e-08,0.00017881038365885615,2026092703,coupled_lag1
time.2,28,188,2.2351741790771484e-08,0.0007997705833986402,2026092703,coupled_lag1
behavior.0,28,188,1.4901161193847656e-08,0.0003266741696279496,2026092703,coupled_lag1
behavior.1,28,188,1.1175870895385742e-08,9.903150203172117e-05,2026092703,coupled_lag1
behavior.2,28,188,1.1175870895385742e-08,0.00013924643280915916,2026092703,coupled_lag1
time.0,28,189,2.2351741790771484e-08,0.0005262991180643439,2026092703,coupled_lag1
time.1,28,189,1.4901161193847656e-08,0.00017929640307556838,2026092703,coupled_lag1
time.2,28,189,2.2351741790771484e-08,0.0008447851869277656,2026092703,coupled_lag1
behavior.0,28,189,2.2351741790771484e-08,0.000326351000694558,2026092703,coupled_lag1
behavior.1,28,189,1.1175870895385742e-08,0.00010001914051827043,2026092703,coupled_lag1
behavior.2,28,189,1.4901161193847656e-08,0.00013740344729740173,2026092703,coupled_lag1
time.0,28,190,1.4901161193847656e-08,0.0005502976709976792,2026092703,coupled_lag1
time.1,28,190,1.4901161193847656e-08,0.00019112852169200778,2026092703,coupled_lag1
time.2,28,190,2.9802322387695312e-08,0.0008760325144976377,2026092703,coupled_lag1
behavior.0,28,190,1.4901161193847656e-08,0.00033149722730740905,2026092703,coupled_lag1
behavior.1,28,190,1.4901161193847656e-08,9.298221993958578e-05,2026092703,coupled_lag1
behavior.2,28,190,1.4901161193847656e-08,0.0001345795317320153,2026092703,coupled_lag1
time.0,28,191,1.4901161193847656e-08,0.0005292651476338506,2026092703,coupled_lag1
time.1,28,191,1.1175870895385742e-08,0.00017853033205028623,2026092703,coupled_lag1
time.2,28,191,2.9802322387695312e-08,0.0008425046689808369,2026092703,coupled_lag1
behavior.0,28,191,1.4901161193847656e-08,0.00031839305302128196,2026092703,coupled_lag1
behavior.1,28,191,1.4901161193847656e-08,9.57203665166162e-05,2026092703,coupled_lag1
behavior.2,28,191,1.1175870895385742e-08,0.00014026593999005854,2026092703,coupled_lag1
time.0,28,192,1.4901161193847656e-08,0.0006154216825962067,2026092703,coupled_lag1
time.1,28,192,1.4901161193847656e-08,0.00020682312606368214,2026092703,coupled_lag1
time.2,28,192,2.9802322387695312e-08,0.0009725012350827456,2026092703,coupled_lag1
behavior.0,28,192,1.4901161193847656e-08,0.0003370174381416291,2026092703,coupled_lag1
behavior.1,28,192,7.450580596923828e-09,0.00010236031812382862,2026092703,coupled_lag1
behavior.2,28,192,7.450580596923828e-09,0.00014721504703629762,2026092703,coupled_lag1
time.0,28,193,1.4901161193847656e-08,0.0005375389009714127,2026092703,coupled_lag1
time.1,28,193,1.4901161193847656e-08,0.00018447601178195328,2026092703,coupled_lag1
time.2,28,193,2.9802322387695312e-08,0.0008526916499249637,2026092703,coupled_lag1
behavior.0,28,193,1.4901161193847656e-08,0.0003278310759924352,2026092703,coupled_lag1
behavior.1,28,193,1.1175870895385742e-08,9.484502515988424e-05,2026092703,coupled_lag1
behavior.2,28,193,1.1175870895385742e-08,0.00015311742026824504,2026092703,coupled_lag1
time.0,28,194,2.2351741790771484e-08,0.0005114799132570624,2026092703,coupled_lag1
time.1,28,194,1.4901161193847656e-08,0.00017174491949845105,2026092703,coupled_lag1
time.2,28,194,2.9802322387695312e-08,0.0007952346350066364,2026092703,coupled_lag1
behavior.0,28,194,1.4901161193847656e-08,0.00031250910251401365,2026092703,coupled_lag1
behavior.1,28,194,1.4901161193847656e-08,9.499867883278057e-05,2026092703,coupled_lag1
behavior.2,28,194,1.1175870895385742e-08,0.00013821671018376946,2026092703,coupled_lag1
time.0,28,195,2.2351741790771484e-08,0.0005306360544636846,2026092703,coupled_lag1
time.1,28,195,1.1175870895385742e-08,0.00017869572911877185,2026092703,coupled_lag1
time.2,28,195,2.2351741790771484e-08,0.0007767854840494692,2026092703,coupled_lag1
behavior.0,28,195,2.2351741790771484e-08,0.0003240421356167644,2026092703,coupled_lag1
behavior.1,28,195,7.450580596923828e-09,0.0001041973227984272,2026092703,coupled_lag1
behavior.2,28,195,1.4901161193847656e-08,0.0001411496486980468,2026092703,coupled_lag1
time.0,28,196,2.2351741790771484e-08,0.0005250347894616425,2026092703,coupled_lag1
time.1,28,196,1.4901161193847656e-08,0.00018058552814181894,2026092703,coupled_lag1
time.2,28,196,2.9802322387695312e-08,0.0008033121703192592,2026092703,coupled_lag1
behavior.0,28,196,2.2351741790771484e-08,0.00033492830698378384,2026092703,coupled_lag1
behavior.1,28,196,1.4901161193847656e-08,0.00012213933223392814,2026092703,coupled_lag1
behavior.2,28,196,1.4901161193847656e-08,0.00014572922373190522,2026092703,coupled_lag1
time.0,28,197,2.2351741790771484e-08,0.000587368558626622,2026092703,coupled_lag1
time.1,28,197,1.4901161193847656e-08,0.00019433017587289214,2026092703,coupled_lag1
time.2,28,197,2.9802322387695312e-08,0.0008848473662510514,2026092703,coupled_lag1
behavior.0,28,197,1.4901161193847656e-08,0.00027450977358967066,2026092703,coupled_lag1
behavior.1,28,197,1.4901161193847656e-08,9.168944234261289e-05,2026092703,coupled_lag1
behavior.2,28,197,1.4901161193847656e-08,0.00011909075692528859,2026092703,coupled_lag1
time.0,28,198,1.4901161193847656e-08,0.0005030116881243885,2026092703,coupled_lag1
time.1,28,198,1.1175870895385742e-08,0.00017453696636948735,2026092703,coupled_lag1
time.2,28,198,2.2351741790771484e-08,0.0007806256180629134,2026092703,coupled_lag1
behavior.0,28,198,2.2351741790771484e-08,0.00034686896833591163,2026092703,coupled_lag1
behavior.1,28,198,1.4901161193847656e-08,0.00010278305853717029,2026092703,coupled_lag1
behavior.2,28,198,1.1175870895385742e-08,0.00014334461593534797,2026092703,coupled_lag1
time.0,28,199,1.4901161193847656e-08,0.0005306119564920664,2026092703,coupled_lag1
time.1,28,199,1.4901161193847656e-08,0.00018110177188646048,2026092703,coupled_lag1
time.2,28,199,2.9802322387695312e-08,0.0008267021039500833,2026092703,coupled_lag1
behavior.0,28,199,1.4901161193847656e-08,0.0003308104642201215,2026092703,coupled_lag1
behavior.1,28,199,1.4901161193847656e-08,9.847833280218765e-05,2026092703,coupled_lag1
behavior.2,28,199,1.1175870895385742e-08,0.00013680760457646102,2026092703,coupled_lag1
time.0,28,200,1.4901161193847656e-08,0.0005224418127909303,2026092703,coupled_lag1
time.1,28,200,1.1175870895385742e-08,0.00018017461115960032,2026092703,coupled_lag1
time.2,28,200,2.9802322387695312e-08,0.0008316492894664407,2026092703,coupled_lag1
behavior.0,28,200,1.4901161193847656e-08,0.0003335671790409833,2026092703,coupled_lag1
behavior.1,28,200,1.1175870895385742e-08,9.221576328855008e-05,2026092703,coupled_lag1
behavior.2,28,200,1.4901161193847656e-08,0.00013027589011471719,2026092703,coupled_lag1
time.0,28,1,2.2351741790771484e-08,0.0007060226635076106,2026092703,coupled_lag4
time.1,28,1,1.4901161193847656e-08,0.00030097499256953597,2026092703,coupled_lag4
time.2,28,1,1.4901161193847656e-08,0.00043388543417677283,2026092703,coupled_lag4
behavior.0,28,1,1.4901161193847656e-08,0.0003103598137386143,2026092703,coupled_lag4
behavior.1,28,1,1.4901161193847656e-08,0.00013249716721475124,2026092703,coupled_lag4
behavior.2,28,1,1.1175870895385742e-08,9.28659865166992e-05,2026092703,coupled_lag4
time.0,28,2,2.9802322387695312e-08,0.0007714786916039884,2026092703,coupled_lag4
time.1,28,2,1.4901161193847656e-08,0.00035225911415182054,2026092703,coupled_lag4
time.2,28,2,1.4901161193847656e-08,0.0006257675122469664,2026092703,coupled_lag4
behavior.0,28,2,1.4901161193847656e-08,0.0003254305920563638,2026092703,coupled_lag4
behavior.1,28,2,1.4901161193847656e-08,0.00012212338333483785,2026092703,coupled_lag4
behavior.2,28,2,1.4901161193847656e-08,9.186995157506317e-05,2026092703,coupled_lag4
time.0,28,3,2.9802322387695312e-08,0.0007393892155960202,2026092703,coupled_lag4
time.1,28,3,1.4901161193847656e-08,0.0003187985857948661,2026092703,coupled_lag4
time.2,28,3,2.9802322387695312e-08,0.0006878532003611326,2026092703,coupled_lag4
behavior.0,28,3,1.4901161193847656e-08,0.0003039807779714465,2026092703,coupled_lag4
behavior.1,28,3,7.450580596923828e-09,0.00012054314720444381,2026092703,coupled_lag4
behavior.2,28,3,1.1175870895385742e-08,8.863137918524444e-05,2026092703,coupled_lag4
time.0,28,4,2.2351741790771484e-08,0.0006252133753150702,2026092703,coupled_lag4
time.1,28,4,1.4901161193847656e-08,0.0002819565706886351,2026092703,coupled_lag4
time.2,28,4,2.9802322387695312e-08,0.0006394836236722767,2026092703,coupled_lag4
behavior.0,28,4,1.4901161193847656e-08,0.00033136041020043194,2026092703,coupled_lag4
behavior.1,28,4,1.4901161193847656e-08,0.00012770044850185513,2026092703,coupled_lag4
behavior.2,28,4,1.1175870895385742e-08,0.00010304997704224661,2026092703,coupled_lag4
time.0,28,5,2.2351741790771484e-08,0.0006623658118769526,2026092703,coupled_lag4
time.1,28,5,1.4901161193847656e-08,0.00028099457267671824,2026092703,coupled_lag4
time.2,28,5,2.9802322387695312e-08,0.0007108669960871339,2026092703,coupled_lag4
behavior.0,28,5,1.4901161193847656e-08,0.0002948142937384546,2026092703,coupled_lag4
behavior.1,28,5,7.450580596923828e-09,0.00011073747009504586,2026092703,coupled_lag4
behavior.2,28,5,1.4901161193847656e-08,8.991499635158107e-05,2026092703,coupled_lag4
time.0,28,6,2.2351741790771484e-08,0.0005959397531114519,2026092703,coupled_lag4
time.1,28,6,1.4901161193847656e-08,0.00023122855054680258,2026092703,coupled_lag4
time.2,28,6,2.9802322387695312e-08,0.0006023375317454338,2026092703,coupled_lag4
behavior.0,28,6,1.4901161193847656e-08,0.00028912932612001896,2026092703,coupled_lag4
behavior.1,28,6,1.4901161193847656e-08,0.00010853349522221833,2026092703,coupled_lag4
behavior.2,28,6,1.1175870895385742e-08,0.00010584243864286691,2026092703,coupled_lag4
time.0,28,7,1.4901161193847656e-08,0.00064982840558514,2026092703,coupled_lag4
time.1,28,7,1.4901161193847656e-08,0.000246602576225996,2026092703,coupled_lag4
time.2,28,7,1.4901161193847656e-08,0.0007252971408888698,2026092703,coupled_lag4
behavior.0,28,7,1.4901161193847656e-08,0.00029057718347758055,2026092703,coupled_lag4
behavior.1,28,7,1.4901161193847656e-08,0.00010543057578615844,2026092703,coupled_lag4
behavior.2,28,7,1.1175870895385742e-08,0.00010141023085452616,2026092703,coupled_lag4
time.0,28,8,1.4901161193847656e-08,0.0006511316169053316,2026092703,coupled_lag4
time.1,28,8,1.4901161193847656e-08,0.00024239218328148127,2026092703,coupled_lag4
time.2,28,8,2.9802322387695312e-08,0.0006489883526228368,2026092703,coupled_lag4
behavior.0,28,8,2.2351741790771484e-08,0.00027892240905202925,2026092703,coupled_lag4
behavior.1,28,8,1.1175870895385742e-08,0.00010156975622521713,2026092703,coupled_lag4
behavior.2,28,8,7.450580596923828e-09,9.234833851223812e-05,2026092703,coupled_lag4
time.0,28,9,1.4901161193847656e-08,0.0006871257210150361,2026092703,coupled_lag4
time.1,28,9,1.1175870895385742e-08,0.00025053657009266317,2026092703,coupled_lag4
time.2,28,9,2.9802322387695312e-08,0.0006562907947227359,2026092703,coupled_lag4
behavior.0,28,9,1.4901161193847656e-08,0.00029947643633931875,2026092703,coupled_lag4
behavior.1,28,9,1.4901161193847656e-08,0.00010423883213661611,2026092703,coupled_lag4
behavior.2,28,9,1.4901161193847656e-08,0.00010883269715122879,2026092703,coupled_lag4
time.0,28,10,2.9802322387695312e-08,0.0007454330916516483,2026092703,coupled_lag4
time.1,28,10,1.4901161193847656e-08,0.0002612613025121391,2026092703,coupled_lag4
time.2,28,10,2.2351741790771484e-08,0.0008076048106886446,2026092703,coupled_lag4
behavior.0,28,10,2.2351741790771484e-08,0.0002931033377535641,2026092703,coupled_lag4
behavior.1,28,10,7.450580596923828e-09,0.00010883898357860744,2026092703,coupled_lag4
behavior.2,28,10,1.4901161193847656e-08,0.00011956721573369578,2026092703,coupled_lag4
time.0,28,11,2.2351741790771484e-08,0.000597522419411689,2026092703,coupled_lag4
time.1,28,11,1.4901161193847656e-08,0.00022042024647817016,2026092703,coupled_lag4
time.2,28,11,2.2351741790771484e-08,0.0005299241747707129,2026092703,coupled_lag4
behavior.0,28,11,1.4901161193847656e-08,0.00027442010468803346,2026092703,coupled_lag4
behavior.1,28,11,1.4901161193847656e-08,0.00010972646123263985,2026092703,coupled_lag4
behavior.2,28,11,1.4901161193847656e-08,0.00011529737093951553,2026092703,coupled_lag4
time.0,28,12,1.4901161193847656e-08,0.0006060816231183708,2026092703,coupled_lag4
time.1,28,12,1.4901161193847656e-08,0.0002141091099474579,2026092703,coupled_lag4
time.2,28,12,2.9802322387695312e-08,0.0005634351400658488,2026092703,coupled_lag4
behavior.0,28,12,1.4901161193847656e-08,0.0002922209969256073,2026092703,coupled_lag4
behavior.1,28,12,1.4901161193847656e-08,0.00011196204286534339,2026092703,coupled_lag4
behavior.2,28,12,1.1175870895385742e-08,0.00013272154319565743,2026092703,coupled_lag4
time.0,28,13,1.4901161193847656e-08,0.0006616664468310773,2026092703,coupled_lag4
time.1,28,13,1.4901161193847656e-08,0.00025872091646306217,2026092703,coupled_lag4
time.2,28,13,2.9802322387695312e-08,0.0007171827601268888,2026092703,coupled_lag4
behavior.0,28,13,1.4901161193847656e-08,0.00028360821306705475,2026092703,coupled_lag4
behavior.1,28,13,1.4901161193847656e-08,9.616818715585396e-05,2026092703,coupled_lag4
behavior.2,28,13,1.4901161193847656e-08,0.00011719713802449405,2026092703,coupled_lag4
time.0,28,14,2.2351741790771484e-08,0.000580412510316819,2026092703,coupled_lag4
time.1,28,14,1.1175870895385742e-08,0.00020470443996600807,2026092703,coupled_lag4
time.2,28,14,1.4901161193847656e-08,0.00048946647439152,2026092703,coupled_lag4
behavior.0,28,14,2.2351741790771484e-08,0.0002983428130391985,2026092703,coupled_lag4
behavior.1,28,14,1.1175870895385742e-08,0.000103649144875817,2026092703,coupled_lag4
behavior.2,28,14,1.4901161193847656e-08,0.00014496497169602662,2026092703,coupled_lag4
time.0,28,15,1.4901161193847656e-08,0.0006350737530738115,2026092703,coupled_lag4
time.1,28,15,1.4901161193847656e-08,0.00022617312788497657,2026092703,coupled_lag4
time.2,28,15,2.9802322387695312e-08,0.0006291785975918174,2026092703,coupled_lag4
behavior.0,28,15,1.4901161193847656e-08,0.00027932407101616263,2026092703,coupled_lag4
behavior.1,28,15,1.4901161193847656e-08,0.00010070415009977296,2026092703,coupled_lag4
behavior.2,28,15,1.4901161193847656e-08,0.00012016436812700704,2026092703,coupled_lag4
time.0,28,16,1.4901161193847656e-08,0.0006656867917627096,2026092703,coupled_lag4
time.1,28,16,1.4901161193847656e-08,0.00024977128487080336,2026092703,coupled_lag4
time.2,28,16,2.9802322387695312e-08,0.0006509373197332025,2026092703,coupled_lag4
behavior.0,28,16,1.4901161193847656e-08,0.0002896929800044745,2026092703,coupled_lag4
behavior.1,28,16,1.4901161193847656e-08,9.84457801678218e-05,2026092703,coupled_lag4
behavior.2,28,16,1.4901161193847656e-08,0.00013822290929965675,2026092703,coupled_lag4
time.0,28,17,1.4901161193847656e-08,0.0006087174988351762,2026092703,coupled_lag4
time.1,28,17,1.1175870895385742e-08,0.0002178170980187133,2026092703,coupled_lag4
time.2,28,17,1.4901161193847656e-08,0.0005709168617613614,2026092703,coupled_lag4
behavior.0,28,17,1.4901161193847656e-08,0.00028133182786405087,2026092703,coupled_lag4
behavior.1,28,17,1.4901161193847656e-08,9.961755858967081e-05,2026092703,coupled_lag4
behavior.2,28,17,1.1175870895385742e-08,0.00012295672786422074,2026092703,coupled_lag4
time.0,28,18,2.2351741790771484e-08,0.0006403214065358043,2026092703,coupled_lag4
time.1,28,18,1.4901161193847656e-08,0.00023982259153854102,2026092703,coupled_lag4
time.2,28,18,2.2351741790771484e-08,0.00062359101139009,2026092703,coupled_lag4
behavior.0,28,18,2.2351741790771484e-08,0.0003002357843797654,2026092703,coupled_lag4
behavior.1,28,18,7.450580596923828e-09,0.00010117290366906673,2026092703,coupled_lag4
behavior.2,28,18,1.1175870895385742e-08,0.0001410994736943394,2026092703,coupled_lag4
time.0,28,19,2.2351741790771484e-08,0.0007143427501432598,2026092703,coupled_lag4
time.1,28,19,1.4901161193847656e-08,0.00025304019800387323,2026092703,coupled_lag4
time.2,28,19,1.4901161193847656e-08,0.0007362592150457203,2026092703,coupled_lag4
behavior.0,28,19,2.2351741790771484e-08,0.0002756501780822873,2026092703,coupled_lag4
behavior.1,28,19,1.1175870895385742e-08,0.00010282027506036684,2026092703,coupled_lag4
behavior.2,28,19,1.4901161193847656e-08,0.0001352389226667583,2026092703,coupled_lag4
time.0,28,20,1.4901161193847656e-08,0.0006211376748979092,2026092703,coupled_lag4
time.1,28,20,1.4901161193847656e-08,0.00022714656370226294,2026092703,coupled_lag4
time.2,28,20,2.2351741790771484e-08,0.0005908156745135784,2026092703,coupled_lag4
behavior.0,28,20,1.4901161193847656e-08,0.00028275372460484505,2026092703,coupled_lag4
behavior.1,28,20,7.450580596923828e-09,0.0001022492433548905,2026092703,coupled_lag4
behavior.2,28,20,1.4901161193847656e-08,0.0001405092771165073,2026092703,coupled_lag4
time.0,28,21,1.4901161193847656e-08,0.0006187270628288388,2026092703,coupled_lag4
time.1,28,21,1.4901161193847656e-08,0.00021996922441758215,2026092703,coupled_lag4
time.2,28,21,2.9802322387695312e-08,0.0006246078992262483,2026092703,coupled_lag4
behavior.0,28,21,2.2351741790771484e-08,0.0003040031297132373,2026092703,coupled_lag4
behavior.1,28,21,1.4901161193847656e-08,0.00010389768431195989,2026092703,coupled_lag4
behavior.2,28,21,1.4901161193847656e-08,0.00015597607125528157,2026092703,coupled_lag4
time.0,28,22,2.2351741790771484e-08,0.0005978913395665586,2026092703,coupled_lag4
time.1,28,22,1.4901161193847656e-08,0.00021539985027629882,2026092703,coupled_lag4
time.2,28,22,2.9802322387695312e-08,0.0005886189755983651,2026092703,coupled_lag4
behavior.0,28,22,1.4901161193847656e-08,0.0002838177315425128,2026092703,coupled_lag4
behavior.1,28,22,1.4901161193847656e-08,0.0001031354331644252,2026092703,coupled_lag4
behavior.2,28,22,1.4901161193847656e-08,0.0001447871036361903,2026092703,coupled_lag4
time.0,28,23,1.4901161193847656e-08,0.0006182453944347799,2026092703,coupled_lag4
time.1,28,23,1.4901161193847656e-08,0.00021619585459120572,2026092703,coupled_lag4
time.2,28,23,2.9802322387695312e-08,0.0006157114985398948,2026092703,coupled_lag4
behavior.0,28,23,1.4901161193847656e-08,0.0002762735530268401,2026092703,coupled_lag4
behavior.1,28,23,7.450580596923828e-09,0.00010064817615784705,2026092703,coupled_lag4
behavior.2,28,23,1.4901161193847656e-08,0.00013633088383357972,2026092703,coupled_lag4
time.0,28,24,2.2351741790771484e-08,0.0006298284861259162,2026092703,coupled_lag4
time.1,28,24,1.4901161193847656e-08,0.00022663112031295896,2026092703,coupled_lag4
time.2,28,24,1.4901161193847656e-08,0.0005665025091730058,2026092703,coupled_lag4
behavior.0,28,24,2.2351741790771484e-08,0.0002779213828034699,2026092703,coupled_lag4
behavior.1,28,24,7.450580596923828e-09,9.660524665378034e-05,2026092703,coupled_lag4
behavior.2,28,24,1.4901161193847656e-08,0.00013410251995082945,2026092703,coupled_lag4
time.0,28,25,1.4901161193847656e-08,0.0005968643235974014,2026092703,coupled_lag4
time.1,28,25,1.4901161193847656e-08,0.0002071308554150164,2026092703,coupled_lag4
time.2,28,25,1.4901161193847656e-08,0.0005668646772392094,2026092703,coupled_lag4
behavior.0,28,25,1.4901161193847656e-08,0.00028319063130766153,2026092703,coupled_lag4
behavior.1,28,25,1.4901161193847656e-08,0.00010500206553842872,2026092703,coupled_lag4
behavior.2,28,25,1.4901161193847656e-08,0.00014455485506914556,2026092703,coupled_lag4
time.0,28,26,1.4901161193847656e-08,0.0005845143459737301,2026092703,coupled_lag4
time.1,28,26,1.4901161193847656e-08,0.00020976242376491427,2026092703,coupled_lag4
time.2,28,26,2.2351741790771484e-08,0.0006384443840943277,2026092703,coupled_lag4
behavior.0,28,26,2.2351741790771484e-08,0.0002684889768715948,2026092703,coupled_lag4
behavior.1,28,26,1.1175870895385742e-08,9.960344323189929e-05,2026092703,coupled_lag4
behavior.2,28,26,1.4901161193847656e-08,0.00015527263167314231,2026092703,coupled_lag4
time.0,28,27,2.2351741790771484e-08,0.0006026322371326387,2026092703,coupled_lag4
time.1,28,27,1.4901161193847656e-08,0.00022498688485939056,2026092703,coupled_lag4
time.2,28,27,2.9802322387695312e-08,0.000682892685290426,2026092703,coupled_lag4
behavior.0,28,27,1.4901161193847656e-08,0.0002769088314380497,2026092703,coupled_lag4
behavior.1,28,27,7.450580596923828e-09,0.00010916656901827082,2026092703,coupled_lag4
behavior.2,28,27,1.4901161193847656e-08,0.00017421819211449474,2026092703,coupled_lag4
time.0,28,28,2.2351741790771484e-08,0.0006193671724759042,2026092703,coupled_lag4
time.1,28,28,1.4901161193847656e-08,0.00021696499607060105,2026092703,coupled_lag4
time.2,28,28,2.9802322387695312e-08,0.0006487434729933739,2026092703,coupled_lag4
behavior.0,28,28,2.2351741790771484e-08,0.0002761604846455157,2026092703,coupled_lag4
behavior.1,28,28,1.1175870895385742e-08,0.00010467969696037471,2026092703,coupled_lag4
behavior.2,28,28,1.1175870895385742e-08,0.00014976662350818515,2026092703,coupled_lag4
time.0,28,29,1.4901161193847656e-08,0.000586779962759465,2026092703,coupled_lag4
time.1,28,29,1.1175870895385742e-08,0.00019997968047391623,2026092703,coupled_lag4
time.2,28,29,2.2351741790771484e-08,0.0005914982175454497,2026092703,coupled_lag4
behavior.0,28,29,1.4901161193847656e-08,0.0002727121755015105,2026092703,coupled_lag4
behavior.1,28,29,1.4901161193847656e-08,0.00010458465112606063,2026092703,coupled_lag4
behavior.2,28,29,1.1175870895385742e-08,0.00011930892651434988,2026092703,coupled_lag4
time.0,28,30,2.2351741790771484e-08,0.0007029833504930139,2026092703,coupled_lag4
time.1,28,30,1.4901161193847656e-08,0.0002592415257822722,2026092703,coupled_lag4
time.2,28,30,2.9802322387695312e-08,0.0008124515297822654,2026092703,coupled_lag4
behavior.0,28,30,1.4901161193847656e-08,0.00026039304793812335,2026092703,coupled_lag4
behavior.1,28,30,1.4901161193847656e-08,9.893696551444009e-05,2026092703,coupled_lag4
behavior.2,28,30,1.4901161193847656e-08,0.00012235039321240038,2026092703,coupled_lag4
time.0,28,31,2.2351741790771484e-08,0.0005931932828389108,2026092703,coupled_lag4
time.1,28,31,1.4901161193847656e-08,0.0002226931683253497,2026092703,coupled_lag4
time.2,28,31,2.9802322387695312e-08,0.0006750746397301555,2026092703,coupled_lag4
behavior.0,28,31,1.4901161193847656e-08,0.0002792604500427842,2026092703,coupled_lag4
behavior.1,28,31,1.1175870895385742e-08,9.91793058346957e-05,2026092703,coupled_lag4
behavior.2,28,31,1.4901161193847656e-08,0.0001544222905067727,2026092703,coupled_lag4
time.0,28,32,1.4901161193847656e-08,0.0005716222804039717,2026092703,coupled_lag4
time.1,28,32,1.4901161193847656e-08,0.00021790849859826267,2026092703,coupled_lag4
time.2,28,32,2.2351741790771484e-08,0.0005902283010073006,2026092703,coupled_lag4
behavior.0,28,32,2.2351741790771484e-08,0.0002762967487797141,2026092703,coupled_lag4
behavior.1,28,32,1.4901161193847656e-08,0.00010201093391515315,2026092703,coupled_lag4
behavior.2,28,32,1.4901161193847656e-08,0.00014778846525587142,2026092703,coupled_lag4
time.0,28,33,1.4901161193847656e-08,0.0006119261379353702,2026092703,coupled_lag4
time.1,28,33,1.4901161193847656e-08,0.00022369867656379938,2026092703,coupled_lag4
time.2,28,33,2.9802322387695312e-08,0.000703905476257205,2026092703,coupled_lag4
behavior.0,28,33,1.1175870895385742e-08,0.0002650883689057082,2026092703,coupled_lag4
behavior.1,28,33,1.4901161193847656e-08,0.00010420288163004443,2026092703,coupled_lag4
behavior.2,28,33,1.1175870895385742e-08,0.0001591627369634807,2026092703,coupled_lag4
time.0,28,34,2.9802322387695312e-08,0.0006137778982520103,2026092703,coupled_lag4
time.1,28,34,1.4901161193847656e-08,0.00022704171715304255,2026092703,coupled_lag4
time.2,28,34,4.470348358154297e-08,0.0007793541881255805,2026092703,coupled_lag4
behavior.0,28,34,1.4901161193847656e-08,0.0002838831569533795,2026092703,coupled_lag4
behavior.1,28,34,1.1175870895385742e-08,0.00010769165237434208,2026092703,coupled_lag4
behavior.2,28,34,7.450580596923828e-09,0.0001454142911825329,2026092703,coupled_lag4
time.0,28,35,2.2351741790771484e-08,0.0005600814474746585,2026092703,coupled_lag4
time.1,28,35,1.4901161193847656e-08,0.0002101342543028295,2026092703,coupled_lag4
time.2,28,35,2.2351741790771484e-08,0.0006388345500454307,2026092703,coupled_lag4
behavior.0,28,35,1.4901161193847656e-08,0.0002682637423276901,2026092703,coupled_lag4
behavior.1,28,35,1.4901161193847656e-08,0.00010271327482769266,2026092703,coupled_lag4
behavior.2,28,35,1.4901161193847656e-08,0.0001441028289264068,2026092703,coupled_lag4
time.0,28,36,2.2351741790771484e-08,0.0005926362355239689,2026092703,coupled_lag4
time.1,28,36,1.4901161193847656e-08,0.00022543971135746688,2026092703,coupled_lag4
time.2,28,36,2.2351741790771484e-08,0.0006490395171567798,2026092703,coupled_lag4
behavior.0,28,36,1.4901161193847656e-08,0.0002519074478186667,2026092703,coupled_lag4
behavior.1,28,36,1.1175870895385742e-08,9.571401460561901e-05,2026092703,coupled_lag4
behavior.2,28,36,1.4901161193847656e-08,0.00011910100147360936,2026092703,coupled_lag4
time.0,28,37,1.4901161193847656e-08,0.0006014017853885889,2026092703,coupled_lag4
time.1,28,37,1.4901161193847656e-08,0.00022143151727505028,2026092703,coupled_lag4
time.2,28,37,2.2351741790771484e-08,0.0006517134024761617,2026092703,coupled_lag4
behavior.0,28,37,1.4901161193847656e-08,0.00028635046328417957,2026092703,coupled_lag4
behavior.1,28,37,7.450580596923828e-09,0.00010660963016562164,2026092703,coupled_lag4
behavior.2,28,37,1.4901161193847656e-08,0.00016107806004583836,2026092703,coupled_lag4
time.0,28,38,1.4901161193847656e-08,0.0006350103649310768,2026092703,coupled_lag4
time.1,28,38,1.4901161193847656e-08,0.0002241948968730867,2026092703,coupled_lag4
time.2,28,38,2.2351741790771484e-08,0.0007806284702382982,2026092703,coupled_lag4
behavior.0,28,38,2.2351741790771484e-08,0.00027518311981111765,2026092703,coupled_lag4
behavior.1,28,38,1.4901161193847656e-08,0.00010449936962686479,2026092703,coupled_lag4
behavior.2,28,38,1.1175870895385742e-08,0.00015275494661182165,2026092703,coupled_lag4
time.0,28,39,2.9802322387695312e-08,0.0006264109979383647,2026092703,coupled_lag4
time.1,28,39,1.4901161193847656e-08,0.00021607316739391536,2026092703,coupled_lag4
time.2,28,39,1.4901161193847656e-08,0.0006948115769773722,2026092703,coupled_lag4
behavior.0,28,39,2.2351741790771484e-08,0.00027271188446320593,2026092703,coupled_lag4
behavior.1,28,39,1.1175870895385742e-08,0.00010258352995151654,2026092703,coupled_lag4
behavior.2,28,39,1.4901161193847656e-08,0.00013984796532895416,2026092703,coupled_lag4
time.0,28,40,1.4901161193847656e-08,0.0005872573237866163,2026092703,coupled_lag4
time.1,28,40,1.1175870895385742e-08,0.00019188581791240722,2026092703,coupled_lag4
time.2,28,40,2.9802322387695312e-08,0.0007059171330183744,2026092703,coupled_lag4
behavior.0,28,40,2.2351741790771484e-08,0.0002928593894466758,2026092703,coupled_lag4
behavior.1,28,40,1.4901161193847656e-08,0.00010974686301779002,2026092703,coupled_lag4
behavior.2,28,40,1.4901161193847656e-08,0.0001763596956152469,2026092703,coupled_lag4
time.0,28,41,1.4901161193847656e-08,0.0005705300136469305,2026092703,coupled_lag4
time.1,28,41,1.1175870895385742e-08,0.0001936472690431401,2026092703,coupled_lag4
time.2,28,41,2.2351741790771484e-08,0.0006954188575036824,2026092703,coupled_lag4
behavior.0,28,41,2.2351741790771484e-08,0.00027884269366040826,2026092703,coupled_lag4
behavior.1,28,41,1.4901161193847656e-08,0.0001054969325195998,2026092703,coupled_lag4
behavior.2,28,41,1.4901161193847656e-08,0.00014538998948410153,2026092703,coupled_lag4
time.0,28,42,1.4901161193847656e-08,0.0006754393107257783,2026092703,coupled_lag4
time.1,28,42,1.4901161193847656e-08,0.00022820390586275607,2026092703,coupled_lag4
time.2,28,42,2.9802322387695312e-08,0.0008379696519114077,2026092703,coupled_lag4
behavior.0,28,42,1.4901161193847656e-08,0.000275487924227491,2026092703,coupled_lag4
behavior.1,28,42,1.4901161193847656e-08,0.00010304284660378471,2026092703,coupled_lag4
behavior.2,28,42,1.4901161193847656e-08,0.00013997980568092316,2026092703,coupled_lag4
time.0,28,43,1.4901161193847656e-08,0.0006247250130400062,2026092703,coupled_lag4
time.1,28,43,1.1175870895385742e-08,0.0002181676827603951,2026092703,coupled_lag4
time.2,28,43,2.2351741790771484e-08,0.000801553251221776,2026092703,coupled_lag4
behavior.0,28,43,1.4901161193847656e-08,0.0003021624870598316,2026092703,coupled_lag4
behavior.1,28,43,1.1175870895385742e-08,0.00010417319572297856,2026092703,coupled_lag4
behavior.2,28,43,1.4901161193847656e-08,0.0001661694113863632,2026092703,coupled_lag4
time.0,28,44,1.4901161193847656e-08,0.0006169647676870227,2026092703,coupled_lag4
time.1,28,44,1.1175870895385742e-08,0.00022626426653005183,2026092703,coupled_lag4
time.2,28,44,2.2351741790771484e-08,0.000708815932739526,2026092703,coupled_lag4
behavior.0,28,44,1.4901161193847656e-08,0.0002574964892119169,2026092703,coupled_lag4
behavior.1,28,44,1.1175870895385742e-08,0.00010336635750718415,2026092703,coupled_lag4
behavior.2,28,44,1.4901161193847656e-08,0.00014300255861598998,2026092703,coupled_lag4
time.0,28,45,1.4901161193847656e-08,0.0006438677664846182,2026092703,coupled_lag4
time.1,28,45,1.4901161193847656e-08,0.0002240419271402061,2026092703,coupled_lag4
time.2,28,45,2.9802322387695312e-08,0.0007824065396562219,2026092703,coupled_lag4
behavior.0,28,45,1.4901161193847656e-08,0.00028623873367905617,2026092703,coupled_lag4
behavior.1,28,45,1.4901161193847656e-08,0.0001080738365999423,2026092703,coupled_lag4
behavior.2,28,45,1.4901161193847656e-08,0.00014275491412263364,2026092703,coupled_lag4
time.0,28,46,1.4901161193847656e-08,0.000628846522886306,2026092703,coupled_lag4
time.1,28,46,1.4901161193847656e-08,0.00022635760251432657,2026092703,coupled_lag4
time.2,28,46,2.9802322387695312e-08,0.0007790172239765525,2026092703,coupled_lag4
behavior.0,28,46,1.4901161193847656e-08,0.00029684044420719147,2026092703,coupled_lag4
behavior.1,28,46,1.4901161193847656e-08,0.00011440919479355216,2026092703,coupled_lag4
behavior.2,28,46,1.4901161193847656e-08,0.00014886546705383807,2026092703,coupled_lag4
time.0,28,47,1.4901161193847656e-08,0.0006108309607952833,2026092703,coupled_lag4
time.1,28,47,1.4901161193847656e-08,0.00020769485854543746,2026092703,coupled_lag4
time.2,28,47,2.9802322387695312e-08,0.0007628804305568337,2026092703,coupled_lag4
behavior.0,28,47,1.4901161193847656e-08,0.00029076062492094934,2026092703,coupled_lag4
behavior.1,28,47,1.4901161193847656e-08,0.00011073469067923725,2026092703,coupled_lag4
behavior.2,28,47,1.4901161193847656e-08,0.00016158151265699416,2026092703,coupled_lag4
time.0,28,48,1.4901161193847656e-08,0.0006218644557520747,2026092703,coupled_lag4
time.1,28,48,1.1175870895385742e-08,0.00021850012126378715,2026092703,coupled_lag4
time.2,28,48,1.4901161193847656e-08,0.0007757216226309538,2026092703,coupled_lag4
behavior.0,28,48,1.4901161193847656e-08,0.0002847447176463902,2026092703,coupled_lag4
behavior.1,28,48,1.4901161193847656e-08,0.00010245703015243635,2026092703,coupled_lag4
behavior.2,28,48,1.4901161193847656e-08,0.00015447565237991512,2026092703,coupled_lag4
time.0,28,49,2.2351741790771484e-08,0.000607389840297401,2026092703,coupled_lag4
time.1,28,49,1.4901161193847656e-08,0.00021039652347099036,2026092703,coupled_lag4
time.2,28,49,2.9802322387695312e-08,0.0007581770187243819,2026092703,coupled_lag4
behavior.0,28,49,2.2351741790771484e-08,0.00027781157405115664,2026092703,coupled_lag4
behavior.1,28,49,1.1175870895385742e-08,0.00010333461978007108,2026092703,coupled_lag4
behavior.2,28,49,1.1175870895385742e-08,0.00013980959192849696,2026092703,coupled_lag4
time.0,28,50,1.4901161193847656e-08,0.0005316720926202834,2026092703,coupled_lag4
time.1,28,50,1.1175870895385742e-08,0.00018378059030510485,2026092703,coupled_lag4
time.2,28,50,1.4901161193847656e-08,0.0006009225617162883,2026092703,coupled_lag4
behavior.0,28,50,1.4901161193847656e-08,0.0002686493971850723,2026092703,coupled_lag4
behavior.1,28,50,1.4901161193847656e-08,0.00010319366992916912,2026092703,coupled_lag4
behavior.2,28,50,1.4901161193847656e-08,0.00015595569857396185,2026092703,coupled_lag4
time.0,28,51,2.2351741790771484e-08,0.000629626156296581,2026092703,coupled_lag4
time.1,28,51,1.4901161193847656e-08,0.00021638981706928462,2026092703,coupled_lag4
time.2,28,51,2.9802322387695312e-08,0.0007341256714425981,2026092703,coupled_lag4
behavior.0,28,51,1.4901161193847656e-08,0.00027889618650078773,2026092703,coupled_lag4
behavior.1,28,51,1.1175870895385742e-08,0.0001042801741277799,2026092703,coupled_lag4
behavior.2,28,51,1.1175870895385742e-08,0.00014727786765433848,2026092703,coupled_lag4
time.0,28,52,2.9802322387695312e-08,0.0006016115075908601,2026092703,coupled_lag4
time.1,28,52,1.1175870895385742e-08,0.00020785597735084593,2026092703,coupled_lag4
time.2,28,52,2.2351741790771484e-08,0.0007202124106697738,2026092703,coupled_lag4
behavior.0,28,52,1.4901161193847656e-08,0.0002955795789603144,2026092703,coupled_lag4
behavior.1,28,52,1.4901161193847656e-08,0.00010298492998117581,2026092703,coupled_lag4
behavior.2,28,52,1.4901161193847656e-08,0.00016619778762105852,2026092703,coupled_lag4
time.0,28,53,1.4901161193847656e-08,0.000563085253816098,2026092703,coupled_lag4
time.1,28,53,1.4901161193847656e-08,0.00019488616089802235,2026092703,coupled_lag4
time.2,28,53,2.2351741790771484e-08,0.0006581858033314347,2026092703,coupled_lag4
behavior.0,28,53,1.4901161193847656e-08,0.0002848287986125797,2026092703,coupled_lag4
behavior.1,28,53,1.4901161193847656e-08,0.00010549265425652266,2026092703,coupled_lag4
behavior.2,28,53,1.4901161193847656e-08,0.00016217769007198513,2026092703,coupled_lag4
time.0,28,54,2.2351741790771484e-08,0.0005668525118380785,2026092703,coupled_lag4
time.1,28,54,1.1175870895385742e-08,0.00019863042689394206,2026092703,coupled_lag4
time.2,28,54,2.2351741790771484e-08,0.0006574133294634521,2026092703,coupled_lag4
behavior.0,28,54,1.4901161193847656e-08,0.00030675934976898134,2026092703,coupled_lag4
behavior.1,28,54,1.4901161193847656e-08,0.00011650834494503215,2026092703,coupled_lag4
behavior.2,28,54,1.4901161193847656e-08,0.00015781998808961362,2026092703,coupled_lag4
time.0,28,55,2.9802322387695312e-08,0.0005868090083822608,2026092703,coupled_lag4
time.1,28,55,2.2351741790771484e-08,0.000188745281775482,2026092703,coupled_lag4
time.2,28,55,2.2351741790771484e-08,0.0006952062831260264,2026092703,coupled_lag4
behavior.0,28,55,1.4901161193847656e-08,0.0002710040134843439,2026092703,coupled_lag4
behavior.1,28,55,7.450580596923828e-09,0.00010448140528751537,2026092703,coupled_lag4
behavior.2,28,55,1.4901161193847656e-08,0.00014376018953043967,2026092703,coupled_lag4
time.0,28,56,1.4901161193847656e-08,0.0006155285518616438,2026092703,coupled_lag4
time.1,28,56,1.4901161193847656e-08,0.00019667796732392162,2026092703,coupled_lag4
time.2,28,56,2.2351741790771484e-08,0.0007135229534469545,2026092703,coupled_lag4
behavior.0,28,56,1.4901161193847656e-08,0.0002814655308611691,2026092703,coupled_lag4
behavior.1,28,56,1.4901161193847656e-08,0.00010188603482674807,2026092703,coupled_lag4
behavior.2,28,56,1.4901161193847656e-08,0.0001544951810501516,2026092703,coupled_lag4
time.0,28,57,2.9802322387695312e-08,0.000644768588244915,2026092703,coupled_lag4
time.1,28,57,1.4901161193847656e-08,0.00020601316646207124,2026092703,coupled_lag4
time.2,28,57,2.9802322387695312e-08,0.0007840361213311553,2026092703,coupled_lag4
behavior.0,28,57,1.4901161193847656e-08,0.0002848570002242923,2026092703,coupled_lag4
behavior.1,28,57,1.4901161193847656e-08,0.0001050299106282182,2026092703,coupled_lag4
behavior.2,28,57,1.1175870895385742e-08,0.00015761346730869263,2026092703,coupled_lag4
time.0,28,58,1.4901161193847656e-08,0.0005784266395494342,2026092703,coupled_lag4
time.1,28,58,1.1175870895385742e-08,0.00017258919251617044,2026092703,coupled_lag4
time.2,28,58,2.9802322387695312e-08,0.0006721174577251077,2026092703,coupled_lag4
behavior.0,28,58,1.4901161193847656e-08,0.0003051802923437208,2026092703,coupled_lag4
behavior.1,28,58,7.450580596923828e-09,0.00010976783960359171,2026092703,coupled_lag4
behavior.2,28,58,1.4901161193847656e-08,0.0001674142840784043,2026092703,coupled_lag4
time.0,28,59,2.2351741790771484e-08,0.0005929968319833279,2026092703,coupled_lag4
time.1,28,59,1.1175870895385742e-08,0.00018061247828882188,2026092703,coupled_lag4
time.2,28,59,2.9802322387695312e-08,0.0007199418032541871,2026092703,coupled_lag4
behavior.0,28,59,1.4901161193847656e-08,0.00026398582849651575,2026092703,coupled_lag4
behavior.1,28,59,1.1175870895385742e-08,0.0001048429767251946,2026092703,coupled_lag4
behavior.2,28,59,1.1175870895385742e-08,0.00014524822472594678,2026092703,coupled_lag4
time.0,28,60,2.2351741790771484e-08,0.000627353263553232,2026092703,coupled_lag4
time.1,28,60,1.4901161193847656e-08,0.00020467986178118736,2026092703,coupled_lag4
time.2,28,60,2.2351741790771484e-08,0.0008176842238754034,2026092703,coupled_lag4
behavior.0,28,60,1.4901161193847656e-08,0.00029035573243163526,2026092703,coupled_lag4
behavior.1,28,60,1.1175870895385742e-08,0.00010508976993151009,2026092703,coupled_lag4
behavior.2,28,60,1.4901161193847656e-08,0.00013858343299943954,2026092703,coupled_lag4
time.0,28,61,2.2351741790771484e-08,0.0005924060824327171,2026092703,coupled_lag4
time.1,28,61,1.4901161193847656e-08,0.00019209143647458404,2026092703,coupled_lag4
time.2,28,61,2.9802322387695312e-08,0.0007478076731786132,2026092703,coupled_lag4
behavior.0,28,61,1.4901161193847656e-08,0.00028505048248916864,2026092703,coupled_lag4
behavior.1,28,61,1.4901161193847656e-08,0.00010480063792783767,2026092703,coupled_lag4
behavior.2,28,61,1.4901161193847656e-08,0.00014872377505525947,2026092703,coupled_lag4
time.0,28,62,2.2351741790771484e-08,0.0006168868276290596,2026092703,coupled_lag4
time.1,28,62,1.1175870895385742e-08,0.00019082437211181968,2026092703,coupled_lag4
time.2,28,62,2.9802322387695312e-08,0.000697864277753979,2026092703,coupled_lag4
behavior.0,28,62,1.4901161193847656e-08,0.0002691621193662286,2026092703,coupled_lag4
behavior.1,28,62,1.4901161193847656e-08,0.00010494150046724826,2026092703,coupled_lag4
behavior.2,28,62,1.1175870895385742e-08,0.00014554045628756285,2026092703,coupled_lag4
time.0,28,63,2.9802322387695312e-08,0.0006334821810014546,2026092703,coupled_lag4
time.1,28,63,1.4901161193847656e-08,0.00019071467977482826,2026092703,coupled_lag4
time.2,28,63,5.960464477539063e-08,0.0007613005000166595,2026092703,coupled_lag4
behavior.0,28,63,1.4901161193847656e-08,0.0002782711526378989,2026092703,coupled_lag4
behavior.1,28,63,1.4901161193847656e-08,0.00011383902165107429,2026092703,coupled_lag4
behavior.2,28,63,1.4901161193847656e-08,0.00014470504538621753,2026092703,coupled_lag4
time.0,28,64,2.2351741790771484e-08,0.0007058729534037411,2026092703,coupled_lag4
time.1,28,64,1.4901161193847656e-08,0.00022238855308387429,2026092703,coupled_lag4
time.2,28,64,2.9802322387695312e-08,0.0008815419860184193,2026092703,coupled_lag4
behavior.0,28,64,2.2351741790771484e-08,0.0002828650176525116,2026092703,coupled_lag4
behavior.1,28,64,1.4901161193847656e-08,0.00010973473399644718,2026092703,coupled_lag4
behavior.2,28,64,1.4901161193847656e-08,0.0001636595552554354,2026092703,coupled_lag4
time.0,28,65,2.2351741790771484e-08,0.0005850133602507412,2026092703,coupled_lag4
time.1,28,65,1.1175870895385742e-08,0.00019618653459474444,2026092703,coupled_lag4
time.2,28,65,2.9802322387695312e-08,0.0007259157137013972,2026092703,coupled_lag4
behavior.0,28,65,2.2351741790771484e-08,0.0002762968360912055,2026092703,coupled_lag4
behavior.1,28,65,1.4901161193847656e-08,0.00011022885155398399,2026092703,coupled_lag4
behavior.2,28,65,1.1175870895385742e-08,0.00015752790204714984,2026092703,coupled_lag4
time.0,28,66,1.4901161193847656e-08,0.0006698482320643961,2026092703,coupled_lag4
time.1,28,66,2.2351741790771484e-08,0.00020885135745629668,2026092703,coupled_lag4
time.2,28,66,2.9802322387695312e-08,0.0008631187956780195,2026092703,coupled_lag4
behavior.0,28,66,2.2351741790771484e-08,0.0002900607942137867,2026092703,coupled_lag4
behavior.1,28,66,1.4901161193847656e-08,0.00010438179015181959,2026092703,coupled_lag4
behavior.2,28,66,1.4901161193847656e-08,0.00014607638877350837,2026092703,coupled_lag4
time.0,28,67,1.4901161193847656e-08,0.0005829668953083456,2026092703,coupled_lag4
time.1,28,67,1.1175870895385742e-08,0.00018617810565046966,2026092703,coupled_lag4
time.2,28,67,2.2351741790771484e-08,0.0006772096385248005,2026092703,coupled_lag4
behavior.0,28,67,1.4901161193847656e-08,0.00027137561119161546,2026092703,coupled_lag4
behavior.1,28,67,1.4901161193847656e-08,0.0001041836294461973,2026092703,coupled_lag4
behavior.2,28,67,1.4901161193847656e-08,0.00014298991300165653,2026092703,coupled_lag4
time.0,28,68,1.4901161193847656e-08,0.0006723050610162318,2026092703,coupled_lag4
time.1,28,68,1.4901161193847656e-08,0.00021108437795192003,2026092703,coupled_lag4
time.2,28,68,4.470348358154297e-08,0.0008443393744528294,2026092703,coupled_lag4
behavior.0,28,68,1.4901161193847656e-08,0.00025641199317760766,2026092703,coupled_lag4
behavior.1,28,68,1.4901161193847656e-08,0.00011294962314423174,2026092703,coupled_lag4
behavior.2,28,68,1.1175870895385742e-08,0.00013337058771867305,2026092703,coupled_lag4
time.0,28,69,2.2351741790771484e-08,0.0006424192688427866,2026092703,coupled_lag4
time.1,28,69,7.450580596923828e-09,0.00021329463925212622,2026092703,coupled_lag4
time.2,28,69,2.9802322387695312e-08,0.0007908608531579375,2026092703,coupled_lag4
behavior.0,28,69,2.2351741790771484e-08,0.00027989866794086993,2026092703,coupled_lag4
behavior.1,28,69,1.1175870895385742e-08,0.00010337241110391915,2026092703,coupled_lag4
behavior.2,28,69,1.1175870895385742e-08,0.00014744936197530478,2026092703,coupled_lag4
time.0,28,70,1.4901161193847656e-08,0.0006573855062015355,2026092703,coupled_lag4
time.1,28,70,1.4901161193847656e-08,0.00022707012249156833,2026092703,coupled_lag4
time.2,28,70,2.9802322387695312e-08,0.0008104887674562633,2026092703,coupled_lag4
behavior.0,28,70,2.2351741790771484e-08,0.00026993296341970563,2026092703,coupled_lag4
behavior.1,28,70,1.4901161193847656e-08,0.00010397367441328242,2026092703,coupled_lag4
behavior.2,28,70,1.4901161193847656e-08,0.0001349838130408898,2026092703,coupled_lag4
time.0,28,71,1.4901161193847656e-08,0.000544205482583493,2026092703,coupled_lag4
time.1,28,71,1.4901161193847656e-08,0.00017630572256166488,2026092703,coupled_lag4
time.2,28,71,2.2351741790771484e-08,0.000606992281973362,2026092703,coupled_lag4
behavior.0,28,71,1.4901161193847656e-08,0.0002739939372986555,2026092703,coupled_lag4
behavior.1,28,71,1.4901161193847656e-08,0.00010444003419252113,2026092703,coupled_lag4
behavior.2,28,71,1.4901161193847656e-08,0.00014777097385376692,2026092703,coupled_lag4
time.0,28,72,1.4901161193847656e-08,0.0005699130124412477,2026092703,coupled_lag4
time.1,28,72,1.1175870895385742e-08,0.00018814505892805755,2026092703,coupled_lag4
time.2,28,72,2.2351741790771484e-08,0.0007030398119240999,2026092703,coupled_lag4
behavior.0,28,72,1.4901161193847656e-08,0.00029068137519061565,2026092703,coupled_lag4
behavior.1,28,72,1.4901161193847656e-08,0.00010663256398402154,2026092703,coupled_lag4
behavior.2,28,72,1.1175870895385742e-08,0.00017105272854678333,2026092703,coupled_lag4
time.0,28,73,1.4901161193847656e-08,0.0006180144264362752,2026092703,coupled_lag4
time.1,28,73,1.4901161193847656e-08,0.00021062239829916507,2026092703,coupled_lag4
time.2,28,73,2.2351741790771484e-08,0.0007500766078010201,2026092703,coupled_lag4
behavior.0,28,73,2.2351741790771484e-08,0.0002716255548875779,2026092703,coupled_lag4
behavior.1,28,73,1.1175870895385742e-08,0.00010490592831047252,2026092703,coupled_lag4
behavior.2,28,73,1.4901161193847656e-08,0.00013897856115363538,2026092703,coupled_lag4
time.0,28,74,2.9802322387695312e-08,0.0006257507484406233,2026092703,coupled_lag4
time.1,28,74,1.4901161193847656e-08,0.0002138044364983216,2026092703,coupled_lag4
time.2,28,74,2.9802322387695312e-08,0.0007311063236556947,2026092703,coupled_lag4
behavior.0,28,74,1.4901161193847656e-08,0.00026406883262097836,2026092703,coupled_lag4
behavior.1,28,74,1.4901161193847656e-08,0.00010449613182572648,2026092703,coupled_lag4
behavior.2,28,74,1.4901161193847656e-08,0.00014165726315695792,2026092703,coupled_lag4
time.0,28,75,2.9802322387695312e-08,0.0006328161107376218,2026092703,coupled_lag4
time.1,28,75,1.1175870895385742e-08,0.0002143682213500142,2026092703,coupled_lag4
time.2,28,75,2.9802322387695312e-08,0.0008093184442259371,2026092703,coupled_lag4
behavior.0,28,75,1.4901161193847656e-08,0.0002733150904532522,2026092703,coupled_lag4
behavior.1,28,75,7.450580596923828e-09,0.00010370320524089038,2026092703,coupled_lag4
behavior.2,28,75,1.4901161193847656e-08,0.00016256886010523885,2026092703,coupled_lag4
time.0,28,76,2.9802322387695312e-08,0.0006493907421827316,2026092703,coupled_lag4
time.1,28,76,1.1175870895385742e-08,0.00021038511476945132,2026092703,coupled_lag4
time.2,28,76,2.9802322387695312e-08,0.000811662117484957,2026092703,coupled_lag4
behavior.0,28,76,1.4901161193847656e-08,0.0002607450296636671,2026092703,coupled_lag4
behavior.1,28,76,1.4901161193847656e-08,0.0001122802568715997,2026092703,coupled_lag4
behavior.2,28,76,1.1175870895385742e-08,0.00015219533815979958,2026092703,coupled_lag4
time.0,28,77,2.2351741790771484e-08,0.0006134507711976767,2026092703,coupled_lag4
time.1,28,77,1.4901161193847656e-08,0.00021309583098627627,2026092703,coupled_lag4
time.2,28,77,2.2351741790771484e-08,0.0007358822622336447,2026092703,coupled_lag4
behavior.0,28,77,1.4901161193847656e-08,0.0002923523134086281,2026092703,coupled_lag4
behavior.1,28,77,1.4901161193847656e-08,0.000122395547805354,2026092703,coupled_lag4
behavior.2,28,77,1.4901161193847656e-08,0.0001714635145617649,2026092703,coupled_lag4
time.0,28,78,2.2351741790771484e-08,0.000587591843213886,2026092703,coupled_lag4
time.1,28,78,1.1175870895385742e-08,0.00019485926895868033,2026092703,coupled_lag4
time.2,28,78,2.2351741790771484e-08,0.0007398513262160122,2026092703,coupled_lag4
behavior.0,28,78,2.2351741790771484e-08,0.00027973996475338936,2026092703,coupled_lag4
behavior.1,28,78,1.4901161193847656e-08,0.000101883641036693,2026092703,coupled_lag4
behavior.2,28,78,1.4901161193847656e-08,0.00014843294047750533,2026092703,coupled_lag4
time.0,28,79,2.2351741790771484e-08,0.0005514470394700766,2026092703,coupled_lag4
time.1,28,79,7.450580596923828e-09,0.0001780371239874512,2026092703,coupled_lag4
time.2,28,79,2.2351741790771484e-08,0.0006544174975715578,2026092703,coupled_lag4
behavior.0,28,79,1.4901161193847656e-08,0.0002758472692221403,2026092703,coupled_lag4
behavior.1,28,79,1.4901161193847656e-08,0.00010376248246757314,2026092703,coupled_lag4
behavior.2,28,79,1.4901161193847656e-08,0.00014845136320218444,2026092703,coupled_lag4
time.0,28,80,2.2351741790771484e-08,0.0006487080827355385,2026092703,coupled_lag4
time.1,28,80,1.4901161193847656e-08,0.00021279091015458107,2026092703,coupled_lag4
time.2,28,80,2.9802322387695312e-08,0.0008377241902053356,2026092703,coupled_lag4
behavior.0,28,80,2.2351741790771484e-08,0.0002923673018813133,2026092703,coupled_lag4
behavior.1,28,80,1.4901161193847656e-08,0.00010726755863288417,2026092703,coupled_lag4
behavior.2,28,80,1.4901161193847656e-08,0.000180772491148673,2026092703,coupled_lag4
time.0,28,81,1.4901161193847656e-08,0.0006454900722019374,2026092703,coupled_lag4
time.1,28,81,1.4901161193847656e-08,0.0002262995985802263,2026092703,coupled_lag4
time.2,28,81,2.9802322387695312e-08,0.0008715367875993252,2026092703,coupled_lag4
behavior.0,28,81,1.4901161193847656e-08,0.00028347756597213447,2026092703,coupled_lag4
behavior.1,28,81,1.4901161193847656e-08,0.00010470017150510103,2026092703,coupled_lag4
behavior.2,28,81,1.4901161193847656e-08,0.00013369201042223722,2026092703,coupled_lag4
time.0,28,82,1.4901161193847656e-08,0.0005886963335797191,2026092703,coupled_lag4
time.1,28,82,1.4901161193847656e-08,0.00020706206851173192,2026092703,coupled_lag4
time.2,28,82,2.9802322387695312e-08,0.0007704369490966201,2026092703,coupled_lag4
behavior.0,28,82,2.2351741790771484e-08,0.0002726104576140642,2026092703,coupled_lag4
behavior.1,28,82,1.4901161193847656e-08,0.00010529651626711711,2026092703,coupled_lag4
behavior.2,28,82,1.1175870895385742e-08,0.0001449983101338148,2026092703,coupled_lag4
time.0,28,83,1.4901161193847656e-08,0.0006954267155379057,2026092703,coupled_lag4
time.1,28,83,1.4901161193847656e-08,0.00023718469310551882,2026092703,coupled_lag4
time.2,28,83,2.9802322387695312e-08,0.000992106506600976,2026092703,coupled_lag4
behavior.0,28,83,2.2351741790771484e-08,0.000284878391539678,2026092703,coupled_lag4
behavior.1,28,83,1.4901161193847656e-08,0.00010477562318556011,2026092703,coupled_lag4
behavior.2,28,83,1.1175870895385742e-08,0.00013937702169641852,2026092703,coupled_lag4
time.0,28,84,1.4901161193847656e-08,0.0006335987709462643,2026092703,coupled_lag4
time.1,28,84,1.4901161193847656e-08,0.00020829719142057002,2026092703,coupled_lag4
time.2,28,84,2.2351741790771484e-08,0.0008360598003491759,2026092703,coupled_lag4
behavior.0,28,84,1.4901161193847656e-08,0.0002779008646029979,2026092703,coupled_lag4
behavior.1,28,84,1.4901161193847656e-08,0.00011123772128485143,2026092703,coupled_lag4
behavior.2,28,84,1.4901161193847656e-08,0.00014653494872618467,2026092703,coupled_lag4
time.0,28,85,2.9802322387695312e-08,0.0005823092069476843,2026092703,coupled_lag4
time.1,28,85,1.4901161193847656e-08,0.00019392721878830343,2026092703,coupled_lag4
time.2,28,85,2.2351741790771484e-08,0.0008127110777422786,2026092703,coupled_lag4
behavior.0,28,85,1.4901161193847656e-08,0.00028632496832869947,2026092703,coupled_lag4
behavior.1,28,85,1.4901161193847656e-08,0.0001110104494728148,2026092703,coupled_lag4
behavior.2,28,85,7.450580596923828e-09,0.00014490105968434364,2026092703,coupled_lag4
time.0,28,86,2.9802322387695312e-08,0.0005995426326990128,2026092703,coupled_lag4
time.1,28,86,1.1175870895385742e-08,0.00020311538537498564,2026092703,coupled_lag4
time.2,28,86,2.2351741790771484e-08,0.0007935176254250109,2026092703,coupled_lag4
behavior.0,28,86,1.4901161193847656e-08,0.0002941041311714798,2026092703,coupled_lag4
behavior.1,28,86,7.450580596923828e-09,0.00010842670599231496,2026092703,coupled_lag4
behavior.2,28,86,7.450580596923828e-09,0.00014994486991781741,2026092703,coupled_lag4
time.0,28,87,1.4901161193847656e-08,0.00059505581157282,2026092703,coupled_lag4
time.1,28,87,1.4901161193847656e-08,0.00019533916201908141,2026092703,coupled_lag4
time.2,28,87,4.470348358154297e-08,0.0007812129915691912,2026092703,coupled_lag4
behavior.0,28,87,1.4901161193847656e-08,0.00028833741089329123,2026092703,coupled_lag4
behavior.1,28,87,1.4901161193847656e-08,0.00010039038897957653,2026092703,coupled_lag4
behavior.2,28,87,2.2351741790771484e-08,0.00015753305342514068,2026092703,coupled_lag4
time.0,28,88,1.4901161193847656e-08,0.0005655970307998359,2026092703,coupled_lag4
time.1,28,88,1.1175870895385742e-08,0.0001924505631905049,2026092703,coupled_lag4
time.2,28,88,2.9802322387695312e-08,0.0007553017348982394,2026092703,coupled_lag4
behavior.0,28,88,1.4901161193847656e-08,0.00028718123212456703,2026092703,coupled_lag4
behavior.1,28,88,7.450580596923828e-09,0.00010704148007789627,2026092703,coupled_lag4
behavior.2,28,88,1.4901161193847656e-08,0.0001567245344631374,2026092703,coupled_lag4
time.0,28,89,1.4901161193847656e-08,0.0005511940689757466,2026092703,coupled_lag4
time.1,28,89,1.1175870895385742e-08,0.00018666029791347682,2026092703,coupled_lag4
time.2,28,89,2.9802322387695312e-08,0.0007520830840803683,2026092703,coupled_lag4
behavior.0,28,89,1.4901161193847656e-08,0.000276857812423259,2026092703,coupled_lag4
behavior.1,28,89,7.450580596923828e-09,0.00011271030234638602,2026092703,coupled_lag4
behavior.2,28,89,1.1175870895385742e-08,0.00013054718147031963,2026092703,coupled_lag4
time.0,28,90,2.2351741790771484e-08,0.0006069462979212403,2026092703,coupled_lag4
time.1,28,90,1.4901161193847656e-08,0.0002042653359239921,2026092703,coupled_lag4
time.2,28,90,1.4901161193847656e-08,0.000798872031737119,2026092703,coupled_lag4
behavior.0,28,90,2.2351741790771484e-08,0.00029148621251806617,2026092703,coupled_lag4
behavior.1,28,90,1.4901161193847656e-08,0.00010241689597023651,2026092703,coupled_lag4
behavior.2,28,90,1.4901161193847656e-08,0.00016179827798623592,2026092703,coupled_lag4
time.0,28,91,2.2351741790771484e-08,0.0005136264953762293,2026092703,coupled_lag4
time.1,28,91,1.1175870895385742e-08,0.00016917558968998492,2026092703,coupled_lag4
time.2,28,91,2.2351741790771484e-08,0.0006311582401394844,2026092703,coupled_lag4
behavior.0,28,91,1.4901161193847656e-08,0.0002794018655549735,2026092703,coupled_lag4
behavior.1,28,91,2.2351741790771484e-08,0.0001113096805056557,2026092703,coupled_lag4
behavior.2,28,91,1.4901161193847656e-08,0.00014899887901265174,2026092703,coupled_lag4
time.0,28,92,1.4901161193847656e-08,0.0005681951297447085,2026092703,coupled_lag4
time.1,28,92,1.1175870895385742e-08,0.00018832244677469134,2026092703,coupled_lag4
time.2,28,92,2.2351741790771484e-08,0.0007137630600482225,2026092703,coupled_lag4
behavior.0,28,92,1.4901161193847656e-08,0.00028215389465913177,2026092703,coupled_lag4
behavior.1,28,92,1.1175870895385742e-08,0.00010732232476584613,2026092703,coupled_lag4
behavior.2,28,92,1.4901161193847656e-08,0.00015129482198972255,2026092703,coupled_lag4
time.0,28,93,2.2351741790771484e-08,0.0006062214961275458,2026092703,coupled_lag4
time.1,28,93,1.1175870895385742e-08,0.00019525285460986197,2026092703,coupled_lag4
time.2,28,93,2.2351741790771484e-08,0.0008435281924903393,2026092703,coupled_lag4
behavior.0,28,93,2.2351741790771484e-08,0.0002890452742576599,2026092703,coupled_lag4
behavior.1,28,93,1.1175870895385742e-08,0.00011300901678623632,2026092703,coupled_lag4
behavior.2,28,93,1.1175870895385742e-08,0.00015213291044346988,2026092703,coupled_lag4
time.0,28,94,2.2351741790771484e-08,0.0005185509799048305,2026092703,coupled_lag4
time.1,28,94,1.1175870895385742e-08,0.0001698910928098485,2026092703,coupled_lag4
time.2,28,94,1.4901161193847656e-08,0.0006330411997623742,2026092703,coupled_lag4
behavior.0,28,94,1.4901161193847656e-08,0.0002689557150006294,2026092703,coupled_lag4
behavior.1,28,94,1.4901161193847656e-08,0.00011131186329293996,2026092703,coupled_lag4
behavior.2,28,94,1.1175870895385742e-08,0.00014817892224527895,2026092703,coupled_lag4
time.0,28,95,1.4901161193847656e-08,0.000649318506475538,2026092703,coupled_lag4
time.1,28,95,1.4901161193847656e-08,0.00021494526299647987,2026092703,coupled_lag4
time.2,28,95,4.470348358154297e-08,0.0008980605052784085,2026092703,coupled_lag4
behavior.0,28,95,1.4901161193847656e-08,0.0002652532421052456,2026092703,coupled_lag4
behavior.1,28,95,1.4901161193847656e-08,0.00010397830919828266,2026092703,coupled_lag4
behavior.2,28,95,1.4901161193847656e-08,0.00015354948118329048,2026092703,coupled_lag4
time.0,28,96,2.2351741790771484e-08,0.0006120981997810304,2026092703,coupled_lag4
time.1,28,96,1.1175870895385742e-08,0.00019857331062667072,2026092703,coupled_lag4
time.2,28,96,2.9802322387695312e-08,0.0007758139399811625,2026092703,coupled_lag4
behavior.0,28,96,2.2351741790771484e-08,0.00028988937265239656,2026092703,coupled_lag4
behavior.1,28,96,1.4901161193847656e-08,0.0001132692996179685,2026092703,coupled_lag4
behavior.2,28,96,1.4901161193847656e-08,0.00014516392548102885,2026092703,coupled_lag4
time.0,28,97,2.2351741790771484e-08,0.0006394941592589021,2026092703,coupled_lag4
time.1,28,97,1.1175870895385742e-08,0.00020100285473745316,2026092703,coupled_lag4
time.2,28,97,2.9802322387695312e-08,0.0007846083608455956,2026092703,coupled_lag4
behavior.0,28,97,1.4901161193847656e-08,0.00030362786492332816,2026092703,coupled_lag4
behavior.1,28,97,1.4901161193847656e-08,0.0001202738203573972,2026092703,coupled_lag4
behavior.2,28,97,1.4901161193847656e-08,0.00019230000907555223,2026092703,coupled_lag4
time.0,28,98,1.4901161193847656e-08,0.0005677075241692364,2026092703,coupled_lag4
time.1,28,98,1.4901161193847656e-08,0.00018330624152440578,2026092703,coupled_lag4
time.2,28,98,2.2351741790771484e-08,0.0006798399845138192,2026092703,coupled_lag4
behavior.0,28,98,1.4901161193847656e-08,0.00026823527878150344,2026092703,coupled_lag4
behavior.1,28,98,1.1175870895385742e-08,0.00010546294652158394,2026092703,coupled_lag4
behavior.2,28,98,1.4901161193847656e-08,0.00014558801194652915,2026092703,coupled_lag4
time.0,28,99,1.4901161193847656e-08,0.0005872178007848561,2026092703,coupled_lag4
time.1,28,99,1.4901161193847656e-08,0.00018490091315470636,2026092703,coupled_lag4
time.2,28,99,2.9802322387695312e-08,0.0007581558311358094,2026092703,coupled_lag4
behavior.0,28,99,2.2351741790771484e-08,0.0002968391345348209,2026092703,coupled_lag4
behavior.1,28,99,1.4901161193847656e-08,0.0001103424874600023,2026092703,coupled_lag4
behavior.2,28,99,1.4901161193847656e-08,0.00015191457350738347,2026092703,coupled_lag4
time.0,28,100,2.2351741790771484e-08,0.0006059895385988057,2026092703,coupled_lag4
time.1,28,100,1.4901161193847656e-08,0.00019235436047893018,2026092703,coupled_lag4
time.2,28,100,2.9802322387695312e-08,0.0008044506539590657,2026092703,coupled_lag4
behavior.0,28,100,1.4901161193847656e-08,0.00028266903245821595,2026092703,coupled_lag4
behavior.1,28,100,1.4901161193847656e-08,0.00010938518244074658,2026092703,coupled_lag4
behavior.2,28,100,1.1175870895385742e-08,0.00014396646292880177,2026092703,coupled_lag4
time.0,28,101,1.4901161193847656e-08,0.0006040710140950978,2026092703,coupled_lag4
time.1,28,101,1.1175870895385742e-08,0.00019137396884616464,2026092703,coupled_lag4
time.2,28,101,2.2351741790771484e-08,0.000759542512241751,2026092703,coupled_lag4
behavior.0,28,101,1.4901161193847656e-08,0.0002633039257489145,2026092703,coupled_lag4
behavior.1,28,101,1.1175870895385742e-08,0.00010619696695357561,2026092703,coupled_lag4
behavior.2,28,101,1.4901161193847656e-08,0.00014849731815047562,2026092703,coupled_lag4
time.0,28,102,2.2351741790771484e-08,0.0006235477630980313,2026092703,coupled_lag4
time.1,28,102,1.1175870895385742e-08,0.00019844234338961542,2026092703,coupled_lag4
time.2,28,102,2.2351741790771484e-08,0.0007548106368631124,2026092703,coupled_lag4
behavior.0,28,102,1.4901161193847656e-08,0.00028049247339367867,2026092703,coupled_lag4
behavior.1,28,102,1.4901161193847656e-08,0.00011231668759137392,2026092703,coupled_lag4
behavior.2,28,102,1.1175870895385742e-08,0.0001366807846352458,2026092703,coupled_lag4
time.0,28,103,2.2351741790771484e-08,0.0005855692434124649,2026092703,coupled_lag4
time.1,28,103,1.1175870895385742e-08,0.00018294333131052554,2026092703,coupled_lag4
time.2,28,103,1.4901161193847656e-08,0.0007013301947154105,2026092703,coupled_lag4
behavior.0,28,103,1.4901161193847656e-08,0.00029396958416327834,2026092703,coupled_lag4
behavior.1,28,103,1.4901161193847656e-08,0.00010440339974593371,2026092703,coupled_lag4
behavior.2,28,103,1.4901161193847656e-08,0.00014677175204269588,2026092703,coupled_lag4
time.0,28,104,2.2351741790771484e-08,0.0005607769126072526,2026092703,coupled_lag4
time.1,28,104,1.4901161193847656e-08,0.0001673338992986828,2026092703,coupled_lag4
time.2,28,104,1.4901161193847656e-08,0.0006400889833457768,2026092703,coupled_lag4
behavior.0,28,104,1.4901161193847656e-08,0.00025457210722379386,2026092703,coupled_lag4
behavior.1,28,104,1.1175870895385742e-08,0.0001057586632668972,2026092703,coupled_lag4
behavior.2,28,104,1.1175870895385742e-08,0.00013576587662100792,2026092703,coupled_lag4
time.0,28,105,1.4901161193847656e-08,0.0005869038868695498,2026092703,coupled_lag4
time.1,28,105,1.4901161193847656e-08,0.00018047347839456052,2026092703,coupled_lag4
time.2,28,105,2.9802322387695312e-08,0.0007906895480118692,2026092703,coupled_lag4
behavior.0,28,105,2.2351741790771484e-08,0.00027965701883658767,2026092703,coupled_lag4
behavior.1,28,105,1.4901161193847656e-08,0.00011212102981517091,2026092703,coupled_lag4
behavior.2,28,105,1.1175870895385742e-08,0.0001684849412413314,2026092703,coupled_lag4
time.0,28,106,1.4901161193847656e-08,0.0005751896533183753,2026092703,coupled_lag4
time.1,28,106,1.1175870895385742e-08,0.00017173592641483992,2026092703,coupled_lag4
time.2,28,106,2.9802322387695312e-08,0.0007332771783694625,2026092703,coupled_lag4
behavior.0,28,106,1.4901161193847656e-08,0.00029015770996920764,2026092703,coupled_lag4
behavior.1,28,106,1.4901161193847656e-08,0.00010778685827972367,2026092703,coupled_lag4
behavior.2,28,106,1.1175870895385742e-08,0.0001599459646968171,2026092703,coupled_lag4
time.0,28,107,2.2351741790771484e-08,0.0006189626874402165,2026092703,coupled_lag4
time.1,28,107,1.4901161193847656e-08,0.0001837401941884309,2026092703,coupled_lag4
time.2,28,107,2.9802322387695312e-08,0.0007999224471859634,2026092703,coupled_lag4
behavior.0,28,107,1.4901161193847656e-08,0.0002818613429553807,2026092703,coupled_lag4
behavior.1,28,107,1.4901161193847656e-08,0.00010601516260067001,2026092703,coupled_lag4
behavior.2,28,107,1.4901161193847656e-08,0.00014545452722813934,2026092703,coupled_lag4
time.0,28,108,2.2351741790771484e-08,0.0005703663919121027,2026092703,coupled_lag4
time.1,28,108,1.1175870895385742e-08,0.00017408492567483336,2026092703,coupled_lag4
time.2,28,108,2.2351741790771484e-08,0.000686340092215687,2026092703,coupled_lag4
behavior.0,28,108,1.4901161193847656e-08,0.00029396419995464385,2026092703,coupled_lag4
behavior.1,28,108,1.4901161193847656e-08,0.00010883803042815998,2026092703,coupled_lag4
behavior.2,28,108,1.4901161193847656e-08,0.00015767934382893145,2026092703,coupled_lag4
time.0,28,109,2.2351741790771484e-08,0.0006131933187134564,2026092703,coupled_lag4
time.1,28,109,1.4901161193847656e-08,0.00018521786842029542,2026092703,coupled_lag4
time.2,28,109,1.4901161193847656e-08,0.0007720335270278156,2026092703,coupled_lag4
behavior.0,28,109,2.2351741790771484e-08,0.00028698629466816783,2026092703,coupled_lag4
behavior.1,28,109,1.4901161193847656e-08,0.0001125165363191627,2026092703,coupled_lag4
behavior.2,28,109,1.1175870895385742e-08,0.00014575611567124724,2026092703,coupled_lag4
time.0,28,110,2.2351741790771484e-08,0.0006515441928058863,2026092703,coupled_lag4
time.1,28,110,1.1175870895385742e-08,0.00019524530216585845,2026092703,coupled_lag4
time.2,28,110,2.9802322387695312e-08,0.0008346969843842089,2026092703,coupled_lag4
behavior.0,28,110,1.4901161193847656e-08,0.0002788651327136904,2026092703,coupled_lag4
behavior.1,28,110,1.4901161193847656e-08,0.00010176953219342977,2026092703,coupled_lag4
behavior.2,28,110,1.1175870895385742e-08,0.00014004079275764525,2026092703,coupled_lag4
time.0,28,111,2.2351741790771484e-08,0.0006227762205526233,2026092703,coupled_lag4
time.1,28,111,1.1175870895385742e-08,0.00018575724971015006,2026092703,coupled_lag4
time.2,28,111,2.9802322387695312e-08,0.0008270632824860513,2026092703,coupled_lag4
behavior.0,28,111,1.4901161193847656e-08,0.0002880464890040457,2026092703,coupled_lag4
behavior.1,28,111,1.4901161193847656e-08,0.000106371684523765,2026092703,coupled_lag4
behavior.2,28,111,1.1175870895385742e-08,0.00014087856106925756,2026092703,coupled_lag4
time.0,28,112,2.2351741790771484e-08,0.0006323428824543953,2026092703,coupled_lag4
time.1,28,112,1.4901161193847656e-08,0.00018841997371055186,2026092703,coupled_lag4
time.2,28,112,2.9802322387695312e-08,0.0007754656253382564,2026092703,coupled_lag4
behavior.0,28,112,1.4901161193847656e-08,0.00028152737650088966,2026092703,coupled_lag4
behavior.1,28,112,1.4901161193847656e-08,0.00010126438428414986,2026092703,coupled_lag4
behavior.2,28,112,1.1175870895385742e-08,0.00015007215552031994,2026092703,coupled_lag4
time.0,28,113,1.4901161193847656e-08,0.0006450297078117728,2026092703,coupled_lag4
time.1,28,113,1.1175870895385742e-08,0.0001986277347896248,2026092703,coupled_lag4
time.2,28,113,2.9802322387695312e-08,0.0007847264059819281,2026092703,coupled_lag4
behavior.0,28,113,2.2351741790771484e-08,0.0002749896375462413,2026092703,coupled_lag4
behavior.1,28,113,1.1175870895385742e-08,0.00010544976976234466,2026092703,coupled_lag4
behavior.2,28,113,1.4901161193847656e-08,0.00015192467253655195,2026092703,coupled_lag4
time.0,28,114,1.4901161193847656e-08,0.000605287030339241,2026092703,coupled_lag4
time.1,28,114,1.4901161193847656e-08,0.0001862185454228893,2026092703,coupled_lag4
time.2,28,114,2.2351741790771484e-08,0.0007428865064866841,2026092703,coupled_lag4
behavior.0,28,114,1.4901161193847656e-08,0.00029148219618946314,2026092703,coupled_lag4
behavior.1,28,114,7.450580596923828e-09,9.978827438317239e-05,2026092703,coupled_lag4
behavior.2,28,114,1.4901161193847656e-08,0.00015927873027976602,2026092703,coupled_lag4
time.0,28,115,2.9802322387695312e-08,0.0006019514985382557,2026092703,coupled_lag4
time.1,28,115,1.1175870895385742e-08,0.0001874643930932507,2026092703,coupled_lag4
time.2,28,115,1.4901161193847656e-08,0.0006644741515628994,2026092703,coupled_lag4
behavior.0,28,115,2.9802322387695312e-08,0.0002809767611324787,2026092703,coupled_lag4
behavior.1,28,115,1.1175870895385742e-08,0.00010408494563307613,2026092703,coupled_lag4
behavior.2,28,115,1.4901161193847656e-08,0.00016457030142191797,2026092703,coupled_lag4
time.0,28,116,1.4901161193847656e-08,0.0005394297186285257,2026092703,coupled_lag4
time.1,28,116,1.1175870895385742e-08,0.00017166220641229302,2026092703,coupled_lag4
time.2,28,116,1.4901161193847656e-08,0.0006122983177192509,2026092703,coupled_lag4
behavior.0,28,116,1.4901161193847656e-08,0.00028586789267137647,2026092703,coupled_lag4
behavior.1,28,116,7.450580596923828e-09,0.00010412882693344727,2026092703,coupled_lag4
behavior.2,28,116,1.4901161193847656e-08,0.00015614375297445804,2026092703,coupled_lag4
time.0,28,117,2.2351741790771484e-08,0.0006057076388970017,2026092703,coupled_lag4
time.1,28,117,1.4901161193847656e-08,0.00018952244136016816,2026092703,coupled_lag4
time.2,28,117,2.9802322387695312e-08,0.0007212219061329961,2026092703,coupled_lag4
behavior.0,28,117,1.4901161193847656e-08,0.00029531223117373884,2026092703,coupled_lag4
behavior.1,28,117,7.450580596923828e-09,0.00010787701467052102,2026092703,coupled_lag4
behavior.2,28,117,1.4901161193847656e-08,0.00014222324534785002,2026092703,coupled_lag4
time.0,28,118,1.862645149230957e-08,0.0006203234661370516,2026092703,coupled_lag4
time.1,28,118,1.1175870895385742e-08,0.00018803015700541437,2026092703,coupled_lag4
time.2,28,118,2.2351741790771484e-08,0.0007017140742391348,2026092703,coupled_lag4
behavior.0,28,118,1.4901161193847656e-08,0.0002886105503421277,2026092703,coupled_lag4
behavior.1,28,118,1.4901161193847656e-08,0.00010956184269161895,2026092703,coupled_lag4
behavior.2,28,118,1.862645149230957e-08,0.0001668797485763207,2026092703,coupled_lag4
time.0,28,119,2.2351741790771484e-08,0.0007012324640527368,2026092703,coupled_lag4
time.1,28,119,1.1175870895385742e-08,0.0002176056441385299,2026092703,coupled_lag4
time.2,28,119,2.9802322387695312e-08,0.0008336584432981908,2026092703,coupled_lag4
behavior.0,28,119,1.4901161193847656e-08,0.0002965847961604595,2026092703,coupled_lag4
behavior.1,28,119,1.4901161193847656e-08,0.00010314625251339749,2026092703,coupled_lag4
behavior.2,28,119,7.450580596923828e-09,0.00014759856276214123,2026092703,coupled_lag4
time.0,28,120,2.2351741790771484e-08,0.0005659794551320374,2026092703,coupled_lag4
time.1,28,120,1.1175870895385742e-08,0.0001746198977343738,2026092703,coupled_lag4
time.2,28,120,1.4901161193847656e-08,0.0006609858828596771,2026092703,coupled_lag4
behavior.0,28,120,2.2351741790771484e-08,0.00028454273706302047,2026092703,coupled_lag4
behavior.1,28,120,1.4901161193847656e-08,0.00011264516797382385,2026092703,coupled_lag4
behavior.2,28,120,1.4901161193847656e-08,0.0001631409686524421,2026092703,coupled_lag4
time.0,28,121,2.9802322387695312e-08,0.0006601727800443769,2026092703,coupled_lag4
time.1,28,121,1.4901161193847656e-08,0.00019945974054280668,2026092703,coupled_lag4
time.2,28,121,2.9802322387695312e-08,0.0008044897695071995,2026092703,coupled_lag4
behavior.0,28,121,1.4901161193847656e-08,0.0002848325821105391,2026092703,coupled_lag4
behavior.1,28,121,1.4901161193847656e-08,0.00010896527965087444,2026092703,coupled_lag4
behavior.2,28,121,1.4901161193847656e-08,0.0001622621202841401,2026092703,coupled_lag4
time.0,28,122,1.4901161193847656e-08,0.000621702172793448,2026092703,coupled_lag4
time.1,28,122,1.4901161193847656e-08,0.00019403568876441568,2026092703,coupled_lag4
time.2,28,122,2.9802322387695312e-08,0.0007334215333685279,2026092703,coupled_lag4
behavior.0,28,122,2.2351741790771484e-08,0.00030262916698120534,2026092703,coupled_lag4
behavior.1,28,122,1.4901161193847656e-08,0.00010994521289831027,2026092703,coupled_lag4
behavior.2,28,122,1.1175870895385742e-08,0.00016129334107972682,2026092703,coupled_lag4
time.0,28,123,2.2351741790771484e-08,0.0006518253940157592,2026092703,coupled_lag4
time.1,28,123,1.4901161193847656e-08,0.00020705447241198272,2026092703,coupled_lag4
time.2,28,123,2.9802322387695312e-08,0.00079204241046682,2026092703,coupled_lag4
behavior.0,28,123,1.4901161193847656e-08,0.0002832994796335697,2026092703,coupled_lag4
behavior.1,28,123,1.4901161193847656e-08,0.00010518896306166425,2026092703,coupled_lag4
behavior.2,28,123,1.4901161193847656e-08,0.00014998007100075483,2026092703,coupled_lag4
time.0,28,124,2.2351741790771484e-08,0.0006032426026649773,2026092703,coupled_lag4
time.1,28,124,1.1175870895385742e-08,0.00018470642680767924,2026092703,coupled_lag4
time.2,28,124,2.2351741790771484e-08,0.0007410475518554449,2026092703,coupled_lag4
behavior.0,28,124,1.4901161193847656e-08,0.0002871137985493988,2026092703,coupled_lag4
behavior.1,28,124,1.1175870895385742e-08,0.00010380023013567552,2026092703,coupled_lag4
behavior.2,28,124,1.4901161193847656e-08,0.00015071683446876705,2026092703,coupled_lag4
time.0,28,125,2.2351741790771484e-08,0.0005853548645973206,2026092703,coupled_lag4
time.1,28,125,1.1175870895385742e-08,0.00017198575369548053,2026092703,coupled_lag4
time.2,28,125,2.9802322387695312e-08,0.0007457800093106925,2026092703,coupled_lag4
behavior.0,28,125,1.4901161193847656e-08,0.0002859735977835953,2026092703,coupled_lag4
behavior.1,28,125,1.4901161193847656e-08,0.00011435462511144578,2026092703,coupled_lag4
behavior.2,28,125,1.4901161193847656e-08,0.00014578149421140552,2026092703,coupled_lag4
time.0,28,126,1.4901161193847656e-08,0.0006390026537701488,2026092703,coupled_lag4
time.1,28,126,7.450580596923828e-09,0.00018470277427695692,2026092703,coupled_lag4
time.2,28,126,2.9802322387695312e-08,0.0008134032832458615,2026092703,coupled_lag4
behavior.0,28,126,1.862645149230957e-08,0.00027476713876239955,2026092703,coupled_lag4
behavior.1,28,126,1.4901161193847656e-08,0.00010793275578180328,2026092703,coupled_lag4
behavior.2,28,126,1.4901161193847656e-08,0.00014882683171890676,2026092703,coupled_lag4
time.0,28,127,2.2351741790771484e-08,0.0006072929827496409,2026092703,coupled_lag4
time.1,28,127,1.4901161193847656e-08,0.0001788129738997668,2026092703,coupled_lag4
time.2,28,127,2.9802322387695312e-08,0.0007372752297669649,2026092703,coupled_lag4
behavior.0,28,127,2.2351741790771484e-08,0.0002861977554857731,2026092703,coupled_lag4
behavior.1,28,127,1.4901161193847656e-08,0.00010633766214596108,2026092703,coupled_lag4
behavior.2,28,127,7.450580596923828e-09,0.0001485883694840595,2026092703,coupled_lag4
time.0,28,128,1.4901161193847656e-08,0.0005730701959691942,2026092703,coupled_lag4
time.1,28,128,7.450580596923828e-09,0.0001635313092265278,2026092703,coupled_lag4
time.2,28,128,2.9802322387695312e-08,0.0006447716732509434,2026092703,coupled_lag4
behavior.0,28,128,2.2351741790771484e-08,0.0003020366420969367,2026092703,coupled_lag4
behavior.1,28,128,7.450580596923828e-09,0.00011138956324430183,2026092703,coupled_lag4
behavior.2,28,128,1.4901161193847656e-08,0.00016025789955165237,2026092703,coupled_lag4
time.0,28,129,2.2351741790771484e-08,0.0006540032918564975,2026092703,coupled_lag4
time.1,28,129,1.4901161193847656e-08,0.0001860267366282642,2026092703,coupled_lag4
time.2,28,129,2.9802322387695312e-08,0.0008191996021196246,2026092703,coupled_lag4
behavior.0,28,129,2.2351741790771484e-08,0.0002966203319374472,2026092703,coupled_lag4
behavior.1,28,129,7.450580596923828e-09,0.00010932287841569632,2026092703,coupled_lag4
behavior.2,28,129,1.1175870895385742e-08,0.0001537165662739426,2026092703,coupled_lag4
time.0,28,130,2.2351741790771484e-08,0.0006436476833187044,2026092703,coupled_lag4
time.1,28,130,1.4901161193847656e-08,0.00018616086163092405,2026092703,coupled_lag4
time.2,28,130,2.9802322387695312e-08,0.0007872237474657595,2026092703,coupled_lag4
behavior.0,28,130,1.4901161193847656e-08,0.00028301618294790387,2026092703,coupled_lag4
behavior.1,28,130,7.450580596923828e-09,0.00011323623766656965,2026092703,coupled_lag4
behavior.2,28,130,1.1175870895385742e-08,0.0001516152115073055,2026092703,coupled_lag4
time.0,28,131,1.4901161193847656e-08,0.0006593434372916818,2026092703,coupled_lag4
time.1,28,131,1.1175870895385742e-08,0.00020089602912776172,2026092703,coupled_lag4
time.2,28,131,2.9802322387695312e-08,0.0007902831421233714,2026092703,coupled_lag4
behavior.0,28,131,1.4901161193847656e-08,0.0002831672318279743,2026092703,coupled_lag4
behavior.1,28,131,1.4901161193847656e-08,0.00010870004916796461,2026092703,coupled_lag4
behavior.2,28,131,1.1175870895385742e-08,0.00014395726611837745,2026092703,coupled_lag4
time.0,28,132,2.9802322387695312e-08,0.0006915509584359825,2026092703,coupled_lag4
time.1,28,132,1.4901161193847656e-08,0.00020681059686467052,2026092703,coupled_lag4
time.2,28,132,4.470348358154297e-08,0.0008773899753578007,2026092703,coupled_lag4
behavior.0,28,132,1.4901161193847656e-08,0.0002735496964305639,2026092703,coupled_lag4
behavior.1,28,132,1.1175870895385742e-08,0.00011843830725410953,2026092703,coupled_lag4
behavior.2,28,132,1.4901161193847656e-08,0.0001357162109343335,2026092703,coupled_lag4
time.0,28,133,1.4901161193847656e-08,0.0005849678418599069,2026092703,coupled_lag4
time.1,28,133,1.1175870895385742e-08,0.00017826902330853045,2026092703,coupled_lag4
time.2,28,133,2.9802322387695312e-08,0.0007136316271498799,2026092703,coupled_lag4
behavior.0,28,133,1.4901161193847656e-08,0.0002897373342420906,2026092703,coupled_lag4
behavior.1,28,133,1.1175870895385742e-08,0.00010986586130456999,2026092703,coupled_lag4
behavior.2,28,133,1.4901161193847656e-08,0.00015062834427226335,2026092703,coupled_lag4
time.0,28,134,1.4901161193847656e-08,0.0006142000784166157,2026092703,coupled_lag4
time.1,28,134,1.4901161193847656e-08,0.00017904042033478618,2026092703,coupled_lag4
time.2,28,134,2.9802322387695312e-08,0.0007150572491809726,2026092703,coupled_lag4
behavior.0,28,134,1.4901161193847656e-08,0.0002755486057139933,2026092703,coupled_lag4
behavior.1,28,134,1.4901161193847656e-08,0.00010758324788184837,2026092703,coupled_lag4
behavior.2,28,134,1.4901161193847656e-08,0.00015944120241329074,2026092703,coupled_lag4
time.0,28,135,2.2351741790771484e-08,0.0006763000274077058,2026092703,coupled_lag4
time.1,28,135,1.4901161193847656e-08,0.00019800590234808624,2026092703,coupled_lag4
time.2,28,135,2.9802322387695312e-08,0.0008332337602041662,2026092703,coupled_lag4
behavior.0,28,135,1.4901161193847656e-08,0.00028351100627332926,2026092703,coupled_lag4
behavior.1,28,135,1.4901161193847656e-08,0.00010569067671895027,2026092703,coupled_lag4
behavior.2,28,135,1.1175870895385742e-08,0.00014659500448033214,2026092703,coupled_lag4
time.0,28,136,2.2351741790771484e-08,0.0006421490106731653,2026092703,coupled_lag4
time.1,28,136,1.1175870895385742e-08,0.00019306309695821255,2026092703,coupled_lag4
time.2,28,136,2.9802322387695312e-08,0.0008946694433689117,2026092703,coupled_lag4
behavior.0,28,136,1.4901161193847656e-08,0.00030705201788805425,2026092703,coupled_lag4
behavior.1,28,136,1.4901161193847656e-08,0.00011644189362414181,2026092703,coupled_lag4
behavior.2,28,136,1.4901161193847656e-08,0.00016256485832855105,2026092703,coupled_lag4
time.0,28,137,2.2351741790771484e-08,0.0005295341834425926,2026092703,coupled_lag4
time.1,28,137,1.4901161193847656e-08,0.00016059627523645759,2026092703,coupled_lag4
time.2,28,137,2.9802322387695312e-08,0.0005910794716328382,2026092703,coupled_lag4
behavior.0,28,137,1.4901161193847656e-08,0.00028002855833619833,2026092703,coupled_lag4
behavior.1,28,137,1.4901161193847656e-08,0.00010626128641888499,2026092703,coupled_lag4
behavior.2,28,137,1.4901161193847656e-08,0.00017813727026805282,2026092703,coupled_lag4
time.0,28,138,2.2351741790771484e-08,0.0005699012544937432,2026092703,coupled_lag4
time.1,28,138,1.4901161193847656e-08,0.00017900476814247668,2026092703,coupled_lag4
time.2,28,138,1.4901161193847656e-08,0.0007433558930642903,2026092703,coupled_lag4
behavior.0,28,138,2.2351741790771484e-08,0.0003133823338430375,2026092703,coupled_lag4
behavior.1,28,138,1.4901161193847656e-08,0.00010643379937391728,2026092703,coupled_lag4
behavior.2,28,138,1.4901161193847656e-08,0.00017079335520975292,2026092703,coupled_lag4
time.0,28,139,1.4901161193847656e-08,0.0006432774825952947,2026092703,coupled_lag4
time.1,28,139,1.4901161193847656e-08,0.00020211070659570396,2026092703,coupled_lag4
time.2,28,139,2.9802322387695312e-08,0.0008610064396634698,2026092703,coupled_lag4
behavior.0,28,139,1.4901161193847656e-08,0.00027178655727766454,2026092703,coupled_lag4
behavior.1,28,139,1.4901161193847656e-08,0.00011068225285271183,2026092703,coupled_lag4
behavior.2,28,139,1.4901161193847656e-08,0.00014555919915437698,2026092703,coupled_lag4
time.0,28,140,2.2351741790771484e-08,0.0005461677210405469,2026092703,coupled_lag4
time.1,28,140,1.1175870895385742e-08,0.00016672565834596753,2026092703,coupled_lag4
time.2,28,140,2.9802322387695312e-08,0.0006709751323796809,2026092703,coupled_lag4
behavior.0,28,140,1.4901161193847656e-08,0.0002940269187092781,2026092703,coupled_lag4
behavior.1,28,140,1.1175870895385742e-08,0.00011000987433362752,2026092703,coupled_lag4
behavior.2,28,140,1.4901161193847656e-08,0.000164274315466173,2026092703,coupled_lag4
time.0,28,141,1.4901161193847656e-08,0.0006119319587014616,2026092703,coupled_lag4
time.1,28,141,1.4901161193847656e-08,0.00018553015252109617,2026092703,coupled_lag4
time.2,28,141,2.2351741790771484e-08,0.0007667942554689944,2026092703,coupled_lag4
behavior.0,28,141,2.2351741790771484e-08,0.00027932264492847025,2026092703,coupled_lag4
behavior.1,28,141,1.4901161193847656e-08,0.00010310380457667634,2026092703,coupled_lag4
behavior.2,28,141,1.1175870895385742e-08,0.00015293798060156405,2026092703,coupled_lag4
time.0,28,142,2.9802322387695312e-08,0.0005937734968028963,2026092703,coupled_lag4
time.1,28,142,1.4901161193847656e-08,0.00017866161942947656,2026092703,coupled_lag4
time.2,28,142,2.9802322387695312e-08,0.0007453215657733381,2026092703,coupled_lag4
behavior.0,28,142,1.4901161193847656e-08,0.00030365859856829047,2026092703,coupled_lag4
behavior.1,28,142,1.4901161193847656e-08,0.00010649979958543554,2026092703,coupled_lag4
behavior.2,28,142,1.1175870895385742e-08,0.00016647604934405535,2026092703,coupled_lag4
time.0,28,143,1.4901161193847656e-08,0.0005663813790306449,2026092703,coupled_lag4
time.1,28,143,1.4901161193847656e-08,0.0001718848361633718,2026092703,coupled_lag4
time.2,28,143,2.9802322387695312e-08,0.0007174888742156327,2026092703,coupled_lag4
behavior.0,28,143,2.2351741790771484e-08,0.00029979407554492354,2026092703,coupled_lag4
behavior.1,28,143,1.4901161193847656e-08,0.0001063738382072188,2026092703,coupled_lag4
behavior.2,28,143,1.1175870895385742e-08,0.0001660043781157583,2026092703,coupled_lag4
time.0,28,144,2.2351741790771484e-08,0.0006682162056677043,2026092703,coupled_lag4
time.1,28,144,1.1175870895385742e-08,0.00020098660024814308,2026092703,coupled_lag4
time.2,28,144,2.9802322387695312e-08,0.0008565052412450314,2026092703,coupled_lag4
behavior.0,28,144,2.2351741790771484e-08,0.00029911415185779333,2026092703,coupled_lag4
behavior.1,28,144,1.4901161193847656e-08,0.000111954657768365,2026092703,coupled_lag4
behavior.2,28,144,1.4901161193847656e-08,0.0001513687748229131,2026092703,coupled_lag4
time.0,28,145,2.2351741790771484e-08,0.0005867774598300457,2026092703,coupled_lag4
time.1,28,145,7.450580596923828e-09,0.00017827203555498272,2026092703,coupled_lag4
time.2,28,145,2.9802322387695312e-08,0.0007183292182162404,2026092703,coupled_lag4
behavior.0,28,145,1.4901161193847656e-08,0.00029820355121046305,2026092703,coupled_lag4
behavior.1,28,145,1.4901161193847656e-08,0.00011359904601704329,2026092703,coupled_lag4
behavior.2,28,145,1.4901161193847656e-08,0.00016164184489753097,2026092703,coupled_lag4
time.0,28,146,1.4901161193847656e-08,0.0006831283099018037,2026092703,coupled_lag4
time.1,28,146,1.4901161193847656e-08,0.0002139278658432886,2026092703,coupled_lag4
time.2,28,146,2.2351741790771484e-08,0.0008690669783391058,2026092703,coupled_lag4
behavior.0,28,146,1.4901161193847656e-08,0.0002832574537023902,2026092703,coupled_lag4
behavior.1,28,146,1.4901161193847656e-08,0.00011127149628009647,2026092703,coupled_lag4
behavior.2,28,146,1.4901161193847656e-08,0.00014556894893758,2026092703,coupled_lag4
time.0,28,147,1.4901161193847656e-08,0.0006653481395915151,2026092703,coupled_lag4
time.1,28,147,1.1175870895385742e-08,0.0002073727227980271,2026092703,coupled_lag4
time.2,28,147,1.4901161193847656e-08,0.000854194222483784,2026092703,coupled_lag4
behavior.0,28,147,2.2351741790771484e-08,0.0002872998302336782,2026092703,coupled_lag4
behavior.1,28,147,1.4901161193847656e-08,0.00011745561641873792,2026092703,coupled_lag4
behavior.2,28,147,1.1175870895385742e-08,0.00016391780809499323,2026092703,coupled_lag4
time.0,28,148,2.2351741790771484e-08,0.0006181865464895964,2026092703,coupled_lag4
time.1,28,148,1.4901161193847656e-08,0.0001937293855007738,2026092703,coupled_lag4
time.2,28,148,2.9802322387695312e-08,0.0007856878801248968,2026092703,coupled_lag4
behavior.0,28,148,2.2351741790771484e-08,0.00029091504984535277,2026092703,coupled_lag4
behavior.1,28,148,1.4901161193847656e-08,0.00010992887109750882,2026092703,coupled_lag4
behavior.2,28,148,1.1175870895385742e-08,0.0001585879799677059,2026092703,coupled_lag4
time.0,28,149,2.2351741790771484e-08,0.0005843174876645207,2026092703,coupled_lag4
time.1,28,149,1.4901161193847656e-08,0.00018457187979947776,2026092703,coupled_lag4
time.2,28,149,2.9802322387695312e-08,0.0007225305307656527,2026092703,coupled_lag4
behavior.0,28,149,1.4901161193847656e-08,0.00029654541867785156,2026092703,coupled_lag4
behavior.1,28,149,1.4901161193847656e-08,0.00011623965838225558,2026092703,coupled_lag4
behavior.2,28,149,2.2351741790771484e-08,0.00015570773393847048,2026092703,coupled_lag4
time.0,28,150,2.2351741790771484e-08,0.0006567527307197452,2026092703,coupled_lag4
time.1,28,150,1.1175870895385742e-08,0.00020684638002421707,2026092703,coupled_lag4
time.2,28,150,2.9802322387695312e-08,0.000809370307251811,2026092703,coupled_lag4
behavior.0,28,150,1.4901161193847656e-08,0.00027262596995569766,2026092703,coupled_lag4
behavior.1,28,150,1.1175870895385742e-08,9.908484935294837e-05,2026092703,coupled_lag4
behavior.2,28,150,1.4901161193847656e-08,0.00013797648716717958,2026092703,coupled_lag4
time.0,28,151,1.4901161193847656e-08,0.000606346526183188,2026092703,coupled_lag4
time.1,28,151,1.1175870895385742e-08,0.00018405522860120982,2026092703,coupled_lag4
time.2,28,151,2.9802322387695312e-08,0.0007108796271495521,2026092703,coupled_lag4
behavior.0,28,151,1.4901161193847656e-08,0.0002780411159619689,2026092703,coupled_lag4
behavior.1,28,151,1.1175870895385742e-08,0.00010009495599661022,2026092703,coupled_lag4
behavior.2,28,151,1.1175870895385742e-08,0.0001605809957254678,2026092703,coupled_lag4
time.0,28,152,1.4901161193847656e-08,0.0005876330542378128,2026092703,coupled_lag4
time.1,28,152,1.4901161193847656e-08,0.00018112918769475073,2026092703,coupled_lag4
time.2,28,152,2.9802322387695312e-08,0.0006948359659872949,2026092703,coupled_lag4
behavior.0,28,152,1.4901161193847656e-08,0.0002634576230775565,2026092703,coupled_lag4
behavior.1,28,152,1.1175870895385742e-08,0.0001085423500626348,2026092703,coupled_lag4
behavior.2,28,152,1.4901161193847656e-08,0.00013940427743364125,2026092703,coupled_lag4
time.0,28,153,2.2351741790771484e-08,0.0006049709627404809,2026092703,coupled_lag4
time.1,28,153,1.4901161193847656e-08,0.0001868484978331253,2026092703,coupled_lag4
time.2,28,153,2.9802322387695312e-08,0.000777931185439229,2026092703,coupled_lag4
behavior.0,28,153,1.4901161193847656e-08,0.0002762337098829448,2026092703,coupled_lag4
behavior.1,28,153,1.4901161193847656e-08,0.000106962033896707,2026092703,coupled_lag4
behavior.2,28,153,1.1175870895385742e-08,0.00015195272862911224,2026092703,coupled_lag4
time.0,28,154,2.2351741790771484e-08,0.000662919832393527,2026092703,coupled_lag4
time.1,28,154,1.4901161193847656e-08,0.00020130813936702907,2026092703,coupled_lag4
time.2,28,154,2.9802322387695312e-08,0.0008186253253370523,2026092703,coupled_lag4
behavior.0,28,154,2.2351741790771484e-08,0.0002928911417257041,2026092703,coupled_lag4
behavior.1,28,154,1.4901161193847656e-08,0.00010848047531908378,2026092703,coupled_lag4
behavior.2,28,154,1.1175870895385742e-08,0.00014648267824668437,2026092703,coupled_lag4
time.0,28,155,1.4901161193847656e-08,0.000607286230660975,2026092703,coupled_lag4
time.1,28,155,1.1175870895385742e-08,0.00018506711057852954,2026092703,coupled_lag4
time.2,28,155,2.9802322387695312e-08,0.0007371027604676783,2026092703,coupled_lag4
behavior.0,28,155,1.4901161193847656e-08,0.0002728290855884552,2026092703,coupled_lag4
behavior.1,28,155,1.4901161193847656e-08,0.00010486909013707191,2026092703,coupled_lag4
behavior.2,28,155,1.1175870895385742e-08,0.0001536568015580997,2026092703,coupled_lag4
time.0,28,156,1.4901161193847656e-08,0.0005900281830690801,2026092703,coupled_lag4
time.1,28,156,7.450580596923828e-09,0.0001806732325349003,2026092703,coupled_lag4
time.2,28,156,2.2351741790771484e-08,0.0006846394971944392,2026092703,coupled_lag4
behavior.0,28,156,2.2351741790771484e-08,0.00029034059843979776,2026092703,coupled_lag4
behavior.1,28,156,1.4901161193847656e-08,0.00011253838601987809,2026092703,coupled_lag4
behavior.2,28,156,1.4901161193847656e-08,0.00015039123536553234,2026092703,coupled_lag4
time.0,28,157,1.4901161193847656e-08,0.0006154359434731305,2026092703,coupled_lag4
time.1,28,157,2.2351741790771484e-08,0.00018785610154736787,2026092703,coupled_lag4
time.2,28,157,2.2351741790771484e-08,0.0007844934589229524,2026092703,coupled_lag4
behavior.0,28,157,1.4901161193847656e-08,0.0003000415745191276,2026092703,coupled_lag4
behavior.1,28,157,1.1175870895385742e-08,0.00010964591638185084,2026092703,coupled_lag4
behavior.2,28,157,1.4901161193847656e-08,0.00016379315638914704,2026092703,coupled_lag4
time.0,28,158,1.4901161193847656e-08,0.00066130340564996,2026092703,coupled_lag4
time.1,28,158,1.1175870895385742e-08,0.00019679706019815058,2026092703,coupled_lag4
time.2,28,158,2.9802322387695312e-08,0.000820307934191078,2026092703,coupled_lag4
behavior.0,28,158,2.2351741790771484e-08,0.0002631481911521405,2026092703,coupled_lag4
behavior.1,28,158,1.4901161193847656e-08,0.0001054115709848702,2026092703,coupled_lag4
behavior.2,28,158,7.450580596923828e-09,0.00014404910325538367,2026092703,coupled_lag4
time.0,28,159,1.4901161193847656e-08,0.0006391633651219308,2026092703,coupled_lag4
time.1,28,159,1.1175870895385742e-08,0.00019026212976314127,2026092703,coupled_lag4
time.2,28,159,2.9802322387695312e-08,0.0007829955429770052,2026092703,coupled_lag4
behavior.0,28,159,2.9802322387695312e-08,0.00027215108275413513,2026092703,coupled_lag4
behavior.1,28,159,1.4901161193847656e-08,0.00010256542009301484,2026092703,coupled_lag4
behavior.2,28,159,7.450580596923828e-09,0.00015565652574878186,2026092703,coupled_lag4
time.0,28,160,1.4901161193847656e-08,0.0005503964493982494,2026092703,coupled_lag4
time.1,28,160,7.450580596923828e-09,0.00016194928321056068,2026092703,coupled_lag4
time.2,28,160,1.4901161193847656e-08,0.0006469384534284472,2026092703,coupled_lag4
behavior.0,28,160,1.4901161193847656e-08,0.0002753303851932287,2026092703,coupled_lag4
behavior.1,28,160,7.450580596923828e-09,0.00010101604129886255,2026092703,coupled_lag4
behavior.2,28,160,1.4901161193847656e-08,0.0001509698631707579,2026092703,coupled_lag4
time.0,28,161,2.9802322387695312e-08,0.0006654678727500141,2026092703,coupled_lag4
time.1,28,161,1.4901161193847656e-08,0.0001987395080504939,2026092703,coupled_lag4
time.2,28,161,2.9802322387695312e-08,0.0008957438403740525,2026092703,coupled_lag4
behavior.0,28,161,2.2351741790771484e-08,0.0002848606964107603,2026092703,coupled_lag4
behavior.1,28,161,1.4901161193847656e-08,0.00010721942089730874,2026092703,coupled_lag4
behavior.2,28,161,1.4901161193847656e-08,0.0001396284787915647,2026092703,coupled_lag4
time.0,28,162,1.4901161193847656e-08,0.0005832886672578752,2026092703,coupled_lag4
time.1,28,162,1.4901161193847656e-08,0.0001739181752782315,2026092703,coupled_lag4
time.2,28,162,1.4901161193847656e-08,0.0007123827235773206,2026092703,coupled_lag4
behavior.0,28,162,2.2351741790771484e-08,0.0002832158061210066,2026092703,coupled_lag4
behavior.1,28,162,1.4901161193847656e-08,0.0001012478896882385,2026092703,coupled_lag4
behavior.2,28,162,1.4901161193847656e-08,0.0001607282174518332,2026092703,coupled_lag4
time.0,28,163,1.4901161193847656e-08,0.000603360531385988,2026092703,coupled_lag4
time.1,28,163,7.450580596923828e-09,0.00017924755229614675,2026092703,coupled_lag4
time.2,28,163,1.4901161193847656e-08,0.0006993938004598022,2026092703,coupled_lag4
behavior.0,28,163,1.4901161193847656e-08,0.0002806772827170789,2026092703,coupled_lag4
behavior.1,28,163,1.4901161193847656e-08,0.00011013410403393209,2026092703,coupled_lag4
behavior.2,28,163,1.1175870895385742e-08,0.00014548772014677525,2026092703,coupled_lag4
time.0,28,164,1.862645149230957e-08,0.0005632906686514616,2026092703,coupled_lag4
time.1,28,164,1.4901161193847656e-08,0.00017158036644104868,2026092703,coupled_lag4
time.2,28,164,2.2351741790771484e-08,0.0006442209705710411,2026092703,coupled_lag4
behavior.0,28,164,2.2351741790771484e-08,0.0002715278824325651,2026092703,coupled_lag4
behavior.1,28,164,1.4901161193847656e-08,0.00010699488484533504,2026092703,coupled_lag4
behavior.2,28,164,1.1175870895385742e-08,0.000150301493704319,2026092703,coupled_lag4
time.0,28,165,1.4901161193847656e-08,0.0006902707391418517,2026092703,coupled_lag4
time.1,28,165,1.4901161193847656e-08,0.00020244104962330312,2026092703,coupled_lag4
time.2,28,165,2.9802322387695312e-08,0.0008525069570168853,2026092703,coupled_lag4
behavior.0,28,165,1.4901161193847656e-08,0.0002918041427619755,2026092703,coupled_lag4
behavior.1,28,165,7.450580596923828e-09,0.00010843860218301415,2026092703,coupled_lag4
behavior.2,28,165,1.1175870895385742e-08,0.00015998483286239207,2026092703,coupled_lag4
time.0,28,166,2.2351741790771484e-08,0.0006239864160306752,2026092703,coupled_lag4
time.1,28,166,1.1175870895385742e-08,0.00018858526891563088,2026092703,coupled_lag4
time.2,28,166,2.2351741790771484e-08,0.000727905600797385,2026092703,coupled_lag4
behavior.0,28,166,1.4901161193847656e-08,0.00026295671705156565,2026092703,coupled_lag4
behavior.1,28,166,7.450580596923828e-09,0.00010055960592580959,2026092703,coupled_lag4
behavior.2,28,166,1.1175870895385742e-08,0.00013925477105658501,2026092703,coupled_lag4
time.0,28,167,2.2351741790771484e-08,0.0006877226405777037,2026092703,coupled_lag4
time.1,28,167,1.4901161193847656e-08,0.0002036665246123448,2026092703,coupled_lag4
time.2,28,167,2.9802322387695312e-08,0.0008443603874184191,2026092703,coupled_lag4
behavior.0,28,167,2.2351741790771484e-08,0.0002790713624563068,2026092703,coupled_lag4
behavior.1,28,167,1.4901161193847656e-08,0.00010754933464340866,2026092703,coupled_lag4
behavior.2,28,167,1.1175870895385742e-08,0.00016221182886511087,2026092703,coupled_lag4
time.0,28,168,2.2351741790771484e-08,0.000625970889814198,2026092703,coupled_lag4
time.1,28,168,1.4901161193847656e-08,0.00018494129471946508,2026092703,coupled_lag4
time.2,28,168,1.4901161193847656e-08,0.0007000743062235415,2026092703,coupled_lag4
behavior.0,28,168,2.2351741790771484e-08,0.00025799041031859815,2026092703,coupled_lag4
behavior.1,28,168,1.1175870895385742e-08,0.00010083779488923028,2026092703,coupled_lag4
behavior.2,28,168,1.1175870895385742e-08,0.00013389451487455517,2026092703,coupled_lag4
time.0,28,169,2.2351741790771484e-08,0.0005876710056327283,2026092703,coupled_lag4
time.1,28,169,1.4901161193847656e-08,0.0001764873886713758,2026092703,coupled_lag4
time.2,28,169,2.2351741790771484e-08,0.0007083293749019504,2026092703,coupled_lag4
behavior.0,28,169,2.2351741790771484e-08,0.00029081525281071663,2026092703,coupled_lag4
behavior.1,28,169,1.4901161193847656e-08,0.00010729646601248533,2026092703,coupled_lag4
behavior.2,28,169,1.1175870895385742e-08,0.00014665345952380449,2026092703,coupled_lag4
time.0,28,170,1.4901161193847656e-08,0.0005433318438008428,2026092703,coupled_lag4
time.1,28,170,1.1175870895385742e-08,0.00015936876297928393,2026092703,coupled_lag4
time.2,28,170,2.9802322387695312e-08,0.0006101678591221571,2026092703,coupled_lag4
behavior.0,28,170,1.4901161193847656e-08,0.0002829900477081537,2026092703,coupled_lag4
behavior.1,28,170,1.1175870895385742e-08,0.00010716602992033586,2026092703,coupled_lag4
behavior.2,28,170,1.1175870895385742e-08,0.00015549888485111296,2026092703,coupled_lag4
time.0,28,171,2.2351741790771484e-08,0.0006771186599507928,2026092703,coupled_lag4
time.1,28,171,1.1175870895385742e-08,0.00019649212481454015,2026092703,coupled_lag4
time.2,28,171,2.9802322387695312e-08,0.0007692693034186959,2026092703,coupled_lag4
behavior.0,28,171,1.4901161193847656e-08,0.00026625272585079074,2026092703,coupled_lag4
behavior.1,28,171,1.1175870895385742e-08,0.00010345777991460636,2026092703,coupled_lag4
behavior.2,28,171,1.4901161193847656e-08,0.00013042771024629474,2026092703,coupled_lag4
time.0,28,172,1.4901161193847656e-08,0.0005884261336177588,2026092703,coupled_lag4
time.1,28,172,1.1175870895385742e-08,0.0001686020550550893,2026092703,coupled_lag4
time.2,28,172,2.2351741790771484e-08,0.0007290930370800197,2026092703,coupled_lag4
behavior.0,28,172,1.4901161193847656e-08,0.00029740986065007746,2026092703,coupled_lag4
behavior.1,28,172,1.1175870895385742e-08,0.0001109320146497339,2026092703,coupled_lag4
behavior.2,28,172,1.1175870895385742e-08,0.00016387723735533655,2026092703,coupled_lag4
time.0,28,173,2.2351741790771484e-08,0.0007251938222907484,2026092703,coupled_lag4
time.1,28,173,1.4901161193847656e-08,0.0002081069687847048,2026092703,coupled_lag4
time.2,28,173,2.9802322387695312e-08,0.0008502039709128439,2026092703,coupled_lag4
behavior.0,28,173,1.4901161193847656e-08,0.000254996120929718,2026092703,coupled_lag4
behavior.1,28,173,1.4901161193847656e-08,0.00010501731594558805,2026092703,coupled_lag4
behavior.2,28,173,1.4901161193847656e-08,0.00014744822692591697,2026092703,coupled_lag4
time.0,28,174,2.2351741790771484e-08,0.0006237691268324852,2026092703,coupled_lag4
time.1,28,174,1.1175870895385742e-08,0.00017918944649863988,2026092703,coupled_lag4
time.2,28,174,2.9802322387695312e-08,0.0007563024992123246,2026092703,coupled_lag4
behavior.0,28,174,1.4901161193847656e-08,0.00027266767574474216,2026092703,coupled_lag4
behavior.1,28,174,1.4901161193847656e-08,0.00010767930507427081,2026092703,coupled_lag4
behavior.2,28,174,2.2351741790771484e-08,0.00013871924602426589,2026092703,coupled_lag4
time.0,28,175,1.4901161193847656e-08,0.0006113441195338964,2026092703,coupled_lag4
time.1,28,175,1.4901161193847656e-08,0.00017894078337121755,2026092703,coupled_lag4
time.2,28,175,2.2351741790771484e-08,0.0007144826231524348,2026092703,coupled_lag4
behavior.0,28,175,1.4901161193847656e-08,0.00029948458541184664,2026092703,coupled_lag4
behavior.1,28,175,1.1175870895385742e-08,0.00011042593541787937,2026092703,coupled_lag4
behavior.2,28,175,7.450580596923828e-09,0.00016569336003158242,2026092703,coupled_lag4
time.0,28,176,2.2351741790771484e-08,0.000635563803371042,2026092703,coupled_lag4
time.1,28,176,1.4901161193847656e-08,0.0001902835792861879,2026092703,coupled_lag4
time.2,28,176,1.4901161193847656e-08,0.000760715629439801,2026092703,coupled_lag4
behavior.0,28,176,1.4901161193847656e-08,0.0003019000869244337,2026092703,coupled_lag4
behavior.1,28,176,1.4901161193847656e-08,0.00011314041330479085,2026092703,coupled_lag4
behavior.2,28,176,1.4901161193847656e-08,0.00016018706082832068,2026092703,coupled_lag4
time.0,28,177,2.2351741790771484e-08,0.0005938676185905933,2026092703,coupled_lag4
time.1,28,177,1.1175870895385742e-08,0.00017118451069109142,2026092703,coupled_lag4
time.2,28,177,2.9802322387695312e-08,0.0006488016806542873,2026092703,coupled_lag4
behavior.0,28,177,1.4901161193847656e-08,0.0002915118238888681,2026092703,coupled_lag4
behavior.1,28,177,1.4901161193847656e-08,0.00011863315012305975,2026092703,coupled_lag4
behavior.2,28,177,1.4901161193847656e-08,0.0001599261158844456,2026092703,coupled_lag4
time.0,28,178,1.4901161193847656e-08,0.0006229187129065394,2026092703,coupled_lag4
time.1,28,178,1.1175870895385742e-08,0.0001787556684575975,2026092703,coupled_lag4
time.2,28,178,2.9802322387695312e-08,0.0007564726402051747,2026092703,coupled_lag4
behavior.0,28,178,1.4901161193847656e-08,0.00028375230613164604,2026092703,coupled_lag4
behavior.1,28,178,1.4901161193847656e-08,0.00010694981028791517,2026092703,coupled_lag4
behavior.2,28,178,1.1175870895385742e-08,0.0001383244089083746,2026092703,coupled_lag4
time.0,28,179,1.4901161193847656e-08,0.0006381575367413461,2026092703,coupled_lag4
time.1,28,179,1.4901161193847656e-08,0.0001853406138252467,2026092703,coupled_lag4
time.2,28,179,2.9802322387695312e-08,0.0007101668743416667,2026092703,coupled_lag4
behavior.0,28,179,1.4901161193847656e-08,0.00028739258414134383,2026092703,coupled_lag4
behavior.1,28,179,1.1175870895385742e-08,0.00011956372327404097,2026092703,coupled_lag4
behavior.2,28,179,1.1175870895385742e-08,0.00014519612886942923,2026092703,coupled_lag4
time.0,28,180,1.4901161193847656e-08,0.0006262974347919226,2026092703,coupled_lag4
time.1,28,180,1.1175870895385742e-08,0.00018058608111459762,2026092703,coupled_lag4
time.2,28,180,2.9802322387695312e-08,0.0007236553938128054,2026092703,coupled_lag4
behavior.0,28,180,1.4901161193847656e-08,0.00028079329058527946,2026092703,coupled_lag4
behavior.1,28,180,1.1175870895385742e-08,0.00010825218487298116,2026092703,coupled_lag4
behavior.2,28,180,1.4901161193847656e-08,0.00014665797061752528,2026092703,coupled_lag4
time.0,28,181,2.2351741790771484e-08,0.0006048080394975841,2026092703,coupled_lag4
time.1,28,181,1.4901161193847656e-08,0.0001740434527164325,2026092703,coupled_lag4
time.2,28,181,2.9802322387695312e-08,0.0006957603036426008,2026092703,coupled_lag4
behavior.0,28,181,1.4901161193847656e-08,0.0002718923788052052,2026092703,coupled_lag4
behavior.1,28,181,1.4901161193847656e-08,0.00010892179852817208,2026092703,coupled_lag4
behavior.2,28,181,1.4901161193847656e-08,0.00015370464825537056,2026092703,coupled_lag4
time.0,28,182,2.2351741790771484e-08,0.0007134857005439699,2026092703,coupled_lag4
time.1,28,182,1.4901161193847656e-08,0.0002053078351309523,2026092703,coupled_lag4
time.2,28,182,2.9802322387695312e-08,0.0008786343969404697,2026092703,coupled_lag4
behavior.0,28,182,1.4901161193847656e-08,0.0002682240155991167,2026092703,coupled_lag4
behavior.1,28,182,1.4901161193847656e-08,0.00010473578731762245,2026092703,coupled_lag4
behavior.2,28,182,1.4901161193847656e-08,0.00013373879482969642,2026092703,coupled_lag4
time.0,28,183,1.4901161193847656e-08,0.0005533064831979573,2026092703,coupled_lag4
time.1,28,183,1.1175870895385742e-08,0.00016481467173434794,2026092703,coupled_lag4
time.2,28,183,2.9802322387695312e-08,0.0006383315776474774,2026092703,coupled_lag4
behavior.0,28,183,1.4901161193847656e-08,0.00029436644399538636,2026092703,coupled_lag4
behavior.1,28,183,1.4901161193847656e-08,0.00011477408406790346,2026092703,coupled_lag4
behavior.2,28,183,1.4901161193847656e-08,0.00017131266940850765,2026092703,coupled_lag4
time.0,28,184,1.4901161193847656e-08,0.0006155801238492131,2026092703,coupled_lag4
time.1,28,184,1.4901161193847656e-08,0.0001787741930456832,2026092703,coupled_lag4
time.2,28,184,2.9802322387695312e-08,0.0007191219483502209,2026092703,coupled_lag4
behavior.0,28,184,1.4901161193847656e-08,0.0002730647975113243,2026092703,coupled_lag4
behavior.1,28,184,1.1175870895385742e-08,0.00010962407395709306,2026092703,coupled_lag4
behavior.2,28,184,1.4901161193847656e-08,0.00014173344243317842,2026092703,coupled_lag4
time.0,28,185,2.2351741790771484e-08,0.0006016583647578955,2026092703,coupled_lag4
time.1,28,185,1.4901161193847656e-08,0.0001709260104689747,2026092703,coupled_lag4
time.2,28,185,2.2351741790771484e-08,0.0007509529823437333,2026092703,coupled_lag4
behavior.0,28,185,1.4901161193847656e-08,0.00028707290766760707,2026092703,coupled_lag4
behavior.1,28,185,1.1175870895385742e-08,0.00011566325702005997,2026092703,coupled_lag4
behavior.2,28,185,1.4901161193847656e-08,0.00014438034850172698,2026092703,coupled_lag4
time.0,28,186,1.4901161193847656e-08,0.0006838907138444483,2026092703,coupled_lag4
time.1,28,186,1.4901161193847656e-08,0.00019680724653881043,2026092703,coupled_lag4
time.2,28,186,2.9802322387695312e-08,0.0007970467559061944,2026092703,coupled_lag4
behavior.0,28,186,1.4901161193847656e-08,0.0002636980207171291,2026092703,coupled_lag4
behavior.1,28,186,1.1175870895385742e-08,0.00010442862549098209,2026092703,coupled_lag4
behavior.2,28,186,1.1175870895385742e-08,0.00014094360813032836,2026092703,coupled_lag4
time.0,28,187,1.4901161193847656e-08,0.0006293868646025658,2026092703,coupled_lag4
time.1,28,187,1.1175870895385742e-08,0.00018281098164152354,2026092703,coupled_lag4
time.2,28,187,2.2351741790771484e-08,0.0007370947278104722,2026092703,coupled_lag4
behavior.0,28,187,2.2351741790771484e-08,0.0002984340244438499,2026092703,coupled_lag4
behavior.1,28,187,1.4901161193847656e-08,0.00010834327258635312,2026092703,coupled_lag4
behavior.2,28,187,1.4901161193847656e-08,0.00016518701158929616,2026092703,coupled_lag4
time.0,28,188,2.2351741790771484e-08,0.0005781471845693886,2026092703,coupled_lag4
time.1,28,188,1.1175870895385742e-08,0.0001716355764074251,2026092703,coupled_lag4
time.2,28,188,2.9802322387695312e-08,0.0006604600930586457,2026092703,coupled_lag4
behavior.0,28,188,2.2351741790771484e-08,0.0002859241212718189,2026092703,coupled_lag4
behavior.1,28,188,1.4901161193847656e-08,0.0001098093343898654,2026092703,coupled_lag4
behavior.2,28,188,1.4901161193847656e-08,0.00015648057160433382,2026092703,coupled_lag4
time.0,28,189,2.9802322387695312e-08,0.0005913599161431193,2026092703,coupled_lag4
time.1,28,189,1.4901161193847656e-08,0.00017141133139375597,2026092703,coupled_lag4
time.2,28,189,2.2351741790771484e-08,0.0006898883148096502,2026092703,coupled_lag4
behavior.0,28,189,1.4901161193847656e-08,0.0002864377456717193,2026092703,coupled_lag4
behavior.1,28,189,2.2351741790771484e-08,0.00011054362403228879,2026092703,coupled_lag4
behavior.2,28,189,1.1175870895385742e-08,0.00015505743795074522,2026092703,coupled_lag4
time.0,28,190,1.4901161193847656e-08,0.0006168788531795144,2026092703,coupled_lag4
time.1,28,190,1.4901161193847656e-08,0.00018140165775548667,2026092703,coupled_lag4
time.2,28,190,2.9802322387695312e-08,0.00074587925337255,2026092703,coupled_lag4
behavior.0,28,190,1.4901161193847656e-08,0.00029240656294859946,2026092703,coupled_lag4
behavior.1,28,190,1.1175870895385742e-08,0.00010207596642430872,2026092703,coupled_lag4
behavior.2,28,190,7.450580596923828e-09,0.00014746517990715802,2026092703,coupled_lag4
time.0,28,191,2.2351741790771484e-08,0.0005928127793595195,2026092703,coupled_lag4
time.1,28,191,1.4901161193847656e-08,0.00016790568770375103,2026092703,coupled_lag4
time.2,28,191,2.2351741790771484e-08,0.0007004344370216131,2026092703,coupled_lag4
behavior.0,28,191,1.4901161193847656e-08,0.0002862793335225433,2026092703,coupled_lag4
behavior.1,28,191,1.1175870895385742e-08,0.0001053844898706302,2026092703,coupled_lag4
behavior.2,28,191,7.450580596923828e-09,0.0001544268598081544,2026092703,coupled_lag4
time.0,28,192,2.2351741790771484e-08,0.0006886351620778441,2026092703,coupled_lag4
time.1,28,192,1.1175870895385742e-08,0.00019865237118210644,2026092703,coupled_lag4
time.2,28,192,2.2351741790771484e-08,0.0008506767335347831,2026092703,coupled_lag4
behavior.0,28,192,1.4901161193847656e-08,0.00028879655292257667,2026092703,coupled_lag4
behavior.1,28,192,1.4901161193847656e-08,0.00010584948904579505,2026092703,coupled_lag4
behavior.2,28,192,1.4901161193847656e-08,0.00016445347864646465,2026092703,coupled_lag4
time.0,28,193,2.2351741790771484e-08,0.0006032333476468921,2026092703,coupled_lag4
time.1,28,193,1.4901161193847656e-08,0.0001751011877786368,2026092703,coupled_lag4
time.2,28,193,1.4901161193847656e-08,0.0007027166429907084,2026092703,coupled_lag4
behavior.0,28,193,2.2351741790771484e-08,0.0002919659891631454,2026092703,coupled_lag4
behavior.1,28,193,2.2351741790771484e-08,0.0001089365323423408,2026092703,coupled_lag4
behavior.2,28,193,1.4901161193847656e-08,0.00016740836144890636,2026092703,coupled_lag4
time.0,28,194,1.4901161193847656e-08,0.0005731974961236119,2026092703,coupled_lag4
time.1,28,194,1.1175870895385742e-08,0.00016164813132490963,2026092703,coupled_lag4
time.2,28,194,2.2351741790771484e-08,0.0006422367296181619,2026092703,coupled_lag4
behavior.0,28,194,1.4901161193847656e-08,0.00027736485935747623,2026092703,coupled_lag4
behavior.1,28,194,1.4901161193847656e-08,0.00010823080083355308,2026092703,coupled_lag4
behavior.2,28,194,7.450580596923828e-09,0.00015355413779616356,2026092703,coupled_lag4
time.0,28,195,1.4901161193847656e-08,0.00059243239229545,2026092703,coupled_lag4
time.1,28,195,1.4901161193847656e-08,0.0001708701893221587,2026092703,coupled_lag4
time.2,28,195,2.9802322387695312e-08,0.0006275451742112637,2026092703,coupled_lag4
behavior.0,28,195,1.4901161193847656e-08,0.00028782011941075325,2026092703,coupled_lag4
behavior.1,28,195,1.4901161193847656e-08,0.00011407049169065431,2026092703,coupled_lag4
behavior.2,28,195,1.1175870895385742e-08,0.0001491862058173865,2026092703,coupled_lag4
time.0,28,196,1.862645149230957e-08,0.0005788771668449044,2026092703,coupled_lag4
time.1,28,196,1.4901161193847656e-08,0.00017181561270263046,2026092703,coupled_lag4
time.2,28,196,2.2351741790771484e-08,0.0006658817292191088,2026092703,coupled_lag4
behavior.0,28,196,1.4901161193847656e-08,0.00029003075906075537,2026092703,coupled_lag4
behavior.1,28,196,7.450580596923828e-09,0.00012302972027100623,2026092703,coupled_lag4
behavior.2,28,196,1.1175870895385742e-08,0.000155603454913944,2026092703,coupled_lag4
time.0,28,197,2.2351741790771484e-08,0.0006560685578733683,2026092703,coupled_lag4
time.1,28,197,1.1175870895385742e-08,0.0001868692197604105,2026092703,coupled_lag4
time.2,28,197,2.9802322387695312e-08,0.0007273717201314867,2026092703,coupled_lag4
behavior.0,28,197,2.2351741790771484e-08,0.0002607126662041992,2026092703,coupled_lag4
behavior.1,28,197,1.1175870895385742e-08,0.00010365846537752077,2026092703,coupled_lag4
behavior.2,28,197,1.1175870895385742e-08,0.00013622912229038775,2026092703,coupled_lag4
time.0,28,198,1.4901161193847656e-08,0.0005629186634905636,2026092703,coupled_lag4
time.1,28,198,1.4901161193847656e-08,0.00016668379248585552,2026092703,coupled_lag4
time.2,28,198,1.4901161193847656e-08,0.0006283052498474717,2026092703,coupled_lag4
behavior.0,28,198,2.2351741790771484e-08,0.0003069700615014881,2026092703,coupled_lag4
behavior.1,28,198,1.1175870895385742e-08,0.00011441060632932931,2026092703,coupled_lag4
behavior.2,28,198,1.1175870895385742e-08,0.0001653709332458675,2026092703,coupled_lag4
time.0,28,199,1.4901161193847656e-08,0.0005938984686508775,2026092703,coupled_lag4
time.1,28,199,1.4901161193847656e-08,0.00017147065955214202,2026092703,coupled_lag4
time.2,28,199,2.9802322387695312e-08,0.0006726608262397349,2026092703,coupled_lag4
behavior.0,28,199,2.2351741790771484e-08,0.0002969382330775261,2026092703,coupled_lag4
behavior.1,28,199,1.4901161193847656e-08,0.00010553980973782018,2026092703,coupled_lag4
behavior.2,28,199,2.2351741790771484e-08,0.000150674328324385,2026092703,coupled_lag4
time.0,28,200,2.2351741790771484e-08,0.0005855889758095145,2026092703,coupled_lag4
time.1,28,200,1.4901161193847656e-08,0.0001704837632132694,2026092703,coupled_lag4
time.2,28,200,2.9802322387695312e-08,0.0006932042888365686,2026092703,coupled_lag4
behavior.0,28,200,1.4901161193847656e-08,0.0002883050183299929,2026092703,coupled_lag4
behavior.1,28,200,1.4901161193847656e-08,0.00010350347292842343,2026092703,coupled_lag4
behavior.2,28,200,1.1175870895385742e-08,0.00014793290756642818,2026092703,coupled_lag4
time.0,28,1,2.9802322387695312e-08,0.0008031752659007907,2026092704,coupled_lag1
time.1,28,1,1.4901161193847656e-08,0.0003122112830169499,2026092704,coupled_lag1
time.2,28,1,1.4901161193847656e-08,0.0003435661783441901,2026092704,coupled_lag1
behavior.0,28,1,2.9802322387695312e-08,0.0003443177556619048,2026092704,coupled_lag1
behavior.1,28,1,1.4901161193847656e-08,0.0001247459149453789,2026092704,coupled_lag1
behavior.2,28,1,1.1175870895385742e-08,0.00012074732512701303,2026092704,coupled_lag1
time.0,28,2,1.4901161193847656e-08,0.000517907552421093,2026092704,coupled_lag1
time.1,28,2,1.4901161193847656e-08,0.00023957905068527907,2026092704,coupled_lag1
time.2,28,2,1.4901161193847656e-08,0.0002763720403891057,2026092704,coupled_lag1
behavior.0,28,2,1.4901161193847656e-08,0.00027488425257615745,2026092704,coupled_lag1
behavior.1,28,2,1.1175870895385742e-08,0.00013381287863012403,2026092704,coupled_lag1
behavior.2,28,2,7.450580596923828e-09,0.00012278897338546813,2026092704,coupled_lag1
time.0,28,3,1.4901161193847656e-08,0.0005407701246440411,2026092704,coupled_lag1
time.1,28,3,1.4901161193847656e-08,0.0002556343679316342,2026092704,coupled_lag1
time.2,28,3,2.2351741790771484e-08,0.00026737156440503895,2026092704,coupled_lag1
behavior.0,28,3,2.2351741790771484e-08,0.0002807380515150726,2026092704,coupled_lag1
behavior.1,28,3,1.1175870895385742e-08,0.00012416600657161325,2026092704,coupled_lag1
behavior.2,28,3,1.1175870895385742e-08,0.00010401807230664417,2026092704,coupled_lag1
time.0,28,4,2.9802322387695312e-08,0.0006349418545141816,2026092704,coupled_lag1
time.1,28,4,1.4901161193847656e-08,0.00029762063059024513,2026092704,coupled_lag1
time.2,28,4,1.4901161193847656e-08,0.0004091603623237461,2026092704,coupled_lag1
behavior.0,28,4,1.4901161193847656e-08,0.00026672237436287105,2026092704,coupled_lag1
behavior.1,28,4,1.1175870895385742e-08,0.00012761118705384433,2026092704,coupled_lag1
behavior.2,28,4,1.1175870895385742e-08,0.00011402127711335197,2026092704,coupled_lag1
time.0,28,5,2.2351741790771484e-08,0.0005434658378362656,2026092704,coupled_lag1
time.1,28,5,1.4901161193847656e-08,0.0002489738108124584,2026092704,coupled_lag1
time.2,28,5,1.4901161193847656e-08,0.00035299515002407134,2026092704,coupled_lag1
behavior.0,28,5,2.9802322387695312e-08,0.00036175010609440506,2026092704,coupled_lag1
behavior.1,28,5,1.4901161193847656e-08,0.0001386277872370556,2026092704,coupled_lag1
behavior.2,28,5,1.1175870895385742e-08,0.0001097809654311277,2026092704,coupled_lag1
time.0,28,6,2.9802322387695312e-08,0.0005963773583061993,2026092704,coupled_lag1
time.1,28,6,2.2351741790771484e-08,0.00030162936309352517,2026092704,coupled_lag1
time.2,28,6,2.2351741790771484e-08,0.0004166320723015815,2026092704,coupled_lag1
behavior.0,28,6,2.2351741790771484e-08,0.00026938095106743276,2026092704,coupled_lag1
behavior.1,28,6,1.1175870895385742e-08,0.00011924959108000621,2026092704,coupled_lag1
behavior.2,28,6,1.4901161193847656e-08,0.0001321474410360679,2026092704,coupled_lag1
time.0,28,7,2.9802322387695312e-08,0.0006025670445524156,2026092704,coupled_lag1
time.1,28,7,1.4901161193847656e-08,0.00029865503893233836,2026092704,coupled_lag1
time.2,28,7,1.4901161193847656e-08,0.00044694883399643004,2026092704,coupled_lag1
behavior.0,28,7,1.4901161193847656e-08,0.0002640180755406618,2026092704,coupled_lag1
behavior.1,28,7,7.450580596923828e-09,0.00011532534699654207,2026092704,coupled_lag1
behavior.2,28,7,1.4901161193847656e-08,0.00013690238120034337,2026092704,coupled_lag1
time.0,28,8,2.2351741790771484e-08,0.0004938079509884119,2026092704,coupled_lag1
time.1,28,8,1.4901161193847656e-08,0.0002671301772352308,2026092704,coupled_lag1
time.2,28,8,2.9802322387695312e-08,0.0004450133128557354,2026092704,coupled_lag1
behavior.0,28,8,1.4901161193847656e-08,0.00024146903888322413,2026092704,coupled_lag1
behavior.1,28,8,7.450580596923828e-09,0.00011199199070688337,2026092704,coupled_lag1
behavior.2,28,8,1.1175870895385742e-08,0.00013247884635347873,2026092704,coupled_lag1
time.0,28,9,1.4901161193847656e-08,0.000472078361781314,2026092704,coupled_lag1
time.1,28,9,1.4901161193847656e-08,0.00026487535797059536,2026092704,coupled_lag1
time.2,28,9,1.4901161193847656e-08,0.0004884951049461961,2026092704,coupled_lag1
behavior.0,28,9,2.2351741790771484e-08,0.00029548286693170667,2026092704,coupled_lag1
behavior.1,28,9,1.1175870895385742e-08,0.0001218151010107249,2026092704,coupled_lag1
behavior.2,28,9,1.1175870895385742e-08,0.00015275130863301456,2026092704,coupled_lag1
time.0,28,10,2.9802322387695312e-08,0.000666720443405211,2026092704,coupled_lag1
time.1,28,10,1.4901161193847656e-08,0.0003326331207063049,2026092704,coupled_lag1
time.2,28,10,2.9802322387695312e-08,0.0006654101889580488,2026092704,coupled_lag1
behavior.0,28,10,2.2351741790771484e-08,0.00026837625773623586,2026092704,coupled_lag1
behavior.1,28,10,1.1175870895385742e-08,0.00010926302638836205,2026092704,coupled_lag1
behavior.2,28,10,1.1175870895385742e-08,0.00012798589887097478,2026092704,coupled_lag1
time.0,28,11,2.9802322387695312e-08,0.0005026789731346071,2026092704,coupled_lag1
time.1,28,11,1.4901161193847656e-08,0.00026621518190950155,2026092704,coupled_lag1
time.2,28,11,1.4901161193847656e-08,0.0005461435066536069,2026092704,coupled_lag1
behavior.0,28,11,1.4901161193847656e-08,0.0002447596925776452,2026092704,coupled_lag1
behavior.1,28,11,1.1175870895385742e-08,0.00010408178059151396,2026092704,coupled_lag1
behavior.2,28,11,1.1175870895385742e-08,0.00013102078810334206,2026092704,coupled_lag1
time.0,28,12,1.4901161193847656e-08,0.00047203025314956903,2026092704,coupled_lag1
time.1,28,12,1.1175870895385742e-08,0.0002681988989934325,2026092704,coupled_lag1
time.2,28,12,1.4901161193847656e-08,0.0004771496751345694,2026092704,coupled_lag1
behavior.0,28,12,1.4901161193847656e-08,0.0002468572638463229,2026092704,coupled_lag1
behavior.1,28,12,7.450580596923828e-09,9.394651715410873e-05,2026092704,coupled_lag1
behavior.2,28,12,1.1175870895385742e-08,0.000129793377709575,2026092704,coupled_lag1
time.0,28,13,2.2351741790771484e-08,0.00045077959657646716,2026092704,coupled_lag1
time.1,28,13,1.4901161193847656e-08,0.0002512471401132643,2026092704,coupled_lag1
time.2,28,13,1.4901161193847656e-08,0.0005121078575029969,2026092704,coupled_lag1
behavior.0,28,13,1.4901161193847656e-08,0.00023370566486846656,2026092704,coupled_lag1
behavior.1,28,13,1.1175870895385742e-08,0.0001073541134246625,2026092704,coupled_lag1
behavior.2,28,13,1.1175870895385742e-08,0.00013918975309934467,2026092704,coupled_lag1
time.0,28,14,1.4901161193847656e-08,0.00041053464519791305,2026092704,coupled_lag1
time.1,28,14,1.4901161193847656e-08,0.00022537089535035193,2026092704,coupled_lag1
time.2,28,14,2.9802322387695312e-08,0.000461622781585902,2026092704,coupled_lag1
behavior.0,28,14,1.4901161193847656e-08,0.0002375687035964802,2026092704,coupled_lag1
behavior.1,28,14,7.450580596923828e-09,9.83530335361138e-05,2026092704,coupled_lag1
behavior.2,28,14,1.1175870895385742e-08,0.00012671244621742517,2026092704,coupled_lag1
time.0,28,15,1.4901161193847656e-08,0.0005672900006175041,2026092704,coupled_lag1
time.1,28,15,1.4901161193847656e-08,0.0003114721330348402,2026092704,coupled_lag1
time.2,28,15,1.4901161193847656e-08,0.0005923808785155416,2026092704,coupled_lag1
behavior.0,28,15,1.4901161193847656e-08,0.0002381085796514526,2026092704,coupled_lag1
behavior.1,28,15,7.450580596923828e-09,0.00010092729644384235,2026092704,coupled_lag1
behavior.2,28,15,1.1175870895385742e-08,0.00014183760504238307,2026092704,coupled_lag1
time.0,28,16,1.4901161193847656e-08,0.00048259698087349534,2026092704,coupled_lag1
time.1,28,16,1.4901161193847656e-08,0.0002635566925164312,2026092704,coupled_lag1
time.2,28,16,2.2351741790771484e-08,0.0005740583874285221,2026092704,coupled_lag1
behavior.0,28,16,1.4901161193847656e-08,0.00024124425544869155,2026092704,coupled_lag1
behavior.1,28,16,1.1175870895385742e-08,9.684768883744255e-05,2026092704,coupled_lag1
behavior.2,28,16,7.450580596923828e-09,0.00015617060125805438,2026092704,coupled_lag1
time.0,28,17,1.4901161193847656e-08,0.0005657433066517115,2026092704,coupled_lag1
time.1,28,17,1.4901161193847656e-08,0.0002999361604452133,2026092704,coupled_lag1
time.2,28,17,2.2351741790771484e-08,0.0006489892257377505,2026092704,coupled_lag1
behavior.0,28,17,1.4901161193847656e-08,0.00021812919294461608,2026092704,coupled_lag1
behavior.1,28,17,1.1175870895385742e-08,0.00010035649029305205,2026092704,coupled_lag1
behavior.2,28,17,1.1175870895385742e-08,0.0001482327643316239,2026092704,coupled_lag1
time.0,28,18,2.2351741790771484e-08,0.000429795152740553,2026092704,coupled_lag1
time.1,28,18,1.4901161193847656e-08,0.00023528731253463775,2026092704,coupled_lag1
time.2,28,18,2.9802322387695312e-08,0.0004654379154089838,2026092704,coupled_lag1
behavior.0,28,18,1.4901161193847656e-08,0.00024019593547564,2026092704,coupled_lag1
behavior.1,28,18,1.1175870895385742e-08,8.973877993412316e-05,2026092704,coupled_lag1
behavior.2,28,18,1.1175870895385742e-08,0.00013114066678099334,2026092704,coupled_lag1
time.0,28,19,1.4901161193847656e-08,0.0004736059927381575,2026092704,coupled_lag1
time.1,28,19,1.4901161193847656e-08,0.000257557985605672,2026092704,coupled_lag1
time.2,28,19,2.2351741790771484e-08,0.0005274427239783108,2026092704,coupled_lag1
behavior.0,28,19,1.4901161193847656e-08,0.00020789718837477267,2026092704,coupled_lag1
behavior.1,28,19,7.450580596923828e-09,9.686296834843233e-05,2026092704,coupled_lag1
behavior.2,28,19,1.1175870895385742e-08,0.00013376728747971356,2026092704,coupled_lag1
time.0,28,20,1.4901161193847656e-08,0.0005563469603657722,2026092704,coupled_lag1
time.1,28,20,1.4901161193847656e-08,0.00030933564994484186,2026092704,coupled_lag1
time.2,28,20,2.2351741790771484e-08,0.0006572918500751257,2026092704,coupled_lag1
behavior.0,28,20,1.4901161193847656e-08,0.00021985534112900496,2026092704,coupled_lag1
behavior.1,28,20,1.1175870895385742e-08,9.254053293261677e-05,2026092704,coupled_lag1
behavior.2,28,20,1.4901161193847656e-08,0.00013879929610993713,2026092704,coupled_lag1
time.0,28,21,2.9802322387695312e-08,0.0004991288296878338,2026092704,coupled_lag1
time.1,28,21,2.2351741790771484e-08,0.00025827213539741933,2026092704,coupled_lag1
time.2,28,21,1.4901161193847656e-08,0.0005668664816766977,2026092704,coupled_lag1
behavior.0,28,21,1.4901161193847656e-08,0.00021705604740418494,2026092704,coupled_lag1
behavior.1,28,21,1.1175870895385742e-08,9.138373570749536e-05,2026092704,coupled_lag1
behavior.2,28,21,1.1175870895385742e-08,0.00013591110473498702,2026092704,coupled_lag1
time.0,28,22,1.4901161193847656e-08,0.00044524937402457,2026092704,coupled_lag1
time.1,28,22,1.4901161193847656e-08,0.0002465594734530896,2026092704,coupled_lag1
time.2,28,22,2.9802322387695312e-08,0.0005121863796375692,2026092704,coupled_lag1
behavior.0,28,22,2.2351741790771484e-08,0.0002342499210499227,2026092704,coupled_lag1
behavior.1,28,22,1.4901161193847656e-08,9.385607700096443e-05,2026092704,coupled_lag1
behavior.2,28,22,1.1175870895385742e-08,0.0001330381928710267,2026092704,coupled_lag1
time.0,28,23,2.2351741790771484e-08,0.0004936237819492817,2026092704,coupled_lag1
time.1,28,23,1.4901161193847656e-08,0.0002713107387535274,2026092704,coupled_lag1
time.2,28,23,1.4901161193847656e-08,0.0005414920160546899,2026092704,coupled_lag1
behavior.0,28,23,1.4901161193847656e-08,0.00022382930910680443,2026092704,coupled_lag1
behavior.1,28,23,7.450580596923828e-09,9.38066077651456e-05,2026092704,coupled_lag1
behavior.2,28,23,1.1175870895385742e-08,0.00014743427163921297,2026092704,coupled_lag1
time.0,28,24,1.4901161193847656e-08,0.0004887541872449219,2026092704,coupled_lag1
time.1,28,24,1.4901161193847656e-08,0.0002697680320125073,2026092704,coupled_lag1
time.2,28,24,2.2351741790771484e-08,0.0005729118711315095,2026092704,coupled_lag1
behavior.0,28,24,1.4901161193847656e-08,0.00021211753482930362,2026092704,coupled_lag1
behavior.1,28,24,7.450580596923828e-09,9.668733400758356e-05,2026092704,coupled_lag1
behavior.2,28,24,1.1175870895385742e-08,0.00016351441445294768,2026092704,coupled_lag1
time.0,28,25,2.2351741790771484e-08,0.000483410112792626,2026092704,coupled_lag1
time.1,28,25,1.4901161193847656e-08,0.00025295716477558017,2026092704,coupled_lag1
time.2,28,25,2.9802322387695312e-08,0.0005626013735309243,2026092704,coupled_lag1
behavior.0,28,25,2.9802322387695312e-08,0.0002205747296102345,2026092704,coupled_lag1
behavior.1,28,25,7.450580596923828e-09,8.965465531218797e-05,2026092704,coupled_lag1
behavior.2,28,25,1.1175870895385742e-08,0.00013668368046637625,2026092704,coupled_lag1
time.0,28,26,2.9802322387695312e-08,0.0004815600404981524,2026092704,coupled_lag1
time.1,28,26,1.4901161193847656e-08,0.00024331489112228155,2026092704,coupled_lag1
time.2,28,26,2.2351741790771484e-08,0.000534741731826216,2026092704,coupled_lag1
behavior.0,28,26,2.2351741790771484e-08,0.00022388086654245853,2026092704,coupled_lag1
behavior.1,28,26,1.1175870895385742e-08,9.680607763584703e-05,2026092704,coupled_lag1
behavior.2,28,26,1.1175870895385742e-08,0.0001586387661518529,2026092704,coupled_lag1
time.0,28,27,2.9802322387695312e-08,0.0006072442047297955,2026092704,coupled_lag1
time.1,28,27,1.4901161193847656e-08,0.0002908791066147387,2026092704,coupled_lag1
time.2,28,27,1.4901161193847656e-08,0.0007152230245992541,2026092704,coupled_lag1
behavior.0,28,27,1.4901161193847656e-08,0.0002449243620503694,2026092704,coupled_lag1
behavior.1,28,27,1.1175870895385742e-08,9.129411046160385e-05,2026092704,coupled_lag1
behavior.2,28,27,1.1175870895385742e-08,0.00013483496150001884,2026092704,coupled_lag1
time.0,28,28,2.2351741790771484e-08,0.00039217036101035774,2026092704,coupled_lag1
time.1,28,28,7.450580596923828e-09,0.0002011868346016854,2026092704,coupled_lag1
time.2,28,28,2.9802322387695312e-08,0.00041596603114157915,2026092704,coupled_lag1
behavior.0,28,28,1.4901161193847656e-08,0.00023178035917226225,2026092704,coupled_lag1
behavior.1,28,28,1.1175870895385742e-08,9.042406600201502e-05,2026092704,coupled_lag1
behavior.2,28,28,1.1175870895385742e-08,0.00014938053209334612,2026092704,coupled_lag1
time.0,28,29,1.4901161193847656e-08,0.0005521874991245568,2026092704,coupled_lag1
time.1,28,29,1.4901161193847656e-08,0.0002936268865596503,2026092704,coupled_lag1
time.2,28,29,1.4901161193847656e-08,0.0006556151784025133,2026092704,coupled_lag1
behavior.0,28,29,1.4901161193847656e-08,0.00021460656716953963,2026092704,coupled_lag1
behavior.1,28,29,7.450580596923828e-09,8.980608254205436e-05,2026092704,coupled_lag1
behavior.2,28,29,1.1175870895385742e-08,0.00013409779057838023,2026092704,coupled_lag1
time.0,28,30,2.2351741790771484e-08,0.00043897450086660683,2026092704,coupled_lag1
time.1,28,30,1.4901161193847656e-08,0.0002374226023675874,2026092704,coupled_lag1
time.2,28,30,2.9802322387695312e-08,0.0005908982129767537,2026092704,coupled_lag1
behavior.0,28,30,1.4901161193847656e-08,0.0002224377531092614,2026092704,coupled_lag1
behavior.1,28,30,1.4901161193847656e-08,9.51370966504328e-05,2026092704,coupled_lag1
behavior.2,28,30,7.450580596923828e-09,0.00016223573766183108,2026092704,coupled_lag1
time.0,28,31,1.4901161193847656e-08,0.0004576088977046311,2026092704,coupled_lag1
time.1,28,31,1.4901161193847656e-08,0.00022738627740181983,2026092704,coupled_lag1
time.2,28,31,2.9802322387695312e-08,0.0006214603781700134,2026092704,coupled_lag1
behavior.0,28,31,1.4901161193847656e-08,0.00021921332518104464,2026092704,coupled_lag1
behavior.1,28,31,1.4901161193847656e-08,0.00010697155812522396,2026092704,coupled_lag1
behavior.2,28,31,1.4901161193847656e-08,0.00016178838268388063,2026092704,coupled_lag1
time.0,28,32,2.9802322387695312e-08,0.0006120210746303201,2026092704,coupled_lag1
time.1,28,32,1.4901161193847656e-08,0.00030117679852992296,2026092704,coupled_lag1
time.2,28,32,2.9802322387695312e-08,0.0007376527646556497,2026092704,coupled_lag1
behavior.0,28,32,2.2351741790771484e-08,0.00020916010544169694,2026092704,coupled_lag1
behavior.1,28,32,1.1175870895385742e-08,8.672767580719665e-05,2026092704,coupled_lag1
behavior.2,28,32,1.1175870895385742e-08,0.00013920676428824663,2026092704,coupled_lag1
time.0,28,33,1.4901161193847656e-08,0.0005045023863203824,2026092704,coupled_lag1
time.1,28,33,1.4901161193847656e-08,0.0002471160260029137,2026092704,coupled_lag1
time.2,28,33,1.4901161193847656e-08,0.0006724541890434921,2026092704,coupled_lag1
behavior.0,28,33,1.862645149230957e-08,0.00021575597929768264,2026092704,coupled_lag1
behavior.1,28,33,1.1175870895385742e-08,0.0001007187893264927,2026092704,coupled_lag1
behavior.2,28,33,1.1175870895385742e-08,0.00015967804938554764,2026092704,coupled_lag1
time.0,28,34,1.4901161193847656e-08,0.0005810692091472447,2026092704,coupled_lag1
time.1,28,34,1.4901161193847656e-08,0.0002989239583257586,2026092704,coupled_lag1
time.2,28,34,2.9802322387695312e-08,0.000759582850150764,2026092704,coupled_lag1
behavior.0,28,34,1.862645149230957e-08,0.00021650393318850547,2026092704,coupled_lag1
behavior.1,28,34,1.1175870895385742e-08,8.828526188153774e-05,2026092704,coupled_lag1
behavior.2,28,34,1.4901161193847656e-08,0.00015474457177333534,2026092704,coupled_lag1
time.0,28,35,2.2351741790771484e-08,0.0004150275490246713,2026092704,coupled_lag1
time.1,28,35,1.4901161193847656e-08,0.0002202244068030268,2026092704,coupled_lag1
time.2,28,35,2.2351741790771484e-08,0.0006033661775290966,2026092704,coupled_lag1
behavior.0,28,35,1.862645149230957e-08,0.00020969740580767393,2026092704,coupled_lag1
behavior.1,28,35,7.450580596923828e-09,9.051784581970423e-05,2026092704,coupled_lag1
behavior.2,28,35,1.4901161193847656e-08,0.00014029411249794066,2026092704,coupled_lag1
time.0,28,36,1.4901161193847656e-08,0.00044809276005253196,2026092704,coupled_lag1
time.1,28,36,1.4901161193847656e-08,0.00022737316612619907,2026092704,coupled_lag1
time.2,28,36,2.9802322387695312e-08,0.0006202388904057443,2026092704,coupled_lag1
behavior.0,28,36,1.4901161193847656e-08,0.0002125736209563911,2026092704,coupled_lag1
behavior.1,28,36,1.1175870895385742e-08,8.825173426885158e-05,2026092704,coupled_lag1
behavior.2,28,36,1.4901161193847656e-08,0.00015122705372050405,2026092704,coupled_lag1
time.0,28,37,2.2351741790771484e-08,0.00044498592615127563,2026092704,coupled_lag1
time.1,28,37,1.4901161193847656e-08,0.00024762909743003547,2026092704,coupled_lag1
time.2,28,37,2.9802322387695312e-08,0.0006120287580415606,2026092704,coupled_lag1
behavior.0,28,37,1.4901161193847656e-08,0.00022461592743638903,2026092704,coupled_lag1
behavior.1,28,37,1.1175870895385742e-08,8.811369480099529e-05,2026092704,coupled_lag1
behavior.2,28,37,1.1175870895385742e-08,0.00014915209612809122,2026092704,coupled_lag1
time.0,28,38,2.9802322387695312e-08,0.00044476488255895674,2026092704,coupled_lag1
time.1,28,38,2.2351741790771484e-08,0.0002514785446692258,2026092704,coupled_lag1
time.2,28,38,2.9802322387695312e-08,0.0006134530412964523,2026092704,coupled_lag1
behavior.0,28,38,1.4901161193847656e-08,0.00022943009389564395,2026092704,coupled_lag1
behavior.1,28,38,1.1175870895385742e-08,9.420554124517366e-05,2026092704,coupled_lag1
behavior.2,28,38,7.450580596923828e-09,0.00013665003643836826,2026092704,coupled_lag1
time.0,28,39,2.9802322387695312e-08,0.0005540222628042102,2026092704,coupled_lag1
time.1,28,39,1.4901161193847656e-08,0.00027781372773461044,2026092704,coupled_lag1
time.2,28,39,1.4901161193847656e-08,0.0007362572941929102,2026092704,coupled_lag1
behavior.0,28,39,1.4901161193847656e-08,0.0002413832553429529,2026092704,coupled_lag1
behavior.1,28,39,1.1175870895385742e-08,9.29005109355785e-05,2026092704,coupled_lag1
behavior.2,28,39,1.4901161193847656e-08,0.00015499669825658202,2026092704,coupled_lag1
time.0,28,40,2.9802322387695312e-08,0.0005837352946400642,2026092704,coupled_lag1
time.1,28,40,1.4901161193847656e-08,0.00028315518284216523,2026092704,coupled_lag1
time.2,28,40,2.9802322387695312e-08,0.000775446998886764,2026092704,coupled_lag1
behavior.0,28,40,1.4901161193847656e-08,0.00021024112356826663,2026092704,coupled_lag1
behavior.1,28,40,1.1175870895385742e-08,8.712802809895948e-05,2026092704,coupled_lag1
behavior.2,28,40,1.1175870895385742e-08,0.00015383689606096596,2026092704,coupled_lag1
time.0,28,41,2.9802322387695312e-08,0.0005888153682462871,2026092704,coupled_lag1
time.1,28,41,1.4901161193847656e-08,0.00030092810629867017,2026092704,coupled_lag1
time.2,28,41,2.9802322387695312e-08,0.0008251858525909483,2026092704,coupled_lag1
behavior.0,28,41,1.4901161193847656e-08,0.000203125731786713,2026092704,coupled_lag1
behavior.1,28,41,1.4901161193847656e-08,9.771888289833441e-05,2026092704,coupled_lag1
behavior.2,28,41,1.4901161193847656e-08,0.00016005126235540956,2026092704,coupled_lag1
time.0,28,42,2.2351741790771484e-08,0.0005046619335189462,2026092704,coupled_lag1
time.1,28,42,1.4901161193847656e-08,0.00025160409859381616,2026092704,coupled_lag1
time.2,28,42,4.470348358154297e-08,0.0007296794792637229,2026092704,coupled_lag1
behavior.0,28,42,2.2351741790771484e-08,0.00022830729722045362,2026092704,coupled_lag1
behavior.1,28,42,7.450580596923828e-09,8.84816181496717e-05,2026092704,coupled_lag1
behavior.2,28,42,1.1175870895385742e-08,0.00015011325012892485,2026092704,coupled_lag1
time.0,28,43,1.4901161193847656e-08,0.0005559156998060644,2026092704,coupled_lag1
time.1,28,43,1.4901161193847656e-08,0.000275721016805619,2026092704,coupled_lag1
time.2,28,43,2.2351741790771484e-08,0.000733905762899667,2026092704,coupled_lag1
behavior.0,28,43,1.4901161193847656e-08,0.000212008148082532,2026092704,coupled_lag1
behavior.1,28,43,1.1175870895385742e-08,8.749340486247092e-05,2026092704,coupled_lag1
behavior.2,28,43,1.1175870895385742e-08,0.00013429873797576874,2026092704,coupled_lag1
time.0,28,44,1.4901161193847656e-08,0.0004694205126725137,2026092704,coupled_lag1
time.1,28,44,1.4901161193847656e-08,0.00023089791648089886,2026092704,coupled_lag1
time.2,28,44,1.4901161193847656e-08,0.0006706531275995076,2026092704,coupled_lag1
behavior.0,28,44,1.4901161193847656e-08,0.00022261195408646017,2026092704,coupled_lag1
behavior.1,28,44,1.4901161193847656e-08,8.817697380436584e-05,2026092704,coupled_lag1
behavior.2,28,44,1.4901161193847656e-08,0.00015577039448544383,2026092704,coupled_lag1
time.0,28,45,1.4901161193847656e-08,0.00047945635742507875,2026092704,coupled_lag1
time.1,28,45,1.4901161193847656e-08,0.0002303268265677616,2026092704,coupled_lag1
time.2,28,45,2.9802322387695312e-08,0.0007177972001954913,2026092704,coupled_lag1
behavior.0,28,45,1.4901161193847656e-08,0.00021048181224614382,2026092704,coupled_lag1
behavior.1,28,45,7.450580596923828e-09,8.78639257280156e-05,2026092704,coupled_lag1
behavior.2,28,45,1.4901161193847656e-08,0.00013632742047775537,2026092704,coupled_lag1
time.0,28,46,1.4901161193847656e-08,0.0005077326204627752,2026092704,coupled_lag1
time.1,28,46,1.4901161193847656e-08,0.00024655048036947846,2026092704,coupled_lag1
time.2,28,46,4.470348358154297e-08,0.0007353790570050478,2026092704,coupled_lag1
behavior.0,28,46,1.4901161193847656e-08,0.00021340633975341916,2026092704,coupled_lag1
behavior.1,28,46,1.1175870895385742e-08,9.089548257179558e-05,2026092704,coupled_lag1
behavior.2,28,46,1.4901161193847656e-08,0.00016408423834946007,2026092704,coupled_lag1
time.0,28,47,2.2351741790771484e-08,0.00045435765059664845,2026092704,coupled_lag1
time.1,28,47,1.4901161193847656e-08,0.0002403372200205922,2026092704,coupled_lag1
time.2,28,47,1.4901161193847656e-08,0.0007187727023847401,2026092704,coupled_lag1
behavior.0,28,47,1.4901161193847656e-08,0.00020319140458013862,2026092704,coupled_lag1
behavior.1,28,47,1.1175870895385742e-08,8.958281978266314e-05,2026092704,coupled_lag1
behavior.2,28,47,1.4901161193847656e-08,0.000148848703247495,2026092704,coupled_lag1
time.0,28,48,2.9802322387695312e-08,0.0005804896354675293,2026092704,coupled_lag1
time.1,28,48,1.4901161193847656e-08,0.0002915991353802383,2026092704,coupled_lag1
time.2,28,48,2.9802322387695312e-08,0.0008281299960799515,2026092704,coupled_lag1
behavior.0,28,48,2.2351741790771484e-08,0.00021495376131497324,2026092704,coupled_lag1
behavior.1,28,48,1.1175870895385742e-08,8.915746002458036e-05,2026092704,coupled_lag1
behavior.2,28,48,1.4901161193847656e-08,0.0001389523531543091,2026092704,coupled_lag1
time.0,28,49,1.4901161193847656e-08,0.0005491983611136675,2026092704,coupled_lag1
time.1,28,49,1.4901161193847656e-08,0.0002716651652008295,2026092704,coupled_lag1
time.2,28,49,2.9802322387695312e-08,0.0007995932246558368,2026092704,coupled_lag1
behavior.0,28,49,1.4901161193847656e-08,0.00019704621809069067,2026092704,coupled_lag1
behavior.1,28,49,1.1175870895385742e-08,8.456681825919077e-05,2026092704,coupled_lag1
behavior.2,28,49,1.4901161193847656e-08,0.0001456233294447884,2026092704,coupled_lag1
time.0,28,50,1.4901161193847656e-08,0.0004389461246319115,2026092704,coupled_lag1
time.1,28,50,1.4901161193847656e-08,0.00021601203479804099,2026092704,coupled_lag1
time.2,28,50,4.470348358154297e-08,0.000741149706300348,2026092704,coupled_lag1
behavior.0,28,50,1.4901161193847656e-08,0.0002163609315175563,2026092704,coupled_lag1
behavior.1,28,50,1.1175870895385742e-08,8.985683234641328e-05,2026092704,coupled_lag1
behavior.2,28,50,1.1175870895385742e-08,0.00013874084106646478,2026092704,coupled_lag1
time.0,28,51,2.2351741790771484e-08,0.00046684479457326233,2026092704,coupled_lag1
time.1,28,51,2.2351741790771484e-08,0.00023376460012514144,2026092704,coupled_lag1
time.2,28,51,2.9802322387695312e-08,0.0008061876287683845,2026092704,coupled_lag1
behavior.0,28,51,1.4901161193847656e-08,0.0002110720961354673,2026092704,coupled_lag1
behavior.1,28,51,1.1175870895385742e-08,9.681023948360234e-05,2026092704,coupled_lag1
behavior.2,28,51,1.4901161193847656e-08,0.0001790861424524337,2026092704,coupled_lag1
time.0,28,52,2.2351741790771484e-08,0.00043114673462696373,2026092704,coupled_lag1
time.1,28,52,1.4901161193847656e-08,0.00022163386165630072,2026092704,coupled_lag1
time.2,28,52,1.4901161193847656e-08,0.0007682933355681598,2026092704,coupled_lag1
behavior.0,28,52,1.4901161193847656e-08,0.00019897634047083557,2026092704,coupled_lag1
behavior.1,28,52,1.1175870895385742e-08,8.772077853791416e-05,2026092704,coupled_lag1
behavior.2,28,52,1.1175870895385742e-08,0.00015739010996185243,2026092704,coupled_lag1
time.0,28,53,2.9802322387695312e-08,0.0006054015830159187,2026092704,coupled_lag1
time.1,28,53,1.4901161193847656e-08,0.0002898394304793328,2026092704,coupled_lag1
time.2,28,53,2.9802322387695312e-08,0.0009472754318267107,2026092704,coupled_lag1
behavior.0,28,53,1.4901161193847656e-08,0.00021268900309223682,2026092704,coupled_lag1
behavior.1,28,53,1.4901161193847656e-08,8.88381982804276e-05,2026092704,coupled_lag1
behavior.2,28,53,1.1175870895385742e-08,0.00014787384134251624,2026092704,coupled_lag1
time.0,28,54,1.4901161193847656e-08,0.00045027901069261134,2026092704,coupled_lag1
time.1,28,54,1.4901161193847656e-08,0.00023217724810820073,2026092704,coupled_lag1
time.2,28,54,2.9802322387695312e-08,0.0008079513791017234,2026092704,coupled_lag1
behavior.0,28,54,1.4901161193847656e-08,0.00020532829512376338,2026092704,coupled_lag1
behavior.1,28,54,1.1175870895385742e-08,9.164209041045979e-05,2026092704,coupled_lag1
behavior.2,28,54,1.1175870895385742e-08,0.00014539957919623703,2026092704,coupled_lag1
time.0,28,55,2.2351741790771484e-08,0.0005346014513634145,2026092704,coupled_lag1
time.1,28,55,1.4901161193847656e-08,0.0002628769143484533,2026092704,coupled_lag1
time.2,28,55,1.4901161193847656e-08,0.0008736310410313308,2026092704,coupled_lag1
behavior.0,28,55,1.4901161193847656e-08,0.0001948367862496525,2026092704,coupled_lag1
behavior.1,28,55,1.1175870895385742e-08,8.543652802472934e-05,2026092704,coupled_lag1
behavior.2,28,55,1.4901161193847656e-08,0.00014977004320826381,2026092704,coupled_lag1
time.0,28,56,2.9802322387695312e-08,0.0005239017773419619,2026092704,coupled_lag1
time.1,28,56,1.4901161193847656e-08,0.00026832183357328176,2026092704,coupled_lag1
time.2,28,56,2.9802322387695312e-08,0.0008264864445663989,2026092704,coupled_lag1
behavior.0,28,56,1.1175870895385742e-08,0.00020615301036741585,2026092704,coupled_lag1
behavior.1,28,56,1.1175870895385742e-08,9.337804658571258e-05,2026092704,coupled_lag1
behavior.2,28,56,7.450580596923828e-09,0.00014804417151026428,2026092704,coupled_lag1
time.0,28,57,2.2351741790771484e-08,0.0004403869970701635,2026092704,coupled_lag1
time.1,28,57,1.4901161193847656e-08,0.00020799141202587634,2026092704,coupled_lag1
time.2,28,57,2.9802322387695312e-08,0.0007086502737365663,2026092704,coupled_lag1
behavior.0,28,57,2.2351741790771484e-08,0.00020571242203004658,2026092704,coupled_lag1
behavior.1,28,57,1.1175870895385742e-08,8.572042133891955e-05,2026092704,coupled_lag1
behavior.2,28,57,1.4901161193847656e-08,0.0001520910591352731,2026092704,coupled_lag1
time.0,28,58,1.4901161193847656e-08,0.000552678422536701,2026092704,coupled_lag1
time.1,28,58,7.450580596923828e-09,0.0002679921453818679,2026092704,coupled_lag1
time.2,28,58,2.9802322387695312e-08,0.0008507499005645514,2026092704,coupled_lag1
behavior.0,28,58,1.4901161193847656e-08,0.00024297607888001949,2026092704,coupled_lag1
behavior.1,28,58,1.1175870895385742e-08,9.632301953388378e-05,2026092704,coupled_lag1
behavior.2,28,58,1.4901161193847656e-08,0.00015542557230219245,2026092704,coupled_lag1
time.0,28,59,1.4901161193847656e-08,0.00048663647612556815,2026092704,coupled_lag1
time.1,28,59,1.4901161193847656e-08,0.0002534924424253404,2026092704,coupled_lag1
time.2,28,59,2.9802322387695312e-08,0.0008271784754469991,2026092704,coupled_lag1
behavior.0,28,59,1.862645149230957e-08,0.00019769657228607684,2026092704,coupled_lag1
behavior.1,28,59,1.1175870895385742e-08,9.316464274888858e-05,2026092704,coupled_lag1
behavior.2,28,59,1.4901161193847656e-08,0.00016133819008246064,2026092704,coupled_lag1
time.0,28,60,1.4901161193847656e-08,0.00047800285392440856,2026092704,coupled_lag1
time.1,28,60,1.4901161193847656e-08,0.00025306246243417263,2026092704,coupled_lag1
time.2,28,60,2.9802322387695312e-08,0.0007799462764523923,2026092704,coupled_lag1
behavior.0,28,60,1.862645149230957e-08,0.00018890222418121994,2026092704,coupled_lag1
behavior.1,28,60,1.1175870895385742e-08,8.613886166131124e-05,2026092704,coupled_lag1
behavior.2,28,60,1.4901161193847656e-08,0.00016629599849693477,2026092704,coupled_lag1
time.0,28,61,2.9802322387695312e-08,0.00045675146975554526,2026092704,coupled_lag1
time.1,28,61,1.4901161193847656e-08,0.0002335798053536564,2026092704,coupled_lag1
time.2,28,61,1.4901161193847656e-08,0.0006878157728351653,2026092704,coupled_lag1
behavior.0,28,61,1.4901161193847656e-08,0.0002102347498293966,2026092704,coupled_lag1
behavior.1,28,61,7.450580596923828e-09,8.47622359287925e-05,2026092704,coupled_lag1
behavior.2,28,61,1.1175870895385742e-08,0.0001437045430066064,2026092704,coupled_lag1
time.0,28,62,2.2351741790771484e-08,0.0005155812832526863,2026092704,coupled_lag1
time.1,28,62,1.4901161193847656e-08,0.0002649191883392632,2026092704,coupled_lag1
time.2,28,62,2.2351741790771484e-08,0.0007491179858334363,2026092704,coupled_lag1
behavior.0,28,62,1.4901161193847656e-08,0.00019617452926468104,2026092704,coupled_lag1
behavior.1,28,62,1.1175870895385742e-08,8.115548553178087e-05,2026092704,coupled_lag1
behavior.2,28,62,1.4901161193847656e-08,0.00014913895574864,2026092704,coupled_lag1
time.0,28,63,1.4901161193847656e-08,0.0004919263301417232,2026092704,coupled_lag1
time.1,28,63,1.4901161193847656e-08,0.00025913483113981783,2026092704,coupled_lag1
time.2,28,63,2.9802322387695312e-08,0.0008451381581835449,2026092704,coupled_lag1
behavior.0,28,63,1.4901161193847656e-08,0.0002001579268835485,2026092704,coupled_lag1
behavior.1,28,63,1.1175870895385742e-08,9.567145752953365e-05,2026092704,coupled_lag1
behavior.2,28,63,1.4901161193847656e-08,0.00017572820070199668,2026092704,coupled_lag1
time.0,28,64,2.9802322387695312e-08,0.0005570497596636415,2026092704,coupled_lag1
time.1,28,64,1.4901161193847656e-08,0.00028575072064995766,2026092704,coupled_lag1
time.2,28,64,2.9802322387695312e-08,0.0009344677091576159,2026092704,coupled_lag1
behavior.0,28,64,1.4901161193847656e-08,0.00020232175302226096,2026092704,coupled_lag1
behavior.1,28,64,1.4901161193847656e-08,8.814349712338299e-05,2026092704,coupled_lag1
behavior.2,28,64,1.4901161193847656e-08,0.00015683269884902984,2026092704,coupled_lag1
time.0,28,65,2.2351741790771484e-08,0.0004405103391036391,2026092704,coupled_lag1
time.1,28,65,1.4901161193847656e-08,0.00022866897052153945,2026092704,coupled_lag1
time.2,28,65,1.4901161193847656e-08,0.0007614748901687562,2026092704,coupled_lag1
behavior.0,28,65,1.4901161193847656e-08,0.00020321932970546186,2026092704,coupled_lag1
behavior.1,28,65,1.1175870895385742e-08,9.12053365027532e-05,2026092704,coupled_lag1
behavior.2,28,65,1.4901161193847656e-08,0.00018563262710813433,2026092704,coupled_lag1
time.0,28,66,2.2351741790771484e-08,0.0005169515497982502,2026092704,coupled_lag1
time.1,28,66,1.4901161193847656e-08,0.00026493752375245094,2026092704,coupled_lag1
time.2,28,66,2.9802322387695312e-08,0.0009408624609932303,2026092704,coupled_lag1
behavior.0,28,66,1.4901161193847656e-08,0.00019578036153689027,2026092704,coupled_lag1
behavior.1,28,66,1.1175870895385742e-08,9.187906834995374e-05,2026092704,coupled_lag1
behavior.2,28,66,1.4901161193847656e-08,0.00018949637887999415,2026092704,coupled_lag1
time.0,28,67,2.9802322387695312e-08,0.0006607930990867317,2026092704,coupled_lag1
time.1,28,67,1.4901161193847656e-08,0.00032283877953886986,2026092704,coupled_lag1
time.2,28,67,4.470348358154297e-08,0.0010563662508502603,2026092704,coupled_lag1
behavior.0,28,67,1.4901161193847656e-08,0.0001969657896552235,2026092704,coupled_lag1
behavior.1,28,67,1.1175870895385742e-08,8.020922541618347e-05,2026092704,coupled_lag1
behavior.2,28,67,1.4901161193847656e-08,0.0001642218849156052,2026092704,coupled_lag1
time.0,28,68,1.4901161193847656e-08,0.0004481164214666933,2026092704,coupled_lag1
time.1,28,68,1.4901161193847656e-08,0.0002348691486986354,2026092704,coupled_lag1
time.2,28,68,2.9802322387695312e-08,0.0008924776338972151,2026092704,coupled_lag1
behavior.0,28,68,1.4901161193847656e-08,0.0002131638175342232,2026092704,coupled_lag1
behavior.1,28,68,1.1175870895385742e-08,8.468063606414944e-05,2026092704,coupled_lag1
behavior.2,28,68,1.4901161193847656e-08,0.0001620140828890726,2026092704,coupled_lag1
time.0,28,69,1.4901161193847656e-08,0.0006153311114758253,2026092704,coupled_lag1
time.1,28,69,2.2351741790771484e-08,0.000316886929795146,2026092704,coupled_lag1
time.2,28,69,2.9802322387695312e-08,0.0010525330435484648,2026092704,coupled_lag1
behavior.0,28,69,1.4901161193847656e-08,0.00023318435705732554,2026092704,coupled_lag1
behavior.1,28,69,1.1175870895385742e-08,9.228834096575156e-05,2026092704,coupled_lag1
behavior.2,28,69,7.450580596923828e-09,0.000153055225382559,2026092704,coupled_lag1
time.0,28,70,2.9802322387695312e-08,0.0005513665964826941,2026092704,coupled_lag1
time.1,28,70,1.4901161193847656e-08,0.00028472940903156996,2026092704,coupled_lag1
time.2,28,70,2.9802322387695312e-08,0.0009105900535359979,2026092704,coupled_lag1
behavior.0,28,70,2.2351741790771484e-08,0.00023001802037470043,2026092704,coupled_lag1
behavior.1,28,70,7.450580596923828e-09,9.204134403262287e-05,2026092704,coupled_lag1
behavior.2,28,70,1.1175870895385742e-08,0.0001554527407279238,2026092704,coupled_lag1
time.0,28,71,2.9802322387695312e-08,0.0005367883131839335,2026092704,coupled_lag1
time.1,28,71,1.4901161193847656e-08,0.0002819412911776453,2026092704,coupled_lag1
time.2,28,71,2.9802322387695312e-08,0.0008864381816238165,2026092704,coupled_lag1
behavior.0,28,71,1.4901161193847656e-08,0.00019709077605511993,2026092704,coupled_lag1
behavior.1,28,71,1.1175870895385742e-08,8.88476351974532e-05,2026092704,coupled_lag1
behavior.2,28,71,1.1175870895385742e-08,0.00017855373152997345,2026092704,coupled_lag1
time.0,28,72,2.9802322387695312e-08,0.0006845029420219362,2026092704,coupled_lag1
time.1,28,72,1.4901161193847656e-08,0.0003332867054268718,2026092704,coupled_lag1
time.2,28,72,2.9802322387695312e-08,0.001200743019580841,2026092704,coupled_lag1
behavior.0,28,72,1.4901161193847656e-08,0.0001964964612852782,2026092704,coupled_lag1
behavior.1,28,72,7.450580596923828e-09,8.304753282573074e-05,2026092704,coupled_lag1
behavior.2,28,72,1.4901161193847656e-08,0.00015860570420045406,2026092704,coupled_lag1
time.0,28,73,2.2351741790771484e-08,0.0007611858891323209,2026092704,coupled_lag1
time.1,28,73,1.4901161193847656e-08,0.00034809898352250457,2026092704,coupled_lag1
time.2,28,73,2.9802322387695312e-08,0.0012502461904659867,2026092704,coupled_lag1
behavior.0,28,73,1.4901161193847656e-08,0.00019862189947161824,2026092704,coupled_lag1
behavior.1,28,73,1.1175870895385742e-08,8.379866631003097e-05,2026092704,coupled_lag1
behavior.2,28,73,1.4901161193847656e-08,0.00016924102965276688,2026092704,coupled_lag1
time.0,28,74,2.2351741790771484e-08,0.0004980420344509184,2026092704,coupled_lag1
time.1,28,74,1.1175870895385742e-08,0.0002402488316874951,2026092704,coupled_lag1
time.2,28,74,2.9802322387695312e-08,0.0009157826425507665,2026092704,coupled_lag1
behavior.0,28,74,1.4901161193847656e-08,0.00021030429343227297,2026092704,coupled_lag1
behavior.1,28,74,1.1175870895385742e-08,8.697631710674614e-05,2026092704,coupled_lag1
behavior.2,28,74,1.4901161193847656e-08,0.0001542437676107511,2026092704,coupled_lag1
time.0,28,75,2.2351741790771484e-08,0.0004740789590869099,2026092704,coupled_lag1
time.1,28,75,1.4901161193847656e-08,0.0002370979345869273,2026092704,coupled_lag1
time.2,28,75,2.2351741790771484e-08,0.0008468882297165692,2026092704,coupled_lag1
behavior.0,28,75,1.4901161193847656e-08,0.00023943211999721825,2026092704,coupled_lag1
behavior.1,28,75,7.450580596923828e-09,9.154200233751908e-05,2026092704,coupled_lag1
behavior.2,28,75,1.4901161193847656e-08,0.00017259457672480494,2026092704,coupled_lag1
time.0,28,76,1.4901161193847656e-08,0.00043452292447909713,2026092704,coupled_lag1
time.1,28,76,1.4901161193847656e-08,0.00022015665308572352,2026092704,coupled_lag1
time.2,28,76,2.9802322387695312e-08,0.0008100614650174975,2026092704,coupled_lag1
behavior.0,28,76,1.4901161193847656e-08,0.0002029780443990603,2026092704,coupled_lag1
behavior.1,28,76,1.1175870895385742e-08,9.550484537612647e-05,2026092704,coupled_lag1
behavior.2,28,76,1.4901161193847656e-08,0.0001764700427884236,2026092704,coupled_lag1
time.0,28,77,2.2351741790771484e-08,0.0006266608834266663,2026092704,coupled_lag1
time.1,28,77,1.4901161193847656e-08,0.00029327243100851774,2026092704,coupled_lag1
time.2,28,77,2.9802322387695312e-08,0.001102438080124557,2026092704,coupled_lag1
behavior.0,28,77,1.4901161193847656e-08,0.0002047443122137338,2026092704,coupled_lag1
behavior.1,28,77,1.1175870895385742e-08,8.864963456289843e-05,2026092704,coupled_lag1
behavior.2,28,77,1.4901161193847656e-08,0.00018732454918790609,2026092704,coupled_lag1
time.0,28,78,2.2351741790771484e-08,0.0005392860039137304,2026092704,coupled_lag1
time.1,28,78,2.2351741790771484e-08,0.00027109679649583995,2026092704,coupled_lag1
time.2,28,78,4.470348358154297e-08,0.0009254611213691533,2026092704,coupled_lag1
behavior.0,28,78,1.4901161193847656e-08,0.0001912952575366944,2026092704,coupled_lag1
behavior.1,28,78,7.450580596923828e-09,8.45016838866286e-05,2026092704,coupled_lag1
behavior.2,28,78,1.4901161193847656e-08,0.00016623633564449847,2026092704,coupled_lag1
time.0,28,79,1.4901161193847656e-08,0.0006648387061432004,2026092704,coupled_lag1
time.1,28,79,1.4901161193847656e-08,0.0003237960336264223,2026092704,coupled_lag1
time.2,28,79,2.9802322387695312e-08,0.001139410655014217,2026092704,coupled_lag1
behavior.0,28,79,1.862645149230957e-08,0.00019781348237302154,2026092704,coupled_lag1
behavior.1,28,79,1.1175870895385742e-08,9.137536108028144e-05,2026092704,coupled_lag1
behavior.2,28,79,1.4901161193847656e-08,0.00017783851944841444,2026092704,coupled_lag1
time.0,28,80,2.9802322387695312e-08,0.0005602000746876001,2026092704,coupled_lag1
time.1,28,80,1.4901161193847656e-08,0.00027206839877180755,2026092704,coupled_lag1
time.2,28,80,4.470348358154297e-08,0.0009105667704716325,2026092704,coupled_lag1
behavior.0,28,80,1.4901161193847656e-08,0.0002315152669325471,2026092704,coupled_lag1
behavior.1,28,80,7.450580596923828e-09,9.515707643004134e-05,2026092704,coupled_lag1
behavior.2,28,80,1.4901161193847656e-08,0.00017768741236068308,2026092704,coupled_lag1
time.0,28,81,1.4901161193847656e-08,0.0005782885709777474,2026092704,coupled_lag1
time.1,28,81,2.2351741790771484e-08,0.00029050721786916256,2026092704,coupled_lag1
time.2,28,81,2.9802322387695312e-08,0.0008869872544892132,2026092704,coupled_lag1
behavior.0,28,81,1.4901161193847656e-08,0.00019835591956507415,2026092704,coupled_lag1
behavior.1,28,81,1.4901161193847656e-08,8.44598253024742e-05,2026092704,coupled_lag1
behavior.2,28,81,1.4901161193847656e-08,0.00015449764032382518,2026092704,coupled_lag1
time.0,28,82,2.2351741790771484e-08,0.0005170398508198559,2026092704,coupled_lag1
time.1,28,82,1.4901161193847656e-08,0.0002512488281354308,2026092704,coupled_lag1
time.2,28,82,5.960464477539063e-08,0.0008602144080214202,2026092704,coupled_lag1
behavior.0,28,82,1.4901161193847656e-08,0.00019560598593670875,2026092704,coupled_lag1
behavior.1,28,82,1.1175870895385742e-08,8.422839891863987e-05,2026092704,coupled_lag1
behavior.2,28,82,1.4901161193847656e-08,0.00016987907292786986,2026092704,coupled_lag1
time.0,28,83,1.4901161193847656e-08,0.0006259465590119362,2026092704,coupled_lag1
time.1,28,83,2.2351741790771484e-08,0.0002984122547786683,2026092704,coupled_lag1
time.2,28,83,2.9802322387695312e-08,0.0010230544721707702,2026092704,coupled_lag1
behavior.0,28,83,1.4901161193847656e-08,0.000195110056665726,2026092704,coupled_lag1
behavior.1,28,83,1.1175870895385742e-08,8.804175013210624e-05,2026092704,coupled_lag1
behavior.2,28,83,1.1175870895385742e-08,0.00016847971710376441,2026092704,coupled_lag1
time.0,28,84,1.4901161193847656e-08,0.00043663583346642554,2026092704,coupled_lag1
time.1,28,84,1.4901161193847656e-08,0.0002368425775784999,2026092704,coupled_lag1
time.2,28,84,2.9802322387695312e-08,0.0007949083810672164,2026092704,coupled_lag1
behavior.0,28,84,1.4901161193847656e-08,0.00019448799139354378,2026092704,coupled_lag1
behavior.1,28,84,7.450580596923828e-09,8.134554082062095e-05,2026092704,coupled_lag1
behavior.2,28,84,1.1175870895385742e-08,0.00016073067672550678,2026092704,coupled_lag1
time.0,28,85,2.9802322387695312e-08,0.0004390918184071779,2026092704,coupled_lag1
time.1,28,85,1.4901161193847656e-08,0.0002223696792498231,2026092704,coupled_lag1
time.2,28,85,4.470348358154297e-08,0.0008142876904457808,2026092704,coupled_lag1
behavior.0,28,85,1.4901161193847656e-08,0.00019730393250938505,2026092704,coupled_lag1
behavior.1,28,85,1.4901161193847656e-08,8.752778376219794e-05,2026092704,coupled_lag1
behavior.2,28,85,1.4901161193847656e-08,0.00016996196063701063,2026092704,coupled_lag1
time.0,28,86,1.4901161193847656e-08,0.0005001885583624244,2026092704,coupled_lag1
time.1,28,86,1.1175870895385742e-08,0.0002420842065475881,2026092704,coupled_lag1
time.2,28,86,2.9802322387695312e-08,0.0008739683544263244,2026092704,coupled_lag1
behavior.0,28,86,1.4901161193847656e-08,0.000223841198021546,2026092704,coupled_lag1
behavior.1,28,86,1.1175870895385742e-08,9.785591100808233e-05,2026092704,coupled_lag1
behavior.2,28,86,1.4901161193847656e-08,0.00016186517314054072,2026092704,coupled_lag1
time.0,28,87,1.4901161193847656e-08,0.0005639148876070976,2026092704,coupled_lag1
time.1,28,87,1.4901161193847656e-08,0.00027986717759631574,2026092704,coupled_lag1
time.2,28,87,4.470348358154297e-08,0.0009482601890340447,2026092704,coupled_lag1
behavior.0,28,87,1.4901161193847656e-08,0.0001927878038259223,2026092704,coupled_lag1
behavior.1,28,87,1.4901161193847656e-08,9.370229963678867e-05,2026092704,coupled_lag1
behavior.2,28,87,1.4901161193847656e-08,0.00015586137305945158,2026092704,coupled_lag1
time.0,28,88,2.9802322387695312e-08,0.0005687519442290068,2026092704,coupled_lag1
time.1,28,88,1.4901161193847656e-08,0.00029615286621265113,2026092704,coupled_lag1
time.2,28,88,2.9802322387695312e-08,0.0009428667835891247,2026092704,coupled_lag1
behavior.0,28,88,1.4901161193847656e-08,0.00018879697017837316,2026092704,coupled_lag1
behavior.1,28,88,1.1175870895385742e-08,8.703269850229844e-05,2026092704,coupled_lag1
behavior.2,28,88,1.4901161193847656e-08,0.00016125384718179703,2026092704,coupled_lag1
time.0,28,89,1.4901161193847656e-08,0.00046531279804185033,2026092704,coupled_lag1
time.1,28,89,1.4901161193847656e-08,0.0002272073325002566,2026092704,coupled_lag1
time.2,28,89,2.9802322387695312e-08,0.0007793524418957531,2026092704,coupled_lag1
behavior.0,28,89,1.862645149230957e-08,0.0002159865398425609,2026092704,coupled_lag1
behavior.1,28,89,1.4901161193847656e-08,8.797492773737758e-05,2026092704,coupled_lag1
behavior.2,28,89,1.4901161193847656e-08,0.0001517359632998705,2026092704,coupled_lag1
time.0,28,90,2.2351741790771484e-08,0.00045652093831449747,2026092704,coupled_lag1
time.1,28,90,1.4901161193847656e-08,0.00023132046044338495,2026092704,coupled_lag1
time.2,28,90,2.9802322387695312e-08,0.0008388686110265553,2026092704,coupled_lag1
behavior.0,28,90,1.1175870895385742e-08,0.00020276733266655356,2026092704,coupled_lag1
behavior.1,28,90,7.450580596923828e-09,8.196357521228492e-05,2026092704,coupled_lag1
behavior.2,28,90,1.4901161193847656e-08,0.00015812134370207787,2026092704,coupled_lag1
time.0,28,91,2.9802322387695312e-08,0.0006669113645330071,2026092704,coupled_lag1
time.1,28,91,1.4901161193847656e-08,0.0003473673714324832,2026092704,coupled_lag1
time.2,28,91,2.9802322387695312e-08,0.0010307914344593883,2026092704,coupled_lag1
behavior.0,28,91,1.4901161193847656e-08,0.00018662125512491912,2026092704,coupled_lag1
behavior.1,28,91,1.1175870895385742e-08,8.592077938374132e-05,2026092704,coupled_lag1
behavior.2,28,91,1.1175870895385742e-08,0.00013857142766937613,2026092704,coupled_lag1
time.0,28,92,1.862645149230957e-08,0.0005970564088784158,2026092704,coupled_lag1
time.1,28,92,1.4901161193847656e-08,0.00032552509219385684,2026092704,coupled_lag1
time.2,28,92,2.9802322387695312e-08,0.0010009915567934513,2026092704,coupled_lag1
behavior.0,28,92,1.4901161193847656e-08,0.0001855742302723229,2026092704,coupled_lag1
behavior.1,28,92,7.450580596923828e-09,8.516061643604189e-05,2026092704,coupled_lag1
behavior.2,28,92,1.4901161193847656e-08,0.00016052955470513552,2026092704,coupled_lag1
time.0,28,93,1.4901161193847656e-08,0.00040812641964294016,2026092704,coupled_lag1
time.1,28,93,1.4901161193847656e-08,0.00020040130766574293,2026092704,coupled_lag1
time.2,28,93,2.9802322387695312e-08,0.0007431705598719418,2026092704,coupled_lag1
behavior.0,28,93,1.4901161193847656e-08,0.0002153850073227659,2026092704,coupled_lag1
behavior.1,28,93,1.1175870895385742e-08,8.336414612131193e-05,2026092704,coupled_lag1
behavior.2,28,93,1.1175870895385742e-08,0.00016415015852544457,2026092704,coupled_lag1
time.0,28,94,1.4901161193847656e-08,0.0004636750090867281,2026092704,coupled_lag1
time.1,28,94,1.4901161193847656e-08,0.0002453013730701059,2026092704,coupled_lag1
time.2,28,94,2.2351741790771484e-08,0.0008041014079935849,2026092704,coupled_lag1
behavior.0,28,94,2.9802322387695312e-08,0.00022689634351991117,2026092704,coupled_lag1
behavior.1,28,94,1.1175870895385742e-08,9.049897926161066e-05,2026092704,coupled_lag1
behavior.2,28,94,1.1175870895385742e-08,0.00016243882419075817,2026092704,coupled_lag1
time.0,28,95,1.4901161193847656e-08,0.00039622036274522543,2026092704,coupled_lag1
time.1,28,95,1.4901161193847656e-08,0.00020342011703178287,2026092704,coupled_lag1
time.2,28,95,2.9802322387695312e-08,0.000668769353069365,2026092704,coupled_lag1
behavior.0,28,95,1.4901161193847656e-08,0.0002075143129331991,2026092704,coupled_lag1
behavior.1,28,95,1.1175870895385742e-08,8.203220932045951e-05,2026092704,coupled_lag1
behavior.2,28,95,1.4901161193847656e-08,0.0001500065700383857,2026092704,coupled_lag1
time.0,28,96,2.9802322387695312e-08,0.00046242488315328956,2026092704,coupled_lag1
time.1,28,96,1.1175870895385742e-08,0.0002365512918913737,2026092704,coupled_lag1
time.2,28,96,2.9802322387695312e-08,0.0007166488212533295,2026092704,coupled_lag1
behavior.0,28,96,1.4901161193847656e-08,0.00020298622257541865,2026092704,coupled_lag1
behavior.1,28,96,1.1175870895385742e-08,8.661068568471819e-05,2026092704,coupled_lag1
behavior.2,28,96,1.4901161193847656e-08,0.00015747279394418,2026092704,coupled_lag1
time.0,28,97,2.2351741790771484e-08,0.0004172578628640622,2026092704,coupled_lag1
time.1,28,97,1.4901161193847656e-08,0.0002155886759283021,2026092704,coupled_lag1
time.2,28,97,5.960464477539063e-08,0.0007060854113660753,2026092704,coupled_lag1
behavior.0,28,97,1.4901161193847656e-08,0.0001923698146129027,2026092704,coupled_lag1
behavior.1,28,97,1.1175870895385742e-08,8.903181151254103e-05,2026092704,coupled_lag1
behavior.2,28,97,1.4901161193847656e-08,0.0001586055150255561,2026092704,coupled_lag1
time.0,28,98,2.9802322387695312e-08,0.0006315021310001612,2026092704,coupled_lag1
time.1,28,98,1.4901161193847656e-08,0.0003207395493518561,2026092704,coupled_lag1
time.2,28,98,2.9802322387695312e-08,0.0010271638166159391,2026092704,coupled_lag1
behavior.0,28,98,1.4901161193847656e-08,0.00018344946147408336,2026092704,coupled_lag1
behavior.1,28,98,1.1175870895385742e-08,7.903060759417713e-05,2026092704,coupled_lag1
behavior.2,28,98,1.1175870895385742e-08,0.00014534933143295348,2026092704,coupled_lag1
time.0,28,99,2.2351741790771484e-08,0.00040658473153598607,2026092704,coupled_lag1
time.1,28,99,1.4901161193847656e-08,0.00021612718410324305,2026092704,coupled_lag1
time.2,28,99,1.4901161193847656e-08,0.0006976378499530256,2026092704,coupled_lag1
behavior.0,28,99,1.4901161193847656e-08,0.00018993785488419235,2026092704,coupled_lag1
behavior.1,28,99,1.4901161193847656e-08,9.163341746898368e-05,2026092704,coupled_lag1
behavior.2,28,99,7.450580596923828e-09,0.00016003365453798324,2026092704,coupled_lag1
time.0,28,100,2.2351741790771484e-08,0.0006827642791904509,2026092704,coupled_lag1
time.1,28,100,2.2351741790771484e-08,0.00033778499346226454,2026092704,coupled_lag1
time.2,28,100,2.9802322387695312e-08,0.0011045815190300345,2026092704,coupled_lag1
behavior.0,28,100,1.4901161193847656e-08,0.0001879640039987862,2026092704,coupled_lag1
behavior.1,28,100,1.1175870895385742e-08,9.046854393091053e-05,2026092704,coupled_lag1
behavior.2,28,100,1.4901161193847656e-08,0.00016965118993539363,2026092704,coupled_lag1
time.0,28,101,1.4901161193847656e-08,0.0004362734907772392,2026092704,coupled_lag1
time.1,28,101,1.4901161193847656e-08,0.0002321843057870865,2026092704,coupled_lag1
time.2,28,101,2.9802322387695312e-08,0.0007650571060366929,2026092704,coupled_lag1
behavior.0,28,101,1.4901161193847656e-08,0.00018970332166645676,2026092704,coupled_lag1
behavior.1,28,101,7.450580596923828e-09,8.778329356573522e-05,2026092704,coupled_lag1
behavior.2,28,101,1.1175870895385742e-08,0.00017190298240166157,2026092704,coupled_lag1
time.0,28,102,1.4901161193847656e-08,0.00038306519854813814,2026092704,coupled_lag1
time.1,28,102,1.1175870895385742e-08,0.00021600432228296995,2026092704,coupled_lag1
time.2,28,102,2.9802322387695312e-08,0.0006770126638002694,2026092704,coupled_lag1
behavior.0,28,102,2.2351741790771484e-08,0.00020048784790560603,2026092704,coupled_lag1
behavior.1,28,102,1.4901161193847656e-08,8.724485815037042e-05,2026092704,coupled_lag1
behavior.2,28,102,1.1175870895385742e-08,0.0001562244287924841,2026092704,coupled_lag1
time.0,28,103,2.2351741790771484e-08,0.0004543420218396932,2026092704,coupled_lag1
time.1,28,103,1.4901161193847656e-08,0.00023563236754853278,2026092704,coupled_lag1
time.2,28,103,2.9802322387695312e-08,0.0007470845011994243,2026092704,coupled_lag1
behavior.0,28,103,1.4901161193847656e-08,0.00024421687703579664,2026092704,coupled_lag1
behavior.1,28,103,1.4901161193847656e-08,0.00010806959471665323,2026092704,coupled_lag1
behavior.2,28,103,1.1175870895385742e-08,0.00018062061280943453,2026092704,coupled_lag1
time.0,28,104,1.4901161193847656e-08,0.00039060466224327683,2026092704,coupled_lag1
time.1,28,104,1.4901161193847656e-08,0.00020872273307759315,2026092704,coupled_lag1
time.2,28,104,2.2351741790771484e-08,0.0006645217072218657,2026092704,coupled_lag1
behavior.0,28,104,1.4901161193847656e-08,0.00018217155593447387,2026092704,coupled_lag1
behavior.1,28,104,1.1175870895385742e-08,8.57616905705072e-05,2026092704,coupled_lag1
behavior.2,28,104,7.450580596923828e-09,0.00016685406444594264,2026092704,coupled_lag1
time.0,28,105,2.9802322387695312e-08,0.0005765334935858846,2026092704,coupled_lag1
time.1,28,105,1.4901161193847656e-08,0.0002929437905550003,2026092704,coupled_lag1
time.2,28,105,1.4901161193847656e-08,0.0008639973239041865,2026092704,coupled_lag1
behavior.0,28,105,1.4901161193847656e-08,0.00017741818737704307,2026092704,coupled_lag1
behavior.1,28,105,1.1175870895385742e-08,9.045629121828824e-05,2026092704,coupled_lag1
behavior.2,28,105,1.4901161193847656e-08,0.00015977489238139242,2026092704,coupled_lag1
time.0,28,106,1.4901161193847656e-08,0.0007208757451735437,2026092704,coupled_lag1
time.1,28,106,1.4901161193847656e-08,0.00036664417712017894,2026092704,coupled_lag1
time.2,28,106,2.9802322387695312e-08,0.0010996157070621848,2026092704,coupled_lag1
behavior.0,28,106,1.4901161193847656e-08,0.00018893551896326244,2026092704,coupled_lag1
behavior.1,28,106,7.450580596923828e-09,8.458669617539272e-05,2026092704,coupled_lag1
behavior.2,28,106,1.1175870895385742e-08,0.00016703474102541804,2026092704,coupled_lag1
time.0,28,107,1.4901161193847656e-08,0.0005316567257978022,2026092704,coupled_lag1
time.1,28,107,1.4901161193847656e-08,0.0002661841572262347,2026092704,coupled_lag1
time.2,28,107,2.9802322387695312e-08,0.0009130237740464509,2026092704,coupled_lag1
behavior.0,28,107,1.4901161193847656e-08,0.00019282633729744703,2026092704,coupled_lag1
behavior.1,28,107,1.1175870895385742e-08,8.596769475843757e-05,2026092704,coupled_lag1
behavior.2,28,107,1.4901161193847656e-08,0.0001509623834863305,2026092704,coupled_lag1
time.0,28,108,1.4901161193847656e-08,0.0004992875037714839,2026092704,coupled_lag1
time.1,28,108,1.4901161193847656e-08,0.0002519229310564697,2026092704,coupled_lag1
time.2,28,108,2.9802322387695312e-08,0.0008004826959222555,2026092704,coupled_lag1
behavior.0,28,108,1.862645149230957e-08,0.00020612897060345858,2026092704,coupled_lag1
behavior.1,28,108,1.1175870895385742e-08,9.36405558604747e-05,2026092704,coupled_lag1
behavior.2,28,108,1.4901161193847656e-08,0.00016153245815075934,2026092704,coupled_lag1
time.0,28,109,2.2351741790771484e-08,0.000437790818978101,2026092704,coupled_lag1
time.1,28,109,1.4901161193847656e-08,0.00022745309979654849,2026092704,coupled_lag1
time.2,28,109,2.9802322387695312e-08,0.000767420104239136,2026092704,coupled_lag1
behavior.0,28,109,1.4901161193847656e-08,0.00020285001664888114,2026092704,coupled_lag1
behavior.1,28,109,7.450580596923828e-09,9.369846520712599e-05,2026092704,coupled_lag1
behavior.2,28,109,1.4901161193847656e-08,0.00017763183859642595,2026092704,coupled_lag1
time.0,28,110,1.4901161193847656e-08,0.00043132202699780464,2026092704,coupled_lag1
time.1,28,110,1.1175870895385742e-08,0.00023631595831830055,2026092704,coupled_lag1
time.2,28,110,2.9802322387695312e-08,0.0007634346839040518,2026092704,coupled_lag1
behavior.0,28,110,1.4901161193847656e-08,0.00018187145178671926,2026092704,coupled_lag1
behavior.1,28,110,7.450580596923828e-09,9.165311348624527e-05,2026092704,coupled_lag1
behavior.2,28,110,1.4901161193847656e-08,0.00017546526214573532,2026092704,coupled_lag1
time.0,28,111,4.470348358154297e-08,0.000506061885971576,2026092704,coupled_lag1
time.1,28,111,1.4901161193847656e-08,0.00024863352882675827,2026092704,coupled_lag1
time.2,28,111,4.470348358154297e-08,0.0008181786979548633,2026092704,coupled_lag1
behavior.0,28,111,2.2351741790771484e-08,0.00021187875245232135,2026092704,coupled_lag1
behavior.1,28,111,1.1175870895385742e-08,8.212458487832919e-05,2026092704,coupled_lag1
behavior.2,28,111,1.4901161193847656e-08,0.00014409198774956167,2026092704,coupled_lag1
time.0,28,112,2.9802322387695312e-08,0.000626579683739692,2026092704,coupled_lag1
time.1,28,112,1.4901161193847656e-08,0.00030743604293093085,2026092704,coupled_lag1
time.2,28,112,5.960464477539063e-08,0.001048476668074727,2026092704,coupled_lag1
behavior.0,28,112,1.4901161193847656e-08,0.00019307705224491656,2026092704,coupled_lag1
behavior.1,28,112,1.1175870895385742e-08,8.920101390685886e-05,2026092704,coupled_lag1
behavior.2,28,112,1.4901161193847656e-08,0.00017100691911764443,2026092704,coupled_lag1
time.0,28,113,1.4901161193847656e-08,0.0004391173424664885,2026092704,coupled_lag1
time.1,28,113,1.4901161193847656e-08,0.00022148255084175617,2026092704,coupled_lag1
time.2,28,113,2.9802322387695312e-08,0.0007794714765623212,2026092704,coupled_lag1
behavior.0,28,113,1.4901161193847656e-08,0.00019871079712174833,2026092704,coupled_lag1
behavior.1,28,113,1.1175870895385742e-08,8.003455877769738e-05,2026092704,coupled_lag1
behavior.2,28,113,1.4901161193847656e-08,0.00014925662253517658,2026092704,coupled_lag1
time.0,28,114,2.9802322387695312e-08,0.0005202523316256702,2026092704,coupled_lag1
time.1,28,114,1.4901161193847656e-08,0.00024876900715753436,2026092704,coupled_lag1
time.2,28,114,2.9802322387695312e-08,0.0009049774962477386,2026092704,coupled_lag1
behavior.0,28,114,1.4901161193847656e-08,0.00021719821961596608,2026092704,coupled_lag1
behavior.1,28,114,1.1175870895385742e-08,9.120639151660725e-05,2026092704,coupled_lag1
behavior.2,28,114,1.1175870895385742e-08,0.0001424823421984911,2026092704,coupled_lag1
time.0,28,115,2.2351741790771484e-08,0.0005304457154124975,2026092704,coupled_lag1
time.1,28,115,1.4901161193847656e-08,0.00026499456726014614,2026092704,coupled_lag1
time.2,28,115,2.9802322387695312e-08,0.0009905986953526735,2026092704,coupled_lag1
behavior.0,28,115,1.4901161193847656e-08,0.00019877530576195568,2026092704,coupled_lag1
behavior.1,28,115,1.1175870895385742e-08,8.558567060390487e-05,2026092704,coupled_lag1
behavior.2,28,115,1.4901161193847656e-08,0.00016953371232375503,2026092704,coupled_lag1
time.0,28,116,1.4901161193847656e-08,0.00043760682456195354,2026092704,coupled_lag1
time.1,28,116,1.4901161193847656e-08,0.00022538962366525084,2026092704,coupled_lag1
time.2,28,116,2.9802322387695312e-08,0.0008145741303451359,2026092704,coupled_lag1
behavior.0,28,116,1.4901161193847656e-08,0.00019693528884090483,2026092704,coupled_lag1
behavior.1,28,116,1.1175870895385742e-08,8.953670476330444e-05,2026092704,coupled_lag1
behavior.2,28,116,1.4901161193847656e-08,0.00017313854186795652,2026092704,coupled_lag1
time.0,28,117,1.4901161193847656e-08,0.0005136948893778026,2026092704,coupled_lag1
time.1,28,117,1.4901161193847656e-08,0.0002525925519876182,2026092704,coupled_lag1
time.2,28,117,2.9802322387695312e-08,0.0008561006397940218,2026092704,coupled_lag1
behavior.0,28,117,1.4901161193847656e-08,0.00020228789071552455,2026092704,coupled_lag1
behavior.1,28,117,1.1175870895385742e-08,8.849850564729422e-05,2026092704,coupled_lag1
behavior.2,28,117,1.4901161193847656e-08,0.0001674246450420469,2026092704,coupled_lag1
time.0,28,118,1.4901161193847656e-08,0.000430266693001613,2026092704,coupled_lag1
time.1,28,118,1.4901161193847656e-08,0.00022716487001162022,2026092704,coupled_lag1
time.2,28,118,2.9802322387695312e-08,0.0007476223981939256,2026092704,coupled_lag1
behavior.0,28,118,2.2351741790771484e-08,0.00019944416999351233,2026092704,coupled_lag1
behavior.1,28,118,1.1175870895385742e-08,8.715026342542842e-05,2026092704,coupled_lag1
behavior.2,28,118,1.4901161193847656e-08,0.0001540284720249474,2026092704,coupled_lag1
time.0,28,119,2.2351741790771484e-08,0.0005177133716642857,2026092704,coupled_lag1
time.1,28,119,1.4901161193847656e-08,0.00027015735395252705,2026092704,coupled_lag1
time.2,28,119,2.9802322387695312e-08,0.0007814342970959842,2026092704,coupled_lag1
behavior.0,28,119,1.4901161193847656e-08,0.00020593438239302486,2026092704,coupled_lag1
behavior.1,28,119,1.1175870895385742e-08,8.693944982951507e-05,2026092704,coupled_lag1
behavior.2,28,119,1.4901161193847656e-08,0.00016005459474399686,2026092704,coupled_lag1
time.0,28,120,2.9802322387695312e-08,0.0005942803691141307,2026092704,coupled_lag1
time.1,28,120,1.4901161193847656e-08,0.0002729924744926393,2026092704,coupled_lag1
time.2,28,120,2.9802322387695312e-08,0.0009797010570764542,2026092704,coupled_lag1
behavior.0,28,120,2.9802322387695312e-08,0.0002291776763740927,2026092704,coupled_lag1
behavior.1,28,120,1.1175870895385742e-08,8.851005986798555e-05,2026092704,coupled_lag1
behavior.2,28,120,1.1175870895385742e-08,0.0001504135288996622,2026092704,coupled_lag1
time.0,28,121,1.4901161193847656e-08,0.00038373825373128057,2026092704,coupled_lag1
time.1,28,121,1.4901161193847656e-08,0.0001924808748299256,2026092704,coupled_lag1
time.2,28,121,2.9802322387695312e-08,0.0006692985771223903,2026092704,coupled_lag1
behavior.0,28,121,2.2351741790771484e-08,0.00021210296836216003,2026092704,coupled_lag1
behavior.1,28,121,1.1175870895385742e-08,9.212626900989562e-05,2026092704,coupled_lag1
behavior.2,28,121,1.4901161193847656e-08,0.0001687444164417684,2026092704,coupled_lag1
time.0,28,122,1.4901161193847656e-08,0.0005083075957372785,2026092704,coupled_lag1
time.1,28,122,1.4901161193847656e-08,0.00023774863802827895,2026092704,coupled_lag1
time.2,28,122,5.960464477539063e-08,0.0008375727338716388,2026092704,coupled_lag1
behavior.0,28,122,1.4901161193847656e-08,0.0002069783367915079,2026092704,coupled_lag1
behavior.1,28,122,1.4901161193847656e-08,8.816087211016566e-05,2026092704,coupled_lag1
behavior.2,28,122,1.1175870895385742e-08,0.00014254040434025228,2026092704,coupled_lag1
time.0,28,123,2.9802322387695312e-08,0.0005071779596619308,2026092704,coupled_lag1
time.1,28,123,1.1175870895385742e-08,0.000246931187575683,2026092704,coupled_lag1
time.2,28,123,5.960464477539063e-08,0.0009467729832977057,2026092704,coupled_lag1
behavior.0,28,123,1.4901161193847656e-08,0.00019266542221885175,2026092704,coupled_lag1
behavior.1,28,123,1.1175870895385742e-08,9.29186207940802e-05,2026092704,coupled_lag1
behavior.2,28,123,1.4901161193847656e-08,0.00016801439051050693,2026092704,coupled_lag1
time.0,28,124,1.4901161193847656e-08,0.0004429499967955053,2026092704,coupled_lag1
time.1,28,124,1.4901161193847656e-08,0.00022378115681931376,2026092704,coupled_lag1
time.2,28,124,2.9802322387695312e-08,0.0007813055417500436,2026092704,coupled_lag1
behavior.0,28,124,1.4901161193847656e-08,0.00019592286844272166,2026092704,coupled_lag1
behavior.1,28,124,1.1175870895385742e-08,8.941689156927168e-05,2026092704,coupled_lag1
behavior.2,28,124,1.4901161193847656e-08,0.00017448811559006572,2026092704,coupled_lag1
time.0,28,125,2.2351741790771484e-08,0.0005044183926656842,2026092704,coupled_lag1
time.1,28,125,1.4901161193847656e-08,0.00025274718063883483,2026092704,coupled_lag1
time.2,28,125,2.9802322387695312e-08,0.0009063302422873676,2026092704,coupled_lag1
behavior.0,28,125,1.4901161193847656e-08,0.00019874521240126342,2026092704,coupled_lag1
behavior.1,28,125,1.1175870895385742e-08,8.067206363193691e-05,2026092704,coupled_lag1
behavior.2,28,125,1.4901161193847656e-08,0.00015548572991974652,2026092704,coupled_lag1
time.0,28,126,2.2351741790771484e-08,0.0003901835298165679,2026092704,coupled_lag1
time.1,28,126,1.4901161193847656e-08,0.0002041692496277392,2026092704,coupled_lag1
time.2,28,126,2.9802322387695312e-08,0.0007566772983409464,2026092704,coupled_lag1
behavior.0,28,126,1.4901161193847656e-08,0.00019863827037625015,2026092704,coupled_lag1
behavior.1,28,126,1.1175870895385742e-08,8.844861440593377e-05,2026092704,coupled_lag1
behavior.2,28,126,1.4901161193847656e-08,0.00017683095938991755,2026092704,coupled_lag1
time.0,28,127,2.9802322387695312e-08,0.0005243466002866626,2026092704,coupled_lag1
time.1,28,127,1.4901161193847656e-08,0.00025058441678993404,2026092704,coupled_lag1
time.2,28,127,2.9802322387695312e-08,0.000943875580560416,2026092704,coupled_lag1
behavior.0,28,127,1.4901161193847656e-08,0.00018776155775412917,2026092704,coupled_lag1
behavior.1,28,127,1.1175870895385742e-08,8.709872054168954e-05,2026092704,coupled_lag1
behavior.2,28,127,2.2351741790771484e-08,0.00016236116061918437,2026092704,coupled_lag1
time.0,28,128,2.9802322387695312e-08,0.0006609212141484022,2026092704,coupled_lag1
time.1,28,128,1.4901161193847656e-08,0.00030416023219004273,2026092704,coupled_lag1
time.2,28,128,2.9802322387695312e-08,0.0010857732268050313,2026092704,coupled_lag1
behavior.0,28,128,1.4901161193847656e-08,0.00018792656192090362,2026092704,coupled_lag1
behavior.1,28,128,1.1175870895385742e-08,8.37489715195261e-05,2026092704,coupled_lag1
behavior.2,28,128,7.450580596923828e-09,0.00016734370728954673,2026092704,coupled_lag1
time.0,28,129,2.9802322387695312e-08,0.0004932044539600611,2026092704,coupled_lag1
time.1,28,129,1.4901161193847656e-08,0.00024880259297788143,2026092704,coupled_lag1
time.2,28,129,1.4901161193847656e-08,0.0008796494221314788,2026092704,coupled_lag1
behavior.0,28,129,1.4901161193847656e-08,0.00020515170763246715,2026092704,coupled_lag1
behavior.1,28,129,7.450580596923828e-09,8.518849790561944e-05,2026092704,coupled_lag1
behavior.2,28,129,1.4901161193847656e-08,0.00015873750089667737,2026092704,coupled_lag1
time.0,28,130,2.9802322387695312e-08,0.0005254782154224813,2026092704,coupled_lag1
time.1,28,130,1.4901161193847656e-08,0.00025609866133891046,2026092704,coupled_lag1
time.2,28,130,2.9802322387695312e-08,0.0008994769887067378,2026092704,coupled_lag1
behavior.0,28,130,1.4901161193847656e-08,0.00021428137551993132,2026092704,coupled_lag1
behavior.1,28,130,1.1175870895385742e-08,8.863605035003275e-05,2026092704,coupled_lag1
behavior.2,28,130,1.4901161193847656e-08,0.00018387875752523541,2026092704,coupled_lag1
time.0,28,131,1.4901161193847656e-08,0.0004347286594565958,2026092704,coupled_lag1
time.1,28,131,1.1175870895385742e-08,0.0002139638236258179,2026092704,coupled_lag1
time.2,28,131,2.9802322387695312e-08,0.0008017417276278138,2026092704,coupled_lag1
behavior.0,28,131,1.4901161193847656e-08,0.00019400518795009702,2026092704,coupled_lag1
behavior.1,28,131,1.1175870895385742e-08,8.698450983501971e-05,2026092704,coupled_lag1
behavior.2,28,131,1.4901161193847656e-08,0.00017385905084665865,2026092704,coupled_lag1
time.0,28,132,1.4901161193847656e-08,0.00041384383803233504,2026092704,coupled_lag1
time.1,28,132,1.4901161193847656e-08,0.00021572847617790103,2026092704,coupled_lag1
time.2,28,132,2.9802322387695312e-08,0.0008084247238002717,2026092704,coupled_lag1
behavior.0,28,132,2.2351741790771484e-08,0.00019300637359265238,2026092704,coupled_lag1
behavior.1,28,132,7.450580596923828e-09,8.182493911590427e-05,2026092704,coupled_lag1
behavior.2,28,132,1.1175870895385742e-08,0.00015582889318466187,2026092704,coupled_lag1
time.0,28,133,1.4901161193847656e-08,0.0004904536181129515,2026092704,coupled_lag1
time.1,28,133,1.4901161193847656e-08,0.000261073699221015,2026092704,coupled_lag1
time.2,28,133,2.9802322387695312e-08,0.0008906192379072309,2026092704,coupled_lag1
behavior.0,28,133,1.4901161193847656e-08,0.00021049269707873464,2026092704,coupled_lag1
behavior.1,28,133,1.1175870895385742e-08,9.125415090238675e-05,2026092704,coupled_lag1
behavior.2,28,133,1.4901161193847656e-08,0.00018453007214702666,2026092704,coupled_lag1
time.0,28,134,2.2351741790771484e-08,0.0004731040389742702,2026092704,coupled_lag1
time.1,28,134,1.4901161193847656e-08,0.00024668482365086675,2026092704,coupled_lag1
time.2,28,134,4.470348358154297e-08,0.0008941454580053687,2026092704,coupled_lag1
behavior.0,28,134,1.4901161193847656e-08,0.00018749928858596832,2026092704,coupled_lag1
behavior.1,28,134,1.1175870895385742e-08,8.569370402256027e-05,2026092704,coupled_lag1
behavior.2,28,134,1.4901161193847656e-08,0.00017619838763494045,2026092704,coupled_lag1
time.0,28,135,2.2351741790771484e-08,0.00043555680895224214,2026092704,coupled_lag1
time.1,28,135,1.4901161193847656e-08,0.00021866410679649562,2026092704,coupled_lag1
time.2,28,135,2.9802322387695312e-08,0.0008339246269315481,2026092704,coupled_lag1
behavior.0,28,135,1.4901161193847656e-08,0.00020035283523611724,2026092704,coupled_lag1
behavior.1,28,135,1.1175870895385742e-08,9.263916581403464e-05,2026092704,coupled_lag1
behavior.2,28,135,1.4901161193847656e-08,0.00016875493747647852,2026092704,coupled_lag1
time.0,28,136,1.4901161193847656e-08,0.000528465025126934,2026092704,coupled_lag1
time.1,28,136,1.4901161193847656e-08,0.0002765024546533823,2026092704,coupled_lag1
time.2,28,136,2.9802322387695312e-08,0.0008696362492628396,2026092704,coupled_lag1
behavior.0,28,136,1.4901161193847656e-08,0.00022238469682633877,2026092704,coupled_lag1
behavior.1,28,136,1.4901161193847656e-08,9.53848211793229e-05,2026092704,coupled_lag1
behavior.2,28,136,1.4901161193847656e-08,0.00015688934945501387,2026092704,coupled_lag1
time.0,28,137,2.9802322387695312e-08,0.0005686184740625322,2026092704,coupled_lag1
time.1,28,137,1.4901161193847656e-08,0.00027682926156558096,2026092704,coupled_lag1
time.2,28,137,2.9802322387695312e-08,0.0009366599842905998,2026092704,coupled_lag1
behavior.0,28,137,1.4901161193847656e-08,0.00021214976732153445,2026092704,coupled_lag1
behavior.1,28,137,1.1175870895385742e-08,9.044269245350733e-05,2026092704,coupled_lag1
behavior.2,28,137,1.4901161193847656e-08,0.00017543343710713089,2026092704,coupled_lag1
time.0,28,138,2.2351741790771484e-08,0.0004056207253597677,2026092704,coupled_lag1
time.1,28,138,1.4901161193847656e-08,0.0002180846204282716,2026092704,coupled_lag1
time.2,28,138,2.9802322387695312e-08,0.0007386943907476962,2026092704,coupled_lag1
behavior.0,28,138,1.4901161193847656e-08,0.0001950800942722708,2026092704,coupled_lag1
behavior.1,28,138,1.1175870895385742e-08,9.551907714921981e-05,2026092704,coupled_lag1
behavior.2,28,138,1.4901161193847656e-08,0.00017558086256030947,2026092704,coupled_lag1
time.0,28,139,2.2351741790771484e-08,0.0006095072021707892,2026092704,coupled_lag1
time.1,28,139,1.4901161193847656e-08,0.0002869327727239579,2026092704,coupled_lag1
time.2,28,139,2.9802322387695312e-08,0.0009857281111180782,2026092704,coupled_lag1
behavior.0,28,139,1.4901161193847656e-08,0.00020050856983289123,2026092704,coupled_lag1
behavior.1,28,139,1.1175870895385742e-08,8.630810043541715e-05,2026092704,coupled_lag1
behavior.2,28,139,1.4901161193847656e-08,0.00016360505833290517,2026092704,coupled_lag1
time.0,28,140,1.4901161193847656e-08,0.0005663710180670023,2026092704,coupled_lag1
time.1,28,140,1.4901161193847656e-08,0.0002770998689811677,2026092704,coupled_lag1
time.2,28,140,2.9802322387695312e-08,0.0009393279906362295,2026092704,coupled_lag1
behavior.0,28,140,1.4901161193847656e-08,0.00019245821749791503,2026092704,coupled_lag1
behavior.1,28,140,7.450580596923828e-09,8.652198448544368e-05,2026092704,coupled_lag1
behavior.2,28,140,2.2351741790771484e-08,0.00017866161942947656,2026092704,coupled_lag1
time.0,28,141,2.2351741790771484e-08,0.0004282125737518072,2026092704,coupled_lag1
time.1,28,141,1.4901161193847656e-08,0.00022120312496554106,2026092704,coupled_lag1
time.2,28,141,2.2351741790771484e-08,0.0006920435116626322,2026092704,coupled_lag1
behavior.0,28,141,1.4901161193847656e-08,0.0002036846854025498,2026092704,coupled_lag1
behavior.1,28,141,1.1175870895385742e-08,8.841470844345167e-05,2026092704,coupled_lag1
behavior.2,28,141,1.4901161193847656e-08,0.00017305760411545634,2026092704,coupled_lag1
time.0,28,142,1.862645149230957e-08,0.00044407014502212405,2026092704,coupled_lag1
time.1,28,142,1.4901161193847656e-08,0.00021639351325575262,2026092704,coupled_lag1
time.2,28,142,2.9802322387695312e-08,0.00076029181946069,2026092704,coupled_lag1
behavior.0,28,142,1.4901161193847656e-08,0.00018567271763458848,2026092704,coupled_lag1
behavior.1,28,142,1.1175870895385742e-08,8.546643221052364e-05,2026092704,coupled_lag1
behavior.2,28,142,1.4901161193847656e-08,0.00017131739878095686,2026092704,coupled_lag1
time.0,28,143,2.9802322387695312e-08,0.0005677444860339165,2026092704,coupled_lag1
time.1,28,143,1.4901161193847656e-08,0.0002735406160354614,2026092704,coupled_lag1
time.2,28,143,2.9802322387695312e-08,0.0009368936298415065,2026092704,coupled_lag1
behavior.0,28,143,1.4901161193847656e-08,0.00017238316650036722,2026092704,coupled_lag1
behavior.1,28,143,1.1175870895385742e-08,8.238391455961391e-05,2026092704,coupled_lag1
behavior.2,28,143,1.4901161193847656e-08,0.00015805901784915477,2026092704,coupled_lag1
time.0,28,144,1.862645149230957e-08,0.0004455464950297028,2026092704,coupled_lag1
time.1,28,144,1.4901161193847656e-08,0.00021983396436553448,2026092704,coupled_lag1
time.2,28,144,2.9802322387695312e-08,0.0007512593292631209,2026092704,coupled_lag1
behavior.0,28,144,1.4901161193847656e-08,0.00018665251263882965,2026092704,coupled_lag1
behavior.1,28,144,1.1175870895385742e-08,8.712777344044298e-05,2026092704,coupled_lag1
behavior.2,28,144,2.2351741790771484e-08,0.00016967201372608542,2026092704,coupled_lag1
time.0,28,145,1.4901161193847656e-08,0.0004820677568204701,2026092704,coupled_lag1
time.1,28,145,1.1175870895385742e-08,0.00024457444669678807,2026092704,coupled_lag1
time.2,28,145,2.9802322387695312e-08,0.000821690249722451,2026092704,coupled_lag1
behavior.0,28,145,1.4901161193847656e-08,0.00020402488007675856,2026092704,coupled_lag1
behavior.1,28,145,1.1175870895385742e-08,8.303055801661685e-05,2026092704,coupled_lag1
behavior.2,28,145,1.4901161193847656e-08,0.00016451423289254308,2026092704,coupled_lag1
time.0,28,146,2.2351741790771484e-08,0.00041899806819856167,2026092704,coupled_lag1
time.1,28,146,1.4901161193847656e-08,0.00020945508731529117,2026092704,coupled_lag1
time.2,28,146,2.9802322387695312e-08,0.0007411844562739134,2026092704,coupled_lag1
behavior.0,28,146,1.4901161193847656e-08,0.00018948709475807846,2026092704,coupled_lag1
behavior.1,28,146,1.4901161193847656e-08,8.621304004918784e-05,2026092704,coupled_lag1
behavior.2,28,146,1.4901161193847656e-08,0.0001666045718593523,2026092704,coupled_lag1
time.0,28,147,2.9802322387695312e-08,0.00048724591033533216,2026092704,coupled_lag1
time.1,28,147,1.4901161193847656e-08,0.0002440100215608254,2026092704,coupled_lag1
time.2,28,147,1.4901161193847656e-08,0.0008242844487540424,2026092704,coupled_lag1
behavior.0,28,147,1.4901161193847656e-08,0.0001925437682075426,2026092704,coupled_lag1
behavior.1,28,147,1.1175870895385742e-08,8.511796477250755e-05,2026092704,coupled_lag1
behavior.2,28,147,1.4901161193847656e-08,0.0001802885817596689,2026092704,coupled_lag1
time.0,28,148,2.2351741790771484e-08,0.0005860749515704811,2026092704,coupled_lag1
time.1,28,148,1.4901161193847656e-08,0.0002837322244886309,2026092704,coupled_lag1
time.2,28,148,4.470348358154297e-08,0.0009825890883803368,2026092704,coupled_lag1
behavior.0,28,148,1.4901161193847656e-08,0.0001824626961024478,2026092704,coupled_lag1
behavior.1,28,148,1.4901161193847656e-08,8.820225048111752e-05,2026092704,coupled_lag1
behavior.2,28,148,1.4901161193847656e-08,0.0001642073184484616,2026092704,coupled_lag1
time.0,28,149,2.9802322387695312e-08,0.0005170683725737035,2026092704,coupled_lag1
time.1,28,149,1.4901161193847656e-08,0.0002442763652652502,2026092704,coupled_lag1
time.2,28,149,2.9802322387695312e-08,0.0008778817136771977,2026092704,coupled_lag1
behavior.0,28,149,1.4901161193847656e-08,0.00018997026199940592,2026092704,coupled_lag1
behavior.1,28,149,1.1175870895385742e-08,8.059523679548874e-05,2026092704,coupled_lag1
behavior.2,28,149,1.4901161193847656e-08,0.00015139182505663484,2026092704,coupled_lag1
time.0,28,150,2.9802322387695312e-08,0.000570869364310056,2026092704,coupled_lag1
time.1,28,150,1.4901161193847656e-08,0.00027360059903003275,2026092704,coupled_lag1
time.2,28,150,2.9802322387695312e-08,0.0009375038207508624,2026092704,coupled_lag1
behavior.0,28,150,1.4901161193847656e-08,0.00018648528202902526,2026092704,coupled_lag1
behavior.1,28,150,1.1175870895385742e-08,9.300573583459482e-05,2026092704,coupled_lag1
behavior.2,28,150,1.1175870895385742e-08,0.00019690701446961612,2026092704,coupled_lag1
time.0,28,151,1.4901161193847656e-08,0.0005115809617564082,2026092704,coupled_lag1
time.1,28,151,1.4901161193847656e-08,0.00025217561051249504,2026092704,coupled_lag1
time.2,28,151,2.9802322387695312e-08,0.000886697496753186,2026092704,coupled_lag1
behavior.0,28,151,1.4901161193847656e-08,0.0001912097359308973,2026092704,coupled_lag1
behavior.1,28,151,1.1175870895385742e-08,8.776413596933708e-05,2026092704,coupled_lag1
behavior.2,28,151,1.4901161193847656e-08,0.0001782312901923433,2026092704,coupled_lag1
time.0,28,152,1.4901161193847656e-08,0.0003615129680838436,2026092704,coupled_lag1
time.1,28,152,1.4901161193847656e-08,0.00019030117255169898,2026092704,coupled_lag1
time.2,28,152,2.9802322387695312e-08,0.0006334701902233064,2026092704,coupled_lag1
behavior.0,28,152,1.4901161193847656e-08,0.00019418299780227244,2026092704,coupled_lag1
behavior.1,28,152,1.1175870895385742e-08,8.280811744043604e-05,2026092704,coupled_lag1
behavior.2,28,152,1.4901161193847656e-08,0.00016371301899198443,2026092704,coupled_lag1
time.0,28,153,1.4901161193847656e-08,0.00042207122896797955,2026092704,coupled_lag1
time.1,28,153,1.4901161193847656e-08,0.00022323262237478048,2026092704,coupled_lag1
time.2,28,153,2.9802322387695312e-08,0.0007428278913721442,2026092704,coupled_lag1
behavior.0,28,153,1.4901161193847656e-08,0.00021620714687742293,2026092704,coupled_lag1
behavior.1,28,153,7.450580596923828e-09,8.93672404345125e-05,2026092704,coupled_lag1
behavior.2,28,153,1.4901161193847656e-08,0.00016946134564932436,2026092704,coupled_lag1
time.0,28,154,1.4901161193847656e-08,0.0005643027252517641,2026092704,coupled_lag1
time.1,28,154,1.4901161193847656e-08,0.0002830777084454894,2026092704,coupled_lag1
time.2,28,154,2.2351741790771484e-08,0.0009482415625825524,2026092704,coupled_lag1
behavior.0,28,154,1.4901161193847656e-08,0.00018466399342287332,2026092704,coupled_lag1
behavior.1,28,154,1.1175870895385742e-08,8.592721133027226e-05,2026092704,coupled_lag1
behavior.2,28,154,1.1175870895385742e-08,0.00015669285494368523,2026092704,coupled_lag1
time.0,28,155,1.4901161193847656e-08,0.000487752869958058,2026092704,coupled_lag1
time.1,28,155,1.1175870895385742e-08,0.0002493538777343929,2026092704,coupled_lag1
time.2,28,155,1.4901161193847656e-08,0.0008366209222003818,2026092704,coupled_lag1
behavior.0,28,155,2.9802322387695312e-08,0.000201182221644558,2026092704,coupled_lag1
behavior.1,28,155,1.1175870895385742e-08,8.17533436929807e-05,2026092704,coupled_lag1
behavior.2,28,155,1.4901161193847656e-08,0.00014996241952758282,2026092704,coupled_lag1
time.0,28,156,4.470348358154297e-08,0.0006615324527956545,2026092704,coupled_lag1
time.1,28,156,1.4901161193847656e-08,0.0003184940724167973,2026092704,coupled_lag1
time.2,28,156,5.960464477539063e-08,0.0010344304610043764,2026092704,coupled_lag1
behavior.0,28,156,1.4901161193847656e-08,0.00019887901726178825,2026092704,coupled_lag1
behavior.1,28,156,7.450580596923828e-09,8.787462866166607e-05,2026092704,coupled_lag1
behavior.2,28,156,1.4901161193847656e-08,0.0001588341110618785,2026092704,coupled_lag1
time.0,28,157,1.862645149230957e-08,0.0004895664751529694,2026092704,coupled_lag1
time.1,28,157,1.4901161193847656e-08,0.0002456863585393876,2026092704,coupled_lag1
time.2,28,157,2.9802322387695312e-08,0.0007825097418390214,2026092704,coupled_lag1
behavior.0,28,157,1.4901161193847656e-08,0.00023161857097875327,2026092704,coupled_lag1
behavior.1,28,157,1.1175870895385742e-08,9.995921573136002e-05,2026092704,coupled_lag1
behavior.2,28,157,1.4901161193847656e-08,0.0001804734201868996,2026092704,coupled_lag1
time.0,28,158,1.4901161193847656e-08,0.0004603479173965752,2026092704,coupled_lag1
time.1,28,158,1.4901161193847656e-08,0.00023845286341384053,2026092704,coupled_lag1
time.2,28,158,2.2351741790771484e-08,0.000829557073302567,2026092704,coupled_lag1
behavior.0,28,158,1.4901161193847656e-08,0.00019658506789710373,2026092704,coupled_lag1
behavior.1,28,158,1.1175870895385742e-08,8.227055513998494e-05,2026092704,coupled_lag1
behavior.2,28,158,1.4901161193847656e-08,0.00015050888760015368,2026092704,coupled_lag1
time.0,28,159,2.2351741790771484e-08,0.00043142843060195446,2026092704,coupled_lag1
time.1,28,159,1.4901161193847656e-08,0.0002196847490267828,2026092704,coupled_lag1
time.2,28,159,2.9802322387695312e-08,0.000768572383094579,2026092704,coupled_lag1
behavior.0,28,159,1.4901161193847656e-08,0.00019319556304253638,2026092704,coupled_lag1
behavior.1,28,159,1.1175870895385742e-08,8.583917224314064e-05,2026092704,coupled_lag1
behavior.2,28,159,1.1175870895385742e-08,0.00016171888273674995,2026092704,coupled_lag1
time.0,28,160,1.4901161193847656e-08,0.0006440940196625888,2026092704,coupled_lag1
time.1,28,160,2.2351741790771484e-08,0.00030361462268047035,2026092704,coupled_lag1
time.2,28,160,2.9802322387695312e-08,0.0010624154238030314,2026092704,coupled_lag1
behavior.0,28,160,1.4901161193847656e-08,0.00021414739603642374,2026092704,coupled_lag1
behavior.1,28,160,1.4901161193847656e-08,9.269578731618822e-05,2026092704,coupled_lag1
behavior.2,28,160,1.4901161193847656e-08,0.00015787864685989916,2026092704,coupled_lag1
time.0,28,161,2.9802322387695312e-08,0.0005656990688294172,2026092704,coupled_lag1
time.1,28,161,1.4901161193847656e-08,0.00027698324993252754,2026092704,coupled_lag1
time.2,28,161,2.9802322387695312e-08,0.0009599031764082611,2026092704,coupled_lag1
behavior.0,28,161,1.4901161193847656e-08,0.00018421797722112387,2026092704,coupled_lag1
behavior.1,28,161,1.1175870895385742e-08,8.936448284657672e-05,2026092704,coupled_lag1
behavior.2,28,161,1.4901161193847656e-08,0.00016239547403529286,2026092704,coupled_lag1
time.0,28,162,1.4901161193847656e-08,0.00035752958501689136,2026092704,coupled_lag1
time.1,28,162,1.4901161193847656e-08,0.00019544803944882005,2026092704,coupled_lag1
time.2,28,162,2.9802322387695312e-08,0.0006523643969558179,2026092704,coupled_lag1
behavior.0,28,162,1.4901161193847656e-08,0.000174445885932073,2026092704,coupled_lag1
behavior.1,28,162,1.4901161193847656e-08,8.609974611317739e-05,2026092704,coupled_lag1
behavior.2,28,162,1.4901161193847656e-08,0.0001607864978723228,2026092704,coupled_lag1
time.0,28,163,1.4901161193847656e-08,0.0005309379193931818,2026092704,coupled_lag1
time.1,28,163,1.4901161193847656e-08,0.00025578984059393406,2026092704,coupled_lag1
time.2,28,163,2.9802322387695312e-08,0.0009232627926394343,2026092704,coupled_lag1
behavior.0,28,163,1.4901161193847656e-08,0.00019600351515691727,2026092704,coupled_lag1
behavior.1,28,163,7.450580596923828e-09,8.237957081291825e-05,2026092704,coupled_lag1
behavior.2,28,163,1.4901161193847656e-08,0.00017191497317980975,2026092704,coupled_lag1
time.0,28,164,2.2351741790771484e-08,0.0005321335047483444,2026092704,coupled_lag1
time.1,28,164,1.4901161193847656e-08,0.0002671373076736927,2026092704,coupled_lag1
time.2,28,164,2.9802322387695312e-08,0.0009322596015408635,2026092704,coupled_lag1
behavior.0,28,164,1.4901161193847656e-08,0.00018920950242318213,2026092704,coupled_lag1
behavior.1,28,164,1.1175870895385742e-08,9.510062955087051e-05,2026092704,coupled_lag1
behavior.2,28,164,1.1175870895385742e-08,0.00018574394925963134,2026092704,coupled_lag1
time.0,28,165,2.2351741790771484e-08,0.0004936122568324208,2026092704,coupled_lag1
time.1,28,165,1.4901161193847656e-08,0.00025025394279509783,2026092704,coupled_lag1
time.2,28,165,2.9802322387695312e-08,0.0008840132504701614,2026092704,coupled_lag1
behavior.0,28,165,1.4901161193847656e-08,0.0001872925495263189,2026092704,coupled_lag1
behavior.1,28,165,7.450580596923828e-09,8.776237518759444e-05,2026092704,coupled_lag1
behavior.2,28,165,1.4901161193847656e-08,0.000185951532330364,2026092704,coupled_lag1
time.0,28,166,2.2351741790771484e-08,0.00041592735215090215,2026092704,coupled_lag1
time.1,28,166,1.4901161193847656e-08,0.00021533077233470976,2026092704,coupled_lag1
time.2,28,166,2.9802322387695312e-08,0.0007454423466697335,2026092704,coupled_lag1
behavior.0,28,166,1.4901161193847656e-08,0.00019595347112044692,2026092704,coupled_lag1
behavior.1,28,166,1.1175870895385742e-08,9.070108353625983e-05,2026092704,coupled_lag1
behavior.2,28,166,1.4901161193847656e-08,0.00016356904234271497,2026092704,coupled_lag1
time.0,28,167,2.2351741790771484e-08,0.0005767400143668056,2026092704,coupled_lag1
time.1,28,167,1.4901161193847656e-08,0.000295624922728166,2026092704,coupled_lag1
time.2,28,167,2.9802322387695312e-08,0.0009672973537817597,2026092704,coupled_lag1
behavior.0,28,167,1.4901161193847656e-08,0.00026176843675784767,2026092704,coupled_lag1
behavior.1,28,167,1.4901161193847656e-08,0.00011191239900654182,2026092704,coupled_lag1
behavior.2,28,167,1.1175870895385742e-08,0.00017862596723716706,2026092704,coupled_lag1
time.0,28,168,1.4901161193847656e-08,0.0004028961411677301,2026092704,coupled_lag1
time.1,28,168,2.2351741790771484e-08,0.0002007649018196389,2026092704,coupled_lag1
time.2,28,168,2.2351741790771484e-08,0.0007163074915297329,2026092704,coupled_lag1
behavior.0,28,168,1.4901161193847656e-08,0.00020440941443666816,2026092704,coupled_lag1
behavior.1,28,168,1.1175870895385742e-08,9.07791982172057e-05,2026092704,coupled_lag1
behavior.2,28,168,1.4901161193847656e-08,0.00017960247350856662,2026092704,coupled_lag1
time.0,28,169,2.2351741790771484e-08,0.0005249538226053119,2026092704,coupled_lag1
time.1,28,169,1.4901161193847656e-08,0.0002638688310980797,2026092704,coupled_lag1
time.2,28,169,2.9802322387695312e-08,0.0009381750132888556,2026092704,coupled_lag1
behavior.0,28,169,1.4901161193847656e-08,0.00018628171528689563,2026092704,coupled_lag1
behavior.1,28,169,1.1175870895385742e-08,9.375331865157932e-05,2026092704,coupled_lag1
behavior.2,28,169,1.4901161193847656e-08,0.00018484405882190913,2026092704,coupled_lag1
time.0,28,170,1.4901161193847656e-08,0.0004777948488481343,2026092704,coupled_lag1
time.1,28,170,1.4901161193847656e-08,0.00023510187747888267,2026092704,coupled_lag1
time.2,28,170,2.9802322387695312e-08,0.0008205928606912494,2026092704,coupled_lag1
behavior.0,28,170,1.4901161193847656e-08,0.00020406935072969645,2026092704,coupled_lag1
behavior.1,28,170,7.450580596923828e-09,8.562397852074355e-05,2026092704,coupled_lag1
behavior.2,28,170,1.1175870895385742e-08,0.00016454371507279575,2026092704,coupled_lag1
time.0,28,171,1.4901161193847656e-08,0.0005762787768617272,2026092704,coupled_lag1
time.1,28,171,1.4901161193847656e-08,0.00027721855440177023,2026092704,coupled_lag1
time.2,28,171,2.9802322387695312e-08,0.0009618977783247828,2026092704,coupled_lag1
behavior.0,28,171,2.9802322387695312e-08,0.0002460816758684814,2026092704,coupled_lag1
behavior.1,28,171,1.1175870895385742e-08,9.58094751695171e-05,2026092704,coupled_lag1
behavior.2,28,171,1.4901161193847656e-08,0.00018029168131761253,2026092704,coupled_lag1
time.0,28,172,1.4901161193847656e-08,0.0005224740016274154,2026092704,coupled_lag1
time.1,28,172,1.4901161193847656e-08,0.0002550188801251352,2026092704,coupled_lag1
time.2,28,172,2.9802322387695312e-08,0.0009094284032471478,2026092704,coupled_lag1
behavior.0,28,172,1.1175870895385742e-08,0.00019962737860623747,2026092704,coupled_lag1
behavior.1,28,172,1.1175870895385742e-08,8.366836118511856e-05,2026092704,coupled_lag1
behavior.2,28,172,1.4901161193847656e-08,0.00015790542238391936,2026092704,coupled_lag1
time.0,28,173,2.2351741790771484e-08,0.0004167844890616834,2026092704,coupled_lag1
time.1,28,173,1.4901161193847656e-08,0.00022035176516510546,2026092704,coupled_lag1
time.2,28,173,2.9802322387695312e-08,0.0007752930978313088,2026092704,coupled_lag1
behavior.0,28,173,1.4901161193847656e-08,0.0001800220343284309,2026092704,coupled_lag1
behavior.1,28,173,1.4901161193847656e-08,8.568869816372171e-05,2026092704,coupled_lag1
behavior.2,28,173,1.4901161193847656e-08,0.00015942103345878422,2026092704,coupled_lag1
time.0,28,174,2.2351741790771484e-08,0.00044592772610485554,2026092704,coupled_lag1
time.1,28,174,2.2351741790771484e-08,0.00023355036682914943,2026092704,coupled_lag1
time.2,28,174,2.9802322387695312e-08,0.0007566214189864695,2026092704,coupled_lag1
behavior.0,28,174,2.9802322387695312e-08,0.00023326219525188208,2026092704,coupled_lag1
behavior.1,28,174,1.1175870895385742e-08,9.320590470451862e-05,2026092704,coupled_lag1
behavior.2,28,174,1.4901161193847656e-08,0.00015711628657300025,2026092704,coupled_lag1
time.0,28,175,2.9802322387695312e-08,0.0005006561405025423,2026092704,coupled_lag1
time.1,28,175,1.4901161193847656e-08,0.000255258462857455,2026092704,coupled_lag1
time.2,28,175,4.470348358154297e-08,0.0008639387669973075,2026092704,coupled_lag1
behavior.0,28,175,1.4901161193847656e-08,0.00018649562844075263,2026092704,coupled_lag1
behavior.1,28,175,1.1175870895385742e-08,8.75107798492536e-05,2026092704,coupled_lag1
behavior.2,28,175,1.4901161193847656e-08,0.0001525575789855793,2026092704,coupled_lag1
time.0,28,176,2.9802322387695312e-08,0.0006688492721877992,2026092704,coupled_lag1
time.1,28,176,2.2351741790771484e-08,0.00030793281621299684,2026092704,coupled_lag1
time.2,28,176,2.9802322387695312e-08,0.0011116026435047388,2026092704,coupled_lag1
behavior.0,28,176,1.4901161193847656e-08,0.00020522208069451153,2026092704,coupled_lag1
behavior.1,28,176,1.4901161193847656e-08,7.802560867276043e-05,2026092704,coupled_lag1
behavior.2,28,176,1.4901161193847656e-08,0.00015010991774033755,2026092704,coupled_lag1
time.0,28,177,2.9802322387695312e-08,0.0005094405496492982,2026092704,coupled_lag1
time.1,28,177,1.1175870895385742e-08,0.000244895345531404,2026092704,coupled_lag1
time.2,28,177,4.470348358154297e-08,0.0008770435233600438,2026092704,coupled_lag1
behavior.0,28,177,2.2351741790771484e-08,0.00019843055633828044,2026092704,coupled_lag1
behavior.1,28,177,1.1175870895385742e-08,8.204711048165336e-05,2026092704,coupled_lag1
behavior.2,28,177,1.1175870895385742e-08,0.00017062286497093737,2026092704,coupled_lag1
time.0,28,178,2.2351741790771484e-08,0.0005143936141394079,2026092704,coupled_lag1
time.1,28,178,1.4901161193847656e-08,0.000255992345046252,2026092704,coupled_lag1
time.2,28,178,2.2351741790771484e-08,0.0008763723308220506,2026092704,coupled_lag1
behavior.0,28,178,2.2351741790771484e-08,0.00019648607121780515,2026092704,coupled_lag1
behavior.1,28,178,1.1175870895385742e-08,8.905034337658435e-05,2026092704,coupled_lag1
behavior.2,28,178,1.4901161193847656e-08,0.00017786076932679862,2026092704,coupled_lag1
time.0,28,179,1.4901161193847656e-08,0.0006606128299608827,2026092704,coupled_lag1
time.1,28,179,1.4901161193847656e-08,0.00030240570777095854,2026092704,coupled_lag1
time.2,28,179,2.9802322387695312e-08,0.0010686153545975685,2026092704,coupled_lag1
behavior.0,28,179,1.4901161193847656e-08,0.0002031269541475922,2026092704,coupled_lag1
behavior.1,28,179,1.1175870895385742e-08,8.120494021568447e-05,2026092704,coupled_lag1
behavior.2,28,179,1.4901161193847656e-08,0.0001591210311744362,2026092704,coupled_lag1
time.0,28,180,2.2351741790771484e-08,0.0004709349595941603,2026092704,coupled_lag1
time.1,28,180,1.1175870895385742e-08,0.00022734062804374844,2026092704,coupled_lag1
time.2,28,180,2.9802322387695312e-08,0.0008226560312323272,2026092704,coupled_lag1
behavior.0,28,180,1.4901161193847656e-08,0.00019725269521586597,2026092704,coupled_lag1
behavior.1,28,180,1.1175870895385742e-08,9.064659388968721e-05,2026092704,coupled_lag1
behavior.2,28,180,1.1175870895385742e-08,0.00017676054267212749,2026092704,coupled_lag1
time.0,28,181,2.9802322387695312e-08,0.0004998918157070875,2026092704,coupled_lag1
time.1,28,181,1.4901161193847656e-08,0.00024747554562054574,2026092704,coupled_lag1
time.2,28,181,2.9802322387695312e-08,0.0008848721627146006,2026092704,coupled_lag1
behavior.0,28,181,1.4901161193847656e-08,0.00018787250155583024,2026092704,coupled_lag1
behavior.1,28,181,7.450580596923828e-09,0.00010014807776315138,2026092704,coupled_lag1
behavior.2,28,181,1.4901161193847656e-08,0.00019428893574513495,2026092704,coupled_lag1
time.0,28,182,2.2351741790771484e-08,0.0003497023426461965,2026092704,coupled_lag1
time.1,28,182,1.1175870895385742e-08,0.00018755866040010005,2026092704,coupled_lag1
time.2,28,182,2.2351741790771484e-08,0.0006467134808190167,2026092704,coupled_lag1
behavior.0,28,182,1.4901161193847656e-08,0.00019711832283064723,2026092704,coupled_lag1
behavior.1,28,182,1.1175870895385742e-08,8.78545397426933e-05,2026092704,coupled_lag1
behavior.2,28,182,1.1175870895385742e-08,0.00016138111823238432,2026092704,coupled_lag1
time.0,28,183,1.4901161193847656e-08,0.0005614213878288865,2026092704,coupled_lag1
time.1,28,183,1.4901161193847656e-08,0.0002785827964544296,2026092704,coupled_lag1
time.2,28,183,5.960464477539063e-08,0.0009215677855536342,2026092704,coupled_lag1
behavior.0,28,183,1.4901161193847656e-08,0.00019379632431082428,2026092704,coupled_lag1
behavior.1,28,183,1.1175870895385742e-08,8.771682041697204e-05,2026092704,coupled_lag1
behavior.2,28,183,1.1175870895385742e-08,0.00015866608009673655,2026092704,coupled_lag1
time.0,28,184,1.4901161193847656e-08,0.0004697752301581204,2026092704,coupled_lag1
time.1,28,184,1.4901161193847656e-08,0.00023489832528866827,2026092704,coupled_lag1
time.2,28,184,2.9802322387695312e-08,0.0007906235987320542,2026092704,coupled_lag1
behavior.0,28,184,1.4901161193847656e-08,0.00018598433234728873,2026092704,coupled_lag1
behavior.1,28,184,1.1175870895385742e-08,8.919073297875002e-05,2026092704,coupled_lag1
behavior.2,28,184,1.4901161193847656e-08,0.00018025664030574262,2026092704,coupled_lag1
time.0,28,185,2.2351741790771484e-08,0.00035343467607162893,2026092704,coupled_lag1
time.1,28,185,1.1175870895385742e-08,0.00019344777683727443,2026092704,coupled_lag1
time.2,28,185,1.4901161193847656e-08,0.0006211863365024328,2026092704,coupled_lag1
behavior.0,28,185,1.4901161193847656e-08,0.00020105665316805243,2026092704,coupled_lag1
behavior.1,28,185,1.1175870895385742e-08,8.713875286048278e-05,2026092704,coupled_lag1
behavior.2,28,185,1.1175870895385742e-08,0.00017154238594230264,2026092704,coupled_lag1
time.0,28,186,2.9802322387695312e-08,0.0005933743086643517,2026092704,coupled_lag1
time.1,28,186,1.4901161193847656e-08,0.0002846705901902169,2026092704,coupled_lag1
time.2,28,186,2.9802322387695312e-08,0.0009361789561808109,2026092704,coupled_lag1
behavior.0,28,186,1.4901161193847656e-08,0.00019701039127539843,2026092704,coupled_lag1
behavior.1,28,186,1.1175870895385742e-08,8.99185033631511e-05,2026092704,coupled_lag1
behavior.2,28,186,1.4901161193847656e-08,0.00017500687681604177,2026092704,coupled_lag1
time.0,28,187,1.4901161193847656e-08,0.0007143740658648312,2026092704,coupled_lag1
time.1,28,187,1.4901161193847656e-08,0.00033436811645515263,2026092704,coupled_lag1
time.2,28,187,2.9802322387695312e-08,0.0010800580494105816,2026092704,coupled_lag1
behavior.0,28,187,1.4901161193847656e-08,0.00018857294344343245,2026092704,coupled_lag1
behavior.1,28,187,1.1175870895385742e-08,8.625262853456661e-05,2026092704,coupled_lag1
behavior.2,28,187,1.1175870895385742e-08,0.00015489975339733064,2026092704,coupled_lag1
time.0,28,188,1.4901161193847656e-08,0.0004108285647816956,2026092704,coupled_lag1
time.1,28,188,1.1175870895385742e-08,0.00020918303926009685,2026092704,coupled_lag1
time.2,28,188,2.9802322387695312e-08,0.0007327570347115397,2026092704,coupled_lag1
behavior.0,28,188,2.2351741790771484e-08,0.000213008388527669,2026092704,coupled_lag1
behavior.1,28,188,1.1175870895385742e-08,8.147258631652221e-05,2026092704,coupled_lag1
behavior.2,28,188,1.4901161193847656e-08,0.0001488363923272118,2026092704,coupled_lag1
time.0,28,189,1.4901161193847656e-08,0.0005271277041174471,2026092704,coupled_lag1
time.1,28,189,1.4901161193847656e-08,0.00025830091908574104,2026092704,coupled_lag1
time.2,28,189,2.9802322387695312e-08,0.0008693130221217871,2026092704,coupled_lag1
behavior.0,28,189,1.1175870895385742e-08,0.0002002149703912437,2026092704,coupled_lag1
behavior.1,28,189,1.1175870895385742e-08,8.172421075869352e-05,2026092704,coupled_lag1
behavior.2,28,189,1.4901161193847656e-08,0.00014650868251919746,2026092704,coupled_lag1
time.0,28,190,1.4901161193847656e-08,0.0005250482936389744,2026092704,coupled_lag1
time.1,28,190,1.4901161193847656e-08,0.0002584958274383098,2026092704,coupled_lag1
time.2,28,190,2.9802322387695312e-08,0.0008256100700236857,2026092704,coupled_lag1
behavior.0,28,190,1.4901161193847656e-08,0.00020365479576867074,2026092704,coupled_lag1
behavior.1,28,190,1.1175870895385742e-08,8.281010377686471e-05,2026092704,coupled_lag1
behavior.2,28,190,1.4901161193847656e-08,0.00014665881462860852,2026092704,coupled_lag1
time.0,28,191,1.4901161193847656e-08,0.0003607728285714984,2026092704,coupled_lag1
time.1,28,191,1.4901161193847656e-08,0.00018689823627937585,2026092704,coupled_lag1
time.2,28,191,2.9802322387695312e-08,0.0006548099918290973,2026092704,coupled_lag1
behavior.0,28,191,1.4901161193847656e-08,0.0001980170200113207,2026092704,coupled_lag1
behavior.1,28,191,1.1175870895385742e-08,8.618026913609356e-05,2026092704,coupled_lag1
behavior.2,28,191,7.450580596923828e-09,0.00015228224219754338,2026092704,coupled_lag1
time.0,28,192,2.9802322387695312e-08,0.0004313630342949182,2026092704,coupled_lag1
time.1,28,192,7.450580596923828e-09,0.00022649875609204173,2026092704,coupled_lag1
time.2,28,192,2.9802322387695312e-08,0.0007680251146666706,2026092704,coupled_lag1
behavior.0,28,192,1.4901161193847656e-08,0.00019258158863522112,2026092704,coupled_lag1
behavior.1,28,192,7.450580596923828e-09,8.699514728505164e-05,2026092704,coupled_lag1
behavior.2,28,192,1.4901161193847656e-08,0.0001677312538959086,2026092704,coupled_lag1
time.0,28,193,1.4901161193847656e-08,0.0004110038571525365,2026092704,coupled_lag1
time.1,28,193,1.1175870895385742e-08,0.00021098708384670317,2026092704,coupled_lag1
time.2,28,193,2.9802322387695312e-08,0.0007362688193097711,2026092704,coupled_lag1
behavior.0,28,193,1.4901161193847656e-08,0.00019066671666223556,2026092704,coupled_lag1
behavior.1,28,193,1.4901161193847656e-08,9.16583085199818e-05,2026092704,coupled_lag1
behavior.2,28,193,1.1175870895385742e-08,0.0001790581300156191,2026092704,coupled_lag1
time.0,28,194,2.9802322387695312e-08,0.0004756525158882141,2026092704,coupled_lag1
time.1,28,194,1.4901161193847656e-08,0.0002348357520531863,2026092704,coupled_lag1
time.2,28,194,2.9802322387695312e-08,0.0008010860183276236,2026092704,coupled_lag1
behavior.0,28,194,1.4901161193847656e-08,0.00022099344641901553,2026092704,coupled_lag1
behavior.1,28,194,1.1175870895385742e-08,9.335049253422767e-05,2026092704,coupled_lag1
behavior.2,28,194,1.1175870895385742e-08,0.00017195534019265324,2026092704,coupled_lag1
time.0,28,195,1.862645149230957e-08,0.00048505832091905177,2026092704,coupled_lag1
time.1,28,195,2.9802322387695312e-08,0.0002552525547798723,2026092704,coupled_lag1
time.2,28,195,2.9802322387695312e-08,0.0008462833939120173,2026092704,coupled_lag1
behavior.0,28,195,1.4901161193847656e-08,0.00019615181372500956,2026092704,coupled_lag1
behavior.1,28,195,1.1175870895385742e-08,9.73098722170107e-05,2026092704,coupled_lag1
behavior.2,28,195,1.4901161193847656e-08,0.00018509948858991265,2026092704,coupled_lag1
time.0,28,196,2.2351741790771484e-08,0.0004616181831806898,2026092704,coupled_lag1
time.1,28,196,2.2351741790771484e-08,0.00022872487897984684,2026092704,coupled_lag1
time.2,28,196,2.9802322387695312e-08,0.0007928434060886502,2026092704,coupled_lag1
behavior.0,28,196,1.4901161193847656e-08,0.0001924195676110685,2026092704,coupled_lag1
behavior.1,28,196,1.1175870895385742e-08,8.683714986545965e-05,2026092704,coupled_lag1
behavior.2,28,196,7.450580596923828e-09,0.00018330458260606974,2026092704,coupled_lag1
time.0,28,197,1.4901161193847656e-08,0.0003627372207120061,2026092704,coupled_lag1
time.1,28,197,1.1175870895385742e-08,0.00019783114839810878,2026092704,coupled_lag1
time.2,28,197,2.9802322387695312e-08,0.0006814079824835062,2026092704,coupled_lag1
behavior.0,28,197,1.4901161193847656e-08,0.00018650047422852367,2026092704,coupled_lag1
behavior.1,28,197,1.4901161193847656e-08,8.72572636581026e-05,2026092704,coupled_lag1
behavior.2,28,197,1.4901161193847656e-08,0.00017336741439066827,2026092704,coupled_lag1
time.0,28,198,1.4901161193847656e-08,0.00040843486203812063,2026092704,coupled_lag1
time.1,28,198,2.2351741790771484e-08,0.00021564921189565212,2026092704,coupled_lag1
time.2,28,198,2.9802322387695312e-08,0.0007062453660182655,2026092704,coupled_lag1
behavior.0,28,198,1.4901161193847656e-08,0.00019168385188095272,2026092704,coupled_lag1
behavior.1,28,198,7.450580596923828e-09,8.638353028800339e-05,2026092704,coupled_lag1
behavior.2,28,198,1.4901161193847656e-08,0.00015053652168717235,2026092704,coupled_lag1
time.0,28,199,2.9802322387695312e-08,0.0004811529943253845,2026092704,coupled_lag1
time.1,28,199,7.450580596923828e-09,0.00023187362239696085,2026092704,coupled_lag1
time.2,28,199,2.9802322387695312e-08,0.0007969104335643351,2026092704,coupled_lag1
behavior.0,28,199,1.4901161193847656e-08,0.00024301838129758835,2026092704,coupled_lag1
behavior.1,28,199,1.1175870895385742e-08,9.242482337867841e-05,2026092704,coupled_lag1
behavior.2,28,199,1.4901161193847656e-08,0.0001791813992895186,2026092704,coupled_lag1
time.0,28,200,2.9802322387695312e-08,0.0005249337991699576,2026092704,coupled_lag1
time.1,28,200,1.4901161193847656e-08,0.00025826989440247416,2026092704,coupled_lag1
time.2,28,200,2.9802322387695312e-08,0.0008866111747920513,2026092704,coupled_lag1
behavior.0,28,200,1.4901161193847656e-08,0.00019513825827743858,2026092704,coupled_lag1
behavior.1,28,200,1.1175870895385742e-08,8.854486077325419e-05,2026092704,coupled_lag1
behavior.2,28,200,1.1175870895385742e-08,0.00017239416774827987,2026092704,coupled_lag1
time.0,28,1,2.9802322387695312e-08,0.0008151207584887743,2026092704,coupled_lag4
time.1,28,1,2.2351741790771484e-08,0.00031428851070813835,2026092704,coupled_lag4
time.2,28,1,2.2351741790771484e-08,0.000363140890840441,2026092704,coupled_lag4
behavior.0,28,1,2.2351741790771484e-08,0.00036256463499739766,2026092704,coupled_lag4
behavior.1,28,1,1.1175870895385742e-08,0.00012695728219114244,2026092704,coupled_lag4
behavior.2,28,1,1.4901161193847656e-08,0.000127522784168832,2026092704,coupled_lag4
time.0,28,2,2.2351741790771484e-08,0.0005229270318523049,2026092704,coupled_lag4
time.1,28,2,1.4901161193847656e-08,0.00024375361681450158,2026092704,coupled_lag4
time.2,28,2,2.2351741790771484e-08,0.0003043963515665382,2026092704,coupled_lag4
behavior.0,28,2,1.4901161193847656e-08,0.0003004708851221949,2026092704,coupled_lag4
behavior.1,28,2,1.1175870895385742e-08,0.00013644828868564218,2026092704,coupled_lag4
behavior.2,28,2,1.1175870895385742e-08,0.00012497970601543784,2026092704,coupled_lag4
time.0,28,3,1.4901161193847656e-08,0.000544054142665118,2026092704,coupled_lag4
time.1,28,3,2.2351741790771484e-08,0.00025918619940057397,2026092704,coupled_lag4
time.2,28,3,2.2351741790771484e-08,0.000288190261926502,2026092704,coupled_lag4
behavior.0,28,3,2.2351741790771484e-08,0.00031055317958816886,2026092704,coupled_lag4
behavior.1,28,3,1.1175870895385742e-08,0.0001263126905541867,2026092704,coupled_lag4
behavior.2,28,3,1.4901161193847656e-08,0.00010097489575855434,2026092704,coupled_lag4
time.0,28,4,2.2351741790771484e-08,0.0006450377404689789,2026092704,coupled_lag4
time.1,28,4,1.4901161193847656e-08,0.00029352129786275327,2026092704,coupled_lag4
time.2,28,4,2.2351741790771484e-08,0.0004249374906066805,2026092704,coupled_lag4
behavior.0,28,4,2.2351741790771484e-08,0.0002899313985835761,2026092704,coupled_lag4
behavior.1,28,4,1.1175870895385742e-08,0.0001252554211532697,2026092704,coupled_lag4
behavior.2,28,4,1.1175870895385742e-08,0.00010720449063228443,2026092704,coupled_lag4
time.0,28,5,2.2351741790771484e-08,0.000545474817045033,2026092704,coupled_lag4
time.1,28,5,1.4901161193847656e-08,0.0002411444584140554,2026092704,coupled_lag4
time.2,28,5,1.4901161193847656e-08,0.00035382117494009435,2026092704,coupled_lag4
behavior.0,28,5,2.2351741790771484e-08,0.0003949934325646609,2026092704,coupled_lag4
behavior.1,28,5,1.4901161193847656e-08,0.00013819444575347006,2026092704,coupled_lag4
behavior.2,28,5,1.1175870895385742e-08,0.00010411784023744985,2026092704,coupled_lag4
time.0,28,6,2.9802322387695312e-08,0.0005885119899176061,2026092704,coupled_lag4
time.1,28,6,2.2351741790771484e-08,0.00028038432355970144,2026092704,coupled_lag4
time.2,28,6,2.2351741790771484e-08,0.00041752003016881645,2026092704,coupled_lag4
behavior.0,28,6,1.4901161193847656e-08,0.0002925050212070346,2026092704,coupled_lag4
behavior.1,28,6,1.1175870895385742e-08,0.00011833155440399423,2026092704,coupled_lag4
behavior.2,28,6,1.1175870895385742e-08,0.00012073276593582705,2026092704,coupled_lag4
time.0,28,7,1.4901161193847656e-08,0.0005959094851277769,2026092704,coupled_lag4
time.1,28,7,1.4901161193847656e-08,0.00029779953183606267,2026092704,coupled_lag4
time.2,28,7,2.9802322387695312e-08,0.0004497535992413759,2026092704,coupled_lag4
behavior.0,28,7,1.4901161193847656e-08,0.00028676551301032305,2026092704,coupled_lag4
behavior.1,28,7,1.1175870895385742e-08,0.00010713210212998092,2026092704,coupled_lag4
behavior.2,28,7,1.1175870895385742e-08,0.00013105547986924648,2026092704,coupled_lag4
time.0,28,8,2.2351741790771484e-08,0.0004829479439649731,2026092704,coupled_lag4
time.1,28,8,1.4901161193847656e-08,0.0002659098827280104,2026092704,coupled_lag4
time.2,28,8,2.2351741790771484e-08,0.0004319529398344457,2026092704,coupled_lag4
behavior.0,28,8,1.4901161193847656e-08,0.00026928880834020674,2026092704,coupled_lag4
behavior.1,28,8,1.1175870895385742e-08,0.00011103939323220402,2026092704,coupled_lag4
behavior.2,28,8,1.4901161193847656e-08,0.00012467270425986499,2026092704,coupled_lag4
time.0,28,9,2.2351741790771484e-08,0.0004641449195332825,2026092704,coupled_lag4
time.1,28,9,1.4901161193847656e-08,0.0002606543421279639,2026092704,coupled_lag4
time.2,28,9,1.4901161193847656e-08,0.0004438668838702142,2026092704,coupled_lag4
behavior.0,28,9,1.4901161193847656e-08,0.00032725121127441525,2026092704,coupled_lag4
behavior.1,28,9,1.1175870895385742e-08,0.00011799574713222682,2026092704,coupled_lag4
behavior.2,28,9,1.1175870895385742e-08,0.00015475196414627135,2026092704,coupled_lag4
time.0,28,10,2.9802322387695312e-08,0.0006368390750139952,2026092704,coupled_lag4
time.1,28,10,1.4901161193847656e-08,0.0003410219505894929,2026092704,coupled_lag4
time.2,28,10,2.9802322387695312e-08,0.0006207408150658011,2026092704,coupled_lag4
behavior.0,28,10,2.9802322387695312e-08,0.0002820653317030519,2026092704,coupled_lag4
behavior.1,28,10,1.1175870895385742e-08,0.00011181537411175668,2026092704,coupled_lag4
behavior.2,28,10,7.450580596923828e-09,0.00013066185056231916,2026092704,coupled_lag4
time.0,28,11,2.2351741790771484e-08,0.0004968131543137133,2026092704,coupled_lag4
time.1,28,11,1.4901161193847656e-08,0.0002657042059581727,2026092704,coupled_lag4
time.2,28,11,4.470348358154297e-08,0.0004836048756260425,2026092704,coupled_lag4
behavior.0,28,11,1.4901161193847656e-08,0.00027453593793325126,2026092704,coupled_lag4
behavior.1,28,11,1.1175870895385742e-08,0.00010091043805005029,2026092704,coupled_lag4
behavior.2,28,11,1.1175870895385742e-08,0.00013236539962235838,2026092704,coupled_lag4
time.0,28,12,2.2351741790771484e-08,0.0004823152848985046,2026092704,coupled_lag4
time.1,28,12,1.1175870895385742e-08,0.0002761459909379482,2026092704,coupled_lag4
time.2,28,12,2.2351741790771484e-08,0.0005055988440290093,2026092704,coupled_lag4
behavior.0,28,12,2.2351741790771484e-08,0.00027452720678411424,2026092704,coupled_lag4
behavior.1,28,12,1.1175870895385742e-08,9.482519089942798e-05,2026092704,coupled_lag4
behavior.2,28,12,1.1175870895385742e-08,0.00012718031939584762,2026092704,coupled_lag4
time.0,28,13,1.4901161193847656e-08,0.00044472297304309905,2026092704,coupled_lag4
time.1,28,13,1.4901161193847656e-08,0.00024167036463040859,2026092704,coupled_lag4
time.2,28,13,2.9802322387695312e-08,0.00046108299284242094,2026092704,coupled_lag4
behavior.0,28,13,1.4901161193847656e-08,0.0002641516039147973,2026092704,coupled_lag4
behavior.1,28,13,1.4901161193847656e-08,0.00010862046474358067,2026092704,coupled_lag4
behavior.2,28,13,1.4901161193847656e-08,0.00014037100481800735,2026092704,coupled_lag4
time.0,28,14,1.4901161193847656e-08,0.00041070920997299254,2026092704,coupled_lag4
time.1,28,14,1.4901161193847656e-08,0.00023361686908174306,2026092704,coupled_lag4
time.2,28,14,1.4901161193847656e-08,0.0004187065060250461,2026092704,coupled_lag4
behavior.0,28,14,1.4901161193847656e-08,0.0002687213709577918,2026092704,coupled_lag4
behavior.1,28,14,1.1175870895385742e-08,9.738850349094719e-05,2026092704,coupled_lag4
behavior.2,28,14,1.4901161193847656e-08,0.00013071115245111287,2026092704,coupled_lag4
time.0,28,15,1.4901161193847656e-08,0.000579210405703634,2026092704,coupled_lag4
time.1,28,15,1.4901161193847656e-08,0.0003129353863187134,2026092704,coupled_lag4
time.2,28,15,2.9802322387695312e-08,0.0005666787037625909,2026092704,coupled_lag4
behavior.0,28,15,1.4901161193847656e-08,0.00026586963213048875,2026092704,coupled_lag4
behavior.1,28,15,1.1175870895385742e-08,0.00010560177906882018,2026092704,coupled_lag4
behavior.2,28,15,1.4901161193847656e-08,0.00014597020344808698,2026092704,coupled_lag4
time.0,28,16,1.4901161193847656e-08,0.00047084526158869267,2026092704,coupled_lag4
time.1,28,16,1.4901161193847656e-08,0.00026245773187838495,2026092704,coupled_lag4
time.2,28,16,1.4901161193847656e-08,0.0005228937370702624,2026092704,coupled_lag4
behavior.0,28,16,1.4901161193847656e-08,0.00027045627939514816,2026092704,coupled_lag4
behavior.1,28,16,1.1175870895385742e-08,9.509507071925327e-05,2026092704,coupled_lag4
behavior.2,28,16,1.1175870895385742e-08,0.00016463066276628524,2026092704,coupled_lag4
time.0,28,17,2.2351741790771484e-08,0.0005654540145769715,2026092704,coupled_lag4
time.1,28,17,1.4901161193847656e-08,0.000305442837998271,2026092704,coupled_lag4
time.2,28,17,2.2351741790771484e-08,0.0006320464890450239,2026092704,coupled_lag4
behavior.0,28,17,1.4901161193847656e-08,0.0002521997084841132,2026092704,coupled_lag4
behavior.1,28,17,1.1175870895385742e-08,0.00010005870717577636,2026092704,coupled_lag4
behavior.2,28,17,1.1175870895385742e-08,0.00015559105668216944,2026092704,coupled_lag4
time.0,28,18,1.4901161193847656e-08,0.0004336168058216572,2026092704,coupled_lag4
time.1,28,18,1.4901161193847656e-08,0.0002469052269589156,2026092704,coupled_lag4
time.2,28,18,1.4901161193847656e-08,0.0004737087874673307,2026092704,coupled_lag4
behavior.0,28,18,1.4901161193847656e-08,0.00027081044390797615,2026092704,coupled_lag4
behavior.1,28,18,1.1175870895385742e-08,9.615316230338067e-05,2026092704,coupled_lag4
behavior.2,28,18,1.1175870895385742e-08,0.00013552821474149823,2026092704,coupled_lag4
time.0,28,19,2.9802322387695312e-08,0.00047120865201577544,2026092704,coupled_lag4
time.1,28,19,1.4901161193847656e-08,0.00025562665541656315,2026092704,coupled_lag4
time.2,28,19,2.9802322387695312e-08,0.0005177290295250714,2026092704,coupled_lag4
behavior.0,28,19,2.2351741790771484e-08,0.00024787342408671975,2026092704,coupled_lag4
behavior.1,28,19,1.1175870895385742e-08,9.488267096458003e-05,2026092704,coupled_lag4
behavior.2,28,19,1.1175870895385742e-08,0.00014191443915478885,2026092704,coupled_lag4
time.0,28,20,2.9802322387695312e-08,0.0005506046582013369,2026092704,coupled_lag4
time.1,28,20,1.4901161193847656e-08,0.00030754521139897406,2026092704,coupled_lag4
time.2,28,20,2.9802322387695312e-08,0.0005883421981707215,2026092704,coupled_lag4
behavior.0,28,20,1.4901161193847656e-08,0.00024947390193119645,2026092704,coupled_lag4
behavior.1,28,20,1.1175870895385742e-08,9.483062603976578e-05,2026092704,coupled_lag4
behavior.2,28,20,1.1175870895385742e-08,0.00014941323024686426,2026092704,coupled_lag4
time.0,28,21,2.9802322387695312e-08,0.00047395177534781396,2026092704,coupled_lag4
time.1,28,21,1.4901161193847656e-08,0.0002456010552123189,2026092704,coupled_lag4
time.2,28,21,2.9802322387695312e-08,0.0005089345504529774,2026092704,coupled_lag4
behavior.0,28,21,2.2351741790771484e-08,0.00024956202832981944,2026092704,coupled_lag4
behavior.1,28,21,1.1175870895385742e-08,9.228874841937795e-05,2026092704,coupled_lag4
behavior.2,28,21,1.4901161193847656e-08,0.00014677277067676187,2026092704,coupled_lag4
time.0,28,22,1.4901161193847656e-08,0.00045036300434730947,2026092704,coupled_lag4
time.1,28,22,1.4901161193847656e-08,0.0002509839541744441,2026092704,coupled_lag4
time.2,28,22,2.2351741790771484e-08,0.0005692798877134919,2026092704,coupled_lag4
behavior.0,28,22,1.4901161193847656e-08,0.00026548869209364057,2026092704,coupled_lag4
behavior.1,28,22,1.1175870895385742e-08,9.917908755596727e-05,2026092704,coupled_lag4
behavior.2,28,22,1.1175870895385742e-08,0.00013871508417651057,2026092704,coupled_lag4
time.0,28,23,1.4901161193847656e-08,0.000474061060231179,2026092704,coupled_lag4
time.1,28,23,1.4901161193847656e-08,0.0002701431803870946,2026092704,coupled_lag4
time.2,28,23,2.2351741790771484e-08,0.0005275888834148645,2026092704,coupled_lag4
behavior.0,28,23,1.4901161193847656e-08,0.00025582307716831565,2026092704,coupled_lag4
behavior.1,28,23,7.450580596923828e-09,9.617589239496738e-05,2026092704,coupled_lag4
behavior.2,28,23,1.1175870895385742e-08,0.00016063122893683612,2026092704,coupled_lag4
time.0,28,24,2.2351741790771484e-08,0.00046737841330468655,2026092704,coupled_lag4
time.1,28,24,1.4901161193847656e-08,0.0002784085227176547,2026092704,coupled_lag4
time.2,28,24,1.4901161193847656e-08,0.0006188353872857988,2026092704,coupled_lag4
behavior.0,28,24,2.2351741790771484e-08,0.00024491167278029025,2026092704,coupled_lag4
behavior.1,28,24,1.1175870895385742e-08,9.215700993081555e-05,2026092704,coupled_lag4
behavior.2,28,24,1.4901161193847656e-08,0.00017667368229012936,2026092704,coupled_lag4
time.0,28,25,3.725290298461914e-08,0.00046307736192829907,2026092704,coupled_lag4
time.1,28,25,1.4901161193847656e-08,0.0002418944495730102,2026092704,coupled_lag4
time.2,28,25,1.4901161193847656e-08,0.0005702866474166512,2026092704,coupled_lag4
behavior.0,28,25,1.4901161193847656e-08,0.0002540625282563269,2026092704,coupled_lag4
behavior.1,28,25,1.1175870895385742e-08,8.961441199062392e-05,2026092704,coupled_lag4
behavior.2,28,25,1.4901161193847656e-08,0.00014512163761537522,2026092704,coupled_lag4
time.0,28,26,2.2351741790771484e-08,0.00045587390195578337,2026092704,coupled_lag4
time.1,28,26,1.1175870895385742e-08,0.00023221511219162494,2026092704,coupled_lag4
time.2,28,26,2.2351741790771484e-08,0.0005220160237513483,2026092704,coupled_lag4
behavior.0,28,26,1.4901161193847656e-08,0.0002578504791017622,2026092704,coupled_lag4
behavior.1,28,26,1.1175870895385742e-08,9.912387758959085e-05,2026092704,coupled_lag4
behavior.2,28,26,1.4901161193847656e-08,0.00017125885642599314,2026092704,coupled_lag4
time.0,28,27,2.2351741790771484e-08,0.0005788652924820781,2026092704,coupled_lag4
time.1,28,27,1.4901161193847656e-08,0.00028565211687237024,2026092704,coupled_lag4
time.2,28,27,1.4901161193847656e-08,0.0006274651968851686,2026092704,coupled_lag4
behavior.0,28,27,1.4901161193847656e-08,0.00028944778023287654,2026092704,coupled_lag4
behavior.1,28,27,1.1175870895385742e-08,9.456319821765646e-05,2026092704,coupled_lag4
behavior.2,28,27,1.4901161193847656e-08,0.00013806727656628937,2026092704,coupled_lag4
time.0,28,28,1.4901161193847656e-08,0.00037415060796774924,2026092704,coupled_lag4
time.1,28,28,1.1175870895385742e-08,0.00020295755530241877,2026092704,coupled_lag4
time.2,28,28,1.4901161193847656e-08,0.0004427368112374097,2026092704,coupled_lag4
behavior.0,28,28,1.4901161193847656e-08,0.00026996113592758775,2026092704,coupled_lag4
behavior.1,28,28,1.4901161193847656e-08,8.999356214189902e-05,2026092704,coupled_lag4
behavior.2,28,28,7.450580596923828e-09,0.00015509019431192428,2026092704,coupled_lag4
time.0,28,29,2.9802322387695312e-08,0.0005483403219841421,2026092704,coupled_lag4
time.1,28,29,1.4901161193847656e-08,0.00027346351998858154,2026092704,coupled_lag4
time.2,28,29,2.9802322387695312e-08,0.0006459636497311294,2026092704,coupled_lag4
behavior.0,28,29,1.4901161193847656e-08,0.00025424372870475054,2026092704,coupled_lag4
behavior.1,28,29,1.4901161193847656e-08,9.358455281471834e-05,2026092704,coupled_lag4
behavior.2,28,29,1.1175870895385742e-08,0.0001381641486659646,2026092704,coupled_lag4
time.0,28,30,2.2351741790771484e-08,0.0004274487728253007,2026092704,coupled_lag4
time.1,28,30,1.4901161193847656e-08,0.0002335570170544088,2026092704,coupled_lag4
time.2,28,30,2.2351741790771484e-08,0.0005612807581201196,2026092704,coupled_lag4
behavior.0,28,30,2.2351741790771484e-08,0.0002605887420941144,2026092704,coupled_lag4
behavior.1,28,30,1.1175870895385742e-08,9.418016270501539e-05,2026092704,coupled_lag4
behavior.2,28,30,7.450580596923828e-09,0.00017062285041902214,2026092704,coupled_lag4
time.0,28,31,1.4901161193847656e-08,0.0004396445583552122,2026092704,coupled_lag4
time.1,28,31,1.4901161193847656e-08,0.00022465296206064522,2026092704,coupled_lag4
time.2,28,31,2.2351741790771484e-08,0.0005807476118206978,2026092704,coupled_lag4
behavior.0,28,31,1.4901161193847656e-08,0.00026260034064762294,2026092704,coupled_lag4
behavior.1,28,31,1.4901161193847656e-08,9.866690379567444e-05,2026092704,coupled_lag4
behavior.2,28,31,7.450580596923828e-09,0.0001766378409229219,2026092704,coupled_lag4
time.0,28,32,2.9802322387695312e-08,0.0005665188655257225,2026092704,coupled_lag4
time.1,28,32,1.4901161193847656e-08,0.0002889351162593812,2026092704,coupled_lag4
time.2,28,32,2.2351741790771484e-08,0.0006564815412275493,2026092704,coupled_lag4
behavior.0,28,32,2.2351741790771484e-08,0.00024740135995671153,2026092704,coupled_lag4
behavior.1,28,32,7.450580596923828e-09,8.849244477460161e-05,2026092704,coupled_lag4
behavior.2,28,32,1.1175870895385742e-08,0.00014680478489026427,2026092704,coupled_lag4
time.0,28,33,4.470348358154297e-08,0.0004845538642257452,2026092704,coupled_lag4
time.1,28,33,1.4901161193847656e-08,0.00024909392232075334,2026092704,coupled_lag4
time.2,28,33,2.9802322387695312e-08,0.0005788011476397514,2026092704,coupled_lag4
behavior.0,28,33,2.2351741790771484e-08,0.00025283845025114715,2026092704,coupled_lag4
behavior.1,28,33,1.4901161193847656e-08,9.947243961505592e-05,2026092704,coupled_lag4
behavior.2,28,33,1.4901161193847656e-08,0.0001693018857622519,2026092704,coupled_lag4
time.0,28,34,1.4901161193847656e-08,0.0005646369536407292,2026092704,coupled_lag4
time.1,28,34,1.4901161193847656e-08,0.00029912611353211105,2026092704,coupled_lag4
time.2,28,34,1.4901161193847656e-08,0.0006289490265771747,2026092704,coupled_lag4
behavior.0,28,34,1.4901161193847656e-08,0.0002532055077608675,2026092704,coupled_lag4
behavior.1,28,34,7.450580596923828e-09,8.875302592059597e-05,2026092704,coupled_lag4
behavior.2,28,34,1.1175870895385742e-08,0.00015687313862144947,2026092704,coupled_lag4
time.0,28,35,1.4901161193847656e-08,0.00041145371505990624,2026092704,coupled_lag4
time.1,28,35,1.4901161193847656e-08,0.00020273179688956589,2026092704,coupled_lag4
time.2,28,35,2.2351741790771484e-08,0.0004956539487466216,2026092704,coupled_lag4
behavior.0,28,35,1.4901161193847656e-08,0.00025233859196305275,2026092704,coupled_lag4
behavior.1,28,35,7.450580596923828e-09,9.417384717380628e-05,2026092704,coupled_lag4
behavior.2,28,35,1.4901161193847656e-08,0.00013774825492873788,2026092704,coupled_lag4
time.0,28,36,2.2351741790771484e-08,0.0004167674924246967,2026092704,coupled_lag4
time.1,28,36,1.4901161193847656e-08,0.0002158353163395077,2026092704,coupled_lag4
time.2,28,36,2.2351741790771484e-08,0.0004893513396382332,2026092704,coupled_lag4
behavior.0,28,36,1.4901161193847656e-08,0.000251325371209532,2026092704,coupled_lag4
behavior.1,28,36,7.450580596923828e-09,9.26187276490964e-05,2026092704,coupled_lag4
behavior.2,28,36,1.1175870895385742e-08,0.00014862671378068626,2026092704,coupled_lag4
time.0,28,37,1.4901161193847656e-08,0.00044019013876095414,2026092704,coupled_lag4
time.1,28,37,1.4901161193847656e-08,0.00023076514480635524,2026092704,coupled_lag4
time.2,28,37,1.4901161193847656e-08,0.0005358175840228796,2026092704,coupled_lag4
behavior.0,28,37,1.4901161193847656e-08,0.0002657542354427278,2026092704,coupled_lag4
behavior.1,28,37,1.1175870895385742e-08,8.895569771993905e-05,2026092704,coupled_lag4
behavior.2,28,37,7.450580596923828e-09,0.00015200782218016684,2026092704,coupled_lag4
time.0,28,38,2.2351741790771484e-08,0.0004198583192192018,2026092704,coupled_lag4
time.1,28,38,1.4901161193847656e-08,0.0002299294137628749,2026092704,coupled_lag4
time.2,28,38,1.4901161193847656e-08,0.0004956408520229161,2026092704,coupled_lag4
behavior.0,28,38,2.9802322387695312e-08,0.0002762730000540614,2026092704,coupled_lag4
behavior.1,28,38,1.1175870895385742e-08,0.00010249212209600955,2026092704,coupled_lag4
behavior.2,28,38,1.1175870895385742e-08,0.00014054719940759242,2026092704,coupled_lag4
time.0,28,39,2.9802322387695312e-08,0.0005346887628547847,2026092704,coupled_lag4
time.1,28,39,2.2351741790771484e-08,0.00026857940247282386,2026092704,coupled_lag4
time.2,28,39,2.9802322387695312e-08,0.0006197066977620125,2026092704,coupled_lag4
behavior.0,28,39,1.4901161193847656e-08,0.0002754785236902535,2026092704,coupled_lag4
behavior.1,28,39,1.1175870895385742e-08,9.073990804608911e-05,2026092704,coupled_lag4
behavior.2,28,39,1.1175870895385742e-08,0.000152904714923352,2026092704,coupled_lag4
time.0,28,40,1.4901161193847656e-08,0.0005846185376867652,2026092704,coupled_lag4
time.1,28,40,1.4901161193847656e-08,0.0002900978724937886,2026092704,coupled_lag4
time.2,28,40,2.9802322387695312e-08,0.000671274377964437,2026092704,coupled_lag4
behavior.0,28,40,1.4901161193847656e-08,0.0002508485340513289,2026092704,coupled_lag4
behavior.1,28,40,1.1175870895385742e-08,8.641219028504565e-05,2026092704,coupled_lag4
behavior.2,28,40,1.1175870895385742e-08,0.0001495764299761504,2026092704,coupled_lag4
time.0,28,41,1.4901161193847656e-08,0.0005776634789071977,2026092704,coupled_lag4
time.1,28,41,1.4901161193847656e-08,0.00028874585404992104,2026092704,coupled_lag4
time.2,28,41,1.4901161193847656e-08,0.0006797940586693585,2026092704,coupled_lag4
behavior.0,28,41,1.4901161193847656e-08,0.00024319870863109827,2026092704,coupled_lag4
behavior.1,28,41,1.1175870895385742e-08,9.466435585636646e-05,2026092704,coupled_lag4
behavior.2,28,41,1.1175870895385742e-08,0.00015673988673370332,2026092704,coupled_lag4
time.0,28,42,2.2351741790771484e-08,0.0004943510284647346,2026092704,coupled_lag4
time.1,28,42,1.4901161193847656e-08,0.00024394535284955055,2026092704,coupled_lag4
time.2,28,42,2.2351741790771484e-08,0.0006319923559203744,2026092704,coupled_lag4
behavior.0,28,42,1.4901161193847656e-08,0.00027016145759262145,2026092704,coupled_lag4
behavior.1,28,42,1.1175870895385742e-08,9.143642819253728e-05,2026092704,coupled_lag4
behavior.2,28,42,1.4901161193847656e-08,0.00015012356743682176,2026092704,coupled_lag4
time.0,28,43,2.9802322387695312e-08,0.0005487204762175679,2026092704,coupled_lag4
time.1,28,43,1.4901161193847656e-08,0.0002789708087220788,2026092704,coupled_lag4
time.2,28,43,1.4901161193847656e-08,0.0006863291491754353,2026092704,coupled_lag4
behavior.0,28,43,1.4901161193847656e-08,0.0002552672231104225,2026092704,coupled_lag4
behavior.1,28,43,1.4901161193847656e-08,8.932920900406316e-05,2026092704,coupled_lag4
behavior.2,28,43,1.1175870895385742e-08,0.00013593470794148743,2026092704,coupled_lag4
time.0,28,44,1.4901161193847656e-08,0.0004616164369508624,2026092704,coupled_lag4
time.1,28,44,1.4901161193847656e-08,0.00023855356266722083,2026092704,coupled_lag4
time.2,28,44,1.4901161193847656e-08,0.0006042433669790626,2026092704,coupled_lag4
behavior.0,28,44,2.9802322387695312e-08,0.000266882823780179,2026092704,coupled_lag4
behavior.1,28,44,1.4901161193847656e-08,9.099520684685558e-05,2026092704,coupled_lag4
behavior.2,28,44,1.1175870895385742e-08,0.00015159517352003604,2026092704,coupled_lag4
time.0,28,45,2.2351741790771484e-08,0.0004561989917419851,2026092704,coupled_lag4
time.1,28,45,1.4901161193847656e-08,0.0002328100526938215,2026092704,coupled_lag4
time.2,28,45,2.9802322387695312e-08,0.0006079485756345093,2026092704,coupled_lag4
behavior.0,28,45,1.4901161193847656e-08,0.000261748704360798,2026092704,coupled_lag4
behavior.1,28,45,1.1175870895385742e-08,9.071008389582857e-05,2026092704,coupled_lag4
behavior.2,28,45,1.4901161193847656e-08,0.0001373912236886099,2026092704,coupled_lag4
time.0,28,46,2.9802322387695312e-08,0.0005208283546380699,2026092704,coupled_lag4
time.1,28,46,1.862645149230957e-08,0.0002610806259326637,2026092704,coupled_lag4
time.2,28,46,1.4901161193847656e-08,0.0006481509190052748,2026092704,coupled_lag4
behavior.0,28,46,1.4901161193847656e-08,0.00025116774486377835,2026092704,coupled_lag4
behavior.1,28,46,1.1175870895385742e-08,9.16347635211423e-05,2026092704,coupled_lag4
behavior.2,28,46,1.1175870895385742e-08,0.00015830235497560352,2026092704,coupled_lag4
time.0,28,47,2.2351741790771484e-08,0.00044647615868598223,2026092704,coupled_lag4
time.1,28,47,1.4901161193847656e-08,0.000241160043515265,2026092704,coupled_lag4
time.2,28,47,2.2351741790771484e-08,0.0005512553034350276,2026092704,coupled_lag4
behavior.0,28,47,1.4901161193847656e-08,0.00024739306536503136,2026092704,coupled_lag4
behavior.1,28,47,1.1175870895385742e-08,8.789628191152588e-05,2026092704,coupled_lag4
behavior.2,28,47,7.450580596923828e-09,0.00014432529860641807,2026092704,coupled_lag4
time.0,28,48,1.4901161193847656e-08,0.0005541671998798847,2026092704,coupled_lag4
time.1,28,48,1.4901161193847656e-08,0.0002982860605698079,2026092704,coupled_lag4
time.2,28,48,2.9802322387695312e-08,0.000699808297213167,2026092704,coupled_lag4
behavior.0,28,48,1.4901161193847656e-08,0.00024949153885245323,2026092704,coupled_lag4
behavior.1,28,48,1.1175870895385742e-08,9.138877067016438e-05,2026092704,coupled_lag4
behavior.2,28,48,1.1175870895385742e-08,0.0001354781270492822,2026092704,coupled_lag4
time.0,28,49,2.2351741790771484e-08,0.0005356880719773471,2026092704,coupled_lag4
time.1,28,49,1.4901161193847656e-08,0.00027125171618536115,2026092704,coupled_lag4
time.2,28,49,2.9802322387695312e-08,0.0006599786574952304,2026092704,coupled_lag4
behavior.0,28,49,1.4901161193847656e-08,0.00023621544823981822,2026092704,coupled_lag4
behavior.1,28,49,1.1175870895385742e-08,8.64566391101107e-05,2026092704,coupled_lag4
behavior.2,28,49,1.1175870895385742e-08,0.00013731075159739703,2026092704,coupled_lag4
time.0,28,50,2.2351741790771484e-08,0.00042206881335005164,2026092704,coupled_lag4
time.1,28,50,1.4901161193847656e-08,0.00020721695909742266,2026092704,coupled_lag4
time.2,28,50,1.4901161193847656e-08,0.0005398973007686436,2026092704,coupled_lag4
behavior.0,28,50,1.4901161193847656e-08,0.0002578673302195966,2026092704,coupled_lag4
behavior.1,28,50,1.1175870895385742e-08,8.672748663229868e-05,2026092704,coupled_lag4
behavior.2,28,50,1.1175870895385742e-08,0.00012315501226112247,2026092704,coupled_lag4
time.0,28,51,2.9802322387695312e-08,0.0004563116526696831,2026092704,coupled_lag4
time.1,28,51,1.4901161193847656e-08,0.0002223149931523949,2026092704,coupled_lag4
time.2,28,51,1.4901161193847656e-08,0.0005972933140583336,2026092704,coupled_lag4
behavior.0,28,51,1.4901161193847656e-08,0.00025389075744897127,2026092704,coupled_lag4
behavior.1,28,51,1.4901161193847656e-08,9.503767796559259e-05,2026092704,coupled_lag4
behavior.2,28,51,1.1175870895385742e-08,0.00017211736121680588,2026092704,coupled_lag4
time.0,28,52,1.4901161193847656e-08,0.0004280056164134294,2026092704,coupled_lag4
time.1,28,52,1.4901161193847656e-08,0.000222778384340927,2026092704,coupled_lag4
time.2,28,52,1.4901161193847656e-08,0.0005740927299484611,2026092704,coupled_lag4
behavior.0,28,52,1.4901161193847656e-08,0.0002485135628376156,2026092704,coupled_lag4
behavior.1,28,52,7.450580596923828e-09,8.752859866945073e-05,2026092704,coupled_lag4
behavior.2,28,52,1.1175870895385742e-08,0.00014968989125918597,2026092704,coupled_lag4
time.0,28,53,1.4901161193847656e-08,0.0005936062661930919,2026092704,coupled_lag4
time.1,28,53,1.4901161193847656e-08,0.00028975849272683263,2026092704,coupled_lag4
time.2,28,53,1.4901161193847656e-08,0.000753859814722091,2026092704,coupled_lag4
behavior.0,28,53,1.862645149230957e-08,0.0002482537820469588,2026092704,coupled_lag4
behavior.1,28,53,7.450580596923828e-09,8.86788620846346e-05,2026092704,coupled_lag4
behavior.2,28,53,1.1175870895385742e-08,0.00013880879851058125,2026092704,coupled_lag4
time.0,28,54,1.4901161193847656e-08,0.00044544064439833164,2026092704,coupled_lag4
time.1,28,54,1.4901161193847656e-08,0.00022524240193888545,2026092704,coupled_lag4
time.2,28,54,2.2351741790771484e-08,0.0006261385278776288,2026092704,coupled_lag4
behavior.0,28,54,1.4901161193847656e-08,0.00024398640380240977,2026092704,coupled_lag4
behavior.1,28,54,1.4901161193847656e-08,9.309338202001527e-05,2026092704,coupled_lag4
behavior.2,28,54,1.1175870895385742e-08,0.0001420153130311519,2026092704,coupled_lag4
time.0,28,55,1.4901161193847656e-08,0.0005200703162699938,2026092704,coupled_lag4
time.1,28,55,1.4901161193847656e-08,0.00024568484514020383,2026092704,coupled_lag4
time.2,28,55,2.9802322387695312e-08,0.0006495098932646215,2026092704,coupled_lag4
behavior.0,28,55,1.4901161193847656e-08,0.00023880823573563248,2026092704,coupled_lag4
behavior.1,28,55,1.1175870895385742e-08,8.820696530165151e-05,2026092704,coupled_lag4
behavior.2,28,55,1.1175870895385742e-08,0.00014310081314761192,2026092704,coupled_lag4
time.0,28,56,2.2351741790771484e-08,0.0005367278354242444,2026092704,coupled_lag4
time.1,28,56,1.4901161193847656e-08,0.0002600601583253592,2026092704,coupled_lag4
time.2,28,56,2.9802322387695312e-08,0.0006652193260379136,2026092704,coupled_lag4
behavior.0,28,56,1.4901161193847656e-08,0.00024330042651854455,2026092704,coupled_lag4
behavior.1,28,56,1.4901161193847656e-08,9.844984015217051e-05,2026092704,coupled_lag4
behavior.2,28,56,1.1175870895385742e-08,0.00015177966270130128,2026092704,coupled_lag4
time.0,28,57,1.4901161193847656e-08,0.0004486191610340029,2026092704,coupled_lag4
time.1,28,57,1.4901161193847656e-08,0.0002125563332810998,2026092704,coupled_lag4
time.2,28,57,2.2351741790771484e-08,0.0005307376268319786,2026092704,coupled_lag4
behavior.0,28,57,1.4901161193847656e-08,0.0002449023595545441,2026092704,coupled_lag4
behavior.1,28,57,7.450580596923828e-09,9.227074042428285e-05,2026092704,coupled_lag4
behavior.2,28,57,1.4901161193847656e-08,0.00013653660425916314,2026092704,coupled_lag4
time.0,28,58,2.9802322387695312e-08,0.0005547926994040608,2026092704,coupled_lag4
time.1,28,58,2.2351741790771484e-08,0.0002772924490272999,2026092704,coupled_lag4
time.2,28,58,2.9802322387695312e-08,0.0006552225677296519,2026092704,coupled_lag4
behavior.0,28,58,1.4901161193847656e-08,0.0003001579607371241,2026092704,coupled_lag4
behavior.1,28,58,1.4901161193847656e-08,0.00010501863289391622,2026092704,coupled_lag4
behavior.2,28,58,1.1175870895385742e-08,0.00015277601778507233,2026092704,coupled_lag4
time.0,28,59,1.4901161193847656e-08,0.0005030076135881245,2026092704,coupled_lag4
time.1,28,59,1.4901161193847656e-08,0.00026005349354818463,2026092704,coupled_lag4
time.2,28,59,2.2351741790771484e-08,0.0006604257505387068,2026092704,coupled_lag4
behavior.0,28,59,1.862645149230957e-08,0.0002426731080049649,2026092704,coupled_lag4
behavior.1,28,59,1.1175870895385742e-08,9.498606959823519e-05,2026092704,coupled_lag4
behavior.2,28,59,1.1175870895385742e-08,0.00015135362627916038,2026092704,coupled_lag4
time.0,28,60,2.2351741790771484e-08,0.0004802184703294188,2026092704,coupled_lag4
time.1,28,60,2.2351741790771484e-08,0.00025310032651759684,2026092704,coupled_lag4
time.2,28,60,2.9802322387695312e-08,0.0005784061504527926,2026092704,coupled_lag4
behavior.0,28,60,2.2351741790771484e-08,0.00023676401178818196,2026092704,coupled_lag4
behavior.1,28,60,1.1175870895385742e-08,8.535636879969388e-05,2026092704,coupled_lag4
behavior.2,28,60,1.1175870895385742e-08,0.000150510182720609,2026092704,coupled_lag4
time.0,28,61,2.9802322387695312e-08,0.0004532091843429953,2026092704,coupled_lag4
time.1,28,61,1.4901161193847656e-08,0.00022292666835710406,2026092704,coupled_lag4
time.2,28,61,2.2351741790771484e-08,0.0005113848019391298,2026092704,coupled_lag4
behavior.0,28,61,2.2351741790771484e-08,0.00025432647089473903,2026092704,coupled_lag4
behavior.1,28,61,7.450580596923828e-09,8.025881834328175e-05,2026092704,coupled_lag4
behavior.2,28,61,1.1175870895385742e-08,0.0001369264500681311,2026092704,coupled_lag4
time.0,28,62,1.4901161193847656e-08,0.0005265354411676526,2026092704,coupled_lag4
time.1,28,62,1.4901161193847656e-08,0.0002516277600079775,2026092704,coupled_lag4
time.2,28,62,2.9802322387695312e-08,0.0006375404773280025,2026092704,coupled_lag4
behavior.0,28,62,1.4901161193847656e-08,0.00024925218895077705,2026092704,coupled_lag4
behavior.1,28,62,7.450580596923828e-09,7.838330930098891e-05,2026092704,coupled_lag4
behavior.2,28,62,1.4901161193847656e-08,0.00013953571033198386,2026092704,coupled_lag4
time.0,28,63,2.2351741790771484e-08,0.0005073819775134325,2026092704,coupled_lag4
time.1,28,63,1.4901161193847656e-08,0.00024817578378133476,2026092704,coupled_lag4
time.2,28,63,2.9802322387695312e-08,0.0006601850618608296,2026092704,coupled_lag4
behavior.0,28,63,1.4901161193847656e-08,0.00025210317107848823,2026092704,coupled_lag4
behavior.1,28,63,1.4901161193847656e-08,8.881098619895056e-05,2026092704,coupled_lag4
behavior.2,28,63,7.450580596923828e-09,0.00016917518223635852,2026092704,coupled_lag4
time.0,28,64,2.9802322387695312e-08,0.0005665751523338258,2026092704,coupled_lag4
time.1,28,64,1.4901161193847656e-08,0.0002463936689309776,2026092704,coupled_lag4
time.2,28,64,1.4901161193847656e-08,0.0007323370082303882,2026092704,coupled_lag4
behavior.0,28,64,1.4901161193847656e-08,0.0002502378774806857,2026092704,coupled_lag4
behavior.1,28,64,7.450580596923828e-09,8.823595271678641e-05,2026092704,coupled_lag4
behavior.2,28,64,7.450580596923828e-09,0.00014529736654367298,2026092704,coupled_lag4
time.0,28,65,1.4901161193847656e-08,0.0004571348545141518,2026092704,coupled_lag4
time.1,28,65,1.4901161193847656e-08,0.00021370621107053012,2026092704,coupled_lag4
time.2,28,65,2.9802322387695312e-08,0.0005907015292905271,2026092704,coupled_lag4
behavior.0,28,65,2.2351741790771484e-08,0.00025405079941265285,2026092704,coupled_lag4
behavior.1,28,65,1.1175870895385742e-08,8.724598592380062e-05,2026092704,coupled_lag4
behavior.2,28,65,1.1175870895385742e-08,0.00016375718405470252,2026092704,coupled_lag4
time.0,28,66,1.4901161193847656e-08,0.0005238510202616453,2026092704,coupled_lag4
time.1,28,66,1.4901161193847656e-08,0.00024995271814987063,2026092704,coupled_lag4
time.2,28,66,1.4901161193847656e-08,0.0006703946273773909,2026092704,coupled_lag4
behavior.0,28,66,1.4901161193847656e-08,0.00024390807084273547,2026092704,coupled_lag4
behavior.1,28,66,1.4901161193847656e-08,8.733135473448783e-05,2026092704,coupled_lag4
behavior.2,28,66,1.1175870895385742e-08,0.00016618723748251796,2026092704,coupled_lag4
time.0,28,67,1.4901161193847656e-08,0.0006688178400509059,2026092704,coupled_lag4
time.1,28,67,1.4901161193847656e-08,0.00029719070880673826,2026092704,coupled_lag4
time.2,28,67,2.9802322387695312e-08,0.000736693327780813,2026092704,coupled_lag4
behavior.0,28,67,1.4901161193847656e-08,0.00024060040595941246,2026092704,coupled_lag4
behavior.1,28,67,1.1175870895385742e-08,8.260932372650132e-05,2026092704,coupled_lag4
behavior.2,28,67,1.4901161193847656e-08,0.00014541437849402428,2026092704,coupled_lag4
time.0,28,68,1.4901161193847656e-08,0.00045066955499351025,2026092704,coupled_lag4
time.1,28,68,1.4901161193847656e-08,0.00022862029436510056,2026092704,coupled_lag4
time.2,28,68,2.9802322387695312e-08,0.0005944349686615169,2026092704,coupled_lag4
behavior.0,28,68,1.4901161193847656e-08,0.0002620551676955074,2026092704,coupled_lag4
behavior.1,28,68,1.1175870895385742e-08,8.252215047832578e-05,2026092704,coupled_lag4
behavior.2,28,68,1.1175870895385742e-08,0.0001437699538655579,2026092704,coupled_lag4
time.0,28,69,2.2351741790771484e-08,0.0006218137568794191,2026092704,coupled_lag4
time.1,28,69,1.4901161193847656e-08,0.0002918124373536557,2026092704,coupled_lag4
time.2,28,69,1.4901161193847656e-08,0.0007597517687827349,2026092704,coupled_lag4
behavior.0,28,69,1.4901161193847656e-08,0.0002714439469855279,2026092704,coupled_lag4
behavior.1,28,69,1.4901161193847656e-08,9.483112808084115e-05,2026092704,coupled_lag4
behavior.2,28,69,7.450580596923828e-09,0.00013577978825196624,2026092704,coupled_lag4
time.0,28,70,2.2351741790771484e-08,0.0005607535131275654,2026092704,coupled_lag4
time.1,28,70,1.4901161193847656e-08,0.0002617913705762476,2026092704,coupled_lag4
time.2,28,70,2.9802322387695312e-08,0.0006697769858874381,2026092704,coupled_lag4
behavior.0,28,70,1.4901161193847656e-08,0.0002921509731095284,2026092704,coupled_lag4
behavior.1,28,70,1.1175870895385742e-08,9.091044921660796e-05,2026092704,coupled_lag4
behavior.2,28,70,1.1175870895385742e-08,0.0001342066389042884,2026092704,coupled_lag4
time.0,28,71,2.2351741790771484e-08,0.0005401084199547768,2026092704,coupled_lag4
time.1,28,71,1.4901161193847656e-08,0.00026191846700385213,2026092704,coupled_lag4
time.2,28,71,2.9802322387695312e-08,0.000651592796202749,2026092704,coupled_lag4
behavior.0,28,71,1.4901161193847656e-08,0.0002528519253246486,2026092704,coupled_lag4
behavior.1,28,71,1.1175870895385742e-08,8.193615212803707e-05,2026092704,coupled_lag4
behavior.2,28,71,1.1175870895385742e-08,0.00016123549721669406,2026092704,coupled_lag4
time.0,28,72,2.9802322387695312e-08,0.0007004055078141391,2026092704,coupled_lag4
time.1,28,72,1.4901161193847656e-08,0.0003111356927547604,2026092704,coupled_lag4
time.2,28,72,2.9802322387695312e-08,0.000815627514384687,2026092704,coupled_lag4
behavior.0,28,72,1.4901161193847656e-08,0.00023574818624183536,2026092704,coupled_lag4
behavior.1,28,72,1.1175870895385742e-08,8.281321788672358e-05,2026092704,coupled_lag4
behavior.2,28,72,1.4901161193847656e-08,0.00014050821482669562,2026092704,coupled_lag4
time.0,28,73,2.9802322387695312e-08,0.0007627198356203735,2026092704,coupled_lag4
time.1,28,73,1.4901161193847656e-08,0.00031362808658741415,2026092704,coupled_lag4
time.2,28,73,2.9802322387695312e-08,0.0008736440795473754,2026092704,coupled_lag4
behavior.0,28,73,1.4901161193847656e-08,0.00024284256505779922,2026092704,coupled_lag4
behavior.1,28,73,1.1175870895385742e-08,8.343303488800302e-05,2026092704,coupled_lag4
behavior.2,28,73,1.1175870895385742e-08,0.0001578596275066957,2026092704,coupled_lag4
time.0,28,74,1.4901161193847656e-08,0.00048543990124017,2026092704,coupled_lag4
time.1,28,74,1.4901161193847656e-08,0.00020546243467833847,2026092704,coupled_lag4
time.2,28,74,1.4901161193847656e-08,0.0005894532660022378,2026092704,coupled_lag4
behavior.0,28,74,1.4901161193847656e-08,0.00026308404630981386,2026092704,coupled_lag4
behavior.1,28,74,1.4901161193847656e-08,8.399150829063728e-05,2026092704,coupled_lag4
behavior.2,28,74,1.4901161193847656e-08,0.0001406186493113637,2026092704,coupled_lag4
time.0,28,75,1.4901161193847656e-08,0.00048746090033091605,2026092704,coupled_lag4
time.1,28,75,2.2351741790771484e-08,0.00021699370699934661,2026092704,coupled_lag4
time.2,28,75,2.9802322387695312e-08,0.0005985585739836097,2026092704,coupled_lag4
behavior.0,28,75,1.4901161193847656e-08,0.0002839468070305884,2026092704,coupled_lag4
behavior.1,28,75,1.4901161193847656e-08,9.001228318084031e-05,2026092704,coupled_lag4
behavior.2,28,75,1.4901161193847656e-08,0.0001570337772136554,2026092704,coupled_lag4
time.0,28,76,1.4901161193847656e-08,0.0004412523121573031,2026092704,coupled_lag4
time.1,28,76,2.2351741790771484e-08,0.00019981662626378238,2026092704,coupled_lag4
time.2,28,76,2.9802322387695312e-08,0.0005915797082707286,2026092704,coupled_lag4
behavior.0,28,76,1.4901161193847656e-08,0.00025264080613851547,2026092704,coupled_lag4
behavior.1,28,76,1.1175870895385742e-08,9.165801020571962e-05,2026092704,coupled_lag4
behavior.2,28,76,1.1175870895385742e-08,0.0001613799831829965,2026092704,coupled_lag4
time.0,28,77,2.2351741790771484e-08,0.0006076137651689351,2026092704,coupled_lag4
time.1,28,77,1.4901161193847656e-08,0.00026407436234876513,2026092704,coupled_lag4
time.2,28,77,2.9802322387695312e-08,0.0007549919537268579,2026092704,coupled_lag4
behavior.0,28,77,1.4901161193847656e-08,0.000252123165410012,2026092704,coupled_lag4
behavior.1,28,77,1.1175870895385742e-08,8.76292833709158e-05,2026092704,coupled_lag4
behavior.2,28,77,1.4901161193847656e-08,0.00016557073104195297,2026092704,coupled_lag4
time.0,28,78,1.4901161193847656e-08,0.0005327406106516719,2026092704,coupled_lag4
time.1,28,78,1.4901161193847656e-08,0.00024371943436563015,2026092704,coupled_lag4
time.2,28,78,2.2351741790771484e-08,0.0005877905641682446,2026092704,coupled_lag4
behavior.0,28,78,2.2351741790771484e-08,0.0002426312566967681,2026092704,coupled_lag4
behavior.1,28,78,1.4901161193847656e-08,8.926427835831419e-05,2026092704,coupled_lag4
behavior.2,28,78,1.4901161193847656e-08,0.00014758021279703826,2026092704,coupled_lag4
time.0,28,79,1.4901161193847656e-08,0.0006447715568356216,2026092704,coupled_lag4
time.1,28,79,1.4901161193847656e-08,0.0002736632013693452,2026092704,coupled_lag4
time.2,28,79,1.4901161193847656e-08,0.0007253231015056372,2026092704,coupled_lag4
behavior.0,28,79,1.862645149230957e-08,0.00023955098004080355,2026092704,coupled_lag4
behavior.1,28,79,1.4901161193847656e-08,9.26003122003749e-05,2026092704,coupled_lag4
behavior.2,28,79,1.1175870895385742e-08,0.00016302234143950045,2026092704,coupled_lag4
time.0,28,80,1.4901161193847656e-08,0.0005518243997357786,2026092704,coupled_lag4
time.1,28,80,1.4901161193847656e-08,0.00024330461747013032,2026092704,coupled_lag4
time.2,28,80,1.4901161193847656e-08,0.0006232385640032589,2026092704,coupled_lag4
behavior.0,28,80,1.4901161193847656e-08,0.00028889990062452853,2026092704,coupled_lag4
behavior.1,28,80,7.450580596923828e-09,9.543715714244172e-05,2026092704,coupled_lag4
behavior.2,28,80,1.4901161193847656e-08,0.0001576110953465104,2026092704,coupled_lag4
time.0,28,81,2.2351741790771484e-08,0.0005663849296979606,2026092704,coupled_lag4
time.1,28,81,1.4901161193847656e-08,0.00026110626640729606,2026092704,coupled_lag4
time.2,28,81,2.2351741790771484e-08,0.0006251538870856166,2026092704,coupled_lag4
behavior.0,28,81,1.4901161193847656e-08,0.000244408700382337,2026092704,coupled_lag4
behavior.1,28,81,2.2351741790771484e-08,9.262910316465423e-05,2026092704,coupled_lag4
behavior.2,28,81,1.1175870895385742e-08,0.0001394582650391385,2026092704,coupled_lag4
time.0,28,82,2.9802322387695312e-08,0.0005121550057083368,2026092704,coupled_lag4
time.1,28,82,1.4901161193847656e-08,0.0002286868548253551,2026092704,coupled_lag4
time.2,28,82,2.9802322387695312e-08,0.0006047466886229813,2026092704,coupled_lag4
behavior.0,28,82,1.4901161193847656e-08,0.00024763369583524764,2026092704,coupled_lag4
behavior.1,28,82,1.1175870895385742e-08,8.280381007352844e-05,2026092704,coupled_lag4
behavior.2,28,82,1.4901161193847656e-08,0.00014985127199906856,2026092704,coupled_lag4
time.0,28,83,2.9802322387695312e-08,0.0006114793941378593,2026092704,coupled_lag4
time.1,28,83,1.4901161193847656e-08,0.0002680727047845721,2026092704,coupled_lag4
time.2,28,83,2.9802322387695312e-08,0.0007071514264680445,2026092704,coupled_lag4
behavior.0,28,83,1.4901161193847656e-08,0.0002472804917488247,2026092704,coupled_lag4
behavior.1,28,83,7.450580596923828e-09,8.844115654937923e-05,2026092704,coupled_lag4
behavior.2,28,83,1.4901161193847656e-08,0.0001520342193543911,2026092704,coupled_lag4
time.0,28,84,1.4901161193847656e-08,0.0004319064610172063,2026092704,coupled_lag4
time.1,28,84,1.4901161193847656e-08,0.0002060185361187905,2026092704,coupled_lag4
time.2,28,84,2.2351741790771484e-08,0.0005237164441496134,2026092704,coupled_lag4
behavior.0,28,84,1.4901161193847656e-08,0.0002476713852956891,2026092704,coupled_lag4
behavior.1,28,84,1.1175870895385742e-08,8.034411439439282e-05,2026092704,coupled_lag4
behavior.2,28,84,1.1175870895385742e-08,0.0001406991359544918,2026092704,coupled_lag4
time.0,28,85,1.4901161193847656e-08,0.00043823340092785656,2026092704,coupled_lag4
time.1,28,85,1.1175870895385742e-08,0.0001992808684008196,2026092704,coupled_lag4
time.2,28,85,2.9802322387695312e-08,0.0005734737496823072,2026092704,coupled_lag4
behavior.0,28,85,1.4901161193847656e-08,0.0002507059834897518,2026092704,coupled_lag4
behavior.1,28,85,7.450580596923828e-09,8.38587511680089e-05,2026092704,coupled_lag4
behavior.2,28,85,1.1175870895385742e-08,0.0001457007456338033,2026092704,coupled_lag4
time.0,28,86,2.2351741790771484e-08,0.0004933218006044626,2026092704,coupled_lag4
time.1,28,86,2.2351741790771484e-08,0.00021174256107769907,2026092704,coupled_lag4
time.2,28,86,2.2351741790771484e-08,0.0005819706129841506,2026092704,coupled_lag4
behavior.0,28,86,1.4901161193847656e-08,0.0002800040820147842,2026092704,coupled_lag4
behavior.1,28,86,1.1175870895385742e-08,0.00010164804552914575,2026092704,coupled_lag4
behavior.2,28,86,1.1175870895385742e-08,0.0001522781531093642,2026092704,coupled_lag4
time.0,28,87,1.4901161193847656e-08,0.0005441962857730687,2026092704,coupled_lag4
time.1,28,87,1.4901161193847656e-08,0.00023444194812327623,2026092704,coupled_lag4
time.2,28,87,2.9802322387695312e-08,0.0006512230029329658,2026092704,coupled_lag4
behavior.0,28,87,2.2351741790771484e-08,0.0002401700767222792,2026092704,coupled_lag4
behavior.1,28,87,1.1175870895385742e-08,9.378122194902971e-05,2026092704,coupled_lag4
behavior.2,28,87,1.1175870895385742e-08,0.00014843317330814898,2026092704,coupled_lag4
time.0,28,88,2.9802322387695312e-08,0.0005742351640947163,2026092704,coupled_lag4
time.1,28,88,1.4901161193847656e-08,0.00025970287970267236,2026092704,coupled_lag4
time.2,28,88,2.2351741790771484e-08,0.0007179094827733934,2026092704,coupled_lag4
behavior.0,28,88,1.4901161193847656e-08,0.00023761391639709473,2026092704,coupled_lag4
behavior.1,28,88,1.1175870895385742e-08,8.859512308845297e-05,2026092704,coupled_lag4
behavior.2,28,88,1.4901161193847656e-08,0.00014757111785002053,2026092704,coupled_lag4
time.0,28,89,1.4901161193847656e-08,0.00045037001837044954,2026092704,coupled_lag4
time.1,28,89,1.4901161193847656e-08,0.0001964921539183706,2026092704,coupled_lag4
time.2,28,89,2.9802322387695312e-08,0.0005202074535191059,2026092704,coupled_lag4
behavior.0,28,89,1.4901161193847656e-08,0.0002570421202108264,2026092704,coupled_lag4
behavior.1,28,89,1.1175870895385742e-08,8.608984353486449e-05,2026092704,coupled_lag4
behavior.2,28,89,1.1175870895385742e-08,0.00013512153236661106,2026092704,coupled_lag4
time.0,28,90,2.2351741790771484e-08,0.0004462852084543556,2026092704,coupled_lag4
time.1,28,90,1.4901161193847656e-08,0.00020657417189795524,2026092704,coupled_lag4
time.2,28,90,2.2351741790771484e-08,0.000552409968804568,2026092704,coupled_lag4
behavior.0,28,90,1.1175870895385742e-08,0.0002561421715654433,2026092704,coupled_lag4
behavior.1,28,90,1.4901161193847656e-08,8.076820813585073e-05,2026092704,coupled_lag4
behavior.2,28,90,1.1175870895385742e-08,0.00013837721780873835,2026092704,coupled_lag4
time.0,28,91,4.470348358154297e-08,0.0006846495671197772,2026092704,coupled_lag4
time.1,28,91,1.4901161193847656e-08,0.0003053543041460216,2026092704,coupled_lag4
time.2,28,91,2.9802322387695312e-08,0.0008947220630943775,2026092704,coupled_lag4
behavior.0,28,91,1.4901161193847656e-08,0.00024130816746037453,2026092704,coupled_lag4
behavior.1,28,91,7.450580596923828e-09,8.921658445615321e-05,2026092704,coupled_lag4
behavior.2,28,91,1.4901161193847656e-08,0.00013450639380607754,2026092704,coupled_lag4
time.0,28,92,2.9802322387695312e-08,0.0006037959246896207,2026092704,coupled_lag4
time.1,28,92,1.4901161193847656e-08,0.0002760302450042218,2026092704,coupled_lag4
time.2,28,92,2.9802322387695312e-08,0.0007950913277454674,2026092704,coupled_lag4
behavior.0,28,92,1.4901161193847656e-08,0.00023993157083168626,2026092704,coupled_lag4
behavior.1,28,92,1.1175870895385742e-08,8.490804611938074e-05,2026092704,coupled_lag4
behavior.2,28,92,7.450580596923828e-09,0.0001447451941203326,2026092704,coupled_lag4
time.0,28,93,1.4901161193847656e-08,0.00042060684063471854,2026092704,coupled_lag4
time.1,28,93,1.4901161193847656e-08,0.00018193962750956416,2026092704,coupled_lag4
time.2,28,93,2.9802322387695312e-08,0.0005383025272749364,2026092704,coupled_lag4
behavior.0,28,93,1.4901161193847656e-08,0.0002703372447285801,2026092704,coupled_lag4
behavior.1,28,93,1.1175870895385742e-08,8.159846038324758e-05,2026092704,coupled_lag4
behavior.2,28,93,1.1175870895385742e-08,0.0001506210392108187,2026092704,coupled_lag4
time.0,28,94,2.2351741790771484e-08,0.00048735993914306164,2026092704,coupled_lag4
time.1,28,94,1.4901161193847656e-08,0.00022591934248339385,2026092704,coupled_lag4
time.2,28,94,2.2351741790771484e-08,0.0006405132589861751,2026092704,coupled_lag4
behavior.0,28,94,1.4901161193847656e-08,0.00029570411425083876,2026092704,coupled_lag4
behavior.1,28,94,1.1175870895385742e-08,8.926592272473499e-05,2026092704,coupled_lag4
behavior.2,28,94,1.4901161193847656e-08,0.00014242623001337051,2026092704,coupled_lag4
time.0,28,95,1.4901161193847656e-08,0.00040563850780017674,2026092704,coupled_lag4
time.1,28,95,1.4901161193847656e-08,0.00018677106709219515,2026092704,coupled_lag4
time.2,28,95,2.2351741790771484e-08,0.0005363674135878682,2026092704,coupled_lag4
behavior.0,28,95,2.2351741790771484e-08,0.00026395771419629455,2026092704,coupled_lag4
behavior.1,28,95,1.1175870895385742e-08,8.595582039561123e-05,2026092704,coupled_lag4
behavior.2,28,95,1.4901161193847656e-08,0.0001402088237227872,2026092704,coupled_lag4
time.0,28,96,1.4901161193847656e-08,0.0004714718379545957,2026092704,coupled_lag4
time.1,28,96,7.450580596923828e-09,0.00021247545373626053,2026092704,coupled_lag4
time.2,28,96,2.9802322387695312e-08,0.0005959395202808082,2026092704,coupled_lag4
behavior.0,28,96,1.4901161193847656e-08,0.0002510711783543229,2026092704,coupled_lag4
behavior.1,28,96,1.1175870895385742e-08,8.151492511387914e-05,2026092704,coupled_lag4
behavior.2,28,96,1.4901161193847656e-08,0.00014375113823916763,2026092704,coupled_lag4
time.0,28,97,1.4901161193847656e-08,0.00041920365765690804,2026092704,coupled_lag4
time.1,28,97,1.4901161193847656e-08,0.00020157797553110868,2026092704,coupled_lag4
time.2,28,97,2.9802322387695312e-08,0.0005738762556575239,2026092704,coupled_lag4
behavior.0,28,97,1.862645149230957e-08,0.00025408295914530754,2026092704,coupled_lag4
behavior.1,28,97,1.1175870895385742e-08,8.958668331615627e-05,2026092704,coupled_lag4
behavior.2,28,97,1.1175870895385742e-08,0.00014787373947910964,2026092704,coupled_lag4
time.0,28,98,2.2351741790771484e-08,0.0006427973276004195,2026092704,coupled_lag4
time.1,28,98,1.4901161193847656e-08,0.00027946216869167984,2026092704,coupled_lag4
time.2,28,98,2.9802322387695312e-08,0.0008135488023981452,2026092704,coupled_lag4
behavior.0,28,98,2.2351741790771484e-08,0.00023960675753187388,2026092704,coupled_lag4
behavior.1,28,98,1.1175870895385742e-08,8.056015212787315e-05,2026092704,coupled_lag4
behavior.2,28,98,1.1175870895385742e-08,0.00013440335169434547,2026092704,coupled_lag4
time.0,28,99,1.4901161193847656e-08,0.00041714185499586165,2026092704,coupled_lag4
time.1,28,99,1.4901161193847656e-08,0.00019474836881272495,2026092704,coupled_lag4
time.2,28,99,1.4901161193847656e-08,0.0005309961852617562,2026092704,coupled_lag4
behavior.0,28,99,1.4901161193847656e-08,0.00024816900258883834,2026092704,coupled_lag4
behavior.1,28,99,2.2351741790771484e-08,9.313727059634402e-05,2026092704,coupled_lag4
behavior.2,28,99,1.1175870895385742e-08,0.0001449264382245019,2026092704,coupled_lag4
time.0,28,100,2.9802322387695312e-08,0.0006951712421141565,2026092704,coupled_lag4
time.1,28,100,1.4901161193847656e-08,0.00029857136541977525,2026092704,coupled_lag4
time.2,28,100,2.9802322387695312e-08,0.0008228870574384928,2026092704,coupled_lag4
behavior.0,28,100,1.4901161193847656e-08,0.00023788437829352915,2026092704,coupled_lag4
behavior.1,28,100,1.1175870895385742e-08,8.342981163877994e-05,2026092704,coupled_lag4
behavior.2,28,100,1.1175870895385742e-08,0.00015467265620827675,2026092704,coupled_lag4
time.0,28,101,1.4901161193847656e-08,0.00045920570846647024,2026092704,coupled_lag4
time.1,28,101,1.4901161193847656e-08,0.00021663510415237397,2026092704,coupled_lag4
time.2,28,101,1.4901161193847656e-08,0.00056210852926597,2026092704,coupled_lag4
behavior.0,28,101,1.4901161193847656e-08,0.00023712002439424396,2026092704,coupled_lag4
behavior.1,28,101,1.1175870895385742e-08,8.012323087314144e-05,2026092704,coupled_lag4
behavior.2,28,101,1.4901161193847656e-08,0.00015496992273256183,2026092704,coupled_lag4
time.0,28,102,2.2351741790771484e-08,0.00040258796070702374,2026092704,coupled_lag4
time.1,28,102,7.450580596923828e-09,0.00019471716950647533,2026092704,coupled_lag4
time.2,28,102,1.4901161193847656e-08,0.000465844408608973,2026092704,coupled_lag4
behavior.0,28,102,2.2351741790771484e-08,0.00025423456099815667,2026092704,coupled_lag4
behavior.1,28,102,7.450580596923828e-09,8.471679757349193e-05,2026092704,coupled_lag4
behavior.2,28,102,1.1175870895385742e-08,0.00014265654317568988,2026092704,coupled_lag4
time.0,28,103,1.4901161193847656e-08,0.0004848768876399845,2026092704,coupled_lag4
time.1,28,103,1.4901161193847656e-08,0.00022059024195186794,2026092704,coupled_lag4
time.2,28,103,2.9802322387695312e-08,0.0005590763175860047,2026092704,coupled_lag4
behavior.0,28,103,2.2351741790771484e-08,0.000301658728858456,2026092704,coupled_lag4
behavior.1,28,103,1.4901161193847656e-08,0.00011021160753443837,2026092704,coupled_lag4
behavior.2,28,103,1.4901161193847656e-08,0.00016418636369053274,2026092704,coupled_lag4
time.0,28,104,1.4901161193847656e-08,0.000406566628953442,2026092704,coupled_lag4
time.1,28,104,1.4901161193847656e-08,0.00019809445075225085,2026092704,coupled_lag4
time.2,28,104,1.4901161193847656e-08,0.0004757644492201507,2026092704,coupled_lag4
behavior.0,28,104,1.4901161193847656e-08,0.0002311755233677104,2026092704,coupled_lag4
behavior.1,28,104,1.4901161193847656e-08,8.510671614203602e-05,2026092704,coupled_lag4
behavior.2,28,104,1.1175870895385742e-08,0.00014791761350352317,2026092704,coupled_lag4
time.0,28,105,2.9802322387695312e-08,0.0005928216851316392,2026092704,coupled_lag4
time.1,28,105,1.4901161193847656e-08,0.0002634371630847454,2026092704,coupled_lag4
time.2,28,105,2.2351741790771484e-08,0.0006434138049371541,2026092704,coupled_lag4
behavior.0,28,105,2.2351741790771484e-08,0.00023683736799284816,2026092704,coupled_lag4
behavior.1,28,105,1.1175870895385742e-08,9.096439316635951e-05,2026092704,coupled_lag4
behavior.2,28,105,1.4901161193847656e-08,0.00014987886243034154,2026092704,coupled_lag4
time.0,28,106,2.9802322387695312e-08,0.0007383556221611798,2026092704,coupled_lag4
time.1,28,106,1.4901161193847656e-08,0.0003413135127630085,2026092704,coupled_lag4
time.2,28,106,2.9802322387695312e-08,0.0008646199712529778,2026092704,coupled_lag4
behavior.0,28,106,1.4901161193847656e-08,0.00024354085326194763,2026092704,coupled_lag4
behavior.1,28,106,7.450580596923828e-09,7.972714956849813e-05,2026092704,coupled_lag4
behavior.2,28,106,1.4901161193847656e-08,0.00015047828492242843,2026092704,coupled_lag4
time.0,28,107,1.4901161193847656e-08,0.0005528758047148585,2026092704,coupled_lag4
time.1,28,107,1.4901161193847656e-08,0.0002521101268939674,2026092704,coupled_lag4
time.2,28,107,1.4901161193847656e-08,0.0006495697307400405,2026092704,coupled_lag4
behavior.0,28,107,1.4901161193847656e-08,0.00024119777663145214,2026092704,coupled_lag4
behavior.1,28,107,1.1175870895385742e-08,8.130424248520285e-05,2026092704,coupled_lag4
behavior.2,28,107,1.1175870895385742e-08,0.00013909341942053288,2026092704,coupled_lag4
time.0,28,108,1.862645149230957e-08,0.0005180450389161706,2026092704,coupled_lag4
time.1,28,108,2.2351741790771484e-08,0.00024365144781768322,2026092704,coupled_lag4
time.2,28,108,2.2351741790771484e-08,0.0005762232467532158,2026092704,coupled_lag4
behavior.0,28,108,2.9802322387695312e-08,0.0002524919109418988,2026092704,coupled_lag4
behavior.1,28,108,1.1175870895385742e-08,9.005896572489291e-05,2026092704,coupled_lag4
behavior.2,28,108,1.1175870895385742e-08,0.00014563843433279544,2026092704,coupled_lag4
time.0,28,109,1.4901161193847656e-08,0.00046156381722539663,2026092704,coupled_lag4
time.1,28,109,1.4901161193847656e-08,0.00021929065405856818,2026092704,coupled_lag4
time.2,28,109,1.4901161193847656e-08,0.0005799026694148779,2026092704,coupled_lag4
behavior.0,28,109,1.4901161193847656e-08,0.00025594967883080244,2026092704,coupled_lag4
behavior.1,28,109,1.1175870895385742e-08,9.271446469938383e-05,2026092704,coupled_lag4
behavior.2,28,109,1.4901161193847656e-08,0.00016735894314479083,2026092704,coupled_lag4
time.0,28,110,4.470348358154297e-08,0.00045645562931895256,2026092704,coupled_lag4
time.1,28,110,1.4901161193847656e-08,0.00023163913283497095,2026092704,coupled_lag4
time.2,28,110,2.9802322387695312e-08,0.0006105949287302792,2026092704,coupled_lag4
behavior.0,28,110,1.4901161193847656e-08,0.00023178476840257645,2026092704,coupled_lag4
behavior.1,28,110,7.450580596923828e-09,8.378920756513253e-05,2026092704,coupled_lag4
behavior.2,28,110,1.1175870895385742e-08,0.00016031866834964603,2026092704,coupled_lag4
time.0,28,111,1.4901161193847656e-08,0.0005220095627009869,2026092704,coupled_lag4
time.1,28,111,1.4901161193847656e-08,0.00024521106388419867,2026092704,coupled_lag4
time.2,28,111,2.9802322387695312e-08,0.0006249697180464864,2026092704,coupled_lag4
behavior.0,28,111,1.4901161193847656e-08,0.0002533216029405594,2026092704,coupled_lag4
behavior.1,28,111,1.1175870895385742e-08,8.55189937283285e-05,2026092704,coupled_lag4
behavior.2,28,111,1.4901161193847656e-08,0.0001310151710640639,2026092704,coupled_lag4
time.0,28,112,1.4901161193847656e-08,0.0006574739818461239,2026092704,coupled_lag4
time.1,28,112,1.4901161193847656e-08,0.0003028445062227547,2026092704,coupled_lag4
time.2,28,112,2.9802322387695312e-08,0.0008033892372623086,2026092704,coupled_lag4
behavior.0,28,112,1.4901161193847656e-08,0.0002416515490040183,2026092704,coupled_lag4
behavior.1,28,112,1.4901161193847656e-08,8.592051744926721e-05,2026092704,coupled_lag4
behavior.2,28,112,1.1175870895385742e-08,0.000152946260641329,2026092704,coupled_lag4
time.0,28,113,1.4901161193847656e-08,0.0004650243208743632,2026092704,coupled_lag4
time.1,28,113,1.4901161193847656e-08,0.00022077737958170474,2026092704,coupled_lag4
time.2,28,113,1.4901161193847656e-08,0.0005803204840049148,2026092704,coupled_lag4
behavior.0,28,113,1.4901161193847656e-08,0.00024315121117979288,2026092704,coupled_lag4
behavior.1,28,113,1.1175870895385742e-08,8.104795415420085e-05,2026092704,coupled_lag4
behavior.2,28,113,1.4901161193847656e-08,0.0001338247675448656,2026092704,coupled_lag4
time.0,28,114,4.470348358154297e-08,0.0005411861347965896,2026092704,coupled_lag4
time.1,28,114,2.2351741790771484e-08,0.00024742865934967995,2026092704,coupled_lag4
time.2,28,114,2.9802322387695312e-08,0.000657036725897342,2026092704,coupled_lag4
behavior.0,28,114,2.9802322387695312e-08,0.0002611386589705944,2026092704,coupled_lag4
behavior.1,28,114,1.1175870895385742e-08,8.986754255602136e-05,2026092704,coupled_lag4
behavior.2,28,114,1.1175870895385742e-08,0.00012922351015731692,2026092704,coupled_lag4
time.0,28,115,1.4901161193847656e-08,0.000545768765732646,2026092704,coupled_lag4
time.1,28,115,1.4901161193847656e-08,0.00024953606771305203,2026092704,coupled_lag4
time.2,28,115,1.4901161193847656e-08,0.0006702711689285934,2026092704,coupled_lag4
behavior.0,28,115,2.2351741790771484e-08,0.0002445871941745281,2026092704,coupled_lag4
behavior.1,28,115,1.4901161193847656e-08,8.069132309174165e-05,2026092704,coupled_lag4
behavior.2,28,115,1.4901161193847656e-08,0.00015232402074616402,2026092704,coupled_lag4
time.0,28,116,1.4901161193847656e-08,0.00044491051812656224,2026092704,coupled_lag4
time.1,28,116,1.4901161193847656e-08,0.0002080154954455793,2026092704,coupled_lag4
time.2,28,116,2.2351741790771484e-08,0.0005499239778146148,2026092704,coupled_lag4
behavior.0,28,116,2.2351741790771484e-08,0.0002471954212523997,2026092704,coupled_lag4
behavior.1,28,116,1.1175870895385742e-08,7.872093556215987e-05,2026092704,coupled_lag4
behavior.2,28,116,1.1175870895385742e-08,0.0001557564246468246,2026092704,coupled_lag4
time.0,28,117,1.4901161193847656e-08,0.0005120200803503394,2026092704,coupled_lag4
time.1,28,117,1.4901161193847656e-08,0.00023682875325903296,2026092704,coupled_lag4
time.2,28,117,1.4901161193847656e-08,0.0006093853153288364,2026092704,coupled_lag4
behavior.0,28,117,1.4901161193847656e-08,0.0002455950016155839,2026092704,coupled_lag4
behavior.1,28,117,1.1175870895385742e-08,8.211877138819546e-05,2026092704,coupled_lag4
behavior.2,28,117,1.4901161193847656e-08,0.0001513539900770411,2026092704,coupled_lag4
time.0,28,118,2.9802322387695312e-08,0.000426601996878162,2026092704,coupled_lag4
time.1,28,118,1.4901161193847656e-08,0.0001970108860405162,2026092704,coupled_lag4
time.2,28,118,2.2351741790771484e-08,0.0004951711161993444,2026092704,coupled_lag4
behavior.0,28,118,2.2351741790771484e-08,0.0002424950507702306,2026092704,coupled_lag4
behavior.1,28,118,7.450580596923828e-09,8.219423034461215e-05,2026092704,coupled_lag4
behavior.2,28,118,1.1175870895385742e-08,0.0001423985668225214,2026092704,coupled_lag4
time.0,28,119,1.4901161193847656e-08,0.0005223145126365125,2026092704,coupled_lag4
time.1,28,119,1.4901161193847656e-08,0.00023958561359904706,2026092704,coupled_lag4
time.2,28,119,1.4901161193847656e-08,0.0005459820386022329,2026092704,coupled_lag4
behavior.0,28,119,1.4901161193847656e-08,0.00025059792096726596,2026092704,coupled_lag4
behavior.1,28,119,1.1175870895385742e-08,8.909469761420041e-05,2026092704,coupled_lag4
behavior.2,28,119,1.1175870895385742e-08,0.00014898866356816143,2026092704,coupled_lag4
time.0,28,120,1.4901161193847656e-08,0.0005865054554305971,2026092704,coupled_lag4
time.1,28,120,1.4901161193847656e-08,0.0002409263252047822,2026092704,coupled_lag4
time.2,28,120,1.4901161193847656e-08,0.0006573472637683153,2026092704,coupled_lag4
behavior.0,28,120,1.4901161193847656e-08,0.0002737517934292555,2026092704,coupled_lag4
behavior.1,28,120,1.4901161193847656e-08,9.301694080932066e-05,2026092704,coupled_lag4
behavior.2,28,120,1.4901161193847656e-08,0.00013261065760161728,2026092704,coupled_lag4
time.0,28,121,1.4901161193847656e-08,0.00038773048436269164,2026092704,coupled_lag4
time.1,28,121,1.4901161193847656e-08,0.0001803500927053392,2026092704,coupled_lag4
time.2,28,121,1.4901161193847656e-08,0.0004547807911876589,2026092704,coupled_lag4
behavior.0,28,121,2.2351741790771484e-08,0.00026638840790838003,2026092704,coupled_lag4
behavior.1,28,121,1.1175870895385742e-08,8.785343379713595e-05,2026092704,coupled_lag4
behavior.2,28,121,1.4901161193847656e-08,0.00014684682537335902,2026092704,coupled_lag4
time.0,28,122,2.2351741790771484e-08,0.0005223953630775213,2026092704,coupled_lag4
time.1,28,122,1.4901161193847656e-08,0.000224938994506374,2026092704,coupled_lag4
time.2,28,122,2.2351741790771484e-08,0.0005713176797144115,2026092704,coupled_lag4
behavior.0,28,122,1.4901161193847656e-08,0.0002567885385360569,2026092704,coupled_lag4
behavior.1,28,122,1.4901161193847656e-08,9.100027091335505e-05,2026092704,coupled_lag4
behavior.2,28,122,2.2351741790771484e-08,0.00012727262219414115,2026092704,coupled_lag4
time.0,28,123,2.2351741790771484e-08,0.0005306811071932316,2026092704,coupled_lag4
time.1,28,123,1.4901161193847656e-08,0.00023426598636433482,2026092704,coupled_lag4
time.2,28,123,2.9802322387695312e-08,0.0006284504197537899,2026092704,coupled_lag4
behavior.0,28,123,1.4901161193847656e-08,0.00024499744176864624,2026092704,coupled_lag4
behavior.1,28,123,7.450580596923828e-09,9.137505549006164e-05,2026092704,coupled_lag4
behavior.2,28,123,1.1175870895385742e-08,0.0001502675877418369,2026092704,coupled_lag4
time.0,28,124,1.4901161193847656e-08,0.0004592628974933177,2026092704,coupled_lag4
time.1,28,124,1.4901161193847656e-08,0.00020844224491156638,2026092704,coupled_lag4
time.2,28,124,1.4901161193847656e-08,0.0005420774687081575,2026092704,coupled_lag4
behavior.0,28,124,1.4901161193847656e-08,0.0002459096722304821,2026092704,coupled_lag4
behavior.1,28,124,1.1175870895385742e-08,8.609107317170128e-05,2026092704,coupled_lag4
behavior.2,28,124,1.4901161193847656e-08,0.00015446735778823495,2026092704,coupled_lag4
time.0,28,125,2.9802322387695312e-08,0.0005318287294358015,2026092704,coupled_lag4
time.1,28,125,2.2351741790771484e-08,0.00023489873274229467,2026092704,coupled_lag4
time.2,28,125,2.2351741790771484e-08,0.0006281823152676225,2026092704,coupled_lag4
behavior.0,28,125,1.4901161193847656e-08,0.00024408278113696724,2026092704,coupled_lag4
behavior.1,28,125,1.1175870895385742e-08,8.144429739331827e-05,2026092704,coupled_lag4
behavior.2,28,125,1.1175870895385742e-08,0.0001368345256196335,2026092704,coupled_lag4
time.0,28,126,2.2351741790771484e-08,0.00040338453254662454,2026092704,coupled_lag4
time.1,28,126,1.4901161193847656e-08,0.0001956783962668851,2026092704,coupled_lag4
time.2,28,126,2.2351741790771484e-08,0.0005188610521145165,2026092704,coupled_lag4
behavior.0,28,126,1.4901161193847656e-08,0.000251191173447296,2026092704,coupled_lag4
behavior.1,28,126,7.450580596923828e-09,8.428188448306173e-05,2026092704,coupled_lag4
behavior.2,28,126,1.4901161193847656e-08,0.0001610054896445945,2026092704,coupled_lag4
time.0,28,127,2.9802322387695312e-08,0.0005416672211140394,2026092704,coupled_lag4
time.1,28,127,1.4901161193847656e-08,0.0002355354663450271,2026092704,coupled_lag4
time.2,28,127,2.2351741790771484e-08,0.0006422832957468927,2026092704,coupled_lag4
behavior.0,28,127,1.4901161193847656e-08,0.00024018945987336338,2026092704,coupled_lag4
behavior.1,28,127,1.4901161193847656e-08,8.448045264231041e-05,2026092704,coupled_lag4
behavior.2,28,127,1.4901161193847656e-08,0.00013646975276060402,2026092704,coupled_lag4
time.0,28,128,2.9802322387695312e-08,0.0006926962523721159,2026092704,coupled_lag4
time.1,28,128,1.4901161193847656e-08,0.0002850541495718062,2026092704,coupled_lag4
time.2,28,128,1.4901161193847656e-08,0.0007748527568764985,2026092704,coupled_lag4
behavior.0,28,128,1.4901161193847656e-08,0.00023733526177238673,2026092704,coupled_lag4
behavior.1,28,128,1.1175870895385742e-08,8.102158608380705e-05,2026092704,coupled_lag4
behavior.2,28,128,1.4901161193847656e-08,0.00015134607383515686,2026092704,coupled_lag4
time.0,28,129,2.2351741790771484e-08,0.0005141512956470251,2026092704,coupled_lag4
time.1,28,129,1.4901161193847656e-08,0.0002261275367345661,2026092704,coupled_lag4
time.2,28,129,1.4901161193847656e-08,0.0005902191041968763,2026092704,coupled_lag4
behavior.0,28,129,1.4901161193847656e-08,0.0002513373619876802,2026092704,coupled_lag4
behavior.1,28,129,1.1175870895385742e-08,8.63120803842321e-05,2026092704,coupled_lag4
behavior.2,28,129,1.4901161193847656e-08,0.0001440041814930737,2026092704,coupled_lag4
time.0,28,130,2.2351741790771484e-08,0.0005465629510581493,2026092704,coupled_lag4
time.1,28,130,1.4901161193847656e-08,0.00023432137095369399,2026092704,coupled_lag4
time.2,28,130,1.4901161193847656e-08,0.0006111781112849712,2026092704,coupled_lag4
behavior.0,28,130,1.4901161193847656e-08,0.00027135698474012315,2026092704,coupled_lag4
behavior.1,28,130,1.1175870895385742e-08,8.468914165860042e-05,2026092704,coupled_lag4
behavior.2,28,130,1.1175870895385742e-08,0.00017020363884512335,2026092704,coupled_lag4
time.0,28,131,1.4901161193847656e-08,0.0004499322094488889,2026092704,coupled_lag4
time.1,28,131,1.4901161193847656e-08,0.00020094812498427927,2026092704,coupled_lag4
time.2,28,131,2.2351741790771484e-08,0.0005524472799152136,2026092704,coupled_lag4
behavior.0,28,131,1.862645149230957e-08,0.00024869307526387274,2026092704,coupled_lag4
behavior.1,28,131,1.1175870895385742e-08,8.497481030644849e-05,2026092704,coupled_lag4
behavior.2,28,131,1.4901161193847656e-08,0.00015512618119828403,2026092704,coupled_lag4
time.0,28,132,2.2351741790771484e-08,0.0004271762736607343,2026092704,coupled_lag4
time.1,28,132,1.4901161193847656e-08,0.0001916781038744375,2026092704,coupled_lag4
time.2,28,132,2.2351741790771484e-08,0.000503710878547281,2026092704,coupled_lag4
behavior.0,28,132,1.4901161193847656e-08,0.00024097945424728096,2026092704,coupled_lag4
behavior.1,28,132,7.450580596923828e-09,7.960705988807604e-05,2026092704,coupled_lag4
behavior.2,28,132,1.1175870895385742e-08,0.00014050226309336722,2026092704,coupled_lag4
time.0,28,133,2.9802322387695312e-08,0.0005280268378555775,2026092704,coupled_lag4
time.1,28,133,1.4901161193847656e-08,0.0002367504348512739,2026092704,coupled_lag4
time.2,28,133,2.2351741790771484e-08,0.0006225506658665836,2026092704,coupled_lag4
behavior.0,28,133,1.4901161193847656e-08,0.00026142210117541254,2026092704,coupled_lag4
behavior.1,28,133,7.450580596923828e-09,8.717521996004507e-05,2026092704,coupled_lag4
behavior.2,28,133,1.4901161193847656e-08,0.00016727132606320083,2026092704,coupled_lag4
time.0,28,134,2.2351741790771484e-08,0.0004992859321646392,2026092704,coupled_lag4
time.1,28,134,1.4901161193847656e-08,0.00022039150644559413,2026092704,coupled_lag4
time.2,28,134,1.4901161193847656e-08,0.0006129617686383426,2026092704,coupled_lag4
behavior.0,28,134,2.2351741790771484e-08,0.00024113498511724174,2026092704,coupled_lag4
behavior.1,28,134,7.450580596923828e-09,8.234629785874858e-05,2026092704,coupled_lag4
behavior.2,28,134,1.4901161193847656e-08,0.000152745793457143,2026092704,coupled_lag4
time.0,28,135,1.862645149230957e-08,0.0004567717551253736,2026092704,coupled_lag4
time.1,28,135,1.4901161193847656e-08,0.00019934881129302084,2026092704,coupled_lag4
time.2,28,135,1.4901161193847656e-08,0.0005585609469562769,2026092704,coupled_lag4
behavior.0,28,135,1.4901161193847656e-08,0.0002520494454074651,2026092704,coupled_lag4
behavior.1,28,135,1.1175870895385742e-08,8.876321226125583e-05,2026092704,coupled_lag4
behavior.2,28,135,1.4901161193847656e-08,0.00015057111158967018,2026092704,coupled_lag4
time.0,28,136,1.4901161193847656e-08,0.0005582405137829483,2026092704,coupled_lag4
time.1,28,136,1.4901161193847656e-08,0.0002506910532247275,2026092704,coupled_lag4
time.2,28,136,1.4901161193847656e-08,0.0005894065834581852,2026092704,coupled_lag4
behavior.0,28,136,2.2351741790771484e-08,0.0002707828243728727,2026092704,coupled_lag4
behavior.1,28,136,1.4901161193847656e-08,0.00010409864626126364,2026092704,coupled_lag4
behavior.2,28,136,7.450580596923828e-09,0.0001383651833748445,2026092704,coupled_lag4
time.0,28,137,1.4901161193847656e-08,0.0006018777494318783,2026092704,coupled_lag4
time.1,28,137,1.4901161193847656e-08,0.0002546958567108959,2026092704,coupled_lag4
time.2,28,137,2.9802322387695312e-08,0.0006543916533701122,2026092704,coupled_lag4
behavior.0,28,137,2.2351741790771484e-08,0.00025902065681293607,2026092704,coupled_lag4
behavior.1,28,137,1.1175870895385742e-08,8.756954048294574e-05,2026092704,coupled_lag4
behavior.2,28,137,1.4901161193847656e-08,0.0001546948915347457,2026092704,coupled_lag4
time.0,28,138,1.4901161193847656e-08,0.000432530912803486,2026092704,coupled_lag4
time.1,28,138,1.4901161193847656e-08,0.0002019094827119261,2026092704,coupled_lag4
time.2,28,138,2.2351741790771484e-08,0.0005356876063160598,2026092704,coupled_lag4
behavior.0,28,138,1.4901161193847656e-08,0.0002418399672023952,2026092704,coupled_lag4
behavior.1,28,138,2.2351741790771484e-08,9.565057553118095e-05,2026092704,coupled_lag4
behavior.2,28,138,1.4901161193847656e-08,0.00016216326912399381,2026092704,coupled_lag4
time.0,28,139,1.4901161193847656e-08,0.0006496675196103752,2026092704,coupled_lag4
time.1,28,139,1.4901161193847656e-08,0.00027427799068391323,2026092704,coupled_lag4
time.2,28,139,2.9802322387695312e-08,0.0007587362779304385,2026092704,coupled_lag4
behavior.0,28,139,1.4901161193847656e-08,0.00023856556799728423,2026092704,coupled_lag4
behavior.1,28,139,1.1175870895385742e-08,8.613327372586355e-05,2026092704,coupled_lag4
behavior.2,28,139,1.4901161193847656e-08,0.0001433184661436826,2026092704,coupled_lag4
time.0,28,140,2.2351741790771484e-08,0.0006022107554599643,2026092704,coupled_lag4
time.1,28,140,1.4901161193847656e-08,0.000260430620983243,2026092704,coupled_lag4
time.2,28,140,1.4901161193847656e-08,0.0006813126383349299,2026092704,coupled_lag4
behavior.0,28,140,1.4901161193847656e-08,0.00024182433844543993,2026092704,coupled_lag4
behavior.1,28,140,1.1175870895385742e-08,8.285502553917468e-05,2026092704,coupled_lag4
behavior.2,28,140,1.1175870895385742e-08,0.00015757099026814103,2026092704,coupled_lag4
time.0,28,141,2.9802322387695312e-08,0.0004509127466008067,2026092704,coupled_lag4
time.1,28,141,1.4901161193847656e-08,0.0002085625019390136,2026092704,coupled_lag4
time.2,28,141,2.2351741790771484e-08,0.0005008099833503366,2026092704,coupled_lag4
behavior.0,28,141,1.4901161193847656e-08,0.00025040237233042717,2026092704,coupled_lag4
behavior.1,28,141,1.4901161193847656e-08,8.677192818140611e-05,2026092704,coupled_lag4
behavior.2,28,141,1.4901161193847656e-08,0.00015561356849502772,2026092704,coupled_lag4
time.0,28,142,1.4901161193847656e-08,0.0004707270418293774,2026092704,coupled_lag4
time.1,28,142,1.4901161193847656e-08,0.0002049437607638538,2026092704,coupled_lag4
time.2,28,142,2.9802322387695312e-08,0.0005632757092826068,2026092704,coupled_lag4
behavior.0,28,142,1.4901161193847656e-08,0.00023544009309262037,2026092704,coupled_lag4
behavior.1,28,142,1.4901161193847656e-08,8.434993651462719e-05,2026092704,coupled_lag4
behavior.2,28,142,1.1175870895385742e-08,0.00014559026749338955,2026092704,coupled_lag4
time.0,28,143,2.9802322387695312e-08,0.0006008666241541505,2026092704,coupled_lag4
time.1,28,143,1.4901161193847656e-08,0.0002569709322415292,2026092704,coupled_lag4
time.2,28,143,2.9802322387695312e-08,0.0006723480764776468,2026092704,coupled_lag4
behavior.0,28,143,2.2351741790771484e-08,0.0002330852730665356,2026092704,coupled_lag4
behavior.1,28,143,1.1175870895385742e-08,8.411781891481951e-05,2026092704,coupled_lag4
behavior.2,28,143,1.1175870895385742e-08,0.00014289625687524676,2026092704,coupled_lag4
time.0,28,144,1.4901161193847656e-08,0.0004741366719827056,2026092704,coupled_lag4
time.1,28,144,1.4901161193847656e-08,0.00020464108092710376,2026092704,coupled_lag4
time.2,28,144,2.2351741790771484e-08,0.0005257268203422427,2026092704,coupled_lag4
behavior.0,28,144,2.2351741790771484e-08,0.0002356820332352072,2026092704,coupled_lag4
behavior.1,28,144,1.1175870895385742e-08,8.41729633975774e-05,2026092704,coupled_lag4
behavior.2,28,144,1.1175870895385742e-08,0.00014391515287570655,2026092704,coupled_lag4
time.0,28,145,1.4901161193847656e-08,0.0005162853631190956,2026092704,coupled_lag4
time.1,28,145,1.4901161193847656e-08,0.0002278394968016073,2026092704,coupled_lag4
time.2,28,145,1.4901161193847656e-08,0.000573889643419534,2026092704,coupled_lag4
behavior.0,28,145,2.2351741790771484e-08,0.0002534340019337833,2026092704,coupled_lag4
behavior.1,28,145,1.1175870895385742e-08,8.104059816105291e-05,2026092704,coupled_lag4
behavior.2,28,145,1.1175870895385742e-08,0.00014408149581868201,2026092704,coupled_lag4
time.0,28,146,2.2351741790771484e-08,0.0004384101484902203,2026092704,coupled_lag4
time.1,28,146,1.4901161193847656e-08,0.00019733466615434736,2026092704,coupled_lag4
time.2,28,146,1.4901161193847656e-08,0.0005044726422056556,2026092704,coupled_lag4
behavior.0,28,146,2.2351741790771484e-08,0.0002459337702021003,2026092704,coupled_lag4
behavior.1,28,146,7.450580596923828e-09,8.157893898896873e-05,2026092704,coupled_lag4
behavior.2,28,146,1.1175870895385742e-08,0.00014568647020496428,2026092704,coupled_lag4
time.0,28,147,2.2351741790771484e-08,0.0005155075341463089,2026092704,coupled_lag4
time.1,28,147,1.4901161193847656e-08,0.00022951318533159792,2026092704,coupled_lag4
time.2,28,147,2.2351741790771484e-08,0.0005631723324768245,2026092704,coupled_lag4
behavior.0,28,147,1.4901161193847656e-08,0.00024521653540432453,2026092704,coupled_lag4
behavior.1,28,147,1.1175870895385742e-08,8.099518163362518e-05,2026092704,coupled_lag4
behavior.2,28,147,1.4901161193847656e-08,0.00015639649063814431,2026092704,coupled_lag4
time.0,28,148,2.2351741790771484e-08,0.0006129731191322207,2026092704,coupled_lag4
time.1,28,148,1.4901161193847656e-08,0.00026318710297346115,2026092704,coupled_lag4
time.2,28,148,2.9802322387695312e-08,0.0006807096651755273,2026092704,coupled_lag4
behavior.0,28,148,2.2351741790771484e-08,0.0002352987794438377,2026092704,coupled_lag4
behavior.1,28,148,1.1175870895385742e-08,8.049001917243004e-05,2026092704,coupled_lag4
behavior.2,28,148,1.1175870895385742e-08,0.00014363408263307065,2026092704,coupled_lag4
time.0,28,149,2.2351741790771484e-08,0.0005316167953424156,2026092704,coupled_lag4
time.1,28,149,1.4901161193847656e-08,0.00022185583657119423,2026092704,coupled_lag4
time.2,28,149,1.4901161193847656e-08,0.0005904014687985182,2026092704,coupled_lag4
behavior.0,28,149,1.4901161193847656e-08,0.00023654027609154582,2026092704,coupled_lag4
behavior.1,28,149,7.450580596923828e-09,8.271949627669528e-05,2026092704,coupled_lag4
behavior.2,28,149,1.1175870895385742e-08,0.0001344308111583814,2026092704,coupled_lag4
time.0,28,150,2.9802322387695312e-08,0.0005995851242914796,2026092704,coupled_lag4
time.1,28,150,1.4901161193847656e-08,0.0002533626975491643,2026092704,coupled_lag4
time.2,28,150,2.9802322387695312e-08,0.0006853661616332829,2026092704,coupled_lag4
behavior.0,28,150,1.4901161193847656e-08,0.00023953308118507266,2026092704,coupled_lag4
behavior.1,28,150,1.4901161193847656e-08,8.643513865536079e-05,2026092704,coupled_lag4
behavior.2,28,150,1.4901161193847656e-08,0.0001762019528541714,2026092704,coupled_lag4
time.0,28,151,1.4901161193847656e-08,0.0005340884672477841,2026092704,coupled_lag4
time.1,28,151,1.4901161193847656e-08,0.00023457784845959395,2026092704,coupled_lag4
time.2,28,151,2.9802322387695312e-08,0.0006318415980786085,2026092704,coupled_lag4
behavior.0,28,151,1.4901161193847656e-08,0.0002386419364484027,2026092704,coupled_lag4
behavior.1,28,151,1.1175870895385742e-08,8.376357436645776e-05,2026092704,coupled_lag4
behavior.2,28,151,1.4901161193847656e-08,0.00015666376566514373,2026092704,coupled_lag4
time.0,28,152,2.2351741790771484e-08,0.00037437822902575135,2026092704,coupled_lag4
time.1,28,152,1.4901161193847656e-08,0.00017744353681337088,2026092704,coupled_lag4
time.2,28,152,1.4901161193847656e-08,0.0004364744236227125,2026092704,coupled_lag4
behavior.0,28,152,1.4901161193847656e-08,0.0002474262728355825,2026092704,coupled_lag4
behavior.1,28,152,1.1175870895385742e-08,8.012486068764701e-05,2026092704,coupled_lag4
behavior.2,28,152,2.2351741790771484e-08,0.00014690666284877807,2026092704,coupled_lag4
time.0,28,153,1.4901161193847656e-08,0.00043211126467213035,2026092704,coupled_lag4
time.1,28,153,1.4901161193847656e-08,0.000208634213777259,2026092704,coupled_lag4
time.2,28,153,2.9802322387695312e-08,0.0005049611791037023,2026092704,coupled_lag4
behavior.0,28,153,1.4901161193847656e-08,0.0002789453137665987,2026092704,coupled_lag4
behavior.1,28,153,7.450580596923828e-09,8.738811447983608e-05,2026092704,coupled_lag4
behavior.2,28,153,1.1175870895385742e-08,0.0001440949854440987,2026092704,coupled_lag4
time.0,28,154,2.2351741790771484e-08,0.000583601591642946,2026092704,coupled_lag4
time.1,28,154,1.4901161193847656e-08,0.0002665397187229246,2026092704,coupled_lag4
time.2,28,154,1.4901161193847656e-08,0.0006875272956676781,2026092704,coupled_lag4
behavior.0,28,154,1.4901161193847656e-08,0.00023954545031301677,2026092704,coupled_lag4
behavior.1,28,154,1.1175870895385742e-08,8.36026665638201e-05,2026092704,coupled_lag4
behavior.2,28,154,1.4901161193847656e-08,0.0001351926039205864,2026092704,coupled_lag4
time.0,28,155,2.9802322387695312e-08,0.0004981184029020369,2026092704,coupled_lag4
time.1,28,155,1.4901161193847656e-08,0.0002310993877472356,2026092704,coupled_lag4
time.2,28,155,2.9802322387695312e-08,0.0005863705882802606,2026092704,coupled_lag4
behavior.0,28,155,1.4901161193847656e-08,0.0002439025993226096,2026092704,coupled_lag4
behavior.1,28,155,1.1175870895385742e-08,8.274673746200278e-05,2026092704,coupled_lag4
behavior.2,28,155,1.1175870895385742e-08,0.00012551013787742704,2026092704,coupled_lag4
time.0,28,156,2.9802322387695312e-08,0.0006766507285647094,2026092704,coupled_lag4
time.1,28,156,1.4901161193847656e-08,0.00029819970950484276,2026092704,coupled_lag4
time.2,28,156,2.9802322387695312e-08,0.000724406389053911,2026092704,coupled_lag4
behavior.0,28,156,1.4901161193847656e-08,0.00024217844475060701,2026092704,coupled_lag4
behavior.1,28,156,1.1175870895385742e-08,8.332904690178111e-05,2026092704,coupled_lag4
behavior.2,28,156,1.4901161193847656e-08,0.00013842005864717066,2026092704,coupled_lag4
time.0,28,157,1.4901161193847656e-08,0.0005020627868361771,2026092704,coupled_lag4
time.1,28,157,1.4901161193847656e-08,0.00022887233353685588,2026092704,coupled_lag4
time.2,28,157,1.4901161193847656e-08,0.0005445587448775768,2026092704,coupled_lag4
behavior.0,28,157,4.470348358154297e-08,0.00030207677627913654,2026092704,coupled_lag4
behavior.1,28,157,7.450580596923828e-09,0.00010025589290307835,2026092704,coupled_lag4
behavior.2,28,157,1.1175870895385742e-08,0.0001534091861685738,2026092704,coupled_lag4
time.0,28,158,1.4901161193847656e-08,0.00046946981456130743,2026092704,coupled_lag4
time.1,28,158,1.4901161193847656e-08,0.00021775765344500542,2026092704,coupled_lag4
time.2,28,158,1.4901161193847656e-08,0.0005642174510285258,2026092704,coupled_lag4
behavior.0,28,158,2.2351741790771484e-08,0.00025079931947402656,2026092704,coupled_lag4
behavior.1,28,158,1.1175870895385742e-08,8.296137093566358e-05,2026092704,coupled_lag4
behavior.2,28,158,1.4901161193847656e-08,0.00012616369349416345,2026092704,coupled_lag4
time.0,28,159,2.9802322387695312e-08,0.000441563141066581,2026092704,coupled_lag4
time.1,28,159,1.4901161193847656e-08,0.0002035725483438,2026092704,coupled_lag4
time.2,28,159,2.2351741790771484e-08,0.0005195628618821502,2026092704,coupled_lag4
behavior.0,28,159,1.4901161193847656e-08,0.00024308451975230128,2026092704,coupled_lag4
behavior.1,28,159,1.1175870895385742e-08,8.221503958338872e-05,2026092704,coupled_lag4
behavior.2,28,159,1.1175870895385742e-08,0.00013690882769878954,2026092704,coupled_lag4
time.0,28,160,2.9802322387695312e-08,0.0006564388750120997,2026092704,coupled_lag4
time.1,28,160,1.4901161193847656e-08,0.00027410854818299413,2026092704,coupled_lag4
time.2,28,160,2.9802322387695312e-08,0.0007376885623671114,2026092704,coupled_lag4
behavior.0,28,160,2.2351741790771484e-08,0.00026168732438236475,2026092704,coupled_lag4
behavior.1,28,160,1.1175870895385742e-08,9.07206631381996e-05,2026092704,coupled_lag4
behavior.2,28,160,1.1175870895385742e-08,0.00013919647608418018,2026092704,coupled_lag4
time.0,28,161,2.2351741790771484e-08,0.0005768439150415361,2026092704,coupled_lag4
time.1,28,161,1.4901161193847656e-08,0.00025149580324068666,2026092704,coupled_lag4
time.2,28,161,2.9802322387695312e-08,0.0006610809941776097,2026092704,coupled_lag4
behavior.0,28,161,1.4901161193847656e-08,0.00023682971368543804,2026092704,coupled_lag4
behavior.1,28,161,7.450580596923828e-09,8.450278983218595e-05,2026092704,coupled_lag4
behavior.2,28,161,1.1175870895385742e-08,0.00013906499953009188,2026092704,coupled_lag4
time.0,28,162,1.4901161193847656e-08,0.0003599624033086002,2026092704,coupled_lag4
time.1,28,162,1.1175870895385742e-08,0.00017775573360268027,2026092704,coupled_lag4
time.2,28,162,2.2351741790771484e-08,0.0004359726735856384,2026092704,coupled_lag4
behavior.0,28,162,1.4901161193847656e-08,0.00023032301396597177,2026092704,coupled_lag4
behavior.1,28,162,1.1175870895385742e-08,8.31247671158053e-05,2026092704,coupled_lag4
behavior.2,28,162,7.450580596923828e-09,0.00013609860616270453,2026092704,coupled_lag4
time.0,28,163,1.4901161193847656e-08,0.0005369162536226213,2026092704,coupled_lag4
time.1,28,163,1.4901161193847656e-08,0.00023151838104240596,2026092704,coupled_lag4
time.2,28,163,2.9802322387695312e-08,0.0006464248290285468,2026092704,coupled_lag4
behavior.0,28,163,1.4901161193847656e-08,0.00024244695669040084,2026092704,coupled_lag4
behavior.1,28,163,1.1175870895385742e-08,7.78559988248162e-05,2026092704,coupled_lag4
behavior.2,28,163,1.1175870895385742e-08,0.00015036860713735223,2026092704,coupled_lag4
time.0,28,164,1.4901161193847656e-08,0.000538205960765481,2026092704,coupled_lag4
time.1,28,164,1.4901161193847656e-08,0.0002412199100945145,2026092704,coupled_lag4
time.2,28,164,2.9802322387695312e-08,0.0006348043098114431,2026092704,coupled_lag4
behavior.0,28,164,1.4901161193847656e-08,0.00023646985937375575,2026092704,coupled_lag4
behavior.1,28,164,7.450580596923828e-09,8.581254223827273e-05,2026092704,coupled_lag4
behavior.2,28,164,2.2351741790771484e-08,0.00015490046644117683,2026092704,coupled_lag4
time.0,28,165,1.4901161193847656e-08,0.0005025804857723415,2026092704,coupled_lag4
time.1,28,165,1.4901161193847656e-08,0.00022702864953316748,2026092704,coupled_lag4
time.2,28,165,1.4901161193847656e-08,0.0006091561517678201,2026092704,coupled_lag4
behavior.0,28,165,1.4901161193847656e-08,0.0002391753951087594,2026092704,coupled_lag4
behavior.1,28,165,1.1175870895385742e-08,8.157469710567966e-05,2026092704,coupled_lag4
behavior.2,28,165,1.4901161193847656e-08,0.00015262881061062217,2026092704,coupled_lag4
time.0,28,166,2.2351741790771484e-08,0.00042303872760385275,2026092704,coupled_lag4
time.1,28,166,1.4901161193847656e-08,0.00019495765445753932,2026092704,coupled_lag4
time.2,28,166,2.2351741790771484e-08,0.0005097353714518249,2026092704,coupled_lag4
behavior.0,28,166,1.4901161193847656e-08,0.00024486694019287825,2026092704,coupled_lag4
behavior.1,28,166,7.450580596923828e-09,8.918935782276094e-05,2026092704,coupled_lag4
behavior.2,28,166,1.1175870895385742e-08,0.00015114322013687342,2026092704,coupled_lag4
time.0,28,167,1.4901161193847656e-08,0.0005916111986152828,2026092704,coupled_lag4
time.1,28,167,1.4901161193847656e-08,0.00027003762079402804,2026092704,coupled_lag4
time.2,28,167,2.9802322387695312e-08,0.0006865777540951967,2026092704,coupled_lag4
behavior.0,28,167,2.2351741790771484e-08,0.00032387691317126155,2026092704,coupled_lag4
behavior.1,28,167,1.4901161193847656e-08,0.000109887718281243,2026092704,coupled_lag4
behavior.2,28,167,1.1175870895385742e-08,0.00015687363338656723,2026092704,coupled_lag4
time.0,28,168,1.4901161193847656e-08,0.0004141677054576576,2026092704,coupled_lag4
time.1,28,168,1.4901161193847656e-08,0.000182650241185911,2026092704,coupled_lag4
time.2,28,168,2.2351741790771484e-08,0.0004885356174781919,2026092704,coupled_lag4
behavior.0,28,168,1.4901161193847656e-08,0.0002545071765780449,2026092704,coupled_lag4
behavior.1,28,168,1.1175870895385742e-08,8.915910439100116e-05,2026092704,coupled_lag4
behavior.2,28,168,7.450580596923828e-09,0.000153840403072536,2026092704,coupled_lag4
time.0,28,169,2.2351741790771484e-08,0.0005329786217771471,2026092704,coupled_lag4
time.1,28,169,1.4901161193847656e-08,0.0002357909397687763,2026092704,coupled_lag4
time.2,28,169,1.4901161193847656e-08,0.0006412857328541577,2026092704,coupled_lag4
behavior.0,28,169,1.4901161193847656e-08,0.00024386595760006458,2026092704,coupled_lag4
behavior.1,28,169,1.1175870895385742e-08,8.510492625646293e-05,2026092704,coupled_lag4
behavior.2,28,169,1.1175870895385742e-08,0.00015701130905654281,2026092704,coupled_lag4
time.0,28,170,1.4901161193847656e-08,0.0004887673421762884,2026092704,coupled_lag4
time.1,28,170,1.4901161193847656e-08,0.00021132119582034647,2026092704,coupled_lag4
time.2,28,170,1.4901161193847656e-08,0.0005622282042168081,2026092704,coupled_lag4
behavior.0,28,170,1.4901161193847656e-08,0.0002539409033488482,2026092704,coupled_lag4
behavior.1,28,170,1.1175870895385742e-08,8.39673521113582e-05,2026092704,coupled_lag4
behavior.2,28,170,1.1175870895385742e-08,0.00014256143185775727,2026092704,coupled_lag4
time.0,28,171,1.4901161193847656e-08,0.0005895100766792893,2026092704,coupled_lag4
time.1,28,171,1.4901161193847656e-08,0.0002492719504516572,2026092704,coupled_lag4
time.2,28,171,4.470348358154297e-08,0.0006789134931750596,2026092704,coupled_lag4
behavior.0,28,171,1.4901161193847656e-08,0.00030720833456143737,2026092704,coupled_lag4
behavior.1,28,171,1.4901161193847656e-08,9.556284931022674e-05,2026092704,coupled_lag4
behavior.2,28,171,1.1175870895385742e-08,0.0001517362688900903,2026092704,coupled_lag4
time.0,28,172,1.4901161193847656e-08,0.000538394320756197,2026092704,coupled_lag4
time.1,28,172,1.4901161193847656e-08,0.00022840128804091364,2026092704,coupled_lag4
time.2,28,172,2.2351741790771484e-08,0.0006188507541082799,2026092704,coupled_lag4
behavior.0,28,172,1.4901161193847656e-08,0.000241437170188874,2026092704,coupled_lag4
behavior.1,28,172,1.1175870895385742e-08,8.393557072849944e-05,2026092704,coupled_lag4
behavior.2,28,172,1.4901161193847656e-08,0.00014261296018958092,2026092704,coupled_lag4
time.0,28,173,1.4901161193847656e-08,0.0004290906654205173,2026092704,coupled_lag4
time.1,28,173,1.4901161193847656e-08,0.0001982326211873442,2026092704,coupled_lag4
time.2,28,173,2.2351741790771484e-08,0.0005219315062277019,2026092704,coupled_lag4
behavior.0,28,173,1.4901161193847656e-08,0.0002335574827156961,2026092704,coupled_lag4
behavior.1,28,173,1.4901161193847656e-08,8.03628281573765e-05,2026092704,coupled_lag4
behavior.2,28,173,2.2351741790771484e-08,0.00013500153727363795,2026092704,coupled_lag4
time.0,28,174,2.9802322387695312e-08,0.000461219169665128,2026092704,coupled_lag4
time.1,28,174,1.4901161193847656e-08,0.00021405820734798908,2026092704,coupled_lag4
time.2,28,174,1.4901161193847656e-08,0.0005101316492073238,2026092704,coupled_lag4
behavior.0,28,174,1.4901161193847656e-08,0.0002876791695598513,2026092704,coupled_lag4
behavior.1,28,174,1.4901161193847656e-08,9.12487885216251e-05,2026092704,coupled_lag4
behavior.2,28,174,1.1175870895385742e-08,0.00013980388757772744,2026092704,coupled_lag4
time.0,28,175,2.9802322387695312e-08,0.0005175393307581544,2026092704,coupled_lag4
time.1,28,175,1.4901161193847656e-08,0.000233239377848804,2026092704,coupled_lag4
time.2,28,175,2.2351741790771484e-08,0.0005860558012500405,2026092704,coupled_lag4
behavior.0,28,175,1.4901161193847656e-08,0.0002434111083857715,2026092704,coupled_lag4
behavior.1,28,175,1.4901161193847656e-08,9.038706048158929e-05,2026092704,coupled_lag4
behavior.2,28,175,1.4901161193847656e-08,0.00013847489026375115,2026092704,coupled_lag4
time.0,28,176,1.4901161193847656e-08,0.0006967724184505641,2026092704,coupled_lag4
time.1,28,176,1.4901161193847656e-08,0.0002800234651658684,2026092704,coupled_lag4
time.2,28,176,2.9802322387695312e-08,0.0007824335480108857,2026092704,coupled_lag4
behavior.0,28,176,1.4901161193847656e-08,0.000247618998400867,2026092704,coupled_lag4
behavior.1,28,176,1.1175870895385742e-08,7.985490810824558e-05,2026092704,coupled_lag4
behavior.2,28,176,1.1175870895385742e-08,0.00012924692418891937,2026092704,coupled_lag4
time.0,28,177,2.9802322387695312e-08,0.0005261710030026734,2026092704,coupled_lag4
time.1,28,177,1.4901161193847656e-08,0.00022321235155686736,2026092704,coupled_lag4
time.2,28,177,2.9802322387695312e-08,0.0006183312507346272,2026092704,coupled_lag4
behavior.0,28,177,1.4901161193847656e-08,0.00024847788154147565,2026092704,coupled_lag4
behavior.1,28,177,1.1175870895385742e-08,7.942387310322374e-05,2026092704,coupled_lag4
behavior.2,28,177,1.4901161193847656e-08,0.00014129588089417666,2026092704,coupled_lag4
time.0,28,178,2.2351741790771484e-08,0.0005302419885993004,2026092704,coupled_lag4
time.1,28,178,1.4901161193847656e-08,0.00023399927886202931,2026092704,coupled_lag4
time.2,28,178,2.9802322387695312e-08,0.0006180608179420233,2026092704,coupled_lag4
behavior.0,28,178,1.4901161193847656e-08,0.00025508375256322324,2026092704,coupled_lag4
behavior.1,28,178,1.1175870895385742e-08,8.202072058338672e-05,2026092704,coupled_lag4
behavior.2,28,178,1.1175870895385742e-08,0.00015000879648141563,2026092704,coupled_lag4
time.0,28,179,1.4901161193847656e-08,0.0006843828014098108,2026092704,coupled_lag4
time.1,28,179,2.2351741790771484e-08,0.00027798651717603207,2026092704,coupled_lag4
time.2,28,179,2.9802322387695312e-08,0.0007594448397867382,2026092704,coupled_lag4
behavior.0,28,179,1.4901161193847656e-08,0.00024263191153295338,2026092704,coupled_lag4
behavior.1,28,179,1.1175870895385742e-08,8.004604023881257e-05,2026092704,coupled_lag4
behavior.2,28,179,1.1175870895385742e-08,0.00013814853446092457,2026092704,coupled_lag4
time.0,28,180,1.4901161193847656e-08,0.0004852571291849017,2026092704,coupled_lag4
time.1,28,180,1.4901161193847656e-08,0.00020912764011882246,2026092704,coupled_lag4
time.2,28,180,2.9802322387695312e-08,0.0005621343152597547,2026092704,coupled_lag4
behavior.0,28,180,2.2351741790771484e-08,0.0002525898162275553,2026092704,coupled_lag4
behavior.1,28,180,7.450580596923828e-09,8.387286652578041e-05,2026092704,coupled_lag4
behavior.2,28,180,1.4901161193847656e-08,0.00014917610678821802,2026092704,coupled_lag4
time.0,28,181,2.9802322387695312e-08,0.0005133009399287403,2026092704,coupled_lag4
time.1,28,181,1.4901161193847656e-08,0.00022706799791194499,2026092704,coupled_lag4
time.2,28,181,2.9802322387695312e-08,0.000623192812781781,2026092704,coupled_lag4
behavior.0,28,181,1.862645149230957e-08,0.00024025399761740118,2026092704,coupled_lag4
behavior.1,28,181,1.1175870895385742e-08,8.915907528717071e-05,2026092704,coupled_lag4
behavior.2,28,181,1.1175870895385742e-08,0.00016705489542800933,2026092704,coupled_lag4
time.0,28,182,1.4901161193847656e-08,0.000357235869159922,2026092704,coupled_lag4
time.1,28,182,1.4901161193847656e-08,0.0001735901169013232,2026092704,coupled_lag4
time.2,28,182,2.2351741790771484e-08,0.0004349823575466871,2026092704,coupled_lag4
behavior.0,28,182,2.2351741790771484e-08,0.0002450110041536391,2026092704,coupled_lag4
behavior.1,28,182,1.1175870895385742e-08,8.65119873196818e-05,2026092704,coupled_lag4
behavior.2,28,182,1.1175870895385742e-08,0.00013426424993667752,2026092704,coupled_lag4
time.0,28,183,1.4901161193847656e-08,0.0005761748179793358,2026092704,coupled_lag4
time.1,28,183,1.4901161193847656e-08,0.0002574700629338622,2026092704,coupled_lag4
time.2,28,183,2.2351741790771484e-08,0.0006573671125806868,2026092704,coupled_lag4
behavior.0,28,183,1.4901161193847656e-08,0.000249196047661826,2026092704,coupled_lag4
behavior.1,28,183,1.1175870895385742e-08,8.946734305936843e-05,2026092704,coupled_lag4
behavior.2,28,183,1.1175870895385742e-08,0.0001413944992236793,2026092704,coupled_lag4
time.0,28,184,2.2351741790771484e-08,0.00048112630611285567,2026092704,coupled_lag4
time.1,28,184,1.4901161193847656e-08,0.0002164138131774962,2026092704,coupled_lag4
time.2,28,184,2.9802322387695312e-08,0.0005545497988350689,2026092704,coupled_lag4
behavior.0,28,184,1.4901161193847656e-08,0.0002343194355489686,2026092704,coupled_lag4
behavior.1,28,184,1.4901161193847656e-08,8.539340342395008e-05,2026092704,coupled_lag4
behavior.2,28,184,1.1175870895385742e-08,0.00015752128092572093,2026092704,coupled_lag4
time.0,28,185,1.4901161193847656e-08,0.0003617406764533371,2026092704,coupled_lag4
time.1,28,185,1.4901161193847656e-08,0.00017911745817400515,2026092704,coupled_lag4
time.2,28,185,1.4901161193847656e-08,0.0004190942563582212,2026092704,coupled_lag4
behavior.0,28,185,1.4901161193847656e-08,0.0002474132343195379,2026092704,coupled_lag4
behavior.1,28,185,1.4901161193847656e-08,8.405454718740657e-05,2026092704,coupled_lag4
behavior.2,28,185,7.450580596923828e-09,0.0001457067992305383,2026092704,coupled_lag4
time.0,28,186,2.9802322387695312e-08,0.0006123194471001625,2026092704,coupled_lag4
time.1,28,186,1.4901161193847656e-08,0.00026312441332265735,2026092704,coupled_lag4
time.2,28,186,2.9802322387695312e-08,0.0006649928400292993,2026092704,coupled_lag4
behavior.0,28,186,1.4901161193847656e-08,0.00024762374232523143,2026092704,coupled_lag4
behavior.1,28,186,1.1175870895385742e-08,8.674780110595748e-05,2026092704,coupled_lag4
behavior.2,28,186,1.4901161193847656e-08,0.0001583829871378839,2026092704,coupled_lag4
time.0,28,187,2.9802322387695312e-08,0.0007380229653790593,2026092704,coupled_lag4
time.1,28,187,1.4901161193847656e-08,0.00031111849239096045,2026092704,coupled_lag4
time.2,28,187,2.9802322387695312e-08,0.0007793988334015012,2026092704,coupled_lag4
behavior.0,28,187,2.2351741790771484e-08,0.0002364805550314486,2026092704,coupled_lag4
behavior.1,28,187,1.1175870895385742e-08,8.512179192621261e-05,2026092704,coupled_lag4
behavior.2,28,187,1.1175870895385742e-08,0.00013012281851843,2026092704,coupled_lag4
time.0,28,188,1.4901161193847656e-08,0.0004209508770145476,2026092704,coupled_lag4
time.1,28,188,1.4901161193847656e-08,0.00019298205734230578,2026092704,coupled_lag4
time.2,28,188,2.9802322387695312e-08,0.0004983958206139505,2026092704,coupled_lag4
behavior.0,28,188,1.4901161193847656e-08,0.0002648706140462309,2026092704,coupled_lag4
behavior.1,28,188,1.1175870895385742e-08,8.164057362591848e-05,2026092704,coupled_lag4
behavior.2,28,188,2.2351741790771484e-08,0.00012058053107466549,2026092704,coupled_lag4
time.0,28,189,1.4901161193847656e-08,0.0005425096023827791,2026092704,coupled_lag4
time.1,28,189,1.4901161193847656e-08,0.0002385965926805511,2026092704,coupled_lag4
time.2,28,189,2.9802322387695312e-08,0.0006126200314611197,2026092704,coupled_lag4
behavior.0,28,189,1.4901161193847656e-08,0.00024409180332440883,2026092704,coupled_lag4
behavior.1,28,189,1.4901161193847656e-08,8.493266795994714e-05,2026092704,coupled_lag4
behavior.2,28,189,1.4901161193847656e-08,0.00012913174577988684,2026092704,coupled_lag4
time.0,28,190,1.4901161193847656e-08,0.0005403144750744104,2026092704,coupled_lag4
time.1,28,190,7.450580596923828e-09,0.0002394534822087735,2026092704,coupled_lag4
time.2,28,190,2.9802322387695312e-08,0.0005708832759410143,2026092704,coupled_lag4
behavior.0,28,190,1.4901161193847656e-08,0.0002455733483657241,2026092704,coupled_lag4
behavior.1,28,190,7.450580596923828e-09,8.524100121576339e-05,2026092704,coupled_lag4
behavior.2,28,190,1.4901161193847656e-08,0.00013061834033578634,2026092704,coupled_lag4
time.0,28,191,1.4901161193847656e-08,0.00036842303234152496,2026092704,coupled_lag4
time.1,28,191,1.4901161193847656e-08,0.0001729720097500831,2026092704,coupled_lag4
time.2,28,191,1.4901161193847656e-08,0.00043969167745672166,2026092704,coupled_lag4
behavior.0,28,191,1.4901161193847656e-08,0.0002456846123095602,2026092704,coupled_lag4
behavior.1,28,191,1.1175870895385742e-08,8.599841385148466e-05,2026092704,coupled_lag4
behavior.2,28,191,1.4901161193847656e-08,0.00012849189806729555,2026092704,coupled_lag4
time.0,28,192,1.4901161193847656e-08,0.0004414187278598547,2026092704,coupled_lag4
time.1,28,192,1.4901161193847656e-08,0.00020969484467059374,2026092704,coupled_lag4
time.2,28,192,2.2351741790771484e-08,0.0005183512112125754,2026092704,coupled_lag4
behavior.0,28,192,1.4901161193847656e-08,0.00024246529210358858,2026092704,coupled_lag4
behavior.1,28,192,1.1175870895385742e-08,8.605415496276692e-05,2026092704,coupled_lag4
behavior.2,28,192,1.4901161193847656e-08,0.00014572717191185802,2026092704,coupled_lag4
time.0,28,193,2.9802322387695312e-08,0.00042126362677663565,2026092704,coupled_lag4
time.1,28,193,1.4901161193847656e-08,0.00019489678379613906,2026092704,coupled_lag4
time.2,28,193,1.4901161193847656e-08,0.0005009511369280517,2026092704,coupled_lag4
behavior.0,28,193,1.4901161193847656e-08,0.00024122490140143782,2026092704,coupled_lag4
behavior.1,28,193,1.1175870895385742e-08,8.507310849381611e-05,2026092704,coupled_lag4
behavior.2,28,193,7.450580596923828e-09,0.0001551715686218813,2026092704,coupled_lag4
time.0,28,194,1.4901161193847656e-08,0.00048653956037014723,2026092704,coupled_lag4
time.1,28,194,1.4901161193847656e-08,0.00021897746773902327,2026092704,coupled_lag4
time.2,28,194,1.4901161193847656e-08,0.0005494309589266777,2026092704,coupled_lag4
behavior.0,28,194,1.4901161193847656e-08,0.00028458618908189237,2026092704,coupled_lag4
behavior.1,28,194,1.1175870895385742e-08,9.401388524565846e-05,2026092704,coupled_lag4
behavior.2,28,194,1.1175870895385742e-08,0.00014571283827535808,2026092704,coupled_lag4
time.0,28,195,2.9802322387695312e-08,0.0004995209164917469,2026092704,coupled_lag4
time.1,28,195,1.4901161193847656e-08,0.00023691647220402956,2026092704,coupled_lag4
time.2,28,195,2.2351741790771484e-08,0.0005913823843002319,2026092704,coupled_lag4
behavior.0,28,195,1.4901161193847656e-08,0.00024171275435946882,2026092704,coupled_lag4
behavior.1,28,195,1.1175870895385742e-08,9.12309333216399e-05,2026092704,coupled_lag4
behavior.2,28,195,7.450580596923828e-09,0.00015983369667083025,2026092704,coupled_lag4
time.0,28,196,1.4901161193847656e-08,0.00047530143638141453,2026092704,coupled_lag4
time.1,28,196,1.4901161193847656e-08,0.00021254624880384654,2026092704,coupled_lag4
time.2,28,196,1.4901161193847656e-08,0.0005504227010533214,2026092704,coupled_lag4
behavior.0,28,196,1.4901161193847656e-08,0.00024261136422865093,2026092704,coupled_lag4
behavior.1,28,196,1.1175870895385742e-08,8.583460294175893e-05,2026092704,coupled_lag4
behavior.2,28,196,1.1175870895385742e-08,0.00015310182061512023,2026092704,coupled_lag4
time.0,28,197,2.2351741790771484e-08,0.0003730216412805021,2026092704,coupled_lag4
time.1,28,197,1.4901161193847656e-08,0.00018375759827904403,2026092704,coupled_lag4
time.2,28,197,2.9802322387695312e-08,0.00045755592873319983,2026092704,coupled_lag4
behavior.0,28,197,2.2351741790771484e-08,0.00024416568339802325,2026092704,coupled_lag4
behavior.1,28,197,1.1175870895385742e-08,8.498605893692002e-05,2026092704,coupled_lag4
behavior.2,28,197,7.450580596923828e-09,0.00014998468395788223,2026092704,coupled_lag4
time.0,28,198,1.4901161193847656e-08,0.0004196777881588787,2026092704,coupled_lag4
time.1,28,198,1.4901161193847656e-08,0.00020049895101692528,2026092704,coupled_lag4
time.2,28,198,2.2351741790771484e-08,0.0005019854288548231,2026092704,coupled_lag4
behavior.0,28,198,1.4901161193847656e-08,0.00024759775260463357,2026092704,coupled_lag4
behavior.1,28,198,1.1175870895385742e-08,8.271229307865724e-05,2026092704,coupled_lag4
behavior.2,28,198,1.1175870895385742e-08,0.00012786878505721688,2026092704,coupled_lag4
time.0,28,199,2.2351741790771484e-08,0.0004941484075970948,2026092704,coupled_lag4
time.1,28,199,2.2351741790771484e-08,0.0002146707847714424,2026092704,coupled_lag4
time.2,28,199,1.4901161193847656e-08,0.0005500983679667115,2026092704,coupled_lag4
behavior.0,28,199,4.470348358154297e-08,0.00031191710149869323,2026092704,coupled_lag4
behavior.1,28,199,1.1175870895385742e-08,8.657854777993634e-05,2026092704,coupled_lag4
behavior.2,28,199,1.4901161193847656e-08,0.00015290002920664847,2026092704,coupled_lag4
time.0,28,200,1.4901161193847656e-08,0.0005397836794145405,2026092704,coupled_lag4
time.1,28,200,1.4901161193847656e-08,0.00023925564892124385,2026092704,coupled_lag4
time.2,28,200,2.2351741790771484e-08,0.0006200501229614019,2026092704,coupled_lag4
behavior.0,28,200,1.4901161193847656e-08,0.0002432099136058241,2026092704,coupled_lag4
behavior.1,28,200,1.4901161193847656e-08,8.68794959387742e-05,2026092704,coupled_lag4
behavior.2,28,200,1.1175870895385742e-08,0.00014606115291826427,2026092704,coupled_lag4
