run,row,metric,count,finite,nonzero_epochs,first_nonzero,min,max,mean,last
a1_ecrs_cross_rx_s392005_20260909_r1,X0_A1_RUNTIME,concat_sat_ce_weight,200,200,200,1,1.0,1.0,1.0,1.0
a1_ecrs_cross_rx_s392005_20260909_r1,X0_A1_RUNTIME,concat_sat_start_epoch,200,200,200,1,1.0,1.0,1.0,1.0
a1_ecrs_cross_rx_s392005_20260909_r1,X0_A1_RUNTIME,group_ce_top_frac,200,200,200,1,0.35,0.35,0.35,0.35
a1_ecrs_cross_rx_s392005_20260909_r1,X0_A1_RUNTIME,joint_guard_paic_cooldown_remaining,200,200,0,,0.0,0.0,0.0,0.0
a1_ecrs_cross_rx_s392005_20260909_r1,X0_A1_RUNTIME,lambda_cons,200,200,200,1,0.08,0.08,0.08,0.08
a1_ecrs_cross_rx_s392005_20260909_r1,X0_A1_RUNTIME,lambda_group_ce,200,200,200,1,0.16,0.16,0.16,0.16
a1_ecrs_cross_rx_s392005_20260909_r1,X0_A1_RUNTIME,loss_weight_group_ce,200,200,200,1,0.08,0.16,0.14577885253594247,0.16
a1_ecrs_cross_rx_s392005_20260909_r1,X0_A1_RUNTIME,lr,200,200,200,1,1.0000000000000002e-06,0.0002,8.875000000000002e-05,1.0000000000000002e-06
a1_ecrs_cross_rx_s392005_20260909_r1,X0_A1_RUNTIME,nonfinite_test_metric_count,200,200,200,1,1.0,1.0,1.0,1.0
a1_ecrs_cross_rx_s392005_20260909_r1,X0_A1_RUNTIME,nonfinite_train_metric_count,200,200,200,1,4.0,4.0,4.0,4.0
a1_ecrs_cross_rx_s392005_20260909_r1,X0_A1_RUNTIME,nonfinite_val_metric_count,200,200,200,1,1.0,1.0,1.0,1.0
a1_ecrs_cross_rx_s392005_20260909_r1,X0_A1_RUNTIME,phase2_audit_imports_balanced_tx_rx_sampler,200,200,200,1,1.0,1.0,1.0,1.0
a1_ecrs_cross_rx_s392005_20260909_r1,X0_A1_RUNTIME,stage_group_ce_scale,200,200,200,1,0.5,1.0,0.9111178283496403,1.0
a1_ecrs_cross_rx_s392005_20260909_r1,X0_A1_RUNTIME,stage_source_val_sat_floor_tx,200,200,200,1,31.144444444444446,92.68518518518519,80.1214074074074,92.64814814814815
a1_ecrs_cross_rx_s392005_20260909_r1,X0_A1_RUNTIME,stage_source_val_sat_mean_tx,200,200,200,1,31.860493827160496,93.41358024691358,81.12755555555556,93.37407407407407
a1_ecrs_cross_rx_s392005_20260909_r1,X0_A1_RUNTIME,stage_tail_rollback_cooldown_remaining,200,200,0,,0.0,0.0,0.0,0.0
a1_ecrs_cross_rx_s392005_20260909_r1,X0_A1_RUNTIME,train_a1_ema_effective_decay,200,200,200,1,0.9900000000000023,0.9989999999999969,0.9972399999999989,0.9989999999999969
a1_ecrs_cross_rx_s392005_20260909_r1,X0_A1_RUNTIME,train_a1_ema_successful_updates,200,200,200,1,110.5,44266.5,22186.853265765767,44266.5
a1_ecrs_cross_rx_s392005_20260909_r1,X0_A1_RUNTIME,train_concat_sat_active,200,200,200,1,1.0,1.0,1.0,1.0
a1_ecrs_cross_rx_s392005_20260909_r1,X0_A1_RUNTIME,train_concat_sat_applied,200,200,200,1,0.23423423423423423,0.8558558558558559,0.6510135135135136,0.8198198198198198
a1_ecrs_cross_rx_s392005_20260909_r1,X0_A1_RUNTIME,train_concat_sat_clean_batch_size,200,200,200,1,128.0,128.0,128.0,128.0
a1_ecrs_cross_rx_s392005_20260909_r1,X0_A1_RUNTIME,train_concat_sat_expanded,200,200,0,,0.0,0.0,0.0,0.0
a1_ecrs_cross_rx_s392005_20260909_r1,X0_A1_RUNTIME,train_concat_sat_stage_index,200,200,160,41,0.0,2.0,1.35,2.0
a1_ecrs_cross_rx_s392005_20260909_r1,X0_A1_RUNTIME,train_concat_sat_stage_start_epoch,200,200,200,1,1.0,91.0,60.5,91.0
a1_ecrs_cross_rx_s392005_20260909_r1,X0_A1_RUNTIME,train_concat_sat_total_batch_size,200,200,200,1,128.0,128.0,128.0,128.0
a1_ecrs_cross_rx_s392005_20260909_r1,X0_A1_RUNTIME,train_concat_sat_view_prob,200,200,200,1,0.29999999999999877,0.8000000000000016,0.65,0.8000000000000016
a1_ecrs_cross_rx_s392005_20260909_r1,X0_A1_RUNTIME,train_daot_batched_view_count,200,200,180,21,0.0,1.0,0.9,1.0
a1_ecrs_cross_rx_s392005_20260909_r1,X0_A1_RUNTIME,train_daot_clean_teacher_weight,180,180,180,21,0.49999269171878025,0.5000095470800056,0.49999959976062763,0.49999985112263273
a1_ecrs_cross_rx_s392005_20260909_r1,X0_A1_RUNTIME,train_daot_consensus_rate,180,180,180,21,0.5377252252252253,0.9418637387387387,0.8577663601101102,0.9383094031531531
a1_ecrs_cross_rx_s392005_20260909_r1,X0_A1_RUNTIME,train_daot_fingerprint_selectivity,180,180,0,,0.0,0.0,0.0,0.0
a1_ecrs_cross_rx_s392005_20260909_r1,X0_A1_RUNTIME,train_daot_fingerprint_sensitivity,180,180,0,,0.0,0.0,0.0,0.0
a1_ecrs_cross_rx_s392005_20260909_r1,X0_A1_RUNTIME,train_daot_grad_ratio_fingerprint,4,4,0,,0.0,0.0,0.0,0.0
a1_ecrs_cross_rx_s392005_20260909_r1,X0_A1_RUNTIME,train_daot_grad_ratio_nuisance,4,4,4,21,7.206039218972945e-09,1.3355241877653496e-08,1.0620167130462047e-08,7.206039218972945e-09
a1_ecrs_cross_rx_s392005_20260909_r1,X0_A1_RUNTIME,train_daot_grad_ratio_orbit_logit,4,4,4,21,3.1951187961391447,14.95978040302174,9.271971682722574,3.1951187961391447
a1_ecrs_cross_rx_s392005_20260909_r1,X0_A1_RUNTIME,train_daot_grad_ratio_orbit_proto,4,4,0,,0.0,0.0,0.0,0.0
a1_ecrs_cross_rx_s392005_20260909_r1,X0_A1_RUNTIME,train_daot_grad_ratio_orbit_relation,4,4,0,,0.0,0.0,0.0,0.0
a1_ecrs_cross_rx_s392005_20260909_r1,X0_A1_RUNTIME,train_daot_grad_ratio_orbit_z,4,4,4,21,0.012888747123786617,0.05069087430878344,0.03296478406524501,0.012888747123786617
a1_ecrs_cross_rx_s392005_20260909_r1,X0_A1_RUNTIME,train_daot_grad_ratio_tangent,4,4,0,,0.0,0.0,0.0,0.0
a1_ecrs_cross_rx_s392005_20260909_r1,X0_A1_RUNTIME,train_daot_identity_only_used,200,200,180,21,0.0,1.0,0.9,1.0
a1_ecrs_cross_rx_s392005_20260909_r1,X0_A1_RUNTIME,train_daot_logit_coverage,180,180,180,21,0.43647316212321186,0.9332514099172644,0.8359604762719798,0.9295719813656163
a1_ecrs_cross_rx_s392005_20260909_r1,X0_A1_RUNTIME,train_daot_logit_coverage_weighting,200,200,0,,0.0,0.0,0.0,0.0
a1_ecrs_cross_rx_s392005_20260909_r1,X0_A1_RUNTIME,train_daot_logit_weighted_contribution,200,200,180,21,0.0,0.32446964320030297,0.25535385816623374,0.319305161836448
a1_ecrs_cross_rx_s392005_20260909_r1,X0_A1_RUNTIME,train_daot_loss_scale_fingerprint,180,180,180,21,1.0,1.0,1.0,1.0
a1_ecrs_cross_rx_s392005_20260909_r1,X0_A1_RUNTIME,train_daot_loss_scale_nuisance,180,180,180,21,1.0,1.0,1.0,1.0
a1_ecrs_cross_rx_s392005_20260909_r1,X0_A1_RUNTIME,train_daot_loss_scale_orbit_logit,180,180,180,21,3.3546802829543525,9.130988527622309,4.726642017601384,3.476512220331312
a1_ecrs_cross_rx_s392005_20260909_r1,X0_A1_RUNTIME,train_daot_loss_scale_orbit_proto,180,180,180,21,1.0,1.0,1.0,1.0
a1_ecrs_cross_rx_s392005_20260909_r1,X0_A1_RUNTIME,train_daot_loss_scale_orbit_relation,180,180,180,21,1.0,1.0,1.0,1.0
a1_ecrs_cross_rx_s392005_20260909_r1,X0_A1_RUNTIME,train_daot_loss_scale_orbit_z,180,180,180,21,0.1469321010197569,0.3385471567403986,0.16336260389462126,0.14761775846453368
a1_ecrs_cross_rx_s392005_20260909_r1,X0_A1_RUNTIME,train_daot_loss_scale_tangent,180,180,180,21,1.0,1.0,1.0,1.0
a1_ecrs_cross_rx_s392005_20260909_r1,X0_A1_RUNTIME,train_daot_mean_metadata_skip_enabled,200,200,200,1,1.0,1.0,1.0,1.0
a1_ecrs_cross_rx_s392005_20260909_r1,X0_A1_RUNTIME,train_daot_nuisance_sensitivity,180,180,0,,0.0,0.0,0.0,0.0
a1_ecrs_cross_rx_s392005_20260909_r1,X0_A1_RUNTIME,train_daot_nuisance_sensitivity_agc,4,4,4,21,10.683625221252441,12.974595069885254,11.449361324310303,10.683625221252441
a1_ecrs_cross_rx_s392005_20260909_r1,X0_A1_RUNTIME,train_daot_nuisance_sensitivity_doppler,4,4,4,21,10.90198040008545,13.312299728393555,11.701338291168213,10.90198040008545
a1_ecrs_cross_rx_s392005_20260909_r1,X0_A1_RUNTIME,train_daot_nuisance_sensitivity_doppler_rate,4,4,4,21,10.738471984863281,13.02733039855957,11.507069826126099,10.738471984863281
a1_ecrs_cross_rx_s392005_20260909_r1,X0_A1_RUNTIME,train_daot_nuisance_sensitivity_multipath,4,4,4,21,10.688553810119629,12.959390640258789,11.441534757614136,10.688553810119629
a1_ecrs_cross_rx_s392005_20260909_r1,X0_A1_RUNTIME,train_daot_nuisance_sensitivity_phase_noise,4,4,4,21,10.70486068725586,12.969359397888184,11.442903757095337,10.70486068725586
a1_ecrs_cross_rx_s392005_20260909_r1,X0_A1_RUNTIME,train_daot_nuisance_sensitivity_sfo,4,4,4,21,10.693313598632812,12.969581604003906,11.446902513504028,10.693313598632812
a1_ecrs_cross_rx_s392005_20260909_r1,X0_A1_RUNTIME,train_daot_nuisance_sensitivity_snr,4,4,4,21,10.687811851501465,12.996234893798828,11.45045280456543,10.687811851501465
a1_ecrs_cross_rx_s392005_20260909_r1,X0_A1_RUNTIME,train_daot_nuisance_sensitivity_sto,4,4,4,21,10.712730407714844,13.002032279968262,11.448531866073608,10.712730407714844
a1_ecrs_cross_rx_s392005_20260909_r1,X0_A1_RUNTIME,train_daot_objective_computed,200,200,180,21,0.0,1.0,0.9,1.0
a1_ecrs_cross_rx_s392005_20260909_r1,X0_A1_RUNTIME,train_daot_orbit_dispersion,180,180,180,21,0.00973298486536117,0.16090000382213443,0.024304288279501027,0.0100419496611885
a1_ecrs_cross_rx_s392005_20260909_r1,X0_A1_RUNTIME,train_daot_orbit_scale,200,200,180,21,0.0,1.0,0.8025,1.0
a1_ecrs_cross_rx_s392005_20260909_r1,X0_A1_RUNTIME,train_daot_proto_input_available,200,200,0,,0.0,0.0,0.0,0.0
a1_ecrs_cross_rx_s392005_20260909_r1,X0_A1_RUNTIME,train_daot_scale_batched_enabled,200,200,200,1,1.0,1.0,1.0,1.0
a1_ecrs_cross_rx_s392005_20260909_r1,X0_A1_RUNTIME,train_daot_tangent_scale,200,200,140,61,0.0,1.0,0.5025,1.0
a1_ecrs_cross_rx_s392005_20260909_r1,X0_A1_RUNTIME,train_daot_teacher_effective_views,180,180,180,21,1.9999841763092592,1.9999999983890637,1.9999986542416763,1.9999979632394809
a1_ecrs_cross_rx_s392005_20260909_r1,X0_A1_RUNTIME,train_daot_teacher_labeled_accuracy,180,180,180,21,0.8657798423423423,0.9874366554054054,0.9636325778903904,0.983495213963964
a1_ecrs_cross_rx_s392005_20260909_r1,X0_A1_RUNTIME,train_daot_teacher_labeled_confidence,180,180,180,21,0.9147784112541525,0.9974264199132318,0.9881879930105713,0.9965988921152579
a1_ecrs_cross_rx_s392005_20260909_r1,X0_A1_RUNTIME,train_daot_teacher_view_count,200,200,180,21,0.0,2.0,1.8,2.0
a1_ecrs_cross_rx_s392005_20260909_r1,X0_A1_RUNTIME,train_daot_u_consensus_rate,180,180,180,21,0.5423585756404979,0.9557586819738955,0.8755431810462917,0.9548039720939087
a1_ecrs_cross_rx_s392005_20260909_r1,X0_A1_RUNTIME,train_daot_u_logit_coverage,180,180,180,21,0.47190143436461957,0.9495759144559637,0.8600464120007552,0.9485034255294112
a1_ecrs_cross_rx_s392005_20260909_r1,X0_A1_RUNTIME,train_daot_u_logit_weighted_contribution,200,200,180,21,0.0,0.08849396439151722,0.061896466920390907,0.07743045415829967
a1_ecrs_cross_rx_s392005_20260909_r1,X0_A1_RUNTIME,train_daot_u_orbit_dispersion,180,180,180,21,0.007342684093174768,0.17957456671708338,0.02341093815097751,0.007504556638499101
a1_ecrs_cross_rx_s392005_20260909_r1,X0_A1_RUNTIME,train_daot_u_orbit_scale,200,200,180,21,0.0,1.0,0.8025,1.0
a1_ecrs_cross_rx_s392005_20260909_r1,X0_A1_RUNTIME,train_daot_worst_bucket_elevation,4,4,4,21,0.25,0.8125,0.609375,0.8125
a1_ecrs_cross_rx_s392005_20260909_r1,X0_A1_RUNTIME,train_daot_worst_bucket_snr,4,4,4,21,0.28125,0.8125,0.609375,0.8125
a1_ecrs_cross_rx_s392005_20260909_r1,X0_A1_RUNTIME,train_dm_accept_local_component_class_coverage,200,200,0,,0.0,0.0,0.0,0.0
a1_ecrs_cross_rx_s392005_20260909_r1,X0_A1_RUNTIME,train_ecrs_cross_rx_successful_steps,200,200,0,,0.0,0.0,0.0,0.0
a1_ecrs_cross_rx_s392005_20260909_r1,X0_A1_RUNTIME,train_loss_cons_labeled,200,200,184,17,0.0,0.32187631967905406,0.19004842672262107,0.19537958368524774
a1_ecrs_cross_rx_s392005_20260909_r1,X0_A1_RUNTIME,train_loss_daot_fingerprint,200,200,0,,0.0,0.0,0.0,0.0
a1_ecrs_cross_rx_s392005_20260909_r1,X0_A1_RUNTIME,train_loss_daot_nuisance,200,200,180,21,0.0,0.6422849646559706,0.5515758900022185,0.6173917573314529
a1_ecrs_cross_rx_s392005_20260909_r1,X0_A1_RUNTIME,train_loss_daot_orbit_logit,200,200,180,21,0.0,14.209033246512886,6.777415026517601,5.567756430522816
a1_ecrs_cross_rx_s392005_20260909_r1,X0_A1_RUNTIME,train_loss_daot_orbit_proto,200,200,0,,0.0,0.0,0.0,0.0
a1_ecrs_cross_rx_s392005_20260909_r1,X0_A1_RUNTIME,train_loss_daot_orbit_relation,200,200,0,,0.0,0.0,0.0,0.0
a1_ecrs_cross_rx_s392005_20260909_r1,X0_A1_RUNTIME,train_loss_daot_orbit_z,200,200,180,21,0.0,0.3379348988334338,0.14977021462946863,0.15123544559553936
a1_ecrs_cross_rx_s392005_20260909_r1,X0_A1_RUNTIME,train_loss_daot_tangent,200,200,0,,0.0,0.0,0.0,0.0
a1_ecrs_cross_rx_s392005_20260909_r1,X0_A1_RUNTIME,train_loss_daot_total,200,200,180,21,0.0,0.838861273484187,0.6656888241536059,0.8314580622020068
a1_ecrs_cross_rx_s392005_20260909_r1,X0_A1_RUNTIME,train_loss_daot_unlabeled,200,200,180,21,0.0,0.5775376520715318,0.453915615423335,0.565769842884562
a1_ecrs_cross_rx_s392005_20260909_r1,X0_A1_RUNTIME,train_loss_group_ce_labeled,200,200,200,1,1.2640930726654358,12.865443629187507,2.5932239731748563,1.6427533393306237
a1_ecrs_cross_rx_s392005_20260909_r1,X0_A1_RUNTIME,train_loss_sat_cls_labeled,200,200,121,80,0.0,3.66955206881336,1.666458994655362,2.5554901745866747
a1_ecrs_cross_rx_s392005_20260909_r1,X0_A1_RUNTIME,train_loss_sat_cons_labeled,200,200,0,,0.0,0.0,0.0,0.0
a1_ecrs_cross_rx_s392005_20260909_r1,X0_A1_RUNTIME,train_os_gradient_nonfinite_bundle,200,200,0,,0.0,0.0,0.0,0.0
a1_ecrs_cross_rx_s392005_20260909_r1,X0_A1_RUNTIME,train_rc4_effective_weighted_coverage,200,200,180,21,0.0,0.15000000461801752,0.13497035836884835,0.15000000354405996
a1_ecrs_cross_rx_s392005_20260909_r1,X0_A1_RUNTIME,train_rc4_hard_effective_coverage,200,200,180,21,0.0,0.15000000448377282,0.11033574086234817,0.13128051631622487
a1_ecrs_cross_rx_s392005_20260909_r1,X0_A1_RUNTIME,train_rc4_negative_effective_coverage,200,200,0,,0.0,0.0,0.0,0.0
a1_ecrs_cross_rx_s392005_20260909_r1,X0_A1_RUNTIME,train_rc4_partial_effective_coverage,200,200,153,21,0.0,0.14777891861425863,0.024634616011386275,0.018719485055797878
a1_ecrs_cross_rx_s392005_20260909_r1,X0_A1_RUNTIME,train_sat_anchor_class_coverage,200,200,180,21,0.0,5.90990990990991,3.3852927927927925,3.3063063063063063
a1_ecrs_cross_rx_s392005_20260909_r1,X0_A1_RUNTIME,train_sat_anchor_receiver_coverage,200,200,180,21,0.0,5.0,4.30786036036036,5.0
a1_ecrs_cross_rx_s392005_20260909_r1,X0_A1_RUNTIME,train_skipped_nonfinite_grad,200,200,21,1,0.0,0.009009009009009009,0.000518018018018018,0.0
a1_ecrs_cross_rx_s392005_20260909_r1,X0_A1_RUNTIME,train_skipped_nonfinite_loss,200,200,0,,0.0,0.0,0.0,0.0
a1_ecrs_cross_rx_s392005_20260909_r1,X0_A1_RUNTIME,train_source_episode_local_component_coverage,181,181,181,20,1.0,1.0,1.0,1.0
a1_ecrs_cross_rx_s392005_20260909_r1,X0_A1_RUNTIME,train_tail_rollback_cooldown_remaining,200,200,0,,0.0,0.0,0.0,0.0
a1_ecrs_cross_rx_s392005_20260909_r1,X0_A1_RUNTIME,train_w_loss_cons_labeled,200,200,184,17,0.0,0.016078124175200593,0.01208709145451451,0.015630498662725225
a1_ecrs_cross_rx_s392005_20260909_r1,X0_A1_RUNTIME,train_w_loss_group_ce_labeled,200,200,200,1,0.20225488731369107,1.029235466911986,0.3466995709678494,0.26284052878786046
a1_ecrs_cross_rx_s392005_20260909_r1,X0_A1_RUNTIME,train_w_loss_sat_cls_labeled,200,200,121,80,0.0,2.4952954196010357,1.1331921279487707,1.7377333360187173
a1_ecrs_cross_rx_s392005_20260909_r1,X0_A1_RUNTIME,train_w_loss_sat_cons_labeled,200,200,0,,0.0,0.0,0.0,0.0
a1_ecrs_cross_rx_s392005_20260909_r1,X0_A1_RUNTIME,val_tx_acc,200,200,200,1,39.422222222222224,98.58148148148148,97.70703703703704,98.51851851851852
a1_ecrs_cross_rx_s392005_20260909_r1,X1_CROSS_RX_CLEAN,concat_sat_ce_weight,200,200,200,1,1.0,1.0,1.0,1.0
a1_ecrs_cross_rx_s392005_20260909_r1,X1_CROSS_RX_CLEAN,concat_sat_start_epoch,200,200,200,1,1.0,1.0,1.0,1.0
a1_ecrs_cross_rx_s392005_20260909_r1,X1_CROSS_RX_CLEAN,group_ce_top_frac,200,200,200,1,0.35,0.35,0.35,0.35
a1_ecrs_cross_rx_s392005_20260909_r1,X1_CROSS_RX_CLEAN,joint_guard_paic_cooldown_remaining,200,200,0,,0.0,0.0,0.0,0.0
a1_ecrs_cross_rx_s392005_20260909_r1,X1_CROSS_RX_CLEAN,lambda_cons,200,200,200,1,0.08,0.08,0.08,0.08
a1_ecrs_cross_rx_s392005_20260909_r1,X1_CROSS_RX_CLEAN,lambda_group_ce,200,200,200,1,0.16,0.16,0.16,0.16
a1_ecrs_cross_rx_s392005_20260909_r1,X1_CROSS_RX_CLEAN,loss_weight_group_ce,200,200,200,1,0.08,0.16,0.14577885253594247,0.16
a1_ecrs_cross_rx_s392005_20260909_r1,X1_CROSS_RX_CLEAN,lr,200,200,200,1,1.0000000000000002e-06,0.0002,8.875000000000002e-05,1.0000000000000002e-06
a1_ecrs_cross_rx_s392005_20260909_r1,X1_CROSS_RX_CLEAN,nonfinite_test_metric_count,200,200,200,1,1.0,1.0,1.0,1.0
a1_ecrs_cross_rx_s392005_20260909_r1,X1_CROSS_RX_CLEAN,nonfinite_train_metric_count,200,200,200,1,4.0,4.0,4.0,4.0
a1_ecrs_cross_rx_s392005_20260909_r1,X1_CROSS_RX_CLEAN,nonfinite_val_metric_count,200,200,200,1,1.0,1.0,1.0,1.0
a1_ecrs_cross_rx_s392005_20260909_r1,X1_CROSS_RX_CLEAN,phase2_audit_imports_balanced_tx_rx_sampler,200,200,200,1,1.0,1.0,1.0,1.0
a1_ecrs_cross_rx_s392005_20260909_r1,X1_CROSS_RX_CLEAN,stage_group_ce_scale,200,200,200,1,0.5,1.0,0.9111178283496403,1.0
a1_ecrs_cross_rx_s392005_20260909_r1,X1_CROSS_RX_CLEAN,stage_source_val_sat_floor_tx,200,200,200,1,30.92962962962963,92.87777777777778,80.53127777777777,92.87777777777778
a1_ecrs_cross_rx_s392005_20260909_r1,X1_CROSS_RX_CLEAN,stage_source_val_sat_mean_tx,200,200,200,1,31.637037037037036,93.55802469135803,81.50108641975308,93.53950617283952
a1_ecrs_cross_rx_s392005_20260909_r1,X1_CROSS_RX_CLEAN,stage_tail_rollback_cooldown_remaining,200,200,0,,0.0,0.0,0.0,0.0
a1_ecrs_cross_rx_s392005_20260909_r1,X1_CROSS_RX_CLEAN,train_a1_ema_effective_decay,200,200,200,1,0.9900000000000023,0.9989999999999969,0.9972399999999989,0.9989999999999969
a1_ecrs_cross_rx_s392005_20260909_r1,X1_CROSS_RX_CLEAN,train_a1_ema_successful_updates,200,200,200,1,110.5,44269.5,22187.784234234234,44269.5
a1_ecrs_cross_rx_s392005_20260909_r1,X1_CROSS_RX_CLEAN,train_concat_sat_active,200,200,200,1,1.0,1.0,1.0,1.0
a1_ecrs_cross_rx_s392005_20260909_r1,X1_CROSS_RX_CLEAN,train_concat_sat_applied,200,200,200,1,0.23423423423423423,0.8558558558558559,0.6510135135135136,0.8198198198198198
a1_ecrs_cross_rx_s392005_20260909_r1,X1_CROSS_RX_CLEAN,train_concat_sat_clean_batch_size,200,200,200,1,128.0,128.0,128.0,128.0
a1_ecrs_cross_rx_s392005_20260909_r1,X1_CROSS_RX_CLEAN,train_concat_sat_expanded,200,200,0,,0.0,0.0,0.0,0.0
a1_ecrs_cross_rx_s392005_20260909_r1,X1_CROSS_RX_CLEAN,train_concat_sat_stage_index,200,200,160,41,0.0,2.0,1.35,2.0
a1_ecrs_cross_rx_s392005_20260909_r1,X1_CROSS_RX_CLEAN,train_concat_sat_stage_start_epoch,200,200,200,1,1.0,91.0,60.5,91.0
a1_ecrs_cross_rx_s392005_20260909_r1,X1_CROSS_RX_CLEAN,train_concat_sat_total_batch_size,200,200,200,1,128.0,128.0,128.0,128.0
a1_ecrs_cross_rx_s392005_20260909_r1,X1_CROSS_RX_CLEAN,train_concat_sat_view_prob,200,200,200,1,0.29999999999999877,0.8000000000000016,0.65,0.8000000000000016
a1_ecrs_cross_rx_s392005_20260909_r1,X1_CROSS_RX_CLEAN,train_daot_batched_view_count,200,200,180,21,0.0,1.0,0.9,1.0
a1_ecrs_cross_rx_s392005_20260909_r1,X1_CROSS_RX_CLEAN,train_daot_clean_teacher_weight,180,180,180,21,0.499991730929495,0.5000091862302642,0.4999995393930255,0.4999977469712764
a1_ecrs_cross_rx_s392005_20260909_r1,X1_CROSS_RX_CLEAN,train_daot_consensus_rate,180,180,180,21,0.5395903716216216,0.9435177364864865,0.8620560013138138,0.9394003378378378
a1_ecrs_cross_rx_s392005_20260909_r1,X1_CROSS_RX_CLEAN,train_daot_fingerprint_selectivity,180,180,0,,0.0,0.0,0.0,0.0
a1_ecrs_cross_rx_s392005_20260909_r1,X1_CROSS_RX_CLEAN,train_daot_fingerprint_sensitivity,180,180,0,,0.0,0.0,0.0,0.0
a1_ecrs_cross_rx_s392005_20260909_r1,X1_CROSS_RX_CLEAN,train_daot_grad_ratio_fingerprint,4,4,0,,0.0,0.0,0.0,0.0
a1_ecrs_cross_rx_s392005_20260909_r1,X1_CROSS_RX_CLEAN,train_daot_grad_ratio_nuisance,4,4,4,21,8.082297118454239e-09,1.3747643785662135e-08,1.1512537754107307e-08,8.082297118454239e-09
a1_ecrs_cross_rx_s392005_20260909_r1,X1_CROSS_RX_CLEAN,train_daot_grad_ratio_orbit_logit,4,4,4,21,4.499919023778274,19.82332244151494,10.281622447583588,4.499919023778274
a1_ecrs_cross_rx_s392005_20260909_r1,X1_CROSS_RX_CLEAN,train_daot_grad_ratio_orbit_proto,4,4,0,,0.0,0.0,0.0,0.0
a1_ecrs_cross_rx_s392005_20260909_r1,X1_CROSS_RX_CLEAN,train_daot_grad_ratio_orbit_relation,4,4,0,,0.0,0.0,0.0,0.0
a1_ecrs_cross_rx_s392005_20260909_r1,X1_CROSS_RX_CLEAN,train_daot_grad_ratio_orbit_z,4,4,4,21,0.015868804103676595,0.053102253337845656,0.032789529035195955,0.015868804103676595
a1_ecrs_cross_rx_s392005_20260909_r1,X1_CROSS_RX_CLEAN,train_daot_grad_ratio_tangent,4,4,0,,0.0,0.0,0.0,0.0
a1_ecrs_cross_rx_s392005_20260909_r1,X1_CROSS_RX_CLEAN,train_daot_identity_only_used,200,200,180,21,0.0,1.0,0.9,1.0
a1_ecrs_cross_rx_s392005_20260909_r1,X1_CROSS_RX_CLEAN,train_daot_logit_coverage,180,180,180,21,0.44437940855015506,0.9354084859023223,0.8418469336409647,0.9309627674184404
a1_ecrs_cross_rx_s392005_20260909_r1,X1_CROSS_RX_CLEAN,train_daot_logit_coverage_weighting,200,200,0,,0.0,0.0,0.0,0.0
a1_ecrs_cross_rx_s392005_20260909_r1,X1_CROSS_RX_CLEAN,train_daot_logit_weighted_contribution,200,200,180,21,0.0,0.32500830836392736,0.2552469879064105,0.3164880816732441
a1_ecrs_cross_rx_s392005_20260909_r1,X1_CROSS_RX_CLEAN,train_daot_loss_scale_fingerprint,180,180,180,21,1.0,1.0,1.0,1.0
a1_ecrs_cross_rx_s392005_20260909_r1,X1_CROSS_RX_CLEAN,train_daot_loss_scale_nuisance,180,180,180,21,1.0,1.0,1.0,1.0
a1_ecrs_cross_rx_s392005_20260909_r1,X1_CROSS_RX_CLEAN,train_daot_loss_scale_orbit_logit,180,180,180,21,3.282366814820946,9.312849433448722,4.676687115302618,3.3995183950581467
a1_ecrs_cross_rx_s392005_20260909_r1,X1_CROSS_RX_CLEAN,train_daot_loss_scale_orbit_proto,180,180,180,21,1.0,1.0,1.0,1.0
a1_ecrs_cross_rx_s392005_20260909_r1,X1_CROSS_RX_CLEAN,train_daot_loss_scale_orbit_relation,180,180,180,21,1.0,1.0,1.0,1.0
a1_ecrs_cross_rx_s392005_20260909_r1,X1_CROSS_RX_CLEAN,train_daot_loss_scale_orbit_z,180,180,180,21,0.1470775958593691,0.333142222345377,0.1636716083545357,0.14768243745985296
a1_ecrs_cross_rx_s392005_20260909_r1,X1_CROSS_RX_CLEAN,train_daot_loss_scale_tangent,180,180,180,21,1.0,1.0,1.0,1.0
a1_ecrs_cross_rx_s392005_20260909_r1,X1_CROSS_RX_CLEAN,train_daot_mean_metadata_skip_enabled,200,200,200,1,1.0,1.0,1.0,1.0
a1_ecrs_cross_rx_s392005_20260909_r1,X1_CROSS_RX_CLEAN,train_daot_nuisance_sensitivity,180,180,0,,0.0,0.0,0.0,0.0
a1_ecrs_cross_rx_s392005_20260909_r1,X1_CROSS_RX_CLEAN,train_daot_nuisance_sensitivity_agc,4,4,4,21,10.76579475402832,12.425113677978516,11.30618166923523,10.76579475402832
a1_ecrs_cross_rx_s392005_20260909_r1,X1_CROSS_RX_CLEAN,train_daot_nuisance_sensitivity_doppler,4,4,4,21,11.128885269165039,12.949572563171387,11.692628145217896,11.128885269165039
a1_ecrs_cross_rx_s392005_20260909_r1,X1_CROSS_RX_CLEAN,train_daot_nuisance_sensitivity_doppler_rate,4,4,4,21,10.838783264160156,12.514606475830078,11.396419525146484,10.838783264160156
a1_ecrs_cross_rx_s392005_20260909_r1,X1_CROSS_RX_CLEAN,train_daot_nuisance_sensitivity_multipath,4,4,4,21,10.768497467041016,12.39997386932373,11.30318808555603,10.768497467041016
a1_ecrs_cross_rx_s392005_20260909_r1,X1_CROSS_RX_CLEAN,train_daot_nuisance_sensitivity_phase_noise,4,4,4,21,10.775981903076172,12.404239654541016,11.294734954833984,10.775981903076172
a1_ecrs_cross_rx_s392005_20260909_r1,X1_CROSS_RX_CLEAN,train_daot_nuisance_sensitivity_sfo,4,4,4,21,10.777458190917969,12.413040161132812,11.312360286712646,10.777458190917969
a1_ecrs_cross_rx_s392005_20260909_r1,X1_CROSS_RX_CLEAN,train_daot_nuisance_sensitivity_snr,4,4,4,21,10.77367115020752,12.408857345581055,11.304641485214233,10.77367115020752
a1_ecrs_cross_rx_s392005_20260909_r1,X1_CROSS_RX_CLEAN,train_daot_nuisance_sensitivity_sto,4,4,4,21,10.779634475708008,12.443086624145508,11.301600217819214,10.779634475708008
a1_ecrs_cross_rx_s392005_20260909_r1,X1_CROSS_RX_CLEAN,train_daot_objective_computed,200,200,180,21,0.0,1.0,0.9,1.0
a1_ecrs_cross_rx_s392005_20260909_r1,X1_CROSS_RX_CLEAN,train_daot_orbit_dispersion,180,180,180,21,0.00977718917892088,0.15705441069361326,0.02378327870237836,0.01005003115409767
a1_ecrs_cross_rx_s392005_20260909_r1,X1_CROSS_RX_CLEAN,train_daot_orbit_scale,200,200,180,21,0.0,1.0,0.8025,1.0
a1_ecrs_cross_rx_s392005_20260909_r1,X1_CROSS_RX_CLEAN,train_daot_proto_input_available,200,200,0,,0.0,0.0,0.0,0.0
a1_ecrs_cross_rx_s392005_20260909_r1,X1_CROSS_RX_CLEAN,train_daot_scale_batched_enabled,200,200,200,1,1.0,1.0,1.0,1.0
a1_ecrs_cross_rx_s392005_20260909_r1,X1_CROSS_RX_CLEAN,train_daot_tangent_scale,200,200,140,61,0.0,1.0,0.5025,1.0
a1_ecrs_cross_rx_s392005_20260909_r1,X1_CROSS_RX_CLEAN,train_daot_teacher_effective_views,180,180,180,21,1.9999841763092592,1.9999999962411485,1.999998899992999,1.9999989136919245
a1_ecrs_cross_rx_s392005_20260909_r1,X1_CROSS_RX_CLEAN,train_daot_teacher_labeled_accuracy,180,180,180,21,0.8659557995495496,0.9874718468468469,0.9644251673548548,0.9834600225225225
a1_ecrs_cross_rx_s392005_20260909_r1,X1_CROSS_RX_CLEAN,train_daot_teacher_labeled_confidence,180,180,180,21,0.9168560278039795,0.9977212784526585,0.9890205961597098,0.9970332985525733
a1_ecrs_cross_rx_s392005_20260909_r1,X1_CROSS_RX_CLEAN,train_daot_teacher_view_count,200,200,180,21,0.0,2.0,1.8,2.0
a1_ecrs_cross_rx_s392005_20260909_r1,X1_CROSS_RX_CLEAN,train_daot_u_consensus_rate,180,180,180,21,0.5514192366385245,0.9574490063362293,0.8806408126925206,0.95679228853535
a1_ecrs_cross_rx_s392005_20260909_r1,X1_CROSS_RX_CLEAN,train_daot_u_logit_coverage,180,180,180,21,0.48119433358445896,0.9513844718804231,0.8657850546730651,0.9506931962730648
a1_ecrs_cross_rx_s392005_20260909_r1,X1_CROSS_RX_CLEAN,train_daot_u_logit_weighted_contribution,200,200,180,21,0.0,0.0885149032917914,0.06198486373073113,0.08007882172996933
a1_ecrs_cross_rx_s392005_20260909_r1,X1_CROSS_RX_CLEAN,train_daot_u_orbit_dispersion,180,180,180,21,0.007277142539670742,0.17600995134394448,0.022750464558047388,0.007416550743368429
a1_ecrs_cross_rx_s392005_20260909_r1,X1_CROSS_RX_CLEAN,train_daot_u_orbit_scale,200,200,180,21,0.0,1.0,0.8025,1.0
a1_ecrs_cross_rx_s392005_20260909_r1,X1_CROSS_RX_CLEAN,train_daot_worst_bucket_elevation,4,4,4,21,0.21875,0.8125,0.578125,0.8125
a1_ecrs_cross_rx_s392005_20260909_r1,X1_CROSS_RX_CLEAN,train_daot_worst_bucket_snr,4,4,4,21,0.25,0.84375,0.59375,0.84375
a1_ecrs_cross_rx_s392005_20260909_r1,X1_CROSS_RX_CLEAN,train_dm_accept_local_component_class_coverage,200,200,0,,0.0,0.0,0.0,0.0
a1_ecrs_cross_rx_s392005_20260909_r1,X1_CROSS_RX_CLEAN,train_ecrs_cross_rx_clean_count,200,200,200,1,128.0,128.0,128.0,128.0
a1_ecrs_cross_rx_s392005_20260909_r1,X1_CROSS_RX_CLEAN,train_ecrs_cross_rx_configured,200,200,200,1,1.0,1.0,1.0,1.0
a1_ecrs_cross_rx_s392005_20260909_r1,X1_CROSS_RX_CLEAN,train_ecrs_cross_rx_executed,200,200,200,1,1.0,1.0,1.0,1.0
a1_ecrs_cross_rx_s392005_20260909_r1,X1_CROSS_RX_CLEAN,train_ecrs_cross_rx_identity_grad_norm,200,200,200,1,8.965101187641267e-06,0.0023164807353168726,0.0004479258391029362,0.00017391159781254828
a1_ecrs_cross_rx_s392005_20260909_r1,X1_CROSS_RX_CLEAN,train_ecrs_cross_rx_leo_count,200,200,0,,0.0,0.0,0.0,0.0
a1_ecrs_cross_rx_s392005_20260909_r1,X1_CROSS_RX_CLEAN,train_ecrs_cross_rx_raw_loss,200,200,200,1,0.007602678612947948,0.20140294220533456,0.022413570228330994,0.010202838430724025
a1_ecrs_cross_rx_s392005_20260909_r1,X1_CROSS_RX_CLEAN,train_ecrs_cross_rx_successful_steps,200,200,200,1,110.5,44269.5,22187.784234234234,44269.5
a1_ecrs_cross_rx_s392005_20260909_r1,X1_CROSS_RX_CLEAN,train_ecrs_cross_rx_valid_anchors,200,200,200,1,127.82882882882883,127.98198198198199,127.91637387387387,127.93693693693693
a1_ecrs_cross_rx_s392005_20260909_r1,X1_CROSS_RX_CLEAN,train_ecrs_cross_rx_weighted_loss,200,200,200,1,0.0003801339359755205,0.010070147278072598,0.001120678531150159,0.0005101419306014463
a1_ecrs_cross_rx_s392005_20260909_r1,X1_CROSS_RX_CLEAN,train_loss_cons_labeled,200,200,184,17,0.0,0.32304808470579954,0.19072590321033925,0.19695660015484234
a1_ecrs_cross_rx_s392005_20260909_r1,X1_CROSS_RX_CLEAN,train_loss_daot_fingerprint,200,200,0,,0.0,0.0,0.0,0.0
a1_ecrs_cross_rx_s392005_20260909_r1,X1_CROSS_RX_CLEAN,train_loss_daot_nuisance,200,200,180,21,0.0,0.5999935497571757,0.5245240976245286,0.5839064789784921
a1_ecrs_cross_rx_s392005_20260909_r1,X1_CROSS_RX_CLEAN,train_loss_daot_orbit_logit,200,200,180,21,0.0,14.2459857227566,6.698632583526878,5.399413752126264
a1_ecrs_cross_rx_s392005_20260909_r1,X1_CROSS_RX_CLEAN,train_loss_daot_orbit_proto,200,200,0,,0.0,0.0,0.0,0.0
a1_ecrs_cross_rx_s392005_20260909_r1,X1_CROSS_RX_CLEAN,train_loss_daot_orbit_relation,200,200,0,,0.0,0.0,0.0,0.0
a1_ecrs_cross_rx_s392005_20260909_r1,X1_CROSS_RX_CLEAN,train_loss_daot_orbit_z,200,200,180,21,0.0,0.33186505150956075,0.15016122271751497,0.15121428950412855
a1_ecrs_cross_rx_s392005_20260909_r1,X1_CROSS_RX_CLEAN,train_loss_daot_tangent,200,200,0,,0.0,0.0,0.0,0.0
a1_ecrs_cross_rx_s392005_20260909_r1,X1_CROSS_RX_CLEAN,train_loss_daot_total,200,200,180,21,0.0,0.8392575751016805,0.6658441139065644,0.8283519266961931
a1_ecrs_cross_rx_s392005_20260909_r1,X1_CROSS_RX_CLEAN,train_loss_daot_unlabeled,200,200,180,21,0.0,0.5757336188275535,0.453736321292482,0.5686336198637078
a1_ecrs_cross_rx_s392005_20260909_r1,X1_CROSS_RX_CLEAN,train_loss_group_ce_labeled,200,200,200,1,1.2669302253304302,12.865758526432622,2.580363155117275,1.573079923117483
a1_ecrs_cross_rx_s392005_20260909_r1,X1_CROSS_RX_CLEAN,train_loss_sat_cls_labeled,200,200,121,80,0.0,3.633609988483357,1.6327759051451098,2.4906154992876925
a1_ecrs_cross_rx_s392005_20260909_r1,X1_CROSS_RX_CLEAN,train_loss_sat_cons_labeled,200,200,0,,0.0,0.0,0.0,0.0
a1_ecrs_cross_rx_s392005_20260909_r1,X1_CROSS_RX_CLEAN,train_os_gradient_nonfinite_bundle,200,200,0,,0.0,0.0,0.0,0.0
a1_ecrs_cross_rx_s392005_20260909_r1,X1_CROSS_RX_CLEAN,train_rc4_effective_weighted_coverage,200,200,180,21,0.0,0.15000000468513988,0.13500000338900733,0.1500000040139164
a1_ecrs_cross_rx_s392005_20260909_r1,X1_CROSS_RX_CLEAN,train_rc4_hard_effective_coverage,200,200,180,21,0.0,0.15000000475226222,0.09933813454781147,0.06443749717226974
a1_ecrs_cross_rx_s392005_20260909_r1,X1_CROSS_RX_CLEAN,train_rc4_negative_effective_coverage,200,200,0,,0.0,0.0,0.0,0.0
a1_ecrs_cross_rx_s392005_20260909_r1,X1_CROSS_RX_CLEAN,train_rc4_partial_effective_coverage,200,200,145,21,0.0,0.1488094470119691,0.0356618674916071,0.08556250257937757
a1_ecrs_cross_rx_s392005_20260909_r1,X1_CROSS_RX_CLEAN,train_sat_anchor_class_coverage,200,200,180,21,0.0,5.63063063063063,3.180427927927928,2.981981981981982
a1_ecrs_cross_rx_s392005_20260909_r1,X1_CROSS_RX_CLEAN,train_sat_anchor_receiver_coverage,200,200,180,21,0.0,5.0,3.9956981981981983,4.5
a1_ecrs_cross_rx_s392005_20260909_r1,X1_CROSS_RX_CLEAN,train_skipped_nonfinite_grad,200,200,19,1,0.0,0.009009009009009009,0.0004504504504504504,0.0
a1_ecrs_cross_rx_s392005_20260909_r1,X1_CROSS_RX_CLEAN,train_skipped_nonfinite_loss,200,200,0,,0.0,0.0,0.0,0.0
a1_ecrs_cross_rx_s392005_20260909_r1,X1_CROSS_RX_CLEAN,train_source_episode_local_component_coverage,181,181,181,20,1.0,1.0,1.0,1.0
a1_ecrs_cross_rx_s392005_20260909_r1,X1_CROSS_RX_CLEAN,train_tail_rollback_cooldown_remaining,200,200,0,,0.0,0.0,0.0,0.0
a1_ecrs_cross_rx_s392005_20260909_r1,X1_CROSS_RX_CLEAN,train_w_loss_cons_labeled,200,200,184,17,0.0,0.016193424259220157,0.012134724651371036,0.015756349305848818
a1_ecrs_cross_rx_s392005_20260909_r1,X1_CROSS_RX_CLEAN,train_w_loss_group_ce_labeled,200,200,200,1,0.20270883250847324,1.0292606509483613,0.34451452819764744,0.25169278235753645
a1_ecrs_cross_rx_s392005_20260909_r1,X1_CROSS_RX_CLEAN,train_w_loss_sat_cls_labeled,200,200,121,80,0.0,2.47085481500337,1.110287626994035,1.693618557139023
a1_ecrs_cross_rx_s392005_20260909_r1,X1_CROSS_RX_CLEAN,train_w_loss_sat_cons_labeled,200,200,0,,0.0,0.0,0.0,0.0
a1_ecrs_cross_rx_s392005_20260909_r1,X1_CROSS_RX_CLEAN,val_tx_acc,200,200,200,1,39.32222222222222,98.53703703703704,97.63307407407406,98.46296296296296
a1_ecrs_cross_rx_s392005_20260909_r1,X2_CROSS_RX_VIEWS,concat_sat_ce_weight,200,200,200,1,1.0,1.0,1.0,1.0
a1_ecrs_cross_rx_s392005_20260909_r1,X2_CROSS_RX_VIEWS,concat_sat_start_epoch,200,200,200,1,1.0,1.0,1.0,1.0
a1_ecrs_cross_rx_s392005_20260909_r1,X2_CROSS_RX_VIEWS,group_ce_top_frac,200,200,200,1,0.35,0.35,0.35,0.35
a1_ecrs_cross_rx_s392005_20260909_r1,X2_CROSS_RX_VIEWS,joint_guard_paic_cooldown_remaining,200,200,0,,0.0,0.0,0.0,0.0
a1_ecrs_cross_rx_s392005_20260909_r1,X2_CROSS_RX_VIEWS,lambda_cons,200,200,200,1,0.08,0.08,0.08,0.08
a1_ecrs_cross_rx_s392005_20260909_r1,X2_CROSS_RX_VIEWS,lambda_group_ce,200,200,200,1,0.16,0.16,0.16,0.16
a1_ecrs_cross_rx_s392005_20260909_r1,X2_CROSS_RX_VIEWS,loss_weight_group_ce,200,200,200,1,0.08,0.16,0.14577885253594247,0.16
a1_ecrs_cross_rx_s392005_20260909_r1,X2_CROSS_RX_VIEWS,lr,200,200,200,1,1.0000000000000002e-06,0.0002,8.875000000000002e-05,1.0000000000000002e-06
a1_ecrs_cross_rx_s392005_20260909_r1,X2_CROSS_RX_VIEWS,nonfinite_test_metric_count,200,200,200,1,1.0,1.0,1.0,1.0
a1_ecrs_cross_rx_s392005_20260909_r1,X2_CROSS_RX_VIEWS,nonfinite_train_metric_count,200,200,200,1,4.0,4.0,4.0,4.0
a1_ecrs_cross_rx_s392005_20260909_r1,X2_CROSS_RX_VIEWS,nonfinite_val_metric_count,200,200,200,1,1.0,1.0,1.0,1.0
a1_ecrs_cross_rx_s392005_20260909_r1,X2_CROSS_RX_VIEWS,phase2_audit_imports_balanced_tx_rx_sampler,200,200,200,1,1.0,1.0,1.0,1.0
a1_ecrs_cross_rx_s392005_20260909_r1,X2_CROSS_RX_VIEWS,stage_group_ce_scale,200,200,200,1,0.5,1.0,0.9111178283496403,1.0
a1_ecrs_cross_rx_s392005_20260909_r1,X2_CROSS_RX_VIEWS,stage_source_val_sat_floor_tx,200,200,200,1,31.366666666666667,92.95925925925926,80.49116666666667,92.92592592592592
a1_ecrs_cross_rx_s392005_20260909_r1,X2_CROSS_RX_VIEWS,stage_source_val_sat_mean_tx,200,200,200,1,31.864197530864192,93.68888888888888,81.4824938271605,93.63456790123456
a1_ecrs_cross_rx_s392005_20260909_r1,X2_CROSS_RX_VIEWS,stage_tail_rollback_cooldown_remaining,200,200,0,,0.0,0.0,0.0,0.0
a1_ecrs_cross_rx_s392005_20260909_r1,X2_CROSS_RX_VIEWS,train_a1_ema_effective_decay,200,200,200,1,0.9900000000000023,0.9989999999999969,0.9972399999999989,0.9989999999999969
a1_ecrs_cross_rx_s392005_20260909_r1,X2_CROSS_RX_VIEWS,train_a1_ema_successful_updates,200,200,200,1,110.5,44268.5,22188.745495495492,44268.5
a1_ecrs_cross_rx_s392005_20260909_r1,X2_CROSS_RX_VIEWS,train_concat_sat_active,200,200,200,1,1.0,1.0,1.0,1.0
a1_ecrs_cross_rx_s392005_20260909_r1,X2_CROSS_RX_VIEWS,train_concat_sat_applied,200,200,200,1,0.23423423423423423,0.8558558558558559,0.6510135135135136,0.8198198198198198
a1_ecrs_cross_rx_s392005_20260909_r1,X2_CROSS_RX_VIEWS,train_concat_sat_clean_batch_size,200,200,200,1,128.0,128.0,128.0,128.0
a1_ecrs_cross_rx_s392005_20260909_r1,X2_CROSS_RX_VIEWS,train_concat_sat_expanded,200,200,0,,0.0,0.0,0.0,0.0
a1_ecrs_cross_rx_s392005_20260909_r1,X2_CROSS_RX_VIEWS,train_concat_sat_stage_index,200,200,160,41,0.0,2.0,1.35,2.0
a1_ecrs_cross_rx_s392005_20260909_r1,X2_CROSS_RX_VIEWS,train_concat_sat_stage_start_epoch,200,200,200,1,1.0,91.0,60.5,91.0
a1_ecrs_cross_rx_s392005_20260909_r1,X2_CROSS_RX_VIEWS,train_concat_sat_total_batch_size,200,200,200,1,128.0,128.0,128.0,128.0
a1_ecrs_cross_rx_s392005_20260909_r1,X2_CROSS_RX_VIEWS,train_concat_sat_view_prob,200,200,200,1,0.29999999999999877,0.8000000000000016,0.65,0.8000000000000016
a1_ecrs_cross_rx_s392005_20260909_r1,X2_CROSS_RX_VIEWS,train_daot_batched_view_count,200,200,180,21,0.0,1.0,0.9,1.0
a1_ecrs_cross_rx_s392005_20260909_r1,X2_CROSS_RX_VIEWS,train_daot_clean_teacher_weight,180,180,180,21,0.49999313217562597,0.5000072991525805,0.4999995664433316,0.5000011377237938
a1_ecrs_cross_rx_s392005_20260909_r1,X2_CROSS_RX_VIEWS,train_daot_consensus_rate,180,180,180,21,0.5425464527027027,0.9439400337837838,0.8611541228728729,0.9397522522522522
a1_ecrs_cross_rx_s392005_20260909_r1,X2_CROSS_RX_VIEWS,train_daot_fingerprint_selectivity,180,180,0,,0.0,0.0,0.0,0.0
a1_ecrs_cross_rx_s392005_20260909_r1,X2_CROSS_RX_VIEWS,train_daot_fingerprint_sensitivity,180,180,0,,0.0,0.0,0.0,0.0
a1_ecrs_cross_rx_s392005_20260909_r1,X2_CROSS_RX_VIEWS,train_daot_grad_ratio_fingerprint,4,4,0,,0.0,0.0,0.0,0.0
a1_ecrs_cross_rx_s392005_20260909_r1,X2_CROSS_RX_VIEWS,train_daot_grad_ratio_nuisance,4,4,4,21,6.879049085428149e-09,1.6396785631229396e-08,1.1835776461602087e-08,1.275240396790899e-08
a1_ecrs_cross_rx_s392005_20260909_r1,X2_CROSS_RX_VIEWS,train_daot_grad_ratio_orbit_logit,4,4,4,21,3.5943834942374724,14.953099973719274,9.757820011508501,3.5943834942374724
a1_ecrs_cross_rx_s392005_20260909_r1,X2_CROSS_RX_VIEWS,train_daot_grad_ratio_orbit_proto,4,4,0,,0.0,0.0,0.0,0.0
a1_ecrs_cross_rx_s392005_20260909_r1,X2_CROSS_RX_VIEWS,train_daot_grad_ratio_orbit_relation,4,4,0,,0.0,0.0,0.0,0.0
a1_ecrs_cross_rx_s392005_20260909_r1,X2_CROSS_RX_VIEWS,train_daot_grad_ratio_orbit_z,4,4,4,21,0.013251435563713594,0.04733567695300649,0.03346624259765764,0.013251435563713594
a1_ecrs_cross_rx_s392005_20260909_r1,X2_CROSS_RX_VIEWS,train_daot_grad_ratio_tangent,4,4,0,,0.0,0.0,0.0,0.0
a1_ecrs_cross_rx_s392005_20260909_r1,X2_CROSS_RX_VIEWS,train_daot_identity_only_used,200,200,180,21,0.0,1.0,0.9,1.0
a1_ecrs_cross_rx_s392005_20260909_r1,X2_CROSS_RX_VIEWS,train_daot_logit_coverage,180,180,180,21,0.4410047151886665,0.9357492972064663,0.8402233966698011,0.9312338727014559
a1_ecrs_cross_rx_s392005_20260909_r1,X2_CROSS_RX_VIEWS,train_daot_logit_coverage_weighting,200,200,0,,0.0,0.0,0.0,0.0
a1_ecrs_cross_rx_s392005_20260909_r1,X2_CROSS_RX_VIEWS,train_daot_logit_weighted_contribution,200,200,180,21,0.0,0.3253558571408461,0.25550401715635684,0.3170154055765083
a1_ecrs_cross_rx_s392005_20260909_r1,X2_CROSS_RX_VIEWS,train_daot_loss_scale_fingerprint,180,180,180,21,1.0,1.0,1.0,1.0
a1_ecrs_cross_rx_s392005_20260909_r1,X2_CROSS_RX_VIEWS,train_daot_loss_scale_nuisance,180,180,180,21,1.0,1.0,1.0,1.0
a1_ecrs_cross_rx_s392005_20260909_r1,X2_CROSS_RX_VIEWS,train_daot_loss_scale_orbit_logit,180,180,180,21,3.317765540141627,9.177692723671333,4.666164103368433,3.360621164033751
a1_ecrs_cross_rx_s392005_20260909_r1,X2_CROSS_RX_VIEWS,train_daot_loss_scale_orbit_proto,180,180,180,21,1.0,1.0,1.0,1.0
a1_ecrs_cross_rx_s392005_20260909_r1,X2_CROSS_RX_VIEWS,train_daot_loss_scale_orbit_relation,180,180,180,21,1.0,1.0,1.0,1.0
a1_ecrs_cross_rx_s392005_20260909_r1,X2_CROSS_RX_VIEWS,train_daot_loss_scale_orbit_z,180,180,180,21,0.14626856898843646,0.3295542467320433,0.16275418872032976,0.1467320006721499
a1_ecrs_cross_rx_s392005_20260909_r1,X2_CROSS_RX_VIEWS,train_daot_loss_scale_tangent,180,180,180,21,1.0,1.0,1.0,1.0
a1_ecrs_cross_rx_s392005_20260909_r1,X2_CROSS_RX_VIEWS,train_daot_mean_metadata_skip_enabled,200,200,200,1,1.0,1.0,1.0,1.0
a1_ecrs_cross_rx_s392005_20260909_r1,X2_CROSS_RX_VIEWS,train_daot_nuisance_sensitivity,180,180,0,,0.0,0.0,0.0,0.0
a1_ecrs_cross_rx_s392005_20260909_r1,X2_CROSS_RX_VIEWS,train_daot_nuisance_sensitivity_agc,4,4,4,21,10.56466293334961,12.778797149658203,11.370361328125,10.56466293334961
a1_ecrs_cross_rx_s392005_20260909_r1,X2_CROSS_RX_VIEWS,train_daot_nuisance_sensitivity_doppler,4,4,4,21,10.814629554748535,13.225685119628906,11.692948818206787,10.814629554748535
a1_ecrs_cross_rx_s392005_20260909_r1,X2_CROSS_RX_VIEWS,train_daot_nuisance_sensitivity_doppler_rate,4,4,4,21,10.63389778137207,12.80727767944336,11.451492309570312,10.63389778137207
a1_ecrs_cross_rx_s392005_20260909_r1,X2_CROSS_RX_VIEWS,train_daot_nuisance_sensitivity_multipath,4,4,4,21,10.565126419067383,12.74626636505127,11.358662366867065,10.565126419067383
a1_ecrs_cross_rx_s392005_20260909_r1,X2_CROSS_RX_VIEWS,train_daot_nuisance_sensitivity_phase_noise,4,4,4,21,10.581771850585938,12.776798248291016,11.366403341293335,10.581771850585938
a1_ecrs_cross_rx_s392005_20260909_r1,X2_CROSS_RX_VIEWS,train_daot_nuisance_sensitivity_sfo,4,4,4,21,10.568613052368164,12.757965087890625,11.366257190704346,10.568613052368164
a1_ecrs_cross_rx_s392005_20260909_r1,X2_CROSS_RX_VIEWS,train_daot_nuisance_sensitivity_snr,4,4,4,21,10.55705738067627,12.786469459533691,11.370554447174072,10.55705738067627
a1_ecrs_cross_rx_s392005_20260909_r1,X2_CROSS_RX_VIEWS,train_daot_nuisance_sensitivity_sto,4,4,4,21,10.5887451171875,12.768949508666992,11.352513790130615,10.5887451171875
a1_ecrs_cross_rx_s392005_20260909_r1,X2_CROSS_RX_VIEWS,train_daot_objective_computed,200,200,180,21,0.0,1.0,0.9,1.0
a1_ecrs_cross_rx_s392005_20260909_r1,X2_CROSS_RX_VIEWS,train_daot_orbit_dispersion,180,180,180,21,0.009434949955902994,0.1538096876596814,0.02321599133101663,0.009851743028759284
a1_ecrs_cross_rx_s392005_20260909_r1,X2_CROSS_RX_VIEWS,train_daot_orbit_scale,200,200,180,21,0.0,1.0,0.8025,1.0
a1_ecrs_cross_rx_s392005_20260909_r1,X2_CROSS_RX_VIEWS,train_daot_proto_input_available,200,200,0,,0.0,0.0,0.0,0.0
a1_ecrs_cross_rx_s392005_20260909_r1,X2_CROSS_RX_VIEWS,train_daot_scale_batched_enabled,200,200,200,1,1.0,1.0,1.0,1.0
a1_ecrs_cross_rx_s392005_20260909_r1,X2_CROSS_RX_VIEWS,train_daot_tangent_scale,200,200,140,61,0.0,1.0,0.5025,1.0
a1_ecrs_cross_rx_s392005_20260909_r1,X2_CROSS_RX_VIEWS,train_daot_teacher_effective_views,180,180,180,21,1.9999979686092686,1.9999999983890637,1.9999989235126696,1.9999990447147473
a1_ecrs_cross_rx_s392005_20260909_r1,X2_CROSS_RX_VIEWS,train_daot_teacher_labeled_accuracy,180,180,180,21,0.8672578828828829,0.9873662725225225,0.9645759040290289,0.9841638513513513
a1_ecrs_cross_rx_s392005_20260909_r1,X2_CROSS_RX_VIEWS,train_daot_teacher_labeled_confidence,180,180,180,21,0.9138812708693582,0.9976376308514191,0.9887229992373212,0.9971479590948638
a1_ecrs_cross_rx_s392005_20260909_r1,X2_CROSS_RX_VIEWS,train_daot_teacher_view_count,200,200,180,21,0.0,2.0,1.8,2.0
a1_ecrs_cross_rx_s392005_20260909_r1,X2_CROSS_RX_VIEWS,train_daot_u_consensus_rate,180,180,180,21,0.5443622174563708,0.9585927281830762,0.8791198140015832,0.9575347145935437
a1_ecrs_cross_rx_s392005_20260909_r1,X2_CROSS_RX_VIEWS,train_daot_u_logit_coverage,180,180,180,21,0.4754668754768801,0.9525676796565185,0.8641212249922382,0.9515115369010616
a1_ecrs_cross_rx_s392005_20260909_r1,X2_CROSS_RX_VIEWS,train_daot_u_logit_weighted_contribution,200,200,180,21,0.0,0.08731697439341932,0.061704187638856274,0.07908119279723447
a1_ecrs_cross_rx_s392005_20260909_r1,X2_CROSS_RX_VIEWS,train_daot_u_orbit_dispersion,180,180,180,21,0.007083654867250238,0.17310622475437215,0.022139297127559385,0.007195986968859493
a1_ecrs_cross_rx_s392005_20260909_r1,X2_CROSS_RX_VIEWS,train_daot_u_orbit_scale,200,200,180,21,0.0,1.0,0.8025,1.0
a1_ecrs_cross_rx_s392005_20260909_r1,X2_CROSS_RX_VIEWS,train_daot_worst_bucket_elevation,4,4,4,21,0.25,0.8125,0.6015625,0.78125
a1_ecrs_cross_rx_s392005_20260909_r1,X2_CROSS_RX_VIEWS,train_daot_worst_bucket_snr,4,4,4,21,0.25,0.8125,0.59375,0.8125
a1_ecrs_cross_rx_s392005_20260909_r1,X2_CROSS_RX_VIEWS,train_dm_accept_local_component_class_coverage,200,200,0,,0.0,0.0,0.0,0.0
a1_ecrs_cross_rx_s392005_20260909_r1,X2_CROSS_RX_VIEWS,train_ecrs_cross_rx_clean_count,200,200,200,1,128.0,128.0,128.0,128.0
a1_ecrs_cross_rx_s392005_20260909_r1,X2_CROSS_RX_VIEWS,train_ecrs_cross_rx_configured,200,200,200,1,1.0,1.0,1.0,1.0
a1_ecrs_cross_rx_s392005_20260909_r1,X2_CROSS_RX_VIEWS,train_ecrs_cross_rx_executed,200,200,200,1,1.0,1.0,1.0,1.0
a1_ecrs_cross_rx_s392005_20260909_r1,X2_CROSS_RX_VIEWS,train_ecrs_cross_rx_identity_grad_norm,200,200,200,1,2.0684443370555528e-05,0.0025166913401335478,0.00034531937894826114,7.524469401687384e-05
a1_ecrs_cross_rx_s392005_20260909_r1,X2_CROSS_RX_VIEWS,train_ecrs_cross_rx_leo_count,200,200,121,80,0.0,109.54954954954955,60.667387387387386,104.93693693693693
a1_ecrs_cross_rx_s392005_20260909_r1,X2_CROSS_RX_VIEWS,train_ecrs_cross_rx_raw_loss,200,200,200,1,0.017294823264426273,0.2014006402444195,0.03033268414296377,0.021184544051081774
a1_ecrs_cross_rx_s392005_20260909_r1,X2_CROSS_RX_VIEWS,train_ecrs_cross_rx_successful_steps,200,200,200,1,110.5,44268.5,22188.745495495492,44268.5
a1_ecrs_cross_rx_s392005_20260909_r1,X2_CROSS_RX_VIEWS,train_ecrs_cross_rx_valid_anchors,200,200,200,1,127.84234234234235,237.38288288288288,188.54306306306304,232.82432432432432
a1_ecrs_cross_rx_s392005_20260909_r1,X2_CROSS_RX_VIEWS,train_ecrs_cross_rx_weighted_loss,200,200,200,1,0.0008647411765802341,0.010070032180026845,0.0015166342337433665,0.0010592272236215911
a1_ecrs_cross_rx_s392005_20260909_r1,X2_CROSS_RX_VIEWS,train_loss_cons_labeled,200,200,184,17,0.0,0.3207078538499437,0.19037684535121058,0.19628136437218469
a1_ecrs_cross_rx_s392005_20260909_r1,X2_CROSS_RX_VIEWS,train_loss_daot_fingerprint,200,200,0,,0.0,0.0,0.0,0.0
a1_ecrs_cross_rx_s392005_20260909_r1,X2_CROSS_RX_VIEWS,train_loss_daot_nuisance,200,200,180,21,0.0,0.651758205246281,0.5579830460666536,0.614572207669954
a1_ecrs_cross_rx_s392005_20260909_r1,X2_CROSS_RX_VIEWS,train_loss_daot_orbit_logit,200,200,180,21,0.0,14.28346781472902,6.693113603629508,5.347253031558819
a1_ecrs_cross_rx_s392005_20260909_r1,X2_CROSS_RX_VIEWS,train_loss_daot_orbit_proto,200,200,0,,0.0,0.0,0.0,0.0
a1_ecrs_cross_rx_s392005_20260909_r1,X2_CROSS_RX_VIEWS,train_loss_daot_orbit_relation,200,200,0,,0.0,0.0,0.0,0.0
a1_ecrs_cross_rx_s392005_20260909_r1,X2_CROSS_RX_VIEWS,train_loss_daot_orbit_z,200,200,180,21,0.0,0.32867014978651526,0.14930256925959576,0.15000767616538313
a1_ecrs_cross_rx_s392005_20260909_r1,X2_CROSS_RX_VIEWS,train_loss_daot_tangent,200,200,0,,0.0,0.0,0.0,0.0
a1_ecrs_cross_rx_s392005_20260909_r1,X2_CROSS_RX_VIEWS,train_loss_daot_total,200,200,180,21,0.0,0.8392343201615788,0.6659864956295739,0.8280899248144649
a1_ecrs_cross_rx_s392005_20260909_r1,X2_CROSS_RX_VIEWS,train_loss_daot_unlabeled,200,200,180,21,0.0,0.5755869262927288,0.4535717686442952,0.5679835697283616
a1_ecrs_cross_rx_s392005_20260909_r1,X2_CROSS_RX_VIEWS,train_loss_group_ce_labeled,200,200,200,1,1.2645640290669493,12.86595783147726,2.5760076464160537,1.6086822205835634
a1_ecrs_cross_rx_s392005_20260909_r1,X2_CROSS_RX_VIEWS,train_loss_sat_cls_labeled,200,200,121,80,0.0,3.6446691960230604,1.6315448747080519,2.453191073510695
a1_ecrs_cross_rx_s392005_20260909_r1,X2_CROSS_RX_VIEWS,train_loss_sat_cons_labeled,200,200,0,,0.0,0.0,0.0,0.0
a1_ecrs_cross_rx_s392005_20260909_r1,X2_CROSS_RX_VIEWS,train_os_gradient_nonfinite_bundle,200,200,0,,0.0,0.0,0.0,0.0
a1_ecrs_cross_rx_s392005_20260909_r1,X2_CROSS_RX_VIEWS,train_rc4_effective_weighted_coverage,200,200,180,21,0.0,0.15000000488650692,0.13500000343565738,0.15000000347693762
a1_ecrs_cross_rx_s392005_20260909_r1,X2_CROSS_RX_VIEWS,train_rc4_hard_effective_coverage,200,200,180,21,0.0,0.15000000455089518,0.10426028489636525,0.09188366228261509
a1_ecrs_cross_rx_s392005_20260909_r1,X2_CROSS_RX_VIEWS,train_rc4_negative_effective_coverage,200,200,0,,0.0,0.0,0.0,0.0
a1_ecrs_cross_rx_s392005_20260909_r1,X2_CROSS_RX_VIEWS,train_rc4_partial_effective_coverage,200,200,164,21,0.0,0.14820354908436267,0.03073971681343347,0.058116337527764274
a1_ecrs_cross_rx_s392005_20260909_r1,X2_CROSS_RX_VIEWS,train_sat_anchor_class_coverage,200,200,180,21,0.0,5.896396396396397,3.025765765765766,2.4054054054054053
a1_ecrs_cross_rx_s392005_20260909_r1,X2_CROSS_RX_VIEWS,train_sat_anchor_receiver_coverage,200,200,180,21,0.0,5.0,4.181711711711712,4.9774774774774775
a1_ecrs_cross_rx_s392005_20260909_r1,X2_CROSS_RX_VIEWS,train_skipped_nonfinite_grad,200,200,17,1,0.0,0.009009009009009009,0.000472972972972973,0.0
a1_ecrs_cross_rx_s392005_20260909_r1,X2_CROSS_RX_VIEWS,train_skipped_nonfinite_loss,200,200,0,,0.0,0.0,0.0,0.0
a1_ecrs_cross_rx_s392005_20260909_r1,X2_CROSS_RX_VIEWS,train_source_episode_local_component_coverage,181,181,181,20,1.0,1.0,1.0,1.0
a1_ecrs_cross_rx_s392005_20260909_r1,X2_CROSS_RX_VIEWS,train_tail_rollback_cooldown_remaining,200,200,0,,0.0,0.0,0.0,0.0
a1_ecrs_cross_rx_s392005_20260909_r1,X2_CROSS_RX_VIEWS,train_w_loss_cons_labeled,200,200,184,17,0.0,0.0161657934790259,0.012107288042704265,0.01570273734427787
a1_ecrs_cross_rx_s392005_20260909_r1,X2_CROSS_RX_VIEWS,train_w_loss_group_ce_labeled,200,200,200,1,0.2023302405854469,1.0292766027085416,0.34405693269152243,0.2573891504004866
a1_ecrs_cross_rx_s392005_20260909_r1,X2_CROSS_RX_VIEWS,train_w_loss_sat_cls_labeled,200,200,121,80,0.0,2.4783750793661685,1.1094505263547827,1.668169947771087
a1_ecrs_cross_rx_s392005_20260909_r1,X2_CROSS_RX_VIEWS,train_w_loss_sat_cons_labeled,200,200,0,,0.0,0.0,0.0,0.0
a1_ecrs_cross_rx_s392005_20260909_r1,X2_CROSS_RX_VIEWS,val_tx_acc,200,200,200,1,39.42962962962963,98.51481481481481,97.65183333333333,98.47407407407407
a1_ecrs_cross_rx_s392005_20260909_r1,X3_WARM_EMA,concat_sat_ce_weight,200,200,200,1,1.0,1.0,1.0,1.0
a1_ecrs_cross_rx_s392005_20260909_r1,X3_WARM_EMA,concat_sat_start_epoch,200,200,200,1,1.0,1.0,1.0,1.0
a1_ecrs_cross_rx_s392005_20260909_r1,X3_WARM_EMA,group_ce_top_frac,200,200,200,1,0.35,0.35,0.35,0.35
a1_ecrs_cross_rx_s392005_20260909_r1,X3_WARM_EMA,joint_guard_paic_cooldown_remaining,200,200,0,,0.0,0.0,0.0,0.0
a1_ecrs_cross_rx_s392005_20260909_r1,X3_WARM_EMA,lambda_cons,200,200,200,1,0.08,0.08,0.08,0.08
a1_ecrs_cross_rx_s392005_20260909_r1,X3_WARM_EMA,lambda_group_ce,200,200,200,1,0.16,0.16,0.16,0.16
a1_ecrs_cross_rx_s392005_20260909_r1,X3_WARM_EMA,loss_weight_group_ce,200,200,200,1,0.08,0.16,0.14577885253594247,0.16
a1_ecrs_cross_rx_s392005_20260909_r1,X3_WARM_EMA,lr,200,200,200,1,1.0000000000000002e-06,0.0002,8.875000000000002e-05,1.0000000000000002e-06
a1_ecrs_cross_rx_s392005_20260909_r1,X3_WARM_EMA,nonfinite_test_metric_count,200,200,200,1,1.0,1.0,1.0,1.0
a1_ecrs_cross_rx_s392005_20260909_r1,X3_WARM_EMA,nonfinite_train_metric_count,200,200,200,1,4.0,4.0,4.0,4.0
a1_ecrs_cross_rx_s392005_20260909_r1,X3_WARM_EMA,nonfinite_val_metric_count,200,200,200,1,1.0,1.0,1.0,1.0
a1_ecrs_cross_rx_s392005_20260909_r1,X3_WARM_EMA,phase2_audit_imports_balanced_tx_rx_sampler,200,200,200,1,1.0,1.0,1.0,1.0
a1_ecrs_cross_rx_s392005_20260909_r1,X3_WARM_EMA,stage_group_ce_scale,200,200,200,1,0.5,1.0,0.9111178283496403,1.0
a1_ecrs_cross_rx_s392005_20260909_r1,X3_WARM_EMA,stage_source_val_sat_floor_tx,200,200,200,1,31.044444444444444,92.61481481481482,80.14527777777778,92.52962962962962
a1_ecrs_cross_rx_s392005_20260909_r1,X3_WARM_EMA,stage_source_val_sat_mean_tx,200,200,200,1,31.68765432098765,93.37407407407409,81.17042592592593,93.33703703703702
a1_ecrs_cross_rx_s392005_20260909_r1,X3_WARM_EMA,stage_tail_rollback_cooldown_remaining,200,200,0,,0.0,0.0,0.0,0.0
a1_ecrs_cross_rx_s392005_20260909_r1,X3_WARM_EMA,train_a1_ema_effective_decay,200,200,200,1,0.9710525904179228,0.9989999999999969,0.9971452629520886,0.9989999999999969
a1_ecrs_cross_rx_s392005_20260909_r1,X3_WARM_EMA,train_a1_ema_successful_updates,200,200,200,1,110.5,44268.5,22188.87957207207,44268.5
a1_ecrs_cross_rx_s392005_20260909_r1,X3_WARM_EMA,train_concat_sat_active,200,200,200,1,1.0,1.0,1.0,1.0
a1_ecrs_cross_rx_s392005_20260909_r1,X3_WARM_EMA,train_concat_sat_applied,200,200,200,1,0.23423423423423423,0.8558558558558559,0.6510135135135136,0.8198198198198198
a1_ecrs_cross_rx_s392005_20260909_r1,X3_WARM_EMA,train_concat_sat_clean_batch_size,200,200,200,1,128.0,128.0,128.0,128.0
a1_ecrs_cross_rx_s392005_20260909_r1,X3_WARM_EMA,train_concat_sat_expanded,200,200,0,,0.0,0.0,0.0,0.0
a1_ecrs_cross_rx_s392005_20260909_r1,X3_WARM_EMA,train_concat_sat_stage_index,200,200,160,41,0.0,2.0,1.35,2.0
a1_ecrs_cross_rx_s392005_20260909_r1,X3_WARM_EMA,train_concat_sat_stage_start_epoch,200,200,200,1,1.0,91.0,60.5,91.0
a1_ecrs_cross_rx_s392005_20260909_r1,X3_WARM_EMA,train_concat_sat_total_batch_size,200,200,200,1,128.0,128.0,128.0,128.0
a1_ecrs_cross_rx_s392005_20260909_r1,X3_WARM_EMA,train_concat_sat_view_prob,200,200,200,1,0.29999999999999877,0.8000000000000016,0.65,0.8000000000000016
a1_ecrs_cross_rx_s392005_20260909_r1,X3_WARM_EMA,train_daot_batched_view_count,200,200,180,21,0.0,1.0,0.9,1.0
a1_ecrs_cross_rx_s392005_20260909_r1,X3_WARM_EMA,train_daot_clean_teacher_weight,180,180,180,21,0.49999518491126393,0.5000089138477772,0.5000000599506979,0.5000017129623138
a1_ecrs_cross_rx_s392005_20260909_r1,X3_WARM_EMA,train_daot_consensus_rate,180,180,180,21,0.5432150900900901,0.9409487612612613,0.8577296046046046,0.9375703828828829
a1_ecrs_cross_rx_s392005_20260909_r1,X3_WARM_EMA,train_daot_fingerprint_selectivity,180,180,0,,0.0,0.0,0.0,0.0
a1_ecrs_cross_rx_s392005_20260909_r1,X3_WARM_EMA,train_daot_fingerprint_sensitivity,180,180,0,,0.0,0.0,0.0,0.0
a1_ecrs_cross_rx_s392005_20260909_r1,X3_WARM_EMA,train_daot_grad_ratio_fingerprint,4,4,0,,0.0,0.0,0.0,0.0
a1_ecrs_cross_rx_s392005_20260909_r1,X3_WARM_EMA,train_daot_grad_ratio_nuisance,4,4,4,21,4.908988190967905e-09,1.5584620259390517e-08,1.0981361640837992e-08,1.5584620259390517e-08
a1_ecrs_cross_rx_s392005_20260909_r1,X3_WARM_EMA,train_daot_grad_ratio_orbit_logit,4,4,4,21,5.880720392593989,8.559497832443823,6.88386106931849,6.827453590773401
a1_ecrs_cross_rx_s392005_20260909_r1,X3_WARM_EMA,train_daot_grad_ratio_orbit_proto,4,4,0,,0.0,0.0,0.0,0.0
a1_ecrs_cross_rx_s392005_20260909_r1,X3_WARM_EMA,train_daot_grad_ratio_orbit_relation,4,4,0,,0.0,0.0,0.0,0.0
a1_ecrs_cross_rx_s392005_20260909_r1,X3_WARM_EMA,train_daot_grad_ratio_orbit_z,4,4,4,21,0.01695301923760571,0.04203289407813515,0.028389896807938443,0.025605643795029387
a1_ecrs_cross_rx_s392005_20260909_r1,X3_WARM_EMA,train_daot_grad_ratio_tangent,4,4,0,,0.0,0.0,0.0,0.0
a1_ecrs_cross_rx_s392005_20260909_r1,X3_WARM_EMA,train_daot_identity_only_used,200,200,180,21,0.0,1.0,0.9,1.0
a1_ecrs_cross_rx_s392005_20260909_r1,X3_WARM_EMA,train_daot_logit_coverage,180,180,180,21,0.44254880398511887,0.9326990995858166,0.8372787401922891,0.9290065402920181
a1_ecrs_cross_rx_s392005_20260909_r1,X3_WARM_EMA,train_daot_logit_coverage_weighting,200,200,0,,0.0,0.0,0.0,0.0
a1_ecrs_cross_rx_s392005_20260909_r1,X3_WARM_EMA,train_daot_logit_weighted_contribution,200,200,180,21,0.0,0.3267221310519957,0.2552732487780153,0.31843324515733634
a1_ecrs_cross_rx_s392005_20260909_r1,X3_WARM_EMA,train_daot_loss_scale_fingerprint,180,180,180,21,1.0,1.0,1.0,1.0
a1_ecrs_cross_rx_s392005_20260909_r1,X3_WARM_EMA,train_daot_loss_scale_nuisance,180,180,180,21,1.0,1.0,1.0,1.0
a1_ecrs_cross_rx_s392005_20260909_r1,X3_WARM_EMA,train_daot_loss_scale_orbit_logit,180,180,180,21,3.364375407708507,9.051178023068054,4.683997991872744,3.441032220108384
a1_ecrs_cross_rx_s392005_20260909_r1,X3_WARM_EMA,train_daot_loss_scale_orbit_proto,180,180,180,21,1.0,1.0,1.0,1.0
a1_ecrs_cross_rx_s392005_20260909_r1,X3_WARM_EMA,train_daot_loss_scale_orbit_relation,180,180,180,21,1.0,1.0,1.0,1.0
a1_ecrs_cross_rx_s392005_20260909_r1,X3_WARM_EMA,train_daot_loss_scale_orbit_z,180,180,180,21,0.14674867605080946,0.3297190821331467,0.16281383408556432,0.14722140399990832
a1_ecrs_cross_rx_s392005_20260909_r1,X3_WARM_EMA,train_daot_loss_scale_tangent,180,180,180,21,1.0,1.0,1.0,1.0
a1_ecrs_cross_rx_s392005_20260909_r1,X3_WARM_EMA,train_daot_mean_metadata_skip_enabled,200,200,200,1,1.0,1.0,1.0,1.0
a1_ecrs_cross_rx_s392005_20260909_r1,X3_WARM_EMA,train_daot_nuisance_sensitivity,180,180,0,,0.0,0.0,0.0,0.0
a1_ecrs_cross_rx_s392005_20260909_r1,X3_WARM_EMA,train_daot_nuisance_sensitivity_agc,4,4,4,21,10.270301818847656,12.918380737304688,11.213147640228271,10.270301818847656
a1_ecrs_cross_rx_s392005_20260909_r1,X3_WARM_EMA,train_daot_nuisance_sensitivity_doppler,4,4,4,21,10.652238845825195,13.400823593139648,11.589252233505249,10.652238845825195
a1_ecrs_cross_rx_s392005_20260909_r1,X3_WARM_EMA,train_daot_nuisance_sensitivity_doppler_rate,4,4,4,21,10.33390998840332,13.009733200073242,11.304888486862183,10.33390998840332
a1_ecrs_cross_rx_s392005_20260909_r1,X3_WARM_EMA,train_daot_nuisance_sensitivity_multipath,4,4,4,21,10.278993606567383,12.924700736999512,11.218014001846313,10.278993606567383
a1_ecrs_cross_rx_s392005_20260909_r1,X3_WARM_EMA,train_daot_nuisance_sensitivity_phase_noise,4,4,4,21,10.298308372497559,12.92224407196045,11.211293935775757,10.298308372497559
a1_ecrs_cross_rx_s392005_20260909_r1,X3_WARM_EMA,train_daot_nuisance_sensitivity_sfo,4,4,4,21,10.282733917236328,12.919099807739258,11.21415901184082,10.282733917236328
a1_ecrs_cross_rx_s392005_20260909_r1,X3_WARM_EMA,train_daot_nuisance_sensitivity_snr,4,4,4,21,10.274377822875977,12.937894821166992,11.217161178588867,10.274377822875977
a1_ecrs_cross_rx_s392005_20260909_r1,X3_WARM_EMA,train_daot_nuisance_sensitivity_sto,4,4,4,21,10.288253784179688,12.974531173706055,11.237202644348145,10.288253784179688
a1_ecrs_cross_rx_s392005_20260909_r1,X3_WARM_EMA,train_daot_objective_computed,200,200,180,21,0.0,1.0,0.9,1.0
a1_ecrs_cross_rx_s392005_20260909_r1,X3_WARM_EMA,train_daot_orbit_dispersion,180,180,180,21,0.009816079443480048,0.15204130666884216,0.023664765965785026,0.010066466451085566
a1_ecrs_cross_rx_s392005_20260909_r1,X3_WARM_EMA,train_daot_orbit_scale,200,200,180,21,0.0,1.0,0.8025,1.0
a1_ecrs_cross_rx_s392005_20260909_r1,X3_WARM_EMA,train_daot_proto_input_available,200,200,0,,0.0,0.0,0.0,0.0
a1_ecrs_cross_rx_s392005_20260909_r1,X3_WARM_EMA,train_daot_scale_batched_enabled,200,200,200,1,1.0,1.0,1.0,1.0
a1_ecrs_cross_rx_s392005_20260909_r1,X3_WARM_EMA,train_daot_tangent_scale,200,200,140,61,0.0,1.0,0.5025,1.0
a1_ecrs_cross_rx_s392005_20260909_r1,X3_WARM_EMA,train_daot_teacher_effective_views,180,180,180,21,1.9999841714764501,1.9999999994630213,1.999999042205863,1.999999121502713
a1_ecrs_cross_rx_s392005_20260909_r1,X3_WARM_EMA,train_daot_teacher_labeled_accuracy,180,180,180,21,0.8681728603603603,0.9871199324324325,0.9637923079329329,0.9832488738738738
a1_ecrs_cross_rx_s392005_20260909_r1,X3_WARM_EMA,train_daot_teacher_labeled_confidence,180,180,180,21,0.9172908530847447,0.9976748469713572,0.9889180511862665,0.9967636602955896
a1_ecrs_cross_rx_s392005_20260909_r1,X3_WARM_EMA,train_daot_teacher_view_count,200,200,180,21,0.0,2.0,1.8,2.0
a1_ecrs_cross_rx_s392005_20260909_r1,X3_WARM_EMA,train_daot_u_consensus_rate,180,180,180,21,0.5478626307066496,0.9555146122300947,0.8759293345926521,0.9540638166504938
a1_ecrs_cross_rx_s392005_20260909_r1,X3_WARM_EMA,train_daot_u_logit_coverage,180,180,180,21,0.47740290468340524,0.9494769551732518,0.8612013430999325,0.9480516540037619
a1_ecrs_cross_rx_s392005_20260909_r1,X3_WARM_EMA,train_daot_u_logit_weighted_contribution,200,200,180,21,0.0,0.08695536710086975,0.06196688850853395,0.07802891065072906
a1_ecrs_cross_rx_s392005_20260909_r1,X3_WARM_EMA,train_daot_u_orbit_dispersion,180,180,180,21,0.007470291703603826,0.1713374524905875,0.022707259050443174,0.00770404172100563
a1_ecrs_cross_rx_s392005_20260909_r1,X3_WARM_EMA,train_daot_u_orbit_scale,200,200,180,21,0.0,1.0,0.8025,1.0
a1_ecrs_cross_rx_s392005_20260909_r1,X3_WARM_EMA,train_daot_worst_bucket_elevation,4,4,4,21,0.21875,0.78125,0.5703125,0.78125
a1_ecrs_cross_rx_s392005_20260909_r1,X3_WARM_EMA,train_daot_worst_bucket_snr,4,4,4,21,0.25,0.8125,0.609375,0.8125
a1_ecrs_cross_rx_s392005_20260909_r1,X3_WARM_EMA,train_dm_accept_local_component_class_coverage,200,200,0,,0.0,0.0,0.0,0.0
a1_ecrs_cross_rx_s392005_20260909_r1,X3_WARM_EMA,train_ecrs_cross_rx_clean_count,200,200,200,1,128.0,128.0,128.0,128.0
a1_ecrs_cross_rx_s392005_20260909_r1,X3_WARM_EMA,train_ecrs_cross_rx_configured,200,200,200,1,1.0,1.0,1.0,1.0
a1_ecrs_cross_rx_s392005_20260909_r1,X3_WARM_EMA,train_ecrs_cross_rx_executed,200,200,200,1,1.0,1.0,1.0,1.0
a1_ecrs_cross_rx_s392005_20260909_r1,X3_WARM_EMA,train_ecrs_cross_rx_identity_grad_norm,200,200,200,1,2.0757055608555675e-05,0.0022932225838303566,0.00036387114726494475,7.521898078266531e-05
a1_ecrs_cross_rx_s392005_20260909_r1,X3_WARM_EMA,train_ecrs_cross_rx_leo_count,200,200,121,80,0.0,109.54954954954955,60.667387387387386,104.93693693693693
a1_ecrs_cross_rx_s392005_20260909_r1,X3_WARM_EMA,train_ecrs_cross_rx_raw_loss,200,200,200,1,0.017700753836506593,0.20139526810731972,0.03049771692162685,0.021676623621936637
a1_ecrs_cross_rx_s392005_20260909_r1,X3_WARM_EMA,train_ecrs_cross_rx_successful_steps,200,200,200,1,110.5,44268.5,22188.87957207207,44268.5
a1_ecrs_cross_rx_s392005_20260909_r1,X3_WARM_EMA,train_ecrs_cross_rx_valid_anchors,200,200,200,1,127.84234234234235,237.38288288288288,188.54306306306304,232.82432432432432
a1_ecrs_cross_rx_s392005_20260909_r1,X3_WARM_EMA,train_ecrs_cross_rx_weighted_loss,200,200,200,1,0.0008850377080061416,0.010069763589952443,0.0015248858724313428,0.0010838312001306713
a1_ecrs_cross_rx_s392005_20260909_r1,X3_WARM_EMA,train_loss_cons_labeled,200,200,184,17,0.0,0.31809213999155406,0.18981489026868664,0.19576284047719594
a1_ecrs_cross_rx_s392005_20260909_r1,X3_WARM_EMA,train_loss_daot_fingerprint,200,200,0,,0.0,0.0,0.0,0.0
a1_ecrs_cross_rx_s392005_20260909_r1,X3_WARM_EMA,train_loss_daot_nuisance,200,200,180,21,0.0,0.6092927399519328,0.5224890325258713,0.5795603295167288
a1_ecrs_cross_rx_s392005_20260909_r1,X3_WARM_EMA,train_loss_daot_orbit_logit,200,200,180,21,0.0,14.210911570368586,6.712618285312845,5.496774167627902
a1_ecrs_cross_rx_s392005_20260909_r1,X3_WARM_EMA,train_loss_daot_orbit_proto,200,200,0,,0.0,0.0,0.0,0.0
a1_ecrs_cross_rx_s392005_20260909_r1,X3_WARM_EMA,train_loss_daot_orbit_relation,200,200,0,,0.0,0.0,0.0,0.0
a1_ecrs_cross_rx_s392005_20260909_r1,X3_WARM_EMA,train_loss_daot_orbit_z,200,200,180,21,0.0,0.3279341837844333,0.14929009145276773,0.15070345393709234
a1_ecrs_cross_rx_s392005_20260909_r1,X3_WARM_EMA,train_loss_daot_tangent,200,200,0,,0.0,0.0,0.0,0.0
a1_ecrs_cross_rx_s392005_20260909_r1,X3_WARM_EMA,train_loss_daot_total,200,200,180,21,0.0,0.8398077077156788,0.6655800503452711,0.8301584277604077
a1_ecrs_cross_rx_s392005_20260909_r1,X3_WARM_EMA,train_loss_daot_unlabeled,200,200,180,21,0.0,0.5753607243836463,0.4540141542553314,0.5665545181648152
a1_ecrs_cross_rx_s392005_20260909_r1,X3_WARM_EMA,train_loss_group_ce_labeled,200,200,200,1,1.2722939343804174,12.866314024538607,2.593781684028102,1.6085853130296544
a1_ecrs_cross_rx_s392005_20260909_r1,X3_WARM_EMA,train_loss_sat_cls_labeled,200,200,121,80,0.0,3.6903815316288053,1.6591712181054112,2.5098408119866273
a1_ecrs_cross_rx_s392005_20260909_r1,X3_WARM_EMA,train_loss_sat_cons_labeled,200,200,0,,0.0,0.0,0.0,0.0
a1_ecrs_cross_rx_s392005_20260909_r1,X3_WARM_EMA,train_os_gradient_nonfinite_bundle,200,200,0,,0.0,0.0,0.0,0.0
a1_ecrs_cross_rx_s392005_20260909_r1,X3_WARM_EMA,train_rc4_effective_weighted_coverage,200,200,180,21,0.0,0.15000000468513988,0.1350000033963908,0.1500000038796717
a1_ecrs_cross_rx_s392005_20260909_r1,X3_WARM_EMA,train_rc4_hard_effective_coverage,200,200,180,21,0.0,0.15000000448377282,0.0944899076928027,0.0367288655005731
a1_ecrs_cross_rx_s392005_20260909_r1,X3_WARM_EMA,train_rc4_negative_effective_coverage,200,200,0,,0.0,0.0,0.0,0.0
a1_ecrs_cross_rx_s392005_20260909_r1,X3_WARM_EMA,train_rc4_partial_effective_coverage,200,200,155,21,0.0,0.1458373476524611,0.040510093916115195,0.11327113462863742
a1_ecrs_cross_rx_s392005_20260909_r1,X3_WARM_EMA,train_sat_anchor_class_coverage,200,200,180,21,0.0,5.927927927927928,3.1776801801801806,2.8468468468468466
a1_ecrs_cross_rx_s392005_20260909_r1,X3_WARM_EMA,train_sat_anchor_receiver_coverage,200,200,180,21,0.0,5.0,4.011509009009009,3.972972972972973
a1_ecrs_cross_rx_s392005_20260909_r1,X3_WARM_EMA,train_skipped_nonfinite_grad,200,200,20,1,0.0,0.009009009009009009,0.000472972972972973,0.0
a1_ecrs_cross_rx_s392005_20260909_r1,X3_WARM_EMA,train_skipped_nonfinite_loss,200,200,0,,0.0,0.0,0.0,0.0
a1_ecrs_cross_rx_s392005_20260909_r1,X3_WARM_EMA,train_source_episode_local_component_coverage,181,181,181,20,1.0,1.0,1.0,1.0
a1_ecrs_cross_rx_s392005_20260909_r1,X3_WARM_EMA,train_tail_rollback_cooldown_remaining,200,200,0,,0.0,0.0,0.0,0.0
a1_ecrs_cross_rx_s392005_20260909_r1,X3_WARM_EMA,train_w_loss_cons_labeled,200,200,184,17,0.0,0.01608417270419834,0.012075993262969695,0.015661153707418357
a1_ecrs_cross_rx_s392005_20260909_r1,X3_WARM_EMA,train_w_loss_group_ce_labeled,200,200,200,1,0.20356702474407382,1.0293051001724896,0.3467743304291077,0.2573736447270389
a1_ecrs_cross_rx_s392005_20260909_r1,X3_WARM_EMA,train_w_loss_sat_cls_labeled,200,200,121,80,0.0,2.5094594685906157,1.1282364400026288,1.7066917687776155
a1_ecrs_cross_rx_s392005_20260909_r1,X3_WARM_EMA,train_w_loss_sat_cons_labeled,200,200,0,,0.0,0.0,0.0,0.0
a1_ecrs_cross_rx_s392005_20260909_r1,X3_WARM_EMA,val_tx_acc,200,200,200,1,39.34074074074074,98.51851851851852,97.65799999999999,98.5037037037037
a1_ecrs_cross_rx_s392005_20260909_r1,X4_COVERAGE_KL,concat_sat_ce_weight,200,200,200,1,1.0,1.0,1.0,1.0
a1_ecrs_cross_rx_s392005_20260909_r1,X4_COVERAGE_KL,concat_sat_start_epoch,200,200,200,1,1.0,1.0,1.0,1.0
a1_ecrs_cross_rx_s392005_20260909_r1,X4_COVERAGE_KL,group_ce_top_frac,200,200,200,1,0.35,0.35,0.35,0.35
a1_ecrs_cross_rx_s392005_20260909_r1,X4_COVERAGE_KL,joint_guard_paic_cooldown_remaining,200,200,0,,0.0,0.0,0.0,0.0
a1_ecrs_cross_rx_s392005_20260909_r1,X4_COVERAGE_KL,lambda_cons,200,200,200,1,0.08,0.08,0.08,0.08
a1_ecrs_cross_rx_s392005_20260909_r1,X4_COVERAGE_KL,lambda_group_ce,200,200,200,1,0.16,0.16,0.16,0.16
a1_ecrs_cross_rx_s392005_20260909_r1,X4_COVERAGE_KL,loss_weight_group_ce,200,200,200,1,0.08,0.16,0.14577885253594247,0.16
a1_ecrs_cross_rx_s392005_20260909_r1,X4_COVERAGE_KL,lr,200,200,200,1,1.0000000000000002e-06,0.0002,8.875000000000002e-05,1.0000000000000002e-06
a1_ecrs_cross_rx_s392005_20260909_r1,X4_COVERAGE_KL,nonfinite_test_metric_count,200,200,200,1,1.0,1.0,1.0,1.0
a1_ecrs_cross_rx_s392005_20260909_r1,X4_COVERAGE_KL,nonfinite_train_metric_count,200,200,200,1,4.0,4.0,4.0,4.0
a1_ecrs_cross_rx_s392005_20260909_r1,X4_COVERAGE_KL,nonfinite_val_metric_count,200,200,200,1,1.0,1.0,1.0,1.0
a1_ecrs_cross_rx_s392005_20260909_r1,X4_COVERAGE_KL,phase2_audit_imports_balanced_tx_rx_sampler,200,200,200,1,1.0,1.0,1.0,1.0
a1_ecrs_cross_rx_s392005_20260909_r1,X4_COVERAGE_KL,stage_group_ce_scale,200,200,200,1,0.5,1.0,0.9111178283496403,1.0
a1_ecrs_cross_rx_s392005_20260909_r1,X4_COVERAGE_KL,stage_source_val_sat_floor_tx,200,200,200,1,31.24074074074074,92.30740740740741,79.91931481481481,92.22222222222223
a1_ecrs_cross_rx_s392005_20260909_r1,X4_COVERAGE_KL,stage_source_val_sat_mean_tx,200,200,200,1,31.877777777777776,93.10740740740742,80.93927777777778,93.00617283950618
a1_ecrs_cross_rx_s392005_20260909_r1,X4_COVERAGE_KL,stage_tail_rollback_cooldown_remaining,200,200,0,,0.0,0.0,0.0,0.0
a1_ecrs_cross_rx_s392005_20260909_r1,X4_COVERAGE_KL,train_a1_ema_effective_decay,200,200,200,1,0.9900000000000023,0.9989999999999969,0.9972399999999989,0.9989999999999969
a1_ecrs_cross_rx_s392005_20260909_r1,X4_COVERAGE_KL,train_a1_ema_successful_updates,200,200,200,1,110.5,44268.5,22187.952545045046,44268.5
a1_ecrs_cross_rx_s392005_20260909_r1,X4_COVERAGE_KL,train_concat_sat_active,200,200,200,1,1.0,1.0,1.0,1.0
a1_ecrs_cross_rx_s392005_20260909_r1,X4_COVERAGE_KL,train_concat_sat_applied,200,200,200,1,0.23423423423423423,0.8558558558558559,0.6510135135135136,0.8198198198198198
a1_ecrs_cross_rx_s392005_20260909_r1,X4_COVERAGE_KL,train_concat_sat_clean_batch_size,200,200,200,1,128.0,128.0,128.0,128.0
a1_ecrs_cross_rx_s392005_20260909_r1,X4_COVERAGE_KL,train_concat_sat_expanded,200,200,0,,0.0,0.0,0.0,0.0
a1_ecrs_cross_rx_s392005_20260909_r1,X4_COVERAGE_KL,train_concat_sat_stage_index,200,200,160,41,0.0,2.0,1.35,2.0
a1_ecrs_cross_rx_s392005_20260909_r1,X4_COVERAGE_KL,train_concat_sat_stage_start_epoch,200,200,200,1,1.0,91.0,60.5,91.0
a1_ecrs_cross_rx_s392005_20260909_r1,X4_COVERAGE_KL,train_concat_sat_total_batch_size,200,200,200,1,128.0,128.0,128.0,128.0
a1_ecrs_cross_rx_s392005_20260909_r1,X4_COVERAGE_KL,train_concat_sat_view_prob,200,200,200,1,0.29999999999999877,0.8000000000000016,0.65,0.8000000000000016
a1_ecrs_cross_rx_s392005_20260909_r1,X4_COVERAGE_KL,train_daot_batched_view_count,200,200,180,21,0.0,1.0,0.9,1.0
a1_ecrs_cross_rx_s392005_20260909_r1,X4_COVERAGE_KL,train_daot_clean_teacher_weight,180,180,180,21,0.4999904761443267,0.5000095254666096,0.49999910398527186,0.49999975392947327
a1_ecrs_cross_rx_s392005_20260909_r1,X4_COVERAGE_KL,train_daot_consensus_rate,180,180,180,21,0.5510627815315315,0.938379786036036,0.8552120479854854,0.9347550675675675
a1_ecrs_cross_rx_s392005_20260909_r1,X4_COVERAGE_KL,train_daot_fingerprint_selectivity,180,180,0,,0.0,0.0,0.0,0.0
a1_ecrs_cross_rx_s392005_20260909_r1,X4_COVERAGE_KL,train_daot_fingerprint_sensitivity,180,180,0,,0.0,0.0,0.0,0.0
a1_ecrs_cross_rx_s392005_20260909_r1,X4_COVERAGE_KL,train_daot_grad_ratio_fingerprint,4,4,0,,0.0,0.0,0.0,0.0
a1_ecrs_cross_rx_s392005_20260909_r1,X4_COVERAGE_KL,train_daot_grad_ratio_nuisance,4,4,4,21,5.554744198948342e-09,1.8300905047738167e-08,9.670321116147791e-09,6.572324420472418e-09
a1_ecrs_cross_rx_s392005_20260909_r1,X4_COVERAGE_KL,train_daot_grad_ratio_orbit_logit,4,4,4,21,6.716486708518174,9.643672696087037,8.020487736187471,6.716486708518174
a1_ecrs_cross_rx_s392005_20260909_r1,X4_COVERAGE_KL,train_daot_grad_ratio_orbit_proto,4,4,0,,0.0,0.0,0.0,0.0
a1_ecrs_cross_rx_s392005_20260909_r1,X4_COVERAGE_KL,train_daot_grad_ratio_orbit_relation,4,4,0,,0.0,0.0,0.0,0.0
a1_ecrs_cross_rx_s392005_20260909_r1,X4_COVERAGE_KL,train_daot_grad_ratio_orbit_z,4,4,4,21,0.016016904913766877,0.03852575265181242,0.0279511507196377,0.016016904913766877
a1_ecrs_cross_rx_s392005_20260909_r1,X4_COVERAGE_KL,train_daot_grad_ratio_tangent,4,4,0,,0.0,0.0,0.0,0.0
a1_ecrs_cross_rx_s392005_20260909_r1,X4_COVERAGE_KL,train_daot_identity_only_used,200,200,180,21,0.0,1.0,0.9,1.0
a1_ecrs_cross_rx_s392005_20260909_r1,X4_COVERAGE_KL,train_daot_logit_coverage,180,180,180,21,0.4479820287979401,0.9298333549821699,0.8325434585483196,0.9260284406644804
a1_ecrs_cross_rx_s392005_20260909_r1,X4_COVERAGE_KL,train_daot_logit_coverage_weighting,200,200,200,1,1.0,1.0,1.0,1.0
a1_ecrs_cross_rx_s392005_20260909_r1,X4_COVERAGE_KL,train_daot_logit_weighted_contribution,200,200,180,21,0.0,0.29695713036769145,0.22140933553239872,0.2943033216235874
a1_ecrs_cross_rx_s392005_20260909_r1,X4_COVERAGE_KL,train_daot_loss_scale_fingerprint,180,180,180,21,1.0,1.0,1.0,1.0
a1_ecrs_cross_rx_s392005_20260909_r1,X4_COVERAGE_KL,train_daot_loss_scale_nuisance,180,180,180,21,1.0,1.0,1.0,1.0
a1_ecrs_cross_rx_s392005_20260909_r1,X4_COVERAGE_KL,train_daot_loss_scale_orbit_logit,180,180,180,21,3.4338043858083376,9.334156325202066,4.9242855401555214,3.541353463234617
a1_ecrs_cross_rx_s392005_20260909_r1,X4_COVERAGE_KL,train_daot_loss_scale_orbit_proto,180,180,180,21,1.0,1.0,1.0,1.0
a1_ecrs_cross_rx_s392005_20260909_r1,X4_COVERAGE_KL,train_daot_loss_scale_orbit_relation,180,180,180,21,1.0,1.0,1.0,1.0
a1_ecrs_cross_rx_s392005_20260909_r1,X4_COVERAGE_KL,train_daot_loss_scale_orbit_z,180,180,180,21,0.14619643531328946,0.3350026247923381,0.16318294065580438,0.14689530666871609
a1_ecrs_cross_rx_s392005_20260909_r1,X4_COVERAGE_KL,train_daot_loss_scale_tangent,180,180,180,21,1.0,1.0,1.0,1.0
a1_ecrs_cross_rx_s392005_20260909_r1,X4_COVERAGE_KL,train_daot_mean_metadata_skip_enabled,200,200,200,1,1.0,1.0,1.0,1.0
a1_ecrs_cross_rx_s392005_20260909_r1,X4_COVERAGE_KL,train_daot_nuisance_sensitivity,180,180,0,,0.0,0.0,0.0,0.0
a1_ecrs_cross_rx_s392005_20260909_r1,X4_COVERAGE_KL,train_daot_nuisance_sensitivity_agc,4,4,4,21,10.328834533691406,13.019308090209961,11.261500597000122,10.328834533691406
a1_ecrs_cross_rx_s392005_20260909_r1,X4_COVERAGE_KL,train_daot_nuisance_sensitivity_doppler,4,4,4,21,10.530146598815918,13.49841022491455,11.541423320770264,10.530146598815918
a1_ecrs_cross_rx_s392005_20260909_r1,X4_COVERAGE_KL,train_daot_nuisance_sensitivity_doppler_rate,4,4,4,21,10.352825164794922,13.132253646850586,11.33116102218628,10.352825164794922
a1_ecrs_cross_rx_s392005_20260909_r1,X4_COVERAGE_KL,train_daot_nuisance_sensitivity_multipath,4,4,4,21,10.334473609924316,12.982101440429688,11.250675916671753,10.334473609924316
a1_ecrs_cross_rx_s392005_20260909_r1,X4_COVERAGE_KL,train_daot_nuisance_sensitivity_phase_noise,4,4,4,21,10.36098861694336,12.9964599609375,11.255603075027466,10.36098861694336
a1_ecrs_cross_rx_s392005_20260909_r1,X4_COVERAGE_KL,train_daot_nuisance_sensitivity_sfo,4,4,4,21,10.339487075805664,12.997259140014648,11.256852388381958,10.339487075805664
a1_ecrs_cross_rx_s392005_20260909_r1,X4_COVERAGE_KL,train_daot_nuisance_sensitivity_snr,4,4,4,21,10.326837539672852,13.000718116760254,11.25235104560852,10.326837539672852
a1_ecrs_cross_rx_s392005_20260909_r1,X4_COVERAGE_KL,train_daot_nuisance_sensitivity_sto,4,4,4,21,10.401313781738281,12.984504699707031,11.273036479949951,10.401313781738281
a1_ecrs_cross_rx_s392005_20260909_r1,X4_COVERAGE_KL,train_daot_objective_computed,200,200,180,21,0.0,1.0,0.9,1.0
a1_ecrs_cross_rx_s392005_20260909_r1,X4_COVERAGE_KL,train_daot_orbit_dispersion,180,180,180,21,0.009797888925416512,0.15463510202663439,0.02389477019751066,0.010001944299359378
a1_ecrs_cross_rx_s392005_20260909_r1,X4_COVERAGE_KL,train_daot_orbit_scale,200,200,180,21,0.0,1.0,0.8025,1.0
a1_ecrs_cross_rx_s392005_20260909_r1,X4_COVERAGE_KL,train_daot_proto_input_available,200,200,0,,0.0,0.0,0.0,0.0
a1_ecrs_cross_rx_s392005_20260909_r1,X4_COVERAGE_KL,train_daot_scale_batched_enabled,200,200,200,1,1.0,1.0,1.0,1.0
a1_ecrs_cross_rx_s392005_20260909_r1,X4_COVERAGE_KL,train_daot_tangent_scale,200,200,140,61,0.0,1.0,0.5025,1.0
a1_ecrs_cross_rx_s392005_20260909_r1,X4_COVERAGE_KL,train_daot_teacher_effective_views,180,180,180,21,1.9999841800681106,1.9999999989260424,1.9999984389012522,1.999998328922031
a1_ecrs_cross_rx_s392005_20260909_r1,X4_COVERAGE_KL,train_daot_teacher_labeled_accuracy,180,180,180,21,0.8682784346846847,0.9870143581081081,0.9636304273023023,0.9820171734234234
a1_ecrs_cross_rx_s392005_20260909_r1,X4_COVERAGE_KL,train_daot_teacher_labeled_confidence,180,180,180,21,0.9141354254774146,0.9977474610010783,0.9883446073366536,0.9969264545419194
a1_ecrs_cross_rx_s392005_20260909_r1,X4_COVERAGE_KL,train_daot_teacher_view_count,200,200,180,21,0.0,2.0,1.8,2.0
a1_ecrs_cross_rx_s392005_20260909_r1,X4_COVERAGE_KL,train_daot_u_consensus_rate,180,180,180,21,0.5532503267666241,0.9530829972512013,0.8737345900666248,0.9521646139858005
a1_ecrs_cross_rx_s392005_20260909_r1,X4_COVERAGE_KL,train_daot_u_logit_coverage,180,180,180,21,0.48112957098999537,0.946954654680716,0.8571658021941021,0.9459062761014646
a1_ecrs_cross_rx_s392005_20260909_r1,X4_COVERAGE_KL,train_daot_u_logit_weighted_contribution,200,200,180,21,0.0,0.07498809660843632,0.054237425455937995,0.07398290846597504
a1_ecrs_cross_rx_s392005_20260909_r1,X4_COVERAGE_KL,train_daot_u_orbit_dispersion,180,180,180,21,0.007364747269699971,0.17353926343960804,0.02303041401407187,0.007568663065867113
a1_ecrs_cross_rx_s392005_20260909_r1,X4_COVERAGE_KL,train_daot_u_orbit_scale,200,200,180,21,0.0,1.0,0.8025,1.0
a1_ecrs_cross_rx_s392005_20260909_r1,X4_COVERAGE_KL,train_daot_worst_bucket_elevation,4,4,4,21,0.1875,0.78125,0.5625,0.78125
a1_ecrs_cross_rx_s392005_20260909_r1,X4_COVERAGE_KL,train_daot_worst_bucket_snr,4,4,4,21,0.21875,0.8125,0.5859375,0.8125
a1_ecrs_cross_rx_s392005_20260909_r1,X4_COVERAGE_KL,train_dm_accept_local_component_class_coverage,200,200,0,,0.0,0.0,0.0,0.0
a1_ecrs_cross_rx_s392005_20260909_r1,X4_COVERAGE_KL,train_ecrs_cross_rx_clean_count,200,200,200,1,128.0,128.0,128.0,128.0
a1_ecrs_cross_rx_s392005_20260909_r1,X4_COVERAGE_KL,train_ecrs_cross_rx_configured,200,200,200,1,1.0,1.0,1.0,1.0
a1_ecrs_cross_rx_s392005_20260909_r1,X4_COVERAGE_KL,train_ecrs_cross_rx_executed,200,200,200,1,1.0,1.0,1.0,1.0
a1_ecrs_cross_rx_s392005_20260909_r1,X4_COVERAGE_KL,train_ecrs_cross_rx_identity_grad_norm,200,200,200,1,1.5932624592096545e-05,0.0025760941207408905,0.0003755534885112866,9.04056869330816e-05
a1_ecrs_cross_rx_s392005_20260909_r1,X4_COVERAGE_KL,train_ecrs_cross_rx_leo_count,200,200,121,80,0.0,109.54954954954955,60.667387387387386,104.93693693693693
a1_ecrs_cross_rx_s392005_20260909_r1,X4_COVERAGE_KL,train_ecrs_cross_rx_raw_loss,200,200,200,1,0.01892781222704798,0.20139755154246683,0.031574424690302666,0.02288892392112626
a1_ecrs_cross_rx_s392005_20260909_r1,X4_COVERAGE_KL,train_ecrs_cross_rx_successful_steps,200,200,200,1,110.5,44268.5,22187.952545045046,44268.5
a1_ecrs_cross_rx_s392005_20260909_r1,X4_COVERAGE_KL,train_ecrs_cross_rx_valid_anchors,200,200,200,1,127.84234234234235,237.38288288288288,188.54306306306304,232.82432432432432
a1_ecrs_cross_rx_s392005_20260909_r1,X4_COVERAGE_KL,train_ecrs_cross_rx_weighted_loss,200,200,200,1,0.0009463906311679124,0.010069877752480475,0.001578721261465504,0.0011444462163560708
a1_ecrs_cross_rx_s392005_20260909_r1,X4_COVERAGE_KL,train_loss_cons_labeled,200,200,184,17,0.0,0.3223338084177928,0.18936360677083333,0.19545381563203829
a1_ecrs_cross_rx_s392005_20260909_r1,X4_COVERAGE_KL,train_loss_daot_fingerprint,200,200,0,,0.0,0.0,0.0,0.0
a1_ecrs_cross_rx_s392005_20260909_r1,X4_COVERAGE_KL,train_loss_daot_nuisance,200,200,180,21,0.0,0.6273463948352916,0.5366643497898235,0.5905547697801847
a1_ecrs_cross_rx_s392005_20260909_r1,X4_COVERAGE_KL,train_loss_daot_orbit_logit,200,200,180,21,0.0,14.295945687336964,7.081666284923081,5.666831222740379
a1_ecrs_cross_rx_s392005_20260909_r1,X4_COVERAGE_KL,train_loss_daot_orbit_proto,200,200,0,,0.0,0.0,0.0,0.0
a1_ecrs_cross_rx_s392005_20260909_r1,X4_COVERAGE_KL,train_loss_daot_orbit_relation,200,200,0,,0.0,0.0,0.0,0.0
a1_ecrs_cross_rx_s392005_20260909_r1,X4_COVERAGE_KL,train_loss_daot_orbit_z,200,200,180,21,0.0,0.33428505667158076,0.14953703802179646,0.1501251506778571
a1_ecrs_cross_rx_s392005_20260909_r1,X4_COVERAGE_KL,train_loss_daot_tangent,200,200,0,,0.0,0.0,0.0,0.0
a1_ecrs_cross_rx_s392005_20260909_r1,X4_COVERAGE_KL,train_loss_daot_total,200,200,180,21,0.0,0.8100298484703442,0.631428543991359,0.8052102107185501
a1_ecrs_cross_rx_s392005_20260909_r1,X4_COVERAGE_KL,train_loss_daot_unlabeled,200,200,180,21,0.0,0.5668825315194087,0.44657171155701536,0.5635595474694226
a1_ecrs_cross_rx_s392005_20260909_r1,X4_COVERAGE_KL,train_loss_group_ce_labeled,200,200,200,1,1.2771479568972781,12.865814415184227,2.587682496256925,1.5911983002547745
a1_ecrs_cross_rx_s392005_20260909_r1,X4_COVERAGE_KL,train_loss_sat_cls_labeled,200,200,121,80,0.0,3.812052318081679,1.701928763183944,2.5875474716587044
a1_ecrs_cross_rx_s392005_20260909_r1,X4_COVERAGE_KL,train_loss_sat_cons_labeled,200,200,0,,0.0,0.0,0.0,0.0
a1_ecrs_cross_rx_s392005_20260909_r1,X4_COVERAGE_KL,train_os_gradient_nonfinite_bundle,200,200,0,,0.0,0.0,0.0,0.0
a1_ecrs_cross_rx_s392005_20260909_r1,X4_COVERAGE_KL,train_rc4_effective_weighted_coverage,200,200,180,21,0.0,0.15000000461801752,0.13500000342726706,0.15000000314132586
a1_ecrs_cross_rx_s392005_20260909_r1,X4_COVERAGE_KL,train_rc4_hard_effective_coverage,200,200,180,21,0.0,0.15000000481938455,0.12115734470820842,0.13673886019098866
a1_ecrs_cross_rx_s392005_20260909_r1,X4_COVERAGE_KL,train_rc4_negative_effective_coverage,200,200,0,,0.0,0.0,0.0,0.0
a1_ecrs_cross_rx_s392005_20260909_r1,X4_COVERAGE_KL,train_rc4_partial_effective_coverage,200,200,122,21,0.0,0.14107034556769035,0.0138426576458962,0.013261141213439947
a1_ecrs_cross_rx_s392005_20260909_r1,X4_COVERAGE_KL,train_sat_anchor_class_coverage,200,200,180,21,0.0,4.9774774774774775,3.2349324324324322,3.0585585585585586
a1_ecrs_cross_rx_s392005_20260909_r1,X4_COVERAGE_KL,train_sat_anchor_receiver_coverage,200,200,180,21,0.0,5.0,4.375202702702703,5.0
a1_ecrs_cross_rx_s392005_20260909_r1,X4_COVERAGE_KL,train_skipped_nonfinite_grad,200,200,19,1,0.0,0.009009009009009009,0.000472972972972973,0.0
a1_ecrs_cross_rx_s392005_20260909_r1,X4_COVERAGE_KL,train_skipped_nonfinite_loss,200,200,0,,0.0,0.0,0.0,0.0
a1_ecrs_cross_rx_s392005_20260909_r1,X4_COVERAGE_KL,train_source_episode_local_component_coverage,181,181,181,20,1.0,1.0,1.0,1.0
a1_ecrs_cross_rx_s392005_20260909_r1,X4_COVERAGE_KL,train_tail_rollback_cooldown_remaining,200,200,0,,0.0,0.0,0.0,0.0
a1_ecrs_cross_rx_s392005_20260909_r1,X4_COVERAGE_KL,train_w_loss_cons_labeled,200,200,184,17,0.0,0.016058294622747746,0.012027582434920575,0.01563627225858671
a1_ecrs_cross_rx_s392005_20260909_r1,X4_COVERAGE_KL,train_w_loss_group_ce_labeled,200,200,200,1,0.20434366875990956,1.0292651301568694,0.3458572396915825,0.25459172196585583
a1_ecrs_cross_rx_s392005_20260909_r1,X4_COVERAGE_KL,train_w_loss_sat_cls_labeled,200,200,121,80,0.0,2.592195604025881,1.1573115710262798,1.7595323027816374
a1_ecrs_cross_rx_s392005_20260909_r1,X4_COVERAGE_KL,train_w_loss_sat_cons_labeled,200,200,0,,0.0,0.0,0.0,0.0
a1_ecrs_cross_rx_s392005_20260909_r1,X4_COVERAGE_KL,val_tx_acc,200,200,200,1,39.0,98.53333333333333,97.66187037037038,98.49259259259259
a1_ecrs_cross_rx_s392005_20260909_r1,X5_BALANCED_L,concat_sat_ce_weight,200,200,200,1,1.0,1.0,1.0,1.0
a1_ecrs_cross_rx_s392005_20260909_r1,X5_BALANCED_L,concat_sat_start_epoch,200,200,200,1,1.0,1.0,1.0,1.0
a1_ecrs_cross_rx_s392005_20260909_r1,X5_BALANCED_L,group_ce_top_frac,200,200,200,1,0.35,0.35,0.35,0.35
a1_ecrs_cross_rx_s392005_20260909_r1,X5_BALANCED_L,joint_guard_paic_cooldown_remaining,200,200,0,,0.0,0.0,0.0,0.0
a1_ecrs_cross_rx_s392005_20260909_r1,X5_BALANCED_L,lambda_cons,200,200,200,1,0.08,0.08,0.08,0.08
a1_ecrs_cross_rx_s392005_20260909_r1,X5_BALANCED_L,lambda_group_ce,200,200,200,1,0.16,0.16,0.16,0.16
a1_ecrs_cross_rx_s392005_20260909_r1,X5_BALANCED_L,loss_weight_group_ce,200,200,200,1,0.08,0.16,0.14577885253594247,0.16
a1_ecrs_cross_rx_s392005_20260909_r1,X5_BALANCED_L,lr,200,200,200,1,1.0000000000000002e-06,0.0002,8.875000000000002e-05,1.0000000000000002e-06
a1_ecrs_cross_rx_s392005_20260909_r1,X5_BALANCED_L,nonfinite_test_metric_count,200,200,200,1,1.0,1.0,1.0,1.0
a1_ecrs_cross_rx_s392005_20260909_r1,X5_BALANCED_L,nonfinite_train_metric_count,200,200,200,1,4.0,4.0,4.0,4.0
a1_ecrs_cross_rx_s392005_20260909_r1,X5_BALANCED_L,nonfinite_val_metric_count,200,200,200,1,1.0,1.0,1.0,1.0
a1_ecrs_cross_rx_s392005_20260909_r1,X5_BALANCED_L,phase2_audit_imports_balanced_tx_rx_sampler,200,200,200,1,1.0,1.0,1.0,1.0
a1_ecrs_cross_rx_s392005_20260909_r1,X5_BALANCED_L,stage_group_ce_scale,200,200,200,1,0.5,1.0,0.9111178283496403,1.0
a1_ecrs_cross_rx_s392005_20260909_r1,X5_BALANCED_L,stage_source_val_sat_floor_tx,200,200,200,1,25.16296296296296,91.17037037037036,78.55985185185186,91.04444444444445
a1_ecrs_cross_rx_s392005_20260909_r1,X5_BALANCED_L,stage_source_val_sat_mean_tx,200,200,200,1,25.741975308641972,91.98148148148148,79.5646975308642,91.88148148148149
a1_ecrs_cross_rx_s392005_20260909_r1,X5_BALANCED_L,stage_tail_rollback_cooldown_remaining,200,200,0,,0.0,0.0,0.0,0.0
a1_ecrs_cross_rx_s392005_20260909_r1,X5_BALANCED_L,train_a1_ema_effective_decay,200,200,200,1,0.9900000000000023,0.9989999999999969,0.9972399999999989,0.9989999999999969
a1_ecrs_cross_rx_s392005_20260909_r1,X5_BALANCED_L,train_a1_ema_successful_updates,200,200,200,1,110.5,44269.5,22188.01011261261,44269.5
a1_ecrs_cross_rx_s392005_20260909_r1,X5_BALANCED_L,train_concat_sat_active,200,200,200,1,1.0,1.0,1.0,1.0
a1_ecrs_cross_rx_s392005_20260909_r1,X5_BALANCED_L,train_concat_sat_applied,200,200,200,1,0.23423423423423423,0.8558558558558559,0.6510135135135136,0.8198198198198198
a1_ecrs_cross_rx_s392005_20260909_r1,X5_BALANCED_L,train_concat_sat_clean_batch_size,200,200,200,1,128.0,128.0,128.0,128.0
a1_ecrs_cross_rx_s392005_20260909_r1,X5_BALANCED_L,train_concat_sat_expanded,200,200,0,,0.0,0.0,0.0,0.0
a1_ecrs_cross_rx_s392005_20260909_r1,X5_BALANCED_L,train_concat_sat_stage_index,200,200,160,41,0.0,2.0,1.35,2.0
a1_ecrs_cross_rx_s392005_20260909_r1,X5_BALANCED_L,train_concat_sat_stage_start_epoch,200,200,200,1,1.0,91.0,60.5,91.0
a1_ecrs_cross_rx_s392005_20260909_r1,X5_BALANCED_L,train_concat_sat_total_batch_size,200,200,200,1,128.0,128.0,128.0,128.0
a1_ecrs_cross_rx_s392005_20260909_r1,X5_BALANCED_L,train_concat_sat_view_prob,200,200,200,1,0.29999999999999877,0.8000000000000016,0.65,0.8000000000000016
a1_ecrs_cross_rx_s392005_20260909_r1,X5_BALANCED_L,train_daot_batched_view_count,200,200,180,21,0.0,1.0,0.9,1.0
a1_ecrs_cross_rx_s392005_20260909_r1,X5_BALANCED_L,train_daot_clean_teacher_weight,180,180,180,21,0.4999932652121192,0.500006365346479,0.5000002437495852,0.5000011824272774
a1_ecrs_cross_rx_s392005_20260909_r1,X5_BALANCED_L,train_daot_consensus_rate,180,180,180,21,0.5384290540540541,0.9297226914414415,0.8434968171296297,0.9202561936936937
a1_ecrs_cross_rx_s392005_20260909_r1,X5_BALANCED_L,train_daot_fingerprint_selectivity,180,180,0,,0.0,0.0,0.0,0.0
a1_ecrs_cross_rx_s392005_20260909_r1,X5_BALANCED_L,train_daot_fingerprint_sensitivity,180,180,0,,0.0,0.0,0.0,0.0
a1_ecrs_cross_rx_s392005_20260909_r1,X5_BALANCED_L,train_daot_grad_ratio_fingerprint,4,4,0,,0.0,0.0,0.0,0.0
a1_ecrs_cross_rx_s392005_20260909_r1,X5_BALANCED_L,train_daot_grad_ratio_nuisance,4,4,4,21,1.4905383083163868e-09,1.080499690609675e-08,6.023724138398977e-09,1.080499690609675e-08
a1_ecrs_cross_rx_s392005_20260909_r1,X5_BALANCED_L,train_daot_grad_ratio_orbit_logit,4,4,4,21,2.3409727524190638,8.665882717572437,5.961420263169287,8.665882717572437
a1_ecrs_cross_rx_s392005_20260909_r1,X5_BALANCED_L,train_daot_grad_ratio_orbit_proto,4,4,0,,0.0,0.0,0.0,0.0
a1_ecrs_cross_rx_s392005_20260909_r1,X5_BALANCED_L,train_daot_grad_ratio_orbit_relation,4,4,0,,0.0,0.0,0.0,0.0
a1_ecrs_cross_rx_s392005_20260909_r1,X5_BALANCED_L,train_daot_grad_ratio_orbit_z,4,4,4,21,0.009400858657425237,0.04538088871942463,0.030807242044940633,0.0348547993752157
a1_ecrs_cross_rx_s392005_20260909_r1,X5_BALANCED_L,train_daot_grad_ratio_tangent,4,4,0,,0.0,0.0,0.0,0.0
a1_ecrs_cross_rx_s392005_20260909_r1,X5_BALANCED_L,train_daot_identity_only_used,200,200,180,21,0.0,1.0,0.9,1.0
a1_ecrs_cross_rx_s392005_20260909_r1,X5_BALANCED_L,train_daot_logit_coverage,180,180,180,21,0.44224207881871647,0.9206778850104358,0.8229725258969315,0.9097150279594971
a1_ecrs_cross_rx_s392005_20260909_r1,X5_BALANCED_L,train_daot_logit_coverage_weighting,200,200,0,,0.0,0.0,0.0,0.0
a1_ecrs_cross_rx_s392005_20260909_r1,X5_BALANCED_L,train_daot_logit_weighted_contribution,200,200,180,21,0.0,0.3273905494862849,0.2554096316686844,0.32100996448918506
a1_ecrs_cross_rx_s392005_20260909_r1,X5_BALANCED_L,train_daot_loss_scale_fingerprint,180,180,180,21,1.0,1.0,1.0,1.0
a1_ecrs_cross_rx_s392005_20260909_r1,X5_BALANCED_L,train_daot_loss_scale_nuisance,180,180,180,21,1.0,1.0,1.0,1.0
a1_ecrs_cross_rx_s392005_20260909_r1,X5_BALANCED_L,train_daot_loss_scale_orbit_logit,180,180,180,21,3.359232197435991,9.984294618798916,4.700087187692256,3.4902621348713967
a1_ecrs_cross_rx_s392005_20260909_r1,X5_BALANCED_L,train_daot_loss_scale_orbit_proto,180,180,180,21,1.0,1.0,1.0,1.0
a1_ecrs_cross_rx_s392005_20260909_r1,X5_BALANCED_L,train_daot_loss_scale_orbit_relation,180,180,180,21,1.0,1.0,1.0,1.0
a1_ecrs_cross_rx_s392005_20260909_r1,X5_BALANCED_L,train_daot_loss_scale_orbit_z,180,180,180,21,0.1473288030438461,0.34278588865377024,0.16262955910831128,0.14881392659190149
a1_ecrs_cross_rx_s392005_20260909_r1,X5_BALANCED_L,train_daot_loss_scale_tangent,180,180,180,21,1.0,1.0,1.0,1.0
a1_ecrs_cross_rx_s392005_20260909_r1,X5_BALANCED_L,train_daot_mean_metadata_skip_enabled,200,200,200,1,1.0,1.0,1.0,1.0
a1_ecrs_cross_rx_s392005_20260909_r1,X5_BALANCED_L,train_daot_nuisance_sensitivity,180,180,0,,0.0,0.0,0.0,0.0
a1_ecrs_cross_rx_s392005_20260909_r1,X5_BALANCED_L,train_daot_nuisance_sensitivity_agc,4,4,4,21,10.561081886291504,15.0639066696167,11.89518690109253,10.931703567504883
a1_ecrs_cross_rx_s392005_20260909_r1,X5_BALANCED_L,train_daot_nuisance_sensitivity_doppler,4,4,4,21,11.188311576843262,15.419188499450684,12.318032503128052,11.43678092956543
a1_ecrs_cross_rx_s392005_20260909_r1,X5_BALANCED_L,train_daot_nuisance_sensitivity_doppler_rate,4,4,4,21,10.733955383300781,15.280104637145996,12.066948652267456,11.153060913085938
a1_ecrs_cross_rx_s392005_20260909_r1,X5_BALANCED_L,train_daot_nuisance_sensitivity_multipath,4,4,4,21,10.581718444824219,15.048519134521484,11.903032302856445,10.940657615661621
a1_ecrs_cross_rx_s392005_20260909_r1,X5_BALANCED_L,train_daot_nuisance_sensitivity_phase_noise,4,4,4,21,10.549863815307617,15.079679489135742,11.882588148117065,10.88851261138916
a1_ecrs_cross_rx_s392005_20260909_r1,X5_BALANCED_L,train_daot_nuisance_sensitivity_sfo,4,4,4,21,10.57048511505127,15.08218002319336,11.897888422012329,10.92538833618164
a1_ecrs_cross_rx_s392005_20260909_r1,X5_BALANCED_L,train_daot_nuisance_sensitivity_snr,4,4,4,21,10.568284034729004,15.108657836914062,11.90315318107605,10.924272537231445
a1_ecrs_cross_rx_s392005_20260909_r1,X5_BALANCED_L,train_daot_nuisance_sensitivity_sto,4,4,4,21,10.687915802001953,15.134061813354492,11.951385498046875,10.84702205657959
a1_ecrs_cross_rx_s392005_20260909_r1,X5_BALANCED_L,train_daot_objective_computed,200,200,180,21,0.0,1.0,0.9,1.0
a1_ecrs_cross_rx_s392005_20260909_r1,X5_BALANCED_L,train_daot_orbit_dispersion,180,180,180,21,0.010723736796838542,0.15928856860678475,0.023985981411370285,0.012000430463435682
a1_ecrs_cross_rx_s392005_20260909_r1,X5_BALANCED_L,train_daot_orbit_scale,200,200,180,21,0.0,1.0,0.8025,1.0
a1_ecrs_cross_rx_s392005_20260909_r1,X5_BALANCED_L,train_daot_proto_input_available,200,200,0,,0.0,0.0,0.0,0.0
a1_ecrs_cross_rx_s392005_20260909_r1,X5_BALANCED_L,train_daot_scale_batched_enabled,200,200,200,1,1.0,1.0,1.0,1.0
a1_ecrs_cross_rx_s392005_20260909_r1,X5_BALANCED_L,train_daot_tangent_scale,200,200,140,61,0.0,1.0,0.5025,1.0
a1_ecrs_cross_rx_s392005_20260909_r1,X5_BALANCED_L,train_daot_teacher_effective_views,180,180,180,21,1.9999976705860447,1.9999999989260424,1.99999897808463,1.9999988750294522
a1_ecrs_cross_rx_s392005_20260909_r1,X5_BALANCED_L,train_daot_teacher_labeled_accuracy,180,180,180,21,0.8555743243243243,0.9825802364864865,0.958717115553053,0.9752956081081081
a1_ecrs_cross_rx_s392005_20260909_r1,X5_BALANCED_L,train_daot_teacher_labeled_confidence,180,180,180,21,0.9019300250319747,0.9973702350178281,0.9892232895240531,0.9955766504412299
a1_ecrs_cross_rx_s392005_20260909_r1,X5_BALANCED_L,train_daot_teacher_view_count,200,200,180,21,0.0,2.0,1.8,2.0
a1_ecrs_cross_rx_s392005_20260909_r1,X5_BALANCED_L,train_daot_u_consensus_rate,180,180,180,21,0.5538803671931362,0.9398544207886532,0.8598604714861504,0.9392856815913776
a1_ecrs_cross_rx_s392005_20260909_r1,X5_BALANCED_L,train_daot_u_logit_coverage,180,180,180,21,0.47865323843182744,0.9329879061058834,0.8448660509170474,0.9324669977566143
a1_ecrs_cross_rx_s392005_20260909_r1,X5_BALANCED_L,train_daot_u_logit_weighted_contribution,200,200,180,21,0.0,0.08923794168072778,0.06129775269498979,0.07451499527034995
a1_ecrs_cross_rx_s392005_20260909_r1,X5_BALANCED_L,train_daot_u_orbit_dispersion,180,180,180,21,0.009090561251919548,0.17544471204012363,0.02332534192002251,0.009338481534222091
a1_ecrs_cross_rx_s392005_20260909_r1,X5_BALANCED_L,train_daot_u_orbit_scale,200,200,180,21,0.0,1.0,0.8025,1.0
a1_ecrs_cross_rx_s392005_20260909_r1,X5_BALANCED_L,train_daot_worst_bucket_elevation,4,4,4,21,0.21875,0.6875,0.4921875,0.6875
a1_ecrs_cross_rx_s392005_20260909_r1,X5_BALANCED_L,train_daot_worst_bucket_snr,4,4,4,21,0.1875,0.78125,0.53125,0.65625
a1_ecrs_cross_rx_s392005_20260909_r1,X5_BALANCED_L,train_dm_accept_local_component_class_coverage,200,200,0,,0.0,0.0,0.0,0.0
a1_ecrs_cross_rx_s392005_20260909_r1,X5_BALANCED_L,train_ecrs_cross_rx_clean_count,200,200,200,1,128.0,128.0,128.0,128.0
a1_ecrs_cross_rx_s392005_20260909_r1,X5_BALANCED_L,train_ecrs_cross_rx_configured,200,200,200,1,1.0,1.0,1.0,1.0
a1_ecrs_cross_rx_s392005_20260909_r1,X5_BALANCED_L,train_ecrs_cross_rx_executed,200,200,200,1,1.0,1.0,1.0,1.0
a1_ecrs_cross_rx_s392005_20260909_r1,X5_BALANCED_L,train_ecrs_cross_rx_identity_grad_norm,200,200,200,1,7.759599611745216e-06,0.0027198561001569033,0.00033152552037336137,0.00026939710369333625
a1_ecrs_cross_rx_s392005_20260909_r1,X5_BALANCED_L,train_ecrs_cross_rx_leo_count,200,200,121,80,0.0,109.54954954954955,60.667387387387386,104.93693693693693
a1_ecrs_cross_rx_s392005_20260909_r1,X5_BALANCED_L,train_ecrs_cross_rx_raw_loss,200,200,200,1,0.018070650722776162,0.20112103270786302,0.03394912209060644,0.026565889235908996
a1_ecrs_cross_rx_s392005_20260909_r1,X5_BALANCED_L,train_ecrs_cross_rx_successful_steps,200,200,200,1,110.5,44269.5,22188.01011261261,44269.5
a1_ecrs_cross_rx_s392005_20260909_r1,X5_BALANCED_L,train_ecrs_cross_rx_valid_anchors,200,200,200,1,128.0,237.54954954954954,188.66738738738738,232.93693693693695
a1_ecrs_cross_rx_s392005_20260909_r1,X5_BALANCED_L,train_ecrs_cross_rx_weighted_loss,200,200,200,1,0.0009035325521450956,0.010056051853540781,0.0016974561345059454,0.0013282944858052266
a1_ecrs_cross_rx_s392005_20260909_r1,X5_BALANCED_L,train_loss_cons_labeled,200,200,184,17,0.0,0.10934352015589809,0.04812063681112753,0.048211862375070386
a1_ecrs_cross_rx_s392005_20260909_r1,X5_BALANCED_L,train_loss_daot_fingerprint,200,200,0,,0.0,0.0,0.0,0.0
a1_ecrs_cross_rx_s392005_20260909_r1,X5_BALANCED_L,train_loss_daot_nuisance,200,200,180,21,0.0,0.5985013324398178,0.5236021857124729,0.5851185328520097
a1_ecrs_cross_rx_s392005_20260909_r1,X5_BALANCED_L,train_loss_daot_orbit_logit,200,200,180,21,0.0,15.52039108405242,6.759495191380784,5.634740018629813
a1_ecrs_cross_rx_s392005_20260909_r1,X5_BALANCED_L,train_loss_daot_orbit_proto,200,200,0,,0.0,0.0,0.0,0.0
a1_ecrs_cross_rx_s392005_20260909_r1,X5_BALANCED_L,train_loss_daot_orbit_relation,200,200,0,,0.0,0.0,0.0,0.0
a1_ecrs_cross_rx_s392005_20260909_r1,X5_BALANCED_L,train_loss_daot_orbit_z,200,200,180,21,0.0,0.34203688021715695,0.14897659320166118,0.15255646588834557
a1_ecrs_cross_rx_s392005_20260909_r1,X5_BALANCED_L,train_loss_daot_tangent,200,200,0,,0.0,0.0,0.0,0.0
a1_ecrs_cross_rx_s392005_20260909_r1,X5_BALANCED_L,train_loss_daot_total,200,200,180,21,0.0,0.8408569843919428,0.6652015498685776,0.8334391702402819
a1_ecrs_cross_rx_s392005_20260909_r1,X5_BALANCED_L,train_loss_daot_unlabeled,200,200,180,21,0.0,0.5791511550411448,0.45384932793853044,0.561680659786001
a1_ecrs_cross_rx_s392005_20260909_r1,X5_BALANCED_L,train_loss_group_ce_labeled,200,200,200,1,1.1528683255116146,12.785585489358988,2.2356313117890543,1.3597783939325594
a1_ecrs_cross_rx_s392005_20260909_r1,X5_BALANCED_L,train_loss_sat_cls_labeled,200,200,121,80,0.0,3.885126502838338,1.824112240439018,2.8885635754648336
a1_ecrs_cross_rx_s392005_20260909_r1,X5_BALANCED_L,train_loss_sat_cons_labeled,200,200,0,,0.0,0.0,0.0,0.0
a1_ecrs_cross_rx_s392005_20260909_r1,X5_BALANCED_L,train_os_gradient_nonfinite_bundle,200,200,0,,0.0,0.0,0.0,0.0
a1_ecrs_cross_rx_s392005_20260909_r1,X5_BALANCED_L,train_rc4_effective_weighted_coverage,200,200,180,21,0.0,0.15000000596046448,0.1349999932696422,0.15000000361118232
a1_ecrs_cross_rx_s392005_20260909_r1,X5_BALANCED_L,train_rc4_hard_effective_coverage,200,200,180,21,0.0,0.15000000428240579,0.09887940719920284,0.09161700481162952
a1_ecrs_cross_rx_s392005_20260909_r1,X5_BALANCED_L,train_rc4_negative_effective_coverage,200,200,0,,0.0,0.0,0.0,0.0
a1_ecrs_cross_rx_s392005_20260909_r1,X5_BALANCED_L,train_rc4_partial_effective_coverage,200,200,165,21,0.0,0.1484790515523773,0.03612058405544285,0.0583829950658722
a1_ecrs_cross_rx_s392005_20260909_r1,X5_BALANCED_L,train_sat_anchor_class_coverage,200,200,180,21,0.0,5.9774774774774775,3.4101801801801805,2.9684684684684686
a1_ecrs_cross_rx_s392005_20260909_r1,X5_BALANCED_L,train_sat_anchor_receiver_coverage,200,200,180,21,0.0,5.0,4.140450450450451,4.995495495495495
a1_ecrs_cross_rx_s392005_20260909_r1,X5_BALANCED_L,train_skipped_nonfinite_grad,200,200,19,1,0.0,0.009009009009009009,0.0004504504504504504,0.0
a1_ecrs_cross_rx_s392005_20260909_r1,X5_BALANCED_L,train_skipped_nonfinite_loss,200,200,0,,0.0,0.0,0.0,0.0
a1_ecrs_cross_rx_s392005_20260909_r1,X5_BALANCED_L,train_source_episode_local_component_coverage,181,181,181,20,1.0,1.0,1.0,1.0
a1_ecrs_cross_rx_s392005_20260909_r1,X5_BALANCED_L,train_tail_rollback_cooldown_remaining,200,200,0,,0.0,0.0,0.0,0.0
a1_ecrs_cross_rx_s392005_20260909_r1,X5_BALANCED_L,train_w_loss_cons_labeled,200,200,184,17,0.0,0.004176921672649212,0.0029910059018178033,0.0038569940103066933
a1_ecrs_cross_rx_s392005_20260909_r1,X5_BALANCED_L,train_w_loss_group_ce_labeled,200,200,200,1,0.18445892753666854,1.0228468101840835,0.29459603132836326,0.21756453875888576
a1_ecrs_cross_rx_s392005_20260909_r1,X5_BALANCED_L,train_w_loss_sat_cls_labeled,200,200,121,80,0.0,2.6418860495575025,1.2403963365480346,1.9642232510723752
a1_ecrs_cross_rx_s392005_20260909_r1,X5_BALANCED_L,train_w_loss_sat_cons_labeled,200,200,0,,0.0,0.0,0.0,0.0
a1_ecrs_cross_rx_s392005_20260909_r1,X5_BALANCED_L,val_tx_acc,200,200,200,1,23.61111111111111,98.6,97.29288888888888,98.56666666666666
a1_ecrs_cross_rx_s392005_20260909_r1,X6_BOUNDED_DOMAIN,concat_sat_ce_weight,200,200,200,1,1.0,1.0,1.0,1.0
a1_ecrs_cross_rx_s392005_20260909_r1,X6_BOUNDED_DOMAIN,concat_sat_start_epoch,200,200,200,1,1.0,1.0,1.0,1.0
a1_ecrs_cross_rx_s392005_20260909_r1,X6_BOUNDED_DOMAIN,group_ce_top_frac,200,200,200,1,0.35,0.35,0.35,0.35
a1_ecrs_cross_rx_s392005_20260909_r1,X6_BOUNDED_DOMAIN,joint_guard_paic_cooldown_remaining,200,200,0,,0.0,0.0,0.0,0.0
a1_ecrs_cross_rx_s392005_20260909_r1,X6_BOUNDED_DOMAIN,lambda_cons,200,200,200,1,0.08,0.08,0.08,0.08
a1_ecrs_cross_rx_s392005_20260909_r1,X6_BOUNDED_DOMAIN,lambda_group_ce,200,200,200,1,0.16,0.16,0.16,0.16
a1_ecrs_cross_rx_s392005_20260909_r1,X6_BOUNDED_DOMAIN,loss_weight_group_ce,200,200,200,1,0.08,0.16,0.14577885253594247,0.16
a1_ecrs_cross_rx_s392005_20260909_r1,X6_BOUNDED_DOMAIN,lr,200,200,200,1,1.0000000000000002e-06,0.0002,8.875000000000002e-05,1.0000000000000002e-06
a1_ecrs_cross_rx_s392005_20260909_r1,X6_BOUNDED_DOMAIN,nonfinite_test_metric_count,200,200,200,1,1.0,1.0,1.0,1.0
a1_ecrs_cross_rx_s392005_20260909_r1,X6_BOUNDED_DOMAIN,nonfinite_train_metric_count,200,200,200,1,4.0,4.0,4.0,4.0
a1_ecrs_cross_rx_s392005_20260909_r1,X6_BOUNDED_DOMAIN,nonfinite_val_metric_count,200,200,200,1,1.0,1.0,1.0,1.0
a1_ecrs_cross_rx_s392005_20260909_r1,X6_BOUNDED_DOMAIN,phase2_audit_imports_balanced_tx_rx_sampler,200,200,200,1,1.0,1.0,1.0,1.0
a1_ecrs_cross_rx_s392005_20260909_r1,X6_BOUNDED_DOMAIN,stage_group_ce_scale,200,200,200,1,0.5,1.0,0.9111178283496403,1.0
a1_ecrs_cross_rx_s392005_20260909_r1,X6_BOUNDED_DOMAIN,stage_source_val_sat_floor_tx,200,200,200,1,31.014814814814816,92.1962962962963,79.97112962962963,92.17407407407407
a1_ecrs_cross_rx_s392005_20260909_r1,X6_BOUNDED_DOMAIN,stage_source_val_sat_mean_tx,200,200,200,1,31.506172839506174,92.98641975308641,80.97352469135802,92.94567901234568
a1_ecrs_cross_rx_s392005_20260909_r1,X6_BOUNDED_DOMAIN,stage_tail_rollback_cooldown_remaining,200,200,0,,0.0,0.0,0.0,0.0
a1_ecrs_cross_rx_s392005_20260909_r1,X6_BOUNDED_DOMAIN,train_a1_ema_effective_decay,200,200,200,1,0.9900000000000024,0.9989999999999969,0.9972399999999989,0.9989999999999969
a1_ecrs_cross_rx_s392005_20260909_r1,X6_BOUNDED_DOMAIN,train_a1_ema_successful_updates,200,200,200,1,110.5,44268.5,22188.643063063064,44268.5
a1_ecrs_cross_rx_s392005_20260909_r1,X6_BOUNDED_DOMAIN,train_concat_sat_active,200,200,200,1,1.0,1.0,1.0,1.0
a1_ecrs_cross_rx_s392005_20260909_r1,X6_BOUNDED_DOMAIN,train_concat_sat_applied,200,200,200,1,0.23423423423423423,0.8558558558558559,0.6510135135135136,0.8198198198198198
a1_ecrs_cross_rx_s392005_20260909_r1,X6_BOUNDED_DOMAIN,train_concat_sat_clean_batch_size,200,200,200,1,128.0,128.0,128.0,128.0
a1_ecrs_cross_rx_s392005_20260909_r1,X6_BOUNDED_DOMAIN,train_concat_sat_expanded,200,200,0,,0.0,0.0,0.0,0.0
a1_ecrs_cross_rx_s392005_20260909_r1,X6_BOUNDED_DOMAIN,train_concat_sat_stage_index,200,200,160,41,0.0,2.0,1.35,2.0
a1_ecrs_cross_rx_s392005_20260909_r1,X6_BOUNDED_DOMAIN,train_concat_sat_stage_start_epoch,200,200,200,1,1.0,91.0,60.5,91.0
a1_ecrs_cross_rx_s392005_20260909_r1,X6_BOUNDED_DOMAIN,train_concat_sat_total_batch_size,200,200,200,1,128.0,128.0,128.0,128.0
a1_ecrs_cross_rx_s392005_20260909_r1,X6_BOUNDED_DOMAIN,train_concat_sat_view_prob,200,200,200,1,0.29999999999999877,0.8000000000000016,0.65,0.8000000000000016
a1_ecrs_cross_rx_s392005_20260909_r1,X6_BOUNDED_DOMAIN,train_daot_batched_view_count,200,200,180,21,0.0,1.0,0.9,1.0
a1_ecrs_cross_rx_s392005_20260909_r1,X6_BOUNDED_DOMAIN,train_daot_clean_teacher_weight,180,180,180,21,0.4999954193025022,0.5000096695111679,0.5000001635264467,0.4999992428599177
a1_ecrs_cross_rx_s392005_20260909_r1,X6_BOUNDED_DOMAIN,train_daot_consensus_rate,180,180,180,21,0.5401182432432432,0.9384149774774775,0.8572592123373374,0.9317989864864865
a1_ecrs_cross_rx_s392005_20260909_r1,X6_BOUNDED_DOMAIN,train_daot_fingerprint_selectivity,180,180,0,,0.0,0.0,0.0,0.0
a1_ecrs_cross_rx_s392005_20260909_r1,X6_BOUNDED_DOMAIN,train_daot_fingerprint_sensitivity,180,180,0,,0.0,0.0,0.0,0.0
a1_ecrs_cross_rx_s392005_20260909_r1,X6_BOUNDED_DOMAIN,train_daot_grad_ratio_fingerprint,4,4,0,,0.0,0.0,0.0,0.0
a1_ecrs_cross_rx_s392005_20260909_r1,X6_BOUNDED_DOMAIN,train_daot_grad_ratio_nuisance,4,4,4,21,2.7509643785793908e-09,1.9372657165275677e-08,1.056824451531465e-08,1.9372657165275677e-08
a1_ecrs_cross_rx_s392005_20260909_r1,X6_BOUNDED_DOMAIN,train_daot_grad_ratio_orbit_logit,4,4,4,21,5.0494748401429215,17.70546079388568,12.98083066792031,17.70546079388568
a1_ecrs_cross_rx_s392005_20260909_r1,X6_BOUNDED_DOMAIN,train_daot_grad_ratio_orbit_proto,4,4,0,,0.0,0.0,0.0,0.0
a1_ecrs_cross_rx_s392005_20260909_r1,X6_BOUNDED_DOMAIN,train_daot_grad_ratio_orbit_relation,4,4,0,,0.0,0.0,0.0,0.0
a1_ecrs_cross_rx_s392005_20260909_r1,X6_BOUNDED_DOMAIN,train_daot_grad_ratio_orbit_z,4,4,4,21,0.0209401075648289,0.055393698418124714,0.03903940248389795,0.055393698418124714
a1_ecrs_cross_rx_s392005_20260909_r1,X6_BOUNDED_DOMAIN,train_daot_grad_ratio_tangent,4,4,0,,0.0,0.0,0.0,0.0
a1_ecrs_cross_rx_s392005_20260909_r1,X6_BOUNDED_DOMAIN,train_daot_identity_only_used,200,200,180,21,0.0,1.0,0.9,1.0
a1_ecrs_cross_rx_s392005_20260909_r1,X6_BOUNDED_DOMAIN,train_daot_logit_coverage,180,180,180,21,0.4379883649515676,0.9294860193858275,0.8375185180160853,0.9225822587807974
a1_ecrs_cross_rx_s392005_20260909_r1,X6_BOUNDED_DOMAIN,train_daot_logit_coverage_weighting,200,200,0,,0.0,0.0,0.0,0.0
a1_ecrs_cross_rx_s392005_20260909_r1,X6_BOUNDED_DOMAIN,train_daot_logit_weighted_contribution,200,200,180,21,0.0,0.324833134273151,0.2550282211817994,0.32258790865674747
a1_ecrs_cross_rx_s392005_20260909_r1,X6_BOUNDED_DOMAIN,train_daot_loss_scale_fingerprint,180,180,180,21,1.0,1.0,1.0,1.0
a1_ecrs_cross_rx_s392005_20260909_r1,X6_BOUNDED_DOMAIN,train_daot_loss_scale_nuisance,180,180,180,21,1.0,1.0,1.0,1.0
a1_ecrs_cross_rx_s392005_20260909_r1,X6_BOUNDED_DOMAIN,train_daot_loss_scale_orbit_logit,180,180,180,21,3.2370132524539548,9.277633886752394,4.609108052651018,3.5139311500319517
a1_ecrs_cross_rx_s392005_20260909_r1,X6_BOUNDED_DOMAIN,train_daot_loss_scale_orbit_proto,180,180,180,21,1.0,1.0,1.0,1.0
a1_ecrs_cross_rx_s392005_20260909_r1,X6_BOUNDED_DOMAIN,train_daot_loss_scale_orbit_relation,180,180,180,21,1.0,1.0,1.0,1.0
a1_ecrs_cross_rx_s392005_20260909_r1,X6_BOUNDED_DOMAIN,train_daot_loss_scale_orbit_z,180,180,180,21,0.14669781991364644,0.32810150415895545,0.163295743271457,0.14933067966342992
a1_ecrs_cross_rx_s392005_20260909_r1,X6_BOUNDED_DOMAIN,train_daot_loss_scale_tangent,180,180,180,21,1.0,1.0,1.0,1.0
a1_ecrs_cross_rx_s392005_20260909_r1,X6_BOUNDED_DOMAIN,train_daot_mean_metadata_skip_enabled,200,200,200,1,1.0,1.0,1.0,1.0
a1_ecrs_cross_rx_s392005_20260909_r1,X6_BOUNDED_DOMAIN,train_daot_nuisance_sensitivity,180,180,0,,0.0,0.0,0.0,0.0
a1_ecrs_cross_rx_s392005_20260909_r1,X6_BOUNDED_DOMAIN,train_daot_nuisance_sensitivity_agc,4,4,4,21,10.467529296875,12.97790813446045,11.31753420829773,10.7452392578125
a1_ecrs_cross_rx_s392005_20260909_r1,X6_BOUNDED_DOMAIN,train_daot_nuisance_sensitivity_doppler,4,4,4,21,10.733301162719727,13.33076286315918,11.564445495605469,11.011510848999023
a1_ecrs_cross_rx_s392005_20260909_r1,X6_BOUNDED_DOMAIN,train_daot_nuisance_sensitivity_doppler_rate,4,4,4,21,10.550064086914062,13.025273323059082,11.382717370986938,10.841195106506348
a1_ecrs_cross_rx_s392005_20260909_r1,X6_BOUNDED_DOMAIN,train_daot_nuisance_sensitivity_multipath,4,4,4,21,10.470602989196777,12.948566436767578,11.309613704681396,10.743743896484375
a1_ecrs_cross_rx_s392005_20260909_r1,X6_BOUNDED_DOMAIN,train_daot_nuisance_sensitivity_phase_noise,4,4,4,21,10.45803451538086,12.96963119506836,11.307316064834595,10.726510047912598
a1_ecrs_cross_rx_s392005_20260909_r1,X6_BOUNDED_DOMAIN,train_daot_nuisance_sensitivity_sfo,4,4,4,21,10.460107803344727,12.97358226776123,11.319026708602905,10.750463485717773
a1_ecrs_cross_rx_s392005_20260909_r1,X6_BOUNDED_DOMAIN,train_daot_nuisance_sensitivity_snr,4,4,4,21,10.461713790893555,12.964330673217773,11.316497087478638,10.74858570098877
a1_ecrs_cross_rx_s392005_20260909_r1,X6_BOUNDED_DOMAIN,train_daot_nuisance_sensitivity_sto,4,4,4,21,10.467510223388672,13.05862808227539,11.35440707206726,10.763890266418457
a1_ecrs_cross_rx_s392005_20260909_r1,X6_BOUNDED_DOMAIN,train_daot_objective_computed,200,200,180,21,0.0,1.0,0.9,1.0
a1_ecrs_cross_rx_s392005_20260909_r1,X6_BOUNDED_DOMAIN,train_daot_orbit_dispersion,180,180,180,21,0.009993452262049457,0.15120398488130654,0.023107233537021685,0.011001754394807928
a1_ecrs_cross_rx_s392005_20260909_r1,X6_BOUNDED_DOMAIN,train_daot_orbit_scale,200,200,180,21,0.0,1.0,0.8025,1.0
a1_ecrs_cross_rx_s392005_20260909_r1,X6_BOUNDED_DOMAIN,train_daot_proto_input_available,200,200,0,,0.0,0.0,0.0,0.0
a1_ecrs_cross_rx_s392005_20260909_r1,X6_BOUNDED_DOMAIN,train_daot_scale_batched_enabled,200,200,200,1,1.0,1.0,1.0,1.0
a1_ecrs_cross_rx_s392005_20260909_r1,X6_BOUNDED_DOMAIN,train_daot_tangent_scale,200,200,140,61,0.0,1.0,0.5025,1.0
a1_ecrs_cross_rx_s392005_20260909_r1,X6_BOUNDED_DOMAIN,train_daot_teacher_effective_views,180,180,180,21,1.9999841746983227,1.9999999989260424,1.9999993837422676,1.9999993046124775
a1_ecrs_cross_rx_s392005_20260909_r1,X6_BOUNDED_DOMAIN,train_daot_teacher_labeled_accuracy,180,180,180,21,0.8656390765765766,0.986204954954955,0.9638126407657658,0.979272240990991
a1_ecrs_cross_rx_s392005_20260909_r1,X6_BOUNDED_DOMAIN,train_daot_teacher_labeled_confidence,180,180,180,21,0.9100671044072589,0.9977262535610715,0.9893645235987099,0.9964326206628267
a1_ecrs_cross_rx_s392005_20260909_r1,X6_BOUNDED_DOMAIN,train_daot_teacher_view_count,200,200,180,21,0.0,2.0,1.8,2.0
a1_ecrs_cross_rx_s392005_20260909_r1,X6_BOUNDED_DOMAIN,train_daot_u_consensus_rate,180,180,180,21,0.53910223213402,0.9525199341881383,0.8745707809761002,0.9513188842180613
a1_ecrs_cross_rx_s392005_20260909_r1,X6_BOUNDED_DOMAIN,train_daot_u_logit_coverage,180,180,180,21,0.47144233334708857,0.9460716365693925,0.8599881634936557,0.9451421233447822
a1_ecrs_cross_rx_s392005_20260909_r1,X6_BOUNDED_DOMAIN,train_daot_u_logit_weighted_contribution,200,200,180,21,0.0,0.08912300730442947,0.06220568833671309,0.07431119616638433
a1_ecrs_cross_rx_s392005_20260909_r1,X6_BOUNDED_DOMAIN,train_daot_u_orbit_dispersion,180,180,180,21,0.00772639338728376,0.16964490389501727,0.02214774571574625,0.007884531990868283
a1_ecrs_cross_rx_s392005_20260909_r1,X6_BOUNDED_DOMAIN,train_daot_u_orbit_scale,200,200,180,21,0.0,1.0,0.8025,1.0
a1_ecrs_cross_rx_s392005_20260909_r1,X6_BOUNDED_DOMAIN,train_daot_worst_bucket_elevation,4,4,4,21,0.15625,0.78125,0.5546875,0.78125
a1_ecrs_cross_rx_s392005_20260909_r1,X6_BOUNDED_DOMAIN,train_daot_worst_bucket_snr,4,4,4,21,0.15625,0.8125,0.59375,0.78125
a1_ecrs_cross_rx_s392005_20260909_r1,X6_BOUNDED_DOMAIN,train_dm_accept_local_component_class_coverage,200,200,0,,0.0,0.0,0.0,0.0
a1_ecrs_cross_rx_s392005_20260909_r1,X6_BOUNDED_DOMAIN,train_ecrs_cross_rx_clean_count,200,200,200,1,128.0,128.0,128.0,128.0
a1_ecrs_cross_rx_s392005_20260909_r1,X6_BOUNDED_DOMAIN,train_ecrs_cross_rx_configured,200,200,200,1,1.0,1.0,1.0,1.0
a1_ecrs_cross_rx_s392005_20260909_r1,X6_BOUNDED_DOMAIN,train_ecrs_cross_rx_executed,200,200,200,1,1.0,1.0,1.0,1.0
a1_ecrs_cross_rx_s392005_20260909_r1,X6_BOUNDED_DOMAIN,train_ecrs_cross_rx_identity_grad_norm,200,200,200,1,3.997041494585574e-05,0.00319854193367064,0.000440527803839359,0.0001536329073132947
a1_ecrs_cross_rx_s392005_20260909_r1,X6_BOUNDED_DOMAIN,train_ecrs_cross_rx_leo_count,200,200,121,80,0.0,109.54954954954955,60.667387387387386,104.93693693693693
a1_ecrs_cross_rx_s392005_20260909_r1,X6_BOUNDED_DOMAIN,train_ecrs_cross_rx_raw_loss,200,200,200,1,0.017359197206075747,0.2008113552321185,0.030114162585779373,0.023725024168523814
a1_ecrs_cross_rx_s392005_20260909_r1,X6_BOUNDED_DOMAIN,train_ecrs_cross_rx_successful_steps,200,200,200,1,110.5,44268.5,22188.643063063064,44268.5
a1_ecrs_cross_rx_s392005_20260909_r1,X6_BOUNDED_DOMAIN,train_ecrs_cross_rx_valid_anchors,200,200,200,1,127.84234234234235,237.38288288288288,188.54306306306304,232.82432432432432
a1_ecrs_cross_rx_s392005_20260909_r1,X6_BOUNDED_DOMAIN,train_ecrs_cross_rx_weighted_loss,200,200,200,1,0.0008679598696773184,0.010040567940319175,0.001505708155132078,0.0011862512308792386
a1_ecrs_cross_rx_s392005_20260909_r1,X6_BOUNDED_DOMAIN,train_loss_cons_labeled,200,200,184,17,0.0,0.32398065790399777,0.19257491378096847,0.20096512528153154
a1_ecrs_cross_rx_s392005_20260909_r1,X6_BOUNDED_DOMAIN,train_loss_daot_fingerprint,200,200,0,,0.0,0.0,0.0,0.0
a1_ecrs_cross_rx_s392005_20260909_r1,X6_BOUNDED_DOMAIN,train_loss_daot_nuisance,200,200,180,21,0.0,0.6177333783995997,0.5330333303693715,0.5913514860041507
a1_ecrs_cross_rx_s392005_20260909_r1,X6_BOUNDED_DOMAIN,train_loss_daot_orbit_logit,200,200,180,21,0.0,14.171210173014048,6.597715274592241,5.687595234260903
a1_ecrs_cross_rx_s392005_20260909_r1,X6_BOUNDED_DOMAIN,train_loss_daot_orbit_proto,200,200,0,,0.0,0.0,0.0,0.0
a1_ecrs_cross_rx_s392005_20260909_r1,X6_BOUNDED_DOMAIN,train_loss_daot_orbit_relation,200,200,0,,0.0,0.0,0.0,0.0
a1_ecrs_cross_rx_s392005_20260909_r1,X6_BOUNDED_DOMAIN,train_loss_daot_orbit_z,200,200,180,21,0.0,0.326720320426666,0.14969918225833156,0.1535272417707486
a1_ecrs_cross_rx_s392005_20260909_r1,X6_BOUNDED_DOMAIN,train_loss_daot_tangent,200,200,0,,0.0,0.0,0.0,0.0
a1_ecrs_cross_rx_s392005_20260909_r1,X6_BOUNDED_DOMAIN,train_loss_daot_total,200,200,180,21,0.0,0.8380056786107587,0.6651232360293544,0.836490130639291
a1_ecrs_cross_rx_s392005_20260909_r1,X6_BOUNDED_DOMAIN,train_loss_daot_unlabeled,200,200,180,21,0.0,0.5792462022991868,0.4544660364090767,0.5607794440007424
a1_ecrs_cross_rx_s392005_20260909_r1,X6_BOUNDED_DOMAIN,train_loss_group_ce_labeled,200,200,200,1,1.3155685850159005,12.859833515442169,2.584069555337868,1.712527736417345
a1_ecrs_cross_rx_s392005_20260909_r1,X6_BOUNDED_DOMAIN,train_loss_sat_cls_labeled,200,200,121,80,0.0,3.5661443668577046,1.6632029963315171,2.6661349415007205
a1_ecrs_cross_rx_s392005_20260909_r1,X6_BOUNDED_DOMAIN,train_loss_sat_cons_labeled,200,200,0,,0.0,0.0,0.0,0.0
a1_ecrs_cross_rx_s392005_20260909_r1,X6_BOUNDED_DOMAIN,train_os_gradient_nonfinite_bundle,200,200,0,,0.0,0.0,0.0,0.0
a1_ecrs_cross_rx_s392005_20260909_r1,X6_BOUNDED_DOMAIN,train_rc4_effective_weighted_coverage,200,200,180,21,0.0,0.15000000468513988,0.13500000343230126,0.15000000381254935
a1_ecrs_cross_rx_s392005_20260909_r1,X6_BOUNDED_DOMAIN,train_rc4_hard_effective_coverage,200,200,180,21,0.0,0.15000000455089518,0.09586013480403192,0.017517274448035604
a1_ecrs_cross_rx_s392005_20260909_r1,X6_BOUNDED_DOMAIN,train_rc4_negative_effective_coverage,200,200,0,,0.0,0.0,0.0,0.0
a1_ecrs_cross_rx_s392005_20260909_r1,X6_BOUNDED_DOMAIN,train_rc4_partial_effective_coverage,200,200,152,21,0.0,0.14381318284316105,0.039139866901793934,0.13248272609334807
a1_ecrs_cross_rx_s392005_20260909_r1,X6_BOUNDED_DOMAIN,train_sat_anchor_class_coverage,200,200,180,21,0.0,5.9774774774774775,3.2997297297297297,2.608108108108108
a1_ecrs_cross_rx_s392005_20260909_r1,X6_BOUNDED_DOMAIN,train_sat_anchor_receiver_coverage,200,200,180,21,0.0,5.0,3.7555855855855858,2.31981981981982
a1_ecrs_cross_rx_s392005_20260909_r1,X6_BOUNDED_DOMAIN,train_skipped_nonfinite_grad,200,200,20,1,0.0,0.009009009009009009,0.000472972972972973,0.0
a1_ecrs_cross_rx_s392005_20260909_r1,X6_BOUNDED_DOMAIN,train_skipped_nonfinite_loss,200,200,0,,0.0,0.0,0.0,0.0
a1_ecrs_cross_rx_s392005_20260909_r1,X6_BOUNDED_DOMAIN,train_source_episode_local_component_coverage,181,181,181,20,1.0,1.0,1.0,1.0
a1_ecrs_cross_rx_s392005_20260909_r1,X6_BOUNDED_DOMAIN,train_tail_rollback_cooldown_remaining,200,200,0,,0.0,0.0,0.0,0.0
a1_ecrs_cross_rx_s392005_20260909_r1,X6_BOUNDED_DOMAIN,train_w_loss_cons_labeled,200,200,184,17,0.0,0.016298792383692286,0.012261050241487522,0.016076783876161318
a1_ecrs_cross_rx_s392005_20260909_r1,X6_BOUNDED_DOMAIN,train_w_loss_group_ce_labeled,200,200,200,1,0.21049096861535366,1.0287866603146802,0.3452165444174504,0.274004431747672
a1_ecrs_cross_rx_s392005_20260909_r1,X6_BOUNDED_DOMAIN,train_w_loss_sat_cls_labeled,200,200,121,80,0.0,2.424978193847949,1.1309780494984345,1.8129717785831507
a1_ecrs_cross_rx_s392005_20260909_r1,X6_BOUNDED_DOMAIN,train_w_loss_sat_cons_labeled,200,200,0,,0.0,0.0,0.0,0.0
a1_ecrs_cross_rx_s392005_20260909_r1,X6_BOUNDED_DOMAIN,val_tx_acc,200,200,200,1,40.077777777777776,98.58518518518518,97.6424074074074,98.52222222222223
a1_ecrs_cross_rx_s392005_20260909_r1,X7_COMBINED,concat_sat_ce_weight,200,200,200,1,1.0,1.0,1.0,1.0
a1_ecrs_cross_rx_s392005_20260909_r1,X7_COMBINED,concat_sat_start_epoch,200,200,200,1,1.0,1.0,1.0,1.0
a1_ecrs_cross_rx_s392005_20260909_r1,X7_COMBINED,group_ce_top_frac,200,200,200,1,0.35,0.35,0.35,0.35
a1_ecrs_cross_rx_s392005_20260909_r1,X7_COMBINED,joint_guard_paic_cooldown_remaining,200,200,0,,0.0,0.0,0.0,0.0
a1_ecrs_cross_rx_s392005_20260909_r1,X7_COMBINED,lambda_cons,200,200,200,1,0.08,0.08,0.08,0.08
a1_ecrs_cross_rx_s392005_20260909_r1,X7_COMBINED,lambda_group_ce,200,200,200,1,0.16,0.16,0.16,0.16
a1_ecrs_cross_rx_s392005_20260909_r1,X7_COMBINED,loss_weight_group_ce,200,200,200,1,0.08,0.16,0.14577885253594247,0.16
a1_ecrs_cross_rx_s392005_20260909_r1,X7_COMBINED,lr,200,200,200,1,1.0000000000000002e-06,0.0002,8.875000000000002e-05,1.0000000000000002e-06
a1_ecrs_cross_rx_s392005_20260909_r1,X7_COMBINED,nonfinite_test_metric_count,200,200,200,1,1.0,1.0,1.0,1.0
a1_ecrs_cross_rx_s392005_20260909_r1,X7_COMBINED,nonfinite_train_metric_count,200,200,200,1,4.0,4.0,4.0,4.0
a1_ecrs_cross_rx_s392005_20260909_r1,X7_COMBINED,nonfinite_val_metric_count,200,200,200,1,1.0,1.0,1.0,1.0
a1_ecrs_cross_rx_s392005_20260909_r1,X7_COMBINED,phase2_audit_imports_balanced_tx_rx_sampler,200,200,200,1,1.0,1.0,1.0,1.0
a1_ecrs_cross_rx_s392005_20260909_r1,X7_COMBINED,stage_group_ce_scale,200,200,200,1,0.5,1.0,0.9111178283496403,1.0
a1_ecrs_cross_rx_s392005_20260909_r1,X7_COMBINED,stage_source_val_sat_floor_tx,200,200,200,1,25.544444444444444,90.7925925925926,78.11540740740742,90.7074074074074
a1_ecrs_cross_rx_s392005_20260909_r1,X7_COMBINED,stage_source_val_sat_mean_tx,200,200,200,1,26.133333333333336,91.65679012345679,79.10845679012345,91.54814814814814
a1_ecrs_cross_rx_s392005_20260909_r1,X7_COMBINED,stage_tail_rollback_cooldown_remaining,200,200,0,,0.0,0.0,0.0,0.0
a1_ecrs_cross_rx_s392005_20260909_r1,X7_COMBINED,train_a1_ema_effective_decay,200,200,200,1,0.9710525904179228,0.9989999999999969,0.9971452629520886,0.9989999999999969
a1_ecrs_cross_rx_s392005_20260909_r1,X7_COMBINED,train_a1_ema_successful_updates,200,200,200,1,110.5,44269.5,22188.196058558555,44269.5
a1_ecrs_cross_rx_s392005_20260909_r1,X7_COMBINED,train_concat_sat_active,200,200,200,1,1.0,1.0,1.0,1.0
a1_ecrs_cross_rx_s392005_20260909_r1,X7_COMBINED,train_concat_sat_applied,200,200,200,1,0.23423423423423423,0.8558558558558559,0.6510135135135136,0.8198198198198198
a1_ecrs_cross_rx_s392005_20260909_r1,X7_COMBINED,train_concat_sat_clean_batch_size,200,200,200,1,128.0,128.0,128.0,128.0
a1_ecrs_cross_rx_s392005_20260909_r1,X7_COMBINED,train_concat_sat_expanded,200,200,0,,0.0,0.0,0.0,0.0
a1_ecrs_cross_rx_s392005_20260909_r1,X7_COMBINED,train_concat_sat_stage_index,200,200,160,41,0.0,2.0,1.35,2.0
a1_ecrs_cross_rx_s392005_20260909_r1,X7_COMBINED,train_concat_sat_stage_start_epoch,200,200,200,1,1.0,91.0,60.5,91.0
a1_ecrs_cross_rx_s392005_20260909_r1,X7_COMBINED,train_concat_sat_total_batch_size,200,200,200,1,128.0,128.0,128.0,128.0
a1_ecrs_cross_rx_s392005_20260909_r1,X7_COMBINED,train_concat_sat_view_prob,200,200,200,1,0.29999999999999877,0.8000000000000016,0.65,0.8000000000000016
a1_ecrs_cross_rx_s392005_20260909_r1,X7_COMBINED,train_daot_batched_view_count,200,200,180,21,0.0,1.0,0.9,1.0
a1_ecrs_cross_rx_s392005_20260909_r1,X7_COMBINED,train_daot_clean_teacher_weight,180,180,180,21,0.4999962191323976,0.5000041779634115,0.5000000904936034,0.5000033284629788
a1_ecrs_cross_rx_s392005_20260909_r1,X7_COMBINED,train_daot_consensus_rate,180,180,180,21,0.5349451013513513,0.9275760135135135,0.8404787600100099,0.9203617680180181
a1_ecrs_cross_rx_s392005_20260909_r1,X7_COMBINED,train_daot_fingerprint_selectivity,180,180,0,,0.0,0.0,0.0,0.0
a1_ecrs_cross_rx_s392005_20260909_r1,X7_COMBINED,train_daot_fingerprint_sensitivity,180,180,0,,0.0,0.0,0.0,0.0
a1_ecrs_cross_rx_s392005_20260909_r1,X7_COMBINED,train_daot_grad_ratio_fingerprint,4,4,0,,0.0,0.0,0.0,0.0
a1_ecrs_cross_rx_s392005_20260909_r1,X7_COMBINED,train_daot_grad_ratio_nuisance,4,4,4,21,1.16537606974052e-09,8.862750361860835e-08,2.7439843823927893e-08,1.6493656689211315e-08
a1_ecrs_cross_rx_s392005_20260909_r1,X7_COMBINED,train_daot_grad_ratio_orbit_logit,4,4,4,21,3.559765191437215,100.53644001531548,29.515593989355768,8.423194282720349
a1_ecrs_cross_rx_s392005_20260909_r1,X7_COMBINED,train_daot_grad_ratio_orbit_proto,4,4,0,,0.0,0.0,0.0,0.0
a1_ecrs_cross_rx_s392005_20260909_r1,X7_COMBINED,train_daot_grad_ratio_orbit_relation,4,4,0,,0.0,0.0,0.0,0.0
a1_ecrs_cross_rx_s392005_20260909_r1,X7_COMBINED,train_daot_grad_ratio_orbit_z,4,4,4,21,0.014281497173361059,0.35197432041615895,0.10529445601505912,0.02808545841592302
a1_ecrs_cross_rx_s392005_20260909_r1,X7_COMBINED,train_daot_grad_ratio_tangent,4,4,0,,0.0,0.0,0.0,0.0
a1_ecrs_cross_rx_s392005_20260909_r1,X7_COMBINED,train_daot_identity_only_used,200,200,180,21,0.0,1.0,0.9,1.0
a1_ecrs_cross_rx_s392005_20260909_r1,X7_COMBINED,train_daot_logit_coverage,180,180,180,21,0.44604075696688517,0.9170235043710416,0.8175600155895283,0.9098165397708481
a1_ecrs_cross_rx_s392005_20260909_r1,X7_COMBINED,train_daot_logit_coverage_weighting,200,200,200,1,1.0,1.0,1.0,1.0
a1_ecrs_cross_rx_s392005_20260909_r1,X7_COMBINED,train_daot_logit_weighted_contribution,200,200,180,21,0.0,0.29182112314276865,0.21540500261630235,0.2891815225551794
a1_ecrs_cross_rx_s392005_20260909_r1,X7_COMBINED,train_daot_loss_scale_fingerprint,180,180,180,21,1.0,1.0,1.0,1.0
a1_ecrs_cross_rx_s392005_20260909_r1,X7_COMBINED,train_daot_loss_scale_nuisance,180,180,180,21,1.0,1.0,1.0,1.0
a1_ecrs_cross_rx_s392005_20260909_r1,X7_COMBINED,train_daot_loss_scale_orbit_logit,180,180,180,21,3.504215689917499,10.227162817693314,4.869895988124845,3.624033651424933
a1_ecrs_cross_rx_s392005_20260909_r1,X7_COMBINED,train_daot_loss_scale_orbit_proto,180,180,180,21,1.0,1.0,1.0,1.0
a1_ecrs_cross_rx_s392005_20260909_r1,X7_COMBINED,train_daot_loss_scale_orbit_relation,180,180,180,21,1.0,1.0,1.0,1.0
a1_ecrs_cross_rx_s392005_20260909_r1,X7_COMBINED,train_daot_loss_scale_orbit_z,180,180,180,21,0.1482160933687212,0.34802171029759416,0.16527201311667483,0.14925458607331987
a1_ecrs_cross_rx_s392005_20260909_r1,X7_COMBINED,train_daot_loss_scale_tangent,180,180,180,21,1.0,1.0,1.0,1.0
a1_ecrs_cross_rx_s392005_20260909_r1,X7_COMBINED,train_daot_mean_metadata_skip_enabled,200,200,200,1,1.0,1.0,1.0,1.0
a1_ecrs_cross_rx_s392005_20260909_r1,X7_COMBINED,train_daot_nuisance_sensitivity,180,180,0,,0.0,0.0,0.0,0.0
a1_ecrs_cross_rx_s392005_20260909_r1,X7_COMBINED,train_daot_nuisance_sensitivity_agc,4,4,4,21,10.86357593536377,13.695001602172852,11.77216625213623,11.177403450012207
a1_ecrs_cross_rx_s392005_20260909_r1,X7_COMBINED,train_daot_nuisance_sensitivity_doppler,4,4,4,21,11.235771179199219,14.002281188964844,12.092557430267334,11.535812377929688
a1_ecrs_cross_rx_s392005_20260909_r1,X7_COMBINED,train_daot_nuisance_sensitivity_doppler_rate,4,4,4,21,11.020236015319824,13.696948051452637,11.872298002243042,11.322556495666504
a1_ecrs_cross_rx_s392005_20260909_r1,X7_COMBINED,train_daot_nuisance_sensitivity_multipath,4,4,4,21,10.882893562316895,13.660907745361328,11.755078077316284,11.170207977294922
a1_ecrs_cross_rx_s392005_20260909_r1,X7_COMBINED,train_daot_nuisance_sensitivity_phase_noise,4,4,4,21,10.868757247924805,13.689737319946289,11.760977983474731,11.16590404510498
a1_ecrs_cross_rx_s392005_20260909_r1,X7_COMBINED,train_daot_nuisance_sensitivity_sfo,4,4,4,21,10.890758514404297,13.659573554992676,11.76463270187378,11.177371978759766
a1_ecrs_cross_rx_s392005_20260909_r1,X7_COMBINED,train_daot_nuisance_sensitivity_snr,4,4,4,21,10.889309883117676,13.648223876953125,11.764122724533081,11.18093490600586
a1_ecrs_cross_rx_s392005_20260909_r1,X7_COMBINED,train_daot_nuisance_sensitivity_sto,4,4,4,21,10.988790512084961,13.70199203491211,11.81630539894104,11.183317184448242
a1_ecrs_cross_rx_s392005_20260909_r1,X7_COMBINED,train_daot_objective_computed,200,200,180,21,0.0,1.0,0.9,1.0
a1_ecrs_cross_rx_s392005_20260909_r1,X7_COMBINED,train_daot_orbit_dispersion,180,180,180,21,0.01115600763597769,0.15949135735161132,0.025084312862067065,0.011801026810824804
a1_ecrs_cross_rx_s392005_20260909_r1,X7_COMBINED,train_daot_orbit_scale,200,200,180,21,0.0,1.0,0.8025,1.0
a1_ecrs_cross_rx_s392005_20260909_r1,X7_COMBINED,train_daot_proto_input_available,200,200,0,,0.0,0.0,0.0,0.0
a1_ecrs_cross_rx_s392005_20260909_r1,X7_COMBINED,train_daot_scale_batched_enabled,200,200,200,1,1.0,1.0,1.0,1.0
a1_ecrs_cross_rx_s392005_20260909_r1,X7_COMBINED,train_daot_tangent_scale,200,200,140,61,0.0,1.0,0.5025,1.0
a1_ecrs_cross_rx_s392005_20260909_r1,X7_COMBINED,train_daot_teacher_effective_views,180,180,180,21,1.9999986258712974,1.9999999989260424,1.9999993339106366,1.9999993046124775
a1_ecrs_cross_rx_s392005_20260909_r1,X7_COMBINED,train_daot_teacher_labeled_accuracy,180,180,180,21,0.8546241554054054,0.9832488738738738,0.9588649196071071,0.9778293918918919
a1_ecrs_cross_rx_s392005_20260909_r1,X7_COMBINED,train_daot_teacher_labeled_confidence,180,180,180,21,0.9037806413195155,0.9969473086498879,0.9888295900677,0.995900411326606
a1_ecrs_cross_rx_s392005_20260909_r1,X7_COMBINED,train_daot_teacher_view_count,200,200,180,21,0.0,2.0,1.8,2.0
a1_ecrs_cross_rx_s392005_20260909_r1,X7_COMBINED,train_daot_u_consensus_rate,180,180,180,21,0.5511887895094382,0.9380738474764265,0.8554316001984331,0.936048068978765
a1_ecrs_cross_rx_s392005_20260909_r1,X7_COMBINED,train_daot_u_logit_coverage,180,180,180,21,0.48628410213702433,0.9303722478247978,0.8388420030362792,0.928398743137583
a1_ecrs_cross_rx_s392005_20260909_r1,X7_COMBINED,train_daot_u_logit_weighted_contribution,200,200,180,21,0.0,0.07204913742303311,0.0525177980010093,0.06828822094846417
a1_ecrs_cross_rx_s392005_20260909_r1,X7_COMBINED,train_daot_u_orbit_dispersion,180,180,180,21,0.008966068863063245,0.17326388662462835,0.024460549123411127,0.009316333244462405
a1_ecrs_cross_rx_s392005_20260909_r1,X7_COMBINED,train_daot_u_orbit_scale,200,200,180,21,0.0,1.0,0.8025,1.0
a1_ecrs_cross_rx_s392005_20260909_r1,X7_COMBINED,train_daot_worst_bucket_elevation,4,4,4,21,0.25,0.6875,0.5078125,0.59375
a1_ecrs_cross_rx_s392005_20260909_r1,X7_COMBINED,train_daot_worst_bucket_snr,4,4,4,21,0.21875,0.78125,0.53125,0.625
a1_ecrs_cross_rx_s392005_20260909_r1,X7_COMBINED,train_dm_accept_local_component_class_coverage,200,200,0,,0.0,0.0,0.0,0.0
a1_ecrs_cross_rx_s392005_20260909_r1,X7_COMBINED,train_ecrs_cross_rx_clean_count,200,200,200,1,128.0,128.0,128.0,128.0
a1_ecrs_cross_rx_s392005_20260909_r1,X7_COMBINED,train_ecrs_cross_rx_configured,200,200,200,1,1.0,1.0,1.0,1.0
a1_ecrs_cross_rx_s392005_20260909_r1,X7_COMBINED,train_ecrs_cross_rx_executed,200,200,200,1,1.0,1.0,1.0,1.0
a1_ecrs_cross_rx_s392005_20260909_r1,X7_COMBINED,train_ecrs_cross_rx_identity_grad_norm,200,200,200,1,2.6266652639606036e-06,0.004186848644167185,0.00045030051444427954,0.00034913624403998256
a1_ecrs_cross_rx_s392005_20260909_r1,X7_COMBINED,train_ecrs_cross_rx_leo_count,200,200,121,80,0.0,109.54954954954955,60.667387387387386,104.93693693693693
a1_ecrs_cross_rx_s392005_20260909_r1,X7_COMBINED,train_ecrs_cross_rx_raw_loss,200,200,200,1,0.018340553345215,0.20121331110193924,0.03490404075135043,0.026740928718636155
a1_ecrs_cross_rx_s392005_20260909_r1,X7_COMBINED,train_ecrs_cross_rx_successful_steps,200,200,200,1,110.5,44269.5,22188.196058558555,44269.5
a1_ecrs_cross_rx_s392005_20260909_r1,X7_COMBINED,train_ecrs_cross_rx_valid_anchors,200,200,200,1,128.0,237.54954954954954,188.66738738738738,232.93693693693695
a1_ecrs_cross_rx_s392005_20260909_r1,X7_COMBINED,train_ecrs_cross_rx_weighted_loss,200,200,200,1,0.0009170276843775838,0.010060665730454095,0.00174520206775125,0.0013370464590767115
a1_ecrs_cross_rx_s392005_20260909_r1,X7_COMBINED,train_loss_cons_labeled,200,200,184,17,0.0,0.11296590169270833,0.05020327765662391,0.05025406571121903
a1_ecrs_cross_rx_s392005_20260909_r1,X7_COMBINED,train_loss_daot_fingerprint,200,200,0,,0.0,0.0,0.0,0.0
a1_ecrs_cross_rx_s392005_20260909_r1,X7_COMBINED,train_loss_daot_nuisance,200,200,180,21,0.0,0.6066858795312073,0.5275860834054582,0.6034191962297972
a1_ecrs_cross_rx_s392005_20260909_r1,X7_COMBINED,train_loss_daot_orbit_logit,200,200,180,21,0.0,15.69098272839108,7.028923986774307,5.849278961216007
a1_ecrs_cross_rx_s392005_20260909_r1,X7_COMBINED,train_loss_daot_orbit_proto,200,200,0,,0.0,0.0,0.0,0.0
a1_ecrs_cross_rx_s392005_20260909_r1,X7_COMBINED,train_loss_daot_orbit_relation,200,200,0,,0.0,0.0,0.0,0.0
a1_ecrs_cross_rx_s392005_20260909_r1,X7_COMBINED,train_loss_daot_orbit_z,200,200,180,21,0.0,0.3501151969303956,0.15146204945136296,0.15276911720499262
a1_ecrs_cross_rx_s392005_20260909_r1,X7_COMBINED,train_loss_daot_tangent,200,200,0,,0.0,0.0,0.0,0.0
a1_ecrs_cross_rx_s392005_20260909_r1,X7_COMBINED,train_loss_daot_total,200,200,180,21,0.0,0.8018690731611338,0.6254012963053275,0.8008382921820288
a1_ecrs_cross_rx_s392005_20260909_r1,X7_COMBINED,train_loss_daot_unlabeled,200,200,180,21,0.0,0.5639972986133249,0.4448587469490002,0.5566547715717608
a1_ecrs_cross_rx_s392005_20260909_r1,X7_COMBINED,train_loss_group_ce_labeled,200,200,200,1,1.1615064357583587,12.772319935463571,2.2254462563947914,1.31215403309545
a1_ecrs_cross_rx_s392005_20260909_r1,X7_COMBINED,train_loss_sat_cls_labeled,200,200,121,80,0.0,3.8997892921052135,1.8447450491831023,2.8542731093916087
a1_ecrs_cross_rx_s392005_20260909_r1,X7_COMBINED,train_loss_sat_cons_labeled,200,200,0,,0.0,0.0,0.0,0.0
a1_ecrs_cross_rx_s392005_20260909_r1,X7_COMBINED,train_os_gradient_nonfinite_bundle,200,200,0,,0.0,0.0,0.0,0.0
a1_ecrs_cross_rx_s392005_20260909_r1,X7_COMBINED,train_rc4_effective_weighted_coverage,200,200,180,21,0.0,0.15000000468513988,0.12264306205133424,0.15000000367830466
a1_ecrs_cross_rx_s392005_20260909_r1,X7_COMBINED,train_rc4_hard_effective_coverage,200,200,180,21,0.0,0.15000000455089518,0.09921103900300574,0.09528184373368014
a1_ecrs_cross_rx_s392005_20260909_r1,X7_COMBINED,train_rc4_negative_effective_coverage,200,200,0,,0.0,0.0,0.0,0.0
a1_ecrs_cross_rx_s392005_20260909_r1,X7_COMBINED,train_rc4_partial_effective_coverage,200,200,76,21,0.0,0.14309449131424362,0.023432021991301767,0.054718156261285684
a1_ecrs_cross_rx_s392005_20260909_r1,X7_COMBINED,train_sat_anchor_class_coverage,200,200,180,21,0.0,5.7792792792792795,3.4118693693693696,2.8063063063063063
a1_ecrs_cross_rx_s392005_20260909_r1,X7_COMBINED,train_sat_anchor_receiver_coverage,200,200,180,21,0.0,5.0,3.9485585585585583,4.986486486486487
a1_ecrs_cross_rx_s392005_20260909_r1,X7_COMBINED,train_skipped_nonfinite_grad,200,200,19,1,0.0,0.009009009009009009,0.0004504504504504504,0.0
a1_ecrs_cross_rx_s392005_20260909_r1,X7_COMBINED,train_skipped_nonfinite_loss,200,200,0,,0.0,0.0,0.0,0.0
a1_ecrs_cross_rx_s392005_20260909_r1,X7_COMBINED,train_source_episode_local_component_coverage,181,181,181,20,1.0,1.0,1.0,1.0
a1_ecrs_cross_rx_s392005_20260909_r1,X7_COMBINED,train_tail_rollback_cooldown_remaining,200,200,0,,0.0,0.0,0.0,0.0
a1_ecrs_cross_rx_s392005_20260909_r1,X7_COMBINED,train_w_loss_cons_labeled,200,200,184,17,0.0,0.004265965642155828,0.0031186656157175703,0.004020398801511472
a1_ecrs_cross_rx_s392005_20260909_r1,X7_COMBINED,train_w_loss_group_ce_labeled,200,200,200,1,0.18584102533153585,1.0217855733794134,0.2926596012022891,0.20994464097007573
a1_ecrs_cross_rx_s392005_20260909_r1,X7_COMBINED,train_w_loss_sat_cls_labeled,200,200,121,80,0.0,2.651856737425299,1.2544266466224625,1.9409057318551786
a1_ecrs_cross_rx_s392005_20260909_r1,X7_COMBINED,train_w_loss_sat_cons_labeled,200,200,0,,0.0,0.0,0.0,0.0
a1_ecrs_cross_rx_s392005_20260909_r1,X7_COMBINED,val_tx_acc,200,200,200,1,24.20740740740741,98.61481481481482,97.30662962962963,98.5925925925926
a1_extended_s392005_20260910_r1,R3_CLEAN_RX_E400,concat_sat_ce_weight,114,114,114,1,1.0,1.0,1.0,1.0
a1_extended_s392005_20260910_r1,R3_CLEAN_RX_E400,concat_sat_start_epoch,114,114,114,1,1.0,1.0,1.0,1.0
a1_extended_s392005_20260910_r1,R3_CLEAN_RX_E400,group_ce_top_frac,114,114,114,1,0.35,0.35,0.35,0.35
a1_extended_s392005_20260910_r1,R3_CLEAN_RX_E400,joint_guard_paic_cooldown_remaining,114,114,0,,0.0,0.0,0.0,0.0
a1_extended_s392005_20260910_r1,R3_CLEAN_RX_E400,lambda_cons,114,114,114,1,0.08,0.08,0.08000000000000002,0.08
a1_extended_s392005_20260910_r1,R3_CLEAN_RX_E400,lambda_group_ce,114,114,114,1,0.16,0.16,0.16000000000000003,0.16
a1_extended_s392005_20260910_r1,R3_CLEAN_RX_E400,loss_weight_group_ce,114,114,114,1,0.08,0.14366701554628766,0.1114398466056664,0.14366701554628766
a1_extended_s392005_20260910_r1,R3_CLEAN_RX_E400,lr,114,114,114,1,4e-05,0.0002,0.00017882900927208115,0.00015552896183205215
a1_extended_s392005_20260910_r1,R3_CLEAN_RX_E400,nonfinite_test_metric_count,114,114,114,1,1.0,1.0,1.0,1.0
a1_extended_s392005_20260910_r1,R3_CLEAN_RX_E400,nonfinite_train_metric_count,114,114,114,1,4.0,4.0,4.0,4.0
a1_extended_s392005_20260910_r1,R3_CLEAN_RX_E400,nonfinite_val_metric_count,114,114,114,1,1.0,1.0,1.0,1.0
a1_extended_s392005_20260910_r1,R3_CLEAN_RX_E400,phase2_audit_imports_balanced_tx_rx_sampler,114,114,114,1,1.0,1.0,1.0,1.0
a1_extended_s392005_20260910_r1,R3_CLEAN_RX_E400,stage_group_ce_scale,114,114,114,1,0.5,0.8979188471642979,0.696499041285415,0.8979188471642979
a1_extended_s392005_20260910_r1,R3_CLEAN_RX_E400,stage_source_val_sat_floor_tx,114,114,114,1,25.437037037037037,87.67037037037036,66.12514619883041,87.67037037037036
a1_extended_s392005_20260910_r1,R3_CLEAN_RX_E400,stage_source_val_sat_mean_tx,114,114,114,1,26.01604938271605,89.03580246913582,67.59381633095083,89.03580246913582
a1_extended_s392005_20260910_r1,R3_CLEAN_RX_E400,stage_tail_rollback_cooldown_remaining,114,114,0,,0.0,0.0,0.0,0.0
a1_extended_s392005_20260910_r1,R3_CLEAN_RX_E400,train_a1_ema_effective_decay,114,114,114,1,0.9900000000000023,0.9950000000000029,0.9935964912280729,0.9950000000000029
a1_extended_s392005_20260910_r1,R3_CLEAN_RX_E400,train_a1_ema_successful_updates,114,114,114,1,110.5,25184.5,12646.03706337917,25184.5
a1_extended_s392005_20260910_r1,R3_CLEAN_RX_E400,train_concat_sat_active,114,114,114,1,1.0,1.0,1.0,1.0
a1_extended_s392005_20260910_r1,R3_CLEAN_RX_E400,train_concat_sat_applied,114,114,114,1,0.22972972972972974,0.6666666666666666,0.3883357041251778,0.6216216216216216
a1_extended_s392005_20260910_r1,R3_CLEAN_RX_E400,train_concat_sat_clean_batch_size,114,114,114,1,128.0,128.0,128.0,128.0
a1_extended_s392005_20260910_r1,R3_CLEAN_RX_E400,train_concat_sat_expanded,114,114,0,,0.0,0.0,0.0,0.0
a1_extended_s392005_20260910_r1,R3_CLEAN_RX_E400,train_concat_sat_stage_index,114,114,34,81,0.0,1.0,0.2982456140350877,1.0
a1_extended_s392005_20260910_r1,R3_CLEAN_RX_E400,train_concat_sat_stage_start_epoch,114,114,114,1,1.0,81.0,24.859649122807017,81.0
a1_extended_s392005_20260910_r1,R3_CLEAN_RX_E400,train_concat_sat_total_batch_size,114,114,114,1,128.0,128.0,128.0,128.0
a1_extended_s392005_20260910_r1,R3_CLEAN_RX_E400,train_concat_sat_view_prob,114,114,114,1,0.29999999999999877,0.5999999999999975,0.38947368421052475,0.5999999999999975
a1_extended_s392005_20260910_r1,R3_CLEAN_RX_E400,train_daot_batched_view_count,114,114,74,41,0.0,1.0,0.6491228070175439,1.0
a1_extended_s392005_20260910_r1,R3_CLEAN_RX_E400,train_daot_clean_teacher_weight,74,74,74,41,0.49999866184887587,0.5000016972556844,0.5000000384320794,0.4999994352325663
a1_extended_s392005_20260910_r1,R3_CLEAN_RX_E400,train_daot_consensus_rate,74,74,74,41,0.6104659346846847,0.8992469031531531,0.8033383362247383,0.8948127815315315
a1_extended_s392005_20260910_r1,R3_CLEAN_RX_E400,train_daot_fingerprint_selectivity,74,74,0,,0.0,0.0,0.0,0.0
a1_extended_s392005_20260910_r1,R3_CLEAN_RX_E400,train_daot_fingerprint_sensitivity,74,74,0,,0.0,0.0,0.0,0.0
a1_extended_s392005_20260910_r1,R3_CLEAN_RX_E400,train_daot_grad_ratio_fingerprint,1,1,0,,0.0,0.0,0.0,0.0
a1_extended_s392005_20260910_r1,R3_CLEAN_RX_E400,train_daot_grad_ratio_nuisance,1,1,1,41,4.863296495750911e-09,4.863296495750911e-09,4.863296495750911e-09,4.863296495750911e-09
a1_extended_s392005_20260910_r1,R3_CLEAN_RX_E400,train_daot_grad_ratio_orbit_logit,1,1,1,41,8.280085630053307,8.280085630053307,8.280085630053307,8.280085630053307
a1_extended_s392005_20260910_r1,R3_CLEAN_RX_E400,train_daot_grad_ratio_orbit_proto,1,1,0,,0.0,0.0,0.0,0.0
a1_extended_s392005_20260910_r1,R3_CLEAN_RX_E400,train_daot_grad_ratio_orbit_relation,1,1,0,,0.0,0.0,0.0,0.0
a1_extended_s392005_20260910_r1,R3_CLEAN_RX_E400,train_daot_grad_ratio_orbit_z,1,1,1,41,0.03698112189995074,0.03698112189995074,0.03698112189995074,0.03698112189995074
a1_extended_s392005_20260910_r1,R3_CLEAN_RX_E400,train_daot_grad_ratio_tangent,1,1,0,,0.0,0.0,0.0,0.0
a1_extended_s392005_20260910_r1,R3_CLEAN_RX_E400,train_daot_identity_only_used,114,114,0,,0.0,0.0,0.0,0.0
a1_extended_s392005_20260910_r1,R3_CLEAN_RX_E400,train_daot_logit_coverage,74,74,74,41,0.5114148095384374,0.8741307298879366,0.7667573616879176,0.8678540858599517
a1_extended_s392005_20260910_r1,R3_CLEAN_RX_E400,train_daot_logit_coverage_weighting,114,114,0,,0.0,0.0,0.0,0.0
a1_extended_s392005_20260910_r1,R3_CLEAN_RX_E400,train_daot_logit_weighted_contribution,114,114,74,41,0.0,0.3160810646441606,0.10088332941572134,0.3160810646441606
a1_extended_s392005_20260910_r1,R3_CLEAN_RX_E400,train_daot_loss_scale_fingerprint,74,74,74,41,1.0,1.0,1.0,1.0
a1_extended_s392005_20260910_r1,R3_CLEAN_RX_E400,train_daot_loss_scale_nuisance,74,74,74,41,1.0,1.0,1.0,1.0
a1_extended_s392005_20260910_r1,R3_CLEAN_RX_E400,train_daot_loss_scale_orbit_logit,74,74,74,41,5.429154187946678,9.169841657571823,6.924411402624998,5.571730490356931
a1_extended_s392005_20260910_r1,R3_CLEAN_RX_E400,train_daot_loss_scale_orbit_proto,74,74,74,41,1.0,1.0,1.0,1.0
a1_extended_s392005_20260910_r1,R3_CLEAN_RX_E400,train_daot_loss_scale_orbit_relation,74,74,74,41,1.0,1.0,1.0,1.0
a1_extended_s392005_20260910_r1,R3_CLEAN_RX_E400,train_daot_loss_scale_orbit_z,74,74,74,41,0.04972882358731688,0.3276980330746635,0.139050552877502,0.04972882358731688
a1_extended_s392005_20260910_r1,R3_CLEAN_RX_E400,train_daot_loss_scale_tangent,74,74,74,41,1.0,1.0,1.0,1.0
a1_extended_s392005_20260910_r1,R3_CLEAN_RX_E400,train_daot_mean_metadata_skip_enabled,114,114,0,,0.0,0.0,0.0,0.0
a1_extended_s392005_20260910_r1,R3_CLEAN_RX_E400,train_daot_nuisance_sensitivity,74,74,0,,0.0,0.0,0.0,0.0
a1_extended_s392005_20260910_r1,R3_CLEAN_RX_E400,train_daot_nuisance_sensitivity_agc,1,1,1,41,14.382523536682129,14.382523536682129,14.382523536682129,14.382523536682129
a1_extended_s392005_20260910_r1,R3_CLEAN_RX_E400,train_daot_nuisance_sensitivity_doppler,1,1,1,41,15.061605453491211,15.061605453491211,15.061605453491211,15.061605453491211
a1_extended_s392005_20260910_r1,R3_CLEAN_RX_E400,train_daot_nuisance_sensitivity_doppler_rate,1,1,1,41,14.719594955444336,14.719594955444336,14.719594955444336,14.719594955444336
a1_extended_s392005_20260910_r1,R3_CLEAN_RX_E400,train_daot_nuisance_sensitivity_multipath,1,1,1,41,14.415282249450684,14.415282249450684,14.415282249450684,14.415282249450684
a1_extended_s392005_20260910_r1,R3_CLEAN_RX_E400,train_daot_nuisance_sensitivity_phase_noise,1,1,1,41,14.34249210357666,14.34249210357666,14.34249210357666,14.34249210357666
a1_extended_s392005_20260910_r1,R3_CLEAN_RX_E400,train_daot_nuisance_sensitivity_sfo,1,1,1,41,14.36658000946045,14.36658000946045,14.36658000946045,14.36658000946045
a1_extended_s392005_20260910_r1,R3_CLEAN_RX_E400,train_daot_nuisance_sensitivity_snr,1,1,1,41,14.371282577514648,14.371282577514648,14.371282577514648,14.371282577514648
a1_extended_s392005_20260910_r1,R3_CLEAN_RX_E400,train_daot_nuisance_sensitivity_sto,1,1,1,41,14.44316291809082,14.44316291809082,14.44316291809082,14.44316291809082
a1_extended_s392005_20260910_r1,R3_CLEAN_RX_E400,train_daot_objective_computed,114,114,74,41,0.0,1.0,0.6491228070175439,1.0
a1_extended_s392005_20260910_r1,R3_CLEAN_RX_E400,train_daot_orbit_dispersion,74,74,74,41,0.005695565712747273,0.1581748878868582,0.042990599040532526,0.005722124013118446
a1_extended_s392005_20260910_r1,R3_CLEAN_RX_E400,train_daot_orbit_scale,114,114,74,41,0.0,0.925000000000003,0.3083333333333334,0.925000000000003
a1_extended_s392005_20260910_r1,R3_CLEAN_RX_E400,train_daot_proto_input_available,114,114,0,,0.0,0.0,0.0,0.0
a1_extended_s392005_20260910_r1,R3_CLEAN_RX_E400,train_daot_scale_batched_enabled,114,114,0,,0.0,0.0,0.0,0.0
a1_extended_s392005_20260910_r1,R3_CLEAN_RX_E400,train_daot_tangent_scale,114,114,0,,0.0,0.0,0.0,0.0
a1_extended_s392005_20260910_r1,R3_CLEAN_RX_E400,train_daot_teacher_effective_views,74,74,74,41,1.9999998834756043,1.9999999962411485,1.9999999559967658,1.9999999500609733
a1_extended_s392005_20260910_r1,R3_CLEAN_RX_E400,train_daot_teacher_labeled_accuracy,74,74,74,41,0.9149774774774775,0.9821931306306306,0.9571510911249087,0.9821931306306306
a1_extended_s392005_20260910_r1,R3_CLEAN_RX_E400,train_daot_teacher_labeled_confidence,74,74,74,41,0.9488522748689394,0.996205624159392,0.9865498018142862,0.996205624159392
a1_extended_s392005_20260910_r1,R3_CLEAN_RX_E400,train_daot_teacher_view_count,114,114,74,41,0.0,2.0,1.2982456140350878,2.0
a1_extended_s392005_20260910_r1,R3_CLEAN_RX_E400,train_daot_u_consensus_rate,74,74,74,41,0.631589881203196,0.9203844720178896,0.8270675385044763,0.9203844720178896
a1_extended_s392005_20260910_r1,R3_CLEAN_RX_E400,train_daot_u_logit_coverage,74,74,74,41,0.5484305742356155,0.8950331949435912,0.7968135000650309,0.8950331949435912
a1_extended_s392005_20260910_r1,R3_CLEAN_RX_E400,train_daot_u_logit_weighted_contribution,114,114,74,41,0.0,0.05127536124541416,0.02094232184539172,0.04934976322928796
a1_extended_s392005_20260910_r1,R3_CLEAN_RX_E400,train_daot_u_orbit_dispersion,74,74,74,41,0.004281548166496528,0.1696862660281293,0.04338467461605778,0.004281548166496528
a1_extended_s392005_20260910_r1,R3_CLEAN_RX_E400,train_daot_u_orbit_scale,114,114,74,41,0.0,0.925000000000003,0.3083333333333334,0.925000000000003
a1_extended_s392005_20260910_r1,R3_CLEAN_RX_E400,train_daot_worst_bucket_elevation,1,1,1,41,0.21875,0.21875,0.21875,0.21875
a1_extended_s392005_20260910_r1,R3_CLEAN_RX_E400,train_daot_worst_bucket_snr,1,1,1,41,0.28125,0.28125,0.28125,0.28125
a1_extended_s392005_20260910_r1,R3_CLEAN_RX_E400,train_dm_accept_local_component_class_coverage,114,114,0,,0.0,0.0,0.0,0.0
a1_extended_s392005_20260910_r1,R3_CLEAN_RX_E400,train_ecrs_cross_rx_clean_count,114,114,114,1,128.0,128.0,128.0,128.0
a1_extended_s392005_20260910_r1,R3_CLEAN_RX_E400,train_ecrs_cross_rx_configured,114,114,114,1,1.0,1.0,1.0,1.0
a1_extended_s392005_20260910_r1,R3_CLEAN_RX_E400,train_ecrs_cross_rx_executed,114,114,114,1,1.0,1.0,1.0,1.0
a1_extended_s392005_20260910_r1,R3_CLEAN_RX_E400,train_ecrs_cross_rx_identity_grad_norm,114,114,114,1,0.00022387978970073164,0.003422505222260952,0.0013685973448956613,0.001018883311189711
a1_extended_s392005_20260910_r1,R3_CLEAN_RX_E400,train_ecrs_cross_rx_leo_count,114,114,0,,0.0,0.0,0.0,0.0
a1_extended_s392005_20260910_r1,R3_CLEAN_RX_E400,train_ecrs_cross_rx_raw_loss,114,114,114,1,0.015093465208471782,0.2013329570894843,0.03125261229559375,0.01725300812101629
a1_extended_s392005_20260910_r1,R3_CLEAN_RX_E400,train_ecrs_cross_rx_successful_steps,114,114,114,1,110.5,25184.5,12646.03706337917,25184.5
a1_extended_s392005_20260910_r1,R3_CLEAN_RX_E400,train_ecrs_cross_rx_valid_anchors,114,114,114,1,127.82432432432432,127.98198198198199,127.91852378694485,127.92342342342343
a1_extended_s392005_20260910_r1,R3_CLEAN_RX_E400,train_ecrs_cross_rx_weighted_loss,114,114,114,1,0.0007546732721966296,0.010066648043255817,0.0015626306422352727,0.0008626504226216442
a1_extended_s392005_20260910_r1,R3_CLEAN_RX_E400,train_loss_cons_labeled,114,114,82,33,0.0,0.30387314805039417,0.12057498011220513,0.06801350911458333
a1_extended_s392005_20260910_r1,R3_CLEAN_RX_E400,train_loss_daot_fingerprint,114,114,0,,0.0,0.0,0.0,0.0
a1_extended_s392005_20260910_r1,R3_CLEAN_RX_E400,train_loss_daot_nuisance,114,114,74,41,0.0,0.526843568494728,0.32552198191328374,0.5031257658391386
a1_extended_s392005_20260910_r1,R3_CLEAN_RX_E400,train_loss_daot_orbit_logit,114,114,74,41,0.0,14.513299729373005,7.264181292300091,9.529968087737625
a1_extended_s392005_20260910_r1,R3_CLEAN_RX_E400,train_loss_daot_orbit_proto,114,114,0,,0.0,0.0,0.0,0.0
a1_extended_s392005_20260910_r1,R3_CLEAN_RX_E400,train_loss_daot_orbit_relation,114,114,0,,0.0,0.0,0.0,0.0
a1_extended_s392005_20260910_r1,R3_CLEAN_RX_E400,train_loss_daot_orbit_z,114,114,74,41,0.0,0.3299936742798702,0.0913072197132963,0.051134330631644874
a1_extended_s392005_20260910_r1,R3_CLEAN_RX_E400,train_loss_daot_tangent,114,114,0,,0.0,0.0,0.0,0.0
a1_extended_s392005_20260910_r1,R3_CLEAN_RX_E400,train_loss_daot_total,114,114,74,41,0.0,0.7915775555748124,0.2575825042716093,0.7915775555748124
a1_extended_s392005_20260910_r1,R3_CLEAN_RX_E400,train_loss_daot_unlabeled,114,114,74,41,0.0,0.499117979192519,0.17222407518687166,0.4978372945978835
a1_extended_s392005_20260910_r1,R3_CLEAN_RX_E400,train_loss_group_ce_labeled,114,114,114,1,1.5925524530110058,12.867594873582995,3.2685952803488894,1.6437524218817015
a1_extended_s392005_20260910_r1,R3_CLEAN_RX_E400,train_loss_sat_cls_labeled,114,114,0,,0.0,0.0,0.0,0.0
a1_extended_s392005_20260910_r1,R3_CLEAN_RX_E400,train_loss_sat_cons_labeled,114,114,0,,0.0,0.0,0.0,0.0
a1_extended_s392005_20260910_r1,R3_CLEAN_RX_E400,train_os_gradient_nonfinite_bundle,114,114,0,,0.0,0.0,0.0,0.0
a1_extended_s392005_20260910_r1,R3_CLEAN_RX_E400,train_r3_l_s_aux_scale,114,114,114,1,1.0,1.0,1.0,1.0
a1_extended_s392005_20260910_r1,R3_CLEAN_RX_E400,train_r3_l_s_eta_raw,114,114,0,,0.0,0.0,0.0,0.0
a1_extended_s392005_20260910_r1,R3_CLEAN_RX_E400,train_r3_l_s_eta_valid,114,114,0,,0.0,0.0,0.0,0.0
a1_extended_s392005_20260910_r1,R3_CLEAN_RX_E400,train_r3_l_s_eta_weighted,114,114,0,,0.0,0.0,0.0,0.0
a1_extended_s392005_20260910_r1,R3_CLEAN_RX_E400,train_r3_l_s_loss,114,114,114,1,2.947506457835704,28.449097487303586,3.943537583052688,3.6731359604242684
a1_extended_s392005_20260910_r1,R3_CLEAN_RX_E400,train_r3_l_s_pairs,114,114,114,1,128.0,128.0,128.0,128.0
a1_extended_s392005_20260910_r1,R3_CLEAN_RX_E400,train_r3_l_s_self_active,114,114,114,1,1.0,1.0,1.0,1.0
a1_extended_s392005_20260910_r1,R3_CLEAN_RX_E400,train_r3_l_s_self_raw,114,114,114,1,2.9259025266578607,28.449097487303586,3.821665655102646,2.9259025266578607
a1_extended_s392005_20260910_r1,R3_CLEAN_RX_E400,train_r3_l_s_self_weighted,114,114,114,1,2.9259025266578607,28.449097487303586,3.821665655102646,2.9259025266578607
a1_extended_s392005_20260910_r1,R3_CLEAN_RX_E400,train_r3_l_s_shared_active,114,114,32,83,0.0,1.0,0.2807017543859649,1.0
a1_extended_s392005_20260910_r1,R3_CLEAN_RX_E400,train_r3_l_s_shared_raw,114,114,34,81,0.0,0.9699651727805266,0.20543036402868625,0.3844216914327295
a1_extended_s392005_20260910_r1,R3_CLEAN_RX_E400,train_r3_l_s_shared_weighted,114,114,32,83,0.0,0.1300451448103329,0.02772794719156916,0.1255254476322784
a1_extended_s392005_20260910_r1,R3_CLEAN_RX_E400,train_r3_l_s_swap_active,114,114,32,83,0.0,1.0,0.2807017543859649,1.0
a1_extended_s392005_20260910_r1,R3_CLEAN_RX_E400,train_r3_l_s_swap_raw,114,114,34,81,0.0,1.9924413357769046,0.5817137116011952,1.9039807518323262
a1_extended_s392005_20260910_r1,R3_CLEAN_RX_E400,train_r3_l_s_swap_weighted,114,114,32,83,0.0,0.6217079892888799,0.09414398088366481,0.6217079892888799
a1_extended_s392005_20260910_r1,R3_CLEAN_RX_E400,train_r3_u_s_aux_scale,114,114,114,1,1.0,1.0,1.0,1.0
a1_extended_s392005_20260910_r1,R3_CLEAN_RX_E400,train_r3_u_s_eta_raw,114,114,0,,0.0,0.0,0.0,0.0
a1_extended_s392005_20260910_r1,R3_CLEAN_RX_E400,train_r3_u_s_eta_valid,114,114,0,,0.0,0.0,0.0,0.0
a1_extended_s392005_20260910_r1,R3_CLEAN_RX_E400,train_r3_u_s_eta_weighted,114,114,0,,0.0,0.0,0.0,0.0
a1_extended_s392005_20260910_r1,R3_CLEAN_RX_E400,train_r3_u_s_loss,114,114,114,1,2.956020606530679,28.448638761365736,3.945425373759525,3.6684089598354994
a1_extended_s392005_20260910_r1,R3_CLEAN_RX_E400,train_r3_u_s_pairs,114,114,114,1,255.40540540540542,255.40540540540542,255.40540540540542,255.40540540540542
a1_extended_s392005_20260910_r1,R3_CLEAN_RX_E400,train_r3_u_s_self_active,114,114,114,1,1.0,1.0,1.0,1.0
a1_extended_s392005_20260910_r1,R3_CLEAN_RX_E400,train_r3_u_s_self_raw,114,114,114,1,2.92253861126599,28.448638761365736,3.8234685971704123,2.92253861126599
a1_extended_s392005_20260910_r1,R3_CLEAN_RX_E400,train_r3_u_s_self_weighted,114,114,114,1,2.92253861126599,28.448638761365736,3.8234685971704123,2.92253861126599
a1_extended_s392005_20260910_r1,R3_CLEAN_RX_E400,train_r3_u_s_shared_active,114,114,32,83,0.0,1.0,0.2807017543859649,1.0
a1_extended_s392005_20260910_r1,R3_CLEAN_RX_E400,train_r3_u_s_shared_raw,114,114,34,81,0.0,0.971456549726091,0.20541244338163367,0.38132231246243725
a1_extended_s392005_20260910_r1,R3_CLEAN_RX_E400,train_r3_u_s_shared_weighted,114,114,32,83,0.0,0.12991232961953222,0.027713973915947168,0.12451340563528172
a1_extended_s392005_20260910_r1,R3_CLEAN_RX_E400,train_r3_u_s_swap_active,114,114,32,83,0.0,1.0,0.2807017543859649,1.0
a1_extended_s392005_20260910_r1,R3_CLEAN_RX_E400,train_r3_u_s_swap_raw,114,114,34,81,0.0,2.016267205680813,0.582950335186165,1.90290568164877
a1_extended_s392005_20260910_r1,R3_CLEAN_RX_E400,train_r3_u_s_swap_weighted,114,114,32,83,0.0,0.6225421734758325,0.09424280298184012,0.6213569453170708
a1_extended_s392005_20260910_r1,R3_CLEAN_RX_E400,train_rc4_effective_weighted_coverage,114,114,73,41,0.0,0.1383445027309495,0.03744119263604585,0.0
a1_extended_s392005_20260910_r1,R3_CLEAN_RX_E400,train_rc4_hard_effective_coverage,114,114,73,41,0.0,0.13834450226109307,0.03308732362502673,0.0
a1_extended_s392005_20260910_r1,R3_CLEAN_RX_E400,train_rc4_negative_effective_coverage,114,114,0,,0.0,0.0,0.0,0.0
a1_extended_s392005_20260910_r1,R3_CLEAN_RX_E400,train_rc4_partial_effective_coverage,114,114,40,41,0.0,0.062219734916144666,0.004353869020689273,0.0
a1_extended_s392005_20260910_r1,R3_CLEAN_RX_E400,train_sat_anchor_class_coverage,114,114,73,41,0.0,6.0,2.53864390706496,0.0
a1_extended_s392005_20260910_r1,R3_CLEAN_RX_E400,train_sat_anchor_receiver_coverage,114,114,73,41,0.0,5.0,2.3944602497234078,0.0
a1_extended_s392005_20260910_r1,R3_CLEAN_RX_E400,train_skipped_nonfinite_grad,114,114,12,1,0.0,0.009009009009009009,0.0005136715663031453,0.0
a1_extended_s392005_20260910_r1,R3_CLEAN_RX_E400,train_skipped_nonfinite_loss,114,114,0,,0.0,0.0,0.0,0.0
a1_extended_s392005_20260910_r1,R3_CLEAN_RX_E400,train_source_episode_local_component_coverage,76,76,76,39,1.0,1.0,1.0,1.0
a1_extended_s392005_20260910_r1,R3_CLEAN_RX_E400,train_tail_rollback_cooldown_remaining,114,114,0,,0.0,0.0,0.0,0.0
a1_extended_s392005_20260910_r1,R3_CLEAN_RX_E400,train_w_loss_cons_labeled,114,114,82,33,0.0,0.004875140147166209,0.002785218728555215,0.0030625317547772384
a1_extended_s392005_20260910_r1,R3_CLEAN_RX_E400,train_w_loss_group_ce_labeled,114,114,114,1,0.2245712108943645,1.0294075672690932,0.3416586628945142,0.2361530000008307
a1_extended_s392005_20260910_r1,R3_CLEAN_RX_E400,train_w_loss_sat_cls_labeled,114,114,0,,0.0,0.0,0.0,0.0
a1_extended_s392005_20260910_r1,R3_CLEAN_RX_E400,train_w_loss_sat_cons_labeled,114,114,0,,0.0,0.0,0.0,0.0
a1_extended_s392005_20260910_r1,R3_CLEAN_RX_E400,val_tx_acc,114,114,114,1,28.511111111111113,98.66296296296296,96.71900584795323,98.51851851851852
a1_extended_s392005_20260910_r1,X2_E400,concat_sat_ce_weight,173,173,173,1,1.0,1.0,1.0,1.0
a1_extended_s392005_20260910_r1,X2_E400,concat_sat_start_epoch,173,173,173,1,1.0,1.0,1.0,1.0
a1_extended_s392005_20260910_r1,X2_E400,group_ce_top_frac,173,173,173,1,0.35,0.35,0.35,0.35
a1_extended_s392005_20260910_r1,X2_E400,joint_guard_paic_cooldown_remaining,173,173,0,,0.0,0.0,0.0,0.0
a1_extended_s392005_20260910_r1,X2_E400,lambda_cons,173,173,173,1,0.08,0.08,0.08,0.08
a1_extended_s392005_20260910_r1,X2_E400,lambda_group_ce,173,173,173,1,0.16,0.16,0.16,0.16
a1_extended_s392005_20260910_r1,X2_E400,loss_weight_group_ce,173,173,173,1,0.08,0.16,0.1269788433217433,0.16
a1_extended_s392005_20260910_r1,X2_E400,lr,173,173,173,1,4e-05,0.0002,0.0001619299735660064,0.00010266416448076433
a1_extended_s392005_20260910_r1,X2_E400,nonfinite_test_metric_count,173,173,173,1,1.0,1.0,1.0,1.0
a1_extended_s392005_20260910_r1,X2_E400,nonfinite_train_metric_count,173,173,173,1,4.0,4.0,4.0,4.0
a1_extended_s392005_20260910_r1,X2_E400,nonfinite_val_metric_count,173,173,173,1,1.0,1.0,1.0,1.0
a1_extended_s392005_20260910_r1,X2_E400,phase2_audit_imports_balanced_tx_rx_sampler,173,173,173,1,1.0,1.0,1.0,1.0
a1_extended_s392005_20260910_r1,X2_E400,stage_group_ce_scale,173,173,173,1,0.5,1.0,0.7936177707608956,1.0
a1_extended_s392005_20260910_r1,X2_E400,stage_source_val_sat_floor_tx,173,173,173,1,31.385185185185186,93.2925925925926,74.55283665168058,93.04444444444445
a1_extended_s392005_20260910_r1,X2_E400,stage_source_val_sat_mean_tx,173,173,173,1,31.94320987654321,94.12716049382716,75.82525512024549,93.85555555555557
a1_extended_s392005_20260910_r1,X2_E400,stage_tail_rollback_cooldown_remaining,173,173,0,,0.0,0.0,0.0,0.0
a1_extended_s392005_20260910_r1,X2_E400,train_a1_ema_effective_decay,173,173,173,1,0.9900000000000023,0.9989999999999969,0.9949306358381519,0.9989999999999969
a1_extended_s392005_20260910_r1,X2_E400,train_a1_ema_successful_updates,173,173,173,1,110.5,38276.5,19189.736837994064,38276.5
a1_extended_s392005_20260910_r1,X2_E400,train_concat_sat_active,173,173,173,1,1.0,1.0,1.0,1.0
a1_extended_s392005_20260910_r1,X2_E400,train_concat_sat_applied,173,173,173,1,0.22972972972972974,0.6756756756756757,0.4607092641774723,0.5225225225225225
a1_extended_s392005_20260910_r1,X2_E400,train_concat_sat_clean_batch_size,173,173,173,1,128.0,128.0,128.0,128.0
a1_extended_s392005_20260910_r1,X2_E400,train_concat_sat_expanded,173,173,0,,0.0,0.0,0.0,0.0
a1_extended_s392005_20260910_r1,X2_E400,train_concat_sat_stage_index,173,173,93,81,0.0,1.0,0.5375722543352601,1.0
a1_extended_s392005_20260910_r1,X2_E400,train_concat_sat_stage_start_epoch,173,173,173,1,1.0,81.0,44.005780346820806,81.0
a1_extended_s392005_20260910_r1,X2_E400,train_concat_sat_total_batch_size,173,173,173,1,128.0,128.0,128.0,128.0
a1_extended_s392005_20260910_r1,X2_E400,train_concat_sat_view_prob,173,173,173,1,0.29999999999999877,0.5999999999999975,0.46127167630057614,0.5999999999999975
a1_extended_s392005_20260910_r1,X2_E400,train_daot_batched_view_count,173,173,133,41,0.0,1.0,0.7687861271676301,1.0
a1_extended_s392005_20260910_r1,X2_E400,train_daot_clean_teacher_weight,133,133,133,41,0.4999920590235306,0.5000090360104501,0.49999944417851167,0.4999920590235306
a1_extended_s392005_20260910_r1,X2_E400,train_daot_consensus_rate,133,133,133,41,0.6107122747747747,0.9476703265765766,0.8536533478967689,0.9476703265765766
a1_extended_s392005_20260910_r1,X2_E400,train_daot_fingerprint_selectivity,133,133,0,,0.0,0.0,0.0,0.0
a1_extended_s392005_20260910_r1,X2_E400,train_daot_fingerprint_sensitivity,133,133,0,,0.0,0.0,0.0,0.0
a1_extended_s392005_20260910_r1,X2_E400,train_daot_grad_ratio_fingerprint,2,2,0,,0.0,0.0,0.0,0.0
a1_extended_s392005_20260910_r1,X2_E400,train_daot_grad_ratio_nuisance,2,2,2,41,2.16201562280558e-09,1.804504360185379e-08,1.0103529612329684e-08,2.16201562280558e-09
a1_extended_s392005_20260910_r1,X2_E400,train_daot_grad_ratio_orbit_logit,2,2,2,41,1.791266799927869,12.358584028671986,7.074925414299928,1.791266799927869
a1_extended_s392005_20260910_r1,X2_E400,train_daot_grad_ratio_orbit_proto,2,2,0,,0.0,0.0,0.0,0.0
a1_extended_s392005_20260910_r1,X2_E400,train_daot_grad_ratio_orbit_relation,2,2,0,,0.0,0.0,0.0,0.0
a1_extended_s392005_20260910_r1,X2_E400,train_daot_grad_ratio_orbit_z,2,2,2,41,0.008216002222262016,0.05393876220007186,0.03107738221116694,0.008216002222262016
a1_extended_s392005_20260910_r1,X2_E400,train_daot_grad_ratio_tangent,2,2,0,,0.0,0.0,0.0,0.0
a1_extended_s392005_20260910_r1,X2_E400,train_daot_identity_only_used,173,173,133,41,0.0,1.0,0.7687861271676301,1.0
a1_extended_s392005_20260910_r1,X2_E400,train_daot_logit_coverage,133,133,133,41,0.5224212283218229,0.941688948923403,0.8347771951426199,0.941688948923403
a1_extended_s392005_20260910_r1,X2_E400,train_daot_logit_coverage_weighting,173,173,0,,0.0,0.0,0.0,0.0
a1_extended_s392005_20260910_r1,X2_E400,train_daot_logit_weighted_contribution,173,173,133,41,0.0,0.32348623287838857,0.1697114789109275,0.317729320880529
a1_extended_s392005_20260910_r1,X2_E400,train_daot_loss_scale_fingerprint,133,133,133,41,1.0,1.0,1.0,1.0
a1_extended_s392005_20260910_r1,X2_E400,train_daot_loss_scale_nuisance,133,133,133,41,1.0,1.0,1.0,1.0
a1_extended_s392005_20260910_r1,X2_E400,train_daot_loss_scale_orbit_logit,133,133,133,41,2.7504395613051287,8.932143333483037,4.956780539779126,2.8534556210091186
a1_extended_s392005_20260910_r1,X2_E400,train_daot_loss_scale_orbit_proto,133,133,133,41,1.0,1.0,1.0,1.0
a1_extended_s392005_20260910_r1,X2_E400,train_daot_loss_scale_orbit_relation,133,133,133,41,1.0,1.0,1.0,1.0
a1_extended_s392005_20260910_r1,X2_E400,train_daot_loss_scale_orbit_z,133,133,133,41,0.14299403533101254,0.3135116607890372,0.1755588904796253,0.14299403533101254
a1_extended_s392005_20260910_r1,X2_E400,train_daot_loss_scale_tangent,133,133,133,41,1.0,1.0,1.0,1.0
a1_extended_s392005_20260910_r1,X2_E400,train_daot_mean_metadata_skip_enabled,173,173,173,1,1.0,1.0,1.0,1.0
a1_extended_s392005_20260910_r1,X2_E400,train_daot_nuisance_sensitivity,133,133,0,,0.0,0.0,0.0,0.0
a1_extended_s392005_20260910_r1,X2_E400,train_daot_nuisance_sensitivity_agc,2,2,2,41,11.05914306640625,12.419281005859375,11.739212036132812,11.05914306640625
a1_extended_s392005_20260910_r1,X2_E400,train_daot_nuisance_sensitivity_doppler,2,2,2,41,11.572681427001953,12.749353408813477,12.161017417907715,11.572681427001953
a1_extended_s392005_20260910_r1,X2_E400,train_daot_nuisance_sensitivity_doppler_rate,2,2,2,41,11.278690338134766,12.531892776489258,11.905291557312012,11.278690338134766
a1_extended_s392005_20260910_r1,X2_E400,train_daot_nuisance_sensitivity_multipath,2,2,2,41,11.033395767211914,12.396230697631836,11.714813232421875,11.033395767211914
a1_extended_s392005_20260910_r1,X2_E400,train_daot_nuisance_sensitivity_phase_noise,2,2,2,41,11.0305814743042,12.405871391296387,11.718226432800293,11.0305814743042
a1_extended_s392005_20260910_r1,X2_E400,train_daot_nuisance_sensitivity_sfo,2,2,2,41,11.053410530090332,12.414085388183594,11.733747959136963,11.053410530090332
a1_extended_s392005_20260910_r1,X2_E400,train_daot_nuisance_sensitivity_snr,2,2,2,41,11.045487403869629,12.426267623901367,11.735877513885498,11.045487403869629
a1_extended_s392005_20260910_r1,X2_E400,train_daot_nuisance_sensitivity_sto,2,2,2,41,11.072687149047852,12.455645561218262,11.764166355133057,11.072687149047852
a1_extended_s392005_20260910_r1,X2_E400,train_daot_objective_computed,173,173,133,41,0.0,1.0,0.7687861271676301,1.0
a1_extended_s392005_20260910_r1,X2_E400,train_daot_orbit_dispersion,133,133,133,41,0.009362249038400347,0.14921430374185243,0.03198301794785668,0.009511431193541366
a1_extended_s392005_20260910_r1,X2_E400,train_daot_orbit_scale,173,173,133,41,0.0,1.0,0.5433526011560693,1.0
a1_extended_s392005_20260910_r1,X2_E400,train_daot_proto_input_available,173,173,0,,0.0,0.0,0.0,0.0
a1_extended_s392005_20260910_r1,X2_E400,train_daot_scale_batched_enabled,173,173,173,1,1.0,1.0,1.0,1.0
a1_extended_s392005_20260910_r1,X2_E400,train_daot_tangent_scale,173,173,53,121,0.0,0.33749999999999997,0.05267341040462428,0.33749999999999997
a1_extended_s392005_20260910_r1,X2_E400,train_daot_teacher_effective_views,133,133,133,41,1.9999841650327046,1.9999999806687638,1.9999986888916117,1.9999967689986702
a1_extended_s392005_20260910_r1,X2_E400,train_daot_teacher_labeled_accuracy,133,133,133,41,0.8983671171171171,0.989231418918919,0.966349308660164,0.989231418918919
a1_extended_s392005_20260910_r1,X2_E400,train_daot_teacher_labeled_confidence,133,133,133,41,0.9388702670196155,0.998173122201954,0.9915114412398259,0.998173122201954
a1_extended_s392005_20260910_r1,X2_E400,train_daot_teacher_view_count,173,173,133,41,0.0,2.0,1.5375722543352601,2.0
a1_extended_s392005_20260910_r1,X2_E400,train_daot_u_consensus_rate,133,133,133,41,0.6299392889748823,0.9630785017937153,0.8756536363037284,0.9630785017937153
a1_extended_s392005_20260910_r1,X2_E400,train_daot_u_logit_coverage,133,133,133,41,0.5572556599571898,0.9583516966652226,0.8608388247035638,0.9583516966652226
a1_extended_s392005_20260910_r1,X2_E400,train_daot_u_logit_weighted_contribution,173,173,133,41,0.0,0.08883971390356352,0.04511882574089549,0.07701011363685399
a1_extended_s392005_20260910_r1,X2_E400,train_daot_u_orbit_dispersion,133,133,133,41,0.006496426114510442,0.15748713246068438,0.030211704305360135,0.006496426114510442
a1_extended_s392005_20260910_r1,X2_E400,train_daot_u_orbit_scale,173,173,133,41,0.0,1.0,0.5433526011560693,1.0
a1_extended_s392005_20260910_r1,X2_E400,train_daot_worst_bucket_elevation,2,2,2,41,0.34375,0.6875,0.515625,0.6875
a1_extended_s392005_20260910_r1,X2_E400,train_daot_worst_bucket_snr,2,2,2,41,0.34375,0.75,0.546875,0.75
a1_extended_s392005_20260910_r1,X2_E400,train_dm_accept_local_component_class_coverage,173,173,0,,0.0,0.0,0.0,0.0
a1_extended_s392005_20260910_r1,X2_E400,train_ecrs_cross_rx_clean_count,173,173,173,1,128.0,128.0,128.0,128.0
a1_extended_s392005_20260910_r1,X2_E400,train_ecrs_cross_rx_configured,173,173,173,1,1.0,1.0,1.0,1.0
a1_extended_s392005_20260910_r1,X2_E400,train_ecrs_cross_rx_executed,173,173,173,1,1.0,1.0,1.0,1.0
a1_extended_s392005_20260910_r1,X2_E400,train_ecrs_cross_rx_identity_grad_norm,173,173,173,1,1.3029716683377046e-05,0.006892439443618059,0.0005374401323176817,0.00016537100600544363
a1_extended_s392005_20260910_r1,X2_E400,train_ecrs_cross_rx_leo_count,173,173,15,159,0.0,82.45045045045045,6.5923032859449044,66.88288288288288
a1_extended_s392005_20260910_r1,X2_E400,train_ecrs_cross_rx_raw_loss,173,173,173,1,0.007818920713337296,0.20140206377516995,0.024547710906561198,0.013811776314911628
a1_extended_s392005_20260910_r1,X2_E400,train_ecrs_cross_rx_successful_steps,173,173,173,1,110.5,38276.5,19189.736837994064,38276.5
a1_extended_s392005_20260910_r1,X2_E400,train_ecrs_cross_rx_valid_anchors,173,173,173,1,127.82882882882883,210.30180180180182,134.50557204603447,194.77477477477478
a1_extended_s392005_20260910_r1,X2_E400,train_ecrs_cross_rx_weighted_loss,173,173,173,1,0.00039094604268810244,0.010070103375862042,0.0012273855661802948,0.0006905888260887279
a1_extended_s392005_20260910_r1,X2_E400,train_loss_cons_labeled,173,173,141,33,0.0,0.29167106559684686,0.17310099836898857,0.18647614900056306
a1_extended_s392005_20260910_r1,X2_E400,train_loss_daot_fingerprint,173,173,0,,0.0,0.0,0.0,0.0
a1_extended_s392005_20260910_r1,X2_E400,train_loss_daot_nuisance,173,173,133,41,0.0,0.6493598015995713,0.4789500241756861,0.6282986566290125
a1_extended_s392005_20260910_r1,X2_E400,train_loss_daot_orbit_logit,173,173,133,41,0.0,13.858858044083053,6.001090473972409,4.547750597064559
a1_extended_s392005_20260910_r1,X2_E400,train_loss_daot_orbit_proto,173,173,0,,0.0,0.0,0.0,0.0
a1_extended_s392005_20260910_r1,X2_E400,train_loss_daot_orbit_relation,173,173,0,,0.0,0.0,0.0,0.0
a1_extended_s392005_20260910_r1,X2_E400,train_loss_daot_orbit_z,173,173,133,41,0.0,0.31478378512300886,0.13807045209564867,0.145785742850454
a1_extended_s392005_20260910_r1,X2_E400,train_loss_daot_tangent,173,173,0,,0.0,0.0,0.0,0.0
a1_extended_s392005_20260910_r1,X2_E400,train_loss_daot_total,173,173,133,41,0.0,0.8385313185485633,0.44874650075169764,0.8274193451748239
a1_extended_s392005_20260910_r1,X2_E400,train_loss_daot_unlabeled,173,173,133,41,0.0,0.5763678205711348,0.309290690948986,0.5666422404952951
a1_extended_s392005_20260910_r1,X2_E400,train_loss_group_ce_labeled,173,173,173,1,1.075331150142996,12.865461160470774,2.71533816971014,1.075331150142996
a1_extended_s392005_20260910_r1,X2_E400,train_loss_sat_cls_labeled,173,173,15,159,0.0,2.390632079069152,0.17766297675484122,1.6641650489575506
a1_extended_s392005_20260910_r1,X2_E400,train_loss_sat_cons_labeled,173,173,0,,0.0,0.0,0.0,0.0
a1_extended_s392005_20260910_r1,X2_E400,train_os_gradient_nonfinite_bundle,173,173,0,,0.0,0.0,0.0,0.0
a1_extended_s392005_20260910_r1,X2_E400,train_rc4_effective_weighted_coverage,173,173,133,41,0.0,0.15000000461801752,0.11531792200307564,0.1500000038796717
a1_extended_s392005_20260910_r1,X2_E400,train_rc4_hard_effective_coverage,173,173,133,41,0.0,0.15000000455089518,0.11435633120047242,0.15000000361118232
a1_extended_s392005_20260910_r1,X2_E400,train_rc4_negative_effective_coverage,173,173,0,,0.0,0.0,0.0,0.0
a1_extended_s392005_20260910_r1,X2_E400,train_rc4_partial_effective_coverage,173,173,15,41,0.0,0.046180906953071955,0.0009615907067440011,0.0
a1_extended_s392005_20260910_r1,X2_E400,train_sat_anchor_class_coverage,173,173,133,41,0.0,5.9774774774774775,4.22191845024215,5.945945945945946
a1_extended_s392005_20260910_r1,X2_E400,train_sat_anchor_receiver_coverage,173,173,133,41,0.0,5.0,3.8379940634275895,5.0
a1_extended_s392005_20260910_r1,X2_E400,train_skipped_nonfinite_grad,173,173,15,1,0.0,0.018018018018018018,0.0004947143675467375,0.0
a1_extended_s392005_20260910_r1,X2_E400,train_skipped_nonfinite_loss,173,173,0,,0.0,0.0,0.0,0.0
a1_extended_s392005_20260910_r1,X2_E400,train_source_episode_local_component_coverage,135,135,135,39,1.0,1.0,1.0,1.0
a1_extended_s392005_20260910_r1,X2_E400,train_tail_rollback_cooldown_remaining,173,173,0,,0.0,0.0,0.0,0.0
a1_extended_s392005_20260910_r1,X2_E400,train_w_loss_cons_labeled,173,173,141,33,0.0,0.01559008349169482,0.00706378873397874,0.01491855930637669
a1_extended_s392005_20260910_r1,X2_E400,train_w_loss_group_ce_labeled,173,173,173,1,0.17205298009018102,1.029236868158117,0.31148321471000845,0.17205298009018102
a1_extended_s392005_20260910_r1,X2_E400,train_w_loss_sat_cls_labeled,173,173,15,159,0.0,1.6256298317971454,0.12081082544599508,1.1316322502765337
a1_extended_s392005_20260910_r1,X2_E400,train_w_loss_sat_cons_labeled,173,173,0,,0.0,0.0,0.0,0.0
a1_extended_s392005_20260910_r1,X2_E400,val_tx_acc,173,173,173,1,39.34074074074074,98.62592592592593,97.3603296938557,98.54444444444445
a1_extended_s392005_20260910_r1,X2_E600,concat_sat_ce_weight,183,183,183,1,1.0,1.0,1.0,1.0
a1_extended_s392005_20260910_r1,X2_E600,concat_sat_start_epoch,183,183,183,1,1.0,1.0,1.0,1.0
a1_extended_s392005_20260910_r1,X2_E600,group_ce_top_frac,183,183,183,1,0.35,0.35,0.35,0.35
a1_extended_s392005_20260910_r1,X2_E600,joint_guard_paic_cooldown_remaining,183,183,0,,0.0,0.0,0.0,0.0
a1_extended_s392005_20260910_r1,X2_E600,lambda_cons,183,183,183,1,0.08,0.08,0.08,0.08
a1_extended_s392005_20260910_r1,X2_E600,lambda_group_ce,183,183,183,1,0.16,0.16,0.16,0.16
a1_extended_s392005_20260910_r1,X2_E600,loss_weight_group_ce,183,183,183,1,0.08,0.14926981912902773,0.11370647215222514,0.14926981912902773
a1_extended_s392005_20260910_r1,X2_E600,lr,183,183,183,1,4e-05,0.0002,0.00017703703060423505,0.00014904953652058022
a1_extended_s392005_20260910_r1,X2_E600,nonfinite_test_metric_count,183,183,183,1,1.0,1.0,1.0,1.0
a1_extended_s392005_20260910_r1,X2_E600,nonfinite_train_metric_count,183,183,183,1,4.0,4.0,4.0,4.0
a1_extended_s392005_20260910_r1,X2_E600,nonfinite_val_metric_count,183,183,183,1,1.0,1.0,1.0,1.0
a1_extended_s392005_20260910_r1,X2_E600,phase2_audit_imports_balanced_tx_rx_sampler,183,183,183,1,1.0,1.0,1.0,1.0
a1_extended_s392005_20260910_r1,X2_E600,stage_group_ce_scale,183,183,183,1,0.5,0.9329363695564232,0.7106654509514071,0.9329363695564232
a1_extended_s392005_20260910_r1,X2_E600,stage_source_val_sat_floor_tx,183,183,183,1,16.666666666666668,70.97037037037038,31.31018012548067,16.666666666666668
a1_extended_s392005_20260910_r1,X2_E600,stage_source_val_sat_mean_tx,183,183,183,1,16.666666666666668,72.67283950617285,31.85864534844498,16.666666666666668
a1_extended_s392005_20260910_r1,X2_E600,stage_tail_rollback_cooldown_remaining,183,183,0,,0.0,0.0,0.0,0.0
a1_extended_s392005_20260910_r1,X2_E600,train_a1_ema_effective_decay,183,183,183,1,0.9900000000000023,0.9950000000000029,0.9936885245901668,0.9950000000000029
a1_extended_s392005_20260910_r1,X2_E600,train_a1_ema_successful_updates,183,183,183,1,110.5,40475.5,20286.98907103825,40475.5
a1_extended_s392005_20260910_r1,X2_E600,train_concat_sat_active,183,183,183,1,1.0,1.0,1.0,1.0
a1_extended_s392005_20260910_r1,X2_E600,train_concat_sat_applied,183,183,183,1,0.22972972972972974,0.6756756756756757,0.4037808300103382,0.5630630630630631
a1_extended_s392005_20260910_r1,X2_E600,train_concat_sat_clean_batch_size,183,183,183,1,128.0,128.0,128.0,128.0
a1_extended_s392005_20260910_r1,X2_E600,train_concat_sat_expanded,183,183,0,,0.0,0.0,0.0,0.0
a1_extended_s392005_20260910_r1,X2_E600,train_concat_sat_stage_index,183,183,63,121,0.0,1.0,0.3442622950819672,1.0
a1_extended_s392005_20260910_r1,X2_E600,train_concat_sat_stage_start_epoch,183,183,183,1,1.0,121.0,42.31147540983606,121.0
a1_extended_s392005_20260910_r1,X2_E600,train_concat_sat_total_batch_size,183,183,183,1,128.0,128.0,128.0,128.0
a1_extended_s392005_20260910_r1,X2_E600,train_concat_sat_view_prob,183,183,183,1,0.29999999999999877,0.5999999999999975,0.40327868852458854,0.5999999999999975
a1_extended_s392005_20260910_r1,X2_E600,train_daot_batched_view_count,183,183,123,61,0.0,1.0,0.6721311475409836,1.0
a1_extended_s392005_20260910_r1,X2_E600,train_daot_clean_teacher_weight,123,123,123,61,0.41252083458878974,0.5136435712511475,0.4967167472567373,0.5
a1_extended_s392005_20260910_r1,X2_E600,train_daot_consensus_rate,123,123,123,61,0.6101140202702703,1.0,0.9527370358163041,1.0
a1_extended_s392005_20260910_r1,X2_E600,train_daot_fingerprint_selectivity,123,123,0,,0.0,0.0,0.0,0.0
a1_extended_s392005_20260910_r1,X2_E600,train_daot_fingerprint_sensitivity,123,123,0,,0.0,0.0,0.0,0.0
a1_extended_s392005_20260910_r1,X2_E600,train_daot_grad_ratio_fingerprint,2,2,0,,0.0,0.0,0.0,0.0
a1_extended_s392005_20260910_r1,X2_E600,train_daot_grad_ratio_nuisance,2,2,2,61,1.0604239317893322e-08,52691.50144222179,26345.750721116194,52691.50144222179
a1_extended_s392005_20260910_r1,X2_E600,train_daot_grad_ratio_orbit_logit,2,2,1,61,0.0,10.963208512568313,5.4816042562841565,0.0
a1_extended_s392005_20260910_r1,X2_E600,train_daot_grad_ratio_orbit_proto,2,2,0,,0.0,0.0,0.0,0.0
a1_extended_s392005_20260910_r1,X2_E600,train_daot_grad_ratio_orbit_relation,2,2,0,,0.0,0.0,0.0,0.0
a1_extended_s392005_20260910_r1,X2_E600,train_daot_grad_ratio_orbit_z,2,2,1,61,0.0,0.05571119604924579,0.027855598024622896,0.0
a1_extended_s392005_20260910_r1,X2_E600,train_daot_grad_ratio_tangent,2,2,0,,0.0,0.0,0.0,0.0
a1_extended_s392005_20260910_r1,X2_E600,train_daot_identity_only_used,183,183,123,61,0.0,1.0,0.6721311475409836,1.0
a1_extended_s392005_20260910_r1,X2_E600,train_daot_logit_coverage,123,123,123,61,0.15820258130898346,0.7023554487271352,0.22494085259325755,0.1666666716337204
a1_extended_s392005_20260910_r1,X2_E600,train_daot_logit_coverage_weighting,183,183,0,,0.0,0.0,0.0,0.0
a1_extended_s392005_20260910_r1,X2_E600,train_daot_logit_weighted_contribution,183,183,123,61,0.0,0.20443377731082676,0.07584575655114807,0.20166249761173316
a1_extended_s392005_20260910_r1,X2_E600,train_daot_loss_scale_fingerprint,123,123,123,61,1.0,1.0,1.0,1.0
a1_extended_s392005_20260910_r1,X2_E600,train_daot_loss_scale_nuisance,123,123,123,61,1.0,1.0,1.0,1.0
a1_extended_s392005_20260910_r1,X2_E600,train_daot_loss_scale_orbit_logit,123,123,123,61,2.0256511759383513,20.175538863112173,4.505268191459744,3.6337007649966444
a1_extended_s392005_20260910_r1,X2_E600,train_daot_loss_scale_orbit_proto,123,123,123,61,1.0,1.0,1.0,1.0
a1_extended_s392005_20260910_r1,X2_E600,train_daot_loss_scale_orbit_relation,123,123,123,61,1.0,1.0,1.0,1.0
a1_extended_s392005_20260910_r1,X2_E600,train_daot_loss_scale_orbit_z,123,123,123,61,0.28914429399723185,0.9999999999999999,0.9232447378713264,0.9999999999999999
a1_extended_s392005_20260910_r1,X2_E600,train_daot_loss_scale_tangent,123,123,123,61,1.0,1.0,1.0,1.0
a1_extended_s392005_20260910_r1,X2_E600,train_daot_mean_metadata_skip_enabled,183,183,183,1,1.0,1.0,1.0,1.0
a1_extended_s392005_20260910_r1,X2_E600,train_daot_nuisance_sensitivity,123,123,0,,0.0,0.0,0.0,0.0
a1_extended_s392005_20260910_r1,X2_E600,train_daot_nuisance_sensitivity_agc,2,2,2,61,14.007919311523438,31.41592788696289,22.711923599243164,31.41592788696289
a1_extended_s392005_20260910_r1,X2_E600,train_daot_nuisance_sensitivity_doppler,2,2,2,61,14.375696182250977,31.41592788696289,22.895812034606934,31.41592788696289
a1_extended_s392005_20260910_r1,X2_E600,train_daot_nuisance_sensitivity_doppler_rate,2,2,2,61,14.19180679321289,31.41592788696289,22.80386734008789,31.41592788696289
a1_extended_s392005_20260910_r1,X2_E600,train_daot_nuisance_sensitivity_multipath,2,2,2,61,14.030984878540039,31.41592788696289,22.723456382751465,31.41592788696289
a1_extended_s392005_20260910_r1,X2_E600,train_daot_nuisance_sensitivity_phase_noise,2,2,2,61,13.976497650146484,31.41592788696289,22.696212768554688,31.41592788696289
a1_extended_s392005_20260910_r1,X2_E600,train_daot_nuisance_sensitivity_sfo,2,2,2,61,13.99392032623291,31.41592788696289,22.7049241065979,31.41592788696289
a1_extended_s392005_20260910_r1,X2_E600,train_daot_nuisance_sensitivity_snr,2,2,2,61,13.975343704223633,31.41592788696289,22.69563579559326,31.41592788696289
a1_extended_s392005_20260910_r1,X2_E600,train_daot_nuisance_sensitivity_sto,2,2,2,61,13.940166473388672,31.41592788696289,22.67804718017578,31.41592788696289
a1_extended_s392005_20260910_r1,X2_E600,train_daot_objective_computed,183,183,123,61,0.0,1.0,0.6721311475409836,1.0
a1_extended_s392005_20260910_r1,X2_E600,train_daot_orbit_dispersion,123,123,123,61,0.09978209556760015,1.0,0.8775491341818903,1.0
a1_extended_s392005_20260910_r1,X2_E600,train_daot_orbit_scale,183,183,123,61,0.0,1.0,0.35245901639344257,1.0
a1_extended_s392005_20260910_r1,X2_E600,train_daot_proto_input_available,183,183,0,,0.0,0.0,0.0,0.0
a1_extended_s392005_20260910_r1,X2_E600,train_daot_scale_batched_enabled,183,183,183,1,1.0,1.0,1.0,1.0
a1_extended_s392005_20260910_r1,X2_E600,train_daot_tangent_scale,183,183,3,181,0.0,0.012500000000000025,0.00020491803278688565,0.012500000000000025
a1_extended_s392005_20260910_r1,X2_E600,train_daot_teacher_effective_views,123,123,123,61,1.8015696121765687,2.0,1.9904345517751194,2.0
a1_extended_s392005_20260910_r1,X2_E600,train_daot_teacher_labeled_accuracy,123,123,123,61,0.165259009009009,0.949535472972973,0.26137570497326595,0.16656109234234234
a1_extended_s392005_20260910_r1,X2_E600,train_daot_teacher_labeled_confidence,123,123,123,61,0.1666666716337204,0.9826515657944722,0.2663421115703542,0.1666666716337204
a1_extended_s392005_20260910_r1,X2_E600,train_daot_teacher_view_count,183,183,123,61,0.0,2.0,1.3442622950819672,2.0
a1_extended_s392005_20260910_r1,X2_E600,train_daot_u_consensus_rate,123,123,123,61,0.6024581789970398,1.0,0.9552976030932497,1.0
a1_extended_s392005_20260910_r1,X2_E600,train_daot_u_logit_coverage,123,123,123,61,0.1472178819077509,0.7300859241335241,0.22856874501369887,0.1666666716337204
a1_extended_s392005_20260910_r1,X2_E600,train_daot_u_logit_weighted_contribution,183,183,116,61,0.0,0.014997889352794568,0.0011948571418910247,2.1540140182509817e-06
a1_extended_s392005_20260910_r1,X2_E600,train_daot_u_orbit_dispersion,123,123,123,61,0.09995796957665735,1.0,0.879165232244033,1.0
a1_extended_s392005_20260910_r1,X2_E600,train_daot_u_orbit_scale,183,183,123,61,0.0,1.0,0.35245901639344257,1.0
a1_extended_s392005_20260910_r1,X2_E600,train_daot_worst_bucket_elevation,2,2,1,61,0.0,0.34375,0.171875,0.0
a1_extended_s392005_20260910_r1,X2_E600,train_daot_worst_bucket_snr,2,2,1,61,0.0,0.34375,0.171875,0.0
a1_extended_s392005_20260910_r1,X2_E600,train_dm_accept_local_component_class_coverage,183,183,0,,0.0,0.0,0.0,0.0
a1_extended_s392005_20260910_r1,X2_E600,train_ecrs_cross_rx_clean_count,183,183,183,1,128.0,128.0,128.0,128.0
a1_extended_s392005_20260910_r1,X2_E600,train_ecrs_cross_rx_configured,183,183,183,1,1.0,1.0,1.0,1.0
a1_extended_s392005_20260910_r1,X2_E600,train_ecrs_cross_rx_executed,183,183,183,1,1.0,1.0,1.0,1.0
a1_extended_s392005_20260910_r1,X2_E600,train_ecrs_cross_rx_identity_grad_norm,166,166,72,1,0.0,0.00680603226646781,0.0005171349144057533,0.0
a1_extended_s392005_20260910_r1,X2_E600,train_ecrs_cross_rx_leo_count,183,183,0,,0.0,0.0,0.0,0.0
a1_extended_s392005_20260910_r1,X2_E600,train_ecrs_cross_rx_raw_loss,183,183,183,1,0.023864416366614186,0.20140237663243268,0.13686872767979286,0.20000004627414653
a1_extended_s392005_20260910_r1,X2_E600,train_ecrs_cross_rx_successful_steps,183,183,183,1,110.5,40475.5,20286.98907103825,40475.5
a1_extended_s392005_20260910_r1,X2_E600,train_ecrs_cross_rx_valid_anchors,183,183,183,1,127.82882882882883,127.98198198198199,127.91729434352385,127.91441441441441
a1_extended_s392005_20260910_r1,X2_E600,train_ecrs_cross_rx_weighted_loss,183,183,183,1,0.0011932208336973803,0.010070119040539942,0.006843436500894643,0.010000002482352225
a1_extended_s392005_20260910_r1,X2_E600,train_loss_cons_labeled,183,183,135,49,0.0,1.0,0.6378073560160442,1.0
a1_extended_s392005_20260910_r1,X2_E600,train_loss_daot_fingerprint,183,183,0,,0.0,0.0,0.0,0.0
a1_extended_s392005_20260910_r1,X2_E600,train_loss_daot_nuisance,183,183,123,61,0.0,1.0207553336749207,0.48769726611595704,1.0207553336749207
a1_extended_s392005_20260910_r1,X2_E600,train_loss_daot_orbit_logit,183,183,123,61,0.0,29.515546626872844,3.797602773264358,3.663297653198242
a1_extended_s392005_20260910_r1,X2_E600,train_loss_daot_orbit_proto,183,183,0,,0.0,0.0,0.0,0.0
a1_extended_s392005_20260910_r1,X2_E600,train_loss_daot_orbit_relation,183,183,0,,0.0,0.0,0.0,0.0
a1_extended_s392005_20260910_r1,X2_E600,train_loss_daot_orbit_z,183,183,123,61,0.0,1.0,0.6210754088812064,1.0
a1_extended_s392005_20260910_r1,X2_E600,train_loss_daot_tangent,183,183,0,,0.0,0.0,0.0,0.0
a1_extended_s392005_20260910_r1,X2_E600,train_loss_daot_total,183,183,123,61,0.0,0.7027636210660677,0.25213209008612775,0.7016624953295734
a1_extended_s392005_20260910_r1,X2_E600,train_loss_daot_unlabeled,183,183,123,61,0.0,0.5000027112058691,0.177399797966603,0.5000021540903831
a1_extended_s392005_20260910_r1,X2_E600,train_loss_group_ce_labeled,183,183,183,1,2.4235151051333896,12.865417828431001,8.779597403951735,12.021944174895415
a1_extended_s392005_20260910_r1,X2_E600,train_loss_sat_cls_labeled,183,183,0,,0.0,0.0,0.0,0.0
a1_extended_s392005_20260910_r1,X2_E600,train_loss_sat_cons_labeled,183,183,0,,0.0,0.0,0.0,0.0
a1_extended_s392005_20260910_r1,X2_E600,train_os_gradient_nonfinite_bundle,183,183,0,,0.0,0.0,0.0,0.0
a1_extended_s392005_20260910_r1,X2_E600,train_rc4_effective_weighted_coverage,183,183,26,61,0.0,0.15000000455089518,0.010916370406909258,0.0
a1_extended_s392005_20260910_r1,X2_E600,train_rc4_hard_effective_coverage,183,183,17,61,0.0,0.15000000455089518,0.009511069728295272,0.0
a1_extended_s392005_20260910_r1,X2_E600,train_rc4_negative_effective_coverage,183,183,0,,0.0,0.0,0.0,0.0
a1_extended_s392005_20260910_r1,X2_E600,train_rc4_partial_effective_coverage,183,183,22,61,0.0,0.12903666147240647,0.0014053006271468997,0.0
a1_extended_s392005_20260910_r1,X2_E600,train_sat_anchor_class_coverage,183,183,17,61,0.0,6.0,0.2782946881307537,0.0
a1_extended_s392005_20260910_r1,X2_E600,train_sat_anchor_receiver_coverage,183,183,17,61,0.0,5.0,0.38288288288288286,0.0
a1_extended_s392005_20260910_r1,X2_E600,train_skipped_nonfinite_grad,183,183,32,1,0.0,0.013513513513513514,0.0009845911485255748,0.0
a1_extended_s392005_20260910_r1,X2_E600,train_skipped_nonfinite_loss,183,183,0,,0.0,0.0,0.0,0.0
a1_extended_s392005_20260910_r1,X2_E600,train_source_episode_local_component_coverage,126,126,126,58,1.0,1.0,1.0,1.0
a1_extended_s392005_20260910_r1,X2_E600,train_tail_rollback_cooldown_remaining,183,183,0,,0.0,0.0,0.0,0.0
a1_extended_s392005_20260910_r1,X2_E600,train_w_loss_cons_labeled,183,183,135,49,0.0,0.0501708984375,0.01939235552606229,0.0501708984375
a1_extended_s392005_20260910_r1,X2_E600,train_w_loss_group_ce_labeled,183,183,183,1,0.19388120399100017,1.7945134800833624,1.0683845533396983,1.7945134800833624
a1_extended_s392005_20260910_r1,X2_E600,train_w_loss_sat_cls_labeled,183,183,0,,0.0,0.0,0.0,0.0
a1_extended_s392005_20260910_r1,X2_E600,train_w_loss_sat_cons_labeled,183,183,0,,0.0,0.0,0.0,0.0
a1_extended_s392005_20260910_r1,X2_E600,val_tx_acc,183,183,183,1,16.633333333333333,98.45925925925926,48.393058085407816,16.666666666666668
a1_fast_matched_core90_s392005_20260908_r3,CORE90_MATCHED_FRESH,concat_sat_ce_weight,29,29,29,1,1.0,1.0,1.0,1.0
a1_fast_matched_core90_s392005_20260908_r3,CORE90_MATCHED_FRESH,concat_sat_start_epoch,29,29,29,1,1.0,1.0,1.0,1.0
a1_fast_matched_core90_s392005_20260908_r3,CORE90_MATCHED_FRESH,group_ce_top_frac,29,29,29,1,0.35,0.35,0.35,0.35
a1_fast_matched_core90_s392005_20260908_r3,CORE90_MATCHED_FRESH,joint_guard_paic_cooldown_remaining,29,29,0,,0.0,0.0,0.0,0.0
a1_fast_matched_core90_s392005_20260908_r3,CORE90_MATCHED_FRESH,lambda_cons,29,29,29,1,0.08,0.08,0.07999999999999999,0.08
a1_fast_matched_core90_s392005_20260908_r3,CORE90_MATCHED_FRESH,lambda_group_ce,29,29,29,1,0.16,0.16,0.15999999999999998,0.16
a1_fast_matched_core90_s392005_20260908_r3,CORE90_MATCHED_FRESH,loss_weight_group_ce,29,29,29,1,0.08,0.11624264068711927,0.09511119181285202,0.11624264068711927
a1_fast_matched_core90_s392005_20260908_r3,CORE90_MATCHED_FRESH,lr,29,29,29,1,0.0002,0.0002,0.0002,0.0002
a1_fast_matched_core90_s392005_20260908_r3,CORE90_MATCHED_FRESH,nonfinite_test_metric_count,29,29,29,1,1.0,1.0,1.0,1.0
a1_fast_matched_core90_s392005_20260908_r3,CORE90_MATCHED_FRESH,nonfinite_train_metric_count,29,29,29,1,4.0,4.0,4.0,4.0
a1_fast_matched_core90_s392005_20260908_r3,CORE90_MATCHED_FRESH,nonfinite_val_metric_count,29,29,29,1,1.0,1.0,1.0,1.0
a1_fast_matched_core90_s392005_20260908_r3,CORE90_MATCHED_FRESH,phase2_audit_imports_balanced_tx_rx_sampler,29,29,29,1,1.0,1.0,1.0,1.0
a1_fast_matched_core90_s392005_20260908_r3,CORE90_MATCHED_FRESH,stage_group_ce_scale,29,29,29,1,0.5,0.7265165042944954,0.5944449488303252,0.7265165042944954
a1_fast_matched_core90_s392005_20260908_r3,CORE90_MATCHED_FRESH,stage_source_val_sat_floor_tx,29,29,29,1,33.67407407407408,53.58518518518518,42.700127713920814,47.8
a1_fast_matched_core90_s392005_20260908_r3,CORE90_MATCHED_FRESH,stage_source_val_sat_mean_tx,29,29,29,1,34.181481481481484,55.10370370370371,43.618731375053216,49.13703703703703
a1_fast_matched_core90_s392005_20260908_r3,CORE90_MATCHED_FRESH,stage_tail_rollback_cooldown_remaining,29,29,0,,0.0,0.0,0.0,0.0
a1_fast_matched_core90_s392005_20260908_r3,CORE90_MATCHED_FRESH,train_concat_sat_active,29,29,29,1,1.0,1.0,1.0,1.0
a1_fast_matched_core90_s392005_20260908_r3,CORE90_MATCHED_FRESH,train_concat_sat_applied,29,29,29,1,0.22448979591836735,0.40816326530612246,0.29908515130190005,0.22448979591836735
a1_fast_matched_core90_s392005_20260908_r3,CORE90_MATCHED_FRESH,train_concat_sat_clean_batch_size,29,29,29,1,128.0,128.0,128.0,128.0
a1_fast_matched_core90_s392005_20260908_r3,CORE90_MATCHED_FRESH,train_concat_sat_expanded,29,29,0,,0.0,0.0,0.0,0.0
a1_fast_matched_core90_s392005_20260908_r3,CORE90_MATCHED_FRESH,train_concat_sat_stage_index,29,29,0,,0.0,0.0,0.0,0.0
a1_fast_matched_core90_s392005_20260908_r3,CORE90_MATCHED_FRESH,train_concat_sat_stage_start_epoch,29,29,29,1,1.0,1.0,1.0,1.0
a1_fast_matched_core90_s392005_20260908_r3,CORE90_MATCHED_FRESH,train_concat_sat_total_batch_size,29,29,29,1,128.0,128.0,128.0,128.0
a1_fast_matched_core90_s392005_20260908_r3,CORE90_MATCHED_FRESH,train_concat_sat_view_prob,29,29,29,1,0.30000000000000027,0.30000000000000027,0.30000000000000027,0.30000000000000027
a1_fast_matched_core90_s392005_20260908_r3,CORE90_MATCHED_FRESH,train_daot_batched_view_count,29,29,0,,0.0,0.0,0.0,0.0
a1_fast_matched_core90_s392005_20260908_r3,CORE90_MATCHED_FRESH,train_daot_identity_only_used,29,29,0,,0.0,0.0,0.0,0.0
a1_fast_matched_core90_s392005_20260908_r3,CORE90_MATCHED_FRESH,train_daot_mean_metadata_skip_enabled,29,29,0,,0.0,0.0,0.0,0.0
a1_fast_matched_core90_s392005_20260908_r3,CORE90_MATCHED_FRESH,train_daot_objective_computed,29,29,0,,0.0,0.0,0.0,0.0
a1_fast_matched_core90_s392005_20260908_r3,CORE90_MATCHED_FRESH,train_daot_orbit_scale,29,29,0,,0.0,0.0,0.0,0.0
a1_fast_matched_core90_s392005_20260908_r3,CORE90_MATCHED_FRESH,train_daot_proto_input_available,29,29,0,,0.0,0.0,0.0,0.0
a1_fast_matched_core90_s392005_20260908_r3,CORE90_MATCHED_FRESH,train_daot_scale_batched_enabled,29,29,0,,0.0,0.0,0.0,0.0
a1_fast_matched_core90_s392005_20260908_r3,CORE90_MATCHED_FRESH,train_daot_tangent_scale,29,29,0,,0.0,0.0,0.0,0.0
a1_fast_matched_core90_s392005_20260908_r3,CORE90_MATCHED_FRESH,train_daot_teacher_view_count,29,29,0,,0.0,0.0,0.0,0.0
a1_fast_matched_core90_s392005_20260908_r3,CORE90_MATCHED_FRESH,train_daot_u_orbit_scale,29,29,0,,0.0,0.0,0.0,0.0
a1_fast_matched_core90_s392005_20260908_r3,CORE90_MATCHED_FRESH,train_dm_accept_local_component_class_coverage,29,29,0,,0.0,0.0,0.0,0.0
a1_fast_matched_core90_s392005_20260908_r3,CORE90_MATCHED_FRESH,train_loss_cons_labeled,29,29,13,17,0.0,0.409976881377551,0.1750760598555155,0.36550093670280615
a1_fast_matched_core90_s392005_20260908_r3,CORE90_MATCHED_FRESH,train_loss_daot_fingerprint,29,29,0,,0.0,0.0,0.0,0.0
a1_fast_matched_core90_s392005_20260908_r3,CORE90_MATCHED_FRESH,train_loss_daot_nuisance,29,29,0,,0.0,0.0,0.0,0.0
a1_fast_matched_core90_s392005_20260908_r3,CORE90_MATCHED_FRESH,train_loss_daot_orbit_logit,29,29,0,,0.0,0.0,0.0,0.0
a1_fast_matched_core90_s392005_20260908_r3,CORE90_MATCHED_FRESH,train_loss_daot_orbit_proto,29,29,0,,0.0,0.0,0.0,0.0
a1_fast_matched_core90_s392005_20260908_r3,CORE90_MATCHED_FRESH,train_loss_daot_orbit_relation,29,29,0,,0.0,0.0,0.0,0.0
a1_fast_matched_core90_s392005_20260908_r3,CORE90_MATCHED_FRESH,train_loss_daot_orbit_z,29,29,0,,0.0,0.0,0.0,0.0
a1_fast_matched_core90_s392005_20260908_r3,CORE90_MATCHED_FRESH,train_loss_daot_tangent,29,29,0,,0.0,0.0,0.0,0.0
a1_fast_matched_core90_s392005_20260908_r3,CORE90_MATCHED_FRESH,train_loss_daot_total,29,29,0,,0.0,0.0,0.0,0.0
a1_fast_matched_core90_s392005_20260908_r3,CORE90_MATCHED_FRESH,train_loss_daot_unlabeled,29,29,0,,0.0,0.0,0.0,0.0
a1_fast_matched_core90_s392005_20260908_r3,CORE90_MATCHED_FRESH,train_loss_group_ce_labeled,29,29,29,1,4.735573218793285,12.809013308310995,6.915559283450487,4.838873206352701
a1_fast_matched_core90_s392005_20260908_r3,CORE90_MATCHED_FRESH,train_loss_sat_cls_labeled,29,29,0,,0.0,0.0,0.0,0.0
a1_fast_matched_core90_s392005_20260908_r3,CORE90_MATCHED_FRESH,train_loss_sat_cons_labeled,29,29,0,,0.0,0.0,0.0,0.0
a1_fast_matched_core90_s392005_20260908_r3,CORE90_MATCHED_FRESH,train_os_gradient_nonfinite_bundle,29,29,0,,0.0,0.0,0.0,0.0
a1_fast_matched_core90_s392005_20260908_r3,CORE90_MATCHED_FRESH,train_rc4_effective_weighted_coverage,29,29,0,,0.0,0.0,0.0,0.0
a1_fast_matched_core90_s392005_20260908_r3,CORE90_MATCHED_FRESH,train_rc4_hard_effective_coverage,29,29,0,,0.0,0.0,0.0,0.0
a1_fast_matched_core90_s392005_20260908_r3,CORE90_MATCHED_FRESH,train_rc4_negative_effective_coverage,29,29,0,,0.0,0.0,0.0,0.0
a1_fast_matched_core90_s392005_20260908_r3,CORE90_MATCHED_FRESH,train_rc4_partial_effective_coverage,29,29,0,,0.0,0.0,0.0,0.0
a1_fast_matched_core90_s392005_20260908_r3,CORE90_MATCHED_FRESH,train_sat_anchor_class_coverage,29,29,0,,0.0,0.0,0.0,0.0
a1_fast_matched_core90_s392005_20260908_r3,CORE90_MATCHED_FRESH,train_sat_anchor_receiver_coverage,29,29,0,,0.0,0.0,0.0,0.0
a1_fast_matched_core90_s392005_20260908_r3,CORE90_MATCHED_FRESH,train_skipped_nonfinite_grad,29,29,3,1,0.0,0.04081632653061224,0.0028149190710767065,0.0
a1_fast_matched_core90_s392005_20260908_r3,CORE90_MATCHED_FRESH,train_skipped_nonfinite_loss,29,29,0,,0.0,0.0,0.0,0.0
a1_fast_matched_core90_s392005_20260908_r3,CORE90_MATCHED_FRESH,train_source_episode_local_component_coverage,10,10,10,20,1.0,1.0,1.0,1.0
a1_fast_matched_core90_s392005_20260908_r3,CORE90_MATCHED_FRESH,train_tail_rollback_cooldown_remaining,29,29,0,,0.0,0.0,0.0,0.0
a1_fast_matched_core90_s392005_20260908_r3,CORE90_MATCHED_FRESH,train_w_loss_cons_labeled,29,29,13,17,0.0,0.007589534837372449,0.0030697601769358067,0.007269333819953763
a1_fast_matched_core90_s392005_20260908_r3,CORE90_MATCHED_FRESH,train_w_loss_group_ce_labeled,29,29,29,1,0.4585450133498834,1.0247210422340705,0.6405086560537915,0.5624833949366395
a1_fast_matched_core90_s392005_20260908_r3,CORE90_MATCHED_FRESH,train_w_loss_sat_cls_labeled,29,29,0,,0.0,0.0,0.0,0.0
a1_fast_matched_core90_s392005_20260908_r3,CORE90_MATCHED_FRESH,train_w_loss_sat_cons_labeled,29,29,0,,0.0,0.0,0.0,0.0
a1_fast_matched_core90_s392005_20260908_r3,CORE90_MATCHED_FRESH,val_tx_acc,29,29,29,1,41.98148148148148,96.28518518518518,90.73856960408683,94.13703703703703
a1_fast_selected_adv3b02_s392005_20260908_r1,A1_FAST_SEQUENTIAL,concat_sat_ce_weight,200,200,200,1,1.0,1.0,1.0,1.0
a1_fast_selected_adv3b02_s392005_20260908_r1,A1_FAST_SEQUENTIAL,concat_sat_start_epoch,200,200,200,1,1.0,1.0,1.0,1.0
a1_fast_selected_adv3b02_s392005_20260908_r1,A1_FAST_SEQUENTIAL,group_ce_top_frac,200,200,200,1,0.35,0.35,0.35,0.35
a1_fast_selected_adv3b02_s392005_20260908_r1,A1_FAST_SEQUENTIAL,joint_guard_paic_cooldown_remaining,200,200,0,,0.0,0.0,0.0,0.0
a1_fast_selected_adv3b02_s392005_20260908_r1,A1_FAST_SEQUENTIAL,lambda_cons,200,200,200,1,0.08,0.08,0.08,0.08
a1_fast_selected_adv3b02_s392005_20260908_r1,A1_FAST_SEQUENTIAL,lambda_group_ce,200,200,200,1,0.16,0.16,0.16,0.16
a1_fast_selected_adv3b02_s392005_20260908_r1,A1_FAST_SEQUENTIAL,loss_weight_group_ce,200,200,200,1,0.08,0.16,0.14577885253594247,0.16
a1_fast_selected_adv3b02_s392005_20260908_r1,A1_FAST_SEQUENTIAL,lr,200,200,200,1,1.0000000000000002e-06,0.0002,8.875000000000002e-05,1.0000000000000002e-06
a1_fast_selected_adv3b02_s392005_20260908_r1,A1_FAST_SEQUENTIAL,nonfinite_test_metric_count,200,200,200,1,1.0,1.0,1.0,1.0
a1_fast_selected_adv3b02_s392005_20260908_r1,A1_FAST_SEQUENTIAL,nonfinite_train_metric_count,200,200,200,1,4.0,4.0,4.0,4.0
a1_fast_selected_adv3b02_s392005_20260908_r1,A1_FAST_SEQUENTIAL,nonfinite_val_metric_count,200,200,200,1,1.0,1.0,1.0,1.0
a1_fast_selected_adv3b02_s392005_20260908_r1,A1_FAST_SEQUENTIAL,phase2_audit_imports_balanced_tx_rx_sampler,200,200,200,1,1.0,1.0,1.0,1.0
a1_fast_selected_adv3b02_s392005_20260908_r1,A1_FAST_SEQUENTIAL,stage_group_ce_scale,200,200,200,1,0.5,1.0,0.9111178283496403,1.0
a1_fast_selected_adv3b02_s392005_20260908_r1,A1_FAST_SEQUENTIAL,stage_source_val_sat_floor_tx,200,200,200,1,79.55555555555556,94.76296296296296,90.94596296296297,94.73333333333333
a1_fast_selected_adv3b02_s392005_20260908_r1,A1_FAST_SEQUENTIAL,stage_source_val_sat_mean_tx,200,200,200,1,81.0,95.3641975308642,91.86837654320988,95.35061728395061
a1_fast_selected_adv3b02_s392005_20260908_r1,A1_FAST_SEQUENTIAL,stage_tail_rollback_cooldown_remaining,200,200,0,,0.0,0.0,0.0,0.0
a1_fast_selected_adv3b02_s392005_20260908_r1,A1_FAST_SEQUENTIAL,train_concat_sat_active,200,200,200,1,1.0,1.0,1.0,1.0
a1_fast_selected_adv3b02_s392005_20260908_r1,A1_FAST_SEQUENTIAL,train_concat_sat_applied,200,200,200,1,0.23423423423423423,0.8558558558558559,0.6510135135135136,0.8198198198198198
a1_fast_selected_adv3b02_s392005_20260908_r1,A1_FAST_SEQUENTIAL,train_concat_sat_clean_batch_size,200,200,200,1,128.0,128.0,128.0,128.0
a1_fast_selected_adv3b02_s392005_20260908_r1,A1_FAST_SEQUENTIAL,train_concat_sat_expanded,200,200,0,,0.0,0.0,0.0,0.0
a1_fast_selected_adv3b02_s392005_20260908_r1,A1_FAST_SEQUENTIAL,train_concat_sat_stage_index,200,200,160,41,0.0,2.0,1.35,2.0
a1_fast_selected_adv3b02_s392005_20260908_r1,A1_FAST_SEQUENTIAL,train_concat_sat_stage_start_epoch,200,200,200,1,1.0,91.0,60.5,91.0
a1_fast_selected_adv3b02_s392005_20260908_r1,A1_FAST_SEQUENTIAL,train_concat_sat_total_batch_size,200,200,200,1,128.0,128.0,128.0,128.0
a1_fast_selected_adv3b02_s392005_20260908_r1,A1_FAST_SEQUENTIAL,train_concat_sat_view_prob,200,200,200,1,0.29999999999999877,0.8000000000000016,0.65,0.8000000000000016
a1_fast_selected_adv3b02_s392005_20260908_r1,A1_FAST_SEQUENTIAL,train_daot_batched_view_count,200,200,180,21,0.0,1.0,0.9,1.0
a1_fast_selected_adv3b02_s392005_20260908_r1,A1_FAST_SEQUENTIAL,train_daot_clean_teacher_weight,180,180,180,21,0.4999932974308461,0.5000049996751923,0.49999953131149477,0.5000004205886308
a1_fast_selected_adv3b02_s392005_20260908_r1,A1_FAST_SEQUENTIAL,train_daot_consensus_rate,180,180,180,21,0.8478322072072072,0.9628730292792793,0.9358100287787787,0.9599521396396397
a1_fast_selected_adv3b02_s392005_20260908_r1,A1_FAST_SEQUENTIAL,train_daot_fingerprint_selectivity,180,180,0,,0.0,0.0,0.0,0.0
a1_fast_selected_adv3b02_s392005_20260908_r1,A1_FAST_SEQUENTIAL,train_daot_fingerprint_sensitivity,180,180,0,,0.0,0.0,0.0,0.0
a1_fast_selected_adv3b02_s392005_20260908_r1,A1_FAST_SEQUENTIAL,train_daot_grad_ratio_fingerprint,4,4,0,,0.0,0.0,0.0,0.0
a1_fast_selected_adv3b02_s392005_20260908_r1,A1_FAST_SEQUENTIAL,train_daot_grad_ratio_nuisance,4,4,4,21,3.5274533873045355e-09,1.6537445135285006e-08,1.0616530751466524e-08,1.6537445135285006e-08
a1_fast_selected_adv3b02_s392005_20260908_r1,A1_FAST_SEQUENTIAL,train_daot_grad_ratio_orbit_logit,4,4,4,21,2.3288155552606575,7.080212038534514,5.4664919491788115,6.915844476241283
a1_fast_selected_adv3b02_s392005_20260908_r1,A1_FAST_SEQUENTIAL,train_daot_grad_ratio_orbit_proto,4,4,0,,0.0,0.0,0.0,0.0
a1_fast_selected_adv3b02_s392005_20260908_r1,A1_FAST_SEQUENTIAL,train_daot_grad_ratio_orbit_relation,4,4,0,,0.0,0.0,0.0,0.0
a1_fast_selected_adv3b02_s392005_20260908_r1,A1_FAST_SEQUENTIAL,train_daot_grad_ratio_orbit_z,4,4,4,21,0.02306478648085245,0.03898658869969533,0.03095022044755101,0.03628470828039329
a1_fast_selected_adv3b02_s392005_20260908_r1,A1_FAST_SEQUENTIAL,train_daot_grad_ratio_tangent,4,4,0,,0.0,0.0,0.0,0.0
a1_fast_selected_adv3b02_s392005_20260908_r1,A1_FAST_SEQUENTIAL,train_daot_identity_only_used,200,200,180,21,0.0,1.0,0.9,1.0
a1_fast_selected_adv3b02_s392005_20260908_r1,A1_FAST_SEQUENTIAL,train_daot_loss_scale_fingerprint,180,180,180,21,1.0,1.0,1.0,1.0
a1_fast_selected_adv3b02_s392005_20260908_r1,A1_FAST_SEQUENTIAL,train_daot_loss_scale_nuisance,180,180,180,21,1.0,1.0,1.0,1.0
a1_fast_selected_adv3b02_s392005_20260908_r1,A1_FAST_SEQUENTIAL,train_daot_loss_scale_orbit_logit,180,180,180,21,2.1836256977428286,7.775818313685571,3.3115600104687206,2.3568008273038483
a1_fast_selected_adv3b02_s392005_20260908_r1,A1_FAST_SEQUENTIAL,train_daot_loss_scale_orbit_proto,180,180,180,21,1.0,1.0,1.0,1.0
a1_fast_selected_adv3b02_s392005_20260908_r1,A1_FAST_SEQUENTIAL,train_daot_loss_scale_orbit_relation,180,180,180,21,1.0,1.0,1.0,1.0
a1_fast_selected_adv3b02_s392005_20260908_r1,A1_FAST_SEQUENTIAL,train_daot_loss_scale_orbit_z,180,180,180,21,0.1450993938856955,0.2531978200466778,0.1597248458762425,0.1463874297108999
a1_fast_selected_adv3b02_s392005_20260908_r1,A1_FAST_SEQUENTIAL,train_daot_loss_scale_tangent,180,180,180,21,1.0,1.0,1.0,1.0
a1_fast_selected_adv3b02_s392005_20260908_r1,A1_FAST_SEQUENTIAL,train_daot_mean_metadata_skip_enabled,200,200,200,1,1.0,1.0,1.0,1.0
a1_fast_selected_adv3b02_s392005_20260908_r1,A1_FAST_SEQUENTIAL,train_daot_nuisance_sensitivity,180,180,0,,0.0,0.0,0.0,0.0
a1_fast_selected_adv3b02_s392005_20260908_r1,A1_FAST_SEQUENTIAL,train_daot_nuisance_sensitivity_agc,4,4,4,21,10.298954963684082,13.898298263549805,11.647215366363525,11.139068603515625
a1_fast_selected_adv3b02_s392005_20260908_r1,A1_FAST_SEQUENTIAL,train_daot_nuisance_sensitivity_doppler,4,4,4,21,10.753625869750977,14.536848068237305,12.20558500289917,11.825756072998047
a1_fast_selected_adv3b02_s392005_20260908_r1,A1_FAST_SEQUENTIAL,train_daot_nuisance_sensitivity_doppler_rate,4,4,4,21,10.463468551635742,14.119895935058594,11.830912351608276,11.406439781188965
a1_fast_selected_adv3b02_s392005_20260908_r1,A1_FAST_SEQUENTIAL,train_daot_nuisance_sensitivity_multipath,4,4,4,21,10.288177490234375,13.891490936279297,11.637281894683838,11.129594802856445
a1_fast_selected_adv3b02_s392005_20260908_r1,A1_FAST_SEQUENTIAL,train_daot_nuisance_sensitivity_phase_noise,4,4,4,21,10.277833938598633,13.848891258239746,11.629986763000488,11.123712539672852
a1_fast_selected_adv3b02_s392005_20260908_r1,A1_FAST_SEQUENTIAL,train_daot_nuisance_sensitivity_sfo,4,4,4,21,10.304304122924805,13.892176628112793,11.644088745117188,11.139720916748047
a1_fast_selected_adv3b02_s392005_20260908_r1,A1_FAST_SEQUENTIAL,train_daot_nuisance_sensitivity_snr,4,4,4,21,10.310482025146484,13.892309188842773,11.652253866195679,11.157378196716309
a1_fast_selected_adv3b02_s392005_20260908_r1,A1_FAST_SEQUENTIAL,train_daot_nuisance_sensitivity_sto,4,4,4,21,10.333163261413574,13.969409942626953,11.804521560668945,11.513599395751953
a1_fast_selected_adv3b02_s392005_20260908_r1,A1_FAST_SEQUENTIAL,train_daot_objective_computed,200,200,180,21,0.0,1.0,0.9,1.0
a1_fast_selected_adv3b02_s392005_20260908_r1,A1_FAST_SEQUENTIAL,train_daot_orbit_dispersion,180,180,180,21,0.008866123885528796,0.057852726530384375,0.016257385702730782,0.009416665566187386
a1_fast_selected_adv3b02_s392005_20260908_r1,A1_FAST_SEQUENTIAL,train_daot_orbit_scale,200,200,180,21,0.0,1.0,0.8025,1.0
a1_fast_selected_adv3b02_s392005_20260908_r1,A1_FAST_SEQUENTIAL,train_daot_proto_input_available,200,200,0,,0.0,0.0,0.0,0.0
a1_fast_selected_adv3b02_s392005_20260908_r1,A1_FAST_SEQUENTIAL,train_daot_scale_batched_enabled,200,200,200,1,1.0,1.0,1.0,1.0
a1_fast_selected_adv3b02_s392005_20260908_r1,A1_FAST_SEQUENTIAL,train_daot_tangent_scale,200,200,140,61,0.0,1.0,0.5025,1.0
a1_fast_selected_adv3b02_s392005_20260908_r1,A1_FAST_SEQUENTIAL,train_daot_teacher_effective_views,180,180,180,21,1.9999981919924419,1.9999999822797,1.9999990040415876,1.999998622112446
a1_fast_selected_adv3b02_s392005_20260908_r1,A1_FAST_SEQUENTIAL,train_daot_teacher_labeled_accuracy,180,180,180,21,0.9565737612612613,0.9911317567567568,0.9823057432432432,0.9882460585585585
a1_fast_selected_adv3b02_s392005_20260908_r1,A1_FAST_SEQUENTIAL,train_daot_teacher_labeled_confidence,180,180,180,21,0.9921770458285873,0.9987237638718373,0.9975949656572547,0.9985329165115012
a1_fast_selected_adv3b02_s392005_20260908_r1,A1_FAST_SEQUENTIAL,train_daot_teacher_view_count,200,200,180,21,0.0,2.0,1.8,2.0
a1_fast_selected_adv3b02_s392005_20260908_r1,A1_FAST_SEQUENTIAL,train_daot_u_consensus_rate,180,180,180,21,0.8737206206665383,0.9727442286036037,0.9513802832520164,0.972231682087924
a1_fast_selected_adv3b02_s392005_20260908_r1,A1_FAST_SEQUENTIAL,train_daot_u_orbit_dispersion,180,180,180,21,0.00647514375547568,0.05297514014281668,0.012659910188052858,0.006551015080657561
a1_fast_selected_adv3b02_s392005_20260908_r1,A1_FAST_SEQUENTIAL,train_daot_u_orbit_scale,200,200,180,21,0.0,1.0,0.8025,1.0
a1_fast_selected_adv3b02_s392005_20260908_r1,A1_FAST_SEQUENTIAL,train_daot_worst_bucket_elevation,4,4,4,21,0.5625,0.8125,0.703125,0.78125
a1_fast_selected_adv3b02_s392005_20260908_r1,A1_FAST_SEQUENTIAL,train_daot_worst_bucket_snr,4,4,4,21,0.625,0.84375,0.7421875,0.75
a1_fast_selected_adv3b02_s392005_20260908_r1,A1_FAST_SEQUENTIAL,train_dm_accept_local_component_class_coverage,200,200,0,,0.0,0.0,0.0,0.0
a1_fast_selected_adv3b02_s392005_20260908_r1,A1_FAST_SEQUENTIAL,train_loss_cons_labeled,200,200,184,17,0.0,0.27366459477055183,0.1909695627023508,0.19616314312359234
a1_fast_selected_adv3b02_s392005_20260908_r1,A1_FAST_SEQUENTIAL,train_loss_daot_fingerprint,200,200,0,,0.0,0.0,0.0,0.0
a1_fast_selected_adv3b02_s392005_20260908_r1,A1_FAST_SEQUENTIAL,train_loss_daot_nuisance,200,200,180,21,0.0,0.5626622376678226,0.49401921149175443,0.5486758829237105
a1_fast_selected_adv3b02_s392005_20260908_r1,A1_FAST_SEQUENTIAL,train_loss_daot_orbit_logit,200,200,180,21,0.0,12.234717386262911,4.7203005606687825,3.754029182163445
a1_fast_selected_adv3b02_s392005_20260908_r1,A1_FAST_SEQUENTIAL,train_loss_daot_orbit_proto,200,200,0,,0.0,0.0,0.0,0.0
a1_fast_selected_adv3b02_s392005_20260908_r1,A1_FAST_SEQUENTIAL,train_loss_daot_orbit_relation,200,200,0,,0.0,0.0,0.0,0.0
a1_fast_selected_adv3b02_s392005_20260908_r1,A1_FAST_SEQUENTIAL,train_loss_daot_orbit_z,200,200,180,21,0.0,0.26203097691675564,0.14821443965121567,0.14992322457266283
a1_fast_selected_adv3b02_s392005_20260908_r1,A1_FAST_SEQUENTIAL,train_loss_daot_tangent,200,200,0,,0.0,0.0,0.0,0.0
a1_fast_selected_adv3b02_s392005_20260908_r1,A1_FAST_SEQUENTIAL,train_loss_daot_total,200,200,180,21,0.0,0.8410762443735793,0.666968972550533,0.8287900629881266
a1_fast_selected_adv3b02_s392005_20260908_r1,A1_FAST_SEQUENTIAL,train_loss_daot_unlabeled,200,200,180,21,0.0,0.5729454602744128,0.45224219641008473,0.5670597491500614
a1_fast_selected_adv3b02_s392005_20260908_r1,A1_FAST_SEQUENTIAL,train_loss_group_ce_labeled,200,200,200,1,0.9763056504632439,3.0028556766206616,1.570349663267466,1.1650287701270066
a1_fast_selected_adv3b02_s392005_20260908_r1,A1_FAST_SEQUENTIAL,train_loss_sat_cls_labeled,200,200,121,80,0.0,2.513268437526013,1.181929425670467,1.8304900406662643
a1_fast_selected_adv3b02_s392005_20260908_r1,A1_FAST_SEQUENTIAL,train_loss_sat_cons_labeled,200,200,0,,0.0,0.0,0.0,0.0
a1_fast_selected_adv3b02_s392005_20260908_r1,A1_FAST_SEQUENTIAL,train_os_gradient_nonfinite_bundle,200,200,0,,0.0,0.0,0.0,0.0
a1_fast_selected_adv3b02_s392005_20260908_r1,A1_FAST_SEQUENTIAL,train_rc4_effective_weighted_coverage,200,200,200,1,0.1500000028728365,0.15000000481938455,0.15000000383604217,0.15000000361118232
a1_fast_selected_adv3b02_s392005_20260908_r1,A1_FAST_SEQUENTIAL,train_rc4_hard_effective_coverage,200,200,200,1,0.003679116759952661,0.15000000481938455,0.09158757393178307,0.008983505334965213
a1_fast_selected_adv3b02_s392005_20260908_r1,A1_FAST_SEQUENTIAL,train_rc4_negative_effective_coverage,200,200,0,,0.0,0.0,0.0,0.0
a1_fast_selected_adv3b02_s392005_20260908_r1,A1_FAST_SEQUENTIAL,train_rc4_partial_effective_coverage,200,200,177,1,0.0,0.14632088422506778,0.058412426954223697,0.1410164955902744
a1_fast_selected_adv3b02_s392005_20260908_r1,A1_FAST_SEQUENTIAL,train_sat_anchor_class_coverage,200,200,200,1,0.8693693693693694,4.990990990990991,2.958490990990991,1.5495495495495495
a1_fast_selected_adv3b02_s392005_20260908_r1,A1_FAST_SEQUENTIAL,train_sat_anchor_receiver_coverage,200,200,200,1,0.8558558558558559,5.0,4.09463963963964,1.481981981981982
a1_fast_selected_adv3b02_s392005_20260908_r1,A1_FAST_SEQUENTIAL,train_skipped_nonfinite_grad,200,200,19,1,0.0,0.018018018018018018,0.0004954954954954955,0.0
a1_fast_selected_adv3b02_s392005_20260908_r1,A1_FAST_SEQUENTIAL,train_skipped_nonfinite_loss,200,200,0,,0.0,0.0,0.0,0.0
a1_fast_selected_adv3b02_s392005_20260908_r1,A1_FAST_SEQUENTIAL,train_source_episode_local_component_coverage,181,181,181,20,1.0,1.0,1.0,1.0
a1_fast_selected_adv3b02_s392005_20260908_r1,A1_FAST_SEQUENTIAL,train_tail_rollback_cooldown_remaining,200,200,0,,0.0,0.0,0.0,0.0
a1_fast_selected_adv3b02_s392005_20260908_r1,A1_FAST_SEQUENTIAL,train_w_loss_cons_labeled,200,200,184,17,0.0,0.016457325703388936,0.012275163160788048,0.015692805384730432
a1_fast_selected_adv3b02_s392005_20260908_r1,A1_FAST_SEQUENTIAL,train_w_loss_group_ce_labeled,200,200,200,1,0.11511582489175773,0.344369344971235,0.22127247427978244,0.18640459816365898
a1_fast_selected_adv3b02_s392005_20260908_r1,A1_FAST_SEQUENTIAL,train_w_loss_sat_cls_labeled,200,200,121,80,0.0,1.7090225564782626,0.8037120179022083,1.2447332406436462
a1_fast_selected_adv3b02_s392005_20260908_r1,A1_FAST_SEQUENTIAL,train_w_loss_sat_cons_labeled,200,200,0,,0.0,0.0,0.0,0.0
a1_fast_selected_adv3b02_s392005_20260908_r1,A1_FAST_SEQUENTIAL,val_tx_acc,200,200,200,1,97.79629629629629,98.66666666666667,98.52803703703702,98.61481481481482
a1_fast_selected_adv3b02_s392005_20260908_r1,A1_REFERENCE,concat_sat_ce_weight,200,200,200,1,1.0,1.0,1.0,1.0
a1_fast_selected_adv3b02_s392005_20260908_r1,A1_REFERENCE,concat_sat_start_epoch,200,200,200,1,1.0,1.0,1.0,1.0
a1_fast_selected_adv3b02_s392005_20260908_r1,A1_REFERENCE,group_ce_top_frac,200,200,200,1,0.35,0.35,0.35,0.35
a1_fast_selected_adv3b02_s392005_20260908_r1,A1_REFERENCE,joint_guard_paic_cooldown_remaining,200,200,0,,0.0,0.0,0.0,0.0
a1_fast_selected_adv3b02_s392005_20260908_r1,A1_REFERENCE,lambda_cons,200,200,200,1,0.08,0.08,0.08,0.08
a1_fast_selected_adv3b02_s392005_20260908_r1,A1_REFERENCE,lambda_group_ce,200,200,200,1,0.16,0.16,0.16,0.16
a1_fast_selected_adv3b02_s392005_20260908_r1,A1_REFERENCE,loss_weight_group_ce,200,200,200,1,0.08,0.16,0.14577885253594247,0.16
a1_fast_selected_adv3b02_s392005_20260908_r1,A1_REFERENCE,lr,200,200,200,1,1.0000000000000002e-06,0.0002,8.875000000000002e-05,1.0000000000000002e-06
a1_fast_selected_adv3b02_s392005_20260908_r1,A1_REFERENCE,nonfinite_test_metric_count,200,200,200,1,1.0,1.0,1.0,1.0
a1_fast_selected_adv3b02_s392005_20260908_r1,A1_REFERENCE,nonfinite_train_metric_count,200,200,200,1,4.0,4.0,4.0,4.0
a1_fast_selected_adv3b02_s392005_20260908_r1,A1_REFERENCE,nonfinite_val_metric_count,200,200,200,1,1.0,1.0,1.0,1.0
a1_fast_selected_adv3b02_s392005_20260908_r1,A1_REFERENCE,phase2_audit_imports_balanced_tx_rx_sampler,200,200,200,1,1.0,1.0,1.0,1.0
a1_fast_selected_adv3b02_s392005_20260908_r1,A1_REFERENCE,stage_group_ce_scale,200,200,200,1,0.5,1.0,0.9111178283496403,1.0
a1_fast_selected_adv3b02_s392005_20260908_r1,A1_REFERENCE,stage_source_val_sat_floor_tx,200,200,200,1,78.4037037037037,94.80740740740741,90.94192592592593,94.77407407407408
a1_fast_selected_adv3b02_s392005_20260908_r1,A1_REFERENCE,stage_source_val_sat_mean_tx,200,200,200,1,79.63827160493827,95.35925925925926,91.84674691358025,95.33456790123456
a1_fast_selected_adv3b02_s392005_20260908_r1,A1_REFERENCE,stage_tail_rollback_cooldown_remaining,200,200,0,,0.0,0.0,0.0,0.0
a1_fast_selected_adv3b02_s392005_20260908_r1,A1_REFERENCE,train_concat_sat_active,200,200,200,1,1.0,1.0,1.0,1.0
a1_fast_selected_adv3b02_s392005_20260908_r1,A1_REFERENCE,train_concat_sat_applied,200,200,200,1,0.23423423423423423,0.8558558558558559,0.6510135135135136,0.8198198198198198
a1_fast_selected_adv3b02_s392005_20260908_r1,A1_REFERENCE,train_concat_sat_clean_batch_size,200,200,200,1,128.0,128.0,128.0,128.0
a1_fast_selected_adv3b02_s392005_20260908_r1,A1_REFERENCE,train_concat_sat_expanded,200,200,0,,0.0,0.0,0.0,0.0
a1_fast_selected_adv3b02_s392005_20260908_r1,A1_REFERENCE,train_concat_sat_stage_index,200,200,160,41,0.0,2.0,1.35,2.0
a1_fast_selected_adv3b02_s392005_20260908_r1,A1_REFERENCE,train_concat_sat_stage_start_epoch,200,200,200,1,1.0,91.0,60.5,91.0
a1_fast_selected_adv3b02_s392005_20260908_r1,A1_REFERENCE,train_concat_sat_total_batch_size,200,200,200,1,128.0,128.0,128.0,128.0
a1_fast_selected_adv3b02_s392005_20260908_r1,A1_REFERENCE,train_concat_sat_view_prob,200,200,200,1,0.29999999999999877,0.8000000000000016,0.65,0.8000000000000016
a1_fast_selected_adv3b02_s392005_20260908_r1,A1_REFERENCE,train_daot_batched_view_count,200,200,180,21,0.0,1.0,0.9,1.0
a1_fast_selected_adv3b02_s392005_20260908_r1,A1_REFERENCE,train_daot_clean_teacher_weight,180,180,180,21,0.49999120965734256,0.5000057842011925,0.4999993523692822,0.5000005751042753
a1_fast_selected_adv3b02_s392005_20260908_r1,A1_REFERENCE,train_daot_consensus_rate,180,180,180,21,0.8475506756756757,0.9623099662162162,0.935448534471972,0.9597057995495496
a1_fast_selected_adv3b02_s392005_20260908_r1,A1_REFERENCE,train_daot_fingerprint_selectivity,180,180,0,,0.0,0.0,0.0,0.0
a1_fast_selected_adv3b02_s392005_20260908_r1,A1_REFERENCE,train_daot_fingerprint_sensitivity,180,180,0,,0.0,0.0,0.0,0.0
a1_fast_selected_adv3b02_s392005_20260908_r1,A1_REFERENCE,train_daot_grad_ratio_fingerprint,4,4,0,,0.0,0.0,0.0,0.0
a1_fast_selected_adv3b02_s392005_20260908_r1,A1_REFERENCE,train_daot_grad_ratio_nuisance,4,4,4,21,5.739151480070265e-09,1.4449568338625449e-08,9.65298013108469e-09,1.1221699559804301e-08
a1_fast_selected_adv3b02_s392005_20260908_r1,A1_REFERENCE,train_daot_grad_ratio_orbit_logit,4,4,4,21,3.5624240493364674,7.859285219364505,6.121283237567864,7.859285219364505
a1_fast_selected_adv3b02_s392005_20260908_r1,A1_REFERENCE,train_daot_grad_ratio_orbit_proto,4,4,0,,0.0,0.0,0.0,0.0
a1_fast_selected_adv3b02_s392005_20260908_r1,A1_REFERENCE,train_daot_grad_ratio_orbit_relation,4,4,0,,0.0,0.0,0.0,0.0
a1_fast_selected_adv3b02_s392005_20260908_r1,A1_REFERENCE,train_daot_grad_ratio_orbit_z,4,4,4,21,0.019804969801200296,0.04175380100561451,0.0314639607009075,0.030330958585934292
a1_fast_selected_adv3b02_s392005_20260908_r1,A1_REFERENCE,train_daot_grad_ratio_tangent,4,4,0,,0.0,0.0,0.0,0.0
a1_fast_selected_adv3b02_s392005_20260908_r1,A1_REFERENCE,train_daot_identity_only_used,200,200,0,,0.0,0.0,0.0,0.0
a1_fast_selected_adv3b02_s392005_20260908_r1,A1_REFERENCE,train_daot_loss_scale_fingerprint,180,180,180,21,1.0,1.0,1.0,1.0
a1_fast_selected_adv3b02_s392005_20260908_r1,A1_REFERENCE,train_daot_loss_scale_nuisance,180,180,180,21,1.0,1.0,1.0,1.0
a1_fast_selected_adv3b02_s392005_20260908_r1,A1_REFERENCE,train_daot_loss_scale_orbit_logit,180,180,180,21,2.2117500771642193,7.569364548298954,3.3277380875664497,2.3818734626845144
a1_fast_selected_adv3b02_s392005_20260908_r1,A1_REFERENCE,train_daot_loss_scale_orbit_proto,180,180,180,21,1.0,1.0,1.0,1.0
a1_fast_selected_adv3b02_s392005_20260908_r1,A1_REFERENCE,train_daot_loss_scale_orbit_relation,180,180,180,21,1.0,1.0,1.0,1.0
a1_fast_selected_adv3b02_s392005_20260908_r1,A1_REFERENCE,train_daot_loss_scale_orbit_z,180,180,180,21,0.14559311148722437,0.25472903366706207,0.16043379910348937,0.14706765119681767
a1_fast_selected_adv3b02_s392005_20260908_r1,A1_REFERENCE,train_daot_loss_scale_tangent,180,180,180,21,1.0,1.0,1.0,1.0
a1_fast_selected_adv3b02_s392005_20260908_r1,A1_REFERENCE,train_daot_mean_metadata_skip_enabled,200,200,0,,0.0,0.0,0.0,0.0
a1_fast_selected_adv3b02_s392005_20260908_r1,A1_REFERENCE,train_daot_nuisance_sensitivity,180,180,0,,0.0,0.0,0.0,0.0
a1_fast_selected_adv3b02_s392005_20260908_r1,A1_REFERENCE,train_daot_nuisance_sensitivity_agc,4,4,4,21,10.418617248535156,13.70305061340332,11.649378299713135,11.115318298339844
a1_fast_selected_adv3b02_s392005_20260908_r1,A1_REFERENCE,train_daot_nuisance_sensitivity_doppler,4,4,4,21,10.695772171020508,14.384076118469238,12.159645795822144,11.66839599609375
a1_fast_selected_adv3b02_s392005_20260908_r1,A1_REFERENCE,train_daot_nuisance_sensitivity_doppler_rate,4,4,4,21,10.437538146972656,13.987580299377441,11.807828664779663,11.298847198486328
a1_fast_selected_adv3b02_s392005_20260908_r1,A1_REFERENCE,train_daot_nuisance_sensitivity_multipath,4,4,4,21,10.415315628051758,13.687314987182617,11.63859486579895,11.112689971923828
a1_fast_selected_adv3b02_s392005_20260908_r1,A1_REFERENCE,train_daot_nuisance_sensitivity_phase_noise,4,4,4,21,10.384556770324707,13.677197456359863,11.628413438796997,11.094491958618164
a1_fast_selected_adv3b02_s392005_20260908_r1,A1_REFERENCE,train_daot_nuisance_sensitivity_sfo,4,4,4,21,10.417770385742188,13.69742202758789,11.638264417648315,11.094144821166992
a1_fast_selected_adv3b02_s392005_20260908_r1,A1_REFERENCE,train_daot_nuisance_sensitivity_snr,4,4,4,21,10.415576934814453,13.695355415344238,11.64296841621399,11.107258796691895
a1_fast_selected_adv3b02_s392005_20260908_r1,A1_REFERENCE,train_daot_nuisance_sensitivity_sto,4,4,4,21,10.396843910217285,13.867037773132324,11.779766082763672,11.408292770385742
a1_fast_selected_adv3b02_s392005_20260908_r1,A1_REFERENCE,train_daot_objective_computed,200,200,180,21,0.0,1.0,0.9,1.0
a1_fast_selected_adv3b02_s392005_20260908_r1,A1_REFERENCE,train_daot_orbit_dispersion,180,180,180,21,0.009148909579249317,0.058574322980266436,0.016657881446399944,0.009719298359610745
a1_fast_selected_adv3b02_s392005_20260908_r1,A1_REFERENCE,train_daot_orbit_scale,200,200,180,21,0.0,1.0,0.8025,1.0
a1_fast_selected_adv3b02_s392005_20260908_r1,A1_REFERENCE,train_daot_proto_input_available,200,200,0,,0.0,0.0,0.0,0.0
a1_fast_selected_adv3b02_s392005_20260908_r1,A1_REFERENCE,train_daot_scale_batched_enabled,200,200,0,,0.0,0.0,0.0,0.0
a1_fast_selected_adv3b02_s392005_20260908_r1,A1_REFERENCE,train_daot_tangent_scale,200,200,140,61,0.0,1.0,0.5025,1.0
a1_fast_selected_adv3b02_s392005_20260908_r1,A1_REFERENCE,train_daot_teacher_effective_views,180,180,180,21,1.9999841328139778,1.9999999747619972,1.9999989795135902,1.999998764948802
a1_fast_selected_adv3b02_s392005_20260908_r1,A1_REFERENCE,train_daot_teacher_labeled_accuracy,180,180,180,21,0.9549901463963963,0.991307713963964,0.9823995870870871,0.9883868243243243
a1_fast_selected_adv3b02_s392005_20260908_r1,A1_REFERENCE,train_daot_teacher_labeled_confidence,180,180,180,21,0.9906669116771973,0.9987963668934934,0.9975503146678238,0.9984423400045516
a1_fast_selected_adv3b02_s392005_20260908_r1,A1_REFERENCE,train_daot_teacher_view_count,200,200,180,21,0.0,2.0,1.8,2.0
a1_fast_selected_adv3b02_s392005_20260908_r1,A1_REFERENCE,train_daot_u_consensus_rate,180,180,180,21,0.8728947569658091,0.9725098081000216,0.9510490138505076,0.9715806404212574
a1_fast_selected_adv3b02_s392005_20260908_r1,A1_REFERENCE,train_daot_u_orbit_dispersion,180,180,180,21,0.00665746480677495,0.05372581226533061,0.012935143900401314,0.006770001559702864
a1_fast_selected_adv3b02_s392005_20260908_r1,A1_REFERENCE,train_daot_u_orbit_scale,200,200,180,21,0.0,1.0,0.8025,1.0
a1_fast_selected_adv3b02_s392005_20260908_r1,A1_REFERENCE,train_daot_worst_bucket_elevation,4,4,4,21,0.46875,0.78125,0.6484375,0.6875
a1_fast_selected_adv3b02_s392005_20260908_r1,A1_REFERENCE,train_daot_worst_bucket_snr,4,4,4,21,0.625,0.84375,0.7265625,0.6875
a1_fast_selected_adv3b02_s392005_20260908_r1,A1_REFERENCE,train_dm_accept_local_component_class_coverage,200,200,0,,0.0,0.0,0.0,0.0
a1_fast_selected_adv3b02_s392005_20260908_r1,A1_REFERENCE,train_loss_cons_labeled,200,200,184,17,0.0,0.2731125290329392,0.1917454789995073,0.19723923141891891
a1_fast_selected_adv3b02_s392005_20260908_r1,A1_REFERENCE,train_loss_daot_fingerprint,200,200,0,,0.0,0.0,0.0,0.0
a1_fast_selected_adv3b02_s392005_20260908_r1,A1_REFERENCE,train_loss_daot_nuisance,200,200,180,21,0.0,0.5610402787590886,0.4921219045829934,0.5171870322109343
a1_fast_selected_adv3b02_s392005_20260908_r1,A1_REFERENCE,train_loss_daot_orbit_logit,200,200,180,21,0.0,11.918092740548623,4.747155470974274,3.812646114611411
a1_fast_selected_adv3b02_s392005_20260908_r1,A1_REFERENCE,train_loss_daot_orbit_proto,200,200,0,,0.0,0.0,0.0,0.0
a1_fast_selected_adv3b02_s392005_20260908_r1,A1_REFERENCE,train_loss_daot_orbit_relation,200,200,0,,0.0,0.0,0.0,0.0
a1_fast_selected_adv3b02_s392005_20260908_r1,A1_REFERENCE,train_loss_daot_orbit_z,200,200,180,21,0.0,0.2636587471441106,0.14894428047175343,0.15065127651433688
a1_fast_selected_adv3b02_s392005_20260908_r1,A1_REFERENCE,train_loss_daot_tangent,200,200,0,,0.0,0.0,0.0,0.0
a1_fast_selected_adv3b02_s392005_20260908_r1,A1_REFERENCE,train_loss_daot_total,200,200,180,21,0.0,0.842285448903436,0.6674454699554438,0.8305136096907092
a1_fast_selected_adv3b02_s392005_20260908_r1,A1_REFERENCE,train_loss_daot_unlabeled,200,200,180,21,0.0,0.5727042570575938,0.451761705512978,0.5648403530185288
a1_fast_selected_adv3b02_s392005_20260908_r1,A1_REFERENCE,train_loss_group_ce_labeled,200,200,200,1,0.9731721835429067,3.0118314210359043,1.5746933732973831,1.1683565085871264
a1_fast_selected_adv3b02_s392005_20260908_r1,A1_REFERENCE,train_loss_sat_cls_labeled,200,200,121,80,0.0,2.551962105790153,1.1912292758735454,1.8431818593227356
a1_fast_selected_adv3b02_s392005_20260908_r1,A1_REFERENCE,train_loss_sat_cons_labeled,200,200,0,,0.0,0.0,0.0,0.0
a1_fast_selected_adv3b02_s392005_20260908_r1,A1_REFERENCE,train_os_gradient_nonfinite_bundle,200,200,0,,0.0,0.0,0.0,0.0
a1_fast_selected_adv3b02_s392005_20260908_r1,A1_REFERENCE,train_rc4_effective_weighted_coverage,200,200,200,1,0.15000000293995883,0.15000000461801752,0.1500000037880497,0.15000000381254935
a1_fast_selected_adv3b02_s392005_20260908_r1,A1_REFERENCE,train_rc4_hard_effective_coverage,200,200,200,1,0.0019624404240030425,0.15000000441665048,0.08330562758642021,0.0032248510014232213
a1_fast_selected_adv3b02_s392005_20260908_r1,A1_REFERENCE,train_rc4_negative_effective_coverage,200,200,0,,0.0,0.0,0.0,0.0
a1_fast_selected_adv3b02_s392005_20260908_r1,A1_REFERENCE,train_rc4_partial_effective_coverage,200,200,183,1,0.0,0.14803756209644112,0.06669437378433941,0.14677515048701484
a1_fast_selected_adv3b02_s392005_20260908_r1,A1_REFERENCE,train_sat_anchor_class_coverage,200,200,200,1,0.47297297297297297,4.864864864864865,2.9890090090090093,0.7882882882882883
a1_fast_selected_adv3b02_s392005_20260908_r1,A1_REFERENCE,train_sat_anchor_receiver_coverage,200,200,200,1,0.4864864864864865,5.0,3.805472972972973,0.7657657657657657
a1_fast_selected_adv3b02_s392005_20260908_r1,A1_REFERENCE,train_skipped_nonfinite_grad,200,200,33,1,0.0,0.02702702702702703,0.0011261261261261261,0.0
a1_fast_selected_adv3b02_s392005_20260908_r1,A1_REFERENCE,train_skipped_nonfinite_loss,200,200,0,,0.0,0.0,0.0,0.0
a1_fast_selected_adv3b02_s392005_20260908_r1,A1_REFERENCE,train_source_episode_local_component_coverage,181,181,181,20,1.0,1.0,1.0,1.0
a1_fast_selected_adv3b02_s392005_20260908_r1,A1_REFERENCE,train_tail_rollback_cooldown_remaining,200,200,0,,0.0,0.0,0.0,0.0
a1_fast_selected_adv3b02_s392005_20260908_r1,A1_REFERENCE,train_w_loss_cons_labeled,200,200,184,17,0.0,0.016529942418003943,0.012322874627671801,0.015779134389516468
a1_fast_selected_adv3b02_s392005_20260908_r1,A1_REFERENCE,train_w_loss_group_ce_labeled,200,200,200,1,0.11369818416927513,0.3453986885546296,0.2220649502358005,0.18693703735196912
a1_fast_selected_adv3b02_s392005_20260908_r1,A1_REFERENCE,train_w_loss_sat_cls_labeled,200,200,121,80,0.0,1.7353342554399844,0.8100359163083857,1.2533636721483483
a1_fast_selected_adv3b02_s392005_20260908_r1,A1_REFERENCE,train_w_loss_sat_cons_labeled,200,200,0,,0.0,0.0,0.0,0.0
a1_fast_selected_adv3b02_s392005_20260908_r1,A1_REFERENCE,val_tx_acc,200,200,200,1,97.25555555555556,98.63333333333334,98.51094444444445,98.6
a1_fast_v2_s392005_20260909_r1,F0_FIXED_BASE,concat_sat_ce_weight,200,200,200,1,1.0,1.0,1.0,1.0
a1_fast_v2_s392005_20260909_r1,F0_FIXED_BASE,concat_sat_start_epoch,200,200,200,1,1.0,1.0,1.0,1.0
a1_fast_v2_s392005_20260909_r1,F0_FIXED_BASE,group_ce_top_frac,200,200,200,1,0.35,0.35,0.35,0.35
a1_fast_v2_s392005_20260909_r1,F0_FIXED_BASE,joint_guard_paic_cooldown_remaining,200,200,0,,0.0,0.0,0.0,0.0
a1_fast_v2_s392005_20260909_r1,F0_FIXED_BASE,lambda_cons,200,200,200,1,0.08,0.08,0.08,0.08
a1_fast_v2_s392005_20260909_r1,F0_FIXED_BASE,lambda_group_ce,200,200,200,1,0.16,0.16,0.16,0.16
a1_fast_v2_s392005_20260909_r1,F0_FIXED_BASE,loss_weight_group_ce,200,200,200,1,0.08,0.16,0.14577885253594247,0.16
a1_fast_v2_s392005_20260909_r1,F0_FIXED_BASE,lr,200,200,200,1,1.0000000000000002e-06,0.0002,8.875000000000002e-05,1.0000000000000002e-06
a1_fast_v2_s392005_20260909_r1,F0_FIXED_BASE,nonfinite_test_metric_count,200,200,200,1,1.0,1.0,1.0,1.0
a1_fast_v2_s392005_20260909_r1,F0_FIXED_BASE,nonfinite_train_metric_count,200,200,200,1,4.0,4.0,4.0,4.0
a1_fast_v2_s392005_20260909_r1,F0_FIXED_BASE,nonfinite_val_metric_count,200,200,200,1,1.0,1.0,1.0,1.0
a1_fast_v2_s392005_20260909_r1,F0_FIXED_BASE,phase2_audit_imports_balanced_tx_rx_sampler,200,200,200,1,1.0,1.0,1.0,1.0
a1_fast_v2_s392005_20260909_r1,F0_FIXED_BASE,stage_group_ce_scale,200,200,200,1,0.5,1.0,0.9111178283496403,1.0
a1_fast_v2_s392005_20260909_r1,F0_FIXED_BASE,stage_source_val_sat_floor_tx,200,200,200,1,31.322222222222223,92.62962962962963,80.13466666666667,92.57777777777778
a1_fast_v2_s392005_20260909_r1,F0_FIXED_BASE,stage_source_val_sat_mean_tx,200,200,200,1,31.892592592592592,93.42222222222222,81.1339074074074,93.35061728395063
a1_fast_v2_s392005_20260909_r1,F0_FIXED_BASE,stage_tail_rollback_cooldown_remaining,200,200,0,,0.0,0.0,0.0,0.0
a1_fast_v2_s392005_20260909_r1,F0_FIXED_BASE,train_a1_ema_effective_decay,200,200,200,1,0.9900000000000024,0.9989999999999969,0.9972399999999989,0.9989999999999969
a1_fast_v2_s392005_20260909_r1,F0_FIXED_BASE,train_a1_ema_successful_updates,200,200,200,1,110.5,44268.5,22187.226666666666,44268.5
a1_fast_v2_s392005_20260909_r1,F0_FIXED_BASE,train_concat_sat_active,200,200,200,1,1.0,1.0,1.0,1.0
a1_fast_v2_s392005_20260909_r1,F0_FIXED_BASE,train_concat_sat_applied,200,200,200,1,0.23423423423423423,0.8558558558558559,0.6510135135135136,0.8198198198198198
a1_fast_v2_s392005_20260909_r1,F0_FIXED_BASE,train_concat_sat_clean_batch_size,200,200,200,1,128.0,128.0,128.0,128.0
a1_fast_v2_s392005_20260909_r1,F0_FIXED_BASE,train_concat_sat_expanded,200,200,0,,0.0,0.0,0.0,0.0
a1_fast_v2_s392005_20260909_r1,F0_FIXED_BASE,train_concat_sat_stage_index,200,200,160,41,0.0,2.0,1.35,2.0
a1_fast_v2_s392005_20260909_r1,F0_FIXED_BASE,train_concat_sat_stage_start_epoch,200,200,200,1,1.0,91.0,60.5,91.0
a1_fast_v2_s392005_20260909_r1,F0_FIXED_BASE,train_concat_sat_total_batch_size,200,200,200,1,128.0,128.0,128.0,128.0
a1_fast_v2_s392005_20260909_r1,F0_FIXED_BASE,train_concat_sat_view_prob,200,200,200,1,0.29999999999999877,0.8000000000000016,0.65,0.8000000000000016
a1_fast_v2_s392005_20260909_r1,F0_FIXED_BASE,train_daot_batched_view_count,200,200,180,21,0.0,1.0,0.9,1.0
a1_fast_v2_s392005_20260909_r1,F0_FIXED_BASE,train_daot_clean_teacher_weight,180,180,180,21,0.49999404946962994,0.5000095359376959,0.499999497677978,0.49999796740106633
a1_fast_v2_s392005_20260909_r1,F0_FIXED_BASE,train_daot_consensus_rate,180,180,180,21,0.5419833896396397,0.9403856981981982,0.8574369291166165,0.9380630630630631
a1_fast_v2_s392005_20260909_r1,F0_FIXED_BASE,train_daot_fingerprint_selectivity,180,180,0,,0.0,0.0,0.0,0.0
a1_fast_v2_s392005_20260909_r1,F0_FIXED_BASE,train_daot_fingerprint_sensitivity,180,180,0,,0.0,0.0,0.0,0.0
a1_fast_v2_s392005_20260909_r1,F0_FIXED_BASE,train_daot_grad_ratio_fingerprint,4,4,0,,0.0,0.0,0.0,0.0
a1_fast_v2_s392005_20260909_r1,F0_FIXED_BASE,train_daot_grad_ratio_nuisance,4,4,4,21,6.267058422905476e-09,1.1088457073774745e-08,8.138021652170483e-09,1.1088457073774745e-08
a1_fast_v2_s392005_20260909_r1,F0_FIXED_BASE,train_daot_grad_ratio_orbit_logit,4,4,4,21,4.505008379506668,13.316628380824666,7.872985798458973,4.505008379506668
a1_fast_v2_s392005_20260909_r1,F0_FIXED_BASE,train_daot_grad_ratio_orbit_proto,4,4,0,,0.0,0.0,0.0,0.0
a1_fast_v2_s392005_20260909_r1,F0_FIXED_BASE,train_daot_grad_ratio_orbit_relation,4,4,0,,0.0,0.0,0.0,0.0
a1_fast_v2_s392005_20260909_r1,F0_FIXED_BASE,train_daot_grad_ratio_orbit_z,4,4,4,21,0.013034361950141612,0.05637412190206709,0.02755568531632016,0.013034361950141612
a1_fast_v2_s392005_20260909_r1,F0_FIXED_BASE,train_daot_grad_ratio_tangent,4,4,0,,0.0,0.0,0.0,0.0
a1_fast_v2_s392005_20260909_r1,F0_FIXED_BASE,train_daot_identity_only_used,200,200,180,21,0.0,1.0,0.9,1.0
a1_fast_v2_s392005_20260909_r1,F0_FIXED_BASE,train_daot_logit_coverage,180,180,180,21,0.44139189964479153,0.9315386454801302,0.8361537260604692,0.929155659299713
a1_fast_v2_s392005_20260909_r1,F0_FIXED_BASE,train_daot_logit_coverage_weighting,200,200,0,,0.0,0.0,0.0,0.0
a1_fast_v2_s392005_20260909_r1,F0_FIXED_BASE,train_daot_logit_weighted_contribution,200,200,180,21,0.0,0.32474447619002145,0.25524902861601534,0.31897221458656294
a1_fast_v2_s392005_20260909_r1,F0_FIXED_BASE,train_daot_loss_scale_fingerprint,180,180,180,21,1.0,1.0,1.0,1.0
a1_fast_v2_s392005_20260909_r1,F0_FIXED_BASE,train_daot_loss_scale_nuisance,180,180,180,21,1.0,1.0,1.0,1.0
a1_fast_v2_s392005_20260909_r1,F0_FIXED_BASE,train_daot_loss_scale_orbit_logit,180,180,180,21,3.280502687315236,9.0866804199195,4.653753015462474,3.4093088905114306
a1_fast_v2_s392005_20260909_r1,F0_FIXED_BASE,train_daot_loss_scale_orbit_proto,180,180,180,21,1.0,1.0,1.0,1.0
a1_fast_v2_s392005_20260909_r1,F0_FIXED_BASE,train_daot_loss_scale_orbit_relation,180,180,180,21,1.0,1.0,1.0,1.0
a1_fast_v2_s392005_20260909_r1,F0_FIXED_BASE,train_daot_loss_scale_orbit_z,180,180,180,21,0.14585444004730339,0.33374872179566406,0.16226799745514817,0.14674941350826892
a1_fast_v2_s392005_20260909_r1,F0_FIXED_BASE,train_daot_loss_scale_tangent,180,180,180,21,1.0,1.0,1.0,1.0
a1_fast_v2_s392005_20260909_r1,F0_FIXED_BASE,train_daot_mean_metadata_skip_enabled,200,200,200,1,1.0,1.0,1.0,1.0
a1_fast_v2_s392005_20260909_r1,F0_FIXED_BASE,train_daot_nuisance_sensitivity,180,180,0,,0.0,0.0,0.0,0.0
a1_fast_v2_s392005_20260909_r1,F0_FIXED_BASE,train_daot_nuisance_sensitivity_agc,4,4,4,21,10.62939167022705,12.634624481201172,11.27836537361145,10.62939167022705
a1_fast_v2_s392005_20260909_r1,F0_FIXED_BASE,train_daot_nuisance_sensitivity_doppler,4,4,4,21,10.898691177368164,13.018766403198242,11.572492837905884,10.898691177368164
a1_fast_v2_s392005_20260909_r1,F0_FIXED_BASE,train_daot_nuisance_sensitivity_doppler_rate,4,4,4,21,10.678443908691406,12.683249473571777,11.343464612960815,10.678443908691406
a1_fast_v2_s392005_20260909_r1,F0_FIXED_BASE,train_daot_nuisance_sensitivity_multipath,4,4,4,21,10.633973121643066,12.61602783203125,11.270588159561157,10.633973121643066
a1_fast_v2_s392005_20260909_r1,F0_FIXED_BASE,train_daot_nuisance_sensitivity_phase_noise,4,4,4,21,10.647043228149414,12.628678321838379,11.273031949996948,10.647043228149414
a1_fast_v2_s392005_20260909_r1,F0_FIXED_BASE,train_daot_nuisance_sensitivity_sfo,4,4,4,21,10.636140823364258,12.626806259155273,11.278116464614868,10.636140823364258
a1_fast_v2_s392005_20260909_r1,F0_FIXED_BASE,train_daot_nuisance_sensitivity_snr,4,4,4,21,10.6304931640625,12.633323669433594,11.276435852050781,10.6304931640625
a1_fast_v2_s392005_20260909_r1,F0_FIXED_BASE,train_daot_nuisance_sensitivity_sto,4,4,4,21,10.625325202941895,12.64185905456543,11.280036687850952,10.625325202941895
a1_fast_v2_s392005_20260909_r1,F0_FIXED_BASE,train_daot_objective_computed,200,200,180,21,0.0,1.0,0.9,1.0
a1_fast_v2_s392005_20260909_r1,F0_FIXED_BASE,train_daot_orbit_dispersion,180,180,180,21,0.009499037703331391,0.1544069289020053,0.02340699611070288,0.009830203175813228
a1_fast_v2_s392005_20260909_r1,F0_FIXED_BASE,train_daot_orbit_scale,200,200,180,21,0.0,1.0,0.8025,1.0
a1_fast_v2_s392005_20260909_r1,F0_FIXED_BASE,train_daot_proto_input_available,200,200,0,,0.0,0.0,0.0,0.0
a1_fast_v2_s392005_20260909_r1,F0_FIXED_BASE,train_daot_scale_batched_enabled,200,200,200,1,1.0,1.0,1.0,1.0
a1_fast_v2_s392005_20260909_r1,F0_FIXED_BASE,train_daot_tangent_scale,200,200,140,61,0.0,1.0,0.5025,1.0
a1_fast_v2_s392005_20260909_r1,F0_FIXED_BASE,train_daot_teacher_effective_views,180,180,180,21,1.9999841784571741,1.9999999962411485,1.9999988587112638,1.9999985195494987
a1_fast_v2_s392005_20260909_r1,F0_FIXED_BASE,train_daot_teacher_labeled_accuracy,180,180,180,21,0.8640554617117117,0.9871903153153153,0.9634290540540541,0.9827913851351351
a1_fast_v2_s392005_20260909_r1,F0_FIXED_BASE,train_daot_teacher_labeled_confidence,180,180,180,21,0.9147007392870413,0.9972626617899886,0.9881536991664537,0.9965733679028245
a1_fast_v2_s392005_20260909_r1,F0_FIXED_BASE,train_daot_teacher_view_count,200,200,180,21,0.0,2.0,1.8,2.0
a1_fast_v2_s392005_20260909_r1,F0_FIXED_BASE,train_daot_u_consensus_rate,180,180,180,21,0.5404196408417847,0.9551615626425356,0.8754940013195182,0.9536415193531964
a1_fast_v2_s392005_20260909_r1,F0_FIXED_BASE,train_daot_u_logit_coverage,180,180,180,21,0.47423777494344627,0.949191071965673,0.8606540855165717,0.9478138553666638
a1_fast_v2_s392005_20260909_r1,F0_FIXED_BASE,train_daot_u_logit_weighted_contribution,200,200,180,21,0.0,0.08727407962218062,0.061977176914630804,0.0773285141231509
a1_fast_v2_s392005_20260909_r1,F0_FIXED_BASE,train_daot_u_orbit_dispersion,180,180,180,21,0.007148093540800383,0.17251287722909772,0.022514811517080863,0.007291938486584538
a1_fast_v2_s392005_20260909_r1,F0_FIXED_BASE,train_daot_u_orbit_scale,200,200,180,21,0.0,1.0,0.8025,1.0
a1_fast_v2_s392005_20260909_r1,F0_FIXED_BASE,train_daot_worst_bucket_elevation,4,4,4,21,0.21875,0.8125,0.59375,0.78125
a1_fast_v2_s392005_20260909_r1,F0_FIXED_BASE,train_daot_worst_bucket_snr,4,4,4,21,0.21875,0.8125,0.5859375,0.8125
a1_fast_v2_s392005_20260909_r1,F0_FIXED_BASE,train_dm_accept_local_component_class_coverage,200,200,0,,0.0,0.0,0.0,0.0
a1_fast_v2_s392005_20260909_r1,F0_FIXED_BASE,train_loss_cons_labeled,200,200,184,17,0.0,0.32081837697072074,0.18949497532200169,0.19602952561936937
a1_fast_v2_s392005_20260909_r1,F0_FIXED_BASE,train_loss_daot_fingerprint,200,200,0,,0.0,0.0,0.0,0.0
a1_fast_v2_s392005_20260909_r1,F0_FIXED_BASE,train_loss_daot_nuisance,200,200,180,21,0.0,0.6677901194439279,0.5720981692744268,0.6313147781131504
a1_fast_v2_s392005_20260909_r1,F0_FIXED_BASE,train_loss_daot_orbit_logit,200,200,180,21,0.0,14.146064253540727,6.67018386682143,5.455391332909867
a1_fast_v2_s392005_20260909_r1,F0_FIXED_BASE,train_loss_daot_orbit_proto,200,200,0,,0.0,0.0,0.0,0.0
a1_fast_v2_s392005_20260909_r1,F0_FIXED_BASE,train_loss_daot_orbit_relation,200,200,0,,0.0,0.0,0.0,0.0
a1_fast_v2_s392005_20260909_r1,F0_FIXED_BASE,train_loss_daot_orbit_z,200,200,180,21,0.0,0.3332195619607831,0.14866677125328565,0.15029433000463624
a1_fast_v2_s392005_20260909_r1,F0_FIXED_BASE,train_loss_daot_tangent,200,200,0,,0.0,0.0,0.0,0.0
a1_fast_v2_s392005_20260909_r1,F0_FIXED_BASE,train_loss_daot_total,200,200,180,21,0.0,0.8375151237925967,0.665312474877993,0.8309604850438264
a1_fast_v2_s392005_20260909_r1,F0_FIXED_BASE,train_loss_daot_unlabeled,200,200,180,21,0.0,0.5766878623414684,0.4542702337722126,0.5656618943085542
a1_fast_v2_s392005_20260909_r1,F0_FIXED_BASE,train_loss_group_ce_labeled,200,200,200,1,1.2933971520412613,12.865824549047797,2.6011104314987388,1.6405736376439128
a1_fast_v2_s392005_20260909_r1,F0_FIXED_BASE,train_loss_sat_cls_labeled,200,200,121,80,0.0,3.6525608662364855,1.6612666171105124,2.532975122189938
a1_fast_v2_s392005_20260909_r1,F0_FIXED_BASE,train_loss_sat_cons_labeled,200,200,0,,0.0,0.0,0.0,0.0
a1_fast_v2_s392005_20260909_r1,F0_FIXED_BASE,train_os_gradient_nonfinite_bundle,200,200,0,,0.0,0.0,0.0,0.0
a1_fast_v2_s392005_20260909_r1,F0_FIXED_BASE,train_rc4_effective_weighted_coverage,200,200,180,21,0.0,0.150000005289241,0.13499160021845552,0.15000000347693762
a1_fast_v2_s392005_20260909_r1,F0_FIXED_BASE,train_rc4_hard_effective_coverage,200,200,180,21,0.0,0.15000000455089518,0.1212265088771148,0.13627154433780964
a1_fast_v2_s392005_20260909_r1,F0_FIXED_BASE,train_rc4_negative_effective_coverage,200,200,0,,0.0,0.0,0.0,0.0
a1_fast_v2_s392005_20260909_r1,F0_FIXED_BASE,train_rc4_partial_effective_coverage,200,200,129,21,0.0,0.14067665440542204,0.013765090283751592,0.013728457499087814
a1_fast_v2_s392005_20260909_r1,F0_FIXED_BASE,train_sat_anchor_class_coverage,200,200,180,21,0.0,5.954954954954955,3.270382882882883,3.315315315315315
a1_fast_v2_s392005_20260909_r1,F0_FIXED_BASE,train_sat_anchor_receiver_coverage,200,200,180,21,0.0,5.0,4.4278378378378385,5.0
a1_fast_v2_s392005_20260909_r1,F0_FIXED_BASE,train_skipped_nonfinite_grad,200,200,19,1,0.0,0.009009009009009009,0.000472972972972973,0.0
a1_fast_v2_s392005_20260909_r1,F0_FIXED_BASE,train_skipped_nonfinite_loss,200,200,0,,0.0,0.0,0.0,0.0
a1_fast_v2_s392005_20260909_r1,F0_FIXED_BASE,train_source_episode_local_component_coverage,181,181,181,20,1.0,1.0,1.0,1.0
a1_fast_v2_s392005_20260909_r1,F0_FIXED_BASE,train_tail_rollback_cooldown_remaining,200,200,0,,0.0,0.0,0.0,0.0
a1_fast_v2_s392005_20260909_r1,F0_FIXED_BASE,train_w_loss_cons_labeled,200,200,184,17,0.0,0.016025302646396396,0.012043667312140937,0.015682220458984375
a1_fast_v2_s392005_20260909_r1,F0_FIXED_BASE,train_w_loss_group_ce_labeled,200,200,200,1,0.20694354007037374,1.0292659409948297,0.3475795498904604,0.2624917766624676
a1_fast_v2_s392005_20260909_r1,F0_FIXED_BASE,train_w_loss_sat_cls_labeled,200,200,121,80,0.0,2.483741419536674,1.1296613113446095,1.7224230980164967
a1_fast_v2_s392005_20260909_r1,F0_FIXED_BASE,train_w_loss_sat_cons_labeled,200,200,0,,0.0,0.0,0.0,0.0
a1_fast_v2_s392005_20260909_r1,F0_FIXED_BASE,val_tx_acc,200,200,200,1,38.91111111111111,98.56296296296296,97.65244444444444,98.52592592592593
a1_fast_v2_s392005_20260909_r1,F1_RUNTIME,concat_sat_ce_weight,200,200,200,1,1.0,1.0,1.0,1.0
a1_fast_v2_s392005_20260909_r1,F1_RUNTIME,concat_sat_start_epoch,200,200,200,1,1.0,1.0,1.0,1.0
a1_fast_v2_s392005_20260909_r1,F1_RUNTIME,group_ce_top_frac,200,200,200,1,0.35,0.35,0.35,0.35
a1_fast_v2_s392005_20260909_r1,F1_RUNTIME,joint_guard_paic_cooldown_remaining,200,200,0,,0.0,0.0,0.0,0.0
a1_fast_v2_s392005_20260909_r1,F1_RUNTIME,lambda_cons,200,200,200,1,0.08,0.08,0.08,0.08
a1_fast_v2_s392005_20260909_r1,F1_RUNTIME,lambda_group_ce,200,200,200,1,0.16,0.16,0.16,0.16
a1_fast_v2_s392005_20260909_r1,F1_RUNTIME,loss_weight_group_ce,200,200,200,1,0.08,0.16,0.14577885253594247,0.16
a1_fast_v2_s392005_20260909_r1,F1_RUNTIME,lr,200,200,200,1,1.0000000000000002e-06,0.0002,8.875000000000002e-05,1.0000000000000002e-06
a1_fast_v2_s392005_20260909_r1,F1_RUNTIME,nonfinite_test_metric_count,200,200,200,1,1.0,1.0,1.0,1.0
a1_fast_v2_s392005_20260909_r1,F1_RUNTIME,nonfinite_train_metric_count,200,200,200,1,4.0,4.0,4.0,4.0
a1_fast_v2_s392005_20260909_r1,F1_RUNTIME,nonfinite_val_metric_count,200,200,200,1,1.0,1.0,1.0,1.0
a1_fast_v2_s392005_20260909_r1,F1_RUNTIME,phase2_audit_imports_balanced_tx_rx_sampler,200,200,200,1,1.0,1.0,1.0,1.0
a1_fast_v2_s392005_20260909_r1,F1_RUNTIME,stage_group_ce_scale,200,200,200,1,0.5,1.0,0.9111178283496403,1.0
a1_fast_v2_s392005_20260909_r1,F1_RUNTIME,stage_source_val_sat_floor_tx,200,200,200,1,31.144444444444446,92.76666666666667,80.4011111111111,92.68148148148148
a1_fast_v2_s392005_20260909_r1,F1_RUNTIME,stage_source_val_sat_mean_tx,200,200,200,1,31.91604938271605,93.4753086419753,81.40633950617284,93.42345679012347
a1_fast_v2_s392005_20260909_r1,F1_RUNTIME,stage_tail_rollback_cooldown_remaining,200,200,0,,0.0,0.0,0.0,0.0
a1_fast_v2_s392005_20260909_r1,F1_RUNTIME,train_a1_ema_effective_decay,200,200,200,1,0.9900000000000023,0.9989999999999969,0.9972399999999989,0.9989999999999969
a1_fast_v2_s392005_20260909_r1,F1_RUNTIME,train_a1_ema_successful_updates,200,200,200,1,110.5,44269.5,22188.16743243243,44269.5
a1_fast_v2_s392005_20260909_r1,F1_RUNTIME,train_concat_sat_active,200,200,200,1,1.0,1.0,1.0,1.0
a1_fast_v2_s392005_20260909_r1,F1_RUNTIME,train_concat_sat_applied,200,200,200,1,0.23423423423423423,0.8558558558558559,0.6510135135135136,0.8198198198198198
a1_fast_v2_s392005_20260909_r1,F1_RUNTIME,train_concat_sat_clean_batch_size,200,200,200,1,128.0,128.0,128.0,128.0
a1_fast_v2_s392005_20260909_r1,F1_RUNTIME,train_concat_sat_expanded,200,200,0,,0.0,0.0,0.0,0.0
a1_fast_v2_s392005_20260909_r1,F1_RUNTIME,train_concat_sat_stage_index,200,200,160,41,0.0,2.0,1.35,2.0
a1_fast_v2_s392005_20260909_r1,F1_RUNTIME,train_concat_sat_stage_start_epoch,200,200,200,1,1.0,91.0,60.5,91.0
a1_fast_v2_s392005_20260909_r1,F1_RUNTIME,train_concat_sat_total_batch_size,200,200,200,1,128.0,128.0,128.0,128.0
a1_fast_v2_s392005_20260909_r1,F1_RUNTIME,train_concat_sat_view_prob,200,200,200,1,0.29999999999999877,0.8000000000000016,0.65,0.8000000000000016
a1_fast_v2_s392005_20260909_r1,F1_RUNTIME,train_daot_batched_view_count,200,200,180,21,0.0,1.0,0.9,1.0
a1_fast_v2_s392005_20260909_r1,F1_RUNTIME,train_daot_clean_teacher_weight,180,180,180,21,0.49999298638588674,0.5000094379390683,0.49999961154283706,0.499998527335691
a1_fast_v2_s392005_20260909_r1,F1_RUNTIME,train_daot_consensus_rate,180,180,180,21,0.5465934684684685,0.9421100788288288,0.860471995432933,0.9384853603603603
a1_fast_v2_s392005_20260909_r1,F1_RUNTIME,train_daot_fingerprint_selectivity,180,180,0,,0.0,0.0,0.0,0.0
a1_fast_v2_s392005_20260909_r1,F1_RUNTIME,train_daot_fingerprint_sensitivity,180,180,0,,0.0,0.0,0.0,0.0
a1_fast_v2_s392005_20260909_r1,F1_RUNTIME,train_daot_grad_ratio_fingerprint,4,4,0,,0.0,0.0,0.0,0.0
a1_fast_v2_s392005_20260909_r1,F1_RUNTIME,train_daot_grad_ratio_nuisance,4,4,4,21,7.379560796990894e-09,1.1262248705826717e-08,9.114567785885303e-09,8.887348337975413e-09
a1_fast_v2_s392005_20260909_r1,F1_RUNTIME,train_daot_grad_ratio_orbit_logit,4,4,4,21,5.836236957672496,15.918830504980958,9.050187410517763,6.499783456873551
a1_fast_v2_s392005_20260909_r1,F1_RUNTIME,train_daot_grad_ratio_orbit_proto,4,4,0,,0.0,0.0,0.0,0.0
a1_fast_v2_s392005_20260909_r1,F1_RUNTIME,train_daot_grad_ratio_orbit_relation,4,4,0,,0.0,0.0,0.0,0.0
a1_fast_v2_s392005_20260909_r1,F1_RUNTIME,train_daot_grad_ratio_orbit_z,4,4,4,21,0.019176267289173578,0.0736353299641602,0.035833981046142396,0.019176267289173578
a1_fast_v2_s392005_20260909_r1,F1_RUNTIME,train_daot_grad_ratio_tangent,4,4,0,,0.0,0.0,0.0,0.0
a1_fast_v2_s392005_20260909_r1,F1_RUNTIME,train_daot_identity_only_used,200,200,180,21,0.0,1.0,0.9,1.0
a1_fast_v2_s392005_20260909_r1,F1_RUNTIME,train_daot_logit_coverage,180,180,180,21,0.4430623613633551,0.9335456460982829,0.8397981225254687,0.9299403208870072
a1_fast_v2_s392005_20260909_r1,F1_RUNTIME,train_daot_logit_coverage_weighting,200,200,0,,0.0,0.0,0.0,0.0
a1_fast_v2_s392005_20260909_r1,F1_RUNTIME,train_daot_logit_weighted_contribution,200,200,180,21,0.0,0.32528762170323383,0.2553644031170663,0.3170297324388951
a1_fast_v2_s392005_20260909_r1,F1_RUNTIME,train_daot_loss_scale_fingerprint,180,180,180,21,1.0,1.0,1.0,1.0
a1_fast_v2_s392005_20260909_r1,F1_RUNTIME,train_daot_loss_scale_nuisance,180,180,180,21,1.0,1.0,1.0,1.0
a1_fast_v2_s392005_20260909_r1,F1_RUNTIME,train_daot_loss_scale_orbit_logit,180,180,180,21,3.3177048596362213,9.258508058172222,4.702031952828904,3.4582702284208384
a1_fast_v2_s392005_20260909_r1,F1_RUNTIME,train_daot_loss_scale_orbit_proto,180,180,180,21,1.0,1.0,1.0,1.0
a1_fast_v2_s392005_20260909_r1,F1_RUNTIME,train_daot_loss_scale_orbit_relation,180,180,180,21,1.0,1.0,1.0,1.0
a1_fast_v2_s392005_20260909_r1,F1_RUNTIME,train_daot_loss_scale_orbit_z,180,180,180,21,0.14760235870492847,0.32630417156479624,0.1634453271704291,0.14844553694275497
a1_fast_v2_s392005_20260909_r1,F1_RUNTIME,train_daot_loss_scale_tangent,180,180,180,21,1.0,1.0,1.0,1.0
a1_fast_v2_s392005_20260909_r1,F1_RUNTIME,train_daot_mean_metadata_skip_enabled,200,200,200,1,1.0,1.0,1.0,1.0
a1_fast_v2_s392005_20260909_r1,F1_RUNTIME,train_daot_nuisance_sensitivity,180,180,0,,0.0,0.0,0.0,0.0
a1_fast_v2_s392005_20260909_r1,F1_RUNTIME,train_daot_nuisance_sensitivity_agc,4,4,4,21,10.492498397827148,12.507606506347656,11.208193063735962,10.492498397827148
a1_fast_v2_s392005_20260909_r1,F1_RUNTIME,train_daot_nuisance_sensitivity_doppler,4,4,4,21,10.656888961791992,13.098057746887207,11.5357825756073,10.656888961791992
a1_fast_v2_s392005_20260909_r1,F1_RUNTIME,train_daot_nuisance_sensitivity_doppler_rate,4,4,4,21,10.50495719909668,12.614290237426758,11.295773983001709,10.50495719909668
a1_fast_v2_s392005_20260909_r1,F1_RUNTIME,train_daot_nuisance_sensitivity_multipath,4,4,4,21,10.498514175415039,12.475656509399414,11.203918933868408,10.498514175415039
a1_fast_v2_s392005_20260909_r1,F1_RUNTIME,train_daot_nuisance_sensitivity_phase_noise,4,4,4,21,10.513534545898438,12.480652809143066,11.204221487045288,10.513534545898438
a1_fast_v2_s392005_20260909_r1,F1_RUNTIME,train_daot_nuisance_sensitivity_sfo,4,4,4,21,10.499345779418945,12.484832763671875,11.21083402633667,10.499345779418945
a1_fast_v2_s392005_20260909_r1,F1_RUNTIME,train_daot_nuisance_sensitivity_snr,4,4,4,21,10.492355346679688,12.484416961669922,11.208476543426514,10.492355346679688
a1_fast_v2_s392005_20260909_r1,F1_RUNTIME,train_daot_nuisance_sensitivity_sto,4,4,4,21,10.537328720092773,12.512279510498047,11.22557258605957,10.537328720092773
a1_fast_v2_s392005_20260909_r1,F1_RUNTIME,train_daot_objective_computed,200,200,180,21,0.0,1.0,0.9,1.0
a1_fast_v2_s392005_20260909_r1,F1_RUNTIME,train_daot_orbit_dispersion,180,180,180,21,0.010102114275198531,0.15326760506240633,0.023617734295340278,0.010501993134164729
a1_fast_v2_s392005_20260909_r1,F1_RUNTIME,train_daot_orbit_scale,200,200,180,21,0.0,1.0,0.8025,1.0
a1_fast_v2_s392005_20260909_r1,F1_RUNTIME,train_daot_proto_input_available,200,200,0,,0.0,0.0,0.0,0.0
a1_fast_v2_s392005_20260909_r1,F1_RUNTIME,train_daot_scale_batched_enabled,200,200,200,1,1.0,1.0,1.0,1.0
a1_fast_v2_s392005_20260909_r1,F1_RUNTIME,train_daot_tangent_scale,200,200,140,61,0.0,1.0,0.5025,1.0
a1_fast_v2_s392005_20260909_r1,F1_RUNTIME,train_daot_teacher_effective_views,180,180,180,21,1.9999841623478107,2.0,1.9999988884211064,1.999998811665956
a1_fast_v2_s392005_20260909_r1,F1_RUNTIME,train_daot_teacher_labeled_accuracy,180,180,180,21,0.8664132882882883,0.9878941441441441,0.9641129410660662,0.983424831081081
a1_fast_v2_s392005_20260909_r1,F1_RUNTIME,train_daot_teacher_labeled_confidence,180,180,180,21,0.9182146086886123,0.9976000549556973,0.98917992701148,0.9968882791093878
a1_fast_v2_s392005_20260909_r1,F1_RUNTIME,train_daot_teacher_view_count,200,200,180,21,0.0,2.0,1.8,2.0
a1_fast_v2_s392005_20260909_r1,F1_RUNTIME,train_daot_u_consensus_rate,180,180,180,21,0.5451001025534965,0.9566912551720937,0.878885466110957,0.9556848933030894
a1_fast_v2_s392005_20260909_r1,F1_RUNTIME,train_daot_u_logit_coverage,180,180,180,21,0.4758706263325236,0.9508027600812482,0.8640858031854078,0.949723818012186
a1_fast_v2_s392005_20260909_r1,F1_RUNTIME,train_daot_u_logit_weighted_contribution,200,200,180,21,0.0,0.08775774696590127,0.061864784610557874,0.07785673683660256
a1_fast_v2_s392005_20260909_r1,F1_RUNTIME,train_daot_u_orbit_dispersion,180,180,180,21,0.007719499437633465,0.17203024526437125,0.022571616949435713,0.007948123184997623
a1_fast_v2_s392005_20260909_r1,F1_RUNTIME,train_daot_u_orbit_scale,200,200,180,21,0.0,1.0,0.8025,1.0
a1_fast_v2_s392005_20260909_r1,F1_RUNTIME,train_daot_worst_bucket_elevation,4,4,4,21,0.15625,0.8125,0.5703125,0.75
a1_fast_v2_s392005_20260909_r1,F1_RUNTIME,train_daot_worst_bucket_snr,4,4,4,21,0.21875,0.8125,0.6015625,0.8125
a1_fast_v2_s392005_20260909_r1,F1_RUNTIME,train_dm_accept_local_component_class_coverage,200,200,0,,0.0,0.0,0.0,0.0
a1_fast_v2_s392005_20260909_r1,F1_RUNTIME,train_loss_cons_labeled,200,200,184,17,0.0,0.31982256915118246,0.1906520314259572,0.19803048898507883
a1_fast_v2_s392005_20260909_r1,F1_RUNTIME,train_loss_daot_fingerprint,200,200,0,,0.0,0.0,0.0,0.0
a1_fast_v2_s392005_20260909_r1,F1_RUNTIME,train_loss_daot_nuisance,200,200,180,21,0.0,0.626382919045182,0.5476148862908553,0.6167512479666117
a1_fast_v2_s392005_20260909_r1,F1_RUNTIME,train_loss_daot_orbit_logit,200,200,180,21,0.0,14.154492659611744,6.739978422052689,5.498041285050882
a1_fast_v2_s392005_20260909_r1,F1_RUNTIME,train_loss_daot_orbit_proto,200,200,0,,0.0,0.0,0.0,0.0
a1_fast_v2_s392005_20260909_r1,F1_RUNTIME,train_loss_daot_orbit_relation,200,200,0,,0.0,0.0,0.0,0.0
a1_fast_v2_s392005_20260909_r1,F1_RUNTIME,train_loss_daot_orbit_z,200,200,180,21,0.0,0.3254478659044515,0.14987068681851834,0.15206143501642588
a1_fast_v2_s392005_20260909_r1,F1_RUNTIME,train_loss_daot_tangent,200,200,0,,0.0,0.0,0.0,0.0
a1_fast_v2_s392005_20260909_r1,F1_RUNTIME,train_loss_daot_total,200,200,180,21,0.0,0.8386677192138122,0.6656002392599082,0.829120214189495
a1_fast_v2_s392005_20260909_r1,F1_RUNTIME,train_loss_daot_unlabeled,200,200,180,21,0.0,0.576655630324338,0.45398313677204805,0.5659505344994433
a1_fast_v2_s392005_20260909_r1,F1_RUNTIME,train_loss_group_ce_labeled,200,200,200,1,1.2425038236956876,12.865406856880531,2.5903997669593846,1.607406948533681
a1_fast_v2_s392005_20260909_r1,F1_RUNTIME,train_loss_sat_cls_labeled,200,200,121,80,0.0,3.6906770699204423,1.6623300145210296,2.5332686205956714
a1_fast_v2_s392005_20260909_r1,F1_RUNTIME,train_loss_sat_cons_labeled,200,200,0,,0.0,0.0,0.0,0.0
a1_fast_v2_s392005_20260909_r1,F1_RUNTIME,train_os_gradient_nonfinite_bundle,200,200,0,,0.0,0.0,0.0,0.0
a1_fast_v2_s392005_20260909_r1,F1_RUNTIME,train_rc4_effective_weighted_coverage,200,200,180,21,0.0,0.15000000468513988,0.13499998092550683,0.15000000361118232
a1_fast_v2_s392005_20260909_r1,F1_RUNTIME,train_rc4_hard_effective_coverage,200,200,180,21,0.0,0.15000000481938455,0.10815583322337737,0.09915158290181074
a1_fast_v2_s392005_20260909_r1,F1_RUNTIME,train_rc4_negative_effective_coverage,200,200,0,,0.0,0.0,0.0,0.0
a1_fast_v2_s392005_20260909_r1,F1_RUNTIME,train_rc4_partial_effective_coverage,200,200,141,21,0.0,0.14728986210114248,0.026844146066945587,0.05084841666105497
a1_fast_v2_s392005_20260909_r1,F1_RUNTIME,train_sat_anchor_class_coverage,200,200,180,21,0.0,5.837837837837838,3.0410135135135135,2.59009009009009
a1_fast_v2_s392005_20260909_r1,F1_RUNTIME,train_sat_anchor_receiver_coverage,200,200,180,21,0.0,5.0,4.258626126126126,5.0
a1_fast_v2_s392005_20260909_r1,F1_RUNTIME,train_skipped_nonfinite_grad,200,200,18,1,0.0,0.009009009009009009,0.0004504504504504504,0.0
a1_fast_v2_s392005_20260909_r1,F1_RUNTIME,train_skipped_nonfinite_loss,200,200,0,,0.0,0.0,0.0,0.0
a1_fast_v2_s392005_20260909_r1,F1_RUNTIME,train_source_episode_local_component_coverage,181,181,181,20,1.0,1.0,1.0,1.0
a1_fast_v2_s392005_20260909_r1,F1_RUNTIME,train_tail_rollback_cooldown_remaining,200,200,0,,0.0,0.0,0.0,0.0
a1_fast_v2_s392005_20260909_r1,F1_RUNTIME,train_w_loss_cons_labeled,200,200,184,17,0.0,0.01619204959353885,0.012140706423166637,0.015842712677276886
a1_fast_v2_s392005_20260909_r1,F1_RUNTIME,train_w_loss_group_ce_labeled,200,200,200,1,0.19880060828081123,1.0292325250737302,0.34619327192146515,0.25718510614892653
a1_fast_v2_s392005_20260909_r1,F1_RUNTIME,train_w_loss_sat_cls_labeled,200,200,121,80,0.0,2.509660433821573,1.13038442167417,1.7226226748216915
a1_fast_v2_s392005_20260909_r1,F1_RUNTIME,train_w_loss_sat_cons_labeled,200,200,0,,0.0,0.0,0.0,0.0
a1_fast_v2_s392005_20260909_r1,F1_RUNTIME,val_tx_acc,200,200,200,1,39.37407407407407,98.54074074074074,97.6744814814815,98.52222222222223
a1_fast_v2_s392005_20260909_r1,F2_WARM_EMA,concat_sat_ce_weight,200,200,200,1,1.0,1.0,1.0,1.0
a1_fast_v2_s392005_20260909_r1,F2_WARM_EMA,concat_sat_start_epoch,200,200,200,1,1.0,1.0,1.0,1.0
a1_fast_v2_s392005_20260909_r1,F2_WARM_EMA,group_ce_top_frac,200,200,200,1,0.35,0.35,0.35,0.35
a1_fast_v2_s392005_20260909_r1,F2_WARM_EMA,joint_guard_paic_cooldown_remaining,200,200,0,,0.0,0.0,0.0,0.0
a1_fast_v2_s392005_20260909_r1,F2_WARM_EMA,lambda_cons,200,200,200,1,0.08,0.08,0.08,0.08
a1_fast_v2_s392005_20260909_r1,F2_WARM_EMA,lambda_group_ce,200,200,200,1,0.16,0.16,0.16,0.16
a1_fast_v2_s392005_20260909_r1,F2_WARM_EMA,loss_weight_group_ce,200,200,200,1,0.08,0.16,0.14577885253594247,0.16
a1_fast_v2_s392005_20260909_r1,F2_WARM_EMA,lr,200,200,200,1,1.0000000000000002e-06,0.0002,8.875000000000002e-05,1.0000000000000002e-06
a1_fast_v2_s392005_20260909_r1,F2_WARM_EMA,nonfinite_test_metric_count,200,200,200,1,1.0,1.0,1.0,1.0
a1_fast_v2_s392005_20260909_r1,F2_WARM_EMA,nonfinite_train_metric_count,200,200,200,1,4.0,4.0,4.0,4.0
a1_fast_v2_s392005_20260909_r1,F2_WARM_EMA,nonfinite_val_metric_count,200,200,200,1,1.0,1.0,1.0,1.0
a1_fast_v2_s392005_20260909_r1,F2_WARM_EMA,phase2_audit_imports_balanced_tx_rx_sampler,200,200,200,1,1.0,1.0,1.0,1.0
a1_fast_v2_s392005_20260909_r1,F2_WARM_EMA,stage_group_ce_scale,200,200,200,1,0.5,1.0,0.9111178283496403,1.0
a1_fast_v2_s392005_20260909_r1,F2_WARM_EMA,stage_source_val_sat_floor_tx,200,200,200,1,31.322222222222223,92.95555555555555,80.59437037037037,92.91111111111111
a1_fast_v2_s392005_20260909_r1,F2_WARM_EMA,stage_source_val_sat_mean_tx,200,200,200,1,31.939506172839504,93.64938271604937,81.56811111111111,93.6111111111111
a1_fast_v2_s392005_20260909_r1,F2_WARM_EMA,stage_tail_rollback_cooldown_remaining,200,200,0,,0.0,0.0,0.0,0.0
a1_fast_v2_s392005_20260909_r1,F2_WARM_EMA,train_a1_ema_effective_decay,200,200,200,1,0.9710525904179228,0.9989999999999969,0.9971452629520886,0.9989999999999969
a1_fast_v2_s392005_20260909_r1,F2_WARM_EMA,train_a1_ema_successful_updates,200,200,200,1,110.5,44270.5,22188.62970720721,44270.5
a1_fast_v2_s392005_20260909_r1,F2_WARM_EMA,train_concat_sat_active,200,200,200,1,1.0,1.0,1.0,1.0
a1_fast_v2_s392005_20260909_r1,F2_WARM_EMA,train_concat_sat_applied,200,200,200,1,0.23423423423423423,0.8558558558558559,0.6510135135135136,0.8198198198198198
a1_fast_v2_s392005_20260909_r1,F2_WARM_EMA,train_concat_sat_clean_batch_size,200,200,200,1,128.0,128.0,128.0,128.0
a1_fast_v2_s392005_20260909_r1,F2_WARM_EMA,train_concat_sat_expanded,200,200,0,,0.0,0.0,0.0,0.0
a1_fast_v2_s392005_20260909_r1,F2_WARM_EMA,train_concat_sat_stage_index,200,200,160,41,0.0,2.0,1.35,2.0
a1_fast_v2_s392005_20260909_r1,F2_WARM_EMA,train_concat_sat_stage_start_epoch,200,200,200,1,1.0,91.0,60.5,91.0
a1_fast_v2_s392005_20260909_r1,F2_WARM_EMA,train_concat_sat_total_batch_size,200,200,200,1,128.0,128.0,128.0,128.0
a1_fast_v2_s392005_20260909_r1,F2_WARM_EMA,train_concat_sat_view_prob,200,200,200,1,0.29999999999999877,0.8000000000000016,0.65,0.8000000000000016
a1_fast_v2_s392005_20260909_r1,F2_WARM_EMA,train_daot_batched_view_count,200,200,180,21,0.0,1.0,0.9,1.0
a1_fast_v2_s392005_20260909_r1,F2_WARM_EMA,train_daot_clean_teacher_weight,180,180,180,21,0.4999929636985332,0.5000189248774503,0.4999998378547821,0.5000015071651958
a1_fast_v2_s392005_20260909_r1,F2_WARM_EMA,train_daot_consensus_rate,180,180,180,21,0.5462767454954955,0.9429546734234234,0.8619621574699698,0.9390484234234234
a1_fast_v2_s392005_20260909_r1,F2_WARM_EMA,train_daot_fingerprint_selectivity,180,180,0,,0.0,0.0,0.0,0.0
a1_fast_v2_s392005_20260909_r1,F2_WARM_EMA,train_daot_fingerprint_sensitivity,180,180,0,,0.0,0.0,0.0,0.0
a1_fast_v2_s392005_20260909_r1,F2_WARM_EMA,train_daot_grad_ratio_fingerprint,4,4,0,,0.0,0.0,0.0,0.0
a1_fast_v2_s392005_20260909_r1,F2_WARM_EMA,train_daot_grad_ratio_nuisance,4,4,4,21,9.009320402614648e-09,1.7224636215656577e-08,1.3075421023929882e-08,9.009320402614648e-09
a1_fast_v2_s392005_20260909_r1,F2_WARM_EMA,train_daot_grad_ratio_orbit_logit,4,4,4,21,3.2845169128570277,13.683163311358365,9.1155120525793,3.2845169128570277
a1_fast_v2_s392005_20260909_r1,F2_WARM_EMA,train_daot_grad_ratio_orbit_proto,4,4,0,,0.0,0.0,0.0,0.0
a1_fast_v2_s392005_20260909_r1,F2_WARM_EMA,train_daot_grad_ratio_orbit_relation,4,4,0,,0.0,0.0,0.0,0.0
a1_fast_v2_s392005_20260909_r1,F2_WARM_EMA,train_daot_grad_ratio_orbit_z,4,4,4,21,0.01488719306639137,0.04043370797531238,0.03323906958524239,0.01488719306639137
a1_fast_v2_s392005_20260909_r1,F2_WARM_EMA,train_daot_grad_ratio_tangent,4,4,0,,0.0,0.0,0.0,0.0
a1_fast_v2_s392005_20260909_r1,F2_WARM_EMA,train_daot_identity_only_used,200,200,180,21,0.0,1.0,0.9,1.0
a1_fast_v2_s392005_20260909_r1,F2_WARM_EMA,train_daot_logit_coverage,180,180,180,21,0.4419596554996731,0.934921315124443,0.8415143773399734,0.930824024720235
a1_fast_v2_s392005_20260909_r1,F2_WARM_EMA,train_daot_logit_coverage_weighting,200,200,0,,0.0,0.0,0.0,0.0
a1_fast_v2_s392005_20260909_r1,F2_WARM_EMA,train_daot_logit_weighted_contribution,200,200,180,21,0.0,0.3245130485376796,0.2552044843069932,0.3190316324298446
a1_fast_v2_s392005_20260909_r1,F2_WARM_EMA,train_daot_loss_scale_fingerprint,180,180,180,21,1.0,1.0,1.0,1.0
a1_fast_v2_s392005_20260909_r1,F2_WARM_EMA,train_daot_loss_scale_nuisance,180,180,180,21,1.0,1.0,1.0,1.0
a1_fast_v2_s392005_20260909_r1,F2_WARM_EMA,train_daot_loss_scale_orbit_logit,180,180,180,21,3.3015095458609185,8.997271147694626,4.6550528829946956,3.378414952480971
a1_fast_v2_s392005_20260909_r1,F2_WARM_EMA,train_daot_loss_scale_orbit_proto,180,180,180,21,1.0,1.0,1.0,1.0
a1_fast_v2_s392005_20260909_r1,F2_WARM_EMA,train_daot_loss_scale_orbit_relation,180,180,180,21,1.0,1.0,1.0,1.0
a1_fast_v2_s392005_20260909_r1,F2_WARM_EMA,train_daot_loss_scale_orbit_z,180,180,180,21,0.14620582043453706,0.3318064815158847,0.16166503957224093,0.14706471380963101
a1_fast_v2_s392005_20260909_r1,F2_WARM_EMA,train_daot_loss_scale_tangent,180,180,180,21,1.0,1.0,1.0,1.0
a1_fast_v2_s392005_20260909_r1,F2_WARM_EMA,train_daot_mean_metadata_skip_enabled,200,200,200,1,1.0,1.0,1.0,1.0
a1_fast_v2_s392005_20260909_r1,F2_WARM_EMA,train_daot_nuisance_sensitivity,180,180,0,,0.0,0.0,0.0,0.0
a1_fast_v2_s392005_20260909_r1,F2_WARM_EMA,train_daot_nuisance_sensitivity_agc,4,4,4,21,10.551057815551758,12.544233322143555,11.188241481781006,10.551057815551758
a1_fast_v2_s392005_20260909_r1,F2_WARM_EMA,train_daot_nuisance_sensitivity_doppler,4,4,4,21,10.852746963500977,12.871556282043457,11.479615211486816,10.852746963500977
a1_fast_v2_s392005_20260909_r1,F2_WARM_EMA,train_daot_nuisance_sensitivity_doppler_rate,4,4,4,21,10.620027542114258,12.603767395019531,11.268022060394287,10.620027542114258
a1_fast_v2_s392005_20260909_r1,F2_WARM_EMA,train_daot_nuisance_sensitivity_multipath,4,4,4,21,10.559001922607422,12.534289360046387,11.188177585601807,10.559001922607422
a1_fast_v2_s392005_20260909_r1,F2_WARM_EMA,train_daot_nuisance_sensitivity_phase_noise,4,4,4,21,10.568175315856934,12.52955436706543,11.17812728881836,10.568175315856934
a1_fast_v2_s392005_20260909_r1,F2_WARM_EMA,train_daot_nuisance_sensitivity_sfo,4,4,4,21,10.56036376953125,12.538436889648438,11.187783241271973,10.56036376953125
a1_fast_v2_s392005_20260909_r1,F2_WARM_EMA,train_daot_nuisance_sensitivity_snr,4,4,4,21,10.550216674804688,12.552635192871094,11.188342571258545,10.550216674804688
a1_fast_v2_s392005_20260909_r1,F2_WARM_EMA,train_daot_nuisance_sensitivity_sto,4,4,4,21,10.593156814575195,12.542304992675781,11.190704584121704,10.593156814575195
a1_fast_v2_s392005_20260909_r1,F2_WARM_EMA,train_daot_objective_computed,200,200,180,21,0.0,1.0,0.9,1.0
a1_fast_v2_s392005_20260909_r1,F2_WARM_EMA,train_daot_orbit_dispersion,180,180,180,21,0.009427871100965317,0.15250441727337535,0.022484005289665005,0.009781143995136157
a1_fast_v2_s392005_20260909_r1,F2_WARM_EMA,train_daot_orbit_scale,200,200,180,21,0.0,1.0,0.8025,1.0
a1_fast_v2_s392005_20260909_r1,F2_WARM_EMA,train_daot_proto_input_available,200,200,0,,0.0,0.0,0.0,0.0
a1_fast_v2_s392005_20260909_r1,F2_WARM_EMA,train_daot_scale_batched_enabled,200,200,200,1,1.0,1.0,1.0,1.0
a1_fast_v2_s392005_20260909_r1,F2_WARM_EMA,train_daot_tangent_scale,200,200,140,61,0.0,1.0,0.5025,1.0
a1_fast_v2_s392005_20260909_r1,F2_WARM_EMA,train_daot_teacher_effective_views,180,180,180,21,1.999968357988306,1.9999999962411485,1.9999986778060954,1.9999988691226855
a1_fast_v2_s392005_20260909_r1,F2_WARM_EMA,train_daot_teacher_labeled_accuracy,180,180,180,21,0.8636683558558559,0.9878941441441441,0.9647442364239239,0.983495213963964
a1_fast_v2_s392005_20260909_r1,F2_WARM_EMA,train_daot_teacher_labeled_confidence,180,180,180,21,0.9160102063471133,0.9976663790844582,0.9888858543762992,0.9969275435348889
a1_fast_v2_s392005_20260909_r1,F2_WARM_EMA,train_daot_teacher_view_count,200,200,180,21,0.0,2.0,1.8,2.0
a1_fast_v2_s392005_20260909_r1,F2_WARM_EMA,train_daot_u_consensus_rate,180,180,180,21,0.5381111957736917,0.9581341042711928,0.8806133848030466,0.9570233035194982
a1_fast_v2_s392005_20260909_r1,F2_WARM_EMA,train_daot_u_logit_coverage,180,180,180,21,0.4723371700929092,0.9523312811915939,0.8658894958058455,0.9511601041566144
a1_fast_v2_s392005_20260909_r1,F2_WARM_EMA,train_daot_u_logit_weighted_contribution,200,200,180,21,0.0,0.08739756809564324,0.06202913933222262,0.0779036423275331
a1_fast_v2_s392005_20260909_r1,F2_WARM_EMA,train_daot_u_orbit_dispersion,180,180,180,21,0.007078179164563079,0.17111688650943138,0.021293137898652097,0.007280008964920165
a1_fast_v2_s392005_20260909_r1,F2_WARM_EMA,train_daot_u_orbit_scale,200,200,180,21,0.0,1.0,0.8025,1.0
a1_fast_v2_s392005_20260909_r1,F2_WARM_EMA,train_daot_worst_bucket_elevation,4,4,4,21,0.21875,0.8125,0.5859375,0.78125
a1_fast_v2_s392005_20260909_r1,F2_WARM_EMA,train_daot_worst_bucket_snr,4,4,4,21,0.25,0.8125,0.6015625,0.8125
a1_fast_v2_s392005_20260909_r1,F2_WARM_EMA,train_dm_accept_local_component_class_coverage,200,200,0,,0.0,0.0,0.0,0.0
a1_fast_v2_s392005_20260909_r1,F2_WARM_EMA,train_loss_cons_labeled,200,200,184,17,0.0,0.3184935423704955,0.18940966906848253,0.19554839263091217
a1_fast_v2_s392005_20260909_r1,F2_WARM_EMA,train_loss_daot_fingerprint,200,200,0,,0.0,0.0,0.0,0.0
a1_fast_v2_s392005_20260909_r1,F2_WARM_EMA,train_loss_daot_nuisance,200,200,180,21,0.0,0.6273458089914408,0.5337523651304277,0.5839306204705625
a1_fast_v2_s392005_20260909_r1,F2_WARM_EMA,train_loss_daot_orbit_logit,200,200,180,21,0.0,14.25448642120705,6.671030210135756,5.40953198316935
a1_fast_v2_s392005_20260909_r1,F2_WARM_EMA,train_loss_daot_orbit_proto,200,200,0,,0.0,0.0,0.0,0.0
a1_fast_v2_s392005_20260909_r1,F2_WARM_EMA,train_loss_daot_orbit_relation,200,200,0,,0.0,0.0,0.0,0.0
a1_fast_v2_s392005_20260909_r1,F2_WARM_EMA,train_loss_daot_orbit_z,200,200,180,21,0.0,0.3311543169993538,0.14829337564758485,0.1505549799751591
a1_fast_v2_s392005_20260909_r1,F2_WARM_EMA,train_loss_daot_tangent,200,200,0,,0.0,0.0,0.0,0.0
a1_fast_v2_s392005_20260909_r1,F2_WARM_EMA,train_loss_daot_total,200,200,180,21,0.0,0.8376110633751294,0.6655465514809187,0.8308060520941073
a1_fast_v2_s392005_20260909_r1,F2_WARM_EMA,train_loss_daot_unlabeled,200,200,180,21,0.0,0.5757043252925615,0.4540455948412712,0.5666573610123213
a1_fast_v2_s392005_20260909_r1,F2_WARM_EMA,train_loss_group_ce_labeled,200,200,200,1,1.253754486740978,12.86531232713579,2.5625173748749397,1.5627316712057806
a1_fast_v2_s392005_20260909_r1,F2_WARM_EMA,train_loss_sat_cls_labeled,200,200,121,80,0.0,3.6027168856203757,1.6316928515967828,2.497382026606214
a1_fast_v2_s392005_20260909_r1,F2_WARM_EMA,train_loss_sat_cons_labeled,200,200,0,,0.0,0.0,0.0,0.0
a1_fast_v2_s392005_20260909_r1,F2_WARM_EMA,train_os_gradient_nonfinite_bundle,200,200,0,,0.0,0.0,0.0,0.0
a1_fast_v2_s392005_20260909_r1,F2_WARM_EMA,train_rc4_effective_weighted_coverage,200,200,180,21,0.0,0.15000000481938455,0.1350000033903498,0.15000000367830466
a1_fast_v2_s392005_20260909_r1,F2_WARM_EMA,train_rc4_hard_effective_coverage,200,200,180,21,0.0,0.15000000455089518,0.11042570163140301,0.07476288076859337
a1_fast_v2_s392005_20260909_r1,F2_WARM_EMA,train_rc4_negative_effective_coverage,200,200,0,,0.0,0.0,0.0,0.0
a1_fast_v2_s392005_20260909_r1,F2_WARM_EMA,train_rc4_partial_effective_coverage,200,200,152,21,0.0,0.1465886435261718,0.02457430038084328,0.07523711915085982
a1_fast_v2_s392005_20260909_r1,F2_WARM_EMA,train_sat_anchor_class_coverage,200,200,180,21,0.0,5.900900900900901,3.212162162162162,3.2837837837837838
a1_fast_v2_s392005_20260909_r1,F2_WARM_EMA,train_sat_anchor_receiver_coverage,200,200,180,21,0.0,5.0,4.3400675675675675,4.824324324324325
a1_fast_v2_s392005_20260909_r1,F2_WARM_EMA,train_skipped_nonfinite_grad,200,200,18,1,0.0,0.009009009009009009,0.00042792792792792795,0.0
a1_fast_v2_s392005_20260909_r1,F2_WARM_EMA,train_skipped_nonfinite_loss,200,200,0,,0.0,0.0,0.0,0.0
a1_fast_v2_s392005_20260909_r1,F2_WARM_EMA,train_source_episode_local_component_coverage,181,181,181,20,1.0,1.0,1.0,1.0
a1_fast_v2_s392005_20260909_r1,F2_WARM_EMA,train_tail_rollback_cooldown_remaining,200,200,0,,0.0,0.0,0.0,0.0
a1_fast_v2_s392005_20260909_r1,F2_WARM_EMA,train_w_loss_cons_labeled,200,200,184,17,0.0,0.016082935505085164,0.012055112477895376,0.015643832919833896
a1_fast_v2_s392005_20260909_r1,F2_WARM_EMA,train_w_loss_group_ce_labeled,200,200,200,1,0.2006007130593397,1.0292249628015466,0.3418969811577358,0.2500370610840954
a1_fast_v2_s392005_20260909_r1,F2_WARM_EMA,train_w_loss_sat_cls_labeled,200,200,121,80,0.0,2.44984750659205,1.1095511504545217,1.6982197962818786
a1_fast_v2_s392005_20260909_r1,F2_WARM_EMA,train_w_loss_sat_cons_labeled,200,200,0,,0.0,0.0,0.0,0.0
a1_fast_v2_s392005_20260909_r1,F2_WARM_EMA,val_tx_acc,200,200,200,1,38.87407407407407,98.55185185185185,97.6832962962963,98.51851851851852
a1_fast_v2_s392005_20260909_r1,F3_COVERAGE_KL,concat_sat_ce_weight,200,200,200,1,1.0,1.0,1.0,1.0
a1_fast_v2_s392005_20260909_r1,F3_COVERAGE_KL,concat_sat_start_epoch,200,200,200,1,1.0,1.0,1.0,1.0
a1_fast_v2_s392005_20260909_r1,F3_COVERAGE_KL,group_ce_top_frac,200,200,200,1,0.35,0.35,0.35,0.35
a1_fast_v2_s392005_20260909_r1,F3_COVERAGE_KL,joint_guard_paic_cooldown_remaining,200,200,0,,0.0,0.0,0.0,0.0
a1_fast_v2_s392005_20260909_r1,F3_COVERAGE_KL,lambda_cons,200,200,200,1,0.08,0.08,0.08,0.08
a1_fast_v2_s392005_20260909_r1,F3_COVERAGE_KL,lambda_group_ce,200,200,200,1,0.16,0.16,0.16,0.16
a1_fast_v2_s392005_20260909_r1,F3_COVERAGE_KL,loss_weight_group_ce,200,200,200,1,0.08,0.16,0.14577885253594247,0.16
a1_fast_v2_s392005_20260909_r1,F3_COVERAGE_KL,lr,200,200,200,1,1.0000000000000002e-06,0.0002,8.875000000000002e-05,1.0000000000000002e-06
a1_fast_v2_s392005_20260909_r1,F3_COVERAGE_KL,nonfinite_test_metric_count,200,200,200,1,1.0,1.0,1.0,1.0
a1_fast_v2_s392005_20260909_r1,F3_COVERAGE_KL,nonfinite_train_metric_count,200,200,200,1,4.0,4.0,4.0,4.0
a1_fast_v2_s392005_20260909_r1,F3_COVERAGE_KL,nonfinite_val_metric_count,200,200,200,1,1.0,1.0,1.0,1.0
a1_fast_v2_s392005_20260909_r1,F3_COVERAGE_KL,phase2_audit_imports_balanced_tx_rx_sampler,200,200,200,1,1.0,1.0,1.0,1.0
a1_fast_v2_s392005_20260909_r1,F3_COVERAGE_KL,stage_group_ce_scale,200,200,200,1,0.5,1.0,0.9111178283496403,1.0
a1_fast_v2_s392005_20260909_r1,F3_COVERAGE_KL,stage_source_val_sat_floor_tx,200,200,200,1,31.237037037037037,92.26666666666667,79.66951851851852,92.16666666666667
a1_fast_v2_s392005_20260909_r1,F3_COVERAGE_KL,stage_source_val_sat_mean_tx,200,200,200,1,31.880246913580248,93.11604938271604,80.70085185185185,93.04444444444444
a1_fast_v2_s392005_20260909_r1,F3_COVERAGE_KL,stage_tail_rollback_cooldown_remaining,200,200,0,,0.0,0.0,0.0,0.0
a1_fast_v2_s392005_20260909_r1,F3_COVERAGE_KL,train_a1_ema_effective_decay,200,200,200,1,0.9900000000000023,0.9989999999999969,0.9972399999999989,0.9989999999999969
a1_fast_v2_s392005_20260909_r1,F3_COVERAGE_KL,train_a1_ema_successful_updates,200,200,200,1,110.5,44268.5,22188.46689189189,44268.5
a1_fast_v2_s392005_20260909_r1,F3_COVERAGE_KL,train_concat_sat_active,200,200,200,1,1.0,1.0,1.0,1.0
a1_fast_v2_s392005_20260909_r1,F3_COVERAGE_KL,train_concat_sat_applied,200,200,200,1,0.23423423423423423,0.8558558558558559,0.6510135135135136,0.8198198198198198
a1_fast_v2_s392005_20260909_r1,F3_COVERAGE_KL,train_concat_sat_clean_batch_size,200,200,200,1,128.0,128.0,128.0,128.0
a1_fast_v2_s392005_20260909_r1,F3_COVERAGE_KL,train_concat_sat_expanded,200,200,0,,0.0,0.0,0.0,0.0
a1_fast_v2_s392005_20260909_r1,F3_COVERAGE_KL,train_concat_sat_stage_index,200,200,160,41,0.0,2.0,1.35,2.0
a1_fast_v2_s392005_20260909_r1,F3_COVERAGE_KL,train_concat_sat_stage_start_epoch,200,200,200,1,1.0,91.0,60.5,91.0
a1_fast_v2_s392005_20260909_r1,F3_COVERAGE_KL,train_concat_sat_total_batch_size,200,200,200,1,128.0,128.0,128.0,128.0
a1_fast_v2_s392005_20260909_r1,F3_COVERAGE_KL,train_concat_sat_view_prob,200,200,200,1,0.29999999999999877,0.8000000000000016,0.65,0.8000000000000016
a1_fast_v2_s392005_20260909_r1,F3_COVERAGE_KL,train_daot_batched_view_count,200,200,180,21,0.0,1.0,0.9,1.0
a1_fast_v2_s392005_20260909_r1,F3_COVERAGE_KL,train_daot_clean_teacher_weight,180,180,180,21,0.4999923425483274,0.5000095643975713,0.4999987287691107,0.5000003019163201
a1_fast_v2_s392005_20260909_r1,F3_COVERAGE_KL,train_daot_consensus_rate,180,180,180,21,0.5413851351351351,0.9384853603603603,0.8529629238613613,0.9328195382882883
a1_fast_v2_s392005_20260909_r1,F3_COVERAGE_KL,train_daot_fingerprint_selectivity,180,180,0,,0.0,0.0,0.0,0.0
a1_fast_v2_s392005_20260909_r1,F3_COVERAGE_KL,train_daot_fingerprint_sensitivity,180,180,0,,0.0,0.0,0.0,0.0
a1_fast_v2_s392005_20260909_r1,F3_COVERAGE_KL,train_daot_grad_ratio_fingerprint,4,4,0,,0.0,0.0,0.0,0.0
a1_fast_v2_s392005_20260909_r1,F3_COVERAGE_KL,train_daot_grad_ratio_nuisance,4,4,4,21,4.745117364661824e-09,8.384140845196557e-09,5.9330367622338245e-09,4.745117364661824e-09
a1_fast_v2_s392005_20260909_r1,F3_COVERAGE_KL,train_daot_grad_ratio_orbit_logit,4,4,4,21,2.7642066507141867,13.823786279493708,7.491018242537688,2.7642066507141867
a1_fast_v2_s392005_20260909_r1,F3_COVERAGE_KL,train_daot_grad_ratio_orbit_proto,4,4,0,,0.0,0.0,0.0,0.0
a1_fast_v2_s392005_20260909_r1,F3_COVERAGE_KL,train_daot_grad_ratio_orbit_relation,4,4,0,,0.0,0.0,0.0,0.0
a1_fast_v2_s392005_20260909_r1,F3_COVERAGE_KL,train_daot_grad_ratio_orbit_z,4,4,4,21,0.01040752886762478,0.045936765819147275,0.025681410105752703,0.01040752886762478
a1_fast_v2_s392005_20260909_r1,F3_COVERAGE_KL,train_daot_grad_ratio_tangent,4,4,0,,0.0,0.0,0.0,0.0
a1_fast_v2_s392005_20260909_r1,F3_COVERAGE_KL,train_daot_identity_only_used,200,200,180,21,0.0,1.0,0.9,1.0
a1_fast_v2_s392005_20260909_r1,F3_COVERAGE_KL,train_daot_logit_coverage,180,180,180,21,0.4432695220048363,0.9296976386963784,0.8301000192604802,0.9244055337197071
a1_fast_v2_s392005_20260909_r1,F3_COVERAGE_KL,train_daot_logit_coverage_weighting,200,200,200,1,1.0,1.0,1.0,1.0
a1_fast_v2_s392005_20260909_r1,F3_COVERAGE_KL,train_daot_logit_weighted_contribution,200,200,180,21,0.0,0.2978752086291442,0.22076856701482356,0.29342276710379234
a1_fast_v2_s392005_20260909_r1,F3_COVERAGE_KL,train_daot_loss_scale_fingerprint,180,180,180,21,1.0,1.0,1.0,1.0
a1_fast_v2_s392005_20260909_r1,F3_COVERAGE_KL,train_daot_loss_scale_nuisance,180,180,180,21,1.0,1.0,1.0,1.0
a1_fast_v2_s392005_20260909_r1,F3_COVERAGE_KL,train_daot_loss_scale_orbit_logit,180,180,180,21,3.4513119190864754,9.407954686459492,4.9032616286404425,3.4865577979616504
a1_fast_v2_s392005_20260909_r1,F3_COVERAGE_KL,train_daot_loss_scale_orbit_proto,180,180,180,21,1.0,1.0,1.0,1.0
a1_fast_v2_s392005_20260909_r1,F3_COVERAGE_KL,train_daot_loss_scale_orbit_relation,180,180,180,21,1.0,1.0,1.0,1.0
a1_fast_v2_s392005_20260909_r1,F3_COVERAGE_KL,train_daot_loss_scale_orbit_z,180,180,180,21,0.14561285853184291,0.3374950628098976,0.16177917699357058,0.14626703402710609
a1_fast_v2_s392005_20260909_r1,F3_COVERAGE_KL,train_daot_loss_scale_tangent,180,180,180,21,1.0,1.0,1.0,1.0
a1_fast_v2_s392005_20260909_r1,F3_COVERAGE_KL,train_daot_mean_metadata_skip_enabled,200,200,200,1,1.0,1.0,1.0,1.0
a1_fast_v2_s392005_20260909_r1,F3_COVERAGE_KL,train_daot_nuisance_sensitivity,180,180,0,,0.0,0.0,0.0,0.0
a1_fast_v2_s392005_20260909_r1,F3_COVERAGE_KL,train_daot_nuisance_sensitivity_agc,4,4,4,21,10.417037963867188,12.736361503601074,11.269981622695923,10.417037963867188
a1_fast_v2_s392005_20260909_r1,F3_COVERAGE_KL,train_daot_nuisance_sensitivity_doppler,4,4,4,21,10.820634841918945,13.153667449951172,11.565363883972168,10.820634841918945
a1_fast_v2_s392005_20260909_r1,F3_COVERAGE_KL,train_daot_nuisance_sensitivity_doppler_rate,4,4,4,21,10.568836212158203,12.880160331726074,11.376219511032104,10.568836212158203
a1_fast_v2_s392005_20260909_r1,F3_COVERAGE_KL,train_daot_nuisance_sensitivity_multipath,4,4,4,21,10.415323257446289,12.702266693115234,11.26255202293396,10.415323257446289
a1_fast_v2_s392005_20260909_r1,F3_COVERAGE_KL,train_daot_nuisance_sensitivity_phase_noise,4,4,4,21,10.425384521484375,12.725220680236816,11.262609720230103,10.425384521484375
a1_fast_v2_s392005_20260909_r1,F3_COVERAGE_KL,train_daot_nuisance_sensitivity_sfo,4,4,4,21,10.428770065307617,12.7259521484375,11.272517681121826,10.428770065307617
a1_fast_v2_s392005_20260909_r1,F3_COVERAGE_KL,train_daot_nuisance_sensitivity_snr,4,4,4,21,10.417810440063477,12.733013153076172,11.269585609436035,10.417810440063477
a1_fast_v2_s392005_20260909_r1,F3_COVERAGE_KL,train_daot_nuisance_sensitivity_sto,4,4,4,21,10.427030563354492,12.767438888549805,11.298628330230713,10.427030563354492
a1_fast_v2_s392005_20260909_r1,F3_COVERAGE_KL,train_daot_objective_computed,200,200,180,21,0.0,1.0,0.9,1.0
a1_fast_v2_s392005_20260909_r1,F3_COVERAGE_KL,train_daot_orbit_dispersion,180,180,180,21,0.00951510989149143,0.15784670494765313,0.023351628162261395,0.009860991577928266
a1_fast_v2_s392005_20260909_r1,F3_COVERAGE_KL,train_daot_orbit_scale,200,200,180,21,0.0,1.0,0.8025,1.0
a1_fast_v2_s392005_20260909_r1,F3_COVERAGE_KL,train_daot_proto_input_available,200,200,0,,0.0,0.0,0.0,0.0
a1_fast_v2_s392005_20260909_r1,F3_COVERAGE_KL,train_daot_scale_batched_enabled,200,200,200,1,1.0,1.0,1.0,1.0
a1_fast_v2_s392005_20260909_r1,F3_COVERAGE_KL,train_daot_tangent_scale,200,200,140,61,0.0,1.0,0.5025,1.0
a1_fast_v2_s392005_20260909_r1,F3_COVERAGE_KL,train_daot_teacher_effective_views,180,180,180,21,1.9999841800681106,1.9999999989260424,1.999998332302014,1.999998725212372
a1_fast_v2_s392005_20260909_r1,F3_COVERAGE_KL,train_daot_teacher_labeled_accuracy,180,180,180,21,0.8671171171171171,0.987084740990991,0.9628204376251251,0.9822635135135135
a1_fast_v2_s392005_20260909_r1,F3_COVERAGE_KL,train_daot_teacher_labeled_confidence,180,180,180,21,0.9126078639481519,0.9975187480449677,0.9875662590260501,0.9966220316049215
a1_fast_v2_s392005_20260909_r1,F3_COVERAGE_KL,train_daot_teacher_view_count,200,200,180,21,0.0,2.0,1.8,2.0
a1_fast_v2_s392005_20260909_r1,F3_COVERAGE_KL,train_daot_u_consensus_rate,180,180,180,21,0.5468205100781208,0.9533140119668599,0.8717111105630705,0.9526045070038186
a1_fast_v2_s392005_20260909_r1,F3_COVERAGE_KL,train_daot_u_logit_coverage,180,180,180,21,0.4792583489471728,0.9470291274624902,0.8547746264719749,0.9461182750560142
a1_fast_v2_s392005_20260909_r1,F3_COVERAGE_KL,train_daot_u_logit_weighted_contribution,200,200,180,21,0.0,0.07608112986493218,0.05439646412424695,0.07425522057524135
a1_fast_v2_s392005_20260909_r1,F3_COVERAGE_KL,train_daot_u_orbit_dispersion,180,180,180,21,0.007202756504091929,0.1768042820396724,0.02262334406561287,0.007455298085571141
a1_fast_v2_s392005_20260909_r1,F3_COVERAGE_KL,train_daot_u_orbit_scale,200,200,180,21,0.0,1.0,0.8025,1.0
a1_fast_v2_s392005_20260909_r1,F3_COVERAGE_KL,train_daot_worst_bucket_elevation,4,4,4,21,0.15625,0.78125,0.5546875,0.78125
a1_fast_v2_s392005_20260909_r1,F3_COVERAGE_KL,train_daot_worst_bucket_snr,4,4,4,21,0.21875,0.78125,0.578125,0.78125
a1_fast_v2_s392005_20260909_r1,F3_COVERAGE_KL,train_dm_accept_local_component_class_coverage,200,200,0,,0.0,0.0,0.0,0.0
a1_fast_v2_s392005_20260909_r1,F3_COVERAGE_KL,train_loss_cons_labeled,200,200,184,17,0.0,0.3211252023507883,0.1884186945734797,0.19422761384431306
a1_fast_v2_s392005_20260909_r1,F3_COVERAGE_KL,train_loss_daot_fingerprint,200,200,0,,0.0,0.0,0.0,0.0
a1_fast_v2_s392005_20260909_r1,F3_COVERAGE_KL,train_loss_daot_nuisance,200,200,180,21,0.0,0.6226326777591361,0.5213278940232756,0.5716734017069275
a1_fast_v2_s392005_20260909_r1,F3_COVERAGE_KL,train_loss_daot_orbit_logit,200,200,180,21,0.0,14.537308656417572,7.048440429772342,5.5682472012064474
a1_fast_v2_s392005_20260909_r1,F3_COVERAGE_KL,train_loss_daot_orbit_proto,200,200,0,,0.0,0.0,0.0,0.0
a1_fast_v2_s392005_20260909_r1,F3_COVERAGE_KL,train_loss_daot_orbit_relation,200,200,0,,0.0,0.0,0.0,0.0
a1_fast_v2_s392005_20260909_r1,F3_COVERAGE_KL,train_loss_daot_orbit_z,200,200,180,21,0.0,0.3360408233092712,0.1481155300741126,0.14948983752244227
a1_fast_v2_s392005_20260909_r1,F3_COVERAGE_KL,train_loss_daot_tangent,200,200,0,,0.0,0.0,0.0,0.0
a1_fast_v2_s392005_20260909_r1,F3_COVERAGE_KL,train_loss_daot_total,200,200,180,21,0.0,0.8089286859508034,0.630461083870079,0.8043516984394005
a1_fast_v2_s392005_20260909_r1,F3_COVERAGE_KL,train_loss_daot_unlabeled,200,200,180,21,0.0,0.5662497908950926,0.447064329209813,0.5635815093646178
a1_fast_v2_s392005_20260909_r1,F3_COVERAGE_KL,train_loss_group_ce_labeled,200,200,200,1,1.2833552184674117,12.865696864085155,2.61686540501746,1.633898718500728
a1_fast_v2_s392005_20260909_r1,F3_COVERAGE_KL,train_loss_sat_cls_labeled,200,200,121,80,0.0,3.7849676437216586,1.696188964302264,2.571031152455321
a1_fast_v2_s392005_20260909_r1,F3_COVERAGE_KL,train_loss_sat_cons_labeled,200,200,0,,0.0,0.0,0.0,0.0
a1_fast_v2_s392005_20260909_r1,F3_COVERAGE_KL,train_os_gradient_nonfinite_bundle,200,200,0,,0.0,0.0,0.0,0.0
a1_fast_v2_s392005_20260909_r1,F3_COVERAGE_KL,train_rc4_effective_weighted_coverage,200,200,180,21,0.0,0.15000000455089518,0.13500000344169838,0.15000000354405996
a1_fast_v2_s392005_20260909_r1,F3_COVERAGE_KL,train_rc4_hard_effective_coverage,200,200,180,21,0.0,0.15000000461801752,0.11544364981750249,0.1397323733581616
a1_fast_v2_s392005_20260909_r1,F3_COVERAGE_KL,train_rc4_negative_effective_coverage,200,200,0,,0.0,0.0,0.0,0.0
a1_fast_v2_s392005_20260909_r1,F3_COVERAGE_KL,train_rc4_partial_effective_coverage,200,200,119,21,0.0,0.14818961086036922,0.01955635227877847,0.010267627679691482
a1_fast_v2_s392005_20260909_r1,F3_COVERAGE_KL,train_sat_anchor_class_coverage,200,200,180,21,0.0,5.054054054054054,3.1647072072072073,2.9864864864864864
a1_fast_v2_s392005_20260909_r1,F3_COVERAGE_KL,train_sat_anchor_receiver_coverage,200,200,180,21,0.0,5.0,4.317072072072072,5.0
a1_fast_v2_s392005_20260909_r1,F3_COVERAGE_KL,train_skipped_nonfinite_grad,200,200,20,1,0.0,0.009009009009009009,0.000472972972972973,0.0
a1_fast_v2_s392005_20260909_r1,F3_COVERAGE_KL,train_skipped_nonfinite_loss,200,200,0,,0.0,0.0,0.0,0.0
a1_fast_v2_s392005_20260909_r1,F3_COVERAGE_KL,train_source_episode_local_component_coverage,181,181,181,20,1.0,1.0,1.0,1.0
a1_fast_v2_s392005_20260909_r1,F3_COVERAGE_KL,train_tail_rollback_cooldown_remaining,200,200,0,,0.0,0.0,0.0,0.0
a1_fast_v2_s392005_20260909_r1,F3_COVERAGE_KL,train_w_loss_cons_labeled,200,200,184,17,0.0,0.01593124114715301,0.011970944318685445,0.01553784619580518
a1_fast_v2_s392005_20260909_r1,F3_COVERAGE_KL,train_w_loss_group_ce_labeled,200,200,200,1,0.20533682940410333,1.0292557279268901,0.34998397158074973,0.26142378826415885
a1_fast_v2_s392005_20260909_r1,F3_COVERAGE_KL,train_w_loss_sat_cls_labeled,200,200,121,80,0.0,2.5737780232720815,1.1534085076971679,1.748301198666177
a1_fast_v2_s392005_20260909_r1,F3_COVERAGE_KL,train_w_loss_sat_cons_labeled,200,200,0,,0.0,0.0,0.0,0.0
a1_fast_v2_s392005_20260909_r1,F3_COVERAGE_KL,val_tx_acc,200,200,200,1,39.36296296296296,98.52592592592593,97.63474074074074,98.45925925925926
a1_mechanism_periodic_s392005_20260910_r1,B0_FIXED,concat_sat_ce_weight,200,200,200,1,1.0,1.0,1.0,1.0
a1_mechanism_periodic_s392005_20260910_r1,B0_FIXED,concat_sat_start_epoch,200,200,200,1,1.0,1.0,1.0,1.0
a1_mechanism_periodic_s392005_20260910_r1,B0_FIXED,group_ce_top_frac,200,200,200,1,0.35,0.35,0.35,0.35
a1_mechanism_periodic_s392005_20260910_r1,B0_FIXED,joint_guard_paic_cooldown_remaining,200,200,0,,0.0,0.0,0.0,0.0
a1_mechanism_periodic_s392005_20260910_r1,B0_FIXED,lambda_cons,200,200,200,1,0.08,0.08,0.08,0.08
a1_mechanism_periodic_s392005_20260910_r1,B0_FIXED,lambda_group_ce,200,200,200,1,0.16,0.16,0.16,0.16
a1_mechanism_periodic_s392005_20260910_r1,B0_FIXED,loss_weight_group_ce,200,200,200,1,0.08,0.16,0.14577885253594247,0.16
a1_mechanism_periodic_s392005_20260910_r1,B0_FIXED,lr,200,200,200,1,1.0000000000000002e-06,0.0002,8.875000000000002e-05,1.0000000000000002e-06
a1_mechanism_periodic_s392005_20260910_r1,B0_FIXED,nonfinite_test_metric_count,200,200,200,1,1.0,1.0,1.0,1.0
a1_mechanism_periodic_s392005_20260910_r1,B0_FIXED,nonfinite_train_metric_count,200,200,200,1,4.0,4.0,4.0,4.0
a1_mechanism_periodic_s392005_20260910_r1,B0_FIXED,nonfinite_val_metric_count,200,200,200,1,1.0,1.0,1.0,1.0
a1_mechanism_periodic_s392005_20260910_r1,B0_FIXED,phase2_audit_imports_balanced_tx_rx_sampler,200,200,200,1,1.0,1.0,1.0,1.0
a1_mechanism_periodic_s392005_20260910_r1,B0_FIXED,stage_group_ce_scale,200,200,200,1,0.5,1.0,0.9111178283496403,1.0
a1_mechanism_periodic_s392005_20260910_r1,B0_FIXED,stage_source_val_sat_floor_tx,200,200,200,1,31.296296296296298,92.66666666666667,80.23811111111111,92.66666666666667
a1_mechanism_periodic_s392005_20260910_r1,B0_FIXED,stage_source_val_sat_mean_tx,200,200,200,1,31.895061728395063,93.39999999999999,81.22337654320988,93.37530864197531
a1_mechanism_periodic_s392005_20260910_r1,B0_FIXED,stage_tail_rollback_cooldown_remaining,200,200,0,,0.0,0.0,0.0,0.0
a1_mechanism_periodic_s392005_20260910_r1,B0_FIXED,train_a1_ema_effective_decay,200,200,200,1,0.9900000000000023,0.9989999999999969,0.9972399999999989,0.9989999999999969
a1_mechanism_periodic_s392005_20260910_r1,B0_FIXED,train_a1_ema_successful_updates,200,200,200,1,110.5,44266.5,22185.95470720721,44266.5
a1_mechanism_periodic_s392005_20260910_r1,B0_FIXED,train_concat_sat_active,200,200,200,1,1.0,1.0,1.0,1.0
a1_mechanism_periodic_s392005_20260910_r1,B0_FIXED,train_concat_sat_applied,200,200,200,1,0.23423423423423423,0.8558558558558559,0.6510135135135136,0.8198198198198198
a1_mechanism_periodic_s392005_20260910_r1,B0_FIXED,train_concat_sat_clean_batch_size,200,200,200,1,128.0,128.0,128.0,128.0
a1_mechanism_periodic_s392005_20260910_r1,B0_FIXED,train_concat_sat_expanded,200,200,0,,0.0,0.0,0.0,0.0
a1_mechanism_periodic_s392005_20260910_r1,B0_FIXED,train_concat_sat_stage_index,200,200,160,41,0.0,2.0,1.35,2.0
a1_mechanism_periodic_s392005_20260910_r1,B0_FIXED,train_concat_sat_stage_start_epoch,200,200,200,1,1.0,91.0,60.5,91.0
a1_mechanism_periodic_s392005_20260910_r1,B0_FIXED,train_concat_sat_total_batch_size,200,200,200,1,128.0,128.0,128.0,128.0
a1_mechanism_periodic_s392005_20260910_r1,B0_FIXED,train_concat_sat_view_prob,200,200,200,1,0.29999999999999877,0.8000000000000016,0.65,0.8000000000000016
a1_mechanism_periodic_s392005_20260910_r1,B0_FIXED,train_daot_batched_view_count,200,200,180,21,0.0,1.0,0.9,1.0
a1_mechanism_periodic_s392005_20260910_r1,B0_FIXED,train_daot_clean_teacher_weight,180,180,180,21,0.4999905929372117,0.5000095215735135,0.5000001012182629,0.5000047235338537
a1_mechanism_periodic_s392005_20260910_r1,B0_FIXED,train_daot_consensus_rate,180,180,180,21,0.5416314752252253,0.9413710585585585,0.857909471971972,0.9372536599099099
a1_mechanism_periodic_s392005_20260910_r1,B0_FIXED,train_daot_fingerprint_selectivity,180,180,0,,0.0,0.0,0.0,0.0
a1_mechanism_periodic_s392005_20260910_r1,B0_FIXED,train_daot_fingerprint_sensitivity,180,180,0,,0.0,0.0,0.0,0.0
a1_mechanism_periodic_s392005_20260910_r1,B0_FIXED,train_daot_grad_ratio_fingerprint,4,4,0,,0.0,0.0,0.0,0.0
a1_mechanism_periodic_s392005_20260910_r1,B0_FIXED,train_daot_grad_ratio_nuisance,4,4,4,21,4.250457890913914e-09,1.4256061744706621e-08,9.867731588563407e-09,4.250457890913914e-09
a1_mechanism_periodic_s392005_20260910_r1,B0_FIXED,train_daot_grad_ratio_orbit_logit,4,4,4,21,3.488133581193804,13.909396271158965,10.929167529086946,3.488133581193804
a1_mechanism_periodic_s392005_20260910_r1,B0_FIXED,train_daot_grad_ratio_orbit_proto,4,4,0,,0.0,0.0,0.0,0.0
a1_mechanism_periodic_s392005_20260910_r1,B0_FIXED,train_daot_grad_ratio_orbit_relation,4,4,0,,0.0,0.0,0.0,0.0
a1_mechanism_periodic_s392005_20260910_r1,B0_FIXED,train_daot_grad_ratio_orbit_z,4,4,4,21,0.015038939073740865,0.05455721663731541,0.043119311235843207,0.015038939073740865
a1_mechanism_periodic_s392005_20260910_r1,B0_FIXED,train_daot_grad_ratio_tangent,4,4,0,,0.0,0.0,0.0,0.0
a1_mechanism_periodic_s392005_20260910_r1,B0_FIXED,train_daot_identity_only_used,200,200,180,21,0.0,1.0,0.9,1.0
a1_mechanism_periodic_s392005_20260910_r1,B0_FIXED,train_daot_logit_coverage,180,180,180,21,0.43909748388571784,0.9330137884831643,0.8371567965314552,0.9288198504898999
a1_mechanism_periodic_s392005_20260910_r1,B0_FIXED,train_daot_logit_coverage_weighting,200,200,0,,0.0,0.0,0.0,0.0
a1_mechanism_periodic_s392005_20260910_r1,B0_FIXED,train_daot_logit_weighted_contribution,200,200,180,21,0.0,0.32643319659673414,0.2555799868092337,0.31925403514692374
a1_mechanism_periodic_s392005_20260910_r1,B0_FIXED,train_daot_loss_scale_fingerprint,180,180,180,21,1.0,1.0,1.0,1.0
a1_mechanism_periodic_s392005_20260910_r1,B0_FIXED,train_daot_loss_scale_nuisance,180,180,180,21,1.0,1.0,1.0,1.0
a1_mechanism_periodic_s392005_20260910_r1,B0_FIXED,train_daot_loss_scale_orbit_logit,180,180,180,21,3.2857658854058633,9.249018222871923,4.615642401653727,3.377819205010238
a1_mechanism_periodic_s392005_20260910_r1,B0_FIXED,train_daot_loss_scale_orbit_proto,180,180,180,21,1.0,1.0,1.0,1.0
a1_mechanism_periodic_s392005_20260910_r1,B0_FIXED,train_daot_loss_scale_orbit_relation,180,180,180,21,1.0,1.0,1.0,1.0
a1_mechanism_periodic_s392005_20260910_r1,B0_FIXED,train_daot_loss_scale_orbit_z,180,180,180,21,0.1482386127201987,0.3339688815038922,0.16491811192988248,0.1489572582055034
a1_mechanism_periodic_s392005_20260910_r1,B0_FIXED,train_daot_loss_scale_tangent,180,180,180,21,1.0,1.0,1.0,1.0
a1_mechanism_periodic_s392005_20260910_r1,B0_FIXED,train_daot_mean_metadata_skip_enabled,200,200,200,1,1.0,1.0,1.0,1.0
a1_mechanism_periodic_s392005_20260910_r1,B0_FIXED,train_daot_nuisance_sensitivity,180,180,0,,0.0,0.0,0.0,0.0
a1_mechanism_periodic_s392005_20260910_r1,B0_FIXED,train_daot_nuisance_sensitivity_agc,4,4,4,21,10.618932723999023,12.637568473815918,11.299389362335205,10.618932723999023
a1_mechanism_periodic_s392005_20260910_r1,B0_FIXED,train_daot_nuisance_sensitivity_doppler,4,4,4,21,10.99915885925293,13.06893253326416,11.609695196151733,10.99915885925293
a1_mechanism_periodic_s392005_20260910_r1,B0_FIXED,train_daot_nuisance_sensitivity_doppler_rate,4,4,4,21,10.750112533569336,12.703729629516602,11.36496114730835,10.750112533569336
a1_mechanism_periodic_s392005_20260910_r1,B0_FIXED,train_daot_nuisance_sensitivity_multipath,4,4,4,21,10.622138977050781,12.613845825195312,11.286001920700073,10.622138977050781
a1_mechanism_periodic_s392005_20260910_r1,B0_FIXED,train_daot_nuisance_sensitivity_phase_noise,4,4,4,21,10.637636184692383,12.631715774536133,11.29588007926941,10.637636184692383
a1_mechanism_periodic_s392005_20260910_r1,B0_FIXED,train_daot_nuisance_sensitivity_sfo,4,4,4,21,10.626110076904297,12.631850242614746,11.298043489456177,10.626110076904297
a1_mechanism_periodic_s392005_20260910_r1,B0_FIXED,train_daot_nuisance_sensitivity_snr,4,4,4,21,10.61273193359375,12.646628379821777,11.293365716934204,10.61273193359375
a1_mechanism_periodic_s392005_20260910_r1,B0_FIXED,train_daot_nuisance_sensitivity_sto,4,4,4,21,10.662354469299316,12.650216102600098,11.322118759155273,10.662354469299316
a1_mechanism_periodic_s392005_20260910_r1,B0_FIXED,train_daot_objective_computed,200,200,180,21,0.0,1.0,0.9,1.0
a1_mechanism_periodic_s392005_20260910_r1,B0_FIXED,train_daot_orbit_dispersion,180,180,180,21,0.010617493528050479,0.15629188117344636,0.024984062836657897,0.010897571820899978
a1_mechanism_periodic_s392005_20260910_r1,B0_FIXED,train_daot_orbit_scale,200,200,180,21,0.0,1.0,0.8025,1.0
a1_mechanism_periodic_s392005_20260910_r1,B0_FIXED,train_daot_proto_input_available,200,200,0,,0.0,0.0,0.0,0.0
a1_mechanism_periodic_s392005_20260910_r1,B0_FIXED,train_daot_scale_batched_enabled,200,200,200,1,1.0,1.0,1.0,1.0
a1_mechanism_periodic_s392005_20260910_r1,B0_FIXED,train_daot_tangent_scale,200,200,140,61,0.0,1.0,0.5025,1.0
a1_mechanism_periodic_s392005_20260910_r1,B0_FIXED,train_daot_teacher_effective_views,180,180,180,21,1.9999841730873864,1.9999999989260424,1.999998623926241,1.9999988642898765
a1_mechanism_periodic_s392005_20260910_r1,B0_FIXED,train_daot_teacher_labeled_accuracy,180,180,180,21,0.8640202702702703,0.9869087837837838,0.9636034471971973,0.9834600225225225
a1_mechanism_periodic_s392005_20260910_r1,B0_FIXED,train_daot_teacher_labeled_confidence,180,180,180,21,0.913515289221798,0.9975956377682386,0.9885537321174944,0.9968412094288044
a1_mechanism_periodic_s392005_20260910_r1,B0_FIXED,train_daot_teacher_view_count,200,200,180,21,0.0,2.0,1.8,2.0
a1_mechanism_periodic_s392005_20260910_r1,B0_FIXED,train_daot_u_consensus_rate,180,180,180,21,0.5420935046565425,0.9552870030338699,0.8760159320211983,0.9528718486025527
a1_mechanism_periodic_s392005_20260910_r1,B0_FIXED,train_daot_u_logit_coverage,180,180,180,21,0.4726360016040974,0.9492055628750775,0.8611845126552685,0.9470515269953925
a1_mechanism_periodic_s392005_20260910_r1,B0_FIXED,train_daot_u_logit_weighted_contribution,200,200,180,21,0.0,0.08783767276720421,0.06162608930995784,0.07680012529866921
a1_mechanism_periodic_s392005_20260910_r1,B0_FIXED,train_daot_u_orbit_dispersion,180,180,180,21,0.008105579058866243,0.17491428198309633,0.023958322302043512,0.008344996043036247
a1_mechanism_periodic_s392005_20260910_r1,B0_FIXED,train_daot_u_orbit_scale,200,200,180,21,0.0,1.0,0.8025,1.0
a1_mechanism_periodic_s392005_20260910_r1,B0_FIXED,train_daot_worst_bucket_elevation,4,4,4,21,0.25,0.8125,0.5703125,0.8125
a1_mechanism_periodic_s392005_20260910_r1,B0_FIXED,train_daot_worst_bucket_snr,4,4,4,21,0.21875,0.8125,0.59375,0.8125
a1_mechanism_periodic_s392005_20260910_r1,B0_FIXED,train_dm_accept_local_component_class_coverage,200,200,0,,0.0,0.0,0.0,0.0
a1_mechanism_periodic_s392005_20260910_r1,B0_FIXED,train_ecrs_cross_rx_successful_steps,200,200,0,,0.0,0.0,0.0,0.0
a1_mechanism_periodic_s392005_20260910_r1,B0_FIXED,train_loss_cons_labeled,200,200,184,17,0.0,0.3247015325872748,0.19163263819239162,0.19770551801801803
a1_mechanism_periodic_s392005_20260910_r1,B0_FIXED,train_loss_daot_fingerprint,200,200,0,,0.0,0.0,0.0,0.0
a1_mechanism_periodic_s392005_20260910_r1,B0_FIXED,train_loss_daot_nuisance,200,200,180,21,0.0,0.6467135255938178,0.548001105635687,0.6092996326115754
a1_mechanism_periodic_s392005_20260910_r1,B0_FIXED,train_loss_daot_orbit_logit,200,200,180,21,0.0,14.139966593132362,6.6212856372251165,5.410389453441173
a1_mechanism_periodic_s392005_20260910_r1,B0_FIXED,train_loss_daot_orbit_proto,200,200,0,,0.0,0.0,0.0,0.0
a1_mechanism_periodic_s392005_20260910_r1,B0_FIXED,train_loss_daot_orbit_relation,200,200,0,,0.0,0.0,0.0,0.0
a1_mechanism_periodic_s392005_20260910_r1,B0_FIXED,train_loss_daot_orbit_z,200,200,180,21,0.0,0.33289667661931066,0.15133926642605583,0.15268274457068057
a1_mechanism_periodic_s392005_20260910_r1,B0_FIXED,train_loss_daot_tangent,200,200,0,,0.0,0.0,0.0,0.0
a1_mechanism_periodic_s392005_20260910_r1,B0_FIXED,train_loss_daot_total,200,200,180,21,0.0,0.840735773513983,0.6663046109521561,0.8316594593159787
a1_mechanism_periodic_s392005_20260910_r1,B0_FIXED,train_loss_daot_unlabeled,200,200,180,21,0.0,0.5746283484203322,0.45324594227099996,0.5645473577954747
a1_mechanism_periodic_s392005_20260910_r1,B0_FIXED,train_loss_group_ce_labeled,200,200,200,1,1.281271656287146,12.86574108536179,2.5888112659624833,1.611417741187521
a1_mechanism_periodic_s392005_20260910_r1,B0_FIXED,train_loss_sat_cls_labeled,200,200,121,80,0.0,3.6556579974513537,1.6565162749449645,2.5215422753160737
a1_mechanism_periodic_s392005_20260910_r1,B0_FIXED,train_loss_sat_cons_labeled,200,200,0,,0.0,0.0,0.0,0.0
a1_mechanism_periodic_s392005_20260910_r1,B0_FIXED,train_os_gradient_nonfinite_bundle,200,200,0,,0.0,0.0,0.0,0.0
a1_mechanism_periodic_s392005_20260910_r1,B0_FIXED,train_rc4_effective_weighted_coverage,200,200,180,21,0.0,0.15000000468513988,0.13496515188164807,0.15000000354405996
a1_mechanism_periodic_s392005_20260910_r1,B0_FIXED,train_rc4_hard_effective_coverage,200,200,180,21,0.0,0.15000000468513988,0.09660978449950873,0.022090549613265238
a1_mechanism_periodic_s392005_20260910_r1,B0_FIXED,train_rc4_negative_effective_coverage,200,200,0,,0.0,0.0,0.0,0.0
a1_mechanism_periodic_s392005_20260910_r1,B0_FIXED,train_rc4_partial_effective_coverage,200,200,159,21,0.0,0.1455913168621493,0.03835536575610536,0.12790945071626353
a1_mechanism_periodic_s392005_20260910_r1,B0_FIXED,train_sat_anchor_class_coverage,200,200,180,21,0.0,5.918918918918919,3.324527027027027,3.1486486486486487
a1_mechanism_periodic_s392005_20260910_r1,B0_FIXED,train_sat_anchor_receiver_coverage,200,200,180,21,0.0,5.0,4.051711711711712,2.9774774774774775
a1_mechanism_periodic_s392005_20260910_r1,B0_FIXED,train_skipped_nonfinite_grad,200,200,18,1,0.0,0.013513513513513514,0.000518018018018018,0.0
a1_mechanism_periodic_s392005_20260910_r1,B0_FIXED,train_skipped_nonfinite_loss,200,200,0,,0.0,0.0,0.0,0.0
a1_mechanism_periodic_s392005_20260910_r1,B0_FIXED,train_source_episode_local_component_coverage,181,181,181,20,1.0,1.0,1.0,1.0
a1_mechanism_periodic_s392005_20260910_r1,B0_FIXED,train_tail_rollback_cooldown_remaining,200,200,0,,0.0,0.0,0.0,0.0
a1_mechanism_periodic_s392005_20260910_r1,B0_FIXED,train_w_loss_cons_labeled,200,200,184,17,0.0,0.016297727017789275,0.01219296713133116,0.015816456562763936
a1_mechanism_periodic_s392005_20260910_r1,B0_FIXED,train_w_loss_group_ce_labeled,200,200,200,1,0.20500345988752874,1.0292592617842529,0.34583215556306734,0.25782683310896026
a1_mechanism_periodic_s392005_20260910_r1,B0_FIXED,train_w_loss_sat_cls_labeled,200,200,121,80,0.0,2.48584746248781,1.1264310782830096,1.7146487640875585
a1_mechanism_periodic_s392005_20260910_r1,B0_FIXED,train_w_loss_sat_cons_labeled,200,200,0,,0.0,0.0,0.0,0.0
a1_mechanism_periodic_s392005_20260910_r1,B0_FIXED,val_tx_acc,200,200,200,1,38.818518518518516,98.57407407407408,97.65244444444444,98.48518518518519
a1_mechanism_periodic_s392005_20260910_r1,B1_TAIL_LR,concat_sat_ce_weight,200,200,200,1,1.0,1.0,1.0,1.0
a1_mechanism_periodic_s392005_20260910_r1,B1_TAIL_LR,concat_sat_start_epoch,200,200,200,1,1.0,1.0,1.0,1.0
a1_mechanism_periodic_s392005_20260910_r1,B1_TAIL_LR,group_ce_top_frac,200,200,200,1,0.35,0.35,0.35,0.35
a1_mechanism_periodic_s392005_20260910_r1,B1_TAIL_LR,joint_guard_paic_cooldown_remaining,200,200,0,,0.0,0.0,0.0,0.0
a1_mechanism_periodic_s392005_20260910_r1,B1_TAIL_LR,lambda_cons,200,200,200,1,0.08,0.08,0.08,0.08
a1_mechanism_periodic_s392005_20260910_r1,B1_TAIL_LR,lambda_group_ce,200,200,200,1,0.16,0.16,0.16,0.16
a1_mechanism_periodic_s392005_20260910_r1,B1_TAIL_LR,loss_weight_group_ce,200,200,200,1,0.08,0.16,0.14577885253594247,0.16
a1_mechanism_periodic_s392005_20260910_r1,B1_TAIL_LR,lr,200,200,200,1,1e-05,0.0002,0.00010537500000000001,1e-05
a1_mechanism_periodic_s392005_20260910_r1,B1_TAIL_LR,nonfinite_test_metric_count,200,200,200,1,1.0,1.0,1.0,1.0
a1_mechanism_periodic_s392005_20260910_r1,B1_TAIL_LR,nonfinite_train_metric_count,200,200,200,1,4.0,4.0,4.0,4.0
a1_mechanism_periodic_s392005_20260910_r1,B1_TAIL_LR,nonfinite_val_metric_count,200,200,200,1,1.0,1.0,1.0,1.0
a1_mechanism_periodic_s392005_20260910_r1,B1_TAIL_LR,phase2_audit_imports_balanced_tx_rx_sampler,200,200,200,1,1.0,1.0,1.0,1.0
a1_mechanism_periodic_s392005_20260910_r1,B1_TAIL_LR,stage_group_ce_scale,200,200,200,1,0.5,1.0,0.9111178283496403,1.0
a1_mechanism_periodic_s392005_20260910_r1,B1_TAIL_LR,stage_source_val_sat_floor_tx,200,200,200,1,31.374074074074073,94.11481481481482,80.98351851851852,94.07777777777778
a1_mechanism_periodic_s392005_20260910_r1,B1_TAIL_LR,stage_source_val_sat_mean_tx,200,200,200,1,31.89506172839506,94.71728395061729,81.91845061728395,94.65185185185186
a1_mechanism_periodic_s392005_20260910_r1,B1_TAIL_LR,stage_tail_rollback_cooldown_remaining,200,200,0,,0.0,0.0,0.0,0.0
a1_mechanism_periodic_s392005_20260910_r1,B1_TAIL_LR,train_a1_ema_effective_decay,200,200,200,1,0.9900000000000023,0.9989999999999969,0.9972399999999989,0.9989999999999969
a1_mechanism_periodic_s392005_20260910_r1,B1_TAIL_LR,train_a1_ema_successful_updates,200,200,200,1,110.5,44269.5,22187.666193693694,44269.5
a1_mechanism_periodic_s392005_20260910_r1,B1_TAIL_LR,train_concat_sat_active,200,200,200,1,1.0,1.0,1.0,1.0
a1_mechanism_periodic_s392005_20260910_r1,B1_TAIL_LR,train_concat_sat_applied,200,200,200,1,0.23423423423423423,0.8558558558558559,0.6510135135135136,0.8198198198198198
a1_mechanism_periodic_s392005_20260910_r1,B1_TAIL_LR,train_concat_sat_clean_batch_size,200,200,200,1,128.0,128.0,128.0,128.0
a1_mechanism_periodic_s392005_20260910_r1,B1_TAIL_LR,train_concat_sat_expanded,200,200,0,,0.0,0.0,0.0,0.0
a1_mechanism_periodic_s392005_20260910_r1,B1_TAIL_LR,train_concat_sat_stage_index,200,200,160,41,0.0,2.0,1.35,2.0
a1_mechanism_periodic_s392005_20260910_r1,B1_TAIL_LR,train_concat_sat_stage_start_epoch,200,200,200,1,1.0,91.0,60.5,91.0
a1_mechanism_periodic_s392005_20260910_r1,B1_TAIL_LR,train_concat_sat_total_batch_size,200,200,200,1,128.0,128.0,128.0,128.0
a1_mechanism_periodic_s392005_20260910_r1,B1_TAIL_LR,train_concat_sat_view_prob,200,200,200,1,0.29999999999999877,0.8000000000000016,0.65,0.8000000000000016
a1_mechanism_periodic_s392005_20260910_r1,B1_TAIL_LR,train_daot_batched_view_count,200,200,180,21,0.0,1.0,0.9,1.0
a1_mechanism_periodic_s392005_20260910_r1,B1_TAIL_LR,train_daot_clean_teacher_weight,180,180,180,21,0.4999904134520539,0.5000098685960512,0.5000001094228512,0.5000024859432701
a1_mechanism_periodic_s392005_20260910_r1,B1_TAIL_LR,train_daot_consensus_rate,180,180,180,21,0.5485993806306306,0.9533713400900901,0.8668920873999,0.9514006193693694
a1_mechanism_periodic_s392005_20260910_r1,B1_TAIL_LR,train_daot_fingerprint_selectivity,180,180,0,,0.0,0.0,0.0,0.0
a1_mechanism_periodic_s392005_20260910_r1,B1_TAIL_LR,train_daot_fingerprint_sensitivity,180,180,0,,0.0,0.0,0.0,0.0
a1_mechanism_periodic_s392005_20260910_r1,B1_TAIL_LR,train_daot_grad_ratio_fingerprint,4,4,0,,0.0,0.0,0.0,0.0
a1_mechanism_periodic_s392005_20260910_r1,B1_TAIL_LR,train_daot_grad_ratio_nuisance,4,4,4,21,6.812572740334877e-09,1.4268494509326085e-08,1.0354994679850002e-08,1.0086487977823951e-08
a1_mechanism_periodic_s392005_20260910_r1,B1_TAIL_LR,train_daot_grad_ratio_orbit_logit,4,4,4,21,3.797186889097795,12.116382421905403,7.978102597875953,3.797186889097795
a1_mechanism_periodic_s392005_20260910_r1,B1_TAIL_LR,train_daot_grad_ratio_orbit_proto,4,4,0,,0.0,0.0,0.0,0.0
a1_mechanism_periodic_s392005_20260910_r1,B1_TAIL_LR,train_daot_grad_ratio_orbit_relation,4,4,0,,0.0,0.0,0.0,0.0
a1_mechanism_periodic_s392005_20260910_r1,B1_TAIL_LR,train_daot_grad_ratio_orbit_z,4,4,4,21,0.01898909004399649,0.036772469742945194,0.02882988535465474,0.01898909004399649
a1_mechanism_periodic_s392005_20260910_r1,B1_TAIL_LR,train_daot_grad_ratio_tangent,4,4,0,,0.0,0.0,0.0,0.0
a1_mechanism_periodic_s392005_20260910_r1,B1_TAIL_LR,train_daot_identity_only_used,200,200,180,21,0.0,1.0,0.9,1.0
a1_mechanism_periodic_s392005_20260910_r1,B1_TAIL_LR,train_daot_logit_coverage,180,180,180,21,0.4477417340149751,0.9464777482522501,0.8471578260572317,0.9444887584394163
a1_mechanism_periodic_s392005_20260910_r1,B1_TAIL_LR,train_daot_logit_coverage_weighting,200,200,0,,0.0,0.0,0.0,0.0
a1_mechanism_periodic_s392005_20260910_r1,B1_TAIL_LR,train_daot_logit_weighted_contribution,200,200,180,21,0.0,0.32588998711592443,0.2554835033445485,0.3199017625805494
a1_mechanism_periodic_s392005_20260910_r1,B1_TAIL_LR,train_daot_loss_scale_fingerprint,180,180,180,21,1.0,1.0,1.0,1.0
a1_mechanism_periodic_s392005_20260910_r1,B1_TAIL_LR,train_daot_loss_scale_nuisance,180,180,180,21,1.0,1.0,1.0,1.0
a1_mechanism_periodic_s392005_20260910_r1,B1_TAIL_LR,train_daot_loss_scale_orbit_logit,180,180,180,21,2.7906330903856107,9.070393006031317,4.392193998653446,2.808570848726057
a1_mechanism_periodic_s392005_20260910_r1,B1_TAIL_LR,train_daot_loss_scale_orbit_proto,180,180,180,21,1.0,1.0,1.0,1.0
a1_mechanism_periodic_s392005_20260910_r1,B1_TAIL_LR,train_daot_loss_scale_orbit_relation,180,180,180,21,1.0,1.0,1.0,1.0
a1_mechanism_periodic_s392005_20260910_r1,B1_TAIL_LR,train_daot_loss_scale_orbit_z,180,180,180,21,0.14291578610048966,0.3337145500302909,0.16069051482773664,0.14349352688558684
a1_mechanism_periodic_s392005_20260910_r1,B1_TAIL_LR,train_daot_loss_scale_tangent,180,180,180,21,1.0,1.0,1.0,1.0
a1_mechanism_periodic_s392005_20260910_r1,B1_TAIL_LR,train_daot_mean_metadata_skip_enabled,200,200,200,1,1.0,1.0,1.0,1.0
a1_mechanism_periodic_s392005_20260910_r1,B1_TAIL_LR,train_daot_nuisance_sensitivity,180,180,0,,0.0,0.0,0.0,0.0
a1_mechanism_periodic_s392005_20260910_r1,B1_TAIL_LR,train_daot_nuisance_sensitivity_agc,4,4,4,21,10.40493392944336,12.78274917602539,11.230146408081055,10.40493392944336
a1_mechanism_periodic_s392005_20260910_r1,B1_TAIL_LR,train_daot_nuisance_sensitivity_doppler,4,4,4,21,10.707479476928711,13.382312774658203,11.567963361740112,10.707479476928711
a1_mechanism_periodic_s392005_20260910_r1,B1_TAIL_LR,train_daot_nuisance_sensitivity_doppler_rate,4,4,4,21,10.41836166381836,12.840538024902344,11.278091669082642,10.41836166381836
a1_mechanism_periodic_s392005_20260910_r1,B1_TAIL_LR,train_daot_nuisance_sensitivity_multipath,4,4,4,21,10.409611701965332,12.73907470703125,11.219327449798584,10.409611701965332
a1_mechanism_periodic_s392005_20260910_r1,B1_TAIL_LR,train_daot_nuisance_sensitivity_phase_noise,4,4,4,21,10.425329208374023,12.753593444824219,11.224584579467773,10.425329208374023
a1_mechanism_periodic_s392005_20260910_r1,B1_TAIL_LR,train_daot_nuisance_sensitivity_sfo,4,4,4,21,10.409326553344727,12.769218444824219,11.22831416130066,10.409326553344727
a1_mechanism_periodic_s392005_20260910_r1,B1_TAIL_LR,train_daot_nuisance_sensitivity_snr,4,4,4,21,10.405851364135742,12.782485008239746,11.226988315582275,10.405851364135742
a1_mechanism_periodic_s392005_20260910_r1,B1_TAIL_LR,train_daot_nuisance_sensitivity_sto,4,4,4,21,10.422922134399414,12.783218383789062,11.23191237449646,10.422922134399414
a1_mechanism_periodic_s392005_20260910_r1,B1_TAIL_LR,train_daot_objective_computed,200,200,180,21,0.0,1.0,0.9,1.0
a1_mechanism_periodic_s392005_20260910_r1,B1_TAIL_LR,train_daot_orbit_dispersion,180,180,180,21,0.007905691787642468,0.15352734289056547,0.022453663949491092,0.00823508317032745
a1_mechanism_periodic_s392005_20260910_r1,B1_TAIL_LR,train_daot_orbit_scale,200,200,180,21,0.0,1.0,0.8025,1.0
a1_mechanism_periodic_s392005_20260910_r1,B1_TAIL_LR,train_daot_proto_input_available,200,200,0,,0.0,0.0,0.0,0.0
a1_mechanism_periodic_s392005_20260910_r1,B1_TAIL_LR,train_daot_scale_batched_enabled,200,200,200,1,1.0,1.0,1.0,1.0
a1_mechanism_periodic_s392005_20260910_r1,B1_TAIL_LR,train_daot_tangent_scale,200,200,140,61,0.0,1.0,0.5025,1.0
a1_mechanism_periodic_s392005_20260910_r1,B1_TAIL_LR,train_daot_teacher_effective_views,180,180,180,21,1.9999841795311317,1.9999999983890637,1.9999984481044717,1.9999975610423733
a1_mechanism_periodic_s392005_20260910_r1,B1_TAIL_LR,train_daot_teacher_labeled_accuracy,180,180,180,21,0.8681728603603603,0.9899352477477478,0.9660762324824825,0.9865216779279279
a1_mechanism_periodic_s392005_20260910_r1,B1_TAIL_LR,train_daot_teacher_labeled_confidence,180,180,180,21,0.9156247479421599,0.9979751872586774,0.9891546849769216,0.9975930723521087
a1_mechanism_periodic_s392005_20260910_r1,B1_TAIL_LR,train_daot_teacher_view_count,200,200,180,21,0.0,2.0,1.8,2.0
a1_mechanism_periodic_s392005_20260910_r1,B1_TAIL_LR,train_daot_u_consensus_rate,180,180,180,21,0.5524573841610471,0.9659136831760406,0.8842168969628927,0.9642750108027244
a1_mechanism_periodic_s392005_20260910_r1,B1_TAIL_LR,train_daot_u_logit_coverage,180,180,180,21,0.4826933087797852,0.9610149250911163,0.8699063221695604,0.9595815010435946
a1_mechanism_periodic_s392005_20260910_r1,B1_TAIL_LR,train_daot_u_logit_weighted_contribution,200,200,180,21,0.0,0.08593513751150789,0.061610166561395986,0.07722786141911873
a1_mechanism_periodic_s392005_20260910_r1,B1_TAIL_LR,train_daot_u_orbit_dispersion,180,180,180,21,0.005783945798185897,0.17144722035070797,0.021443322986663033,0.005957181988124576
a1_mechanism_periodic_s392005_20260910_r1,B1_TAIL_LR,train_daot_u_orbit_scale,200,200,180,21,0.0,1.0,0.8025,1.0
a1_mechanism_periodic_s392005_20260910_r1,B1_TAIL_LR,train_daot_worst_bucket_elevation,4,4,4,21,0.21875,0.875,0.6171875,0.875
a1_mechanism_periodic_s392005_20260910_r1,B1_TAIL_LR,train_daot_worst_bucket_snr,4,4,4,21,0.25,0.875,0.6171875,0.875
a1_mechanism_periodic_s392005_20260910_r1,B1_TAIL_LR,train_dm_accept_local_component_class_coverage,200,200,0,,0.0,0.0,0.0,0.0
a1_mechanism_periodic_s392005_20260910_r1,B1_TAIL_LR,train_ecrs_cross_rx_successful_steps,200,200,0,,0.0,0.0,0.0,0.0
a1_mechanism_periodic_s392005_20260910_r1,B1_TAIL_LR,train_loss_cons_labeled,200,200,184,17,0.0,0.3177952122043919,0.18847462147205798,0.19332583315737611
a1_mechanism_periodic_s392005_20260910_r1,B1_TAIL_LR,train_loss_daot_fingerprint,200,200,0,,0.0,0.0,0.0,0.0
a1_mechanism_periodic_s392005_20260910_r1,B1_TAIL_LR,train_loss_daot_nuisance,200,200,180,21,0.0,0.6315555953764701,0.546450021722698,0.6038195219662812
a1_mechanism_periodic_s392005_20260910_r1,B1_TAIL_LR,train_loss_daot_orbit_logit,200,200,180,21,0.0,14.377408914737874,6.29955863133744,4.514485515989699
a1_mechanism_periodic_s392005_20260910_r1,B1_TAIL_LR,train_loss_daot_orbit_proto,200,200,0,,0.0,0.0,0.0,0.0
a1_mechanism_periodic_s392005_20260910_r1,B1_TAIL_LR,train_loss_daot_orbit_relation,200,200,0,,0.0,0.0,0.0,0.0
a1_mechanism_periodic_s392005_20260910_r1,B1_TAIL_LR,train_loss_daot_orbit_z,200,200,180,21,0.0,0.3336939676790624,0.14735343395371558,0.14669490028340537
a1_mechanism_periodic_s392005_20260910_r1,B1_TAIL_LR,train_loss_daot_tangent,200,200,0,,0.0,0.0,0.0,0.0
a1_mechanism_periodic_s392005_20260910_r1,B1_TAIL_LR,train_loss_daot_total,200,200,180,21,0.0,0.8399433039867126,0.665760673153663,0.8309735784659514
a1_mechanism_periodic_s392005_20260910_r1,B1_TAIL_LR,train_loss_daot_unlabeled,200,200,180,21,0.0,0.5741838785979125,0.45368230271423743,0.5663486153961302
a1_mechanism_periodic_s392005_20260910_r1,B1_TAIL_LR,train_loss_group_ce_labeled,200,200,200,1,1.0879955584737095,12.865518535579646,2.503804224782732,1.3997859394026768
a1_mechanism_periodic_s392005_20260910_r1,B1_TAIL_LR,train_loss_sat_cls_labeled,200,200,121,80,0.0,3.4906415360453247,1.4907987459918584,2.0873218981616266
a1_mechanism_periodic_s392005_20260910_r1,B1_TAIL_LR,train_loss_sat_cons_labeled,200,200,0,,0.0,0.0,0.0,0.0
a1_mechanism_periodic_s392005_20260910_r1,B1_TAIL_LR,train_os_gradient_nonfinite_bundle,200,200,0,,0.0,0.0,0.0,0.0
a1_mechanism_periodic_s392005_20260910_r1,B1_TAIL_LR,train_rc4_effective_weighted_coverage,200,200,180,21,0.0,0.15000000461801752,0.1350000034450545,0.15000000354405996
a1_mechanism_periodic_s392005_20260910_r1,B1_TAIL_LR,train_rc4_hard_effective_coverage,200,200,180,21,0.0,0.15000000441665048,0.11635825051008913,0.13310230499855033
a1_mechanism_periodic_s392005_20260910_r1,B1_TAIL_LR,train_rc4_negative_effective_coverage,200,200,0,,0.0,0.0,0.0,0.0
a1_mechanism_periodic_s392005_20260910_r1,B1_TAIL_LR,train_rc4_partial_effective_coverage,200,200,137,21,0.0,0.1424054414839358,0.018641751778130555,0.016897696348694823
a1_mechanism_periodic_s392005_20260910_r1,B1_TAIL_LR,train_sat_anchor_class_coverage,200,200,180,21,0.0,5.936936936936937,3.3176126126126126,3.90990990990991
a1_mechanism_periodic_s392005_20260910_r1,B1_TAIL_LR,train_sat_anchor_receiver_coverage,200,200,180,21,0.0,5.0,4.329887387387387,5.0
a1_mechanism_periodic_s392005_20260910_r1,B1_TAIL_LR,train_skipped_nonfinite_grad,200,200,17,1,0.0,0.013513513513513514,0.0004504504504504504,0.0
a1_mechanism_periodic_s392005_20260910_r1,B1_TAIL_LR,train_skipped_nonfinite_loss,200,200,0,,0.0,0.0,0.0,0.0
a1_mechanism_periodic_s392005_20260910_r1,B1_TAIL_LR,train_source_episode_local_component_coverage,181,181,181,20,1.0,1.0,1.0,1.0
a1_mechanism_periodic_s392005_20260910_r1,B1_TAIL_LR,train_tail_rollback_cooldown_remaining,200,200,0,,0.0,0.0,0.0,0.0
a1_mechanism_periodic_s392005_20260910_r1,B1_TAIL_LR,train_w_loss_cons_labeled,200,200,184,17,0.0,0.015928285615938204,0.01196545918782552,0.015466123013883023
a1_mechanism_periodic_s392005_20260910_r1,B1_TAIL_LR,train_w_loss_group_ce_labeled,200,200,200,1,0.17407928468441372,1.029241460669148,0.3322477058726699,0.22396574476482095
a1_mechanism_periodic_s392005_20260910_r1,B1_TAIL_LR,train_w_loss_sat_cls_labeled,200,200,121,80,0.0,2.3736362697867057,1.0137431576569027,1.4193789024432484
a1_mechanism_periodic_s392005_20260910_r1,B1_TAIL_LR,train_w_loss_sat_cons_labeled,200,200,0,,0.0,0.0,0.0,0.0
a1_mechanism_periodic_s392005_20260910_r1,B1_TAIL_LR,val_tx_acc,200,200,200,1,39.05185185185185,98.56296296296296,97.68401851851851,98.5037037037037
a1_mechanism_periodic_s392005_20260910_r1,B2_RC4_WEIGHT,concat_sat_ce_weight,200,200,200,1,1.0,1.0,1.0,1.0
a1_mechanism_periodic_s392005_20260910_r1,B2_RC4_WEIGHT,concat_sat_start_epoch,200,200,200,1,1.0,1.0,1.0,1.0
a1_mechanism_periodic_s392005_20260910_r1,B2_RC4_WEIGHT,group_ce_top_frac,200,200,200,1,0.35,0.35,0.35,0.35
a1_mechanism_periodic_s392005_20260910_r1,B2_RC4_WEIGHT,joint_guard_paic_cooldown_remaining,200,200,0,,0.0,0.0,0.0,0.0
a1_mechanism_periodic_s392005_20260910_r1,B2_RC4_WEIGHT,lambda_cons,200,200,200,1,0.08,0.08,0.08,0.08
a1_mechanism_periodic_s392005_20260910_r1,B2_RC4_WEIGHT,lambda_group_ce,200,200,200,1,0.16,0.16,0.16,0.16
a1_mechanism_periodic_s392005_20260910_r1,B2_RC4_WEIGHT,loss_weight_group_ce,200,200,200,1,0.08,0.16,0.14577885253594247,0.16
a1_mechanism_periodic_s392005_20260910_r1,B2_RC4_WEIGHT,lr,200,200,200,1,1.0000000000000002e-06,0.0002,8.875000000000002e-05,1.0000000000000002e-06
a1_mechanism_periodic_s392005_20260910_r1,B2_RC4_WEIGHT,nonfinite_test_metric_count,200,200,200,1,1.0,1.0,1.0,1.0
a1_mechanism_periodic_s392005_20260910_r1,B2_RC4_WEIGHT,nonfinite_train_metric_count,200,200,200,1,4.0,4.0,4.0,4.0
a1_mechanism_periodic_s392005_20260910_r1,B2_RC4_WEIGHT,nonfinite_val_metric_count,200,200,200,1,1.0,1.0,1.0,1.0
a1_mechanism_periodic_s392005_20260910_r1,B2_RC4_WEIGHT,phase2_audit_imports_balanced_tx_rx_sampler,200,200,200,1,1.0,1.0,1.0,1.0
a1_mechanism_periodic_s392005_20260910_r1,B2_RC4_WEIGHT,stage_group_ce_scale,200,200,200,1,0.5,1.0,0.9111178283496403,1.0
a1_mechanism_periodic_s392005_20260910_r1,B2_RC4_WEIGHT,stage_source_val_sat_floor_tx,200,200,200,1,31.396296296296295,92.43333333333334,80.22366666666667,92.43333333333334
a1_mechanism_periodic_s392005_20260910_r1,B2_RC4_WEIGHT,stage_source_val_sat_mean_tx,200,200,200,1,31.991358024691362,93.25185185185184,81.22767901234567,93.2493827160494
a1_mechanism_periodic_s392005_20260910_r1,B2_RC4_WEIGHT,stage_tail_rollback_cooldown_remaining,200,200,0,,0.0,0.0,0.0,0.0
a1_mechanism_periodic_s392005_20260910_r1,B2_RC4_WEIGHT,train_a1_ema_effective_decay,200,200,200,1,0.9900000000000023,0.9989999999999969,0.9972399999999989,0.9989999999999969
a1_mechanism_periodic_s392005_20260910_r1,B2_RC4_WEIGHT,train_a1_ema_successful_updates,200,200,200,1,110.5,44267.5,22186.08132882883,44267.5
a1_mechanism_periodic_s392005_20260910_r1,B2_RC4_WEIGHT,train_concat_sat_active,200,200,200,1,1.0,1.0,1.0,1.0
a1_mechanism_periodic_s392005_20260910_r1,B2_RC4_WEIGHT,train_concat_sat_applied,200,200,200,1,0.23423423423423423,0.8558558558558559,0.6510135135135136,0.8198198198198198
a1_mechanism_periodic_s392005_20260910_r1,B2_RC4_WEIGHT,train_concat_sat_clean_batch_size,200,200,200,1,128.0,128.0,128.0,128.0
a1_mechanism_periodic_s392005_20260910_r1,B2_RC4_WEIGHT,train_concat_sat_expanded,200,200,0,,0.0,0.0,0.0,0.0
a1_mechanism_periodic_s392005_20260910_r1,B2_RC4_WEIGHT,train_concat_sat_stage_index,200,200,160,41,0.0,2.0,1.35,2.0
a1_mechanism_periodic_s392005_20260910_r1,B2_RC4_WEIGHT,train_concat_sat_stage_start_epoch,200,200,200,1,1.0,91.0,60.5,91.0
a1_mechanism_periodic_s392005_20260910_r1,B2_RC4_WEIGHT,train_concat_sat_total_batch_size,200,200,200,1,128.0,128.0,128.0,128.0
a1_mechanism_periodic_s392005_20260910_r1,B2_RC4_WEIGHT,train_concat_sat_view_prob,200,200,200,1,0.29999999999999877,0.8000000000000016,0.65,0.8000000000000016
a1_mechanism_periodic_s392005_20260910_r1,B2_RC4_WEIGHT,train_daot_batched_view_count,200,200,180,21,0.0,1.0,0.9,1.0
a1_mechanism_periodic_s392005_20260910_r1,B2_RC4_WEIGHT,train_daot_clean_teacher_weight,180,180,180,21,0.499994942465344,0.5000054919504905,0.4999997062077215,0.5000000488650691
a1_mechanism_periodic_s392005_20260910_r1,B2_RC4_WEIGHT,train_daot_consensus_rate,180,180,180,21,0.5467342342342343,0.9400337837837838,0.8587851523398399,0.9374296171171171
a1_mechanism_periodic_s392005_20260910_r1,B2_RC4_WEIGHT,train_daot_fingerprint_selectivity,180,180,0,,0.0,0.0,0.0,0.0
a1_mechanism_periodic_s392005_20260910_r1,B2_RC4_WEIGHT,train_daot_fingerprint_sensitivity,180,180,0,,0.0,0.0,0.0,0.0
a1_mechanism_periodic_s392005_20260910_r1,B2_RC4_WEIGHT,train_daot_grad_ratio_fingerprint,4,4,0,,0.0,0.0,0.0,0.0
a1_mechanism_periodic_s392005_20260910_r1,B2_RC4_WEIGHT,train_daot_grad_ratio_nuisance,4,4,4,21,6.698955570677169e-09,1.0231756093436272e-08,8.64291297596717e-09,6.698955570677169e-09
a1_mechanism_periodic_s392005_20260910_r1,B2_RC4_WEIGHT,train_daot_grad_ratio_orbit_logit,4,4,4,21,5.004289068888627,11.28460529198509,8.283782093512244,5.004289068888627
a1_mechanism_periodic_s392005_20260910_r1,B2_RC4_WEIGHT,train_daot_grad_ratio_orbit_proto,4,4,0,,0.0,0.0,0.0,0.0
a1_mechanism_periodic_s392005_20260910_r1,B2_RC4_WEIGHT,train_daot_grad_ratio_orbit_relation,4,4,0,,0.0,0.0,0.0,0.0
a1_mechanism_periodic_s392005_20260910_r1,B2_RC4_WEIGHT,train_daot_grad_ratio_orbit_z,4,4,4,21,0.01847585550731795,0.05592764836004833,0.03305431321689462,0.01847585550731795
a1_mechanism_periodic_s392005_20260910_r1,B2_RC4_WEIGHT,train_daot_grad_ratio_tangent,4,4,0,,0.0,0.0,0.0,0.0
a1_mechanism_periodic_s392005_20260910_r1,B2_RC4_WEIGHT,train_daot_identity_only_used,200,200,180,21,0.0,1.0,0.9,1.0
a1_mechanism_periodic_s392005_20260910_r1,B2_RC4_WEIGHT,train_daot_logit_coverage,180,180,180,21,0.4458200816098634,0.9315939199280094,0.8380443999004942,0.928917800252502
a1_mechanism_periodic_s392005_20260910_r1,B2_RC4_WEIGHT,train_daot_logit_coverage_weighting,200,200,0,,0.0,0.0,0.0,0.0
a1_mechanism_periodic_s392005_20260910_r1,B2_RC4_WEIGHT,train_daot_logit_weighted_contribution,200,200,180,21,0.0,0.3253107824035593,0.2553952787703046,0.32031447010802794
a1_mechanism_periodic_s392005_20260910_r1,B2_RC4_WEIGHT,train_daot_loss_scale_fingerprint,180,180,180,21,1.0,1.0,1.0,1.0
a1_mechanism_periodic_s392005_20260910_r1,B2_RC4_WEIGHT,train_daot_loss_scale_nuisance,180,180,180,21,1.0,1.0,1.0,1.0
a1_mechanism_periodic_s392005_20260910_r1,B2_RC4_WEIGHT,train_daot_loss_scale_orbit_logit,180,180,180,21,3.270540669669253,9.402458154207471,4.654968129556789,3.375303138175192
a1_mechanism_periodic_s392005_20260910_r1,B2_RC4_WEIGHT,train_daot_loss_scale_orbit_proto,180,180,180,21,1.0,1.0,1.0,1.0
a1_mechanism_periodic_s392005_20260910_r1,B2_RC4_WEIGHT,train_daot_loss_scale_orbit_relation,180,180,180,21,1.0,1.0,1.0,1.0
a1_mechanism_periodic_s392005_20260910_r1,B2_RC4_WEIGHT,train_daot_loss_scale_orbit_z,180,180,180,21,0.14683317432172066,0.3374551585207482,0.16243354654338762,0.14754181231915825
a1_mechanism_periodic_s392005_20260910_r1,B2_RC4_WEIGHT,train_daot_loss_scale_tangent,180,180,180,21,1.0,1.0,1.0,1.0
a1_mechanism_periodic_s392005_20260910_r1,B2_RC4_WEIGHT,train_daot_mean_metadata_skip_enabled,200,200,200,1,1.0,1.0,1.0,1.0
a1_mechanism_periodic_s392005_20260910_r1,B2_RC4_WEIGHT,train_daot_nuisance_sensitivity,180,180,0,,0.0,0.0,0.0,0.0
a1_mechanism_periodic_s392005_20260910_r1,B2_RC4_WEIGHT,train_daot_nuisance_sensitivity_agc,4,4,4,21,10.65633773803711,12.889474868774414,11.358770847320557,10.65633773803711
a1_mechanism_periodic_s392005_20260910_r1,B2_RC4_WEIGHT,train_daot_nuisance_sensitivity_doppler,4,4,4,21,10.945985794067383,13.28783893585205,11.6729257106781,10.945985794067383
a1_mechanism_periodic_s392005_20260910_r1,B2_RC4_WEIGHT,train_daot_nuisance_sensitivity_doppler_rate,4,4,4,21,10.771416664123535,12.942831039428711,11.43904423713684,10.771416664123535
a1_mechanism_periodic_s392005_20260910_r1,B2_RC4_WEIGHT,train_daot_nuisance_sensitivity_multipath,4,4,4,21,10.66484260559082,12.856874465942383,11.355766534805298,10.66484260559082
a1_mechanism_periodic_s392005_20260910_r1,B2_RC4_WEIGHT,train_daot_nuisance_sensitivity_phase_noise,4,4,4,21,10.660882949829102,12.860904693603516,11.351067781448364,10.660882949829102
a1_mechanism_periodic_s392005_20260910_r1,B2_RC4_WEIGHT,train_daot_nuisance_sensitivity_sfo,4,4,4,21,10.663457870483398,12.862043380737305,11.357469320297241,10.663457870483398
a1_mechanism_periodic_s392005_20260910_r1,B2_RC4_WEIGHT,train_daot_nuisance_sensitivity_snr,4,4,4,21,10.65554428100586,12.863780975341797,11.354928731918335,10.65554428100586
a1_mechanism_periodic_s392005_20260910_r1,B2_RC4_WEIGHT,train_daot_nuisance_sensitivity_sto,4,4,4,21,10.678213119506836,12.840340614318848,11.346132278442383,10.678213119506836
a1_mechanism_periodic_s392005_20260910_r1,B2_RC4_WEIGHT,train_daot_objective_computed,200,200,180,21,0.0,1.0,0.9,1.0
a1_mechanism_periodic_s392005_20260910_r1,B2_RC4_WEIGHT,train_daot_orbit_dispersion,180,180,180,21,0.01004480903649384,0.1537681903925028,0.023274352253190717,0.010342886727009606
a1_mechanism_periodic_s392005_20260910_r1,B2_RC4_WEIGHT,train_daot_orbit_scale,200,200,180,21,0.0,1.0,0.8025,1.0
a1_mechanism_periodic_s392005_20260910_r1,B2_RC4_WEIGHT,train_daot_proto_input_available,200,200,0,,0.0,0.0,0.0,0.0
a1_mechanism_periodic_s392005_20260910_r1,B2_RC4_WEIGHT,train_daot_scale_batched_enabled,200,200,200,1,1.0,1.0,1.0,1.0
a1_mechanism_periodic_s392005_20260910_r1,B2_RC4_WEIGHT,train_daot_tangent_scale,200,200,140,61,0.0,1.0,0.5025,1.0
a1_mechanism_periodic_s392005_20260910_r1,B2_RC4_WEIGHT,train_daot_teacher_effective_views,180,180,180,21,1.9999979933102925,2.0,1.9999990492969661,1.9999989480585665
a1_mechanism_periodic_s392005_20260910_r1,B2_RC4_WEIGHT,train_daot_teacher_labeled_accuracy,180,180,180,21,0.8670115427927928,0.9875774211711712,0.9639921171171172,0.9833544481981982
a1_mechanism_periodic_s392005_20260910_r1,B2_RC4_WEIGHT,train_daot_teacher_labeled_confidence,180,180,180,21,0.9143243054817388,0.9975218861489683,0.9886873552100258,0.9964866681141896
a1_mechanism_periodic_s392005_20260910_r1,B2_RC4_WEIGHT,train_daot_teacher_view_count,200,200,180,21,0.0,2.0,1.8,2.0
a1_mechanism_periodic_s392005_20260910_r1,B2_RC4_WEIGHT,train_daot_u_consensus_rate,180,180,180,21,0.5503305723001292,0.9549350886194555,0.8773501984886938,0.9527651391050838
a1_mechanism_periodic_s392005_20260910_r1,B2_RC4_WEIGHT,train_daot_u_logit_coverage,180,180,180,21,0.4802625341726853,0.9488721586562492,0.8621414345656488,0.9468725288773442
a1_mechanism_periodic_s392005_20260910_r1,B2_RC4_WEIGHT,train_daot_u_logit_weighted_contribution,200,200,180,21,0.0,0.08708075383627736,0.06182060721303339,0.07704950733160651
a1_mechanism_periodic_s392005_20260910_r1,B2_RC4_WEIGHT,train_daot_u_orbit_dispersion,180,180,180,21,0.007666641637590622,0.17231231108979062,0.022291131194074262,0.007917943485039245
a1_mechanism_periodic_s392005_20260910_r1,B2_RC4_WEIGHT,train_daot_u_orbit_scale,200,200,180,21,0.0,1.0,0.8025,1.0
a1_mechanism_periodic_s392005_20260910_r1,B2_RC4_WEIGHT,train_daot_worst_bucket_elevation,4,4,4,21,0.21875,0.8125,0.5859375,0.8125
a1_mechanism_periodic_s392005_20260910_r1,B2_RC4_WEIGHT,train_daot_worst_bucket_snr,4,4,4,21,0.25,0.84375,0.6328125,0.84375
a1_mechanism_periodic_s392005_20260910_r1,B2_RC4_WEIGHT,train_dm_accept_local_component_class_coverage,200,200,0,,0.0,0.0,0.0,0.0
a1_mechanism_periodic_s392005_20260910_r1,B2_RC4_WEIGHT,train_ecrs_cross_rx_successful_steps,200,200,0,,0.0,0.0,0.0,0.0
a1_mechanism_periodic_s392005_20260910_r1,B2_RC4_WEIGHT,train_loss_cons_labeled,200,200,184,17,0.0,0.3214501733178491,0.18973451081696932,0.19583707242398649
a1_mechanism_periodic_s392005_20260910_r1,B2_RC4_WEIGHT,train_loss_daot_fingerprint,200,200,0,,0.0,0.0,0.0,0.0
a1_mechanism_periodic_s392005_20260910_r1,B2_RC4_WEIGHT,train_loss_daot_nuisance,200,200,180,21,0.0,0.6517745178562027,0.5550638823432696,0.6097156067152281
a1_mechanism_periodic_s392005_20260910_r1,B2_RC4_WEIGHT,train_loss_daot_orbit_logit,200,200,180,21,0.0,14.48202109766436,6.672644773858625,5.425808202039014
a1_mechanism_periodic_s392005_20260910_r1,B2_RC4_WEIGHT,train_loss_daot_orbit_proto,200,200,0,,0.0,0.0,0.0,0.0
a1_mechanism_periodic_s392005_20260910_r1,B2_RC4_WEIGHT,train_loss_daot_orbit_relation,200,200,0,,0.0,0.0,0.0,0.0
a1_mechanism_periodic_s392005_20260910_r1,B2_RC4_WEIGHT,train_loss_daot_orbit_z,200,200,180,21,0.0,0.3361241255660315,0.14892959776292514,0.15095971981147388
a1_mechanism_periodic_s392005_20260910_r1,B2_RC4_WEIGHT,train_loss_daot_tangent,200,200,0,,0.0,0.0,0.0,0.0
a1_mechanism_periodic_s392005_20260910_r1,B2_RC4_WEIGHT,train_loss_daot_total,200,200,180,21,0.0,0.8392157621748813,0.6656230801010194,0.8318017468796121
a1_mechanism_periodic_s392005_20260910_r1,B2_RC4_WEIGHT,train_loss_daot_unlabeled,200,200,180,21,0.0,0.5755045387122009,0.4539508183232324,0.5656853720948503
a1_mechanism_periodic_s392005_20260910_r1,B2_RC4_WEIGHT,train_loss_group_ce_labeled,200,200,200,1,1.2672413877538733,12.866209622975942,2.587406920335079,1.628093334200146
a1_mechanism_periodic_s392005_20260910_r1,B2_RC4_WEIGHT,train_loss_sat_cls_labeled,200,200,121,80,0.0,3.668031486577715,1.6664459017078315,2.553824890870601
a1_mechanism_periodic_s392005_20260910_r1,B2_RC4_WEIGHT,train_loss_sat_cons_labeled,200,200,0,,0.0,0.0,0.0,0.0
a1_mechanism_periodic_s392005_20260910_r1,B2_RC4_WEIGHT,train_os_gradient_nonfinite_bundle,200,200,0,,0.0,0.0,0.0,0.0
a1_mechanism_periodic_s392005_20260910_r1,B2_RC4_WEIGHT,train_rc4_effective_weighted_coverage,200,200,180,21,0.0,0.15000000475226222,0.13500000341585627,0.15000000394679405
a1_mechanism_periodic_s392005_20260910_r1,B2_RC4_WEIGHT,train_rc4_hard_effective_coverage,200,200,180,21,0.0,0.15000000508787395,0.10216598194372013,0.009015952322950906
a1_mechanism_periodic_s392005_20260910_r1,B2_RC4_WEIGHT,train_rc4_negative_effective_coverage,200,200,0,,0.0,0.0,0.0,0.0
a1_mechanism_periodic_s392005_20260910_r1,B2_RC4_WEIGHT,train_rc4_partial_effective_coverage,200,200,114,21,0.0,0.14195537510084677,0.03283402003864387,0.14098404871450887
a1_mechanism_periodic_s392005_20260910_r1,B2_RC4_WEIGHT,train_sat_anchor_class_coverage,200,200,180,21,0.0,5.427927927927928,3.399594594594595,1.7702702702702702
a1_mechanism_periodic_s392005_20260910_r1,B2_RC4_WEIGHT,train_sat_anchor_receiver_coverage,200,200,180,21,0.0,5.0,4.0269594594594595,1.8108108108108107
a1_mechanism_periodic_s392005_20260910_r1,B2_RC4_WEIGHT,train_skipped_nonfinite_grad,200,200,19,1,0.0,0.009009009009009009,0.0004954954954954955,0.0
a1_mechanism_periodic_s392005_20260910_r1,B2_RC4_WEIGHT,train_skipped_nonfinite_loss,200,200,0,,0.0,0.0,0.0,0.0
a1_mechanism_periodic_s392005_20260910_r1,B2_RC4_WEIGHT,train_source_episode_local_component_coverage,181,181,181,20,1.0,1.0,1.0,1.0
a1_mechanism_periodic_s392005_20260910_r1,B2_RC4_WEIGHT,train_tail_rollback_cooldown_remaining,200,200,0,,0.0,0.0,0.0,0.0
a1_mechanism_periodic_s392005_20260910_r1,B2_RC4_WEIGHT,train_w_loss_cons_labeled,200,200,184,17,0.0,0.016050768328142596,0.012070802697190292,0.015667236603058136
a1_mechanism_periodic_s392005_20260910_r1,B2_RC4_WEIGHT,train_w_loss_group_ce_labeled,200,200,200,1,0.20275861760685304,1.0292967474675394,0.3457121275245371,0.2604949284839939
a1_mechanism_periodic_s392005_20260910_r1,B2_RC4_WEIGHT,train_w_loss_sat_cls_labeled,200,200,121,80,0.0,2.4942614347611025,1.1331832249060723,1.736600941117341
a1_mechanism_periodic_s392005_20260910_r1,B2_RC4_WEIGHT,train_w_loss_sat_cons_labeled,200,200,0,,0.0,0.0,0.0,0.0
a1_mechanism_periodic_s392005_20260910_r1,B2_RC4_WEIGHT,val_tx_acc,200,200,200,1,39.19259259259259,98.53703703703704,97.6547037037037,98.50740740740741
a1_mechanism_periodic_s392005_20260910_r1,D0_NO_ORBIT,concat_sat_ce_weight,200,200,200,1,1.0,1.0,1.0,1.0
a1_mechanism_periodic_s392005_20260910_r1,D0_NO_ORBIT,concat_sat_start_epoch,200,200,200,1,1.0,1.0,1.0,1.0
a1_mechanism_periodic_s392005_20260910_r1,D0_NO_ORBIT,group_ce_top_frac,200,200,200,1,0.35,0.35,0.35,0.35
a1_mechanism_periodic_s392005_20260910_r1,D0_NO_ORBIT,joint_guard_paic_cooldown_remaining,200,200,0,,0.0,0.0,0.0,0.0
a1_mechanism_periodic_s392005_20260910_r1,D0_NO_ORBIT,lambda_cons,200,200,200,1,0.08,0.08,0.08,0.08
a1_mechanism_periodic_s392005_20260910_r1,D0_NO_ORBIT,lambda_group_ce,200,200,200,1,0.16,0.16,0.16,0.16
a1_mechanism_periodic_s392005_20260910_r1,D0_NO_ORBIT,loss_weight_group_ce,200,200,200,1,0.08,0.16,0.14577885253594247,0.16
a1_mechanism_periodic_s392005_20260910_r1,D0_NO_ORBIT,lr,200,200,200,1,1.0000000000000002e-06,0.0002,8.875000000000002e-05,1.0000000000000002e-06
a1_mechanism_periodic_s392005_20260910_r1,D0_NO_ORBIT,nonfinite_test_metric_count,200,200,200,1,1.0,1.0,1.0,1.0
a1_mechanism_periodic_s392005_20260910_r1,D0_NO_ORBIT,nonfinite_train_metric_count,200,200,200,1,4.0,4.0,4.0,4.0
a1_mechanism_periodic_s392005_20260910_r1,D0_NO_ORBIT,nonfinite_val_metric_count,200,200,200,1,1.0,1.0,1.0,1.0
a1_mechanism_periodic_s392005_20260910_r1,D0_NO_ORBIT,phase2_audit_imports_balanced_tx_rx_sampler,200,200,200,1,1.0,1.0,1.0,1.0
a1_mechanism_periodic_s392005_20260910_r1,D0_NO_ORBIT,stage_group_ce_scale,200,200,200,1,0.5,1.0,0.9111178283496403,1.0
a1_mechanism_periodic_s392005_20260910_r1,D0_NO_ORBIT,stage_source_val_sat_floor_tx,200,200,200,1,30.233333333333334,89.39259259259259,75.7447037037037,89.37777777777778
a1_mechanism_periodic_s392005_20260910_r1,D0_NO_ORBIT,stage_source_val_sat_mean_tx,200,200,200,1,30.891358024691357,90.53333333333335,77.0474012345679,90.48765432098766
a1_mechanism_periodic_s392005_20260910_r1,D0_NO_ORBIT,stage_tail_rollback_cooldown_remaining,200,200,0,,0.0,0.0,0.0,0.0
a1_mechanism_periodic_s392005_20260910_r1,D0_NO_ORBIT,train_a1_ema_effective_decay,200,200,200,1,0.9900000000000024,0.9989999999999969,0.9972399999999989,0.9989999999999969
a1_mechanism_periodic_s392005_20260910_r1,D0_NO_ORBIT,train_a1_ema_successful_updates,200,200,200,1,110.5,44247.5,22176.303198198195,44247.5
a1_mechanism_periodic_s392005_20260910_r1,D0_NO_ORBIT,train_concat_sat_active,200,200,200,1,1.0,1.0,1.0,1.0
a1_mechanism_periodic_s392005_20260910_r1,D0_NO_ORBIT,train_concat_sat_applied,200,200,200,1,0.23423423423423423,0.8558558558558559,0.6510135135135136,0.8198198198198198
a1_mechanism_periodic_s392005_20260910_r1,D0_NO_ORBIT,train_concat_sat_clean_batch_size,200,200,200,1,128.0,128.0,128.0,128.0
a1_mechanism_periodic_s392005_20260910_r1,D0_NO_ORBIT,train_concat_sat_expanded,200,200,0,,0.0,0.0,0.0,0.0
a1_mechanism_periodic_s392005_20260910_r1,D0_NO_ORBIT,train_concat_sat_stage_index,200,200,160,41,0.0,2.0,1.35,2.0
a1_mechanism_periodic_s392005_20260910_r1,D0_NO_ORBIT,train_concat_sat_stage_start_epoch,200,200,200,1,1.0,91.0,60.5,91.0
a1_mechanism_periodic_s392005_20260910_r1,D0_NO_ORBIT,train_concat_sat_total_batch_size,200,200,200,1,128.0,128.0,128.0,128.0
a1_mechanism_periodic_s392005_20260910_r1,D0_NO_ORBIT,train_concat_sat_view_prob,200,200,200,1,0.29999999999999877,0.8000000000000016,0.65,0.8000000000000016
a1_mechanism_periodic_s392005_20260910_r1,D0_NO_ORBIT,train_daot_batched_view_count,200,200,0,,0.0,0.0,0.0,0.0
a1_mechanism_periodic_s392005_20260910_r1,D0_NO_ORBIT,train_daot_identity_only_used,200,200,0,,0.0,0.0,0.0,0.0
a1_mechanism_periodic_s392005_20260910_r1,D0_NO_ORBIT,train_daot_logit_coverage_weighting,200,200,0,,0.0,0.0,0.0,0.0
a1_mechanism_periodic_s392005_20260910_r1,D0_NO_ORBIT,train_daot_logit_weighted_contribution,200,200,0,,0.0,0.0,0.0,0.0
a1_mechanism_periodic_s392005_20260910_r1,D0_NO_ORBIT,train_daot_mean_metadata_skip_enabled,200,200,200,1,1.0,1.0,1.0,1.0
a1_mechanism_periodic_s392005_20260910_r1,D0_NO_ORBIT,train_daot_objective_computed,200,200,0,,0.0,0.0,0.0,0.0
a1_mechanism_periodic_s392005_20260910_r1,D0_NO_ORBIT,train_daot_orbit_scale,200,200,0,,0.0,0.0,0.0,0.0
a1_mechanism_periodic_s392005_20260910_r1,D0_NO_ORBIT,train_daot_proto_input_available,200,200,0,,0.0,0.0,0.0,0.0
a1_mechanism_periodic_s392005_20260910_r1,D0_NO_ORBIT,train_daot_scale_batched_enabled,200,200,200,1,1.0,1.0,1.0,1.0
a1_mechanism_periodic_s392005_20260910_r1,D0_NO_ORBIT,train_daot_tangent_scale,200,200,0,,0.0,0.0,0.0,0.0
a1_mechanism_periodic_s392005_20260910_r1,D0_NO_ORBIT,train_daot_teacher_view_count,200,200,0,,0.0,0.0,0.0,0.0
a1_mechanism_periodic_s392005_20260910_r1,D0_NO_ORBIT,train_daot_u_logit_weighted_contribution,200,200,0,,0.0,0.0,0.0,0.0
a1_mechanism_periodic_s392005_20260910_r1,D0_NO_ORBIT,train_daot_u_orbit_scale,200,200,0,,0.0,0.0,0.0,0.0
a1_mechanism_periodic_s392005_20260910_r1,D0_NO_ORBIT,train_dm_accept_local_component_class_coverage,200,200,0,,0.0,0.0,0.0,0.0
a1_mechanism_periodic_s392005_20260910_r1,D0_NO_ORBIT,train_ecrs_cross_rx_successful_steps,200,200,0,,0.0,0.0,0.0,0.0
a1_mechanism_periodic_s392005_20260910_r1,D0_NO_ORBIT,train_loss_cons_labeled,200,200,184,17,0.0,0.32079803191863737,0.24058483501812358,0.23841101844031531
a1_mechanism_periodic_s392005_20260910_r1,D0_NO_ORBIT,train_loss_daot_fingerprint,200,200,0,,0.0,0.0,0.0,0.0
a1_mechanism_periodic_s392005_20260910_r1,D0_NO_ORBIT,train_loss_daot_nuisance,200,200,0,,0.0,0.0,0.0,0.0
a1_mechanism_periodic_s392005_20260910_r1,D0_NO_ORBIT,train_loss_daot_orbit_logit,200,200,0,,0.0,0.0,0.0,0.0
a1_mechanism_periodic_s392005_20260910_r1,D0_NO_ORBIT,train_loss_daot_orbit_proto,200,200,0,,0.0,0.0,0.0,0.0
a1_mechanism_periodic_s392005_20260910_r1,D0_NO_ORBIT,train_loss_daot_orbit_relation,200,200,0,,0.0,0.0,0.0,0.0
a1_mechanism_periodic_s392005_20260910_r1,D0_NO_ORBIT,train_loss_daot_orbit_z,200,200,0,,0.0,0.0,0.0,0.0
a1_mechanism_periodic_s392005_20260910_r1,D0_NO_ORBIT,train_loss_daot_tangent,200,200,0,,0.0,0.0,0.0,0.0
a1_mechanism_periodic_s392005_20260910_r1,D0_NO_ORBIT,train_loss_daot_total,200,200,0,,0.0,0.0,0.0,0.0
a1_mechanism_periodic_s392005_20260910_r1,D0_NO_ORBIT,train_loss_daot_unlabeled,200,200,0,,0.0,0.0,0.0,0.0
a1_mechanism_periodic_s392005_20260910_r1,D0_NO_ORBIT,train_loss_group_ce_labeled,200,200,200,1,1.5536090970576346,12.865340254328272,2.796534840300981,1.7019313350991085
a1_mechanism_periodic_s392005_20260910_r1,D0_NO_ORBIT,train_loss_sat_cls_labeled,200,200,121,80,0.0,5.04314136778231,2.187862080029424,3.232937569709008
a1_mechanism_periodic_s392005_20260910_r1,D0_NO_ORBIT,train_loss_sat_cons_labeled,200,200,0,,0.0,0.0,0.0,0.0
a1_mechanism_periodic_s392005_20260910_r1,D0_NO_ORBIT,train_os_gradient_nonfinite_bundle,200,200,0,,0.0,0.0,0.0,0.0
a1_mechanism_periodic_s392005_20260910_r1,D0_NO_ORBIT,train_rc4_effective_weighted_coverage,200,200,180,21,0.0,0.15000000475226222,0.1350000034598214,0.1500000040139164
a1_mechanism_periodic_s392005_20260910_r1,D0_NO_ORBIT,train_rc4_hard_effective_coverage,200,200,179,21,0.0,0.15000000455089518,0.07965604756740287,0.02869846726461473
a1_mechanism_periodic_s392005_20260910_r1,D0_NO_ORBIT,train_rc4_negative_effective_coverage,200,200,0,,0.0,0.0,0.0,0.0
a1_mechanism_periodic_s392005_20260910_r1,D0_NO_ORBIT,train_rc4_partial_effective_coverage,200,200,160,21,0.0,0.15000000367830466,0.055343953642657435,0.12130153226154344
a1_mechanism_periodic_s392005_20260910_r1,D0_NO_ORBIT,train_sat_anchor_class_coverage,200,200,179,21,0.0,4.936936936936937,2.202927927927928,2.684684684684685
a1_mechanism_periodic_s392005_20260910_r1,D0_NO_ORBIT,train_sat_anchor_receiver_coverage,200,200,179,21,0.0,5.0,3.748445945945946,3.6171171171171173
a1_mechanism_periodic_s392005_20260910_r1,D0_NO_ORBIT,train_skipped_nonfinite_grad,200,200,37,1,0.0,0.013513513513513514,0.000945945945945946,0.0
a1_mechanism_periodic_s392005_20260910_r1,D0_NO_ORBIT,train_skipped_nonfinite_loss,200,200,0,,0.0,0.0,0.0,0.0
a1_mechanism_periodic_s392005_20260910_r1,D0_NO_ORBIT,train_source_episode_local_component_coverage,181,181,181,20,1.0,1.0,1.0,1.0
a1_mechanism_periodic_s392005_20260910_r1,D0_NO_ORBIT,train_tail_rollback_cooldown_remaining,200,200,0,,0.0,0.0,0.0,0.0
a1_mechanism_periodic_s392005_20260910_r1,D0_NO_ORBIT,train_w_loss_cons_labeled,200,200,184,17,0.0,0.021895159472216357,0.015494219204327007,0.019072798995284346
a1_mechanism_periodic_s392005_20260910_r1,D0_NO_ORBIT,train_w_loss_group_ce_labeled,200,200,200,1,0.24857745056569175,1.0292272001236409,0.3790684422507027,0.27230900689237963
a1_mechanism_periodic_s392005_20260910_r1,D0_NO_ORBIT,train_w_loss_sat_cls_labeled,200,200,121,80,0.0,3.429336169401083,1.487746229382024,2.1983975717495823
a1_mechanism_periodic_s392005_20260910_r1,D0_NO_ORBIT,train_w_loss_sat_cons_labeled,200,200,0,,0.0,0.0,0.0,0.0
a1_mechanism_periodic_s392005_20260910_r1,D0_NO_ORBIT,val_tx_acc,200,200,200,1,43.648148148148145,98.6037037037037,97.62001851851852,98.54444444444445
a1_mechanism_periodic_s392005_20260910_r1,D1_THREE_VIEW,concat_sat_ce_weight,200,200,200,1,1.0,1.0,1.0,1.0
a1_mechanism_periodic_s392005_20260910_r1,D1_THREE_VIEW,concat_sat_start_epoch,200,200,200,1,1.0,1.0,1.0,1.0
a1_mechanism_periodic_s392005_20260910_r1,D1_THREE_VIEW,group_ce_top_frac,200,200,200,1,0.35,0.35,0.35,0.35
a1_mechanism_periodic_s392005_20260910_r1,D1_THREE_VIEW,joint_guard_paic_cooldown_remaining,200,200,0,,0.0,0.0,0.0,0.0
a1_mechanism_periodic_s392005_20260910_r1,D1_THREE_VIEW,lambda_cons,200,200,200,1,0.08,0.08,0.08,0.08
a1_mechanism_periodic_s392005_20260910_r1,D1_THREE_VIEW,lambda_group_ce,200,200,200,1,0.16,0.16,0.16,0.16
a1_mechanism_periodic_s392005_20260910_r1,D1_THREE_VIEW,loss_weight_group_ce,200,200,200,1,0.08,0.16,0.14577885253594247,0.16
a1_mechanism_periodic_s392005_20260910_r1,D1_THREE_VIEW,lr,200,200,200,1,1.0000000000000002e-06,0.0002,8.875000000000002e-05,1.0000000000000002e-06
a1_mechanism_periodic_s392005_20260910_r1,D1_THREE_VIEW,nonfinite_test_metric_count,200,200,200,1,1.0,1.0,1.0,1.0
a1_mechanism_periodic_s392005_20260910_r1,D1_THREE_VIEW,nonfinite_train_metric_count,200,200,200,1,4.0,4.0,4.0,4.0
a1_mechanism_periodic_s392005_20260910_r1,D1_THREE_VIEW,nonfinite_val_metric_count,200,200,200,1,1.0,1.0,1.0,1.0
a1_mechanism_periodic_s392005_20260910_r1,D1_THREE_VIEW,phase2_audit_imports_balanced_tx_rx_sampler,200,200,200,1,1.0,1.0,1.0,1.0
a1_mechanism_periodic_s392005_20260910_r1,D1_THREE_VIEW,stage_group_ce_scale,200,200,200,1,0.5,1.0,0.9111178283496403,1.0
a1_mechanism_periodic_s392005_20260910_r1,D1_THREE_VIEW,stage_source_val_sat_floor_tx,200,200,200,1,31.466666666666665,92.61111111111111,79.91711111111111,92.58148148148148
a1_mechanism_periodic_s392005_20260910_r1,D1_THREE_VIEW,stage_source_val_sat_mean_tx,200,200,200,1,31.982716049382717,93.26049382716049,80.82330246913581,93.23086419753086
a1_mechanism_periodic_s392005_20260910_r1,D1_THREE_VIEW,stage_tail_rollback_cooldown_remaining,200,200,0,,0.0,0.0,0.0,0.0
a1_mechanism_periodic_s392005_20260910_r1,D1_THREE_VIEW,train_a1_ema_effective_decay,200,200,200,1,0.9900000000000023,0.9989999999999969,0.9972399999999989,0.9989999999999969
a1_mechanism_periodic_s392005_20260910_r1,D1_THREE_VIEW,train_a1_ema_successful_updates,200,200,200,1,110.5,44267.5,22186.32331081081,44267.5
a1_mechanism_periodic_s392005_20260910_r1,D1_THREE_VIEW,train_concat_sat_active,200,200,200,1,1.0,1.0,1.0,1.0
a1_mechanism_periodic_s392005_20260910_r1,D1_THREE_VIEW,train_concat_sat_applied,200,200,200,1,0.23423423423423423,0.8558558558558559,0.6510135135135136,0.8198198198198198
a1_mechanism_periodic_s392005_20260910_r1,D1_THREE_VIEW,train_concat_sat_clean_batch_size,200,200,200,1,128.0,128.0,128.0,128.0
a1_mechanism_periodic_s392005_20260910_r1,D1_THREE_VIEW,train_concat_sat_expanded,200,200,0,,0.0,0.0,0.0,0.0
a1_mechanism_periodic_s392005_20260910_r1,D1_THREE_VIEW,train_concat_sat_stage_index,200,200,160,41,0.0,2.0,1.35,2.0
a1_mechanism_periodic_s392005_20260910_r1,D1_THREE_VIEW,train_concat_sat_stage_start_epoch,200,200,200,1,1.0,91.0,60.5,91.0
a1_mechanism_periodic_s392005_20260910_r1,D1_THREE_VIEW,train_concat_sat_total_batch_size,200,200,200,1,128.0,128.0,128.0,128.0
a1_mechanism_periodic_s392005_20260910_r1,D1_THREE_VIEW,train_concat_sat_view_prob,200,200,200,1,0.29999999999999877,0.8000000000000016,0.65,0.8000000000000016
a1_mechanism_periodic_s392005_20260910_r1,D1_THREE_VIEW,train_daot_batched_view_count,200,200,180,21,0.0,1.0,0.9,1.0
a1_mechanism_periodic_s392005_20260910_r1,D1_THREE_VIEW,train_daot_clean_teacher_weight,180,180,180,21,0.2918720776970322,0.3461286336989016,0.3378392543416243,0.34595281758286933
a1_mechanism_periodic_s392005_20260910_r1,D1_THREE_VIEW,train_daot_consensus_rate,180,180,180,21,0.3941089527027027,0.8904138513513513,0.7722462697072072,0.8852055180180181
a1_mechanism_periodic_s392005_20260910_r1,D1_THREE_VIEW,train_daot_fingerprint_selectivity,180,180,0,,0.0,0.0,0.0,0.0
a1_mechanism_periodic_s392005_20260910_r1,D1_THREE_VIEW,train_daot_fingerprint_sensitivity,180,180,0,,0.0,0.0,0.0,0.0
a1_mechanism_periodic_s392005_20260910_r1,D1_THREE_VIEW,train_daot_grad_ratio_fingerprint,4,4,0,,0.0,0.0,0.0,0.0
a1_mechanism_periodic_s392005_20260910_r1,D1_THREE_VIEW,train_daot_grad_ratio_nuisance,4,4,4,21,4.870178433453935e-09,1.375669960418881e-08,7.990630008047941e-09,4.870178433453935e-09
a1_mechanism_periodic_s392005_20260910_r1,D1_THREE_VIEW,train_daot_grad_ratio_orbit_logit,4,4,4,21,4.56777004343807,9.154900285034007,6.939819044171163,4.56777004343807
a1_mechanism_periodic_s392005_20260910_r1,D1_THREE_VIEW,train_daot_grad_ratio_orbit_proto,4,4,0,,0.0,0.0,0.0,0.0
a1_mechanism_periodic_s392005_20260910_r1,D1_THREE_VIEW,train_daot_grad_ratio_orbit_relation,4,4,0,,0.0,0.0,0.0,0.0
a1_mechanism_periodic_s392005_20260910_r1,D1_THREE_VIEW,train_daot_grad_ratio_orbit_z,4,4,4,21,0.0110792254680935,0.03863757314850682,0.02637191687816577,0.0110792254680935
a1_mechanism_periodic_s392005_20260910_r1,D1_THREE_VIEW,train_daot_grad_ratio_tangent,4,4,0,,0.0,0.0,0.0,0.0
a1_mechanism_periodic_s392005_20260910_r1,D1_THREE_VIEW,train_daot_identity_only_used,200,200,180,21,0.0,1.0,0.9,1.0
a1_mechanism_periodic_s392005_20260910_r1,D1_THREE_VIEW,train_daot_logit_coverage,180,180,180,21,0.32618269465259603,0.8822125277003726,0.7556626691810182,0.8770849554388372
a1_mechanism_periodic_s392005_20260910_r1,D1_THREE_VIEW,train_daot_logit_coverage_weighting,200,200,0,,0.0,0.0,0.0,0.0
a1_mechanism_periodic_s392005_20260910_r1,D1_THREE_VIEW,train_daot_logit_weighted_contribution,200,200,180,21,0.0,0.32746921238061544,0.2564025781693583,0.3198745163442852
a1_mechanism_periodic_s392005_20260910_r1,D1_THREE_VIEW,train_daot_loss_scale_fingerprint,180,180,180,21,1.0,1.0,1.0,1.0
a1_mechanism_periodic_s392005_20260910_r1,D1_THREE_VIEW,train_daot_loss_scale_nuisance,180,180,180,21,1.0,1.0,1.0,1.0
a1_mechanism_periodic_s392005_20260910_r1,D1_THREE_VIEW,train_daot_loss_scale_orbit_logit,180,180,180,21,2.930101945183179,7.500958182247588,3.8781351319276527,3.0709369513115865
a1_mechanism_periodic_s392005_20260910_r1,D1_THREE_VIEW,train_daot_loss_scale_orbit_proto,180,180,180,21,1.0,1.0,1.0,1.0
a1_mechanism_periodic_s392005_20260910_r1,D1_THREE_VIEW,train_daot_loss_scale_orbit_relation,180,180,180,21,1.0,1.0,1.0,1.0
a1_mechanism_periodic_s392005_20260910_r1,D1_THREE_VIEW,train_daot_loss_scale_orbit_z,180,180,180,21,0.14386491738137136,0.382565352293862,0.16305114205109797,0.1445302695843504
a1_mechanism_periodic_s392005_20260910_r1,D1_THREE_VIEW,train_daot_loss_scale_tangent,180,180,180,21,1.0,1.0,1.0,1.0
a1_mechanism_periodic_s392005_20260910_r1,D1_THREE_VIEW,train_daot_mean_metadata_skip_enabled,200,200,200,1,1.0,1.0,1.0,1.0
a1_mechanism_periodic_s392005_20260910_r1,D1_THREE_VIEW,train_daot_nuisance_sensitivity,180,180,0,,0.0,0.0,0.0,0.0
a1_mechanism_periodic_s392005_20260910_r1,D1_THREE_VIEW,train_daot_nuisance_sensitivity_agc,4,4,4,21,10.381351470947266,12.457252502441406,11.057977676391602,10.381351470947266
a1_mechanism_periodic_s392005_20260910_r1,D1_THREE_VIEW,train_daot_nuisance_sensitivity_doppler,4,4,4,21,10.489681243896484,12.872594833374023,11.308922529220581,10.489681243896484
a1_mechanism_periodic_s392005_20260910_r1,D1_THREE_VIEW,train_daot_nuisance_sensitivity_doppler_rate,4,4,4,21,10.389225006103516,12.507771492004395,11.105811834335327,10.389225006103516
a1_mechanism_periodic_s392005_20260910_r1,D1_THREE_VIEW,train_daot_nuisance_sensitivity_multipath,4,4,4,21,10.387596130371094,12.402097702026367,11.047279119491577,10.387596130371094
a1_mechanism_periodic_s392005_20260910_r1,D1_THREE_VIEW,train_daot_nuisance_sensitivity_phase_noise,4,4,4,21,10.397784233093262,12.426736831665039,11.053683757781982,10.397784233093262
a1_mechanism_periodic_s392005_20260910_r1,D1_THREE_VIEW,train_daot_nuisance_sensitivity_sfo,4,4,4,21,10.386214256286621,12.430713653564453,11.053800344467163,10.386214256286621
a1_mechanism_periodic_s392005_20260910_r1,D1_THREE_VIEW,train_daot_nuisance_sensitivity_snr,4,4,4,21,10.377723693847656,12.417353630065918,11.047217607498169,10.377723693847656
a1_mechanism_periodic_s392005_20260910_r1,D1_THREE_VIEW,train_daot_nuisance_sensitivity_sto,4,4,4,21,10.370383262634277,12.425067901611328,11.051183700561523,10.370383262634277
a1_mechanism_periodic_s392005_20260910_r1,D1_THREE_VIEW,train_daot_objective_computed,200,200,180,21,0.0,1.0,0.9,1.0
a1_mechanism_periodic_s392005_20260910_r1,D1_THREE_VIEW,train_daot_orbit_dispersion,180,180,180,21,0.010663272913646054,0.13787111544327155,0.022607519279758036,0.010930033794998585
a1_mechanism_periodic_s392005_20260910_r1,D1_THREE_VIEW,train_daot_orbit_scale,200,200,180,21,0.0,1.0,0.8025,1.0
a1_mechanism_periodic_s392005_20260910_r1,D1_THREE_VIEW,train_daot_proto_input_available,200,200,0,,0.0,0.0,0.0,0.0
a1_mechanism_periodic_s392005_20260910_r1,D1_THREE_VIEW,train_daot_scale_batched_enabled,200,200,200,1,1.0,1.0,1.0,1.0
a1_mechanism_periodic_s392005_20260910_r1,D1_THREE_VIEW,train_daot_tangent_scale,200,200,140,61,0.0,1.0,0.5025,1.0
a1_mechanism_periodic_s392005_20260910_r1,D1_THREE_VIEW,train_daot_teacher_effective_views,180,180,180,21,2.8502743684493743,2.9270009629361264,2.9165211318193136,2.92631729873451
a1_mechanism_periodic_s392005_20260910_r1,D1_THREE_VIEW,train_daot_teacher_labeled_accuracy,180,180,180,21,0.8663780968468469,0.987084740990991,0.9627889608358359,0.9825802364864865
a1_mechanism_periodic_s392005_20260910_r1,D1_THREE_VIEW,train_daot_teacher_labeled_confidence,180,180,180,21,0.9160063086866258,0.9973219853263717,0.9881566703744658,0.9964207502098771
a1_mechanism_periodic_s392005_20260910_r1,D1_THREE_VIEW,train_daot_teacher_view_count,200,200,180,21,0.0,3.0,2.7,3.0
a1_mechanism_periodic_s392005_20260910_r1,D1_THREE_VIEW,train_daot_u_consensus_rate,180,180,180,21,0.40122159697988014,0.9109730317785933,0.7958169231618251,0.9092253795615187
a1_mechanism_periodic_s392005_20260910_r1,D1_THREE_VIEW,train_daot_u_logit_coverage,180,180,180,21,0.34709962759469004,0.9047303564913638,0.7822496968011061,0.9029182818558839
a1_mechanism_periodic_s392005_20260910_r1,D1_THREE_VIEW,train_daot_u_logit_weighted_contribution,200,200,180,21,0.0,0.0848012587542201,0.060610356921767174,0.07669685123203036
a1_mechanism_periodic_s392005_20260910_r1,D1_THREE_VIEW,train_daot_u_orbit_dispersion,180,180,180,21,0.00827517518605869,0.14932388308885935,0.021048408418495743,0.00844710194589654
a1_mechanism_periodic_s392005_20260910_r1,D1_THREE_VIEW,train_daot_u_orbit_scale,200,200,180,21,0.0,1.0,0.8025,1.0
a1_mechanism_periodic_s392005_20260910_r1,D1_THREE_VIEW,train_daot_worst_bucket_elevation,4,4,4,21,0.21875,0.78125,0.578125,0.78125
a1_mechanism_periodic_s392005_20260910_r1,D1_THREE_VIEW,train_daot_worst_bucket_snr,4,4,4,21,0.21875,0.84375,0.578125,0.84375
a1_mechanism_periodic_s392005_20260910_r1,D1_THREE_VIEW,train_dm_accept_local_component_class_coverage,200,200,0,,0.0,0.0,0.0,0.0
a1_mechanism_periodic_s392005_20260910_r1,D1_THREE_VIEW,train_ecrs_cross_rx_successful_steps,200,200,0,,0.0,0.0,0.0,0.0
a1_mechanism_periodic_s392005_20260910_r1,D1_THREE_VIEW,train_loss_cons_labeled,200,200,184,17,0.0,0.3204664625563063,0.1870931869369369,0.19178455799549549
a1_mechanism_periodic_s392005_20260910_r1,D1_THREE_VIEW,train_loss_daot_fingerprint,200,200,0,,0.0,0.0,0.0,0.0
a1_mechanism_periodic_s392005_20260910_r1,D1_THREE_VIEW,train_loss_daot_nuisance,200,200,180,21,0.0,0.6294854186676644,0.5358351662828847,0.5862346264693115
a1_mechanism_periodic_s392005_20260910_r1,D1_THREE_VIEW,train_loss_daot_orbit_logit,200,200,180,21,0.0,11.815836030083734,5.602836719302981,4.930946413461153
a1_mechanism_periodic_s392005_20260910_r1,D1_THREE_VIEW,train_loss_daot_orbit_proto,200,200,0,,0.0,0.0,0.0,0.0
a1_mechanism_periodic_s392005_20260910_r1,D1_THREE_VIEW,train_loss_daot_orbit_relation,200,200,0,,0.0,0.0,0.0,0.0
a1_mechanism_periodic_s392005_20260910_r1,D1_THREE_VIEW,train_loss_daot_orbit_z,200,200,180,21,0.0,0.3776682260874155,0.1491444462121607,0.1477818977054175
a1_mechanism_periodic_s392005_20260910_r1,D1_THREE_VIEW,train_loss_daot_tangent,200,200,0,,0.0,0.0,0.0,0.0
a1_mechanism_periodic_s392005_20260910_r1,D1_THREE_VIEW,train_loss_daot_total,200,200,180,21,0.0,0.8402959119092237,0.666086233154019,0.8310489171260113
a1_mechanism_periodic_s392005_20260910_r1,D1_THREE_VIEW,train_loss_daot_unlabeled,200,200,180,21,0.0,0.5740860130067345,0.45328034998232347,0.5655007453652116
a1_mechanism_periodic_s392005_20260910_r1,D1_THREE_VIEW,train_loss_group_ce_labeled,200,200,200,1,1.2839858433617666,12.865077190571004,2.620666807041344,1.6652160408394832
a1_mechanism_periodic_s392005_20260910_r1,D1_THREE_VIEW,train_loss_sat_cls_labeled,200,200,121,80,0.0,3.7160858276535063,1.684226005753869,2.5751137568380447
a1_mechanism_periodic_s392005_20260910_r1,D1_THREE_VIEW,train_loss_sat_cons_labeled,200,200,0,,0.0,0.0,0.0,0.0
a1_mechanism_periodic_s392005_20260910_r1,D1_THREE_VIEW,train_os_gradient_nonfinite_bundle,200,200,0,,0.0,0.0,0.0,0.0
a1_mechanism_periodic_s392005_20260910_r1,D1_THREE_VIEW,train_rc4_effective_weighted_coverage,200,200,180,21,0.0,0.15000000468513988,0.13477029250414524,0.15000000434952812
a1_mechanism_periodic_s392005_20260910_r1,D1_THREE_VIEW,train_rc4_hard_effective_coverage,200,200,180,21,0.0,0.15000000468513988,0.1067373927646278,0.11160870953588872
a1_mechanism_periodic_s392005_20260910_r1,D1_THREE_VIEW,train_rc4_negative_effective_coverage,200,200,0,,0.0,0.0,0.0,0.0
a1_mechanism_periodic_s392005_20260910_r1,D1_THREE_VIEW,train_rc4_partial_effective_coverage,200,200,107,21,0.0,0.14879500637720297,0.028032898325281677,0.0383912906877126
a1_mechanism_periodic_s392005_20260910_r1,D1_THREE_VIEW,train_sat_anchor_class_coverage,200,200,180,21,0.0,5.995495495495495,3.5136036036036034,3.7477477477477477
a1_mechanism_periodic_s392005_20260910_r1,D1_THREE_VIEW,train_sat_anchor_receiver_coverage,200,200,180,21,0.0,5.0,4.181103603603604,5.0
a1_mechanism_periodic_s392005_20260910_r1,D1_THREE_VIEW,train_skipped_nonfinite_grad,200,200,18,1,0.0,0.013513513513513514,0.0004954954954954955,0.0
a1_mechanism_periodic_s392005_20260910_r1,D1_THREE_VIEW,train_skipped_nonfinite_loss,200,200,0,,0.0,0.0,0.0,0.0
a1_mechanism_periodic_s392005_20260910_r1,D1_THREE_VIEW,train_source_episode_local_component_coverage,181,181,181,20,1.0,1.0,1.0,1.0
a1_mechanism_periodic_s392005_20260910_r1,D1_THREE_VIEW,train_tail_rollback_cooldown_remaining,200,200,0,,0.0,0.0,0.0,0.0
a1_mechanism_periodic_s392005_20260910_r1,D1_THREE_VIEW,train_w_loss_cons_labeled,200,200,184,17,0.0,0.015843984243032093,0.011900159732715503,0.01534284986891188
a1_mechanism_periodic_s392005_20260910_r1,D1_THREE_VIEW,train_w_loss_group_ce_labeled,200,200,200,1,0.20543773046082203,1.029206152703311,0.3507095838034827,0.26643456055505854
a1_mechanism_periodic_s392005_20260910_r1,D1_THREE_VIEW,train_w_loss_sat_cls_labeled,200,200,121,80,0.0,2.5269383848875524,1.1452736956708218,1.7510773724842783
a1_mechanism_periodic_s392005_20260910_r1,D1_THREE_VIEW,train_w_loss_sat_cons_labeled,200,200,0,,0.0,0.0,0.0,0.0
a1_mechanism_periodic_s392005_20260910_r1,D1_THREE_VIEW,val_tx_acc,200,200,200,1,38.81111111111111,98.53333333333333,97.63461111111111,98.49259259259259
a1_mechanism_periodic_s392005_20260910_r1,D2_PHYSICAL_ORBIT,concat_sat_ce_weight,200,200,200,1,1.0,1.0,1.0,1.0
a1_mechanism_periodic_s392005_20260910_r1,D2_PHYSICAL_ORBIT,concat_sat_start_epoch,200,200,200,1,1.0,1.0,1.0,1.0
a1_mechanism_periodic_s392005_20260910_r1,D2_PHYSICAL_ORBIT,group_ce_top_frac,200,200,200,1,0.35,0.35,0.35,0.35
a1_mechanism_periodic_s392005_20260910_r1,D2_PHYSICAL_ORBIT,joint_guard_paic_cooldown_remaining,200,200,0,,0.0,0.0,0.0,0.0
a1_mechanism_periodic_s392005_20260910_r1,D2_PHYSICAL_ORBIT,lambda_cons,200,200,200,1,0.08,0.08,0.08,0.08
a1_mechanism_periodic_s392005_20260910_r1,D2_PHYSICAL_ORBIT,lambda_group_ce,200,200,200,1,0.16,0.16,0.16,0.16
a1_mechanism_periodic_s392005_20260910_r1,D2_PHYSICAL_ORBIT,loss_weight_group_ce,200,200,200,1,0.08,0.16,0.14577885253594247,0.16
a1_mechanism_periodic_s392005_20260910_r1,D2_PHYSICAL_ORBIT,lr,200,200,200,1,1.0000000000000002e-06,0.0002,8.875000000000002e-05,1.0000000000000002e-06
a1_mechanism_periodic_s392005_20260910_r1,D2_PHYSICAL_ORBIT,nonfinite_test_metric_count,200,200,200,1,1.0,1.0,1.0,1.0
a1_mechanism_periodic_s392005_20260910_r1,D2_PHYSICAL_ORBIT,nonfinite_train_metric_count,200,200,200,1,4.0,4.0,4.0,4.0
a1_mechanism_periodic_s392005_20260910_r1,D2_PHYSICAL_ORBIT,nonfinite_val_metric_count,200,200,200,1,1.0,1.0,1.0,1.0
a1_mechanism_periodic_s392005_20260910_r1,D2_PHYSICAL_ORBIT,phase2_audit_imports_balanced_tx_rx_sampler,200,200,200,1,1.0,1.0,1.0,1.0
a1_mechanism_periodic_s392005_20260910_r1,D2_PHYSICAL_ORBIT,stage_group_ce_scale,200,200,200,1,0.5,1.0,0.9111178283496403,1.0
a1_mechanism_periodic_s392005_20260910_r1,D2_PHYSICAL_ORBIT,stage_source_val_sat_floor_tx,200,200,200,1,31.21851851851852,92.36666666666666,79.60198148148147,92.35185185185185
a1_mechanism_periodic_s392005_20260910_r1,D2_PHYSICAL_ORBIT,stage_source_val_sat_mean_tx,200,200,200,1,31.82345679012346,93.19506172839506,80.5971049382716,93.15679012345679
a1_mechanism_periodic_s392005_20260910_r1,D2_PHYSICAL_ORBIT,stage_tail_rollback_cooldown_remaining,200,200,0,,0.0,0.0,0.0,0.0
a1_mechanism_periodic_s392005_20260910_r1,D2_PHYSICAL_ORBIT,train_a1_ema_effective_decay,200,200,200,1,0.9900000000000023,0.9989999999999969,0.9972399999999989,0.9989999999999969
a1_mechanism_periodic_s392005_20260910_r1,D2_PHYSICAL_ORBIT,train_a1_ema_successful_updates,200,200,200,1,110.5,44267.5,22187.241891891892,44267.5
a1_mechanism_periodic_s392005_20260910_r1,D2_PHYSICAL_ORBIT,train_concat_sat_active,200,200,200,1,1.0,1.0,1.0,1.0
a1_mechanism_periodic_s392005_20260910_r1,D2_PHYSICAL_ORBIT,train_concat_sat_applied,200,200,200,1,0.23423423423423423,0.8558558558558559,0.6510135135135136,0.8198198198198198
a1_mechanism_periodic_s392005_20260910_r1,D2_PHYSICAL_ORBIT,train_concat_sat_clean_batch_size,200,200,200,1,128.0,128.0,128.0,128.0
a1_mechanism_periodic_s392005_20260910_r1,D2_PHYSICAL_ORBIT,train_concat_sat_expanded,200,200,0,,0.0,0.0,0.0,0.0
a1_mechanism_periodic_s392005_20260910_r1,D2_PHYSICAL_ORBIT,train_concat_sat_stage_index,200,200,160,41,0.0,2.0,1.35,2.0
a1_mechanism_periodic_s392005_20260910_r1,D2_PHYSICAL_ORBIT,train_concat_sat_stage_start_epoch,200,200,200,1,1.0,91.0,60.5,91.0
a1_mechanism_periodic_s392005_20260910_r1,D2_PHYSICAL_ORBIT,train_concat_sat_total_batch_size,200,200,200,1,128.0,128.0,128.0,128.0
a1_mechanism_periodic_s392005_20260910_r1,D2_PHYSICAL_ORBIT,train_concat_sat_view_prob,200,200,200,1,0.29999999999999877,0.8000000000000016,0.65,0.8000000000000016
a1_mechanism_periodic_s392005_20260910_r1,D2_PHYSICAL_ORBIT,train_daot_batched_view_count,200,200,180,21,0.0,1.0,0.9,1.0
a1_mechanism_periodic_s392005_20260910_r1,D2_PHYSICAL_ORBIT,train_daot_clean_teacher_weight,180,180,180,21,0.2046182575123804,0.2586881632471944,0.24944542670907738,0.25787951629441064
a1_mechanism_periodic_s392005_20260910_r1,D2_PHYSICAL_ORBIT,train_daot_consensus_rate,180,180,180,21,0.3947775900900901,0.8853814752252253,0.7706759493868868,0.8821438626126126
a1_mechanism_periodic_s392005_20260910_r1,D2_PHYSICAL_ORBIT,train_daot_fingerprint_selectivity,180,180,0,,0.0,0.0,0.0,0.0
a1_mechanism_periodic_s392005_20260910_r1,D2_PHYSICAL_ORBIT,train_daot_fingerprint_sensitivity,180,180,0,,0.0,0.0,0.0,0.0
a1_mechanism_periodic_s392005_20260910_r1,D2_PHYSICAL_ORBIT,train_daot_grad_ratio_fingerprint,4,4,0,,0.0,0.0,0.0,0.0
a1_mechanism_periodic_s392005_20260910_r1,D2_PHYSICAL_ORBIT,train_daot_grad_ratio_nuisance,4,4,4,21,8.602241618621696e-09,2.0056920371618497e-08,1.2533258358527343e-08,2.0056920371618497e-08
a1_mechanism_periodic_s392005_20260910_r1,D2_PHYSICAL_ORBIT,train_daot_grad_ratio_orbit_logit,4,4,4,21,5.179837068440862,10.842415580322069,7.518744693345084,7.083502344498733
a1_mechanism_periodic_s392005_20260910_r1,D2_PHYSICAL_ORBIT,train_daot_grad_ratio_orbit_proto,4,4,0,,0.0,0.0,0.0,0.0
a1_mechanism_periodic_s392005_20260910_r1,D2_PHYSICAL_ORBIT,train_daot_grad_ratio_orbit_relation,4,4,0,,0.0,0.0,0.0,0.0
a1_mechanism_periodic_s392005_20260910_r1,D2_PHYSICAL_ORBIT,train_daot_grad_ratio_orbit_z,4,4,4,21,0.020184703154261935,0.044123808574024155,0.027033603576653156,0.020184703154261935
a1_mechanism_periodic_s392005_20260910_r1,D2_PHYSICAL_ORBIT,train_daot_grad_ratio_tangent,4,4,0,,0.0,0.0,0.0,0.0
a1_mechanism_periodic_s392005_20260910_r1,D2_PHYSICAL_ORBIT,train_daot_identity_only_used,200,200,180,21,0.0,1.0,0.9,1.0
a1_mechanism_periodic_s392005_20260910_r1,D2_PHYSICAL_ORBIT,train_daot_logit_coverage,180,180,180,21,0.3243795531290071,0.8778693096057789,0.7546843236537876,0.8743688488328779
a1_mechanism_periodic_s392005_20260910_r1,D2_PHYSICAL_ORBIT,train_daot_logit_coverage_weighting,200,200,0,,0.0,0.0,0.0,0.0
a1_mechanism_periodic_s392005_20260910_r1,D2_PHYSICAL_ORBIT,train_daot_logit_weighted_contribution,200,200,180,21,0.0,0.3301792364265468,0.2565073847476926,0.3192024459844237
a1_mechanism_periodic_s392005_20260910_r1,D2_PHYSICAL_ORBIT,train_daot_loss_scale_fingerprint,180,180,180,21,1.0,1.0,1.0,1.0
a1_mechanism_periodic_s392005_20260910_r1,D2_PHYSICAL_ORBIT,train_daot_loss_scale_nuisance,180,180,180,21,1.0,1.0,1.0,1.0
a1_mechanism_periodic_s392005_20260910_r1,D2_PHYSICAL_ORBIT,train_daot_loss_scale_orbit_logit,180,180,180,21,2.7736442542257653,6.803951985644717,3.6271347026584535,2.8865303065796337
a1_mechanism_periodic_s392005_20260910_r1,D2_PHYSICAL_ORBIT,train_daot_loss_scale_orbit_proto,180,180,180,21,1.0,1.0,1.0,1.0
a1_mechanism_periodic_s392005_20260910_r1,D2_PHYSICAL_ORBIT,train_daot_loss_scale_orbit_relation,180,180,180,21,1.0,1.0,1.0,1.0
a1_mechanism_periodic_s392005_20260910_r1,D2_PHYSICAL_ORBIT,train_daot_loss_scale_orbit_z,180,180,180,21,0.1441591484651553,0.3891691516527464,0.1638712892793482,0.14485225406917077
a1_mechanism_periodic_s392005_20260910_r1,D2_PHYSICAL_ORBIT,train_daot_loss_scale_tangent,180,180,180,21,1.0,1.0,1.0,1.0
a1_mechanism_periodic_s392005_20260910_r1,D2_PHYSICAL_ORBIT,train_daot_mean_metadata_skip_enabled,200,200,200,1,1.0,1.0,1.0,1.0
a1_mechanism_periodic_s392005_20260910_r1,D2_PHYSICAL_ORBIT,train_daot_nuisance_sensitivity,180,180,0,,0.0,0.0,0.0,0.0
a1_mechanism_periodic_s392005_20260910_r1,D2_PHYSICAL_ORBIT,train_daot_nuisance_sensitivity_agc,4,4,4,21,10.351570129394531,12.887970924377441,11.409712314605713,10.351570129394531
a1_mechanism_periodic_s392005_20260910_r1,D2_PHYSICAL_ORBIT,train_daot_nuisance_sensitivity_doppler,4,4,4,21,10.741583824157715,13.266878128051758,11.702933549880981,10.741583824157715
a1_mechanism_periodic_s392005_20260910_r1,D2_PHYSICAL_ORBIT,train_daot_nuisance_sensitivity_doppler_rate,4,4,4,21,10.472230911254883,12.991798400878906,11.503352642059326,10.472230911254883
a1_mechanism_periodic_s392005_20260910_r1,D2_PHYSICAL_ORBIT,train_daot_nuisance_sensitivity_multipath,4,4,4,21,10.34538459777832,12.865276336669922,11.403549909591675,10.34538459777832
a1_mechanism_periodic_s392005_20260910_r1,D2_PHYSICAL_ORBIT,train_daot_nuisance_sensitivity_phase_noise,4,4,4,21,10.353797912597656,12.883748054504395,11.404229879379272,10.353797912597656
a1_mechanism_periodic_s392005_20260910_r1,D2_PHYSICAL_ORBIT,train_daot_nuisance_sensitivity_sfo,4,4,4,21,10.357336044311523,12.874685287475586,11.409162044525146,10.357336044311523
a1_mechanism_periodic_s392005_20260910_r1,D2_PHYSICAL_ORBIT,train_daot_nuisance_sensitivity_snr,4,4,4,21,10.3533935546875,12.876997947692871,11.407808780670166,10.3533935546875
a1_mechanism_periodic_s392005_20260910_r1,D2_PHYSICAL_ORBIT,train_daot_nuisance_sensitivity_sto,4,4,4,21,10.347685813903809,12.880916595458984,11.409970045089722,10.347685813903809
a1_mechanism_periodic_s392005_20260910_r1,D2_PHYSICAL_ORBIT,train_daot_objective_computed,200,200,180,21,0.0,1.0,0.9,1.0
a1_mechanism_periodic_s392005_20260910_r1,D2_PHYSICAL_ORBIT,train_daot_orbit_dispersion,180,180,180,21,0.009867038102694662,0.11648263260386549,0.019614380160083267,0.010204833006142295
a1_mechanism_periodic_s392005_20260910_r1,D2_PHYSICAL_ORBIT,train_daot_orbit_scale,200,200,180,21,0.0,1.0,0.8025,1.0
a1_mechanism_periodic_s392005_20260910_r1,D2_PHYSICAL_ORBIT,train_daot_proto_input_available,200,200,0,,0.0,0.0,0.0,0.0
a1_mechanism_periodic_s392005_20260910_r1,D2_PHYSICAL_ORBIT,train_daot_scale_batched_enabled,200,200,200,1,1.0,1.0,1.0,1.0
a1_mechanism_periodic_s392005_20260910_r1,D2_PHYSICAL_ORBIT,train_daot_tangent_scale,200,200,140,61,0.0,1.0,0.5025,1.0
a1_mechanism_periodic_s392005_20260910_r1,D2_PHYSICAL_ORBIT,train_daot_teacher_effective_views,180,180,180,21,2.498038721514178,2.5995308300396345,2.5846757275802834,2.598962944907111
a1_mechanism_periodic_s392005_20260910_r1,D2_PHYSICAL_ORBIT,train_daot_teacher_labeled_accuracy,180,180,180,21,0.8648648648648649,0.9873662725225225,0.9621261886886887,0.9817004504504504
a1_mechanism_periodic_s392005_20260910_r1,D2_PHYSICAL_ORBIT,train_daot_teacher_labeled_confidence,180,180,180,21,0.910705986457902,0.9972840692545917,0.9878812381209017,0.996588648708017
a1_mechanism_periodic_s392005_20260910_r1,D2_PHYSICAL_ORBIT,train_daot_teacher_view_count,200,200,180,21,0.0,3.0,2.7,3.0
a1_mechanism_periodic_s392005_20260910_r1,D2_PHYSICAL_ORBIT,train_daot_u_consensus_rate,180,180,180,21,0.39938937167863586,0.9084920351569717,0.7941268604886423,0.9066212128948521
a1_mechanism_periodic_s392005_20260910_r1,D2_PHYSICAL_ORBIT,train_daot_u_logit_coverage,180,180,180,21,0.34466738636429245,0.9026660076132765,0.7812080424513902,0.9007310265893335
a1_mechanism_periodic_s392005_20260910_r1,D2_PHYSICAL_ORBIT,train_daot_u_logit_weighted_contribution,200,200,180,21,0.0,0.08606224445005257,0.06042741658909641,0.07626862623435152
a1_mechanism_periodic_s392005_20260910_r1,D2_PHYSICAL_ORBIT,train_daot_u_orbit_dispersion,180,180,180,21,0.007673405359398473,0.12427548396292033,0.0179361131336485,0.007804623356105777
a1_mechanism_periodic_s392005_20260910_r1,D2_PHYSICAL_ORBIT,train_daot_u_orbit_scale,200,200,180,21,0.0,1.0,0.8025,1.0
a1_mechanism_periodic_s392005_20260910_r1,D2_PHYSICAL_ORBIT,train_daot_worst_bucket_elevation,4,4,4,21,0.21875,0.84375,0.5859375,0.84375
a1_mechanism_periodic_s392005_20260910_r1,D2_PHYSICAL_ORBIT,train_daot_worst_bucket_snr,4,4,4,21,0.25,0.84375,0.609375,0.84375
a1_mechanism_periodic_s392005_20260910_r1,D2_PHYSICAL_ORBIT,train_dm_accept_local_component_class_coverage,200,200,0,,0.0,0.0,0.0,0.0
a1_mechanism_periodic_s392005_20260910_r1,D2_PHYSICAL_ORBIT,train_ecrs_cross_rx_successful_steps,200,200,0,,0.0,0.0,0.0,0.0
a1_mechanism_periodic_s392005_20260910_r1,D2_PHYSICAL_ORBIT,train_loss_cons_labeled,200,200,184,17,0.0,0.31929029859938063,0.18708953582488738,0.19328954198338963
a1_mechanism_periodic_s392005_20260910_r1,D2_PHYSICAL_ORBIT,train_loss_daot_fingerprint,200,200,0,,0.0,0.0,0.0,0.0
a1_mechanism_periodic_s392005_20260910_r1,D2_PHYSICAL_ORBIT,train_loss_daot_nuisance,200,200,180,21,0.0,0.6597287617288194,0.5522952871252824,0.6062517329916224
a1_mechanism_periodic_s392005_20260910_r1,D2_PHYSICAL_ORBIT,train_loss_daot_orbit_logit,200,200,180,21,0.0,10.811818225963696,5.25206525507274,4.625001208202259
a1_mechanism_periodic_s392005_20260910_r1,D2_PHYSICAL_ORBIT,train_loss_daot_orbit_proto,200,200,0,,0.0,0.0,0.0,0.0
a1_mechanism_periodic_s392005_20260910_r1,D2_PHYSICAL_ORBIT,train_loss_daot_orbit_relation,200,200,0,,0.0,0.0,0.0,0.0
a1_mechanism_periodic_s392005_20260910_r1,D2_PHYSICAL_ORBIT,train_loss_daot_orbit_z,200,200,180,21,0.0,0.38316806667559855,0.1499464800866606,0.14825370632581883
a1_mechanism_periodic_s392005_20260910_r1,D2_PHYSICAL_ORBIT,train_loss_daot_tangent,200,200,0,,0.0,0.0,0.0,0.0
a1_mechanism_periodic_s392005_20260910_r1,D2_PHYSICAL_ORBIT,train_loss_daot_total,200,200,180,21,0.0,0.8426888206520596,0.6667622096042635,0.8308740642156687
a1_mechanism_periodic_s392005_20260910_r1,D2_PHYSICAL_ORBIT,train_loss_daot_unlabeled,200,200,180,21,0.0,0.5748473612574844,0.4525221360836237,0.5645100009870959
a1_mechanism_periodic_s392005_20260910_r1,D2_PHYSICAL_ORBIT,train_loss_group_ce_labeled,200,200,200,1,1.3016417877966757,12.865582917187664,2.6099705596155744,1.6812500107932735
a1_mechanism_periodic_s392005_20260910_r1,D2_PHYSICAL_ORBIT,train_loss_sat_cls_labeled,200,200,121,80,0.0,3.759646150526834,1.6727708985141834,2.539462050722979
a1_mechanism_periodic_s392005_20260910_r1,D2_PHYSICAL_ORBIT,train_loss_sat_cons_labeled,200,200,0,,0.0,0.0,0.0,0.0
a1_mechanism_periodic_s392005_20260910_r1,D2_PHYSICAL_ORBIT,train_os_gradient_nonfinite_bundle,200,200,0,,0.0,0.0,0.0,0.0
a1_mechanism_periodic_s392005_20260910_r1,D2_PHYSICAL_ORBIT,train_rc4_effective_weighted_coverage,200,200,180,21,0.0,0.15000000488650692,0.13500000347156782,0.1500000040139164
a1_mechanism_periodic_s392005_20260910_r1,D2_PHYSICAL_ORBIT,train_rc4_hard_effective_coverage,200,200,180,21,0.0,0.15000000488650692,0.09296977640611542,0.032048288874353306
a1_mechanism_periodic_s392005_20260910_r1,D2_PHYSICAL_ORBIT,train_rc4_negative_effective_coverage,200,200,0,,0.0,0.0,0.0,0.0
a1_mechanism_periodic_s392005_20260910_r1,D2_PHYSICAL_ORBIT,train_rc4_partial_effective_coverage,200,200,113,21,0.0,0.1489022165402636,0.042030225534232406,0.11795171162298133
a1_mechanism_periodic_s392005_20260910_r1,D2_PHYSICAL_ORBIT,train_sat_anchor_class_coverage,200,200,180,21,0.0,5.936936936936937,3.4581756756756756,3.630630630630631
a1_mechanism_periodic_s392005_20260910_r1,D2_PHYSICAL_ORBIT,train_sat_anchor_receiver_coverage,200,200,180,21,0.0,5.0,3.830810810810811,3.5855855855855854
a1_mechanism_periodic_s392005_20260910_r1,D2_PHYSICAL_ORBIT,train_skipped_nonfinite_grad,200,200,20,1,0.0,0.009009009009009009,0.0004954954954954955,0.0
a1_mechanism_periodic_s392005_20260910_r1,D2_PHYSICAL_ORBIT,train_skipped_nonfinite_loss,200,200,0,,0.0,0.0,0.0,0.0
a1_mechanism_periodic_s392005_20260910_r1,D2_PHYSICAL_ORBIT,train_source_episode_local_component_coverage,181,181,181,20,1.0,1.0,1.0,1.0
a1_mechanism_periodic_s392005_20260910_r1,D2_PHYSICAL_ORBIT,train_tail_rollback_cooldown_remaining,200,200,0,,0.0,0.0,0.0,0.0
a1_mechanism_periodic_s392005_20260910_r1,D2_PHYSICAL_ORBIT,train_w_loss_cons_labeled,200,200,184,17,0.0,0.015911995827614725,0.011916972710205628,0.015462995649458052
a1_mechanism_periodic_s392005_20260910_r1,D2_PHYSICAL_ORBIT,train_w_loss_group_ce_labeled,200,200,200,1,0.2082626814156905,1.0292466065368138,0.34957495537252997,0.2689999967964517
a1_mechanism_periodic_s392005_20260910_r1,D2_PHYSICAL_ORBIT,train_w_loss_sat_cls_labeled,200,200,121,80,0.0,2.556559414309156,1.1374842226114605,1.726834211557231
a1_mechanism_periodic_s392005_20260910_r1,D2_PHYSICAL_ORBIT,train_w_loss_sat_cons_labeled,200,200,0,,0.0,0.0,0.0,0.0
a1_mechanism_periodic_s392005_20260910_r1,D2_PHYSICAL_ORBIT,val_tx_acc,200,200,200,1,39.14074074074074,98.54074074074074,97.6945,98.50740740740741
a1_mechanism_periodic_s392005_20260910_r1,D3_TANGENT,concat_sat_ce_weight,200,200,200,1,1.0,1.0,1.0,1.0
a1_mechanism_periodic_s392005_20260910_r1,D3_TANGENT,concat_sat_start_epoch,200,200,200,1,1.0,1.0,1.0,1.0
a1_mechanism_periodic_s392005_20260910_r1,D3_TANGENT,group_ce_top_frac,200,200,200,1,0.35,0.35,0.35,0.35
a1_mechanism_periodic_s392005_20260910_r1,D3_TANGENT,joint_guard_paic_cooldown_remaining,200,200,0,,0.0,0.0,0.0,0.0
a1_mechanism_periodic_s392005_20260910_r1,D3_TANGENT,lambda_cons,200,200,200,1,0.08,0.08,0.08,0.08
a1_mechanism_periodic_s392005_20260910_r1,D3_TANGENT,lambda_group_ce,200,200,200,1,0.16,0.16,0.16,0.16
a1_mechanism_periodic_s392005_20260910_r1,D3_TANGENT,loss_weight_group_ce,200,200,200,1,0.08,0.16,0.14577885253594247,0.16
a1_mechanism_periodic_s392005_20260910_r1,D3_TANGENT,lr,200,200,200,1,1.0000000000000002e-06,0.0002,8.875000000000002e-05,1.0000000000000002e-06
a1_mechanism_periodic_s392005_20260910_r1,D3_TANGENT,nonfinite_test_metric_count,200,200,200,1,1.0,1.0,1.0,1.0
a1_mechanism_periodic_s392005_20260910_r1,D3_TANGENT,nonfinite_train_metric_count,200,200,200,1,4.0,4.0,4.0,4.0
a1_mechanism_periodic_s392005_20260910_r1,D3_TANGENT,nonfinite_val_metric_count,200,200,200,1,1.0,1.0,1.0,1.0
a1_mechanism_periodic_s392005_20260910_r1,D3_TANGENT,phase2_audit_imports_balanced_tx_rx_sampler,200,200,200,1,1.0,1.0,1.0,1.0
a1_mechanism_periodic_s392005_20260910_r1,D3_TANGENT,stage_group_ce_scale,200,200,200,1,0.5,1.0,0.9111178283496403,1.0
a1_mechanism_periodic_s392005_20260910_r1,D3_TANGENT,stage_source_val_sat_floor_tx,200,200,200,1,31.244444444444444,92.56666666666666,80.0838888888889,92.53703703703704
a1_mechanism_periodic_s392005_20260910_r1,D3_TANGENT,stage_source_val_sat_mean_tx,200,200,200,1,31.86172839506173,93.32716049382715,81.03058024691357,93.31481481481482
a1_mechanism_periodic_s392005_20260910_r1,D3_TANGENT,stage_tail_rollback_cooldown_remaining,200,200,0,,0.0,0.0,0.0,0.0
a1_mechanism_periodic_s392005_20260910_r1,D3_TANGENT,train_a1_ema_effective_decay,200,200,200,1,0.9900000000000023,0.9989999999999969,0.9972399999999989,0.9989999999999969
a1_mechanism_periodic_s392005_20260910_r1,D3_TANGENT,train_a1_ema_successful_updates,200,200,200,1,110.5,44268.5,22187.896869369368,44268.5
a1_mechanism_periodic_s392005_20260910_r1,D3_TANGENT,train_concat_sat_active,200,200,200,1,1.0,1.0,1.0,1.0
a1_mechanism_periodic_s392005_20260910_r1,D3_TANGENT,train_concat_sat_applied,200,200,200,1,0.23423423423423423,0.8558558558558559,0.6510135135135136,0.8198198198198198
a1_mechanism_periodic_s392005_20260910_r1,D3_TANGENT,train_concat_sat_clean_batch_size,200,200,200,1,128.0,128.0,128.0,128.0
a1_mechanism_periodic_s392005_20260910_r1,D3_TANGENT,train_concat_sat_expanded,200,200,0,,0.0,0.0,0.0,0.0
a1_mechanism_periodic_s392005_20260910_r1,D3_TANGENT,train_concat_sat_stage_index,200,200,160,41,0.0,2.0,1.35,2.0
a1_mechanism_periodic_s392005_20260910_r1,D3_TANGENT,train_concat_sat_stage_start_epoch,200,200,200,1,1.0,91.0,60.5,91.0
a1_mechanism_periodic_s392005_20260910_r1,D3_TANGENT,train_concat_sat_total_batch_size,200,200,200,1,128.0,128.0,128.0,128.0
a1_mechanism_periodic_s392005_20260910_r1,D3_TANGENT,train_concat_sat_view_prob,200,200,200,1,0.29999999999999877,0.8000000000000016,0.65,0.8000000000000016
a1_mechanism_periodic_s392005_20260910_r1,D3_TANGENT,train_daot_batched_view_count,200,200,180,21,0.0,1.0,0.9,1.0
a1_mechanism_periodic_s392005_20260910_r1,D3_TANGENT,train_daot_clean_teacher_weight,180,180,180,21,0.2073517121575974,0.2592525505670556,0.251490851539794,0.2572935616245141
a1_mechanism_periodic_s392005_20260910_r1,D3_TANGENT,train_daot_consensus_rate,180,180,180,21,0.39569256756756754,0.8878800675675675,0.7742574605855856,0.8803842905405406
a1_mechanism_periodic_s392005_20260910_r1,D3_TANGENT,train_daot_fingerprint_selectivity,180,180,0,,0.0,0.0,0.0,0.0
a1_mechanism_periodic_s392005_20260910_r1,D3_TANGENT,train_daot_fingerprint_sensitivity,180,180,0,,0.0,0.0,0.0,0.0
a1_mechanism_periodic_s392005_20260910_r1,D3_TANGENT,train_daot_grad_ratio_fingerprint,4,4,0,,0.0,0.0,0.0,0.0
a1_mechanism_periodic_s392005_20260910_r1,D3_TANGENT,train_daot_grad_ratio_nuisance,4,4,4,21,8.261883553426761e-09,2.8134527596910178e-08,1.6264887574311358e-08,2.8134527596910178e-08
a1_mechanism_periodic_s392005_20260910_r1,D3_TANGENT,train_daot_grad_ratio_orbit_logit,4,4,4,21,7.938775654023636,14.059706396327469,11.019494487031713,11.450344342799815
a1_mechanism_periodic_s392005_20260910_r1,D3_TANGENT,train_daot_grad_ratio_orbit_proto,4,4,0,,0.0,0.0,0.0,0.0
a1_mechanism_periodic_s392005_20260910_r1,D3_TANGENT,train_daot_grad_ratio_orbit_relation,4,4,0,,0.0,0.0,0.0,0.0
a1_mechanism_periodic_s392005_20260910_r1,D3_TANGENT,train_daot_grad_ratio_orbit_z,4,4,4,21,0.02591069842795557,0.05364011817539991,0.03354323012408759,0.026936271122097368
a1_mechanism_periodic_s392005_20260910_r1,D3_TANGENT,train_daot_grad_ratio_tangent,4,4,3,61,0.0,135.13541629523752,90.69657475617328,129.0878390549874
a1_mechanism_periodic_s392005_20260910_r1,D3_TANGENT,train_daot_identity_only_used,200,200,180,21,0.0,1.0,0.9,1.0
a1_mechanism_periodic_s392005_20260910_r1,D3_TANGENT,train_daot_logit_coverage,180,180,180,21,0.3272902480922304,0.8799621333947053,0.7578708008438855,0.8721868766320718
a1_mechanism_periodic_s392005_20260910_r1,D3_TANGENT,train_daot_logit_coverage_weighting,200,200,0,,0.0,0.0,0.0,0.0
a1_mechanism_periodic_s392005_20260910_r1,D3_TANGENT,train_daot_logit_weighted_contribution,200,200,180,21,0.0,0.33050317438067617,0.2569354713534169,0.32100580914600474
a1_mechanism_periodic_s392005_20260910_r1,D3_TANGENT,train_daot_loss_scale_fingerprint,180,180,180,21,1.0,1.0,1.0,1.0
a1_mechanism_periodic_s392005_20260910_r1,D3_TANGENT,train_daot_loss_scale_nuisance,180,180,180,21,1.0,1.0,1.0,1.0
a1_mechanism_periodic_s392005_20260910_r1,D3_TANGENT,train_daot_loss_scale_orbit_logit,180,180,180,21,2.807579123633241,6.895988730505148,3.769255606048505,2.9426952474397856
a1_mechanism_periodic_s392005_20260910_r1,D3_TANGENT,train_daot_loss_scale_orbit_proto,180,180,180,21,1.0,1.0,1.0,1.0
a1_mechanism_periodic_s392005_20260910_r1,D3_TANGENT,train_daot_loss_scale_orbit_relation,180,180,180,21,1.0,1.0,1.0,1.0
a1_mechanism_periodic_s392005_20260910_r1,D3_TANGENT,train_daot_loss_scale_orbit_z,180,180,180,21,0.1439968024901342,0.38227758789993566,0.1632766409402798,0.14482403681633282
a1_mechanism_periodic_s392005_20260910_r1,D3_TANGENT,train_daot_loss_scale_tangent,180,180,180,21,1.0,244.92012060662546,180.50942139804272,230.37469653575903
a1_mechanism_periodic_s392005_20260910_r1,D3_TANGENT,train_daot_mean_metadata_skip_enabled,200,200,200,1,1.0,1.0,1.0,1.0
a1_mechanism_periodic_s392005_20260910_r1,D3_TANGENT,train_daot_nuisance_sensitivity,180,180,140,61,0.0,15.11469215530533,11.474764523873697,14.679789641955951
a1_mechanism_periodic_s392005_20260910_r1,D3_TANGENT,train_daot_nuisance_sensitivity_agc,4,4,4,21,10.730697631835938,12.296016693115234,11.15780258178711,10.730697631835938
a1_mechanism_periodic_s392005_20260910_r1,D3_TANGENT,train_daot_nuisance_sensitivity_doppler,4,4,4,21,10.898611068725586,12.714212417602539,11.424513101577759,10.976956367492676
a1_mechanism_periodic_s392005_20260910_r1,D3_TANGENT,train_daot_nuisance_sensitivity_doppler_rate,4,4,4,21,10.785184860229492,12.345756530761719,11.203367710113525,10.785184860229492
a1_mechanism_periodic_s392005_20260910_r1,D3_TANGENT,train_daot_nuisance_sensitivity_multipath,4,4,4,21,10.737481117248535,12.272220611572266,11.150953531265259,10.737481117248535
a1_mechanism_periodic_s392005_20260910_r1,D3_TANGENT,train_daot_nuisance_sensitivity_phase_noise,4,4,4,21,10.754365921020508,12.285943984985352,11.15778923034668,10.754365921020508
a1_mechanism_periodic_s392005_20260910_r1,D3_TANGENT,train_daot_nuisance_sensitivity_sfo,4,4,4,21,10.743621826171875,12.280474662780762,11.155585050582886,10.743621826171875
a1_mechanism_periodic_s392005_20260910_r1,D3_TANGENT,train_daot_nuisance_sensitivity_snr,4,4,4,21,10.734772682189941,12.293452262878418,11.154711723327637,10.734772682189941
a1_mechanism_periodic_s392005_20260910_r1,D3_TANGENT,train_daot_nuisance_sensitivity_sto,4,4,4,21,10.777911186218262,12.287598609924316,11.169844627380371,10.835826873779297
a1_mechanism_periodic_s392005_20260910_r1,D3_TANGENT,train_daot_objective_computed,200,200,180,21,0.0,1.0,0.9,1.0
a1_mechanism_periodic_s392005_20260910_r1,D3_TANGENT,train_daot_orbit_dispersion,180,180,180,21,0.009632796854586215,0.11626583738839841,0.01926166474045645,0.010045845953009284
a1_mechanism_periodic_s392005_20260910_r1,D3_TANGENT,train_daot_orbit_scale,200,200,180,21,0.0,1.0,0.8025,1.0
a1_mechanism_periodic_s392005_20260910_r1,D3_TANGENT,train_daot_proto_input_available,200,200,0,,0.0,0.0,0.0,0.0
a1_mechanism_periodic_s392005_20260910_r1,D3_TANGENT,train_daot_scale_batched_enabled,200,200,200,1,1.0,1.0,1.0,1.0
a1_mechanism_periodic_s392005_20260910_r1,D3_TANGENT,train_daot_tangent_scale,200,200,140,61,0.0,1.0,0.5025,1.0
a1_mechanism_periodic_s392005_20260910_r1,D3_TANGENT,train_daot_teacher_effective_views,180,180,180,21,2.5052966104971395,2.599864080145552,2.585695082062596,2.596988900287731
a1_mechanism_periodic_s392005_20260910_r1,D3_TANGENT,train_daot_teacher_labeled_accuracy,180,180,180,21,0.8677505630630631,0.986451295045045,0.963157688938939,0.9803983671171171
a1_mechanism_periodic_s392005_20260910_r1,D3_TANGENT,train_daot_teacher_labeled_confidence,180,180,180,21,0.9172114068054938,0.99759439412538,0.9881767309978381,0.9965650839311583
a1_mechanism_periodic_s392005_20260910_r1,D3_TANGENT,train_daot_teacher_view_count,200,200,180,21,0.0,3.0,2.7,3.0
a1_mechanism_periodic_s392005_20260910_r1,D3_TANGENT,train_daot_u_consensus_rate,180,180,180,21,0.40065853391681705,0.9107641537447233,0.7987053616239025,0.9092651116955388
a1_mechanism_periodic_s392005_20260910_r1,D3_TANGENT,train_daot_u_logit_coverage,180,180,180,21,0.3469790479352882,0.9045547249617877,0.7851939065719361,0.9030960108245816
a1_mechanism_periodic_s392005_20260910_r1,D3_TANGENT,train_daot_u_logit_weighted_contribution,200,200,180,21,0.0,0.08541378687630903,0.06003190958819998,0.07639933492031854
a1_mechanism_periodic_s392005_20260910_r1,D3_TANGENT,train_daot_u_orbit_dispersion,180,180,180,21,0.00734140700031374,0.1240756711377217,0.017579354609428503,0.0075338451403637865
a1_mechanism_periodic_s392005_20260910_r1,D3_TANGENT,train_daot_u_orbit_scale,200,200,180,21,0.0,1.0,0.8025,1.0
a1_mechanism_periodic_s392005_20260910_r1,D3_TANGENT,train_daot_worst_bucket_elevation,4,4,4,21,0.21875,0.8125,0.578125,0.8125
a1_mechanism_periodic_s392005_20260910_r1,D3_TANGENT,train_daot_worst_bucket_snr,4,4,4,21,0.28125,0.78125,0.59375,0.78125
a1_mechanism_periodic_s392005_20260910_r1,D3_TANGENT,train_dm_accept_local_component_class_coverage,200,200,0,,0.0,0.0,0.0,0.0
a1_mechanism_periodic_s392005_20260910_r1,D3_TANGENT,train_ecrs_cross_rx_successful_steps,200,200,0,,0.0,0.0,0.0,0.0
a1_mechanism_periodic_s392005_20260910_r1,D3_TANGENT,train_loss_cons_labeled,200,200,184,17,0.0,0.3224701752533784,0.1870215778522663,0.19227888777449326
a1_mechanism_periodic_s392005_20260910_r1,D3_TANGENT,train_loss_daot_fingerprint,200,200,0,,0.0,0.0,0.0,0.0
a1_mechanism_periodic_s392005_20260910_r1,D3_TANGENT,train_loss_daot_nuisance,200,200,180,21,0.0,0.6345059517267588,0.5407045575070221,0.5982950069345869
a1_mechanism_periodic_s392005_20260910_r1,D3_TANGENT,train_loss_daot_orbit_logit,200,200,180,21,0.0,11.096210563505018,5.460302745095781,4.741196664603981
a1_mechanism_periodic_s392005_20260910_r1,D3_TANGENT,train_loss_daot_orbit_proto,200,200,0,,0.0,0.0,0.0,0.0
a1_mechanism_periodic_s392005_20260910_r1,D3_TANGENT,train_loss_daot_orbit_relation,200,200,0,,0.0,0.0,0.0,0.0
a1_mechanism_periodic_s392005_20260910_r1,D3_TANGENT,train_loss_daot_orbit_z,200,200,180,21,0.0,0.376710433680732,0.149446532816064,0.14854642983760918
a1_mechanism_periodic_s392005_20260910_r1,D3_TANGENT,train_loss_daot_tangent,200,200,140,61,0.0,245.14392976503115,162.28196144069636,230.99008460517402
a1_mechanism_periodic_s392005_20260910_r1,D3_TANGENT,train_loss_daot_total,200,200,180,21,0.0,0.8847593232855067,0.692310936063998,0.8838666903006064
a1_mechanism_periodic_s392005_20260910_r1,D3_TANGENT,train_loss_daot_unlabeled,200,200,180,21,0.0,0.5750067000453537,0.4521259105243082,0.564111887066214
a1_mechanism_periodic_s392005_20260910_r1,D3_TANGENT,train_loss_group_ce_labeled,200,200,200,1,1.369580398506678,12.86536303941194,2.6104587964899837,1.7018276964154866
a1_mechanism_periodic_s392005_20260910_r1,D3_TANGENT,train_loss_sat_cls_labeled,200,200,121,80,0.0,3.690162488259375,1.6729939300007763,2.5787099117396384
a1_mechanism_periodic_s392005_20260910_r1,D3_TANGENT,train_loss_sat_cons_labeled,200,200,0,,0.0,0.0,0.0,0.0
a1_mechanism_periodic_s392005_20260910_r1,D3_TANGENT,train_os_gradient_nonfinite_bundle,200,200,0,,0.0,0.0,0.0,0.0
a1_mechanism_periodic_s392005_20260910_r1,D3_TANGENT,train_rc4_effective_weighted_coverage,200,200,180,21,0.0,0.15000000475226222,0.13500000350009483,0.15000000347693762
a1_mechanism_periodic_s392005_20260910_r1,D3_TANGENT,train_rc4_hard_effective_coverage,200,200,180,21,0.0,0.15000000481938455,0.0993874405612233,0.07951417726439398
a1_mechanism_periodic_s392005_20260910_r1,D3_TANGENT,train_rc4_negative_effective_coverage,200,200,0,,0.0,0.0,0.0,0.0
a1_mechanism_periodic_s392005_20260910_r1,D3_TANGENT,train_rc4_partial_effective_coverage,200,200,118,21,0.0,0.14859528839588165,0.03561256131225923,0.07048582245369216
a1_mechanism_periodic_s392005_20260910_r1,D3_TANGENT,train_sat_anchor_class_coverage,200,200,180,21,0.0,5.995495495495495,3.623198198198198,4.414414414414415
a1_mechanism_periodic_s392005_20260910_r1,D3_TANGENT,train_sat_anchor_receiver_coverage,200,200,180,21,0.0,5.0,4.137972972972973,4.878378378378378
a1_mechanism_periodic_s392005_20260910_r1,D3_TANGENT,train_skipped_nonfinite_grad,200,200,20,1,0.0,0.009009009009009009,0.000472972972972973,0.0
a1_mechanism_periodic_s392005_20260910_r1,D3_TANGENT,train_skipped_nonfinite_loss,200,200,0,,0.0,0.0,0.0,0.0
a1_mechanism_periodic_s392005_20260910_r1,D3_TANGENT,train_source_episode_local_component_coverage,181,181,181,20,1.0,1.0,1.0,1.0
a1_mechanism_periodic_s392005_20260910_r1,D3_TANGENT,train_tail_rollback_cooldown_remaining,200,200,0,,0.0,0.0,0.0,0.0
a1_mechanism_periodic_s392005_20260910_r1,D3_TANGENT,train_w_loss_cons_labeled,200,200,184,17,0.0,0.01585618440095369,0.011923241314587291,0.015382371507249437
a1_mechanism_periodic_s392005_20260910_r1,D3_TANGENT,train_w_loss_group_ce_labeled,200,200,200,1,0.2191328586305718,1.029229016991349,0.34941670889773213,0.2722924253945281
a1_mechanism_periodic_s392005_20260910_r1,D3_TANGENT,train_w_loss_sat_cls_labeled,200,200,121,80,0.0,2.5093105087761542,1.1376358840633927,1.7535227570632421
a1_mechanism_periodic_s392005_20260910_r1,D3_TANGENT,train_w_loss_sat_cons_labeled,200,200,0,,0.0,0.0,0.0,0.0
a1_mechanism_periodic_s392005_20260910_r1,D3_TANGENT,val_tx_acc,200,200,200,1,39.24444444444445,98.53333333333333,97.68096296296297,98.47037037037038
a1_mechanism_periodic_s392005_20260910_r1,E0_RESPONSE_ONLY,concat_sat_ce_weight,124,124,124,1,1.0,1.0,1.0,1.0
a1_mechanism_periodic_s392005_20260910_r1,E0_RESPONSE_ONLY,concat_sat_start_epoch,124,124,124,1,1.0,1.0,1.0,1.0
a1_mechanism_periodic_s392005_20260910_r1,E0_RESPONSE_ONLY,group_ce_top_frac,124,124,124,1,0.35,0.35,0.35,0.35
a1_mechanism_periodic_s392005_20260910_r1,E0_RESPONSE_ONLY,joint_guard_paic_cooldown_remaining,124,124,0,,0.0,0.0,0.0,0.0
a1_mechanism_periodic_s392005_20260910_r1,E0_RESPONSE_ONLY,lambda_cons,124,124,124,1,0.08,0.08,0.08,0.08
a1_mechanism_periodic_s392005_20260910_r1,E0_RESPONSE_ONLY,lambda_group_ce,124,124,124,1,0.16,0.16,0.16,0.16
a1_mechanism_periodic_s392005_20260910_r1,E0_RESPONSE_ONLY,loss_weight_group_ce,124,124,124,1,0.08,0.16,0.13706266538055237,0.16
a1_mechanism_periodic_s392005_20260910_r1,E0_RESPONSE_ONLY,lr,124,124,124,1,4e-05,0.0002,0.00013433876424140027,4.319892892961571e-05
a1_mechanism_periodic_s392005_20260910_r1,E0_RESPONSE_ONLY,nonfinite_test_metric_count,124,124,124,1,1.0,1.0,1.0,1.0
a1_mechanism_periodic_s392005_20260910_r1,E0_RESPONSE_ONLY,nonfinite_train_metric_count,124,124,124,1,4.0,4.0,4.0,4.0
a1_mechanism_periodic_s392005_20260910_r1,E0_RESPONSE_ONLY,nonfinite_val_metric_count,124,124,124,1,1.0,1.0,1.0,1.0
a1_mechanism_periodic_s392005_20260910_r1,E0_RESPONSE_ONLY,phase2_audit_imports_balanced_tx_rx_sampler,124,124,124,1,1.0,1.0,1.0,1.0
a1_mechanism_periodic_s392005_20260910_r1,E0_RESPONSE_ONLY,stage_group_ce_scale,124,124,124,1,0.5,1.0,0.8566416586284522,1.0
a1_mechanism_periodic_s392005_20260910_r1,E0_RESPONSE_ONLY,stage_source_val_sat_floor_tx,124,124,124,1,31.566666666666666,91.53703703703704,72.9652329749104,91.53703703703704
a1_mechanism_periodic_s392005_20260910_r1,E0_RESPONSE_ONLY,stage_source_val_sat_mean_tx,124,124,124,1,32.11111111111111,92.39629629629628,74.10402230187177,92.39629629629628
a1_mechanism_periodic_s392005_20260910_r1,E0_RESPONSE_ONLY,stage_tail_rollback_cooldown_remaining,124,124,0,,0.0,0.0,0.0,0.0
a1_mechanism_periodic_s392005_20260910_r1,E0_RESPONSE_ONLY,train_a1_ema_effective_decay,124,124,124,1,0.9900000000000023,0.9989999999999969,0.9961612903225807,0.9989999999999969
a1_mechanism_periodic_s392005_20260910_r1,E0_RESPONSE_ONLY,train_a1_ema_successful_updates,124,124,124,1,110.5,27403.454954954956,13755.122893054344,27403.454954954956
a1_mechanism_periodic_s392005_20260910_r1,E0_RESPONSE_ONLY,train_concat_sat_active,124,124,124,1,1.0,1.0,1.0,1.0
a1_mechanism_periodic_s392005_20260910_r1,E0_RESPONSE_ONLY,train_concat_sat_applied,124,124,124,1,0.23423423423423423,0.8558558558558559,0.5590671316477768,0.8108108108108109
a1_mechanism_periodic_s392005_20260910_r1,E0_RESPONSE_ONLY,train_concat_sat_clean_batch_size,124,124,124,1,128.0,128.0,128.0,128.0
a1_mechanism_periodic_s392005_20260910_r1,E0_RESPONSE_ONLY,train_concat_sat_expanded,124,124,0,,0.0,0.0,0.0,0.0
a1_mechanism_periodic_s392005_20260910_r1,E0_RESPONSE_ONLY,train_concat_sat_stage_index,124,124,84,41,0.0,2.0,0.9516129032258065,2.0
a1_mechanism_periodic_s392005_20260910_r1,E0_RESPONSE_ONLY,train_concat_sat_stage_start_epoch,124,124,124,1,1.0,91.0,41.806451612903224,91.0
a1_mechanism_periodic_s392005_20260910_r1,E0_RESPONSE_ONLY,train_concat_sat_total_batch_size,124,124,124,1,128.0,128.0,128.0,128.0
a1_mechanism_periodic_s392005_20260910_r1,E0_RESPONSE_ONLY,train_concat_sat_view_prob,124,124,124,1,0.29999999999999877,0.8000000000000016,0.5580645161290313,0.8000000000000016
a1_mechanism_periodic_s392005_20260910_r1,E0_RESPONSE_ONLY,train_daot_batched_view_count,124,124,104,21,0.0,1.0,0.8387096774193549,1.0
a1_mechanism_periodic_s392005_20260910_r1,E0_RESPONSE_ONLY,train_daot_clean_teacher_weight,104,104,104,21,0.4999942529845882,0.5000036264862027,0.4999994015655457,0.4999952517651223
a1_mechanism_periodic_s392005_20260910_r1,E0_RESPONSE_ONLY,train_daot_consensus_rate,104,104,104,21,0.5445875563063063,0.9301097972972973,0.8054498684381497,0.9281390765765766
a1_mechanism_periodic_s392005_20260910_r1,E0_RESPONSE_ONLY,train_daot_fingerprint_selectivity,104,104,0,,0.0,0.0,0.0,0.0
a1_mechanism_periodic_s392005_20260910_r1,E0_RESPONSE_ONLY,train_daot_fingerprint_sensitivity,104,104,0,,0.0,0.0,0.0,0.0
a1_mechanism_periodic_s392005_20260910_r1,E0_RESPONSE_ONLY,train_daot_grad_ratio_fingerprint,2,2,0,,0.0,0.0,0.0,0.0
a1_mechanism_periodic_s392005_20260910_r1,E0_RESPONSE_ONLY,train_daot_grad_ratio_nuisance,2,2,2,21,4.236210220216712e-09,7.434888014371439e-09,5.8355491172940755e-09,7.434888014371439e-09
a1_mechanism_periodic_s392005_20260910_r1,E0_RESPONSE_ONLY,train_daot_grad_ratio_orbit_logit,2,2,2,21,3.975105045046884,6.913958732894965,5.444531888970925,6.913958732894965
a1_mechanism_periodic_s392005_20260910_r1,E0_RESPONSE_ONLY,train_daot_grad_ratio_orbit_proto,2,2,0,,0.0,0.0,0.0,0.0
a1_mechanism_periodic_s392005_20260910_r1,E0_RESPONSE_ONLY,train_daot_grad_ratio_orbit_relation,2,2,0,,0.0,0.0,0.0,0.0
a1_mechanism_periodic_s392005_20260910_r1,E0_RESPONSE_ONLY,train_daot_grad_ratio_orbit_z,2,2,2,21,0.018853852762346916,0.021478496276476598,0.02016617451941176,0.021478496276476598
a1_mechanism_periodic_s392005_20260910_r1,E0_RESPONSE_ONLY,train_daot_grad_ratio_tangent,2,2,0,,0.0,0.0,0.0,0.0
a1_mechanism_periodic_s392005_20260910_r1,E0_RESPONSE_ONLY,train_daot_identity_only_used,124,124,104,21,0.0,1.0,0.8387096774193549,1.0
a1_mechanism_periodic_s392005_20260910_r1,E0_RESPONSE_ONLY,train_daot_logit_coverage,104,104,104,21,0.4429618675295297,0.9198010418866132,0.7770683353415697,0.9179604254864357
a1_mechanism_periodic_s392005_20260910_r1,E0_RESPONSE_ONLY,train_daot_logit_coverage_weighting,124,124,0,,0.0,0.0,0.0,0.0
a1_mechanism_periodic_s392005_20260910_r1,E0_RESPONSE_ONLY,train_daot_logit_weighted_contribution,124,124,104,21,0.0,0.3253345500241529,0.2163630127580576,0.31937498854355767
a1_mechanism_periodic_s392005_20260910_r1,E0_RESPONSE_ONLY,train_daot_loss_scale_fingerprint,104,104,104,21,1.0,1.0,1.0,1.0
a1_mechanism_periodic_s392005_20260910_r1,E0_RESPONSE_ONLY,train_daot_loss_scale_nuisance,104,104,104,21,1.0,1.0,1.0,1.0
a1_mechanism_periodic_s392005_20260910_r1,E0_RESPONSE_ONLY,train_daot_loss_scale_orbit_logit,104,104,104,21,3.8084050480862737,9.20903479226603,5.609403173822211,3.8084050480862737
a1_mechanism_periodic_s392005_20260910_r1,E0_RESPONSE_ONLY,train_daot_loss_scale_orbit_proto,104,104,104,21,1.0,1.0,1.0,1.0
a1_mechanism_periodic_s392005_20260910_r1,E0_RESPONSE_ONLY,train_daot_loss_scale_orbit_relation,104,104,104,21,1.0,1.0,1.0,1.0
a1_mechanism_periodic_s392005_20260910_r1,E0_RESPONSE_ONLY,train_daot_loss_scale_orbit_z,104,104,104,21,0.1471613796802441,0.3385897926152677,0.17478152790583257,0.1471613796802441
a1_mechanism_periodic_s392005_20260910_r1,E0_RESPONSE_ONLY,train_daot_loss_scale_tangent,104,104,104,21,1.0,1.0,1.0,1.0
a1_mechanism_periodic_s392005_20260910_r1,E0_RESPONSE_ONLY,train_daot_mean_metadata_skip_enabled,124,124,124,1,1.0,1.0,1.0,1.0
a1_mechanism_periodic_s392005_20260910_r1,E0_RESPONSE_ONLY,train_daot_nuisance_sensitivity,104,104,0,,0.0,0.0,0.0,0.0
a1_mechanism_periodic_s392005_20260910_r1,E0_RESPONSE_ONLY,train_daot_nuisance_sensitivity_agc,2,2,2,21,10.610889434814453,13.090517044067383,11.850703239440918,10.610889434814453
a1_mechanism_periodic_s392005_20260910_r1,E0_RESPONSE_ONLY,train_daot_nuisance_sensitivity_doppler,2,2,2,21,10.696341514587402,13.717785835266113,12.207063674926758,10.696341514587402
a1_mechanism_periodic_s392005_20260910_r1,E0_RESPONSE_ONLY,train_daot_nuisance_sensitivity_doppler_rate,2,2,2,21,10.61762809753418,13.235097885131836,11.926362991333008,10.61762809753418
a1_mechanism_periodic_s392005_20260910_r1,E0_RESPONSE_ONLY,train_daot_nuisance_sensitivity_multipath,2,2,2,21,10.619688034057617,13.059402465820312,11.839545249938965,10.619688034057617
a1_mechanism_periodic_s392005_20260910_r1,E0_RESPONSE_ONLY,train_daot_nuisance_sensitivity_phase_noise,2,2,2,21,10.599569320678711,13.084551811218262,11.842060565948486,10.599569320678711
a1_mechanism_periodic_s392005_20260910_r1,E0_RESPONSE_ONLY,train_daot_nuisance_sensitivity_sfo,2,2,2,21,10.598089218139648,13.089024543762207,11.843556880950928,10.598089218139648
a1_mechanism_periodic_s392005_20260910_r1,E0_RESPONSE_ONLY,train_daot_nuisance_sensitivity_snr,2,2,2,21,10.590795516967773,13.111869812011719,11.851332664489746,10.590795516967773
a1_mechanism_periodic_s392005_20260910_r1,E0_RESPONSE_ONLY,train_daot_nuisance_sensitivity_sto,2,2,2,21,10.547901153564453,13.12658405303955,11.837242603302002,10.547901153564453
a1_mechanism_periodic_s392005_20260910_r1,E0_RESPONSE_ONLY,train_daot_objective_computed,124,124,104,21,0.0,1.0,0.8387096774193549,1.0
a1_mechanism_periodic_s392005_20260910_r1,E0_RESPONSE_ONLY,train_daot_orbit_dispersion,104,104,104,21,0.010311258560348605,0.15736432487631705,0.03346787923195279,0.010555119867235221
a1_mechanism_periodic_s392005_20260910_r1,E0_RESPONSE_ONLY,train_daot_orbit_scale,124,124,104,21,0.0,1.0,0.6814516129032258,1.0
a1_mechanism_periodic_s392005_20260910_r1,E0_RESPONSE_ONLY,train_daot_proto_input_available,124,124,0,,0.0,0.0,0.0,0.0
a1_mechanism_periodic_s392005_20260910_r1,E0_RESPONSE_ONLY,train_daot_scale_batched_enabled,124,124,124,1,1.0,1.0,1.0,1.0
a1_mechanism_periodic_s392005_20260910_r1,E0_RESPONSE_ONLY,train_daot_tangent_scale,124,124,64,61,0.0,0.8000000000000016,0.20967741935483872,0.8000000000000016
a1_mechanism_periodic_s392005_20260910_r1,E0_RESPONSE_ONLY,train_daot_teacher_effective_views,104,104,104,21,1.9999984588708963,1.9999999994630213,1.9999992471660746,1.9999986113728703
a1_mechanism_periodic_s392005_20260910_r1,E0_RESPONSE_ONLY,train_daot_teacher_labeled_accuracy,104,104,104,21,0.8638795045045045,0.9833896396396397,0.9522607794092169,0.980152027027027
a1_mechanism_periodic_s392005_20260910_r1,E0_RESPONSE_ONLY,train_daot_teacher_labeled_confidence,104,104,104,21,0.9162745542891391,0.9970426766185073,0.9838730669964417,0.9967798292636871
a1_mechanism_periodic_s392005_20260910_r1,E0_RESPONSE_ONLY,train_daot_teacher_view_count,124,124,104,21,0.0,2.0,1.6774193548387097,2.0
a1_mechanism_periodic_s392005_20260910_r1,E0_RESPONSE_ONLY,train_daot_u_consensus_rate,104,104,104,21,0.5470855810620763,0.9456377367715578,0.8243605471548527,0.9456377367715578
a1_mechanism_periodic_s392005_20260910_r1,E0_RESPONSE_ONLY,train_daot_u_logit_coverage,104,104,104,21,0.4762334392682926,0.9384769201278687,0.8037270455726385,0.9384769201278687
a1_mechanism_periodic_s392005_20260910_r1,E0_RESPONSE_ONLY,train_daot_u_logit_weighted_contribution,124,124,104,21,0.0,0.08759371411088887,0.05310366422437926,0.07646815484674933
a1_mechanism_periodic_s392005_20260910_r1,E0_RESPONSE_ONLY,train_daot_u_orbit_dispersion,104,104,104,21,0.007794408734913009,0.17620000813726908,0.03361862422259257,0.007794408734913009
a1_mechanism_periodic_s392005_20260910_r1,E0_RESPONSE_ONLY,train_daot_u_orbit_scale,124,124,104,21,0.0,1.0,0.6814516129032258,1.0
a1_mechanism_periodic_s392005_20260910_r1,E0_RESPONSE_ONLY,train_daot_worst_bucket_elevation,2,2,2,21,0.1875,0.59375,0.390625,0.59375
a1_mechanism_periodic_s392005_20260910_r1,E0_RESPONSE_ONLY,train_daot_worst_bucket_snr,2,2,2,21,0.21875,0.59375,0.40625,0.59375
a1_mechanism_periodic_s392005_20260910_r1,E0_RESPONSE_ONLY,train_dm_accept_local_component_class_coverage,124,124,0,,0.0,0.0,0.0,0.0
a1_mechanism_periodic_s392005_20260910_r1,E0_RESPONSE_ONLY,train_ecrs_cross_rx_successful_steps,124,124,0,,0.0,0.0,0.0,0.0
a1_mechanism_periodic_s392005_20260910_r1,E0_RESPONSE_ONLY,train_loss_cons_labeled,124,124,108,17,0.0,0.32210341444960583,0.18654791098353268,0.19615764446086711
a1_mechanism_periodic_s392005_20260910_r1,E0_RESPONSE_ONLY,train_loss_daot_fingerprint,124,124,0,,0.0,0.0,0.0,0.0
a1_mechanism_periodic_s392005_20260910_r1,E0_RESPONSE_ONLY,train_loss_daot_nuisance,124,124,104,21,0.0,0.6769166341773024,0.5504746448743382,0.6479584118267437
a1_mechanism_periodic_s392005_20260910_r1,E0_RESPONSE_ONLY,train_loss_daot_orbit_logit,124,124,104,21,0.0,14.587881683229327,7.477730025509976,6.0970155892071425
a1_mechanism_periodic_s392005_20260910_r1,E0_RESPONSE_ONLY,train_loss_daot_orbit_proto,124,124,0,,0.0,0.0,0.0,0.0
a1_mechanism_periodic_s392005_20260910_r1,E0_RESPONSE_ONLY,train_loss_daot_orbit_relation,124,124,0,,0.0,0.0,0.0,0.0
a1_mechanism_periodic_s392005_20260910_r1,E0_RESPONSE_ONLY,train_loss_daot_orbit_z,124,124,104,21,0.0,0.33772515062544795,0.14901552133454862,0.15043352396638543
a1_mechanism_periodic_s392005_20260910_r1,E0_RESPONSE_ONLY,train_loss_daot_tangent,124,124,0,,0.0,0.0,0.0,0.0
a1_mechanism_periodic_s392005_20260910_r1,E0_RESPONSE_ONLY,train_loss_daot_total,124,124,104,21,0.0,0.8398741770972002,0.5647671929159965,0.8303736942308443
a1_mechanism_periodic_s392005_20260910_r1,E0_RESPONSE_ONLY,train_loss_daot_unlabeled,124,124,104,21,0.0,0.5755807937265517,0.38598264767347856,0.566540425962156
a1_mechanism_periodic_s392005_20260910_r1,E0_RESPONSE_ONLY,train_loss_group_ce_labeled,124,124,124,1,1.496599135568013,12.865720336501663,3.138815471168745,1.773849165822203
a1_mechanism_periodic_s392005_20260910_r1,E0_RESPONSE_ONLY,train_loss_sat_cls_labeled,124,124,45,80,0.0,3.6389667896369287,1.1328488454281318,2.6765005335920735
a1_mechanism_periodic_s392005_20260910_r1,E0_RESPONSE_ONLY,train_loss_sat_cons_labeled,124,124,0,,0.0,0.0,0.0,0.0
a1_mechanism_periodic_s392005_20260910_r1,E0_RESPONSE_ONLY,train_os_gradient_nonfinite_bundle,124,124,0,,0.0,0.0,0.0,0.0
a1_mechanism_periodic_s392005_20260910_r1,E0_RESPONSE_ONLY,train_rc4_effective_weighted_coverage,124,124,104,21,0.0,0.15000000455089518,0.12580645476126612,0.15000000421528345
a1_mechanism_periodic_s392005_20260910_r1,E0_RESPONSE_ONLY,train_rc4_hard_effective_coverage,124,124,104,21,0.0,0.15000000455089518,0.10774850412519142,0.13188605648171794
a1_mechanism_periodic_s392005_20260910_r1,E0_RESPONSE_ONLY,train_rc4_negative_effective_coverage,124,124,0,,0.0,0.0,0.0,0.0
a1_mechanism_periodic_s392005_20260910_r1,E0_RESPONSE_ONLY,train_rc4_partial_effective_coverage,124,124,92,21,0.0,0.1438493220521523,0.01805794958313457,0.018113944937106902
a1_mechanism_periodic_s392005_20260910_r1,E0_RESPONSE_ONLY,train_response_ce_weighted,124,124,124,1,0.14986460464628967,0.2675930739523054,0.17105960149823562,0.15705460021356205
a1_mechanism_periodic_s392005_20260910_r1,E0_RESPONSE_ONLY,train_response_valid_count,124,124,124,1,128.0,128.0,128.0,128.0
a1_mechanism_periodic_s392005_20260910_r1,E0_RESPONSE_ONLY,train_sat_anchor_class_coverage,124,124,104,21,0.0,5.954954954954955,3.061682650392328,4.184684684684685
a1_mechanism_periodic_s392005_20260910_r1,E0_RESPONSE_ONLY,train_sat_anchor_receiver_coverage,124,124,104,21,0.0,5.0,4.034437663469921,5.0
a1_mechanism_periodic_s392005_20260910_r1,E0_RESPONSE_ONLY,train_skipped_nonfinite_grad,124,124,14,1,0.0,0.009009009009009009,0.0005448997384481256,0.0045045045045045045
a1_mechanism_periodic_s392005_20260910_r1,E0_RESPONSE_ONLY,train_skipped_nonfinite_loss,124,124,0,,0.0,0.0,0.0,0.0
a1_mechanism_periodic_s392005_20260910_r1,E0_RESPONSE_ONLY,train_source_episode_local_component_coverage,105,105,105,20,1.0,1.0,1.0,1.0
a1_mechanism_periodic_s392005_20260910_r1,E0_RESPONSE_ONLY,train_tail_rollback_cooldown_remaining,124,124,0,,0.0,0.0,0.0,0.0
a1_mechanism_periodic_s392005_20260910_r1,E0_RESPONSE_ONLY,train_w_loss_cons_labeled,124,124,108,17,0.0,0.01614857579136754,0.009889762161152891,0.015692289885099943
a1_mechanism_periodic_s392005_20260910_r1,E0_RESPONSE_ONLY,train_w_loss_group_ce_labeled,124,124,124,1,0.23945585644996917,1.0292576049362216,0.3924745691692742,0.2838158605301434
a1_mechanism_periodic_s392005_20260910_r1,E0_RESPONSE_ONLY,train_w_loss_sat_cls_labeled,124,124,45,80,0.0,2.47449744429003,0.7703372232383151,1.8200203863052264
a1_mechanism_periodic_s392005_20260910_r1,E0_RESPONSE_ONLY,train_w_loss_sat_cons_labeled,124,124,0,,0.0,0.0,0.0,0.0
a1_mechanism_periodic_s392005_20260910_r1,E0_RESPONSE_ONLY,val_tx_acc,124,124,124,1,38.81481481481482,98.51851851851852,97.21335125448029,98.4888888888889
a1_mechanism_periodic_s392005_20260910_r1,E1_RESPONSE_FUSED,concat_sat_ce_weight,42,42,42,1,1.0,1.0,1.0,1.0
a1_mechanism_periodic_s392005_20260910_r1,E1_RESPONSE_FUSED,concat_sat_start_epoch,42,42,42,1,1.0,1.0,1.0,1.0
a1_mechanism_periodic_s392005_20260910_r1,E1_RESPONSE_FUSED,group_ce_top_frac,42,42,42,1,0.35,0.35,0.35,0.35
a1_mechanism_periodic_s392005_20260910_r1,E1_RESPONSE_FUSED,joint_guard_paic_cooldown_remaining,42,42,0,,0.0,0.0,0.0,0.0
a1_mechanism_periodic_s392005_20260910_r1,E1_RESPONSE_FUSED,lambda_cons,42,42,42,1,0.08,0.08,0.08,0.08
a1_mechanism_periodic_s392005_20260910_r1,E1_RESPONSE_FUSED,lambda_group_ce,42,42,42,1,0.16,0.16,0.16,0.16
a1_mechanism_periodic_s392005_20260910_r1,E1_RESPONSE_FUSED,loss_weight_group_ce,42,42,42,1,0.08,0.12627048538003266,0.10319370872720175,0.12627048538003266
a1_mechanism_periodic_s392005_20260910_r1,E1_RESPONSE_FUSED,lr,42,42,42,1,4e-05,0.0002,0.00018344780564295276,0.0001768010710703843
a1_mechanism_periodic_s392005_20260910_r1,E1_RESPONSE_FUSED,nonfinite_test_metric_count,42,42,42,1,1.0,1.0,1.0,1.0
a1_mechanism_periodic_s392005_20260910_r1,E1_RESPONSE_FUSED,nonfinite_train_metric_count,42,42,42,1,4.0,4.0,4.0,4.0
a1_mechanism_periodic_s392005_20260910_r1,E1_RESPONSE_FUSED,nonfinite_val_metric_count,42,42,42,1,1.0,1.0,1.0,1.0
a1_mechanism_periodic_s392005_20260910_r1,E1_RESPONSE_FUSED,phase2_audit_imports_balanced_tx_rx_sampler,42,42,42,1,1.0,1.0,1.0,1.0
a1_mechanism_periodic_s392005_20260910_r1,E1_RESPONSE_FUSED,stage_group_ce_scale,42,42,42,1,0.5,0.7891905336252041,0.644960679545011,0.7891905336252041
a1_mechanism_periodic_s392005_20260910_r1,E1_RESPONSE_FUSED,stage_source_val_sat_floor_tx,42,42,42,1,17.118518518518517,66.95185185185186,50.49532627865962,17.118518518518517
a1_mechanism_periodic_s392005_20260910_r1,E1_RESPONSE_FUSED,stage_source_val_sat_mean_tx,42,42,42,1,17.193827160493825,68.35802469135803,51.59356261022928,17.193827160493825
a1_mechanism_periodic_s392005_20260910_r1,E1_RESPONSE_FUSED,stage_tail_rollback_cooldown_remaining,42,42,0,,0.0,0.0,0.0,0.0
a1_mechanism_periodic_s392005_20260910_r1,E1_RESPONSE_FUSED,train_a1_ema_effective_decay,42,42,42,1,0.9900000000000024,0.9950000000000029,0.9930952380952408,0.9950000000000029
a1_mechanism_periodic_s392005_20260910_r1,E1_RESPONSE_FUSED,train_a1_ema_successful_updates,42,42,42,1,110.5,9203.495495495496,4657.822930072931,9203.495495495496
a1_mechanism_periodic_s392005_20260910_r1,E1_RESPONSE_FUSED,train_concat_sat_active,42,42,42,1,1.0,1.0,1.0,1.0
a1_mechanism_periodic_s392005_20260910_r1,E1_RESPONSE_FUSED,train_concat_sat_applied,42,42,42,1,0.23423423423423423,0.6396396396396397,0.31467181467181465,0.581081081081081
a1_mechanism_periodic_s392005_20260910_r1,E1_RESPONSE_FUSED,train_concat_sat_clean_batch_size,42,42,42,1,128.0,128.0,128.0,128.0
a1_mechanism_periodic_s392005_20260910_r1,E1_RESPONSE_FUSED,train_concat_sat_expanded,42,42,0,,0.0,0.0,0.0,0.0
a1_mechanism_periodic_s392005_20260910_r1,E1_RESPONSE_FUSED,train_concat_sat_stage_index,42,42,2,41,0.0,1.0,0.047619047619047616,1.0
a1_mechanism_periodic_s392005_20260910_r1,E1_RESPONSE_FUSED,train_concat_sat_stage_start_epoch,42,42,42,1,1.0,41.0,2.9047619047619047,41.0
a1_mechanism_periodic_s392005_20260910_r1,E1_RESPONSE_FUSED,train_concat_sat_total_batch_size,42,42,42,1,128.0,128.0,128.0,128.0
a1_mechanism_periodic_s392005_20260910_r1,E1_RESPONSE_FUSED,train_concat_sat_view_prob,42,42,42,1,0.29999999999999877,0.5999999999999975,0.314285714285713,0.5999999999999975
a1_mechanism_periodic_s392005_20260910_r1,E1_RESPONSE_FUSED,train_daot_batched_view_count,42,42,22,21,0.0,1.0,0.5238095238095238,1.0
a1_mechanism_periodic_s392005_20260910_r1,E1_RESPONSE_FUSED,train_daot_clean_teacher_weight,22,22,22,21,0.4999905203108315,0.5000190011284373,0.5000009827749051,0.500001979572279
a1_mechanism_periodic_s392005_20260910_r1,E1_RESPONSE_FUSED,train_daot_consensus_rate,22,22,22,21,0.5516258445945946,0.682397240990991,0.6161813446969697,0.6258094031531531
a1_mechanism_periodic_s392005_20260910_r1,E1_RESPONSE_FUSED,train_daot_fingerprint_selectivity,22,22,0,,0.0,0.0,0.0,0.0
a1_mechanism_periodic_s392005_20260910_r1,E1_RESPONSE_FUSED,train_daot_fingerprint_sensitivity,22,22,0,,0.0,0.0,0.0,0.0
a1_mechanism_periodic_s392005_20260910_r1,E1_RESPONSE_FUSED,train_daot_grad_ratio_fingerprint,1,1,0,,0.0,0.0,0.0,0.0
a1_mechanism_periodic_s392005_20260910_r1,E1_RESPONSE_FUSED,train_daot_grad_ratio_nuisance,1,1,1,21,8.755970801771612e-09,8.755970801771612e-09,8.755970801771612e-09,8.755970801771612e-09
a1_mechanism_periodic_s392005_20260910_r1,E1_RESPONSE_FUSED,train_daot_grad_ratio_orbit_logit,1,1,1,21,12.781864563848984,12.781864563848984,12.781864563848984,12.781864563848984
a1_mechanism_periodic_s392005_20260910_r1,E1_RESPONSE_FUSED,train_daot_grad_ratio_orbit_proto,1,1,0,,0.0,0.0,0.0,0.0
a1_mechanism_periodic_s392005_20260910_r1,E1_RESPONSE_FUSED,train_daot_grad_ratio_orbit_relation,1,1,0,,0.0,0.0,0.0,0.0
a1_mechanism_periodic_s392005_20260910_r1,E1_RESPONSE_FUSED,train_daot_grad_ratio_orbit_z,1,1,1,21,0.044490423940484906,0.044490423940484906,0.044490423940484906,0.044490423940484906
a1_mechanism_periodic_s392005_20260910_r1,E1_RESPONSE_FUSED,train_daot_grad_ratio_tangent,1,1,0,,0.0,0.0,0.0,0.0
a1_mechanism_periodic_s392005_20260910_r1,E1_RESPONSE_FUSED,train_daot_identity_only_used,42,42,22,21,0.0,1.0,0.5238095238095238,1.0
a1_mechanism_periodic_s392005_20260910_r1,E1_RESPONSE_FUSED,train_daot_logit_coverage,22,22,22,21,0.4521102361582421,0.6333266896707518,0.5329247476391182,0.5769534468113839
a1_mechanism_periodic_s392005_20260910_r1,E1_RESPONSE_FUSED,train_daot_logit_coverage_weighting,42,42,0,,0.0,0.0,0.0,0.0
a1_mechanism_periodic_s392005_20260910_r1,E1_RESPONSE_FUSED,train_daot_logit_weighted_contribution,42,42,22,21,0.0,0.17094084942663038,0.04794212872279726,0.17094084942663038
a1_mechanism_periodic_s392005_20260910_r1,E1_RESPONSE_FUSED,train_daot_loss_scale_fingerprint,22,22,22,21,1.0,1.0,1.0,1.0
a1_mechanism_periodic_s392005_20260910_r1,E1_RESPONSE_FUSED,train_daot_loss_scale_nuisance,22,22,22,21,1.0,1.0,1.0,1.0
a1_mechanism_periodic_s392005_20260910_r1,E1_RESPONSE_FUSED,train_daot_loss_scale_orbit_logit,22,22,22,21,7.04522253814181,14.317218327359868,8.434127031370561,14.317218327359868
a1_mechanism_periodic_s392005_20260910_r1,E1_RESPONSE_FUSED,train_daot_loss_scale_orbit_proto,22,22,22,21,1.0,1.0,1.0,1.0
a1_mechanism_periodic_s392005_20260910_r1,E1_RESPONSE_FUSED,train_daot_loss_scale_orbit_relation,22,22,22,21,1.0,1.0,1.0,1.0
a1_mechanism_periodic_s392005_20260910_r1,E1_RESPONSE_FUSED,train_daot_loss_scale_orbit_z,22,22,22,21,0.19175284136378,0.3368242626741926,0.25073243308902554,0.33188247834932477
a1_mechanism_periodic_s392005_20260910_r1,E1_RESPONSE_FUSED,train_daot_loss_scale_tangent,22,22,22,21,1.0,1.0,1.0,1.0
a1_mechanism_periodic_s392005_20260910_r1,E1_RESPONSE_FUSED,train_daot_mean_metadata_skip_enabled,42,42,42,1,1.0,1.0,1.0,1.0
a1_mechanism_periodic_s392005_20260910_r1,E1_RESPONSE_FUSED,train_daot_nuisance_sensitivity,22,22,0,,0.0,0.0,0.0,0.0
a1_mechanism_periodic_s392005_20260910_r1,E1_RESPONSE_FUSED,train_daot_nuisance_sensitivity_agc,1,1,1,21,12.871912002563477,12.871912002563477,12.871912002563477,12.871912002563477
a1_mechanism_periodic_s392005_20260910_r1,E1_RESPONSE_FUSED,train_daot_nuisance_sensitivity_doppler,1,1,1,21,13.262331008911133,13.262331008911133,13.262331008911133,13.262331008911133
a1_mechanism_periodic_s392005_20260910_r1,E1_RESPONSE_FUSED,train_daot_nuisance_sensitivity_doppler_rate,1,1,1,21,12.970943450927734,12.970943450927734,12.970943450927734,12.970943450927734
a1_mechanism_periodic_s392005_20260910_r1,E1_RESPONSE_FUSED,train_daot_nuisance_sensitivity_multipath,1,1,1,21,12.836221694946289,12.836221694946289,12.836221694946289,12.836221694946289
a1_mechanism_periodic_s392005_20260910_r1,E1_RESPONSE_FUSED,train_daot_nuisance_sensitivity_phase_noise,1,1,1,21,12.87016487121582,12.87016487121582,12.87016487121582,12.87016487121582
a1_mechanism_periodic_s392005_20260910_r1,E1_RESPONSE_FUSED,train_daot_nuisance_sensitivity_sfo,1,1,1,21,12.855274200439453,12.855274200439453,12.855274200439453,12.855274200439453
a1_mechanism_periodic_s392005_20260910_r1,E1_RESPONSE_FUSED,train_daot_nuisance_sensitivity_snr,1,1,1,21,12.861108779907227,12.861108779907227,12.861108779907227,12.861108779907227
a1_mechanism_periodic_s392005_20260910_r1,E1_RESPONSE_FUSED,train_daot_nuisance_sensitivity_sto,1,1,1,21,12.897130966186523,12.897130966186523,12.897130966186523,12.897130966186523
a1_mechanism_periodic_s392005_20260910_r1,E1_RESPONSE_FUSED,train_daot_objective_computed,42,42,22,21,0.0,1.0,0.5238095238095238,1.0
a1_mechanism_periodic_s392005_20260910_r1,E1_RESPONSE_FUSED,train_daot_orbit_dispersion,22,22,22,21,0.048307420417397946,0.1548126334039209,0.09404995447798135,0.07832630829432526
a1_mechanism_periodic_s392005_20260910_r1,E1_RESPONSE_FUSED,train_daot_orbit_scale,42,42,22,21,0.0,0.549999999999998,0.15059523809523806,0.549999999999998
a1_mechanism_periodic_s392005_20260910_r1,E1_RESPONSE_FUSED,train_daot_proto_input_available,42,42,0,,0.0,0.0,0.0,0.0
a1_mechanism_periodic_s392005_20260910_r1,E1_RESPONSE_FUSED,train_daot_scale_batched_enabled,42,42,42,1,1.0,1.0,1.0,1.0
a1_mechanism_periodic_s392005_20260910_r1,E1_RESPONSE_FUSED,train_daot_tangent_scale,42,42,0,,0.0,0.0,0.0,0.0
a1_mechanism_periodic_s392005_20260910_r1,E1_RESPONSE_FUSED,train_daot_teacher_effective_views,22,22,22,21,1.999968360136221,1.9999999994630213,1.999997042686992,1.999998693530624
a1_mechanism_periodic_s392005_20260910_r1,E1_RESPONSE_FUSED,train_daot_teacher_labeled_accuracy,22,22,22,21,0.8699676238738738,0.9339808558558559,0.9025469005937755,0.8979448198198198
a1_mechanism_periodic_s392005_20260910_r1,E1_RESPONSE_FUSED,train_daot_teacher_labeled_confidence,22,22,22,21,0.9210055792653883,0.9864696806615537,0.9479031711511685,0.9864696806615537
a1_mechanism_periodic_s392005_20260910_r1,E1_RESPONSE_FUSED,train_daot_teacher_view_count,42,42,22,21,0.0,2.0,1.0476190476190477,2.0
a1_mechanism_periodic_s392005_20260910_r1,E1_RESPONSE_FUSED,train_daot_u_consensus_rate,22,22,22,21,0.5612421897617547,0.7042936961930077,0.6295410890458647,0.6414837846616367
a1_mechanism_periodic_s392005_20260910_r1,E1_RESPONSE_FUSED,train_daot_u_logit_coverage,22,22,22,21,0.488103273484084,0.6637146698461996,0.5669631213743017,0.6006062634893365
a1_mechanism_periodic_s392005_20260910_r1,E1_RESPONSE_FUSED,train_daot_u_logit_weighted_contribution,42,42,22,21,0.0,0.05586355039430363,0.011873458744021627,0.05586355039430363
a1_mechanism_periodic_s392005_20260910_r1,E1_RESPONSE_FUSED,train_daot_u_orbit_dispersion,22,22,22,21,0.0506965083716152,0.17314754728529905,0.10377792520242622,0.07602083714897032
a1_mechanism_periodic_s392005_20260910_r1,E1_RESPONSE_FUSED,train_daot_u_orbit_scale,42,42,22,21,0.0,0.549999999999998,0.15059523809523806,0.549999999999998
a1_mechanism_periodic_s392005_20260910_r1,E1_RESPONSE_FUSED,train_daot_worst_bucket_elevation,1,1,1,21,0.1875,0.1875,0.1875,0.1875
a1_mechanism_periodic_s392005_20260910_r1,E1_RESPONSE_FUSED,train_daot_worst_bucket_snr,1,1,1,21,0.25,0.25,0.25,0.25
a1_mechanism_periodic_s392005_20260910_r1,E1_RESPONSE_FUSED,train_dm_accept_local_component_class_coverage,42,42,0,,0.0,0.0,0.0,0.0
a1_mechanism_periodic_s392005_20260910_r1,E1_RESPONSE_FUSED,train_ecrs_cross_rx_successful_steps,42,42,0,,0.0,0.0,0.0,0.0
a1_mechanism_periodic_s392005_20260910_r1,E1_RESPONSE_FUSED,train_loss_cons_labeled,42,42,26,17,0.0,0.32050440332911034,0.16361795930277376,0.2628635715793919
a1_mechanism_periodic_s392005_20260910_r1,E1_RESPONSE_FUSED,train_loss_daot_fingerprint,42,42,0,,0.0,0.0,0.0,0.0
a1_mechanism_periodic_s392005_20260910_r1,E1_RESPONSE_FUSED,train_loss_daot_nuisance,42,42,22,21,0.0,0.7458401147846703,0.3254650338480576,0.7160275444254145
a1_mechanism_periodic_s392005_20260910_r1,E1_RESPONSE_FUSED,train_loss_daot_orbit_logit,42,42,22,21,0.0,22.09056264860136,7.027870808789169,22.09056264860136
a1_mechanism_periodic_s392005_20260910_r1,E1_RESPONSE_FUSED,train_loss_daot_orbit_proto,42,42,0,,0.0,0.0,0.0,0.0
a1_mechanism_periodic_s392005_20260910_r1,E1_RESPONSE_FUSED,train_loss_daot_orbit_relation,42,42,0,,0.0,0.0,0.0,0.0
a1_mechanism_periodic_s392005_20260910_r1,E1_RESPONSE_FUSED,train_loss_daot_orbit_z,42,42,22,21,0.0,0.3448484838680104,0.13161703790623913,0.3448484838680104
a1_mechanism_periodic_s392005_20260910_r1,E1_RESPONSE_FUSED,train_loss_daot_tangent,42,42,0,,0.0,0.0,0.0,0.0
a1_mechanism_periodic_s392005_20260910_r1,E1_RESPONSE_FUSED,train_loss_daot_total,42,42,22,21,0.0,0.45740939408272235,0.12378293273156228,0.45740939408272235
a1_mechanism_periodic_s392005_20260910_r1,E1_RESPONSE_FUSED,train_loss_daot_unlabeled,42,42,22,21,0.0,0.3369107361849364,0.0870130835636389,0.3369107361849364
a1_mechanism_periodic_s392005_20260910_r1,E1_RESPONSE_FUSED,train_loss_group_ce_labeled,42,42,42,1,3.2155878811000704,12.854676951159227,4.864151662865239,7.824446864493258
a1_mechanism_periodic_s392005_20260910_r1,E1_RESPONSE_FUSED,train_loss_sat_cls_labeled,42,42,0,,0.0,0.0,0.0,0.0
a1_mechanism_periodic_s392005_20260910_r1,E1_RESPONSE_FUSED,train_loss_sat_cons_labeled,42,42,0,,0.0,0.0,0.0,0.0
a1_mechanism_periodic_s392005_20260910_r1,E1_RESPONSE_FUSED,train_os_gradient_nonfinite_bundle,42,42,0,,0.0,0.0,0.0,0.0
a1_mechanism_periodic_s392005_20260910_r1,E1_RESPONSE_FUSED,train_rc4_effective_weighted_coverage,42,42,22,21,0.0,0.15000000455089518,0.07703702434488295,0.12713365679657138
a1_mechanism_periodic_s392005_20260910_r1,E1_RESPONSE_FUSED,train_rc4_hard_effective_coverage,42,42,22,21,0.0,0.15000000448377282,0.05475704605429038,0.07870545553731488
a1_mechanism_periodic_s392005_20260910_r1,E1_RESPONSE_FUSED,train_rc4_negative_effective_coverage,42,42,0,,0.0,0.0,0.0,0.0
a1_mechanism_periodic_s392005_20260910_r1,E1_RESPONSE_FUSED,train_rc4_partial_effective_coverage,42,42,10,21,0.0,0.14938021256580009,0.022279977827256728,0.04842820113340208
a1_mechanism_periodic_s392005_20260910_r1,E1_RESPONSE_FUSED,train_response_ce_weighted,42,42,42,1,0.15767522052198918,0.26759367617400914,0.18621501964942444,0.15767522052198918
a1_mechanism_periodic_s392005_20260910_r1,E1_RESPONSE_FUSED,train_response_valid_count,42,42,42,1,128.0,128.0,128.0,128.0
a1_mechanism_periodic_s392005_20260910_r1,E1_RESPONSE_FUSED,train_sat_anchor_class_coverage,42,42,22,21,0.0,4.9774774774774775,1.8791291291291292,3.0
a1_mechanism_periodic_s392005_20260910_r1,E1_RESPONSE_FUSED,train_sat_anchor_receiver_coverage,42,42,22,21,0.0,5.0,2.188974688974689,4.963963963963964
a1_mechanism_periodic_s392005_20260910_r1,E1_RESPONSE_FUSED,train_skipped_nonfinite_grad,42,42,9,1,0.0,0.013513513513513514,0.0012870012870012872,0.013513513513513514
a1_mechanism_periodic_s392005_20260910_r1,E1_RESPONSE_FUSED,train_skipped_nonfinite_loss,42,42,1,42,0.0,0.0045045045045045045,0.00010725010725010725,0.0045045045045045045
a1_mechanism_periodic_s392005_20260910_r1,E1_RESPONSE_FUSED,train_source_episode_local_component_coverage,23,23,23,20,1.0,1.0,1.0,1.0
a1_mechanism_periodic_s392005_20260910_r1,E1_RESPONSE_FUSED,train_tail_rollback_cooldown_remaining,42,42,0,,0.0,0.0,0.0,0.0
a1_mechanism_periodic_s392005_20260910_r1,E1_RESPONSE_FUSED,train_w_loss_cons_labeled,42,42,26,17,0.0,0.007644309653892173,0.0033587292507962067,0.007644309653892173
a1_mechanism_periodic_s392005_20260910_r1,E1_RESPONSE_FUSED,train_w_loss_group_ce_labeled,42,42,42,1,0.3236215126339917,1.028374133346317,0.48495899212951377,0.9879967209522251
a1_mechanism_periodic_s392005_20260910_r1,E1_RESPONSE_FUSED,train_w_loss_sat_cls_labeled,42,42,0,,0.0,0.0,0.0,0.0
a1_mechanism_periodic_s392005_20260910_r1,E1_RESPONSE_FUSED,train_w_loss_sat_cons_labeled,42,42,0,,0.0,0.0,0.0,0.0
a1_mechanism_periodic_s392005_20260910_r1,E1_RESPONSE_FUSED,val_tx_acc,42,42,42,1,29.144444444444446,98.33703703703704,93.1905643738977,29.144444444444446
a1_mechanism_periodic_s392005_20260910_r1,E2_RESPONSE_PAIR,concat_sat_ce_weight,54,54,54,1,1.0,1.0,1.0,1.0
a1_mechanism_periodic_s392005_20260910_r1,E2_RESPONSE_PAIR,concat_sat_start_epoch,54,54,54,1,1.0,1.0,1.0,1.0
a1_mechanism_periodic_s392005_20260910_r1,E2_RESPONSE_PAIR,group_ce_top_frac,54,54,54,1,0.35,0.35,0.35,0.35
a1_mechanism_periodic_s392005_20260910_r1,E2_RESPONSE_PAIR,joint_guard_paic_cooldown_remaining,54,54,0,,0.0,0.0,0.0,0.0
a1_mechanism_periodic_s392005_20260910_r1,E2_RESPONSE_PAIR,lambda_cons,54,54,54,1,0.08,0.08,0.08,0.08
a1_mechanism_periodic_s392005_20260910_r1,E2_RESPONSE_PAIR,lambda_group_ce,54,54,54,1,0.16,0.16,0.16,0.16
a1_mechanism_periodic_s392005_20260910_r1,E2_RESPONSE_PAIR,loss_weight_group_ce,54,54,54,1,0.08,0.1397240504260049,0.10987155407595395,0.1397240504260049
a1_mechanism_periodic_s392005_20260910_r1,E2_RESPONSE_PAIR,lr,54,54,54,1,4e-05,0.0002,0.00018003636619579394,0.00016019198002881465
a1_mechanism_periodic_s392005_20260910_r1,E2_RESPONSE_PAIR,nonfinite_test_metric_count,54,54,54,1,1.0,1.0,1.0,1.0
a1_mechanism_periodic_s392005_20260910_r1,E2_RESPONSE_PAIR,nonfinite_train_metric_count,54,54,54,1,4.0,4.0,4.0,4.0
a1_mechanism_periodic_s392005_20260910_r1,E2_RESPONSE_PAIR,nonfinite_val_metric_count,54,54,54,1,1.0,1.0,1.0,1.0
a1_mechanism_periodic_s392005_20260910_r1,E2_RESPONSE_PAIR,phase2_audit_imports_balanced_tx_rx_sampler,54,54,54,1,1.0,1.0,1.0,1.0
a1_mechanism_periodic_s392005_20260910_r1,E2_RESPONSE_PAIR,stage_group_ce_scale,54,54,54,1,0.5,0.8732753151625305,0.6866972129747121,0.8732753151625305
a1_mechanism_periodic_s392005_20260910_r1,E2_RESPONSE_PAIR,stage_source_val_sat_floor_tx,54,54,54,1,31.548148148148147,72.71851851851852,55.90857338820302,72.71851851851852
a1_mechanism_periodic_s392005_20260910_r1,E2_RESPONSE_PAIR,stage_source_val_sat_mean_tx,54,54,54,1,32.216049382716044,74.3395061728395,57.15653863740284,74.3395061728395
a1_mechanism_periodic_s392005_20260910_r1,E2_RESPONSE_PAIR,stage_tail_rollback_cooldown_remaining,54,54,0,,0.0,0.0,0.0,0.0
a1_mechanism_periodic_s392005_20260910_r1,E2_RESPONSE_PAIR,train_a1_ema_effective_decay,54,54,54,1,0.9900000000000024,0.9950000000000029,0.9935185185185212,0.9950000000000029
a1_mechanism_periodic_s392005_20260910_r1,E2_RESPONSE_PAIR,train_a1_ema_successful_updates,54,54,54,1,110.5,11856.896396396396,5987.2830330330335,11856.896396396396
a1_mechanism_periodic_s392005_20260910_r1,E2_RESPONSE_PAIR,train_concat_sat_active,54,54,54,1,1.0,1.0,1.0,1.0
a1_mechanism_periodic_s392005_20260910_r1,E2_RESPONSE_PAIR,train_concat_sat_applied,54,54,54,1,0.23423423423423423,0.6396396396396397,0.3790457123790457,0.581081081081081
a1_mechanism_periodic_s392005_20260910_r1,E2_RESPONSE_PAIR,train_concat_sat_clean_batch_size,54,54,54,1,128.0,128.0,128.0,128.0
a1_mechanism_periodic_s392005_20260910_r1,E2_RESPONSE_PAIR,train_concat_sat_expanded,54,54,0,,0.0,0.0,0.0,0.0
a1_mechanism_periodic_s392005_20260910_r1,E2_RESPONSE_PAIR,train_concat_sat_stage_index,54,54,14,41,0.0,1.0,0.25925925925925924,1.0
a1_mechanism_periodic_s392005_20260910_r1,E2_RESPONSE_PAIR,train_concat_sat_stage_start_epoch,54,54,54,1,1.0,41.0,11.37037037037037,41.0
a1_mechanism_periodic_s392005_20260910_r1,E2_RESPONSE_PAIR,train_concat_sat_total_batch_size,54,54,54,1,128.0,128.0,128.0,128.0
a1_mechanism_periodic_s392005_20260910_r1,E2_RESPONSE_PAIR,train_concat_sat_view_prob,54,54,54,1,0.29999999999999877,0.5999999999999975,0.3777777777777762,0.5999999999999975
a1_mechanism_periodic_s392005_20260910_r1,E2_RESPONSE_PAIR,train_daot_batched_view_count,54,54,34,21,0.0,1.0,0.6296296296296297,1.0
a1_mechanism_periodic_s392005_20260910_r1,E2_RESPONSE_PAIR,train_daot_clean_teacher_weight,34,34,34,21,0.4999953727195929,0.5000024815131953,0.4999998542260542,0.4999971576370634
a1_mechanism_periodic_s392005_20260910_r1,E2_RESPONSE_PAIR,train_daot_consensus_rate,34,34,34,21,0.5499366554054054,0.7365920608108109,0.6575562235029146,0.7365920608108109
a1_mechanism_periodic_s392005_20260910_r1,E2_RESPONSE_PAIR,train_daot_fingerprint_selectivity,34,34,0,,0.0,0.0,0.0,0.0
a1_mechanism_periodic_s392005_20260910_r1,E2_RESPONSE_PAIR,train_daot_fingerprint_sensitivity,34,34,0,,0.0,0.0,0.0,0.0
a1_mechanism_periodic_s392005_20260910_r1,E2_RESPONSE_PAIR,train_daot_grad_ratio_fingerprint,1,1,0,,0.0,0.0,0.0,0.0
a1_mechanism_periodic_s392005_20260910_r1,E2_RESPONSE_PAIR,train_daot_grad_ratio_nuisance,1,1,1,21,8.853172370218812e-09,8.853172370218812e-09,8.853172370218812e-09,8.853172370218812e-09
a1_mechanism_periodic_s392005_20260910_r1,E2_RESPONSE_PAIR,train_daot_grad_ratio_orbit_logit,1,1,1,21,13.270314193234679,13.270314193234679,13.270314193234679,13.270314193234679
a1_mechanism_periodic_s392005_20260910_r1,E2_RESPONSE_PAIR,train_daot_grad_ratio_orbit_proto,1,1,0,,0.0,0.0,0.0,0.0
a1_mechanism_periodic_s392005_20260910_r1,E2_RESPONSE_PAIR,train_daot_grad_ratio_orbit_relation,1,1,0,,0.0,0.0,0.0,0.0
a1_mechanism_periodic_s392005_20260910_r1,E2_RESPONSE_PAIR,train_daot_grad_ratio_orbit_z,1,1,1,21,0.04274200665385435,0.04274200665385435,0.04274200665385435,0.04274200665385435
a1_mechanism_periodic_s392005_20260910_r1,E2_RESPONSE_PAIR,train_daot_grad_ratio_tangent,1,1,0,,0.0,0.0,0.0,0.0
a1_mechanism_periodic_s392005_20260910_r1,E2_RESPONSE_PAIR,train_daot_identity_only_used,54,54,34,21,0.0,1.0,0.6296296296296297,1.0
a1_mechanism_periodic_s392005_20260910_r1,E2_RESPONSE_PAIR,train_daot_logit_coverage,34,34,34,21,0.4523051258948472,0.699173352068609,0.5896426679622767,0.699173352068609
a1_mechanism_periodic_s392005_20260910_r1,E2_RESPONSE_PAIR,train_daot_logit_coverage_weighting,54,54,0,,0.0,0.0,0.0,0.0
a1_mechanism_periodic_s392005_20260910_r1,E2_RESPONSE_PAIR,train_daot_logit_weighted_contribution,54,54,34,21,0.0,0.2691979714342066,0.08782112397821257,0.2691979714342066
a1_mechanism_periodic_s392005_20260910_r1,E2_RESPONSE_PAIR,train_daot_loss_scale_fingerprint,34,34,34,21,1.0,1.0,1.0,1.0
a1_mechanism_periodic_s392005_20260910_r1,E2_RESPONSE_PAIR,train_daot_loss_scale_nuisance,34,34,34,21,1.0,1.0,1.0,1.0
a1_mechanism_periodic_s392005_20260910_r1,E2_RESPONSE_PAIR,train_daot_loss_scale_orbit_logit,34,34,34,21,7.192701786941689,9.359189423958576,7.989601469093968,7.759882612713216
a1_mechanism_periodic_s392005_20260910_r1,E2_RESPONSE_PAIR,train_daot_loss_scale_orbit_proto,34,34,34,21,1.0,1.0,1.0,1.0
a1_mechanism_periodic_s392005_20260910_r1,E2_RESPONSE_PAIR,train_daot_loss_scale_orbit_relation,34,34,34,21,1.0,1.0,1.0,1.0
a1_mechanism_periodic_s392005_20260910_r1,E2_RESPONSE_PAIR,train_daot_loss_scale_orbit_z,34,34,34,21,0.18709039834112418,0.3314019997966142,0.22431144439253908,0.19559690526472484
a1_mechanism_periodic_s392005_20260910_r1,E2_RESPONSE_PAIR,train_daot_loss_scale_tangent,34,34,34,21,1.0,1.0,1.0,1.0
a1_mechanism_periodic_s392005_20260910_r1,E2_RESPONSE_PAIR,train_daot_mean_metadata_skip_enabled,54,54,54,1,1.0,1.0,1.0,1.0
a1_mechanism_periodic_s392005_20260910_r1,E2_RESPONSE_PAIR,train_daot_nuisance_sensitivity,34,34,0,,0.0,0.0,0.0,0.0
a1_mechanism_periodic_s392005_20260910_r1,E2_RESPONSE_PAIR,train_daot_nuisance_sensitivity_agc,1,1,1,21,12.799402236938477,12.799402236938477,12.799402236938477,12.799402236938477
a1_mechanism_periodic_s392005_20260910_r1,E2_RESPONSE_PAIR,train_daot_nuisance_sensitivity_doppler,1,1,1,21,13.368980407714844,13.368980407714844,13.368980407714844,13.368980407714844
a1_mechanism_periodic_s392005_20260910_r1,E2_RESPONSE_PAIR,train_daot_nuisance_sensitivity_doppler_rate,1,1,1,21,12.929978370666504,12.929978370666504,12.929978370666504,12.929978370666504
a1_mechanism_periodic_s392005_20260910_r1,E2_RESPONSE_PAIR,train_daot_nuisance_sensitivity_multipath,1,1,1,21,12.75056266784668,12.75056266784668,12.75056266784668,12.75056266784668
a1_mechanism_periodic_s392005_20260910_r1,E2_RESPONSE_PAIR,train_daot_nuisance_sensitivity_phase_noise,1,1,1,21,12.79377269744873,12.79377269744873,12.79377269744873,12.79377269744873
a1_mechanism_periodic_s392005_20260910_r1,E2_RESPONSE_PAIR,train_daot_nuisance_sensitivity_sfo,1,1,1,21,12.78361701965332,12.78361701965332,12.78361701965332,12.78361701965332
a1_mechanism_periodic_s392005_20260910_r1,E2_RESPONSE_PAIR,train_daot_nuisance_sensitivity_snr,1,1,1,21,12.800622940063477,12.800622940063477,12.800622940063477,12.800622940063477
a1_mechanism_periodic_s392005_20260910_r1,E2_RESPONSE_PAIR,train_daot_nuisance_sensitivity_sto,1,1,1,21,12.82198715209961,12.82198715209961,12.82198715209961,12.82198715209961
a1_mechanism_periodic_s392005_20260910_r1,E2_RESPONSE_PAIR,train_daot_objective_computed,54,54,34,21,0.0,1.0,0.6296296296296297,1.0
a1_mechanism_periodic_s392005_20260910_r1,E2_RESPONSE_PAIR,train_daot_orbit_dispersion,34,34,34,21,0.043430915077191753,0.15384160856473017,0.07411812757937486,0.043430915077191753
a1_mechanism_periodic_s392005_20260910_r1,E2_RESPONSE_PAIR,train_daot_orbit_scale,54,54,34,21,0.0,0.8499999999999966,0.2754629629629629,0.8499999999999966
a1_mechanism_periodic_s392005_20260910_r1,E2_RESPONSE_PAIR,train_daot_proto_input_available,54,54,0,,0.0,0.0,0.0,0.0
a1_mechanism_periodic_s392005_20260910_r1,E2_RESPONSE_PAIR,train_daot_scale_batched_enabled,54,54,54,1,1.0,1.0,1.0,1.0
a1_mechanism_periodic_s392005_20260910_r1,E2_RESPONSE_PAIR,train_daot_tangent_scale,54,54,0,,0.0,0.0,0.0,0.0
a1_mechanism_periodic_s392005_20260910_r1,E2_RESPONSE_PAIR,train_daot_teacher_effective_views,34,34,34,21,1.999997731264647,2.0,1.99999947076003,1.9999986618488759
a1_mechanism_periodic_s392005_20260910_r1,E2_RESPONSE_PAIR,train_daot_teacher_labeled_accuracy,34,34,34,21,0.8709177927927928,0.9475295608108109,0.913555329226285,0.9293003941441441
a1_mechanism_periodic_s392005_20260910_r1,E2_RESPONSE_PAIR,train_daot_teacher_labeled_confidence,34,34,34,21,0.920888397339228,0.9885855260733012,0.9606183661462836,0.9837643262502309
a1_mechanism_periodic_s392005_20260910_r1,E2_RESPONSE_PAIR,train_daot_teacher_view_count,54,54,34,21,0.0,2.0,1.2592592592592593,2.0
a1_mechanism_periodic_s392005_20260910_r1,E2_RESPONSE_PAIR,train_daot_u_consensus_rate,34,34,34,21,0.5701115681781425,0.7644330316835696,0.6771157200477333,0.7644330316835696
a1_mechanism_periodic_s392005_20260910_r1,E2_RESPONSE_PAIR,train_daot_u_logit_coverage,34,34,34,21,0.4932586052664765,0.7342659165193369,0.624523169948869,0.7342659165193369
a1_mechanism_periodic_s392005_20260910_r1,E2_RESPONSE_PAIR,train_daot_u_logit_weighted_contribution,54,54,34,21,0.0,0.06663833937800683,0.02116382029992255,0.06663833937800683
a1_mechanism_periodic_s392005_20260910_r1,E2_RESPONSE_PAIR,train_daot_u_orbit_dispersion,34,34,34,21,0.04086006207911818,0.17242104499726682,0.07958782400203465,0.04087067330004396
a1_mechanism_periodic_s392005_20260910_r1,E2_RESPONSE_PAIR,train_daot_u_orbit_scale,54,54,34,21,0.0,0.8499999999999966,0.2754629629629629,0.8499999999999966
a1_mechanism_periodic_s392005_20260910_r1,E2_RESPONSE_PAIR,train_daot_worst_bucket_elevation,1,1,1,21,0.1875,0.1875,0.1875,0.1875
a1_mechanism_periodic_s392005_20260910_r1,E2_RESPONSE_PAIR,train_daot_worst_bucket_snr,1,1,1,21,0.21875,0.21875,0.21875,0.21875
a1_mechanism_periodic_s392005_20260910_r1,E2_RESPONSE_PAIR,train_dm_accept_local_component_class_coverage,54,54,0,,0.0,0.0,0.0,0.0
a1_mechanism_periodic_s392005_20260910_r1,E2_RESPONSE_PAIR,train_ecrs_cross_rx_successful_steps,54,54,0,,0.0,0.0,0.0,0.0
a1_mechanism_periodic_s392005_20260910_r1,E2_RESPONSE_PAIR,train_loss_cons_labeled,54,54,38,17,0.0,0.3221435546875,0.17656637757549215,0.23331100876266891
a1_mechanism_periodic_s392005_20260910_r1,E2_RESPONSE_PAIR,train_loss_daot_fingerprint,54,54,0,,0.0,0.0,0.0,0.0
a1_mechanism_periodic_s392005_20260910_r1,E2_RESPONSE_PAIR,train_loss_daot_nuisance,54,54,34,21,0.0,0.7611987335724874,0.41964380895053305,0.6591633504575437
a1_mechanism_periodic_s392005_20260910_r1,E2_RESPONSE_PAIR,train_loss_daot_orbit_logit,54,54,34,21,0.0,14.432196980124122,8.024688772292864,12.302567464811307
a1_mechanism_periodic_s392005_20260910_r1,E2_RESPONSE_PAIR,train_loss_daot_orbit_proto,54,54,0,,0.0,0.0,0.0,0.0
a1_mechanism_periodic_s392005_20260910_r1,E2_RESPONSE_PAIR,train_loss_daot_orbit_relation,54,54,0,,0.0,0.0,0.0,0.0
a1_mechanism_periodic_s392005_20260910_r1,E2_RESPONSE_PAIR,train_loss_daot_orbit_z,54,54,34,21,0.0,0.3305933513754123,0.14212656694579054,0.2001530586464985
a1_mechanism_periodic_s392005_20260910_r1,E2_RESPONSE_PAIR,train_loss_daot_tangent,54,54,0,,0.0,0.0,0.0,0.0
a1_mechanism_periodic_s392005_20260910_r1,E2_RESPONSE_PAIR,train_loss_daot_total,54,54,34,21,0.0,0.7040335734685262,0.22747045144751668,0.7040335734685262
a1_mechanism_periodic_s392005_20260910_r1,E2_RESPONSE_PAIR,train_loss_daot_unlabeled,54,54,34,21,0.0,0.4818208649888769,0.15688243090370244,0.4818208649888769
a1_mechanism_periodic_s392005_20260910_r1,E2_RESPONSE_PAIR,train_loss_group_ce_labeled,54,54,54,1,2.88454660679306,12.855284420219627,4.53045496198886,3.7802127948752395
a1_mechanism_periodic_s392005_20260910_r1,E2_RESPONSE_PAIR,train_loss_sat_cls_labeled,54,54,0,,0.0,0.0,0.0,0.0
a1_mechanism_periodic_s392005_20260910_r1,E2_RESPONSE_PAIR,train_loss_sat_cons_labeled,54,54,0,,0.0,0.0,0.0,0.0
a1_mechanism_periodic_s392005_20260910_r1,E2_RESPONSE_PAIR,train_os_gradient_nonfinite_bundle,54,54,0,,0.0,0.0,0.0,0.0
a1_mechanism_periodic_s392005_20260910_r1,E2_RESPONSE_PAIR,train_rc4_effective_weighted_coverage,54,54,34,21,0.0,0.15000000468513988,0.07662610157477133,0.08868656421566869
a1_mechanism_periodic_s392005_20260910_r1,E2_RESPONSE_PAIR,train_rc4_hard_effective_coverage,54,54,34,21,0.0,0.15000000421528345,0.05489856658831567,0.06795664799508748
a1_mechanism_periodic_s392005_20260910_r1,E2_RESPONSE_PAIR,train_rc4_negative_effective_coverage,54,54,0,,0.0,0.0,0.0,0.0
a1_mechanism_periodic_s392005_20260910_r1,E2_RESPONSE_PAIR,train_rc4_partial_effective_coverage,54,54,24,21,0.0,0.14690653644166551,0.021727534492233143,0.020729916799511458
a1_mechanism_periodic_s392005_20260910_r1,E2_RESPONSE_PAIR,train_response_ce_weighted,54,54,54,1,0.15801944244686547,0.2675944694259145,0.18249220408755298,0.1683533688721893
a1_mechanism_periodic_s392005_20260910_r1,E2_RESPONSE_PAIR,train_response_pair_count,34,34,34,21,255.40540540540542,255.40540540540542,255.4054054054054,255.40540540540542
a1_mechanism_periodic_s392005_20260910_r1,E2_RESPONSE_PAIR,train_response_pair_weighted,34,34,34,21,0.0008982972683477308,0.016976609100327566,0.011643382530309882,0.015578107107095085
a1_mechanism_periodic_s392005_20260910_r1,E2_RESPONSE_PAIR,train_response_valid_count,54,54,54,1,128.0,128.0,128.0,128.0
a1_mechanism_periodic_s392005_20260910_r1,E2_RESPONSE_PAIR,train_sat_anchor_class_coverage,54,54,34,21,0.0,5.945945945945946,1.9428595261928594,2.1486486486486487
a1_mechanism_periodic_s392005_20260910_r1,E2_RESPONSE_PAIR,train_sat_anchor_receiver_coverage,54,54,34,21,0.0,5.0,2.7108775442108772,4.995495495495495
a1_mechanism_periodic_s392005_20260910_r1,E2_RESPONSE_PAIR,train_skipped_nonfinite_grad,54,54,13,1,0.0,0.0045045045045045045,0.0010844177510844178,0.0
a1_mechanism_periodic_s392005_20260910_r1,E2_RESPONSE_PAIR,train_skipped_nonfinite_loss,54,54,3,52,0.0,0.018018018018018018,0.0008341675008341675,0.018018018018018018
a1_mechanism_periodic_s392005_20260910_r1,E2_RESPONSE_PAIR,train_source_episode_local_component_coverage,35,35,35,20,1.0,1.0,1.0,1.0
a1_mechanism_periodic_s392005_20260910_r1,E2_RESPONSE_PAIR,train_tail_rollback_cooldown_remaining,54,54,0,,0.0,0.0,0.0,0.0
a1_mechanism_periodic_s392005_20260910_r1,E2_RESPONSE_PAIR,train_w_loss_cons_labeled,54,54,38,17,0.0,0.009662250140765766,0.0043867142708809885,0.009662250140765766
a1_mechanism_periodic_s392005_20260910_r1,E2_RESPONSE_PAIR,train_w_loss_group_ce_labeled,54,54,54,1,0.3223529155659783,1.0284227355643436,0.4770611488791093,0.5281866269672776
a1_mechanism_periodic_s392005_20260910_r1,E2_RESPONSE_PAIR,train_w_loss_sat_cls_labeled,54,54,0,,0.0,0.0,0.0,0.0
a1_mechanism_periodic_s392005_20260910_r1,E2_RESPONSE_PAIR,train_w_loss_sat_cons_labeled,54,54,0,,0.0,0.0,0.0,0.0
a1_mechanism_periodic_s392005_20260910_r1,E2_RESPONSE_PAIR,val_tx_acc,54,54,54,1,39.45185185185185,98.34814814814816,95.54190672153635,97.88888888888889
a1_mechanism_periodic_s392005_20260910_r1,F0_R3_REFERENCE,concat_sat_ce_weight,200,200,200,1,1.0,1.0,1.0,1.0
a1_mechanism_periodic_s392005_20260910_r1,F0_R3_REFERENCE,concat_sat_start_epoch,200,200,200,1,1.0,1.0,1.0,1.0
a1_mechanism_periodic_s392005_20260910_r1,F0_R3_REFERENCE,group_ce_top_frac,200,200,200,1,0.35,0.35,0.35,0.35
a1_mechanism_periodic_s392005_20260910_r1,F0_R3_REFERENCE,joint_guard_paic_cooldown_remaining,200,200,0,,0.0,0.0,0.0,0.0
a1_mechanism_periodic_s392005_20260910_r1,F0_R3_REFERENCE,lambda_cons,200,200,200,1,0.08,0.08,0.08,0.08
a1_mechanism_periodic_s392005_20260910_r1,F0_R3_REFERENCE,lambda_group_ce,200,200,200,1,0.16,0.16,0.16,0.16
a1_mechanism_periodic_s392005_20260910_r1,F0_R3_REFERENCE,loss_weight_group_ce,200,200,200,1,0.08,0.16,0.14577885253594247,0.16
a1_mechanism_periodic_s392005_20260910_r1,F0_R3_REFERENCE,lr,200,200,200,1,1.0000000000000002e-06,0.0002,8.875000000000002e-05,1.0000000000000002e-06
a1_mechanism_periodic_s392005_20260910_r1,F0_R3_REFERENCE,nonfinite_test_metric_count,200,200,200,1,1.0,1.0,1.0,1.0
a1_mechanism_periodic_s392005_20260910_r1,F0_R3_REFERENCE,nonfinite_train_metric_count,200,200,200,1,4.0,4.0,4.0,4.0
a1_mechanism_periodic_s392005_20260910_r1,F0_R3_REFERENCE,nonfinite_val_metric_count,200,200,200,1,1.0,1.0,1.0,1.0
a1_mechanism_periodic_s392005_20260910_r1,F0_R3_REFERENCE,phase2_audit_imports_balanced_tx_rx_sampler,200,200,200,1,1.0,1.0,1.0,1.0
a1_mechanism_periodic_s392005_20260910_r1,F0_R3_REFERENCE,stage_group_ce_scale,200,200,200,1,0.5,1.0,0.9111178283496403,1.0
a1_mechanism_periodic_s392005_20260910_r1,F0_R3_REFERENCE,stage_source_val_sat_floor_tx,200,200,200,1,25.192592592592593,92.24814814814815,80.30527777777777,92.21851851851852
a1_mechanism_periodic_s392005_20260910_r1,F0_R3_REFERENCE,stage_source_val_sat_mean_tx,200,200,200,1,25.696296296296296,93.07530864197531,81.3480061728395,93.0172839506173
a1_mechanism_periodic_s392005_20260910_r1,F0_R3_REFERENCE,stage_tail_rollback_cooldown_remaining,200,200,0,,0.0,0.0,0.0,0.0
a1_mechanism_periodic_s392005_20260910_r1,F0_R3_REFERENCE,train_a1_ema_effective_decay,200,200,200,1,0.9900000000000024,0.9989999999999969,0.9972399999999989,0.9989999999999969
a1_mechanism_periodic_s392005_20260910_r1,F0_R3_REFERENCE,train_a1_ema_successful_updates,200,200,200,1,110.5,44268.14864864865,22187.80195945946,44268.14864864865
a1_mechanism_periodic_s392005_20260910_r1,F0_R3_REFERENCE,train_concat_sat_active,200,200,200,1,1.0,1.0,1.0,1.0
a1_mechanism_periodic_s392005_20260910_r1,F0_R3_REFERENCE,train_concat_sat_applied,200,200,200,1,0.23423423423423423,0.8558558558558559,0.6510135135135136,0.8198198198198198
a1_mechanism_periodic_s392005_20260910_r1,F0_R3_REFERENCE,train_concat_sat_clean_batch_size,200,200,200,1,128.0,128.0,128.0,128.0
a1_mechanism_periodic_s392005_20260910_r1,F0_R3_REFERENCE,train_concat_sat_expanded,200,200,0,,0.0,0.0,0.0,0.0
a1_mechanism_periodic_s392005_20260910_r1,F0_R3_REFERENCE,train_concat_sat_stage_index,200,200,160,41,0.0,2.0,1.35,2.0
a1_mechanism_periodic_s392005_20260910_r1,F0_R3_REFERENCE,train_concat_sat_stage_start_epoch,200,200,200,1,1.0,91.0,60.5,91.0
a1_mechanism_periodic_s392005_20260910_r1,F0_R3_REFERENCE,train_concat_sat_total_batch_size,200,200,200,1,128.0,128.0,128.0,128.0
a1_mechanism_periodic_s392005_20260910_r1,F0_R3_REFERENCE,train_concat_sat_view_prob,200,200,200,1,0.29999999999999877,0.8000000000000016,0.65,0.8000000000000016
a1_mechanism_periodic_s392005_20260910_r1,F0_R3_REFERENCE,train_daot_batched_view_count,200,200,180,21,0.0,1.0,0.9,1.0
a1_mechanism_periodic_s392005_20260910_r1,F0_R3_REFERENCE,train_daot_clean_teacher_weight,180,180,180,21,0.4999981031224534,0.5000023612299481,0.49999986167426586,0.5000009202473873
a1_mechanism_periodic_s392005_20260910_r1,F0_R3_REFERENCE,train_daot_consensus_rate,180,180,180,21,0.5548282657657657,0.9403505067567568,0.8603670076326325,0.935670045045045
a1_mechanism_periodic_s392005_20260910_r1,F0_R3_REFERENCE,train_daot_fingerprint_selectivity,180,180,0,,0.0,0.0,0.0,0.0
a1_mechanism_periodic_s392005_20260910_r1,F0_R3_REFERENCE,train_daot_fingerprint_sensitivity,180,180,0,,0.0,0.0,0.0,0.0
a1_mechanism_periodic_s392005_20260910_r1,F0_R3_REFERENCE,train_daot_grad_ratio_fingerprint,4,4,0,,0.0,0.0,0.0,0.0
a1_mechanism_periodic_s392005_20260910_r1,F0_R3_REFERENCE,train_daot_grad_ratio_nuisance,4,4,4,21,1.5874631061666157e-09,1.3193642992191753e-08,6.263687584223652e-09,1.3193642992191753e-08
a1_mechanism_periodic_s392005_20260910_r1,F0_R3_REFERENCE,train_daot_grad_ratio_orbit_logit,4,4,4,21,1.5969277715970231,12.560495995795833,7.1088269062873835,12.560495995795833
a1_mechanism_periodic_s392005_20260910_r1,F0_R3_REFERENCE,train_daot_grad_ratio_orbit_proto,4,4,0,,0.0,0.0,0.0,0.0
a1_mechanism_periodic_s392005_20260910_r1,F0_R3_REFERENCE,train_daot_grad_ratio_orbit_relation,4,4,0,,0.0,0.0,0.0,0.0
a1_mechanism_periodic_s392005_20260910_r1,F0_R3_REFERENCE,train_daot_grad_ratio_orbit_z,4,4,4,21,0.006879375437064537,0.023843101155549256,0.016401841695188966,0.022362147151877714
a1_mechanism_periodic_s392005_20260910_r1,F0_R3_REFERENCE,train_daot_grad_ratio_tangent,4,4,0,,0.0,0.0,0.0,0.0
a1_mechanism_periodic_s392005_20260910_r1,F0_R3_REFERENCE,train_daot_identity_only_used,200,200,180,21,0.0,1.0,0.9,1.0
a1_mechanism_periodic_s392005_20260910_r1,F0_R3_REFERENCE,train_daot_logit_coverage,180,180,180,21,0.4551058027658377,0.9183241990772454,0.8282797320580877,0.913313928756628
a1_mechanism_periodic_s392005_20260910_r1,F0_R3_REFERENCE,train_daot_logit_coverage_weighting,200,200,0,,0.0,0.0,0.0,0.0
a1_mechanism_periodic_s392005_20260910_r1,F0_R3_REFERENCE,train_daot_logit_weighted_contribution,200,200,180,21,0.0,0.34355285562373494,0.27153967243833743,0.34166692579920227
a1_mechanism_periodic_s392005_20260910_r1,F0_R3_REFERENCE,train_daot_loss_scale_fingerprint,180,180,180,21,1.0,1.0,1.0,1.0
a1_mechanism_periodic_s392005_20260910_r1,F0_R3_REFERENCE,train_daot_loss_scale_nuisance,180,180,180,21,1.0,1.0,1.0,1.0
a1_mechanism_periodic_s392005_20260910_r1,F0_R3_REFERENCE,train_daot_loss_scale_orbit_logit,180,180,180,21,4.232479452816831,9.670135107084075,5.350937232261619,4.364311060469866
a1_mechanism_periodic_s392005_20260910_r1,F0_R3_REFERENCE,train_daot_loss_scale_orbit_proto,180,180,180,21,1.0,1.0,1.0,1.0
a1_mechanism_periodic_s392005_20260910_r1,F0_R3_REFERENCE,train_daot_loss_scale_orbit_relation,180,180,180,21,1.0,1.0,1.0,1.0
a1_mechanism_periodic_s392005_20260910_r1,F0_R3_REFERENCE,train_daot_loss_scale_orbit_z,180,180,180,21,0.04953463374021284,0.33759874207789425,0.07508567810291462,0.05026725554874262
a1_mechanism_periodic_s392005_20260910_r1,F0_R3_REFERENCE,train_daot_loss_scale_tangent,180,180,180,21,1.0,1.0,1.0,1.0
a1_mechanism_periodic_s392005_20260910_r1,F0_R3_REFERENCE,train_daot_mean_metadata_skip_enabled,200,200,200,1,1.0,1.0,1.0,1.0
a1_mechanism_periodic_s392005_20260910_r1,F0_R3_REFERENCE,train_daot_nuisance_sensitivity,180,180,0,,0.0,0.0,0.0,0.0
a1_mechanism_periodic_s392005_20260910_r1,F0_R3_REFERENCE,train_daot_nuisance_sensitivity_agc,4,4,4,21,5.843441963195801,12.53232192993164,7.784658908843994,5.843441963195801
a1_mechanism_periodic_s392005_20260910_r1,F0_R3_REFERENCE,train_daot_nuisance_sensitivity_doppler,4,4,4,21,5.828393459320068,12.9497709274292,7.983487010002136,5.828393459320068
a1_mechanism_periodic_s392005_20260910_r1,F0_R3_REFERENCE,train_daot_nuisance_sensitivity_doppler_rate,4,4,4,21,5.792287826538086,12.572998046875,7.815617561340332,5.792287826538086
a1_mechanism_periodic_s392005_20260910_r1,F0_R3_REFERENCE,train_daot_nuisance_sensitivity_multipath,4,4,4,21,5.8562469482421875,12.508963584899902,7.789978742599487,5.8562469482421875
a1_mechanism_periodic_s392005_20260910_r1,F0_R3_REFERENCE,train_daot_nuisance_sensitivity_phase_noise,4,4,4,21,5.859603404998779,12.541570663452148,7.791030406951904,5.859603404998779
a1_mechanism_periodic_s392005_20260910_r1,F0_R3_REFERENCE,train_daot_nuisance_sensitivity_sfo,4,4,4,21,5.843955993652344,12.521469116210938,7.788455963134766,5.843955993652344
a1_mechanism_periodic_s392005_20260910_r1,F0_R3_REFERENCE,train_daot_nuisance_sensitivity_snr,4,4,4,21,5.8406662940979,12.525249481201172,7.793024063110352,5.8406662940979
a1_mechanism_periodic_s392005_20260910_r1,F0_R3_REFERENCE,train_daot_nuisance_sensitivity_sto,4,4,4,21,5.830455780029297,12.568045616149902,7.8065876960754395,5.830455780029297
a1_mechanism_periodic_s392005_20260910_r1,F0_R3_REFERENCE,train_daot_objective_computed,200,200,180,21,0.0,1.0,0.9,1.0
a1_mechanism_periodic_s392005_20260910_r1,F0_R3_REFERENCE,train_daot_orbit_dispersion,180,180,180,21,0.0036614975086539177,0.16185382110914132,0.017130073709695416,0.0038437795172957282
a1_mechanism_periodic_s392005_20260910_r1,F0_R3_REFERENCE,train_daot_orbit_scale,200,200,180,21,0.0,1.0,0.8025,1.0
a1_mechanism_periodic_s392005_20260910_r1,F0_R3_REFERENCE,train_daot_proto_input_available,200,200,0,,0.0,0.0,0.0,0.0
a1_mechanism_periodic_s392005_20260910_r1,F0_R3_REFERENCE,train_daot_scale_batched_enabled,200,200,200,1,1.0,1.0,1.0,1.0
a1_mechanism_periodic_s392005_20260910_r1,F0_R3_REFERENCE,train_daot_tangent_scale,200,200,140,61,0.0,1.0,0.5025,1.0
a1_mechanism_periodic_s392005_20260910_r1,F0_R3_REFERENCE,train_daot_teacher_effective_views,180,180,180,21,1.999999731510609,2.0,1.9999999240890995,1.99999983246262
a1_mechanism_periodic_s392005_20260910_r1,F0_R3_REFERENCE,train_daot_teacher_labeled_accuracy,180,180,180,21,0.8619439752252253,0.9863105292792793,0.9652445414164165,0.9803279842342343
a1_mechanism_periodic_s392005_20260910_r1,F0_R3_REFERENCE,train_daot_teacher_labeled_confidence,180,180,180,21,0.902796750133102,0.9970707023465956,0.9883818765906421,0.9961739883229539
a1_mechanism_periodic_s392005_20260910_r1,F0_R3_REFERENCE,train_daot_teacher_view_count,200,200,180,21,0.0,2.0,1.8,2.0
a1_mechanism_periodic_s392005_20260910_r1,F0_R3_REFERENCE,train_daot_u_consensus_rate,180,180,180,21,0.5598918599588377,0.9525307186015017,0.8791503479366785,0.9512388520949596
a1_mechanism_periodic_s392005_20260910_r1,F0_R3_REFERENCE,train_daot_u_logit_coverage,180,180,180,21,0.4862217368843319,0.9316101243367066,0.8515179168198024,0.9305070721888328
a1_mechanism_periodic_s392005_20260910_r1,F0_R3_REFERENCE,train_daot_u_logit_weighted_contribution,200,200,180,21,0.0,0.0639515109444121,0.044885143979653395,0.052848095930105934
a1_mechanism_periodic_s392005_20260910_r1,F0_R3_REFERENCE,train_daot_u_orbit_dispersion,180,180,180,21,0.0028890546711228854,0.17952517413341249,0.01749569009583969,0.0029392439147314844
a1_mechanism_periodic_s392005_20260910_r1,F0_R3_REFERENCE,train_daot_u_orbit_scale,200,200,180,21,0.0,1.0,0.8025,1.0
a1_mechanism_periodic_s392005_20260910_r1,F0_R3_REFERENCE,train_daot_worst_bucket_elevation,4,4,4,21,0.15625,0.8125,0.5546875,0.75
a1_mechanism_periodic_s392005_20260910_r1,F0_R3_REFERENCE,train_daot_worst_bucket_snr,4,4,4,21,0.1875,0.75,0.546875,0.75
a1_mechanism_periodic_s392005_20260910_r1,F0_R3_REFERENCE,train_dm_accept_local_component_class_coverage,200,200,0,,0.0,0.0,0.0,0.0
a1_mechanism_periodic_s392005_20260910_r1,F0_R3_REFERENCE,train_ecrs_cross_rx_successful_steps,200,200,0,,0.0,0.0,0.0,0.0
a1_mechanism_periodic_s392005_20260910_r1,F0_R3_REFERENCE,train_loss_cons_labeled,200,200,184,17,0.0,0.3346623601140203,0.09259274456952069,0.07063403430285754
a1_mechanism_periodic_s392005_20260910_r1,F0_R3_REFERENCE,train_loss_daot_fingerprint,200,200,0,,0.0,0.0,0.0,0.0
a1_mechanism_periodic_s392005_20260910_r1,F0_R3_REFERENCE,train_loss_daot_nuisance,200,200,180,21,0.0,0.4873489352228405,0.4286401183285692,0.475748607838476
a1_mechanism_periodic_s392005_20260910_r1,F0_R3_REFERENCE,train_loss_daot_orbit_logit,200,200,180,21,0.0,15.106168119757026,8.06810454780991,7.463271811201766
a1_mechanism_periodic_s392005_20260910_r1,F0_R3_REFERENCE,train_loss_daot_orbit_proto,200,200,0,,0.0,0.0,0.0,0.0
a1_mechanism_periodic_s392005_20260910_r1,F0_R3_REFERENCE,train_loss_daot_orbit_relation,200,200,0,,0.0,0.0,0.0,0.0
a1_mechanism_periodic_s392005_20260910_r1,F0_R3_REFERENCE,train_loss_daot_orbit_z,200,200,180,21,0.0,0.33633088273508055,0.0682816164436339,0.051624931327931514
a1_mechanism_periodic_s392005_20260910_r1,F0_R3_REFERENCE,train_loss_daot_tangent,200,200,0,,0.0,0.0,0.0,0.0
a1_mechanism_periodic_s392005_20260910_r1,F0_R3_REFERENCE,train_loss_daot_total,200,200,180,21,0.0,0.8569846421748668,0.6806611594765212,0.8550575147340963
a1_mechanism_periodic_s392005_20260910_r1,F0_R3_REFERENCE,train_loss_daot_unlabeled,200,200,180,21,0.0,0.5582870643686604,0.4379574559927658,0.539316904705924
a1_mechanism_periodic_s392005_20260910_r1,F0_R3_REFERENCE,train_loss_group_ce_labeled,200,200,200,1,1.3200177083144318,12.867642389761436,2.5380775063573844,1.7530266631159697
a1_mechanism_periodic_s392005_20260910_r1,F0_R3_REFERENCE,train_loss_sat_cls_labeled,200,200,121,80,0.0,3.6234272356304498,1.660475878603379,2.521499642833799
a1_mechanism_periodic_s392005_20260910_r1,F0_R3_REFERENCE,train_loss_sat_cons_labeled,200,200,0,,0.0,0.0,0.0,0.0
a1_mechanism_periodic_s392005_20260910_r1,F0_R3_REFERENCE,train_os_gradient_nonfinite_bundle,200,200,0,,0.0,0.0,0.0,0.0
a1_mechanism_periodic_s392005_20260910_r1,F0_R3_REFERENCE,train_r3_l_s_aux_scale,200,200,200,1,1.0,1.0,1.0,1.0
a1_mechanism_periodic_s392005_20260910_r1,F0_R3_REFERENCE,train_r3_l_s_eta_raw,200,200,0,,0.0,0.0,0.0,0.0
a1_mechanism_periodic_s392005_20260910_r1,F0_R3_REFERENCE,train_r3_l_s_eta_valid,200,200,0,,0.0,0.0,0.0,0.0
a1_mechanism_periodic_s392005_20260910_r1,F0_R3_REFERENCE,train_r3_l_s_eta_weighted,200,200,0,,0.0,0.0,0.0,0.0
a1_mechanism_periodic_s392005_20260910_r1,F0_R3_REFERENCE,train_r3_l_s_loss,200,200,200,1,1.242355522808728,28.449077984234233,3.1357469058600635,1.2428942526782956
a1_mechanism_periodic_s392005_20260910_r1,F0_R3_REFERENCE,train_r3_l_s_pairs,200,200,200,1,128.0,128.0,128.0,128.0
a1_mechanism_periodic_s392005_20260910_r1,F0_R3_REFERENCE,train_r3_l_s_self_active,200,200,200,1,0.4954954954954955,1.0,0.8499549549549549,1.0
a1_mechanism_periodic_s392005_20260910_r1,F0_R3_REFERENCE,train_r3_l_s_self_raw,200,200,200,1,1.463608726724848,28.449077984234233,2.9747620511967856,2.9141973461116755
a1_mechanism_periodic_s392005_20260910_r1,F0_R3_REFERENCE,train_r3_l_s_self_weighted,200,200,200,1,0.7283292415442767,28.449077984234233,2.4247784581525367,0.7285493365279189
a1_mechanism_periodic_s392005_20260910_r1,F0_R3_REFERENCE,train_r3_l_s_shared_active,200,200,159,42,0.0,1.0,0.6449549549549549,1.0
a1_mechanism_periodic_s392005_20260910_r1,F0_R3_REFERENCE,train_r3_l_s_shared_raw,200,200,160,41,0.0,0.8346584125145061,0.13591482412128766,0.05324638247288562
a1_mechanism_periodic_s392005_20260910_r1,F0_R3_REFERENCE,train_r3_l_s_shared_weighted,200,200,159,42,0.0,0.16936829934517542,0.06898430481930641,0.05324638247288562
a1_mechanism_periodic_s392005_20260910_r1,F0_R3_REFERENCE,train_r3_l_s_swap_active,200,200,159,42,0.0,1.0,0.6449549549549549,1.0
a1_mechanism_periodic_s392005_20260910_r1,F0_R3_REFERENCE,train_r3_l_s_swap_raw,200,200,160,41,0.0,2.121035180650316,1.241791769862175,1.8443941388044272
a1_mechanism_periodic_s392005_20260910_r1,F0_R3_REFERENCE,train_r3_l_s_swap_weighted,200,200,159,42,0.0,1.9118460513450004,0.6419841438610745,0.4610985347011068
a1_mechanism_periodic_s392005_20260910_r1,F0_R3_REFERENCE,train_r3_u_s_aux_scale,200,200,200,1,1.0,1.0,1.0,1.0
a1_mechanism_periodic_s392005_20260910_r1,F0_R3_REFERENCE,train_r3_u_s_eta_raw,200,200,0,,0.0,0.0,0.0,0.0
a1_mechanism_periodic_s392005_20260910_r1,F0_R3_REFERENCE,train_r3_u_s_eta_valid,200,200,0,,0.0,0.0,0.0,0.0
a1_mechanism_periodic_s392005_20260910_r1,F0_R3_REFERENCE,train_r3_u_s_eta_weighted,200,200,0,,0.0,0.0,0.0,0.0
a1_mechanism_periodic_s392005_20260910_r1,F0_R3_REFERENCE,train_r3_u_s_loss,200,200,200,1,1.2413170359156154,28.448587219994348,3.1387320568056793,1.2425738803975217
a1_mechanism_periodic_s392005_20260910_r1,F0_R3_REFERENCE,train_r3_u_s_pairs,200,200,200,1,255.40540540540542,255.40540540540542,255.4054054054054,255.40540540540542
a1_mechanism_periodic_s392005_20260910_r1,F0_R3_REFERENCE,train_r3_u_s_self_active,200,200,200,1,0.4954954954954955,1.0,0.8499549549549549,1.0
a1_mechanism_periodic_s392005_20260910_r1,F0_R3_REFERENCE,train_r3_u_s_self_raw,200,200,200,1,1.4606881023527265,28.448587219994348,2.9755756656597327,2.913052445059424
a1_mechanism_periodic_s392005_20260910_r1,F0_R3_REFERENCE,train_r3_u_s_self_weighted,200,200,200,1,0.727359732797554,28.448587219994348,2.425694571803282,0.728263111264856
a1_mechanism_periodic_s392005_20260910_r1,F0_R3_REFERENCE,train_r3_u_s_shared_active,200,200,159,42,0.0,1.0,0.6449549549549549,1.0
a1_mechanism_periodic_s392005_20260910_r1,F0_R3_REFERENCE,train_r3_u_s_shared_raw,200,200,160,41,0.0,0.8321179465667622,0.13570486844592802,0.052406235958810325
a1_mechanism_periodic_s392005_20260910_r1,F0_R3_REFERENCE,train_r3_u_s_shared_weighted,200,200,159,42,0.0,0.1692227605092633,0.06888681952266845,0.052406235958810325
a1_mechanism_periodic_s392005_20260910_r1,F0_R3_REFERENCE,train_r3_u_s_swap_active,200,200,159,42,0.0,1.0,0.6449549549549549,1.0
a1_mechanism_periodic_s392005_20260910_r1,F0_R3_REFERENCE,train_r3_u_s_swap_raw,200,200,160,41,0.0,2.122673673672719,1.2454534227837315,1.8476181577991795
a1_mechanism_periodic_s392005_20260910_r1,F0_R3_REFERENCE,train_r3_u_s_swap_weighted,200,200,159,42,0.0,1.9223524954941895,0.6441506648068693,0.46190453944979487
a1_mechanism_periodic_s392005_20260910_r1,F0_R3_REFERENCE,train_rc4_effective_weighted_coverage,200,200,180,21,0.0,0.15000000441665048,0.026844301318108978,0.006477179555306295
a1_mechanism_periodic_s392005_20260910_r1,F0_R3_REFERENCE,train_rc4_hard_effective_coverage,200,200,178,21,0.0,0.14366513749097917,0.01638116261034287,0.0064771795511111485
a1_mechanism_periodic_s392005_20260910_r1,F0_R3_REFERENCE,train_rc4_negative_effective_coverage,200,200,0,,0.0,0.0,0.0,0.0
a1_mechanism_periodic_s392005_20260910_r1,F0_R3_REFERENCE,train_rc4_partial_effective_coverage,200,200,20,21,0.0,0.1500000038796717,0.010463138604473725,0.0
a1_mechanism_periodic_s392005_20260910_r1,F0_R3_REFERENCE,train_sat_anchor_class_coverage,200,200,178,21,0.0,6.0,1.39231981981982,1.5045045045045045
a1_mechanism_periodic_s392005_20260910_r1,F0_R3_REFERENCE,train_sat_anchor_receiver_coverage,200,200,178,21,0.0,5.0,1.5687387387387386,1.454954954954955
a1_mechanism_periodic_s392005_20260910_r1,F0_R3_REFERENCE,train_skipped_nonfinite_grad,200,200,22,1,0.0,0.0045045045045045045,0.0004954954954954955,0.0045045045045045045
a1_mechanism_periodic_s392005_20260910_r1,F0_R3_REFERENCE,train_skipped_nonfinite_loss,200,200,0,,0.0,0.0,0.0,0.0
a1_mechanism_periodic_s392005_20260910_r1,F0_R3_REFERENCE,train_source_episode_local_component_coverage,181,181,181,20,1.0,1.0,1.0,1.0
a1_mechanism_periodic_s392005_20260910_r1,F0_R3_REFERENCE,train_tail_rollback_cooldown_remaining,200,200,0,,0.0,0.0,0.0,0.0
a1_mechanism_periodic_s392005_20260910_r1,F0_R3_REFERENCE,train_w_loss_cons_labeled,200,200,184,17,0.0,0.006150477641337627,0.004960545290697802,0.005650683566256687
a1_mechanism_periodic_s392005_20260910_r1,F0_R3_REFERENCE,train_w_loss_group_ce_labeled,200,200,200,1,0.2112028284736716,1.0294113706898045,0.3391386694542493,0.28048425934671817
a1_mechanism_periodic_s392005_20260910_r1,F0_R3_REFERENCE,train_w_loss_sat_cls_labeled,200,200,121,80,0.0,2.463930546834662,1.1291236093709967,1.7146197752943177
a1_mechanism_periodic_s392005_20260910_r1,F0_R3_REFERENCE,train_w_loss_sat_cons_labeled,200,200,0,,0.0,0.0,0.0,0.0
a1_mechanism_periodic_s392005_20260910_r1,F0_R3_REFERENCE,val_tx_acc,200,200,200,1,28.05925925925926,98.61851851851851,97.71718518518519,98.57037037037037
a1_mechanism_periodic_s392005_20260910_r1,F1_R3_CONTINUOUS,concat_sat_ce_weight,192,192,192,1,1.0,1.0,1.0,1.0
a1_mechanism_periodic_s392005_20260910_r1,F1_R3_CONTINUOUS,concat_sat_start_epoch,192,192,192,1,1.0,1.0,1.0,1.0
a1_mechanism_periodic_s392005_20260910_r1,F1_R3_CONTINUOUS,group_ce_top_frac,192,192,192,1,0.35,0.35,0.3499999999999999,0.35
a1_mechanism_periodic_s392005_20260910_r1,F1_R3_CONTINUOUS,joint_guard_paic_cooldown_remaining,192,192,0,,0.0,0.0,0.0,0.0
a1_mechanism_periodic_s392005_20260910_r1,F1_R3_CONTINUOUS,lambda_cons,192,192,192,1,0.08,0.08,0.08,0.08
a1_mechanism_periodic_s392005_20260910_r1,F1_R3_CONTINUOUS,lambda_group_ce,192,192,192,1,0.16,0.16,0.16,0.16
a1_mechanism_periodic_s392005_20260910_r1,F1_R3_CONTINUOUS,loss_weight_group_ce,192,192,192,1,0.08,0.16,0.14518630472494007,0.16
a1_mechanism_periodic_s392005_20260910_r1,F1_R3_CONTINUOUS,lr,192,192,192,1,1.0000000000000002e-06,0.0002,9.240625e-05,1.0000000000000002e-06
a1_mechanism_periodic_s392005_20260910_r1,F1_R3_CONTINUOUS,nonfinite_test_metric_count,192,192,192,1,1.0,1.0,1.0,1.0
a1_mechanism_periodic_s392005_20260910_r1,F1_R3_CONTINUOUS,nonfinite_train_metric_count,192,192,192,1,4.0,4.0,4.0,4.0
a1_mechanism_periodic_s392005_20260910_r1,F1_R3_CONTINUOUS,nonfinite_val_metric_count,192,192,192,1,1.0,1.0,1.0,1.0
a1_mechanism_periodic_s392005_20260910_r1,F1_R3_CONTINUOUS,phase2_audit_imports_balanced_tx_rx_sampler,192,192,192,1,1.0,1.0,1.0,1.0
a1_mechanism_periodic_s392005_20260910_r1,F1_R3_CONTINUOUS,stage_group_ce_scale,192,192,192,1,0.5,1.0,0.9074144045308753,1.0
a1_mechanism_periodic_s392005_20260910_r1,F1_R3_CONTINUOUS,stage_source_val_sat_floor_tx,192,192,192,1,25.633333333333333,92.61851851851851,80.3190200617284,92.57037037037037
a1_mechanism_periodic_s392005_20260910_r1,F1_R3_CONTINUOUS,stage_source_val_sat_mean_tx,192,192,192,1,26.259259259259256,93.43827160493828,81.38996270576132,93.3716049382716
a1_mechanism_periodic_s392005_20260910_r1,F1_R3_CONTINUOUS,stage_tail_rollback_cooldown_remaining,192,192,0,,0.0,0.0,0.0,0.0
a1_mechanism_periodic_s392005_20260910_r1,F1_R3_CONTINUOUS,train_a1_ema_effective_decay,192,192,192,1,0.9900000000000023,0.9989999999999969,0.9971666666666655,0.9989999999999969
a1_mechanism_periodic_s392005_20260910_r1,F1_R3_CONTINUOUS,train_a1_ema_successful_updates,192,192,192,1,110.5,42492.5,21300.60404936186,42492.5
a1_mechanism_periodic_s392005_20260910_r1,F1_R3_CONTINUOUS,train_concat_sat_active,192,192,192,1,1.0,1.0,1.0,1.0
a1_mechanism_periodic_s392005_20260910_r1,F1_R3_CONTINUOUS,train_concat_sat_applied,192,192,192,1,0.23423423423423423,0.8558558558558559,0.6449652777777778,0.8108108108108109
a1_mechanism_periodic_s392005_20260910_r1,F1_R3_CONTINUOUS,train_concat_sat_clean_batch_size,192,192,192,1,128.0,128.0,128.0,128.0
a1_mechanism_periodic_s392005_20260910_r1,F1_R3_CONTINUOUS,train_concat_sat_expanded,192,192,0,,0.0,0.0,0.0,0.0
a1_mechanism_periodic_s392005_20260910_r1,F1_R3_CONTINUOUS,train_concat_sat_stage_index,192,192,152,41,0.0,2.0,1.3229166666666667,2.0
a1_mechanism_periodic_s392005_20260910_r1,F1_R3_CONTINUOUS,train_concat_sat_stage_start_epoch,192,192,192,1,1.0,91.0,59.229166666666664,91.0
a1_mechanism_periodic_s392005_20260910_r1,F1_R3_CONTINUOUS,train_concat_sat_total_batch_size,192,192,192,1,128.0,128.0,128.0,128.0
a1_mechanism_periodic_s392005_20260910_r1,F1_R3_CONTINUOUS,train_concat_sat_view_prob,192,192,192,1,0.29999999999999877,0.8000000000000016,0.6437499999999999,0.8000000000000016
a1_mechanism_periodic_s392005_20260910_r1,F1_R3_CONTINUOUS,train_daot_batched_view_count,192,192,172,21,0.0,1.0,0.8958333333333334,1.0
a1_mechanism_periodic_s392005_20260910_r1,F1_R3_CONTINUOUS,train_daot_clean_teacher_weight,172,172,172,21,0.49999796753531106,0.500001612413037,0.49999989363683517,0.4999999958384144
a1_mechanism_periodic_s392005_20260910_r1,F1_R3_CONTINUOUS,train_daot_consensus_rate,172,172,172,21,0.565209740990991,0.9424268018018018,0.860779384035198,0.9395059121621622
a1_mechanism_periodic_s392005_20260910_r1,F1_R3_CONTINUOUS,train_daot_fingerprint_selectivity,172,172,0,,0.0,0.0,0.0,0.0
a1_mechanism_periodic_s392005_20260910_r1,F1_R3_CONTINUOUS,train_daot_fingerprint_sensitivity,172,172,0,,0.0,0.0,0.0,0.0
a1_mechanism_periodic_s392005_20260910_r1,F1_R3_CONTINUOUS,train_daot_grad_ratio_fingerprint,3,3,0,,0.0,0.0,0.0,0.0
a1_mechanism_periodic_s392005_20260910_r1,F1_R3_CONTINUOUS,train_daot_grad_ratio_nuisance,3,3,3,21,4.728593571180344e-09,1.8317258810852058e-08,1.0721843418325237e-08,4.728593571180344e-09
a1_mechanism_periodic_s392005_20260910_r1,F1_R3_CONTINUOUS,train_daot_grad_ratio_orbit_logit,3,3,3,21,3.345395879472628,28.4759951966849,13.636763477624463,3.345395879472628
a1_mechanism_periodic_s392005_20260910_r1,F1_R3_CONTINUOUS,train_daot_grad_ratio_orbit_proto,3,3,0,,0.0,0.0,0.0,0.0
a1_mechanism_periodic_s392005_20260910_r1,F1_R3_CONTINUOUS,train_daot_grad_ratio_orbit_relation,3,3,0,,0.0,0.0,0.0,0.0
a1_mechanism_periodic_s392005_20260910_r1,F1_R3_CONTINUOUS,train_daot_grad_ratio_orbit_z,3,3,3,21,0.00873363427574518,0.1347527795327939,0.05328411835147551,0.00873363427574518
a1_mechanism_periodic_s392005_20260910_r1,F1_R3_CONTINUOUS,train_daot_grad_ratio_tangent,3,3,0,,0.0,0.0,0.0,0.0
a1_mechanism_periodic_s392005_20260910_r1,F1_R3_CONTINUOUS,train_daot_identity_only_used,192,192,172,21,0.0,1.0,0.8958333333333334,1.0
a1_mechanism_periodic_s392005_20260910_r1,F1_R3_CONTINUOUS,train_daot_logit_coverage,172,172,172,21,0.46019655868813797,0.920095517291679,0.8288092193221636,0.9170884677955696
a1_mechanism_periodic_s392005_20260910_r1,F1_R3_CONTINUOUS,train_daot_logit_coverage_weighting,192,192,0,,0.0,0.0,0.0,0.0
a1_mechanism_periodic_s392005_20260910_r1,F1_R3_CONTINUOUS,train_daot_logit_weighted_contribution,192,192,172,21,0.0,0.3442146578082093,0.2686673880380495,0.34127056397296285
a1_mechanism_periodic_s392005_20260910_r1,F1_R3_CONTINUOUS,train_daot_loss_scale_fingerprint,172,172,172,21,1.0,1.0,1.0,1.0
a1_mechanism_periodic_s392005_20260910_r1,F1_R3_CONTINUOUS,train_daot_loss_scale_nuisance,172,172,172,21,1.0,1.0,1.0,1.0
a1_mechanism_periodic_s392005_20260910_r1,F1_R3_CONTINUOUS,train_daot_loss_scale_orbit_logit,172,172,172,21,4.2325337794933,9.906429935488662,5.3955960618354215,4.277905721753188
a1_mechanism_periodic_s392005_20260910_r1,F1_R3_CONTINUOUS,train_daot_loss_scale_orbit_proto,172,172,172,21,1.0,1.0,1.0,1.0
a1_mechanism_periodic_s392005_20260910_r1,F1_R3_CONTINUOUS,train_daot_loss_scale_orbit_relation,172,172,172,21,1.0,1.0,1.0,1.0
a1_mechanism_periodic_s392005_20260910_r1,F1_R3_CONTINUOUS,train_daot_loss_scale_orbit_z,172,172,172,21,0.04967839833951054,0.3402928334104094,0.07634850440397588,0.050109354407506704
a1_mechanism_periodic_s392005_20260910_r1,F1_R3_CONTINUOUS,train_daot_loss_scale_tangent,172,172,172,21,1.0,1.0,1.0,1.0
a1_mechanism_periodic_s392005_20260910_r1,F1_R3_CONTINUOUS,train_daot_mean_metadata_skip_enabled,192,192,192,1,1.0,1.0,1.0,1.0
a1_mechanism_periodic_s392005_20260910_r1,F1_R3_CONTINUOUS,train_daot_nuisance_sensitivity,172,172,0,,0.0,0.0,0.0,0.0
a1_mechanism_periodic_s392005_20260910_r1,F1_R3_CONTINUOUS,train_daot_nuisance_sensitivity_agc,3,3,3,21,6.460597038269043,12.653383255004883,8.560009956359863,6.566049575805664
a1_mechanism_periodic_s392005_20260910_r1,F1_R3_CONTINUOUS,train_daot_nuisance_sensitivity_doppler,3,3,3,21,6.713912010192871,12.994142532348633,8.813960075378418,6.713912010192871
a1_mechanism_periodic_s392005_20260910_r1,F1_R3_CONTINUOUS,train_daot_nuisance_sensitivity_doppler_rate,3,3,3,21,6.549910068511963,12.745976448059082,8.637464841206869,6.6165080070495605
a1_mechanism_periodic_s392005_20260910_r1,F1_R3_CONTINUOUS,train_daot_nuisance_sensitivity_multipath,3,3,3,21,6.479405879974365,12.63276481628418,8.564297676086426,6.580722332000732
a1_mechanism_periodic_s392005_20260910_r1,F1_R3_CONTINUOUS,train_daot_nuisance_sensitivity_phase_noise,3,3,3,21,6.4688873291015625,12.662370681762695,8.563629150390625,6.559629440307617
a1_mechanism_periodic_s392005_20260910_r1,F1_R3_CONTINUOUS,train_daot_nuisance_sensitivity_sfo,3,3,3,21,6.47662353515625,12.643142700195312,8.561326821645102,6.56421422958374
a1_mechanism_periodic_s392005_20260910_r1,F1_R3_CONTINUOUS,train_daot_nuisance_sensitivity_snr,3,3,3,21,6.486279487609863,12.64639663696289,8.567822933197021,6.5707926750183105
a1_mechanism_periodic_s392005_20260910_r1,F1_R3_CONTINUOUS,train_daot_nuisance_sensitivity_sto,3,3,3,21,6.550084114074707,12.768938064575195,8.629175186157227,6.550084114074707
a1_mechanism_periodic_s392005_20260910_r1,F1_R3_CONTINUOUS,train_daot_objective_computed,192,192,172,21,0.0,1.0,0.8958333333333334,1.0
a1_mechanism_periodic_s392005_20260910_r1,F1_R3_CONTINUOUS,train_daot_orbit_dispersion,172,172,172,21,0.0035635965953891477,0.15943048443007576,0.017092502440235722,0.0036279360432312025
a1_mechanism_periodic_s392005_20260910_r1,F1_R3_CONTINUOUS,train_daot_orbit_scale,192,192,172,21,0.0,1.0,0.7942708333333334,1.0
a1_mechanism_periodic_s392005_20260910_r1,F1_R3_CONTINUOUS,train_daot_proto_input_available,192,192,0,,0.0,0.0,0.0,0.0
a1_mechanism_periodic_s392005_20260910_r1,F1_R3_CONTINUOUS,train_daot_scale_batched_enabled,192,192,192,1,1.0,1.0,1.0,1.0
a1_mechanism_periodic_s392005_20260910_r1,F1_R3_CONTINUOUS,train_daot_tangent_scale,192,192,132,61,0.0,1.0,0.4817708333333333,1.0
a1_mechanism_periodic_s392005_20260910_r1,F1_R3_CONTINUOUS,train_daot_teacher_effective_views,172,172,172,21,1.9999997347324818,2.0,1.9999999195530858,1.999999842665217
a1_mechanism_periodic_s392005_20260910_r1,F1_R3_CONTINUOUS,train_daot_teacher_labeled_accuracy,172,172,172,21,0.8685951576576577,0.9869439752252253,0.9651983242326628,0.9835304054054054
a1_mechanism_periodic_s392005_20260910_r1,F1_R3_CONTINUOUS,train_daot_teacher_labeled_confidence,172,172,172,21,0.9063999856914486,0.997141473733627,0.9884986839080203,0.9964510478951909
a1_mechanism_periodic_s392005_20260910_r1,F1_R3_CONTINUOUS,train_daot_teacher_view_count,192,192,172,21,0.0,2.0,1.7916666666666667,2.0
a1_mechanism_periodic_s392005_20260910_r1,F1_R3_CONTINUOUS,train_daot_u_consensus_rate,172,172,172,21,0.5649219657386746,0.954362943902746,0.8797308793441695,0.952577262042879
a1_mechanism_periodic_s392005_20260910_r1,F1_R3_CONTINUOUS,train_daot_u_logit_coverage,172,172,172,21,0.489353514335177,0.9326749360776162,0.8521174580044538,0.9311435767659196
a1_mechanism_periodic_s392005_20260910_r1,F1_R3_CONTINUOUS,train_daot_u_logit_weighted_contribution,192,192,172,21,0.0,0.0645340879758199,0.04452010118274638,0.052035239290211116
a1_mechanism_periodic_s392005_20260910_r1,F1_R3_CONTINUOUS,train_daot_u_orbit_dispersion,172,172,172,21,0.002776965997622323,0.17683803410948934,0.01731404091737735,0.0028767573106027134
a1_mechanism_periodic_s392005_20260910_r1,F1_R3_CONTINUOUS,train_daot_u_orbit_scale,192,192,172,21,0.0,1.0,0.7942708333333334,1.0
a1_mechanism_periodic_s392005_20260910_r1,F1_R3_CONTINUOUS,train_daot_worst_bucket_elevation,3,3,3,21,0.15625,0.71875,0.46875,0.71875
a1_mechanism_periodic_s392005_20260910_r1,F1_R3_CONTINUOUS,train_daot_worst_bucket_snr,3,3,3,21,0.15625,0.75,0.46875,0.75
a1_mechanism_periodic_s392005_20260910_r1,F1_R3_CONTINUOUS,train_dm_accept_local_component_class_coverage,192,192,0,,0.0,0.0,0.0,0.0
a1_mechanism_periodic_s392005_20260910_r1,F1_R3_CONTINUOUS,train_ecrs_cross_rx_successful_steps,192,192,0,,0.0,0.0,0.0,0.0
a1_mechanism_periodic_s392005_20260910_r1,F1_R3_CONTINUOUS,train_loss_cons_labeled,192,192,176,17,0.0,0.3396875879786036,0.09399368884685161,0.06930019619228604
a1_mechanism_periodic_s392005_20260910_r1,F1_R3_CONTINUOUS,train_loss_daot_fingerprint,192,192,0,,0.0,0.0,0.0,0.0
a1_mechanism_periodic_s392005_20260910_r1,F1_R3_CONTINUOUS,train_loss_daot_nuisance,192,192,172,21,0.0,0.4793362872557597,0.419351939664309,0.47219954175992057
a1_mechanism_periodic_s392005_20260910_r1,F1_R3_CONTINUOUS,train_loss_daot_orbit_logit,192,192,172,21,0.0,15.236501386573723,8.088701856347758,7.306515734474938
a1_mechanism_periodic_s392005_20260910_r1,F1_R3_CONTINUOUS,train_loss_daot_orbit_proto,192,192,0,,0.0,0.0,0.0,0.0
a1_mechanism_periodic_s392005_20260910_r1,F1_R3_CONTINUOUS,train_loss_daot_orbit_relation,192,192,0,,0.0,0.0,0.0,0.0
a1_mechanism_periodic_s392005_20260910_r1,F1_R3_CONTINUOUS,train_loss_daot_orbit_z,192,192,172,21,0.0,0.3389663651988313,0.06924855383785998,0.05109049178458549
a1_mechanism_periodic_s392005_20260910_r1,F1_R3_CONTINUOUS,train_loss_daot_tangent,192,192,0,,0.0,0.0,0.0,0.0
a1_mechanism_periodic_s392005_20260910_r1,F1_R3_CONTINUOUS,train_loss_daot_total,192,192,172,21,0.0,0.8593591352303823,0.6743620315730489,0.8509710688848753
a1_mechanism_periodic_s392005_20260910_r1,F1_R3_CONTINUOUS,train_loss_daot_unlabeled,192,192,172,21,0.0,0.5559657381193058,0.4327727723412445,0.5402045757383913
a1_mechanism_periodic_s392005_20260910_r1,F1_R3_CONTINUOUS,train_loss_group_ce_labeled,192,192,192,1,1.3051022419722769,12.86839943963128,2.5717079775922165,1.4955259420917377
a1_mechanism_periodic_s392005_20260910_r1,F1_R3_CONTINUOUS,train_loss_sat_cls_labeled,192,192,113,80,0.0,3.6049167551435866,1.6051006074834862,2.3593443238788896
a1_mechanism_periodic_s392005_20260910_r1,F1_R3_CONTINUOUS,train_loss_sat_cons_labeled,192,192,0,,0.0,0.0,0.0,0.0
a1_mechanism_periodic_s392005_20260910_r1,F1_R3_CONTINUOUS,train_os_gradient_nonfinite_bundle,192,192,0,,0.0,0.0,0.0,0.0
a1_mechanism_periodic_s392005_20260910_r1,F1_R3_CONTINUOUS,train_r3_l_s_aux_scale,192,192,192,1,1.0,1.0,1.0,1.0
a1_mechanism_periodic_s392005_20260910_r1,F1_R3_CONTINUOUS,train_r3_l_s_eta_raw,192,192,0,,0.0,0.0,0.0,0.0
a1_mechanism_periodic_s392005_20260910_r1,F1_R3_CONTINUOUS,train_r3_l_s_eta_valid,192,192,0,,0.0,0.0,0.0,0.0
a1_mechanism_periodic_s392005_20260910_r1,F1_R3_CONTINUOUS,train_r3_l_s_eta_weighted,192,192,0,,0.0,0.0,0.0,0.0
a1_mechanism_periodic_s392005_20260910_r1,F1_R3_CONTINUOUS,train_r3_l_s_loss,192,192,192,1,1.1904098391532898,28.449069160598892,3.7628231429391437,1.1904098391532898
a1_mechanism_periodic_s392005_20260910_r1,F1_R3_CONTINUOUS,train_r3_l_s_pairs,192,192,192,1,128.0,128.0,128.0,128.0
a1_mechanism_periodic_s392005_20260910_r1,F1_R3_CONTINUOUS,train_r3_l_s_self_active,192,192,192,1,1.0,1.0,1.0,1.0
a1_mechanism_periodic_s392005_20260910_r1,F1_R3_CONTINUOUS,train_r3_l_s_self_raw,192,192,192,1,2.798348071338894,28.449069160598892,3.3491195204636983,2.798348071338894
a1_mechanism_periodic_s392005_20260910_r1,F1_R3_CONTINUOUS,train_r3_l_s_self_weighted,192,192,192,1,0.6995870178347235,28.449069160598892,2.661098153840795,0.6995870178347235
a1_mechanism_periodic_s392005_20260910_r1,F1_R3_CONTINUOUS,train_r3_l_s_shared_active,192,192,172,21,0.0,1.0,0.8958333333333334,1.0
a1_mechanism_periodic_s392005_20260910_r1,F1_R3_CONTINUOUS,train_r3_l_s_shared_raw,192,192,172,21,0.0,0.6501435935497284,0.11127038554403114,0.04258164812114325
a1_mechanism_periodic_s392005_20260910_r1,F1_R3_CONTINUOUS,train_r3_l_s_shared_weighted,192,192,172,21,0.0,0.14818584744457727,0.06925650806192539,0.04258164812114325
a1_mechanism_periodic_s392005_20260910_r1,F1_R3_CONTINUOUS,train_r3_l_s_swap_active,192,192,172,21,0.0,1.0,0.8958333333333334,1.0
a1_mechanism_periodic_s392005_20260910_r1,F1_R3_CONTINUOUS,train_r3_l_s_swap_raw,192,192,172,21,0.0,2.2396543519990937,1.6880143562488417,1.7929646839966644
a1_mechanism_periodic_s392005_20260910_r1,F1_R3_CONTINUOUS,train_r3_l_s_swap_weighted,192,192,172,21,0.0,1.9424961692578084,1.032468481615987,0.4482411709991661
a1_mechanism_periodic_s392005_20260910_r1,F1_R3_CONTINUOUS,train_r3_u_s_aux_scale,192,192,192,1,1.0,1.0,1.0,1.0
a1_mechanism_periodic_s392005_20260910_r1,F1_R3_CONTINUOUS,train_r3_u_s_eta_raw,192,192,0,,0.0,0.0,0.0,0.0
a1_mechanism_periodic_s392005_20260910_r1,F1_R3_CONTINUOUS,train_r3_u_s_eta_valid,192,192,0,,0.0,0.0,0.0,0.0
a1_mechanism_periodic_s392005_20260910_r1,F1_R3_CONTINUOUS,train_r3_u_s_eta_weighted,192,192,0,,0.0,0.0,0.0,0.0
a1_mechanism_periodic_s392005_20260910_r1,F1_R3_CONTINUOUS,train_r3_u_s_loss,192,192,192,1,1.191580281064317,28.448599042119206,3.7662838086899786,1.1918414004214175
a1_mechanism_periodic_s392005_20260910_r1,F1_R3_CONTINUOUS,train_r3_u_s_pairs,192,192,192,1,255.40540540540542,255.40540540540542,255.40540540540542,255.40540540540542
a1_mechanism_periodic_s392005_20260910_r1,F1_R3_CONTINUOUS,train_r3_u_s_self_active,192,192,192,1,1.0,1.0,1.0,1.0
a1_mechanism_periodic_s392005_20260910_r1,F1_R3_CONTINUOUS,train_r3_u_s_self_raw,192,192,192,1,2.8002700913059817,28.448599042119206,3.348746920172293,2.800916586910282
a1_mechanism_periodic_s392005_20260910_r1,F1_R3_CONTINUOUS,train_r3_u_s_self_weighted,192,192,192,1,0.7000675228264954,28.448599042119206,2.661579195071605,0.7002291467275705
a1_mechanism_periodic_s392005_20260910_r1,F1_R3_CONTINUOUS,train_r3_u_s_shared_active,192,192,172,21,0.0,1.0,0.8958333333333334,1.0
a1_mechanism_periodic_s392005_20260910_r1,F1_R3_CONTINUOUS,train_r3_u_s_shared_raw,192,192,172,21,0.0,0.6462249581341271,0.11107688056663036,0.042123587181170784
a1_mechanism_periodic_s392005_20260910_r1,F1_R3_CONTINUOUS,train_r3_u_s_shared_weighted,192,192,172,21,0.0,0.14799078037072946,0.06913171537382516,0.042123587181170784
a1_mechanism_periodic_s392005_20260910_r1,F1_R3_CONTINUOUS,train_r3_u_s_swap_active,192,192,172,21,0.0,1.0,0.8958333333333334,1.0
a1_mechanism_periodic_s392005_20260910_r1,F1_R3_CONTINUOUS,train_r3_u_s_swap_raw,192,192,172,21,0.0,2.241392386926187,1.6913732605043788,1.797954640409968
a1_mechanism_periodic_s392005_20260910_r1,F1_R3_CONTINUOUS,train_r3_u_s_swap_weighted,192,192,172,21,0.0,1.955403934727918,1.0355728980560728,0.449488660102492
a1_mechanism_periodic_s392005_20260910_r1,F1_R3_CONTINUOUS,train_rc4_effective_weighted_coverage,192,192,172,21,0.0,0.15000000421528345,0.029415180293708598,0.007277290359861008
a1_mechanism_periodic_s392005_20260910_r1,F1_R3_CONTINUOUS,train_rc4_hard_effective_coverage,192,192,172,21,0.0,0.13839009414250786,0.01907338452886987,0.007277290334690128
a1_mechanism_periodic_s392005_20260910_r1,F1_R3_CONTINUOUS,train_rc4_negative_effective_coverage,192,192,0,,0.0,0.0,0.0,0.0
a1_mechanism_periodic_s392005_20260910_r1,F1_R3_CONTINUOUS,train_rc4_partial_effective_coverage,192,192,20,21,0.0,0.1499388832095507,0.010341795592308542,0.0
a1_mechanism_periodic_s392005_20260910_r1,F1_R3_CONTINUOUS,train_sat_anchor_class_coverage,192,192,172,21,0.0,6.0,1.440549924924925,1.6981981981981982
a1_mechanism_periodic_s392005_20260910_r1,F1_R3_CONTINUOUS,train_sat_anchor_receiver_coverage,192,192,172,21,0.0,5.0,1.7846753003003002,1.662162162162162
a1_mechanism_periodic_s392005_20260910_r1,F1_R3_CONTINUOUS,train_skipped_nonfinite_grad,192,192,20,1,0.0,0.009009009009009009,0.0004926801801801802,0.0
a1_mechanism_periodic_s392005_20260910_r1,F1_R3_CONTINUOUS,train_skipped_nonfinite_loss,192,192,0,,0.0,0.0,0.0,0.0
a1_mechanism_periodic_s392005_20260910_r1,F1_R3_CONTINUOUS,train_source_episode_local_component_coverage,173,173,173,20,1.0,1.0,1.0,1.0
a1_mechanism_periodic_s392005_20260910_r1,F1_R3_CONTINUOUS,train_tail_rollback_cooldown_remaining,192,192,0,,0.0,0.0,0.0,0.0
a1_mechanism_periodic_s392005_20260910_r1,F1_R3_CONTINUOUS,train_w_loss_cons_labeled,192,192,176,17,0.0,0.006151044690931165,0.004959985076844155,0.005543957959424268
a1_mechanism_periodic_s392005_20260910_r1,F1_R3_CONTINUOUS,train_w_loss_group_ce_labeled,192,192,192,1,0.20881635377703756,1.0294719319622796,0.34169245430311784,0.23928414493262232
a1_mechanism_periodic_s392005_20260910_r1,F1_R3_CONTINUOUS,train_w_loss_sat_cls_labeled,192,192,113,80,0.0,2.451343412922175,1.091468424447687,1.6043541592017219
a1_mechanism_periodic_s392005_20260910_r1,F1_R3_CONTINUOUS,train_w_loss_sat_cons_labeled,192,192,0,,0.0,0.0,0.0,0.0
a1_mechanism_periodic_s392005_20260910_r1,F1_R3_CONTINUOUS,val_tx_acc,192,192,192,1,28.67037037037037,98.57777777777778,97.67737268518518,98.57037037037037
a1_mechanism_periodic_s392005_20260910_r1,F2_R3_IDENTITY,concat_sat_ce_weight,161,161,161,1,1.0,1.0,1.0,1.0
a1_mechanism_periodic_s392005_20260910_r1,F2_R3_IDENTITY,concat_sat_start_epoch,161,161,161,1,1.0,1.0,1.0,1.0
a1_mechanism_periodic_s392005_20260910_r1,F2_R3_IDENTITY,group_ce_top_frac,161,161,161,1,0.35,0.35,0.35,0.35
a1_mechanism_periodic_s392005_20260910_r1,F2_R3_IDENTITY,joint_guard_paic_cooldown_remaining,161,161,0,,0.0,0.0,0.0,0.0
a1_mechanism_periodic_s392005_20260910_r1,F2_R3_IDENTITY,lambda_cons,161,161,161,1,0.08,0.08,0.08,0.08
a1_mechanism_periodic_s392005_20260910_r1,F2_R3_IDENTITY,lambda_group_ce,161,161,161,1,0.16,0.16,0.16,0.16
a1_mechanism_periodic_s392005_20260910_r1,F2_R3_IDENTITY,loss_weight_group_ce,161,161,161,1,0.08,0.16,0.14233397830551858,0.16
a1_mechanism_periodic_s392005_20260910_r1,F2_R3_IDENTITY,lr,161,161,161,1,4.000000000000001e-06,0.0002,0.0001096521739130435,4.000000000000001e-06
a1_mechanism_periodic_s392005_20260910_r1,F2_R3_IDENTITY,nonfinite_test_metric_count,161,161,161,1,1.0,1.0,1.0,1.0
a1_mechanism_periodic_s392005_20260910_r1,F2_R3_IDENTITY,nonfinite_train_metric_count,161,161,161,1,4.0,4.0,4.0,4.0
a1_mechanism_periodic_s392005_20260910_r1,F2_R3_IDENTITY,nonfinite_val_metric_count,161,161,161,1,1.0,1.0,1.0,1.0
a1_mechanism_periodic_s392005_20260910_r1,F2_R3_IDENTITY,phase2_audit_imports_balanced_tx_rx_sampler,161,161,161,1,1.0,1.0,1.0,1.0
a1_mechanism_periodic_s392005_20260910_r1,F2_R3_IDENTITY,stage_group_ce_scale,161,161,161,1,0.5,1.0,0.889587364409491,1.0
a1_mechanism_periodic_s392005_20260910_r1,F2_R3_IDENTITY,stage_source_val_sat_floor_tx,161,161,161,1,26.107407407407408,92.3,77.46112261329652,92.18888888888888
a1_mechanism_periodic_s392005_20260910_r1,F2_R3_IDENTITY,stage_source_val_sat_mean_tx,161,161,161,1,26.649382716049384,93.1283950617284,78.53875469672572,93.03209876543211
a1_mechanism_periodic_s392005_20260910_r1,F2_R3_IDENTITY,stage_tail_rollback_cooldown_remaining,161,161,0,,0.0,0.0,0.0,0.0
a1_mechanism_periodic_s392005_20260910_r1,F2_R3_IDENTITY,train_a1_ema_effective_decay,161,161,161,1,0.9900000000000023,0.9989999999999969,0.9968136645962727,0.9989999999999969
a1_mechanism_periodic_s392005_20260910_r1,F2_R3_IDENTITY,train_a1_ema_successful_updates,161,161,161,1,110.5,35613.5,17861.169156734373,35613.5
a1_mechanism_periodic_s392005_20260910_r1,F2_R3_IDENTITY,train_concat_sat_active,161,161,161,1,1.0,1.0,1.0,1.0
a1_mechanism_periodic_s392005_20260910_r1,F2_R3_IDENTITY,train_concat_sat_applied,161,161,161,1,0.23423423423423423,0.8558558558558559,0.6158580941189638,0.7882882882882883
a1_mechanism_periodic_s392005_20260910_r1,F2_R3_IDENTITY,train_concat_sat_clean_batch_size,161,161,161,1,128.0,128.0,128.0,128.0
a1_mechanism_periodic_s392005_20260910_r1,F2_R3_IDENTITY,train_concat_sat_expanded,161,161,0,,0.0,0.0,0.0,0.0
a1_mechanism_periodic_s392005_20260910_r1,F2_R3_IDENTITY,train_concat_sat_stage_index,161,161,121,41,0.0,2.0,1.1925465838509317,2.0
a1_mechanism_periodic_s392005_20260910_r1,F2_R3_IDENTITY,train_concat_sat_stage_start_epoch,161,161,161,1,1.0,91.0,53.11180124223603,91.0
a1_mechanism_periodic_s392005_20260910_r1,F2_R3_IDENTITY,train_concat_sat_total_batch_size,161,161,161,1,128.0,128.0,128.0,128.0
a1_mechanism_periodic_s392005_20260910_r1,F2_R3_IDENTITY,train_concat_sat_view_prob,161,161,161,1,0.29999999999999877,0.8000000000000016,0.6136645962732915,0.8000000000000016
a1_mechanism_periodic_s392005_20260910_r1,F2_R3_IDENTITY,train_daot_batched_view_count,161,161,141,21,0.0,1.0,0.8757763975155279,1.0
a1_mechanism_periodic_s392005_20260910_r1,F2_R3_IDENTITY,train_daot_clean_teacher_weight,141,141,141,21,0.49999773421803034,0.5000021299263379,0.5000000164092718,0.5000021299263379
a1_mechanism_periodic_s392005_20260910_r1,F2_R3_IDENTITY,train_daot_consensus_rate,141,141,141,21,0.5535965653153153,0.9368665540540541,0.8398345153664303,0.9360219594594594
a1_mechanism_periodic_s392005_20260910_r1,F2_R3_IDENTITY,train_daot_fingerprint_selectivity,141,141,0,,0.0,0.0,0.0,0.0
a1_mechanism_periodic_s392005_20260910_r1,F2_R3_IDENTITY,train_daot_fingerprint_sensitivity,141,141,0,,0.0,0.0,0.0,0.0
a1_mechanism_periodic_s392005_20260910_r1,F2_R3_IDENTITY,train_daot_grad_ratio_fingerprint,3,3,0,,0.0,0.0,0.0,0.0
a1_mechanism_periodic_s392005_20260910_r1,F2_R3_IDENTITY,train_daot_grad_ratio_nuisance,3,3,3,21,2.303787616101104e-09,8.592652911198409e-09,4.4543196186527895e-09,2.303787616101104e-09
a1_mechanism_periodic_s392005_20260910_r1,F2_R3_IDENTITY,train_daot_grad_ratio_orbit_logit,3,3,3,21,1.52318733520907,9.74455752369405,6.384469542539564,1.52318733520907
a1_mechanism_periodic_s392005_20260910_r1,F2_R3_IDENTITY,train_daot_grad_ratio_orbit_proto,3,3,0,,0.0,0.0,0.0,0.0
a1_mechanism_periodic_s392005_20260910_r1,F2_R3_IDENTITY,train_daot_grad_ratio_orbit_relation,3,3,0,,0.0,0.0,0.0,0.0
a1_mechanism_periodic_s392005_20260910_r1,F2_R3_IDENTITY,train_daot_grad_ratio_orbit_z,3,3,3,21,0.0065618497391024145,0.0357392874223015,0.020210044666126227,0.0065618497391024145
a1_mechanism_periodic_s392005_20260910_r1,F2_R3_IDENTITY,train_daot_grad_ratio_tangent,3,3,0,,0.0,0.0,0.0,0.0
a1_mechanism_periodic_s392005_20260910_r1,F2_R3_IDENTITY,train_daot_identity_only_used,161,161,141,21,0.0,1.0,0.8757763975155279,1.0
a1_mechanism_periodic_s392005_20260910_r1,F2_R3_IDENTITY,train_daot_logit_coverage,141,141,141,21,0.44898378392597577,0.9127831996024192,0.8032230925714426,0.9119190584431898
a1_mechanism_periodic_s392005_20260910_r1,F2_R3_IDENTITY,train_daot_logit_coverage_weighting,161,161,0,,0.0,0.0,0.0,0.0
a1_mechanism_periodic_s392005_20260910_r1,F2_R3_IDENTITY,train_daot_logit_weighted_contribution,161,161,141,21,0.0,0.344171893019397,0.25472371238966895,0.3416129892339578
a1_mechanism_periodic_s392005_20260910_r1,F2_R3_IDENTITY,train_daot_loss_scale_fingerprint,141,141,141,21,1.0,1.0,1.0,1.0
a1_mechanism_periodic_s392005_20260910_r1,F2_R3_IDENTITY,train_daot_loss_scale_nuisance,141,141,141,21,1.0,1.0,1.0,1.0
a1_mechanism_periodic_s392005_20260910_r1,F2_R3_IDENTITY,train_daot_loss_scale_orbit_logit,141,141,141,21,4.362431385531976,9.435381446795544,5.6366299958588355,4.371164450926284
a1_mechanism_periodic_s392005_20260910_r1,F2_R3_IDENTITY,train_daot_loss_scale_orbit_proto,141,141,141,21,1.0,1.0,1.0,1.0
a1_mechanism_periodic_s392005_20260910_r1,F2_R3_IDENTITY,train_daot_loss_scale_orbit_relation,141,141,141,21,1.0,1.0,1.0,1.0
a1_mechanism_periodic_s392005_20260910_r1,F2_R3_IDENTITY,train_daot_loss_scale_orbit_z,141,141,141,21,0.048907347647655565,0.33967900412914714,0.08179086313081321,0.049056198608462026
a1_mechanism_periodic_s392005_20260910_r1,F2_R3_IDENTITY,train_daot_loss_scale_tangent,141,141,141,21,1.0,1.0,1.0,1.0
a1_mechanism_periodic_s392005_20260910_r1,F2_R3_IDENTITY,train_daot_mean_metadata_skip_enabled,161,161,161,1,1.0,1.0,1.0,1.0
a1_mechanism_periodic_s392005_20260910_r1,F2_R3_IDENTITY,train_daot_nuisance_sensitivity,141,141,0,,0.0,0.0,0.0,0.0
a1_mechanism_periodic_s392005_20260910_r1,F2_R3_IDENTITY,train_daot_nuisance_sensitivity_agc,3,3,3,21,6.346183776855469,12.563660621643066,8.449920495351156,6.439917087554932
a1_mechanism_periodic_s392005_20260910_r1,F2_R3_IDENTITY,train_daot_nuisance_sensitivity_doppler,3,3,3,21,6.575376987457275,12.858843803405762,8.676356792449951,6.575376987457275
a1_mechanism_periodic_s392005_20260910_r1,F2_R3_IDENTITY,train_daot_nuisance_sensitivity_doppler_rate,3,3,3,21,6.43921422958374,12.67662239074707,8.54211171468099,6.510498523712158
a1_mechanism_periodic_s392005_20260910_r1,F2_R3_IDENTITY,train_daot_nuisance_sensitivity_multipath,3,3,3,21,6.371212959289551,12.498504638671875,8.4422394434611,6.457000732421875
a1_mechanism_periodic_s392005_20260910_r1,F2_R3_IDENTITY,train_daot_nuisance_sensitivity_phase_noise,3,3,3,21,6.352816581726074,12.541275978088379,8.444344520568848,6.43894100189209
a1_mechanism_periodic_s392005_20260910_r1,F2_R3_IDENTITY,train_daot_nuisance_sensitivity_sfo,3,3,3,21,6.367778301239014,12.5386381149292,8.448059240976969,6.437761306762695
a1_mechanism_periodic_s392005_20260910_r1,F2_R3_IDENTITY,train_daot_nuisance_sensitivity_snr,3,3,3,21,6.377843856811523,12.538501739501953,8.453923225402832,6.4454240798950195
a1_mechanism_periodic_s392005_20260910_r1,F2_R3_IDENTITY,train_daot_nuisance_sensitivity_sto,3,3,3,21,6.426914215087891,12.554469108581543,8.487436294555664,6.480925559997559
a1_mechanism_periodic_s392005_20260910_r1,F2_R3_IDENTITY,train_daot_objective_computed,161,161,141,21,0.0,1.0,0.8757763975155279,1.0
a1_mechanism_periodic_s392005_20260910_r1,F2_R3_IDENTITY,train_daot_orbit_dispersion,141,141,141,21,0.0036621289180910534,0.1605171648332396,0.020997327841922705,0.003712095323371122
a1_mechanism_periodic_s392005_20260910_r1,F2_R3_IDENTITY,train_daot_orbit_scale,161,161,141,21,0.0,1.0,0.7546583850931677,1.0
a1_mechanism_periodic_s392005_20260910_r1,F2_R3_IDENTITY,train_daot_proto_input_available,161,161,0,,0.0,0.0,0.0,0.0
a1_mechanism_periodic_s392005_20260910_r1,F2_R3_IDENTITY,train_daot_scale_batched_enabled,161,161,161,1,1.0,1.0,1.0,1.0
a1_mechanism_periodic_s392005_20260910_r1,F2_R3_IDENTITY,train_daot_tangent_scale,161,161,101,61,0.0,1.0,0.38198757763975155,1.0
a1_mechanism_periodic_s392005_20260910_r1,F2_R3_IDENTITY,train_daot_teacher_effective_views,141,141,141,21,1.9999997068095852,2.0,1.9999999164026863,1.9999998195751294
a1_mechanism_periodic_s392005_20260910_r1,F2_R3_IDENTITY,train_daot_teacher_labeled_accuracy,141,141,141,21,0.8614864864864865,0.9847621058558559,0.9599526388090218,0.9828265765765766
a1_mechanism_periodic_s392005_20260910_r1,F2_R3_IDENTITY,train_daot_teacher_labeled_confidence,141,141,141,21,0.8991562474418331,0.9965727275556272,0.9855814366413073,0.9960050392258275
a1_mechanism_periodic_s392005_20260910_r1,F2_R3_IDENTITY,train_daot_teacher_view_count,161,161,141,21,0.0,2.0,1.7515527950310559,2.0
a1_mechanism_periodic_s392005_20260910_r1,F2_R3_IDENTITY,train_daot_u_consensus_rate,141,141,141,21,0.5457040331922136,0.9517457224764265,0.8593529841003537,0.9514806514924711
a1_mechanism_periodic_s392005_20260910_r1,F2_R3_IDENTITY,train_daot_u_logit_coverage,141,141,141,21,0.4755324153481303,0.9289055039753785,0.8286960762803162,0.9287873869006699
a1_mechanism_periodic_s392005_20260910_r1,F2_R3_IDENTITY,train_daot_u_logit_weighted_contribution,161,161,141,21,0.0,0.06464572661967428,0.04287760506680693,0.053439728043100855
a1_mechanism_periodic_s392005_20260910_r1,F2_R3_IDENTITY,train_daot_u_orbit_dispersion,141,141,141,21,0.0028305448579123696,0.17953602748142705,0.021869427211038836,0.0028542451579375446
a1_mechanism_periodic_s392005_20260910_r1,F2_R3_IDENTITY,train_daot_u_orbit_scale,161,161,141,21,0.0,1.0,0.7546583850931677,1.0
a1_mechanism_periodic_s392005_20260910_r1,F2_R3_IDENTITY,train_daot_worst_bucket_elevation,3,3,3,21,0.1875,0.78125,0.5208333333333334,0.78125
a1_mechanism_periodic_s392005_20260910_r1,F2_R3_IDENTITY,train_daot_worst_bucket_snr,3,3,3,21,0.21875,0.8125,0.5104166666666666,0.8125
a1_mechanism_periodic_s392005_20260910_r1,F2_R3_IDENTITY,train_dm_accept_local_component_class_coverage,161,161,0,,0.0,0.0,0.0,0.0
a1_mechanism_periodic_s392005_20260910_r1,F2_R3_IDENTITY,train_ecrs_cross_rx_successful_steps,161,161,0,,0.0,0.0,0.0,0.0
a1_mechanism_periodic_s392005_20260910_r1,F2_R3_IDENTITY,train_loss_cons_labeled,161,161,145,17,0.0,0.33193777273367114,0.09733900448330221,0.06828693011859516
a1_mechanism_periodic_s392005_20260910_r1,F2_R3_IDENTITY,train_loss_daot_fingerprint,161,161,0,,0.0,0.0,0.0,0.0
a1_mechanism_periodic_s392005_20260910_r1,F2_R3_IDENTITY,train_loss_daot_nuisance,161,161,141,21,0.0,0.45048484018257073,0.37808522981703097,0.43775166195255144
a1_mechanism_periodic_s392005_20260910_r1,F2_R3_IDENTITY,train_loss_daot_orbit_logit,161,161,141,21,0.0,14.77147143381136,8.236578688791754,7.473663791879877
a1_mechanism_periodic_s392005_20260910_r1,F2_R3_IDENTITY,train_loss_daot_orbit_proto,161,161,0,,0.0,0.0,0.0,0.0
a1_mechanism_periodic_s392005_20260910_r1,F2_R3_IDENTITY,train_loss_daot_orbit_relation,161,161,0,,0.0,0.0,0.0,0.0
a1_mechanism_periodic_s392005_20260910_r1,F2_R3_IDENTITY,train_loss_daot_orbit_z,161,161,141,21,0.0,0.337487305472563,0.07213144514797887,0.050172450641791023
a1_mechanism_periodic_s392005_20260910_r1,F2_R3_IDENTITY,train_loss_daot_tangent,161,161,0,,0.0,0.0,0.0,0.0
a1_mechanism_periodic_s392005_20260910_r1,F2_R3_IDENTITY,train_loss_daot_total,161,161,141,21,0.0,0.8577611996783866,0.6388582759910979,0.8529111976559097
a1_mechanism_periodic_s392005_20260910_r1,F2_R3_IDENTITY,train_loss_daot_unlabeled,161,161,141,21,0.0,0.5587349735401772,0.41303973951842926,0.541989706792273
a1_mechanism_periodic_s392005_20260910_r1,F2_R3_IDENTITY,train_loss_group_ce_labeled,161,161,161,1,1.4223520844369322,12.865134836317182,2.7870352716162694,1.5680586240581564
a1_mechanism_periodic_s392005_20260910_r1,F2_R3_IDENTITY,train_loss_sat_cls_labeled,161,161,82,80,0.0,3.6433012304106005,1.4665162414282136,2.5263699391470835
a1_mechanism_periodic_s392005_20260910_r1,F2_R3_IDENTITY,train_loss_sat_cons_labeled,161,161,0,,0.0,0.0,0.0,0.0
a1_mechanism_periodic_s392005_20260910_r1,F2_R3_IDENTITY,train_os_gradient_nonfinite_bundle,161,161,0,,0.0,0.0,0.0,0.0
a1_mechanism_periodic_s392005_20260910_r1,F2_R3_IDENTITY,train_r3_l_s_aux_scale,161,161,161,1,1.0,1.0,1.0,1.0
a1_mechanism_periodic_s392005_20260910_r1,F2_R3_IDENTITY,train_r3_l_s_eta_raw,161,161,0,,0.0,0.0,0.0,0.0
a1_mechanism_periodic_s392005_20260910_r1,F2_R3_IDENTITY,train_r3_l_s_eta_valid,161,161,0,,0.0,0.0,0.0,0.0
a1_mechanism_periodic_s392005_20260910_r1,F2_R3_IDENTITY,train_r3_l_s_eta_weighted,161,161,0,,0.0,0.0,0.0,0.0
a1_mechanism_periodic_s392005_20260910_r1,F2_R3_IDENTITY,train_r3_l_s_loss,161,161,161,1,1.2742611373867,28.437688114406825,3.588369157667039,1.2744603865855448
a1_mechanism_periodic_s392005_20260910_r1,F2_R3_IDENTITY,train_r3_l_s_pairs,161,161,161,1,128.0,128.0,128.0,128.0
a1_mechanism_periodic_s392005_20260910_r1,F2_R3_IDENTITY,train_r3_l_s_self_active,161,161,161,1,0.5,1.0,0.8136925745621397,1.0
a1_mechanism_periodic_s392005_20260910_r1,F2_R3_IDENTITY,train_r3_l_s_self_raw,161,161,161,1,1.4610825207856324,28.437688114406825,2.9843552145331715,2.938016495189151
a1_mechanism_periodic_s392005_20260910_r1,F2_R3_IDENTITY,train_r3_l_s_self_weighted,161,161,161,1,0.7316252879194312,28.437688114406825,2.8340407203336575,0.7345041237972878
a1_mechanism_periodic_s392005_20260910_r1,F2_R3_IDENTITY,train_r3_l_s_shared_active,161,161,120,42,0.0,1.0,0.5590341894689721,1.0
a1_mechanism_periodic_s392005_20260910_r1,F2_R3_IDENTITY,train_r3_l_s_shared_raw,161,161,121,41,0.0,0.8409761018581219,0.15280091989111916,0.07593363318760116
a1_mechanism_periodic_s392005_20260910_r1,F2_R3_IDENTITY,train_r3_l_s_shared_weighted,161,161,120,42,0.0,0.16939419145519669,0.06937657312927435,0.07593363318760116
a1_mechanism_periodic_s392005_20260910_r1,F2_R3_IDENTITY,train_r3_l_s_swap_active,161,161,120,42,0.0,1.0,0.5590341894689721,1.0
a1_mechanism_periodic_s392005_20260910_r1,F2_R3_IDENTITY,train_r3_l_s_swap_raw,161,161,121,41,0.0,2.1166300676964425,1.0939750314779444,1.8560904881975673
a1_mechanism_periodic_s392005_20260910_r1,F2_R3_IDENTITY,train_r3_l_s_swap_weighted,161,161,120,42,0.0,1.909986780570434,0.6849518642496545,0.4640226220493918
a1_mechanism_periodic_s392005_20260910_r1,F2_R3_IDENTITY,train_r3_u_s_aux_scale,161,161,161,1,1.0,1.0,1.0,1.0
a1_mechanism_periodic_s392005_20260910_r1,F2_R3_IDENTITY,train_r3_u_s_eta_raw,161,161,0,,0.0,0.0,0.0,0.0
a1_mechanism_periodic_s392005_20260910_r1,F2_R3_IDENTITY,train_r3_u_s_eta_valid,161,161,0,,0.0,0.0,0.0,0.0
a1_mechanism_periodic_s392005_20260910_r1,F2_R3_IDENTITY,train_r3_u_s_eta_weighted,161,161,0,,0.0,0.0,0.0,0.0
a1_mechanism_periodic_s392005_20260910_r1,F2_R3_IDENTITY,train_r3_u_s_loss,161,161,161,1,1.2729353050927859,28.437190004297204,3.5919249450598105,1.2729353050927859
a1_mechanism_periodic_s392005_20260910_r1,F2_R3_IDENTITY,train_r3_u_s_pairs,161,161,161,1,255.40540540540542,255.40540540540542,255.40540540540542,255.40540540540542
a1_mechanism_periodic_s392005_20260910_r1,F2_R3_IDENTITY,train_r3_u_s_self_active,161,161,161,1,0.5,1.0,0.8136925745621397,1.0
a1_mechanism_periodic_s392005_20260910_r1,F2_R3_IDENTITY,train_r3_u_s_self_raw,161,161,161,1,1.4614125157261755,28.437190004297204,2.9854293426691694,2.932726292996793
a1_mechanism_periodic_s392005_20260910_r1,F2_R3_IDENTITY,train_r3_u_s_self_weighted,161,161,161,1,0.7317491874501512,28.437190004297204,2.835181260866388,0.7331815732491983
a1_mechanism_periodic_s392005_20260910_r1,F2_R3_IDENTITY,train_r3_u_s_shared_active,161,161,120,42,0.0,1.0,0.5590341894689721,1.0
a1_mechanism_periodic_s392005_20260910_r1,F2_R3_IDENTITY,train_r3_u_s_shared_raw,161,161,121,41,0.0,0.8417867800673923,0.15259461344029684,0.07655063654119904
a1_mechanism_periodic_s392005_20260910_r1,F2_R3_IDENTITY,train_r3_u_s_shared_weighted,161,161,120,42,0.0,0.1685318181643615,0.0693008839396124,0.07655063654119904
a1_mechanism_periodic_s392005_20260910_r1,F2_R3_IDENTITY,train_r3_u_s_swap_active,161,161,120,42,0.0,1.0,0.5590341894689721,1.0
a1_mechanism_periodic_s392005_20260910_r1,F2_R3_IDENTITY,train_r3_u_s_swap_raw,161,161,121,41,0.0,2.117816770398939,1.0977317646323423,1.85281238738481
a1_mechanism_periodic_s392005_20260910_r1,F2_R3_IDENTITY,train_r3_u_s_swap_weighted,161,161,120,42,0.0,1.9201270132451445,0.687442801398616,0.4632030968462025
a1_mechanism_periodic_s392005_20260910_r1,F2_R3_IDENTITY,train_rc4_effective_weighted_coverage,161,161,141,21,0.0,0.15000000448377282,0.03291545053958193,0.007912412963320946
a1_mechanism_periodic_s392005_20260910_r1,F2_R3_IDENTITY,train_rc4_hard_effective_coverage,161,161,141,21,0.0,0.14299321708244248,0.019785831804102306,0.007912412963320946
a1_mechanism_periodic_s392005_20260910_r1,F2_R3_IDENTITY,train_rc4_negative_effective_coverage,161,161,0,,0.0,0.0,0.0,0.0
a1_mechanism_periodic_s392005_20260910_r1,F2_R3_IDENTITY,train_rc4_partial_effective_coverage,161,161,20,21,0.0,0.14998399197786777,0.013129618566996683,0.0
a1_mechanism_periodic_s392005_20260910_r1,F2_R3_IDENTITY,train_sat_anchor_class_coverage,161,161,141,21,0.0,6.0,1.3356835095965531,1.8693693693693694
a1_mechanism_periodic_s392005_20260910_r1,F2_R3_IDENTITY,train_sat_anchor_receiver_coverage,161,161,141,21,0.0,5.0,1.6724022158804768,1.7477477477477477
a1_mechanism_periodic_s392005_20260910_r1,F2_R3_IDENTITY,train_skipped_nonfinite_grad,161,161,17,1,0.0,0.009009009009009009,0.0005036091992613732,0.0
a1_mechanism_periodic_s392005_20260910_r1,F2_R3_IDENTITY,train_skipped_nonfinite_loss,161,161,0,,0.0,0.0,0.0,0.0
a1_mechanism_periodic_s392005_20260910_r1,F2_R3_IDENTITY,train_source_episode_local_component_coverage,142,142,142,20,1.0,1.0,1.0,1.0
a1_mechanism_periodic_s392005_20260910_r1,F2_R3_IDENTITY,train_tail_rollback_cooldown_remaining,161,161,0,,0.0,0.0,0.0,0.0
a1_mechanism_periodic_s392005_20260910_r1,F2_R3_IDENTITY,train_w_loss_cons_labeled,161,161,145,17,0.0,0.006082551973360079,0.004753518949044077,0.005462921417511262
a1_mechanism_periodic_s392005_20260910_r1,F2_R3_IDENTITY,train_w_loss_group_ce_labeled,161,161,161,1,0.22757632786257043,1.0292107642770887,0.36244495867029086,0.25088937409423495
a1_mechanism_periodic_s392005_20260910_r1,F2_R3_IDENTITY,train_w_loss_sat_cls_labeled,161,161,82,80,0.0,2.4774448586929894,0.9972310545634091,1.717931575594923
a1_mechanism_periodic_s392005_20260910_r1,F2_R3_IDENTITY,train_w_loss_sat_cons_labeled,161,161,0,,0.0,0.0,0.0,0.0
a1_mechanism_periodic_s392005_20260910_r1,F2_R3_IDENTITY,val_tx_acc,161,161,161,1,28.322222222222223,98.5925925925926,97.46675868414998,98.54814814814814
a1_mechanism_periodic_s392005_20260910_r1,F3_R3_SWAP,concat_sat_ce_weight,200,200,200,1,1.0,1.0,1.0,1.0
a1_mechanism_periodic_s392005_20260910_r1,F3_R3_SWAP,concat_sat_start_epoch,200,200,200,1,1.0,1.0,1.0,1.0
a1_mechanism_periodic_s392005_20260910_r1,F3_R3_SWAP,group_ce_top_frac,200,200,200,1,0.35,0.35,0.35,0.35
a1_mechanism_periodic_s392005_20260910_r1,F3_R3_SWAP,joint_guard_paic_cooldown_remaining,200,200,0,,0.0,0.0,0.0,0.0
a1_mechanism_periodic_s392005_20260910_r1,F3_R3_SWAP,lambda_cons,200,200,200,1,0.08,0.08,0.08,0.08
a1_mechanism_periodic_s392005_20260910_r1,F3_R3_SWAP,lambda_group_ce,200,200,200,1,0.16,0.16,0.16,0.16
a1_mechanism_periodic_s392005_20260910_r1,F3_R3_SWAP,loss_weight_group_ce,200,200,200,1,0.08,0.16,0.14577885253594247,0.16
a1_mechanism_periodic_s392005_20260910_r1,F3_R3_SWAP,lr,200,200,200,1,1.0000000000000002e-06,0.0002,8.875000000000002e-05,1.0000000000000002e-06
a1_mechanism_periodic_s392005_20260910_r1,F3_R3_SWAP,nonfinite_test_metric_count,200,200,200,1,1.0,1.0,1.0,1.0
a1_mechanism_periodic_s392005_20260910_r1,F3_R3_SWAP,nonfinite_train_metric_count,200,200,200,1,4.0,4.0,4.0,4.0
a1_mechanism_periodic_s392005_20260910_r1,F3_R3_SWAP,nonfinite_val_metric_count,200,200,200,1,1.0,1.0,1.0,1.0
a1_mechanism_periodic_s392005_20260910_r1,F3_R3_SWAP,phase2_audit_imports_balanced_tx_rx_sampler,200,200,200,1,1.0,1.0,1.0,1.0
a1_mechanism_periodic_s392005_20260910_r1,F3_R3_SWAP,stage_group_ce_scale,200,200,200,1,0.5,1.0,0.9111178283496403,1.0
a1_mechanism_periodic_s392005_20260910_r1,F3_R3_SWAP,stage_source_val_sat_floor_tx,200,200,200,1,25.274074074074075,92.63333333333334,80.39712962962963,92.42592592592592
a1_mechanism_periodic_s392005_20260910_r1,F3_R3_SWAP,stage_source_val_sat_mean_tx,200,200,200,1,25.81851851851852,93.44320987654322,81.43773456790123,93.28148148148148
a1_mechanism_periodic_s392005_20260910_r1,F3_R3_SWAP,stage_tail_rollback_cooldown_remaining,200,200,0,,0.0,0.0,0.0,0.0
a1_mechanism_periodic_s392005_20260910_r1,F3_R3_SWAP,train_a1_ema_effective_decay,200,200,200,1,0.9900000000000023,0.9989999999999969,0.9972399999999989,0.9989999999999969
a1_mechanism_periodic_s392005_20260910_r1,F3_R3_SWAP,train_a1_ema_successful_updates,200,200,200,1,110.5,44269.5,22188.465225225227,44269.5
a1_mechanism_periodic_s392005_20260910_r1,F3_R3_SWAP,train_concat_sat_active,200,200,200,1,1.0,1.0,1.0,1.0
a1_mechanism_periodic_s392005_20260910_r1,F3_R3_SWAP,train_concat_sat_applied,200,200,200,1,0.23423423423423423,0.8558558558558559,0.6510135135135136,0.8198198198198198
a1_mechanism_periodic_s392005_20260910_r1,F3_R3_SWAP,train_concat_sat_clean_batch_size,200,200,200,1,128.0,128.0,128.0,128.0
a1_mechanism_periodic_s392005_20260910_r1,F3_R3_SWAP,train_concat_sat_expanded,200,200,0,,0.0,0.0,0.0,0.0
a1_mechanism_periodic_s392005_20260910_r1,F3_R3_SWAP,train_concat_sat_stage_index,200,200,160,41,0.0,2.0,1.35,2.0
a1_mechanism_periodic_s392005_20260910_r1,F3_R3_SWAP,train_concat_sat_stage_start_epoch,200,200,200,1,1.0,91.0,60.5,91.0
a1_mechanism_periodic_s392005_20260910_r1,F3_R3_SWAP,train_concat_sat_total_batch_size,200,200,200,1,128.0,128.0,128.0,128.0
a1_mechanism_periodic_s392005_20260910_r1,F3_R3_SWAP,train_concat_sat_view_prob,200,200,200,1,0.29999999999999877,0.8000000000000016,0.65,0.8000000000000016
a1_mechanism_periodic_s392005_20260910_r1,F3_R3_SWAP,train_daot_batched_view_count,200,200,180,21,0.0,1.0,0.9,1.0
a1_mechanism_periodic_s392005_20260910_r1,F3_R3_SWAP,train_daot_clean_teacher_weight,180,180,180,21,0.4999973624944687,0.5000023388110839,0.4999998043077784,0.5000002941301277
a1_mechanism_periodic_s392005_20260910_r1,F3_R3_SWAP,train_daot_consensus_rate,180,180,180,21,0.5583474099099099,0.9426731418918919,0.8598825387887888,0.9376759572072072
a1_mechanism_periodic_s392005_20260910_r1,F3_R3_SWAP,train_daot_fingerprint_selectivity,180,180,0,,0.0,0.0,0.0,0.0
a1_mechanism_periodic_s392005_20260910_r1,F3_R3_SWAP,train_daot_fingerprint_sensitivity,180,180,0,,0.0,0.0,0.0,0.0
a1_mechanism_periodic_s392005_20260910_r1,F3_R3_SWAP,train_daot_grad_ratio_fingerprint,4,4,0,,0.0,0.0,0.0,0.0
a1_mechanism_periodic_s392005_20260910_r1,F3_R3_SWAP,train_daot_grad_ratio_nuisance,4,4,4,21,3.845677662593681e-09,1.171220793698996e-08,7.601283279132244e-09,1.171220793698996e-08
a1_mechanism_periodic_s392005_20260910_r1,F3_R3_SWAP,train_daot_grad_ratio_orbit_logit,4,4,4,21,2.014521042303615,14.486442826208258,8.080865543164943,14.486442826208258
a1_mechanism_periodic_s392005_20260910_r1,F3_R3_SWAP,train_daot_grad_ratio_orbit_proto,4,4,0,,0.0,0.0,0.0,0.0
a1_mechanism_periodic_s392005_20260910_r1,F3_R3_SWAP,train_daot_grad_ratio_orbit_relation,4,4,0,,0.0,0.0,0.0,0.0
a1_mechanism_periodic_s392005_20260910_r1,F3_R3_SWAP,train_daot_grad_ratio_orbit_z,4,4,4,21,0.006791053888669635,0.03641261811031829,0.01876783378027198,0.019943943434319614
a1_mechanism_periodic_s392005_20260910_r1,F3_R3_SWAP,train_daot_grad_ratio_tangent,4,4,0,,0.0,0.0,0.0,0.0
a1_mechanism_periodic_s392005_20260910_r1,F3_R3_SWAP,train_daot_identity_only_used,200,200,180,21,0.0,1.0,0.9,1.0
a1_mechanism_periodic_s392005_20260910_r1,F3_R3_SWAP,train_daot_logit_coverage,180,180,180,21,0.45732412762470076,0.9194700567571966,0.8267664639676388,0.914020253194345
a1_mechanism_periodic_s392005_20260910_r1,F3_R3_SWAP,train_daot_logit_coverage_weighting,200,200,0,,0.0,0.0,0.0,0.0
a1_mechanism_periodic_s392005_20260910_r1,F3_R3_SWAP,train_daot_logit_weighted_contribution,200,200,180,21,0.0,0.34437478253164805,0.2718909222861125,0.34349314150241045
a1_mechanism_periodic_s392005_20260910_r1,F3_R3_SWAP,train_daot_loss_scale_fingerprint,180,180,180,21,1.0,1.0,1.0,1.0
a1_mechanism_periodic_s392005_20260910_r1,F3_R3_SWAP,train_daot_loss_scale_nuisance,180,180,180,21,1.0,1.0,1.0,1.0
a1_mechanism_periodic_s392005_20260910_r1,F3_R3_SWAP,train_daot_loss_scale_orbit_logit,180,180,180,21,4.237108442565999,9.573614183960299,5.315787409831349,4.368541500166937
a1_mechanism_periodic_s392005_20260910_r1,F3_R3_SWAP,train_daot_loss_scale_orbit_proto,180,180,180,21,1.0,1.0,1.0,1.0
a1_mechanism_periodic_s392005_20260910_r1,F3_R3_SWAP,train_daot_loss_scale_orbit_relation,180,180,180,21,1.0,1.0,1.0,1.0
a1_mechanism_periodic_s392005_20260910_r1,F3_R3_SWAP,train_daot_loss_scale_orbit_z,180,180,180,21,0.049263064576567234,0.3387831327483651,0.07480481758394689,0.049886041058271983
a1_mechanism_periodic_s392005_20260910_r1,F3_R3_SWAP,train_daot_loss_scale_tangent,180,180,180,21,1.0,1.0,1.0,1.0
a1_mechanism_periodic_s392005_20260910_r1,F3_R3_SWAP,train_daot_mean_metadata_skip_enabled,200,200,200,1,1.0,1.0,1.0,1.0
a1_mechanism_periodic_s392005_20260910_r1,F3_R3_SWAP,train_daot_nuisance_sensitivity,180,180,0,,0.0,0.0,0.0,0.0
a1_mechanism_periodic_s392005_20260910_r1,F3_R3_SWAP,train_daot_nuisance_sensitivity_agc,4,4,4,21,5.693277359008789,12.597613334655762,7.816691637039185,5.693277359008789
a1_mechanism_periodic_s392005_20260910_r1,F3_R3_SWAP,train_daot_nuisance_sensitivity_doppler,4,4,4,21,5.76544713973999,13.019965171813965,8.019984245300293,5.76544713973999
a1_mechanism_periodic_s392005_20260910_r1,F3_R3_SWAP,train_daot_nuisance_sensitivity_doppler_rate,4,4,4,21,5.691488265991211,12.712882995605469,7.866323471069336,5.691488265991211
a1_mechanism_periodic_s392005_20260910_r1,F3_R3_SWAP,train_daot_nuisance_sensitivity_multipath,4,4,4,21,5.707364082336426,12.554248809814453,7.8176175355911255,5.707364082336426
a1_mechanism_periodic_s392005_20260910_r1,F3_R3_SWAP,train_daot_nuisance_sensitivity_phase_noise,4,4,4,21,5.711815357208252,12.59585189819336,7.824844598770142,5.711815357208252
a1_mechanism_periodic_s392005_20260910_r1,F3_R3_SWAP,train_daot_nuisance_sensitivity_sfo,4,4,4,21,5.704789161682129,12.578666687011719,7.818608641624451,5.704789161682129
a1_mechanism_periodic_s392005_20260910_r1,F3_R3_SWAP,train_daot_nuisance_sensitivity_snr,4,4,4,21,5.706613063812256,12.589923858642578,7.824411153793335,5.706613063812256
a1_mechanism_periodic_s392005_20260910_r1,F3_R3_SWAP,train_daot_nuisance_sensitivity_sto,4,4,4,21,5.7143940925598145,12.63734245300293,7.833055138587952,5.7143940925598145
a1_mechanism_periodic_s392005_20260910_r1,F3_R3_SWAP,train_daot_objective_computed,200,200,180,21,0.0,1.0,0.9,1.0
a1_mechanism_periodic_s392005_20260910_r1,F3_R3_SWAP,train_daot_orbit_dispersion,180,180,180,21,0.0034673342151936514,0.15934982377331,0.016830140464609157,0.0036228194000065194
a1_mechanism_periodic_s392005_20260910_r1,F3_R3_SWAP,train_daot_orbit_scale,200,200,180,21,0.0,1.0,0.8025,1.0
a1_mechanism_periodic_s392005_20260910_r1,F3_R3_SWAP,train_daot_proto_input_available,200,200,0,,0.0,0.0,0.0,0.0
a1_mechanism_periodic_s392005_20260910_r1,F3_R3_SWAP,train_daot_scale_batched_enabled,200,200,200,1,1.0,1.0,1.0,1.0
a1_mechanism_periodic_s392005_20260910_r1,F3_R3_SWAP,train_daot_tangent_scale,200,200,140,61,0.0,1.0,0.5025,1.0
a1_mechanism_periodic_s392005_20260910_r1,F3_R3_SWAP,train_daot_teacher_effective_views,180,180,180,21,1.9999997213080123,1.9999999994630213,1.9999998973744053,1.9999998442761533
a1_mechanism_periodic_s392005_20260910_r1,F3_R3_SWAP,train_daot_teacher_labeled_accuracy,180,180,180,21,0.8647240990990991,0.9863809121621622,0.9648114911786787,0.9810318130630631
a1_mechanism_periodic_s392005_20260910_r1,F3_R3_SWAP,train_daot_teacher_labeled_confidence,180,180,180,21,0.9044483983301902,0.9971587829761677,0.987905437962429,0.9960009667787466
a1_mechanism_periodic_s392005_20260910_r1,F3_R3_SWAP,train_daot_teacher_view_count,200,200,180,21,0.0,2.0,1.8,2.0
a1_mechanism_periodic_s392005_20260910_r1,F3_R3_SWAP,train_daot_u_consensus_rate,180,180,180,21,0.5582214016635139,0.9542465851650582,0.8786203887891603,0.9533128767937153
a1_mechanism_periodic_s392005_20260910_r1,F3_R3_SWAP,train_daot_u_logit_coverage,180,180,180,21,0.48621749408073256,0.9320896141700916,0.8501588625600328,0.93147966883204
a1_mechanism_periodic_s392005_20260910_r1,F3_R3_SWAP,train_daot_u_logit_weighted_contribution,200,200,180,21,0.0,0.06292594376917895,0.044508739546403345,0.051551895518157934
a1_mechanism_periodic_s392005_20260910_r1,F3_R3_SWAP,train_daot_u_orbit_dispersion,180,180,180,21,0.002696734136767551,0.17760935573427528,0.017180378544267856,0.002729574582321351
a1_mechanism_periodic_s392005_20260910_r1,F3_R3_SWAP,train_daot_u_orbit_scale,200,200,180,21,0.0,1.0,0.8025,1.0
a1_mechanism_periodic_s392005_20260910_r1,F3_R3_SWAP,train_daot_worst_bucket_elevation,4,4,4,21,0.1875,0.78125,0.5625,0.75
a1_mechanism_periodic_s392005_20260910_r1,F3_R3_SWAP,train_daot_worst_bucket_snr,4,4,4,21,0.21875,0.75,0.5625,0.75
a1_mechanism_periodic_s392005_20260910_r1,F3_R3_SWAP,train_dm_accept_local_component_class_coverage,200,200,0,,0.0,0.0,0.0,0.0
a1_mechanism_periodic_s392005_20260910_r1,F3_R3_SWAP,train_ecrs_cross_rx_successful_steps,200,200,0,,0.0,0.0,0.0,0.0
a1_mechanism_periodic_s392005_20260910_r1,F3_R3_SWAP,train_loss_cons_labeled,200,200,184,17,0.0,0.3323567708333333,0.09240871326343432,0.0701446533203125
a1_mechanism_periodic_s392005_20260910_r1,F3_R3_SWAP,train_loss_daot_fingerprint,200,200,0,,0.0,0.0,0.0,0.0
a1_mechanism_periodic_s392005_20260910_r1,F3_R3_SWAP,train_loss_daot_nuisance,200,200,180,21,0.0,0.4742982493596034,0.416680727191605,0.4672837135222581
a1_mechanism_periodic_s392005_20260910_r1,F3_R3_SWAP,train_loss_daot_orbit_logit,200,200,180,21,0.0,14.99800358591853,8.024624419024398,7.5107977948747235
a1_mechanism_periodic_s392005_20260910_r1,F3_R3_SWAP,train_loss_daot_orbit_proto,200,200,0,,0.0,0.0,0.0,0.0
a1_mechanism_periodic_s392005_20260910_r1,F3_R3_SWAP,train_loss_daot_orbit_relation,200,200,0,,0.0,0.0,0.0,0.0
a1_mechanism_periodic_s392005_20260910_r1,F3_R3_SWAP,train_loss_daot_orbit_z,200,200,180,21,0.0,0.3373031331612183,0.06796955173507936,0.05110614642769367
a1_mechanism_periodic_s392005_20260910_r1,F3_R3_SWAP,train_loss_daot_tangent,200,200,0,,0.0,0.0,0.0,0.0
a1_mechanism_periodic_s392005_20260910_r1,F3_R3_SWAP,train_loss_daot_total,200,200,180,21,0.0,0.8573124075795079,0.6805941755346417,0.8556275394585755
a1_mechanism_periodic_s392005_20260910_r1,F3_R3_SWAP,train_loss_daot_unlabeled,200,200,180,21,0.0,0.5577876986684026,0.4380016957989239,0.5390909326237601
a1_mechanism_periodic_s392005_20260910_r1,F3_R3_SWAP,train_loss_group_ce_labeled,200,200,200,1,1.2968104258179665,12.867875112069619,2.546655490447742,1.7283833410825815
a1_mechanism_periodic_s392005_20260910_r1,F3_R3_SWAP,train_loss_sat_cls_labeled,200,200,121,80,0.0,3.662918930369857,1.648046004980811,2.487428645158673
a1_mechanism_periodic_s392005_20260910_r1,F3_R3_SWAP,train_loss_sat_cons_labeled,200,200,0,,0.0,0.0,0.0,0.0
a1_mechanism_periodic_s392005_20260910_r1,F3_R3_SWAP,train_os_gradient_nonfinite_bundle,200,200,0,,0.0,0.0,0.0,0.0
a1_mechanism_periodic_s392005_20260910_r1,F3_R3_SWAP,train_r3_l_s_aux_scale,200,200,200,1,1.0,1.0,1.0,1.0
a1_mechanism_periodic_s392005_20260910_r1,F3_R3_SWAP,train_r3_l_s_eta_raw,200,200,0,,0.0,0.0,0.0,0.0
a1_mechanism_periodic_s392005_20260910_r1,F3_R3_SWAP,train_r3_l_s_eta_valid,200,200,0,,0.0,0.0,0.0,0.0
a1_mechanism_periodic_s392005_20260910_r1,F3_R3_SWAP,train_r3_l_s_eta_weighted,200,200,0,,0.0,0.0,0.0,0.0
a1_mechanism_periodic_s392005_20260910_r1,F3_R3_SWAP,train_r3_l_s_loss,200,200,200,1,1.2609204107576661,28.448769964613355,3.1559919278793505,1.262003617243724
a1_mechanism_periodic_s392005_20260910_r1,F3_R3_SWAP,train_r3_l_s_pairs,200,200,200,1,128.0,128.0,128.0,128.0
a1_mechanism_periodic_s392005_20260910_r1,F3_R3_SWAP,train_r3_l_s_self_active,200,200,200,1,0.5,1.0,0.8500225225225225,1.0
a1_mechanism_periodic_s392005_20260910_r1,F3_R3_SWAP,train_r3_l_s_self_raw,200,200,200,1,1.468873745686299,28.448769964613355,2.975655695640289,2.926846811363289
a1_mechanism_periodic_s392005_20260910_r1,F3_R3_SWAP,train_r3_l_s_self_weighted,200,200,200,1,0.7312159825552691,28.448769964613355,2.4241185059472246,0.7317117028408222
a1_mechanism_periodic_s392005_20260910_r1,F3_R3_SWAP,train_r3_l_s_shared_active,200,200,159,42,0.0,1.0,0.6450225225225225,1.0
a1_mechanism_periodic_s392005_20260910_r1,F3_R3_SWAP,train_r3_l_s_shared_raw,200,200,160,41,0.0,0.8341452380021414,0.13206093758252357,0.04989566189144646
a1_mechanism_periodic_s392005_20260910_r1,F3_R3_SWAP,train_r3_l_s_shared_weighted,200,200,159,42,0.0,0.1648037985369966,0.0658619992879664,0.04989566189144646
a1_mechanism_periodic_s392005_20260910_r1,F3_R3_SWAP,train_r3_l_s_swap_active,200,200,159,42,0.0,1.0,0.6450225225225225,1.0
a1_mechanism_periodic_s392005_20260910_r1,F3_R3_SWAP,train_r3_l_s_swap_raw,200,200,160,41,0.0,2.174343845865748,1.287905370058777,1.921585013200571
a1_mechanism_periodic_s392005_20260910_r1,F3_R3_SWAP,train_r3_l_s_swap_weighted,200,200,159,42,0.0,1.978532422770251,0.6660114224340665,0.48039625330014274
a1_mechanism_periodic_s392005_20260910_r1,F3_R3_SWAP,train_r3_u_s_aux_scale,200,200,200,1,1.0,1.0,1.0,1.0
a1_mechanism_periodic_s392005_20260910_r1,F3_R3_SWAP,train_r3_u_s_eta_raw,200,200,0,,0.0,0.0,0.0,0.0
a1_mechanism_periodic_s392005_20260910_r1,F3_R3_SWAP,train_r3_u_s_eta_valid,200,200,0,,0.0,0.0,0.0,0.0
a1_mechanism_periodic_s392005_20260910_r1,F3_R3_SWAP,train_r3_u_s_eta_weighted,200,200,0,,0.0,0.0,0.0,0.0
a1_mechanism_periodic_s392005_20260910_r1,F3_R3_SWAP,train_r3_u_s_loss,200,200,200,1,1.2599806296932805,28.448302492365105,3.159548228608595,1.2619706198975846
a1_mechanism_periodic_s392005_20260910_r1,F3_R3_SWAP,train_r3_u_s_pairs,200,200,200,1,255.40540540540542,255.40540540540542,255.4054054054054,255.40540540540542
a1_mechanism_periodic_s392005_20260910_r1,F3_R3_SWAP,train_r3_u_s_self_active,200,200,200,1,0.5,1.0,0.8500225225225225,1.0
a1_mechanism_periodic_s392005_20260910_r1,F3_R3_SWAP,train_r3_u_s_self_raw,200,200,200,1,1.4670336740510959,28.448302492365105,2.9769287413949366,2.926076564702902
a1_mechanism_periodic_s392005_20260910_r1,F3_R3_SWAP,train_r3_u_s_self_weighted,200,200,200,1,0.7301754033243334,28.448302492365105,2.425380132382249,0.7315191411757255
a1_mechanism_periodic_s392005_20260910_r1,F3_R3_SWAP,train_r3_u_s_shared_active,200,200,159,42,0.0,1.0,0.6450225225225225,1.0
a1_mechanism_periodic_s392005_20260910_r1,F3_R3_SWAP,train_r3_u_s_shared_raw,200,200,160,41,0.0,0.833355584660092,0.13187968214663365,0.04913054955368106
a1_mechanism_periodic_s392005_20260910_r1,F3_R3_SWAP,train_r3_u_s_shared_weighted,200,200,159,42,0.0,0.1638936114472312,0.06578614858801368,0.04913054955368106
a1_mechanism_periodic_s392005_20260910_r1,F3_R3_SWAP,train_r3_u_s_swap_active,200,200,159,42,0.0,1.0,0.6450225225225225,1.0
a1_mechanism_periodic_s392005_20260910_r1,F3_R3_SWAP,train_r3_u_s_swap_raw,200,200,160,41,0.0,2.176235360068244,1.292010182872549,1.925283704792057
a1_mechanism_periodic_s392005_20260910_r1,F3_R3_SWAP,train_r3_u_s_swap_weighted,200,200,159,42,0.0,1.9905119001328409,0.6683819483538569,0.48132092619801425
a1_mechanism_periodic_s392005_20260910_r1,F3_R3_SWAP,train_rc4_effective_weighted_coverage,200,200,180,21,0.0,0.15000000428240579,0.02898560713281276,0.006695028304265023
a1_mechanism_periodic_s392005_20260910_r1,F3_R3_SWAP,train_rc4_hard_effective_coverage,200,200,180,21,0.0,0.14736812440930186,0.017658225365388438,0.006695028291679583
a1_mechanism_periodic_s392005_20260910_r1,F3_R3_SWAP,train_rc4_negative_effective_coverage,200,200,0,,0.0,0.0,0.0,0.0
a1_mechanism_periodic_s392005_20260910_r1,F3_R3_SWAP,train_rc4_partial_effective_coverage,200,200,20,21,0.0,0.14999152196420207,0.011327381622096575,0.0
a1_mechanism_periodic_s392005_20260910_r1,F3_R3_SWAP,train_sat_anchor_class_coverage,200,200,180,21,0.0,6.0,1.3046621621621624,1.554054054054054
a1_mechanism_periodic_s392005_20260910_r1,F3_R3_SWAP,train_sat_anchor_receiver_coverage,200,200,180,21,0.0,5.0,1.5690990990990992,1.5405405405405406
a1_mechanism_periodic_s392005_20260910_r1,F3_R3_SWAP,train_skipped_nonfinite_grad,200,200,18,1,0.0,0.009009009009009009,0.0004504504504504504,0.0
a1_mechanism_periodic_s392005_20260910_r1,F3_R3_SWAP,train_skipped_nonfinite_loss,200,200,0,,0.0,0.0,0.0,0.0
a1_mechanism_periodic_s392005_20260910_r1,F3_R3_SWAP,train_source_episode_local_component_coverage,181,181,181,20,1.0,1.0,1.0,1.0
a1_mechanism_periodic_s392005_20260910_r1,F3_R3_SWAP,train_tail_rollback_cooldown_remaining,200,200,0,,0.0,0.0,0.0,0.0
a1_mechanism_periodic_s392005_20260910_r1,F3_R3_SWAP,train_w_loss_cons_labeled,200,200,184,17,0.0,0.006160031567822705,0.004956140561146779,0.005611505594339456
a1_mechanism_periodic_s392005_20260910_r1,F3_R3_SWAP,train_w_loss_group_ce_labeled,200,200,200,1,0.207489664104205,1.0294299866702106,0.3402965558982278,0.2765413282674041
a1_mechanism_periodic_s392005_20260910_r1,F3_R3_SWAP,train_w_loss_sat_cls_labeled,200,200,121,80,0.0,2.490784897896889,1.120671295166343,1.691451498139482
a1_mechanism_periodic_s392005_20260910_r1,F3_R3_SWAP,train_w_loss_sat_cons_labeled,200,200,0,,0.0,0.0,0.0,0.0
a1_mechanism_periodic_s392005_20260910_r1,F3_R3_SWAP,val_tx_acc,200,200,200,1,28.21851851851852,98.61481481481482,97.71272222222223,98.6037037037037
a1_mechanism_periodic_s392005_20260910_r1,G1_FISHER_GATE,concat_sat_ce_weight,33,33,33,1,1.0,1.0,1.0,1.0
a1_mechanism_periodic_s392005_20260910_r1,G1_FISHER_GATE,concat_sat_start_epoch,33,33,33,1,1.0,1.0,1.0,1.0
a1_mechanism_periodic_s392005_20260910_r1,G1_FISHER_GATE,group_ce_top_frac,33,33,33,1,0.35,0.35,0.35,0.35
a1_mechanism_periodic_s392005_20260910_r1,G1_FISHER_GATE,joint_guard_paic_cooldown_remaining,33,33,0,,0.0,0.0,0.0,0.0
a1_mechanism_periodic_s392005_20260910_r1,G1_FISHER_GATE,lambda_cons,33,33,33,1,0.08,0.08,0.08,0.08
a1_mechanism_periodic_s392005_20260910_r1,G1_FISHER_GATE,lambda_group_ce,33,33,33,1,0.16,0.16,0.16,0.16
a1_mechanism_periodic_s392005_20260910_r1,G1_FISHER_GATE,loss_weight_group_ce,33,33,33,1,0.08,0.11878454923451426,0.09786032890490153,0.11878454923451426
a1_mechanism_periodic_s392005_20260910_r1,G1_FISHER_GATE,lr,33,33,33,1,4e-05,0.0002,0.00018400747052108417,0.0001866896096253911
a1_mechanism_periodic_s392005_20260910_r1,G1_FISHER_GATE,nonfinite_test_metric_count,33,33,33,1,1.0,1.0,1.0,1.0
a1_mechanism_periodic_s392005_20260910_r1,G1_FISHER_GATE,nonfinite_train_metric_count,33,33,33,1,4.0,4.0,4.0,4.0
a1_mechanism_periodic_s392005_20260910_r1,G1_FISHER_GATE,nonfinite_val_metric_count,33,33,33,1,1.0,1.0,1.0,1.0
a1_mechanism_periodic_s392005_20260910_r1,G1_FISHER_GATE,phase2_audit_imports_balanced_tx_rx_sampler,33,33,33,1,1.0,1.0,1.0,1.0
a1_mechanism_periodic_s392005_20260910_r1,G1_FISHER_GATE,stage_group_ce_scale,33,33,33,1,0.5,0.7424034327157141,0.6116270556556345,0.7424034327157141
a1_mechanism_periodic_s392005_20260910_r1,G1_FISHER_GATE,stage_source_val_sat_floor_tx,33,33,33,1,21.98148148148148,70.42962962962963,52.41245791245791,70.42962962962963
a1_mechanism_periodic_s392005_20260910_r1,G1_FISHER_GATE,stage_source_val_sat_mean_tx,33,33,33,1,22.404938271604937,72.55555555555554,53.94725028058361,72.55555555555554
a1_mechanism_periodic_s392005_20260910_r1,G1_FISHER_GATE,stage_tail_rollback_cooldown_remaining,33,33,0,,0.0,0.0,0.0,0.0
a1_mechanism_periodic_s392005_20260910_r1,G1_FISHER_GATE,train_a1_ema_effective_decay,33,33,33,1,0.9900000000000023,0.9950000000000029,0.9925757575757602,0.9950000000000029
a1_mechanism_periodic_s392005_20260910_r1,G1_FISHER_GATE,train_a1_ema_successful_updates,33,33,33,1,110.5,7208.5,3658.279415779416,7208.5
a1_mechanism_periodic_s392005_20260910_r1,G1_FISHER_GATE,train_concat_sat_active,33,33,33,1,1.0,1.0,1.0,1.0
a1_mechanism_periodic_s392005_20260910_r1,G1_FISHER_GATE,train_concat_sat_applied,33,33,33,1,0.23423423423423423,0.35585585585585583,0.2996177996177996,0.23423423423423423
a1_mechanism_periodic_s392005_20260910_r1,G1_FISHER_GATE,train_concat_sat_clean_batch_size,33,33,33,1,128.0,128.0,128.0,128.0
a1_mechanism_periodic_s392005_20260910_r1,G1_FISHER_GATE,train_concat_sat_expanded,33,33,0,,0.0,0.0,0.0,0.0
a1_mechanism_periodic_s392005_20260910_r1,G1_FISHER_GATE,train_concat_sat_stage_index,33,33,0,,0.0,0.0,0.0,0.0
a1_mechanism_periodic_s392005_20260910_r1,G1_FISHER_GATE,train_concat_sat_stage_start_epoch,33,33,33,1,1.0,1.0,1.0,1.0
a1_mechanism_periodic_s392005_20260910_r1,G1_FISHER_GATE,train_concat_sat_total_batch_size,33,33,33,1,128.0,128.0,128.0,128.0
a1_mechanism_periodic_s392005_20260910_r1,G1_FISHER_GATE,train_concat_sat_view_prob,33,33,33,1,0.29999999999999877,0.29999999999999877,0.29999999999999877,0.29999999999999877
a1_mechanism_periodic_s392005_20260910_r1,G1_FISHER_GATE,train_daot_batched_view_count,33,33,13,21,0.0,1.0,0.3939393939393939,1.0
a1_mechanism_periodic_s392005_20260910_r1,G1_FISHER_GATE,train_daot_clean_teacher_weight,13,13,13,21,0.49999998469610474,0.49999999906028714,0.49999999152193114,0.4999999975835955
a1_mechanism_periodic_s392005_20260910_r1,G1_FISHER_GATE,train_daot_consensus_rate,13,13,13,21,0.6279208896396397,0.7371199324324325,0.6839267151767151,0.7371199324324325
a1_mechanism_periodic_s392005_20260910_r1,G1_FISHER_GATE,train_daot_fingerprint_selectivity,13,13,0,,0.0,0.0,0.0,0.0
a1_mechanism_periodic_s392005_20260910_r1,G1_FISHER_GATE,train_daot_fingerprint_sensitivity,13,13,0,,0.0,0.0,0.0,0.0
a1_mechanism_periodic_s392005_20260910_r1,G1_FISHER_GATE,train_daot_grad_ratio_fingerprint,1,1,0,,0.0,0.0,0.0,0.0
a1_mechanism_periodic_s392005_20260910_r1,G1_FISHER_GATE,train_daot_grad_ratio_nuisance,1,1,1,21,2.7422741139924304e-09,2.7422741139924304e-09,2.7422741139924304e-09,2.7422741139924304e-09
a1_mechanism_periodic_s392005_20260910_r1,G1_FISHER_GATE,train_daot_grad_ratio_orbit_logit,1,1,1,21,8.929479894493479,8.929479894493479,8.929479894493479,8.929479894493479
a1_mechanism_periodic_s392005_20260910_r1,G1_FISHER_GATE,train_daot_grad_ratio_orbit_proto,1,1,0,,0.0,0.0,0.0,0.0
a1_mechanism_periodic_s392005_20260910_r1,G1_FISHER_GATE,train_daot_grad_ratio_orbit_relation,1,1,0,,0.0,0.0,0.0,0.0
a1_mechanism_periodic_s392005_20260910_r1,G1_FISHER_GATE,train_daot_grad_ratio_orbit_z,1,1,1,21,0.0996105031031464,0.0996105031031464,0.0996105031031464,0.0996105031031464
a1_mechanism_periodic_s392005_20260910_r1,G1_FISHER_GATE,train_daot_grad_ratio_tangent,1,1,0,,0.0,0.0,0.0,0.0
a1_mechanism_periodic_s392005_20260910_r1,G1_FISHER_GATE,train_daot_identity_only_used,33,33,13,21,0.0,1.0,0.3939393939393939,1.0
a1_mechanism_periodic_s392005_20260910_r1,G1_FISHER_GATE,train_daot_logit_coverage,13,13,13,21,0.5627380406802839,0.6862090867650401,0.6244367881112023,0.6862090867650401
a1_mechanism_periodic_s392005_20260910_r1,G1_FISHER_GATE,train_daot_logit_coverage_weighting,33,33,0,,0.0,0.0,0.0,0.0
a1_mechanism_periodic_s392005_20260910_r1,G1_FISHER_GATE,train_daot_logit_weighted_contribution,33,33,13,21,0.0,0.10934488669977532,0.023055222900858933,0.10934488669977532
a1_mechanism_periodic_s392005_20260910_r1,G1_FISHER_GATE,train_daot_loss_scale_fingerprint,13,13,13,21,1.0,1.0,1.0,1.0
a1_mechanism_periodic_s392005_20260910_r1,G1_FISHER_GATE,train_daot_loss_scale_nuisance,13,13,13,21,1.0,1.0,1.0,1.0
a1_mechanism_periodic_s392005_20260910_r1,G1_FISHER_GATE,train_daot_loss_scale_orbit_logit,13,13,13,21,6.670157246529271,8.189059818262853,7.368609777977654,6.756565474659162
a1_mechanism_periodic_s392005_20260910_r1,G1_FISHER_GATE,train_daot_loss_scale_orbit_proto,13,13,13,21,1.0,1.0,1.0,1.0
a1_mechanism_periodic_s392005_20260910_r1,G1_FISHER_GATE,train_daot_loss_scale_orbit_relation,13,13,13,21,1.0,1.0,1.0,1.0
a1_mechanism_periodic_s392005_20260910_r1,G1_FISHER_GATE,train_daot_loss_scale_orbit_z,13,13,13,21,0.08802048214912692,0.22390606526148393,0.13926365539002095,0.08802048214912692
a1_mechanism_periodic_s392005_20260910_r1,G1_FISHER_GATE,train_daot_loss_scale_tangent,13,13,13,21,1.0,1.0,1.0,1.0
a1_mechanism_periodic_s392005_20260910_r1,G1_FISHER_GATE,train_daot_mean_metadata_skip_enabled,33,33,33,1,1.0,1.0,1.0,1.0
a1_mechanism_periodic_s392005_20260910_r1,G1_FISHER_GATE,train_daot_nuisance_sensitivity,13,13,0,,0.0,0.0,0.0,0.0
a1_mechanism_periodic_s392005_20260910_r1,G1_FISHER_GATE,train_daot_nuisance_sensitivity_agc,1,1,1,21,8.812597274780273,8.812597274780273,8.812597274780273,8.812597274780273
a1_mechanism_periodic_s392005_20260910_r1,G1_FISHER_GATE,train_daot_nuisance_sensitivity_doppler,1,1,1,21,9.371053695678711,9.371053695678711,9.371053695678711,9.371053695678711
a1_mechanism_periodic_s392005_20260910_r1,G1_FISHER_GATE,train_daot_nuisance_sensitivity_doppler_rate,1,1,1,21,8.95513916015625,8.95513916015625,8.95513916015625,8.95513916015625
a1_mechanism_periodic_s392005_20260910_r1,G1_FISHER_GATE,train_daot_nuisance_sensitivity_multipath,1,1,1,21,8.93922233581543,8.93922233581543,8.93922233581543,8.93922233581543
a1_mechanism_periodic_s392005_20260910_r1,G1_FISHER_GATE,train_daot_nuisance_sensitivity_phase_noise,1,1,1,21,8.789937019348145,8.789937019348145,8.789937019348145,8.789937019348145
a1_mechanism_periodic_s392005_20260910_r1,G1_FISHER_GATE,train_daot_nuisance_sensitivity_sfo,1,1,1,21,8.8836669921875,8.8836669921875,8.8836669921875,8.8836669921875
a1_mechanism_periodic_s392005_20260910_r1,G1_FISHER_GATE,train_daot_nuisance_sensitivity_snr,1,1,1,21,8.847197532653809,8.847197532653809,8.847197532653809,8.847197532653809
a1_mechanism_periodic_s392005_20260910_r1,G1_FISHER_GATE,train_daot_nuisance_sensitivity_sto,1,1,1,21,9.214635848999023,9.214635848999023,9.214635848999023,9.214635848999023
a1_mechanism_periodic_s392005_20260910_r1,G1_FISHER_GATE,train_daot_objective_computed,33,33,13,21,0.0,1.0,0.3939393939393939,1.0
a1_mechanism_periodic_s392005_20260910_r1,G1_FISHER_GATE,train_daot_orbit_dispersion,13,13,13,21,0.04510457877506007,0.13423453219369189,0.08008822610721829,0.04542414025982489
a1_mechanism_periodic_s392005_20260910_r1,G1_FISHER_GATE,train_daot_orbit_scale,33,33,13,21,0.0,0.32500000000000134,0.06893939393939394,0.32500000000000134
a1_mechanism_periodic_s392005_20260910_r1,G1_FISHER_GATE,train_daot_proto_input_available,33,33,0,,0.0,0.0,0.0,0.0
a1_mechanism_periodic_s392005_20260910_r1,G1_FISHER_GATE,train_daot_scale_batched_enabled,33,33,33,1,1.0,1.0,1.0,1.0
a1_mechanism_periodic_s392005_20260910_r1,G1_FISHER_GATE,train_daot_tangent_scale,33,33,0,,0.0,0.0,0.0,0.0
a1_mechanism_periodic_s392005_20260910_r1,G1_FISHER_GATE,train_daot_teacher_effective_views,13,13,13,21,2.0,2.0,2.0,2.0
a1_mechanism_periodic_s392005_20260910_r1,G1_FISHER_GATE,train_daot_teacher_labeled_accuracy,13,13,13,21,0.9152942004504504,0.9498873873873874,0.9318558341995842,0.9498873873873874
a1_mechanism_periodic_s392005_20260910_r1,G1_FISHER_GATE,train_daot_teacher_labeled_confidence,13,13,13,21,0.9793175236061886,0.9878148294246949,0.9829506782591549,0.9878148294246949
a1_mechanism_periodic_s392005_20260910_r1,G1_FISHER_GATE,train_daot_teacher_view_count,33,33,13,21,0.0,2.0,0.7878787878787878,2.0
a1_mechanism_periodic_s392005_20260910_r1,G1_FISHER_GATE,train_daot_u_consensus_rate,13,13,13,21,0.6479839843672675,0.7599404470340626,0.7078096968427103,0.7599404470340626
a1_mechanism_periodic_s392005_20260910_r1,G1_FISHER_GATE,train_daot_u_logit_coverage,13,13,13,21,0.5927478566363051,0.716550443623517,0.6575173861808605,0.716550443623517
a1_mechanism_periodic_s392005_20260910_r1,G1_FISHER_GATE,train_daot_u_logit_weighted_contribution,33,33,13,21,0.0,0.01900386044268941,0.004132006978176264,0.01900386044268941
a1_mechanism_periodic_s392005_20260910_r1,G1_FISHER_GATE,train_daot_u_orbit_dispersion,13,13,13,21,0.04837505772776969,0.15237391313856785,0.08930465659708796,0.04837505772776969
a1_mechanism_periodic_s392005_20260910_r1,G1_FISHER_GATE,train_daot_u_orbit_scale,33,33,13,21,0.0,0.32500000000000134,0.06893939393939394,0.32500000000000134
a1_mechanism_periodic_s392005_20260910_r1,G1_FISHER_GATE,train_daot_worst_bucket_elevation,1,1,1,21,0.15625,0.15625,0.15625,0.15625
a1_mechanism_periodic_s392005_20260910_r1,G1_FISHER_GATE,train_daot_worst_bucket_snr,1,1,1,21,0.21875,0.21875,0.21875,0.21875
a1_mechanism_periodic_s392005_20260910_r1,G1_FISHER_GATE,train_dm_accept_local_component_class_coverage,33,33,0,,0.0,0.0,0.0,0.0
a1_mechanism_periodic_s392005_20260910_r1,G1_FISHER_GATE,train_ecrs_cross_rx_successful_steps,33,33,0,,0.0,0.0,0.0,0.0
a1_mechanism_periodic_s392005_20260910_r1,G1_FISHER_GATE,train_fisher_branch_ce,33,33,33,1,8.118103001568768,12.115855904312822,9.082483091153899,8.118103001568768
a1_mechanism_periodic_s392005_20260910_r1,G1_FISHER_GATE,train_fisher_loss_weighted,33,33,33,1,0.8295516736872561,1.2115856221130303,0.9121294250391951,0.8295516736872561
a1_mechanism_periodic_s392005_20260910_r1,G1_FISHER_GATE,train_fisher_null_mean,33,33,33,1,0.6082920684470786,0.9554659922917684,0.7208803142806138,0.6082920684470786
a1_mechanism_periodic_s392005_20260910_r1,G1_FISHER_GATE,train_fisher_route_kl,33,33,33,1,1.356033845527752,2.744721076509974,1.8131641236657887,1.3647199512064994
a1_mechanism_periodic_s392005_20260910_r1,G1_FISHER_GATE,train_fisher_source_evidence_updates,33,33,33,1,111.5,7215.5,3663.5,7215.5
a1_mechanism_periodic_s392005_20260910_r1,G1_FISHER_GATE,train_loss_cons_labeled,33,33,17,17,0.0,0.25605237806165543,0.09861685804678968,0.12063543646185247
a1_mechanism_periodic_s392005_20260910_r1,G1_FISHER_GATE,train_loss_daot_fingerprint,33,33,0,,0.0,0.0,0.0,0.0
a1_mechanism_periodic_s392005_20260910_r1,G1_FISHER_GATE,train_loss_daot_nuisance,33,33,13,21,0.0,0.6485308798046799,0.24919506773218378,0.635798562217403
a1_mechanism_periodic_s392005_20260910_r1,G1_FISHER_GATE,train_loss_daot_orbit_logit,33,33,13,21,0.0,13.096466285688383,4.834399626810239,11.37418735134709
a1_mechanism_periodic_s392005_20260910_r1,G1_FISHER_GATE,train_loss_daot_orbit_proto,33,33,0,,0.0,0.0,0.0,0.0
a1_mechanism_periodic_s392005_20260910_r1,G1_FISHER_GATE,train_loss_daot_orbit_relation,33,33,0,,0.0,0.0,0.0,0.0
a1_mechanism_periodic_s392005_20260910_r1,G1_FISHER_GATE,train_loss_daot_orbit_z,33,33,13,21,0.0,0.21578376689875448,0.053784679980460916,0.08825408476027283
a1_mechanism_periodic_s392005_20260910_r1,G1_FISHER_GATE,train_loss_daot_tangent,33,33,0,,0.0,0.0,0.0,0.0
a1_mechanism_periodic_s392005_20260910_r1,G1_FISHER_GATE,train_loss_daot_total,33,33,13,21,0.0,0.2722516220969123,0.05714330123495916,0.2722516220969123
a1_mechanism_periodic_s392005_20260910_r1,G1_FISHER_GATE,train_loss_daot_unlabeled,33,33,13,21,0.0,0.18074853443079167,0.038757688227182584,0.18074853443079167
a1_mechanism_periodic_s392005_20260910_r1,G1_FISHER_GATE,train_loss_group_ce_labeled,33,33,33,1,3.005929979923609,12.091344738865757,4.626440019460932,3.005929979923609
a1_mechanism_periodic_s392005_20260910_r1,G1_FISHER_GATE,train_loss_sat_cls_labeled,33,33,0,,0.0,0.0,0.0,0.0
a1_mechanism_periodic_s392005_20260910_r1,G1_FISHER_GATE,train_loss_sat_cons_labeled,33,33,0,,0.0,0.0,0.0,0.0
a1_mechanism_periodic_s392005_20260910_r1,G1_FISHER_GATE,train_os_gradient_nonfinite_bundle,33,33,0,,0.0,0.0,0.0,0.0
a1_mechanism_periodic_s392005_20260910_r1,G1_FISHER_GATE,train_rc4_effective_weighted_coverage,33,33,13,21,0.0,0.009126841994673686,0.0015335602097153772,0.002277480028276038
a1_mechanism_periodic_s392005_20260910_r1,G1_FISHER_GATE,train_rc4_hard_effective_coverage,33,33,13,21,0.0,0.009126841965307659,0.0015335602093340004,0.0022774800324711847
a1_mechanism_periodic_s392005_20260910_r1,G1_FISHER_GATE,train_rc4_negative_effective_coverage,33,33,0,,0.0,0.0,0.0,0.0
a1_mechanism_periodic_s392005_20260910_r1,G1_FISHER_GATE,train_rc4_partial_effective_coverage,33,33,0,,0.0,0.0,0.0,0.0
a1_mechanism_periodic_s392005_20260910_r1,G1_FISHER_GATE,train_sat_anchor_class_coverage,33,33,13,21,0.0,1.472972972972973,0.30057330057330056,0.45495495495495497
a1_mechanism_periodic_s392005_20260910_r1,G1_FISHER_GATE,train_sat_anchor_receiver_coverage,33,33,13,21,0.0,1.7612612612612613,0.3301938301938302,0.527027027027027
a1_mechanism_periodic_s392005_20260910_r1,G1_FISHER_GATE,train_skipped_nonfinite_grad,33,33,5,1,0.0,0.013513513513513514,0.0009555009555009555,0.0
a1_mechanism_periodic_s392005_20260910_r1,G1_FISHER_GATE,train_skipped_nonfinite_loss,33,33,0,,0.0,0.0,0.0,0.0
a1_mechanism_periodic_s392005_20260910_r1,G1_FISHER_GATE,train_source_episode_local_component_coverage,14,14,14,20,1.0,1.0,1.0,1.0
a1_mechanism_periodic_s392005_20260910_r1,G1_FISHER_GATE,train_tail_rollback_cooldown_remaining,33,33,0,,0.0,0.0,0.0,0.0
a1_mechanism_periodic_s392005_20260910_r1,G1_FISHER_GATE,train_w_loss_cons_labeled,33,33,17,17,0.0,0.004173347541877815,0.0017713401736114444,0.002680413357846372
a1_mechanism_periodic_s392005_20260910_r1,G1_FISHER_GATE,train_w_loss_group_ce_labeled,33,33,33,1,0.2785424712944675,0.9673075581993069,0.4350464021906037,0.3570580293701307
a1_mechanism_periodic_s392005_20260910_r1,G1_FISHER_GATE,train_w_loss_sat_cls_labeled,33,33,0,,0.0,0.0,0.0,0.0
a1_mechanism_periodic_s392005_20260910_r1,G1_FISHER_GATE,train_w_loss_sat_cons_labeled,33,33,0,,0.0,0.0,0.0,0.0
a1_mechanism_periodic_s392005_20260910_r1,G1_FISHER_GATE,val_tx_acc,33,33,33,1,43.74074074074074,98.36296296296297,95.25039281705948,98.22962962962963
a1_mechanism_screen_s392005_20260910_r2,B0_FIXED,concat_sat_ce_weight,11,11,11,1,1.0,1.0,1.0,1.0
a1_mechanism_screen_s392005_20260910_r2,B0_FIXED,concat_sat_start_epoch,11,11,11,1,1.0,1.0,1.0,1.0
a1_mechanism_screen_s392005_20260910_r2,B0_FIXED,group_ce_top_frac,11,11,11,1,0.35,0.35,0.35,0.35
a1_mechanism_screen_s392005_20260910_r2,B0_FIXED,joint_guard_paic_cooldown_remaining,11,11,0,,0.0,0.0,0.0,0.0
a1_mechanism_screen_s392005_20260910_r2,B0_FIXED,lambda_cons,11,11,11,1,0.08,0.08,0.08,0.08
a1_mechanism_screen_s392005_20260910_r2,B0_FIXED,lambda_group_ce,11,11,11,1,0.16,0.16,0.16,0.16
a1_mechanism_screen_s392005_20260910_r2,B0_FIXED,loss_weight_group_ce,11,11,11,1,0.08,0.08,0.08,0.08
a1_mechanism_screen_s392005_20260910_r2,B0_FIXED,lr,11,11,11,1,4e-05,0.0002,0.0001635427858588229,0.00019953222795713037
a1_mechanism_screen_s392005_20260910_r2,B0_FIXED,nonfinite_test_metric_count,11,11,11,1,1.0,1.0,1.0,1.0
a1_mechanism_screen_s392005_20260910_r2,B0_FIXED,nonfinite_train_metric_count,11,11,11,1,4.0,4.0,4.0,4.0
a1_mechanism_screen_s392005_20260910_r2,B0_FIXED,nonfinite_val_metric_count,11,11,11,1,1.0,1.0,1.0,1.0
a1_mechanism_screen_s392005_20260910_r2,B0_FIXED,phase2_audit_imports_balanced_tx_rx_sampler,11,11,11,1,1.0,1.0,1.0,1.0
a1_mechanism_screen_s392005_20260910_r2,B0_FIXED,stage_group_ce_scale,11,11,11,1,0.5,0.5,0.5,0.5
a1_mechanism_screen_s392005_20260910_r2,B0_FIXED,stage_source_val_sat_floor_tx,11,11,11,1,31.392592592592592,43.15185185185185,37.112794612794616,43.15185185185185
a1_mechanism_screen_s392005_20260910_r2,B0_FIXED,stage_source_val_sat_mean_tx,11,11,11,1,31.92222222222222,44.26172839506173,37.82188552188552,44.26172839506173
a1_mechanism_screen_s392005_20260910_r2,B0_FIXED,stage_tail_rollback_cooldown_remaining,11,11,0,,0.0,0.0,0.0,0.0
a1_mechanism_screen_s392005_20260910_r2,B0_FIXED,train_a1_ema_effective_decay,11,11,11,1,0.9900000000000023,0.9900000000000024,0.9900000000000024,0.9900000000000024
a1_mechanism_screen_s392005_20260910_r2,B0_FIXED,train_a1_ema_successful_updates,11,11,11,1,110.5,2327.5,1218.291154791155,2327.5
a1_mechanism_screen_s392005_20260910_r2,B0_FIXED,train_concat_sat_active,11,11,11,1,1.0,1.0,1.0,1.0
a1_mechanism_screen_s392005_20260910_r2,B0_FIXED,train_concat_sat_applied,11,11,11,1,0.27927927927927926,0.35135135135135137,0.31367731367731366,0.34684684684684686
a1_mechanism_screen_s392005_20260910_r2,B0_FIXED,train_concat_sat_clean_batch_size,11,11,11,1,128.0,128.0,128.0,128.0
a1_mechanism_screen_s392005_20260910_r2,B0_FIXED,train_concat_sat_expanded,11,11,0,,0.0,0.0,0.0,0.0
a1_mechanism_screen_s392005_20260910_r2,B0_FIXED,train_concat_sat_stage_index,11,11,0,,0.0,0.0,0.0,0.0
a1_mechanism_screen_s392005_20260910_r2,B0_FIXED,train_concat_sat_stage_start_epoch,11,11,11,1,1.0,1.0,1.0,1.0
a1_mechanism_screen_s392005_20260910_r2,B0_FIXED,train_concat_sat_total_batch_size,11,11,11,1,128.0,128.0,128.0,128.0
a1_mechanism_screen_s392005_20260910_r2,B0_FIXED,train_concat_sat_view_prob,11,11,11,1,0.29999999999999877,0.29999999999999877,0.29999999999999877,0.29999999999999877
a1_mechanism_screen_s392005_20260910_r2,B0_FIXED,train_daot_batched_view_count,11,11,0,,0.0,0.0,0.0,0.0
a1_mechanism_screen_s392005_20260910_r2,B0_FIXED,train_daot_identity_only_used,11,11,0,,0.0,0.0,0.0,0.0
a1_mechanism_screen_s392005_20260910_r2,B0_FIXED,train_daot_logit_coverage_weighting,11,11,0,,0.0,0.0,0.0,0.0
a1_mechanism_screen_s392005_20260910_r2,B0_FIXED,train_daot_logit_weighted_contribution,11,11,0,,0.0,0.0,0.0,0.0
a1_mechanism_screen_s392005_20260910_r2,B0_FIXED,train_daot_mean_metadata_skip_enabled,11,11,11,1,1.0,1.0,1.0,1.0
a1_mechanism_screen_s392005_20260910_r2,B0_FIXED,train_daot_objective_computed,11,11,0,,0.0,0.0,0.0,0.0
a1_mechanism_screen_s392005_20260910_r2,B0_FIXED,train_daot_orbit_scale,11,11,0,,0.0,0.0,0.0,0.0
a1_mechanism_screen_s392005_20260910_r2,B0_FIXED,train_daot_proto_input_available,11,11,0,,0.0,0.0,0.0,0.0
a1_mechanism_screen_s392005_20260910_r2,B0_FIXED,train_daot_scale_batched_enabled,11,11,11,1,1.0,1.0,1.0,1.0
a1_mechanism_screen_s392005_20260910_r2,B0_FIXED,train_daot_tangent_scale,11,11,0,,0.0,0.0,0.0,0.0
a1_mechanism_screen_s392005_20260910_r2,B0_FIXED,train_daot_teacher_view_count,11,11,0,,0.0,0.0,0.0,0.0
a1_mechanism_screen_s392005_20260910_r2,B0_FIXED,train_daot_u_logit_weighted_contribution,11,11,0,,0.0,0.0,0.0,0.0
a1_mechanism_screen_s392005_20260910_r2,B0_FIXED,train_daot_u_orbit_scale,11,11,0,,0.0,0.0,0.0,0.0
a1_mechanism_screen_s392005_20260910_r2,B0_FIXED,train_dm_accept_local_component_class_coverage,11,11,0,,0.0,0.0,0.0,0.0
a1_mechanism_screen_s392005_20260910_r2,B0_FIXED,train_ecrs_cross_rx_successful_steps,11,11,0,,0.0,0.0,0.0,0.0
a1_mechanism_screen_s392005_20260910_r2,B0_FIXED,train_loss_cons_labeled,11,11,0,,0.0,0.0,0.0,0.0
a1_mechanism_screen_s392005_20260910_r2,B0_FIXED,train_loss_daot_fingerprint,11,11,0,,0.0,0.0,0.0,0.0
a1_mechanism_screen_s392005_20260910_r2,B0_FIXED,train_loss_daot_nuisance,11,11,0,,0.0,0.0,0.0,0.0
a1_mechanism_screen_s392005_20260910_r2,B0_FIXED,train_loss_daot_orbit_logit,11,11,0,,0.0,0.0,0.0,0.0
a1_mechanism_screen_s392005_20260910_r2,B0_FIXED,train_loss_daot_orbit_proto,11,11,0,,0.0,0.0,0.0,0.0
a1_mechanism_screen_s392005_20260910_r2,B0_FIXED,train_loss_daot_orbit_relation,11,11,0,,0.0,0.0,0.0,0.0
a1_mechanism_screen_s392005_20260910_r2,B0_FIXED,train_loss_daot_orbit_z,11,11,0,,0.0,0.0,0.0,0.0
a1_mechanism_screen_s392005_20260910_r2,B0_FIXED,train_loss_daot_tangent,11,11,0,,0.0,0.0,0.0,0.0
a1_mechanism_screen_s392005_20260910_r2,B0_FIXED,train_loss_daot_total,11,11,0,,0.0,0.0,0.0,0.0
a1_mechanism_screen_s392005_20260910_r2,B0_FIXED,train_loss_daot_unlabeled,11,11,0,,0.0,0.0,0.0,0.0
a1_mechanism_screen_s392005_20260910_r2,B0_FIXED,train_loss_group_ce_labeled,11,11,11,1,4.194530321671082,12.865757628604099,6.917128459217117,4.207877638640705
a1_mechanism_screen_s392005_20260910_r2,B0_FIXED,train_loss_sat_cls_labeled,11,11,0,,0.0,0.0,0.0,0.0
a1_mechanism_screen_s392005_20260910_r2,B0_FIXED,train_loss_sat_cons_labeled,11,11,0,,0.0,0.0,0.0,0.0
a1_mechanism_screen_s392005_20260910_r2,B0_FIXED,train_os_gradient_nonfinite_bundle,11,11,0,,0.0,0.0,0.0,0.0
a1_mechanism_screen_s392005_20260910_r2,B0_FIXED,train_rc4_effective_weighted_coverage,11,11,0,,0.0,0.0,0.0,0.0
a1_mechanism_screen_s392005_20260910_r2,B0_FIXED,train_rc4_hard_effective_coverage,11,11,0,,0.0,0.0,0.0,0.0
a1_mechanism_screen_s392005_20260910_r2,B0_FIXED,train_rc4_negative_effective_coverage,11,11,0,,0.0,0.0,0.0,0.0
a1_mechanism_screen_s392005_20260910_r2,B0_FIXED,train_rc4_partial_effective_coverage,11,11,0,,0.0,0.0,0.0,0.0
a1_mechanism_screen_s392005_20260910_r2,B0_FIXED,train_sat_anchor_class_coverage,11,11,0,,0.0,0.0,0.0,0.0
a1_mechanism_screen_s392005_20260910_r2,B0_FIXED,train_sat_anchor_receiver_coverage,11,11,0,,0.0,0.0,0.0,0.0
a1_mechanism_screen_s392005_20260910_r2,B0_FIXED,train_skipped_nonfinite_grad,11,11,3,1,0.0,0.009009009009009009,0.0016380016380016379,0.0
a1_mechanism_screen_s392005_20260910_r2,B0_FIXED,train_skipped_nonfinite_loss,11,11,0,,0.0,0.0,0.0,0.0
a1_mechanism_screen_s392005_20260910_r2,B0_FIXED,train_tail_rollback_cooldown_remaining,11,11,0,,0.0,0.0,0.0,0.0
a1_mechanism_screen_s392005_20260910_r2,B0_FIXED,train_w_loss_cons_labeled,11,11,0,,0.0,0.0,0.0,0.0
a1_mechanism_screen_s392005_20260910_r2,B0_FIXED,train_w_loss_group_ce_labeled,11,11,11,1,0.3355624191127382,1.0292605870478861,0.5533702647165502,0.33663020350106126
a1_mechanism_screen_s392005_20260910_r2,B0_FIXED,train_w_loss_sat_cls_labeled,11,11,0,,0.0,0.0,0.0,0.0
a1_mechanism_screen_s392005_20260910_r2,B0_FIXED,train_w_loss_sat_cons_labeled,11,11,0,,0.0,0.0,0.0,0.0
a1_mechanism_screen_s392005_20260910_r2,B0_FIXED,val_tx_acc,11,11,11,1,38.94444444444444,96.47777777777777,86.59831649831649,96.47777777777777
a1_mechanism_screen_s392005_20260910_r2,B1_TAIL_LR,concat_sat_ce_weight,11,11,11,1,1.0,1.0,1.0,1.0
a1_mechanism_screen_s392005_20260910_r2,B1_TAIL_LR,concat_sat_start_epoch,11,11,11,1,1.0,1.0,1.0,1.0
a1_mechanism_screen_s392005_20260910_r2,B1_TAIL_LR,group_ce_top_frac,11,11,11,1,0.35,0.35,0.35,0.35
a1_mechanism_screen_s392005_20260910_r2,B1_TAIL_LR,joint_guard_paic_cooldown_remaining,11,11,0,,0.0,0.0,0.0,0.0
a1_mechanism_screen_s392005_20260910_r2,B1_TAIL_LR,lambda_cons,11,11,11,1,0.08,0.08,0.08,0.08
a1_mechanism_screen_s392005_20260910_r2,B1_TAIL_LR,lambda_group_ce,11,11,11,1,0.16,0.16,0.16,0.16
a1_mechanism_screen_s392005_20260910_r2,B1_TAIL_LR,loss_weight_group_ce,11,11,11,1,0.08,0.08,0.08,0.08
a1_mechanism_screen_s392005_20260910_r2,B1_TAIL_LR,lr,11,11,11,1,4e-05,0.0002,0.0001635741062387988,0.0001996887619950841
a1_mechanism_screen_s392005_20260910_r2,B1_TAIL_LR,nonfinite_test_metric_count,11,11,11,1,1.0,1.0,1.0,1.0
a1_mechanism_screen_s392005_20260910_r2,B1_TAIL_LR,nonfinite_train_metric_count,11,11,11,1,4.0,4.0,4.0,4.0
a1_mechanism_screen_s392005_20260910_r2,B1_TAIL_LR,nonfinite_val_metric_count,11,11,11,1,1.0,1.0,1.0,1.0
a1_mechanism_screen_s392005_20260910_r2,B1_TAIL_LR,phase2_audit_imports_balanced_tx_rx_sampler,11,11,11,1,1.0,1.0,1.0,1.0
a1_mechanism_screen_s392005_20260910_r2,B1_TAIL_LR,stage_group_ce_scale,11,11,11,1,0.5,0.5,0.5,0.5
a1_mechanism_screen_s392005_20260910_r2,B1_TAIL_LR,stage_source_val_sat_floor_tx,11,11,11,1,31.14074074074074,42.93703703703704,36.91178451178451,42.93703703703704
a1_mechanism_screen_s392005_20260910_r2,B1_TAIL_LR,stage_source_val_sat_mean_tx,11,11,11,1,31.834567901234568,43.7074074074074,37.56913580246914,43.7074074074074
a1_mechanism_screen_s392005_20260910_r2,B1_TAIL_LR,stage_tail_rollback_cooldown_remaining,11,11,0,,0.0,0.0,0.0,0.0
a1_mechanism_screen_s392005_20260910_r2,B1_TAIL_LR,train_a1_ema_effective_decay,11,11,11,1,0.9900000000000023,0.9900000000000024,0.9900000000000024,0.9900000000000024
a1_mechanism_screen_s392005_20260910_r2,B1_TAIL_LR,train_a1_ema_successful_updates,11,11,11,1,110.5,2327.5,1218.291154791155,2327.5
a1_mechanism_screen_s392005_20260910_r2,B1_TAIL_LR,train_concat_sat_active,11,11,11,1,1.0,1.0,1.0,1.0
a1_mechanism_screen_s392005_20260910_r2,B1_TAIL_LR,train_concat_sat_applied,11,11,11,1,0.27927927927927926,0.35135135135135137,0.31367731367731366,0.34684684684684686
a1_mechanism_screen_s392005_20260910_r2,B1_TAIL_LR,train_concat_sat_clean_batch_size,11,11,11,1,128.0,128.0,128.0,128.0
a1_mechanism_screen_s392005_20260910_r2,B1_TAIL_LR,train_concat_sat_expanded,11,11,0,,0.0,0.0,0.0,0.0
a1_mechanism_screen_s392005_20260910_r2,B1_TAIL_LR,train_concat_sat_stage_index,11,11,0,,0.0,0.0,0.0,0.0
a1_mechanism_screen_s392005_20260910_r2,B1_TAIL_LR,train_concat_sat_stage_start_epoch,11,11,11,1,1.0,1.0,1.0,1.0
a1_mechanism_screen_s392005_20260910_r2,B1_TAIL_LR,train_concat_sat_total_batch_size,11,11,11,1,128.0,128.0,128.0,128.0
a1_mechanism_screen_s392005_20260910_r2,B1_TAIL_LR,train_concat_sat_view_prob,11,11,11,1,0.29999999999999877,0.29999999999999877,0.29999999999999877,0.29999999999999877
a1_mechanism_screen_s392005_20260910_r2,B1_TAIL_LR,train_daot_batched_view_count,11,11,0,,0.0,0.0,0.0,0.0
a1_mechanism_screen_s392005_20260910_r2,B1_TAIL_LR,train_daot_identity_only_used,11,11,0,,0.0,0.0,0.0,0.0
a1_mechanism_screen_s392005_20260910_r2,B1_TAIL_LR,train_daot_logit_coverage_weighting,11,11,0,,0.0,0.0,0.0,0.0
a1_mechanism_screen_s392005_20260910_r2,B1_TAIL_LR,train_daot_logit_weighted_contribution,11,11,0,,0.0,0.0,0.0,0.0
a1_mechanism_screen_s392005_20260910_r2,B1_TAIL_LR,train_daot_mean_metadata_skip_enabled,11,11,11,1,1.0,1.0,1.0,1.0
a1_mechanism_screen_s392005_20260910_r2,B1_TAIL_LR,train_daot_objective_computed,11,11,0,,0.0,0.0,0.0,0.0
a1_mechanism_screen_s392005_20260910_r2,B1_TAIL_LR,train_daot_orbit_scale,11,11,0,,0.0,0.0,0.0,0.0
a1_mechanism_screen_s392005_20260910_r2,B1_TAIL_LR,train_daot_proto_input_available,11,11,0,,0.0,0.0,0.0,0.0
a1_mechanism_screen_s392005_20260910_r2,B1_TAIL_LR,train_daot_scale_batched_enabled,11,11,11,1,1.0,1.0,1.0,1.0
a1_mechanism_screen_s392005_20260910_r2,B1_TAIL_LR,train_daot_tangent_scale,11,11,0,,0.0,0.0,0.0,0.0
a1_mechanism_screen_s392005_20260910_r2,B1_TAIL_LR,train_daot_teacher_view_count,11,11,0,,0.0,0.0,0.0,0.0
a1_mechanism_screen_s392005_20260910_r2,B1_TAIL_LR,train_daot_u_logit_weighted_contribution,11,11,0,,0.0,0.0,0.0,0.0
a1_mechanism_screen_s392005_20260910_r2,B1_TAIL_LR,train_daot_u_orbit_scale,11,11,0,,0.0,0.0,0.0,0.0
a1_mechanism_screen_s392005_20260910_r2,B1_TAIL_LR,train_dm_accept_local_component_class_coverage,11,11,0,,0.0,0.0,0.0,0.0
a1_mechanism_screen_s392005_20260910_r2,B1_TAIL_LR,train_ecrs_cross_rx_successful_steps,11,11,0,,0.0,0.0,0.0,0.0
a1_mechanism_screen_s392005_20260910_r2,B1_TAIL_LR,train_loss_cons_labeled,11,11,0,,0.0,0.0,0.0,0.0
a1_mechanism_screen_s392005_20260910_r2,B1_TAIL_LR,train_loss_daot_fingerprint,11,11,0,,0.0,0.0,0.0,0.0
a1_mechanism_screen_s392005_20260910_r2,B1_TAIL_LR,train_loss_daot_nuisance,11,11,0,,0.0,0.0,0.0,0.0
a1_mechanism_screen_s392005_20260910_r2,B1_TAIL_LR,train_loss_daot_orbit_logit,11,11,0,,0.0,0.0,0.0,0.0
a1_mechanism_screen_s392005_20260910_r2,B1_TAIL_LR,train_loss_daot_orbit_proto,11,11,0,,0.0,0.0,0.0,0.0
a1_mechanism_screen_s392005_20260910_r2,B1_TAIL_LR,train_loss_daot_orbit_relation,11,11,0,,0.0,0.0,0.0,0.0
a1_mechanism_screen_s392005_20260910_r2,B1_TAIL_LR,train_loss_daot_orbit_z,11,11,0,,0.0,0.0,0.0,0.0
a1_mechanism_screen_s392005_20260910_r2,B1_TAIL_LR,train_loss_daot_tangent,11,11,0,,0.0,0.0,0.0,0.0
a1_mechanism_screen_s392005_20260910_r2,B1_TAIL_LR,train_loss_daot_total,11,11,0,,0.0,0.0,0.0,0.0
a1_mechanism_screen_s392005_20260910_r2,B1_TAIL_LR,train_loss_daot_unlabeled,11,11,0,,0.0,0.0,0.0,0.0
a1_mechanism_screen_s392005_20260910_r2,B1_TAIL_LR,train_loss_group_ce_labeled,11,11,11,1,4.225275043968682,12.86601346677488,6.938421365792004,4.260045775422105
a1_mechanism_screen_s392005_20260910_r2,B1_TAIL_LR,train_loss_sat_cls_labeled,11,11,0,,0.0,0.0,0.0,0.0
a1_mechanism_screen_s392005_20260910_r2,B1_TAIL_LR,train_loss_sat_cons_labeled,11,11,0,,0.0,0.0,0.0,0.0
a1_mechanism_screen_s392005_20260910_r2,B1_TAIL_LR,train_os_gradient_nonfinite_bundle,11,11,0,,0.0,0.0,0.0,0.0
a1_mechanism_screen_s392005_20260910_r2,B1_TAIL_LR,train_rc4_effective_weighted_coverage,11,11,0,,0.0,0.0,0.0,0.0
a1_mechanism_screen_s392005_20260910_r2,B1_TAIL_LR,train_rc4_hard_effective_coverage,11,11,0,,0.0,0.0,0.0,0.0
a1_mechanism_screen_s392005_20260910_r2,B1_TAIL_LR,train_rc4_negative_effective_coverage,11,11,0,,0.0,0.0,0.0,0.0
a1_mechanism_screen_s392005_20260910_r2,B1_TAIL_LR,train_rc4_partial_effective_coverage,11,11,0,,0.0,0.0,0.0,0.0
a1_mechanism_screen_s392005_20260910_r2,B1_TAIL_LR,train_sat_anchor_class_coverage,11,11,0,,0.0,0.0,0.0,0.0
a1_mechanism_screen_s392005_20260910_r2,B1_TAIL_LR,train_sat_anchor_receiver_coverage,11,11,0,,0.0,0.0,0.0,0.0
a1_mechanism_screen_s392005_20260910_r2,B1_TAIL_LR,train_skipped_nonfinite_grad,11,11,3,1,0.0,0.009009009009009009,0.0016380016380016379,0.0
a1_mechanism_screen_s392005_20260910_r2,B1_TAIL_LR,train_skipped_nonfinite_loss,11,11,0,,0.0,0.0,0.0,0.0
a1_mechanism_screen_s392005_20260910_r2,B1_TAIL_LR,train_tail_rollback_cooldown_remaining,11,11,0,,0.0,0.0,0.0,0.0
a1_mechanism_screen_s392005_20260910_r2,B1_TAIL_LR,train_w_loss_cons_labeled,11,11,0,,0.0,0.0,0.0,0.0
a1_mechanism_screen_s392005_20260910_r2,B1_TAIL_LR,train_w_loss_group_ce_labeled,11,11,11,1,0.3380219956507554,1.0292810513092592,0.5550736963968604,0.3408036543777934
a1_mechanism_screen_s392005_20260910_r2,B1_TAIL_LR,train_w_loss_sat_cls_labeled,11,11,0,,0.0,0.0,0.0,0.0
a1_mechanism_screen_s392005_20260910_r2,B1_TAIL_LR,train_w_loss_sat_cons_labeled,11,11,0,,0.0,0.0,0.0,0.0
a1_mechanism_screen_s392005_20260910_r2,B1_TAIL_LR,val_tx_acc,11,11,11,1,39.38148148148148,96.15925925925926,86.6047138047138,95.41111111111111
a1_mechanism_screen_s392005_20260910_r2,B2_RC4_WEIGHT,concat_sat_ce_weight,10,10,10,1,1.0,1.0,1.0,1.0
a1_mechanism_screen_s392005_20260910_r2,B2_RC4_WEIGHT,concat_sat_start_epoch,10,10,10,1,1.0,1.0,1.0,1.0
a1_mechanism_screen_s392005_20260910_r2,B2_RC4_WEIGHT,group_ce_top_frac,10,10,10,1,0.35,0.35,0.35,0.35
a1_mechanism_screen_s392005_20260910_r2,B2_RC4_WEIGHT,joint_guard_paic_cooldown_remaining,10,10,0,,0.0,0.0,0.0,0.0
a1_mechanism_screen_s392005_20260910_r2,B2_RC4_WEIGHT,lambda_cons,10,10,10,1,0.08,0.08,0.08,0.08
a1_mechanism_screen_s392005_20260910_r2,B2_RC4_WEIGHT,lambda_group_ce,10,10,10,1,0.16,0.16,0.16,0.16
a1_mechanism_screen_s392005_20260910_r2,B2_RC4_WEIGHT,loss_weight_group_ce,10,10,10,1,0.08,0.08,0.08,0.08
a1_mechanism_screen_s392005_20260910_r2,B2_RC4_WEIGHT,lr,10,10,10,1,4e-05,0.0002,0.00015994384164899216,0.0001997005324244774
a1_mechanism_screen_s392005_20260910_r2,B2_RC4_WEIGHT,nonfinite_test_metric_count,10,10,10,1,1.0,1.0,1.0,1.0
a1_mechanism_screen_s392005_20260910_r2,B2_RC4_WEIGHT,nonfinite_train_metric_count,10,10,10,1,4.0,4.0,4.0,4.0
a1_mechanism_screen_s392005_20260910_r2,B2_RC4_WEIGHT,nonfinite_val_metric_count,10,10,10,1,1.0,1.0,1.0,1.0
a1_mechanism_screen_s392005_20260910_r2,B2_RC4_WEIGHT,phase2_audit_imports_balanced_tx_rx_sampler,10,10,10,1,1.0,1.0,1.0,1.0
a1_mechanism_screen_s392005_20260910_r2,B2_RC4_WEIGHT,stage_group_ce_scale,10,10,10,1,0.5,0.5,0.5,0.5
a1_mechanism_screen_s392005_20260910_r2,B2_RC4_WEIGHT,stage_source_val_sat_floor_tx,10,10,10,1,31.118518518518517,41.98518518518519,36.61333333333333,41.98518518518519
a1_mechanism_screen_s392005_20260910_r2,B2_RC4_WEIGHT,stage_source_val_sat_mean_tx,10,10,10,1,31.674074074074074,42.880246913580244,37.215185185185184,42.880246913580244
a1_mechanism_screen_s392005_20260910_r2,B2_RC4_WEIGHT,stage_tail_rollback_cooldown_remaining,10,10,0,,0.0,0.0,0.0,0.0
a1_mechanism_screen_s392005_20260910_r2,B2_RC4_WEIGHT,train_a1_ema_effective_decay,10,10,10,1,0.9900000000000023,0.9900000000000024,0.9900000000000023,0.9900000000000024
a1_mechanism_screen_s392005_20260910_r2,B2_RC4_WEIGHT,train_a1_ema_successful_updates,10,10,10,1,110.5,2105.5,1107.4342342342343,2105.5
a1_mechanism_screen_s392005_20260910_r2,B2_RC4_WEIGHT,train_concat_sat_active,10,10,10,1,1.0,1.0,1.0,1.0
a1_mechanism_screen_s392005_20260910_r2,B2_RC4_WEIGHT,train_concat_sat_applied,10,10,10,1,0.27927927927927926,0.35135135135135137,0.31036036036036035,0.3153153153153153
a1_mechanism_screen_s392005_20260910_r2,B2_RC4_WEIGHT,train_concat_sat_clean_batch_size,10,10,10,1,128.0,128.0,128.0,128.0
a1_mechanism_screen_s392005_20260910_r2,B2_RC4_WEIGHT,train_concat_sat_expanded,10,10,0,,0.0,0.0,0.0,0.0
a1_mechanism_screen_s392005_20260910_r2,B2_RC4_WEIGHT,train_concat_sat_stage_index,10,10,0,,0.0,0.0,0.0,0.0
a1_mechanism_screen_s392005_20260910_r2,B2_RC4_WEIGHT,train_concat_sat_stage_start_epoch,10,10,10,1,1.0,1.0,1.0,1.0
a1_mechanism_screen_s392005_20260910_r2,B2_RC4_WEIGHT,train_concat_sat_total_batch_size,10,10,10,1,128.0,128.0,128.0,128.0
a1_mechanism_screen_s392005_20260910_r2,B2_RC4_WEIGHT,train_concat_sat_view_prob,10,10,10,1,0.29999999999999877,0.29999999999999877,0.29999999999999877,0.29999999999999877
a1_mechanism_screen_s392005_20260910_r2,B2_RC4_WEIGHT,train_daot_batched_view_count,10,10,0,,0.0,0.0,0.0,0.0
a1_mechanism_screen_s392005_20260910_r2,B2_RC4_WEIGHT,train_daot_identity_only_used,10,10,0,,0.0,0.0,0.0,0.0
a1_mechanism_screen_s392005_20260910_r2,B2_RC4_WEIGHT,train_daot_logit_coverage_weighting,10,10,0,,0.0,0.0,0.0,0.0
a1_mechanism_screen_s392005_20260910_r2,B2_RC4_WEIGHT,train_daot_logit_weighted_contribution,10,10,0,,0.0,0.0,0.0,0.0
a1_mechanism_screen_s392005_20260910_r2,B2_RC4_WEIGHT,train_daot_mean_metadata_skip_enabled,10,10,10,1,1.0,1.0,1.0,1.0
a1_mechanism_screen_s392005_20260910_r2,B2_RC4_WEIGHT,train_daot_objective_computed,10,10,0,,0.0,0.0,0.0,0.0
a1_mechanism_screen_s392005_20260910_r2,B2_RC4_WEIGHT,train_daot_orbit_scale,10,10,0,,0.0,0.0,0.0,0.0
a1_mechanism_screen_s392005_20260910_r2,B2_RC4_WEIGHT,train_daot_proto_input_available,10,10,0,,0.0,0.0,0.0,0.0
a1_mechanism_screen_s392005_20260910_r2,B2_RC4_WEIGHT,train_daot_scale_batched_enabled,10,10,10,1,1.0,1.0,1.0,1.0
a1_mechanism_screen_s392005_20260910_r2,B2_RC4_WEIGHT,train_daot_tangent_scale,10,10,0,,0.0,0.0,0.0,0.0
a1_mechanism_screen_s392005_20260910_r2,B2_RC4_WEIGHT,train_daot_teacher_view_count,10,10,0,,0.0,0.0,0.0,0.0
a1_mechanism_screen_s392005_20260910_r2,B2_RC4_WEIGHT,train_daot_u_logit_weighted_contribution,10,10,0,,0.0,0.0,0.0,0.0
a1_mechanism_screen_s392005_20260910_r2,B2_RC4_WEIGHT,train_daot_u_orbit_scale,10,10,0,,0.0,0.0,0.0,0.0
a1_mechanism_screen_s392005_20260910_r2,B2_RC4_WEIGHT,train_dm_accept_local_component_class_coverage,10,10,0,,0.0,0.0,0.0,0.0
a1_mechanism_screen_s392005_20260910_r2,B2_RC4_WEIGHT,train_ecrs_cross_rx_successful_steps,10,10,0,,0.0,0.0,0.0,0.0
a1_mechanism_screen_s392005_20260910_r2,B2_RC4_WEIGHT,train_loss_cons_labeled,10,10,0,,0.0,0.0,0.0,0.0
a1_mechanism_screen_s392005_20260910_r2,B2_RC4_WEIGHT,train_loss_daot_fingerprint,10,10,0,,0.0,0.0,0.0,0.0
a1_mechanism_screen_s392005_20260910_r2,B2_RC4_WEIGHT,train_loss_daot_nuisance,10,10,0,,0.0,0.0,0.0,0.0
a1_mechanism_screen_s392005_20260910_r2,B2_RC4_WEIGHT,train_loss_daot_orbit_logit,10,10,0,,0.0,0.0,0.0,0.0
a1_mechanism_screen_s392005_20260910_r2,B2_RC4_WEIGHT,train_loss_daot_orbit_proto,10,10,0,,0.0,0.0,0.0,0.0
a1_mechanism_screen_s392005_20260910_r2,B2_RC4_WEIGHT,train_loss_daot_orbit_relation,10,10,0,,0.0,0.0,0.0,0.0
a1_mechanism_screen_s392005_20260910_r2,B2_RC4_WEIGHT,train_loss_daot_orbit_z,10,10,0,,0.0,0.0,0.0,0.0
a1_mechanism_screen_s392005_20260910_r2,B2_RC4_WEIGHT,train_loss_daot_tangent,10,10,0,,0.0,0.0,0.0,0.0
a1_mechanism_screen_s392005_20260910_r2,B2_RC4_WEIGHT,train_loss_daot_total,10,10,0,,0.0,0.0,0.0,0.0
a1_mechanism_screen_s392005_20260910_r2,B2_RC4_WEIGHT,train_loss_daot_unlabeled,10,10,0,,0.0,0.0,0.0,0.0
a1_mechanism_screen_s392005_20260910_r2,B2_RC4_WEIGHT,train_loss_group_ce_labeled,10,10,10,1,4.189117522927018,12.865665899740684,7.21125948646584,4.189117522927018
a1_mechanism_screen_s392005_20260910_r2,B2_RC4_WEIGHT,train_loss_sat_cls_labeled,10,10,0,,0.0,0.0,0.0,0.0
a1_mechanism_screen_s392005_20260910_r2,B2_RC4_WEIGHT,train_loss_sat_cons_labeled,10,10,0,,0.0,0.0,0.0,0.0
a1_mechanism_screen_s392005_20260910_r2,B2_RC4_WEIGHT,train_os_gradient_nonfinite_bundle,10,10,0,,0.0,0.0,0.0,0.0
a1_mechanism_screen_s392005_20260910_r2,B2_RC4_WEIGHT,train_rc4_effective_weighted_coverage,10,10,0,,0.0,0.0,0.0,0.0
a1_mechanism_screen_s392005_20260910_r2,B2_RC4_WEIGHT,train_rc4_hard_effective_coverage,10,10,0,,0.0,0.0,0.0,0.0
a1_mechanism_screen_s392005_20260910_r2,B2_RC4_WEIGHT,train_rc4_negative_effective_coverage,10,10,0,,0.0,0.0,0.0,0.0
a1_mechanism_screen_s392005_20260910_r2,B2_RC4_WEIGHT,train_rc4_partial_effective_coverage,10,10,0,,0.0,0.0,0.0,0.0
a1_mechanism_screen_s392005_20260910_r2,B2_RC4_WEIGHT,train_sat_anchor_class_coverage,10,10,0,,0.0,0.0,0.0,0.0
a1_mechanism_screen_s392005_20260910_r2,B2_RC4_WEIGHT,train_sat_anchor_receiver_coverage,10,10,0,,0.0,0.0,0.0,0.0
a1_mechanism_screen_s392005_20260910_r2,B2_RC4_WEIGHT,train_skipped_nonfinite_grad,10,10,3,1,0.0,0.009009009009009009,0.0018018018018018018,0.0
a1_mechanism_screen_s392005_20260910_r2,B2_RC4_WEIGHT,train_skipped_nonfinite_loss,10,10,0,,0.0,0.0,0.0,0.0
a1_mechanism_screen_s392005_20260910_r2,B2_RC4_WEIGHT,train_tail_rollback_cooldown_remaining,10,10,0,,0.0,0.0,0.0,0.0
a1_mechanism_screen_s392005_20260910_r2,B2_RC4_WEIGHT,train_w_loss_cons_labeled,10,10,0,,0.0,0.0,0.0,0.0
a1_mechanism_screen_s392005_20260910_r2,B2_RC4_WEIGHT,train_w_loss_group_ce_labeled,10,10,10,1,0.33512939502661293,1.0292532468164288,0.5769007457269204,0.33512939502661293
a1_mechanism_screen_s392005_20260910_r2,B2_RC4_WEIGHT,train_w_loss_sat_cls_labeled,10,10,0,,0.0,0.0,0.0,0.0
a1_mechanism_screen_s392005_20260910_r2,B2_RC4_WEIGHT,train_w_loss_sat_cons_labeled,10,10,0,,0.0,0.0,0.0,0.0
a1_mechanism_screen_s392005_20260910_r2,B2_RC4_WEIGHT,val_tx_acc,10,10,10,1,39.32222222222222,95.88518518518518,85.88222222222223,95.88518518518518
a1_mechanism_screen_s392005_20260910_r2,D0_NO_ORBIT,concat_sat_ce_weight,11,11,11,1,1.0,1.0,1.0,1.0
a1_mechanism_screen_s392005_20260910_r2,D0_NO_ORBIT,concat_sat_start_epoch,11,11,11,1,1.0,1.0,1.0,1.0
a1_mechanism_screen_s392005_20260910_r2,D0_NO_ORBIT,group_ce_top_frac,11,11,11,1,0.35,0.35,0.35,0.35
a1_mechanism_screen_s392005_20260910_r2,D0_NO_ORBIT,joint_guard_paic_cooldown_remaining,11,11,0,,0.0,0.0,0.0,0.0
a1_mechanism_screen_s392005_20260910_r2,D0_NO_ORBIT,lambda_cons,11,11,11,1,0.08,0.08,0.08,0.08
a1_mechanism_screen_s392005_20260910_r2,D0_NO_ORBIT,lambda_group_ce,11,11,11,1,0.16,0.16,0.16,0.16
a1_mechanism_screen_s392005_20260910_r2,D0_NO_ORBIT,loss_weight_group_ce,11,11,11,1,0.08,0.08,0.08,0.08
a1_mechanism_screen_s392005_20260910_r2,D0_NO_ORBIT,lr,11,11,11,1,4e-05,0.0002,0.0001635427858588229,0.00019953222795713037
a1_mechanism_screen_s392005_20260910_r2,D0_NO_ORBIT,nonfinite_test_metric_count,11,11,11,1,1.0,1.0,1.0,1.0
a1_mechanism_screen_s392005_20260910_r2,D0_NO_ORBIT,nonfinite_train_metric_count,11,11,11,1,4.0,4.0,4.0,4.0
a1_mechanism_screen_s392005_20260910_r2,D0_NO_ORBIT,nonfinite_val_metric_count,11,11,11,1,1.0,1.0,1.0,1.0
a1_mechanism_screen_s392005_20260910_r2,D0_NO_ORBIT,phase2_audit_imports_balanced_tx_rx_sampler,11,11,11,1,1.0,1.0,1.0,1.0
a1_mechanism_screen_s392005_20260910_r2,D0_NO_ORBIT,stage_group_ce_scale,11,11,11,1,0.5,0.5,0.5,0.5
a1_mechanism_screen_s392005_20260910_r2,D0_NO_ORBIT,stage_source_val_sat_floor_tx,11,11,11,1,30.562962962962963,41.57037037037037,35.91784511784512,38.68888888888889
a1_mechanism_screen_s392005_20260910_r2,D0_NO_ORBIT,stage_source_val_sat_mean_tx,11,11,11,1,31.148148148148152,42.52222222222222,36.58148148148148,39.47160493827161
a1_mechanism_screen_s392005_20260910_r2,D0_NO_ORBIT,stage_tail_rollback_cooldown_remaining,11,11,0,,0.0,0.0,0.0,0.0
a1_mechanism_screen_s392005_20260910_r2,D0_NO_ORBIT,train_a1_ema_effective_decay,11,11,11,1,0.9900000000000023,0.9900000000000024,0.9900000000000024,0.9900000000000024
a1_mechanism_screen_s392005_20260910_r2,D0_NO_ORBIT,train_a1_ema_successful_updates,11,11,11,1,110.5,2327.5,1218.1130221130222,2327.5
a1_mechanism_screen_s392005_20260910_r2,D0_NO_ORBIT,train_concat_sat_active,11,11,11,1,1.0,1.0,1.0,1.0
a1_mechanism_screen_s392005_20260910_r2,D0_NO_ORBIT,train_concat_sat_applied,11,11,11,1,0.27927927927927926,0.35135135135135137,0.31367731367731366,0.34684684684684686
a1_mechanism_screen_s392005_20260910_r2,D0_NO_ORBIT,train_concat_sat_clean_batch_size,11,11,11,1,128.0,128.0,128.0,128.0
a1_mechanism_screen_s392005_20260910_r2,D0_NO_ORBIT,train_concat_sat_expanded,11,11,0,,0.0,0.0,0.0,0.0
a1_mechanism_screen_s392005_20260910_r2,D0_NO_ORBIT,train_concat_sat_stage_index,11,11,0,,0.0,0.0,0.0,0.0
a1_mechanism_screen_s392005_20260910_r2,D0_NO_ORBIT,train_concat_sat_stage_start_epoch,11,11,11,1,1.0,1.0,1.0,1.0
a1_mechanism_screen_s392005_20260910_r2,D0_NO_ORBIT,train_concat_sat_total_batch_size,11,11,11,1,128.0,128.0,128.0,128.0
a1_mechanism_screen_s392005_20260910_r2,D0_NO_ORBIT,train_concat_sat_view_prob,11,11,11,1,0.29999999999999877,0.29999999999999877,0.29999999999999877,0.29999999999999877
a1_mechanism_screen_s392005_20260910_r2,D0_NO_ORBIT,train_daot_batched_view_count,11,11,0,,0.0,0.0,0.0,0.0
a1_mechanism_screen_s392005_20260910_r2,D0_NO_ORBIT,train_daot_identity_only_used,11,11,0,,0.0,0.0,0.0,0.0
a1_mechanism_screen_s392005_20260910_r2,D0_NO_ORBIT,train_daot_logit_coverage_weighting,11,11,0,,0.0,0.0,0.0,0.0
a1_mechanism_screen_s392005_20260910_r2,D0_NO_ORBIT,train_daot_logit_weighted_contribution,11,11,0,,0.0,0.0,0.0,0.0
a1_mechanism_screen_s392005_20260910_r2,D0_NO_ORBIT,train_daot_mean_metadata_skip_enabled,11,11,11,1,1.0,1.0,1.0,1.0
a1_mechanism_screen_s392005_20260910_r2,D0_NO_ORBIT,train_daot_objective_computed,11,11,0,,0.0,0.0,0.0,0.0
a1_mechanism_screen_s392005_20260910_r2,D0_NO_ORBIT,train_daot_orbit_scale,11,11,0,,0.0,0.0,0.0,0.0
a1_mechanism_screen_s392005_20260910_r2,D0_NO_ORBIT,train_daot_proto_input_available,11,11,0,,0.0,0.0,0.0,0.0
a1_mechanism_screen_s392005_20260910_r2,D0_NO_ORBIT,train_daot_scale_batched_enabled,11,11,11,1,1.0,1.0,1.0,1.0
a1_mechanism_screen_s392005_20260910_r2,D0_NO_ORBIT,train_daot_tangent_scale,11,11,0,,0.0,0.0,0.0,0.0
a1_mechanism_screen_s392005_20260910_r2,D0_NO_ORBIT,train_daot_teacher_view_count,11,11,0,,0.0,0.0,0.0,0.0
a1_mechanism_screen_s392005_20260910_r2,D0_NO_ORBIT,train_daot_u_logit_weighted_contribution,11,11,0,,0.0,0.0,0.0,0.0
a1_mechanism_screen_s392005_20260910_r2,D0_NO_ORBIT,train_daot_u_orbit_scale,11,11,0,,0.0,0.0,0.0,0.0
a1_mechanism_screen_s392005_20260910_r2,D0_NO_ORBIT,train_dm_accept_local_component_class_coverage,11,11,0,,0.0,0.0,0.0,0.0
a1_mechanism_screen_s392005_20260910_r2,D0_NO_ORBIT,train_ecrs_cross_rx_successful_steps,11,11,0,,0.0,0.0,0.0,0.0
a1_mechanism_screen_s392005_20260910_r2,D0_NO_ORBIT,train_loss_cons_labeled,11,11,0,,0.0,0.0,0.0,0.0
a1_mechanism_screen_s392005_20260910_r2,D0_NO_ORBIT,train_loss_daot_fingerprint,11,11,0,,0.0,0.0,0.0,0.0
a1_mechanism_screen_s392005_20260910_r2,D0_NO_ORBIT,train_loss_daot_nuisance,11,11,0,,0.0,0.0,0.0,0.0
a1_mechanism_screen_s392005_20260910_r2,D0_NO_ORBIT,train_loss_daot_orbit_logit,11,11,0,,0.0,0.0,0.0,0.0
a1_mechanism_screen_s392005_20260910_r2,D0_NO_ORBIT,train_loss_daot_orbit_proto,11,11,0,,0.0,0.0,0.0,0.0
a1_mechanism_screen_s392005_20260910_r2,D0_NO_ORBIT,train_loss_daot_orbit_relation,11,11,0,,0.0,0.0,0.0,0.0
a1_mechanism_screen_s392005_20260910_r2,D0_NO_ORBIT,train_loss_daot_orbit_z,11,11,0,,0.0,0.0,0.0,0.0
a1_mechanism_screen_s392005_20260910_r2,D0_NO_ORBIT,train_loss_daot_tangent,11,11,0,,0.0,0.0,0.0,0.0
a1_mechanism_screen_s392005_20260910_r2,D0_NO_ORBIT,train_loss_daot_total,11,11,0,,0.0,0.0,0.0,0.0
a1_mechanism_screen_s392005_20260910_r2,D0_NO_ORBIT,train_loss_daot_unlabeled,11,11,0,,0.0,0.0,0.0,0.0
a1_mechanism_screen_s392005_20260910_r2,D0_NO_ORBIT,train_loss_group_ce_labeled,11,11,11,1,4.242518707438633,12.86557252987011,6.786376244825579,4.242518707438633
a1_mechanism_screen_s392005_20260910_r2,D0_NO_ORBIT,train_loss_sat_cls_labeled,11,11,0,,0.0,0.0,0.0,0.0
a1_mechanism_screen_s392005_20260910_r2,D0_NO_ORBIT,train_loss_sat_cons_labeled,11,11,0,,0.0,0.0,0.0,0.0
a1_mechanism_screen_s392005_20260910_r2,D0_NO_ORBIT,train_os_gradient_nonfinite_bundle,11,11,0,,0.0,0.0,0.0,0.0
a1_mechanism_screen_s392005_20260910_r2,D0_NO_ORBIT,train_rc4_effective_weighted_coverage,11,11,0,,0.0,0.0,0.0,0.0
a1_mechanism_screen_s392005_20260910_r2,D0_NO_ORBIT,train_rc4_hard_effective_coverage,11,11,0,,0.0,0.0,0.0,0.0
a1_mechanism_screen_s392005_20260910_r2,D0_NO_ORBIT,train_rc4_negative_effective_coverage,11,11,0,,0.0,0.0,0.0,0.0
a1_mechanism_screen_s392005_20260910_r2,D0_NO_ORBIT,train_rc4_partial_effective_coverage,11,11,0,,0.0,0.0,0.0,0.0
a1_mechanism_screen_s392005_20260910_r2,D0_NO_ORBIT,train_sat_anchor_class_coverage,11,11,0,,0.0,0.0,0.0,0.0
a1_mechanism_screen_s392005_20260910_r2,D0_NO_ORBIT,train_sat_anchor_receiver_coverage,11,11,0,,0.0,0.0,0.0,0.0
a1_mechanism_screen_s392005_20260910_r2,D0_NO_ORBIT,train_skipped_nonfinite_grad,11,11,3,1,0.0,0.009009009009009009,0.0016380016380016379,0.0
a1_mechanism_screen_s392005_20260910_r2,D0_NO_ORBIT,train_skipped_nonfinite_loss,11,11,0,,0.0,0.0,0.0,0.0
a1_mechanism_screen_s392005_20260910_r2,D0_NO_ORBIT,train_tail_rollback_cooldown_remaining,11,11,0,,0.0,0.0,0.0,0.0
a1_mechanism_screen_s392005_20260910_r2,D0_NO_ORBIT,train_w_loss_cons_labeled,11,11,0,,0.0,0.0,0.0,0.0
a1_mechanism_screen_s392005_20260910_r2,D0_NO_ORBIT,train_w_loss_group_ce_labeled,11,11,11,1,0.3394014900801955,1.0292457785155322,0.542910087045151,0.3394014900801955
a1_mechanism_screen_s392005_20260910_r2,D0_NO_ORBIT,train_w_loss_sat_cls_labeled,11,11,0,,0.0,0.0,0.0,0.0
a1_mechanism_screen_s392005_20260910_r2,D0_NO_ORBIT,train_w_loss_sat_cons_labeled,11,11,0,,0.0,0.0,0.0,0.0
a1_mechanism_screen_s392005_20260910_r2,D0_NO_ORBIT,val_tx_acc,11,11,11,1,44.41111111111111,96.05185185185185,86.84545454545454,93.81851851851852
a1_mechanism_screen_s392005_20260910_r2,D1_THREE_VIEW,concat_sat_ce_weight,11,11,11,1,1.0,1.0,1.0,1.0
a1_mechanism_screen_s392005_20260910_r2,D1_THREE_VIEW,concat_sat_start_epoch,11,11,11,1,1.0,1.0,1.0,1.0
a1_mechanism_screen_s392005_20260910_r2,D1_THREE_VIEW,group_ce_top_frac,11,11,11,1,0.35,0.35,0.35,0.35
a1_mechanism_screen_s392005_20260910_r2,D1_THREE_VIEW,joint_guard_paic_cooldown_remaining,11,11,0,,0.0,0.0,0.0,0.0
a1_mechanism_screen_s392005_20260910_r2,D1_THREE_VIEW,lambda_cons,11,11,11,1,0.08,0.08,0.08,0.08
a1_mechanism_screen_s392005_20260910_r2,D1_THREE_VIEW,lambda_group_ce,11,11,11,1,0.16,0.16,0.16,0.16
a1_mechanism_screen_s392005_20260910_r2,D1_THREE_VIEW,loss_weight_group_ce,11,11,11,1,0.08,0.08,0.08,0.08
a1_mechanism_screen_s392005_20260910_r2,D1_THREE_VIEW,lr,11,11,11,1,4e-05,0.0002,0.0001635427858588229,0.00019953222795713037
a1_mechanism_screen_s392005_20260910_r2,D1_THREE_VIEW,nonfinite_test_metric_count,11,11,11,1,1.0,1.0,1.0,1.0
a1_mechanism_screen_s392005_20260910_r2,D1_THREE_VIEW,nonfinite_train_metric_count,11,11,11,1,4.0,4.0,4.0,4.0
a1_mechanism_screen_s392005_20260910_r2,D1_THREE_VIEW,nonfinite_val_metric_count,11,11,11,1,1.0,1.0,1.0,1.0
a1_mechanism_screen_s392005_20260910_r2,D1_THREE_VIEW,phase2_audit_imports_balanced_tx_rx_sampler,11,11,11,1,1.0,1.0,1.0,1.0
a1_mechanism_screen_s392005_20260910_r2,D1_THREE_VIEW,stage_group_ce_scale,11,11,11,1,0.5,0.5,0.5,0.5
a1_mechanism_screen_s392005_20260910_r2,D1_THREE_VIEW,stage_source_val_sat_floor_tx,11,11,11,1,31.28148148148148,44.507407407407406,36.97037037037037,44.507407407407406
a1_mechanism_screen_s392005_20260910_r2,D1_THREE_VIEW,stage_source_val_sat_mean_tx,11,11,11,1,31.987654320987655,45.06296296296296,37.621661054994384,45.06296296296296
a1_mechanism_screen_s392005_20260910_r2,D1_THREE_VIEW,stage_tail_rollback_cooldown_remaining,11,11,0,,0.0,0.0,0.0,0.0
a1_mechanism_screen_s392005_20260910_r2,D1_THREE_VIEW,train_a1_ema_effective_decay,11,11,11,1,0.9900000000000023,0.9900000000000024,0.9900000000000024,0.9900000000000024
a1_mechanism_screen_s392005_20260910_r2,D1_THREE_VIEW,train_a1_ema_successful_updates,11,11,11,1,110.5,2327.5,1218.291154791155,2327.5
a1_mechanism_screen_s392005_20260910_r2,D1_THREE_VIEW,train_concat_sat_active,11,11,11,1,1.0,1.0,1.0,1.0
a1_mechanism_screen_s392005_20260910_r2,D1_THREE_VIEW,train_concat_sat_applied,11,11,11,1,0.27927927927927926,0.35135135135135137,0.31367731367731366,0.34684684684684686
a1_mechanism_screen_s392005_20260910_r2,D1_THREE_VIEW,train_concat_sat_clean_batch_size,11,11,11,1,128.0,128.0,128.0,128.0
a1_mechanism_screen_s392005_20260910_r2,D1_THREE_VIEW,train_concat_sat_expanded,11,11,0,,0.0,0.0,0.0,0.0
a1_mechanism_screen_s392005_20260910_r2,D1_THREE_VIEW,train_concat_sat_stage_index,11,11,0,,0.0,0.0,0.0,0.0
a1_mechanism_screen_s392005_20260910_r2,D1_THREE_VIEW,train_concat_sat_stage_start_epoch,11,11,11,1,1.0,1.0,1.0,1.0
a1_mechanism_screen_s392005_20260910_r2,D1_THREE_VIEW,train_concat_sat_total_batch_size,11,11,11,1,128.0,128.0,128.0,128.0
a1_mechanism_screen_s392005_20260910_r2,D1_THREE_VIEW,train_concat_sat_view_prob,11,11,11,1,0.29999999999999877,0.29999999999999877,0.29999999999999877,0.29999999999999877
a1_mechanism_screen_s392005_20260910_r2,D1_THREE_VIEW,train_daot_batched_view_count,11,11,0,,0.0,0.0,0.0,0.0
a1_mechanism_screen_s392005_20260910_r2,D1_THREE_VIEW,train_daot_identity_only_used,11,11,0,,0.0,0.0,0.0,0.0
a1_mechanism_screen_s392005_20260910_r2,D1_THREE_VIEW,train_daot_logit_coverage_weighting,11,11,0,,0.0,0.0,0.0,0.0
a1_mechanism_screen_s392005_20260910_r2,D1_THREE_VIEW,train_daot_logit_weighted_contribution,11,11,0,,0.0,0.0,0.0,0.0
a1_mechanism_screen_s392005_20260910_r2,D1_THREE_VIEW,train_daot_mean_metadata_skip_enabled,11,11,11,1,1.0,1.0,1.0,1.0
a1_mechanism_screen_s392005_20260910_r2,D1_THREE_VIEW,train_daot_objective_computed,11,11,0,,0.0,0.0,0.0,0.0
a1_mechanism_screen_s392005_20260910_r2,D1_THREE_VIEW,train_daot_orbit_scale,11,11,0,,0.0,0.0,0.0,0.0
a1_mechanism_screen_s392005_20260910_r2,D1_THREE_VIEW,train_daot_proto_input_available,11,11,0,,0.0,0.0,0.0,0.0
a1_mechanism_screen_s392005_20260910_r2,D1_THREE_VIEW,train_daot_scale_batched_enabled,11,11,11,1,1.0,1.0,1.0,1.0
a1_mechanism_screen_s392005_20260910_r2,D1_THREE_VIEW,train_daot_tangent_scale,11,11,0,,0.0,0.0,0.0,0.0
a1_mechanism_screen_s392005_20260910_r2,D1_THREE_VIEW,train_daot_teacher_view_count,11,11,0,,0.0,0.0,0.0,0.0
a1_mechanism_screen_s392005_20260910_r2,D1_THREE_VIEW,train_daot_u_logit_weighted_contribution,11,11,0,,0.0,0.0,0.0,0.0
a1_mechanism_screen_s392005_20260910_r2,D1_THREE_VIEW,train_daot_u_orbit_scale,11,11,0,,0.0,0.0,0.0,0.0
a1_mechanism_screen_s392005_20260910_r2,D1_THREE_VIEW,train_dm_accept_local_component_class_coverage,11,11,0,,0.0,0.0,0.0,0.0
a1_mechanism_screen_s392005_20260910_r2,D1_THREE_VIEW,train_ecrs_cross_rx_successful_steps,11,11,0,,0.0,0.0,0.0,0.0
a1_mechanism_screen_s392005_20260910_r2,D1_THREE_VIEW,train_loss_cons_labeled,11,11,0,,0.0,0.0,0.0,0.0
a1_mechanism_screen_s392005_20260910_r2,D1_THREE_VIEW,train_loss_daot_fingerprint,11,11,0,,0.0,0.0,0.0,0.0
a1_mechanism_screen_s392005_20260910_r2,D1_THREE_VIEW,train_loss_daot_nuisance,11,11,0,,0.0,0.0,0.0,0.0
a1_mechanism_screen_s392005_20260910_r2,D1_THREE_VIEW,train_loss_daot_orbit_logit,11,11,0,,0.0,0.0,0.0,0.0
a1_mechanism_screen_s392005_20260910_r2,D1_THREE_VIEW,train_loss_daot_orbit_proto,11,11,0,,0.0,0.0,0.0,0.0
a1_mechanism_screen_s392005_20260910_r2,D1_THREE_VIEW,train_loss_daot_orbit_relation,11,11,0,,0.0,0.0,0.0,0.0
a1_mechanism_screen_s392005_20260910_r2,D1_THREE_VIEW,train_loss_daot_orbit_z,11,11,0,,0.0,0.0,0.0,0.0
a1_mechanism_screen_s392005_20260910_r2,D1_THREE_VIEW,train_loss_daot_tangent,11,11,0,,0.0,0.0,0.0,0.0
a1_mechanism_screen_s392005_20260910_r2,D1_THREE_VIEW,train_loss_daot_total,11,11,0,,0.0,0.0,0.0,0.0
a1_mechanism_screen_s392005_20260910_r2,D1_THREE_VIEW,train_loss_daot_unlabeled,11,11,0,,0.0,0.0,0.0,0.0
a1_mechanism_screen_s392005_20260910_r2,D1_THREE_VIEW,train_loss_group_ce_labeled,11,11,11,1,4.216687135868244,12.864735122199532,6.931091466563145,4.314356007822999
a1_mechanism_screen_s392005_20260910_r2,D1_THREE_VIEW,train_loss_sat_cls_labeled,11,11,0,,0.0,0.0,0.0,0.0
a1_mechanism_screen_s392005_20260910_r2,D1_THREE_VIEW,train_loss_sat_cons_labeled,11,11,0,,0.0,0.0,0.0,0.0
a1_mechanism_screen_s392005_20260910_r2,D1_THREE_VIEW,train_os_gradient_nonfinite_bundle,11,11,0,,0.0,0.0,0.0,0.0
a1_mechanism_screen_s392005_20260910_r2,D1_THREE_VIEW,train_rc4_effective_weighted_coverage,11,11,0,,0.0,0.0,0.0,0.0
a1_mechanism_screen_s392005_20260910_r2,D1_THREE_VIEW,train_rc4_hard_effective_coverage,11,11,0,,0.0,0.0,0.0,0.0
a1_mechanism_screen_s392005_20260910_r2,D1_THREE_VIEW,train_rc4_negative_effective_coverage,11,11,0,,0.0,0.0,0.0,0.0
a1_mechanism_screen_s392005_20260910_r2,D1_THREE_VIEW,train_rc4_partial_effective_coverage,11,11,0,,0.0,0.0,0.0,0.0
a1_mechanism_screen_s392005_20260910_r2,D1_THREE_VIEW,train_sat_anchor_class_coverage,11,11,0,,0.0,0.0,0.0,0.0
a1_mechanism_screen_s392005_20260910_r2,D1_THREE_VIEW,train_sat_anchor_receiver_coverage,11,11,0,,0.0,0.0,0.0,0.0
a1_mechanism_screen_s392005_20260910_r2,D1_THREE_VIEW,train_skipped_nonfinite_grad,11,11,3,1,0.0,0.009009009009009009,0.0016380016380016379,0.0
a1_mechanism_screen_s392005_20260910_r2,D1_THREE_VIEW,train_skipped_nonfinite_loss,11,11,0,,0.0,0.0,0.0,0.0
a1_mechanism_screen_s392005_20260910_r2,D1_THREE_VIEW,train_tail_rollback_cooldown_remaining,11,11,0,,0.0,0.0,0.0,0.0
a1_mechanism_screen_s392005_20260910_r2,D1_THREE_VIEW,train_w_loss_cons_labeled,11,11,0,,0.0,0.0,0.0,0.0
a1_mechanism_screen_s392005_20260910_r2,D1_THREE_VIEW,train_w_loss_group_ce_labeled,11,11,11,1,0.337334962544946,1.029178785311209,0.554487304311981,0.3451484705212417
a1_mechanism_screen_s392005_20260910_r2,D1_THREE_VIEW,train_w_loss_sat_cls_labeled,11,11,0,,0.0,0.0,0.0,0.0
a1_mechanism_screen_s392005_20260910_r2,D1_THREE_VIEW,train_w_loss_sat_cons_labeled,11,11,0,,0.0,0.0,0.0,0.0
a1_mechanism_screen_s392005_20260910_r2,D1_THREE_VIEW,val_tx_acc,11,11,11,1,39.303703703703704,96.3037037037037,86.82154882154883,96.3037037037037
a1_mechanism_screen_s392005_20260910_r2,D2_PHYSICAL_ORBIT,concat_sat_ce_weight,10,10,10,1,1.0,1.0,1.0,1.0
a1_mechanism_screen_s392005_20260910_r2,D2_PHYSICAL_ORBIT,concat_sat_start_epoch,10,10,10,1,1.0,1.0,1.0,1.0
a1_mechanism_screen_s392005_20260910_r2,D2_PHYSICAL_ORBIT,group_ce_top_frac,10,10,10,1,0.35,0.35,0.35,0.35
a1_mechanism_screen_s392005_20260910_r2,D2_PHYSICAL_ORBIT,joint_guard_paic_cooldown_remaining,10,10,0,,0.0,0.0,0.0,0.0
a1_mechanism_screen_s392005_20260910_r2,D2_PHYSICAL_ORBIT,lambda_cons,10,10,10,1,0.08,0.08,0.08,0.08
a1_mechanism_screen_s392005_20260910_r2,D2_PHYSICAL_ORBIT,lambda_group_ce,10,10,10,1,0.16,0.16,0.16,0.16
a1_mechanism_screen_s392005_20260910_r2,D2_PHYSICAL_ORBIT,loss_weight_group_ce,10,10,10,1,0.08,0.08,0.08,0.08
a1_mechanism_screen_s392005_20260910_r2,D2_PHYSICAL_ORBIT,lr,10,10,10,1,4e-05,0.0002,0.00015994384164899216,0.0001997005324244774
a1_mechanism_screen_s392005_20260910_r2,D2_PHYSICAL_ORBIT,nonfinite_test_metric_count,10,10,10,1,1.0,1.0,1.0,1.0
a1_mechanism_screen_s392005_20260910_r2,D2_PHYSICAL_ORBIT,nonfinite_train_metric_count,10,10,10,1,4.0,4.0,4.0,4.0
a1_mechanism_screen_s392005_20260910_r2,D2_PHYSICAL_ORBIT,nonfinite_val_metric_count,10,10,10,1,1.0,1.0,1.0,1.0
a1_mechanism_screen_s392005_20260910_r2,D2_PHYSICAL_ORBIT,phase2_audit_imports_balanced_tx_rx_sampler,10,10,10,1,1.0,1.0,1.0,1.0
a1_mechanism_screen_s392005_20260910_r2,D2_PHYSICAL_ORBIT,stage_group_ce_scale,10,10,10,1,0.5,0.5,0.5,0.5
a1_mechanism_screen_s392005_20260910_r2,D2_PHYSICAL_ORBIT,stage_source_val_sat_floor_tx,10,10,10,1,31.20740740740741,42.41111111111111,36.910000000000004,42.13703703703704
a1_mechanism_screen_s392005_20260910_r2,D2_PHYSICAL_ORBIT,stage_source_val_sat_mean_tx,10,10,10,1,31.787654320987656,43.144444444444446,37.55728395061728,42.928395061728395
a1_mechanism_screen_s392005_20260910_r2,D2_PHYSICAL_ORBIT,stage_tail_rollback_cooldown_remaining,10,10,0,,0.0,0.0,0.0,0.0
a1_mechanism_screen_s392005_20260910_r2,D2_PHYSICAL_ORBIT,train_a1_ema_effective_decay,10,10,10,1,0.9900000000000023,0.9900000000000024,0.9900000000000023,0.9900000000000024
a1_mechanism_screen_s392005_20260910_r2,D2_PHYSICAL_ORBIT,train_a1_ema_successful_updates,10,10,10,1,110.5,2105.5,1107.4671171171171,2105.5
a1_mechanism_screen_s392005_20260910_r2,D2_PHYSICAL_ORBIT,train_concat_sat_active,10,10,10,1,1.0,1.0,1.0,1.0
a1_mechanism_screen_s392005_20260910_r2,D2_PHYSICAL_ORBIT,train_concat_sat_applied,10,10,10,1,0.27927927927927926,0.35135135135135137,0.31036036036036035,0.3153153153153153
a1_mechanism_screen_s392005_20260910_r2,D2_PHYSICAL_ORBIT,train_concat_sat_clean_batch_size,10,10,10,1,128.0,128.0,128.0,128.0
a1_mechanism_screen_s392005_20260910_r2,D2_PHYSICAL_ORBIT,train_concat_sat_expanded,10,10,0,,0.0,0.0,0.0,0.0
a1_mechanism_screen_s392005_20260910_r2,D2_PHYSICAL_ORBIT,train_concat_sat_stage_index,10,10,0,,0.0,0.0,0.0,0.0
a1_mechanism_screen_s392005_20260910_r2,D2_PHYSICAL_ORBIT,train_concat_sat_stage_start_epoch,10,10,10,1,1.0,1.0,1.0,1.0
a1_mechanism_screen_s392005_20260910_r2,D2_PHYSICAL_ORBIT,train_concat_sat_total_batch_size,10,10,10,1,128.0,128.0,128.0,128.0
a1_mechanism_screen_s392005_20260910_r2,D2_PHYSICAL_ORBIT,train_concat_sat_view_prob,10,10,10,1,0.29999999999999877,0.29999999999999877,0.29999999999999877,0.29999999999999877
a1_mechanism_screen_s392005_20260910_r2,D2_PHYSICAL_ORBIT,train_daot_batched_view_count,10,10,0,,0.0,0.0,0.0,0.0
a1_mechanism_screen_s392005_20260910_r2,D2_PHYSICAL_ORBIT,train_daot_identity_only_used,10,10,0,,0.0,0.0,0.0,0.0
a1_mechanism_screen_s392005_20260910_r2,D2_PHYSICAL_ORBIT,train_daot_logit_coverage_weighting,10,10,0,,0.0,0.0,0.0,0.0
a1_mechanism_screen_s392005_20260910_r2,D2_PHYSICAL_ORBIT,train_daot_logit_weighted_contribution,10,10,0,,0.0,0.0,0.0,0.0
a1_mechanism_screen_s392005_20260910_r2,D2_PHYSICAL_ORBIT,train_daot_mean_metadata_skip_enabled,10,10,10,1,1.0,1.0,1.0,1.0
a1_mechanism_screen_s392005_20260910_r2,D2_PHYSICAL_ORBIT,train_daot_objective_computed,10,10,0,,0.0,0.0,0.0,0.0
a1_mechanism_screen_s392005_20260910_r2,D2_PHYSICAL_ORBIT,train_daot_orbit_scale,10,10,0,,0.0,0.0,0.0,0.0
a1_mechanism_screen_s392005_20260910_r2,D2_PHYSICAL_ORBIT,train_daot_proto_input_available,10,10,0,,0.0,0.0,0.0,0.0
a1_mechanism_screen_s392005_20260910_r2,D2_PHYSICAL_ORBIT,train_daot_scale_batched_enabled,10,10,10,1,1.0,1.0,1.0,1.0
a1_mechanism_screen_s392005_20260910_r2,D2_PHYSICAL_ORBIT,train_daot_tangent_scale,10,10,0,,0.0,0.0,0.0,0.0
a1_mechanism_screen_s392005_20260910_r2,D2_PHYSICAL_ORBIT,train_daot_teacher_view_count,10,10,0,,0.0,0.0,0.0,0.0
a1_mechanism_screen_s392005_20260910_r2,D2_PHYSICAL_ORBIT,train_daot_u_logit_weighted_contribution,10,10,0,,0.0,0.0,0.0,0.0
a1_mechanism_screen_s392005_20260910_r2,D2_PHYSICAL_ORBIT,train_daot_u_orbit_scale,10,10,0,,0.0,0.0,0.0,0.0
a1_mechanism_screen_s392005_20260910_r2,D2_PHYSICAL_ORBIT,train_dm_accept_local_component_class_coverage,10,10,0,,0.0,0.0,0.0,0.0
a1_mechanism_screen_s392005_20260910_r2,D2_PHYSICAL_ORBIT,train_ecrs_cross_rx_successful_steps,10,10,0,,0.0,0.0,0.0,0.0
a1_mechanism_screen_s392005_20260910_r2,D2_PHYSICAL_ORBIT,train_loss_cons_labeled,10,10,0,,0.0,0.0,0.0,0.0
a1_mechanism_screen_s392005_20260910_r2,D2_PHYSICAL_ORBIT,train_loss_daot_fingerprint,10,10,0,,0.0,0.0,0.0,0.0
a1_mechanism_screen_s392005_20260910_r2,D2_PHYSICAL_ORBIT,train_loss_daot_nuisance,10,10,0,,0.0,0.0,0.0,0.0
a1_mechanism_screen_s392005_20260910_r2,D2_PHYSICAL_ORBIT,train_loss_daot_orbit_logit,10,10,0,,0.0,0.0,0.0,0.0
a1_mechanism_screen_s392005_20260910_r2,D2_PHYSICAL_ORBIT,train_loss_daot_orbit_proto,10,10,0,,0.0,0.0,0.0,0.0
a1_mechanism_screen_s392005_20260910_r2,D2_PHYSICAL_ORBIT,train_loss_daot_orbit_relation,10,10,0,,0.0,0.0,0.0,0.0
a1_mechanism_screen_s392005_20260910_r2,D2_PHYSICAL_ORBIT,train_loss_daot_orbit_z,10,10,0,,0.0,0.0,0.0,0.0
a1_mechanism_screen_s392005_20260910_r2,D2_PHYSICAL_ORBIT,train_loss_daot_tangent,10,10,0,,0.0,0.0,0.0,0.0
a1_mechanism_screen_s392005_20260910_r2,D2_PHYSICAL_ORBIT,train_loss_daot_total,10,10,0,,0.0,0.0,0.0,0.0
a1_mechanism_screen_s392005_20260910_r2,D2_PHYSICAL_ORBIT,train_loss_daot_unlabeled,10,10,0,,0.0,0.0,0.0,0.0
a1_mechanism_screen_s392005_20260910_r2,D2_PHYSICAL_ORBIT,train_loss_group_ce_labeled,10,10,10,1,4.185291674760011,12.866041157696698,7.219920913915376,4.185291674760011
a1_mechanism_screen_s392005_20260910_r2,D2_PHYSICAL_ORBIT,train_loss_sat_cls_labeled,10,10,0,,0.0,0.0,0.0,0.0
a1_mechanism_screen_s392005_20260910_r2,D2_PHYSICAL_ORBIT,train_loss_sat_cons_labeled,10,10,0,,0.0,0.0,0.0,0.0
a1_mechanism_screen_s392005_20260910_r2,D2_PHYSICAL_ORBIT,train_os_gradient_nonfinite_bundle,10,10,0,,0.0,0.0,0.0,0.0
a1_mechanism_screen_s392005_20260910_r2,D2_PHYSICAL_ORBIT,train_rc4_effective_weighted_coverage,10,10,0,,0.0,0.0,0.0,0.0
a1_mechanism_screen_s392005_20260910_r2,D2_PHYSICAL_ORBIT,train_rc4_hard_effective_coverage,10,10,0,,0.0,0.0,0.0,0.0
a1_mechanism_screen_s392005_20260910_r2,D2_PHYSICAL_ORBIT,train_rc4_negative_effective_coverage,10,10,0,,0.0,0.0,0.0,0.0
a1_mechanism_screen_s392005_20260910_r2,D2_PHYSICAL_ORBIT,train_rc4_partial_effective_coverage,10,10,0,,0.0,0.0,0.0,0.0
a1_mechanism_screen_s392005_20260910_r2,D2_PHYSICAL_ORBIT,train_sat_anchor_class_coverage,10,10,0,,0.0,0.0,0.0,0.0
a1_mechanism_screen_s392005_20260910_r2,D2_PHYSICAL_ORBIT,train_sat_anchor_receiver_coverage,10,10,0,,0.0,0.0,0.0,0.0
a1_mechanism_screen_s392005_20260910_r2,D2_PHYSICAL_ORBIT,train_skipped_nonfinite_grad,10,10,3,1,0.0,0.009009009009009009,0.0018018018018018018,0.0
a1_mechanism_screen_s392005_20260910_r2,D2_PHYSICAL_ORBIT,train_skipped_nonfinite_loss,10,10,0,,0.0,0.0,0.0,0.0
a1_mechanism_screen_s392005_20260910_r2,D2_PHYSICAL_ORBIT,train_tail_rollback_cooldown_remaining,10,10,0,,0.0,0.0,0.0,0.0
a1_mechanism_screen_s392005_20260910_r2,D2_PHYSICAL_ORBIT,train_w_loss_cons_labeled,10,10,0,,0.0,0.0,0.0,0.0
a1_mechanism_screen_s392005_20260910_r2,D2_PHYSICAL_ORBIT,train_w_loss_group_ce_labeled,10,10,10,1,0.3348233255448642,1.0292832690316278,0.5775936600341051,0.3348233255448642
a1_mechanism_screen_s392005_20260910_r2,D2_PHYSICAL_ORBIT,train_w_loss_sat_cls_labeled,10,10,0,,0.0,0.0,0.0,0.0
a1_mechanism_screen_s392005_20260910_r2,D2_PHYSICAL_ORBIT,train_w_loss_sat_cons_labeled,10,10,0,,0.0,0.0,0.0,0.0
a1_mechanism_screen_s392005_20260910_r2,D2_PHYSICAL_ORBIT,val_tx_acc,10,10,10,1,39.388888888888886,95.92962962962963,85.66555555555556,95.54074074074074
a1_mechanism_screen_s392005_20260910_r2,D3_TANGENT,concat_sat_ce_weight,10,10,10,1,1.0,1.0,1.0,1.0
a1_mechanism_screen_s392005_20260910_r2,D3_TANGENT,concat_sat_start_epoch,10,10,10,1,1.0,1.0,1.0,1.0
a1_mechanism_screen_s392005_20260910_r2,D3_TANGENT,group_ce_top_frac,10,10,10,1,0.35,0.35,0.35,0.35
a1_mechanism_screen_s392005_20260910_r2,D3_TANGENT,joint_guard_paic_cooldown_remaining,10,10,0,,0.0,0.0,0.0,0.0
a1_mechanism_screen_s392005_20260910_r2,D3_TANGENT,lambda_cons,10,10,10,1,0.08,0.08,0.08,0.08
a1_mechanism_screen_s392005_20260910_r2,D3_TANGENT,lambda_group_ce,10,10,10,1,0.16,0.16,0.16,0.16
a1_mechanism_screen_s392005_20260910_r2,D3_TANGENT,loss_weight_group_ce,10,10,10,1,0.08,0.08,0.08,0.08
a1_mechanism_screen_s392005_20260910_r2,D3_TANGENT,lr,10,10,10,1,4e-05,0.0002,0.00015994384164899216,0.0001997005324244774
a1_mechanism_screen_s392005_20260910_r2,D3_TANGENT,nonfinite_test_metric_count,10,10,10,1,1.0,1.0,1.0,1.0
a1_mechanism_screen_s392005_20260910_r2,D3_TANGENT,nonfinite_train_metric_count,10,10,10,1,4.0,4.0,4.0,4.0
a1_mechanism_screen_s392005_20260910_r2,D3_TANGENT,nonfinite_val_metric_count,10,10,10,1,1.0,1.0,1.0,1.0
a1_mechanism_screen_s392005_20260910_r2,D3_TANGENT,phase2_audit_imports_balanced_tx_rx_sampler,10,10,10,1,1.0,1.0,1.0,1.0
a1_mechanism_screen_s392005_20260910_r2,D3_TANGENT,stage_group_ce_scale,10,10,10,1,0.5,0.5,0.5,0.5
a1_mechanism_screen_s392005_20260910_r2,D3_TANGENT,stage_source_val_sat_floor_tx,10,10,10,1,31.31851851851852,41.785185185185185,36.2337037037037,41.785185185185185
a1_mechanism_screen_s392005_20260910_r2,D3_TANGENT,stage_source_val_sat_mean_tx,10,10,10,1,31.844444444444445,42.5679012345679,36.87123456790123,42.5679012345679
a1_mechanism_screen_s392005_20260910_r2,D3_TANGENT,stage_tail_rollback_cooldown_remaining,10,10,0,,0.0,0.0,0.0,0.0
a1_mechanism_screen_s392005_20260910_r2,D3_TANGENT,train_a1_ema_effective_decay,10,10,10,1,0.9900000000000023,0.9900000000000024,0.9900000000000023,0.9900000000000024
a1_mechanism_screen_s392005_20260910_r2,D3_TANGENT,train_a1_ema_successful_updates,10,10,10,1,110.5,2105.5,1107.3702702702703,2105.5
a1_mechanism_screen_s392005_20260910_r2,D3_TANGENT,train_concat_sat_active,10,10,10,1,1.0,1.0,1.0,1.0
a1_mechanism_screen_s392005_20260910_r2,D3_TANGENT,train_concat_sat_applied,10,10,10,1,0.27927927927927926,0.35135135135135137,0.31036036036036035,0.3153153153153153
a1_mechanism_screen_s392005_20260910_r2,D3_TANGENT,train_concat_sat_clean_batch_size,10,10,10,1,128.0,128.0,128.0,128.0
a1_mechanism_screen_s392005_20260910_r2,D3_TANGENT,train_concat_sat_expanded,10,10,0,,0.0,0.0,0.0,0.0
a1_mechanism_screen_s392005_20260910_r2,D3_TANGENT,train_concat_sat_stage_index,10,10,0,,0.0,0.0,0.0,0.0
a1_mechanism_screen_s392005_20260910_r2,D3_TANGENT,train_concat_sat_stage_start_epoch,10,10,10,1,1.0,1.0,1.0,1.0
a1_mechanism_screen_s392005_20260910_r2,D3_TANGENT,train_concat_sat_total_batch_size,10,10,10,1,128.0,128.0,128.0,128.0
a1_mechanism_screen_s392005_20260910_r2,D3_TANGENT,train_concat_sat_view_prob,10,10,10,1,0.29999999999999877,0.29999999999999877,0.29999999999999877,0.29999999999999877
a1_mechanism_screen_s392005_20260910_r2,D3_TANGENT,train_daot_batched_view_count,10,10,0,,0.0,0.0,0.0,0.0
a1_mechanism_screen_s392005_20260910_r2,D3_TANGENT,train_daot_identity_only_used,10,10,0,,0.0,0.0,0.0,0.0
a1_mechanism_screen_s392005_20260910_r2,D3_TANGENT,train_daot_logit_coverage_weighting,10,10,0,,0.0,0.0,0.0,0.0
a1_mechanism_screen_s392005_20260910_r2,D3_TANGENT,train_daot_logit_weighted_contribution,10,10,0,,0.0,0.0,0.0,0.0
a1_mechanism_screen_s392005_20260910_r2,D3_TANGENT,train_daot_mean_metadata_skip_enabled,10,10,10,1,1.0,1.0,1.0,1.0
a1_mechanism_screen_s392005_20260910_r2,D3_TANGENT,train_daot_objective_computed,10,10,0,,0.0,0.0,0.0,0.0
a1_mechanism_screen_s392005_20260910_r2,D3_TANGENT,train_daot_orbit_scale,10,10,0,,0.0,0.0,0.0,0.0
a1_mechanism_screen_s392005_20260910_r2,D3_TANGENT,train_daot_proto_input_available,10,10,0,,0.0,0.0,0.0,0.0
a1_mechanism_screen_s392005_20260910_r2,D3_TANGENT,train_daot_scale_batched_enabled,10,10,10,1,1.0,1.0,1.0,1.0
a1_mechanism_screen_s392005_20260910_r2,D3_TANGENT,train_daot_tangent_scale,10,10,0,,0.0,0.0,0.0,0.0
a1_mechanism_screen_s392005_20260910_r2,D3_TANGENT,train_daot_teacher_view_count,10,10,0,,0.0,0.0,0.0,0.0
a1_mechanism_screen_s392005_20260910_r2,D3_TANGENT,train_daot_u_logit_weighted_contribution,10,10,0,,0.0,0.0,0.0,0.0
a1_mechanism_screen_s392005_20260910_r2,D3_TANGENT,train_daot_u_orbit_scale,10,10,0,,0.0,0.0,0.0,0.0
a1_mechanism_screen_s392005_20260910_r2,D3_TANGENT,train_dm_accept_local_component_class_coverage,10,10,0,,0.0,0.0,0.0,0.0
a1_mechanism_screen_s392005_20260910_r2,D3_TANGENT,train_ecrs_cross_rx_successful_steps,10,10,0,,0.0,0.0,0.0,0.0
a1_mechanism_screen_s392005_20260910_r2,D3_TANGENT,train_loss_cons_labeled,10,10,0,,0.0,0.0,0.0,0.0
a1_mechanism_screen_s392005_20260910_r2,D3_TANGENT,train_loss_daot_fingerprint,10,10,0,,0.0,0.0,0.0,0.0
a1_mechanism_screen_s392005_20260910_r2,D3_TANGENT,train_loss_daot_nuisance,10,10,0,,0.0,0.0,0.0,0.0
a1_mechanism_screen_s392005_20260910_r2,D3_TANGENT,train_loss_daot_orbit_logit,10,10,0,,0.0,0.0,0.0,0.0
a1_mechanism_screen_s392005_20260910_r2,D3_TANGENT,train_loss_daot_orbit_proto,10,10,0,,0.0,0.0,0.0,0.0
a1_mechanism_screen_s392005_20260910_r2,D3_TANGENT,train_loss_daot_orbit_relation,10,10,0,,0.0,0.0,0.0,0.0
a1_mechanism_screen_s392005_20260910_r2,D3_TANGENT,train_loss_daot_orbit_z,10,10,0,,0.0,0.0,0.0,0.0
a1_mechanism_screen_s392005_20260910_r2,D3_TANGENT,train_loss_daot_tangent,10,10,0,,0.0,0.0,0.0,0.0
a1_mechanism_screen_s392005_20260910_r2,D3_TANGENT,train_loss_daot_total,10,10,0,,0.0,0.0,0.0,0.0
a1_mechanism_screen_s392005_20260910_r2,D3_TANGENT,train_loss_daot_unlabeled,10,10,0,,0.0,0.0,0.0,0.0
a1_mechanism_screen_s392005_20260910_r2,D3_TANGENT,train_loss_group_ce_labeled,10,10,10,1,4.193703034976581,12.865859074635548,7.196130366502581,4.193703034976581
a1_mechanism_screen_s392005_20260910_r2,D3_TANGENT,train_loss_sat_cls_labeled,10,10,0,,0.0,0.0,0.0,0.0
a1_mechanism_screen_s392005_20260910_r2,D3_TANGENT,train_loss_sat_cons_labeled,10,10,0,,0.0,0.0,0.0,0.0
a1_mechanism_screen_s392005_20260910_r2,D3_TANGENT,train_os_gradient_nonfinite_bundle,10,10,0,,0.0,0.0,0.0,0.0
a1_mechanism_screen_s392005_20260910_r2,D3_TANGENT,train_rc4_effective_weighted_coverage,10,10,0,,0.0,0.0,0.0,0.0
a1_mechanism_screen_s392005_20260910_r2,D3_TANGENT,train_rc4_hard_effective_coverage,10,10,0,,0.0,0.0,0.0,0.0
a1_mechanism_screen_s392005_20260910_r2,D3_TANGENT,train_rc4_negative_effective_coverage,10,10,0,,0.0,0.0,0.0,0.0
a1_mechanism_screen_s392005_20260910_r2,D3_TANGENT,train_rc4_partial_effective_coverage,10,10,0,,0.0,0.0,0.0,0.0
a1_mechanism_screen_s392005_20260910_r2,D3_TANGENT,train_sat_anchor_class_coverage,10,10,0,,0.0,0.0,0.0,0.0
a1_mechanism_screen_s392005_20260910_r2,D3_TANGENT,train_sat_anchor_receiver_coverage,10,10,0,,0.0,0.0,0.0,0.0
a1_mechanism_screen_s392005_20260910_r2,D3_TANGENT,train_skipped_nonfinite_grad,10,10,3,1,0.0,0.009009009009009009,0.0018018018018018018,0.0
a1_mechanism_screen_s392005_20260910_r2,D3_TANGENT,train_skipped_nonfinite_loss,10,10,0,,0.0,0.0,0.0,0.0
a1_mechanism_screen_s392005_20260910_r2,D3_TANGENT,train_tail_rollback_cooldown_remaining,10,10,0,,0.0,0.0,0.0,0.0
a1_mechanism_screen_s392005_20260910_r2,D3_TANGENT,train_w_loss_cons_labeled,10,10,0,,0.0,0.0,0.0,0.0
a1_mechanism_screen_s392005_20260910_r2,D3_TANGENT,train_w_loss_group_ce_labeled,10,10,10,1,0.3354962353032451,1.0292687005287893,0.5756904166326061,0.3354962353032451
a1_mechanism_screen_s392005_20260910_r2,D3_TANGENT,train_w_loss_sat_cls_labeled,10,10,0,,0.0,0.0,0.0,0.0
a1_mechanism_screen_s392005_20260910_r2,D3_TANGENT,train_w_loss_sat_cons_labeled,10,10,0,,0.0,0.0,0.0,0.0
a1_mechanism_screen_s392005_20260910_r2,D3_TANGENT,val_tx_acc,10,10,10,1,39.25555555555555,96.02962962962962,85.76185185185184,96.02962962962962
a1_mechanism_screen_s392005_20260910_r2,E0_RESPONSE_ONLY,concat_sat_ce_weight,3,3,3,1,1.0,1.0,1.0,1.0
a1_mechanism_screen_s392005_20260910_r2,E0_RESPONSE_ONLY,concat_sat_start_epoch,3,3,3,1,1.0,1.0,1.0,1.0
a1_mechanism_screen_s392005_20260910_r2,E0_RESPONSE_ONLY,group_ce_top_frac,3,3,3,1,0.35,0.35,0.3499999999999999,0.35
a1_mechanism_screen_s392005_20260910_r2,E0_RESPONSE_ONLY,joint_guard_paic_cooldown_remaining,3,3,0,,0.0,0.0,0.0,0.0
a1_mechanism_screen_s392005_20260910_r2,E0_RESPONSE_ONLY,lambda_cons,3,3,3,1,0.08,0.08,0.08,0.08
a1_mechanism_screen_s392005_20260910_r2,E0_RESPONSE_ONLY,lambda_group_ce,3,3,3,1,0.16,0.16,0.16,0.16
a1_mechanism_screen_s392005_20260910_r2,E0_RESPONSE_ONLY,loss_weight_group_ce,3,3,3,1,0.08,0.08,0.08,0.08
a1_mechanism_screen_s392005_20260910_r2,E0_RESPONSE_ONLY,lr,3,3,3,1,4e-05,0.00012,8e-05,0.00012
a1_mechanism_screen_s392005_20260910_r2,E0_RESPONSE_ONLY,nonfinite_test_metric_count,3,3,3,1,1.0,1.0,1.0,1.0
a1_mechanism_screen_s392005_20260910_r2,E0_RESPONSE_ONLY,nonfinite_train_metric_count,3,3,3,1,4.0,4.0,4.0,4.0
a1_mechanism_screen_s392005_20260910_r2,E0_RESPONSE_ONLY,nonfinite_val_metric_count,3,3,3,1,1.0,1.0,1.0,1.0
a1_mechanism_screen_s392005_20260910_r2,E0_RESPONSE_ONLY,phase2_audit_imports_balanced_tx_rx_sampler,3,3,3,1,1.0,1.0,1.0,1.0
a1_mechanism_screen_s392005_20260910_r2,E0_RESPONSE_ONLY,stage_group_ce_scale,3,3,3,1,0.5,0.5,0.5,0.5
a1_mechanism_screen_s392005_20260910_r2,E0_RESPONSE_ONLY,stage_source_val_sat_floor_tx,3,3,3,1,31.22222222222222,35.37777777777778,33.51234567901235,35.37777777777778
a1_mechanism_screen_s392005_20260910_r2,E0_RESPONSE_ONLY,stage_source_val_sat_mean_tx,3,3,3,1,31.860493827160496,35.99753086419753,34.13045267489712,35.99753086419753
a1_mechanism_screen_s392005_20260910_r2,E0_RESPONSE_ONLY,stage_tail_rollback_cooldown_remaining,3,3,0,,0.0,0.0,0.0,0.0
a1_mechanism_screen_s392005_20260910_r2,E0_RESPONSE_ONLY,train_a1_ema_effective_decay,3,3,3,1,0.9900000000000023,0.9900000000000024,0.9900000000000024,0.9900000000000023
a1_mechanism_screen_s392005_20260910_r2,E0_RESPONSE_ONLY,train_a1_ema_successful_updates,3,3,3,1,110.5,553.1756756756756,332.05855855855856,553.1756756756756
a1_mechanism_screen_s392005_20260910_r2,E0_RESPONSE_ONLY,train_concat_sat_active,3,3,3,1,1.0,1.0,1.0,1.0
a1_mechanism_screen_s392005_20260910_r2,E0_RESPONSE_ONLY,train_concat_sat_applied,3,3,3,1,0.27927927927927926,0.34234234234234234,0.3048048048048048,0.34234234234234234
a1_mechanism_screen_s392005_20260910_r2,E0_RESPONSE_ONLY,train_concat_sat_clean_batch_size,3,3,3,1,128.0,128.0,128.0,128.0
a1_mechanism_screen_s392005_20260910_r2,E0_RESPONSE_ONLY,train_concat_sat_expanded,3,3,0,,0.0,0.0,0.0,0.0
a1_mechanism_screen_s392005_20260910_r2,E0_RESPONSE_ONLY,train_concat_sat_stage_index,3,3,0,,0.0,0.0,0.0,0.0
a1_mechanism_screen_s392005_20260910_r2,E0_RESPONSE_ONLY,train_concat_sat_stage_start_epoch,3,3,3,1,1.0,1.0,1.0,1.0
a1_mechanism_screen_s392005_20260910_r2,E0_RESPONSE_ONLY,train_concat_sat_total_batch_size,3,3,3,1,128.0,128.0,128.0,128.0
a1_mechanism_screen_s392005_20260910_r2,E0_RESPONSE_ONLY,train_concat_sat_view_prob,3,3,3,1,0.29999999999999877,0.29999999999999877,0.29999999999999877,0.29999999999999877
a1_mechanism_screen_s392005_20260910_r2,E0_RESPONSE_ONLY,train_daot_batched_view_count,3,3,0,,0.0,0.0,0.0,0.0
a1_mechanism_screen_s392005_20260910_r2,E0_RESPONSE_ONLY,train_daot_identity_only_used,3,3,0,,0.0,0.0,0.0,0.0
a1_mechanism_screen_s392005_20260910_r2,E0_RESPONSE_ONLY,train_daot_logit_coverage_weighting,3,3,0,,0.0,0.0,0.0,0.0
a1_mechanism_screen_s392005_20260910_r2,E0_RESPONSE_ONLY,train_daot_logit_weighted_contribution,3,3,0,,0.0,0.0,0.0,0.0
a1_mechanism_screen_s392005_20260910_r2,E0_RESPONSE_ONLY,train_daot_mean_metadata_skip_enabled,3,3,3,1,1.0,1.0,1.0,1.0
a1_mechanism_screen_s392005_20260910_r2,E0_RESPONSE_ONLY,train_daot_objective_computed,3,3,0,,0.0,0.0,0.0,0.0
a1_mechanism_screen_s392005_20260910_r2,E0_RESPONSE_ONLY,train_daot_orbit_scale,3,3,0,,0.0,0.0,0.0,0.0
a1_mechanism_screen_s392005_20260910_r2,E0_RESPONSE_ONLY,train_daot_proto_input_available,3,3,0,,0.0,0.0,0.0,0.0
a1_mechanism_screen_s392005_20260910_r2,E0_RESPONSE_ONLY,train_daot_scale_batched_enabled,3,3,3,1,1.0,1.0,1.0,1.0
a1_mechanism_screen_s392005_20260910_r2,E0_RESPONSE_ONLY,train_daot_tangent_scale,3,3,0,,0.0,0.0,0.0,0.0
a1_mechanism_screen_s392005_20260910_r2,E0_RESPONSE_ONLY,train_daot_teacher_view_count,3,3,0,,0.0,0.0,0.0,0.0
a1_mechanism_screen_s392005_20260910_r2,E0_RESPONSE_ONLY,train_daot_u_logit_weighted_contribution,3,3,0,,0.0,0.0,0.0,0.0
a1_mechanism_screen_s392005_20260910_r2,E0_RESPONSE_ONLY,train_daot_u_orbit_scale,3,3,0,,0.0,0.0,0.0,0.0
a1_mechanism_screen_s392005_20260910_r2,E0_RESPONSE_ONLY,train_dm_accept_local_component_class_coverage,3,3,0,,0.0,0.0,0.0,0.0
a1_mechanism_screen_s392005_20260910_r2,E0_RESPONSE_ONLY,train_ecrs_cross_rx_successful_steps,3,3,0,,0.0,0.0,0.0,0.0
a1_mechanism_screen_s392005_20260910_r2,E0_RESPONSE_ONLY,train_loss_cons_labeled,3,3,0,,0.0,0.0,0.0,0.0
a1_mechanism_screen_s392005_20260910_r2,E0_RESPONSE_ONLY,train_loss_daot_fingerprint,3,3,0,,0.0,0.0,0.0,0.0
a1_mechanism_screen_s392005_20260910_r2,E0_RESPONSE_ONLY,train_loss_daot_nuisance,3,3,0,,0.0,0.0,0.0,0.0
a1_mechanism_screen_s392005_20260910_r2,E0_RESPONSE_ONLY,train_loss_daot_orbit_logit,3,3,0,,0.0,0.0,0.0,0.0
a1_mechanism_screen_s392005_20260910_r2,E0_RESPONSE_ONLY,train_loss_daot_orbit_proto,3,3,0,,0.0,0.0,0.0,0.0
a1_mechanism_screen_s392005_20260910_r2,E0_RESPONSE_ONLY,train_loss_daot_orbit_relation,3,3,0,,0.0,0.0,0.0,0.0
a1_mechanism_screen_s392005_20260910_r2,E0_RESPONSE_ONLY,train_loss_daot_orbit_z,3,3,0,,0.0,0.0,0.0,0.0
a1_mechanism_screen_s392005_20260910_r2,E0_RESPONSE_ONLY,train_loss_daot_tangent,3,3,0,,0.0,0.0,0.0,0.0
a1_mechanism_screen_s392005_20260910_r2,E0_RESPONSE_ONLY,train_loss_daot_total,3,3,0,,0.0,0.0,0.0,0.0
a1_mechanism_screen_s392005_20260910_r2,E0_RESPONSE_ONLY,train_loss_daot_unlabeled,3,3,0,,0.0,0.0,0.0,0.0
a1_mechanism_screen_s392005_20260910_r2,E0_RESPONSE_ONLY,train_loss_group_ce_labeled,3,3,3,1,9.607202996004808,12.865380308649561,11.407880527479156,9.607202996004808
a1_mechanism_screen_s392005_20260910_r2,E0_RESPONSE_ONLY,train_loss_sat_cls_labeled,3,3,0,,0.0,0.0,0.0,0.0
a1_mechanism_screen_s392005_20260910_r2,E0_RESPONSE_ONLY,train_loss_sat_cons_labeled,3,3,0,,0.0,0.0,0.0,0.0
a1_mechanism_screen_s392005_20260910_r2,E0_RESPONSE_ONLY,train_os_gradient_nonfinite_bundle,3,3,0,,0.0,0.0,0.0,0.0
a1_mechanism_screen_s392005_20260910_r2,E0_RESPONSE_ONLY,train_rc4_effective_weighted_coverage,3,3,0,,0.0,0.0,0.0,0.0
a1_mechanism_screen_s392005_20260910_r2,E0_RESPONSE_ONLY,train_rc4_hard_effective_coverage,3,3,0,,0.0,0.0,0.0,0.0
a1_mechanism_screen_s392005_20260910_r2,E0_RESPONSE_ONLY,train_rc4_negative_effective_coverage,3,3,0,,0.0,0.0,0.0,0.0
a1_mechanism_screen_s392005_20260910_r2,E0_RESPONSE_ONLY,train_rc4_partial_effective_coverage,3,3,0,,0.0,0.0,0.0,0.0
a1_mechanism_screen_s392005_20260910_r2,E0_RESPONSE_ONLY,train_response_ce_weighted,3,3,3,1,0.2378635826008814,0.26759351132152315,0.2534703974340771,0.2378635826008814
a1_mechanism_screen_s392005_20260910_r2,E0_RESPONSE_ONLY,train_response_valid_count,3,3,3,1,128.0,128.0,128.0,128.0
a1_mechanism_screen_s392005_20260910_r2,E0_RESPONSE_ONLY,train_sat_anchor_class_coverage,3,3,0,,0.0,0.0,0.0,0.0
a1_mechanism_screen_s392005_20260910_r2,E0_RESPONSE_ONLY,train_sat_anchor_receiver_coverage,3,3,0,,0.0,0.0,0.0,0.0
a1_mechanism_screen_s392005_20260910_r2,E0_RESPONSE_ONLY,train_skipped_nonfinite_grad,3,3,2,1,0.0,0.009009009009009009,0.0045045045045045045,0.009009009009009009
a1_mechanism_screen_s392005_20260910_r2,E0_RESPONSE_ONLY,train_skipped_nonfinite_loss,3,3,0,,0.0,0.0,0.0,0.0
a1_mechanism_screen_s392005_20260910_r2,E0_RESPONSE_ONLY,train_tail_rollback_cooldown_remaining,3,3,0,,0.0,0.0,0.0,0.0
a1_mechanism_screen_s392005_20260910_r2,E0_RESPONSE_ONLY,train_w_loss_cons_labeled,3,3,0,,0.0,0.0,0.0,0.0
a1_mechanism_screen_s392005_20260910_r2,E0_RESPONSE_ONLY,train_w_loss_group_ce_labeled,3,3,3,1,0.7685762224970637,1.0292303975637969,0.9126304200103691,0.7685762224970637
a1_mechanism_screen_s392005_20260910_r2,E0_RESPONSE_ONLY,train_w_loss_sat_cls_labeled,3,3,0,,0.0,0.0,0.0,0.0
a1_mechanism_screen_s392005_20260910_r2,E0_RESPONSE_ONLY,train_w_loss_sat_cons_labeled,3,3,0,,0.0,0.0,0.0,0.0
a1_mechanism_screen_s392005_20260910_r2,E0_RESPONSE_ONLY,val_tx_acc,3,3,3,1,39.766666666666666,86.05925925925926,66.50246913580247,86.05925925925926
a1_mechanism_screen_s392005_20260910_r2,E1_RESPONSE_FUSED,concat_sat_ce_weight,3,3,3,1,1.0,1.0,1.0,1.0
a1_mechanism_screen_s392005_20260910_r2,E1_RESPONSE_FUSED,concat_sat_start_epoch,3,3,3,1,1.0,1.0,1.0,1.0
a1_mechanism_screen_s392005_20260910_r2,E1_RESPONSE_FUSED,group_ce_top_frac,3,3,3,1,0.35,0.35,0.3499999999999999,0.35
a1_mechanism_screen_s392005_20260910_r2,E1_RESPONSE_FUSED,joint_guard_paic_cooldown_remaining,3,3,0,,0.0,0.0,0.0,0.0
a1_mechanism_screen_s392005_20260910_r2,E1_RESPONSE_FUSED,lambda_cons,3,3,3,1,0.08,0.08,0.08,0.08
a1_mechanism_screen_s392005_20260910_r2,E1_RESPONSE_FUSED,lambda_group_ce,3,3,3,1,0.16,0.16,0.16,0.16
a1_mechanism_screen_s392005_20260910_r2,E1_RESPONSE_FUSED,loss_weight_group_ce,3,3,3,1,0.08,0.08,0.08,0.08
a1_mechanism_screen_s392005_20260910_r2,E1_RESPONSE_FUSED,lr,3,3,3,1,4e-05,0.00012,8e-05,0.00012
a1_mechanism_screen_s392005_20260910_r2,E1_RESPONSE_FUSED,nonfinite_test_metric_count,3,3,3,1,1.0,1.0,1.0,1.0
a1_mechanism_screen_s392005_20260910_r2,E1_RESPONSE_FUSED,nonfinite_train_metric_count,3,3,3,1,4.0,4.0,4.0,4.0
a1_mechanism_screen_s392005_20260910_r2,E1_RESPONSE_FUSED,nonfinite_val_metric_count,3,3,3,1,1.0,1.0,1.0,1.0
a1_mechanism_screen_s392005_20260910_r2,E1_RESPONSE_FUSED,phase2_audit_imports_balanced_tx_rx_sampler,3,3,3,1,1.0,1.0,1.0,1.0
a1_mechanism_screen_s392005_20260910_r2,E1_RESPONSE_FUSED,stage_group_ce_scale,3,3,3,1,0.5,0.5,0.5,0.5
a1_mechanism_screen_s392005_20260910_r2,E1_RESPONSE_FUSED,stage_source_val_sat_floor_tx,3,3,3,1,31.848148148148148,35.62592592592593,34.07037037037037,35.62592592592593
a1_mechanism_screen_s392005_20260910_r2,E1_RESPONSE_FUSED,stage_source_val_sat_mean_tx,3,3,3,1,32.47530864197531,36.12098765432099,34.586419753086425,36.12098765432099
a1_mechanism_screen_s392005_20260910_r2,E1_RESPONSE_FUSED,stage_tail_rollback_cooldown_remaining,3,3,0,,0.0,0.0,0.0,0.0
a1_mechanism_screen_s392005_20260910_r2,E1_RESPONSE_FUSED,train_a1_ema_effective_decay,3,3,3,1,0.9900000000000023,0.9900000000000024,0.9900000000000024,0.9900000000000023
a1_mechanism_screen_s392005_20260910_r2,E1_RESPONSE_FUSED,train_a1_ema_successful_updates,3,3,3,1,110.5,553.1756756756756,332.05855855855856,553.1756756756756
a1_mechanism_screen_s392005_20260910_r2,E1_RESPONSE_FUSED,train_concat_sat_active,3,3,3,1,1.0,1.0,1.0,1.0
a1_mechanism_screen_s392005_20260910_r2,E1_RESPONSE_FUSED,train_concat_sat_applied,3,3,3,1,0.27927927927927926,0.34234234234234234,0.3048048048048048,0.34234234234234234
a1_mechanism_screen_s392005_20260910_r2,E1_RESPONSE_FUSED,train_concat_sat_clean_batch_size,3,3,3,1,128.0,128.0,128.0,128.0
a1_mechanism_screen_s392005_20260910_r2,E1_RESPONSE_FUSED,train_concat_sat_expanded,3,3,0,,0.0,0.0,0.0,0.0
a1_mechanism_screen_s392005_20260910_r2,E1_RESPONSE_FUSED,train_concat_sat_stage_index,3,3,0,,0.0,0.0,0.0,0.0
a1_mechanism_screen_s392005_20260910_r2,E1_RESPONSE_FUSED,train_concat_sat_stage_start_epoch,3,3,3,1,1.0,1.0,1.0,1.0
a1_mechanism_screen_s392005_20260910_r2,E1_RESPONSE_FUSED,train_concat_sat_total_batch_size,3,3,3,1,128.0,128.0,128.0,128.0
a1_mechanism_screen_s392005_20260910_r2,E1_RESPONSE_FUSED,train_concat_sat_view_prob,3,3,3,1,0.29999999999999877,0.29999999999999877,0.29999999999999877,0.29999999999999877
a1_mechanism_screen_s392005_20260910_r2,E1_RESPONSE_FUSED,train_daot_batched_view_count,3,3,0,,0.0,0.0,0.0,0.0
a1_mechanism_screen_s392005_20260910_r2,E1_RESPONSE_FUSED,train_daot_identity_only_used,3,3,0,,0.0,0.0,0.0,0.0
a1_mechanism_screen_s392005_20260910_r2,E1_RESPONSE_FUSED,train_daot_logit_coverage_weighting,3,3,0,,0.0,0.0,0.0,0.0
a1_mechanism_screen_s392005_20260910_r2,E1_RESPONSE_FUSED,train_daot_logit_weighted_contribution,3,3,0,,0.0,0.0,0.0,0.0
a1_mechanism_screen_s392005_20260910_r2,E1_RESPONSE_FUSED,train_daot_mean_metadata_skip_enabled,3,3,3,1,1.0,1.0,1.0,1.0
a1_mechanism_screen_s392005_20260910_r2,E1_RESPONSE_FUSED,train_daot_objective_computed,3,3,0,,0.0,0.0,0.0,0.0
a1_mechanism_screen_s392005_20260910_r2,E1_RESPONSE_FUSED,train_daot_orbit_scale,3,3,0,,0.0,0.0,0.0,0.0
a1_mechanism_screen_s392005_20260910_r2,E1_RESPONSE_FUSED,train_daot_proto_input_available,3,3,0,,0.0,0.0,0.0,0.0
a1_mechanism_screen_s392005_20260910_r2,E1_RESPONSE_FUSED,train_daot_scale_batched_enabled,3,3,3,1,1.0,1.0,1.0,1.0
a1_mechanism_screen_s392005_20260910_r2,E1_RESPONSE_FUSED,train_daot_tangent_scale,3,3,0,,0.0,0.0,0.0,0.0
a1_mechanism_screen_s392005_20260910_r2,E1_RESPONSE_FUSED,train_daot_teacher_view_count,3,3,0,,0.0,0.0,0.0,0.0
a1_mechanism_screen_s392005_20260910_r2,E1_RESPONSE_FUSED,train_daot_u_logit_weighted_contribution,3,3,0,,0.0,0.0,0.0,0.0
a1_mechanism_screen_s392005_20260910_r2,E1_RESPONSE_FUSED,train_daot_u_orbit_scale,3,3,0,,0.0,0.0,0.0,0.0
a1_mechanism_screen_s392005_20260910_r2,E1_RESPONSE_FUSED,train_dm_accept_local_component_class_coverage,3,3,0,,0.0,0.0,0.0,0.0
a1_mechanism_screen_s392005_20260910_r2,E1_RESPONSE_FUSED,train_ecrs_cross_rx_successful_steps,3,3,0,,0.0,0.0,0.0,0.0
a1_mechanism_screen_s392005_20260910_r2,E1_RESPONSE_FUSED,train_loss_cons_labeled,3,3,0,,0.0,0.0,0.0,0.0
a1_mechanism_screen_s392005_20260910_r2,E1_RESPONSE_FUSED,train_loss_daot_fingerprint,3,3,0,,0.0,0.0,0.0,0.0
a1_mechanism_screen_s392005_20260910_r2,E1_RESPONSE_FUSED,train_loss_daot_nuisance,3,3,0,,0.0,0.0,0.0,0.0
a1_mechanism_screen_s392005_20260910_r2,E1_RESPONSE_FUSED,train_loss_daot_orbit_logit,3,3,0,,0.0,0.0,0.0,0.0
a1_mechanism_screen_s392005_20260910_r2,E1_RESPONSE_FUSED,train_loss_daot_orbit_proto,3,3,0,,0.0,0.0,0.0,0.0
a1_mechanism_screen_s392005_20260910_r2,E1_RESPONSE_FUSED,train_loss_daot_orbit_relation,3,3,0,,0.0,0.0,0.0,0.0
a1_mechanism_screen_s392005_20260910_r2,E1_RESPONSE_FUSED,train_loss_daot_orbit_z,3,3,0,,0.0,0.0,0.0,0.0
a1_mechanism_screen_s392005_20260910_r2,E1_RESPONSE_FUSED,train_loss_daot_tangent,3,3,0,,0.0,0.0,0.0,0.0
a1_mechanism_screen_s392005_20260910_r2,E1_RESPONSE_FUSED,train_loss_daot_total,3,3,0,,0.0,0.0,0.0,0.0
a1_mechanism_screen_s392005_20260910_r2,E1_RESPONSE_FUSED,train_loss_daot_unlabeled,3,3,0,,0.0,0.0,0.0,0.0
a1_mechanism_screen_s392005_20260910_r2,E1_RESPONSE_FUSED,train_loss_group_ce_labeled,3,3,3,1,9.584818979641339,12.854265831612253,11.385877243391386,9.584818979641339
a1_mechanism_screen_s392005_20260910_r2,E1_RESPONSE_FUSED,train_loss_sat_cls_labeled,3,3,0,,0.0,0.0,0.0,0.0
a1_mechanism_screen_s392005_20260910_r2,E1_RESPONSE_FUSED,train_loss_sat_cons_labeled,3,3,0,,0.0,0.0,0.0,0.0
a1_mechanism_screen_s392005_20260910_r2,E1_RESPONSE_FUSED,train_os_gradient_nonfinite_bundle,3,3,0,,0.0,0.0,0.0,0.0
a1_mechanism_screen_s392005_20260910_r2,E1_RESPONSE_FUSED,train_rc4_effective_weighted_coverage,3,3,0,,0.0,0.0,0.0,0.0
a1_mechanism_screen_s392005_20260910_r2,E1_RESPONSE_FUSED,train_rc4_hard_effective_coverage,3,3,0,,0.0,0.0,0.0,0.0
a1_mechanism_screen_s392005_20260910_r2,E1_RESPONSE_FUSED,train_rc4_negative_effective_coverage,3,3,0,,0.0,0.0,0.0,0.0
a1_mechanism_screen_s392005_20260910_r2,E1_RESPONSE_FUSED,train_rc4_partial_effective_coverage,3,3,0,,0.0,0.0,0.0,0.0
a1_mechanism_screen_s392005_20260910_r2,E1_RESPONSE_FUSED,train_response_ce_weighted,3,3,3,1,0.23781358927219837,0.2675939725862967,0.25346245079695645,0.23781358927219837
a1_mechanism_screen_s392005_20260910_r2,E1_RESPONSE_FUSED,train_response_valid_count,3,3,3,1,128.0,128.0,128.0,128.0
a1_mechanism_screen_s392005_20260910_r2,E1_RESPONSE_FUSED,train_sat_anchor_class_coverage,3,3,0,,0.0,0.0,0.0,0.0
a1_mechanism_screen_s392005_20260910_r2,E1_RESPONSE_FUSED,train_sat_anchor_receiver_coverage,3,3,0,,0.0,0.0,0.0,0.0
a1_mechanism_screen_s392005_20260910_r2,E1_RESPONSE_FUSED,train_skipped_nonfinite_grad,3,3,2,1,0.0,0.009009009009009009,0.0045045045045045045,0.009009009009009009
a1_mechanism_screen_s392005_20260910_r2,E1_RESPONSE_FUSED,train_skipped_nonfinite_loss,3,3,0,,0.0,0.0,0.0,0.0
a1_mechanism_screen_s392005_20260910_r2,E1_RESPONSE_FUSED,train_tail_rollback_cooldown_remaining,3,3,0,,0.0,0.0,0.0,0.0
a1_mechanism_screen_s392005_20260910_r2,E1_RESPONSE_FUSED,train_w_loss_cons_labeled,3,3,0,,0.0,0.0,0.0,0.0
a1_mechanism_screen_s392005_20260910_r2,E1_RESPONSE_FUSED,train_w_loss_group_ce_labeled,3,3,3,1,0.7667855013598193,1.0283412409795296,0.9108701581890518,0.7667855013598193
a1_mechanism_screen_s392005_20260910_r2,E1_RESPONSE_FUSED,train_w_loss_sat_cls_labeled,3,3,0,,0.0,0.0,0.0,0.0
a1_mechanism_screen_s392005_20260910_r2,E1_RESPONSE_FUSED,train_w_loss_sat_cons_labeled,3,3,0,,0.0,0.0,0.0,0.0
a1_mechanism_screen_s392005_20260910_r2,E1_RESPONSE_FUSED,val_tx_acc,3,3,3,1,39.19259259259259,86.58888888888889,66.98765432098766,86.58888888888889
a1_mechanism_screen_s392005_20260910_r2,E2_RESPONSE_PAIR,concat_sat_ce_weight,3,3,3,1,1.0,1.0,1.0,1.0
a1_mechanism_screen_s392005_20260910_r2,E2_RESPONSE_PAIR,concat_sat_start_epoch,3,3,3,1,1.0,1.0,1.0,1.0
a1_mechanism_screen_s392005_20260910_r2,E2_RESPONSE_PAIR,group_ce_top_frac,3,3,3,1,0.35,0.35,0.3499999999999999,0.35
a1_mechanism_screen_s392005_20260910_r2,E2_RESPONSE_PAIR,joint_guard_paic_cooldown_remaining,3,3,0,,0.0,0.0,0.0,0.0
a1_mechanism_screen_s392005_20260910_r2,E2_RESPONSE_PAIR,lambda_cons,3,3,3,1,0.08,0.08,0.08,0.08
a1_mechanism_screen_s392005_20260910_r2,E2_RESPONSE_PAIR,lambda_group_ce,3,3,3,1,0.16,0.16,0.16,0.16
a1_mechanism_screen_s392005_20260910_r2,E2_RESPONSE_PAIR,loss_weight_group_ce,3,3,3,1,0.08,0.08,0.08,0.08
a1_mechanism_screen_s392005_20260910_r2,E2_RESPONSE_PAIR,lr,3,3,3,1,4e-05,0.00012,8e-05,0.00012
a1_mechanism_screen_s392005_20260910_r2,E2_RESPONSE_PAIR,nonfinite_test_metric_count,3,3,3,1,1.0,1.0,1.0,1.0
a1_mechanism_screen_s392005_20260910_r2,E2_RESPONSE_PAIR,nonfinite_train_metric_count,3,3,3,1,4.0,4.0,4.0,4.0
a1_mechanism_screen_s392005_20260910_r2,E2_RESPONSE_PAIR,nonfinite_val_metric_count,3,3,3,1,1.0,1.0,1.0,1.0
a1_mechanism_screen_s392005_20260910_r2,E2_RESPONSE_PAIR,phase2_audit_imports_balanced_tx_rx_sampler,3,3,3,1,1.0,1.0,1.0,1.0
a1_mechanism_screen_s392005_20260910_r2,E2_RESPONSE_PAIR,stage_group_ce_scale,3,3,3,1,0.5,0.5,0.5,0.5
a1_mechanism_screen_s392005_20260910_r2,E2_RESPONSE_PAIR,stage_source_val_sat_floor_tx,3,3,3,1,31.31111111111111,35.45925925925926,33.61851851851852,35.45925925925926
a1_mechanism_screen_s392005_20260910_r2,E2_RESPONSE_PAIR,stage_source_val_sat_mean_tx,3,3,3,1,31.977777777777778,36.03950617283951,34.175720164609054,36.03950617283951
a1_mechanism_screen_s392005_20260910_r2,E2_RESPONSE_PAIR,stage_tail_rollback_cooldown_remaining,3,3,0,,0.0,0.0,0.0,0.0
a1_mechanism_screen_s392005_20260910_r2,E2_RESPONSE_PAIR,train_a1_ema_effective_decay,3,3,3,1,0.9900000000000024,0.9900000000000024,0.9900000000000024,0.9900000000000024
a1_mechanism_screen_s392005_20260910_r2,E2_RESPONSE_PAIR,train_a1_ema_successful_updates,3,3,3,1,110.5,552.6351351351351,331.87687687687685,552.6351351351351
a1_mechanism_screen_s392005_20260910_r2,E2_RESPONSE_PAIR,train_concat_sat_active,3,3,3,1,1.0,1.0,1.0,1.0
a1_mechanism_screen_s392005_20260910_r2,E2_RESPONSE_PAIR,train_concat_sat_applied,3,3,3,1,0.27927927927927926,0.34234234234234234,0.3048048048048048,0.34234234234234234
a1_mechanism_screen_s392005_20260910_r2,E2_RESPONSE_PAIR,train_concat_sat_clean_batch_size,3,3,3,1,128.0,128.0,128.0,128.0
a1_mechanism_screen_s392005_20260910_r2,E2_RESPONSE_PAIR,train_concat_sat_expanded,3,3,0,,0.0,0.0,0.0,0.0
a1_mechanism_screen_s392005_20260910_r2,E2_RESPONSE_PAIR,train_concat_sat_stage_index,3,3,0,,0.0,0.0,0.0,0.0
a1_mechanism_screen_s392005_20260910_r2,E2_RESPONSE_PAIR,train_concat_sat_stage_start_epoch,3,3,3,1,1.0,1.0,1.0,1.0
a1_mechanism_screen_s392005_20260910_r2,E2_RESPONSE_PAIR,train_concat_sat_total_batch_size,3,3,3,1,128.0,128.0,128.0,128.0
a1_mechanism_screen_s392005_20260910_r2,E2_RESPONSE_PAIR,train_concat_sat_view_prob,3,3,3,1,0.29999999999999877,0.29999999999999877,0.29999999999999877,0.29999999999999877
a1_mechanism_screen_s392005_20260910_r2,E2_RESPONSE_PAIR,train_daot_batched_view_count,3,3,0,,0.0,0.0,0.0,0.0
a1_mechanism_screen_s392005_20260910_r2,E2_RESPONSE_PAIR,train_daot_identity_only_used,3,3,0,,0.0,0.0,0.0,0.0
a1_mechanism_screen_s392005_20260910_r2,E2_RESPONSE_PAIR,train_daot_logit_coverage_weighting,3,3,0,,0.0,0.0,0.0,0.0
a1_mechanism_screen_s392005_20260910_r2,E2_RESPONSE_PAIR,train_daot_logit_weighted_contribution,3,3,0,,0.0,0.0,0.0,0.0
a1_mechanism_screen_s392005_20260910_r2,E2_RESPONSE_PAIR,train_daot_mean_metadata_skip_enabled,3,3,3,1,1.0,1.0,1.0,1.0
a1_mechanism_screen_s392005_20260910_r2,E2_RESPONSE_PAIR,train_daot_objective_computed,3,3,0,,0.0,0.0,0.0,0.0
a1_mechanism_screen_s392005_20260910_r2,E2_RESPONSE_PAIR,train_daot_orbit_scale,3,3,0,,0.0,0.0,0.0,0.0
a1_mechanism_screen_s392005_20260910_r2,E2_RESPONSE_PAIR,train_daot_proto_input_available,3,3,0,,0.0,0.0,0.0,0.0
a1_mechanism_screen_s392005_20260910_r2,E2_RESPONSE_PAIR,train_daot_scale_batched_enabled,3,3,3,1,1.0,1.0,1.0,1.0
a1_mechanism_screen_s392005_20260910_r2,E2_RESPONSE_PAIR,train_daot_tangent_scale,3,3,0,,0.0,0.0,0.0,0.0
a1_mechanism_screen_s392005_20260910_r2,E2_RESPONSE_PAIR,train_daot_teacher_view_count,3,3,0,,0.0,0.0,0.0,0.0
a1_mechanism_screen_s392005_20260910_r2,E2_RESPONSE_PAIR,train_daot_u_logit_weighted_contribution,3,3,0,,0.0,0.0,0.0,0.0
a1_mechanism_screen_s392005_20260910_r2,E2_RESPONSE_PAIR,train_daot_u_orbit_scale,3,3,0,,0.0,0.0,0.0,0.0
a1_mechanism_screen_s392005_20260910_r2,E2_RESPONSE_PAIR,train_dm_accept_local_component_class_coverage,3,3,0,,0.0,0.0,0.0,0.0
a1_mechanism_screen_s392005_20260910_r2,E2_RESPONSE_PAIR,train_ecrs_cross_rx_successful_steps,3,3,0,,0.0,0.0,0.0,0.0
a1_mechanism_screen_s392005_20260910_r2,E2_RESPONSE_PAIR,train_loss_cons_labeled,3,3,0,,0.0,0.0,0.0,0.0
a1_mechanism_screen_s392005_20260910_r2,E2_RESPONSE_PAIR,train_loss_daot_fingerprint,3,3,0,,0.0,0.0,0.0,0.0
a1_mechanism_screen_s392005_20260910_r2,E2_RESPONSE_PAIR,train_loss_daot_nuisance,3,3,0,,0.0,0.0,0.0,0.0
a1_mechanism_screen_s392005_20260910_r2,E2_RESPONSE_PAIR,train_loss_daot_orbit_logit,3,3,0,,0.0,0.0,0.0,0.0
a1_mechanism_screen_s392005_20260910_r2,E2_RESPONSE_PAIR,train_loss_daot_orbit_proto,3,3,0,,0.0,0.0,0.0,0.0
a1_mechanism_screen_s392005_20260910_r2,E2_RESPONSE_PAIR,train_loss_daot_orbit_relation,3,3,0,,0.0,0.0,0.0,0.0
a1_mechanism_screen_s392005_20260910_r2,E2_RESPONSE_PAIR,train_loss_daot_orbit_z,3,3,0,,0.0,0.0,0.0,0.0
a1_mechanism_screen_s392005_20260910_r2,E2_RESPONSE_PAIR,train_loss_daot_tangent,3,3,0,,0.0,0.0,0.0,0.0
a1_mechanism_screen_s392005_20260910_r2,E2_RESPONSE_PAIR,train_loss_daot_total,3,3,0,,0.0,0.0,0.0,0.0
a1_mechanism_screen_s392005_20260910_r2,E2_RESPONSE_PAIR,train_loss_daot_unlabeled,3,3,0,,0.0,0.0,0.0,0.0
a1_mechanism_screen_s392005_20260910_r2,E2_RESPONSE_PAIR,train_loss_group_ce_labeled,3,3,3,1,9.554497577048636,12.85421796747156,11.375131678652835,9.554497577048636
a1_mechanism_screen_s392005_20260910_r2,E2_RESPONSE_PAIR,train_loss_sat_cls_labeled,3,3,0,,0.0,0.0,0.0,0.0
a1_mechanism_screen_s392005_20260910_r2,E2_RESPONSE_PAIR,train_loss_sat_cons_labeled,3,3,0,,0.0,0.0,0.0,0.0
a1_mechanism_screen_s392005_20260910_r2,E2_RESPONSE_PAIR,train_os_gradient_nonfinite_bundle,3,3,0,,0.0,0.0,0.0,0.0
a1_mechanism_screen_s392005_20260910_r2,E2_RESPONSE_PAIR,train_rc4_effective_weighted_coverage,3,3,0,,0.0,0.0,0.0,0.0
a1_mechanism_screen_s392005_20260910_r2,E2_RESPONSE_PAIR,train_rc4_hard_effective_coverage,3,3,0,,0.0,0.0,0.0,0.0
a1_mechanism_screen_s392005_20260910_r2,E2_RESPONSE_PAIR,train_rc4_negative_effective_coverage,3,3,0,,0.0,0.0,0.0,0.0
a1_mechanism_screen_s392005_20260910_r2,E2_RESPONSE_PAIR,train_rc4_partial_effective_coverage,3,3,0,,0.0,0.0,0.0,0.0
a1_mechanism_screen_s392005_20260910_r2,E2_RESPONSE_PAIR,train_response_ce_weighted,3,3,3,1,0.23777585980054494,0.2675938547194541,0.25344842945312235,0.23777585980054494
a1_mechanism_screen_s392005_20260910_r2,E2_RESPONSE_PAIR,train_response_valid_count,3,3,3,1,128.0,128.0,128.0,128.0
a1_mechanism_screen_s392005_20260910_r2,E2_RESPONSE_PAIR,train_sat_anchor_class_coverage,3,3,0,,0.0,0.0,0.0,0.0
a1_mechanism_screen_s392005_20260910_r2,E2_RESPONSE_PAIR,train_sat_anchor_receiver_coverage,3,3,0,,0.0,0.0,0.0,0.0
a1_mechanism_screen_s392005_20260910_r2,E2_RESPONSE_PAIR,train_skipped_nonfinite_grad,3,3,3,1,0.0045045045045045045,0.0045045045045045045,0.0045045045045045045,0.0045045045045045045
a1_mechanism_screen_s392005_20260910_r2,E2_RESPONSE_PAIR,train_skipped_nonfinite_loss,3,3,0,,0.0,0.0,0.0,0.0
a1_mechanism_screen_s392005_20260910_r2,E2_RESPONSE_PAIR,train_tail_rollback_cooldown_remaining,3,3,0,,0.0,0.0,0.0,0.0
a1_mechanism_screen_s392005_20260910_r2,E2_RESPONSE_PAIR,train_w_loss_cons_labeled,3,3,0,,0.0,0.0,0.0,0.0
a1_mechanism_screen_s392005_20260910_r2,E2_RESPONSE_PAIR,train_w_loss_group_ce_labeled,3,3,3,1,0.7643597905968761,1.0283374136632628,0.9100105143613644,0.7643597905968761
a1_mechanism_screen_s392005_20260910_r2,E2_RESPONSE_PAIR,train_w_loss_sat_cls_labeled,3,3,0,,0.0,0.0,0.0,0.0
a1_mechanism_screen_s392005_20260910_r2,E2_RESPONSE_PAIR,train_w_loss_sat_cons_labeled,3,3,0,,0.0,0.0,0.0,0.0
a1_mechanism_screen_s392005_20260910_r2,E2_RESPONSE_PAIR,val_tx_acc,3,3,3,1,39.81481481481482,86.87407407407407,66.97283950617283,86.87407407407407
a1_mechanism_screen_s392005_20260910_r2,F0_R3_REFERENCE,concat_sat_ce_weight,8,8,8,1,1.0,1.0,1.0,1.0
a1_mechanism_screen_s392005_20260910_r2,F0_R3_REFERENCE,concat_sat_start_epoch,8,8,8,1,1.0,1.0,1.0,1.0
a1_mechanism_screen_s392005_20260910_r2,F0_R3_REFERENCE,group_ce_top_frac,8,8,8,1,0.35,0.35,0.35,0.35
a1_mechanism_screen_s392005_20260910_r2,F0_R3_REFERENCE,joint_guard_paic_cooldown_remaining,8,8,0,,0.0,0.0,0.0,0.0
a1_mechanism_screen_s392005_20260910_r2,F0_R3_REFERENCE,lambda_cons,8,8,8,1,0.08,0.08,0.08,0.08
a1_mechanism_screen_s392005_20260910_r2,F0_R3_REFERENCE,lambda_group_ce,8,8,8,1,0.16,0.16,0.16,0.16
a1_mechanism_screen_s392005_20260910_r2,F0_R3_REFERENCE,loss_weight_group_ce,8,8,8,1,0.08,0.08,0.08,0.08
a1_mechanism_screen_s392005_20260910_r2,F0_R3_REFERENCE,lr,8,8,8,1,4e-05,0.0002,0.00014998829693475515,0.00019992510194101246
a1_mechanism_screen_s392005_20260910_r2,F0_R3_REFERENCE,nonfinite_test_metric_count,8,8,8,1,1.0,1.0,1.0,1.0
a1_mechanism_screen_s392005_20260910_r2,F0_R3_REFERENCE,nonfinite_train_metric_count,8,8,8,1,4.0,4.0,4.0,4.0
a1_mechanism_screen_s392005_20260910_r2,F0_R3_REFERENCE,nonfinite_val_metric_count,8,8,8,1,1.0,1.0,1.0,1.0
a1_mechanism_screen_s392005_20260910_r2,F0_R3_REFERENCE,phase2_audit_imports_balanced_tx_rx_sampler,8,8,8,1,1.0,1.0,1.0,1.0
a1_mechanism_screen_s392005_20260910_r2,F0_R3_REFERENCE,stage_group_ce_scale,8,8,8,1,0.5,0.5,0.5,0.5
a1_mechanism_screen_s392005_20260910_r2,F0_R3_REFERENCE,stage_source_val_sat_floor_tx,8,8,8,1,25.35185185185185,41.022222222222226,35.09861111111111,41.022222222222226
a1_mechanism_screen_s392005_20260910_r2,F0_R3_REFERENCE,stage_source_val_sat_mean_tx,8,8,8,1,25.923456790123456,41.818518518518516,35.61651234567901,41.818518518518516
a1_mechanism_screen_s392005_20260910_r2,F0_R3_REFERENCE,stage_tail_rollback_cooldown_remaining,8,8,0,,0.0,0.0,0.0,0.0
a1_mechanism_screen_s392005_20260910_r2,F0_R3_REFERENCE,train_a1_ema_effective_decay,8,8,8,1,0.9900000000000023,0.9900000000000024,0.9900000000000024,0.9900000000000024
a1_mechanism_screen_s392005_20260910_r2,F0_R3_REFERENCE,train_a1_ema_successful_updates,8,8,8,1,110.5,1661.5,885.3648648648649,1661.5
a1_mechanism_screen_s392005_20260910_r2,F0_R3_REFERENCE,train_concat_sat_active,8,8,8,1,1.0,1.0,1.0,1.0
a1_mechanism_screen_s392005_20260910_r2,F0_R3_REFERENCE,train_concat_sat_applied,8,8,8,1,0.27927927927927926,0.35135135135135137,0.3113738738738739,0.2927927927927928
a1_mechanism_screen_s392005_20260910_r2,F0_R3_REFERENCE,train_concat_sat_clean_batch_size,8,8,8,1,128.0,128.0,128.0,128.0
a1_mechanism_screen_s392005_20260910_r2,F0_R3_REFERENCE,train_concat_sat_expanded,8,8,0,,0.0,0.0,0.0,0.0
a1_mechanism_screen_s392005_20260910_r2,F0_R3_REFERENCE,train_concat_sat_stage_index,8,8,0,,0.0,0.0,0.0,0.0
a1_mechanism_screen_s392005_20260910_r2,F0_R3_REFERENCE,train_concat_sat_stage_start_epoch,8,8,8,1,1.0,1.0,1.0,1.0
a1_mechanism_screen_s392005_20260910_r2,F0_R3_REFERENCE,train_concat_sat_total_batch_size,8,8,8,1,128.0,128.0,128.0,128.0
a1_mechanism_screen_s392005_20260910_r2,F0_R3_REFERENCE,train_concat_sat_view_prob,8,8,8,1,0.29999999999999877,0.29999999999999877,0.29999999999999877,0.29999999999999877
a1_mechanism_screen_s392005_20260910_r2,F0_R3_REFERENCE,train_daot_batched_view_count,8,8,0,,0.0,0.0,0.0,0.0
a1_mechanism_screen_s392005_20260910_r2,F0_R3_REFERENCE,train_daot_identity_only_used,8,8,0,,0.0,0.0,0.0,0.0
a1_mechanism_screen_s392005_20260910_r2,F0_R3_REFERENCE,train_daot_logit_coverage_weighting,8,8,0,,0.0,0.0,0.0,0.0
a1_mechanism_screen_s392005_20260910_r2,F0_R3_REFERENCE,train_daot_logit_weighted_contribution,8,8,0,,0.0,0.0,0.0,0.0
a1_mechanism_screen_s392005_20260910_r2,F0_R3_REFERENCE,train_daot_mean_metadata_skip_enabled,8,8,8,1,1.0,1.0,1.0,1.0
a1_mechanism_screen_s392005_20260910_r2,F0_R3_REFERENCE,train_daot_objective_computed,8,8,0,,0.0,0.0,0.0,0.0
a1_mechanism_screen_s392005_20260910_r2,F0_R3_REFERENCE,train_daot_orbit_scale,8,8,0,,0.0,0.0,0.0,0.0
a1_mechanism_screen_s392005_20260910_r2,F0_R3_REFERENCE,train_daot_proto_input_available,8,8,0,,0.0,0.0,0.0,0.0
a1_mechanism_screen_s392005_20260910_r2,F0_R3_REFERENCE,train_daot_scale_batched_enabled,8,8,8,1,1.0,1.0,1.0,1.0
a1_mechanism_screen_s392005_20260910_r2,F0_R3_REFERENCE,train_daot_tangent_scale,8,8,0,,0.0,0.0,0.0,0.0
a1_mechanism_screen_s392005_20260910_r2,F0_R3_REFERENCE,train_daot_teacher_view_count,8,8,0,,0.0,0.0,0.0,0.0
a1_mechanism_screen_s392005_20260910_r2,F0_R3_REFERENCE,train_daot_u_logit_weighted_contribution,8,8,0,,0.0,0.0,0.0,0.0
a1_mechanism_screen_s392005_20260910_r2,F0_R3_REFERENCE,train_daot_u_orbit_scale,8,8,0,,0.0,0.0,0.0,0.0
a1_mechanism_screen_s392005_20260910_r2,F0_R3_REFERENCE,train_dm_accept_local_component_class_coverage,8,8,0,,0.0,0.0,0.0,0.0
a1_mechanism_screen_s392005_20260910_r2,F0_R3_REFERENCE,train_ecrs_cross_rx_successful_steps,8,8,0,,0.0,0.0,0.0,0.0
a1_mechanism_screen_s392005_20260910_r2,F0_R3_REFERENCE,train_loss_cons_labeled,8,8,0,,0.0,0.0,0.0,0.0
a1_mechanism_screen_s392005_20260910_r2,F0_R3_REFERENCE,train_loss_daot_fingerprint,8,8,0,,0.0,0.0,0.0,0.0
a1_mechanism_screen_s392005_20260910_r2,F0_R3_REFERENCE,train_loss_daot_nuisance,8,8,0,,0.0,0.0,0.0,0.0
a1_mechanism_screen_s392005_20260910_r2,F0_R3_REFERENCE,train_loss_daot_orbit_logit,8,8,0,,0.0,0.0,0.0,0.0
a1_mechanism_screen_s392005_20260910_r2,F0_R3_REFERENCE,train_loss_daot_orbit_proto,8,8,0,,0.0,0.0,0.0,0.0
a1_mechanism_screen_s392005_20260910_r2,F0_R3_REFERENCE,train_loss_daot_orbit_relation,8,8,0,,0.0,0.0,0.0,0.0
a1_mechanism_screen_s392005_20260910_r2,F0_R3_REFERENCE,train_loss_daot_orbit_z,8,8,0,,0.0,0.0,0.0,0.0
a1_mechanism_screen_s392005_20260910_r2,F0_R3_REFERENCE,train_loss_daot_tangent,8,8,0,,0.0,0.0,0.0,0.0
a1_mechanism_screen_s392005_20260910_r2,F0_R3_REFERENCE,train_loss_daot_total,8,8,0,,0.0,0.0,0.0,0.0
a1_mechanism_screen_s392005_20260910_r2,F0_R3_REFERENCE,train_loss_daot_unlabeled,8,8,0,,0.0,0.0,0.0,0.0
a1_mechanism_screen_s392005_20260910_r2,F0_R3_REFERENCE,train_loss_group_ce_labeled,8,8,8,1,4.833818263835735,12.868010731430742,7.799974164044535,4.833818263835735
a1_mechanism_screen_s392005_20260910_r2,F0_R3_REFERENCE,train_loss_sat_cls_labeled,8,8,0,,0.0,0.0,0.0,0.0
a1_mechanism_screen_s392005_20260910_r2,F0_R3_REFERENCE,train_loss_sat_cons_labeled,8,8,0,,0.0,0.0,0.0,0.0
a1_mechanism_screen_s392005_20260910_r2,F0_R3_REFERENCE,train_os_gradient_nonfinite_bundle,8,8,0,,0.0,0.0,0.0,0.0
a1_mechanism_screen_s392005_20260910_r2,F0_R3_REFERENCE,train_r3_l_s_aux_scale,8,8,8,1,1.0,1.0,1.0,1.0
a1_mechanism_screen_s392005_20260910_r2,F0_R3_REFERENCE,train_r3_l_s_eta_raw,8,8,0,,0.0,0.0,0.0,0.0
a1_mechanism_screen_s392005_20260910_r2,F0_R3_REFERENCE,train_r3_l_s_eta_valid,8,8,0,,0.0,0.0,0.0,0.0
a1_mechanism_screen_s392005_20260910_r2,F0_R3_REFERENCE,train_r3_l_s_eta_weighted,8,8,0,,0.0,0.0,0.0,0.0
a1_mechanism_screen_s392005_20260910_r2,F0_R3_REFERENCE,train_r3_l_s_loss,8,8,8,1,4.876853588465098,28.448897971763266,9.62741184288317,4.876853588465098
a1_mechanism_screen_s392005_20260910_r2,F0_R3_REFERENCE,train_r3_l_s_pairs,8,8,8,1,128.0,128.0,128.0,128.0
a1_mechanism_screen_s392005_20260910_r2,F0_R3_REFERENCE,train_r3_l_s_self_active,8,8,8,1,1.0,1.0,1.0,1.0
a1_mechanism_screen_s392005_20260910_r2,F0_R3_REFERENCE,train_r3_l_s_self_raw,8,8,8,1,4.876853588465098,28.448897971763266,9.62741184288317,4.876853588465098
a1_mechanism_screen_s392005_20260910_r2,F0_R3_REFERENCE,train_r3_l_s_self_weighted,8,8,8,1,4.876853588465098,28.448897971763266,9.62741184288317,4.876853588465098
a1_mechanism_screen_s392005_20260910_r2,F0_R3_REFERENCE,train_r3_l_s_shared_active,8,8,0,,0.0,0.0,0.0,0.0
a1_mechanism_screen_s392005_20260910_r2,F0_R3_REFERENCE,train_r3_l_s_shared_raw,8,8,0,,0.0,0.0,0.0,0.0
a1_mechanism_screen_s392005_20260910_r2,F0_R3_REFERENCE,train_r3_l_s_shared_weighted,8,8,0,,0.0,0.0,0.0,0.0
a1_mechanism_screen_s392005_20260910_r2,F0_R3_REFERENCE,train_r3_l_s_swap_active,8,8,0,,0.0,0.0,0.0,0.0
a1_mechanism_screen_s392005_20260910_r2,F0_R3_REFERENCE,train_r3_l_s_swap_raw,8,8,0,,0.0,0.0,0.0,0.0
a1_mechanism_screen_s392005_20260910_r2,F0_R3_REFERENCE,train_r3_l_s_swap_weighted,8,8,0,,0.0,0.0,0.0,0.0
a1_mechanism_screen_s392005_20260910_r2,F0_R3_REFERENCE,train_r3_u_s_aux_scale,8,8,8,1,1.0,1.0,1.0,1.0
a1_mechanism_screen_s392005_20260910_r2,F0_R3_REFERENCE,train_r3_u_s_eta_raw,8,8,0,,0.0,0.0,0.0,0.0
a1_mechanism_screen_s392005_20260910_r2,F0_R3_REFERENCE,train_r3_u_s_eta_valid,8,8,0,,0.0,0.0,0.0,0.0
a1_mechanism_screen_s392005_20260910_r2,F0_R3_REFERENCE,train_r3_u_s_eta_weighted,8,8,0,,0.0,0.0,0.0,0.0
a1_mechanism_screen_s392005_20260910_r2,F0_R3_REFERENCE,train_r3_u_s_loss,8,8,8,1,4.874567779334816,28.4484251297272,9.625248236967638,4.874567779334816
a1_mechanism_screen_s392005_20260910_r2,F0_R3_REFERENCE,train_r3_u_s_pairs,8,8,8,1,255.40540540540542,255.40540540540542,255.40540540540542,255.40540540540542
a1_mechanism_screen_s392005_20260910_r2,F0_R3_REFERENCE,train_r3_u_s_self_active,8,8,8,1,1.0,1.0,1.0,1.0
a1_mechanism_screen_s392005_20260910_r2,F0_R3_REFERENCE,train_r3_u_s_self_raw,8,8,8,1,4.874567779334816,28.4484251297272,9.625248236967638,4.874567779334816
a1_mechanism_screen_s392005_20260910_r2,F0_R3_REFERENCE,train_r3_u_s_self_weighted,8,8,8,1,4.874567779334816,28.4484251297272,9.625248236967638,4.874567779334816
a1_mechanism_screen_s392005_20260910_r2,F0_R3_REFERENCE,train_r3_u_s_shared_active,8,8,0,,0.0,0.0,0.0,0.0
a1_mechanism_screen_s392005_20260910_r2,F0_R3_REFERENCE,train_r3_u_s_shared_raw,8,8,0,,0.0,0.0,0.0,0.0
a1_mechanism_screen_s392005_20260910_r2,F0_R3_REFERENCE,train_r3_u_s_shared_weighted,8,8,0,,0.0,0.0,0.0,0.0
a1_mechanism_screen_s392005_20260910_r2,F0_R3_REFERENCE,train_r3_u_s_swap_active,8,8,0,,0.0,0.0,0.0,0.0
a1_mechanism_screen_s392005_20260910_r2,F0_R3_REFERENCE,train_r3_u_s_swap_raw,8,8,0,,0.0,0.0,0.0,0.0
a1_mechanism_screen_s392005_20260910_r2,F0_R3_REFERENCE,train_r3_u_s_swap_weighted,8,8,0,,0.0,0.0,0.0,0.0
a1_mechanism_screen_s392005_20260910_r2,F0_R3_REFERENCE,train_rc4_effective_weighted_coverage,8,8,0,,0.0,0.0,0.0,0.0
a1_mechanism_screen_s392005_20260910_r2,F0_R3_REFERENCE,train_rc4_hard_effective_coverage,8,8,0,,0.0,0.0,0.0,0.0
a1_mechanism_screen_s392005_20260910_r2,F0_R3_REFERENCE,train_rc4_negative_effective_coverage,8,8,0,,0.0,0.0,0.0,0.0
a1_mechanism_screen_s392005_20260910_r2,F0_R3_REFERENCE,train_rc4_partial_effective_coverage,8,8,0,,0.0,0.0,0.0,0.0
a1_mechanism_screen_s392005_20260910_r2,F0_R3_REFERENCE,train_sat_anchor_class_coverage,8,8,0,,0.0,0.0,0.0,0.0
a1_mechanism_screen_s392005_20260910_r2,F0_R3_REFERENCE,train_sat_anchor_receiver_coverage,8,8,0,,0.0,0.0,0.0,0.0
a1_mechanism_screen_s392005_20260910_r2,F0_R3_REFERENCE,train_skipped_nonfinite_grad,8,8,3,1,0.0,0.009009009009009009,0.0022522522522522522,0.0
a1_mechanism_screen_s392005_20260910_r2,F0_R3_REFERENCE,train_skipped_nonfinite_loss,8,8,0,,0.0,0.0,0.0,0.0
a1_mechanism_screen_s392005_20260910_r2,F0_R3_REFERENCE,train_tail_rollback_cooldown_remaining,8,8,0,,0.0,0.0,0.0,0.0
a1_mechanism_screen_s392005_20260910_r2,F0_R3_REFERENCE,train_w_loss_cons_labeled,8,8,0,,0.0,0.0,0.0,0.0
a1_mechanism_screen_s392005_20260910_r2,F0_R3_REFERENCE,train_w_loss_group_ce_labeled,8,8,8,1,0.3867054530293555,1.0294408312251977,0.6239979186195981,0.3867054530293555
a1_mechanism_screen_s392005_20260910_r2,F0_R3_REFERENCE,train_w_loss_sat_cls_labeled,8,8,0,,0.0,0.0,0.0,0.0
a1_mechanism_screen_s392005_20260910_r2,F0_R3_REFERENCE,train_w_loss_sat_cons_labeled,8,8,0,,0.0,0.0,0.0,0.0
a1_mechanism_screen_s392005_20260910_r2,F0_R3_REFERENCE,val_tx_acc,8,8,8,1,28.340740740740742,95.32592592592593,82.3962962962963,95.32592592592593
a1_mechanism_screen_s392005_20260910_r2,F3_R3_SWAP,concat_sat_ce_weight,8,8,8,1,1.0,1.0,1.0,1.0
a1_mechanism_screen_s392005_20260910_r2,F3_R3_SWAP,concat_sat_start_epoch,8,8,8,1,1.0,1.0,1.0,1.0
a1_mechanism_screen_s392005_20260910_r2,F3_R3_SWAP,group_ce_top_frac,8,8,8,1,0.35,0.35,0.35,0.35
a1_mechanism_screen_s392005_20260910_r2,F3_R3_SWAP,joint_guard_paic_cooldown_remaining,8,8,0,,0.0,0.0,0.0,0.0
a1_mechanism_screen_s392005_20260910_r2,F3_R3_SWAP,lambda_cons,8,8,8,1,0.08,0.08,0.08,0.08
a1_mechanism_screen_s392005_20260910_r2,F3_R3_SWAP,lambda_group_ce,8,8,8,1,0.16,0.16,0.16,0.16
a1_mechanism_screen_s392005_20260910_r2,F3_R3_SWAP,loss_weight_group_ce,8,8,8,1,0.08,0.08,0.08,0.08
a1_mechanism_screen_s392005_20260910_r2,F3_R3_SWAP,lr,8,8,8,1,4e-05,0.0002,0.00014998829693475515,0.00019992510194101246
a1_mechanism_screen_s392005_20260910_r2,F3_R3_SWAP,nonfinite_test_metric_count,8,8,8,1,1.0,1.0,1.0,1.0
a1_mechanism_screen_s392005_20260910_r2,F3_R3_SWAP,nonfinite_train_metric_count,8,8,8,1,4.0,4.0,4.0,4.0
a1_mechanism_screen_s392005_20260910_r2,F3_R3_SWAP,nonfinite_val_metric_count,8,8,8,1,1.0,1.0,1.0,1.0
a1_mechanism_screen_s392005_20260910_r2,F3_R3_SWAP,phase2_audit_imports_balanced_tx_rx_sampler,8,8,8,1,1.0,1.0,1.0,1.0
a1_mechanism_screen_s392005_20260910_r2,F3_R3_SWAP,stage_group_ce_scale,8,8,8,1,0.5,0.5,0.5,0.5
a1_mechanism_screen_s392005_20260910_r2,F3_R3_SWAP,stage_source_val_sat_floor_tx,8,8,8,1,25.437037037037037,41.34074074074074,35.282407407407405,41.34074074074074
a1_mechanism_screen_s392005_20260910_r2,F3_R3_SWAP,stage_source_val_sat_mean_tx,8,8,8,1,26.03333333333333,41.88148148148148,35.787654320987656,41.88148148148148
a1_mechanism_screen_s392005_20260910_r2,F3_R3_SWAP,stage_tail_rollback_cooldown_remaining,8,8,0,,0.0,0.0,0.0,0.0
a1_mechanism_screen_s392005_20260910_r2,F3_R3_SWAP,train_a1_ema_effective_decay,8,8,8,1,0.9900000000000023,0.9900000000000024,0.9900000000000024,0.9900000000000024
a1_mechanism_screen_s392005_20260910_r2,F3_R3_SWAP,train_a1_ema_successful_updates,8,8,8,1,110.5,1661.5,885.3648648648649,1661.5
a1_mechanism_screen_s392005_20260910_r2,F3_R3_SWAP,train_concat_sat_active,8,8,8,1,1.0,1.0,1.0,1.0
a1_mechanism_screen_s392005_20260910_r2,F3_R3_SWAP,train_concat_sat_applied,8,8,8,1,0.27927927927927926,0.35135135135135137,0.3113738738738739,0.2927927927927928
a1_mechanism_screen_s392005_20260910_r2,F3_R3_SWAP,train_concat_sat_clean_batch_size,8,8,8,1,128.0,128.0,128.0,128.0
a1_mechanism_screen_s392005_20260910_r2,F3_R3_SWAP,train_concat_sat_expanded,8,8,0,,0.0,0.0,0.0,0.0
a1_mechanism_screen_s392005_20260910_r2,F3_R3_SWAP,train_concat_sat_stage_index,8,8,0,,0.0,0.0,0.0,0.0
a1_mechanism_screen_s392005_20260910_r2,F3_R3_SWAP,train_concat_sat_stage_start_epoch,8,8,8,1,1.0,1.0,1.0,1.0
a1_mechanism_screen_s392005_20260910_r2,F3_R3_SWAP,train_concat_sat_total_batch_size,8,8,8,1,128.0,128.0,128.0,128.0
a1_mechanism_screen_s392005_20260910_r2,F3_R3_SWAP,train_concat_sat_view_prob,8,8,8,1,0.29999999999999877,0.29999999999999877,0.29999999999999877,0.29999999999999877
a1_mechanism_screen_s392005_20260910_r2,F3_R3_SWAP,train_daot_batched_view_count,8,8,0,,0.0,0.0,0.0,0.0
a1_mechanism_screen_s392005_20260910_r2,F3_R3_SWAP,train_daot_identity_only_used,8,8,0,,0.0,0.0,0.0,0.0
a1_mechanism_screen_s392005_20260910_r2,F3_R3_SWAP,train_daot_logit_coverage_weighting,8,8,0,,0.0,0.0,0.0,0.0
a1_mechanism_screen_s392005_20260910_r2,F3_R3_SWAP,train_daot_logit_weighted_contribution,8,8,0,,0.0,0.0,0.0,0.0
a1_mechanism_screen_s392005_20260910_r2,F3_R3_SWAP,train_daot_mean_metadata_skip_enabled,8,8,8,1,1.0,1.0,1.0,1.0
a1_mechanism_screen_s392005_20260910_r2,F3_R3_SWAP,train_daot_objective_computed,8,8,0,,0.0,0.0,0.0,0.0
a1_mechanism_screen_s392005_20260910_r2,F3_R3_SWAP,train_daot_orbit_scale,8,8,0,,0.0,0.0,0.0,0.0
a1_mechanism_screen_s392005_20260910_r2,F3_R3_SWAP,train_daot_proto_input_available,8,8,0,,0.0,0.0,0.0,0.0
a1_mechanism_screen_s392005_20260910_r2,F3_R3_SWAP,train_daot_scale_batched_enabled,8,8,8,1,1.0,1.0,1.0,1.0
a1_mechanism_screen_s392005_20260910_r2,F3_R3_SWAP,train_daot_tangent_scale,8,8,0,,0.0,0.0,0.0,0.0
a1_mechanism_screen_s392005_20260910_r2,F3_R3_SWAP,train_daot_teacher_view_count,8,8,0,,0.0,0.0,0.0,0.0
a1_mechanism_screen_s392005_20260910_r2,F3_R3_SWAP,train_daot_u_logit_weighted_contribution,8,8,0,,0.0,0.0,0.0,0.0
a1_mechanism_screen_s392005_20260910_r2,F3_R3_SWAP,train_daot_u_orbit_scale,8,8,0,,0.0,0.0,0.0,0.0
a1_mechanism_screen_s392005_20260910_r2,F3_R3_SWAP,train_dm_accept_local_component_class_coverage,8,8,0,,0.0,0.0,0.0,0.0
a1_mechanism_screen_s392005_20260910_r2,F3_R3_SWAP,train_ecrs_cross_rx_successful_steps,8,8,0,,0.0,0.0,0.0,0.0
a1_mechanism_screen_s392005_20260910_r2,F3_R3_SWAP,train_loss_cons_labeled,8,8,0,,0.0,0.0,0.0,0.0
a1_mechanism_screen_s392005_20260910_r2,F3_R3_SWAP,train_loss_daot_fingerprint,8,8,0,,0.0,0.0,0.0,0.0
a1_mechanism_screen_s392005_20260910_r2,F3_R3_SWAP,train_loss_daot_nuisance,8,8,0,,0.0,0.0,0.0,0.0
a1_mechanism_screen_s392005_20260910_r2,F3_R3_SWAP,train_loss_daot_orbit_logit,8,8,0,,0.0,0.0,0.0,0.0
a1_mechanism_screen_s392005_20260910_r2,F3_R3_SWAP,train_loss_daot_orbit_proto,8,8,0,,0.0,0.0,0.0,0.0
a1_mechanism_screen_s392005_20260910_r2,F3_R3_SWAP,train_loss_daot_orbit_relation,8,8,0,,0.0,0.0,0.0,0.0
a1_mechanism_screen_s392005_20260910_r2,F3_R3_SWAP,train_loss_daot_orbit_z,8,8,0,,0.0,0.0,0.0,0.0
a1_mechanism_screen_s392005_20260910_r2,F3_R3_SWAP,train_loss_daot_tangent,8,8,0,,0.0,0.0,0.0,0.0
a1_mechanism_screen_s392005_20260910_r2,F3_R3_SWAP,train_loss_daot_total,8,8,0,,0.0,0.0,0.0,0.0
a1_mechanism_screen_s392005_20260910_r2,F3_R3_SWAP,train_loss_daot_unlabeled,8,8,0,,0.0,0.0,0.0,0.0
a1_mechanism_screen_s392005_20260910_r2,F3_R3_SWAP,train_loss_group_ce_labeled,8,8,8,1,4.801665804407618,12.867865158630922,7.797137830708478,4.801665804407618
a1_mechanism_screen_s392005_20260910_r2,F3_R3_SWAP,train_loss_sat_cls_labeled,8,8,0,,0.0,0.0,0.0,0.0
a1_mechanism_screen_s392005_20260910_r2,F3_R3_SWAP,train_loss_sat_cons_labeled,8,8,0,,0.0,0.0,0.0,0.0
a1_mechanism_screen_s392005_20260910_r2,F3_R3_SWAP,train_os_gradient_nonfinite_bundle,8,8,0,,0.0,0.0,0.0,0.0
a1_mechanism_screen_s392005_20260910_r2,F3_R3_SWAP,train_r3_l_s_aux_scale,8,8,8,1,1.0,1.0,1.0,1.0
a1_mechanism_screen_s392005_20260910_r2,F3_R3_SWAP,train_r3_l_s_eta_raw,8,8,0,,0.0,0.0,0.0,0.0
a1_mechanism_screen_s392005_20260910_r2,F3_R3_SWAP,train_r3_l_s_eta_valid,8,8,0,,0.0,0.0,0.0,0.0
a1_mechanism_screen_s392005_20260910_r2,F3_R3_SWAP,train_r3_l_s_eta_weighted,8,8,0,,0.0,0.0,0.0,0.0
a1_mechanism_screen_s392005_20260910_r2,F3_R3_SWAP,train_r3_l_s_loss,8,8,8,1,4.878031417056247,28.44906543181823,9.623123206802317,4.878031417056247
a1_mechanism_screen_s392005_20260910_r2,F3_R3_SWAP,train_r3_l_s_pairs,8,8,8,1,128.0,128.0,128.0,128.0
a1_mechanism_screen_s392005_20260910_r2,F3_R3_SWAP,train_r3_l_s_self_active,8,8,8,1,1.0,1.0,1.0,1.0
a1_mechanism_screen_s392005_20260910_r2,F3_R3_SWAP,train_r3_l_s_self_raw,8,8,8,1,4.878031417056247,28.44906543181823,9.623123206802317,4.878031417056247
a1_mechanism_screen_s392005_20260910_r2,F3_R3_SWAP,train_r3_l_s_self_weighted,8,8,8,1,4.878031417056247,28.44906543181823,9.623123206802317,4.878031417056247
a1_mechanism_screen_s392005_20260910_r2,F3_R3_SWAP,train_r3_l_s_shared_active,8,8,0,,0.0,0.0,0.0,0.0
a1_mechanism_screen_s392005_20260910_r2,F3_R3_SWAP,train_r3_l_s_shared_raw,8,8,0,,0.0,0.0,0.0,0.0
a1_mechanism_screen_s392005_20260910_r2,F3_R3_SWAP,train_r3_l_s_shared_weighted,8,8,0,,0.0,0.0,0.0,0.0
a1_mechanism_screen_s392005_20260910_r2,F3_R3_SWAP,train_r3_l_s_swap_active,8,8,0,,0.0,0.0,0.0,0.0
a1_mechanism_screen_s392005_20260910_r2,F3_R3_SWAP,train_r3_l_s_swap_raw,8,8,0,,0.0,0.0,0.0,0.0
a1_mechanism_screen_s392005_20260910_r2,F3_R3_SWAP,train_r3_l_s_swap_weighted,8,8,0,,0.0,0.0,0.0,0.0
a1_mechanism_screen_s392005_20260910_r2,F3_R3_SWAP,train_r3_u_s_aux_scale,8,8,8,1,1.0,1.0,1.0,1.0
a1_mechanism_screen_s392005_20260910_r2,F3_R3_SWAP,train_r3_u_s_eta_raw,8,8,0,,0.0,0.0,0.0,0.0
a1_mechanism_screen_s392005_20260910_r2,F3_R3_SWAP,train_r3_u_s_eta_valid,8,8,0,,0.0,0.0,0.0,0.0
a1_mechanism_screen_s392005_20260910_r2,F3_R3_SWAP,train_r3_u_s_eta_weighted,8,8,0,,0.0,0.0,0.0,0.0
a1_mechanism_screen_s392005_20260910_r2,F3_R3_SWAP,train_r3_u_s_loss,8,8,8,1,4.875750277493451,28.44860180004223,9.620959164591524,4.875750277493451
a1_mechanism_screen_s392005_20260910_r2,F3_R3_SWAP,train_r3_u_s_pairs,8,8,8,1,255.40540540540542,255.40540540540542,255.40540540540542,255.40540540540542
a1_mechanism_screen_s392005_20260910_r2,F3_R3_SWAP,train_r3_u_s_self_active,8,8,8,1,1.0,1.0,1.0,1.0
a1_mechanism_screen_s392005_20260910_r2,F3_R3_SWAP,train_r3_u_s_self_raw,8,8,8,1,4.875750277493451,28.44860180004223,9.620959164591524,4.875750277493451
a1_mechanism_screen_s392005_20260910_r2,F3_R3_SWAP,train_r3_u_s_self_weighted,8,8,8,1,4.875750277493451,28.44860180004223,9.620959164591524,4.875750277493451
a1_mechanism_screen_s392005_20260910_r2,F3_R3_SWAP,train_r3_u_s_shared_active,8,8,0,,0.0,0.0,0.0,0.0
a1_mechanism_screen_s392005_20260910_r2,F3_R3_SWAP,train_r3_u_s_shared_raw,8,8,0,,0.0,0.0,0.0,0.0
a1_mechanism_screen_s392005_20260910_r2,F3_R3_SWAP,train_r3_u_s_shared_weighted,8,8,0,,0.0,0.0,0.0,0.0
a1_mechanism_screen_s392005_20260910_r2,F3_R3_SWAP,train_r3_u_s_swap_active,8,8,0,,0.0,0.0,0.0,0.0
a1_mechanism_screen_s392005_20260910_r2,F3_R3_SWAP,train_r3_u_s_swap_raw,8,8,0,,0.0,0.0,0.0,0.0
a1_mechanism_screen_s392005_20260910_r2,F3_R3_SWAP,train_r3_u_s_swap_weighted,8,8,0,,0.0,0.0,0.0,0.0
a1_mechanism_screen_s392005_20260910_r2,F3_R3_SWAP,train_rc4_effective_weighted_coverage,8,8,0,,0.0,0.0,0.0,0.0
a1_mechanism_screen_s392005_20260910_r2,F3_R3_SWAP,train_rc4_hard_effective_coverage,8,8,0,,0.0,0.0,0.0,0.0
a1_mechanism_screen_s392005_20260910_r2,F3_R3_SWAP,train_rc4_negative_effective_coverage,8,8,0,,0.0,0.0,0.0,0.0
a1_mechanism_screen_s392005_20260910_r2,F3_R3_SWAP,train_rc4_partial_effective_coverage,8,8,0,,0.0,0.0,0.0,0.0
a1_mechanism_screen_s392005_20260910_r2,F3_R3_SWAP,train_sat_anchor_class_coverage,8,8,0,,0.0,0.0,0.0,0.0
a1_mechanism_screen_s392005_20260910_r2,F3_R3_SWAP,train_sat_anchor_receiver_coverage,8,8,0,,0.0,0.0,0.0,0.0
a1_mechanism_screen_s392005_20260910_r2,F3_R3_SWAP,train_skipped_nonfinite_grad,8,8,3,1,0.0,0.009009009009009009,0.0022522522522522522,0.0
a1_mechanism_screen_s392005_20260910_r2,F3_R3_SWAP,train_skipped_nonfinite_loss,8,8,0,,0.0,0.0,0.0,0.0
a1_mechanism_screen_s392005_20260910_r2,F3_R3_SWAP,train_tail_rollback_cooldown_remaining,8,8,0,,0.0,0.0,0.0,0.0
a1_mechanism_screen_s392005_20260910_r2,F3_R3_SWAP,train_w_loss_cons_labeled,8,8,0,,0.0,0.0,0.0,0.0
a1_mechanism_screen_s392005_20260910_r2,F3_R3_SWAP,train_w_loss_group_ce_labeled,8,8,8,1,0.38413325462255393,1.0294291879142727,0.6237710124292822,0.38413325462255393
a1_mechanism_screen_s392005_20260910_r2,F3_R3_SWAP,train_w_loss_sat_cls_labeled,8,8,0,,0.0,0.0,0.0,0.0
a1_mechanism_screen_s392005_20260910_r2,F3_R3_SWAP,train_w_loss_sat_cons_labeled,8,8,0,,0.0,0.0,0.0,0.0
a1_mechanism_screen_s392005_20260910_r2,F3_R3_SWAP,val_tx_acc,8,8,8,1,28.29259259259259,95.72962962962963,82.76018518518518,95.72962962962963
a1_r3_budget_s392005_20260909_r2,R3_B120,concat_sat_ce_weight,120,120,120,1,1.0,1.0,1.0,1.0
a1_r3_budget_s392005_20260909_r2,R3_B120,concat_sat_start_epoch,120,120,120,1,1.0,1.0,1.0,1.0
a1_r3_budget_s392005_20260909_r2,R3_B120,group_ce_top_frac,120,120,120,1,0.35,0.35,0.35,0.35
a1_r3_budget_s392005_20260909_r2,R3_B120,joint_guard_paic_cooldown_remaining,120,120,0,,0.0,0.0,0.0,0.0
a1_r3_budget_s392005_20260909_r2,R3_B120,lambda_cons,120,120,120,1,0.08,0.08,0.08,0.08
a1_r3_budget_s392005_20260909_r2,R3_B120,lambda_group_ce,120,120,120,1,0.16,0.16,0.16,0.16
a1_r3_budget_s392005_20260909_r2,R3_B120,loss_weight_group_ce,120,120,120,1,0.08,0.16,0.14631096291101936,0.16
a1_r3_budget_s392005_20260909_r2,R3_B120,lr,120,120,120,1,1.0000000000000002e-06,0.0002,8.868339577306541e-05,1.0000000000000002e-06
a1_r3_budget_s392005_20260909_r2,R3_B120,nonfinite_test_metric_count,120,120,120,1,1.0,1.0,1.0,1.0
a1_r3_budget_s392005_20260909_r2,R3_B120,nonfinite_train_metric_count,120,120,120,1,4.0,4.0,4.0,4.0
a1_r3_budget_s392005_20260909_r2,R3_B120,nonfinite_val_metric_count,120,120,120,1,1.0,1.0,1.0,1.0
a1_r3_budget_s392005_20260909_r2,R3_B120,phase2_audit_imports_balanced_tx_rx_sampler,120,120,120,1,1.0,1.0,1.0,1.0
a1_r3_budget_s392005_20260909_r2,R3_B120,stage_group_ce_scale,120,120,120,1,0.5,1.0,0.9144435181938709,1.0
a1_r3_budget_s392005_20260909_r2,R3_B120,stage_source_val_sat_floor_tx,120,120,120,1,25.35185185185185,88.87407407407407,75.44283950617283,88.87037037037037
a1_r3_budget_s392005_20260909_r2,R3_B120,stage_source_val_sat_mean_tx,120,120,120,1,25.85679012345679,89.89753086419752,76.54504115226338,89.85061728395061
a1_r3_budget_s392005_20260909_r2,R3_B120,stage_tail_rollback_cooldown_remaining,120,120,0,,0.0,0.0,0.0,0.0
a1_r3_budget_s392005_20260909_r2,R3_B120,train_a1_ema_effective_decay,120,120,120,1,0.9900000000000024,0.9989999999999969,0.9972916666666656,0.9989999999999969
a1_r3_budget_s392005_20260909_r2,R3_B120,train_a1_ema_successful_updates,120,120,120,1,110.5,26516.5,13312.387312312312,26516.5
a1_r3_budget_s392005_20260909_r2,R3_B120,train_concat_sat_active,120,120,120,1,1.0,1.0,1.0,1.0
a1_r3_budget_s392005_20260909_r2,R3_B120,train_concat_sat_applied,120,120,120,1,0.23873873873873874,0.8603603603603603,0.6487612612612613,0.8063063063063063
a1_r3_budget_s392005_20260909_r2,R3_B120,train_concat_sat_clean_batch_size,120,120,120,1,128.0,128.0,128.0,128.0
a1_r3_budget_s392005_20260909_r2,R3_B120,train_concat_sat_expanded,120,120,0,,0.0,0.0,0.0,0.0
a1_r3_budget_s392005_20260909_r2,R3_B120,train_concat_sat_stage_index,120,120,96,25,0.0,2.0,1.35,2.0
a1_r3_budget_s392005_20260909_r2,R3_B120,train_concat_sat_stage_start_epoch,120,120,120,1,1.0,55.0,36.7,55.0
a1_r3_budget_s392005_20260909_r2,R3_B120,train_concat_sat_total_batch_size,120,120,120,1,128.0,128.0,128.0,128.0
a1_r3_budget_s392005_20260909_r2,R3_B120,train_concat_sat_view_prob,120,120,120,1,0.29999999999999877,0.8000000000000016,0.65,0.8000000000000016
a1_r3_budget_s392005_20260909_r2,R3_B120,train_daot_batched_view_count,120,120,108,13,0.0,1.0,0.9,1.0
a1_r3_budget_s392005_20260909_r2,R3_B120,train_daot_clean_teacher_weight,108,108,108,13,0.4999987742116859,0.5000014295717617,0.5000000679626201,0.5000006023559485
a1_r3_budget_s392005_20260909_r2,R3_B120,train_daot_consensus_rate,108,108,108,13,0.5174197635135135,0.9030123873873874,0.8051831128003003,0.8973113738738738
a1_r3_budget_s392005_20260909_r2,R3_B120,train_daot_fingerprint_selectivity,108,108,0,,0.0,0.0,0.0,0.0
a1_r3_budget_s392005_20260909_r2,R3_B120,train_daot_fingerprint_sensitivity,108,108,0,,0.0,0.0,0.0,0.0
a1_r3_budget_s392005_20260909_r2,R3_B120,train_daot_grad_ratio_fingerprint,4,4,0,,0.0,0.0,0.0,0.0
a1_r3_budget_s392005_20260909_r2,R3_B120,train_daot_grad_ratio_nuisance,4,4,4,13,1.6352860314225887e-09,1.6633328008077693e-08,7.374870166777192e-09,1.6633328008077693e-08
a1_r3_budget_s392005_20260909_r2,R3_B120,train_daot_grad_ratio_orbit_logit,4,4,4,13,2.93032591264916,13.467137033549687,6.381069783319303,13.467137033549687
a1_r3_budget_s392005_20260909_r2,R3_B120,train_daot_grad_ratio_orbit_proto,4,4,0,,0.0,0.0,0.0,0.0
a1_r3_budget_s392005_20260909_r2,R3_B120,train_daot_grad_ratio_orbit_relation,4,4,0,,0.0,0.0,0.0,0.0
a1_r3_budget_s392005_20260909_r2,R3_B120,train_daot_grad_ratio_orbit_z,4,4,4,13,0.00960284128298682,0.03302823544793709,0.01995321566281128,0.01890452511500924
a1_r3_budget_s392005_20260909_r2,R3_B120,train_daot_grad_ratio_tangent,4,4,0,,0.0,0.0,0.0,0.0
a1_r3_budget_s392005_20260909_r2,R3_B120,train_daot_identity_only_used,120,120,0,,0.0,0.0,0.0,0.0
a1_r3_budget_s392005_20260909_r2,R3_B120,train_daot_logit_coverage,108,108,108,13,0.4285879192857055,0.8796843021839589,0.7678262938375214,0.8734467094008987
a1_r3_budget_s392005_20260909_r2,R3_B120,train_daot_logit_coverage_weighting,120,120,0,,0.0,0.0,0.0,0.0
a1_r3_budget_s392005_20260909_r2,R3_B120,train_daot_logit_weighted_contribution,120,120,108,13,0.0,0.3380534672388085,0.2657867229798219,0.33479306665626735
a1_r3_budget_s392005_20260909_r2,R3_B120,train_daot_loss_scale_fingerprint,108,108,108,13,1.0,1.0,1.0,1.0
a1_r3_budget_s392005_20260909_r2,R3_B120,train_daot_loss_scale_nuisance,108,108,108,13,1.0,1.0,1.0,1.0
a1_r3_budget_s392005_20260909_r2,R3_B120,train_daot_loss_scale_orbit_logit,108,108,108,13,4.873802056620142,9.785144979885617,5.883969289242992,4.938101733172321
a1_r3_budget_s392005_20260909_r2,R3_B120,train_daot_loss_scale_orbit_proto,108,108,108,13,1.0,1.0,1.0,1.0
a1_r3_budget_s392005_20260909_r2,R3_B120,train_daot_loss_scale_orbit_relation,108,108,108,13,1.0,1.0,1.0,1.0
a1_r3_budget_s392005_20260909_r2,R3_B120,train_daot_loss_scale_orbit_z,108,108,108,13,0.06173401818973644,0.3581238468853229,0.09379402208309807,0.06205855337472096
a1_r3_budget_s392005_20260909_r2,R3_B120,train_daot_loss_scale_tangent,108,108,108,13,1.0,1.0,1.0,1.0
a1_r3_budget_s392005_20260909_r2,R3_B120,train_daot_mean_metadata_skip_enabled,120,120,0,,0.0,0.0,0.0,0.0
a1_r3_budget_s392005_20260909_r2,R3_B120,train_daot_nuisance_sensitivity,108,108,0,,0.0,0.0,0.0,0.0
a1_r3_budget_s392005_20260909_r2,R3_B120,train_daot_nuisance_sensitivity_agc,4,4,4,13,6.595341205596924,13.339106559753418,8.509516835212708,6.595341205596924
a1_r3_budget_s392005_20260909_r2,R3_B120,train_daot_nuisance_sensitivity_doppler,4,4,4,13,6.7214837074279785,13.628437995910645,8.732542991638184,6.7214837074279785
a1_r3_budget_s392005_20260909_r2,R3_B120,train_daot_nuisance_sensitivity_doppler_rate,4,4,4,13,6.627298355102539,13.461313247680664,8.595056056976318,6.627298355102539
a1_r3_budget_s392005_20260909_r2,R3_B120,train_daot_nuisance_sensitivity_multipath,4,4,4,13,6.611416816711426,13.346229553222656,8.510057210922241,6.611416816711426
a1_r3_budget_s392005_20260909_r2,R3_B120,train_daot_nuisance_sensitivity_phase_noise,4,4,4,13,6.604316234588623,13.323001861572266,8.507715106010437,6.604316234588623
a1_r3_budget_s392005_20260909_r2,R3_B120,train_daot_nuisance_sensitivity_sfo,4,4,4,13,6.60906982421875,13.335912704467773,8.511934041976929,6.60906982421875
a1_r3_budget_s392005_20260909_r2,R3_B120,train_daot_nuisance_sensitivity_snr,4,4,4,13,6.611991882324219,13.339319229125977,8.519391775131226,6.611991882324219
a1_r3_budget_s392005_20260909_r2,R3_B120,train_daot_nuisance_sensitivity_sto,4,4,4,13,6.651717185974121,13.467065811157227,8.561053276062012,6.651717185974121
a1_r3_budget_s392005_20260909_r2,R3_B120,train_daot_objective_computed,120,120,108,13,0.0,1.0,0.9,1.0
a1_r3_budget_s392005_20260909_r2,R3_B120,train_daot_orbit_dispersion,108,108,108,13,0.0063236856010851555,0.1698074034742407,0.024480543612394684,0.006620672743280863
a1_r3_budget_s392005_20260909_r2,R3_B120,train_daot_orbit_scale,120,120,108,13,0.0,1.0,0.7991666666666666,1.0
a1_r3_budget_s392005_20260909_r2,R3_B120,train_daot_proto_input_available,120,120,0,,0.0,0.0,0.0,0.0
a1_r3_budget_s392005_20260909_r2,R3_B120,train_daot_scale_batched_enabled,120,120,0,,0.0,0.0,0.0,0.0
a1_r3_budget_s392005_20260909_r2,R3_B120,train_daot_tangent_scale,120,120,84,37,0.0,1.0,0.49916666666666687,1.0
a1_r3_budget_s392005_20260909_r2,R3_B120,train_daot_teacher_effective_views,108,108,108,13,1.9999998630704106,2.0,1.9999999718434183,1.9999999769099124
a1_r3_budget_s392005_20260909_r2,R3_B120,train_daot_teacher_labeled_accuracy,108,108,108,13,0.8467412725225225,0.9767384572072072,0.9486850131381381,0.9699113175675675
a1_r3_budget_s392005_20260909_r2,R3_B120,train_daot_teacher_labeled_confidence,108,108,108,13,0.9086545994421383,0.9940492422194094,0.9815604071946076,0.9920043249924978
a1_r3_budget_s392005_20260909_r2,R3_B120,train_daot_teacher_view_count,120,120,108,13,0.0,2.0,1.8,2.0
a1_r3_budget_s392005_20260909_r2,R3_B120,train_daot_u_consensus_rate,108,108,108,13,0.5341476177847063,0.9213533718306739,0.8253958237207967,0.9209685363211073
a1_r3_budget_s392005_20260909_r2,R3_B120,train_daot_u_logit_coverage,108,108,108,13,0.4585673113663991,0.9015710235715987,0.7952152293276142,0.9009329349071056
a1_r3_budget_s392005_20260909_r2,R3_B120,train_daot_u_logit_weighted_contribution,120,120,108,13,0.0,0.07053013380851832,0.04963840586969272,0.058897351837708604
a1_r3_budget_s392005_20260909_r2,R3_B120,train_daot_u_orbit_dispersion,108,108,108,13,0.005506378403436896,0.1839028680109763,0.025468789133422955,0.005519674167976723
a1_r3_budget_s392005_20260909_r2,R3_B120,train_daot_u_orbit_scale,120,120,108,13,0.0,1.0,0.7991666666666666,1.0
a1_r3_budget_s392005_20260909_r2,R3_B120,train_daot_worst_bucket_elevation,4,4,4,13,0.1875,0.625,0.4296875,0.625
a1_r3_budget_s392005_20260909_r2,R3_B120,train_daot_worst_bucket_snr,4,4,4,13,0.125,0.625,0.3828125,0.625
a1_r3_budget_s392005_20260909_r2,R3_B120,train_dm_accept_local_component_class_coverage,120,120,0,,0.0,0.0,0.0,0.0
a1_r3_budget_s392005_20260909_r2,R3_B120,train_ecrs_cross_rx_successful_steps,120,120,0,,0.0,0.0,0.0,0.0
a1_r3_budget_s392005_20260909_r2,R3_B120,train_loss_cons_labeled,120,120,111,10,0.0,0.37918778153153154,0.11800188746180261,0.08953939901815879
a1_r3_budget_s392005_20260909_r2,R3_B120,train_loss_daot_fingerprint,120,120,0,,0.0,0.0,0.0,0.0
a1_r3_budget_s392005_20260909_r2,R3_B120,train_loss_daot_nuisance,120,120,108,13,0.0,0.5434135867131723,0.467479807606062,0.5150858146381808
a1_r3_budget_s392005_20260909_r2,R3_B120,train_loss_daot_orbit_logit,120,120,108,13,0.0,15.283389261176994,8.742996653019485,8.27507495450544
a1_r3_budget_s392005_20260909_r2,R3_B120,train_loss_daot_orbit_proto,120,120,0,,0.0,0.0,0.0,0.0
a1_r3_budget_s392005_20260909_r2,R3_B120,train_loss_daot_orbit_relation,120,120,0,,0.0,0.0,0.0,0.0
a1_r3_budget_s392005_20260909_r2,R3_B120,train_loss_daot_orbit_z,120,120,108,13,0.0,0.35971605213912755,0.08476146159584524,0.06302290434974271
a1_r3_budget_s392005_20260909_r2,R3_B120,train_loss_daot_tangent,120,120,0,,0.0,0.0,0.0,0.0
a1_r3_budget_s392005_20260909_r2,R3_B120,train_loss_daot_total,120,120,108,13,0.0,0.8466051594094113,0.6692072054076879,0.8425028606041057
a1_r3_budget_s392005_20260909_r2,R3_B120,train_loss_daot_unlabeled,120,120,108,13,0.0,0.566580652653634,0.44495444887502306,0.5502653564955737
a1_r3_budget_s392005_20260909_r2,R3_B120,train_loss_group_ce_labeled,120,120,120,1,1.8717980094186895,12.868059325862575,3.227456409344869,2.3028316964303053
a1_r3_budget_s392005_20260909_r2,R3_B120,train_loss_sat_cls_labeled,120,120,73,48,0.0,4.540343770656634,2.2099157006137196,3.3182526650830164
a1_r3_budget_s392005_20260909_r2,R3_B120,train_loss_sat_cons_labeled,120,120,0,,0.0,0.0,0.0,0.0
a1_r3_budget_s392005_20260909_r2,R3_B120,train_os_gradient_nonfinite_bundle,120,120,0,,0.0,0.0,0.0,0.0
a1_r3_budget_s392005_20260909_r2,R3_B120,train_r3_l_s_aux_scale,120,120,120,1,1.0,1.0,1.0,1.0
a1_r3_budget_s392005_20260909_r2,R3_B120,train_r3_l_s_eta_raw,120,120,0,,0.0,0.0,0.0,0.0
a1_r3_budget_s392005_20260909_r2,R3_B120,train_r3_l_s_eta_valid,120,120,0,,0.0,0.0,0.0,0.0
a1_r3_budget_s392005_20260909_r2,R3_B120,train_r3_l_s_eta_weighted,120,120,0,,0.0,0.0,0.0,0.0
a1_r3_budget_s392005_20260909_r2,R3_B120,train_r3_l_s_loss,120,120,120,1,1.3380428133784115,28.44914842725874,3.4949215067712753,1.3723258929209665
a1_r3_budget_s392005_20260909_r2,R3_B120,train_r3_l_s_pairs,120,120,120,1,128.0,128.0,128.0,128.0
a1_r3_budget_s392005_20260909_r2,R3_B120,train_r3_l_s_self_active,120,120,120,1,0.5,1.0,0.85,1.0
a1_r3_budget_s392005_20260909_r2,R3_B120,train_r3_l_s_self_raw,120,120,120,1,1.5805636934331946,28.44914842725874,3.3411089273454904,3.2144048106562986
a1_r3_budget_s392005_20260909_r2,R3_B120,train_r3_l_s_self_weighted,120,120,120,1,0.7868560708320893,28.44914842725874,2.7461721864839395,0.8036012026640746
a1_r3_budget_s392005_20260909_r2,R3_B120,train_r3_l_s_shared_active,120,120,95,26,0.0,1.0,0.6416666666666667,1.0
a1_r3_budget_s392005_20260909_r2,R3_B120,train_r3_l_s_shared_raw,120,120,96,25,0.0,0.7323456280403309,0.14883039296820044,0.06666997311687148
a1_r3_budget_s392005_20260909_r2,R3_B120,train_r3_l_s_shared_weighted,120,120,95,26,0.0,0.19148012217100677,0.08293609960433292,0.06666997311687148
a1_r3_budget_s392005_20260909_r2,R3_B120,train_r3_l_s_swap_active,120,120,95,26,0.0,1.0,0.6416666666666667,1.0
a1_r3_budget_s392005_20260909_r2,R3_B120,train_r3_l_s_swap_raw,120,120,96,25,0.0,2.2396798509735243,1.3068311052816408,2.0082188699696517
a1_r3_budget_s392005_20260909_r2,R3_B120,train_r3_l_s_swap_weighted,120,120,95,26,0.0,1.9526969065537323,0.6658132208416144,0.5020547174924129
a1_r3_budget_s392005_20260909_r2,R3_B120,train_r3_u_s_aux_scale,120,120,120,1,1.0,1.0,1.0,1.0
a1_r3_budget_s392005_20260909_r2,R3_B120,train_r3_u_s_eta_raw,120,120,0,,0.0,0.0,0.0,0.0
a1_r3_budget_s392005_20260909_r2,R3_B120,train_r3_u_s_eta_valid,120,120,0,,0.0,0.0,0.0,0.0
a1_r3_budget_s392005_20260909_r2,R3_B120,train_r3_u_s_eta_weighted,120,120,0,,0.0,0.0,0.0,0.0
a1_r3_budget_s392005_20260909_r2,R3_B120,train_r3_u_s_loss,120,120,120,1,1.3429044130686167,28.448676942705035,3.4992455655434824,1.3491585899043728
a1_r3_budget_s392005_20260909_r2,R3_B120,train_r3_u_s_pairs,120,120,120,1,255.40540540540542,255.40540540540542,255.40540540540542,255.40540540540542
a1_r3_budget_s392005_20260909_r2,R3_B120,train_r3_u_s_self_active,120,120,120,1,0.5,1.0,0.85,1.0
a1_r3_budget_s392005_20260909_r2,R3_B120,train_r3_u_s_self_raw,120,120,120,1,1.5812702007121868,28.448676942705035,3.34301663289915,3.171401262283325
a1_r3_budget_s392005_20260909_r2,R3_B120,train_r3_u_s_self_weighted,120,120,120,1,0.788290771815154,28.448676942705035,2.7474487766131266,0.7928503155708313
a1_r3_budget_s392005_20260909_r2,R3_B120,train_r3_u_s_shared_active,120,120,95,26,0.0,1.0,0.6416666666666667,1.0
a1_r3_budget_s392005_20260909_r2,R3_B120,train_r3_u_s_shared_raw,120,120,96,25,0.0,0.7324687559325416,0.14861019811839113,0.06634860539490038
a1_r3_budget_s392005_20260909_r2,R3_B120,train_r3_u_s_shared_weighted,120,120,95,26,0.0,0.1909606389634244,0.0828189049077964,0.06634860539490038
a1_r3_budget_s392005_20260909_r2,R3_B120,train_r3_u_s_swap_active,120,120,95,26,0.0,1.0,0.6416666666666667,1.0
a1_r3_budget_s392005_20260909_r2,R3_B120,train_r3_u_s_swap_raw,120,120,96,25,0.0,2.242278270893269,1.311366522849143,1.9598386674313932
a1_r3_budget_s392005_20260909_r2,R3_B120,train_r3_u_s_swap_weighted,120,120,95,26,0.0,1.954343830679988,0.6689778839923195,0.4899596668578483
a1_r3_budget_s392005_20260909_r2,R3_B120,train_rc4_effective_weighted_coverage,120,120,108,13,0.0,0.15000000408103875,0.03714156252097453,0.004830860060866218
a1_r3_budget_s392005_20260909_r2,R3_B120,train_rc4_hard_effective_coverage,120,120,107,13,0.0,0.07785939767554,0.01865880829959665,0.0048308600650613645
a1_r3_budget_s392005_20260909_r2,R3_B120,train_rc4_negative_effective_coverage,120,120,0,,0.0,0.0,0.0,0.0
a1_r3_budget_s392005_20260909_r2,R3_B120,train_rc4_partial_effective_coverage,120,120,42,13,0.0,0.14991131149702244,0.018482754127102884,0.0
a1_r3_budget_s392005_20260909_r2,R3_B120,train_sat_anchor_class_coverage,120,120,107,13,0.0,5.09009009009009,1.40259009009009,1.2387387387387387
a1_r3_budget_s392005_20260909_r2,R3_B120,train_sat_anchor_receiver_coverage,120,120,107,13,0.0,5.0,1.7884384384384384,1.2027027027027026
a1_r3_budget_s392005_20260909_r2,R3_B120,train_skipped_nonfinite_grad,120,120,13,1,0.0,0.0045045045045045045,0.000487987987987988,0.0
a1_r3_budget_s392005_20260909_r2,R3_B120,train_skipped_nonfinite_loss,120,120,0,,0.0,0.0,0.0,0.0
a1_r3_budget_s392005_20260909_r2,R3_B120,train_source_episode_local_component_coverage,109,109,109,12,1.0,1.0,1.0,1.0
a1_r3_budget_s392005_20260909_r2,R3_B120,train_tail_rollback_cooldown_remaining,120,120,0,,0.0,0.0,0.0,0.0
a1_r3_budget_s392005_20260909_r2,R3_B120,train_w_loss_cons_labeled,120,120,111,10,0.0,0.00803557387343398,0.00646484392183321,0.007163228215398015
a1_r3_budget_s392005_20260909_r2,R3_B120,train_w_loss_group_ce_labeled,120,120,120,1,0.2994876751122442,1.0294447256638124,0.43770103392068177,0.368453062525405
a1_r3_budget_s392005_20260909_r2,R3_B120,train_w_loss_sat_cls_labeled,120,120,73,48,0.0,3.0874338075434706,1.5027426922378515,2.256411843849262
a1_r3_budget_s392005_20260909_r2,R3_B120,train_w_loss_sat_cons_labeled,120,120,0,,0.0,0.0,0.0,0.0
a1_r3_budget_s392005_20260909_r2,R3_B120,val_tx_acc,120,120,120,1,28.622222222222224,98.46296296296296,97.1167901234568,98.44074074074074
a1_r3_budget_s392005_20260909_r2,R3_B160,concat_sat_ce_weight,160,160,160,1,1.0,1.0,1.0,1.0
a1_r3_budget_s392005_20260909_r2,R3_B160,concat_sat_start_epoch,160,160,160,1,1.0,1.0,1.0,1.0
a1_r3_budget_s392005_20260909_r2,R3_B160,group_ce_top_frac,160,160,160,1,0.35,0.35,0.35,0.35
a1_r3_budget_s392005_20260909_r2,R3_B160,joint_guard_paic_cooldown_remaining,160,160,0,,0.0,0.0,0.0,0.0
a1_r3_budget_s392005_20260909_r2,R3_B160,lambda_cons,160,160,160,1,0.08,0.08,0.08,0.08
a1_r3_budget_s392005_20260909_r2,R3_B160,lambda_group_ce,160,160,160,1,0.16,0.16,0.16,0.16
a1_r3_budget_s392005_20260909_r2,R3_B160,loss_weight_group_ce,160,160,160,1,0.08,0.16,0.14613285556355582,0.16
a1_r3_budget_s392005_20260909_r2,R3_B160,lr,160,160,160,1,1.0000000000000002e-06,0.0002,8.870004682979906e-05,1.0000000000000002e-06
a1_r3_budget_s392005_20260909_r2,R3_B160,nonfinite_test_metric_count,160,160,160,1,1.0,1.0,1.0,1.0
a1_r3_budget_s392005_20260909_r2,R3_B160,nonfinite_train_metric_count,160,160,160,1,4.0,4.0,4.0,4.0
a1_r3_budget_s392005_20260909_r2,R3_B160,nonfinite_val_metric_count,160,160,160,1,1.0,1.0,1.0,1.0
a1_r3_budget_s392005_20260909_r2,R3_B160,phase2_audit_imports_balanced_tx_rx_sampler,160,160,160,1,1.0,1.0,1.0,1.0
a1_r3_budget_s392005_20260909_r2,R3_B160,stage_group_ce_scale,160,160,160,1,0.5,1.0,0.9133303472722238,1.0
a1_r3_budget_s392005_20260909_r2,R3_B160,stage_source_val_sat_floor_tx,160,160,160,1,25.466666666666665,91.2925925925926,78.6137962962963,91.27777777777777
a1_r3_budget_s392005_20260909_r2,R3_B160,stage_source_val_sat_mean_tx,160,160,160,1,26.030864197530864,92.10987654320986,79.70548611111111,92.09012345679012
a1_r3_budget_s392005_20260909_r2,R3_B160,stage_tail_rollback_cooldown_remaining,160,160,0,,0.0,0.0,0.0,0.0
a1_r3_budget_s392005_20260909_r2,R3_B160,train_a1_ema_effective_decay,160,160,160,1,0.9900000000000024,0.9989999999999969,0.9972749999999989,0.9989999999999969
a1_r3_budget_s392005_20260909_r2,R3_B160,train_a1_ema_successful_updates,160,160,160,1,110.5,35391.5,17750.13330518018,35391.5
a1_r3_budget_s392005_20260909_r2,R3_B160,train_concat_sat_active,160,160,160,1,1.0,1.0,1.0,1.0
a1_r3_budget_s392005_20260909_r2,R3_B160,train_concat_sat_applied,160,160,160,1,0.23873873873873874,0.8603603603603603,0.651097972972973,0.8108108108108109
a1_r3_budget_s392005_20260909_r2,R3_B160,train_concat_sat_clean_batch_size,160,160,160,1,128.0,128.0,128.0,128.0
a1_r3_budget_s392005_20260909_r2,R3_B160,train_concat_sat_expanded,160,160,0,,0.0,0.0,0.0,0.0
a1_r3_budget_s392005_20260909_r2,R3_B160,train_concat_sat_stage_index,160,160,128,33,0.0,2.0,1.35,2.0
a1_r3_budget_s392005_20260909_r2,R3_B160,train_concat_sat_stage_start_epoch,160,160,160,1,1.0,73.0,48.6,73.0
a1_r3_budget_s392005_20260909_r2,R3_B160,train_concat_sat_total_batch_size,160,160,160,1,128.0,128.0,128.0,128.0
a1_r3_budget_s392005_20260909_r2,R3_B160,train_concat_sat_view_prob,160,160,160,1,0.29999999999999877,0.8000000000000016,0.65,0.8000000000000016
a1_r3_budget_s392005_20260909_r2,R3_B160,train_daot_batched_view_count,160,160,144,17,0.0,1.0,0.9,1.0
a1_r3_budget_s392005_20260909_r2,R3_B160,train_daot_clean_teacher_weight,144,144,144,17,0.4999984340356277,0.5000019786325661,0.4999999688179405,0.4999999559677399
a1_r3_budget_s392005_20260909_r2,R3_B160,train_daot_consensus_rate,144,144,144,17,0.5394847972972973,0.9283150337837838,0.8407184039508259,0.9283150337837838
a1_r3_budget_s392005_20260909_r2,R3_B160,train_daot_fingerprint_selectivity,144,144,0,,0.0,0.0,0.0,0.0
a1_r3_budget_s392005_20260909_r2,R3_B160,train_daot_fingerprint_sensitivity,144,144,0,,0.0,0.0,0.0,0.0
a1_r3_budget_s392005_20260909_r2,R3_B160,train_daot_grad_ratio_fingerprint,4,4,0,,0.0,0.0,0.0,0.0
a1_r3_budget_s392005_20260909_r2,R3_B160,train_daot_grad_ratio_nuisance,4,4,4,17,4.424981850249844e-09,2.2727624376542147e-08,9.545702935334325e-09,2.2727624376542147e-08
a1_r3_budget_s392005_20260909_r2,R3_B160,train_daot_grad_ratio_orbit_logit,4,4,4,17,3.8381548017628258,11.155355694806737,7.169822902118674,11.155355694806737
a1_r3_budget_s392005_20260909_r2,R3_B160,train_daot_grad_ratio_orbit_proto,4,4,0,,0.0,0.0,0.0,0.0
a1_r3_budget_s392005_20260909_r2,R3_B160,train_daot_grad_ratio_orbit_relation,4,4,0,,0.0,0.0,0.0,0.0
a1_r3_budget_s392005_20260909_r2,R3_B160,train_daot_grad_ratio_orbit_z,4,4,4,17,0.01029897460494791,0.03614618177421192,0.02406293099257118,0.02774359288620178
a1_r3_budget_s392005_20260909_r2,R3_B160,train_daot_grad_ratio_tangent,4,4,0,,0.0,0.0,0.0,0.0
a1_r3_budget_s392005_20260909_r2,R3_B160,train_daot_identity_only_used,160,160,0,,0.0,0.0,0.0,0.0
a1_r3_budget_s392005_20260909_r2,R3_B160,train_daot_logit_coverage,144,144,144,17,0.4463927682724085,0.9047804614445111,0.8062328478548437,0.9047804614445111
a1_r3_budget_s392005_20260909_r2,R3_B160,train_daot_logit_coverage_weighting,160,160,0,,0.0,0.0,0.0,0.0
a1_r3_budget_s392005_20260909_r2,R3_B160,train_daot_logit_weighted_contribution,160,160,144,17,0.0,0.3411157972238085,0.2684759026619242,0.3373741899524723
a1_r3_budget_s392005_20260909_r2,R3_B160,train_daot_loss_scale_fingerprint,144,144,144,17,1.0,1.0,1.0,1.0
a1_r3_budget_s392005_20260909_r2,R3_B160,train_daot_loss_scale_nuisance,144,144,144,17,1.0,1.0,1.0,1.0
a1_r3_budget_s392005_20260909_r2,R3_B160,train_daot_loss_scale_orbit_logit,144,144,144,17,4.582158065510317,9.742635085520822,5.64747106076354,4.643760407823482
a1_r3_budget_s392005_20260909_r2,R3_B160,train_daot_loss_scale_orbit_proto,144,144,144,17,1.0,1.0,1.0,1.0
a1_r3_budget_s392005_20260909_r2,R3_B160,train_daot_loss_scale_orbit_relation,144,144,144,17,1.0,1.0,1.0,1.0
a1_r3_budget_s392005_20260909_r2,R3_B160,train_daot_loss_scale_orbit_z,144,144,144,17,0.053147748794537875,0.3473357059629973,0.08167042503202417,0.05335314655795194
a1_r3_budget_s392005_20260909_r2,R3_B160,train_daot_loss_scale_tangent,144,144,144,17,1.0,1.0,1.0,1.0
a1_r3_budget_s392005_20260909_r2,R3_B160,train_daot_mean_metadata_skip_enabled,160,160,0,,0.0,0.0,0.0,0.0
a1_r3_budget_s392005_20260909_r2,R3_B160,train_daot_nuisance_sensitivity,144,144,0,,0.0,0.0,0.0,0.0
a1_r3_budget_s392005_20260909_r2,R3_B160,train_daot_nuisance_sensitivity_agc,4,4,4,17,6.1293745040893555,14.214096069335938,8.325189590454102,6.353775978088379
a1_r3_budget_s392005_20260909_r2,R3_B160,train_daot_nuisance_sensitivity_doppler,4,4,4,17,6.242189407348633,14.771327018737793,8.621790528297424,6.651134490966797
a1_r3_budget_s392005_20260909_r2,R3_B160,train_daot_nuisance_sensitivity_doppler_rate,4,4,4,17,6.145257949829102,14.458784103393555,8.43840205669403,6.4953460693359375
a1_r3_budget_s392005_20260909_r2,R3_B160,train_daot_nuisance_sensitivity_multipath,4,4,4,17,6.144345283508301,14.212380409240723,8.331020832061768,6.351675987243652
a1_r3_budget_s392005_20260909_r2,R3_B160,train_daot_nuisance_sensitivity_phase_noise,4,4,4,17,6.144044876098633,14.174230575561523,8.314481019973755,6.33192253112793
a1_r3_budget_s392005_20260909_r2,R3_B160,train_daot_nuisance_sensitivity_sfo,4,4,4,17,6.132468223571777,14.192426681518555,8.324101209640503,6.35726261138916
a1_r3_budget_s392005_20260909_r2,R3_B160,train_daot_nuisance_sensitivity_snr,4,4,4,17,6.133551597595215,14.18649673461914,8.326767325401306,6.367575168609619
a1_r3_budget_s392005_20260909_r2,R3_B160,train_daot_nuisance_sensitivity_sto,4,4,4,17,6.176130294799805,14.17005443572998,8.361133217811584,6.385004043579102
a1_r3_budget_s392005_20260909_r2,R3_B160,train_daot_objective_computed,160,160,144,17,0.0,1.0,0.9,1.0
a1_r3_budget_s392005_20260909_r2,R3_B160,train_daot_orbit_dispersion,144,144,144,17,0.00435968247129003,0.16397897981375725,0.019503126945381553,0.00444678725519528
a1_r3_budget_s392005_20260909_r2,R3_B160,train_daot_orbit_scale,160,160,144,17,0.0,1.0,0.8,1.0
a1_r3_budget_s392005_20260909_r2,R3_B160,train_daot_proto_input_available,160,160,0,,0.0,0.0,0.0,0.0
a1_r3_budget_s392005_20260909_r2,R3_B160,train_daot_scale_batched_enabled,160,160,0,,0.0,0.0,0.0,0.0
a1_r3_budget_s392005_20260909_r2,R3_B160,train_daot_tangent_scale,160,160,112,49,0.0,1.0,0.5,1.0
a1_r3_budget_s392005_20260909_r2,R3_B160,train_daot_teacher_effective_views,144,144,144,17,1.99999987649488,2.0,1.9999999556768762,1.9999999489870157
a1_r3_budget_s392005_20260909_r2,R3_B160,train_daot_teacher_labeled_accuracy,144,144,144,17,0.8671171171171171,0.9840934684684685,0.9591263626908157,0.979272240990991
a1_r3_budget_s392005_20260909_r2,R3_B160,train_daot_teacher_labeled_confidence,144,144,144,17,0.9095944050733034,0.9961421376950031,0.9859810841220382,0.9954153468479982
a1_r3_budget_s392005_20260909_r2,R3_B160,train_daot_teacher_view_count,160,160,144,17,0.0,2.0,1.8,2.0
a1_r3_budget_s392005_20260909_r2,R3_B160,train_daot_u_consensus_rate,144,144,144,17,0.5522729128867656,0.9442312145555342,0.8617356211222984,0.9436329600510297
a1_r3_budget_s392005_20260909_r2,R3_B160,train_daot_u_logit_coverage,144,144,144,17,0.47518025795081714,0.9229923094715085,0.8327713433114273,0.9225115555900711
a1_r3_budget_s392005_20260909_r2,R3_B160,train_daot_u_logit_weighted_contribution,160,160,144,17,0.0,0.06723224537799487,0.04713008717544244,0.05636250135396515
a1_r3_budget_s392005_20260909_r2,R3_B160,train_daot_u_orbit_dispersion,144,144,144,17,0.0035756542200541443,0.17907314042787295,0.01994469409700113,0.003579161654285214
a1_r3_budget_s392005_20260909_r2,R3_B160,train_daot_u_orbit_scale,160,160,144,17,0.0,1.0,0.8,1.0
a1_r3_budget_s392005_20260909_r2,R3_B160,train_daot_worst_bucket_elevation,4,4,4,17,0.1875,0.75,0.5234375,0.75
a1_r3_budget_s392005_20260909_r2,R3_B160,train_daot_worst_bucket_snr,4,4,4,17,0.1875,0.75,0.5234375,0.75
a1_r3_budget_s392005_20260909_r2,R3_B160,train_dm_accept_local_component_class_coverage,160,160,0,,0.0,0.0,0.0,0.0
a1_r3_budget_s392005_20260909_r2,R3_B160,train_ecrs_cross_rx_successful_steps,160,160,0,,0.0,0.0,0.0,0.0
a1_r3_budget_s392005_20260909_r2,R3_B160,train_loss_cons_labeled,160,160,148,13,0.0,0.35851610888231983,0.10264642818554029,0.0753425391944679
a1_r3_budget_s392005_20260909_r2,R3_B160,train_loss_daot_fingerprint,160,160,0,,0.0,0.0,0.0,0.0
a1_r3_budget_s392005_20260909_r2,R3_B160,train_loss_daot_nuisance,160,160,144,17,0.0,0.4825677281027442,0.4235909994431511,0.4702224060221835
a1_r3_budget_s392005_20260909_r2,R3_B160,train_loss_daot_orbit_logit,160,160,144,17,0.0,15.144074036194398,8.45710660659515,7.841845112877923
a1_r3_budget_s392005_20260909_r2,R3_B160,train_loss_daot_orbit_proto,160,160,0,,0.0,0.0,0.0,0.0
a1_r3_budget_s392005_20260909_r2,R3_B160,train_loss_daot_orbit_relation,160,160,0,,0.0,0.0,0.0,0.0
a1_r3_budget_s392005_20260909_r2,R3_B160,train_loss_daot_orbit_z,160,160,144,17,0.0,0.34572183011888385,0.07410863434858117,0.054275782694956205
a1_r3_budget_s392005_20260909_r2,R3_B160,train_loss_daot_tangent,160,160,0,,0.0,0.0,0.0,0.0
a1_r3_budget_s392005_20260909_r2,R3_B160,train_loss_daot_total,160,160,144,17,0.0,0.8521804261851955,0.6747407424769958,0.8459266644340377
a1_r3_budget_s392005_20260909_r2,R3_B160,train_loss_daot_unlabeled,160,160,144,17,0.0,0.5626116897071805,0.44051766721120106,0.5481613326717067
a1_r3_budget_s392005_20260909_r2,R3_B160,train_loss_group_ce_labeled,160,160,160,1,1.6146504481633503,12.867840500565263,2.844741331182865,1.7501104902308267
a1_r3_budget_s392005_20260909_r2,R3_B160,train_loss_sat_cls_labeled,160,160,97,64,0.0,3.9256006107069887,1.8845286296092723,2.7435683790795706
a1_r3_budget_s392005_20260909_r2,R3_B160,train_loss_sat_cons_labeled,160,160,0,,0.0,0.0,0.0,0.0
a1_r3_budget_s392005_20260909_r2,R3_B160,train_os_gradient_nonfinite_bundle,160,160,0,,0.0,0.0,0.0,0.0
a1_r3_budget_s392005_20260909_r2,R3_B160,train_r3_l_s_aux_scale,160,160,160,1,1.0,1.0,1.0,1.0
a1_r3_budget_s392005_20260909_r2,R3_B160,train_r3_l_s_eta_raw,160,160,0,,0.0,0.0,0.0,0.0
a1_r3_budget_s392005_20260909_r2,R3_B160,train_r3_l_s_eta_valid,160,160,0,,0.0,0.0,0.0,0.0
a1_r3_budget_s392005_20260909_r2,R3_B160,train_r3_l_s_eta_weighted,160,160,0,,0.0,0.0,0.0,0.0
a1_r3_budget_s392005_20260909_r2,R3_B160,train_r3_l_s_loss,160,160,160,1,1.278599707392959,28.449251157743436,3.2786058208796085,1.2794353704194765
a1_r3_budget_s392005_20260909_r2,R3_B160,train_r3_l_s_pairs,160,160,160,1,128.0,128.0,128.0,128.0
a1_r3_budget_s392005_20260909_r2,R3_B160,train_r3_l_s_self_active,160,160,160,1,0.4954954954954955,1.0,0.8499718468468469,1.0
a1_r3_budget_s392005_20260909_r2,R3_B160,train_r3_l_s_self_raw,160,160,160,1,1.4995562428826685,28.449251157743436,3.122129779624509,3.00523266598985
a1_r3_budget_s392005_20260909_r2,R3_B160,train_r3_l_s_self_weighted,160,160,160,1,0.7505756420595152,28.449251157743436,2.5551933544343925,0.7513081664974625
a1_r3_budget_s392005_20260909_r2,R3_B160,train_r3_l_s_shared_active,160,160,127,34,0.0,1.0,0.6437218468468469,1.0
a1_r3_budget_s392005_20260909_r2,R3_B160,train_r3_l_s_shared_raw,160,160,128,33,0.0,0.775177135929331,0.14026856306963392,0.056740092533128755
a1_r3_budget_s392005_20260909_r2,R3_B160,train_r3_l_s_shared_weighted,160,160,127,34,0.0,0.17535432005250776,0.07313353070978239,0.056740092533128755
a1_r3_budget_s392005_20260909_r2,R3_B160,train_r3_l_s_swap_active,160,160,127,34,0.0,1.0,0.6437218468468469,1.0
a1_r3_budget_s392005_20260909_r2,R3_B160,train_r3_l_s_swap_raw,160,160,128,33,0.0,2.1827441711683533,1.2700180449598544,1.8855484315940925
a1_r3_budget_s392005_20260909_r2,R3_B160,train_r3_l_s_swap_weighted,160,160,127,34,0.0,1.9097728637961653,0.6502789343397872,0.4713871078985231
a1_r3_budget_s392005_20260909_r2,R3_B160,train_r3_u_s_aux_scale,160,160,160,1,1.0,1.0,1.0,1.0
a1_r3_budget_s392005_20260909_r2,R3_B160,train_r3_u_s_eta_raw,160,160,0,,0.0,0.0,0.0,0.0
a1_r3_budget_s392005_20260909_r2,R3_B160,train_r3_u_s_eta_valid,160,160,0,,0.0,0.0,0.0,0.0
a1_r3_budget_s392005_20260909_r2,R3_B160,train_r3_u_s_eta_weighted,160,160,0,,0.0,0.0,0.0,0.0
a1_r3_budget_s392005_20260909_r2,R3_B160,train_r3_u_s_loss,160,160,160,1,1.2811246949273187,28.448787182301015,3.283218167460448,1.2817424530381556
a1_r3_budget_s392005_20260909_r2,R3_B160,train_r3_u_s_pairs,160,160,160,1,255.40540540540542,255.40540540540542,255.40540540540542,255.40540540540542
a1_r3_budget_s392005_20260909_r2,R3_B160,train_r3_u_s_self_active,160,160,160,1,0.4954954954954955,1.0,0.8499718468468469,1.0
a1_r3_budget_s392005_20260909_r2,R3_B160,train_r3_u_s_self_raw,160,160,160,1,1.5087444674861323,28.448787182301015,3.124592816621602,3.008895001969896
a1_r3_budget_s392005_20260909_r2,R3_B160,train_r3_u_s_self_weighted,160,160,160,1,0.7513766398837974,28.448787182301015,2.5567879746223356,0.752223750492474
a1_r3_budget_s392005_20260909_r2,R3_B160,train_r3_u_s_shared_active,160,160,127,34,0.0,1.0,0.6437218468468469,1.0
a1_r3_budget_s392005_20260909_r2,R3_B160,train_r3_u_s_shared_raw,160,160,128,33,0.0,0.7734556890822746,0.1400169590189172,0.05667742192409597
a1_r3_budget_s392005_20260909_r2,R3_B160,train_r3_u_s_shared_weighted,160,160,127,34,0.0,0.17384617795815338,0.0730479588426402,0.05667742192409597
a1_r3_budget_s392005_20260909_r2,R3_B160,train_r3_u_s_swap_active,160,160,127,34,0.0,1.0,0.6437218468468469,1.0
a1_r3_budget_s392005_20260909_r2,R3_B160,train_r3_u_s_swap_raw,160,160,128,33,0.0,2.1840586630073755,1.2751752257514912,1.8913651425559241
a1_r3_budget_s392005_20260909_r2,R3_B160,train_r3_u_s_swap_weighted,160,160,127,34,0.0,1.9287620267352543,0.6533822335740174,0.47284128563898103
a1_r3_budget_s392005_20260909_r2,R3_B160,train_rc4_effective_weighted_coverage,160,160,144,17,0.0,0.15000000455089518,0.03796031647997642,0.005876651484737391
a1_r3_budget_s392005_20260909_r2,R3_B160,train_rc4_hard_effective_coverage,160,160,143,17,0.0,0.1434376990204459,0.024088168355719645,0.005876651488932538
a1_r3_budget_s392005_20260909_r2,R3_B160,train_rc4_negative_effective_coverage,160,160,0,,0.0,0.0,0.0,0.0
a1_r3_budget_s392005_20260909_r2,R3_B160,train_rc4_partial_effective_coverage,160,160,16,17,0.0,0.15000000381254935,0.013872147934628768,0.0
a1_r3_budget_s392005_20260909_r2,R3_B160,train_sat_anchor_class_coverage,160,160,143,17,0.0,6.0,1.4954673423423424,1.4054054054054055
a1_r3_budget_s392005_20260909_r2,R3_B160,train_sat_anchor_receiver_coverage,160,160,143,17,0.0,5.0,2.052618243243243,1.3603603603603605
a1_r3_budget_s392005_20260909_r2,R3_B160,train_skipped_nonfinite_grad,160,160,18,1,0.0,0.0045045045045045045,0.0005067567567567568,0.0
a1_r3_budget_s392005_20260909_r2,R3_B160,train_skipped_nonfinite_loss,160,160,0,,0.0,0.0,0.0,0.0
a1_r3_budget_s392005_20260909_r2,R3_B160,train_source_episode_local_component_coverage,145,145,145,16,1.0,1.0,1.0,1.0
a1_r3_budget_s392005_20260909_r2,R3_B160,train_tail_rollback_cooldown_remaining,160,160,0,,0.0,0.0,0.0,0.0
a1_r3_budget_s392005_20260909_r2,R3_B160,train_w_loss_cons_labeled,160,160,148,13,0.0,0.0066882296725436375,0.005479492367924871,0.006027488021163253
a1_r3_budget_s392005_20260909_r2,R3_B160,train_w_loss_group_ce_labeled,160,160,160,1,0.2583440666565219,1.0294272209609951,0.3828994299041533,0.2800176728449695
a1_r3_budget_s392005_20260909_r2,R3_B160,train_w_loss_sat_cls_labeled,160,160,97,64,0.0,2.669408448661367,1.281479481379879,1.8656265254107278
a1_r3_budget_s392005_20260909_r2,R3_B160,train_w_loss_sat_cons_labeled,160,160,0,,0.0,0.0,0.0,0.0
a1_r3_budget_s392005_20260909_r2,R3_B160,val_tx_acc,160,160,160,1,28.54074074074074,98.56296296296296,97.46701388888889,98.53703703703704
a1_r3_clean_cross_rx_s392005_20260909_r1,R3_REFERENCE_CLEAN_CROSS_RX,concat_sat_ce_weight,200,200,200,1,1.0,1.0,1.0,1.0
a1_r3_clean_cross_rx_s392005_20260909_r1,R3_REFERENCE_CLEAN_CROSS_RX,concat_sat_start_epoch,200,200,200,1,1.0,1.0,1.0,1.0
a1_r3_clean_cross_rx_s392005_20260909_r1,R3_REFERENCE_CLEAN_CROSS_RX,group_ce_top_frac,200,200,200,1,0.35,0.35,0.35,0.35
a1_r3_clean_cross_rx_s392005_20260909_r1,R3_REFERENCE_CLEAN_CROSS_RX,joint_guard_paic_cooldown_remaining,200,200,0,,0.0,0.0,0.0,0.0
a1_r3_clean_cross_rx_s392005_20260909_r1,R3_REFERENCE_CLEAN_CROSS_RX,lambda_cons,200,200,200,1,0.08,0.08,0.08,0.08
a1_r3_clean_cross_rx_s392005_20260909_r1,R3_REFERENCE_CLEAN_CROSS_RX,lambda_group_ce,200,200,200,1,0.16,0.16,0.16,0.16
a1_r3_clean_cross_rx_s392005_20260909_r1,R3_REFERENCE_CLEAN_CROSS_RX,loss_weight_group_ce,200,200,200,1,0.08,0.16,0.14577885253594247,0.16
a1_r3_clean_cross_rx_s392005_20260909_r1,R3_REFERENCE_CLEAN_CROSS_RX,lr,200,200,200,1,1.0000000000000002e-06,0.0002,8.875000000000002e-05,1.0000000000000002e-06
a1_r3_clean_cross_rx_s392005_20260909_r1,R3_REFERENCE_CLEAN_CROSS_RX,nonfinite_test_metric_count,200,200,200,1,1.0,1.0,1.0,1.0
a1_r3_clean_cross_rx_s392005_20260909_r1,R3_REFERENCE_CLEAN_CROSS_RX,nonfinite_train_metric_count,200,200,200,1,4.0,4.0,4.0,4.0
a1_r3_clean_cross_rx_s392005_20260909_r1,R3_REFERENCE_CLEAN_CROSS_RX,nonfinite_val_metric_count,200,200,200,1,1.0,1.0,1.0,1.0
a1_r3_clean_cross_rx_s392005_20260909_r1,R3_REFERENCE_CLEAN_CROSS_RX,phase2_audit_imports_balanced_tx_rx_sampler,200,200,200,1,1.0,1.0,1.0,1.0
a1_r3_clean_cross_rx_s392005_20260909_r1,R3_REFERENCE_CLEAN_CROSS_RX,stage_group_ce_scale,200,200,200,1,0.5,1.0,0.9111178283496403,1.0
a1_r3_clean_cross_rx_s392005_20260909_r1,R3_REFERENCE_CLEAN_CROSS_RX,stage_source_val_sat_floor_tx,200,200,200,1,25.25925925925926,92.67407407407407,80.58546296296296,92.62222222222222
a1_r3_clean_cross_rx_s392005_20260909_r1,R3_REFERENCE_CLEAN_CROSS_RX,stage_source_val_sat_mean_tx,200,200,200,1,25.79506172839506,93.40000000000002,81.6332098765432,93.36666666666667
a1_r3_clean_cross_rx_s392005_20260909_r1,R3_REFERENCE_CLEAN_CROSS_RX,stage_tail_rollback_cooldown_remaining,200,200,0,,0.0,0.0,0.0,0.0
a1_r3_clean_cross_rx_s392005_20260909_r1,R3_REFERENCE_CLEAN_CROSS_RX,train_a1_ema_effective_decay,200,200,200,1,0.9900000000000023,0.9989999999999969,0.9972399999999989,0.9989999999999969
a1_r3_clean_cross_rx_s392005_20260909_r1,R3_REFERENCE_CLEAN_CROSS_RX,train_a1_ema_successful_updates,200,200,200,1,110.5,44269.5,22188.787635135133,44269.5
a1_r3_clean_cross_rx_s392005_20260909_r1,R3_REFERENCE_CLEAN_CROSS_RX,train_concat_sat_active,200,200,200,1,1.0,1.0,1.0,1.0
a1_r3_clean_cross_rx_s392005_20260909_r1,R3_REFERENCE_CLEAN_CROSS_RX,train_concat_sat_applied,200,200,200,1,0.23423423423423423,0.8558558558558559,0.6510135135135136,0.8198198198198198
a1_r3_clean_cross_rx_s392005_20260909_r1,R3_REFERENCE_CLEAN_CROSS_RX,train_concat_sat_clean_batch_size,200,200,200,1,128.0,128.0,128.0,128.0
a1_r3_clean_cross_rx_s392005_20260909_r1,R3_REFERENCE_CLEAN_CROSS_RX,train_concat_sat_expanded,200,200,0,,0.0,0.0,0.0,0.0
a1_r3_clean_cross_rx_s392005_20260909_r1,R3_REFERENCE_CLEAN_CROSS_RX,train_concat_sat_stage_index,200,200,160,41,0.0,2.0,1.35,2.0
a1_r3_clean_cross_rx_s392005_20260909_r1,R3_REFERENCE_CLEAN_CROSS_RX,train_concat_sat_stage_start_epoch,200,200,200,1,1.0,91.0,60.5,91.0
a1_r3_clean_cross_rx_s392005_20260909_r1,R3_REFERENCE_CLEAN_CROSS_RX,train_concat_sat_total_batch_size,200,200,200,1,128.0,128.0,128.0,128.0
a1_r3_clean_cross_rx_s392005_20260909_r1,R3_REFERENCE_CLEAN_CROSS_RX,train_concat_sat_view_prob,200,200,200,1,0.29999999999999877,0.8000000000000016,0.65,0.8000000000000016
a1_r3_clean_cross_rx_s392005_20260909_r1,R3_REFERENCE_CLEAN_CROSS_RX,train_daot_batched_view_count,200,200,180,21,0.0,1.0,0.9,1.0
a1_r3_clean_cross_rx_s392005_20260909_r1,R3_REFERENCE_CLEAN_CROSS_RX,train_daot_clean_teacher_weight,180,180,180,21,0.499997751132862,0.5000020520644145,0.4999998922745983,0.49999948987015735
a1_r3_clean_cross_rx_s392005_20260909_r1,R3_REFERENCE_CLEAN_CROSS_RX,train_daot_consensus_rate,180,180,180,21,0.5572212837837838,0.9448198198198198,0.8632384337462462,0.9385909346846847
a1_r3_clean_cross_rx_s392005_20260909_r1,R3_REFERENCE_CLEAN_CROSS_RX,train_daot_fingerprint_selectivity,180,180,0,,0.0,0.0,0.0,0.0
a1_r3_clean_cross_rx_s392005_20260909_r1,R3_REFERENCE_CLEAN_CROSS_RX,train_daot_fingerprint_sensitivity,180,180,0,,0.0,0.0,0.0,0.0
a1_r3_clean_cross_rx_s392005_20260909_r1,R3_REFERENCE_CLEAN_CROSS_RX,train_daot_grad_ratio_fingerprint,4,4,0,,0.0,0.0,0.0,0.0
a1_r3_clean_cross_rx_s392005_20260909_r1,R3_REFERENCE_CLEAN_CROSS_RX,train_daot_grad_ratio_nuisance,4,4,4,21,2.8517217146826563e-09,1.387643577813093e-08,8.48634156038688e-09,1.387643577813093e-08
a1_r3_clean_cross_rx_s392005_20260909_r1,R3_REFERENCE_CLEAN_CROSS_RX,train_daot_grad_ratio_orbit_logit,4,4,4,21,2.206469158500712,17.114562332479824,9.498192805038446,10.539467096435581
a1_r3_clean_cross_rx_s392005_20260909_r1,R3_REFERENCE_CLEAN_CROSS_RX,train_daot_grad_ratio_orbit_proto,4,4,0,,0.0,0.0,0.0,0.0
a1_r3_clean_cross_rx_s392005_20260909_r1,R3_REFERENCE_CLEAN_CROSS_RX,train_daot_grad_ratio_orbit_relation,4,4,0,,0.0,0.0,0.0,0.0
a1_r3_clean_cross_rx_s392005_20260909_r1,R3_REFERENCE_CLEAN_CROSS_RX,train_daot_grad_ratio_orbit_z,4,4,4,21,0.007283783066272049,0.06044389193255129,0.025439318097031878,0.016987106516916862
a1_r3_clean_cross_rx_s392005_20260909_r1,R3_REFERENCE_CLEAN_CROSS_RX,train_daot_grad_ratio_tangent,4,4,0,,0.0,0.0,0.0,0.0
a1_r3_clean_cross_rx_s392005_20260909_r1,R3_REFERENCE_CLEAN_CROSS_RX,train_daot_identity_only_used,200,200,0,,0.0,0.0,0.0,0.0
a1_r3_clean_cross_rx_s392005_20260909_r1,R3_REFERENCE_CLEAN_CROSS_RX,train_daot_logit_coverage,180,180,180,21,0.4534797994671641,0.9217209501846416,0.8307958602838151,0.9156183758834461
a1_r3_clean_cross_rx_s392005_20260909_r1,R3_REFERENCE_CLEAN_CROSS_RX,train_daot_logit_coverage_weighting,200,200,0,,0.0,0.0,0.0,0.0
a1_r3_clean_cross_rx_s392005_20260909_r1,R3_REFERENCE_CLEAN_CROSS_RX,train_daot_logit_weighted_contribution,200,200,180,21,0.0,0.3441268606363116,0.27161404837942305,0.3440920442074269
a1_r3_clean_cross_rx_s392005_20260909_r1,R3_REFERENCE_CLEAN_CROSS_RX,train_daot_loss_scale_fingerprint,180,180,180,21,1.0,1.0,1.0,1.0
a1_r3_clean_cross_rx_s392005_20260909_r1,R3_REFERENCE_CLEAN_CROSS_RX,train_daot_loss_scale_nuisance,180,180,180,21,1.0,1.0,1.0,1.0
a1_r3_clean_cross_rx_s392005_20260909_r1,R3_REFERENCE_CLEAN_CROSS_RX,train_daot_loss_scale_orbit_logit,180,180,180,21,4.177147754488754,9.537469239570932,5.2878069274406805,4.324796682549422
a1_r3_clean_cross_rx_s392005_20260909_r1,R3_REFERENCE_CLEAN_CROSS_RX,train_daot_loss_scale_orbit_proto,180,180,180,21,1.0,1.0,1.0,1.0
a1_r3_clean_cross_rx_s392005_20260909_r1,R3_REFERENCE_CLEAN_CROSS_RX,train_daot_loss_scale_orbit_relation,180,180,180,21,1.0,1.0,1.0,1.0
a1_r3_clean_cross_rx_s392005_20260909_r1,R3_REFERENCE_CLEAN_CROSS_RX,train_daot_loss_scale_orbit_z,180,180,180,21,0.04980093968725081,0.34069130738522485,0.07526004834635755,0.05040839538784078
a1_r3_clean_cross_rx_s392005_20260909_r1,R3_REFERENCE_CLEAN_CROSS_RX,train_daot_loss_scale_tangent,180,180,180,21,1.0,1.0,1.0,1.0
a1_r3_clean_cross_rx_s392005_20260909_r1,R3_REFERENCE_CLEAN_CROSS_RX,train_daot_mean_metadata_skip_enabled,200,200,0,,0.0,0.0,0.0,0.0
a1_r3_clean_cross_rx_s392005_20260909_r1,R3_REFERENCE_CLEAN_CROSS_RX,train_daot_nuisance_sensitivity,180,180,0,,0.0,0.0,0.0,0.0
a1_r3_clean_cross_rx_s392005_20260909_r1,R3_REFERENCE_CLEAN_CROSS_RX,train_daot_nuisance_sensitivity_agc,4,4,4,21,5.821748733520508,13.072664260864258,8.04053509235382,5.821748733520508
a1_r3_clean_cross_rx_s392005_20260909_r1,R3_REFERENCE_CLEAN_CROSS_RX,train_daot_nuisance_sensitivity_doppler,4,4,4,21,5.837151527404785,13.314725875854492,8.191551208496094,5.837151527404785
a1_r3_clean_cross_rx_s392005_20260909_r1,R3_REFERENCE_CLEAN_CROSS_RX,train_daot_nuisance_sensitivity_doppler_rate,4,4,4,21,5.795027732849121,13.08117389678955,8.060916543006897,5.795027732849121
a1_r3_clean_cross_rx_s392005_20260909_r1,R3_REFERENCE_CLEAN_CROSS_RX,train_daot_nuisance_sensitivity_multipath,4,4,4,21,5.831228256225586,13.019381523132324,8.0396329164505,5.831228256225586
a1_r3_clean_cross_rx_s392005_20260909_r1,R3_REFERENCE_CLEAN_CROSS_RX,train_daot_nuisance_sensitivity_phase_noise,4,4,4,21,5.84107780456543,13.038793563842773,8.040170311927795,5.84107780456543
a1_r3_clean_cross_rx_s392005_20260909_r1,R3_REFERENCE_CLEAN_CROSS_RX,train_daot_nuisance_sensitivity_sfo,4,4,4,21,5.826590061187744,13.03358268737793,8.035290002822876,5.826590061187744
a1_r3_clean_cross_rx_s392005_20260909_r1,R3_REFERENCE_CLEAN_CROSS_RX,train_daot_nuisance_sensitivity_snr,4,4,4,21,5.828177452087402,13.029144287109375,8.036370158195496,5.828177452087402
a1_r3_clean_cross_rx_s392005_20260909_r1,R3_REFERENCE_CLEAN_CROSS_RX,train_daot_nuisance_sensitivity_sto,4,4,4,21,5.816551685333252,13.055577278137207,8.051310420036316,5.816551685333252
a1_r3_clean_cross_rx_s392005_20260909_r1,R3_REFERENCE_CLEAN_CROSS_RX,train_daot_objective_computed,200,200,180,21,0.0,1.0,0.9,1.0
a1_r3_clean_cross_rx_s392005_20260909_r1,R3_REFERENCE_CLEAN_CROSS_RX,train_daot_orbit_dispersion,180,180,180,21,0.003498396439779852,0.16070408073698614,0.016854349020411736,0.0036491460800338704
a1_r3_clean_cross_rx_s392005_20260909_r1,R3_REFERENCE_CLEAN_CROSS_RX,train_daot_orbit_scale,200,200,180,21,0.0,1.0,0.8025,1.0
a1_r3_clean_cross_rx_s392005_20260909_r1,R3_REFERENCE_CLEAN_CROSS_RX,train_daot_proto_input_available,200,200,0,,0.0,0.0,0.0,0.0
a1_r3_clean_cross_rx_s392005_20260909_r1,R3_REFERENCE_CLEAN_CROSS_RX,train_daot_scale_batched_enabled,200,200,0,,0.0,0.0,0.0,0.0
a1_r3_clean_cross_rx_s392005_20260909_r1,R3_REFERENCE_CLEAN_CROSS_RX,train_daot_tangent_scale,200,200,140,61,0.0,1.0,0.5025,1.0
a1_r3_clean_cross_rx_s392005_20260909_r1,R3_REFERENCE_CLEAN_CROSS_RX,train_daot_teacher_effective_views,180,180,180,21,1.9999994775196452,2.0,1.9999998846271256,1.9999998013178508
a1_r3_clean_cross_rx_s392005_20260909_r1,R3_REFERENCE_CLEAN_CROSS_RX,train_daot_teacher_labeled_accuracy,180,180,180,21,0.8635627815315315,0.9869791666666666,0.9654580361611612,0.981348536036036
a1_r3_clean_cross_rx_s392005_20260909_r1,R3_REFERENCE_CLEAN_CROSS_RX,train_daot_teacher_labeled_confidence,180,180,180,21,0.900483151411151,0.9968428627864735,0.9880668488596831,0.9955452398673909
a1_r3_clean_cross_rx_s392005_20260909_r1,R3_REFERENCE_CLEAN_CROSS_RX,train_daot_teacher_view_count,200,200,180,21,0.0,2.0,1.8,2.0
a1_r3_clean_cross_rx_s392005_20260909_r1,R3_REFERENCE_CLEAN_CROSS_RX,train_daot_u_consensus_rate,180,180,180,21,0.5540534864674818,0.9547040739037969,0.8814609750926314,0.9538066921470402
a1_r3_clean_cross_rx_s392005_20260909_r1,R3_REFERENCE_CLEAN_CROSS_RX,train_daot_u_logit_coverage,180,180,180,21,0.4806852285657917,0.9328697589603631,0.8537407205001012,0.9321941690401988
a1_r3_clean_cross_rx_s392005_20260909_r1,R3_REFERENCE_CLEAN_CROSS_RX,train_daot_u_logit_weighted_contribution,200,200,180,21,0.0,0.06386344553483231,0.04479767591852972,0.05070824694173696
a1_r3_clean_cross_rx_s392005_20260909_r1,R3_REFERENCE_CLEAN_CROSS_RX,train_daot_u_orbit_dispersion,180,180,180,21,0.0027672234426571376,0.17903394037270332,0.017219311819726215,0.002816834449789042
a1_r3_clean_cross_rx_s392005_20260909_r1,R3_REFERENCE_CLEAN_CROSS_RX,train_daot_u_orbit_scale,200,200,180,21,0.0,1.0,0.8025,1.0
a1_r3_clean_cross_rx_s392005_20260909_r1,R3_REFERENCE_CLEAN_CROSS_RX,train_daot_worst_bucket_elevation,4,4,4,21,0.15625,0.75,0.5390625,0.6875
a1_r3_clean_cross_rx_s392005_20260909_r1,R3_REFERENCE_CLEAN_CROSS_RX,train_daot_worst_bucket_snr,4,4,4,21,0.21875,0.75,0.5546875,0.71875
a1_r3_clean_cross_rx_s392005_20260909_r1,R3_REFERENCE_CLEAN_CROSS_RX,train_dm_accept_local_component_class_coverage,200,200,0,,0.0,0.0,0.0,0.0
a1_r3_clean_cross_rx_s392005_20260909_r1,R3_REFERENCE_CLEAN_CROSS_RX,train_ecrs_cross_rx_clean_count,200,200,200,1,128.0,128.0,128.0,128.0
a1_r3_clean_cross_rx_s392005_20260909_r1,R3_REFERENCE_CLEAN_CROSS_RX,train_ecrs_cross_rx_configured,200,200,200,1,1.0,1.0,1.0,1.0
a1_r3_clean_cross_rx_s392005_20260909_r1,R3_REFERENCE_CLEAN_CROSS_RX,train_ecrs_cross_rx_executed,200,200,200,1,1.0,1.0,1.0,1.0
a1_r3_clean_cross_rx_s392005_20260909_r1,R3_REFERENCE_CLEAN_CROSS_RX,train_ecrs_cross_rx_identity_grad_norm,200,200,200,1,0.00048741852515377104,0.0030836171936243773,0.0013999542540113908,0.0010334422113373876
a1_r3_clean_cross_rx_s392005_20260909_r1,R3_REFERENCE_CLEAN_CROSS_RX,train_ecrs_cross_rx_leo_count,200,200,0,,0.0,0.0,0.0,0.0
a1_r3_clean_cross_rx_s392005_20260909_r1,R3_REFERENCE_CLEAN_CROSS_RX,train_ecrs_cross_rx_raw_loss,200,200,200,1,0.012559630452898575,0.20132759374541206,0.02465149729915748,0.01645211966473374
a1_r3_clean_cross_rx_s392005_20260909_r1,R3_REFERENCE_CLEAN_CROSS_RX,train_ecrs_cross_rx_successful_steps,200,200,200,1,110.5,44269.5,22188.787635135133,44269.5
a1_r3_clean_cross_rx_s392005_20260909_r1,R3_REFERENCE_CLEAN_CROSS_RX,train_ecrs_cross_rx_valid_anchors,200,200,200,1,127.82432432432432,127.98198198198199,127.91797297297296,127.92792792792793
a1_r3_clean_cross_rx_s392005_20260909_r1,R3_REFERENCE_CLEAN_CROSS_RX,train_ecrs_cross_rx_weighted_loss,200,200,200,1,0.0006279815337751774,0.010066379860110648,0.0012325748863792477,0.0008226059996174241
a1_r3_clean_cross_rx_s392005_20260909_r1,R3_REFERENCE_CLEAN_CROSS_RX,train_loss_cons_labeled,200,200,184,17,0.0,0.33365115603885137,0.09279971973316088,0.0706329345703125
a1_r3_clean_cross_rx_s392005_20260909_r1,R3_REFERENCE_CLEAN_CROSS_RX,train_loss_daot_fingerprint,200,200,0,,0.0,0.0,0.0,0.0
a1_r3_clean_cross_rx_s392005_20260909_r1,R3_REFERENCE_CLEAN_CROSS_RX,train_loss_daot_nuisance,200,200,180,21,0.0,0.46834310902668547,0.4099374075703793,0.4601309354509319
a1_r3_clean_cross_rx_s392005_20260909_r1,R3_REFERENCE_CLEAN_CROSS_RX,train_loss_daot_orbit_logit,200,200,180,21,0.0,14.87070701143763,7.976375051119306,7.448060194651286
a1_r3_clean_cross_rx_s392005_20260909_r1,R3_REFERENCE_CLEAN_CROSS_RX,train_loss_daot_orbit_proto,200,200,0,,0.0,0.0,0.0,0.0
a1_r3_clean_cross_rx_s392005_20260909_r1,R3_REFERENCE_CLEAN_CROSS_RX,train_loss_daot_orbit_relation,200,200,0,,0.0,0.0,0.0,0.0
a1_r3_clean_cross_rx_s392005_20260909_r1,R3_REFERENCE_CLEAN_CROSS_RX,train_loss_daot_orbit_z,200,200,180,21,0.0,0.33915021398045997,0.06842715765601276,0.051728463589071155
a1_r3_clean_cross_rx_s392005_20260909_r1,R3_REFERENCE_CLEAN_CROSS_RX,train_loss_daot_tangent,200,200,0,,0.0,0.0,0.0,0.0
a1_r3_clean_cross_rx_s392005_20260909_r1,R3_REFERENCE_CLEAN_CROSS_RX,train_loss_daot_total,200,200,180,21,0.0,0.8571496493107563,0.6805457977694249,0.8570786878332362
a1_r3_clean_cross_rx_s392005_20260909_r1,R3_REFERENCE_CLEAN_CROSS_RX,train_loss_daot_unlabeled,200,200,180,21,0.0,0.5573835450786728,0.43806320655382,0.5372273977006878
a1_r3_clean_cross_rx_s392005_20260909_r1,R3_REFERENCE_CLEAN_CROSS_RX,train_loss_group_ce_labeled,200,200,200,1,1.28157131451073,12.868236064910889,2.5312786810355146,1.7085033242364187
a1_r3_clean_cross_rx_s392005_20260909_r1,R3_REFERENCE_CLEAN_CROSS_RX,train_loss_sat_cls_labeled,200,200,121,80,0.0,3.6023860005577943,1.6239997062261577,2.447062449445864
a1_r3_clean_cross_rx_s392005_20260909_r1,R3_REFERENCE_CLEAN_CROSS_RX,train_loss_sat_cons_labeled,200,200,0,,0.0,0.0,0.0,0.0
a1_r3_clean_cross_rx_s392005_20260909_r1,R3_REFERENCE_CLEAN_CROSS_RX,train_os_gradient_nonfinite_bundle,200,200,0,,0.0,0.0,0.0,0.0
a1_r3_clean_cross_rx_s392005_20260909_r1,R3_REFERENCE_CLEAN_CROSS_RX,train_r3_l_s_aux_scale,200,200,200,1,1.0,1.0,1.0,1.0
a1_r3_clean_cross_rx_s392005_20260909_r1,R3_REFERENCE_CLEAN_CROSS_RX,train_r3_l_s_eta_raw,200,200,0,,0.0,0.0,0.0,0.0
a1_r3_clean_cross_rx_s392005_20260909_r1,R3_REFERENCE_CLEAN_CROSS_RX,train_r3_l_s_eta_valid,200,200,0,,0.0,0.0,0.0,0.0
a1_r3_clean_cross_rx_s392005_20260909_r1,R3_REFERENCE_CLEAN_CROSS_RX,train_r3_l_s_eta_weighted,200,200,0,,0.0,0.0,0.0,0.0
a1_r3_clean_cross_rx_s392005_20260909_r1,R3_REFERENCE_CLEAN_CROSS_RX,train_r3_l_s_loss,200,200,200,1,1.23630120195784,28.44874430132342,3.1245446067243012,1.2370046801395245
a1_r3_clean_cross_rx_s392005_20260909_r1,R3_REFERENCE_CLEAN_CROSS_RX,train_r3_l_s_pairs,200,200,200,1,128.0,128.0,128.0,128.0
a1_r3_clean_cross_rx_s392005_20260909_r1,R3_REFERENCE_CLEAN_CROSS_RX,train_r3_l_s_self_active,200,200,200,1,0.4954954954954955,1.0,0.85,1.0
a1_r3_clean_cross_rx_s392005_20260909_r1,R3_REFERENCE_CLEAN_CROSS_RX,train_r3_l_s_self_raw,200,200,200,1,1.4584287963471971,28.44874430132342,2.9646319059155006,2.899937128161525
a1_r3_clean_cross_rx_s392005_20260909_r1,R3_REFERENCE_CLEAN_CROSS_RX,train_r3_l_s_self_weighted,200,200,200,1,0.724595690901215,28.44874430132342,2.4178035533280524,0.7249842820403812
a1_r3_clean_cross_rx_s392005_20260909_r1,R3_REFERENCE_CLEAN_CROSS_RX,train_r3_l_s_shared_active,200,200,159,42,0.0,1.0,0.645,1.0
a1_r3_clean_cross_rx_s392005_20260909_r1,R3_REFERENCE_CLEAN_CROSS_RX,train_r3_l_s_shared_raw,200,200,160,41,0.0,0.844256693178469,0.13313618591583862,0.051764443332144805
a1_r3_clean_cross_rx_s392005_20260909_r1,R3_REFERENCE_CLEAN_CROSS_RX,train_r3_l_s_shared_weighted,200,200,159,42,0.0,0.16604640569772805,0.0663299343031873,0.051764443332144805
a1_r3_clean_cross_rx_s392005_20260909_r1,R3_REFERENCE_CLEAN_CROSS_RX,train_r3_l_s_swap_active,200,200,159,42,0.0,1.0,0.645,1.0
a1_r3_clean_cross_rx_s392005_20260909_r1,R3_REFERENCE_CLEAN_CROSS_RX,train_r3_l_s_swap_raw,200,200,160,41,0.0,2.1172637520609676,1.2390773562778223,1.8410238258473508
a1_r3_clean_cross_rx_s392005_20260909_r1,R3_REFERENCE_CLEAN_CROSS_RX,train_r3_l_s_swap_weighted,200,200,159,42,0.0,1.9069876450676102,0.6404111196094,0.4602559564618377
a1_r3_clean_cross_rx_s392005_20260909_r1,R3_REFERENCE_CLEAN_CROSS_RX,train_r3_u_s_aux_scale,200,200,200,1,1.0,1.0,1.0,1.0
a1_r3_clean_cross_rx_s392005_20260909_r1,R3_REFERENCE_CLEAN_CROSS_RX,train_r3_u_s_eta_raw,200,200,0,,0.0,0.0,0.0,0.0
a1_r3_clean_cross_rx_s392005_20260909_r1,R3_REFERENCE_CLEAN_CROSS_RX,train_r3_u_s_eta_valid,200,200,0,,0.0,0.0,0.0,0.0
a1_r3_clean_cross_rx_s392005_20260909_r1,R3_REFERENCE_CLEAN_CROSS_RX,train_r3_u_s_eta_weighted,200,200,0,,0.0,0.0,0.0,0.0
a1_r3_clean_cross_rx_s392005_20260909_r1,R3_REFERENCE_CLEAN_CROSS_RX,train_r3_u_s_loss,200,200,200,1,1.2351199914743234,28.448279483898265,3.128531547379386,1.237601761345391
a1_r3_clean_cross_rx_s392005_20260909_r1,R3_REFERENCE_CLEAN_CROSS_RX,train_r3_u_s_pairs,200,200,200,1,255.40540540540542,255.40540540540542,255.4054054054054,255.40540540540542
a1_r3_clean_cross_rx_s392005_20260909_r1,R3_REFERENCE_CLEAN_CROSS_RX,train_r3_u_s_self_active,200,200,200,1,0.4954954954954955,1.0,0.85,1.0
a1_r3_clean_cross_rx_s392005_20260909_r1,R3_REFERENCE_CLEAN_CROSS_RX,train_r3_u_s_self_raw,200,200,200,1,1.4558530917038788,28.448279483898265,2.9660811010191033,2.9000889288412557
a1_r3_clean_cross_rx_s392005_20260909_r1,R3_REFERENCE_CLEAN_CROSS_RX,train_r3_u_s_self_weighted,200,200,200,1,0.7235792392009014,28.448279483898265,2.4192559932239424,0.7250222322103139
a1_r3_clean_cross_rx_s392005_20260909_r1,R3_REFERENCE_CLEAN_CROSS_RX,train_r3_u_s_shared_active,200,200,159,42,0.0,1.0,0.645,1.0
a1_r3_clean_cross_rx_s392005_20260909_r1,R3_REFERENCE_CLEAN_CROSS_RX,train_r3_u_s_shared_raw,200,200,160,41,0.0,0.8418351903155044,0.1329510987655738,0.051039112731814384
a1_r3_clean_cross_rx_s392005_20260909_r1,R3_REFERENCE_CLEAN_CROSS_RX,train_r3_u_s_shared_weighted,200,200,159,42,0.0,0.1647093097368876,0.06624848454691437,0.051039112731814384
a1_r3_clean_cross_rx_s392005_20260909_r1,R3_REFERENCE_CLEAN_CROSS_RX,train_r3_u_s_swap_active,200,200,159,42,0.0,1.0,0.645,1.0
a1_r3_clean_cross_rx_s392005_20260909_r1,R3_REFERENCE_CLEAN_CROSS_RX,train_r3_u_s_swap_raw,200,200,160,41,0.0,2.1188248997336037,1.2434678756089896,1.8461616796416205
a1_r3_clean_cross_rx_s392005_20260909_r1,R3_REFERENCE_CLEAN_CROSS_RX,train_r3_u_s_swap_weighted,200,200,159,42,0.0,1.919152368296374,0.6430270699305073,0.4615404199104051
a1_r3_clean_cross_rx_s392005_20260909_r1,R3_REFERENCE_CLEAN_CROSS_RX,train_rc4_effective_weighted_coverage,200,200,180,21,0.0,0.15000000535636335,0.02583184116283486,0.0075330935724851516
a1_r3_clean_cross_rx_s392005_20260909_r1,R3_REFERENCE_CLEAN_CROSS_RX,train_rc4_hard_effective_coverage,200,200,180,21,0.0,0.1320992878361328,0.0167384837239654,0.007533093568290005
a1_r3_clean_cross_rx_s392005_20260909_r1,R3_REFERENCE_CLEAN_CROSS_RX,train_rc4_negative_effective_coverage,200,200,0,,0.0,0.0,0.0,0.0
a1_r3_clean_cross_rx_s392005_20260909_r1,R3_REFERENCE_CLEAN_CROSS_RX,train_rc4_partial_effective_coverage,200,200,20,21,0.0,0.1448403722396842,0.009093357393012575,0.0
a1_r3_clean_cross_rx_s392005_20260909_r1,R3_REFERENCE_CLEAN_CROSS_RX,train_sat_anchor_class_coverage,200,200,180,21,0.0,6.0,1.4773648648648647,1.7027027027027026
a1_r3_clean_cross_rx_s392005_20260909_r1,R3_REFERENCE_CLEAN_CROSS_RX,train_sat_anchor_receiver_coverage,200,200,180,21,0.0,5.0,1.8063963963963963,1.662162162162162
a1_r3_clean_cross_rx_s392005_20260909_r1,R3_REFERENCE_CLEAN_CROSS_RX,train_skipped_nonfinite_grad,200,200,19,1,0.0,0.009009009009009009,0.0004504504504504504,0.0
a1_r3_clean_cross_rx_s392005_20260909_r1,R3_REFERENCE_CLEAN_CROSS_RX,train_skipped_nonfinite_loss,200,200,0,,0.0,0.0,0.0,0.0
a1_r3_clean_cross_rx_s392005_20260909_r1,R3_REFERENCE_CLEAN_CROSS_RX,train_source_episode_local_component_coverage,181,181,181,20,1.0,1.0,1.0,1.0
a1_r3_clean_cross_rx_s392005_20260909_r1,R3_REFERENCE_CLEAN_CROSS_RX,train_tail_rollback_cooldown_remaining,200,200,0,,0.0,0.0,0.0,0.0
a1_r3_clean_cross_rx_s392005_20260909_r1,R3_REFERENCE_CLEAN_CROSS_RX,train_w_loss_cons_labeled,200,200,184,17,0.0,0.006213162396405195,0.004981518135414467,0.00565066638293567
a1_r3_clean_cross_rx_s392005_20260909_r1,R3_REFERENCE_CLEAN_CROSS_RX,train_w_loss_group_ce_labeled,200,200,200,1,0.20505140586714218,1.0294588624357104,0.3379584257174199,0.27336052527466603
a1_r3_clean_cross_rx_s392005_20260909_r1,R3_REFERENCE_CLEAN_CROSS_RX,train_w_loss_sat_cls_labeled,200,200,121,80,0.0,2.449622502651166,1.104319811586253,1.664002481462048
a1_r3_clean_cross_rx_s392005_20260909_r1,R3_REFERENCE_CLEAN_CROSS_RX,train_w_loss_sat_cons_labeled,200,200,0,,0.0,0.0,0.0,0.0
a1_r3_clean_cross_rx_s392005_20260909_r1,R3_REFERENCE_CLEAN_CROSS_RX,val_tx_acc,200,200,200,1,28.54074074074074,98.6037037037037,97.72001851851851,98.57407407407408
a1_r3_scratch_s392005_20260908_r1,R3_FAST_SEQUENTIAL,concat_sat_ce_weight,200,200,200,1,1.0,1.0,1.0,1.0
a1_r3_scratch_s392005_20260908_r1,R3_FAST_SEQUENTIAL,concat_sat_start_epoch,200,200,200,1,1.0,1.0,1.0,1.0
a1_r3_scratch_s392005_20260908_r1,R3_FAST_SEQUENTIAL,group_ce_top_frac,200,200,200,1,0.35,0.35,0.35,0.35
a1_r3_scratch_s392005_20260908_r1,R3_FAST_SEQUENTIAL,joint_guard_paic_cooldown_remaining,200,200,0,,0.0,0.0,0.0,0.0
a1_r3_scratch_s392005_20260908_r1,R3_FAST_SEQUENTIAL,lambda_cons,200,200,200,1,0.08,0.08,0.08,0.08
a1_r3_scratch_s392005_20260908_r1,R3_FAST_SEQUENTIAL,lambda_group_ce,200,200,200,1,0.16,0.16,0.16,0.16
a1_r3_scratch_s392005_20260908_r1,R3_FAST_SEQUENTIAL,loss_weight_group_ce,200,200,200,1,0.08,0.16,0.14577885253594247,0.16
a1_r3_scratch_s392005_20260908_r1,R3_FAST_SEQUENTIAL,lr,200,200,200,1,1.0000000000000002e-06,0.0002,8.875000000000002e-05,1.0000000000000002e-06
a1_r3_scratch_s392005_20260908_r1,R3_FAST_SEQUENTIAL,nonfinite_test_metric_count,200,200,200,1,1.0,1.0,1.0,1.0
a1_r3_scratch_s392005_20260908_r1,R3_FAST_SEQUENTIAL,nonfinite_train_metric_count,200,200,200,1,4.0,4.0,4.0,4.0
a1_r3_scratch_s392005_20260908_r1,R3_FAST_SEQUENTIAL,nonfinite_val_metric_count,200,200,200,1,1.0,1.0,1.0,1.0
a1_r3_scratch_s392005_20260908_r1,R3_FAST_SEQUENTIAL,phase2_audit_imports_balanced_tx_rx_sampler,200,200,200,1,1.0,1.0,1.0,1.0
a1_r3_scratch_s392005_20260908_r1,R3_FAST_SEQUENTIAL,stage_group_ce_scale,200,200,200,1,0.5,1.0,0.9111178283496403,1.0
a1_r3_scratch_s392005_20260908_r1,R3_FAST_SEQUENTIAL,stage_source_val_sat_floor_tx,200,200,200,1,25.451851851851853,92.72222222222223,80.70244444444444,92.63333333333334
a1_r3_scratch_s392005_20260908_r1,R3_FAST_SEQUENTIAL,stage_source_val_sat_mean_tx,200,200,200,1,25.953086419753088,93.44567901234568,81.70942592592593,93.37654320987654
a1_r3_scratch_s392005_20260908_r1,R3_FAST_SEQUENTIAL,stage_tail_rollback_cooldown_remaining,200,200,0,,0.0,0.0,0.0,0.0
a1_r3_scratch_s392005_20260908_r1,R3_FAST_SEQUENTIAL,train_concat_sat_active,200,200,200,1,1.0,1.0,1.0,1.0
a1_r3_scratch_s392005_20260908_r1,R3_FAST_SEQUENTIAL,train_concat_sat_applied,200,200,200,1,0.23423423423423423,0.8558558558558559,0.6510135135135136,0.8198198198198198
a1_r3_scratch_s392005_20260908_r1,R3_FAST_SEQUENTIAL,train_concat_sat_clean_batch_size,200,200,200,1,128.0,128.0,128.0,128.0
a1_r3_scratch_s392005_20260908_r1,R3_FAST_SEQUENTIAL,train_concat_sat_expanded,200,200,0,,0.0,0.0,0.0,0.0
a1_r3_scratch_s392005_20260908_r1,R3_FAST_SEQUENTIAL,train_concat_sat_stage_index,200,200,160,41,0.0,2.0,1.35,2.0
a1_r3_scratch_s392005_20260908_r1,R3_FAST_SEQUENTIAL,train_concat_sat_stage_start_epoch,200,200,200,1,1.0,91.0,60.5,91.0
a1_r3_scratch_s392005_20260908_r1,R3_FAST_SEQUENTIAL,train_concat_sat_total_batch_size,200,200,200,1,128.0,128.0,128.0,128.0
a1_r3_scratch_s392005_20260908_r1,R3_FAST_SEQUENTIAL,train_concat_sat_view_prob,200,200,200,1,0.29999999999999877,0.8000000000000016,0.65,0.8000000000000016
a1_r3_scratch_s392005_20260908_r1,R3_FAST_SEQUENTIAL,train_daot_batched_view_count,200,200,180,21,0.0,1.0,0.9,1.0
a1_r3_scratch_s392005_20260908_r1,R3_FAST_SEQUENTIAL,train_daot_clean_teacher_weight,180,180,180,21,0.4999965810560965,0.5000022520890107,0.4999999268120294,0.4999993050152117
a1_r3_scratch_s392005_20260908_r1,R3_FAST_SEQUENTIAL,train_daot_consensus_rate,180,180,180,21,0.5615850225225225,0.9451013513513513,0.8637784268643643,0.9386261261261262
a1_r3_scratch_s392005_20260908_r1,R3_FAST_SEQUENTIAL,train_daot_fingerprint_selectivity,180,180,0,,0.0,0.0,0.0,0.0
a1_r3_scratch_s392005_20260908_r1,R3_FAST_SEQUENTIAL,train_daot_fingerprint_sensitivity,180,180,0,,0.0,0.0,0.0,0.0
a1_r3_scratch_s392005_20260908_r1,R3_FAST_SEQUENTIAL,train_daot_grad_ratio_fingerprint,4,4,0,,0.0,0.0,0.0,0.0
a1_r3_scratch_s392005_20260908_r1,R3_FAST_SEQUENTIAL,train_daot_grad_ratio_nuisance,4,4,4,21,1.718002150196145e-09,1.6593961251820715e-08,7.028332819614723e-09,1.6593961251820715e-08
a1_r3_scratch_s392005_20260908_r1,R3_FAST_SEQUENTIAL,train_daot_grad_ratio_orbit_logit,4,4,4,21,3.6115165278321615,16.101613802044703,9.39382047052422,16.101613802044703
a1_r3_scratch_s392005_20260908_r1,R3_FAST_SEQUENTIAL,train_daot_grad_ratio_orbit_proto,4,4,0,,0.0,0.0,0.0,0.0
a1_r3_scratch_s392005_20260908_r1,R3_FAST_SEQUENTIAL,train_daot_grad_ratio_orbit_relation,4,4,0,,0.0,0.0,0.0,0.0
a1_r3_scratch_s392005_20260908_r1,R3_FAST_SEQUENTIAL,train_daot_grad_ratio_orbit_z,4,4,4,21,0.011972860473231572,0.04253188147056345,0.025377359047863566,0.029625574745792232
a1_r3_scratch_s392005_20260908_r1,R3_FAST_SEQUENTIAL,train_daot_grad_ratio_tangent,4,4,0,,0.0,0.0,0.0,0.0
a1_r3_scratch_s392005_20260908_r1,R3_FAST_SEQUENTIAL,train_daot_identity_only_used,200,200,180,21,0.0,1.0,0.9,1.0
a1_r3_scratch_s392005_20260908_r1,R3_FAST_SEQUENTIAL,train_daot_loss_scale_fingerprint,180,180,180,21,1.0,1.0,1.0,1.0
a1_r3_scratch_s392005_20260908_r1,R3_FAST_SEQUENTIAL,train_daot_loss_scale_nuisance,180,180,180,21,1.0,1.0,1.0,1.0
a1_r3_scratch_s392005_20260908_r1,R3_FAST_SEQUENTIAL,train_daot_loss_scale_orbit_logit,180,180,180,21,4.208136762720309,9.469991849082708,5.299407897386081,4.341107374612388
a1_r3_scratch_s392005_20260908_r1,R3_FAST_SEQUENTIAL,train_daot_loss_scale_orbit_proto,180,180,180,21,1.0,1.0,1.0,1.0
a1_r3_scratch_s392005_20260908_r1,R3_FAST_SEQUENTIAL,train_daot_loss_scale_orbit_relation,180,180,180,21,1.0,1.0,1.0,1.0
a1_r3_scratch_s392005_20260908_r1,R3_FAST_SEQUENTIAL,train_daot_loss_scale_orbit_z,180,180,180,21,0.049840423825708184,0.33295133842921354,0.07530511500108884,0.05036664702968961
a1_r3_scratch_s392005_20260908_r1,R3_FAST_SEQUENTIAL,train_daot_loss_scale_tangent,180,180,180,21,1.0,1.0,1.0,1.0
a1_r3_scratch_s392005_20260908_r1,R3_FAST_SEQUENTIAL,train_daot_mean_metadata_skip_enabled,200,200,200,1,1.0,1.0,1.0,1.0
a1_r3_scratch_s392005_20260908_r1,R3_FAST_SEQUENTIAL,train_daot_nuisance_sensitivity,180,180,0,,0.0,0.0,0.0,0.0
a1_r3_scratch_s392005_20260908_r1,R3_FAST_SEQUENTIAL,train_daot_nuisance_sensitivity_agc,4,4,4,21,5.91208028793335,12.248245239257812,7.897142052650452,5.91208028793335
a1_r3_scratch_s392005_20260908_r1,R3_FAST_SEQUENTIAL,train_daot_nuisance_sensitivity_doppler,4,4,4,21,5.969032287597656,12.666084289550781,8.077577710151672,5.969032287597656
a1_r3_scratch_s392005_20260908_r1,R3_FAST_SEQUENTIAL,train_daot_nuisance_sensitivity_doppler_rate,4,4,4,21,5.922185897827148,12.340639114379883,7.945297956466675,5.922185897827148
a1_r3_scratch_s392005_20260908_r1,R3_FAST_SEQUENTIAL,train_daot_nuisance_sensitivity_multipath,4,4,4,21,5.929844856262207,12.191648483276367,7.893061637878418,5.929844856262207
a1_r3_scratch_s392005_20260908_r1,R3_FAST_SEQUENTIAL,train_daot_nuisance_sensitivity_phase_noise,4,4,4,21,5.928861618041992,12.230610847473145,7.8979514837265015,5.928861618041992
a1_r3_scratch_s392005_20260908_r1,R3_FAST_SEQUENTIAL,train_daot_nuisance_sensitivity_sfo,4,4,4,21,5.920817852020264,12.21992301940918,7.897119641304016,5.920817852020264
a1_r3_scratch_s392005_20260908_r1,R3_FAST_SEQUENTIAL,train_daot_nuisance_sensitivity_snr,4,4,4,21,5.916624069213867,12.222197532653809,7.89909827709198,5.916624069213867
a1_r3_scratch_s392005_20260908_r1,R3_FAST_SEQUENTIAL,train_daot_nuisance_sensitivity_sto,4,4,4,21,5.920112609863281,12.332321166992188,7.946350455284119,5.920112609863281
a1_r3_scratch_s392005_20260908_r1,R3_FAST_SEQUENTIAL,train_daot_objective_computed,200,200,180,21,0.0,1.0,0.9,1.0
a1_r3_scratch_s392005_20260908_r1,R3_FAST_SEQUENTIAL,train_daot_orbit_dispersion,180,180,180,21,0.0035567029855457376,0.15737627486924868,0.01666347719261071,0.0037239311265062774
a1_r3_scratch_s392005_20260908_r1,R3_FAST_SEQUENTIAL,train_daot_orbit_scale,200,200,180,21,0.0,1.0,0.8025,1.0
a1_r3_scratch_s392005_20260908_r1,R3_FAST_SEQUENTIAL,train_daot_proto_input_available,200,200,0,,0.0,0.0,0.0,0.0
a1_r3_scratch_s392005_20260908_r1,R3_FAST_SEQUENTIAL,train_daot_scale_batched_enabled,200,200,200,1,1.0,1.0,1.0,1.0
a1_r3_scratch_s392005_20260908_r1,R3_FAST_SEQUENTIAL,train_daot_tangent_scale,200,200,140,61,0.0,1.0,0.5025,1.0
a1_r3_scratch_s392005_20260908_r1,R3_FAST_SEQUENTIAL,train_daot_teacher_effective_views,180,180,180,21,1.9999996960700095,2.0,1.9999999021296506,1.9999998013178508
a1_r3_scratch_s392005_20260908_r1,R3_FAST_SEQUENTIAL,train_daot_teacher_labeled_accuracy,180,180,180,21,0.8626829954954955,0.9866624436936937,0.9653284143518519,0.9811373873873874
a1_r3_scratch_s392005_20260908_r1,R3_FAST_SEQUENTIAL,train_daot_teacher_labeled_confidence,180,180,180,21,0.9054452348668296,0.9968354218714947,0.9884163387604543,0.9961636445006808
a1_r3_scratch_s392005_20260908_r1,R3_FAST_SEQUENTIAL,train_daot_teacher_view_count,200,200,180,21,0.0,2.0,1.8,2.0
a1_r3_scratch_s392005_20260908_r1,R3_FAST_SEQUENTIAL,train_daot_u_consensus_rate,180,180,180,21,0.55848420230118,0.9553011932351567,0.8816480920315385,0.953753904984878
a1_r3_scratch_s392005_20260908_r1,R3_FAST_SEQUENTIAL,train_daot_u_orbit_dispersion,180,180,180,21,0.0028091013748282653,0.17596660849747356,0.017021102783152716,0.00286140356386953
a1_r3_scratch_s392005_20260908_r1,R3_FAST_SEQUENTIAL,train_daot_u_orbit_scale,200,200,180,21,0.0,1.0,0.8025,1.0
a1_r3_scratch_s392005_20260908_r1,R3_FAST_SEQUENTIAL,train_daot_worst_bucket_elevation,4,4,4,21,0.1875,0.75,0.5546875,0.71875
a1_r3_scratch_s392005_20260908_r1,R3_FAST_SEQUENTIAL,train_daot_worst_bucket_snr,4,4,4,21,0.21875,0.71875,0.53125,0.71875
a1_r3_scratch_s392005_20260908_r1,R3_FAST_SEQUENTIAL,train_dm_accept_local_component_class_coverage,200,200,0,,0.0,0.0,0.0,0.0
a1_r3_scratch_s392005_20260908_r1,R3_FAST_SEQUENTIAL,train_loss_cons_labeled,200,200,184,17,0.0,0.3332574517877252,0.09291029096723676,0.07008966669306024
a1_r3_scratch_s392005_20260908_r1,R3_FAST_SEQUENTIAL,train_loss_daot_fingerprint,200,200,0,,0.0,0.0,0.0,0.0
a1_r3_scratch_s392005_20260908_r1,R3_FAST_SEQUENTIAL,train_loss_daot_nuisance,200,200,180,21,0.0,0.4723416805804313,0.41635101883328174,0.4616865202918783
a1_r3_scratch_s392005_20260908_r1,R3_FAST_SEQUENTIAL,train_loss_daot_orbit_logit,200,200,180,21,0.0,14.671769189405012,7.991119437588228,7.45694400168754
a1_r3_scratch_s392005_20260908_r1,R3_FAST_SEQUENTIAL,train_loss_daot_orbit_proto,200,200,0,,0.0,0.0,0.0,0.0
a1_r3_scratch_s392005_20260908_r1,R3_FAST_SEQUENTIAL,train_loss_daot_orbit_relation,200,200,0,,0.0,0.0,0.0,0.0
a1_r3_scratch_s392005_20260908_r1,R3_FAST_SEQUENTIAL,train_loss_daot_orbit_z,200,200,180,21,0.0,0.3304322824419082,0.0684380908381731,0.05158959832545873
a1_r3_scratch_s392005_20260908_r1,R3_FAST_SEQUENTIAL,train_loss_daot_tangent,200,200,0,,0.0,0.0,0.0,0.0
a1_r3_scratch_s392005_20260908_r1,R3_FAST_SEQUENTIAL,train_loss_daot_total,200,200,180,21,0.0,0.856848238824724,0.6802916586313288,0.8552877019654523
a1_r3_scratch_s392005_20260908_r1,R3_FAST_SEQUENTIAL,train_loss_daot_unlabeled,200,200,180,21,0.0,0.5571244082472346,0.43832796510044686,0.5391711816862896
a1_r3_scratch_s392005_20260908_r1,R3_FAST_SEQUENTIAL,train_loss_group_ce_labeled,200,200,200,1,1.3213954569587298,12.868115962088645,2.5334918822853214,1.675323477065241
a1_r3_scratch_s392005_20260908_r1,R3_FAST_SEQUENTIAL,train_loss_sat_cls_labeled,200,200,121,80,0.0,3.6104556477150402,1.6241261663315567,2.4613613242971466
a1_r3_scratch_s392005_20260908_r1,R3_FAST_SEQUENTIAL,train_loss_sat_cons_labeled,200,200,0,,0.0,0.0,0.0,0.0
a1_r3_scratch_s392005_20260908_r1,R3_FAST_SEQUENTIAL,train_os_gradient_nonfinite_bundle,200,200,0,,0.0,0.0,0.0,0.0
a1_r3_scratch_s392005_20260908_r1,R3_FAST_SEQUENTIAL,train_r3_l_s_aux_scale,200,200,200,1,1.0,1.0,1.0,1.0
a1_r3_scratch_s392005_20260908_r1,R3_FAST_SEQUENTIAL,train_r3_l_s_eta_raw,200,200,0,,0.0,0.0,0.0,0.0
a1_r3_scratch_s392005_20260908_r1,R3_FAST_SEQUENTIAL,train_r3_l_s_eta_valid,200,200,0,,0.0,0.0,0.0,0.0
a1_r3_scratch_s392005_20260908_r1,R3_FAST_SEQUENTIAL,train_r3_l_s_eta_weighted,200,200,0,,0.0,0.0,0.0,0.0
a1_r3_scratch_s392005_20260908_r1,R3_FAST_SEQUENTIAL,train_r3_l_s_loss,200,200,200,1,1.233825755011928,28.449068679465903,3.131650088220029,1.2346173030836087
a1_r3_scratch_s392005_20260908_r1,R3_FAST_SEQUENTIAL,train_r3_l_s_pairs,200,200,200,1,128.0,128.0,128.0,128.0
a1_r3_scratch_s392005_20260908_r1,R3_FAST_SEQUENTIAL,train_r3_l_s_self_active,200,200,200,1,0.4954954954954955,1.0,0.8499774774774775,1.0
a1_r3_scratch_s392005_20260908_r1,R3_FAST_SEQUENTIAL,train_r3_l_s_self_raw,200,200,200,1,1.4580786915512773,28.449068679465903,2.969499199830734,2.8951238372304418
a1_r3_scratch_s392005_20260908_r1,R3_FAST_SEQUENTIAL,train_r3_l_s_self_weighted,200,200,200,1,0.7234208530133909,28.449068679465903,2.422966429765697,0.7237809593076104
a1_r3_scratch_s392005_20260908_r1,R3_FAST_SEQUENTIAL,train_r3_l_s_shared_active,200,200,159,42,0.0,1.0,0.6449774774774775,1.0
a1_r3_scratch_s392005_20260908_r1,R3_FAST_SEQUENTIAL,train_r3_l_s_shared_raw,200,200,160,41,0.0,0.8624642437642759,0.13607206512552997,0.0516003474492479
a1_r3_scratch_s392005_20260908_r1,R3_FAST_SEQUENTIAL,train_r3_l_s_shared_weighted,200,200,159,42,0.0,0.16830536447935276,0.06794316600538321,0.0516003474492479
a1_r3_scratch_s392005_20260908_r1,R3_FAST_SEQUENTIAL,train_r3_l_s_swap_active,200,200,159,42,0.0,1.0,0.6449774774774775,1.0
a1_r3_scratch_s392005_20260908_r1,R3_FAST_SEQUENTIAL,train_r3_l_s_swap_raw,200,200,160,41,0.0,2.1293193714038745,1.2392307169077632,1.836943964700441
a1_r3_scratch_s392005_20260908_r1,R3_FAST_SEQUENTIAL,train_r3_l_s_swap_weighted,200,200,159,42,0.0,1.9109605770927292,0.6407404921531074,0.45923599117511027
a1_r3_scratch_s392005_20260908_r1,R3_FAST_SEQUENTIAL,train_r3_u_s_aux_scale,200,200,200,1,1.0,1.0,1.0,1.0
a1_r3_scratch_s392005_20260908_r1,R3_FAST_SEQUENTIAL,train_r3_u_s_eta_raw,200,200,0,,0.0,0.0,0.0,0.0
a1_r3_scratch_s392005_20260908_r1,R3_FAST_SEQUENTIAL,train_r3_u_s_eta_valid,200,200,0,,0.0,0.0,0.0,0.0
a1_r3_scratch_s392005_20260908_r1,R3_FAST_SEQUENTIAL,train_r3_u_s_eta_weighted,200,200,0,,0.0,0.0,0.0,0.0
a1_r3_scratch_s392005_20260908_r1,R3_FAST_SEQUENTIAL,train_r3_u_s_loss,200,200,200,1,1.2329618995254104,28.44859997001854,3.1348418930334017,1.2335214657826468
a1_r3_scratch_s392005_20260908_r1,R3_FAST_SEQUENTIAL,train_r3_u_s_pairs,200,200,200,1,255.40540540540542,255.40540540540542,255.4054054054054,255.40540540540542
a1_r3_scratch_s392005_20260908_r1,R3_FAST_SEQUENTIAL,train_r3_u_s_self_active,200,200,200,1,0.4954954954954955,1.0,0.8499774774774775,1.0
a1_r3_scratch_s392005_20260908_r1,R3_FAST_SEQUENTIAL,train_r3_u_s_self_raw,200,200,200,1,1.4573216309418549,28.44859997001854,2.9704078179866342,2.892528614482364
a1_r3_scratch_s392005_20260908_r1,R3_FAST_SEQUENTIAL,train_r3_u_s_self_weighted,200,200,200,1,0.7225615886954574,28.44859997001854,2.424062212257235,0.723132153620591
a1_r3_scratch_s392005_20260908_r1,R3_FAST_SEQUENTIAL,train_r3_u_s_shared_active,200,200,159,42,0.0,1.0,0.6449774774774775,1.0
a1_r3_scratch_s392005_20260908_r1,R3_FAST_SEQUENTIAL,train_r3_u_s_shared_raw,200,200,160,41,0.0,0.8580088972508371,0.13585488852037972,0.050795034815867744
a1_r3_scratch_s392005_20260908_r1,R3_FAST_SEQUENTIAL,train_r3_u_s_shared_weighted,200,200,159,42,0.0,0.1671100892462172,0.06783759399239594,0.050795034815867744
a1_r3_scratch_s392005_20260908_r1,R3_FAST_SEQUENTIAL,train_r3_u_s_swap_active,200,200,159,42,0.0,1.0,0.6449774774774775,1.0
a1_r3_scratch_s392005_20260908_r1,R3_FAST_SEQUENTIAL,train_r3_u_s_swap_raw,200,200,160,41,0.0,2.1310269220455273,1.2428800433525096,1.8383770971684843
a1_r3_scratch_s392005_20260908_r1,R3_FAST_SEQUENTIAL,train_r3_u_s_swap_weighted,200,200,159,42,0.0,1.9209299135852504,0.6429420864415095,0.4595942742921211
a1_r3_scratch_s392005_20260908_r1,R3_FAST_SEQUENTIAL,train_rc4_effective_weighted_coverage,200,200,180,21,0.0,0.15000000428240579,0.02995594395862091,0.0069813578156754375
a1_r3_scratch_s392005_20260908_r1,R3_FAST_SEQUENTIAL,train_rc4_hard_effective_coverage,200,200,180,21,0.0,0.14685722940542675,0.020405417182594213,0.006981357824065731
a1_r3_scratch_s392005_20260908_r1,R3_FAST_SEQUENTIAL,train_rc4_negative_effective_coverage,200,200,0,,0.0,0.0,0.0,0.0
a1_r3_scratch_s392005_20260908_r1,R3_FAST_SEQUENTIAL,train_rc4_partial_effective_coverage,200,200,20,21,0.0,0.14341622463486217,0.009550526556391102,0.0
a1_r3_scratch_s392005_20260908_r1,R3_FAST_SEQUENTIAL,train_sat_anchor_class_coverage,200,200,180,21,0.0,6.0,1.457364864864865,1.5405405405405406
a1_r3_scratch_s392005_20260908_r1,R3_FAST_SEQUENTIAL,train_sat_anchor_receiver_coverage,200,200,180,21,0.0,5.0,1.8489414414414416,1.5675675675675675
a1_r3_scratch_s392005_20260908_r1,R3_FAST_SEQUENTIAL,train_skipped_nonfinite_grad,200,200,19,1,0.0,0.009009009009009009,0.000472972972972973,0.0045045045045045045
a1_r3_scratch_s392005_20260908_r1,R3_FAST_SEQUENTIAL,train_skipped_nonfinite_loss,200,200,0,,0.0,0.0,0.0,0.0
a1_r3_scratch_s392005_20260908_r1,R3_FAST_SEQUENTIAL,train_source_episode_local_component_coverage,181,181,181,20,1.0,1.0,1.0,1.0
a1_r3_scratch_s392005_20260908_r1,R3_FAST_SEQUENTIAL,train_tail_rollback_cooldown_remaining,200,200,0,,0.0,0.0,0.0,0.0
a1_r3_scratch_s392005_20260908_r1,R3_FAST_SEQUENTIAL,train_w_loss_cons_labeled,200,200,184,17,0.0,0.006229417818086641,0.004987230043153505,0.005607158214122326
a1_r3_scratch_s392005_20260908_r1,R3_FAST_SEQUENTIAL,train_w_loss_group_ce_labeled,200,200,200,1,0.21142326884374424,1.0294492510524955,0.33838664580398736,0.2680517507146473
a1_r3_scratch_s392005_20260908_r1,R3_FAST_SEQUENTIAL,train_w_loss_sat_cls_labeled,200,200,121,80,0.0,2.4551098596908756,1.1044058043836944,1.6737257154943708
a1_r3_scratch_s392005_20260908_r1,R3_FAST_SEQUENTIAL,train_w_loss_sat_cons_labeled,200,200,0,,0.0,0.0,0.0,0.0
a1_r3_scratch_s392005_20260908_r1,R3_FAST_SEQUENTIAL,val_tx_acc,200,200,200,1,28.862962962962964,98.6,97.69507407407407,98.54814814814814
a1_r3_scratch_s392005_20260908_r1,R3_REFERENCE,concat_sat_ce_weight,200,200,200,1,1.0,1.0,1.0,1.0
a1_r3_scratch_s392005_20260908_r1,R3_REFERENCE,concat_sat_start_epoch,200,200,200,1,1.0,1.0,1.0,1.0
a1_r3_scratch_s392005_20260908_r1,R3_REFERENCE,group_ce_top_frac,200,200,200,1,0.35,0.35,0.35,0.35
a1_r3_scratch_s392005_20260908_r1,R3_REFERENCE,joint_guard_paic_cooldown_remaining,200,200,0,,0.0,0.0,0.0,0.0
a1_r3_scratch_s392005_20260908_r1,R3_REFERENCE,lambda_cons,200,200,200,1,0.08,0.08,0.08,0.08
a1_r3_scratch_s392005_20260908_r1,R3_REFERENCE,lambda_group_ce,200,200,200,1,0.16,0.16,0.16,0.16
a1_r3_scratch_s392005_20260908_r1,R3_REFERENCE,loss_weight_group_ce,200,200,200,1,0.08,0.16,0.14577885253594247,0.16
a1_r3_scratch_s392005_20260908_r1,R3_REFERENCE,lr,200,200,200,1,1.0000000000000002e-06,0.0002,8.875000000000002e-05,1.0000000000000002e-06
a1_r3_scratch_s392005_20260908_r1,R3_REFERENCE,nonfinite_test_metric_count,200,200,200,1,1.0,1.0,1.0,1.0
a1_r3_scratch_s392005_20260908_r1,R3_REFERENCE,nonfinite_train_metric_count,200,200,200,1,4.0,4.0,4.0,4.0
a1_r3_scratch_s392005_20260908_r1,R3_REFERENCE,nonfinite_val_metric_count,200,200,200,1,1.0,1.0,1.0,1.0
a1_r3_scratch_s392005_20260908_r1,R3_REFERENCE,phase2_audit_imports_balanced_tx_rx_sampler,200,200,200,1,1.0,1.0,1.0,1.0
a1_r3_scratch_s392005_20260908_r1,R3_REFERENCE,stage_group_ce_scale,200,200,200,1,0.5,1.0,0.9111178283496403,1.0
a1_r3_scratch_s392005_20260908_r1,R3_REFERENCE,stage_source_val_sat_floor_tx,200,200,200,1,25.38888888888889,92.47037037037038,80.46998148148148,92.34444444444445
a1_r3_scratch_s392005_20260908_r1,R3_REFERENCE,stage_source_val_sat_mean_tx,200,200,200,1,25.930864197530862,93.2358024691358,81.51280864197531,93.12469135802469
a1_r3_scratch_s392005_20260908_r1,R3_REFERENCE,stage_tail_rollback_cooldown_remaining,200,200,0,,0.0,0.0,0.0,0.0
a1_r3_scratch_s392005_20260908_r1,R3_REFERENCE,train_concat_sat_active,200,200,200,1,1.0,1.0,1.0,1.0
a1_r3_scratch_s392005_20260908_r1,R3_REFERENCE,train_concat_sat_applied,200,200,200,1,0.23423423423423423,0.8558558558558559,0.6510135135135136,0.8198198198198198
a1_r3_scratch_s392005_20260908_r1,R3_REFERENCE,train_concat_sat_clean_batch_size,200,200,200,1,128.0,128.0,128.0,128.0
a1_r3_scratch_s392005_20260908_r1,R3_REFERENCE,train_concat_sat_expanded,200,200,0,,0.0,0.0,0.0,0.0
a1_r3_scratch_s392005_20260908_r1,R3_REFERENCE,train_concat_sat_stage_index,200,200,160,41,0.0,2.0,1.35,2.0
a1_r3_scratch_s392005_20260908_r1,R3_REFERENCE,train_concat_sat_stage_start_epoch,200,200,200,1,1.0,91.0,60.5,91.0
a1_r3_scratch_s392005_20260908_r1,R3_REFERENCE,train_concat_sat_total_batch_size,200,200,200,1,128.0,128.0,128.0,128.0
a1_r3_scratch_s392005_20260908_r1,R3_REFERENCE,train_concat_sat_view_prob,200,200,200,1,0.29999999999999877,0.8000000000000016,0.65,0.8000000000000016
a1_r3_scratch_s392005_20260908_r1,R3_REFERENCE,train_daot_batched_view_count,200,200,180,21,0.0,1.0,0.9,1.0
a1_r3_scratch_s392005_20260908_r1,R3_REFERENCE,train_daot_clean_teacher_weight,180,180,180,21,0.4999980339864353,0.5000022933021322,0.4999999822401726,0.5000012792177029
a1_r3_scratch_s392005_20260908_r1,R3_REFERENCE,train_daot_consensus_rate,180,180,180,21,0.5561655405405406,0.9407728040540541,0.8611122841591592,0.9361275337837838
a1_r3_scratch_s392005_20260908_r1,R3_REFERENCE,train_daot_fingerprint_selectivity,180,180,0,,0.0,0.0,0.0,0.0
a1_r3_scratch_s392005_20260908_r1,R3_REFERENCE,train_daot_fingerprint_sensitivity,180,180,0,,0.0,0.0,0.0,0.0
a1_r3_scratch_s392005_20260908_r1,R3_REFERENCE,train_daot_grad_ratio_fingerprint,4,4,0,,0.0,0.0,0.0,0.0
a1_r3_scratch_s392005_20260908_r1,R3_REFERENCE,train_daot_grad_ratio_nuisance,4,4,4,21,2.970721512165552e-09,1.2332164954253031e-08,8.591450727058408e-09,9.173471515950119e-09
a1_r3_scratch_s392005_20260908_r1,R3_REFERENCE,train_daot_grad_ratio_orbit_logit,4,4,4,21,1.81835254306026,20.624187313920643,10.956902349832768,14.079431915937437
a1_r3_scratch_s392005_20260908_r1,R3_REFERENCE,train_daot_grad_ratio_orbit_proto,4,4,0,,0.0,0.0,0.0,0.0
a1_r3_scratch_s392005_20260908_r1,R3_REFERENCE,train_daot_grad_ratio_orbit_relation,4,4,0,,0.0,0.0,0.0,0.0
a1_r3_scratch_s392005_20260908_r1,R3_REFERENCE,train_daot_grad_ratio_orbit_z,4,4,4,21,0.005343852195956335,0.08473723498428168,0.030834828125017973,0.021038151988131255
a1_r3_scratch_s392005_20260908_r1,R3_REFERENCE,train_daot_grad_ratio_tangent,4,4,0,,0.0,0.0,0.0,0.0
a1_r3_scratch_s392005_20260908_r1,R3_REFERENCE,train_daot_identity_only_used,200,200,0,,0.0,0.0,0.0,0.0
a1_r3_scratch_s392005_20260908_r1,R3_REFERENCE,train_daot_loss_scale_fingerprint,180,180,180,21,1.0,1.0,1.0,1.0
a1_r3_scratch_s392005_20260908_r1,R3_REFERENCE,train_daot_loss_scale_nuisance,180,180,180,21,1.0,1.0,1.0,1.0
a1_r3_scratch_s392005_20260908_r1,R3_REFERENCE,train_daot_loss_scale_orbit_logit,180,180,180,21,4.294103524117,9.665049735488523,5.383092653895878,4.451940153001302
a1_r3_scratch_s392005_20260908_r1,R3_REFERENCE,train_daot_loss_scale_orbit_proto,180,180,180,21,1.0,1.0,1.0,1.0
a1_r3_scratch_s392005_20260908_r1,R3_REFERENCE,train_daot_loss_scale_orbit_relation,180,180,180,21,1.0,1.0,1.0,1.0
a1_r3_scratch_s392005_20260908_r1,R3_REFERENCE,train_daot_loss_scale_orbit_z,180,180,180,21,0.0493875336939239,0.3371172975199858,0.07513834091633292,0.04998660227932644
a1_r3_scratch_s392005_20260908_r1,R3_REFERENCE,train_daot_loss_scale_tangent,180,180,180,21,1.0,1.0,1.0,1.0
a1_r3_scratch_s392005_20260908_r1,R3_REFERENCE,train_daot_mean_metadata_skip_enabled,200,200,0,,0.0,0.0,0.0,0.0
a1_r3_scratch_s392005_20260908_r1,R3_REFERENCE,train_daot_nuisance_sensitivity,180,180,0,,0.0,0.0,0.0,0.0
a1_r3_scratch_s392005_20260908_r1,R3_REFERENCE,train_daot_nuisance_sensitivity_agc,4,4,4,21,5.928222179412842,12.585773468017578,7.890926241874695,5.928222179412842
a1_r3_scratch_s392005_20260908_r1,R3_REFERENCE,train_daot_nuisance_sensitivity_doppler,4,4,4,21,6.034677982330322,12.709639549255371,8.045167326927185,6.034677982330322
a1_r3_scratch_s392005_20260908_r1,R3_REFERENCE,train_daot_nuisance_sensitivity_doppler_rate,4,4,4,21,5.9206414222717285,12.624393463134766,7.934265732765198,5.9206414222717285
a1_r3_scratch_s392005_20260908_r1,R3_REFERENCE,train_daot_nuisance_sensitivity_multipath,4,4,4,21,5.951241493225098,12.534464836120605,7.887239336967468,5.951241493225098
a1_r3_scratch_s392005_20260908_r1,R3_REFERENCE,train_daot_nuisance_sensitivity_phase_noise,4,4,4,21,5.938457489013672,12.582047462463379,7.892979741096497,5.938457489013672
a1_r3_scratch_s392005_20260908_r1,R3_REFERENCE,train_daot_nuisance_sensitivity_sfo,4,4,4,21,5.930005073547363,12.56289291381836,7.890805602073669,5.930005073547363
a1_r3_scratch_s392005_20260908_r1,R3_REFERENCE,train_daot_nuisance_sensitivity_snr,4,4,4,21,5.928619384765625,12.56717300415039,7.896191239356995,5.928619384765625
a1_r3_scratch_s392005_20260908_r1,R3_REFERENCE,train_daot_nuisance_sensitivity_sto,4,4,4,21,5.942189693450928,12.568754196166992,7.899259090423584,5.942189693450928
a1_r3_scratch_s392005_20260908_r1,R3_REFERENCE,train_daot_objective_computed,200,200,180,21,0.0,1.0,0.9,1.0
a1_r3_scratch_s392005_20260908_r1,R3_REFERENCE,train_daot_orbit_dispersion,180,180,180,21,0.003581187654253062,0.15861397516821418,0.01702383383507239,0.003796175308945077
a1_r3_scratch_s392005_20260908_r1,R3_REFERENCE,train_daot_orbit_scale,200,200,180,21,0.0,1.0,0.8025,1.0
a1_r3_scratch_s392005_20260908_r1,R3_REFERENCE,train_daot_proto_input_available,200,200,0,,0.0,0.0,0.0,0.0
a1_r3_scratch_s392005_20260908_r1,R3_REFERENCE,train_daot_scale_batched_enabled,200,200,0,,0.0,0.0,0.0,0.0
a1_r3_scratch_s392005_20260908_r1,R3_REFERENCE,train_daot_tangent_scale,200,200,140,61,0.0,1.0,0.5025,1.0
a1_r3_scratch_s392005_20260908_r1,R3_REFERENCE,train_daot_teacher_effective_views,180,180,180,21,1.9999996831825189,2.0,1.9999999069684262,1.9999998577006228
a1_r3_scratch_s392005_20260908_r1,R3_REFERENCE,train_daot_teacher_labeled_accuracy,180,180,180,21,0.8641258445945946,0.9865920608108109,0.9653393628003003,0.9812781531531531
a1_r3_scratch_s392005_20260908_r1,R3_REFERENCE,train_daot_teacher_labeled_confidence,180,180,180,21,0.9047442230286898,0.9973204586956952,0.9888397978836889,0.9963775789952493
a1_r3_scratch_s392005_20260908_r1,R3_REFERENCE,train_daot_teacher_view_count,200,200,180,21,0.0,2.0,1.8,2.0
a1_r3_scratch_s392005_20260908_r1,R3_REFERENCE,train_daot_u_consensus_rate,180,180,180,21,0.5577956988467826,0.9533293373412914,0.8804110434797552,0.9523451121540757
a1_r3_scratch_s392005_20260908_r1,R3_REFERENCE,train_daot_u_orbit_dispersion,180,180,180,21,0.002837518728778672,0.17562927681583543,0.017340069403752448,0.0028876094923665128
a1_r3_scratch_s392005_20260908_r1,R3_REFERENCE,train_daot_u_orbit_scale,200,200,180,21,0.0,1.0,0.8025,1.0
a1_r3_scratch_s392005_20260908_r1,R3_REFERENCE,train_daot_worst_bucket_elevation,4,4,4,21,0.15625,0.75,0.53125,0.71875
a1_r3_scratch_s392005_20260908_r1,R3_REFERENCE,train_daot_worst_bucket_snr,4,4,4,21,0.1875,0.78125,0.5625,0.75
a1_r3_scratch_s392005_20260908_r1,R3_REFERENCE,train_dm_accept_local_component_class_coverage,200,200,0,,0.0,0.0,0.0,0.0
a1_r3_scratch_s392005_20260908_r1,R3_REFERENCE,train_loss_cons_labeled,200,200,184,17,0.0,0.3344253677505631,0.09247445252564576,0.06981267155827703
a1_r3_scratch_s392005_20260908_r1,R3_REFERENCE,train_loss_daot_fingerprint,200,200,0,,0.0,0.0,0.0,0.0
a1_r3_scratch_s392005_20260908_r1,R3_REFERENCE,train_loss_daot_nuisance,200,200,180,21,0.0,0.4934197603850751,0.4273436379962945,0.4823582350939244
a1_r3_scratch_s392005_20260908_r1,R3_REFERENCE,train_loss_daot_orbit_logit,200,200,180,21,0.0,14.900188456784498,8.114546755750974,7.652488882477219
a1_r3_scratch_s392005_20260908_r1,R3_REFERENCE,train_loss_daot_orbit_proto,200,200,0,,0.0,0.0,0.0,0.0
a1_r3_scratch_s392005_20260908_r1,R3_REFERENCE,train_loss_daot_orbit_relation,200,200,0,,0.0,0.0,0.0,0.0
a1_r3_scratch_s392005_20260908_r1,R3_REFERENCE,train_loss_daot_orbit_z,200,200,180,21,0.0,0.33631376076389,0.06834603975468256,0.05132573881597669
a1_r3_scratch_s392005_20260908_r1,R3_REFERENCE,train_loss_daot_tangent,200,200,0,,0.0,0.0,0.0,0.0
a1_r3_scratch_s392005_20260908_r1,R3_REFERENCE,train_loss_daot_total,200,200,180,21,0.0,0.8586167250130627,0.680649584428143,0.8567354885844497
a1_r3_scratch_s392005_20260908_r1,R3_REFERENCE,train_loss_daot_unlabeled,200,200,180,21,0.0,0.5598272697345631,0.4379726390676103,0.5372899295510473
a1_r3_scratch_s392005_20260908_r1,R3_REFERENCE,train_loss_group_ce_labeled,200,200,200,1,1.2981227415169145,12.867736219285845,2.543715119337881,1.6929548298520547
a1_r3_scratch_s392005_20260908_r1,R3_REFERENCE,train_loss_sat_cls_labeled,200,200,121,80,0.0,3.6650279753984094,1.6634585612511834,2.5219796429983936
a1_r3_scratch_s392005_20260908_r1,R3_REFERENCE,train_loss_sat_cons_labeled,200,200,0,,0.0,0.0,0.0,0.0
a1_r3_scratch_s392005_20260908_r1,R3_REFERENCE,train_os_gradient_nonfinite_bundle,200,200,0,,0.0,0.0,0.0,0.0
a1_r3_scratch_s392005_20260908_r1,R3_REFERENCE,train_r3_l_s_aux_scale,200,200,200,1,1.0,1.0,1.0,1.0
a1_r3_scratch_s392005_20260908_r1,R3_REFERENCE,train_r3_l_s_eta_raw,200,200,0,,0.0,0.0,0.0,0.0
a1_r3_scratch_s392005_20260908_r1,R3_REFERENCE,train_r3_l_s_eta_valid,200,200,0,,0.0,0.0,0.0,0.0
a1_r3_scratch_s392005_20260908_r1,R3_REFERENCE,train_r3_l_s_eta_weighted,200,200,0,,0.0,0.0,0.0,0.0
a1_r3_scratch_s392005_20260908_r1,R3_REFERENCE,train_r3_l_s_loss,200,200,200,1,1.2300137018298243,28.44900755839305,3.120515102685035,1.2306193575128779
a1_r3_scratch_s392005_20260908_r1,R3_REFERENCE,train_r3_l_s_pairs,200,200,200,1,128.0,128.0,128.0,128.0
a1_r3_scratch_s392005_20260908_r1,R3_REFERENCE,train_r3_l_s_self_active,200,200,200,1,0.4954954954954955,1.0,0.85,1.0
a1_r3_scratch_s392005_20260908_r1,R3_REFERENCE,train_r3_l_s_self_raw,200,200,200,1,1.4476082346460841,28.44900755839305,2.958133898415007,2.8798342910972803
a1_r3_scratch_s392005_20260908_r1,R3_REFERENCE,train_r3_l_s_self_weighted,200,200,200,1,0.7195743644559706,28.44900755839305,2.414991891997623,0.7199585727743201
a1_r3_scratch_s392005_20260908_r1,R3_REFERENCE,train_r3_l_s_shared_active,200,200,159,42,0.0,1.0,0.645,1.0
a1_r3_scratch_s392005_20260908_r1,R3_REFERENCE,train_r3_l_s_shared_raw,200,200,160,41,0.0,0.8682723920624535,0.1353208565763156,0.05286130280577921
a1_r3_scratch_s392005_20260908_r1,R3_REFERENCE,train_r3_l_s_shared_weighted,200,200,159,42,0.0,0.16733163051508568,0.06703667616855503,0.05286130280577921
a1_r3_scratch_s392005_20260908_r1,R3_REFERENCE,train_r3_l_s_swap_active,200,200,159,42,0.0,1.0,0.645,1.0
a1_r3_scratch_s392005_20260908_r1,R3_REFERENCE,train_r3_l_s_swap_raw,200,200,160,41,0.0,2.127552239744513,1.235348093410333,1.8311979308858648
a1_r3_scratch_s392005_20260908_r1,R3_REFERENCE,train_r3_l_s_swap_weighted,200,200,159,42,0.0,1.9028002963409767,0.6384865342053744,0.4577994827214662
a1_r3_scratch_s392005_20260908_r1,R3_REFERENCE,train_r3_u_s_aux_scale,200,200,200,1,1.0,1.0,1.0,1.0
a1_r3_scratch_s392005_20260908_r1,R3_REFERENCE,train_r3_u_s_eta_raw,200,200,0,,0.0,0.0,0.0,0.0
a1_r3_scratch_s392005_20260908_r1,R3_REFERENCE,train_r3_u_s_eta_valid,200,200,0,,0.0,0.0,0.0,0.0
a1_r3_scratch_s392005_20260908_r1,R3_REFERENCE,train_r3_u_s_eta_weighted,200,200,0,,0.0,0.0,0.0,0.0
a1_r3_scratch_s392005_20260908_r1,R3_REFERENCE,train_r3_u_s_loss,200,200,200,1,1.2286969858246881,28.448537336813438,3.1237709932150066,1.2307445138424367
a1_r3_scratch_s392005_20260908_r1,R3_REFERENCE,train_r3_u_s_pairs,200,200,200,1,255.40540540540542,255.40540540540542,255.4054054054054,255.40540540540542
a1_r3_scratch_s392005_20260908_r1,R3_REFERENCE,train_r3_u_s_self_active,200,200,200,1,0.4954954954954955,1.0,0.85,1.0
a1_r3_scratch_s392005_20260908_r1,R3_REFERENCE,train_r3_u_s_self_raw,200,200,200,1,1.4475878412659104,28.448537336813438,2.9591692840677126,2.879364104958268
a1_r3_scratch_s392005_20260908_r1,R3_REFERENCE,train_r3_u_s_self_weighted,200,200,200,1,0.7186028758684794,28.448537336813438,2.416046926019428,0.719841026239567
a1_r3_scratch_s392005_20260908_r1,R3_REFERENCE,train_r3_u_s_shared_active,200,200,159,42,0.0,1.0,0.645,1.0
a1_r3_scratch_s392005_20260908_r1,R3_REFERENCE,train_r3_u_s_shared_raw,200,200,160,41,0.0,0.863884259451617,0.13512180211190303,0.05206586771250308
a1_r3_scratch_s392005_20260908_r1,R3_REFERENCE,train_r3_u_s_shared_weighted,200,200,159,42,0.0,0.16599094310590812,0.0669503836143292,0.05206586771250308
a1_r3_scratch_s392005_20260908_r1,R3_REFERENCE,train_r3_u_s_swap_active,200,200,159,42,0.0,1.0,0.645,1.0
a1_r3_scratch_s392005_20260908_r1,R3_REFERENCE,train_r3_u_s_swap_raw,200,200,160,41,0.0,2.129271679096394,1.23928296211872,1.8353504382812225
a1_r3_scratch_s392005_20260908_r1,R3_REFERENCE,train_r3_u_s_swap_weighted,200,200,159,42,0.0,1.9141628624082685,0.640773682659408,0.4588376095703056
a1_r3_scratch_s392005_20260908_r1,R3_REFERENCE,train_rc4_effective_weighted_coverage,200,200,180,21,0.0,0.15000000428240579,0.028857509684916755,0.0061910243060960025
a1_r3_scratch_s392005_20260908_r1,R3_REFERENCE,train_rc4_hard_effective_coverage,200,200,180,21,0.0,0.1396754342424977,0.019711135151691296,0.006191024297705709
a1_r3_scratch_s392005_20260908_r1,R3_REFERENCE,train_rc4_negative_effective_coverage,200,200,0,,0.0,0.0,0.0,0.0
a1_r3_scratch_s392005_20260908_r1,R3_REFERENCE,train_rc4_partial_effective_coverage,200,200,20,21,0.0,0.1493113402042303,0.00914637432123224,0.0
a1_r3_scratch_s392005_20260908_r1,R3_REFERENCE,train_sat_anchor_class_coverage,200,200,180,21,0.0,6.0,1.4917792792792792,1.527027027027027
a1_r3_scratch_s392005_20260908_r1,R3_REFERENCE,train_sat_anchor_receiver_coverage,200,200,180,21,0.0,5.0,1.9041666666666666,1.5135135135135136
a1_r3_scratch_s392005_20260908_r1,R3_REFERENCE,train_skipped_nonfinite_grad,200,200,21,1,0.0,0.009009009009009009,0.0004954954954954955,0.0
a1_r3_scratch_s392005_20260908_r1,R3_REFERENCE,train_skipped_nonfinite_loss,200,200,0,,0.0,0.0,0.0,0.0
a1_r3_scratch_s392005_20260908_r1,R3_REFERENCE,train_source_episode_local_component_coverage,181,181,181,20,1.0,1.0,1.0,1.0
a1_r3_scratch_s392005_20260908_r1,R3_REFERENCE,train_tail_rollback_cooldown_remaining,200,200,0,,0.0,0.0,0.0,0.0
a1_r3_scratch_s392005_20260908_r1,R3_REFERENCE,train_w_loss_cons_labeled,200,200,184,17,0.0,0.006137607333896396,0.004949393916774441,0.0055849058134061795
a1_r3_scratch_s392005_20260908_r1,R3_REFERENCE,train_w_loss_group_ce_labeled,200,200,200,1,0.20769963361457125,1.029418871209428,0.34003142745787834,0.2708727672092012
a1_r3_scratch_s392005_20260908_r1,R3_REFERENCE,train_w_loss_sat_cls_labeled,200,200,121,80,0.0,2.492219048518654,1.1311518336373574,1.7149461730643436
a1_r3_scratch_s392005_20260908_r1,R3_REFERENCE,train_w_loss_sat_cons_labeled,200,200,0,,0.0,0.0,0.0,0.0
a1_r3_scratch_s392005_20260908_r1,R3_REFERENCE,val_tx_acc,200,200,200,1,28.09259259259259,98.5925925925926,97.67659259259258,98.5037037037037
a1_r3_scratch_s392005_20260908_r1,R3_STRUCTURE_CONTROL,concat_sat_ce_weight,200,200,200,1,1.0,1.0,1.0,1.0
a1_r3_scratch_s392005_20260908_r1,R3_STRUCTURE_CONTROL,concat_sat_start_epoch,200,200,200,1,1.0,1.0,1.0,1.0
a1_r3_scratch_s392005_20260908_r1,R3_STRUCTURE_CONTROL,group_ce_top_frac,200,200,200,1,0.35,0.35,0.35,0.35
a1_r3_scratch_s392005_20260908_r1,R3_STRUCTURE_CONTROL,joint_guard_paic_cooldown_remaining,200,200,0,,0.0,0.0,0.0,0.0
a1_r3_scratch_s392005_20260908_r1,R3_STRUCTURE_CONTROL,lambda_cons,200,200,200,1,0.08,0.08,0.08,0.08
a1_r3_scratch_s392005_20260908_r1,R3_STRUCTURE_CONTROL,lambda_group_ce,200,200,200,1,0.16,0.16,0.16,0.16
a1_r3_scratch_s392005_20260908_r1,R3_STRUCTURE_CONTROL,loss_weight_group_ce,200,200,200,1,0.08,0.16,0.14577885253594247,0.16
a1_r3_scratch_s392005_20260908_r1,R3_STRUCTURE_CONTROL,lr,200,200,200,1,1.0000000000000002e-06,0.0002,8.875000000000002e-05,1.0000000000000002e-06
a1_r3_scratch_s392005_20260908_r1,R3_STRUCTURE_CONTROL,nonfinite_test_metric_count,200,200,200,1,1.0,1.0,1.0,1.0
a1_r3_scratch_s392005_20260908_r1,R3_STRUCTURE_CONTROL,nonfinite_train_metric_count,200,200,200,1,4.0,4.0,4.0,4.0
a1_r3_scratch_s392005_20260908_r1,R3_STRUCTURE_CONTROL,nonfinite_val_metric_count,200,200,200,1,1.0,1.0,1.0,1.0
a1_r3_scratch_s392005_20260908_r1,R3_STRUCTURE_CONTROL,phase2_audit_imports_balanced_tx_rx_sampler,200,200,200,1,1.0,1.0,1.0,1.0
a1_r3_scratch_s392005_20260908_r1,R3_STRUCTURE_CONTROL,stage_group_ce_scale,200,200,200,1,0.5,1.0,0.9111178283496403,1.0
a1_r3_scratch_s392005_20260908_r1,R3_STRUCTURE_CONTROL,stage_source_val_sat_floor_tx,200,200,200,1,25.3,92.54074074074074,80.55027777777778,92.42962962962963
a1_r3_scratch_s392005_20260908_r1,R3_STRUCTURE_CONTROL,stage_source_val_sat_mean_tx,200,200,200,1,25.891358024691357,93.3469135802469,81.58827777777778,93.3037037037037
a1_r3_scratch_s392005_20260908_r1,R3_STRUCTURE_CONTROL,stage_tail_rollback_cooldown_remaining,200,200,0,,0.0,0.0,0.0,0.0
a1_r3_scratch_s392005_20260908_r1,R3_STRUCTURE_CONTROL,train_concat_sat_active,200,200,200,1,1.0,1.0,1.0,1.0
a1_r3_scratch_s392005_20260908_r1,R3_STRUCTURE_CONTROL,train_concat_sat_applied,200,200,200,1,0.23423423423423423,0.8558558558558559,0.6510135135135136,0.8198198198198198
a1_r3_scratch_s392005_20260908_r1,R3_STRUCTURE_CONTROL,train_concat_sat_clean_batch_size,200,200,200,1,128.0,128.0,128.0,128.0
a1_r3_scratch_s392005_20260908_r1,R3_STRUCTURE_CONTROL,train_concat_sat_expanded,200,200,0,,0.0,0.0,0.0,0.0
a1_r3_scratch_s392005_20260908_r1,R3_STRUCTURE_CONTROL,train_concat_sat_stage_index,200,200,160,41,0.0,2.0,1.35,2.0
a1_r3_scratch_s392005_20260908_r1,R3_STRUCTURE_CONTROL,train_concat_sat_stage_start_epoch,200,200,200,1,1.0,91.0,60.5,91.0
a1_r3_scratch_s392005_20260908_r1,R3_STRUCTURE_CONTROL,train_concat_sat_total_batch_size,200,200,200,1,128.0,128.0,128.0,128.0
a1_r3_scratch_s392005_20260908_r1,R3_STRUCTURE_CONTROL,train_concat_sat_view_prob,200,200,200,1,0.29999999999999877,0.8000000000000016,0.65,0.8000000000000016
a1_r3_scratch_s392005_20260908_r1,R3_STRUCTURE_CONTROL,train_daot_batched_view_count,200,200,180,21,0.0,1.0,0.9,1.0
a1_r3_scratch_s392005_20260908_r1,R3_STRUCTURE_CONTROL,train_daot_clean_teacher_weight,180,180,180,21,0.49999829361567627,0.5000015281073682,0.5000000160862436,0.5000007042476723
a1_r3_scratch_s392005_20260908_r1,R3_STRUCTURE_CONTROL,train_daot_consensus_rate,180,180,180,21,0.5555320945945946,0.9424268018018018,0.8628143768768769,0.9366905968468469
a1_r3_scratch_s392005_20260908_r1,R3_STRUCTURE_CONTROL,train_daot_fingerprint_selectivity,180,180,0,,0.0,0.0,0.0,0.0
a1_r3_scratch_s392005_20260908_r1,R3_STRUCTURE_CONTROL,train_daot_fingerprint_sensitivity,180,180,0,,0.0,0.0,0.0,0.0
a1_r3_scratch_s392005_20260908_r1,R3_STRUCTURE_CONTROL,train_daot_grad_ratio_fingerprint,4,4,0,,0.0,0.0,0.0,0.0
a1_r3_scratch_s392005_20260908_r1,R3_STRUCTURE_CONTROL,train_daot_grad_ratio_nuisance,4,4,4,21,1.8105450898646215e-09,4.9734729996034566e-09,3.71983347271256e-09,4.634557468237718e-09
a1_r3_scratch_s392005_20260908_r1,R3_STRUCTURE_CONTROL,train_daot_grad_ratio_orbit_logit,4,4,4,21,2.1372361021868267,9.295673444906507,6.1202791936115455,8.673813584840303
a1_r3_scratch_s392005_20260908_r1,R3_STRUCTURE_CONTROL,train_daot_grad_ratio_orbit_proto,4,4,0,,0.0,0.0,0.0,0.0
a1_r3_scratch_s392005_20260908_r1,R3_STRUCTURE_CONTROL,train_daot_grad_ratio_orbit_relation,4,4,0,,0.0,0.0,0.0,0.0
a1_r3_scratch_s392005_20260908_r1,R3_STRUCTURE_CONTROL,train_daot_grad_ratio_orbit_z,4,4,4,21,0.004139026845592407,0.04309203751333619,0.017099122312318957,0.010467131854457025
a1_r3_scratch_s392005_20260908_r1,R3_STRUCTURE_CONTROL,train_daot_grad_ratio_tangent,4,4,0,,0.0,0.0,0.0,0.0
a1_r3_scratch_s392005_20260908_r1,R3_STRUCTURE_CONTROL,train_daot_identity_only_used,200,200,0,,0.0,0.0,0.0,0.0
a1_r3_scratch_s392005_20260908_r1,R3_STRUCTURE_CONTROL,train_daot_loss_scale_fingerprint,180,180,180,21,1.0,1.0,1.0,1.0
a1_r3_scratch_s392005_20260908_r1,R3_STRUCTURE_CONTROL,train_daot_loss_scale_nuisance,180,180,180,21,1.0,1.0,1.0,1.0
a1_r3_scratch_s392005_20260908_r1,R3_STRUCTURE_CONTROL,train_daot_loss_scale_orbit_logit,180,180,180,21,4.299052919160984,9.505015329726696,5.362190655317009,4.397085503220043
a1_r3_scratch_s392005_20260908_r1,R3_STRUCTURE_CONTROL,train_daot_loss_scale_orbit_proto,180,180,180,21,1.0,1.0,1.0,1.0
a1_r3_scratch_s392005_20260908_r1,R3_STRUCTURE_CONTROL,train_daot_loss_scale_orbit_relation,180,180,180,21,1.0,1.0,1.0,1.0
a1_r3_scratch_s392005_20260908_r1,R3_STRUCTURE_CONTROL,train_daot_loss_scale_orbit_z,180,180,180,21,0.04936140341134926,0.3449753724805099,0.07763329558619995,0.04971435949290592
a1_r3_scratch_s392005_20260908_r1,R3_STRUCTURE_CONTROL,train_daot_loss_scale_tangent,180,180,180,21,1.0,1.0,1.0,1.0
a1_r3_scratch_s392005_20260908_r1,R3_STRUCTURE_CONTROL,train_daot_mean_metadata_skip_enabled,200,200,0,,0.0,0.0,0.0,0.0
a1_r3_scratch_s392005_20260908_r1,R3_STRUCTURE_CONTROL,train_daot_nuisance_sensitivity,180,180,0,,0.0,0.0,0.0,0.0
a1_r3_scratch_s392005_20260908_r1,R3_STRUCTURE_CONTROL,train_daot_nuisance_sensitivity_agc,4,4,4,21,5.890561103820801,12.962724685668945,7.888001441955566,5.890561103820801
a1_r3_scratch_s392005_20260908_r1,R3_STRUCTURE_CONTROL,train_daot_nuisance_sensitivity_doppler,4,4,4,21,5.948076248168945,13.383036613464355,8.100773811340332,5.948076248168945
a1_r3_scratch_s392005_20260908_r1,R3_STRUCTURE_CONTROL,train_daot_nuisance_sensitivity_doppler_rate,4,4,4,21,5.867534637451172,13.110003471374512,7.936414480209351,5.867534637451172
a1_r3_scratch_s392005_20260908_r1,R3_STRUCTURE_CONTROL,train_daot_nuisance_sensitivity_multipath,4,4,4,21,5.90142297744751,12.878719329833984,7.87599790096283,5.90142297744751
a1_r3_scratch_s392005_20260908_r1,R3_STRUCTURE_CONTROL,train_daot_nuisance_sensitivity_phase_noise,4,4,4,21,5.8996710777282715,12.916926383972168,7.882941126823425,5.8996710777282715
a1_r3_scratch_s392005_20260908_r1,R3_STRUCTURE_CONTROL,train_daot_nuisance_sensitivity_sfo,4,4,4,21,5.8857622146606445,12.912291526794434,7.880465745925903,5.8857622146606445
a1_r3_scratch_s392005_20260908_r1,R3_STRUCTURE_CONTROL,train_daot_nuisance_sensitivity_snr,4,4,4,21,5.893928050994873,12.906078338623047,7.883259296417236,5.893928050994873
a1_r3_scratch_s392005_20260908_r1,R3_STRUCTURE_CONTROL,train_daot_nuisance_sensitivity_sto,4,4,4,21,5.881706237792969,12.924311637878418,7.896673917770386,5.881706237792969
a1_r3_scratch_s392005_20260908_r1,R3_STRUCTURE_CONTROL,train_daot_objective_computed,200,200,180,21,0.0,1.0,0.9,1.0
a1_r3_scratch_s392005_20260908_r1,R3_STRUCTURE_CONTROL,train_daot_orbit_dispersion,180,180,180,21,0.003571490777094286,0.1616115800298012,0.016941772406419472,0.003702174743159196
a1_r3_scratch_s392005_20260908_r1,R3_STRUCTURE_CONTROL,train_daot_orbit_scale,200,200,180,21,0.0,1.0,0.8025,1.0
a1_r3_scratch_s392005_20260908_r1,R3_STRUCTURE_CONTROL,train_daot_proto_input_available,200,200,0,,0.0,0.0,0.0,0.0
a1_r3_scratch_s392005_20260908_r1,R3_STRUCTURE_CONTROL,train_daot_scale_batched_enabled,200,200,0,,0.0,0.0,0.0,0.0
a1_r3_scratch_s392005_20260908_r1,R3_STRUCTURE_CONTROL,train_daot_tangent_scale,200,200,140,61,0.0,1.0,0.5025,1.0
a1_r3_scratch_s392005_20260908_r1,R3_STRUCTURE_CONTROL,train_daot_teacher_effective_views,180,180,180,21,1.999999763729336,1.9999999989260424,1.99999994879609,1.999999928581822
a1_r3_scratch_s392005_20260908_r1,R3_STRUCTURE_CONTROL,train_daot_teacher_labeled_accuracy,180,180,180,21,0.8637387387387387,0.9865568693693694,0.9653409268643643,0.9809262387387387
a1_r3_scratch_s392005_20260908_r1,R3_STRUCTURE_CONTROL,train_daot_teacher_labeled_confidence,180,180,180,21,0.9063781427370535,0.9972165710217243,0.9887604119190881,0.9961394235357508
a1_r3_scratch_s392005_20260908_r1,R3_STRUCTURE_CONTROL,train_daot_teacher_view_count,200,200,180,21,0.0,2.0,1.8,2.0
a1_r3_scratch_s392005_20260908_r1,R3_STRUCTURE_CONTROL,train_daot_u_consensus_rate,180,180,180,21,0.5526214217817461,0.9542068527625488,0.8818317749448964,0.9533679343021668
a1_r3_scratch_s392005_20260908_r1,R3_STRUCTURE_CONTROL,train_daot_u_orbit_dispersion,180,180,180,21,0.0028673455109693917,0.17826553810018678,0.01725106817159524,0.0029329232402724795
a1_r3_scratch_s392005_20260908_r1,R3_STRUCTURE_CONTROL,train_daot_u_orbit_scale,200,200,180,21,0.0,1.0,0.8025,1.0
a1_r3_scratch_s392005_20260908_r1,R3_STRUCTURE_CONTROL,train_daot_worst_bucket_elevation,4,4,4,21,0.1875,0.75,0.546875,0.71875
a1_r3_scratch_s392005_20260908_r1,R3_STRUCTURE_CONTROL,train_daot_worst_bucket_snr,4,4,4,21,0.1875,0.6875,0.5,0.6875
a1_r3_scratch_s392005_20260908_r1,R3_STRUCTURE_CONTROL,train_dm_accept_local_component_class_coverage,200,200,0,,0.0,0.0,0.0,0.0
a1_r3_scratch_s392005_20260908_r1,R3_STRUCTURE_CONTROL,train_loss_cons_labeled,200,200,184,17,0.0,0.34087309966216217,0.09580672255507461,0.0694459107545045
a1_r3_scratch_s392005_20260908_r1,R3_STRUCTURE_CONTROL,train_loss_daot_fingerprint,200,200,0,,0.0,0.0,0.0,0.0
a1_r3_scratch_s392005_20260908_r1,R3_STRUCTURE_CONTROL,train_loss_daot_nuisance,200,200,180,21,0.0,0.48011277105894173,0.4176678802093139,0.4610878418426256
a1_r3_scratch_s392005_20260908_r1,R3_STRUCTURE_CONTROL,train_loss_daot_orbit_logit,200,200,180,21,0.0,14.744295534786877,8.06458697211635,7.563966544898781
a1_r3_scratch_s392005_20260908_r1,R3_STRUCTURE_CONTROL,train_loss_daot_orbit_proto,200,200,0,,0.0,0.0,0.0,0.0
a1_r3_scratch_s392005_20260908_r1,R3_STRUCTURE_CONTROL,train_loss_daot_orbit_relation,200,200,0,,0.0,0.0,0.0,0.0
a1_r3_scratch_s392005_20260908_r1,R3_STRUCTURE_CONTROL,train_loss_daot_orbit_z,200,200,180,21,0.0,0.34499404639811126,0.07028405565273453,0.05043214181991848
a1_r3_scratch_s392005_20260908_r1,R3_STRUCTURE_CONTROL,train_loss_daot_tangent,200,200,0,,0.0,0.0,0.0,0.0
a1_r3_scratch_s392005_20260908_r1,R3_STRUCTURE_CONTROL,train_loss_daot_total,200,200,180,21,0.0,0.8519600721092911,0.6765297414229025,0.850767660248387
a1_r3_scratch_s392005_20260908_r1,R3_STRUCTURE_CONTROL,train_loss_daot_unlabeled,200,200,180,21,0.0,0.5635405397629952,0.4421209663596122,0.5436917037308753
a1_r3_scratch_s392005_20260908_r1,R3_STRUCTURE_CONTROL,train_loss_group_ce_labeled,200,200,200,1,1.3030731194056906,12.86682045567143,2.54686300901243,1.7128005833239168
a1_r3_scratch_s392005_20260908_r1,R3_STRUCTURE_CONTROL,train_loss_sat_cls_labeled,200,200,121,80,0.0,3.613930109653387,1.6478581372418584,2.517524968715267
a1_r3_scratch_s392005_20260908_r1,R3_STRUCTURE_CONTROL,train_loss_sat_cons_labeled,200,200,0,,0.0,0.0,0.0,0.0
a1_r3_scratch_s392005_20260908_r1,R3_STRUCTURE_CONTROL,train_os_gradient_nonfinite_bundle,200,200,0,,0.0,0.0,0.0,0.0
a1_r3_scratch_s392005_20260908_r1,R3_STRUCTURE_CONTROL,train_r3_l_s_aux_scale,200,200,0,,0.0,0.0,0.0,0.0
a1_r3_scratch_s392005_20260908_r1,R3_STRUCTURE_CONTROL,train_r3_l_s_eta_raw,200,200,0,,0.0,0.0,0.0,0.0
a1_r3_scratch_s392005_20260908_r1,R3_STRUCTURE_CONTROL,train_r3_l_s_eta_valid,200,200,0,,0.0,0.0,0.0,0.0
a1_r3_scratch_s392005_20260908_r1,R3_STRUCTURE_CONTROL,train_r3_l_s_eta_weighted,200,200,0,,0.0,0.0,0.0,0.0
a1_r3_scratch_s392005_20260908_r1,R3_STRUCTURE_CONTROL,train_r3_l_s_loss,200,200,0,,0.0,0.0,0.0,0.0
a1_r3_scratch_s392005_20260908_r1,R3_STRUCTURE_CONTROL,train_r3_l_s_pairs,200,200,200,1,128.0,128.0,128.0,128.0
a1_r3_scratch_s392005_20260908_r1,R3_STRUCTURE_CONTROL,train_r3_l_s_self_active,200,200,0,,0.0,0.0,0.0,0.0
a1_r3_scratch_s392005_20260908_r1,R3_STRUCTURE_CONTROL,train_r3_l_s_self_raw,200,200,200,1,17.559667088963963,35.70643287521225,30.077866582698647,35.43151707692189
a1_r3_scratch_s392005_20260908_r1,R3_STRUCTURE_CONTROL,train_r3_l_s_self_weighted,200,200,0,,0.0,0.0,0.0,0.0
a1_r3_scratch_s392005_20260908_r1,R3_STRUCTURE_CONTROL,train_r3_l_s_shared_active,200,200,0,,0.0,0.0,0.0,0.0
a1_r3_scratch_s392005_20260908_r1,R3_STRUCTURE_CONTROL,train_r3_l_s_shared_raw,200,200,160,41,0.0,0.008880625512484495,0.004485691572940145,0.006593792556642412
a1_r3_scratch_s392005_20260908_r1,R3_STRUCTURE_CONTROL,train_r3_l_s_shared_weighted,200,200,0,,0.0,0.0,0.0,0.0
a1_r3_scratch_s392005_20260908_r1,R3_STRUCTURE_CONTROL,train_r3_l_s_swap_active,200,200,0,,0.0,0.0,0.0,0.0
a1_r3_scratch_s392005_20260908_r1,R3_STRUCTURE_CONTROL,train_r3_l_s_swap_raw,200,200,160,41,0.0,2.484586202346527,1.6134162731428403,2.481573757824597
a1_r3_scratch_s392005_20260908_r1,R3_STRUCTURE_CONTROL,train_r3_l_s_swap_weighted,200,200,0,,0.0,0.0,0.0,0.0
a1_r3_scratch_s392005_20260908_r1,R3_STRUCTURE_CONTROL,train_r3_u_s_aux_scale,200,200,0,,0.0,0.0,0.0,0.0
a1_r3_scratch_s392005_20260908_r1,R3_STRUCTURE_CONTROL,train_r3_u_s_eta_raw,200,200,0,,0.0,0.0,0.0,0.0
a1_r3_scratch_s392005_20260908_r1,R3_STRUCTURE_CONTROL,train_r3_u_s_eta_valid,200,200,0,,0.0,0.0,0.0,0.0
a1_r3_scratch_s392005_20260908_r1,R3_STRUCTURE_CONTROL,train_r3_u_s_eta_weighted,200,200,0,,0.0,0.0,0.0,0.0
a1_r3_scratch_s392005_20260908_r1,R3_STRUCTURE_CONTROL,train_r3_u_s_loss,200,200,0,,0.0,0.0,0.0,0.0
a1_r3_scratch_s392005_20260908_r1,R3_STRUCTURE_CONTROL,train_r3_u_s_pairs,200,200,200,1,255.40540540540542,255.40540540540542,255.4054054054054,255.40540540540542
a1_r3_scratch_s392005_20260908_r1,R3_STRUCTURE_CONTROL,train_r3_u_s_self_active,200,200,0,,0.0,0.0,0.0,0.0
a1_r3_scratch_s392005_20260908_r1,R3_STRUCTURE_CONTROL,train_r3_u_s_self_raw,200,200,200,1,17.556712794948268,35.70443911165805,30.07738698667234,35.43011429932741
a1_r3_scratch_s392005_20260908_r1,R3_STRUCTURE_CONTROL,train_r3_u_s_self_weighted,200,200,0,,0.0,0.0,0.0,0.0
a1_r3_scratch_s392005_20260908_r1,R3_STRUCTURE_CONTROL,train_r3_u_s_shared_active,200,200,0,,0.0,0.0,0.0,0.0
a1_r3_scratch_s392005_20260908_r1,R3_STRUCTURE_CONTROL,train_r3_u_s_shared_raw,200,200,160,41,0.0,0.008835153079482619,0.004468300133746386,0.006545695872675325
a1_r3_scratch_s392005_20260908_r1,R3_STRUCTURE_CONTROL,train_r3_u_s_shared_weighted,200,200,0,,0.0,0.0,0.0,0.0
a1_r3_scratch_s392005_20260908_r1,R3_STRUCTURE_CONTROL,train_r3_u_s_swap_active,200,200,0,,0.0,0.0,0.0,0.0
a1_r3_scratch_s392005_20260908_r1,R3_STRUCTURE_CONTROL,train_r3_u_s_swap_raw,200,200,160,41,0.0,2.484721011943645,1.6134403709839058,2.480916588156073
a1_r3_scratch_s392005_20260908_r1,R3_STRUCTURE_CONTROL,train_r3_u_s_swap_weighted,200,200,0,,0.0,0.0,0.0,0.0
a1_r3_scratch_s392005_20260908_r1,R3_STRUCTURE_CONTROL,train_rc4_effective_weighted_coverage,200,200,180,21,0.0,0.15000000428240579,0.03755166821841461,0.004942822631926754
a1_r3_scratch_s392005_20260908_r1,R3_STRUCTURE_CONTROL,train_rc4_hard_effective_coverage,200,200,180,21,0.0,0.14991767677637907,0.026296870477762656,0.004942822631926754
a1_r3_scratch_s392005_20260908_r1,R3_STRUCTURE_CONTROL,train_rc4_negative_effective_coverage,200,200,0,,0.0,0.0,0.0,0.0
a1_r3_scratch_s392005_20260908_r1,R3_STRUCTURE_CONTROL,train_rc4_partial_effective_coverage,200,200,20,21,0.0,0.14920199789979435,0.011254797511574653,0.0
a1_r3_scratch_s392005_20260908_r1,R3_STRUCTURE_CONTROL,train_sat_anchor_class_coverage,200,200,180,21,0.0,6.0,1.457972972972973,1.2252252252252251
a1_r3_scratch_s392005_20260908_r1,R3_STRUCTURE_CONTROL,train_sat_anchor_receiver_coverage,200,200,180,21,0.0,5.0,1.982252252252252,1.1981981981981982
a1_r3_scratch_s392005_20260908_r1,R3_STRUCTURE_CONTROL,train_skipped_nonfinite_grad,200,200,20,1,0.0,0.009009009009009009,0.000472972972972973,0.0
a1_r3_scratch_s392005_20260908_r1,R3_STRUCTURE_CONTROL,train_skipped_nonfinite_loss,200,200,0,,0.0,0.0,0.0,0.0
a1_r3_scratch_s392005_20260908_r1,R3_STRUCTURE_CONTROL,train_source_episode_local_component_coverage,181,181,181,20,1.0,1.0,1.0,1.0
a1_r3_scratch_s392005_20260908_r1,R3_STRUCTURE_CONTROL,train_tail_rollback_cooldown_remaining,200,200,0,,0.0,0.0,0.0,0.0
a1_r3_scratch_s392005_20260908_r1,R3_STRUCTURE_CONTROL,train_w_loss_cons_labeled,200,200,184,17,0.0,0.0064330745387721705,0.005094752354664845,0.0055556426177153714
a1_r3_scratch_s392005_20260908_r1,R3_STRUCTURE_CONTROL,train_w_loss_group_ce_labeled,200,200,200,1,0.20849169417376723,1.0293456125366796,0.3397615182891001,0.2740480864068141
a1_r3_scratch_s392005_20260908_r1,R3_STRUCTURE_CONTROL,train_w_loss_sat_cls_labeled,200,200,121,80,0.0,2.4574725008863316,1.120543544950123,1.7119169940181949
a1_r3_scratch_s392005_20260908_r1,R3_STRUCTURE_CONTROL,train_w_loss_sat_cons_labeled,200,200,0,,0.0,0.0,0.0,0.0
a1_r3_scratch_s392005_20260908_r1,R3_STRUCTURE_CONTROL,val_tx_acc,200,200,200,1,28.396296296296295,98.58518518518518,97.67368518518519,98.54814814814814
